33.63861638723654,130.19979221773667
33.63856644068875,130.19999999980018
33.63849000011345,130.20031805403505
33.6383077749839,130.2006927763506
33.63808555880155,130.2008799999121
33.63795916178594,130.2011486121188
33.63790777542357,130.20138916997428
33.63798722513036,130.20169111465327
33.63796389221989,130.20183111481413
33.63780055914856,130.20197082989
33.63752444120007,130.20200999986162
33.63739833286684,130.20209389132015
33.63722527902348,130.20246888523093
33.63696333259179,130.20277639401547
33.63669222476642,130.2029330613118
33.63652382941126,130.2029586119504
33.636397495348206,130.20297778189922
33.63613555880903,130.2029330613118
33.63592499963909,130.20297778189922
33.635726666752305,130.20334972800765
33.63549277467189,130.20368555104744
33.63524499975699,130.20398194601012
33.63508333312939,130.20402555143812
33.635015829117265,130.20404360622751
33.63441944100447,130.2040630612613
33.6336705593489,130.20408138764594
33.63360805376874,130.20408277619924
33.63333333336669,130.20404328067298
33.63329499976447,130.20403778221794
33.63275944089554,130.20385610927212
33.63236666738783,130.2037833334341
33.631992494558006,130.20380583716974
33.63172361255471,130.20390360606666
33.63166277521697,130.2042391701017
33.631625278883575,130.20471444921247
33.63153166665313,130.20494389144744
33.6313633333512,130.20510610935958
33.63095444129448,130.20523194609746
33.63068777522068,130.2052877823054
33.63049138666821,130.2053325028927
33.62998861258444,130.2052683272716
33.62973610813492,130.20528499440707
33.629619162094684,130.20541360555353
33.62959582918421,130.20575499359813
33.629455559226756,130.2058780541289
33.62929416239575,130.205931115029
33.62912110765302,130.20597027241024
33.628906107630826,130.20604861235358
33.62888249503118,130.206171660294
33.628840829440776,130.20655221831032
33.62870527912537,130.2067030606978
33.62854138667569,130.20673666656398
33.62825582944305,130.20658333305448
33.62815110788739,130.20652693926695
33.62790305418264,130.20637583697533
33.627688054160444,130.20635916983986
33.6273536133786,130.20621639437115
33.62700277525795,130.20592000030786
33.626443891572364,130.20553666698368
33.62643249536342,130.20553138796322
33.6262194405748,130.20543610928905
33.62599500036902,130.2054472240103
33.62546444083131,130.20556749664274
33.62512777512677,130.20566832683187
33.625000000349814,130.20568795093823
33.62480027890979,130.2057186124241
33.62423194604753,130.20576055770368
33.62405444056003,130.2057830614392
33.6238672250924,130.20571583711626
33.6236474946362,130.20559832720107
33.6234205588118,130.2052877823054
33.6232149998724,130.20512555090352
33.62293889181643,130.20500805357892
33.62270972117676,130.20496888540583
33.62228222484487,130.20506138787277
33.621269440732135,130.20532693878727
33.621162108444594,130.20540505839676
33.6209236127346,130.20557861226325
33.62042082875831,130.2057886120549
33.61992055928641,130.2059394418518
33.619516108081996,130.20599277614576
33.619235559173774,130.20600944238197
33.618828613249946,130.20580250298315
33.61858999972878,130.20561221812943
33.618447494956,130.20560944192232
33.61828361329816,130.20574389056821
33.618096666727865,130.20586693940777
33.61792194644073,130.20583138830796
33.61790499961609,130.20582778202663
33.617593891744775,130.20569610868858
33.61735055858145,130.20566832683187
33.61702361274956,130.20575221829029
33.61679916175194,130.20586972820547
33.61666666733288,130.20599321681357
33.61660722484362,130.20604861235358
33.61634777492992,130.20618555122223
33.616071945663805,130.20617444909158
33.61581000013143,130.20613527911985
33.61521833256006,130.20592555092355
33.6150827750501,130.20597583741505
33.61489361344957,130.20607138768446
33.61483944098745,130.20609888535535
33.61473194592264,130.20611027167172
33.61475055919101,130.20534944162353
33.61473194592264,130.20512555090352
33.614728333345965,130.20512138794174
33.61459166697193,130.2049577823758
33.614432495063625,130.2049130608891
33.61430166708834,130.20505861166566
33.61408666706609,130.2054388845969
33.6135769457195,130.2061269388072
33.612847494816094,130.20689888537527
33.61259500025909,130.20736888456645
33.612408053688796,130.2074919459966
33.61217416160832,130.20746944226096
33.611799999570394,130.20729055811285
33.611789919069565,130.20728902656742
33.6112855585817,130.2072122181694
33.61092416242019,130.20700944173245
33.61081972055371,130.20695083021667
33.61054861272834,130.20667444876688
33.610086945755995,130.20630639402498
33.609861386793625,130.20606111472875
33.609666386794345,130.205944449277
33.609543332558815,130.20595666656698
33.60898194606,130.2064261090777
33.60884333265375,130.20655499361817
33.60884333265375,130.206873891417
33.60877166657917,130.20719306081116
33.60872027931748,130.2074566673914
33.60852805372673,130.2076988853953
33.60833333341668,130.20783033660086
33.608328054396225,130.20783389072153
33.608205000160694,130.2080363937646
33.60811249499568,130.2083061094395
33.60808166713531,130.20833333281712
33.608015000392015,130.20839221772678
33.607827775031865,130.20840749720833
33.60759694604229,130.20845666674188
33.607428054261334,130.20862221844072
33.60738694625064,130.20888610920667
33.60717666676982,130.2091130612189
33.60707416204298,130.20930333258275
33.606891945906625,130.20955165968144
33.60663055885328,130.20963749727275
33.60647666686475,130.2097541627245
33.6063124947259,130.2099627757616
33.60620972110178,130.2100608297436
33.60605333259525,130.21011916966404
33.60587389176675,130.21007610922516
33.60558138727123,130.21002722387732
33.6054583330357,130.21002111478265
33.6052791620038,130.21011306056937
33.605109801676065,130.21026452708634
33.60485082930239,130.21049610880846
33.604686667056114,130.21058832708968
33.604594440680955,130.21059444877483
33.604450828842744,130.21048389061912
33.6041916667121,130.210321387622
33.6041372253527,130.21031666708063
33.60380444112212,130.21028749667073
33.60353777504832,130.21031832722906
33.603176108190894,130.21033360581134
33.60283249522354,130.21037055805482
33.60262166715626,130.21044389057317
33.60231222482935,130.21055138833594
33.60214805358987,130.2105269393668
33.60175055864141,130.21041333340872
33.60149916215664,130.21027221808845
33.60114777544953,130.21000527862077
33.60058110813168,130.20978138790076
33.60028610801754,130.20952722420213
33.60013722525281,130.2091591703595
33.600000000399746,130.20902641963357
33.59994999989266,130.20897805409402
33.59924153197119,130.20833333281712
33.5991780542239,130.20827555137566
33.598765278894575,130.20795360577438
33.59836764005462,130.20790255485906
33.59833472127042,130.20789832714615
33.5980961077492,130.20760693870932
33.59780889216671,130.2073983265716
33.59752610844322,130.20736861207183
33.59689861278082,130.20730306138728
33.5966061082853,130.20742583683295
33.596488054280314,130.20766499444403
33.59648305404977,130.2079902720335
33.59648889244846,130.20812416309968
33.59649822471334,130.20833333281712
33.596509720747065,130.2085916603769
33.59652833311611,130.2090147212524
33.596539440642744,130.20926610874403
33.59654749497099,130.2097230605708
33.59642416194555,130.21000527862077
33.59615749497249,130.2102138907585
33.59588582866809,130.21031832722906
33.595488332820366,130.21027832718312
33.59509833282186,130.21007583673054
33.59473166663315,130.20984583691586
33.59442389164934,130.2097966673823
33.594070000330305,130.20983360613604
33.5935394407926,130.20999610913316
33.59333416244169,130.21001472060289
33.593180279446415,130.21029693865285
33.592944441233044,130.21052389066506
33.59259805385716,130.210582217995
33.592316108301816,130.21071083004085
33.59211082905159,130.21106055839812
33.59184694637952,130.21148082957666
33.59168805416044,130.21164666725997
33.59166666738287,130.21165538258992
33.59147777467962,130.21173250305264
33.59107749543011,130.2118241628549
33.590821107707995,130.21185472091872
33.59058249508615,130.21191306083915
33.590459440850566,130.2119316597184
33.59029666715753,130.21187666707453
33.59009527927378,130.211808885172
33.5897436128775,130.21179666698265
33.58930305389288,130.2117811150065
33.58898499965807,130.21178749659578
33.58878500032756,130.21185472091872
33.588618332570036,130.21191306083915
33.58844389197208,130.21212778207155
33.588310559384865,130.21242861159124
33.588192494587986,130.2125266673719
33.58782082906805,130.2127688853758
33.58759000007848,130.21302666704707
33.58724138688058,130.21321083021576
33.58662000031279,130.21395693926138
33.58653277506755,130.2139769392844
33.58641972129317,130.21412082991242
33.586350279242026,130.2143558371522
33.58626638688429,130.21462583701282
33.58616055916252,130.21491333318386
33.5859655591633,130.2153208303921
33.58578694571105,130.215551660281
33.585382495405895,130.21588250287527
33.585267494599236,130.21597639389552
33.584919161989774,130.2161266670122
33.58452889219467,130.21622693872234
33.584268613106076,130.21624778230932
33.58400916229306,130.21626832732147
33.583564161556865,130.21633389059662
33.58348610759782,130.21636306100652
33.58338916158061,130.21639916968604
33.58333333256729,130.21648496770717
33.58321513467075,130.21666666673332
33.58319777505733,130.2166933334306
33.583066386804376,130.21698499436206
33.58285527904792,130.2175249940833
33.58264916162955,130.21764916977338
33.58240472140085,130.21774499433604
33.58174638708613,130.2180611150285
33.58160416200252,130.21817000044518
33.58145610841274,130.21840333314742
33.58145472075881,130.21840527928032
33.58126833266749,130.2187163943462
33.58110638725003,130.21898693919593
33.58098610832229,130.21908693931084
33.58088389227788,130.2191566673464
33.58055610827785,130.21918722361158
33.580501387229276,130.21938111474674
33.580469999990555,130.21949250297666
33.58044666708008,130.21957499419068
33.58030833336295,130.22004639362626
33.58024416223833,130.2202652787197
33.58004166728915,130.22088138806566
33.57998166722024,130.2210636060007
33.579930558748345,130.22121944232345
33.579622495082106,130.22207138808415
33.579516107982045,130.22238972830337
33.57943638667996,130.2226286116212
33.579461946311824,130.22272027232282
33.57970249517405,130.2228944494194
33.58015472106359,130.22313832667248
33.5802988922801,130.22328888487425
33.580281108186625,130.2234205582123
33.58026249491826,130.22355666700662
33.5802566673114,130.22360083001433
33.580249441258786,130.2236527757551
33.58023333260229,130.22377250339832
33.58039361337461,130.22403389135104
33.58041749487154,130.2240822182199
33.58055610827785,130.22436277612132
33.580734720830776,130.224709442287
33.58081861318851,130.22487221777874
33.58085980213821,130.22499999975025
33.580891666916955,130.22509888470586
33.58096444095622,130.22533832740191
33.58106833333699,130.2257674973722
33.58112916168153,130.22592639408788
33.581166945797975,130.2260247205645
33.58133110804425,130.22639055757827
33.58139305424612,130.22669972830988
33.581106666939206,130.22684555068167
33.58098277543479,130.22693722397378
33.58077499966657,130.22707666655504
33.58069861305063,130.2271811147167
33.5807219459611,130.22727722436446
33.580754999643545,130.2274141632331
33.58108749519181,130.22845277587498
33.581344161703726,130.22925472112854
33.58126749539866,130.22937666739938
33.5807241618906,130.22965555076314
33.580282774630405,130.22990832680784
33.58031110777148,130.22999749728672
33.58034472083227,130.2301027764221
33.58053999962135,130.23071639374666
33.580607775228714,130.23092194639082
33.580908333153104,130.23183583655464
33.58094972085297,130.23199666681273
33.58098082930189,130.23211805370522
33.581091386558285,130.2325474970694
33.581121666731576,130.2326658370588
33.58122861320999,130.23320000017998
33.58125533296732,130.2333333327672
33.58131666673086,130.2336394422066
33.58149499959461,130.23437166032397
33.581531946442226,130.23452389126464
33.581495279283786,130.2346719457538
33.58136777520269,130.23472000012794
33.58093027930897,130.23467639380056
33.580927225211326,130.2347480535799
33.58091833271493,130.23494416334256
33.58091638658203,130.2349925028018
33.58091361307282,130.2350491699833
33.58090610823035,130.23522250261647
33.58090110799981,130.2353338908465
33.58104082937081,130.23577333287312
33.58103944081762,130.23590861159323
33.58126082872434,130.2365236057799
33.58131416211893,130.23683610939895
33.58067805364931,130.2371433330984
33.580328613075096,130.2373311151389
33.58044082868133,130.2377105579959
33.58033972060167,130.23775749721074
33.58026999976073,130.23778999960882
33.58005833262598,130.2378772239548
33.57982582909881,130.23793722402377
33.57946305427657,130.23809333284112
33.57841944140415,130.2385427762282
33.577335000210155,130.23902555118832
33.57669582864963,130.2393419461739
33.57660527861077,130.23940583671003
33.57652666707207,130.23946166032738
33.57623666718848,130.23962277567057
33.57586222456206,130.2397700000855
33.575715278937025,130.23984165986474
33.57557694611921,130.23990888508706
33.57520694614368,130.24008917037895
33.574999999550414,130.2401602716792
33.5748738921165,130.24020360641134
33.574405829165755,130.24037555139068
33.57423694637805,130.2404902716088
33.5740952788741,130.24061555076707
33.57387916189384,130.24071138792033
33.573803613446046,130.2407449937865
33.573724440730416,130.2407799998971
33.57358916201025,130.24083999996606
33.57352777518673,130.24086722424306
33.57344861326294,130.24090221776316
33.573235829170244,130.2409966672625
33.573163333021455,130.24102888457537
33.57307666715451,130.24106722357362
33.572853891593866,130.2402522183653
33.57274499988188,130.24030444919106
33.57272027931748,130.24031610890142
33.57241444057405,130.24046277573655
33.57182361296941,130.24074027234576
33.571683891598354,130.24080610901478
33.571419721143286,130.24092999961988
33.571279720982375,130.24099583718817
33.571051386712156,130.2411030606578
33.571016386896815,130.24099360597017
33.571008613157005,130.24096888540578
33.570951107807446,130.2407886118051
33.57082055862196,130.24037861178363
33.570803612696636,130.2403252792883
33.57076082924891,130.240191388222
33.57061361292796,130.23972916996524
33.570464161791676,130.23921944232347
33.570137224953044,130.23937639380563
33.569347774879986,130.23972693874725
33.5692544414394,130.2397683273465
33.56869249466297,130.24002472136385
33.56862249503217,130.23983055773408
33.56847916198382,130.23943333258228
33.56831610770229,130.23898111478672
33.56826861270639,130.23884916985332
33.5681633326717,130.2389169391655
33.568079441213285,130.2389708301398
33.56789305402128,130.2390977820371
33.56779194594162,130.23916639401398
33.56744389212196,130.23933306087213
33.56723527908491,130.23874610934558
33.567098333021704,130.2383611149735
33.56683027929398,130.23762944184534
33.5666666674328,130.23723625195157
33.56642527860379,130.23665610919215
33.56633916222262,130.23664888493818
33.56615944080562,130.23671555078215
33.56575555887201,130.23690972790166
33.56560861324698,130.23698055760667
33.56551249460597,130.23703055811382
33.5654219463658,130.23707778241373
33.56494833279936,130.23732444936388
33.564823333330196,130.23738944156958
33.564703054402514,130.23745221784566
33.56456333303146,130.23752499368356
33.56441416158435,130.23760250265343
33.56423138696897,130.23769472093466
33.564118333194585,130.23775165971142
33.563904162347285,130.23785944166002
33.56358582932262,130.23802000032288
33.56272777536657,130.23845861227517
33.56259472066989,130.23852666667244
33.56196222477689,130.23886749713733
33.561917495196326,130.23889166012214
33.56181277543931,130.23894805390967
33.56166527942918,130.2389969392574
33.56160805376874,130.23898499356267
33.56155916212566,130.23888639369216
33.561276387395424,130.23822444859945
33.56081055925995,130.2384336057264
33.560673332608246,130.2385238913646
33.56033361280606,130.23866916964653
33.55983416171722,130.2388983267964
33.559713891782735,130.2389919462214
33.55890389220093,130.2393844490332
33.55875972098437,130.23904527871673
33.558355829158245,130.2377719457188
33.55833333261728,130.23770116727508
33.5583158291123,130.2376461089808
33.5581091622081,130.237027224327
33.55796472119499,130.23659499396388
33.55776610771977,130.235919728113
33.55768972110377,130.23595389065963
33.557556107928065,130.2360133331489
33.55690027912465,130.2363927760059
33.556714161729246,130.23638111539617
33.556610558930174,130.23619055804784
33.55649027910317,130.2362205576327
33.55613889239601,130.2364161089164
33.55595138734668,130.23665000009748
33.5558594406607,130.23658972843327
33.55573610763531,130.23650944235692
33.555606667313896,130.23642499421817
33.55536389173028,130.2362661091936
33.5552213869575,130.23633082980405
33.55510694642851,130.2364361089393
33.55491333318383,130.23670221833277
33.554709440688214,130.23703333342166
33.554454161830165,130.23748555121733
33.55424194610896,130.23770472139586
33.55393972084147,130.23798166042536
33.55377389215147,130.2380849943271
33.55279249527746,130.238560000044
33.552464161791704,130.2387386116976
33.552506667348894,130.23896472104514
33.55258277517498,130.23923111462432
33.55272082920294,130.23953944179186
33.552644440788356,130.23966555102447
33.55218666698113,130.24007555104595
33.55194777467011,130.24029472122447
33.55172749472814,130.2404313875985
33.551753891628834,130.2405225033109
33.55179694577248,130.240619169639
33.55185972114924,130.24076082994839
33.55189472096464,130.2409047205765
33.5518477745552,130.24108693941082
33.551905279005496,130.24114416327257
33.5520391619778,130.24127722426454
33.55209166709682,130.2413291700052
33.55212805366682,130.24136555117934
33.55223194604753,130.2414686116872
33.55238916193031,130.24162499389843
33.552465559338145,130.2416666666834
33.55257861311253,130.24172832690078
33.55310222538742,130.24187082987498
33.553228332821334,130.24190527930523
33.55353194574275,130.24290917002224
33.55362889176001,130.24288165976088
33.55387833311863,130.24281111514097
33.554004440552546,130.24274805377968
33.55450082855043,130.2425099996368
33.55463249469392,130.242446939175
33.55495861314955,130.24231722366096
33.55500861275732,130.24244999956784
33.55506610821436,130.24260250300313
33.55545005397687,130.24244185530745
33.55562194589612,130.24237000037533
33.55570166719821,130.242446939175
33.55582555870262,130.24242888528488
33.55605805413592,130.24238360621848
33.5562072246837,130.2428394419867
33.55651416239874,130.24272333321528
33.55655055886126,130.24282832726556
33.55667722477415,130.24319277572613
33.5571083327834,130.24411221830428
33.55736527898449,130.24460639397
33.55739777508728,130.24466917024608
33.55764277469433,130.2450888847443
33.55770361293145,130.2452216597519
33.557705559064345,130.24535444914852
33.557707495304726,130.2454933332508
33.55771249463595,130.24582111455288
33.55773500017017,130.24632832679094
33.55776305362207,130.2467994420407
33.5577150001472,130.24704111505548
33.55750500035555,130.24740916979738
33.55735499973349,130.24768250344482
33.55735555911184,130.24777111544472
33.55748333298948,130.24800749684857
33.55757861256296,130.24826861230667
33.55761555941058,130.24841138777538
33.557582774625416,130.2485738907725
33.557553891998566,130.24870693917399
33.55744249477539,130.2488694421711
33.55730638688033,130.2490469386654
33.55720305387791,130.24912583708783
33.556984441278985,130.2494261090278
33.556898054201895,130.24947555105587
33.556584440819336,130.2495049939604
33.55612666701211,130.2496897281984
33.556040000245844,130.24973917022658
33.556011107726476,130.2498130612239
33.556023891589405,130.24994111479066
33.556042747674724,130.24999999970032
33.556077494780595,130.25010861172314
33.55613916219261,130.25019722372292
33.556233892280375,130.2502513880911
33.55636166705733,130.2504286120908
33.556448332924276,130.25061111511093
33.55647705367312,130.25073805441775
33.556535279379716,130.2509952794087
33.55658472140783,130.25133527890011
33.556638332692955,130.25151722434055
33.556778613442305,130.25170444880132
33.557092225026224,130.25188416302376
33.557170558674386,130.25197778244876
33.55726527886958,130.25215499385797
33.55732722507145,130.25240639393996
33.55733555908881,130.2526772238748
33.55729416239575,130.25301221773975
33.557318891953344,130.25322416276492
33.557426108228356,130.2535638906611
33.55754166661467,130.25381277623865
33.5577150001472,130.25409360573542
33.55776444127599,130.2542758371602
33.55780555917926,130.25451722419064
33.55777666665989,130.25480778165388
33.557706667029095,130.25500000005002
33.55766222523158,130.25503805396306
33.55761166714478,130.25508138779583
33.55720333266771,130.25531778179027
33.557026107768706,130.25546027217388
33.5568611082536,130.25569416335497
33.55661389181773,130.2561277822714
33.556531387113864,130.25626583719873
33.556135558609185,130.2566474968845
33.55587972127216,130.2569430608736
33.55576833304218,130.25700722390434
33.5553641624262,130.2573297279846
33.55522805363182,130.25750722357952
33.555207774818996,130.25770416341652
33.55522305430054,130.25782499362856
33.55523666733836,130.25793083034364
33.555298332951736,130.25807360581234
33.55540555911932,130.25828805365086
33.55541755877334,130.25833333271714
33.55547999960237,130.25856888494616
33.55553777474853,130.2590022178781
33.55561610839675,130.25935693927136
33.555826386978254,130.26002416338451
33.55611110784139,130.26063499371003
33.556663612635646,130.261509442307
33.55678749514681,130.26176555123925
33.55684110823063,130.2619430612234
33.55684110823063,130.2620858366921
33.55676666684826,130.2622974966322
33.55676666684826,130.26245027166271
33.55681222470446,130.2625686116521
33.55685333271521,130.26268194601505
33.55684916165956,130.26284944204815
33.55678333308441,130.26305138841087
33.5566430541337,130.26324082970064
33.55650694623864,130.26346722413314
33.556436945708526,130.26370389062208
33.55642027857306,130.26392555102348
33.5564216671263,130.26393416293138
33.55645749521727,130.26414221838877
33.55655222530498,130.26438360631846
33.556754440565044,130.26460527931022
33.55684916165956,130.26471360624794
33.556852775135496,130.2647447209921
33.556865828795026,130.264851660276
33.556832775112525,130.2649599998042
33.5567130537645,130.26519639379865
33.55663889207125,130.26542055791253
33.55656472138486,130.26558306090965
33.55647389165682,130.2656719463033
33.55632972133964,130.2656963943732
33.55616499971501,130.26570138830846
33.55578944102996,130.2656325029377
33.555352224825356,130.26562499359864
33.55520389244572,130.26568416269401
33.55507610777619,130.2657925031216
33.554873891616865,130.26606583676903
33.55477082931037,130.266169442266
33.55464694589989,130.266203890797
33.55388389182821,130.26622610944742
33.55360389240576,130.26626778223238
33.55343055887323,130.26635166020105
33.55302799984236,130.26666666663345
33.552766387059194,130.26687138830403
33.55253555896894,130.26704389086296
33.55238694600081,130.2670733328681
33.552180828582436,130.2670486123037
33.5519991619318,130.26698221805498
33.551850828652846,130.26686389065605
33.55171322518527,130.26666666663345
33.55158277492518,130.26647972815704
33.55148777504081,130.2663836059187
33.55139694621215,130.26637861198344
33.55107527940066,130.2664822183798
33.550663053557116,130.2664822183798
33.550291945616834,130.2663763942553
33.55019305436599,130.2663763942553
33.5500072247537,130.26644027220084
33.549999999600345,130.26644688671456
33.5499372251229,130.26650444872143
33.54986722459279,130.2666522181254
33.54985044144479,130.26666666663345
33.54983110781944,130.26668333286955
33.549718613423295,130.26678027169226
33.549458891914355,130.2669574965912
33.54924833274441,130.2672261087979
33.54898861303411,130.2677186117246
33.54888944119483,130.26804138829948
33.5485474946712,130.26858333325424
33.548452775375324,130.26863749672316
33.548180558685885,130.26867444896675
33.548081386846604,130.26871389143298
33.54779277461688,130.26898472136781
33.54768972130364,130.26916693930286
33.54759055935688,130.2692605578285
33.547227494953006,130.26974082997538
33.547178053824155,130.26989861243112
33.54714916220411,130.27005082988194
33.54714916220411,130.2702825033349
33.54713582885546,130.27034250340387
33.5470833327297,130.27057805383413
33.5470833327297,130.27062722426706
33.547215278562305,130.27087861175858
33.54718638694226,130.2710163941913
33.54714500014171,130.27109527912387
33.546874720591916,130.2712222184307
33.546415279441646,130.2714377823279
33.54621749514132,130.27156583679403
33.54609361263016,130.27173333282713
33.546002774808244,130.2719894417594
33.54595333278013,130.27225055811687
33.5459452793512,130.27245499380297
33.545994721379316,130.27266194579227
33.546006945863894,130.27291805382515
33.546006945863894,130.27319888512056
33.54591222476938,130.27345000011746
33.5457919458417,130.2736666665835
33.54573472108058,130.27377027208047
33.54562749491299,130.27394277643805
33.54551194641925,130.27428250343485
33.54537999968727,130.27448221768032
33.545206945843915,130.2747527760199
33.54513694621318,130.2748661085841
33.5451138920925,130.27494027207592
33.545095305803784,130.27499999965028
33.54507110774546,130.27507778201414
33.544976107861146,130.2752502719825
33.544716387251526,130.27556055787352
33.54466277506708,130.27567888527244
33.54465861300463,130.2758366668288
33.54461305424911,130.27599416330008
33.5445183331546,130.2763119459396
33.544369721085786,130.2766419458692
33.544346107586875,130.27671083034056
33.54427499999133,130.27691778232986
33.544188333225065,130.2772430608187
33.544027494873035,130.27758055839615
33.543788332765416,130.27787610889538
33.54338027887684,130.27835138800617
33.54323582887048,130.27857306099804
33.54320694624363,130.27868138793576
33.54323582887048,130.27885389139408
33.543231666808026,130.2789174968451
33.54318638684231,130.27899138784232
33.543091386958,130.27905555087307
33.54287222487335,130.27910389123167
33.54258138682161,130.2792430613183
33.54247138714487,130.27935861161075
33.542342224713934,130.27959027157385
33.54219999963033,130.27991472088775
33.5419596396257,130.28032861227575
33.541695828899435,130.2807830612893
33.54166666658347,130.28082586272342
33.54124361290246,130.28144693902505
33.54075222513512,130.28199138769241
33.540584161629795,130.28225389080444
33.54037082895064,130.28270165965398
33.54015749537217,130.28294472122195
33.53987430605446,130.2833333326672
33.53979861281579,130.28343722414866
33.5395274950979,130.2838091702571
33.5394469464195,130.2839905581178
33.53940805433831,130.28417583734506
33.53938527900749,130.28437666674984
33.53938222490979,130.28456972781078
33.53941444132346,130.284812775889
33.53949527868423,130.28524499366154
33.53950500035552,130.28543027198953
33.53957610795106,130.28572389074498
33.53956638717909,130.2858511151369
33.539479161933855,130.28614832668404
33.53946305417668,130.2862449939114
33.53948249482136,130.28635693882177
33.5395244410002,130.28641861162964
33.53962777490193,130.2865227756057
33.5400900003533,130.28688944179441
33.54007694579445,130.28693972828592
33.53964722543918,130.2872966674073
33.53961641376651,130.28733496773464
33.53921416230378,130.28783527857536
33.53897805429381,130.28819416293038
33.53864194616892,130.28864749678462
33.53850638686032,130.2888019463528
33.538390000198376,130.28889444881986
33.538176666619904,130.28899888529043
33.538031107749475,130.28902972843923
33.53795638667793,130.28903027162983
33.53778555865665,130.289031660183
33.53766277511704,130.28898165967587
33.53751082926141,130.28889277608084
33.5367774950854,130.28823277622166
33.53661249467092,130.28812472087918
33.53646082940378,130.28809389122011
33.536302224967756,130.28811306116893
33.536066386754385,130.28817888524748
33.5359500000925,130.28822306084567
33.535846667090084,130.2882888849242
33.53542972070511,130.2883852787577
33.53533027906917,130.2884427760133
33.535135558759066,130.28855527940266
33.53498694579099,130.28866917044593
33.53482222506568,130.28884666694023
33.53456027863399,130.28923250307764
33.5344408288812,130.28929639361377
33.53417249456504,130.2893272241721
33.53399138729276,130.2893002723897
33.53369444104567,130.28911666680085
33.53353277531738,130.28905888535928
33.53333333266721,130.28903069970704
33.53328722532524,130.28902416343442
33.533080278731916,130.2890047209911
33.53294138743513,130.289033891401
33.53212361321425,130.289329170305
33.531913613422546,130.28935805383117
33.53171638670193,130.28934250275438
33.53131889175353,130.28924805415443
33.53036249513309,130.28877333262324
33.530091107618546,130.288700000105
33.530072774938674,130.28869749729176
33.529897224577326,130.288672775828
33.52967916236349,130.2886255506287
33.52951638687182,130.2885838913336
33.52914861271836,130.28840555127522
33.52886194572227,130.2882091699173
33.528768891970856,130.28817666661996
33.52867610801604,130.28818583700684
33.52830416190761,130.28827166020903
33.52806027925851,130.28828778235538
33.52775027935195,130.28824138812968
33.527560559272445,130.28819055844758
33.527301107560106,130.28802666689717
33.52721527896199,130.28794999969284
33.526956107838146,130.28771778215003
33.526874999781455,130.28764499372153
33.52625166708083,130.28731416281846
33.52607361300687,130.2872541627495
33.52572499980897,130.28725194592062
33.52499999965033,130.28705639373766
33.52496194573723,130.28704610909074
33.52448166729516,130.28699277569615
33.52398972104885,130.2869811150864
33.52367610766629,130.2869558369424
33.52331972072858,130.2868377820381
33.523025558782535,130.2866574967461
33.5227080540335,130.28658583696688
33.522580279256545,130.28660888479226
33.52254166686447,130.28665499393287
33.5225266670721,130.28674138820452
33.522479440973484,130.28701138806514
33.52250277478328,130.28741360625304
33.5225299999596,130.28769583689348
33.52261527907194,130.28808221802
33.52261889164856,130.28820693869932
33.52255694634607,130.28834583719072
33.52243694620813,130.28848917023913
33.52222000005304,130.28859555104395
33.52168166677558,130.2887783265586
33.52134082911601,130.28888944229402
33.52118972142853,130.2889863937072
33.52089555858322,130.28922944178532
33.52057389177173,130.28955778156637
33.52019055934687,130.290180000007
33.52015582932813,130.29027250337344
33.52016972115575,130.29032610926265
33.52017500017615,130.29034639437066
33.520248613282945,130.29046221805697
33.52054694628458,130.2908133331689
33.52055082865786,130.29090138758897
33.52052749484807,130.29096138765794
33.52037249489479,130.29109555121875
33.52012472087921,130.29123194599754
33.51987305369852,130.29132916990534
33.51973361291596,130.29138472102807
33.51963666689869,130.2914586120254
33.51947891861727,130.2916666665834
33.51924555893544,130.29197444876183
33.51907138723476,130.29221055767118
33.5189669462676,130.29226583719867
33.51885861303464,130.29224277588344
33.51867249473992,130.2921041633765
33.51829694594733,130.29175055804194
33.51818833302519,130.29172277618522
33.518064440621515,130.29175972842881
33.51775472130339,130.29201861176955
33.51766944129173,130.29206499430416
33.517502775332844,130.2920419455794
33.51731305435402,130.29197250262894
33.51712722474167,130.2918083268928
33.51701189208518,130.2916666665834
33.516852224650506,130.29147055772012
33.51667805384915,130.29138277579455
33.5166666666334,130.29138094657344
33.51656166718726,130.29136416342544
33.51623277522248,130.29141277627866
33.51598500030758,130.29138027208194
33.51552389181421,130.29133639415932
33.51521027933097,130.29138499442206
33.515016666985616,130.29141277627866
33.51479582856467,130.29153778204306
33.51444722525929,130.29162082993741
33.51400582900584,130.29163250313752
33.513827495242765,130.2916649938445
33.51382405443661,130.2916666665834
33.51366500033953,130.29174360628247
33.513250829262404,130.29179666718255
33.51305722501098,130.29181527865228
33.51300610844521,130.29179861241607
33.51303500006526,130.29168138758598
33.5130347212754,130.2916666665834
33.51303194596761,130.2915125029997
33.51298082940178,130.29140138816365
33.51284555877555,130.29125944186978
33.51246389189515,130.29094027157635
33.51241889161861,130.29084722412017
33.51233166727269,130.29044333319337
33.5122416667196,130.29031416266855
33.512148333279015,130.29027472110158
33.5120433329335,130.29027472110158
33.511835828760525,130.2902763938406
33.51165249476685,130.29017583704535
33.51150833344286,130.29016888528588
33.511418332889775,130.2901544493684
33.51126805437724,130.29004499378152
33.51119000041825,130.29001610935597
33.510805559129324,130.29003250309756
33.51074249507013,130.2899927764455
33.51068222520456,130.28987083017478
33.51061916204475,130.2897561090573
33.510498892110206,130.28968055791154
33.51046563967759,130.289674993806
33.509951946025524,130.28958916970453
33.50986805366779,130.28960722359454
33.509729720849975,130.28969138844684
33.50967861327746,130.289702218083
33.50954027866101,130.28967693903962
33.50931194618943,130.289551388286
33.50909555941257,130.28933610857462
33.50904805362484,130.28918888505905
33.509071667123806,130.28913666682377
33.50927361258721,130.2890138913781
33.50948582920768,130.28885693899656
33.50978222506967,130.28856360622547
33.510119162369506,130.2881633332713
33.51041082869682,130.2875919463113
33.51045110843194,130.28751333297396
33.510493053711514,130.28743111515394
33.510594161791175,130.28732250313112
33.5106038915564,130.28731805418488
33.51068166672559,130.28728221799997
33.51079305405625,130.28728221799997
33.510900828810236,130.28735861181053
33.51106889231556,130.28752360592978
33.51112944097099,130.2875436059527
33.51117000039528,130.28750360590675
33.51117000039528,130.28738693865637
33.51111582883249,130.28714778194467
33.51106249543784,130.2869119464292
33.51104222471895,130.2867472239053
33.51104555940509,130.28660555100544
33.51104889229259,130.28645749741565
33.51106222474192,130.28638944211912
33.511133333236785,130.28602472116404
33.51131582906231,130.2856161087965
33.51148305439949,130.28537000032532
33.51173555884901,130.28506610861405
33.51238472097816,130.28438360591872
33.51238472097816,130.2843186119145
33.512349721162764,130.28428138807567
33.5122683334169,130.28428610861704
33.51203110844892,130.28432778230138
33.51181000023138,130.2844083273825
33.511572494674965,130.28449499414876
33.51152816169537,130.28450593979733
33.511055558966916,130.28462277612027
33.51051138729076,130.28477360591728
33.510239441297244,130.28486861209683
33.50993222479241,130.28502194560633
33.509590279168094,130.28526111490862
33.5095163872715,130.28527499414577
33.50918972112879,130.2852330605574
33.50890999959688,130.28527499414577
33.50839694626211,130.28534722409518
33.5083333327172,130.2853575231312
33.507895558932944,130.2854283267559
33.50735138725679,130.28560722439397
33.507323332905514,130.28561194583472
33.50718444070941,130.2856349936601
33.50706777525767,130.28560722439397
33.506978333183554,130.28550027162032
33.50693166736261,130.28534722409518
33.50689666664789,130.28468083005635
33.506865559098344,130.28352499438301
33.5068607477254,130.2833333326672
33.50684610766177,130.28274722380536
33.50688110837649,130.28246444907518
33.50709500043399,130.2815705580349
33.50709889180047,130.28141277557916
33.507075558889994,130.28129666680775
33.50686166683249,130.28110639364525
33.506772224758436,130.2809252791784
33.50674499958211,130.28073027198457
33.506741108215635,130.2800733334177
33.50670222512764,130.27970194578825
33.506655559306694,130.2795069385944
33.506617494601755,130.27946778211253
33.5065469463845,130.27939555126375
33.50621638707668,130.27917082957015
33.5058277747321,130.27901749696002
33.505450558596465,130.27880165966894
33.50517082897062,130.2786299997747
33.5049844408793,130.27860194632285
33.504801667163235,130.27862055779258
33.504658054425704,130.27858805359585
33.5043430542886,130.27846499396435
33.5041216672812,130.27839082957314
33.503938891766495,130.27838138759103
33.5036861076278,130.27844194613897
33.50354889176799,130.2784349943795
33.50329749528322,130.2783961085936
33.50275305381041,130.2782272240072
33.50217222486833,130.2781038909818
33.501679161664015,130.27792416326963
33.501610000201424,130.27788832708472
33.50120082935484,130.2774844487484
33.50099638737345,130.2772941629953
33.50080666729389,130.27717055837468
33.50067138677514,130.27707360606212
33.5005211082626,130.27681861228916
33.50029416164631,130.2764633333162
33.500238053843134,130.276375278896
33.50013000029935,130.27626055777853
33.499999999700265,130.27621678327796
33.49999138689304,130.27621389105832
33.499702774663376,130.27617832736803
33.49953722476317,130.2760866666664
33.49937472086674,130.27592861171615
33.49926333263676,130.27578888494918
33.49919722527176,130.27558778215052
33.49917333298299,130.275451388271
33.499191386873065,130.2752502719825
33.49923625225131,130.27499999965028
33.49923638714961,130.27499916957606
33.49922722485661,130.2749308300938
33.49918222458007,130.27488416337349
33.498619721123305,130.27474778208455
33.49836389188016,130.27471917015362
33.49796416211643,130.27475499374805
33.497615000332075,130.27488944239394
33.49751889158364,130.27490749718334
33.49747361341656,130.27487527897097
33.49742555904237,130.27470999976674
33.49728722532524,130.27420944161247
33.497208891677076,130.27398693944576
33.49711277483476,130.2738830605549
33.49687500038101,130.27376805435233
33.49653805408798,130.273504162687
33.49627027915011,130.27322778213647
33.49599055941684,130.27302138772689
33.49574082937585,130.2727361092841
33.4955602787839,130.2725925028418
33.495482224824855,130.2724847208932
33.49539499957962,130.2722874968706
33.49534972141254,130.272097223708
33.49535582870857,130.27192832743037
33.49531972092842,130.2718674972872
33.49525638707263,130.2718394420367
33.495214162103935,130.27184472105705
33.495111107891375,130.27188805399055
33.494524161760694,130.2722691695866
33.49433944101247,130.27233250344239
33.49411833279487,130.27235444869893
33.493924440760395,130.2724483271287
33.49380638675541,130.27253138761353
33.49373694560359,130.27262499444805
33.49368527865272,130.27271027176164
33.49365500027807,130.27276055825325
33.49342805366177,130.27339639422826
33.49327055898914,130.27374306129332
33.49314944099393,130.27394722358554
33.49289222499624,130.27423277632158
33.492689161675514,130.27443499427966
33.49253805398803,130.27453416342098
33.49228666739583,130.2746536059792
33.49188416232431,130.2747527760199
33.49175110762758,130.27481778171534
33.491666666683386,130.27489350193366
33.49154791930107,130.27499999965028
33.49134222456405,130.27518444880332
33.49124527944616,130.2752422176543
33.49050055895367,130.27543917008165
33.490116107772224,130.27558555093253
33.48988889225865,130.27568666710602
33.48962416242523,130.27589972818998
33.48952666692219,130.2759791698029
33.48948194633482,130.27601555097692
33.48943389196057,130.2760302719795
33.4894227754408,130.27603360576632
33.489385000317554,130.27602639410281
33.48935610779819,130.27599389080547
33.48932000001804,130.27590389115176
33.48931389182269,130.27583111531374
33.48931777509529,130.27569805432177
33.48931777509529,130.2755600002938
33.4892852789925,130.27546805360782
33.489155558981906,130.27532749676664
33.48914138656579,130.2752744493564
33.48914138656579,130.27515194640523
33.489166359839714,130.27499999965028
33.48919194555191,130.2748444493119
33.489179999857186,130.27471389113327
33.48912722494151,130.27460250290324
33.489070278970246,130.27456610913873
33.488920558936684,130.2745538909494
33.4888150001122,130.2745180538651
33.48873582919521,130.2744466665805
33.48857944068868,130.27424555119126
33.48847000039024,130.2741316601481
33.488222495272,130.2739466669052
33.48818582901288,130.2738716598493
33.48818389187318,130.27380610916464
33.488273054258116,130.27330972836137
33.48831582871259,130.2730605576986
33.488299441266236,130.27282082991746
33.488269161992264,130.2727336055715
33.48822638663847,130.27269250295672
33.48818194574028,130.27269000014348
33.488062225291515,130.27273111534873
33.4879888918739,130.2727366668637
33.4879577753311,130.27273916967704
33.48781194576475,130.27270944168743
33.48767444122251,130.2726300000745
33.48756610798955,130.2726002720849
33.48741638705667,130.27260499442502
33.487337225132876,130.2726449935717
33.48719138657327,130.27272444867447
33.48707916197378,130.2727416598998
33.48672916202128,130.2727069388742
33.486566945907896,130.2727169393354
33.48620444088232,130.27280389118664
33.48593416223184,130.27285861223527
33.485488612909194,130.27285360570943
33.48522638678838,130.27291555101192
33.48472666680226,130.27304027169123
33.48440610795558,130.2732016604283
33.48399361321475,130.2734349940298
33.483743892166956,130.27352944173037
33.48356889219065,130.27354194590419
33.48333333276713,130.27353416317112
33.483114999857435,130.27352693891714
33.48293610761533,130.27346749732715
33.48266944064221,130.27336306085658
33.48248638723703,130.27324138797974
33.482082775100025,130.27287861225818
33.48199944122126,130.2728438912327
33.48158722527029,130.27286138844238
33.48130833291327,130.27282138839644
33.480966666978134,130.27273221791756
33.48012972100986,130.27242194641576
33.47935110776746,130.27211389084346
33.479485279422136,130.27174416336254
33.47958333340415,130.27152832697072
33.47972805410649,130.2713927757561
33.479826558648824,130.27127527933078
33.47987777503931,130.27121416320313
33.47992666668239,130.27111916961405
33.479930828744784,130.27103944201667
33.479901667328136,130.27094999994256
33.47971027900621,130.27075389107927
33.47963305422212,130.27063082964912
33.47958527863773,130.27047944227252
33.47948944058527,130.26998861208483
33.479454161980016,130.2697638912906
33.47944166679952,130.2694483272785
33.4794291617265,130.26931917024353
33.47929582913923,130.26893666699368
33.47898361330317,130.26828083009627
33.47884194579922,130.26810693898415
33.478646387320964,130.2679530613848
33.47859638681388,130.26785861188546
33.478592224751424,130.26770472079625
33.478667224612764,130.26731722361103
33.47866305355711,130.26717306138778
33.478633892140465,130.26701666658596
33.47849222463651,130.26674333293852
33.47843713486594,130.26666666663345
33.47831722466026,130.26649972817995
33.478117495126355,130.26627138761455
33.47790499971603,130.26610250302815
33.47786333322631,130.26598805440528
33.47785527889806,130.2658391698419
33.47789666659793,130.26527749735862
33.47789249464296,130.26524805355484
33.47787582930613,130.26513360583135
33.47774694566505,130.26476832729657
33.477684440984206,130.26467888522245
33.477592774886716,130.26462416327456
33.477496945827454,130.264604449236
33.47743444114661,130.26455972774932
33.47743444114661,130.26448027174717
33.47748444075438,130.26437583707525
33.47756361257069,130.26416722403826
33.477621892236584,130.2639091959527
33.47770944123778,130.2635536058143
33.4779424951501,130.2630516600061
33.47801749501144,130.26286778192264
33.478030000084516,130.26276861188205
33.478004999830944,130.2626344492205
33.4779216668515,130.26249527913387
33.477555278553325,130.26218499414222
33.47744694621963,130.26200610909473
33.47735972097439,130.26182221842066
33.47729722528675,130.26156888479625
33.47723889166156,130.26143472123545
33.47675166685599,130.26061250256498
33.47673499972052,130.2605080544032
33.47673082866487,130.26011555069215
33.47671833258505,130.2600211146828
33.476564161806664,130.2595344492555
33.47649361269015,130.2592188852434
33.4764352790649,130.25870693897411
33.47641444087378,130.25858778240035
33.47631574837317,130.25833333271714
33.47626027908865,130.25819027216335
33.47615194585569,130.2576686123167
33.47612694560212,130.25758916980442
33.4760730537285,130.2575047207663
33.47598555868666,130.2574349936301
33.47577305428308,130.25732832684082
33.47560249515908,130.25712944177042
33.47541500000227,130.256821659592
33.47523166690797,130.2565833329545
33.47499999975025,130.25638902723188
33.47490277494319,130.2563074973932
33.474707495254734,130.25616194571728
33.474598892225174,130.25609888525537
33.4743197210783,130.25595972775932
33.47419500039899,130.25591250256002
33.47413249481883,130.2558480544442
33.474086667166034,130.25573360582132
33.47403666665889,130.25545055769715
33.473982495096095,130.25524666700016
33.473890828998606,130.25511250343936
33.47376194625684,130.25495861235015
33.47297889216219,130.25422583665306
33.472521107563125,130.2539052787057
33.47234610758687,130.25380082964466
33.472212774999605,130.25371138757055
33.47209610774922,130.25358722357157
33.47165472138835,130.25294389084797
33.47156710763596,130.25285411242737
33.47150916161854,130.2527947211995
33.471388333205084,130.25271527868722
33.471213333228775,130.2526358370743
33.47108027943142,130.25252194603104
33.47096361308036,130.2523702717707
33.47083027869445,130.25197277592292
33.4708052793402,130.25164499372158
33.47080110828455,130.2508152792018
33.47078861310405,130.25073083016377
33.47075527883311,130.25054944230294
33.470505558684636,130.25001277636864
33.470504413847664,130.24999999970032
33.47049722466721,130.2499183268693
33.47054305411871,130.24972944226
33.47071805409496,130.2492625025625
33.470876108145944,130.24853472080076
33.470876108145944,130.2484102717167
33.47085110789237,130.24817693901457
33.47069972141509,130.24768472117296
33.47079889235505,130.24753194614243
33.47109249492274,130.24692111491754
33.47125361296389,130.24667583742007
33.471459162010774,130.24640832688283
33.471814440983735,130.24614250257446
33.47243861275183,130.24576749697246
33.47311305392435,130.24556194612694
33.47346389204506,130.24537722358002
33.47368666670633,130.24511138758055
33.47399944102142,130.24478693916592
33.47420944081307,130.2445172243905
33.47440555866967,130.24420055780956
33.47446194616191,130.24395165964143
33.474468333147115,130.24366138816265
33.47442722513637,130.24337082980003
33.47444944108889,130.24315610856763
33.47463110773947,130.24293527913983
33.474798612765824,130.24270527932526
33.47484916185937,130.24250166022352
33.474858612834794,130.24227166040885
33.47477333282308,130.24196999991568
33.474810386690024,130.2416666666834
33.47481110794632,130.24166083008333
33.4747558293181,130.24140250342282
33.47457249532442,130.24076527889451
33.47443194567779,130.2403769390446
33.47437999993707,130.2402338910813
33.47432777540655,130.2399641628159
33.474381386691675,130.23954555088653
33.47432138662276,130.23931165970544
33.474283613298155,130.2390516603059
33.474283613298155,130.23890082960963
33.47416805401252,130.2384877817858
33.47402610771877,130.23823138776834
33.474019720733565,130.2381183267994
33.47409249477289,130.2379147211875
33.47421861299864,130.23775639374264
33.47438944101992,130.23760917022707
33.474571107670556,130.23756583729357
33.47477333282308,130.23758832663998
33.47499999975025,130.2377101685895
33.47510666743881,130.23776749677268
33.47530249481434,130.23781277583896
33.475769162017286,130.23768722418606
33.47584110778092,130.23766778174274
33.475964440806365,130.23774306129326
33.476065558778544,130.2377883268698
33.47612861294516,130.23774693916994
33.476216946155205,130.23753944219152
33.476395558708134,130.23737527904598
33.47678555870664,130.23726027194402
33.47715833309064,130.23709444864994
33.47744444070844,130.23687000035034
33.47778249496622,130.23647778172426
33.47802416168577,130.2360158368615
33.478159999784225,130.2355294421301
33.4781727746539,130.23519389068554
33.47810305381296,130.2347866668713
33.47808416175474,130.2345188847388
33.47813610839472,130.234140271956
33.478230828589915,130.23388749681055
33.47836666668837,130.23373306073222
33.47859805415692,130.23359250299166
33.47886916198229,130.2334274971813
33.47891382861036,130.2333333327672
33.47892277506605,130.23331444880284
33.47889749512336,130.23321639392145
33.478831108069244,130.23308444898817
33.47861805417989,130.2327919462914
33.47848194628483,130.2324225029962
33.47839972127019,130.23202666729696
33.4783713872298,130.23189083009777
33.478401386814596,130.23121389060861
33.47848999971376,130.23055027187763
33.47847110765554,130.230346667165
33.47830194607798,130.22991111470628
33.477813892097515,130.22914749675965
33.477523054045776,130.22853693892864
33.47711389219245,130.2278072236245
33.47678999955889,130.22725832691037
33.47671110833102,130.2270208303471
33.476695279363696,130.22680221774817
33.47674889244746,130.22656082981848
33.47690861294217,130.22611389104327
33.477246667200006,130.22561999956338
33.47729722528675,130.22538610928154
33.47735749515232,130.22499999975025
33.47737610842074,130.22488082968664
33.47747889193738,130.22458472070832
33.477729720949924,130.22414917004824
33.47783555856421,130.22396778218751
33.47808361316828,130.2235422175993
33.478219441374165,130.22346306107147
33.478279441443135,130.22334221826884
33.478228892349534,130.22315389123912
33.47789249464296,130.22252250331098
33.47774722535422,130.22203583698433
33.47765555925673,130.22166250322198
33.47770444100718,130.22117805372432
33.477688612939176,130.22082360572483
33.47773610793507,130.22055583708232
33.477812134822216,130.22006503207558
33.47784499964706,130.219852775885
33.47811361275308,130.21845389123416
33.478186386792345,130.21817472098667
33.47848166659571,130.21796555126923
33.478865559298185,130.21788444860852
33.47905222528004,130.2177600004237
33.47911833264499,130.21762805369178
33.47928110813666,130.21719277642558
33.47947694630409,130.21667972758746
33.47948844143849,130.21666666673332
33.47967305426812,130.216457223622
33.479837224608275,130.2163063938251
33.479877224654274,130.21616555099945
33.47991472098761,130.21603306107693
33.47989889202029,130.21587861240812
33.479785000077754,130.21548639378216
33.479709162048266,130.2151847206984
33.47969666686771,130.21489055785298
33.479751946395254,130.21465111515693
33.4798213866477,130.21452944227997
33.4800616666127,130.21410832663798
33.48038222456006,130.21348805433036
33.4806824947014,130.2127791700227
33.48075666718648,130.21232082964264
33.480791387312706,130.2110652789395
33.48075194574574,130.21030944192728
33.48074889164809,130.21015472076385
33.48092249497722,130.21006055814826
33.48096361288049,130.20991333283416
33.48096361288049,130.20976250303715
33.48089416183615,130.20949111462335
33.48084666684025,130.20927999967228
33.48089861258097,130.20891972766333
33.48108194567533,130.2085202721929
33.481115666654716,130.20833333281712
33.48123194629733,130.2076888849341
33.48122249532196,130.20746250309207
33.48127555891995,130.20693861202744
33.481323613294194,130.20646333291654
33.481404161972534,130.20558666659144
33.48139000034831,130.2050794417629
33.481323613294194,130.20471000026635
33.481279441293225,130.20452138815165
33.48132666739184,130.2042649941343
33.481424721373855,130.20408221772027
33.48142777457218,130.2040763937107
33.48157305375349,130.20388416272397
33.48154472061242,130.20381639431116
33.48141833259001,130.20373333292707
33.481083333329195,130.20362778219646
33.48091916208972,130.20353722406367
33.48074694641451,130.2033316597284
33.4804311081092,130.20264555075164
33.48032833268644,130.2022855512373
33.48004082932084,130.20173499437453
33.48004082932084,130.201584162779
33.48010082938981,130.20150861163313
33.4803961082938,130.20108832696474
33.48053527927976,130.2006811148416
33.48054777535958,130.2005108300109
33.480560559222454,130.20033805405797
33.480598053757205,130.20018488962103
33.4806432518846,130.19999999980018
33.480663332846575,130.19991778198016
33.480893892039546,130.19938972795364
33.48109277531137,130.19898250324002
33.48117833321356,130.1988013878738
33.48120027936943,130.19866583665907
33.481171946228415,130.1985225027114
33.480873332638225,130.19826778233232
33.480636387359425,130.1980302722793
33.480528892294615,130.19792861201586
33.480374162137934,130.19792861201586
33.48021916218465,130.19801527878212
33.4800374946347,130.19817917033254
33.47989861323049,130.19819055844755
33.479743892067006,130.19813027239422
33.47954166691443,130.19799444868488
33.47934416230328,130.19795499362817
33.479201946212925,130.19804527926624
33.47889416223586,130.19835277635957
33.478666945822965,130.19853360574143
33.478418613328415,130.19873165983824
33.47828944100496,130.19891583739604
33.47827749531024,130.19893306121185
33.47821000029131,130.1990297284393
33.47814055913955,130.19909000010352
33.477519721158274,130.19873360597126
33.47729861294067,130.19848832667503
33.4772716665542,130.19825277624466
33.477367494714144,130.1979411152903
33.47752444080038,130.1974311151539
33.47781972060369,130.1967691700612
33.47806638665446,130.19614333274865
33.47808527871268,130.19596972762088
33.47803777472359,130.19587917038746
33.477906667059074,130.19577917027254
33.47719416208099,130.1954569386868
33.47648499988287,130.19494999984272
33.47619749471863,130.19469360582536
33.476108891712045,130.19453138791323
33.47611222459955,130.19419583736806
33.47618166665063,130.19396583665412
33.476184720748336,130.19369805362237
33.476091666996865,130.19318693922594
33.47605361308382,130.19291555081213
33.47610416217742,130.1925272235526
33.476211667134805,130.19228583742154
33.47643444089681,130.19200472104114
33.47648499988287,130.19184666699016
33.47645374844177,130.19166666678336
33.476428053911604,130.1915186122942
33.4762922248064,130.19108888474432
33.476124720679366,130.1908927758809
33.47608666676632,130.19088111527128
33.47579777484748,130.190792775766
33.475601945673304,130.1906116603999
33.47543110775945,130.19030639362518
33.47526861285627,130.18979916969602
33.47512305398578,130.1892333333517
33.4750030538479,130.18896221833177
33.47499999975025,130.18895744473036
33.47489249479287,130.18878888479924
33.47470444115709,130.18866999982072
33.47433194556288,130.18860221791806
33.473954440744876,130.18856639432374
33.47378416220937,130.1885797276724
33.47364305408371,130.18859082980305
33.47312805371678,130.18866250307212
33.47285638741238,130.18857583720524
33.47251055941484,130.1884191699088
33.47218666678128,130.1884625028423
33.47190222470795,130.1885530609751
33.47155610802804,130.1886077820236
33.47134444089329,130.18873972785627
33.4711900003183,130.1888566667019
33.471060559097566,130.18886805391764
33.47095944112539,130.18885277623474
33.47087416201299,130.18878111465676
33.470823612919446,130.18863027226928
33.47087416201299,130.18832499380346
33.47108389200804,130.18761416336304
33.47108389200804,130.18726722380336
33.471011108076254,130.18688277621925
33.47083582931015,130.18653027165476
33.47064000013597,130.18638693860635
33.470162225406455,130.18640360574193
33.46956277510202,130.18642472092415
33.46872722488155,130.18650583707483
33.4684697211008,130.186473606272
33.4683691616076,130.18636416327558
33.46824833319408,130.1862322183423
33.46805889190438,130.18585888457994
33.467971946348314,130.18554778210455
33.46785833319558,130.18521221806952
33.46764027907568,130.18486165963793
33.467420694309624,130.18442702988364
33.46735749535219,130.18430194587813
33.467253054385026,130.18390583678502
33.46701944109441,130.18353999977126
33.46688497266342,130.18333333286705
33.466768053602834,130.18315360605413
33.466681667425064,130.1828988847758
33.46666666673332,130.18285438362295
33.46664805436427,130.18279916974598
33.4664852788726,130.18182805392166
33.46633222505221,130.1806197284178
33.46630833276339,130.17980722422408
33.46629889168054,130.1792452792463
33.46638749468718,130.17886444873534
33.4665405592994,130.17858749711536
33.46664638702117,130.17829444942936
33.46665749544712,130.17826333288656
33.46666666673332,130.17817469480633
33.46669222456654,130.1779274972563
33.46667972129217,130.17767861167863
33.46666666673332,130.17763795063092
33.46657389177176,130.17734888514303
33.466339999691286,130.17673027208446
33.46598944125975,130.17620250314303
33.46591666722048,130.17605165985628
33.46592305420563,130.17593472101066
33.46599416180118,130.17587250321355
33.46615833304071,130.17581972829794
33.4664174951713,130.17579693857795
33.46655389174873,130.1757141631781
33.46663082874977,130.17566722396327
33.46666666673332,130.17563786019912
33.46710472110607,130.17527888501263
33.46715091927956,130.1752218554044
33.46730333278265,130.1750336057164
33.467316918840766,130.17499999985023
33.467385558696606,130.17483000010452
33.467381386741636,130.17463499380995
33.467376107721236,130.17438138769091
33.46735555911181,130.17387027239522
33.467387225140385,130.17286333297648
33.46735389176877,130.17246972759597
33.4671961084137,130.1721491696485
33.467189721428554,130.17202832684586
33.46727194644325,130.17185888467986
33.467385558696606,130.17163999958632
33.467560829368836,130.17124610912072
33.467640000285826,130.17089527909388
33.46767138662523,130.1704652790495
33.46767638685583,130.16981138828498
33.467620829437806,130.16885165967642
33.467645828792,130.16878639407685
33.46770305355312,130.16863666684878
33.468219721263154,130.1678016598188
33.46864277494416,130.16689972794018
33.4687297213996,130.1667138911332
33.46874580217707,130.1666666668333
33.46903472107556,130.16581832735403
33.46914527923133,130.1653580543308
33.469164162296295,130.16506055769867
33.46918000025687,130.1648605583681
33.469333054077254,130.16461749680013
33.469579721027344,130.16441389118825
33.46999361331467,130.16423277582203
33.470258891734545,130.1641763937256
33.47053055893821,130.16418749675563
33.47100777518875,130.16442138793673
33.471198333436405,130.16442277559065
33.47128416203452,130.16442333317036
33.472181386861564,130.16400832662305
33.472345559000416,130.16392917009523
33.47239610809396,130.16381250284485
33.472391386653214,130.16356166034245
33.47242610767876,130.16290555095043
33.472492494732876,130.1625625027574
33.47254582902684,130.16248416281394
33.47271055874535,130.1622419457093
33.47301527873219,130.1619988850406
33.47383861256196,130.16151055766613
33.47416361316027,130.16123138831801
33.47437861318252,130.1608544491736
33.47454889171803,130.16058000036674
33.47493138687406,130.1599647210951
33.47499999975025,130.15991236076695
33.47515889196933,130.15979111506795
33.4754699998407,130.15951778231988
33.47573861294666,130.15912555110333
33.475823892059,130.15887306104298
33.475839721026375,130.15871832728908
33.47575610835776,130.15847499412575
33.47566258605957,130.1583333329171
33.47555694629608,130.1581733327332
33.47548110826659,130.15803778241775
33.47547166718374,130.15784194604907
33.47552222527054,130.15769472073487
33.47558222533945,130.15763805355334
33.47571805444471,130.1575099999866
33.475991387192835,130.15731972772335
33.47639277530641,130.15714999957288
33.47659777486746,130.15698778166086
33.47672249464745,130.1567672238284
33.476779440618714,130.1564013877139
33.47675416157534,130.15602055810234
33.476668892355576,130.15578666692124
33.476477774729574,130.15542693900204
33.4764649998599,130.15526472109002
33.47649361269015,130.15494805360981
33.4766358287805,130.15467639360077
33.47667694578445,130.15449916960108
33.47660249540888,130.1539355509849
33.47659944131124,130.15365250286084
33.4766405592145,130.15342999979475
33.47687110761558,130.15287610914515
33.47702916166651,130.15248778188572
33.477027495222785,130.15211999963833
33.47694222510364,130.15179944169097
33.47693582912524,130.15162221769128
33.47699277509656,130.1514449936916
33.47723277537233,130.1511847208982
33.47761666717548,130.15082111510242
33.477620000062984,130.15074194598412
33.47757889205229,130.15058722392132
33.47742722498651,130.15005944238942
33.47742491912476,130.14999999990016
33.47741305436904,130.14969555060918
33.47736555937314,130.149360000064
33.47733722533275,130.14880944230197
33.47739722540166,130.1485830613592
33.47736972143554,130.1485608301183
33.477289721343595,130.14849666708756
33.477036946198155,130.14846749667765
33.476751108377016,130.14843444929045
33.47633249464894,130.14833083030362
33.47580305386788,130.1479516599412
33.47554082864639,130.14766888521092
33.475387774826004,130.147335279
33.47519510766813,130.1469797284318
33.47516694629758,130.14692778179176
33.47499999975025,130.146715422179
33.474783053595104,130.14643944182683
33.47448277535983,130.14595306058538
33.47438472137782,130.14568555094752
33.474326386853306,130.14525000028732
33.47417472068685,130.14448472129288
33.47420638671542,130.14399805406697
33.47430889234158,130.14358527873765
33.47446055940736,130.1429972237429
33.47445444131944,130.14277111529475
33.474312225229085,130.14254472086225
33.47389361329965,130.14224111513545
33.47364694634956,130.14219972833484
33.47337361270212,130.14208832661507
33.473108333382925,130.141933891436
33.47282519802451,130.14166666688322
33.472762494593496,130.14160749688858
33.47250027926452,130.14140027240467
33.472279162053724,130.14130972776184
33.4720563873924,130.14117221782362
33.471958053721266,130.14106888482127
33.4718733330879,130.14097972783225
33.47172944066119,130.14069499437858
33.47153666738336,130.13999778237178
33.471473613216745,130.13984693908503
33.47132972079004,130.13972444872434
33.47070582871106,130.1394133327592
33.47057777514425,130.139298054062
33.47047361296694,130.13913221817734
33.470397774937396,130.138966393984
33.47043555905384,130.13880055809932
33.47068361275859,130.13857221843318
33.47133305367754,130.13785778171132
33.47156999985566,130.13751444933246
33.47169166733664,130.13710555098044
33.472154441374414,130.1361536060042
33.47245444081983,130.13558778225047
33.47245944105043,130.13525416344896
33.472367774952886,130.13483194613752
33.472424441235034,130.13466610935347
33.472779721107315,130.13396277566164
33.47307891925675,130.13333333296703
33.473346946004824,130.13276944185634
33.47346389204506,130.13253917044642
33.47364389225186,130.13242250319604
33.473711945749756,130.13238722369147
33.47405610820289,130.13220972809654
33.47433749527926,130.1319494418134
33.47447333337766,130.1316666670831
33.47453499989041,130.13108778157596
33.4745809732334,130.13079505764586
33.47462027900275,130.1305447205625
33.47472749527776,130.13035250306564
33.474981667070324,130.1301316601481
33.47499999975025,130.130119104713
33.47555361340858,130.12973972840575
33.475626387447846,130.1295588846349
33.47552027913764,130.12908555075762
33.47541444062398,130.12779778184222
33.4754494413387,130.12703999959638
33.475626387447846,130.12678722355156
33.475784161809656,130.12646333271664
33.47590916217814,130.12603527880515
33.475820559171495,130.1249999999501
33.475774720726804,130.12446472077033
33.47549361333961,130.1231752791159
33.475474161903094,130.1226963937237
33.47546582878505,130.12250055825427
33.475385558896505,130.12214749700945
33.47533555928868,130.12185389084448
33.475420829407824,130.1213808303611
33.475626387447846,130.1208897276789
33.475834720795774,130.12037194570883
33.47586972061117,130.12008472113303
33.475839721026375,130.11955778226593
33.475769440807085,130.11923444901072
33.47565916234055,130.11886916957656
33.47517749534518,130.11825832666057
33.47506194595212,130.1179947209797
33.47505444110965,130.11763861193242
33.475088612649415,130.1174761089353
33.47513472089071,130.11725527860824
33.47511002730596,130.11699152993526
33.47507982897099,130.11666666693316
33.475079441363164,130.11666250307212
33.47499999975025,130.11609321692845
33.47498416178968,130.11597972788218
33.47499999975025,130.11589289204335
33.47515722462629,130.11503082980903
33.47529749458374,130.11420444907617
33.47519722467223,130.1138633326268
33.475192225341004,130.11357583735503
33.475275613179065,130.11331041504366
33.47535777524121,130.11304888499808
33.47552082862342,130.11235111541168
33.47559110794333,130.11190832700777
33.47559110794333,130.11135138765644
33.47572638666344,130.11074666732486
33.47601182878293,130.10979907866465
33.476165558893456,130.10928861178002
33.47629055926194,130.10912082976256
33.47656666731791,130.1089291698454
33.47680749496999,130.10867805394912
33.47710486479775,130.10833333301696
33.477151107937345,130.10827972802713
33.47750222484785,130.1080941628154
33.477718054045,130.10790250289824
33.477798332926795,130.10770499379055
33.477799440891545,130.10769083036757
33.47782861310009,130.10734555095644
33.47782861310009,130.10692639403794
33.4776755592797,130.10655250269588
33.47744972062816,130.10631306089908
33.477068333436875,130.10610333270267
33.47639861280578,130.1057588851645
33.47620277463841,130.10563333261223
33.47604722519935,130.105417782205
33.47594194606398,130.10510639374513
33.47589166676704,130.10485472116852
33.47598722513038,130.1045733331929
33.476067495018924,130.1041899998687
33.47601722471518,130.10387861230822
33.475968027302656,130.103547471139
33.475946946294584,130.10340555092546
33.475886667435816,130.1031302720445
33.47574638668647,130.10302832669595
33.47562082873833,130.10299250310163
33.47536749511386,130.10303749708294
33.475221946135946,130.1029713879193
33.4750413865508,130.10282778237627
33.47499999975025,130.10281250289472
33.47483055938284,130.10275000001252
33.47456472068535,130.1027558366127
33.474241107740966,130.10268693865135
33.473579161748944,130.10264527935624
33.47281389174776,130.1024805577316
33.4720438922119,130.10218416276894
33.47182138734718,130.10207527915088
33.471737774678616,130.1020344490306
33.47119082859393,130.1014294418153
33.470867224642745,130.10092360643932
33.47044082908104,130.10004917043295
33.47041649522515,130.10000000000002
33.47012972120973,130.09942055781255
33.46994389159738,130.09896527872468
33.46992082938283,130.09884165971494
33.46984110808074,130.09841749716986
33.46984449492754,130.0982929698447
33.469861108103714,130.09768083010624
33.46976582942955,130.09676499380953
33.46958277512505,130.09600778173376
33.469281666815505,130.0948463936462
33.46922638728802,130.09431333309396
33.46894333286855,130.09365805377627
33.46892833307618,130.09335250281583
33.468953333329694,130.0929455505967
33.46904833321406,130.09226306139124
33.46906444097124,130.0920216599717
33.46906833323703,130.09196360603562
33.468928252137175,130.0916666669832
33.46884805419438,130.0914966672375
33.46863472061591,130.09090693860435
33.468560747780316,130.0905611411838
33.46853638694478,130.09031683495402
33.468528161745326,130.0901896888032
33.468497973302874,130.08987678318704
33.468500720731754,130.08957691324406
33.468525414316446,130.08941391741837
33.46858577501354,130.08916294361507
33.46867416218288,130.08892082993236
33.46892749490803,130.08856444928995
33.46908869388818,130.0882161085866
33.469205333259595,130.08796972762093
33.469329694210046,130.0877169129053
33.46943013499276,130.0874215053982
33.469454054261234,130.08708345024115
33.46941100011759,130.0868391700917
33.46937272137404,130.0865267186332
33.46941972084352,130.0862463936562
33.469680559310405,130.08592917039493
33.46970805428333,130.08580639404988
33.46957777489445,130.0853691697514
33.46935694636602,130.0848902717687
33.46925666656199,130.08465693906658
33.469196386803844,130.0840883274144
33.46920638726499,130.08380693943877
33.46934194567433,130.08362722431696
33.46950249534393,130.08341166041987
33.46951102721221,130.0833333330669
33.46951749513636,130.08327389057763
33.46943472063589,130.08312138804172
33.46919889231509,130.08292972812455
33.46911416178921,130.08282861195096
33.469103612741606,130.08281610867652
33.46908361271858,130.08269639362368
33.46908861294918,130.08249861202137
33.46909916199678,130.08246250334196
33.46915889226909,130.08225917022457
33.469181387011474,130.08216666685826
33.46919389208449,130.0821155511918
33.46919389208449,130.081828326616
33.469033333421635,130.08155888523447
33.468915828902425,130.08142277644004
33.46885777496641,130.0813552787232
33.46883777494344,130.08128333295952
33.46883777494344,130.08091221782468
33.46867972089245,130.0806219463458
33.46860444134194,130.0803525031655
33.46846889192585,130.0799033331723
33.468428613090055,130.07947250305358
33.468493892179424,130.0791669386034
33.468619441134365,130.07893944160196
33.46876972144554,130.0788930608661
33.46891000039625,130.07885000042722
33.46920610757587,130.07879610855366
33.46934666711502,130.07872416278997
33.46941694643499,130.0786225034259
33.469426945996815,130.07850277578257
33.469406945973844,130.0783649942491
33.46939166739156,130.0782197276584
33.46938666716102,130.0781733334327
33.469421945766214,130.07806583656918
33.46964527890657,130.07774555111632
33.46984082929089,130.0773322182074
33.46987610789614,130.0771527755802
33.46988610835729,130.07693138767343
33.47003389215047,130.0765811152263
33.470044162408215,130.07636555132922
33.469850828852714,130.0757038913216
33.469800829244946,130.07512333307545
33.46970122483174,130.07500000005007
33.469670279160084,130.07496166015255
33.469374162087945,130.0747161092611
33.46927889240703,130.07452472093917
33.46918861306409,130.0738183268544
33.46915361324869,130.07355472117354
33.469298892430004,130.07338722424106
33.46950944080811,130.07309972807002
33.469573333142876,130.0729266670321
33.469627225016495,130.07277972770237
33.469918332864836,130.0721447209022
33.4699736132917,130.07191722390087
33.47002861313007,130.07150416258708
33.47012666711203,130.07126166039734
33.47028222464502,130.07103999999606
33.470523054095736,130.0707761092301
33.470648053564844,130.07057277611284
33.470798612665874,130.07036306140617
33.47109222512614,130.07016250269737
33.47118749480711,130.0699769392844
33.471277775049316,130.06968333311943
33.471428333251026,130.06934805416938
33.47164416244817,130.06906055799845
33.47203599976166,130.06876027166925
33.47221833280986,130.06862055839213
33.47239389216446,130.0683388853314
33.472455000198124,130.06818916979444
33.4725041616378,130.0680691696565
33.47250138722927,130.06802416308471
33.47249972078555,130.0679963938186
33.472494162075975,130.0679074967336
33.47241889241798,130.06769194632636
33.472313613282665,130.06723693883373
33.47223833283283,130.06675194614547
33.47222719832661,130.06666666703313
33.472185558816534,130.0663477818248
33.47200500013071,130.06578472078832
33.471538332927764,130.06485666720152
33.47111944130921,130.06400917038695
33.4710127754193,130.06365917043445
33.47091889159361,130.0633505581818
33.47095389230833,130.06311693859595
33.471124440640494,130.06267360610207
33.47115444112461,130.06246999959092
33.47103416219687,130.06231444925254
33.4708083334379,130.06198499431207
33.47054000002106,130.06122138805665
33.47036444066646,130.06059861203642
33.47031916160006,130.06023333260225
33.47034416185363,130.0598083273925
33.47044472134684,130.05943111485408
33.47066277456747,130.05911666690076
33.470918612803814,130.05890693870435
33.47102889216967,130.0587333326772
33.47111982891704,130.0583801689097
33.47113200034158,130.05833333311693
33.471175532025256,130.05816566801127
33.47117902679071,130.05814985703034
33.47118444070941,130.05812861234563
33.47122444075541,130.05765527936774
33.47116944091704,130.0573558366026
33.471104999995816,130.0571936061001
33.47103389240027,130.057014448558
33.4708280537717,130.05670917009218
33.47060749503993,130.0565413880746
33.470313891572914,130.05607138798428
33.469887495111834,130.0555622179221
33.46956666736787,130.05532250273143
33.46945110808224,130.0552208298775
33.469406107805696,130.05509499403877
33.469406107805696,130.05495138759647
33.469518612993625,130.0546669392279
33.46955389159888,130.0544872241062
33.46952861255545,130.05431944208863
33.469292775241456,130.05394221785912
33.46924277473431,130.05373861224723
33.46927277521843,130.05318778199057
33.46922749525277,130.0528283265661
33.46913722490308,130.0524872236066
33.468936667093544,130.05227749720882
33.46868333256981,130.0520947207948
33.468623053710985,130.05200472114097
33.4686983332615,130.0518549939129
33.468828612650384,130.0516574973957
33.46904944117881,130.0515138909534
33.46941582857767,130.05134027233578
33.46950610792061,130.05119666679275
33.46950610792061,130.05105306124983
33.46935055938087,130.05062138756705
33.46906694558311,130.05010360559697
33.46900705433217,130.0500000001
33.46867749507038,130.0494297282994
33.468665559268175,130.0494088847123
33.468612494770866,130.0492133334286
33.468500000374775,130.04879778189218
33.46848499968303,130.04858221799498
33.46854527944117,130.04819306066133
33.46860555919926,130.04788749711042
33.46856027923354,130.0476719458037
33.46832944125077,130.04725888538928
33.46817889204226,130.04667194555395
33.46804916213915,130.0463544488988
33.467938053598346,130.0462305582937
33.46774416156387,130.04601472100262
33.46754194630381,130.04560165968894
33.46743722474815,130.04492499359367
33.46799416230078,130.0429761087605
33.468643613112306,130.04189832704617
33.468768108061795,130.04166666708306
33.46926889194583,130.0407349937251
33.46946777521771,130.04026749734714
33.46956361327017,130.04004250315904
33.46973885606343,130.03963273696127
33.4700144676936,130.0390263286023
33.4700162789282,130.03902936381417
33.47001697320479,130.03903016870743
33.470026666997114,130.0390275876531
33.47004480182619,130.03904394272388
33.470056612622614,130.0390487549961
33.470069080823464,130.03905274978467
33.47007261336046,130.03905933911722
33.47008230625346,130.03906005227964
33.47010261294531,130.03908627830913
33.47010133321004,130.03910116658562
33.470103666950706,130.0391041118653
33.470111694299305,130.03911444867288
33.47011816222346,130.03913044131684
33.470119135289906,130.0391522184002
33.470119225222106,130.03916544742754
33.470126441382206,130.03917483814837
33.47012899995343,130.03919752264767
33.47013944108238,130.03921542185435
33.47014436037398,130.03923710810614
33.470150053981854,130.03925341101615
33.47016216155458,130.03928260660712
33.470164387376656,130.03928557706774
33.470167775122775,130.03929011684545
33.47017813531272,130.0392975884131
33.4701869729505,130.03931263317156
33.47019577461538,130.0393210247455
33.47020138728425,130.03932856016502
33.47020944071318,130.03934360582286
33.47020497288122,130.03938055806634
33.470211386846074,130.0393899478878
33.470207532351765,130.0394041886525
33.47020361310632,130.03941085622614
33.47019577461538,130.0394223090924
33.4701879190373,130.03943280238195
33.47017455870895,130.03944713397811
33.470171134989926,130.03945871634676
33.47016835968208,130.03946805400756
33.47015891859928,130.03947761290158
33.47014713478251,130.03949099931026
33.47013291919893,130.03949966337882
33.47012263994793,130.03950260685986
33.470106801987356,130.03950749737317
33.47010844055217,130.03951600495975
33.47010864020166,130.03954061041088
33.470110251786764,130.03954250258448
33.47011986464008,130.0395546946935
33.470123918783884,130.0395650575814
33.47012638742291,130.03957827491752
33.470128359636135,130.03958360609863
33.47013716220033,130.03959189425063
33.47014694592485,130.03960555135518
33.47014641442553,130.03962211416933
33.47013861280681,130.0396387813048
33.47012210844861,130.0396486378744
33.470099945556115,130.03964985735513
33.47008753221388,130.0396540859674
33.47008646831591,130.03965557704328
33.47007869367684,130.0396664462496
33.47007713515171,130.0396965888266
33.470082585942635,130.039715914358
33.47008844142846,130.03973669319384
33.470144080684804,130.03986571982716
33.4701817478894,130.03994302195292
33.470217747750894,130.04001691295025
33.47029100022951,130.04012875533783
33.47032725190121,130.04017472058695
33.470344107894334,130.0401960570025
33.470344467623136,130.04019627823573
33.47035805368131,130.04020408614974
33.47039263980855,130.04021219173933
33.470417972811276,130.04022438384834
33.47045091857507,130.04024005183703
33.470498972949315,130.04027224396896
33.47050613515006,130.0402796885569
33.47050922522061,130.04029386457023
33.470505108124314,130.04030994804577
33.47049735956557,130.04032163383636
33.470484973202986,130.04032832659107
33.47046894638481,130.04033014322158
33.47046325187762,130.04033997371084
33.470465081098666,130.0403449163848
33.470467386960365,130.04035111541168
33.47049102743904,130.04040111501945
33.47052077521363,130.04048108903112
33.47052455866151,130.0404912189946
33.470557495432104,130.04054433205533
33.47063177493652,130.04062213960015
33.470688026631194,130.04066855990618
33.47070863999181,130.04069693891267
33.4707587214379,130.04073897502371
33.470875386889645,130.04079535712015
33.470923864844565,130.04081396858987
33.47094661319568,130.04081900119604
33.47095280233003,130.04081527890207
33.47095644098704,130.04080727583516
33.47097197317805,130.0407838646837
33.47100349531513,130.0407574713803
33.47102625176018,130.04074946831338
33.47105669381142,130.0407464717723
33.471073747655396,130.04074713367334
33.47108613491724,130.04075152955954
33.471109332929416,130.04076577212277
33.47111766694684,130.04077128406755
33.47112433272184,130.04077313936898
33.47113263975956,130.0407713362282
33.47113982894001,130.04076888467637
33.47114966662389,130.0407602718691
33.47115586475138,130.04075654957512
33.47116566736173,130.04075355393343
33.471173441101485,130.04075669256736
33.47118630590336,130.04076472081533
33.471195586007525,130.0407640858939
33.471204919171726,130.04075861172066
33.4712178289397,130.0407493001402
33.47123386475113,130.04074569385875
33.471290108351866,130.0407537742674
33.47134538698009,130.04076747094211
33.47139391889431,130.04078364524912
33.47141616182648,130.04078983078614
33.47143982928475,130.040795499213
33.47145380205137,130.04079555137366
33.471465225240024,130.040790584418
33.47148072055887,130.04077824931687
33.4714904952902,130.0407709468218
33.47150086537272,130.0407703110011
33.47152927855342,130.040783307104
33.471614946172906,130.04082055792253
33.47165727906025,130.04083849490064
33.47169597329059,130.04085152967446
33.471730559417836,130.040860271984
33.47179149478171,130.0408690790448
33.471885494619926,130.0408655770848
33.47194080202644,130.0408675618885
33.471988225076586,130.04086885871095
33.47199808074686,130.04087143976517
33.472014612984026,130.0408739425784
33.47202233276448,130.04087019510348
33.47203682893655,130.04085669268227
33.4720502522174,130.04085610902223
33.472108639801945,130.04086116680946
33.47212461266082,130.04086369570302
33.472143748435315,130.0408778861056
33.47215044118997,130.04089396868176
33.47216025189414,130.0409131134495
33.47216641404884,130.04092788571347
33.47217410774891,130.04093405955928
33.472185467985014,130.040934136901
33.47219686509328,130.04092422817064
33.47221438658471,130.04091875489667
33.472268666965476,130.04094108866036
33.47227997324222,130.04094416344242
33.47229955867772,130.04094977970863
33.472314586349114,130.0409559400647
33.47233210784054,130.0409726332805
33.47234291859087,130.0409831913213
33.472353775206614,130.04098627779456
33.47236413539656,130.04098627779456
33.472374467707596,130.04098144034128
33.47238791886741,130.04097094705162
33.47240136013471,130.04097286620492
33.47240753218193,130.04097771714794
33.47241264033113,130.0409951100363
33.47242294566246,130.04102406011236
33.47242986504631,130.04104345039502
33.47243286518466,130.04104749734415
33.472447414416706,130.04105228263677
33.47246261295925,130.04105814531727
33.47246616168405,130.04106144043317
33.4724692517546,130.04106516182787
33.4724726404001,130.04107364513266
33.472476413955405,130.04108306103456
33.472483720947025,130.04109457775257
33.472491748295624,130.04110569427246
33.47249863980045,130.0411128267956
33.4725016399388,130.0411150580136
33.47250464007715,130.04111727574173
33.472517946446146,130.0411231654018
33.472533440865675,130.04112450089508
33.47254535958075,130.0411364196101
33.47255719825614,130.04115027186765
33.47262502692348,130.04119094730447
33.47271346805218,130.04124644626654
33.47276622498134,130.04128416293383
33.47281374785621,130.04131968885258
33.47283441427686,130.0413324772121
33.472852441187285,130.0413426071757
33.47293444137142,130.04140703011046
33.473018694357336,130.0414719458737
33.473057640397826,130.04150508409236
33.47309389206953,130.04153941571155
33.4731075860463,130.041550025913
33.473119000241695,130.0415575622318
33.473163558951114,130.0415812449785
33.473175892253664,130.04159316459288
33.47320358597676,130.0416054466341
33.47324094561321,130.04162021979732
33.47327710825198,130.04163316463894
33.47331035978533,130.04164430633978
33.473329775249,130.04164894864016
33.47334991916347,130.04165291824768
33.4734044135829,130.04165747061586
33.47345230607914,130.0416590012619
33.47347882888488,130.04165922159586
33.47350505401511,130.04165852102403
33.473519468348854,130.04165693911648
33.473530360038126,130.04165488956153
33.47354863965802,130.04164975443268
33.47356589225217,130.041643645338
33.4735738017896,130.04164011729767
33.473572414135674,130.04163635543352
33.47357977508659,130.04163379956026
33.47359341420474,130.0416240859828
33.47360049456722,130.04161797688823
33.47360782943781,130.04161099904843
33.47361605373794,130.04160046708796
33.47362372135768,130.04158836581053
33.47363213541479,130.04157114109535
33.47364066728301,130.04155297029342
33.473647612747186,130.0415415048367
33.473655640095785,130.04153131012197
33.47370374842927,130.04149075159694
33.47374872082685,130.0414538910843
33.47377419772113,130.04142671896795
33.47380027895974,130.04139316526243
33.47381280201927,130.04138022042093
33.47382210820376,130.04137153027193
33.47383610795009,130.04136330687118
33.47384661293091,130.04135780841614
33.47385544067612,130.04135525344225
33.47386416230131,130.04135394313005
33.47389746779396,130.0413586375911
33.4739269187923,130.04136605699796
33.473933080947006,130.04136836555767
33.47394625241765,130.04137005178654
33.473958612699846,130.04136992228416
33.47397113486005,130.04136880712485
33.47399344074472,130.04136405960378
33.47401794637119,130.04135861241014
33.474058774692764,130.04134513606925
33.47410041420278,130.04133360586127
33.474134558762955,130.04131827511833
33.47417186533937,130.04130236071546
33.4741884947033,130.04129722378786
33.47420425172487,130.04129372182786
33.47424535973562,130.0412905840932
33.47429102730911,130.04128610906673
33.474319918929154,130.0412785862378
33.47434805421938,130.041269857418
33.474362467653805,130.04126766487093
33.47437716167673,130.04126674396514
33.47439213538877,130.04126808035767
33.474404251954695,130.0412697800764
33.474411558946315,130.04127175139024
33.47441889201832,130.04127403386963
33.47442538692212,130.0412779513165
33.47443086469269,130.04128316468632
33.47444480238579,130.04130333288253
33.474457775106316,130.04132547329198
33.47447080178614,130.0413542803758
33.47447108057594,130.04135469496327
33.47448374842628,130.0413853312681
33.47448916234504,130.04139591359058
33.47449364006951,130.04140308658327
33.474504639677434,130.04141403403048
33.47450708133681,130.04141658900448
33.474521054103434,130.0414288071937
33.47453680213175,130.04143758817418
33.47454497337185,130.04144221788408
33.4745722246285,130.04145674373376
33.47458416222935,130.04146428005254
33.47459613490378,130.04147199713498
33.47461894620744,130.04149325620892
33.474628026662174,130.04150166037334
33.47465691918154,130.04153243787175
33.47467172112306,130.04154367130343
33.474687559083634,130.04155328055947
33.47470413538758,130.0415624770268
33.47471844090336,130.04156953310758
33.474738333007735,130.0415770559365
33.47474366688675,130.04157902725035
33.474763387220605,130.04158719759118
33.474795748425095,130.0415874970654
33.474826748056046,130.04158596641923
33.47482991906554,130.04158613459254
33.47483669365852,130.04158649791862
33.47484608078207,130.0415876913189
33.47485338687437,130.04158966263287
33.47486016236667,130.0415929181787
33.47486753231084,130.04159800294553
33.47487305414819,130.04160321721474
33.47488280189987,130.0416171980753
33.47489191922676,130.04162992168358
33.47490191878859,130.04164033673226
33.47491444094874,130.04165105125503
33.47492677515061,130.04166038891583
33.47493519820091,130.04166666708306
33.47493858594703,130.04166919597662
33.47495189231603,130.0416763545802
33.47496399988876,130.04168130984465
33.47496916199731,130.04168230899143
33.47497366670143,130.0416828018199
33.47497689167028,130.0416813620053
33.474979774896724,130.04167938979208
33.474983918972725,130.04166666708306
33.4749915856932,130.04164311293937
33.47499999975025,130.04161625198856
33.475001694073,130.04161082997587
33.47500469421129,130.04160433237405
33.475008000119146,130.04159946794118
33.47503958610804,130.04157780776973
33.47507216225051,130.04155797681926
33.47508005380149,130.04155413671413
33.47508697318534,130.04155169865203
33.475094720844766,130.04155041531942
33.47510194599806,130.0415498046798
33.475108612672386,130.04155080382657
33.47511538726536,130.04155311328566
33.47513902684466,130.0415664978956
33.475164721374824,130.04157632928423
33.475168774619306,130.04157866392427
33.47517241417563,130.0415820489725
33.475175252435974,130.0415873019125
33.47517674800855,130.04159243794072
33.47517710773741,130.04160674435582
33.47517713471706,130.04161880696245
33.47517844143198,130.0416270816246
33.47518030572655,130.04163435803923
33.47518441382971,130.04164238718647
33.475187919387,130.04164902688115
33.47519874812377,130.04166450061632
33.47520044064788,130.04166666708306
33.47520794638967,130.04167632939914
33.4752162246491,130.04168452671956
33.47522166734615,130.04168824901353
33.47522655875872,130.04169055757325
33.475238359662626,130.04169108907251
33.47524846804242,130.04169063581423
33.47528858589959,130.04168007777344
33.475314441408386,130.0416759139124
33.47531469411791,130.0416758113896
33.47532002709761,130.04167630421807
33.47532708137976,130.0416805319311
33.475332640089334,130.04168477313385
33.47533872130498,130.04169243805563
33.475342386941634,130.04170024596965
33.475343892406784,130.0417062777226
33.47534374761591,130.04171143983115
33.475342198084036,130.0417203889848
33.47533972135113,130.0417284702927
33.475335640227684,130.04173691312815
33.47532974786964,130.0417454728754
33.475315999933514,130.04176102485144
33.47530508126454,130.04177136165913
33.47530346788079,130.04177394271335
33.47530277540284,130.041776549848
33.47530463969741,130.04178406008634
33.47530777473406,130.04179252900212
33.47531305375446,130.04179999967027
33.475319134970164,130.04180552510502
33.47533966739178,130.04181422784438
33.47535691908661,130.04181832695429
33.47536761292503,130.04183447518096
33.47537802707433,130.0418538393833
33.47538386457376,130.04186194587214
33.47538913460096,130.0418687807197
33.47539266713795,130.0418708950258
33.47539635975426,130.04187128443232
33.475405747777074,130.04187063602114
33.47541591910942,130.04186955863327
33.47542274766175,130.0418671079807
33.475427774871946,130.04186469509966
33.475434467626656,130.0418548376307
33.47544089238335,130.04184496757125
33.47544661297087,130.04183961120918
33.475452197760774,130.04183591409617
33.4754659456969,130.04183058381443
33.475479162133695,130.04182591363508
33.47548608061817,130.0418246689734
33.47549222478642,130.04182416265508
33.47550172072789,130.0418284704076
33.47551286512669,130.0418357720033
33.47551922513219,130.04184119311662
33.47552341417429,130.041847055797
33.47552964018081,130.04186055821822
33.47553397311441,130.0418738394062
33.47553586528801,130.0418836060436
33.475536666583935,130.0418928663628
33.47553580233546,130.04190019493808
33.475534134992415,130.04190569429238
33.47551955878066,130.041920920714
33.47550266681469,130.04193916975692
33.475498306002066,130.04194697767093
33.47549555857324,130.04195345009168
33.47549461338576,130.04195894944598
33.47549446769557,130.04196335882204
33.47549633288952,130.04197033666173
33.475499162156666,130.04197569392318
33.47550989196799,130.04198771695962
33.47552061278611,130.041998365832
33.47552344115394,130.04200308727275
33.47552519842924,130.04200841755448
33.47552572093531,130.04202855967037
33.47552566697601,130.042035227244
33.47552561301666,130.04205080440113
33.47552764008856,130.0420667188041
33.47553016178756,130.04208066099375
33.475536802381555,130.0420969387228
33.47554425236541,130.04211581099594
33.475559531846955,130.0421445776102
33.47557130577121,130.04216511003187
33.47557661267058,130.04217258070014
33.47558213540725,130.04217930043444
33.47558758619817,130.04218396881515
33.475592224901334,130.04218630435457
33.475607559241496,130.0421886120149
33.475624134646125,130.04218885932846
33.47563300016287,130.04219133606136
33.475640612923996,130.04219457811735
33.4756521080584,130.04220177719037
33.47566299974767,130.0422093000193
33.475668802173516,130.0422148380444
33.47567208110172,130.0422200523136
33.475678945626896,130.04224472071735
33.47568364008799,130.0422684439336
33.475687134853445,130.04227819708115
33.47569080228874,130.04228569382974
33.47569691857797,130.04229466906384
33.475702197598366,130.04230182856656
33.47570827881407,130.04230669299955
33.475715612785336,130.04231050612498
33.475733973344234,130.04231622581324
33.47575274759129,130.04232053176725
33.475766053960285,130.0423273666147
33.47577691866991,130.04233197114365
33.47578097281371,130.0423324765626
33.47578413483001,130.04233267171549
33.475788892243656,130.04233024624398
33.47579255877963,130.0423266408618
33.47580433270383,130.04229907933916
33.475816801804,130.04226569380683
33.475823197782404,130.04225272378426
33.47582922503875,130.0422418941481
33.475834693816125,130.04223557731007
33.47584025162638,130.04223092062057
33.47584816206307,130.04222963728796
33.47585619840487,130.0422303108802
33.475861892012745,130.04223228309343
33.47586761260027,130.0422361996409
33.475865000069746,130.04223858644173
33.47587463990277,130.0422487164052
33.475877468270596,130.0422524377998
33.475887054144266,130.0422701949136
33.47589330623117,130.0422839950104
33.4758969457875,130.04228795112806
33.47589813469119,130.0422892218702
33.475900495411565,130.04229165993218
33.475906198012694,130.0422933326712
33.47591125220259,130.0422941366652
33.47591789189727,130.0422915816912
33.47591789189727,130.04229128401562
33.47592553163804,130.0422890267173
33.47593705375209,130.04228795112806
33.47593949541141,130.04228888462444
33.475941694253834,130.04229133617628
33.475945612600015,130.04229849477974
33.475948747636664,130.04230535660702
33.47594841398819,130.04231147919143
33.47594966674376,130.0423194417889
33.47595166683601,130.04232286640718
33.47595466697436,130.04232464256825
33.47596080214936,130.04232435838253
33.47596800032301,130.04232213975502
33.47597372091053,130.04231744529397
33.47597658615058,130.04231355392744
33.47597619764343,130.04231031097208
33.47597508068549,130.04230722359955
33.475970891643385,130.04230230880455
33.475963748328354,130.0422859141637
33.47595572097981,130.04227577160964
33.475953999677415,130.04227236138047
33.475953053590615,130.042268495195
33.47595355900961,130.04226472074038
33.475955333371985,130.0422611666196
33.47595972116426,130.04225778157138
33.47596449476566,130.04225535699914
33.47597864020213,130.04225316535133
33.47599144115213,130.0422530223592
33.47599630558511,130.04225435785236
33.476000667297,130.04225763857926
33.4760048653323,130.04226461731832
33.47600808130795,130.04227274988762
33.47601105356733,130.04228444916805
33.476014414333804,130.0422976386252
33.47601599983858,130.04231547308063
33.47601719773553,130.04233075166292
33.47601838663928,130.04233450093648
33.476020586381026,130.04233727624433
33.47602174830507,130.04233758830912
33.476024108126126,130.04233808023832
33.476028054351275,130.04233566825656
33.4760345861273,130.04233033707544
33.47604033279515,130.04232499420323
33.4760431980352,130.04232367130044
33.476045892404045,130.0423235283082
33.476050532006525,130.04232586294825
33.476055026818074,130.04232535662993
33.47605530560793,130.04232569387568
33.476067108310474,130.04233730232465
33.47608227897405,130.0423514396673
33.4760882522711,130.04235469521302
33.476093586150114,130.04235605678662
33.476100892242414,130.0423557456212
33.47610944119782,130.04235608286695
33.47611786514739,130.0423611667345
33.47612766685842,130.04236783430815
33.47613377505371,130.04237680864287
33.47613497295072,130.04237958484998
33.476145828667086,130.0423973275747
33.47614974791259,130.04240105076792
33.476152999861085,130.042402826929
33.476157775261186,130.0424035284002
33.476158054050984,130.0424035284002
33.47616263969411,130.04240208768624
33.47617653242111,130.04239172479834
33.47619222469149,130.04237863786386
33.47619849476479,130.04237544706928
33.47620489164251,130.0423733327632
33.47620886484731,130.0423731645899
33.47621155921615,130.04237272392209
33.4762191620847,130.04237844361035
33.47622553198278,130.04238333322428
33.47622822455298,130.04238413721828
33.476230586172676,130.04238444928296
33.47623763955545,130.04237671871067
33.47624541419458,130.0423674970624
33.47625305393535,130.04236277562165
33.47626041398695,130.04235992207282
33.47627030563018,130.04235797683918
33.476279612713995,130.0423572241067
33.476291134828045,130.04235839232604
33.476300918552624,130.0423608555691
33.47631938703012,130.0423709990224
33.4763334946951,130.0423799742565
33.47633894638534,130.0423821659043
33.47634491878301,130.04238457788597
33.47635402711671,130.04238771741927
33.47639849499461,130.04238852141316
33.47643466662663,130.04239027239316
33.476473081167796,130.04239027239316
33.476548640407486,130.04239031106408
33.4766408290111,130.04238347621651
33.47673486482222,130.04237105118318
33.47678882864159,130.04235647227347
33.47680419805533,130.0423478082048
33.47682249476236,130.0423353310108
33.476841440779936,130.04232717326045
33.4768588921242,130.04232019542076
33.476890306342625,130.0423115556339
33.47691419773207,130.04231430576067
33.47692744114852,130.04232243832996
33.47693574818629,130.0423258107876
33.476958027091314,130.04232491596213
33.47697722491904,130.04232296982923
33.47699449460032,130.04231880686746
33.47699935993256,130.04231766472856
33.47701849480774,130.04230024575975
33.47704025210601,130.04227827532225
33.47706355893615,130.04226121878025
33.47709077511922,130.04224953298967
33.47711338677345,130.0422443322102
33.47713725208257,130.0422427763831
33.47720574804691,130.04222577200187
33.477217693741636,130.04221961074654
33.47723591940223,130.04221027218637
33.477274162172876,130.0421870561878
33.47730338744145,130.0421766150588
33.477336441123896,130.04217280193336
33.47737169364882,130.0421726328608
33.47741553200126,130.04217632907444
33.47744133265144,130.04217852072225
33.4775163334121,130.04218791234234
33.4775454948288,130.0421929962099
33.47756833311212,130.04219455293628
33.47758089214449,130.04219710791028
33.47763074786076,130.04219946773128
33.477720494805055,130.04220213961707
33.47780080156576,130.04219888497062
33.47785116180171,130.04219477327024
33.47787577534683,130.04219280195628
33.477957467962824,130.0421821144131
33.47799797342776,130.04218477280904
33.478071359905414,130.04219430562273
33.47809955904745,130.04220250294327
33.47812974838922,130.04222358035406
33.47814682921285,130.04224275030276
33.47816722493752,130.04226671903393
33.478212387092015,130.0423027242914
33.478240278665965,130.04231713412855
33.47826889239553,130.04232155609498
33.47831877509145,130.04232391681535
33.47834574755825,130.04232525320788
33.4783581348201,130.04234027188613
33.478376386561024,130.0423464196516
33.478389774768345,130.04234208761727
33.47839966731084,130.0423243323022
33.47840719823364,130.04229616103908
33.478413495286645,130.04228230878164
33.47843049517127,130.04227664125403
33.47845010758647,130.0422739432879
33.47845813493501,130.04228547259652
33.47846430608291,130.0423000524056
33.478468945685336,130.04231722406075
33.47848327908014,130.0423284700829
33.47849846773016,130.04233464302945
33.47850372067023,130.04233693899857
33.47850841423201,130.04233927363862
33.47851572122363,130.0423383266525
33.478520720554855,130.0423339694372
33.47855664037672,130.04230258129917
33.478574748226094,130.04229936442414
33.47866891893551,130.04229316539738
33.47869533292334,130.04229267166954
33.478720864676234,130.04229538312552
33.47873553171945,130.04230169906418
33.478749413654555,130.04231530490745
33.478772162005725,130.04233055830866
33.47879438695145,130.04234763913234
33.47885980183844,130.04238661485044
33.478883197701464,130.04240325590558
33.47889841423046,130.04241416288335
33.478938532087625,130.0424367439606
33.4789762523522,130.04245075180086
33.47903755913609,130.04247311344352
33.47906225182152,130.04248391699923
33.47909110836798,130.04249639419334
33.47910197307766,130.04251263325148
33.47911144114016,130.04253769106163
33.47911653220223,130.04255238688324
33.479133468235034,130.04256533082537
33.47915708083468,130.04257616136078
33.479180386765506,130.0425913877824
33.479202694448816,130.04260966290565
33.47923194579772,130.04263461729386
33.47924708138777,130.04265693936634
33.47925741369875,130.04267630356867
33.47926705443109,130.04268769078442
33.47928013507021,130.0426903626702
33.47930227907699,130.04268321665722
33.47933369419468,130.0426776129815
33.479356775295,130.04268725011661
33.479373865111825,130.04270513583344
33.47938580181335,130.04272199722243
33.479406918794325,130.0427713879892
33.47942469389454,130.04279549881323
33.47943505408455,130.04279572004646
33.47946158588354,130.04279832718112
33.47948855924966,130.04279975440522
33.47954125232701,130.04282683479062
33.47973030600889,130.04289425426646
33.4797931982975,130.04293455288735
33.47981969412365,130.04295761330332
33.47985546825532,130.04299219223594
33.47988016184007,130.04302344997234
33.47989169384664,130.04304472073738
33.47989838660129,130.04306241220058
33.479903585582065,130.04308138789577
33.47990825216414,130.043099196271
33.479915918884615,130.04311311327967
33.47992830614646,130.04312944227001
33.479947333102984,130.04314224411928
33.48003089181225,130.04321955883563
33.48015538676174,130.0433106097969
33.4802294684153,130.04336530476508
33.48025827909635,130.0433927502753
33.48027602721692,130.04341494194603
33.480294585626666,130.04344946781873
33.48030916183842,130.04346944176143
33.48032613474339,130.04348238660293
33.48035127888846,130.04349189423556
33.48037749502544,130.04350011673705
33.48039877478368,130.0435005322239
33.48042046823008,130.04349780817734
33.48043600042115,130.043497860338
33.4804633056371,130.04350917021213
33.48048180199362,130.04352391729503
33.4804947477345,130.04354077778476
33.48050408089864,130.043558974667
33.48051163970047,130.04356985736308
33.48052805412647,130.04358216638389
33.48055472082376,130.04358919638435
33.48057294558504,130.04358975396406
33.48069299968222,130.0436562255544
33.48076536003339,130.04368372232602
33.4808066398146,130.04369380012884
33.480829225388504,130.04368861193996
33.48084402733002,130.04367800263776
33.4808570540099,130.04366269797515
33.480870828925674,130.0436347731263
33.480885531941794,130.0436243059171
33.48091469425776,130.0436300004243
33.48094046792829,130.04364133637864
33.48096849529986,130.04366136158262
33.4810401083144,130.0436974711614
33.48105677455055,130.0437204407458
33.481069278724306,130.0437404146885
33.48108180178377,130.0437615820315
33.481096252090424,130.04377766460755
33.48112149516095,130.0437897802742
33.48118497290824,130.04379832743098
33.481220026682934,130.04380933873006
33.48126572123607,130.04382927400184
33.48133294555902,130.04385941567955
33.48135074763894,130.04386678292576
33.48139533332801,130.0438817773222
33.48143346818006,130.0438931906183
33.48145519759936,130.0438917508037
33.48148049462918,130.0438888846644
33.481500667321995,130.04388686118978
33.48151989212937,130.04388600503512
33.48154280235849,130.04388885858407
33.48156489240591,130.043901634353
33.48157094574259,130.0439119198993
33.48157658629049,130.04393024628394
33.48158549497464,130.04395219243975
33.48158972088896,130.04397377437022
33.481590080617764,130.0439861346524
33.48159294585781,130.04399535720006
33.48160408126341,130.04400352844016
33.481619305886284,130.04401036328773
33.48163297288346,130.04401849495764
33.481655305747836,130.04403622599114
33.4816798293607,130.04406189444092
33.481701919408124,130.0440721916783
33.48173005379897,130.04407477273264
33.481744468132774,130.0440729956723
33.48175580228849,130.0440700782716
33.48178069372409,130.04407089485596
33.48179149458184,130.04407477273264
33.481814802311305,130.04408321736662
33.481838387031985,130.04409155588064
33.48185872070343,130.0440975876336
33.48186277484723,130.04409700397366
33.48187213499108,130.04409581057325
33.481877666721005,130.04408747115997
33.48187741401148,130.04407758761067
33.48187227888263,130.04404374792068
33.48187086514838,130.04401094694765
33.48187410810368,130.04399894909227
33.481881053567804,130.04398878135726
33.4818930541212,130.04398830111927
33.48191086519432,130.04399564228515
33.481923441313825,130.04400325594554
33.481931000115594,130.04401038936805
33.48194155905577,130.044035966087
33.48194455919412,130.04405133640012
33.48194419766662,130.04407425382385
33.48195013499077,130.0440846427921
33.48195458573559,130.04408671932674
33.48197538705455,130.04409661456714
33.48199986480199,130.044100660617
33.48202116164737,130.04410505830185
33.48202749467322,130.0441062777826
33.48204353228323,130.04411761283768
33.48204661336058,130.04411983056582
33.482074972581984,130.0441367189345
33.482097252386325,130.04415005228316
33.48212253232907,130.04416333257177
33.482137972789246,130.04418070027918
33.48214774841989,130.04419574593703
33.48214933302535,130.04421555080705
33.48214763960192,130.04426396940676
33.48214455942394,130.0442845530897
33.48214544075955,130.0442969133719
33.48214889235754,130.04430797683176
33.482153306230146,130.0443195592004
33.48216030565362,130.04432797685467
33.48216319787332,130.04433031059546
33.48220646785427,130.04436510986204
33.48222166729619,130.0443707782888
33.482232945693966,130.04437033672173
33.48223772109401,130.04437005163663
33.48225680200983,130.04436747058242
33.48227186475481,130.04436688692238
33.482288054350306,130.04437175135536
33.482316224714054,130.04437810596494
33.4823252790884,130.044383942565
33.48232566669623,130.0443976131594
33.4823231620843,130.044403216835
33.482318613313396,130.0444078078741
33.4823158020327,130.04441600519453
33.48231505379675,130.04442719815677
33.482317532328295,130.0444412842379
33.482325108217196,130.0444534502666
33.48233580205567,130.0444640856491
33.48233966734182,130.04447180273155
33.482396251785644,130.04458447519346
33.48242510833211,130.04463224358324
33.48247322475959,130.04468433231614
33.482558333000725,130.0447783006781
33.482658360095286,130.0448877166948
33.48278897313264,130.04501335917928
33.48292249457751,130.04515308684552
33.48299119828522,130.04519805384712
33.48308238684274,130.0452501947408
33.48308561271091,130.04525844422187
33.483092613033705,130.04534542215356
33.483093918849306,130.0453654221766
33.483093559120505,130.04537693889472
33.48308944112483,130.0453903369945
33.48308269441088,130.0454036451622
33.48302902736776,130.04548450140862
33.483022892192764,130.04549713418544
33.48301938663542,130.0455103110521
33.483017251644924,130.04552583694783
33.483018829055766,130.04554169919015
33.48302500020367,130.04554438366642
33.48303313457154,130.04554791170688
33.483030891662395,130.04552622635435
33.483032585985086,130.04551416284835
33.48303538737326,130.04550369563913
33.48304027878589,130.0454936448159
33.483084332975636,130.04544224406436
33.48309605383986,130.04542016930543
33.48310408118846,130.0454066408039
33.48311208065803,130.04539243781085
33.48311997310833,130.04537438392072
33.483125440986385,130.045361089243
33.48315697301592,130.04529649813492
33.483162081165176,130.04529472107458
33.48321833285985,130.045327249553
33.48325822498714,130.04534469460202
33.48333333276713,130.04537744521303
33.48333549473733,130.04537839219915
33.48342444128497,130.0454077559632
33.48344738658767,130.0454129702324
33.483478918617266,130.04541058433108
33.48351041377464,130.04540291761066
33.48354389193713,130.04538350214693
33.48357100020155,130.04536761292502
33.48361977493272,130.0453323352192
33.48366016168717,130.0452946428336
33.48367982896099,130.04526355416976
33.48369605363001,130.04522591394482
33.483719224662536,130.04520177704046
33.483765000154676,130.04517588825672
33.483768946379826,130.04517241237704
33.483772891705655,130.04516880699487
33.483772828753104,130.04516063575477
33.48376844096083,130.0451529438534
33.483767413935084,130.0451383010918
33.48377336025243,130.04512413676957
33.483782224869856,130.04510413674655
33.48380282923722,130.04508766476397
33.48382358559007,130.04507894943401
33.48385753229934,130.04507124494205
33.48387766722061,130.04505413713878
33.48390627915154,130.04503360561648
33.48391755934796,130.04502357997433
33.48393086481764,130.04501891069424
33.483951080677855,130.04501891069424
33.48397527873618,130.04501121879275
33.4839909728052,130.04500297021093
33.484006774792874,130.04499472072985
33.48401510791098,130.0449988333296
33.48401761342217,130.04500644609072
33.48401758644252,130.04501581073112
33.484015613329916,130.04502938959467
33.48401510791098,130.04504466907633
33.484018135028975,130.04505347613713
33.4840196126151,130.04505635486692
33.48402646814702,130.04505810584692
33.484030972851144,130.04505461737676
33.48403482914409,130.04505230881705
33.484036829236345,130.04504399458472
33.48404225214824,130.0450352270941
33.48404908070057,130.0450317251341
33.48406046791632,130.04502341090176
33.48406786484014,130.04501105061956
33.48407077504629,130.04500286588961
33.484084612914614,130.0449975230173
33.48409441372627,130.04499291758918
33.484101774677185,130.0449781965866
33.48413430585356,130.04495169896177
33.48415105392803,130.04494817092143
33.48416089161191,130.0449505316418
33.484166801956405,130.0449551883313
33.48416927868931,130.04496108878334
33.48417522500665,130.04497286630476
33.484180585865374,130.04497924789405
33.48418555911633,130.0449805060456
33.48419241374893,130.044980415214
33.48419691935237,130.044978664234
33.484205251571154,130.04497155599256
33.48421261342145,130.04496868985325
33.48421953190592,130.0449651618128
33.48422546833075,130.04496510965214
33.484236774607496,130.0449686376926
33.48424119837267,130.04496868985325
33.48425258558842,130.04495985671213
33.484257946447144,130.04495280242998
33.48426089172682,130.0449374968681
33.484265775045515,130.0449187163258
33.484270775276116,130.04490983102392
33.48428058598029,130.04490983102392
33.48428900003739,130.04491341122502
33.484292946262485,130.0449221922055
33.48429733315544,130.04492924828628
33.48430330555317,130.0449303634456
33.48431166744956,130.0449291961255
33.48431608132216,130.04492924828628
33.484323495333115,130.0449303634456
33.48432986523113,130.04492802880554
33.48433719830314,130.0449197541434
33.48434213468181,130.04490625172218
33.48435789170338,130.04488919607957
33.484372225098184,130.04487686097843
33.4843889731726,130.0448733590183
33.48440761342067,130.04487219169835
33.484426413748054,130.04487680881778
33.48444461332832,130.0448768348981
33.48445200035957,130.04487566757803
33.4844558917261,130.04486627775657
33.48446180207054,130.04484919603362
33.48446625191605,130.04484216603316
33.48449330622117,130.04483036333068
33.48451353197396,130.04482204909834
33.48453027914911,130.04482036286947
33.48454753174326,130.04482267232856
33.48456625203096,130.04482966275884
33.48457610770129,130.0448332168795
33.48458597326413,130.04486194572223
33.48459041411638,130.0448772755659
33.484600748226,130.04488372190633
33.48461608076758,130.04488367064494
33.4846387212001,130.04487544724418
33.484647081297794,130.04487138770446
33.48464999959788,130.04486489010264
33.48465299973623,130.0448560308812
33.48465594591522,130.04483727641923
33.484660332808176,130.04482486397637
33.48466477455975,130.04481491567583
33.484670639938145,130.04481549933587
33.48467608083649,130.04481897521555
33.48468155860712,130.04482958541712
33.48468600035869,130.04484308693895
33.48469333343064,130.04486011740062
33.484708135372216,130.04488533079348
33.48471849466284,130.04490824911647
33.484724440980244,130.04491830083896
33.484726945592115,130.04492527867876
33.48472538706699,130.04493583671956
33.484723946353085,130.04494769068344
33.48472202719984,130.0449564204025
33.48471858639368,130.0449770301659
33.484721558653064,130.0449870036474
33.48473530568987,130.0450064200104
33.48474713537206,130.04504158170369
33.48475505390269,130.0450774448683
33.48475113465719,130.045105031572
33.48473394591491,130.04514450101794
33.48470344091112,130.0451750581825
33.48469358614017,130.0451832564022
33.484688162328894,130.0451926723041
33.48469355916046,130.04521444938734
33.48471182888784,130.0452584703022
33.484792224681485,130.04539230920773
33.484927360409415,130.04561313863553
33.485055467935524,130.04577807969474
33.48515710841389,130.04595535675435
33.48524044139333,130.04613221832733
33.4854248293924,130.04643922169282
33.48556882883844,130.04663885859657
33.485771440699466,130.0469201953108
33.485982972935915,130.04717902739026
33.48615446825414,130.0474279768198
33.486287585903426,130.04761944158406
33.486434027008784,130.04781788598666
33.48658297272607,130.04801693923048
33.486794828718416,130.04824919634336
33.48698644097152,130.0484503629939
33.487184135339646,130.04864620026194
33.48742991915549,130.04886635519824
33.48762780238121,130.04900408636956
33.487750666859824,130.04910508383261
33.487876197828314,130.04919033686463
33.48800880196467,130.04927022004472
33.488234585757596,130.0494134757514
33.488364559376976,130.04950094741082
33.488372027347225,130.0495351621181
33.48837372077065,130.0495662516812
33.48836908116823,130.0495743842505
33.48835758603383,130.04957978018274
33.48833922457561,130.04958319131129
33.488326027024584,130.04957827471765
33.48831630625256,130.0495693642348
33.48830197285781,130.04955907868862
33.48828486505454,130.0495487158007
33.48826764033936,130.04954730206634
33.48824469413739,130.04955335900036
33.48822282892047,130.04957241203726
33.48820730572265,130.04958302223872
33.48819586544687,130.04958250332993
33.48818727871998,130.04958250332993
33.48818146820025,130.04958933907676
33.488178666812075,130.04959756157825
33.48817689155038,130.04961328082834
33.4881813602816,130.0496325029377
33.4881864684308,130.0496509471336
33.48818533258708,130.04965581066722
33.4881783871229,130.0496578080615
33.48815836012028,130.04965428002106
33.488138333117604,130.04965416310915
33.48813146769311,130.04965069981995
33.48812977516906,130.04964252857985
33.4881297212097,130.04963703012493
33.48812689194256,130.04963019527736
33.48812408066186,130.04962880672406
33.48811261340643,130.04962666723702
33.48809710819506,130.04962664115658
33.48808682894406,130.0496265242448
33.48804566697402,130.04960836603334
33.48801644080618,130.04959596618096
33.487993494604154,130.0495786902045
33.487966612968876,130.0495648901076
33.48791797313601,130.04954756197048
33.48787613487576,130.04953574577814
33.487849225361515,130.0495288326896
33.48783669420811,130.04952036287455
33.48782353173067,130.04950664101875
33.487812107642696,130.04948814466218
33.487800721326266,130.0494709469267
33.4877789460416,130.04945374829197
33.48774463960348,130.0494364723154
33.48771597281393,130.0494260311865
33.48768733300409,130.049429338893
33.48766891938516,130.04944094734196
33.487658640134214,130.0494497795837
33.48765461297006,130.04944153010263
33.487648946341835,130.04942094731894
33.487638640111186,130.04939491644234
33.48762722501647,130.0493866408808
33.487614585944414,130.04938655004935
33.48760030560965,130.04939133624123
33.48749422517841,130.0495157196748
33.48749353180108,130.04951644632695
33.4875309193165,130.04955092093826
33.487546748283876,130.04956416255607
33.487566413759055,130.0495807262696
33.4875692520194,130.04957632858475
33.48762441373577,130.04949169878296
33.48764638687129,130.04947586262108
33.48767053186958,130.0494595588117
33.48769238719399,130.0494444753823
33.48770789240535,130.04944311290944
33.48772516208663,130.0494479773423
33.4877411079658,130.04945975396458
33.48775538740125,130.04947552537521
33.48777080178115,130.04949752279254
33.48778325199555,130.04952243761045
33.488090278743414,130.04965425394073
33.48812289175811,130.04967219181822
33.48815030579203,130.049696304441
33.4881657480509,130.0497129436975
33.48818291880673,130.04971780813037
33.4882017479124,130.04973847005442
33.488216054327495,130.04974875470134
33.488241801917695,130.04975438355802
33.48827049478757,130.04975795116854
33.48829453186721,130.04975114060267
33.48829916157712,130.04974299634227
33.48830033339374,130.0497327764465
33.48829641414824,130.0497258372776
33.48827525220116,130.0497052787756
33.48824774823504,130.04968386501844
33.48823630616067,130.0496824773645
33.48823058557309,130.04967769117252
33.488226559308316,130.04967083024474
33.48822489196522,130.04966396931684
33.488226613267614,130.0496550318543
33.48822894610902,130.04964133607882
33.48823077533007,130.04962228304203
33.488233666650444,130.04960856028686
33.488242278558346,130.04959352811886
33.488246359681796,130.0495853047181
33.48825780175622,130.04958194575022
33.48827502737066,130.0495820878432
33.48831686473159,130.04959389144494
33.488332252131784,130.04960416260212
33.48834941389441,130.049607197814
33.48836953172855,130.04960858636719
33.488395387237404,130.0496039953282
33.48841138707593,130.04959919564646
33.48843263985452,130.04959725041283
33.4884613327244,130.0495969392474
33.48848022478262,130.04959360635996
33.48850313501174,130.04958216608418
33.488511918690165,130.0495872238713
33.48861727876448,130.049639144431
33.488827918873426,130.04972538311995
33.48904577514247,130.04980814502994
33.489193108375275,130.04987044106804
33.489328945574414,130.04991169926552
33.4894510537232,130.0499370295703
33.48955294601171,130.0499507784058
33.48969491928517,130.0499682747162
33.48975616221719,130.04997341074443
33.4898479731055,130.04997260675043
33.48995453197614,130.04997252940882
33.48996400003864,130.04997330732238
33.48996589221218,130.04998208830284
33.48996977458546,130.04999691272735
33.48997002729499,130.0500000001
33.48997136009024,130.05001613483682
33.48997097338179,130.05003649818593
33.48996953176851,130.05005641996786
33.48996944093699,130.0500572761224
33.48996174813624,130.05013654956213
33.48997066671296,130.05013785987444
33.48997853218356,130.0500577167902
33.48997861312256,130.05005630395533
33.48998074811311,130.05002992234313
33.48998258632736,130.05000839167406
33.48998302699516,130.0500000001
33.48998344068332,130.04999169935752
33.489985251917915,130.04998092098276
33.48998610807246,130.04997499355113
33.49001886497871,130.0499776393566
33.49013602685619,130.04998291837705
33.4902698648624,130.04997566804275
33.49033533280942,130.04997719778953
33.49033894628542,130.0499765241973
33.49038755913858,130.04996832687686
33.49043782944233,130.04995036291893
33.490480972618855,130.0499324772021
33.490532721408044,130.0499084437198
33.49056169396704,130.04988800302897
33.490580053626616,130.0498620881649
33.49060344139576,130.04984158182356
33.490623278641465,130.0498313619279
33.49064913504958,130.04982654965556
33.490683640237876,130.0498013362627
33.490709639638226,130.04976994812466
33.490734585932444,130.04973016931194
33.49075289163267,130.04971749696494
33.49076638685932,130.04971466859718
33.49077269380484,130.04971330702358
33.49079394568412,130.04971219186427
33.49081477488198,130.0497099480557
33.49085825170698,130.04964121916703
33.49089713479498,130.04956247722657
33.490924198093296,130.04949427983718
33.490958107930396,130.04939080384258
33.49098363968329,130.04926386543514
33.49102300031126,130.0490341372157
33.49102144088681,130.04901822281283
33.49102382858689,130.0489324122011
33.491009613003314,130.04893247695236
33.490987918657595,130.04891430615032
33.49097753238726,130.04890022006919
33.49096619823149,130.04888141434583
33.49095782914054,130.04884963680138
33.490947918611596,130.04878863758563
33.490943973285766,130.04875627817978
33.49095038725062,130.048688079891
33.49095030631162,130.04865408641706
33.49094838715837,130.04862763915423
33.49094138683557,130.04859878080913
33.4909344683511,130.04856655000629
33.49093453220297,130.04854891070374
33.49093744061042,130.04853070033164
33.49095766726259,130.04851014272901
33.49098416218936,130.04846185543033
33.491008801814814,130.04840722431402
33.49103289195443,130.0483355249646
33.491059946259554,130.04827849535639
33.4911043062188,130.04821916977892
33.49113530584975,130.04818267169298
33.49115444072493,130.04816438397916
33.491165828839996,130.04815379985803
33.49118110832154,130.04814741916812
33.49119433285222,130.048143838967
33.49120125223607,130.048141479146
33.49121261337149,130.04812975378513
33.49124119832271,130.0481173674226
33.49125741399848,130.04810622572177
33.49126727866201,130.04809739258064
33.49128302669038,130.04809377370873
33.491295829439025,130.0480937476284
33.491311613440246,130.04809204880905
33.49134699996415,130.04806263288424
33.491378558973395,130.04804204920129
33.49141597256914,130.04803022041835
33.491442559226755,130.04802788577842
33.491494279237656,130.0480348636181
33.49151127912228,130.04804422825862
33.49152933301235,130.0480541630692
33.49159336024542,130.04806885889082
33.49166330591686,130.0480758367305
33.491666666683386,130.04807577197937
33.49176677471695,130.048073411259
33.49188649516566,130.0480809466784
33.492016027217915,130.0480890792477
33.492098801718384,130.04810014270754
33.492145586249876,130.0480978080675
33.492256441181894,130.04809238695418
33.49237361295195,130.04807635474003
33.49251405378061,130.0480715820379
33.49261991927392,130.04806202314387
33.492725801854306,130.04804258070055
33.49282091865052,130.0480160569955
33.49290316165167,130.0479848118497
33.493027748332,130.0479113363392
33.49312922513366,130.04786824892062
33.4931907207752,130.0478342275676
33.49325725172082,130.0477859141887
33.49339405389253,130.0476600261893
33.49349500009424,130.04755894868663
33.49359736003021,130.04741308674465
33.49368402679647,130.04727138776445
33.49373177540116,130.04717496785054
33.49377402734956,130.04705097292413
33.49379663990305,130.04695581116187
33.49381336009856,130.0468324115866
33.49382210780408,130.04673900080434
33.49382602704958,130.0466167190864
33.493822972951875,130.0464992217618
33.493816495135206,130.04641936376265
33.49379574777561,130.04632594038992
33.49377355880273,130.04624011718772
33.49374097276774,130.0461543578374
33.49371580164296,130.04609622566034
33.49370055903364,130.04606807957828
33.49366410771245,130.04603165973333
33.493640891713824,130.0460023346401
33.49363005398385,130.04597824899702
33.49352894590419,130.04603121906553
33.49350858615236,130.04598516208557
33.493234667046295,130.04613744518701
33.493204748400444,130.04616477288607
33.493171054400705,130.04620418927198
33.49313386473614,130.04626736664568
33.49311172072936,130.04631849490272
33.493108865381885,130.04632325591365
33.49310853173341,130.04632530456922
33.49310461338723,130.04634569399866
33.493098721029185,130.0463646948748
33.49308594615957,130.04638000043678
33.49306869356542,130.04638655019914
33.4930558917161,130.04638710777886
33.49303869398062,130.0463789113577
33.4930208919007,130.046361894386
33.493015531941296,130.046344837844
33.49301297337007,130.04630666701917
33.49302582917875,130.0462655248342
33.49304794620582,130.0462108298659
33.493081918995415,130.04616150474976
33.49312327881631,130.04610916960257
33.49317394572108,130.04607557722613
33.493243865312195,130.04603144029875
33.49340100025603,130.0459501946458
33.49352208137901,130.04587730189598
33.4936383331426,130.0458218937655
33.493701414288864,130.04579333309596
33.49370838673269,130.0457862518341
33.49368010755097,130.0456873668785
33.49366382892259,130.04567914437712
33.4936352520653,130.04566686143653
33.493620972629856,130.04565269801367
33.49360277484823,130.04563094701064
33.49359482933795,130.04560693870928
33.49358644136123,130.04558108859646
33.49358049504389,130.04554703037127
33.4935805588957,130.04551938970815
33.49358594583481,130.0454941367451
33.49360313457703,130.0454564983188
33.4936188915986,130.04542888463538
33.493654306001474,130.04539128398062
33.493667134830446,130.04538294366796
33.49367994567302,130.04538474680874
33.49368833275042,130.0453970297492
33.493694774594246,130.045425253173
33.49370361313129,130.04544939007735
33.49370902704999,130.04547341096918
33.49371055859547,130.045519883436
33.49371546799449,130.04553683475717
33.49372538661737,130.04554802861867
33.49373869388569,130.0455539173795
33.49375982885306,130.04555863792086
33.49378694611073,130.04555619985877
33.49379825238748,130.04554800343772
33.49381061266968,130.04552503205468
33.49381894578778,130.04549805419197
33.49382922503878,130.04546219192673
33.4938415862203,130.0454256938408
33.493848946271896,130.04541097283823
33.4938563333032,130.04540044087776
33.49386616199382,130.04539927355768
33.49388046840892,130.0454063287391
33.493893252271846,130.04541447479824
33.49391349511177,130.04542328095977
33.49393022519979,130.04542622623944
33.493955828898436,130.04541561603787
33.493996532214226,130.04539591369053
33.494021494696256,130.0453748641587
33.49403710782633,130.0453399219
33.49406002704865,130.04525002566822
33.49406394629415,130.0452177166244
33.4940641981043,130.04516766485597
33.4940599461097,130.04513036277604
33.494056559262845,130.04507800334727
33.49405325155635,130.04503466861513
33.4940529188072,130.04499247692138
33.49406255864022,130.04496924833222
33.49407677512312,130.04495328086932
33.4940899456945,130.04494097274778
33.494114891988715,130.04492486409129
33.494138251878894,130.04490394316247
33.49417333263324,130.04487011696244
33.49420074756648,130.0448368609325
33.49421380212533,130.04479949410143
33.49424086542365,130.04470652398697
33.494249080730526,130.04463929966403
33.4942463333017,130.04459477333023
33.494248559123776,130.0445453573824
33.49425872056355,130.0445292999873
33.49428205437334,130.04450654983748
33.494303918690946,130.04448686097987
33.49433608114526,130.04447260672544
33.49434716169219,130.04446152977584
33.49436594583176,130.04442771706556
33.49437953188993,130.04438980524537
33.494381468130314,130.04438311339004
33.494374251970214,130.04437211378206
33.49436558610296,130.04437038888238
33.49435805428084,130.04438574570565
33.49435241373294,130.0443913098112
33.494326945831915,130.04439878137873
33.49431972067862,130.04439586307865
33.494301828666494,130.0443916335671
33.49429627895017,130.0443966409922
33.494289694114116,130.04440705604088
33.4942821083327,130.04443155627132
33.49427049538713,130.0444438392119
33.49425466731907,130.0444512190486
33.494222494972234,130.04445211387406
33.49421077500733,130.0444522442757
33.49420100027601,130.0444474194129
33.49419222469146,130.04443038895135
33.4941946132908,130.04440291826018
33.49419355928541,130.04439377395352
33.494182198149986,130.04438294431748
33.494164360097216,130.04438486437004
33.49416025199406,130.0443787813557
33.49415810801031,130.0443684697292
33.49416113512831,130.04435077826588
33.49418027899674,130.04430849484118
33.49419502697896,130.04429250309659
33.49420925155579,130.0442893392816
33.49422108123798,130.0442922180115
33.49423235963576,130.04430372213915
33.49424677486883,130.04432564221463
33.49425649474148,130.04432552530284
33.494270278650504,130.04432352790855
33.4942794409435,130.04432041535495
33.4942824141022,130.04430639402494
33.49428325227035,130.0442728016485
33.494286306368,130.04426243786133
33.49429186507757,130.04425688724564
33.49430513457435,130.0442482492574
33.49432546824579,130.0442425547502
33.49434749534066,130.0442454217889
33.49437410807866,130.04426041528598
33.49438855928463,130.0442749941957
33.49439686542303,130.04429869043224
33.494409586333404,130.0442991958513
33.49441827918031,130.04429308675662
33.4944406669033,130.04427333314788
33.49446646755348,130.04423949435727
33.494486775144594,130.0442197803187
33.49450461319742,130.04420442259607
33.49451944121927,130.0441987811489
33.494537801778165,130.044196835016
33.494551081167515,130.04419852124477
33.49459202730026,130.04421228267074
33.49460691917403,130.04422555126826
33.49462697315636,130.0442424378383
33.49464077505178,130.0442423092353
33.49466266724835,130.044239169702
33.49467286466103,130.0442304408822
33.494675891779025,130.04422491634682
33.494687639622896,130.04422608276752
33.494697945853545,130.04423275034117
33.49469441421587,130.04424011668812
33.49468833300023,130.04424866384477
33.494702721253645,130.04426627796647
33.494717586147715,130.0442747208018
33.494753891778714,130.04428175080227
33.49477738656719,130.04427847007537
33.49478908135109,130.04427649786214
33.49479789200916,130.04428319061685
33.49481119837816,130.04429036271017
33.49482749499293,130.04428836621514
33.49483925183006,130.0442797282269
33.49484633309186,130.04427481163327
33.494855586216374,130.04428267170795
33.494858694273375,130.04428929971152
33.49486130590458,130.04429972824994
33.49486849508503,130.04430824932626
33.4948802789018,130.04431544660065
33.494895161782324,130.04431775605963
33.49490582864115,130.0443219460011
33.49490699955845,130.04433172522897
33.4949122246195,130.0443529699137
33.49492497340884,130.0443584180066
33.494953080820096,130.04435691344088
33.49497513489462,130.0443646431139
33.49499772136778,130.04438216640392
33.49504182861756,130.04441847023622
33.49507833299873,130.04444994830658
33.495094829262996,130.04447416255266
33.49510525240555,130.04451430559084
33.49512553211764,130.04457219225299
33.49514566703897,130.04461286589117
33.495178081303436,130.04464255520986
33.49523155858964,130.04470189427707
33.495279801821425,130.04475033715835
33.4953388917765,130.04479863794688
33.495381945920144,130.04483066100624
33.495430135192635,130.04484620039193
33.49547608065666,130.0448433072729
33.495496559118976,130.04484319126038
33.49553594582727,130.04485383923338
33.495553387279074,130.04487075188376
33.49556977472537,130.04487788620554
33.49559489189079,130.04488258066658
33.495619413705015,130.04488425430498
33.49564289230568,130.04488894876602
33.495653775001756,130.04490841818904
33.49566880177383,130.044939973601
33.49568925235718,130.04494836607432
33.495713802050375,130.04495185544386
33.49577872141094,130.0449542800161
33.495819558725714,130.04495275026932
33.49586253193036,130.0449596894382
33.49590041407288,130.04497102539256
33.49594544132913,130.04497610926012
33.49598780209544,130.0449745777147
33.496024532206434,130.04496513573247
33.49603516219304,130.04495522700222
33.49605349487297,130.0449355507351
33.49606410777238,130.04491961115116
33.49607782872886,130.04491213958363
33.496085972989306,130.04490172543433
33.49609358575043,130.0448826975785
33.496100107633936,130.04486313912264
33.49610710795673,130.0448484442004
33.49611730626873,130.04483732768063
33.49612749468815,130.04483852108092
33.496135198280854,130.04484328119258
33.49613936034325,130.04485605696152
33.49614255923177,130.04487494182513
33.49614269413007,130.0449030222568
33.49613469376118,130.04492939037914
33.49612916203125,130.04494891106344
33.49610558630383,130.04501138786532
33.49608219763536,130.04504274992303
33.49607936027434,130.0450738646672
33.49609122503006,130.0450915048691
33.49612258618845,130.04512418893023
33.496176333271194,130.04514814507093
33.49624663957081,130.04519277572604
33.49632613514308,130.0452470039461
33.49640322502887,130.04529491622748
33.496434468376094,130.04533697841885
33.49645130638271,130.04536830090638
33.49645994616964,130.04539985721772
33.49646508129854,130.04543574556328
33.49647574815731,130.04546481165175
33.49649358621008,130.04549430581767
33.49650733324688,130.04552632887703
33.49651044130388,130.0455671976681
33.496511613120504,130.04561108908058
33.4965116670798,130.04567941597236
33.49651844077346,130.04576230918326
33.49655764042279,130.04586219238638
33.496587468237124,130.0458973927506
33.49662808072139,130.0459489113133
33.49664680190841,130.04600488961398
33.49665477529771,130.04605613478282
33.496667918889386,130.04612335910576
33.49668213537228,130.0461554729967
33.49668994598426,130.04619435788334
33.4966935864399,130.04623510976262
33.49669186513751,130.04625717283034
33.49668038709024,130.0462775226896
33.49666138711336,130.0463053827873
33.49662569392069,130.04634269835685
33.49659994633049,130.04639269796473
33.49658425226147,130.04643819736498
33.49657813507292,130.0464767827774
33.4965826937364,130.046507197849
33.496587441257475,130.04655105059055
33.4965866669412,130.04656503235037
33.496581108231624,130.04657005236606
33.49656522530495,130.04656797673078
33.49653091886688,130.04656316535784
33.496506531950956,130.0465667833305
33.49648627921846,130.04658302238863
33.49645569417498,130.04661844398606
33.49643597294187,130.0466659138009
33.49641825180095,130.0467437995867
33.49641382893509,130.04679024597317
33.49642053158232,130.0468273016387
33.496433748019115,130.0468599740086
33.496437224798115,130.0468880292592
33.496427639823764,130.04689739300034
33.49641580204769,130.0468926715596
33.49640408118347,130.0468941887159
33.49639258604907,130.04690972810158
33.49637816182275,130.0469349423937
33.49637353211284,130.0469662001301
33.496373360342375,130.0469899997887
33.49635986511572,130.0470415822033
33.4963449462623,130.04707241186236
33.49632230582978,130.0470929964447
33.496280865069934,130.04712197080232
33.49625974808896,130.04714319120535
33.496217774930415,130.0472056419269
33.49619110823312,130.04727027170577
33.49618246844619,130.0473052526354
33.49618382912047,130.04733019533228
33.49619027905817,130.0473490532163
33.49617877493057,130.04736330657136
33.4961600267639,130.04737717321802
33.496120161616204,130.047374280099
33.49609563980198,130.04737422793835
33.496077360182085,130.0473794682879
33.49603408120794,130.0474255774285
33.496016162216165,130.04745396902547
33.49600389186617,130.04748778173575
33.49599572062607,130.04752457839663
33.495987413588296,130.04754802911827
33.495972305877274,130.04756474661588
33.495944999762,130.047578170796
33.49588136013671,130.04759416343995
33.49581794624129,130.04758936375822
33.4957784138428,130.0475737479302
33.49573072099605,130.04755955932626
33.49568916242498,130.04755000043224
33.49563564017268,130.04755477313438
33.49557797294517,130.04755968882864
33.49554900038612,130.04756702999453
33.495530252219396,130.04757778228884
33.495507027227575,130.04759719775257
33.49548227878421,130.04764900140037
33.49544922510171,130.0477582753242
33.49543194642723,130.04780075210306
33.49541302738936,130.04783474737576
33.49538802713579,130.04790422809776
33.4953542252174,130.04799949418134
33.4953121980995,130.04812608275256
33.49528800004123,130.04825108941634
33.495251386842085,130.04836652369613
33.49522625169021,130.04842866415163
33.49521682859381,130.0484820488076
33.49521649494534,130.0485582492638
33.49521041372964,130.04863472131535
33.49521338688834,130.04872680919493
33.49521294622053,130.0489037220292
33.49520794598999,130.04901430626524
33.49520344128587,130.04915652415434
33.495208161827236,130.0493388850815
33.495230440732314,130.0495287814282
33.495245053816234,130.04969144000802
33.495269829239305,130.04993795137545
33.49527594642785,130.0500000001
33.495293108190424,130.05017411244535
33.495314612779225,130.05043871637372
33.49532794612787,130.05058902726182
33.49535933336659,130.0508051100678
33.495401386564765,130.05103180307526
33.49542258628338,130.05118610875195
33.49544625194301,130.0513675226931
33.495473972645755,130.05154919563893
33.495488162149,130.05162503186978
33.49550997340663,130.0517644753503
33.49552949499025,130.0519121143526
33.49555022526272,130.0521372497343
33.49557964028821,130.05233933908926
33.49559864026509,130.05245243782986
33.495633864910985,130.05271024558147
33.49563599990154,130.05284688677443
33.495642413866335,130.05294444882736
33.4956577751862,130.05300603080377
33.495659613400505,130.05302344977247
33.49565346833293,130.05309185490523
33.495665612777884,130.05314713443272
33.49567522473188,130.0531662000601
33.49567982926078,130.0531778858508
33.495692801981306,130.05323810625362
33.49569616184846,130.05326518843776
33.49569866735965,130.05328258132613
33.495701558680025,130.05329708199486
33.49570808056353,130.05331282732516
33.49571330562463,130.0533251624264
33.495723135214575,130.05337111508493
33.4957276399187,130.05339538329042
33.495730532138396,130.05344002563675
33.49574497255247,130.0535380031764
33.49576030599337,130.05365749699592
33.495758721387915,130.05376836631706
33.495750468309495,130.05379827507045
33.49574163966497,130.05381213991836
33.49571180195812,130.05383527857532
33.495696080909454,130.0538558883386
33.49568836022968,130.0538690013534
33.495688720857856,130.05389341075238
33.49569374806805,130.05390338513314
33.495699413796956,130.0539135276872
33.49571489202867,130.05393219221696
33.495734386632705,130.053947808045
33.495754640264465,130.0539657720028
33.495770333434166,130.05399014273098
33.495781108211645,130.05400972816653
33.49578489165947,130.05403055826366
33.49578555895641,130.05404875514603
33.495784198282195,130.05405788596272
33.4957689457803,130.0540795848051
33.49576608143957,130.05409574562225
33.49576802667315,130.05411383908245
33.49576966703654,130.05412703033824
33.495774278759995,130.05413936364073
33.49578077456317,130.0541543580373
33.49579135958362,130.05416919595166
33.49580010818852,130.05418128373935
33.49580897280589,130.05420839200372
33.495818000200586,130.05425824861936
33.49582769399291,130.05431097317296
33.49583455941746,130.05434975373817
33.49583889235106,130.054429974164
33.49585766659811,130.05451780825035
33.49586527935918,130.0545591698699
33.49586382875276,130.0545809208728
33.49585833299574,130.05459108860794
33.49585438677059,130.0545975880084
33.49585366731293,130.05460674400615
33.495858386955035,130.05462260714762
33.49583544075301,130.05460457843856
33.49582964012586,130.05460011690195
33.49580905374489,130.0545859139089
33.495789972829016,130.05458075180036
33.49577166712879,130.0545804145546
33.49574891877762,130.0545866666414
33.49571958559045,130.05459367056153
33.495675332650535,130.05460985655975
33.49563055900313,130.0546244489592
33.49559261300874,130.0546508035918
33.495538413566976,130.0546629957007
33.49554619809862,130.0546959657463
33.495583198006216,130.05468147856743
33.49560530604009,130.0546719709348
33.49564233292739,130.05465616085326
33.4957265589336,130.0546352534143
33.49578761300796,130.05462499394832
33.495872865140655,130.05465418863992
33.495894829282975,130.05466182928
33.49589622503083,130.05466632858827
33.495900081323725,130.0546892217303
33.4959005858434,130.05471858639373
33.4958986936698,130.05474399493949
33.495905134614304,130.0548075230488
33.49591969373893,130.05486053178822
33.4959253064078,130.05489878085416
33.495940666828346,130.05501827467367
33.4959505593709,130.05507447510695
33.49595974774422,130.05509771718596
33.495960108372344,130.05512355380904
33.495957081254346,130.05514961076597
33.49594955932474,130.0551690792896
33.495922693877276,130.0551945525866
33.49591274827475,130.0552148898554
33.4959096941771,130.05522836619616
33.49591391919205,130.05526102507633
33.4959191622396,130.0552733592782
33.49592482886783,130.0552834110007
33.49593366740487,130.0552962263398
33.495942559001946,130.0553138908234
33.49594844056816,130.05534364489336
33.495951694315295,130.05536588782547
33.49596049508085,130.05541021990575
33.49597977474684,130.05547888494266
33.49599969383087,130.05551321656174
33.49602110758809,130.05555291803284
33.49602519770474,130.05556824877567
33.496022586073536,130.05558175119688
33.496014225076465,130.05559763862016
33.49600708086217,130.05561839227505
33.49600713482147,130.05563808023328
33.49601425205611,130.05565953266137
33.49604708090811,130.0557072758702
33.496046919030164,130.05572341060702
33.49604113459077,130.05574338544898
33.49604097271276,130.0557596370976
33.49605263961769,130.05581258108577
33.49606980227958,130.05585038858464
33.49606964040163,130.05586308701197
33.49606413475209,130.05587807960978
33.49606458621173,130.0559104668946
33.496067892119584,130.05594197104517
33.496080586050255,130.05598919624447
33.49611469373815,130.056074163292
33.49612853160647,130.05611588823774
33.4961300001994,130.05614394258896
33.496127748297,130.05616591392584
33.496124440590506,130.0561927496957
33.496121532183,130.05621333337865
33.49612253222915,130.0562280795623
33.49612908109225,130.05624671891098
33.496158333340475,130.05627494233477
33.49616064010149,130.05629308705636
33.49615838729977,130.0563164721276
33.496155108371624,130.0563249941033
33.496151252078675,130.05637508364327
33.49614777529962,130.05641538316343
33.49615146791598,130.05644053180515
33.4961639190297,130.0565600517051
33.496202440590196,130.05664530473712
33.49621749524124,130.05669377369873
33.496275586049535,130.0568141119818
33.49631869415248,130.05693352756032
33.49636608122972,130.0570939953916
33.4963710535813,130.05712053168725
33.496372639985395,130.05718328098374
33.49638502724724,130.05729516204212
33.49638363959332,130.05732552495306
33.49638325198555,130.0573705063439
33.49640097312647,130.05749591410517
33.49641461314394,130.05762878084363
33.49642619821054,130.05769277570107
33.49646330603679,130.05786780805295
33.49648402731606,130.05797208804154
33.4965196944284,130.05808413727323
33.49654872094675,130.05821717308413
33.49657553243492,130.05833333311693
33.49658033301603,130.05835425404564
33.496577162006474,130.05838538317892
33.4965624410039,130.0584201950361
33.4965624410039,130.05843041493176
33.49657216177587,130.0584413102183
33.49658249498623,130.05845000036732
33.49659694619214,130.05847600516358
33.496604558953265,130.05849185481532
33.49661422486662,130.05851596563934
33.49661427882597,130.05853499439456
33.496608279448594,130.05855282705136
33.496609495331995,130.05857175058588
33.49667772060036,130.05869994804425
33.49674822475083,130.0588041120202
33.49683813537172,130.05894830122315
33.49687022498097,130.05899055766815
33.49688749466219,130.0590133069186
33.4969355859086,130.05907661469405
33.496978306403776,130.05913296981078
33.49704080209142,130.05919547269298
33.49708169426481,130.05921461656135
33.49712608120376,130.05926600472242
33.49714789156201,130.05929730202888
33.49720413516275,130.05933328120602
33.49722194623587,130.05935150506798
33.497224774603694,130.0593653312451
33.49721644058633,130.05938427996057
33.497199721290144,130.05937992184602
33.49719389188465,130.0593829957287
33.497194667100246,130.05942518832182
33.49719069389545,130.05948732787795
33.4971955862074,130.0595232171229
33.49724374760092,130.05954949441366
33.497294919025364,130.0595920881044
33.49730194632781,130.05961364485393
33.49729886525046,130.05964620031193
33.497289441254736,130.05966641976954
33.49727633273665,130.05968527855282
33.49726710839042,130.05969344979292
33.49722086525077,130.05969427986713
33.497211468234696,130.0597151360447
33.4972074410706,130.05973133643204
33.4972032520285,130.0597373016352
33.49718874776255,130.05974024601562
33.49718649496083,130.05976613479936
33.49718419809233,130.05979280239603
33.497167720713776,130.0599258876697
33.4971555861614,130.05999189431054
33.497148666777605,130.06005610860257
33.49715210758376,130.06013924822776
33.49716130584966,130.06025871596705
33.49716691941785,130.06028566774944
33.49717580202167,130.0603144226725
33.497185081226576,130.06033822323047
33.49720261261052,130.06040228283916
33.4972041981153,130.06042130979563
33.49720763982077,130.0604460312594
33.497223531740644,130.06047522685026
33.49722966691564,130.0604856940596
33.4972351347937,130.0604946953739
33.4972373866961,130.06051802918375
33.49724097319239,130.0605517771429
33.497242108136845,130.06058147905208
33.49724600040264,130.0606300523351
33.49725841374487,130.06066297021994
33.49731166709984,130.06077786040998
33.497333386626565,130.0608578083412
33.49735372119733,130.06090247676798
33.497366918748355,130.0609785207422
33.497374946096954,130.06102416313468
33.49739569435587,130.06106041480632
33.4974017746722,130.0610672496539
33.49740897284585,130.06107630402823
33.49741574833814,130.06109022013766
33.497416054107646,130.06110647178627
33.497413613347646,130.06112922193608
33.4974144407239,130.06114330711796
33.49742553206272,130.06116836582748
33.49746816172632,130.06120330718693
33.49747682939221,130.061225720091
33.497479081294614,130.06124894868015
33.497478198160366,130.0612653046502
33.49747746791087,130.06128856021894
33.49747861274784,130.06131749680515
33.49749122484019,130.06132856026488
33.497505774971614,130.06134785971597
33.49751658572188,130.06135756160222
33.497529386671886,130.0613790266209
33.49753446784149,130.06139588800988
33.497542306332434,130.06145669297211
33.49759477457923,130.06159819679942
33.49765413523022,130.06175596576531
33.497707865225834,130.061909947686
33.49773022506986,130.06200321727476
33.497754306216336,130.06207752285945
33.49775989190556,130.06209985662315
33.49769866695999,130.06211236079685
33.497643667121565,130.06212252943124
33.49761925232667,130.06212741904517
33.49760241432,130.06213083017371
33.49758353215435,130.0621355507152
33.49757100010163,130.0621492482892
33.49755969382488,130.06216968898002
33.49755149470576,130.06218099885405
33.497542532062255,130.06218744519447
33.497515198068015,130.06219547344244
33.49751769368669,130.0622060054029
33.49754630561756,130.06219739259564
33.49755733310451,130.06218929959653
33.49756697293748,130.062176304393
33.4975779185861,130.06215627828965
33.4975877481761,130.0621454216739
33.497604026804424,130.06214136213418
33.49762049518978,130.0621381713396
33.497645080855875,130.06213316481376
33.49769999975524,130.06212299617937
33.497762495442885,130.0621102716717
33.497777468255606,130.06217092105123
33.4978351076042,130.0623772498103
33.497869828629746,130.06246275015587
33.49788916225509,130.06252797708453
33.49790330589292,130.06262155604009
33.497918721172084,130.0627024122865
33.49795789204313,130.0628028269889
33.49797913492921,130.06287236077094
33.49800846811638,130.0629241122581
33.498079531645146,130.06303194636735
33.49814202733273,130.06311736667317
33.4982011352742,130.0632057196683
33.49821410799473,130.06321752327017
33.49822546823083,130.06322730159877
33.49823669356863,130.063232775772
33.498246134651424,130.0632326984304
33.49825730602993,130.06323041505163
33.498269694191094,130.06322102523018
33.49827502717079,130.06322527902353
33.49827869370682,130.063232775772
33.4982804680692,130.0632412446878
33.49828286476247,130.06324822342685
33.498291748265615,130.06325308696046
33.498301198341665,130.06325082966214
33.49831302712454,130.06325208781368
33.49835153159796,130.06327622561741
33.49839841415553,130.06331241163855
33.49840725179331,130.06331372195075
33.49842789213358,130.06331070022873
33.498433225113274,130.0633140861762
33.498433919389925,130.06333311313267
33.49844116163035,130.06334930003027
33.498448892202646,130.06335975374975
33.49846013462758,130.06336674417992
33.49847249490978,130.06336938998538
33.49848380208584,130.0633720879515
33.49848558634079,130.06338119268798
33.498486865176744,130.0633945269359
33.49848466723364,130.06341574643966
33.49849363976972,130.06343277600183
33.49850644071972,130.06345955871177
33.49851461285914,130.06347678342684
33.49853436017264,130.06351338493482
33.498554693844085,130.06354211377754
33.498561775105884,130.0635490268662
33.498578251585116,130.06354744495866
33.49858938699066,130.06354021980542
33.498605332869886,130.06353725024394
33.49861538729033,130.06354630371902
33.49862733298511,130.06356165964291
33.49863505366483,130.06356933895393
33.4986604136472,130.06357518814445
33.49867044108805,130.06357583655563
33.498675801946774,130.0635813880707
33.49867644136475,130.06359341110715
33.49866710820055,130.06361258105585
33.49863819769473,130.06367347595017
33.49862938703666,130.06369046684165
33.49861125220758,130.0637019709692
33.49860661260516,130.06370761331573
33.49860538682918,130.06371255509043
33.498605612559004,130.0637169132051
33.49860613506513,130.06372741908524
33.4986258293186,130.0637588333036
33.498647306028374,130.06379605714244
33.498705135133946,130.063882088088
33.4987414137853,130.06392182912919
33.49876763981479,130.06396933941357
33.49879919792471,130.06400396870822
33.498815721168626,130.06400949414285
33.49884225206836,130.06401061020154
33.49885880229192,130.06400827466223
33.498880494839,130.06400169881942
33.49890533321462,130.0640056162663
33.49892069363517,130.06401255543517
33.498975386804716,130.06407686055877
33.49904358599275,130.06413111485915
33.499143495276144,130.06417933920523
33.499160585992286,130.06419647218945
33.499168386711744,130.06421608280607
33.499166197761895,130.06424861218375
33.499161333328914,130.0643084953408
33.49915249479187,130.06436822291516
33.49913933321369,130.0644261608387
33.49916377498829,130.06448800271926
33.49924191887948,130.0646888330233
33.49926989229175,130.0647856162633
33.49925266667725,130.0648109726484
33.49924694608973,130.06482588790448
33.499239999726285,130.06485199702206
33.49924019757708,130.0648760053234
33.49924925195148,130.06490486366863
33.4992595321018,130.06494069985342
33.499268278908005,130.0650146430114
33.49927853207862,130.06505758833714
33.499291054238824,130.06508208766832
33.499302440555255,130.06510953317843
33.49932900023322,130.0651731647098
33.499332612809894,130.06518658889001
33.49933738731062,130.06518717344932
33.49933972105134,130.06518649805855
33.49934394606629,130.06517150456136
33.499349413944344,130.06514408603084
33.49935697274617,130.0651313102618
33.499364000048615,130.0651290790438
33.49937169374874,130.06513319074418
33.49937772100509,130.06514228289006
33.499378360423066,130.06515788612762
33.49937897286134,130.06516703043417
33.49946553170895,130.0652506997601
33.499534721050566,130.06531289237614
33.4996653331886,130.0653939428762
33.49970549511255,130.06541192032398
33.49975158626677,130.06543466867504
33.499762828691644,130.06544583735558
33.49977400007009,130.06545625240415
33.49985208100878,130.06550202339974
33.49986094562621,130.06550535718657
33.4998727483287,130.0655165501487
33.49988110842645,130.06553905298495
33.49988822476183,130.06554814513083
33.49989474844392,130.06555224424073
33.499900612923,130.0655529439133
33.499910586404496,130.0655486379593
33.49992458615077,130.06552588780949
33.49993274839767,130.06551094737233
33.49993444092178,130.06549758794336
33.49993486540177,130.0654799216611
33.49991438693945,130.0654900516247
33.499906080801054,130.06548875480223
33.499900801780655,130.0654824379642
33.4998995319379,130.06547041492774
33.4999098651482,130.06545124497904
33.49991055942485,130.0654498312448
33.499916000323196,130.06544116717623
33.499922225430396,130.06543141402858
33.49993225197193,130.06543055787404
33.499938774754696,130.06543620022057
33.499964864986566,130.06545130973018
33.49997761287659,130.06544491555053
33.499999999700265,130.06543713371684
33.500011135105865,130.06543328102111
33.50003274761326,130.0654167829582
33.500042775054055,130.06541666694568
33.500045775192405,130.06542082990745
33.5000488023104,130.06542855958037
33.50004527876666,130.06543849529044
33.50003389155091,130.06545916980485
33.50002813499049,130.06547547271498
33.50002646764739,130.065493799999
33.50003189235798,130.06550503163191
33.50004546762426,130.06551124504801
33.50006427874354,130.0655088852269
33.500075468108435,130.06551027198157
33.500086134967205,130.0655256683749
33.500096306299554,130.06554600474442
33.500136107595324,130.06555213991942
33.50015336018947,130.06556680876133
33.500173693860916,130.06558403437577
33.500217891942214,130.0656230217851
33.50024272132458,130.06565389101434
33.50025705382001,130.06568827479407
33.50027564010878,130.06573596584224
33.5002958919419,130.06578083032116
33.50031722476018,130.0658109468178
33.50031910794053,130.06582364524513
33.500323775421975,130.06582939011435
33.5003371618306,130.06583603070828
33.500345467969,130.0658394939975
33.5003484411277,130.0658486122237
33.50034794560128,130.0658563553866
33.500346774683976,130.0658670303393
33.50034682864327,130.06587683474822
33.500348693837225,130.06589586260407
33.500351134597224,130.0659071338073
33.50035472109357,130.06591839241992
33.50037141430937,130.06594425422406
33.500383081214295,130.06593496782455
33.500392532189665,130.0659334758493
33.50040582866609,130.06594108861043
33.50041946778424,130.0659528922123
33.500423693698565,130.06596350241375
33.50042566681111,130.06599727555385
33.500426918667415,130.06600856024693
33.50043166708781,130.0660184177159
33.50043577519091,130.066026108718
33.500442360026966,130.06603732776057
33.500448972741935,130.06605277631468
33.500449532120285,130.06605491580183
33.500449559099934,130.06605975415437
33.50045316178404,130.06606897490337
33.50046205428043,130.06607727564585
33.500473278718914,130.06608489020562
33.50047508096026,130.06610878069569
33.50047122466731,130.06614455302872
33.50047074802666,130.06617900066044
33.500476613405056,130.06619163433652
33.50049500004428,130.06621263260695
33.50050653205085,130.0662353305961
33.50050619840238,130.06624136234905
33.5005171080781,130.0662756678878
33.500526360303354,130.06630744543236
33.500539973341176,130.06637680924246
33.5005438017551,130.0663983920722
33.50054666699515,130.06647866375943
33.5005501977335,130.06657610890034
33.500564198379095,130.066662826928
33.50056480182417,130.06666666703313
33.50056705372663,130.0666809473679
33.50057169422837,130.06671019511953
33.50057658564094,130.06673900130397
33.50062464001519,130.06688085586688
33.50063458561766,130.0669104669446
33.50067849501659,130.06699338533656
33.50073097315595,130.06709002558432
33.500744251645926,130.06711494220087
33.50078986526012,130.06717538293765
33.50082155916766,130.06721710788327
33.50085008116639,130.06725577243606
33.50089130608893,130.06732968861434
33.500948612688376,130.06743347577435
33.501002667339264,130.06753450111637
33.501032468173946,130.0675914138128
33.50101146810482,130.0676160831158
33.50104053239471,130.0676059657428
33.501050558936186,130.06760739296692
33.50106882866356,130.0676170822626
33.501104198100336,130.06764221831384
33.50112769378808,130.06766530481002
33.501158413729854,130.0677094417374
33.50124933339009,130.06786719811282
33.50128830641029,130.0679436449833
33.50136253195535,130.06810072596784
33.5013801982376,130.06811182899776
33.50139900036362,130.0681201432301
33.50143516210312,130.06812147872336
33.5014463056026,130.06812844397257
33.50145280230504,130.0681389111819
33.50145697336069,130.0681543840177
33.50145638700269,130.06817341097417
33.50145413510029,130.0681965892013
33.50145119791449,130.06821352793202
33.50144361303239,130.06823608292893
33.50143722514787,130.0682480034427
33.501428413590475,130.06825508380518
33.50141491926314,130.06825588779907
33.50140019826057,130.06825313857155
33.50138605372348,130.06824477307782
33.50133777541805,130.06822583695282
33.501356081118274,130.06824963661154
33.501410892099045,130.06834666716497
33.50144333334322,130.06838936427778
33.501495225124586,130.0684698311179
33.50152702695078,130.0685125552103
33.50154949471346,130.0685651358724
33.50156074793023,130.06859883257016
33.5015848920292,130.06863172527392
33.501605467618276,130.06865763923872
33.501613747676345,130.0686660568931
33.501620828938144,130.06867447544676
33.501634306178346,130.06869263275883
33.50167855911826,130.06878396880518
33.50168805416041,130.06878849509303
33.501691585798085,130.06878844383164
33.50169749524326,130.06878494187163
33.50170327878334,130.0687751878247
33.50170846787154,130.06877169935456
33.501714360229585,130.0687751878247
33.501719748067956,130.06878289231668
33.501720332627315,130.06878783409138
33.50171910775066,130.0687948380114
33.50171389168281,130.06880747078822
33.50171569392421,130.06881800274869
33.50173336020646,130.0688411665866
33.50173691882378,130.06885802887496
33.50173516244786,130.06886849518492
33.50173105434476,130.06888263342682
33.501723440684316,130.0689016603834
33.50171886493371,130.06891505758392
33.50171822461641,130.06892625234468
33.501722359699215,130.0689367438357
33.50172591921586,130.06894306067375
33.50173594575733,130.06895705592342
33.50174182912218,130.0689725026789
33.501744802280825,130.06898730192256
33.50174419793643,130.0690013097627
33.50174422491608,130.0690281059624
33.5017733062931,130.06909538334537
33.50178172124947,130.06907647240132
33.50179146810183,130.06906291781945
33.501818468447595,130.06903516204318
33.50183791898485,130.06903085608917
33.5018484950121,130.06903571962278
33.50186141377327,130.06906236113912
33.50186561270789,130.06909116732356
33.50186213502957,130.0691214403023
33.50185927878272,130.06913557674557
33.501859892120365,130.06914674362736
33.50186219798212,130.06915383927833
33.50187397280564,130.06915866414113
33.50189280191131,130.06915997355395
33.50189808093177,130.06916486406726
33.50189986518666,130.06917538343725
33.50189638660902,130.06919016919107
33.501884693623765,130.06920569418753
33.50186297319772,130.06921916962904
33.5018341975902,130.06921719831507
33.501824081116524,130.06922722395723
33.501815333410946,130.06923849516045
33.50180522503115,130.06923924789305
33.50179097257535,130.0692372495995
33.50179697285205,130.06925763902893
33.50181108141635,130.06932367085074
33.50182997257525,130.06938827544866
33.501883612638665,130.06948422771495
33.50190953199933,130.06953819693035
33.50195080188803,130.06960469460103
33.50197138736968,130.06962277637012
33.501997892189024,130.06964594020803
33.50203558637327,130.06968299587368
33.50205872143289,130.0697259142196
33.50211591921436,130.069837029955
33.50213863968651,130.0698842281746
33.50215405406641,130.0699584438272
33.50216380181803,130.0699838388831
33.50220041411785,130.07004328137236
33.502268413656395,130.07015457787156
33.50228744061292,130.0701913097812
33.502309359789194,130.07022819727354
33.50230941374849,130.07023238721501
33.502311639570564,130.07024152972292
33.50231855895436,130.07025211384405
33.50232727878097,130.07026072575195
33.502334864562386,130.07027130987308
33.50233886474689,130.0702763289895
33.50233938725296,130.07028686094998
33.50233625221631,130.07030216561247
33.502337387160765,130.0703099222652
33.50234833280939,130.07033605656386
33.50235691863696,130.07035092055855
33.50236741372521,130.07035878063323
33.50238461325932,130.07036557681
33.50239044086618,130.070373384724
33.5023926397086,130.07038949427977
33.50239253178995,130.0703994156006
33.50238744072789,130.0704194677843
33.502388440773984,130.0704306607464
33.50239127903433,130.07043849474076
33.50246419786447,130.0705169129252
33.5024781976108,130.07053194599257
33.502485558561716,130.07054121890224
33.502573387252085,130.07064985700538
33.50258330587491,130.070661919612
33.50258780158583,130.0706753051213
33.50258969375943,130.07070822300614
33.50259946759138,130.07078538303904
33.502603667425376,130.07083894935806
33.50260922523563,130.07087128358296
33.5026262520999,130.07099163355713
33.50264002701567,130.07098771700964
33.502645135164926,130.0710095327638
33.50288864009872,130.07102832679595
33.50288636031735,130.07107422819308
33.50288155883692,130.07109202307845
33.50267066691782,130.07108233468205
33.50268319807117,130.07131024627097
33.50271253215766,130.0718684176934
33.50271916195982,130.0719696112086
33.50273191884304,130.072025331404
33.50277316175209,130.07221280227907
33.50282433317648,130.0724105056404
33.502845531995774,130.0724936956276
33.50285566735522,130.0725464201812
33.50288622541905,130.07268999964379
33.50289880243781,130.07273269765597
33.502910495423066,130.0727909989056
33.50292394568362,130.07286275041565
33.50292713467957,130.07289435798828
33.50293091902677,130.07291769089875
33.502933386766415,130.0729347726217
33.50293289213931,130.07295275006948
33.50293616207426,130.07297875486574
33.50294602673779,130.07299499392388
33.502958279101335,130.0730063937301
33.50296286474446,130.07301700393168
33.50296313544038,130.07304228297505
33.502968224703864,130.0730696889151
33.502979720737585,130.07308883278347
33.50298613470238,130.07310144037922
33.50299127882448,130.07311418916856
33.50299046763604,130.07312885890974
33.50298861323398,130.07314286585063
33.50298786499803,130.07316386502043
33.50298874813228,130.07318775640988
33.503002559020956,130.0732132171163
33.50301019786241,130.07322097286965
33.5030130541092,130.07322944178543
33.50301238681226,130.07323569387222
33.503012054063106,130.0732638003841
33.503012440771556,130.07328197118613
33.50302041416086,130.0733101946098
33.50303363959085,130.07333977960718
33.50303982872515,130.0733728656653
33.50305097312395,130.0734305319935
33.5030548653898,130.07345438381287
33.50305705433965,130.0734705059591
33.503056774650474,130.07349364461606
33.503053775411445,130.0735041118254
33.503050667354444,130.07352221787608
33.50305046770495,130.0735433330584
33.50305791858813,130.0735623087536
33.503063107676326,130.0735700779968
33.503068224818776,130.07358983070617
33.50306694598282,130.07359966299407
33.5030643874116,130.073617755555
33.50306174790137,130.07364158219332
33.50306219756243,130.0736626721946
33.5030654683967,130.07368016940438
33.50306830575778,130.0736970298941
33.50306819783913,130.07370477305687
33.503065748085874,130.07371805424486
33.50305899957323,130.07374319119538
33.50305777469657,130.07377313861946
33.503053413884004,130.07385302179955
33.50304491888795,130.07398250259052
33.50304041418383,130.0741395853736
33.503021414206955,130.0742865885553
33.5030213602476,130.07432941606976
33.50301963984458,130.07438916972444
33.50301686543605,130.07448722370646
33.50300697289356,130.07469472068487
33.5030048019301,130.07485328105417
33.50300710779186,130.07500000005007
33.503007748109155,130.07504160808378
33.50301108099666,130.07516199672887
33.50301480239125,130.07519016889125
33.50302533255308,130.075236004638
33.50303405417833,130.07524311287943
33.50309753192562,130.07524136189943
33.50311502733672,130.0752459142676
33.503124305642245,130.07525593990977
33.50312772126739,130.07526719762313
33.50312638667344,130.07527917029756
33.503115108275665,130.07529016900617
33.503097387134744,130.07529616118893
33.5030831076993,130.07530438369042
33.503080026622,130.07531549931093
33.503079252305724,130.07532961057314
33.50308564019019,130.0754637480536
33.50309019795435,130.07551858601403
33.503104532248415,130.0755877555705
33.50311816237337,130.07566583740856
33.503130802344685,130.075812192179
33.503140586069264,130.07596255522776
33.50314602696761,130.07612274966527
33.50314880227546,130.07617199743981
33.50317672082906,130.0763213100804
33.50319661293338,130.076415810841
33.50321913465541,130.07656861195198
33.50324027861603,130.0766595585918
33.50325463988975,130.0767236451801
33.50326210786005,130.07673369600332
33.50327508058058,130.07673172468935
33.50333580190579,130.07671450087355
33.50337233326661,130.0767038906721
33.50338346777289,130.0767090267003
33.50339080174416,130.0767267190629
33.50339236026929,130.07674080424476
33.50338989163026,130.07674985682047
33.503345558650665,130.07677508370318
33.50328691925597,130.07680713374225
33.503283026990175,130.07682041493024
33.503282197815224,130.07684153011257
33.50328919813802,130.07696941640552
33.50329658606864,130.0770777172629
33.50333174776199,130.0773428661804
33.50335230626399,130.07754897460552
33.503372774833736,130.07765905342262
33.503373972730685,130.0776983268164
33.50337513465479,130.0777453568628
33.50338277529488,130.0777775615852
33.50338744097769,130.07781194626432
33.50338394621218,130.07785128440935
33.50338516209558,130.07786944172142
33.503390414136334,130.07789544741706
33.50339682900051,130.0779241124079
33.50340033275921,130.07794591377296
33.50339980215921,130.07797111457535
33.50341153201663,130.07805600518054
33.503425000263576,130.07819416263055
33.50344555876558,130.07835041533951
33.50345844065458,130.0784107778352
33.50350894568135,130.07868985725122
33.503537721288865,130.07881472092265
33.50356591863232,130.07893182884084
33.50358582872309,130.07902924790153
33.503597027081184,130.07906647174036
33.50361286504176,130.07911131013896
33.503639892367175,130.0791674188414
33.503654027011805,130.07919050623696
33.5036610812939,130.07919333280608
33.503667468279104,130.0791919712326
33.50374391874692,130.07915133626523
33.503747972890665,130.0791513101849
33.50375446779452,130.07915274999948
33.50377269435444,130.07917933935505
33.50377382929884,130.07918847017186
33.503775612654465,130.07921861184957
33.503771532430335,130.07922844413747
33.503766251611296,130.0792326979307
33.50371413499937,130.07924841808006
33.50369453157742,130.07925433202183
33.5036916132774,130.07926070012127
33.503690440561456,130.07927255498453
33.50369686531815,130.07932308699094
33.50371446774852,130.07942341086175
33.50372738740907,130.07946406021824
33.50374619762897,130.07949422797628
33.503747972890665,130.07950538316697
33.50375030573207,130.07952710808968
33.503753224931415,130.07956775564742
33.50375674757589,130.07957977958324
33.50376730561669,130.07959591432007
33.503776135160535,130.0796077817738
33.50377853185381,130.07962250277637
33.50378025225689,130.0796617509891
33.503788467563766,130.0797122443247
33.50380074780634,130.07977680935232
33.50382013539098,130.07987216626748
33.50384602687268,130.07994572001905
33.50388005362163,130.08002435763808
33.5039305856281,130.0801035798164
33.50394410783434,130.0801407775749
33.50397046786287,130.08024243783825
33.50399222516114,130.08030549919954
33.50401694572554,130.0803538647391
33.5040416132299,130.08038686086502
33.50404569435335,130.08039038890536
33.504186413971865,130.08036369612773
33.50418166735011,130.08031919587427
33.50426255867018,130.08030552527987
33.504634306028436,130.0802462779434
33.50508849513801,130.08017841779986
33.50508853201018,130.0801571982961
33.50511230558851,130.0801543582371
33.505119224972304,130.08017377370072
33.50521635984717,130.0804452529461
33.50542869427886,130.08105272430385
33.50566861271636,130.0817337476144
33.50577861329242,130.08204955894007
33.505800081009,130.08203749723282
33.505815495388845,130.08204883318717
33.505859054052166,130.082113281303
33.50590249490426,130.08220827489208
33.50594035995971,130.08235416291438
33.50595194592563,130.08241980532978
33.50596341408033,130.08254549907554
33.505979585689374,130.08266929974843
33.50600186459445,130.08281686140913
33.50602882896732,130.0828047205615
33.506149694253054,130.08276169879343
33.506270531659766,130.08272844366286
33.50639666697265,130.08270408642454
33.50653236028023,130.0826919968382
33.50653094564666,130.08266866392773
33.506578532373396,130.0826670820203
33.50675664040671,130.08267165956954
33.506881027437544,130.0826884436168
33.506961666947404,130.0827067439211
33.50709877488862,130.08274975399797
33.507101828986265,130.08273863837758
33.5072573325599,130.08280727643478
33.50741319766098,130.08290002621527
33.50751600006339,130.0829763040133
33.507601945573356,130.0830517247574
33.50771297317522,130.08316291783444
33.50779669376249,130.08326697838845
33.507843305624135,130.0833333330669
33.50786230560095,130.08336036309038
33.507936026626396,130.0834815296489
33.50799997292046,130.08360367107264
33.50794182905224,130.08364204874158
33.50788846777863,130.08353594043137
33.50783372064973,130.08344686078408
33.50775489237441,130.0833333330669
33.50773191919279,130.08330027218983
33.50762561303168,130.0831778339899
33.50750258577574,130.083061050727
33.507326531794035,130.0829337480941
33.50719925164418,130.082864384284
33.50707930636497,130.08281377403648
33.506959639875504,130.08277489004922
33.50690564008329,130.08276243803618
33.50682716164425,130.08274797693764
33.506725666856084,130.08273785956465
33.5066141976871,130.08273386477606
33.506533414285684,130.0827362263958
33.50641061275962,130.08274678263797
33.506344134873984,130.08275802866012
33.50621227897352,130.08278761275824
33.50609327888179,130.082826640637
33.506009414403024,130.0828611152483
33.506027387354095,130.0829170036169
33.50604805377469,130.08296544739756
33.50614133325598,130.08310814462527
33.506163468269506,130.0831364202097
33.50618605384335,130.08315544716618
33.5062653596587,130.08318647197814
33.506429801594095,130.0832587810679
33.506443107963094,130.08326489016258
33.506457918897866,130.0832654990037
33.50647149506352,130.08326308702192
33.50647741440122,130.08325678277436
33.506482613381934,130.08324241160813
33.50648625203894,130.083232243873
33.50649377486786,130.08322830124519
33.506541802262404,130.08322263281832
33.50655594590023,130.08322258065766
33.5066232520615,130.08321552457687
33.50666591859732,130.083216471563
33.50676058573248,130.08322871583266
33.50685205397917,130.08324496838065
33.50686000038877,130.083249831015
33.50686853225699,130.08325503179435
33.50687305404824,130.08326863763762
33.50687889244699,130.08332572030577
33.506879558844616,130.08333250299268
33.506879585824265,130.0833333330669
33.50687977468192,130.08335080419636
33.50688538735079,130.0833644226301
33.50689761273469,130.0833703113908
33.506910386705044,130.0833683265871
33.50693686544406,130.0833643057182
33.50695164040593,130.08336199715848
33.506961414237935,130.08336642002428
33.506966694157654,130.08337345002474
33.506966441448185,130.08340070038207
33.50697053156483,130.08341807978059
33.506983080704686,130.0834314140286
33.5070553870965,130.08345561568422
33.50706419775457,130.08346252877277
33.507072558751645,130.08347308681357
33.50707805360935,130.0834848643351
33.50708569424944,130.08350457837366
33.50710030643404,130.08351841804063
33.50716549469189,130.08354291827118
33.50719282868613,130.08355749718078
33.5072171976156,130.08356133638665
33.50724253241697,130.0835601951469
33.507255225448375,130.0835584441669
33.507266639643774,130.08355250324553
33.5072971617347,130.08352228332683
33.50730822519449,130.08351936412737
33.50732194615097,130.0835187813667
33.50733630562604,130.08352306124038
33.507342585591914,130.083532437572
33.507348225240435,130.08354972793768
33.50735189177641,130.08357014344745
33.507355999879564,130.0835905319775
33.507362946243006,130.08360175102007
33.507364747585086,130.08363791186025
33.50738563973556,130.08364620001214
33.50740335997716,130.08365461676726
33.5074093602538,130.08366089493438
33.507411225447754,130.08366732778507
33.50741144128506,130.08367583717018
33.50741182889283,130.083690142686
33.50741474809223,130.083694526881
33.50741691905563,130.08369450080068
33.5074215316784,130.0836831648462
33.50744266664577,130.0836771079123
33.5074492793608,130.08368136170554
33.50745274804592,130.08368841778633
33.50745310777478,130.08369885891523
33.50744497340685,130.08375910539849
33.50744091926305,130.08377036311185
33.50743825187385,130.08377435790032
33.50743444144638,130.08377450089256
33.50743058605275,130.08377466906575
33.507425027343174,130.0837691049603
33.507424801613354,130.08376255519784
33.50743269406365,130.083729637313
33.50742844116968,130.083718054045
33.50742627919948,130.08371819703723
33.50742089226043,130.08371975376372
33.507414559234576,130.08372907883404
33.50741019842195,130.08374817144102
33.50740558579918,130.0837601692964
33.50739535960821,130.08376641958466
33.50738474760806,130.08377202326028
33.50737116244926,130.08377325623087
33.50736089219146,130.08377549914007
33.50734794555132,130.08377929967503
33.50732730611031,130.08378036267368
33.507315864935265,130.08378114058723
33.50730949503719,130.08378722360158
33.50730202706694,130.08381302155374
33.507296107729246,130.08381846964676
33.507290693810546,130.08381800289862
33.50728430592602,130.08383313938793
33.507280413660226,130.08385630412522
33.50728105397752,130.08387869004957
33.507281640335464,130.08389795082985
33.507308585822614,130.0839826984428
33.50730908134909,130.08399905261422
33.50730813526229,130.08402027211798
33.50730358559207,130.08403625217136
33.507300532393685,130.08405143992206
33.50729553216314,130.0840704407983
33.50729591887159,130.08408433172656
33.50729338728007,130.08421697813105
33.50728180221347,130.08440671889502
33.50727961326362,130.08441588838264
33.50727710775237,130.0844190530969
33.507223640358745,130.08441927433012
33.50721519842273,130.08450786024957
33.5070791615741,130.08510900127942
33.50705541407615,130.08521591358362
33.50696094569116,130.08563333301197
33.506960693880956,130.08565000014744
33.50696277491221,130.08567399495894
33.50696494587561,130.08569924792198
33.50697238686621,130.08573094722544
33.50698399981178,130.0857901172202
33.50702653234862,130.0860061091946
33.507081333436815,130.08629647240434
33.507131747632116,130.08654272386764
33.50721158584605,130.08695238664336
33.50727053190957,130.08724377418093
33.50731246819589,130.08732836621118
33.50736961291733,130.08746230943814
33.50754391861699,130.0878320234292
33.507695612662474,130.08816581130316
33.507717774655646,130.08821530459272
33.50778902704201,130.08837461679514
33.50780800003923,130.08841713404354
33.50782530569336,130.08845355388848
33.50784172101868,130.08848072600472
33.50785233301883,130.08848674426793
33.507874333134,130.0884887812323
33.5078885855898,130.08848744483976
33.507897333295375,130.08848756175166
33.50792508097777,130.08850966259092
33.507948865347885,130.08854308679406
33.50795872101821,130.08857194603854
33.50796069413076,130.08859603078224
33.50796008079317,130.08862165966195
33.50793938739287,130.0886541629593
33.50791300038469,130.08867972798714
33.50788464026397,130.08869766496537
33.50786455930205,130.08870272365186
33.50784922496183,130.08870289182505
33.507835414073156,130.0886990526193
33.507824721134,130.08869367107616
33.5077865593023,130.08862703041314
33.50778274797551,130.088612866091
33.50778230640839,130.08860177655083
33.507784775047355,130.0885944488748
33.507796972552285,130.0885846165869
33.50780969436198,130.08857350186565
33.50773213503004,130.08839919616605
33.507703441260844,130.08833472107062
33.5076643063627,130.08824891135828
33.50757622496286,130.08805555082313
33.50754002725051,130.08797586279593
33.507453414443546,130.08778625243372
33.507428135400176,130.08773077775322
33.507320802213314,130.08749544675754
33.50731338730304,130.0874795854146
33.507212162311475,130.0872622435578
33.50717100034143,130.08704916988336
33.50715553200223,130.08696914371103
33.50714966662389,130.08694238708154
33.50714369422616,130.08691499373208
33.50714238661192,130.0869083657285
33.50709553193332,130.08667011733212
33.5070432516448,130.08640243772243
33.50702319766248,130.08629922163186
33.506993865374625,130.08630739287196
33.50698486495958,130.08625917032452
33.507013279039654,130.08625155576476
33.50698155905178,130.0860937742084
33.50694944066419,130.08593394309707
33.50693213501006,130.08584749666466
33.50690938665895,130.08573438443432
33.50689758575504,130.0856754473641
33.50689555868314,130.08566671944357
33.506888829056265,130.0856378601992
33.506888532280016,130.08563247685743
33.50688753223386,130.08561763894295
33.506888107799966,130.08561224390996
33.50689005393292,130.08559533125958
33.50690525157614,130.08553878098996
33.50694033322986,130.0854078343042
33.50694402674549,130.08539263306363
33.506958279201285,130.08533403413844
33.50698882917118,130.08520844381474
33.5070128653515,130.0851165888596
33.50701441398405,130.08510966318045
33.50702699999613,130.08505518764684
33.507039162427475,130.08499394291619
33.507088278900994,130.08475758759266
33.50712502699844,130.08459425362196
33.50713844128609,130.0845070562557
33.50714391905666,130.08446566765645
33.507152585823235,130.0843825810913
33.50716416189658,130.08424241185787
33.5070099731318,130.08419130968127
33.5070019457832,130.08418871603646
33.50699541400718,130.08418608282147
33.506813134918275,130.08411674419244
33.50651380187054,130.084007859675
33.50638446766908,130.08395702999303
33.50625936028132,130.0839108947721
33.506049305630995,130.08415936396352
33.505969053728904,130.08425891082015
33.50588205421349,130.08436688702227
33.50575180180425,130.08451788589173
33.50548033335076,130.08483642036458
33.50525825206671,130.08510416292688
33.505260494975914,130.08513019470274
33.50500936019387,130.08512422770104
33.505009135363366,130.08513077836278
33.50500463965244,130.0852560053604
33.50499830572727,130.08547111509995
33.50500608126566,130.08564785976102
33.505004919341616,130.0858413875701
33.50500035977882,130.08598199657195
33.50527261334048,130.0859903368846
33.5053641616268,130.08599355375952
33.50541582857767,130.08599538298063
33.50560538677922,130.08599919610606
33.50590882882943,130.0860046432997
33.50590633321076,130.0862253827952
33.505897251856766,130.0866592481259
33.505352919201925,130.0866449417108
33.50534774810012,130.08703128416653
33.5053411983377,130.0874416079439
33.50533058633755,130.08789549937785
33.50533080217485,130.08792691269696
33.50540330641752,130.0879287554078
33.50576980173503,130.0879355506852
33.505823973297765,130.08793433210383
33.50588205421349,130.08793791230482
33.50588263967211,130.08789433205789
33.50592927941278,130.0878960047969
33.505930945856505,130.0879395589635
33.50611572056408,130.0879429961724
33.50633964006238,130.0879472238853
33.506417080683775,130.08794866369988
33.506557495432105,130.087952243901
33.5068357213915,130.08795955898654
33.50688686493692,130.0879608558089
33.50688577495862,130.0879988593599
33.506885333391494,130.08801221788963
33.506665468037,130.0880063291288
33.506529198263934,130.08800291800037
33.506485558661666,130.08800189367253
33.50633974798103,130.08799844387318
33.50615325197106,130.08799330694558
33.50607838700802,130.0879911926395
33.506004162362274,130.08798885889883
33.505959693585055,130.0879879119127
33.50566961276246,130.08798202315188
33.50566769360921,130.0879913095514
33.50566889240554,130.08803260731906
33.505679386594466,130.08818544710073
33.50567777500936,130.0882105579709
33.50566710815059,130.08826814515885
33.50565786491859,130.0883340861492
33.50564753170829,130.0884238645698
33.50563653210031,130.08847357999184
33.5056212247398,130.088563410573
33.50560602709652,130.08861727636622
33.505583386664,130.08867810561014
33.50556625188108,130.08875102533966
33.50555891880913,130.08879600493174
33.505539694001754,130.08889121885477
33.505516495090205,130.08897574613388
33.505485667229834,130.08908608305637
33.50547025195061,130.08914552464626
33.50545225201989,130.08924927403484
33.50544800002524,130.08928622627843
33.50543833321257,130.0893690790199
33.505413531709166,130.08950291792542
33.50540125236597,130.08963316493862
33.505397387079825,130.0897588074231
33.505396081264166,130.08991435776147
33.50539902744322,130.09004294372698
33.50541027886135,130.090149364102
33.505416531847516,130.09026533078043
33.50542094572012,130.09029330689066
33.50544386494249,130.0904382227459
33.50546491897086,130.09054433195547
33.50551113513086,130.0907724377978
33.5055448291306,130.09089072562654
33.50555808064098,130.0909303893261
33.50557425224997,130.0909700521263
33.5055888923136,130.09099808039718
33.50558953173157,130.09099808039718
33.5055933061862,130.09099858581612
33.505603667275466,130.09099686091645
33.505714586059355,130.090924449304
33.505728279136804,130.0909233332453
33.50573725167288,130.09093152966648
33.50574377535497,130.09094566790827
33.505749198266926,130.09096121898517
33.505749135314375,130.09097564231206
33.50574516210958,130.09098688743495
33.50573946760238,130.09099758756872
33.50571922476246,130.0910152529516
33.50563813469222,130.09106075235195
33.505637945834565,130.09106182884034
33.50563727943694,130.09106669327332
33.50565538728637,130.09115044084024
33.50570208098628,130.09132280220558
33.505760494651156,130.09151647210751
33.505801108034746,130.0916666669832
33.50580997265217,130.09169946795612
33.50584055859497,130.09185972804403
33.50585025238729,130.0918900783645
33.50588363971826,130.09200802894748
33.50592280159606,130.09213428027283
33.5059730269337,130.09228163419016
33.50604589180449,130.092478392364
33.50608613466744,130.09257105131303
33.50610277482326,130.09259121860987
33.50612925176358,130.09262194574626
33.50615669367653,130.09266461677873
33.50620666720397,130.09277894938907
33.50626546757729,130.09293880658072
33.506333468015214,130.09311525266685
33.50641294560103,130.09329255490752
33.506512801824385,130.09348481197458
33.50662630615915,130.09375313909618
33.50663894613052,130.09377861239307
33.506726585963236,130.0939499215517
33.506741946383784,130.0939934496381
33.50676108125896,130.09403383909046
33.50681255935217,130.0941308039935
33.50682297260215,130.09414907911673
33.50683397310945,130.09417319084014
33.506896359979066,130.0943098832945
33.506968694249906,130.09448488956605
33.506981864821284,130.09452069967062
33.507028973108675,130.09462450121987
33.50708164010564,130.0947264195887
33.50710686518971,130.09477060957602
33.507157053655135,130.09485394255546
33.50717622540253,130.09488516162094
33.507270918618076,130.09503700405457
33.50734227892309,130.0951678859892
33.507408108397556,130.09530605692908
33.50746782877735,130.09541866374036
33.50754530627091,130.09557016892825
33.50763638690978,130.09572075231097
33.50769591933124,130.09582260682794
33.50771966682919,130.0958654217519
33.507736747652814,130.0958960049967
33.50784202678818,130.09611447460338
33.50797355893263,130.09634591423264
33.50801136013621,130.09641160790943
33.50805613468293,130.0964653828712
33.50809782905162,130.09653330686672
33.508184386999915,130.09672033707398
33.5082968921879,130.09691474711792
33.5083333327172,130.09697418870792
33.50843086509241,130.09713335881747
33.508534639661946,130.09728165972092
33.50863302729243,130.09743455256262
33.50876400005859,130.0976408300603
33.508881197909034,130.0978361349297
33.508945306081046,130.09794752315975
33.509054467589635,130.09810483796798
33.50914310836782,130.09822907930868
33.50925200007981,130.09839856014548
33.50933741409045,130.0985257458666
33.50937755892727,130.09858958514133
33.50947699966383,130.09871374824093
33.509581053922545,130.09883632943308
33.50977172098817,130.09904455306378
33.509910134744985,130.09918425375042
33.51008474801279,130.0993648636976
33.510210467838874,130.09948111456185
33.5103598650158,130.0995997801058
33.51055653235812,130.0997419710152
33.51069846786004,130.09982963692823
33.510715585555886,130.09983958522878
33.510803864806576,130.09989097338973
33.510868359687095,130.09992152965492
33.51097433309906,130.0999621916019
33.51107049490747,130.10000000000002
33.51111649523011,130.10001807997048
33.51122722515635,130.1000576132683
33.51129853240138,130.10008175107203
33.511422054284424,130.10013116701975
33.51145294599672,130.1001370818609
33.51165689155238,130.10017406018483
33.51178589210531,130.100194993704
33.511817225384675,130.10019961082344
33.51190653166117,130.1002170037118
33.511926359913616,130.10021980509998
33.51194610812644,130.1002200263332
33.512021586427124,130.10021924841965
33.51202138677763,130.100193644721
33.5120350807544,130.1001931653824
33.51203819780466,130.10022241223464
33.51223477521478,130.10022522711256
33.51230580187132,130.10022267213867
33.51246453221245,130.10016416314568
33.512627639553955,130.10007907918623
33.51268925210735,130.10004666672035
33.51270272125362,130.1000366410782
33.512717134688046,130.10002486355665
33.512741892124666,130.10000000000002
33.512863135125656,130.09987814456076
33.512901000181046,130.099840415303
33.51293161310349,130.09979703020883
33.51300919761644,130.09967708223166
33.51302094635963,130.09965855979476
33.5130316132184,130.09963808043312
33.51310327929298,130.0994868612297
33.51312449519935,130.09942916972045
33.51312977511907,130.09941177683208
33.51313300008792,130.0993953830905
33.513134612572344,130.09938031135232
33.51313425194422,130.0993682487457
33.51312982907842,130.09935722395676
33.51310577491165,130.09930978022226
33.51310227924682,130.09930338514312
33.51309300004198,130.0992864464124
33.51307130569626,130.09923199695913
33.51305255932823,130.09919527943862
33.51304580182233,130.0991846953175
33.512995278809115,130.09911739275356
33.51298527924729,130.09910394339238
33.51292705444007,130.09904739312276
33.512920531657244,130.09904002587655
33.512909945737476,130.09903561560122
33.512850108445775,130.09902880683399
33.51283502681508,130.09902369598683
33.512780973063514,130.09899444913458
33.51277346822104,130.09899075202168
33.512767892424336,130.0989912187698
33.51273697283307,130.09903319102898
33.512730414077396,130.09903608324873
33.5127253598875,130.09903603108808
33.5127193056515,130.09903296979576
33.512687802400194,130.09893985668907
33.5126878293799,130.09893080411337
33.51268958575582,130.0989114138307
33.51270364036077,130.0988746693306
33.51271761312739,130.0988482751278
33.51272986459162,130.09883328073136
33.51278772067684,130.0987826327124
33.51279833267694,130.09877855968284
33.51281616173651,130.09877577178452
33.51287844068753,130.09878341062597
33.512889612965296,130.09878169921615
33.512897775212195,130.0987769777754
33.51291002667642,130.09876383868027
33.51291827885552,130.09875674392867
33.51292738718922,130.09875686084047
33.51296133299917,130.09876383868027
33.51296953211829,130.09876192042634
33.512979332929945,130.09875933937212
33.51302302739083,130.09874114069112
33.513076386865805,130.09871418890873
33.51309591924132,130.09871033711238
33.51322413468614,130.0986994157455
33.51324735967796,130.09870286644423
33.51326538658839,130.09870513633302
33.5133673328362,130.09870053180418
33.51340335967734,130.09869530494439
33.51341663996601,130.09868666695616
33.51342794624276,130.098676641314
33.513434081417756,130.0986649681139
33.51343555900388,130.09865752262658
33.51343391864049,130.098644085856
33.513425559442055,130.09862133570618
33.51341955916536,130.098566718979
33.513425694340356,130.09855311313572
33.513450162195284,130.09852399488648
33.513457891868256,130.0985184442709
33.5134645594419,130.0985183660298
33.51346825205826,130.0985281056876
33.51347144105421,130.0985453052217
33.513474559003726,130.09855335865063
33.51353944059275,130.0986240336723
33.5135534951977,130.09864488984988
33.51355910786657,130.0986503109632
33.51356327892222,130.09865027229228
33.513567414005024,130.0986495852103
33.51356736004567,130.09864160822372
33.51356422500902,130.09863185507606
33.51356949503622,130.09857894885943
33.51356941409722,130.09856474676576
33.51356889159115,130.0985549423567
33.51356830613247,130.09854883326216
33.51357108144032,130.09852230865772
33.513575305555946,130.0985067827619
33.51357741356685,130.0985009470611
33.513582224939796,130.09849238731385
33.51358986468057,130.09848972801865
33.51359527859927,130.09849041510063
33.51364508125556,130.09855802882998
33.513651613031584,130.09856182936505
33.51365805397609,130.09856596624638
33.51366400029343,130.0985671983176
33.513671387324734,130.09856444909008
33.51367910800451,130.09856069981652
33.51368686465713,130.09856192019652
33.51369513482268,130.09857044127295
33.51370089228243,130.09858080416086
33.51371191887,130.09860900060494
33.51371599999345,130.0986126329667
33.513725864656976,130.09861630399928
33.51376869397012,130.09863061041438
33.51377233262713,130.09863496762966
33.51377700010852,130.098645356598
33.51380353190751,130.09868383858839
33.513811775093416,130.0986898829318
33.513823162309166,130.09869352788405
33.5139305593479,130.09874236107112
33.51393858579712,130.09874496820578
33.51394777506982,130.09874542236344
33.51399346782432,130.09874128368335
33.514004278574646,130.09874053185013
33.51400866726624,130.09873683473722
33.514011000107644,130.0987320494446
33.514015558771064,130.0987144748932
33.514024891935264,130.09869586342347
33.51403166742756,130.0986864196426
33.514042161616544,130.09868061002214
33.514062414348984,130.09867341094923
33.514070413818615,130.09867267170648
33.51407530613051,130.098674890334
33.51407672076408,130.098681556109
33.51407574769763,130.09869769084582
33.514064468400534,130.09872116674853
33.51406025237878,130.0987347725918
33.51406074790526,130.09874391689834
33.514071748412505,130.09875739323923
33.514079639963484,130.09876224418224
33.514083161708584,130.09876155620088
33.51408546757034,130.09875841756696
33.51408569419948,130.09875131022488
33.514090440821235,130.0987359659921
33.51409633317928,130.09872741883532
33.51410353225225,130.09872486386143
33.51411589163513,130.0987265500903
33.514164080907676,130.09876858620134
33.514170332994524,130.09878391694429
33.51417453192914,130.09879247669153
33.5141807210635,130.09880165966888
33.51421644123582,130.09882713386514
33.51429766710373,130.09888797659892
33.514389693829344,130.0989437480556
33.51441349528665,130.09895758772257
33.51442641404782,130.09895875504253
33.51443389191064,130.09895769114462
33.514439775275434,130.09895130955533
33.51444266659581,130.09895031130793
33.51451182895778,130.09895066114416
33.51453194589266,130.0989541118429
33.51454069359818,130.09895403360179
33.5145473602725,130.0989521144486
33.51454991884373,130.09894411228106
33.5145503873905,130.0989361613748
33.51455135955763,130.09893247685238
33.51455658641737,130.09893060985985
33.51456116216798,130.0989305576992
33.51456786481515,130.09893413700092
33.5145741079088,130.09893719829313
33.5145813330621,130.09893894927313
33.514623612889466,130.09894961073599
33.514631865068566,130.0989551100903
33.514635027084864,130.09895571983066
33.51464225223822,130.09895683498996
33.51464738736706,130.0989567828293
33.514653467683445,130.09895241212416
33.514655494755345,130.0989432561264
33.51466010827744,130.0989357719684
33.51466677495176,130.0989332169944
33.51467344072677,130.09893316483374
33.51467761268174,130.09893505790671
33.51468225228416,130.09894177674164
33.514685441280164,130.09894542169388
33.51469419797888,130.09894713400308
33.51469877462881,130.09894280196875
33.51470019825558,130.09892686058618
33.514700666802355,130.09891758767662
33.51470574797196,130.09891204875214
33.51471044063436,130.09891136167005
33.514713721361204,130.09891647161794
33.51471591930431,130.09893335908737
33.51471727907921,130.0989359401416
33.514719000381604,130.0989358106392
33.51472882907228,130.09893505790671
33.51474016232868,130.09893236083985
33.5147461077467,130.09893294360052
33.51475272136105,130.09893491581374
33.514760306243204,130.0989387163487
33.514763080651676,130.09894708184243
33.514769640306724,130.0989547467642
33.514775162144076,130.09895771722495
33.5147797477872,130.0989573673886
33.51478646842082,130.0989521144486
33.514793494824005,130.09895138779632
33.514804053764124,130.09895289236215
33.51481305417917,130.09894924830928
33.51481789163245,130.09894338472952
33.51482533262305,130.09893985668907
33.514830386812946,130.09893938994094
33.514835441002845,130.09894169939992
33.51483899962017,130.09894586326106
33.51483966691717,130.09895092104819
33.51484510781552,130.09895741865
33.514853279055615,130.09896444865046
33.51486316170559,130.0989708041593
33.514885973009314,130.09898422833953
33.51490133342986,130.09899968858485
33.514912467936085,130.09901819663253
33.51492213474876,130.09903444918052
33.51493153176483,130.09905900067236
33.51494733285318,130.09906282728775
33.51495541416108,130.0990601688917
33.51495844127908,130.09905561562425
33.51495972101435,130.099044500903
33.51495858606995,130.0990370823955
33.514951973354925,130.09899411188883
33.5149535588597,130.0989891440338
33.51496019765506,130.09898605666126
33.51497566689358,130.09898050604556
33.51498377518112,130.09898172462692
33.51499194642122,130.09898561599346
33.515023613349115,130.0990144491576
33.51503336020147,130.09901822271286
33.51504210790699,130.09901814537113
33.51506489223107,130.0990115560386
33.51507255895149,130.09901136178496
33.51508277524994,130.0990184700264
33.51508610813744,130.09903005239505
33.51508622504929,130.0990450324024
33.51508416200454,130.09906119321954
33.51508427891639,130.09907486381394
33.51508646786624,130.09907999984216
33.51508919820799,130.09907997376183
33.51509774806266,130.09906632924776
33.515107494915014,130.09905717325
33.51511263993643,130.09905722361202
33.51511780204498,130.09906094680537
33.51512222491078,130.0990731649946
33.515122332829435,130.09908683468973
33.51511866719278,130.0991180033932
33.51511769412633,130.09913286558935
33.51511891900299,130.0991382228508
33.51512264039758,130.09914325635623
33.51513013534753,130.0991438004461
33.51516205408558,130.09914413679257
33.515166639728704,130.09914041539787
33.51517069387245,130.09913111460935
33.515175387434226,130.09912858571568
33.515216495444974,130.09911902682165
33.51522580162947,130.09911891080912
33.51523144127805,130.0991151876159
33.515234441416396,130.09910472130593
33.51523702696727,130.09909985687295
33.51524422514092,130.0990997804306
33.515250387295566,130.09910219241226
33.51528397337671,130.09911972829286
33.51529427870804,130.09912639406787
33.51530269366441,130.09914169873048
33.51530433312854,130.09915708163408
33.51530230605664,130.09916442279996
33.515297694333185,130.09917308686852
33.51529510788299,130.09917674441124
33.515298775318286,130.09918413683852
33.51530866696146,130.0991945006258
33.51531894621246,130.0991937478932
33.515326666892236,130.09918946801963
33.515330774995334,130.09918328068397
33.51533635978524,130.09917150496108
33.515341467934434,130.09916841758843
33.51534913465491,130.09916769093627
33.51539613502365,130.0991845271443
33.5153976944481,130.0991881972775
33.515398305987105,130.09919797740474
33.5153948022284,130.0992238392089
33.515396440793154,130.09922566842988
33.51540258586073,130.09922625208992
33.51541910820532,130.09923165971338
33.51546519756084,130.0992705841702
33.51547082911554,130.09927730210586
33.515473531578266,130.0992846954324
33.51547358643694,130.099295694141
33.51548186469637,130.09939097281517
33.51548764014251,130.0994026334248
33.51549794637316,130.09940866427849
33.51554499980193,130.09943163386288
33.51554810785893,130.0994383922681
33.51555027882239,130.09944880731666
33.51556241427403,130.09950649792665
33.515564586136804,130.09952121892923
33.51556410769746,130.09952983083713
33.51555746800278,130.09953538325135
33.51554922481694,130.09954160835855
33.51554258602158,130.09954664096472
33.51553753183168,130.0995553050334
33.515536467933714,130.0995620877202
33.51554166691443,130.09956688740203
33.51555149470579,130.09956807990307
33.51557569366338,130.09955922158088
33.515582918816676,130.09956160838158
33.515610332850656,130.0995872759321
33.515618612908725,130.09959944196078
33.5156234413688,130.09963202259985
33.515625224724374,130.09966461672877
33.51562782916102,130.09967438426554
33.5156347206659,130.09969335906135
33.51564036031442,130.09969824867528
33.515647586367095,130.0996993638346
33.515663080786624,130.09969929998272
33.515672801558594,130.09969922174173
33.51568313476889,130.0997052525954
33.51569405433719,130.09972053207696
33.51570144136849,130.0997426068359
33.515702586205464,130.09976282719276
33.51569222511614,130.09983927406336
33.515689667444235,130.09984477341766
33.51568508090179,130.09985033662383
33.515677333242365,130.09984975386317
33.5156644954202,130.09984374819044
33.515660333357744,130.0998426069508
33.5156572792601,130.0998449937515
33.51565725228045,130.09985243833944
33.51565738717875,130.09987031056642
33.515656495051246,130.09988505764932
33.515659586021116,130.09988933932163
33.515664161771724,130.09988747142972
33.51567089229792,130.09988243792418
33.51568455929504,130.09987369561463
33.515690225023945,130.0998721137072
33.51569844123014,130.09987719757464
33.51570502696546,130.0998903627501
33.51571182943741,130.09990557658114
33.51571610841171,130.09992535716958
33.51571830635481,130.09994147931593
33.51571991883924,130.09995177655333
33.51571508138596,130.0999580799015
33.51571077543201,130.09995985696185
33.515702945934265,130.09995983088152
33.51569964002641,130.0999645784026
33.515701278591166,130.0999800782181
33.51570758643601,130.10000000000002
33.515708386832614,130.10000250281337
33.51571441408902,130.10007593965292
33.515716495120216,130.10009121913447
33.51572146837111,130.1001023608353
33.515725694285436,130.10011319137072
33.51572577522438,130.10012450124475
33.51572455934098,130.10013299624086
33.51572158618228,130.10014347604067
33.51571738724766,130.10015191977539
33.51570802710381,130.10016364513615
33.515703080832566,130.10016800325081
33.515693387040244,130.10017306103805
33.51568177499399,130.1001749936811
33.51567844120717,130.10017719791938
33.51567441404302,130.10018163427503
33.51567222509317,130.10018780812095
33.515677108411865,130.10022983074214
33.515679360314266,130.10025133623026
33.51567680174304,130.10026247703172
33.515673252118916,130.10026669305353
33.51567174755314,130.10027102508775
33.51567582867659,130.100277755614
33.51568364018789,130.100281659571
33.515687386763545,130.10029152963045
33.515687027034744,130.10030089517022
33.515682945911294,130.1003108299809
33.51567255874164,130.10032031063395
33.515666802181215,130.1003235023278
33.515658532015664,130.1003248639014
33.515654306101396,130.10032866443635
33.515653360014596,130.10033557662564
33.515655027357695,130.10034169921016
33.51566082888422,130.1003441120912
33.515683305640096,130.10034752321974
33.515691198090394,130.10035369616617
33.51569497344434,130.10036474703554
33.51569502740364,130.1003722833542
33.51568997321374,130.10038416339853
33.515684251726896,130.100391660147
33.51567863995734,130.10040044112748
33.51567082934537,130.1004086897093
33.51567035989922,130.1004161351965
33.515672639680645,130.10043105135196
33.51566969440091,130.10044724994066
33.51566191886252,130.10045669282215
33.51565782874587,130.1004648119016
33.515656945611624,130.10048224436014
33.51565977487877,130.10049771719594
33.51567349493587,130.10051435825108
33.515680468279015,130.10052849469434
33.51567794568069,130.10054230918024
33.51567291936976,130.10055786025714
33.515674108273515,130.10057216577286
33.51569777483252,130.1006390006894
33.515706305801416,130.10065880735817
33.515712279098466,130.10067544661467
33.51571346800222,130.10069286558337
33.51571672085004,130.10070338495336
33.51572466725963,130.10071697820604
33.51573680181201,130.1007260829424
33.51575716156378,130.10077250324844
33.51577305438303,130.1007990269536
33.51578258629735,130.10080883316118
33.51579694577248,130.10083839207823
33.51579463991078,130.1008663942688
33.515798414365406,130.10087819697128
33.51584080211137,130.10098024574177
33.515848252095225,130.10099814494845
33.51585633340312,130.10102097333936
33.51586753176122,130.10104756179555
33.51587291870027,130.10105686078555
33.51591605378292,130.10108797732835
33.515921919161315,130.1010978078176
33.51592461263084,130.1011114397412
33.51592480238776,130.1011257461563
33.51592125186431,130.10113269791577
33.515916080762565,130.10113832677246
33.51591299968521,130.1011482750729
33.51591313458357,130.1011551620811
33.51591841360397,130.10116252932733
33.51592466659014,130.1011680538627
33.51593538740826,130.10118958543103
33.51593713479099,130.1012076654015
33.51593827872864,130.1012150839091
33.51594355864836,130.10122124516442
33.51594822523049,130.10122175058336
33.5159711984121,130.1012183916156
33.515979559409175,130.1012126071762
33.51598574764421,130.1012106997141
33.515995694146,130.10121243810363
33.51600358569698,130.10122160759113
33.51600919836585,130.1012336063459
33.51601308073913,130.10126005180996
33.51601413474458,130.10127046685864
33.51601313469848,130.10128308704486
33.51601222458453,130.10129169895276
33.51601108064693,130.1013200257986
33.516006774692926,130.10136182898532
33.51600858592752,130.10138527880758
33.51601089178928,130.10139311280193
33.51601472110252,130.10140136228313
33.51602027891278,130.10140722406425
33.516021585627755,130.10141228275074
33.51602141385723,130.10141625235826
33.51601638664698,130.10143053179365
33.516015775107974,130.10143408591443
33.51601553229102,130.10146022021308
33.516009414203154,130.1014777560937
33.51599661325315,130.10150036325126
33.515985892435026,130.10151457793552
33.51598536003638,130.10155569404014
33.515983413903484,130.10158552455243
33.51597719778948,130.10162252895657
33.51597299975418,130.10164075191926
33.515980413765135,130.10168147861737
33.515979440698686,130.10169452688092
33.515975251656585,130.10171533089783
33.51595922483841,130.10175510971055
33.515924558671486,130.1017744226516
33.515921919161315,130.10178089507235
33.515920413696165,130.10179846962376
33.515923278936214,130.10180683511737
33.51592872073394,130.10181194596464
33.51595708085466,130.10181863781997
33.51595927879771,130.10182313892676
33.51595933275706,130.10183152960144
33.51595374796716,130.10188411206218
33.515950558971156,130.101890609664
33.51593974822083,130.10189341105217
33.515917278659515,130.1018868612897
33.51590644092954,130.10188644580285
33.51583055883327,130.1019144749731
33.5158211618172,130.10191583744597
33.5158116937547,130.1019122833253
33.51580225177253,130.10190430633872
33.515786467771306,130.10189208814938
33.515772801673506,130.10188544665607
33.51576027861404,130.10188374783672
33.515746694354505,130.10189024633792
33.51573694570351,130.1018990533987
33.51572866744408,130.10191474656835
33.515706467679365,130.10198763931817
33.51570191890846,130.10200717259295
33.515694828653466,130.1020253308044
33.51568502694249,130.10204105095386
33.51565272059662,130.1020629179693
33.51562991918547,130.1020756415777
33.51560669419365,130.10209277636056
33.5155791623485,130.10211328090327
33.51556930577891,130.10212061037794
33.51554338731751,130.10214163382943
33.51551419802189,130.10216863777248
33.51549208099482,130.10219105067654
33.51546186467334,130.1022258112722
33.51544835955423,130.10224219242332
33.51544033310495,130.1022514140716
33.515427441323425,130.10227761312137
33.51542113527722,130.10230425373834
33.51541480225137,130.10232788612313
33.5154003060793,130.10235505823937
33.51535600007941,130.10239985706778
33.51533274810788,130.10242542209562
33.51530038690339,130.10246416309076
33.515271828931816,130.1025047207163
33.51524655888164,130.10253888506156
33.515219559435195,130.10257102503283
33.51520494635122,130.1025796891014
33.5151850542469,130.10258688727504
33.515159467635385,130.10259038923516
33.51510049459222,130.10259002590908
33.51507749533022,130.10258661478053
33.51505433329089,130.10257769080783
33.515012945591025,130.10256272429035
33.51498580225302,130.10256192029647
33.51495822544183,130.10257783380007
33.514932467959056,130.1026061606459
33.51490508090484,130.1026330611669
33.51489666684773,130.10264121891714
33.514818639868395,130.10270133589802
33.51481272143002,130.10270603125844
33.51478038720518,130.10274724988574
33.514761495146956,130.1027780291828
33.5147459728484,130.10281133557476
33.51473158639362,130.10285561639364
33.51473116191363,130.10285875502757
33.51472849542375,130.1028790005655
33.514719135279904,130.10294131009346
33.51471719814026,130.10297180340604
33.51471949500876,130.10299383859478
33.514724972779334,130.10299958526275
33.5147561621672,130.1030114401259
33.5147622523761,130.1030185861389
33.5147664953775,130.10303155616145
33.51476513470328,130.10304525283618
33.5147521080234,130.10306399470767
33.51473916228258,130.10308038934852
33.514736585724904,130.10309603125688
33.514732865229576,130.103106615378
33.51472361300438,130.10311111468627
33.51468072073874,130.10312858581563
33.51466682891106,130.1031400260914
33.51465863968451,130.1031556158391
33.51465435981089,130.10317233513524
33.51463853174289,130.10322749685156
33.51463213486517,130.10326739257619
33.514629026808166,130.1032985208102
33.51462191856672,130.10336083033815
33.51461997333314,130.1034035796116
33.51462010823144,130.10342435844746
33.5146154677297,130.10353063583023
33.51461927905655,130.103544916165
33.514630918981766,130.1035603107598
33.51464463993824,130.10357316476984
33.514657775436035,130.10358347639635
33.51466636036429,130.1035970561593
33.51467016179856,130.10361447512798
33.51467353155829,130.10364241166803
33.51467135969557,130.10367968856679
33.514664828818866,130.1037109732829
33.51466549521649,130.10375294374342
33.51466908081346,130.10378593986934
33.51468336024891,130.10382885911463
33.514702828772556,130.10386577178804
33.51472919779428,130.10389522728292
33.514745801977256,130.10392411170847
33.51474749540063,130.10393197088376
33.5147516133963,130.10397917000273
33.514758414069604,130.1040198832111
33.51475808132045,130.10403788583983
33.514751080997655,130.10405569421494
33.514741999643604,130.10408238699267
33.5147427208999,130.10410766513667
33.514750586370496,130.10413472124048
33.51475566664078,130.10416513631208
33.51476086472218,130.10419878084917
33.514762693943226,130.10422664094676
33.51475977474388,130.10427328068738
33.514764026738476,130.1043354472232
33.514767026876825,130.10435189402472
33.5147819187506,130.10442997406415
33.514787972986596,130.10445542218008
33.51479591939619,130.10446955862335
33.514810748317416,130.10448802889948
33.51483077532009,130.1045033065824
33.514835666732665,130.1045162784036
33.514849640398666,130.1045558629628
33.514849775296966,130.10457330711245
33.51485000012747,130.10459192038093
33.51485377458209,130.10460372218404
33.51486005364859,130.10460980519838
33.51490246837426,130.10461483780455
33.51491769389651,130.1046264201732
33.51492727887086,130.1046436709687
33.51493108120451,130.1046572759126
33.51493225212181,130.10466975400595
33.51493038692786,130.10468658931472
33.514922613188105,130.10469655020574
33.51491063961436,130.10469924817187
33.51489497342436,130.1047013615787
33.51488505390216,130.10470147938986
33.51487986481396,130.10470527902544
33.514877828748865,130.10471089529165
33.51487841420749,130.1047189748009
33.51488269408111,130.10472389139454
33.514895801699936,130.104728690177
33.51490522479634,130.10473355371062
33.514912108207284,130.10473961064463
33.51491216216658,130.10474649765285
33.51490449544616,130.10475905308795
33.51489300031176,130.1047647727761
33.51488891918831,130.10477352767623
33.51488746768251,130.10478538343875
33.514887640352356,130.10479722391278
33.51488925193746,130.10480778195358
33.51489300031176,130.10481516179038
33.51490872136043,130.10482058380296
33.514948494777286,130.1048218032837
33.514952693711905,130.10482669289763
33.51495327917053,130.10483489021806
33.51495289156276,130.10484350212596
33.51491019804723,130.10491131010895
33.51489097323986,130.10492033660432
33.514851919280716,130.1049320493746
33.514837306196796,130.1049316599682
33.51482761330374,130.10492399504642
33.51482041423077,130.10491330660386
33.514812802368965,130.10488542222447
33.51480299975867,130.10485138828096
33.514800918727474,130.1048482748281
33.51479344086465,130.10483652428627
33.51477700035832,130.10480946818245
33.51475258556343,130.10477247726806
33.514733224958434,130.10476405961367
33.51472538736681,130.10476661458767
33.51471813523381,130.10477238733586
33.514685667009985,130.10482255511693
33.514656829349235,130.10486213967602
33.51455722493603,130.1049277560112
33.51455519786413,130.10493455308722
33.514553919028174,130.10494211368768
33.51455036041085,130.10494902677624
33.514543198210106,130.10495719801634
33.5145318919333,130.10496666697816
33.51451705401888,130.10498177738714
33.51447353222778,130.10502355359415
33.51445635967332,130.10505603081128
33.51444736015759,130.1050846427421
33.51443741365574,130.10511649762827
33.514410639939115,130.1051658632141
33.51431522456801,130.10528902716692
33.514304224960085,130.10530280208275
33.51422810814074,130.1053991698359
33.514215252332065,130.10541544666557
33.51416855863215,130.10549428033687
33.51405335997464,130.10568469469297
33.513830495381114,130.1060517772678
33.513759108096394,130.10616822328495
33.51363646844834,130.10635119305323
33.51362702736549,130.10635644599324
33.51361782909959,130.10635666722646
33.51361013539946,130.10635252944576
33.51360589239806,130.10634839166505
33.51360158644411,130.1063416341592
33.51359913489222,130.10632703006843
33.51360097310646,130.10630538338683
33.513688252311056,130.10616897511818
33.51373505392962,130.10609377380865
33.51385855872553,130.10590328121157
33.51405555881706,130.1055769388247
33.51411244093646,130.1054898053103
33.51411446800836,130.10548172490178
33.51403689158934,130.1051902717137
33.513980495103795,130.10497277607283
33.513915639595155,130.10473061022958
33.51387308097793,130.10456849484024
33.51381819805147,130.10434669324536
33.51374291940027,130.10407525267078
33.51365169397053,130.10371581073616
33.51364546796401,130.10369133568668
33.513641919239205,130.10367241215215
33.513638197844614,130.10367000017038
33.513630891752314,130.10366929959855
33.513549918593924,130.10368328135837
33.51351574795348,130.10368308710486
33.51344800022508,130.10367647169187
33.51333041386755,130.10366272375575
33.513236441008985,130.10364785976094
33.51322013540096,130.10363836561817
33.51320389184616,130.10363766504622
33.513197027320984,130.10363569373237
33.51314349517622,130.10362600533597
33.51311719810025,130.10362897489733
33.513087774980875,130.10363949426733
33.513074107983755,130.1036451357145
33.51298208125809,130.10365975419438
33.5128591079615,130.10368610882688
33.512839080958884,130.10369791242874
33.512833801938484,130.10370477335664
33.512832225426905,130.10371166036487
33.512832225426905,130.10372102500537
33.51285749457776,130.10384983130473
33.512856892032005,130.10385488999123
33.51285325157636,130.10386116725908
33.512849026561355,130.10386294431953
33.512839559398174,130.10386358014023
33.51282905441735,130.10385788563303
33.51282333293051,130.1038402724107
33.51278389226286,130.10371011712823
33.51277919780176,130.10370758823467
33.51277180177726,130.10370819707566
33.512761278810046,130.1037131649307
33.51275133320752,130.1037093895767
33.51272827908684,130.10368788588733
33.51271786493754,130.1036570823086
33.51271636037177,130.10363581064416
33.512720694204745,130.10361131041373
33.51272916222109,130.1035856158835
33.51274500018167,130.10356878057485
33.51277341426169,130.10354447459792
33.51280341384654,130.1035295332614
33.51281377493581,130.10352802869568
33.5128991619668,130.1035151881755
33.51290744112555,130.10351391743336
33.51299319777792,130.10350097259186
33.51299113473311,130.10348085565704
33.51300953216423,130.103478521017
33.51301055918998,130.10348347628144
33.51303522489576,130.1034798825906
33.513035748301206,130.10348988305168
33.51325125194376,130.10345267180344
33.51333533315915,130.10343619982086
33.51333849517545,130.10343496774965
33.513339080634125,130.10342807984205
33.513315000387024,130.10320530518072
33.513314441008674,130.10319994791928
33.513309027089974,130.1031499483115
33.51331119805337,130.10313797743572
33.513316468080575,130.1031342542425
33.51332066701525,130.10312549934235
33.5133206939949,130.1031179774128
33.5133175859379,130.10311111468627
33.51331282942357,130.10310481223735
33.513306053931274,130.10310216643188
33.51326310770628,130.1030611933195
33.513258360185205,130.1030530607502
33.513254747608585,130.10303919590228
33.513255360046855,130.10302542188572
33.51325433302111,130.10301788556706
33.51325391933295,130.10301294379235
33.513146333436566,130.1028853308934
33.51314127924667,130.10288547298626
33.513139774680894,130.10288678329846
33.51313282921677,130.1029018289563
33.51312761314887,130.10290177679565
33.51310974811645,130.102899169661
33.51310555907435,130.1028946685542
33.51310189163905,130.10288535697373
33.513098774588855,130.10286839216258
33.51309569441082,130.10285258118176
33.513090999949725,130.1028382226059
33.513084801822174,130.10282933910275
33.513081441055704,130.10282583714275
33.51307653165668,130.10282050596163
33.51302408139628,130.10276377402897
33.512979558659765,130.1027121403531
33.51297489207764,130.10270269837088
33.512974440617995,130.10269194607656
33.5129733056736,130.10268700430186
33.51297272111424,130.1026808952072
33.51294080237619,130.1026432172108
33.51292297331662,130.1026211145728
33.51290897267103,130.10261824933275
33.5129021351255,130.10261885907312
33.512731360164196,130.10264247706868
33.51272974767977,130.10264496819082
33.51272977465942,130.10264871566574
33.51272863971502,130.10265250271084
33.512728135195346,130.10266058401885
33.51272653170412,130.1026738391264
33.51272019777895,130.10268380001742
33.5127116937897,130.1026913363362
33.51270016178307,130.1026949938789
33.51269277475183,130.10269496779858
33.51268708114395,130.10269180308433
33.5126823327235,130.1026823611021
33.512679748071946,130.10267422763354
33.512676640015,130.10266919592675
33.51267246806003,130.10266535672088
33.51266505404908,130.10266286559886
33.51265610759333,130.10266089518427
33.51254366715659,130.102674111621
33.512540441288365,130.10267489043395
33.51252389196412,130.1026790533956
33.51242010840133,130.10270489001869
33.51230266683467,130.10272202300303
33.5122456399244,130.1027303633157
33.51223986537752,130.10273031115503
33.512235640362576,130.10273282655874
33.51223558640322,130.1027366154026
33.51223610801003,130.10274477315284
33.51223922506023,130.1027655250091
33.512238666581254,130.10277488964948
33.512234586357124,130.10278603135032
33.51222438714581,130.10279549941288
33.51219019761959,130.10281671891653
33.512093107710825,130.10292158166567
33.51195710773436,130.10306464311884
33.51194402709524,130.10305391690486
33.51193933263414,130.10305072611015
33.51192986457164,130.10305136193085
33.51192089203562,130.10305693862688
33.51191244110635,130.10307189435252
33.511907693585215,130.10308946800455
33.51187886491772,130.10321732821717
33.51187672093397,130.10321919610908
33.51187355891767,130.10321985711073
33.511871973412894,130.1032236450552
33.51187255887157,130.10322922175123
33.51187563994887,130.10323491625843
33.51187933256517,130.10324499406124
33.511879775031616,130.10325499362307
33.5118732252692,130.10333655044155
33.51188413494492,130.10349983135222
33.51189299956235,130.10368992195242
33.511894026588095,130.10369433222775
33.51189872104919,130.1036956677209
33.511907666605566,130.10369505798064
33.51209794606342,130.10366403406795
33.51223355933138,130.1036377558778
33.512233640270324,130.1036271079048
33.51225572132455,130.10362525260336
33.5122551979191,130.10361396880967
33.512275197942074,130.1036116080893
33.512280360050624,130.1036260826777
33.5124743330241,130.10359308655177
33.51249064043077,130.10359325562433
33.5125031976645,130.10359644641892
33.51258755856901,130.10365455341503
33.512595441126734,130.1036727763776
33.51260169411296,130.10368983112085
33.512604775190255,130.10370357995635
33.51260264019976,130.1037193001057
33.51259569383626,130.1037330606323
33.51259200032064,130.10374427967486
33.51259091933554,130.1037556156292
33.51260189196381,130.10393771665235
33.51259766694881,130.1039520878187
33.51259444108064,130.10395836598582
33.51258808107514,130.1039620882798
33.51257761296654,130.1039614398686
33.51257027899521,130.10395880665362
33.51256508091382,130.1039500517536
33.512563053841916,130.10393058412922
33.51254361319724,130.1037610250513
33.51254158612534,130.10375472080375
33.51253319814862,130.1037528664017
33.512524721139016,130.1037533853106
33.51232133316307,130.10379313894225
33.51220566685811,130.10381144014593
33.51203699990765,130.1038375231832
33.511950891620415,130.10385141411155
33.51193569397714,130.1038557722262
33.51192661262314,130.10385933893735
33.51190530588519,130.10387007774193
33.51190046843192,130.10387306079315
33.511765829129786,130.1039579765794
33.5116829997707,130.10402360640433
33.51167977480179,130.10402719829665
33.51167844110722,130.1040316076726
33.511678774755694,130.10403894883848
33.51168072088859,130.1040465499084
33.511677531892644,130.10405175068786
33.51161846801796,130.10409070032563
33.51160246817943,130.10409655041553
33.51158622462464,130.10409447478025
33.51158000041676,130.10409647217455
33.51157446778751,130.10410383942076
33.51157135973051,130.10411119317712
33.51156982908441,130.10412272428437
33.51157027874541,130.10414511020872
33.51156982908441,130.1041616991032
33.5115707481915,130.10417600461903
33.51158066681438,130.1042381064035
33.51157955884963,130.10424566790334
33.51157219789866,130.1042493901973
33.511565414312486,130.10424741888335
33.51154810775904,130.1042354471083
33.511518720612514,130.10421204944657
33.511509332589696,130.10419761262983
33.51148286464252,130.1041152266365
33.51147246758035,130.1040749675858
33.511432559265245,130.10391727596163
33.51142733330482,130.10390603083874
33.51141844080843,130.10389652410538
33.511408495205956,130.1038801690346
33.51139646767291,130.10385316509155
33.51139186494265,130.10383802860224
33.51136755896573,130.10373063606005
33.51134380157521,130.10361185540285
33.51132946818046,130.10348822290325
33.51132805444621,130.10348144021634
33.51130208112619,130.1033556682296
33.511253720982495,130.10305165960642
33.51123880212907,130.1029587155723
33.51123569407207,130.10294238658196
33.51123161294862,130.10292413663967
33.51122744099365,130.10291094718252
33.511220161881,130.10290089456066
33.51120394620523,130.10288761337267
33.51119853228647,130.10288555122725
33.51118227883916,130.10290197104916
33.511179919018105,130.1029076646571
33.511168306072534,130.10293557691546
33.511172747824105,130.1029376651412
33.5111748288553,130.1029402201151
33.51117319838443,130.1029513357356
33.51116991855696,130.10297116668607
33.51116919819998,130.10298333271464
33.51116780155286,130.10300552528486
33.51116763967491,130.10302919634046
33.51116946799658,130.10306124458089
33.51117891897201,130.1031293898095
33.511203081057374,130.10328166032048
33.5112303871727,130.1034408043497
33.51123305366252,130.10346175135885
33.51124244078608,130.1036000778813
33.511243413852526,130.1036100783425
33.51124500025662,130.10361705618232
33.51124705430817,130.10362705574414
33.511248531894296,130.10365533132858
33.51126169437174,130.10379221803646
33.51126372144364,130.10382169871252
33.51126994565152,130.10383747102253
33.51127519769227,130.10384936365722
33.511306666769315,130.10400197141394
33.51133464018153,130.10412955913193
33.511352694071604,130.10422066135447
33.51141558636027,130.10456358004524
33.51141869441727,130.10458119326756
33.511417134992826,130.10459058398828
33.511410774987326,130.10459613460398
33.5113996944404,130.10459744491618
33.51139130556436,130.10459678301515
33.511385027397125,130.10459036275506
33.51135091880991,130.10442335865116
33.511344306094884,130.104417393448
33.511338054008036,130.10441379975714
33.511310999702914,130.10441494189615
33.51128210808287,130.1044203890898
33.511251107552596,130.1044340596842
33.51117761315635,130.10448496760728
33.51115861317953,130.1044989493671
33.51097144087936,130.1046628921788
33.510851440741476,130.10476422778697
33.510751919065854,130.10485555124274
33.51072272077698,130.10488233485194
33.51064080243111,130.1049623871046
33.510572495324425,130.10503230939366
33.510526720731605,130.10508357974345
33.51035777499135,130.10528691286083
33.510232747643215,130.1054306101346
33.51011463967893,130.1055790531309
33.510020081361745,130.10570780816886
33.509946774923776,130.10580616072582
33.50984338706269,130.10595092099823
33.50977433261943,130.10605055778706
33.50968497328296,130.10618719808076
33.50963313456157,130.10628817126212
33.50958569442429,130.10638486367054
33.509583197906295,130.10640102538707
33.50958766663757,130.10641002580212
33.50965561311608,130.1064541123675
33.50966569361691,130.10647725012507
33.50965846756429,130.10650069994745
33.50965097261434,130.10650992159572
33.50964674759939,130.10651383904246
33.509635306424286,130.10651406027569
33.50955869407852,130.10646888463134
33.5095511622564,130.10647294417106
33.5095469732143,130.10647944177288
33.509537441299926,130.10649914412022
33.50952127868413,130.10653277606684
33.509517559088124,130.10654077823438
33.50951277469483,130.1065530872553
33.509505892183256,130.1065742536989
33.50949797275331,130.10659888523048
33.50949380169766,130.10661033719737
33.50947974799203,130.10664955932975
33.509462441438586,130.1066986901925
33.50945819843719,130.1067119713805
33.50945416227984,130.10672581104745
33.50943791872504,130.10678549905163
33.50942394595842,130.10683869035336
33.50942097279972,130.1068523087871
33.50941810755967,130.10686705587
33.509407559411386,130.10692744534538
33.50939505433831,130.10699486392184
33.509384721128015,130.1070629695804
33.50937397333024,130.10713403400848
33.50936764030439,130.10716766505573
33.5093621976074,130.10720089500535
33.509352000194724,130.10728839184583
33.50933969387182,130.10738345018615
33.50933335994665,130.107427951339
33.509326386603504,130.10747581056023
33.50931910839017,130.10751538342822
33.50931208108773,130.1075548636661
33.50930436040795,130.10760800280718
33.50929572062108,130.10766267169504
33.50929049466066,130.10771158222383
33.5092847210131,130.1077622176523
33.50927427898483,130.10783994785538
33.509265161657936,130.1079154729208
33.50926138720331,130.10797795062194
33.509258108275105,130.10803555129974
33.50925849498361,130.10808852136824
33.509257494937515,130.10813933935913
33.509255919325255,130.10816797737027
33.509253640443205,130.10820330723686
33.509252467727265,130.1082429178764
33.50925038669607,130.10829180322423
33.50924991904856,130.10833333301696
33.50924989206891,130.1083351883184
33.50924961327905,130.10837243823755
33.509250413675716,130.1084315299912
33.50925097305401,130.10847114063074
33.50924641439059,130.10850377432973
33.50924605376241,130.10852758837757
33.50924591886411,130.10856007818518
33.509246586161055,130.1086134763309
33.50924797291566,130.10866953287268
33.50925008092656,130.1086995333568
33.50925266737676,130.1087316994085
33.509260585907384,130.1088066408139
33.50926872117458,130.10888383861834
33.50927216198073,130.10891005205735
33.509276252097436,130.10893875481975
33.50927925223573,130.10895583744195
33.509282801859854,130.10897247669845
33.50928716177316,130.10898944240887
33.50929253162508,130.10900961060509
33.50930261302523,130.1090453568578
33.509312585607404,130.10907958505481
33.509323559135,130.10911166027495
33.509334413952104,130.10914383891713
33.509356306148675,130.109200998927
33.509378360223195,130.1092580294346
33.50938502689752,130.1092726982764
33.50939255871964,130.10928832669504
33.50939738717972,130.1092964718548
33.50940222463299,130.1093038391009
33.50941530617149,130.1093209469043
33.50942933289747,130.10933780829328
33.509447946165835,130.1093555770983
33.509466386764416,130.10937552496057
33.50947310829736,130.1093814793718
33.509480532200826,130.1093879769736
33.50949222518608,130.10939367058154
33.50949630630953,130.10939749719682
33.509499748015,130.10940121859142
33.5095025862754,130.10940561627626
33.50950558641375,130.10941116689185
33.50950816207205,130.10941910520762
33.50951194641925,130.10942844376768
33.5095144950979,130.1094325033074
33.50951849528241,130.10943771667735
33.509522494567534,130.1094412447177
33.50952646777233,130.1094447466778
33.50953246804903,130.10944878103646
33.5095402516813,130.10945386490403
33.50954694623465,130.10945766543898
33.509549828561774,130.1094590530929
33.5095531983215,130.10946072583192
33.50955989197547,130.10946358028002
33.50956882943797,130.10946671891406
33.509589440999946,130.10947219218804
33.50959277478677,130.10947302226225
33.50961102742701,130.10947769064296
33.50963008136324,130.10948147858744
33.509651387201814,130.1094858879634
33.509665279029434,130.10948680886918
33.509683585629034,130.10948855984918
33.50969525163458,130.10949072631604
33.50970716225578,130.10949282713239
33.5097207752936,130.10949411226352
33.50973727875248,130.10949522742283
33.50975955855682,130.1094960826781
33.50977886520252,130.10949686059166
33.50980441404255,130.1095000262053
33.50982497344381,130.10950175110497
33.509826972636745,130.10950194625786
33.50984177457826,130.10950438431996
33.50985963961074,130.10950722437894
33.50986849523491,130.1095092739339
33.50986930642341,130.10950946818753
33.50988094634863,130.10951247731907
33.50989486515596,130.10951730218176
33.50990553201473,130.10952053164726
33.50991194597958,130.10952260728254
33.50992216227803,130.10952680891512
33.50993186506355,130.10953102493693
33.5099371081111,130.1095338649959
33.509955027102876,130.1095433591388
33.5099799194378,130.10955647215349
33.50998816172432,130.10956219184175
33.50999910827227,130.10956972816052
33.51001561263047,130.10957944173788
33.51003153242931,130.10958832703977
33.5100484675628,130.10960041482736
33.51006569407656,130.1096121923489
33.51007294620956,130.109615577397
33.51008008143066,130.10961894895536
33.51008974824333,130.10962260739745
33.510098693799705,130.10962574603138
33.510107640255455,130.10962769126502
33.51011786464778,130.1096295330766
33.510124532221425,130.10962914367008
33.51013046774693,130.1096289745975
33.510137585880955,130.10962771734535
33.5101445322444,130.10962666693717
33.51014819788105,130.10962513629102
33.51015135989741,130.1096239168104
33.5101538654086,130.1096215300097
33.510156279189005,130.10961914410825
33.510162333425,130.10960807974914
33.51016838676168,130.1095985604253
33.51017053164475,130.10959702977914
33.510173054243126,130.1095954991331
33.510175495003125,130.10959547305265
33.5101780265947,130.1095957716276
33.5101797478971,130.10959747134632
33.5101819997995,130.1096000263202
33.51019058562707,130.10961177686204
33.51020286497027,130.1096271732555
33.510213828605345,130.10963758830417
33.510224359666495,130.10964652396797
33.510258495233415,130.10966544660312
33.510300775060784,130.1096906357143
33.51032249458751,130.1097001946083
33.51034482925053,130.10971105122405
33.51035536031168,130.10971827457877
33.510365332893855,130.10972569398564
33.510376828927576,130.10973591388142
33.5103875587389,130.10974569400867
33.51038982862775,130.10974741890834
33.51039308057625,130.10974888480325
33.510396224606154,130.1097485205778
33.510399748149894,130.10974849539684
33.51040191911335,130.10974783439508
33.510404162022496,130.10974693867036
33.51041319841045,130.10973963707465
33.510423694398014,130.10973211424573
33.51042649488687,130.109730894765
33.51043063986219,130.10972933893788
33.510435053734795,130.10972949362133
33.51044080220129,130.1097297796057
33.51044497325694,130.10973114117928
33.510448945562416,130.1097328022271
33.51045546834524,130.1097368347872
33.510462721377564,130.10974138805466
33.510467162229816,130.10974457794998
33.51047141422441,130.10974861230864
33.51047516169939,130.10975299560437
33.510479721262186,130.10975941586446
33.51048427902629,130.10976666709803
33.51048810833959,130.10977406042457
33.51049261304371,130.10978391699427
33.51049699993666,130.10979389137503
33.510498305752265,130.1097980543368
33.510500332824165,130.10980450067723
33.510502359896066,130.10981299567322
33.51050425206961,130.10982383879923
33.510503829388256,130.10982805392166
33.51050386536116,130.1098339687627
33.510503440881166,130.10983741856205
33.51050246781472,130.10984075234887
33.51050077529061,130.1098436958299
33.51049864030006,130.1098478857714
33.510488918628766,130.10985983056673
33.51048113499644,130.10987058376054
33.51048144076594,130.10987325564633
33.51048244081204,130.10987583670055
33.510483892317836,130.10987732777653
33.51048544095039,130.10987902659588
33.51049069389046,130.10988189363457
33.51049666718751,130.10988505834882
33.51051230639786,130.10989038863056
33.510531360334085,130.10989719829718
33.510540135019255,130.10990138823854
33.510550279371955,130.10990678327153
33.51055753240422,130.10990994798578
33.510564747665,130.10991221787458
33.51058553189682,130.10991708230756
33.51060694565405,130.10992299624934
33.5106158921098,130.10992635521723
33.51062702661602,130.10993141390372
33.510632559245266,130.1099354473631
33.510639531689094,130.109940635552
33.510645774782745,130.10994586331105
33.51065149537027,130.1099513878463
33.510658612604914,130.10996121923495
33.51066633328469,130.10996963688933
33.51067782931841,130.10997836570903
33.510690532242336,130.10998780769125
33.51069533282339,130.10999216580592
33.51070133310009,130.10999824882015
33.51070933256972,130.11000817104036
33.510716919250456,130.11001863824958
33.51072119822476,130.11002678340935
33.51072549518551,130.11003469474542
33.510730918996785,130.11004968914187
33.51073680236158,130.1100642797428
33.51073853175791,130.11006749661772
33.51074180169286,130.11007252922388
33.51075208094386,130.11008469525257
33.510762918673834,130.1100986644219
33.510766667048074,130.1101044488613
33.51077149460883,130.11011321725118
33.51077433286923,130.11011997385776
33.510776829387225,130.11012671877313
33.51077794634517,130.11013080439318
33.510778973370975,130.11013639367968
33.5107788285801,130.1101419973554
33.510778864553004,130.1101470560419
33.51077844097233,130.11014997434188
33.51077719810928,130.11015416338398
33.510775054125475,130.11015775617557
33.51077186512953,130.1101625288777
33.51076433330741,130.1101700256262
33.510755278933004,130.1101781968664
33.51075061325025,130.1101811412467
33.51074622455866,130.11018418904916
33.51074299958981,130.11018574577565
33.510738585717206,130.1101878340014
33.510730224720135,130.11019007780988
33.51072258587868,130.11019347634794
33.51072230618951,130.1101949944035
33.51072261285833,130.11019758804832
33.51072416239026,130.1102011151894
33.510726161583136,130.11020516213864
33.51073172119203,130.11021221821932
33.510738747595155,130.1102220487087
33.510742306212535,130.11022846986805
33.51074733342273,130.11023724994914
33.51075116183671,130.11024549943033
33.51075546779066,130.1102536445901
33.5107603331229,130.11026533128006
33.510766667048074,130.11028033736773
33.51077208096683,130.1102958884445
33.51077772061535,130.11031369592035
33.5107788285801,130.11031841826048
33.51077933309978,130.11032369638156
33.51077946799808,130.11033313926305
33.51077938705913,130.11034294367198
33.51077844097233,130.11035027224727
33.510777054217726,130.11036060995423
33.51077341376208,130.11037927358473
33.51076913478778,130.11039795070496
33.51076674798708,130.1104053827023
33.51076391871993,130.11041274994852
33.510758135179856,130.11042527930329
33.5107528022001,130.11043632927328
33.510751667255704,130.11043988339395
33.51075125176891,130.11044367133843
33.51075127874856,130.11044924803446
33.51075213490316,130.11045666744133
33.51075589227065,130.11046192038134
33.51076061281208,130.11046766525067
33.51076513460333,130.11047116721068
33.510769413577634,130.1104752267504
33.51077838701298,130.1104807261047
33.510787613157845,130.11048666702618
33.51078989203995,130.11048900076685
33.5107920809898,130.11049189388586
33.51079253244944,130.1104927500404
33.5107938922244,130.11049510986152
33.510796467882756,130.11050099862223
33.510798774643774,130.1105071077169
33.51080153196517,130.11051591387843
33.510802945699425,130.11052243756046
33.510804252414346,130.11053007820067
33.510804026684525,130.1105383924329
33.51080419755573,130.11054632895002
33.51080325236825,130.11055216644934
33.51080238722045,130.11055808039112
33.510799720730574,130.11056499437905
33.51079677455158,130.1105706358262
33.51079310801555,130.1105746692856
33.51078872112265,130.11057933856569
33.51077953184995,130.11059038943495
33.51077713515673,130.1105948383812
33.510773946160725,130.11060197090433
33.51077305403328,130.11060586317012
33.51077110790038,130.11061147943633
33.51077041362373,130.11061557674748
33.510769999935576,130.1106197801788
33.51077030570508,130.11062591355517
33.51077119783258,130.11063364502672
33.51077797332488,130.11066058421864
33.510784026661554,130.11069055772316
33.51078453208055,130.11069647166494
33.51078466697885,130.11070238740535
33.510784225411726,130.11070593972738
33.5107835590141,130.11071102539358
33.51078230625848,130.1107142539597
33.51078133319203,130.11071749691496
33.510777081197375,130.11072702972865
33.51077291913498,130.1107368611173
33.510758973348004,130.1107645530418
33.51074305444848,130.11079786033304
33.510735161998184,130.11081688728962
33.510726999751284,130.11083527932476
33.51071827902541,130.1108504149148
33.51070858613241,130.11086688689738
33.51070644124934,130.11087197076495
33.51070253189636,130.11087997383174
33.51069589220174,130.11089802862114
33.51068944136466,130.11091564184346
33.51068708064429,130.11092481223034
33.510684720823235,130.1109365501817
33.51068336014902,130.11094808038968
33.51068210829271,130.11096143981865
33.51068233312321,130.11098092093278
33.51068258583274,130.11100214043654
33.51068216225201,130.11100891143224
33.510681333077116,130.11101775626446
33.51068010820046,130.11102163414114
33.51067869356689,130.11102788622804
33.510676305866866,130.11103319132883
33.510673919066164,130.1110391439414
33.51066689176372,130.11105289187753
33.510658721422885,130.11106922176725
33.510655359757095,130.11107819700123
33.51065155922214,130.11108878112236
33.510649721007894,130.11109708186495
33.510648053664795,130.1111048376182
33.51064741424682,130.11111422833903
33.510646585971244,130.11112403364734
33.51064680180849,130.1111416603594
33.51064702663899,130.11116180337456
33.51064636024137,130.111169442216
33.51064499956715,130.11117891117783
33.51064174761859,130.11119133621128
33.51063813504197,130.11120374775487
33.510635559383616,130.11121066084343
33.510632359595775,130.11121717283436
33.51063049530114,130.11122019455638
33.51062727932555,130.11122411200324
33.51062389157937,130.1112273666497
33.51062019806375,130.11123041535143
33.5106152517925,130.11123316457895
33.510608162436824,130.1112361350397
33.51060274761875,130.1112378077787
33.510599775359424,130.1112381711048
33.51058533314665,130.11123313939788
33.5105851352958,130.11123313939788
33.51058055864593,130.1112345783132
33.51056905361901,130.11123997424545
33.5105655588535,130.11124302204792
33.51056225204633,130.11124683517335
33.51056030591343,130.11124985689548
33.510557613343224,130.11125472132835
33.51055089181028,130.1112719199632
33.510543198110156,130.11129136240652
33.51053277496766,130.1113218287395
33.510521081083084,130.11135413688396
33.51051869428238,130.11135963713764
33.510515667164384,130.1113651616729
33.510512197579885,130.1113700521862
33.51050836017271,130.11137450113233
33.51050394630016,130.11137808043418
33.51049955940721,130.11138191963994
33.51047561315909,130.11139861195647
33.510452828835014,130.11141447509806
33.51044700032884,130.1114198053798
33.51043982913484,130.11142664112663
33.51043474796529,130.11143306138672
33.51042822518252,130.11144150512143
33.51041258597212,130.11146255465326
33.510396360403774,130.1114855251369
33.510384413809675,130.1115067437413
33.51037210838615,130.1115272240022
33.510367747573525,130.11153211361625
33.51036182913515,130.1115384178638
33.51033764007008,130.1115606104339
33.51031061274466,130.11158608283154
33.51029827944211,130.111601607828
33.51028308089951,130.11161983079057
33.51027672089401,130.11162883300426
33.51026913511254,130.11163988297426
33.51025605357404,130.111662191557
33.51024189194982,130.11168527895256
33.51023135998935,130.1117003372009
33.51021955908544,130.11171661492995
33.51021430614537,130.11172269794417
33.51020919799612,130.11172888527994
33.510192359989446,130.11174399478955
33.51017525218617,130.11175946762535
33.51017230600718,130.11176347590379
33.51016891916032,130.11176791225944
33.510159801833424,130.1117825550209
33.5101501979733,130.11179847032327
33.51013602735583,130.111824889707
33.510120107556986,130.1118536707104
33.51011446790841,130.1118613617125
33.51010902701006,130.111868975373
33.510104667096755,130.11187386498693
33.510099387177036,130.11188024567684
33.51008835969009,130.11189136219662
33.51007763977128,130.11190263339984
33.51007164039396,130.11191036307287
33.51006582897486,130.11191858557436
33.510055306007644,130.11193452695693
33.510043107603394,130.1119532814189
33.510036386969716,130.11196130966675
33.51002949456557,130.1119692219021
33.51001797335084,130.11198119277788
33.51000613467545,130.11199325628377
33.51000230626147,130.11199836623166
33.50999774759805,130.1120056156667
33.509995639587146,130.11200939012133
33.50999286517862,130.11201535712314
33.50998986504027,130.11202345012214
33.50998713469858,130.11203166003315
33.50998502668767,130.11204038885296
33.5099823062385,130.1120514136419
33.509976721448595,130.11206600514208
33.50997027870545,130.11208165964092
33.50996713467555,130.11208674440775
33.5099639456796,130.1120917509336
33.50995902728732,130.11209802910082
33.50995374826692,130.11210399520326
33.509950613230274,130.11210664100872
33.50994602668783,130.11211044064441
33.50991374822098,130.1121340343583
33.509886666936154,130.1121532555684
33.50987482916008,130.11216260671904
33.50986110820361,130.11217372233943
33.50984525225664,130.11218822300816
33.50982822539231,130.1122035537511
33.50982130600852,130.11220771671287
33.509814865064016,130.11221155591863
33.509795973005794,130.11221927390045
33.509774026849925,130.1122288588748
33.509767135345044,130.11223433214877
33.5097599731443,130.1122405320749
33.50973794604943,130.11226228307794
33.509717251749805,130.1122815564487
33.50971036024498,130.11228688673054
33.50970300019338,130.11229202275865
33.50969661320818,130.1122958628638
33.509688162278906,130.1123003630713
33.50968125188831,130.112302891965
33.509674134653665,130.11230513577345
33.50966874771461,130.11230605667924
33.50966197312164,130.11230697758504
33.50964566661429,130.11230766466701
33.509628558811016,130.11230914405178
33.50962394618824,130.11231046695457
33.50961774806069,130.11231216577391
33.509611720804344,130.11231438440143
33.509605973237115,130.11231669296103
33.50960174822217,130.1123193387665
33.50959591881667,130.11232335873603
33.50957582886144,130.11233983071872
33.5095563063785,130.11235583685243
33.50954677536345,130.11236163388241
33.50953727942198,130.1123674453014
33.50952361332412,130.11237469473645
33.509508332943255,130.11238250265046
33.50949827942213,130.11238635534608
33.50948766742198,130.11238980514543
33.509478999756084,130.11239138795224
33.50946874838411,130.11239299594013
33.509444134838986,130.11239422801123
33.50941844120814,130.11239641965915
33.50939600042511,130.1123966669727
33.5093744679574,130.11239741880593
33.50936861337084,130.11239717329101
33.50936364011994,130.11239688730655
33.50935300024082,130.11239613457406
33.50934377499527,130.1123947208398
33.509332585630375,130.11239299594013
33.50932644056286,130.1123911406387
33.509320225348176,130.11238902723187
33.50926697289253,130.11236858564178
33.50921369435656,130.11234783378552
33.50919597321564,130.11233822273084
33.50917822509507,130.11232805409645
33.50917008083462,130.11232435788293
33.509161864628425,130.11232121924888
33.5091574138836,130.11232019492115
33.50915282913979,130.1123196112611
33.509149305596054,130.11231985677603
33.50914580183735,130.11232011668005
33.50914066670845,130.11232121924888
33.50913372124427,130.11232313930145
33.50912527930825,130.11232644610868
33.50911522488775,130.11233053172873
33.5091099188877,130.11233328095625
33.50910480174525,130.1123363287586
33.509087747901276,130.11234814495094
33.50907133257601,130.1123586382406
33.509064747739956,130.11236204936915
33.50905758643853,130.11236566824107
33.50904946825841,130.11236897504818
33.50904074843186,130.11237197069
33.50902238697364,130.11237549873033
33.508999081042816,130.11238102506434
33.508992161658966,130.11238344963658
33.50898513525584,130.11238664133054
33.5089679995736,130.1123963036465
33.50894680165362,130.11241102464908
33.508934613141946,130.11241966263742
33.50891864028307,130.1124304670924
33.50890780165378,130.1124385600915
33.50889227935528,130.11245002644762
33.50883125226056,130.1124900255943
33.50868986534505,130.11260308656324
33.508531694382214,130.1127495852253
33.508381891611066,130.11289435808817
33.50837208090684,130.11290975358236
33.50835710809412,130.1129239952462
33.508335305829746,130.11295147942735
33.5083333327172,130.11295403440124
33.508309306429396,130.11298508439415
33.50830566687307,130.1129912843204
33.5083013060605,130.11299992230863
33.5082983868611,130.11300671938466
33.5082957212706,130.1130134499108
33.5082921077946,130.11302530477406
33.508288134589804,130.11303741864197
33.50828374769685,130.11305263337238
33.508280332971026,130.11306749736718
33.508276973103875,130.11308949388513
33.508272829027874,130.11311547260107
33.50827030642955,130.1131280028551
33.50826697264273,130.11314299635228
33.508261440912804,130.1131625287278
33.50825555934665,130.11318238665785
33.508248828820456,130.11320204943513
33.508241865369826,130.11322160789098
33.508237494664684,130.1132315561914
33.50823353225178,130.113241284158
33.508226306199106,130.11325469484837
33.50821927889666,130.11326769095126
33.508215802117604,130.11327311296384
33.50821072094806,130.1132799478114
33.508199000083835,130.1132923350733
33.50814391930646,130.11350111538422
33.50810322498387,130.11365538328937
33.50810522507612,130.11365966316293
33.508107360066674,130.1136667444248
33.508108666781595,130.11367372226448
33.508108693761244,130.11367761273175
33.50810855886294,130.11368243759443
33.50810710825647,130.11368364538396
33.5081057745619,130.113685161641
33.50810082918997,130.1136880286797
33.50809572104072,130.11369075182677
33.50809266694307,130.11369143980812
33.50808933315625,130.11369211429974
33.508081586396145,130.11369219164135
33.508070918638055,130.1136912185749
33.508059919030075,130.11368919599965
33.5080488924425,130.11368713385423
33.50803416244668,130.1136828917521
33.50801880202613,130.1136784176249
33.50801491875353,130.11367780788464
33.50800977463143,130.1136772242246
33.508004467732064,130.11367769097274
33.50799933260316,130.1136779769571
33.50799664003296,130.11367852104695
33.507992585889156,130.11368007777344
33.50798961273051,130.1136820490874
33.507986585612514,130.11368433156667
33.50798235969819,130.1136885862593
33.50797672094899,130.11369433202788
33.50797305441296,130.11369910473002
33.50796994635601,130.1137039952432
33.50796797324341,130.11370756195447
33.50796577530036,130.1137130873891
33.50796472129491,130.11371900133088
33.50796458639661,130.11372255455228
33.50796461337626,130.1137266410717
33.50796500008471,130.11373233467953
33.50796586523256,130.11373783403383
33.50796769355429,130.11374447462788
33.50797000031531,130.11375102528962
33.50797146800892,130.1137537996982
33.507973666851285,130.1137579770491
33.50797538725436,130.1137603368701
33.50797722456929,130.11376236124408
33.50798538681619,130.11377055766513
33.507994279312584,130.11378036297344
33.507997026741464,130.11378542165994
33.50800041358826,130.11379258116278
33.50800216187031,130.1137982747706
33.50800310795711,130.1138046167897
33.50800316191646,130.11381116655218
33.50800233274151,130.11381894928513
33.50800082907506,130.11382444863943
33.50799905381331,130.11382994799374
33.50799674795161,130.1138345012613
33.50799433327194,130.1138384951505
33.50799146803189,130.11384185501765
33.50798853174541,130.11384469507664
33.50798555858671,130.11384674373232
33.50798249459649,130.11384830135808
33.507973891681786,130.1138510892564
33.50796633288002,130.11385503188433
33.50796455941696,130.11385708233854
33.50796258630436,130.11385968857383
33.50795877497751,130.11386900105367
33.50795372078761,130.11388131007448
33.50794935997504,130.1138893392217
33.50794391907664,130.1138987551235
33.50793972104134,130.1139045008921
33.50793463987179,130.11391077815995
33.50792774836697,130.11391786032107
33.507920945894966,130.1139240602472
33.50791841430345,130.1139255774035
33.50791491863862,130.11392702980868
33.5079123870471,130.11392727622285
33.50790994628704,130.11392727622285
33.5079060810009,130.11392669256293
33.5079021977283,130.11392552524285
33.50789802667265,130.11392364476046
33.5078927746319,130.11392089463368
33.50788027855208,130.113912632562
33.50786749468921,130.1139046951456
33.50786380207285,130.11390321666022
33.50785991880025,130.11390219233238
33.50785702658055,130.1139022184127
33.507852774585956,130.11390224359377
33.50784874832112,130.1139029441656
33.50784449542715,130.11390383899106
33.507840468263055,130.11390516189374
33.50783533313415,130.11390749743316
33.5078276942927,130.11391177730673
33.50781908058616,130.11391732792242
33.507814333065085,130.1139212840401
33.507808494666335,130.1139266152212
33.50780627873684,130.1139295326219
33.50780269403913,130.11393377382467
33.50780046821711,130.11393744485724
33.50779691859299,130.11394297029187
33.50779102713426,130.11395399508092
33.50778525168806,130.11396603070784
33.50778110761206,130.11397649791706
33.507775864564564,130.11398936361832
33.50776313466099,130.1140258626035
33.507749440684165,130.1140637744237
33.507742666990566,130.11408666666637
33.50773463964197,130.11411247720912
33.50772813484559,130.11413557719516
33.50772225238012,130.11415802877002
33.50771822521597,130.11417561591202
33.50771446784847,130.11419308704137
33.507711892190116,130.11420839170398
33.50771010793517,130.114222943634
33.50770313459202,130.11429525272376
33.507695279013944,130.11436775606717
33.50768930571695,130.11440625244666
33.507682693901245,130.11444936414694
33.50767891944662,130.1144658631091
33.50767544086898,130.1144825806067
33.50767138672518,130.11450739290194
33.5076674953587,130.114532165627
33.50766461303152,130.11455642034264
33.50766180175083,130.11457946816802
33.50766044107655,130.1145935020885
33.50765963978063,130.11460758816975
33.50765927915245,130.11463213966158
33.507658747653124,130.11465635480704
33.50765941405075,130.1147884175515
33.50765949498975,130.11491574626473
33.5076601083274,130.1149247727601
33.507669026904125,130.11495944162505
33.50766986507227,130.11496408572407
33.507672161940775,130.1149714790506
33.507676081186275,130.11499080368276
33.5076815319772,130.1150175621109
33.50768155895685,130.11502403363227
33.50768313456905,130.11502863816122
33.507683891798195,130.1150332561799
33.5076846939935,130.1150442279088
33.5076862246396,130.11505808016636
33.5076893326966,130.1150764722015
33.50769253158512,130.11509591374545
33.507695612662474,130.11510880732567
33.50769877467877,130.11512435840245
33.50770574802192,130.1151520494276
33.507712775324364,130.11517880695646
33.507719693808895,130.1151999221388
33.50772669413169,130.11522019465633
33.507730586397486,130.1152349156589
33.50773530603959,130.1152505836476
33.50773605427554,130.11525518817643
33.507737639780316,130.11526347632844
33.50774469406241,130.11531688706475
33.50775246780222,130.11537213961265
33.507752440822514,130.11537922177376
33.507753108119516,130.11538622569378
33.50775458570564,130.11539978027565
33.50775691944631,130.11541243823353
33.50775697340566,130.1154328924141
33.50775782866094,130.11545224402596
33.50776130633926,130.115473112794
33.50776472106509,130.11549630361162
33.50776719779799,130.11552394337536
33.50776953243803,130.11554975391812
33.50777027887534,130.1155543836279
33.50777186527944,130.11556082996844
33.50777344089164,130.11558211422323
33.50777580161201,130.11560697777986
33.50777813535274,130.1156208300373
33.50778049517379,130.11563372181888
33.507782134637864,130.11564844372072
33.507783694062255,130.11566596611146
33.50778841370436,130.11569369580752
33.50779230597021,130.11572313871193
33.50779389237431,130.11572871630733
33.50779538704751,130.11573613481482
33.50779933327266,130.1157471730936
33.50780394589543,130.11576189409618
33.50780864035653,130.11577291798585
33.50781486456441,130.11578674416296
33.50781716233223,130.1157951096567
33.50782030636208,130.11580335913777
33.5078226401028,130.11581538307348
33.507825721180154,130.1158291436002
33.50782808100121,130.11584581073566
33.507831198051406,130.11586330704608
33.50783358575143,130.11586878121932
33.50783741416541,130.11588907891792
33.5078413064312,130.11590571997306
33.507846532391625,130.11594238713155
33.50784494598753,130.11595972785926
33.50784086486408,130.1159812837093
33.50783691863893,130.11599791217395
33.50783694561858,130.1160144749881
33.507836972598284,130.11602836591646
33.507838532022674,130.1160329704453
33.5078392793593,130.1160366405786
33.507841667059324,130.11604219209357
33.50784397292108,130.116048638434
33.50784472115703,130.1160532555533
33.507845559325176,130.1160587162368
33.507845586304825,130.1160734759103
33.507845586304825,130.1160863937721
33.50784716191703,130.1160919713675
33.507848721341475,130.1160965893862
33.50785025198758,130.11609744464147
33.50785180241877,130.11609936379466
33.50785405432123,130.11610019476825
33.507856414142225,130.116101140855
33.5078618289603,130.1161020491703
33.5078679731285,130.11610391706222
33.50787491859268,130.11610386490156
33.50788419779752,130.11610386490156
33.507896747836696,130.11610566804222
33.50790280207269,130.116106588948
33.507921305623825,130.116109300404
33.50792591914592,130.1161111925776
33.50793216223957,130.11611394270437
33.50794135960609,130.11611481234877
33.50794986539404,130.11611752290537
33.50795222521509,130.1161203108038
33.507954495103945,130.11612403399704
33.507956891797164,130.11612863762662
33.50795844132904,130.1161332556453
33.50795838736974,130.11613778193316
33.50795691877681,130.1161480027282
33.50795616244699,130.11615717311508
33.507954585935465,130.116161802825
33.507953081369635,130.11616644602475
33.507949946332985,130.1161691700712
33.50794689223534,130.11617007838652
33.50794382914444,130.1161710892244
33.50794077504679,130.1161709992922
33.507936080585694,130.1161710505536
33.507929946310014,130.11616927439252
33.50792216177837,130.11616827524574
33.50791522530744,130.1161655511993
33.50790672131819,130.11616185498565
33.50789280161155,130.11615922177077
33.507878891797475,130.11615547339647
33.50787274762928,130.11615457767164
33.507864278713555,130.11615369633603
33.5078495586103,130.11614910529704
33.50783336002161,130.11614367069387
33.50782794610291,130.11614360594274
33.507824080816704,130.11614269762742
33.507821801934654,130.11614089538602
33.507818639918355,130.11613994840002
33.507816387116634,130.11613997358097
33.50781249485078,130.1161399996613
33.507810162009434,130.11614089538602
33.50780710791173,130.11614177672163
33.50780397287508,130.11614461678073
33.50779861291568,130.11614919612862
33.50779627917501,130.11615289234214
33.50779325205701,130.11615654988498
33.50779244086851,130.11615936386363
33.50779094619526,130.1161621922314
33.50778935979116,130.11616671941863
33.50778705392946,130.1161741631072
33.50778480202706,130.11618613488224
33.50778255911786,130.11619907882448
33.50778099969341,130.11621105059953
33.507779495127636,130.11622483810584
33.50777869383171,130.11624055825519
33.507778027434085,130.11626080379312
33.50777569369336,130.11627652394247
33.50777346787129,130.11629313891729
33.50777346787129,130.11631703030673
33.50777427905979,130.11634199728542
33.50777663978016,130.11635488996626
33.507778972621566,130.11636863790238
33.507782107658215,130.11637700429537
33.507785224708414,130.1163852528772
33.50779064042575,130.11639627766613
33.50779686463363,130.11640914426664
33.50779761286958,130.11641374789622
33.507799162401454,130.1164183659149
33.50780074790623,130.11642577183193
33.507802360390656,130.11643503215112
33.507802360390656,130.11644783400038
33.50780164003373,130.1164607518623
33.50779930629301,130.11647369580453
33.50779774776788,130.1164848123243
33.50779474762953,130.11649396922132
33.507793162124756,130.11649861242108
33.50779091921561,130.11649852069024
33.50779010802711,130.1164994937567
33.50779010802711,130.11650046682314
33.50779010802711,130.11650133556827
33.507787775185705,130.1165013616486
33.50778625173416,130.11650321694992
33.507785468424686,130.1165060309287
33.50778397285211,130.1165105581158
33.50778397285211,130.11651433167117
33.50778391889281,130.1165179766234
33.50778322461616,130.11651980494514
33.50778241432704,130.1165225289916
33.507779387208984,130.11652717309062
33.50777627915204,130.11653269762598
33.50777474760656,130.1165336958734
33.507773225054336,130.1165355250945
33.50777164044888,130.11653919612706
33.50777010800414,130.1165428923407
33.507765468401715,130.11654841777533
33.50776091873149,130.1165548119551
33.507759333226716,130.11656041473145
33.50775702736496,130.11656594016608
33.507755531792384,130.11658252906057
33.507753252011014,130.11660277639703
33.507753386909314,130.11663593979688
33.50775344086867,130.11666666693316
33.50775344086867,130.11666907891492
33.507753225031365,130.1166769389896
33.50775266655239,130.11668577213072
33.50775072131876,130.11669063566433
33.507747026903814,130.1166927238902
33.50774099964747,130.11669513587185
33.50773653181557,130.11669778167732
33.50773572062707,130.11670046705296
33.50773419807484,130.11670233494488
33.50773341386599,130.11670513633305
33.50773272138804,130.11670783429918
33.50773355865687,130.11676216594128
33.507734467871444,130.1168294424249
33.50773527905994,130.1168414789512
33.50773682859182,130.11685619995376
33.50773691942334,130.11686632901797
33.50773689244369,130.11687644639096
33.50774002658102,130.1169113877504
33.50774325244919,130.11694827524275
33.507745559210264,130.1169648380569
33.50774791903132,130.11698319142124
33.507747972990614,130.11700172464998
33.50774799997026,130.11701830095387
33.507747251734315,130.11702744526042
33.50774649540449,130.11703758781448
33.507744999831914,130.11705136183093
33.50774344130684,130.1170634496185
33.50774041418879,130.1170698312078
33.50773653181557,130.1170790006954
33.50773582944504,130.1170827760493
33.50773505422944,130.1170864461826
33.50773508120909,130.11710571955336
33.50773513516839,130.11712325633323
33.50773591937724,130.11713066135098
33.50773749498944,130.1171389486036
33.50773833315759,130.11716832675688
33.50773916233254,130.1171969386878
33.507740666898314,130.11720608299436
33.50774146819424,130.11721717343391
33.50774533258107,130.11722722425702
33.50774922484692,130.11724204868165
33.50775008100146,130.1172493637672
33.50775700038531,130.11726866411766
33.50776327855249,130.11728894922567
33.507770251895636,130.11730642035513
33.50777953199986,130.11732936385908
33.50778182886836,130.11733858640673
33.50778497289821,130.11734683498855
33.50778727875996,130.11735608271715
33.50778961340001,130.11736530526468
33.507791946241355,130.11737722397982
33.50779427908276,130.11738916967454
33.50779438700141,130.1173909728152
33.50779510825771,130.11740302193198
33.50779744109906,130.11741678335795
33.50779746807876,130.11743066079646
33.50779749505841,130.11744907891193
33.50779908056319,130.11745455308517
33.507800666967285,130.117462801667
33.50780453225343,130.11747202331526
33.50780764031043,130.11748031056788
33.50780991919248,130.11748391684932
33.50781382944473,130.11748946836428
33.50781533311118,130.1174949677187
33.507817693831555,130.1174995587577
33.507817666851906,130.11750968872127
33.50781774779085,130.11751894904035
33.50781694559561,130.11752077826134
33.50781613530643,130.11752260658307
33.50781463973391,130.1175244492939
33.50781310818843,130.11752630369597
33.50780772124938,130.1175290529235
33.50780153211508,130.11753277611683
33.50779999967028,130.11753557660563
33.50779849510451,130.11753827457176
33.50779853197673,130.11754291777152
33.50779846812486,130.11754756187054
33.50780002664999,130.11755022026648
33.50780158607438,130.11755396864078
33.50780394589543,130.11755664142595
33.507807026972785,130.11756038890087
33.50781082930638,130.11756313902765
33.50781474765256,130.1175677165769
33.50781786470276,130.1175723345956
33.50782013459161,130.11757593997766
33.507824802073,130.11758700433688
33.50782710793476,130.11759344977793
33.50782708095505,130.1176149417762
33.507827026995756,130.1176210886424
33.5078300810934,130.11763031118994
33.50783308123175,130.11763588788597
33.507832531745976,130.11764438378134
33.5078299461951,130.11765055762714
33.507830413842555,130.11765355416821
33.50783200024665,130.11765786012222
33.50783141388871,130.11766527862972
33.50782982928325,130.11767260720512
33.50782519777471,130.11768053203105
33.507821640056704,130.11768722388638
33.50782958556698,130.117736226146
33.50783161263888,130.1177448380539
33.50783516226301,130.11774907925667
33.507839225400005,130.11775044083026
33.50784230557798,130.11775105057063
33.50784438660918,130.1177516989818
33.50784638670143,130.11775717315504
33.50784791914623,130.11776822312504
33.50784730580858,130.11778169856655
33.50784422473123,130.11779141394265
33.50784516182483,130.11779883334953
33.5078506935547,130.11782824927434
33.507853252125926,130.11783189422658
33.50785730626973,130.1178337738097
33.50786402690335,130.11783749700294
33.50786855858718,130.1178436960298
33.507875639848976,130.117862671725
33.50788066705917,130.11788413674356
33.507883197751426,130.1178976652451
33.50788874836712,130.11790688689337
33.5078980536523,130.11790752271406
33.507903107842196,130.1179087808656
33.507908278943944,130.11791130975917
33.507912360067394,130.1179162263528
33.50791430620035,130.11792481218038
33.50791430620035,130.1179370816311
33.50791377470097,130.11794924765968
33.50790186497915,130.11797250322854
33.5079003055547,130.11798166012557
33.50790791921514,130.1179871981508
33.50791513537524,130.11798905255284
33.50792069408482,130.1179977166214
33.507921667151265,130.11800814515982
33.50790044135232,130.11806486360263
33.50789622533057,130.11807955942425
33.50789672085705,130.11808697793174
33.50789719839702,130.11809180279454
33.50789719839702,130.11810344991432
33.507874333134,130.11817191979833
33.50787274762928,130.118179779873
33.50787166664418,130.1181914144023
33.50784935986013,130.11824888467834
33.50784625180313,130.11825678342393
33.50784674822887,130.1182635544195
33.50785235999848,130.11826596640128
33.507858053606355,130.11826549875377
33.5078621077501,130.1182648116718
33.50786519782065,130.11827036318675
33.50786302685725,130.1182808303961
33.5078589457338,130.11828871565172
33.50785789172835,130.11829542189628
33.50785680175005,130.11830641970562
33.5078557477446,130.1183113623796
33.50785216214763,130.11831377436124
33.507848027064824,130.11831552534125
33.50784544061463,130.11832053186708
33.50784282898343,130.11833085608419
33.50784025242575,130.1183363941094
33.507834135237204,130.11833936367077
33.50782330560111,130.11834905296644
33.50780989221283,130.1183662003399
33.507802161640484,130.11836916990137
33.50779858593603,130.1183745784241
33.507815387070536,130.11840163362854
33.50782041428073,130.11841333290909
33.5078255323225,130.11842383878923
33.50782749464321,130.11843477274658
33.507817720811204,130.11845252896114
33.50780844070704,130.1184678084427
33.50780269403913,130.11848121913306
33.50779910844216,130.11849708227464
33.507798999624185,130.11851136171003
33.507798891705534,130.1185307519927
33.50779682866079,130.1185460566553
33.50779113505291,130.11855581070222
33.507788494643364,130.11856616099965
33.50778897308271,130.11858155559435
33.50779041379661,130.118594358343
33.50779138686306,130.11860542180284
33.50778969433895,130.11865561566424
33.50778905402166,130.1186672241132
33.50779110807321,130.1186783010628
33.50780641363514,130.11869977957122
33.50780994617213,130.1187046952656
33.50781125198773,130.11870769090729
33.507815558841,130.1187170042864
33.50781602738783,130.11872313856202
33.50779230597021,130.1187450316579
33.507790494735616,130.1187450316579
33.50778922489286,130.11874505773824
33.50777999964731,130.11874060969149
33.507772892305184,130.11873939021075
33.50777027887534,130.11874243801321
33.50777080228073,130.11875289173258
33.50777377543943,130.1187663042216
33.50777989172866,130.11877613471086
33.5077845322304,130.11877985700482
33.50778808095521,130.1187847726992
33.507785468424686,130.11879761321939
33.50778177490906,130.11881111474122
33.50777666675981,130.1188171725745
33.507774081208936,130.11882085619766
33.50777349485094,130.1188275624421
33.50777555879506,130.11883613477983
33.50777649498929,130.1188447206074
33.50778208067851,130.11885693879674
33.507788197867114,130.11886678277585
33.50779433304211,130.11887727606552
33.50779730620076,130.11888953292566
33.50779572069598,130.11889749732165
33.50779269357798,130.1188998832231
33.507779360229335,130.11889002575413
33.50777582859166,130.11888822261346
33.507773225054336,130.11888814527174
33.507770721341785,130.1188911930742
33.507767586305135,130.11889669332777
33.50776699994714,130.1189033851831
33.50776699994714,130.11891499363207
33.50776944070719,130.11892919572585
33.507767865094934,130.11894749692954
33.50776419765964,130.11896216577145
33.50776210763519,130.11897435788035
33.50776199971659,130.11898608324123
33.50776561319253,130.11899769079082
33.50776764026443,130.11900508411736
33.507767613284784,130.1190124117934
33.507767026926786,130.11902038877997
33.507765918962036,130.11903019498754
33.507763918869784,130.11903805416296
33.50776386491049,130.11904549875078
33.507765332604095,130.11906011723067
33.50776674813699,130.11907053227935
33.50776822482379,130.11908839191585
33.50776874822918,130.11909871613295
33.507765918962036,130.1191563294011
33.50776319761354,130.11919294439895
33.50776358612063,130.11920832730254
33.50776408074779,130.11922608261773
33.507767613284784,130.11924144034026
33.507774108188585,130.11926655031107
33.507773027203484,130.119279389932
33.50777197319803,130.119285525107
33.50777141381974,130.11929405967317
33.50777089221293,130.1193093391547
33.50777122496214,130.1193326981455
33.50777269355501,130.11934977986846
33.507776252172334,130.11936632919276
33.50778891912336,130.1193989107312
33.507794000292904,130.11941360565345
33.50780913498363,130.11946275000594
33.507813162147784,130.1194725031536
33.50781780175021,130.11947752316917
33.50785216214763,130.11946907943457
33.5078577748165,130.11946861178706
33.5078639189847,130.1194728655803
33.507864440591504,130.11948143971676
33.507863829052496,130.11948630414963
33.5078340542982,130.11949596556644
33.50782130640823,130.119500195078
33.50781716233223,130.1195044227909
33.50781561280036,130.11951177744663
33.507818585959,130.11952583744755
33.50782313472996,130.11953321728424
33.50783441402706,130.11953396911747
33.507841667059324,130.1195363550188
33.50784827887503,130.1195425288647
33.50785127901338,130.11954564231758
33.507848694361826,130.1195634111226
33.507848134983476,130.11957321733018
33.50784808102418,130.11959033682467
33.50785105418288,130.1196038653262
33.5078611976362,130.1196338909914
33.507865251780004,130.11964494186066
33.50787127903635,130.1196578075618
33.507877945710675,130.11966946817154
33.50788666733587,130.11967691275936
33.5078988648408,130.11968066113366
33.50790658641989,130.11967885889226
33.50792413489097,130.11965941644894
33.507930747606,130.11965330735427
33.50793544116772,130.11965219219496
33.50793946833187,130.11966077802253
33.50793938739287,130.11967486410379
33.50793272071854,130.11968827479416
33.50792602706457,130.11969739302037
33.50792235962922,130.11970344995427
33.507917720926116,130.1197101687893
33.50791355886372,130.11971936435725
33.50790902717989,130.11972727569332
33.50790374815949,130.11973647216053
33.5079011617093,130.11974069987343
33.50790222470795,130.11974800326777
33.5079053057853,130.1197519458957
33.507917495196295,130.11976710756608
33.50792916210122,130.11978377380217
33.50793636027487,130.11979413669007
33.50794700015399,130.11981817107176
33.50794944091405,130.1198346952151
33.50795146798589,130.11985308725025
33.50796669440746,130.11988814462222
33.50799866710486,130.11995927380156
33.50804991856893,130.12006800273616
33.50805553213718,130.12008216615914
33.50806164033247,130.1200919966484
33.508069279173924,130.1200994421356
33.5080738288442,130.12010866378387
33.50807533340998,130.12011413705784
33.50807269389975,130.12012632916685
33.50806858579665,130.12014347564093
33.50806646789323,130.12015199671737
33.50806644091358,130.1201606104239
33.508067360020675,130.12017405978509
33.508076559185895,130.1201974187759
33.508079532344595,130.12020966304556
33.508081494665305,130.12022321672816
33.50807999999205,130.12022741926
33.5080789729663,130.12023291771504
33.5080804676395,130.1202408560307
33.50808089211955,130.120250661339
33.5080803327412,130.1202611150585
33.508077053813054,130.12027061010065
33.5080756400788,130.12027461658033
33.508075613099095,130.12028191997467
33.5080801978429,130.12029165963247
33.50810374838932,130.12030717293771
33.50810936015887,130.1203096892408
33.5081138918427,130.12031457795547
33.50811753229834,130.120317665328
33.50811955937024,130.12032377442267
33.50812149471125,130.12033238722995
33.5081230001764,130.12033914383653
33.5081234948035,130.12034775574443
33.50812144075195,130.1203617509941
33.50811772115594,130.12037224428366
33.50811753229834,130.12038214042354
33.508118946032596,130.12039169931757
33.50812105404344,130.12039686142612
33.50813105360527,130.12040644640047
33.508138386677274,130.12041347640093
33.50814202713292,130.12041783361622
33.508144135143766,130.12042299572477
33.50814408118447,130.12042824866478
33.50814408118447,130.120439441627
33.508147135282115,130.1204490014203
33.508151198419114,130.12046447515547
33.50815686504734,130.120472477323
33.50818061344461,130.120512580791
33.50819172097118,130.12053133615234
33.50820149480319,130.1205394156616
33.508206081345634,130.12054807973016
33.508205585819155,130.120554228395
33.508207027432434,130.12056722359853
33.508210613029405,130.120577755559
33.50821833280986,130.1205863944466
33.5082291984188,130.1205901428209
33.50823794612438,130.12059211413487
33.50824305427358,130.12060194642277
33.5082517480198,130.12063038928113
33.5082629463779,130.12065944187975
33.508275802186574,130.1206793393801
33.50829533276345,130.1206998052519
33.508318531674945,130.12071591390838
33.5083333327172,130.1207291699153
33.50835610804802,130.12074955934474
33.50836427928812,130.1207594680751
33.50836941441702,130.12076997395525
33.50837397308044,130.12078844423138
33.50837702717814,130.1208020878462
33.50839646782276,130.1208361091991
33.50840216232996,130.1208485207427
33.50840827861924,130.12086022002325
33.50841227880369,130.12087814531026
33.50841527894204,130.12090717272793
33.50841730601394,130.12092383896402
33.50842186467736,130.1209447733827
33.50842802683201,130.12096033704995
33.50843719811826,130.12097208759178
33.50845422498253,130.12098267171302
33.50847172129295,130.12100680861738
33.508489586325425,130.12104581131518
33.50849574758075,130.12106308729176
33.50850080177065,130.12108972790872
33.5085027748832,130.12110325641027
33.508502279356776,130.1211062781323
33.50850897301075,130.12111072617915
33.50851563968507,130.1211101434185
33.50852133329295,130.12111199692117
33.50852597289537,130.1211193902477
33.5085254144164,130.12112810557767
33.50852277490617,130.12113664104322
33.50852066689532,130.12114408563116
33.50852264000787,130.12115581099192
33.508521586002416,130.12117367062842
33.508517414047446,130.1211816988764
33.5085090809294,130.12119092142393
33.508505441373075,130.121199441601
33.50850558616395,130.12120355420075
33.508505891933396,130.12121053204044
33.508512612567074,130.12121747120943
33.508519828727174,130.12122053160226
33.508527495447595,130.1212335537855
33.50853316207582,130.12124158203346
33.50853877474469,130.12124594014813
33.50854344132682,130.12124221785416
33.508537864630796,130.1212310887438
33.50853530605957,130.12122616135832
33.508534802439215,130.12122121868435
33.508537864630796,130.1212181708819
33.50854155904574,130.1212169388108
33.50854872124654,130.1212225811572
33.50855494635374,130.12122447512945
33.50856480202407,130.12121466892188
33.50856741365527,130.12121347642085
33.50857146779907,130.12121588840262
33.50857510825472,130.12121844427588
33.50857605434146,130.12122522696268
33.50856774820306,130.12124983061528
33.50856405378812,130.1212621396361
33.50856238734434,130.12128121875332
33.50856444139589,130.1212911148931
33.50858186486124,130.12132083029212
33.50858953158166,130.12134680900806
33.50859758590991,130.1213764461661
33.508601747972364,130.12138941618866
33.508610386859914,130.1214024770427
33.50862489202518,130.1214099737913
33.508629440796085,130.12141732844702
33.50863046782189,130.12142291773353
33.508629413816436,130.12142661484643
33.50862735976489,130.12142907898885
33.50862374808753,130.1214290268282
33.50861082932636,130.12142527935328
33.50859741413939,130.12141658920427
33.508593829441736,130.12141900118604
33.50859177539019,130.1214226722186
33.508591693551864,130.12143569440184
33.50859627919499,130.12144674437184
33.50859986479196,130.12145605685157
33.50860130640524,130.12146841803315
33.508597198302084,130.1214720234152
33.508594081251886,130.121478197261
33.50859555883801,130.1214844232676
33.50860025239979,130.12148566792928
33.50861110811621,130.1214783267634
33.508615801677934,130.12147894909424
33.50861989179464,130.12148213988894
33.508620918820384,130.12148513643
33.508615612820336,130.12151413686797
33.50861605438746,130.12152522730742
33.508619134565436,130.12153024642384
33.508623802046884,130.121537638851
33.50862319770249,130.12154194570428
33.50862016159124,130.12154496832568
33.50861602740781,130.12154555108634
33.50861186534536,130.12154430642465
33.50860827884907,130.12153508387712
33.50860472113101,130.12152953326142
33.508600053649616,130.12152138810166
33.50859544102684,130.12151897522062
33.50859436004174,130.12152016862092
33.50859644107294,130.1215318939818
33.50859891870516,130.12154916995826
33.50859941423164,130.12155661544546
33.50859986479196,130.1215689748284
33.50859769382856,130.12158308698997
33.50859877481366,130.12159364503077
33.50860180193166,130.12160102486746
33.508607494640216,130.12160474716143
33.50861213514196,130.12159671891357
33.508613720646736,130.12159058373857
33.50861833326951,130.12159182929952
33.50862144132651,130.12159749682712
33.50862397291809,130.12159994837896
33.50863127901039,130.1215981452383
33.50863489158701,130.12159875497866
33.508639468236936,130.12160992186045
33.50864099978236,130.12162280195082
33.50863889177151,130.12163089494993
33.50863266666431,130.121630856279
33.50863010809309,130.12162710790471
33.508622918912636,130.12161717309414
33.50861827931021,130.12162204921822
33.50861922539701,130.12162766458516
33.50862286495328,130.12163386541067
33.50862586509163,130.12164868983518
33.508625829118785,130.12165846996243
33.50862272106178,130.12166464290897
33.50861699957494,130.12166094669544
33.508614467983364,130.12165846996243
33.50860980230061,130.12164917007317
33.50860619781781,130.12165038865453
33.50859999969026,130.12165216571498
33.50859333301594,130.1216515047132
33.50858708092909,130.12164961074097
33.50858194580019,130.12164902708105
33.50857880177034,130.12165272419395
33.50857722525882,130.12165756164723
33.508578252284565,130.12166197102317
33.50859425212309,130.12168053213088
33.508608559437505,130.12170277596238
33.50861933331561,130.1217325030526
33.50862791914318,130.12177577213424
33.508636198301986,130.12181972829785
33.50864149530884,130.1218479769027
33.50865010811606,130.12188997434293
33.508653027315404,130.12193374794413
33.508663667194526,130.12208496804692
33.508674558883854,130.12220897466455
33.50868408090565,130.12225535719904
33.5086930273614,130.12234977971866
33.508694441095656,130.12236891099656
33.50869591868178,130.12238678322353
33.5086994413262,130.1224009466464
33.508698864860776,130.12241946818392
33.508694693805126,130.12243058380443
33.50869466682548,130.12244102493344
33.50869925156928,130.12245033741317
33.508703829118474,130.12247258124466
33.50870586518357,130.12248116707224
33.508706865229726,130.12249289243312
33.50870644074968,130.12249869036236
33.50870569431237,130.12250958474965
33.50870566733272,130.12251571992465
33.508708198024976,130.12252808020685
33.508712306128075,130.122538586087
33.508715279286776,130.12256394337135
33.5087167209,130.12258610896185
33.508711360041275,130.12262189388537
33.5087108015623,130.1226434110646
33.50871427924062,130.1226737478952
33.50872146842107,130.1226866927367
33.508722972986845,130.1227051881939
33.50873563993787,130.1227522182403
33.50873708065183,130.12276328080088
33.50873753211147,130.12278791233234
33.50874255932172,130.1228101687543
33.50874508102072,130.1228231648572
33.50874710809262,130.12284230872558
33.508743305759026,130.12287988330002
33.50874169417392,130.12289282724225
33.508742161821374,130.1229070302353
33.508744667332564,130.1229180802053
33.50874933301537,130.1229280536868
33.50875125216862,130.12294472082226
33.50875016219027,130.1229543057966
33.50874641381597,130.12298555094253
33.50874589220922,130.1229896626429
33.50874435976442,130.12300138800367
33.50874482921057,130.12300700426988
33.50875349507777,130.12301938973314
33.50877355895261,130.12304910513217
33.508774585978415,130.12305457840614
33.50877405357977,130.12305708211875
33.5087714680289,130.1230602198533
33.50876833299225,130.12306508428628
33.50877030610479,130.12307496783558
33.50877391868147,130.12308980485068
33.50879705374109,130.12310968886106
33.50880322488899,130.12311522688628
33.50880733299209,130.12312389095484
33.508808720646016,130.12315294355358
33.50880866668666,130.12315907872858
33.50881177474366,130.12316347641342
33.50881694584541,130.12316836602736
33.50882310800006,130.12317272414202
33.50882519802451,130.12317333298301
33.50882727905571,130.1231746172149
33.50882777458219,130.1231808297316
33.508825639591635,130.12318635516624
33.508825612611986,130.12319433215282
33.50883127924021,130.12319435823315
33.50883694586838,130.1231925811727
33.508839053879285,130.12319438431348
33.50883897294028,130.12319880717928
33.508838468420606,130.12320313921362
33.50884719813973,130.12321111530082
33.508857999896804,130.12322177676367
33.50887244121026,130.12323905274013
33.508874414322804,130.1232483013681
33.508878586277774,130.12325147867284
33.50888786458336,130.12325031135288
33.50889046812068,130.1232502717827
33.50889041416133,130.12325522704714
33.50888369442703,130.12326260688383
33.50887902694558,130.12326503235545
33.508876441394705,130.12326744523648
33.50887844058764,130.12327247694327
33.50889036020203,130.12327243827247
33.508899667285846,130.1232737476854
33.5089340807433,130.123322166285
33.508936559274844,130.12333011719124
33.508936532295195,130.12333752310826
33.508935468397226,130.1233418551426
33.5089319187731,130.1233461997674
33.508929747809646,130.12334858566874
33.508929225303575,130.12335041488984
33.508929747809646,130.12335849529836
33.50893130633477,130.12336224367266
33.508932828887,130.12336406030317
33.5089379730091,130.12336411156457
33.508942666570874,130.12336352790453
33.508948306219395,130.1233568090695
33.508950918749974,130.1233580537313
33.50896274843217,130.12336180300485
33.50896533308372,130.12336985733316
33.50896474762504,130.12337664091933
33.50896066740091,130.1233839946757
33.50895699996562,130.123388885189
33.50895694600632,130.1233931911429
33.508967828702396,130.1233895327008
33.5089708917933,130.12339014334054
33.50897246830482,130.1233945527165
33.50897086481359,130.12339758792837
33.508968801768845,130.12340072566303
33.50896822530342,130.12340749665873
33.50897033331427,130.1234106101116
33.50898372062227,130.12340756230924
33.508985828633115,130.1234100255523
33.508982693596465,130.12341435758663
33.50897902706049,130.12341988302126
33.508979081019845,130.12342418897515
33.508980531626264,130.12342664142648
33.50898574769417,130.12342605686706
33.50898780174572,130.12342302165519
33.50899461321086,130.12341444931747
33.50899666726241,130.12341325591706
33.50900022498047,130.12341752320015
33.50900025196012,130.12342128416503
33.50899864037501,130.12342613510816
33.508995026899015,130.12343596559742
33.50899444144039,130.1234445784046
33.50899494596001,130.12345082959223
33.50899797307807,130.12345941631906
33.509002081181166,130.1234656162453
33.50902119806989,130.12347747110846
33.50902730626524,130.12348613517702
33.50903705401686,130.12350347590473
33.50904938731941,130.12351228296552
33.509052972916436,130.1235221404345
33.509052972916436,130.123533864896
33.509049774927234,130.12353994791033
33.50904925242111,130.12354425386434
33.50905136043201,130.12354680883823
33.50905441363034,130.1235467827579
33.50906061265721,130.12354252896455
33.50906377467351,130.12354377362635
33.50906522527998,130.12354688707921
33.509064747739956,130.12355418867492
33.50905902715243,130.12356105140145
33.50905641372259,130.12356344989337
33.509057440748336,130.1235665498565
33.50907033342918,130.12356600486726
33.509076586415404,130.12356916958163
33.50908786481318,130.12358399490552
33.509118531694924,130.12364839175996
33.50912877497302,130.123672502584
33.50914208134202,130.12369108887276
33.509176585630996,130.12372464257828
33.509183225325614,130.12373330664684
33.509191386673194,130.12375430581665
33.50919500014919,130.12376664091778
33.50920422539474,130.123782698313
33.50924786499701,130.12383425374787
33.50925563963614,130.12384783441007
33.50926377490333,130.1238657201269
33.50928427944598,130.12390727600007
33.50934966735332,130.12398702967778
33.50944155918069,130.12411581079607
33.50954391911665,130.12429958455823
33.50959774803772,130.12437450078266
33.50964591932376,130.12444267209173
33.50973558622837,130.12456383865026
33.509836332780594,130.12472136210124
33.50987794621028,130.12477691322408
33.50992741431878,130.12483744479232
33.509956829344276,130.12486577163816
33.50996925167965,130.12486425358247
33.50997308099295,130.1248693896107
33.50997633294145,130.124872048906
33.5099813061924,130.12487199674536
33.50998994597927,130.12487124491213
33.50999925216382,130.12487128358293
33.51000902689515,130.12487700417046
33.51001772064137,130.12488542182484
33.510025945840766,130.12489769127546
33.510029802133715,130.1249073284106
33.51003366741986,130.12492033710396
33.51004080174164,130.12493391686678
33.51005066730448,130.12495007768405
33.510067053851515,130.12496294428456
33.510079639863534,130.12496744539135
33.510096440997984,130.12497319115994
33.51010627868186,130.12497513639346
33.510114973327404,130.12497891084809
33.510123134674984,130.1249886379154
33.51012735968993,130.1249999999501
33.51012866730423,130.12500355407087
33.510137495049435,130.12501583701135
33.51016366711957,130.12504418903814
33.51018833282535,130.1250777562335
33.5101943600817,130.12508878102244
33.51020086487807,130.1250913881571
33.510207440720876,130.12509070017575
33.510215000421965,130.12508866411065
33.51022044132037,130.12507763932172
33.51022364020889,130.12507308695342
33.5102284947493,130.1250717505609
33.51023616236904,130.12507165972943
33.510270135158635,130.12505658889052
33.510276198387885,130.12505652413938
33.51028280210966,130.1250606610207
33.51029036001216,130.12507016865345
33.51029255885459,130.12508747071024
33.51029416234576,130.12510121864636
33.510289865385005,130.12512775584128
33.51028294600121,130.1251464455521
33.51028008076116,130.12516141386823
33.510285332801914,130.12519141435234
33.510286027078564,130.12521238744182
33.510279559154355,130.12522688721117
33.510270135158635,130.12523418880687
33.51026358629554,130.12523661517776
33.51025774789679,130.12525464298744
33.51025780185614,130.12526133574215
33.51026205385074,130.12528883341304
33.51026969359151,130.12531038926306
33.51027999982216,130.12533966309502
33.510283278750364,130.12537022025947
33.51028261325206,130.12541885919302
33.51028394604731,130.125452969579
33.510285694329355,130.12548416256413
33.510286386807365,130.1255039692329
33.51027713458217,130.1255503373783
33.51026238659989,130.125580415204
33.51024749472617,130.1256028272088
33.51023110817914,130.12563055780402
33.51019674778172,130.12565836574106
33.51018472114799,130.12566610890383
33.510174973396374,130.12568914413873
33.510172531737,130.12573664093327
33.51016416174673,130.12593444861602
33.5101483057997,130.12607549918505
33.510122414318005,130.12621416295337
33.510086802064336,130.12637997365687
33.51005646793169,130.1265781059949
33.51005330591539,130.12660683483762
33.51004325239421,130.1266979514494
33.51003869373079,130.12674286629033
33.510040468093166,130.12677944171787
33.51004469400749,130.12680102544698
33.51005786457881,130.1268146690618
33.510081080577436,130.1268366152177
33.51010794602496,130.12685785990243
33.5101458290668,130.12688924804047
33.51018833282535,130.1269325288132
33.51029122515996,130.12707269804662
33.510373558992626,130.12715066117414
33.510434945816144,130.12718642001732
33.51046622513621,130.127200415267
33.51049977524451,130.12721452742858
33.51055013458108,130.12729968872975
33.51068144099577,130.12746788623406
33.51074310840778,130.127541854573
33.51091510824568,130.12773182916067
33.510917225249784,130.12773418898166
33.51098822492668,130.12781992225166
33.51128438696492,130.1281487809415
33.511444666837974,130.12832347604763
33.51145802716627,130.12833756212888
33.51146761303994,130.12835219229987
33.51147610803599,130.1283701949286
33.511486360307345,130.12838999979874
33.511503360191966,130.12841060956202
33.511659693839874,130.12856457799296
33.51184661343052,130.12877021966995
33.51200022483056,130.12890647235588
33.51202113496748,130.12892919642536
33.512252999976,130.12918208758333
33.51239782859699,130.12932819683886
33.512521134642725,130.12944988320555
33.51264035956501,130.12958075165045
33.5127253059282,130.12966075174234
33.512817613242305,130.12974496785603
33.512925801684446,130.12984644555706
33.51301366724698,130.12993082984394
33.513083666877776,130.12999858566627
33.51319180225994,130.13009457840212
33.513288161919206,130.13018027210194
33.5133724679651,130.13025855988474
33.51345572090486,130.1303256421147
33.513549801682075,130.13041930021063
33.51364949512816,130.13052066099976
33.51380349503535,130.13064669289065
33.51391705422873,130.13074447527742
33.51396797294365,130.13079089468408
33.51408049521871,130.13088019466534
33.51416705406632,130.13094433161564
33.51425522539836,130.1310182486933
33.51432435988136,130.1310797803077
33.51440266744919,130.13113939007087
33.51443699996764,130.13116208806002
33.51459374820297,130.13128516208064
33.514770748271474,130.13140105141747
33.514927054040356,130.13151046743417
33.51507080167619,130.13160557703577
33.515125892346134,130.13164182870753
33.51529800010269,130.13175379969812
33.51538463988925,130.1318173017272
33.51552033319689,130.13192024622242
33.5155688291382,130.13195722364696
33.51560591897805,130.13198632930573
33.51571055869539,130.1320699221892
33.515909027379735,130.132227327829
33.51606108115402,130.13233680859685
33.5162520270095,130.13246105083692
33.516425440581656,130.1325684703587
33.51659127916423,130.1326623092183
33.5166666666334,130.1327073931318
33.51675444136441,130.13275992163312
33.516916494700524,130.13285313906113
33.51702741438373,130.1329091956029
33.517055666585804,130.13292352809844
33.51714510776054,130.13296418914604
33.51718441442921,130.13297649816695
33.51727613538537,130.13301907926711
33.51738397309191,130.1330678342132
33.51746249469841,130.133093748178
33.517599865241664,130.13313596595208
33.517715721303546,130.13317552533033
33.517907972974626,130.13324108860547
33.51812863962505,130.133312724103
33.518196667042616,130.13333333296703
33.51825425243186,130.13335077801605
33.51841646764592,130.1334049163039
33.51861480233134,130.1334543844124
33.51878630574345,130.1335059659276
33.518842613196114,130.1335233848963
33.518946946244625,130.13353868955892
33.518962278786205,130.13354058443053
33.51897313540195,130.1335444748977
33.51898849492318,130.13355089515778
33.51900869369632,130.1335619712081
33.51902891944911,130.1335813875711
33.51905005441654,130.13362294434341
33.519052864797914,130.1336267826499
33.51906049464617,130.1336332811511
33.51906702732151,130.13363847023925
33.519073441286366,130.1336419713
33.519077802098934,130.13364849498214
33.519077892031135,130.13365958542158
33.51907519766229,130.13367121905162
33.51906919828491,130.13368097309854
33.51906319800821,130.13368686095998
33.519051801799264,130.13369341072234
33.51903653221024,130.13370058371504
33.51899655914394,130.13370883319612
33.51895133313758,130.13371411221658
33.51893105432475,130.13371744510403
33.518908225034636,130.13372661459164
33.51887769395046,130.1337455246363
33.51885594564544,130.13376642038406
33.51884230562797,130.13377808009443
33.51883789175537,130.13377878066626
33.51883408132784,130.13377622569237
33.51883294638344,130.1337683656177
33.51883353184206,130.13376192017654
33.51883572079191,130.13375155638926
33.51883346799019,130.13375147904753
33.51883130601999,130.13375277587
33.518805134849174,130.13377564203233
33.51878880226144,130.13378603100057
33.5187806400146,130.13379063642878
33.518772467875124,130.1337971727014
33.51876597297132,130.13380758775008
33.51875891868917,130.13381797671832
33.5187512249891,130.13382839176688
33.51872622473553,130.13384930010523
33.51871805439475,130.13385518796656
33.51870935974921,130.13386228271827
33.518702828872506,130.13387011671261
33.51869846805988,130.13387863778894
33.51867566664873,130.13393172476935
33.51866702686186,130.13394603118445
33.51862464001516,130.1340455771417
33.518562801731946,130.13421907884742
33.5185361979872,130.1342802723168
33.51845022459821,130.13443980485317
33.518429495225064,130.13447111475023
33.518409441242795,130.13450166022346
33.518360919221095,130.13455189365504
33.51834013498927,130.13457341083426
33.518333586126175,130.13457593972794
33.51832710830945,130.13457666727948
33.518316161761504,130.13457472114658
33.518313972811654,130.13457085586037
33.518313945832006,130.1345663547536
33.51831336037333,130.13455785975748
33.5183149998374,130.13454674413697
33.51834327901918,130.13448038855915
33.5183552247139,130.1344446171255
33.5183578921031,130.13442832680585
33.518356251739704,130.13441469488237
33.51835238735282,130.13440105126756
33.518349693883295,130.13438936367822
33.51834686461615,130.1343854992914
33.518343054188676,130.1343835018971
33.51833874823467,130.13438483828975
33.51833436044245,130.13439070007087
33.51832889166508,130.1344078600348
33.51832789161898,130.13441756192105
33.51832782866643,130.13442530508382
33.51833549538685,130.13443771662742
33.518338278788576,130.1344454471997
33.51833608084553,130.13445719774154
33.5183312254058,130.13446885925055
33.518322494787355,130.13447411219056
33.51830280233253,130.1344813103642
33.51828002700171,130.13453795056603
33.518272387260936,130.13455352772314
33.51826589235708,130.1345639166915
33.51825602679423,130.13457499364108
33.5181492251067,130.13467024623492
33.51809902674876,130.13471328059347
33.518079441313205,130.13473477259174
33.518068775353754,130.13474641971152
33.51805866697396,130.13475758839206
33.51804689215038,130.13477236065603
33.518036864709586,130.13478494217145
33.51802694608676,130.13479775571193
33.51802274805141,130.13480316513403
33.51799544103682,130.13484489007965
33.517966080869996,130.13490147902007
33.51787789155151,130.13509019455694
33.51787522506163,130.13510577171405
33.5179136665825,130.13511282689547
33.517949559424665,130.13511941622812
33.51795046773992,130.13511778216002
33.51795713531362,130.13510489037844
33.51796641361915,130.13508866391078
33.51798761333771,130.13506444876532
33.518182305768846,130.13486238728944
33.51836436002725,130.13467080381463
33.51836605435,130.13466819667997
33.51837086482362,130.13464739266306
33.51837574814232,130.13463763861614
33.51842046783037,130.13458358036803
33.51847110775549,130.13450277628215
33.51850486470778,130.13442849497915
33.518534775259695,130.134359636588
33.518558108170225,130.1343068607731
33.51861841400864,130.13417428001912
33.51864558612493,130.1341151361047
33.51871677465948,130.13399267182444
33.51872553225758,130.1339816083646
33.51873644103398,130.1339822441853
33.51876244133365,130.13391191989922
33.51877444098773,130.13388661477552
33.51879022498895,130.13385985724665
33.518811946314315,130.133831893727
33.51883091931154,130.13381070030368
33.51885599960474,130.13378783414134
33.51889422528831,130.13376141385822
33.518912720745504,130.13375163373098
33.51893619844685,130.13374247683396
33.518959053817355,130.13373847035416
33.51898905430147,130.13373452682697
33.51901402667602,130.13373233517916
33.51904366743133,130.13372978020527
33.51905564010576,130.13372652376017
33.519074774980936,130.1337154728908
33.519089999603864,130.13370306134732
33.519109081419,130.1336821916799
33.51911713484793,130.13366466928915
33.51912097315443,130.13364516209458
33.51912049471514,130.13362664055705
33.51911758630763,130.13361202297654
33.51911074786278,130.13359841803265
33.51909119840013,130.13357535671742
33.51908786461331,130.13356496774918
33.51908899955771,130.13355849532832
33.51909553223305,130.1335526065676
33.519117305719135,130.1335453832129
33.51914297326965,130.13354072562402
33.5191801080756,130.13353939013086
33.51921446757365,130.13354185517255
33.519399666761274,130.13355302205434
33.519458108305116,130.13355547270692
33.51949519814491,130.13355927414125
33.51954225157368,130.1335689490478
33.5196306936017,130.13358355403784
33.519868801703865,130.13359077829182
33.5200669727127,130.1335908295532
33.52026905397372,130.13359355359967
33.52044053220487,130.13358849491317
33.520668162305924,130.13357483780862
33.520867972778774,130.13357230891495
33.52094225228319,130.13357144016993
33.52107755888227,130.13355481170527
33.52114366714659,130.13354489038443
33.521243440632304,130.133524422714
33.52125000028735,130.13352316456246
33.52125386467418,130.1335211932485
33.521258495283405,130.13351338533448
33.52126391909462,130.13333333296703
33.52127819763075,130.13285922207547
33.52128116179625,130.13284907862214
33.52128966668482,130.13284910470247
33.52129966714597,130.13284997434687
33.52130208092632,130.13285824900902
33.52129086458177,130.13333333296703
33.521286413837004,130.13352160783597
33.52127422532527,130.13396644579495
33.521268332967225,130.13410622562185
33.521260802044424,130.13415247685543
33.5212593604312,130.13415946818498
33.521435667122375,130.13420461684962
33.52157872138093,130.1342412453373
33.52158797270681,130.13424121925698
33.52159613495371,130.13423730181012
33.521604828699935,130.13423014320665
33.52160938736341,130.13422444869946
33.52160977497118,130.13422038915974
33.52164353192353,130.13372313871196
33.521649360429706,130.13358861182508
33.521654802227374,130.1334918942356
33.52165622495488,130.13344752258513
33.52165977457901,130.13341518836035
33.52166986497235,130.13336289188396
33.521670359599455,130.13335491579676
33.521668333426874,130.1333476133018
33.521664225323775,130.13334280192885
33.5216605587878,130.13333488969351
33.52166016218678,130.13333333296703
33.52165805417593,130.13332510956627
33.521656467771834,130.1333160830709
33.521654892159575,130.13329717302622
33.521652359668735,130.1332831912663
33.52164977501718,130.13327472055198
33.521649224632085,130.1332582485694
33.52165025165783,130.13325403434624
33.521650197698534,130.1332448900397
33.52164813465373,130.13323328069146
33.521641494959056,130.1332260312564
33.52163530582476,130.1332174706098
33.521633829137954,130.1332114793264
33.52163374819895,130.13320230893942
33.52163527884511,130.13319810640758
33.5216388653414,130.13319678260552
33.52165316186398,130.13320652406185
33.521656802319626,130.13320897471442
33.52165986541053,130.13320775613306
33.52166336017598,130.13319491561288
33.52166744129943,130.13318583695684
33.5216675591106,130.13318549881183
33.5216715592951,130.13317727631033
33.521672026942554,130.13316747100203
33.5216725593412,130.13316511028165
33.521672026942554,130.1331547725748
33.52167044143778,130.1331474709791
33.52166841436588,130.13314255528473
33.521667918839455,130.13313533103076
33.52166636031433,130.13313406028874
33.52165710808913,130.13313900116407
33.52165458639013,130.13313839232296
33.521648441322554,130.13313530495043
33.521642333127204,130.1331371980233
33.52163469428575,130.13314147879623
33.521631640188104,130.13314269827697
33.52162341408933,130.1331403105769
33.521618332919786,130.13313605678366
33.521615224862785,130.13312994768899
33.52162186455746,130.13312632881707
33.52162444111514,130.1331214401024
33.52162441413543,130.1331153049274
33.52162391860901,130.1331080033317
33.52162694572701,130.13310377382015
33.52163099987081,130.1331025552388
33.52163866659123,130.1331043062188
33.52164686481103,130.13310185466696
33.52166110827358,130.13309147918847
33.52168872105767,130.1330689107017
33.521696332919475,130.13306033656534
33.521701387109374,130.13304693936482
33.52170225225717,130.1330431649102
33.52170391870095,130.13303542174742
33.521707495304724,130.1330207259258
33.521714108019694,130.1330116076996
33.521722306239496,130.13300797713646
33.52172582888397,130.13300978027723
33.521726387362946,130.13301277591893
33.52172536033714,130.13301894886547
33.52172382879172,130.1330219705875
33.52172389174427,130.13302863816114
33.52172591881617,130.13303530483552
33.521728468394144,130.13303839220805
33.52173027872942,130.13303891111696
33.52173405408337,130.1330401692685
33.521746864925944,130.13304014318817
33.52175200005479,130.13303824921593
33.521756558718266,130.1330315303809
33.52175908131659,130.1330206359936
33.52176210843459,130.1330151096596
33.521766775016715,130.13301269767794
33.52177291918491,130.1330133074183
33.521779495027715,130.1330150583983
33.52178969423903,130.13301442257762
33.52179689241268,130.13301014270394
33.521801972682965,130.13300472069136
33.521809640302706,130.13299128392066
33.52181625211841,130.13298089495242
33.52182438738561,130.1329717767262
33.52184327944383,130.13295165979127
33.52185141381176,130.13294241206268
33.52186308071663,130.1329223868587
33.52186661325368,130.132913864883
33.52186716184008,130.1329028661744
33.52186708090113,130.13290221776322
33.521865613207524,130.1328845775613
33.52186453222242,130.1328730869235
33.52186508080888,130.13285972839378
33.521868586366224,130.13284569357393
33.5218716125849,130.13284016903867
33.52187319808968,130.13283347628396
33.52187213509103,130.13282499387844
33.5218736396568,130.13280917030704
33.52187872082635,130.13280241190182
33.521890413811605,130.1327969134469
33.52189858595102,130.13279147884373
33.52190522474638,130.1327877556505
33.52190980229557,130.13278413677858
33.521910865294274,130.13278166004568
33.521913413972925,130.13277377389056
33.52191538708547,130.13276944185634
33.5219189726825,130.13276769087634
33.521922026780146,130.13276700379424
33.52192661332259,130.1327639434013
33.52194002671092,130.13274938967265
33.52194555934017,130.13274094683732
33.52194813499847,130.13273379992495
33.52194810801882,130.1327181966875
33.52194666730492,130.13270616106058
33.52192522476935,130.13261852122787
33.52191877483165,130.13257166025403
33.521916387131625,130.13252732817375
33.52191730623872,130.13249158192104
33.52192155913269,130.13245258102188
33.521937108410896,130.13240827502193
33.521934162231844,130.132362139801
33.521925026918495,130.13228136179544
33.521903828998575,130.132086939161
33.521878747806,130.13183907881046
33.52186602689568,130.13169442285937
33.52186097270578,130.13163053232324
33.52185582858368,130.13157846967067
33.5218489730517,130.13151481205898
33.52184402678046,130.1314400262363
33.52184453219945,130.1314076389515
33.52184566714385,130.13137822302667
33.52184864030255,130.13135097266934
33.52186191879258,130.1312910886129
33.52187910843418,130.13123505815145
33.52192377506225,130.13109639438312
33.52198553240646,130.1309180291438
33.521994225253366,130.13090955932876
33.52200405394399,130.13090880659627
33.522017225414686,130.13091060973693
33.522026000099856,130.13091513602478
33.52203346807016,130.13092616081371
33.522036441228806,130.13093786009426
33.522035945702385,130.1309449683357
33.52203438717726,130.1309521916903
33.521989225022764,130.13109538264587
33.52194205378282,130.13124778175984
33.521918414203526,130.13133496833416
33.52191155867155,130.13137272367237
33.52190944076813,130.1313962256554
33.521906332711126,130.13142616138828
33.521910639564396,130.1315392736186
33.52191953206079,130.13155747140024
33.52196194588714,130.13155350179272
33.52198872140241,130.1318747729025
33.52201144097529,130.1321953569302
33.52226302721698,130.13211985704584
33.522380693614195,130.13208444893826
33.52241608103736,130.13219228304752
33.5227552792328,130.13203561575108
33.52271702656958,130.13191844398102
33.52296608121975,130.1317915046743
33.52308933330613,130.13137958460027
33.523085494999634,130.13120683472766
33.52307861338733,130.1308918031143
33.523066612833986,130.13028791195768
33.522898559221176,130.13030163381336
33.5227080000742,130.13032119316858
33.52263258562539,130.13032938958975
33.52245444071991,130.13034797677778
33.52224982876663,130.13037046702345
33.52216736003567,130.13037311282892
33.52203561295323,130.13038111499657
33.522030693661634,130.13037783426967
33.52202797321246,130.13037386466215
33.52202474824361,130.1303498833405
33.522024829182556,130.13033686115728
33.522027558624984,130.1303290793236
33.52203238708506,130.13032333265573
33.522045278866585,130.1303221401547
33.5220668023411,130.13032007800928
33.5220946669354,130.1303174447943
33.52226180234038,130.1303018937175
33.52232344097405,130.13029608319778
33.52239966661136,130.13028897495633
33.52257708126734,130.13027236088078
33.52272097279473,130.13025897537148
33.522798918835065,130.13025160812526
33.522927494908004,130.1302395590085
33.52301853237941,130.13023111527377
33.52322566693101,130.13021169891078
33.52336019831455,130.13019916955614
33.5233819187406,130.13019710830997
33.52339505423839,130.13015705610337
33.523439945696964,130.1300641372502
33.523516693840406,130.12992525314803
33.523521721050656,130.12991085590136
33.5235258651266,130.12989403408244
33.52352886526495,130.1298748380534
33.52353491860168,130.12986111529824
33.52354197288378,130.12985211398393
33.523558306370774,130.12982739341953
33.52359246801802,130.12977549894015
33.52360453242329,130.12974855974835
33.52361466688342,130.1297143315512
33.52361874800687,130.12968080392602
33.523621892036715,130.12966464310887
33.52362286510322,130.12964836627918
33.52361799977092,130.1295871728098
33.523617107643474,130.12957522711508
33.52361216227155,130.12951155601354
33.52360913515349,130.12949177722385
33.523605161948694,130.12948038910872
33.52358910815087,130.1294640861987
33.52358566734472,130.12944968895204
33.52358316183353,130.12942808004198
33.5235621617644,130.12937941592736
33.5235586130396,130.12937341115412
33.52353508137895,130.12933555059521
33.52353061264773,130.12932655018017
33.52353061264773,130.1293145010634
33.52353266669928,130.1293109208624
33.52353777484848,130.12929418897568
33.523530775425,130.1292622828281
33.52353080240465,130.12925033713339
33.523531306025006,130.12924430627982
33.523536387194554,130.1292364983658
33.523560559172495,130.12922399509137
33.52357161273977,130.1292192475703
33.5235733871022,130.12921771692413
33.523575081424895,130.12921630408925
33.52358149538975,130.1292033331673
33.523590225108876,130.12918569386477
33.52359277468685,130.12917791203108
33.5235917476611,130.12917319059034
33.523591333073625,130.1291671732265
33.52359033302747,130.12916416319558
33.52359030604782,130.12916169905327
33.52359127911427,130.12915758825216
33.5235978918293,130.12914858603847
33.5236013596151,130.12914499414626
33.52362569437037,130.1290784443148
33.523633747799295,130.12905627782504
33.52363430627827,130.12904369630962
33.52363433325792,130.129035939657
33.523637918854945,130.12901975365878
33.52364541380484,130.12901075234436
33.52365044101509,130.12900713437182
33.52368855878001,130.12890072568803
33.52369705377606,130.12887705643107
33.52370008089406,130.12886089471453
33.52370161333886,130.1288453571276
33.52369864018016,130.12882075167636
33.52368949497429,130.12875108929143
33.52368433286574,130.12871204882208
33.52368886544883,130.1286887545824
33.523696999816764,130.12866530476003
33.523708612762334,130.1286491700232
33.52372164034148,130.12864438383133
33.52377844062261,130.12863197138847
33.52378605428305,130.12862177667375
33.523787558848824,130.12861703005194
33.523786585782375,130.12860863757862
33.523783027164995,130.12860267237545
33.523780080986,130.1285960048018
33.523780613384645,130.12858102479447
33.52378113499145,130.12856596564689
33.52379735966048,130.12851391738343
33.52379938673238,130.12849224372212
33.52379941371203,130.12848450055935
33.52379805393707,130.12843165999323
33.52380055944832,130.12841549917596
33.523815224692896,130.1283981062876
33.523818694277395,130.12839216626548
33.52382227897505,130.12837652435712
33.52382089222044,130.12831775635948
33.52382197320554,130.12828233476205
33.52382402725709,130.1282775620599
33.52382605432899,130.12827280194836
33.52389805405198,130.12820286616943
33.52390258573581,130.1282039948186
33.523905108334134,130.12820644637043
33.52391805407501,130.1282394676773
33.523920612646236,130.12824247680896
33.52397008075468,130.12819914387546
33.5239858647559,130.12818616126242
33.52399405398245,130.12818425380033
33.52402836042057,130.12817852062233
33.52404146803934,130.1281707522785
33.52404853221407,130.12816163405228
33.52405402707177,130.12814994826158
33.52405910824132,130.1281391438065
33.52406805379769,130.12809038886041
33.524080468039244,130.12802286596252
33.524111973089134,130.12786333342615
33.52412782903616,130.12782474711446
33.52414155898583,130.12777571967376
33.52415253161411,130.127706303703
33.52415933318673,130.1275986899277
33.524161198380625,130.12751481195903
33.524155919360226,130.12741894872556
33.52414291876073,130.12730355401584
33.52412136021263,130.12719924794703
33.524078081238486,130.12704466887647
33.52406964020179,130.1270242803463
33.52406189164304,130.12701316472578
33.52405094599442,130.12700671928474
33.5239556942999,130.12694985695043
33.52394789178186,130.1269455249161
33.523930251579884,130.1269241633196
33.52388177542366,130.12681377423633
33.52387269406961,130.126790829833
33.52386849513499,130.12677214012228
33.523855134806695,130.1267449419256
33.52384594643331,130.12674233479095
33.523763585621055,130.12673756208892
33.5237544682941,130.1267256163942
33.52375591890058,130.12671374804108
33.523750441130005,130.1266662260656
33.52374836009881,130.12665094658394
33.52374916229405,130.126638249056
33.52375349522765,130.12662474663477
33.523787801665776,130.12656647236486
33.523833532191816,130.12649302203545
33.523842892335665,130.12647700421041
33.52384789166695,130.12645747093563
33.52385366711309,130.12643211365116
33.52385586505619,130.12641260735597
33.52386200023119,130.12631102533362
33.52386008107794,130.12628133601493
33.523858000046744,130.1262668353462
33.52385730577009,130.126246588909
33.523857413688745,130.12623377356988
33.523864585782064,130.12621433202582
33.523873891966616,130.12619238676928
33.52387466718221,130.12617708210666
33.52387474812116,130.1261619204363
33.523876919084614,130.12614919592875
33.523887720841685,130.1261331394329
33.52389700004659,130.1261188330178
33.523906999608414,130.126092580908
33.523914278721065,130.1260646425693
33.52393366720503,130.12600038870698
33.52394446806278,130.12597250342833
33.523955865171104,130.12595224440065
33.523961612738276,130.1259361609251
33.52398130609248,130.12581505821845
33.5239857208644,130.125788003014
33.52398864006375,130.12576674394018
33.52400302741785,130.1257363549489
33.52403866665122,130.1257026330701
33.52405497315851,130.12568836622518
33.524066441313266,130.1256766408643
33.52410002739441,130.125630219659
33.524127441428334,130.1255925812327
33.52413636000506,130.12558044128446
33.52417349481101,130.12552603140125
33.524183586103675,130.12551116740656
33.52419069434512,130.12549849505956
33.52419505425837,130.12548832732455
33.52419649497233,130.12547647156202
33.5241987207944,130.1254612838112
33.524204441381926,130.12544097262287
33.524213531729174,130.1254249682877
33.52421449490305,130.12542321730768
33.52424313471295,130.1253674971124
33.52425374761242,130.12534747100904
33.52426458624171,130.1253269134064
33.524282441381615,130.1253024122766
33.52430382905851,130.1252779767973
33.524330198080236,130.12525778162137
33.52436241359459,130.12523593978688
33.52439736034995,130.12522007844393
33.524407000182975,130.1252156681686
33.5244220539347,130.12520422789282
33.524426081098795,130.12520116660062
33.52443344115045,130.12518192020946
33.52443353198197,130.1251545781214
33.52444238670682,130.1251324116315
33.52444766662654,130.1251279770745
33.52445225226967,130.12512425388127
33.52446055930744,130.1251156680537
33.52447086463877,130.1251051100129
33.52447622459812,130.1250998831531
33.52447966720291,130.12508822344284
33.524482027023964,130.12507797656747
33.52448316196842,130.12507291788097
33.52448561262099,130.1250623346591
33.524488585779636,130.12504905257174
33.524494468245166,130.1250415819036
33.52451161292066,130.125041089075
33.52452927920291,130.12503994783538
33.52454338686783,130.12503591437599
33.52454961287441,130.1250344745614
33.52456986470753,130.12502963710813
33.524579613358526,130.12502963710813
33.52465733276972,130.12501778224487
33.52466722531227,130.12500269791622
33.524667945669194,130.1249999999501
33.52467161310449,130.12498574569565
33.52468594559997,130.1249571976166
33.524697161944516,130.1249531911369
33.524704495016465,130.12495430629622
33.52471377512069,130.12496605683816
33.524720054187185,130.1249882745892
33.52472536018729,130.12499997386976
33.52472582873406,130.1249999999501
33.524741973363405,130.1250013102623
33.524753694227684,130.125000116862
33.524753829125984,130.1249999999501
33.52477233267706,130.1249873276031
33.52478358589383,130.12497053186462
33.52480038702828,130.124924500965
33.52481758566307,130.12490763867663
33.52483519798602,130.1249001428274
33.52485177518935,130.12489780818737
33.524855639576174,130.1248969133619
33.52487282921777,130.12489267215915
33.52488558610099,130.1248845530797
33.524902972694065,130.12486747135677
33.52492525159914,130.12484561603242
33.52494582898686,130.12483635481397
33.52496880216853,130.12483119270541
33.52498005358666,130.12483128443625
33.524995306088556,130.1248321136112
33.52499999965033,130.12483233484443
33.52501010803013,130.12483280159256
33.52504066699322,130.12483444915063
33.52505925238262,130.12483457775363
33.52507053167972,130.12483522706418
33.525083721136866,130.12482647216405
33.525092027275264,130.1248143322157
33.52510333265275,130.12480680938677
33.525124359701465,130.12480917010714
33.52513705363219,130.12480805404857
33.52515569388021,130.12480291802035
33.52517227917741,130.124802970181
33.52518549471483,130.12479778199213
33.52519091942543,130.12478491629088
33.52519882896286,130.12475866418106
33.52520966669283,130.1247330613818
33.52522044057093,130.12471680883368
33.52523410756805,130.12471041465403
33.52524489223805,130.12470406004445
33.525250360116104,130.12468830122418
33.525259224733475,130.12467786009518
33.52527236023127,130.1246767827074
33.52532422503299,130.12467700394063
33.52533346826499,130.12468399527017
33.525337802097965,130.12468752331063
33.52534419807631,130.12468466886241
33.52534719821466,130.12467535728194
33.52534869378724,130.1246688848612
33.52535505379274,130.12466367059199
33.52536577461086,130.12466377401404
33.52538089221446,130.12467027161586
33.525392080680035,130.12468664107564
33.52539644059328,130.12469189401577
33.525407279222634,130.1246925289371
33.52542186532685,130.1246896888781
33.52546353181657,130.1246781712607
33.52548005416122,130.1246835024417
33.52548397340672,130.12468593960455
33.5254942247787,130.12468474710352
33.52549769436314,130.12467719819415
33.52550069360217,130.1246667192937
33.52549974841469,130.12464983092502
33.5254934135902,130.12463277618178
33.5254890806566,130.12461817119174
33.525483360069074,130.12458778220048
33.525487828800294,130.12455800294958
33.52550008116384,130.12454119282188
33.525506495128695,130.12453241184141
33.525504531908666,130.12452189427006
33.52549963959672,130.12451902723137
33.52549286500374,130.12451489034993
33.525489918824746,130.12450664086884
33.525492945942744,130.12449089463917
33.525505162333445,130.12448345005123
33.52552027903772,130.12448060999225
33.5255344946213,130.12447658912333
33.52555108081776,130.12447544698432
33.52556282866169,130.12447661520366
33.52557064017293,130.12448603110556
33.52556519837526,130.1245052271346
33.52556519837526,130.12451868998562
33.52557149542821,130.12452927410675
33.52558272076601,130.12452518758744
33.52558916171051,130.12451769083884
33.525592613308504,130.12450603112848
33.52559605411466,130.12449846962875
33.525602891660185,130.1244944226795
33.5256420544373,130.12448635486146
33.5256615859135,130.12449403417236
33.52566494578065,130.12450863826314
33.5256727213191,130.12451513586484
33.52568446826365,130.12451630408418
33.52569763973435,130.12451639401638
33.52574061293899,130.12452713372033
33.52575233290389,130.124550506201
33.52575661277751,130.12458092127258
33.52575110802729,130.12460949363333
33.52575164042594,130.12461769095376
33.525754531746315,130.12461883309277
33.52576182884536,130.12461769095376
33.525777558887285,130.12461138760557
33.52578535960669,130.12460496824474
33.52578735969894,130.1245945010354
33.52579516221704,130.1245916079164
33.525806919054105,130.12459280221606
33.52581563977998,130.1246033593576
33.52581705441361,130.12462433244707
33.52580022540013,130.12468155630881
33.52579044077629,130.1247013620782
33.52577182930651,130.12470888490714
33.52575080225779,130.12470466888544
33.52573677463249,130.12468297004307
33.52572938670187,130.12467355414128
33.52571574758372,130.12466949370219
33.5257084405921,130.12466827512083
33.525697666713995,130.12467344981997
33.52568880209657,130.12468280186988
33.5256834412379,130.1246914794283
33.52568244119175,130.12470202307998
33.52568822473182,130.12471661458017
33.52571155944099,130.12475296967386
33.52571789156747,130.12477916962303
33.52571572060407,130.1247941631202
33.52571486534879,130.12480019487316
33.525718279175294,130.12482352778363
33.52571866678312,130.1248265243247
33.52573327896772,130.12484177682666
33.52574494587259,130.12485761298854
33.525751694385235,130.12488272385872
33.525751694385235,130.12489328100014
33.52575258561336,130.12492997423897
33.525751494735744,130.12495688735055
33.52575141379674,130.12497144017993
33.525758747768066,130.1249884697421
33.52577091919261,130.1249978343826
33.525781640010734,130.1249990008033
33.52579589156721,130.124997885644
33.52580861337685,130.12499972835485
33.52580889216671,130.1249999999501
33.525815891590184,130.12500739327663
33.525819225377006,130.12502027156836
33.52582269406213,130.12502669272772
33.52583046780188,130.1250313620078
33.525839252379626,130.12502267185891
33.5258509462642,130.1249999999501
33.52585694564158,130.12498836632017
33.52587022503093,130.12497961142003
33.52587905367545,130.12497788562098
33.52588980237255,130.12498092083285
33.5258941083265,130.12498968922284
33.52590194591812,130.12499080438215
33.525911747629095,130.12499791172434
33.52591238704707,130.1249999999501
33.525915801772896,130.1250109986587
33.525916999669846,130.1250148639449
33.52591846826277,130.12503058409425
33.52591836034412,130.12504230855575
33.52591205429792,130.1250528018454
33.52589444107565,130.1250485858236
33.525884640263996,130.12505267234303
33.52587433313403,130.125061387673
33.52587430615438,130.12506955891308
33.52588605399825,130.1250760052535
33.5258973063157,130.12508364499433
33.52590161316897,130.12509416256557
33.52589719839705,130.12510756156473
33.5258854406606,130.12511627779406
33.525876639895046,130.1251203634141
33.52587313523708,130.1251349162435
33.52587746817068,130.12514897534504
33.5258871979359,130.12517408621522
33.52590800015412,130.125219299631
33.52591438713932,130.12523321663969
33.5259221977513,130.1252407781394
33.525922305669894,130.12524089505132
33.52594608104687,130.12526433228322
33.52595989193554,130.12527968910638
33.525980161755115,130.1253024122766
33.526015333341036,130.12531713417843
33.52603380181853,130.12533775563293
33.52603572097178,130.12534299598258
33.52603377483888,130.1253470042609
33.526021559347555,130.12535518809148
33.52601277476981,130.12536153011058
33.52600930608463,130.12536791169987
33.52601694582546,130.12541466925165
33.52601689186611,130.12544739288296
33.52601772104106,130.1254871078438
33.52601922470751,130.12550766544643
33.526020026902756,130.1255198053948
33.526022919122454,130.1255466933253
33.52603161286868,130.12557824873727
33.52603372087958,130.1255835277576
33.52604372134073,130.1256086116482
33.52607177479263,130.12567247700326
33.52607772110997,130.12568588769363
33.526077748089676,130.125690077635
33.52607810781848,130.12571505810354
33.5260712522865,130.12572674389423
33.52607010834885,130.12575700428238
33.526077865001525,130.12577985695486
33.52610419805035,130.12582083006737
33.52611191873012,130.1258425028293
33.52612602729437,130.1258613103513
33.526141161985095,130.12587299614188
33.52615038723064,130.12588678274892
33.52615530562292,130.12589406006293
33.526151801864216,130.12591099879364
33.52615958639586,130.12592674412406
33.52617269401469,130.12593211397598
33.52618341393344,130.12594503183777
33.526190747904764,130.12597185501716
33.52619127940409,130.12598444912305
33.52619255913936,130.1260098306892
33.52620466671203,130.1260408303201
33.52623091882191,130.12609591379544
33.526231945847655,130.12610083038908
33.52623949475691,130.1261357456682
33.526247252308906,130.12617185524698
33.52626127903483,130.12618108858646
33.526266801771555,130.1261847731089
33.5262809463087,130.12618014339898
33.52629525182448,130.12616274961124
33.52630644118938,130.12615403428129
33.5263152788271,130.12615286606194
33.52632846828425,130.126155862603
33.526330667126615,130.12616066138548
33.526335694336865,130.12617224375413
33.526342054342365,130.1261897535544
33.526337585611145,130.12622185485475
33.52631155923115,130.12625152978433
33.5262851083711,130.12627386534666
33.52625516184628,130.12629914439003
33.526245252216654,130.12631258116073
33.52624097324235,130.12631832692932
33.5262345862572,130.12633119263046
33.526233026832756,130.12635630440002
33.52622316216923,130.12636499364964
33.52621044125891,130.12636374808858
33.52618753192911,130.12634674370736
33.52617630569199,130.12634136216423
33.52616661279899,130.1263454468849
33.52616555879354,130.12636236133392
33.52616616223867,130.1263755768714
33.52616872080989,130.1264306999169
33.526169639916986,130.12645641962808
33.52617933280999,130.12647569389821
33.52621108067689,130.12648924758082
33.52622861296015,130.12649693858293
33.52623105372021,130.12651036276304
33.526226081368634,130.1265354988143
33.52620974788164,130.12659433156318
33.52621161307553,130.12661832727406
33.52622186534688,130.12663878055537
33.526251107702535,130.1266681056486
33.526278413817806,130.1266928019313
33.52629297294237,130.1267254985829
33.52629486511597,130.12674775590426
33.52629569429092,130.12676583677398
33.526284441074154,130.12678036262366
33.5262995316981,130.1267985208351
33.52632682882012,130.12681966299715
33.52634294557055,130.12684372166052
33.526341891565096,130.12686011720075
33.52633110779442,130.1268757204382
33.526321306083446,130.12688097337832
33.526309532159246,130.1268849681668
33.526306108440224,130.12689955876772
33.52630889184195,130.1269109208024
33.5263109458935,130.1269188851985
33.52631277511455,130.1269381450794
33.52630141397913,130.12698830116926
33.52630294642387,130.12699871621783
33.5263047207863,130.12701055759123
33.52631691919049,130.12703627820179
33.52634225219322,130.12706444856553
33.52634849528687,130.12708138819562
33.52635164021609,130.1270898571113
33.52635041444012,130.127120336934
33.52634964012384,130.1271387550496
33.526333640285316,130.1271734760751
33.52633099987577,130.12717930008466
33.52632455893132,130.12719907887447
33.52632449507945,130.1272187812218
33.52633508099922,130.1272484948222
33.52634666696514,130.12726827541064
33.526358305991096,130.12729294381438
33.52636508058407,130.1273072763098
33.526379865438514,130.1273717253249
33.52639944098149,130.12747639382053
33.526422864723486,130.1275880032838
33.52643649484838,130.1277186639852
33.52644410760951,130.12775002604292
33.5264425859566,130.12778955934073
33.526441468099335,130.12781044069936
33.52643700026738,130.1278418288374
33.52643874765016,130.1278993000127
33.52644869415195,130.12796433178858
33.526459054341956,130.12801600503462
33.526468775113926,130.12806435798382
33.52646946759188,130.1280756417775
33.526473829303825,130.12814277616826
33.526468413586485,130.12816888528585
33.5264591352809,130.1281945006757
33.52645605420361,130.12820302175214
33.52644530640583,130.12822800311994
33.526446161661056,130.12826053159836
33.52644838658381,130.1282959136256
33.52644344121188,130.12832083024216
33.52642608069914,130.12836795112014
33.52642380181703,130.12837418881782
33.52641974767329,130.1283869394058
33.526412946100606,130.12840844399454
33.52641391916711,130.12842930017212
33.52641616207626,130.12845544706124
33.52642686490793,130.12847461701006
33.526464107632535,130.1285299999596
33.526541134565775,130.12863430602852
33.52662835981101,130.12871719834004
33.52673616244397,130.12878910543293
33.52682161332683,130.12884992208626
33.52693377497377,130.12891319119092
33.52708763998265,130.12902252896663
33.52722455906621,130.1291189111089
33.52729838711093,130.12915477337413
33.52734466712275,130.1291573022678
33.52737530612552,130.12915389113925
33.527389413790445,130.1291499736924
33.52739922539399,130.12913427962337
33.52740461323236,130.12911569423397
33.52741449498302,130.1290873925692
33.52744238655697,130.12905202313243
33.527473108297386,130.12901274973865
33.52749608057968,130.12899486402182
33.52752530584826,130.12898455329457
33.52758277522497,130.1289754728399
33.52764377534004,130.12895603129584
33.52770233289641,130.1289104149837
33.52771841367388,130.12890369614877
33.52772794558825,130.1288997283399
33.52772946814048,130.128899052949
33.52773935978365,130.12889496822822
33.52777782918355,130.12887832717308
33.52783044132184,130.1288727495778
33.52785580220353,130.12886411158956
33.52787194593361,130.1288485596134
33.5279158022725,130.12881861218932
33.5279538651788,130.12880593984232
33.528012467701274,130.12879416322016
33.52802444127502,130.12879177731872
33.528032667373736,130.12879277556624
33.52810080181058,130.12880082989443
33.52815438701538,130.1288040602592
33.52818166705032,130.12879894941204
33.52820116165435,130.12878968909297
33.52822546763127,130.12878341092573
33.52828238662289,130.1287982488402
33.52832266725733,130.1288222832219
33.52832702717063,130.12883914371162
33.52832689227233,130.1288698312777
33.528316918790836,130.1289290273528
33.52833002730898,130.12894654974355
33.5283499194133,130.12895422815518
33.52836749486403,130.1289530608351
33.5283816672802,130.12894097304752
33.52838300007545,130.12893924814784
33.528399161791924,130.12891905297192
33.52840991858295,130.12892194609105
33.528420107901695,130.12893594044135
33.52843735959652,130.12896411170448
33.52844035973487,130.12896914431064
33.52846122490564,130.1289964720096
33.52847180183227,130.1290285598202
33.528467864600316,130.12904527911644
33.52845466704929,130.12905457810632
33.528436613159215,130.12906089494436
33.52842155940749,130.12906192017158
33.52841516163045,130.12907875458097
33.5284151346508,130.12909717269645
33.52841527944162,130.12910727568033
33.52842453166687,130.1291774974436
33.52842877466827,130.1292059663823
33.52844182922706,130.12922814456329
33.528450414155316,130.12926994775
33.528450027446866,130.1292896366075
33.52844953192039,130.12931094694272
33.52844810829362,130.12937739335212
33.52844861281329,130.12938491618104
33.52845133326247,130.12942333342016
33.52846091913614,130.12946510962718
33.52846513515789,130.12950350168535
33.528462612559565,130.1295400258516
33.528464802408735,130.12958481208943
33.52847146818374,130.1296236960768
33.528480134950314,130.1296615053742
33.528507081336784,130.12973649804098
33.52852161258238,130.1297760826002
33.528537386691085,130.129829637228
33.52854294629998,130.12991321662173
33.52854530612103,130.12993914407627
33.52854713534208,130.12995917017963
33.528548612928205,130.12997422842795
33.528550441249934,130.12999335880647
33.52855333257031,130.13000452658764
33.5285561078781,130.13001535712306
33.52856546802201,130.1300518938799
33.52856722529725,130.130058520984
33.52859280201625,130.13010736676165
33.5285957481953,130.13011250278987
33.52861719792537,130.1301509470087
33.52861994625357,130.13015574579106
33.52864761299702,130.13017852112193
33.52865058615566,130.1301810886864
33.52866255883009,130.13019138772245
33.52867419785599,130.13020591357213
33.52867808112859,130.1302203108188
33.528685306281886,130.13024661508928
33.528719198132535,130.13028053212088
33.528777467905854,130.13032666734193
33.5288075322419,130.13035466863312
33.52885346781335,130.13042688689143
33.52890033328379,130.1305240604371
33.52891146779007,130.13054505780826
33.52892794606788,130.13055499441748
33.528935306119536,130.13054975406794
33.52895286538251,130.1305329961009
33.52896497295518,130.13053836595293
33.52897225206783,130.1305476649428
33.52897563981395,130.13056561631026
33.52897069444202,130.13058072581987
33.52895358573943,130.13059866369747
33.528956414107256,130.1306143577665
33.528970440833234,130.13063530477552
33.52899658592378,130.13067380025575
33.52901341403788,130.13074824883267
33.52902777531165,130.13085069960016
33.529045440694574,130.1309689487581
33.529054774758094,130.13110311321816
33.52906472125994,130.13119710766046
33.529064892131146,130.13121927415023
33.52906858564677,130.13125713380975
33.52906989236169,130.13129005169458
33.52906819803894,130.13132011692994
33.5290550265683,130.13138269805313
33.529014972563004,130.13158613459245
33.52899741419935,130.13174457804985
33.52899369370408,130.13180360595175
33.528982864967304,130.1318660566733
33.52894925190651,130.13198622588368
33.52893653189551,130.13209968884962
33.52893633314528,130.1321893899285
33.528938531987706,130.13221822309254
33.52894446841253,130.13224075200912
33.52895038685091,130.13226394282674
33.52894658631595,130.13231169862604
33.528946559336305,130.1324125548956
33.528948748286155,130.13246778226244
33.5289496404136,130.13249069968606
33.528949558575334,130.1324935019736
33.52894894613701,130.13251846985156
33.52894922492686,130.13254861242854
33.52895449495401,130.1326039953782
33.52896458624673,130.13272072558107
33.528971973277976,130.13279600513158
33.528978828809954,130.13282080393697
33.5289857212141,130.1328399999661
33.529006027006574,130.13288060975242
33.52902194590615,130.13295345034157
33.5290222516756,130.13298238692767
33.52901719838508,130.133008495146
33.5289922520908,130.1330916338719
33.52895930632695,130.13317658922824
33.528947775219706,130.13321644628206
33.528943721075905,130.13324144024034
33.52893982881011,130.13328058413174
33.52891330600431,130.13333333296703
33.528904278609616,130.13335133559576
33.52887069432711,130.13347547261503
33.52886430644264,130.1335033066324
33.52886389185517,130.13352097291465
33.52886361306537,130.13353111456934
33.528865224650474,130.1335554223449
33.528871721352914,130.13358311337004
33.528867748148116,130.1336200782041
33.52885800039644,130.1336439686943
33.52884386485255,130.13365897478195
33.52882564009127,130.13369997397467
33.52881549483925,130.13373299618092
33.5288124947009,130.13376705620476
33.528812640391095,130.1337873017427
33.528812775289396,130.13379202318333
33.52881297314025,130.1337942795824
33.528814802361296,130.1338135277722
33.5288088020846,130.13383233529407
33.528806532195745,130.1338396629701
33.52880589187845,130.13384075204908
33.52879246769828,130.13386596634132
33.528730495416085,130.1339530611849
33.528697278956315,130.13401418900366
33.52869008078267,130.134066912658
33.52869141357792,130.13410263283026
33.52869546772172,130.13417883328657
33.52869372123831,130.13422233529263
33.52869016172161,130.13431097337275
33.52868822458197,130.1343434110197
33.52868272073101,130.13443302216626
33.528657640437814,130.13456085629855
33.52865963963069,130.13459871595808
33.52866430621282,130.13468630363002
33.52867286506074,130.13472403378717
33.52868486471476,130.13475092081842
33.52869966665634,130.13477832675846
33.52870086455329,130.13478208772324
33.52870305440251,130.13478905297245
33.528714775266735,130.1348269387123
33.52871663956131,130.134832969566
33.52871672139963,130.13483394263244
33.528723252276336,130.13490202310993
33.52873219783271,130.13497147865087
33.528766774966755,130.1350696369542
33.52878599977413,130.13512252878172
33.52883094609132,130.13520635458963
33.528847161767146,130.1352313881181
33.52887458569364,130.13525525342732
33.52887574761769,130.13525630383538
33.52889705435564,130.1352748379635
33.52892805398653,130.13529474715494
33.52896344140976,130.1353175620559
33.529010666609054,130.13536488977786
33.5290176399522,130.13539591369056
33.5290156128803,130.13542620015903
33.529004107853325,130.1354830606948
33.52900108073533,130.13552625243472
33.52900944083308,130.13562758804278
33.5290146667935,130.1357318554409
33.52901789176235,130.135765304825
33.52902533275295,130.13579795111457
33.529040278586024,130.13584763865765
33.52904500002677,130.13587625238722
33.52904761255735,130.1358921398105
33.52905197336992,130.13590814504494
33.52905233309872,130.13590944186728
33.52908364029781,130.13602538336477
33.529116197554515,130.13614608317528
33.529151468065834,130.1362765244421
33.52917738742656,130.13638394306463
33.52922035973188,130.13660194592308
33.52924433295965,130.136739611444
33.529252414267546,130.13677722378986
33.52926541396772,130.1368415819735
33.52926746801927,130.13691583719617
33.52926316206532,130.13694786025565
33.52926566667725,130.13696958517824
33.529281640435386,130.13702204892843
33.52930282936211,130.13706031058496
33.529393440554884,130.13721841769586
33.52948386468864,130.13731827481854
33.52958372091206,130.13744022019011
33.529671694393244,130.13755369574653
33.529726305724466,130.1376281973835
33.52974949474344,130.13767080366472
33.529783107804235,130.13776897455864
33.52978805407548,130.13784655007828
33.52977986484893,130.1379256679353
33.52974922494684,130.13800496835472
33.529745694208486,130.13802752335164
33.52974997318279,130.1380485863732
33.52976399990871,130.13807985670007
33.52978327867544,130.13811885939788
33.52981825241045,130.13817955913942
33.5298726667902,130.13826408641853
33.52991205439787,130.13831622641283
33.52996644089859,130.13836885923558
33.53000946806253,130.13839741900574
33.53007889212722,130.13843610873948
33.530107162315744,130.13845736691405
33.53014286540099,130.13849406015277
33.53017980235603,130.1385418033616
33.530223918599006,130.13861166000015
33.53023149538723,130.1386228916332
33.53027969365297,130.13869455321117
33.53028989196497,130.13870975355235
33.53042386486953,130.13886472113006
33.53052453228139,130.13893383942525
33.53058958564094,130.13899197070293
33.5306764952241,130.13904341102466
33.53069463994575,130.1390483006386
33.53070927911,130.13904975394303
33.530777386567195,130.13905652403946
33.53079422457387,130.1390657196073
33.53079697290201,130.1390738908475
33.53080930620456,130.13909530460467
33.53082172134543,130.13910527898554
33.53093186491367,130.13912552542274
33.53094463978334,130.13913260668448
33.53101572129856,130.13918917044396
33.531059973339154,130.1392137219358
33.5310673064111,130.13921771672426
33.531114108029726,130.13924427999962
33.53113980166057,130.13925878066823
33.531199441101364,130.13931557735202
33.53121427901584,130.1393236056
33.53123938718801,130.1393269133065
33.53124010844431,130.13932703021828
33.53125810837503,130.1393373931063
33.53126308072666,130.1393529441831
33.53126682910096,130.1393864978886
33.53126458619175,130.13939977997597
33.53126094573611,130.13942111459278
33.5312638019829,130.13943089472014
33.53126641361416,130.13943022022852
33.5312700270901,130.13942922198112
33.53128402683643,130.13941917025852
33.53128644061678,130.13941741927852
33.531295973430474,130.13941486430463
33.5313009188024,130.1394246947939
33.531317612917576,130.1394384436294
33.53133072143572,130.13944389082292
33.53134036036937,130.13944379999145
33.531351892375994,130.1394280798421
33.531359333366595,130.13942379996843
33.53136764040431,130.13942533061459
33.53137258577624,130.13943518808355
33.531376108420716,130.13945066091935
33.531373135262015,130.13948771658488
33.53137949526757,130.13950736677157
33.531382918986594,130.13950894867912
33.53139186544229,130.13950961058015
33.53139816159592,130.13952108862736
33.53139477474912,130.13952841810203
33.53139210825924,130.13953503171638
33.53139425224299,130.13954328119758
33.53140122468682,130.13954644591183
33.53141074760799,130.1395430221928
33.53141880193624,130.13952150501348
33.53142708109499,130.1395173276626
33.53146505406903,130.13953236072996
33.53148422491711,130.13952635505734
33.53150491921667,130.13953508387704
33.53150719809878,130.13955228341126
33.53150253241597,130.13956805392263
33.53151227926833,130.13958182883835
33.531523332835604,130.13959152982534
33.53155333331972,130.1396255772587
33.531609468102545,130.13967163423854
33.531630414212316,130.13970169857464
33.53164244084604,130.13973277644652
33.53168127896788,130.13976910456063
33.531702666644776,130.13977128361796
33.531746720834576,130.13978053224582
33.531772161755896,130.1397817769075
33.53178525228759,130.13978165999572
33.53178730633914,130.13977830102783
33.531788559094764,130.13976438401914
33.531788441283595,130.13975116668303
33.53179110777347,130.13974294418165
33.53180894582624,130.13974019495413
33.53182208132404,130.1397498572702
33.531836197982216,130.1397809468333
33.531834467686565,130.13982121937386
33.531834892166614,130.13985405991696
33.531843306223664,130.13987367143284
33.53184946837831,130.13987769140238
33.53186119823579,130.13987586308065
33.53186397264426,130.13987411210064
33.53186744132938,130.1398806357828
33.53186799980841,130.13993403392863
33.53187774756003,130.13995116691285
33.53190263989495,130.1399639426819
33.53191105395206,130.13997946767836
33.53191944102946,130.1399966150518
33.53193561263845,130.14002594014505
33.531942495150076,130.1400291048593
33.53194719770505,130.14001593968396
33.53194689193555,130.13998719825065
33.53195161337629,130.13997885883737
33.531967468424,130.13997697835498
33.53197441388812,130.1399900517995
33.531995531768416,130.14003247731705
33.53201894561789,130.14010522707463
33.53201877474669,130.14015863781094
33.53202644056785,130.14017406028472
33.53204580207216,130.14018119280786
33.532060972735735,130.14018588816828
33.532068748274185,130.14019980517696
33.53206353220628,130.14022946841533
33.532062891888984,130.14023927372352
33.532063134705936,130.1402614402134
33.532073081207784,130.1402916988029
33.53208127942753,130.14029163405178
33.532086721225255,130.1402849943571
33.532106386700434,130.14025844367234
33.532121532183,130.14025817117772
33.53212794614785,130.14027124462234
33.53212677523055,130.14029839155762
33.532124197773555,130.14031885922805
33.532124359651505,130.140327172561
33.532130494826504,130.14032946763086
33.53214635976673,130.14032930035694
33.53214986532407,130.140338300772
33.53214522482233,130.14035805438073
33.53213502740965,130.14037131038776
33.532127559439346,130.14037472061693
33.532120613075904,130.14037155590268
33.53211580170296,130.14036749726222
33.53210749466518,130.1403659657168
33.53210141434886,130.140375083943
33.53211649508023,130.14044136217922
33.532126359743756,130.14046011664118
33.53214708102303,130.1404713096033
33.53215410832547,130.14048274987908
33.532154414094975,130.14051644567746
33.53214297291993,130.14053961131413
33.53214330566908,130.14057652398742
33.53215049484953,130.1406125292449
33.53214610795658,130.1407202203619
33.53215230608413,130.14079489017206
33.53216869442974,130.1408439167135
33.53220227871225,130.14090172513454
33.532235414233014,130.14098666700113
33.53224400006059,130.1410169390805
33.53224416193859,130.14104000039572
33.53225325228584,130.14104807990498
33.53226289211881,130.14104961055114
33.532278053789184,130.14105094694366
33.53228633294793,130.14105905343263
33.532274080584386,130.14113972801613
33.53227849535631,130.14116766455618
33.532292279265334,130.14124299626735
33.532307000267906,130.14126985721816
33.53232502717833,130.14128357997333
33.532349828681674,130.14128732834763
33.53235272090137,130.14129880729422
33.532344162053505,130.14133916976698
33.53234374836535,130.14137038883246
33.532344027155204,130.14139752317726
33.5323366940832,130.1414189108541
33.53233305362755,130.1414414397707
33.532342494710406,130.1414618031198
33.5323554413506,130.14148374837634
33.53235941365608,130.14149717255657
33.532363892279875,130.14150691311363
33.53236977474535,130.14150922167335
33.5323844408893,130.14150435813963
33.53239272094737,130.14150255499897
33.53239564014672,130.14150832684788
33.53239872122407,130.14152282661723
33.53239516170737,130.1415549423068
33.5323831350737,130.14157671939017
33.53237491886745,130.14158788627196
33.532366333039874,130.14161241168347
33.532370225305726,130.14166491590322
33.53237053197455,130.14166666688322
33.53238569364487,130.14175216632952
33.53239799996777,130.1418067443858
33.53240025187017,130.1418470043359
33.53239469405992,130.14187795090675
33.53239055897717,130.14190717257804
33.53239264000837,130.1419205059267
33.532396134773876,130.14192916999525
33.532423693598616,130.14200406013936
33.532436775137114,130.14204299628727
33.53244572069349,130.1420603630953
33.53250719834858,130.14210788597018
33.532573080883026,130.14215891080516
33.532658612704836,130.14221555100698
33.532665306358865,130.1422192481199
33.53279210806937,130.14229066058556
33.53290199982746,130.1423377167123
33.53299777492742,130.14239233523813
33.533083027060115,130.14242561644915
33.53319822481825,130.1424719459236
33.53333333266721,130.1425278342922
33.53334722539421,130.14253358006079
33.533420864581274,130.1425692480724
33.53351394621171,130.14260007773146
33.53353208104073,130.1426144488978
33.53355716223331,130.14263108905357
33.53357233289688,130.1426320234492
33.5335981353457,130.14262055799247
33.533608802204526,130.1426128022391
33.5336258650417,130.1426160829659
33.53364361316227,130.14262583701282
33.533739774970684,130.14267408564058
33.533765161932706,130.14267963715554
33.53377255885658,130.1426794680831
33.53377930557053,130.142679389842
33.53379319829753,130.14269152979034
33.533808413927204,130.14270116692535
33.53381516243985,130.1427011147647
33.53382102691893,130.14269869019245
33.533825973190176,130.14269917043043
33.533830333103424,130.14270321737968
33.533841694238845,130.14271418910857
33.53385097344375,130.14271583666664
33.533862667328265,130.14271044073428
33.53386894639482,130.14270564195192
33.5338804945892,130.1426821660492
33.53389066682087,130.14267678270744
33.533904919276665,130.14267891140275
33.53395835969059,130.14270325605048
33.53398325202551,130.1427040861247
33.53400372059531,130.1427038909718
33.53402769382308,130.14269944202567
33.534049532060294,130.142691051351
33.53405977533839,130.14268394310955
33.53418397261231,130.1425464196816
33.5342463603813,130.14248141398616
33.53425455860105,130.14246616058495
33.53425444078988,130.14244988285589
33.534251748219674,130.1424265499454
33.53425405408137,130.1424101687943
33.5342607207557,130.14239491629246
33.5342694136026,130.14238666681126
33.534276774553575,130.14238433217122
33.53429041367173,130.14238644557804
33.534301945678294,130.14240905273562
33.534313694421485,130.1424146429215
33.53432141420194,130.14241046736925
33.53432966728036,130.14240405969963
33.53433505421941,130.14240097322636
33.534346251678244,130.14240321703494
33.534360026594015,130.1424128919415
33.53437438696841,130.14243019489766
33.534393494863934,130.14244216577345
33.5344038019939,130.14244616056192
33.534407224813606,130.14244613538085
33.5344086403465,130.1424384695598
33.53440410776341,130.1424246433827
33.534398612905704,130.14239658903148
33.53439691858296,130.14238797712346
33.53439041378664,130.1423740601149
33.53438019838751,130.14236717310666
33.534365414432386,130.1423580288
33.53436038722214,130.14234700401107
33.53435880171736,130.1423278601427
33.53435863983941,130.1423167831931
33.53435744104314,130.14228814518185
33.53436069389096,130.14227474708196
33.534367467584616,130.14226294437947
33.53437758585693,130.1422512190186
33.534384359550586,130.1422400521368
33.53439782869691,130.14222175093312
33.5344046671417,130.14221878137175
33.53441497337235,130.1422227500799
33.534480532150894,130.14228766494386
33.53449046786085,130.14230513607322
33.534496495117196,130.14232832689083
33.53449582871957,130.14236386540017
33.5344892249978,130.14238319093158
33.53448382906549,130.1423891696245
33.5344736667264,130.14239216616556
33.534454081290846,130.14238958511135
33.53442958555701,130.1423805577166
33.534419306306006,130.1423801170488
33.53441938724495,130.14239111485813
33.53443722529778,130.14246608324322
33.534486640346245,130.14258552490207
33.53453013515764,130.14264333332324
33.534537559061164,130.14264724987072
33.53455702668549,130.1426435023958
33.53457761306646,130.14264966275175
33.53458697321031,130.1426606605611
33.53459897286433,130.14268788573736
33.53460008082914,130.14270422821767
33.53460122476679,130.14272457807692
33.53460380222373,130.14273444903563
33.53461313538793,130.14274243771342
33.53462102693891,130.14274644599175
33.534625946230506,130.14275338516063
33.53462944099596,130.1427638002093
33.534630531873574,130.14277780804946
33.53463155889938,130.1427813360898
33.534638414431356,130.142784721138
33.5346486936823,130.1427822444051
33.534660359687905,130.142776304383
33.534672108431096,130.14277846995049
33.534679026915626,130.1427911926595
33.534699080897894,130.14284861167414
33.53470282927219,130.14288182903329
33.53469727865655,130.14291396900455
33.53469982913384,130.14292795076437
33.534715586155414,130.14293997380082
33.53473910792354,130.14295189431448
33.53474213504154,130.14295885866443
33.534775586224384,130.14303542244681
33.534798467675216,130.1430869778818
33.534808801784834,130.14309374797813
33.53482497339388,130.1430964981049
33.53484699958943,130.14310143987962
33.53486666686325,130.14311632905537
33.534872613180596,130.14312736733416
33.53487961260407,130.1431488332521
33.5348809462987,130.14318433219125
33.53487613492575,130.14324802937313
33.53487308082805,130.14328649787365
33.534864000373375,130.1433554731766
33.53486266667875,130.14342603128637
33.534858531596,130.1435047732267
33.5348635318266,130.1435221661152
33.53487925197595,130.14352900096264
33.53489341360023,130.14352994794876
33.53490280162305,130.14354503227753
33.534908918811595,130.14356530479506
33.53490763997564,130.14359041476587
33.53490253182645,130.1436201688358
33.53489669432702,130.14362377421787
33.534888918788624,130.14362214014966
33.53488313524855,130.14363155605156
33.5348797753814,130.14364386507236
33.534874946022,130.14364972775275
33.53487510789995,130.1436608298834
33.5348732786789,130.14367999983222
33.534867585970346,130.1436912449551
33.53486619831648,130.14370053225377
33.53489772135282,130.14373455270754
33.534910161674645,130.14376177698443
33.53491294597575,130.14379557710424
33.534914892108645,130.14384389138252
33.534914278771,130.14393778240276
33.534907026637995,130.14399674375477
33.534911667139795,130.14403169860407
33.5349123326381,130.14404978037317
33.53490374770985,130.14407031099609
33.53489116169783,130.14407625191757
33.53488633323775,130.14408394291968
33.5348820812431,130.14410552485015
33.534885693819774,130.14412014333004
33.53489891924977,130.14418169922612
33.53490508140442,130.14426377405402
33.53491230565845,130.14430333343216
33.53492077457412,130.1443318941017
33.53493027860952,130.14434686061918
33.53494002726052,130.14434966290673
33.534949305566045,130.14434958466563
33.53495858567027,130.1443459397134
33.534968828948365,130.14434399537913
33.53500541426848,130.1443382747916
33.53501277521946,130.14434639387105
33.53501200000386,130.14436447474077
33.53500274777866,130.1443727503023
33.534986891831636,130.14439744478636
33.534957919272586,130.1444876386936
33.534947225434166,130.1445425548951
33.534910748032644,130.1447202195626
33.534883639768225,130.14479994805924
33.534870586108696,130.14486941619066
33.5348666938429,130.14497269793173
33.53486961304225,130.14503072578748
33.534875251791505,130.1450873929689
33.53487816199765,130.1451199996883
33.534884162274295,130.14513941605128
33.5348892524371,130.1451576650942
33.53488958608557,130.1451811409969
33.53488330611975,130.14521114058175
33.53486977492025,130.145237223619
33.534847135387054,130.1452594944302
33.53484382857988,130.14526708201026
33.534844000350404,130.14527858613792
33.53484646809011,130.14528427974574
33.53484913457993,130.1453025548691
33.53484797265588,130.14531805378522
33.53484261269648,130.14534858576872
33.53484058562458,130.14537099867266
33.53484355878328,130.14538066098874
33.53484944124875,130.1453845784356
33.534854667209174,130.14538680875432
33.53485769432717,130.14539367058148
33.53485930591228,130.14540333289756
33.53484658590128,130.14545577236606
33.53484466674803,130.1454891695896
33.53483902709945,130.14549849465982
33.53483238740483,130.1455014786104
33.53482430609688,130.14550564157219
33.534819585555454,130.14551547296082
33.534814026845936,130.14555752256172
33.53480546799801,130.14560014323206
33.534800865267755,130.14574197081538
33.534796440603316,130.14576678311062
33.53478897263301,130.14578299608843
33.534775694143036,130.1457913364011
33.53476186526791,130.14579844374327
33.534753801946465,130.1458067193047
33.53473077480544,130.14584041510318
33.53472386531416,130.14586075237185
33.53472330593587,130.14588313919558
33.534726973371164,130.14590486411828
33.53474089217849,130.1459734113439
33.534752945791865,130.1460121658289
33.534763386920815,130.1460355248197
33.53477830577424,130.14606564221572
33.53478430605094,130.1460861350671
33.53478449490859,130.14609992167414
33.534782081128185,130.14613147888474
33.534778559383085,130.14615403388166
33.53478463969941,130.14617396915344
33.53479161304256,130.14619038897536
33.53479986522166,130.14619827513036
33.53481055906008,130.14620666670442
33.53482477464371,130.1462293637942
33.534833945929904,130.14626360638044
33.534845081335504,130.1462713621337
33.53485233256913,130.14627581107993
33.5348696670016,130.14627780757485
33.53488466679397,130.14628433215626
33.53489830591212,130.1463006611467
33.5349089997506,130.14630972811153
33.53492408138129,130.1463231388019
33.53492899977357,130.1463327759369
33.53492916165152,130.14634483764416
33.53492599963522,130.1463534756325
33.53491474821709,130.14637155560285
33.53491580222254,130.14637844440972
33.53492158576262,130.14638228271622
33.53493546769772,130.14638255521083
33.534941252137116,130.14638358043794
33.53496574787101,130.14641639400145
33.53499738691994,130.14644386469263
33.535047278609056,130.14647383909642
33.5350808646902,130.14650527939523
33.53510522462648,130.14653228333827
33.535148053939565,130.14657383921133
33.535166134809344,130.14659530512927
33.535169946136136,130.1466245528809
33.53516597293134,130.14664752336455
33.535158558920386,130.1466695585533
33.53515164043591,130.14668749733016
33.53515277538031,130.1466971731361
33.53515772075224,130.14670800277213
33.53519363967479,130.14673769119156
33.53522272105181,130.1467599997742
33.535230694441054,130.1467782488172
33.53523808057304,130.1467901171702
33.53524922497178,130.14679561562525
33.535260774964854,130.14679936399955
33.5352762792769,130.146809974201
33.535278747915925,130.14681620020758
33.53527908066508,130.1468380537333
33.53527161269483,130.14685202290264
33.53526597304625,130.146858974662
33.53526036037738,130.14686708205022
33.53524872135148,130.14689260660862
33.53523230602616,130.14691992171709
33.535220225433136,130.14694372227507
33.53521686466661,130.1469672242581
33.53521480162186,130.14696852108045
33.53521516224998,130.1469954467825
33.53521230600319,130.14702542208568
33.53520691906414,130.1470547471789
33.53519253171004,130.1470871983156
33.53516902702904,130.14711863771504
33.53514499984192,130.14715111493206
33.53514310766832,130.14715367080532
33.535135225110594,130.14717044136285
33.53513525209024,130.1471745269829
33.53512753230984,130.1472044231457
33.53512582899384,130.14722230886252
33.535126161742994,130.14724577217476
33.535130080988495,130.14726165959803
33.53513182927054,130.14726866441742
33.53516402679844,130.14733518816843
33.53520764032038,130.1473979770351
33.53527894576678,130.1474842795759
33.53533244103937,130.1475280028152
33.53546580240493,130.14762219241027
33.53553202668172,130.14765641970803
33.5356961349687,130.14772241195976
33.53575122473927,130.14774824858284
33.53578361292347,130.14776389139058
33.535787495296745,130.1477653572855
33.53580325231832,130.14776099917083
33.535809440553294,130.14775447458942
33.53581102695739,130.1477497279676
33.535812613361486,130.14774464320078
33.53581413501439,130.1477170555977
33.53582430634674,130.14768822333292
33.53582991901561,130.14767944235246
33.535843639972086,130.14766769091125
33.535872775308405,130.1476556678748
33.53589225192593,130.1476443840811
33.53589797341277,130.14763561569123
33.535903468270476,130.1476233849113
33.535911494719755,130.14761061004174
33.53592233334905,130.1476007004121
33.535936162224175,130.14759238707904
33.535946694184645,130.14758924844512
33.535955801619025,130.14759024579325
33.5359582522716,130.14759182860007
33.535959279297344,130.1475952792988
33.53595380242609,130.147614383597
33.53595586457152,130.14762406030218
33.535963559170966,130.14762625195
33.53596641361912,130.14762555137816
33.53598077489289,130.14759085643288
33.53598510782649,130.14758900113156
33.53599510828769,130.14758769081936
33.53600433263392,130.14759374775338
33.53600838677767,130.14760630408773
33.536010440829216,130.14761717329395
33.53600027938944,130.14764494166081
33.535993639694766,130.1476508043412
33.535976612830495,130.14766616116447
33.53597446794737,130.14768102515927
33.53597482857555,130.1477068869633
33.535983945902444,130.14770841760946
33.535989694368936,130.147704889569
33.53601319815061,130.14767625155787
33.53602544062164,130.14765824892913
33.53603363974071,130.14765805377624
33.53604277505406,130.1476606609108
33.536043359613416,130.1476670299096
33.536041197643215,130.14768252882573
33.536029027117934,130.14770924768368
33.53601908061614,130.14771635502586
33.53601341398792,130.14772050629642
33.53601202723331,130.14772846979315
33.53601074839736,130.14774000000102
33.53600658633496,130.1477492998904
33.535999053613466,130.1477534763419
33.53599419817374,130.14775469492326
33.5359852247384,130.14776469538447
33.53598308075465,130.14777849458187
33.53598280196479,130.14779228298755
33.53599008107744,130.14780019522289
33.536005999976965,130.1478066928247
33.53602822492269,130.14781489014513
33.53603763992521,130.1478336446071
33.53604116167031,130.14784844385065
33.53603280157256,130.14786522699865
33.53602477512334,130.1478780027677
33.53602019757409,130.14789302234522
33.53602294590229,130.14791313928004
33.53602544062164,130.14791988329603
33.536035693792314,130.14793238657046
33.53605453189118,130.1479416603794
33.53605946826991,130.14795250260602
33.53605961306073,130.14796163432197
33.536055585896634,130.14797730231066
33.53605766692783,130.14799094682485
33.53606602702558,130.14800291770052
33.53607374770536,130.14800844403453
33.53609497260493,130.14801664135496
33.536098468269756,130.14802403378224
33.5360909733198,130.1480368086519
33.53608391903771,130.14804786042043
33.53608322476106,130.14806272441524
33.53608933295641,130.14808613466744
33.536097198427,130.14810263273034
33.53611566690455,130.14811494175126
33.5361272249915,130.1481170038967
33.53613866706587,130.14811557667258
33.536177801964016,130.1481021659822
33.53622674756639,130.1480999743344
33.53623597281194,130.14810269838085
33.536245225037135,130.1481121664434
33.536246865400585,130.14812542155107
33.536244000160536,130.14813233463963
33.53622225185546,130.14815233466254
33.53621519757337,130.14816338463254
33.53621866715781,130.14817133643805
33.53622789240336,130.14817403440418
33.536250027416884,130.14818038901376
33.53626997258124,130.14819786014323
33.536298865100605,130.14823966332983
33.53631389187268,130.14825199663244
33.53632789161895,130.14825455340497
33.536340440758806,130.1482583008799
33.536353026770826,130.14826605663325
33.5363711346202,130.14828924835024
33.53639086484657,130.14832447479478
33.53640427913422,130.14835975429924
33.536403693675595,130.14838150530227
33.53640282942706,130.14838841839082
33.53639477509887,130.14839442316418
33.536383225105794,130.14839571998652
33.53637416173825,130.1483999998602
33.53636710835542,130.14841105072946
33.536367387145276,130.1484259138249
33.536385252177695,130.1484646170485
33.53639561326702,130.14851661494993
33.53639705398092,130.1485188587584
33.53639969439041,130.14851883267806
33.53640138691452,130.14851880659774
33.53640661287494,130.14851518772582
33.5364163597273,130.14849153016007
33.53642110814769,130.14848858577966
33.53642633320874,130.14848841760647
33.53642925240814,130.1484935536347
33.53643038735254,130.14850033722087
33.53642325213144,130.14853613473485
33.53641391896724,130.14855807999152
33.536412224644494,130.14857189357804
33.5364123055835,130.14857286574522
33.536413414447566,130.14858739339354
33.53641464022354,130.14863732825017
33.536418081029694,130.14867627788794
33.53642272063212,130.14869744523094
33.53643538668382,130.1487149676217
33.53644441407852,130.14876871560375
33.53644663990059,130.14879163392686
33.53645341359419,130.1487954470523
33.536462973387586,130.14879416282042
33.53646482868896,130.1487900520193
33.53646927943373,130.14876535663598
33.53647591912841,130.1487600002739
33.536481693675285,130.14876221800205
33.53648572083938,130.14877306112794
33.536479639623735,130.14881961093636
33.536466135403884,130.14884797735237
33.53645946783024,130.14884933892597
33.53645369418268,130.14884710770787
33.536448747911436,130.14883747057286
33.536443387052714,130.14883075173782
33.53643619787226,130.14883199729888
33.536432891964466,130.14883839237802
33.536433999929216,130.14894744506864
33.53643822494416,130.149036226141
33.536437386776015,130.14911258128063
33.53643527876517,130.14913335921722
33.53642894573932,130.1491558368724
33.53641544062015,130.14918481212942
33.53640235998097,130.14921208766782
33.536395919036465,130.14922883304428
33.53639708096057,130.1492425809804
33.53640161264434,130.14925741889488
33.53642010810154,130.14927425420353
33.536425054372785,130.14928732764815
33.53642689168777,130.14931486398984
33.536422865422935,130.149332775787
33.53640938728347,130.1493657458326
33.536400585618594,130.14938661460064
33.53639727881142,130.14940063593065
33.53639061303642,130.1494280535619
33.53639089182627,130.1494442278689
33.536395919036465,130.14949111492308
33.53640930634447,130.14956700421396
33.53643858557234,130.14968072618467
33.536443360073065,130.14971814517628
33.53644355882324,130.14973255501343
33.53644602656294,130.14973824862136
33.53644991882874,130.14974058416067
33.53645180200908,130.14973992225964
33.53645938689124,130.1497300522002
33.53646699965236,130.1497212451394
33.536473305698564,130.14971946807907
33.536479081144705,130.14971929990588
33.536483972557335,130.14972321735263
33.53649122469034,130.14976936426478
33.536491414447255,130.14978603140025
33.53649525185443,130.1497900001085
33.53649866658026,130.14978941644847
33.536505864753906,130.1497858110664
33.536513080914006,130.1497862517342
33.53651997331815,130.14979372240248
33.53652538723691,130.14980627783757
33.53653453244277,130.14985228265675
33.53653182908067,130.14986499367456
33.53652669395183,130.14987839177445
33.53652389166433,130.1498911405638
33.5365240544416,130.14990319057983
33.536526613012825,130.1499199476475
33.53655769358272,130.14999999990016
33.536567828942225,130.15002603077676
33.536574440757875,130.15005591434908
33.536579558799644,130.15008180313282
33.536578225105075,130.1500945267411
33.53657161328937,130.150106640609
33.53653308093698,130.15015513565106
33.536528387375256,130.1501668349315
33.53652802674708,130.15017953335882
33.536528640084725,130.1501903890753
33.53653027864948,130.15020255510387
33.5365376665801,130.1502179766784
33.536544495132375,130.15022878113336
33.536555224943754,130.15023847042914
33.5365872785801,130.15025992195785
33.536596108123945,130.1502736060421
33.53660653216576,130.15029364473594
33.53661197306417,130.15031027230134
33.53663291917394,130.15036530541454
33.53663853184281,130.1503975622977
33.53663730606689,130.15041596602407
33.536633467760396,130.15042247711574
33.536618747657144,130.15044511035364
33.53661646787572,130.1504555766636
33.536616693605595,130.1504711933909
33.53662063983069,130.15048150501752
33.53662408063684,130.1504871734444
33.53668227936373,130.15055778191618
33.53669255861473,130.15056919611152
33.53669833316161,130.15057138775944
33.536703667040626,130.1505706997781
33.53670886512208,130.15056719781796
33.53671316208283,130.15056252943725
33.53671980177751,130.15054566804815
33.536726802100304,130.1505277166808
33.53673353172718,130.15052302221977
33.536739306274,130.15052286573768
33.53674708091313,130.15052569410557
33.536752892332174,130.15053133555273
33.53675489242437,130.15053306135178
33.53676530567435,130.1505657723925
33.536774135218195,130.15058175064735
33.53679525219917,130.15060856033688
33.53680266710944,130.1506268867215
33.536803918965745,130.1506476646581
33.536802586170495,130.1506649936946
33.536807080982044,130.15067703022078
33.53681200027364,130.15068505756938
33.53681694564557,130.1506946947045
33.536818414238496,130.1507016599537
33.53681727929404,130.1507298833775
33.53682235956427,130.150750636133
33.53682672127621,130.1507557460809
33.53683653198044,130.1507630872468
33.53684666733989,130.15077094732146
33.536848721391436,130.1507790007504
33.53684930595074,130.1507860046704
33.53684558635479,130.15079639363876
33.53684008070519,130.15082250275634
33.536836054440414,130.15085243758995
33.53683141393867,130.15087102477798
33.536826667316916,130.15087805387918
33.536816162336095,130.15088625209887
33.53679741416937,130.15089632900242
33.536759026607854,130.15091544679046
33.53674469411237,130.1509265498205
33.536735666717675,130.15093775627247
33.53673197320205,130.15095338469098
33.536730613427096,130.15096427997764
33.5367392523147,130.1510409732624
33.5367434143771,130.15106966343433
33.53674838672873,130.1510863035901
33.53675130592808,130.15109092070952
33.53675863989935,130.1510942796773
33.536764865006546,130.1510947473248
33.53677072139175,130.15109577165265
33.536782278579324,130.15109674381972
33.53679094624522,130.15109783379808
33.53680016159825,130.1511022827442
33.53680564026814,130.15110963739994
33.53680902711494,130.15112061002822
33.5368092519455,130.15113846966472
33.53680399990475,130.15118761311794
33.53679838723582,130.15119800298555
33.536772135126,130.15122269836888
33.536750054071774,130.1512380030315
33.53674099969743,130.15124399521426
33.53673572067703,130.15125094697373
33.53673055856848,130.15125907864365
33.53672733270031,130.15127535727197
33.53671989170971,130.15134810613029
33.53671616222118,130.15139552468383
33.53671772074625,130.15141447519795
33.53672033327683,130.15142593975543
33.53672530562841,130.1514391436017
33.53673802743805,130.15145452740455
33.536816162336095,130.15150297028595
33.53682541366197,130.15151083036062
33.53682986530612,130.15151596638884
33.536833414030866,130.15153444925545
33.536834945576345,130.15158569442428
33.536837945714694,130.15163992174507
33.53684822496564,130.15169396920135
33.53686546766727,130.1518165503935
33.53687480173079,130.1518741627625
33.536874972601936,130.15188569386976
33.53687169367379,130.15189725015807
33.53686355930586,130.15190658871813
33.53685597262506,130.15191763868813
33.53684086491404,130.15194727584617
33.53682869438876,130.1519763554245
33.53682549460092,130.15199491563294
33.53682282901042,130.15201399475018
33.53682110770802,130.15203824856633
33.536824775143316,130.15206072622163
33.536832198147465,130.1520795850049
33.536864667270606,130.15213213958668
33.536872494969714,130.152144112261
33.536879748002036,130.15215041470992
33.53688797320143,130.15215367115502
33.53689861308061,130.1521540857425
33.53690249455451,130.15215405966217
33.536910666693984,130.15214936430175
33.53692072111443,130.15214277586847
33.53692835995588,130.15213927390846
33.536930801615256,130.15213861200743
33.53693469388105,130.15214147904612
33.536934720860756,130.15214717265394
33.536943224850006,130.15221461731085
33.53694655863683,130.1522532171124
33.536945305881204,130.1522711154197
33.53694686530565,130.15228433185655
33.5369513601172,130.15229980469235
33.53696161328787,130.15230883298636
33.53697136014023,130.15232080386204
33.536975360324675,130.1523271081096
33.5369768918701,130.15234099903796
33.53697591880365,130.15238072569002
33.5369761076613,130.15239805382714
33.53697677495825,130.15241538286364
33.53697789191625,130.15243089526962
33.536987720606874,130.15244693917498
33.53700144066403,130.15246114126876
33.53700827910882,130.1524743064441
33.537011414145525,130.15249613478886
33.537012612941794,130.15251228301554
33.53701125226752,130.15252328082477
33.53700563959865,130.15253666723345
33.53699794589852,130.15254547339498
33.536986054163094,130.15255827524425
33.53696741391508,130.15257418874785
33.53694141361541,130.15259856037528
33.53692597315518,130.15261927356073
33.53691902679168,130.1526317246744
33.53691555900588,130.15265080379163
33.53691553202623,130.15267333270822
33.5369194683588,130.15270902680027
33.53691694576048,130.15272508419537
33.53691194642926,130.1527417252505
33.53690197294776,130.1527743319699
33.53689697271716,130.15279569356642
33.53689449508494,130.15281533116263
33.53689297343203,130.1528950317803
33.53689291857336,130.15292763939908
33.53689741428428,130.15295202271773
33.53691430625031,130.15300968904603
33.536935225380375,130.15306075165245
33.53695810773053,130.1531012193459
33.536978559213196,130.15314752274003
33.53699897292432,130.15318316467142
33.53700489226202,130.15320399476866
33.53700991857295,130.15322658933565
33.53703025224439,130.1533133586247
33.53704569360394,130.15336683501152
33.53705961331053,130.15341202324635
33.53706861282626,130.15343756219386
33.53707653225621,130.153446523938
33.537082585592884,130.15344830099832
33.53708753186413,130.1534477173384
33.537095999880535,130.15344538269835
33.53710446789694,130.15344530535663
33.53711097269331,130.15344888465836
33.537114918918405,130.1534572501521
33.53711691901066,130.15347263305569
33.53711094571361,130.15349583736304
33.53711041421428,130.1535100520473
33.53710936020883,130.15352847016288
33.53711738665811,130.15357016902817
33.53712527910841,130.15361230856126
33.53712530608806,130.15363252891814
33.5371227753958,130.1536432173607
33.53711080182211,130.1536609987561
33.53710238686574,130.15366871583865
33.53709241428356,130.1536741117709
33.537051468150764,130.1536995850679
33.537027585754515,130.15371143993104
33.53701755921304,130.15372155640478
33.53701058586989,130.15373399492796
33.537006639644744,130.1537500784035
33.537004612572844,130.1537827237937
33.537005531679995,130.15379822270984
33.537007585731544,130.15380949391306
33.5370194945541,130.1538368611823
33.53703491882652,130.15386297029988
33.53705882910174,130.15389213981052
33.5371261082833,130.15394627809837
33.53723969355707,130.15403422819713
33.53727710805214,130.15406216563645
33.53731938698019,130.1540890014063
33.53739266733777,130.15413481197209
33.537427559234516,130.15414910489733
33.53745844105424,130.15415450082958
33.537589531631625,130.1541794938886
33.537655306247416,130.15419856041524
33.53768519791362,130.1542087155599
33.537711135260736,130.1542158876532
33.53773508060954,130.1542260050262
33.53777038709376,130.15424686120377
33.537802775277896,130.15427593988284
33.53782422500802,130.1542968347312
33.53783269392375,130.15431224371514
33.53784863980292,130.1543473019865
33.537857613238316,130.1543817765978
33.537862531630594,130.15441383922735
33.53786408116247,130.15444297006707
33.537858494573925,130.15447330689767
33.537887693762116,130.15448610874694
33.53791738667809,130.15449914442001
33.53793080186506,130.15448635516123
33.537947225284256,130.15447102531766
33.537971197612706,130.15445669282212
33.53803144139795,130.15443564239104
33.53806799973847,130.15442666715705
33.53811874758219,130.1544130613138
33.53814964019381,130.15440608257472
33.53815108090771,130.1544057201479
33.53818549526443,130.15440238726046
33.53823158641865,130.1544039691679
33.53828722477567,130.15440505824688
33.53836846773066,130.15440771664282
33.53845399955247,130.15441291832155
33.538576613120256,130.15443830078698
33.53863410767798,130.15444603135927
33.53870477460572,130.15445805439572
33.53877061307338,130.15447216565804
33.5388216666866,130.15448693882126
33.5388733866975,130.15449613528847
33.53895364039823,130.15451021957108
33.53902580199923,130.15451671897142
33.53909802655272,130.15453024567432
33.53916182895529,130.15455277638955
33.53920391902568,130.1545589106653
33.53926391909465,130.1545679119796
33.53935127923819,130.15457730180106
33.53944555876558,130.15458844440127
33.53949561323202,130.15460204934516
33.53953858643666,130.15461155607852
33.53957816200261,130.15460900110463
33.53962116218696,130.15460783378455
33.53969186508755,130.154623839019
33.53971833303467,130.15462994811367
33.53976899993944,130.1546428021237
33.53979580243441,130.15464661524913
33.53982553222261,130.15464311328913
33.539866892043506,130.15463644571548
33.53991522520755,130.1546385861019
33.54001072061834,130.15465530539814
33.540097999822876,130.15466725019348
33.54020313506669,130.1546817508622
33.54024830621444,130.15469294382433
33.540254945909055,130.15470243796722
33.54026291929836,130.15470980521343
33.540278640347026,130.1547119204189
33.540315892064825,130.15471444931245
33.54036649511772,130.15471839194026
33.54042244104289,130.1547239686363
33.540493440719786,130.15473199688427
33.54053053235822,130.15473466877006
33.540563532081364,130.15473486392284
33.54061361262819,130.15474007819216
33.54066430561329,130.1547443319854
33.540719225411976,130.1547444488973
33.54078291899657,130.15474844368578
33.54084435977944,130.15475603126595
33.54089377482791,130.1547586896619
33.54094022481155,130.15476997435485
33.540963027122075,130.15477136200877
33.54097616172055,130.15476810556368
33.54100653182604,130.15476566840096
33.541045494953664,130.15476527899455
33.54107749463071,130.15476530507487
33.541116721259755,130.1547648122463
33.54115894622845,130.15477097260236
33.5411991081524,130.15477583703534
33.54123702716714,130.1547829182971
33.54128277478026,130.15478644633754
33.541321333213034,130.15478316471138
33.541374802405244,130.1547821143032
33.54143230595622,130.15478163406522
33.54148146829516,130.1547817248968
33.54153763995015,130.15478147938188
33.5415951623869,130.1547813615706
33.54165619757549,130.1547816079849
33.54166666658347,130.15478121857848
33.54170846797149,130.1547796105906
33.541768414081105,130.1547780538641
33.54182389235882,130.15477741894279
33.54188072141824,130.15477189440742
33.54195858562031,130.15476619990022
33.54202761308392,130.15475968880867
33.54207946799312,130.15474919641838
33.54211349474207,130.15473830113172
33.54217055942382,130.15472569443534
33.54221766681195,130.15471608338066
33.542258720863344,130.15471019461984
33.54231746817669,130.154703358873
33.54237894583173,130.15469836583702
33.54243333323177,130.15468975392912
33.54249072077022,130.15468403424086
33.54254410812416,130.154672632636
33.542598919104876,130.15465778213104
33.54264513526482,130.15463847008937
33.54267874832561,130.15462308718577
33.542716107962065,130.15459869037727
33.542743441056984,130.15457700412549
33.54275677530501,130.15455963731745
33.54276544117221,130.15452144041217
33.542778386913085,130.15447697793024
33.542793224827506,130.15439313863249
33.542792973017356,130.15436700433384
33.542791829079704,130.15433469529
33.54278491868911,130.15431194603957
33.54278469385861,130.1542898568914
33.542784999628054,130.15426994769996
33.542782585847704,130.15424530537655
33.54277194596858,130.15422216582033
33.542758612619934,130.15420722358454
33.54275580223856,130.15419593979084
33.54275622491991,130.1541755773411
33.54277197294823,130.1541599219429
33.5427925593292,130.15413591364154
33.54281080207693,130.1541139953647
33.54282208137403,130.1540899735735
33.54282410844593,130.1540687549691
33.54282310839977,130.1540408562006
33.542821000388926,130.15401105086937
33.542822198285876,130.15398530507787
33.5428332788328,130.1539594675554
33.542848945922174,130.1539316344374
33.542865945806795,130.15391070001886
33.542885747978914,130.15388089468763
33.54290302665339,130.1538464983173
33.54290910786909,130.1538143322657
33.54291646792069,130.153782087973
33.54293669367354,130.15374968899698
33.54296353214136,130.15371778195015
33.542999774819805,130.15368963676735
33.54303108111952,130.15368102485945
33.54305153170287,130.15366469496973
33.54306813498647,130.15365116736757
33.54308963957527,130.153633411153
33.543109748416214,130.15361985657114
33.54312858561576,130.1536183915756
33.54314977544186,130.15361871623088
33.543157414283314,130.15362810605234
33.54315819759279,130.15364866365496
33.54315913468639,130.153670414658
33.54315944135516,130.15368625171925
33.54316072109043,130.15370335862315
33.543165305834236,130.1537136450687
33.54318108084226,130.15371649771828
33.543185802283006,130.15371905269217
33.543192864659034,130.15373522699917
33.543214441193584,130.1537395590335
33.543225467781156,130.1537441626631
33.54322782940085,130.15376007796533
33.54322566743065,130.15377194631833
33.54321916173495,130.15378557734255
33.54330219793815,130.1537960832227
33.54336182928506,130.15380335873806
33.54342869387915,130.15381089505684
33.54349394598887,130.1538178081454
33.54354522533191,130.15382795069945
33.54359980158961,130.15384647223698
33.54366005436805,130.1538752793208
33.5436828917521,130.1538901433155
33.54368508070195,130.1539074453724
33.54368282879955,130.15392461702754
33.543677467940824,130.15394379956672
33.543664972760325,130.1539491046675
33.543620054322105,130.15394642019123
33.54355974758431,130.15392255488212
33.54350699964834,130.15389389079053
33.54347094582755,130.15388347574185
33.5434357481613,130.1538775878804
33.543389558981005,130.15387350226035
33.54332774767744,130.15386680860638
33.54326222487185,130.1538562262839
33.54321853220955,130.1538485856438
33.54319877500353,130.1538498572852
33.54319422533331,130.15385561564426
33.54319163978238,130.15387221802848
33.54319472085973,130.15388810635113
33.54320105388558,130.15390505767232
33.543208531748405,130.15393213985647
33.54320827903888,130.15396089477952
33.54320508104968,130.15399408605833
33.54319591875668,130.1540236710556
33.54318044142428,130.15404192009862
33.54316572132103,130.15405302222928
33.54315733334431,130.154067327745
33.54315577481918,130.154087808006
33.54315316228866,130.15411496843114
33.54315294555204,130.15414888456348
33.54315508144191,130.15417072639798
33.54316033258334,130.1541882227084
33.54316144144741,130.1542040336892
33.54316225173659,130.15421642005185
33.54318949489931,130.1542208950783
33.54326061328675,130.15423097288112
33.543332279361266,130.15423844444877
33.54335158600696,130.1542400776176
33.54336663975869,130.15424241225753
33.54337541444386,130.15424795118201
33.54337946768834,130.15425822323846
33.54338097315343,130.1542678082128
33.54337930581039,130.1542754731346
33.543371972738385,130.1542839168693
33.543358278761616,130.15428405986154
33.543343829354285,130.15428302204384
33.54331730564917,130.15428046706995
33.54321436025458,130.1542698568685
33.543126386773395,130.15426155612602
33.543103586261566,130.1542613618724
33.543089162035244,130.15427442272653
33.5430736127571,130.15430817068557
33.54304689210045,130.15435666662688
33.54300905402465,130.1544150578087
33.54297577461239,130.15445189403977
33.54296691898816,130.154475966193
33.54295044071034,130.15453213964656
33.542941414214965,130.15459586290876
33.54291694636004,130.15468472132284
33.542898639760494,130.1547487548512
33.5428694135926,130.15484044073378
33.5428661616441,130.15486761285013
33.54286741439972,130.15489367070643
33.5428682786482,130.15490108921392
33.542871919103845,130.15493077763335
33.5428692786943,130.15496535656598
33.542879252175794,130.15500036267667
33.542899000388616,130.155039883384
33.54300674816295,130.15518527857785
33.54310538670427,130.15530472113608
33.54327305360857,130.15552499388343
33.54344697259978,130.15577472122652
33.54353719798337,130.15590177744514
33.54354563991939,130.15592355362912
33.54354555898044,130.1559504667407
33.54353286504971,130.15597914432215
33.543552586282885,130.15600425429295
33.54355713505379,130.15600980490865
33.543612973060306,130.15607783412486
33.54363197303718,130.15610102494236
33.54365197306015,130.15611321705137
33.54366816175633,130.15613180334014
33.54367966678325,130.156153112776
33.543701053560824,130.1561972757837
33.54371582942207,130.15624978000346
33.54373377539349,130.15628869007105
33.54373558572877,130.15630374831937
33.54373172134194,130.15631572009443
33.54371410811967,130.15632603082167
33.54373255861077,130.15637194570877
33.54375886467989,130.1563706102155
33.54376408074779,130.15637085573042
33.543769829214284,130.15637953328894
33.54377141381974,130.15638739336362
33.54377246782519,130.1563962004244
33.54377174836753,130.1564075228889
33.54376469408544,130.15641963675694
33.54375566669074,130.15643158155228
33.54383525219521,130.15662430626674
33.54393274769819,130.156868418243
33.543993918684464,130.1570169781511
33.54400858572768,130.15702477257526
33.54401869410748,130.15703019458783
33.54402672055676,130.15702849486922
33.544041721248504,130.15702275
33.544054441259505,130.15702260700778
33.54406933313328,130.15702516198166
33.54409555916277,130.15703632886357
33.54411122535282,130.1570438391019
33.54411638656205,130.15704871612536
33.54411725170985,130.15705722371194
33.54411063989414,130.15706525285918
33.544103440821175,130.15706897515315
33.54410072127132,130.1570793641214
33.54410608123072,130.15709847021833
33.544113972781645,130.1571165888596
33.5441211080028,130.157134163411
33.54412866680457,130.15715511042004
33.544134828959216,130.15717538293768
33.544139559393216,130.15719581103792
33.544142721409514,130.15722075193617
33.54414410816412,130.15722861201095
33.54414991868384,130.15725697842686
33.54415499985339,130.15727900102513
33.54415882916669,130.15729897496783
33.54416610827934,130.1573195847311
33.544172640055365,130.15733771686223
33.54418072136326,130.15735863779094
33.544187414117914,130.15737805415392
33.544193251617344,130.15740083038406
33.54420000012993,130.15742230889248
33.544204054273735,130.15743571958285
33.54421010761041,130.15745258097195
33.54421744068242,130.15746930026808
33.54422622526016,130.1574864458429
33.544232802002284,130.1574999482641
33.54424110814068,130.1575141890287
33.5442517480198,130.15752807995693
33.54426344100506,130.15753992222972
33.54427616191538,130.15755369624617
33.544289694014196,130.15756496834865
33.54429955867772,130.15757369626908
33.544313775160674,130.15758335858516
33.54432519834927,130.15759036340467
33.54434666696517,130.15760383884617
33.54435230571437,130.15761204875707
33.54435635985817,130.15762527868378
33.54435635985817,130.157636354734
33.54435127868862,130.1576474973342
33.544340225121346,130.15766430566327
33.544335892187746,130.1576785599177
33.54433413491245,130.1576975230223
33.5443350540196,130.15771311277
33.54433566735719,130.15772561604444
33.5443401981417,130.15774116712123
33.544345279311244,130.15775717325505
33.54435086500047,130.1577711154447
33.54435805418092,130.15778075168043
33.54436705369665,130.157790557888
33.544375694382836,130.15780425366347
33.54438438722974,130.15782216636
33.54439253238951,130.15783661486796
33.54440399964494,130.15784263313105
33.54441602717799,130.15784639409583
33.544431386699216,130.15784992213628
33.544446134681436,130.15785763921872
33.54445782856601,130.1578683924124
33.54446527944913,130.15788758844155
33.544469161822406,130.1579049939204
33.544469278734255,130.15791997392773
33.54446255899995,130.15792661542105
33.544453332855085,130.15792442287386
33.544444360319005,130.1579165502087
33.54443208097581,130.1579151616554
33.54442564003131,130.1579223346481
33.54442486481571,130.157939441552
33.544427468353035,130.1579533072994
33.54443794635421,130.15796591399578
33.54444780202448,130.15797357981694
33.5444618647233,130.15798269804316
33.54447353162823,130.15799044120592
33.54448955934572,130.1579993390983
33.544502333316075,130.15800944208218
33.544515386975604,130.15801985713074
33.54452733267033,130.15802697796278
33.54454372101594,130.1580348901981
33.54455655883817,130.15804121872736
33.54457997268764,130.1580503630339
33.54459091923559,130.1580551096556
33.54459849512449,130.15805771679027
33.544604748110714,130.15805875460785
33.54461122502806,130.15805769070994
33.54462089184074,130.1580601953218
33.54462902710799,130.15806452735615
33.544637918705064,130.1580696112236
33.54464677522856,130.15807383893662
33.544653747672385,130.15807905320582
33.54465522525851,130.15808505797906
33.54465358579438,130.15809325619887
33.544647865206855,130.15810053171424
33.54463869392066,130.15810622622143
33.54462791914318,130.15811138832998
33.544620918820385,130.15811596587923
33.544612666641285,130.15812282680713
33.54460413477307,130.1581291697255
33.544596972572265,130.1581349415743
33.544590612566765,130.15814189423304
33.544585332647046,130.15814939008237
33.544584414439214,130.1581601693564
33.54458686509179,130.15817219239284
33.54458935981114,130.15818369562112
33.544590721384736,130.15819702986914
33.54459089225594,130.15820953314346
33.54459069440509,130.15822233499284
33.54458916196029,130.15823408643405
33.54458669422064,130.15824294385686
33.54458180190869,130.15825299557935
33.54457644104997,130.1582582233384
33.544570027085115,130.158259663153
33.54456369405926,130.15825564228408
33.54455761284362,130.15824741888332
33.54455141381675,130.15823702991509
33.54454655927634,130.15822771743524
33.54454108060645,130.15821688689982
33.54453622516672,130.1582066148435
33.54452894605407,130.1582101168035
33.54451727914915,130.1582161350666
33.544508667241246,130.15822345015215
33.544500414162826,130.15822902684818
33.54448835965013,130.15823396862277
33.544478360088306,130.15823708207574
33.54446802687801,130.15824182869756
33.54446097259586,130.15825124459934
33.54445736001918,130.1582618548008
33.54445616212223,130.15827306125288
33.544456720601204,130.15829005214425
33.54445797335683,130.15830158235224
33.54446072078571,130.15832082964266
33.54446130624433,130.1583333329171
33.544461360203684,130.15833438422453
33.54446144114263,130.15834817083146
33.544459666780256,130.15836411221403
33.54445569357546,130.15837817131558
33.54444813477363,130.1583921144046
33.54443846796096,130.15840450076712
33.544428667149305,130.15841795102767
33.54442308056076,130.1584320883702
33.54441913523493,130.15844861161418
33.544416802393584,130.15846360601063
33.54441808122954,130.15848147913698
33.54442044105059,130.15849844394813
33.54442216235299,130.15851319103103
33.544422279264836,130.15852686072606
33.54441922516713,130.15854219236837
33.54441605415764,130.15855535664446
33.54441072117788,130.1585666925988
33.544402666849635,130.15857518759492
33.544415135050485,130.15863311292787
33.544427721062505,130.15867863840845
33.54444591884413,130.15873014258204
33.54447380232415,130.15879824913998
33.544483774906325,130.15880902661536
33.54450166691845,130.15883910534046
33.5445095863484,130.1588479771525
33.54451882868108,130.1588567185628
33.544529440681174,130.15886574595743
33.54453986472305,130.1588730871233
33.54455010800115,130.15888182943297
33.544560279333496,130.15889097284014
33.54456944072717,130.15890080422878
33.54457989174864,130.15891243785882
33.54458933283149,130.15892430621182
33.54460025239979,130.1589376386612
33.54461189232501,130.15895163391087
33.544623441418764,130.15896511025176
33.544636414139234,130.15897649836677
33.544648829280106,130.1589864979286
33.54466116168334,130.15899639406837
33.544674000404825,130.15900357965154
33.54468666735585,130.159008858672
33.54470182902622,130.15901194604453
33.544718441303075,130.1590131646259
33.5447334141158,130.15901625199854
33.5447476126123,130.1590204149602
33.54476233271555,130.15902457792197
33.544778332554074,130.15903058359459
33.54479253194984,130.1590373276107
33.544806359925644,130.15904311294935
33.54482082911801,130.15904858622332
33.54483302662294,130.15905364490982
33.544849585839756,130.15905949410046
33.54486466657113,130.15906527943912
33.54487949459303,130.15907116730057
33.54489361304985,130.1590764202407
33.5449090544094,130.15908228292108
33.54492405420177,130.1590875232706
33.54493925184505,130.1590918031443
33.54495722479612,130.15909581142262
33.544972999804145,130.1590992216518
33.54498953204131,130.15910175144472
33.54500458579304,130.1591028917851
33.54502146786649,130.15910338461356
33.54503508090431,130.15910357976645
33.54505202682964,130.1591037218593
33.545067639959655,130.1591041121651
33.54508386462868,130.15910450067224
33.545124801768225,130.15910496831964
33.545140585769445,130.15910394309253
33.54515535983205,130.1591034763444
33.54517141362987,130.15910355368612
33.545186107652796,130.15910435768
33.54519936006244,130.15910499440008
33.54521577538776,130.15910688657357
33.54523077518019,130.1591106097669
33.54524630557262,130.15911496788158
33.54526366698468,130.15911988267646
33.545281468165285,130.15912530468916
33.54529691941735,130.15913108912855
33.545313440862685,130.159135966152
33.5453300540388,130.15913763889102
33.5453454684187,130.15913674406556
33.54535925232767,130.15913499398482
33.54537366666142,130.159133891416
33.545389613439966,130.15913211435566
33.54540466719169,130.1591301430417
33.54542041432069,130.15912836598136
33.545438639981285,130.15912625167527
33.545457080579865,130.1591236058698
33.54547519832181,130.1591209465745
33.54549394558916,130.15911861193445
33.54551466686843,130.1591157197148
33.54553319829853,130.1591124120083
33.545550864580775,130.15910955935874
33.54557049498243,130.15910722381943
33.5455901352766,130.15910444941085
33.54560961279344,130.15910230902443
33.54562797335234,130.159100531964
33.54564608120171,130.15909808041215
33.545663027127034,130.159095862684
33.54567994607271,130.15909311255712
33.54569564014173,130.1590907257564
33.54571516172541,130.15908783443604
33.54573013543745,130.15908574621028
33.545748054429225,130.15908233508173
33.54576261265453,130.1590777818143
33.54578072140322,130.1590731907752
33.5457958291143,130.1590687553189
33.54581066702872,130.15906430637267
33.54583138740867,130.15905827461972
33.545843864602716,130.15905243801967
33.545858973213114,130.15904669315046
33.545873359667894,130.15904224420422
33.545887252394834,130.15903953274835
33.54590227916691,130.15903756233365
33.545917694446075,130.15903678262146
33.5459328291368,130.15903705601534
33.54594916172448,130.1590371081761
33.545985945794826,130.15903642019475
33.54599927914347,130.159034136816
33.54601313499825,130.15903152968144
33.546026828975016,130.15902805380165
33.54604077476199,130.15902394300065
33.54605425200219,130.15901832673444
33.546067197743014,130.15901141364589
33.546089919114536,130.15899547316258
33.546101495187884,130.1589907256415
33.54611355869383,130.15898749707537
33.54612682908993,130.15898875522691
33.54614127939658,130.15899066089037
33.54615569373033,130.15899053228725
33.546172531737,130.15898788558252
33.54618602696365,130.15898377388214
33.546201495302796,130.15897739319223
33.546214531875194,130.15896983079313
33.54622908110724,130.15896311285746
33.54624338662302,130.15895822324342
33.54625769393749,130.15895358004377
33.54627100030649,130.1589494683434
33.546290360012165,130.1589441119812
33.54630655860086,130.15893953263344
33.54632419790346,130.1589347212605
33.54633986499283,130.15893058437905
33.54635749530223,130.15892569386574
33.54637305357363,130.15892005241858
33.54638916223013,130.15891505758395
33.54640625204695,130.15890894938855
33.54642053238172,130.1589029958766
33.5464370808067,130.15889658910635
33.54645182878892,130.15889150523878
33.546468945585445,130.15888594023397
33.54648377540599,130.15888236093224
33.546499440696664,130.15887897498476
33.54651619776439,130.1588752526908
33.546533305567664,130.1588715555779
33.54654969391328,130.15886836568257
33.546565801670454,130.1588656416361
33.546584441019206,130.15886136176255
33.54659038733655,130.15885924835572
33.54659425172338,130.15885791196308
33.54660386457675,130.1588535277682
33.5466068647151,130.1588439167134
33.54661713497285,130.15883089542956
33.5466218923865,130.15882330695013
33.54662653198892,130.1588162517687
33.546629161606575,130.15880741862748
33.54663138742865,130.15879144037274
33.54663533275448,130.15877386492195
33.54664033298502,130.15876616132937
33.546647693935995,130.15875919608015
33.546655251838445,130.1587565502747
33.546663279187044,130.1587578596875
33.54667277512851,130.15876455334148
33.54668213527236,130.1587730870084
33.54669374821793,130.15878577194587
33.54670449511639,130.15880053161925
33.54671625195351,130.15881917006868
33.54672310838481,130.15882027173825
33.54673402705373,130.1588221144491
33.546743414177286,130.1588231909376
33.546755775358804,130.1588221144491
33.54677197304818,130.15881958465616
33.54678682894905,130.15881664117512
33.54680277482822,130.1588133586497
33.54681836007933,130.1588101948347
33.54683282927169,130.15880717311256
33.54684869421192,130.15880280240742
33.54686577503554,130.15879875455892
33.546882613042214,130.15879494233275
33.546901532080085,130.1587917506389
33.54692261308816,130.15878894925072
33.546959801853404,130.15878386538316
33.546974027329554,130.15877941643703
33.54698644067173,130.1587761608912
33.5470016670933,130.1587735276762
33.54701655896707,130.15877274976265
33.54702825195233,130.15877080362975
33.54704110776095,130.15876561634013
33.547043386643054,130.1587569783519
33.5470432517447,130.15874652373316
33.54704464029794,130.15873856023643
33.54705155878247,130.15873600526254
33.547057161558826,130.1587409209568
33.54705936040119,130.15874282662026
33.54706549467687,130.15874610914568
33.547070108198966,130.15874788620602
33.5470771615818,130.15874900136544
33.54708464034394,130.15874763889246
33.54709319829254,130.1587481056406
33.54710205391672,130.15875274973962
33.54710825204427,130.15876163414214
33.547112747755136,130.1587722443437
33.54711894588269,130.1587828266662
33.54712963972116,130.158791024886
33.54714094599791,130.1587935016189
33.54715100041841,130.15878922174522
33.54715989201543,130.15878308657022
33.54717122527188,130.15878094708307
33.54718244071711,130.15878525303708
33.54719097258538,130.15879442342396
33.547202467719785,130.15879936429928
33.547210387149676,130.15879778239184
33.5472149727928,130.15879678324507
33.54722482936245,130.1587877558503
33.54722972077502,130.1587768353827
33.5472310814493,130.15876389144046
33.5472333333517,130.15874858587858
33.54723946762738,130.1587380539181
33.54724977475735,130.15872946809054
33.5472611619731,130.15872019518088
33.547270026590525,130.15870914431162
33.54727741362177,130.15869625163077
33.54728600034866,130.1586865893147
33.54729558622239,130.15868905255775
33.547304666677064,130.15869953325694
33.54730886471236,130.15870756240417
33.54730899961072,130.1587128270354
33.54730913540834,130.15872199742228
33.54731094574362,130.15873457803843
33.547313999841265,130.1587446693311
33.54731919792272,130.1587551617214
33.54732808142586,130.15876166022247
33.547331613063534,130.15876418911614
33.54734561280986,130.15876557677007
33.547360721420205,130.1587627241205
33.54737638671094,130.15876011698583
33.54739449456031,130.15875616086817
33.54740989185308,130.15875247724512
33.5474265320089,130.15874756155074
33.54744382866983,130.15874341117956
33.54746010819747,130.15873980489812
33.5474793869642,130.1587360574232
33.54749930604817,130.15873413737063
33.547516694439935,130.15873236120956
33.54753686533411,130.15873021992377
33.54755630597879,130.15872564237452
33.54757322492446,130.15872060976835
33.547591694301275,130.1587154989212
33.54761363955788,130.1587099995669
33.54762769416283,130.15870683485264
33.547646413551206,130.1587028922247
33.5476643334423,130.1586985206203
33.547679720842495,130.1586939691514
33.547698252272596,130.15868861188994
33.547716972560295,130.1586822833608
33.547736027395786,130.1586758631007
33.547751612646834,130.15867075225344
33.54776861343083,130.15866425375236
33.54777682873771,130.1586569386668
33.547784532330354,130.15864566836296
33.547791000254506,130.15863041496175
33.547794135291156,130.15861627761922
33.54779394643356,130.1586012193709
33.54779430616236,130.158587419274
33.54779944129126,130.1585740337647
33.547808162017134,130.15856832666702
33.5478216401566,130.15856272389067
33.547834225269355,130.15855561564922
33.54784513494508,130.1585575231113
33.547851973389925,130.15856727625885
33.54785377473195,130.1585794162072
33.547853333164824,130.15859386471516
33.54785269374685,130.15860752271908
33.547854414149924,130.1586230216352
33.5478605592175,130.15863652405642
33.5478734141268,130.15864513596432
33.547889467924676,130.15864508380366
33.54790594620249,130.15864202341072
33.54793891894599,130.15863620030052
33.54795402665707,130.15863185477633
33.547970585873884,130.15862697775287
33.54798822517648,130.1586223867139
33.54800774765948,130.15861722370596
33.548028108310575,130.158612412333
33.54805572109473,130.15860416285193
33.548067252201974,130.15860060963053
33.54808586457102,130.15859505811545
33.54810280240247,130.15859175130834
33.54811982926674,130.15859138798226
33.548132801987265,130.15858919633445
33.54814972093294,130.15858527888759
33.54816582869012,130.15858080386113
33.54818094629371,130.1585762523922
33.54819877535323,130.15857133579857
33.548212440551765,130.15856688685244
33.54822855910078,130.15856124540517
33.5482437477508,130.1585560572163
33.548258693583875,130.15855192033496
33.54827553159055,130.1585474453084
33.54829316189995,130.15854319061577
33.54831072116292,130.1585381706002
33.54831422492157,130.15853661477297
33.54832608068415,130.1585317773197
33.54834633341659,130.1585260828125
33.548371278811544,130.15851980464538
33.54838682898901,130.15851641959716
33.548401693883136,130.15851338528455
33.54841577456841,130.1585128016245
33.54843963987753,130.15851128356894
33.548566775236566,130.15845869031637
33.548816332607714,130.1583477166738
33.54884808137393,130.1583333329171
33.54894163964502,130.15829094696971
33.54895925196797,130.15828452670962
33.54897141439932,130.1582826983879
33.54898277463542,130.15828213990892
33.548995865167115,130.15828308689504
33.549010026791336,130.15828511036966
33.54902602662986,130.1582892742307
33.54904102732161,130.15829557667962
33.54905777539608,130.15830489005873
33.54907272122915,130.15831444895275
33.549064864751756,130.1583333329171
33.549060720675755,130.15834330729786
33.54904194642876,130.15834983098
33.549196081234186,130.15838635514626
33.549490414051434,130.15845577201628
33.54960591937771,130.15848360603366
33.54959838665627,130.1585279507044
33.54948305399978,130.15850007801623
33.54918872118259,130.15843080413833
33.549051197754636,130.1583981056881
33.54904977502713,130.15840189363257
33.549049080750535,130.15840780757435
33.549047414306756,130.15841299576323
33.549044279270106,130.15841444906766
33.54903913514801,130.158414475148
33.54903344064081,130.1584136711541
33.54898789177781,130.15840894881399
33.54898022505739,130.15840944164245
33.548971197662695,130.15841083019575
33.548962108214766,130.1584125290151
33.5489309188269,130.15842447470982
33.54876125183034,130.15849708237454
33.548505559284195,130.1586055253248
33.548356332978415,130.15866953277282
33.54835586533096,130.1586791051567
33.548354748373015,130.15869097261032
33.548355000183165,130.15870097307152
33.54835649485642,130.15870827466722
33.548358360050315,130.15871710780834
33.548361225290364,130.15872591396976
33.54836538735282,130.15874296961238
33.54836764015454,130.15875330731933
33.54836913482774,130.15876233471408
33.548369613267084,130.15876739340058
33.54837058633353,130.15877577238405
33.548372721324085,130.1587865237791
33.548375135104436,130.15879574632675
33.54837672060921,130.15880608313432
33.54837722512889,130.15881177674214
33.54837455863901,130.1588158111009
33.54837077519119,130.15881980499012
33.548369748165385,130.15882791237834
33.548370532374236,130.15883586328448
33.54837277528338,130.1588474708342
33.54837446780749,130.1588567185628
33.54837630602174,130.15886444913508
33.54837780159431,130.15888241219363
33.548376666649915,130.15888866428054
33.548375000206136,130.15889505756093
33.54837522503664,130.1589029176356
33.548377279088186,130.1589116077845
33.54838263994691,130.15891758827615
33.548389134850765,130.15891988334602
33.54839933316276,130.15891988334602
33.54840644140421,130.15891919626392
33.54841510817073,130.15891963693173
33.548417639762306,130.15892241223958
33.54843244080456,130.15892325580364
33.54838849543279,130.15893422843192
33.54827430581463,130.15896345010322
33.54819030643756,130.15898277563463
33.54816725231689,130.1589875231557
33.548187864778185,130.1591154472202
33.54832313540442,130.15908163361053
33.54836358601074,130.1593246951786
33.54851282940359,130.15928824925334
33.54851594555447,130.15930997417604
33.548368775098936,130.15934652442263
33.54843219798761,130.1597234500772
33.54848869429787,130.16005046695557
33.54851722528974,130.1602154727659
33.548578532073634,130.16057358010664
33.54865174768008,130.16098863791535
33.54870661262015,130.1613245014247
33.54886600036565,130.16128418931396
33.54908438723476,130.1612324378268
33.5492981983532,130.16117988324504
33.54926610784463,130.16098321680204
33.54930113463968,130.1609754727399
33.54933363973572,130.1611711409355
33.54948649480593,130.1611332560949
33.5495367210429,130.16142632896197
33.549559026927625,130.16155379976806
33.549568774679244,130.16160713406202
33.549119612779975,130.16171744490418
33.54878589235511,130.16179700432838
33.54888146780553,130.16234408621062
33.548924135240725,130.16259856017552
33.54892953207229,130.16259655019076
33.54991691933043,130.16235477285454
33.549999999600345,130.1623348124017
33.55024880244031,130.16227499399588
33.55024669442946,130.16227005222117
33.55024530587622,130.1622515558647
33.55024669442946,130.1622435797774
33.550250494964416,130.16223255498846
33.55025882898184,130.16222472099412
33.55026900031419,130.16221891137377
33.55027782895871,130.16221849498766
33.55028936006596,130.16221936373267
33.55029441425586,130.1622192998808
33.550236828866616,130.1618760313538
33.550144640263,130.16135250271589
33.55011877486163,130.16120564162713
33.550106026971605,130.16120169899932
33.55005880177231,130.16092561612436
33.549999999600345,130.16056461656387
33.549989467639875,130.1604999481142
33.54991346773238,130.1600366668588
33.54990397269023,130.15997871634477
33.549850161755614,130.1596491957539
33.54978405439067,130.1594083923835
33.54970799962456,130.1591344489957
33.549694413566385,130.15913929993883
33.549681829353005,130.1590923607239
33.5497146671982,130.15907988263052
33.54972713539905,130.15912691267692
33.54980374774482,130.15940066091184
33.54987030567014,130.15964296974732
33.549924306361675,130.1599738905826
33.549934585612675,130.1600364717059
33.549999999600345,130.16043530484546
33.55000980221064,130.16049510976154
33.55007913544381,130.1609207777717
33.55012758641902,130.1612034113084
33.550153468008205,130.16135024631683
33.55024564042401,130.16187380013582
33.55030530594519,130.1622291051891
33.55031233324763,130.16222861236065
33.55037258602607,130.16221975403846
33.55037786504647,130.16222335942052
33.5503856936449,130.16223739334112
33.550403829373295,130.16233391667697
33.55041689202602,130.16240938958174
33.55042319807217,130.16245014325955
33.55042936022687,130.16247992161118
33.5504332246137,130.16250474739627
33.55043146823772,130.162512308896
33.550426828635295,130.16252031106353
33.55041105362727,130.1625343575746
33.55036986467758,130.16257525334538
33.55036233285546,130.16258069963965
33.55040566668822,130.1628547734291
33.55041433255548,130.16291328062346
33.550424666665094,130.1629674189113
33.55043527866525,130.16302299611448
33.55044461272877,130.16308386492847
33.55046902662434,130.16322469516365
33.55050174755763,130.16342717302564
33.550534775159804,130.1636158373011
33.55059166717177,130.16395083026669
33.55059846784508,130.16396885897575
33.55060786486115,130.1639715560425
33.5507495323651,130.164012529155
33.55093655897508,130.16407046707843
33.55112358558506,130.1641279121735
33.551179586368846,130.1641439425889
33.55125819790754,130.16416775573737
33.55137005378498,130.1642011412697
33.551591667421576,130.16426652378107
33.55174164016461,130.1643116994254
33.55178744083776,130.16432547344186
33.55199019838898,130.16438586291736
33.55202333301048,130.1643951358269
33.55203653236015,130.16439922234633
33.5522991622766,130.164478520967
33.5524383332625,130.16452111465776
33.552664197994375,130.1645879765539
33.552845945583954,130.1646408297106
33.55294289160122,130.16466907921472
33.55308853230997,130.1647109732329
33.55315844110925,130.16470693887425
33.553189748308284,130.16469352818388
33.55330813506242,130.16470800277216
33.553356945766495,130.16472474724935
33.553423558550435,130.16473564163664
33.55347313457753,130.16473547256408
33.55355949467497,130.16473152993626
33.55362063958091,130.16474547302528
33.5536829464109,130.16476177683455
33.553753000000995,130.16478824927833
33.55382349515821,130.16481255525525
33.55397530611555,130.16487569395815
33.55403613535941,130.16488255488605
33.554106386800356,130.1648860829265
33.55418277521494,130.16492722421208
33.554257891988186,130.1649528917626
33.55433491892143,130.16495968883862
33.554412918921116,130.16497250327848
33.554487693951955,130.16499053198754
33.55453482921905,130.16501396921933
33.55460482884985,130.1650451622046
33.55465661271256,130.16504844383064
33.5547078021234,130.1650491444026
33.55473772076925,130.16504379973162
33.554767973063576,130.16502433210735
33.55480813498747,130.1650184442459
33.554849494808366,130.16500147943475
33.55487446808229,130.16494761274225
33.55488380214581,130.16491542240885
33.554923586354505,130.1649156940041
33.5549225593287,130.16498924775567
33.554938613126524,130.16503163370305
33.55495880200715,130.16507311313376
33.55497753218742,130.1651185855543
33.554996333414124,130.16516719840752
33.5550063059963,130.16518819667795
33.55501719768557,130.165228274965
33.55502208100427,130.16525571957584
33.55503994603674,130.16525732756372
33.55508341386849,130.1652580029545
33.55511199971909,130.16525795079383
33.55558719789093,130.1652573671339
33.555976134890784,130.16525466916767
33.55657749535516,130.165250506206
33.55680008115888,130.16525116720766
33.556905586024016,130.16525124544864
33.556907251568475,130.16521535710308
33.55698055890571,130.16521778167532
33.5570833604088,130.16522036272966
33.55719389158486,130.1652163940214
33.5573253059182,130.16519756221783
33.557424865365306,130.16518444920302
33.557606639934534,130.1651463943906
33.557632999963005,130.16513868989864
33.5576390002397,130.1651296112426
33.55764746825611,130.16492910469447
33.55765027863748,130.16491939021773
33.55765738687893,130.16491481176922
33.557663414135334,130.16491483784955
33.55766610760486,130.16492472139885
33.55765653162371,130.16513557734504
33.55765869359391,130.1651355512647
33.55773953185394,130.1651178598014
33.55774189167499,130.16512085634247
33.55781238683221,130.16510499410026
33.55781219797461,130.16510166031344
33.557844864948606,130.16509489021712
33.55785253166903,130.16509233524312
33.557854720618934,130.16508639432175
33.557856414042305,130.16508055772158
33.55787610829583,130.1650760566148
33.557884332595904,130.16507814484055
33.55788702696475,130.1650872495769
33.55789025193366,130.16508732781801
33.557894135206254,130.16508535740343
33.55789794563373,130.16507758816022
33.55785610827286,130.1647811671172
33.557857252210454,130.16476555128918
33.55786602689568,130.16475447523885
33.55787422511543,130.16475581073212
33.557880720918604,130.16476702977468
33.55788930584686,130.16481272432782
33.557907802203374,130.16497418860797
33.5579137476214,130.16498858585464
33.557920387316074,130.164993256034
33.55793182939044,130.164995939611
33.55795969398474,130.16499610868357
33.55799363979469,130.1649878079411
33.55805664000201,130.16497050588418
33.55806325181766,130.16496138765797
33.55803622539156,130.16474961080598
33.55803627935086,130.16473000018937
33.558039080739036,130.16471824874827
33.55804453242928,130.16471182938744
33.55814258641129,130.16469075197665
33.55814972073307,130.16469477284556
33.55815402668702,130.16470591364703
33.55815835962068,130.1647182748286
33.55815669407622,130.16472680939478
33.558084359805434,130.16474730224627
33.55807066672793,130.1647517511924
33.55806846788556,130.1647596373474
33.55807046797776,130.1648020493751
33.55810455857858,130.1650413355892
33.5581078024332,130.16504335906382
33.55833333261728,130.16500033729574
33.55834869393715,130.16499741899577
33.55884266725536,130.16490080392907
33.55894344078723,130.1648828021996
33.559232919064016,130.16482208806895
33.559674747891336,130.1647316603379
33.55990541410364,130.16468347556201
33.56012791896836,130.16463953288815
33.560129359682264,130.16463717306715
33.56013710824101,130.16462416257514
33.56014536042011,130.16461566757903
33.56015413510528,130.16460858631729
33.56017327897371,130.1646001174015
33.56021161257593,130.16458671930172
33.56024891915234,130.16457192005817
33.56025710837889,130.1645673281198
33.560271919313664,130.16454586310113
33.56029116210749,130.1645238000334
33.560327973157484,130.16450053187407
33.56034874839605,130.16449277612082
33.56037116219943,130.16448966266785
33.56044302702412,130.16444888470835
33.560466198056645,130.16443619977088
33.560641467829555,130.1643397276963
33.56079833297673,130.16424192012857
33.56084599974315,130.16421153023805
33.560944053725166,130.16416513601223
33.56100327857848,130.16413472094064
33.56101808141938,130.16412630418563
33.56102964040565,130.16411403383563
33.5610340003189,130.1641062259216
33.5610302519446,130.16393761293057
33.56103122501105,130.16381547330548
33.56103189230805,130.1636215048286
33.5610301080531,130.16348978022927
33.56101425210608,130.1634096110647
33.561010305880984,130.16338992220722
33.56094477498141,130.16336396867223
33.56087510809982,130.16332907857418
33.56086927869433,130.16333130979217
33.560756946176184,130.16341391701872
33.560748107639085,130.16341518776073
33.56074538718991,130.1634131651855
33.56074213524141,130.16341189444347
33.56074049487796,130.1634085858376
33.56074213524141,130.1634001690826
33.560848107754,130.1633234110467
33.56086291868883,130.16331046710445
33.5608614411027,130.16328044143927
33.56086161287317,130.1632413362188
33.56086002736839,130.1632178863964
33.56083777544302,130.16316941563605
33.56081669443495,130.1631288067491
33.56080469388155,130.16311630437406
33.56079916215168,130.1631123869272
33.56066774781834,130.16318625184408
33.560661332954226,130.16318252865085
33.56065941380098,130.16317844393006
33.56065938682127,130.1631765238775
33.56074719842451,130.16312041517506
33.56077522489676,130.1631025033779
33.56078786486813,130.1630915046693
33.56079172116108,130.16307972804702
33.56079735991028,130.16303085618915
33.56079638684383,130.16300868969938
33.56079164022208,130.16297019511842
33.56078300043515,130.16294603123447
33.56076282864166,130.16289819719407
33.56075738684399,130.16289233541306
33.56074746822111,130.16289477257578
33.56059844066556,130.16296138805762
33.560587531889155,130.16296202297906
33.560580386775484,130.16295929983187
33.56057991912803,130.16295608295695
33.56058210807788,130.16294958535514
33.560670918827896,130.16290596643728
33.56074319824006,130.1628752267104
33.56075361328868,130.1628694161907
33.56077553156558,130.1628276390843
33.56077761259678,130.1628057459884
33.56077619796321,130.16275494238675
33.56076972104586,130.16271966288218
33.56075994631453,130.16269994794436
33.56074194638376,130.16267771670334
33.560728801892765,130.16266513608718
33.56054482938043,130.16271722392082
33.56053446829111,130.16271452685396
33.56053010837786,130.16271121914747
33.560529558892085,130.16270725043933
33.56053286479994,130.1627047206464
33.56053610775524,130.16270341123345
33.56073382910296,130.1626365502367
33.56074100029696,130.16263208780072
33.56074430620481,130.1626262260196
33.560745918689236,130.16262233465307
33.56075633283854,130.16261975359885
33.560759494854835,130.16261994785236
33.560772748163856,130.16262055759273
33.56077608105136,130.16261795135745
33.560770748071604,130.16258795087333
33.56075253230358,130.1624821402387
33.56073833290782,130.16235564159967
33.560734532372805,130.16235491584678
33.560728107616114,130.16231308657973
33.560735224850816,130.16230861155327
33.56073030555922,130.1622348896285
33.56072599960527,130.16217158185304
33.56071219770979,130.16217097301205
33.56070849520097,130.1621694936273
33.56070774786434,130.16208603114546
33.56072786479916,130.16208703029224
33.560731053795166,130.16202871555288
33.56073455935251,130.16197204927073
33.56073697313286,130.16192841776228
33.560744387143814,130.16185413735866
33.56075455937548,130.1617804666953
33.56076410837693,130.16171405985608
33.56078255886803,130.16161832702426
33.560793748232925,130.16156697843337
33.5608115323264,130.16150250333794
33.560857558729424,130.16134697818052
33.560877531772746,130.16127408633008
33.560890865121394,130.1612201171148
33.560903693950365,130.16115955856685
33.56091322496542,130.1611008948904
33.560920585916335,130.1610540599969
33.56092916185139,130.1609640603432
33.56093141375379,130.16093732799538
33.56093491931114,130.1608806356329
33.56093680159216,130.16082977987048
33.560937162220284,130.16073652377156
33.56093355863686,130.16068172538144
33.56092716175914,130.1606169777914
33.56092253204929,130.16057080389953
33.56091300013492,130.1604957204013
33.560903918780866,130.16041902711652
33.560895531703466,130.16035114089254
33.56087327887877,130.16017108942435
33.56085574839415,130.16001635477107
33.56084389173225,130.15993085622415
33.56083838698203,130.15989075185678
33.560820918550576,130.15970588811626
33.5608126942505,130.15959827524023
33.56080744131043,130.1594896632174
33.56080516242838,130.15938092079296
33.5608037208151,130.15928505755937
33.5608065590755,130.1591212190691
33.56079325180718,130.15911394265436
33.56079272120718,130.15907236070097
33.56080346810563,130.15906428029234
33.560778278994405,130.15887066075243
33.56076391862001,130.1587635541947
33.56075997329418,130.15873795139544
33.56074182857259,130.1586566149109
33.560698251922815,130.1584798567601
33.56066141389317,130.1583333329171
33.560638946130496,130.15824394300364
33.560580134965335,130.15800391664754
33.56050377532904,130.15767379980605
33.56043608066062,130.15738486382043
33.56036755861601,130.15709141413754
33.560311693629785,130.15684725000062
33.560271440874374,130.15667114116025
33.56018669416068,130.15631547278088
33.56013916229256,130.15609924788203
33.56009264036311,130.15590046713294
33.56004899986152,130.1557185603633
33.56004313538244,130.1556910510012
33.56003663957932,130.15566247684194
33.56003316190095,130.15565418868994
33.5600175316838,130.1556353047256
33.55972177523978,130.15527749685907
33.559430108013146,130.1549256937658
33.55916663992855,130.1545943061824
33.55893927872478,130.15432114070813
33.55868816192918,130.15401719773558
33.558472134881185,130.1537521918102
33.55846136010376,130.1537182747786
33.55843191899794,130.1536863551412
33.558415197903116,130.1536682230102
33.55838366677284,130.1536432173607
33.55834477469165,130.1535894163186
33.55833333261728,130.1535746692357
33.55832213515845,130.1535602459087
33.5583171079482,130.15356547276838
33.5583087478505,130.1535548904459
33.55829594600118,130.1535392737186
33.55830005410428,130.15353516201822
33.55829913499713,130.15353408642898
33.55816789243431,130.15336522702364
33.558105135044,130.15328741857957
33.55797227909744,130.1531223354275
33.55786461316143,130.15298856037384
33.55784686504086,130.15296588756576
33.55778038715522,130.15288241159408
33.5577150810862,130.1528003628465
33.55764791881643,130.15272294380884
33.55756908064859,130.15262367124546
33.55751786515742,130.15255922223037
33.55741146816479,130.15242661539605
33.557288693618375,130.15227347614007
33.55723630631053,130.15220775638295
33.557114162188896,130.15205452719476
33.557040333244856,130.15196272440028
33.5570187207374,130.15192666698215
33.55694644132524,130.15183894890845
33.55690241411514,130.15178552468228
33.55678222511966,130.15163680919147
33.55674738718221,130.1515952533183
33.55658438686004,130.15140105101773
33.55655655913796,130.15136674368034
33.55643080243965,130.15121160792944
33.55638997321876,130.15116033668028
33.556272748388665,130.15101297017247
33.55618361298343,130.15090150460082
33.556109332579695,130.15081144019587
33.55611525191739,130.15080610901475
33.55606930555405,130.15074732842652
33.55602625230972,130.15080622592666
33.55593680214173,130.15062230917226
33.555922305969716,130.1505974707967
33.55584091912317,130.1504829178524
33.5557806942237,130.1504727501174
33.55550480200503,130.15042180262412
33.55531469431776,130.1503878082508
33.555124252082635,130.1503470302913
33.55512035981678,130.15034622629742
33.55511269399568,130.15042199687775
33.555111134571234,130.15043180308533
33.55510802741361,130.15044024592066
33.55510310812201,130.15044555102145
33.55509555921276,130.15045016904014
33.55508800041093,130.1504516340358
33.555045467874095,130.1504433332933
33.554894972624936,130.15041377437626
33.554880251622365,130.1504095331735
33.55485272067659,130.15039535716005
33.554834720745816,130.15038616069285
33.55478313473395,130.150345641738
33.554752531704025,130.1503226721536
33.55473166743258,130.15030477294692
33.554718054394755,130.1502927499106
33.55471269443535,130.15030141397915
33.55470349527013,130.15031616106205
33.55466946762186,130.1502851362501
33.55467713524166,130.1502721401472
33.55465186519149,130.1502404147634
33.55464105444116,130.15022836564663
33.55451230569838,130.15008466927213
33.55443791917469,130.14999999990016
33.554281748304106,130.14982221832076
33.55422505414299,130.1497868093138
33.55410094590201,130.1497127501434
33.55407305432806,130.14969610908827
33.554018918738166,130.14975586274295
33.55390508075493,130.1496167825885
33.553855892335605,130.14955671866767
33.55367230563246,130.1493473672872
33.553558919108866,130.1492325031776
33.55344208098728,130.1491037481395
33.55332544071655,130.14899131040067
33.553318613063595,130.1489816597758
33.55325986485093,130.14885658926028
33.55314799998024,130.1486385207512
33.55313769374959,130.14862160810083
33.553047278609085,130.1485309726263
33.553034667416,130.14852031116345
33.55299600016531,130.14849527943363
33.55297622497284,130.14849105082135
33.55294986494437,130.14848863794032
33.55279941376199,130.1484680290763
33.55277066693276,130.14846992214927
33.55276541399269,130.14844133629867
33.55275774817159,130.14839983078764
33.552749027445714,130.1484032563053
33.55275844064954,130.14846272397563
33.55276044074179,130.14847594041237
33.55266725209208,130.1485246431978
33.55257097337176,130.14857494227988
33.55255853215061,130.1485762516927
33.552509531689566,130.148570362932
33.55247569379827,130.14855486401586
33.55239208112971,130.1484727756981
33.552364559177136,130.14845613464297
33.55235155857764,130.14845175134735
33.55232597286539,130.1484425287997
33.55231338685337,130.14843466872503
33.552301225321344,130.1484223093422
33.55229233282495,130.14840299640127
33.55229046763105,130.14837888467787
33.55229458562667,130.14834988334053
33.55229255855477,130.1483306360501
33.5522863055686,130.14831377376174
33.55227166730367,130.14829583678352
33.552198440905386,130.1482359401366
33.552150802017934,130.14819697790824
33.55208719836554,130.14813600477282
33.5520626666588,130.14811019512945
33.55196789160499,130.1479899737584
33.55186555864867,130.14787241168256
33.55178244060721,130.14779785968358
33.55176146841711,130.14777888488766
33.551757945772636,130.14777569409307
33.551736306285534,130.14775102479007
33.55171816156394,130.14773224424778
33.55167882881494,130.14767783436457
33.551666919093066,130.14765027194255
33.551660306378096,130.14762136233605
33.55165477464817,130.14758031098268
33.55165346793325,130.14757060999568
33.551634585767545,130.14748474722342
33.55162672119627,130.14745477281963
33.55161346788731,130.1474046428101
33.55160169396305,130.1473710252527
33.55155697337568,130.14725131019986
33.55155253162411,130.14724844406055
33.55154233331206,130.1472469134144
33.55152480192811,130.1472419203784
33.551508667191285,130.14722775605617
33.55149736001522,130.14721053224036
33.551485441300144,130.14718286639618
33.55141938699518,130.1470431908906
33.55137186501963,130.1469918548903
33.55136294644285,130.1469797796932
33.55135741381366,130.14696197131798
33.55135489211466,130.14694875488124
33.551344441093136,130.14692516206662
33.55133313481639,130.1469073932617
33.551325639866434,130.14689014336545
33.55132541413661,130.14686978001635
33.55132630626406,130.14685652400942
33.55134269371041,130.14676019492708
33.55137500005628,130.14660686141758
33.55139022467915,130.14648674436785
33.551393332736154,130.14646038883598
33.5514000003098,130.14640394288767
33.55140180165188,130.14638875513697
33.551427586114244,130.14621705567265
33.55145541383632,130.146003553921
33.55146536033817,130.1457494423829
33.55146466696084,130.14560730183553
33.55145910825132,130.14540316472437
33.551426864858,130.1450820491973
33.551383135323476,130.14478213968403
33.551346360246384,130.1445768352528
33.55133397298454,130.14452978002544
33.55132827937666,130.1445143323706
33.551321531763335,130.14450394340236
33.551313865042914,130.14449197072793
33.551311972869314,130.14447819671147
33.55131013465507,130.14446260696377
33.551317721335806,130.14444949394908
33.55129822493319,130.14432961072305
33.551290053693094,130.14429525302353
33.55127858643766,130.14426649810048
33.55125449539872,130.14421105129907
33.55120482943937,130.14409674386968
33.55110577541126,130.14386664063306
33.55109661311826,130.14384455328354
33.551039197700845,130.14370596595768
33.551024359786425,130.14368308720475
33.55091449500799,130.14356075242688
33.55090158613933,130.143544642871
33.55088719788591,130.14352516175688
33.55088172101466,130.14351671892155
33.550868973124636,130.14349703006394
33.55085649503127,130.14346722383334
33.55085272057664,130.1434545532851
33.550849829256265,130.14344250326894
33.550832108115344,130.14340747107804
33.5508260268997,130.14340258056473
33.550711694289305,130.14330927410379
33.55052838727528,130.1431919710327
33.550505864653985,130.14318282672616
33.550472721039284,130.1431747472169
33.55026289211884,130.1431450578982
33.55022589221119,130.14314102533808
33.55019899978407,130.14313868979877
33.55017641421023,130.14314613528597
33.55006399985376,130.14318719833057
33.549999999600345,130.14320875508008
33.54985735992926,130.1432567438037
33.54982802674209,130.1432630867222
33.549805441168246,130.14327277601785
33.54979199990095,130.1432835543926
33.54978141398112,130.14329163390187
33.54977755858749,130.1433048116678
33.54977653156175,130.14331569436388
33.5497568921669,130.14332775607113
33.54973819795953,130.14332425411112
33.54971510786601,130.14332308679104
33.54969202676568,130.14332352835822
33.54966946817149,130.1433344227455
33.54963149519739,130.14338422809976
33.549623720558316,130.1433945271358
33.549612720950336,130.14339399473715
33.549605054229914,130.14338072613964
33.549531252265524,130.14324413710733
33.54951835958468,130.14321778157546
33.54944064017343,130.14310352810537
33.549430162172314,130.14308577189092
33.54942099987932,130.14306680878622
33.54941919763792,130.14299919595624
33.54941594568942,130.14290855958245
33.54938627885372,130.14280535698174
33.54933266666927,130.14265394262543
33.54931263966665,130.14262291781347
33.5492948924454,130.14259875482878
33.54920510772956,130.14252641965857
33.5491345855927,130.14248447527837
33.54909044057143,130.1424769389596
33.54892133295323,130.14245771685023
33.54878500022761,130.14244194633886
33.548771999628116,130.14244077811952
33.54876382928734,130.14244486373957
33.54875902690759,130.14245630401524
33.548759053887295,130.14247116711078
33.54876089210154,130.1424912840456
33.54875372090754,130.14249642007383
33.54874841400817,130.14249980512193
33.548730198240094,130.14249632924225
33.54863082944928,130.14246985679847
33.548613027369356,130.14246464342864
33.548592864569116,130.1424570819288
33.54857510835461,130.14244391675345
33.54845038677598,130.14235027214738
33.54843791857513,130.14233477323125
33.54842594590076,130.14232272411448
33.548409026955085,130.14231581102592
33.54838946759992,130.14231620043233
33.548381225313335,130.14231089533166
33.54837005393489,130.14230099919178
33.54836766713419,130.14229455285135
33.54836333330127,130.14227814472065
33.54835277526041,130.1422396888106
33.548340639808714,130.14221914379846
33.54833094601639,130.1422109473774
33.54827444071293,130.14220124459177
33.5482579192676,130.14219939018972
33.548242801664,130.14219114070863
33.548230161692686,130.14217586302573
33.548207414240835,130.1421460307148
33.54811366711209,130.14206910540497
33.54809955944717,130.14206430572324
33.54808638707715,130.14206302239063
33.5480741347136,130.14206647218998
33.548055026818076,130.14209024576826
33.54804669370003,130.14210066081694
33.548035972881905,130.1421128268455
33.54802861283025,130.14212033708395
33.54802274835123,130.14212031100362
33.548012026633785,130.1421080289624
33.5480038293133,130.1420834495916
33.547998613245454,130.1420683014111
33.54799177480061,130.14206007801022
33.54798497322798,130.14205477290955
33.547975747982434,130.14206111492854
33.54797325236376,130.14206642002932
33.54796497320501,130.14206744525643
33.54794844096784,130.14206386505543
33.547937251602946,130.14205158211485
33.54791402661107,130.14201583676152
33.547909198151046,130.14200824918146
33.54790674839779,130.1419937224324
33.547906359890646,130.14197736736173
33.54790255935569,130.14196341078286
33.54789874802884,130.14194525257142
33.54789641428812,130.1419208296826
33.54789849531937,130.14188408608175
33.547904359798395,130.14187185530193
33.54790977461647,130.1418707257535
33.54791802679557,130.1418801173736
33.54793782896769,130.14191461716587
33.54796069423071,130.14193224387805
33.54798744096769,130.14194005179206
33.548014306415155,130.1419419457643
33.548032828852,130.141935642416
33.54806710831048,130.1419091052211
33.548076892035,130.14189050634184
33.548090162431095,130.14187894915426
33.548104747636046,130.14187783399495
33.54812710837939,130.14189141375778
33.54814027895077,130.14190311303832
33.54815282898994,130.14191786012123
33.548162494903295,130.1419347727716
33.548174134828514,130.14194885885286
33.548184414079515,130.14195005225315
33.54820591866826,130.14194263284628
33.548254251832304,130.14192902700302
33.548288360419576,130.1419205059267
33.548412386822235,130.14189094700964
33.548582748095384,130.14184435763104
33.54874330585892,130.14181166008007
33.54877158594002,130.141807716553
33.54879841361594,130.1418020876963
33.54882238684371,130.1417899999086
33.548847333137985,130.1417715557128
33.54887136032505,130.14174955919486
33.54889725180675,130.14172700419795
33.54892169358135,130.14171491641036
33.548938278878495,130.14171444876285
33.548961162127966,130.14172389074497
33.54897374814004,130.14173335880753
33.54899135956367,130.1417363040872
33.54901458635413,130.1417341628014
33.549020108191485,130.14173364479188
33.54904599967318,130.1417244753044
33.54908066673943,130.1417183005592
33.54917097306202,130.1416833852801
33.54920297273907,130.14166666688322
33.549304468426556,130.14161369591545
33.54941486470432,130.14155389099938
33.549603000178365,130.14147063626092
33.54974469376265,130.14139988299826
33.54989622503081,130.1413164456975
33.549999999600345,130.1412494417084
33.55009916244643,130.1411854216699
33.5503972787115,130.14099241187034
33.55057719797935,130.14087002583108
33.55058008120585,130.14086827485107
33.55058691875138,130.1408639949774
33.550709892047905,130.14078749684552
33.550711559391004,130.14078072584994
33.55071474838701,130.14077141426947
33.55071486529886,130.14076269804013
33.55068613465744,130.14068802912925
33.55073597328658,130.14065866356657
33.55077382934877,130.14074778188467
33.550874612773214,130.1406794936638
33.5510347478554,130.14055374775728
33.55120435999328,130.14043555076012
33.55132363977418,130.14034552502608
33.55148827866117,130.1402291959207
33.55157627912206,130.14016416324557
33.551656945611626,130.14010455258313
33.55181261286185,130.13998294355804
33.55194330593889,130.13989635503287
33.552010387269604,130.13984561618236
33.55215774838143,130.1397347468611
33.55230602680177,130.13960966285572
33.552358225251965,130.13955852110894
33.552505919112946,130.13942749708144
33.55263694583846,130.1393019463278
33.552799829248784,130.13914138766495
33.55298844136354,130.13896936444473
33.55305097302403,130.1389104669446
33.55315880173737,130.13880569412754
33.553286775264496,130.13868144019636
33.55342016181106,130.13854466860164
33.55350302714305,130.13846413701037
33.55356094618077,130.13840780797398
33.553682531823426,130.13828058358217
33.55385019782841,130.13810919618254
33.55391633307238,130.1380363942642
33.55403266667429,130.13789686085147
33.55417063976324,130.13773214012622
33.55427710780231,130.13760055761975
33.55439382901204,130.13745325586308
33.55446030599836,130.13737730182106
33.55447602704709,130.13738177684763
33.554486495155686,130.13738686071508
33.55452855914575,130.13740505759745
33.55461438684455,130.13745428019092
33.554625333392494,130.13745999987918
33.55464772111549,130.13747849533638
33.55465582940303,130.13746538322096
33.55463500020517,130.13744827541768
33.55462897294882,130.13743863828256
33.55462446824464,130.13742888513502
33.55456513457335,130.13736204931922
33.55454200041305,130.13732900103264
33.55452702670095,130.13730105100274
33.55465269436638,130.13715377442725
33.554790054117746,130.13696880726468
33.55484280205371,130.13690269810115
33.55492444071041,130.13679345025764
33.55502833309117,130.13665413717877
33.55513613482481,130.1365039953631
33.555208225379374,130.13638352757778
33.55528833338991,130.13626180343954
33.555332197822736,130.13619944175093
33.55537780244367,130.1361232808648
33.55541313500822,130.13606878104952
33.55544989209892,130.1359999217591
33.55547391928599,130.13595496824723
33.555532775417305,130.13584713413798
33.55555869387865,130.13580163383835
33.555593027296425,130.135735162248
33.55561546807945,130.13568077844525
33.55564461330829,130.13560608255477
33.55566022463972,130.13556832721656
33.555690054252636,130.1354756421872
33.555724332811735,130.13537697756556
33.55574705418326,130.13527489012415
33.55577913479931,130.13513099859676
33.555791864702826,130.1350660567532
33.555802775277925,130.13502836616624
33.555835134683775,130.13494927438956
33.55584816226292,130.134917418604
33.55586813530624,130.13484430641972
33.55587649540399,130.13478972836333
33.55588091916911,130.1347126978328
33.55587680207282,130.13467922236828
33.555872360321246,130.13466182858053
33.555863027157045,130.1346439428637
33.55585866724374,130.13463880683548
33.555848441052774,130.13463483812734
33.55583969424657,130.13463491636833
33.55583149512745,130.13463552520943
33.555803054067724,130.1346566152107
33.555789000362154,130.13465791203305
33.55577691886975,130.1346580541259
33.55576816217098,130.1346552266574
33.55576425191873,130.13464827489804
33.55576019777499,130.1346106103914
33.555754135445056,130.13458461728635
33.555732468078986,130.1345153568983
33.55572855872606,130.13450905265074
33.55571833343441,130.13450561634113
33.55570191900841,130.13451622564332
33.555691720696416,130.1345173929634
33.55568638681734,130.13451572022439
33.55568397303699,130.13450185537636
33.55570644079967,130.13445705564868
33.55571658605163,130.13444661541905
33.55575238716301,130.13443525338425
33.55576055930243,130.13443055802395
33.55576822512353,130.1344177822549
33.55577491877756,130.13439455276648
33.55577946844778,130.13435228283163
33.55578282921425,130.13434007813214
33.55579094559573,130.13432955876215
33.55581749538118,130.13430797683168
33.55586510818824,130.134243838982
33.55587944068367,130.13421914359867
33.55591258609701,130.134160660686
33.555919694338456,130.13413280238694
33.55593633269564,130.13407535729198
33.555948585958504,130.13402494219736
33.55594949517314,130.1340139425895
33.555932864909835,130.13398158228426
33.55593327859799,130.1339764201757
33.55593666724343,130.13397002599595
33.555957440683414,130.13396347623348
33.555985558886505,130.13395802903983
33.555989801887904,130.1339498829808
33.555989801887904,130.13393719804333
33.55598338702373,130.13392099855525
33.55598286541698,130.13391055832562
33.55598519825833,130.1338937221176
33.5559947211795,130.13386358044
33.55599461326085,130.13384849521196
33.5559926131686,130.13383238655547
33.555986639871605,130.13381844436583
33.555986081392575,130.13380455343747
33.555987026580055,130.1337959136506
33.555992775046604,130.13377961074048
33.55600041388806,130.1337633851722
33.556004639802325,130.13374997358244
33.55601022459223,130.13370824863682
33.556015748228276,130.13365036287405
33.5560195316761,130.13363469488536
33.5560247207643,130.1336161346769
33.5560371619855,130.1335928656183
33.55606444112112,130.13353238711
33.55608899980757,130.1334204673807
33.55609038656212,130.13340019486316
33.55609008079267,130.13335616135782
33.55609002683332,130.13333763892092
33.556088495287895,130.13333333296703
33.556086532067866,130.13332785969305
33.55608113523624,130.1333180292038
33.55604916163958,130.1333217766787
33.5560414409598,130.13331433209078
33.55603749473465,130.1333051104425
33.55603546766275,130.13329705611432
33.556035919122394,130.1332848640053
33.5560363058309,130.13327321688553
33.55604869399207,130.13324133591902
33.55607646775485,130.13318033670328
33.556082135282395,130.13315131018487
33.55608200038404,130.1331315817572
33.556076278897194,130.13306219186677
33.55606738730012,130.13302866424158
33.55605797319697,130.13299635519775
33.55604466682797,130.1329639688122
33.556015748228276,130.13290114127471
33.55600502741015,130.13288963714706
33.555992864978805,130.1328799478514
33.555981639641004,130.13287185485228
33.55597382902903,130.13286561625523
33.55596316217026,130.13286108906811
33.55587099964697,130.13284564231265
33.55586619816654,130.13284330677322
33.555864720580416,130.1328357722532
33.555870333249345,130.13281603123494
33.55590836018274,130.1327728916557
33.555910720903114,130.13276306116643
33.555909774816314,130.13275608332663
33.55589697296699,130.1327301432816
33.555896468447315,130.13272260696283
33.55590030585449,130.13271503197325
33.55590561275386,130.13270172470493
33.555905558794564,130.13269247697633
33.55584402718017,130.13261189412367
33.55584055939437,130.13260727610498
33.55583661316922,130.13259752295733
33.55583710779632,130.1325882491484
33.55584425201067,130.13257775585885
33.55585436039047,130.13256839211772
33.55586986470257,130.13255260721712
33.55588174834406,130.13251252893008
33.55588638704717,130.1324951360417
33.55588633308787,130.13247491568484
33.55587808090877,130.1323887156667
33.555879467663374,130.13238236105713
33.555882332903366,130.13237941577745
33.55588774772144,130.1323781971961
33.55592310816496,130.13238083041108
33.55593327859799,130.1323766674493
33.55593849466584,130.13236625240074
33.55594280241843,130.1323470563716
33.555933694084786,130.13228230878156
33.55593210768069,130.13226208842468
33.55595108067786,130.13219124522982
33.55595391893826,130.13218433214126
33.55595916198581,130.1321743577605
33.555978413772834,130.13215630387037
33.555994332672356,130.1321358883606
33.556013999946174,130.13209863844145
33.55604697268967,130.13201968875774
33.55604974799752,130.13200169871948
33.55604913465987,130.1319808038711
33.55604377470047,130.13197277562313
33.55604182856757,130.1319652527942
33.55604277465437,130.13195944227448
33.55604991886872,130.1319507521256
33.55606349503432,130.1319459659336
33.556085360251245,130.1319510246202
33.55611008081564,130.13195144010695
33.55611922512219,130.13194380036612
33.556130532298255,130.1319104148339
33.556141918614685,130.1318768089676
33.55618266689663,130.131760532023
33.5562015859345,130.13169411169395
33.556217612752675,130.13162708162463
33.55623322498337,130.1315502462469
33.55625566666572,130.13142306142515
33.55626855934656,130.1313158631366
33.55628341434817,130.13115007761405
33.55628338736847,130.1311461089059
33.55628010844032,130.13113978037666
33.55598433311053,130.1310180292587
33.555659864910865,130.13088291781241
33.55541058632957,130.1307825552708
33.55540486484267,130.13077561610191
33.555404441262,130.13076763911533
33.55540972118172,130.1307515556398
33.555326360323306,130.1307185855943
33.55486386507539,130.13052999955994
33.55440125201619,130.13034328141737
33.554101224691806,130.13021802923868
33.55411772095613,130.13016702958475
33.55447046833751,130.13031199670138
33.55497664005992,130.1305168092034
33.5554364139594,130.13070044087272
33.55549591940121,130.13048016902462
33.5556007479762,130.13011791221197
33.555624413635826,130.1300322832633
33.55568635983769,130.12981586321155
33.5558173056242,130.12934286568077
33.55591772122591,130.1289952786093
33.556013999946174,130.12866005182002
33.556017892212026,130.12864666720998
33.55607872055657,130.12842569389068
33.556101081299914,130.1283498828409
33.55605210781857,130.12833455299733
33.55604974799752,130.12834405973058
33.555921359882916,130.12830839171897
33.55592863989489,130.12826739342552
33.556060558747845,130.1283063547545
33.55605855865559,130.1283155251415
33.55610602667184,130.12833272377623
33.55616016226173,130.1281486640297
33.55560038734802,130.12792566813516
33.55565336011455,130.12773849493567
33.55567191942362,130.12767347575038
33.555828891590124,130.12712416265003
33.555884252056615,130.12690383864128
33.55588202713392,130.12689855962094
33.55582572058057,130.12683827536614
33.55582410809615,130.12682914365007
33.5558241620555,130.12681224359028
33.55582744098365,130.12680379985557
33.55583541437295,130.12679413664011
33.55584825219512,130.12678635480654
33.55585697292099,130.1267850840644
33.55586836013674,130.12678649779866
33.555877613261316,130.12679630400623
33.55593716187059,130.12686569389678
33.55595086484061,130.1268501689002
33.55601874836657,130.12692875525795
33.55609594617101,130.1270177818452
33.55617558563483,130.12709905267923
33.556253693553174,130.12716652431573
33.55633182935048,130.1272243318375
33.5564175320435,130.1272828021597
33.556514693898066,130.12734138759504
33.55662380234668,130.1273948900622
33.556760054133235,130.1274497280226
33.55677025244523,130.12740902740472
33.556846441210325,130.1271044746918
33.556910748132566,130.12685247656066
33.556901252191096,130.1267834113254
33.556790134657035,130.12680552475524
33.55668010800065,130.12682688725113
33.55667433255445,130.1267871084384
33.5568943867666,130.12674105055908
33.55687041443815,130.12656533112522
33.556843774720505,130.12636905318936
33.55683438669763,130.12630153029147
33.556812613211605,130.1261441894029
33.55669589200187,130.12594299577268
33.55648841390922,130.1255849675723
33.556393360065556,130.12541836636456
33.55629761284462,130.1252505843471
33.556181198303705,130.12522503190974
33.556034359698,130.1251929180188
33.55596013505226,130.12517644603622
33.55580119786703,130.12514111527037
33.555575162264006,130.12509105091135
33.555507586306135,130.12526177730922
33.55544155898082,130.12542472097414
33.55525953170206,130.12571936405743
33.5552101076604,130.12583357975598
33.55514861291823,130.12603710802614
33.55531472129741,130.12623455328207
33.55535038661111,130.1262815824291
33.555351999994855,130.12629263329848
33.55534819766126,130.1263024772776
33.555337225032986,130.12631736735273
33.55532463992023,130.1263237219623
33.55531491914826,130.1263237219623
33.55530510844403,130.1263171344283
33.555093251552364,130.1260756682575
33.55508566667021,130.12607425362398
33.55504708125784,130.12606299591062
33.55503605377089,130.1260986378419
33.55478766731704,130.12599949388164
33.55472664022233,130.12597491630936
33.554570829080546,130.12591219219394
33.55449291901306,130.125881089141
33.5543437205863,130.12582152973982
33.55429577503003,130.12580241195178
33.554077864801684,130.1257138386228
33.55419746833854,130.1252845526401
33.55392116243178,130.12517997407656
33.553669972791056,130.12507491617453
33.553547252204,130.125497108305
33.553568414151016,130.12550639380504
33.55342582933861,130.1260105060801
33.55325219813051,130.12663922212244
33.553242694095104,130.12667355374163
33.55314116243477,130.1270323346746
33.553120135385996,130.12710671939965
33.55308389180823,130.12723450137116
33.55304122527235,130.1273853572485
33.553009197716335,130.12749810615276
33.55297982855632,130.12760199673482
33.55296582880999,130.12765124540874
33.552951829063716,130.1277008043487
33.55290802668412,130.12785557677353
33.5528629733476,130.12784697835548
33.55290449504645,130.12770128368732
33.55290874794042,130.12768671916683
33.55313358564649,130.12689219242077
33.553222197646335,130.12657910514167
33.553275747777604,130.12638871596653
33.55335053180164,130.12612306073072
33.55342174821516,130.12586917042597
33.5534979999328,130.1255975616782
33.55352774770745,130.1254913877175
33.553632360445135,130.1251149423008
33.55363408084821,130.1251012447267
33.55363469418586,130.1250843320763
33.55363372111941,130.12504978012328
33.553635332704516,130.12503747110247
33.55364369370153,130.1249999999501
33.55364416224836,130.12499785956368
33.55365416181019,130.12495824892414
33.55373397304447,130.12468024599661
33.55381549478932,130.1243899484374
33.5539312519258,130.12397622612195
33.553932919268846,130.1239697537012
33.5539290539827,130.1239618288754
33.55390410768848,130.1239176649683
33.55387819822033,130.1238717770609
33.55386627860594,130.12384433155069
33.553855531707484,130.12381308730414
33.553760333072944,130.1235893000063
33.553724972629425,130.12350975407196
33.55369366722903,130.12345364536952
33.55364013508421,130.12336933932363
33.55360766686039,130.12332871604747
33.55359355919546,130.12331238705713
33.55356858592154,130.1232978863884
33.55345882906175,130.12324569423345
33.55333558596857,130.12315766499432
33.5533138286703,130.12314250332395
33.55318308073464,130.12305119335792
33.5531346936113,130.12302939019423
33.5531123598476,130.12302144018736
33.55307755878238,130.12301985738054
33.5530606398367,130.12302306076572
33.55304316241205,130.1230261346485
33.55302302659146,130.12302341060195
33.55300566697798,130.12301669266628
33.552989891970014,130.12300428022343
33.55296497265539,130.12298652400898
33.55293646774385,130.1229673018995
33.5528558021536,130.12291289201642
33.552839585578454,130.12290111539426
33.552813468366935,130.12289243783584
33.55277644058032,130.12287461687015
33.5526646395615,130.12280875502006
33.55252833291627,130.12272452721527
33.552415864600505,130.1226664462995
33.55239138685306,130.12264869008504
33.552375135204386,130.1226336956886
33.55235402721661,130.12261795125755
33.552318162253414,130.12259741883588
33.5522974949335,130.12259345012774
33.55227130577617,130.12258669262178
33.552250667234546,130.12257744489318
33.552234386807584,130.1225675883236
33.552207801948555,130.12254533100224
33.55218233314821,130.1225262258048
33.55214974801254,130.1225097538221
33.55210410831802,130.12248274987905
33.55208458583502,130.12247282675958
33.552071468323675,130.12247080418433
33.55206225207132,130.12246552516388
33.55205738673908,130.1224538393733
33.5520492793508,130.1224407776199
33.55202286536297,130.12240216612713
33.55200544099836,130.12238832735943
33.55198536003638,130.12237852115186
33.55196413513676,130.12237508394298
33.55193961332253,130.12237620000167
33.55191399973137,130.12237408569558
33.55188789241237,130.1223660574476
33.551856891882096,130.12235483840516
33.55177325223383,130.12230797743132
33.551736279305885,130.12229477268568
33.55169719836704,130.12227622596708
33.55158238731735,130.12223571960283
33.551550919139686,130.12222386473968
33.55151886460396,130.12220469479087
33.55149277527141,130.1221869781466
33.551479306125145,130.12216869043277
33.55145174819967,130.1221236451902
33.55144966716847,130.1221209733044
33.55142955922685,130.12209544694736
33.5514073333818,130.12207702973114
33.551310774972364,130.1220021917478
33.55128849516797,130.12198713439875
33.55126997273112,130.12198247680988
33.551257000010594,130.1219725806701
33.551251586091894,130.1219582229936
33.5512533325753,130.12193613474494
33.551253999872245,130.12191469490733
33.55125030635662,130.12189319121785
33.551221775364695,130.1218338386608
33.55122166744604,130.12183360573636
33.55117808090375,130.1217508042563
33.55113974820085,130.12168744521944
33.551121386742636,130.1216671727019
33.551102359786114,130.12165141388175
33.55107736043192,130.12163758770453
33.551036107630296,130.12161516221
33.55099230615008,130.12158189358956
33.55096780232225,130.1215580291797
33.55095277465091,130.1215379122449
33.55094172108363,130.12152824902955
33.550935135348254,130.1215283011902
33.55092319774741,130.1215362781768
33.55091355881376,130.12155199742676
33.550906359740736,130.12157878103596
33.550899279378314,130.1215820878432
33.55089319816261,130.12157632858475
33.550889224957814,130.12156591443545
33.55088513484117,130.12154894872504
33.55088144132549,130.12152228292712
33.550884892024214,130.1215007261776
33.550886332738116,130.12148639368218
33.55088380204586,130.12147488955452
33.550843945891415,130.12139785992338
33.550828829187196,130.12137756222478
33.55080505381022,130.1213435543616
33.5507476941508,130.1212657198372
33.55072063984568,130.12123627783205
33.55069186513754,130.1212113881951
33.550670134818915,130.12119878059934
33.550646252422666,130.12118761281818
33.55063053227332,130.12118291835702
33.5506092516157,130.1211828023445
33.550585801793375,130.12119372191285
33.55058022509735,130.12120669283468
33.5505779462153,130.1212294420851
33.5505788923021,130.12126194628183
33.550578748410544,130.12127885893221
33.5505749190973,130.1212853574334
33.5505666669182,130.12129308710632
33.55055361325867,130.12129622574025
33.55054591865928,130.12130202277024
33.550540946307706,130.12131499369207
33.550532694128606,130.12132272426436
33.550521332993185,130.12132272426436
33.55051477513683,130.12131352779716
33.550518197956535,130.12129852081011
33.550531278595656,130.12128763901342
33.550544468052806,130.1212772761255
33.55055213477323,130.12126566767654
33.55055280207023,130.12124616138135
33.55054586469993,130.12121878062226
33.55054061265918,130.12117975364276
33.550539198025604,130.12116866410258
33.550538108047306,130.1211439165586
33.55052786476921,130.12112367102065
33.55050625226181,130.12110072571795
33.55048186534589,130.121071245042
33.550475332670544,130.12106367095168
33.550403946285144,130.12098031099265
33.550303197934284,130.1208709471366
33.55028208095331,130.12085649772928
33.55025327926546,130.12083741861204
33.55020119772712,130.12080455288788
33.550126748250875,130.12078247722957
33.55007213512101,130.1207491051871
33.55001374843579,130.12071644630703
33.549999999600345,130.12071413684805
33.54997708127735,130.12071033721236
33.549943693946375,130.12070542241736
33.54991908130063,130.1207069386743
33.54990282875258,130.12071369618025
33.549894667405056,130.12072085568298
33.549880585820404,130.12073211429572
33.54986969413113,130.12073350194964
33.54985700020046,130.1207244745549
33.54984869406201,130.1207115297134
33.549826053629545,130.1206961611989
33.54980466685197,130.1206937743982
33.549782333088274,130.12069852102002
33.54976177458627,130.12070983089404
33.549740027180576,130.12071910470297
33.549721000224054,130.12073166013806
33.549712972875454,130.1207460825657
33.54969316171008,130.12077296959694
33.54967325161931,130.12080182884142
33.549653828961084,130.12082163371144
33.54963544142254,130.1208353834462
33.54962189223659,130.12084272371283
33.54960819825982,130.1208454468599
33.549598919054915,130.12084425435887
33.54955949457508,130.12081708224264
33.54953061284755,130.12080111477974
33.54951366692222,130.12080345031904
33.54950122480176,130.1208158627619
33.54949641432813,130.12082505832984
33.54949338721008,130.1208413360589
33.54948697324528,130.1208525029407
33.549471135284705,130.12085858595503
33.549463440685315,130.12085080412135
33.549457720997054,130.12083330691166
33.54944661257116,130.12081769108363
33.549434441146616,130.12080736686653
33.549419945873865,130.1207848118696
33.54941363982766,130.12075880707334
33.54941238707204,130.1207356684164
33.54940500004079,130.1207217514078
33.54939174763109,130.12071141370086
33.5493654406626,130.12070124506647
33.54934561330947,130.12068841803614
33.54933797266938,130.120679663136
33.54933397338419,130.12067486435353
33.54932289193795,130.12066269832496
33.54927497336138,130.12063119327502
33.54918805388564,130.1205816990862
33.549152224895295,130.12056588810526
33.54913202702147,130.12056481161687
33.549117558728426,130.12057238660645
33.54910246810448,130.12057878078622
33.549090999949726,130.1205755513207
33.5490799194028,130.1205652271036
33.549070026860306,130.12055627794996
33.54905897329303,130.12054919578884
33.54902533325259,130.12053508362726
33.54896236002497,130.12053121924043
33.548921639621994,130.12053228313846
33.5489041621974,130.1205383661527
33.54889246831283,130.12056583684398
33.54886363964533,130.12062038881993
33.54885580205365,130.12063513590283
33.54881508075141,130.12069089476904
33.548803162036336,130.12070080439867
33.548789612850385,130.12070749715338
33.54877658617056,130.1207134758463
33.54876233281544,130.12071360624805
33.54875194564585,130.12070983089404
33.54873266687912,130.12070280179296
33.54872005388745,130.12070099865218
33.548673027438326,130.12069491563796
33.54865608061368,130.12069508381114
33.548648386913555,130.12069063576428
33.54864605407221,130.12067891130278
33.54864577528235,130.12065286603695
33.548640694112805,130.12063600464796
33.54862902720788,130.1206197538986
33.548616864776534,130.12060622629633
33.54860364024586,130.12059795073492
33.54858553239643,130.12058897460156
33.548574558868836,130.12058058392688
33.54853161264384,130.1205484952169
33.54852391894377,130.12054664081484
33.548513027254444,130.1205499737024
33.54850435958855,130.12055846959777
33.548493494878926,130.12056513627203
33.54848691903612,130.12056649784563
33.54847758587192,130.12055938960418
33.54846489194125,130.12055046743023
33.548447359657985,130.12054341134944
33.54843641400936,130.12054031138632
33.54840680203233,130.12053403411846
33.54839138675317,130.12052438439287
33.54838366697271,130.1205147733382
33.54837963980856,130.12049394324094
33.54837402713969,130.12047839216416
33.548361333209016,130.12046610922357
33.54834869413696,130.12045386495402
33.54833097299604,130.12043455291234
33.54831825208572,130.12041841817552
33.54826961315217,130.12036291831407
33.548250332586804,130.1203409469772
33.548240973342274,130.12033070010182
33.548233865100826,130.1203294680306
33.54822019810371,130.1203347731314
33.54821053219035,130.1203453311722
33.548203558847206,130.1203556158191
33.54819755857051,130.12035966276824
33.54818327913506,130.12035785962757
33.54816899969961,130.12035027204752
33.54814977489224,130.12033549888417
33.54813582910526,130.12030105125257
33.54812586461702,130.12029405992303
33.54810561278384,130.1202870560029
33.5480864140568,130.12027691344883
33.548068333187075,130.12027053185966
33.548049252271255,130.1202733071675
33.54803569409205,130.12028258097644
33.54802155944748,130.12029769138542
33.54801177482358,130.12030319073972
33.54799925176411,130.12030632937365
33.54798569358496,130.12028771700454
33.54798308105438,130.12026158180663
33.547981721279484,130.1202356417615
33.54797986507879,130.12021608330565
33.54796605419011,130.1201902457833
33.54793658610464,130.12017666691975
33.547916801918916,130.12017428011904
33.547906224992346,130.12019313890232
33.54789749527322,130.12019655003087
33.5478886936084,130.1201907260213
33.547885251902926,130.12017438444036
33.547885161970726,130.12016072643644
33.54788561343037,130.12014769076336
33.54787394562612,130.1201291701252
33.54785782887575,130.12009810574307
33.547830027234,130.12003927389344
33.547771359960336,130.1199452272905
33.54772602693464,130.1198712841325
33.54770930583982,130.11982503199965
33.54769761285462,130.1198056417171
33.54768655928734,130.1197834761266
33.5476820536839,130.11976197063848
33.547678054398716,130.11974124486267
33.54766972128067,130.11972625226474
33.54766641357418,130.1197145529843
33.54766744059998,130.1197079771415
33.54767058642847,130.11969360597516
33.54766886512607,130.11968060987226
33.547662161579524,130.119664306063
33.547658279206246,130.11964938990752
33.547659828738176,130.11963827518628
33.54767225197293,130.1196231647773
33.54768482899169,130.1196177823349
33.54769897262952,130.1196169783409
33.547712081147665,130.11961038900836
33.54772025238776,130.1196024381021
33.54773966695211,130.1195702720505
33.54774280198876,130.11955527855332
33.54774377505521,130.11953769141144
33.54773991876232,130.11952988259804
33.54773594555752,130.1195149421609
33.54773474766051,130.11949924809187
33.54773733321139,130.11948092080786
33.547738864756866,130.11947055791995
33.54773716234024,130.1194580798266
33.54773655889511,130.11944710809757
33.54774410780436,130.11943389076146
33.54775558585163,130.11943775604766
33.54776280201173,130.11945007765905
33.547779279390284,130.11945778215102
33.54778963958023,130.1194563549269
33.54779672084203,130.11945102464517
33.54780653244558,130.11943627756227
33.54783397255983,130.11935158210986
33.547863305747,130.1192548123597
33.547864332772804,130.11922160759116
33.54785955917134,130.11919808042717
33.54785502658825,130.11917131030782
33.547858694023546,130.1191543841676
33.547869494881354,130.11913725028398
33.54788805419042,130.11910939018628
33.54791005430559,130.11906027191412
33.54792072116442,130.11902625235973
33.547931306184864,130.1189778859208
33.54795036012109,130.11889544686744
33.54795282876012,130.1188628923087
33.54794941403429,130.11883944158706
33.54794053232973,130.11881608259625
33.54793589182799,130.11878800306397
33.54793808077784,130.11873941629108
33.54793508063949,130.11872308730074
33.54792777544651,130.1186977560966
33.54789466690539,130.1186588846998
33.547876080616675,130.11863194640728
33.54785799974695,130.11862360609462
33.54784427879048,130.11862311326615
33.54782844082996,130.11862649831426
33.547816414196234,130.11862263302817
33.54780602702658,130.11861758783152
33.54779502741866,130.11860466907024
33.54778555935616,130.11858053216588
33.547777225338734,130.11856306103653
33.547766667297935,130.11854949386407
33.54776333261174,130.11853778199315
33.54776444057654,130.11852647211902
33.547777945695714,130.11851019528933
33.54777946824794,130.11849649771523
33.54777816243228,130.11847894924415
33.54777149485864,130.1184535020276
33.54775702656559,130.1184217766437
33.54770853242286,130.1183628269829
33.54766882915317,130.11831822330737
33.54764599986305,130.11829335885147
33.547607161741155,130.1182335539354
33.54757030572506,130.1181858107267
33.54754777500983,130.11817386503196
33.54750664001949,130.11814338520912
33.54749397306847,130.11812391668548
33.547485053592425,130.11810180325563
33.54747277514849,130.11806350202903
33.5474648647118,130.11802771710552
33.547458558665596,130.11798805430533
33.54744653203187,130.1179085857127
33.5474343327283,130.1178800781032
33.54741933293593,130.11785147876276
33.547409333374105,130.1178255252279
33.5474020003021,130.1177963035566
33.547384891599506,130.11776255469817
33.54737269409463,130.11774503230743
33.547357946112356,130.11773603099311
33.54734644108544,130.117732243948
33.54733538661884,130.11772386496443
33.54733099972589,130.11771282668565
33.54733416174224,130.11770169937404
33.54734230600269,130.1176958106132
33.54734997272311,130.11769250290672
33.547355919040456,130.11768199702658
33.54735466718421,130.11765788620255
33.547345135269836,130.1176214789482
33.54733061301744,130.1175844754432
33.54730408121844,130.11753002598994
33.54729033328232,130.11752360572984
33.547273387356995,130.11752572003604
33.54725702689035,130.11751866395525
33.547248225225474,130.11750972829134
33.547235640112774,130.11750391687235
33.5472263330289,130.11750208765125
33.54722513513195,130.11748518759134
33.547223829316295,130.11746625236572
33.54723197267742,130.11745841837137
33.54724786459735,130.1174588851195
33.54725982917785,130.11745747138525
33.5472684680654,130.1174437216505
33.54727274793902,130.1174215047987
33.54726980175997,130.11740128444183
33.54727138726474,130.1173824121687
33.54728027886182,130.11732697795776
33.54728330597982,130.11729766455562
33.54728738710327,130.1172513099001
33.547285973369014,130.11720372227398
33.547280440739826,130.1171881711972
33.54726869379522,130.11715836586598
33.54725216155805,130.11712846970318
33.5472135860382,130.1170799998422
33.54715472091368,130.11699099933526
33.54714633293696,130.1169782748276
33.54713794585956,130.11695433217676
33.54713177471166,130.11692372195228
33.547126612603165,130.11689319086815
33.54712535984754,130.11687230861025
33.54711249504567,130.11682367057597
33.547066585554546,130.11673474741076
33.547042829063344,130.1166919198962
33.54703072059135,130.1166731906153
33.5470224953919,130.11667005198137
33.5470164951152,130.11667852089704
33.547006197877806,130.11668377383717
33.546999080643104,130.11667481209292
33.54699491858065,130.11666666693316
33.546987467697534,130.11665211410389
33.546974162227855,130.11663136224763
33.54696427867856,130.1166126068864
33.546958666909006,130.1165938389346
33.54694855942853,130.11658155599412
33.546925026868564,130.11656788629898
33.546904802015035,130.11655291798286
33.546892198016565,130.11654182934205
33.546879612903865,130.11653605659376
33.546869197855244,130.11652883323916
33.546853386874375,130.1165100517975
33.5468380003735,130.11649177667425
33.5468308291795,130.11647085574543
33.54683080219979,130.1164558883287
33.54683466658662,130.1164389486986
33.54684553219562,130.1164206358037
33.54686733266135,130.11638077785074
33.54687164041394,130.11636577176307
33.546875440948895,130.11634228326977
33.546862252391065,130.11632464306786
33.54684749541565,130.11631885862846
33.54682619767095,130.11631627757424
33.5468125585528,130.11631102463411
33.54680266690963,130.11630197115915
33.5467960541946,130.11628761258328
33.5468014681133,130.11624910541195
33.54680694588387,130.11621839176541
33.54680899993542,130.11617992236563
33.54680346820555,130.11616489019764
33.546794197993904,130.1161499218814
33.54677719810928,130.1161336063809
33.54676516158298,130.1161265242198
33.546749865014306,130.11611610917112
33.546740558829754,130.116101140855
33.54673889238603,130.11608413737315
33.54673555859921,130.11606005173007
33.54672789187873,130.11604635505535
33.54673005384893,130.11603394261238
33.546737666610056,130.116024837876
33.54675458555573,130.11602282699198
33.54676933263863,130.11601555057723
33.546778054263825,130.1159985857662
33.54677364039122,130.11598817071751
33.546754531596434,130.11597510986348
33.54674741436173,130.11596474697558
33.54674577489766,130.11596208768026
33.54674794586106,130.1159503110581
33.546753946137756,130.11594313896478
33.54679655871428,130.11593980517796
33.546864306442615,130.1159311411093
33.546886694165664,130.11592263262344
33.54690197274789,130.11590233492484
33.546911748378534,130.115885331443
33.546937945629736,130.11587613497568
33.54694941378449,130.11588128359438
33.546959801853404,130.11589496767863
33.54697408128885,130.11591389121315
33.54698827888603,130.11593202334427
33.54700036037838,130.11594247706375
33.547014027375496,130.11596202292912
33.54702772135232,130.1159743841106
33.54704246843522,130.11598413725824
33.54705999981917,130.11598868962642
33.54707641424517,130.1159880034437
33.547086748354786,130.1159853045782
33.54709225220574,130.1159840599165
33.547092774711814,130.11599581135772
33.54708794625179,130.11601338500975
33.54709289162372,130.1160348895985
33.54711149499957,130.11605116732756
33.54713066674691,130.11605894916124
33.54714374828541,130.11606085572396
33.547156828924585,130.11606147895418
33.54716997341558,130.1160712446923
33.5471836673924,130.11608360587377
33.54728977480329,130.11611988272648
33.547427026636,130.11615994842293
33.547540279160614,130.11619992238855
33.547629640295725,130.11622250256653
33.54770746762557,130.11624216624307
33.54784119771318,130.11623961126907
33.547856639972,130.11623192026696
33.547868639626074,130.11622211405938
33.5478753063004,130.11620880679106
33.547871973412896,130.11618072635952
33.547869720611175,130.11614683540824
33.54787458594342,130.11611941597835
33.54788277516997,130.11609263326852
33.547892558894546,130.11607433206484
33.547905081054694,130.11607355415128
33.54791277475482,130.11607616128583
33.54792649481192,130.1161160048498
33.54793374784424,130.1161590014368
33.547931054374715,130.11618583720667
33.54793433330292,130.11620216619713
33.547938197689746,130.11621255516536
33.54794516203964,130.1162173278675
33.548061748351074,130.11621635480094
33.54819753159086,130.11620357993138
33.54821882933555,130.1161957198567
33.54823580224053,130.11618583720667
33.54824725240883,130.11617344994477
33.548248251555606,130.11615978024975
33.548248251555606,130.11614739298784
33.54825041442513,130.1161362782667
33.5482569731808,130.11613233473952
33.54826736035045,130.11613555071517
33.548282720771,130.11615316483676
33.548292494603004,130.1161576911246
33.54830953225917,130.11617002622575
33.54832536032717,130.11617588800686
33.54834772107051,130.1161770562262
33.548375135104436,130.1161906611701
33.54838058589536,130.1162083922036
33.54838672107036,130.11625722359202
33.548392224921315,130.11628396942967
33.54841419805683,130.1163159403285
33.54843710828595,130.11633153007608
33.54848777519072,130.1163690273088
33.548556747795715,130.11643089526967
33.54860810807776,130.11646730162477
33.5486874678524,130.11653230911884
33.54871108135137,130.11654204877664
33.54872953184247,130.11654888542273
33.548744467783024,130.11657005186646
33.54875977514354,130.11659477333023
33.54881394580701,130.1166416990552
33.548847720745755,130.11666666693316
33.54885174790991,130.1166696373939
33.54888186530587,130.11669367087632
33.548896586308445,130.11670999986666
33.54892022498842,130.11674905292648
33.5489344675517,130.11677647235638
33.54895199983497,130.11679267184434
33.54896453188769,130.11680503212665
33.548982585777765,130.11681089480703
33.549006693903834,130.11681344978092
33.54907877456583,130.1168087157497
33.54918036018552,130.11677902733027
33.54923827922323,130.1167560568466
33.549324586260695,130.11672124498955
33.54934638672643,130.1167074709731
33.54936825194335,130.11668786035648
33.549389748438216,130.11666666693316
33.54940146840312,130.11665510974558
33.549426081048864,130.116630829849
33.549437532116485,130.11661717274444
33.54944677534843,130.11659758820815
33.54944780237423,130.11657924833366
33.54944558644473,130.11655710792422
33.54944116178024,130.11654530522173
33.54943189156859,130.11651922218437
33.549430747630936,130.1164878862071
33.54943174767709,130.11646182925006
33.54943774795373,130.11643313907814
33.54945030608678,130.1164095327738
33.549465558588736,130.11638795084332
33.549477559142076,130.11636121939478
33.54948022473263,130.1163318025707
33.54948774756156,130.11629972824994
33.54950191907835,130.116263839005
33.549509558819125,130.11623705629518
33.54951053188557,130.11619591411022
33.54950994642695,130.11616199707862
33.54950877461033,130.1160999744343
33.549512531977825,130.11608369580597
33.54951463998867,130.11606472101016
33.549512468125954,130.11604977967363
33.549511360161205,130.116035357246
33.54951349515176,130.11601841761592
33.5495194954284,130.11599747060689
33.549528225147526,130.1159713102278
33.54952655870375,130.11596552488913
33.54952053234672,130.11596418939587
33.54950627899166,130.11596486388737
33.54949646828743,130.1159550576798
33.54949646828743,130.115943969039
33.54950680239705,130.1159270563886
33.54951719766058,130.11591522670642
33.54952697329122,130.11589564217024
33.54953674802255,130.11586299588066
33.5495388920063,130.1158368346023
33.54953227929133,130.11581664122502
33.54953227929133,130.11580683501745
33.54953446824118,130.11579766463058
33.5495442519657,130.11577744517297
33.54955789198317,130.11575522742191
33.54956546787207,130.1157323090988
33.549564892305966,130.11571335858469
33.549558332650975,130.11569061023351
33.5495511983292,130.11567752329915
33.5495380268585,130.1156762777381
33.549530441077025,130.11567367060343
33.549528225147526,130.1156678600837
33.5495357749561,130.11565411214758
33.54954949501325,130.11564233462616
33.54956100004017,130.1156474967346
33.54957022528572,130.11565075228043
33.54958386530319,130.11563046717242
33.54959861328541,130.11559975442515
33.54960941414322,130.11555988298232
33.54961269397069,130.11553897464398
33.549616413566696,130.11551880734714
33.54962516217154,130.11549394289125
33.54963491891641,130.11547099938718
33.54963436043744,130.11545347609706
33.54962449487459,130.11543914360163
33.54962177532474,130.115423450432
33.549627198236635,130.11541230873115
33.54962661277801,130.11539269811453
33.54962500029359,130.11538097275377
33.54961622470904,130.1153770822866
33.549608027388615,130.11536466894438
33.54960633306587,130.1153548897164
33.54961672113484,130.1153476906435
33.54962269443183,130.1153360048528
33.549622666552864,130.1153209214234
33.54962544096139,130.1153163546661
33.54963686504931,130.1153117249562
33.54964725221896,130.1153163546661
33.549653828961084,130.1153299739991
33.54965444139941,130.11533910481592
33.549655026858034,130.11536785973897
33.54965777518623,130.11537697796518
33.54966646803314,130.11538089541204
33.54968238693266,130.11537499406074
33.549689972714134,130.1153625546383
33.54969866735968,130.11534233518069
33.54969972136507,130.1153135541772
33.54970300029328,130.11529596613605
33.54970949519708,130.11528158237923
33.54972205422945,130.1152736962241
33.54973733281173,130.115267756202
33.54974502741112,130.11525861189546
33.54974216217107,130.11523775571789
33.549741162124974,130.11523442283044
33.54974333308843,130.11522202297806
33.54975416182515,130.11521286608092
33.54976569383177,130.1152083272026
33.54977441365833,130.1152069386494
33.54978313528352,130.1151912445804
33.54977927899057,130.1151801946104
33.54977374816002,130.1151658369339
33.5497775855672,130.11515933933208
33.54978958612054,130.11514552484618
33.54978744123747,130.11513769085184
33.54977102681147,130.11513775560297
33.54976058568252,130.1151274187954
33.5497633331114,130.11511758830613
33.5497714953583,130.1151018942371
33.54976930640839,130.11509596590622
33.5497632521724,130.11508430619585
33.54976489163647,130.11507255475465
33.54977474820612,130.1150626334338
33.54978455891029,130.11507374815506
33.54979010772735,130.11509263301866
33.54980697271367,130.11509591374545
33.549822333134216,130.1150873665888
33.54982936043666,130.11508535660403
33.549839225100186,130.11507814494053
33.549850134775966,130.1150644752454
33.54985174815971,130.11505141439136
33.549854494689214,130.11503114097445
33.54986261286933,130.11501997409255
33.549871359675535,130.11502000017288
33.549879612753955,130.11502778200656
33.54988622456966,130.1150414786814
33.54989433285721,130.11504280158408
33.54989658565893,130.11504213968306
33.54991069422323,130.11501075244428
33.54992433334138,130.11498919569487
33.54994074776732,130.1149773929924
33.5499609186615,130.1149714790506
33.5499724137959,130.11495380017777
33.549979972597725,130.1149283268809
33.54998480195712,130.1148968353208
33.54998964030972,130.11486671882403
33.54999622514572,130.11484060970645
33.549999999600345,130.11483547277896
33.55001694642499,130.11481250319457
33.550032225007214,130.11480535718158
33.55004697298949,130.1148149943166
33.55005633313334,130.11483525334438
33.55006727878197,130.11484172486576
33.55008086484008,130.11483910514062
33.55009997273561,130.1148259660456
33.5501141082795,130.11482325638826
33.55012569424542,130.11482917033004
33.550138828843956,130.11482461706248
33.550147161962,130.11480644626056
33.55014416182365,130.11478741930398
33.55013491859165,130.1147678077882
33.55013430615338,130.1147443318855
33.55013533317913,130.1147260046015
33.55014186495515,130.11470581122433
33.55015110818715,130.1146868607101
33.55016205383578,130.11466661517227
33.550171306060975,130.11464832655906
33.550184973058094,130.11464494241022
33.5501953332481,130.1146573278735
33.550199694060666,130.11467367125294
33.55020633285602,130.11468016885476
33.55021063970929,130.1146768872286
33.55022105385859,130.11466116707925
33.550233558931666,130.11465330700457
33.55025269380684,130.11464674375225
33.55027453204406,130.1146480288835
33.55029036011206,130.11464269770238
33.55029749533321,130.11463163424264
33.55030561261401,130.11462046736074
33.550322027039954,130.11461975419832
33.550341775252775,130.11463344997378
33.5503527209014,130.11465238699816
33.550353279380374,130.11467717321307
33.550351198349176,130.1147136955807
33.5503561077482,130.11474635536013
33.5503600269937,130.1147625809284
33.5503566941062,130.11478944187934
33.55035346823803,130.11480766484192
33.55034755879285,130.11482399473164
33.55034538693013,130.11486192004168
33.55034655874675,130.11488474663383
33.55034936013493,130.1149369387888
33.55035322542108,130.11497416262762
33.55035991907505,130.11501199710608
33.55037864026207,130.11508372163655
33.550387414047975,130.11512736663474
33.5503929997372,130.11516263264946
33.55039964033119,130.11522394303063
33.55041225242354,130.11524547280044
33.550424774583746,130.11525975403447
33.55042810837057,130.11528136204527
33.550426558838694,130.11531594007863
33.55042710832441,130.1153452525814
33.55043372103944,130.1153733851736
33.55044091921309,130.11540852078667
33.55044810839354,130.11546994807975
33.55045249528649,130.11549144007802
33.550461892302565,130.1155318286311
33.55047074792674,130.11557169917467
33.55047900010584,130.11560422765308
33.55049322468261,130.11563616078024
33.55053655941475,130.1157078862101
33.55055516189128,130.1157280544063
33.5505649995751,130.11574108918
33.550583027384846,130.11575274978964
33.55059235964973,130.11577236130552
33.55059574829522,130.1158029958117
33.55060722544317,130.1158075229988
33.550620864561324,130.11579639388856
33.55063416193707,130.11579216617554
33.55065361337358,130.11579961076347
33.55069135971854,130.1158209993397
33.55070610770076,130.11584247694884
33.55070564005331,130.11587705588147
33.550696946307085,130.11591041533347
33.550693224912436,130.11594102465858
33.55070036013359,130.1159685214302
33.550711332761864,130.11597885913716
33.550724945799686,130.1159775623147
33.55074464005315,130.11597099906237
33.55076322544255,130.11597413679704
33.550782387297374,130.11597802906283
33.5507981623054,130.1159799221358
33.55080802696892,130.11599630418618
33.550807026922826,130.11602302214487
33.55080155904477,130.1160380291318
33.5507862516842,130.11604002562672
33.55077041372368,130.1160322177127
33.55075680158518,130.11603289220432
33.55074910788505,130.11604341067493
33.55074802689995,130.11605581142658
33.550751359787455,130.1160786119384
33.5507568924167,130.11609622606
33.55076072083068,130.11611383928232
33.55075086516035,130.11612438383327
33.55074058590935,130.11613610919414
33.55073461261236,130.11615836561612
33.550736747602855,130.1161805321059
33.55073077520518,130.11620394325746
33.55071833308466,130.11622819707372
33.550708495400784,130.11625166038584
33.550704747925806,130.11628302244355
33.55069941404679,130.11630396855332
33.55069389220944,130.11632547314218
33.55068355899908,130.11634442275692
33.55066933262367,130.11635953316602
33.550661747741515,130.11637124503704
33.55065627896414,130.1163888330783
33.550652494617,130.11640255493398
33.550647586117236,130.1164078861151
33.550633946099765,130.11640586264048
33.55061866661822,130.1164105580009
33.55059622493587,130.11642564232955
33.55056894580025,130.11645769056997
33.55054941432405,130.11649944159603
33.550537413770655,130.11652369631156
33.55052980190891,130.11655630393034
33.55052710843938,130.11658496802193
33.55052389156441,130.1166105321504
33.55051572122363,130.1166418285576
33.55050497342586,130.11666666693316
33.55050046782236,130.11667708198183
33.550490667010706,130.1167186378549
33.550489586025606,130.1167329703503
33.55049433264736,130.11675297037334
33.55049880227796,130.1167719712496
33.55051694610023,130.11682783443712
33.55053244141908,130.11687555066624
33.5505717750674,130.11695625222933
33.550575359765105,130.1169634108328
33.55061233269305,130.1170149419861
33.55069713516468,130.11711002640664
33.55081413516427,130.11720649758183
33.55096594612155,130.11731674367286
33.551080802137335,130.1173923613685
33.5511913602931,130.11744527927624
33.551276865135264,130.11748383860834
33.55139933301285,130.11752630369597
33.551417027174125,130.11753075174283
33.55153327893771,130.11756036282054
33.55157741406646,130.1175675879739
33.5516438919521,130.11758002559782
33.55170541367397,130.11758739284392
33.551813774785956,130.117595966081
33.55186394616425,130.1175908300528
33.55190372137969,130.11759097304503
33.551944000215485,130.11758968881315
33.55198155860211,130.11758197083134
33.55208182941294,130.1175606101341
33.55211510792594,130.1175476652926
33.55214505355144,130.11753477261175
33.55216964011686,130.11751978001394
33.55219358636498,130.11750099857227
33.55227758574205,130.1174315556218
33.55228438731467,130.11742522709267
33.552318000375465,130.11737450083263
33.55232346825352,130.1173705582048
33.552376918560014,130.11735345040142
33.55239008103746,130.1173416602894
33.55239444095076,130.11733247731206
33.55239546797651,130.11731092056255
33.55239438699141,130.1172987806143
33.552382828904456,130.11727121909155
33.55237346786129,130.1172496632414
33.55237349484099,130.1172405063444
33.55237453175931,130.1172346949253
33.55238333342413,130.1172281451628
33.55240022539016,130.11723321733916
33.55241174840353,130.1172430217481
33.5524259729803,130.1172658105687
33.552437531966575,130.11727819693135
33.552464802109,130.11727489012412
33.55248280203972,130.11725717258048
33.55249855906129,130.11721477314336
33.552510027216044,130.11719119291934
33.55254097288764,130.11713355357074
33.55254544071954,130.11712525282826
33.55257216227551,130.117106251952
33.55260113483456,130.11709961135807
33.55263225227668,130.11709949444617
33.552656864922426,130.11709622630985
33.552687413993,130.11709483775667
33.55269997302537,130.11710116718518
33.55270319799422,130.11710963700023
33.552703721399666,130.11713302207136
33.55269986510672,130.1171609469202
33.55268786455338,130.11718377441173
33.55267372091555,130.11719868966782
33.55266005391843,130.11720389134655
33.55264866670268,130.1171986123262
33.55263989201745,130.11719666709257
33.55263553210415,130.1172044750066
33.55263008131328,130.1172246432028
33.552616972795136,130.11724277623318
33.55259955922236,130.11725447461436
33.55258264027668,130.1172616341172
33.55256794625376,130.1172733073173
33.55256191899741,130.11728758765207
33.55254719799484,130.1172953829756
33.55252538673727,130.11729992185394
33.55251941433954,130.11730902659042
33.552516639931014,130.11732391666544
33.552523694213164,130.11733761334028
33.55259819764876,130.11743141442832
33.55262402707723,130.11746077819237
33.552656613112276,130.11749328059045
33.55268816222895,130.1175188069475
33.55272138678265,130.11753763875106
33.55277966734781,130.11757808036418
33.552802558691155,130.11758861232465
33.55283138735871,130.11759832680139
33.55286782878733,130.1176030221618
33.552909306419394,130.1176030221618
33.55294633330669,130.1175979122139
33.55296864009074,130.11759080397246
33.552995413807366,130.11758824899857
33.55301991943378,130.11758499435211
33.55303953184898,130.1175785597028
33.55306236023978,130.117557755686
33.55308258599263,130.1175343841046
33.5531071347865,130.11750321719978
33.553122414268046,130.1174824122836
33.553131640412914,130.1174639168264
33.55314702691379,130.117433061087
33.55315305417014,130.11741477337318
33.55315905444684,130.11738555080262
33.55317436000877,130.11736999972572
33.553193892384286,130.1173661353389
33.55320210769116,130.11736807967316
33.55321027893126,130.11737457817435
33.55321135991636,130.1173869393558
33.55321135991636,130.1173993392082
33.55321291934081,130.11740319100454
33.553223278631435,130.11740255518384
33.55323694562861,130.11739669340272
33.55325055866638,130.1173818033276
33.553264748169624,130.117363580365
33.55327677480335,130.11734213962814
33.553291558758474,130.11731613483187
33.55331546813437,130.11729466891393
33.55336130567974,130.11726221777724
33.553382586337364,130.1172460830404
33.55340219785319,130.11724080401996
33.553425585622335,130.1172357201524
33.55344582936158,130.11722722425702
33.553494360376476,130.117205188169
33.55351886510357,130.1171883663501
33.553540161948945,130.1171675884135
33.55356089222147,130.11714099905794
33.55358102714274,130.11713377390458
33.55359244133814,130.11714163397926
33.55360010805862,130.11715274959977
33.553606585875286,130.1171644228
33.55361913501514,130.11716775568743
33.55362563981146,130.11716702993454
33.553644693747685,130.1171593002615
33.55365886526448,130.1171613102464
33.553666495112736,130.11715863836048
33.553684495043456,130.1171515822798
33.55370525229563,130.11714252880472
33.55372869402407,130.11712819720856
33.55374719757515,130.11711852140274
33.5537634950893,130.11711847014135
33.553776585620994,130.11712963702314
33.553791305724246,130.1171355248846
33.55380599974717,130.1171328916697
33.553831107919336,130.11711542233888
33.553842495135086,130.11710752269403
33.55385613515256,130.11709910503976
33.55386927874429,130.11709260743794
33.55389863981043,130.11709016937584
33.553929721279644,130.11708564218873
33.5539537205878,130.11707594030247
33.55394902702602,130.11706143963374
33.55394030630015,130.11705291765804
33.553926080824,130.11704583729556
33.5538929731822,130.11704185509757
33.55387497325148,130.11704452698336
33.553860225269204,130.11704919626345
33.55384541433443,130.11704861170415
33.55383725208759,130.1170413622691
33.55383610814994,130.1170329697958
33.55384430636968,130.11701855995864
33.553860693816034,130.11701658864467
33.553875413919286,130.11700802889743
33.553878666767105,130.1169956155553
33.55388133325698,130.116978664234
33.55389227890561,130.1169681061932
33.55390269395423,130.11696230916334
33.55391033279568,130.11694725001564
33.55391463964895,130.1169301952724
33.553922252410075,130.11692299619938
33.553930892196945,130.11692269762443
33.55394689203547,130.11692619958455
33.5539621975974,130.11693594014162
33.55397258566637,130.11695233478247
33.553975360074844,130.1169614404182
33.55398194581022,130.11696138825755
33.553989585550994,130.11695936388355
33.55399719831212,130.11696596580668
33.553998918715195,130.11697639434522
33.553995108287666,130.11698817096737
33.55399286537846,130.11700316536383
33.55398477507737,130.11701758779145
33.553980387285094,130.11703389070158
33.55398316169362,130.1170462258027
33.55398908103132,130.11705511020523
33.5540044135729,130.11704150526134
33.55401536012084,130.11703180337508
33.55403766690483,130.11702725010753
33.55405453189121,130.11702666734686
33.55407035995921,130.11703383944018
33.554081197689186,130.1170474974441
33.55409208128458,130.1170696630346
33.55409749520328,130.11709503201018
33.55409855910125,130.1171196887227
33.5540946938151,130.11714513593938
33.55407827938916,130.11719452670616
33.55408535975158,130.11720166012856
33.554104386708104,130.11721408606127
33.5541153062764,130.1172271082445
33.554116918760826,130.117238832706
33.554116918760826,130.1172531391211
33.554210000391265,130.11732036344404
33.55423230627599,130.11733661509277
33.55424041366422,130.1173366411731
33.55425136021216,130.11733147906455
33.55426064031633,130.11731717264945
33.55426882864356,130.11731457810538
33.55427913487421,130.11731847037117
33.554287864593334,130.11731591359865
33.55430035977383,130.11731136212973
33.554308000413926,130.11732044078576
33.554308027393574,130.11733411227954
33.55430416210743,130.11735105101025
33.55429380191748,130.11736344996336
33.554281775283755,130.1173738002608
33.55428019787291,130.11737897495982
33.55428719819571,130.11738678287384
33.55431119840313,130.11740116663054
33.55433838670723,130.11740769121207
33.554360721370244,130.11740518839883
33.554380359865775,130.11740391675744
33.55440053165927,130.11740910494632
33.55441572120861,130.11742866430143
33.55443149531732,130.1174417512359
33.55445277507556,130.11745282728623
33.55446964006188,130.11745481208993
33.554479440873536,130.11745031098314
33.554490332562864,130.11743791203003
33.55450510842405,130.11743333268225
33.55452738732913,130.11743603064838
33.554541585825575,130.1174412835884
33.55454641428565,130.1174503631438
33.554550829057575,130.11746011719072
33.55456227922588,130.11747119324104
33.55458241414715,130.1174758634204
33.554597639669396,130.11747386512684
33.55461889244799,130.11747063566133
33.55464391878189,130.11746683512638
33.55466302667742,130.1174655508945
33.55467716222131,130.11746422799183
33.55468586496073,130.1174564983188
33.554697333115485,130.117433748169
33.554704414377284,130.11742786030754
33.554715892424554,130.1174317507747
33.55472622473553,130.11743702979516
33.554734946360725,130.1174351097426
33.5547475323728,130.11741817101188
33.5547572792251,130.11742077814642
33.554768161921174,130.11742861214077
33.55478016157525,130.11743055827367
33.5547911081232,130.11742085638753
33.554801468313144,130.1174189111539
33.55481991880424,130.11742807974213
33.55484330567407,130.11744564170306
33.55485586470644,130.11746002635914
33.55486841384629,130.11747627800787
33.55487327917854,130.11748861220974
33.55488682926381,130.1175068873331
33.55490538677424,130.1175276913499
33.554920613195804,130.11754014336304
33.55493964015233,130.1175538391384
33.55495758612375,130.11756433242806
33.554974999696526,130.11756824897554
33.55498700024992,130.11756693866334
33.555004467782,130.11756632892298
33.55501694587542,130.11756888479624
33.555033828848195,130.11757486438853
33.55504958586977,130.11758394304456
33.55506482937841,130.11759693914746
33.55508449485359,130.11761075183483
33.55510130588061,130.11761661541448
33.55511713484793,130.1176231130163
33.55513608086551,130.11762325600853
33.55515855942002,130.1176290530384
33.5551678017527,130.11763358022563
33.555173251644305,130.1176401173975
33.55517535965515,130.11764664107966
33.55515630571898,130.11766674362536
33.555151360347054,130.11767975411738
33.55514753193313,130.1177005581343
33.555160000133924,130.11771756161625
33.55517910802945,130.11772791191368
33.555203585776894,130.11773586281993
33.55521125159805,130.11774880676205
33.555209532094295,130.11775992238256
33.55519430567273,130.11777352822583
33.55518889175403,130.11778328137336
33.555192107729624,130.11779496806344
33.555196973061925,130.1178060306239
33.55519372111337,130.11781780814545
33.55519477511882,130.1178379115904
33.555202360000976,130.11785163434547
33.55521433267535,130.11786204939415
33.555238829308564,130.11788422757513
33.555257332859696,130.11791094733246
33.55527361328666,130.1179317774297
33.555279639643686,130.11794347581088
33.55528938739536,130.1179714789007
33.55529319782289,130.11798649757884
33.555306198422386,130.11801124512294
33.55533505406953,130.118050921413
33.55535138665721,130.1180783012727
33.55536058582243,130.11809199704805
33.55536980207478,130.11810763895642
33.5553970002714,130.1181297541849
33.5554248288928,130.11814800322782
33.55543999955637,130.11815386500894
33.555453135054165,130.11814878114137
33.55546241425907,130.11813447472628
33.55546791900929,130.11812075197122
33.55547555875006,130.11811688668502
33.55548044116949,130.11811953338986
33.55549235988457,130.11813644604024
33.555508667291235,130.11815919619005
33.55553700043225,130.11820092113567
33.55555925235768,130.1182354730887
33.555596279244924,130.1182693388589
33.55561308127875,130.11828758790193
33.55563000022437,130.1183090529205
33.55564353232319,130.11833379956522
33.55565610844269,130.11835143976714
33.55569799976291,130.11838666711105
33.55572680235008,130.11840425425305
33.55575299960128,130.11842250329596
33.55576708118588,130.11843688705278
33.555779053860306,130.11844992182648
33.55578344075326,130.11846871585863
33.555783973151904,130.11849282668265
33.55578282921425,130.118511051444
33.555787693647176,130.11852208792413
33.555804000154524,130.11852085585292
33.5558149727828,130.11851566766404
33.55582310805005,130.11850847038966
33.555827494943,130.1185032813014
33.555838946010624,130.11850335864312
33.55585036020602,130.11850983106388
33.55586425203364,130.1185218549997
33.55587866726671,130.1185203108637
33.555888468078365,130.11851902663182
33.55589664021784,130.1185261609536
33.55589880218804,130.11853861206737
33.55590097315144,130.11855228266177
33.555908081392886,130.1185619971385
33.55591561321501,130.11858282723574
33.555921639572034,130.11861732792738
33.55592377456259,130.11865111455734
33.55592697255179,130.1186706999929
33.555935161778336,130.1186811672021
33.55595202676466,130.11869605727725
33.55596453183773,130.11871435758155
33.55597810800333,130.11873586306967
33.55598791870756,130.1187573020079
33.555993278666904,130.1187879509033
33.555994919030354,130.1188172238359
33.555992640148304,130.1188770035709
33.555995278759156,130.11890639431476
33.5560002250304,130.1189420884067
33.55600563984848,130.11896691329252
33.55601594607913,130.11898379986258
33.556038802348894,130.11900596635235
33.55604638723105,130.11901700373176
33.55605186500162,130.1190281454326
33.556053973012524,130.11904308676912
33.55605505399757,130.11905933931712
33.55605991932987,130.11908277564964
33.556084441144094,130.11912053188712
33.556118693622864,130.11915635458217
33.556180162284704,130.11921639422133
33.5562530541352,130.11928671940666
33.5562863326482,130.11931016922904
33.55631672074014,130.11932655038004
33.55635105415786,130.11933632870864
33.55636741372524,130.11933961123418
33.556384251731856,130.11933836567312
33.55639358579538,130.11933128441126
33.55640172106263,130.1193227759254
33.55641699964485,130.11931564160363
33.556433387091204,130.11931243821846
33.55644758558765,130.11930403405404
33.55646061316679,130.11929688714167
33.55646991935134,130.11930077760883
33.55647966710302,130.11930335866316
33.55649219825642,130.11931571984462
33.55649546819137,130.11933141391364
33.55649055879229,130.11933600495274
33.55647969408267,130.1193294156201
33.55647636029585,130.1193326981455
33.55647689179517,130.1193410888203
33.55647744128095,130.11935605713643
33.55647519837174,130.1193710506335
33.556477360341944,130.11938469514757
33.556486667425816,130.11939710759054
33.556494225328265,130.11940822321094
33.55649969410564,130.11942905330818
33.556504027039296,130.11944396856438
33.55651274776517,130.1194550841849
33.556558441418986,130.1194876909043
33.556575828911434,130.1194993641044
33.55660416205251,130.11951577223522
33.55662541393178,130.11950929981435
33.55663744056551,130.11950208815097
33.5566434138625,130.1195046952855
33.556643359903205,130.11951192043887
33.55663735962651,130.11951897472102
33.556637413585804,130.1195268347957
33.55664497328695,130.119535914351
33.55667113456525,130.11954900128546
33.55669674815647,130.11956275012085
33.55672610832329,130.11957191960846
33.55673138734369,130.1195713881092
33.55673916198282,130.11957061019552
33.55675172101519,130.11956024640835
33.55676155869901,130.11954593999315
33.55677091884286,130.1195309725764
33.55678391944235,130.11953494218392
33.556793134795385,130.1195518548343
33.55680622532708,130.1195668087613
33.55682582874903,130.1195733846041
33.55683838688208,130.11957403391455
33.55684869401205,130.11956756239317
33.55685849482376,130.11956306128627
33.55686780190757,130.11956693916295
33.55687102687642,130.1195747731573
33.556867747948274,130.11958450112388
33.55686505357943,130.11959691266748
33.55686991891167,130.11960858586758
33.55688949535397,130.11962358026403
33.55690694579897,130.11963202309948
33.556934721360335,130.11964185538739
33.55695919820846,130.11964839166
33.55698041411489,130.11965302226918
33.55700277485823,130.11965494232174
33.557079639913525,130.11965902704253
33.5571052247264,130.11965649814897
33.557125892046315,130.11965972761436
33.55714494598254,130.11966308658225
33.55715582867862,130.1196715051359
33.557172747624236,130.1196937219877
33.55718249537591,130.1197061092496
33.55721358583838,130.1197061092496
33.55722497305413,130.1197093387151
33.55724027861601,130.11970616141025
33.55725555899693,130.11969708185495
33.55726316186548,130.11967891105292
33.5572768288626,130.11966133560225
33.5572953602927,130.11965360592922
33.55732635992365,130.1196386376131
33.55734713516222,130.1196308953496
33.55736122484069,130.11963549897916
33.557365612632964,130.11964394271388
33.557365585653315,130.11966408572903
33.55736338681089,130.11969600536645
33.55736394618924,130.11971094670287
33.55737472096666,130.11973367077235
33.557387864558336,130.11974021963545
33.55741672110486,130.11974422791388
33.55743199968708,130.11974622620744
33.557451053623254,130.11975335873058
33.55746953199338,130.11976447525035
33.5575043870179,130.1197827503737
33.557524467979874,130.1197951619173
33.55757730584804,130.11981732840707
33.557605666868085,130.1198258881543
33.55762469382461,130.11983830059717
33.55764430623981,130.1198558625581
33.557658973283026,130.1198786639692
33.5576682246089,130.11989944190577
33.557677440861255,130.1199137744012
33.55769538683268,130.1199294423899
33.5577106672136,130.11993338501782
33.55772153192322,130.11993863795783
33.55773891941567,130.1199633594216
33.557750946049396,130.11998099872415
33.55777102701131,130.12000114084003
33.55780482892976,130.12001360634292
33.557865224700436,130.12002603137626
33.55788810794985,130.12003583668456
33.5579241078114,130.12005213959458
33.55793877485462,130.1200586641761
33.55795349495787,130.12006197098322
33.5579654676323,130.12006130998157
33.55797472075682,130.12005616136287
33.55798889227361,130.120056226114
33.55800744079079,130.12006593969147
33.55803244104436,130.1200816337605
33.558058613114554,130.12009795105962
33.55807436024361,130.12010910535105
33.558088531760404,130.1201103626032
33.558108666681676,130.1201137215711
33.55811361295292,130.1201247472593
33.55812064025537,130.12016119318457
33.55812930612262,130.12017552478073
33.558140775176696,130.12017941614715
33.55815166686597,130.1201748898593
33.55816805431232,130.1201593001117
33.55818105401249,130.1201508950478
33.55819855931611,130.1201515821299
33.55821535955124,130.12015744481027
33.55827638664596,130.12019138792232
33.558291586087876,130.12019983075766
33.55830522520603,130.1202031393634
33.558317224860104,130.12020250264345
33.55833333261728,130.12019671910332
33.558335197811175,130.1201960572023
33.55834613536592,130.12018819712762
33.5583603059834,130.12018761256832
33.55836736026549,130.1201902457833
33.558369559107916,130.12019744485622
33.55836953212827,130.1202051880191
33.55836997279607,130.12021627755928
33.558395721285535,130.12023722366905
33.55840033300899,130.12024968917183
33.55839913511204,130.1202587552374
33.55839091890584,130.12027111462032
33.55838216220707,130.12028077783566
33.55838266672674,130.1202905579629
33.55839289201839,130.12030758842457
33.558409694052216,130.12032389133458
33.55842702668599,130.12034224379954
33.55844116222988,130.120362554988
33.55845246760737,130.12037958544954
33.55848046799923,130.1204526328828
33.5585380812675,130.12059224363725
33.55855164034597,130.12061905332666
33.5585673056367,130.12064258139003
33.55858130628229,130.12066936409997
33.55861216202169,130.1207125549405
33.55863225197692,130.12073347586932
33.55864791906629,130.12075635462213
33.558658162344386,130.1207786380238
33.55866566718686,130.1208053829621
33.558672081151656,130.120833332992
33.55868327861049,130.12087316486475
33.558696774736404,130.12090705581602
33.558711386921004,130.12093383942522
33.55872374810252,130.12095019539527
33.55878944088005,130.12100725018456
33.55880141355442,130.12101586299173
33.55881000028131,130.12103083040859
33.55881046792882,130.12104775564944
33.558784197832495,130.12108011685393
33.558774891648,130.12108849493814
33.55877261276589,130.12110024637934
33.55877746820562,130.12112367102065
33.558785973094245,130.12115364542444
33.55879349502385,130.12117263281084
33.55880705410232,130.12118897529103
33.558818495277364,130.12119875541828
33.55882330575099,130.12121572022932
33.558823134879844,130.1212443843209
33.55883964013731,130.12133165992827
33.55886582929463,130.12144189432797
33.558874414222885,130.12146797736534
33.55888191906536,130.12148491609605
33.55889816172083,130.1215019708393
33.558922080989305,130.12151649758835
33.55894049460818,130.12151824856835
33.55895436035547,130.12152897478245
33.55896419803935,130.12154007781237
33.55897872119107,130.1215688066552
33.55899764022894,130.12160274976713
33.55901980222217,130.1216393638656
33.55903386492099,130.12166289192896
33.55904846811234,130.12167988282044
33.559069639951986,130.12170153040142
33.55908316215823,130.12172433181252
33.55909389196961,130.12175050568135
33.55909764034385,130.12177005244598
33.559099161996755,130.12179544660262
33.559102252067305,130.12182277610032
33.559124864620856,130.12187306079318
33.5591411351553,130.1219030612773
33.55914922455713,130.12192396871626
33.55915238657343,130.12193891095205
33.559150640090024,130.12195905306794
33.55914782880933,130.121983747552
33.55914986487443,130.12200075193323
33.5591617476166,130.12202744471085
33.55917313483235,130.12204058380598
33.559177494745654,130.1220471083874
33.55918233309825,130.1220529701685
33.559182864597574,130.12206535743042
33.559181666700624,130.12208744477982
33.55918263976707,130.1221096112696
33.559185162365395,130.12213693896865
33.55919102684447,130.12216294376492
33.559202387080575,130.12218847012184
33.55921586522004,130.12221849488765
33.55924127916177,130.12225377439222
33.55926510759866,130.12228518771133
33.559286251559286,130.12231394263438
33.55930302661346,130.12232841812204
33.55936066686132,130.12235875495264
33.55939869379472,130.12238175061736
33.55941927927637,130.1223974707667
33.55944264006581,130.12241005228213
33.55948674821491,130.1224246689634
33.55951555889595,130.12243075197773
33.55954002675088,130.12243933870457
33.559561775055954,130.12245255514142
33.55957855910327,130.1224682231301
33.55959541419708,130.1224781966115
33.55961453198512,130.12247766511223
33.55962930604767,130.12246600540186
33.5596412787221,130.12246155555636
33.55965266683717,130.12246747129677
33.559661892082715,130.12248191980484
33.559668386986516,130.12249822271485
33.559668252088215,130.12251644567743
33.559668162156015,130.12252946786077
33.559670306139765,130.1225384952554
33.55968177519384,130.12254321669616
33.55969538733228,130.12254263303612
33.559707440945715,130.12253616061537
33.559713441222414,130.12253105066748
33.559724359891334,130.12253050567836
33.55973627860641,130.1225325552333
33.55974227888311,130.12254163388934
33.5597438293143,130.12255788643733
33.55973905391426,130.12258108894616
33.559731639903305,130.12259299597008
33.559730468086684,130.1226059399122
33.559737586220706,130.12261513637952
33.55975766718262,130.12262569442032
33.5597777481446,130.1226369125635
33.559809774801295,130.12266319075377
33.559843413942474,130.1226901173551
33.55986513526784,130.12271367059952
33.559882919361314,130.12274367108364
33.559895892081784,130.12276527909444
33.55991810803431,130.12278552463226
33.55993822496919,130.12279739298538
33.5599556133609,130.12280861202794
33.559972532306574,130.12281780759577
33.55998446810878,130.1228211413826
33.55999535979805,130.12281866375042
33.560019360005526,130.12282143995753
33.5600328651247,130.12283325614987
33.56004641431065,130.12284894931963
33.56005616206227,130.12286133568216
33.560058801572495,130.1228796108055
33.56006361294544,130.12290885855703
33.56007277523844,130.1229278342522
33.56010536037411,130.1229470042009
33.560166748097004,130.12298255530072
33.560267694298716,130.12306824900054
33.560324748188634,130.1231043837604
33.560386197964704,130.12314717260404
33.5604155590309,130.12316691272292
33.56044919817202,130.12318272370385
33.560481892125665,130.12319014311072
33.56050361255171,130.12320070025214
33.56052808130596,130.12321907879755
33.56056822524346,130.12325968858386
33.56060780170873,130.12329647175488
33.5606424948553,130.12333175125934
33.56067780223884,130.1233645783127
33.560697892194014,130.1233764196861
33.560723414054394,130.12340394343732
33.56073364024536,130.1234209729996
33.56076174765656,130.123468611887
33.5608045320036,130.12353722386388
33.56087216192077,130.12364316490016
33.56091644094107,130.1237202457928
33.56094402674552,130.123769947725
33.56100686507483,130.12388077837534
33.56102022540313,130.12392383881422
33.561035693742326,130.1239811930776
33.56104533267603,130.12401705624222
33.56104630574248,130.12404063556698
33.56104458623872,130.12406608278354
33.561041134640675,130.12410175079526
33.56103816238135,130.12412569434537
33.561038495130504,130.12414841841485
33.561045892054324,130.12418688691537
33.5610599187803,130.12422014294532
33.561074973431346,130.12424496783103
33.5610895586363,130.12426527901948
33.56109544110177,130.12428418906416
33.56109589166215,130.12430830078756
33.56108697308537,130.12433252942276
33.56108191889547,130.12435905312782
33.56107469374217,130.12439552513342
33.56108427871652,130.1244372239987
33.561103251713746,130.12446858605642
33.561123775142164,130.12450189424703
33.56115953218671,130.1245477174033
33.56118961271051,130.12456916983137
33.561221413637384,130.12459050624693
33.561245359885504,130.12461019510454
33.561256694041276,130.12463108905354
33.56126364040472,130.12465910473395
33.561269468011574,130.12470330731185
33.561276864935394,130.12475352815284
33.56130241377542,130.12482630399074
33.5613152785773,130.12485955912143
33.561321161942146,130.12488888511405
33.56132258556892,130.12492344965756
33.56132061335569,130.12497355358664
33.56132077523364,130.1249999999501
33.561320919125194,130.12501652409333
33.56132869376427,130.1250856936499
33.56133941368307,130.12512413696936
33.561353387349016,130.12517247732808
33.56138122496361,130.1252196629572
33.56140827926873,130.1252575226166
33.56145397292255,130.12534538278328
33.56146033292805,130.1253766665999
33.56146666685322,130.12539619987479
33.56150177458727,130.12544914386297
33.56152346803367,130.12547014303277
33.56153582921519,130.12548649810344
33.56154936041469,130.12551005224714
33.56156630634001,130.12557525309546
33.56157169417838,130.125595447372
33.56157427882994,130.125615667729
33.56158000031684,130.12573936408046
33.56158033306599,130.12578427982066
33.56158966712951,130.12585591441893
33.56160019819066,130.12591588840758
33.56160694580393,130.1259673017496
33.56160525238056,130.1260701689032
33.561608891936885,130.12608717328453
33.56161197301418,130.12609111501297
33.56162353200045,130.1261060833291
33.56164297264513,130.12612839191183
33.561660198259574,130.12615450102942
33.5616676671292,130.12617542195824
33.561675892328594,130.12625481230975
33.56167858579812,130.1263453569527
33.5616773600222,130.12637596627792
33.56167386525675,130.12641369643495
33.5616615859135,130.12646302155122
33.56164000038575,130.1265110507445
33.561611467595185,130.12655583698233
33.56157641382049,130.12659591437
33.5614673872102,130.1266849157763
33.56144138691053,130.1267061613603
33.56136197317659,130.1267710510432
33.56126791937902,130.1268472757812
33.56121927864683,130.12687814501044
33.561173468081165,130.1269032810617
33.56113253184094,130.12691605683062
33.5611031348019,130.12692756185754
33.561089386865774,130.12693727633427
33.56107958605412,130.12695083001688
33.561068775303795,130.1269773276416
33.5610569456216,130.12700308692297
33.5610565858928,130.1269773672118
33.5609907483244,130.12697564231212
33.56093369443448,130.12696428027732
33.560879387074124,130.1269462776487
33.560834802284376,130.1269284180122
33.56077033258481,130.12688900072692
33.56068141391614,130.12682389071006
33.56060549494771,130.1267863044444
33.56053972123118,130.12676769117604
33.56047394571607,130.1267600523346
33.560461775190845,130.12675910534847
33.56043749529425,130.1267573022078
33.56039882894288,130.12675963684785
33.560344359704516,130.1267690266693
33.5602396399475,130.12680355434065
33.55997582922117,130.1268943058276
33.55974349476651,130.12697418900768
33.55959222520107,130.12702610866802
33.559422945812344,130.12708671937662
33.55923164022806,130.12715121875385
33.55920438717277,130.12716141436783
33.55907444143236,130.1272387551645
33.55903289185454,130.12718705583802
33.55901535957122,130.12720778161395
33.55905158606191,130.12725544658167
33.55891100044238,130.12749747123132
33.55882708110494,130.12764175126586
33.55871563981498,130.1278333851027
33.558625107762566,130.12798389114369
33.558562828811546,130.1280927495808
33.558527387429024,130.12816686091196
33.55848505364236,130.12813596560238
33.558475251931384,130.12815092132803
33.558519108270275,130.1281831125607
33.55842825156259,130.12836591415567
33.5583593598966,130.12850522723454
33.55833333261728,130.1285591703695
33.55824658581133,130.1287389754234
33.55822927925789,130.1287767190704
33.558170747781844,130.12891644583738
33.558119945978774,130.12888583741153
33.558112747805126,130.12890185523645
33.55816300012242,130.12893138807317
33.55807389169678,130.1292068090471
33.558048558694054,130.12931228333525
33.55803789183528,130.12934780835474
33.55802538676227,130.12937530512625
33.55800891927623,130.1294044233755
33.55799058569704,130.129428418187
33.557945413649975,130.1294535281579
33.557927667328045,130.12945683496503
33.55792866737414,130.1295997282449
33.5579293868318,130.12966163397732
33.55793830630785,130.12973907909532
33.55796402691834,130.12994625231772
33.55798464027896,130.13012128377034
33.558018387338734,130.13038360611858
33.558049973327684,130.13056389141047
33.55806227875121,130.130622438175
33.55808210790303,130.13070055778462
33.55810489222705,130.13078549875183
33.558125359897474,130.1308475618656
33.55815102744799,130.1309233333452
33.55820327895822,130.13109683505093
33.55826272144748,130.13126683479663
33.55833333261728,130.13143725002908
33.558361333009145,130.1315048115979
33.55847289211033,130.13175247679544
33.55858780208547,130.13197953312897
33.558668467675716,130.1321421917088
33.5587492789561,130.1322857199101
33.55883780192306,130.13242632891206
33.5589096397681,130.13253805438774
33.55904791862662,130.13272383903404
33.55911927893163,130.13283503211107
33.55919908117272,130.13297680933238
33.55930072075171,130.13312247702072
33.55942872125854,130.1333096628108
33.55944477505636,130.13333333296703
33.55955144094628,130.13349044093115
33.55963441419692,130.1335956939862
33.55965444119954,130.13362619988925
33.55966099995521,130.13363518771382
33.55967589182899,130.1336477557394
33.559668135176366,130.1336628922288
33.559766054260024,130.13373730213482
33.56002455898624,130.13393138842287
33.56025172143984,130.13409291835353
33.56037510842458,130.13417622615202
33.56052700032086,130.13425980464638
33.56074780186964,130.13437703037573
33.56075710805413,130.13435486388596
33.56079449467023,130.13437591431705
33.56079274818683,130.13438141367135
33.560786279363356,130.13439763923975
33.56093055939783,130.13446630427654
33.56113622535656,130.13456778197758
33.56134316205731,130.13466121884028
33.561341305856615,130.13466620018505
33.56132061335569,130.13472294380892
33.56134489235296,130.1347538391184
33.56136200015624,130.1347227495553
33.56137561319406,130.13473533107071
33.56140733318193,130.13477269790178
33.56143753241622,130.13479686088647
33.5614836667379,130.1348190012959
33.56152444110012,130.1348348644375
33.56155205388421,130.13483761276564
33.561570945942435,130.13483333289207
33.56154033301999,130.13473571957786
33.561642468125456,130.1347726070702
33.56170858628229,130.13478844413146
33.56183416221688,130.1348221920906
33.56198635988267,130.13486299613044
33.56223116163886,130.13492700357847
33.56237116179972,130.13496341083282
33.56251064035382,130.13499983067766
33.56260349535506,130.13502367080582
33.562641801977634,130.13503286637376
33.56272213481873,130.13504736704238
33.56284725209906,130.13506819713962
33.56296069438059,130.1350838651283
33.56320069375704,130.1351079768517
33.56334966735329,130.13512199728245
33.56346927898409,130.1351298312768
33.563612306262996,130.13513197076395
33.56372736012963,130.13513383865575
33.56384458585899,130.13513386473608
33.564064333402314,130.13512510983605
33.56423441408697,130.13511608334068
33.56450308115234,130.1351001689377
33.56472163979191,130.13508752267114
33.564991027214205,130.13507031144582
33.56506544071755,130.13506483817184
33.56512366732346,130.13506046656732
33.56533241435949,130.13504817103637
33.56542786480418,130.1350427760034
33.565631107989304,130.1350323609547
33.565790440876185,130.13502389113978
33.56603046813166,130.13500975379714
33.56631005386595,130.1349964204485
33.566441972718906,130.1352178344356
33.56655216215262,130.13539732832407
33.56666102688496,130.1356235276038
33.5666666674328,130.13563569363237
33.56671146805985,130.13573255511335
33.56677730562819,130.1358747208418
33.566962387004594,130.13562262018786
33.5670952249647,130.13542391678038
33.56717400017999,130.1353148901701
33.567387224940546,130.1350029962913
33.567398774933565,130.13498263294218
33.56744974760784,130.13490814479508
33.56760853190826,130.13467542183332
33.56763297278354,130.13463953258838
33.567661694431706,130.13459325617384
33.56766897264504,130.13457863769406
33.567765198305324,130.1344371077863
33.56791066724355,130.13422357995432
33.567925747974925,130.1342025547042
33.567935775415776,130.13418963684228
33.56797089214302,130.13411797706306
33.567990080977495,130.1340781451903
33.56800410770347,130.1340368609125
33.568011721363916,130.1340136449138
33.56805782870589,130.1338926330386
33.56809955904748,130.13378291844697
33.56814989230372,130.13364433202037
33.568161224660855,130.13361802864915
33.56817666691967,130.13358038932358
33.568214531975116,130.13347596634287
33.568271495033514,130.13333486361307
33.56827208139151,130.13333333296703
33.56828886543883,130.13328910520806
33.568323585565054,130.13319946798117
33.56833636043473,130.1331712445574
33.56842289230269,130.13294946814347
33.56843691902867,130.13291547287088
33.56843608086052,130.13291508436373
33.568426585818315,130.13291055807588
33.56843155906927,130.1328975880533
33.56840691944382,130.13288241199382
33.56834941409426,130.13284702996657
33.56846530612904,130.1325674451316
33.56852180243931,130.13235888515453
33.568572613235574,130.13211916996374
33.56860446812175,130.13194499376652
33.56860958616352,130.13191230880602
33.56860874799537,130.13189810581298
33.5686074143008,130.13187538264287
33.568592161798904,130.13179703010894
33.568560027223555,130.1316761998968
33.56853600003643,130.13160296990122
33.56850308125223,130.13152683509543
33.56847922493631,130.1314804147894
33.568444333039565,130.13141549902616
33.56844244086602,130.13140377366528
33.568433891910615,130.13139061028846
33.56841427859615,130.13136108914296
33.568351495125455,130.13126574571766
33.56827738739156,130.13115221800058
33.56823346810012,130.1310849163359
33.56821530629139,130.1310795851548
33.56814622486843,130.1309766667398
33.568140774976825,130.13096961065912
33.56813761296053,130.13096963673945
33.56801422507647,130.13110197107915
33.56800853236791,130.13110169858453
33.56800389186617,130.1310971084448
33.56796386484052,130.13099185538988
33.567951359767505,130.1309592477711
33.56764197319853,130.1309809726938
33.56740238661092,130.13098941642852
33.567243748000635,130.13099649769026
33.56708686486695,130.13062527913337
33.56697702706822,130.130365863394
33.56681719775554,130.1303565886857
33.5666666674328,130.1303442284035
33.56662177507491,130.13034055827018
33.566576054441384,130.13035447527886
33.56640886507711,130.13039922194662
33.56640402672451,130.13037869042432
33.56639238679924,130.13032625185508
33.56637466655769,130.1303307520626
33.56636277482227,130.13033442309518
33.566342666880644,130.1303459398133
33.5662442252908,130.13037450138222
33.56611966738882,130.13040817110027
33.566040919153124,130.1304400781471
33.566010720818156,130.13045525330733
33.56599769413833,130.13046172482882
33.565973333302736,130.13045905294302
33.56595605372894,130.13045072612022
33.56593930565447,130.13043033669078
33.56592672144109,130.13040846967522
33.5659253868472,130.13038717282984
33.56593119826624,130.13036297027497
33.565941161855164,130.13034802893844
33.56595477489299,130.13033377378474
33.56596897338949,130.1303265243497
33.566003413826536,130.1303275882476
33.56604502725628,130.13033147871488
33.56605808091575,130.13033144004396
33.56615419775807,130.13030355386593
33.5663184139637,130.130257418645
33.56633616208427,130.13025583673755
33.56635408107604,130.13026352773966
33.566365891872465,130.1302619970935
33.566517693836545,130.13022019480616
33.56660658642488,130.13019325561436
33.5666666674328,130.13019175104853
33.566699802054245,130.13019092097431
33.56694222510367,130.13021152983833
33.56705091896481,130.13021905266726
33.56713038665805,130.13021267197735
33.567220053562664,130.13020552506498
33.56727438700341,130.13016319127837
33.56732994622007,130.13012374791265
33.5673581984222,130.13009158186105
33.56739930643289,130.13002741883042
33.56756233283545,130.12982038860014
33.56761061293946,130.12976247675692
33.56764958595966,130.12972817121818
33.56774294637995,130.12967058403024
33.56778372074217,130.1296475622852
33.5679520540441,130.12960697767994
33.56811608139208,130.12957236097577
33.56829655913896,130.1295048641582
33.568485639800485,130.12941474669321
33.56865866666419,130.129326303766
33.56884289188599,130.1292243835985
33.569075053670815,130.12908538258444
33.56926497339987,130.12897394309311
33.569480891629894,130.12882669259784
33.569684532315364,130.12869377369873
33.56989744141384,130.12854688742902
33.56995855934008,130.12850263269036
33.569980081015956,130.128525136426
33.56999333342566,130.1285381711997
33.570025585812175,130.12856130985665
33.570075532359965,130.12859841768284
33.57013753162181,130.12863116739447
33.57025572142447,130.12869289236312
33.5702576126987,130.12869469460452
33.570284134605174,130.12867007836144
33.57027841401765,130.12866389102578
33.570115640324616,130.128570414593
33.5700858286981,130.1285523094416
33.57004341397243,130.128520752231
33.570015053851705,130.12849883305478
33.569996586273476,130.12847510983852
33.57006853203717,130.12842302200488
33.570252251839975,130.12830396885317
33.570375387014565,130.1282108557465
33.57056282911134,130.12807024584527
33.57072819824782,130.1279278076223
33.57090538717392,130.12777900129993
33.5711294946305,130.1275915052438
33.571212279023484,130.12751719786047
33.57130169411795,130.12743702959528
33.57147622464811,130.12727897464504
33.57165310780471,130.12708418868442
33.57173422485465,130.12700464275008
33.57183219789766,130.12690703033525
33.57190794599495,130.12683494157932
33.57199146783205,130.1267473017466
33.57204986530911,130.1266911408835
33.57208797318145,130.12664961109078
33.57223402667904,130.12648430580612
33.57229049511034,130.12642469514367
33.57241161310549,130.1262972504178
33.57245016164569,130.12625452722466
33.57251338668351,130.12618216597423
33.57256777498287,130.1261080537438
33.57261305404927,130.12604499418114
33.57264577498256,130.12599427961243
33.57268469404346,130.1259388328109
33.572711224943134,130.1259009731515
33.57273574765668,130.12586355415976
33.5727708293104,130.12580247670303
33.5728111980784,130.12573299598102
33.57282274807142,130.12570919632242
33.57285577477421,130.12563819664547
33.572881694134935,130.12557817139555
33.57290225173756,130.12552819696873
33.57293136009423,130.12544958543003
33.57299074772487,130.1253041119952
33.57300646787422,130.1252599220079
33.57300541386883,130.12525066078945
33.57300349471558,130.12524486375946
33.57299758616972,130.12523975381168
33.57270669415868,130.1249999999501
33.57269802739211,130.12499286562831
33.57269510819276,130.12498654968954
33.572692081074706,130.12496858573172
33.57269335991066,130.12495641970304
33.57242355880027,130.12473335905736
33.57222663964774,130.12457066090735
33.572228333071166,130.12456494211847
33.572240559354384,130.1245470303213
33.57249377516763,130.12475647163387
33.57268149515494,130.12491172519606
33.57277930632,130.1247559401346
33.572783495362046,130.1247495594447
33.57286186498311,130.12462380004843
33.57286774834796,130.1246138391574
33.57292161324193,130.12452885862
33.57317091880293,130.12413544659364
33.57320605441595,130.12407994763157
33.57323886528144,130.12402822312401
33.573368613171,130.12382236111318
33.5735888292611,130.1234711668609
33.57359766689888,130.1234576131784
33.573791864702855,130.1231501691451
33.57339041363673,130.1228812844438
33.57340682896205,130.12284416312764
33.57380289218975,130.12310610866007
33.573846054252044,130.122922217986
33.573882108072894,130.12276827473613
33.573922720557164,130.12259530542906
33.57392358570496,130.12259163439649
33.57392691859246,130.12257747097362
33.57395546757084,130.12245775592078
33.57395835979054,130.12244574637418
33.5739924953574,130.12230280183292
33.57404013514417,130.12210306060786
33.57407105383612,130.12197347639483
33.573862919238366,130.12190406042407
33.57354458621376,130.1217977173908
33.57361033295058,130.1215207783613
33.573652919446715,130.12133422839202
33.57365825242647,130.12131058431612
33.573666919193045,130.12127280199832
33.57395089182023,130.12136997374535
33.574195108117806,130.12145358011867
33.574285559231214,130.12107241236197
33.57432635967382,130.12090063555593
33.57440602701661,130.12056569385174
33.574476134566,130.12027165960944
33.57449541423205,130.12019114060877
33.5742353060146,130.12010425440792
33.5742423333171,130.1200772495655
33.57448577529834,130.12015897455706
33.574543386767914,130.11992430636167
33.574604332923684,130.11967622567738
33.57453027914909,130.11963055810384
33.574270559438844,130.11947033668673
33.5740943327873,130.11936105107168
33.573879494642995,130.11922741901026
33.57395249531146,130.11905917024455
33.573986306223105,130.118982776434
33.57367038697885,130.11878208822282
33.57347458568364,130.1192275620025
33.57345174829959,130.1192126980077
33.57361525224212,130.11883683535177
33.573621026789,130.11882472058448
33.5736168647266,130.11882280233056
33.57363961307772,130.11876247670705
33.57341608118725,130.1186232166882
33.5734027478386,130.11858769076935
33.57340216237992,130.11858058432654
33.573230053724046,130.11846891101152
33.57319535967815,130.11844535686782
33.57310097313143,130.1186751102682
33.57307416164332,130.1187353828317
33.57304816224297,130.1187175618661
33.572910198147156,130.1187803372428
33.57277055861442,130.1188437997016
33.572769721345594,130.11884425385927
33.5727646941354,130.11884644640645
33.5727638919401,130.11884678275294
33.572638774659765,130.11890374760992
33.572570224736126,130.11885963676286
33.57254922466706,130.1189123091558
33.57253700018248,130.11894321705586
33.57248438714481,130.11907452706782
33.57246644117339,130.11911466920674
33.57243094583151,130.11920680924686
33.57242005414224,130.11923522692427
33.572405027370166,130.11926221827684
33.572393414424596,130.11927846992546
33.5723783327939,130.11929963726845
33.572369693906296,130.11931642041657
33.572364279088276,130.1193268093848
33.57235382896607,130.119353190997
33.572345027301196,130.11937258127966
33.5723351347587,130.11938968908294
33.572326828620305,130.11939905282406
33.57231805393508,130.1194062518971
33.57227608077653,130.11944080385013
33.57225669409121,130.11945177737766
33.57224413505884,130.11945891080018
33.57222489226501,130.1194658877406
33.572190747704894,130.11947153008714
33.572162775192,130.11946900119347
33.572157441312925,130.11946688688738
33.572111828598054,130.1194197543183
33.571885387400755,130.119665576805
33.571803081447115,130.11975527878315
33.57172049490498,130.11984530541656
33.57166216217911,130.11990880744554
33.57139982903891,130.12019549872332
33.57137516243387,130.1201623614039
33.57160108112504,130.11991717293927
33.571720081216824,130.11978769124903
33.57184238721646,130.11965472108852
33.57189125187983,130.11960155586712
33.572100251625386,130.1193735543461
33.57225105444269,130.11911610902132
33.57227677505318,130.11904335926363
33.57229644142768,130.11899282725722
33.572310532005474,130.11894661469455
33.57231741361778,130.11891433173105
33.5723460003677,130.11870894905883
33.57238894569332,130.11847444903663
33.57239544059718,130.11842494225732
33.572399892241265,130.1183648117867
33.57240213515047,130.11830208767128
33.57241244138112,130.11811586325655
33.572437027047215,130.11790880694593
33.57244222512861,130.11786427971276
33.5725098019858,130.11750350228488
33.57254146801438,130.117316199583
33.57256513457338,130.11717085565056
33.57257777544402,130.11703963736943
33.572581747749496,130.1169985599356
33.57258646829092,130.1168905837335
33.572586279433324,130.11686333337616
33.572584747887845,130.11685022036147
33.57257977463695,130.11683444895073
33.57253099990578,130.11673272393614
33.57249949485583,130.11666666693316
33.57249280210118,130.11665263301268
33.57247397299551,130.11661406019084
33.572429026678265,130.11651863762506
33.572402413940324,130.11645438376286
33.57238630618315,130.1163969386679
33.57237994617765,130.1163512189337
33.5723803328861,130.1163164196671
33.572372161646,130.11625975428433
33.57236055859295,130.11621116661206
33.57235022538265,130.11617788630042
33.57234038679945,130.11615192017507
33.57233061296745,130.11612347641733
33.5723215585931,130.1160895333054
33.57231591894458,130.11603594000667
33.572298892080255,130.1159848639104
33.57225766715766,130.11590535664698
33.57222874765864,130.11585880683856
33.572198972904346,130.11581805406001
33.57215910775665,130.11576591406572
33.5721186670429,130.11571160760468
33.5720825862424,130.11565832727
33.57205946826991,130.1156288331042
33.572020640040535,130.11559444932448
33.57196889215072,130.11554241185286
33.57194046817813,130.1155027238717
33.571916774639476,130.1154567829043
33.57189646794768,130.1154033325978
33.57189008096253,130.1153805581663
33.57188797295163,130.11535097316892
33.571892467763234,130.11531150462235
33.57189610821888,130.11528871580163
33.571897946433126,130.11526693871826
33.57188855930963,130.11521513596983
33.57187958587423,130.11515933933208
33.57186919780531,130.1151052532049
33.57185082915248,130.11507408630007
33.57183777459369,130.11503771681726
33.57182461301551,130.11499841824252
33.57179822510807,130.11490347591473
33.57179035963742,130.1148630612813
33.57179053230726,130.1148111407216
33.57178697279062,130.1147678860292
33.571778639672516,130.11472358002925
33.57178091855462,130.11466549911358
33.571791559333064,130.11455002616287
33.571791829129666,130.11448949369526
33.57178810773502,130.11443557664063
33.57177630593185,130.1143839951253
33.57176197343637,130.1143583005952
33.571755865241016,130.1143484440255
33.57174153184627,130.11432544656213
33.5717291077122,130.11427880682152
33.57172225218022,130.11423936435529
33.5717197205887,130.11415105093033
33.5717196396497,130.11408902738674
33.57172097334427,130.11403783437856
33.571725108427074,130.11398491557145
33.571732613269546,130.1139364717908
33.57173966665232,130.1138892223098
33.57174616155618,130.1138146172508
33.57174980201182,130.11374177666175
33.57175494613392,130.1136683659024
33.57175472130342,130.11358693858642
33.571759333026876,130.1135118029274
33.57175819808242,130.11341683541866
33.571759467925176,130.11335702960332
33.571758802426814,130.1132648383017
33.57175774842142,130.11319150488407
33.57175327879082,130.1131198046353
33.57175074809862,130.11304291799638
33.571746306346995,130.11296499443904
33.57173853170792,130.11288868966142
33.571722108288725,130.11279827542012
33.57171441368928,130.11272944221002
33.57170038696336,130.11263391712168
33.571690721050004,130.11258275019384
33.57168489164451,130.1125098826251
33.57170369377053,130.11250422768796
33.57171630586288,130.11250299561686
33.57173053223835,130.11250069964763
33.57173719801335,130.11250063579575
33.57174244106085,130.11250230943415
33.57175822506207,130.11250172487473
33.571772440645645,130.11249941631502
33.57178146804034,130.11250050629337
33.57179533288837,130.11249822291472
33.57180338721662,130.1125015818826
33.571813359798796,130.11249693868285
33.57181522499269,130.11249208773972
33.57181719810524,130.1124890534271
33.57182616164812,130.11248422766505
33.57182016227074,130.11245066136894
33.57181177519334,130.1124535535887
33.57180886498719,130.11246005208977
33.57180682892209,130.1124674966777
33.57180516157899,130.1124871081936
33.57180174775249,130.1124885596994
33.57179689231276,130.11248936369327
33.571784414219394,130.11248496780706
33.57177253237654,130.1124857196403
33.57176119822077,130.11248788610715
33.571745107550726,130.11248299559384
33.57173608105535,130.11248297041277
33.5717289728139,130.11248522681183
33.571717802334774,130.1124849938874
33.571703531892524,130.11248138760607
33.571683891598354,130.1124842798257
33.571684585875005,130.11237902677078
33.57168022506238,130.1123141119068
33.571676305816936,130.11225555075316
33.57167316178703,130.11214572014887
33.571671053776186,130.1120546431074
33.57167194590363,130.11200055787947
33.57166644115341,130.1118987159531
33.57166361278553,130.11188085631647
33.57165013464606,130.1118028023575
33.57164619831343,130.1117543837579
33.57163564027263,130.11167875527042
33.57162641412776,130.11161282687056
33.57161922494731,130.11156399458275
33.571611080686864,130.11153511015732
33.57159927888364,130.11151089501186
33.571582081148165,130.1114899480027
33.57156305419164,130.1114633325668
33.57152438694095,130.11141588793294
33.57144869370228,130.11128557706775
33.571416586106636,130.11124379996147
33.5712556668156,130.1110355250695
33.571097387034854,130.1108273284185
33.571008748055306,130.11071438436136
33.57088753203402,130.1105089486291
33.570834532287904,130.11037138832899
33.570798494654866,130.11026513612717
33.570747495000944,130.11003236100476
33.570709252230245,130.10987700402063
33.57069108142832,130.1097957457771
33.57064682938773,130.10965985731661
33.57063155889938,130.10959224358726
33.57061574791851,130.1095531131857
33.570594945700236,130.10952866421655
33.57055213527286,130.10950722437894
33.570491225089995,130.10942450113987
33.57043546802248,130.1092965500958
33.57036355913101,130.10907455334802
33.57032761322881,130.1089683011462
33.570323864854515,130.10894700430083
33.570320279257544,130.10891160788447
33.5703174949565,130.108888274974
33.570306278611895,130.10879542177133
33.570264586041844,130.10864204869165
33.57024422539075,130.10859272357538
33.570195467746714,130.10851114067668
33.57013186499364,130.10842800285013
33.570055892065795,130.10833333301696
33.57002149479621,130.10829050640177
33.56990672061869,130.10818968880312
33.569837640095045,130.10813902729433
33.56979602666536,130.10811725021097
33.569746946164685,130.10810128364733
33.569744775201286,130.10810175129484
33.56973453192319,130.1081035544355
33.56970280204274,130.1081071076569
33.569663532246295,130.10811236059703
33.5696383602222,130.10811102510377
33.5696166667758,130.10810155614195
33.569584999847905,130.1080993896752
33.569549802181655,130.10809577170255
33.56952263995794,130.10809358005474
33.56949397316839,130.1080824383539
33.5694511078824,130.108050584367
33.569427694032925,130.1080313361773
33.56942372082813,130.10802814538272
33.56940653208585,130.10799341086727
33.569398135115875,130.1079823087366
33.569391667191724,130.10797364466805
33.56937972059768,130.10796666682825
33.56936219820693,130.1079619966489
33.569333532316705,130.10795011660468
33.56932200031014,130.10793827523128
33.56931091886389,130.10792674412403
33.56929449544464,130.107901829306
33.56928805360087,130.10789425431642
33.56927594602814,130.10787994790132
33.56924999968777,130.10785822297862
33.56921922488738,130.10782763883458
33.56917672112883,130.10779739283544
33.569136945913385,130.10777280177342
33.56910055934338,130.1077496891969
33.569054080581395,130.10772022021206
33.568998134656226,130.10769172519304
33.5689841618896,130.10767756177017
33.56896319779338,130.10765632877667
33.56894297293991,130.10764114102585
33.56891225209881,130.1076213100755
33.56884566719384,130.1075657724425
33.56881474760257,130.1075270035684
33.568758864629956,130.10748050592065
33.56866689186364,130.1074175875517
33.568594667310094,130.10739202342324
33.56852880186278,130.10733736712587
33.568441108070715,130.10725272383422
33.568342027062954,130.10714119261206
33.56833638741438,130.10713491624347
33.568290027362934,130.107083138676
33.56825944142014,130.1070568613851
33.56823482877439,130.10705408607726
33.568183026925226,130.10704955889014
33.568130332948556,130.10704169881546
33.56809958602713,130.1070284437078
33.56801897259754,130.10699383869473
33.56797913532887,130.10697002644565
33.56791966675928,130.10692680862542
33.567877332972614,130.10686830143106
33.567857919307585,130.10685160821527
33.56783655861034,130.10684061040592
33.567796494712525,130.10683586288485
33.567750694039376,130.10682252863683
33.567733332627256,130.10681744476938
33.56770658589028,130.10680944170247
33.56768744112259,130.1068037220142
33.567662892328656,130.1067884443313
33.567659531562185,130.10678535695877
33.56763482898424,130.1067626715601
33.56761825178097,130.10675163418068
33.56754427894538,130.10673367112213
33.567462161849335,130.10672233516766
33.56740219775327,130.1067229700891
33.567387251920195,130.10672406006734
33.567319559050475,130.10672897486234
33.56724894608203,130.1067519966074
33.56718627862392,130.1067719462684
33.567167802052495,130.10677783412984
33.5670936943186,130.1067788071963
33.56704997287801,130.10676741908117
33.56699308086604,130.10675625219938
33.566968559051816,130.10674197096523
33.56693980233007,130.1067194159683
33.56692561282682,130.10670827516685
33.566868531957255,130.1066633846076
33.566844693627786,130.10664511038362
33.56682863982991,130.10663289219428
33.56673310844627,130.10652627756576
33.56671861317352,130.1065152266964
33.5666970537261,130.10650413715632
33.56667953223467,130.10649538315545
33.566671414054554,130.1064858881133
33.5666666674328,130.10648021968643
33.566656864822505,130.1064685860565
33.56664555944508,130.10645158167517
33.56663433320796,130.1064426334209
33.56663294555403,130.10643900105913
33.56662613498821,130.10642011709479
33.566626531589236,130.10639888500066
33.56663355889168,130.10638588799839
33.56663874797988,130.10638306142926
33.566648585663756,130.10638282670618
33.566660026838804,130.10638175111694
33.5666666674328,130.1063766672495
33.56666846787556,130.10637530477652
33.5666690002742,130.1063739953637
33.56667289164068,130.10636491580829
33.566672360141354,130.10632807957722
33.5666763603258,130.10623316512851
33.566675414239,130.10606450087607
33.5666751354492,130.10601549861644
33.5666666674328,130.10583311340747
33.56666361333515,130.10576758790387
33.56665280168551,130.10556747076225
33.56664549469389,130.1054562776851
33.566628585640785,130.10530005195585
33.56662041440063,130.10526557734454
33.56658977539786,130.10520771676283
33.56656586512264,130.10517836558915
33.566547586402066,130.10515594009462
33.566476828642806,130.1050471338183
33.56641319801071,130.10494966259694
33.566353305860446,130.10487272379726
33.5663141349894,130.10484308663922
33.56626249501818,130.10480968941567
33.566204666811984,130.1047301686624
33.56618386459371,130.10472163409622
33.56616374765889,130.10472046677614
33.56613766731954,130.10472846984305
33.56611166701987,130.1047374972378
33.56606633309485,130.10475325605796
33.56601272091041,130.10476844380867
33.56588066715909,130.10479878063927
33.56579319819758,130.10481066068348
33.56577938730891,130.10480769112212
33.56575922540799,130.1047990531339
33.565738279298216,130.10478472063846
33.56571586459552,130.10476299571576
33.5657053056554,130.1047492216993
33.565691224970124,130.10473469495025
33.565673252018996,130.10473102481706
33.56565116197157,130.10473394311703
33.565629080917404,130.10473364544146
33.56560753226188,130.10472177708846
33.56559149465181,130.1047089113872
33.56558097258386,130.10469933900333
33.56557172125798,130.1046805836421
33.565551053938066,130.104643113389
33.56553889240604,130.10461620027752
33.56552474786889,130.1045949942636
33.56548533328157,130.1045440602602
33.5654096400429,130.1044756677179
33.565369720935905,130.10443924787307
33.56534274756979,130.10441228260083
33.56533110764457,130.1043874190442
33.56530149476822,130.1043712447372
33.56525408071133,130.10433372232353
33.56523008140317,130.10432007780946
33.56521113538565,130.10431788616154
33.56519510766816,130.10432160755624
33.56517689190008,130.10431944198876
33.56515922471851,130.10430807995397
33.56514680238308,130.10427236068097
33.56512358638446,130.1042151880805
33.56508397304697,130.10413902719438
33.56507889187742,130.10412238703861
33.565065332798895,130.104105940237
33.56503864002127,130.10410221794302
33.565020414360674,130.104101025442
33.56496866737018,130.10410369642852
33.564956774735435,130.1041039428427
33.564939306303984,130.10410852129132
33.564922387358365,130.1040988068146
33.56491025190667,130.10407900104508
33.564885414430364,130.10406031133436
33.56486005444799,130.10404408576596
33.564844774966446,130.10404024566083
33.56484449527727,130.10404014313815
33.56481319797075,130.10404919571386
33.56479222488133,130.1040555512228
33.56477977466693,130.10406494194353
33.564763918719905,130.10408116661256
33.56474982904143,130.10407891111288
33.56474346813661,130.10407241171254
33.56475200000483,130.10402871635222
33.56476899988951,130.10399655030062
33.5647965317346,130.10396503176082
33.56482808085133,130.103914188589
33.56483446783648,130.1038747209417
33.56483386529072,130.10382625197997
33.56483161338832,130.10376683467177
33.564809694212045,130.10365438434246
33.56479649486238,130.10361286624084
33.56477941403875,130.10359224388696
33.56476953228815,130.10358491621093
33.56475836001033,130.10358513564552
33.56472569393566,130.10360680930683
33.56469233268507,130.10362169938196
33.56464269370542,130.10362693883224
33.56462374768785,130.10362302228475
33.564610333400196,130.1036158627819
33.564609252415096,130.10359077799205
33.564640279025696,130.10350396913293
33.56469146843659,130.1034133849198
33.56470108128991,130.10339725018298
33.56471066716364,130.1033861606429
33.56471135964159,130.10333350173983
33.56471119776364,130.1032724116925
33.564702495024164,130.10325418872992
33.56469038655217,130.10323763940562
33.56467694618419,130.1032245272902
33.56466213524942,130.10322316481722
33.56463958564842,130.10320778191362
33.56461099979788,130.1031707262481
33.56460019804075,130.1031475624102
33.564594999959354,130.103129195556
33.56459686515325,130.10311247715913
33.56460519827135,130.10310474658684
33.56461913506507,130.10310031113056
33.56464016211385,130.10310072571804
33.56465555940662,130.10310036329122
33.56466658599419,130.103091725303
33.564680892409285,130.10306216638594
33.56468610757787,130.10303444928047
33.56469686526816,130.10299910502476
33.56469980155464,130.1029835800283
33.564732640299155,130.10281177714182
33.564755667440124,130.10260464259022
33.564769107808104,130.10247202316543
33.56477282920275,130.10243525258488
33.564774892247556,130.10228219157
33.5647738922014,130.1022571076794
33.56476719764811,130.10223046706244
33.56473582929516,130.1021449424352
33.56466366679484,130.10199243810064
33.56455916197581,130.10183143966924
33.564547828719355,130.10181917021862
33.56453164002323,130.10181199722592
33.56451410773991,130.10180980467885
33.56449722476714,130.10180513629803
33.564479413694016,130.1017871336693
33.56445799993679,130.10175494243674
33.564427494933,130.1017254221905
33.56440777459915,130.10171830135857
33.56438455860052,130.1017120879426
33.56435441422491,130.10170603100858
33.56432838694553,130.10169983108244
33.56429366681931,130.10167219221796
33.56420789218055,130.10159274970567
33.564143251609835,130.10154430592502
33.56413072135575,130.1015349421839
33.56410116243876,130.1015246953085
33.56404016232369,130.10151511033416
33.56400153194522,130.10151000038627
33.56397544081398,130.10149379999893
33.56394494570276,130.10146686080702
33.563910775062254,130.1014290793886
33.56389455938648,130.10141688727958
33.56387472124146,130.1014080289574
33.56385722493104,130.10140508367772
33.56384205426747,130.10140082988448
33.56376872084985,130.10138769078935
33.563638305663346,130.10136783375856
33.563624197998365,130.10136141439784
33.56361769410137,130.10134983112982
33.56361191865517,130.10128549902663
33.56360280222759,130.10123552459982
33.5635982246784,130.10121306133374
33.56359302659695,130.10119050633682
33.56359127921422,130.10116380006934
33.56359933264315,130.10114272355793
33.56361719767557,130.10101683465928
33.56363108140931,130.10090693930385
33.56362108094817,130.10079839203217
33.56361308057927,130.10077680920244
33.56360455860357,130.10071756186608
33.56359841443532,130.10067841797468
33.563602161910296,130.10064897507016
33.56361602675827,130.10063625236126
33.563698721219055,130.10056224355276
33.56370658579033,130.10055311273607
33.5637883602447,130.10045263328243
33.56385258622794,130.10035839242596
33.56391164021005,130.10028238712255
33.5640239997079,130.10012291843805
33.56411380241008,130.10000000000002
33.564176468069604,130.09991422805922
33.56418082888217,130.09990683473268
33.564276333286216,130.09974430565524
33.5643873060294,130.09953141364383
33.564447774645146,130.09940669296452
33.56445705384999,130.0993793643662
33.56446872075492,130.09932313875197
33.56447469405197,130.0992488592475
33.564512107647715,130.0991015556923
33.56453530565989,130.0989190787526
33.56453341438561,130.09888130992454
33.564518197856614,130.09882383874924
33.56450133287029,130.0987978600333
33.564487891602994,130.09877007817659
33.56446410813214,130.09871489037994
33.564459440650694,130.0987038386113
33.56445513469674,130.0986924379057
33.56444810829362,130.09868347616157
33.56443705382702,130.09867542183326
33.56442797337235,130.09866494203357
33.56442555869262,130.09864442310175
33.56442674759637,130.09863350173475
33.56442810827065,130.09862121879428
33.5644097746914,130.09859525266882
33.564377801994,130.09857274983256
33.56427977499169,130.0985111930372
33.564188531575496,130.09843620037043
33.564160747920255,130.09842272402955
33.56410608083104,130.09840399474865
33.564070892157986,130.09840136243304
33.564054946278816,130.09839172529792
33.56403319797374,130.09836413679557
33.564016892365714,130.0983290011825
33.56401177522332,130.09830686077305
33.564010053920924,130.0982813622951
33.56401308103892,130.0982508303116
33.56402844056015,130.09821761295257
33.56404000044574,130.09819596627085
33.56404510769562,130.09816619961043
33.564043495211195,130.09814399534912
33.56403705426669,130.0981259657408
33.564020945610196,130.09810655027718
33.56399733301055,130.0980962521404
33.56389786529428,130.09807994833102
33.563871559225106,130.09807060977084
33.56386530623894,130.0980657201569
33.56385619790524,130.09805269797369
33.56385113472214,130.0980388592061
33.56385294595674,130.0980140604006
33.56386033298804,130.0980007261527
33.56388225216426,130.09799124460028
33.563971946048525,130.09799958491294
33.563989829067395,130.09799347581827
33.56400266688962,130.09797427978924
33.56400866716632,130.097953527933
33.56405025181772,130.0978687812193
33.56405566663574,130.097857950684
33.56406513469824,130.0978486903648
33.56407961288386,130.09784272426236
33.564095360012914,130.0978382492359
33.56412225244003,130.0978386116626
33.564144332594935,130.09783902714946
33.564151865316376,130.09783389112124
33.56423533319412,130.09779350166878
33.56425369375302,130.09777736693195
33.564263892065014,130.09777661509872
33.56426974755084,130.09777827524726
33.56427819758079,130.0977850840145
33.56428597311924,130.09778963728195
33.56429138703794,130.0977889106298
33.564297532105456,130.0977777824188
33.56430086499296,130.09776664071796
33.56429872100921,130.09775674367881
33.56428694618569,130.0977488071618
33.56427361283704,130.09773688664802
33.56427010817902,130.0977287163073
33.56428046836896,130.09770180319572
33.56429049491044,130.0976812186134
33.564299251609214,130.09768102525913
33.564308558693085,130.09768319082661
33.564319721078334,130.09768243809413
33.56432458641058,130.09767936421133
33.56433372082461,130.09767280185838
33.56434055926945,130.097670921376
33.56435574791948,130.09767418861293
33.56436936005798,130.0976768613981
33.5643831619534,130.09768758761209
33.56438963977013,130.09769797658043
33.564394693960026,130.09771128384875
33.564400224790575,130.09772747074624
33.56441069379855,130.0977429957427
33.5644200539424,130.09775389102936
33.56444127884197,130.09777099883263
33.56447774814961,130.09780175114997
33.56451036026499,130.09783555126978
33.564521332893264,130.09785289199738
33.56453553228903,130.0978601693114
33.564570197556634,130.09786474686064
33.56460066658752,130.09786713366134
33.564683864668666,130.0978736960143
33.564716946230135,130.0978736960143
33.56474436026406,130.09787372209462
33.56480005437908,130.09788238706255
33.56485819824729,130.09789150528877
33.56496494597553,130.0979290528835
33.56508855869009,130.09798968877317
33.56520022481055,130.09803367101722
33.56538741419786,130.09811119257756
33.56558172081981,130.09817228262477
33.565765613292456,130.09821486372505
33.56595182871399,130.0982580536663
33.566080081030975,130.09829763912478
33.566140359889744,130.09831866437491
33.56625755863945,130.09837819679638
33.566332721278116,130.0984228661224
33.56643419807983,130.09846350198904
33.56646599990603,130.09847511043802
33.566488494648354,130.09848230861166
33.56653589161817,130.09848666672633
33.566593027346414,130.09849844424787
33.566651747680055,130.09851474715788
33.5666666674328,130.0985150583233
33.5667434677369,130.0985166150498
33.56681810786944,130.09852627826524
33.56692744114855,130.09853535692127
33.56711122480323,130.09853778239278
33.56722444135494,130.09854671895596
33.567337279292076,130.09856386543015
33.5674776131014,130.098593943256
33.567561892167646,130.09861852082815
33.567582775324865,130.09862464341268
33.56765997312931,130.09863771685718
33.56776508139342,130.0986485860634
33.56782202736474,130.09865455306522
33.56793141370383,130.09866883339998
33.5679851077266,130.09867775557404
33.56803841414154,130.09869077775727
33.568042747974516,130.09869202331834
33.568075585819656,130.09870577215372
33.56813708056188,130.09873152963644
33.56822961270649,130.09874555096644
33.568313747881234,130.09874972831733
33.5683521624224,130.09873832671246
33.56837266696505,130.09871897510072
33.568390279287996,130.09869725017802
33.56843105365027,130.09865038920418
33.568462413909344,130.09862260734747
33.568502081206134,130.09859632915732
33.56852949524006,130.09858591410875
33.568556359788204,130.09858544736062
33.5686013330851,130.09859444867493
33.56862141404707,130.0986056677175
33.56863258632484,130.09861372204568
33.568633386721444,130.09862600498616
33.568626613027845,130.09868552481714
33.568627586094294,130.09870769130703
33.5686333057825,130.09872572001598
33.568650694174266,130.0987377169721
33.568673559437286,130.098742218079
33.56880246825938,130.09874238715156
33.568924802137985,130.0987153832084
33.56895163970648,130.09870992162564
33.56908074817801,130.09869739317026
33.56919425161345,130.09870783429915
33.56930161267934,130.09871457831525
33.569362441023884,130.09871267175242
33.5694161979992,130.09869994814414
33.56949866673011,130.09867367085326
33.56957844109223,130.09865763863922
33.56964433261993,130.0986425291295
33.569731000285515,130.09861933921115
33.56985661309227,130.09858527918732
33.56992938713154,130.09856094713007
33.57001102668761,130.09851830127866
33.570064973419846,130.09847099873764
33.57013094588649,130.09840547323404
33.570154386715615,130.09837116679603
33.570155694329856,130.09836642017422
33.57016186457844,130.09834341101964
33.57016505357444,130.09831302202838
33.57016233312521,130.09828461694156
33.570156251909566,130.0982526982035
33.570142747689715,130.09822116707323
33.57014086540869,130.0981716342136
33.57014755906266,130.098124916232
33.57017246758534,130.09805549936186
33.57021135966659,130.09798335934465
33.570241441089706,130.09795569439984
33.57028802687097,130.0979394940125
33.57033197314212,130.0979421658983
33.57036408073776,130.09795871612187
33.57038313467399,130.09799946800115
33.570414081244905,130.09811213956368
33.57043413522723,130.09815435823714
33.570450386875905,130.09817121872686
33.57046858555685,130.0981784438801
33.57057336017249,130.09819481244074
33.57063880203913,130.09819024568333
33.57068077519767,130.09818627787445
33.57069922478945,130.09816688669252
33.5707064139699,130.09813968939523
33.57070441387765,130.09810243767743
33.57069861325044,130.09790861219278
33.5707050272153,130.09789972779026
33.570728639814945,130.0978970037438
33.570743639607315,130.09790308675815
33.570756107808165,130.09793053226826
33.570771666978885,130.09803861189243
33.57078505428689,130.09815308659574
33.57079808096671,130.09816016875686
33.5709194138999,130.09815814528224
33.570985495184516,130.09815639430224
33.57101613508661,130.0981543321568
33.571038666701156,130.09816530478508
33.57106186471333,130.09816775633692
33.57111286526657,130.09814902705602
33.57120397288509,130.09810574628318
33.57126674826185,130.0980623351087
33.57136094595097,130.09795697773245
33.57137864011219,130.09794883257268
33.571404161972566,130.09793855961686
33.571422161903286,130.09793221759787
33.57144482931545,130.09792583690796
33.571456161672586,130.09792411200817
33.57146797336833,130.09792345010715
33.571483694417,130.0979251102557
33.57150355864235,130.09792900072284
33.571518721212044,130.0979340342284
33.571533387356,130.09793902726437
33.571562865334045,130.09795185519397
33.57156802744254,130.09795408641207
33.571608801804814,130.09797089474102
33.57165002672741,130.0979847730789
33.5716917750554,130.09799758841802
33.57176853219204,130.09801533114273
33.57184864020263,130.09803302170667
33.571874721441304,130.0980363042321
33.5719035860817,130.09803846979958
33.57193244082953,130.09803827464668
33.571961306369246,130.09803808039317
33.57203663987906,130.09803430593854
33.57210666738882,130.09803055756424
33.572133135336,130.09802477312485
33.57215961317564,130.0980183663546
33.57217291864532,130.0980137995972
33.57218513503602,130.0980086123077
33.57219744135887,130.09800172529947
33.57221305358962,130.09799089476405
33.57229994608571,130.09792364526004
33.57239058605677,130.09785341090628
33.57245333265524,130.0977903108742
33.57251794624625,130.09772705615876
33.57253544075803,130.0977122182444
33.57255569438985,130.0976956419404
33.572576494809425,130.09768141376628
33.572596359934096,130.0976705580499
33.57260577493662,130.09766658934166
33.57261758573304,130.09766364496136
33.57262658614809,130.09766355412978
33.57263605421059,130.0976641117095
33.57266072081569,130.09766846982404
33.57268580200821,130.0976740339296
33.572734198124806,130.09769474711493
33.572793440964574,130.09771824909797
33.57281999974322,130.09772605701198
33.57284702706869,130.0977343838348
33.57289066667096,130.09774654986347
33.57293608063566,130.0977571726554
33.57296072116043,130.09776036255073
33.57298344073325,130.09776194625692
33.57300146764368,130.09776133561718
33.5730204136612,130.09776060986428
33.57306302713704,130.09775702966328
33.57310744105564,130.09775280195026
33.5731576403129,130.09774635471058
33.57321066703872,130.09773749728777
33.57323146835762,130.09773180278057
33.57325225169012,130.0977254472716
33.57327022464119,130.09771791185221
33.57329241361407,130.09770822255643
33.57330713461664,130.0976996628093
33.573324558981255,130.09768763887348
33.57336094555126,130.09765741895478
33.573403414236225,130.09762152970984
33.57342419756873,130.09760214032656
33.573444972807295,130.09758221764525
33.573474108143614,130.09755036275908
33.57350580205116,130.09751847010136
33.57352372104293,130.09750364477748
33.573540666968256,130.09749053176267
33.57358982930725,130.09745566774495
33.57361766692185,130.09743855994168
33.57362241444292,130.0974339949829
33.5736233596304,130.09743119269547
33.57364038739399,130.0974288589547
33.57368625191907,130.097422891953
33.57381313456858,130.0974154221841
33.57395749464274,130.09740389107674
33.57398161266133,130.09739749689697
33.57400527922033,130.09739058380842
33.57407002681032,130.09736652424579
33.57413863968651,130.09734128387322
33.57418489181936,130.09731771713905
33.57421519807298,130.09730513562363
33.57423338686135,130.0973520226778
33.574233919259996,130.09736321743856
33.574229134866755,130.09737328085225
33.57421833310963,130.0973759662279
33.574214748411976,130.09738172458697
33.574208865047126,130.09742788588824
33.574198333086656,130.09746581119828
33.57419058632655,130.09747719841403
33.57418166685051,130.09748082987642
33.574159612775986,130.09748377425683
33.57414474788186,130.09748747136973
33.57414246810049,130.09750819714566
33.57415705420476,130.09750693899412
33.57415744091321,130.09749683511086
33.574162747812636,130.09749396897155
33.57429461270624,130.09748968909798
33.57431977483782,130.09747552477575
33.57435663984711,130.0974610250064
33.57442455934597,130.09742717272593
33.57456546782214,130.09732875541783
33.57459708079068,130.09731214044302
33.57461433338483,130.09730347637435
33.574622081044254,130.09730197090926
33.574634613096975,130.09730260672995
33.5746489455924,130.0973025545693
33.574669720831025,130.09731827471865
33.57472572071549,130.09737005228612
33.57475994621461,130.09740319140417
33.57477030640456,130.0974132808983
33.57480694568403,130.09735752293136
33.574790613096354,130.09734128387322
33.57477053213438,130.09731961111117
33.574696829095444,130.09725358018864
33.574682467821674,130.09725019514042
33.57467355913752,130.0972501690601
33.57466758584047,130.09725022032148
33.5746610810441,130.09725880704832
33.574655134726754,130.09727450111734
33.57464744102663,130.09727953282425
33.57463430642815,130.09728321734667
33.57461644139573,130.09728255544564
33.57452477529819,130.09733583667958
33.57439030596788,130.09741858599898
33.574306413610145,130.09746189375142
33.574291440797424,130.09747389070753
33.57427713528165,130.0974796373754
33.57426635960485,130.0974825547761
33.57424966728837,130.09748260693686
33.5742246130755,130.09748202327683
33.57421925221678,130.09747775599374
33.574219333155725,130.09746516188773
33.57422216242293,130.0974436959699
33.57422213544322,130.09742808014187
33.57422080174865,130.09740666728396
33.5742249728043,130.0973959401706
33.5742404411435,130.09738155641378
33.57424766719612,130.09736888496616
33.574248278735126,130.0973526072371
33.57424955936972,130.0973201947712
33.574256081253225,130.09729727644822
33.574261972711895,130.0972765236927
33.5742680539276,130.09727194614345
33.574285559231214,130.09725883312876
33.574317639847266,130.0972321142707
33.574357333224384,130.09719841757294
33.5744469461697,130.0971101428189
33.57453369387491,130.09702758775302
33.57455730557524,130.09699966290418
33.57458463956954,130.09696671893903
33.57467805394907,130.0968670821502
33.57477091884289,130.09676800294108
33.574806279286406,130.09672077774178
33.57484255883708,130.0966736451727
33.57492266684767,130.09658199706155
33.574999999550414,130.09648916993933
33.57500846756676,130.09647900130494
33.57503674764786,130.09643744543177
33.575064468350604,130.09639603075232
33.575132386950145,130.09631063562745
33.57519972099038,130.09622138780685
33.57523225216676,130.0961679509902
33.575269413952356,130.096112192124
33.57528544077053,130.0960945780024
33.575304748315546,130.09607350239025
33.57531510760617,130.09605927421615
33.575327865388715,130.0960399738658
33.57534808124899,130.09600367093276
33.575366829415714,130.09596836624712
33.57538849498309,130.09593430622328
33.575406198137614,130.09589880728424
33.57540616216471,130.09589847003838
33.57546282934612,130.09580450077715
33.57555099977884,130.0956655771048
33.575568864811316,130.09563124458634
33.57558263972709,130.09560341056897
33.57559169410143,130.09558319111147
33.57561235962277,130.09552544744156
33.575634053968486,130.09547019489366
33.57565716204846,130.09542416309466
33.5756785317389,130.09537321740015
33.57568733340378,130.0953458627215
33.575696721426596,130.09531280184444
33.57571194604952,130.09524671876113
33.57572946844027,130.09517944227753
33.5757343598529,130.09515686120028
33.575749802111716,130.09508635525117
33.57576853229199,130.09500625173723
33.57577380231919,130.09496527862473
33.57577980169657,130.09492061019807
33.57578655920241,130.09488511035966
33.57580744056099,130.09487800301747
33.57583200014676,130.09487158185811
33.57589191927673,130.09485438412264
33.575911639610524,130.09485007816863
33.5759306395874,130.09484836585943
33.57594797312049,130.09485111508695
33.575958198412195,130.09485518811653
33.57599216220859,130.09487593997267
33.576055999684684,130.09488713383428
33.57606574833568,130.0948890790678
33.57607344113643,130.09489547324756
33.57608061322975,130.09490119293582
33.57610397311993,130.09492680922494
33.57610936005898,130.09493494179424
33.576117441366875,130.09494306087367
33.576129666750774,130.0949487158107
33.57614663965575,130.0949545775917
33.57617153199067,130.09496510955228
33.57619891904494,130.09497678275238
33.57621966730386,130.09498258068163
33.57622533303277,130.09495208826831
33.576224440905264,130.09495172494223
33.576188162253914,130.09493649762135
33.57617297270457,130.09494160756924
33.57615835962065,130.09494250329396
33.5761343872922,130.0949300521802
33.57612210794895,130.09491671883154
33.57608082906705,130.09488128374426
33.57606813513638,130.0948704154374
33.576055387246356,130.0948645266766
33.57603769398446,130.0948646948499
33.576017414272314,130.0948629699502
33.57600591913791,130.09485761268877
33.575983161793545,130.09484221809396
33.57596938687777,130.09483289212437
33.57595374766737,130.0948260572768
33.57593216213962,130.09482282691204
33.57590774824405,130.0948252272026
33.575879162393505,130.09483619983087
33.57582699991616,130.09485452711476
33.575809532384085,130.09485727634228
33.575791946141464,130.09485661534063
33.57580213456089,130.09479574562727
33.57581035976034,130.09473749743756
33.57581825221064,130.09467955861476
33.575822161563565,130.09463771675723
33.575826197720914,130.0945947210696
33.57582746756361,130.09456097311045
33.57582844063006,130.09452241197982
33.57582827875211,130.0944629443095
33.575827413604316,130.09440360614155
33.575823333380185,130.09430369595884
33.57581936017539,130.09420377408492
33.57581205408309,130.09414082963565
33.575802360290766,130.09407263314552
33.575796386993716,130.09404544664017
33.57578866721326,130.09401386514787
33.57578000044674,130.09398583687698
33.575770973052045,130.09396031141932
33.57576344122987,130.09394197064546
33.575757558764394,130.0939259663104
33.57575197307517,130.09391430570076
33.57574166684452,130.09389888502562
33.57573261336944,130.09389380025868
33.57572746834802,130.09389236134348
33.575560162071895,130.0939841632386
33.5755076128861,130.09401335882956
33.575450666914776,130.09386822264048
33.57534508111064,130.09359939009983
33.57533222530202,130.09356654955673
33.57532708117992,130.09355358043342
33.57531533333599,130.09352352778865
33.57519836031611,130.09322564175
33.574999999550414,130.0933378078936
33.57487772142974,130.09340693877925
33.57483546768276,130.0934479766429
33.57466705434115,130.0936117512814
33.57458110793186,130.09369535675535
33.57452555860772,130.09361797728786
33.574493441119444,130.0936787157002
33.574471198187325,130.0937069777949
33.57444661342055,130.09373664103327
33.57443272069355,130.0937585206393
33.574239081368546,130.09398569388475
33.57420333331726,130.0939419967258
33.574200252239905,130.09393817100988
33.5742577207173,130.0938710887798
33.57438205378878,130.09372341110657
33.574375999552785,130.093710441084
33.57437927938031,130.0937024380172
33.574403865046406,130.09365953316103
33.57442794619283,130.09363644576547
33.57442838686063,130.09363588818576
33.57449080160927,130.09354163383944
33.57456135971904,130.09343588795593
33.574580224797614,130.09341435818612
33.574598559276126,130.09339422776145
33.57461789200215,130.0933751882144
33.574640748271975,130.0933548122748
33.57465544139558,130.09334291784148
33.57467355913752,130.09333044064738
33.57469844068055,130.09331564230308
33.574723027245966,130.0933019204473
33.57476894573034,130.0932800003718
33.574812251684136,130.09325961094237
33.57485391907318,130.09323464306442
33.57489510802287,130.0932101689142
33.57492697280162,130.09318841791116
33.57495980165356,130.09316727574924
33.574999999550414,130.09314717320353
33.57502116239675,130.0931365890824
33.57503325198303,130.09312569379574
33.5751222515907,130.09307496843508
33.57520780229828,130.09302605700702
33.57521589170011,130.09301939033264
33.57522238660391,130.09301136208478
33.575236198391906,130.092988391601
33.57524574829267,130.09297416342702
33.575286892276324,130.09289197078783
33.575342027012994,130.09278736704346
33.57535577494912,130.09275705629318
33.57536897339946,130.0927253309094
33.57537410762899,130.09271138782037
33.575378667191785,130.09269455341098
33.57538116191114,130.09267802926774
33.57538291918644,130.09265807960674
33.57538255855826,130.09264710787784
33.575380946073835,130.09263625216136
33.57537825170499,130.0926258371128
33.575374134608694,130.0926154220641
33.575369108297764,130.09260600526295
33.575358667168814,130.09258639374718
33.575345494798796,130.09255841763695
33.575343558558416,130.0925513363751
33.575342027012994,130.09254144023532
33.575342386741795,130.09252861230573
33.575344440793344,130.09251608295097
33.575346467865245,130.09250897470952
33.57535019825309,130.09249955880762
33.575359972984415,130.09247985735965
33.57537116234931,130.0924589490213
33.575405973307056,130.09240880732068
33.57543613476986,130.0923528020403
33.57544902655138,130.09233124529078
33.5755111346312,130.09222749680157
33.57554094625772,130.0921879769936
33.57557541367447,130.0921404406289
33.57558333310442,130.0921281972586
33.57559089190619,130.09211367140892
33.57560563988841,130.09208325633722
33.575618775386204,130.09205294378842
33.57562105426831,130.09204647226693
33.57563880238888,130.09198391722407
33.57564738731713,130.09194968902705
33.57565327877586,130.09192591365002
33.575658386925056,130.09189839169744
33.57566405355328,130.09187141383472
33.57566769400893,130.09186447466584
33.57567269423947,130.09185603093113
33.57567661258565,130.0918511413172
33.57568297259115,130.0918453568778
33.575712053968175,130.09182836598632
33.57572910781215,130.0918173016272
33.57574077471702,130.0918082490515
33.57575213495312,130.09179841766286
33.57576280181189,130.09178744503458
33.57577344079169,130.0917751620941
33.575788972982764,130.09175561622874
33.57580889206679,130.09172922202606
33.575826721126305,130.09170114069514
33.575845278636734,130.09167389123718
33.57585080227278,130.09166671914386
33.57585086522528,130.0916666669832
33.575875108249704,130.09163525276472
33.57590458622775,130.09159744526596
33.575936279235975,130.09156600496726
33.575960161632224,130.0915415047367
33.57597638720057,130.0915187159161
33.57598874838209,130.09150481239726
33.575990332987544,130.09149917005072
33.575990531737716,130.0914915303099
33.57598810806479,130.09148197141587
33.575986613391535,130.09147389100735
33.57598794618684,130.09147033688657
33.57599125209464,130.09146620000524
33.57600030556972,130.09146038858614
33.57600863958709,130.09145267240297
33.57601289158174,130.09144055763568
33.57601541418006,130.09142963716806
33.57601289158174,130.0914172759866
33.57601305435901,130.09140114124978
33.576015360220765,130.09139635505778
33.57601802671064,130.09139224425678
33.57603030605384,130.0913819973813
33.57604325179466,130.09136569357202
33.57604619797371,130.09135888480478
33.57604846786256,130.09135153014904
33.57605249502666,130.09132338496636
33.576059224653534,130.09129313896722
33.57606216183933,130.0912866413655
33.576066531645154,130.09127897464498
33.57607313536698,130.09127005157166
33.57608010781075,130.0912622175773
33.57609605368998,130.09125033663383
33.576111747759,130.09123680903156
33.57612097300455,130.0912174187489
33.57613649530305,130.09119418926048
33.57614446779303,130.09118647217804
33.576155224584,130.09117861210336
33.57617122532184,130.09117036262217
33.57618827916582,130.09116241171603
33.57621813485906,130.09115306056538
33.57624602733233,130.091144162673
33.576258440674565,130.09113907880555
33.576272080692036,130.0911316081373
33.57627980227113,130.09112505837481
33.576289107556306,130.0911156937343
33.57632200026018,130.09107700400057
33.57635886526947,130.09103741944136
33.57638522529794,130.0910126979777
33.576413467607495,130.0909862264333
33.576479135203954,130.09092530455928
33.57652061283608,130.09087832667353
33.5765602522539,130.09083678339096
33.576579468068076,130.09081394330894
33.576599387152044,130.0907894943398
33.57661894560789,130.09076377372924
33.57663849507054,130.0907353569512
33.57667730621279,130.09066891144118
33.57669582864963,130.09063717256754
33.5767546667945,130.0905437995567
33.57681489169397,130.09043549869932
33.57684238666684,130.09038603059093
33.57692113490248,130.09024377403102
33.576944721421796,130.09021185529298
33.57697191871915,130.09023119341487
33.576991559013265,130.09024216604314
33.577003775403966,130.09024894873005
33.577027495022946,130.09026204915426
33.57705789210809,130.09027627822775
33.57708446797386,130.09028450072924
33.57717299993408,130.09029713440532
33.577261468042366,130.09031011701836
33.57726305444646,130.09029405962326
33.57717433272933,130.09028108870132
33.57708605437796,130.0902684442334
33.57705030632661,130.09026267238448
33.57703030630364,130.090250389444
33.576980775242646,130.0902123346316
33.57695782904062,130.0901941629303
33.57696427897832,130.09018557710272
33.577005946367365,130.09012581085756
33.57703858636171,130.09006622627544
33.57706663981361,130.0900194939046
33.57707222460351,130.09000544739354
33.57707705396291,130.08998966339232
33.577080919249056,130.08997313924908
33.577083666677936,130.08995383889862
33.57708416220436,130.08993647209059
33.577084279116264,130.08991600531942
33.57708310819896,130.0899027762922
33.57708080233721,130.0898860048353
33.57707802702936,130.0898730869734
33.577073134717466,130.08985880663863
33.57705894611354,130.08982846980814
33.577044413968565,130.0897934106374
33.577037829132564,130.08978108902613
33.577030999680915,130.08976953273782
33.57700108103512,130.08972341100673
33.576981386781654,130.0896918546954
33.57696505419392,130.08966583730864
33.57695819776268,130.08965192029996
33.576951306257854,130.0896354986794
33.57694669363508,130.08962155559038
33.576943161997406,130.08960832656305
33.576941359756006,130.08959758775848
33.576939829109904,130.08958391716408
33.576938613226446,130.08956583719373
33.576938026868504,130.08954625175818
33.57693886503665,130.08952413742907
33.57694119787806,130.08949955895753
33.576944973232,130.08947302176261
33.576950000442196,130.08944680922298
33.576954828902274,130.08943102522176
33.57696200009627,130.08941166012005
33.5769738918317,130.0893858109065
33.57698597332404,130.08936024587865
33.57700313508667,130.0893290528935
33.57702130588859,130.08929622584026
33.577034107737916,130.0892746430104
33.57704899961169,130.08925185508906
33.577060000118934,130.08923808017335
33.57707358617711,130.08922252909656
33.57710455882835,130.0891903108842
33.577137134970826,130.0891579766594
33.577153161789056,130.0891432808378
33.57717144140895,130.0891285211644
33.577218198061416,130.08909593962596
33.57723505405454,130.08908403440068
33.57723602712099,130.0890834759217
33.577260000348815,130.08906910475548
33.57727538684969,130.08906027161436
33.57728594578981,130.08905418860002
33.57729097300006,130.08904897523007
33.57729641389841,130.08904128422796
33.57730066679238,130.08903153018105
33.577305774941635,130.08901800257877
33.57731622506378,130.08897900078034
33.5773285862453,130.08894172478085
33.57733302709755,130.08893444926548
33.577338225179005,130.0889293393176
33.57734299967973,130.0889269129467
33.577347748100124,130.08892581127725
33.57735264041207,130.08892564220469
33.57735886461995,130.08892761261927
33.57738094567418,130.08894019503407
33.57740427858465,130.08894846969622
33.57741472061292,130.08894836627417
33.57742310769032,130.08894654964365
33.577442828923495,130.08893136189295
33.57744355917299,130.08893080431324
33.57748619782984,130.08890516194379
33.57752566727578,130.088878365744
33.57753110817413,130.08887204890596
33.57753627927593,130.08886425358253
33.577540559149554,130.0888564456685
33.57754472121195,130.08884639394603
33.5775478022893,130.0888347207458
33.577550027212055,130.08882092064903
33.57755094631915,130.08881066118317
33.57755130604801,130.08879632868764
33.57755089235985,130.08875204876813
33.57754886528795,130.0887226724135
33.57754949481341,130.0886861608377
33.57755174761513,130.08867577186948
33.577555558941924,130.0886639952472
33.57756016167218,130.08865341112607
33.57756700011703,130.08863985744358
33.57758589217525,130.08860852056682
33.57759933344255,130.08858664096078
33.57760616199482,130.0885696626599
33.57761574786855,130.08854788557653
33.57763061276262,130.08852338534598
33.57764546776417,130.08849749656224
33.57768374830641,130.088442698172
33.57771755921806,130.08839202317336
33.577729027372754,130.08837016874838
33.577742440761085,130.0883428662304
33.57775338730903,130.08830958501937
33.577765279044456,130.08827455282847
33.57777044115301,130.08826308737162
33.577776107781176,130.0882521399244
33.577784585690154,130.08823686134212
33.57779402677295,130.08822394258095
33.5777997752395,130.0882178595666
33.57780710831145,130.0882122828706
33.57781853239942,130.08820644627053
33.5778311975518,130.08820083000433
33.57784525215669,130.08819841802267
33.57785622478502,130.08819658880157
33.57785794608742,130.088195810888
33.577883081239236,130.08819316508254
33.57792272065706,130.0881891963744
33.57793044133683,130.08818566833395
33.57794005419021,130.0881809468932
33.57794774789028,130.0881727756531
33.57795933295688,130.08816447491063
33.5780005587788,130.08811771735884
33.5780407746621,130.08807335919823
33.57804944142862,130.08805936394856
33.57806086461727,130.08804297020697
33.578078108218165,130.08802427959688
33.578094386846544,130.08800555121525
33.578106945878915,130.08799499407382
33.57812136021266,130.0879821400638
33.578139666812206,130.08797031128086
33.578159864686086,130.08795963722753
33.5781898291973,130.08795005225318
33.5782187747767,130.08793810565908
33.5782322250372,130.0879298831577
33.57824666724997,130.08791929993583
33.57825158564219,130.08791483839912
33.57826880226344,130.08789936376468
33.578291802424815,130.0878771343223
33.57830708100704,130.08785844371232
33.578323440574366,130.08784082959073
33.57833305432706,130.08783383916045
33.578343667226534,130.0878290790488
33.578355279272785,130.08782658882603
33.578366892218355,130.08782411209313
33.578406558615825,130.0878235796945
33.57843369385995,130.08782330719998
33.578432693813795,130.08782211379958
33.578432666834146,130.08781866400022
33.57842674839577,130.08781066093331
33.57842089201063,130.08779800297555
33.578420802078426,130.08778756184654
33.57842261331302,130.08777839235893
33.57842644082763,130.08777252877928
33.578431198241276,130.08776783431813
33.57843416240672,130.0877678082378
33.5784380537732,130.08776778215747
33.578439972926446,130.08777002596594
33.5784438651923,130.08777221761386
33.57845372086257,130.08778839192087
33.57846255939967,130.08780208769622
33.57846735998072,130.08780321724475
33.57847322535912,130.08780542238242
33.57848286519214,130.08780533065158
33.57849349517869,130.08780522722952
33.57850125183137,130.08780158227728
33.578508973410464,130.0877992215569
33.578520559376386,130.08779102513574
33.57853589191791,130.0877804149343
33.57859925185403,130.08771717280933
33.57867608093642,130.08764452737307
33.57869249536242,130.0876338910913
33.578706864730066,130.08762330697016
33.57873772136878,130.08760325568574
33.57876949531601,130.087585576813
33.57882353198045,130.08756291839404
33.57887369436554,130.08754258112526
33.57890644137922,130.08752024556293
33.578935306019616,130.08749785963857
33.578965026814615,130.08746858580662
33.5790015860544,130.087436978234
33.57902274800148,130.08742403429176
33.579048802260445,130.087409753957
33.579074774681146,130.08739902684363
33.57909897273947,130.08738949402994
33.57912505397809,130.0873822176153
33.57915105427776,130.08737494209993
33.579185919194856,130.08737102465318
33.5792197750726,130.0873636708967
33.57922938702666,130.08736014285637
33.57923810775253,130.087355422315
33.579283305879926,130.0873235800193
33.579323694433015,130.0872976390748
33.57935074783882,130.087284642972
33.579375802051686,130.0872739167579
33.579389333251186,130.08727141394468
33.579404801590385,130.08726885897067
33.57945033336625,130.08726827531075
33.5794851353308,130.08726791198467
33.579491972876326,130.0872654730232
33.579498721388916,130.08726197106319
33.579515026996944,130.08725133568066
33.57954294555054,130.08723252905804
33.579553559349336,130.08722766462506
33.57956513542274,130.08722291800336
33.57958249503616,130.0872180796507
33.57959994638048,130.0872120883672
33.579636720558256,130.08720817092046
33.57967633299643,130.08720072633253
33.57969274832175,130.08720055815934
33.57970825173447,130.0872003108458
33.57972089170585,130.0872013360729
33.57973541395825,130.08720345037898
33.57974805392962,130.08720678326654
33.579765495381366,130.0872112187228
33.57978682909891,130.08721897537544
33.579805278690685,130.08722683455085
33.579828586420206,130.08723230872408
33.57985189235103,130.08723788631949
33.579865413657956,130.08723763900593
33.57987999976223,130.08723630441193
33.57988864044847,130.0872339427923
33.57989827938212,130.08723147864987
33.57992533278792,130.08721955903547
33.57995616244699,130.08720758815969
33.57997549517302,130.08720274980715
33.579994864771265,130.0871991048549
33.580007494850065,130.08719885934
33.58001902685663,130.08719875501856
33.58003653216031,130.08719963725355
33.58005682895953,130.08720180282103
33.580084027156204,130.0872094677428
33.580114107680004,130.08721605707547
33.580165612752864,130.08723275029126
33.58021994619361,130.08725058384744
33.58026172060198,130.0872685855768
33.580304468076804,130.08728416273402
33.58032394559365,130.08729325577917
33.580343387137646,130.08730335876305
33.58036382872774,130.08731005241702
33.58038702673997,130.08731552479173
33.5804665591844,130.08732836621118
33.58053736011112,130.08734258089544
33.58055877476767,130.0873503366488
33.5805821076782,130.08735936404344
33.58061613532641,130.0873762263318
33.58064916202926,130.0873920229236
33.58067927942528,130.0874043319444
33.580712360087375,130.08741549882632
33.58075210832317,130.08742425372634
33.580788054225366,130.08743194562783
33.58081127921719,130.08743858622188
33.58084135974099,130.08744861186403
33.58089002655356,130.08746997435992
33.58094146777455,130.08749011737507
33.58101153215654,130.08752741855562
33.58107766740051,130.0875577167153
33.58109319779288,130.08756102532118
33.5811067748578,130.08756549944826
33.58115130568825,130.08756491578833
33.581206495283595,130.08756649769578
33.581224918795044,130.0875709466419
33.58124822472587,130.08757522741485
33.58127253160211,130.0875830614092
33.58129874773908,130.08759311313167
33.5813278920686,130.0876065885733
33.581357081364274,130.08761900101615
33.58136777520269,130.08762577201185
33.58137846814185,130.08763255469876
33.58139408127187,130.08764511013374
33.58141166661517,130.08765988329708
33.581421414366844,130.08767141440433
33.58143022502492,130.08768050565084
33.581438999710144,130.08768622623836
33.581448694401786,130.08769063561442
33.581458441254085,130.08769289201337
33.58146910811291,130.08769625188063
33.58150105383061,130.0877004148423
33.58153410841243,130.08770697809462
33.581542775179,130.0877103370625
33.581552558903525,130.08771593983886
33.58156135966908,130.08772391682533
33.581570081294274,130.0877330872123
33.5815750266662,130.0877411145608
33.581581946049994,130.08775138841588
33.581587802435195,130.08776296988526
33.58159477487902,130.08777785996028
33.58159958625197,130.08778364529906
33.58160449475167,130.08778927415574
33.58161038710972,130.08779267179443
33.581617161702695,130.08779496776367
33.581689747783685,130.08779635541748
33.581737278752485,130.08779574567723
33.58174016197893,130.08779797689522
33.581743054198625,130.0878003367162
33.58175089179025,130.0878093901913
33.5817606944006,130.08781975397858
33.58176649502775,130.08782430634676
33.58177330559363,130.08782769139486
33.5817936671441,130.0878273667397
33.58181786520237,130.08783055843355
33.58182563984144,130.08783510990247
33.58183641371954,130.08784189438802
33.581844252210544,130.0878498830657
33.58185494604896,130.0878601173506
33.58187261323059,130.087883086935
33.58189022465422,130.08790941638654
33.58189716202446,130.08792204916335
33.58190402744896,130.08793705615028
33.58191489215858,130.08795311264612
33.581925612976704,130.08796797664093
33.581938306008055,130.0879759140572
33.58195189206623,130.08798267156305
33.5819645320376,130.0879859657798
33.5819770811774,130.08798810616622
33.581989694169124,130.08798797666384
33.582001333195024,130.0879878336716
33.58203319797377,130.08798277588448
33.582069973050864,130.0879800257577
33.582099999615366,130.08798077759093
33.58213002707913,130.08798153032342
33.58214458620375,130.0879848380299
33.58216208071548,130.08798702967772
33.582172747574305,130.08799024565337
33.582183414433075,130.08799594016057
33.5821932251373,130.08800510964818
33.582204946001525,130.08801413704282
33.582214666773496,130.08802555123827
33.58222549461095,130.0880416077341
33.582234333147994,130.08806466904934
33.58224322474507,130.08808311324515
33.58224910810992,130.0880887546923
33.582253027355364,130.08809335922126
33.58226177506094,130.0880932557992
33.58226949484134,130.08809080424726
33.58227138701494,130.08808732836758
33.582276225367536,130.0880849163858
33.582283802155814,130.08807450133725
33.58229346806917,130.08806277597637
33.58229922462954,130.08805924793603
33.582304053988935,130.0880557459759
33.582309801556164,130.08805450131422
33.58231466688841,130.08805328093422
33.582323332755664,130.08805319100202
33.58233497268088,130.08805294368847
33.58234174817318,130.08805525314745
33.582349531805505,130.08805861211533
33.58235930563751,130.08806542178183
33.58236900032915,130.08807114057072
33.58239155892335,130.0880962001795
33.58242177524477,130.08812593986033
33.582450279257046,130.08817530544604
33.582473891856694,130.08820963706512
33.58248258560292,130.08821655015367
33.58249138726774,130.08822333284058
33.58249627868037,130.0882243580677
33.58250305417266,130.08822775570638
33.58252044076579,130.08822756235213
33.58253986522266,130.08822961100782
33.58255153212758,130.08823639369473
33.58256519822538,130.08824204863174
33.582596107924076,130.08823936415536
33.58262610840825,130.08823894866862
33.58263099982082,130.08824128420792
33.58263680224667,130.08824571966431
33.58264072059285,130.08825033678363
33.58264563988445,130.08825727595263
33.582648667002445,130.08826413688053
33.58265161318144,130.0882721921081
33.582659585671365,130.08830097311147
33.582668559106764,130.088330946616
33.58267244058072,130.0883355250645
33.58267835991842,130.08834116741104
33.582694919135236,130.08835024606708
33.582713413693114,130.0883627763211
33.58272413541056,130.08837418871792
33.58273686531413,130.08838783413125
33.58275644085711,130.0884154469154
33.58278002737643,130.08844630355418
33.5827907481945,130.08845655042956
33.5828014681133,130.0884679772155
33.582819027376274,130.08847929968
33.58283463960697,130.0884906608154
33.58284819778618,130.08849632924228
33.58286086473714,130.08850311282845
33.58286474800974,130.0885030606678
33.58286861329594,130.08850182859658
33.58287433298415,130.08849369602729
33.58288199970457,130.0884843583665
33.58288677510461,130.0884819203044
33.58289261260404,130.0884796108454
33.582900360263466,130.08847953260442
33.58290810792289,130.08847944177285
33.58291491938809,130.08848280164
33.58291980180746,130.08848503195873
33.582923721052964,130.08849189378589
33.58292853242591,130.0884976386552
33.582930531618786,130.0884976386552
33.58293338696626,130.08849642007374
33.582941107646036,130.08849050613196
33.58295169356586,130.08848233489186
33.58296044127138,130.08848330705905
33.582971081150504,130.08848319104652
33.58297786473673,130.08848549870686
33.582986640321224,130.088488858574
33.583017774850475,130.0885080294221
33.583047946205795,130.08852622630434
33.58307627934687,130.0885524379447
33.58310449467672,130.08857756230475
33.58315149504551,130.08862900082784
33.58319735957053,130.08867581143966
33.58321986510475,130.08869516215202
33.58324419806132,130.0887167827534
33.5832511075526,130.08872596573076
33.5832599460897,130.0887385859171
33.58326882869352,130.08875810570203
33.58327861331742,130.08877533131658
33.58328944115482,130.08878914400384
33.58330119799194,130.08880516182887
33.58331972132811,130.08882338479145
33.58333333256729,130.08883836569805
33.583337359731445,130.0888428020537
33.58334219808404,130.0888520228027
33.58334716234174,130.0888635017493
33.58334633316679,130.0888739428782
33.583345414059636,130.0888854991665
33.583340721397235,130.08889481164636
33.583335919017486,130.08890411243488
33.58333333256729,130.08890727624987
33.58332064043526,130.0889228021457
33.58330527911539,130.0889426978473
33.583301467788544,130.08895080433626
33.58329764027394,130.088960116816
33.58329486496609,130.08897165961446
33.583293053731495,130.08898330673424
33.58329310769079,130.0889936714209
33.58329319762305,130.08900411165052
33.58329522469489,130.08900992217025
33.58329816188069,130.0890179513175
33.58330899961072,130.08903280182244
33.583318802221015,130.0890523090169
33.58332182933901,130.08906155584623
33.58332380155224,130.08907077839376
33.58332402728206,130.0890881452018
33.583325162226515,130.08910891144717
33.583328135385216,130.08911933908632
33.58333308075714,130.08913189362204
33.58333333256729,130.08913238734988
33.58334400032538,130.08915491626647
33.58335380203641,130.08917680936236
33.58336163962804,130.08918941605873
33.58337049525221,130.08920430613387
33.58339008068771,130.08923061040446
33.583409747961525,130.08925819710817
33.583426387218026,130.08927761257178
33.58344394558168,130.08929822323444
33.58347716204145,130.08932664091185
33.58350741433577,130.08935756230176
33.58352697279162,130.08938041497424
33.58354953228513,130.0894078595851
33.58355535989199,130.0894181451314
33.583562333235136,130.0894319713085
33.58357710819706,130.0894676905815
33.583590973045034,130.08950211393153
33.583601864734305,130.0895228019358
33.583612640411104,130.08954238737135
33.583620468110155,130.08955147861786
33.58362827872213,130.08956063641426
33.583633162040826,130.0895628658336
33.58363905439887,130.0895674451815
33.58365653182352,130.0895753313365
33.58367308114782,130.08958321659225
33.5836808917598,130.08958885893878
33.583688694277896,130.08959577202734
33.583697495043396,130.08960603059393
33.58370722480862,130.08961744478927
33.58372097274474,130.08963583682453
33.583736639834115,130.08965756174712
33.58374353223826,130.0896713618439
33.58374946776377,130.0896840341909
33.583753440968565,130.08969669304804
33.58375841421952,130.08971280170454
33.58376246836326,130.08973591428105
33.583767532445734,130.0897623606445
33.583776441129885,130.08978542195973
33.583784440599516,130.08980494174477
33.58379127904436,130.0898141373126
33.58379910764273,130.0898267826799
33.58380800013913,130.08984627818324
33.583814999562605,130.0898635541597
33.5838189727674,130.08987741900773
33.583823946018356,130.08989352766423
33.583828027141806,130.08992116742797
33.58383310831135,130.08994888543282
33.58383905372938,130.08996036258077
33.583844919107776,130.08997182893677
33.5838625862894,130.08999588760014
33.583879305585526,130.0900257459914
33.583885278882576,130.09004422795886
33.58389219826637,130.09006494204345
33.58389533330302,130.0900856938997
33.5839003326343,130.09010525325493
33.583903278813295,130.09011105118418
33.583906278951645,130.09011564222317
33.58391210835714,130.09012247707074
33.58391891892302,130.09012822283933
33.58393158587404,130.09013496775458
33.58394613510609,130.09014172526042
33.58395305359062,130.090148560108
33.58395986505576,130.09015654968505
33.58396280224156,130.09016461660383
33.58396586533246,130.0901750316525
33.58396591929181,130.0901831129604
33.58396600023076,130.09019344976798
33.58396419798942,130.09020508429728
33.583963278882266,130.0902166405856
33.58395864017916,130.0902328265837
33.58395291869232,130.09025141377174
33.58395308057027,130.09026189357155
33.58395219833534,130.09027577190943
33.58395325234079,130.09028730211742
33.583956224600115,130.09029771716598
33.583965081123665,130.09031260724112
33.58397294569494,130.09032866373695
33.58397794592554,130.09034596579374
33.58398258642728,130.090365304815
33.58399405368266,130.09039072595135
33.58401066685883,130.09041822272286
33.584011693884634,130.09042499371856
33.584012306322904,130.09043189421664
33.58401374793618,130.0904346686251
33.58401666713553,130.09043691333295
33.58402910835673,130.09043946830684
33.5840459463634,130.09044533098734
33.58405219755093,130.09045097333376
33.58405855935507,130.09045769126953
33.584074694091896,130.09048294423258
33.5840859194297,130.09049975436028
33.584088360189696,130.09049916980086
33.584091134598225,130.09049914372054
33.58409258610402,130.0904979512195
33.584095440552176,130.09049555092895
33.5841047206564,130.0904828659916
33.58411786514739,130.0904665495916
33.58412825231704,130.09045664086136
33.58413810798737,130.09044791204155
33.58414953207529,130.09044306109843
33.58415849471879,130.0904376912465
33.58416227906599,130.09043710758647
33.58416661289891,130.09043693941328
33.58416849517994,130.09043866431296
33.58416997276606,130.0904403631323
33.58416999974577,130.09044489031953
33.58417013464407,130.09045061000768
33.58416755898571,130.0904677555825
33.58416400036839,130.0904871980258
33.58416125204019,130.09049291771407
33.584157494672695,130.09049930020262
33.58414677475389,130.0905132172113
33.58413697304292,130.0905260307518
33.58412702744039,130.090534746981
33.58411813494405,130.09054238672184
33.58411438656975,130.09054761268226
33.58411255914734,130.09055277569007
33.58411355919344,130.09055386476916
33.5841149999074,130.09055555099792
33.58413138735369,130.09056605687806
33.58414346794672,130.09057830114773
33.58414491855319,130.09057710774744
33.584146333186766,130.09057483785853
33.58414853202919,130.09056447497062
33.584152694091586,130.09055474700403
33.584154586265186,130.0905547209237
33.58415646764689,130.09055457793147
33.584159386846295,130.0905574710505
33.58416282855177,130.09056131025636
33.58416674779721,130.09056869009305
33.58417025155592,130.09057771658843
33.584178440782466,130.09061286569124
33.58418258575779,130.0906379118103
33.584186945671036,130.0906394676374
33.58419227865079,130.0906416988554
33.58419464027048,130.0906444750625
33.584196640362734,130.09064841769043
33.584195829174234,130.09065866366643
33.58419886528543,130.09066832688188
33.58420902672526,130.090677690623
33.584217748350454,130.09068666675637
33.58421646771586,130.09069583714324
33.58421753161383,130.09070433213924
33.58422086540065,130.0907036711376
33.58422519833431,130.09070360638634
33.58423038742251,130.09070119260605
33.58423605405068,130.09069822304457
33.584243558893206,130.09068671891703
33.58425049536413,130.09067739294744
33.5842539460628,130.0906773281962
33.58425772141675,130.09067783361525
33.58425919810355,130.09068116740207
33.58425977456898,130.09068569368992
33.584258919313754,130.09069430559782
33.58425719801136,130.09070350206503
33.58425346762351,130.0907109727333
33.584249251601705,130.09071616092217
33.584239279019585,130.09072092103372
33.584230305584185,130.0907268349755
33.584230891942184,130.09073027218437
33.58423191896793,130.09073425438237
33.58423816206158,130.0907409732174
33.584242639786055,130.09074824873278
33.584242666765704,130.0907527759199
33.58424127911178,130.09075686064068
33.58423935995853,130.09075635522163
33.58423746778499,130.09075635522163
33.58422355887018,130.09074983064022
33.58421019764256,130.0907478341453
33.584208747935406,130.09074955904498
33.58420733330183,130.09075182893378
33.584207441220485,130.0907559397349
33.584207468200134,130.0907604408418
33.58420894578626,130.09076152992077
33.58420994583241,130.0907632170489
33.584214721232456,130.09076596627642
33.58421997327321,130.0907687164032
33.58422200034511,130.09077204929065
33.58422346803866,130.09077547300978
33.5842230543505,130.0907800001969
33.584222639763084,130.09078518838578
33.58422086540065,130.09078863818513
33.58421944087456,130.09079263297372
33.58421955868573,130.09079783375307
33.58422102727866,130.0908011405603
33.584233559331324,130.09081061042139
33.58425005379701,130.09082444918909
33.584251972950256,130.0908283918169
33.584254000022156,130.09083355392545
33.584258108125255,130.09085450093448
33.58426466688093,130.09087372214458
33.5842818646164,130.0909075879149
33.58429958575732,130.09093907857573
33.584304945716724,130.09094527940124
33.58431077512222,130.09095133633514
33.584316467830774,130.09095472138335
33.584322801755945,130.09095800300952
33.584333829242894,130.09096111466374
33.58434486482372,130.09096369571807
33.584350532351266,130.09096416336547
33.58436180175579,130.09096296996518
33.584372586425786,130.09096027199905
33.58437530597564,130.09096185480587
33.584378747681114,130.0909641894458
33.58438569404461,130.09097619989177
33.58439327892671,130.09099044065636
33.58439736005016,130.0909936449408
33.58440016233766,130.090995966091
33.58440558614893,130.09099666666293
33.58441164038493,130.09099649759037
33.58441702732398,130.0909939686968
33.584422333324085,130.09099143980313
33.584433135081156,130.0909912185699
33.58444397281113,130.09099099913533
33.58444997308783,130.0909859656299
33.58445930625203,130.0909801685999
33.584463999813806,130.09098000042673
33.58446805395755,130.09098158233417
33.584469532442995,130.09098394305454
33.58447089221795,130.09098627769458
33.58447166743355,130.09099522684835
33.58447382940375,130.0910056418969
33.58447653186653,130.091005524985
33.58448058601027,130.09100386483658
33.58448655930732,130.09099722424253
33.58449391935892,130.09099143980313
33.58449994571595,130.09099136156215
33.584505359634704,130.0909920882143
33.58450746764555,130.09099442285435
33.584508829219146,130.09099678267546
33.584508973110644,130.09100321732467
33.58450702697775,130.09100897478447
33.584500333323774,130.09101635462116
33.5844936936291,130.09102289179305
33.584493225082326,130.09103097310094
33.584491919266725,130.09103994833504
33.58448333343915,130.09104810608528
33.58447341391695,130.09106050593766
33.58447344089666,130.09106372191332
33.58447346787631,130.09106856026585
33.58447569369838,130.09107574584903
33.58447919835635,130.09108455290982
33.58448253214317,130.0910868866506
33.58448599992903,130.09109083017768
33.584496972557304,130.0910994420857
33.58450719784895,130.09110569417248
33.58452753241971,130.09111250293972
33.58454455928404,130.0911225546622
33.58455402734654,130.0911239432155
33.58456622485147,130.09112608270266
33.58457300034377,130.09112914399486
33.58458053216589,130.0911337997851
33.58458880233144,130.091144162673
33.58459969402071,130.09115352821277
33.58461397255684,130.09115810576202
33.58462963964621,130.09116658906692
33.584654945669286,130.0911886116652
33.58468099992825,130.09121224404987
33.58468510803135,130.0912194161432
33.58468869362838,130.09122822320398
33.58469219828635,130.0912393900859
33.5846973064356,130.09125905286305
33.584698667109876,130.0912830611644
33.58470258635532,130.09129089515875
33.58470653168115,130.09129880739408
33.5847162515538,130.09130883303624
33.58472986459162,130.0913222832968
33.58473482884932,130.09133577222815
33.584739802100216,130.09134929983043
33.58474797334037,130.0913823094461
33.584755134641796,130.09141055805082
33.58476197308664,130.09141953328492
33.58476877465927,130.09142849502905
33.58477449524679,130.0914317766552
33.58478227887912,130.09143730208984
33.584787108238515,130.0914440595957
33.58479205361044,130.09145197093176
33.58479602681524,130.0914654994333
33.58480008095904,130.09148033734778
33.58480227890209,130.09149505835035
33.58480438691299,130.0915109727532
33.58480382933328,130.09153608272413
33.58480416208249,130.09155655039456
33.58480616217469,130.0915588067936
33.584808081327935,130.09156102542102
33.58482141377726,130.0915596107875
33.58483855935208,130.09155919620002
33.58484241384639,130.09156024570882
33.58484910839968,130.091562438256
33.584854918919405,130.09156680896115
33.584859829217805,130.09157243781783
33.58486772076873,130.09159046742616
33.584876559305826,130.09160513626807
33.584879359794684,130.09160511018774
33.58488325206048,130.09160494201456
33.5848917749355,130.09160021967443
33.584902198078055,130.09159430573266
33.584905973432,130.09159416274053
33.58491174797882,130.0915951618873
33.58491655935177,130.0915973931053
33.58492225206032,130.0916006612416
33.584924279132224,130.0916051623484
33.58492719833157,130.09160966255592
33.58493022455025,130.09161985727064
33.58493419775505,130.091632335364
33.58493910805345,130.09163680859194
33.584943919426394,130.0916412836184
33.584953613218715,130.0916467829727
33.584963198193066,130.09165216631447
33.58497291896509,130.09166002638915
33.58497944084854,130.0916666669832
33.584981639690966,130.09166888471134
33.58498746819714,130.09168014332397
33.584995305788766,130.0916891050682
33.585000081188866,130.09169131020587
33.585007774888936,130.0916956422402
33.58501941391489,130.09170791169083
33.58503202690656,130.09171791215203
33.58503769443411,130.09171785999126
33.585043468081665,130.0917176909188
33.58505489216958,130.09171399470517
33.58506810770706,130.09170914376205
33.58507866664718,130.0917089108376
33.58508822464188,130.0917086896044
33.58509202697553,130.09171092082238
33.58509491919523,130.09171316463096
33.58509694626713,130.09171766483837
33.585098892400026,130.0917244232436
33.58509813517088,130.09173241192138
33.58509541382233,130.09174158230826
33.58508977507313,130.0917497283673
33.5850841624042,130.0917589491163
33.58507574834715,130.09176603127742
33.58506725155246,130.09177527900601
33.58506546819683,130.0917799482861
33.58506361289545,130.09178447457396
33.58506397262431,130.0918084945664
33.585063468104636,130.09183919562247
33.585059027252385,130.09185983056682
33.58505744084829,130.09187817134057
33.585058467874035,130.09188267244747
33.585060494945935,130.091887172655
33.58506341414528,130.09189166027193
33.58506733339078,130.0918961352985
33.585072134871155,130.09190063640528
33.585077946290255,130.09190391713219
33.58509319789283,130.09190817092542
33.58510858619235,130.09191350210654
33.585115359886004,130.09191783414076
33.58512216235795,130.09192347558803
33.58512891896447,130.09193243823154
33.58513672058325,130.09194131004347
33.5851406668084,130.09195044086027
33.585145613079646,130.09196169857364
33.5851524407326,130.0919717511954
33.58515927917745,130.09198072642948
33.585163161550724,130.09198294415762
33.58516697287757,130.09198516188576
33.585182306318416,130.0919847733786
33.58519566664677,130.0919868094437
33.58520046812714,130.0919912835709
33.58520438737264,130.09199683508598
33.58520833269847,130.09200477340164
33.58521235986257,130.0920137738167
33.58521258559239,130.09202972778974
33.58521463964394,130.0920411150055
33.585218495037566,130.09203988293427
33.585222279384766,130.09203975433127
33.585227946012935,130.0920350580716
33.58523461268726,130.09203379992005
33.58524038723414,130.0920348116573
33.58524705390846,130.09203688729258
33.585251892261056,130.09204255482007
33.585254892399405,130.09204814500595
33.58525494635876,130.09205383861388
33.585254081210905,130.09206075170243
33.58525044075526,130.09206875476923
33.58524582903186,130.09207805375922
33.58523644100899,130.09208958486647
33.58522705388549,130.09210014290738
33.585222441262715,130.0921093393746
33.585219693833835,130.09211732805227
33.58521989168469,130.0921287548382
33.58522105360879,130.09214124462278
33.58522297276204,130.09214466924118
33.585225891961386,130.09214917034797
33.58522599988004,130.09215260665758
33.58522513473224,130.0921571338447
33.585220414190815,130.09216527900446
33.58521591937921,130.09217671928025
33.585216081257215,130.0921881451668
33.585218135308764,130.09219955936226
33.58522791903329,130.09221527861223
33.58523677465746,130.09223328124096
33.58523694642798,130.09224352811634
33.58523625215139,130.09225719781148
33.58522633262919,130.0922973930103
33.58522358609969,130.09231496756172
33.58522369401834,130.0923154990611
33.585223414329164,130.09232855991513
33.58522372099799,130.0923455508066
33.58522477500344,130.09235569425994
33.585227829101086,130.09236697805363
33.585232748392684,130.09237306106797
33.58523805439273,130.09238033658335
33.58524061296396,130.09238708239798
33.585242107637214,130.0923955773941
33.58524049515279,130.09240863824812
33.58524022535619,130.09241769082382
33.58524361310231,130.09242496813783
33.58524753234781,130.09243280213218
33.58524810791391,130.09243902723938
33.585248278785116,130.09244807981509
33.58524710786776,130.09245941576944
33.585244945897614,130.09247311334354
33.58524133332094,130.09248455271995
33.585236801637166,130.09249538325537
33.58523030583399,130.09250408599485
33.585224748023734,130.09251102516373
33.585221586007435,130.09252182871944
33.58521386532766,130.09253678264645
33.58521153158699,130.09253905343462
33.585208197800114,130.0925408295957
33.58520541439839,130.09254097258793
33.58520153202511,130.09254046716887
33.585193919263986,130.09253666663392
33.58518813482459,130.09253350191966
33.58518580198324,130.09253406039863
33.58518391880284,130.09253632938817
33.58518349522217,130.09253924768814
33.585183613033394,130.0925425805757
33.585184197592696,130.09254936416187
33.5851862246646,130.09255613515757
33.585186278623894,130.0925618287655
33.58518405370114,130.09256866361295
33.58518130627232,130.0925733068127
33.58517755879734,130.0925778861606
33.58517430594952,130.0925797540525
33.58516999999557,130.0925798053138
33.585166640128364,130.09257875490573
33.58516282880157,130.09257600477883
33.585156440917046,130.09256591438555
33.58515016185055,130.09255878096303
33.5851459458288,130.09255946804512
33.58514027920057,130.09256124510546
33.58513563959815,130.0925659395665
33.58513097301602,130.09257221773373
33.58512822468788,130.09257797699206
33.58512461301052,130.0925866149804
33.58512055886678,130.09260141422396
33.58511705420875,130.09261741855903
33.58511580235245,130.0926281969338
33.58511508109615,130.09264070020822
33.58511553165653,130.09266503226547
33.58511655868227,130.09269508401098
33.5851199194488,130.09272099887505
33.58512461301052,130.09274691283986
33.58512969418007,130.09276389114075
33.58513422496458,130.09278075163047
33.585132224872325,130.09280233535958
33.58513355856695,130.09282438403818
33.585151613356345,130.0928760312039
33.58517700031837,130.09294566840788
33.58518822475679,130.09298788618207
33.58519697336169,130.09302452726024
33.585198585846115,130.09303583713427
33.58520010839834,130.0930489492497
33.58520430643364,130.0930685211954
33.585207197754016,130.09309335867158
33.58520955937371,130.09312050560686
33.58521097310796,130.093174890309
33.58521344084767,130.0932308560192
33.58521841409856,130.09326992166962
33.585222414283066,130.0933111411963
33.585226613217685,130.09333147936434
33.58523174834659,130.09335457755174
33.58524080182161,130.09338269755347
33.58525082926241,130.09341072582436
33.58526266703848,130.09343880715528
33.58527402727458,130.09346564202588
33.585284802052,130.09348469506267
33.58529269360298,130.09350153037144
33.5852938294467,130.09350710796673
33.58529441400606,130.09351389065364
33.5852938654196,130.09353596631183
33.58529272058263,130.093553671265
33.58529372062878,130.09355644567347
33.585295639781975,130.09355978035967
33.585310585615105,130.09356963692926
33.5853260269746,130.09358455308472
33.5853304408472,130.09359571996652
33.58533641414425,130.09360922238773
33.58533891875612,130.0936181445618
33.5853414953138,130.093629415765
33.58534369415622,130.09364297034688
33.585343865027426,130.09365600512058
33.585342107752126,130.09366399469764
33.58534038734905,130.0936730607632
33.58534125159753,130.09369180263468
33.585343441446696,130.09371041500367
33.585347973130524,130.09372328070492
33.585353360069576,130.0937339952278
33.585356720836046,130.09373730203492
33.58536108074935,130.09374114124068
33.58537538716445,130.09374810559063
33.58538833290527,130.09375518775175
33.585390774564644,130.09375849455898
33.58539269371789,130.09376247675698
33.58539427922267,130.09376869017296
33.58539441412097,130.09377547285987
33.58539310830537,130.0937805576267
33.58539080244361,130.09378510999488
33.58538425178182,130.0937898053553
33.58537905370042,130.09379450071572
33.585379613078715,130.0937962256154
33.585379613078715,130.09379795141444
33.58538208081842,130.0938012447317
33.585385000017766,130.09380455333758
33.58539794575864,130.09381335859973
33.58541091937849,130.09382433212727
33.585411946404236,130.09382766501483
33.58541341409784,130.09383216612162
33.58541366680731,130.09384238691666
33.58541430622529,130.0938548901911
33.58541749522129,130.09387177676115
33.58542246757287,130.09388916964951
33.58542494610441,130.093892477356
33.585427865303814,130.09389525266386
33.585433639850635,130.09389852080017
33.58543936043816,130.0939018033256
33.58544325180469,130.09390620011106
33.585445748322684,130.09391241172852
33.58544602711254,130.09392824878967
33.58544677534843,130.09394352827132
33.585448252035235,130.09394922187914
33.585450279107135,130.09395360607414
33.58545610761331,130.09396141398815
33.58546194601206,130.09396978038114
33.58546197299171,130.09397267170152
33.58546208091036,130.09397600458897
33.585459748068956,130.09398066127858
33.58545744130794,130.0939857460454
33.58545802676656,130.09399092074443
33.58545861312456,130.0939959659412
33.58546053227781,130.09400046704798
33.58546400006361,130.09400605723386
33.5854688024433,130.0940104153484
33.58547316235661,130.09401372215564
33.58547597273798,130.0940136960753
33.58547930562548,130.094013527902
33.58548353243913,130.094011776922
33.585487305994434,130.09400999986167
33.58549208139448,130.09401038926808
33.585496864888455,130.09401194599457
33.58550358642145,130.09401693903055
33.5855112792222,130.09402236104324
33.58551755918808,130.0940290789789
33.58552291914748,130.09403688689292
33.585525865326474,130.0940429959876
33.585527892398375,130.09404922199406
33.58552822514753,130.09407011684243
33.585530441077026,130.0940893902133
33.5855328917296,130.09409097302
33.58553525155065,130.09409267183935
33.58554858579862,130.09409230941264
33.58556472143482,130.09409194608645
33.58556853186229,130.09409457840218
33.5855728917756,130.09409852103
33.5855801978679,130.09411072572948
33.58558758579852,130.09412357973952
33.58559897301427,130.09415277622975
33.58560833315812,130.0941746432452
33.58560844107677,130.0941780795548
33.585608027388616,130.09418144032122
33.585606135215016,130.09418263282225
33.58560235986107,130.09418386489347
33.58559244123825,130.09418525344677
33.58557777509429,130.0941873668536
33.58557119835217,130.09418977973462
33.585566000270774,130.0941933068757
33.585563251942574,130.0941978340628
33.585560026973724,130.0942030609226
33.58555872115812,130.09420878061076
33.5855574144432,130.09421450119828
33.58555789198317,130.09424389104277
33.58555897296827,130.0942790005755
33.585560973060524,130.09428124528336
33.58556330590187,130.0942828271908
33.585571891729444,130.09428491631593
33.58557958632889,130.0942875225512
33.58558049464415,130.09428977984953
33.585580161894995,130.09429269814962
33.58557874816074,130.09429549863842
33.585575972852894,130.09429897541747
33.585564198029374,130.0943043839402
33.5855543063862,130.09430975379212
33.585553441238346,130.09431258126062
33.585552559003474,130.09431654996888
33.585552693901775,130.09432280205579
33.585553306340046,130.09433014322155
33.58555577497907,130.09433688723766
33.585559278737776,130.09434525273127
33.58556655874975,130.09435530535313
33.58557430640917,130.09436535707562
33.58557864024209,130.0943686378024
33.58558389228284,130.09437194640827
33.58559202665077,130.09437399506385
33.58560105404547,130.09437661478898
33.585605865418415,130.0943798829253
33.585609225285566,130.0943831906318
33.585612252403564,130.09439155612552
33.5856153325816,130.09440282732874
33.58561546837922,130.09441072607422
33.58561508077139,130.0944192219696
33.585613306409016,130.09442389124968
33.58561099964794,130.09442732755917
33.585607225193314,130.09442963701815
33.58560300017837,130.09443204899992
33.585591639942265,130.09443294382538
33.58558174829909,130.09443422805725
33.585579865118746,130.09443542235692
33.58557941365905,130.09443832716715
33.585581332812296,130.09444111506548
33.58558380235064,130.0944449677611
33.585591532023614,130.09445383867376
33.58560025185017,130.09446321680412
33.58560463964244,130.09447169920963
33.58560958591369,130.09448175093212
33.58561016237917,130.09448683479968
33.585610198352015,130.09449189438544
33.58560669369399,130.09450613515003
33.58560597333707,130.09451810602582
33.585608891637094,130.09452194613095
33.58561180184324,130.09452591393983
33.58561469406294,130.09452866406662
33.58561894605759,130.09452972796464
33.585627945573265,130.09452605693207
33.585637865095464,130.09452466927814
33.58564030585546,130.09452571968632
33.585642666575836,130.0945279509043
33.58565194578074,130.0945413364136
33.58566216207919,130.09455856022942
33.585662305970686,130.094562555018
33.58566186530288,130.09456652372614
33.585659107981485,130.0945705580848
33.585654891959734,130.09457522736488
33.585635251665565,130.0945881452268
33.58562216203319,130.09460044075774
33.585621332858295,130.09460671892498
33.58562046771044,130.09461406009086
33.58561494587309,130.09462379974866
33.58560999960184,130.0946358110939
33.58561074783779,130.09467836611373
33.585609945642545,130.09471466904677
33.58561299974019,130.0947275617276
33.58561913491519,130.0947529181127
33.58561925182704,130.0947551880016
33.58561794601144,130.0947614400884
33.585618134869094,130.0947756682625
33.58561972127319,130.09478296985822
33.58562164042644,130.09478747096512
33.58562555877256,130.09479238665938
33.58562891863971,130.0947963292872
33.58564766680644,130.09480486385348
33.58566672074261,130.09481005204236
33.585689279336805,130.09482652402494
33.58570997273711,130.09484418940792
33.5857176943162,130.0948524119093
33.58572261270848,130.09485966314298
33.58572408130135,130.09486418943084
33.585725585867124,130.09486868963836
33.585725693785776,130.09487269791668
33.585725720765424,130.09487603080424
33.5857229733366,130.09488175139177
33.5857188652335,130.09488749716036
33.58569549455149,130.09491189396874
33.585672360391186,130.0949391704064
33.585666252195836,130.09494442334653
33.58566013500729,130.0949479118167
33.58565113459224,130.09494983097
33.58564258563689,130.09495014303468
33.58563644056932,130.09494795138687
33.585630666921816,130.09494702958182
33.58562689156787,130.09494708174248
33.58562408118644,130.09494722383533
33.585620775278585,130.09495069971513
33.58561900001689,130.09495469540298
33.585618613308384,130.094962023079
33.58561974825284,130.09497000006547
33.585630801820116,130.09497763890693
33.585645081255564,130.0949840600664
33.58565089177529,130.09498958460176
33.58565582905334,130.0949967441045
33.585661224985586,130.09500856029683
33.58566574767616,130.0950220878991
33.58566691859346,130.09503444908057
33.58566708137079,130.0950435016564
33.585665081278535,130.0950532170324
33.58566489242088,130.09505442302327
33.58566361268561,130.09506399540714
33.58566377456361,130.09507369639402
33.58566446794089,130.09508328136837
33.58566653188501,130.09509058386345
33.58566944119178,130.09509788635842
33.58568389239775,130.0951122827057
33.58570074839088,130.09512481206048
33.58570658589025,130.09513208757585
33.58571866738265,130.09514574557977
33.5857207753935,130.0951504409402
33.5857188292606,130.09515533055412
33.5857135592334,130.09516258088843
33.58571238741678,130.095172308855
33.58571522477786,130.09517939011687
33.58572822537735,130.09519357962006
33.58573700006258,130.09519885864052
33.5857490806556,130.09519863830656
33.585781558772,130.09517622630187
33.585785468124925,130.09517046704343
33.58579027859855,130.0951743062493
33.585793748182994,130.095179856865
33.585795278829096,130.09519031058448
33.58580074760647,130.0951981059079
33.58580813463777,130.0951987812988
33.585818081139564,130.09519124498001
33.58582461291559,130.09518072561002
33.58582913470684,130.09517422800832
33.58583382916794,130.09517330710253
33.58583741386559,130.0951843579718
33.58583897329004,130.0951979116544
33.58584574788301,130.09519936405945
33.585854359790915,130.0951928017065
33.58586674795208,130.09517241227707
33.585874000085084,130.0951682493153
33.58588289168216,130.09517364524754
33.58588866712836,130.09520075171338
33.58588716166321,130.09522961095786
33.58586661305378,130.09527819683137
33.58586208137001,130.09528869012104
33.585861639802886,130.0953000260754
33.58587353243763,130.09532608303232
33.585877225053935,130.09534769104312
33.58587402706473,130.09535655026468
33.58586749528871,130.09536469542445
33.58586361291543,130.095374448572
33.585868134706686,130.09540077802353
33.58587264031013,130.09542627830012
33.58587082907553,130.09543836608782
33.58586589179754,130.0954494942988
33.58583099990079,130.09551450089361
33.58582622540001,130.0955270563287
33.58582438718577,130.0955446425712
33.58582180163489,130.0955646947549
33.585824252287466,130.09558891079962
33.58582446812477,130.09560732801583
33.58582472083424,130.0956298308521
33.585826306339015,130.09564814464625
33.58583710809609,130.09567138762452
33.58584000031584,130.09568213991884
33.58583938697819,130.09568797741827
33.585834586397084,130.09569394262144
33.58581933299587,130.09570508432228
33.585810972898116,130.09571111517585
33.58580349503529,130.09572291787845
33.58579741381965,130.0957414142349
33.585794892120646,130.09576481189663
33.58579705409085,130.09582997407415
33.58580225217224,130.09584983110483
33.585808694016066,130.0958648641722
33.58581930601622,130.09587627836765
33.58584174769857,130.09588669341622
33.58585297303631,130.0958924122051
33.58585797326691,130.09589817056417
33.58586169376218,130.09591483769964
33.58586053183814,130.09593736661623
33.58585994637946,130.09594403418987
33.58585589223571,130.09595830103478
33.585857585659085,130.09597919588327
33.58586005429811,130.09601169918062
33.585867414349764,130.09604241192778
33.58587180214198,130.09606155579627
33.585875531630506,130.09607822293174
33.58588625244863,130.09610472055647
33.58589500015421,130.09612885925947
33.58589658565893,130.0961463043086
33.58590161286918,130.09615538296464
33.58591072120288,130.09615778235582
33.58592044107553,130.0961550843897
33.58593980168058,130.09614055764064
33.58595230585428,130.09613364455208
33.5859662786209,130.09613338464806
33.58597397322035,130.09613827516137
33.5860017748621,130.0961803112724
33.58601027885135,130.09619769067092
33.58601274838969,130.09622686108082
33.586012359882545,130.0962477559293
33.58600494587159,130.09627044132787
33.585998828683046,130.0962847468437
33.58598980218767,130.09629583728315
33.5859780543438,130.0963034761246
33.585968359652156,130.09630703024527
33.58595938711608,130.0963139172535
33.585952558563804,130.096328196689
33.585927305600705,130.09637791211105
33.58591916223958,130.09639975394555
33.5859165317226,130.0964106609233
33.58592141414198,130.0964130872942
33.58592977513905,130.09640795126597
33.585940198281605,130.09640277566757
33.585949946033224,130.0964042802334
33.585954946263826,130.09641005208232
33.58596533343342,130.09640230891944
33.5859763330414,130.096387107679
33.58598664017137,130.09637846969065
33.58599716223932,130.0963783662686
33.5860111979585,130.09638308681008
33.58601755886332,130.09638883257867
33.586018360159244,130.09640044102764
33.586021306338296,130.09641131023386
33.58602486495562,130.09641622592812
33.58603182930551,130.09641861182956
33.58606402683341,130.096421414117
33.58607308120776,130.09642455275093
33.58607672076408,130.09643204860026
33.58607974788214,130.0964511933679
33.586077774769535,130.0964637218234
33.58605846812384,130.09648749720031
33.58603372057979,130.0965196632519
33.58601538700054,130.09656335861223
33.58601202713339,130.09657094709155
33.586013558678815,130.09658513569548
33.58601649496535,130.09659180326912
33.58602846763972,130.09660158159772
33.586044586188734,130.09660961074496
33.58605805443574,130.09662616096864
33.58609053165276,130.09665481157037
33.586115945594486,130.09667769122257
33.58611819839621,130.0966876907844
33.58611482863648,130.09669861215127
33.58609989179661,130.09673807979857
33.58609172055651,130.09675496816726
33.58608982928223,130.09676749662276
33.58609341397994,130.09677832715818
33.58610486504756,130.09680233456015
33.58610433264886,130.09681647190268
33.586100279404434,130.09682664143645
33.58609338700029,130.0968359656074
33.58608297285099,130.0968402715613
33.58607469369224,130.09684294434646
33.58604297280499,130.09682260707768
33.58603663977914,130.09681944236343
33.58603255865569,130.09682788609814
33.58602716182412,130.0968430216882
33.58602513475222,130.09684885918762
33.586021720925714,130.09685147891264
33.586009134913695,130.09685666710152
33.58600089172785,130.09686019514197
33.58599400022297,130.0968678079031
33.585990559416814,130.0968770043703
33.58599144075242,130.0968878861671
33.58599708130032,130.0968961086685
33.58601891863822,130.09691075232945
33.58602394584847,130.0969215819655
33.58602399980782,130.0969273933846
33.58601374843579,130.09694344988043
33.58600891907639,130.09695019479568
33.586009134913695,130.09696610919866
33.586012000153744,130.09697525260583
33.58601982875217,130.09698508399447
33.58603119798147,130.09699907924414
33.58603816233136,130.0970030866232
33.586041107611095,130.09701147909652
33.58604116157039,130.09701888501354
33.58603780170324,130.09702647169433
33.586021828844366,130.097036886743
33.586003747974644,130.09704299583768
33.58599402720267,130.09704481156882
33.58598641444155,130.0970525547317
33.5859823333181,130.09706099936568
33.58598174785942,130.0970684178733
33.58598461309947,130.09707841833438
33.58599374841282,130.09708241222359
33.58602355914002,130.09706433225324
33.58603327901267,130.0970633591868
33.58603755888629,130.09706666689317
33.58604189181989,130.09708243830391
33.58603502729471,130.09709165995218
33.5859702518257,130.0971622828132
33.585966197681955,130.09717233543495
33.585966224661604,130.09717727631028
33.585972558586775,130.09718055793644
33.585978135282744,130.09717717288834
33.585987080839175,130.0971694162356
33.58599266742772,130.09717011680755
33.58599902743322,130.09717671873068
33.585999801749495,130.0971825292504
33.58599849503457,130.09719007815966
33.58596346823953,130.0972324766975
33.58595238679328,130.09724444937194
33.58594830566983,130.09725450109443
33.585951251848826,130.09726189442097
33.585957585774,130.0972660313024
33.5859714137498,130.097259104724
33.58598389184317,130.09725133638017
33.58599019788937,130.09725038939405
33.585994359951826,130.09725111514695
33.58599589239657,130.09726197086331
33.585999054412866,130.09729027162882
33.58599725217152,130.09731291835658
33.58599391928402,130.09732630386588
33.585989134890724,130.0973397280461
33.585986495380496,130.09734814480112
33.58598166692042,130.09735411180293
33.58597682856782,130.09735999966426
33.58597194614845,130.09735594012454
33.58597310807255,130.0973417254403
33.585969494596554,130.09733011699132
33.5859666941077,130.09732852069476
33.58595966680525,130.09733033732527
33.58595349475803,130.09733544727317
33.585950892120024,130.09734883278247
33.585945586119976,130.0973773278015
33.58593613514455,130.09740252860388
33.58592864019465,130.09741189414365
33.58590025219496,130.09744072640842
33.58589205397516,130.0974534113459
33.58588799983136,130.0974660567132
33.585886107657814,130.09747858606795
33.58588689186661,130.09748610889687
33.58589264033316,130.09749856001065
33.58590749533471,130.0975199476875
33.585910440614384,130.09752830059062
33.58591049457374,130.0975349942446
33.58590786495603,130.0975433066783
33.585898198143354,130.097554383628
33.585849667128514,130.09758871614645
33.58584482877586,130.09759374785324
33.585843531953515,130.0975996626944
33.58584649521964,130.0976104149887
33.58584241409619,130.0976213363557
33.58583969364702,130.09762891134528
33.585827972782795,130.09764089481155
33.58582253188439,130.09764933944552
33.58582053179214,130.09765939026875
33.58582349505832,130.0976709726374
33.58582882893734,130.097710142609
33.58582925161869,130.0977427763081
33.58582469385459,130.09777450079264
33.585816000108366,130.09780561643606
33.585792775116545,130.0978477820496
33.58576653199992,130.097872502614
33.5857603599527,130.09788007760358
33.585757640402846,130.0978901428159
33.58575735981435,130.09792527932825
33.58575953167707,130.0979886896264
33.585757640402846,130.09806144028335
33.585754467594654,130.09808730208738
33.585749161594606,130.09811418911863
33.58574880186575,130.09813671893448
33.58576191937715,130.09824258083052
33.58576705360667,130.0982658112183
33.58577561335392,130.0982782227618
33.585796919192546,130.09830372213912
33.585803279198046,130.09831197072094
33.58580408139329,130.0983244488143
33.585800054229196,130.09833871565922
33.58579682926029,130.09835630370048
33.585802135260394,130.09839136197184
33.58581833294977,130.09845863755618
33.58587558558986,130.09869311329658
33.58591813521383,130.0988669783285
33.58594086467923,130.09895508400996
33.58595327892073,130.09900072640244
33.585961198350674,130.09902230923228
33.585984197612675,130.09907204893602
33.58603363964079,130.09917797738183
33.58604810793389,130.0992194936847
33.58605561277636,130.09926111520838
33.58606305376696,130.09930608310935
33.58609053165276,130.09943591373644
33.58610313475191,130.09949581128274
33.58610322468411,130.09951077780022
33.58609491944503,130.0995710890346
33.58609869389966,130.09959355409933
33.586110919283556,130.09962511041056
33.586121586142326,130.09964158239313
33.586160613121876,130.0996877167148
33.586187585588675,130.09972891106042
33.58623913472832,130.0998349159487
33.58624766659659,130.0998422831949
33.58625874804284,130.09984291811622
33.58627272080946,130.09984092072193
33.586282000014364,130.09985418931944
33.58629344118941,130.09987819672142
33.58629216235346,130.0998890794175
33.58628808123001,130.09989830106576
33.58628610811746,130.0999100516077
33.586287612683236,130.09991758792637
33.58630261337498,130.0999465236132
33.586315306406334,130.09995791172832
33.586331495102456,130.09996344975343
33.58634197310363,130.09996744544128
33.58634905436543,130.09997566794277
33.586358532320446,130.10000000000002
33.58638002701667,130.10005527862825
33.58640869380622,130.10011496843106
33.58641733269383,130.10013730219475
33.586420494710126,130.1001631127375
33.58644897264202,130.1002850841893
33.58645327859597,130.10029603073724
33.586461829350014,130.1003060833591
33.58647313472744,130.10030930023413
33.586491414347336,130.10030749709335
33.586518224936185,130.10029805421186
33.586529586071606,130.1002970820448
33.58653446759166,130.1003029438259
33.58653749470966,130.1003325549035
33.586536829211354,130.10035194608554
33.5865375864405,130.10035861186054
33.586541919374156,130.10036955930775
33.58655255925328,130.1003838909039
33.58655397298753,130.10039228337723
33.586548441257605,130.10041258107583
33.586542198163954,130.10043289226428
33.5865408293958,130.10044552504098
33.586543054318554,130.10046413741009
33.586554532365824,130.1004943843085
33.58656030601338,130.10051963727153
33.58656474776495,130.10055849517846
33.586567613005,130.1005703113708
33.58657327873385,130.1005778081194
33.58658602662388,130.100585304868
33.586602306151576,130.10058944174943
33.58661638683685,130.1005927503552
33.58662913472682,130.10059683507598
33.58663555858419,130.1006128016395
33.58664061277409,130.10063980468328
33.58664005429512,130.100660920765
33.58663794628427,130.10066846967425
33.58663516198317,130.10067272436675
33.586629532227164,130.10067868956992
33.58662180165487,130.10068297034286
33.586611945984544,130.10068900119654
33.58660561295875,130.1006999477445
33.5866008015858,130.10071863835458
33.58659877541322,130.1007389108721
33.586602360110874,130.10074642021118
33.5866143867446,130.10075221814043
33.586635613442866,130.10075802866015
33.58666805378772,130.10076791220945
33.586690748179535,130.1007744745624
33.58671333285406,130.10078360627847
33.58673430594354,130.10080277622717
33.58674882909526,130.10081622558846
33.586754494824106,130.10082552457834
33.58675389227835,130.1008407258189
33.5867497212227,130.10085002570816
33.58673916228258,130.10086189406127
33.58673146768314,130.1008694942318
33.58672236024876,130.10088143992652
33.586721639891834,130.10089330738026
33.586725224589486,130.1009041370164
33.58673797337883,130.10090832695778
33.586756279079054,130.10089885889533
33.58679155858363,130.10088849510805
33.58684233340699,130.10087805397905
33.58686064000659,130.10087700357087
33.586872693619966,130.10088625219885
33.58687841420749,130.100905576831
33.586878558998364,130.10092583675805
33.58688153215701,130.1009477820146
33.58688646763642,130.1009595847171
33.58689991879629,130.1009746429654
33.58690705401739,130.10098814538662
33.586907946144834,130.10100997373138
33.58691013509468,130.10102688728114
33.58691794570666,130.101046303644
33.586934279193656,130.10106216588633
33.586957613003506,130.10107216634742
33.58696689220835,130.10108379997746
33.586968305942605,130.10109058356363
33.586946613395526,130.10112119288885
33.586936108414704,130.10115158188012
33.586934891631984,130.10118121903804
33.58693994582188,130.10120732815574
33.58695136001728,130.1012299479038
33.58697697270918,130.1012643838443
33.587035252375074,130.10135600497574
33.587048081204046,130.10138795069338
33.58706872064499,130.10141144008594
33.58708638692724,130.10142138838648
33.587117559228034,130.10142968912896
33.58716625212088,130.10143177735472
33.587226918587476,130.1014280029001
33.58723682911642,130.1014296369682
33.58724391937142,130.10143710763646
33.58725119758475,130.10146749662772
33.587267801767666,130.10154588783257
33.58727930589532,130.10158961107174
33.58729294591279,130.10164442295184
33.58730513532379,130.10168564157914
33.58731372115136,130.10171258077105
33.58732513534676,130.10173111489905
33.58733646770389,130.10174197061554
33.587352721151206,130.10174442306675
33.587370359554484,130.1017384182934
33.587427468303076,130.10173286587917
33.587437413905604,130.10173360602118
33.58744516156503,130.10173610883442
33.58744733342775,130.10174535656301
33.58744882900032,130.1017546168821
33.58745591925532,130.10176219187167
33.58746646830292,130.10176208755036
33.58748413458517,130.1017619967189
33.58749400014801,130.10175522662246
33.58750394575054,130.1017567185977
33.58751382929984,130.10176771730642
33.587519558880615,130.1017828663862
33.587519693778916,130.10180311282352
33.58751905436094,130.10182844402755
33.58752277485621,130.1018545783262
33.58752780206646,130.1018764984018
33.58753280229706,130.10189756232273
33.587536386994714,130.10190505817195
33.587549892113884,130.101913449746
33.587576747668834,130.10192671924278
33.5876086133469,130.1019408296056
33.58763972089645,130.10195666666687
33.58765805357638,130.10195994829303
33.58767074840637,130.10195808040112
33.587682748060445,130.1019588070534
33.587700495281695,130.1019671338762
33.58771108120146,130.1019737996512
33.58771610841171,130.10198141421097
33.58771680178904,130.10199152978532
33.58772180201959,130.1019991443451
33.587733774694016,130.10199642029863
33.587754252257014,130.10198360585878
33.58775844129906,130.101987859652
33.58775708062484,130.10200050591868
33.58774889229761,130.10203861199238
33.587737026642515,130.10207072588332
33.58773144095329,130.10208425438486
33.587707531577394,130.10210549906958
33.58770044132234,130.10211063599706
33.58769482865347,130.10211997365798
33.58769280158157,130.10212678332448
33.58769566682162,130.10213513622762
33.58770419779057,130.102143553882
33.58771689172124,130.10215269818855
33.58772755858001,130.10215688723065
33.58773602659642,130.10216693895313
33.587742440561215,130.1021837742618
33.58774749475111,130.10219472080973
33.587752468002066,130.1021972497034
33.587791973420906,130.1022003109956
33.58780825204923,130.10220691291875
33.58781672096495,130.10220608284453
33.5878257753393,130.10218658913982
33.58783553208417,130.1021636447365
33.58784394614128,130.10214330656845
33.58784455857955,130.1021154986314
33.58784861272335,130.1020901431457
33.5878577480367,130.10206817090943
33.58788510811132,130.10205022044136
33.58794722518434,130.10203450119138
33.58795425158752,130.1020345272717
33.58796266744321,130.1020268092899
33.58796813532126,130.1019854728513
33.58797225241756,130.10195752282152
33.58797849461189,130.10193635457915
33.587993864924954,130.10190247711773
33.58799802698741,130.1018923093826
33.58799941374201,130.1018847469835
33.5879986673047,130.10186871566873
33.58799777517726,130.1018460050891
33.58800055857898,130.1018307777682
33.58800761286108,130.10182306068577
33.588020946209724,130.10182044096064
33.58803933284901,130.10182036271965
33.5880492253915,130.10182778212652
33.58807141436432,130.10188089518726
33.588079251955946,130.10188919592974
33.58808555890147,130.10188999992363
33.58808977492322,130.1018857461304
33.58809330566157,130.1018781711407
33.58810102724067,130.10187389126713
33.5881080806235,130.10187469526102
33.58811589213474,130.10188053186107
33.5881173328487,130.10189483827628
33.58811955867077,130.1019150838141
33.588120359966695,130.10192778224143
33.58812749518779,130.10194116685147
33.58813816204662,130.10197069968808
33.58814397256634,130.10198581099644
33.58814686478604,130.10200011741154
33.58814689176569,130.10201530516224
33.58814905373589,130.10202885884485
33.588159054197035,130.10204221827382
33.58816258583471,130.10205488972144
33.58813538673877,130.10210992193538
33.58813182902077,130.10211844391108
33.58812980194887,130.10212094672443
33.58812619836539,130.1021235799393
33.58810846823127,130.1021033847635
33.58808797268182,130.10208756209136
33.588080135090195,130.10208752342055
33.588073891996544,130.10209525309347
33.58807461325284,130.10210697755508
33.58807825190985,130.1021238650244
33.58807833284885,130.10214830140308
33.5880834140184,130.10216688679247
33.588097694353166,130.10219464256875
33.58810344102102,130.10221819671244
33.588105000445466,130.102245188065
33.588101531760344,130.1022637743538
33.58810091932202,130.10227897469497
33.58810236003592,130.1022933854315
33.5881059186533,130.102296693138
33.58811225167915,130.10229922203155
33.58812497258947,130.1023032806719
33.58813774835846,130.10231165965547
33.588146360266364,130.10232933942757
33.58815425181734,130.1023605063324
33.588152919022036,130.10237486400888
33.588147279373516,130.10238169885633
33.58813241358007,130.10238347591678
33.58811130559235,130.10238272408355
33.58808722534525,130.1023787553753
33.58805119760473,130.10237396918342
33.58799680211081,130.10237011738707
33.58798130589258,130.10237027207052
33.58796508122356,130.1023711929762
33.587954559155605,130.10237377403053
33.58794322499989,130.10237983096454
33.58792353164574,130.10239930038745
33.58791589190491,130.10241297008258
33.587901973097644,130.10246116744895
33.587899224769444,130.10246710837043
33.587894306377166,130.10247136216367
33.58788719813572,130.10247477329222
33.58788164032552,130.1024798832401
33.587881613345814,130.1024865885853
33.58789727863655,130.10250763901638
33.58790505417494,130.10251260687141
33.58791138720079,130.1025158875982
33.58792058636601,130.1025166673104
33.58793127930517,130.1025208563525
33.58793830570829,130.10252163426605
33.58795238729289,130.10252494197255
33.58796661276904,130.10254591416265
33.587973026733835,130.10256102457174
33.58797464011758,130.10258299590862
33.58797186480979,130.10259649832983
33.58796205410556,130.10261350181167
33.58794586540944,130.10262961136755
33.58793182879094,130.10263557657072
33.58792397321287,130.1026348121469
33.58791972121821,130.1026315053398
33.58790905435944,130.1026164461921
33.58790127882099,130.1026113362442
33.58789422543822,130.10261141358592
33.587887946371666,130.102614812124
33.58788010788072,130.10261489036498
33.587870945587724,130.10260732796587
33.5878588290218,130.10258980467586
33.58784464041787,130.10257377426035
33.58783408057843,130.1025705582847
33.58782561256203,130.1025722436142
33.58781925165721,130.10257910544146
33.58780816211703,130.10261542186424
33.58780397307493,130.10262311286647
33.58779974805998,130.10262391686035
33.58779544120671,130.1026172762663
33.58779110827305,130.10260202286509
33.58778549470486,130.10259788598376
33.58777836038308,130.10259883296987
33.58777566691356,130.10260972825643
33.58777436019864,130.10262924804147
33.58777080158126,130.10263510982247
33.58776033257334,130.10264620026203
33.58775119815931,130.10265383910348
33.587743359668366,130.10265564224414
33.58773491863167,130.10264980474471
33.587709946257064,130.1026136448039
33.58769216216359,130.10258678295372
33.587672919369766,130.102543021943
33.587657945657725,130.1025152787572
33.58764516179485,130.10249345041245
33.587631721426874,130.1024817250517
33.58762041425075,130.1024741887329
33.58760549539733,130.1024709205966
33.58759427905278,130.10247608270515
33.58758782911508,130.10247280197825
33.587584999847934,130.10246518831786
33.58759058643648,130.10245080366167
33.58760882918415,130.10242111524235
33.58761153164693,130.10240761282114
33.587612892321204,130.10239574626678
33.58761219804455,130.10238819735753
33.58760508080991,130.10237730207086
33.58759513520738,130.10237147896066
33.58758530561744,130.1023723351152
33.58757122493216,130.10239185490025
33.587520828723314,130.10246822263048
33.58751594630394,130.10248089497736
33.58751733305854,130.10248505793913
33.58753572059709,130.1024858628324
33.58755058639048,130.102492477346
33.58755697337568,130.10250341130347
33.587558414089585,130.10251600540937
33.58755846804894,130.10252697803764
33.58754516167994,130.10254403368026
33.58749591930126,130.10257891118783
33.58747486527284,130.10259603068232
33.58745158632172,130.10260717328254
33.58742897286885,130.1026072758052
33.58740069368713,130.1026024122716
33.587382441046884,130.10260680905708
33.587352134793264,130.1026205839728
33.58732605355459,130.10263927368362
33.58729382904704,130.10268505816896
33.587225162211496,130.10278941639854
33.58720974783165,130.10281574585008
33.58719710786028,130.10283688711274
33.5871816674001,130.10284891104845
33.58715766719263,130.10285744471537
33.58710194609796,130.1028587811079
33.58708433287569,130.10286391713612
33.587054693919015,130.10286841824302
33.586973468051156,130.10285805355636
33.58693316223571,130.10285749687603
33.586901468328165,130.10286367072194
33.58689158567819,130.1028687159186
33.58688461323436,130.10288988326158
33.58688474813266,130.1029076646571
33.58688122458892,130.10292031092365
33.58687563979896,130.10292121923897
33.58685861293469,130.10291031136182
33.586845865044666,130.10289267205928
33.58682958641634,130.10288691280084
33.58680977525097,130.1028887159415
33.58679577460538,130.10289985674308
33.58677541395423,130.10292442262403
33.586722162397905,130.10301944229354
33.58671730605886,130.1030303888415
33.586715278987015,130.10304905337114
33.58671535992596,130.10306250273243
33.58671963979958,130.10307852055735
33.58671830610501,130.10308358014322
33.58671689237076,130.10308608295645
33.58671410806966,130.103088690091
33.58670627857197,130.10308791217744
33.58669846795999,130.10308369615575
33.58668789193274,130.10307961143496
33.58667872064649,130.10308216640897
33.58667177518231,130.1030923611237
33.58666753218091,130.10310674398113
33.58666699978227,130.10313033679563
33.58666638734394,130.1031472503454
33.58666427933309,130.1031540600119
33.586660801654716,130.10315916995978
33.58665225180005,130.10316344983346
33.58664100038192,130.10316518822287
33.58662619844034,130.10316189400623
33.58661341367815,130.1031543837679
33.5865758651841,130.10312007822904
33.58656949528603,130.10311335939411
33.586561747626604,130.10311430638023
33.58655813504993,130.10311594044833
33.586554667264124,130.1031210512955
33.586549026716284,130.10312530508884
33.58653702706221,130.1031254471817
33.586475586279334,130.10312080398194
33.58646713535006,130.10312508385562
33.586460162006915,130.10313108862886
33.586455919005516,130.10314124467277
33.58645602692417,130.10315730206787
33.586454748088215,130.103182633272
33.58644916239899,130.10320800314685
33.58644091921309,130.10323588842562
33.5864268286353,130.1032596107425
33.586386081252726,130.1032995847081
33.58638333292453,130.10330552473022
33.58638549489473,130.1033156421032
33.586389108370724,130.10332992243798
33.58638844107372,130.10333671861474
33.58638486536927,130.10334269820703
33.58637930576043,130.10334608325525
33.58637010839385,130.10334616059686
33.58636086516185,130.1033394939226
33.5863495319054,130.103329363959
33.58633891900598,130.10332108929686
33.586326919351905,130.10332194635077
33.58630719811873,130.10333649828078
33.58624949491832,130.10337574559424
33.58623405355877,130.10338172518652
33.586212801679494,130.10337603067933
33.58616753160635,130.10334763908236
33.58612935988208,130.10334286638022
33.58610535967466,130.10335396941025
33.58608330560014,130.10337014281788
33.58603658581984,130.10342061007316
33.58598897301272,130.1034688326206
33.58591480232633,130.10357194618848
33.58590046803221,130.10359827474065
33.585882387162485,130.10361442296733
33.58584805374471,130.10363050644276
33.585820333041966,130.10365005230813
33.58578319823607,130.10370160774312
33.58564430603997,130.103894163385
33.585616694155135,130.10392966322343
33.58556802734262,130.10396992227413
33.58553363996555,130.10399063635884
33.585513666922225,130.10400786017465
33.58548325185063,130.1040548380604
33.585455666945506,130.1041188850785
33.58542349459867,130.10420927413873
33.58541372076667,130.1042380290619
33.585400828985144,130.10427566838746
33.585387640427314,130.1043351621381
33.58538591912492,130.10437050639382
33.58539474776944,130.10444702970676
33.58541127910729,130.10452461691762
33.58543163975844,130.1045828021547
33.585448946311885,130.1046204405809
33.58547489175288,130.10464430589002
33.58550458556823,130.10466014295127
33.58552658568345,130.10466002603948
33.585555224593975,130.10464389130266
33.58560016191797,130.1046219973074
33.58560969383234,130.10462082998743
33.58562310811999,130.10462875481323
33.585644198121315,130.10465374787225
33.58568353176963,130.10467985698983
33.58583694621814,130.10476024558898
33.585850305647114,130.10476247680697
33.58586941444196,130.10474978017828
33.58593130578521,130.10467072617314
33.58594086467923,130.10466717295174
33.585953305900375,130.10466941586094
33.586023360389845,130.10472966324346
33.586035828590695,130.1047478601257
33.586034973335416,130.10477985710475
33.58602272097187,130.10482900055797
33.586022801910815,130.10485302234918
33.58603158558924,130.10488491590615
33.58604210765719,130.1049065886682
33.58606810795686,130.10493508368722
33.58613330610723,130.10497241184737
33.58616394600938,130.1049939685969
33.586178360343126,130.1050065501123
33.5861889732426,130.10502927418167
33.58619777490742,130.10507377443525
33.586206440774674,130.10509771708598
33.586218999807045,130.10511364497881
33.58623427928859,130.1051204672358
33.586236225421544,130.10512961064308
33.586231468007895,130.10514561587752
33.586208693576395,130.10518452684448
33.5861964142332,130.10521997362298
33.586185107956396,130.1052771983841
33.58617100029147,130.10533433231365
33.58616435969748,130.10536294424458
33.58616641374903,130.10538693905607
33.58617030601488,130.10540058357014
33.58614074799715,130.1054304149817
33.586094027317586,130.10547516164945
33.58608066698923,130.10548671883703
33.586069224914866,130.1054890013164
33.58606344137479,130.105474188583
33.58606046821609,130.10544910469252
33.58606133336389,130.1054296109878
33.586059306291986,130.10541369568557
33.58604872127154,130.10539549880332
33.58603719825817,130.10537267221116
33.586028613329916,130.10536929975342
33.586018108349094,130.10537499426061
33.58600758628114,130.10539333323584
33.58599908139257,130.10541399515978
33.585992467778226,130.10543452668207
33.58597055939384,130.10545747108551
33.58595813525977,130.10547583704033
33.58595149466578,130.10549302218533
33.585944891843326,130.10549868971282
33.58593825214865,130.10550328075192
33.58592769410785,130.10550457757427
33.58592282877555,130.10549308693646
33.58591513507548,130.10547713386268
33.58589502713386,130.10547389090743
33.58587877458581,130.1054739430681
33.58585491916921,130.10547632896942
33.58583858568221,130.10547522729996
33.58581853169994,130.1054673672253
33.58579069408529,130.10546063579977
33.58574482866095,130.10546542199165
33.585664494920536,130.10547830118276
33.58565213463834,130.10548749675058
33.585644467917916,130.10550243808711
33.58563697296796,130.10552416300982
33.585631279360086,130.1055355250445
33.585621694385736,130.1055447727731
33.58561022533166,130.10554136164455
33.58559099962497,130.10552669280264
33.58552391919358,130.1054743837359
33.58546827903791,130.10544953276974
33.58545166676106,130.10544591389782
33.585424053976965,130.10544481222837
33.58536853163247,130.10545972838383
33.58535627926892,130.10540929979936
33.58514161289514,130.10548780791612
33.58516597283142,130.10555066063455
33.584986441171395,130.10564830092846
33.58497825194485,130.10566444915503
33.58496263971409,130.10569961084843
33.58494516228944,130.10573888514148
33.5849238015922,130.1057770298861
33.58490972090692,130.10580055794946
33.5848960539098,130.10581749668017
33.5848847746127,130.1058304406224
33.58488274844012,130.10583411165499
33.584856586262504,130.10588255543564
33.58482694640651,130.10593596617196
33.58481230634294,130.1059675881337
33.584798721184086,130.1059974447263
33.58479291875824,130.10601732783744
33.58478155942146,130.10605557690337
33.584766747587366,130.10611756177616
33.584758586239786,130.10618238670781
33.58475458605534,130.1062299482536
33.584756828964544,130.1063393642703
33.58476994557657,130.10648175123185
33.58482405418681,130.10674795055752
33.58487616180548,130.10693367135195
33.58496341403037,130.10714163417913
33.58507874758618,130.10735610899735
33.58515674758587,130.107508948779
33.58520394580552,130.10760131005247
33.585296585868775,130.107757860437
33.58541780189012,130.10792661462165
33.58555733260488,130.10809516196218
33.58566149478219,130.10819805429685
33.58580086541764,130.1083197541534
33.585820108211465,130.10833333301696
33.5859307482055,130.10841138787532
33.586068467685664,130.10849399510187
33.58609477465416,130.10850169869445
33.586108081023156,130.1084983271362
33.58611555888598,130.1084848903655
33.58613513532828,130.1084491441128
33.58615249494176,130.10841749697
33.58616789223447,130.1083894417194
33.58620302694817,130.10833333301696
33.58625222526001,130.10825477273966
33.58635180179425,130.10809852093007
33.5863605324127,130.10808486382552
33.586374999806424,130.10806616062484
33.5863856396856,130.1080523866084
33.5863960268552,130.108042698212
33.58640563970857,130.1080364461252
33.58642435999627,130.10803325622987
33.586432918844196,130.10803238658548
33.58644602736234,130.1080349676397
33.58645635967332,130.10804466862658
33.58646035985777,130.10805022014165
33.58646566675719,130.1080576908098
33.58647449540172,130.10808561565875
33.58647730578309,130.10811036320274
33.58647386497694,130.10811924760526
33.58645669422111,130.1081639169313
33.58644977483726,130.10818175138672
33.58641066691882,130.10824549893073
33.58637180181728,130.1083087158746
33.5863566941062,130.10833333301696
33.58633802687848,130.10836377416888
33.58630972071711,130.10841577207032
33.586278414417336,130.1084734114189
33.58626425189374,130.10848433188642
33.58625222526001,130.108492632629
33.58623508058457,130.10851780825033
33.58622119775015,130.10854143973575
33.586212279173424,130.10855661489597
33.58630855879301,130.10865269756403
33.58646802657819,130.1087993895802
33.586649864999345,130.1088957717226
33.58684233340699,130.10896586308422
33.58691774785581,130.10898674444275
33.58705805378622,130.10900072620257
33.58719233335955,130.10899221771672
33.587391892022254,130.10895505772976
33.587502558995936,130.1088992736826
33.587744494612764,130.10879036308484
33.587919134860215,130.10870141383919
33.58813658643436,130.1085356418065
33.5880430542436,130.10835538259494
33.588031495257326,130.10833333301696
33.58782794630275,130.10794488974489
33.587977332687785,130.1073193896782
33.58800772077973,130.1073298308071
33.58786277524695,130.10793625175666
33.58807166707385,130.10833333301696
33.588072305592505,130.10833452731663
33.588205864808856,130.10858846978215
33.58837497332638,130.10845713368985
33.58831533298627,130.1083411670113
33.588326278634895,130.10833333301696
33.58857958617904,130.1081517509026
33.58878227897907,130.10800077811348
33.58880477462071,130.10798341130544
33.58880202719183,130.10797688672403
33.58885619785531,130.10793442343493
33.58891080199197,130.10803199717895
33.5890936125802,130.10788705614277
33.58909802735212,130.1078870039821
33.58910072082165,130.1078876128231
33.589107945975,130.10789863761215
33.58913941415267,130.1079619966489
33.589147278724,130.10797775636843
33.589165305634424,130.10801386504795
33.58917233293687,130.10802620014908
33.58918574812384,130.10804922189413
33.58931258580725,130.1082350317214
33.589315441154724,130.1082414789612
33.589315531986244,130.10825255501152
33.589293387080204,130.10833333301696
33.589256225294605,130.10846907938458
33.589237054446585,130.10851202291155
33.589185802083136,130.10858250278034
33.58909938712708,130.1087024120867
33.589079306165104,130.1087303108552
33.58907733305256,130.10873302231118
33.589078693726776,130.1087471335734
33.58909397320832,130.1087620488296
33.589226053939285,130.10890041492223
33.58923536012384,130.10890280172293
33.58924589208431,130.1089019455684
33.589272864551106,130.1089002719301
33.58927641417523,130.10889464307343
33.58930325174373,130.10885341095616
33.58930530579528,130.10885046657586
33.58931461287915,130.1088383266275
33.58932327874635,130.10883046655283
33.58933066667697,130.10882847005792
33.58944872068196,130.10864367106865
33.58952082922292,130.10852958487249
33.589572721004345,130.1084484696213
33.589575945973195,130.10844347568593
33.58961589205984,130.1083807003091
33.58961494597304,130.10833333301696
33.58961430565574,130.1083014142789
33.58955597292987,130.1082021399169
33.58953416167225,130.10816683523137
33.58952386533417,130.10814819678194
33.589509000440046,130.10813949404246
33.58946238677976,130.10811347575634
33.58938119778412,130.10815632935123
33.58937044099309,130.10815632935123
33.58936349462965,130.1081545783711
33.589237279277086,130.10792953292162
33.58922822490268,130.1079126067815
33.58921999970329,130.1078971726165
33.58916222455707,130.1077887548472
33.589153693588116,130.10776858575173
33.589113531664225,130.10767408589038
33.5891066941187,130.10767717326303
33.58908313457903,130.1076239693707
33.58898891890351,130.10748769060456
33.588941054286295,130.10743980530287
33.58889125163,130.10740736675666
33.588830225434606,130.10737360620703
33.5888475589677,130.10732647183931
33.58879158606288,130.10729082990792
33.58855930556757,130.1071397276164
33.588492279095476,130.10710949420786
33.58836238731436,130.10696302162626
33.58836022534416,130.10696496775915
33.588292161953746,130.1068906999459
33.58815872144788,130.1067408297256
33.588125387176945,130.1067053829471
33.58810810760315,130.10669922169177
33.58809816200062,130.1066823090414
33.58809591909147,130.10667005218124
33.58809644069822,130.1066570039177
33.58811299991504,130.10661600472486
33.58814005422016,130.10658997384826
33.58815361329869,130.10658272441322
33.58816777492291,130.1065826983329
33.58819405401243,130.10660396909793
33.588324387360615,130.10672155635484
33.588379198341386,130.10678306098953
33.58839689160334,130.10682066074492
33.58840949470249,130.10683358040546
33.58843582865063,130.10685871555734
33.588558107670565,130.10698686085505
33.58858441373974,130.10700683479763
33.58885966743975,130.10717917008265
33.5889073063272,130.10720885940145
33.58892100030397,130.1072190532168
33.58892491865015,130.1072249419775
33.588922387058574,130.10725027228227
33.58891216176693,130.10727160779857
33.58891494606797,130.10728160825965
33.5889239455837,130.10729272388016
33.58893935996355,130.10730269826092
33.589021495045984,130.1073643323981
33.58905094604438,130.10738600516004
33.5891120540781,130.10745722427157
33.589136919433315,130.10749111522284
33.58918491894889,130.10755741864
33.589193829431736,130.10758136219022
33.589196693772465,130.10759092108424
33.58920082885521,130.10759194631135
33.58920741369121,130.10759080417233
33.58921722529476,130.10758856036387
33.58922705398538,130.10758963685237
33.589240667023205,130.10759852125477
33.58924872135145,130.1076152531415
33.58925813455534,130.10763477292653
33.58926277505708,130.10763914363167
33.58926610794458,130.10763922187266
33.589273027328375,130.10763688723262
33.58930108078033,130.10761438439636
33.58934089196862,130.10758350167737
33.58935749525227,130.10757330696265
33.58937869407151,130.1075627498211
33.58939453203209,130.10755535739384
33.58944602721243,130.1075342539027
33.58949477496395,130.107517393413
33.58954477457172,130.10750027211998
33.58957205370734,130.10749105137097
33.589584198152295,130.10748620042784
33.589597640318914,130.1074779770271
33.589614413574395,130.10746399526727
33.589628999678666,130.10745136159107
33.58969386507988,130.10739166009705
33.58981282919876,130.10728408589193
33.58994927883617,130.10716569374188
33.590028865240015,130.10709700442328
33.59012622494538,130.10701897474598
33.590143694276094,130.1070055253848
33.59016227876623,130.10699350234836
33.59019219831134,130.10697897470004
33.59021080168719,130.1069700516266
33.59022122482969,130.1069657456727
33.590234225429185,130.10695666701668
33.590246531752086,130.10694747144873
33.590249828666686,130.10694389124762
33.590251612921634,130.1069411932815
33.590253747912186,130.10693686124716
33.59025497278884,130.10693372171397
33.59025630558409,130.10692897509216
33.590257532259386,130.10692411155856
33.590259748188885,130.1069060828495
33.59026113494349,130.10688819713266
33.59026244075909,130.10687988290033
33.59026400018354,130.10687330705753
33.59026638698424,130.10686691287776
33.59026869374526,130.1068618290103
33.59027361303686,130.10685379986307
33.590278413617966,130.10684697760598
33.59028244078206,130.10684219231337
33.59028702732451,130.1068380293516
33.59030449485658,130.10682450085005
33.5903206403853,130.10681247691434
33.59033725176283,130.1068026068549
33.5903508018481,130.10679513618663
33.59035782915055,130.1067919462913
33.5903631351506,130.10679005231907
33.59037302679383,130.10678749734518
33.59038138689152,130.1067854729713
33.590385279157374,130.10678413657865
33.59038869388314,130.10678258075154
33.59039191885205,130.10678061033695
33.59039489201069,130.10677863812373
33.59040327908809,130.10676949381718
33.59041113466617,130.10675972807906
33.59041730581407,130.10674975369818
33.59042138693752,130.10674260678593
33.590424945554844,130.10673566761704
33.59042813455085,130.1067283012701
33.59043158614884,130.1067181452263
33.59043502695499,130.10670788576033
33.59043882928859,130.10669922169177
33.59044355882321,130.1066904407113
33.59044597260362,130.1066876132428
33.59044858603346,130.10668499441704
33.59045574823426,130.10668116690238
33.59046430618281,130.1066770821817
33.590469864892384,130.1066736962341
33.59047335965789,130.10667116734055
33.59048794576216,130.1066574445855
33.59050138702946,130.10664394306355
33.59051435974993,130.10663230943362
33.59052619842538,130.10662150497853
33.59053219780276,130.1066166153646
33.59053722501295,130.1066129955933
33.590574531589425,130.10659603078227
33.590608134757645,130.10658024588167
33.59061891942764,130.1065744488518
33.59062805384167,130.10656916983135
33.59064253202729,130.106563969052
33.59065558568676,130.1065588591041
33.59066241423909,130.10655557657867
33.59066922480491,130.10655194601554
33.59068555919123,130.10654121890218
33.59069955893756,130.10653094684574
33.59071463966893,130.10652335926568
33.590729107962034,130.1065174965853
33.59075505430235,130.1065003114403
33.590784667178696,130.10648105066002
33.590789694388945,130.10647797677723
33.59079480163882,130.1064754469844
33.59080874832512,130.10647077770432
33.59082125159955,130.1064665499913
33.590853801661694,130.1064514791525
33.59088741382317,130.10643647216557
33.59089341409981,130.10643306103702
33.59089699969684,130.10643066074647
33.59090158623928,130.1064266146966
33.59090416189758,130.10642391673048
33.59091327922448,130.10641153036795
33.59092138661276,130.10639927440707
33.59092408098161,130.10639610879343
33.59092766657858,130.10639306099108
33.59093941442251,130.10638444908307
33.59094819810093,130.10637808008437
33.590953225311125,130.10637525261586
33.590958161689855,130.10637291797582
33.59098689233127,130.10636736736024
33.59101155893637,130.10636075194725
33.5910184954073,130.10635958462717
33.59102589233112,130.10635856029933
33.59103902692959,130.10635808006145
33.591050387165694,130.1063578597275
33.59106238681977,130.10635688666105
33.59107725171384,130.10635522741188
33.59108408116549,130.10635406009192
33.59109030627269,130.10635260678748
33.59109605383986,130.10635082972703
33.591101278900965,130.10634883323212
33.59111053202548,130.10634399487947
33.59112138684259,130.10633817087
33.5911347480702,130.10632929995734
33.591166000410624,130.10632069974054
33.59134019819163,130.1062860308757
33.5913972251019,130.10627736680715
33.59153463971188,130.1062410252032
33.591548134938535,130.10623983090352
33.591575558864974,130.10623944239637
33.591601613124,130.1062387157442
33.59163766694485,130.1062360051875
33.59166666738287,130.10623464271464
33.59167055874934,130.10623447544071
33.591678224570444,130.10623374788918
33.591683251780694,130.1062328269834
33.591695945711365,130.10622958492752
33.59170727896782,130.10622610904773
33.591715720903835,130.10622311340603
33.59172544077654,130.1062197796192
33.59173577488616,130.10621438368696
33.591742413681516,130.106210661393
33.59174827905986,130.1062086639987
33.59175510761219,130.1062071981038
33.591760972990585,130.10620627809737
33.59176538686319,130.10620581134913
33.59177846840163,130.10620674394613
33.59178955884113,130.10620769093225
33.5918197481829,130.10620771701258
33.59183291875422,130.10620758840957
33.59188280234952,130.10621072614413
33.59190972085696,130.1062185205683
33.591952640102306,130.10623092132005
33.59200158570468,130.1062381707551
33.592111748158686,130.10623949365777
33.59222519763483,130.1062390790703
33.59237053167476,130.10622605688707
33.592384775137305,130.1062277557064
33.59239238699911,130.10623165966342
33.592428494779256,130.10625141417154
33.59248880241637,130.10625975358482
33.59259182874996,130.10624693914497
33.592659197863725,130.10624786005076
33.5926696668717,130.10624946803853
33.59267635962635,130.10625286567722
33.59268300022035,130.10625849543328
33.59269113458822,130.10626413688044
33.59270108109007,130.10626530509978
33.59272200022019,130.10626747066726
33.59282025205306,130.10627508432776
33.59288230617352,130.10628822342278
33.592898440910346,130.10630175102506
33.59300399973483,130.10634795099725
33.59301230587329,130.1063490526667
33.59302525161411,130.10634374756592
33.593036946398,130.10634221781913
33.59304933276053,130.10634425388423
33.59308958641532,130.10637486410872
33.593137054431566,130.1063940862182
33.59320933294441,130.1064142544144
33.59323591870276,130.10642549863792
33.59325872101323,130.1064378598195
33.59338616214171,130.10651810632567
33.59358541413559,130.10663036330072
33.59360710758199,130.10663661538752
33.59362686478801,130.10663855972177
33.59365222477038,130.10663905255035
33.5936676400496,130.10664116685643
33.59368616158713,130.1066481968569
33.59372777501687,130.10667791225592
33.59386138729326,130.10675175109247
33.59402402698731,130.10684713408807
33.594180467654496,130.1069521919901
33.59431889220315,130.1070272503074
33.594339892272274,130.10703997391568
33.594491532358404,130.1071606998065
33.59456766716414,130.10720289239964
33.59461994565402,130.10722605713693
33.594733054287076,130.10727058436999
33.59477949527752,130.10729596593615
33.594826224950395,130.10732466869854
33.594899197739835,130.10736474698558
33.594930135317554,130.10738147887218
33.59495464004465,130.10739014294086
33.59505055903611,130.10741255494554
33.59516033298303,130.10743316470882
33.59523633289052,130.10744369577003
33.59531102698236,130.10746233511873
33.59532469397948,130.1074683273015
33.595337531801704,130.10747403439927
33.59534558612995,130.1074756675681
33.59536316158068,130.10747557673653
33.59541963990449,130.10746747114695
33.5954344139671,130.10746914388596
33.59544722480962,130.10746900089373
33.595483802035915,130.10747855978775
33.595497558965235,130.10748194573523
33.59550900014028,130.10748194573523
33.59552080194351,130.10748182882344
33.59553558589863,130.1074795328542
33.59555577477926,130.10747944202274
33.595581640180626,130.10747936378164
33.59563336019147,130.1074848640353
33.595657613108415,130.10748483795498
33.595687467902394,130.10747622604708
33.59569453207706,130.10747455330807
33.595757775101276,130.1074594419997
33.595767720703805,130.10745147940236
33.59577244124523,130.1074418287775
33.5957728648259,130.1074258882942
33.595770945672655,130.10741116729162
33.595765693631904,130.10739352798896
33.59575280185038,130.10737094691171
33.595738495435285,130.107350506221
33.59573605377591,130.10733522673934
33.59573649534303,130.10732155614494
33.59574308107835,130.10730963742992
33.595752612992726,130.10730447532137
33.59576730611633,130.10730496814983
33.595782081078255,130.1073038386013
33.5957891983129,130.10730097336125
33.5957934413143,130.10729185513503
33.5957943334418,130.10727817105078
33.59579280189632,130.10725267167356
33.59579377496277,130.10723736701095
33.59579605384488,130.10721630398928
33.59579830574728,130.10721070031366
33.59580313510668,130.1071986898677
33.59582486542524,130.10717260683043
33.59584102714172,130.10715313920605
33.59585330558565,130.10714007835202
33.59586658587426,130.10713208787558
33.595909333349084,130.10710805439328
33.59592022503841,130.1071040596047
33.59592877489308,130.10710396877323
33.59593635977524,130.1071068088322
33.59599816208555,130.10712360636944
33.59600472084122,130.10712138774193
33.59601191901493,130.1071162517137
33.59601946792418,130.1071036962786
33.59602841437987,130.1070917505839
33.59604027913565,130.1070882747042
33.59606025217897,130.10708258109628
33.596077774569665,130.1070745267681
33.596090080892566,130.10706880707983
33.59609722510692,130.10706992223913
33.59610436032801,130.10707274970764
33.59610630556159,130.10707953329393
33.59610816176229,130.10708639422182
33.59610777505384,130.1070960052765
33.59610346820057,130.10709946766633
33.596094946224866,130.10710399485356
33.596090667250564,130.1071097541119
33.59609025176377,130.10711600529942
33.596094054097364,130.10711941642796
33.59609786542421,130.1071198831761
33.59610633344056,130.10712152983479
33.59612249515709,130.10712213957515
33.59618291880673,130.1071366933038
33.596235135243376,130.1071512452338
33.596308829289114,130.10718055773657
33.59631830634481,130.10718216572445
33.596326892172385,130.1071844491031
33.59636672134718,130.10718372155156
33.59637672090901,130.1071819966519
33.596386197964705,130.10718136173057
33.59639286463903,130.10718194628987
33.59640335972733,130.10718527917732
33.596412828689154,130.10718635476655
33.59641849531738,130.1071857720059
33.59645649527107,130.107179441678
33.596463161945394,130.1071793904166
33.59647310844724,130.10717022002973
33.59647349515575,130.10716172503362
33.59647205444179,130.10714817135113
33.59647019824109,130.10713902704458
33.59646589228714,130.10712946815045
33.596466829380745,130.10712202266325
33.59647013528854,130.10711863761514
33.59648474837252,130.1071089114472
33.59649477491399,130.10710827472712
33.59650289219479,130.10710830080745
33.59651613471192,130.1071201169999
33.59652280228556,130.10712241206977
33.59653086470769,130.10712469544842
33.59655799995181,130.10712571977626
33.59658263957721,130.10712902658338
33.5966017213924,130.10713744513703
33.596632586125,130.10715211397894
33.596652053749324,130.10716622614052
33.596665918597296,130.10718547343095
33.5966773597724,130.10721046738922
33.59668408130534,130.10722861211082
33.59668980189292,130.1072462262324
33.59669172104611,130.1072620228241
33.59669125160002,130.10727399459927
33.59669089187122,130.10728369558615
33.596692748071916,130.10729380036867
33.596698054071965,130.10730408591485
33.59670894576129,130.10731369607026
33.59676753209595,130.1073725548996
33.596771829056706,130.10738328111358
33.596771829056706,130.1073940603876
33.59677422485066,130.10740255538371
33.596779946337506,130.10740594043182
33.596789891940034,130.10740875530985
33.59679708112043,130.10740705559124
33.59680038702828,130.10740474703152
33.59680222524253,130.1073974193555
33.59680505361041,130.1073883272096
33.596810775097254,130.10738094737292
33.59681880244585,130.10738033673317
33.59682972111477,130.10738258144102
33.596840198216626,130.1073841894289
33.5968530270456,130.10738868963642
33.596868251668525,130.10739769095073
33.5968868019844,130.10741011688344
33.59692197267094,130.10743669274927
33.59693200011179,130.10743722424854
33.59693858584711,130.1074360830089
33.59694430643464,130.1074315045604
33.59694853234896,130.1074275880128
33.59695282930966,130.1074240860528
33.59696136027861,130.107419584946
33.596968026952936,130.10741949411442
33.59697325201404,130.10742011734465
33.597003251598835,130.10743929988382
33.59700794605993,130.10744204911134
33.597009359794185,130.1074500000176
33.59700797303958,130.1074580030844
33.597007586331074,130.10746544677306
33.597008053978584,130.10746769058153
33.59701086525928,130.10747099918729
33.59701277541933,130.107472165608
33.59701930629598,130.10747802918775
33.597029386796805,130.10749031122896
33.59703377458908,130.10750900093967
33.59703553186438,130.10751405962617
33.597039468196954,130.10752544684192
33.59704613487128,130.10753625219638
33.597067559420395,130.1075571335549
33.59707289240009,130.1075690531693
33.597076198307946,130.10757817139552
33.597079468242896,130.10759355429911
33.59707866694697,130.1076087546404
33.5970753061805,130.10761902669674
33.59707158568517,130.10762583726262
33.59706344142472,130.10762474728438
33.59705589161615,130.10762472120393
33.597050224987925,130.10762929965256
33.597047829194025,130.1076350319313
33.59704330560413,130.10764175076622
33.59703791866508,130.10764719795986
33.597032162104654,130.10764919625342
33.59702746764356,130.10764871601555
33.597022667062504,130.107645304887
33.59701269358101,130.1076390528001
33.597001333344906,130.10763627839162
33.59699466667058,130.107637418732
33.59698946768981,130.10764425357945
33.59698046817414,130.1076556677749
33.59697553179541,130.107661479194
33.59695919830841,130.1076807777457
33.596954413915114,130.10768136230513
33.59694964031371,130.10768131014436
33.59694438737364,130.10768080382604
33.59693872074541,130.10768022016612
33.596934027183636,130.10768080382604
33.596928278717144,130.10768313936546
33.59692163992179,130.10768654959463
33.59690880209956,130.10768603068584
33.5968954948313,130.1076763548799
33.596885080682,130.10766966302458
33.59687605418662,130.1076684696243
33.596863693904425,130.1076691441158
33.596851386682204,130.10767433230467
33.5968366395993,130.10767997375183
33.59683002688428,130.10768683467973
33.59679269422753,130.10777503209215
33.596788945853234,130.10779144022285
33.59678794580708,130.10780308734263
33.59678710763893,130.1078124771642
33.59678766701728,130.10782616124845
33.59679574832518,130.10784654977851
33.596807613080955,130.10785557717315
33.59681574834815,130.1078584181315
33.59692872118359,130.10790999964684
33.59695027883237,130.10791983103547
33.596961693927085,130.10792994840847
33.59696930578889,130.10794871636028
33.59697219800859,130.1079582752543
33.596978333183586,130.1079628662933
33.59698646755146,130.1079656937618
33.596996864613686,130.10796622616044
33.59700833276838,130.107969559048
33.59701880177636,130.10798258123123
33.597023999857754,130.1079939432659
33.597026386658456,130.10799963687384
33.597033558751775,130.10800581071965
33.59708199983447,130.1080089754339
33.597108081073145,130.10801063558245
33.59711622533359,130.1080145530293
33.597118613033615,130.10802024573786
33.59711813459427,130.10802875512297
33.59711338707319,130.10803333267222
33.5971020538168,130.10803958475913
33.59708205379383,130.10803894893843
33.597060667016194,130.1080380801933
33.597052135147976,130.10803191983734
33.597012225034234,130.1080212188043
33.59700319763954,130.10802014321507
33.596989946129156,130.1080206998954
33.59697755886731,130.10802697806264
33.59694438737364,130.10804185464792
33.596926359563895,130.10804474686768
33.59687033269972,130.10805070037964
33.59683946796713,130.1080485213223
33.59675700013548,130.10803924841264
33.59666182937997,130.1080320493396
33.59660153163543,130.10803289200442
33.59655066687981,130.10803364473702
33.596540721277336,130.10803016885723
33.59652597329506,130.1080239689311
33.59644472134687,130.1079845012838
33.596429531797526,130.1079754990701
33.59641138707593,130.10796364510622
33.59639764003913,130.1079540862122
33.596388135104405,130.10794953294464
33.59638291903656,130.1079535798939
33.59638197294976,130.10795983108142
33.59638482919655,130.10796713357638
33.59638577528335,130.1079717506958
33.59638146843008,130.10797741912268
33.59638102686296,130.10797795062194
33.596377720955104,130.10798197059148
33.59637874798091,130.107985940199
33.59638635984271,130.10799102496594
33.596429531797526,130.10801581118085
33.59643436025755,130.10802147870834
33.596435801870825,130.10803394331185
33.59643299958333,130.10804474686768
33.59642730597545,130.10805438400268
33.59641922466756,130.1080595587017
33.5964116397854,130.10806016934146
33.59636313485083,130.10802282679208
33.596338414286436,130.10800596630236
33.59632982935818,130.1080054222125
33.59631941430956,130.1080099476011
33.596310946293215,130.1080225291165
33.596276360165916,130.10806630361708
33.59627822535987,130.1080764983318
33.596330162107336,130.10814053186016
33.59633353186706,130.1081564201827
33.59633358582636,130.10817344974498
33.59633125208569,130.1081899478079
33.596323694183184,130.10820522728943
33.59631330611421,130.10821383919733
33.59630233258662,130.10821730158727
33.59629574775062,130.10821725032588
33.59628616187695,130.10821391743843
33.596206251717206,130.1081488847633
33.59620146822323,130.10814778219446
33.596193946293624,130.10815408644203
33.59616466706581,130.1082455510914
33.59616141421793,130.1082563546471
33.596163613060355,130.1082617253984
33.59617249476486,130.10826883274046
33.59625938726094,130.10831450121327
33.596288586449134,130.10832583716774
33.59630719791892,130.10833333301696
33.59630786521586,130.10833360641084
33.59631291940576,130.10833333301696
33.59631786477769,130.10833306142172
33.59633430618334,130.10833333301696
33.596342386591914,130.1083334760092
33.59637297343403,130.1083481061802
33.596381080822255,130.10836063643433
33.596381999929406,130.10837422788836
33.596376864800504,130.10838674375327
33.59635646817651,130.10841185462345
33.596331108194136,130.1084217246829
33.59627608137612,130.10844308717878
33.596260801894516,130.108446472227
33.596223891919124,130.10845461738677
33.59620580205615,130.10845014325957
33.596187721186425,130.10843999980625
33.59612389180421,130.10841791155747
33.59608549524944,130.10840688676842
33.59607655868626,130.10840622576677
33.59606702677195,130.10840858558777
33.59605661262265,130.108413112775
33.59604149501905,130.1084313618179
33.59603486521689,130.1084370563251
33.5960272245768,130.10843939006588
33.59601774842042,130.1084383009869
33.5959939460638,130.10842700370335
33.595981666720604,130.10842357998433
33.59596738728516,130.10842027227784
33.595957000115504,130.1084170563022
33.595944279205185,130.1084027498871
33.595936251856585,130.1083913096113
33.59592741421886,130.10838988328658
33.59591872137196,130.10839644563953
33.59591210775761,130.10840652434172
33.595907279297535,130.1084351101922
33.59590669383891,130.10846810631813
33.59590458582801,130.1084766408843
33.595891559148185,130.10849313894732
33.595874532283915,130.1085091702621
33.59581569413905,130.1085400260015
33.59579582901432,130.10854919638837
33.595788414104106,130.10855564182953
33.59575794597248,130.10858221769524
33.59566889240551,130.1087006611067
33.595633891690795,130.10875975375973
33.59554299990958,130.10887133624328
33.595496639858084,130.1089329182197
33.59545022494797,130.10898639370714
33.59540391885582,130.10906605655327
33.595348197761155,130.1091911666391
33.595305532124655,130.10931477305837
33.59529753175576,130.10934199733538
33.59529230579534,130.10936822336487
33.59528822467189,130.10944089488146
33.595266720982465,130.10955844436683
33.59525972065961,130.10962433229713
33.59525516199619,130.10969367092628
33.595250107806294,130.10976741893126
33.59523708112647,130.1099390788255
33.59521553157157,130.11021435770647
33.595207801898596,130.11035686068067
33.5952007206368,130.11044905288156
33.59519489213062,130.11048897468652
33.59517953171007,130.1105499217416
33.59515405391653,130.11065338514572
33.59513013464806,130.1107887160265
33.595116251813636,130.11088778174576
33.59511480210648,130.11091569400412
33.595117134947884,130.1109389486736
33.595124639790356,130.11097710780734
33.59512866695445,130.1110124115936
33.595128612995154,130.11104204875164
33.59512291938728,130.1110759397029
33.59511049525321,130.11111744521395
33.59510077538056,130.11114328093777
33.59507874828563,130.11119143963333
33.595059613410456,130.11123946792713
33.595015667139364,130.1113974446364
33.594986666701345,130.11155041481982
33.5949734142917,130.11162975391005
33.59496802735265,130.11165769134948
33.59495930572746,130.11168527895256
33.59494674759435,130.1117192220645
33.594934306373204,130.1117562003884
33.594910945583706,130.11184208834175
33.59488813517936,130.1119582492738
33.59487361292696,130.112017328437
33.59484819808591,130.11209408557363
33.59481816162889,130.11215871625177
33.59477077455165,130.11228827528373
33.59474046829803,130.11236389118073
33.594698306281884,130.11245505815452
33.59468458622473,130.1124756679178
33.59466916195231,130.11248766487392
33.594643197625544,130.1125028022626
33.59462316162967,130.11252661541107
33.59455858581015,130.11264727565128
33.59447316190693,130.11276666694823
33.59439410790179,130.11289525291363
33.5943521976958,130.1129735802666
33.59427997314231,130.1131246169076
33.594265973396034,130.11315752310122
33.59424700039881,130.11318980516546
33.59420941413322,130.11324525286614
33.59417019829607,130.1132825027853
33.59412464043987,130.1133162516437
33.59405813467521,130.11335732817827
33.59404319783539,130.11337430557978
33.59403177464674,130.11339177670914
33.59399827939711,130.11342152987982
33.59397502742564,130.1134497802832
33.59394127856723,130.11350894937857
33.5938891619553,130.1136218547648
33.59382108057844,130.1137452534408
33.5937243872707,130.1138908302977
33.59365846786403,130.11400591384188
33.59356730628622,130.1141542543154
33.59347108062593,130.11433977995694
33.59339816179579,130.11446927423765
33.59331427933057,130.11461795105765
33.59323669391836,130.11473518757896
33.593205919117906,130.11477213982243
33.59318966656991,130.1147926722441
33.593135027359665,130.11487922209847
33.59307182930155,130.11498360640837
33.59303963986753,130.11501830135364
33.59298853229495,130.11504824877773
33.59293597321664,130.11509878078414
33.59292441423037,130.11510978039212
33.59291402706077,130.11513014284185
33.592899747625324,130.1151528920924
33.59281389204756,130.11533875497958
33.59278277460544,130.11540211401643
33.59271938679029,130.11553946837182
33.592658829141726,130.1156703368166
33.59257077472154,130.11582496804795
33.592479387413846,130.11600916988732
33.592454585910446,130.11604466882648
33.592435801770876,130.1160670556502
33.59241627928793,130.11609600482677
33.59237869392166,130.1161754734194
33.59233646805359,130.1162474452634
33.59230491893692,130.1163103627331
33.59227869380675,130.11634929978038
33.59223394623967,130.11639522725795
33.59220019828058,130.11643024595912
33.59217438683851,130.1164645532965
33.592142414141165,130.11653286579917
33.592079162123696,130.11666666693316
33.59204025205605,130.11674894860516
33.59198608139258,130.1168503633537
33.591946306177135,130.11692489017162
33.59190766680541,130.11696674372035
33.59188682861429,130.11699377374373
33.591869774770316,130.1170160571454
33.591854667059295,130.11704538313802
33.59185030624667,130.11705394288526
33.59184046766353,130.11709272434985
33.59182238679375,130.1171476387526
33.591815414349924,130.11718197127107
33.591815161640454,130.11719641977902
33.59180953188445,130.11721747110948
33.59179933267313,130.11725389095432
33.59178394617226,130.11728055765172
33.59176405406788,130.11729961068852
33.591714864749235,130.11734450124777
33.591696080609665,130.11736535742534
33.59167382868429,130.11740739263712
33.59166666738287,130.11742522709267
33.59160641370511,130.1175746431553
33.591588000086176,130.11761975404852
33.59157672078908,130.11765619997368
33.5915665593493,130.11769722434747
33.59154058602928,130.1178233326807
33.59150399980979,130.11796688696234
33.59148422461732,130.11805089533266
33.59147441391315,130.1181319197524
33.591460054438016,130.11827697770048
33.5914394410774,130.11839577184742
33.591435279014945,130.11840897479442
33.5914300539539,130.1184203368291
33.59141235979263,130.118442503319
33.59137697326878,130.11848616090765
33.59136541428251,130.11850891105746
33.591349495382985,130.11856583724364
33.59130819761526,130.11869372173794
33.59128905374689,130.11872516203664
33.59128486470479,130.11873380002487
33.591284081395315,130.1187516084001
33.59127938693422,130.11878786007173
33.59125719796134,130.11888697795177
33.59122677479587,130.119022801661
33.59122005416225,130.1190407782094
33.591211613125495,130.11905680862492
33.591197251851725,130.11908075217502
33.5911902794079,130.11911444887278
33.59114666678528,130.11931797714294
33.59108899955771,130.11947788559598
33.59106649492287,130.11953499434458
33.59104866676262,130.11957224426374
33.591019586284915,130.11963094661098
33.591004973200995,130.1196425028993
33.5909876396679,130.11965280193533
33.59097555907482,130.11967814483057
33.59093749526926,130.119804694731
33.590906161989835,130.11996250326695
33.59089936041721,130.12000535686184
33.59093844135606,130.12001216562896
33.590937532141425,130.1200202460376
33.590935225380406,130.1200386902334
33.590934532003075,130.12004377410096
33.59089110823811,130.12003732776054
33.59087805367926,130.1200664460098
33.590864107892344,130.120133799835
33.59084502697647,130.12027814462078
33.59082130555885,130.1204022834387
33.590795198239846,130.1204969128023
33.59078191885055,130.1205189111189
33.59077708139722,130.1205492479495
33.59075274844065,130.12070236112515
33.59074230641238,130.12075644635297
33.590715108215704,130.1208748124227
33.590683197571536,130.12099988293835
33.590679864684034,130.12103924806286
33.59067574758774,130.12111977965412
33.590677720700285,130.12114367104368
33.59067477542061,130.12116286617345
33.59066605379542,130.12118936379818
33.59064619766394,130.12123975371173
33.59062205356497,130.12131810624567
33.59061010787025,130.12136238706455
33.5905854142855,130.1214648899927
33.5905752249667,130.12153016908212
33.590567134665605,130.1215573016283
33.59053549471736,130.1216344490706
33.590527161599255,130.12165508401495
33.59051449464829,130.121673112724
33.59049672134665,130.12168674374834
33.59048035998069,130.12171622622293
33.590437640384835,130.1218073671164
33.590390828873694,130.12186988258907
33.59038436005022,130.12187535676242
33.590370918782924,130.12188549931636
33.5903283062064,130.12191372184088
33.59030194617793,130.12193683531677
33.59028458566513,130.12196824863588
33.590266828551364,130.12200549855493
33.59026449481064,130.1220213616965
33.59026122487569,130.12204379978164
33.59021882903579,130.12212869038683
33.590208558778045,130.12218019456043
33.590196134643975,130.12223438410956
33.59013444115158,130.12253905283512
33.59012997331968,130.1225562262889
33.5901039460403,130.1226225288067
33.590074639832835,130.12270985657472
33.59004210775714,130.1228688845914
33.59001582866762,130.12302730196848
33.590016558917114,130.12303871616393
33.59001766688186,130.12305680872475
33.59002153216801,130.12308036286856
33.590030081123416,130.12311691311515
33.59003474770549,130.12314961066602
33.59003625227126,130.12321133563466
33.590034162246866,130.12325800325436
33.59002364017891,130.12330033704097
33.59001563980996,130.1233551363306
33.589995945556495,130.12348839157607
33.58998494594857,130.12358007835803
33.58998413476007,130.12379622591516
33.58997972088747,130.12389966323894
33.589979279320346,130.12403953299815
33.589969694345996,130.12416136235709
33.58996666722794,130.12419294384938
33.58996377500824,130.1242561086326
33.589958108380074,130.1244355512597
33.589969829244296,130.12450094726103
33.58997341394195,130.12453430581365
33.589958585920044,130.12470919607256
33.58994758631212,130.12473247682237
33.58994430558528,130.12475413699394
33.58994441440325,130.12478367072993
33.58994655928632,130.12480518790915
33.58994813489858,130.12482671857822
33.589949224876875,130.12484966298166
33.58994661324567,130.12487596635287
33.58994305372897,130.12493557701532
33.58993213506005,130.12498374830136
33.58992849460441,130.1249930607812
33.58992535956776,130.1249999999501
33.58990889208178,130.12503655019668
33.5899043873776,130.12509121908454
33.58988594587976,130.1252360827791
33.58987172130293,130.1253524766355
33.589871386755135,130.12538457793596
33.58986627860594,130.12540046715787
33.589858891574636,130.1254144489177
33.58985819819736,130.1254295593268
33.589866107734736,130.1254652273384
33.58986664013338,130.12549063588415
33.58987166734363,130.12551355420726
33.58987380233418,130.1255344229753
33.58986680201133,130.12556219224143
33.58985302709556,130.12563072597732
33.58984033316489,130.12569527931373
33.58982736044436,130.12575080435624
33.58982397269824,130.12579272355538
33.58982030616227,130.12584652369821
33.589819162224615,130.12589243768593
33.58981794634121,130.12593380020473
33.58981344073777,130.1259738389216
33.58980453205356,130.12603900109912
33.589800945557215,130.1260940863731
33.58979810819619,130.12614075219403
33.58979966672132,130.12618061014712
33.58980299960882,130.12620739285694
33.58981253242251,130.1262411408161
33.58982461301554,130.12626557719466
33.58983277526244,130.12628691271095
33.589837720634364,130.12630907920072
33.589838774639816,130.12633267201522
33.58983836005234,130.12636014270652
33.58983316197089,130.12639433223273
33.58981982862224,130.12643411194472
33.589817386962864,130.12646819714962
33.589820585851385,130.12651394296415
33.58982030616227,130.12654875482121
33.58981822513101,130.1265749421799
33.58981308100891,130.12661182877298
33.58981241371197,130.12663338462312
33.589814108034716,130.12665824907901
33.58981894638731,130.12667641988094
33.58982927869829,130.12669647206462
33.589839612807964,130.12671897490088
33.58984672104941,130.126739804998
33.58985297313626,130.1267722831144
33.58986491883098,130.1268138650679
33.58987319798973,130.12686603114253
33.58987491929213,130.12688949355538
33.58987289222023,130.1269243063117
33.589869359683235,130.12695849493866
33.58988186475631,130.12709433213774
33.58988205361396,130.12712503229443
33.589877225153884,130.1271521135792
33.58987064031783,130.12717847001045
33.58986155896383,130.1272095847546
33.58985627904411,130.12726341097766
33.58985482933696,130.12732958489244
33.58987382931383,130.1275702722503
33.58985486530986,130.12783182927558
33.58984986507926,130.12801630360957
33.58986244119876,130.12820557672603
33.58988935970626,130.1284171080631
33.589914720587956,130.1286130613438
33.58991866681305,130.1286482230371
33.58992374798265,130.1286749940558
33.589932558640726,130.12869968943915
33.5899364949733,130.1287186120743
33.589934865401744,130.12874214013777
33.58993444092175,130.12877422794827
33.58994005359068,130.12881469474246
33.58995600036917,130.12890308730766
33.589984721118014,130.12905233519723
33.59001913457547,130.12921250265492
33.59002755942436,130.12927050622898
33.59005041389554,130.12941905264722
33.59008310784918,130.1295786904043
33.590109946317,130.12967744495813
33.590126081053825,130.12978102527416
33.590133387146125,130.12982922174126
33.59014058621915,130.12986693930782
33.59014391910665,130.12989105103122
33.5901461979887,130.12992108928688
33.59014744085175,130.12996999981567
33.590145494718854,130.13002613459855
33.59014938698465,130.13005411160805
33.590158161669876,130.13007289215034
33.59016586526252,130.13008778222547
33.59017030611477,130.13010732809073
33.59017097341177,130.13013533118067
33.590169531798495,130.1302006363503
33.590172801733445,130.13021817133165
33.590177945855544,130.13024277588352
33.59017891892205,130.13035719842605
33.59018453159092,130.13038644617757
33.59018844094385,130.13041442318718
33.59018469436819,130.13044775565947
33.5901842249221,130.1304823345921
33.59018658564247,130.13050902736973
33.590192054419845,130.13053169927855
33.59021072074819,130.130585576763
33.59021682894354,130.13059457807742
33.59022280224059,130.13061144036578
33.590223467738895,130.1306257458815
33.59021155891634,130.1306636963726
33.59020566655829,130.1306860571159
33.59020622503732,130.1306997277103
33.590211135335664,130.13070807971417
33.59023708077672,130.13073175076977
33.590244027140216,130.13074267213665
33.59025286477794,130.13078038880394
33.590254559100686,130.13081549923595
33.59025141417146,130.13084289168614
33.59024382928936,130.13086977961666
33.59023841357197,130.1308939686818
33.59023522457602,130.1309160830109
33.590235801940764,130.13093172491926
33.59024458561919,130.13102922222095
33.590252532028785,130.13111693939527
33.59028125187831,130.13122880696392
33.59029933274803,130.13129953324687
33.59031541442488,130.13134374841536
33.59034677468395,130.13150858605252
33.590390532097445,130.13166328113562
33.59042930636747,130.1318841888043
33.59044613538089,130.1319566408863
33.590473946015834,130.13210461713447
33.59047810807829,130.1321462521479
33.590494278788015,130.132279779888
33.59049266720291,130.13234496814584
33.59049316183001,130.13240089518524
33.59049199990591,130.13245627813478
33.590498946269406,130.13253152980633
33.59049830595211,130.13258097273376
33.59050633330071,130.13262063643333
33.59051641380148,130.13265697803718
33.59051886535343,130.13268625186913
33.59052280168601,130.13275719758667
33.590524720839255,130.13278713421892
33.590532053911204,130.13281756188098
33.59054494569273,130.132855227287
33.59055174816467,130.13288642027214
33.59056000034377,130.13298230868668
33.5905700268853,130.13303844436882
33.59058299960577,130.1330871336644
33.59058933263162,130.13312863827605
33.59060063980775,130.13317347577538
33.5906039457156,130.1332063936602
33.590608107777996,130.13326355367008
33.5906151350805,130.13329999959535
33.59062197262597,130.1333221400048
33.59062633343859,130.13333333296703
33.59065474841793,130.13340593973237
33.59071419810181,130.13361511034918
33.59074327857951,130.13373808004837
33.590750467759904,130.1337637475989
33.590759225358,130.13379038911523
33.59076644061878,130.1338170297322
33.59077827929423,130.13392182862958
33.5907839459224,130.13394472087225
33.59078413478005,130.13396046710193
33.590783559213946,130.1339825553507
33.5907843865902,130.13406269843483
33.59079319814765,130.13409386533965
33.5908034684054,130.1341204672858
33.59081541410012,130.13415158202997
33.590822640152794,130.1341818936795
33.59083589166312,130.13426924842713
33.590845613334466,130.13432063568882
33.59086646771334,130.13446588789043
33.59089769397343,130.13458516227547
33.59092072111446,130.13471841842033
33.590928802422354,130.13475418895473
33.59093913473333,130.13478535675893
33.59094627894768,130.13480369573404
33.59095569395015,130.1348200777844
33.590964359817406,130.13483744459245
33.59096753172628,130.13485133642007
33.590985892285175,130.13493678280634
33.59098646785128,130.13499204884408
33.59098741393808,130.13501241219308
33.590991531933696,130.13503163430255
33.59100486528234,130.13505630360555
33.59101441428385,130.13508194597512
33.591039134848245,130.1351617509141
33.591086666716365,130.13535919617004
33.59111180186824,130.13548508416932
33.59113219759291,130.13559069965117
33.59114233295236,130.13567352811094
33.59116453181775,130.13580486420324
33.59117338744193,130.135844422682
33.5911813869115,130.13587007764204
33.591197161919524,130.13590666655944
33.59120986484345,130.13594338497933
33.5912148920537,130.13597641977606
33.591229586076565,130.13605641986794
33.59124402739002,130.13610875501513
33.59126425224349,130.13620335919768
33.59127333269822,130.1362648899128
33.59129846785004,130.1363778600503
33.591331080864734,130.13655433221675
33.591337027182135,130.13660674380628
33.591347586122254,130.13665997377882
33.591362198306854,130.13672338497634
33.591403774864375,130.1368674446769
33.591418225171026,130.1369216081457
33.59144802690497,130.13704736664272
33.59146961333204,130.13719538336034
33.59149977479484,130.1373552792228
33.591529278853216,130.13744785993083
33.59153505429936,130.13748927371103
33.59153489242141,130.13754175095107
33.59153833322756,130.1375831908117
33.591544026835436,130.13761255457575
33.59155510828168,130.13763819694532
33.59157319814466,130.13767204922578
33.59159044084623,130.1377013095679
33.5916039459654,130.13773778157338
33.59162535972263,130.1377956421552
33.59164280207369,130.13784050573486
33.59166666738287,130.13788916984936
33.591672000362564,130.13790000038478
33.59168930601669,130.1379384176239
33.59169808070192,130.13797053241422
33.59171430627026,130.13804491624
33.59172610807349,130.13806958464363
33.59173719761361,130.13808425438492
33.59174330580896,130.13809236087377
33.59178863973398,130.13814233530059
33.59179494578018,130.13815508408993
33.5918262790596,130.13827802860817
33.591871333295444,130.13844114134565
33.59198725230988,130.13894169860055
33.592023198212075,130.13902785994787
33.59206749521877,130.13916499396942
33.5921123057384,130.13931752258566
33.59214530636086,130.13944885867795
33.59218658614208,130.13961308657474
33.5922106672885,130.1397044226211
33.592233802348176,130.13977949442824
33.59230502685557,130.1400257198112
33.59238108072236,130.14026499433407
33.592470774606625,130.14052041528498
33.59257097257239,130.14077238733591
33.592672161591054,130.14104752322464
33.592768559021806,130.14134574560978
33.592875332830374,130.14166666688322
33.59287933301488,130.14167863775901
33.593020972639806,130.14204280203376
33.59312727880092,130.1423029956868
33.59316894618996,130.1423969784379
33.59324761258728,130.14259897516263
33.59336313500074,130.14290077774876
33.593473801974426,130.14318044082472
33.59358836031464,130.14343238679533
33.593699946395475,130.14369007763503
33.59383689155936,130.1439860831913
33.59391730623872,130.14415583742198
33.59397891879212,130.1442875233506
33.59407330623816,130.14448053225078
33.59417146813877,130.14467652420228
33.594248972612036,130.14483627797188
33.594353918998195,130.14504664108972
33.59437658641036,130.14508972760893
33.59447905426498,130.14526496770418
33.59461869379771,130.14551150515194
33.59475155873747,130.14575163403072
33.59487177471266,130.14594243779334
33.59500902744469,130.14617683529275
33.59512833330598,130.14637800284265
33.59528191862569,130.14664291793633
33.59536322543255,130.1467854218098
33.595393558665876,130.14683024581927
33.59551486461936,130.14698992224714
33.59563658605964,130.14714849520692
33.595714053660686,130.14725430584156
33.59584397332077,130.1474105315708
33.59586946820144,130.14744841821005
33.595928972743934,130.14753855995662
33.595911918900015,130.1475515560595
33.595817829129544,130.14762197117705
33.595810747867745,130.14762722411717
33.595799829198825,130.14762654962567
33.595790495135304,130.14761997378287
33.59576427899833,130.14759525321847
33.59575546834026,130.14758875471728
33.59574561266993,130.14758422842942
33.595736332565764,130.14758291811722
33.595725054167985,130.14758302243865
33.59571174779899,130.1475881063061
33.59569694585741,130.14759730187404
33.595690135291534,130.14760533102128
33.59567977510159,130.14761836579498
33.59566833302722,130.1476326982904
33.59566269427796,130.14764169870546
33.595655495204994,130.1476550320541
33.59564400007059,130.14767527939068
33.59563527934472,130.14769036282007
33.59561777494042,130.1477289752121
33.595611720704426,130.14774077791458
33.59557441412795,130.14778447507354
33.59554700009403,130.14781005179248
33.595537198383056,130.14781197094578
33.59552846776461,130.14781325607692
33.59551808059501,130.14781066063358
33.595504865057535,130.1478047466918
33.59549444101572,130.14779635511775
33.595484053846064,130.14778192009965
33.59547419817574,130.14776099917083
33.595452865357515,130.1476896631475
33.59544458619877,130.14766486434212
33.59543641405929,130.1476452267459
33.595423801966945,130.14761905287708
33.59541502728172,130.14760199723446
33.5953963870337,130.14758044138432
33.5953859728844,130.1475608037881
33.59537449483713,130.14754380030615
33.59536519764583,130.14752880680908
33.59534325238923,130.14749669291814
33.595248532194034,130.1473979770351
33.59524305442346,130.14738953330038
33.59523755866644,130.1473751360537
33.59523155928906,130.14735741940945
33.59522274773167,130.14734693871037
33.59521341366815,130.14733980528786
33.59519541373743,130.14733255495355
33.59516641419873,130.1473221659852
33.59512197330048,130.1472986900825
33.59509410780686,130.1472842280847
33.595073864966935,130.147278392384
33.59506422513391,130.14727836630368
33.59505141429139,130.147278392384
33.59501525165257,130.14727778174426
33.5949961077842,130.1472732167856
33.59497641443005,130.14726791168482
33.59495391878835,130.14724894858023
33.594878387427684,130.14721241182338
33.594761694096974,130.14714505799805
33.594751892386,130.14713457819823
33.5947436941662,130.14712152993468
33.59473874789495,130.1471103630529
33.59473486462235,130.14709596580622
33.59473433312303,130.14708616139728
33.59473538712848,130.14705674367383
33.59473319817863,130.14703975368172
33.59472772130732,130.14702795097924
33.59472116165233,130.14702080406687
33.59470966741725,130.1470135798129
33.594691612627855,130.14700836644306
33.59467572070798,130.14700508391752
33.59464782913403,130.1470011412897
33.594624748033766,130.14700180319073
33.59461330595934,130.14700516215862
33.59459689243272,130.1470142543045
33.594583197556574,130.147031309947
33.59456299968275,130.1470693386791
33.59454627858793,130.1470905060221
33.59452877508295,130.14711664122012
33.59451435984988,130.1471411405513
33.59449658564898,130.1471794417779
33.59448799982141,130.14720213976705
33.594479333054835,130.14722680907005
33.59444453198961,130.1473723868263
33.59443010776329,130.14742380016833
33.59440322522869,130.1474874191092
33.59439691918254,130.14749966337888
33.59437449458733,130.14753316492363
33.59435036038087,130.14756313932753
33.59432869391412,130.1475859659197
33.594291026709584,130.1476145778505
33.594273775014756,130.14762466914328
33.59425966734983,130.14762985733216
33.59423725174781,130.14763277563213
33.59421380192549,130.14763396903254
33.594183694421986,130.1476339429522
33.5941523602433,130.1476296369982
33.59407416239276,130.14761024581628
33.593991054243816,130.147590052439
33.59391697259025,130.14756749744208
33.59389472066488,130.1475568611603
33.5938847480827,130.1475494156731
33.59387105410593,130.1475366147231
33.59386277494718,130.14752591369006
33.59381738706281,130.14745535737893
33.59379505419844,130.14743211440066
33.59376813479162,130.14741319086613
33.593744414273374,130.14740080360423
33.59371272126515,130.14739369626216
33.593687495281756,130.14739481232084
33.5936648917214,130.1473993386087
33.593509747876624,130.14744394318348
33.59339019829906,130.14749469462447
33.59330074813107,130.14754922231884
33.59329466691537,130.14755316494666
33.593225919140934,130.14757538269782
33.593169027128965,130.14758769081936
33.593150558651416,130.14758992203735
33.59313546802747,130.14758780773116
33.5931094677278,130.14758214020367
33.59302002655306,130.1475551101803
33.59299408111201,130.1475467437873
33.59291502710687,130.14752352778862
33.59292508062799,130.1475670297947
33.59293022475015,130.14758924844512
33.59293572140649,130.1476130220234
33.592950053901916,130.14761905287708
33.59297535992499,130.1476289112453
33.59300997303188,130.1476380537532
33.59311263963667,130.14766269787526
33.59314430566525,130.1476657195974
33.59315530617249,130.1476650837767
33.59317774785484,130.14766247664204
33.59323986492785,130.14764894903988
33.5932769187948,130.14763705640507
33.59331841441332,130.14762372215716
33.593329279123,130.14761649790307
33.593415197653314,130.1475640602332
33.59352774780734,130.14751627835358
33.593677467840905,130.14747333302796
33.59369386517977,130.14747005230117
33.593708107743055,130.14746936431982
33.59372564002632,130.1474732808673
33.593739387063124,130.14748046734974
33.59375797335184,130.1474935542842
33.593768972959765,130.14750722397923
33.59378591888509,130.14753216577685
33.593794558672016,130.14754481204352
33.593814494843116,130.14757466863614
33.593828251772436,130.14759230883806
33.59384846763271,130.14761128363386
33.59386605387533,130.14762435797775
33.5938972792361,130.1476393640654
33.59397705359822,130.1476635540298
33.59406033261831,130.14768386521826
33.59414233280245,130.14770416291685
33.59417274787404,130.1477083924284
33.5941800539664,130.14770941585687
33.59421513472074,130.14770938977654
33.59424191922926,130.14770802910232
33.59427261309065,130.14770408557513
33.59429716188458,130.1476948900072
33.59432186536185,130.1476805323308
33.59436672084752,130.14764647230686
33.59439410790179,130.14761766522315
33.59442200037506,130.14758302243865
33.59444861311306,130.14754321664623
33.594458386945064,130.1475242544409
33.59448846836818,130.1474528662568
33.59450482883483,130.14739464324828
33.59452049502488,130.14732852059478
33.594540918628525,130.1472422441343
33.59454691890522,130.1472206361235
33.5945568015552,130.14720296984126
33.594580306236196,130.14717355391645
33.59459830616697,130.1471564721935
33.59461477455227,130.14714014320316
33.59465610829284,130.1471051361931
33.59466510780851,130.14710108924396
33.594670531619784,130.1471016603134
33.59467327904866,130.14710885938644
33.59467441399306,130.14711863771504
33.594677972610384,130.14716277644106
33.594680161560234,130.14718108933585
33.59468789213258,130.14720136185338
33.59469002712308,130.1472111671617
33.59468900009733,130.14721839231504
33.594687305774585,130.14722357960454
33.59468680215423,130.14722819672397
33.59468677517458,130.14723608287898
33.59487074768691,130.14728038887893
33.5951351348786,130.14735158191002
33.5951472253642,130.14736535682584
33.5951423060726,130.1473699217845
33.59513294592875,130.14736011737557
33.59512808059651,130.14736274969118
33.595102612695484,130.1474983009059
33.59501474803227,130.1476876126933
33.59491416155936,130.1479029958267
33.594865640437035,130.14800627756767
33.59486466737053,130.1480094944427
33.594852135317865,130.14813914430613
33.59484963969919,130.14814250327402
33.59470366714055,130.14826214008576
33.594618279210295,130.1483410888702
33.59452394572355,130.14842819720366
33.594452134858216,130.1485163937167
33.59437335964287,130.14862533129406
33.5943128649468,130.14871622577323
33.594283919367456,130.14876691336246
33.594281748404,130.14876910501027
33.594278892157206,130.14876999983574
33.59418180224844,130.14877569434293
33.59408025170228,130.14878260743149
33.59407791886093,130.14878338534504
33.59407558601953,130.14878513632505
33.594032639794534,130.1488353310857
33.593973333102895,130.1489035797365
33.59398486510946,130.14891574576507
33.59405499963856,130.14883510985248
33.594082721240625,130.1488024123015
33.59408441376473,130.14880119282088
33.59408649479593,130.14880053181912
33.59418266739624,130.14879399464724
33.59428682867423,130.14878780821084
33.594290080622784,130.1487865887301
33.59429266707298,130.14878364524907
33.59432519824935,130.14872708238897
33.59438516234542,130.1486370818359
33.594463774783435,130.14852832682084
33.59453422497455,130.14844189387838
33.59471269363593,130.148276913249
33.59486233273054,130.14815455329006
33.59486653166516,130.1481494424429
33.594868198108884,130.14814286570072
33.59487958622395,130.14801530496243
33.59488091901926,130.14801119326205
33.594927919388,130.14791094673285
33.59503172093724,130.14770328068187
33.595126108383226,130.14751994758763
33.59513380208335,130.1474989753974
33.5951370270522,130.14748255467623
33.59513922499531,130.14745968941315
33.5951419463438,130.1474342538878
33.595145774757725,130.14741525301156
33.595151251629034,130.1474002199443
33.59516055871285,130.1473896888831
33.595169333398076,130.1473824772196
33.595183027374844,130.14737727644024
33.59518958613057,130.14737732770152
33.59519827897742,130.14738189355955
33.595207667000295,130.14739686097641
33.59521589219969,130.14741058373147
33.595223495068296,130.14741652375358
33.595235558574245,130.14742438382837
33.59524380176009,130.14743152984124
33.59525633291349,130.1474459396784
33.59526236016984,130.14745632864674
33.59527058626861,130.14747338518862
33.59530399967991,130.14751983067572
33.59533086512738,130.14754530487198
33.595347865012,130.14756430574812
33.59535877468778,130.14757994765648
33.59537030579503,130.14760289205992
33.59537689242967,130.147617885557
33.5953883596851,130.14765710768938
33.59539713526965,130.14769053189264
33.595405359569725,130.14771727593165
33.5954157476387,130.1477481055906
33.59542782913104,130.1477722182134
33.59543716229524,130.14779185491022
33.595460693955886,130.14781802877906
33.59547330604829,130.14783050597316
33.595490775379005,130.14784216568341
33.59552038735603,130.147857950584
33.59554116169528,130.14786311269256
33.59554827892998,130.1478625029522
33.595552666722256,130.14786053163834
33.59555541415108,130.14785199707205
33.595555891691106,130.14784282668518
33.59555538717143,130.14783325609994
33.595557586013854,130.14782513612124
33.59556416185666,130.14781408615124
33.59557013515365,130.1478048636036
33.59557946831785,130.14779639378855
33.5956133601685,130.14776888532583
33.59562102688892,130.14775708172397
33.59563466690639,130.14773418858204
33.595641802127545,130.1477223867788
33.595650558826264,130.14770861186298
33.595662053960666,130.14769299603495
33.595688892428484,130.14765888474983
33.59570141368937,130.14764455315367
33.59570789240536,130.1476418030269
33.59572049460519,130.14764241186788
33.595782332888405,130.1476515300941
33.595807495019926,130.14765330715443
33.5958222519954,130.14764938970768
33.59583266704402,130.14764089471157
33.59594125208719,130.14755557692843
33.59606680194139,130.14774214038755
33.59616641444853,130.14788691325055
33.59625116206155,130.1480281967439
33.59635463985478,130.1482058371297
33.596458107755495,130.14836038922067
33.59656638702921,130.1485517505629
33.596644000320396,130.1487079771914
33.59664574770312,130.1487126977329
33.59664933330015,130.14872299586966
33.59665582910327,130.14873564213622
33.596664135241724,130.1487506356334
33.59667858644764,130.14876914368108
33.59669353228077,130.14878883343795
33.59670780182364,130.14880905289556
33.596712999905094,130.1488164462221
33.59673049531614,130.1488443836614
33.59675797320193,130.14888000041174
33.596785720884384,130.1489170039166
33.5968188294255,130.14895697788234
33.596849559259795,130.14899296964984
33.59686797287867,130.1490117510915
33.59688541433047,130.14902883281445
33.59690558612397,130.14905136173104
33.596926586193035,130.14907635479005
33.59693549487724,130.14908747130983
33.59694405372517,130.14909891068623
33.59696735965599,130.14913144006402
33.59700333343716,130.14918389122363
33.5970286673392,130.14922092080894
33.59703894569083,130.14923535672642
33.597050135055724,130.14924946798862
33.597058108445026,130.1492585601345
33.5970661079146,130.14926763879055
33.59709105420882,130.1493020882209
33.59711482868647,130.14933461669932
33.59713602660639,130.14936197137797
33.597153225241186,130.14938518827591
33.597165494691865,130.14939983103739
33.59717641426016,130.14941341080032
33.597193387165134,130.14943070026663
33.597208829424005,130.14944680892313
33.59721580186783,130.14945321659275
33.597221251759436,130.14945769071994
33.59725630643345,130.14948243826393
33.59728566660027,130.14950379986055
33.59729482889327,130.14951136225966
33.597302359816126,130.14951785986136
33.59731153200164,130.14952747091615
33.59731853232444,130.1495353831515
33.59732325196654,130.14954192032337
33.59732653179407,130.14954627843804
33.597337026882315,130.1495642801675
33.59734653181704,130.14958077823042
33.59736200015624,130.1496042280528
33.597376053861865,130.14962608337714
33.59738627915351,130.14964396909397
33.59739430560279,130.1496586379359
33.597428279291705,130.14970756195453
33.59745749466771,130.14975133555572
33.59747125159703,130.14977016915805
33.59748400038637,130.14978749729528
33.597493440569906,130.14979891059136
33.59750272067407,130.14980983105897
33.59752289156825,130.149830856309
33.597544495082445,130.14985499411273
33.59757164021909,130.14988070033417
33.59759389214446,130.14990214017166
33.59761005386093,130.14991824882816
33.59762574792995,130.14993435838403
33.59763991944675,130.14995027188763
33.597652640357126,130.14996457830273
33.5976686671753,130.14998510982502
33.5976802522419,130.14999999990016
33.59768330633955,130.15000394342735
33.59770580198125,130.15003861229218
33.597747053883495,130.15009511040114
33.597752332903895,130.15010216558255
33.59775577460937,130.15010686094297
33.59776735967597,130.150124227751
33.597804532253406,130.15018007834794
33.59781922537701,130.1502046172493
33.59783025196458,130.15022238695371
33.59783799962406,130.1502341626765
33.597844721157,130.1502432809027
33.597867467709534,130.15027236138042
33.59788722491555,130.1502988850856
33.597907108026675,130.15032055784752
33.59794053222981,130.150357833847
33.59796816210104,130.15038739276406
33.59798458641956,130.15040296992117
33.59800602715649,130.1504264719042
33.59802646784726,130.15045019512047
33.59803619761249,130.1504595588616
33.59804616210073,130.15046961058408
33.59806316198541,130.15048946761488
33.59807708079268,130.15050775622808
33.59809080174915,130.15052272364483
33.5981027753229,130.1505347727616
33.59812625212487,130.1505640600834
33.598146919444844,130.15059175110844
33.59816064040126,130.15060725002468
33.59817461316794,130.15062252860685
33.59818836020469,130.15064070030814
33.59820210814081,130.15065900061245
33.59822027894279,130.1506783009629
33.598274053904504,130.1507396374244
33.59829202685563,130.15075518760193
33.5983078917958,130.15076827543567
33.5983253332476,130.15078622590363
33.598342306152574,130.15080383912596
33.598355027062894,130.15081814464168
33.598367197588175,130.15083202297956
33.598378946331366,130.15084819728656
33.598389972918994,130.15086466926914
33.59841044058942,130.1508907523064
33.598428891979836,130.15091308696947
33.59844191865966,130.15093128385172
33.598453558584936,130.15094722433503
33.598468559276625,130.15096571979223
33.598481747834455,130.15098089495245
33.598499225259104,130.15100408576996
33.598516973379674,130.15102849516893
33.59852297275705,130.15103586331452
33.59852897303375,130.15104258125018
33.5985394141627,130.1510531653713
33.598550386790976,130.15106372161347
33.5985565588382,130.15107044134788
33.598560559022644,130.1510749415554
33.5985713059211,130.1510892479705
33.598582774975114,130.15110488987887
33.598593027246466,130.15111686075454
33.59860277499814,130.1511283918619
33.59861177541313,130.15114005157216
33.59861825233054,130.15114924803947
33.59862944079612,130.15116658876707
33.59863846819081,130.15118158226426
33.59864849473229,130.15119538326041
33.59865694566156,130.15120717337243
33.59867572080793,130.15123564231112
33.598693693759,130.15126593957154
33.59871919763293,130.15130394312257
33.59874197296375,130.15133830082198
33.59875299955132,130.15135360638385
33.59876491916572,130.15136944164647
33.59878663959182,130.15139583674852
33.59880836001787,130.1514213882865
33.598949441163825,130.1515633067013
33.59899166703184,130.15161847021625
33.599023333060416,130.15165997392876
33.59912213527838,130.15177817092592
33.59922105440819,130.1519072497199
33.59932713483943,130.1520329182846
33.59939702655157,130.152113916624
33.59950355934183,130.15224011668806
33.59961072075822,130.1523784953713
33.59972658581336,130.1525096632904
33.59984289243556,130.15264321711084
33.599964559017224,130.15278016856996
33.600000000399746,130.15282477314486
33.60006533344841,130.15290708179646
33.60014822486073,130.15303072598726
33.60025894579377,130.15318683480461
33.60037110834003,130.15334477284307
33.600512945815865,130.15351836627963
33.60065302691572,130.1537110514239
33.60075297307128,130.15384778164992
33.60082416160583,130.15396236067443
33.60086091869647,130.15401027205644
33.60090046818209,130.15405719778153
33.600924468389564,130.15408680885923
33.60095074837841,130.15410616137035
33.600989946229106,130.15411708183797
33.60108910817587,130.15412732781397
33.601103053962845,130.15412299577974
33.60110835996289,130.15411949381962
33.601114468158244,130.15410260724957
33.60111625241319,130.1540869779318
33.601120865035966,130.15406097313542
33.60112691927196,130.1540389487385
33.60114155933553,130.15400516210866
33.60116064025141,130.15398408559713
33.60118989160026,130.1539635279945
33.601209693772375,130.15395861230013
33.60123244122423,130.15396291825414
33.60124253161757,130.1539638913206
33.6012473870573,130.15396147933882
33.60125597288487,130.15395038889937
33.601258802152074,130.15394455319858
33.60125864027407,130.15393247710222
33.60125797297712,130.1539151363745
33.60125691897167,130.15390416284686
33.60125680205982,130.1538885209386
33.60125964032022,130.15388160784994
33.60126625213587,130.15387163436844
33.60127830574925,130.15386861174704
33.601289558966016,130.15387538274274
33.60129494590507,130.15388861177007
33.60129994613567,130.15390588774653
33.601304919386564,130.15392255488212
33.60130797258489,130.15393233500936
33.60131191881004,130.15394155575825
33.60132122499459,130.1539604154409
33.60132961297131,130.1539747731174
33.601335945997164,130.15397697825506
33.60134172144336,130.15397691260455
33.601351387356715,130.1539785601625
33.60136308124123,130.1539876127382
33.60136799963351,130.15399564188544
33.60138666686123,130.15402194615592
33.60140122508653,130.15403044115203
33.601406612924904,130.15403847029927
33.601412586221954,130.15405510955577
33.60142146792646,130.15407635513975
33.60143174807678,130.15408949423488
33.60143235961573,130.15409810614278
33.601423252181405,130.15411155640322
33.60141036039988,130.15412386542414
33.601400386918385,130.1541425029742
33.60139099979483,130.15416866425255
33.60139208077993,130.1541807259598
33.60139461327083,130.15419686069663
33.601389945789435,130.15421080378565
33.60138477468763,130.1542195847661
33.60136838724134,130.15422503195975
33.60135244136211,130.1542252792733
33.601339278884666,130.15421389115818
33.601324693679715,130.15420197064452
33.601309135408314,130.15419466904882
33.601292720982315,130.15419430572274
33.601281667415094,130.15419849476484
33.60127538744922,130.15420730182564
33.601274559173646,130.15421654955423
33.601269945651495,130.15423914412122
33.60125746755813,130.15425089466316
33.60124172132845,130.1542654726735
33.601231720867304,130.15427958483508
33.601220919110176,130.1543103110721
33.60122116192713,130.15433172482926
33.60123797295415,130.15437649757735
33.60125274791602,130.15440405999948
33.6012782248103,130.1544337484188
33.60130105410042,130.15445302178955
33.60135646762694,130.1544863290809
33.60137600000246,130.15450691276385
33.6014145593345,130.1545415816288
33.601435494652435,130.15455688719067
33.6014519459506,130.1545618937165
33.60146691876332,130.15456282721277
33.60148038701033,130.1545579510887
33.6014889728379,130.15454569422843
33.6014964138285,130.15451555075208
33.601500531824115,130.15449352815392
33.60151053228526,130.15448007789337
33.60152444120007,130.15447185539188
33.60154182869252,130.1544693390888
33.60155061327026,130.15447613526544
33.601555027142865,130.1544864459928
33.60155416199501,130.1544956937214
33.60154910780511,130.15451946819894
33.60154919773731,130.15453389062657
33.60155472137336,130.1545494677838
33.601568918970486,130.15456591368604
33.60157761271671,130.15457391675295
33.60158313455406,130.15458949391007
33.601586667091055,130.15460616104554
33.60158489182936,130.1546206095536
33.601578162202486,130.1546288590347
33.60156958626743,130.15463822277582
33.60156194562734,130.1546446430359
33.60155441380522,130.1546644488053
33.60154694583491,130.15469046709143
33.60154722462477,130.1547165501288
33.60155077514821,130.1547390268846
33.601568468410164,130.15476763881554
33.60159249469791,130.15479852063527
33.60161286524158,130.15481147896662
33.601630892152,130.1548216601915
33.60163669367853,130.1548296632584
33.60164322455523,130.1548480292132
33.60165361262415,130.15487680931733
33.601675666698725,130.15491172459645
33.60171841417355,130.15495041522956
33.60179672084206,130.15507766480243
33.60184486514845,130.15523516217308
33.601924386801045,130.15539233488846
33.60199958631193,130.15549839193727
33.60201549531888,130.15551914379353
33.60201905393626,130.15552383915394
33.6020607213253,130.15557817079605
33.60211564022467,130.15566038861607
33.60216208121511,130.1557133847649
33.60217516185429,130.15572705625868
33.60221041437916,130.1557386638084
33.60222774791231,130.15575744524995
33.60224874798138,130.15579464300845
33.6022716132444,130.15584377387108
33.60233482928902,130.15593849496565
33.602385559146285,130.15601019521444
33.60245474758858,130.15610791195058
33.60256577519044,130.15624583737554
33.60260674830283,130.15626374827343
33.6026783873977,130.15634007823212
33.60269244110333,130.1563506101926
33.60273641435407,130.1563836962506
33.60274597324809,130.1563847727391
33.60275455907572,130.15637489008918
33.602770945622694,130.15637182879698
33.60277905391024,130.15637175055588
33.60280033276922,130.15638252893064
33.60280949506222,130.15639160758667
33.60282013494134,130.15640756155983
33.60283608082051,130.1564154728958
33.60284427904031,130.1564136706544
33.60284897260203,130.15640383926586
33.602860054048335,130.15640080405387
33.602879251876004,130.15640128429186
33.60297594608312,130.15640775581335
33.60304222521859,130.15640830080247
33.603069387442304,130.15640499399535
33.60307880244483,130.1564038653462
33.60310319835395,130.1563967193332
33.6031290538628,130.1563809470232
33.60314580193727,130.15636367104662
33.60316922477995,130.15634963712614
33.603199918641394,130.1563400521518
33.60324989216883,130.15633269839543
33.60328689207648,130.156335227289
33.60331761291758,130.1563309474153
33.60333486461235,130.15632269793423
33.60335882884692,130.15630693911396
33.60337510837462,130.15630160793296
33.60339053174772,130.15630147932984
33.60340544070857,130.1563076909472
33.60342182905424,130.15631785958158
33.60344941395931,130.1563439947796
33.60348316191846,130.156361971328
33.60350053232378,130.15636936375518
33.6035202787379,130.15637024599016
33.60353469397103,130.1563690274088
33.603550999579,130.1563636962277
33.603560586352046,130.1563555249876
33.60356725212705,130.1563542803258
33.60357261298577,130.15635939027368
33.60358138677162,130.15637891095798
33.60358682856935,130.15639600527152
33.603584494828624,130.1564109987686
33.603578332673976,130.15641795142733
33.60356730608635,130.156427224337
33.603549252196274,130.1564520492227
33.60353072076623,130.15648564159915
33.6035198290769,130.15651613491173
33.603515693994154,130.15654204887653
33.603522640357596,130.15656783423822
33.60353136018415,130.15658089509225
33.60354486530332,130.15658830100938
33.60356413507685,130.15660128362242
33.603576305602076,130.15661214023817
33.6036063330659,130.15665031106312
33.60364213507654,130.1566815301286
33.603653197637016,130.15668661489542
33.603663865395106,130.15669046669177
33.603669612962335,130.15669041543038
33.603679197936685,130.15669152969042
33.60368597342898,130.15669664143695
33.60368794564221,130.15670577225364
33.60368799960156,130.15671610906122
33.60368716233273,130.1567252794481
33.603687225285285,130.15673280227702
33.60369833281186,130.15674810604037
33.6037356672673,130.1567891439039
33.60377046833253,130.1568175615813
33.6038154137504,130.15685094711353
33.603846306362016,130.1568713356437
33.60388338720861,130.15688822311301
33.60390299962381,130.15689163424156
33.60392382882168,130.1568952791938
33.60395172129495,130.15689897540744
33.60398919784325,130.1568946433731
33.60404441441824,130.1568877167948
33.60409672078708,130.15687408577048
33.604121721040656,130.156866393869
33.60414127859718,130.15685177718785
33.6041599997842,130.15684469502673
33.604169639617226,130.15684352770666
33.60417733331735,130.15684861157422
33.604186054043225,130.15686061032898
33.60419238706908,130.156875422163
33.60420127866615,130.15691099934315
33.60420577527634,130.15693325576524
33.604221386607776,130.1569641366856
33.60425336020444,130.15699538273077
33.60426780241721,130.15700160783797
33.60427935960479,130.15700097291665
33.60429705376606,130.1569932558342
33.60430569355299,130.15698917021405
33.60431241418661,130.15698566825404
33.604321053973536,130.15698158173473
33.6043296128214,130.15698150529226
33.60433830566831,130.15698542183986
33.604341775252806,130.15699345008773
33.6043438652772,130.15701930020066
33.60434410809415,130.15705710769942
33.60434680156368,130.1570933072104
33.604355197634334,130.157121971302
33.60436046766148,130.15713014344146
33.6044046666421,130.1571984442529
33.6044264949868,130.1572263286322
33.604449252331165,130.15724335909385
33.60448394637706,130.15725219223498
33.60450561284381,130.15725713400957
33.604531053765186,130.15726208837475
33.60456394556968,130.15728189414415
33.60460830642825,130.15730905277064
33.604632413655,130.15731508362433
33.60464010825444,130.15731897499074
33.60464733340774,130.15732063603855
33.60464646825994,130.15732700413798
33.60464363989212,130.15733619970592
33.604641414070045,130.15736616061986
33.60464486476877,130.15738272433327
33.60466599973614,130.15743994819513
33.60469019779447,130.15747367097322
33.604722225350486,130.1575152529266
33.60474638743591,130.15752763928913
33.60477469359728,130.15752736679462
33.60479053155785,130.1575232173227
33.6048092248659,130.1575126979527
33.60482219758643,130.15751255496048
33.6048482518454,130.15752664104173
33.60488499994284,130.15755730162823
33.60489999973527,130.15757549940986
33.60491230605811,130.1576110253286
33.604916918680885,130.1576522439559
33.604914666778484,130.15767814533024
33.60490949477742,130.1576891961995
33.604884586254684,130.15771119271744
33.60486508085887,130.15773208756582
33.60485322509629,130.1577523349024
33.60484619779385,130.1577806356679
33.604844802046046,130.1578142802049
33.604855333107196,130.157866860867
33.60485769382757,130.15787868964992
33.60488272106079,130.1579408301053
33.604907694334656,130.15798055765663
33.605006640444174,130.15810192026743
33.60507774803972,130.15817836623864
33.605142224933786,130.1582207261057
33.605181829278024,130.15823992213473
33.60519633264471,130.158246912565
33.6052226396132,130.1582563554465
33.605243720621274,130.15825518812653
33.60527141434437,130.15824503208262
33.60529205378532,130.15822758793286
33.60535086495048,130.15819197118253
33.6053685860914,130.1581866409008
33.60538253187838,130.1581801432991
33.60539108083378,130.15816691337238
33.605395775294824,130.15815360610407
33.605402891630206,130.15813922234724
33.605411467565204,130.15813105110715
33.60542777497187,130.15812635484747
33.60544322532462,130.15813085595425
33.6054499459583,130.15813758827915
33.605453494683104,130.1581570298231
33.60545758569907,130.15818693857636
33.60546772105852,130.1582074449177
33.605483306309566,130.1582296887492
33.60549646788775,130.15825717293023
33.60550430637869,130.1582829439028
33.60550794593502,130.1583127501334
33.60550564007326,130.1583333329171
33.60550419756072,130.15834630383893
33.60549166730664,130.15837411177586
33.605471829161615,130.15841147860692
33.60545458556072,130.15843525308458
33.605446667030094,130.15845202274272
33.60544538729482,130.15847574595898
33.605456135092595,130.15851778207002
33.60547816218747,130.15856131015641
33.605492251865996,130.15860481216237
33.60550361300142,130.1586330220964
33.60550627859192,130.15863968877068
33.60553094609634,130.15867372181492
33.605555639681086,130.158711633635
33.60557838713294,130.15874005221167
33.605622161633505,130.15877403399452
33.6056714139047,130.15881985715077
33.60570674826789,130.1588435542867
33.605740613138835,130.1588624121706
33.60575925158827,130.15888613538687
33.605803865156304,130.15892321713284
33.605810558810276,130.15892875515794
33.60583844139103,130.15894291768154
33.605862332780475,130.15894442314664
33.60588694632554,130.1589300519804
33.60594994563354,130.1589512193234
33.60601438655476,130.15898744491471
33.606051495280326,130.1590096887462
33.60607310778772,130.15901919637884
33.60619582927416,130.15907477268263
33.6062315323594,130.15908533072354
33.6062588285821,130.15909810559322
33.60636366704966,130.15913136162305
33.60649153175882,130.15918527867768
33.60659777496738,130.15923316487874
33.606704494816654,130.15928202324687
33.60680186531391,130.15932936355932
33.60691144140992,130.15941644581244
33.60694869402704,130.15945722377194
33.60697646778982,130.15948369621572
33.607037162135384,130.15954160805882
33.6071280539166,130.15963263293975
33.60717519817689,130.15969747136126
33.607201495252866,130.159720388785
33.60721891871816,130.15973769084178
33.60724482908563,130.15976620025003
33.607287775310624,130.15983841760897
33.607317918786975,130.15987022033448
33.60738008082615,130.1599401174425
33.607449720728084,130.16001269812762
33.607560748329945,130.16009697809318
33.607650721004006,130.16017464264576
33.607660081147856,130.16018693907608
33.60768836032963,130.16020919639732
33.60780974812144,130.1603069392139
33.60796177491602,130.16044144002046
33.608116134552006,130.16057099905242
33.60826208103026,130.16070050592373
33.60833333341668,130.16075491580682
33.608436107940065,130.16083341133287
33.60862194564635,130.16094152962796
33.60877946819795,130.16102328069985
33.608948306019556,130.16112477279012
33.60913825182894,130.16122444914902
33.60932766703826,130.1613011667156
33.609494531747316,130.161363890831
33.60965958612104,130.1614244745599
33.60981986509478,130.16150177668567
33.60998672081058,130.16156116701427
33.61015638690776,130.1616115821089
33.6104214683761,130.16170705593595
33.61057797289516,130.16175481173525
33.61064608125167,130.16177243844731
33.61080864000678,130.16179985697784
33.61092474787887,130.1618343064082
33.61107841413758,130.16188141379632
33.611283332759626,130.16192944209013
33.61137680199789,130.16195147907752
33.61143322456371,130.16195977982
33.611522829415094,130.16195880675355
33.611665585998026,130.16196172505363
33.61206391911463,130.1620001171118
33.612121278774055,130.16200321707493
33.61218510815627,130.16200077811345
33.612259865200656,130.16199014273093
33.61234053169022,130.16198622618344
33.612521279233704,130.16196649775577
33.6125867750597,130.161960583814
33.61263725220749,130.16195600536537
33.612771413969654,130.16191622565339
33.61286146758272,130.16187610869554
33.612901973047656,130.16186474666074
33.612937197693554,130.16185891096006
33.61296466658615,130.16185444942334
33.6129863330529,130.16184647243676
33.61301174789389,130.16183165970335
33.61302322504184,130.1618221916409
33.61303761329526,130.1618155771273
33.613049198361864,130.16181072618417
33.61307222460351,130.1618028661095
33.61309446843501,130.16179605734226
33.61312049481501,130.16179160839613
33.61313155917418,130.16178741935403
33.61314016208888,130.16178258100138
33.613147774850006,130.16177430633923
33.6131540539165,130.16176844365884
33.61316166667763,130.16176255489802
33.61317464029747,130.1617583271851
33.61319010773735,130.16175461658236
33.613201198176796,130.16175150492802
33.613226161558146,130.16174121938184
33.613251748169716,130.1617350581265
33.61328577491861,130.16171360569842
33.61330546827281,130.16170693902404
33.613339198245455,130.16169477299547
33.61337194615845,130.16168496768717
33.61338491887898,130.16168011674404
33.613465721166165,130.16164632921482
33.613499387286936,130.16163600499772
33.613521053753686,130.16162749741113
33.613547081033005,130.16162119316357
33.61355899974808,130.16161063602215
33.61356772137327,130.16160644608067
33.61357877494055,130.16160505842674
33.613590306047854,130.16160031090567
33.61360953175455,130.16159075201165
33.61362202693505,130.16158588757867
33.6136363873095,130.16157583675556
33.61364941398932,130.16156858642114
33.61369880205814,130.161537717192
33.61371830565531,130.16151717307912
33.61372691936191,130.1615118032272
33.61373510768914,130.16150880668613
33.61374186519498,130.1615069127139
33.61374527902149,130.16150396923285
33.61375099960901,130.16149863805174
33.61375719773656,130.1614927501903
33.61377053198453,130.1614775624396
33.613800640387296,130.161451051325
33.61382933325717,130.16142914384
33.61385858640472,130.16140902690518
33.61387597299779,130.16140411211018
33.61388458580507,130.16139875484873
33.613892197666814,130.1613928274171
33.613932305631465,130.16134880740162
33.61394846824726,130.1613253827603
33.61396280164206,130.1613153310377
33.61397341364216,130.16131058441601
33.61398391862298,130.161303385343
33.61398774793628,130.1612964461741
33.613988161624434,130.16129128406556
33.613989586150524,130.16128769127397
33.61399435975193,130.16128538271425
33.6140006397178,130.16128350223187
33.6140101617396,130.1612775882901
33.61403064020192,130.1612529180877
33.614039666697295,130.16123894891837
33.614043360212975,130.16122620012914
33.61404472088719,130.16121516185035
33.6140440805699,130.16120007842096
33.614024108425895,130.1611537219668
33.6140162519485,130.16113830129166
33.614018108149196,130.1611324377119
33.61402141405705,130.16112885930943
33.61405358640394,130.16110992228516
33.614060747705366,130.16110627823218
33.61406508063902,130.16110625215185
33.61407197304317,130.16111070019872
33.61410000041474,130.1611893000462
33.614090829128486,130.16119413660022
33.61418133330193,130.16140158231724
33.614270162038395,130.16102464317282
33.614366946177654,130.16061396865985
33.61437163973943,130.16060066139153
33.61437782887373,130.16059649842975
33.61438266722638,130.16059182914967
33.61438638682233,130.1605807000393
33.61438635984268,130.16045891114993
33.614393639854654,130.160269273808
33.61439522535943,130.1602092476587
33.61439666697265,130.1601560050956
33.614309305929794,130.1601030611074
33.61406991899162,130.1599578601672
33.61382502730322,130.1598102202655
33.61368516204067,130.15972752310677
33.61366289212884,130.15971427969032
33.61367599974767,130.15967944175293
33.61378944112988,130.15974786037555
33.61408013529007,130.1599230609006
33.614320134666514,130.16006674378525
33.61435272070156,130.16008635530113
33.61434713501234,130.16009914366066
33.61440019771101,130.16013116672002
33.614405721347,130.15994847034574
33.6144501352656,130.15994533081243
33.61452161338178,130.1599401174425
33.614524946269285,130.16001972812796
33.61453289177956,130.1603523091119
33.61453794596946,130.16060464269015
33.614545440919414,130.1610209730395
33.61470766692531,130.1610100255923
33.61484341419225,130.16100299559184
33.61496319759357,130.16099569399614
33.61497769376558,130.1609954466826
33.614985891985384,130.16099364534057
33.61502382898658,130.16097613464092
33.61514600008786,130.16092442272395
33.615297945943496,130.16086044135636
33.61534164040444,130.1608423613859
33.61534549489875,130.1608388594259
33.61540691859449,130.16075980542075
33.61550110818962,130.16063800304153
33.6154378291925,130.16056230890354
33.61538486541923,130.16050258132918
33.615291135377674,130.16038871636624
33.61524953184045,130.1603403112564
33.615154333205965,130.16022538329491
33.615060613056926,130.1601143062303
33.615032720583656,130.16008311324515
33.61500286489036,130.1600523609278
33.614971531610934,130.1600211931236
33.61487658568592,130.1599257723566
33.61490749538467,130.15988367059504
33.61501569371933,130.15999267202426
33.61504161308005,130.160021724623
33.61508030641107,130.16006380030421
33.615117080588846,130.16010406025418
33.615131828571066,130.16012352787857
33.615241640289526,130.16025383874376
33.61525022521778,130.16024503168296
33.61530766671552,130.1603128018944
33.615496467687876,130.16053933931914
33.615555251873445,130.1603650318208
33.61562291866284,130.16017147883076
33.61568494580365,130.1599844486235
33.615742279382744,130.16001233480142
33.61574905397572,130.16001269812762
33.61575244082252,130.16000922224782
33.615755198143916,130.15999938995992
33.6157621346149,130.15993335903738
33.61576930580884,130.1598102202655
33.615767532345785,130.1597438646877
33.615767467594594,130.15969708195485
33.61576602688069,130.15965949389056
33.61575438695547,130.15957832737797
33.61574299973972,130.15952016912058
33.61573908139354,130.15951211389302
33.615736531815514,130.1595098565947
33.61572449528927,130.1595037483993
33.61571816226342,130.1594998048722
33.61571369443152,130.15949294394431
33.61570505374527,130.15945380005292
33.615697494943504,130.15943199688923
33.61569241377396,130.15941416333305
33.615690613331196,130.15939910508473
33.61568219837483,130.15932827537972
33.61567866673715,130.1593139689645
33.61567477537062,130.15931111541568
33.615669440592285,130.15931116667707
33.61527341423675,130.1593332171543
33.61490144114862,130.15935299594412
33.614901666878495,130.15927871643964
33.6148658019153,130.15928080376614
33.61473597308674,130.1592975878135
33.61471855861464,130.15929549868838
33.614711332562024,130.1592922179616
33.614703414031396,130.15928194590515
33.61469991926589,130.15926927355815
33.614695413662446,130.1592589754215
33.61469053214239,130.1592567442034
33.61468330608977,130.15925683503497
33.61467413480352,130.15925875508754
33.61455735963449,130.15927066121208
33.614214054235276,130.15929036266016
33.61419458571163,130.1592914139676
33.61418835970511,130.15928922231979
33.6141839188528,130.15928581119135
33.61418286484741,130.15927547258502
33.61418249522603,130.15925121876876
33.614183080684654,130.15921717313415
33.61418682905895,130.15921133563472
33.61419213505906,130.15920888498215
33.61448472139284,130.15918408617665
33.61482238714348,130.15916946769687
33.614987197800986,130.15916894878796
33.61510513489412,130.15916922218196
33.61512525182894,130.1591676132948
33.61513405439314,130.15916700355444
33.61515144098627,130.15916144034827
33.61516435974744,130.1591513877264
33.615175774842214,130.15913555066516
33.615182359678215,130.15912221821588
33.61518419789246,130.15911466930663
33.615184386750116,130.15907383918636
33.61518449466877,130.15905344975693
33.61517477479606,130.1587891956649
33.61515546815036,130.1583333329171
33.61515341409881,130.15828452670962
33.615139828940016,130.15793442333506
33.615291774795594,130.1577774448732
33.615537829307414,130.15752352758875
33.61561741391256,130.15743944187682
33.61531841361398,130.15703036276113
33.61566305360708,130.15667795082686
33.615959694084665,130.1570853311232
33.61611744056751,130.15692075159143
33.61630474776592,130.15672771661093
33.61637172117804,130.15665875479772
33.616487748111126,130.15681635469105
33.61649458565665,130.15682741905016
33.616502828842556,130.1568319462374
33.616512531628075,130.15682852071973
33.61652561316657,130.15681697792127
33.61663338702124,130.1566992998329
33.61666666733288,130.15666447538524
33.61672702713065,130.15660130970275
33.61678627896367,130.15652302191995
33.61685905390226,130.1564326724299
33.61687855929813,130.15639669325287
33.61688286525208,130.1563828661764
33.616880532410676,130.15637058413517
33.61682191909637,130.15628992214226
33.616814639983716,130.15628147930693
33.616819559275314,130.1562759143021
33.61678900031217,130.15623644575544
33.61675169373575,130.156188301449
33.61666666733288,130.15607221785865
33.61665122507401,130.15605114134712
33.61661600042811,130.1560026723855
33.61654672115429,130.15590710772688
33.61653444091178,130.1559174706149
33.616504972826306,130.15587647232144
33.61648155897683,130.15584383862233
33.61637441374825,130.15569464289354
33.61634319828005,130.15565119304813
33.61623516182328,130.15550243798714
33.61615861332939,130.15539683509587
33.61613813486707,130.1553686899132
33.61609708081568,130.15531185455848
33.616083467777855,130.15531114139617
33.616033225353135,130.15530861160323
33.61603091859206,130.1552889110544
33.615937640010145,130.15528141430593
33.61564399967091,130.1552570300879
33.615340494668146,130.15523044073234
33.615226467827256,130.15522024601762
33.61519202739021,130.1552494676888
33.61489722512687,130.15555591437396
33.61461849464786,130.15584335928372
33.614393054395975,130.15607703013086
33.61422169397605,130.15625413721875
33.61420530563038,130.156270661362
33.61421133288678,130.1562797795882
33.614183559124,130.1563080803537
33.614022864663525,130.15647494236475
33.613954721233426,130.15654566774845
33.613902386985615,130.15647427956446
33.61389358622006,130.15646219177677
33.61413897343493,130.15620763867162
33.61414272090991,130.1562036061116
33.614306467669394,130.15603358028557
33.614579467668364,130.15575105107018
33.61462038682146,130.1557088332961
33.61491663969122,130.1554029181102
33.61492489187032,130.15539444919455
33.615073225149274,130.15524050594468
33.61510922501077,130.15520308695295
33.61521082861691,130.1550970038237
33.61537158602994,130.1551099999266
33.615377999994735,130.15511058358663
33.61556330620169,130.15512817072852
33.61569874769907,130.15514105081888
33.6157284945744,130.1551434762905
33.61585174756016,130.15515335894042
33.61602838700048,130.15516769143585
33.616084413864655,130.1551722177237
33.61613861330642,130.15517600476892
33.616235359674135,130.15530805402352
33.61641769362171,130.15556005215478
33.61652063991568,130.1557025029682
33.616557225235795,130.15575255473664
33.61663841423149,130.1558638647257
33.61666666733288,130.1559026066201
33.616791774720696,130.1560741118309
33.61679505364884,130.15607871635973
33.616884252006685,130.15620243789226
33.61689946763636,130.15618805413544
33.61691964032917,130.15616933924366
33.61693380195345,130.1561561353974
33.61694305417865,130.15615391676988
33.61695180188423,130.15615391676988
33.616958053971075,130.15615797720898
33.61700327907812,130.15621594031347
33.61702269364247,130.1562333071215
33.617047891746836,130.15624136234908
33.61706249493824,130.15624197119007
33.61707510792996,130.15624077778978
33.617081666685635,130.15623758789445
33.61708725237486,130.156234942089
33.61709741381463,130.1562176130525
33.617110080765656,130.15621005155265
33.61711874843155,130.15621124495306
33.61712463989028,130.15621647181274
33.61712749523775,130.15622516196174
33.61712849528391,130.15624306116842
33.617129945890326,130.156255227197
33.61713377520363,130.15626282736764
33.617138693595905,130.1562703367067
33.61714349507628,130.1562877556754
33.61714355892815,130.156308003012
33.61714013520913,130.15632311342097
33.61713605408568,130.15632983135674
33.61712366682383,130.1563503367987
33.61711925205191,130.1563665236962
33.61711880239085,130.15637992179597
33.61712019813871,130.15638625212387
33.61712705367063,130.15639955939218
33.617131413583934,130.15640360634143
33.61713863963655,130.15640588792144
33.617147918841454,130.15640538340176
33.61717605413162,130.15637752330417
33.61720522544084,130.1563451099389
33.617227495352665,130.1563323089889
33.617235775410734,130.15633177659026
33.61724255899696,130.15633289174957
33.61724882907026,130.15634050630933
33.61727941411374,130.15641002570214
33.61729305413121,130.15644189407817
33.617297918564134,130.15646503183586
33.61729727914616,130.15647710793223
33.61729638701871,130.15649455298126
33.61729161341725,130.1565206998705
33.617293558650886,130.15652649779975
33.617296919417356,130.15652883333905
33.61730466707678,130.15653219230694
33.61731533303623,130.15653338480797
33.61734205369288,130.15652644563897
33.61735519818387,130.15652352823827
33.617371694448195,130.15652291759864
33.61739933331262,130.156529338758
33.617422613163114,130.1565334108883
33.61744208078744,130.15653055823873
33.61748089192969,130.15652294367897
33.617492558834556,130.1565153830785
33.61749646818748,130.15650846998994
33.617496414228185,130.15649866378237
33.617497360314985,130.15648063597268
33.61749930644788,130.15645919613507
33.61749936040724,130.15644128433792
33.617492558834556,130.1564110887008
33.61749497261496,130.15639433163312
33.61750077504081,130.1563861999632
33.61750761258628,130.15638216560455
33.61751580181283,130.15638099918385
33.617524559410924,130.15638036336316
33.61753382872325,130.15638158194452
33.61754349463661,130.15638438423196
33.6175483329892,130.15638961109175
33.61755513456188,130.15644992232615
33.617560026873775,130.15648002623232
33.61756435980743,130.15648236087236
33.61756969368645,130.15648177721232
33.6175726398655,130.15647946775334
33.6175735859523,130.1564696633443
33.6175755320852,130.15645403402652
33.617582802204595,130.15643422825713
33.61758866668367,130.15642383928878
33.61759449518985,130.1564168614491
33.61760130575573,130.15641280190937
33.61766044067684,130.15639780841218
33.61769880215803,130.1563896632524
33.61771191877011,130.15639308697143
33.61772025188816,130.15639894875255
33.61772405422175,130.15640472060147
33.61773674815248,130.1564266928376
33.617745000331524,130.15643189361708
33.61775464016455,130.15643428041778
33.6177886669135,130.15642499401827
33.61784638720104,130.15640060980036
33.61785758555919,130.15640289227974
33.61786289155924,130.1564127497487
33.61786627930542,130.15642208830877
33.61787461332278,130.1564261091777
33.61789155924811,130.15642496793794
33.617923558925156,130.15641333340864
33.617942972590185,130.15640172495966
33.61794882897533,130.15638961109175
33.617950278682486,130.15637741898274
33.61794738736211,130.15633680919643
33.61794738736211,130.15632527898845
33.61795413497538,130.1563084949412
33.617972134906154,130.1562771976346
33.61798380181108,130.1562701694328
33.617996865363125,130.15626844363385
33.61800664009439,130.15627080435422
33.618013892227395,130.1562765501227
33.61802458606587,130.15628583742148
33.61803325193307,130.15628878090263
33.6180463595519,130.15628175090217
33.618051278843495,130.15627425415357
33.61805316202384,130.1562603371449
33.61804835964415,130.1562429181762
33.6180473865777,130.1562324770473
33.61804641441057,130.15622269781932
33.61804786501699,130.1562110246192
33.6180512248842,130.15618727622189
33.618054162069996,130.15611374765137
33.61806046811614,130.15608880675313
33.61806866723526,130.15607547340448
33.61808033324081,130.1560667194036
33.618093000191834,130.15605691319604
33.61810361309131,130.15604236126603
33.61813472064091,130.15599022037247
33.61816089181178,130.15592649800953
33.61818369412225,130.1558864979636
33.61819682872073,130.1558830220839
33.618202721078774,130.15588416332355
33.61821144090533,130.15589464312336
33.61823127905035,130.15594736677758
33.61825269370689,130.15600817084044
33.61825458588049,130.15604758812572
33.618260468345966,130.1560632561144
33.61826382911249,130.1560690531444
33.61827210827124,130.15607780804442
33.61827844129709,130.15608236131197
33.61829008122231,130.156083553813
33.618299775014634,130.15608992191244
33.618306558600864,130.15609394278135
33.618317224560315,130.15609686108132
33.61833522539041,130.15609280244098
33.618390081337225,130.1560725551044
33.61841189169547,130.15605627827472
33.618419640254274,130.15604121912702
33.61842308106037,130.1560168349091
33.618433279372425,130.15597922166376
33.61845313460452,130.15591664143994
33.61846141376327,130.15587658923323
33.61846622513622,130.15586447536532
33.618497775152264,130.15583722410872
33.618514667118234,130.15583058441405
33.61852677469096,130.155819883381
33.61853122543573,130.1558126330466
33.61853486499206,130.15580172516957
33.61853900007486,130.1557641631856
33.61854872084683,130.15571958469116
33.61856330605178,130.15567836606385
33.618568666910505,130.15565868979672
33.61857008064476,130.15562797704956
33.61857499993636,130.15562221779123
33.61858130598256,130.15562160805086
33.61859053212743,130.1556245272502
33.61861086489955,130.15565752337602
33.6186099457924,130.15568124479364
33.6186065589456,130.1556871083734
33.618601162113976,130.1556906103334
33.61859197284133,130.15569114093353
33.6185870814287,130.15570097322143
33.6185861353419,130.1557212448397
33.61858666684128,130.1557311670598
33.61859294590778,130.15573810622868
33.618610387359524,130.15574438439592
33.61861961260507,130.15575024617704
33.61862836031065,130.15576535658602
33.61865891927374,130.15580243833188
33.61866530625895,130.1558123092907
33.61866719843249,130.15582552482817
33.61866622536604,130.15584128364833
33.618667026662024,130.15585486431064
33.61866864004577,130.1558778078146
33.61870458594791,130.15588530456318
33.618741027376586,130.1558916339918
33.61875702721511,130.1558945010305
33.618788586224355,130.1558945010305
33.6188361621592,130.15589394255142
33.61888027930149,130.15589513595182
33.61891086524429,130.15589741933047
33.618931251975766,130.1558881707026
33.61893805444771,130.1558805579415
33.618941495253864,130.1558690007538
33.61894630572749,130.1558591441842
33.61895313517908,130.1558562780449
33.618959441225286,130.1558580290249
33.61896333259176,130.1558568086449
33.618963748078556,130.15585455314522
33.61896425169891,130.15584635492542
33.618964748124654,130.15584000031583
33.61896669425761,130.15583425364798
33.61896861341086,130.15581277603883
33.61897402732956,130.15579830055117
33.61898369414223,130.15579022014265
33.61899197330098,130.1557854987019
33.61899922543398,130.15577856043228
33.61900258620045,130.15576936396508
33.619007946159854,130.15576175120395
33.619015747778576,130.15575542177532
33.61901810759963,130.15574613537592
33.619017639952176,130.15574150476664
33.61901380164568,130.15573680940633
33.61901233305281,130.15573282720823
33.61901330611926,130.15572871640722
33.61902644071773,130.15571252861037
33.6190390537094,130.15569861160168
33.619043413622705,130.15568985670154
33.61904872142139,130.1556586637164
33.61904822499565,130.15565219219502
33.6190453597556,130.1556446693661
33.6190423865969,130.15564233472605
33.61903713455615,130.15563894877857
33.61903413531712,130.1556354216375
33.61903172063745,130.1556273673092
33.6190337207297,130.1556156941091
33.6190501981082,130.1555711407956
33.619060891946674,130.1555553828747
33.61907255885154,130.15554505775822
33.61908369425714,130.15554094695722
33.61910502707536,130.15553394303709
33.61911813469419,130.15552586262856
33.61914774757054,130.1554928017515
33.619169081288135,130.15546208810497
33.61919869416448,130.15542678341933
33.619207413991035,130.15542508370072
33.61921427941553,130.1554261997594
33.61921910787555,130.15543077820791
33.619225413921754,130.15544299639726
33.61923313460153,130.15545403377666
33.61924046767348,130.15545686124517
33.61925208061905,130.15545632884653
33.61927933277502,130.1554440863755
33.61930463969742,130.1554267186682
33.61931227943819,130.15542525277328
33.61932444097022,130.15542383903903
33.619336440624295,130.15542403419192
33.61934880180581,130.1554262780004
33.61935830584122,130.15542953264685
33.61936608137961,130.1554337738496
33.61937858555331,130.15544355397685
33.61938846820328,130.15545163438549
33.61939661336305,130.15545630366557
33.61940546808796,130.155460116791
33.61941269414058,130.15546133627174
33.61941855861966,130.15546128411108
33.61942541415158,130.1554599216381
33.619432251697106,130.15545724975232
33.61944266674573,130.15544994815662
33.61945172112007,130.15544230931516
33.619459494859825,130.15543383860086
33.619465828784996,130.15542566826002
33.61946922462505,130.1554198307606
33.61947172114304,130.1554138907385
33.619472748168846,130.15540739313678
33.61947297299935,130.15540072556314
33.61946313531547,130.15535941610426
33.61945186501163,130.15532082979257
33.61944953217022,130.15530847040964
33.61944874796143,130.15529802928074
33.61944908071058,130.15529447515996
33.619449774987174,130.15529241211516
33.61945194595057,130.15529121871486
33.61945427879198,130.1552919462664
33.61945763955845,130.15529461725282
33.619461360053776,130.15529878111397
33.619468694025045,130.15531616141175
33.619477224994,130.15533450128623
33.61948358589882,130.15534499367664
33.61948897283787,130.15535228268175
33.61949205391522,130.15535494197707
33.61949438675657,130.15535610929703
33.619497558665444,130.1553560832167
33.61949961271699,130.1553549680574
33.619501864619394,130.1553521396895
33.61950316234112,130.15534783373562
33.61950208135602,130.15533124484114
33.61949833298172,130.15531177721675
33.619491305679276,130.15528499360767
33.61948480178222,130.15525963722257
33.619479108174346,130.15522994790388
33.61947377519465,130.15520208780617
33.61947174812275,130.1551826984229
33.61947064015794,130.15516299607543
33.6194725862909,130.15513377440425
33.61947564038854,130.15510516157406
33.619478720566576,130.15508219198966
33.61948130611745,130.1550628916392
33.61949074809962,130.15503294421512
33.61950010824347,130.1550033070571
33.61950602668185,130.15497360604718
33.61950982901544,130.15495053214136
33.61951116181075,130.15494739260816
33.619512865126694,130.15494552471625
33.61951602714299,130.1549453826234
33.61951872061252,130.154945253121
33.61952577489467,130.15493224442764
33.61953366734491,130.15491483804942
33.619539108243316,130.15490778196863
33.61954433330442,130.15490319092953
33.619549532285134,130.1549007780485
33.61955555864216,130.1548998571427
33.61957805428381,130.15490447516152
33.61960697288356,130.15491250340938
33.619627440553984,130.15491466897686
33.61964664018035,130.15491555121173
33.6196529732062,130.15491732827218
33.61965766676798,130.1549193391562
33.61966158601342,130.15492241213963
33.61966366704468,130.15492552469323
33.619666694162675,130.15493291801977
33.61966955940272,130.15494204883657
33.61967361264715,130.15496669295862
33.61967563971905,130.15498953304063
33.61967694643397,130.15499406022775
33.61967841412758,130.15499769079088
33.61967969386285,130.15499949393154
33.61968113457675,130.15499992200887
33.61968808094025,130.15498941612873
33.61969449490505,130.15497533094685
33.619697720773274,130.1549722831444
33.61970066695227,130.15497085592028
33.619706559310316,130.15497143958032
33.619711775378164,130.1549734495651
33.61971930630102,130.15497949390863
33.619724305632246,130.15498527924728
33.619729197944196,130.1549873926541
33.61973469370122,130.1549884178812
33.61974727881392,130.1549837737822
33.61976294590329,130.15497736701195
33.61976653239958,130.15497505755297
33.61976938684779,130.1549719198183
33.619771775447134,130.15496564165107
33.619772919384786,130.15495883288395
33.619770666583065,130.1549338650059
33.61976616187894,130.15490802928218
33.619762640133786,130.15489544686739
33.61975897269849,130.15488581063175
33.61974858642816,130.15486875498914
33.61973563978802,130.1548505581069
33.61972925190349,130.15483780841816
33.619724107781394,130.15482383924882
33.61971130593207,130.15478442286292
33.61969841415055,130.15474649755288
33.61969610828879,130.15473649799105
33.61969486542574,130.15472736717436
33.619694973344394,130.15471807987558
33.61969610828879,130.15471075219955
33.619703107712326,130.15469224415176
33.61971191926972,130.1546765240024
33.61971563976499,130.15465472083872
33.619717747775894,130.15463185467638
33.619720026657944,130.15462352785357
33.61972305377594,130.15461627841853
33.61972716187904,130.1546101171632
33.61973144085334,130.15460596589264
33.61974080189657,130.154600920696
33.61974941380447,130.1545976129895
33.61976213471479,130.15459522708807
33.61977463978786,130.1545935804295
33.61978330565506,130.15459372162297
33.61979197332096,130.15459481160133
33.619799197574935,130.1545975617281
33.61980580219608,130.15460177685054
33.61981499956261,130.1546128016396
33.61982355930985,130.15462413669457
33.619831027280156,130.15463763911578
33.61983825243345,130.15465267218315
33.61984405395998,130.15466866392774
33.61984874842108,130.1546828273507
33.61985144099128,130.15469435755858
33.61985330618518,130.15470350186513
33.619852252179726,130.1547361607453
33.61985149495058,130.15476805430228
33.61985236009838,130.15477871576513
33.61985341410383,130.1547862520839
33.61985580180385,130.1547908557135
33.619859333441525,130.15479416341998
33.6198698024495,130.15479700437834
33.619880640179474,130.1547996888546
33.61988516197073,130.15480221774817
33.61988908121617,130.15480605695404
33.6198927207725,130.15481250329447
33.61989494569525,130.15481861238914
33.619896333349175,130.15482625212985
33.61989666699765,130.15483357980588
33.61989213531382,130.1548470039861
33.619885359821524,130.15485697836687
33.61988405400592,130.15486204874458
33.61988372125677,130.1548666928437
33.61988482922152,130.15487175063083
33.61988746783243,130.15487603140377
33.6199024946045,130.15488213959918
33.61991774800572,130.15488522697171
33.61992319789732,130.15488861201993
33.61992708116992,130.15489267155965
33.61993055884824,130.15489878065432
33.619933225338116,130.1549068349825
33.619940667228036,130.15494005234166
33.61994525197184,130.1549774191726
33.61994672056477,130.15498258128116
33.61994900034614,130.15498664082088
33.61995199958517,130.1549893001162
33.619955891850964,130.15499044135584
33.619967135175216,130.15498861213484
33.61997910784959,130.15498430618084
33.61998755877886,130.1549807781405
33.619994107642015,130.15497717275844
33.619999494581066,130.15497202324036
33.62000349476551,130.15496564165107
33.62000838707746,130.15495503234888
33.62001244122126,130.154942698147
33.62002269439188,130.15489949381663
33.62003541440288,130.15485788578292
33.62003758626565,130.1548448123383
33.62003810787246,130.15483294398518
33.620037134805955,130.15482306133526
33.62003574805141,130.15481530468264
33.620032080616056,130.15480596612247
33.620027774662105,130.15479769056105
33.620018053890135,130.15478474661882
33.62000822519951,130.15477224424376
33.62000319798926,130.15476260710875
33.61999941364206,130.15475185481432
33.61999627860541,130.15473949363275
33.61999374791321,130.1547270299286
33.61999169386161,130.15470408642454
33.619991135382634,130.1546869390511
33.619991828759964,130.15468114112184
33.619992864778965,130.15467647184175
33.61999438733119,130.15467418936237
33.619995999815615,130.15467311287398
33.620017559262976,130.15468808029073
33.6200441980813,130.1547077817388
33.62005353214482,130.1547130868396
33.620061865262926,130.1547165501288
33.620081440805905,130.15471958534067
33.620100197965826,130.1547200520888
33.620106531891,130.15472191998072
33.620111586080895,130.15472477263017
33.620123135174595,130.15474072570396
33.620134359613076,130.15475830115474
33.620139892242264,130.15476438416908
33.620144891573545,130.15476855972133
33.62016966699656,130.15478058365704
33.620195973065734,130.15478883313824
33.62020427920419,130.1547931912528
33.62021064010901,130.15479775621156
33.62022244101291,130.15480980532834
33.620231972927286,130.1548202716383
33.62023613498968,130.1548226071776
33.620239305999235,130.15482355416373
33.62024308135318,130.1548216988624
33.62024594569391,130.1548182229826
33.62025419787301,130.1547994676214
33.62026380173313,130.15478138765093
33.62026505358938,130.15477783442952
33.62026482875888,130.15477428030886
33.62025874844255,130.1547656935819
33.62024938739938,130.15475641977298
33.62024197338843,130.15474063577176
33.62023591915238,130.15472389129457
33.62023255928523,130.15471856011357
33.62022919761944,130.15471513639454
33.62021264020126,130.15471000036632
33.62019622487594,130.15470596600755
33.62019025157889,130.15470516201367
33.620185666835084,130.15470596600755
33.620179278950616,130.15470980521343
33.62017299988406,130.1547130868396
33.620167693884014,130.154713476246
33.62016244094394,130.15471267225212
33.62015746769305,130.15471000036632
33.62015319771194,130.15470583740455
33.62014946822342,130.154699533157
33.620146000437614,130.15469319113788
33.62014116208502,130.15468797686867
33.620135919037466,130.15468435799676
33.62011349534157,130.15467605725428
33.62009055903212,130.1546705839803
33.62006938719253,130.15465730189305
33.62005633263368,130.1546466674098
33.620047054328154,130.15464868998515
33.620035802010705,130.15465461741667
33.62003122536083,130.15465455266553
33.620027612784156,130.15465308677062
33.62001344126736,130.15463832709713
33.62000008093901,130.15462286595255
33.61999580196476,130.15461588811286
33.61999258598911,130.15460827535173
33.61998802732563,130.15456163381236
33.61998325192559,130.15451060987675
33.61998319796629,130.15449972808005
33.61998430593104,130.15449066111523
33.61998613515209,130.15448503225855
33.61998872070296,130.15448058421168
33.61999186473281,130.15447744467838
33.619994559101656,130.15447569369837
33.61999989208141,130.15447466937053
33.62000600027676,130.1544748384431
33.620013252409706,130.15447778192413
33.620019386685385,130.15448158155982
33.62002746799328,130.15448905312735
33.62003419762016,130.1544970822746
33.62005061294548,130.15452374807262
33.620060667365976,130.15454518791012
33.6200686398559,130.15454944170347
33.6200780269794,130.15455041476991
33.6200859194297,130.154556913271
33.620093999838275,130.15456642000436
33.62010691859945,130.1545840862866
33.62011841373385,130.1546017507702
33.6201303873076,130.1546139167989
33.62014308123827,130.15462544700688
33.620153053820445,130.15463277558217
33.62016138693849,130.1546381966955
33.620178224945164,130.1546453570976
33.620194026932836,130.15465080429124
33.62020253182146,130.1546523349374
33.620209197596466,130.1546526074319
33.62021955868573,130.15465033664384
33.62022989189603,130.1546463553451
33.6202435319135,130.1546385861019
33.62025530583776,130.15463189424656
33.620260162176805,130.1546306612761
33.620264225313804,130.15463083034865
33.62026686482403,130.15463350223445
33.62026877498403,130.15463769127655
33.620266613013825,130.15466216632603
33.620261720701876,130.15468688689043
33.62026213528935,130.15469335931118
33.62026416236125,130.15470044057292
33.620271667203724,130.15471577221513
33.6202818646164,130.1547318547913
33.62028516243038,130.15474077786462
33.6202868288741,130.15474830069354
33.62028746829208,130.15476099912087
33.620286279388324,130.15476985744306
33.620287197596156,130.15477308690845
33.620288468338174,130.15477522729498
33.62029091899075,130.1547766149489
33.620293359750804,130.15477688744352
33.620300801640724,130.15477185483735
33.620310107825276,130.15476143978867
33.62032236018882,130.1547452528912
33.6203330540273,130.15472888522993
33.620340666788366,130.15472072568105
33.62034899990647,130.1547128916867
33.62035733302457,130.154707419312
33.62036613468939,130.15470321678015
33.62039666667289,130.15469658877657
33.62042505377326,130.1546951102912
33.620432802332004,130.15469319113788
33.62044044117346,130.15468966309754
33.62044527862673,130.15468552531684
33.62044958637938,130.15468041536894
33.62046233337003,130.1546601428514
33.62047161257493,130.1546441124359
33.620474081213956,130.15463771735688
33.62047513521935,130.15463221800258
33.620475440988855,130.154626393993
33.62047522515155,130.15462121929386
33.620471359865405,130.15460885901166
33.620467026931806,130.15459544742203
33.620465161737854,130.15458574643515
33.62046410773246,130.1545773665523
33.62046425162396,130.15457024572038
33.62046519771076,130.154563450443
33.62046713485046,130.15455858601
33.620469467691805,130.15455608319678
33.62047513521935,130.15455311273604
33.620480532050976,130.15455036260926
33.62048338739845,130.15454710796269
33.620484891964225,130.1545433326088
33.62048697299548,130.15451688714472
33.62048846766868,130.15448822305314
33.62049108109858,130.15447450119734
33.62049489242537,130.15446141426287
33.62049966692615,130.1544506098079
33.6205049189669,130.15443999960632
33.620509108009,130.15443455331206
33.62051358573342,130.1544300000445
33.62051969392877,130.15442658891595
33.620525278718674,130.15442481185562
33.6205337476344,130.15442430643668
33.62054241440097,130.1544249683377
33.62055894573882,130.15442975363032
33.62057405434916,130.15443552457987
33.62058480214694,130.15444158241314
33.62059397343319,130.1544473021014
33.620600026769864,130.15444961066112
33.62060497304111,130.15445000006753
33.62061333313886,130.15444691269488
33.62062089194069,130.15444455287388
33.620628865329934,130.15444824908752
33.620635198355785,130.1544533590353
33.62064872056203,130.15445066106918
33.620663973063984,130.15444286574575
33.6206715588454,130.15444158241314
33.6206799459228,130.15444130991852
33.620687081143956,130.15444338465454
33.62069322531215,130.1544462256129
33.62070082908002,130.15445306135973
33.62070702720757,130.1544603368751
33.62071063978425,130.15446286576866
33.620714532050044,130.15446477323076
33.6207188649837,130.15446538297113
33.620722027,130.15446416259113
33.62072766664858,130.15445827472968
33.62073374786422,130.15445208829328
33.62073986505277,130.15444836599931
33.620746413915924,130.15444625169323
33.62075110837702,130.15444577235462
33.620755972809945,130.15444616086165
33.62076972074607,130.15445194620042
33.62078230585877,130.15445807957678
33.62078653177309,130.1544585858951
33.620790225288715,130.15445788622253
33.62079953237259,130.15444830124818
33.620808558867964,130.1544359400666
33.620811333276436,130.15443321691953
33.62081413466461,130.1544321143507
33.620819197847766,130.1544335802456
33.62082561271188,130.15443652372664
33.620836134779836,130.15444527862678
33.62084502727623,130.15445294444794
33.62084936020983,130.15445516217608
33.62085216159801,130.15445544726117
33.62085502683806,130.15445350202754
33.620857532349305,130.15445011697943
33.620860531588335,130.15443919561244
33.62086361266563,130.15442958455776
33.62086574765618,130.15442666715705
33.620868360186705,130.15442522734247
33.62087422466578,130.1544254989377
33.62087927885568,130.15442683533024
33.62088641407678,130.15443085619916
33.620892306434826,130.1544352269043
33.620896026930154,130.15443627821173
33.62089891914985,130.15443603089818
33.62090158563973,130.15443364499674
33.62090372063028,130.15442941638457
33.620908225334404,130.15440058411968
33.62091327862498,130.1543763941553
33.62091191885003,130.15436058407374
33.620909306319504,130.15434980479972
33.62091419773208,130.15435041543935
33.62092602741427,130.15435408557266
33.620937721298844,130.15436291781452
33.62094663987557,130.15437328070243
33.62095241442245,130.1543759139173
33.62095908109677,130.15437661538851
33.62096322517277,130.1543760308292
33.620965747771095,130.1543744750021
33.620969693996244,130.15437036330172
33.620973080843044,130.15436461663387
33.62097466724714,130.15435878093308
33.620974973016644,130.1543532806794
33.62097255923629,130.15434328111758
33.62097022459625,130.15433197124355
33.62097091887284,130.15432594038987
33.62097241444542,130.15432128370037
33.6209763327916,130.1543156422531
33.62098082940179,130.1543107517399
33.62098513535574,130.154307471013
33.620989694019215,130.15430505813197
33.620993865074865,130.1543042802184
33.62099755859049,130.15430477304687
33.62100327917807,130.15431333279412
33.62100733332181,130.15432418940986
33.62100941435307,130.15432577221668
33.62101166715479,130.1543260833821
33.62101930599624,130.1543222180959
33.621025774819714,130.15431849490267
33.62102974802451,130.15431824938776
33.62103427880896,130.1543204671159
33.62103797322396,130.15432355358917
33.62104053179513,130.15432666704214
33.62104749524576,130.1543426327064
33.621054000042136,130.1543600516751
33.621059666670305,130.15438489005066
33.62106436023208,130.15440844419436
33.62106961317215,130.1544251877723
33.62107502709085,130.1544398053528
33.62107830601906,130.15444557720173
33.621081225218404,130.15444955939972
33.62108510759168,130.15445263328252
33.62108846835815,130.1544537997031
33.621098467920035,130.15445294444794
33.62110953227915,130.15445024558244
33.621117279039254,130.15444693877532
33.621122918687774,130.15444374798062
33.6211264143526,130.15443972801108
33.62112927869333,130.15443464324426
33.62113058630757,130.1544298831327
33.62113064026687,130.15442610867808
33.62111719810025,130.15438452672458
33.62110036009358,130.15433522678939
33.62109130571923,130.15430192039742
33.621084693903526,130.15427105116817
33.62108138709641,130.15424994767704
33.6210791082143,130.15423177687512
33.621078829424505,130.15421917017864
33.62107955877468,130.15420664082387
33.62108086459028,130.1541981062577
33.62108305443945,130.1541921662356
33.6210862794083,130.15418708236803
33.621089224688035,130.1541837998426
33.62109435981688,130.15418085636145
33.62109874760915,130.1541794156476
33.62111135970156,130.15417744523302
33.62112255895897,130.15417658907836
33.62112858621532,130.15417858557328
33.62113419798487,130.15418121878827
33.621142441170775,130.1541870562877
33.62115016185055,130.15419399455732
33.621163999718874,130.15421208801752
33.62117782859394,130.1542311149741
33.62118191871065,130.1542349676697
33.62118489186929,130.15423719798832
33.62120546835774,130.15423946787723
33.62122541442142,130.15424099942265
33.621248559373555,130.15424972824246
33.621264026813435,130.15425905331267
33.62126664024328,130.1542586117456
33.62126816189618,130.15425708199882
33.62126705393143,130.15424147876126
33.62126433258294,130.1542228268221
33.62126464015108,130.15421756219075
33.62126533262904,130.15421389115818
33.62126791907923,130.15420900064498
33.62127080230573,130.15420627839706
33.62127422512543,130.15420538267233
33.62127763985126,130.15420581074966
33.62129069441005,130.15421622579822
33.62130133338985,130.15422968864925
33.62130397290008,130.15423119321508
33.621305946012626,130.15423128404655
33.62131177541818,130.15422464255323
33.62131530615653,130.15421416275342
33.62131825233553,130.15421099893854
33.6213218289393,130.1542090267253
33.62132933288245,130.15420992155066
33.62133774783882,130.15421360607309
33.62134564028912,130.15422021968743
33.62135308127972,130.1542272496879
33.6213600807032,130.15423797680126
33.621366107959545,130.1542495591699
33.62137574779257,130.1542841632836
33.621384640288966,130.15430885866692
33.62138516189577,130.15431661531966
33.62138510793642,130.15432319116246
33.62138702708967,130.15432717336046
33.62139066664599,130.15433066093135
33.62139319823757,130.15433216639644
33.62139555895794,130.1543324766625
33.62140099985629,130.15432807987702
33.6214063058564,130.15432319116246
33.62140953172457,130.15432252926144
33.621412531862916,130.1543230220899
33.62141805370027,130.15432705644855
33.62142341365967,130.1543330612219
33.621430440962115,130.15434894864518
33.62143716159579,130.15436652409585
33.62145119821429,130.15438849543273
33.621464694340204,130.15441099916836
33.62147449515186,130.15443352808495
33.62148235972319,130.1544508040614
33.62148641386693,130.15446241161112
33.62149063978126,130.15447518827943
33.62149241414363,130.1544967189485
33.621493918709405,130.15451632866575
33.62149577491016,130.15452795060446
33.621498829007805,130.1545393387196
33.6215017751868,130.15454632914987
33.62150561259398,130.15455328090923
33.62150953183948,130.15455830092492
33.62151325233481,130.15456160773203
33.62151974813793,130.15456522660395
33.621525639596655,130.1545677563969
33.621547828569476,130.15456980505257
33.621566413958874,130.15457024572038
33.62157544135357,130.1545722179336
33.62158338686385,130.15457547258006
33.62159182879992,130.15458165991572
33.62160008097902,130.1545895586613
33.62161572108869,130.15460858561778
33.62162855891091,130.15462613498823
33.621634802004564,130.15463102460217
33.621639694316514,130.1546337738297
33.621642494805315,130.15463450138122
33.62164466666809,130.15463457782357
33.62164789163694,130.15463175125433
33.62165038725561,130.15462775556648
33.62165213463834,130.15460875469034
33.621653721042435,130.1545889111494
33.62165546842516,130.15458252866085
33.621657892098085,130.15457691329402
33.62166182933004,130.1545735282458
33.621666414073786,130.15457263342034
33.62169255916433,130.15457138785928
33.62171927892166,130.1545655251789
33.621733972944526,130.15456527876472
33.621748495196925,130.15456569425146
33.62175735981435,130.1545675225732
33.62176430617785,130.1545705838654
33.62177672131867,130.1545790788615
33.62179041439617,130.15459005238904
33.62179633283455,130.1545968872366
33.62180125212615,130.15460461690964
33.62181010775032,130.15462121929386
33.62181849482772,130.15463752310325
33.62182100033897,130.1546452788566
33.621822027364715,130.15465108937633
33.621821891567095,130.15465591423913
33.62182038700132,130.1546604666073
33.62181805415992,130.15466360614062
33.621814467663626,130.15466591380095
33.62180789182082,130.15466608287352
33.62180263978007,130.15466516196773
33.6217994139119,130.1546666926139
33.62179716200944,130.15466878083964
33.62179364026434,130.15467830106286
33.62179082898365,130.1546884436168
33.621790748044646,130.1546919968382
33.62179174809074,130.154694059883
33.62179582921419,130.15469810593288
33.62180119816679,130.15470097297157
33.62181716203247,130.154703839111
33.62183286509469,130.15470452709235
33.62183900026969,130.15470727631975
33.62184433324944,130.15471044103413
33.621851251733915,130.154716978206
33.62185680234961,130.1547239173749
33.62187130571624,130.15475094739838
33.62188477486251,130.15478228337577
33.62188925168766,130.15478966321245
33.62189333281111,130.154795227318
33.621896413888464,130.15479800262574
33.62189886544036,130.15479916994582
33.62190472092618,130.15479671929324
33.62191072120288,130.15479202303345
33.621917252079584,130.1547853833389
33.621921468101334,130.15477997391667
33.62192382882171,130.15476972794067
33.62192499973901,130.15475861232017
33.62192944059126,130.15474927376
33.62193435988286,130.15474147933583
33.6219369193534,130.15473175136924
33.62193755877138,130.15472138758207
33.621939162262606,130.15471817070704
33.62194102655718,130.1547158630467
33.621944360344,130.15471466874703
33.62194733260338,130.15471461658638
33.621951053997975,130.15471608338066
33.62195458563565,130.15471919593426
33.621967332626355,130.15473620031548
33.621983053675024,130.15475641977298
33.62199025184867,130.15476722422807
33.62199591937622,130.15477686136308
33.62199719821217,130.1547935536796
33.621995585727745,130.1548075876002
33.62200119839662,130.15482294442336
33.622011054066945,130.1548415046318
33.622013198050695,130.15485128385967
33.62201369357717,130.15486022042285
33.62201377541544,130.1548691695766
33.62201282932864,130.1548763938306
33.62201061339914,130.1548812843439
33.622006829052,130.15488496796695
33.622001559024795,130.15488771719447
33.62199705432067,130.1548893899335
33.62199327896673,130.15489406011284
33.62199072129482,130.1548990270685
33.6219854953344,130.15492946822042
33.621982053628926,130.15496433223825
33.6219774679858,130.15498000022694
33.6219716943383,130.15499469514907
33.6219707482515,130.1550009733163
33.621970440683356,130.15500591419163
33.6219718292366,130.1550111932121
33.62197374838985,130.15501549916598
33.62198744056798,130.1550299998347
33.62200389186614,130.15504763913725
33.62201363961782,130.1550608043127
33.62202236034369,130.1550728921004
33.62202810791092,130.15508328106864
33.62203197319707,130.1550913362962
33.62203308116182,130.155096161159
33.62203338693132,130.1551010246926
33.62203253167604,130.15510566789237
33.62203135985942,130.15510997384627
33.622029586396366,130.15511236064697
33.62202761328376,130.15511433196093
33.62201805438974,130.1551143058806
33.622009026995045,130.15511289214635
33.62200355911699,130.1551151098745
33.62199736009012,130.1551198052349
33.6219936126152,130.15512447541425
33.62199119793547,130.1551288074486
33.62199016191647,130.15513549930392
33.62199074827447,130.15514250322406
33.62199697338167,130.15515741937952
33.62200427857465,130.1551699478349
33.62200694596385,130.15517725032987
33.622009251825546,130.15518466883748
33.622010197912346,130.15519241200025
33.62200964033269,130.15520061022005
33.6220081348676,130.15520622558688
33.62200608081605,130.15521133643404
33.62200261303025,130.1552155506572
33.62199830617692,130.15521849503762
33.62199372143317,130.1552195328552
33.62198919784328,130.15521839161556
33.621979774746876,130.1552126719273
33.62197064033285,130.15520680924692
33.621964107657504,130.1552045006872
33.62195744098318,130.15520383878618
33.62195238679328,130.15520396918794
33.62194808083933,130.15520552501505
33.621932494688906,130.15521914434805
33.62191374832088,130.15523325561037
33.62190808079333,130.15523652374668
33.62190213537531,130.15523788621954
33.62189222484636,130.1552378601392
33.621884279336086,130.15523795097067
33.621881054367236,130.1552389492182
33.62187908125463,130.15524024604053
33.62187622500784,130.15524641988645
33.621874946171886,130.15525418912955
33.62187410800374,130.15526444859552
33.621874000085086,130.15527511005837
33.62187546777869,130.1552824377344
33.62187822510003,130.1552890792277
33.62188069373906,130.15529335910128
33.62188377481641,130.15529688714173
33.621894359836915,130.1553023873953
33.621905414303455,130.15530683544216
33.62191074818253,130.15531182937752
33.62191430590053,130.15531719833007
33.62191594626398,130.15532031088367
33.62191705422873,130.1553234108468
33.62191672058026,130.15532847043266
33.62191469440768,130.15533325572528
33.621912559417126,130.15533518836833
33.62191019779743,130.155336304427
33.621903972690234,130.1553337737347
33.62189744091421,130.15533094716557
33.62188835956022,130.15533211358627
33.621877829398386,130.15533649778126
33.62187289212034,130.15533924790805
33.621868864956184,130.15534199713557
33.62186519842021,130.155346550403
33.62186197255204,130.15535208842823
33.621860494965915,130.15535953301605
33.621860360067615,130.1553667437803
33.62186200043101,130.15538258084155
33.621863360205964,130.15539700416844
33.62187016177859,130.1554268086004
33.621877973289884,130.15546204943405
33.621887278575116,130.15549119286436
33.621898801588486,130.15552836634106
33.62190638736996,130.15554444891723
33.621913802280176,130.1555578596076
33.621932359790605,130.1555848383697
33.62195238679328,130.15561114084153
33.62196538739278,130.15562547333695
33.621978918592276,130.15564031125143
33.62199430599247,130.15566299575073
33.622008053928596,130.15568204878764
33.622051829328484,130.15572958515224
33.62209580167996,130.15577669343975
33.62211880184128,130.15580503197668
33.622137639940206,130.15583114109438
33.6221541622848,130.15584897465055
33.62217305434302,130.15586861224676
33.62219363982467,130.15588481173472
33.622213027409316,130.1558999221437
33.622237197588674,130.15591294432693
33.62225819765774,130.1559242802814
33.62226361337508,130.1559263550173
33.62226722505244,130.15592678309463
33.62227405360477,130.1559236957221
33.62228025173226,130.15591802909387
33.622286359927614,130.15591678263343
33.62229249510261,130.1559174706149
33.62229855923118,130.15592011731962
33.62230308102244,130.1559236057899
33.62231299964526,130.15593450107644
33.62232280225555,130.15594518772025
33.62232813523531,130.15594880659216
33.62233346821506,130.15595069966514
33.62236049464116,130.15594730202645
33.62238538697608,130.15594693870037
33.6223906129365,130.15594603128443
33.622394748019246,130.1559448118037
33.62240425205465,130.15593717296224
33.62241366705712,130.15592769140994
33.62241744061242,130.15592572009598
33.622420386791475,130.1559247209492
33.62243766726459,130.1559322176978
33.62245633269367,130.15594325597658
33.62246166657269,130.155945446725
33.62246708139077,130.15594691262004
33.622472224613546,130.15594641979146
33.62247680216274,130.15594422814365
33.622481359926894,130.15594041501822
33.62248538709099,130.15593564231608
33.62249286495381,130.15592155623494
33.62249927891867,130.15590963662055
33.622502693644435,130.15590603123837
33.62250538711396,130.1559041894269
33.62251061307438,130.15590413726613
33.62251674824938,130.15590632891406
33.6225356942669,130.1559209213135
33.622553495447505,130.1559400256118
33.62256019809473,130.15594472097212
33.62256553197375,130.1559472498658
33.62258386465368,130.1559487814112
33.62260269375935,130.15594902692612
33.622611721154044,130.1559513363851
33.62261977458297,130.15595413687402
33.62265500012819,130.15597783400995
33.62269138669819,130.156008418154
33.62271227884867,130.15602124518443
33.62273319797873,130.15603377363982
33.62275238681326,130.1560428657857
33.62277200012778,130.15605085626203
33.622782747925555,130.1560545272947
33.622791973171104,130.15605658944014
33.6228064684438,130.1560570822686
33.6228189186582,130.15605719828113
33.6228280269919,130.15605547338146
33.62283577465132,130.15605355422827
33.622846359671826,130.15604710788773
33.62285633315332,130.1560411930467
33.622862441348616,130.15603961113925
33.62286810797684,130.15603902657983
33.62287391939594,130.15604092055207
33.62287925237564,130.15604418868838
33.62289905364844,130.15606457811782
33.62291899971211,130.15608313922553
33.62292499998881,130.15608771677478
33.62293086536721,130.15609058381347
33.622952027314284,130.1560972756688
33.62297325221385,130.15610299625632
33.62299638727353,130.15611269814258
33.62301646823545,130.15612335870605
33.62302453155695,130.15612596584072
33.623031828655996,130.15612797672486
33.62304600017285,130.15612717273086
33.623058414414345,130.15612586331804
33.623064386812075,130.15612678332445
33.623070162258216,130.1561290010526
33.62308158634619,130.1561380293466
33.62309249512259,130.15615021965698
33.623112693895735,130.15616380031918
33.62313222537193,130.15617374772035
33.62314769371113,130.1561919203209
33.623158532340426,130.1562086378184
33.623169198299934,130.15621328101815
33.623181667400104,130.15621508415882
33.62319597291588,130.15622508372076
33.623208387157376,130.15623671914932
33.623243747600895,130.15625241231908
33.623282081203115,130.1562670298996
33.623296667307386,130.15627635496992
33.62330944127774,130.1562861611775
33.62332653199388,130.15629172528293
33.62334558593011,130.1562957200715
33.623362666753735,130.15630341107362
33.623379585699354,130.15631016857947
33.62339746781896,130.15631591434806
33.62341508104123,130.1563212446298
33.623422945612504,130.15632224377657
33.623429161726506,130.15632260710265
33.623436721427595,130.15632114120774
33.62344382876972,130.15631827506843
33.62345416198002,130.15631158231372
33.62346313541542,130.15630547321905
33.623466918863244,130.15630488955912
33.62346997296095,130.15630530504586
33.62348158590652,130.15631508427373
33.62349544086197,130.15632518815698
33.623519747738214,130.15633046717733
33.62354277487918,130.15633691261849
33.62355841408959,130.156343113444
33.62357461267828,130.1563510508604
33.62358689202148,130.1563530869255
33.62359816232538,130.15635330725934
33.623612467841156,130.1563493898126
33.623628386740734,130.15634535725246
33.6236430807636,130.15634338503924
33.623657135368546,130.15634269795726
33.62369694565757,130.15634878097148
33.62374172110361,130.15635622555942
33.62377922463156,130.15636693918293
33.62381282869916,130.15637880663667
33.6238324411143,130.15638333292452
33.62384994641792,130.15638642029717
33.62388486529437,130.15638810562666
33.62392135978297,130.1563888331782
33.62394677462402,130.15638450114386
33.623969531968385,130.15637888487765
33.624007027402456,130.1563616988334
33.62404505433585,130.1563472242451
33.62406033291808,130.15633856017644
33.62407658636545,130.15632795087424
33.62408830633035,130.15631630375447
33.62409808106162,130.15630683479264
33.624101919368115,130.15630160793296
33.62410413529767,130.15629749713185
33.624097613414165,130.15626469525955
33.62408886480932,130.15622477255522
33.624088279350644,130.1562173666382
33.62408974794357,130.15620992205038
33.624091972866324,130.15620577167908
33.62409458629617,130.15620328055707
33.62410005417422,130.1562009728966
33.624105639863444,130.15620092073596
33.624115494634395,130.15620406026926
33.62412536019724,130.15620880689096
33.62413738683097,130.1562164457324
33.62414891883759,130.15622527887353
33.624164891696466,130.15624333276367
33.62417744083626,130.1562579773239
33.62418153185229,130.1562611672191
33.62418458594993,130.15626221762727
33.62419419790399,130.15625425413054
33.62420358592681,130.156243280603
33.624214802271354,130.15623583691445
33.62422361292943,130.15623046706241
33.62422835955118,130.1562263292817
33.62423155933902,130.15622189382543
33.62423244067463,130.1562191958593
33.62423197302718,130.15621639357175
33.62422430630676,130.15620128406204
33.6242136133676,130.15618121928787
33.62420946839228,130.15617024576034
33.624206252416684,130.1561583270452
33.62420380176411,130.15613163426758
33.624203162346134,130.15610274984215
33.62420310838678,130.15609358035454
33.62420394565561,130.15608688670056
33.624206161585164,130.1560798567001
33.62420908078451,130.1560733590983
33.62421535985101,130.1560651096172
33.62422153189823,130.15605858593506
33.62422727856608,130.15605411180786
33.62423230577633,130.15605072586038
33.624241027401524,130.15604741905327
33.6242495592698,130.1560450583329
33.62426191865268,130.15604355376706
33.62427397316537,130.1560427758535
33.62428299966075,130.1560437741009
33.624290494610705,130.15604616090172
33.624298279142295,130.15604997402716
33.62430580197122,130.15605530520827
33.62431344081267,130.1560626715551
33.62431905438092,130.156069610724
33.624333494794996,130.15609791238876
33.62434789204161,130.15611922182472
33.624351134996914,130.1561297537852
33.62435291925186,130.1561409467473
33.62435361262919,130.15616313931753
33.62435427902682,130.15618330661437
33.62435627911901,130.15619555088404
33.62435905442686,130.15620686075806
33.62436791904429,130.15622518804207
33.62437869382171,130.1562439434033
33.624382720985864,130.1562537217319
33.624385386576364,130.15626177695947
33.62438625172422,130.15626994819957
33.62438530563742,130.15627730195604
33.62438189181091,130.15628949406494
33.62437700039828,130.15630172484475
33.62436799998329,130.15631669316087
33.62436113455874,130.15633014342143
33.62435946811502,130.15633596563237
33.62435897258854,130.1563400521518
33.62435999961434,130.15634469535144
33.62436244127372,130.15634941589292
33.624366829065934,130.15635538289462
33.62437127891144,130.1563596627683
33.62438086478511,130.15636561628025
33.62438972130866,130.15637005173653
33.62440238736036,130.15637347635493
33.62441382943473,130.15637530467666
33.62443666681878,130.15637542158845
33.624457828765856,130.15637489008918
33.624477558992226,130.15637211388196
33.6244965589691,130.15636858584162
33.62451161272082,130.1563645532816
33.62452644074267,130.1563593390124
33.62454235964225,130.1563522829316
33.62455736033394,130.15634457843964
33.62458069414379,130.15632894912176
33.62460346767597,130.15631202298152
33.62461974810293,130.15630347582476
33.62463386476111,130.15629771656643
33.62467625160775,130.15628900123647
33.624719829156845,130.15627941626212
33.62474430600497,130.15627260659562
33.62476949511614,130.15626438409413
33.62478261262754,130.15625780825133
33.62479502686904,130.15625089516277
33.62480049474709,130.1562464201362
33.624804973370885,130.156241529623
33.624807999589564,130.15623588817573
33.62481030635058,130.1562300263946
33.62481182890281,130.15621655005384
33.62481344138729,130.1562018938024
33.62481680215376,130.15619160825622
33.624820531642285,130.15618306109945
33.624838305843184,130.15615894937605
33.6248545862702,130.15614024617548
33.62485716192856,130.15613603105305
33.6248587483326,130.15613169901872
33.6248589192038,130.15612717273086
33.6248576133882,130.15612243780038
33.624851224604356,130.15611021961104
33.62484491855821,130.15609875505356
33.624841775427626,130.1560888589138
33.62483991922693,130.15607994843094
33.62483958557846,130.15607133562366
33.62484025197608,130.1560629179694
33.62484219810898,130.1560551361357
33.62484502737618,130.15604917003327
33.624851918881006,130.15603897531855
33.62485949476991,130.15602856026987
33.624865495046606,130.15602267240843
33.62487125160703,130.15601830080402
33.624878531619004,130.15601488967548
33.62488527923233,130.156013332949
33.6248957212606,130.15601321693646
33.624904864667826,130.1560151621701
33.62491235961778,130.15601780797556
33.62491897323207,130.15602182884436
33.624927414268825,130.15603016915702
33.62493449463125,130.15603805441276
33.62493877540419,130.15604491623992
33.624941531826266,130.15605147859287
33.62494413536359,130.15606308704184
33.62494519836224,130.1560738654166
33.624943585877816,130.1561031653289
33.62494169370427,130.15612938955974
33.62494186457542,130.15613983068874
33.62494282864867,130.1561497538081
33.62494477478157,130.15615824880422
33.62494689178567,130.15616447481068
33.62494953219522,130.15616875468436
33.624952721191164,130.15617185464748
33.62495625192952,130.15617408586547
33.624959865405515,130.1561752271051
33.624972359686694,130.1561709211511
33.62498322529564,130.15616357998533
33.624994027052765,130.15616294416463
33.625000000349814,130.15616360606566
33.62500461297259,130.15616413666567
33.62500872107569,130.15616258083855
33.62501113485604,130.1561597542693
33.62501349467709,130.1561473283366
33.625015224972685,130.15613503190627
33.62501753173376,130.15612885895973
33.62502100041888,130.1561232166132
33.62502655912846,130.15611747084472
33.62503310799161,130.1561135282168
33.625043720891085,130.15611094716257
33.625053081034935,130.1561093391747
33.625072134971106,130.15611194630935
33.62509308108088,130.15611477287848
33.62510919783125,130.15611405971617
33.62512272093687,130.15611394280427
33.625134413922126,130.15612019489117
33.62514419764665,130.15612817097838
33.6251584680889,130.1561309471855
33.62517280238296,130.15613275032626
33.62517849509152,130.1561350579866
33.625183414383116,130.15613922184764
33.625187386688594,130.15614328138736
33.625190585577116,130.15614710800264
33.62519794562871,130.156170636066
33.62520672121326,130.15620063565086
33.62520910801396,130.15620664132348
33.625212027213365,130.1562121136982
33.62521558583069,130.15621639357175
33.625219559035486,130.1562199216122
33.625230973230885,130.1562245270403
33.62524297288496,130.15622841840684
33.62525741419836,130.1562312836469
33.625272413990785,130.15623286555433
33.625283802105855,130.15623739274156
33.6252940273975,130.15624289209586
33.625302999933524,130.15625121891867
33.62531008119532,130.15625900075236
33.62531353189405,130.15626102512624
33.625317495206275,130.15626163396735
33.62533477478007,130.15625802858517
33.62535649520612,130.15625447536377
33.625363694279145,130.15625405987703
33.62537019817614,130.15625422805022
33.62539241412867,130.15625949358082
33.62541769407136,130.1562665892318
33.62543558608348,130.15626888520092
33.62545216238743,130.15626927370806
33.62547261297078,130.1562669129877
33.62549036019203,130.156263839105
33.6254996672759,130.15626469525955
33.625507494974954,130.15626666657352
33.625540613408646,130.1562797283268
33.625569999655795,130.15629321725828
33.625582919316344,130.15629730197895
33.62559510782802,130.15630019509797
33.62561494597304,130.15630033719083
33.625632864964814,130.15629832720606
33.62567230563246,130.1562884697372
33.625705693862756,130.15628219156997
33.625714332750306,130.1562793389204
33.625722333119256,130.1562748378136
33.62574797279075,130.1562510894163
33.62577497313657,130.15622041533993
33.62578330625462,130.15621345009072
33.6257903326578,130.1562088329713
33.62580138712434,130.1562049676852
33.62581127876757,130.15620325627538
33.62583625204144,130.1562020233048
33.62586133323401,130.15620267171596
33.62589227890561,130.1562075226591
33.625922891828054,130.15621099943814
33.625935585758725,130.1562111927924
33.62594730572363,130.15620980513847
33.625957027394975,130.15620763867162
33.625965305654404,130.15620455309772
33.625974279089746,130.1561993900898
33.62598172097967,130.15619319106293
33.62599344094457,130.15618163387535
33.62600238740032,130.15616992200432
33.626006413665095,130.1561673022792
33.62601066655907,130.1561657455528
33.62601761292257,130.15616642004431
33.626024748143664,130.15616871601344
33.62604786521683,130.15618564215367
33.62606800013816,130.15620538317194
33.62607713455219,130.1562100263717
33.626086278858736,130.15621252918493
33.62609113519778,130.15621335925914
33.62609499958461,130.15621267217716
33.626099134667356,130.15621069996394
33.62610210782606,130.15620797681675
33.62610627888171,130.15619961132302
33.62610838689261,130.1561907781819
33.626110973342804,130.15618805413544
33.626115026587286,130.15618649830833
33.626133612876004,130.15618880686804
33.62615141405655,130.15619379990403
33.62615789187328,130.1561929698297
33.62616366731942,130.156190856423
33.62620758571154,130.15616780769824
33.62624916226906,130.15614272380776
33.62625499976849,130.15614041524805
33.62626033274819,130.15613958517383
33.62626546787709,130.15614072641347
33.62627016233819,130.15614328138736
33.62627380189451,130.1561476646831
33.62627564010876,130.15615141395665
33.62627482892026,130.1561652266439
33.62627186475481,130.15618044137432
33.62627182878191,130.1561871080487
33.62627230632194,130.15619238706904
33.62627453214401,130.15619778210203
33.626278494556914,130.1562021402167
33.62628249474142,130.1562048121025
33.62628594633941,130.1562062779974
33.62629189175743,130.15620697766997
33.62629682903548,130.15620661524315
33.62630386533118,130.15620427970384
33.626310414194336,130.1562007516634
33.62631436041943,130.1561972757837
33.62631794601646,130.15619347614802
33.6263205594463,130.15618019496014
33.626323000206355,130.15616732835963
33.626326108263356,130.15616105109166
33.62632905444235,130.156156614736
33.626353891918654,130.15614741916818
33.62637644062028,130.15613739262665
33.62638174841902,130.15613658863276
33.62638608135262,130.15613719837302
33.6263910537042,130.15613939002094
33.62639494597005,130.15614216622805
33.62640780177867,130.15616070035605
33.62641958559544,130.15618330661437
33.62642466676499,130.1561901693409
33.626430134643044,130.15619647178983
33.626436197872295,130.1562016986495
33.62644082938084,130.1562049676852
33.626454440619966,130.1562071080716
33.62646753205104,130.1562064461706
33.62647927899559,130.1562097799574
33.62649194594661,130.1562158108111
33.62651991935883,130.1562355770103
33.62654369383648,130.156256031191
33.62654994592333,130.15625963657305
33.626555081052175,130.15626152964592
33.62656041403193,130.1562618030398
33.62656555905335,130.1562606609009
33.62657497315655,130.15625466871802
33.626584279341046,130.15624647229697
33.62658982905742,130.15624005203688
33.62659386521477,130.15623399510287
33.62659697327177,130.15622717284577
33.6265987206545,130.15622121933382
33.62660025219992,130.15620795073642
33.62660116231382,130.15619749701693
33.626603306297625,130.1561924122501
33.6266062515773,130.1561891441138
33.62661110791635,130.15618758828668
33.62661705423369,130.15618741921412
33.626627278626074,130.15618968910292
33.62663802732317,130.15619357957007
33.62665722515089,130.15620577167908
33.62667589237856,130.15621939011282
33.62669030581304,130.15623185471634
33.62669910837718,130.15624136234908
33.62670302672336,130.15624338492432
33.62670653228071,130.1562436709088
33.62671074830246,130.1562424379382
33.626714162128906,130.15624002595655
33.62671789161743,130.15623116673498
33.62672089175578,130.15622121933382
33.626724197663634,130.15621775604473
33.62672780214638,130.15621566781886
33.626738531957756,130.1562141371728
33.6267510541179,130.1562147729934
33.626782414376976,130.1562251358814
33.62681999974325,130.15623749706288
33.62683058566307,130.1562426717619
33.62683919757097,130.15624863786445
33.62685997280954,130.15626933935857
33.62687736030199,130.15629255535725
33.62688408093561,130.15629830112573
33.62689097333981,130.15630297040582
33.626911801638414,130.1563064462855
33.62693374779428,130.1563098825951
33.62694449469274,130.15631377396153
33.626954639944756,130.15631939022774
33.6269704140534,130.1563310886089
33.62698382924037,130.1563421655586
33.62698674843972,130.1563460308447
33.62698802727567,130.15634891137324
33.62698455859055,130.1563581060418
33.626978864982675,130.15636680878129
33.626978414422354,130.1563701425681
33.626978891962324,130.15637238727595
33.62698133272238,130.15637516168442
33.62698433286073,130.15637666714952
33.62699063980625,130.1563758370753
33.62699794589855,130.1563751356041
33.6270060541861,130.156377081737
33.627014198446545,130.1563804667852
33.62701999997307,130.15638408565712
33.62702525201382,130.15638866410563
33.62703582894039,130.15640632858924
33.627044440848294,130.1564258627634
33.62706146771262,130.15644941600783
33.62707982917084,130.15647328131695
33.62711125238246,130.15652978032517
33.62713930583436,130.15658639444666
33.62714769381108,130.15660075212304
33.62715599994948,130.1566143579663
33.62716055861296,130.15662002639317
33.62716580166045,130.1566247208542
33.62717205374736,130.15662810590243
33.627178467712156,130.15662966262892
33.627226162357545,130.15662975435976
33.627280973338316,130.15662953312653
33.62730838737224,130.1566271076549
33.62733397308443,130.1566242801864
33.62735127873856,130.15662422802575
33.62736922470998,130.1566254466071
33.6273776126867,130.15662674432883
33.62738394571255,130.15662875521298
33.627391721251,130.15663255484856
33.62739725208155,130.15663658920732
33.62740944059328,130.15665383910346
33.62742155895785,130.15666985692837
33.62742899994845,130.15667863790884
33.62743680156717,130.15668641974253
33.627445333435446,130.15669250275687
33.627455279037974,130.1566982233444
33.62746866724524,130.1567033593726
33.62748174788442,130.15670669315944
33.62750791905529,130.1567206614294
33.62752810793586,130.1567317770499
33.62753235993051,130.15673594001169
33.62753619823701,130.15674108863038
33.62753922535501,130.15675108909159
33.62754046821806,130.15676280186187
33.627543134707935,130.15676775622705
33.62754558625983,130.1567711673556
33.62754938679484,130.1567737223295
33.62755300027078,130.15677474665733
33.627568586421205,130.15677105134296
33.62758269408613,130.1567671338962
33.627593801612704,130.15676627774155
33.627606134915254,130.15676583707375
33.6276296126166,130.15676819689486
33.62765372074267,130.15677344983487
33.62767553200024,130.15677389140205
33.62769636029884,130.1567739948241
33.62770855870309,130.15677561630173
33.62772046842491,130.15677819735595
33.62773302655796,130.15678250330996
33.627743775255055,130.15678744508455
33.62775546824031,130.15679518824743
33.62776525196483,130.15680263283525
33.627771414119536,130.15680549897468
33.62777727859856,130.1568059657228
33.62778655870278,130.15680394314757
33.62779689191308,130.15679963719356
33.62780200006233,130.15679613523355
33.62780541388878,130.15679277626566
33.627813225400075,130.1567762260421
33.6278188920283,130.15676085572898
33.6278253869321,130.1567500000126
33.6278324681939,130.1567416336195
33.62784297317472,130.15673508385714
33.627850972644296,130.1567300260699
33.62785427855215,130.15672678311466
33.62785686500234,130.15672263274337
33.62785853234544,130.15671593998866
33.62786072129529,130.15670795131098
33.627863775392996,130.15670350236485
33.62786753186117,130.15670033675121
33.62787102662662,130.15669880700443
33.62787399978532,130.15669832676645
33.62787844063757,130.1566996892393
33.62788277536981,130.15670299604653
33.62789594594119,130.15671708212767
33.62791238734684,130.15673450109637
33.627936026926136,130.15677425382876
33.62795474811321,130.15681050639978
33.62797764035588,130.15683691319305
33.628000198050756,130.15686255466323
33.62802438711583,130.15688085586692
33.628049945848375,130.15689902666884
33.62805908116172,130.1569048902486
33.628066333294726,130.15690880679608
33.62807246757035,130.1569102457113
33.62807841388775,130.15691050561543
33.62808653206787,130.1569082752967
33.62809361332967,130.15690474725636
33.62810649521862,130.15689192022603
33.628117252009645,130.15688016878482
33.628123720833116,130.156876226157
33.62812946840029,130.15687391669792
33.628135224960715,130.15687352819089
33.62814100040691,130.15687422786334
33.62814797285074,130.15687620007668
33.62815438681554,130.15687871637977
33.628160279173585,130.15688221833977
33.628165333363484,130.1568858372117
33.628169613237105,130.15689108925244
33.62817335981276,130.15689741868096
33.62818349517221,130.15693060995977
33.628188999922486,130.15695630359062
33.628195162077134,130.1569627238507
33.62820433336333,130.1569702718606
33.62820805385866,130.15697518755496
33.6282116133753,130.15698131013937
33.628220639870676,130.1570086117581
33.62822935969723,130.15703211374114
33.62823210802543,130.15703758791437
33.628235027224775,130.1570420881219
33.62824063989365,130.15704722415012
33.62824635958191,130.15705072611013
33.62828033327082,130.15705102468507
33.628316225213666,130.1570493897176
33.62833308120679,130.1570510507654
33.628348251870364,130.15705294383838
33.62836225161669,130.15705788561297
33.628372054226986,130.15706403427782
33.62839344100456,130.1570680290663
33.62841574778861,130.15707255535426
33.62842125163951,130.1570743324146
33.6284246133053,130.15707678306717
33.62842641374806,130.157080116854
33.628426559438196,130.15708408556213
33.62842210779411,130.15709533068502
33.62841813458931,130.15710552539974
33.62841789177236,130.1571089751991
33.628418532089654,130.15711241240797
33.62842922502875,130.15713138810315
33.62843780186313,130.1571487549112
33.62844172110857,130.15715422818516
33.628447081067975,130.15715933903232
33.628485386791226,130.15718321693203
33.62852122477477,130.15720291838
33.628528747603696,130.15720844381474
33.628534279333564,130.15721444858798
33.62854235974214,130.15722438429793
33.628549747672764,130.1572339953526
33.62855386476912,130.15724182934696
33.628556891887115,130.1572513882411
33.62855830562137,130.15725902708255
33.62855872110816,130.15726819657004
33.62855769408236,130.15727671944512
33.62855646830644,130.15728286631133
33.62855372087756,130.1572896885683
33.62855033313144,130.1572949936691
33.6285383055984,130.1573030866682
33.62852464039986,130.15730744478276
33.62852186509207,130.1573099475961
33.62852041358627,130.15731221838428
33.62851991895917,130.15731717274934
33.62852094598492,130.15732180335863
33.62852525193887,130.15733189375192
33.62853063977724,130.15734282681012
33.62853446819122,130.15734819666204
33.62853838743666,130.15735224361117
33.628542892140786,130.15735391724957
33.628547666641566,130.15735333269026
33.62855494575422,130.15734983073014
33.62856033269327,130.15734544743452
33.62857008134421,130.15733297024042
33.628579802116235,130.15731897499074
33.628585531696956,130.15731394328395
33.62859099957501,130.15730946825738
33.62859505371881,130.15730805362386
33.62859882907276,130.15730844392965
33.62860836008781,130.15731383896252
33.62861877513643,130.157322139705
33.62862413509583,130.1573280293651
33.62862825219213,130.15733455304724
33.62863136024913,130.1573416343091
33.62863327940238,130.15734710758306
33.628633864861,130.15735141443633
33.628633693989855,130.15735455307026
33.6286325590454,130.15735822320346
33.62863049510133,130.1573611666846
33.628625919350725,130.15736335923168
33.62861997303338,130.15736416322557
33.628607946399654,130.15736105067197
33.628596468352384,130.15735846961775
33.62859297268761,130.1573584947988
33.62858963980011,130.15735938962416
33.62858677456006,130.1573614787493
33.62858497321798,130.15736396897205
33.62858608118273,130.15738175126683
33.62858269433593,130.15740053180912
33.62858389223288,130.157403969018
33.62858635997259,130.15740697814954
33.628594414300835,130.15741119327197
33.62860200008231,130.15741403423033
33.628604558653535,130.15741669262627
33.628606720623736,130.15741980517998
33.62860846800646,130.15742583693293
33.628608891587135,130.1574323866954
33.62860827914881,130.15743683474216
33.628607225143355,130.15744102468364
33.628601973102604,130.15744819677695
33.62859677502121,130.15745503162452
33.628593441234386,130.15746627764668
33.62859074776486,130.15748119290276
33.62858246770679,130.15749980527187
33.628574747926336,130.15751527900693
33.628572720854436,130.15752372184238
33.62857169382863,130.15753277621673
33.62857341423171,130.157558300775
33.628574613028036,130.15758910525312
33.62858402713118,130.15763408574458
33.62859755923,130.15768622573876
33.62860027877991,130.15770442262112
33.628602829257204,130.15772357997935
33.62860525203081,130.1577327242859
33.628607828588486,130.15773936398057
33.62861410765498,130.1577491054369
33.628620278802885,130.15775574603094
33.62862408113648,130.15775905283806
33.62862836011078,130.15776116714426
33.62864205408755,130.15776308719683
33.6286574954471,130.1577657204117
33.628666162213676,130.15776878080464
33.6286748649531,130.15777299592708
33.62868166742504,130.1577775617851
33.62868691856647,130.15778258090143
33.62869074787977,130.1577874965958
33.628693107700826,130.15779155613552
33.62869469410492,130.15779727582367
33.62869499987437,130.15780267175592
33.62868982877262,130.15781477303346
33.62868466666407,130.15782258094737
33.62868413516475,130.15782561615936
33.62868435999525,130.15782861180105
33.628686081297644,130.15783216592183
33.62868799955157,130.1578345266422
33.628693945868974,130.15783608336858
33.62869882918767,130.15783732803038
33.62870238690567,130.15784289213582
33.62870453178874,130.15785041496474
33.628707027407415,130.15786075177232
33.628708441141725,130.15787138805422
33.628706891609795,130.15788089478758
33.628705494962674,130.1578881451219
33.6287058915637,130.15789274965073
33.62870700042777,130.15789652410535
33.62871136034107,130.15788883310324
33.62871944074965,130.15787085565557
33.62872186532189,130.15786727635384
33.628724639730365,130.15786496779413
33.628728585955514,130.15786461705852
33.62873186488372,130.15786610903376
33.62873555929866,130.15786897517307
33.62873838676717,130.157872387201
33.628741027176716,130.15787819682134
33.62874269362044,130.15788464316176
33.62874172055399,130.1579006097254
33.62873966740176,130.1579138909134
33.62874013504927,130.1579176392877
33.628741775412664,130.15792044067587
33.628749306335465,130.1579259661105
33.62875844074949,130.15793267235506
33.62876027896374,130.15793577231807
33.62876119807089,130.15793836596288
33.62876058563256,130.15794299567278
33.62875882925664,130.15794710827254
33.628743666686944,130.15796116737408
33.62873110765457,130.157970441183
33.62872997271012,130.15797369582947
33.62873025239929,130.1579766932698
33.628735613258016,130.15798063589773
33.62874382856489,130.15798444902316
33.62874774781034,130.15798805440522
33.628750026692444,130.15799214002527
33.628751306427716,130.1579971978125
33.628751360387014,130.15800182932105
33.628743892416765,130.1580177563145
33.62873425168442,130.1580325033974
33.628731667032866,130.15803929957406
33.62872999968977,130.15804610924056
33.628729666940615,130.15805053210647
33.62872997271012,130.15805464290747
33.62873272103832,130.15805914401437
33.62873761335021,130.15806252906248
33.62875474813319,130.15806625225582
33.62877594605311,130.15806669292363
33.62878282856474,130.15806878114938
33.628787891747834,130.15807185503218
33.62880058567856,130.15808228267122
33.62881030555121,130.1580915816612
33.62882386462968,130.1580959658562
33.62883810809228,130.1580985208301
33.62884436017913,130.1581016990342
33.6288506131653,130.15810571990312
33.628857494777606,130.15811191982925
33.628862864629525,130.1581178076907
33.628869495331,130.15812839181194
33.62887455941342,130.15813955869373
33.62888138706643,130.15816233492387
33.62888530631187,130.15818289162723
33.628889891955,130.1581945783172
33.62889482923305,130.1582066148435
33.62890258588567,130.15821936363284
33.62890977506612,130.15822941625458
33.62891355941326,130.1582413619493
33.62891705417877,130.1582522176658
33.62891997337812,130.15825680870478
33.62892325230632,130.15825992215775
33.62893482927899,130.1582661607548
33.62894758616221,130.15827291826065
33.62895455860604,130.1582784697756
33.62895955883664,130.15828380005735
33.628965667031935,130.15829313861752
33.628970694242184,130.15830202302004
33.628981108391486,130.1583333329171
33.62898346821254,130.15834046723887
33.62900005440906,130.15838968893308
33.62900255902093,130.15840011657224
33.62900341427621,130.15840871588955
33.62900053194903,130.15841975416834
33.62899661270359,130.15842883282448
33.62899586536696,130.1584360831588
33.62899625207541,130.15844330741277
33.62900380188398,130.15846380026426
33.629011775273284,130.15848399544006
33.629025828978854,130.15849613538842
33.62904386488253,130.15850922232278
33.62904994609818,130.1585156416836
33.62905505424743,130.15852182901926
33.629059333221676,130.1585295586923
33.62906227940073,130.15853761302048
33.62906349528413,130.15854427969487
33.6290636130953,130.1585503114478
33.6290589995732,130.15856177690455
33.629052494776886,130.15857024582021
33.62905197317008,130.1585891046036
33.62905233289888,130.1586131389853
33.62905644100198,130.15863530457568
33.62906246825838,130.15866121943975
33.629068667285196,130.1586807778956
33.62907400026495,130.1586958370433
33.62907855892843,130.15870625209197
33.629083053739976,130.15871557716218
33.629086053878325,130.15871910520264
33.62908994614418,130.15872143984268
33.6290935587208,130.15872224383656
33.62909616225812,130.15872202260334
33.62910046821207,130.15871713388867
33.62910519774675,130.15870922165334
33.629110694403096,130.15869525338326
33.62911553185637,130.15867924814881
33.62912016156628,130.15867036284703
33.629125332668025,130.15866341108756
33.62913216211962,130.1586578595726
33.62913989179265,130.15865399518577
33.629148332829345,130.1586508043912
33.62915544107079,130.15864933939554
33.62916013463257,130.15865046714543
33.62916313477092,130.15865280178548
33.629166775226565,130.1586586123052
33.62916925195947,130.15866364491137
33.62917591863379,130.15866250277236
33.62918319774644,130.15865930028656
33.62918716195799,130.15866002603946
33.62919044088619,130.1586619200117
33.629198306356784,130.15868102520926
33.629210252051564,130.15870033725082
33.62921549509906,130.15871491616053
33.62922146839611,130.15873136206278
33.629229054177586,130.15874496790605
33.62923605360106,130.15875581103194
33.62923789181531,130.15876138772796
33.62923822456446,130.1587671982477
33.62923182858606,130.1587828923167
33.629222026875084,130.15879894881255
33.62921838731876,130.15881050600012
33.62921558593058,130.1588209992898
33.629214918633636,130.1588271335654
33.629214945613285,130.15883144041868
33.62921633326721,130.15883639388449
33.62921861304858,130.15884046691406
33.62922641376804,130.15884719833957
33.62923394559016,130.1588545529953
33.62923702666751,130.1588589488814
33.62923922461056,130.1588639688971
33.62923982895501,130.15887486418364
33.629238774949556,130.15888888461438
33.62923933342853,130.15889330658092
33.62924064014351,130.1588971727664
33.6292436402818,130.15890166038344
33.62924716202696,130.15890464343465
33.6292508924148,130.15890622624136
33.62925386467418,130.1589064195956
33.62925997286948,130.15890345003424
33.62926616200383,130.15889994807424
33.629271585815104,130.15889933923313
33.62927761307145,130.1589003626617
33.62928730596445,130.15890481160784
33.62929669398727,130.15890900064994
33.62930666656945,130.15891710803817
33.62931646828042,130.15892605719182
33.629321919071344,130.1589322831984
33.62932646784225,130.15893836621274
33.629331612863666,130.15894953309453
33.62933602673627,130.15896350226387
33.629340721197366,130.1589803627536
33.62934400012557,130.1589957456572
33.629346467865275,130.15902988302275
33.629346973284214,130.15906360580084
33.6293496667538,130.15908525338182
33.62935272085144,130.1591128265958
33.6293623867648,130.1591396632649
33.62936594628144,130.15914535687284
33.629390558927184,130.15917302181754
33.62944186524993,130.15921391668894
33.62946453176278,130.15923352820482
33.62947927884568,130.1592651879381
33.629493559180446,130.15929577208226
33.6295358291153,130.15937435844
33.6295701976066,130.15944269792226
33.62958472075832,130.15947153018703
33.62960513536876,130.1595184442209
33.62961744079229,130.15956518828284
33.629623306170686,130.15958863810522
33.62962925158877,130.1596039949285
33.62964377474049,130.15962907881897
33.62966108129393,130.1596437737412
33.629675865249055,130.15965355386845
33.629680467979256,130.15965771683022
33.6296811352762,130.1596633070161
33.6296810813169,130.15966817144897
33.62967430582461,130.15967771685325
33.62966080160476,130.1596823870326
33.62965072110393,130.1596831127855
33.629645972683534,130.15968866430046
33.62964386467269,130.1596959137355
33.62964455894928,130.15970389072208
33.62964846830221,130.15970955914895
33.62965380218128,130.15971444876288
33.62965786531828,130.15971291811672
33.629662585859705,130.1597057460234
33.629670053829955,130.159701050663
33.629682252234204,130.15969155562084
33.629700360083575,130.15969094677985
33.62971574838315,130.15969907934914
33.62972172078082,130.15970321712985
33.629727775016875,130.15970488986886
33.62973780155835,130.1597091049913
33.62974246814042,130.1597163939964
33.629744999732,130.15973243790177
33.629744918792994,130.15974450140766
33.62973805426782,130.1597581711028
33.6297365586953,130.15977496774065
33.62973780155835,130.15978866441537
33.62974233324212,130.159805641817
33.62974686492595,130.15982177655383
33.629752829229744,130.15983549930888
33.6297581622095,130.15984041500326
33.62976553215361,130.15984542242836
33.629770829160464,130.15984547279038
33.62977694634907,130.15984389088294
33.629852694446356,130.15977805421392
33.62991025195663,130.15971593983886
33.63001433319499,130.15963917011163
33.630090027332926,130.1595805576967
33.63013105440467,130.1595674446819
33.630137721078995,130.15956910483044
33.630143721355694,130.15957635516475
33.630162748312216,130.15962888456545
33.630162613413916,130.15964830092844
33.63016174826612,130.1596659663113
33.63015561309112,130.1596795325844
33.6301501982731,130.15968992155274
33.6301514681158,130.1596947473148
33.63015877510742,130.1596964982948
33.63016413506682,130.15970141398918
33.630165494841776,130.15970377381018
33.63016338683087,130.1597101688892
33.63015730561523,130.15971572040428
33.63015391876837,130.15972058393788
33.630153864809074,130.1597262002041
33.630158440559626,130.1597374714072
33.63016110794882,130.1597447730029
33.63015972119422,130.1597527760698
33.6301359458173,130.15978394297463
33.630100080854106,130.15981403429032
33.629965919091944,130.15988075229495
33.629887829160054,130.15990802873262
33.62983682860681,130.1599105837065
33.62982533257309,130.1599160830608
33.62982255906388,130.15992169932701
33.62982253208423,130.1599280539366
33.62982516170189,130.1599337484438
33.62983049468164,130.15993627823673
33.62986666721298,130.1599495333444
33.629874666682554,130.15995775584577
33.6298786129077,130.1599697797816
33.62988044122943,130.1599851617858
33.62988030633113,130.16000447472675
33.62988082883726,130.16001814532126
33.62988349532708,130.16002533090432
33.629890829298404,130.16003033743016
33.629900161563285,130.16003605711842
33.62990816193218,130.16004581116533
33.62990941378848,130.16005625229423
33.629908667351174,130.16006756216836
33.62990861339182,130.16007230879006
33.629911892320024,130.16007722358506
33.62991589160515,130.1600796634458
33.629921224584905,130.16008297025292
33.629922559178794,130.1600917773137
33.629921134652704,130.1600966408473
33.6299197478981,130.1601054991695
33.6299229998466,130.16011756177613
33.629929640440594,130.1601256682651
33.629936945633574,130.16012980514643
33.62994235955233,130.1601291045746
33.62994708099302,130.16012269780435
33.62994919799712,130.16011469473744
33.62996272110274,130.1601011932156
33.629989027171916,130.16008542180487
33.629993135275015,130.1600797803576
33.629993108295366,130.16007505801758
33.62998719795087,130.16006442263506
33.62998466725861,130.16005152995422
33.629984748197614,130.16003795109066
33.629987494727175,130.16002983111184
33.630034693846085,130.16000866376885
33.63008997337363,130.15998442344244
33.63016161336782,130.15992422822058
33.63017033319437,130.1599210248355
33.6301784405826,130.1599220230829
33.63018708126884,130.15993089489496
33.63019505375877,130.15993664066355
33.630209828720695,130.15993766499128
33.630220559431336,130.15993616132482
33.63022433298664,130.15993483842215
33.63022936019689,130.1599330613618
33.63022933321719,130.1599290791637
33.63022758583446,130.15990730208034
33.630236999937665,130.15990097265183
33.630242386876716,130.15989705610434
33.630246494979815,130.15989138767748
33.63025127937311,130.15988024597664
33.630262775406834,130.15987313863445
33.630272224583564,130.1598691699263
33.630286252208805,130.1598661086341
33.63030844118168,130.15986644587986
33.6303232790961,130.15986177659977
33.63033125158603,130.15986513556766
33.63033525177053,130.15987155582775
33.630335134858626,130.15988202303697
33.63033169405247,130.15989163409165
33.63033372112437,130.1598957197118
33.630337054011875,130.15989569363137
33.630342467930575,130.15989661543654
33.6303518289738,130.1598967188586
33.630359892295246,130.1598983915976
33.63036849520995,130.15990658891803
33.63037922502127,130.1599180291937
33.63039246843772,130.15993180321016
33.630397081060494,130.15994630387888
33.63039700012149,130.15995999965435
33.630396829250344,130.15997530521622
33.63039194593159,130.15999938995992
33.63038849523292,130.1600090010146
33.630387107579,130.16001786023617
33.6303870536197,130.16002185502464
33.6303869726807,130.16002508359077
33.630389053711895,130.16002505840981
33.63043005380399,130.16001108924047
33.630438748449535,130.16001444910762
33.63044274773466,130.1600184951575
33.630444747826914,130.16002333261076
33.63045010778632,130.16002900103763
33.630453386714464,130.16003230874412
33.63045880243186,130.16003396889266
33.63049989155678,130.16001516227004
33.63051341376308,130.16000403405894
33.63051938706013,130.16000730219525
33.630524026662556,130.16001308663465
33.63053991858243,130.1600422435548
33.630556612697546,130.1600561093021
33.63056377489835,130.16007791156642
33.6305662786109,130.16009966256945
33.63056689194855,130.16010936355633
33.630566828995995,130.16011571996455
33.6305620266163,130.16012450094502
33.6305289729338,130.1601450837287
33.63050066677238,130.16015914372952
33.6304925863638,130.16016236060455
33.63049046756106,130.16017033669175
33.63049044058141,130.16017832716818
33.6304896941441,130.16018878088755
33.630486891856606,130.16019927417722
33.63048013525008,130.1602128017795
33.63047519797203,130.16023202298948
33.630473161906934,130.160237665336
33.63047046843741,130.16024005213671
33.630457081129464,130.16024610907073
33.630392278680745,130.1602753046617
33.63037897321112,130.16028233466204
33.63037164013912,130.1602913620568
33.63036989185707,130.16029763932465
33.63037055915402,130.16030321691994
33.630414107924764,130.16031583710628
33.630421387037416,130.16032472060942
33.63042802673209,130.16033447465634
33.63042805371174,130.160337690632
33.630427252415814,130.16034169891032
33.63042322525172,130.16034486362457
33.630415161930216,130.1603511930532
33.63036746818415,130.16035391709966
33.63036072057088,130.16035538299457
33.63035933291695,130.16036347599368
33.63036255878512,130.16037228305447
33.630371278611676,130.1603821144431
33.6303724953944,130.16038858596448
33.63037253226662,130.16039255467274
33.630366414178695,130.16039649819993
33.630354359666,130.1603987806792
33.630316107902104,130.1603959136405
33.630306000421626,130.16039491629238
33.63030072140123,130.16038763897836
33.63029938680728,130.16037958465017
33.630301494818184,130.1603699735955
33.63030558583415,130.16036033735975
33.630309026640305,130.16035155637928
33.630309134558956,130.16034111525028
33.63030855899285,130.1603338909963
33.63030186533888,130.1603305059482
33.63029174796583,130.1603303890363
33.630269612952304,130.1603334107583
33.63021769419129,130.16035202312742
33.63021302670984,130.1603535798539
33.63021297275054,130.1603591961201
33.63021561316009,130.1603616341821
33.63022363960931,130.16036499404925
33.63023441438679,130.16036910485036
33.630239053989214,130.16037489018913
33.630239640347156,130.16038286627634
33.63023889211121,130.16039255467274
33.63023410771797,130.16040294364097
33.630221919206235,130.16041319141573
33.63017344125137,130.16043435785934
33.63017069382249,130.16043914405134
33.63016794639367,130.16044875510602
33.6301698646476,130.16045208799358
33.630174586088344,130.16045688677593
33.63018264041659,130.1604577816014
33.630312828973956,130.1604594156696
33.63035533273245,130.16043572033232
33.63039572128554,130.1604242539762
33.63043813511189,130.16041508358933
33.63046558601803,130.16041946778432
33.63048905382681,130.16042538262536
33.630504999706034,130.16043674376078
33.630515639585155,130.1604498046148
33.63052027918758,130.16045783376205
33.630522945677455,130.16046513625713
33.63052289171816,130.16047075162396
33.63052146809133,130.1604739945792
33.63051616209128,130.1604755513057
33.630504026639585,130.16047944177285
33.63041589217971,130.16050002635518
33.630266000375684,130.16051841839032
33.63016191913732,130.160527613059
33.630147054243196,130.16053216632645
33.63012955883215,130.16054085557607
33.63011941358013,130.16055119328303
33.63011930566148,130.16056002642415
33.63011925170218,130.16056649794564
33.630119161769926,130.16058094735286
33.63011899989198,130.1605937743833
33.63011761313737,130.16060185479182
33.63011353201392,130.1606106357723
33.6301067754074,130.16061383915746
33.63010069419175,130.1606201434049
33.630094559016754,130.16063216644136
33.63009238715398,130.16064499437107
33.630093053551604,130.16065221772578
33.630096972797105,130.1606586640662
33.630106305961306,130.16066610865403
33.63013372089455,130.16067769102267
33.6301404136492,130.1606825806366
33.63014444081335,130.16068902697702
33.630149693753424,130.1606948123158
33.63015774808167,130.16069805437178
33.63016244074407,130.16069810563317
33.63020819824982,130.16069141377784
33.630236305661015,130.16070224431314
33.63027782915856,130.16070994790584
33.630296080899484,130.16072688663655
33.63030777478406,130.1607376650113
33.63031780222485,130.1607418936236
33.630326585903276,130.16074438384635
33.63032913458193,130.1607500522731
33.630330441296906,130.16075727562782
33.630330333378254,130.16076771675682
33.63032894572433,130.1607749679904
33.630326225275155,130.16078297015804
33.63032416223035,130.16078858642413
33.63031941380996,130.16079252905206
33.630306000421626,130.1607931909531
33.630269108432685,130.16079269812462
33.63024689158084,130.1607996885549
33.630242775383806,130.16080683456778
33.63023464011661,130.16081566770902
33.63022186524694,130.16081795108767
33.630207774669145,130.16081538262392
33.630189108340744,130.16080306101253
33.63017499977644,130.16079642041848
33.63014422497605,130.1607904408262
33.630131495072476,130.16078863768553
33.63012410804123,130.1607893643378
33.63011935962078,130.1607933852066
33.630118667142824,130.16079900057343
33.630119865039774,130.16081505796865
33.63012099998423,130.1608384178587
33.630120919045225,130.1608505056464
33.63012549479578,130.16086177684963
33.63012949498028,130.16086669344327
33.630132081430474,130.16087635485997
33.63012938706163,130.16087875515052
33.63012327886628,130.1608818290332
33.63012127877403,130.16088907936762
33.630119721148276,130.16090277604235
33.630120946024874,130.1609220494131
33.6301184953723,130.16097189433754
33.63011980208722,130.16097994776646
33.63012433287173,130.16099533067006
33.63013238719998,130.16099944237044
33.630137721078995,130.16100350191016
33.63013966721195,130.16100994825058
33.6301409190682,130.16102124463475
33.63013682895155,130.161029273782
33.63012735998973,130.16103160842204
33.630120667235076,130.1610379513404
33.63012061327572,130.16104352803643
33.63012253242897,130.16104922164436
33.63012789238837,130.16105413733862
33.6301365861346,130.161058249039
33.6301412248377,130.16106469537942
33.6301438022947,130.16107596568338
33.630143694376045,130.16108642030213
33.63013966721195,130.16109044117104
33.6301295858118,130.16109357980497
33.630126198065625,130.16109836599685
33.63012613511307,130.1611015819725
33.63013010831787,130.16110316477932
33.6301368019719,130.16110654982742
33.630145494818805,130.16111066062854
33.63014958583477,130.16111386491298
33.630152801810425,130.16112438428297
33.63015274785107,130.16113247728208
33.63015474794332,130.1611333073563
33.630162161954274,130.1611349684041
33.63017274787404,130.16114316482526
33.630180107925696,130.16115041515957
33.630187440997645,130.16115294405324
33.630195559177764,130.1611538388786
33.63020627909657,130.16115481194504
33.63020961288339,130.16115403403148
33.63021564013974,130.16115094665895
33.63022110801779,130.1611477819447
33.63022713527414,130.16114383931676
33.63023516172336,130.16114472065237
33.630240586433956,130.16114713443278
33.63024316209231,130.16115369588647
33.63024719824966,130.16116250294726
33.63024913538936,130.16116980544223
33.63024905355104,130.1611738002308
33.63024630612216,130.1611802717522
33.630235468392186,130.1611889106398
33.63022605428904,130.16119610881344
33.63021258604209,130.16120399496845
33.63020441390262,130.16121108882078
33.63020644097452,130.16121678332797
33.63021241427157,130.16122005236355
33.63022116197709,130.16122019535578
33.6303098917881,130.16120758776003
33.63031997318825,130.16120522703966
33.63032394639305,130.16120778201355
33.63032789171888,130.16121819706223
33.6303264411124,130.16122953301658
33.630323774622525,130.16123505755195
33.63032372066323,130.161239883314
33.63032705355073,130.16124158213336
33.63033446756168,130.1612416082137
33.63037549463343,130.16123011667662
33.630385639885446,130.16122216577037
33.63039235961975,130.16121822314255
33.630398413855744,130.16121824922288
33.63040369377552,130.16122477290503
33.630411667164765,130.161233748139
33.63041364027731,130.16124418926802
33.630407468230146,130.16125221841526
33.63040549511754,130.16125538312951
33.630409414363044,130.16126031141425
33.630412865061714,130.1612611405892
33.63042153182829,130.16126438444383
33.63046180167089,130.1612617251485
33.630468559176734,130.1612593896092
33.63047330579849,130.16125374816204
33.63049633293946,130.16123153041087
33.63050782897318,130.16121396934932
33.630517333008584,130.16120600495321
33.6305422793028,130.16119907927418
33.63055227886463,130.16119919618598
33.63055833310062,130.16120247691288
33.63056227932577,130.16120978030722
33.6305641975797,130.1612267828898
33.6305619996366,130.16123802891195
33.630559252207775,130.16124516233447
33.630559225228126,130.1612516077755
33.63055919824848,130.1612612188303
33.63055310803958,130.16126763909028
33.63054158592553,130.16127066081242
33.63053355857693,130.16127138836396
33.630530161837555,130.16127702981112
33.63052869414395,130.16128586295224
33.630527972887705,130.16129946789624
33.63052649530158,130.16130756179462
33.63051708119838,130.16131302157874
33.63050564002333,130.16131530495738
33.63049627898016,130.16131841841036
33.63048269382131,130.16133674389573
33.630467161630236,130.16134466872154
33.630446279372336,130.16134844407554
33.63038177459924,130.16136046711188
33.63034802664015,130.1613793636668
33.63029469414488,130.16141413685295
33.630230080553815,130.16143180313532
33.63012122481473,130.16144094744186
33.63010638690031,130.1614488326975
33.630102359736156,130.16145286615688
33.6301016672582,130.1614576127787
33.6301015863192,130.16146894873305
33.6301028022026,130.16147797702706
33.63011163984038,130.16154386495748
33.63011919774283,130.16160832656306
33.630125027148324,130.1616316603729
33.63012955883215,130.16164619971244
33.630130054358574,130.16166632923773
33.63013144111318,130.16167041485778
33.63013336026643,130.16167438356604
33.63013805382815,130.16167444921655
33.63014146765465,130.16167452655827
33.63018113495144,130.1616605582882
33.63018661272207,130.16165574601598
33.63018999956887,130.1616493644267
33.63019208060007,130.1616405061045
33.63019610776422,130.1616349680794
33.63020222495277,130.1616334113529
33.63022702735549,130.1616329437054
33.630233801948464,130.1616338646112
33.63023502682506,130.16164105109374
33.63023499984541,130.16165077816095
33.63023016239214,130.16165791158346
33.630207891580994,130.1616705317697
33.630187054289195,130.1616822832109
33.63018361258372,130.16169275042012
33.6301814946803,130.16170160784304
33.63017741355685,130.1617103888234
33.63015986508577,130.1617157200045
33.63015044109005,130.16171968871276
33.6301503871307,130.1617276908803
33.63015036015105,130.16173499427464
33.63015358601922,130.16174380043606
33.630174945817146,130.16175944234442
33.63017689195004,130.1617659138659
33.63017616170055,130.1617771077274
33.63017058590384,130.16179474703006
33.630166585719394,130.16180038937648
33.630160494611175,130.161807444558
33.63015766714267,130.16181630377946
33.63015764016302,130.1618244228589
33.630162224906826,130.1618373020499
33.63017016232317,130.16185263279283
33.63017544134357,130.16186002611937
33.63018280229454,130.16186488965297
33.630189495049194,130.16186980534735
33.630192720917364,130.16187871583008
33.63019197268147,130.16188917044894
33.63018582941254,130.16190194621788
33.63016410808717,130.16192824868983
33.63015594584027,130.16194577197984
33.630154360335496,130.161967587734
33.63015427939655,130.1619796368508
33.63015089165037,130.16198516228542
33.6301454678391,130.16199719791246
33.63014327888925,130.16200766512168
33.6301431619774,130.16201963689684
33.6301471351822,130.16203177684508
33.63015174780497,130.1620463944256
33.63015155894732,130.1620592223553
33.63015013532055,130.16207367086326
33.6301433058689,130.1620904414208
33.63014110792585,130.16211214026316
33.63014563960962,130.16212836583145
33.63015405366667,130.16216299602547
33.630175891903946,130.1622011407701
33.63020019788087,130.16222311300635
33.63021458613429,130.16223333290202
33.630236999937665,130.1622388331557
33.630310333355226,130.16225827469964
33.6303177482655,130.16226153024547
33.63032497341885,130.1622761091552
33.630329586041626,130.162292243892
33.63033358622607,130.16229469544385
33.63034091929802,130.16229883322467
33.63034825237003,130.1623036958589
33.6303556672803,130.1623070818065
33.63035963958578,130.1623102717017
33.6303643331475,130.1623103373522
33.63037099982182,130.16231050642477
33.630377054057874,130.16231055768617
33.63038238703757,130.16231296966782
33.63038502744712,130.16231866417502
33.630385666865095,130.16233072588238
33.6303828645776,130.1623411930916
33.630371332570974,130.16235630439996
33.63035244141207,130.1623657463822
33.63034441406353,130.16236399540207
33.63033772130882,130.1623607263665
33.63033097279623,130.1623639171611
33.630326225275155,130.16236783370857
33.6303160269631,130.16237978030267
33.630305054334826,130.16241105062954
33.630293468368905,130.16243185464646
33.63028991874478,130.16245269823355
33.63028502733221,130.16247591423212
33.630278640347,130.16251530543707
33.63027299979916,130.1625506101226
33.63027410776391,130.16258036329316
33.63028000012196,130.16259894868256
33.630285774668835,130.16262800307993
33.630293080761135,130.1626377166574
33.63030102717073,130.1626427240825
33.63031446843803,130.1626428023235
33.630324585811024,130.16264291833602
33.63033627879628,130.16265260673242
33.63033630577593,130.16265605743115
33.63033613490478,130.162672113927
33.63033397293458,130.1626984442778
33.6303271623687,130.1627051882939
33.63031746767706,130.16271316528037
33.63031172100915,130.16271644600727
33.63030969393725,130.16272335909582
33.6303096669576,130.1627313360824
33.63031149527933,130.16273593971187
33.6303171978804,130.162739441672
33.63032389243375,130.16274185455302
33.63036977494522,130.1627528658521
33.63038116216097,130.16275878069325
33.63038491862915,130.16276574594247
33.63038774789629,130.16277380027077
33.630391441411916,130.16278302191904
33.630396224905894,130.16278654995938
33.63040286460057,130.16279466903882
33.630416134996665,130.16280975426685
33.63042563993139,130.16281557737705
33.63043325179319,130.16282036266966
33.63043405398844,130.1628329702654
33.63043008078364,130.16284430621977
33.63042997286499,130.1628546691078
33.63043361332063,130.16287533103173
33.630443081383135,130.16288697815162
33.63045055924596,130.16290080432873
33.63046674794214,130.16290905291055
33.6305618017858,130.1628864718333
33.63056580197025,130.16287503155752
33.630568721169595,130.16286700420892
33.630573639561874,130.16286136186238
33.63063135984942,130.16283697764447
33.63064091874344,130.16283710804612
33.630645640184184,130.16284180340654
33.63065030586699,130.1628532805545
33.63065119799444,130.1628625552628
33.63064722478964,130.16287508371818
33.63064422465129,130.1628865500743
33.63063449488607,130.16290130974767
33.63062389187917,130.16290688734307
33.63061427902579,130.16291011680846
33.630603801923996,130.16290880739564
33.63060086473814,130.16291335886444
33.630602720938896,130.16292024587267
33.630608386667745,130.1629215049236
33.630613054149194,130.16293189389182
33.630612108062394,130.16293880698038
33.63060144120362,130.16294547275538
33.6305783601033,130.1629577817763
33.6305744408578,130.16296805383263
33.630577198179196,130.16297494174023
33.630584864899674,130.1629750838331
33.630587640207466,130.16298313906066
33.63058564011527,130.16299457843706
33.630584414339296,130.16301516212013
33.63058710780882,130.16304046724383
33.630590667325464,130.16306005178
33.630594332962175,130.16308191969495
33.630599999590345,130.16309111526277
33.630616162206195,130.16309591404524
33.63063049470162,130.16309727561884
33.63063913538787,130.16310538300706
33.63064080183159,130.16312608270266
33.63064063995364,130.16314105101878
33.63064053203499,130.16315250298567
33.63064327856449,130.16316055821324
33.63065189227109,130.16316530483505
33.63066144127254,130.1631654469279
33.630675918558836,130.16315871640165
33.63068735973394,130.1631577559258
33.63069594556151,130.1631613361268
33.63069769384356,130.16317975424238
33.63069274757231,130.16319335918627
33.63068689208643,130.1632059398023
33.63067910755484,130.16321958521576
33.63067991874328,130.16323219191224
33.63068549543931,130.16324377428077
33.63069594556151,130.16325530538813
33.630702640114805,130.16325666696173
33.63071130598206,130.16325678297426
33.630717972656385,130.16325683513492
33.63072277503608,130.16326033709493
33.63072546760628,130.1632718286321
33.63072255919877,130.16328092077788
33.630716666840726,130.16329002641362
33.63071563981498,130.16330038930164
33.630720360356406,130.16330616115044
33.6307346667715,130.1633120490119
33.6307480270998,130.1633146426567
33.63076235959528,130.16331481172926
33.630788305935596,130.16331177741665
33.630803640275815,130.16331194558984
33.63081122515797,130.16331552489157
33.63081110824612,130.16332469527856
33.63080810810777,130.16333613465497
33.63080708108197,130.16334294432147
33.63080994632202,130.1633511146623
33.63081849527737,130.16335124506395
33.63083097337079,130.16335372179685
33.63083949534649,130.16336063578478
33.63084325181467,130.16337105083335
33.63084302698417,130.16338938980857
33.63083625239119,130.16340194614293
33.63083613458002,130.16341111473128
33.63083602666137,130.16342136160665
33.63083877498951,130.16342953284675
33.63084358636246,130.16343302221628
33.63085116225136,130.1634342542875
33.63085786489859,130.16343666716853
33.63094880164596,130.16344483840862
33.630963081081404,130.16345311307077
33.63096769370418,130.1634669779188
33.63096563965257,130.16348066110368
33.63096172130645,130.16349202313847
33.630953972747704,130.1635034112535
33.630939559313276,130.16350669287965
33.630915640044805,130.16350055770465
33.63090227881719,130.1634981061527
33.63089649527711,130.1634991439704
33.630889666724784,130.163512775894
33.63088655866778,130.163533384758
33.630889279117014,130.16355180287349
33.63089544127166,130.1635965891113
33.63090022476564,130.16360752306878
33.63090297309378,130.16361386508788
33.630915999773606,130.1636484440205
33.63091774805571,130.1636656678363
33.630913747871205,130.163687471
33.63090882857961,130.16369658922622
33.63089433330691,130.1637100781577
33.63087989199346,130.1637202458927
33.63087727856362,130.16372221810593
33.63087116227439,130.16372691256697
33.63086725202214,130.16373147932438
33.63086622499634,130.16373944192173
33.63086708115094,130.16374752322963
33.63087563999886,130.16376027201898
33.630882332753515,130.16376150498957
33.630892864713985,130.16375827462468
33.63089958624698,130.16375605689655
33.630903467720884,130.16375494173724
33.63090913524843,130.1637549938979
33.63091108138133,130.16376080441762
33.63091189167051,130.16377457843407
33.63090686535958,130.16379058366851
33.63090586531348,130.16380082964463
33.63090958580881,130.16380555108537
33.63091536035563,130.16380905304538
33.63092491924965,130.1638091699573
33.63093161290368,130.16380922211795
33.630939224765484,130.1638162521184
33.63093810780748,130.16382649809452
33.63093794592953,130.16384147900112
33.63093980213023,130.16384717260894
33.63094633300693,130.16386683538622
33.6309517748046,130.16389902661888
33.63095538738128,130.16391396885467
33.630959107876606,130.16392891109047
33.63096482936345,130.16393586284983
33.630967639744824,130.16393713359196
33.63097527858628,130.16393608318378
33.631017586292614,130.163924034067
33.63102616222767,130.16392641996833
33.63103382894809,130.16392883284936
33.63103672116779,130.16392891109047
33.63103966734684,130.16392092061403
33.63104161258042,130.16391516225497
33.63104925232119,130.16391425393977
33.63106555882854,130.16391333303397
33.63107991920293,130.16391577199533
33.63109133339839,130.16392169942696
33.631102747593786,130.16393108924842
33.63111705400888,130.163940415218
33.631130441316884,130.16394525267128
33.631218359939396,130.16396143956888
33.63124610762185,130.16397325576122
33.631257413898595,130.16397807972464
33.63127455857409,130.16398977990445
33.63128302659044,130.1640025286938
33.63128389173829,130.16401050568038
33.631283774826386,130.16402202329778
33.63127694627411,130.16403686121225
33.631264360262094,130.16404581126528
33.63126238714949,130.1640572497423
33.631261360123744,130.16406644620963
33.63126302656747,130.1640859138339
33.631280054331114,130.16411021981082
33.63129325188214,130.16412766485996
33.631309278700314,130.16415306081512
33.631313946181706,130.1641634758638
33.63131186515051,130.16417610864062
33.63131449476816,130.16420594005217
33.631321999610634,130.16421977971913
33.63133316199588,130.16424747074427
33.63135758578403,130.1642960566178
33.631359333166756,130.16431555122176
33.63136194569728,130.16433966294517
33.63136564011228,130.16435461687217
33.63137213501608,130.16436963734895
33.6313768645507,130.16437422838794
33.63139402721265,130.16438021967144
33.63140063992762,130.1643976125598
33.63140808091828,130.16441832664452
33.631415639720046,130.16442763912426
33.63141846808787,130.1644322436532
33.63145294629646,130.1644269781226
33.63145872084334,130.164427107625
33.631467278791945,130.16443749659322
33.631472829407585,130.16444788556157
33.631472693609965,130.16446741883635
33.63146377503324,130.16449369612724
33.63146274800749,130.16450286561485
33.63146172098169,130.16450966269088
33.63146638666444,130.16451900125094
33.631491162087514,130.16453083003387
33.631503495390064,130.16454243758346
33.63150527874569,130.16455277618968
33.63150138737916,130.1645630608366
33.63149930634796,130.16457450111238
33.63149927936831,130.1645836706
33.63150282899244,130.16460433162467
33.63151033293559,130.164620532012
33.63152008068721,130.1646332556203
33.63152364020391,130.16463786014924
33.631572198198455,130.16465949424037
33.63157697269918,130.1646616076472
33.63158930600173,130.16467213960766
33.6315969457425,130.1646780031873
33.631600748076096,130.16468141431585
33.631608413897254,130.1646815564087
33.63162086501097,130.16468175066234
33.63163519840572,130.16468194581523
33.63164177514784,130.1646947206849
33.63164833300419,130.16470736695146
33.631661721211515,130.16471099931323
33.63167994597279,130.16471243822855
33.63169325234179,130.1647206103679
33.63170466743651,130.16472880678907
33.631712252318664,130.16473238699018
33.63171219835931,130.16473810577907
33.63171208144746,130.16474619967744
33.631706279021614,130.16475294369343
33.631697640134064,130.16475516232094
33.631692864733964,130.16475739263967
33.63169280178141,130.16476308714687
33.63169269386276,130.16477345003477
33.631697305586215,130.16478610889192
33.631702107965964,130.1647906999309
33.63170202702696,130.1647930867316
33.63170197306766,130.1647987812388
33.63168741394304,130.1648191958493
33.63168061326974,130.1648259398653
33.63167374784524,130.16483958527874
33.631670828645895,130.16484758834554
33.63167269383979,130.16485338537552
33.63167558605949,130.1648557460959
33.631678387447664,130.16485572001557
33.631684224947094,130.16485241230907
33.63169089162142,130.1648524770602
33.63169849538929,130.16485724976235
33.631707198128765,130.16484927367515
33.631717802034984,130.1648448903794
33.631729252203286,130.16484508373367
33.63173305363756,130.16484968916188
33.63173680201186,130.16485771740975
33.631736694093206,130.16486808029777
33.63172986464161,130.16488399470063
33.63171822471634,130.1648942541666
33.63169710773536,130.16490425372842
33.63167397267574,130.16491072614917
33.63166825208822,130.16491639367666
33.631667135130215,130.16492783395245
33.63166702721156,130.164936978259
33.631670828645895,130.164938249001
33.63167569397814,130.16493830116178
33.631681359707045,130.16493836591292
33.631701586359156,130.1649283663511
33.63171602677329,130.16492852103443
33.631720748214036,130.16493321729422
33.63172341380454,130.16494474660283
33.63172053237673,130.16495499437758
33.63170969374744,130.16498011693886
33.631700026934766,130.16498905260278
33.63169891896996,130.16500166019853
33.63169305359162,130.1650142282241
33.63168725206509,130.16502097313946
33.63168613510709,130.16503133602737
33.63168900034714,130.16503939035567
33.63169741440419,130.1650578336522
33.631698161740815,130.1650750844476
33.63169427936754,130.16508535740343
33.63168653170811,130.16508866421054
33.63167677496324,130.1651011665856
33.631665305909166,130.16510902666028
33.631657387378596,130.16512494196252
33.63164761264727,130.16514542222353
33.6316340265891,130.16516591417565
33.63160897327555,130.16517929968495
33.631601305655806,130.16517917018257
33.63158772139627,130.1651973023137
33.6315750814249,130.1652097282464
33.63156344060036,130.16523138841785
33.63154789222148,130.165252866027
33.631540161649184,130.16525855963494
33.63153330611726,130.16526994774995
33.63153119810636,130.16529280222107
33.631532828577235,130.1653203889249
33.63154005373053,130.16536289178407
33.63156389206,130.16546075241183
33.63160666741385,130.1655863292458
33.631650585805914,130.16569250320651
33.63167230623202,130.1657339169867
33.63169130620889,130.16578330685422
33.631738386617315,130.1658530222992
33.631770720842155,130.1659007780985
33.63184602737232,130.16598219192463
33.63185553230704,130.16598856002406
33.63185986524064,130.16598852135326
33.63186372063427,130.16598686120471
33.63186516224749,130.16598457782607
33.63186663983362,130.1659771341375
33.631867639879715,130.16596569386172
33.63187102672657,130.16594508409844
33.63187441357337,130.16593988331897
33.63190719835859,130.16592263342284
33.631929107642236,130.16591099889354
33.63194063964886,130.16590700410507
33.631945414149584,130.16590588804638
33.63194736028248,130.16590199667985
33.63194786480216,130.16589680939035
33.631951748074755,130.16588416312368
33.63196138700846,130.16586875503913
33.63197099986178,130.16586252903255
33.631983945602656,130.1658562517647
33.63199827899746,130.16585924830576
33.63201216183188,130.16585933913723
33.632025053613404,130.16585822307854
33.63203416194705,130.16585771676023
33.632042279227846,130.16585891106
33.632043225314646,130.16586355425966
33.632043198335,130.16587272374727
33.63204405359028,130.1658956681506
33.63204836044355,130.16590488979887
33.632050197758474,130.16591005190742
33.63205061324527,130.165918028894
33.63204869409202,130.16592438440284
33.63204582885197,130.16593066077144
33.63201610805697,130.16594885855307
33.63200410840295,130.165948755131
33.631995467716706,130.16594807974013
33.63199119773566,130.1659417772912
33.6319845589403,130.16593311322265
33.631976386800886,130.1659285599551
33.631967333325804,130.16592216577544
33.63196255882508,130.16592092111364
33.631961108218604,130.16592267209376
33.63196113519831,130.16592610930252
33.63196105425931,130.16592836570157
33.631963918600036,130.16593642002988
33.63197064013298,130.16594455259906
33.63197391906118,130.1659491697185
33.63197391906118,130.16596230881362
33.63197719798933,130.16596807976316
33.63198382869081,130.1659761089104
33.63198958615055,130.16598481164976
33.63199049536513,130.16598769127904
33.63198955917085,130.1659956682655
33.631987107618954,130.16600542231242
33.63198608059321,130.1660133849099
33.63198755907865,130.1660174714292
33.63199755864048,130.16603019503748
33.631998494834704,130.16603591382648
33.63199889233505,130.16604216591327
33.63199794624825,130.1660490529215
33.631997359890306,130.1660571342294
33.631999306023204,130.16606338541692
33.632003135336504,130.16606863835705
33.6320093604437,130.16607038933705
33.63202363987915,130.1660744749571
33.63205619803517,130.1660758877921
33.63207394615574,130.1660747213714
33.63209446778552,130.16608347627152
33.63210877509994,130.16609163402177
33.632115027186785,130.1660956935615
33.632116467900744,130.16609566838042
33.63211925220179,130.16609510990145
33.63212363999406,130.16608999995356
33.63213610819491,130.16608092129752
33.63214664015538,130.16607693909953
33.63215474844293,130.16607869007953
33.63216046813113,130.1660844754183
33.63216527860476,130.16608505817896
33.63217389231136,130.16609263316855
33.632188667273226,130.1660944488998
33.63219441394108,130.16610191956795
33.632196720702154,130.16611116729655
33.6322015320751,130.16611403433524
33.63220441440228,130.16611399476506
33.632209640362646,130.16611406041557
33.63222599993003,130.1661056157816
33.63223510826367,130.166106809182
33.632240801871546,130.16611019512948
33.632245559285195,130.16611664057052
33.63224746764655,130.16612286567772
33.63224697301945,130.16612922208594
33.63224399986075,130.16614241244247
33.6322415860804,130.16614469492174
33.632236360119975,130.16614688656966
33.63223349487993,130.16614747112897
33.63223100016057,130.16615374839682
33.63223010803313,130.1661566666969
33.63222672118627,130.16616175056436
33.63222289187303,130.16616632901298
33.6322031976195,130.16617255501944
33.632193585665505,130.1661805059257
33.63219449488008,130.16618394313457
33.63220022536018,130.16618972757396
33.632205999907,130.16618977973462
33.6322194411743,130.16618985707635
33.6322451977577,130.16619972803505
33.632258026586726,130.16621588795294
33.632275666788644,130.16623664070846
33.63228963955527,130.16626299624033
33.63229858601096,130.16626788585427
33.63230953165959,130.16627099930724
33.63231980191739,130.16627328088725
33.63233016210734,130.16628535698374
33.63233574779656,130.16629596628593
33.632335054419286,130.16630169856455
33.63232625185509,130.16630664123852
33.63229153172887,130.1663186121143
33.63227308123777,130.16632450087513
33.63226502690952,130.16633277643655
33.63226508086882,130.1663393387895
33.632269892241766,130.1663449937265
33.632280107640895,130.1663477168737
33.63228794613184,130.16634763863271
33.632304080868664,130.1663461997174
33.632344640292956,130.16634374816556
33.632350865400156,130.16634433182548
33.63235561292123,130.16634267167706
33.632360918921336,130.16633927403836
33.63236758559566,130.16633761299056
33.63237382868931,130.16634044135833
33.63237955916935,130.1663496630066
33.63238425183181,130.16636060955454
33.63238761259828,130.16636586339393
33.6323909463851,130.16636530491496
33.63240189203373,130.1663728268445
33.632408612667405,130.16637686120328
33.6324095317745,130.16638258089142
33.63240902725488,130.16638830057968
33.632404694321224,130.16639858612587
33.63240077507578,130.1664077816938
33.63240082903508,130.1664140337807
33.63240313489683,130.1664244749096
33.632406973203274,130.16642785995782
33.63241599969865,130.16643199683926
33.632430828619874,130.16643778217792
33.632447081167925,130.16644191995874
33.6324561616226,130.1664500264476
33.632466829380746,130.1664701946438
33.63247038709875,130.166476419751
33.6324703601191,130.16648221768025
33.632470333139395,130.16649418855604
33.6324702791801,130.16650002605547
33.63247508066047,130.16650341110358
33.63248177521382,130.1665069130637
33.632492720862444,130.16651099868375
33.63250177523679,130.16651620036237
33.632506585710416,130.16652080399194
33.63250897341044,130.16652778183175
33.63251077475252,130.16653983094852
33.632510720793164,130.16654727643572
33.632509774706364,130.16655352762325
33.63250641393989,130.16656444899024
33.632501586379135,130.16656839161806
33.632492495132624,130.1665712838377
33.63246566655732,130.16657627777306
33.632462775236945,130.16657736685204
33.632459865030796,130.1665836710996
33.632458918943996,130.16659163369695
33.6324588649847,130.16659852070518
33.63245789191825,130.1666123351912
33.632455945785296,130.1666168866601
33.6324496667188,130.16662427998665
33.63244246764583,130.16662822261446
33.63243953225867,130.16663224438264
33.63243958621797,130.16663795058105
33.632441467599676,130.16663858640175
33.632448162153025,130.16664208836175
33.6324581976877,130.16664499407125
33.6324930536116,130.16665555121278
33.63249789196419,130.16666014315115
33.632502054026645,130.1666666668333
33.63250453165887,130.16667053211938
33.63250594629244,130.16667914402728
33.63250589233314,130.16668486371555
33.6325044138477,130.16669350170378
33.63250291917444,130.16669683459133
33.63249766713369,130.16669744523097
33.63249144112717,130.1666973930703
33.63248719812577,130.16669386502986
33.63247997297242,130.16669383894953
33.63247610768627,130.16669442260957
33.63247372088557,130.1667001431971
33.63247322535909,130.16670930009423
33.63247841444735,130.1667156160329
33.63248941405527,130.16671691285535
33.63249664010789,130.16671630401424
33.63250330588289,130.16671808017531
33.63250855882296,130.16672105063606
33.63251282880407,130.16672511017578
33.632517613197365,130.1667267829148
33.632523386844866,130.16672683507545
33.63253338730601,130.16672693939677
33.63258886468441,130.16674213973806
33.632606252176856,130.16675450091952
33.632616586286474,130.16676182859555
33.632633251623304,130.16678722365157
33.632633107731806,130.1668067191548
33.63262972088495,130.16682496819783
33.63261866731767,130.16684155619294
33.63261380198543,130.16684561573265
33.63260472063138,130.16684547274042
33.632576468429306,130.16684241234748
33.63256219798711,130.16683780781864
33.63255638656801,130.16683483825727
33.63255163994626,130.16683596600706
33.632550225312684,130.1668411407062
33.632550108400835,130.1668497795937
33.63255055896116,130.1668658369889
33.632550495109285,130.16687036327676
33.632545666649264,130.16687610904523
33.63254327894924,130.1668811929128
33.63254474844143,130.16688583701182
33.632550918690015,130.1668905062919
33.63256094613081,130.16689224378206
33.63257436041846,130.16689060971396
33.632585440965386,130.16688832723457
33.63259161301261,130.16688321728668
33.63259638661401,130.16688328113855
33.632600305859455,130.16687644629098
33.63261519773323,130.1668627244352
33.632619946153625,130.16685824940873
33.632625693720854,130.16685713424943
33.63263435958805,130.16685596603008
33.63264636014145,130.16685661534063
33.63266541407762,130.1668619204413
33.63267435963405,130.16686474701055
33.632686054417945,130.16687593997267
33.63269161312752,130.16688483786504
33.632697919173665,130.16689783396794
33.63270616235957,130.16690345023414
33.63271502697694,130.16690822293617
33.63271794617634,130.16692297001907
33.63271800013564,130.16693105132697
33.63271466724814,130.16693442288533
33.63270646812907,130.16693374839383
33.63269272109227,130.1669297796857
33.63268316219825,130.1669298570273
33.63267158612484,130.16693418906164
33.63266410826202,130.16693749676813
33.63265464019952,130.16694824906256
33.6326370539569,130.16696319129835
33.632591801870205,130.16696641986448
33.63255830572126,130.16695878102303
33.632550198333035,130.16695756244167
33.63254730611334,130.16695866411112
33.632544829380436,130.16696438379938
33.632545774567916,130.1669730217876
33.63254958589471,130.16697588792692
33.63255580200871,130.16697594008758
33.63255964031521,130.16698053202595
33.63255958635585,130.16698797661388
33.63255810787041,130.16699713441028
33.632553333369685,130.16700808005896
33.632549000436086,130.16700802879757
33.63254322498989,130.1670079766369
33.632538946015586,130.16700282711884
33.63253180180129,130.16699761284963
33.63252655875374,130.1669953051893
33.63252172130046,130.16699922173677
33.632516441380744,130.1670089748843
33.63251010835489,130.167030169207
33.63250858580267,130.16704625178318
33.63250941407824,130.16707664077444
33.63251316155322,130.1670943843984
33.63252272134656,130.16710819708567
33.632526973341214,130.16712313932146
33.632528306136464,130.1671358368494
33.63252058635601,130.16714085596584
33.63249855926114,130.16716252872777
33.632492720862444,130.16717852137174
33.63249263992344,130.16719405985805
33.63249355903059,130.16719749706692
33.63249694587739,130.16720263309514
33.63249880207809,130.16721189431348
33.63249877509844,130.16722105121062
33.632498224713345,130.16723422807718
33.632498224713345,130.16724455319365
33.63250005393439,130.16725144020188
33.63250289219479,130.1672548639209
33.632506225082295,130.16725839196124
33.63251146812979,130.1672606996217
33.63251722469022,130.1672567830741
33.63252153244281,130.16725499432255
33.63253110842396,130.16725858621487
33.63253446829111,130.16726252884268
33.63254019787189,130.1672648643821
33.63255458612531,130.16726330675624
33.63256030581351,130.1672684176035
33.63256166738711,130.1672811412118
33.63256349480952,130.16729824901506
33.63256774770343,130.16731319125086
33.63257397281063,130.1673156158231
33.63258019791783,130.16731739288343
33.63258497331793,130.1673173281323
33.63259066692581,130.16731739288343
33.632599829218805,130.16731169927561
33.63262480159335,130.1672998309225
33.63262813538017,130.16729817077407
33.632636721207746,130.1673004667432
33.632643413962455,130.16730566842193
33.63265005365713,130.16731433159123
33.6326523873978,130.16732347589777
33.63265674821042,130.16732819733852
33.6326648645919,130.16732822341885
33.632669639991946,130.16732827468024
33.63267872134594,130.1673248635517
33.6326842251969,130.16732491571236
33.63269116166782,130.16732494179269
33.632701720608,130.1673290525938
33.632710251576896,130.16733477318132
33.632749414354066,130.16736771714648
33.63276416233629,130.16737586320562
33.632766107569864,130.1673822178152
33.63276558596306,130.1673862000132
33.63276074761046,130.1673913099611
33.63272769392796,130.1674076911121
33.632707053587694,130.1674099484104
33.63269127857967,130.16740978023722
33.63268263969212,130.16741319136577
33.63268358577892,130.16741955856583
33.63269600002042,130.16742761289413
33.63269794615337,130.16743396930235
33.63269600002042,130.1674402195905
33.63269305384142,130.16744649775774
33.63268922542744,130.16745160770563
33.63260882873453,130.16745766463953
33.632561613427754,130.16744691324448
33.632551441196085,130.16745024613203
33.632542531612614,130.16745367075032
33.632531053565344,130.16746197059354
33.63251472097767,130.16747613491577
33.632459440550804,130.16755438402765
33.63244055928442,130.16757344965504
33.63240725199313,130.16759433191294
33.63235882889688,130.1676096887362
33.63227758594189,130.16768666710607
33.632205829035854,130.16775797704906
33.63217608126121,130.16778444859347
33.632140666858334,130.16780128390224
33.63210533339446,130.16781399492004
33.63208286473247,130.1678273669395
33.632000360028655,130.16791914365365
33.63198141401108,130.1679300002694
33.631962973412556,130.16793600504263
33.631951359567665,130.16793858609697
33.63193635977524,130.16793625235618
33.63191038735454,130.1679342279823
33.631860224969444,130.16790216625202
33.6318273601446,130.16788308713478
33.63180182929102,130.1678695325529
33.63178458569013,130.1678650323454
33.63165253193887,130.16783063597518
33.6316286126704,130.16782367072585
33.6315956938862,130.16781016920402
33.6315688922906,130.16779255508243
33.631542640180726,130.16776593964642
33.63148686512676,130.16771530511733
33.631413252020025,130.16765586262807
33.6313589734379,130.16763128415653
33.63131386524276,130.1676244753893
33.63127755871244,130.16761846971667
33.631267828947216,130.167619104638
33.63123186505857,130.16762150492855
33.63121889233804,130.16762247709573
33.6311365324251,130.16765710818902
33.63105644060232,130.16770552499008
33.6310041351328,130.16774710784284
33.63093574798643,130.1678043317046
33.63090744092568,130.16784472115705
33.63089664006793,130.1678636707719
33.63089416243571,130.16788330656937
33.63089425236791,130.16789635483292
33.63089455903673,130.1679281710483
33.630896828925586,130.16795680905955
33.63089702677644,130.16797147880072
33.63089308055129,130.16799024585328
33.63088705419426,130.16800508376764
33.630876197578516,130.16801422807418
33.63083674791761,130.16803433241853
33.63082182906419,130.1680419199987
33.63081227916342,130.16804277615324
33.63079994586087,130.16804214033255
33.63075074844835,130.1680346426847
33.63071999972823,130.16803341061348
33.63061486538379,130.1680471342679
33.630600558968695,130.16805138806114
33.63053089208705,130.16812252893158
33.63046002730846,130.16821988324114
33.63040105426529,130.1683382753912
33.6303561619074,130.16843442281038
33.630295386622834,130.16857975415235
33.63027494593206,130.16866338480747
33.63025961339048,130.16876968916984
33.630258919113885,130.16881377393656
33.63026091920608,130.16891099874363
33.630266000375684,130.16894197139493
33.63026874780451,130.16894841773535
33.63027427863511,130.16895569415
33.63028044078976,130.1689605064223
33.63028869386818,130.16896535736544
33.63032705355073,130.16897136213868
33.630338721354974,130.1689761087605
33.630347558992696,130.16897763940665
33.63035302687075,130.1689751096137
33.6303693333781,130.16896910484036
33.63039469425979,130.1689737219598
33.630406387245046,130.16898330693414
33.63042153182829,130.1689978336832
33.630431332639944,130.16901810620072
33.63043410794779,130.16903197104864
33.630433559361336,130.169040947182
33.630433586340985,130.16904588805733
33.630438386922094,130.16904907885203
33.63044658604116,130.1690497542428
33.63047872061651,130.16905258081204
33.63050469393653,130.16905469511812
33.630519135249926,130.1690594156596
33.63052458604085,130.16906345001826
33.63052669405175,130.16906988286883
33.6305267210314,130.16907325622583
33.63052408062185,130.16908058390186
33.63051738696788,130.1690913361963
33.63050649527861,130.1690955252384
33.63049833303171,130.16910294374588
33.630483279279986,130.1691015821723
33.630441612790264,130.1690988590252
33.630403414086345,130.1691058881263
33.630367945724174,130.16911131013887
33.63036582872007,130.16910797725143
33.63036177457627,130.16910814542462
33.6303528649928,130.16910822276634
33.63034538712998,130.16911077774023
33.630338585557354,130.16911741923354
33.63032574773513,130.16912571997602
33.63031833282486,130.16913883299082
33.63031635971231,130.16915038927914
33.6303131347434,130.1691707778092
33.63030341397143,130.16922316511705
33.6302903603119,130.16929355415425
33.63028519820341,130.169397418656
33.63028200021421,130.16941866423997
33.63027861336735,130.16942603058692
33.630273891926606,130.16943102542155
33.630269108432685,130.16943194632734
33.630265027309235,130.16943111535375
33.63025816188474,130.16942632916187
33.63025264004733,130.16942230919233
33.63025049516426,130.16941583677146
33.63024910840966,130.1694076646321
33.63024394630111,130.16936610875894
33.63023974826581,130.1693563286317
33.630237026917314,130.16935313873648
33.63023422462982,130.16935230866216
33.63023153205961,130.16935405964216
33.63023019836504,130.16935730169814
33.630222748381186,130.16936469502468
33.63021799996079,130.1693688328055
33.63021458613429,130.16936972763085
33.630212495210515,130.16936975371118
33.630209081384066,130.16936817090448
33.630182278889095,130.1693497797686
33.63017549530292,130.16934983103
33.630172693914744,130.16934985711032
33.63016805431232,130.16935564244898
33.63015466700432,130.16938852076373
33.63011846839265,130.16946411237893
33.63011855922417,130.16947639442014
33.63012246767778,130.1694804413694
33.63013222532197,130.1694834756819
33.63019194570177,130.16950391727198
33.63019674808152,130.16950688683346
33.63019822476832,130.16950980513343
33.63019727868152,130.1695161606424
33.63018997258922,130.1695190267817
33.63017972121719,130.16952367088072
33.63015594584027,130.16952538318992
33.63014819818085,130.1695247212889
33.630141802202445,130.1695299481487
33.630128720664004,130.16953868955898
33.63011353201392,130.169558365826
33.630107252048106,130.16956596599664
33.630106198042654,130.16957061009566
33.63010566744265,130.1695984180326
33.63010372130975,130.16960308731268
33.630095999730656,130.16960778177372
33.63003905375939,130.1696284697781
33.63002444067547,130.16964005214675
33.630009802410484,130.1696604406768
33.62999319822757,130.1696871343538
33.629963999938695,130.16970325560078
33.62994355924792,130.16973233517922
33.629919198412324,130.1697834499463
33.62990844072203,130.169807808084
33.62987300023883,130.1698875878419
33.62985922532306,130.16991433188093
33.62983658578986,130.16995722414663
33.62982213458389,130.16999403429736
33.629809197836266,130.17004038895288
33.62979308108589,130.1700984177079
33.62974519758285,130.1702544231032
33.62972674799107,130.1703304670774
33.62970880201965,130.17040953277376
33.62969480227338,130.170484889666
33.62967989241315,130.17055972764933
33.6296726133005,130.17059116704877
33.62966397261431,130.17062294369396
33.62965249456704,130.17065678338395
33.629638775409205,130.17069647226447
33.62962358585986,130.1707301428819
33.629608945796235,130.1707667192088
33.629600306009365,130.1707940603976
33.62959344058487,130.1708190273763
33.62958902671227,130.17084914387294
33.629585531946816,130.17087581057024
33.629582333058295,130.17093717311207
33.62957510790494,130.1710046951107
33.62956782879229,130.171047664718
33.62955963956574,130.1710907521366
33.62955572121962,130.17112333277566
33.629553586229065,130.17115364532458
33.629554829092115,130.17120741938697
33.629554413605376,130.17126455331652
33.62955158613687,130.17128797705857
33.62954789172187,130.17131452684396
33.6295393058943,130.17136408578403
33.62953027939892,130.17141610886642
33.62952491943952,130.1714664978806
33.62952022497848,130.171517833881
33.62950897266103,130.17158963665247
33.6295006944016,130.17165944202964
33.62950089225245,130.17167625215734
33.62950258567582,130.1716985598407
33.62951208071803,130.1717700262658
33.629520531647245,130.17183442312023
33.62953008064875,130.17187452658823
33.62953864039599,130.17192616116347
33.62953941381295,130.17196097302053
33.629541386925496,130.17199878141867
33.629544135253695,130.1720203372688
33.629548441207646,130.1720438914125
33.62956082936881,130.1720903368996
33.629572161725946,130.17214089498634
33.62958527923729,130.17224014326803
33.62960200033211,130.17235496780756
33.62960499957114,130.17239622600505
33.629607387271164,130.17243199743882
33.629607613000985,130.1724897536992
33.62960838731726,130.17255321705738
33.62961082897664,130.1725826329822
33.62961408092514,130.1726105317507
33.629625918701265,130.1726794935638
33.62963819804446,130.17275180265358
33.629640467933314,130.17278219164484
33.629642945565536,130.17281491617553
33.62964325223436,130.17285771671027
33.62964397259134,130.17290016920754
33.629645720873384,130.17291902709144
33.62964866705238,130.17293849471582
33.62966002728848,130.172993139322
33.629670053829955,130.17303852091106
33.6296766674443,130.1730967825905
33.62967686529515,130.17309905337868
33.62967972064263,130.17314999997257
33.629682225254555,130.17322425429597
33.62968864011867,130.17328377412696
33.62969638687878,130.17336228314286
33.6297006127931,130.17338863777547
33.6297066130698,130.1734205061515
33.629713251865155,130.1734419972504
33.62972172078082,130.17346841843278
33.629729197744325,130.17350649842626
33.62973646786378,130.1735461090658
33.629745720988296,130.17360885926155
33.629754946233845,130.17367710791223
33.629761558948815,130.1737483917749
33.629770440653374,130.17382666696722
33.62977658572089,130.1738541889198
33.629783161563694,130.17388085561709
33.629792558579766,130.17391075177989
33.62980297272907,130.17394233507082
33.62981361260819,130.17397014300775
33.629825891951384,130.17400172539942
33.62983208108574,130.1740221400098
33.62983772073426,130.17404364459856
33.62984558620491,130.174087756345
33.62984741362732,130.17410496757032
33.62984691900016,130.1741121918243
33.62984197272891,130.17411538261888
33.62979169433129,130.1741058372147
33.62978346823252,130.17410333260273
33.62977597328262,130.1740990788095
33.62976944060728,130.17409258120767
33.62975822516199,130.17407522699023
33.62972522543885,130.17400849459636
33.6297138292299,130.17398758805678
33.62969669444692,130.17397330682275
33.62967849486671,130.1739644233195
33.62961813506894,130.17395919556054
33.62960505442976,130.1739564975943
33.62958877490212,130.17395031115802
33.62952608136362,130.17391717293924
33.629474387433106,130.17389795082988
33.62946405422275,130.17389263313862
33.6294596943095,130.17388481173475
33.629452613047704,130.1738638647256
33.629448279214785,130.17385280216513
33.629441197952985,130.17384165956503
33.62942369444801,130.1738304153415
33.62940510815929,130.17382830103531
33.62938822518652,130.1738249159871
33.62937622463312,130.17382221802097
33.629286305918356,130.17383269782079
33.629284667353545,130.1738411145758
33.62920502699046,130.173840467064
33.62920500001081,130.17379627797595
33.62919741422934,130.17379224361719
33.62918810804479,130.17376422793689
33.62918155918169,130.17375447478923
33.62917072055234,130.17375111492208
33.62908522470343,130.173736199666
33.6290536396138,130.17372938999938
33.629007918980335,130.1737153830585
33.62896925172964,130.1737034760347
33.62895672057624,130.17369228307246
33.62894472092216,130.1736758884316
33.62891427887092,130.17363930041347
33.62889410797675,130.17361763934264
33.62886686481403,130.1736011934404
33.62882549510056,130.17357678314204
33.628773278663914,130.17353416337096
33.628739000104815,130.17349236108362
33.62871997314829,130.17346549923343
33.62871019841697,130.1734614792639
33.628698224843276,130.17346082995346
33.62866608127467,130.17346902727388
33.62865741360878,130.1734663041267
33.62864972080803,130.17346302160126
33.62864049466316,130.1734610889581
33.628623639569355,130.17346092078492
33.62860294616911,130.1734653049799
33.62857516161449,130.17346438407412
33.62855555909181,130.17345649791912
33.62854582932664,130.17344666742986
33.628538197679745,130.17343552482964
33.62851480181672,130.17345883255916
33.62854033267024,130.17350191997764
33.62855769408236,130.17353516161847
33.62856533292381,130.1735573928595
33.62857013530356,130.17357814471563
33.62857233324661,130.17359644591932
33.628572360226315,130.17361272364838
33.628569585817786,130.17362955895703
33.62856580236996,130.17364189405828
33.62856116186816,130.17365238734783
33.62855541430099,130.17366557680498
33.62855444123454,130.1736689492626
33.62855355899961,130.17367272371735
33.62855322535114,130.17367683541772
33.62855333326979,130.17368069980455
33.628553801816565,130.17368413701342
33.62855491877451,130.1736862000581
33.62855674799556,130.17368938995344
33.62855927868782,130.17369250340641
33.628563278872264,130.17369547296778
33.62856905431846,130.173699196161
33.62858653174311,130.17370797714148
33.62859194566181,130.17370933871507
33.628597278641564,130.17371046736423
33.62860438688301,130.1737098567246
33.62862346779883,130.17370277636212
33.6286365322502,130.17370360643633
33.62865505378778,130.17370894930866
33.62867677511315,130.1737214399925
33.628704612727745,130.1737424121826
33.62871222458955,130.1737477559542
33.62873236041014,130.1737549676177
33.62875633273859,130.1737643322582
33.62877533271546,130.1737741888278
33.628791721061134,130.17378469470793
33.628822720692085,130.173797328384
33.62884119816283,130.17380783426415
33.62884833338393,130.17381250264498
33.62885753164983,130.1738242801665
33.6288640544326,130.1738301428469
33.6288869187963,130.17383941575645
33.62889297303235,130.17384150488158
33.628916386881826,130.173849364057
33.62893158632369,130.17385535713913
33.62893758570107,130.17386189431102
33.62894410758457,130.1738698047477
33.62895344074872,130.1738757456692
33.62896427937807,130.17387907855664
33.62897197307814,130.1738811667825
33.62897900038064,130.17388306075475
33.628993667423856,130.1738896887582
33.62900855929763,130.17390549883976
33.62901789156251,130.17391469530696
33.62902180181476,130.1739169130352
33.62902586495176,130.17391880700745
33.629029748224355,130.17391941584845
33.62903461265728,130.17391980525485
33.62905135983243,130.1739165236287
33.62906827877811,130.17391236066692
33.62908741365328,130.17391316466092
33.62910480204505,130.17391267183245
33.629121026714074,130.17391358014766
33.629133494914925,130.17391466922663
33.6291432516598,130.1739168347941
33.629152531763964,130.17391780786056
33.62915930635694,130.17391819726708
33.62920280206771,130.17391335891443
33.62920391902571,130.17388800342871
33.629256972731184,130.1738831911564
33.6292860810878,130.17388055794152
33.6292871980458,130.17388452664966
33.629349946442915,130.17388447538826
33.62936097303054,130.17388856010905
33.62937630557212,130.17390046713297
33.629440613393626,130.17391722420064
33.629448801720855,130.1739185596938
33.6294548289772,130.173915357208
33.629461946211904,130.17391474656836
33.629467918609635,130.17391802909378
33.62951972135812,130.17393739329611
33.629581612701315,130.1739699739352
33.62960177460229,130.17397863800386
33.629617108043135,130.17398075230994
33.62967441374326,130.17398569408454
33.62968797282173,130.17399236075892
33.62970058581345,130.1740028018878
33.62970989199795,130.17401985663116
33.62974316241707,130.17408722394634
33.629756279029095,130.17410758819472
33.62976616167907,130.17411739260365
33.62977730607787,130.1741237481125
33.62978822474685,130.17412700365833
33.62984491890791,130.17413389066655
33.62985025188766,130.17413630444696
33.62985525211826,130.17417000024534
33.62985838715491,130.17420836622318
33.62986238733936,130.1743097279117
33.629867694238726,130.17441433165618
33.62987505429038,130.17446386541508
33.629881945795205,130.17452350215797
33.6298835321993,130.17455583728213
33.6298849729132,130.17459622583522
33.62988446839353,130.17468557707775
33.6298840268264,130.17478291789746
33.629885640210205,130.17483333299197
33.62988702696475,130.17489089499884
33.62988619778986,130.17491632872566
33.6298846671437,130.174942970242
33.62987994570301,130.17499999985023
33.62987972087245,130.1750025287438
33.62987516220903,130.17505968875366
33.62987402726458,130.1750925553772
33.62987408122393,130.17512922163633
33.629875585789705,130.17516530513478
33.62987730619278,130.17520452726717
33.629880026641956,130.1752348901781
33.6298836670976,130.17526849514502
33.62988622476951,130.17528452735917
33.6298906944001,130.1753054986499
33.629902667074475,130.17535766472452
33.6299169995699,130.1754113101839
33.629929494750456,130.1754474188633
33.62994513486012,130.17549252885715
33.62996164011764,130.17553557670556
33.62997797270532,130.17557693922447
33.629994801718794,130.1756130865748
33.63001619838889,130.17565622615393
33.630037532106485,130.17569158210085
33.63006086501696,130.1757305056584
33.630087162092934,130.1757821923943
33.630111558901376,130.1758301433465
33.630120332687284,130.17584858574367
33.6301308016952,130.17587413728165
33.63014422497605,130.17591260668155
33.63015725165587,130.17594869018
33.63017382885914,130.17598778191064
33.630192333309594,130.1760300518455
33.63020677462299,130.17606021960353
33.630222386853745,130.17608949433475
33.63025002661749,130.17613491639338
33.63027874826565,130.17618357960862
33.63031435962006,130.17625136241054
33.63035038736052,130.176315279027
33.63036258576477,130.1763293902892
33.63037119767267,130.17633888533135
33.630385639885446,130.17635319084718
33.63038672087055,130.17635447507905
33.63040202733174,130.1763651095622
33.63042169370624,130.17637968937117
33.63046216229901,130.1764204673308
33.630512440696634,130.1764692483572
33.63058574803392,130.176549493964
33.63066122543523,130.17662983130174
33.630680945769086,130.17665357969906
33.63069955903745,130.17667594044235
33.63073013508773,130.17670367103767
33.63075861301962,130.17672871625734
33.63077827939412,130.17674330685816
33.63079802670762,130.17675778234582
33.630822107854044,130.17677114087553
33.630842829133314,130.17678299573868
33.630870225180786,130.17679503226498
33.63089538731231,130.1768069779597
33.6309095588291,130.17681102490894
33.63092491924965,130.17681508444866
33.6309588021071,130.1768154216944
33.63099594590625,130.17681313921503
33.631014586154265,130.17681070025367
33.6310331346715,130.1768069392889
33.63104841415304,130.17679924828678
33.63106486455189,130.1767915563853
33.63110636017046,130.17676583667412
33.63114999977273,130.17674150461676
33.631163135270526,130.17673769059206
33.631176278862256,130.1767339170367
33.631188864874275,130.17672763886947
33.631198108106275,130.1767215297748
33.63120358587685,130.17671683531375
33.631209586153545,130.17670922165337
33.631217775380094,130.1766952533833
33.63122764004362,130.1766744754467
33.63123853173289,130.17665756189706
33.63124944140867,130.17664333282357
33.63125813515484,130.17663688738253
33.631267918879416,130.17663041496178
33.63127666658494,130.17662785998778
33.63128764011253,130.17662538325487
33.63132369393338,130.17662311336608
33.63135758578403,130.1766195592453
33.631362945743376,130.1766143323856
33.63136733263633,130.17660922243772
33.63136953237807,130.17660272393664
33.631371667368626,130.17659613460398
33.631372775333375,130.1765727243518
33.6313756936334,130.1765512449441
33.631379252250724,130.17654272386767
33.6313847210281,130.17652841835184
33.63138902698205,130.17652191985076
33.631395639697075,130.17651418927846
33.63140102663613,130.1765116603849
33.6314064954135,130.1765077564279
33.63142289185305,130.17650272382173
33.631440333304795,130.17649761297457
33.63145125197377,130.1764977172959
33.631462161649495,130.1764978342078
33.631466586313934,130.17649919578128
33.63147308121779,130.17650182899627
33.631477558942265,130.17650577162408
33.631481891875865,130.17650841832892
33.63148844073902,130.17651632876562
33.63149500039401,130.17652683464576
33.63149502737366,130.17653341138794
33.631495081333014,130.1765398829093
33.63149286540346,130.17654508368878
33.63149180240481,130.1765489750552
33.63148849469832,130.17655416324408
33.63148305379997,130.1765619711581
33.63146827883804,130.17657786038
33.631460134577594,130.17658654962963
33.631440559034615,130.17660980519838
33.63143727920715,130.17661900076632
33.631435081264044,130.17662808032173
33.63143516220305,130.17664241191778
33.63143516220305,130.17665547277193
33.631438468110844,130.17666469531946
33.63144282892347,130.1766686379474
33.631448359754074,130.17667128375285
33.63145486455039,130.17667391696773
33.63146686510379,130.17667661493385
33.63148222462502,130.17668066098383
33.631502972883936,130.17668089480753
33.631523721142855,130.17668241196384
33.63152922499381,130.1766850577693
33.63153141394366,130.17668775573543
33.63153135998431,130.17669422815618
33.631531386964014,130.17669807995253
33.63152702705071,130.17670858583267
33.631520495274685,130.1767293385882
33.631513973391236,130.17673847030426
33.63150638671044,130.1767487810315
33.63149874786899,130.17676435818862
33.63149225206581,130.17677994793632
33.63149225206581,130.17679311311178
33.63149333305091,130.1768048375733
33.631495918601786,130.17681277588895
33.631496639858085,130.17681525262185
33.63150102675104,130.17682577199184
33.63151525222713,130.17684805359488
33.63152513487711,130.17687038915722
33.63152522480931,130.17688213969905
33.63152413483101,130.17689389114025
33.63151755898821,130.17690946829737
33.63150891920134,130.17692379989353
33.63150013462359,130.17693411241942
33.63149038687192,130.176944449227
33.631488161949164,130.1769509468288
33.631485946019666,130.1769562519296
33.63148602695861,130.17696927411282
33.63148605393832,130.17698360570887
33.631483829015565,130.17699138844193
33.63148058606026,130.17700189432207
33.63147405428424,130.17701219155947
33.63146533265905,130.17702649797457
33.63146097274574,130.1770368869428
33.63145772079724,130.17704866356507
33.63145780173619,130.17707732765666
33.63145780173619,130.17710352760582
33.631462224602046,130.17713097311594
33.631467775217686,130.17716627780158
33.631475441038845,130.17719508398602
33.63148105370772,130.1772226329182
33.63148244136164,130.177241479111
33.63148466718371,130.17726386503546
33.63148758638306,130.17728399456075
33.63149300030176,130.1773099220153
33.63149799963304,130.17733111543873
33.63150946778774,130.17737260656065
33.63151933335058,130.17739364530053
33.631532467949114,130.17741594039342
33.63154558635978,130.17743693866385
33.63155002721203,130.1774408947815
33.631555468110435,130.1774448383087
33.631559801943354,130.1774448895701
33.631566386779355,130.17744494173076
33.6315729464344,130.17744238675675
33.631580586175176,130.17743856014147
33.63159036000718,130.17743080438822
33.631595225339424,130.17742805426133
33.631598721004195,130.1774263041807
33.6316011347846,130.17742564227967
33.6316061080355,130.17742483828567
33.63161113524575,130.17742444887926
33.631624224878124,130.17742593995524
33.63163227920637,130.17742846974818
33.63164158629024,130.1774310508024
33.63164663958082,130.17743208772072
33.63167999993209,130.17743328112113
33.63174113494546,130.17743486392794
33.63181402679595,130.17743847020927
33.63183513478367,130.1774395853687
33.63184280240347,130.17744358015716
33.63184933328017,130.1774476387975
33.63185813494505,130.17745810600684
33.63186689164377,130.177469882629
33.63186799960857,130.17747516164945
33.63187022543059,130.17748172490178
33.631870252410295,130.17748827466426
33.63187022543059,130.1774960573972
33.63186810842649,130.17750394265295
33.63186589159767,130.1775117253859
33.63185935982165,130.177519416388
33.631852864917846,130.17753241159153
33.63185069395439,130.17754160805885
33.631848495112024,130.17755197094675
33.631846441060475,130.17758077803057
33.63184319810517,130.1776107776153
33.63183780217287,130.1776276390044
33.6318312793901,130.17764591412765
33.63183130636975,130.17766542222148
33.6318334953196,130.17768513626004
33.63183680212677,130.17769297025438
33.63184010803462,130.17770080424873
33.6318425586872,130.17770379989054
33.6318478287144,130.17770999981667
33.63185655933279,130.17771788597167
33.63186422515395,130.17772192033044
33.63187082887572,130.17772594029998
33.63187625178762,130.1777260050511
33.63188074839786,130.1777259663803
33.63188174844396,130.17772605721188
33.63188830630037,130.17772341140642
33.63189477512384,130.17772085643242
33.63190472072631,130.17772099942465
33.63191455930951,130.17772369559214
33.63191891922281,130.17772894943153
33.631920108126565,130.17773075167293
33.63192327913606,130.177735577435
33.631927666928334,130.17774469476194
33.63193208080094,130.1777552267224
33.63193977540038,130.17778661486045
33.631948640017754,130.17781941583348
33.631949828921506,130.17784946757888
33.63194986489441,130.17787944198267
33.631947666951305,130.17789121860494
33.63194441410349,130.17790428035835
33.63193464027148,130.17792508437526
33.63192491860019,130.1779511413322
33.63192491860019,130.1779525289861
33.63192500043846,130.1779785211919
33.63192391855404,130.17800730219528
33.63192182942896,130.17801639434117
33.631918558594634,130.17802817096333
33.63191199983896,130.17804503235243
33.63190555889446,130.1780633065764
33.63190553191481,130.17807247696328
33.631905585874165,130.17808163386042
33.63190772086466,130.17809477295543
33.63191108073187,130.17810907937053
33.631915467624765,130.1781208946636
33.63192097327436,130.1781340859194
33.631949586104554,130.17819180260972
33.63197486514798,130.1782495588701
33.6319836128535,130.17826272404557
33.63199569434585,130.17827727597557
33.632000135198155,130.1782812186034
33.63200555900937,130.17828516213058
33.63201322483053,130.1782851882109
33.63202197343537,130.1782840343808
33.632027441313426,130.17827880662173
33.63203397308945,130.1782723872609
33.63205135968258,130.1782437744307
33.63206661308379,130.1782177561446
33.632079693722915,130.17820481220235
33.63208844142849,130.17819177742865
33.63208844142849,130.17817875524543
33.63208833261052,130.17816299642516
33.632090559331914,130.17815910505874
33.632092721302115,130.17815661483598
33.632101495087966,130.17815005158366
33.63210910784909,130.17814233540048
33.63210908086944,130.17813844403406
33.63210905388979,130.1781344753258
33.63210249513412,130.17812267172394
33.63209697329671,130.17810557741052
33.63209697329671,130.1780938385599
33.632099081307615,130.17808204934715
33.63210344122086,130.17807566775798
33.632106748028036,130.17807044089818
33.632109972996886,130.17806914407583
33.63211546785459,130.17806661518216
33.632126387422886,130.1780667186042
33.632139558893584,130.1780668094358
33.63214827872014,130.17806425356252
33.63215700034533,130.17806165991772
33.632163559101,130.1780578342017
33.63216902697906,130.17805403366674
33.63217333293301,130.17804880680706
33.63217769374563,130.17804230920524
33.63218205365888,130.178031920237
33.63218638659254,130.1780202200572
33.632191829289525,130.17801241214318
33.63219727918113,130.17800461681963
33.6322027479585,130.17800077761387
33.632207134851456,130.1779968610664
33.63221363964783,130.17799688714672
33.63222022538315,130.17799693930738
33.6322234953181,130.17799961119317
33.632227946062926,130.178003553821
33.63223341394098,130.17801277636863
33.63223994571695,130.1780219710372
33.63225536009685,130.17803391673192
33.63226961255265,130.1780484182999
33.63227402732457,130.1780588333486
33.632277333232366,130.17806938959075
33.63227730625272,130.17807852130682
33.63227736021207,130.1780864200523
33.63227622526762,130.17809416321518
33.632274108263516,130.17810204937018
33.63227080235572,130.17810727622987
33.632268694344816,130.17811116669702
33.632268694344816,130.17811505806355
33.632268721324465,130.1781189494301
33.63227091926757,130.17812160782603
33.63227308123777,130.1781228920579
33.63227858598799,130.17812294421856
33.63228399990675,130.1781216986575
33.632304775145315,130.1781023092742
33.63231127904237,130.17810236143487
33.63231786477769,130.17810241179689
33.63232986533109,130.1781064983163
33.63233646815354,130.1781104148638
33.632344161853666,130.17811571996458
33.63235072060934,130.1781236447904
33.632354000436806,130.17813019455286
33.63235730634466,130.17813674431534
33.63235733332431,130.1781420233358
33.63235736030401,130.17814719803482
33.63235513538126,130.17815108940135
33.63235300039071,130.17815499425762
33.63234208082241,130.17815499425762
33.63233000022939,130.1781547730244
33.632327865238835,130.17815739274954
33.632326802240186,130.1781586895719
33.632323532305236,130.1781678860392
33.63232025157839,130.1781769781851
33.63231699962989,130.17817958531964
33.63231477470714,130.178180803901
33.63230719791892,130.17818075174034
33.632298441220144,130.17818072566
33.63229622529059,130.17818321678214
33.63229513531229,130.17818583740655
33.63229516229194,130.17820155575725
33.63229519826484,130.17822119335347
33.63229202725529,130.17823296997562
33.63228877530679,130.17824591391786
33.63228874832714,130.17825380007287
33.632289892264794,130.17826166014754
33.632293162199744,130.1782694941419
33.63229872090932,130.1782774189678
33.632306332771066,130.17828272406848
33.63231291940576,130.17828277622925
33.63232822496764,130.17827766538198
33.63233582873556,130.17827252935376
33.632343467577016,130.17826739332565
33.63235330616021,130.17825566796478
33.632363134850834,130.17824275010287
33.632369693606506,130.17823749716285
33.632376252362235,130.17823367144683
33.63237841433238,130.17823374788918
33.632382748165355,130.17823372180885
33.63238608105286,130.17823639369465
33.632390440966105,130.17823775616762
33.63239369381398,130.17824169879543
33.63239705368113,130.17824566840295
33.632399278603884,130.17825221816543
33.63240255933073,130.1782587553373
33.63241027911113,130.17829286572328
33.632419161715006,130.17832693923697
33.632419161715006,130.17834396879914
33.632418197641755,130.17835830129468
33.632415972719,130.17836350207403
33.63241382873525,130.17836741862152
33.63241166676505,130.17836871634324
33.63240944094298,130.17837002575618
33.63240177512188,130.17836988276395
33.632393027416356,130.17836985668362
33.63238533281691,130.1783671344358
33.632378828919855,130.1783645012208
33.63235908070703,130.17835250336543
33.632337198403036,130.17834053159038
33.63232402693234,130.1783404407588
33.632315306206465,130.17834160807877
33.632313135243066,130.1783442278039
33.63230982933521,130.17834814525077
33.632309865308116,130.17836644555507
33.63230886526196,130.17839124525983
33.63230672127821,130.1783964460392
33.63230344055137,130.17840163422807
33.63230019759607,130.17840296972133
33.632296864708564,130.17840430611386
33.63228372111689,130.17840538260236
33.632268494695325,130.1784079123953
33.63226302681727,130.17841313925499
33.63226297285797,130.17841830136354
33.63226299983762,130.17842488979693
33.632266305745475,130.17843272379127
33.63227294633947,130.1784406360266
33.63227730625272,130.17844727572128
33.632274108263516,130.17845430572174
33.632264251693925,130.17846085638348
33.632251135081844,130.17846994763
33.63224346836142,130.17846992244904
33.632235801641,130.17846997371043
33.632225918991026,130.17846080422282
33.63221827925025,130.1784516077555
33.632212865331496,130.1784489754399
33.63220733270231,130.17844632873516
33.63219966688115,130.17844639438567
33.63219202714038,130.1784463548155
33.632185441405056,130.17844900062096
33.63218186480128,130.1784510888467
33.63217889164258,130.17845282723624
33.63217341387201,130.17845808017637
33.63216902697906,130.17846199672385
33.63216791901431,130.1784685860565
33.632167945993956,130.1784751618993
33.63219422508348,130.1784921402002
33.63222697299648,130.17851050615502
33.63223686463965,130.17851966305204
33.632246667249944,130.17852883343903
33.6322554680155,130.178539299749
33.63226202677117,130.1785484179752
33.63226861340581,130.17856021977843
33.632274000344864,130.17857202338018
33.63227730625272,130.17858243842886
33.63227953207479,130.1785902724232
33.63227953207479,130.17860202296504
33.63227949520257,130.17861250276485
33.63227625224732,130.1786255510284
33.63227180240182,130.17863605690854
33.63226635970477,130.1786425805907
33.632261972811875,130.17864649803755
33.63225541405615,130.17865044066536
33.632248829220146,130.1786530873701
33.6322345857576,130.17865302171958
33.63222261308317,130.17865302171958
33.63220949467251,130.17864905301144
33.63219630611468,130.17864377399098
33.6321657210712,130.1786398574435
33.632137279112214,130.17863722422862
33.632123026656416,130.17863328070143
33.63210991903759,130.17862930030208
33.632081495064995,130.17862805384163
33.63205410801072,130.17862800258035
33.63204753216792,130.1786305323733
33.632039892427144,130.17863319076923
33.63203225178705,130.17863844370925
33.63202680189545,130.17864496829077
33.6320246129456,130.17865275012434
33.632024558986245,130.17866061019902
33.632027918853396,130.17866328118555
33.6320300808236,130.17866583705882
33.632043198335,130.1786698048677
33.63205410801072,130.17867241200224
33.63209353159124,130.1786724767535
33.632129613291056,130.17867383922635
33.632138360097315,130.17867516212914
33.632146026817736,130.17867518820947
33.632150359751336,130.178676446361
33.63215369443748,130.17867783401493
33.63215589238058,130.17868038898882
33.63215805435078,130.17868177664275
33.63215805435078,130.17869352808395
33.63215802737113,130.17870527862578
33.63216022531418,130.17870783359967
33.63216346826948,130.17871177712686
33.63217549490321,130.178714475093
33.632188667273226,130.178714475093
33.6322160543275,130.17871182928752
33.63224336044277,130.17870930039396
33.632268494695325,130.17870927431363
33.63229258573432,130.17870939032616
33.63230674825786,130.17871321694145
33.63231994580889,130.17871719824018
33.63232430572219,130.17871985663612
33.632329802378536,130.17872250334096
33.63233636023489,130.17872900094267
33.63234289201091,130.1787355246248
33.632348359888965,130.17874474717246
33.632353801686634,130.17875255508636
33.63236366724948,130.1787826329122
33.632366081029886,130.17879372155312
33.632368027162784,130.1788153574429
33.632368027162784,130.17885719840103
33.63236797320343,130.17890031100058
33.63236472125493,130.1789265244396
33.63236253230508,130.1789500516037
33.63236033256334,130.17896053230277
33.632355891711086,130.17897092127112
33.63234172109361,130.17899444933448
33.63232525180899,130.17902586265348
33.63232086491604,130.17903236115455
33.63231541412512,130.17903758801435
33.632308829289116,130.1790402464103
33.63230227862732,130.17904289221576
33.632288108009845,130.17904280228356
33.632276027416765,130.1790415297429
33.632265107848525,130.1790519708718
33.6322509192446,130.17906233465908
33.632248694321845,130.17906635462862
33.632248721301494,130.17907021991482
33.63227822535987,130.17907158238768
33.63231319819562,130.1790716597294
33.63232594608559,130.17907522733992
33.63233180157141,130.1790768865891
33.63234716199196,130.17908214042848
33.63235369376798,130.1790873277181
33.63235805368129,130.1790925806581
33.63235908070703,130.17909538294566
33.63236027860404,130.17909914391043
33.632360224644685,130.1791070039851
33.63235586473144,130.17911481189913
33.63235258580323,130.1791213104002
33.63234819801096,130.17912664068194
33.63234497304211,130.1791305581288
33.632333973434186,130.17913313918314
33.63232416183064,130.1791331131028
33.63231213519691,130.17912914439455
33.63230122462187,130.17912652377015
33.63229789173437,130.17912658942066
33.63229572077097,130.1791264716095
33.63229355880077,130.17912780800202
33.632292413963796,130.1791318027905
33.632292413963796,130.17914741861853
33.632292440943445,130.17916444908008
33.632290225013946,130.17916836562767
33.63228916201524,130.17917224440362
33.63228910805594,130.1791788328369
33.63228916201524,130.17918797714344
33.63229019803424,130.17919197103265
33.632292413963796,130.17919841827245
33.63230113468967,130.1792101948946
33.63231210821726,130.17921936438222
33.632318666972935,130.1792298567725
33.63232630581439,130.17924033657232
33.63233391857551,130.17925868993666
33.63234053218986,130.1792769776505
33.632342748119356,130.17928481164483
33.63234377514516,130.1792900780747
33.63234382910446,130.1792992475623
33.63234380212481,130.179307107637
33.632339414332534,130.17931360613807
33.63233502743964,130.17931883299775
33.63231646813057,130.17932007765955
33.63230005370457,130.17931871608596
33.632296747796715,130.1793227504446
33.63229453186722,130.1793266669921
33.63229346796925,130.17934758792092
33.63229344098954,130.17936849535988
33.63229672081707,130.1793737482999
33.63229891876017,130.17937761268672
33.63230433267887,130.17938153013358
33.63230769434466,130.1793841894289
33.63232513489709,130.1793881446472
33.632341532235955,130.17938819680785
33.63234272113971,130.17938817072752
33.63236889231058,130.17939214033504
33.632382053888705,130.17939469530904
33.63239191855223,130.1793974193555
33.6324148917339,130.17940916989733
33.63243119824125,130.1794222442412
33.63243672097792,130.179424916127
33.63244216187633,130.17942756193247
33.632456414332125,130.17942880659416
33.63246958580277,130.17942880659416
33.632477161691725,130.17943141372882
33.632484829311466,130.17943403435322
33.63249472095464,130.17944191960896
33.63250235979609,130.17944983094503
33.63251108142134,130.1794616075672
33.63252089212551,130.17947208826638
33.63252636000357,130.17948119300274
33.63252963983109,130.1794877166849
33.63252969379039,130.17949430601743
33.63252963983109,130.1794995850379
33.632527494947965,130.17950347640442
33.63252636000357,130.17950736687158
33.63251874814176,130.17951518827533
33.63250994557757,130.1795217506284
33.632504494786644,130.1795282752098
33.63250010789369,130.17953477281162
33.63249899992894,130.1795426715571
33.632499053888296,130.1795518293535
33.632502278857146,130.17956094668045
33.63250558566432,130.1795700783964
33.63250555868461,130.17958055819622
33.632506612690065,130.17959108925743
33.63249789196419,130.17960542175285
33.632486973295215,130.17961713362388
33.63248474837252,130.1796237481375
33.63248480233182,130.17963160821216
33.63248808126002,130.17963817056523
33.632491279249166,130.17964330659333
33.632495721000794,130.17964856043272
33.6325022518775,130.17965247698032
33.63251425243084,130.17965516235597
33.63252633302392,130.17965513627553
33.63253394578504,130.179657782081
33.63254269438988,130.17966038921566
33.63255474800326,130.17966824929033
33.63256461266678,130.17967613544533
33.63258097313343,130.1796958108131
33.632592999767155,130.17971542232897
33.632601721392405,130.17972461699753
33.63261053205048,130.17973369565357
33.63263344138028,130.1797481450609
33.63265427867208,130.17976131023636
33.63266189233252,130.1797690785802
33.63266733323087,130.17977561575208
33.63266955905294,130.17978085610173
33.63267174800279,130.17978613512207
33.63267174800279,130.17980046671823
33.632671721023144,130.17981092133698
33.632675053910646,130.1798227501199
33.632678278879496,130.17983316516847
33.63269355926042,130.17985158238469
33.63270780182364,130.17986727555444
33.632717586447484,130.1798750582874
33.63272746819814,130.17988036338818
33.63275480219244,130.179885576758
33.632781081281905,130.1798882486438
33.63279091896578,130.17989214001034
33.632798531726905,130.17989616087914
33.63280513544868,130.17990269805114
33.63281169420435,130.17990919565295
33.6328160810973,130.1799184182005
33.63281936002551,130.17992625219483
33.63282366687878,130.17994841778534
33.63282805377173,130.17997070028764
33.63282808075138,130.17998771725945
33.63282808075138,130.18000077811348
33.63282363989913,130.18001255473564
33.632820360071605,130.18002175120296
33.6328116132654,130.18003605671868
33.632803945645605,130.18004916973348
33.63279955875271,130.1800648638025
33.63279630590483,130.18007922237825
33.632795667386176,130.1800908560083
33.63279516196718,130.18009883299476
33.63279522491973,130.1801184696917
33.63279849485468,130.18013547317366
33.63280174770256,130.1801524766555
33.632815946199,130.18019693913755
33.63282794585308,130.18024016864888
33.63283335977178,130.1802558627179
33.63283886542138,130.180268948753
33.63284544126418,130.18028075235486
33.63285200001985,130.18029383928933
33.632874973201524,130.18031603096017
33.63289574844009,130.1803343843244
33.632902279316795,130.18034230915032
33.63290882907927,130.18035011706434
33.63291533297627,130.18036577156317
33.632922999696746,130.1803788593969
33.63292519763979,130.18038542174986
33.6329263056046,130.18038938955874
33.63292633258425,130.18039197061307
33.632926251645245,130.18039586287887
33.63291753181869,130.1804089749943
33.632906613149714,130.18042202325785
33.63289563962212,130.18042988333252
33.632884693973494,130.18043775599767
33.63287382926387,130.18044160779402
33.63286282875657,130.18044418884836
33.632857359979255,130.1804468346537
33.63285413501035,130.18044944178837
33.632850802122846,130.18045335923523
33.632847532187895,130.18045858609491
33.632840973432224,130.1804795591844
33.63283435981788,130.18049910504976
33.63282786491408,130.18051221806445
33.63282233318421,130.18052133629067
33.63280813468771,130.18053180260063
33.63279613503363,130.1805408560757
33.63279174814073,130.1805461998473
33.63278719757119,130.18055260661754
33.63278625238371,130.18056189391632
33.63278953221118,130.18056702994454
33.63279280214613,130.18057097257235
33.63279933302283,130.18057491609954
33.63280594573786,130.18057883264703
33.63281246762136,130.18058544716075
33.63281682933325,130.18059070010077
33.63281574834815,130.18062994831348
33.63281466736305,130.18067177668127
33.63281677537395,130.1806796106756
33.632819000296706,130.18068616133735
33.63282661305777,130.1806926724289
33.63283322487348,130.18069788579885
33.632841972579,130.18070966332039
33.63285069420425,130.18072143994254
33.63285502713785,130.18073455295735
33.63285727904025,130.18074639433064
33.6328572520606,130.18075683456038
33.6328572250809,130.1807673017696
33.63285286516765,130.1807763939155
33.632849586239445,130.18078299583863
33.632844107569554,130.18078822269842
33.63284005432507,130.18079007799975
33.6328386396915,130.18079075159199
33.63282989198598,130.1807934108873
33.63282438723576,130.18079335872653
33.6328178923319,130.18079072641092
33.63281708114346,130.18079031092418
33.63281344068781,130.1807881966181
33.63280582882601,130.18078158210437
33.63279930604318,130.18077377419036
33.63278944137966,130.18075544690646
33.632779585709386,130.1807383921631
33.63277410793876,130.1807305842491
33.63276866704041,130.18072533130908
33.632762162244035,130.18072272417442
33.63276197338644,130.18072272417442
33.63275558640123,130.18072267201376
33.63274680182349,130.18072922177623
33.63274025206101,130.18073702969025
33.632738054117965,130.18074622615745
33.632738027138316,130.18075408623213
33.632745720838386,130.18077105104328
33.63275330572054,130.18078671903197
33.63275369422763,130.18079092066455
33.63275438670564,130.18079985722773
33.63275438670564,130.18081557737707
33.63275227869474,130.18082208756937
33.63275113475714,130.18082866431143
33.63274677484384,130.18083647222545
33.63274241403121,130.18084428013947
33.63273686521421,130.18085077774128
33.63273138744364,130.18085600460097
33.63271064008404,130.18086516239737
33.63269316176007,130.18086907894485
33.63267674823339,130.1808794679132
33.632659224943325,130.18089131018587
33.6326483602337,130.18089516198222
33.6326384407115,130.18089914418022
33.632632972833505,130.18090308680803
33.6326275319351,130.18090830107735
33.632616559306825,130.1809278082718
33.63260346787581,130.1809514136769
33.63259030629763,130.18096708166559
33.63257830574429,130.18098011733866
33.63257174788788,130.18099581140768
33.63256408116746,130.18101022034546
33.63251808084482,130.1810490269911
33.63250116189914,130.18108238734237
33.63247902688562,130.18112613486335
33.632466027185444,130.18113649775125
33.632441829127174,130.1811630223557
33.63243755914607,130.1811843057112
33.63243361292098,130.18120041526697
33.6324321623145,130.18121260737598
33.6324250001137,130.18121946830388
33.63239705368113,130.18123267215014
33.63238064015445,130.18123444921048
33.632350279042214,130.1812216599517
33.632346440735716,130.18122861171116
33.63234205384276,130.1812464461666
33.632331946362285,130.18128674388822
33.632336279295885,130.1812994162351
33.63233958610306,130.18131155618346
33.63233577477621,130.18132194605107
33.63232905414259,130.1813258877795
33.632322251670644,130.18133511032715
33.632319387329915,130.18135185480435
33.63231791873699,130.18136221769225
33.63230827890402,130.18137491611958
33.63229816243029,130.18138644632745
33.63228410782534,130.18141749721974
33.63226719787292,130.1814641117794
33.63226480207902,130.181509078781
33.632268586426164,130.18154946823347
33.63229502739364,130.18160763908134
33.63231769390649,130.18164169910517
33.6323855864257,130.18170691344335
33.63243753216642,130.18176280181194
33.632469252154294,130.18181586271191
33.632485639600645,130.18185333296503
33.632493333300715,130.1818874190692
33.632495721000794,130.18192136218113
33.63249472095464,130.1819594160943
33.63248844098882,130.18196464295397
33.63248938707562,130.18201238706206
33.6324929187133,130.18201374773628
33.63249564006179,130.18201761302248
33.63249558610249,130.18204702984656
33.63249263992344,130.18208155571926
33.632484440804376,130.18212302166023
33.6324733872371,130.18216849498015
33.63247182871197,130.18222219170082
33.63247902688562,130.18228549857702
33.6324909725804,130.18240083033413
33.63250344078119,130.18244802855372
33.63253089168734,130.1825051103226
33.63255305368051,130.18253228333822
33.63260886470738,130.18258652414886
33.632620919220074,130.1825963042761
33.632625693720854,130.182607276005
33.63262522517408,130.1826170822127
33.63261699997463,130.18262858634023
33.63255141421644,130.1827080027722
33.632529747749686,130.1827436707838
33.63250364043074,130.1827886377855
33.632481305767726,130.1828463041137
33.6324703601191,130.18288574568066
33.63246605416509,130.1829023867358
33.6324624676688,130.18291977962417
33.63245955926129,130.1829395332329
33.6324576940674,130.18296131031627
33.63245744135787,130.1829770556467
33.632457586148746,130.18299557718422
33.632458468383675,130.18303719780852
33.6324610269549,130.18308102536912
33.63246033267825,130.18322063612356
33.632457864938544,130.18333333286705
33.6324561616226,130.1834110252986
33.6324608920566,130.18352425444084
33.632464919220695,130.18363147880973
33.6324703601191,130.18368878091258
33.6324764952941,130.18374713432286
33.63248238675277,130.18377856023244
33.63248830609052,130.1838115824387
33.63250077519069,130.18385780759183
33.63250980168607,130.18390007842595
33.63251961328956,130.18396736660077
33.63253146815276,130.18402771740534
33.632540775236635,130.1840599742884
33.63254977475236,130.18409610904826
33.63255436039549,130.18413605693354
33.63256000004401,130.18416983097302
33.63257338735201,130.18421605702542
33.63258644101148,130.1842575616372
33.63258886468441,130.1842675620984
33.63259030629763,130.18428046736972
33.63259053202751,130.18431474682814
33.63259246826783,130.18434941569308
33.632597305721106,130.184371166696
33.63260349485546,130.18439652398047
33.63263136034908,130.18447775614356
33.63265977532842,130.18456092094982
33.632667360210576,130.1845786375941
33.63267625180765,130.18459914393543
33.63268913459592,130.18462282668213
33.63270180244626,130.18464644557707
33.63271586514509,130.1846830605748
33.63273261321956,130.18472116664861
33.632756748325335,130.18476136184745
33.63277955872968,130.18480144013438
33.63278741430776,130.1848178599563
33.632794224873635,130.18483557660068
33.63279672139163,130.18484688737396
33.632798802422826,130.18486097255595
33.63279969365101,130.1849020490904
33.632804414192435,130.18494522734045
33.63280961317315,130.18496814476418
33.63281516199021,130.1849894164285
33.632838801569505,130.18506260685388
33.6328601083074,130.18513224405785
33.632869107823126,130.185157173265
33.632880360140575,130.1851836960708
33.63290930571992,130.18523946842674
33.63301205416303,130.18539619957505
33.633030494761556,130.18543299623582
33.63305005411678,130.1854995325774
33.63314433274479,130.18569869014254
33.63322802725173,130.1859512188737
33.6332811349165,130.18614192011364
33.63331544135457,130.1862303108802
33.63333333336669,130.1862839167694
33.63344586463501,130.18662111487265
33.633509279429745,130.18683263271987
33.633523666783844,130.18687919601814
33.633539198075596,130.18691180273754
33.63358899983251,130.18703983112334
33.63362102738853,130.18712306068073
33.63363861273183,130.18714983080008
33.63367058632855,130.1871755253303
33.633681666875475,130.187187691359
33.63368527855283,130.18719907857474
33.63368425242635,130.18722130981564
33.63367891944665,130.1872362259711
33.633678531838825,130.1872567188226
33.6336813871863,130.18726574621724
33.6336925585648,130.18727869015947
33.633705251596155,130.18730389096186
33.6337069189392,130.1873244746448
33.6337084405921,130.18733749682804
33.6337211624018,130.1873660565983
33.63373446787142,130.18738552512195
33.633749000016394,130.18738852076365
33.633762279405744,130.18740802885748
33.63378522470839,130.18742805406146
33.633787667267086,130.18745683506495
33.63379697255232,130.18748627796947
33.63380353220731,130.18750830056763
33.63381286537151,130.18754347575089
33.63383030592394,130.18756616114945
33.63384505390616,130.18758725025145
33.63385563982598,130.18760427981374
33.633863251687785,130.18761155622838
33.63386816198613,130.18761883264312
33.63389066662103,130.18765374792224
33.633929973289696,130.18772119257903
33.6339508015883,130.18778900056202
33.63397836041304,130.18784027181118
33.63400016177809,130.18787844443477
33.63403033313341,130.18792632883708
33.63404146763969,130.18793518805853
33.634055891865955,130.18793494164436
33.63406561263798,130.18794379996643
33.634078413587986,130.18797311336857
33.634090918661,130.1879835535982
33.6341061082104,130.18798739280396
33.63415577506902,130.1880012450615
33.634283414048355,130.18803747065283
33.63443516205314,130.18807658936316
33.6345330271775,130.18809613522853
33.63465013509568,130.18810785969004
33.63472922507373,130.1881104668247
33.63478974764877,130.18811505786368
33.634802107930966,130.18811654983892
33.63480638690527,130.18812386492448
33.63480989156329,130.1881327763066
33.63481402664604,130.18813272414593
33.634819495423415,130.18812933909783
33.63482691932694,130.1881177558298
33.63483449521584,130.1881175615763
33.63484477536616,130.18811897531054
33.63489533255358,130.18814274978808
33.634963946329094,130.1881841365887
33.63505766737751,130.18825632876667
33.635092748131854,130.1883132558521
33.635096694357,130.18832680863534
33.63510213525541,130.18834593991323
33.63510861307208,130.18836797690062
33.635119919348824,130.18838661535005
33.63518513458632,130.18848894920575
33.63523889156164,130.18860055776963
33.63526766716916,130.18869771692619
33.63527582941606,130.18874691343933
33.63528694593583,130.18886333337616
33.63529674764686,130.18892810614727
33.63530525163611,130.18899778202206
33.63531019790736,130.18901250302463
33.63531435996981,130.18901408583145
33.63532194575123,130.18901477291354
33.63533502728973,130.18901452739863
33.635337108320925,130.18901936395253
33.635347026943805,130.1891966931729
33.63535725223545,130.1892974972817
33.63536949470648,130.1893934108773
33.63537836022317,130.18943603064838
33.63539825232755,130.18948736664868
33.63543330610224,130.18953855965685
33.63545244097742,130.1895825805717
33.63553805373823,130.18977072593827
33.63559219832132,130.18985924800597
33.6355950806485,130.189874863834
33.63559866714485,130.18988302158425
33.63560905431444,130.1898877816958
33.63561891897797,130.18990644622556
33.63561302661992,130.18992869005706
33.635611891675524,130.1899484436658
33.63562625204992,130.18999097260541
33.63563461304699,130.1900023346401
33.63564633301189,130.19000372229402
33.635652585998116,130.1900069130886
33.635653972752664,130.19001175144126
33.63564558567526,130.19005138816112
33.63564708124784,130.19006289228867
33.63565063986516,130.1900693386291
33.63565677504016,130.19007089535557
33.63566300014742,130.190070726283
33.635668531877286,130.19007316524448
33.635668558856935,130.1900763938106
33.63566527902947,130.1900879509982
33.63566541392777,130.1900937741085
33.63566677460204,130.19009538299554
33.63566946807157,130.1900953569152
33.63567630561704,130.19009021998772
33.63568180227338,130.19008855983918
33.635690135391485,130.19009655031562
33.63573313467646,130.1901641631457
33.63579158611287,130.1902492219241
33.63579833282682,130.1902736061421
33.63580038687843,130.19031208813237
33.63579499993932,130.19034481176368
33.63579974835977,130.19036802866162
33.6358086669365,130.19037841762997
33.635869891882066,130.19042243764545
33.635885387200915,130.19044722386036
33.63591105385211,130.19049741862102
33.635995694445796,130.1906063552991
33.6360004140879,130.19062204936813
33.636000720756726,130.19064425362944
33.63599246767831,130.19067883256218
33.635995224999704,130.19069916983085
33.63600969419207,130.19071866443483
33.63607986469407,130.19080583662014
33.636102559085884,130.19085489014117
33.636114333010084,130.19091936433722
33.636124495349236,130.19094372157554
33.63613353173713,130.1909592735517
33.63615477462321,130.19101070038357
33.6361729733041,130.19104817063658
33.63618530570733,130.19105958483203
33.636209305914804,130.19106311287237
33.6362139194369,130.19107472132134
33.63621408131485,130.19108756184153
33.636217693891524,130.19110444931096
33.63622582915872,130.19111880698745
33.63629410838644,130.1912467436424
33.636374586018405,130.19136522662393
33.6364148648542,130.1914180033383
33.63644702730852,130.1914417247558
33.63647210760172,130.19145583691738
33.636509026570366,130.19147832716317
33.63654577466781,130.19148683474964
33.63657325165428,130.1914967191983
33.63659444058101,130.19150795083135
33.636631559199145,130.19157238725597
33.63664789178682,130.19158786009177
33.63666005421817,130.19158752284602
33.636672197763744,130.19158202259234
33.63669091895082,130.191590362905
33.636722720777016,130.19165905312286
33.63672749527774,130.19166666678336
33.636743693866435,130.19169250340633
33.63676674798705,130.1917013356482
33.636785414315455,130.1917049158493
33.6368077750588,130.19173306103198
33.63682230630445,130.19175902715745
33.63684202663825,130.19177252867928
33.63687238685122,130.19180975431675
33.63688669416564,130.1918175883111
33.63690416169777,130.19181494160637
33.636921333352916,130.1918192223793
33.63693374759441,130.19183169867404
33.63693138687404,130.1918697795668
33.63693553184936,130.1918819204144
33.63694786515191,130.1918903371694
33.63698422474221,130.1919230221298
33.6370290271679,130.19196330726083
33.63708216181237,130.1920221921705
33.63716377528806,130.19212243780032
33.63722380233668,130.1922173927186
33.63726302716702,130.19228308729475
33.63728905444634,130.19234007823206
33.637292107644726,130.19234671882612
33.637315107806046,130.192361946147
33.63732966693061,130.1923668609419
33.63734400032541,130.1923816080249
33.637387828785336,130.1924663547386
33.63741938689526,130.19253461687913
33.6374478918068,130.1925936447809
33.637454467649604,130.19261472129244
33.6374891616955,130.19272593955054
33.63752277475629,130.19280927432862
33.63758638740188,130.19297878124587
33.637627999932306,130.19306938974057
33.6376454144044,130.19310197127902
33.63765297320617,130.19312391743495
33.637663197598556,130.19315603132588
33.6376658020352,130.19317282706436
33.637675720658024,130.1931858879185
33.6376854684097,130.19318688706528
33.637699891736645,130.1931830874296
33.63770633268115,130.1931928270874
33.637694612716246,130.1932179514473
33.637689134945674,130.19323664115814
33.63769402725762,130.19323994796525
33.63770566718284,130.19324024564094
33.63771963994947,130.1932422826053
33.63772422469327,130.19325377414248
33.63771908057117,130.19326438434393
33.63771922536199,130.19327474723184
33.637724694139365,130.1932815820794
33.63773061257774,130.193293061026
33.63773094622621,130.1933138650429
33.63773425213407,130.19333756217884
33.637741197598245,130.19335418884475
33.63776019757512,130.1933915295955
33.637772000277664,130.19343238669535
33.637779693977734,130.19346172527844
33.63780333265771,130.19352024596265
33.637817306323655,130.1935489109535
33.63782838687064,130.19357596615794
33.63783505444428,130.1936030870129
33.63784953173058,130.19366416267098
33.637854441129605,130.19370055823424
33.6378594143805,130.19376992204434
33.63786235966023,130.1938063292987
33.637867946248775,130.19381780824529
33.637879586173995,130.19382158180065
33.637887946271746,130.19383066135595
33.63788500009275,130.1938620881649
33.637877532122445,130.19387669315495
33.63788055924044,130.1938881972825
33.63789280171147,130.1938972498583
33.63789438721625,130.19390530508588
33.637893693838976,130.19392557670403
33.63788310791915,130.19395878057333
33.637883278790355,130.19397160760366
33.637886278928704,130.19397674363188
33.63789172072637,130.19398069974955
33.63789244108335,130.19399739296534
33.637883892127945,130.19401094664795
33.63787213529088,130.19403433171908
33.63786446767108,130.19410177727525
33.6378583333954,130.1941575622218
33.63785255884858,130.1942103371374
33.63783025206453,130.19433243809158
33.63779977493971,130.19439968939423
33.637756801735065,130.19452866386678
33.63774425169589,130.19456888514594
33.63774138735522,130.19459910506475
33.63774172100369,130.194625188102
33.63774894615699,130.19465399518583
33.63777119808236,130.1947444489972
33.63782535975258,130.19496396901206
33.637830467901836,130.19501717290427
33.637862532330075,130.19505177701797
33.63788661257718,130.19510749721326
33.63791202741817,130.19521807965077
33.6379232788363,130.1952283274254
33.63794316194742,130.1952631653628
33.637960305723595,130.19530688680345
33.63798261340696,130.1953405322398
33.63799497278984,130.19535355442304
33.63803105359028,130.19543861230215
33.6380478286444,130.19545442328308
33.6380596942995,130.1954604406469
33.63807949467298,130.19547050585925
33.638106828667276,130.19548619992827
33.638126360143474,130.19549732813925
33.63819482912811,130.19554455333855
33.638219440874536,130.19557007789683
33.63823697315786,130.195604967995
33.63825169416043,130.19562141389724
33.63827138661526,130.19563955861884
33.6383056130137,130.19566199670385
33.63832764010857,130.19568119273288
33.63834746836102,130.19568197064655
33.63836930569897,130.19568036265866
33.63840077477596,130.19568374770688
33.638438162291436,130.1956921401802
33.63845555877708,130.19568883337297
33.63847519817193,130.19567572035828
33.638494585756575,130.1956736060522
33.63851227901853,130.19568992155268
33.6385344410117,130.19571730231166
33.638536054395445,130.19572763911935
33.6385241617607,130.19574360568288
33.638512198079525,130.19574910503718
33.638513027254476,130.1957511411024
33.638521468291174,130.19575927367157
33.63853586463847,130.19577089471113
33.638551359957376,130.19579477261072
33.63855489159505,130.19581058359165
33.638565865122644,130.19581985740058
33.63858008070622,130.19581788608662
33.638593306136215,130.19581011684352
33.63860708105199,130.19580880743058
33.63861936039524,130.19581269789774
33.63863038698281,130.19582788564844
33.638633441080515,130.195841335909
33.638632585825235,130.19585016905012
33.63862186500711,130.1958633333262
33.63859889182544,130.19588066056406
33.63857936034924,130.19589919559144
33.63856869438979,130.1959228918281
33.63856797313349,130.195951660241
33.63857489161802,130.19600108877933
33.63858944085007,130.1960362001106
33.63861205430294,130.19609063607402
33.63863219821741,130.1961374448872
33.63865538723638,130.1961942802419
33.6386743332539,130.1962239425809
33.6387099733866,130.19629649808496
33.6387473600027,130.19634658942357
33.63877955932924,130.19641980503002
33.638816586216535,130.1964835022119
33.638882135102506,130.19655263309755
33.638929945760424,130.19661319074623
33.63898822542632,130.19668489009564
33.639030532233335,130.1967296367634
33.639113829239875,130.196800895445
33.63916649533752,130.196854942002
33.63921161342529,130.1968884696272
33.63926110761406,130.1969149681513
33.63934044130838,130.19698333281463
33.63938755858902,130.19701922205957
33.63940510795942,130.1970566671315
33.639418559119235,130.197073579782
33.639432918594366,130.197074526768
33.63945019816816,130.19708494181668
33.63947066673791,130.19711352766728
33.639500134823436,130.19716608314832
33.63953677500223,130.19724033657235
33.6395670542762,130.19732055789746
33.639596224686045,130.19738552492208
33.63963535958425,130.1974662255859
33.639640440753794,130.19748795140788
33.63964813535324,130.1975754986105
33.63965374802211,130.1975925812327
33.63966563975754,130.19760413662164
33.63969533267351,130.19762313929652
33.63971627878328,130.19765291764804
33.63972919844383,130.19769169911274
33.6397386134463,130.19770901376
33.63974394642605,130.19773674435532
33.63974963104067,130.1977663293527
33.639750927863076,130.1978099743509
33.639751586166824,130.19783861236215
33.63962861287024,130.19796027174925
33.63949194559689,130.1981099998767
33.6393480540695,130.19826805392756
33.63924972129763,130.1983799997373
33.63904416235823,130.19868749683053
33.638803332907514,130.1991266672619
33.63865389166381,130.19946805440725
33.63861638723654,130.19979221773667
