6421.613203950508,8838.25541560573
6451.126136872497,8829.796707350166
6485.904393750537,8809.608451599795
6503.290659753689,8784.9728918357
6528.220619796146,8770.970356184114
6550.5422341482,8765.285981657194
6578.549095164789,8774.117351002536
6591.539365601798,8771.538262019216
6604.513874352759,8753.430934750939
6608.168945889358,8722.807575542241
6615.961641842938,8708.82551818172
6650.765176091832,8689.655120579582
6679.314717136607,8660.620899431842
6693.870634778632,8630.560861994123
6696.254151060639,8611.88480244127
6698.042443841346,8597.873594426097
6693.913673510183,8568.817795514076
6698.078997413383,8545.466343009592
6732.602486069664,8523.492203126549
6763.777503157576,8497.571751548332
6791.295728201983,8470.108990317818
6795.354031592878,8452.180465779584
6797.0344174211305,8444.694388586415
6798.886247795023,8378.546801430417
6800.645364399821,8295.4852064367
6800.779103043026,8288.552442454267
6797.136291997979,8258.079023256189
6796.629155225326,8253.826861299276
6779.815495737657,8194.41303163623
6773.094043810878,8150.84349827269
6775.211237015772,8109.343308690563
6784.303426294787,8079.526459591843
6815.442369523841,8072.800669943054
6859.542508332359,8068.673109761801
6880.837979733404,8058.305257796423
6895.902249557155,8039.64523282794
6907.610244773259,7994.30105451485
6912.812149357821,7964.727317577402
6916.97713198959,7942.947724416974
6911.062858880179,7887.177892149697
6912.629449163963,7859.172293632713
6924.571817262225,7846.209731040441
6956.248976558417,7843.644618851641
6967.67829135218,7828.094748622638
6972.614488670235,7810.196876184076
6976.261614701502,7791.00502484635
6983.5476735371985,7767.163426584641
6994.966532075814,7764.552721280224
7030.279839141505,7759.957117148849
7044.286723132866,7744.932708068477
7047.418174006651,7726.756749984438
7033.214320752625,7695.073552333016
7027.990306324768,7683.454462009069
7013.990312213808,7655.931175360204
7012.4612506250405,7632.083174506922
6999.24073246923,7594.978794940864
6971.767684781784,7556.045364203353
6936.24424401384,7494.030679943515
6935.755331068735,7492.766308543748
6926.931727722891,7469.128823175851
6927.980988477455,7444.235636519771
6939.183319159282,7385.396337757586
6948.566188398642,7348.061608298103
6950.397336346901,7333.890705568281
6953.25841209525,7311.740535476039
6957.196124830917,7248.706362665199
6959.298500014777,7229.019745100771
6953.075799681405,7208.250113914755
6942.189669475751,7183.870696821113
6913.392256685454,7158.679205658537
6898.355102942776,7135.868698479588
6887.474402851623,7105.236192283074
6883.858163938619,7079.814993156997
6892.4755990282165,7032.405140808088
6917.197393950417,6920.089317788263
6924.454908568512,6908.189716527304
6940.578581091992,6881.748447513258
6960.105519246176,6825.995977770721
6974.141848009307,6770.518464631349
6979.1235480934065,6725.662137182762
6980.692694182761,6694.54603124816
6961.522469690664,6649.395488159311
6943.884042875759,6622.916776467019
6943.637845853069,6607.110601163185
6956.127273187585,6588.9426042250925
6967.560744903368,6568.215600875472
6964.27578600397,6548.834022587295
6963.942498641575,6546.954114681354
6951.748657872981,6512.438587732295
6949.1901133537185,6485.447306995068
6957.001242143033,6449.189582548955
6967.923899531728,6424.3023903592175
6979.394014239371,6409.6150216858505
6984.539385000535,6403.025663301807
6997.267960754091,6374.25789496682
6996.259980776646,6343.663413524426
6992.646216472747,6314.606959343075
6973.231356342548,6248.967745460664
6977.90882318205,6233.93570962567
6986.79108505234,6212.961206710289
6989.347228093471,6206.954498973136
6990.412547907207,6195.032404761827
6919.80621292252,6197.04582430343
6899.030693776939,6194.9663930082415
6898.644659578377,6194.565425254043
6883.4729598269905,6179.396131743989
6879.335448941351,6161.738539549606
6892.8529822055925,6147.237372735962
6928.159588869482,6123.4159190716255
6992.052469466515,6066.926186289674
7063.749355970748,5986.071205990947
7107.386831043806,5958.097815676428
7118.822544748945,5937.371011595832
7116.753359606662,5911.427232872623
7100.183125398563,5869.914630370436
7100.041819607603,5868.7964427599245
7092.955065770652,5812.849845279716
7074.166218914965,5772.751590137712
7068.735365877791,5761.163381219732
7043.108112461153,5731.074533835899
7008.988416018087,5679.843614407131
6986.24352182998,5654.809095134665
6975.4320852375395,5633.172740778054
6976.575821101773,5619.524960132016
7020.188066928696,5557.290296191274
7032.160564913935,5541.92468459849
7061.756216315847,5541.946375826575
7091.38293851188,5534.019310218506
7115.851469389922,5528.337749538263
7138.346638034005,5507.033647633667
7150.562220840005,5485.44524584817
7150.892502406124,5484.859966889368
7169.696307395996,5471.225362185769
7194.735424135624,5460.983820005531
7197.2645006780485,5457.566428875799
7202.7349672576565,5450.176158041091
7204.1685752675085,5429.41106027515
7208.751062970051,5403.8120107803215
7224.129566630544,5385.090858044214
7248.624069894709,5380.549782326514
7269.704589118757,5357.242471306158
7287.371886369554,5345.8864957816795
7310.433990949071,5325.693433055614
7318.422495186306,5296.707670843401
7329.263049675798,5279.646943140068
7348.638056423616,5261.452520260513
7357.747052988191,5250.060313522682
7363.174804503781,5232.718582538382
7359.193644622584,5212.812793092235
7354.681457425934,5180.366104596605
7354.124917930691,5166.717076769978
7362.67360098715,5146.850803568428
7376.745607688293,5128.076931689295
7398.260831646704,5099.3694552974575
7406.8336730324045,5081.167946013311
7407.409713035316,5070.939071524853
7397.161000754493,5055.002428834865
7382.1010486349705,5026.245805478144
7381.66756748229,5020.2070922109015
7378.988565067029,4983.294169647228
7381.8727088745845,4953.719034250265
7383.32155327071,4913.60575864177
7386.780457695869,4875.496481895822
7393.604618757916,4852.117670469842
7403.608214558804,4817.803483550408
7401.353051252855,4799.592648555432
7390.842812366243,4755.496303433677
7377.766783185297,4727.602553763409
7353.020893279296,4688.6094512897025
7332.288571027698,4625.741571358124
7308.723265218105,4593.003622157875
7274.574758371644,4576.4643616644125
7262.2649458489,4561.234730306215
7257.780059198472,4555.685526364241
7197.998708278161,4477.060712517456
7192.640913396199,4470.016055330422
7162.79318711155,4424.210712274484
7158.0876403767625,4380.103013068796
7157.697953971699,4376.451529277287
7130.671689438843,4349.965584889041
7111.332380218465,4318.094691534256
7108.59753480683,4286.727658230482
7102.564656659655,4217.124403219721
7113.984540174984,4184.689655913369
7136.19267137396,4171.612128574603
7166.385123231674,4171.079977756171
7178.812315555217,4171.73681295191
7198.226527272161,4172.786413981871
7222.203350003046,4174.079474255281
7261.4699954018615,4176.173436180621
7284.802662065544,4177.423074871476
7327.21590467169,4178.348642275651
7353.421631219995,4164.6891393026535
7372.807559793899,4135.126567923766
7382.524454111986,4105.002108087041
7378.845488874559,4060.910968373486
7360.083364089727,4017.6396816453316
7338.765642331028,3976.954556967634
7334.2277082525125,3942.814189496392
7337.686374817814,3903.5649239734407
7352.815211922679,3844.729399110908
7354.560189926636,3821.9622601020487
7380.769526457739,3804.914386673979
7401.855993803355,3778.772568774094
7407.2997143854855,3740.3571657474595
7419.262059819956,3709.094365106216
7451.742808280321,3686.3509062754
7490.776855387618,3657.112655102835
7506.184374484211,3639.501121606359
7506.995222040916,3637.1296380298477
7514.170259829408,3616.1841895327275
7522.713283686453,3571.7938603996613
7525.572094659718,3543.358832217798
7531.008246866094,3516.8973502249883
7532.745391249948,3503.250141150273
7527.654791007767,3485.192100376424
7521.380344510838,3462.8502415572602
7520.2766813217895,3423.8442788919288
7518.871252814174,3374.978556775469
7519.491221672502,3339.702041079232
7525.748836654611,3317.524000811489
7531.178865847188,3299.042289950366
7551.1261420368455,3279.709843283582
7579.063173369247,3264.9432268269666
7588.175833785226,3251.85525059649
7610.69311500508,3210.649748849388
7634.642946665801,3185.0663254387287
7651.769363031725,3146.413494824358
7721.085401692018,3077.5477861054196
7722.9497703264415,3067.8746943365213
7736.317218208694,3055.3460761874617
7758.139171774967,3047.661486067536
7783.210830250971,3038.376818602014
7809.908701224352,3026.6605758582955
7847.75446047018,3005.0629528451095
7869.198739063171,2985.2695616259507
7899.947955616435,2940.4351640986924
7908.674459583868,2927.6870219467933
7922.656336964231,2889.0632226547777
7932.000429171598,2845.784158712164
7933.9591983296705,2816.9169271598766
7935.890185697162,2788.1415424412876
7942.017356270175,2738.789361299496
7944.732488160533,2730.134252071637
7948.0934590117695,2719.3842655930453
7956.063496514264,2713.198581633439
7972.942098913254,2700.102642118434
7975.41925854401,2698.1792548808476
8002.50729603412,2683.6288293377174
8052.657053392285,2660.2556728330937
8064.203933980925,2637.403844077843
8073.122479115988,2610.299251790443
8102.5308575693,2537.3048720064685
8112.652549104959,2521.5385181095653
8134.327931719281,2505.135469072731
8134.508731890681,2504.9817104252547
8163.408766040568,2484.3329707335
8188.540248219452,2466.3921669337674
8197.835205351761,2453.0593562521767
8204.318139990894,2441.727599322667
8207.185882747513,2405.373913511283
8225.191218265827,2399.3199108556764
8235.535082264001,2395.847447560814
8243.19549101022,2393.266040760708
8286.97176831437,2377.960378923254
8307.298466637822,2370.860375654912
8364.515546107657,2348.450245831338
8381.437893154345,2341.8100722611025
8395.910212259736,2336.1540005810753
8475.032422215618,2302.054527176475
8504.596716800294,2290.280702826674
8526.781875917877,2281.45806049963
8535.28891501076,2284.300547800493
8551.435364936375,2310.9953374481765
8574.031550622289,2361.174037960414
8587.99461163886,2377.1772290665585
8600.220483314197,2375.2156295388622
8612.858215285662,2373.1624464047313
8616.958740538215,2372.5197498544576
8621.781928425718,2371.7225941860193
8632.898648349114,2369.945873169179
8657.14904094506,2387.7451917428166
8661.633154048697,2390.3980419646514
8687.66528004308,2405.795808469425
8719.830540619401,2425.6357049323688
8734.933541302242,2434.9543199176696
8746.792162312417,2439.533563399827
8755.96903078606,2443.0761907039487
8778.190563189612,2451.1681680802603
8818.022383047128,2462.7278109200383
8832.767490642345,2469.488108892352
8841.891848586758,2473.6873131041184
8875.837778310108,2491.9266160078964
8904.533441626814,2498.8238926208383
8918.10037870097,2467.071831851857
8926.6236909827,2453.3383197681383
8939.590385497377,2430.304926818016
8949.294829410252,2421.8415339557205
8958.214872803015,2424.4378037847446
8970.924333133977,2428.115793408559
9067.310346770319,2465.084874457831
9141.732497842591,2493.6234552999254
9153.061532756523,2485.130789227977
9179.0093418319,2424.891713931606
9202.522938116397,2375.9577441831116
9210.798215973515,2379.108231510625
9220.568399506175,2382.8457804944155
9277.513634716075,2404.5598587406494
9296.589128018186,2412.0955995617387
9381.398781655224,2445.5142892060176
9396.325129100247,2450.119370313648
9407.590818057035,2453.5807717992407
9447.446528514214,2465.8822796154245
9458.429409507282,2469.251594914638
9508.007109123628,2481.1624282202147
9520.382188995723,2484.138287111399
9548.79328591498,2490.969275923678
9616.74936223381,2510.8167469117598
9630.877668991074,2514.928838130899
9644.626428946494,2510.875675929561
9649.101760013524,2496.7380552570166
9645.102205302377,2448.20921298254
9651.755147991724,2447.877140283691
9669.962173808977,2446.9091132614053
9674.450030526703,2446.697770091983
9679.711091841053,2446.395438566762
9695.803431400847,2445.5792444938547
9706.14482460812,2445.0350722728235
9746.92514628005,2460.5734902025415
9759.48401316551,2460.432211220354
9816.552441171021,2485.0455018833386
9845.557841216283,2490.990613430206
9874.15154333478,2420.4659840739164
9891.624373422394,2381.725754963948
9926.837704940732,2394.2084117405498
9931.206954182557,2382.9985251424077
9934.232351988127,2375.2685663610027
9942.354234201664,2351.7999110632486
9947.951123217717,2326.0175852154484
9962.48549009894,2285.7954842858708
10004.33108015288,2170.086680367758
10049.27689729795,2049.8528454103257
10078.725215613398,1978.9900147470353
10084.66737151913,1968.9528955168362
10089.859212862355,1960.2391503599272
10104.851052651471,1928.089585962835
10118.56319231342,1886.5727455472145
10125.233338012074,1870.2813099341474
10131.490788444935,1854.944732943826
10148.272066436244,1813.9239271490928
10154.897486864422,1790.9774685261962
10158.935552689887,1776.9945453180815
10174.954248114414,1725.0963466381875
10185.625039895087,1706.376031232532
10197.273000117168,1690.6753421422643
10206.196262717962,1666.7142263137928
10209.325240573313,1658.3381031977729
10212.584654365102,1649.560134621481
10218.171215937988,1634.5616510481682
10220.706054421029,1627.755635004929
10223.964318633876,1618.9788663896254
10232.758484805112,1595.3873068778812
10235.758229383886,1587.3496008727002
10239.328015373028,1577.7408709042008
10163.685499333813,1552.9515637562363
10168.547613615227,1540.8789980929237
10169.633054143196,1538.1382687591877
10183.286200482555,1504.230665976123
10209.119923631302,1438.7265207416974
10215.249028122393,1423.2358598594185
10226.782898883675,1393.9477032197583
10232.912176464572,1378.4261327629765
10242.894436722825,1353.1111094991331
10232.73608011025,1349.2183047718495
10230.441777965143,1348.3536426140004
10213.710766639619,1341.9576760419773
10175.658967050755,1327.4375280668633
10170.709204861325,1325.5527415852293
10158.282861685286,1320.7942989903295
10115.384534108016,1304.420643525696
10068.075209771012,1287.7946896581554
10082.685705649934,1251.5478682309772
10115.324976136799,1164.0204689696156
10119.178725697095,1153.6724666171388
10143.050211893325,1091.369422527539
10125.03047676622,1083.586455368769
10088.165144088376,1067.6499908340415
10046.195938371031,1049.5209632932458
10033.950419162016,1044.240292681909
10040.254949595554,1032.5697632910815
10045.268418963724,1023.2701982318515
10057.07747065497,1002.609450795243
10063.459813709773,991.4017497251473
10078.975267503913,952.8137002524893
10024.500706961859,929.6185458606144
9988.769518988287,914.3920591148392
9920.863780841946,884.5907154765888
9884.37433612189,866.4062076355699
9830.534735327712,839.5774915904462
9829.873710113428,830.0252454479892
9836.084113216144,810.0978480969425
9854.159671582174,765.3199076846676
9860.753065426867,749.0282362034835
9865.406659000311,738.3720387169894
9869.801851250197,728.3334177455771
9892.75950638538,675.8263028107854
9898.808491985925,661.9682499567386
9904.65119964391,648.6335660631919
9911.424638133807,633.1433926777464
9918.638667037632,616.605526609892
9927.222380528036,596.3419956509637
9932.522305162363,583.8081452131713
9942.55482545456,560.0638224884402
9957.499898791782,524.7714828696785
9998.325868993697,429.6430776034273
10004.66043043474,414.8919499289628
10036.381594617713,344.7719422503395
10038.63045343085,339.81312395309584
10043.87909283535,328.2036497461133
10048.435491160564,311.84894475190276
10047.332881532157,305.5006323669977
10038.182887550687,300.06828740437743
9976.749385653726,268.64056255084154
9996.224747644617,216.99363526808784
10004.624265579627,201.78192622530054
10018.153682465203,164.1161209826844
10039.490537969014,108.74195082019499
10048.197825596608,95.41134987211535
10084.739239341767,5.608823030292534
10053.260753201084,-10.414794253878382
9935.065721214858,-55.335003528081145
9928.495802035497,-57.83697646710278
9923.385083815301,-59.78364026642634
9865.938865051046,-82.76506078921092
9825.818152469501,-98.82671014238569
9763.134962373068,-120.91961756524009
9766.315918124088,-129.3887755299275
9771.850841542971,-144.20279920999633
9807.160383217462,-216.9078199844156
9806.098590627153,-237.55202116290917
9788.41476768847,-249.0610744852769
9791.214158768731,-262.3990044443011
9809.413179296303,-301.35435488561563
9831.154133392678,-322.1292011344858
9825.56755588595,-332.33312559849
9818.125921648423,-346.02013885900857
9810.29845483159,-360.3849269137388
9795.571311233394,-387.3272544507422
9801.597575325277,-403.12696261541896
9811.387097131897,-415.81010051044467
9836.1209102126,-437.2593686786384
9866.892690188859,-459.8425029953388
9908.916589504579,-488.11345269992336
9929.293947949927,-511.6302473461769
9955.046418829601,-545.1248009210487
9964.66154286186,-563.5076512850379
10008.886125309704,-672.3128612002698
10025.51101034907,-708.7124843643342
10046.50405116792,-703.9761170890987
10071.234220061802,-695.5088179095715
10099.851349459783,-680.1666491341443
10111.571524694089,-688.6269229811618
10149.700204192097,-739.3605188219667
10170.081806852131,-765.8356113970534
10182.79943993837,-790.2543900689828
10191.258000263531,-787.3176415131409
10200.230067578139,-782.5328128322167
10213.378264298575,-775.5561764239401
10226.736837676995,-771.6600089786067
10243.664496180105,-776.8490442628997
10248.971917409906,-770.4653215792275
10261.313063310974,-755.6026201896777
10266.13089025371,-749.7739076945386
10269.505187988589,-745.7345126106645
10279.06377886768,-734.2011455487368
10293.567824417461,-716.7481352776938
10297.428764985192,-708.2704300780055
10303.141506376409,-695.7250208505448
10316.312987890811,-637.6347473823331
10319.497164427159,-623.6441971301066
10412.687630227098,-589.8687762847021
10410.121254420012,-579.1188366901966
10403.54021664374,-551.4592967004227
10397.668922402801,-537.4785015923961
10375.502740704907,-482.4458062987511
10369.63094826577,-467.8484519866066
10357.546115969573,-431.690203366438
10369.870207171114,-426.1312531495857
10384.025356951555,-419.73891359255776
10369.061157712236,-377.1698962442547
10362.367954101774,-358.1117985101515
10369.503197555596,-349.26186591523356
10367.811859371384,-335.52232345204027
10363.579354032292,-309.7397657870947
10405.8915393508,-293.14893676047893
10395.072635075536,-259.1167800460632
10404.818235291013,-255.06935391184803
10438.646420393747,-240.98363729596682
10523.975312060194,-193.07457778922313
10569.833872258658,-164.52525916819727
10575.659389181723,-160.9145698758666
10614.604577517557,-133.69768080079356
10626.92672761345,-126.936238555352
10639.257416880506,-126.70676180345104
10652.154065927025,-126.47774012950926
10682.59147866855,-125.88950748746333
10729.688818334796,-123.34092823029168
10773.433451940577,-120.18052705618159
10795.881360707368,-125.48520359752558
10830.085416611866,-148.73880871086374
10855.486215691777,-165.34744423951443
10863.714758547349,-165.2761169933096
10885.64938111287,-151.0793531552059
10909.884850261957,-140.48402216465234
10923.13846068156,-136.37104716624575
10938.232764088718,-139.99021467800284
10950.591404788933,-143.17966524218815
10965.695662944769,-155.51804120323166
10982.19540086102,-170.5955740411667
10989.535089468534,-182.04832922193302
11017.446492340669,-206.26373613833775
11022.04872787755,-215.8400496921658
11024.822686345358,-250.621154791278
11042.0357198787,-301.375188564735
11046.638060599595,-310.9825106424972
11053.50344799274,-314.1792289120875
11065.393204268024,-312.74765146269897
11070.859003417354,-310.64995260431937
11080.940557116633,-306.784392929817
11089.161410988398,-299.93511359762516
11094.17913704797,-289.42238866710466
11110.62021607715,-275.23134527033824
11127.556738570538,-265.5992761114794
11139.340905705876,-262.400096908812
11163.219867034886,-255.9143547029552
11194.786532399019,-250.3938523900381
11211.675419603138,-244.42792363235728
11229.0432909474,-228.84850274173786
11245.691231506233,-194.0449808158469
11254.374706625815,-185.3464902594641
11270.818495297794,-174.8214010889305
11294.155758728471,-167.92330984393467
11319.304259607858,-166.96940337488456
11350.4175973865,-171.524258343168
11370.095830242844,-168.75816453138953
11401.629280309147,-156.82901671100373
11424.72584906096,-143.9845218477103
11450.781071282658,-124.7283467645815
11467.69668730605,-119.22446616160465
11490.106614615848,-114.63716517330272
11517.091809362908,-117.80951380618367
11534.950648584567,-125.55210593781645
11538.490273571742,-130.47710576693356
11542.521013636117,-136.07990086020848
11564.527182785472,-181.34372339087363
11577.782671190416,-200.98460820731518
11599.524212040067,-219.25927825004788
11639.82395074315,-246.6305264510755
11652.655077737323,-255.76597271760554
11688.150082404636,-299.6260726359694
11715.631417216171,-327.96874184696907
11721.604816093664,-340.3160429217304
11751.608192102118,-385.10785212690837
11768.109471308735,-400.18413389661526
11786.40073281057,-402.4109682730689
11797.619365410716,-400.702507943424
11807.445873484916,-399.1805751584507
11820.69609157484,-392.3246997004424
11840.5958060893,-380.4073009246217
11844.798928768361,-379.07119356215264
11866.664529089467,-372.1186659980419
11906.897264279356,-365.66087731104477
11939.827011704874,-356.9317454243797
12001.75836768805,-333.53177071005916
12058.442207889728,-301.8812396288402
12139.568380436933,-240.4984398655259
12163.333774487706,-226.72806226642953
12179.810137530481,-220.7607549878011
12193.068509148306,-220.74396835903195
12212.734085470722,-228.97566929411548
12226.921045426003,-228.9576577794538
12237.903881847242,-223.89067003437214
12248.42250392091,-219.3178131192358
12263.97705610167,-219.76063734704354
12282.739452306021,-227.03806038687716
12300.351185605563,-242.57454833238
12321.393928156853,-257.6439815019921
12343.38121949205,-265.3798879316644
12363.967449445287,-267.20209393368907
12364.766971803243,-267.04705610140155
12384.082333730368,-263.0483665799919
12406.484580991273,-252.51257055687074
12427.040620832093,-230.0574345370591
12437.086478242285,-219.53850954484975
12439.97532767958,-219.13398913278687
12449.904016132483,-217.67331056080388
12459.969350658987,-221.326420917343
12481.938518088924,-234.57679789159275
12502.765491519776,-242.77537891913826
12517.866528131863,-250.98236085708
12526.133712540559,-261.04594543689655
12528.424824564892,-277.03355151561937
12528.912353674543,-295.3029437893796
12522.569684089673,-336.9661230446335
12521.935430830412,-385.4605866946942
12527.451479045865,-401.90562745816425
12537.530804382728,-416.06568207751405
12562.942816861385,-438.46126055693463
12572.578946734526,-449.8797869257123
12575.795923127927,-463.61605540304527
12577.969824537147,-548.246997024597
12581.880353385144,-579.2978874303126
12589.69483745205,-598.5128744832319
12619.006546508403,-643.1241302378618
12638.056276144775,-672.1157903513565
12654.109561271713,-697.6968825838751
12656.865403367818,-714.1765920811883
12654.599744778934,-737.0409800955488
12648.460406331396,-757.1985131313102
12637.493309433146,-773.6652271256163
12619.197707508334,-788.9514466841899
12601.85619994105,-803.4429877142595
12592.943369375622,-813.9915143963535
12592.492773318427,-824.0663359369743
12602.161145779313,-859.7311885620068
12602.22099820175,-905.4529201478904
12592.447131897248,-946.6269475266151
12592.461478886145,-957.5953980528892
12598.420719571,-978.1987907050855
12599.036051595835,-978.9993593028042
12604.390893796657,-985.9549461206316
12618.124277680552,-993.7010247852877
12619.468538395085,-995.5607562871799
12621.0191290765,-997.7031018769069
12630.038127757141,-1010.1685269486428
12646.534722452046,-1038.9537362633876
12671.511365219301,-1062.2749444131798
12717.288070439594,-1091.0212452747262
12747.278923210724,-1101.981167603738
12797.659870942005,-1139.8411279838945
12802.70403300175,-1150.3401577280308
12806.17597297655,-1180.5282978918458
12809.853667504673,-1191.522992290091
12835.048604934458,-1223.500692100098
12851.98669120789,-1234.9081926251458
12860.695873413431,-1245.895051263377
12905.353484224877,-1286.1043642684906
12920.014410391945,-1291.568433109834
12934.155457751982,-1294.7539414726957
12955.67144690292,-1294.7250099293706
12961.245767316297,-1296.1963670615842
12983.129674205116,-1301.9894556381334
12987.696236685271,-1301.9832959925106
13011.023349577605,-1287.3171028148458
13023.823811816714,-1290.5042912748024
13031.15622716657,-1295.0847614920917
13042.985952333627,-1325.0466382205864
13063.075015634711,-1375.9780413768274
13074.99758746067,-1397.898982898958
13090.572135922243,-1411.618171803205
13114.371510029712,-1421.661003132073
13138.629724955255,-1427.111760049031
13157.617568458098,-1427.9790690005495
13176.830385572752,-1422.4689587455402
13200.61412089548,-1421.0805049655955
13226.695841981016,-1421.0447068384478
13250.03217091009,-1431.518550054725
13270.173102864896,-1444.8314733407221
13279.80406213426,-1451.1652429162486
13295.841579148477,-1463.0360327286335
13327.411013728739,-1475.808372535969
13345.97951971935,-1490.4174408789254
13371.13399375368,-1509.5766984826753
13381.670446801987,-1517.3260250369276
13388.56187733432,-1519.8734773633516
13394.111897177298,-1521.927244259319
13401.339610990108,-1524.601098719952
13417.374173929806,-1535.1156189001515
13446.232009144509,-1563.8821084524009
13457.22993553134,-1569.8131040231408
13471.88449708474,-1570.2542413040237
13486.51901393471,-1575.2868729033573
13516.047747341554,-1585.7513939998623
13546.719634806672,-1602.191499935943
13553.120967879291,-1604.8015670950542
13572.352759896463,-1612.661328943986
13602.57661800828,-1622.2312638284548
13633.947036440119,-1640.0261752235813
13661.434038020687,-1666.5137255744105
13705.640309389246,-1711.709934944845
13726.251265549714,-1727.7021522882585
13736.316832958377,-1730.8912946520798
13752.333733681477,-1727.664931137948
13758.241827686707,-1728.1181226445328
13765.11172457464,-1733.1305014687855
13771.086017583517,-1743.6588094390893
13775.610470958458,-1767.9605588508741
13788.582309883908,-1800.2001045123407
13799.331750223375,-1812.3852463943206
13820.868205149824,-1826.6803217664433
13851.024834382388,-1842.4117870182672
13889.504417181786,-1869.015724839349
13931.754880559045,-1898.2150739593058
13935.734867718404,-1901.4438331153417
13993.487320074326,-1948.2827869722112
14044.13430384877,-2002.7109888394973
14068.542532110137,-2021.3160053016486
14110.165552570574,-2044.9167465585676
14132.775663842931,-2068.545333916665
14168.915921109625,-2099.9019679089515
14178.577703991568,-2108.2832086198005
14213.168403135192,-2138.3030440124835
14230.02894336381,-2147.2121413321343
14247.244110828455,-2151.500371704698
14265.900951631796,-2153.9988571590843
14283.833031163347,-2154.3110147486773
14306.40211178632,-2150.7042457699004
14346.533274716528,-2141.678513171784
14363.74035861755,-2140.5745864746546
14390.999944659685,-2132.6470316973564
14402.818175839204,-2133.7075332602226
14430.437724375512,-2143.3407069831346
14439.418878246142,-2145.113823333038
14449.8131146545,-2142.9419840846163
14455.534315826673,-2138.280964588692
14465.19186992369,-2126.8052512636573
14499.170664568284,-2075.4867199678733
14503.843433717973,-2076.9276197994172
14537.067744139164,-2124.5396576006297
14540.630240787696,-2127.95173401342
14587.166736992176,-2172.4967901434798
14620.539860115467,-2198.633930044156
14662.702617623405,-2235.849016219129
14677.070982681242,-2250.862591676561
14685.682414957335,-2263.758406958856
14695.418726647404,-2287.4052970815974
14698.30812869939,-2303.545446852824
14698.371230008745,-2311.8329856301148
14698.5291194092,-2330.7800140791924
14693.905748354877,-2344.405519978133
14685.675745424276,-2361.271042300209
14624.496925446305,-2442.7013880503914
14614.488178372927,-2461.0174848065335
14611.650139197507,-2477.8436339140476
14613.457402662047,-2495.43238577767
14619.611088937441,-2521.580866082531
14623.733890926072,-2534.483546004869
14629.865304947236,-2545.935335486448
14638.88905156789,-2592.1669178898405
14644.246429464776,-2603.1882661107315
14654.729131723227,-2624.76957458144
14665.332986243218,-2641.236725710527
14681.847605247538,-2659.4814341957385
14717.73047444578,-2688.480245740329
14723.685231775018,-2701.7198204920232
14726.594453350099,-2731.4774662161312
14724.12172056942,-2751.5686206783676
14707.117603611901,-2784.530168124455
14701.77786189016,-2802.469349826452
14699.193551688824,-2824.5943199796025
14698.594222300197,-2829.709194344045
14696.823298159727,-2852.66521528681
14699.556362333426,-2868.066061794274
14727.122682003857,-2958.7267161607765
14729.841236588421,-2982.0145151533843
14728.430171886837,-3003.891914731448
14719.724352490097,-3047.9930525330155
14675.789577501248,-3154.1380426829132
14669.023559244206,-3184.2490684893164
14668.794168631086,-3186.282771573628
14666.527430403754,-3205.7572434581525
14662.177472646046,-3229.950051997955
14658.335183704117,-3248.0100055552944
14641.831018302533,-3288.826466039441
14623.637169178442,-3320.64953152973
14620.63355079018,-3330.9750678057235
14621.501023646792,-3341.264802249335
14629.535945297986,-3382.506676774277
14631.074650412205,-3409.5543683258047
14626.817183075567,-3443.944200212401
14622.127412149084,-3464.9939552762394
14606.946670348805,-3493.7938460917485
14599.839230849737,-3503.3242250321546
14578.31126483,-3532.1025674525554
14571.563290552342,-3541.108806142442
14540.935530462128,-3610.291474477555
14535.391657461358,-3630.048546721313
14535.244063730679,-3668.7148797372774
14517.199424054883,-3749.154810039082
14516.250383876693,-3753.3769543883614
14511.376173394441,-3806.6539280480047
14510.37512452586,-3861.21918389674
14508.079245204257,-3896.006768743791
14497.171760388364,-3935.5515042762386
14480.472739946365,-3968.203309779807
14473.868604401636,-4003.4289639061817
14476.030998316206,-4017.5977276313843
14480.320896094738,-4021.8739345377217
14488.349283416746,-4023.525548528876
14513.439720403374,-4028.7258102657956
14550.80124566929,-4026.081393823958
14577.015450248362,-4023.0221024710904
14612.895279170298,-4013.5090849999697
14624.4810066408,-4013.090815237562
14637.3948739074,-4019.941801061064
14650.730514027848,-4033.2312229909044
14660.649740904937,-4057.2784989007205
14677.720305843992,-4116.961202122902
14688.100505449907,-4154.74904693501
14697.132821162775,-4171.495226584439
14719.761781633604,-4204.087447163318
14750.319200032227,-4239.718049856439
14808.188916872186,-4282.146182862163
14816.788482806107,-4285.985003014467
14821.766148024917,-4284.436546923813
14823.649751728713,-4283.848131140177
14834.397303968695,-4275.666862241248
14866.965123797561,-4242.527347587531
14875.14475698011,-4242.08410955546
14880.722788895315,-4244.663539584096
14893.213223550594,-4261.835897950045
14905.9269028797,-4289.297835144972
14915.00230188506,-4317.197195429122
14920.187015929141,-4332.655097600577
14927.06824678084,-4343.397104462726
14946.42395724355,-4360.8635784889875
14975.057645547553,-4386.701954326905
14997.022671233542,-4405.98585569706
15002.176288244007,-4417.561792353345
15000.052546685492,-4429.580768040621
14987.207235349051,-4450.243879910416
14954.421064962082,-4491.94843780838
14951.858742613093,-4503.99910366965
14955.313043721482,-4517.7351368891295
14979.417517839034,-4552.049874350048
14983.74132379582,-4561.5018918423575
14981.628755096572,-4579.990755788233
14975.209946865241,-4601.043437208369
14959.989372274253,-4621.678180251357
14946.848385005203,-4634.490577632475
14928.65647128304,-4652.228130079402
14920.531052166602,-4671.558685927429
14920.363064606714,-4672.821946871852
14918.821862101076,-4684.470234077609
14923.39471817237,-4720.9418466911375
14920.417462497933,-4748.42814343469
14916.420131230334,-4799.577677376134
14920.989236768308,-4834.354584132372
14923.603597821688,-4855.824833349133
14935.255392978028,-4880.30082386583
14943.031045785749,-4918.953712407051
14944.191484189816,-4967.908882464189
14947.240791617973,-4987.683839889098
14947.396793792846,-4988.065230963515
14954.572456451115,-5005.695399828312
14959.573535594247,-5051.624949872803
14961.336030734687,-5073.09560749407
14959.79639642787,-5078.767533944079
14948.90023773876,-5075.579967145636
14947.532579250314,-5075.613010962927
14933.209946944644,-5075.943043428754
14922.89521123224,-5081.62856232284
14909.730394849941,-5096.652332584467
14880.142051940931,-5139.030222448412
14871.50479593173,-5144.034713219578
14833.994514609241,-5153.766931723427
14822.008727879138,-5163.767686795421
14818.360153514004,-5174.125269676231
14818.378059555249,-5185.771233211229
14818.568859640265,-5208.786022908643
14809.257393210572,-5229.134616353643
14808.636073039292,-5245.125055465501
14807.310166161224,-5255.109398985866
14797.166211202184,-5271.792948991826
14794.495836562433,-5280.454312868543
14796.08444623193,-5323.09172331639
14792.404142555417,-5330.092050024108
14781.084248491527,-5336.794184657428
14770.436110367413,-5343.80509090806
14763.43700350984,-5357.155415247162
14762.92568479468,-5360.844352614841
14755.03888154166,-5417.8321497566885
14756.73054717199,-5427.134378518129
14764.573966708474,-5442.465379081382
14765.588854277023,-5448.132358332443
14763.263626361531,-5463.479138244448
14751.63718297319,-5488.822166032695
14731.671689723193,-5512.852991162076
14718.000797043122,-5518.142931662863
14713.14505777619,-5515.5312859365395
14701.703488677047,-5493.150217484971
14687.084778065891,-5469.634765888747
14659.780551505415,-5436.801963901614
14622.533696732507,-5399.487574576593
14569.396299438147,-5367.218259409488
14562.085480299382,-5362.761734161211
14554.439492015963,-5358.12097784365
14544.331292067704,-5346.92196192628
14543.916307009538,-5345.84342317077
14540.573712961186,-5337.222129026274
14540.555074578468,-5324.867764729148
14547.634850712775,-5312.903368664024
14562.9364208428,-5294.239687396379
14564.784486813456,-5287.521211581722
14561.061263889436,-5283.02823936493
14550.221649906201,-5283.044616558946
14528.010534057374,-5289.086510865457
14506.107824928979,-5295.034925047504
14490.806732112964,-5297.306254663903
14477.643255345718,-5296.956182534802
14463.886945855775,-5296.607181977822
14457.561666296282,-5295.137923581139
14423.663409915574,-5287.301820633501
14385.668796569462,-5267.117323164444
14362.775130040496,-5248.603882235142
14334.49884253909,-5220.639765493906
14270.980963214104,-5148.733015626533
14264.942421142272,-5148.741958951703
14261.489727771503,-5152.629034180538
14261.941667973395,-5161.655391134911
14265.852488902363,-5187.961128068906
14273.372219082286,-5212.473945976274
14281.463448315812,-5238.804601383115
14282.487696183236,-5243.720222622755
14293.420711789477,-5296.122174962245
14307.524000941605,-5356.45738697201
14316.395943480738,-5386.606767928367
14330.693054799265,-5420.660057050091
14352.97119210332,-5458.5533746564515
14354.272948072097,-5466.747064497947
14350.430746476033,-5502.984562414269
14354.373110516635,-5534.003658217437
14361.16899121026,-5590.898205024521
14362.136423557973,-5597.952380049397
14368.78742087177,-5646.497595450107
14385.499595259755,-5706.828773923403
14385.942929963365,-5709.939724916973
14388.107404790066,-5725.341545149603
14385.54654105074,-5738.285169885769
14375.623829620932,-5748.2203343903075
14361.411130866356,-5753.417410241367
14299.498856402275,-5757.391555976871
14192.109365845661,-5761.000593624285
14174.301879298653,-5761.560454913612
14119.845879500343,-5763.2641980824155
14093.5661494475,-5759.420615750211
14010.475687723867,-5735.818236382443
13995.814723588108,-5735.407938633032
13985.030246561519,-5738.011538423415
13967.385410841682,-5761.760697362128
13950.571494528309,-5771.705410141616
13932.456722195302,-5774.751267430028
13871.417730460525,-5775.270945346891
13836.916343998464,-5779.633223223299
13818.804612304628,-5784.835096287724
13815.17242498348,-5789.062202622021
13808.472276569695,-5796.896571706433
13787.644597180117,-5833.589955534216
13773.459159204953,-5876.712675701002
13753.464064341346,-5918.579671082393
13737.558218981172,-5949.6282051388
13734.981033550752,-5970.304867893676
13736.73924579649,-5990.5744657651085
13733.741735777161,-6006.507354712907
13722.357077863748,-6041.461395449668
13715.500819981944,-6066.026001125936
13714.652330194067,-6086.299509790765
13720.319228821327,-6114.3286546203
13719.69494112303,-6129.5486554914605
13716.121397911482,-6157.437044093521
13700.51463932218,-6217.845232851542
13689.146069859416,-6282.2832365021995
13672.52330340632,-6336.994261896954
13669.204257385425,-6344.669918554687
13631.73975054962,-6390.105607124874
13614.0901935874,-6412.805956055276
13602.63436836543,-6433.8646712519385
13593.646559929908,-6448.881803392804
13569.975552837679,-6465.583096896242
13536.997694877817,-6490.800944969464
13528.824221046056,-6497.035541366708
13518.180884867892,-6509.035084149957
13514.13346734576,-6523.459593255297
13513.866054152284,-6524.415245563409
13510.606246117462,-6556.430831377247
13502.11459294314,-6574.80446437927
13487.452872519878,-6592.84888410814
13474.48628916211,-6605.2214899546625
13455.809395191662,-6612.579791316733
13443.138916928734,-6615.247454464977
13424.44772884591,-6613.271090178199
13401.184672509124,-6608.327291135446
13401.107518488438,-6608.31243638201
13394.758601034504,-6609.337486214829
13390.429107480146,-6614.334644332458
13377.84266865361,-6676.74138479224
13375.22329795514,-6705.119950067729
13378.613696350243,-6749.450688064442
13391.161075465841,-6788.1600285486675
13392.85362388042,-6798.817437240885
13389.866716642262,-6803.843549340272
13374.515511528349,-6809.194747467854
13328.022242214503,-6824.6022427836815
13307.358136906194,-6833.31906112177
13297.719846333544,-6843.993023431971
13287.069172922666,-6870.380115938578
13262.598230078467,-6907.785722410564
13236.956015681148,-6937.5208357226675
13217.819043220154,-6968.571797948822
13191.34693542662,-6996.306502202693
13178.029384185675,-7016.35021909308
13168.025330043632,-7025.021130802284
13149.711026944298,-7034.72059417382
13132.036276761142,-7039.766654404899
13116.340255825393,-7039.110648444009
13110.692911744194,-7043.123172722251
13108.095357372413,-7050.151284797225
13108.592290547867,-7054.833927220724
13112.6346591252,-7066.258529394266
13148.13962153106,-7131.310390556737
13154.05307931541,-7151.790340126307
13156.125878698555,-7176.311389559148
13164.87924476885,-7197.804673122007
13172.615856548655,-7210.887879791668
13181.325182990477,-7218.577930055722
13189.257770833234,-7224.297637352713
13193.935450383331,-7227.649513797668
13253.057808727644,-7252.739825624303
13285.297470872483,-7270.163715079724
13304.2887382644,-7283.571131813235
13330.864533871401,-7312.0631216502825
13349.687841845374,-7334.559519123424
13358.926876151145,-7351.306590964612
13370.065383958297,-7379.173296833874
13379.343265137746,-7423.803641166341
13385.404802773279,-7438.552777222426
13392.45458673886,-7447.9086181284
13402.369870611428,-7461.065514004549
13419.542755223512,-7483.855925585647
13424.926282786333,-7494.60094287018
13443.344574918628,-7577.174762242456
13457.007631927627,-7619.796484375393
13466.439854660532,-7644.984555166533
13486.281379420267,-7674.31889678679
13493.679301240985,-7685.12209935468
13497.067278782406,-7690.0774675253415
13498.442816167924,-7695.405414737768
13498.754363292148,-7696.637949299308
13498.090020241632,-7700.828646671852
13495.073848965934,-7704.0374374974135
13486.715435481894,-7708.053973205316
13479.95304106339,-7708.74091402576
13467.58656380296,-7708.32749479508
13454.756666287878,-7708.345413548467
13446.216728460678,-7711.961584099455
13433.174270118945,-7726.367456032667
13428.246547510642,-7727.946233308206
13416.861848858993,-7727.962087966569
13402.736968124053,-7725.211869713657
13388.277105665144,-7722.394168488133
13376.145646510695,-7723.735949748401
13365.802000941714,-7729.603743600332
13362.428530604826,-7735.924491293339
13361.316049673496,-7752.531988267913
13358.00177105715,-7764.244467752566
13351.379591085422,-7773.034756827407
13332.713009850075,-7790.406172809752
13322.145349565815,-7802.559177342509
13304.99091119213,-7830.03449832337
13298.025733289865,-7834.110888656743
13291.934069992663,-7834.334145964062
13245.789287343923,-7824.508371645186
13222.626105586936,-7819.7959176114755
13200.349501136849,-7821.644039067414
13192.247902112094,-7825.01350725288
13188.434517841626,-7829.763084126261
13188.208658966465,-7834.692482474315
13192.047867753354,-7847.965825537501
13192.574924963212,-7856.098759611587
13192.812245668681,-7859.549674943352
13190.071585129854,-7875.727872103261
13182.70948496062,-7890.989033638136
13179.963115001137,-7903.008391086881
13180.424683106474,-7919.613809580169
13184.154043001334,-7928.388822815109
13191.560406949093,-7944.554131319322
13193.176978838947,-7956.999123908203
13190.003224274868,-7995.823129840082
13190.957240521957,-8013.813753818599
13199.093292407626,-8054.009254364091
13204.219953938504,-8083.979735556932
13203.822309914856,-8133.397632611378
13209.619213638922,-8162.474056772574
13221.28651071757,-8217.883654379273
13236.334576184307,-8253.417240367871
13258.083286168809,-8299.138499558947
13266.899311365125,-8326.82375118619
13268.088146266304,-8346.231936234097
13267.400754856955,-8372.359549759014
13266.76263686256,-8396.576445439201
13261.265382799382,-8416.425532979063
13251.59961549856,-8446.015729949931
13240.319085407322,-8466.334280697829
13206.663567070564,-8511.146384296886
13203.449189915338,-8520.39361881731
13205.13799845811,-8566.111514151911
13201.46264090762,-8597.049402663333
13193.226746387549,-8634.955951312542
13164.515919226693,-8727.823575787448
13136.00168392112,-8814.220963783298
13101.617321355901,-8799.386348070322
13081.541789771934,-8788.538130113719
13068.921332166505,-8772.5038110405
13057.985939061584,-8761.593175278911
13052.297873566415,-8755.920304305979
13043.461459082988,-8750.509535503172
13036.050639078161,-8750.05793213181
13027.74190958316,-8753.303550456956
13009.543402905443,-8774.555618899567
12998.117102245773,-8783.136280140337
12984.053649004602,-8788.454175008526
12938.448039645884,-8799.145196831405
12917.566740123344,-8803.0860626424
12888.238672455976,-8804.5111971833
12876.236094163878,-8805.914213886146
12840.704219016323,-8820.749950477315
12779.793590745658,-8855.459743581838
12763.65208056053,-8871.193921846967
12749.378577770824,-8892.902821468962
12740.607264577746,-8898.460132568589
12726.304411626683,-8898.94065205247
12690.277403866272,-8890.669671615282
12676.878813585645,-8891.14992487068
12662.346899505934,-8894.40340840539
12636.962399640232,-8910.149509030107
12629.844613339183,-8916.269017721457
12614.34582092582,-8929.588930920285
12593.151474609784,-8951.769274701854
12577.485076918449,-8975.358264147182
12566.853544123569,-8979.993490674591
12553.016460962512,-8980.90484902805
12500.805218161364,-8976.382252217825
12498.069130718559,-8976.848524401114
12487.434052549963,-8978.710711098443
12453.501279788057,-8993.049495884065
12445.196916009581,-8999.992810894279
12440.123821658517,-9010.16633412585
12438.305175518415,-9020.79738334601
12434.157403416368,-9027.735324742656
12426.772238131696,-9027.744847102034
12417.058252765568,-9022.211749820226
12397.657106814764,-9013.45552373904
12373.666018312235,-9007.022365046596
12340.60277362722,-8997.35440985961
12293.915824171465,-8971.565316326114
12276.814495160768,-8963.26863846691
12267.59527492922,-8961.893397364
12255.128919128534,-8964.682109796226
12242.205345972945,-8973.941253078767
12213.417017421827,-9014.615046291328
12196.805473527522,-9026.651556181323
12179.725676135384,-9036.347575331118
12156.187889945884,-9043.30887649869
12143.725966917866,-9049.794547399228
12067.37095489105,-9103.930052461203
12057.665087036934,-9105.790800562769
12021.183482636166,-9106.298983979328
12012.407630819207,-9107.695901982244
11967.194569352947,-9124.851693758976
11937.873354134575,-9132.712868406521
11890.29714474301,-9139.241627300175
11879.224664075062,-9141.566505669995
11855.587603188736,-9152.541894290334
11842.29799068938,-9158.710498643151
11793.825511187144,-9170.785493524045
11786.444877753594,-9173.567375358773
11778.602805504184,-9179.554274574652
11772.133644264857,-9189.266522685044
11762.247897503477,-9212.848111104486
11743.784878172624,-9231.787859619564
11715.20221718604,-9252.618302026869
11693.0746940406,-9272.979204659629
11675.04527148891,-9298.695973888496
11667.480177714837,-9309.488635016469
11653.977410840731,-9331.164037890496
11648.130513172839,-9343.21659979832
11635.233214139089,-9374.195902876203
11630.860310249414,-9388.034332462334
11624.878206104806,-9394.974232810542
11614.24630926277,-9400.069931781689
11587.943593501366,-9405.647290739122
11568.999108315906,-9411.67837569826
11556.540742734722,-9421.860284491693
11542.253605277978,-9436.172178317493
11474.244995151857,-9523.104273194227
11444.508917363171,-9573.913896251495
11434.823184959861,-9593.335166148512
11426.52687357292,-9608.133322927088
11415.00086597344,-9621.086893551377
11355.259210675329,-9670.112932255142
11346.925483417896,-9679.840248834238
11341.4124517074,-9686.273702672237
11334.043777754163,-9699.683810648847
11326.682219686028,-9719.102235264307
11316.112982463817,-9733.872042172958
11302.029499927512,-9746.828376243939
11265.098123267617,-9761.66011260864
11234.632792646044,-9764.468412019418
11157.508294405718,-9765.020592669418
11149.660044942479,-9766.415549303007
11132.803634696316,-9770.132230752663
11082.950334092357,-9797.88687238243
11081.762837239088,-9798.015214570418
11074.1719342873,-9798.821309518738
11056.608524500816,-9793.758384449848
11013.182468027435,-9774.398313872058
10945.512507096488,-9756.945123131603
10933.944513545595,-9756.958248263893
10912.258528663617,-9759.755668838228
10866.52399101649,-9776.598047332129
10852.310598530754,-9765.614710314176
10795.495137940488,-9733.114152469045
10772.675810944917,-9715.269591036631
10747.784450323492,-9692.499309230125
10723.031491343656,-9653.121813124284
10688.097051674771,-9583.93183391022
10668.907984723597,-9509.148779928804
10651.694837420697,-9470.255293744112
10626.957937510877,-9445.573977843389
10596.762154014494,-9410.916464154381
10571.666566369697,-9387.652298713436
10542.208618941508,-9365.932526133412
10519.06675085293,-9359.703694495394
10492.085304967672,-9359.024695083885
10465.082910918498,-9363.613457523541
10445.121939973844,-9361.171064731358
10424.57411563136,-9341.044102607655
10403.17568833871,-9322.4887230734
10384.243372568599,-9316.902579176362
10362.863905050768,-9315.877346410665
10334.83488206515,-9325.366099163863
10306.635829301364,-9321.286528760662
10306.093235211729,-9321.207112061957
10282.088453825194,-9327.363863782462
10222.880305717068,-9347.760957751454
10186.80069829578,-9363.387935411018
10173.510488886695,-9369.163428508384
10148.44536893361,-9374.982226252212
10109.529182301689,-9369.076921047674
10087.795980859895,-9375.754475253738
10063.63341866984,-9379.969280833482
10049.613706371902,-9379.983904636794
10011.234212578633,-9392.840864194117
9987.41865523463,-9408.60925762961
9976.910340184531,-9409.328537381749
9957.976811665614,-9401.27652251345
9943.24582851995,-9387.303571846232
9929.541894019698,-9368.370641776466
9925.493374901927,-9348.22561117012
9927.560673927152,-9325.794076791231
9938.859921080408,-9300.642116921144
9944.176337712997,-9288.805796734156
9948.362591132005,-9267.081666982733
9936.63939432895,-9215.334272596076
9934.824033180912,-9207.356418834614
9941.807045814872,-9193.66997718601
9946.00283777875,-9182.4503456155
9942.148723236338,-9175.460790186518
9922.852212589463,-9165.68336348642
9907.573244233652,-9145.88861141533
9896.839221074997,-9102.643538960465
9881.384042490336,-9061.313838188466
9860.489829837763,-9029.602153562908
9823.9962539169,-8992.144768916309
9781.033032218802,-8965.384450956486
9735.809383108734,-8950.3640040623
9704.61984183364,-8948.97855135932
9666.777830178553,-8956.749525227675
9641.890668619411,-8958.869824834022
9606.694411413799,-8953.143399607341
9583.189566685343,-8942.661083673063
9568.820441046646,-8927.609132863443
9555.73079187448,-8901.95821546333
9540.364526015546,-8871.904024658626
9531.607510400347,-8866.958572514597
9529.851359140159,-8865.968029523345
9520.740411236007,-8868.780908727005
9508.48403770213,-8876.156199541063
9481.32055784593,-8899.813420823304
9446.997297661359,-8914.94326494574
9410.215040967027,-8924.099070009242
9397.592632009344,-8927.253998835518
9334.670843398333,-8923.987783806388
9272.980954433751,-8914.218989351453
9254.058821212862,-8916.3325483825
9213.594087149222,-8935.13353983651
9142.670375849195,-8989.33263386825
9085.95170715678,-9021.643999133667
9018.169613818882,-9067.089039393497
8967.184712195682,-9103.060520296667
8945.11815452025,-9111.831087076687
8924.800303595914,-9113.6055566308
8902.358429425642,-9107.679914993692
8860.800375102925,-9090.003112650398
8814.860286342224,-9052.550595271978
8793.115812909937,-9046.962900528597
8757.222105175651,-9040.310856713528
8746.14376687717,-9038.256458966995
8718.611111524038,-9026.88136318045
8678.103136899746,-8999.097697446075
8661.233263084383,-8987.374093881921
8621.654059320026,-8959.897073571781
8614.283328894711,-8944.838538684802
8603.045563231839,-8938.193781543594
8585.546358038937,-8943.815937265488
8526.894484527891,-8981.178895544357
8481.674887510811,-8997.331047820906
8446.983794671307,-9007.528474068205
8401.951233316115,-9002.146201541953
8369.008106985,-9003.930395451865
8344.115427182724,-8998.684157409176
8298.489654266314,-8990.291164866132
8278.758111467838,-8986.66299109345
8148.7119269021905,-8956.981088496035
8122.757395673534,-8948.931400174386
8103.28843128024,-8916.197395490619
8095.71457043602,-8873.625038935854
8084.130370019667,-8852.931061294394
8071.860457087676,-8845.609171239901
8031.388648256221,-8827.589042080821
7983.685516082918,-8805.907650795716
7982.470527022226,-8804.633696091578
7962.987050187828,-8784.173830446565
7948.9532834019965,-8765.976772535942
7935.859127084689,-8761.551031880808
7923.541563048538,-8757.40232966801
7909.1879260108935,-8759.169756476787
7872.743861947663,-8771.831695436722
7844.711958206737,-8780.265977471181
7817.372346138075,-8781.674065509922
7795.1125748458235,-8775.560867566204
7783.797575752939,-8767.868177448367
7744.635967389888,-8741.249524801935
7686.957145752092,-8705.741616070076
7621.044647389882,-8672.490057303685
7578.4385729130645,-8664.296945747288
7461.74082054036,-8660.53706448386
7391.494365546068,-8664.965768949198
7377.1143592060935,-8665.315523639749
7368.3478854534405,-8646.067344713836
7354.660857371677,-8641.517282562783
7340.642301738223,-8641.527967684422
7315.42452266894,-8649.25016844928
7295.80685962403,-8654.532852982251
7262.317759063673,-8648.796677311972
7225.175959288996,-8628.490544729177
7207.798504305014,-8624.763455155944
7147.892209883779,-8611.911125302113
7126.852468657892,-8612.974940215325
7078.156350120197,-8607.125370465006
7033.978812040523,-8601.827847252549
6952.492815568488,-8592.953057498587
6905.351241170985,-8594.557651719859
6871.019696562816,-8601.945377709893
6853.493096220318,-8606.857107929818
6829.659475100727,-8601.63603003715
6812.664098426158,-8590.772584630065
6812.122561912633,-8590.434327629813
6794.244805920853,-8574.333579617452
6787.948469702887,-8577.48053197198
6780.238409786289,-8591.504045887414
6770.454350017044,-8628.666729070894
6762.050391668533,-8646.881368147062
6742.95799144153,-8665.99571489466
6679.213140424357,-8701.07069380006
6645.761395464763,-8712.492952218483
6594.612477707364,-8744.415961498073
6580.593605380502,-8744.425541376599
6573.567054670286,-8737.775543137292
6534.482013176543,-8705.051823752205
6496.6239011706,-8689.641528581498
6480.796128602959,-8688.266203580395
6464.736806010269,-8686.859088972597
6450.498414511067,-8682.709992517359
6433.310805598558,-8677.708414435121
6425.667732419807,-8675.486270648402
6376.571794168903,-8649.946839742102
6338.708628796901,-8627.913052892634
6321.869049888869,-8618.434619628499
6309.268967798304,-8616.008758582597
6295.949184241746,-8619.159983439255
6272.296328842456,-8652.295558162892
6250.2384635993085,-8678.590216635232
6240.7975429173675,-8690.51894198491
6240.808645447348,-8707.680532768452
6248.874895704844,-8724.866828947253
6264.120663875658,-8745.006240452392
6265.1891235363355,-8760.40930899949
6259.597030199954,-8777.573540528007
6246.987530028899,-8800.011131218858
6243.334580291215,-8821.919338519867
6251.736366492733,-8837.687514943518
6280.338836627514,-8871.806184434392
6297.162491387361,-8896.996474840078
6315.5887282860085,-8924.527734186937
6332.7166275825475,-8938.843393505886
6334.318377898279,-8940.167274519094
6343.308108776785,-8947.647441285753
6348.915177228143,-8955.345679424849
6315.8348824220575,-9024.226431404424
6293.053010782947,-9048.765110722396
6271.1612940544,-9051.768081160777
6242.186518713132,-9041.158294705207
6194.772496304266,-9023.781513197264
6133.226154705309,-8991.070487974963
6075.039697102417,-8963.748850832737
6058.902481695676,-8961.663630880648
6050.488856780621,-8966.937726567574
6041.203350601904,-8981.485098291749
6011.302404434994,-9060.529870524899
5964.232626962776,-9139.214419343636
5940.42103364471,-9171.117181385192
5925.349241611391,-9180.953681457902
5894.160237988397,-9180.603139506535
5872.777426459079,-9172.914162723178
5847.887324129336,-9172.590553436503
5800.386470208342,-9182.94011955169
5775.163960410169,-9187.1759350229
5739.066330175086,-9181.590939721365
5716.62288696114,-9169.680577110374
5690.479117007004,-9144.98753819959
5675.785052755531,-9139.388551383063
5659.056484980079,-9142.864576504735
5645.296826879762,-9145.722500886055
5605.363376372289,-9160.811014910123
5587.146231668305,-9179.399973760326
5586.064844355822,-9183.621273754958
5577.87237974273,-9215.667883385608
5561.050513548613,-9237.397599402579
5532.687253836681,-9256.362060353606
5485.551643801034,-9274.411788467269
5432.966825488349,-9290.585932055752
5407.774379484529,-9303.909667579645
5407.330866609259,-9304.248655381876
5391.670008284389,-9316.181120304997
5380.631355180654,-9337.044873815956
5374.354069008888,-9378.36296449696
5371.04757479749,-9420.234981807778
5372.297430447347,-9439.120380079346
5373.3380957419495,-9454.77051819088
5380.032027195814,-9511.886990523271
5371.993101027187,-9542.022779855186
5357.451929544255,-9580.387666734752
5361.499770475269,-9616.309295138271
5369.934912009848,-9647.85290088625
5375.042758862869,-9686.23886333678
5387.320619932444,-9709.708628014252
5398.200039335632,-9726.831995586415
5399.266552342494,-9741.188099682711
5397.852712520111,-9752.404178710578
5391.196796790393,-9761.866456036229
5377.178567147388,-9767.480830391762
5348.7986881700235,-9761.890069478613
5282.711652529417,-9738.664743275263
5250.462423722629,-9738.682358541046
5214.7310572845145,-9746.774426616406
5181.974954764173,-9766.232762244465
5168.663249691372,-9787.959887259263
5170.240918375198,-9840.950415148616
5172.239305302912,-9907.436100414918
5179.829208119061,-10000.105293037012
5176.848484258836,-10028.667372800295
5166.681046065308,-10039.826166161354
5154.423084764381,-10053.234149982403
5119.730439829729,-10074.264105128392
5090.816473141201,-10083.922792600835
5059.630129404198,-10096.54036466836
5027.055904067985,-10120.742403002983
4986.666554554381,-10145.118143370146
4975.042688698276,-10152.133722844153
4938.227332117283,-10163.736490268064
4904.233189351909,-10189.664549438927
4885.029439459196,-10204.588570271007
4868.328947426848,-10217.564838873308
4844.655360836148,-10227.15809621123
4840.519450294578,-10228.823942224948
4835.387903619402,-10230.890867074851
4745.12361027086,-10248.98959568794
4632.807795715271,-10266.019840472145
4557.27985211056,-10268.705792439823
4505.042747676375,-10269.777475781935
4469.636738239771,-10259.966744224192
4443.883921628681,-10243.001821017198
4416.637332871777,-10231.276689283917
4413.744231735443,-10230.04594723299
4405.504132513457,-10229.032502318247
4382.523812589007,-10226.20828294953
4359.388497212506,-10227.605543313137
4355.609374560622,-10229.055168892628
4328.742990410965,-10239.357198624315
4271.249270619096,-10265.324463788109
4222.205660300605,-10304.227480075973
4208.186954305305,-10312.305180286652
4197.316130968606,-10311.601519869242
4191.529003338531,-10303.717294903081
4186.615206412569,-10285.510738036462
4184.484239759372,-10256.767264972148
4176.783020215714,-10241.64247681626
4172.415941482172,-10233.111068684766
4169.684621035335,-10229.13735875113
4136.294118662106,-10180.565897285267
4130.990583709139,-10175.444201297158
4113.48412818293,-10158.54707421964
4110.359569258986,-10157.041538626085
4094.553591223234,-10149.435223341
4076.426507332892,-10149.905626966513
4052.8521850390257,-10150.50107532452
4005.341173504095,-10152.800031791949
3911.737240426288,-10149.326290322166
3875.150190153037,-10153.038161541823
3845.358916940147,-10170.550284364585
3834.125940314017,-10171.263155911805
3818.371391972462,-10162.149599531798
3798.019415271202,-10149.55658215744
3761.396801703278,-10130.131173126369
3728.781224653292,-10121.362771006261
3688.8083214207472,-10117.896998296308
3628.024322066116,-10117.365470392775
3538.812995909093,-10123.560653749351
3532.7450762782064,-10120.790129886276
3518.82454848939,-10114.448260229525
3441.184307380972,-10057.171205076651
3357.3275361462465,-10010.278684752233
3340.0495398717367,-10000.64120710929
3335.65914260866,-9998.859162242159
3256.7901203846104,-9966.841307776373
3214.001059389172,-9954.59334586218
3186.346410890104,-9952.508149756839
3167.754794602094,-9950.7576423081
3145.155353975366,-9933.789405456771
3126.2202639837215,-9906.43702869709
3109.369881081981,-9860.536501509216
3104.1194396364745,-9831.115404378199
3105.1418183413457,-9800.983686709356
3126.865799013613,-9748.04724025383
3126.987937120061,-9726.911836590169
3127.0366810168525,-9717.392323564716
3088.4286239600256,-9617.890968200705
3081.0650293779768,-9599.684516013562
3070.218778262779,-9594.081429264197
3046.90261715814,-9594.61249446231
2985.9147047391616,-9590.780565074223
2954.025426355885,-9583.427207278188
2946.7417689753484,-9577.513974691068
2924.22169243454,-9559.250179400908
2901.618621264089,-9525.459627792441
2856.2008779792136,-9434.154830246325
2830.241369207578,-9398.1157170798
2795.1979037089204,-9374.279657183206
2769.682482319964,-9355.400928262769
2712.4804964985756,-9312.993528087602
2707.6115024600613,-9305.384840454546
2696.336877496895,-9287.764795711768
2670.921290601706,-9253.265977643854
2634.4557450811712,-9223.483336985262
2610.984616434531,-9214.03116324281
2596.6018898193324,-9212.279410045043
2573.9869410348674,-9221.559203087465
2560.8225019685606,-9231.93554365649
2545.9538059226147,-9243.656300188068
2533.3567915910903,-9252.071038536307
2515.154316606142,-9253.122942809518
2501.4684505856967,-9247.51895668092
2496.199586947289,-9240.865537309432
2484.293301116869,-9225.803404883212
2466.6000273450013,-9195.49180337649
2450.8127893497644,-9150.976682894283
2435.729252939521,-9128.24339482384
2415.225475652438,-9114.415511388584
2381.2203880661864,-9108.107923281601
2345.8239571713,-9110.92037503996
2324.086657832826,-9120.383102670363
2290.655882459311,-9141.588527987482
2275.578435271325,-9143.008997366396
2246.144178990482,-9139.84236597718
2220.8903802080513,-9124.074607266892
2204.4168054191177,-9119.517978921434
2152.0317146372504,-9127.78732734521
2125.723155547059,-9128.131903156036
2105.041041695727,-9123.575932337493
2053.5528344840236,-9098.016228059982
2017.4552070991153,-9080.493603988993
1983.2709485594994,-9080.685527193204
1953.477928576354,-9090.149173100806
1937.0055961558885,-9090.861893806552
1920.5318627661188,-9084.549142329895
1896.3350166868865,-9057.934786172977
1862.5307681031147,-9015.362789838235
1855.1722060529546,-9014.994548166698
1840.7922052622184,-9019.556717013646
1791.7398718519505,-9036.38780580942
1786.2149369500464,-9036.6445810692
1757.917624007206,-9037.965737970922
1726.7302513311113,-9043.239186191344
1675.558242567125,-9046.390828796062
1654.51572157423,-9039.739676330806
1652.4499232453375,-9042.790577625483
1646.4876926712593,-9051.6646466718
1643.781172372159,-9079.701153478687
1640.7149050821185,-9111.404799296924
1631.0916385931828,-9157.836124099866
1595.8582803384882,-9216.563865621098
1569.5795475916912,-9245.652353701564
1538.5739911253586,-9262.63300243412
1505.5293044602092,-9284.007501598842
1500.701398445948,-9287.131714857313
1480.9656059125498,-9305.651299634474
1455.3170609522329,-9329.71734124987
1410.1130305487688,-9363.028799201282
1385.2496164429565,-9373.90785823699
1344.7661124646759,-9380.383642955363
1273.635652112496,-9397.21504050389
1228.3994084379335,-9393.708738322232
1190.0304872003512,-9382.344351496127
1135.3687860780276,-9365.529104898398
1114.3521170428332,-9366.210132032955
1093.3105733403509,-9381.986144349263
1065.0955423700436,-9428.418776042407
1061.2516293874128,-9455.777751305943
1050.9000608236115,-9486.095116516415
1036.54831486309,-9515.519571192684
1011.7127381480109,-9546.92557415561
1006.2135175960426,-9553.880769080914
986.9546307361417,-9582.965821828444
978.5408168414355,-9607.49142914944
965.761440599578,-9632.201299137438
956.1574683433985,-9643.108727686393
947.8710238265869,-9652.506155772222
921.4058274928898,-9668.46824514419
856.5999360994932,-9689.855259929516
842.5792138980462,-9696.850014445015
831.1947364785095,-9712.810525448796
802.2812652200857,-9782.01063500154
791.5668296398957,-9796.21430817103
776.1526494604894,-9807.768486287208
760.7392714534261,-9816.181127334643
745.3238064233619,-9811.991586931801
724.0966210033463,-9784.480858467039
657.6820384718648,-9712.454262165178
625.7664919427485,-9686.176004194069
587.7573644566212,-9672.683905475256
499.26874454832915,-9621.361290183375
446.67257398528176,-9588.090064365222
415.6620156581331,-9587.536861098832
376.4164715100213,-9597.705425260463
361.001360451515,-9591.420993466298
295.6238580980909,-9552.018099920491
237.11530472299984,-9518.834781181538
184.70030603149246,-9489.108301830694
163.2961182656228,-9476.137862357587
152.45147452994857,-9456.173692536742
149.17210219960978,-9448.625731945365
132.6732454554382,-9410.453910614939
108.4792097026796,-9379.24474944409
82.19517388800338,-9364.178808002716
28.387837505314746,-9357.339502931036
1.1792132012728078,-9352.24050640335
-22.089540299490583,-9347.880963030593
-39.956046780239355,-9335.98923393596
-60.483124310338496,-9307.798187007822
-61.650130202765205,-9305.764848197266
-96.91226764029868,-9244.36163724751
-113.72136362689035,-9236.289870237515
-157.71728180372364,-9248.05803657914
-277.41409555249345,-9259.794196969677
-347.8489333394192,-9255.90988052444
-371.3434076621508,-9236.283389367296
-401.4478822879246,-9218.782962544503
-441.23419195648484,-9204.91706351034
-537.4621566468909,-9214.739400531838
-587.2158104758921,-9219.820575797143
-707.0696997989792,-9250.990980639828
-751.5816670664599,-9253.14502955553
-769.7844072090138,-9254.067844033194
-802.6017601209717,-9262.968137839352
-829.8925974089703,-9268.511431120349
-873.8622018506697,-9259.049985755644
-919.5074481549635,-9236.246691817993
-967.6322446641548,-9213.135114829927
-994.3289054879604,-9209.250465412466
-1043.3073630872004,-9212.572632158617
-1073.3615329396646,-9220.364319762328
-1107.3150962358554,-9232.591790235818
-1164.0985200241628,-9286.00820776797
-1188.6020066703238,-9298.821141243285
-1221.7021674197022,-9299.649387812171
-1236.8062084033372,-9295.857395993391
-1257.3315405469123,-9290.740740294683
-1281.8471152289903,-9293.476350108062
-1312.0433140527482,-9296.821674221723
-1312.4303474218054,-9296.864612268206
-1365.3462820580594,-9305.668366660691
-1375.8952574812931,-9307.42350176066
-1383.9663354989239,-9305.665711749165
-1464.0917514946127,-9288.215603114617
-1540.9006202681755,-9272.645878687184
-1572.6088521533397,-9283.761990029629
-1599.3313613402588,-9284.312084671768
-1624.0005621529979,-9275.05916996049
-1648.3079570819064,-9265.942208275217
-1713.1616580555756,-9247.8461704814
-1754.316856487176,-9240.043882632184
-1806.083614968051,-9240.034323906404
-1862.2886546358914,-9225.019468326336
-1950.3592001277848,-9193.34282378195
-1997.8026453752595,-9176.282447076257
-2013.3947603225088,-9162.415041824712
-2031.2026992822343,-9131.787341961588
-2054.5376316130582,-9105.071486135988
-2086.571393833924,-9072.082432659978
-2091.5527063698223,-9066.952388720703
-2108.791919637651,-9028.005208273864
-2126.600781110807,-9004.063034470611
-2144.956556502009,-8995.15499678145
-2146.272966731496,-8995.031816110937
-2178.364674797747,-8991.789041086087
-2217.323740227154,-8991.780159197726
-2252.079502636479,-9008.747760196991
-2274.340664875757,-9033.790974485306
-2293.8442575885997,-9076.087145655802
-2325.8775533486496,-9150.360179113466
-2337.552647321263,-9172.078347895806
-2357.5918405142074,-9189.325917868295
-2386.5377124401257,-9200.995616830662
-2409.9316359125164,-9206.566423189945
-2436.0835002832246,-9195.96118936033
-2471.7113699730066,-9187.049149686565
-2500.6557082117943,-9192.617313951141
-2531.4361118716333,-9198.065911817854
-2544.627962824493,-9200.400596045407
-2570.2164379652963,-9207.079515057883
-2579.696247879935,-9222.635936433911
-2583.029724823466,-9236.561047424218
-2578.8551070949043,-9264.660145992088
-2585.0042052568,-9280.80176600029
-2598.3575957405833,-9300.824572430285
-2599.7790487075504,-9305.41452124741
-2605.5937216018056,-9324.206081710909
-2605.0591738040407,-9353.69117800607
-2611.472936388709,-9389.58230466084
-2615.3650725494476,-9462.999617267975
-2630.6992201615535,-9547.873771668921
-2658.2731379526945,-9633.269090868196
-2668.4009600495574,-9657.944951279042
-2672.198797064057,-9667.21762211187
-2728.453041609649,-9727.865234791185
-2775.482455711272,-9763.74365671511
-2856.778511232433,-9811.012667946226
-2861.3499071627666,-9813.710250125148
-2915.221085234466,-9845.501040120114
-2957.5476325267136,-9866.099043717522
-2969.039384662011,-9868.65340808395
-3008.470044129098,-9877.48330314217
-3020.045337494188,-9877.104039676482
-3076.94606640014,-9875.243434761684
-3162.0808769189266,-9885.783520942601
-3232.4742254540315,-9906.063254342555
-3340.4426877299825,-9939.423235181324
-3389.9956895205787,-9945.537150549262
-3450.918695216365,-9976.909910070073
-3479.322012010495,-9978.563372438903
-3517.149554271485,-9975.776799283902
-3580.586929191903,-9965.216743400571
-3603.025883572509,-9963.421827509124
-3608.422161440287,-9962.988107283587
-3636.0301664490003,-9978.51452942064
-3651.8359881282645,-9987.403538114804
-3706.6638003936714,-10011.04405063119
-3738.8109494823707,-10019.236176386552
-3761.5217697192434,-10021.92927294528
-3773.341146664383,-10022.836935120746
-3802.4289788821566,-10026.173794123235
-3830.3036339725345,-10025.858036401574
-3845.454017717808,-10023.113170608944
-3868.7809020949576,-10016.40906308012
-3891.2828986905965,-10006.596736275005
-3924.399201691358,-9978.485461679322
-3956.7721452945984,-9960.593193451792
-3979.669297356872,-9947.646964952179
-4003.164084095064,-9933.844011316021
-4030.619133076402,-9922.692399587497
-4062.0420084958887,-9920.02625856349
-4084.7511391259745,-9924.791923016624
-4113.796950089697,-9929.025179260816
-4139.852401291989,-9923.801182142788
-4169.327463464702,-9894.858141590994
-4180.738811738862,-9891.803654314806
-4221.387284573221,-9906.23560368995
-4265.914104582844,-9930.708730290306
-4287.608557627763,-9941.82142731526
-4340.4670920088665,-9948.483577859255
-4366.623141752467,-9947.362588448297
-4383.321813920229,-9932.319841237413
-4403.35149814895,-9914.503691934
-4410.631995932743,-9913.554070417364
-4416.157152184382,-9912.834165468343
-4430.3372598183,-9922.008417148676
-4448.165105769267,-9948.156602373969
-4457.568748052861,-9957.549964269381
-4458.731537518748,-9958.719451629957
-4469.860745895065,-9960.93255851235
-4488.2453935626845,-9960.369428532102
-4491.601352382747,-9959.197840836096
-4510.499202379765,-9952.564164122277
-4519.096731543031,-9950.06518233946
-4523.847562932579,-9948.675981181883
-4550.546659035579,-9948.66341775417
-4575.601153803735,-9966.45958083118
-4588.25943113418,-9979.486327242372
-4594.53679904009,-9985.922265740963
-4601.225635004749,-9988.137335770542
-4635.722958708267,-9988.120812169424
-4662.713861784801,-10005.638023287955
-4687.764283728063,-10013.97534654686
-4729.52474346177,-10028.989125282644
-4769.575301986076,-10033.436837801579
-4797.975839393625,-10026.18245806295
-4819.116146439398,-10012.246923363105
-4823.4191867123845,-9995.576754030331
-4827.414126255725,-9980.016016057087
-4832.407240529171,-9947.17142149849
-4839.0871740583925,-9931.57821067066
-4848.533034967014,-9923.77858484956
-4859.661787353102,-9922.663902317056
-4872.470420422201,-9924.875698075279
-4885.974569699475,-9926.563455889824
-4890.287438036928,-9927.11585935538
-4900.277850430905,-9923.197936108323
-4930.0374020839745,-9898.412247038337
-4968.447590351836,-9876.70347669041
-4985.125618677147,-9872.782016789863
-5005.704098880579,-9871.662175487749
-5038.25502161357,-9855.254096124781
-5058.292074373446,-9854.10450149903
-5119.807767205868,-9875.51521438728
-5173.7763973341935,-9881.032006988895
-5185.246732933999,-9892.073257085909
-5188.812460914718,-9895.503612218708
-5211.655372296871,-9928.3344867611
-5229.451652978592,-9938.891484738953
-5295.12027660988,-9948.868786281926
-5319.626007649144,-9952.73722734342
-5335.186861909642,-9936.615299460089
-5361.898194980433,-9913.24795782678
-5377.981156994752,-9906.152518477886
-5391.6365718650295,-9900.167589826337
-5450.645394261991,-9867.846803947336
-5471.788831583381,-9861.703517024418
-5510.181311635667,-9855.581462567461
-5532.716764141339,-9844.693107906147
-5553.311160077781,-9827.42793364543
-5577.825502404685,-9800.702693076539
-5596.71809727943,-9786.827692482924
-5616.2021806686935,-9770.117417194202
-5634.825848218674,-9737.541141775031
-5652.068416076759,-9726.964412571382
-5679.354195127073,-9716.93513491239
-5710.509577218666,-9700.217884911688
-5737.21899817811,-9676.263784003648
-5765.105501358891,-9632.787330292278
-5778.080079707576,-9612.556472200982
-5804.250506925604,-9593.068951283487
-5818.162785659421,-9586.28289502198
-5829.313742061368,-9580.823520248297
-5833.497375755325,-9581.1287076827
-5836.078694478764,-9581.311975699662
-5844.342223842367,-9581.923502971393
-5864.383126178382,-9590.259712431669
-5906.684139620961,-9601.910707748773
-5951.770394179147,-9610.232556446648
-5959.698039092851,-9611.462620123719
-5989.341995089408,-9616.062610890158
-6041.692334917657,-9636.056241026141
-6127.990070955824,-9687.761201250038
-6206.797292761248,-9734.171281933412
-6239.338630244881,-9745.980903202206
-6268.031989418364,-9756.3752209039
-6289.745245156249,-9752.479049921596
-6330.942177700908,-9733.536075656813
-6349.865905461133,-9730.196190447743
-6364.333632191255,-9743.527137642463
-6394.974220512581,-9768.554188573658
-6465.974218569886,-9798.268475475876
-6523.876919907016,-9817.701269133815
-6557.83459434957,-9822.700265769055
-6597.33874278185,-9819.900466069459
-6632.394578436954,-9808.723070701915
-6661.607116110896,-9784.518015589245
-6681.0825209868735,-9756.128776790427
-6697.211339873812,-9743.886181360858
-6730.032113287018,-9733.777268326927
-6734.384717403218,-9732.424260998501
-6749.966379716853,-9727.585139218061
-6751.435792034741,-9727.196495773966
-6753.410136146025,-9726.594639560984
-6797.404888705445,-9722.127202043066
-6825.243393744301,-9728.207728586716
-6840.328328904883,-9735.344369174265
-6856.987239171383,-9743.219287180515
-6885.380229646072,-9766.029215743794
-6900.993686310646,-9790.480864746325
-6944.705486987063,-9823.013894488131
-6992.069282565899,-9870.27253342375
-7014.377806368701,-9905.840264742585
-7023.838141824282,-9918.65039265231
-7035.538874229253,-9923.632972935131
-7048.887844258999,-9923.623223424001
-7075.319658793488,-9911.125588380048
-7092.022222067607,-9907.200465484091
-7107.620476878519,-9909.992751850948
-7142.704754301928,-9936.124224700721
-7161.635101269705,-9941.655883733427
-7212.835263493179,-9938.290278968256
-7246.252347502253,-9943.287355332879
-7277.9672677311155,-9953.275614381118
-7297.479315225559,-9975.50531288702
-7314.4907282496215,-10003.590486106134
-7322.86180962958,-10010.269834269997
-7336.773515637318,-10001.909787031922
-7355.120985482155,-9987.446146241919
-7368.451341601149,-9962.943238790616
-7384.559068230156,-9922.293829482893
-7397.900276300537,-9912.270459189322
-7411.249147008643,-9912.260208065802
-7451.388748613017,-9929.481611284078
-7499.54376738306,-9960.900704562076
-7509.179646621794,-9967.53591698054
-7562.218279208563,-10004.046835594965
-7564.156853503554,-10005.369149295402
-7582.339146721849,-10011.2404051117
-7620.977040110883,-10023.687022384267
-7641.016357143143,-10025.334933141581
-7677.185629252631,-10018.620401255363
-7705.584300640389,-10011.911946519234
-7725.625126105242,-10016.918041941954
-7764.042222641691,-10042.490091579743
-7818.615551390915,-10059.143841378936
-7848.140642669317,-10073.50857280069
-7859.667138261954,-10085.822552420317
-7879.748240486696,-10107.311286446506
-7918.163583869809,-10129.708092826795
-7981.074186148093,-10141.271195681746
-8162.185063864778,-10079.348042972759
-8262.31045446204,-10007.230300905761
-8283.832793063508,-9993.403739048203
-8370.389152132944,-9937.785592757262
-8413.826216157653,-9915.689064103943
-8434.731294364065,-9905.041121598137
-8472.804066321374,-9885.571051387004
-8529.14565358331,-9854.952485812442
-8528.863339212765,-9854.751846209516
-8528.788452647572,-9854.67490819996
-8529.027423118681,-9853.599529939394
-8527.50536726753,-9851.589489206763
-8527.056887147097,-9850.279915831437
-8526.684331507693,-9848.897360642082
-8526.071477133888,-9848.5060985649
-8526.004235582064,-9847.431090883114
-8523.564418739015,-9845.180973342605
-8522.18061216301,-9845.32413571892
-8521.906606638548,-9845.06553588637
-8520.944967919786,-9844.176049024209
-8519.457746882148,-9843.459986804875
-8517.433374619663,-9843.35384963096
-8516.203668753062,-9843.344961191138
-8515.330053101286,-9842.545367314115
-8513.22117758399,-9842.263450906357
-8511.556345233368,-9841.106864504207
-8509.540030772554,-9840.563031173144
-8508.024046256824,-9839.932874258664
-8505.309003242684,-9838.592383255422
-8505.032668228474,-9838.345754563896
-8504.610344709181,-9837.970382232774
-8503.914816920294,-9836.821916677605
-8502.515476806106,-9835.84294245253
-8501.734583107176,-9834.867412594655
-8501.033584462295,-9834.245513121043
-8499.634238028244,-9833.353517382293
-8496.199802142553,-9833.852084632557
-8495.326350940306,-9833.14146261682
-8494.002986097148,-9833.57014176618
-8493.383588646122,-9834.005382390773
-8492.319759834616,-9834.875709422497
-8491.34512935923,-9835.747852968074
-8490.014248430638,-9837.230858081532
-8488.937950379215,-9837.611540431983
-8488.070244466137,-9837.920121853496
-8487.18262415885,-9838.968041346006
-8485.939447739474,-9840.276113173779
-8485.135470632998,-9841.853512720667
-8484.862863487402,-9842.993854442164
-8484.409813020295,-9844.750887684819
-8483.61883502761,-9844.569845648231
-8481.33162890851,-9844.549714087145
-8481.155585812581,-9844.371123315033
-8480.02133784239,-9843.30593123236
-8479.05766610593,-9842.857121763007
-8477.82881530062,-9842.584398337645
-8477.333066117484,-9842.366090273703
-8476.561787881708,-9841.390450189248
-8475.291346301057,-9840.306425452689
-8473.751811146367,-9840.366728722747
-8472.203286808859,-9841.233389873172
-8471.288681956383,-9843.064740159334
-8471.17748375859,-9845.522989140525
-8470.78562392256,-9846.900133530818
-8470.647125306838,-9847.01825524166
-8469.637540610136,-9847.881450098192
-8466.835804069045,-9848.056771344478
-8465.03887854945,-9847.453785916638
-8463.106822709518,-9846.80603286507
-8451.107812984068,-9840.645444528483
-8443.918582001239,-9836.473963180295
-8437.04659815987,-9832.487128766348
-8426.643266332781,-9824.371579423809
-8422.367090469275,-9820.35453652689
-8420.38214884271,-9818.486722595733
-8420.361549465342,-9818.446842010337
-8419.634456108039,-9816.940607427181
-8418.877660645276,-9813.105219501484
-8417.741902213422,-9810.296453520174
-8416.282310683053,-9806.64361641536
-8413.285272833597,-9801.316380423943
-8412.592575654258,-9800.522604133908
-8411.274559118372,-9800.181025224423
-8409.779933032967,-9800.638968193
-8408.694440424262,-9801.49933028746
-8408.073518809595,-9802.873679573546
-8407.906204483734,-9804.651406883633
-8406.992970618614,-9805.283797684391
-8406.533352102348,-9805.081314153525
-8405.95690441394,-9804.826066840136
-8401.306953658492,-9802.208084777612
-8393.870174360767,-9798.915148862947
-8392.928188445407,-9798.49633556766
-8387.987940074347,-9794.84752074499
-8380.74826289756,-9786.61525837502
-8376.427897908925,-9780.379972082721
-8373.787975909736,-9778.095976809202
-8369.875740287385,-9772.54469344936
-8364.623594630255,-9759.609543237966
-8362.888930565814,-9754.234215472132
-8362.418945116005,-9751.711536595882
-8362.764350718644,-9751.024781928072
-8363.507914548467,-9750.620562828883
-8365.68257097345,-9748.895955265685
-8368.1328901561,-9745.397616014316
-8368.874614285694,-9742.872987980083
-8369.150224754552,-9739.496331281944
-8369.087058221008,-9737.60489409186
-8368.67725390962,-9736.23134212579
-8367.351127725518,-9733.659533246766
-8366.837972211533,-9732.735628155328
-8366.664874600385,-9731.996457634812
-8366.831683733944,-9731.07495487727
-8367.05887233714,-9730.277384559522
-8367.858515557875,-9729.18556412323
-8368.203919095491,-9728.497811783183
-8368.48143110715,-9727.410334547867
-8368.18893685878,-9726.548380044105
-8367.441447125235,-9725.122155707511
-8367.499572619165,-9724.09282158109
-8368.007517418031,-9723.057212027632
-8368.871817673496,-9721.624601483965
-8369.205490740356,-9719.845732777248
-8368.448980216517,-9713.608245947136
-8367.170513851785,-9707.478239917216
-8365.662394284642,-9702.0967308704
-8365.08529074061,-9699.630202380842
-8364.5561174913,-9697.005633876783
-8364.549925561872,-9695.455878490862
-8365.010520791293,-9694.188499349202
-8366.155615593801,-9692.468874294555
-8366.833464383413,-9691.38414181254
-8366.891568488572,-9690.2339149434
-8365.680809747257,-9687.083575826653
-8362.210001787125,-9677.584938122167
-8360.5386401101,-9672.891122004456
-8359.323303155465,-9668.600484403925
-8358.507358257975,-9664.76514224831
-8357.682863861919,-9658.00733570934
-8357.999349588916,-9647.581261413556
-8357.809543561234,-9641.447117910186
-8357.684444752063,-9636.18739555242
-8357.443582606049,-9635.094482783508
-8357.209351828556,-9633.261046462805
-8357.556947119952,-9632.404521471464
-8358.810637094997,-9630.795621318057
-8358.863599950162,-9629.30675958951
-8358.387856761654,-9622.83123215706
-8358.151255608067,-9621.059840186252
-8356.830386636308,-9618.938579712652
-8355.334831465587,-9618.19756262144
-8353.554339436112,-9617.11097115651
-8352.180632237327,-9616.428698415977
-8351.606020648243,-9615.5758650992
-8351.59774097715,-9614.315874831998
-8352.517685530178,-9613.05099088638
-8353.024756251216,-9611.107191069845
-8350.94357280433,-9605.088595997096
-8350.656679879488,-9603.834831814258
-8350.132755980481,-9601.663006867482
-8349.558695453701,-9599.99674043098
-8348.00534441788,-9598.054724936783
-8347.022915140775,-9596.856523134777
-8346.734979387926,-9595.652632959387
-8346.73398538318,-9594.503554429915
-8347.182645250425,-9593.357178755447
-8348.15672724437,-9591.864427365224
-8347.977048228806,-9590.373772114139
-8347.525551043169,-9589.689602958118
-8345.908356982889,-9589.124442985656
-8343.21640093501,-9587.983777946218
-8341.41337196929,-9587.21788861806
-8341.036912342317,-9586.885460061683
-8340.590714986767,-9585.272147570244
-8340.044310223138,-9583.586904782976
-8339.737682561266,-9583.193570416384
-8339.391475443006,-9582.85114097792
-8338.602610929014,-9582.475978540413
-8337.727022874917,-9582.05819954606
-8336.655821362083,-9581.248685705837
-8335.621750193179,-9580.359242715374
-8334.958108170662,-9579.59545919258
-8334.750424746291,-9579.262884480537
-8334.543995244167,-9578.93030868184
-8333.995265354819,-9577.454934131276
-8333.869644400344,-9575.736510654315
-8332.760635806495,-9574.415529116539
-8331.471908819141,-9573.103580187926
-8327.684558549154,-9565.583773281105
-8322.517370218382,-9555.77896665131
-8319.006497362745,-9549.930568788535
-8315.699762598437,-9544.66251806335
-8314.50908916514,-9542.371370773864
-8313.56577052868,-9540.372765976756
-8307.569728903738,-9531.283050003341
-8301.527674496203,-9521.943504864386
-8298.44371683375,-9517.62653845031
-8295.249090742436,-9513.608506709286
-8294.261553290342,-9512.090516570279
-8293.559954737042,-9510.82513770635
-8291.354366824075,-9505.884895520627
-8290.245248947054,-9504.517925941069
-8289.100979775509,-9501.447316443691
-8287.724237851673,-9497.304831377205
-8286.517555601236,-9493.294962513859
-8285.478755435699,-9489.607828585466
-8285.045399646966,-9487.454774021195
-8284.674502156846,-9485.220871113228
-8284.246165490915,-9479.177100570343
-8284.099329798068,-9473.865327089148
-8284.076323862293,-9470.92362332237
-8284.138945250235,-9468.014862047465
-8284.28461221241,-9466.416000102494
-8284.474082801076,-9465.207807526584
-8284.949656302548,-9463.179951654392
-8285.515858302857,-9461.265928360592
-8285.843039025605,-9460.388376770727
-8286.19283936672,-9460.541984982046
-8286.429708590651,-9459.725356356143
-8287.331293684752,-9458.21182610325
-8287.898464032683,-9457.426034418477
-8288.546360546012,-9456.611945047418
-8289.524530286306,-9455.698922381742
-8290.648622027682,-9454.847517223749
-8292.2488695801,-9453.912912817908
-8293.937045010387,-9452.96516572344
-8295.00210493217,-9452.19390726628
-8295.948945172337,-9451.302755379445
-8299.714297785351,-9445.963675688075
-8303.136213150368,-9440.972706281109
-8305.6594447233,-9438.144814414332
-8308.775789172596,-9435.24938111457
-8309.977822724493,-9433.859375153148
-8310.784687461817,-9432.826502912807
-8311.547719103175,-9431.273091409965
-8312.057799431757,-9430.10751281827
-8312.29444195473,-9429.128197169572
-8312.415402699697,-9428.160751338211
-8311.97586807833,-9424.46711843656
-8311.28341728419,-9421.201217027397
-8311.068247029834,-9420.517939490685
-8310.910253042144,-9419.057188452227
-8310.921109468482,-9417.686263195541
-8311.023567575368,-9416.297304598145
-8311.46272010546,-9413.822913576101
-8311.96669699667,-9411.104486688208
-8313.21542512354,-9406.575018621937
-8314.283181084833,-9401.955735087613
-8315.704912818213,-9398.167433445911
-8317.180592378898,-9394.028376334923
-8317.656480440104,-9392.183553188894
-8317.98048133961,-9390.435615160328
-8318.268203218951,-9385.875954192034
-8318.679790080674,-9380.810471532053
-8319.376273977057,-9377.605414311958
-8320.184926527658,-9374.484147036124
-8320.387345042884,-9372.885335086397
-8320.471537709123,-9371.25550424711
-8320.345887956413,-9369.594833340481
-8320.186740390105,-9368.251085987722
-8320.002808139983,-9367.44080434271
-8319.789950629773,-9366.627654999927
-8319.425203323195,-9365.907600471362
-8318.94009749012,-9365.300463082265
-8317.064134052314,-9363.756210198495
-8315.004946583647,-9362.319142977327
-8312.326088453923,-9360.876624808232
-8312.287525988164,-9360.845736642563
-8309.438677232582,-9359.4431630826
-8308.454535427712,-9358.843537249453
-8307.787379625794,-9358.347474292315
-8306.768766390647,-9357.128352429434
-8306.531048985082,-9356.857745467965
-8305.394037036856,-9355.308963505126
-8304.576343639395,-9353.56300675156
-8304.145233276211,-9352.657081303834
-8302.792458445723,-9349.635727642444
-8302.090820568767,-9348.312296680693
-8301.372377612346,-9346.984990017794
-8299.394177223803,-9344.456622881125
-8298.612146814761,-9343.450155523484
-8295.748634022513,-9340.248063708807
-8294.703079507142,-9338.607235477135
-8293.808393013695,-9336.851369357564
-8292.95200498584,-9335.013578323547
-8292.2947816975,-9333.427475854987
-8291.593642106283,-9331.221785766005
-8291.409901022658,-9330.630347225044
-8290.648592297444,-9328.443760389162
-8290.61767209342,-9324.854508449287
-8290.756990320273,-9321.416126316839
-8290.741056485489,-9321.064433814425
-8290.706639865673,-9320.313072921164
-8290.594819350554,-9319.2720149584
-8290.410890583014,-9318.461832439592
-8290.107643836724,-9317.710602958026
-8289.634315522313,-9316.89358726144
-8289.149126225435,-9316.281560827123
-8287.84868518632,-9315.201526349918
-8286.66516528763,-9314.191313510431
-8285.696140718388,-9313.083064855247
-8284.699040204445,-9311.695051251927
-8283.829936262888,-9310.327774586083
-8283.245582809503,-9309.394050791232
-8283.01020130987,-9309.018507898352
-8282.343547123732,-9307.543231176363
-8281.881806063424,-9306.200740485307
-8281.78844462647,-9305.628275681865
-8281.742207708869,-9305.12868510135
-8281.875730390573,-9304.770879398013
-8282.058771659918,-9304.450934832517
-8283.240943520303,-9303.990287278388
-8285.429553558388,-9303.138067601605
-8287.925457230507,-9302.202693915864
-8288.429267775395,-9302.014338362915
-8289.032929066501,-9301.6810650026
-8289.484759370433,-9301.314008328045
-8291.49504507718,-9297.80898247868
-8293.335210351326,-9294.194281616643
-8293.69139252627,-9293.31869951903
-8293.917348617153,-9292.551055425265
-8294.035894583732,-9291.691637187032
-8294.091964116833,-9290.89022542628
-8293.998458646704,-9290.150884925883
-8293.783150522177,-9289.399679624083
-8292.536809246405,-9286.778814726733
-8291.620541387188,-9283.929744993078
-8291.403152427753,-9283.480374387736
-8291.088168466213,-9283.076971107761
-8290.599642123483,-9282.762591206056
-8290.122110611921,-9282.59712337393
-8288.792308559257,-9282.558368139875
-8287.671098095381,-9282.556339631848
-8286.901851581386,-9282.412069173732
-8286.225338137807,-9282.205876111324
-8285.478645223444,-9281.750875740969
-8284.861158054373,-9281.362594459119
-8283.421858001582,-9280.162783346026
-8283.220325846503,-9279.975233544357
-8282.321508298535,-9279.143521279939
-8281.55878725958,-9278.226009765336
-8281.212285567226,-9277.622641459893
-8280.99724158488,-9277.080304851423
-8280.946715852253,-9275.771474406183
-8280.987883466452,-9274.650288156785
-8281.965423032982,-9270.199855911922
-8282.349987715166,-9267.331813060617
-8282.359493035505,-9267.303776119494
-8282.313177401924,-9266.712319038872
-8281.91954449424,-9265.930245469825
-8281.524800175777,-9265.31405130729
-8280.811775307477,-9264.640177783047
-8280.085689502945,-9264.23423457991
-8279.524901537443,-9264.067740509112
-8279.04510312503,-9264.084211733067
-8278.213436800714,-9264.256789133653
-8277.462523966298,-9264.532135793193
-8276.678160161613,-9264.985458909237
-8275.883101781146,-9265.639680636408
-8274.438870559843,-9267.165745341808
-8273.479114065594,-9268.377591529794
-8273.239361312731,-9268.556742529905
-8272.997096817444,-9268.633755240604
-8272.298850978465,-9268.427579848185
-8271.511376302336,-9268.08053912168
-8270.816483866749,-9267.495623201625
-8270.30232256342,-9266.82157829494
-8269.49146056568,-9264.544961004756
-8269.10881292522,-9262.631851675966
-8267.60683723329,-9261.44705391648
-8265.805967275288,-9260.2935333505
-8265.051923888443,-9259.64672512726
-8264.416132082584,-9259.062755536663
-8264.219274202376,-9258.671119944958
-8264.18272850941,-9258.26159205149
-8264.242105657619,-9257.22028720474
-8264.341281240815,-9256.092069014758
-8264.568417687286,-9255.334498955317
-8264.792214426277,-9254.776724046218
-8265.70781825875,-9254.03362546464
-8266.624617688503,-9253.320250238321
-8267.121941303612,-9252.685336161687
-8267.46505261042,-9252.065616027803
-8267.959188988394,-9250.540367166313
-8268.392020048188,-9249.074121048583
-8268.507052147124,-9248.306672386432
-8268.553529756708,-9247.625164267738
-8268.152227088516,-9246.572284885666
-8267.472494006885,-9245.336808873255
-8266.968004158845,-9244.631834057287
-8266.422677610972,-9244.16768233594
-8265.167053739087,-9243.478213670893
-8263.93217322363,-9242.998693495636
-8263.024197489221,-9242.789605053033
-8262.163387005945,-9242.701468641377
-8261.482287749792,-9242.7979087195
-8260.971288411707,-9242.983276642773
-8259.557396741597,-9244.601179726114
-8257.86277569677,-9246.47617035161
-8257.137454121143,-9246.960462489465
-8256.536111723433,-9247.265703126786
-8256.025043513497,-9247.37097439101
-8255.6152114961,-9247.387484281811
-8254.96645324732,-9247.181165501024
-8254.468234205078,-9246.867789518048
-8253.34969041798,-9245.678671357107
-8252.358874504644,-9244.490441194686
-8251.919754468874,-9244.17711423933
-8251.424145096178,-9243.982633719237
-8249.551912383231,-9243.926283202045
-8248.932175309605,-9243.93279826581
-8247.484304183698,-9243.940021769822
-8246.004889222315,-9243.716458573886
-8244.70874207476,-9243.437877841267
-8243.195119386664,-9242.702643796769
-8241.440260836107,-9241.877843860046
-8238.764995332067,-9240.185436950449
-8236.855419635602,-9238.881187097955
-8236.160528752118,-9238.293176519386
-8235.535415794107,-9237.681167116434
-8235.100980208093,-9237.076974522206
-8234.883455913125,-9236.562667742115
-8234.6675104568,-9234.862074188877
-8234.64295389534,-9233.023666946592
-8234.41190586173,-9232.04056303535
-8234.109840782907,-9231.196466682277
-8233.439609277035,-9229.922078991212
-8232.739342424184,-9228.714646819577
-8232.224041966561,-9228.071522250988
-8231.739073014702,-9227.708260504516
-8229.445531802909,-9226.948853294874
-8227.240049966153,-9226.430058760328
-8226.33317889172,-9226.043217608967
-8225.636020473701,-9225.637046115056
-8224.801207554747,-9224.959382211748
-8224.135243408913,-9224.374438219938
-8223.682526771772,-9223.70033837823
-8223.327409208052,-9222.887208358961
-8222.794037264499,-9220.851238186398
-8222.392030837731,-9218.769272537442
-8221.75548474174,-9217.293965777077
-8221.326474169897,-9216.089293822979
-8221.279113115519,-9215.639676859691
-8221.26067511718,-9215.288983790113
-8221.485669186715,-9214.761132787093
-8221.820437143897,-9214.354180706465
-8224.381123333658,-9213.046115047022
-8227.483075298187,-9211.66048273905
-8228.688012745548,-9210.95005706255
-8229.694039493308,-9210.280697110158
-8230.280661790635,-9209.673637691858
-8230.71296752814,-9209.056835077818
-8230.831502673409,-9208.179363409934
-8230.768132984695,-9207.288082524432
-8230.584280333282,-9206.656744203825
-8230.219702555953,-9206.022567770095
-8229.998100611196,-9206.312520610412
-8229.055625573903,-9205.244142059079
-8228.70946067675,-9204.930734687989
-8227.058060380365,-9203.868945792405
-8225.774773660796,-9203.176602920046
-8225.406715129078,-9202.773242738449
-8225.288489405928,-9202.64147869919
-8225.06165250517,-9202.379837583174
-8224.905635081663,-9201.747477934685
-8224.830427336068,-9201.18696659718
-8225.067279930694,-9200.450335894733
-8225.094948358063,-9200.450312289624
-8225.3040379171,-9199.602787126209
-8225.402922530746,-9198.324750208509
-8225.315924804063,-9198.054012606914
-8225.087849455724,-9197.81032692021
-8224.42209939799,-9197.376299243038
-8223.784008273531,-9197.029127155964
-8223.21495642327,-9197.06661851075
-8222.47472864945,-9196.928302948243
-8222.156227387217,-9196.70673829866
-8221.990852787703,-9196.374124907652
-8222.016687443544,-9195.693632040136
-8222.222224523208,-9194.895085514829
-8222.65802552166,-9194.260226146907
-8223.019450194375,-9193.942125432051
-8223.320913791034,-9193.984958803243
-8223.6079851155,-9194.108599126252
-8224.065202530204,-9194.572828455157
-8225.589730499683,-9195.363814548566
-8226.533221968955,-9196.253347049598
-8226.850359507067,-9196.44399129239
-8227.209804069014,-9196.548617911463
-8227.560585128318,-9196.492261008836
-8227.890766516019,-9196.295179322467
-8228.204985686347,-9195.808247823068
-8228.429893804056,-9195.2786012816
-8228.632265439452,-9193.709515363948
-8228.64434536498,-9192.289712921662
-8228.519753544368,-9191.750290267819
-8228.214403363585,-9191.266780205684
-8227.56534522596,-9190.801717326643
-8226.809133627437,-9190.445669051333
-8225.721425877358,-9190.116934871254
-8224.49517228185,-9189.74522826154
-8222.837342563973,-9189.570789254787
-8221.417113242684,-9189.439138107018
-8221.068512807355,-9189.307570459536
-8220.810345163984,-9189.063810585105
-8220.781229508888,-9188.934962895635
-8220.73528257833,-9188.673267174769
-8220.959098871537,-9188.235388539608
-8221.454004926296,-9187.510507446372
-8221.95007178148,-9186.872704062363
-8222.072762299305,-9186.554806974069
-8222.085798484557,-9186.25595524638
-8221.868359529106,-9185.7415483175
-8221.914996017875,-9185.242975378336
-8221.88362330733,-9185.212080706578
-8220.803524388019,-9183.903928275999
-8219.488051671755,-9182.222425635106
-8219.184890510032,-9181.560167620974
-8219.057830870297,-9180.968679258067
-8219.086062761891,-9180.158314352835
-8219.053908655043,-9179.210151214787
-8218.580577117207,-9178.276228955201
-8217.95991313009,-9177.18962055985
-8217.125189293503,-9176.512853597773
-8216.867033146593,-9176.380211240268
-8215.216856542875,-9175.177577134422
-8214.870422971833,-9174.743176936105
-8214.70502521761,-9174.382634402851
-8214.63937389029,-9173.853036242419
-8214.63934756227,-9173.82211484349
-8214.772825993929,-9173.31339353169
-8215.734723572703,-9171.771689400875
-8216.9496454566,-9170.030176706174
-8217.24563102745,-9169.334491591822
-8217.441547168633,-9168.624827497604
-8217.456803188212,-9168.18413430244
-8217.497507820863,-9167.885258988557
-8216.965156326822,-9167.042455527368
-8216.510075081806,-9166.336338674982
-8216.43509116592,-9166.03776145325
-8216.405862327148,-9165.77585196127
-8217.123736721142,-9164.992928050551
-8217.980135259862,-9164.129889275882
-8218.418261526558,-9163.28216898177
-8218.682797512178,-9162.465617823893
-8218.862668273496,-9161.368352331148
-8218.931753775967,-9160.33601653563
-8218.822081599765,-9159.058157409141
-8218.59220402652,-9157.973210802775
-8217.647647047836,-9155.925621099675
-8216.81208582576,-9154.361609350832
-8216.607861972723,-9153.757119899834
-8216.383109416473,-9153.094894698892
-8216.090436358396,-9152.08491119298
-8216.011506770024,-9147.152911151305
-8215.845340660828,-9143.141147237617
-8215.84171235701,-9138.880476919512
-8215.830981312087,-9130.499981269913
-8216.457555899417,-9120.27452908528
-8217.603547812096,-9109.843754571068
-8218.953520510264,-9103.8573124084
-8219.757370225907,-9102.151958627224
-8220.91536270199,-9100.121627786899
-8221.671812786752,-9098.019622238715
-8222.318734370763,-9096.083488806991
-8223.118809096453,-9092.598559809609
-8222.8609339131,-9089.948913017124
-8222.1037825418,-9088.48069114141
-8221.78953690798,-9087.559600285947
-8221.870602563577,-9085.088509943813
-8222.04967541741,-9082.959067675663
-8222.434978298052,-9081.043306104288
-8222.540676894845,-9080.503587133193
-8224.157910511674,-9078.37990035227
-8226.197941075494,-9075.964991601193
-8227.78109199466,-9073.378609038398
-8228.864676915786,-9070.359054377406
-8229.345934572659,-9067.850716082967
-8229.488286115686,-9065.203620372575
-8231.062310026482,-9057.605180319093
-8231.633849055128,-9056.27975888741
-8232.500114078435,-9054.257555570903
-8234.654347715477,-9050.014093365966
-8235.622050324042,-9046.771803011266
-8235.973338376816,-9043.10541809805
-8235.985715223096,-9039.195442356013
-8235.638013642254,-9034.333493850841
-8235.431864504268,-9031.47204103634
-8234.55184474076,-9023.154229238258
-8234.076556225184,-9019.920253345592
-8233.92970199319,-9017.387314961943
-8233.69103726763,-9015.994558128406
-8233.466980997238,-9010.465099558156
-8233.2101437988,-9000.511210795645
-8233.505049588555,-8991.603890340391
-8233.882449504,-8986.017960068271
-8234.063345610479,-8983.287841902844
-8235.048977491864,-8974.226221736764
-8234.798055205,-8969.733850840228
-8233.905070897295,-8961.595094393897
-8233.140493862287,-8958.468094082144
-8231.178577365408,-8955.12137692322
-8229.395193169175,-8953.228412905932
-8227.16546914218,-8950.968163628253
-8223.814659511916,-8945.961949526802
-8222.47268883067,-8942.869554156303
-8222.058980908932,-8939.696270443525
-8221.83484680156,-8934.163818671195
-8221.708085319491,-8931.17232767028
-8220.310993512552,-8929.799609813983
-8219.737860597168,-8927.775741868476
-8220.139239022217,-8926.290472438028
-8221.788582751822,-8925.191853667131
-8224.406265967995,-8924.354343046996
-8225.693176895791,-8923.654819579304
-8226.218340855152,-8921.76886203894
-8226.46724995791,-8919.593376413677
-8225.39489281167,-8918.703953540587
-8224.039180948505,-8918.020649193732
-8222.442713537732,-8917.507418418945
-8221.39609114948,-8915.918550179247
-8220.820907860561,-8914.234420831539
-8220.607011382594,-8913.651983502037
-8220.389573507333,-8913.131591553194
-8220.476901018015,-8912.321076188582
-8220.881412009574,-8911.766240055551
-8223.79540149878,-8907.779776829622
-8224.092683243807,-8905.771125978614
-8224.659949763889,-8895.325879018761
-8224.703341768305,-8892.396185341393
-8224.448910496636,-8889.564597129001
-8223.86048711175,-8887.938332211075
-8222.594576226127,-8886.399723888291
-8221.174695058007,-8883.877845205154
-8219.585013964219,-8881.414163592279
-8215.956229375846,-8874.161890367017
-8214.407314955244,-8871.568303080432
-8213.392127966707,-8869.88145595696
-8211.289540589401,-8865.433651972566
-8209.984020912292,-8861.251093109182
-8207.899832773859,-8854.453143485143
-8206.893367142176,-8851.7152584869
-8205.730953134353,-8848.515679450962
-8204.220591112167,-8847.311926489067
-8201.890703582125,-8846.263777019416
-8200.52432261701,-8845.700274038662
-8199.319653365019,-8843.822871087217
-8198.310785448606,-8841.204782845629
-8196.893372314891,-8838.621055461557
-8195.192693172863,-8836.148287380272
-8192.870558358289,-8832.905903784067
-8190.794414174172,-8831.228932995227
-8188.993641267306,-8830.084474349991
-8187.934352398531,-8829.016090736484
-8187.684783464371,-8827.565488644468
-8188.346882592243,-8825.108866133723
-8188.864756558926,-8821.624078545496
-8187.966863920468,-8819.064845107096
-8186.302874815674,-8817.170773920008
-8184.734576972197,-8815.848169132436
-8180.141987904432,-8813.509917658192
-8177.89934726921,-8811.540329105945
-8177.877810759592,-8810.391266697272
-8177.632997388098,-8807.448750572068
-8177.497808783929,-8804.457165862974
-8174.975884660582,-8798.614952740298
-8168.691866846109,-8777.651751044865
-8164.940440102467,-8770.679350751689
-8162.794623294658,-8767.742433862051
-8159.57735957463,-8763.777337842168
-8156.669822956704,-8761.040956443794
-8154.6917510964195,-8759.763579358792
-8153.046808038806,-8759.022656550138
-8151.282643568413,-8758.447513358282
-8149.627024580234,-8757.93132806978
-8148.332803856285,-8757.082082386014
-8146.813962014045,-8755.7094564916
-8145.6223252551445,-8753.600124775616
-8138.428570733525,-8744.338445261594
-8129.954304993073,-8730.537474927616
-8124.863829867393,-8722.325140642495
-8122.310253228302,-8719.131810490346
-8120.246021845858,-8717.165050378004
-8117.035330680478,-8715.109383536248
-8115.17752074358,-8713.49425477161
-8113.97279751073,-8711.612751280933
-8113.086778877239,-8708.824681810846
-8112.320105354549,-8705.917613867292
-8112.279503758608,-8703.557443965565
-8112.530662674828,-8701.151145092803
-8112.524365927722,-8699.428426836088
-8111.470640802522,-8696.400807216125
-8110.0982719340645,-8694.350473517443
-8108.52999397613,-8692.915940433848
-8106.837844396251,-8691.882193376652
-8105.825665544606,-8691.044674325904
-8104.680094267426,-8689.225062520867
-8104.024217830535,-8686.267927641396
-8103.97069640654,-8684.246607712841
-8097.781430345476,-8670.936235590767
-8095.219058395668,-8662.912676029664
-8094.278554580699,-8658.334996777787
-8094.75865856875,-8655.82955733435
-8095.743341321945,-8654.18700101997
-8097.1645898323595,-8652.740977707695
-8099.758725864533,-8651.210979584812
-8100.730209967665,-8649.579405961067
-8100.198229629499,-8646.345369702956
-8099.142232773149,-8643.487618899266
-8097.278422911609,-8640.380581540086
-8093.915630632159,-8632.440583024074
-8091.77922274386,-8630.593872378351
-8089.921626008297,-8629.208554592018
-8087.953110148436,-8627.821234834493
-8086.457007808364,-8626.21976140582
-8085.328597964,-8623.420920258211
-8084.528301552064,-8616.381076552208
-8083.501624380304,-8612.494014026473
-8081.644542386989,-8607.427445644998
-8078.836853542069,-8599.973739614403
-8078.150469929031,-8597.999830567602
-8076.752713356308,-8593.05586379468
-8075.688393129267,-8588.827099940243
-8075.820195223753,-8586.416911753771
-8076.0842319062795,-8583.610917942762
-8076.2704250896895,-8581.37334556218
-8076.348212830724,-8579.240996930293
-8076.080870080906,-8576.700175798213
-8074.891410363806,-8574.251096034597
-8073.934886787591,-8573.580502740011
-8072.231068305121,-8572.956318847566
-8070.190517247193,-8571.96993735678
-8068.184252919894,-8571.502907377302
-8067.035427675695,-8571.463970193621
-8066.177998031477,-8571.146894963884
-8065.417512336353,-8569.912468630986
-8064.780854881616,-8568.224390767144
-8064.023812602794,-8566.709174701551
-8062.373781795348,-8564.233547049875
-8059.985828586125,-8561.515553360163
-8059.026734707281,-8559.066278977742
-8058.784239204452,-8555.946008405415
-8058.948067183402,-8554.347132585945
-8059.21816607446,-8553.089800102985
-8059.139964522809,-8550.329078469213
-8058.778546098337,-8549.131423686491
-8057.99152553052,-8546.546948376974
-8057.2143427168985,-8543.931742808214
-8056.65185627717,-8541.676941782602
-8056.705727188428,-8541.227238976626
-8056.815777002104,-8540.188984138726
-8057.590345446182,-8539.57479524184
-8058.50896468359,-8539.602056152391
-8061.654565671878,-8540.168979230817
-8064.703281613529,-8540.323230813794
-8065.818084383309,-8539.96261176484
-8066.762448796171,-8539.19147836976
-8066.805969942597,-8537.860422992842
-8066.122016294058,-8535.885513423822
-8065.413222254658,-8534.491249685554
-8064.749527861339,-8533.653434588305
-8062.371401706862,-8532.484298749116
-8060.94257862781,-8532.152738928302
-8058.812624924132,-8532.19461795701
-8057.8465051570765,-8531.536898368113
-8057.653095895939,-8531.043413986745
-8056.731487319899,-8528.737044848816
-8056.3531727504605,-8526.022457372794
-8055.942471466746,-8523.660700753959
-8055.828544191292,-8522.95838021953
-8054.773559163226,-8521.180480219979
-8054.567154349467,-8520.838920740909
-8052.994894470299,-8517.694824203109
-8051.753607895752,-8515.224738153865
-8050.516975730624,-8512.421893293993
-8048.901363623171,-8510.71069257621
-8047.502091269066,-8509.6276149872
-8045.661248198595,-8509.45339804553
-8041.161302309957,-8509.644975739255
-8039.248506422203,-8509.988203352152
-8038.099640412818,-8509.891409714264
-8037.07106566297,-8509.509439788531
-8035.994173864875,-8509.020781135747
-8035.211176906967,-8508.245105834787
-8034.994008110543,-8507.924501698042
-8031.755712864708,-8503.12799109804
-8031.227476933238,-8501.442613430318
-8031.267475348455,-8500.191657628318
-8031.293530605607,-8499.66198132087
-8031.531655602371,-8497.545458686021
-8031.584510814321,-8495.874758343038
-8031.130908226446,-8494.079497427896
-8030.537700381007,-8490.955528184013
-8029.994402438531,-8489.951731699612
-8028.723802212444,-8489.90979924829
-8028.203219852975,-8490.188027191025
-8027.776942028244,-8490.69290065808
-8027.015330848435,-8491.005342854229
-8025.975109991643,-8491.089198197842
-8024.665700776591,-8490.815386613913
-8023.53427378101,-8489.976062806692
-8022.54481978451,-8488.790799137601
-8021.827226756927,-8488.362685306754
-8011.350077630568,-8482.095440112449
-8006.907762627734,-8478.898560862954
-8002.062140241781,-8473.565840465564
-7993.320779918716,-8464.133470525554
-7983.142345523662,-8453.047585860288
-7971.453027590185,-8438.570556719445
-7958.454390702185,-8423.772013588848
-7954.268838687527,-8416.155323753843
-7949.41449193299,-8406.045318049788
-7948.647485288764,-8405.688159344956
-7940.563064348098,-8404.918394453307
-7938.704131015828,-8404.775093454957
-7937.633793175056,-8404.81587354065
-7936.388941554028,-8405.27363840838
-7935.152688004001,-8406.022955464652
-7927.6427511629,-8411.981515472226
-7926.469211621711,-8412.662952117338
-7925.244864201605,-8413.052771214663
-7923.802071448182,-8413.290755838474
-7922.327680162793,-8413.117012092242
-7922.077620974418,-8412.432756154083
-7921.748981583787,-8411.530817876312
-7923.764636986579,-8411.777929314065
-7924.8856728729525,-8411.589085079104
-7925.858246943351,-8411.277574664839
-7926.791931264032,-8410.734284936263
-7931.565133039853,-8405.844169665723
-7933.61570533983,-8404.542484214398
-7934.87231993141,-8403.65111137031
-7936.191624462819,-8402.762778897177
-7937.868843094009,-8401.886021361408
-7939.103958876919,-8401.278544608273
-7945.104212268242,-8397.776284129626
-7945.26890652402,-8397.209587446296
-7942.240555523873,-8390.973030270301
-7940.615562188344,-8386.549807376477
-7937.56485143401,-8378.221879146342
-7937.476640897976,-8377.982160846017
-7934.739447358324,-8368.119072056315
-7934.2527385388175,-8365.57453672047
-7934.471607899264,-8362.077039601072
-7935.181280600765,-8358.583228055522
-7936.982701411738,-8354.868576204297
-7938.4569730828525,-8351.860698942926
-7941.731232116555,-8346.448242330032
-7945.230674089795,-8341.965935968246
-7948.118256846051,-8339.782195935246
-7951.6150548313535,-8337.979782683997
-7953.856218435313,-8335.407961174675
-7956.258132340139,-8330.328874337996
-7956.580819141104,-8329.8909196732
-7956.91554194283,-8329.453054810372
-7957.674981717038,-8329.459410158259
-7958.390267583023,-8329.945483554384
-7959.751258047921,-8330.05827047853
-7961.067144095269,-8329.397658920328
-7962.925132002638,-8328.41292147934
-7964.454148831739,-8326.126362685387
-7965.26224912883,-8323.823542189637
-7965.975193743517,-8320.057816077708
-7967.563344551144,-8317.823275642964
-7969.468917352025,-8314.648260531267
-7970.399664000313,-8313.396368677224
-7970.8324060666355,-8311.920259077182
-7970.83055318932,-8309.678055535942
-7971.543218006041,-8306.993582915373
-7972.308399659445,-8305.252271187095
-7973.0736547209335,-8303.498989734806
-7972.690667305393,-8302.575053984545
-7971.982910551116,-8302.297745163167
-7971.112566990958,-8302.301457321208
-7969.850733516626,-8302.52134486746
-7968.4307107132345,-8302.578576465201
-7967.611908547588,-8302.243506054992
-7967.3442251540055,-8302.079843554831
-7967.18086170212,-8301.319609817034
-7967.50466602265,-8300.819711170087
-7967.718869321055,-8300.391820446459
-7968.491407423523,-8300.169345277822
-7969.305757467625,-8299.567199704816
-7969.630602399904,-8298.8095547582
-7970.402280001571,-8297.545924534461
-7971.55036122682,-8296.724558894923
-7972.310779620842,-8296.40114982495
-7972.806075165667,-8294.865938340252
-7973.233202969268,-8293.778545964251
-7974.600691024335,-8292.960988337318
-7977.060383605207,-8289.350817222885
-7977.386741550047,-8287.492965099129
-7977.166435061663,-8286.402018711477
-7976.733102749883,-8285.746842265075
-7976.184490815568,-8285.472593939126
-7975.089349164242,-8284.813975160961
-7974.495756237182,-8284.219876414962
-7974.378368314849,-8283.6683744938
-7974.386181605997,-8282.908098992182
-7974.548503524716,-8282.408233938784
-7975.2083752434955,-8281.483535194751
-7975.474077395735,-8280.666789192943
-7975.801336856233,-8279.899167358977
-7975.805640192321,-8279.240736092048
-7975.4767093834325,-8277.986993237319
-7975.471455904821,-8277.496343755605
-7976.291358079259,-8276.232673115774
-7976.9464868168325,-8275.637541139882
-7978.368705644053,-8275.309693767615
-7980.113708949081,-8274.766624908634
-7980.939044211399,-8274.211350156289
-7980.938143865837,-8273.123214575327
-7980.604630234621,-8272.19026093496
-7979.788169773313,-8271.753248524594
-7979.131979944347,-8271.267227506954
-7979.027789839065,-8270.60489616852
-7979.13551254261,-8269.67736253418
-7979.130259780662,-8269.187810265777
-7979.025937428713,-8268.365585136327
-7979.242332751318,-8267.658900404707
-7980.01070097782,-8266.844930037798
-7981.265153099176,-8266.296382009126
-7982.84884557324,-8264.547409307672
-7983.993944677378,-8262.956698592941
-7984.31787650442,-8261.098848177226
-7984.424654904106,-8259.03131063178
-7983.993817538836,-8256.946463488564
-7983.989722799137,-8254.927893635322
-7984.0975343479195,-8254.108485240738
-7984.969859041507,-8253.676158838696
-7986.556876935821,-8253.01930897323
-7987.209830412761,-8252.525221447917
-7988.30427820051,-8249.523635586947
-7989.075137434009,-8247.27969422164
-7989.230315468132,-8245.422083198415
-7989.014091590895,-8243.508722369284
-7988.3626880718275,-8241.43293563159
-7988.031466282074,-8240.340086402823
-7985.36053007885,-8239.248078515726
-7983.935381983311,-8238.756710002554
-7983.335316883928,-8237.611018059097
-7983.338673536158,-8235.91043435358
-7984.10086934663,-8233.398680712351
-7984.477391124498,-8232.471123816851
-7985.081003375948,-8232.146945862938
-7985.904094480934,-8231.813509096803
-7987.646843536109,-8231.485295018047
-7988.80003968129,-8230.997775088044
-7989.724215949148,-8230.504360309875
-7989.669432344479,-8229.853857949414
-7989.345888013425,-8229.25065878332
-7988.359284295686,-8228.643919509774
-7987.104059745397,-8228.152310890702
-7985.52059406901,-8227.34028850383
-7983.175930559127,-8225.700500226212
-7981.044976734853,-8224.553282978979
-7980.110235434401,-8223.894531905316
-7979.461493176297,-8223.617274496331
-7978.480383962849,-8223.790947605887
-7977.378822298091,-8223.951653483773
-7976.567668224142,-8224.16518415274
-7974.65253587256,-8224.548399520856
-7973.725339328332,-8224.219503821427
-7971.919544534716,-8222.696269868515
-7968.650573433279,-8221.386905184918
-7965.316767541816,-8220.511391230917
-7962.753250634772,-8220.948205238461
-7959.086579765347,-8222.857691600188
-7956.249423044046,-8226.24344081869
-7955.488391218656,-8227.337092935892
-7954.613783879073,-8227.939386890912
-7952.589352313457,-8227.342477567401
-7948.496427555563,-8225.319499919502
-7936.050254345728,-8216.412801874689
-7915.514335774163,-8201.441353907661
-7900.173300255319,-8187.245125896946
-7883.688221534338,-8175.9853536312385
-7867.243452124751,-8166.756063219113
-7838.694459155445,-8146.328261102441
-7820.127633725546,-8130.371904016308
-7793.962615812627,-8107.920767420248
-7769.888447566493,-8084.47848665702
-7746.736429529365,-8065.476026881509
-7728.930374354559,-8050.725816174994
-7710.474525290936,-8034.4983449116635
-7691.961932933363,-8017.993088748386
-7670.357996337207,-7994.512676557885
-7651.645382335391,-7973.275218686303
-7633.4276094780025,-7951.362745107139
-7612.945721879306,-7924.118269421269
-7600.128247046812,-7902.180517895361
-7590.731246229909,-7888.560627063386
-7582.79725584363,-7874.643826965307
-7575.361721205137,-7859.9421204227265
-7562.028566965687,-7834.910179484507
-7553.88808791782,-7820.5007678210595
-7550.707696693408,-7819.674963075369
-7547.81824238412,-7819.489403148979
-7547.062845078027,-7820.004587999351
-7546.562371941401,-7821.279942454628
-7546.246952266264,-7823.316718208691
-7546.705021275504,-7824.780142686407
-7547.533960830958,-7825.857655913332
-7548.491092545244,-7827.446669593411
-7549.455653203719,-7829.343395989833
-7549.588534164571,-7831.25374083238
-7549.027624648619,-7833.799217703524
-7547.258826614652,-7836.225744875524
-7546.274113427928,-7837.9482439981575
-7546.323331121792,-7839.2170834725985
-7546.324076312758,-7840.169464555953
-7545.689299320634,-7840.8144250679115
-7544.925382863878,-7841.12573411317
-7543.464665735449,-7841.323777458317
-7541.677868176965,-7840.829534274092
-7539.963310866913,-7840.264314328942
-7539.511416081321,-7840.390647926609
-7539.3263901194505,-7841.161136561782
-7539.656005639017,-7843.382138384995
-7539.668607359344,-7845.603388182876
-7539.991064177674,-7846.364602375187
-7540.750606931039,-7846.551731488657
-7541.261611724933,-7846.5573164929065
-7541.897055175346,-7846.870622465746
-7542.026344520556,-7847.182329533473
-7542.226172864958,-7848.454043558667
-7542.229941527885,-7850.17377375163
-7542.241698345509,-7851.313869523681
-7543.93280760341,-7855.877953262503
-7545.087727659149,-7859.118618016702
-7546.69526786758,-7861.662396933253
-7547.980118307296,-7864.642919899107
-7549.594738515376,-7870.036456390876
-7550.696514587545,-7874.676009948959
-7551.34132270925,-7877.6601259383715
-7552.129557697695,-7879.049379058712
-7553.405949029923,-7880.50827175991
-7555.125910613314,-7881.774006221723
-7556.725181271517,-7883.035645634003
-7558.325438943375,-7885.449558014937
-7559.933974679534,-7889.253334315313
-7560.906820175979,-7892.4320973842
-7560.601906431405,-7895.608870307071
-7559.524667970557,-7897.652029139305
-7558.704730823546,-7898.792777069583
-7559.47175240846,-7899.238841300201
-7561.385121123238,-7899.865844489882
-7563.805216199568,-7901.007042936022
-7564.575304698413,-7902.272523567333
-7564.584845695671,-7903.6743563341315
-7564.14127947924,-7905.258582438248
-7552.590820976753,-7917.033362722076
-7552.523349126441,-7917.110320306112
-7549.316174253832,-7912.966062950307
-7548.084179125615,-7911.211386007853
-7546.543109783794,-7909.031431446664
-7546.95156590625,-7908.716311029526
-7554.81191333963,-7902.59198935185
-7556.281749666344,-7900.153725822182
-7557.7948576343315,-7897.474539820641
-7559.1947469545885,-7895.049397482491
-7559.320021401792,-7893.329566201022
-7558.866440868448,-7891.414485832393
-7557.770586872983,-7889.646736243464
-7556.303619965343,-7888.06410812411
-7554.257937246719,-7886.3560530121895
-7551.941382346565,-7884.976974866728
-7539.664332572264,-7850.933257596254
-7537.994444074086,-7847.317348772562
-7535.75115623882,-7844.278523743314
-7534.203445660419,-7842.566982792077
-7533.749881046312,-7840.662873239438
-7531.828030844459,-7838.575978192124
-7530.870986686362,-7836.98995521751
-7530.3456384217,-7834.134617118463
-7530.01159747382,-7830.952459020264
-7530.6424561781505,-7828.285935825195
-7531.39894237737,-7827.771848630681
-7532.348627280584,-7827.641136533764
-7532.993858725577,-7828.0753284784605
-7534.906297709587,-7830.420973671795
-7536.8987705334985,-7833.4699697562855
-7537.028724048459,-7834.738945639398
-7537.47402518146,-7835.373086298272
-7538.1119953069665,-7835.819153429654
-7538.749760991931,-7836.003585041972
-7539.580215878302,-7835.812020243836
-7540.852832052827,-7835.552281680962
-7542.62336951974,-7835.348011476657
-7543.898444460909,-7835.026327875822
-7545.294713346595,-7834.07006035533
-7546.058601745157,-7833.616811718033
-7546.369774747493,-7832.3474905795565
-7546.355074406939,-7830.436953428431
-7545.254475604694,-7825.7974979097435
-7544.298590382097,-7824.091579770731
-7544.015024040001,-7822.188335051477
-7543.884233517035,-7819.9571032758995
-7544.308658294362,-7817.089052834434
-7544.753328156281,-7815.314110842071
-7544.932264208882,-7812.95675623817
-7544.958692681151,-7809.774316373951
-7545.266794812827,-7807.678695783618
-7546.328006804633,-7805.1368172034045
-7545.857200024279,-7804.162959558721
-7541.022835357042,-7792.480915665251
-7532.990020586603,-7769.12441908252
-7525.279731893305,-7744.967295477018
-7519.4775558478,-7728.630615881972
-7515.631522153236,-7713.567469811236
-7513.266926176165,-7700.025900889667
-7511.9803918142325,-7688.725697920168
-7510.34213217539,-7672.98025589497
-7509.859533385389,-7666.187978520177
-7509.926321672376,-7656.004881168107
-7509.92430581541,-7644.186090374739
-7509.851194017199,-7643.136013598363
-7509.034985474059,-7642.92678238715
-7507.65696819805,-7642.497249192334
-7507.370026795583,-7642.469443863822
-7505.87045816573,-7642.32278711952
-7503.9780592950765,-7642.367151770889
-7502.12678770098,-7642.528486979601
-7502.047230311875,-7642.53862332509
-7494.680754714996,-7643.397588024929
-7494.558214395881,-7642.408494832486
-7502.00549323441,-7641.530315951814
-7502.136785581031,-7641.521236549955
-7504.588330107097,-7641.282529225076
-7506.5890862803235,-7641.077088810154
-7507.36890439295,-7641.027605516985
-7508.140283555305,-7640.981121136156
-7509.141796408365,-7640.77945095505
-7509.692577869609,-7640.684062922084
-7509.443865571843,-7637.0510811918975
-7508.943151316473,-7624.056664454906
-7509.60538799679,-7609.211737383521
-7509.457569971575,-7601.9505882646645
-7509.51985674215,-7601.549757281619
-7510.277458222893,-7596.157356248366
-7511.942556181514,-7590.580414573516
-7513.6009969275765,-7585.793970784975
-7515.830020360572,-7580.052605042673
-7517.727122954608,-7576.837683995316
-7520.133871273631,-7574.799476383495
-7522.037555609022,-7572.2039766769385
-7522.985600483031,-7570.003022757
-7523.430579963504,-7567.1348563982865
-7525.770737712937,-7563.305945776996
-7528.6854643120905,-7560.4199906043705
-7532.380046217672,-7557.650228542751
-7533.556132212653,-7555.618964042707
-7533.817809944399,-7554.121959620667
-7533.943797762477,-7553.422337111208
-7534.045590725068,-7551.06514185838
-7534.252308288912,-7548.754745554329
-7540.635674862327,-7543.927595991976
-7547.949969324081,-7539.609219605533
-7554.285355630015,-7536.602576661406
-7563.898660906239,-7532.833985453747
-7575.693101352719,-7529.992911292231
-7597.038803929359,-7525.610492693344
-7598.517899514766,-7525.782287583056
-7606.492253415562,-7525.511169659024
-7606.487479568548,-7527.087870537044
-7608.178029417851,-7529.492727362678
-7609.487988402835,-7530.643668575633
-7611.236637350339,-7531.899396267627
-7614.190526959465,-7532.825306464383
-7619.860186575645,-7533.920034975783
-7622.867763466187,-7534.355245738825
-7629.205018438816,-7533.638837454654
-7632.364114002471,-7533.645313470825
-7634.822084951102,-7533.856226265411
-7637.504569535737,-7534.630529736404
-7640.500457349945,-7535.395507058059
-7642.139711298903,-7535.387125375652
-7643.83178593839,-7535.063202514779
-7645.7404709246175,-7532.818284077257
-7650.2255844521615,-7529.876085583263
-7655.300403136811,-7527.139194177566
-7661.961454366546,-7524.461984471583
-7667.258950804329,-7521.45708964778
-7672.768285939126,-7516.532596215915
-7676.157390696784,-7513.091626473301
-7677.855214937174,-7510.967962104658
-7678.837812579966,-7509.704085962748
-7679.429433162491,-7508.008916990492
-7679.760980184413,-7506.54187658016
-7679.979671752431,-7505.774250677286
-7681.06832857409,-7504.513282184156
-7682.216891453901,-7501.341915693725
-7683.250877875459,-7499.542557466065
-7684.070886445544,-7498.447781408675
-7684.405803151368,-7496.700848688953
-7684.407095335365,-7495.280852638674
-7684.563574713182,-7493.530072308408
-7687.294121428662,-7489.603058829571
-7689.204208784132,-7486.10122142439
-7690.300169071094,-7481.95068178335
-7690.514779534473,-7479.001696705384
-7689.861742896975,-7473.2657808438025
-7688.989968306216,-7471.380963117492
-7688.065114046574,-7469.379284426016
-7686.693747587826,-7462.278906644746
-7686.039103184271,-7454.521523514609
-7686.044823508164,-7454.148765243407
-7686.255358846929,-7443.045284846339
-7685.544499646954,-7429.767261297495
-7684.777281361547,-7415.401044989913
-7683.741827107224,-7406.221076949388
-7683.954652804063,-7401.03188009058
-7684.448644197704,-7388.736198786926
-7685.928172789881,-7375.739109896397
-7686.35928750093,-7360.162008293546
-7687.2382404072405,-7348.419414278705
-7689.035670882339,-7336.674192061534
-7691.49211236008,-7326.122512265075
-7694.3884517213355,-7316.998355869235
-7701.20550385866,-7303.174588052101
-7705.200623669932,-7291.916265194366
-7708.3567715150675,-7285.093055099183
-7712.840622482938,-7277.710299094483
-7724.527206805099,-7262.52775475942
-7733.911318154002,-7251.323949032951
-7747.457071663208,-7239.9599873568895
-7760.617333067879,-7230.336898673553
-7769.573299262634,-7225.033725483293
-7781.092270823237,-7220.338127427545
-7789.933549729353,-7217.82295121257
-7801.3994683396095,-7215.9591837091375
-7810.079266426345,-7214.981916315256
-7821.442447898392,-7214.5380043452915
-7832.361647069484,-7214.867876609957
-7839.783365753837,-7215.580318366804
-7848.466992284803,-7217.874409508732
-7856.444475583135,-7220.328962648813
-7864.416969729414,-7223.936686143392
-7869.821426041446,-7226.724087955175
-7872.438400441705,-7228.41255931221
-7875.826171831289,-7232.452729143649
-7878.553436082252,-7235.0254639311415
-7880.792681055072,-7236.225681913484
-7875.879366860391,-7247.443933019636
-7880.161261851504,-7249.698600843368
-7866.034456928447,-7280.09142272084
-7863.497606381924,-7283.411869616846
-7859.837695837778,-7287.151968872655
-7853.969992850213,-7291.281582004508
-7849.220649813185,-7293.74151676467
-7848.7784673481165,-7294.058572981847
-7848.588116119398,-7294.095734064162
-7846.693682205442,-7294.531873482906
-7844.928464361854,-7295.186851574538
-7843.5072724013235,-7296.604911628942
-7842.90015982583,-7298.518948348232
-7842.849498794564,-7299.93888528739
-7843.612743327251,-7301.845722214826
-7845.1957363558995,-7303.818921670354
-7846.781284370022,-7304.4121217953225
-7850.328729956956,-7304.693012499267
-7854.150911759127,-7303.264017836777
-7859.23171501352,-7300.806802800541
-7863.812423324019,-7297.035031058525
-7868.672181339247,-7292.44370904743
-7871.789329453827,-7286.821528374842
-7875.8846325808145,-7279.063167748709
-7883.420522737455,-7261.628645964012
-7890.183427139216,-7248.193600277989
-7895.321917358673,-7235.295520848567
-7897.970310755515,-7228.2968102120485
-7898.627733742102,-7227.522934386445
-7907.819611069033,-7230.651935028869
-7908.585203019762,-7232.456823851525
-7909.729247971778,-7235.625439644342
-7911.046744727349,-7237.2081381126145
-7913.06970753892,-7239.224854040057
-7915.301507156097,-7240.104284375502
-7917.704505882888,-7241.0326489760355
-7920.870057525483,-7241.689573681554
-7923.438681688927,-7241.680380205296
-7925.784933065936,-7241.080967539583
-7929.281081210869,-7239.1716308939585
-7931.845765766688,-7237.421856553624
-7935.336737799249,-7233.49105305885
-7936.110626281296,-7232.067527543043
-7935.941892309909,-7230.646773143879
-7934.7996819838745,-7229.717474857093
-7932.176311936999,-7229.005147987859
-7929.932480908036,-7228.026682866415
-7927.699743562716,-7227.428043957511
-7923.380952349301,-7227.261726788281
-7921.805231426207,-7226.718504287919
-7920.764090678182,-7225.619252432484
-7920.215640358724,-7224.14374958189
-7919.7750388623635,-7221.7999618103195
-7919.999135738174,-7218.7921119740095
-7920.759792283561,-7217.537469892497
-7922.893377175725,-7216.164795894097
-7925.399647249909,-7215.23848117765
-7928.731359128801,-7214.095634641205
-7932.121966522854,-7212.721824602013
-7933.4893045951185,-7211.904371174284
-7934.467356079928,-7211.084245650064
-7934.5749370722515,-7209.994024134292
-7933.917999961515,-7208.4077926374275
-7933.159827760737,-7206.990515776789
-7932.339632551289,-7204.745989820925
-7932.0644041751775,-7202.890626327302
-7933.04806351758,-7200.0500248042
-7934.875267837202,-7195.533979610121
-7936.829099802703,-7192.763698311737
-7940.074820221225,-7191.029320238604
-7948.4266830047545,-7188.480387963857
-7951.428767744721,-7188.043214876273
-7956.079999163979,-7188.011447078969
-7959.546828704646,-7188.480187378341
-7964.412841927337,-7188.851813796491
-7968.440193279932,-7189.215353503677
-7972.361050846854,-7189.249017145512
-7974.518773538134,-7188.178045800559
-7976.001307662706,-7186.600021227359
-7977.143878905856,-7185.138283376966
-7978.638548395188,-7182.37016903661
-7980.580561302678,-7179.777637407143
-7983.720767801993,-7175.884112533011
-7986.808690813477,-7172.840871846135
-7990.279943073139,-7171.390069591638
-7998.917046204707,-7168.381223587768
-8005.1633576386985,-7167.464849928453
-8009.30138396091,-7167.766138354015
-8013.893337506325,-7167.51544762326
-8015.384593141622,-7166.387168104946
-8017.4965823682205,-7163.797380248291
-8019.324224360816,-7161.370814838463
-8020.645885345738,-7157.80246930832
-8021.674228194295,-7156.572632788827
-8024.814661178441,-7154.486606384258
-8028.336497076504,-7152.976797872483
-8028.958182580684,-7152.761525039493
-8029.981026526081,-7153.561041364348
-8030.142119357903,-7154.522067543319
-8028.715727579696,-7155.358635619029
-8028.1991841333165,-7155.9846780201
-8027.507213647949,-7158.809984754069
-8027.7790743190735,-7159.611124284153
-8028.173769087455,-7161.595258564268
-8027.708948432582,-7162.211183410885
-8026.741700228272,-7162.942335310871
-8024.465627498408,-7163.785595198972
-8023.325262248958,-7165.0745753828905
-8022.64092455792,-7166.830689182569
-8022.560738392282,-7170.399098766974
-8022.5497018195465,-7171.699008543927
-8022.998972159263,-7172.782782752547
-8024.582401252424,-7173.754793919612
-8027.134997321429,-7173.487740583906
-8027.984863483865,-7173.603935944183
-8028.992297070397,-7174.863198292895
-8028.815516317667,-7176.841823779387
-8029.381182736993,-7177.296995994876
-8030.339627540302,-7177.533993836578
-8031.983393845322,-7177.196876217965
-8035.910970979246,-7175.070291474022
-8037.395700374766,-7173.4333052072025
-8037.688394614261,-7171.855365606907
-8037.419784303807,-7170.5435199238
-8036.349678090242,-7169.293487418067
-8034.311341980853,-7167.696345104406
-8034.32130820085,-7166.618273134315
-8034.505649555609,-7165.089299888575
-8034.794048204011,-7164.072838812203
-8036.0967565513,-7163.741989629888
-8039.218372887688,-7163.646422111908
-8040.1811830765755,-7163.306878697482
-8040.6964801148315,-7162.689913663029
-8041.49796915675,-7161.217480536342
-8042.025270932262,-7158.961764836685
-8041.756803591464,-7156.5188898843535
-8040.361018143347,-7153.568346440119
-8039.004885069998,-7151.966646025981
-8036.802060904809,-7151.047221598862
-8036.75391712749,-7149.636342895691
-8037.320822522459,-7148.671717302416
-8039.154425476552,-7146.187090446988
-8042.296625839365,-7143.322832085293
-8044.126741764638,-7141.0689215800785
-8045.552259903751,-7139.089253283829
-8046.075138262552,-7137.444191062754
-8046.2542899700065,-7135.4076102516165
-8046.096362496239,-7133.934880440728
-8044.813746942317,-7129.394478107512
-8043.579340822514,-7127.743800723729
-8042.008245667445,-7125.520857343348
-8042.018919817742,-7123.990033846404
-8042.3086460263,-7121.561654995843
-8043.118856414645,-7120.429949532733
-8043.631961592541,-7120.093773456954
-8043.5224812893375,-7118.790871990456
-8042.901922176859,-7117.648291233286
-8042.217707541426,-7118.040568035349
-8041.423998151126,-7118.715718413138
-8039.785818849885,-7117.121235652822
-8038.999866923227,-7115.47317593681
-8038.3432249906955,-7111.446944092007
-8038.645924410616,-7108.840805630438
-8038.828117092625,-7107.54354585589
-8038.205357506531,-7106.566845596582
-8037.537638394561,-7105.09154837614
-8037.7216621604375,-7103.2838825512845
-8038.523286553462,-7101.979223592498
-8038.97952119851,-7101.193436467177
-8038.248244351923,-7100.16775128059
-8037.6320297113825,-7099.823540181294
-8036.662684827764,-7099.534683788893
-8035.870173558763,-7098.737968462993
-8035.2002560391475,-7097.431544289386
-8034.9842671308415,-7095.781014027433
-8034.593918510523,-7094.598242272864
-8033.685046486295,-7094.469129588812
-8031.710338306597,-7093.891246432922
-8031.20288039868,-7092.477658220018
-8031.340100045338,-7089.360056307039
-8030.619760410741,-7086.9145649672855
-8028.989271951343,-7084.410781754415
-8025.611562226982,-7079.521511684112
-8022.6830048672455,-7075.475126258957
-8020.431306657909,-7073.647344263341
-8016.6999424497835,-7072.494383099547
-8011.318795812566,-7070.249566771053
-8007.537232036709,-7068.019477693893
-8004.775286882163,-7064.426596957706
-7999.256124352458,-7058.499833718169
-7994.75000598123,-7053.1527535439845
-7990.256100019612,-7046.602614457561
-7987.276321258606,-7041.829804341365
-7985.827858982195,-7036.486170000441
-7986.09248844849,-7031.389984306183
-7986.101388011107,-7029.118641584337
-7985.108282517786,-7024.750951782774
-7983.535033900716,-7022.81776494086
-7982.870556008253,-7021.000728405974
-7982.43200634787,-7018.215262069266
-7982.274228224575,-7015.495595555097
-7981.835829422254,-7012.891867793759
-7980.025591792313,-7011.6863303781065
-7977.0918577034345,-7010.0220892021125
-7976.310092687917,-7007.75449301589
-7975.983583246168,-7005.031873862027
-7975.752318864041,-6997.831639661735
-7975.8907271007,-6993.302120526317
-7975.241948732156,-6988.536354074904
-7974.1850583103715,-6984.335592166735
-7973.7085003093935,-6979.341861234813
-7973.84693662373,-6974.643370821552
-7974.720980662748,-6970.568786707475
-7975.640791817983,-6969.389017725898
-7977.467561428091,-6967.354166134898
-7978.947801052861,-6966.175828089389
-7979.640850005019,-6964.653416533524
-7980.607855109451,-6963.749308288606
-7982.375352189077,-6962.903487311786
-7984.192256047996,-6962.178618006187
-7985.557163608028,-6961.401057588014
-7986.589248084396,-6960.269072998917
-7986.477413376809,-6959.139133593101
-7986.034364394734,-6958.285069205475
-7984.846772586933,-6957.824424848003
-7983.0915716324425,-6957.4710794343255
-7980.482138760024,-6957.458278671361
-7978.032571638046,-6958.347654880576
-7976.21908717561,-6958.96269891416
-7970.415487757278,-6961.582364376388
-7967.503259051216,-6964.178888929152
-7964.612127996401,-6964.495980101348
-7962.971795128992,-6963.181375430491
-7959.931701485296,-6959.705514750637
-7957.700617217712,-6953.746086429541
-7953.546809247938,-6945.951605772968
-7948.500300006839,-6937.138646224796
-7944.040937058357,-6928.592022785502
-7940.129396552025,-6925.129940870651
-7937.217175093864,-6923.264779505007
-7934.283974612789,-6922.308926869939
-7930.948534517025,-6921.742117892523
-7928.24655744638,-6920.561243712541
-7925.504147618709,-6918.585020586398
-7922.527111137186,-6917.062738019326
-7918.729044032523,-6916.721134546617
-7914.6502725896335,-6916.594515107885
-7908.300905330598,-6916.59374287563
-7900.597333861129,-6915.848768252239
-7891.312004010811,-6911.508610145478
-7888.038261161357,-6908.202986298176
-7883.247155311457,-6903.702438369158
-7878.04361173409,-6901.630263266085
-7873.280875239749,-6900.749799934354
-7867.032791324756,-6899.297102238547
-7864.047286944943,-6897.7227406387
-7860.433160797575,-6896.859387760466
-7856.6459199068295,-6896.45870085313
-7854.595841396767,-6896.651287500479
-7852.705845854724,-6897.925896945883
-7850.118631949492,-6900.035356725563
-7846.654263351316,-6903.99703124639
-7842.010315582232,-6906.856563951572
-7837.783645809315,-6908.600684909629
-7834.198602066033,-6909.282078135264
-7831.371834767573,-6908.778758896274
-7827.296339456691,-6908.2555063206255
-7825.9971376699295,-6908.342443523339
-7825.531147174959,-6908.959357266278
-7825.725457814145,-6910.7208287281865
-7826.17564883898,-6914.525506488971
-7825.8416395745535,-6917.230613245666
-7824.3344273835,-6919.478136299843
-7821.04558150115,-6922.873096828246
-7816.636159607929,-6925.064023183759
-7809.400110561856,-6927.035401529606
-7805.084414101681,-6927.529452893187
-7801.6403643664535,-6926.788828368082
-7798.6030544853365,-6925.325407000192
-7795.995670891801,-6924.94189532609
-7795.12639217301,-6926.005700488532
-7795.5661999375825,-6927.318312568905
-7795.426267137318,-6928.618426516788
-7793.983278962195,-6929.894557957138
-7791.641498718604,-6931.496291418133
-7788.737244554287,-6932.012135940766
-7786.525643195974,-6932.032974796652
-7781.733482768759,-6933.533646918459
-7778.869927829563,-6935.190659346997
-7776.959101301247,-6937.703328593308
-7774.270322694442,-6942.30183301024
-7772.300272738968,-6944.645577914097
-7766.5006937783455,-6949.305638650963
-7760.497250402637,-6952.268168637799
-7757.247362429688,-6953.229053180413
-7754.929400770549,-6953.080001759659
-7753.1764263188725,-6952.36602782881
-7751.852936267465,-6953.64305422805
-7750.56602720418,-6955.723511895769
-7750.8384292658675,-6960.144871155432
-7750.8454626679095,-6962.8646628267015
-7750.36012390731,-6964.892507606623
-7746.07920879834,-6969.69616682569
-7743.442465482081,-6971.685741787482
-7740.301451396922,-6973.049211111833
-7736.882782593766,-6973.958256193
-7734.704320909483,-6974.881366519522
-7733.152160903851,-6976.558259442598
-7731.907122894314,-6979.587871928292
-7730.426635551786,-6986.647545409216
-7730.878294423782,-6993.680632331743
-7732.3329426141845,-6998.064137041205
-7733.655690282388,-7003.3528502065155
-7734.54766791672,-7007.961535682362
-7734.10891586905,-7013.898221336718
-7733.657244131844,-7020.294650461048
-7732.977626825456,-7023.50864001885
-7731.980112706037,-7025.588862759302
-7730.177951036301,-7028.1662706146835
-7725.366175405137,-7030.915062335749
-7715.2145715644365,-7034.589290117917
-7711.268847782547,-7036.508884156072
-7708.111432451132,-7038.609784313465
-7701.656982022726,-7041.387806993148
-7692.80713785729,-7045.143960036127
-7681.047292013695,-7049.814709278625
-7669.432864775553,-7052.50784739923
-7658.709063374727,-7056.57726879956
-7652.936712168787,-7059.369678668429
-7647.976631376865,-7060.418763565779
-7640.895531853862,-7060.461386573584
-7633.789698240062,-7061.141505983504
-7625.231927153396,-7060.818517971298
-7608.791872193182,-7060.880387865751
-7598.515976239929,-7061.443087903236
-7585.300394536184,-7061.95313073349
-7568.353609609815,-7061.44288340856
-7550.705052694613,-7058.98569900085
-7535.58830973799,-7057.376744893156
-7512.678455444625,-7054.646706207665
-7506.911888915848,-7053.97272190669
-7490.73057102004,-7052.081844128903
-7466.139725861272,-7049.71578050467
-7452.1705617750895,-7048.247746177076
-7432.087837853152,-7044.781990644992
-7411.018240097773,-7040.133954800598
-7396.677203609298,-7037.793640460312
-7379.816864151586,-7035.181728517477
-7362.932121787854,-7032.120047251549
-7355.883659624237,-7030.551624324388
-7342.923703433316,-7028.142347884131
-7329.202358971148,-7025.98758854516
-7308.27939043362,-7023.704213985626
-7289.497307937806,-7020.455919692879
-7278.985761192058,-7018.356513581614
-7255.025459208293,-7014.467697350476
-7242.3275977573885,-7014.240449305918
-7233.2608958209175,-7013.535864346495
-7227.536978599223,-7011.836383172785
-7225.918130250774,-7011.633714600899
-7219.561944915486,-7012.320048544798
-7214.4239664945635,-7010.9769150318925
-7212.651454293697,-7009.912147637861
-7211.565145029781,-7009.402256811801
-7205.967959214774,-7007.967595579032
-7203.451010947649,-7007.5968230968965
-7201.834532109422,-7007.320136565304
-7200.4867870798425,-7007.0004575814155
-7199.023078674011,-7006.278187060359
-7197.876380606102,-7005.699514485505
-7193.605319200964,-7004.61247069026
-7191.349772469698,-7004.114522198066
-7187.201049532181,-7003.7968313539795
-7178.095088783492,-7002.201983275501
-7166.98961264579,-7000.509565219433
-7156.686982325418,-7000.692975650435
-7153.90832870171,-7001.610415451214
-7152.620635285957,-7002.590585942553
-7150.472881457966,-7005.901580240659
-7148.558968255055,-7007.646674537262
-7147.341048101729,-7008.503904459241
-7145.072722742294,-7008.4655880209575
-7144.145418912351,-7007.908690702634
-7143.202434864137,-7007.280984659361
-7141.466722173518,-7005.565528302892
-7140.013987241051,-7003.404392610013
-7138.342985804683,-7001.159232048005
-7136.076997215115,-6999.420327985471
-7134.256096134766,-6998.226609334879
-7132.32010637636,-6997.808407418916
-7130.629069223262,-6997.735646652998
-7129.78068104873,-6997.887191313696
-7127.765522365775,-6999.580388303369
-7126.263979976637,-6999.899192433684
-7124.582448491378,-6999.684683324931
-7123.356489486096,-6999.503651367487
-7122.210014169835,-6998.992996968241
-7120.816097041037,-6998.273555648411
-7119.436386668741,-6997.100554780524
-7118.312388078761,-6996.131047867751
-7115.792572163048,-6995.149704237087
-7111.158807284468,-6994.15186588576
-7106.258480038463,-6993.080309466246
-7102.654157752063,-6992.321499250789
-7095.199161614128,-6991.846410597764
-7087.035474488563,-6989.770102688671
-7083.191244545803,-6988.928572010755
-7081.170108239026,-6989.090948977206
-7080.225699148656,-6989.701195785547
-7079.622050968784,-6990.13932837799
-7078.771270453382,-6990.219750821261
-7077.296772608789,-6989.697362394395
-7078.973994229738,-6992.241171018956
-7079.389063741854,-6992.884233195827
-7080.710581885956,-6995.16656710666
-7081.191835424103,-6997.282542088135
-7081.224665733937,-6999.312864772686
-7080.645530500137,-7001.836386464652
-7079.997065532266,-7005.090305359174
-7078.496550643041,-7009.999650022239
-7077.144165286984,-7014.966639054004
-7074.698190887723,-7019.1771527939645
-7073.569621710751,-7025.1894234707715
-7070.505171141034,-7024.328263718393
-7071.848415737805,-7020.223494012778
-7072.730135348299,-7017.770770598672
-7074.196309513768,-7013.662917893851
-7076.1323235841255,-7004.319706937654
-7077.080735883953,-6997.547297710001
-7074.3608223093115,-6988.093693774639
-7073.649013809488,-6985.658099306663
-7073.230793375257,-6985.503599181676
-7071.103090493787,-6985.077446183989
-7068.374281815521,-6985.023490076596
-7066.013297783286,-6985.235088828605
-7060.109303230721,-6984.525029100033
-7055.182183214631,-6982.913835950609
-7051.627360947861,-6982.293917761817
-7040.521927852831,-6980.59836154124
-7035.298596683766,-6979.504960954118
-7033.138039823333,-6978.4874245622705
-7030.73709455234,-6978.449178014693
-7028.31594825587,-6978.786691930757
-7026.507407498764,-6979.622293282684
-7024.142424515928,-6982.603754577864
-7022.2533486615675,-6983.7082315490925
-7021.001280682957,-6984.047884073885
-7017.966050867764,-6983.581484276204
-7016.819448502868,-6983.000795148435
-7015.884915808783,-6982.372970737811
-7014.693313011915,-6981.3935262730065
-7013.051090343027,-6980.408524530663
-7010.285663398309,-6979.758192290685
-7008.218435118825,-6979.39881179701
-7004.098084922868,-6978.425684789033
-6997.7157072097825,-6976.2919486856445
-6994.523775954432,-6974.084973241553
-6990.832722853484,-6971.71257958194
-6989.407757316279,-6971.259964561638
-6988.153230662506,-6971.550539163602
-6986.677535401712,-6972.478955481435
-6984.7495387386425,-6973.272741928996
-6982.919995372101,-6973.268082979162
-6980.925918279077,-6972.480131215119
-6976.486660349607,-6968.842187417294
-6974.987324500836,-6968.861227143802
-6973.131591105078,-6969.504141756641
-6971.62139091103,-6969.52318882663
-6966.700542270846,-6968.232731723726
-6963.185839405856,-6966.33170327955
-6962.00582895554,-6966.3505102548925
-6960.61305657822,-6966.962166467258
-6957.603375552393,-6966.9142669329285
-6954.675532992567,-6966.549710934529
-6950.286034365201,-6965.144951089329
-6942.387601111128,-6961.367645749137
-6938.509135613051,-6959.835634396673
-6935.902020883922,-6959.674624556553
-6933.860477259989,-6959.925859762934
-6931.366982115005,-6960.294522403517
-6929.454440645484,-6960.618479083545
-6928.084047032625,-6960.50854588231
-6926.351432457776,-6959.783434852538
-6923.726393834882,-6956.54085578636
-6922.040082104432,-6956.286216547222
-6919.86716532123,-6956.537642899098
-6919.075507699819,-6956.9018882904575
-6914.421161455429,-6957.332943315311
-6910.676538419085,-6957.721250603255
-6908.3392658551475,-6957.313365867172
-6897.231694084958,-6955.940327082378
-6889.306363827334,-6951.6734399886
-6884.801115973939,-6950.006897602588
-6873.6138978874,-6943.571836154909
-6862.513621116169,-6938.798482131485
-6847.598179180379,-6933.553231497193
-6845.131864676961,-6933.0034833697255
-6839.3006726550575,-6932.831670105468
-6828.902994037234,-6931.465130752035
-6826.081586961747,-6931.621039025656
-6821.901658549707,-6931.666989766258
-6810.246578156023,-6929.709721800515
-6797.898685993084,-6928.205579639386
-6791.950971110673,-6926.924834547735
-6775.682960048558,-6922.820532164439
-6765.990991986558,-6920.5290747449535
-6755.575900297249,-6916.580421762364
-6743.211128768682,-6913.3696526460235
-6732.41473887735,-6910.403448566532
-6730.47026485182,-6909.872358154806
-6727.577798403553,-6910.2260852166855
-6724.344003602866,-6911.861098280411
-6723.394307412229,-6911.861760906816
-6722.381098020323,-6910.784304130059
-6721.572756535591,-6909.638776747712
-6719.1551129390145,-6908.037630712176
-6717.681677161041,-6907.194300908926
-6715.4404040312575,-6906.123783936434
-6713.672130772177,-6906.119031183402
-6712.015473715239,-6906.785596368703
-6710.256888407879,-6906.651963324583
-6698.338733806528,-6899.093159963512
-6688.65375832035,-6891.280033563352
-6675.247926601684,-6881.317038267979
-6671.318745089242,-6877.760592180716
-6669.203426027709,-6875.846617643054
-6663.316810090791,-6870.516727074387
-6658.076693113372,-6865.782074405042
-6652.263782491722,-6858.854480820017
-6650.481696780614,-6854.320221599696
-6645.703024892271,-6849.400412729682
-6642.793036994253,-6846.983358467328
-6639.445355246123,-6840.747497453688
-6637.750533302236,-6838.773178596227
-6636.465512857258,-6838.460359782428
-6634.705329965077,-6839.385925867148
-6635.1115860989485,-6841.240039876527
-6634.826388829595,-6841.886795327275
-6630.905560296963,-6841.803512210165
-6625.131511484384,-6842.24816511735
-6621.7961113210185,-6841.707834715749
-6619.350612797951,-6836.367771675961
-6615.388679388187,-6830.694896378603
-6613.384974570471,-6829.916849766536
-6610.35997917259,-6830.260657975916
-6608.481793873556,-6831.307193412923
-6606.730329450824,-6832.762304453783
-6605.971714250326,-6833.785927976852
-6605.89809319816,-6838.914961560133
-6603.960736140414,-6839.958544258214
-6602.455612601329,-6840.4062419853035
-6601.9016111027,-6840.871242367537
-6601.629104451593,-6842.480146259493
-6599.223546170212,-6842.731659744323
-6596.745619489602,-6842.988109764358
-6584.379845485973,-6844.824128518594
-6578.2470592590835,-6846.174201093906
-6572.280432114339,-6846.9457244577425
-6564.554373863447,-6846.569359107759
-6553.452071144998,-6845.556704834912
-6550.947138301251,-6844.935788153522
-6548.274401683046,-6843.952405050438
-6546.062022830872,-6842.924720134496
-6540.107929685195,-6840.984297714527
-6538.339720442226,-6840.8096438773955
-6536.0422066187875,-6840.429471227216
-6533.327996707473,-6838.668685149494
-6532.354864961642,-6837.988871833221
-6531.5180025071595,-6837.382978220793
-6529.3495275546475,-6837.134681598597
-6526.213212605598,-6836.739015658707
-6523.453063033448,-6836.615003974784
-6518.939075184249,-6836.186354237884
-6515.879234421787,-6834.811617856988
-6505.199024576772,-6828.912323593809
-6497.768206642897,-6826.508350648045
-6493.615856744046,-6824.255773507891
-6486.548457720452,-6822.796748177821
-6482.306523676069,-6821.909262125951
-6478.936278229919,-6819.6102689673535
-6478.300694697216,-6818.936307794968
-6477.4587777460265,-6818.138499933288
-6476.165114226568,-6817.387876615239
-6474.654902104144,-6817.354977477543
-6472.54101930798,-6817.627110467884
-6471.232087912231,-6817.536222429364
-6468.902674391371,-6816.307608459703
-6465.65256775641,-6811.581589310065
-6463.5691986793545,-6810.621626728897
-6461.410509165038,-6810.373308256552
-6459.890692449762,-6810.472278587795
-6457.729717507472,-6810.554721388643
-6455.040693404221,-6810.429545237904
-6454.011682460899,-6809.03138458426
-6452.217196766324,-6807.41878189286
-6451.314844711593,-6806.220329093444
-6449.319254004609,-6804.801868122818
-6447.752029519179,-6804.239347125395
-6442.101136899321,-6803.3737328195075
-6428.947989930157,-6797.563085723157
-6414.282911366772,-6790.988967216066
-6399.970178458056,-6785.039107431249
-6391.301458943842,-6782.564854591363
-6384.394846446829,-6779.898511199618
-6382.319072697328,-6779.280358475931
-6381.161617393539,-6786.071791244331
-6380.220733703879,-6792.172632693404
-6379.768157813993,-6794.880859944927
-6379.452414061888,-6796.748629334517
-6379.015142834092,-6798.843203752042
-6377.743213507659,-6800.234018040929
-6375.8445887691105,-6801.489291851494
-6374.794218299522,-6802.399378813795
-6374.195848285186,-6803.393851770202
-6373.451826019445,-6806.426049733629
-6372.472958588487,-6806.149899566059
-6373.271207719822,-6802.975925533643
-6374.022442415363,-6801.752332746847
-6375.229316712135,-6800.68234788
-6377.089442231651,-6799.467098152598
-6378.097573458092,-6798.376197844042
-6378.473612241328,-6796.570431141844
-6378.768908746583,-6794.743671271059
-6379.232336416942,-6792.016484978726
-6380.173226656996,-6785.924620845374
-6381.35106387617,-6778.992232386234
-6375.714126295845,-6777.335278084744
-6356.536829080003,-6770.954971363603
-6348.589186252384,-6767.109183842643
-6342.526575247533,-6764.968818017594
-6333.829739340373,-6763.405819251369
-6326.315068487455,-6761.7009945748205
-6316.981209444578,-6757.3625434295045
-6310.518259925647,-6755.01065728599
-6305.707140730658,-6751.760363318826
-6295.681545225817,-6743.885021181425
-6287.739377677825,-6736.958597716623
-6279.524947680909,-6730.40809149907
-6278.427167368858,-6728.969958288747
-6277.51770120145,-6727.710548405654
-6277.008206177488,-6726.465839938309
-6277.014711379165,-6725.418693130703
-6277.226086324162,-6724.179499895709
-6278.09773519974,-6722.804919014166
-6277.7020689223855,-6722.213677878054
-6277.005173432818,-6721.807463872307
-6276.218076573506,-6721.61117597716
-6275.56940856338,-6721.345773034621
-6275.116826472338,-6720.360768235009
-6275.325902298503,-6719.312492034339
-6275.208135488302,-6718.000598211079
-6272.962367374168,-6713.731398341406
-6269.596425288708,-6708.533684983441
-6269.474028122442,-6707.5535521577185
-6269.753330670777,-6705.26408010918
-6269.438309519147,-6704.6727861501
-6267.670194462168,-6704.59693172832
-6266.165517674833,-6703.794648751888
-6265.193556920886,-6702.937856659263
-6264.543166614374,-6701.69134390142
-6264.296416585836,-6700.320583365388
-6264.0448955282,-6699.066629504984
-6263.198716971574,-6698.869281727098
-6261.95955107514,-6698.728246995379
-6259.987904835291,-6698.973309352013
-6258.404801096866,-6697.979163128936
-6255.915119291823,-6696.560982817386
-6254.313939545604,-6695.655622371085
-6250.911356323362,-6693.467588405044
-6248.240292726587,-6691.214043992213
-6247.597391351101,-6690.429053980937
-6247.743204453698,-6688.60149706194
-6248.413794620193,-6687.365996537551
-6248.688592057379,-6685.597206611906
-6247.846584010433,-6684.482582574028
-6246.418791444036,-6683.1585705149055
-6245.704644366443,-6682.302706532075
-6245.159292264301,-6679.490297994566
-6245.098318932847,-6678.378159903587
-6244.582065056303,-6677.7839033647015
-6243.464791020381,-6677.71370728843
-6241.684113708727,-6678.750033848025
-6236.027592619923,-6681.960258638236
-6234.449362976494,-6682.938499907985
-6233.381653753579,-6684.950586241342
-6232.857676866991,-6685.4655192599275
-6232.398555128948,-6685.601771194831
-6231.993565361844,-6685.576996651702
-6231.017279175327,-6685.519675044797
-6228.09673236732,-6683.337206367016
-6224.636206143146,-6680.957387317637
-6216.637732091956,-6674.548527606648
-6212.942245659826,-6670.527122157905
-6208.525532308014,-6667.62115050132
-6205.30539189316,-6664.123007154834
-6204.790767973795,-6662.290689255566
-6204.685165851251,-6659.348124764874
-6204.901011637108,-6657.512344092331
-6205.510515119357,-6655.105957287308
-6205.144718286591,-6652.351283940434
-6204.498808611788,-6650.648023237183
-6198.519438967113,-6644.585665368597
-6193.473073004082,-6637.0247055533755
-6188.984781672575,-6625.946309728477
-6187.391509060662,-6624.051743229327
-6185.568668055058,-6623.187709064365
-6182.546082395272,-6623.4324326874175
-6176.9818795701285,-6623.97553186201
-6171.432415544686,-6624.959399827025
-6166.049557575714,-6626.422641232613
-6160.301263874685,-6623.71539707647
-6141.633901097491,-6615.060106946099
-6132.638504557751,-6611.963209236413
-6130.28351981666,-6613.875259393151
-6128.897947739003,-6614.510630636305
-6126.472290734502,-6615.28261798014
-6124.2413449184505,-6615.262091780237
-6121.559093078823,-6614.259544503993
-6118.228351405961,-6613.121453245322
-6111.356691781773,-6612.155675566763
-6107.365349012376,-6611.020991893221
-6105.087910541189,-6609.63355949392
-6102.536783838155,-6608.372280191712
-6096.622070018506,-6605.430199504037
-6095.374398127858,-6605.030305576224
-6095.319744187717,-6604.500783967555
-6095.38234004818,-6604.241901218955
-6096.775288166015,-6603.772409182142
-6099.322723273348,-6603.164336085489
-6100.5093586098155,-6602.325212401743
-6100.716197397785,-6601.545659339729
-6100.333585027694,-6600.692567004018
-6099.488290696232,-6600.0245984982585
-6098.038342971351,-6599.954596131402
-6097.188581734746,-6599.887206218921
-6089.40769613465,-6590.291588781275
-6083.623722375312,-6582.621215735664
-6076.083133893715,-6568.139334506797
-6074.409810797025,-6563.685893092133
-6072.2927492924,-6558.575099773302
-6071.254138927826,-6557.3288183833465
-6070.285563371152,-6556.09037276517
-6066.026946260411,-6547.4328303293605
-6065.716543210776,-6546.449820653379
-6064.675639599191,-6545.141397671766
-6062.584032726007,-6544.215466757416
-6061.738670010755,-6543.426701451034
-6061.357314909247,-6542.7033774194315
-6061.291890547989,-6542.052969113236
-6061.691315701427,-6540.94652487267
-6063.804343013466,-6539.392435624032
-6065.192078091967,-6538.4862594974065
-6066.43335302941,-6538.297754491078
-6068.07492047967,-6538.249640377808
-6067.135047149561,-6540.5215685837
-6067.256131063745,-6541.442754602564
-6067.843476847367,-6542.027899005068
-6068.960777884599,-6542.168037991885
-6070.741378641509,-6541.020824645994
-6070.872698067509,-6540.943737314603
-6071.677406125303,-6540.33976163703
-6072.583259385042,-6539.648742865104
-6072.662115050215,-6538.536615106028
-6072.137357815667,-6537.81348161096
-6070.731520688702,-6534.920610388546
-6071.324793971779,-6533.506324455171
-6072.046338118167,-6531.022870496878
-6072.403562500939,-6529.787579400094
-6073.9350940570275,-6527.38949689777
-6073.945173556614,-6526.277312719511
-6073.558131135679,-6525.9448010489905
-6072.839659178549,-6525.609505833782
-6071.916654393626,-6526.000895792294
-6069.996322139236,-6527.265100760525
-6068.481816768107,-6527.9045344999495
-6066.778915878951,-6528.090537506337
-6065.73486577387,-6527.489521525458
-6065.156552362724,-6525.984206235824
-6065.37452023629,-6523.897663327288
-6065.2448788186675,-6522.656694113088
-6063.813463949554,-6521.474497105314
-6061.923049356633,-6520.347549175839
-6061.350178551819,-6515.933411368242
-6059.985911841695,-6514.020725050693
-6058.383849596348,-6511.766455194956
-6054.757969040586,-6506.866573367848
-6051.887800309749,-6504.11446440597
-6048.691783690907,-6502.526804868636
-6044.258930993327,-6500.4681173386225
-6040.088615564188,-6498.224531965574
-6037.288642009998,-6495.860190550986
-6036.108545404649,-6495.652059846982
-6035.574395429032,-6495.134708040793
-6034.956407471234,-6493.650362574032
-6034.634014439133,-6492.729302162565
-6033.786522669577,-6492.400069631871
-6033.067045569727,-6492.455480652413
-6032.07518705447,-6492.585972049052
-6031.16413634681,-6492.580557502127
-6029.395897295459,-6492.374789003776
-6028.348383373296,-6492.10473131665
-6027.3019600104435,-6491.707595282105
-6024.897668196124,-6489.857596983992
-6025.759771583216,-6488.56304144658
-6025.897753929121,-6487.514715038935
-6025.189438355684,-6486.040400107326
-6024.09167755807,-6484.5283250239045
-6023.105462608083,-6484.060230847737
-6019.967055228803,-6483.84334733165
-6018.918371315963,-6483.705154739164
-6018.002065996598,-6483.179063429562
-6017.287117696594,-6482.723866088012
-6016.2441652162515,-6481.994170529296
-6014.8081960300815,-6481.261628037878
-6014.60935176672,-6481.199709580872
-6014.159760209936,-6481.196997788104
-6013.302699975652,-6480.79794660174
-6012.530762810138,-6479.812130977795
-6011.822426019994,-6478.567631906013
-6009.602348442494,-6478.369123950336
-6006.278576954867,-6478.798910961615
-6003.077665719086,-6478.853771445477
-6001.903313789229,-6478.203953709225
-5999.950842679641,-6476.165844320556
-5997.840904116569,-6474.888103396263
-5997.280444587461,-6474.925458328562
-5994.091952976464,-6473.717412640082
-5991.138482620452,-6472.693053302586
-5984.692122830606,-6471.187190324869
-5982.68634038696,-6470.763813310646
-5975.227140851577,-6470.450647953753
-5966.172105243974,-6470.0646523147525
-5958.113136998236,-6468.516778958376
-5957.756265622761,-6468.450069444448
-5956.429154921585,-6468.201123636895
-5953.711079370988,-6467.688109412921
-5951.034018202126,-6467.147239710788
-5937.849336361543,-6461.825497534099
-5935.097140430443,-6460.724092131901
-5927.389214663035,-6455.858694234107
-5918.405654116553,-6450.043685259326
-5916.089454479178,-6448.572344608505
-5910.470094068374,-6443.516630224103
-5906.5907876029,-6440.0037286250345
-5902.996076059734,-6436.842458429028
-5896.124867650432,-6432.274267293884
-5886.476918890982,-6425.924093779936
-5877.085834889718,-6419.934438708736
-5871.795410318879,-6416.632350785576
-5869.504521225286,-6418.962936448909
-5870.442679411687,-6415.738744504408
-5870.3093825624055,-6414.626747478201
-5869.407805795854,-6412.600938318131
-5867.0697413585885,-6408.679416158528
-5864.922927352976,-6406.074735410192
-5860.819593710373,-6402.669977477062
-5846.1545504877495,-6392.594673193561
-5839.048396938387,-6388.276349916433
-5824.447275030026,-6380.0525755732715
-5823.414385854014,-6378.093771571395
-5822.640559005154,-6376.008830566834
-5822.51404124738,-6371.998083773088
-5821.866076889333,-6370.762511322412
-5820.893018294834,-6370.042527504547
-5819.454987818853,-6369.580769917823
-5817.6870235166425,-6369.646872479676
-5815.533430458498,-6369.89793873844
-5813.959663317426,-6370.224661831368
-5811.864337783501,-6371.0671912842145
-5810.757098760013,-6371.776361353178
-5810.09977334125,-6372.754077940108
-5810.025967404159,-6374.250824826477
-5810.282412485977,-6375.883427358095
-5811.060688535319,-6377.451777421575
-5812.8234819443005,-6382.805427488905
-5810.610767450463,-6380.776413725473
-5801.59092396028,-6374.702573753099
-5797.621300236451,-6371.106792699083
-5790.140784265174,-6365.355794126872
-5786.168704250732,-6361.830929843731
-5781.281366865842,-6359.341886278521
-5778.149491759261,-6358.095631710775
-5775.091468800631,-6355.419559629975
-5772.682154703799,-6353.1388937110405
-5771.899429467358,-6352.220992776595
-5771.116700413587,-6351.43605441039
-5769.428613698104,-6349.942258060446
-5760.938662548918,-6345.0390912997145
-5760.517447225478,-6343.986215211337
-5760.521976417465,-6343.594506375286
-5760.846989456183,-6342.938875098423
-5761.75295922751,-6342.296861015645
-5762.076766405262,-6341.72112769837
-5761.75222466711,-6341.067779984063
-5761.035960698434,-6340.470624487837
-5760.576728765959,-6340.406063541894
-5759.92600075448,-6340.542307843493
-5758.752499797285,-6341.121541343706
-5757.773743155044,-6340.922233419524
-5755.620173101681,-6338.964091642077
-5754.053082047881,-6338.5703290226365
-5753.080661589053,-6338.7657153757455
-5751.767198258882,-6339.22214339239
-5749.9997039292375,-6340.067655645171
-5748.7551292950775,-6340.5759105417155
-5747.714946564202,-6340.647550862547
-5746.739796413617,-6340.1894961699845
-5746.152596074328,-6339.795048070695
-5744.851485015783,-6338.683745534193
-5743.41577312167,-6338.032057078931
-5742.040420905796,-6337.703113463312
-5740.738842811649,-6337.7709189152965
-5738.248919962278,-6337.769409607503
-5731.995542081626,-6334.547615567668
-5733.752204158378,-6333.613238557749
-5735.011061468568,-6332.53143233474
-5737.588363363148,-6329.535196414643
-5737.987191178755,-6327.377632635731
-5737.534570707662,-6326.204878427162
-5735.058173503632,-6324.773488205834
-5732.381209977711,-6324.309362765715
-5729.5684574073175,-6324.696756992055
-5728.255079513718,-6325.014334060048
-5727.217406235771,-6324.946923478183
-5726.557922489665,-6324.691564336018
-5726.108817875463,-6323.385844861508
-5725.985906136028,-6321.297516718072
-5725.531129360239,-6320.712272549481
-5724.553546578106,-6320.5149554967375
-5723.179875796572,-6320.901592554293
-5721.738054829528,-6322.199358221913
-5720.487339161541,-6324.609188327731
-5720.672408610987,-6327.800680513099
-5719.741485806332,-6328.923286194233
-5718.6947344426435,-6329.894145726706
-5718.625455118781,-6331.015342166046
-5718.812075500842,-6332.596020516424
-5716.917082243425,-6331.931633583338
-5710.780437296001,-6330.370442884634
-5704.776098933742,-6328.278715858548
-5695.856642966418,-6322.334587623324
-5690.840097867404,-6319.462745801299
-5684.658401807217,-6314.889008687155
-5682.976889621778,-6312.606793620154
-5680.822763421198,-6309.668322687725
-5677.377073767503,-6305.489561180584
-5673.387575220377,-6302.925921486852
-5663.058936367855,-6296.587993501367
-5658.67178533871,-6294.070564717351
-5651.774645479026,-6292.364950440729
-5649.414297192417,-6291.285177735032
-5643.888510043537,-6287.227619037188
-5633.542410707405,-6279.691609261531
-5630.1280448333,-6277.583259252086
-5626.699036465436,-6275.154130470937
-5626.309703293099,-6275.148372998582
-5625.460036714848,-6274.9019954498435
-5624.476111659275,-6274.135117012251
-5623.675328438234,-6273.168438241202
-5622.691360593612,-6272.327647177119
-5622.224725307413,-6271.884245143559
-5621.24606128624,-6271.8268631645105
-5619.824154081777,-6272.1754103379535
-5619.103332175067,-6272.049950093916
-5616.67422465357,-6270.83734653765
-5615.292507086952,-6269.8858679738205
-5614.561470823391,-6268.722247378922
-5613.928859103571,-6266.814956070393
-5613.202971426223,-6266.1690188963075
-5611.705929723583,-6265.926009640875
-5610.7840476909405,-6265.938516119085
-5608.921127580837,-6266.504268028203
-5607.881013106655,-6266.393954842839
-5607.152895327198,-6266.0795772859465
-5599.861580683863,-6257.9961373839105
-5598.463807689186,-6256.444189235826
-5597.601695847076,-6255.6282615208165
-5587.501409549427,-6245.892739265166
-5586.379917151085,-6244.793280684317
-5585.135849651835,-6244.295366979391
-5582.077005582507,-6244.087271961927
-5574.906685721833,-6243.0073735723745
-5569.929046778346,-6242.544434048891
-5566.924202360042,-6241.929734535521
-5555.740223879935,-6240.047680941837
-5556.103267905457,-6238.519647939104
-5554.075827675457,-6237.954254238828
-5552.313936456446,-6210.947292531653
-5548.048949099409,-6211.2026076607635
-5546.395764369526,-6211.736108264833
-5547.309464556334,-6235.126336799913
-5526.131193727645,-6233.748632319618
-5474.26423822156,-6230.524693622317
-5464.8609558450435,-6229.794696937048
-5459.682654131095,-6228.382722262773
-5442.260348417929,-6223.818184137941
-5423.88664176845,-6218.152944004503
-5416.155346614996,-6215.806058247358
-5411.255576279355,-6214.684663266254
-5397.912347697643,-6211.3028465436455
-5393.944090958377,-6209.910107964766
-5388.52604619054,-6208.616229849282
-5381.858103652995,-6207.128141381815
-5378.920948993803,-6206.77607883959
-5376.752634470061,-6206.35755394148
-5375.16525820215,-6206.084734010652
-5373.494834946431,-6206.140526509644
-5371.078282547154,-6205.779194014016
-5369.568749482656,-6204.685911268908
-5368.50872959809,-6203.327549751539
-5367.522553029045,-6202.819489556334
-5365.1736233279335,-6202.790773920593
-5362.626766432236,-6202.227723815216
-5360.847221147991,-6200.953649037647
-5359.67533590789,-6200.242905853878
-5358.490409507949,-6199.673012441975
-5357.127356722797,-6199.763742084561
-5355.825955163682,-6199.9701437093845
-5353.874772028673,-6200.054217500281
-5351.654745236617,-6199.957499284223
-5349.288102946591,-6198.426999830904
-5348.566973430323,-6197.580149719033
-5347.779871733429,-6197.263790347531
-5347.198973102871,-6197.338124950512
-5344.587355441583,-6197.37648025845
-5342.898912995835,-6197.334525464802
-5340.275921617474,-6196.451623256682
-5337.526091710389,-6194.98626852718
-5334.451378408021,-6194.301512865404
-5329.092380494989,-6193.0684142574855
-5326.875847966809,-6192.637935165922
-5325.377655628671,-6192.395979272312
-5323.2276454652265,-6192.42818859427
-5322.255223585515,-6192.76138178023
-5320.573012626318,-6193.107036204266
-5318.6110172055305,-6193.130263196733
-5316.847353398594,-6192.304833211969
-5316.125123557469,-6191.729691914741
-5314.289403325632,-6191.163144502378
-5313.3758725297885,-6191.30548843253
-5311.694881382816,-6191.590195259682
-5309.481088782722,-6191.884172621619
-5307.521393744048,-6191.835378801071
-5305.895366072199,-6191.473494735965
-5304.328528538926,-6191.159655827988
-5303.6090461224085,-6191.172021503536
-5302.375117330513,-6191.444411242717
-5300.039821785013,-6192.194197022287
-5297.257203475789,-6192.331582518817
-5289.834781528579,-6192.819333074823
-5277.80403524633,-6193.768139823395
-5263.208287191809,-6194.275755830649
-5249.550002590022,-6196.39056004771
-5245.57050248701,-6196.398712112217
-5240.018337461276,-6196.59254895636
-5230.907395274013,-6196.905218632917
-5211.627510036522,-6198.0128821056205
-5196.894316254007,-6198.261628713168
-5183.26114731312,-6198.013220903293
-5179.39491846309,-6197.944280070266
-5168.208287891841,-6197.5806245804415
-5165.590328335562,-6197.169275624186
-5161.330676443561,-6196.003621474174
-5160.669665693452,-6195.036629802464
-5160.828596461993,-6187.996007414834
-5160.404555162167,-6186.055757743489
-5159.472429579189,-6185.027167826891
-5158.426169070464,-6184.648889159991
-5157.313756893375,-6184.797509076955
-5156.292434719673,-6186.0489819235
-5155.736696970965,-6188.014792556753
-5154.97351531755,-6189.598982635833
-5153.9408428862525,-6189.941268030141
-5152.62968082909,-6190.027851369828
-5140.165348311637,-6189.326006179955
-5135.069576984847,-6188.823205765787
-5128.641548327246,-6187.236762992452
-5121.38544108723,-6185.728857933123
-5107.785528119988,-6184.3341337084685
-5093.813340526359,-6183.2563833395025
-5078.927885264582,-6182.660772073479
-5074.351660216903,-6182.355364096737
-5060.476026467344,-6179.266117701124
-5051.693939854034,-6177.064423591251
-5037.494488252311,-6174.573895183096
-5029.042584391061,-6172.23316006808
-5023.0868873828,-6170.643407924489
-5022.152542748228,-6169.815596439572
-5022.33496578159,-6168.376651870344
-5023.931876524745,-6161.641006281169
-5024.915653646655,-6157.588673139594
-5024.4377756779095,-6156.353955557816
-5022.793396450385,-6155.541376639313
-5021.48452648576,-6155.369197398382
-5020.643513519013,-6155.643440983757
-5018.302018383933,-6160.56178555644
-5015.3273453855645,-6167.067233302956
-5014.093494769989,-6167.4995801654295
-5012.131540160568,-6167.59256758961
-5000.248066032141,-6166.822311594393
-4990.184431109226,-6166.008107700542
-4965.545043835297,-6162.120931257042
-4946.392487992349,-6159.850567381789
-4936.162915889825,-6157.5855731279635
-4932.513605699526,-6157.454579023289
-4928.143557712428,-6157.327942062435
-4925.150696092127,-6156.482022378931
-4921.955444235078,-6155.966168000372
-4918.30038377988,-6156.355650944743
-4916.613156985735,-6156.221654163778
-4914.196438648287,-6155.640364929997
-4911.532556062184,-6154.930228295281
-4909.506598929215,-6154.542646727912
-4907.164997723584,-6154.602690228603
-4899.27639373924,-6153.305705264701
-4886.438198133105,-6151.81841436602
-4871.918218010758,-6149.545552033411
-4866.308682204852,-6148.11961163503
-4840.374130882833,-6142.530986688399
-4828.770350048869,-6139.345206204406
-4817.887263730336,-6136.223188684256
-4808.83410614067,-6134.019413769063
-4805.374695735298,-6132.779090829548
-4801.20749500463,-6131.024524911155
-4795.992456728146,-6128.02942743888
-4793.8464273352665,-6126.462772785953
-4793.583397311967,-6125.68048868731
-4793.7095605965815,-6124.972023180352
-4797.481086175809,-6116.490758773102
-4797.48328574604,-6116.041098489562
-4797.349141785512,-6115.320792894402
-4794.877492317813,-6113.300451999255
-4794.029007774985,-6113.174993560082
-4791.22818955871,-6112.978588497986
-4790.314812874716,-6113.431594486841
-4789.919847743026,-6114.017504852242
-4788.462025966708,-6119.798664184603
-4787.913590795002,-6121.973220434244
-4787.322036657507,-6122.297193169067
-4786.220563915195,-6122.427810370578
-4781.524847006441,-6121.717549619299
-4772.201927251269,-6119.769824763046
-4768.424138052096,-6118.338730577497
-4765.619961924771,-6116.253810986445
-4764.583340533479,-6116.057423186357
-4762.564564562262,-6115.799677673539
-4758.787493033136,-6115.4777652927405
-4757.67005368793,-6115.087608359594
-4756.170259865106,-6113.9173197545115
-4755.067070556292,-6112.938548812718
-4753.699085820644,-6112.6733982231335
-4750.052106377488,-6112.484380899733
-4745.359892458962,-6111.575504643196
-4739.359937397103,-6110.216413261235
-4730.498462046257,-6108.070423388217
-4723.6625532076105,-6105.2020627046395
-4716.353822113978,-6101.431617806452
-4708.989886198535,-6095.83053875458
-4705.532799883244,-6094.3324326969605
-4696.085273472411,-6091.413359298422
-4690.224544609351,-6089.0030361915615
-4685.729169078072,-6086.26337946693
-4682.661897647962,-6083.528911779052
-4682.3338585267265,-6083.076419577051
-4684.806519056615,-6067.467514422078
-4688.941652958186,-6067.9919673577215
-4690.207533143052,-6059.019412904586
-4695.692592259935,-6017.784944215835
-4701.97342192355,-5967.4061782760255
-4703.945074875619,-5967.401126285639
-4704.207678176916,-5964.764187238363
-4702.4032755467715,-5963.997614944242
-4677.17299046026,-5953.236326158958
-4620.717301990718,-5929.71280973075
-4557.426251241703,-5903.132758578282
-4528.0764403878975,-5890.9460462467805
-4529.196051712857,-5888.5644601462955
-4528.141953111254,-5886.85529256759
-4522.151404074677,-5882.026861649432
-4513.322696646129,-5877.212823726836
-4499.765369723653,-5873.0194184280035
-4493.665526920574,-5871.737225046161
-4481.985951918207,-5870.470691836593
-4470.482035118053,-5868.682386309125
-4456.770030134966,-5866.217706995043
-4457.896727661893,-5863.226472349137
-4461.887937628677,-5849.819030852005
-4464.971662501849,-5836.4151001741875
-4467.2283524087425,-5822.423942290919
-4468.344688356872,-5807.373201623355
-4470.512751721012,-5807.529097901553
-4470.657287639744,-5802.251019169506
-4470.222801086363,-5782.496630369297
-4468.65691006933,-5768.701151956736
-4466.952388964737,-5759.757929442261
-4462.949062138528,-5744.552658255775
-4463.981712699123,-5744.213439095029
-4457.5962344769605,-5726.968944067337
-4448.970428811235,-5709.685380863877
-4441.877851461353,-5698.286474737392
-4434.865783740413,-5688.7571838525955
-4424.528690500707,-5676.4474715026045
-4414.855723431958,-5667.166161447666
-4408.6880659568715,-5661.999098684925
-4406.1756305718245,-5659.892893156429
-4394.913815207066,-5651.721376280444
-4383.561933368173,-5644.634037310457
-4379.99904116127,-5651.084600581234
-4389.860690517535,-5656.998600612957
-4398.140217959837,-5663.067022994102
-4408.692551143281,-5671.805323853321
-4411.765544298606,-5674.351954261774
-4423.147212568616,-5686.137529105097
-4434.004336062274,-5699.777927607791
-4445.841606623108,-5719.299243291707
-4452.293046095456,-5733.413356031533
-4457.001641192042,-5746.714734128462
-4460.620688181622,-5759.985692610073
-4461.780440657133,-5765.974463346353
-4463.128126291453,-5774.678159997442
-4464.073397878844,-5785.934867329411
-4464.450301234433,-5798.298131520954
-4464.235019812907,-5807.258203212986
-4463.2604871620315,-5820.879004801212
-4462.218968390485,-5828.2527837155185
-4459.476904970631,-5842.878655468586
-4455.85669528574,-5856.079049306189
-4452.657747694429,-5865.3822324792645
-4447.46389727529,-5863.391188127219
-4442.961633293348,-5861.101079908891
-4429.698011264923,-5850.761231605392
-4427.069629959563,-5848.307367413199
-4425.300571987315,-5845.803134620647
-4422.413837006287,-5837.008372921902
-4415.686821307701,-5818.7726240233615
-4415.118514656324,-5817.2970281892485
-4415.061191369458,-5815.654321488898
-4415.284612496714,-5814.148438729509
-4415.870074877797,-5813.491635812523
-4417.2051165353805,-5812.9143865698215
-4418.14967296993,-5812.51037720957
-4418.515622195472,-5811.675825924425
-4419.039865475501,-5806.348697862963
-4419.043992849775,-5804.779975231474
-4419.696189585181,-5797.314512381875
-4419.606030173103,-5792.582257749097
-4418.463535723482,-5782.082915745866
-4416.948776256394,-5771.938544132638
-4416.496559670527,-5771.05738708561
-4416.01289460413,-5770.111309146014
-4414.748475155352,-5769.61036075802
-4409.444331260335,-5768.965232270913
-4408.814082766231,-5768.891608173737
-4408.736954889642,-5768.888651058075
-4407.113611900798,-5768.868446866093
-4405.847967932091,-5768.246504780334
-4405.300192917165,-5766.890794748729
-4405.483963769621,-5765.473904553503
-4405.8562210952405,-5762.536883858251
-4406.0699721645515,-5760.898042893961
-4405.658525592857,-5759.814180805848
-4405.005064720194,-5759.228865038311
-4402.473107779041,-5759.258051207394
-4400.858092063105,-5758.805139738509
-4399.618503804711,-5757.413836420374
-4397.366146332188,-5749.395107226565
-4396.7233709175625,-5748.418179340582
-4395.741947677581,-5747.4912794128
-4394.647361529001,-5746.882324647044
-4392.815245759109,-5746.035709740683
-4391.528595071927,-5744.415607229124
-4389.248864794845,-5737.186385880126
-4387.892886931732,-5734.155293545517
-4387.534937376347,-5731.452612392357
-4387.639696406175,-5728.6425922413455
-4387.801747522207,-5727.2346894205075
-4388.353170649245,-5725.968449483037
-4391.159505603835,-5722.581857761277
-4391.430183246812,-5721.354646912701
-4391.483636966268,-5719.832782705911
-4391.0852481546035,-5718.24030407708
-4390.2137318074765,-5717.544167991344
-4388.606917862587,-5716.91938664642
-4386.709831934588,-5716.513582094409
-4384.815230695818,-5716.058800258996
-4383.772466484594,-5715.288829011884
-4380.412502834623,-5715.0905639689045
-4379.641359019347,-5712.773692168122
-4378.858426273963,-5710.808633298144
-4378.274790372593,-5710.14338660759
-4377.6769904825605,-5709.936782978958
-4376.886333264175,-5709.913202913651
-4375.557122081217,-5709.870815708622
-4375.149619278052,-5709.547222022783
-4375.151933227788,-5709.306431734306
-4376.204976873647,-5708.794351162404
-4376.766690165018,-5706.449941936739
-4376.371117694552,-5705.7166819842905
-4375.715330216746,-5705.332255688003
-4374.74517897368,-5705.292797442087
-4369.1478110773505,-5706.197548912717
-4368.102009010644,-5706.647682550778
-4367.730968913385,-5706.943700344645
-4367.717874350801,-5707.366334286055
-4367.702442369482,-5707.793956640153
-4368.219708438796,-5708.410258297805
-4368.828288428199,-5708.435018853182
-4371.886443916733,-5707.558252048955
-4372.962912680509,-5708.029467056996
-4372.949735398882,-5708.269264807984
-4372.805363813165,-5708.866814818296
-4371.939247068598,-5709.569626195847
-4370.165483960292,-5710.054104078688
-4369.050939575259,-5710.566211878709
-4368.470710368007,-5711.700698023049
-4367.950580202678,-5712.877948347515
-4367.836701943489,-5714.384778027914
-4367.62881892207,-5715.523982916565
-4367.276344032427,-5716.96010037962
-4367.178612999315,-5719.249338131224
-4367.106908305526,-5720.518351849116
-4366.542026724975,-5721.2251158120935
-4364.145391821414,-5722.05450069498
-4363.639480866327,-5722.711264529082
-4363.683120491461,-5723.311721644243
-4362.27703791855,-5724.0208612469405
-4360.124887114868,-5724.453540394754
-4358.044872054952,-5724.383461608556
-4356.255231758201,-5724.319235906816
-4348.379578912821,-5721.334174258503
-4346.8600105888845,-5721.279899357717
-4344.888453282392,-5721.3857224877665
-4343.403898199185,-5721.89101187295
-4341.992884793726,-5722.230288899876
-4340.227672923764,-5722.78567750974
-4338.936981476551,-5722.743367647014
-4326.612299891518,-5723.029697863206
-4308.983157970775,-5724.322539055387
-4308.131285684062,-5724.565704176311
-4307.8373611874595,-5724.84373071337
-4307.819455640627,-5730.773996475197
-4299.588927804279,-5731.713997906578
-4243.740649563464,-5746.827086512565
-4233.808051532961,-5749.465375208097
-4195.02808181941,-5759.960160427234
-4193.479465251473,-5759.988763735477
-4191.249884346041,-5759.758919360375
-4188.903397928108,-5759.519150605473
-4185.957695409081,-5758.695124307817
-4180.4593509758615,-5757.4094787566955
-4160.388402219677,-5752.700732588809
-4133.406686683566,-5746.634163476071
-4110.523852131966,-5741.052336716488
-4072.4563238695678,-5732.2133639639
-4045.379352967831,-5725.686854634037
-4037.5175548780294,-5721.038850600261
-4025.0696088671316,-5714.705935825924
-3990.7097500636482,-5695.387367074138
-3959.6891092959,-5678.575242222422
-3955.0894651050594,-5676.11906633205
-3940.283852540389,-5668.2222781223845
-3936.3325359724363,-5666.11953092101
-3932.9478318556207,-5664.201481748659
-3930.422414372912,-5662.381830400457
-3929.8627525733964,-5661.205044142197
-3929.672494945348,-5658.765010982087
-3929.796020214029,-5657.184170197744
-3929.7847618811734,-5656.213935748342
-3927.7300280084974,-5653.137179772736
-3924.6233748291015,-5650.5004369206845
-3921.941500640358,-5649.408401647119
-3919.703600713062,-5649.1904674535335
-3917.3223455600396,-5649.259463384933
-3914.3032648650624,-5651.555868848848
-3911.929101996786,-5654.483509761825
-3910.263779991722,-5657.6297073248725
-3909.7946599983875,-5659.857148380779
-3909.779724208285,-5661.557940470877
-3910.137062184694,-5663.089610070228
-3910.6375649978904,-5664.275398712111
-3916.8311479932445,-5668.505546780614
-3918.1473868819157,-5668.927739353433
-3919.1777829052658,-5668.976296038571
-3919.858516952979,-5668.702213611886
-3920.771526114064,-5667.348973615587
-3921.8036676337015,-5665.937532539174
-3938.002657317514,-5674.533305420104
-3943.9946169738946,-5677.713382036452
-3951.9693473951334,-5682.05070441315
-3969.939341116035,-5691.81273664215
-3977.345167171812,-5695.824498666286
-3994.96669899587,-5705.423741067774
-4000.1222693916275,-5708.2253901067415
-4021.9929245960475,-5720.120988469419
-4023.467020205954,-5720.942786915997
-4043.665990760386,-5732.161552325843
-4063.4656220471684,-5736.718641737966
-4070.9019692541574,-5738.431150750901
-4073.3883337748603,-5739.080649723438
-4075.933864431712,-5739.741992923708
-4076.549766154071,-5739.886764466827
-4098.688805636972,-5745.074189779552
-4123.562728055165,-5750.8621676530865
-4133.154007093731,-5753.082315950995
-4132.396170699524,-5756.335988646498
-4136.877200720986,-5757.332333493048
-4137.583355412136,-5754.180524309313
-4152.2451527194735,-5757.692392642999
-4167.097414470023,-5761.248344200407
-4175.130426661194,-5763.164297740307
-4185.641361029354,-5765.682837155074
-4191.118077709545,-5766.989336266776
-4191.929131769759,-5767.213813127267
-4194.610918444999,-5767.959052631256
-4195.111126975122,-5767.991751349181
-4196.489842862621,-5768.102069591236
-4196.991095571237,-5768.038013188381
-4198.562443631573,-5767.821476096265
-4203.8160872852695,-5766.133561031265
-4215.981318874538,-5762.237215410475
-4217.393564904426,-5761.826936480186
-4222.837598983717,-5760.243761758064
-4234.505349479515,-5756.850235791715
-4243.038886434019,-5754.180543858075
-4243.682310664395,-5754.008496174777
-4248.743292403906,-5752.610306659105
-4254.433253523596,-5751.2588175975425
-4276.391797615198,-5745.801414718602
-4291.566154435358,-5741.718806274774
-4299.667428274747,-5740.227368303436
-4303.51277538463,-5739.618092592113
-4311.232326457074,-5738.653379729723
-4324.25556134636,-5737.363600254008
-4329.0113949807255,-5754.463085466526
-4329.25278351391,-5755.353318599162
-4329.497774251096,-5756.077670867597
-4335.949472132689,-5776.291987009701
-4346.081475068845,-5809.487506095579
-4350.81081950397,-5823.830283602197
-4355.103776270833,-5837.704444975857
-4332.027518135218,-5861.012748262162
-4322.7820057030485,-5869.9179212936815
-4312.753587798903,-5879.571837292447
-4298.729779696684,-5894.024856395659
-4269.146037378495,-5924.147528298982
-4244.279129337173,-5948.790327452718
-4241.860227181981,-5948.542623762289
-4242.426921229435,-5976.396611591689
-4241.818263084491,-5976.421816303992
-4230.182740409221,-5976.92556673912
-4210.195652345228,-5977.636838809103
-4193.772656757334,-5976.781588855035
-4175.790650531826,-5976.918271898716
-4162.725874050123,-5977.42964221941
-4161.937878144234,-5947.23338774619
-4161.634592397088,-5937.07957777172
-4161.462153095087,-5931.349089761892
-4161.098774223612,-5910.324682210933
-4160.578113340338,-5876.669084436003
-4140.067949484537,-5876.954717097438
-4099.755243828017,-5877.979199563068
-4101.110227871646,-5938.352466250672
-4065.212753792506,-5938.941223829549
-4027.0870706295204,-5939.683691296121
-3984.9133985400695,-5940.878239923837
-3981.994561884154,-5940.855507387296
-3981.8200212341458,-5932.813880154234
-3981.1718377068237,-5892.164867926279
-3981.282582333116,-5886.156464090228
-3980.9472627982755,-5879.714644452701
-3984.9965496764366,-5879.648035269012
-3984.838986579324,-5874.475123075719
-3980.7920220127385,-5874.291964840194
-3980.464186909007,-5853.798088462351
-3980.0611101471795,-5828.962556104855
-3979.9237823281555,-5820.373401017284
-3979.5846958107177,-5804.799646981084
-3978.892272706393,-5773.940911201857
-3978.7694367102404,-5768.268450900886
-3975.2383794171456,-5768.390801766392
-3973.997189272297,-5768.44028955723
-3974.554399682992,-5792.826101390239
-3974.877578620549,-5807.940128628994
-3974.9747505912264,-5812.780310484326
-3975.3019603587472,-5828.952551231893
-3975.7877934785943,-5849.637279022637
-3975.9876712490304,-5857.940732670699
-3976.207909071533,-5866.173157971338
-3976.2979338913797,-5871.105309058521
-3976.858368598479,-5903.278959573796
-3975.9955967385895,-5903.49217565851
-3972.158298206874,-5903.360795685571
-3957.9564839727236,-5902.202692778721
-3955.6233436384164,-5902.382397472279
-3950.273029535579,-5903.567691231007
-3944.146443388061,-5904.595400380981
-3935.8050143822984,-5905.744903935276
-3931.1861281732845,-5906.966794660479
-3922.840073513555,-5908.667989306126
-3917.835735311256,-5910.35564935527
-3912.184710396199,-5912.869075234143
-3905.4100282288446,-5914.772302421876
-3901.2310065462166,-5915.587332107966
-3892.3849126241594,-5917.723200547702
-3884.531959569762,-5920.299442321888
-3874.2811960296726,-5923.722795572524
-3868.758766556561,-5925.43477715852
-3859.1195145182533,-5927.435078098385
-3855.6862217383814,-5927.908056225933
-3847.9882440583337,-5928.983313689201
-3835.5534639667667,-5931.739093318019
-3823.451873001279,-5933.105848056884
-3811.7777476220244,-5933.539185977342
-3797.3245676840065,-5933.6897255829645
-3785.3766449610275,-5933.36765597207
-3775.4879175099877,-5932.123601748812
-3764.7123975714107,-5931.434277492235
-3762.1127569226933,-5930.945734836354
-3748.6466569643435,-5928.408932207594
-3738.786430132065,-5926.077587410896
-3717.589608670979,-5920.9597931675635
-3706.597261548419,-5917.226908680357
-3702.911279839909,-5915.758554543124
-3699.225258532775,-5913.96632064639
-3696.620344373542,-5912.3435396776995
-3696.6203171768166,-5912.272619600651
-3696.573194841924,-5911.85399969614
-3696.7330259026394,-5910.704753674965
-3703.4565375290913,-5898.3997807519645
-3703.5596542228222,-5896.8809939049315
-3702.7976897630915,-5895.886111336621
-3701.4837371130616,-5895.163051760176
-3700.0385559645933,-5894.5621326715545
-3698.6983949319747,-5894.569629512882
-3697.653707557127,-5895.010712560339
-3696.659731738531,-5895.642691720846
-3695.019188278077,-5897.888525327893
-3690.7949896272726,-5906.884128190981
-3690.6949740875716,-5906.905113366683
-3690.2430161678767,-5906.979198971403
-3682.460715892697,-5904.973771440924
-3666.443529982372,-5899.800917930791
-3648.4459566041805,-5893.328885478407
-3634.4886917870026,-5888.829587745677
-3631.4405746525404,-5887.84753126543
-3616.5485207160104,-5884.460738411531
-3613.7280778757568,-5883.386624166942
-3602.767162171463,-5879.687622992886
-3591.0347426139647,-5875.348421668594
-3577.3411059993477,-5869.782847263487
-3559.056106532397,-5861.707920381363
-3550.444955252801,-5857.247620219643
-3548.570410317969,-5855.402692704566
-3545.7142866070494,-5852.467093792178
-3541.7483465848463,-5849.424873542053
-3531.122990552359,-5843.886034068862
-3516.2673337489246,-5837.3697111279
-3499.869956257474,-5829.833513888229
-3483.3925941855014,-5821.024346772973
-3465.524912758127,-5809.955385200975
-3440.588646056271,-5797.375157041013
-3438.221282642401,-5795.974058422398
-3422.3005628145497,-5786.259284272863
-3418.2555307109224,-5784.557041894557
-3414.5019789600115,-5782.436056466541
-3405.49043619273,-5776.729629252995
-3403.7919903223587,-5775.575259195654
-3401.5512127142974,-5774.355945543895
-3388.8479666820226,-5767.4408745185065
-3372.5844201213513,-5759.423732264034
-3369.2566099170954,-5757.964102065405
-3359.6100585126237,-5752.742524376703
-3350.1382789661084,-5746.904340143794
-3346.031395820062,-5744.107964246833
-3338.2865877906256,-5738.544071069627
-3335.3851355599063,-5736.418669795639
-3321.2730948136523,-5725.920786096964
-3309.109511305267,-5718.010148074735
-3296.2689023196153,-5710.713170217703
-3285.8038236231932,-5704.0929466008865
-3271.723867310926,-5695.504435525861
-3257.7290751431333,-5685.40710204388
-3248.2630996013327,-5678.807346688199
-3244.2840932214126,-5676.17476836857
-3241.44183529576,-5674.281230453632
-3221.138986120856,-5662.611158241374
-3199.630122096288,-5648.029629460245
-3193.524868708125,-5643.8389896907
-3188.526779662493,-5638.874541489248
-3182.2141667226874,-5634.252158387503
-3164.833308942867,-5624.657434611711
-3146.765858197216,-5612.185003259173
-3141.2416038403367,-5608.145057597372
-3126.4490197838086,-5597.332207395412
-3112.6661406319417,-5585.826664232289
-3098.4568342121825,-5574.918722875507
-3079.28626501479,-5560.398214135114
-3061.1357390991952,-5547.405167833492
-3050.7840671570398,-5540.297985877932
-3036.1636637667234,-5528.195112995887
-3024.6169584167706,-5518.367280560983
-3008.8662523479134,-5506.294644787727
-2997.0461423856664,-5496.82475669856
-2991.1132893396393,-5492.373993494025
-2979.573572086105,-5481.348242535301
-2968.180702333468,-5469.810730145961
-2948.827693274061,-5448.669108065732
-2935.84313168279,-5433.321109234458
-2919.0564418795893,-5413.9592280758625
-2908.2511603689372,-5400.018460084804
-2897.2207691681733,-5383.451607608804
-2884.0030742771796,-5361.642493624153
-2875.85322567553,-5345.902354221616
-2874.928351627376,-5344.004045187498
-2870.150905292983,-5334.214101094225
-2867.309763869459,-5327.061588318759
-2863.5283321530674,-5315.308821217933
-2860.0123578170605,-5304.644213854918
-2858.331021631635,-5299.54265167447
-2854.654318793407,-5287.2622874480585
-2852.4093214167756,-5279.354009274522
-2847.8140140260093,-5265.6551120264385
-2847.2634518890077,-5262.2289636941805
-2843.821109801932,-5239.60964396508
-2841.871955671872,-5225.302302582465
-2841.441954723556,-5221.827142357682
-2839.8230641935925,-5211.92233827694
-2839.5621397530385,-5209.723192132488
-2839.5409396863292,-5207.532852800152
-2839.610748931028,-5199.161261334747
-2841.9895875118527,-5199.182703714535
-2842.0336748345835,-5197.663842284088
-2839.3162570318395,-5197.318920251966
-2839.0483049418854,-5175.515888266323
-2839.2833654121105,-5167.637995665563
-2844.714204330429,-5150.031037074671
-2852.613934838308,-5131.937875250713
-2855.623321615684,-5125.1033121417695
-2856.5543511084434,-5123.609124296051
-2857.6481145490325,-5122.010153665858
-2859.9573468771937,-5119.26353136857
-2871.2747994119663,-5105.812664042088
-2874.7789268748943,-5101.611868367648
-2878.8087680831895,-5098.215274685493
-2889.9504019748288,-5089.606758913745
-2891.670905548937,-5088.303146879776
-2893.5732598683658,-5087.119475645608
-2907.6204297722543,-5079.166501626882
-2912.979752813368,-5076.811749357529
-2914.595523297617,-5076.225645577616
-2916.118533309569,-5075.867491670823
-2917.5187719813894,-5075.688221209127
-2918.6395029414493,-5075.727880306394
-2919.6639483103254,-5076.218125993124
-2924.0726848554723,-5078.884723827464
-2924.6669600070272,-5079.272260311137
-2926.2410253747908,-5080.30097262014
-2931.300577407434,-5082.705633100447
-2934.712583277254,-5084.783822044104
-2935.6961674690037,-5085.533021877072
-2941.950865594819,-5091.13480463654
-2943.200766453423,-5092.243510554613
-2948.4567526569554,-5098.699828028409
-2949.1414555680904,-5099.4230839583415
-2949.551568039701,-5100.597081173596
-2950.1861937206736,-5107.233657950872
-2950.661548620217,-5108.906270732406
-2953.3806767710353,-5114.900735132968
-2953.7244265441436,-5115.733019036369
-2953.681251022932,-5116.351464104053
-2949.782704008514,-5119.782062575001
-2949.514213575107,-5120.509600150298
-2949.519231328051,-5121.070177137045
-2949.8038583106218,-5121.741587249671
-2958.455972555226,-5125.233073912254
-2959.2970373091716,-5125.229823172251
-2961.098509050529,-5125.03446360408
-2964.5119239073465,-5123.474566644541
-2966.96370510741,-5121.924041666144
-2968.356400347309,-5120.564758335509
-2973.0600748360353,-5114.146279692365
-2973.438132329431,-5112.969147597918
-2973.696542662887,-5110.991582178785
-2972.9846958159965,-5104.084217514451
-2973.1433185508063,-5102.8450107017425
-2973.581702504303,-5101.939570978197
-2974.802020187978,-5100.580339880124
-2975.4609021342685,-5099.664857272894
-2975.4497281093345,-5098.654622380186
-2974.800263690756,-5094.889769977335
-2974.9782054479265,-5093.980320966537
-2975.21767223,-5092.8932034200425
-2976.906990680473,-5088.0463702733205
-2979.409214298436,-5082.127303609481
-2979.766409392513,-5079.960786427785
-2980.776699430349,-5065.739633083958
-2980.4553038373365,-5063.1637642706
-2980.2437938228372,-5061.164399548347
-2980.668096001035,-5049.8570392686
-2981.15247842541,-5045.861021401895
-2981.954562829609,-5044.38780803694
-2982.885639178005,-5043.133499503504
-2983.969964488635,-5042.452689118603
-2984.661660506192,-5042.288590389993
-2985.910102927642,-5042.470142189422
-2988.0240656951937,-5043.396635844475
-2993.098614306079,-5044.060573061278
-2994.3624974027143,-5043.379705717551
-2997.066977628879,-5040.665045907831
-2997.582408536546,-5039.807559385041
-2997.589447752592,-5039.068032342199
-2996.6844267149,-5038.658752390335
-2995.086339789531,-5038.305546227348
-2994.3380031339457,-5037.959955731478
-2987.769486675074,-5030.765741980715
-2985.831296297989,-5029.20749550697
-2985.327438312506,-5028.585130123901
-2985.330887845349,-5028.1225020893
-2985.3945812215584,-5027.663845263708
-2986.1357093460783,-5027.669600391464
-2987.0419630531455,-5028.017037763159
-2991.957195204134,-5027.430994552934
-2993.276686793339,-5027.439561898203
-2994.1876133070564,-5027.497231867094
-2994.7552175400538,-5027.561990787451
-2997.219471064558,-5027.2534049183405
-2998.6618059376697,-5026.784444022063
-2999.203916708067,-5026.550468098296
-2999.99901992444,-5026.016573636514
-3000.2458260240974,-5025.169145310378
-3000.181803658498,-5024.568687814433
-2993.8982299079225,-5019.046848708288
-2993.544904888427,-5018.322495440262
-2993.160333808466,-5017.608226322099
-2993.0456597661773,-5016.9487342384455
-2993.300830374475,-5016.129332407811
-2993.64890165148,-5015.272895533112
-2993.5352514398182,-5014.412612254424
-2992.743291082461,-5013.495584129563
-2991.780298547172,-5012.857302411914
-2989.1602465964793,-5011.635116743108
-2988.822631127197,-5011.182569225768
-2988.4812239493376,-5010.088549372467
-2987.1505728338425,-5005.338606896147
-2986.7456283200786,-5004.935155745784
-2985.7802514136156,-5004.417767629742
-2982.20406272863,-5001.47613684372
-2981.6422132261746,-5000.562028964478
-2981.303178061795,-4999.299136289174
-2976.7625158969195,-4987.388743309176
-2976.5200181539067,-4986.498575483039
-2976.4775086457194,-4985.47937286869
-2976.8604582149533,-4980.411304469826
-2976.929938844366,-4979.212223242295
-2977.273278289669,-4978.725351342484
-2977.7177882913043,-4978.4664700027715
-2979.350440951421,-4977.960347216305
-2981.079267188675,-4976.924637090408
-2981.956433309757,-4976.172871038296
-2982.495830721666,-4975.0087552653595
-2983.163983560537,-4972.762243925569
-2983.2323901221494,-4971.874972371615
-2983.0260949991484,-4971.332412089219
-2982.4067459033076,-4971.175701680597
-2980.9077411314606,-4971.2840919901255
-2978.727040217349,-4972.535794529339
-2977.463099548148,-4973.003799624025
-2976.6135076999813,-4972.949101524415
-2975.361077559272,-4971.72938202599
-2974.9101183276775,-4970.854240580193
-2974.9739163771865,-4970.4636112761345
-2975.2654400477622,-4970.207769699968
-2975.9257576440014,-4970.18242947511
-2977.3511892453357,-4969.655523888016
-2978.1450821759363,-4969.001735553879
-2978.382211603309,-4968.203186784697
-2978.2251247017307,-4966.83241108234
-2974.318006659625,-4961.488770059117
-2972.8934530900524,-4960.795768006384
-2972.0980455529675,-4960.330294268008
-2971.2446673505256,-4959.644098025699
-2968.8767056401725,-4955.682973340148
-2963.221197998395,-4946.675656928024
-2958.036491281156,-4936.470229928128
-2956.7498770300886,-4933.830718283998
-2956.640985063406,-4932.397884679989
-2956.739574301668,-4931.568457317773
-2957.332269162343,-4930.915729888142
-2957.424915040448,-4930.595014532255
-2957.3900587091507,-4922.923974773439
-2957.0687798624917,-4920.69283057824
-2957.075751299288,-4919.722588422565
-2957.2538271810704,-4918.983108524149
-2957.997197477632,-4918.699099800031
-2958.7358763675156,-4918.646904718268
-2959.078161180974,-4918.538972971861
-2959.2514398376193,-4917.959189611746
-2959.256130085758,-4917.451674932426
-2958.9233596890253,-4916.70836203381
-2958.6387316890437,-4916.016005099516
-2958.4758074239126,-4915.21468695147
-2957.4838441399374,-4910.525581194443
-2956.972635225466,-4909.61045874372
-2956.915878522932,-4909.259765367763
-2956.812026644818,-4908.458429045512
-2956.816697980796,-4907.88887167912
-2957.222559684079,-4907.214356955478
-2958.073145942688,-4906.98926584231
-2958.7683186609074,-4906.477349732643
-2959.005466292571,-4905.737851643949
-2959.0100853685567,-4904.998524724276
-2958.834063819138,-4904.535851992914
-2958.2096799806136,-4904.021448463839
-2957.8709303567343,-4903.667849261895
-2957.7115470116223,-4902.6966606912865
-2958.113866843229,-4902.188924162925
-2959.5948818436163,-4902.030569615417
-2960.4563825942037,-4901.978336664917
-2960.970813400024,-4901.414607437171
-2961.034488101382,-4900.894107500075
-2960.559627264657,-4900.530376023833
-2958.9905912521717,-4900.287076185261
-2958.7507474020636,-4900.136332241268
-2958.762720442856,-4899.945412613123
-2958.8323197226377,-4898.855255171319
-2959.0825096266863,-4897.598165362782
-2959.028164724167,-4896.938753975436
-2958.8447075059503,-4896.205270143698
-2958.491353768489,-4895.364111615384
-2957.7140482843065,-4895.056630502121
-2957.001701903135,-4894.329293826922
-2956.7255381005257,-4893.716931391582
-2956.757884212228,-4893.208310991237
-2957.245689080191,-4892.462751171769
-2957.3129608272634,-4891.683406411545
-2957.1728171545847,-4890.51231871397
-2957.511067824327,-4889.513945877605
-2958.0556690878084,-4888.977239003261
-2958.383194377464,-4888.151830905123
-2958.426386318556,-4887.591238926657
-2958.211650029024,-4887.030726153663
-2957.8246783109057,-4886.636145697123
-2957.354753333121,-4886.562277618961
-2956.750897505094,-4885.958993012234
-2956.097485467838,-4885.052891370293
-2955.506680109335,-4883.956951736546
-2954.2587086885046,-4881.427249267416
-2952.8218272170116,-4879.724009289238
-2951.1019288085686,-4878.489567440033
-2949.591631472844,-4877.417848377647
-2947.310317038179,-4876.376289129391
-2946.95426331911,-4874.623841441453
-2947.2009716734865,-4873.727438490061
-2947.6238974238026,-4873.391560340674
-2948.656484544675,-4873.249304200895
-2949.3457510933567,-4873.374974039967
-2953.3382179436076,-4874.107191326208
-2953.799710412808,-4873.931195686817
-2954.08632188743,-4873.1947746751275
-2954.6014844711376,-4871.478866740437
-2954.4879945756147,-4870.579581655874
-2954.126183373595,-4869.6733904232215
-2951.446318535338,-4866.161916791469
-2951.0953997013876,-4865.080965169004
-2951.102288135045,-4864.110722966313
-2951.7137057570976,-4861.5834427125665
-2951.731492716399,-4860.73309318468
-2951.070744311375,-4859.6001684962785
-2949.9945546285394,-4859.230835344221
-2948.60281171152,-4859.218294317032
-2947.101437918186,-4859.4475736085515
-2945.8313478507935,-4859.434994961227
-2945.354103609329,-4859.192356435674
-2945.3564340855255,-4858.889523506277
-2946.6238071301545,-4857.940840185236
-2947.4741274040075,-4856.859520909051
-2947.469273916707,-4856.288869196927
-2947.1231903373528,-4855.716426687994
-2945.987892489173,-4855.226217676564
-2944.7178868334804,-4855.214636326219
-2941.8222392945263,-4855.622090251429
-2940.441479205644,-4855.730438180779
-2939.943713924285,-4855.59473454337
-2939.4759431987745,-4855.182123765986
-2939.4251402177365,-4854.3508468764085
-2939.392811667335,-4850.810632413762
-2939.738397695846,-4850.301916453966
-2940.6023627123895,-4849.851992806464
-2940.837154096776,-4849.331340974622
-2941.723844072865,-4844.771629932943
-2941.734307282892,-4843.739443664266
-2942.0800243408416,-4843.113823963818
-2943.052308550514,-4842.780770614624
-2943.504157271279,-4842.493859623238
-2943.5110153863197,-4841.695481670014
-2943.2867184538577,-4841.01208301326
-2941.6563884304455,-4837.287425459158
-2941.036747674817,-4836.144612527199
-2939.614564868175,-4835.211712915658
-2938.185342386583,-4835.03030995823
-2937.5033711422643,-4835.255347926532
-2936.698581369506,-4835.7670964808785
-2936.3588603827925,-4836.054072725528
-2935.671934120492,-4835.647513375703
-2934.7087399286097,-4834.55068839738
-2934.7783262419,-4833.410557730304
-2935.1756921169344,-4832.5541077236885
-2935.7503949646753,-4832.098287798983
-2936.844243447211,-4831.478524827607
-2937.130906703779,-4830.911873845133
-2937.1981579852563,-4830.061509220577
-2935.632382788619,-4824.849003001372
-2935.291352360414,-4824.676145427831
-2934.382698293982,-4824.608594221286
-2931.9800973526612,-4824.997940530003
-2931.8100962802387,-4824.816253035815
-2931.7556633561444,-4824.134697585432
-2931.252704803162,-4822.302296716114
-2927.634833485128,-4817.191457172416
-2927.01050709626,-4816.567030470478
-2926.3235315700717,-4816.267499112139
-2925.301683565228,-4816.261724894442
-2916.449444021007,-4815.346236817353
-2915.3659095938533,-4814.705988845262
-2914.8052613681243,-4813.563056591348
-2912.6696721040807,-4808.344833836399
-2912.0416719725845,-4808.0002976734195
-2911.073979435463,-4807.759800616228
-2905.713773797947,-4806.415431397573
-2904.346032951429,-4806.17495457983
-2903.5459517550057,-4806.228261233531
-2903.0303214739815,-4806.964849578482
-2902.4522475134745,-4807.879305808588
-2901.9849102851795,-4808.615779797805
-2901.180135618371,-4809.1766009793055
-2900.5500192161016,-4809.294791563262
-2900.1039267019264,-4808.71828781353
-2899.992808251551,-4807.628284806193
-2900.814990982074,-4804.944041923024
-2900.593001902894,-4804.142740456349
-2898.207420698821,-4801.102867183681
-2897.076849178927,-4800.184835577746
-2894.049756146909,-4799.650203214377
-2891.0215114838807,-4799.4533139804635
-2890.1139635443274,-4799.164718659503
-2888.3508649634264,-4798.400885314326
-2887.89640382307,-4797.775507412933
-2887.792558846025,-4796.9740704716505
-2887.7979760713542,-4795.25552580131
-2887.804922024218,-4794.177357152402
-2887.244277365163,-4793.031430849682
-2885.824362401981,-4791.820726843128
-2883.7732445994684,-4791.002018273548
-2881.894618827248,-4790.875602396581
-2874.7926064580365,-4792.026910981386
-2874.2817692755507,-4792.31074421309
-2873.765066959897,-4792.819608660839
-2873.819465060213,-4793.678913833546
-2874.3778515633426,-4795.102637301878
-2874.4840170498956,-4795.564235274024
-2874.2623704237994,-4795.903042610291
-2873.570725799761,-4795.906241365787
-2871.910287508159,-4795.8917744677765
-2870.540227215063,-4795.991131966052
-2870.1423328438605,-4795.648419690371
-2870.3157196974003,-4795.140854702535
-2870.783139218415,-4794.394208007747
-2871.594898792784,-4792.878109147042
-2871.7416798838085,-4792.249658560929
-2871.2690876903953,-4791.3385097876435
-2870.045749358809,-4790.608426214977
-2868.632072155031,-4789.854360111016
-2866.7942004125393,-4789.380310455913
-2865.296287781611,-4789.136974160929
-2864.3395620509564,-4788.95841210559
-2863.7541042088283,-4789.4951259056925
-2863.5891469958474,-4789.9727641345235
-2863.5918280547435,-4790.841161730286
-2863.1508649067637,-4791.207963200311
-2861.7107886332124,-4791.02665186948
-2859.859732539311,-4790.327575313462
-2859.627180415028,-4790.2388694191395
-2852.8042770200595,-4789.57238723373
-2851.3846569573097,-4789.341992717393
-2850.349365703199,-4788.790697557074
-2849.3430081274637,-4788.322283576445
-2848.292253224829,-4788.313617081585
-2847.503059150933,-4788.448708496043
-2846.5295229571816,-4788.778760187725
-2845.745189000812,-4789.244711204132
-2844.6561419972795,-4790.28320084266
-2844.2514099554905,-4790.831929486962
-2843.7818296330724,-4791.907242280096
-2843.6026559692627,-4793.195229926765
-2843.397978571124,-4793.565052898938
-2842.9859472022677,-4794.01184209492
-2842.4124327331406,-4794.254795812953
-2838.5081279527117,-4793.71432021856
-2836.5100699683308,-4793.465141985174
-2835.475108477306,-4793.74922722182
-2835.0835314425062,-4794.143044337671
-2834.681109429114,-4794.310039687708
-2834.0556713809156,-4793.857571302814
-2833.692716379685,-4792.991274631853
-2832.775608578689,-4792.575997883224
-2831.905507488017,-4792.61615255644
-2830.9826390850367,-4793.069076223346
-2830.1021698771106,-4794.221414118448
-2829.8058304949936,-4794.859982459905
-2829.6796017444995,-4795.777294009905
-2829.326647561581,-4796.246109371944
-2828.6844957537764,-4796.351231920946
-2828.1156177436133,-4796.166467796356
-2827.8912582309194,-4795.523065023623
-2827.5736130854807,-4793.030178621354
-2826.9998538339005,-4792.154966330087
-2825.9730414015735,-4791.736529220484
-2825.2728721141834,-4791.730749773631
-2824.1693116634187,-4792.291652159799
-2823.4730063189572,-4792.926447418607
-2822.657384727492,-4793.549108440195
-2821.8912973645224,-4794.415636581378
-2821.1995836508695,-4794.467907183277
-2819.813712272716,-4794.215454015555
-2818.3088649705064,-4794.542566202219
-2817.4318186221394,-4795.40523630935
-2816.6776415554564,-4795.859106733546
-2815.058093391258,-4795.957531811651
-2813.620485327025,-4795.644147390136
-2812.07399050576,-4794.122856981346
-2810.7604073625034,-4793.34980121991
-2809.477043186199,-4793.629966251134
-2808.032420484183,-4794.187874091299
-2806.703316701938,-4794.056395743232
-2800.493202611773,-4791.433258033282
-2798.6527739513826,-4790.487591764897
-2797.1066988165144,-4789.825520468845
-2795.488338085766,-4789.694124559141
-2794.5109234377946,-4789.33362283538
-2793.247776601962,-4788.452623672148
-2792.401504302448,-4787.106981186096
-2788.0881384970485,-4784.850055601725
-2785.6234253113153,-4783.088037597487
-2784.7120673037207,-4782.031081410833
-2781.965416173144,-4780.439212799701
-2779.363927744595,-4780.695715343434
-2778.267269076929,-4780.277393042775
-2768.785009372944,-4775.578742271074
-2767.1218352088335,-4774.752915040391
-2765.0006924022528,-4773.857196510704
-2762.530119778432,-4772.615854218725
-2761.666020387429,-4772.018616746272
-2758.773750123422,-4767.235174699209
-2757.8602570356447,-4766.584885555191
-2756.5936904480504,-4766.2865054601025
-2755.2645393481916,-4766.265839078781
-2754.618795013805,-4766.659825378702
-2754.0960069939733,-4767.233520789749
-2753.171852404677,-4767.575518593273
-2752.532006894267,-4767.5607393668515
-2751.8473816855308,-4766.975419382778
-2751.3339237495234,-4766.282024330868
-2749.3331827295547,-4765.0935101574005
-2747.653398431136,-4764.900180778595
-2746.964141978118,-4764.773499016424
-2746.391560478061,-4764.188046943146
-2746.3444567668034,-4763.670472566555
-2746.655797120692,-4761.122343642934
-2747.1929388788417,-4760.1948415030365
-2747.3699568652587,-4759.508431084786
-2747.2081364797386,-4758.405274093509
-2746.3559916303043,-4757.530236094617
-2745.241064625933,-4756.908032119425
-2742.78401458999,-4756.478123701029
-2741.81636669106,-4756.361495541794
-2740.643914347306,-4756.472747975724
-2739.8438499912427,-4756.57391965383
-2737.2121680421897,-4756.701546132245
-2733.3285601291022,-4757.180238085953
-2731.1498870774353,-4756.979965326476
-2730.421993916522,-4756.724420051305
-2729.6554519430065,-4756.299914058342
-2729.1106860485243,-4755.683631205266
-2728.640665575607,-4755.538831783502
-2728.2718728879245,-4755.557987941281
-2726.945393627849,-4756.115949939176
-2726.6152156914623,-4756.183871444166
-2724.18720497143,-4756.211490104293
-2722.558218096649,-4756.890530293231
-2720.4582909915757,-4758.310924064021
-2719.138004820974,-4759.500382249435
-2715.318110638091,-4759.560510033933
-2712.5467537630707,-4759.777143576388
-2709.1090361104357,-4760.46756307361
-2707.4161539327,-4760.933658565225
-2703.6321898350093,-4760.112406070271
-2702.4199650316755,-4760.220672602914
-2700.4872882204686,-4760.68583667739
-2696.7921161250924,-4762.464465265833
-2694.998913081825,-4766.309919296553
-2694.3976712530284,-4766.602845273688
-2692.764944835078,-4766.7702784952935
-2691.987655400444,-4766.452701422222
-2691.5126608378973,-4765.84926433281
-2690.8900721610007,-4762.703912875554
-2690.4718265416136,-4762.460247744704
-2689.6922850974215,-4762.454480605353
-2684.807258206624,-4763.075272945118
-2684.2036937838475,-4763.429144431015
-2683.9437633612356,-4764.628276970708
-2684.5529666744387,-4767.1202889716
-2684.5919025714625,-4768.322330641711
-2681.990179443095,-4776.739417884454
-2681.863888097888,-4777.781710668998
-2682.1943782411895,-4778.831756298135
-2682.9357769364537,-4779.878794815909
-2684.0714035037995,-4781.62914010036
-2684.6888582166825,-4783.144725212918
-2684.847075182347,-4784.533659705322
-2684.2437470136983,-4786.0405080247965
-2683.4258217654497,-4787.121994636844
-2681.968091896374,-4788.0405727922625
-2675.1966205487547,-4790.504713202916
-2673.382006695297,-4791.009737871887
-2671.6952221232596,-4791.796612091922
-2670.2350306661165,-4792.884160758045
-2668.2044505003896,-4796.467938992544
-2667.023053119237,-4798.997254468034
-2665.431844109175,-4801.573664077951
-2663.527695722658,-4804.6278488761845
-2662.8470463615527,-4805.721265399845
-2660.8946372155865,-4808.596516681202
-2658.3867036330817,-4811.834701110395
-2656.305087219041,-4814.288356045401
-2653.0765422136674,-4817.640648953238
-2651.5550467160247,-4819.138970224697
-2650.698544760626,-4820.029448904208
-2648.2648875078166,-4821.459993076817
-2645.7900047127528,-4822.160099870329
-2643.5946054261044,-4822.86312174513
-2641.070591372748,-4824.471637736312
-2636.9098519682307,-4829.386918649233
-2634.5354089810844,-4831.9665298191985
-2630.9371116520774,-4835.5568131723185
-2627.169920355237,-4838.725310711152
-2623.996603038482,-4841.528969586932
-2621.011413106853,-4844.524389905898
-2620.2069073687608,-4846.145399504197
-2619.5387514117006,-4848.35188745963
-2619.2141684897315,-4851.189880626943
-2619.249701565126,-4857.730787394553
-2619.5673106896706,-4860.28163348339
-2620.397103731001,-4862.850394476263
-2621.788838772364,-4867.4404772594
-2621.864354098048,-4870.451023775902
-2620.3867172988225,-4873.510070982444
-2617.755743406331,-4876.367643049208
-2615.257332018493,-4879.405920134919
-2614.4996761922134,-4880.339359682156
-2608.9167529614247,-4888.995131246501
-2608.480700136646,-4889.651684994611
-2604.65218196929,-4893.239028138702
-2601.7931430878266,-4895.335188059273
-2598.699217891,-4897.05765811603
-2594.5856586936757,-4898.654421260573
-2594.294070912503,-4898.701580420241
-2592.4132021844043,-4898.997836912065
-2586.6245013637035,-4900.0375607696615
-2583.7915222686015,-4900.253176276767
-2581.7442346610924,-4899.998971082153
-2581.210167288327,-4899.391554622625
-2580.1078435660224,-4895.932520790129
-2579.443749704088,-4895.257211278478
-2578.2386208477437,-4894.786927079811
-2576.966147404632,-4894.938184915318
-2575.2252867395355,-4896.383487184504
-2573.702496836076,-4897.819753628483
-2572.2493334846918,-4898.105917196554
-2571.2661067473423,-4898.518833433932
-2570.8483641459484,-4899.54514307421
-2569.226445461435,-4904.302913875439
-2568.1639759533923,-4905.843990601696
-2566.715823113139,-4906.752673628519
-2565.162611747952,-4907.227783779692
-2560.038174633154,-4908.984695864547
-2556.3317744900746,-4909.695181221557
-2553.4398376990644,-4910.040674169749
-2547.65106001728,-4910.830607875593
-2543.679413465495,-4911.047410375918
-2541.7489117550567,-4911.032957869433
-2531.8751420457315,-4911.550253015854
-2530.5482889669606,-4911.127873457472
-2529.1176856604534,-4909.837222481585
-2527.9230600535857,-4908.315694584445
-2526.964656782617,-4906.859039935904
-2525.702753749509,-4905.907185080246
-2524.0843013433037,-4905.485978296991
-2521.4887069887636,-4905.112905658342
-2518.0254899858287,-4905.354700759426
-2515.119113943994,-4906.079823432541
-2511.219750220864,-4906.006928112942
-2508.154079690542,-4905.610035112957
-2504.1661752470277,-4904.027288175292
-2500.7361743978036,-4901.868854019802
-2497.998799416699,-4898.944879571999
-2495.314762744632,-4897.103944510422
-2494.5845433639897,-4896.916309850418
-2490.1993067158537,-4896.460702460266
-2486.416578791669,-4895.707391991551
-2484.7440220731646,-4895.744729970558
-2483.089703366093,-4896.521587944675
-2480.6100224461197,-4897.529472995242
-2478.2614905140704,-4897.450080289207
-2475.747570507508,-4896.578338572164
-2472.921659350169,-4896.015593049379
-2469.795705949062,-4895.439856766741
-2467.207262172426,-4895.237634446504
-2462.874197094489,-4895.562522305418
-2457.098384384568,-4895.0923929554
-2455.570280354439,-4894.760026274871
-2448.3156965409726,-4893.110160561615
-2445.951224283176,-4892.439263737964
-2444.6376297533407,-4891.558231811446
-2442.9211997146326,-4889.9139373176195
-2441.501237522754,-4887.6930291430535
-2440.295931031358,-4887.150810076031
-2436.6178685653026,-4885.60187065627
-2434.997186743003,-4885.587318385342
-2433.2678834557005,-4885.562818571934
-2432.171311452039,-4885.144456913914
-2431.6059830814843,-4884.448165380113
-2431.13723362601,-4879.7439111939175
-2430.0607290253874,-4878.055464392698
-2428.4577482338045,-4876.992764021724
-2427.193652966432,-4876.57135185757
-2426.034323121223,-4876.4417731664935
-2424.470263997694,-4876.649042422053
-2423.545048367797,-4877.511489173019
-2423.29472344575,-4878.839585051875
-2423.098810865624,-4880.577228820028
-2423.0881420602936,-4881.67744202461
-2422.7352753655878,-4882.253071545611
-2422.2135436561925,-4882.479030178263
-2421.462887195194,-4882.414283537823
-2421.005983697428,-4881.939701924138
-2420.5597797547625,-4880.486000063312
-2420.1076627668795,-4879.44096353578
-2419.5447418099634,-4878.677640629107
-2418.9048916925562,-4878.671816491951
-2417.7386220664703,-4879.522453303036
-2417.207544956237,-4880.797554017317
-2416.394270149117,-4881.250410395576
-2415.2928314506294,-4881.411678436912
-2414.192767990334,-4881.392802741956
-2413.211811132504,-4881.214301726286
-2412.5260712243808,-4880.79872756786
-2412.021893862354,-4879.055174757871
-2411.907491960628,-4874.643788104074
-2411.4530981397475,-4874.178182646999
-2410.6914969674617,-4874.113437905117
-2409.8914048925967,-4874.1566290899345
-2403.592778792452,-4878.893496849723
-2402.7546892884093,-4881.025999693541
-2401.667574691283,-4885.357888345742
-2401.7041570754313,-4886.978669848928
-2402.416547623737,-4888.053566456232
-2403.4097747330325,-4888.8517942355775
-2406.0006315205737,-4889.695406942619
-2409.16288538734,-4890.781860000207
-2409.452203823108,-4891.012602426767
-2410.5441157330183,-4891.841726385947
-2413.058266749608,-4893.664573653627
-2416.495651716789,-4896.371646229832
-2417.2782475455247,-4898.518805411859
-2417.041091099755,-4899.38816087545
-2416.5049651559298,-4900.192655975644
-2411.844937336231,-4903.794993268062
-2408.1680596586693,-4906.994403538945
-2402.074603844506,-4918.04341446951
-2401.4431639705494,-4918.268401851034
-2400.7407666318713,-4918.410417292822
-2400.098590631154,-4918.805276561056
-2399.3396229999084,-4919.599851484803
-2398.4602021803707,-4920.854090957747
-2397.056748448704,-4922.50016758893
-2393.1766435845975,-4927.328293156936
-2390.1597524641056,-4929.233712908817
-2387.5017481933005,-4930.232541190864
-2384.5424757157725,-4931.336477003464
-2379.956794584026,-4934.307181702982
-2368.516583652858,-4944.8928684422435
-2367.237093748898,-4946.113189605475
-2358.2858953699215,-4954.557779262526
-2356.7740070301415,-4955.984033904886
-2349.4510413879952,-4961.1647912544095
-2331.763228351883,-4973.946191993451
-2297.6643854068275,-4998.673109263694
-2286.847524361231,-5006.593506741538
-2269.851400821871,-5020.199936000122
-2269.3636073620714,-5021.247195763858
-2269.3432932609803,-5022.2674136768455
-2269.727927156086,-5023.120659327949
-2270.112470965709,-5023.591175436519
-2270.7404099238006,-5024.0686164574645
-2272.0973111230373,-5024.340207059866
-2274.108413303202,-5024.135849499387
-2286.7795379368267,-5014.452395900372
-2293.7650999196094,-5009.259797316709
-2311.4600764197544,-4995.557201274123
-2341.774500916873,-4973.6998819429655
-2349.868322182143,-4967.388907771301
-2350.6189976503047,-4967.163894695223
-2377.6992979635565,-4975.761532341974
-2397.9078414591772,-4982.011663102337
-2420.408697840816,-4989.199396825465
-2435.4716553658786,-4993.915931760573
-2456.0802882837156,-4999.997964851466
-2481.301380151376,-5008.340930973393
-2514.6990026807616,-5018.450415320173
-2516.9731099866326,-5019.1403704678
-2518.7313599978565,-5019.533512905585
-2518.9555602145474,-5019.946207701721
-2519.02086073389,-5020.756535910042
-2517.724189881591,-5029.73790246897
-2517.743227725801,-5033.527887505532
-2518.359816755762,-5041.0418732350545
-2519.6405221966643,-5054.083468636279
-2521.0242372395137,-5064.505977738233
-2521.906796153057,-5066.31426094305
-2521.972356646647,-5068.115875428586
-2522.155707594621,-5068.877196841119
-2523.0573958673194,-5074.81440525666
-2522.782261859758,-5077.731181462609
-2521.805776553975,-5080.9948620856585
-2521.282034362364,-5082.510855420499
-2519.92652100008,-5092.7182281046125
-2517.48150978288,-5106.3582815852415
-2516.3854311693776,-5108.57983540561
-2515.748143222226,-5109.165517134305
-2515.108324936922,-5109.3405408096205
-2514.2382670718425,-5109.340767920087
-2502.2702958246477,-5106.541190828435
-2501.8003166269705,-5106.608143423019
-2501.217207923377,-5107.012070968961
-2501.052224952061,-5107.480725530146
-2500.9934240913153,-5108.530778179142
-2501.522796515574,-5109.695786230549
-2503.1593854124,-5110.329951970381
-2515.2531043426266,-5114.701309396727
-2515.4881969361536,-5115.221927705056
-2515.4318442984504,-5116.042262296039
-2514.9705909120057,-5117.209523143776
-2515.3216428504657,-5118.312534302739
-2517.320195382465,-5120.869028325703
-2520.1824255482516,-5122.023351013629
-2522.1587974372915,-5122.1897106297465
-2524.434962499216,-5121.7084333325465
-2526.8219682525973,-5120.768589172434
-2528.3856582176695,-5119.011533319186
-2530.643073022488,-5115.859432022565
-2532.0303819922315,-5112.531704827511
-2532.169867553969,-5111.3824822049
-2533.3603761442323,-5101.911584073483
-2533.4781978356937,-5100.993281573698
-2534.6783854180453,-5091.481384541382
-2536.547483211813,-5091.709712371831
-2536.7638544047018,-5089.66912957471
-2536.303437506118,-5089.555339650039
-2536.636602397873,-5086.819489014954
-2535.707458078014,-5086.761680826459
-2539.1584063281557,-5062.85848055465
-2540.6863331839845,-5053.532324656113
-2540.800710364202,-5053.181583772156
-2541.4406370015026,-5053.116479624181
-2562.1389611451755,-5055.781824651827
-2562.6367118110434,-5055.843734943133
-2567.282251426898,-5056.4429754526145
-2568.3943813065785,-5056.2018895741
-2568.740141159698,-5055.617279520375
-2569.553420049751,-5055.1513435289835
-2570.2522690545597,-5055.148164688473
-2570.8899653735975,-5055.492720424695
-2571.4756560726673,-5056.020126391907
-2571.7216739564733,-5056.771555187625
-2575.5296904003094,-5061.533859704933
-2576.285414973761,-5062.060222440827
-2577.5736827255155,-5062.460561832533
-2578.853386191775,-5062.39229159493
-2579.5536038786468,-5062.506015281287
-2580.0127484745803,-5062.551775982976
-2591.872266182088,-5074.481335000945
-2591.85921530707,-5075.041917062977
-2591.7375210342743,-5075.208826655344
-2590.339858454594,-5075.979549208108
-2590.3448601215455,-5076.558080890966
-2590.5876177735763,-5078.539491208851
-2591.005933949141,-5079.004000575198
-2591.8711687399555,-5079.410536388634
-2593.447437764453,-5079.755835524395
-2594.9165050917936,-5080.09707365354
-2596.250679904866,-5080.617393905849
-2597.076218649283,-5081.304628212316
-2597.4016811979363,-5081.677295272586
-2597.897140399938,-5082.221680939728
-2603.1695948299725,-5088.037706391205
-2607.9681453362527,-5092.974586783791
-2608.845527550261,-5093.491936775798
-2609.844522635748,-5093.541739217768
-2610.303690521205,-5093.667495614669
-2610.8712960457938,-5093.732177400667
-2614.3728695832237,-5097.271450794564
-2616.426934273442,-5099.248378806203
-2616.6935617338463,-5100.801168764261
-2616.63711741742,-5101.559561064955
-2614.4479369913815,-5120.501425401807
-2614.216537974441,-5120.6803346877105
-2613.8683632145057,-5120.677436752962
-2613.516546977552,-5120.803412998852
-2612.7657363202898,-5120.859574761167
-2611.5342664058926,-5121.037757691892
-2610.6090007721787,-5121.740527062485
-2609.909064676425,-5122.68392496641
-2609.5695924924653,-5123.963073561344
-2609.5722374381494,-5124.7823952392255
-2609.8664388416814,-5125.413814216539
-2610.7438265684573,-5125.940240996638
-2611.499576660958,-5126.226709222339
-2611.967160936099,-5126.57130831239
-2612.32398315187,-5127.0339381991635
-2612.5556537413777,-5127.85619018491
-2612.7389920285254,-5128.848424272603
-2611.5144450848957,-5141.319932270186
-2611.4421831883924,-5141.677744580636
-2611.055903251695,-5143.513394736906
-2608.658559839979,-5155.0250546899915
-2607.0702702276526,-5168.051353532092
-2606.2970872145816,-5174.376623505827
-2606.3021066366427,-5175.0170980146895
-2606.0685285209097,-5175.485772881125
-2605.7165106443667,-5175.491852928101
-2604.9585627133256,-5175.434204609706
-2603.0304252702795,-5175.089002477667
-2602.1603782035954,-5175.151180443643
-2601.125330800514,-5175.604012367397
-2600.2459632677806,-5176.735481146157
-2598.2754923828,-5180.528096696827
-2588.5356365345033,-5191.299311169805
-2575.247880718086,-5206.387120724259
-2576.24483863964,-5207.837675066324
-2576.5414338951373,-5208.358275369733
-2576.4826406573525,-5209.408428071149
-2575.9647769208327,-5210.40374290336
-2574.575493652904,-5211.3414373390715
-2572.9428693613727,-5211.868438207764
-2561.0642489110655,-5215.069094867295
-2560.890766526544,-5215.306937955751
-2560.829446141863,-5215.65766489024
-2560.4775554603707,-5215.833612475955
-2559.959408141144,-5215.768814841127
-2559.4302415038533,-5215.427222042189
-2558.493805526933,-5215.01790938295
-2557.564734651462,-5214.969080525416
-2549.9874945966408,-5215.697546903296
-2534.8167693059195,-5214.4915190095135
-2517.155223101311,-5213.512943147205
-2516.745435373478,-5213.399139078075
-2516.621218957397,-5212.878491911225
-2516.677610739948,-5211.88629324852
-2519.5545198243303,-5190.780959766957
-2521.9920805572333,-5175.7389644949135
-2522.9813758177156,-5175.729728230421
-2523.153109734655,-5173.280593728273
-2524.2014960528627,-5173.338371881231
-2524.420248260544,-5171.120039726528
-2523.0752725671196,-5170.547843951387
-2526.1352846407526,-5149.032798081872
-2526.119102161189,-5147.224088846421
-2525.8222829669676,-5145.8313984409015
-2520.42116208576,-5136.476039769208
-2518.7278545580884,-5135.6021996169775
-2517.143132730453,-5134.909072471748
-2515.8656518080884,-5134.567672734954
-2514.4051689607927,-5134.804853558171
-2513.126891953461,-5135.57563342818
-2512.08464768882,-5135.985566448008
-2511.0314656725623,-5136.105736989671
-2494.1123093310594,-5134.893118189604
-2492.777218634214,-5135.362075453047
-2492.1940123717727,-5135.720019061015
-2491.848359804552,-5136.425519707038
-2491.9089033061414,-5137.5865598648215
-2492.15376330994,-5138.399933831288
-2492.967322481467,-5138.976261360209
-2494.7761005961656,-5139.200623005139
-2510.53024793281,-5141.352762651734
-2511.116028771799,-5141.5774398618705
-2511.2885621068217,-5142.507735744557
-2511.24059570598,-5143.4479640590325
-2507.552988232804,-5166.007420697306
-2505.855970266004,-5178.836830190176
-2503.4374674267124,-5197.544919610156
-2502.1493451110946,-5207.0958351894415
-2501.744871182836,-5208.781565689372
-2501.413750199285,-5209.788897410448
-2500.416623054395,-5212.152363439969
-2500.139607459534,-5212.688974729789
-2492.2539574633015,-5227.6243485224695
-2486.1586617007083,-5236.812826201573
-2485.8250310019357,-5237.170605216694
-2485.415393722781,-5237.318635776586
-2484.7333159346645,-5237.281805564728
-2484.027044356945,-5237.066135084207
-2483.543930721201,-5237.419962673119
-2479.926802688076,-5243.9718816135955
-2479.3837265639622,-5245.746621124681
-2479.5770376658743,-5247.548202543443
-2479.3916370176703,-5248.238599576859
-2478.7073026890193,-5248.852419508243
-2478.024152476098,-5249.197321048529
-2476.9528387874648,-5249.367366023566
-2474.8729455510966,-5249.3180270336115
-2473.3316810583415,-5249.368296369697
-2472.002526753058,-5249.266696035258
-2466.23235686222,-5248.16806470851
-2465.5298480185756,-5248.291132883152
-2465.1842178514758,-5249.107650915169
-2465.3675654581775,-5249.859995971964
-2466.480356615153,-5251.77924330848
-2468.6550731698853,-5255.038120533641
-2469.9966681612677,-5256.079036075116
-2477.651926261738,-5259.012725655452
-2481.3927028562266,-5260.164938472508
-2496.045023994435,-5264.587528246251
-2497.0899622954694,-5265.166887537169
-2497.973491755562,-5266.152957270145
-2499.4933331723128,-5267.2556656368
-2502.0026255518696,-5268.58903125684
-2503.4090950166515,-5269.099171261299
-2513.3876797086573,-5271.792436494755
-2524.4243287029126,-5274.424568503245
-2535.91149558869,-5276.011320007516
-2536.5417193101607,-5276.167956447941
-2548.2280123475475,-5279.045666819151
-2576.4750313929276,-5284.401951433606
-2585.1109542531112,-5286.054341691778
-2586.6281820991926,-5286.398660230039
-2588.3239157388407,-5286.850856872371
-2589.5494797676047,-5287.31325405623
-2590.4836914254397,-5288.120355460497
-2591.7181376907147,-5289.918562360102
-2591.9098942987484,-5290.518987967718
-2590.3848035653227,-5292.322126434891
-2589.855877358794,-5292.584004875743
-2587.262878334064,-5293.872735131008
-2587.0687277514467,-5293.3801366338985
-2586.8312816154303,-5293.149385742103
-2585.7985710534763,-5293.330504367897
-2583.956162851929,-5293.694776155462
-2582.8258310660103,-5293.774976640778
-2580.7639471839007,-5293.930436353649
-2578.564659602126,-5293.948979713796
-2575.586983609737,-5293.746990508212
-2569.2552890444954,-5292.700439504892
-2555.107033237182,-5290.024298504926
-2540.320070991315,-5286.999589489415
-2538.3737949488877,-5286.70435252051
-2525.521529188547,-5285.666570647927
-2524.5923526931438,-5285.558887884959
-2523.943991775871,-5285.383103984496
-2523.0148674993166,-5285.155525110372
-2520.387725033586,-5284.99232837536
-2507.6691284698913,-5283.53574963916
-2504.9300051844616,-5283.311632393494
-2503.4644124247056,-5282.6216640720795
-2502.359310448299,-5282.039428448683
-2488.179545997551,-5278.552752590143
-2476.3245141153557,-5275.453175337809
-2467.859653887978,-5273.452925537239
-2435.997171286063,-5266.485424793424
-2434.3606335170407,-5266.141112674189
-2433.4881820460123,-5266.314294467905
-2432.9726504660994,-5267.0198357727
-2432.851219115681,-5268.248849769831
-2432.9129514541773,-5269.179274608712
-2433.5096360689986,-5269.875458023164
-2449.027012996555,-5273.654632008963
-2449.581428949855,-5274.387931069519
-2449.915496576023,-5275.081287565077
-2449.8101426656617,-5278.0820046543995
-2449.3048557275865,-5281.286606620576
-2448.0355873721246,-5284.725309523075
-2443.3077718084537,-5292.87803742844
-2442.0092519603263,-5294.9857223816
-2426.782449647286,-5315.74952220952
-2417.370612675791,-5329.061534460838
-2408.8884219460947,-5340.10196514901
-2406.400736930374,-5343.34107377938
-2398.9652560910304,-5352.428785587578
-2392.470574250458,-5360.00658663582
-2387.7082394999325,-5365.084792199478
-2368.820899985729,-5383.827831724234
-2355.4731620358607,-5397.698334935839
-2341.6842658070386,-5410.801472995472
-2329.723945755456,-5421.292173547943
-2320.5877858212148,-5429.425057413938
-2307.140575370252,-5440.895403889509
-2297.8849446595636,-5448.556690683
-2285.19175681785,-5458.470872608501
-2275.811473645562,-5464.222710451748
-2266.828801062275,-5469.486582918714
-2265.3272437326023,-5469.763833809774
-2264.490877913815,-5469.268387512075
-2260.392926027149,-5461.733163638576
-2258.2428833066606,-5460.6156035433905
-2256.0642957557025,-5461.417581215907
-2255.20768633903,-5462.24907339802
-2254.843817217302,-5462.717770041408
-2254.8235588072534,-5463.986756312269
-2259.022921432127,-5472.483120979007
-2258.64593586387,-5473.318590602941
-2258.0423372807695,-5473.783353680958
-2256.2119933484214,-5474.84100109066
-2253.0875888270557,-5476.634385592396
-2252.3441848152256,-5477.047113066104
-2251.2006482985994,-5477.578034447749
-2249.2342016247762,-5478.341857620708
-2246.9458318055554,-5479.220763788953
-2245.881909836611,-5479.68363850785
-2242.2380496937703,-5481.24323381329
-2237.673627837628,-5483.163826532336
-2236.4397494316904,-5483.634719436528
-2235.1539759377047,-5484.0826824095375
-2229.608633978515,-5485.885597854602
-2224.666856583852,-5487.436509547419
-2223.401610165625,-5487.7665652436335
-2222.0314952985505,-5488.084675318621
-2216.420827876494,-5489.2559004050545
-2210.157117424764,-5490.6443215526315
-2203.8295115593787,-5491.791864205475
-2197.2270078900724,-5492.9854487716775
-2194.102421898925,-5493.688579310996
-2191.0150800065653,-5494.2929508236475
-2182.8857817105772,-5495.425827482384
-2174.053975876455,-5496.792762571645
-2169.9194174334425,-5497.496212864012
-2165.4728675015804,-5498.270651634366
-2161.7962310169046,-5499.078729863836
-2158.128194190903,-5499.858975343789
-2153.1910896076665,-5500.7164080821485
-2148.111874086574,-5501.6758114156155
-2143.567597628717,-5502.256453422526
-2138.863069133544,-5502.897874792624
-2131.64120754899,-5504.057637881494
-2124.6241970290775,-5505.070423038617
-2118.8193201205686,-5505.490339608739
-2113.46756787214,-5505.855192689726
-2108.545968517955,-5505.813379854676
-2103.8243580360995,-5505.925330724808
-2101.163562316386,-5506.100668149427
-2097.8810253619895,-5506.354142396977
-2094.200723545542,-5506.4850131766025
-2089.6587055823597,-5506.7168139670475
-2085.8000729454025,-5506.769518567739
-2085.6276925873735,-5506.7725482946435
-2082.166709858575,-5506.804218472844
-2076.676318170656,-5506.716628641295
-2072.9959746093286,-5506.655378595955
-2069.963999162125,-5507.1616480790035
-2067.751380910064,-5507.202121764214
-2064.7326692425245,-5507.217731225075
-2059.7712889631466,-5507.144780938581
-2054.5628930670955,-5506.992083165807
-2051.775418183825,-5506.758870211949
-2048.7867234953565,-5506.47263383899
-2041.823531672934,-5505.595839665993
-2034.6506880281922,-5504.695045713494
-2032.2150475084327,-5504.313927726827
-2029.5481024059634,-5503.860840508489
-2027.9608408520264,-5503.528418732296
-2026.4147608688093,-5503.1350426030995
-2024.8383304419108,-5502.651800549311
-2022.9643252995854,-5502.056604836814
-2019.6428128847979,-5500.939137727712
-2016.4623502682402,-5499.833709340512
-2013.4819038501596,-5498.617219683429
-2010.4918517216659,-5497.413897708243
-2005.180462660625,-5494.9868631742875
-1999.8811049302503,-5492.541868747593
-1998.5180323837142,-5491.8027270121265
-1997.0657834669566,-5490.967646944746
-1996.30888525349,-5490.432262111767
-1995.6242648294678,-5489.8958647786785
-1994.0344357711508,-5488.44527394735
-1992.4674804916556,-5486.889844009549
-1990.8161103888674,-5484.8257215064505
-1988.9622834243457,-5482.780791933716
-1988.408890765597,-5482.035397005813
-1987.8050129707556,-5481.212110042335
-1987.2757386671713,-5479.91530858757
-1986.9201053069044,-5479.462729997381
-1986.5742629048211,-5479.081069501024
-1986.1655985729585,-5478.766352186447
-1985.6498090110579,-5478.433702473357
-1984.9121822440736,-5478.148179034605
-1984.0444278812297,-5477.728622346191
-1983.6671881698494,-5477.44601699514
-1983.1827102387742,-5477.002442022034
-1982.8548203545874,-5476.558934549367
-1982.5293542682755,-5476.118319230409
-1982.154375567686,-5475.452884318826
-1981.6818439019166,-5474.589671138101
-1981.328574601495,-5473.847227031232
-1981.1995786978548,-5473.5275643872155
-1981.0440837703509,-5473.153844303998
-1980.7787177311393,-5472.411481853139
-1980.4868962196342,-5471.42025603298
-1979.97789197015,-5469.134258863341
-1979.9006919056733,-5468.764512550898
-1979.4665261374987,-5466.740136381707
-1979.1141456261903,-5464.626868794967
-1978.7039754015068,-5462.263846538164
-1978.618095682013,-5460.72307205055
-1978.4549914499387,-5458.692655316427
-1978.2534346641644,-5457.39877843272
-1978.057972097767,-5456.0777690978475
-1977.9382579167268,-5454.567923107572
-1977.8342704347144,-5452.737486974861
-1977.7542997666462,-5450.266370828795
-1977.6815827824698,-5448.125016814002
-1977.3868776053253,-5445.291364314602
-1977.2261458117398,-5443.011080754677
-1977.2079682674148,-5442.7893468648745
-1976.9811061719158,-5441.147657270981
-1976.7168241311088,-5439.16623699677
-1976.5261944281458,-5438.184067227075
-1976.5081274816635,-5438.094099122402
-1976.228278323124,-5436.803130881692
-1975.779674247824,-5435.259438292866
-1975.4793757275136,-5434.076400493274
-1975.2863785755317,-5433.365044329092
-1974.8957644734235,-5432.231998277374
-1974.503825203207,-5431.155908032358
-1974.239830697501,-5430.57443701154
-1973.3573046065542,-5428.58715846748
-1972.1383843794706,-5425.826510312209
-1971.6067703387844,-5424.912437691045
-1970.9063085247458,-5423.6984602890425
-1970.0034277530208,-5421.868087641767
-1969.1775171651723,-5420.102534740933
-1968.0540351215357,-5418.224428164202
-1966.9593742942782,-5416.313997539845
-1966.6446992670517,-5415.509701802501
-1966.3312802937905,-5414.718372912291
-1965.9911492233118,-5413.6462615984
-1965.6993308340268,-5412.654137524522
-1965.5183933970895,-5411.661891067401
-1965.3470362174273,-5410.527902139873
-1965.3830658548088,-5409.788370371081
-1965.3986404365105,-5409.130036849897
-1965.5152929079932,-5408.340515372086
-1965.612731016423,-5407.570049499495
-1965.7548630522808,-5407.163451637995
-1965.8680955480306,-5406.812717999538
-1966.0898005843267,-5406.534777557666
-1966.3114241317455,-5406.267011315875
-1967.339295485012,-5405.595304522934
-1968.223614879146,-5404.923726695822
-1968.3657812125377,-5404.6858010024725
-1968.5079389709413,-5404.405981555601
-1968.5103068593646,-5404.135267656106
-1968.4825084119025,-5403.8544854649435
-1968.324545706804,-5403.663601938251
-1968.0871078033263,-5403.413883899842
-1966.9951509638938,-5402.461822080654
-1965.564368692529,-5401.100168245552
-1964.5964414706755,-5399.88434971372
-1963.7659763222678,-5398.716481384588
-1962.0070727837742,-5394.930741971995
-1959.6657589404645,-5390.241811645926
-1958.7771377456513,-5387.8330019655405
-1957.767929864736,-5385.355989733121
-1957.0965599784247,-5384.188088473937
-1956.4069873327649,-5383.082133764117
-1955.4571830334594,-5381.8072603642895
-1954.5482557521807,-5380.61736304447
-1954.387941765676,-5380.365634073284
-1954.251670211226,-5380.004976471385
-1954.2854402197918,-5379.656254015368
-1954.2877005746818,-5379.265444711662
-1954.349066377066,-5379.024642938806
-1954.432239004211,-5378.775856987299
-1955.1104374311842,-5377.773461257989
-1955.8091579582801,-5376.609171895391
-1955.9223986051677,-5376.298536664339
-1956.0668593941105,-5375.8387732877145
-1956.0523881825854,-5375.349217819249
-1956.025687583381,-5374.711640248551
-1955.899087998036,-5374.249039241877
-1955.7446683335893,-5373.808487971458
-1955.3698508052116,-5373.085098863654
-1954.9466372713334,-5372.280724975955
-1954.6501598276097,-5371.7882343128595
-1954.2752264255237,-5371.316706435439
-1953.867884183742,-5370.90114319106
-1953.271266603848,-5370.395546739285
-1952.5974422602053,-5369.890165398541
-1951.9104322995863,-5369.465581767041
-1950.9945440118904,-5368.966134426018
-1950.0677124784186,-5368.479756069599
-1949.6808968420999,-5368.335001675582
-1949.081913285831,-5368.1102930736015
-1948.292586443335,-5367.8856229290395
-1947.2850947827997,-5367.675958876864
-1946.893471629526,-5367.72291912748
-1946.3439150835518,-5367.719040285308
-1946.0233991487926,-5367.76618562789
-1945.713674373949,-5367.874174467688
-1945.4402295264922,-5368.061953596777
-1945.050984272077,-5368.298831636845
-1943.94139487578,-5369.377320955201
-1942.9424752136504,-5370.240832986031
-1942.6942198538595,-5370.206969058091
-1942.4543882638486,-5370.0960987244425
-1942.3158179349045,-5369.935134958456
-1942.157943725412,-5369.7634024057415
-1941.8914459107655,-5369.18083373859
-1941.597274595607,-5368.5183732687
-1941.1016816545234,-5366.783872325948
-1940.4685610648573,-5364.670659581121
-1940.0790722671866,-5363.697506271069
-1939.5775863725205,-5362.572460762662
-1939.2833868584873,-5361.768060205913
-1939.0723276013352,-5360.967832277469
-1938.6199033112941,-5358.6626697402135
-1938.0699540552398,-5356.287703877976
-1937.7576687573683,-5355.295483240478
-1937.2874118506638,-5354.060609844658
-1936.9125349908338,-5353.447041490345
-1936.4303388119774,-5352.673799700106
-1935.9444824453146,-5351.981453460954
-1935.4310639615958,-5351.3470657605085
-1934.5174596908953,-5350.55785125997
-1933.7351938237598,-5349.701680051462
-1932.923933393822,-5348.426776560447
-1932.0463856069618,-5347.018025776446
-1931.6413615412248,-5346.485657345932
-1931.0760485129335,-5345.8202584838855
-1930.1539862642444,-5344.9331934171705
-1929.1812978205246,-5344.091922292146
-1928.4244271037887,-5343.617477447105
-1927.6892808741243,-5343.141033253708
-1926.296014903177,-5342.539737587076
-1924.9402560006085,-5341.887463494106
-1924.6413343768127,-5341.69570966851
-1924.1736771076698,-5341.333122877702
-1923.043090837365,-5340.193240046124
-1921.744960784673,-5338.991447597983
-1921.207439567,-5338.575809180608
-1920.3926525915676,-5338.0405295597
-1919.7648265277837,-5337.725853050116
-1919.1380942948024,-5337.449080157631
-1918.7584704383403,-5337.325269961796
-1918.2391413707226,-5337.211462266617
-1917.7185012570126,-5337.227625192244
-1917.2484926677569,-5337.223728855311
-1916.9773597416142,-5337.270763659362
-1916.5881789155783,-5337.40869148722
-1916.2544162067513,-5337.646554807894
-1915.8110498014655,-5338.000345958519
-1915.1146850780929,-5338.835865800721
-1914.3556860379456,-5339.840269769979
-1914.0822233136237,-5340.357811702401
-1913.7991453973634,-5340.844633454145
-1913.6545792927677,-5341.202355025576
-1913.4606571901927,-5341.691951974057
-1913.25236661238,-5342.619341492095
-1912.9367729063686,-5343.466655443781
-1912.795734858433,-5343.497704776688
-1912.5547497314492,-5343.463738881248
-1912.227005095293,-5343.291939799629
-1911.8509546319358,-5343.070276785254
-1911.1952442023578,-5342.453770738893
-1910.2817283073412,-5341.674628364569
-1909.6850532682981,-5341.28004764872
-1908.8691760759314,-5340.7226234376285
-1908.102623902208,-5340.298152172049
-1907.3457539285573,-5339.820713260167
-1906.2598244512137,-5339.281296751012
-1904.865454180145,-5338.57905420502
-1903.420468758268,-5337.97886266492
-1901.7658342007776,-5337.353675797366
-1901.3270524471122,-5337.230874061101
-1900.8366457206362,-5337.175012747008
-1899.959294888025,-5337.160223757261
-1899.0483588865516,-5337.169380590558
-1898.3674740467054,-5337.2744486594565
-1897.4070172726654,-5337.42844779088
-1895.6730394356864,-5337.8325651234145
-1893.9378220233057,-5338.307502780278
-1893.2473593830541,-5338.572367112803
-1892.562922439682,-5338.8863057528815
-1891.3989328103098,-5339.52800750232
-1890.3723844348133,-5340.119708882585
-1890.0421919924752,-5340.245654417714
-1889.6902590776515,-5340.291806583924
-1889.1721217287022,-5340.288915791314
-1888.482758135167,-5340.1940917704005
-1887.9946202587041,-5339.777444346977
-1887.460755834135,-5339.253976784206
-1887.135286839677,-5338.752512466881
-1886.7580178379196,-5338.277989981299
-1886.2468723026234,-5337.282814191224
-1885.6946949277485,-5336.259617483533
-1885.4778152451715,-5336.006900947821
-1885.208965109147,-5335.764169284993
-1885.1294091243392,-5335.714111845721
-1884.9101262421013,-5335.5633372368375
-1884.3629396339743,-5335.277768775035
-1883.7952874356272,-5335.0220286532885
-1882.9770382955628,-5334.716364212211
-1882.370885784173,-5334.559680332416
-1881.660957899725,-5334.414886579213
-1880.8884790941022,-5334.440073928339
-1880.151085590796,-5334.4212659255645
-1879.6087380941428,-5334.52620588607
-1879.059286507639,-5334.62226971244
-1878.4169585496238,-5334.918144923345
-1877.8928696508108,-5335.2450183672945
-1877.5181960615519,-5335.651760048808
-1877.0844632501967,-5336.138410584191
-1876.0579140614088,-5337.157825718603
-1875.6446095966278,-5337.423732027912
-1874.9819882888403,-5337.777563988974
-1874.6203730714328,-5337.876583412898
-1874.098601904967,-5338.092537502394
-1873.7179314232715,-5338.16961625845
-1873.3273951481258,-5338.215575841124
-1872.7575301576894,-5338.181772641693
-1872.0391718470132,-5338.082963196008
-1869.5360776641442,-5337.331955118919
-1866.7510782809989,-5336.661097889076
-1866.2015970108678,-5336.605146510799
-1865.6519565881536,-5336.590290911224
-1865.3219161734153,-5336.63933061142
-1864.8494159953138,-5336.713334633951
-1864.5494734728156,-5336.852340305721
-1864.248188032329,-5336.9603248980375
-1863.3625756518613,-5337.432100197787
-1862.449220345093,-5337.893906068577
-1859.8766332942616,-5339.441180276354
-1856.7823578431064,-5341.207399336001
-1855.0147113741077,-5342.083119802592
-1853.306061580317,-5342.988752701945
-1851.899983258422,-5343.956270044086
-1850.369759644534,-5345.031637564406
-1849.8974575283462,-5345.269624932633
-1849.153966881666,-5345.703368013629
-1847.4766174063668,-5346.440122137155
-1845.8402901585011,-5347.155921241636
-1844.988309270897,-5347.4179203940075
-1843.897772987556,-5347.679865384081
-1842.8265171300782,-5347.830987609219
-1841.5853039259457,-5347.970072818406
-1839.7752866823191,-5347.94548188225
-1837.8037530968647,-5347.917829254898
-1837.17466114015,-5347.964930096953
-1836.3528952344298,-5348.0570535262805
-1835.9926231738596,-5348.192977649979
-1835.4117645306321,-5348.34999040536
-1834.9189119775756,-5348.614912651451
-1834.365898314999,-5348.87974658005
-1833.0887100402585,-5349.659412965943
-1831.5716533441919,-5350.56590327132
-1830.7378247387376,-5350.938916152125
-1829.7545217195204,-5351.3606339028875
-1828.9833286963042,-5351.5646632678045
-1828.2627676474187,-5351.749731030349
-1827.3902781900733,-5351.820816702028
-1826.4792728806901,-5351.912856469001
-1824.8415497996075,-5351.88922753519
-1822.970033859889,-5351.864645090621
-1822.260314093877,-5351.938691905106
-1821.3805702328546,-5352.089775517651
-1820.2262138587325,-5352.45067894863
-1819.0731183048183,-5352.851580553988
-1818.4308689504721,-5353.137377292758
-1817.8258990739519,-5353.492391393462
-1817.5451862756618,-5353.699219949837
-1817.1812788640916,-5354.055983970143
-1816.878956597461,-5354.431788051902
-1816.5957752723418,-5354.841502498719
-1816.3404446186676,-5355.39015930058
-1816.0646036783755,-5356.176517130651
-1815.9093006128678,-5356.7771232679825
-1815.8756056521781,-5357.106793546303
-1816.3434095825235,-5358.708542899465
-1816.3434137176678,-5358.730487245382
-1816.2098179613508,-5359.238125057962
-1815.7087155612276,-5360.514283244341
-1815.4256134089817,-5360.901953551865
-1815.0714001804997,-5361.26879011578
-1814.7906887936292,-5361.484695564858
-1814.338784383243,-5361.783423283106
-1812.7409775681333,-5362.529233341315
-1810.93471563945,-5363.382908862501
-1808.1042663156188,-5364.539508539977
-1805.1027175955096,-5365.837081994474
-1804.5917313841926,-5366.101906333437
-1804.07850240691,-5366.437750946881
-1803.6241903911807,-5366.822660047056
-1803.210912563983,-5367.248357974067
-1802.8784464657172,-5367.7379786009415
-1802.5218317526985,-5368.224611328796
-1800.9714226516742,-5370.880865368942
-1799.4980284281453,-5373.408231611315
-1799.0029052438763,-5374.054784557126
-1798.367934913385,-5374.8502858923
-1797.7715246972534,-5375.413967899005
-1796.9871403466207,-5376.1375794133355
-1795.03172172526,-5377.872544727103
-1792.8978360913045,-5379.672577911771
-1790.9266311351155,-5380.997984037732
-1789.0240336040986,-5382.363176071659
-1788.5698221307753,-5382.84693373264
-1787.9842069705555,-5383.503477604957
-1785.9227595499117,-5386.1867556877705
-1783.5566354360928,-5389.184891332532
-1782.114437107184,-5390.553088902781
-1780.4216248278162,-5392.239126591179
-1779.5853453107882,-5392.9446920517175
-1778.5588304897028,-5393.7862477549925
-1776.4863722518116,-5395.237550328914
-1774.3415746905496,-5396.808661946747
-1772.9427034893486,-5397.977056859489
-1771.4305538683716,-5399.286215450269
-1770.8654781327673,-5399.868941691874
-1770.290706689286,-5400.435610415035
-1768.8872000610588,-5402.303431706155
-1767.4499411299853,-5404.201183085106
-1767.0775851558758,-5404.528022631151
-1766.6654647408773,-5404.903745497811
-1765.3051662830535,-5405.915230151705
-1763.8266434708662,-5406.980699392796
-1761.3722606562321,-5408.55286224357
-1758.6984902577474,-5410.319072468658
-1757.9840199652679,-5410.94471643642
-1757.276731507124,-5411.5483149447755
-1756.822517057923,-5412.03197134132
-1756.2297826635424,-5412.617694165784
-1755.1971499633821,-5413.840980318015
-1754.150138879417,-5415.030155494081
-1753.4320822171428,-5415.695698573291
-1752.6682320875113,-5416.340402811799
-1751.1873016408417,-5417.507811986244
-1749.445036238672,-5418.861097093327
-1748.6992523470462,-5419.606641967886
-1747.9642507333415,-5420.371236505918
-1746.8522462840147,-5421.649297260087
-1745.7316414803029,-5422.962570137028
-1745.256943599254,-5423.387279203795
-1744.583476588689,-5423.893018816493
-1744.2328272605807,-5424.126889321312
-1743.6784776220532,-5424.434709223365
-1742.9266020824791,-5424.767601329186
-1742.1638585659553,-5425.070571230791
-1741.3528897369422,-5425.304524859451
-1740.3286103131281,-5425.606444670356
-1738.9729982607832,-5426.226118437086
-1737.518637968548,-5426.940968480009
-1737.0462654695893,-5427.289769239602
-1736.581163356775,-5427.643556009935
-1735.9979451258748,-5428.189177561849
-1735.4437285704837,-5428.774792406152
-1735.197964313184,-5429.122554778395
-1734.8450244275668,-5429.631328131991
-1732.6535306292826,-5433.211842464721
-1730.868189732311,-5436.21584531713
-1729.9995913933162,-5437.5289713113125
-1728.96708984897,-5439.050996895577
-1727.6201187071947,-5440.809878173924
-1726.196046433837,-5442.6986436968255
-1725.8093945334215,-5443.466166503804
-1725.4528139122804,-5444.180618502705
-1724.7360952349452,-5446.27613239539
-1723.8459706239,-5448.710418119626
-1723.3375738602506,-5449.4748704542035
-1722.7616675885586,-5450.269358678469
-1720.7411718568353,-5452.712823395867
-1718.9508509334146,-5455.008421543317
-1718.4557391580863,-5455.772871237958
-1717.9786851094373,-5456.589285877774
-1717.622018791126,-5457.2977527685
-1717.2040616403965,-5458.235149964267
-1716.969233096634,-5459.001647869632
-1716.7608965018012,-5459.791082858048
-1716.6754395200455,-5460.388582696919
-1716.5900099390253,-5461.139992170937
-1716.526493719743,-5462.948616333315
-1716.3893786552355,-5464.846128189432
-1716.2665558611577,-5465.35775249774
-1716.1088370981936,-5466.045237004931
-1715.9028183788912,-5466.713778178003
-1715.6884383104052,-5467.351299517967
-1715.4426938702209,-5467.819954740028
-1715.0693043308804,-5468.466581349565
-1713.5392506784149,-5470.695102112401
-1712.052468260402,-5472.860674562692
-1711.5140403418936,-5473.917889058055
-1710.9742746956642,-5474.971213622839
-1710.3009815245075,-5476.487088758357
-1709.5758302796019,-5478.1820189232685
-1709.2180648487752,-5479.297154232025
-1708.8977443789838,-5480.474225780082
-1708.7508524095092,-5481.435613522509
-1708.6016519125112,-5482.572656151378
-1708.4876610927631,-5485.3026522891505
-1708.2845347662726,-5488.152460372344
-1708.261997378755,-5490.641451491872
-1708.1925659208143,-5493.029706431656
-1708.2154924188508,-5493.679055397181
-1708.2421617223727,-5494.230651624546
-1708.3123091753419,-5495.410746043038
-1708.443844208875,-5496.433927529947
-1708.604329066787,-5497.674951346289
-1708.776830744709,-5498.3564920542085
-1708.9733150686789,-5499.045808777384
-1710.8736446461487,-5504.951890800722
-1712.8028047318235,-5510.860859938175
-1713.696143312557,-5512.82621583241
-1714.641289051458,-5514.79455482624
-1714.9848751240424,-5515.697802554537
-1715.276656433074,-5516.60903925016
-1715.3719174082462,-5517.102670221841
-1715.4262373789916,-5517.611170783205
-1715.4034954617316,-5518.001983594766
-1715.3794162173642,-5518.390602215291
-1715.2770748396342,-5518.960175838208
-1715.0988144812188,-5519.7305536939
-1714.7917363628076,-5520.66693348387
-1714.412328305843,-5521.7821725215645
-1714.1569945054378,-5522.370725277847
-1713.873915516437,-5522.93833609617
-1712.7763758255612,-5524.830033718747
-1711.801737799944,-5526.650888995831
-1711.4849297742014,-5527.3812928473835
-1711.1488310172688,-5528.1756379326025
-1710.8417458819,-5529.076108672057
-1710.563583800665,-5530.043305006586
-1710.2361447194173,-5532.079897700963
-1709.723135452144,-5534.664932331953
-1709.4979974384296,-5535.432425724183
-1709.2015859469034,-5536.2118016424765
-1708.3041684884872,-5538.112540185828
-1706.9368127731166,-5540.4639191252845
-1706.1344707114722,-5541.815932355726
-1705.1309097189167,-5543.587716516629
-1704.3791772741704,-5544.790000390337
-1703.3141075629708,-5546.511821983406
-1699.5988583046433,-5553.28120980189
-1689.0967593187283,-5568.964781151095
-1675.4881393226167,-5586.510459588777
-1662.0396599522196,-5603.127944949256
-1660.6093966657925,-5604.216331520029
-1659.2864381718005,-5605.877247126078
-1656.7331989273841,-5608.295852839991
-1656.4958445951909,-5608.514738548618
-1653.6113336029048,-5611.180074688804
-1653.0353448965736,-5611.583849605346
-1652.2328405367582,-5612.067660416315
-1651.6013546440174,-5612.391547428075
-1650.9760472854266,-5612.687304677892
-1649.8746367971742,-5613.088276764622
-1648.749167964637,-5613.529151635861
-1647.3355942532712,-5614.015959259585
-1645.9545901329168,-5614.394934613461
-1643.9108756808134,-5614.76793829757
-1641.4971750787686,-5615.227983971008
-1640.3329902488645,-5615.507972556814
-1638.9399515644195,-5615.877971721885
-1637.1252300898195,-5616.491823995169
-1635.2802664810688,-5617.144482633674
-1633.4534509513453,-5617.891299002357
-1631.636332409268,-5618.663947856527
-1630.7120805491652,-5619.148874708926
-1629.8082929836276,-5619.588512872407
-1628.562390778912,-5620.390190619912
-1627.355005531168,-5621.169817609658
-1626.8512909777423,-5621.555524543647
-1626.2163345689403,-5622.119202228327
-1625.0656064066516,-5623.419398905155
-1605.6680534218171,-5629.531855002684
-1591.335173236481,-5634.047784228406
-1590.9374768952193,-5633.826012604652
-1590.2794902158157,-5633.589321882437
-1589.6311280757834,-5633.444496506526
-1589.2696491329077,-5633.441563731785
-1588.8213548396272,-5633.456599716599
-1588.709160934103,-5633.617510111178
-1588.5683039719722,-5633.765458117535
-1588.3020066277322,-5634.314010707486
-1588.049081760686,-5634.880615293608
-1587.9852145340376,-5635.219366588429
-1587.9226057986816,-5635.589138990513
-1587.9155612338718,-5636.448360701507
-1588.0061675836982,-5637.63154453116
-1588.1942940190274,-5638.851518925797
-1588.38609761667,-5640.074485111479
-1588.78051739009,-5641.708175978801
-1589.1965071981622,-5643.411785902694
-1589.2532316121303,-5643.842484035964
-1589.3075558692692,-5644.4130278354805
-1589.2642854848068,-5645.001641935089
-1589.2378074404116,-5645.571201596211
-1589.1873031096793,-5645.869852403822
-1589.042735539462,-5646.319535663844
-1588.8596272024233,-5646.649329393058
-1588.647608220974,-5646.985112710171
-1588.2523648570268,-5647.453888963209
-1587.7186053880835,-5648.079390536082
-1587.2752213607807,-5648.4861320589935
-1586.8208807955366,-5648.830932476676
-1586.4895192703493,-5649.049831935866
-1585.9761689256918,-5649.293698082563
-1585.4266999130305,-5649.410691984707
-1585.0965582052295,-5649.425708353947
-1584.7168626674838,-5649.422778405948
-1584.1878394899613,-5649.379974205431
-1583.6768564808153,-5649.284101605638
-1583.0598187355233,-5649.081417388399
-1582.4511282794576,-5648.825666367064
-1582.1933200531025,-5648.662921623085
-1581.8051454984775,-5648.419103985285
-1581.5858536998278,-5648.228324002048
-1581.3977275150662,-5648.024571791611
-1580.6360165419967,-5647.119393142551
-1579.7248042672034,-5646.133244393892
-1579.2547314808735,-5645.828594410747
-1578.5894518466303,-5645.453056290233
-1578.0604041901327,-5645.259234818735
-1577.4711246307438,-5645.1543974880815
-1576.862559000896,-5645.148512285599
-1576.139449169677,-5645.24059733162
-1575.6285094054654,-5645.407457863491
-1575.1175745464357,-5645.604441962028
-1574.6945539935768,-5645.860262378395
-1574.3235094745214,-5646.128143672705
-1574.0113826338434,-5646.445988567553
-1573.7475545210712,-5646.771705573938
-1573.5572595238657,-5647.101500193863
-1573.4125897229685,-5647.441361800382
-1573.1537106003316,-5648.395583743392
-1572.7875219322534,-5649.234016939165
-1572.5970380345595,-5649.430749084969
-1572.3549178740172,-5649.6496334928315
-1571.4897266093226,-5650.072502377451
-1570.346136958809,-5650.633266895774
-1569.6001950880022,-5651.117061576872
-1568.7254236353238,-5651.720673311272
-1568.1916366653572,-5652.18637913388
-1567.6084818113288,-5652.750044498917
-1566.950573610989,-5653.514512666884
-1566.374635764657,-5654.2690925177385
-1566.23371619072,-5654.54990318389
-1566.0988302771539,-5654.937641645049
-1566.0759805462187,-5655.218433115855
-1566.0760245299402,-5655.489146428412
-1566.130324424978,-5655.917850140206
-1566.2388549134382,-5656.348539978581
-1566.4136534439926,-5656.811138074544
-1566.6692737210856,-5657.393618901137
-1567.4371622270291,-5658.77947835185
-1568.1748910813083,-5660.197261681437
-1568.312329929954,-5660.606800431298
-1568.4075745650136,-5661.0374924038
-1568.405203528506,-5661.358279088517
-1568.4029405884764,-5661.829883192615
-1568.3379202034307,-5662.276461025969
-1568.254854985053,-5662.748178034562
-1568.132011245607,-5663.194865018345
-1567.9150991696238,-5663.764455599008
-1567.5175759998065,-5664.611771159466
-1567.0020003495042,-5665.567231630335
-1566.634506425622,-5666.093855716854
-1566.1392691881554,-5666.741493649582
-1565.8682411308146,-5666.987314266122
-1565.474237684394,-5667.384969769771
-1565.1331866529576,-5667.631898956609
-1564.6198591137866,-5668.025683674824
-1563.5956054019148,-5668.679292438604
-1562.4774282334454,-5669.32004896531
-1561.5049499475915,-5669.779840723193
-1560.309637226734,-5670.361559280656
-1556.9185895994037,-5671.774026392426
-1553.3962856748687,-5673.293442237116
-1551.2693904753953,-5674.045079184418
-1548.8713655107704,-5674.935806551489
-1546.7251624807368,-5675.65762125753
-1544.6391947415973,-5676.310400909968
-1543.0051692007526,-5676.757329726618
-1541.3819179577624,-5677.174332443199
-1539.95994140796,-5677.460235185627
-1538.6078903990842,-5677.658349208124
-1531.8894636877774,-5678.432857858669
-1525.15300243263,-5679.305216464326
-1521.5762416269035,-5679.968301438408
-1517.570661975016,-5680.7022730028475
-1516.0377375466694,-5681.121152411376
-1514.4845027504525,-5681.507218007591
-1512.179154927832,-5681.95723950412
-1509.8774806993374,-5682.389205663506
-1507.6239192780308,-5682.709247637029
-1505.4824939210948,-5683.021391545027
-1504.1785646203618,-5683.172512387669
-1502.8697791228353,-5683.261591185818
-1500.5885989478863,-5683.30194528965
-1498.3386731123478,-5683.361245914759
-1486.0681348614019,-5683.289233843843
-1474.2374662529792,-5683.282074129815
-1473.3987647193676,-5683.214174983851
-1470.1773781095744,-5682.225476277753
-1469.7458604442827,-5682.132577927701
-1469.0588754201206,-5681.877928914372
-1467.2632734802683,-5681.443505188473
-1464.7769395804276,-5680.839317060997
-1464.175641943964,-5680.836416049986
-1463.747788605355,-5680.661724353117
-1463.3186956731518,-5680.577802578909
-1462.299251177429,-5680.488983046094
-1461.012152029982,-5680.319408950131
-1459.3032159997385,-5679.974942376528
-1457.4967641564026,-5679.62041580926
-1456.2987140905366,-5679.27886381224
-1454.8537432484895,-5678.928371730819
-1452.2807337135087,-5678.155321826046
-1449.7944588553182,-5677.376273365394
-1447.832440922712,-5676.609214872348
-1445.9487175510353,-5675.8330672612965
-1444.5808612239364,-5675.401567515292
-1443.1250027353592,-5674.878313531103
-1442.6971637896177,-5674.795388115026
-1441.927049736188,-5674.6196494726055
-1436.9643126184217,-5673.837975599821
-1431.830433867671,-5672.976527010025
-1431.1724004751602,-5672.979617194875
-1430.5216253671533,-5672.905701575894
-1429.2621869816871,-5672.742004199251
-1428.0860437309955,-5672.483335190637
-1426.185557665096,-5672.477631876799
-1424.3875028320576,-5672.383038489078
-1422.4484396578057,-5671.997603389684
-1420.2936261551677,-5671.619181989925
-1417.7254576119121,-5671.344857047591
-1415.3272522304433,-5671.0862664746
-1414.897074051531,-5671.003539661666
-1414.2980913265474,-5670.827673929925
-1412.3204551414608,-5670.65320731897
-1410.0102381573672,-5670.391709865067
-1408.7231282700684,-5670.133054722419
-1407.5252599160153,-5669.87149371156
-1406.1573590506334,-5669.689854704131
-1404.5292542411005,-5669.517130922723
-1401.9526945318448,-5668.994034022632
-1399.2169669932,-5668.562726770283
-1398.6987034880112,-5668.386848344942
-1398.0093945563483,-5668.2211689088945
-1396.9837179985957,-5667.783627921883
-1395.6158534383644,-5667.272223887875
-1394.5915020380903,-5666.751692962918
-1393.3067539121646,-5666.061529974906
-1392.5294438997073,-5665.806788814881
-1391.7628995971813,-5665.458184126841
-1390.6456679028122,-5665.199502027416
-1389.367070366215,-5664.857953327046
-1387.818419244696,-5664.596440443658
-1386.1927140084529,-5664.250951438429
-1385.6840475836932,-5663.986196372866
-1383.7980425130509,-5663.561844527172
-1382.2517906056846,-5663.130361547542
-1378.8448088678467,-5662.551220013332
-1377.23363467479,-5662.727404138997
-1375.2308552935965,-5663.180342028755
-1373.6858975697928,-5663.618252191447
-1372.1469768319082,-5663.615479077632
-1370.8563121777281,-5663.61267039026
-1370.4284615623217,-5663.4397699932115
-1370.087442355916,-5663.356928749806
-1369.5715902775294,-5663.092173853093
-1368.9725975455176,-5662.836507712983
-1368.5435899397576,-5662.753579171352
-1368.0362018575258,-5662.660687039765
-1366.6648185960032,-5662.657889259893
-1365.464566168381,-5662.658059439367
-1364.9463037665032,-5662.483376163809
-1364.517199906556,-5662.310475675075
-1364.4377105423555,-5662.140717569526
-1364.2593696845302,-5661.968779026089
-1364.18212511756,-5661.719023511577
-1364.0941832212727,-5661.457299884735
-1364.0097028782013,-5660.8567352552855
-1363.8360528590779,-5660.175288450532
-1363.8407903221382,-5659.404941824954
-1363.8406446993222,-5658.375752471439
-1363.67291052534,-5656.983807051428
-1363.5872503826913,-5656.312322481627
-1363.3350275865232,-5654.260063973416
-1363.15914563051,-5653.748386830906
-1362.9035222064904,-5653.055979426837
-1362.8225757660134,-5652.035878471904
-1362.570593562863,-5651.092507125442
-1362.3115216076467,-5650.830807673428
-1361.9655490433302,-5650.579095196111
-1361.5377696020882,-5650.313329947871
-1361.1086665022272,-5650.141526524166
-1360.6881116047934,-5650.147570743811
-1359.7384791115378,-5650.310591641371
-1358.8864331292405,-5650.394599065964
-1358.4562926602034,-5650.569516185954
-1358.024897652093,-5650.736453713432
-1357.7718444277511,-5651.084207366515
-1357.687496876325,-5651.422960010457
-1357.593623671272,-5651.7627114688
-1357.602027349862,-5652.101451043577
-1357.5973377790474,-5652.622130964838
-1357.7624639804524,-5653.302481876476
-1357.8554204155168,-5654.165878675828
-1358.1086311124595,-5654.935191472364
-1358.4521943950574,-5655.878350516366
-1358.697074826854,-5657.422199805921
-1359.0455692560074,-5658.964937249746
-1359.128890844771,-5659.646396884984
-1359.2109118412898,-5660.5857026586755
-1359.6377146323696,-5662.218301059797
-1360.142919781127,-5664.014872410803
-1360.149020812488,-5664.6153483838625
-1360.2334766947865,-5665.044048997878
-1360.400966177455,-5665.296784202229
-1360.4890041205533,-5665.647482160463
-1360.4866997214413,-5665.897348676939
-1360.4843374194384,-5666.329053954099
-1360.4011483868185,-5666.587809368761
-1360.3193075896481,-5666.926561680527
-1360.0554747970118,-5667.2743169080095
-1359.6300721354248,-5667.868868966137
-1359.286677833222,-5668.127760833881
-1358.946887414297,-5668.463557107294
-1358.6854414430866,-5668.553565758715
-1358.422669195613,-5668.719382298519
-1358.0020538713518,-5668.895395269398
-1357.3104652798347,-5669.151243983736
-1356.198152111807,-5669.401167062099
-1354.995510570578,-5669.650105250344
-1353.8831864967965,-5669.823222889148
-1352.6021542351161,-5669.990279517203
-1351.1415409259735,-5670.079359019519
-1349.260452438219,-5670.153535148588
-1347.7998628424707,-5670.412583001548
-1346.2561294596417,-5670.659672611601
-1344.0362789583087,-5670.659982536801
-1341.7164783663623,-5670.570334091827
-1340.5185282095786,-5670.308665015403
-1339.2411131486526,-5670.050098990923
-1338.4637077952457,-5669.702489042982
-1337.6972491080949,-5669.35687245145
-1336.672805967603,-5668.756338309195
-1335.4772200355396,-5668.066155241789
-1335.0494658727464,-5667.9832250342515
-1334.620362458615,-5667.811420435287
-1333.9322231096419,-5667.635661804105
-1333.071783043412,-5667.4569345557165
-1331.8823092327716,-5667.457099061003
-1330.6820672281372,-5667.537162233609
-1329.4794266505348,-5667.7961716808195
-1328.4465676964612,-5667.969175672603
-1327.5958075594622,-5668.302048871941
-1327.1644124591196,-5668.477962235967
-1327.1729698112756,-5668.726730025883
-1327.0825704804256,-5668.816714258534
-1326.9921587590202,-5668.8167267116205
-1326.9114399734926,-5668.816737828638
-1326.9090523570826,-5669.075481830192
-1326.73669171583,-5669.2444769546655
-1326.4752449855837,-5669.331392570564
-1326.054627675145,-5669.497329704264
-1325.704010655957,-5669.497377954631
-1325.3653435193298,-5669.503409365536
-1325.1954769888066,-5669.580437404621
-1324.9423866401175,-5669.670344238117
-1324.5109298478728,-5670.006151908949
-1323.9976691804027,-5670.350948018631
-1323.9049411083947,-5670.520829874857
-1323.7350035964648,-5670.689724864877
-1323.3939364921787,-5670.865525902545
-1323.0505289012985,-5671.035541918859
-1322.5372078803987,-5671.550207073849
-1321.9431666239661,-5672.054908577788
-1321.422612898857,-5672.230833916509
-1320.9092562557337,-5672.486655575904
-1319.3679340018082,-5672.652745996845
-1317.4867021170996,-5672.905862027247
-1314.4053469759976,-5672.891320845373
-1311.5503567186663,-5672.885725090895
-1311.326249191509,-5672.885755595662
-1310.595939346012,-5672.909794244024
-1309.7752228985764,-5672.9718487238315
-1309.3233605274481,-5673.187662866905
-1309.1293901902986,-5673.597449820983
-1308.9053734366644,-5674.26598452587
-1308.6596075973096,-5674.76156091137
-1308.410110042983,-5674.851566575437
-1308.2365791118837,-5675.020461779566
-1307.9763019204333,-5675.1074764879395
-1307.7256327277394,-5675.184315687751
-1302.677434100049,-5675.092135122526
-1296.4264737315252,-5674.992134074499
-1295.3080963397856,-5674.902312718136
-1293.9402817704915,-5674.730632466274
-1292.9991456310493,-5674.720684371313
-1292.059097525366,-5674.723802889409
-1288.8124995153055,-5674.37661949919
-1285.3850768416885,-5674.01928494853
-1283.8461207942141,-5673.763639132437
-1282.1407963695824,-5673.502130141267
-1280.4187940418853,-5673.4963743294675
-1278.8786183703003,-5673.493586482286
-1278.02899274987,-5673.576688710464
-1277.0866157891176,-5673.660700878769
-1275.8068349553098,-5673.826749663082
-1274.6837297439165,-5673.999759830516
-1274.0908333439868,-5674.335586598344
-1273.2389138452932,-5674.766306930074
-1272.8881398141168,-5674.844255672376
-1272.547143337932,-5674.930282614629
-1270.756371385158,-5674.927526564416
-1269.1269531495154,-5674.921756520174
-1268.438909739337,-5674.834867758519
-1267.6688825694464,-5674.660212395896
-1264.9392201978235,-5674.567606975779
-1262.2807510079695,-5674.475988921224
-1261.4310924610907,-5674.309223502361
-1260.4006205885432,-5674.220483806127
-1259.4666995626783,-5673.791993156111
-1258.089242490724,-5673.360468184806
-1257.4095542350256,-5673.265597793369
-1255.6161762149636,-5672.498378400322
-1253.7313097135489,-5671.8022901826735
-1252.1078921814828,-5671.029063201398
-1249.975980189684,-5670.00005091947
-1249.119041149101,-5669.745408267371
-1248.3525852756788,-5669.396792161751
-1247.4933065349474,-5669.1411521945265
-1246.6363671037777,-5668.882319946216
-1245.5289154123734,-5668.623719510663
-1244.4189569916018,-5668.365119264315
-1244.2514180254614,-5668.353171263915
-1243.1318733439084,-5668.273318698965
-1241.8532077677455,-5668.014739929579
-1240.5637959640403,-5668.011913627227
-1238.8524906862453,-5668.009141416362
-1238.3438395415642,-5667.833352875329
-1237.5774063914293,-5667.657497678108
-1236.7205291325945,-5667.228895178603
-1235.950481350896,-5666.88426842053
-1235.6153741503629,-5666.631552552679
-1235.099503953064,-5666.197918819811
-1234.58851444266,-5666.031207358336
-1234.1619081845192,-5665.7694261844545
-1233.220691088654,-5665.772539113554
-1232.3602747878397,-5665.763671983922
-1232.1903255539723,-5665.8526680257955
-1232.0204599854826,-5665.942561780752
-1231.84926717499,-5666.108462896991
-1231.6769885890799,-5666.2783540373675
-1231.4216226263231,-5666.875871102128
-1231.0757727237528,-5667.562374028643
-1230.815589197614,-5667.732376130951
-1230.564931083181,-5667.899284847962
-1230.1335112663614,-5667.895250312372
-1229.7020093210788,-5667.902387431138
-1229.4549844810597,-5667.729557435247
-1229.106685152315,-5667.556640612567
-1228.8583120367787,-5667.294936213589
-1228.5100747873003,-5666.953247460234
-1228.254495182177,-5666.5315498053305
-1227.829120454577,-5666.097006421541
-1227.3999968973926,-5665.751338058158
-1227.064973652954,-5665.4996193495945
-1226.0368717303013,-5664.982063397458
-1225.4379662548236,-5664.726388325535
-1223.4410549922459,-5664.729634520893
-1222.8699246448452,-5664.735691844206
-1222.0129761525568,-5664.39705982366
-1221.494779798642,-5664.0643696019915
-1220.7053983209519,-5664.125415055443
-1220.1317967653486,-5664.412260287114
-1219.8533690192648,-5664.360427113241
-1219.4532625386619,-5664.184524084351
-1218.763986174524,-5664.249646328587
-1218.0830797604688,-5664.4254866234805
-1217.3468158649737,-5664.939276639717
-1216.725097334293,-5665.33395423479
-1212.1719808842654,-5664.453263566585
-1211.3717841925022,-5664.228534509708
-1210.9776668238178,-5663.8348827131385
-1210.8511007158904,-5663.384241753082
-1210.7944042757672,-5663.0426154679935
-1210.7341286929943,-5662.811808526876
-1210.2254725601038,-5662.590035140801
-1209.198752436824,-5662.420195192978
-1207.9467015089342,-5662.488379694028
-1207.0440481945386,-5662.83022598729
-1206.3546671329877,-5662.726375970195
-1203.6214342144337,-5662.113174123868
-1203.2827310883806,-5661.829436264278
-1203.108035068148,-5661.3797986803875
-1202.7620046876218,-5660.634432684057
-1202.1859646739636,-5660.131879526918
-1200.4227563231325,-5659.34669162777
-1198.4282832657507,-5658.789354290377
-1197.171259393761,-5658.50882255264
-1196.3143615452404,-5657.893290606984
-1196.2551567313965,-5656.861215923716
-1196.1381871299577,-5656.300652398715
-1195.9031460754675,-5655.727136423401
-1195.4462690400767,-5655.274541310327
-1194.6484978423302,-5655.058787784131
-1193.5084928898384,-5655.05892907128
-1192.378104607742,-5655.118019507803
-1190.217497491226,-5656.4392359631365
-1189.3667138804851,-5656.612302298403
-1188.8520490238184,-5655.7679078553365
-1188.6796502143693,-5654.967559329619
-1187.87456012444,-5654.3511225161865
-1186.9055886624026,-5654.2433156978595
-1181.6359347381565,-5656.598191743205
-1180.2705427646504,-5657.065972963265
-1179.5812519584301,-5657.011096788005
-1179.132947611378,-5656.958186019457
-1178.0507657663152,-5656.958318401329
-1171.689255253592,-5659.495161188293
-1170.9589645306935,-5659.671103898144
-1169.8779667651434,-5659.791131091384
-1164.53846417601,-5662.265902120056
-1163.8046004261073,-5662.610716366773
-1163.175472339085,-5662.555732010044
-1162.9512899560893,-5661.93333789675
-1162.9946648405505,-5661.301834512815
-1163.0584502269437,-5660.852167419105
-1162.5425945748489,-5660.509499043761
-1161.5700717230156,-5660.750405555985
-1160.8374743880916,-5661.20314566183
-1160.2143833959565,-5661.320124179081
-1159.1925457311443,-5661.441140517166
-1158.7333153864813,-5661.558099224651
-1158.5092559327743,-5661.955817385022
-1158.3466202039522,-5662.414473570175
-1157.8814774758928,-5662.701401801635
-1156.9222461587142,-5662.991182267454
-1156.4077194007118,-5663.277019146694
-1156.1318864276661,-5663.955531221596
-1155.2317573840457,-5665.15679235581
-1153.6387010315018,-5666.644709470768
-1153.3628891673861,-5667.502167553155
-1152.860407940435,-5667.898821692522
-1150.3463722730344,-5666.035649066537
-1149.259276449466,-5665.478193176909
-1148.2830633891454,-5664.910649497191
-1147.267117656677,-5664.693122610797
-1145.617442185,-5665.77736911197
-1144.1978835363486,-5666.806826905429
-1142.9519153921522,-5667.444358011945
-1141.4780510967057,-5667.84222395563
-1140.1512899001596,-5667.854450440316
-1138.3496582922344,-5667.8666331122995
-1136.9276644667264,-5668.095620590429
-1136.0214491916884,-5668.727225627483
-1135.0597937609011,-5669.020196108127
-1133.6294105635561,-5668.967299119276
-1132.4398342271277,-5668.807644349717
-1131.4118686943145,-5668.699838886607
-1126.748166664195,-5668.888109244878
-1125.6695848403872,-5668.959255173571
-1124.6403519928624,-5668.731553263555
-1122.6444952002323,-5667.034192143803
-1122.1877117068668,-5666.6424392138915
-1121.9093571687297,-5666.497639014249
-1121.0439563613168,-5666.02005145206
-1120.4739889847242,-5665.968149571984
-1118.4401147036087,-5668.599412030176
-1118.440138013499,-5668.800302447741
-1118.4377311229196,-5668.941145466662
-1118.8511367394392,-5669.9643020050335
-1118.9645353800267,-5670.752589228296
-1118.6813847410679,-5671.042486833345
-1117.7100784915383,-5670.984546825515
-1116.4638289136005,-5670.654927798855
-1115.5503578775554,-5669.976654389194
-1115.2044442068259,-5669.462000011531
-1114.7476606932255,-5669.068451283752
-1113.5546270785492,-5669.358354224191
-1112.3001907644077,-5669.768159979347
-1111.7373971327465,-5670.334787793513
-1111.3951691327966,-5670.621599847308
-1110.772070964265,-5670.686706737393
-1109.975552282014,-5670.457879209791
-1109.1777946319778,-5670.354134479753
-1108.0424795656015,-5669.734736613285
-1107.1277558011777,-5669.0563627952715
-1106.1527017469257,-5668.376000881795
-1105.0138272606462,-5668.046368051695
-1104.2738417381204,-5668.222306823674
-1104.0521960110286,-5668.558080563099
-1104.9682646618403,-5670.036824292494
-1105.135847021971,-5670.428511468399
-1105.143066278323,-5670.717278150645
-1104.859913829885,-5670.99500621876
-1104.3489017228533,-5671.34278278155
-1103.7271404159983,-5671.407889064432
-1102.6485500160848,-5671.408012565543
-1101.328942109269,-5671.1374501882365
-1099.628519369964,-5671.312401126984
-1098.265621199628,-5671.719324769353
-1097.1328268207876,-5671.95126581731
-1096.0433749384965,-5671.963359446999
-1094.9648225141127,-5671.562698717642
-1094.2778515458149,-5671.337947071181
-1093.5970063233638,-5671.341016784186
-1092.8558379292117,-5671.406135916914
-1091.944715370629,-5671.529127502771
-1091.2145110406188,-5671.751047519346
-1090.5228033536973,-5671.757110654405
-1089.1645197270227,-5671.594477221828
-1088.1967954865056,-5671.437584823815
-1086.5373621805284,-5671.273987563582
-1085.5780887072747,-5671.216042956954
-1080.2250300374924,-5671.530448625144
-1076.823008432586,-5671.832663817294
-1075.3937125197074,-5671.789732764132
-1073.7439844452767,-5671.735055917532
-1072.3169894466128,-5671.34340870451
-1069.9838352425572,-5670.62329539876
-1068.790864810291,-5670.743323684987
-1068.220832582827,-5670.860290364478
-1067.4278566338776,-5670.9224208712685
-1066.008181443354,-5670.980431304615
-1063.8377942167745,-5670.9437648104495
-1062.2506407647936,-5670.78105311181
-1060.7129292771342,-5670.386523724738
-1057.6854860321555,-5668.981920317809
-1056.3200568484367,-5668.418499672727
-1051.753664154212,-5666.740357281575
-1050.8474094404526,-5666.293789182787
-1050.3809225986508,-5665.779245371713
-1051.1650498517981,-5661.968126903974
-1051.2084330391494,-5661.345601256262
-1050.8131211254424,-5660.664172995084
-1050.0164562017553,-5660.606406600579
-1049.5644889330463,-5660.674283796963
-1048.6671658638118,-5663.976804599162
-1048.2743380151621,-5665.390760813952
-1047.8815734304499,-5665.850437634646
-1047.1982401301111,-5666.022375978947
-1045.8918305550521,-5665.692754366861
-1045.2060842198453,-5665.188308544008
-1045.1360925933377,-5663.937289488426
-1044.9143213099383,-5663.132854135593
-1044.3406040489147,-5662.399576522463
-1044.0512841201628,-5662.066851945225
-1042.4003414226656,-5662.353703533983
-1041.4892125023155,-5662.415844697058
-1039.8985695408353,-5662.422001327803
-1038.6415445234663,-5662.092373394502
-1035.8516139766573,-5660.967627540969
-1034.8247835198727,-5660.518078483904
-1033.6293061338872,-5659.849702534804
-1032.5457913479493,-5659.110394333725
-1031.8539803361823,-5658.143122210117
-1031.5055586302092,-5656.790291186738
-1031.672920631379,-5655.933845667051
-1033.4791891965178,-5653.987289197287
-1034.0467314750936,-5653.253788729077
-1034.150289625516,-5652.733198110843
-1033.3524975054856,-5652.286616713005
-1032.0437033036278,-5652.2957342284535
-1030.7977405317454,-5653.035292003502
-1029.9506082717865,-5653.777799397389
-1029.387877234178,-5654.184627741273
-1028.7636577043213,-5654.699189352658
-1027.909309061003,-5655.160909576943
-1027.174287958355,-5655.663613021104
-1026.3198687880204,-5656.24921886529
-1025.9270851409754,-5656.536133020474
-1025.2484841969663,-5656.418304323443
-1024.8821220912587,-5656.076610135022
-1023.4732454563384,-5654.724789290503
-1021.9245800181728,-5653.430936058869
-1020.9616372292352,-5652.632663291037
-1018.7283801659316,-5651.452793121412
-1017.1930262902677,-5651.182242024169
-1015.4841239295318,-5650.957592596627
-1012.2266238579446,-5649.269119197211
-1005.6173542931017,-5645.723606514891
-995.5143260561488,-5640.040174791666
-994.1982822106228,-5639.417689996186
-993.2848228314032,-5638.740302690173
-992.5929460252323,-5637.893123098903
-991.7360744981555,-5637.3885913334025
-991.2275139519681,-5637.221766962262
-990.0947273041618,-5637.514640844716
-988.5016277532624,-5637.9704486568635
-987.7099250935929,-5638.2054340037375
-986.9095920237154,-5638.208508427317
-985.6599485161809,-5638.106694935791
-983.4894686590591,-5637.08660482134
-982.3517718955184,-5636.756957350939
-981.0924239342844,-5636.539437749825
-980.7019670953557,-5636.705256994717
-980.1910956610709,-5636.819220037368
-979.4534987686966,-5636.653515562302
-978.5424443476368,-5636.606527555372
-977.5711545779125,-5636.668668785706
-976.6889698313204,-5637.032435761888
-976.3167279638589,-5637.189275752413
-975.6381412253411,-5637.192336906764
-974.7331399572688,-5636.683918372297
-973.2914741800538,-5634.071989791548
-973.0576118223511,-5633.449592220166
-972.6033316074974,-5632.947013020092
-972.316431101093,-5632.543266177923
-971.7487887368696,-5632.318493736913
-970.9485177801222,-5632.103918908914
-970.320718457819,-5631.937005695781
-969.5205472004144,-5631.882225409569
-968.2202172087224,-5632.110178290506
-967.2452863900404,-5632.522829755164
-966.3257997248138,-5632.54386888541
-965.4376300767532,-5632.387155662994
-964.9579751351703,-5632.153396781814
-964.0672870734999,-5631.044399203737
-963.4140212521984,-5630.231127613052
-963.0091352243627,-5629.827392287903
-962.5294804714905,-5629.593633284665
-962.04141017277,-5629.599666849022
-961.0014289258572,-5629.599770638574
-960.1131579573297,-5629.261118431361
-958.6753888309332,-5628.8106047142155
-957.9318142138691,-5628.182172907458
-954.2053862773412,-5625.5485239963555
-952.4626323863063,-5624.31672139846
-951.711827428499,-5623.232745327806
-950.906765783004,-5622.724115179828
-950.3354754653383,-5622.779132141602
-949.1280261464705,-5622.61935673933
-948.1494227104616,-5622.221761857089
-947.3466668375273,-5621.365612675905
-946.9982728338746,-5620.160503817311
-946.8150153330932,-5619.190282866649
-945.901404967131,-5618.623809714452
-943.2585780560305,-5617.6598146801925
-940.5590713243889,-5616.418029090424
-938.7101815677836,-5614.992326198173
-936.8084109136943,-5612.826305937366
-935.3114464958459,-5610.253378035294
-934.0796232031254,-5608.611861577968
-932.184922577962,-5606.08595255899
-931.2641789456467,-5605.179740448573
-930.2879846461057,-5604.61027943961
-928.5717958641534,-5604.104827504427
-927.3040858088809,-5603.766208819149
-924.1428325672448,-5601.610281867597
-922.9895710992995,-5600.978794472651
-921.9024842100342,-5600.300519262873
-920.2369394330684,-5599.857003873228
-917.5398668633566,-5599.524505142817
-915.991326119782,-5599.299822772756
-914.046186788693,-5598.7943900127675
-912.600046410086,-5598.1110607190785
-911.5081656653505,-5597.093944259153
-910.5245790993496,-5595.20552747237
-908.2817514564756,-5593.26516144117
-904.6576882165076,-5591.284028406953
-903.0524530269196,-5590.600812356898
-900.5771282985168,-5590.040465954358
-899.3201278350505,-5589.821738470663
-899.0393742837314,-5589.876725262383
-898.6260215988092,-5589.134346960688
-898.6800989696853,-5588.394917459045
-898.5078247645372,-5587.763435314308
-897.820837357355,-5587.248904623464
-897.0110717937624,-5587.310922929504
-896.2180395034718,-5587.603754158902
-895.5263588912148,-5587.837625423266
-894.4368948588728,-5587.618881726506
-892.7775052732643,-5587.735939114272
-892.0316158860542,-5588.198734501915
-891.1748025946661,-5589.123069426141
-890.3832007309786,-5589.526818694733
-890.0010833467855,-5589.510794733703
-889.3527449444006,-5589.476940630561
-888.707933973164,-5588.731590851167
-888.4235085167843,-5587.931247211311
-887.2134942593434,-5587.081015600714
-886.4675042963254,-5586.4525784637635
-886.0625196568473,-5585.8300947343405
-886.4083231630908,-5585.312475774837
-887.4424238834403,-5585.930911685132
-887.9002703187227,-5586.214649697829
-888.3595162833378,-5586.270465681218
-888.6426667661425,-5585.930801055054
-888.7571049387835,-5585.521029853498
-888.2327819864415,-5584.726693148516
-888.0567429331434,-5584.036260688102
-888.9677703367491,-5582.943049367328
-889.0785429481136,-5582.653373877281
-888.8543960526289,-5582.20373510898
-888.6168839632638,-5581.799981187964
-887.9866718577883,-5581.695105460925
-885.7007477137643,-5582.616579110316
-884.5571123435155,-5583.026444824127
-882.7844235439907,-5583.211438595617
-881.8649186505072,-5582.983700670718
-879.1037835351275,-5581.051454747109
-876.6899357582264,-5580.201331574841
-873.9361663297748,-5579.308247681407
-872.7310360486911,-5578.846727830659
-871.5174215337771,-5577.888668064188
-870.8207281236818,-5576.279911788162
-870.137336956264,-5575.775453233979
-869.6180074353239,-5575.661589052216
-869.2745068968868,-5575.778523530689
-869.0455757494709,-5576.006366318125
-869.0504582859436,-5576.406949811254
-869.398777942031,-5577.839783958111
-870.2063431650477,-5579.3276369646255
-869.9822736993241,-5579.725248716787
-869.6412062384147,-5579.953101642863
-868.4312720711913,-5579.962287757125
-867.4045363011941,-5579.453770326663
-866.5392466768665,-5579.056156927747
-865.3907133369997,-5578.896365724546
-865.0557660538847,-5579.352040078528
-864.4821642500194,-5579.697814643995
-863.9036702969443,-5579.533982220908
-863.7879779330999,-5579.013413031382
-864.469962371519,-5577.809305894248
-864.4120928400547,-5577.288731526215
-864.1155847504336,-5576.835108789889
-863.8371558894927,-5576.721222694824
-861.1426808219636,-5577.309971170851
-860.1122265820762,-5577.261087444118
-859.6458531996805,-5576.919495615355
-858.9589519291069,-5576.401869976168
-858.5587937772459,-5576.468935621044
-858.277981911662,-5576.80570649765
-858.2238764967519,-5577.264248248082
-858.3395632894533,-5577.725867035437
-859.1964965630801,-5578.123581663328
-859.7122580941444,-5578.518134768976
-860.4690984766291,-5579.035754101549
-860.6933330559656,-5579.547336404642
-860.5824609167864,-5579.667242196027
-859.4929975220745,-5579.436524906154
-857.8878038829429,-5579.161865003593
-857.1960137107353,-5579.106965981676
-856.04765740015,-5579.0570948420645
-854.7364703226341,-5579.298000497189
-853.7554765719652,-5579.178191588965
-853.0697613842087,-5578.84250394825
-852.7238546712927,-5578.211136096354
-853.4697405615168,-5577.696375562391
-854.0397646577311,-5577.520471097682
-853.9239900930133,-5577.008879023476
-853.3973706178442,-5576.664200071462
-853.1695638890113,-5576.383432456185
-853.3370279672117,-5575.573073040353
-853.280339486718,-5575.172394388894
-852.2427424507737,-5574.664873767083
-851.0459954510286,-5574.4951104253205
-850.2940686477002,-5574.728983768487
-850.2977225998497,-5575.419432142818
-850.6460215850115,-5575.703181597467
-851.5691683994202,-5576.500477522508
-851.1161568589887,-5577.015112296817
-850.5944050667217,-5576.9102245342265
-850.0182300270039,-5576.506599304728
-848.6408139179578,-5576.173964756901
-847.7321100005114,-5576.178034631784
-847.1585912319276,-5576.522810692831
-847.5020745763444,-5577.157370861269
-847.732220827138,-5577.438138404176
-848.5963502545658,-5577.955549737166
-848.4831629644692,-5578.355345662607
-848.318110812532,-5579.042816481514
-848.3795917925387,-5579.782235534278
-848.5556281896004,-5580.47566113229
-848.6099081500201,-5581.045211688486
-848.2664275658746,-5581.393957424299
-847.8169787699954,-5581.568853461753
-847.4072786904902,-5581.454978443359
-845.6825475715875,-5579.680531218712
-843.6156592994458,-5578.093837493407
-840.8535113234003,-5576.899109964486
-836.833153539769,-5575.9471754476
-832.7489604173425,-5575.029258488657
-830.1242379609208,-5574.441975196831
-826.2220344205655,-5573.487033660682
-822.1548565365288,-5573.163602845301
-808.1043974713716,-5571.984684892647
-796.5824338723609,-5570.777608559301
-792.2727933729086,-5569.721842733818
-783.4996071129873,-5568.730277070096
-781.7220448798854,-5568.57361918666
-780.0614646604486,-5568.409869464135
-778.7454632594689,-5568.019266947069
-777.02457199415,-5568.083343715377
-775.9918207013887,-5568.546053517269
-775.0217015620252,-5568.5491240128
-774.1564078275601,-5568.040683395707
-772.0896202705794,-5567.533137039556
-771.2918650166281,-5567.3073737416
-770.2024147376244,-5567.196542232435
-769.6637140382866,-5567.243665868493
-768.651487691087,-5567.326536686642
-768.0814488650726,-5567.329574556659
-766.9329925092089,-5567.048977997887
-765.9568208309936,-5566.593411378771
-763.600767118088,-5566.263834829437
-761.5412776017749,-5566.104103407023
-758.216431157655,-5566.698957482837
-756.2172050364778,-5566.761057493929
-753.3984814458042,-5566.375556695774
-752.1956720092676,-5565.578273190848
-750.4771862415306,-5565.411530481893
-746.1073637738023,-5564.006933439489
-745.0794932887138,-5563.8472182917385
-742.7908945497969,-5563.797322018168
-740.7229358990076,-5563.2398955200915
-739.5154047593452,-5562.960297705594
-737.7366692783032,-5562.735604341895
-734.2455271406589,-5563.157601334134
-733.0428774791498,-5563.336439530655
-731.723227805652,-5563.284671408401
-730.6965185157438,-5563.006854203771
-729.7698111453481,-5562.489437022155
-728.2211980708055,-5562.276694107235
-727.3306365169851,-5562.397654741598
-724.4275811126431,-5562.81361894606
-724.0455541808152,-5562.871500916537
-722.9561260244935,-5563.041551612994
-722.4342967932222,-5562.9895228206715
-721.2834517091744,-5562.02844699315
-718.5223329596322,-5559.803297815782
-718.0137851822412,-5559.689424654966
-717.7811616831068,-5559.748492210095
-717.4896461345338,-5560.03528653865
-717.0377020537318,-5560.38303821514
-716.1193737431604,-5560.164261609659
-714.7407897225503,-5559.763680292365
-712.8931133064046,-5557.1978256909015
-712.378507323215,-5556.513399858093
-711.5734677981719,-5556.057815067083
-708.8740881889828,-5555.904104439244
-708.3040502397203,-5555.91013118727
-707.8954222030126,-5555.5654355962115
-707.4410707266026,-5554.991923734556
-707.03609450038,-5554.308487038829
-706.9795081772444,-5554.0766791676415
-706.8601692535698,-5553.845873371937
-706.2829408977095,-5553.79095510673
-705.7695728544311,-5554.027792101319
-705.0284063262667,-5554.030838774477
-705.0259371476225,-5553.402333122646
-705.1910033927554,-5552.77381521339
-705.0234508698256,-5552.540020510412
-704.6125093086533,-5552.549027805084
-704.2100106140722,-5552.605015300054
-703.4688568726103,-5551.636825334039
-702.4781799779208,-5550.43883642741
-700.8728991542764,-5548.837216037754
-700.0135648022583,-5548.618433601446
-699.7183180657021,-5548.1557287242495
-699.8267026278855,-5547.126631065013
-699.830358247088,-5546.837863238737
-699.3699499221644,-5546.8438814933825
-698.6843207754962,-5547.589240809003
-698.459000291716,-5548.1069440721785
-698.2348328892223,-5548.393732940203
-697.7673055110572,-5548.17202923223
-697.770802825888,-5546.849982261042
-697.6490665548138,-5545.817709391812
-693.1500725273825,-5542.001115452745
-692.4113101602594,-5541.726265847779
-691.7232043634071,-5541.729307683477
-691.3207104933824,-5541.84733727241
-690.917066560627,-5542.241067634118
-690.6954025382563,-5542.4818727877955
-690.5254482468213,-5542.539837973095
-689.7746689913722,-5542.481938751443
-689.4263838764947,-5542.309102129298
-689.2575831879514,-5542.140242536019
-689.2527795389303,-5541.569690045113
-689.3069719164927,-5541.0491065760225
-689.9311942589816,-5540.423548464286
-689.815528267059,-5540.133791708178
-689.4670781942227,-5538.821744617998
-688.7187060825006,-5538.53512526674
-688.0884275440435,-5538.600105600815
-687.4052004330218,-5539.052706512132
-686.9508372570242,-5539.459507184469
-686.5507586591634,-5539.4655205193085
-686.8905894113348,-5538.258457852918
-686.8338288495632,-5537.918723616165
-686.4241281852684,-5537.743896326749
-686.1421303027895,-5537.921765318069
-685.8506103422877,-5538.150605689312
-685.2215015565121,-5538.214588280095
-684.9322047830166,-5537.980801885653
-685.2152795932027,-5536.495947914396
-684.9863957864515,-5536.262157224737
-684.5839183803334,-5536.6099038730445
-684.0705627726462,-5537.016608854309
-683.6704834255238,-5537.010652429769
-683.4426075028913,-5536.849776690936
-683.4968796249198,-5536.271240237392
-683.778873960285,-5536.043398078949
-684.5753014978364,-5535.287857745506
-684.6861676610213,-5535.060027719992
-684.2896538217457,-5534.665456751877
-683.9402113119984,-5534.662489155595
-683.4895086107979,-5534.841267764204
-682.5761573378314,-5535.242115965541
-681.775920668339,-5535.307107921309
-681.1951004666644,-5535.251190942699
-680.3972586996414,-5534.91549891349
-679.8211731873791,-5534.459895282678
-678.7195537407775,-5532.339650964266
-677.914502223045,-5531.662226013598
-676.3032489102236,-5530.58118151407
-675.4848634991029,-5529.213308553107
-674.5689497823005,-5528.815681429036
-673.4795962816676,-5528.815757641045
-672.9144306553792,-5529.170497468343
-672.5143560900318,-5529.228478411634
-672.2769497852441,-5528.994688007003
-672.2793493656574,-5528.65604677231
-672.6745335714191,-5527.968463108908
-672.5588639950413,-5527.6177607295685
-672.2695729323477,-5527.456889005069
-671.5911644236796,-5527.509901980486
-670.953572979424,-5528.144437076798
-670.7307423718073,-5528.434317376103
-670.4427079543896,-5528.320426351191
-670.4932449966765,-5526.89044982409
-670.1991541001998,-5526.196929380069
-668.8216041142767,-5524.94609796111
-662.8380753061097,-5521.545138715684
-660.597792995977,-5520.409174228839
-658.8707879724749,-5518.933435839763
-655.7529593386797,-5515.106655290907
-654.9479068684732,-5514.370277931559
-652.996755092735,-5513.465206317971
-651.8506400250309,-5513.064500469226
-650.3586345659411,-5512.041396539023
-645.568154707367,-5507.2014953589205
-644.3062814383971,-5506.3392669723535
-642.6444116650226,-5505.4370665697725
-638.7831943932058,-5503.163091644779
-631.3725950468779,-5495.9111748654295
-619.4065561425795,-5485.719902214111
-602.3309732331709,-5474.367880171043
-595.3699614862945,-5468.397955602444
-589.0356819165212,-5463.055496105109
-577.7772284704032,-5453.110902092756
-563.1407328338181,-5441.937609620311
-557.9790972706863,-5437.322416113926
-552.3546738069618,-5431.8360559195
-549.722585342328,-5428.57368108384
-549.8635522013676,-5427.195867515415
-549.3863298422484,-5426.771171944464
-549.139229116661,-5426.410500824566
-549.1440440355218,-5425.858899547985
-549.2138436768734,-5424.900625988081
-549.2101918835331,-5423.868444069801
-548.6786196829074,-5422.784324037187
-547.8964649488852,-5421.820114139425
-546.7564358427126,-5420.907892694666
-545.8610076520924,-5420.480228259687
-544.652321826667,-5420.051583989518
-543.3905565592825,-5419.260362155584
-541.8889640072932,-5418.166221953412
-540.6934028454053,-5416.348798720161
-540.27511867388,-5414.95286267773
-539.7411647133531,-5413.089418822652
-539.5603685490456,-5411.998296320232
-539.2096233947254,-5411.033961785457
-538.3058140292579,-5410.128808135499
-537.25012152546,-5409.660255576426
-536.9198939261869,-5409.51524181487
-535.7786102337082,-5408.5361886183255
-533.1442140316448,-5405.633497027285
-530.0252786043296,-5402.897907624964
-529.0009103887652,-5402.229459402873
-528.7586375960792,-5401.508002509179
-528.8225190648944,-5400.778648795691
-529.0116472068618,-5399.940164967293
-530.035945230584,-5399.33663919546
-530.4588936773509,-5398.981815768283
-530.583030443486,-5398.443374518107
-530.5914229263583,-5397.5929309655985
-531.991470950444,-5393.82481031796
-531.9974499637019,-5393.152315572626
-531.613045409061,-5392.419894418702
-530.7296301966499,-5391.581669156989
-529.1220557464848,-5391.337876113312
-527.8447038683776,-5391.16009724818
-525.3791178159806,-5391.63682328611
-523.6426693395107,-5392.404371399575
-522.2519568621134,-5392.722240898581
-519.4645334004515,-5392.139868993568
-517.5158867217893,-5392.06296916288
-516.1687289055945,-5392.780422013428
-515.4903820894502,-5393.825707364637
-515.2649829668463,-5394.552077220838
-513.5900250610055,-5395.19972431586
-512.9681902385481,-5395.193772620447
-510.4133128487243,-5394.722304407485
-508.41047987791745,-5393.875059369298
-505.6905419050486,-5392.732101663624
-502.85140881960353,-5392.368572628646
-498.33229314605893,-5392.442620235639
-495.1630361466576,-5392.2949585641
-492.2648371644122,-5392.101198877523
-490.4245646907905,-5392.0244875225235
-486.11647959843066,-5393.0509032099435
-483.3219835342178,-5394.6867952034845
-481.2397310385557,-5396.338610344539
-478.66332720774926,-5398.156229153171
-476.0798349192826,-5401.967391547175
-475.3604706127358,-5403.301343957108
-473.22028151634447,-5404.382607256102
-468.8072876228181,-5404.653636165302
-450.42868598959075,-5405.582858455807
-437.32351854794234,-5407.342101940933
-424.4401571174045,-5410.214394797863
-409.03456407874694,-5414.164943340286
-390.62587298288565,-5417.530174219077
-387.9566383598627,-5417.880992586625
-379.4908727579379,-5418.996401677069
-375.3177727031891,-5419.502182776188
-371.9194752881228,-5419.305513702123
-369.91407362241654,-5418.836879673369
-368.6463646499925,-5417.376133207463
-366.60720969838997,-5414.801241765899
-364.6332154481764,-5411.821574014262
-361.71673081207547,-5407.619940562965
-357.695265119217,-5402.905847104006
-344.67149977828547,-5391.494165536822
-337.4275044568078,-5382.362482404038
-334.1048617658973,-5375.553966186554
-332.8044236749161,-5372.08470997781
-331.4931154168203,-5368.3635927048535
-323.5804777384001,-5362.778327583551
-307.9525668474089,-5348.215175511062
-301.0798704552447,-5341.37563931408
-283.4285663783928,-5322.2990566523695
-283.2093064085873,-5322.064258589023
-275.24352723911403,-5314.1896608226425
-244.68816522942564,-5281.342091195653
-228.45673491598305,-5263.565273399204
-227.14795761187682,-5262.083462330597
-225.78863897990522,-5261.020290590393
-224.1159874350983,-5260.078119108925
-222.27588496484378,-5258.9410454801355
-220.36098298060904,-5257.055571172028
-206.0553650562831,-5239.716360790337
-186.94877526157126,-5218.984826075639
-174.2892444536179,-5201.947469802923
-172.1779158499216,-5199.62828914019
-148.68147544849202,-5173.91169636236
-135.10631820388696,-5157.848431302702
-123.80034672763584,-5144.172264416299
-111.64131449623036,-5130.948746065668
-104.20848040414886,-5121.527121099134
-96.38394688289085,-5111.289064500887
-86.9556614539503,-5099.2895826133445
-79.1155436142814,-5089.544162548918
-72.82038318020615,-5081.780299621521
-63.90175564535756,-5069.786675865131
-55.94002423747632,-5059.099126260755
-48.66638803138062,-5049.74847644356
-42.433853895455464,-5040.514620299126
-33.73221468037324,-5030.079814198725
-24.314951127931533,-5019.02248041924
-12.605562025549018,-5001.941813536577
-3.520810764128403,-4989.346558071645
0.7919081960795584,-4983.6989787814455
9.088545726288048,-4971.218719508452
15.047334841235394,-4961.6181550961865
21.914757108983867,-4951.838738315802
27.631472469261617,-4944.170766182297
33.169621472953075,-4935.4853709017725
35.278413280388236,-4931.677418603056
46.712782421435165,-4914.291851341701
57.479591002123286,-4894.660069290157
67.64495780078553,-4877.323559304992
76.48114107122494,-4861.379917274211
79.84910447257771,-4855.269582194302
90.2517460313843,-4836.180389068895
96.15138264182431,-4826.57079591624
105.71539030700025,-4811.520453664302
109.15075275178695,-4806.141552690387
111.8547928548052,-4802.027751516436
119.62091877508392,-4790.421683287519
134.2445032154538,-4768.408600189622
144.41562153009255,-4751.5436102662825
155.958052342455,-4730.364923280511
165.93755159691054,-4711.130818966225
174.65531735213258,-4692.736896740502
178.8436751014646,-4684.37531781099
183.72363629262352,-4674.639806896769
192.3836096922139,-4656.665704407394
197.59126094097454,-4644.3630874032615
198.92274750764764,-4641.229503920934
202.7001260102903,-4631.309174053738
203.84359388731804,-4626.949502041562
207.79933700978637,-4616.776307203046
212.32860731864213,-4604.815529558442
214.73592354896442,-4596.106354271972
218.65777325088965,-4580.869990530204
222.33269107243436,-4568.019881406257
228.42325114059605,-4546.696393352304
235.0778363021595,-4522.2212761830415
236.99227968476993,-4514.676055771346
238.61282074271676,-4508.289006337073
243.64197751747108,-4490.296988166171
248.23714005112467,-4468.298833114417
253.02870039611912,-4449.276626473375
254.6468006410483,-4443.0313145016735
256.0683332237628,-4431.459309596393
256.2443259354193,-4429.75871557534
256.6057271610823,-4428.5545582295945
257.20213845381846,-4426.850960560378
258.23106849857135,-4424.610611791741
260.03483150473164,-4422.367249606069
263.8954834903112,-4420.0229865570955
264.2520620292707,-4419.711266901343
264.85576375450535,-4418.864995395805
265.33782140814964,-4418.140418741651
265.6630579499847,-4417.429013013055
266.269108793171,-4416.945322291945
267.2994343235539,-4416.9353190397915
268.3802320342414,-4417.2341314851765
269.2864227075249,-4417.89951951653
269.83343645918455,-4418.5650172753885
270.4419591239997,-4419.828996247679
271.108393505688,-4421.522584577231
271.8749135946692,-4425.956124808196
272.3654882566692,-4430.972295920602
272.67518480641525,-4433.221485876446
273.5271233481426,-4435.75354337601
275.28400756215524,-4439.139809649829
277.2253415852152,-4441.551939519289
278.3086003532171,-4443.064773441304
278.37369930993407,-4443.554330615026
278.1363482555456,-4443.976966183505
277.4061318958905,-4444.1028681523185
276.8073329211996,-4444.037949982309
275.8445050145642,-4443.795193019529
275.83732693368785,-4444.045059856957
275.957811751588,-4444.284848575145
278.08221747592444,-4447.18752952969
279.04743057983694,-4448.999009759061
279.47531250053584,-4449.904302552882
280.0825747858312,-4450.810687340092
281.0501797400655,-4451.531033127853
282.01536371840393,-4452.313421623245
282.9829728633593,-4453.166730172758
284.92549200269445,-4455.939544129683
285.47251611253523,-4456.845730852739
286.1316652528806,-4457.810066804648
286.85948492067996,-4458.534409010024
287.6511291915608,-4459.018059366047
292.5831227936764,-4461.546900220246
293.9122550742596,-4462.505130680764
303.1604814017281,-4467.20612699405
319.2794763829727,-4474.064320311374
324.9646152264754,-4477.014850501231
339.785961475778,-4486.549967433755
342.6948213979972,-4488.849036243518
345.5326628487583,-4491.073196603069
350.1996887598202,-4496.454785868057
352.19878199075936,-4498.75996938747
352.43375024122184,-4499.486319539541
352.5013682158291,-4500.204795793118
352.32061108936995,-4501.418924721707
351.96152336300804,-4501.66172241196
351.543357241836,-4501.664730094629
350.75414915981725,-4501.729694262882
349.72146829175495,-4501.547892756745
343.5567256679283,-4498.411565450821
340.2334072498547,-4497.086742002989
338.7199783413183,-4496.790945290948
337.45353904782246,-4496.972928541575
336.18602215537976,-4497.401586375145
335.10022115605483,-4497.7003669251235
334.74121915461626,-4498.0141839440075
334.5556700176481,-4498.436819064017
334.67984142160157,-4498.9144041140025
335.22443512767126,-4499.401051519824
336.8186677277103,-4500.0075583304515
337.72000559629726,-4500.1184455996345
338.43936861776007,-4500.125402653519
339.5924078429443,-4499.275017618031
340.310589959341,-4498.96627484141
341.40225863328584,-4499.210018243499
342.4856664272574,-4499.748514650317
342.9737145738171,-4500.716842624241
343.64252417708144,-4502.900982133997
348.90465981371307,-4505.426889542016
350.35185548984816,-4506.274189049632
351.31704832795384,-4506.994527813447
352.34617052402143,-4508.088716454864
361.1958701967927,-4519.934160535879
365.1941089043108,-4525.501696042647
367.1908672883727,-4527.673913498254
368.2729675496476,-4528.856873343026
369.31061714265127,-4529.9779915391855
370.68305874739525,-4531.28392820838
371.8519655240648,-4532.3960638306835
373.0424279955327,-4533.496129068711
373.5449991332821,-4533.961729272903
377.42150250993376,-4536.990300486049
382.6789322642061,-4540.246538094456
400.2116443119581,-4550.027230045035
401.6588282054506,-4550.3229200911055
402.3141008779417,-4546.059201094746
402.92610587153155,-4542.0781672472895
402.7742912283258,-4541.977428981839
401.57657048239395,-4541.237953652928
400.0690343769563,-4540.208925095044
397.8192691491492,-4537.857678827553
379.04623611247024,-4516.264375570517
361.246776567021,-4496.072745309659
361.0045590894302,-4495.884830754855
359.07178521657795,-4495.351355485415
358.1655856585671,-4494.80976219395
353.143235152873,-4489.849920770162
345.6361025767944,-4484.2335306599925
338.73502909162795,-4480.489666677898
332.337779048061,-4477.172398939934
327.4346731347634,-4474.584626940786
315.1173419762045,-4467.896292815469
309.6226185382015,-4464.8827104514085
298.2451210945335,-4456.987284055659
297.21726751908864,-4456.015978010422
297.27629954827546,-4454.806043177784
290.74290861715525,-4451.922452530588
288.3919595366422,-4450.591596878848
285.9060666193893,-4448.841008619578
283.30811574320256,-4446.43189227351
281.33913342006923,-4444.327584179495
279.2147308486381,-4441.545897232277
276.7601013760149,-4437.306215067553
275.85144575881606,-4435.254841046151
275.0006742910058,-4432.650866010714
274.62839079876517,-4430.115902294301
274.2619333866448,-4426.788447199086
274.05824558038455,-4424.018673824569
273.8207893832509,-4420.7311138725345
273.51822078023014,-4419.40318849816
272.49151083915643,-4417.280897224796
271.3384040187142,-4415.592310058518
269.3995078868886,-4413.475929182958
267.77161565826395,-4412.582738727944
265.95934417091314,-4412.157068044677
264.2386555927091,-4412.210180885368
262.88066022056654,-4412.5328003703025
261.6167526846665,-4413.29131220964
259.4743658316134,-4415.459673986963
258.5092182853691,-4415.8294626693905
257.90791309125245,-4415.703597871082
257.36081520555007,-4414.979049115144
256.6896857369048,-4412.564088455676
256.2569101439888,-4409.71721618896
256.13273055263824,-4405.598459600257
256.36163659734336,-4401.787513351344
257.39851371845145,-4381.246352263038
257.6260104926801,-4374.7643762036305
257.97906027666437,-4370.650594016829
258.87773548655474,-4365.431698243034
260.23429846170166,-4355.622225675113
260.9047279163643,-4329.212746936524
260.90889500109995,-4307.232857911327
261.1613544270375,-4284.819260713805
260.6908833823347,-4265.799979316259
259.4214489844599,-4240.552704015108
259.1859174559976,-4218.390979480573
259.104989281026,-4210.152362332007
257.5598009482005,-4195.145039501039
256.6379147070323,-4187.812747523811
254.73617650966156,-4176.746544775028
254.6192751991144,-4176.018991802558
254.43612912883145,-4175.590382934313
253.71076167756684,-4175.076803747269
236.98391246942367,-4174.475654469515
192.93906205371835,-4172.892951173732
191.99673062325718,-4172.5642032345295
191.99913468266732,-4171.620893935764
192.07990235772738,-4170.511703482228
192.8486113459099,-4170.24396664457
236.98383896231996,-4171.48702892489
254.47454889115036,-4171.980231585873
295.79994808347067,-4173.330924911772
308.7854888977204,-4173.98406101259
313.08224730931465,-4174.819205340396
313.73174582874464,-4174.979078962984
317.9254038398384,-4155.424101548263
321.32764804668307,-4139.5573010148155
321.32519097848854,-4138.5312016194985
320.96123205232766,-4137.625908138302
320.2961695336492,-4136.6616740626
319.76713611025724,-4136.156073063372
319.39000565683097,-4136.113094535421
273.19560399947136,-4132.370404502549
260.6981169153209,-4131.72428923894
251.71309390950523,-4131.120957908142
247.59098985233416,-4130.963264669187
244.58714961142044,-4130.569639199182
239.72881041826136,-4129.450597713963
238.98783541553522,-4129.395755167062
238.30944364736894,-4129.6205024275605
237.86248127331567,-4130.0761587051065
237.12744939231877,-4130.48284617768
236.98283151718402,-4130.526838255941
236.21888824678757,-4130.760664463987
235.38033651170124,-4130.936639061809
233.62360885233704,-4131.111438936632
232.32471842494255,-4131.392358476341
231.5378009580848,-4131.679050889196
230.0075649192564,-4131.740132839209
229.61606334730016,-4131.626230877951
228.76656279349345,-4131.632235920371
227.68806658032676,-4131.861081565591
227.0146156647143,-4132.597531068886
226.21935266947867,-4133.284010033512
225.66276970793314,-4133.447807998732
224.81084620232443,-4133.456805169866
224.42042943947772,-4133.287044529408
224.2974397244662,-4132.8892555480525
225.2023783419023,-4131.303553131734
225.43003306902855,-4130.899771123824
225.3168196415433,-4130.56003479391
224.12393398720243,-4130.172444990812
223.28052182330694,-4129.719811767467
223.24910805316478,-4129.706745613862
222.48523241111212,-4129.263087718231
221.5743240695987,-4129.211240171293
221.35501323406197,-4129.152194868563
220.39464795006387,-4129.211267235918
219.71633818482914,-4129.387137055453
219.2596782920916,-4129.611977660832
218.58855073703634,-4129.666953621751
218.47050349435114,-4129.839818207949
218.92953113822293,-4130.866007020187
218.87297651488507,-4131.145699463845
218.58617690130154,-4131.8272786246835
218.762057642067,-4132.50475764291
219.15975823507878,-4133.352001350351
219.2730550078854,-4133.690740273262
219.0512597706783,-4134.603132992859
218.65609755158118,-4135.166713670627
218.0885738452684,-4135.5114528724525
217.75236599562422,-4134.775026874773
217.2982006856535,-4134.48926139306
216.728246436697,-4134.492266654565
216.04993352186224,-4134.54724259943
215.65700675492332,-4134.211502320326
215.54379117404318,-4133.761844456578
215.7064371850873,-4132.911495906423
215.47866909707727,-4132.002205491267
214.51475803872682,-4130.422430790805
212.41809164202567,-4127.359839095361
211.621541229637,-4126.515596289079
210.37693760549394,-4125.955044262484
210.02629110718374,-4125.859095104644
209.306952256452,-4125.674279189539
207.94171135934127,-4125.277614126809
207.094618303489,-4124.544191183606
206.75732185932452,-4123.634902904192
206.92482404841877,-4123.244189502999
207.2031158238793,-4123.182240506758
207.77658087750794,-4123.296139465525
208.05730050131396,-4123.466002894097
208.67671349326355,-4123.459007187388
209.29603821176812,-4123.2341635494295
209.58284690349183,-4122.951373988193
209.63104882251835,-4122.750581816082
209.74792113609786,-4122.33184050397
209.74546736064866,-4120.910941613025
209.56950626072887,-4120.34138890259
208.9453202070169,-4119.835783875128
207.93323323990055,-4119.55601486745
207.41983347770724,-4119.220276842857
207.19575095924222,-4118.7026934123205
207.25238074637826,-4118.021219285149
207.41502982799298,-4117.291864213438
207.35593820020634,-4116.160632420329
206.95832394478282,-4115.362264334791
206.45461094335442,-4114.798803170327
205.20632691841095,-4113.948385165582
204.24118411058924,-4113.215064214359
203.39408882966458,-4112.312768910838
201.5251973323239,-4110.217418617684
200.6660719057161,-4109.3152230639125
198.80571984906965,-4108.021241125387
198.0140272093097,-4107.629450397415
196.9922549525261,-4107.568625556818
196.93201826900912,-4107.577604033273
195.29326128211736,-4107.740424844988
194.22579285535613,-4107.8603425727815
192.98479514911025,-4107.799521719734
191.68096413300947,-4107.410733139963
191.1677326881178,-4107.0750939872505
190.54597782103662,-4106.89925197849
189.7579716838863,-4107.017168734168
188.28797170480362,-4106.850320505083
187.6601104747404,-4106.286761036517
187.14928340059726,-4104.98985778001
186.64439580125844,-4104.083464700159
186.29850009411103,-4103.347137504488
185.96230021087715,-4102.839430715379
185.7322115950967,-4102.721533949214
184.99958919671053,-4102.4388644631845
184.597142792729,-4102.220026813651
184.4344706643909,-4101.822337805738
184.37063485717562,-4101.483597510046
184.08631732375707,-4100.974892185943
182.73426058235802,-4099.487188314635
181.94991717688697,-4098.873558333269
181.28597010557203,-4098.587894850674
179.83644355530484,-4098.5909144384095
178.7183476926524,-4098.7507302766335
170.5767286919776,-4101.129150598992
166.22339791966283,-4101.8446136881375
162.10499093473535,-4102.109512718148
158.78419358852392,-4102.007626390914
155.1610365491909,-4101.535980888866
151.04502104285788,-4099.811417077048
146.759105297082,-4100.13825519212
139.25491528374823,-4101.151598753143
121.19325365818561,-4103.50298439
98.16726850421107,-4106.285096475589
84.72886352505017,-4107.696148311584
78.79348964044839,-4108.256777998308
73.9569159660054,-4108.827370376029
68.04318066190746,-4109.58778693098
61.095641115941284,-4110.136443142956
58.08688778778461,-4110.080403827554
55.35417107077953,-4109.9545389471305
52.82263279597155,-4109.624788894266
47.259444673695754,-4108.152050280435
42.05425213600593,-4106.245506287592
29.172488590068028,-4101.291409336615
12.602506029171604,-4094.4417046914673
11.815667051368742,-4093.4775491621886
11.745737594158983,-4092.387411995238
11.913245810423769,-4090.9265141554406
12.333732268369502,-4089.9532801018668
13.357923094105104,-4089.1249779001505
14.444774082615162,-4088.7952120593327
15.105122681329942,-4088.8501717568233
15.776165377483883,-4089.023032598119
29.07847718289288,-4094.0321070035284
43.23623342632357,-4099.263994461119
51.3358016373532,-4101.885909820233
54.84324384189744,-4102.646263458179
57.026559059655504,-4102.881155454262
59.80756486944132,-4103.225864940225
70.31559004500785,-4102.748104582189
72.00614081047547,-4101.761791696201
71.63733277591805,-4097.057516591533
101.48309145327502,-4094.087474713906
131.26500860792987,-4091.5672011239935
124.25078309087063,-4063.6629119113927
120.96125009067387,-4050.6121279447875
130.97883779509817,-4046.6870437278894
116.42421184613502,-4009.0654722992604
105.53920829819842,-4013.3083457858743
93.74649743858488,-3985.684870786097
55.47986587734018,-3972.0148098815803
39.4317719674992,-3972.4406101172317
10.166004804408919,-3973.2039512521383
-45.93421218238965,-3974.53487407484
-44.65956704662441,-3993.1743448486623
-42.842634550345196,-4014.3099915802586
-42.08123765175738,-4022.6744975973374
-40.35460110579253,-4042.4332319781556
-38.26537999015388,-4065.1275274287664
-38.01962400844788,-4074.274447578344
-37.27628830226158,-4088.8870179372525
-37.581066678066755,-4089.4326339917993
-37.94984045239536,-4089.7343678555376
-40.17768292789971,-4090.0920523133423
-41.387430832809606,-4090.083069948377
-42.11035416165601,-4089.780334028844
-42.64421153436115,-4089.244788906889
-42.754987346945576,-4087.8149121603515
-42.94654793155769,-4085.4276613201105
-43.1911570269834,-4082.337092641126
-44.63574963889697,-4063.799465606994
-45.17550764729155,-4056.9628887743224
-45.83581375793154,-4048.508411421396
-47.379141520887394,-4028.8306718782487
-48.6225536510811,-4012.8711104709514
-49.306913809751435,-4004.225815784511
-50.426180227877765,-3989.9649494429473
-51.21053301121104,-3979.867633435408
-53.014146884105614,-3956.8935429561025
-54.178011542046875,-3941.972148779641
-54.36948273161934,-3939.56305256236
-58.09022620216664,-3938.1061227715736
-66.72212512257285,-3933.12698423971
-79.6240403211644,-3924.6144573169595
-80.9615026429353,-3924.056859127185
-82.52420211649883,-3923.5972106144914
-84.30746050222628,-3923.2644383958072
-85.58226284946171,-3922.593028514914
-86.41845449250906,-3921.8106037443854
-88.71491368646659,-3919.9989735927957
-93.53573760664523,-3916.2099295129533
-96.0383033794969,-3914.8717957185813
-99.21799964188482,-3913.747711892039
-102.3326210509685,-3913.2950263476205
-103.83391367529289,-3912.946293946346
-105.34598607300468,-3912.8383510129865
-111.03070049738756,-3913.377919707244
-112.14042452136016,-3913.47685610576
-118.05530518188132,-3914.0252954698676
-119.89270578626609,-3914.3610219735433
-120.9506366548371,-3914.8016920348955
-122.4651559510536,-3916.5822607898217
-123.80262674727764,-3916.963876615099
-125.81004068069791,-3917.241746397599
-130.3308392061773,-3919.570883970827
-130.88867217456513,-3919.964478994529
-134.4058549607224,-3922.574416695012
-135.24197703893017,-3923.0700489956093
-136.36130866676984,-3923.0700332133397
-136.693896800693,-3922.842205816434
-138.2482374176543,-3922.2756193426158
-141.21224672668026,-3923.051909066465
-142.32197066903902,-3923.04890031717
-142.8822204594331,-3922.9930335682257
-143.60754697021284,-3922.4294509095203
-144.7690283023756,-3919.7484273518367
-145.21004203978046,-3918.522427448048
-145.35223205361308,-3918.3256240055707
-145.48347783938257,-3918.1376982378424
-146.68843132391456,-3917.426282678394
-148.3270608113574,-3916.4580111683335
-149.04996806346065,-3916.1752166001334
-149.48857908818292,-3916.289121141643
-150.047576870524,-3916.335095926227
-150.32720245420427,-3916.4460104964223
-150.55611476011998,-3916.448999336768
-150.9379955437388,-3916.3410668507718
-151.77426565861126,-3915.6076122852337
-152.10793677703901,-3915.2229816819927
-158.29019375047164,-3912.523821612448
-160.3493859125171,-3911.6305510517504
-161.51817356449288,-3911.5685884913423
-162.2387455216484,-3911.5655839663314
-163.74237412823072,-3911.167866286588
-164.57855760683256,-3910.336558572991
-164.91464786390807,-3909.778965772861
-174.79964765180588,-3905.551004826053
-176.99843879091503,-3904.6087522693915
-178.4998111497429,-3904.272975362854
-179.9432065970881,-3904.1029792089475
-182.22899079699158,-3904.43270060105
-188.70045262782247,-3905.446905635448
-192.32721554390233,-3906.0193830389235
-194.491175880817,-3905.516613512393
-196.66958103952354,-3904.6143555177273
-198.16842678707064,-3903.3262887235896
-198.61302087428328,-3901.8813410893317
-199.7659713894248,-3895.5813814462085
-200.71301359244808,-3894.736901636752
-201.1539576403107,-3894.5700153089765
-201.93359655106863,-3894.677925506474
-202.4877550830123,-3895.072613700257
-203.10716043176552,-3895.3993726064964
-204.49875892587798,-3895.3402927963957
-205.89770932997334,-3895.2824095921146
-210.7328044057332,-3893.4827650874886
-212.74622005611144,-3893.257890547428
-213.46553745728417,-3893.254882216813
-218.3742769269001,-3893.405589999732
-219.87556387988386,-3893.1276600337683
-221.49127558310678,-3891.5010447936993
-222.04307752043027,-3891.1162072358266
-223.49615610560238,-3890.7185811350078
-228.9555356515568,-3890.8722631494475
-232.24609609153063,-3890.752288183573
-232.68946072459397,-3890.524454788467
-233.1316557819908,-3890.2996138187996
-239.62828713639925,-3882.313690368763
-239.52342651037048,-3881.8110666287503
-239.29567774388943,-3881.5312812837224
-236.22806218716676,-3880.0954954802182
-235.94851597677294,-3879.8117214331855
-239.97387812351786,-3874.3249252432556
-241.17987920328076,-3872.574231284316
-241.35705378892092,-3871.665928463697
-241.88955275048343,-3867.8608570575884
-242.61117095402395,-3866.4070228528844
-243.45820568701788,-3865.6234868835563
-244.54376332619742,-3865.014003729346
-245.54744870541828,-3864.4504062729666
-250.07660315470287,-3863.4581039165096
-256.3492294066463,-3862.081028060638
-271.16919518663957,-3858.586276784549
-274.753689098821,-3856.8275315383776
-279.3081354367959,-3855.304559363558
-285.75661722870103,-3854.087354074133
-295.7535624904897,-3853.332663876979
-303.5455448335799,-3853.125545675676
-312.4509443778483,-3853.7107772192358
-323.17078415290183,-3855.1523696587115
-332.8605611231035,-3857.543180593575
-347.2206303048104,-3862.3429099585264
-349.1146937481633,-3863.2790691113287
-350.14733082601066,-3864.138453871242
-350.74613607858424,-3865.352455776997
-356.0288578926824,-3875.916991089295
-356.43132266763774,-3876.78238326476
-358.4158227088583,-3878.7388517555646
-368.67084016082123,-3884.1151401783777
-370.8023457376467,-3885.122305986281
-372.5385824507949,-3885.5879588480243
-375.0652720821055,-3887.069705777695
-375.30750691014475,-3888.088813894199
-375.7512331819964,-3897.2237484660973
-376.8609937489539,-3898.2349426135415
-377.96352374786994,-3898.0740071140785
-382.378204404269,-3898.6813932868727
-383.7976341351391,-3898.9121519364817
-384.9771949636008,-3898.8231303265493
-386.2315123735672,-3898.342497918012
-391.64487200282997,-3894.537221415202
-398.4679866993472,-3889.4647944514036
-399.95595271923264,-3888.426563510052
-401.77051352603553,-3887.8719930802226
-404.1261038661148,-3887.2313177631136
-405.93817097161946,-3886.987459303778
-415.37481212214976,-3886.3065812870154
-418.1328713680176,-3886.5193225565235
-419.4799507393426,-3886.7500790916997
-421.3607884066045,-3886.827001865975
-422.55129509465957,-3886.814980039606
-424.35732216884156,-3886.019416400632
-426.395925937964,-3884.9871419246183
-427.8176798728907,-3884.901096757288
-429.22615366031476,-3884.892056843499
-430.40821189558756,-3884.6512142523575
-431.89975896552016,-3883.453083384619
-433.228735996805,-3882.423831669917
-435.66742831953525,-3881.314632100855
-438.2627793888941,-3880.5071601889863
-444.2316706546267,-3878.356435974857
-446.8220729787364,-3877.1583517874
-448.70401614680685,-3875.8941675046117
-450.19809211462257,-3875.256613167323
-461.44805832483894,-3873.0718156477196
-463.9613798697893,-3872.5820356954914
-465.93626656006296,-3872.2581608150417
-468.759232327836,-3870.662267459313
-471.8916965635017,-3866.7092310243806
-473.21695278534037,-3864.9005490005093
-474.3061391341437,-3863.628518579423
-478.61833677805964,-3859.903144704831
-482.114673667022,-3856.86237509201
-483.24238593693156,-3855.8731251552676
-488.2966786530929,-3851.754107014297
-489.6774380132843,-3850.634773078171
-490.8546170928527,-3849.846310932536
-491.7991413826164,-3849.3626881077826
-492.9004943008642,-3849.202836717089
-494.31137339024804,-3848.9558899776503
-496.1981827988301,-3848.3213007300355
-497.68488031851035,-3847.3129788650735
-497.8475350103546,-3847.206141162693
-503.0235897040044,-3844.0293214317876
-504.8838857016483,-3842.852106842135
-506.7935544127512,-3841.6498527359063
-509.06952180934076,-3839.6693508763856
-511.3393687669806,-3837.2970416126914
-513.2152756164654,-3834.3722528003973
-515.2441154962746,-3830.798998569817
-516.7173710292761,-3826.9228413279043
-517.127012663745,-3825.8536285835517
-518.1896840206118,-3824.1839022715126
-518.4740431520986,-3823.7372187900314
-520.2619203459944,-3822.9207908902877
-522.8019023043092,-3822.910578880883
-524.861036685129,-3821.9283554762897
-525.2729592514747,-3821.3427169197575
-525.6188028252391,-3820.834086827004
-526.4163450818597,-3819.9126779209146
-527.3970865566507,-3818.7696205332277
-527.882610415584,-3818.1751003328723
-528.9657344341141,-3817.7932084342383
-529.9176177215503,-3817.5314193254394
-530.3875444697552,-3817.4055124250262
-531.3706724995895,-3817.1336469795747
-532.6045120937381,-3816.803814425843
-533.2984739758949,-3816.1513292597438
-533.3441506921754,-3814.2497451514023
-533.450059196362,-3812.290304298413
-533.8246660793963,-3810.725548422358
-533.9583812800245,-3810.034990787021
-534.4076382464528,-3807.788757524207
-534.407578269575,-3806.707497321087
-535.5083718107419,-3798.0872786557034
-536.9095874073665,-3796.9899808607697
-537.1602137121085,-3796.9100693402006
-538.4843568223326,-3796.503226102696
-541.1362750330661,-3794.9134054940378
-541.5083917055714,-3793.6693368368083
-541.4047519914577,-3792.8560035611595
-540.3131142168254,-3791.826772950302
-538.2491321020066,-3791.130453194796
-537.1622814217665,-3790.542005071666
-537.1598557614376,-3790.490036889815
-537.0380330233129,-3788.6993809835158
-537.1488227817213,-3787.399368835827
-537.15968260606,-3787.3844061432915
-538.3367794450411,-3785.3320406646526
-539.8969676406418,-3784.083815933898
-544.1729516223263,-3782.2200970757503
-545.7392834233883,-3780.3124419430574
-546.435507216624,-3778.3589522159227
-546.6522816259205,-3776.520298743757
-546.7353829960715,-3776.0916800705572
-547.1292654240561,-3774.185088648564
-547.8834146797992,-3772.7701309479335
-549.4701276006363,-3770.841626850166
-551.5002568899686,-3768.3704720179444
-552.3604553439787,-3766.0881057336446
-552.839847780674,-3763.54003453265
-552.8312547558668,-3762.2920970807513
-552.7541307822728,-3760.6003880134244
-552.7335492701908,-3760.079808249613
-552.6901259974683,-3758.9586515579226
-552.5368803539619,-3755.5692485050677
-552.5248154553133,-3753.5078723418583
-552.4644255156775,-3752.256845680133
-553.2776345489168,-3750.793905688621
-554.4053310130525,-3749.872575152964
-555.1040974553201,-3748.618612095841
-554.8846623152523,-3746.286434057155
-554.988258246836,-3744.878495502044
-555.4652538921689,-3742.811006536825
-555.4603023332631,-3740.9714678351975
-555.9421779008851,-3739.5056540330215
-557.1373105363544,-3738.903909490131
-559.5759657277177,-3738.0264909452026
-561.9542834332844,-3736.8242982230267
-563.464003830618,-3735.6292378219696
-564.0579061923481,-3734.113343921163
-564.6481512200766,-3732.9171401640433
-566.112040128643,-3732.3105908748435
-567.0819167942618,-3731.3273250563907
-567.181915553026,-3729.870410650788
-567.1610253229609,-3724.1178874716334
-566.5115021070806,-3723.0927233228485
-566.1837348728864,-3722.6120605289266
-566.4488584643201,-3721.9026424046424
-567.3138424303183,-3721.569834619933
-567.9150911413263,-3721.4039194844563
-568.3994314389496,-3720.6984782634827
-568.3897538453693,-3719.5093916966816
-567.7860574614964,-3717.8326757932427
-566.2653366516347,-3716.591809604612
-565.777334225795,-3716.108263549542
-565.7182823622626,-3714.9061129767992
-565.9820157155623,-3713.288296598217
-567.0516771252555,-3708.666843123636
-566.556327520586,-3706.83431550383
-566.329900955077,-3706.399630232512
-566.4406118586002,-3705.262604637569
-567.1418474083058,-3704.8777384193327
-568.115268357391,-3704.545023915553
-569.684124522838,-3704.6497656238575
-571.2684715834206,-3705.3522915226804
-572.6252351004164,-3705.8327932788366
-575.4482676416737,-3706.467117378558
-578.2145907003978,-3705.9713075366317
-579.7760908967612,-3704.612256908832
-580.5917597894345,-3703.9008102672183
-581.5688057464988,-3704.1184996022507
-581.8351729058298,-3704.6611086449875
-582.2195151365556,-3705.412481576338
-582.9858729468192,-3705.73920725902
-584.44860338925,-3705.403369310222
-585.1400883361176,-3704.048360455372
-585.4038145543979,-3702.3716926250195
-585.7772383991575,-3700.794964874584
-585.8832258214006,-3698.9553195847384
-585.7746245800786,-3697.652327632435
-584.8998796324516,-3696.785976037634
-583.1166968484699,-3697.3896548769626
-581.8660622804654,-3697.389730514627
-580.8828058577334,-3696.6913595019355
-581.2623488413186,-3695.4462912070035
-581.9587176914434,-3694.7318592216775
-583.0418256369201,-3694.348963703247
-583.7442295070149,-3693.96728810863
-584.1201256493835,-3693.208886838346
-584.8693233931679,-3688.865147080314
-584.1558213584291,-3686.6988791979197
-582.7991500286033,-3686.3263055929974
-582.1955024359555,-3685.4639272093486
-582.0869018510078,-3684.1610349440252
-582.0784593222143,-3682.700136943916
-581.0805061498422,-3677.93387366244
-578.9092405811202,-3676.63409799052
-576.0838033767976,-3676.1595701464717
-573.4296096989061,-3676.77028158037
-572.6681158968553,-3676.7112765066913
-572.5619978050486,-3676.3905953403364
-572.668048724532,-3675.5812396852375
-573.2534945309419,-3673.8365253439683
-573.8497695011671,-3672.9712820098953
-574.8221075636284,-3672.749386093805
-575.0908121554746,-3671.883962725354
-574.9797898880989,-3670.5799732820105
-573.9990269532735,-3669.6127824944742
-572.0507233960335,-3669.455995947944
-566.7350251267594,-3671.322880904672
-564.8952323427134,-3672.4082392970404
-564.1965201636812,-3674.4725500291293
-564.5883041890942,-3676.804717997088
-566.6041102248239,-3678.3604575430986
-567.4788490751965,-3679.179829867344
-567.8561329295509,-3680.692574725427
-567.9693809022646,-3681.503014614074
-567.4887472465329,-3682.698015235975
-566.6200456221574,-3683.6812752196033
-565.813977953531,-3684.275916074762
-564.8345308981338,-3684.386892533701
-563.4790145204097,-3683.745497245784
-560.1016542416851,-3681.1575518424766
-557.6677675270738,-3680.4553725558094
-556.2749595893639,-3680.6962430103413
-555.714644986951,-3680.791135010389
-553.5471110065776,-3680.4126191953546
-553.2687446723918,-3680.3696441132524
-551.8517697447257,-3678.7490317662055
-550.3805948502105,-3677.4550946171657
-548.0478771736352,-3676.7067241227005
-547.0671712539815,-3676.706779878575
-543.6585463346165,-3676.608123349238
-541.1584589777076,-3676.7292575848137
-539.806574025564,-3676.7383107075034
-538.2245669711768,-3675.9249602512655
-537.3545632287356,-3674.57502927362
-537.2461422599398,-3673.3859481057953
-537.3496468108301,-3671.805247327426
-537.1783895506782,-3670.3942319846324
-537.1531579955988,-3670.3633117355457
-536.466311963929,-3669.5870170064245
-535.2699630702875,-3669.21732043571
-534.6734484222287,-3668.8326283433466
-534.2396480720648,-3667.9704370031923
-535.0468648257533,-3666.996060843334
-537.1528979265275,-3665.6989298367507
-538.2335658622061,-3665.033455451205
-539.0467691331122,-3663.5605417493834
-539.2070322534006,-3662.581313805273
-538.925009891677,-3661.389150188423
-538.1104447026684,-3660.9116057938545
-538.0068035740217,-3660.04231410328
-537.3465073491432,-3658.955205439558
-537.1525179668339,-3658.884295948335
-536.1307734693712,-3658.505612483302
-535.771700898009,-3658.372769098376
-534.3113709747056,-3658.2099629253053
-533.2222295828391,-3658.221992960312
-532.2474956871018,-3658.921474757053
-532.6392504241854,-3660.87500343595
-532.2596937811123,-3661.9620701966355
-531.4501472888217,-3663.1053183915014
-530.6910809705465,-3663.108352663915
-530.0921771651057,-3661.805387027945
-529.3824157655599,-3660.557388190793
-528.4053611599815,-3660.079752157217
-527.1606897381128,-3660.5694797264305
-526.3510679998819,-3661.873619850397
-525.9715881004706,-3662.849767393287
-524.6197257607765,-3663.238556240229
-523.3136808888524,-3662.7580449375037
-520.9809509920643,-3661.6790056626687
-516.7807323827067,-3659.371977790041
-515.4878759309569,-3658.66364193845
-514.7854052480368,-3657.7973744437563
-514.7745440961739,-3657.7854053578585
-512.5972058149052,-3655.1485028185766
-511.1705552563823,-3653.6167597627564
-509.0595720515899,-3651.368667769224
-507.6917786303786,-3647.467723813825
-505.77604636807956,-3645.419414578704
-505.2892343719681,-3645.2065794477
-504.9168977878657,-3645.422452076345
-504.15673401240025,-3646.777359129304
-503.5676447463282,-3647.751721325016
-502.9748487171693,-3648.1364775473176
-498.6312737912762,-3647.289350303262
-495.5914208287788,-3647.295492044983
-491.90210510859913,-3647.2037141910805
-489.9924034629453,-3647.0370340976415
-488.8646616117801,-3646.9481168383427
-486.3668981510988,-3646.627456063825
-483.4355181284434,-3645.6633467458237
-482.9451132608943,-3645.429563733463
-480.61489684398174,-3644.3204906033316
-474.6819897126957,-3641.2092683382507
-473.43617547262625,-3640.549800677291
-473.0469520778282,-3640.5468273777756
-470.7263975849175,-3640.507042167903
-469.64088691193626,-3641.267468644797
-466.82986388174675,-3641.394483844377
-464.7069305800184,-3640.5342662571006
-460.900606822353,-3637.613749181981
-458.88728243851307,-3636.7575149532177
-457.1400902015784,-3635.192762775299
-456.0544636043536,-3633.5141673273424
-454.77371383627934,-3632.49102032242
-454.09766495720885,-3631.9455343649943
-452.524166708075,-3632.334223818404
-451.0614701532086,-3631.4708800040075
-450.56257197367233,-3630.0170867939833
-449.3625172337208,-3628.828155319314
-446.8707519622396,-3628.0148322072046
-445.70082536543407,-3627.9559357783723
-443.3430095362394,-3627.8141042268985
-440.46325126136435,-3626.471338767267
-435.34616553914526,-3623.559848640542
-434.8894358270776,-3623.445957887642
-431.64596051223924,-3622.608825147105
-428.29154086845625,-3621.7485548777454
-427.43374543083,-3620.192834687508
-427.0914464795087,-3619.5803018301476
-427.52145132864956,-3618.011457552511
-429.1371671559314,-3616.424705730176
-429.9467174962761,-3615.1836139790503
-430.0551948131977,-3614.2033926236054
-429.7767675969753,-3612.740511448555
-429.3309766712117,-3612.496649237145
-428.2550146299169,-3611.939109845525
-426.6284209883465,-3611.233769275382
-423.64641194893363,-3611.729545139456
-420.8899033269739,-3614.6163522652378
-418.8151816174336,-3617.550209685921
-416.4670422546919,-3620.871796142203
-415.21888770744226,-3621.970965292973
-414.68515785103386,-3622.4455858390343
-413.4900353578318,-3623.1540423903225
-411.1572972432413,-3623.3271040421246
-410.35016025611645,-3624.4212663569933
-410.46592616939284,-3625.832186665767
-412.0456489272905,-3628.373081356959
-412.5456183258875,-3629.6182052170084
-412.16621594543403,-3630.6932976113612
-410.59496026526796,-3630.8102685362305
-409.36730558483106,-3630.7433903684837
-404.2466614079344,-3630.4598256564886
-401.857435408489,-3630.357983931028
-400.06691557020014,-3629.282982322778
-398.807706311882,-3625.761756157053
-398.0931738999843,-3623.817212538963
-396.84613004712173,-3623.5465498889766
-394.51115140318217,-3624.098148516766
-389.0459847175451,-3625.9099808895153
-386.81690599937406,-3625.7031948252666
-384.9168625436845,-3624.566151981887
-382.1925933424686,-3621.322877981096
-379.8983252986258,-3618.2943421364444
-376.86092427341435,-3616.679652775332
-374.7933345638637,-3616.4698651803064
-373.11371865682855,-3616.377963403029
-371.76439610024164,-3617.626153283636
-370.07753463926014,-3615.952458908671
-368.1134296645031,-3612.924905016507
-365.8784464332359,-3611.1374191787368
-364.35539709885694,-3611.2543807310776
-362.9059888678337,-3612.4505050874736
-362.41806101358054,-3613.5376690599296
-362.0470165490053,-3614.843574392597
-360.691645230772,-3615.223363139358
-359.63616394359815,-3614.9146847826996
-358.89630742444876,-3614.686889595377
-357.10716430287226,-3614.484070134695
-352.44798926724445,-3615.744349142783
-351.4804829907416,-3615.5744151398053
-350.38047813168305,-3615.3776538354314
-347.9911277075571,-3614.024768373491
-345.3741573537615,-3611.2150814555293
-343.8005359771818,-3610.5226921409967
-343.01380882801203,-3610.1739039527138
-340.182409284998,-3610.3099599234115
-338.47147278144564,-3610.3959026122016
-335.2461462027576,-3612.1706192765496
-334.70513848554776,-3612.4634961077863
-332.8678242454069,-3613.177949794733
-331.0375865045407,-3613.1850949349114
-328.2773190409422,-3612.011064192382
-326.4397695760656,-3610.7260824454206
-324.148169849223,-3609.435230544886
-322.816736445431,-3608.683879004547
-316.82973190879716,-3607.0442325296044
-307.10655047238737,-3604.8733484293807
-296.7385838590715,-3602.275655780228
-284.60090383083536,-3600.764252313701
-281.6875229669001,-3599.919977229161
-278.01511041516204,-3600.088856339244
-276.0753550582346,-3600.2128980047714
-273.15959039039376,-3600.7085256417154
-267.8208408431416,-3600.514866609081
-261.77973018763805,-3599.411827779508
-256.9795505579566,-3598.262868369452
-252.48781044359578,-3597.1848188080407
-251.4396087931458,-3597.1080408263133
-245.2031970899586,-3596.624427303937
-242.7778252548353,-3597.2251668783406
-240.39832828217735,-3598.2543192728062
-239.60677761782398,-3598.596073181417
-237.28618100537005,-3599.7882103961892
-234.26446900391184,-3599.6934247102013
-230.9776750513208,-3599.446729322973
-228.66307691058157,-3599.9952948526557
-224.28586144925848,-3601.920919296442
-223.70642073594425,-3602.173692387607
-222.5219740929961,-3602.623380565413
-220.52433741097192,-3603.377815203595
-218.5869145699617,-3603.2699328070767
-216.1580115795534,-3603.0212179124405
-214.37720590674354,-3601.83416532432
-209.23235568741467,-3597.7035440522145
-199.54274329562156,-3589.160394957929
-191.8423372525474,-3579.4860623915824
-185.1623636459218,-3567.5293863205416
-179.51268652440913,-3558.0518053399787
-173.6351496224101,-3545.611630797426
-163.47806281430098,-3528.5460446404663
-154.5245353904807,-3513.3599663749087
-151.19303733140998,-3505.1714646057626
-150.95803943596243,-3500.038372721305
-151.27485713262595,-3496.640077121098
-151.63873702525592,-3495.0753355604356
-153.09659318060164,-3493.9870694876668
-154.82304104710613,-3493.3894558344587
-157.45205696720657,-3492.2933899122563
-160.73758717201105,-3489.1997729623818
-164.38576092192926,-3485.7922439472554
-166.04717819358703,-3483.2442704694204
-167.00491803017823,-3480.0027659452903
-167.84831881307488,-3473.6285996214356
-169.6541843155327,-3466.8628083543035
-173.8915032384661,-3460.367886762484
-174.51560325077418,-3458.5842939760996
-174.8841654186733,-3457.527065635984
-174.94690137800845,-3457.3581923142756
-175.32632301071942,-3456.2610648403916
-176.87208053259795,-3451.9942459570734
-177.39009184754784,-3446.1588197022406
-178.1924467476217,-3443.3459309206496
-179.63707957974228,-3441.555340221471
-182.418886275967,-3436.691010873137
-183.59597448077798,-3432.469283550488
-184.6898117427712,-3425.969428928585
-184.91141885682,-3424.6413890329363
-184.81867155032802,-3423.7290022009383
-184.07033978098983,-3416.1719610249233
-183.77014970187545,-3410.2286231308594
-184.24485097475025,-3407.2028791857406
-185.10502293525496,-3405.0406402606054
-185.68816502764608,-3402.344758491665
-184.30971505651084,-3396.031677942747
-182.07702117009686,-3391.564038340835
-180.51080285110777,-3391.0804928554744
-177.66016542292334,-3391.0955079593687
-172.16132733768836,-3392.2018055156873
-170.53360674294228,-3390.7479176597376
-169.82030277764844,-3388.5416194755653
-169.92870337576525,-3386.592255844025
-171.051536979917,-3385.020318064929
-171.21176410082802,-3384.872489702529
-173.08770643595003,-3383.0798972155512
-172.81893684970012,-3381.8868244269165
-171.51895098901142,-3380.756710615199
-168.9020276365747,-3378.8433041511007
-168.4345321982226,-3378.5105553018516
-165.8959636399787,-3376.1963619434555
-162.91523880858233,-3375.023284664263
-161.3621553179205,-3375.4600045538928
-160.49837681899717,-3376.923810820368
-159.91162548989138,-3378.9262479010604
-159.81641762528395,-3380.5959197583243
-158.25264446790717,-3381.305547967907
-156.54174567882728,-3381.3085683470745
-155.60325725548807,-3381.292524242408
-149.08018894153807,-3380.2664270660734
-146.4356403892949,-3379.795859816601
-144.37543950662084,-3378.347958923424
-140.49223780442657,-3377.395828499287
-138.66329833615828,-3377.4387463473786
-136.68373648570258,-3377.4937354196663
-130.5113894650591,-3377.6517210379016
-129.81257702299985,-3377.5957722390826
-126.24391347817543,-3377.2940840586393
-122.36321878731016,-3376.230927531926
-118.79689304874682,-3375.7633567765056
-115.4040890466772,-3376.043189243465
-111.24379739803227,-3375.800353490266
-107.63177297533151,-3375.0610674443406
-104.11957692808498,-3374.099841190571
-97.15331994468868,-3371.1111852047334
-93.47621233097595,-3369.4995044893644
-88.5013964040425,-3367.7499835850012
-80.73753035170554,-3367.133413899541
-78.32907407768322,-3366.871696834168
-76.46880692392806,-3366.6688257446776
-75.07001430770926,-3366.50495191146
-73.29295299391268,-3366.3021793066155
-72.25555270475793,-3365.981499526983
-71.24948001741143,-3365.6736868125963
-67.85549934074497,-3364.6355412594844
-67.23989292183504,-3364.4406393268846
-62.702491791423505,-3361.603856275796
-62.22539381542104,-3361.277087161383
-58.654219586338876,-3358.8980363402916
-58.2084494429285,-3358.593211242953
-56.09278650327537,-3355.5245973475244
-55.854278577254135,-3355.1948341096663
-54.89757372676699,-3353.86690357678
-53.54823259882689,-3352.5759813978502
-52.21084267317261,-3352.1452798247346
-49.76738498803382,-3351.3439228158472
-46.61674970445593,-3347.5848611649103
-42.33113520015581,-3341.1219529527084
-39.73003140933577,-3337.7874111504934
-33.02153303904583,-3332.692542893577
-23.994903470561834,-3327.494537249292
-22.044420027944433,-3326.2595703263974
-21.121388035898576,-3324.4319022328314
-21.60817080705336,-3323.61556907117
-23.16484083784302,-3321.6679989961385
-22.666023521529848,-3320.325101993075
-21.8022237510256,-3319.5177491616882
-20.134692063983607,-3319.1420046339877
-18.731146951519204,-3319.6905179901837
-17.06487247757048,-3321.5881141363984
-15.60702477434918,-3321.274411284419
-13.661221429158994,-3319.7186552581925
-10.085312302950348,-3316.8188055123724
-3.169667623578265,-3314.9523383740525
6.347140568380967,-3313.359471802914
17.33148123750092,-3311.4001216346633
29.794216324442022,-3310.3648136741194
38.52549595277245,-3309.2615773035777
40.58457395887312,-3309.2426168536144
44.10141195619933,-3308.8329391342745
47.15920221499134,-3308.687991786947
49.95200729095326,-3308.875901664972
55.765268790583654,-3310.336769052639
74.66282695694312,-3314.7791873613637
89.38090102196223,-3316.7265287397554
94.86409861855599,-3317.139130957967
100.66525598653801,-3318.340129578944
111.82800582731737,-3322.068162331853
122.36778081395907,-3323.478860294677
130.70025956120153,-3323.500794978739
133.37861548104573,-3323.2568760537456
135.47135371045772,-3322.5984147735594
137.62557673137022,-3321.9419471065435
142.06169575545005,-3322.363414870091
151.43039689127926,-3322.366264531167
156.5605518737068,-3322.123397518085
158.68938652977766,-3322.024413335067
158.9496956676329,-3322.0334860441235
161.26900306381341,-3322.1013754124533
164.06899491512235,-3322.0704064470665
169.2135957553487,-3321.485798126502
180.05683013059044,-3320.366336797155
187.04965129171745,-3319.546879018
189.3532365880291,-3318.7864601623946
191.13637077708373,-3318.021961461885
194.90863187023635,-3315.7696910613918
201.6748697506855,-3314.0039243805377
204.36283271910435,-3313.9699536304843
206.78807702757445,-3314.530382063735
214.51102232452925,-3317.2971041222318
222.40274222342248,-3320.95106851062
226.1051575314687,-3322.229942455218
228.42689714325368,-3322.679548592594
232.06304668979473,-3323.1111680644917
236.96304358046623,-3326.052796750187
238.6353621617354,-3327.054019064149
250.1667518821895,-3330.7786903729175
252.7523193695041,-3331.487128076377
254.39337150941634,-3331.533068382878
255.3354478411716,-3331.563965116869
257.59343358338066,-3331.3851577874525
260.1656803932966,-3330.6645140029063
263.59941829672204,-3331.105104290712
265.81867620125144,-3332.1862044988875
267.21266073042807,-3333.7539942975604
271.0212030538757,-3335.7752673101522
274.0887251899253,-3336.900430012463
277.25262993517885,-3337.2330965054457
279.1332729494683,-3337.2168831107265
279.5718554074244,-3337.2019082918787
279.7814556296217,-3337.179957794169
281.5694477569055,-3336.977019635854
283.31653093697236,-3337.6424825155955
283.99721904874303,-3337.8942247018153
284.0983876057587,-3337.965241808248
286.440631830434,-3339.4541006616914
294.53123643959344,-3346.3274443602104
300.20962677510954,-3350.01143621355
305.1072511650592,-3350.8096598269403
308.4253604813072,-3350.6617286105907
315.5037494878735,-3350.2118384102278
319.544738903962,-3350.405414465888
327.7785101231749,-3350.799937636037
330.791711590149,-3351.0146903270283
339.1158813658299,-3351.624854397779
350.99073693598916,-3354.406182115915
354.5075851368276,-3354.1843150184027
362.643752242319,-3353.666423252529
366.14854252690253,-3352.716995421193
368.6460790400859,-3351.3859716898587
371.191805297376,-3349.7441328016826
371.54116323193483,-3349.6112559050002
372.1881688793349,-3349.3683461983014
375.7073953507996,-3348.068202755739
376.2676044658243,-3347.8614046974794
376.35799405852663,-3347.8523241561775
382.6820870639333,-3347.127709913287
389.1339004739594,-3346.135264809389
398.251847089966,-3342.299807164111
403.16497494063344,-3340.167304299208
410.9514907773431,-3335.181803649285
413.2768214312615,-3333.3831602124715
415.4935797299042,-3330.341370039766
415.5911483444919,-3330.212492296004
417.31271234076655,-3327.849204320532
419.1619605982888,-3324.4108338514816
421.28110224094564,-3320.4857840142577
425.6772181346809,-3315.247659306997
428.5590427436105,-3314.4740907547625
431.37240927213304,-3314.6987956154394
436.6543295295176,-3315.9746250833364
440.66649241322506,-3316.310191820041
450.07967078699437,-3315.3825053843643
459.7652024078149,-3314.8024161682724
462.87234986608655,-3314.4445734306464
465.9048738005451,-3313.619117850081
470.5203444317171,-3311.961192693159
473.1782911969476,-3311.437389018129
474.654083546144,-3311.147550416484
476.1408098766062,-3310.6638022585685
476.2612716709434,-3310.6238973748787
487.031075156849,-3307.150954908935
498.24287019656504,-3303.539328748199
510.3595383271029,-3299.6267039222985
520.337648095237,-3296.7513523016037
540.5879629153876,-3291.984010403167
553.3757414854325,-3289.324319615214
556.8695489847614,-3288.427788746154
562.847778863101,-3286.9855935948954
569.7454271159999,-3286.7573651003518
572.7201180134485,-3287.234778856929
574.7381570793683,-3286.956862324735
579.611474696635,-3285.1848582351363
583.16550551529,-3282.834496896055
597.8516453264872,-3272.7835543060164
607.1268542014004,-3262.7536792588644
618.4537747238655,-3251.6775135667663
628.9939871830983,-3241.9193473087803
635.9141064048275,-3235.861735980699
639.8716660041098,-3233.2894888108235
648.990582729767,-3229.5607222024205
656.1965907193618,-3229.0116235481337
663.5459670481288,-3229.9194192074083
670.9124765486536,-3233.317300536113
673.0076544791042,-3233.708762383377
674.9641811678816,-3233.2340276343866
677.8687957659433,-3231.678064436388
681.4916337087959,-3229.5395251161217
687.1297992893053,-3225.660050340751
694.9811599352386,-3219.624174591308
699.8241588245982,-3215.25518973944
704.7128107134438,-3209.2226129739797
707.365392089745,-3204.4501068224145
710.958731374896,-3196.7497465674746
712.9331795819567,-3193.614042948716
716.3413334977457,-3189.6538205937604
720.7759093062143,-3185.5566668948945
727.2645432271712,-3180.6630731874916
728.3077887964109,-3179.8226229846287
734.9640416446432,-3174.476258176318
736.3759176347412,-3173.34501544438
750.7697243283596,-3158.48444234293
757.1892470249587,-3147.3185209795993
762.5884855573562,-3140.10277076254
767.3660014493244,-3130.4629071651834
767.8200360848939,-3128.450368431769
767.9549037056432,-3126.8266703083996
768.5831733453849,-3119.272553787047
769.4371972404334,-3117.404915919731
770.1961963637809,-3117.1000273420314
772.1852026615121,-3115.7319328726708
773.1116085484406,-3114.354846342041
774.9913091649455,-3102.1382379058205
775.6489698238078,-3100.7212737879554
780.9025083688631,-3092.8369180189816
783.1826825244639,-3087.9285644541387
783.5536896568299,-3087.115194331118
786.0207111772771,-3081.924041087498
787.3674350413456,-3079.0741490740984
792.6426927671004,-3072.45887051788
793.3882947321048,-3070.8130774438523
793.6953154170516,-3068.028205632547
793.7061686635958,-3067.9482073551503
794.6686038690032,-3065.9516845886774
796.1130843683874,-3065.400062127896
799.2298244003579,-3064.9840569669395
800.463606564845,-3065.232724410022
802.4453941688439,-3065.63633678912
803.3538352943069,-3065.3194634370866
803.2911581973773,-3065.02980232904
803.1983984492092,-3064.629025179618
802.264573426009,-3063.0763358653076
802.1019041618475,-3062.8086275033916
801.8644869056329,-3061.751325257597
802.7775864436791,-3061.2027384515864
804.054548698023,-3059.3510216622003
804.5604120102884,-3057.8970618842463
804.5518854657198,-3056.827970387892
803.091549120869,-3055.5490318701063
802.6939270095255,-3054.7237553557325
802.8360304469412,-3053.8023771367248
803.751635295959,-3053.2537900221164
805.1888590845165,-3052.862959542271
808.630950833489,-3053.1924359056097
810.456177921183,-3052.4868691239376
810.6030877839007,-3052.1071185544088
810.664487599597,-3051.1148266349414
811.7306129924689,-3050.416405550993
812.4114721452246,-3050.7919966969275
813.0258290608084,-3051.0876957781084
813.792094965419,-3050.849833344951
814.0859967183626,-3050.076467207777
813.7678817086014,-3049.0202692747307
811.7690977442763,-3048.1271005966933
811.3809905994124,-3047.208859088626
812.7770411313471,-3042.9970087275715
812.2190014259123,-3040.870741271083
813.0296180963516,-3038.575386292169
814.6272420475996,-3038.3224914551433
816.09219085913,-3038.839856745399
817.3716355364418,-3037.758686305483
818.2726450460905,-3036.532614938334
821.4349882818395,-3033.204873396634
825.7126330630598,-3026.9783767983226
828.5050721311886,-3024.654921071293
831.3917412779241,-3023.3207507668553
834.7658401441939,-3019.012769130191
834.9680442774797,-3016.640559727981
835.8267129327659,-3011.7542607071273
835.9420829445392,-3008.9324974134715
835.9310971688839,-3007.4805756797755
835.6190676740864,-3007.252779771006
834.3263246099197,-3007.1139437754
833.0985863104613,-3007.127116969146
832.3347843720857,-3006.831432069218
832.0792416599209,-3004.852965103065
832.9766341669676,-3003.39597745582
835.8643621855338,-3001.8299927900734
839.6052354932287,-3002.0215813030322
842.6557407912686,-3001.9742340938474
844.4773436330158,-3001.040838141673
844.8506926657752,-3000.3573364226213
844.6807485079032,-2999.05634639105
844.5180756383362,-2998.7486400284643
845.1240168509348,-2998.363861267304
850.0840841932871,-2998.3014815730653
851.675445516543,-2997.2201792298392
852.8619227369969,-2994.459166775203
854.3039327653099,-2993.52580255879
855.8966428294167,-2992.595417158032
858.620444761217,-2990.801517474016
858.9143419687151,-2990.0381246370976
857.6914034047152,-2989.5166546348296
855.0216607021915,-2989.5508061522987
854.2469795118735,-2989.0272012062005
854.0721485951883,-2987.268670559625
855.2864512328958,-2986.4982138457676
859.2270794452337,-2984.1555952760577
865.9844506852127,-2981.5580671568146
870.9456860614156,-2981.576571734475
872.3781767656442,-2980.7261954689
873.0405101738312,-2978.5786742701775
873.4765016009255,-2976.8959963106226
874.7691502332294,-2976.0334631853693
877.5245697927272,-2976.611747258332
878.4353744243787,-2976.6826843483177
880.4943789664865,-2976.655564515628
883.3049459668536,-2975.5521011819937
883.298847961755,-2974.6428046940473
882.6820429996702,-2974.0392898928303
880.2155970503504,-2971.858339842632
880.1901320042344,-2970.1784966550936
881.4044358020777,-2969.4669873184657
883.9260778170434,-2969.5966272670917
885.8273093036602,-2969.8823285401077
886.5995182626357,-2969.864302951527
886.8126405417065,-2969.1838067437484
886.7969407641776,-2967.4241647664758
887.6329371553459,-2967.035272480217
889.4678614838225,-2967.5497996197823
890.6992925299679,-2968.680721272019
891.0161391908362,-2969.5089941564124
890.7222458090476,-2970.2794700545564
890.3452952769327,-2970.8131533620976
890.2031179039408,-2971.73453299772
891.0501561579412,-2972.408846647228
897.2064686407124,-2970.7356113350443
898.9484350698604,-2969.641319940408
899.9879145109608,-2967.342943608313
901.0505080487709,-2966.5634182625263
904.1804461565788,-2966.5292107833857
906.3323793169884,-2967.797994581482
909.7611272085029,-2967.760764742511
913.1055147716523,-2966.963067698654
923.1087933823429,-2967.4486816860053
930.0446701994598,-2966.7605554213346
934.5984799912129,-2964.9424181447043
939.9678344397446,-2961.2169295788717
947.8575635579598,-2957.5409641946526
950.6693852090007,-2956.58839882425
952.8115047506212,-2956.570232582809
953.5618950441205,-2955.5619118323175
953.7039679498886,-2954.49270564474
953.8279363359874,-2952.8110523537375
954.5808412405752,-2951.8927034042053
962.0746805712272,-2953.2509158989706
964.6696022260405,-2952.760996434233
971.6668633132487,-2951.2314649028863
974.1617589683419,-2949.5984480332713
975.4362359568685,-2947.598882851201
975.7841362531739,-2944.848014439994
976.8503597417816,-2944.5271187759777
980.5996443307655,-2945.476033505183
983.4995247522767,-2945.5216215719315
986.0199759117819,-2945.490442137801
988.0067173088024,-2946.303578626002
990.0994244086567,-2946.7071410740646
991.9908270469854,-2945.659798454249
994.0291293127386,-2944.2236250208007
995.2760285269943,-2943.7829120649003
996.1807576025207,-2943.2860765729015
996.3951274957379,-2942.633606801207
995.9431956402857,-2941.006973309211
995.7756106920594,-2940.0886165314414
996.3117122523507,-2939.764781093484
997.6585302560137,-2939.422907134895
1000.6417307291903,-2939.817397739021
1002.6646975467689,-2941.1511090015674
1003.7020610650094,-2942.062292983931
1005.9802754995413,-2943.0143434774504
1010.8572395383925,-2942.5821261166884
1011.0198809042822,-2942.5480951838836
1018.961570925711,-2940.865617089091
1024.0310684513133,-2939.500136210489
1027.7707046703931,-2939.2499703796607
1030.6453330388085,-2939.866101947345
1033.359722501067,-2940.324449496124
1034.5982047872778,-2940.0935010875182
1035.4029504437415,-2939.705796278489
1042.3590092418835,-2936.6483871854343
1045.975548257876,-2935.1970696686462
1047.5886062352804,-2934.2047071490156
1052.0021598957235,-2927.385495129885
1056.7409428432393,-2920.0776826680735
1062.00107658043,-2910.5904297564857
1062.3444107808643,-2909.847972112746
1068.976184630085,-2895.783156359338
1073.345752111633,-2883.5941382717124
1078.4179343597389,-2872.970774074195
1081.5082736292982,-2863.5147740263474
1085.810247654575,-2850.737247688446
1090.9998565227597,-2835.7513111170074
1091.533388622668,-2834.210352914324
1094.8455512695514,-2826.0423610200746
1097.7080437213647,-2815.71798018718
1099.0427047497465,-2813.7064217062225
1100.588036083831,-2810.924390052615
1100.6746367053292,-2809.241741313362
1099.6093219989148,-2806.380010435538
1098.8887812069684,-2805.1969887969976
1099.1933008561464,-2803.3044466583674
1100.0990963033553,-2801.3358283135017
1104.5795233540343,-2790.669625252284
1105.094860973639,-2787.853796764403
1105.0790623047228,-2787.0333762013493
1105.0717089109821,-2786.2850720498645
1106.1991685067935,-2784.744044746606
1107.0941335332218,-2783.0563156198227
1107.0892024816283,-2782.307811685566
1106.8639179461222,-2781.6573847775885
1106.9084624719924,-2781.1087689497836
1107.2843133802785,-2780.6251503398103
1108.3032926045405,-2779.3649241870485
1108.4562098516856,-2778.335712891752
1107.9548521257968,-2777.0387551269664
1107.509030670085,-2776.342370046108
1105.328292934304,-2775.0617642175707
1104.828124654111,-2773.933578746992
1105.0256699637641,-2772.3527592404166
1107.2862729001881,-2766.4252096242863
1107.3630579531264,-2763.664292401671
1107.3446699305293,-2761.3940435918507
1106.9311186511216,-2758.7351245773198
1106.1514628150383,-2756.313047938068
1105.491075234674,-2755.177000829043
1092.715492221978,-2741.4032424637253
1086.67659210753,-2734.484248667071
1085.2596631514018,-2733.575111090787
1083.7476926153054,-2733.5883482829536
1081.580427050753,-2733.88723569385
1080.0588198622906,-2733.631654127948
1078.6419942203559,-2732.8923853976244
1077.8756256397874,-2731.9283127592366
1077.6586791141365,-2731.1119044994607
1077.8548155316962,-2729.599113344141
1079.954558111203,-2728.319817061893
1080.473661262208,-2727.016658679055
1080.085715451732,-2726.160470435165
1079.4904309626588,-2725.245155209785
1079.2036743222263,-2724.6477003690266
1079.411953190599,-2723.405722020442
1080.310443569091,-2721.877790185579
1081.917463882535,-2720.284843121708
1083.0291499713119,-2718.165384922351
1083.4000804296559,-2717.022138123539
1083.3976987613958,-2716.6424997444556
1082.6856354457977,-2716.4855774083617
1081.401436844258,-2716.988448658954
1078.7956550824258,-2717.598197620017
1077.9957523548455,-2717.7862113238516
1076.703140838019,-2718.507828958064
1076.0635622577288,-2719.640931286464
1075.2143691080364,-2721.2807738234383
1074.1903848246682,-2721.8384761285342
1072.4122105480562,-2722.01452900859
1071.3833210117266,-2722.032598071358
1068.723270633752,-2722.165856958308
1067.4787371493649,-2721.8052086228627
1066.3823503038996,-2721.054032606454
1065.2931065386617,-2719.9318950597735
1064.255778788143,-2719.180712267325
1062.5556921877394,-2717.686983039426
1062.279778520652,-2716.9285341755476
1062.6482889124486,-2715.785388188335
1068.677148501207,-2708.513334187654
1070.2998439216476,-2707.4111445553117
1072.4538643033156,-2706.742397742873
1075.7548908659357,-2706.815942364555
1077.550037786272,-2707.5481868993625
1078.105439731728,-2708.1466092077844
1078.3839017021317,-2709.2737237804986
1078.144401850318,-2711.446049735367
1077.306189708918,-2714.163063533661
1077.2653854712044,-2715.3031810083626
1078.2869242817042,-2715.2940894100366
1085.2501963309242,-2713.3148172541546
1096.3439987203267,-2707.832739545953
1101.7130215300558,-2703.0079429135335
1102.0767183130883,-2702.184486398766
1101.7283847630026,-2700.025294006857
1102.3003318436827,-2697.7419105082754
1103.321750867788,-2696.703622449282
1105.850424202329,-2695.3724026472887
1107.368390540018,-2695.249339383847
1109.2585840156303,-2695.122243116547
1110.1754205862749,-2694.83626137605
1110.9173339705578,-2693.800997146915
1111.2895441021167,-2692.9256706369556
1111.934029549629,-2692.3799778792973
1112.9013921096687,-2691.992247676665
1114.2025037598812,-2691.8711036038003
1114.5301944679213,-2691.757154132496
1114.8445284419367,-2690.996743201558
1114.614343878462,-2689.8566569020727
1114.0624522357195,-2688.5627972988113
1114.2634512890018,-2687.2596738145116
1115.4451174000947,-2686.4921801367263
1120.7782510922555,-2684.267293270196
1123.8636120940826,-2683.8511864383477
1126.8490198406441,-2684.4664785888417
1128.1476888536833,-2684.1834428615352
1129.2642491425086,-2682.4356375137145
1130.371185078293,-2679.826613966587
1131.0180321660732,-2679.4907882106695
1138.1292519589967,-2675.7797454259867
1142.917696608938,-2673.2413047392297
1143.5464032770437,-2672.095032525871
1143.8016367207524,-2670.3013441476232
1144.2603648028198,-2667.858275886488
1145.6430908381847,-2665.6767351898957
1146.668305883924,-2665.017083233815
1148.6620808620887,-2664.2405114507346
1151.959391421925,-2664.092192132566
1157.8759848932427,-2664.6251312040927
1161.4491826237852,-2664.9634431217564
1167.8560942900979,-2665.9698179011116
1174.4099219938173,-2666.1169462430807
1181.7239454272142,-2666.5746900643567
1183.3394206763248,-2666.0198960278203
1183.974063052037,-2664.2762331425647
1184.0618310044663,-2662.7054997439946
1185.4628144445649,-2661.6640640680316
1187.345748394818,-2660.985350133091
1189.678111336121,-2661.1269030901963
1192.4418951605458,-2661.693126574711
1192.7768621109603,-2662.340545587551
1192.6251880774971,-2663.2029805560187
1193.4998659866433,-2663.844347836187
1194.643238781189,-2664.216862407857
1195.18786184932,-2664.7524384644726
1196.2190839858524,-2664.7343558823195
1197.9997150254605,-2664.937020767104
1199.0442998898543,-2665.56829191291
1199.9069723507337,-2665.7220947146748
1203.0665348538912,-2662.225353965741
1205.595095693294,-2660.845231678581
1208.7345888026755,-2660.536020085938
1213.22224426811,-2660.3196023098435
1221.9433413333054,-2660.386527312884
1227.4200822614441,-2661.190193961605
1230.6668057903687,-2660.675082878166
1232.3463255789738,-2660.6010549918897
1234.2534391642887,-2661.552999600309
1234.805442028373,-2662.948893959563
1235.5198913764564,-2663.48434620993
1237.5245950725612,-2663.9556945814074
1238.8823848243157,-2663.554834604696
1244.5998303775423,-2662.0872117763683
1252.2232816780133,-2661.4027541090804
1255.897659304462,-2660.6010045605976
1258.550400822653,-2659.6613367700916
1259.9404311561386,-2658.607024260545
1260.2005807426797,-2657.525728187085
1260.1931786525329,-2656.496635026647
1259.854481941322,-2655.4673857154203
1259.6737335185537,-2654.3312862452262
1259.141845301802,-2650.2735309981385
1259.8958802275731,-2649.4569997268536
1261.5753352282507,-2649.5427621182666
1262.3441462537048,-2650.5688628275893
1264.6381275316817,-2652.3272086064812
1273.0162265804847,-2655.5395675492923
1278.1172851191661,-2656.724988398543
1294.6202452046812,-2660.7686388889642
1302.0262512701515,-2663.774326795231
1308.4790132195885,-2665.2212859189203
1318.0724248243052,-2665.6516843736545
1323.462313687658,-2665.327164973613
1328.7257739753743,-2664.701023804261
1331.7544131529496,-2664.377822767628
1333.5578149878866,-2663.712058411511
1335.2528037527572,-2663.1472531306335
1337.4333637314983,-2663.1099442256555
1340.2199796193322,-2663.806093010246
1342.6429184674366,-2665.306555146257
1344.7118994068255,-2667.817307961121
1345.4167252621007,-2668.1839807676006
1346.4852869434353,-2668.1647796503116
1347.014101132441,-2667.89099877448
1348.7115499749775,-2667.5950100837035
1350.1511894239613,-2667.7236819976106
1352.9872452384834,-2668.3177785475077
1355.069106199353,-2668.542316489794
1355.966546933611,-2668.212425191107
1356.3303282800575,-2667.5599260952686
1356.5374104496289,-2666.9802646746793
1357.174725932119,-2666.644425061716
1358.0721877081978,-2666.4655511556784
1362.943242235991,-2667.8756904245365
1366.0453834465184,-2668.0881118394273
1366.911634153258,-2668.7135049765016
1367.188903851923,-2669.4499007978247
1367.5757091253172,-2670.3461761777126
1368.488975203096,-2670.8696206298678
1372.394853925634,-2671.485603536139
1376.3538246789146,-2672.4343346618025
1389.5276017285437,-2672.9429499733537
1391.8323712660097,-2673.4333744099795
1393.3384392181852,-2674.2614591669994
1394.1133453241473,-2675.7341176265063
1394.773735571125,-2677.267838034405
1395.5425438823956,-2678.1620619862774
1398.672762363086,-2680.7156404453663
1400.5619095574436,-2681.481725264027
1402.6413282960377,-2681.54346548627
1404.6591977263242,-2681.136401383071
1411.0260097185972,-2679.5916797635846
1414.625539573785,-2678.254237010864
1416.7950783529398,-2677.0958505311714
1419.592300406867,-2675.440728652404
1421.495688260828,-2674.7749330917754
1422.776259168213,-2674.7537970056765
1425.7075017629634,-2675.0210855317264
1427.802588806246,-2675.4113859944473
1429.654183784382,-2674.736718981174
1431.1792299743322,-2673.9630509614944
1431.9116022092087,-2673.0476597765023
1432.6908800390227,-2671.8614473192215
1434.7988719465836,-2670.2844260095544
1437.9793536546617,-2669.266727413788
1438.6995647111,-2668.0315472948446
1439.1126862385363,-2667.2272221286303
1439.2978439341305,-2665.3045629495336
1439.903632728811,-2663.6407851817853
1441.4201287868566,-2662.12778893172
1442.2621383903343,-2660.9415662838587
1443.5075427423299,-2659.268615439244
1444.4026082764133,-2658.7229625800655
1445.5229597731088,-2658.7048399285914
1446.3253537869907,-2659.0554313698467
1448.0049032770723,-2660.3031189292574
1448.6447540608958,-2660.1861187139316
1449.001179506428,-2659.5445894284903
1449.026258583693,-2658.0048844774715
1449.1213904786061,-2657.363294754235
1452.1688750938783,-2654.645915416273
1454.7199648573926,-2651.136316334166
1457.5033040036094,-2645.602207741339
1460.4230738786102,-2641.876598123456
1462.9309259783543,-2639.1743590007122
1466.7901206224262,-2634.4234006339384
1468.7836760287933,-2632.417674797158
1471.500287528547,-2631.994530463401
1473.6339671967144,-2632.4348882888457
1475.6808307042859,-2633.2568925904493
1477.3471910323035,-2634.023994007386
1478.2459086593308,-2633.897974834897
1479.2517348220508,-2633.349309290303
1482.0087295655983,-2629.36497324095
1484.0803635766392,-2626.139121704694
1485.7752875821934,-2625.2544996632937
1486.8775517212746,-2624.4351039175713
1487.3880841568057,-2623.198954983309
1487.7360535180187,-2621.9178450385416
1488.7213147163377,-2620.198047148032
1489.2995739825974,-2619.9241510441548
1491.3294293834608,-2619.8869303384436
1492.6270817257216,-2620.7150319002653
1493.272891777244,-2621.3404478814377
1494.0260418672356,-2621.962854737963
1496.3970873160984,-2623.253417747395
1498.9345308745571,-2625.073712848171
1501.14545178242,-2626.413275593643
1503.3284892334018,-2626.785691154763
1503.4489801665914,-2627.0144929336157
1505.9499651289866,-2626.974103408545
1508.734267860129,-2627.290465380551
1511.4582201345088,-2627.8875252755965
1514.472692005981,-2629.482810940083
1517.3933490377622,-2632.0893498278774
1520.410414463534,-2634.7538258531813
1520.6478498282668,-2634.963656941982
1522.2057208959611,-2635.8376969680617
1522.5852131903328,-2635.8346445476136
1525.362253511198,-2636.690436922273
1527.02359820079,-2636.8790952341483
1529.2029820462785,-2636.8418428328596
1530.6786162322835,-2636.4069091048323
1531.3292280029098,-2636.212896669532
1537.5077159559885,-2632.6407548635702
1543.3390819879244,-2627.802470907278
1551.3540118459723,-2619.8924091015374
1555.4142794491997,-2613.958378184826
1564.1606567253602,-2599.165315557413
1567.338651431224,-2591.8195975813974
1573.4653392293947,-2573.6166870882184
1575.8641583797632,-2567.5060662867663
1577.3165417563155,-2563.9135243948517
1577.4526298414053,-2563.4828924279955
1577.047543284442,-2561.735283980839
1576.441399936407,-2561.0490211375313
1576.0004846604186,-2560.8731388386223
1575.5281610467384,-2560.6972616552926
1572.965679299362,-2560.528907928681
1570.287431741833,-2559.4012015692933
1569.4717155079916,-2558.7788108183854
1568.3799439418794,-2557.257142086319
1567.2626676004077,-2554.0258063338747
1566.2142301648953,-2551.8657467073226
1565.3996823347968,-2551.231285975135
1564.263537484334,-2550.6220137742325
1563.0768098993906,-2549.731960615249
1562.156167311324,-2548.5299539138987
1561.383741811142,-2546.996262860523
1561.0920231829118,-2545.828167926235
1561.1844972442684,-2544.8180106388045
1561.3314707834306,-2544.546175042755
1561.6519673844064,-2544.4322115008767
1563.4265516555042,-2545.0393854267236
1564.3253266770337,-2544.81051858612
1564.52875729358,-2543.9570464604326
1564.4636338815212,-2543.640458678073
1561.2407669524207,-2542.0481149344996
1561.0683610953276,-2541.56755973495
1560.9464741831432,-2540.458387982547
1561.5089009744174,-2539.435187324224
1562.6751113043708,-2538.9853366901607
1563.684650249326,-2538.757349654826
1566.2640719540693,-2539.8839767325057
1566.8087413301218,-2540.620323455347
1568.235453077285,-2542.5086094336975
1569.6161204455173,-2542.74628211737
1572.0182640500595,-2542.705891526524
1572.1602716528341,-2541.69462882182
1571.8324688048547,-2541.057096718361
1569.1720289310008,-2538.450631346341
1567.4996508912443,-2537.093041856795
1567.4813762945867,-2536.183647440845
1567.7233725197498,-2535.1703735655783
1568.314940155875,-2535.105441394402
1569.7545808161497,-2535.34499965243
1572.2365560784817,-2536.6944768038925
1572.8968948460083,-2537.7975756247724
1573.2825843053668,-2538.42602122401
1574.022291258027,-2538.5797108864876
1575.0932868572895,-2538.7213766138166
1575.9571737950077,-2539.1828664038817
1576.3452362936146,-2540.0182874271627
1576.4585112323334,-2540.556805298582
1577.387557769429,-2541.551933083022
1578.6693224805842,-2541.7895209172366
1579.950050940675,-2541.8202325672305
1580.6848391422093,-2541.012756214968
1581.2880729745016,-2539.24702777692
1582.0490684227436,-2536.781844340817
1583.7908867531678,-2535.737302071407
1585.165435732061,-2535.3464649225457
1586.7244747307793,-2536.2734603337817
1587.9112863918601,-2537.1635105758082
1589.3064491554453,-2537.6709948658113
1591.174940993926,-2537.3658581142345
1591.8013066996293,-2537.089055195801
1592.9624731904753,-2535.951642625252
1593.8235161133643,-2533.8620905510697
1594.8304948760433,-2533.3144101289276
1595.6786825092852,-2533.298210276056
1597.1340620261476,-2533.744638017368
1598.4013808188563,-2533.513612159091
1599.5131296479444,-2532.5861753562226
1600.0262953479241,-2531.7297583334366
1600.7873038433984,-2529.3754925442663
1601.4738772992928,-2528.9876600781695
1602.6605960809536,-2529.818757798245
1603.687258446028,-2530.6010057766484
1605.0678981698381,-2530.6777807644066
1607.2422223580973,-2529.9999334748572
1608.7744821639385,-2529.12728649381
1609.9174503438603,-2527.078682045227
1610.1087762180514,-2525.7966959559894
1609.975997890631,-2524.5276314813523
1608.7296354378311,-2520.187230173859
1608.5251600204597,-2514.75850984746
1608.7780089411858,-2513.7352583497445
1609.6572671563024,-2512.708909727514
1610.8884214978332,-2512.526764504681
1611.5305885977282,-2512.8444524035353
1613.3886708477448,-2515.2563336389135
1614.4151654824686,-2516.0385805198493
1615.15369511449,-2515.6536310411116
1615.4041209170473,-2514.6303797777355
1615.9939493821616,-2512.1751970239843
1617.6163626315476,-2509.9627258344276
1621.4986608290626,-2506.757486769059
1622.6439433334817,-2505.090613817546
1622.8811642449064,-2503.537805394014
1623.2290090347751,-2502.145870935936
1623.9491567070975,-2500.7497840392725
1626.102949740405,-2498.741005781782
1629.3745408068064,-2496.5520935630175
1632.6511775373008,-2495.063705670083
1634.6715006771897,-2495.1282984873606
1635.3136297200608,-2495.2240467534502
1635.8715266144136,-2496.117290095796
1635.9921978046293,-2497.398326024317
1636.3898989075326,-2498.403513183327
1637.416477121852,-2499.1856578757443
1638.7970107090282,-2499.1545013086225
1642.3915702356292,-2497.1724058964064
1647.2211285860335,-2496.022390618036
1647.429514349813,-2495.8625595627327
1647.4270418174383,-2495.5697014936686
1647.4245872713807,-2495.3819772210827
1647.0883541717567,-2494.8024023389335
1644.8907690073122,-2493.7217151862937
1644.617194369953,-2493.1950954096574
1644.601474872977,-2492.615565443584
1645.07847239197,-2492.29170375316
1645.708534810153,-2492.1657148149798
1649.0336723640726,-2492.956542166854
1651.0722044851166,-2493.991371823693
1652.3552926421544,-2494.179075915604
1652.4455895128003,-2494.1700831490407
1653.794948982123,-2494.046862893419
1658.4330558332338,-2493.9101094110156
1662.050773287967,-2493.527851919162
1664.0167837221281,-2493.0129153023063
1665.6440836719871,-2491.6077909334576
1670.6362158817778,-2490.6056612410734
1672.7649090652378,-2490.3584167506333
1673.1189553065892,-2489.607057486931
1672.9994870676544,-2488.54676289402
1672.6176254590719,-2488.3410502528272
1670.3237445927343,-2487.8477983338057
1669.826098929276,-2487.1114492537295
1670.0319783383902,-2486.470935197261
1671.0390488344283,-2486.0240914218134
1675.362877296589,-2486.6978323143335
1677.9979116633674,-2488.195181128922
1678.1245083267245,-2488.934686627011
1677.917376391302,-2489.5751013261024
1677.0223403456675,-2490.123868197825
1676.3983743737524,-2490.718571370825
1676.514205359115,-2491.5159322829754
1677.108267156425,-2491.882500434988
1687.2374520612318,-2491.757842042201
1695.48367502121,-2491.287780084322
1702.5758312221412,-2491.3794933053296
1704.5058020397546,-2491.6129598704683
1706.593731972124,-2492.3150115543117
1709.285324103899,-2493.8124415202624
1711.8190326664283,-2495.262818005927
1713.374531144004,-2495.9769325500006
1714.651466534018,-2495.8478315492075
1716.0295764508119,-2495.344958679251
1717.5929352294402,-2493.293273990181
1718.8071460901651,-2492.7444463801685
1721.3647844290722,-2492.540205462116
1723.0285766283587,-2492.9864772013752
1726.0912214108457,-2494.4808436366607
1728.0297633864916,-2495.4567241841232
1729.3321813261182,-2495.8232617208037
1731.8789635964044,-2496.5621320535597
1733.3812866142166,-2496.5309400188557
1737.73622646698,-2495.9725668680135
1744.7848309579872,-2494.4864517762703
1755.3471479004186,-2491.237054518039
1758.8226615871488,-2490.706861129857
1760.1610949361975,-2490.6845723768183
1760.6898876313508,-2490.4107687082756
1760.906741961092,-2489.9790221119224
1760.8452240366912,-2489.770162212611
1759.9283038596548,-2488.9290598845187
1759.1101183786295,-2488.084847262656
1758.944930944204,-2487.385448346229
1758.9291934272708,-2486.7448731262402
1759.2929606860557,-2486.2022803083582
1763.5791021690636,-2485.3971328398475
1765.1272008049427,-2485.3758024701347
1765.4957504394683,-2484.9501125484962
1765.4414686080863,-2484.5713814457813
1765.1064416760591,-2483.773064304152
1765.1472257633334,-2482.972683316012
1765.840987513139,-2482.2080916850978
1767.0070701749055,-2481.6073981351333
1771.2799722622863,-2480.592281290227
1772.4606711459521,-2480.891904855026
1773.70523836513,-2481.461233599457
1774.889447805792,-2481.7718284351795
1776.008692165382,-2481.753567777108
1777.565094910324,-2481.469499097776
1784.999989322648,-2478.0208519385837
1787.4176187237538,-2476.8962497238713
1790.1931718529852,-2476.162390871458
1792.5977056880445,-2475.5942808039076
1793.7795457776251,-2475.741986175767
1794.9048602181156,-2476.4751197149694
1799.4100455714656,-2480.748058004158
1800.4968129151073,-2481.2684367750808
1801.6762947363577,-2481.308214887722
1802.6845989162039,-2481.2399984120625
1803.8145881526884,-2481.0580469514075
1805.2468442979018,-2480.238353258104
1806.2502577091475,-2479.48078272228
1807.150009909465,-2478.290527101223
1809.1418344626863,-2474.734954545719
1810.4126751085762,-2473.755395245457
1812.273720057477,-2472.5988724889194
1813.8180314341416,-2471.9951096447703
1818.9292557498652,-2469.6709276628385
1821.9252664893302,-2469.047837421569
1823.634692529795,-2469.183469596331
1824.239545371041,-2469.609077136047
1826.342106721685,-2471.2413448118145
1827.3143011576392,-2471.4940201528634
1828.7648311749006,-2471.4687081594575
1829.722526986445,-2471.030834425113
1830.2489572119216,-2470.6491006392334
1836.8060806534525,-2464.1927956272352
1837.8660515871127,-2463.0524800205294
1838.069496888269,-2462.4119628096487
1838.0054819947288,-2461.820372906505
1837.6800983371545,-2461.2438947485452
1837.2463927951642,-2460.7673841913443
1835.6801109755943,-2460.0312474897682
1834.0125810216216,-2459.255131092573
1833.5764019531812,-2458.5088039879142
1833.5617454487287,-2457.8683284042113
1833.8242893153056,-2457.0059616917683
1834.3481625676643,-2456.361293882635
1834.5084181478048,-2456.1394250255466
1837.5465057093454,-2454.983869996822
1839.030430843362,-2454.004266225628
1841.520153666284,-2451.661620488678
1843.2222097277452,-2450.8388770859115
1845.1521044393826,-2450.699659008463
1846.761709187786,-2450.847176155841
1847.8796046476132,-2450.3484239284985
1848.6251057310133,-2449.8026622704847
1849.5201282829698,-2449.253979159192
1850.167051545231,-2449.090967286822
1852.7885573033614,-2449.216344507478
1854.7160308803718,-2448.6525000790616
1855.1905659145748,-2448.168633519039
1855.8722270451347,-2447.0803572028553
1856.6020789648862,-2445.956062719896
1857.3500629294838,-2445.7280952885535
1858.0005966030578,-2445.6631339419196
1858.9656363813099,-2446.07550314047
1861.3908516895267,-2446.6856885303096
1864.1713801737924,-2447.131719962612
1865.8979167970872,-2447.6460824018395
1866.550904054466,-2448.172422896393
1867.3126066607454,-2449.337425199089
1868.2489849803274,-2451.416678694609
1870.025533206244,-2455.6740537955793
1871.057127561688,-2457.263528526037
1872.0982140485553,-2458.2645910805563
1873.5499124399994,-2458.673971505829
1874.5619317479027,-2458.824592686838
1881.6852684292228,-2457.865029276161
1884.3500151332064,-2457.4028769686006
1885.8954991668122,-2456.8510707406904
1886.3242888618684,-2456.5272065254976
1886.6361213849725,-2455.7137049722955
1886.6794227470912,-2455.023244630616
1886.7744383856661,-2454.373670606954
1886.8644852721463,-2453.091798469928
1886.965537617774,-2452.1304127284143
1887.3785697390128,-2451.108219638858
1888.06157461387,-2450.5004242636674
1889.0806737625626,-2450.124575482629
1890.7395289964704,-2450.099313027293
1895.304244657415,-2450.6809407404353
1896.2694114004103,-2451.3032745654364
1898.5637718289345,-2454.21455031055
1899.9858015812795,-2456.6633689920877
1900.5425732279468,-2457.667516448264
1901.1883909595076,-2458.2529064932182
1901.9438001642288,-2458.8253076789397
1903.4558832803036,-2459.1828029945045
1910.2131998482278,-2460.0067752460754
1914.617673438863,-2460.419553152864
1916.3778252553343,-2460.2463406768334
1917.442633430031,-2459.956362350692
1918.668940262315,-2459.4046144236936
1920.097557111358,-2457.9933022181826
1924.5953586363787,-2449.3261461864763
1925.3252223081975,-2448.2998982385466
1925.8021742062856,-2447.8060529678855
1927.5188427509665,-2447.4121060381913
1932.2786224282877,-2447.241282140427
1937.3153608853902,-2446.9075125809154
1942.3352297857389,-2445.766387916647
1953.7205696556446,-2443.8516266422944
1959.0715765810037,-2442.8152606197827
1960.142618012227,-2442.7960906393287
1961.2160762561523,-2443.1595512699064
1962.083654747323,-2444.0615902383906
1963.1101821615282,-2444.902850524224
1965.8633166850213,-2446.577946291473
1968.5645958038076,-2447.927276695826
1970.288599508247,-2448.281825518979
1972.0607891077557,-2448.577114173292
1974.3135998622815,-2448.767569147308
1976.40131257195,-2448.36037074929
1978.1528072209173,-2447.5366956156804
1983.0335019450183,-2443.934409665805
1984.145382628372,-2443.065978780702
1984.7306080174112,-2442.261394958751
1985.0328887653948,-2441.349042442479
1985.071153701302,-2440.168922425235
1985.068642543017,-2439.7384129389943
1984.6323361448508,-2438.8320977592584
1984.0201523839269,-2437.717047385386
1983.6947050499873,-2436.869859563066
1983.6331698741847,-2436.5990579001787
1983.8993802887314,-2436.1672960755054
1984.4282194017603,-2436.164194673706
1990.6924906923778,-2435.219689708363
1994.2776815361105,-2434.849184025733
1995.9401596939308,-2434.987787767894
1997.1677068009174,-2434.8145711493794
1998.6047675092195,-2434.3157352033713
1999.443106845307,-2433.1783404262087
2000.5547735264634,-2432.0970466075705
2001.1402389074397,-2431.653248274136
2002.4304349441497,-2431.4831101386712
2006.1203887225174,-2431.59026881761
2007.7298740249944,-2431.5689863896705
2009.339431789771,-2431.494638037359
2010.780244992707,-2431.3704509238773
2012.2702235329743,-2430.279999726611
2013.589038523307,-2428.757976848656
2014.811700702763,-2427.9992414427884
2016.839109667212,-2427.6510973672443
2018.338977215843,-2427.5178197388677
2019.3605181398834,-2427.668523460417
2020.6040182827048,-2428.2907864649223
2021.422139971124,-2429.143954232632
2022.6114910646336,-2430.462665081381
2024.0900196488035,-2432.529819891721
2026.3543369377446,-2435.4131423101103
2028.278601547913,-2437.125301214485
2029.4352615793784,-2437.8955068412574
2031.2074698486213,-2438.279759342731
2033.300025697867,-2438.282310118201
2036.6153106684371,-2437.84501486971
2038.1068301662342,-2438.1244908924496
2039.6526200703886,-2438.6786596745633
2042.6814674268096,-2439.784216879223
2044.6657164110468,-2440.338391585019
2046.4897756643306,-2440.612808314193
2053.892652494232,-2440.7800047946107
2056.921350725409,-2440.7854428833316
2059.186042496599,-2440.2863213152423
2064.5418683109365,-2438.4116180318024
2069.284222133374,-2436.0903745263527
2073.042439086081,-2433.551591902935
2077.3427496720196,-2431.2823082402706
2080.6527905649573,-2429.0174260718054
2082.5874103735446,-2428.3604700865417
2084.685940565842,-2427.8025274480865
2092.744840762042,-2425.545489329373
2097.7115128023693,-2423.831744769785
2101.908392094383,-2422.2869384158207
2104.280306226917,-2421.2882475542174
2105.1125071823553,-2420.409689545345
2105.27741895011,-2419.7382533584014
2105.2230869982604,-2419.189654223966
2105.0060335792887,-2418.2504796172643
2104.998644570452,-2417.3112591725785
2105.3309427051595,-2416.589713160985
2106.107858082021,-2416.15185142147
2107.53661775818,-2415.9297004582595
2109.6920454819783,-2416.591751061797
2111.012359119247,-2416.6504124393336
2112.72311227173,-2416.766941249129
2116.5960271125696,-2415.875844637181
2120.5098749914773,-2414.9995998204517
2122.3879988665676,-2414.99619360902
2123.3808338469034,-2415.276664067725
2125.0327137476447,-2416.6043373033212
2125.7497045609643,-2417.5375159987534
2126.251138501615,-2418.643504841926
2128.6181757990935,-2423.184483586885
2129.719876071323,-2425.833133430053
2130.6597701524283,-2426.9450098886173
2131.8152683703734,-2427.7181959090985
2133.3092464713354,-2428.155556870106
2136.3414976264203,-2428.379715358769
2137.7810606248063,-2428.2774539596435
2138.827913039905,-2428.0493982944536
2141.3695729786104,-2426.727977576609
2143.794284577706,-2425.0166694177537
2146.5030438380086,-2422.3640803284898
2151.529899513087,-2414.900751383717
2159.696130810292,-2402.300719407929
2162.290104884786,-2398.150343663759
2164.78162946055,-2393.460456208915
2169.0348056645457,-2385.3316768930335
2170.361497180923,-2381.4613758892883
2170.8619129599147,-2378.036034945016
2173.1800498592015,-2363.495723121931
2174.9493463204335,-2356.1999934650335
2175.8918303543196,-2352.8843742251593
2176.5573404110837,-2350.007407108634
2177.4964640884555,-2347.3513187013873
2179.4327456590713,-2343.434894771368
2182.132822449397,-2339.841977907249
2184.0730409974685,-2337.462461119063
2185.5040467755434,-2336.5228144995567
2188.75993072157,-2334.7534525605024
2191.961777935668,-2333.7574439464106
2194.939697147566,-2333.2112466570243
2197.645390598424,-2333.038764607096
2200.4632797229374,-2333.657752331132
2201.6516016463775,-2330.4188798276155
2202.8616282699427,-2327.125240836819
2201.673396040155,-2325.637579579431
2200.2491133998988,-2323.8163168236224
2198.9172757622023,-2321.157752465047
2196.960546309529,-2314.476315449632
2196.1259849703824,-2310.4216712997804
2194.8609662733047,-2304.79330954847
2194.2119877846385,-2301.3670319642497
2194.1782885365205,-2301.2072441897767
2193.867854544441,-2297.390278305153
2194.0136201804453,-2292.278087213347
2194.1133696970637,-2286.1069873590245
2194.3582325904185,-2277.0959439323137
2194.8392103749748,-2267.6091508337145
2197.1936674456138,-2254.0090423447227
2197.9102376947912,-2247.6319225287907
2199.025162525747,-2239.7937102367096
2200.334164599289,-2232.4909976229446
2201.7050176250996,-2226.8281192746363
2202.5578830933987,-2221.0914462972787
2203.8640081398903,-2212.1898811821966
2204.465846163017,-2204.1860049491756
2205.7203826984983,-2196.174996766264
2207.811429998283,-2189.097931802538
2208.380115149386,-2184.429419294666
2209.214636269894,-2177.7743744123886
2210.0845445414434,-2168.084703267902
2211.117073603989,-2157.6275373284266
2212.3794304702833,-2152.075501217924
2213.261323492232,-2147.3089641536185
2213.023008095371,-2142.9195305571006
2212.9134911799483,-2138.1502288476668
2214.398257132246,-2130.307938609721
2214.96499530882,-2127.3721395854645
2216.1575835855865,-2121.752190731752
2216.5110625543675,-2118.7793345857744
2216.185041652316,-2115.481956726649
2215.564702202075,-2110.8947118677747
2215.762267658736,-2105.5338366089927
2217.3127150024893,-2094.941691220515
2218.4199147934196,-2085.2609407745354
2219.764044291457,-2073.599648670847
2220.8024863387554,-2068.5892913596203
2221.6841278434886,-2067.852652114301
2222.368189968408,-2066.9681328277093
2222.564246756047,-2065.2244013697273
2222.7981753845324,-2061.092606031872
2223.1630687362963,-2055.4799288813288
2223.6795959902993,-2049.2746166880424
2224.423435248104,-2041.3995782877207
2224.670647601779,-2037.2855347533148
2224.6879276699406,-2033.6253955006302
2225.17094120938,-2028.070644057757
2225.564730361512,-2022.4479851177014
2225.5741812263796,-2016.3566016397265
2225.943580252385,-2009.2919981167377
2226.6467309700606,-2002.4771848616335
2226.8923723524313,-1996.9963011417594
2227.9392894287575,-1991.844099569178
2228.0675878584416,-1989.3149715041056
2227.7647962749156,-1987.8582290355898
2227.537656482063,-1984.4898078163535
2227.5004892709703,-1980.1682550596302
2227.5020905837505,-1976.6190383680319
2227.455310951147,-1972.2682617558025
2228.026392531172,-1967.5847839202122
2228.477163116906,-1963.1301546835516
2229.1338865055764,-1958.9242480440569
2229.4603907125083,-1953.8501156013833
2229.154608486347,-1949.573511233658
2229.055675497172,-1943.6430449589066
2229.0095954632548,-1937.2650989795866
2229.0167695450223,-1931.8122989466276
2228.9925244213223,-1925.5820738974044
2228.9801055150547,-1919.2020252566183
2229.00142498373,-1912.432354897301
2228.9649889143498,-1911.2712023144923
2228.8145690952574,-1906.6348721066238
2228.6684446922927,-1899.9860346438998
2228.6080504359534,-1893.8327230193242
2228.0934851275115,-1887.529695656021
2227.562594180962,-1878.8935771165693
2226.9560884532616,-1871.237595235076
2225.9802507488785,-1865.4863778645765
2224.9674510966374,-1861.7125641033276
2223.7951107039953,-1855.3835543532437
2222.901254208196,-1850.1588848678343
2222.3532704566787,-1845.6055361372205
2221.7168809172,-1839.0897746027185
2221.2515682751414,-1832.271139963515
2220.450327042892,-1826.2389923469561
2219.9176311305396,-1819.874024881339
2218.857318465484,-1813.9528560252693
2217.4766472318765,-1807.8738604275784
2215.6818231981138,-1802.748247206551
2214.252248688035,-1799.0204117545327
2211.985396451743,-1794.8772201820289
2209.9705493328624,-1791.8460556382724
2208.357235763003,-1790.3674689089187
2204.8094080734645,-1789.407114649419
2200.679545798623,-1787.972193543691
2192.892444447688,-1786.3282355140784
2190.4651809170805,-1786.356717368535
2187.4644493060723,-1786.4842784943191
2185.3517457625553,-1787.2512184435182
2183.300181945251,-1787.2766207798056
2181.4510721979836,-1787.243125764774
2179.162432558766,-1787.5113664661424
2177.013571293622,-1788.6919658559782
2175.62611812413,-1790.1711366454342
2174.5781855121377,-1790.4830844801263
2172.6869750592273,-1790.4366301027944
2171.2325573843777,-1788.6902788802527
2169.002228441977,-1786.4074604456694
2166.966073786425,-1784.3845398977196
2164.734726026011,-1783.1340080863313
2162.7639602220947,-1782.9096200162319
2160.172837836423,-1783.021121011164
2157.4046675466698,-1783.2555499549576
2155.0134519876115,-1783.1232217477846
2152.6134717800564,-1781.8947690782277
2150.028034191776,-1780.1576447169382
2148.083293120545,-1778.272550865271
2145.314582482609,-1776.0768268837194
2142.1195349275404,-1774.1610885909643
2139.131909098421,-1773.4872599106536
2136.1369854492013,-1772.6715909099044
2133.127379718369,-1770.4289357487637
2130.163301856103,-1767.452825821561
2127.548384444452,-1763.4335776626062
2126.747773030503,-1759.9614424866525
2125.2306087436223,-1757.6935181396318
2123.973805949661,-1755.8522561509633
2122.3241451712374,-1753.4674564259901
2121.0647520574307,-1751.237378650271
2120.9282282675877,-1749.1480964529433
2120.957863412885,-1746.7978380303614
2121.8297696500067,-1745.9503901800135
2123.739066716863,-1745.8630890902264
2125.7591987206447,-1745.758706309948
2127.2300804922515,-1745.7243675243037
2128.818876810369,-1745.5820755817626
2129.7741323836485,-1745.0733512745574
2130.0386891557464,-1743.323620877038
2130.2758700250224,-1742.7998937326295
2131.777907603124,-1742.01624371296
2132.1797212987135,-1739.6230113698134
2132.6070187163846,-1738.3999119463722
2134.08511556038,-1738.137647342923
2135.1874578007005,-1738.3771960590007
2136.4536174302825,-1739.0984889972876
2137.4273207303204,-1729.8883814502447
2138.101574702236,-1723.2742704033537
2138.7998719519396,-1715.8578842880186
2139.440324701788,-1708.6203582651
2140.3810607387113,-1702.932543240226
2142.09992023604,-1696.8788804120848
2144.773916421736,-1690.195397873745
2146.1538582536286,-1687.6621007299273
2147.7607472175005,-1687.4189568267311
2149.3556348736224,-1687.6683688017097
2151.1373622048823,-1688.2625660982922
2151.6303876260754,-1689.6483485743067
2151.3821777182575,-1694.630495574637
2149.167158361054,-1701.3198623193957
2146.5062571222825,-1707.1709496552774
2145.5398397707118,-1711.1700447733137
2144.9938679943875,-1715.0740864344957
2144.61555253397,-1720.1972053634113
2143.9953981764443,-1727.0530929328625
2143.0141694515114,-1734.3207189301797
2142.3056133087366,-1739.1670119113048
2142.424206274621,-1741.3583395805626
2142.959134012242,-1741.8628434148036
2144.5011669872547,-1742.1492742907274
2145.9767405331686,-1741.8072103771904
2147.5509609692936,-1741.1044370725406
2150.0660704110164,-1740.27447479778
2152.7367289847925,-1740.301907083564
2155.8194932446922,-1740.6559196017317
2158.567467731455,-1741.6715319907116
2160.2627576173727,-1743.3878071856452
2161.294249787388,-1745.0202436756147
2162.62310348274,-1745.9502907228562
2164.5252753582467,-1746.1227257789556
2167.0479032606668,-1746.411924951732
2170.1979172747506,-1746.4352545826937
2172.226455000946,-1746.1978966694096
2173.8513179702904,-1745.6151039527547
2175.319757189078,-1745.49178354604
2176.470137656951,-1745.4016510088034
2176.885078884029,-1742.379904494672
2177.8192845835742,-1734.4916564478483
2178.5114177352443,-1726.5427167411474
2178.662615772338,-1724.4013019417296
2178.8790704341245,-1722.7315785742783
2179.3932843069138,-1721.7582252586806
2180.347211788067,-1721.3084470236622
2181.2373896449685,-1721.1412679750886
2181.9493200967922,-1721.3260386259324
2182.733726186631,-1722.139202422606
2182.747351059835,-1723.6580554070763
2182.6513257847228,-1725.2607212031032
2182.4146962739655,-1728.2026295813444
2181.4318474588576,-1739.620955189817
2180.6631145911724,-1749.378634722449
2180.6456457117806,-1751.9075384328403
2181.8590541519684,-1753.5071145547417
2184.9938370721648,-1755.2310388429714
2189.4986439964096,-1758.1937147576184
2194.922770588008,-1762.3892582680362
2198.344835840981,-1766.0796356907535
2200.58080003898,-1767.061339039513
2205.7984185770365,-1768.8878194541437
2211.7170501438095,-1769.8876278132059
2219.970546384163,-1772.5995599108928
2225.9182361316557,-1774.628647816477
2234.434468867591,-1777.8682710477183
2236.958209507064,-1778.2283721465449
2239.378345321677,-1778.088861198058
2240.067329629637,-1777.9928435230393
2242.824598425244,-1777.5884235181054
2246.0362442411115,-1777.880533632871
2249.287238339164,-1776.7735743271724
2252.9572788248033,-1774.5823597355377
2266.4582889821386,-1762.6284366985349
2277.549115902103,-1751.6854079492666
2298.002830845026,-1733.0839124999916
2321.1919276052517,-1713.7882689141125
2332.9899883654125,-1703.7781433765103
2335.0122461341084,-1702.8413227640008
2337.511830175135,-1702.849693488246
2340.1756310998217,-1704.2569832194865
2342.507212685576,-1702.0690519090194
2343.022608803973,-1701.5644033222034
2349.3393776516405,-1695.3696375384484
2351.4927314541596,-1693.2617450581604
2352.624542522897,-1691.0431824813284
2354.3503213355107,-1689.2472047049735
2356.329141206704,-1687.9706500094417
2360.430236404156,-1685.5975485705824
2365.3062064453698,-1683.9574993865183
2368.9195206786826,-1681.9661483264808
2370.3180179286537,-1681.7650122697999
2371.4300115047618,-1682.193353721732
2372.3881097657195,-1684.1466737479934
2376.651986938535,-1682.0992010717566
2376.5272318228804,-1679.181515828014
2376.549891415682,-1678.6029743469262
2377.355668800345,-1677.9651889694765
2378.0856357162206,-1677.7892534781286
2378.90356918966,-1677.6721472597642
2379.9551712580887,-1677.7516854155176
2381.0804492814646,-1678.5338270861955
2382.1900788790895,-1679.5348186582867
2400.0873338078377,-1670.703212746871
2422.7566785514855,-1659.8839009075984
2436.552548563906,-1653.0956893979355
2437.2760479039944,-1651.4687231486728
2437.779336148698,-1650.3474330356432
2437.6212485866076,-1649.4572259937486
2437.087270024182,-1647.793571696268
2437.0736324707477,-1646.3827455077824
2437.3105087128856,-1644.7309655110478
2438.346901041486,-1641.821864406358
2439.0439772886825,-1640.0840851319465
2439.4967876813334,-1639.5115190897661
2440.286908686058,-1639.4153616884414
2441.032804677626,-1640.148516750573
2441.3787166169227,-1640.9469083515526
2442.3436726264185,-1641.2483002619254
2444.1180080266354,-1640.6533544517274
2445.8005615576785,-1639.7776422205386
2447.4326035604527,-1638.9858302345256
2449.3778515780223,-1638.1469571931627
2451.2604950634977,-1637.4630076752621
2453.157628527408,-1636.937852226491
2455.4739338336703,-1636.586549276639
2456.2039017956567,-1636.432552315434
2458.8382779913004,-1635.7874108020621
2460.88349031167,-1635.2233144600884
2462.738468341228,-1634.7981149666487
2464.6524003102472,-1633.9902683338894
2466.3362423172575,-1633.265370500025
2468.279050458259,-1632.3685409148177
2470.082160750425,-1631.6257570315006
2472.197343775629,-1630.9777526170594
2474.19197426815,-1630.2287344357578
2475.437380408563,-1629.7787522335327
2477.0032140006606,-1629.1069485819116
2478.5558139154004,-1628.293207277714
2480.1479628413736,-1627.3184629543177
2481.401815748905,-1626.5886858596875
2482.72419282886,-1625.6670763466332
2484.0140117455517,-1624.4866300932297
2485.1135308725484,-1623.1894283771117
2486.3924313559023,-1621.778168733565
2487.4389424757574,-1620.2769966469752
2488.249267025814,-1619.1826560996728
2489.1462487682857,-1617.605614553983
2489.796494931741,-1616.338452714078
2491.047412616855,-1613.9569549993548
2491.809747325831,-1613.3313404216346
2493.0383620075436,-1612.8813602758812
2494.0670515172437,-1612.881093842494
2495.1020679049157,-1613.4443994633693
2496.663461494179,-1614.6699921377492
2497.9874520327294,-1615.1502325206786
2499.7487036910948,-1615.344682145434
2501.1965772920803,-1615.2423640756235
2502.3578030303947,-1615.1740344812797
2503.8019808446934,-1614.6711307146802
2505.2884061102804,-1614.1071702260735
2506.5831275537257,-1613.4873010309118
2507.477886524769,-1612.6896859066287
2508.3883791920757,-1611.6912747294843
2509.660126052006,-1610.7325685882934
2511.323518081992,-1609.7679747614723
2512.6651888302035,-1608.8642108925214
2513.2238035331115,-1607.5921837278397
2513.5727551584937,-1606.2580685342696
2513.89997733748,-1604.554394222324
2514.6162744955323,-1602.9184466353977
2515.6146387736,-1601.6211680644365
2517.39725416525,-1600.7942934314274
2519.01367544343,-1600.363260339792
2520.404940243681,-1600.349929032976
2521.0219640809846,-1601.0950813821512
2520.8185991466867,-1602.1184450337387
2520.087685697109,-1603.113817971915
2519.9590802114867,-1604.4758050568032
2520.6254592152327,-1605.1900227624997
2522.214286245284,-1605.2755890621656
2523.501992522771,-1604.986482386023
2524.6725353011725,-1603.8240164727438
2525.3842120011686,-1602.7306961187196
2526.2306582519964,-1601.1707211761259
2526.949464956941,-1599.8765072025265
2527.7753899854215,-1598.0985890463025
2528.7133323134944,-1596.681528128015
2529.680249206938,-1595.2334380042603
2530.3412479514222,-1593.9083172101864
2531.075618504347,-1592.0904240371974
2531.663005776236,-1590.6663728972892
2532.5115993597396,-1588.0692214720432
2532.9521219003464,-1586.854978036577
2533.194038126574,-1586.0146407735904
2533.290242821277,-1585.321070529308
2533.191244458509,-1584.6027145082796
2533.4235778027637,-1583.5304666299887
2533.825677342092,-1582.6280441936917
2534.2975810933835,-1581.64171565041
2534.6899705922833,-1580.659298176268
2535.174041241048,-1579.8858277223496
2535.731690214904,-1579.72179558558
2536.493146155314,-1579.9034348442242
2537.1690254041337,-1580.537751112533
2537.6981697737933,-1581.5548374772627
2538.1779147018283,-1582.7497867808142
2538.603258521652,-1583.5261098005328
2539.240707465924,-1584.4412254946462
2539.8300546553933,-1585.3873753289163
2540.3663238702197,-1586.1816235726128
2541.012237265377,-1586.8868680017886
2541.708567889916,-1587.4723022326218
2542.7097185255234,-1587.5738801525913
2543.826284751274,-1587.3017730365548
2544.8945725040753,-1587.0247909212646
2546.132949152232,-1586.8734456555055
2547.294184123573,-1586.8541864351153
2548.483160034835,-1586.875816243499
2549.574618624024,-1587.045497143659
2550.397323134835,-1587.318986590938
2551.331019384585,-1587.8613660401004
2551.8167044615434,-1588.4558326439683
2551.9506156235548,-1589.16719689015
2551.577363995714,-1589.8697182799372
2550.813795159964,-1590.5444137491534
2549.8491027906734,-1591.2322293643313
2548.984349576211,-1591.7708957909852
2547.978625291076,-1592.3788242682895
2547.0247512982805,-1592.9176138500834
2547.3502091783225,-1593.724884649941
2547.909497403325,-1595.0187619982007
2548.589138425053,-1595.97376492115
2549.107316177085,-1596.8890112665204
2549.5666373561917,-1598.225906181492
2549.8560929484993,-1599.3349228474488
2550.2972389664174,-1600.4809056724057
2551.1719481673927,-1601.2630939304192
2552.1574769329936,-1601.663518749704
2553.198311551379,-1601.7961065507693
2554.776324399685,-1601.7337446899392
2555.847155743975,-1601.594512094613
2557.634667144074,-1601.289308536592
2558.795891621681,-1601.224064306324
2558.8935302188675,-1601.2180534971706
2560.1739590739835,-1601.2087358083588
2561.654567481455,-1601.4051439369528
2562.960423990856,-1601.845481190253
2564.2556118651414,-1602.6835147030322
2565.406281237567,-1603.7553948714576
2566.6557644041745,-1604.842110947498
2567.968935968513,-1605.4613927221453
2569.503649850947,-1605.8985758655356
2570.896324320209,-1606.1569492823673
2572.5562540477445,-1606.0146648213636
2574.1317918480295,-1605.7525060503485
2575.501376883561,-1605.561222900425
2576.7709470350574,-1605.5479160049003
2578.1949647955876,-1605.8862775418388
2579.4176918676194,-1606.2376599787626
2580.4706778000254,-1606.828880939427
2581.2598905865298,-1607.7220086769003
2586.639338541239,-1606.337664460999
2590.8671445866544,-1604.940560291138
2595.6500529174505,-1602.9208797271071
2601.9746154823974,-1599.826498832927
2602.9752744437387,-1598.7201274369643
2605.7682985353795,-1596.7348938010275
2606.5920299905597,-1595.856293632518
2607.4036105028367,-1594.8309679931663
2608.2417104721076,-1593.6537195437709
2608.923207514735,-1592.4973606912397
2609.734840934131,-1591.3610157818523
2610.5837282196535,-1590.2326405058793
2611.496541890367,-1589.2162643457336
2612.576699520262,-1588.0568046607427
2613.678687158912,-1587.0093554546916
2614.916607773532,-1585.7978841776796
2616.2160638453674,-1584.5064982099907
2617.4673287373057,-1583.2251996642551
2618.524606746056,-1581.786053304023
2619.452939652192,-1580.40878540338
2620.3716694891227,-1579.0406968009656
2621.038641423722,-1577.616518771612
2621.52854678051,-1576.2114406918715
2621.814827888923,-1574.5297182457412
2621.927501597415,-1572.6871502148492
2622.213788246201,-1571.0263747422441
2622.5999931913475,-1569.451454698774
2622.9861822664852,-1567.8186810471789
2623.5434736953525,-1566.0439199403852
2624.169392739904,-1564.4688347564913
2624.7062859861335,-1562.9349695451472
2625.2141767791877,-1561.329992188971
2625.6836314630586,-1559.9769876767834
2626.2263718188424,-1558.140187367045
2626.763226477867,-1556.4673736562463
2627.3096103561247,-1554.8225863804976
2627.7970474980307,-1553.2565160026795
2628.34107376863,-1551.5437014484337
2628.8273145410244,-1549.8798787092842
2629.224345442257,-1548.1941358288852
2629.596067860169,-1546.20057879417
2629.912313214425,-1544.4508199917848
2630.1467654869903,-1542.6170960551062
2630.252217857711,-1540.9473923838884
2630.297477506134,-1539.0749183072662
2630.315189747983,-1537.5650342333681
2630.327873082135,-1535.68548696789
2630.3636494130037,-1533.9537593180319
2630.3992401510604,-1532.1542033518465
2630.44143216285,-1527.6136815769057
2630.3457366617768,-1525.8630377834434
2630.301940120086,-1524.2243963446529
2630.3086367546016,-1522.4438002912373
2630.382861848702,-1520.8140041359763
2630.4415951762403,-1519.3441076010165
2630.616831877758,-1517.5233669480194
2630.9621658891683,-1515.8595825118998
2631.366451486316,-1514.1369308688388
2631.822382633429,-1512.2111789957664
2632.3254076762337,-1510.2366376397483
2632.8621638385844,-1508.522727487482
2633.314611912267,-1506.6901407249604
2633.4694620619125,-1504.8474610984792
2633.3858883739476,-1503.1378102169783
2633.222933154886,-1501.6090234366636
2633.1200959094112,-1500.010297141236
2632.9545694829512,-1498.241618085022
2632.771029087849,-1496.571993309109
2632.6055088387175,-1494.8254582080747
2632.408592138118,-1492.804027308577
2632.1623065593362,-1490.758770220423
2631.914778020084,-1488.749322849638
2631.6973824994357,-1486.670043916014
2631.4281426531757,-1484.3718331654056
2631.120381440115,-1482.3165183235287
2630.8549094613118,-1480.357149100253
2630.637404078479,-1478.1799180013745
2630.3791390344263,-1476.0016008069822
2630.179763077245,-1473.8413218290948
2630.0141644947616,-1471.804920124504
2629.7859311009943,-1469.7965645999188
2629.579449074328,-1467.9170770138621
2629.323522101423,-1466.0405953505547
2629.101375764664,-1464.2999606815886
2628.832257008442,-1462.134813045328
2628.6378624091876,-1460.474068608145
2628.3205159112467,-1458.4866843384102
2627.8971967160605,-1456.872085758143
2627.470262206788,-1454.8636846234433
2627.0578682296496,-1453.1881372314865
2626.6442296963537,-1451.5425144427963
2626.0834124770827,-1449.2444827219736
2625.540969375249,-1447.8607324627128
2625.0069662249575,-1446.1851183839938
2624.593341991282,-1444.5895687790312
2624.34109960671,-1443.0487365999763
2624.157646080036,-1441.3821039301297
2624.084765526231,-1439.6723501560853
2624.1096990584138,-1437.9936909620062
2624.1140496934454,-1436.1821735697508
2624.04904260378,-1432.102314838141
2623.8365744980006,-1430.6235147834643
2623.5940223784064,-1429.086769559879
2623.270791963112,-1427.5680008836764
2622.8885867993918,-1426.0213189282156
2622.3665783860147,-1424.5266435370047
2621.724146028405,-1423.0909517484072
2620.2430150567557,-1420.5712317525872
2619.8017479098044,-1419.2874006762813
2619.501536439673,-1417.9494679903623
2619.6179845906313,-1416.4775606440548
2619.7945336068183,-1414.8747680761041
2619.782154810062,-1413.2760168214204
2619.535838774339,-1411.4085094209079
2619.1535649197317,-1409.9118008478144
2618.5605034563596,-1408.196303352744
2617.8577665097405,-1406.7505531616473
2617.233412119876,-1405.1370061367452
2616.7788671849917,-1403.5504445141307
2616.3472076128132,-1401.963677144983
2615.9649403175463,-1400.4879154239952
2615.4668952044117,-1398.3407839928243
2615.04110922412,-1396.544245742637
2614.5937311312346,-1394.5879176656206
2614.2090546609934,-1392.8503190400552
2613.754327177083,-1390.8949903839898
2613.229920805657,-1389.1694991058428
2612.7655508636244,-1387.3829459660383
2612.1977504950464,-1385.4875962246613
2611.6444007745176,-1383.9038540548238
2611.048887604436,-1382.068559811197
2610.5762905870506,-1380.4329269160112
2610.058937911257,-1378.5345709147286
2609.726072082601,-1376.8898230513155
2609.4111386079894,-1375.1524047840724
2609.064934991216,-1373.2939013682526
2608.721059602385,-1371.3964957390467
2608.424312670306,-1369.5788754172747
2608.170838949069,-1367.7923646088968
2607.77279534296,-1365.7251034183953
2607.576338847552,-1365.0656254200958
2607.45210833712,-1364.6370435776869
2607.044647502367,-1363.5709516908616
2606.1519526610455,-1363.2384353561279
2604.942322501728,-1362.0996450004284
2604.2374171856227,-1361.5721708359065
2603.582044299183,-1361.0577501633647
2602.7616078440205,-1360.7663099908132
2601.2775976506678,-1360.5198357461986
2599.6452001534017,-1360.0826839077797
2598.929597137285,-1359.5282803920675
2598.2824954658167,-1358.7120208429274
2598.036546249241,-1357.873808277189
2598.1579146406666,-1356.983428319831
2598.7792877612287,-1355.9300255502048
2599.57155165531,-1354.8916384818706
2600.749287273194,-1353.6032794472121
2602.1197346660438,-1352.4109251297684
2603.8503834381713,-1351.1064566244918
2603.9524926771824,-1350.345953187645
2604.1233024535513,-1349.1348711968596
2604.2229970978055,-1348.0936786183468
2604.1226500210746,-1346.7226747905863
2603.8872158159934,-1344.9261841698342
2603.6134016857573,-1343.2785273611591
2603.3080670597346,-1341.50998495718
2603.013768293103,-1339.7814383398447
2602.7326996096185,-1338.1766749342628
2602.3263058122534,-1336.4171370895606
2601.949860199869,-1334.5227323508655
2601.5953048285223,-1332.6552535324463
2601.2983175591926,-1330.5569431558717
2601.0375142539615,-1328.2188297125351
2600.5642492802504,-1324.0941940541122
2600.1506391577054,-1322.516497938082
2599.8479172797906,-1321.1397633120719
2599.6029085377313,-1319.4510025351576
2599.5302159623416,-1317.799301331832
2599.3491240336784,-1316.5024316774309
2598.8669838209426,-1315.0766696217156
2598.0646862229387,-1314.8241257000177
2597.093746327616,-1314.839349829844
2596.3541169631594,-1314.6855390075677
2596.116623888755,-1313.9182446109678
2596.572987823626,-1313.2966938581274
2596.7499052646745,-1313.0527632107783
2597.0545771935776,-1312.3723025062393
2597.2194786998966,-1311.8605527269763
2597.3228349829205,-1311.0782042523988
2597.196075345923,-1310.2487372374167
2597.2391672165904,-1309.299527250925
2597.6702098737064,-1308.317196130388
2598.4951381958576,-1307.629512898088
2599.4803960888235,-1307.1306085549459
2600.463013685668,-1306.4428825720368
2601.224079662111,-1305.256577992052
2601.453760344966,-1304.002488834248
2601.0559780371163,-1302.887417903578
2600.485924888163,-1301.901367174326
2600.286886684972,-1300.64440140215
2600.6864537032534,-1299.4003408738013
2601.537871069058,-1298.4538051327675
2601.9963959132892,-1297.1787071007427
2601.849243513616,-1296.300369313272
2601.756313243993,-1295.7917812986007
2600.917625139633,-1294.698773973924
2599.903272397881,-1294.1565206514324
2598.7011012490475,-1294.0059270857814
2597.2795750285827,-1293.756542659172
2596.301266865279,-1293.0764280119745
2595.5035753849425,-1291.9334355997323
2594.6420411117065,-1290.6706634297502
2593.6154597715686,-1289.6877277301837
2592.417870052961,-1288.8687233240132
2591.5202551171355,-1287.9165746873161
2591.748735188419,-1286.8533032510568
2592.721827219408,-1285.8458894687024
2593.4673844935733,-1285.38006673888
2593.956317096893,-1285.3649728599883
2594.8079848612847,-1285.349681451803
2595.9763172306116,-1285.1485745056386
2596.9134239945524,-1284.8095788311714
2597.887717245852,-1284.2327746895678
2598.4909797969926,-1283.2473048458671
2598.725737332919,-1282.8555325546918
2598.8541923071225,-1281.302726599505
2598.5888089619175,-1279.6270381412685
2598.3462104844243,-1277.889599737116
2597.978256408254,-1275.8812806056976
2597.6356906803016,-1274.173593942529
2597.17866315833,-1272.328086925981
2596.7926931276593,-1270.409744947835
2596.4572842687608,-1268.6042038834062
2596.1086729464005,-1266.4660080213066
2595.9297585561817,-1264.2567460754597
2595.7642833800624,-1262.328170316924
2595.5648153073694,-1260.0909845545996
2595.139109238791,-1257.9348548443322
2594.6712168339054,-1256.058428826652
2594.19601190645,-1254.0100398501575
2593.684622026524,-1251.5761359959126
2593.3902899357995,-1250.0173593383054
2593.023572500945,-1247.9412112132682
2592.617039376726,-1245.953749432821
2592.193877750542,-1244.247181434839
2591.695787201799,-1242.1919158676135
2591.1074881151144,-1240.115727547685
2590.510660105551,-1238.0024353661395
2590.035542996658,-1236.2739367553386
2589.4315103797444,-1234.388470017898
2588.7519026215423,-1233.4774581795014
2587.7049833753,-1232.6233014343243
2586.2881851238085,-1231.9062971982532
2584.9751363102982,-1231.558929619728
2583.576660675959,-1231.5802520317031
2582.2950150547326,-1231.540696853944
2581.051730798717,-1230.9714712905277
2580.521445181036,-1230.00436066239
2580.000706738266,-1228.5095824728014
2579.340180341803,-1227.1138910960553
2579.5170048188015,-1225.903805186409
2580.4225898895197,-1225.1450814892034
2581.549990091085,-1224.9449847250287
2582.891856096727,-1224.9936008826428
2584.1603128043703,-1225.0641810369652
2585.5996672996034,-1224.8729773365026
2586.8534726448697,-1224.191064924539
2587.652889137765,-1222.7650574102922
2587.6475663363076,-1220.9844638311513
2587.3628523706843,-1219.1568644689983
2586.821069800029,-1215.4998628089422
2586.4170452180597,-1213.8243108497388
2585.9636165262623,-1211.9877794632594
2585.536715570107,-1210.0314440167272
2585.0566392522605,-1207.866251271086
2584.6091949533666,-1205.608084943127
2583.8422338631112,-1202.5456394038063
2583.5118988582644,-1201.266763869834
2582.9957694162226,-1199.2025252827643
2582.6881585388173,-1197.3239608183446
2582.6539094398354,-1195.435447995209
2582.449982761809,-1193.9966430304082
2582.0856619578567,-1192.120188445988
2581.669582419917,-1190.3337200941683
2581.2464331919487,-1188.6570757651782
2580.789293993006,-1186.6797014015347
2580.3757096447657,-1185.1641468933885
2579.8513037631224,-1183.376510511215
2579.369020247756,-1181.6920018688359
2578.984380044879,-1180.034398902224
2578.568279901395,-1178.1669353086033
2578.172618999691,-1176.2115885448409
2577.7058841444864,-1174.26414085386
2577.561289043309,-1173.8755627689932
2577.111678474814,-1172.5607099918084
2576.5822234466928,-1170.3145348484536
2575.9984244205452,-1167.5478910089776
2575.6835907773884,-1165.823238784478
2575.401350670427,-1164.1745855233667
2575.3467279390525,-1162.6128513065753
2575.2050369132044,-1159.9658860301352
2570.3168973163934,-1145.8660675365795
2560.003346583696,-1118.1893425789951
2558.6665861989986,-1114.6683067260547
2554.7274362752405,-1104.2924054175257
2554.13066708871,-1102.3391057818974
2553.9605126315428,-1100.99016369573
2553.908312340235,-1099.7301652164613
2553.9958739313083,-1098.2782151760775
2554.1833776199965,-1096.7074391660842
2554.569605109305,-1094.9327262108397
2555.154472754184,-1093.2687801539878
2556.0189141116216,-1091.4109501409127
2556.9062092075606,-1089.753008274966
2558.6601959907216,-1090.6239377334027
2559.586639767726,-1091.0833286313652
2560.1930484522945,-1093.1654993607624
2563.5804994818222,-1076.0688475723764
2570.0185254921275,-1043.4214185308535
2572.6000369413923,-1030.6095384952393
2576.718528175662,-1031.4439233895914
2574.1334255166116,-1044.236653931305
2567.7086925844965,-1076.884082140612
2564.6760524783854,-1092.1382019657526
2565.0278812971655,-1092.2959090143959
2565.5771301810246,-1092.372767835733
2566.059007069999,-1092.5574718020575
2566.19406828749,-1092.90515611402
2566.1966424507646,-1093.4757119976703
2566.122143799889,-1094.107333988978
2565.6849258669204,-1099.1594695860688
2565.73092154578,-1100.0098060500204
2565.860143586175,-1101.0110385291562
2566.0181819551476,-1102.0191459138725
2567.128503361599,-1105.478198157126
2573.876624730439,-1124.29488747755
2583.9553774013757,-1152.652138797251
2589.9042452038566,-1169.2018659887005
2590.7932545108397,-1169.2534955468868
2591.895428275367,-1169.3770854286593
2592.824172020132,-1169.3489059917872
2593.5022327135725,-1169.1829427607674
2594.322518216635,-1168.975845130429
2595.140268158303,-1168.6578287339792
2596.724115447853,-1168.195769548856
2597.684119477868,-1167.9456427071766
2598.522456372008,-1167.7796358777566
2598.9922464501024,-1167.7264433097441
2599.7703804366474,-1167.6183062516382
2600.768807411976,-1167.3812356653666
2601.625240667662,-1167.1132815851315
2602.585180944536,-1166.937167020668
2603.113935840138,-1166.8810656290943
2603.4886900211704,-1167.1767160440118
2603.8597192919833,-1167.5962540208407
2604.6126899546002,-1167.7099621345883
2605.3510736468384,-1167.6227823828424
2606.429009034896,-1167.373719978635
2607.287802372948,-1167.185762359798
2608.0056917496736,-1166.9816837232252
2609.6738907699296,-1166.8153513137047
2610.2545613302213,-1166.941075404976
2610.8483606432433,-1167.1257467613605
2611.578325474497,-1167.1006118537523
2612.385324923602,-1166.8725692798419
2612.9405767096123,-1166.277822894362
2613.153526188703,-1165.5573876192636
2613.1532191717133,-1164.4262494439804
2613.089195326261,-1163.6378614614227
2613.1298595835383,-1162.6765823988821
2613.387528367359,-1162.395722838048
2613.4654251826933,-1160.754054989831
2614.485785147039,-1165.6279464614659
2617.203068310578,-1178.292465308833
2619.000382794356,-1187.6087052618836
2619.441985618158,-1190.165615826433
2631.3218022020405,-1187.8761601252484
2628.177402040773,-1172.8735776039318
2650.7495078137154,-1168.3808396174197
2647.3601925960984,-1151.8285512149719
2649.377705704516,-1151.4823705991141
2652.776649324393,-1167.8047373325896
2687.7800832180687,-1160.7605250370136
2718.14862021468,-1154.4857515278538
2733.47192683611,-1151.3169187104477
2766.727641137086,-1144.5076214425108
2805.2719441484487,-1136.3758111806665
2836.4619717798505,-1130.2813669483126
2832.7129657165365,-1112.6040952146795
2827.899674920337,-1088.383289192344
2823.011973838103,-1064.670017834535
2804.748630955095,-1068.234651936485
2804.028309404725,-1064.3498900268792
2822.1989246696908,-1060.7393007797123
2818.6756035531844,-1043.786522647521
2845.891526091689,-1038.2077081319899
2857.7289517002496,-1035.7301600890148
2862.6817623230436,-1034.6475236146146
2872.9411464374593,-1084.46293658901
2880.3409060293297,-1121.4750841842786
2931.145381625842,-1110.8590676046824
2954.7769973091654,-1106.1194155705539
2954.590145851758,-1105.520887262713
2932.102875380618,-996.0124127221989
2930.246359939462,-986.7981886298063
2924.6826959865957,-959.2040887934025
2924.2238302397373,-959.43803674001
2922.5061422244175,-959.5925687801963
2921.7653656667294,-959.4387832399552
2920.741378658089,-959.0175603153325
2920.013564522328,-958.0934194212781
2919.473689904688,-956.965436979101
2919.434723674418,-955.9862258834505
2919.5150151107005,-954.7072368599909
2919.5089152629025,-954.1466567818072
2887.6319060767096,-960.5433147855535
2839.0154298274406,-970.7828096739041
2825.3774399289773,-973.65566489901
2825.0117071063664,-975.069695470433
2799.3736981915176,-980.3151348484419
2765.849896614254,-986.8468265942344
2759.844531885605,-988.0166951196298
2716.8224002142724,-996.4584091036737
2711.4408803678843,-997.513062266191
2680.840233423283,-1003.4900344030334
2658.479031367591,-1010.8284871014157
2633.0404039511495,-1019.2710389003374
2633.4913203084448,-1020.7778035030104
2629.1324842842105,-1022.1747639982052
2627.9726567297953,-1018.5328945269795
2632.3399302552034,-1017.1487996889522
2657.7604118900213,-1008.6444111722041
2680.2614068771713,-1001.2559476116102
2710.9920806806113,-995.257893921697
2716.803615531838,-994.1161396846256
2753.840835936068,-986.8502695337149
2759.3945520034763,-985.761429585479
2798.923709436125,-978.0599708762371
2825.1700257520124,-972.678398095545
2838.805591744584,-969.8037484151741
2887.4244023488045,-959.5660493279446
2920.4191556935043,-952.938336591954
2920.3731508867213,-952.1589222233177
2919.5484629095868,-945.4762776514333
2919.883112407381,-944.890657297237
2921.186160587571,-944.0219584472982
2930.1495421374225,-942.007722634824
2937.158166899241,-940.556751738623
2940.9426917096307,-939.8561655700529
2943.707957425614,-939.1718492718506
2946.0133627344717,-938.7425282427677
2946.7156483982717,-938.9371205071061
2947.4589562084298,-939.4514912056645
2948.763972311513,-941.2007655292723
2952.5633081384435,-945.7680445113856
2953.069354586917,-946.6032760650003
2978.520742569764,-941.7890929424027
2983.9539286926047,-940.8262416945352
2988.9813219230546,-939.6784814479471
2994.1423344436307,-938.4998549808524
2999.7948143825943,-937.4628140513527
3012.872674608034,-934.7508795972678
3031.6753632780683,-931.1157568077757
3049.1951797853017,-927.4469897425915
3080.3034582327205,-921.126947779904
3081.977514996941,-920.3721200014056
3082.227653687223,-919.3297764025104
3086.0277254183425,-903.6156059215465
3091.4016594021946,-882.8699542719195
3096.729802252093,-862.1243137127932
3098.2165139529807,-855.9125467331307
3100.4251810286487,-847.1926905242497
3103.5216201882026,-834.7852743249456
3109.5855983748393,-810.2031912575574
3113.775561699015,-793.5677113193146
3115.0530724911514,-788.4873471809497
3120.653981983658,-765.9968153778309
3121.513937144614,-762.3214321795339
3121.8929648316757,-760.8573122197574
3129.247713178098,-731.725501918295
3133.1982212657463,-716.2881591729063
3139.3992798114186,-691.2345009306055
3144.300968857511,-671.0744862944393
3146.9208732043935,-660.3209259500782
3150.8061130024385,-644.1660105679525
3150.428921508107,-636.4122449217638
3149.1823923482166,-632.9402351240028
3150.52228716229,-619.8090063942944
3152.0754993801893,-614.3946901495123
3153.0847919340677,-607.0060455681349
3153.067289838837,-601.5073581373515
3152.6980191573402,-591.928904316304
3153.990625866759,-585.1466327872856
3155.5024171254613,-578.2354151025129
3157.9582353278497,-570.4646604841607
3160.2128445527287,-562.6449950756811
3166.070681474476,-545.8050541525218
3166.7056008366703,-539.0580082163316
3167.0306678876127,-531.2660070809318
3170.8484496223377,-522.7921773507525
3173.2293100804727,-514.4598631079355
3173.8577004035283,-505.9162619803138
3175.044852652919,-497.26454935366286
3176.716340138369,-488.97037204377705
3178.8910952807773,-483.74167531921734
3181.785241478543,-475.9767536175791
3182.088088213442,-470.23307856416557
3182.151269259771,-464.55541595022015
3181.653844657928,-461.2371723306029
3179.8448945144783,-457.88235561666784
3179.2966529865494,-453.4280017816463
3177.7197194207006,-448.8411235472772
3172.7165356995347,-446.07287872804517
3169.7268759818985,-445.0385818127181
3169.7506442912577,-440.62593301987414
3176.581163740538,-440.7375931753767
3180.5166961532805,-438.9556964794551
3184.3678928203763,-436.7151859062471
3188.5899453122047,-434.6363417920597
3193.103625677774,-432.54951900683835
3195.0532363607035,-431.44276923410746
3198.7746539276877,-430.23348821268996
3201.323082262152,-429.69101067642214
3201.471746945962,-427.70947212939865
3201.532862684225,-422.88824392479347
3201.526964319306,-419.71766379485297
3201.455233610113,-367.01137165345443
3201.1903453178156,-323.8727461253193
3200.781581527105,-257.1733421729797
3200.83475363924,-232.48535019895286
3200.838127777817,-220.78333833041435
3197.5054139039453,-220.59971316037806
3197.727862519903,-212.46879847331408
3197.96375502371,-201.06655085258083
3197.591142062129,-188.80717298345775
3195.8375551257864,-174.2320100993402
3194.6161991818863,-163.18983646223765
3191.0757017506503,-143.02958817419915
3190.3592862625173,-140.10611808386423
3189.516013426581,-139.4408802824388
3170.8964839519267,-138.50780719970174
3169.994286250409,-138.19639252783168
3169.568867794645,-137.40812606611146
3169.5710694947606,-136.73961561648045
3170.4887661888524,-136.44056872284656
3190.069386643875,-137.49621338074803
3190.0668853262823,-137.25642051026045
3188.421070198957,-128.29083604672212
3188.6992446880236,-128.02900567582432
3187.2236750584166,-120.21056389324549
3186.914104143655,-120.23161343541096
3186.284228658759,-116.60858298721966
3186.046690534906,-115.75831164634204
3185.4949321885856,-115.51570813078051
3184.9528793962336,-115.32806241756667
3184.5341808543913,-113.14382392951987
3184.727793033951,-112.23156625854573
3185.5731658177024,-111.93244209715633
3185.58031295071,-111.57474412097301
3185.3971964486386,-111.14409373298854
3184.6755997547307,-110.72170110487967
3157.1512768954326,-115.37113629544355
3155.701138959502,-115.24473266681971
3154.6722904694275,-114.27183067638894
3154.7960072175115,-113.3624892041806
3155.8375786407123,-112.64166939907086
3160.0804918772114,-111.68808480118965
3175.0734914963177,-109.63163758576022
3176.4102111224042,-108.97176383972659
3176.8436437738765,-108.2351827893036
3177.092423448978,-106.96600943043784
3177.1071034527417,-103.87541877397669
3176.3350492999566,-100.1105931504214
3174.726066326172,-93.12349133895988
3173.879101812605,-92.39042484244719
3154.2143896071834,-95.39451027677637
3152.3933363237047,-95.38912202768584
3151.3019901003067,-95.07876501224493
3150.705687235272,-94.47428906372338
3148.7448709737732,-83.59932821198558
3149.1179914424465,-82.80790682664764
3150.1523739789313,-82.32997585813905
3151.3000803590844,-81.84901523414742
3152.0926636783042,-82.03348863193877
3153.9982661588906,-90.05577955825905
3154.411894963956,-91.57440402826919
3155.1442867808923,-91.8180473373793
3159.082613870616,-91.59491639294951
3181.3015886569565,-87.80645807778578
3181.489370410111,-87.44660568862174
3177.486093415233,-62.43337345849585
3177.2145371683546,-60.729670838797226
3168.2248126332083,-5.9438556214233165
3166.549501529814,5.232834386751759
3160.9010723483607,37.338303912426916
3152.48797381897,86.34075243104168
3148.005228532112,111.92350600442845
3143.916716805637,136.60117978182296
3143.697535775359,136.76090421555028
3142.489123732621,137.61993691801106
3141.6999946132682,138.53496541809287
3141.0421235801937,139.5079903095222
3140.255022359561,141.6310656229822
3139.009512257571,145.88241079325334
3137.6339328250037,150.0198017137364
3137.20723800705,150.92796641229566
3135.2135018823774,152.57006384908192
3133.1640727307963,154.70370091075222
3131.002108112334,158.78587580445753
3130.281174681568,161.0899160882482
3129.991257139554,163.57583716342933
3126.2021088901874,171.545455398709
3125.0233776532455,174.11507567507587
3116.058890957886,193.55212554277574
3106.9710888717705,210.94780482786328
3104.14745355369,216.23382873542533
3099.8358999080515,227.10804651203787
3097.0095224630613,233.67603108786093
3096.22743704268,235.31762903232686
3095.0876332632174,236.5993215073314
3094.362456127134,237.0826658897288
3078.7056462606633,236.66189566008197
3067.3640586248007,236.76620145121186
3049.3526503994904,236.83449076516328
3037.121125206259,236.63272336575577
3029.677388334699,234.871722917724
3027.8492719644364,234.43345405775347
3025.441581649041,227.16437050087777
3022.204205369185,219.4362867207879
3022.4115936220032,218.78978631360513
3030.0862128582726,206.33289574427886
3030.2045195325304,205.35261118312474
3030.0168030868813,205.05081485851238
3029.8989186052117,204.69008954619937
3029.5917467190397,204.50805277655877
3028.8101298821025,204.68974683839332
3021.6788734997917,216.44139220927397
3020.47641615248,218.08376202385963
3017.688360589529,217.9190017170986
3014.057143184528,217.93691567039158
3011.879707284475,217.7603785526311
3007.3796067581516,215.2909103916033
3003.6094973704153,212.95154382854815
3002.448973227046,211.62014647827348
3002.085400210713,211.0064840793682
3008.948870721194,196.43287410374603
3008.6033661048086,195.7212647387326
3008.224134968135,195.5082843009414
3008.0458442841827,195.50523613567364
3002.832681728495,205.2431870432726
3001.168466194955,208.35120974011494
3000.1467160035186,209.75284712735854
2999.053034560299,210.18022501705994
2994.51471973882,210.80423087062852
2992.456427843979,210.6956635049448
2988.8820796560817,210.1680836869239
2986.6385783469177,209.2091096764602
2982.197520121137,206.97038840930472
2981.6533964010227,206.366645624568
2981.880046264816,205.26659687766474
2988.0709307639477,188.7392023288902
2988.130263797914,187.5292794440548
2987.87764450394,186.73670441964046
2987.5789488048067,186.68474281816992
2986.9755206953705,186.92734176474082
2982.9221127060787,196.77648318432023
2980.0652111199715,204.79243200488924
2979.5253026522887,205.94744461677047
2975.645230204561,208.37729863323094
2973.612219601258,208.60748678882322
2968.894770042968,208.44912704190108
2965.6190230064594,207.72973313429674
2963.7886758922596,206.6450099984496
2961.7249512909452,204.64792161585473
2960.557194100708,203.18964786155536
2965.40023265919,182.7859224535329
2965.150143025799,181.63665053591245
2964.843145616798,181.1529784341523
2964.474638825153,181.09191898939275
2964.239614845447,181.45851966218086
2964.117914846098,181.81817288975753
2957.902609207186,203.74642208056127
2957.4879937038418,204.5416839619867
2956.9435701863795,204.90818975197618
2956.582172342903,205.08692660713052
2956.342147068377,206.24193289849353
2956.3600772461427,206.5926518203921
2956.416244694776,208.06265304539355
2956.1741225117876,208.43224418040114
2953.3885325344145,207.83988425493138
2943.563833434959,205.8164818262184
2931.817956144354,204.2379778663029
2931.750692886387,203.81642298846242
2927.8667445015058,203.10264205899324
2927.450964152605,203.8919200128115
2920.6054890889454,203.3442195415998
2914.727025612084,202.8648447821768
2914.67095370689,201.3339976596823
2914.5337059222757,200.9232942353154
2906.783603220502,200.83805993331563
2906.875707688643,203.0693472333075
2901.4606341332637,203.42141906963323
2896.198622186037,203.80865125076983
2892.147024750406,204.0751560815249
2885.249278710955,204.89540696707613
2878.4080613536803,206.02160633560317
2872.2413672438965,207.07888658497794
2863.3512408014053,209.12266430292678
2858.582768107955,210.36230946847024
2852.5951851727145,212.33304651986197
2838.152000274508,217.43377137008355
2831.382796131498,219.64707742239776
2826.3709184864047,221.12446581866905
2820.7471903870082,222.54571894025673
2815.299523791959,223.60125150633706
2810.950318660846,224.41641636421252
2802.592908084618,225.36517450893592
2800.1105394243755,225.61422056635232
2794.846121949685,226.00150746479883
2790.123728478239,226.20890949985545
2781.4641999200003,226.24640184040732
2776.375880318517,225.84524302054575
2770.3637927680697,225.13400413205082
2766.0763532609085,224.61926903980822
2759.104598288198,223.56004043229953
2751.9833468773986,222.55074779774134
2745.6798729911075,221.61869903837615
2728.9614573058675,219.1457833671662
2714.5937407274323,217.1973354200844
2706.654932094423,215.88002392862734
2702.9311131002223,215.2684208489535
2685.7656717076925,213.32611323013376
2675.773262244147,212.41113590880832
2665.6879813069254,211.82571010919685
2655.5904993514755,211.57015762678762
2646.688921093837,211.4078097745329
2631.4751987016007,211.71844220816158
2630.7999323378995,210.24228878016996
2626.9387507583515,210.18238287607178
2626.188098672387,211.37416472932742
2608.209824949852,208.57543847150643
2598.264602422636,206.9799749013198
2595.887306848722,206.54173961635553
2588.3351398262803,204.52719315203993
2571.9230957301975,199.68951171846592
2558.318324212856,195.60001469238378
2550.0184449479484,193.1058117447721
2527.7318629949523,186.57692269920983
2497.0801492728674,178.09953178582796
2470.252103750085,170.5842896609884
2443.0049067897344,162.9772480174892
2420.3338740707964,156.77528433084495
2403.98186579633,152.3065727889376
2370.957494002909,142.89874345107694
2350.8805303950835,137.62184637830921
2332.4233514728908,132.4574004618227
2315.5329654797815,127.61295885753606
2312.978648347317,126.96188906546777
2310.3254723749556,126.24077324857382
2309.5559408650856,125.85486370010571
2307.8028228326925,124.12082591705173
2274.585122077899,91.30924973962749
2241.924686341592,58.95147299913195
2211.159082448156,29.721936277631613
2185.7988614306755,4.498500104192845
2157.5811069327783,-23.36034756350345
2132.9780229260814,-47.32635118377637
2129.828751183479,-48.522127007205704
2126.8654142690066,-51.78822608993962
2125.18207296353,-53.64320880090097
2122.8608177152746,-57.140978720090956
2117.86579602523,-61.455772518307434
2116.4966586918235,-62.72516494905862
2115.157579062278,-63.967419181439965
2115.6430687562183,-64.52490267858273
2114.6605960607153,-65.45237413025413
2113.210735490056,-66.87260249430986
2112.8288221160947,-66.41703839256377
2112.7289650575613,-66.51900256750496
2097.051817802902,-81.07912603158042
2089.8280102344056,-88.04139773962989
2074.501496797955,-102.78035539419702
2062.0816296398357,-114.72473035317375
2059.9766388205194,-116.69370378326639
2052.2265747812066,-124.06871612008318
2044.609004469601,-131.31372261835287
2037.4213852913954,-138.76451144605193
2028.2046882122747,-147.51074812981557
2022.2210826357914,-153.19254387260779
2009.9095383231675,-164.9960837012536
1995.6916737342274,-178.61650989695377
1989.5900536742968,-184.4282809172145
1975.3637660268705,-197.9787552217775
1966.840496661757,-206.16919488157885
1963.4926378775863,-208.5670170365124
1955.3486280446843,-216.58550359178875
1950.3885556592495,-221.46976211835022
1936.5812646147838,-234.8032417522495
1932.723086164659,-238.66804652359107
1914.6926946932047,-256.750734389113
1911.5074583278688,-259.8378627633978
1897.1039806085516,-273.78894180364415
1892.3437097313524,-278.31842754415726
1878.6614622923846,-291.32302971596135
1868.3124237718157,-301.2114440863922
1859.9504128135616,-309.4518298732262
1859.455218922179,-308.7953857747726
1853.9976856876597,-313.89255175198235
1859.4679826234826,-318.66672113811444
1842.390886876169,-328.5913163655749
1840.084634817002,-330.199591674925
1829.4486493001527,-339.22859184063105
1828.505713523008,-345.90857914417796
1823.7803794888048,-376.5098926020138
1820.6275415884854,-397.5961667163311
1816.8447486012253,-418.7196642396851
1816.7701683159946,-419.1513865710359
1823.806658745233,-420.0003056748287
1824.7173314112824,-420.1730956734913
1825.5014289902983,-420.5175754583425
1825.9941833534697,-421.063102168092
1826.4231881766234,-421.9003033612452
1826.5593920832225,-422.7386573297932
1825.789449715001,-427.45627331555056
1823.0476610650164,-444.14887983726067
1822.6541158264488,-445.78172517663194
1821.3382542341024,-448.83555190950267
1820.4846120697562,-450.83216446857745
1816.7229432898598,-456.5545054168385
1814.5905364327798,-459.94922354737923
1812.9287803528987,-462.26368426432697
1811.812557037774,-463.77377598951097
1812.617249365249,-464.36812102119836
1813.9869153749123,-465.38818263522006
1811.1065357233654,-469.1628802715666
1809.8995045677634,-468.3126580732002
1806.95388211553,-471.116023232351
1805.8351765861205,-472.315300752588
1792.4935985313448,-486.59788021389045
1784.6323698610045,-494.8498752226306
1768.125983135979,-512.1745145620624
1764.838896167913,-518.4633146385519
1757.9639375029178,-532.2299591291403
1756.4191354305553,-535.3238172447878
1761.9692413154094,-541.327217227003
1749.0558868876567,-553.9558392774093
1743.479044620755,-559.4125529379832
1724.0412840952845,-579.7784548495106
1713.3766491187496,-592.3565519154373
1701.422067321747,-605.317696764465
1690.9827640640733,-618.2566159419052
1690.0866866575877,-619.0140579862137
1678.4730825625759,-625.532109709543
1658.2241575392786,-637.9430381277145
1656.6537488630036,-639.0864173417283
1648.2385366176882,-649.1161978664272
1647.2486904330676,-650.5151294902952
1644.9248307140138,-654.8042795371065
1644.5325116199135,-656.99769901114
1644.3089366576698,-659.9214423816264
1642.3979224328164,-676.6089620769574
1642.5742687699221,-679.7973675014774
1639.9197109726022,-680.3804464799488
1636.0653994465913,-681.2313518154195
1636.3836784521527,-682.1985512403003
1641.9060336030664,-681.1535516045601
1643.133355117469,-680.9315032731203
1647.6579635039784,-691.2666870772642
1652.3308826444468,-701.9445762659076
1652.4527198846602,-703.3244651022957
1651.9067848094346,-708.7594122549435
1650.4680997393411,-712.5127661535844
1642.846432869949,-721.7879131552132
1641.3015563535007,-724.8407556248862
1640.8947405773604,-726.2827777612322
1640.0387576897606,-729.12074575428
1639.3090570280872,-730.5168391286576
1638.1615125870885,-731.8659226494365
1636.3681526396635,-732.8525329462051
1634.1290132001277,-733.0597900573603
1631.4356791976363,-732.6035021887826
1629.64828625932,-732.8286362747065
1628.0824596221469,-733.5224469986478
1626.4169870499459,-735.1463218642518
1620.8559533329083,-743.2691165750545
1617.238546145132,-748.5535601156917
1611.5773481458245,-755.6090657663974
1609.1809426417776,-758.3303843540502
1598.0181041851918,-768.8441549444829
1587.1023405275298,-780.1961513094748
1580.1804266473334,-789.4162711179134
1578.4186722903264,-791.7426763435561
1578.1224161781695,-792.133436628823
1575.8318398622582,-794.533940844229
1574.088072040197,-796.5467355728434
1569.0358870238597,-800.9101254123487
1566.476454560679,-802.2315009243528
1563.7918165508304,-802.9653821923548
1559.9795872595262,-803.5795487937648
1559.0787061200342,-803.7246281380644
1551.1051983393343,-805.8202187613504
1548.3216955955309,-806.6929604252343
1543.6664904295524,-808.1636897729396
1540.5447256369587,-809.4700866360016
1529.4278913677936,-814.4320126670706
1529.1617986607134,-814.9247087737276
1529.019831153162,-816.0558701177663
1528.5564494571133,-818.0004251436137
1527.2413288222606,-819.790207155391
1525.6419953583538,-821.0445884426842
1523.0729471848244,-822.3669513719669
1510.10278197166,-829.695362668276
1505.3361567417946,-834.9669764753771
1504.2149165190528,-835.9563495530114
1502.5611907482303,-836.5702555829635
1501.3338551696536,-836.8501395913703
1499.1430267662847,-838.0096488858688
1497.4930747349406,-839.2639335962098
1495.8912464250923,-840.0954798588712
1494.0001535851138,-840.1208102153688
1492.7690838005342,-840.022051499742
1483.8229465653183,-838.2058323412094
1469.582677042408,-834.6247807747857
1458.4274373749777,-832.9378487696099
1455.9798102965733,-832.5934912866105
1450.737699400322,-831.8547534013219
1449.3272195534964,-831.6551712518022
1433.3814790199308,-828.7976929556562
1413.5536394834714,-825.7141323408691
1389.9547697253213,-824.6143593842706
1376.754540919484,-824.6931618376027
1357.796920930325,-825.3123949874459
1327.9762101841347,-828.8928089020413
1300.1250007972542,-833.7468420488378
1281.0594125845291,-837.8282805329841
1276.6896866313684,-839.2027856732984
1275.2551827545826,-839.8344784113284
1274.2904826015767,-840.5830130407684
1273.1787206655576,-841.4335091546565
1271.8995874407985,-841.6435473792671
1270.4518306148318,-841.8476228259909
1269.233944367142,-841.0063120270787
1258.1009503924843,-843.1702035417196
1254.9103481156408,-844.0769274643845
1252.2401098348953,-845.3491579141005
1247.0912380748198,-848.0218672731992
1236.4764725746193,-853.5319021119717
1215.1086786995597,-864.5211319434834
1213.0576009263136,-865.5376199993261
1200.1880791970902,-871.9074242981541
1198.0635805781355,-873.5534259040516
1186.7040977798788,-885.7404083574661
1185.2082100869457,-887.1723708117082
1183.399231793436,-888.7684564549729
1182.6152360299075,-889.3760161540491
1180.7869418207786,-890.7901639144488
1178.0190614995247,-892.1745020427355
1176.8424220562422,-892.5932869616101
1175.7233982315222,-892.9141124802077
1172.4702619207494,-894.8800372189988
1172.0161708899298,-895.5545862979662
1163.352500048402,-908.2367586437107
1152.4611942807785,-928.5694373262278
1151.6122748894684,-931.06761958842
1150.86238208042,-934.7438099195837
1148.1079527105742,-958.0171650938541
1147.733942924392,-962.1210281928901
1147.5173996231474,-965.1038084604804
1148.209152403277,-967.608788848367
1152.0241240848254,-980.0766913730785
1154.0269291476543,-987.1749939276788
1158.4855018331573,-1002.9952354819042
1159.0749555480995,-1006.2486339538813
1159.9750951929548,-1008.7535882513625
1160.976255033167,-1010.2442960779972
1161.7267351520477,-1011.4183352358824
1162.9505969684087,-1011.8458056786292
1163.9612793671245,-1011.9595953508169
1165.0817055917564,-1014.1377491858366
1164.7567317137377,-1016.2112430899051
1164.6486332553336,-1018.7722772919072
1164.689951040189,-1021.3322959328265
1165.7020093782949,-1023.8342436714097
1170.3279167101075,-1028.0454274638862
1171.2844877455047,-1028.9076296122944
1171.235192579836,-1030.1276491991755
1170.0030479020738,-1030.9781478007817
1157.319075631367,-1039.1653726658194
1154.8716197971644,-1040.5956489730272
1144.2619701507356,-1049.2171082189964
1142.6130940500088,-1050.379463979295
1140.8521167108763,-1051.3959019261483
1134.5729566653704,-1051.596538328336
1126.1556253474696,-1051.958214218258
1116.5716112868681,-1055.2498062071943
1102.510479958877,-1061.1977834083411
1099.6294655914426,-1063.419393384414
1097.3856778930362,-1065.3880695763662
1090.669050350658,-1075.3472393247007
1086.7745613902994,-1083.169591167263
1086.0752157330066,-1088.06598289548
1084.292169743154,-1106.822631572642
1082.829259292356,-1121.9440403212982
1082.7209284759992,-1123.3860044300122
1083.100463591324,-1124.2921690667372
1084.1629866512308,-1124.8247018766215
1085.543328146557,-1124.8215538877444
1087.4115731788404,-1124.6174588573367
1087.888648110871,-1125.4127926544572
1088.2030854770596,-1126.0013679497374
1087.8805073536764,-1128.0217929035043
1085.4232423005167,-1139.0434863887237
1084.9392962825675,-1141.0180454822669
1084.2373073335498,-1143.254466656512
1083.0148712541513,-1145.2240216571215
1074.3195831530302,-1159.0583974467868
1072.880341388567,-1160.4414591993318
1071.761478617504,-1161.7695241190381
1071.1196635369877,-1163.646147847978
1071.1560693823596,-1165.8155551437712
1070.6634820541449,-1166.7297970304537
1069.7445571223975,-1167.9689643230536
1069.1459095360483,-1168.2337610532832
1067.6221260829625,-1168.7146140205587
1064.0508229481818,-1169.8860466712813
1062.1429387330802,-1171.2322519590514
1061.3818485797963,-1172.3075156651198
1060.481432754819,-1178.574858550032
1060.309414520195,-1180.4073412919183
1059.5434619062198,-1182.0841833552968
1058.1247628153803,-1183.4862923858695
1055.3544834414367,-1186.0096131298983
1048.2114847550815,-1196.4082862748737
1047.765903302189,-1197.9730758805376
1047.6468777458722,-1199.4340923950167
1047.9674124433313,-1200.793019236001
1050.1755230908543,-1202.9121165284175
1051.1428817240703,-1203.8362724966316
1052.2728850686776,-1205.0252405534393
1052.9704591098753,-1205.8414988907311
1052.9681081385538,-1206.4919534430562
1051.8275901338307,-1207.6812693741783
1049.544973267469,-1208.5907181570033
1048.1382062178016,-1209.1694076756846
1047.3745713998342,-1209.9279717686345
1046.8819621785472,-1210.6824166747576
1047.4710646812769,-1211.7055637807468
1047.9637861607787,-1211.9823098265256
1048.059100251907,-1212.9005761280719
1047.7268020082959,-1214.7342729697718
1046.586204490149,-1215.9754570394152
1043.2667664421972,-1218.5517998632986
1042.562155876755,-1219.0874212099395
1041.2130668555628,-1219.3592797582467
1039.694154414295,-1219.402534898989
1038.3980338921874,-1219.8242082699753
1036.7117021619467,-1220.2471204686897
1034.4435437043337,-1220.5062095570092
1031.031091658934,-1220.2757596190143
1029.8951332350741,-1219.6254269312208
1029.7901663344119,-1219.0248576852173
1030.6622805305067,-1218.1094801133306
1033.8660857052025,-1215.9127935365934
1035.5028284785192,-1213.3765341473504
1036.2276400598948,-1210.4098619010306
1036.403214844783,-1207.4300820484882
1035.817594230017,-1205.3757428829053
1033.352645256075,-1201.5739273384663
1031.6252296020723,-1200.488958129117
1030.5517428242374,-1199.0171970593838
1030.448003576467,-1197.3995010731976
1031.708905502725,-1194.9192409049158
1032.7952737337998,-1193.4583203409861
1034.1647016677075,-1192.0661951133686
1035.735282142008,-1190.9939387091454
1037.043332262824,-1189.7027642808896
1037.154041767924,-1188.5626369070073
1036.4647370454832,-1186.1775457415272
1035.2005722846022,-1180.8168449350803
1034.4088053321043,-1177.033801510051
1031.6621675121019,-1163.2778000636781
1027.3333590754057,-1144.3827686691611
1024.2948231692467,-1126.5749466567024
1023.9282525132497,-1123.4383212912912
1023.4051820367791,-1120.4628049859782
1022.2823023600412,-1117.8039513727977
1020.569090206117,-1115.0372332635345
1018.5259846250817,-1112.3724918489572
1016.4309922540606,-1109.5009785986124
1015.3081103123205,-1106.7901556024854
1015.2644857864678,-1104.9506141380766
1016.1410968761784,-1102.4124428090286
1017.0202502509619,-1101.0163816640634
1017.293572511723,-1099.0629946348715
1017.0944387844099,-1096.4868332198573
1017.0462664692583,-1095.8743877620425
1016.1943918155955,-1093.0027429772383
1015.6205369434433,-1089.157731231072
1012.376899271444,-1079.141813052166
1010.8238895560919,-1075.5927553946524
1005.9033028120211,-1064.3359505053663
1000.3479581153217,-1052.0920063805327
992.6139630551343,-1031.2258969170064
986.0415325147615,-1015.510730532994
978.2910559728147,-998.70453943658
972.0672871152411,-987.1950877775336
966.1207008969407,-976.1971101080802
948.1928209971413,-943.1335388222574
936.8250514727123,-923.1790332244186
936.6624095294277,-922.8592580130876
936.2648704724038,-922.100915138828
929.1592904789034,-908.4621068680274
928.5304616118731,-908.2772353532916
927.6656766501904,-907.9236134760401
926.8562138136174,-907.910724252302
919.9221419131861,-911.0980283193624
917.1944838474549,-905.5704720243959
925.4703467876444,-901.3709013385276
919.1274714173728,-890.1931860565147
907.4480074500866,-872.4330231892419
896.4695393487931,-853.6216393758755
888.1078272028196,-840.3925800918614
877.3029501012035,-822.1327622379301
871.2626451757768,-812.3728001932643
865.7259533564974,-803.4262313477672
854.4309174702969,-786.1615138911869
846.3884137053415,-771.6664907644108
841.6757980025611,-764.2266237452017
831.3782923779147,-747.8830607184078
819.7607433769584,-731.4378561444004
815.0108921064725,-725.648703497733
802.8417748060243,-709.2683606723001
791.1811332462224,-694.7365845049054
776.2691930965467,-676.6716936424506
760.2924168979589,-655.7531811391061
754.8223043620787,-648.8179538291396
745.0915648933891,-636.8589612961185
733.5515541575463,-622.6657479656336
720.8490742450433,-607.8722261214424
713.3697925350251,-598.6818291180488
708.1383049409832,-592.2581630743049
696.3226011557431,-578.7734325411274
680.4053707771247,-560.1780044330442
673.6441097168059,-552.8431320805784
660.6854682570072,-539.9409636835438
645.3876897251905,-524.6388048755362
633.1675530060329,-512.8307819724463
619.4876144008387,-499.88561351650645
612.4337198848709,-492.5128122272359
612.8491791419538,-490.76909564465836
613.3212149413264,-489.60800195791586
615.0107573428079,-484.94239337277395
619.5811633844277,-475.42257538513445
620.11223915368,-474.20841174056164
621.8296434209547,-471.72518079501765
620.6119404652261,-470.825933792644
619.0233882005687,-473.136293408553
618.1284869882436,-473.80486024747097
617.2228014302149,-474.30455478312393
611.0165687276148,-480.885907364608
607.9477280285943,-483.4520124185042
605.352274566496,-485.1129757864555
591.6746901880161,-471.175476658414
574.4969703345657,-455.94134700228244
568.3574660977547,-450.09120732392796
558.2117596679035,-441.03690067285766
545.273962603942,-429.5144838903183
531.3305771500796,-417.55850165232545
520.1430739533359,-409.56323371607954
508.83887308451733,-400.67870770001076
503.0474986473655,-395.81381573818726
495.9746806287183,-390.7559744872141
490.91344630784926,-386.8373444035724
484.5187405311498,-382.7607784144926
480.344078103696,-380.0960270288993
470.3299355049767,-373.56853004261393
466.1044944037323,-370.6940054052332
459.931551934654,-366.88623243788146
454.88118568795136,-364.39746678081593
447.94454495447826,-361.165166943941
444.4383892665095,-359.4338082322077
435.8312267932727,-356.12566859210085
426.6687656860327,-352.3240937293515
417.188514321678,-349.8043822915049
403.8261751773891,-346.24675027805193
397.79542871717456,-344.83507194272073
394.29532234490466,-343.62507619120345
386.9504880863088,-340.03625053509654
383.9922116329112,-338.59142302023434
377.20272055473,-336.37639357373735
372.134413156094,-335.44933571716297
364.9811239029512,-334.95895040993196
361.87251590608753,-335.4157130098626
360.2572985401314,-335.90842776523505
358.5964193078204,-336.9436720005064
358.11949126993846,-337.42726688115306
357.75098800561875,-338.5615123155219
357.75828974079747,-339.53165871397255
357.8148622596956,-340.44105690296465
359.77345772421046,-343.59550665656417
359.8939426600757,-345.1542603156549
359.90718791785315,-346.49427116051226
359.64465726693675,-347.46552486216785
358.9991128069514,-347.8992521959933
355.50149339302504,-348.34904488609277
353.08772234344855,-349.0215333486697
346.65608635209037,-351.42498977459456
346.0706708980941,-351.858614326141
345.75160576578224,-352.9927577510978
346.7368826361297,-354.81331830813997
346.8453242228294,-355.9444539232903
346.69000997349224,-356.53606344535365
345.40248816857155,-356.8038327018035
341.242162502352,-354.31198297441597
340.27261188174003,-353.18676289345666
339.2173596495374,-349.21594179760973
338.7813028250029,-348.309549314975
337.5948777518829,-347.4593411433399
335.4376938788363,-346.71699401860684
331.5123674536583,-346.2125061249471
330.3789908425184,-345.83978773724164
329.4021008428842,-344.9395977297791
327.3978402414016,-341.9949128859131
321.4416396151139,-336.7141682131809
319.14830419427255,-335.1245645385646
313.71729761237094,-331.4484397666322
311.13027358823047,-330.66011746881446
305.79570532658136,-328.8148551728183
301.113979256719,-327.45593958110425
300.0925225898676,-327.35512649453943
297.08751353693253,-329.19975524466383
296.6081445876229,-329.1538860593169
296.0143519875995,-328.7780547938769
295.40605242502664,-326.4740000287911
294.9001157015765,-323.35530214953457
294.14363642985654,-322.8847153760524
292.96567917412284,-322.8847513019858
291.4613728809481,-323.5962977320196
290.4918668799072,-323.6541807364592
288.92840363015415,-323.3954821139184
286.1293351993292,-322.33933671612317
284.7284809702389,-322.3513479885124
283.2325946070176,-322.5732311395035
281.93790499598583,-323.2357937550708
280.6479579564813,-323.2977748159837
279.84564113169483,-323.1929632799884
278.3316907613818,-322.5554195056257
276.8249167324834,-321.70820550231855
275.57946733115335,-321.2395265271401
271.7047603421828,-320.62020310527663
266.32931773713364,-320.0077026064393
264.8743352460665,-319.58810393949284
263.1507694510257,-319.0126066482415
260.9899058209134,-317.63275498782747
255.37363240035143,-314.6072568609517
244.98040628818615,-311.8836151835679
243.0978442986389,-311.7298518742097
239.00878067589647,-311.763868512668
237.28873972906786,-311.76989593967386
236.888881962105,-311.93977622074874
236.38062501302957,-312.15753807614595
235.467755119405,-312.7561467592233
235.81584218941828,-316.3024703177106
235.1245392117619,-317.1588217405495
234.26820342630765,-317.59653578889873
233.5202628119558,-317.8213854137438
232.38807031203737,-317.7713394425802
231.306487127163,-317.7284739560083
228.34590420848028,-316.3545192713494
222.68128628916418,-313.27414193866304
219.98579439755463,-312.6455935401747
218.15376206834614,-312.660597405967
211.71005185862694,-313.2953365399596
208.59661128805763,-314.2816106142912
205.5963319556154,-315.3258347071706
202.58887890676084,-316.801766320398
196.7546148080035,-320.00937627578696
195.68633520612514,-321.1984910835688
194.78658872623436,-322.5474980144053
194.03507628349865,-323.79256470982637
193.45576081594464,-324.6588856500445
193.03537774653876,-325.8420022415196
191.60115371175416,-336.0641810194328
191.3842795594344,-336.5967386064525
190.68460610900564,-336.76063805670844
188.85138744003257,-336.13814845065156
184.84524409522388,-331.9204920866723
183.93235268012026,-331.6586717126869
183.28437320059226,-331.7636187157779
180.8755356270071,-333.1835735980804
180.1756931861493,-333.2395452161722
179.4722506793312,-332.8139346805588
178.2364899389651,-332.22534613402604
177.3777203797047,-332.2313468613657
169.89469411764725,-339.05622332706605
169.46585858751178,-339.44085823388394
168.5601612897165,-339.87856728884935
167.6989680866886,-339.8237210681542
166.72451768485578,-339.03134182470217
165.85495483352776,-337.910192073193
164.38909504605826,-336.19056590450845
160.66729085756188,-334.8725619018643
159.0521301604519,-334.3580898021752
157.17441154178556,-334.3641055092311
149.16965170037292,-335.2795183050922
148.5795425061853,-335.12571639093227
148.3060307044223,-334.8079242630959
148.1928605902051,-334.20734476223475
148.43732779190537,-330.2853589518134
148.0507263659063,-329.15731752109764
147.08354760069108,-328.5787953602576
145.3009446715683,-328.101030679145
139.28832146285632,-329.11136484614065
137.41060627920714,-329.2873468800831
130.8318845485257,-327.1830601204543
130.18991208961918,-326.86826489993746
129.2636561943271,-326.28674795568503
127.58709472129287,-324.15147007918745
125.69123251843251,-322.3858599603615
122.23207776718085,-320.2045207870247
114.9005571396832,-316.5474592758845
113.22995149991701,-316.239657488039
111.28960206045623,-316.3077080897636
110.5440847941428,-316.90221332521173
109.84549765630652,-317.1180754725463
109.30591636887759,-317.0131469716551
108.49891743526484,-316.22075990458086
108.05444223604994,-314.71497273463683
108.5241776784707,-312.2898001742898
108.56272992082229,-309.5479333211561
107.85327275223638,-308.53370607522726
104.75299381387308,-307.27961172796836
101.63225481786628,-306.0167387910861
90.8344426892254,-301.4972757034765
84.66646834273693,-299.3989382834217
78.44187733622556,-297.62138616608604
71.30674433482471,-295.88982052954134
59.4960389964268,-293.40079512362064
49.541342034067505,-291.97086758824656
34.14609812742237,-290.3233009677191
33.7775545205768,-290.326294706382
33.189873593283274,-290.6899770896477
21.883851198261798,-323.4957510734473
9.33707465317596,-359.4839635462668
0.017104934266874285,-387.1325483325006
-0.6272892084076992,-387.76714349510735
-1.3680585402421994,-387.81412460388026
-2.8616230435439256,-387.2285052472432
-5.923335899390276,-396.4744218490605
-23.43619876344791,-447.7717669572432
-40.77578773238983,-499.0821440615633
-52.407434486496285,-532.359426678551
-57.14349110252277,-530.5297271557206
-43.680988563066926,-491.40504704774486
-24.661074433439218,-435.2633972159158
-7.608306561938649,-384.26788972876005
-28.063451342737725,-377.667842482836
-61.70370581970252,-366.04068878178253
-69.65545591692012,-363.41577243374996
-89.75282193675694,-356.54488106735334
-133.6765909704824,-342.0205995265289
-165.95432922009243,-330.8825619333913
-197.08419364220808,-320.20327918173285
-198.32711512673367,-319.77154534898625
-218.84712916934507,-313.0243617417497
-225.88708081805285,-310.54407080633246
-227.31077758642576,-315.97590127632003
-226.42796367573453,-316.23766020564744
-229.74052832666547,-330.4776713810985
-233.54772303926276,-329.67012166471545
-229.92931764616725,-315.03850938753857
-229.07773693140942,-315.2603687119461
-227.4805024995702,-309.99552034767146
-244.57260791678493,-303.9906850377864
-265.2822742318164,-366.0772297064486
-282.66358414187926,-360.20129311484334
-288.70140144050316,-358.142619536979
-339.7116590814807,-340.73048260797384
-360.1713446123946,-334.5894664058077
-360.6615784199319,-334.8362239943117
-366.259980313482,-341.0812195940124
-367.10798434429284,-341.2600350146035
-368.6773719117358,-341.25399016126624
-369.46146726189033,-340.8902797827575
-370.35878697315576,-340.00588169252006
-371.08137526512525,-338.58195465325764
-371.19934267270594,-337.61469611623573
-371.06801063277976,-336.35169509290637
-370.157339201404,-335.3254254894359
-363.7133502780122,-328.72087343290104
-365.15498624410367,-327.20096226989665
-357.8569634558719,-319.67197635563923
-349.589407980673,-311.10993253421066
-342.04207607974257,-302.2770407660344
-335.77619046320217,-293.61396879104075
-330.40774804901304,-284.9477696843857
-324.9777378440191,-275.4422918594144
-319.5370065166868,-264.66582514848835
-314.5682587170365,-252.5642904303838
-309.47541019443497,-237.45216972737006
-313.2549081850839,-236.3209077454144
-341.53593433919747,-227.86951408293086
-364.9366540795006,-220.73609106734227
-371.350209319067,-221.78908249248184
-369.2971914441164,-234.1136969398223
-367.3138968779033,-246.31731401875663
-371.0078592405583,-246.95775251605573
-375.2839318710857,-222.5504044164863
-391.60164705756455,-225.20863097466906
-409.82848255264406,-228.16260065453682
-416.09882294951336,-229.20359861881693
-430.7098849939363,-231.617949177765
-449.3936914677029,-244.5631586092963
-482.6420321251888,-267.573857627228
-498.1135230344564,-278.115909466378
-513.6947046979525,-288.73483594690117
-516.0682563091264,-301.6467575615677
-519.0513098711073,-317.93311219182823
-520.5813867380349,-326.1656110470861
-523.8632567858718,-343.7938539926015
-528.5137538657029,-368.8642000925853
-512.6599669028626,-376.36020330516624
-497.52887637159057,-383.6843773691107
-470.16834409312975,-403.8751956437141
-459.56214099568393,-409.3575447524524
-440.6621033440502,-416.1790796350487
-422.32582217218857,-397.75609396551073
-417.9583639270576,-393.80048843007563
-416.93213529620823,-393.62158547763926
-416.01800854769135,-394.0433585071495
-414.635318506792,-395.2604404385426
-414.04526805191676,-396.6563358203109
-414.04531442963906,-397.7345092164772
-414.65710210869327,-398.822631058847
-437.0815411301312,-422.3196142759722
-437.21294735383367,-423.16088077983767
-438.2585745029163,-427.44051014998377
-434.9487886521731,-428.6637671053214
-444.1569346333837,-456.21297437355634
-446.43961934610417,-462.9816505418473
-452.26524539116383,-480.26307292810264
-455.15401398812827,-488.90428250955415
-460.6857468219994,-505.4522679669957
-462.46136496373254,-510.7700336201832
-470.68786381655025,-534.939008358216
-510.5526841802762,-521.6712268036567
-520.2659865156276,-552.3169988697766
-530.0237111525371,-580.1770029887385
-490.8174655692014,-593.7905560651211
-489.9550454397952,-591.4434364312034
-443.1412517686745,-607.2604068794884
-384.7560415846119,-626.5211093504048
-381.5678567233716,-627.5753700994658
-348.2498514462296,-638.8379504635292
-341.3421426822576,-641.1703991527153
-329.4757118960757,-645.1907451547091
-315.46651723260084,-649.9235451223387
-304.9961089227476,-653.4761977772848
-295.3483199134744,-656.7339595856487
-290.77484447725624,-658.286871423522
-286.17255442264013,-659.8397819346508
-271.7996067104397,-664.6985104060238
-272.5982486938379,-669.6955487457848
-286.1281962452603,-665.0898044043289
-287.48073061111586,-664.6180571898128
-361.2642950659361,-639.6778452975927
-390.33897640713127,-629.8483685580637
-408.0193370310088,-623.9081577277356
-432.6891921558934,-615.6124594204115
-456.2664682353828,-607.7124488234458
-481.4891070780616,-599.2538107468376
-491.34882001762907,-595.9538574793015
-526.3069066374746,-584.3489558440816
-527.5789241351348,-584.1580688210579
-529.1495170227183,-584.0899546625338
-532.358196930969,-584.1977047705336
-533.5012666839356,-584.0188935701447
-536.9809808890301,-583.0913455290842
-537.179745375067,-583.0393658706697
-540.8581325186539,-581.930064985541
-566.6744023496271,-573.0763685078197
-593.632354036898,-564.0328121578231
-632.0518354484183,-551.1912380158342
-632.6528838714557,-551.0062662523151
-633.3888500651439,-551.4349335742268
-637.4903093410676,-554.2015649534711
-641.7518772727401,-557.0750137182799
-644.3006913331717,-558.3968997840153
-647.2022668542262,-559.5886904297569
-667.9849982614711,-570.1461656109383
-675.3723116226158,-574.0676308120079
-680.5830974168167,-577.5394819808013
-688.4126143005656,-583.4764083038204
-692.1853615706401,-587.0773296884806
-693.7018697139845,-588.6419629963752
-695.048677810881,-591.4117602675578
-699.8964013851141,-603.5850195606849
-708.0722760845529,-617.25384869808
-709.4804503075142,-619.6669414899409
-717.9610812627267,-634.1681341098667
-719.9862483029225,-639.5348087808311
-720.7247169775826,-642.0118882033267
-720.8719945816437,-645.8718143774126
-720.5746501464992,-647.7483903366982
-720.2893365742469,-649.6869087086479
-720.5424745891027,-651.9202410049398
-721.1664856530248,-653.8456243318419
-722.3193092493589,-655.5952124726803
-723.9684637230732,-658.3589978775831
-725.7537808453213,-661.5204668316279
-730.8072852540924,-670.467054956168
-731.9010701622635,-672.2656225212315
-732.7071412035973,-675.1623343673652
-734.3624176608257,-679.2691205671033
-740.4797057004097,-691.6689874691685
-748.3028000436614,-706.7867429586307
-753.6975411701565,-719.2606699025424
-755.3467117123084,-721.9754735492219
-756.7393309408445,-723.7779048595601
-758.2016462503072,-726.1189680612413
-760.1087358721097,-730.0967559155645
-760.4774774148851,-732.3890286625656
-761.1052538674151,-735.2937317826916
-761.9642406878199,-737.5827737549868
-762.8797306644921,-739.3884338180211
-764.9469288546551,-742.3369114609783
-766.721390943905,-745.1616250736269
-768.2513788907278,-748.7756613831831
-770.7595535961143,-753.8375567142538
-771.6812558719566,-756.0028058486552
-771.869202731882,-757.4577106634824
-772.3595308525154,-758.4798857171237
-773.4447971175064,-759.0194336049899
-774.6578738286931,-759.9185615330368
-778.2438400640202,-762.8479618270587
-779.529160320575,-764.7804694019406
-780.4400133827027,-767.0076618587748
-780.7594074605439,-769.3617812805658
-780.6559830145243,-772.0816100240262
-780.8525627389755,-774.9225081208658
-781.5983574559014,-777.8181231099611
-782.640516554206,-781.2564411315059
-786.9931176663347,-790.5329207871908
-788.2197410470116,-794.6336474642563
-789.9424790914011,-798.9681418474403
-793.7052444818426,-811.7020212173862
-794.8064628838886,-815.1922016738691
-796.5870208954053,-818.7473612925243
-798.2325606066595,-821.6409053564923
-799.9310188072525,-823.1346854537368
-804.1145133403604,-826.1909052271658
-804.3626640689434,-826.4217006373026
-806.7334208271237,-828.6517607363199
-808.4439897182582,-831.1167815105662
-815.3949192774957,-841.8259045543375
-816.7934700737566,-844.2969350872498
-817.2261840764462,-846.3513016304546
-818.1453383687842,-847.790083872909
-819.4787544727552,-848.3904514951222
-821.5300238310767,-848.1965666534684
-823.5210868772601,-848.1223837451332
-825.5181211486017,-848.5318764194424
-831.0303326615004,-851.6958973375498
-831.0519648693753,-851.7078651917662
-838.741975625859,-856.5415693485415
-844.6263646438788,-860.7926999774378
-846.5092091793206,-862.8290829751057
-847.9728833882899,-864.9393158150247
-849.2571361324776,-867.7119885910872
-851.3401500988468,-872.2873303880561
-854.4301707836204,-877.1452672828788
-856.6466532292286,-879.8628952739018
-858.5150223949208,-881.5295125100697
-859.4125359682896,-882.755431124959
-859.4077571158134,-883.4858837964262
-858.6670677409577,-884.8100005601186
-857.2073460836501,-885.8792262529377
-854.7200738441206,-886.6779275793361
-854.4130465830663,-887.4632682872267
-854.9479580113057,-888.1377145848043
-855.9151397685623,-888.5783138721804
-857.4907540576523,-889.03182607726
-859.9671936850104,-889.4412688713346
-861.9690947150605,-889.0583579851318
-863.300112568321,-888.8984429325678
-864.3685046831268,-889.1790370206654
-871.5225034934285,-893.5990094886945
-873.407666001509,-895.2754973009521
-876.5661551305775,-897.9122395013165
-883.7950933023391,-904.2735849542546
-886.5295981919016,-907.2740427845198
-888.8413515084294,-910.4653561615928
-890.0124208954518,-912.8754509866001
-891.0497996957132,-915.5242542139518
-891.4859282285906,-917.2678031450355
-891.4969207019807,-919.6281312962792
-890.4830780680113,-922.2291456719611
-889.2785456752489,-922.8477923347684
-887.1658809932732,-923.1007478697369
-884.1472564094081,-922.9960910439937
-882.576605962121,-923.0121948056254
-881.9731390280493,-923.436975696126
-881.2553799085282,-924.352326063863
-880.9640322375266,-925.8001901804977
-880.4257488453101,-926.6536804958515
-879.2212091311865,-927.2052954573281
-878.5033659445553,-928.1206456229838
-878.5034809349773,-929.3807579355282
-879.3576097488464,-930.1080399616013
-880.7512519250769,-929.7282729197615
-881.7616955211779,-928.2773505521192
-882.723947425177,-926.8143630223019
-883.8019286453839,-925.9639152193648
-885.613442121266,-925.8897359550211
-888.1563229894381,-926.6589552131942
-891.7807540800609,-927.2411465261196
-892.8106376796853,-927.3979541485231
-895.1089164375361,-927.518634890827
-896.9891952459925,-928.6545858372597
-899.1203154635824,-931.0515230348781
-901.8583963199949,-933.7561244700584
-902.5618591934594,-934.4806256149129
-910.3041286945133,-942.3976670760209
-920.4616712041702,-953.5711331637334
-921.8037940376854,-955.9131797040341
-923.5759549294968,-959.1075286087462
-926.6287117994626,-964.8838220583136
-928.6796498200856,-973.1411350969067
-931.7794626563052,-979.1982119249346
-934.8130893030162,-985.6738353283785
-935.0277147237883,-987.1987567449121
-935.3808303957836,-989.7406918541869
-935.8376230100201,-993.4437793928241
-935.6970748512177,-996.1736870419063
-935.0696859491924,-997.9763877325853
-934.4048765897519,-998.8816622995678
-933.3594496648832,-1000.4436125915757
-933.2306964402069,-1001.6516689825775
-934.0692002018465,-1003.0595258758418
-935.2714672834968,-1003.980678533483
-936.6989739941255,-1006.4916870589885
-936.9208652909884,-1008.8637645486926
-936.480290829121,-1011.3409407771302
-935.4301720920142,-1013.6212743542337
-934.5691537213487,-1016.0334558492923
-933.4033430565911,-1018.1439301550133
-932.0640272760625,-1019.0344075190137
-929.5672571627672,-1021.2319900854473
-926.8873286387706,-1023.4405618739006
-925.0482685295324,-1025.5949889147807
-923.7715338251185,-1027.6345520980344
-923.0899912027903,-1029.1374156636095
-922.837239513203,-1030.656297451158
-922.9480851597425,-1031.6854831394382
-925.4719667739597,-1036.05797854161
-926.95516642547,-1039.2612317726337
-926.7384467782952,-1041.140797692086
-925.5858407719264,-1042.5209173740914
-924.7319031217472,-1043.0545496439515
-923.2202287270111,-1043.3904453471614
-922.1832327111468,-1044.1019450062595
-921.6184735512626,-1045.8586550241982
-922.3412515028891,-1046.712026718304
-923.9662723064957,-1047.3462659653962
-925.4166274767459,-1048.578209660468
-926.3755640986922,-1049.9281021623385
-928.4703947511944,-1051.5356330170116
-930.8855201830096,-1052.2348303185495
-933.0344140917462,-1052.373570763179
-934.3269622242784,-1053.1927726114798
-935.2871650020223,-1054.6625607798194
-936.2318071529355,-1057.5802872752884
-937.4232645761259,-1059.7793078010875
-938.2364128723632,-1060.6266846298258
-938.6821180620346,-1061.0702189894575
-939.8120946691366,-1062.2991992996751
-942.7384831350937,-1067.6137672374812
-947.3359502544916,-1077.2539262537834
-948.8047069811984,-1081.2277279345099
-948.9049012526517,-1083.4679504913288
-948.2015699083526,-1085.072759952687
-947.6079069869276,-1086.7465839415602
-947.9079528372089,-1088.018536405903
-948.8668846135823,-1089.2474326972972
-949.6981013802877,-1090.344574848399
-950.3559432794715,-1091.5705082593431
-951.6669098603462,-1095.3015392207697
-952.0264866516164,-1102.2861330786045
-951.928128804082,-1106.8026164326968
-951.3633893708981,-1108.7411679796082
-948.8123069921024,-1110.0384383776448
-943.7463636351271,-1113.2364468268916
-942.3768826846962,-1114.1058817076828
-937.1989791459986,-1118.622960483943
-936.2787968975953,-1119.9450055368995
-935.6573843617651,-1121.447863939738
-935.1022812086196,-1122.8927624764501
-935.0903242953082,-1124.4736640224376
-935.4410549103119,-1125.6257152091318
-936.0940583991464,-1127.7639419359423
-936.2616529266859,-1129.1628863064125
-936.8270927738926,-1134.3787352016145
-936.8116573430541,-1136.258381244031
-937.2248328581179,-1137.1116820937525
-938.3137150552386,-1137.370321395435
-940.7325558426788,-1137.4010070984255
-942.2985372206489,-1137.9644281068572
-943.8078799528093,-1139.2583063866748
-945.0643282756888,-1140.6071702027837
-945.8330284501413,-1142.0738837481847
-946.6668446477618,-1144.0822205143872
-947.4462114101281,-1145.2992645337977
-950.4267797559567,-1150.062319473827
-950.5990835493509,-1150.9156435047955
-950.2896753048801,-1152.1237177030644
-949.5007505625819,-1153.085163286787
-948.8817307164265,-1154.2902755326977
-948.7553523001249,-1155.019642718443
-949.4156017786698,-1156.0547586094217
-950.244349415563,-1157.462614741461
-950.8998448422881,-1159.4071302017585
-951.1878606772892,-1160.6211302384213
-951.7711599980661,-1163.9054630238563
-952.6675068295157,-1165.6151485940259
-953.5601780424954,-1166.4712939232875
-955.4947304871674,-1166.9177720218784
-956.9390336148474,-1167.540153555857
-958.0799005595513,-1168.9479779585904
-959.2171758192288,-1170.3497179809824
-961.0108977954231,-1172.3150662417072
-962.5094859274816,-1173.7258468217321
-967.6643494227079,-1179.1200811186445
-969.7050634661986,-1181.2583653037861
-970.6568052590289,-1182.2963430139678
-970.7713084014805,-1183.0847367644737
-970.2787712845549,-1184.600651205944
-969.298343515696,-1185.672837538182
-968.3432758575236,-1186.4463768026594
-967.9674985200728,-1187.111930802987
-968.1351172869155,-1188.6957068646577
-968.839943038185,-1190.2794288697905
-970.212157038562,-1192.4115958118584
-973.4115016854058,-1193.9580593758706
-974.0609058300819,-1195.0631974496073
-974.7115949456927,-1197.309348512044
-975.6537610193586,-1199.4386655095636
-976.2466297905338,-1201.4440315294385
-975.9890982899767,-1203.560403124232
-975.1279810836105,-1205.0642856715394
-973.7248180118274,-1206.6321612039496
-973.2141960652126,-1207.717467059654
-972.9228476870279,-1209.1064822544718
-974.6515534733497,-1210.6101026541353
-977.0787911502637,-1210.8996234744134
-979.487890757754,-1211.0501970724147
-981.304329895222,-1211.2558911929166
-983.7040493407652,-1212.7874706274276
-984.9654699149695,-1216.0557722123192
-985.1873597266836,-1218.250097595888
-983.4360395574237,-1219.4234085207725
-983.1193423977124,-1220.3916910999073
-983.6603256856574,-1221.3678658698427
-985.1780293473851,-1221.7494448459477
-986.4464676144239,-1221.7592897174038
-987.6571030183906,-1221.709092282944
-989.3772726429422,-1223.0030413775742
-992.2624483184771,-1224.7903216632783
-997.7265628191434,-1227.8733550695279
-1006.4614834589032,-1234.3794822513585
-1013.3292224839032,-1239.4068401273653
-1017.6249243455783,-1241.2609946032353
-1019.4258670105984,-1242.557722681252
-1021.4845498198272,-1243.783502520231
-1023.4818512003633,-1244.2830259847713
-1025.4067337003157,-1244.7263988393088
-1026.799218387065,-1245.6505119071198
-1027.8857882048128,-1246.0172677166531
-1028.4964849657297,-1245.903290700777
-1029.831120591814,-1245.5542308337028
-1031.038109626776,-1245.7450185934956
-1032.5523498960433,-1246.4883750957965
-1033.9376831750822,-1246.918836903968
-1034.969906549409,-1246.7468608251
-1036.373085932445,-1245.3687961806688
-1036.8728116096015,-1243.9737718416275
-1036.9473108336829,-1242.4050329165925
-1037.5591156614028,-1240.951045610687
-1038.2974307823247,-1240.044659085648
-1041.2845081599064,-1237.8909847061216
-1042.6769391411126,-1237.5431137708727
-1044.310271700226,-1237.4350097959286
-1045.0355343402778,-1237.862648908001
-1046.4231231080716,-1238.3031831913377
-1047.88066943186,-1238.435888489349
-1049.5827207028367,-1238.148928648138
-1050.5451191820316,-1237.978953462332
-1051.7039991213387,-1238.1676491821152
-1052.722967448579,-1238.234468471522
-1053.9503897259347,-1237.3970525986392
-1053.5912754845262,-1236.1240129567425
-1052.4468616150186,-1235.3237631839613
-1051.731134403122,-1233.4962653911878
-1051.8635572519777,-1232.3471582658706
-1052.3585024023314,-1231.5616913600709
-1053.7279661699065,-1230.4732949473369
-1061.5934186055338,-1227.4289312035244
-1070.5801993395535,-1224.1744676249787
-1073.6639590528537,-1224.0602123981573
-1075.849018191228,-1224.5894288675213
-1078.3352523212325,-1225.0918787394269
-1079.9071607131098,-1224.6849317102956
-1081.4982735084795,-1223.4867840771294
-1084.0854470358431,-1221.4280012766515
-1088.6468511525657,-1218.9873602998648
-1091.8061579775863,-1217.8038958823504
-1096.2978788662779,-1216.6293558261316
-1103.9538585392538,-1214.515127896663
-1106.9772105647235,-1214.240973474854
-1109.155152644851,-1214.619464540812
-1111.3246457296684,-1215.6043219291785
-1113.9324876487733,-1216.1187182901779
-1118.4447759349248,-1215.8754093803602
-1119.9613090727896,-1216.2079911608655
-1122.3139452628245,-1217.0179671662697
-1125.924411983999,-1220.6897545267507
-1128.426448885679,-1222.7509458066897
-1129.2012602606685,-1224.756281016261
-1129.2472084163758,-1226.2781251870988
-1128.9330402689295,-1228.0348174996882
-1129.2921712989526,-1229.3687003991822
-1129.7608610764814,-1230.5207305044335
-1130.9607882661412,-1231.740602834842
-1133.202541056392,-1232.7904822300884
-1134.8252192172956,-1233.7146523407575
-1136.085360570814,-1234.885540845677
-1137.1731029902248,-1235.2552766226213
-1138.2234532000573,-1235.1322634120747
-1139.734929105029,-1233.6341744765043
-1141.0070228409481,-1233.4651510538706
-1142.6367921895264,-1233.6097913102267
-1145.000200374809,-1234.3490394049663
-1147.946774759812,-1235.9534283052294
-1153.4221617124151,-1241.3314650802865
-1157.5651030998893,-1245.734625972668
-1159.8746094512824,-1248.2664414462122
-1165.4293094001291,-1252.5734715015342
-1169.8637964903567,-1256.660790756446
-1170.9735172278154,-1259.1596330446866
-1173.8047867267337,-1263.7217445036565
-1175.6130342077754,-1265.1264691151555
-1177.666868525311,-1266.115515002133
-1181.224138571205,-1267.4769334682221
-1184.5476564114726,-1268.353905176247
-1188.231298309891,-1269.0528815402909
-1195.6118555980356,-1270.3858926867247
-1198.2595775147781,-1271.7386399756624
-1200.9158581419026,-1273.40199955059
-1203.3263494781454,-1274.5107923487612
-1206.0403222586938,-1275.3237948351943
-1209.1748800189325,-1277.22100036749
-1210.8023875947208,-1278.5736727814508
-1211.6385625843907,-1280.2093288060685
-1211.9904333407967,-1281.485355813489
-1212.7687601189934,-1282.711355537657
-1213.793967789713,-1283.1977952214122
-1214.8273385702792,-1282.8469522399005
-1215.3741251723525,-1281.9435687807184
-1215.681210885947,-1281.0931815504246
-1216.6568288130632,-1280.4335270374493
-1218.8960647864176,-1280.5720924644888
-1222.2774104744258,-1281.628888773435
-1225.7142023214617,-1283.2391763729731
-1230.7714049629853,-1286.1812854247032
-1231.3678621878134,-1287.7060510051074
-1231.1717427221772,-1289.5856204720817
-1231.8272872450586,-1291.400145290598
-1232.6572853925961,-1292.3762689934729
-1233.197182461113,-1293.7720680176994
-1233.3671982037856,-1294.8043343385993
-1234.9367585104342,-1294.9369969500501
-1236.6953304242454,-1295.0816047475887
-1237.4227735006502,-1294.1782965907948
-1237.3791991125206,-1292.4156620232309
-1237.5103249154429,-1291.0886028538928
-1238.7871672376862,-1290.130263011988
-1240.8504297023721,-1289.6552983747092
-1242.7283769388127,-1289.9818293390772
-1244.4810600903384,-1289.805747875561
-1249.6292184143758,-1288.8188762844047
-1252.3515688969242,-1288.4827720394942
-1256.6565590315715,-1288.0295563537882
-1261.0761370154796,-1288.185781683496
-1262.520476923699,-1288.799239722046
-1265.2887287349788,-1290.1017796864664
-1268.0654869131808,-1291.9350748042523
-1272.567546607662,-1296.2130550749303
-1280.8340762175596,-1302.7409390876057
-1282.015952227323,-1303.6711277927666
-1284.239681505743,-1304.6010776776795
-1287.0826103035133,-1305.285166159986
-1289.9181745710378,-1305.8573379527058
-1291.8575736133107,-1305.9960263289752
-1296.3748851073258,-1307.4223087367777
-1304.6340628688174,-1312.5132090549293
-1308.6119075374656,-1315.1476021742483
-1310.351520769386,-1316.4903674353527
-1310.6431369926725,-1317.4026194262938
-1309.8567000993967,-1318.0682425486557
-1309.36900290756,-1319.21041907849
-1310.201408029464,-1319.9997084522802
-1310.9579305794796,-1320.4612374249173
-1312.3095979587242,-1321.2874622478741
-1314.237072206266,-1322.7629652633295
-1315.9790760088665,-1323.858953575667
-1317.722184678902,-1324.48114024897
-1318.863083662598,-1325.6020474486925
-1320.1329782617672,-1328.2119691973303
-1321.5234292387938,-1330.4550025031986
-1322.553449924158,-1331.8528238496338
-1323.0897707970512,-1333.2486182474127
-1323.7607800751914,-1334.4037031056148
-1325.5052997322916,-1336.1571258374522
-1327.2027904919687,-1337.8634738608916
-1329.145878600533,-1338.6585932443286
-1330.5359400734458,-1338.6613936609344
-1332.109106168003,-1338.2325606198244
-1333.809703038013,-1337.027174502132
-1337.5110733068864,-1334.6086791003738
-1338.9046588004708,-1334.1306943224097
-1341.0860335989914,-1333.708857284028
-1342.7245259939043,-1335.1714276353687
-1343.2619693649613,-1336.8081112277812
-1343.5020078419764,-1339.1703006795476
-1343.9900725951045,-1340.6830048339978
-1344.8310446575974,-1341.7800113697376
-1346.1646641367872,-1342.5132691701447
-1349.7408377491734,-1341.9122878240532
-1352.5932057737293,-1341.3043247898654
-1356.165923088464,-1341.075998618208
-1357.5620846186744,-1341.6893493934692
-1358.952374779349,-1342.7173516185162
-1360.467902780303,-1344.6026666607688
-1361.1258297599018,-1345.937595690455
-1362.0933418753064,-1347.6340659606458
-1363.4836339329242,-1348.6660574299672
-1365.062817246202,-1348.850665959486
-1367.2997654420196,-1349.2201129030188
-1368.5719318097074,-1350.0702805197443
-1369.7246733809052,-1349.8303233236643
-1370.570133579182,-1348.9858394718742
-1370.7566223938495,-1347.1092611196545
-1371.4321686574515,-1345.4735035870838
-1373.0075958374596,-1344.5059266965952
-1373.9749376516058,-1344.9953499610901
-1375.188235027642,-1347.114613953715
-1376.150775767341,-1347.9038790043878
-1376.397777340776,-1348.0856835872578
-1377.4914680246638,-1347.8447364271733
-1378.157463467225,-1347.1791250508438
-1378.4664040997154,-1342.452739761176
-1379.269981482097,-1334.9384375641087
-1380.0598294036733,-1332.4552072952092
-1381.9446824906772,-1330.7603247166526
-1383.5236808580491,-1329.6758413668922
-1384.3773609640482,-1326.7700706632563
-1383.8990137540152,-1325.4981578654924
-1382.6279752413536,-1324.3461558099532
-1380.8702751884707,-1322.7626154715147
-1379.1860764742448,-1321.1881413083283
-1378.215023603376,-1319.848270922423
-1376.3995375213424,-1318.3326661561775
-1375.25130946135,-1316.813973318037
-1374.345279058486,-1315.178441309493
-1373.9222129033876,-1313.2340216827554
-1373.9856804111162,-1311.413419139892
-1374.2361664229861,-1310.2671835323924
-1374.3516737571167,-1309.6567116279657
-1373.2602833303579,-1309.598914013187
-1371.628255967798,-1310.1346916248717
-1369.6309994457315,-1309.586463840958
-1368.1189577990428,-1307.5232996480638
-1367.395939970195,-1305.3969826836048
-1367.2186673413125,-1303.9460790249425
-1367.160580599753,-1302.495258181079
-1366.2534088364391,-1301.037475797461
-1365.105184436949,-1299.5187817097578
-1361.7344124522979,-1287.7504365860711
-1358.0112844523062,-1272.5277799121543
-1354.2970618428956,-1259.9669852922168
-1352.1986099068686,-1250.055857603883
-1350.3712016546026,-1241.4239546075103
-1350.6064052746706,-1226.5913497054091
-1351.3204389738833,-1224.8784829811805
-1352.230968060801,-1223.5474225158023
-1353.466728300409,-1222.8078196855124
-1356.0746482049221,-1223.1771173869358
-1359.2221822992524,-1223.426541308759
-1361.7685858517004,-1222.8865467723288
-1364.2558038225286,-1221.9778927130367
-1365.9553073742902,-1220.892497259689
-1366.027356186398,-1219.503601050237
-1365.7851070888678,-1218.6502944498652
-1362.0845674665024,-1217.1290689131893
-1358.0913048774346,-1216.3251684498882
-1355.5990742057272,-1216.624263866016
-1354.082528497857,-1216.2607974396785
-1353.117631316614,-1215.8323175464216
-1352.6742757769123,-1215.059934210168
-1352.762828809335,-1202.1288383988547
-1353.9471278185463,-1187.0683753058486
-1354.6767685426535,-1184.7060491865288
-1355.5943149845145,-1182.8233829215062
-1356.7445530833538,-1181.5532339954098
-1358.0140551641439,-1181.442235375203
-1359.164472068917,-1181.4420730209
-1360.1966729962455,-1181.2020341703803
-1360.5628093415055,-1180.47452293205
-1360.263975850745,-1179.322479974244
-1358.6278954102613,-1177.619021403864
-1358.2073819458042,-1176.5350234395255
-1357.0615434831684,-1174.6454660750287
-1356.5169072740005,-1172.8899844460864
-1356.4080643009954,-1170.4098745562558
-1355.1441335674774,-1167.3694453546605
-1353.4973528787937,-1166.765106602329
-1348.9622465330876,-1166.0852647807192
-1346.4782535035422,-1165.4751569910115
-1343.5087502674166,-1163.0384378578788
-1342.0605639960927,-1160.4975687887465
-1338.577386240298,-1154.8783715580144
-1332.8306061148692,-1147.229123485848
-1329.4487383577136,-1141.5330033903904
-1323.410245059066,-1132.7317045662526
-1322.5053584929142,-1130.1127550859317
-1321.8701550176058,-1128.0664196983607
-1319.9041908497632,-1126.4100806004476
-1317.608065544975,-1124.712590522277
-1313.2492345346639,-1118.704886831597
-1310.9299487605933,-1114.9590804244076
-1310.6540203174334,-1114.5124480411903
-1308.4215692697592,-1111.1723028586391
-1306.9048696853663,-1109.5397396833084
-1303.2776466958253,-1106.918364572938
-1300.7309842049733,-1105.3390055421605
-1299.2262716789223,-1103.3946283851762
-1298.0781822909805,-1102.0047998156845
-1297.5334441518746,-1100.0024392543694
-1297.2958029679735,-1097.3285361184655
-1297.734375489974,-1089.3337030602709
-1300.4900191129284,-1078.0660362631747
-1302.6224178742082,-1071.6417000400081
-1305.8540931438781,-1062.0685798471952
-1307.132955116426,-1059.650423444925
-1308.9538591366058,-1057.225011343203
-1310.921762651744,-1054.8404754115143
-1311.9948984912014,-1053.5404177983
-1314.2493931735605,-1050.8102164906218
-1315.5175508211269,-1049.5399563965839
-1317.3362203058523,-1048.5145013108868
-1319.0394229291528,-1048.4003562618145
-1321.0956293191093,-1048.6458525158
-1322.1918099098602,-1049.136460480079
-1324.6142748064387,-1050.1643262685532
-1327.5244549048844,-1050.2908044024005
-1329.9443412301873,-1050.1795509940514
-1332.6086965880431,-1049.513666191839
-1334.8008135718226,-1048.1204862451361
-1336.8048855110565,-1046.4284879326835
-1339.287240816892,-1045.097110197074
-1342.0191296019882,-1044.8010776865867
-1344.9977437122043,-1043.9662728500025
-1348.330544606778,-1042.3939830750292
-1350.8177257591526,-1041.546278058888
-1354.6385692602933,-1041.4378141869656
-1357.788439894166,-1041.502306144597
-1363.5484770918974,-1041.631463178971
-1365.0602078835568,-1041.214503230242
-1366.8223565228807,-1040.98044469134
-1368.2099867780291,-1041.2211381514398
-1369.5494094509718,-1041.3438367983076
-1371.1225525384677,-1041.10681192563
-1373.067798101649,-1040.4410183133568
-1375.4971636979915,-1039.472421002563
-1376.0344721483443,-1039.6571766215145
-1376.1585944069923,-1040.3255679174636
-1376.0961806202906,-1041.9064774224457
-1377.0070349707064,-1042.9944943465487
-1378.0368328771362,-1042.9943469858956
-1379.607340112223,-1041.8479217365525
-1380.7057927666524,-1040.6947811030034
-1382.5244451460123,-1039.6102630715543
-1385.5561367000937,-1038.5256699241363
-1387.9856893839976,-1038.2875215183176
-1389.8611457128522,-1039.0206954329406
-1390.771844151355,-1039.0205639046321
-1391.6234590891568,-1038.777655038952
-1393.5010746300218,-1037.6922286796312
-1395.5642083846255,-1036.1790571086988
-1397.692500943559,-1035.3384740801391
-1399.4524359519548,-1035.4020568895417
-1401.5651710338855,-1036.1293089197752
-1402.7806641444756,-1036.9204300283527
-1402.8965517445408,-1038.3813173103385
-1403.1387978713844,-1039.2226534798804
-1403.6784542799066,-1039.4683530273992
-1404.9550972707475,-1038.6307852211937
-1406.0486485191502,-1037.1088753191243
-1405.569059435621,-1035.832873595696
-1405.2665689853422,-1034.8097062996426
-1407.1502166189396,-1033.2965584387575
-1410.0022554771929,-1031.6603793010083
-1413.7049211219712,-1030.461866892784
-1415.6466146308949,-1030.0978018473227
-1417.5194806578406,-1029.6849699342965
-1419.8284870392279,-1028.7142844455527
-1421.9590786435438,-1027.6318076316545
-1423.586466579862,-1027.6935104009647
-1424.917679886952,-1028.7875452460519
-1426.3751411957135,-1029.0889663154385
-1427.409776094259,-1028.48733458802
-1429.2310135874238,-1028.5520000836077
-1430.3199683773687,-1028.7306858962315
-1430.681418709632,-1029.703969824933
-1431.8343747716845,-1030.6129982950781
-1432.742594798166,-1030.8007877506539
-1433.410997598839,-1029.6485030607616
-1434.4961523699835,-1028.9858174819308
-1435.8969432152082,-1028.988700815881
-1436.3210097204844,-1028.6809160277915
-1436.7507794040137,-1027.4137574073075
-1436.3206487957675,-1026.2617361481314
-1435.0557199195598,-1025.5324701789807
-1434.2077358144995,-1025.4646683981316
-1431.5372721169508,-1025.4001301649034
-1430.6904221209552,-1025.0954272166055
-1430.3264677338743,-1024.1313204399269
-1430.874260517034,-1022.3656057402042
-1432.0293773775763,-1021.5240624745712
-1433.9070029890152,-1020.5594226172964
-1436.5798603007283,-1020.4421198606132
-1438.2131969187112,-1020.0781960092118
-1439.5489001165092,-1019.3576187726466
-1440.2810741835888,-1017.9645332012894
-1440.8324667531983,-1016.2698377064143
-1441.6815649048795,-1015.4162696131378
-1443.6185123888981,-1015.7337753787517
-1443.9280521526964,-1015.8446483490796
-1445.079582395101,-1015.6036847024883
-1445.9297971851,-1014.4024954748112
-1446.3511276967167,-1013.1233679396971
-1446.479936393964,-1012.1561952784467
-1447.9372885320247,-1011.1886233824969
-1448.9635560781844,-1011.6161869314867
-1450.2970361683363,-1012.2294342278669
-1450.9003999365361,-1011.8037200441839
-1452.1831411198493,-1010.4724938548957
-1452.9107146776196,-1010.7102822383774
-1452.9049760412436,-1012.5308773932783
-1453.8651233279559,-1013.6888027570498
-1454.7780283470943,-1013.383935737043
-1456.235389220527,-1012.4784056282788
-1456.7859860755336,-1012.721108128519
-1457.8689172783156,-1013.3924454275717
-1458.9602382983778,-1013.2104401112608
-1459.881459006323,-1012.1170660961365
-1458.849077439119,-1011.029075388937
-1457.0951599256641,-1010.4138979608798
-1456.7901980384179,-1008.5433762487739
-1457.5837084808093,-1006.8395660927564
-1457.7702562899399,-1006.060109628948
-1458.4398324489503,-1004.9658761189238
-1459.7091434153645,-1003.7556448522314
-1460.9220679258538,-1003.5765135509027
-1462.8047985419958,-1003.2715982867687
-1463.8417214798283,-1002.3710185260095
-1463.8391519072518,-1001.4008731660284
-1463.1163199397927,-1000.4855987678288
-1461.8442091546324,-999.7524472216307
-1461.7212156835976,-998.8531409837184
-1461.7826479618843,-998.6032637621386
-1464.697317518025,-997.0379794031413
-1466.699044711938,-995.5249015824912
-1467.7948742783296,-993.7041402309698
-1468.343755794556,-991.466816199568
-1469.9853826081676,-990.1915910305793
-1472.3509369264366,-989.3528504020036
-1475.2754479048028,-988.816757703456
-1478.072257516387,-988.2796862524315
-1480.4968753615224,-987.5489612745038
-1480.9738727386411,-987.1302469599274
-1483.1067474672582,-985.2502736180227
-1483.7701298509041,-983.555558332491
-1482.8748863113797,-981.9199343318616
-1480.993290237123,-980.8820503042145
-1480.3920996728507,-979.6681139533646
-1480.6351592058684,-978.1611886062166
-1481.8550475878242,-976.0416622609563
-1482.1064493273163,-974.4737897605847
-1481.5570299234353,-973.1888251628847
-1481.979662846622,-971.7319454473036
-1483.6670234616233,-970.8074236634802
-1485.4340878656562,-971.1399093657806
-1487.2555467563232,-972.1648346354433
-1489.4357394902556,-972.2324257088204
-1491.1377573179589,-972.1182503846477
-1493.01298251123,-971.3934924315312
-1494.7727373792527,-970.3680128286605
-1496.6527299536465,-969.153691879353
-1498.351013849248,-968.1272237028476
-1498.6650600597154,-966.6113095333263
-1497.5146571203254,-965.4623954409558
-1495.9967906735985,-964.9789550145845
-1495.393251346373,-964.2427115126033
-1495.6979380275363,-963.7649726010924
-1497.1576707453266,-962.6096677000872
-1497.8874110303427,-961.2225628648272
-1498.4966022808037,-959.1001369349245
-1498.3768766755609,-956.6779829594169
-1498.8717036941566,-954.9223469695355
-1499.8990303451849,-954.1307889508657
-1500.9359445327004,-953.2303048756639
-1501.001891184474,-951.4097001515813
-1499.7296405412503,-949.219539384857
-1497.9707944282227,-948.0057843622592
-1495.6689210473075,-947.9441989832743
-1492.2771717515966,-948.1755414768437
-1489.2440159420769,-947.6314886750018
-1487.7371012597978,-947.1970213389303
-1485.2426166899793,-947.5670713966803
-1483.5503289124106,-947.925127238662
-1482.0338940654744,-948.580802757374
-1478.5118563049148,-948.8222349698981
-1476.3919600705563,-948.6925891196111
-1471.5448942293767,-948.3826173045794
-1468.087898896041,-947.9544296624397
-1464.5741468349415,-947.2125429939695
-1457.912868444946,-945.1371069214722
-1453.8594680966594,-944.1645816904856
-1450.5842668288958,-943.5455430099956
-1444.8903430307191,-942.8098625450247
-1442.8906925431693,-941.4113011613604
-1441.5642057238513,-940.0226133349165
-1439.5574440501953,-939.653149029568
-1436.3462551937453,-939.8254939422474
-1433.6240341688442,-939.7649539190055
-1431.0112898902944,-939.0318980527511
-1427.7481755334463,-938.2340022279992
-1422.0433901915933,-937.4374637766878
-1420.04738649879,-936.9511892896668
-1416.2964047240312,-935.9094784823027
-1412.5935393858858,-934.9278072507651
-1409.572531708764,-934.0129654601559
-1406.6067172375124,-932.4356903747986
-1399.9449810596736,-927.6302201874834
-1398.0716910584588,-925.5672118403036
-1396.861012964734,-924.4762478145009
-1395.7778199562947,-922.4768630921129
-1393.9563787659793,-921.4420454223209
-1391.1113452956338,-921.0666077493355
-1390.6907285597179,-919.7936887226731
-1391.7240529294618,-918.2807661746511
-1392.1164606894251,-916.8058403402375
-1391.4247818420067,-914.6484979148207
-1389.4378550404208,-910.4621755309369
-1387.4430292577536,-908.8267011426396
-1384.2317489880131,-908.8790322405696
-1381.1338507061917,-909.8437379809548
-1378.291272591114,-910.2569012801798
-1375.737579852418,-909.465868526778
-1374.7773604119573,-908.2489843333627
-1374.8975785018933,-906.7390866091928
-1375.5067845505525,-904.5546252470375
-1375.2150940297597,-902.4932814659352
-1374.8533225192539,-900.3680094198623
-1374.6772663040624,-898.6183605797974
-1373.1557381903758,-897.5244454814845
-1370.6745046880417,-897.6357185164993
-1369.2809187544638,-898.2423827191585
-1369.0957492621912,-899.940214250487
-1369.8211064847724,-901.6967673723169
-1369.7586824372952,-903.2065570712094
-1368.7819715372534,-904.0600373658478
-1367.630352043003,-904.1800977543155
-1365.5128551717141,-903.8107334759052
-1363.8769750278962,-903.1973176897095
-1362.241205351922,-902.7729234551739
-1361.2621056997325,-903.866196737775
-1360.1733526614473,-905.0064665664031
-1358.1065302048335,-905.6692824349138
-1356.0479326337095,-905.4327716738429
-1353.8738720070096,-906.0955019920259
-1351.6216549825592,-907.4758275687908
-1349.4428096201689,-908.5672730672766
-1346.5303259084267,-908.9833294696821
-1344.5851782676207,-909.5752048135336
-1342.5881682688992,-910.1879342656936
-1340.8285085700259,-911.3342803067469
-1339.4254492823634,-912.91238408399
-1338.3379038695716,-913.753807230528
-1336.7046152340195,-914.3605997713051
-1335.4303469031577,-914.7805148399032
-1334.9353242041682,-915.3250063060932
-1335.1234508521168,-916.8378531775337
-1334.6876351637088,-918.5326265773962
-1333.2871220662958,-921.0219240847231
-1330.3112698230775,-924.0479819405234
-1326.4342141029947,-926.2148368930499
-1324.1818981873046,-927.5461799161426
-1321.1537930577183,-928.3908602689733
-1318.4918422435942,-928.6899695133509
-1316.1177882016823,-929.0470918116239
-1313.2114606353807,-929.9536963205752
-1310.9049194379018,-931.1460951186472
-1309.9377570143872,-931.6459626150139
-1306.078670807459,-932.7335370989564
-1304.74764883516,-932.8536142972483
-1302.8902042076002,-932.3273976691866
-1301.1255532507546,-931.8318904205519
-1295.93734901464,-929.8201810139169
-1291.5057822694027,-928.1021242144218
-1284.0105659859346,-923.7404629656744
-1283.34570440273,-923.3429574002677
-1278.5595404025999,-919.2427679776494
-1269.7279589348086,-909.8381303236196
-1260.7671415523362,-896.8623350750161
-1250.5265966595575,-880.0256644616487
-1243.5024830285486,-867.2873992767994
-1238.5865288221237,-855.025551878246
-1235.0043914048472,-845.5423016957347
-1231.059018523745,-831.9593669060362
-1230.645688254879,-829.996884041989
-1227.8941348005696,-817.103250971407
-1227.2225292217618,-812.2081190865914
-1226.0665403740247,-804.8349172433187
-1225.3814953401,-798.0113647600543
-1224.583793410026,-785.9926674698605
-1225.0600535365966,-780.4278826074107
-1225.0462128581275,-776.016243397631
-1225.1649071089514,-771.5487285829355
-1225.881122492498,-767.3828744359886
-1227.8634070947787,-756.2611527266389
-1229.065082603046,-752.5699356021939
-1230.2619604382774,-749.2483838891352
-1231.6539259798642,-746.5212035824627
-1233.3977574018497,-743.8649983452251
-1239.8454977963856,-734.547435706922
-1240.4331098812443,-733.7929681524129
-1245.1434050700034,-730.0641899838536
-1245.5094650678593,-729.457676608001
-1247.0974405837676,-723.5290661606285
-1248.192158227005,-722.0690169182365
-1249.044886710563,-721.5853294485961
-1251.0467722988888,-721.4711576075781
-1252.174182673883,-721.5909077540243
-1254.7338925767544,-722.8725318989642
-1256.735845262041,-723.9105445580212
-1257.5862142720855,-723.9074410616497
-1258.1258856604939,-723.7923614419375
-1258.7340118254692,-722.8160511937784
-1258.2627314889723,-720.9425517290831
-1257.3520632411592,-719.6646034245522
-1255.235539385989,-718.087170257101
-1254.0850943439214,-716.8052629917771
-1254.391791750563,-713.7805734488026
-1256.036896615405,-711.7839086614562
-1259.9741521958767,-710.0357145993419
-1262.163796230622,-708.7634450261725
-1267.5161031058094,-705.33042325561
-1268.286897616627,-704.8347751382812
-1270.0510488463733,-701.8707390022317
-1270.667312287232,-698.6571856182738
-1270.6777138887942,-695.2058139019988
-1270.9808530850437,-692.4758786773976
-1271.1093553958046,-689.0875318862397
-1270.5213815066024,-687.6946327932552
-1269.7347748130737,-687.3370413104756
-1267.5630846315967,-687.2792743631969
-1264.9698664380792,-687.7073336628946
-1262.8501387241577,-689.0386453775964
-1261.465220992175,-690.6075591446892
-1260.9823592897762,-692.1234882955976
-1261.4727675672573,-693.3864294889231
-1261.6535416780437,-694.3596441623129
-1260.9285132372058,-694.8433160423717
-1259.0556472387445,-695.4481320280701
-1257.37189021955,-696.9022746650098
-1256.2857570673978,-698.8338312886461
-1255.6211252668547,-700.7104715777065
-1254.5372904956735,-702.3403906362684
-1253.2112151292918,-703.0090724848845
-1252.4875043628977,-704.6419368464715
-1252.0663099044425,-707.0611726977658
-1251.220872052557,-707.7237071301722
-1249.838124489178,-708.0316084339848
-1248.5660622201135,-707.2493525275268
-1239.8540299010108,-698.9869798112594
-1237.126757437427,-696.122476877791
-1234.1079173475757,-692.5086060283221
-1231.7369327218585,-689.009660446211
-1229.9876236539992,-685.3248048612897
-1226.2311423536219,-678.8611339722462
-1225.2527569726963,-676.322280405464
-1224.3502048465243,-673.1248827074548
-1223.9136513506303,-669.0830613198972
-1223.913066438876,-664.482597292998
-1224.387084371971,-660.3757242942643
-1225.04688298867,-657.901498133789
-1225.2837749793778,-654.9318788825932
-1225.5856745415854,-652.2138150669856
-1226.1829566621952,-650.0384409031166
-1228.1146159955515,-647.5061987270211
-1230.2847501057884,-645.2625955500331
-1233.1787404609804,-642.5394119188601
-1235.110587398033,-640.844450590017
-1236.8280503303533,-639.820918274825
-1239.6932714722375,-638.1139660660752
-1241.3914869464998,-637.4452380301375
-1244.1051757610107,-636.7793709288072
-1245.5491178382538,-635.0815778492024
-1245.9077063882125,-632.9151108381345
-1245.7270265717925,-632.003938853018
-1245.123421742511,-631.0977092167307
-1243.9754770883874,-630.9779608853552
-1242.8239567397166,-630.9781096317508
-1242.4662348423703,-630.8051932731328
-1242.525132437899,-629.6561917469174
-1243.0692947253044,-628.1402554614061
-1244.4518756260354,-626.6301956576775
-1246.1439583894303,-625.0561572979453
-1248.1348921683375,-623.7219731461435
-1250.5496296265621,-622.0819070327045
-1252.542729143549,-619.4297551105827
-1255.5556583062682,-614.3453212110612
-1257.053710309903,-611.98479545625
-1257.5436648456405,-609.80953298524
-1258.015441465021,-607.2154321852175
-1258.804122743774,-604.9700079414005
-1260.8498078023115,-599.586954302004
-1262.411615412136,-596.8688237402836
-1264.3408549045123,-594.5064447754805
-1266.8097807435274,-592.2068354628068
-1267.4804525493075,-589.9734954628938
-1266.7503581168155,-588.7075935007482
-1265.7179915192003,-587.857379981894
-1264.6338626621894,-587.1390396452804
-1264.324170499746,-585.747200624864
-1264.3914729327728,-585.0257165212066
-1265.109012868933,-582.9122672614076
-1264.9221487035684,-581.340467220633
-1265.1701626192137,-580.4941749507335
-1265.8251641696747,-578.497638181206
-1266.6656134840975,-576.1952504366868
-1267.9961764118545,-573.5950511102222
-1268.8944505164902,-571.5426233370413
-1268.8989726323093,-569.7349944932347
-1267.861768262464,-568.2832033017696
-1267.3147767978649,-566.6506045881044
-1267.559095765619,-565.0207943520143
-1269.1810182301106,-562.2357239160419
-1269.9144520216817,-560.9726214916127
-1270.6959575625572,-559.4596446112855
-1271.2991645645338,-558.0017519552041
-1271.5251449016732,-554.745158364895
-1271.9451062256646,-551.2977217238694
-1272.8457187606637,-548.6357348413671
-1274.1923901727225,-549.1561400573619
-1274.9839103726376,-550.1232889504678
-1275.641636400533,-551.7010113457488
-1276.0119295277366,-555.3730750479864
-1275.7640696591734,-557.3695586252534
-1275.3306739628085,-559.0053790086641
-1275.3851766879734,-560.6481170699305
-1276.0585152771152,-561.5533381753373
-1276.8378989711334,-561.6801139296547
-1278.175947487721,-560.7706360887385
-1278.358772125285,-558.9530087611181
-1279.153455712058,-557.3202324203434
-1280.3061719855282,-556.9592916466856
-1281.8803159619163,-556.6633301339238
-1282.8606259189169,-555.4491699647361
-1283.398812626084,-554.293919809764
-1284.7971659370496,-553.4464760803297
-1286.3808891563017,-552.9685727010068
-1287.0493174375135,-552.1241188474539
-1287.0769164376477,-551.1658387530209
-1286.7514701147284,-549.3912704640417
-1285.8466878530198,-547.6937848068504
-1284.3240483245622,-546.5418020931476
-1283.478413931967,-546.234193154087
-1283.4831604290027,-545.5037399119454
-1283.6710405680958,-544.6563579174596
-1283.0578416388198,-543.8120751617516
-1282.0893719870585,-543.621386801998
-1280.995794484526,-544.0441635232079
-1279.6033757601977,-544.293119561914
-1278.2641588697313,-545.1906280509512
-1276.7502565683535,-545.6774981373388
-1275.6047187606257,-545.3699282738136
-1274.7795833392006,-544.7134980480703
-1276.0427785375412,-543.0127316669875
-1276.9435812126517,-541.7984828675218
-1277.3660911308725,-539.3242841703234
-1277.4199608285596,-537.4537078692939
-1276.753693345109,-535.6982362485119
-1275.4851872143333,-534.4963445435667
-1273.4266261856274,-533.2894700899257
-1271.0706644047932,-532.6893001591164
-1268.7809106018126,-532.5716006871376
-1266.4178188524902,-533.0006276215593
-1261.831398542798,-534.8218254943159
-1261.1688523656746,-534.0365984636394
-1260.0146454294102,-531.926386919992
-1258.8051859859245,-530.7154082365007
-1257.7163742235423,-530.5367028876562
-1256.3878135529117,-530.5368763904789
-1250.1437074573232,-520.2135998291031
-1248.6341839852862,-517.7397527906426
-1248.6316454025437,-516.8405273264945
-1249.1108647329645,-515.6263357644359
-1250.4392896357426,-514.5968664446846
-1250.6801127428896,-513.6886320596858
-1250.3185108787281,-512.5455700316758
-1250.5558185079,-511.5772879654807
-1250.9783082734366,-510.19133807746044
-1250.1351135028692,-509.3439908946682
-1248.8655170020158,-509.34116327120427
-1247.2925661983784,-509.7700829768443
-1246.1412926186476,-510.9193259625907
-1245.1802900603257,-512.2533767476267
-1244.6997668253239,-512.4283964157563
-1243.974588406692,-511.65205381875126
-1242.63850441023,-508.9902586716709
-1242.0322134900223,-505.9747634714059
-1242.2643161531446,-503.4974985704386
-1242.3821252614887,-501.319292112215
-1241.9000385668112,-499.0820126579591
-1240.0834541948984,-497.39750764100296
-1238.8679192142868,-495.64808890488047
-1237.8390455507913,-493.28799038080734
-1237.6544875932,-491.41744484413215
-1238.0723399240928,-490.33034029154913
-1239.223604416573,-489.12214731958267
-1239.6486512001527,-487.4832372993874
-1239.3977883944394,-485.0122189452889
-1238.9097754155628,-483.4374645169536
-1238.066540643291,-482.90202741690985
-1237.160675740591,-482.4124822533
-1236.1319439184838,-481.1426262394853
-1235.6979647389435,-478.9094298917824
-1235.8833178204816,-477.2206769102575
-1236.1829167181138,-474.8633999127333
-1236.5354935656221,-472.08757458530033
-1236.654480347837,-469.96821911124744
-1236.7771290677679,-468.40036840845397
-1237.4948139566015,-467.4350173041037
-1239.607321702585,-466.162762316296
-1240.1539912311102,-465.37727820299557
-1239.792542715228,-464.10424437661527
-1239.302164006007,-462.95830575396485
-1239.4803432604524,-461.99092923920335
-1241.0531618973637,-460.5947569618165
-1240.8109135855611,-459.5137221962505
-1240.0832620651893,-458.3067685717486
-1239.9023649745752,-456.97585778185874
-1240.8031641424905,-455.7616122117689
-1240.9836580962572,-454.61249497926354
-1240.1319631428005,-452.56618010554547
-1238.5007567095447,-449.97245012917614
-1237.16476236188,-448.57964473427535
-1235.6553923653098,-447.18795863226467
-1234.5099213561402,-446.6484703353054
-1232.8126301693446,-445.1457886490338
-1230.8804257281665,-443.08774127713997
-1229.723868254804,-441.39906008377596
-1228.4517568979563,-439.2888595378723
-1227.4770563165189,-437.29851768189747
-1227.1131046872174,-435.3671485426257
-1227.2346155081295,-434.0360991644712
-1227.2909912656962,-432.0986915606595
-1227.05346691188,-430.7147218960122
-1226.4979411425804,-428.8422283044532
-1225.654641020593,-427.0946554968656
-1224.4475599751147,-425.40408486296
-1223.1645860117314,-423.22306405209576
-1222.6198358006543,-421.3585486639486
-1222.0162220396799,-419.6029652547876
-1222.0026764888764,-417.501581217065
-1221.464027106006,-415.00845468333034
-1221.0434863172582,-413.98340045336914
-1220.436344649258,-413.3790061117027
-1219.8305027336444,-413.14527419590365
-1217.9639764171325,-415.25886605461824
-1216.755845034403,-415.80753170521507
-1214.8239632636435,-416.2324018740037
-1213.2447847863098,-414.8496983093039
-1212.2833523572126,-412.73047908252437
-1211.5446613050633,-410.0156379259803
-1210.3425343925317,-409.1655393641111
-1209.3103228183495,-409.3563867966164
-1208.047048383543,-411.04537452880567
-1207.1414119990677,-411.64596958014147
-1206.0560999678444,-411.2894076935845
-1205.0287239934323,-410.7499010561212
-1203.9350669379924,-411.1107257672907
-1202.0681755016776,-410.99405473479254
-1200.7937271128417,-410.15294131266614
-1199.8263835130726,-408.8251201932661
-1197.7665017672323,-406.1083478610855
-1195.284957257821,-404.05634643482176
-1193.3503784774794,-402.2508530052437
-1192.2639437308449,-401.5825779818904
-1189.663346947632,-400.50173391555296
-1188.2686088648225,-400.0792749888671
-1185.9702895671787,-398.6376049989177
-1182.2854209395703,-395.43755206077503
-1179.7426126696014,-393.6263451915525
-1178.4706520365714,-392.60618127995326
-1177.017967029651,-391.5841440916016
-1174.9639048076808,-388.5677238630734
-1173.2688620352142,-385.4813362517703
-1172.7243128024013,-383.7987578162808
-1173.1962397705056,-382.34178466346606
-1174.5246544049437,-381.3124253620637
-1175.7989193375972,-380.7017138059861
-1176.1577587794986,-379.8543128209771
-1175.9119110715562,-379.31281231376204
-1174.3411865865362,-377.991047133078
-1172.2283143974337,-376.1825787055543
-1168.3532213340106,-373.04049694197494
-1165.1443189957554,-370.57282727879533
-1161.9989415452756,-366.4663930459164
-1160.3040542325655,-364.60301023428644
-1158.3105206815349,-362.7266958630002
-1156.012291224876,-361.226067711508
-1154.3740010356564,-359.8313917434071
-1151.1021273556582,-355.1854334485828
-1149.4685512847766,-351.9910073308331
-1147.7735446990073,-349.08555749188395
-1146.437640870793,-347.52386634513135
-1145.2270357890816,-346.19606858517216
-1143.4817096155632,-345.7097065325607
-1141.2427016293004,-345.6509215957079
-1139.5503125159146,-345.77800125545645
-1138.5253691647986,-345.2385869360017
-1138.639568913575,-343.4299471124682
-1139.1212150236831,-342.212867750767
-1139.7894676892695,-341.31047043408137
-1140.2712836016474,-340.82384380934775
-1140.263950971564,-339.55375649075216
-1139.6627537140623,-338.2878291637661
-1138.5459948009825,-336.7471577269391
-1138.6891984690842,-335.14828398590873
-1138.8083272203235,-334.06121883079936
-1138.145707053664,-333.154889327238
-1136.9894337331004,-332.9152323723187
-1135.7199160003495,-332.6745911672875
-1134.8177098121269,-331.8862913021836
-1132.8832710795732,-331.05113170636605
-1129.6793633169718,-330.3830985430256
-1126.5418162382132,-330.14666509487
-1124.7230174337155,-329.79217476714393
-1123.7508976212291,-328.8839852255938
-1122.3679464005324,-327.0135768738543
-1120.668368931308,-325.6267823185805
-1118.6711361522528,-324.12122248172784
-1116.6801324521273,-323.03330536823967
-1113.8339251255463,-322.4391385137654
-1111.11554135367,-322.2575127847975
-1105.5642644958464,-322.51091283012477
-1102.8349279040342,-322.2185660155297
-1099.520216517449,-321.67033256021966
-1097.214842984675,-321.0700143715656
-1095.646581052953,-319.9270836916142
-1093.5878540753517,-317.39222850749707
-1092.5627985646,-316.5510723068166
-1091.528082176553,-315.94362609702887
-1090.1405641826582,-315.70997459311224
-1088.6312966258258,-315.5902486109551
-1086.454876776804,-315.0508591361991
-1082.948428324462,-312.33143210679196
-1079.621414475456,-308.53271289031215
-1074.045220390801,-301.71557722611203
-1067.513753105798,-293.63154816962526
-1065.3357379072236,-289.94072323898735
-1063.814173061728,-286.5704145799165
-1062.9057141971668,-282.7624445378664
-1062.600691041215,-280.94796661914955
-1062.7161504780436,-279.0803764676635
-1063.373618048956,-278.04502179490777
-1064.163635385535,-277.14261619321326
-1064.8259569894635,-275.4479281519974
-1065.123229315814,-273.63029146247504
-1065.903484137341,-272.05538735448374
-1066.5670019394822,-270.61036770896976
-1066.205610367636,-269.578217855947
-1065.9658083462132,-268.4970783691889
-1064.8177686668787,-267.10732005596793
-1063.360343774492,-266.7447982990895
-1062.9340702101397,-267.2893684472096
-1063.5461029002774,-268.4943536109478
-1063.241321368049,-268.8641522549026
-1062.462138707375,-268.8052873660068
-1061.0721418873072,-268.74449481362336
-1059.6798408216414,-268.9934191333255
-1058.4127554393988,-268.753764915881
-1057.2599958470748,-267.7216019660193
-1056.2276835027526,-266.88343507123767
-1054.2932897158068,-266.277080977013
-1052.9081746662487,-265.7966478494737
-1051.8758488026704,-264.82950662098045
-1048.8473675431424,-259.76175277653357
-1047.763160105482,-257.8333475077889
-1046.2391258581408,-254.69095983453497
-1046.8399115700954,-252.33375497893059
-1047.5094558639578,-250.99975521450594
-1047.2672800932337,-250.3372568856868
-1046.5963387153568,-250.34331472822714
-1045.9413364415466,-251.00890304796974
-1045.2114336649543,-251.00299747397986
-1044.3681971688864,-250.1646092520357
-1043.1526041035281,-247.2630784517141
-1041.8755529596074,-244.42230052444103
-1041.0237045259837,-241.16592722897644
-1041.072997221328,-240.58040248362173
-1041.1451424754555,-239.71807519552456
-1042.1073923711388,-238.3249934353776
-1043.435794434006,-237.23370865156963
-1044.8255837664335,-236.19538308193756
-1044.4568022336787,-234.75346931912387
-1042.886151871219,-233.7315242069605
-1041.4973459278656,-232.27974601441147
-1040.886466175536,-230.10551015669117
-1040.8260194317445,-228.7126387975799
-1041.4268526620608,-227.5693645823382
-1041.8447156963155,-226.4822681261127
-1041.4844975956992,-225.45001740984682
-1040.7569805934659,-225.09240058962573
-1039.8536640383788,-225.45617860082834
-1038.7011387843943,-225.75514737387084
-1037.617086932724,-225.21562884899808
-1036.224447503013,-223.04446935059522
-1035.4402231167164,-221.10904794420864
-1034.5268490745832,-218.02843616208955
-1033.9195882897777,-215.31366623578722
-1033.4893296643997,-212.9605626839871
-1033.3107642251334,-210.48045317528633
-1032.9305356353284,-201.95505157585634
-1033.1650679107636,-199.11730190285456
-1032.8649289786617,-196.82503045121274
-1032.5527836008907,-194.71170777698438
-1031.7708951889992,-193.50474376673046
-1029.7076058217438,-191.6284097813283
-1028.557191667405,-190.5473666160136
-1028.5568231684945,-187.09898620450016
-1028.256795657793,-185.83601188547175
-1028.551663083358,-184.13837293197022
-1029.394621486858,-182.44346829284672
-1031.081895861797,-181.6000199656627
-1032.7138126695138,-180.08397800159176
-1033.4313794675525,-178.02849822818803
-1034.820986801114,-174.59004293636534
-1035.5396951321509,-172.28569215756008
-1035.112028389876,-170.72298967734514
-1034.32788067412,-170.23640455009334
-1032.4573763419094,-170.23959781022893
-1029.493306439343,-170.48379863342265
-1028.1058292773723,-170.4219038146269
-1025.9955173758417,-169.2270508344175
-1025.3872268177029,-167.76930183344564
-1025.0146725027837,-164.56873443933654
-1024.8289282314752,-162.87413915011714
-1024.1663691733038,-160.7608534101334
-1023.1338589105377,-158.71144552532056
-1021.4364007087204,-154.8457009869645
-1020.2836155632095,-152.61855499573375
-1018.2245924119143,-146.75829147793652
-1017.4293933939031,-143.61272942844235
-1016.2765393581105,-141.50248733340376
-1014.6454900632783,-139.3273597061988
-1012.5279592243309,-137.70079606503566
-1010.598393785863,-136.67489338758557
-1009.2673584446642,-135.65281773742748
-1007.8122069504157,-133.6625031393695
-1007.4459137671756,-131.9677268402068
-1006.9579952967332,-130.76272488743433
-1004.6621385010645,-128.83444109125244
-1003.0239996544266,-127.50068478347711
-1001.1533551401595,-125.27361120247535
-999.9954094129524,-121.52461121894697
-998.840916517874,-114.82596884712494
-997.9301258645224,-112.28798082875214
-996.4158137523851,-108.29523368319514
-995.8097688406059,-106.66850969781554
-995.5025279082226,-105.03586964583545
-995.5637715453587,-103.70792096979602
-996.0417689702628,-102.68156649723245
-996.0355934829907,-101.10974144469407
-995.1333727475919,-99.05253657550656
-993.6757270963276,-96.27979831229291
-992.1601954514217,-93.37709441057183
-991.1242229263003,-91.63061729843692
-991.0073120903863,-90.05880362066019
-990.6951670144017,-87.82558242088737
-989.6712606805357,-87.27707489725813
-986.2867974511274,-86.49799305513797
-984.9558613836406,-85.53695960943057
-984.5943774601069,-84.2649129811715
-985.0145666167173,-83.05682446243159
-986.4620499595734,-81.23907191224883
-987.2423992084636,-79.79713753655753
-987.1783973987227,-77.85555328384059
-986.6337960462495,-75.99222057498204
-983.4811369886975,-69.22375759505994
-982.6969612318632,-67.53800019085713
-982.3895689859204,-66.02525649457559
-982.4485590751952,-64.69431562483925
-982.9854372259549,-62.90767802242396
-983.0468803384215,-62.70079481946786
-983.7766441885684,-61.487587548210584
-983.8307657984116,-59.915855978868876
-983.5861651274164,-59.13345925999565
-982.917633354995,-58.88964419006284
-982.1986025443335,-58.89271002611299
-981.1688214123895,-58.84393863798348
-979.2234723810354,-55.98825756713638
-978.0658725355895,-55.47686856549183
-977.2240102928548,-55.60981814318648
-976.0764091890725,-56.52123047131574
-975.1791803770406,-57.492565726617755
-974.2709909541633,-57.43669918468746
-972.6894256844301,-56.302726693972716
-971.1753476983313,-54.439291478147496
-969.470942554056,-52.51702399713952
-967.5846865783449,-50.949377918388464
-966.0031111482914,-49.69560720572709
-959.2196139308605,-46.59063793852791
-946.2547293779277,-40.201778027147505
-943.7650354900707,-38.698124900420474
-941.5800510590534,-36.96083196776765
-939.0928592721381,-35.408201209380124
-935.0818294758246,-31.98624468532812
-933.1388986910612,-29.758167116024026
-931.0142130596755,-28.02066642175929
-928.9448704527214,-26.88473890867256
-926.4612601283171,-26.052582890903025
-923.8657572725355,-25.341431060601078
-920.1668585266135,-24.0998255148634
-917.019609121775,-22.60321062372831
-914.5323350571201,-20.98274498843866
-913.0133934671067,-19.611855649074606
-907.71461273613,-12.326079040256461
-906.914705078528,-10.9982119353821
-905.5247461073171,-10.045950772797006
-903.9530691362181,-9.994229650702065
-900.9482914806073,-12.908244500699707
-900.1704017411745,-13.94050755462208
-899.0791900855166,-14.193370490125611
-896.9039347526788,-13.655035050158016
-894.1204331556871,-12.711979051085056
-892.3571930846199,-11.877852058815675
-890.8394964578051,-10.374095013948914
-889.9311998078311,-9.105187477584117
-888.3558041420467,-8.571782008391507
-885.6940685173587,-8.590979395591784
-877.5895196597113,-6.761050337097464
-867.352932590174,-3.8572224490685345
-864.930786616811,-2.9052478730550617
-863.3577883545847,-2.072993668880987
-861.7739307141007,-0.27159049903383986
-860.4247459437742,2.3812811845174053
-860.2619682009979,4.423602962744656
-859.2657998107118,5.961425653503381
-858.2346806535899,7.052474911410054
-855.5667916445811,8.663064715749151
-852.4146661191455,10.761179644861723
-849.0144839289521,13.218964329125361
-846.8295440277018,14.778528305605466
-845.2516374576903,16.398094502729247
-843.2412502509663,18.746181061243114
-841.1237942482448,20.24580382202175
-838.6932016512769,21.435682823091085
-836.8780655359212,21.851273685221322
-834.5199659841443,22.019842225486535
-831.9821369676289,22.362355984845866
-827.312517660394,24.870012375169942
-824.5265384333264,26.67441066709446
-822.5850114985251,27.57147608484394
-821.1974560737326,27.92207089210872
-819.3270899248056,27.728201244087323
-817.0340040197106,27.4161946602852
-815.4549699867234,27.641889785306144
-812.976186130486,28.959647894438653
-811.7559926551065,30.22255167344244
-811.1500840269038,30.70607797535492
-810.6057181380434,31.242675328584376
-809.4554411940633,31.301529474050202
-807.4044374132644,31.16849311535869
-805.3460645087633,31.276247790358255
-802.8084112460846,31.555828390542427
-800.3935710688796,32.20608273807801
-798.0231081960688,33.46590024322817
-795.2349077590778,34.96058989604552
-791.9586483638881,37.779093141461566
-789.0414160791042,40.4217715421085
-786.3710661125353,42.7667237918031
-785.0267328774022,44.627209989372226
-782.2091615424508,51.02011712875228
-780.0734636518823,55.23768032984586
-778.6135211306885,57.520789569943915
-777.4450047987366,60.1117443250344
-776.0873201609451,65.00386607070766
-775.5222004372737,68.19934152357493
-774.7246279415252,70.91311611375333
-773.4971705801072,73.32521882618688
-772.0421097605544,75.18669549127601
-771.1158340960363,77.05609481349036
-771.1650185912753,79.1765378448501
-772.2475938030057,80.81528178422764
-772.6606944311508,82.14325763619044
-772.1112647228108,83.40632015621159
-770.7695122703316,84.42942572427003
-769.2555868838714,85.14968334243554
-767.5634267186687,85.13458606941312
-766.3542039628957,85.12451492821245
-765.5159125482752,85.3622470128849
-765.0773843947766,86.63429606807433
-765.1314622959475,88.14408333888426
-765.7323765837193,89.48105114475302
-766.2068267133084,90.14660635039266
-766.2573372745233,91.35764863451102
-766.0669130819767,92.67959131950683
-765.223828259982,93.34504169997908
-763.7146247580881,93.51688706422922
-761.5601127891321,92.98705542483752
-760.4545074166614,92.16464698464446
-759.2525603792639,92.03458068443
-758.3985264044886,92.82401733907052
-757.417945531325,95.05120916988822
-756.376068912646,97.27839629622125
-753.9356340666026,100.83042417695435
-751.4349765407295,104.56129584127912
-749.2476687774199,106.97033443258744
-746.4617149303152,108.94263112064085
-744.4551159182342,110.38133801826017
-742.5749555830017,112.8452632153505
-741.4727065296354,115.07643726889629
-740.4307752300534,117.00498119423466
-739.576745003567,118.88147131942384
-739.2670731555393,120.20530063433239
-739.4970492983647,121.41336418375533
-739.2390507101818,124.07531452894891
-738.141703524625,125.57314337349115
-736.684346631909,127.07583242823058
-735.5340869872097,128.1569111123809
-733.8370673067843,128.44954143634206
-731.1211296111491,128.98298559630283
-729.3590014627291,129.9990827312636
-727.5786392356802,133.6131109037231
-724.2769131035669,140.42164843494234
-716.3187164171683,151.61744714257708
-712.9628425093151,157.94529991164055
-708.9890523326028,164.76067575935102
-707.1557856321468,168.01710803045438
-705.6873369181673,171.74806783375467
-704.9981207066339,175.37424995599903
-704.0176308110496,177.78328780137716
-702.3108406077955,180.4971021034011
-698.53958117417,184.94937137033327
-695.1236606033337,189.33872691818445
-691.8474090912384,193.18646300936084
-688.7988841956401,197.10234430585058
-687.6991627424926,199.33053253047225
-685.143170664612,202.16109403518
-683.5617656192973,203.29521421593302
-679.137912837129,206.41241986859308
-672.7664396135505,211.15737591681773
-662.9285004941371,218.6578303064445
-655.7706305147386,223.56852446246546
-651.1552310414916,226.62787627659998
-640.8633235903142,233.59686619535572
-636.8647490718866,235.07845466825313
-631.5388747759378,236.7937665570988
-628.2086491575727,237.86264595512225
-626.0191304757188,237.97043044744706
-623.6561838693351,237.77955916843027
-620.3441744166764,237.39651290423348
-618.1208628484288,237.0667032478912
-616.0107653149126,237.1034746583281
-612.4386329883168,237.9236726656523
-609.3504704411578,239.47924370953444
-607.0451944532759,241.1488768751206
-605.1590519200435,242.76646857053206
-603.4030768325673,243.41880894003262
-601.1641262596473,243.4686424984913
-598.9143842716355,242.4793028940824
-596.4515014250111,241.91856708081076
-593.0648614591621,241.11698364532035
-589.1927550011305,242.1798582984098
-586.2804331348235,244.28406064544075
-583.1873896976065,246.56021820330264
-578.9321419004499,250.52593546952133
-576.9399306614116,253.86218165559006
-574.9584819924545,257.38924653593944
-573.1300740171773,260.04512329250383
-571.1898488690625,261.302130016405
-568.588350160269,262.07242830827295
-564.483791979882,262.7185527164067
-559.8203862426703,263.5387063381017
-553.0624759862309,266.37205211379495
-549.9744230315324,267.79876806372044
-547.2512628595405,268.45116323289864
-544.0416950766183,268.608882100143
-539.3892082600671,268.3898732066529
-536.9334780083026,268.4076904975496
-535.3990952036836,268.4235646757862
-528.9761721935902,269.2855296209365
-525.406377345771,270.47432838510167
-520.9175550547767,272.0239663855369
-516.5358763124611,275.11132501387203
-513.0201854438264,278.1118514024449
-504.8614987116954,283.179508266713
-501.9565458726354,283.8847730867965
-500.1427115083456,284.58720274045214
-495.22630093816775,288.4809049518277
-493.27626234196816,290.8869223807787
-491.7575134837446,292.2578788233554
-489.5702760822803,293.7585734301775
-483.515844207381,295.637816053837
-481.6406402221115,296.2353113849069
-479.7630302260211,296.5218929185907
-468.2769641788062,297.1559230098922
-464.1062351978468,297.1926276843547
-457.45443395152427,298.2275921329694
-451.8853933381406,299.3953763427989
-447.1112866461139,300.14356147153103
-437.55939421459294,299.9552972628773
-435.9804057332949,300.35890514791623
-435.61437451060783,300.70062470033946
-434.2244088070459,301.98262099199445
-432.1528117519779,304.13877700659765
-429.7283218248056,306.0492387519061
-427.7856384848446,306.87755809998856
-420.413680400225,307.7895270757253
-412.0060005821154,308.0879082834456
-409.16372880890043,307.951830710006
-405.6602513841136,307.56406225844086
-401.0801458070622,306.201913149775
-396.6204164996746,303.8075804432328
-392.46184639306654,300.6427099534252
-388.74055101630137,296.75458728388895
-380.47665228152374,284.66162599754506
-378.5039684202422,281.7777382289117
-372.4788581843241,272.969369413156
-365.4012592054963,262.5371693189654
-362.5350375078772,257.1420990919962
-360.20116732244907,252.06095613343672
-359.01501545689564,247.52048981848554
-357.9468124380795,244.25989260810545
-357.0448098446013,242.73501386385811
-355.7862927378932,241.64791529515773
-353.32584070454294,240.44875586359234
-350.93395271520075,239.13658526309564
-353.3222159619212,239.096773509505
-353.4826536179742,231.7944395724234
-354.53793490406815,225.46637577789912
-356.20983489772163,219.44296485544504
-357.8684189942208,214.49792763525377
-361.5288778889032,207.3474413332775
-367.5752119741619,197.4853027114847
-371.0657091947637,189.06492407647917
-372.7943777761946,181.76973368031761
-373.5039869807451,174.47430458108587
-373.5919745036356,173.12442061188744
-373.7595149260003,170.43143520039908
-373.5428915667713,166.14276885762806
-372.67120584635353,160.10130831615615
-369.4654806144302,148.48624843496896
-361.03956492194584,119.22550281274351
-353.62268649085195,93.45597649001877
-348.8021044256022,76.67781869288477
-343.17453485997913,57.902085197815246
-337.18593032075086,36.683319476893736
-336.23927927722997,33.66052871787789
-329.0579646315232,19.247420360538726
-333.85889171882786,14.639137244828653
-331.9343752283569,12.694487177055201
-327.50809630061786,16.712376715087547
-305.03432647464723,1.118662134895597
-291.63682921240803,-8.189619782136806
-273.8421315361274,-20.550591023097162
-259.86644771343765,-30.5922904267189
-249.75804801074077,-37.50019294802316
-242.87617461847208,-41.431330092204746
-245.74523177908722,-46.12668538986162
-244.356470586026,-47.21387200103521
-241.36707016283862,-42.34964629060555
-224.39235431419814,-52.4273775605149
-211.45590018946797,-60.068750692404485
-206.44679494605887,-62.955660402667924
-189.75025680748746,-72.57747687957992
-186.2454089814276,-74.49709189072698
-173.2704590000755,-80.98931962160198
-176.11287104302727,-86.62392109880851
-174.62546393076656,-87.42232952928244
-171.88293319577556,-81.84867173844192
-146.30739484558956,-91.73250475388193
-136.51304511390066,-94.54244419193822
-133.21419132393513,-95.72559896448371
-130.66084659118172,-97.11262699556427
-127.95693571071376,-98.9391451234231
-125.72879167585161,-100.9726329394366
-123.39713053875582,-105.98289485730645
-123.09008366873196,-107.95122191679596
-109.82092615006691,-107.84046292636376
-104.0723216597394,-107.76072856611992
-96.88071142501418,-106.77150506877422
-77.64246024074603,-103.91889270726763
-61.38892608924055,-101.63269100268403
-37.02951602217511,-97.88977970986926
-20.288125072639303,-94.38648764076237
-14.851442722558701,-93.02164853828693
-7.597218118654473,-90.82231793797304
0.29043727232955185,-88.29521062560391
6.053642295254915,-86.02504872458323
13.089807744006082,-83.17813997578735
29.201221849548702,-77.38265803993754
44.9874199344437,-70.789567249271
60.8121707372918,-62.95768237831189
67.0859278384053,-59.85199306832238
90.08403688746402,-47.478290548661136
111.16834543735146,-34.73289484193429
126.27268709377101,-25.785729810120987
139.60055875074247,-16.822407747162394
152.65731622052996,-7.003733991642138
163.03196757347797,0.9642907788960119
180.28355949813835,16.30172140951723
190.60872572471837,24.216809164131153
203.77387591639268,33.06830048965123
217.3002127007276,44.34189443801856
234.6817769803709,58.539408722544316
236.87972013467507,60.32006078558214
251.4682963738501,72.15121994988823
261.2417259271089,81.35441329130944
264.0744058394069,83.57577473094001
264.9089840252309,84.30325849616158
266.0759894946093,85.95501479820844
267.48156863461014,85.0947288370284
274.3908692112081,95.95556552656168
292.41258616241936,124.6280088797446
307.4111858202449,149.8240786246856
315.1465429724808,163.50973079097227
322.9069082859625,180.35699753650223
333.79138483843246,204.8474568618355
331.73302253129896,205.87957628383182
333.68757076042607,210.02636086470517
334.1982339778762,209.83266828685038
335.70492533436067,209.11523454320306
342.08042325706793,225.11820396868026
351.5025446054552,247.92987689156683
360.17796828233224,270.882475528705
360.6405284741746,270.6766133015042
365.9096556231655,268.38171404394285
368.7783973488073,271.07471609215156
365.8914432987298,272.9721091529849
367.0596665906928,274.48203676731873
370.5292997556908,278.00037597176333
372.77286938770976,281.34999526979846
374.82855872269806,286.4670398893774
376.30138243189225,290.989564999137
376.5564634307914,294.052232890762
376.15896648810633,296.14762039088635
367.0950452822607,292.7518536518683
370.5198613489912,304.0802483052994
371.9901540018094,311.4137669466429
375.1233304202982,325.34208004648315
378.91158297479615,342.22315621043685
384.85398942766307,369.37545688319085
388.2339949593973,384.90364124406057
391.6151610290064,400.3739734355027
393.8284313379884,410.6730307196005
394.682117067224,414.9218260115823
396.0282180923709,423.8319592007988
397.96183275951495,437.7093613222083
399.4161669415773,450.291817353633
401.65395525695834,476.91132599639036
402.95512993571316,493.43471575010864
403.68199741623465,506.70141346828785
403.87999301337993,522.5652248670216
404.05289941020607,535.3263776702106
404.0547751676743,548.3284146732472
403.240823995827,572.7015771490728
402.40188863213785,591.5659627035228
400.9229334691991,621.36498563556
399.7476755112454,645.6062692351746
398.14831963803516,675.4851880074061
397.6397684325594,683.7387075459798
397.2335853974162,690.1968688915332
396.0909566446297,713.3499070275279
395.5895781572173,723.9367305454285
394.6215895940285,746.4793199463204
393.8344240077731,764.1516258004131
392.5206548308305,790.7740920106456
391.28136669002174,821.7841744079362
411.8393907686306,836.4167562445881
428.5051218676222,848.6390987578293
449.50747173721595,860.7147432455437
450.63707348984514,861.340415092648
459.6305458642567,866.3098833696098
472.83044602641394,873.6128694780552
449.4216558818767,894.1399722828153
430.9711988152547,908.872796217799
420.8476094742323,917.6096690361413
391.8870786670977,941.2581840007065
389.99627999894557,942.5391700047883
383.07979560201557,948.19250582784
361.47071079896284,965.8031669093383
358.13828477146706,968.5138922376099
353.8413924792149,971.6993834357227
352.48403433300945,972.506593754117
339.342580699895,983.1789522340347
319.5159695449382,999.3129032862453
317.56372154667935,1000.9855120450146
316.36426274050666,1002.0976621926394
309.71053452160174,1005.9924037398501
306.01208319919186,1008.1206074572359
302.17879595341714,1009.6762551290511
300.023168321102,1010.5206538403721
288.78708497919433,1015.6342878545206
278.59997717430855,1020.262492052568
265.7321123767601,1025.8448215869157
263.28981880288023,1027.1016784318283
259.7949742780766,1028.8143555689726
250.09922942516368,1033.0138865916977
236.99774250760527,1039.3315905208178
236.85562113306236,1039.3966226915793
232.74904932405542,1041.2581185967686
224.4261864280095,1045.1088902562726
221.8056235953821,1046.5257492295227
201.2136016131038,1056.1229453891249
198.05712988211067,1057.678648820565
198.0210591568218,1057.5856829817333
197.6008178643745,1056.532535387685
196.39654820840687,1057.084116950576
194.98751613924009,1054.351193722278
191.70244360156573,1047.9729440446367
165.7429238714516,1060.8265823142474
146.37817513280686,1067.0925348449114
124.12072290750979,1072.727882041984
107.94856066231485,1076.2608595698198
104.91378277176402,1076.8284916547038
103.59504762601716,1076.7355122665904
101.485221633768,1076.587563560623
94.21027010739505,1074.8957641593925
82.99131343372487,1071.3314667139803
76.19198618806267,1068.6664442086792
69.1229527341907,1065.0152164950864
64.8128782817846,1062.3691723703107
58.78551799656307,1058.4991123382235
57.69682713064811,1058.289236047699
56.47462170066583,1057.3410246951946
53.73361437822854,1055.1656057734415
44.8810688213728,1048.2019559662738
34.34011225500213,1039.9822819346323
28.091198699839605,1035.1109704872408
27.59620657929329,1033.096559093894
18.04028788510061,1025.4343972914714
17.385134230090667,1024.8299234830183
17.387556412998087,1024.479209683141
29.674799350769558,1010.7937208215228
29.649500224028273,1010.1623162070878
29.223308161127832,1009.6476154729081
19.45058988965003,1005.2080089259435
16.42297931471938,1003.8210080258217
18.44020146884049,969.5055229221053
19.224257082080342,942.931874166479
19.881791878100305,925.3365382233783
-14.586112839444773,907.9358998812877
-38.67312121597873,895.7533521023727
-39.534359243720964,878.0259532693203
-40.68209551335961,861.3299497766712
-41.02289321037081,856.3507340575069
-39.730701806512165,851.2796436600963
-35.575981921378094,832.7358891965213
-37.48236721820133,832.1992525924553
-42.35137442440966,830.9082353802543
-41.933531766896294,828.9428004272926
-41.59267635170232,827.6238321275537
-40.52334030657142,825.3935637065663
-37.871395953199006,814.474945612906
-34.745155155041004,800.6596470617841
-31.7825560912336,791.9253098757077
-30.37352388060611,788.5758699227648
-29.772634936484593,787.1310194307828
-30.020733219436394,784.4290485623117
-30.7939014513721,782.5124944892392
-32.687107310111934,780.6548952434388
-34.717509132730086,779.2591297309583
-36.694965310303694,779.1111111616211
-38.94221941348617,779.7556910382833
-40.32954834025193,780.8608039395617
-41.65316173509645,782.3706938253499
-42.326279449444684,783.9455169100055
-42.22747763961686,787.7654627901198
-41.866220040137186,792.3809969659912
-41.86980440886693,793.8288380428199
-44.459039848950795,804.4896082376134
-48.7426858985793,822.7035997887925
-48.889558572738075,824.6721258289464
-48.17542672913731,826.6595996373937
-48.31754307541412,827.9695898504406
-52.198859895720794,844.8066611516157
-54.700145818235136,854.6661593039205
-54.83980875620704,861.330020043248
-54.91686121151555,865.0051332347383
-53.003155016671386,891.8933747684276
-52.30458762337253,903.9491059434735
-52.89699158874856,912.7632358970948
-53.56053244142638,922.7086077775526
-57.49121643496691,928.735001982123
-61.153517488783976,934.8973525764659
-64.14013191556782,938.0309535999492
-70.09766891018577,942.5904735679632
-89.32035471999818,960.6726407383167
-94.6974336282895,966.0276605841889
-97.8826672060449,970.3503694387103
-103.22953800890195,980.7054591834064
-105.36705980681496,985.2279545635947
-109.13513091498639,1003.898618287348
-112.34907517510463,1022.0916843095488
-118.61588768991184,1042.1093786592253
-126.98297313033227,1063.0812941381087
-135.19456778529542,1082.2726144701571
-144.65745840612385,1102.7060227387963
-157.5631311024906,1128.456362663889
-167.90977248960354,1149.5214138553588
-181.58130382004293,1173.4701532084325
-193.92213437599776,1196.057126504059
-207.5597244913252,1219.6721469660747
-211.6685302056284,1226.4511093934077
-209.57905747940566,1228.8381326526442
-208.36877682140104,1230.3079926640428
-206.22032927682258,1233.885208340098
-202.7748378238589,1239.4249387038112
-199.73396284363488,1246.3015012489234
-194.00268722821252,1259.4103642370674
-193.83534955678044,1259.620130879251
-196.12084396380152,1262.5618451210178
-196.69533483924351,1261.9273598930906
-205.37476263739853,1243.873554513764
-207.05585292786014,1240.567044559129
-209.98596661625683,1235.8626938275916
-212.021179658099,1232.7171857618368
-214.22387056728644,1230.6689096886967
-219.0599237896363,1238.6488573436802
-230.11323710447382,1259.0263322912315
-238.75820934845243,1272.684037602077
-251.81291239763513,1293.474445305433
-265.0373804353006,1311.8166612128907
-278.8530172441958,1331.469900845289
-296.2606447043409,1356.3272238197203
-303.1595339898571,1365.5094418835465
-310.60254754797813,1375.427124613117
-325.2767089313802,1394.7856053757018
-343.3611262918599,1414.4051709492448
-350.74631331250714,1423.4025084696436
-359.80881236846216,1434.2694913675298
-366.50162497123017,1442.6713197223066
-374.6382407513917,1451.935430801505
-379.85227137826354,1458.4127726977486
-383.70795675317527,1462.6396481776253
-399.0551282169579,1478.8397497302421
-404.58943423455366,1485.103159072331
-416.4214879522735,1498.5374282463683
-420.38794037844923,1502.8132000061726
-427.106013798906,1509.8260812216654
-433.98669124618664,1515.8588504279985
-439.8412226708807,1520.8812298894395
-444.5496433762184,1524.5106784742288
-449.6973916822447,1528.8276133201541
-453.21232595732204,1531.7704448055658
-456.68635496985087,1534.490538299342
-462.35688951934776,1538.3818799677088
-468.8075893840581,1542.8596816412164
-471.0171982313514,1544.1408534980349
-477.6089574231097,1547.8043250944231
-483.1818349894989,1550.6794413264624
-487.8215750149368,1552.959815675549
-495.1200639503489,1556.188733002757
-508.626130760392,1562.7763985207919
-512.7288343466303,1564.520211880931
-513.5886934683042,1564.4033530494894
-514.12692700154,1564.1905194898713
-514.6013924431376,1563.5352002768032
-536.8630143528441,1531.2722179575558
-537.5254526435549,1530.3109831936317
-538.1118728019633,1529.9872338744378
-539.7797516944613,1529.651575427801
-540.9092962462057,1529.793480556266
-561.6210643732976,1499.8697607341253
-576.7280979862967,1478.0294284814875
-577.2590493896362,1478.2172858443794
-578.9219939476258,1479.5734600925657
-559.4747222419985,1507.657662168365
-545.0590234069853,1528.4777390050122
-559.5222274751784,1539.3272645029401
-560.1146137221979,1539.7919252845993
-571.7901910932025,1548.4849546049347
-572.714967395413,1549.1375612236982
-580.6045920615584,1555.1124423912618
-617.1289834764281,1582.7663668059758
-622.2814931242821,1586.6637546733482
-627.0835791389284,1590.3032738001702
-646.195709743051,1604.6954870325378
-678.800292966344,1629.1229349511818
-680.0585996368735,1630.1032478228112
-708.6012956087102,1651.6447006982985
-733.5689211628007,1607.1197438743964
-737.0152751904226,1608.9407082071928
-712.6919401518803,1652.8681133605508
-729.7646516299519,1657.6567008345803
-744.0569827876321,1661.656694662711
-760.1157076619509,1666.1624719804772
-760.4565315344048,1666.2584565321479
-761.7714837868673,1666.628226814567
-772.8859915648516,1669.7956149868985
-774.0009734938993,1670.116494339597
-787.2721275702304,1673.9037077493613
-805.8163414787543,1679.189196383132
-817.847083583071,1682.6195494426183
-824.2938711631622,1659.5349099071243
-834.1701972101018,1624.2279457528448
-859.881642116483,1631.5224893262891
-877.2012230550106,1636.2475215773063
-879.3963742171942,1636.8392278587517
-882.9041387436642,1637.8008209965913
-873.8794875002209,1669.2967394608959
-866.1147443410487,1696.3832189960033
-901.5026359354521,1706.4188295385302
-917.450494939914,1710.945706726384
-948.5466340065003,1719.7850033152502
-975.8448568284214,1727.563692730761
-983.3202551685899,1729.7028526629852
-991.3899925798113,1700.8538499134172
-993.8971266940441,1701.633539860531
-986.3067533900235,1728.6340586612603
-1008.0933553798951,1735.026276994708
-1031.125141246983,1741.7885438988808
-1035.3659285717013,1733.575345147494
-1050.244483863687,1704.7702178259383
-1060.393054938181,1685.2252012706424
-1072.8025538347842,1661.3978650894248
-1088.4224472689978,1669.4964676874827
-1095.5146853705987,1673.2474002477954
-1114.1513225482815,1638.2094477695236
-1072.7942859095695,1616.487504087527
-1074.1746009315061,1613.9546563271101
-1109.0690985118144,1632.0936072739096
-1110.1938057988239,1632.7342191713728
-1110.3719570763897,1632.2726057854265
-1115.9725252453543,1634.7963804964784
-1128.9048621298841,1610.0049147373884
-1132.2034055372014,1608.5264378661516
-1132.8632040501336,1608.4615795510997
-1143.23367439199,1589.3734254602107
-1145.42099877608,1585.5256058172608
-1124.090936803927,1575.0542346210289
-1118.495314700557,1572.079794364597
-1120.1502271844731,1569.1962711999684
-1114.3236560832997,1553.8933485966631
-1108.4332959073029,1538.4045919444318
-1108.391140465322,1538.3117216719293
-1108.1876382649646,1537.754106750078
-1108.1564205172751,1537.665127907706
-1102.8691248454127,1523.7871756576906
-1106.9654650346909,1516.1844524176913
-1102.0753670899765,1513.854674912023
-1099.205879419878,1512.4984717554562
-1087.0150649074367,1506.6615280648036
-1083.2882911697998,1504.6706359244713
-1074.7339849363684,1500.732721854025
-1072.0956779802113,1499.524379209972
-1069.5898486309836,1497.8574105981165
-1068.0811055348474,1496.5691967725847
-1066.1160063657621,1494.8962044849068
-1064.5578786909157,1493.9378524551212
-1063.5933798019712,1493.337162945698
-1061.144102827517,1492.1778204881025
-1059.3439163464932,1491.2013882241708
-1057.7556600173452,1490.1039852456784
-1056.8863829546779,1489.1826169872934
-1056.2180904760703,1488.209302146678
-1053.01061694537,1483.553510898703
-1051.9920121890354,1481.4031313778844
-1051.3298598827666,1480.0100778867368
-1050.6823169668219,1477.8756987451904
-1050.1588649775238,1474.0885084967285
-1050.393999698535,1470.9859717425195
-1050.5903678263714,1470.3943876724384
-1054.9669635863509,1465.3357467178178
-1032.1461652339553,1440.217618662166
-1023.8186968362605,1431.0877906766661
-1015.4610730213248,1421.9268454599232
-1009.5658525860782,1415.4562697960682
-982.9507142954867,1386.3569199339063
-986.0276683771349,1383.621346406175
-1008.7898611034095,1408.6814032211876
-1020.810313781736,1421.8815273827058
-1033.154583612261,1435.4483752898423
-1038.090161630966,1440.8687149105103
-1059.2565609198055,1464.052161739724
-1083.1573010947475,1480.7810693471117
-1089.9114490970837,1483.6346254546427
-1094.602857512368,1485.8164477521418
-1098.8932947990386,1487.37978879999
-1101.8905259167136,1488.1434034377778
-1120.9589523657012,1491.316296405475
-1142.7305815629288,1496.0821247730473
-1147.3269588331384,1496.8030519789836
-1152.909720384433,1497.2974719987137
-1158.7333181048728,1497.5469431171032
-1176.0232050443612,1498.6921531430096
-1195.2470303611979,1501.4214334157366
-1199.3810927799257,1501.9984914179836
-1232.8765375424996,1509.4979910424947
-1250.266199874547,1513.0124626663992
-1263.7603070843154,1515.6391946054255
-1275.9430742562736,1517.0428606756711
-1279.7568468719849,1517.483954201182
-1289.7818185015542,1518.008870172822
-1292.3118784174128,1517.9882625648029
-1293.5293779878466,1517.8185552665768
-1294.9937475502325,1517.2671456514747
-1304.4391320709653,1511.8585872683968
-1310.5726688078926,1508.3650478748589
-1311.8757494839888,1507.6229006417962
-1315.457329252291,1505.534965207685
-1324.3175269355,1500.5509737803523
-1330.2835902530408,1497.6000532174387
-1335.6173345301263,1495.8142052397402
-1339.8622873855306,1495.1093773839325
-1343.093224025019,1495.152719477998
-1348.354456171444,1494.2471447605324
-1352.8657665666071,1492.9608289878279
-1355.955843838331,1491.8151591585613
-1358.3668271649365,1490.7242558400146
-1361.0078462704603,1489.640567519154
-1364.159443289147,1488.6367507216257
-1369.1354127465054,1488.0119376216808
-1373.8778530169693,1486.124084273182
-1381.2603790289118,1481.5526918526261
-1385.5827703470306,1478.3457161626545
-1389.3669511028556,1475.0438043293332
-1394.2085467991199,1470.62287435936
-1399.2513027311397,1466.1381373767285
-1404.1987216103837,1462.136967545923
-1406.9374957908703,1459.5732450353942
-1410.130505489079,1455.267091722928
-1414.9627957325886,1449.5282004030278
-1418.6481140481822,1446.3761072020932
-1422.9139196737694,1443.7487758177451
-1427.8768813958009,1441.4972007977094
-1429.9914936524779,1440.7891044162245
-1432.7383670743907,1440.5557036806558
-1436.4027759831629,1441.054790598668
-1438.5185586507635,1441.4588866493136
-1440.5404356577567,1441.6630740793482
-1445.3502519963615,1440.6226255691156
-1450.5308777948162,1439.6281194379987
-1455.5527148834944,1438.4766884544595
-1458.4467362644045,1436.4397734377671
-1461.8237064236894,1434.9923436885197
-1465.4726330816384,1433.5330865213637
-1474.2880712949939,1430.6076269041273
-1478.0405325976656,1429.735806437675
-1482.8611338123249,1429.7556997481372
-1486.877209891293,1429.3615168574593
-1490.9909778129113,1428.437888312552
-1496.3835063670958,1428.6914868925296
-1507.1044972761558,1429.8733786460684
-1512.7246758502422,1429.9041849720124
-1517.7307111431776,1429.4922159976527
-1522.52004373994,1428.1839794274981
-1524.9059244282168,1426.594673125428
-1525.8211729407328,1425.9173296993254
-1527.9566433810546,1424.327884712217
-1532.287167752451,1422.950554536465
-1535.949357739446,1422.19075930596
-1544.1489368722448,1421.911281010747
-1549.9075664486434,1421.9032295460188
-1554.6606005027782,1422.0519226249903
-1559.5738172928186,1422.511359084464
-1564.0714852981885,1423.344486302969
-1568.4582749573874,1424.1275240440045
-1575.3849249308,1424.8490357792703
-1582.1478022915937,1425.2539253700834
-1588.9635894612588,1425.8256071290257
-1596.5237782420725,1425.8019215548022
-1603.4997237012003,1426.3145893643941
-1612.3170790793808,1426.1901807874585
-1617.869774211434,1426.3319570152237
-1626.4293617852345,1426.2595864934578
-1633.2380814649478,1426.1438351084414
-1639.8952330096206,1425.6492197396374
-1647.0338830205826,1425.3697481119718
-1654.2688434270735,1424.8783337959874
-1661.3535714773082,1424.017232842289
-1669.7484721468243,1422.1970877170927
-1676.1394979939441,1421.3447548685504
-1685.008878251914,1419.790534186106
-1689.7597040929509,1418.7192756549916
-1696.5252711297915,1418.073899513401
-1697.0499408920523,1420.1594237683396
-1697.1640868326538,1421.558310052369
-1697.3769796576303,1423.1362614506854
-1697.382777600251,1423.8755947592426
-1697.2272846812245,1424.4570982547218
-1697.281249735851,1426.207785186399
-1697.495311622601,1427.7845398251247
-1697.3939350771648,1428.7857925200399
-1697.6056657977906,1430.3236450369302
-1697.2936422683354,1431.2169332234898
-1697.72454846096,1432.323114991775
-1698.174901358207,1432.5300718446085
-1698.4565857237285,1432.7489687075968
-1698.9044616057438,1433.7432362593029
-1702.0210665166273,1433.0783680190182
-1701.7527007893193,1432.148070554865
-1701.1493996988888,1431.825179293793
-1700.458241289647,1431.5992276181462
-1698.637428067404,1431.4139731862012
-1698.5027287680248,1431.0353059380043
-1698.4281764206805,1430.4967532403089
-1698.8365601922535,1429.1128216171703
-1698.7669883480298,1427.7949385544628
-1698.5660629725257,1426.5377788445849
-1699.020441746358,1424.7531675774892
-1699.022956503519,1423.7519971953873
-1698.8135984837058,1422.9635519223868
-1698.8354433169382,1421.7245856905085
-1699.1705510859092,1420.1418433652466
-1698.9024051317754,1417.9633991335475
-1708.6747039779746,1418.0421349741014
-1714.7018678141903,1417.55952902412
-1720.139107616752,1417.1257976521547
-1730.3364903432048,1416.7789069639757
-1738.7926617178407,1416.5466219927002
-1743.8142351145225,1416.6464807630216
-1753.2699509626095,1416.0376414644484
-1754.9282021953925,1415.7242362499028
-1762.1754662115147,1414.2306372830376
-1766.671015618885,1413.7948645728488
-1773.693028035734,1412.625114728675
-1779.8144010460558,1411.602930181655
-1784.3484286709902,1410.806384288112
-1787.0303983499305,1409.903564002091
-1789.2789201649932,1408.5949886821406
-1791.2241206865508,1406.6878693470192
-1793.695650597898,1404.5779610524655
-1798.101497049333,1400.2900178381346
-1810.2019258412458,1391.8967957905784
-1814.081440022206,1388.3363229535444
-1833.422366411095,1370.4916785199584
-1852.7560437501272,1352.9398324092372
-1863.244408946032,1343.11049482833
-1882.321049034409,1329.6695734017646
-1895.0942312464622,1323.793631605255
-1904.9601984012772,1319.7984778523048
-1926.5737627013973,1314.1461716793804
-1940.9990299854503,1309.9073867658874
-1948.5440160236087,1307.893503360529
-1961.1618445377533,1302.9878667464504
-1967.4399221102528,1301.295427338659
-1971.0734220015388,1299.542501399911
-1973.343909223349,1297.2356958249848
-1975.335509649861,1292.4878005596772
-1983.0175141645113,1285.7335485882595
-1994.898686978403,1279.5517284711407
-2015.5121377012265,1271.5802742022458
-2025.3782062625294,1267.595418498101
-2027.3556491221643,1267.180085286773
-2030.6421959936145,1266.7830830464409
-2032.8086598909458,1266.4747206964137
-2041.4300969139033,1265.2324889239142
-2055.6713695463814,1260.6112038479446
-2060.2515618474163,1258.3538888765668
-2067.827485797691,1252.9475768124307
-2075.548144656906,1245.8947618889536
-2084.3398312929057,1237.4701515718743
-2088.3170087342733,1233.6558528204594
-2097.6804621300257,1220.9277520356477
-2102.385945038095,1213.2667371523812
-2104.408910024431,1208.651640578488
-2105.8925634040147,1203.2082189005987
-2105.8491959905346,1202.9674177779239
-2105.682026709132,1201.831251655959
-2105.3528874040057,1198.3118712724327
-2104.866115264442,1193.956169350061
-2104.9907240092257,1191.16425056968
-2105.8704254505487,1188.7583222192618
-2106.0723465592287,1185.2460404730227
-2106.409123200328,1181.3421776933367
-2106.6132732845795,1178.3295341244852
-2107.648456559081,1175.1501941825964
-2110.6070855657954,1170.3964549597922
-2112.3948168071533,1167.7999086026996
-2112.691173405982,1167.359287093358
-2115.9166333193316,1165.4535126769167
-2116.9476523776057,1164.5223925616851
-2117.7522545356283,1163.8051821442593
-2118.4004270622263,1162.4802726715584
-2118.834473470961,1160.5368786293768
-2119.9382166676737,1157.3576549332615
-2121.037951144368,1156.0788289635752
-2122.1088671665357,1154.8499705001748
-2124.4225708320982,1153.028883462467
-2125.126054581008,1152.314544045129
-2126.4546797463445,1150.9719305453316
-2128.472441908397,1148.09454777808
-2131.3128894213246,1144.6818007488037
-2134.122231230783,1139.9681345781685
-2136.406455552119,1135.55698801755
-2138.553323048928,1131.5216618618097
-2141.2906256009487,1126.367095821681
-2143.937733551642,1120.162463596852
-2145.2531352495935,1118.6129725153567
-2147.2251114556666,1116.2881873675879
-2148.635776693791,1114.0452701197771
-2150.4778184412266,1110.6382909058846
-2155.636078114857,1103.254205070058
-2159.2364956886076,1099.825577347077
-2163.555147188545,1093.6283083309793
-2169.3993554391245,1083.4284991859533
-2171.774770086138,1075.4182758126883
-2176.8512155570866,1068.1139816246455
-2184.712490673417,1058.3892394618183
-2195.070599198422,1047.4020643933093
-2195.6534993458245,1046.7766779052772
-2200.462194559129,1041.6357689020017
-2202.9028048590603,1038.243899158778
-2203.161115993779,1035.5140561161538
-2203.5827791904803,1029.7685704343235
-2204.313923102258,1023.9242057277166
-2205.5454373353127,1020.5142049641748
-2208.7605554134057,1011.573734992548
-2210.9725333111223,1007.1557077396467
-2214.9868195579847,1000.5606975930855
-2220.4202906987744,995.8665143163698
-2221.9707522427525,993.7136131063793
-2222.992445911297,991.3446356677567
-2223.434280045113,986.9010661659084
-2224.673540003573,981.8213888411949
-2225.146022853946,979.8958638616072
-2225.889794738089,976.929432033964
-2226.4213598972137,974.8061206135197
-2227.840525564509,972.0836292330285
-2228.1272749838113,971.7109375314716
-2230.2342535286407,968.9715489065306
-2231.2595029135796,967.1331326037854
-2232.929281009954,958.9288520520394
-2233.9839424780894,949.8211116525608
-2233.9265338530936,943.1702044372239
-2233.8257137080013,941.5124699057068
-2233.3711153055956,934.0042367382077
-2231.23534970183,926.1717321459467
-2229.384621593599,919.220567233776
-2228.838404264862,917.1711192142075
-2228.749958197393,908.9514692733082
-2229.8084774502054,904.1023685635596
-2230.8467947295685,897.7924547306214
-2232.1734511049594,895.0729352886344
-2234.2684440467074,891.883881351681
-2235.303243722949,890.3102986770815
-2239.4728492457252,883.9801666975682
-2241.1702456372404,881.3365432674896
-2242.3051323825566,879.5562072014176
-2252.2068953505386,868.9626951794771
-2253.233358062483,867.3551982314176
-2254.2635952921355,864.964182248355
-2255.0768703651606,863.0209837688649
-2255.958707858513,862.1207658457447
-2256.4851518019177,861.5944196727539
-2257.565603954299,860.5074205921236
-2259.1447765743196,859.253859902876
-2259.975925802425,858.0089015895261
-2260.313231408407,857.8550697469616
-2262.066809344271,857.1000906876603
-2264.0382263731285,857.1445431380009
-2265.244831340458,857.9242574500196
-2265.50714640818,858.4998647837012
-2265.528683848392,859.5910125146876
-2265.628254887498,860.8600291824539
-2266.1001249094493,861.5966790425459
-2266.2265851966135,861.7964041911968
-2266.3481519008674,861.8554835985933
-2267.1910982475697,862.2872914712802
-2270.6114019737884,862.229146864173
-2279.4242214046444,862.6749091251068
-2295.0849311755355,862.5736965727696
-2299.6348591135134,862.5438609313717
-2316.5697780089813,861.6086961896415
-2322.6539846158544,861.271418770467
-2341.235403555331,860.0767518588591
-2351.560019335174,859.2688173170556
-2366.06623808492,857.3969123831055
-2369.2674733531303,856.4913902668932
-2374.640742116515,853.094402307556
-2377.3666928695525,850.443077031354
-2379.4494317878616,848.4162150337585
-2389.5541931817324,840.5706512276728
-2398.606296830199,833.5153380314239
-2405.751842127134,826.8742087577621
-2408.5047866415293,822.5302765135444
-2411.6072086013937,816.8034276160316
-2418.9924566210575,810.3912898907906
-2419.7854861710257,808.0842199370854
-2419.894435017,805.8529859369082
-2419.1520631820895,802.9601093864234
-2418.314577940241,800.0760865713219
-2416.852605344439,795.0475260623601
-2415.4438866023997,789.1007995282979
-2412.630725023585,774.4534078858293
-2411.530069380701,764.7515493247934
-2411.8061835689878,763.2197896878093
-2412.6088004356625,760.9837422285602
-2413.9401872493495,758.6608472771281
-2415.9580192167377,756.1752364688379
-2417.237262050078,755.00441737952
-2418.586496316632,753.4430031944189
-2418.9277777044076,751.4496267882178
-2418.657422633357,748.9994506843941
-2418.685678089041,746.550347127228
-2419.7882836776016,744.1605644309319
-2420.983342211486,742.3820603655284
-2421.8724547458332,741.2152334366402
-2423.6141936843915,740.1895650972447
-2427.0939755548784,737.898135196326
-2429.593264265295,736.5498747687682
-2431.5626911557542,734.9815369392218
-2436.293146025782,730.6110813901832
-2442.645696535222,722.2172088508793
-2446.028499047439,717.7904576111541
-2448.53305691873,714.7993553243634
-2450.8420332389805,713.5089058300323
-2452.3446979972446,710.2247893180415
-2455.8300978883763,704.9667686370575
-2457.097708363759,702.3052193946459
-2457.3017455885615,700.203882219132
-2456.9566575359268,698.426086814962
-2457.1582524896103,696.4057443225541
-2458.2137502960777,694.4464661554471
-2461.5307394608167,693.0694961141069
-2466.8400398953263,690.4958632848031
-2473.9129285896893,686.1039829413905
-2475.4581609918946,685.5408046059022
-2476.985682113489,684.0372984049532
-2477.332070316564,681.0767698528523
-2477.4433180388687,679.0553073513975
-2477.1967863912473,673.3157492019474
-2477.174245635918,671.996677054727
-2476.7496212597853,670.0590643869597
-2477.6521236738313,668.1827393098313
-2479.4914978869538,666.8372147786996
-2481.2276063099957,664.0828245278689
-2482.7349272269025,661.2704220433028
-2483.0919305071448,659.5757972160978
-2483.1014580695464,659.5447780738829
-2482.261792889766,656.0732345626942
-2481.672263246661,653.746861604205
-2480.800660261476,652.3657268714369
-2479.2945998245455,650.6066834228016
-2479.504433043587,649.043987054346
-2480.10810564239,648.3386256783341
-2484.165120051243,649.2859804514275
-2487.1513566833805,651.1722864246212
-2490.07716628784,654.2267254151918
-2494.797212837686,657.7272041837927
-2498.461726895974,658.43656449871
-2502.9622429288497,658.3709028818064
-2508.47939583096,658.1225706512906
-2518.9214065168976,655.6941424162693
-2522.776880399533,654.2311523244463
-2524.692230020652,652.3371426390277
-2525.372916320346,651.2412912549171
-2525.3528662914036,650.002117755905
-2523.341345572847,646.3784469519715
-2521.9597223198894,642.6778365111571
-2521.4746643708195,637.1720240962218
-2521.8388798732494,635.0707304447473
-2522.504054311017,633.583065049302
-2524.8332950274403,633.4637788866521
-2532.8928913270543,636.9071994444928
-2541.302445668771,642.587067198535
-2542.800328495703,643.6536682116371
-2543.829748404824,644.7171531886728
-2548.7192831862594,644.7952527859454
-2554.391702944812,644.7788021334616
-2556.084022298619,643.8139909981707
-2557.6210394517716,642.4713935796203
-2558.838939868319,640.9809849009193
-2558.965886924329,639.3382704216837
-2560.394907185655,636.8375715673892
-2563.836497104018,633.6679009732658
-2565.9876587958947,632.4704022403486
-2567.6932385909763,631.8943142831639
-2569.245544442031,632.1016057320912
-2569.963108017834,633.0260614042821
-2570.374542568183,634.5719645426732
-2570.3354237579265,636.9041598317253
-2570.3686201696178,638.6119525647631
-2571.1703599773286,639.8351757850455
-2573.914581171948,641.4226990262938
-2576.4880530442288,642.0018257747226
-2579.7695663525287,643.1958893193522
-2581.2110270252383,643.5219527475897
-2597.16251811248,647.1685392103368
-2616.394954092128,649.727793929095
-2628.7086972258735,651.2218820613531
-2632.1228533007506,651.6355720969395
-2646.3350068737896,651.8682914477242
-2648.664158736703,651.7580125369545
-2651.1380318021247,651.0161703207068
-2659.080235430739,647.5391545947148
-2673.2429918070166,639.5392066564228
-2688.195480176018,627.9522663624925
-2689.335092946321,626.6955616858544
-2690.0016324586227,624.9001859802445
-2690.205761823266,622.9556576769636
-2690.6397611379625,621.0832116382142
-2692.311922179876,619.1081721005063
-2695.3016588830087,616.7339116937259
-2698.0436689860153,613.351231234112
-2698.705477578451,611.1641448247041
-2699.2831383107136,608.5893147804114
-2699.8464850161367,605.24602294911
-2700.4229813238067,602.3593807284929
-2702.9904352234025,598.509134365055
-2710.3696529045565,588.9975545069002
-2714.869868531558,581.829243386318
-2715.739721074998,580.4397013722353
-2716.6921095959306,577.1614563289492
-2717.5840233920994,570.3959081541019
-2718.0597129897674,566.1113716828585
-2719.5648031995574,563.2179109821691
-2722.067175119808,559.8362671337434
-2725.5764104571963,556.0472394111309
-2726.7090085642344,554.2490059972039
-2727.532164758511,552.048900498942
-2727.8061965306088,550.1083829253097
-2728.2016563611364,548.4258478384149
-2729.4239844022663,540.2924521388337
-2731.2719014815766,525.8280362101964
-2731.868412138004,524.2634603913964
-2732.9441756084275,523.5423891014783
-2738.917883903309,522.903506424489
-2743.5585234425666,521.8936839271126
-2745.6444842413866,521.3865620752658
-2747.738982538672,520.8106170674808
-2750.218836036574,520.617515279411
-2752.175630332799,521.5113170163132
-2763.8644158220136,523.4961586381967
-2774.068251451181,525.0390024094397
-2784.1476746104854,523.9327165857613
-2786.151994535409,523.0459394300091
-2791.653651457137,522.1023227871345
-2795.2885368400935,521.421900303922
-2798.02232309048,521.838344189834
-2799.2032369009244,523.3765007977667
-2806.0726142641433,532.5505192112988
-2806.9201965604093,533.4230616807606
-2816.2475031899676,542.495762622142
-2824.9960834020153,549.6219221990298
-2832.0515719560067,556.1739412806519
-2846.8552217150427,568.6406115103823
-2858.265741253364,578.6044196213718
-2866.227937111891,585.5573209621435
-2866.9142923108966,586.0412029583425
-2882.0025798962433,596.6385375053783
-2901.7667018307498,608.9529685373575
-2913.3454462656005,615.663316235429
-2915.882693747733,616.6932835262888
-2921.103052319833,617.9888962213681
-2927.9999701014885,618.6535177282608
-2941.6763659722587,622.8074008022672
-2958.6192071156197,625.3855918852124
-2962.1262406269616,625.1769008628056
-2967.4631625869715,623.4908105075973
-2969.87595579042,621.6209823639726
-2972.4560607170883,620.1309467727338
-2977.5812613763333,617.4945981160199
-2978.607618170482,616.9772241087114
-2979.6663627135117,616.4999589016055
-2980.498734421441,615.720886292591
-2981.246987819769,614.4950168395573
-2982.2203874165434,613.4881638631568
-2984.1257280391,613.2209313685374
-2985.1397758734256,613.3531125907285
-2986.2802448252464,613.5043849990802
-2988.6919257063246,611.4716729236975
-2990.782498607784,607.9260849785206
-2996.5016601774228,597.055243093535
-3003.4681729757667,586.9371923724536
-3004.720465968351,583.8559717104298
-3006.461447592133,577.7931399655592
-3006.707088036317,573.8902809797939
-3007.6024875846297,572.1219308145502
-3010.164946086206,569.7105285924298
-3013.4279969272043,567.903020678718
-3015.4840021888535,567.3360991646956
-3017.8516999864346,567.1459238783044
-3020.686614143569,567.4825647028279
-3023.770446392564,569.1871274737217
-3025.7800257624654,570.4699185583883
-3028.5438027028626,571.0372562179638
-3030.6056146762494,570.8590573078842
-3032.2799620148758,570.1451902878345
-3034.083329981579,568.359074350218
-3035.0403799714213,565.7403953678551
-3036.557736785528,554.708457570944
-3037.425782344676,551.7910058513216
-3037.880022661401,551.0976021257671
-3039.0895066952526,550.0877373237322
-3040.374672572322,549.5265626164776
-3042.677283794019,549.7281826034381
-3043.9151663335156,550.5479032593329
-3044.7947995610607,552.9793369414457
-3044.01721942664,562.927447252023
-3044.583846569226,564.9111134002455
-3046.3658260399166,566.3355785366639
-3048.292510123478,567.0017065833631
-3056.160124445563,571.6165445986462
-3057.165592681993,572.2174460398288
-3058.025117032881,573.2678649848993
-3058.578583303987,574.8738822704174
-3058.993552284102,576.6205998530868
-3058.9589513747183,579.6033502426375
-3058.919593306861,582.0523481341962
-3059.3962281783083,582.8879880432429
-3063.1436010681177,592.1469821066088
-3064.6411249463617,594.1839120045759
-3064.7105753043334,595.3150753112416
-3064.556217350229,595.9644847330557
-3063.923698950606,596.9015146096532
-3063.50063620254,597.7638002805782
-3063.567917448037,598.3643040592001
-3064.60099694628,599.0462103871849
-3065.635428246492,599.4162055753578
-3066.5544815086,599.1786993910005
-3067.2918333984526,597.8729351120927
-3068.399169870127,596.3944257368202
-3069.1579410932613,596.0059501238617
-3071.656559304778,597.1558431178632
-3073.5675608164865,598.2685426037572
-3073.5852042799734,599.2397935521284
-3073.3837934666562,600.2720202583292
-3073.4532921002756,601.5101134053842
-3073.738541305401,602.0498406530011
-3074.347556736979,603.0631746253543
-3074.521924235737,603.8217133753222
-3074.2180109023566,605.506258599678
-3073.969350579491,607.0159634167727
-3072.972893020331,608.5464762342058
-3072.0080096040915,609.2646523232839
-3070.7722018352215,609.8248411256973
-3069.268993205364,610.4378111857565
-3067.8270700926187,611.5985167589083
-3066.815071976444,612.6363703774882
-3065.2258001171917,614.9900143020186
-3062.3690486300006,619.0340818058975
-3059.229436268257,622.6502414957744
-3057.6189013766007,623.8667538405396
-3056.942676686807,625.4414586764148
-3056.5164138667174,629.286206032732
-3056.293717773044,632.6655943422932
-3055.6814504127697,641.8932782417297
-3055.68028529614,645.5625046459024
-3055.676898140956,648.6031190475912
-3054.870366231493,654.7801512233349
-3054.0216626455763,661.2288834400292
-3050.5314956877824,673.0676539842003
-3044.8969290257055,686.7763198826426
-3040.8091347964755,699.1604266555878
-3033.604494372083,719.9201829935889
-3027.9253422782767,741.4698302478049
-3023.965174999827,761.8649405599065
-3019.948411489362,782.5176842375307
-3016.268363118829,796.7415821547698
-3014.3140348862885,803.4267742967868
-3008.7822772646678,816.4240938256086
-3004.6320519891747,824.7594301063343
-3000.8554365572195,836.0135093452254
-2999.7764750932433,839.540459436826
-2999.1073365209672,842.0352459894283
-2998.7010410480048,847.2921348668253
-2997.6055076818993,853.6289794918468
-2996.0897329834806,860.1414493169655
-2996.0603256363606,861.7962584636142
-2995.913129518913,870.3144871703889
-2995.0133119505294,878.5928871604967
-2994.1665754969563,890.7192802361254
-2993.9350257013034,911.1034986337366
-2993.1013528588414,923.6606080793946
-2991.505400651417,936.1754869416247
-2988.7078240463675,951.7396868868567
-2986.422885918854,961.0867571273283
-2985.8536834277115,963.4028277204532
-2984.637154733906,971.9648147151646
-2983.624332044158,983.6225429439595
-2983.0683373696374,989.9385109588158
-2981.738648472896,1002.0706425104091
-2980.908380579989,1008.0258372073426
-2979.697442081675,1013.9379227733963
-2979.5816431634103,1014.4185723451101
-2978.3039395407645,1018.0603738576959
-2975.910254501883,1024.8802991980474
-2974.605205793914,1035.1430633695682
-2974.2144560368865,1044.4747636748016
-2975.271771688343,1048.7358248738042
-2977.067854406524,1051.0106339973797
-2979.084396093622,1052.9647222509557
-2983.434007256557,1057.488542884215
-2986.0124554054823,1060.9676540207167
-2988.4510011486664,1065.3680943991328
-2989.4170862606343,1068.4090118007964
-2989.459497720147,1071.3886963065643
-2988.6221833105014,1076.3766326861135
-2987.5798128889774,1078.603581432697
-2986.8315906608623,1079.8425181959024
-2985.6911026173725,1079.930939957126
-2980.164970065555,1079.1779252243005
-2978.10679692882,1079.2852153328763
-2976.432650412876,1079.919094445357
-2975.3181469519104,1081.8473767939183
-2974.8994390161674,1084.3833394999692
-2974.8793202004576,1098.6812076057877
-2977.3824096152807,1112.2505989429746
-2977.888589927626,1115.2274346558124
-2979.047408330417,1129.5478123558607
-2978.0740669477586,1142.1367034534442
-2977.444210000672,1154.0444224421217
-2977.6191434590824,1160.791230559884
-2978.798663730734,1166.7540312869191
-2981.2356314876365,1175.9017758446125
-2982.72145104004,1184.7503813108583
-2984.122074121642,1192.0591510264373
-2986.2722295594863,1201.672531623936
-2989.4303047875296,1215.6058126182825
-2991.6869737980082,1223.6782211287039
-2995.6437261126075,1232.7344751003989
-3000.0337910503918,1238.7193259209803
-3006.115391252439,1246.0385372837163
-3009.2998464309712,1248.639464141603
-3009.740513096281,1248.784635548146
-3011.8766416383746,1249.4696749268985
-3014.6980728631274,1249.8242648552987
-3017.3355088664202,1249.5233538294049
-3020.2992958076325,1248.8497877042525
-3023.2273534450874,1247.3528913112048
-3027.826422642853,1247.1455648118233
-3032.163837806086,1247.8893549346064
-3038.608149635829,1250.6541080031463
-3045.3048041714974,1254.9699268596232
-3047.8723669191368,1258.307210518355
-3049.374893489958,1263.4747325526312
-3049.1252712181704,1268.3489391214232
-3047.5874992412723,1271.9096549988553
-3043.80312913151,1274.021818026728
-3033.340800092274,1277.450942633168
-3029.420212608273,1279.6739881650378
-3027.8541958418764,1281.4760413688905
-3027.182725534577,1283.4943306373552
-3025.659296391347,1295.1148926215324
-3026.0810235148206,1302.3734878886098
-3026.447958260578,1307.029042108433
-3028.2477263067035,1309.0759386450443
-3030.7726607122577,1309.874119144662
-3034.231438055264,1309.6533696185886
-3052.22774245886,1309.0156866125699
-3053.052406230029,1309.7273510014325
-3053.304494439213,1312.3464145975988
-3052.739177548799,1314.0099321986315
-3050.1905090600508,1315.3920303010993
-3040.15510894537,1317.1145946519991
-3029.5260254081154,1318.5960911040593
-3028.8680142845196,1320.0407338165162
-3029.0516506649383,1333.498393692258
-3029.2119157562856,1340.8278280373877
-3029.402308958755,1344.226302640095
-3028.3827512100384,1346.7250683329028
-3028.1543232227373,1349.2979963559383
-3029.8914908144493,1354.955252871014
-3033.906772073216,1365.0616898556575
-3037.935144435143,1372.0256713816707
-3047.713879877246,1382.4766699388324
-3048.4695053651863,1384.4394514936737
-3049.4224131117876,1387.2705023686424
-3050.0106124277895,1389.2671453271694
-3050.60223779817,1391.7814816206046
-3050.7619895163334,1393.0384570262786
-3050.823029037257,1394.348566827589
-3050.6683378152,1396.09221286053
-3050.3064246293675,1398.2953323262063
-3049.838550319781,1399.9769355904969
-3049.374451059989,1401.6034791740196
-3048.1823927596806,1404.872642005812
-3047.975051683251,1405.4451299439354
-3046.4130335699147,1409.9671106951605
-3045.1230388021277,1414.5391515663146
-3043.9317219365694,1419.1692771991245
-3042.2816912019193,1427.6822489387648
-3040.6363888186515,1436.5668836926238
-3040.3307062986546,1439.45957951384
-3040.1286310914343,1442.6610282254103
-3040.1457388905724,1445.8614489718564
-3040.1627627929497,1449.0630666888326
-3040.5105636189865,1457.4187694045359
-3040.856128402056,1465.185958171529
-3041.392259100061,1468.1218118089187
-3041.9861696618327,1471.0587809757972
-3042.4097052526827,1472.5346869566895
-3042.890892430982,1473.889816331125
-3043.529887261222,1475.2549704441556
-3044.534903895861,1476.9869141685385
-3050.7756489038748,1486.626545433249
-3057.293378059434,1496.6819189390771
-3063.1496923323093,1503.6433014463387
-3069.02029364153,1510.8117690659979
-3070.397300307746,1512.7526068750392
-3071.9356093966835,1514.9995233538493
-3073.2558864580933,1517.3070172444682
-3074.2630805344825,1519.510673334722
-3074.6312211316854,1520.5550531453684
-3074.904173110413,1521.8651313141406
-3074.9122872975877,1522.863412247964
-3074.8601832522236,1523.9135429152047
-3074.4546804398874,1526.649302468096
-3073.93719316673,1529.4310101109581
-3072.012367522374,1534.798236232631
-3069.8282350587297,1541.3684411302188
-3069.10237198844,1544.3139686416907
-3068.32831489095,1547.3114495847944
-3067.197221309274,1552.1513625651028
-3066.20934724403,1557.1881242396782
-3065.912311945514,1559.92102615574
-3065.76447051212,1562.4409138053122
-3065.820527885569,1564.4403811572222
-3065.8872403634323,1566.5417944038943
-3066.2181357718464,1571.2683610732993
-3066.6090850375376,1576.1946425133065
-3067.2058997331974,1581.762668784945
-3068.0263853616602,1587.644374314727
-3068.554351685415,1589.951714955117
-3069.1436885740854,1592.2570802525822
-3069.8426724538485,1594.250767927464
-3070.741481630267,1596.7121382767773
-3071.535682831534,1598.3451675422323
-3072.6514175650063,1600.2781421764153
-3075.4558692066475,1604.3148441463459
-3078.7864657799955,1609.0263113443452
-3080.585916251707,1611.3320646956354
-3082.4348796657096,1613.6369365156672
-3085.39137808251,1616.8694216511594
-3088.351290272241,1620.3856920102153
-3089.727093259872,1622.3736136000882
-3090.943952922264,1624.253556941456
-3094.179110183531,1629.7074237035445
-3095.766470728773,1632.7955354775825
-3096.19012941222,1633.3222417600753
-3096.450270689528,1633.4271606783286
-3096.6663361410174,1635.3158598237358
-3097.218697436866,1640.403088538379
-3097.9076869625565,1654.4764640035926
-3098.973118739123,1670.4884647853494
-3099.565914545904,1673.1636991268322
-3100.2069034097076,1675.788875528198
-3102.4383589093695,1682.971055992317
-3104.7793029451673,1690.5819895468421
-3106.9656583436004,1695.7127380501497
-3108.132680496541,1699.0745248769872
-3103.77888701629,1701.0905239785209
-3102.739511143298,1701.1492396014287
-3101.805363237436,1700.6182787270732
-3101.5564307488107,1699.420124510996
-3101.021934634364,1699.0223564607727
-3096.736383245507,1698.3684243830905
-3093.2156526724966,1697.1991423397503
-3092.158703459747,1696.339572809942
-3091.8218648385623,1695.3501632982684
-3091.549285198649,1692.9039540263661
-3091.206563073513,1691.255108222016
-3089.2823960266855,1691.0016288984173
-3089.3986873702856,1692.61948002571
-3090.336750745414,1692.6626729337656
-3090.602663279935,1693.2513716512065
-3090.995321331954,1707.8772567837727
-3092.309483593863,1710.668530104326
-3093.654371608231,1714.7578350384942
-3096.794894457364,1722.2921183653966
-3105.927201220123,1737.9238881979277
-3107.468649285222,1741.4307299681361
-3108.272427057146,1743.3445565273062
-3108.4119209018586,1744.2039311967526
-3108.3524404593013,1745.5939013079526
-3108.3567695623888,1747.1835876679886
-3106.8965242284285,1749.4873961655167
-3102.0873532288524,1755.6970569537336
-3099.0094077989947,1759.4921773805297
-3098.0723030368395,1760.640973360471
-3103.2477052692893,1764.7064773330428
-3104.755965212232,1762.895439198304
-3106.7688390150674,1760.6688142713865
-3112.9019649240036,1752.4960432882053
-3113.2167572483063,1750.9032682230627
-3113.2194983775066,1749.9151647441072
-3113.2149535312933,1749.2526365986091
-3112.417972191911,1748.5309009738576
-3110.961105883755,1747.8708955869213
-3110.4942245565508,1747.0173999146148
-3110.152614506339,1745.5604689492939
-3110.2147078112325,1743.5789936536835
-3105.271213954078,1733.4102759414452
-3097.5933347422483,1718.4931711066422
-3093.5755060860056,1709.1869801027253
-3092.4622056868825,1707.52591672583
-3091.9291772642478,1705.9390529957984
-3091.6587008236947,1704.7437847967112
-3091.6544530392684,1702.8923596572497
-3091.7095349163937,1700.1134961107634
-3092.1059140603684,1699.5190252912978
-3093.27518781085,1699.5283784515611
-3095.268050553176,1699.8428267493853
-3096.7178743367517,1699.840300816175
-3098.705959374644,1699.693014511337
-3099.701749431072,1700.1559667702793
-3101.0366297913174,1701.8720635650016
-3102.21282833703,1702.6739183946993
-3103.724081809797,1702.742234454247
-3106.733310785902,1702.8852468709104
-3108.8608858801476,1703.609307025354
-3110.7874252292722,1704.263379251555
-3111.212201037359,1704.9380129936953
-3112.4290259596396,1706.8800025683597
-3114.9085352680872,1710.4390178608494
-3118.03561280688,1714.842610995584
-3126.228077221445,1724.7846652537294
-3133.8895962221727,1734.4087563443343
-3136.4813642846457,1737.028486361394
-3139.5389848903897,1740.0612263377802
-3148.786149291961,1750.4252794843237
-3157.9815466273153,1760.728378627015
-3162.364766369712,1764.6518126791195
-3166.739348957852,1768.6771884414093
-3175.2452556743306,1777.5651510533237
-3183.8607106699174,1786.1453349995134
-3184.804479414376,1787.084875213823
-3188.661583331365,1790.2228306843892
-3192.505596579395,1793.2987400672212
-3200.4313666534363,1800.834547377337
-3208.7148383402546,1808.3056443419307
-3213.674819973844,1811.9154869775505
-3218.8502098612253,1816.0390071120353
-3220.4849457320283,1817.8171646666824
-3222.4409308298623,1819.959311088087
-3223.7615179436357,1821.108751599745
-3225.5529264182596,1822.5243782545888
-3228.9226098595927,1824.7677456107647
-3232.199667207064,1826.8482941724571
-3235.361057524898,1829.2523877315477
-3238.6561858242003,1831.2170373163472
-3238.687497712324,1831.213057930489
-3247.40966003498,1837.5012242423088
-3260.304273878193,1847.2849868634235
-3263.4910923262787,1849.267562963818
-3266.07473159775,1850.796281061292
-3267.9515993140208,1851.801182076883
-3273.3118394941857,1854.0951154393415
-3278.440758353231,1856.5030847784312
-3282.713551829631,1859.0675687147195
-3287.442622832123,1861.4393973978538
-3289.9819411065046,1862.416499887792
-3293.051009090042,1863.458820097431
-3299.1856878921308,1865.149557088121
-3305.431074103044,1867.0951923890723
-3307.527349688133,1867.638442641908
-3314.0726405684436,1869.3534693332945
-3321.508855590149,1871.433487023116
-3325.312658925376,1872.0193247264392
-3329.459512277347,1872.6861783381746
-3332.7551105761618,1873.4368264710943
-3333.4141642385875,1875.7531056437454
-3334.0093699904883,1878.4773324286718
-3335.603728049588,1885.1238009862836
-3336.002740221136,1887.3112154394423
-3336.1609824865304,1889.418648210589
-3335.9050738620786,1891.3411041729694
-3335.5265352133447,1892.4751087311456
-3333.5986004804954,1896.2415269574028
-3332.556895352015,1903.3216846354044
-3332.375922989256,1904.4028912777708
-3331.7819842407366,1905.2559307627382
-3331.2506861796337,1906.0512378336741
-3328.87154335181,1908.6413711003092
-3328.1162995989307,1909.238600901003
-3327.3622049869496,1910.1346764462749
-3326.836725304342,1911.490470316063
-3326.2918600711882,1913.3728277011176
-3325.3131068988337,1916.1334168695673
-3324.228304800605,1919.1706707222422
-3323.689223895091,1921.4717727745856
-3326.5199533769387,1922.101164071647
-3326.5537191561007,1922.0022256329053
-3327.9688311378254,1917.9788768650048
-3327.495000937314,1916.293967668733
-3327.412401514883,1914.6731323204763
-3328.569296451642,1912.0146473011566
-3329.8076507968813,1910.6531153262151
-3333.099070518674,1906.0758175327808
-3334.1085848127827,1904.6682229831495
-3334.655794461246,1903.2544834119535
-3334.640861313408,1901.292034273484
-3334.8017828397587,1899.0427705733155
-3335.2995996685754,1897.7679630226457
-3336.729728601937,1895.2443334397055
-3337.5960935809803,1893.7167924282799
-3338.2312515732165,1891.9823934790018
-3338.531993733029,1889.5883441578765
-3338.310087252038,1886.880405756421
-3337.292473500609,1883.709459949135
-3335.5929491548086,1877.9232819265012
-3335.3383786293643,1875.985786552755
-3335.4004232844545,1874.035234193893
-3341.0512650178607,1875.167240894046
-3346.458795092826,1876.0814162151946
-3351.8376149279475,1876.9586777815146
-3355.7221224217155,1877.3936367700503
-3359.7137479042112,1877.8426992116674
-3362.846907863161,1877.9846380982867
-3366.426941015196,1878.0938174841192
-3371.948011434769,1878.0777961866688
-3377.457086068794,1877.9837708385862
-3386.733050696321,1877.5344744371653
-3396.010097430029,1877.0970573844334
-3401.8542378828943,1876.2887684659745
-3408.1860803137715,1875.2158246672818
-3410.710350258643,1874.554192363868
-3413.6427263835617,1873.6989947241227
-3416.24525396096,1872.738646122792
-3418.6154313362326,1871.7382166774044
-3420.3185133283687,1870.9034317137534
-3421.8046120221143,1870.2515078826762
-3422.887421126593,1869.632357665933
-3424.319506970941,1868.4897541606974
-3424.791942015241,1867.4857583090916
-3424.925736289328,1866.915147126362
-3416.4092964466417,1848.3553843211625
-3413.700795627783,1842.5259428845936
-3427.177748334406,1836.2145855595013
-3452.140859549316,1824.5124864787683
-3455.190351963361,1823.0876822834398
-3456.394635922119,1822.517555807819
-3459.1852513815184,1821.2155495163179
-3486.846286052731,1808.251500856912
-3476.4404947566786,1786.2466011148722
-3470.027114538446,1772.681839424229
-3466.218747045397,1767.9939031840238
-3451.020200609482,1749.3089176113635
-3443.261456056837,1739.7734143227474
-3450.4477903194434,1733.614750041462
-3444.8099395628383,1730.050427118302
-3442.1868883496277,1727.5824193971296
-3439.4338423924523,1724.8546219598566
-3437.4030264874073,1723.3129880776733
-3416.3192229101865,1701.8280246820661
-3420.377614076647,1697.8644810156943
-3420.7329272165243,1697.5228704642498
-3426.958784358448,1703.8991866712627
-3440.664708356167,1717.6944475719508
-3441.869124246712,1717.0233743640272
-3442.612022752122,1717.3874213425117
-3446.5944609615844,1720.1157597125869
-3448.7370057065555,1722.7874814178288
-3448.7887555244497,1722.8363765205213
-3457.537117934796,1729.7622316439458
-3467.352048744516,1737.591697867576
-3469.3501781777277,1739.6848333946648
-3471.218408916354,1741.7190711113194
-3472.98531883381,1743.8639929872631
-3474.8761611088908,1746.39977289492
-3475.9798837050594,1748.029855549957
-3477.1375737087264,1750.0397984933547
-3478.51049371879,1752.8000246330967
-3479.7834807571894,1755.5274974728175
-3481.8167547454887,1760.6212698732766
-3483.7080224688643,1765.4252231678952
-3486.0244286736133,1770.0475899029298
-3488.295013007337,1774.6168746378285
-3490.3131468894862,1778.1518803173842
-3492.2747142189296,1781.7937958395185
-3494.1394628003645,1786.2530123668407
-3495.121264433768,1788.6006406989375
-3496.132320630282,1789.9419214268212
-3500.83818703506,1799.81500154488
-3505.3757738425174,1809.305488911623
-3505.9943949234175,1810.2029482935177
-3506.739491678252,1810.9236004629784
-3508.8715605889183,1812.4563087899635
-3510.1921472666954,1813.5160153486675
-3517.82141269546,1818.0822764523841
-3527.5307931286907,1824.2010869591886
-3530.3443430014713,1825.7269678396076
-3533.289251671984,1827.1919517081903
-3534.583545747718,1827.7618888985864
-3536.146298836168,1828.268185908566
-3537.6803302738203,1828.5454510101517
-3539.532423349721,1828.7410399347664
-3540.551074402461,1828.7014157439362
-3541.5590057652867,1828.5229383882793
-3542.526068897093,1828.2244491466402
-3543.4931902267963,1827.7681585609603
-3544.3676695765366,1827.210988627195
-3546.188867458111,1826.0535844572003
-3548.7867628171994,1824.5935321510258
-3549.4442802553317,1824.3790170696323
-3550.3631199404167,1824.2094851007955
-3551.554075333663,1824.249823872755
-3552.7172410405146,1824.4780779206378
-3553.3771010421992,1824.703153774631
-3554.251138915845,1825.1172316574507
-3556.0798590167437,1826.2020692868716
-3558.0205707080618,1827.4438524129969
-3562.674392995647,1831.3066233253253
-3567.8727884206464,1834.6539008484358
-3569.8736265036396,1836.0845318013153
-3579.503264458136,1842.9768120145818
-3583.171122124161,1846.2847265691785
-3587.583055566137,1850.1093158032136
-3588.71942331841,1850.988121243246
-3590.0677150419874,1851.8270069059818
-3592.8908908647686,1853.4638296134863
-3595.7046141795036,1854.9218012999986
-3596.3053465096573,1855.1747874814205
-3602.1123234849492,1857.145488277388
-3605.2897686371953,1858.0988736348088
-3607.4968684126425,1858.7531506458065
-3610.0518386337258,1859.32067809422
-3612.55627110984,1859.950130813535
-3613.200363098731,1860.3541529333709
-3613.984084681306,1860.9090466485795
-3614.437880999573,1861.3438195353615
-3614.974652535923,1862.0494396771248
-3616.550901370078,1865.2755859771698
-3617.577422464615,1867.1674948995349
-3618.4173908469024,1868.4618427138514
-3619.3296779773004,1869.7222037169195
-3620.347948222558,1870.9056989064234
-3621.487870723984,1872.086147806222
-3623.301889272683,1873.8095800358153
-3625.751533447927,1876.0198233089714
-3628.3578993436067,1877.9983117429342
-3630.887001402891,1880.0575676921462
-3631.5526374560254,1880.6704716912661
-3631.5574774899424,1880.6774558786503
-3634.473002088099,1883.3674660771528
-3637.9818663290157,1886.638335146479
-3640.899495903107,1890.1546613079347
-3643.1731265539884,1892.804432311838
-3645.2881882860675,1894.6048885178973
-3646.5784890597283,1895.9764150093772
-3647.1022650296836,1896.1523696809893
-3647.8115398748287,1896.1746828965836
-3648.699101649302,1895.9061983327895
-3649.449359912492,1895.7407015499118
-3649.7792729115135,1895.8886533723378
-3650.163207087847,1896.2554730094296
-3650.702365509806,1897.2598416330652
-3651.4183947772135,1898.1844789294273
-3652.5429658001035,1898.6565147750327
-3653.556729305718,1898.9366930842948
-3654.7044629968245,1898.6573355864
-3656.2024251283246,1898.675959111588
-3656.6466839170107,1898.9318820613312
-3657.0282233415383,1899.2277801753717
-3657.9790380351988,1900.5901020964554
-3659.492157401485,1902.0265513089043
-3660.1241672527194,1902.3535664756212
-3660.806886548181,1902.6055904113289
-3663.4197490680476,1903.053256895915
-3666.2275394209933,1903.800741393455
-3666.8306603276055,1904.1267485088238
-3667.542262990728,1904.6116957308109
-3668.3704123744515,1905.3444617127548
-3669.09743466585,1906.118085910809
-3670.1998005752853,1907.887139840593
-3671.4550544091753,1909.6283227712652
-3673.254879559578,1910.6522257107679
-3675.410873625202,1912.374701207485
-3676.126998201521,1913.2592416745865
-3676.856280165243,1914.4526073250818
-3677.621492515802,1916.2276179195221
-3678.3589398959184,1918.1194229874002
-3679.2258440716478,1921.4311917773196
-3680.0507500025105,1924.5251945083671
-3680.5222145285584,1925.9021978487187
-3681.215219743578,1927.4153423800133
-3681.822978214487,1928.2720121065072
-3682.6920052756273,1929.3044382715236
-3686.2825987217234,1932.954100013951
-3689.9560968178453,1937.0443822625894
-3692.2501368530066,1939.9689789016638
-3694.706574229632,1943.1024112434732
-3700.359808806696,1950.3880904272944
-3704.7194988543906,1954.9902503857004
-3708.574711221818,1959.3883327561941
-3710.6943772670306,1961.5204677554007
-3712.9633823355744,1963.7306638710127
-3715.3504617501003,1965.9009071367432
-3717.987854198918,1968.0702502521951
-3724.155026782407,1972.3773646620182
-3727.100884654408,1974.4329173627336
-3735.7671482292244,1980.9622982698597
-3745.8192471509847,1987.6460380849153
-3750.4106963031586,1990.6974256648577
-3763.614428274141,1999.4369250309608
-3766.576748152794,2002.0541779613159
-3764.7802116270236,2005.07005714753
-3763.760658151291,2007.2480572222414
-3763.130422127936,2008.602789031652
-3761.913147542841,2011.2331694170957
-3760.5908001449293,2014.6041386208042
-3759.8262700088344,2017.5514962679674
-3758.6495215664063,2027.370539930468
-3757.4403830077313,2037.1824891038852
-3758.9310812759672,2037.3590270746524
-3760.1391469273294,2027.5189486953877
-3761.3168877855724,2017.728034569641
-3761.854297323868,2013.7632572419993
-3762.9955148723066,2011.5454052827326
-3766.530680481315,2006.0530616565025
-3768.2187419124434,2003.5086496253152
-3769.0155718182623,2004.224355187895
-3774.562469900308,2008.8480591949835
-3780.0928904864836,2012.4704884205155
-3784.4303063588613,2015.5837361379045
-3785.73414225635,2016.2036848589782
-3787.199319731184,2016.7399088531774
-3788.733254014387,2017.1692301676599
-3790.5249803548368,2017.4746663894475
-3792.1372947848117,2017.5302629514415
-3794.0374266275862,2017.5439793292408
-3795.2656619971103,2017.4145917143119
-3796.8228265934863,2017.1594519352893
-3798.022243687852,2016.8521026665192
-3799.3482457180576,2016.3099964821247
-3802.1653422875406,2014.7373833960394
-3805.420877559645,2013.1268407581656
-3806.565106639685,2012.3969377313579
-3807.638293934303,2011.6398752313548
-3811.921557377157,2008.3231511617714
-3814.8521173523877,2006.1399288298471
-3817.26829569313,2004.329361724859
-3818.560655736907,2003.56939497697
-3820.085546285573,2002.805630548079
-3821.3802291956945,2002.2945366330296
-3822.6085709385375,2001.9033137624945
-3823.6056436380045,2001.703814750332
-3824.8748924955903,2001.5345479744444
-3826.553495078129,2001.4003559957557
-3828.3718376848,2001.3360436006108
-3830.424900515236,2001.4298259968195
-3832.706668850583,2001.6894812971973
-3835.170221629507,2002.1092055661095
-3837.6035777308025,2002.6677677870593
-3839.0687544195684,2003.2038999216438
-3840.866297382189,2004.0000087848523
-3843.265617210921,2005.3199361869642
-3845.638544111058,2006.6609004882293
-3848.5337455196077,2008.5655513633803
-3851.5806081195215,2010.5821812031886
-3853.583792704496,2012.0028977060695
-3855.6987646369053,2013.6554740416898
-3856.9771404136845,2014.8761053433914
-3858.42029982531,2016.3835787304974
-3861.410063067112,2019.8201031974447
-3864.4105233193904,2023.4344837975789
-3865.7741695821956,2025.2126427538471
-3867.1436428875663,2027.2406732693764
-3870.1664264755386,2032.4278929494344
-3871.2709546059014,2034.2979162379213
-3871.3227603226956,2034.4058645432751
-3872.655907943216,2037.065386581234
-3873.475288741762,2038.7723069421963
-3874.039563466866,2039.9436767630282
-3874.5233475096543,2040.5014635457246
-3875.2371360530283,2041.1052271226326
-3876.1425103915226,2041.5773006811428
-3877.39818274671,2042.1443759512488
-3881.0186364814276,2043.3049088245048
-3884.4787808612455,2044.6773430879502
-3885.1540395483526,2045.1701719444495
-3885.6282133446102,2045.7469075531428
-3885.8532632651263,2046.2765611967152
-3885.9553292979704,2046.803272477745
-3885.970806758285,2047.34590848921
-3885.787594982538,2048.0361912083504
-3884.6184570964992,2050.484834615634
-3883.8491944329326,2053.0724889598537
-3883.8583284978363,2054.230668044495
-3884.0266083986535,2055.1609869279687
-3885.435751574505,2057.348932394229
-3885.4874843962093,2057.429948758657
-3887.866203106183,2062.1601675200754
-3890.3521827989753,2066.5389178993946
-3890.9383915518497,2067.1426310793204
-3891.6618743414597,2067.716475392609
-3892.3865659485623,2068.191469857025
-3893.3195770541943,2068.6534816690855
-3894.4031739479983,2068.9956572896385
-3895.6842694364364,2069.2429527872737
-3896.6367127946446,2069.34528106616
-3897.9673196919935,2069.3857193239533
-3902.078268029378,2069.341501619698
-3904.805648130133,2069.1177759068887
-3908.1953397066827,2069.1889759365063
-3909.1597457729454,2069.4392367802816
-3910.2529107537607,2069.8624135420555
-3911.235328635277,2070.3733237585266
-3912.4933383810753,2071.132319969802
-3915.4017878589934,2073.228911939433
-3917.432473647456,2074.720573987024
-3919.008422760982,2075.4786032858374
-3921.0297636653577,2076.542642099024
-3923.303680975811,2078.1923058001116
-3925.7065105279794,2079.840925417401
-3930.7922302754996,2084.0888804975198
-3935.4953351043528,2087.8409336007207
-3937.5237664746533,2089.113751616901
-3940.0579065767215,2090.6025323494955
-3943.1472161684474,2091.8179321658845
-3946.399041833868,2093.1382349176965
-3947.4632526010732,2093.711225734714
-3948.4793485924356,2094.3401556166955
-3949.8974161674055,2095.2810632744195
-3951.09635536011,2096.3287113828897
-3951.660836435117,2096.966533234466
-3952.178238973722,2097.780091971919
-3952.719584285701,2099.047414799231
-3953.240417242122,2100.4523816438586
-3953.463703239529,2102.011337094016
-3953.6330265993374,2103.228433560888
-3953.705169055142,2103.4193811197333
-3953.9496577638556,2106.20734196206
-3954.3163022555964,2110.604090822671
-3954.6434906415925,2111.4605629754496
-3955.081386981776,2112.52695071448
-3955.839647261108,2113.380607682392
-3956.609752769451,2114.6658797328787
-3960.94880159551,2119.240219070977
-3965.0651352252808,2123.7024514645705
-3966.3640448137216,2124.6642595826406
-3967.885501745914,2125.9318876837956
-3969.619930923518,2127.8451737861465
-3971.3579102721087,2129.6514319354546
-3972.3374496106294,2131.04481895612
-3973.530142610538,2132.644074502856
-3974.6274758114837,2134.6750007134037
-3975.617517971857,2136.91565304552
-3976.5060029443903,2140.23952820737
-3977.613784159893,2143.4504795030775
-3978.3765349704468,2144.9426279395
-3979.3584066025373,2146.54488926509
-3979.7723848366477,2147.0905830328043
-3981.208241667545,2149.0007553431255
-3983.270940603225,2151.5526676296577
-3985.005452375889,2153.2480069470334
-3986.639973990297,2155.063202404555
-3987.2885149173985,2156.1297787155663
-3987.729949777334,2157.3070894020543
-3987.960604971071,2158.5951329133295
-3988.190007683441,2159.883275661415
-3988.237610772346,2164.2828863650116
-3988.261660935399,2167.2925968186905
-3988.372500608641,2167.1817228367936
-3988.6927765622763,2167.1788631713353
-3989.43604273637,2166.5227288722704
-3990.6114599999373,2165.873656494859
-3991.580804587644,2165.8640838021784
-3992.4320041702517,2166.0653297362305
-3992.9761948261194,2166.4900836389547
-3993.4118032308775,2167.017932079364
-3993.414088005914,2167.346702879725
-3993.4163300840646,2167.7783139897024
-3993.2079295851254,2167.991090010656
-3993.0042807642903,2168.4227154235
-3991.502226533258,2169.515231946144
-3990.2303228971628,2170.4950290250013
-3990.1252363064355,2171.0274409877366
-3989.920244542696,2171.677913315136
-3989.9283172136243,2172.7471169350288
-3989.937429725124,2173.9261436811184
-3990.2754650488596,2174.786611555161
-3990.4942756763676,2175.6431398122895
-3991.254686476594,2176.928510486936
-3992.239016451053,2178.629524873058
-3998.107402012684,2185.6595173308433
-4004.8481454132116,2194.1838044229285
-4005.8348425017875,2196.0048182504484
-4006.8167911886094,2197.599002933595
-4008.6768931933475,2201.0222362337568
-4010.3167008110645,2204.5471211881777
-4012.4177696052234,2210.5414640452977
-4014.3035237642157,2216.1060025761512
-4016.3756000927806,2219.738996509445
-4018.4525302634556,2222.9413802025097
-4021.168879472941,2226.238991829132
-4024.1015694340717,2230.2951796128887
-4025.3022774411447,2232.6428555128873
-4026.626825715371,2235.5332133087836
-4027.6215031578413,2238.414356119281
-4028.50538611004,2241.098649562166
-4029.1797017034974,2243.9917279372526
-4029.8539371666257,2246.8758290117357
-4030.2160043911526,2250.7430168619976
-4030.897137674493,2254.4984210037023
-4031.224226408603,2255.564666267229
-4031.6620656556906,2256.5321075335564
-4034.616131198263,2261.5464883964682
-4037.022549729859,2266.0271872798635
-4038.2278182453583,2269.0283169682793
-4039.222448014108,2271.8076182400323
-4039.4541730253186,2273.3085262117984
-4039.6906502108864,2275.024293708387
-4039.7427148491875,2280.0744647459746
-4039.774824003087,2283.934532231535
-4040.00093261978,2284.693012386172
-4040.325731480338,2285.4416589178654
-4041.312334050901,2287.250607071314
-4043.056992137601,2290.347921777798
-4043.5080988713235,2291.525339075497
-4043.9482233249123,2292.8094823090123
-4044.396594006691,2294.735109404732
-4044.951995335293,2296.67095584282
-4045.313965524764,2300.74990983967
-4046.0032533258145,2305.14380670645
-4046.018100226572,2306.964516042443
-4046.0403368400116,2308.684083856355
-4045.944567836927,2310.0860039219638
-4045.7476039463977,2311.6966543235612
-4045.4375981868766,2313.098484309313
-4045.025009138155,2315.0328265835287
-4044.303908157052,2317.3987492068036
-4043.573424077945,2319.4447756102954
-4043.064130652133,2322.0297345848953
-4042.545236162146,2324.614490059852
-4042.5675657471816,2326.1142130049293
-4042.690785652479,2327.732080173746
-4042.909628751164,2328.690552453739
-4043.1379431849773,2329.759749168934
-4044.243263765063,2332.7608378944747
-4045.3531664603183,2336.1807712103996
-4045.8014427671797,2338.3252459232276
-4046.1389254741357,2340.473763743222
-4046.161129060685,2341.874636254405
-4046.1702759007476,2343.153710769682
-4046.0875551681534,2345.095273950058
-4045.8855636111716,2347.3464052608233
-4045.1727072837016,2350.3627891706446
-4044.5595712843037,2353.6989079283267
-4043.007424532592,2359.4109325730856
-4041.3492823328993,2365.4366209700634
-4039.6761145921823,2370.069320266677
-4038.227992294856,2374.810041858983
-4037.38291769321,2376.9700329525053
-4036.4440858610787,2379.1259948643697
-4035.821718450872,2381.393009586198
-4035.3126024341923,2383.96579999853
-4034.1167495485633,2392.7866274418193
-4032.793815940832,2400.638946897192
-4032.0728040767494,2403.0138481019126
-4031.233648859346,2405.601462715238
-4029.666634408867,2409.374977746541
-4028.198602980364,2413.037514791805
-4027.054480752875,2416.3775023225603
-4026.0162535958866,2420.0462045416884
-4025.201636914451,2424.454533407443
-4024.4858821011144,2428.4411684515294
-4023.8683174067983,2431.0169067117636
-4022.9361804252694,2434.352893808665
-4020.9507137020273,2439.749936243944
-4019.0783322948278,2445.454749484036
-4015.6121968674634,2453.224483014519
-4012.796379985385,2460.5586893229706
-4012.4885042644346,2462.2811121950776
-4012.0725169477955,2463.7868369532503
-4012.124641228452,2468.725989526741
-4011.975230389071,2474.847273519406
-4011.5613571923286,2476.890542156584
-4011.1628707989717,2479.4753501045507
-4010.4344728516962,2482.17104026508
-4009.500102951816,2485.0784100397577
-4008.2477554076595,2488.3104275042842
-4007.094090667711,2491.5474736645474
-4006.465007707366,2492.7333172941003
-4005.834839580121,2493.9190607722608
-4004.6685285321164,2495.6503034019556
-4003.2962430169046,2497.6002082330615
-4002.2252974898233,2498.6809332031025
-4001.3809009842944,2499.6578149089196
-4000.84942289239,2500.6308368992654
-4000.439629334843,2501.7059519060103
-4000.229705976525,2502.7869354300533
-3999.917299306168,2503.969918750383
-3999.5293557361083,2507.513012473909
-3998.9185295348825,2511.1790030962684
-3998.606299016347,2512.1401465810645
-3998.085712407099,2513.2250907258917
-3997.3447607218072,2514.200918570154
-3996.493023144957,2515.167922605249
-3995.747574043166,2515.7161282303
-3994.7934790214013,2516.4831945392866
-3993.718040378592,2517.1323082167987
-3992.3353952142925,2517.90508201722
-3991.7980902834797,2518.4385118513287
-3991.2753079952004,2518.982720543551
-3990.9596161630266,2519.6361396916627
-3990.746157526333,2520.387454231781
-3990.6139940596454,2528.438275105797
-3990.668412066034,2533.710188929921
-3990.461144018246,2534.0298956417523
-3990.2419366966915,2534.3505948918914
-3989.4010958149797,2535.219551633378
-3988.4385217575973,2536.3064077761624
-3988.015635499464,2536.949608276136
-3987.7010711034573,2537.7048709185974
-3987.730274158373,2539.9632817837646
-3987.432860421986,2542.6470830439334
-3987.0099672347537,2543.5092308715743
-3986.379634128754,2544.703952972473
-3985.637644922855,2545.5730507705625
-3984.6870537265677,2546.7587627182097
-3982.5538613031044,2548.717432594391
-3980.1087592127815,2550.669789507407
-3978.935677715218,2551.438761791042
-3977.5421900684687,2552.1996632316223
-3976.051088191932,2553.4041047376
-3974.6706990078355,2554.592632509744
-3973.9332480030243,2556.0001738296296
-3973.3052931417847,2557.506810390313
-3972.998895811572,2558.9086446906917
-3972.799618399615,2560.300448665589
-3972.8110628905665,2561.699421794394
-3972.8238043263273,2562.9903681642036
-3973.2918831162633,2566.524839457128
-3973.5455054653726,2570.6038473434646
-3973.4743333566003,2573.934210656907
-3973.403077770136,2577.26467369276
-3973.0953408043074,2578.8793701249538
-3972.8910783850893,2580.8196874054065
-3972.592035728808,2582.0026772636766
-3972.062899571675,2583.1855721202223
-3971.211204258549,2584.2733735721213
-3970.372612822016,2585.57304567345
-3969.3125354717195,2586.65078647153
-3967.82144164408,2587.8511396387876
-3965.6801497137767,2588.8305819724565
-3963.9674840917783,2589.816086537617
-3963.4434938645577,2590.468423346176
-3963.0158553121205,2590.902949809237
-3963.025056676704,2591.8732043151663
-3963.252292578617,2592.729536446322
-3963.574887789732,2592.9395395600127
-3963.7985818468874,2593.476277026619
-3964.765111621637,2594.3170538833147
-3965.8531878958,2595.3895960029636
-3966.1804485254465,2596.028219128979
-3966.5053303780987,2596.5640008985797
-3966.620615022373,2597.2015391681266
-3966.733685827895,2597.741223538774
-3966.7416382286956,2598.7024004537393
-3966.764064995872,2599.993450626073
-3966.5493576687486,2600.7448650220645
-3966.2371736718073,2601.6080569663504
-3965.604555017409,2602.6918595886327
-3965.0732111301636,2603.766926151863
-3962.7457856055194,2606.268050967255
-3959.983539972305,2609.618353273932
-3955.39941629964,2612.777986562527
-3952.2111866196365,2615.395664957706
-3951.569018552152,2616.359667010495
-3950.938951443443,2617.3356438562723
-3950.843552340167,2617.87813514181
-3950.527826259476,2618.6295084258886
-3950.5449840783117,2620.5579474413157
-3950.35391372865,2622.7123303752514
-3949.723716653607,2624.0061050328577
-3949.1981224897754,2625.5216629236465
-3949.4459260019853,2628.9501103546586
-3949.4831309943124,2632.2776259207662
-3949.266090397269,2632.820067287844
-3948.854064317428,2633.4634735557415
-3948.425259557742,2633.897900469755
-3947.7808437849344,2634.443258672058
-3947.143777657789,2634.7787497105523
-3946.3958434821957,2635.1052179684807
-3943.723621395622,2635.9883899404645
-3940.940649519529,2636.9825370413237
-3940.5154369219636,2637.412876104532
-3939.9913657475668,2638.0692041252105
-3939.147804619801,2639.905522344759
-3937.983730039566,2641.956367569682
-3936.9237840537066,2643.145131826722
-3935.6564472323453,2644.5565490959652
-3933.092152989521,2646.7267195253385
-3930.2265381092743,2649.34164453097
-3929.2747939347078,2650.530354094532
-3928.2135142524667,2651.718919284256
-3927.1616096641173,2653.6660735252026
-3926.106203679838,2655.3972715856216
-3925.579367516218,2656.9008605474783
-3924.949047259758,2658.305556834669
-3924.9537137713814,2658.7362714940696
-3925.0679167944704,2659.1650358866295
-3925.822635980617,2659.79974244202
-3926.6891402334004,2660.6504495531494
-3926.915258758349,2661.1802048281797
-3927.129390430802,2661.827757853491
-3927.136302968782,2662.68709147752
-3927.144384339566,2663.5464255798747
-3926.8321664527384,2664.3017910529
-3926.624896290061,2664.8432394651654
-3925.987709040972,2665.277682093137
-3925.4541729438433,2665.8111172772856
-3925.4540824431856,2666.0328575008384
-3925.5670787719546,2666.3496041659023
-3926.1157430865096,2667.2061664353887
-3926.8738311617653,2668.3806120128947
-3926.783185046151,2669.350825826766
-3926.793473114088,2670.5309510757675
-3926.5789370823127,2671.283264244654
-3926.2666305593407,2672.256479789023
-3924.485519295451,2675.7090360005986
-3922.794869739029,2679.054799110235
-3920.3602649989393,2682.196373986653
-3918.0266033700827,2685.3249235840667
-3913.2492565555704,2690.53602002807
-3908.901591539507,2695.6213114701986
-3907.1041821885665,2698.1167802929626
-3905.0959697326193,2700.814852246371
-3904.2431707152014,2701.580871615643
-3903.071196922048,2702.560721478021
-3901.2587076865766,2703.5451993650004
-3899.6591540364234,2704.6298113735174
-3898.3763876716284,2705.8302599396993
-3896.8888693531794,2707.133665644926
-3895.1963370122185,2709.187494120798
-3893.8049970433126,2710.6966200700026
-3893.392974229135,2711.143125810387
-3892.5367635635625,2711.6794247092967
-3891.4709112075457,2712.229603629416
-3890.501663029363,2712.1372437391906
-3889.42889483842,2712.0348672713894
-3888.5645961919004,2711.5140316881552
-3887.701387718257,2710.9810273362655
-3887.407795963372,2710.6940328296146
-3885.9670429908406,2709.2857041902757
-3884.120745092871,2707.581159322883
-3883.3683625707613,2707.1581226412195
-3882.5040244343522,2706.7332453713293
-3881.4325909520016,2706.4249900236027
-3880.35142974875,2706.2236609578963
-3879.389237744995,2706.2292577784947
-3878.420031222301,2706.238841806778
-3877.880529996643,2706.4634567800385
-3877.1350252734587,2706.7889339511767
-3875.7559173894347,2707.9904439462157
-3873.944559691556,2709.0769698655376
-3873.0860096981287,2709.4123766499297
-3872.2297610348537,2709.630779781863
-3870.6175308801394,2709.6551677563393
-3868.6896787964483,2709.780274517905
-3867.721512855698,2710.109652809258
-3866.555811987206,2710.6576996318236
-3866.5099663230667,2710.6856107018134
-3864.4180549006696,2711.8679834383047
-3862.3852079528574,2712.9543228238817
-3861.21453669878,2713.8231585542794
-3859.8318466076016,2714.804824333683
-3857.3890614369584,2716.9761611214312
-3854.827221200739,2719.1565279168863
-3853.0240798683312,2721.0013470118947
-3851.1099441515016,2722.9480646927145
-3848.4703635928854,2726.631208692668
-3845.598488834198,2729.985490454454
-3843.47613481043,2732.153966472678
-3840.927364590381,2734.6551325004853
-3839.9722666297776,2735.3011196495745
-3838.6884301301025,2736.0740549398865
-3835.371843683853,2737.711495528949
-3832.1756031689624,2739.248040004566
-3830.2545899141783,2740.455325599405
-3828.435937141785,2741.6497848010445
-3827.59162297836,2742.517657309578
-3826.741131689786,2743.3836322230495
-3826.5339523121825,2743.9251826323843
-3826.108577336319,2744.578563762576
-3825.375710281062,2746.5167791814933
-3824.6429679357493,2748.352054551318
-3824.1188272976688,2749.2181594589874
-3823.476720286551,2750.083319776489
-3822.523998572855,2751.0590772241208
-3821.4639556214297,2752.137832049018
-3819.7559621368237,2753.6620047323795
-3817.7384828559657,2755.3989175945394
-3816.457075501745,2756.162879491978
-3815.280402798384,2756.8207509955196
-3814.1050688751047,2757.260972557836
-3812.6094360385164,2757.8119873408837
-3810.463649250331,2758.260802114567
-3808.0083330671127,2758.821512093547
-3805.867092382984,2759.808770585945
-3804.0546626169644,2760.695314131768
-3803.2007112597853,2761.453461953087
-3802.0264617137723,2762.3213060378644
-3800.216247777368,2763.306901166545
-3798.6121622293167,2764.0826080216966
-3797.3248743432628,2764.522787431013
-3795.8292435980406,2765.0738048279695
-3793.263186228881,2765.5254500691394
-3790.6898220390567,2766.0880131373387
-3789.6241056310687,2766.7470287367873
-3788.559394712481,2767.39716726351
-3786.3251888269892,2769.355841438665
-3783.5526201251582,2771.2091697486844
-3781.8366264559663,2771.871022676135
-3779.913378083257,2772.637729596199
-3777.986788449295,2772.984695073588
-3776.1708209769486,2773.53848242848
-3775.6324547029076,2773.8650462841515
-3775.206125110096,2774.19763903496
-3774.5713733826115,2774.8439579275873
-3774.0376812638588,2775.5991418250023
-3773.410980826181,2777.0038496907964
-3772.7830298568133,2778.617330138851
-3772.148231206294,2779.3844442785494
-3771.406240617748,2780.139646390852
-3770.657238773035,2780.465130472303
-3769.690248206033,2780.804493938787
-3768.9400360098402,2780.810184880065
-3767.980438457577,2780.818786302746
-3766.9004516681944,2780.6184679079547
-3765.827689805282,2780.5161052104636
-3764.325300792396,2780.001015859474
-3762.600049559788,2779.3657427114285
-3761.6271739977788,2779.3833169161635
-3760.3388481123784,2779.2849602202587
-3759.268421599851,2779.4014467732204
-3758.3014352749497,2779.7307368091906
-3756.918765117877,2780.7125172253254
-3755.427856202536,2781.5842332862635
-3753.8214427544413,2782.138206421315
-3752.0259481269695,2782.652206782315
-3749.665539296196,2783.9231760266807
-3747.112221927824,2785.7648300490164
-3746.483607884081,2785.8784976846596
-3745.842989712089,2785.946176748909
-3745.585371672179,2786.105972844443
-3745.376863347319,2786.429674393225
-3745.139140949713,2787.809498771571
-3744.5941655913794,2789.6768726165014
-3744.0701017513284,2790.3700185385483
-3743.4461834288927,2791.0753946641807
-3741.101188389295,2792.864065309628
-3739.5401762444044,2794.108515703852
-3739.5943371530484,2794.3792534379454
-3739.5966386074474,2794.6869776085005
-3739.707278968381,2794.8480142563553
-3739.929981046221,2795.164701698535
-3741.1071562323477,2796.194461364286
-3742.6212823776013,2797.6529703821902
-3743.5406867789043,2798.8054201311543
-3744.350579824603,2799.898876143174
-3744.8004118396348,2801.166152951615
-3745.2985216613874,2802.1604376903842
-3745.352540837383,2802.5801992594984
-3745.3679655835263,2803.0608919638407
-3745.207757513501,2803.269602624935
-3745.049988034097,2803.4334275390606
-3744.629716720479,2803.436256383869
-3744.0987378968416,2803.4510119400456
-3742.5071823446274,2803.1647137019163
-3740.7024450275276,2802.7693080178087
-3740.1715905241786,2802.4642710240423
-3739.579250084964,2802.0472926528273
-3738.2877612238885,2800.8577918320507
-3737.098670233578,2799.7701739076174
-3736.289949045061,2798.666744138587
-3735.5811154789444,2797.6801584100012
-3735.0961376338255,2797.2642194899986
-3734.6169210648395,2797.0613450389546
-3734.5157759823774,2797.172225796703
-3734.3591769897853,2797.3319616663653
-3733.3831836006993,2799.149194997424
-3732.245996849643,2800.4886716369674
-3732.356720787891,2800.6496084861624
-3732.5673794359227,2800.8065941807295
-3733.52929790556,2801.0508518780957
-3734.432190421323,2801.5128371271794
-3734.4345300333002,2801.7227083054577
-3734.4477233377356,2801.9313867130036
-3734.1790220871962,2802.255065152775
-3733.8224707293875,2802.636663213602
-3733.1372131880703,2803.071100027179
-3732.2991101360344,2803.4593939104607
-3729.0357785784336,2804.366435691859
-3726.710506597075,2804.8252741703413
-3726.5658879121297,2805.308797543702
-3726.3585292058456,2805.9002242016345
-3726.100705520433,2806.1620631754677
-3725.7346156451385,2806.383761439417
-3724.7834911283794,2806.293420212865
-3723.886300475909,2806.6298228689916
-3723.016604898674,2807.7565414569776
-3722.1829539106457,2808.7235771547444
-3721.331699320455,2808.5812063410517
-3720.543042303213,2808.6989034371068
-3720.60426166581,2809.068693790779
-3720.610086766904,2809.549283005077
-3720.833941237229,2810.124916856207
-3721.1093697107017,2810.7535369676707
-3722.1770037639485,2811.586348971426
-3723.0424583575827,2812.3560419563823
-3723.0483212118797,2812.7387781720736
-3723.0012398432877,2813.157503009608
-3722.6916929633935,2813.3211698041205
-3722.2714819940543,2813.384945811254
-3721.472054514274,2813.2897759531156
-3720.6183981244462,2813.0985276398596
-3719.9250379793525,2812.6845038462297
-3719.4435866983968,2812.216697985817
-3719.0021217253156,2811.110419218073
-3718.4535009211095,2810.114919324973
-3718.134391277134,2810.1798318261854
-3717.764670072575,2810.2936014033767
-3717.1406765771576,2810.9858124595385
-3716.4650808479355,2811.48219785174
-3716.044809907178,2811.4850279390444
-3715.665674811004,2811.3309699740753
-3715.71267632848,2811.1181254121975
-3715.7127574104943,2810.9082551775628
-3716.3190463133947,2809.3657832995323
-3716.5049585027923,2807.8838957220732
-3716.3448939447458,2807.723039740113
-3716.134235192969,2807.5660544001253
-3715.7526147537824,2807.577876774555
-3715.3347647312257,2807.5807078275448
-3715.2335995332596,2807.7445550930997
-3715.0769364212183,2807.8554146214838
-3714.821514266152,2808.3849790639715
-3714.565988242118,2808.967410035794
-3714.2565012876844,2809.1921230383273
-3713.9386061809637,2809.354789406027
-3713.5183540200696,2809.3087429798566
-3713.0367394785826,2809.2625731462504
-3712.716562116877,2809.0656463130204
-3712.3457770753516,2808.9075020286596
-3711.862970913773,2808.920382737989
-3711.5559290167075,2809.0831531237627
-3710.6762822836363,2810.4728053087388
-3709.3908900945244,2812.30179180854
-3709.024804309948,2812.5145133691394
-3708.5455065812366,2812.739161085866
-3706.600769459477,2813.1940614587393
-3704.816137890571,2813.9208378035587
-3701.6715627397034,2815.827112610133
-3698.7474535535302,2817.7915266843747
-3698.171587626483,2818.3858047233025
-3697.6090595518813,2819.0321564958576
-3697.294574809769,2819.6634419051784
-3696.9896636850453,2820.3658514898943
-3696.70033139872,2821.5888530777374
-3696.4602556590953,2822.8127713369718
-3696.416601264935,2823.441367900838
-3696.5269069593874,2824.6913553379654
-3696.776905581767,2825.887632170748
-3696.6298540603925,2826.1892143056484
-3696.4129773750965,2826.570867441128
-3695.297724199334,2827.340894288435
-3693.9753984615318,2828.181662984625
-3693.6777636185825,2828.634206162676
-3693.462166625037,2828.944938865673
-3693.39689992211,2829.5464953806936
-3693.4123374333485,2830.2180063879127
-3693.646870842764,2830.8155883350446
-3693.8814076832555,2831.4041929509267
-3693.901485102185,2832.602276647313
-3693.9213940118143,2833.8043502140076
-3694.3884098257668,2834.470049751532
-3694.926163217751,2835.5054434228314
-3694.941575101985,2836.026035360199
-3694.7945504130585,2836.475643907618
-3694.5753365786827,2836.6395458044226
-3694.35854890024,2836.790281873885
-3693.5277463676452,2836.8759458205677
-3692.560802577544,2837.115369352212
-3692.5715406804015,2837.4151169106976
-3692.725483225809,2837.864841024918
-3693.3416895977552,2838.527605340535
-3693.8783581203847,2839.344150921033
-3693.885364676377,2840.012566507747
-3693.8176773604478,2840.613024872431
-3693.600857913266,2840.8467514704575
-3693.3817326554295,2840.9976861610003
-3692.7843842325847,2841.0134165465547
-3692.2499897533544,2840.7973562471384
-3691.565188634662,2840.0546673471204
-3690.9586115067023,2839.317993400236
-3690.2084261628092,2839.2657367653087
-3689.3752913297753,2839.1205827707918
-3688.6183549548987,2838.1679961371506
-3687.4676715465994,2837.0673319931484
-3687.169124356742,2837.070210009625
-3686.71996837759,2837.0730303061027
-3686.0528203804906,2837.319651517967
-3685.235092763987,2837.7080570667263
-3685.0183048479307,2838.0777407109385
-3684.6520712967595,2838.4622296085054
-3683.852143017963,2839.6789514070415
-3683.2713139575153,2840.812866381676
-3682.6383778533436,2843.0680313136063
-3681.704532130835,2844.956207134029
-3681.575227803793,2846.006307032798
-3681.376096868174,2847.3591160965166
-3681.0916230934686,2848.1105104152157
-3680.6590967066854,2848.9457363571814
-3679.696737421777,2849.862652936506
-3678.8268529700517,2851.070371069247
-3678.401303977012,2852.653911028468
-3677.6131170496924,2854.3913236381563
-3675.567642142808,2857.1973574051767
-3673.372697096012,2860.0863250651855
-3672.7067235993745,2860.5417207104083
-3671.888995069608,2860.939104754597
-3670.852203239567,2861.3274279203292
-3669.026653154031,2861.8933014386703
-3666.7978583182944,2862.0433706909507
-3666.070447699839,2862.4777962467824
-3665.335772782588,2862.9151117932715
-3664.404662261549,2863.9928359742216
-3663.155473598381,2865.5022492296785
-3661.9030606957226,2866.052382647778
-3660.6470576618904,2866.6035123429124
-3657.5823676834507,2867.5086590612887
-3654.9596944510818,2868.3019574161654
-3654.126218391209,2869.0601263539497
-3653.2939963122967,2869.8142061616754
-3652.9891158263767,2870.4485889040293
-3652.475851571487,2871.311714987378
-3651.848336388998,2871.84712477145
-3651.1137042052756,2872.395361462334
-3649.8576612306942,2872.835572518822
-3648.480059763087,2873.284714979797
-3647.113389643415,2873.5279814150977
-3645.6359378388547,2873.761231246493
-3643.304956722609,2873.698504223353
-3641.4048914405653,2873.7346916400493
-3641.195341794826,2873.956452390838
-3640.9893019732895,2874.1692371388162
-3641.120065130548,2875.6480542288164
-3641.157832051604,2877.549768645874
-3641.0602424124127,2877.9772526501965
-3640.856423238692,2878.7197013751643
-3640.4504389418726,2879.3640210796266
-3639.9276960548996,2879.9084486417846
-3638.253644472938,2880.7831061214206
-3636.8915393141065,2881.762916726102
-3636.8938429342966,2882.0735336076245
-3636.9092914925195,2882.5052498153304
-3637.347317045167,2883.450729471422
-3637.8958812253304,2884.6070189833713
-3637.90899703756,2885.0257670436736
-3637.8160022573147,2885.66621530196
-3637.6086726185863,2886.199789970035
-3637.305047140501,2886.8310815036766
-3636.8871167075094,2887.0557560154907
-3636.46923235879,2887.3793808123496
-3635.5227127962316,2887.714675866926
-3634.364183703887,2888.1549258094583
-3633.9487206042995,2888.699394234168
-3633.5330947356315,2889.232890306131
-3633.0221742761287,2890.3078835893352
-3632.5220281272464,2891.3708114326814
-3631.791957197828,2892.4487144835643
-3631.175226780206,2893.1718558834114
-3630.969259358845,2893.415662583433
-3629.923859884958,2894.061736380472
-3629.0915984954145,2894.9307282641817
-3628.886692124912,2895.460314113425
-3628.484220405847,2896.3135084731057
-3627.3447406245587,2897.6040204441388
-3626.4158543065087,2899.0026392756436
-3626.4204594413404,2899.631254416979
-3626.4359132347386,2900.2716439423134
-3626.7785607300552,2901.5388750048633
-3627.2283285230533,2903.004844971578
-3627.2495095543964,2904.175997039697
-3627.269647137934,2905.236128928375
-3627.0623607164343,2905.657786333392
-3626.8539435751727,2905.9784980914883
-3626.436097709514,2906.2031730951267
-3625.80862332388,2906.4187917581844
-3625.0670539236903,2906.33452425759
-3624.2158667574104,2906.0323653502805
-3623.45989136504,2905.406659101105
-3622.6041496693556,2904.7838080300694
-3621.947053281218,2903.8503160656273
-3621.088927236112,2902.907571634057
-3620.655545201414,2902.709607744936
-3620.2354403439213,2902.503669014519
-3618.0056121489497,2902.542729398086
-3615.1556065025466,2902.485699142458
-3613.2402176368505,2901.992422700354
-3611.5376811234473,2901.8158274587827
-3611.1197935811806,2901.9295830640185
-3610.7019478952043,2902.1542587493886
-3610.285233889399,2902.4778851299543
-3609.869647058588,2902.912431996774
-3609.45160247507,2903.4448309783306
-3609.146805641989,2904.0892897463677
-3608.751284722635,2905.780771761092
-3608.2557427142365,2907.4873780105095
-3607.853311616251,2908.2385308159164
-3607.3293246205244,2908.99282999717
-3606.497028044723,2909.741926452482
-3605.6731201735975,2910.606933586155
-3604.8253289291397,2911.0443111293735
-3603.7800532737824,2911.592534803273
-3602.846569977817,2912.3494737805618
-3602.013101838508,2913.107647279836
-3601.807065650013,2913.538183290925
-3601.6010324312792,2913.960839197467
-3601.6364612054613,2915.6615599743486
-3601.446895461738,2917.1433488820094
-3601.031356512915,2917.675749176494
-3600.5158388209734,2918.1102590491687
-3599.778750057861,2918.5475787296973
-3598.9430618013434,2918.993938663214
-3597.462022891009,2919.018421484677
-3596.4048465982123,2919.2458511713403
-3596.519061566549,2919.673514586497
-3596.5308429950383,2920.093259598805
-3596.966568202421,2920.7219361855864
-3597.083087576841,2921.461413475003
-3596.988927075189,2922.1018617321574
-3596.795966479648,2922.841223301673
-3596.2696415464134,2923.377672064092
-3595.750572626137,2923.710238161144
-3595.2220250924315,2923.7160255055014
-3594.580309630005,2923.6198278752563
-3593.837525035745,2923.2157694569873
-3592.9744783134875,2922.703938080958
-3591.904418876364,2921.662266558649
-3590.924690253499,2920.6207286302247
-3590.0711605151337,2920.108801315849
-3589.3296742523466,2919.8037937345216
-3588.2689016975237,2919.8253426003353
-3587.109409626151,2919.953784888203
-3586.7914181753986,2920.1665290650003
-3586.3734534712307,2920.49015602177
-3586.0544516479654,2920.5020068837985
-3585.6342224038185,2920.4058924300175
-3584.8782911495327,2919.882032165853
-3583.8164602868505,2919.3830948003765
-3582.755772675124,2919.4006543816517
-3581.696092205726,2919.6280847493617
-3580.236448454439,2920.7127025059685
-3578.564874166656,2921.694301455655
-3577.6136356318766,2921.712999548699
-3576.344687781515,2921.635522055525
-3572.613721208997,2920.533912568991
-3570.9823644915887,2920.2286757059483
-3570.9330202248307,2920.2406271783625
-3569.720574620884,2920.209155469254
-3568.143274075053,2920.242584428581
-3567.201599930936,2920.35914012342
-3566.153984182743,2920.6974967206565
-3565.5890873002895,2921.2429102032256
-3564.9134730812593,2921.831174428455
-3564.287144720928,2922.11472608742
-3563.498481227589,2922.280215478558
-3562.286090611554,2922.1009178343033
-3561.445738750601,2922.0706822016105
-3560.7700366482027,2922.4461836845276
-3560.042635387017,2922.8806173004764
-3559.464726617661,2922.9442423169817
-3558.6243567365013,2922.9628835631293
-3557.57207277693,2922.83262212242
-3556.300597068832,2922.5923572111788
-3555.2388123418195,2922.19127604174
-3554.2335847377894,2921.688273186835
-3553.425963741142,2920.9674932639437
-3552.782018881365,2920.3508112773097
-3551.779239419143,2919.999726157453
-3550.391361820081,2919.1428751611857
-3550.180656944381,2918.883950713253
-3550.0159099261987,2918.5141231748694
-3550.002749713347,2918.2053975122176
-3550.049827425874,2917.7748017268405
-3550.4029481377975,2916.9305631871025
-3550.696969906135,2916.2890910224824
-3550.6452210388975,2916.030324987676
-3550.434664622874,2915.8213744514683
-3550.1637720263725,2915.774293051665
-3549.854370501297,2915.7872458924367
-3549.2246166118916,2915.8518498727703
-3548.5959724828576,2916.07645048564
-3548.0674245576342,2916.082240412576
-3547.433026979707,2915.8352292925942
-3547.0021045258927,2915.5303395159913
-3546.5771504073887,2915.1145319108605
-3546.403884371466,2914.7536786468067
-3546.399301826669,2914.2760823796807
-3546.496950139564,2913.90345894715
-3546.752404285708,2913.480820089492
-3547.6893714479797,2912.7726538397587
-3548.3518343822766,2912.0764559661766
-3548.2882240749964,2911.6088127511243
-3548.1234888395916,2910.980238323184
-3547.6878849458717,2910.4654764906886
-3547.105264318591,2909.947668015577
-3546.5707362534713,2909.642640309589
-3545.7690066740784,2909.241755822315
-3544.395336602854,2908.79158452426
-3542.909773506827,2908.4023183788386
-3541.9092519957594,2908.2631003840347
-3540.748583767959,2908.182675006688
-3538.4897840688873,2908.2318177291404
-3535.6999936673674,2908.3447044135532
-3533.2941411220254,2908.716579613088
-3530.8883179692293,2909.236282305614
-3529.311990226736,2909.799281395458
-3527.746621646877,2910.3012388442157
-3525.743053520033,2910.0786642015937
-3523.696187871496,2910.2258408488688
-3518.900972439434,2912.2266312020747
-3512.4354208470136,2915.0400613101547
-3508.5158302665845,2916.2835887180972
-3505.1140333227104,2917.2526994811114
-3504.0640566067163,2917.431165549682
-3502.8467789594606,2917.59959598676
-3501.029718205944,2918.0645592841834
-3498.723903802318,2918.3844109541974
-3496.2037205959055,2918.645433549083
-3491.155055826465,2918.8004041806953
-3485.959581664639,2919.0722291990446
-3482.332863211926,2919.622523391774
-3478.5062369005423,2920.064819072077
-3476.618048278384,2920.52986100735
-3474.473605937122,2921.0986486801985
-3471.862825068848,2922.1018715941477
-3469.260521272135,2923.213125618781
-3466.6532200669976,2924.5251717598558
-3464.1616492142534,2925.784293972105
-3462.392500263617,2926.9787407200874
-3460.829341418037,2927.853469042687
-3460.3115206250895,2927.979264785794
-3459.6818516128455,2928.043874664633
-3457.632561312741,2927.9822914219108
-3455.9890330110516,2927.8547213006273
-3455.731441188287,2927.9655488092135
-3455.4218014309013,2928.1783003213322
-3454.5062077710777,2929.835687521891
-3453.120906898688,2931.5478674638734
-3452.0840953304983,2932.037059710566
-3450.830410731461,2932.6991377229087
-3450.002054410958,2932.9766394543303
-3448.955631948457,2933.262042934402
-3447.6972556665737,2933.505476297255
-3446.4872144992964,2933.523994853947
-3445.74560188315,2933.328821107719
-3444.904055992864,2933.1377013107126
-3443.164190190875,2933.232936453975
-3441.4362936923544,2933.4752051032974
-3440.2417747202553,2933.977409232548
-3439.2469185152586,2934.5745454674525
-3438.9398102088567,2934.9471948554688
-3438.5832390816145,2935.4306468761456
-3437.9361626389928,2937.0172106493437
-3437.278203795998,2938.452851485313
-3436.971132111542,2938.7235582500875
-3436.601383819258,2938.9362889012104
-3436.0245221219684,2939.11193898784
-3435.394871820474,2939.1266763380972
-3434.922898547833,2938.9816733447815
-3434.500388081366,2938.725767983469
-3434.064771564465,2937.999046254914
-3433.629101418107,2937.4223458907964
-3433.4689547360545,2937.4843321332755
-3433.308746714086,2937.484274951655
-3433.0029263673814,2937.7578749884483
-3432.695668905932,2938.0815481356544
-3431.87775338945,2939.5171322702786
-3430.858554378794,2940.9557368815626
-3430.5491178551088,2941.069539014348
-3430.131216738727,2941.232179127609
-3429.1823982964547,2941.259870096831
-3428.021679320115,2941.3303773931493
-3426.4539531167356,2941.683526118572
-3424.839154468849,2942.234459105733
-3424.5319983201443,2942.509255913094
-3424.2742479723224,2942.832946962007
-3423.9706350496394,2943.473322362211
-3423.665688539779,2944.107712405106
-3423.2573762553398,2944.5391777498735
-3422.680646137403,2944.815873654974
-3421.2104626359874,2944.8462726247108
-3419.792021369186,2944.9287587876715
-3419.2634190158583,2945.092357498255
-3418.8563492653475,2945.31704535759
-3418.1313019478775,2945.9632560702726
-3417.35441010591,2946.61054565221
-3417.086004514957,2946.613442750061
-3416.7766045657604,2946.6253026389086
-3416.3444107393457,2946.36640218729
-3415.8724769674154,2946.1103803474025
-3415.392080743529,2946.175145875668
-3414.9237063287733,2946.240015449611
-3414.505787924305,2946.4527298506937
-3413.9867081243897,2946.837174845793
-3413.581950387992,2947.369686827649
-3413.274804143335,2947.8531573320392
-3413.2771145784313,2948.1648714160856
-3413.292595092094,2948.534543903778
-3413.454974109408,2949.003418278025
-3413.619792021579,2949.42202040098
-3413.583454993615,2949.9516706876534
-3413.4387540589537,2950.4821802574747
-3412.97498052023,2951.2275340891724
-3412.4713464595598,2952.080601902064
-3411.847466170639,2952.7769226044784
-3411.1224383189046,2953.3711650239447
-3410.5552086912635,2953.6977391475366
-3409.9771622059807,2953.9223667671413
-3408.037458285567,2953.958586213631
-3406.248203870814,2954.203732148467
-3406.101173991075,2954.475494056602
-3405.9433781107837,2954.737177582664
-3405.9764987802946,2956.2161565520382
-3406.009592896362,2958.005851309892
-3405.7650826854747,2958.4283980546898
-3405.398913320174,2958.9118479205454
-3404.2656519190023,2959.721801555485
-3403.072111355744,2960.5408110909266
-3400.361325638151,2961.8028647805045
-3398.3310223149188,2962.8403270602944
-3398.012022130512,2962.852184160791
-3397.7000551360748,2962.80618977133
-3397.589428250992,2962.59628038426
-3397.475201812767,2962.177496898829
-3397.3466896819996,2961.0773280988647
-3397.151074647386,2959.450564604865
-3396.9273421359408,2958.7210266697816
-3396.6001176923237,2958.144366261532
-3396.179961963073,2957.8393872702377
-3395.694873544081,2957.481518809995
-3395.1639601804163,2957.3364969603113
-3394.6329633452046,2957.1913753588883
-3391.9046552950167,2957.2433792639245
-3388.645359171831,2957.362127952436
-3388.436902486114,2957.583894623194
-3388.289961242396,2957.84258981031
-3388.095690140935,2958.7948178921765
-3387.853450046471,2959.64817857256
-3387.643867298364,2959.7488504909006
-3387.372971583286,2959.7118482437186
-3387.1130546319546,2959.5549524775224
-3386.7904101532317,2959.247015786596
-3386.288791408034,2957.9408354060834
-3385.790688842435,2956.8435291155893
-3385.528245815437,2956.7474789273456
-3385.1598609871044,2956.6494962612765
-3384.5794680577164,2956.6642542715736
-3383.8979561785513,2956.7319430568573
-3383.2718059017275,2957.005531748888
-3382.4950918610093,2957.39387777012
-3381.561612778755,2958.201011629452
-3380.628199111982,2959.060014690866
-3380.3234769879296,2959.540594402408
-3380.016131056676,2960.123016164442
-3379.8256352469934,2961.0251721241953
-3379.5820917184283,2962.026359457788
-3379.2785199144414,2962.5599059300444
-3378.9713313707894,2962.9324574692523
-3378.194636544053,2963.2679372743564
-3377.148199895528,2963.609207588233
-3376.414946459874,2963.62401217399
-3375.6262794085487,2963.580743887581
-3375.192894711575,2963.3837885275057
-3374.873988570177,2963.1278223807685
-3374.659746158908,2962.7091038266467
-3374.4360039755975,2962.24040807671
-3374.3533785527407,2960.9803592381386
-3374.234546974835,2959.8831865931174
-3374.123752223716,2959.674274902783
-3373.8541133501676,2959.6241067049277
-3373.595235289512,2959.8368786699425
-3373.237489633008,2960.1106618987096
-3372.4136933351056,2960.967709233179
-3371.5427731673212,2961.9345629417057
-3370.755172586205,2962.4209586239062
-3369.8218691668594,2962.969246986477
-3369.3499064165594,2963.0330202955356
-3368.880218775931,2963.0368457183554
-3367.5583709277726,2962.6476639584644
-3366.447130860855,2962.5673766596833
-3366.090536874827,2962.8909349317873
-3365.7220883649725,2963.2135913384095
-3365.4666791802842,2963.534292338421
-3365.3677514711735,2964.0058674409684
-3365.7081876145644,2965.004167253262
-3365.8366197876967,2966.104435361466
-3365.739014667704,2966.375117948759
-3365.5317969833814,2966.636884598201
-3364.288847626747,2967.6656522315657
-3362.689548694942,2968.798233121825
-3362.3187032454316,2968.8140632070367
-3361.950301534306,2968.765057803657
-3361.5758952358883,2968.459098830488
-3361.142605122387,2967.9913276403763
-3359.9441891777187,2965.8125069989383
-3358.803290518852,2964.3602728299497
-3358.2205143717765,2964.268101480939
-3357.539060426378,2964.171905786395
-3356.635132432524,2963.5591360901853
-3355.5202991032183,2963.010131785735
-3351.5698464851675,2963.0917451168093
-3348.1998410644524,2963.001596109361
-3347.002883125282,2963.3399246075896
-3344.6487887684843,2964.0195883502915
-3344.438068296922,2964.0324823564233
-3343.857731445424,2963.887446150341
-3342.536909105982,2963.9079342399114
-3341.859033829062,2964.0836546262253
-3341.4411178070836,2964.296372208472
-3340.9846382282594,2964.7308167629026
-3340.6185108914387,2965.1033490574528
-3339.8255168666274,2967.1825254129817
-3339.3431586612123,2969.2957240699216
-3337.813181176905,2971.7972781143244
-3336.1724918647524,2974.09191614752
-3335.408892951374,2974.948089810788
-3334.7355655847523,2975.4933795389115
-3334.3153299724863,2975.6561227526936
-3333.8975140492707,2975.822856757153
-3333.525418037346,2975.834697593701
-3333.216022233941,2975.8375828265334
-3332.6850808622494,2975.5326679690334
-3332.151854170353,2975.076833247514
-3329.8879751846857,2972.4838915854784
-3327.3567673192815,2969.9170917830193
-3326.8693665135993,2969.239433105694
-3326.545763346286,2968.5608336146015
-3326.3679518736503,2967.562491666468
-3326.339310578641,2966.6142749268893
-3326.5429990468806,2965.932765587124
-3326.6287925875254,2965.2924115140236
-3326.6240953087195,2964.8736667495978
-3326.6110125163846,2964.5619489510573
-3326.288470101698,2964.1951628566435
-3325.9176146711443,2963.998131589677
-3325.2373943115426,2963.955004679516
-3324.4968394904527,2964.0806310053067
-3323.787294802071,2965.306391513903
-3323.1906652168377,2966.8899880469967
-3322.677594795858,2967.5342842366586
-3322.012782376595,2968.0816725037503
-3320.9156677147603,2968.6797831666768
-3319.6597148815263,2969.1809835932727
-3318.5121703617006,2969.3104598631435
-3317.671805304596,2969.328224427673
-3316.76999464396,2969.1060733378827
-3316.6580486372022,2969.0850876056275
-3315.7694844723756,2968.942839524917
-3314.8689268332755,2968.9604838387563
-3313.9791184336823,2969.0370831468877
-3313.3011423016774,2969.265771833638
-3312.6231339144024,2969.5882239000725
-3311.2861560924516,2971.1906181740123
-3310.1224014596155,2973.0597990567453
-3309.4467862238157,2973.707032470987
-3308.1784409581633,2975.0466141662378
-3307.742486231469,2975.280274139556
-3307.2886534457634,2975.064262887011
-3306.6157997105556,2974.479506839153
-3305.7127889052126,2974.349224511392
-3305.0553211313577,2974.6637043202095
-3303.7376020590186,2976.105212342664
-3303.2472118613205,2977.0782875976674
-3303.2672054168793,2978.418212684699
-3305.346492093355,2982.0212351925884
-3305.8809795236334,2982.4550245028377
-3305.524399656268,2982.988455349962
-3305.0089994467185,2983.373107001506
-3304.0385142739315,2983.542545132764
-3303.3146600527166,2984.1488656409792
-3303.251681579723,2984.968176138797
-3303.950904743638,2986.0716319110693
-3304.9271767418195,2986.796438816651
-3305.530181523595,2987.2981802094037
-3305.615490912825,2987.8188953928507
-3304.589494045088,2988.2161393976235
-3303.3312364540056,2988.388670692537
-3303.196150556038,2989.1400278743645
-3303.805010340247,2990.095426212912
-3305.697303190504,2991.47010846011
-3306.0834773025103,2992.2746110716125
-3305.582230231188,2993.2606497678016
-3303.0656986631784,2993.9003685937137
-3300.386732963554,2993.73247049858
-3295.8772547723333,2991.451776587199
-3294.903327617583,2990.948811508649
-3293.851019830553,2990.899474732677
-3291.431682856784,2992.2177174803282
-3289.425656297086,2992.6265976113223
-3288.603370003206,2992.271611678892
-3287.847496914705,2991.546881753337
-3286.942252645778,2991.1159591909154
-3284.497900022776,2991.6166584724488
-3282.130521145933,2992.1155891689077
-3281.0084720421905,2991.914313415598
-3279.9756193144767,2991.3663432933727
-3273.9423294331937,2987.494255376793
-3272.7769794170063,2986.9642953600583
-3271.1445049119966,2986.75985466686
-3269.2831433674314,2986.472445662161
-3267.0350576359415,2986.743495864324
-3265.3253657149585,2986.766854936862
-3263.236401284472,2986.7941753159525
-3261.5362586048586,2986.969454885039
-3259.378189758522,2988.166799642055
-3258.3799377897208,2988.4872518301604
-3257.8380615462415,2988.4190399888635
-3257.2844877619395,2987.8863963626736
-3256.250768395194,2986.1942163226267
-3255.691233673336,2985.266767203422
-3254.5958605820238,2984.436989842449
-3252.8790578666153,2983.76191148106
-3250.707129501001,2983.4814831840818
-3244.657993439048,2983.7192356814726
-3242.814455617653,2984.295158904971
-3241.418683687893,2985.0091851853326
-3240.358698712607,2986.185857409519
-3239.391023577031,2988.6746493118694
-3238.859724973222,2989.9195280601775
-3238.3249856744505,2990.473948300808
-3236.7776248841255,2990.8860860205195
-3234.686293152835,2990.756507813533
-3234.0673594576097,2990.691363592499
-3232.743109392381,2990.241253361401
-3230.8033627709538,2990.4284276277144
-3227.7859669083455,2990.7012236159676
-3224.934607315585,2991.5166069485495
-3223.157305627281,2992.0026829738754
-3221.609945400049,2992.415820620291
-3219.1497547294243,2993.604095892215
-3216.908618140193,2994.573597390619
-3215.289123858315,2994.748912097839
-3214.4461598374505,2995.306223094368
-3214.2230851357845,2996.3163988388046
-3214.473178733797,2997.394561501814
-3215.820988039252,2999.5423923417566
-3216.4622704556177,3000.929506430084
-3216.4858791682054,3002.4793029093976
-3216.0316045471923,3003.332597064067
-3212.1283380846494,3006.4149103499867
-3210.514684093062,3007.3575911221674
-3207.8066878222817,3007.6305963968603
-3205.867022167741,3007.5868585175117
-3203.7613983585134,3006.763832411567
-3202.4336354456514,3006.0849026776473
-3201.404437100684,3005.083386891242
-3200.6957528157404,3003.7801396494247
-3200.3661795832613,3002.7047438439413
-3199.7271856903535,3001.7093429625147
-3198.401869088958,3000.951513740172
-3193.787686700652,2998.1490497563445
-3191.7603952262307,2997.2451564661187
-3190.747990326059,2996.9530569674102
-3190.5225691058554,2997.4945154493016
-3190.9990421670404,2998.422032984394
-3191.4791125588035,2999.5782744813037
-3191.3390840107886,3000.659399315408
-3190.803095777592,3001.2138217900524
-3191.521515899127,3002.366152422066
-3192.9322509403873,3003.5866414486704
-3193.7337407281366,3004.730122230342
-3193.742953888767,3005.8971798395155
-3193.3042264894298,3007.4538051575732
-3192.7706094663017,3008.1591474170687
-3191.692961473534,3008.247665486311
-3190.683858867091,3008.5741059986067
-3190.2274014359637,3008.968658438387
-3190.0056607300417,3009.7410353669384
-3189.744338464005,3013.3121356574375
-3189.4526445022625,3014.3163043480836
-3188.756667415035,3014.719754793828
-3186.9793383897486,3015.05491841
-3185.8163885240606,3014.835685513387
-3183.6100180397934,3012.693559544853
-3180.624935552727,3009.9476996535846
-3176.569344404839,3007.9128916607256
-3175.86502487534,3007.539999633126
-3174.547833060553,3007.7094361186473
-3173.9287711359193,3008.0349098885918
-3173.0206055355875,3009.362558760349
-3172.274665897855,3011.1501006642548
-3170.7378077848753,3012.6434238005595
-3168.076971763682,3016.244755764524
-3165.9521153073133,3019.062842093802
-3165.0237694762177,3019.3124059721254
-3164.0100573148534,3018.9383157782618
-3160.34680313648,3017.2803928087133
-3158.779346047284,3016.3735653348817
-3157.616392721388,3016.1634129389176
-3156.6108586861083,3016.5606794604846
-3154.3818241353497,3017.830042768338
-3153.069467780059,3017.7705615382138
-3152.1255728415586,3017.32068681746
-3151.2602564080175,3016.5559326913917
-3150.8609112064723,3015.4007171038434
-3150.613096158684,3014.482353516582
-3152.502167720177,3010.964652049505
-3152.79618002369,3010.2623212136805
-3152.0124921632455,3009.8094068186765
-3150.607643623278,3009.2103573317945
-3150.0658191453667,3008.98534732266
-3149.8227527118806,3008.606623361077
-3149.3415875426517,3007.2104890329265
-3149.014377013677,3006.2960894363764
-3148.3079304359435,3005.5314873406423
-3147.454342156669,3005.1495711978223
-3146.444146865691,3005.2469940036813
-3145.6806428167883,3005.8723653329967
-3144.320471746423,3008.2940076825153
-3143.3149686325205,3008.851271793981
-3142.7754895851717,3008.8570804226333
-3141.285328030772,3007.719563354195
-3140.65936885336,3007.183710848734
-3139.1820183885957,3007.2071682001215
-3138.333127240466,3007.524689141622
-3137.420190867527,3008.392699873559
-3136.1205932027624,3009.65329349332
-3135.748334263792,3010.4256225976083
-3134.969150190009,3010.7520441585893
-3134.281653204505,3010.7578050193974
-3133.577499202174,3010.384916140251
-3132.611241992586,3008.6129727158304
-3132.044784629165,3006.607349658505
-3131.8765804294103,3005.5291160433576
-3131.1580532105654,3004.6845131823857
-3130.3742804006097,3004.231600526468
-3129.685637239205,3004.166440335968
-3128.757185335014,3004.483936237469
-3128.386100730637,3005.4970582857795
-3130.063398320394,3008.8040589726156
-3130.1533777001287,3009.882167358056
-3129.8461671199116,3010.356769328958
-3128.3819426666205,3010.836880105337
-3127.5261399891415,3010.0752234124357
-3120.9725150594345,3002.888527553524
-3120.039470203972,3002.4385597639357
-3119.5808048721515,3002.441403453459
-3119.2759417262364,3003.1438315243254
-3119.589977065391,3003.7624722636133
-3120.309709676305,3004.754901560665
-3120.2444741457903,3005.374516538415
-3119.631385102851,3006.07973732348
-3119.091963491785,3006.1654456454594
-3118.391241075661,3006.0202842522594
-3114.456619494776,3002.1340146475154
-3113.345586952627,3000.9045570479816
-3112.4126259910026,3000.4515975741824
-3111.7261932710558,3000.778150765643
-3111.3419367863353,3001.480553403011
-3111.984438896845,3003.0144903485298
-3112.705130825432,3004.398730512547
-3112.792813697352,3005.098193624912
-3112.725292233434,3005.5598066866705
-3111.717495034312,3005.72945164431
-3109.0902058560064,3006.079316968865
-3106.9879621867194,3005.8787422376654
-3105.745497315749,3005.508673991304
-3104.4994944770738,3004.97761108392
-3103.718256852484,3004.6845978647966
-3103.164509501769,3004.1488708495394
-3102.6181091021544,3003.6120490091216
-3102.9951332413193,3003.0706373654098
-3104.3146490461872,3003.199937846922
-3105.392397519055,3002.7994972369497
-3105.540682964111,3002.488929054103
-3105.3722957652376,3001.7094418631277
-3104.898157277957,3001.0247165628994
-3103.655665562084,3000.7356441593397
-3101.0106454946554,3000.146276442506
-3098.67157739365,2999.0972683097784
-3097.8024363044206,2998.2656864592277
-3095.126932407942,2995.1161719582738
-3093.9496738450116,2994.2064881881756
-3092.775940571452,2993.7564456327295
-3091.6128996206326,2993.5462014559107
-3090.914522390029,2993.6329574973224
-3089.7584722810893,2994.270176919616
-3087.7725109739595,2995.917180822124
-3086.997000682447,2996.243607434857
-3086.375622529867,2996.2493929448524
-3085.6040675064564,2995.9574815341557
-3084.5761309565432,2994.8849579215102
-3081.390745276722,2989.501122492523
-3080.923820268405,2988.964327349722
-3080.374787389432,2988.82031455113
-3079.3765389362084,2989.1486654173773
-3078.3628455105486,2988.6956834116536
-3077.6597503328826,2988.393719983903
-3076.5477323705527,2987.093345341843
-3075.764003790547,2986.4896178093763
-3074.831049344489,2986.2674794398145
-3073.755744401953,2986.5958062631116
-3070.119378065737,2987.1862518563635
-3067.089952842703,2987.2321671417394
-3064.145106709461,2986.7257045267816
-3061.25692546239,2985.760518648337
-3057.3434789130956,2983.1832755334317
-3055.049574445737,2980.271793119917
-3054.3465995052456,2979.5869976613953
-3053.412333479011,2979.285062360775
-3050.150592406122,2979.252906112473
-3044.264086718995,2979.491933420601
-3037.510650621206,2979.280027969331
-3035.109989433707,2978.927358399143
-3032.6142299971066,2978.3380566080964
-3030.522781281474,2978.2974981840416
-3020.695077604563,2979.7493350022196
-3018.53840322901,2980.318120743611
-3017.3859318289174,2981.2671629919664
-3015.018063581082,2983.6295562757964
-3014.252120289196,2984.3347358435644
-3013.093741490585,2984.4233483693974
-3011.7694792961584,2983.9762610105654
-3010.136879912231,2983.618052772574
-3006.882209608302,2984.2055495290274
-3000.636405189768,2986.000164906257
-2978.867880258597,2992.3435721491583
-2962.7264163288796,2997.0579760272644
-2954.5467350551676,2999.576497464546
-2950.309301267729,3000.9521217283454
-2948.3054848958814,3001.829890448199
-2943.687337850608,3004.379437861331
-2933.8522670156453,3009.860292776928
-2929.9977982831174,3011.463867826737
-2926.13379813636,3012.295090812099
-2921.9591549841025,3013.119138855576
-2909.9059927864796,3016.1631932450646
-2904.345254141262,3017.559384704641
-2902.955902702282,3017.568940146442
-2897.35746170067,3016.64607715757
-2895.2718935870093,3017.0640926222927
-2892.342099313984,3018.4191889863164
-2890.812642398193,3019.6018432500514
-2886.5286746067995,3023.9292319580627
-2882.703691096266,3026.919734541242
-2872.8615120798136,3032.6343599904667
-2872.1773258106296,3033.580467369341
-2872.1180188115054,3034.809547650249
-2872.3029746009274,3036.359391506403
-2871.0709399809148,3037.3882261982653
-2868.8419482920362,3038.6565584663363
-2867.83174732241,3038.5144152210178
-2866.975834449625,3038.061502502603
-2865.88509399309,3037.8423298090406
-2865.1854459593733,3038.0090002166
-2862.4988438516643,3039.67200126206
-2861.4412636353536,3041.079533480924
-2860.9266334175018,3042.874948750442
-2860.555367242413,3044.0370052654575
-2859.79183734097,3044.8221960073897
-2857.532775759619,3045.8727715257555
-2852.400544270849,3048.255331372555
-2846.858589963856,3051.4332650429214
-2844.785060678653,3052.3908333589366
-2842.388961614173,3052.740839911104
-2831.065409442307,3055.8961289032895
-2830.049100067356,3056.373424501516
-2829.115635503436,3057.3215563507097
-2828.8166439638544,3058.575403764444
-2828.9834331880147,3060.6029359006297
-2829.8591410925646,3063.5768885553216
-2829.949016548227,3064.8370347471746
-2829.4047081986396,3065.378308176497
-2826.6558137671555,3065.7132526479577
-2824.855752467854,3065.6389101529744
-2824.2369440584002,3065.7227164808414
-2823.2205517035513,3066.2030052342443
-2821.889803748653,3067.3827364065787
-2821.1106847804103,3067.5393121401535
-2819.2266301093755,3066.9252082319827
-2817.3413460496827,3066.2322034631093
-2816.168690201576,3066.0800432309456
-2814.440832252028,3066.3263147262696
-2811.6326413471593,3067.598580532415
-2809.288222763449,3068.238279388154
-2805.6809013768534,3068.7298832037104
-2804.5839121808363,3069.047361259004
-2803.887806203521,3069.675572355321
-2803.191471351324,3071.0893009858432
-2802.8069187112924,3072.8948319247556
-2802.499326027841,3074.4565008061927
-2802.1197298544585,3075.870321801457
-2800.637348201462,3076.5823919144946
-2798.13049599472,3077.142247595614
-2796.170310957399,3077.079733930912
-2795.469614677426,3076.8457203576872
-2795.0747418845644,3076.5367849922277
-2794.5211742841057,3075.912200050661
-2794.1240397735705,3075.0546486451717
-2793.56451384806,3073.9613449531025
-2792.548550896407,3073.2586227195065
-2790.8136582197126,3072.72446603374
-2788.9318274316624,3072.4991874177217
-2788.2346208742624,3072.896581860181
-2787.696012966501,3074.2303592302374
-2787.1559406971937,3076.584560909482
-2786.2374096244494,3080.182414057057
-2785.6274983515564,3082.6993847733092
-2784.7790774874165,3085.2041171953865
-2782.9988620176764,3087.5298311949045
-2781.749895007513,3089.140304608583
-2780.8864903781373,3089.7684690085925
-2779.4753824144086,3089.7012298317436
-2778.6122097318507,3089.2383480182925
-2777.5108117256104,3088.066885592248
-2776.8055361367424,3087.213235845686
-2775.696911607281,3086.202765235288
-2774.595281549199,3086.1225490609363
-2773.5898541384886,3086.5198556734563
-2773.200495059151,3087.93377477217
-2774.0788273656467,3089.964403898146
-2775.0397659333353,3093.8777056511453
-2776.0073872169887,3099.5096720193487
-2776.104310100447,3101.540175645052
-2775.245377566891,3102.876853773429
-2773.451296355232,3103.5108350349037
-2771.570570558628,3103.526352431919
-2769.5333059399013,3103.8555334099724
-2768.437508099216,3104.402636448292
-2767.039227606263,3105.894168909992
-2765.785575788985,3106.685211096405
-2763.7592312437346,3106.78357895368
-2762.1890837821347,3107.025915226911
-2760.386422344143,3107.8917114318406
-2758.9134174867436,3109.7029168223244
-2757.98433693563,3112.290718880212
-2756.9040975107105,3113.3196118149535
-2756.2743355403945,3113.4762356156684
-2753.433575576987,3111.069394144575
-2750.6129127860922,3109.9034276808693
-2747.8617473025674,3109.7676819754824
-2745.437889574707,3110.327575119092
-2743.3377474811214,3111.592980917099
-2740.1402657245126,3114.4329001390515
-2731.633285186385,3120.894567201086
-2728.6673782359944,3122.316634422579
-2726.486222275669,3124.605238658731
-2725.562172079404,3126.5644317385413
-2724.7906395910722,3130.021687600918
-2724.595260810121,3135.4224024741825
-2724.943734170032,3142.1513199005776
-2724.7917334211193,3143.25050277043
-2724.098014283436,3144.0367216411296
-2721.2767994666756,3144.843185846265
-2713.999285863969,3146.6827820754634
-2709.9401331900876,3147.9576175309303
-2704.8515656213303,3149.469067318899
-2701.0248949940415,3150.81998009152
-2698.5238853419323,3151.7715748785363
-2696.8030230376658,3153.0370973150098
-2695.7949439328263,3154.2937427083257
-2695.5667797290516,3156.096429265834
-2696.1236489793027,3158.052948177762
-2696.6372983252436,3164.387306924526
-2696.568282344714,3165.490403724825
-2696.335707720448,3166.3496698964614
-2695.477182754031,3166.5903213574893
-2694.617510081737,3166.755961875469
-2693.914111066506,3167.542180237438
-2693.92346734295,3168.7122300990786
-2693.931350232665,3170.6716873813466
-2694.5595046670696,3171.766101880988
-2694.4206970926944,3172.8691791576375
-2693.399391564738,3173.965126659335
-2691.9929407729455,3174.600229201952
-2690.113481560482,3174.614665642844
-2687.762032924536,3174.5430872913303
-2685.3358988092423,3174.9550682922036
-2683.300926229088,3175.5120932615273
-2681.3454306221875,3176.0661483684826
-2680.6494882672278,3176.463551015861
-2679.8700901892585,3177.961253677241
-2678.6374678006814,3180.939593321358
-2677.3266348485067,3184.473609007496
-2675.855538918912,3187.923492504332
-2675.5503437847683,3189.9567762150787
-2675.7233461330397,3191.3648710011894
-2675.655521590822,3192.695793387418
-2674.882005503702,3194.6640107418402
-2674.262903549319,3195.8379755637866
-2673.5558986883207,3196.395371898987
-2672.6168615398833,3196.4720168697368
-2671.909857652276,3197.026420873493
-2672.16235837413,3198.3544398304125
-2673.351274725301,3200.6260384604425
-2672.9562715916877,3201.090556159398
-2671.782377404037,3200.939310887349
-2668.2452931976163,3200.030121011166
-2665.264567832544,3198.7132158703985
-2664.0089063414416,3198.0933314829126
-2662.0375239867276,3195.4408780194685
-2661.560887214196,3194.6543307069064
-2660.6942562296117,3194.031561959081
-2660.0621856709686,3193.8065545291247
-2659.286708310778,3194.1241381193654
-2658.50504650499,3195.070134206555
-2657.6558030551882,3196.4778464553124
-2657.266612744142,3197.660853244841
-2656.3332649412478,3198.5998252294467
-2654.7702688321865,3199.3107984389258
-2653.7539604594494,3199.87110331917
-2653.5190543887024,3200.4226464914495
-2653.2336697535397,3204.8043101136104
-2652.620324207771,3206.6096845309194
-2652.6971197389375,3207.549035248693
-2654.506415998709,3208.5538000448782
-2656.6360138361556,3209.6365570491134
-2658.523719254547,3210.57032349212
-2661.1050717279545,3210.6389658522385
-2663.458660867705,3211.089282503927
-2665.498031371115,3212.1030904311306
-2667.1635058828083,3215.1381939956223
-2668.620788907912,3222.0283116328965
-2668.618151642471,3222.8076442213455
-2669.3343409108024,3223.7412873534145
-2673.171369909193,3224.348822467424
-2675.76580067077,3224.806191450776
-2677.7306228269035,3225.499091037021
-2680.8749392756963,3227.2047647375275
-2681.8186653046396,3227.6666628548587
-2682.52062791014,3227.820670441804
-2684.008812512831,3227.738294503678
-2686.117027213337,3227.639932701714
-2687.5304689812137,3227.949048443101
-2688.2466147578757,3228.731674076174
-2688.4893862131025,3230.2106099524794
-2688.4960790543837,3232.2499654548924
-2687.8070409383913,3233.347003997626
-2682.8759560708413,3235.8067167533172
-2682.1051695127035,3236.6758080831587
-2682.030341006499,3237.375321928134
-2682.425083047928,3237.8430519498515
-2683.1281473146637,3238.234859797869
-2683.525201758851,3239.091409320713
-2683.45035006674,3239.8737142266714
-2682.908306708777,3240.7399766086983
-2681.5802221273934,3240.8994030266576
-2679.700794759389,3241.1457562646115
-2678.521996794399,3241.2343036609745
-2677.279306099493,3242.0253605780326
-2674.5374947734267,3243.207712227062
-2673.134559111726,3243.8517959038645
-2671.8064304021386,3244.1722173860217
-2670.39657718759,3244.174818329251
-2669.13834593483,3244.4142639790266
-2667.8979057727015,3245.5231207688903
-2666.721528950463,3245.9145060757587
-2661.6138205003485,3242.896304297085
-2660.8228494526866,3242.5014812547092
-2660.5905798241765,3242.2765843743723
-2660.3462536071074,3241.8768254208867
-2662.2214813832284,3239.9108068377486
-2663.6909027407614,3237.6379502665227
-2663.6947332779223,3236.7686450440583
-2662.977392435301,3236.075993845912
-2661.889008070013,3236.1556907162058
-2660.321260819862,3236.5588385479386
-2658.0528701707435,3236.5671887940866
-2656.327463878724,3237.130289955374
-2653.7505046433553,3238.713481644224
-2651.563837614608,3239.3502701450616
-2649.0582285711753,3239.5225432998636
-2647.333000909984,3239.137339202231
-2645.921997724517,3239.0690223869124
-2644.5842295547523,3239.228451242676
-2644.2770722452588,3239.623070761639
-2644.0421262288146,3240.3254335861643
-2643.6649817010048,3241.736269389511
-2642.8867856475995,3243.1530796578163
-2641.2453407420094,3244.1078183591903
-2638.351931215414,3244.9823154943615
-2637.019173822159,3244.8341230682254
-2636.384878395138,3244.208427714729
-2636.2203689809517,3242.559543496796
-2636.2908021790618,3240.218370846506
-2636.659942886441,3237.547612002114
-2637.1053328438607,3233.5517181535324
-2637.4645434757035,3227.518541825421
-2637.4506558504845,3225.7997753814966
-2637.365663152881,3224.0001933431804
-2637.126387923333,3222.8330728554633
-2636.5644767307517,3221.5757912452004
-2634.7577583960215,3219.3910083546843
-2633.489053240607,3218.543299281115
-2629.015385987129,3216.99827140086
-2628.4639823772663,3216.6932899640788
-2628.0692581318576,3216.1476587690427
-2627.7528235373175,3215.359161918467
-2627.2786429874855,3214.7425880305154
-2626.6561964137686,3214.739425586481
-2624.7016414338427,3216.476407337151
-2624.240247450262,3217.3387050730853
-2623.9355107982847,3218.0410493258137
-2623.8628528858317,3219.061354661764
-2623.473666852436,3220.2472555623285
-2623.4012417140284,3221.026569119677
-2623.0937663293344,3222.588343839423
-2621.146520104251,3224.1656313284243
-2619.7436504871607,3224.876653888088
-2617.704036836582,3225.055047026645
-2616.4507119083046,3224.746882840964
-2614.87260106631,3223.6582997128253
-2613.3776638883573,3221.862324646136
-2612.8243462120026,3220.305303175151
-2612.895543254651,3219.4340212890047
-2613.202637332191,3218.962494842581
-2614.600877058913,3217.77976046079
-2615.075460426776,3216.9174658409675
-2615.0684936492917,3216.135138194295
-2614.753201737858,3215.4386099922353
-2614.746175133062,3214.5692020815054
-2615.4484579884584,3213.5531575417276
-2617.0754853222156,3212.2096915110183
-2618.563994276367,3210.636368013865
-2618.862847686096,3209.4652050898912
-2618.7066566898784,3208.5259327755757
-2618.069874956881,3207.8202398664284
-2614.699006512981,3206.5893269643907
-2613.9851877085925,3206.1245054769774
-2613.9106814420197,3205.6558678236875
-2614.5272485365977,3205.1783408885667
-2615.9433316158934,3204.698138688351
-2616.327522059772,3204.0756144308953
-2616.239829900877,3203.2842874924477
-2615.2285164154123,3202.9852663926276
-2613.416560472555,3202.8398396828575
-2612.8725264787413,3202.4449879484814
-2611.843331240101,3201.283538743407
-2611.1345028528376,3200.270203049999
-2610.967355736168,3199.400751696379
-2611.5094973873397,3198.464661543937
-2614.8669306657866,3195.6957635022236
-2617.361018755469,3193.7239196584596
-2621.423880095372,3191.5907121633577
-2623.9996988509065,3189.930605693102
-2626.0263846117773,3188.5132370328674
-2627.1152429276594,3187.022796378903
-2627.815173104249,3185.7688524983955
-2628.119002550224,3184.114211371158
-2627.6401499583767,3182.870020068363
-2627.9448915450957,3182.1547086962632
-2628.6517446838184,3181.841093765372
-2629.986886403104,3182.461094998608
-2632.7422742806834,3184.485242506058
-2633.9956061524954,3184.785329195299
-2635.0971231257154,3184.936550029182
-2635.7979006143714,3184.859736357262
-2636.8095137428722,3184.070605766613
-2637.350368805012,3182.9676378689023
-2637.271191956346,3181.877367520979
-2635.4596206534484,3180.315112277427
-2628.372018241528,3174.7234792304585
-2627.1958058491505,3174.1816245321797
-2626.8093205492087,3174.3353308210667
-2626.734046104995,3176.3747634652123
-2626.119577761624,3178.023434652178
-2625.1043972161006,3178.731569796302
-2623.935256793356,3178.89104753474
-2622.9166783201845,3178.8967546370336
-2621.333824340702,3177.4204476936184
-2618.0976706552556,3171.957849622471
-2616.509121299402,3169.6222105698375
-2615.475467381586,3167.0399454292683
-2615.4666324566024,3164.5317727211936
-2615.918962735991,3161.395311319699
-2615.511363916937,3159.3707095657996
-2614.233565039552,3156.008945225059
-2612.4994017673566,3153.1156744846267
-2608.2502370672964,3149.5403413640865
-2598.5648074534524,3141.9215406653425
-2596.1211259863603,3140.2111955083733
-2594.158976448894,3138.8087042290804
-2593.0432650346497,3137.0958253922895
-2592.2518083615905,3134.4336300484506
-2592.129417814896,3128.253294187325
-2591.6531700065325,3126.299596065538
-2591.2362207758583,3123.012080133403
-2592.2007970745503,3114.0031764626233
-2592.2536784849044,3109.532673011781
-2591.6815104795533,3106.017190530779
-2591.213462302809,3104.920930770591
-2589.2487145702894,3104.1470534245523
-2587.5980706066985,3104.1615714934514
-2586.4242277748926,3103.7704421075146
-2586.340075809966,3103.150982762005
-2587.35315794977,3101.2627213500828
-2588.99098859432,3099.8492304041924
-2589.5261047024346,3098.0438311538587
-2589.359311400117,3095.846431787056
-2588.325532236886,3094.293272628032
-2586.045696125674,3092.0343588023547
-2577.2266293910043,3086.1255981477248
-2576.2106080477597,3085.5866853792445
-2574.4780439583315,3085.3613889494786
-2573.2295402092677,3085.37003222135
-2571.7424819872263,3085.8443365065095
-2571.2728412816564,3085.6962842916537
-2571.0405475905413,3085.5394179356617
-2570.7986104042325,3085.2305326548476
-2570.8710561051703,3084.362143668823
-2571.262660168066,3083.4959346990727
-2571.64215768565,3082.322996613418
-2571.405251909431,3081.305700524997
-2570.4590842172206,3080.5350918330996
-2569.1240516699304,3080.064122890508
-2566.9339502752982,3080.0044872359513
-2565.363886296698,3079.936139819318
-2564.7318084004182,3079.702161354247
-2564.2575555974595,3079.3163083968293
-2563.8605084009787,3078.3678958635614
-2563.699466645664,3077.1199024714956
-2564.005706053087,3075.4782274995687
-2564.703258765058,3074.0603922143587
-2567.888950424466,3069.896552838752
-2568.512848142423,3069.190202497005
-2568.4251689796797,3068.330847844535
-2568.273585522997,3067.9301186192383
-2567.7992485076315,3067.545362705854
-2567.404536064345,3066.9196362804655
-2567.391700904933,3065.58869185283
-2567.8245486318833,3058.7741062320456
-2567.427498008373,3057.836665884506
-2566.870281031729,3057.0630691986257
-2565.9276204271214,3056.592205428841
-2564.4370082048563,3056.6037777178813
-2562.0855486713494,3056.461309102207
-2559.730626409772,3055.841145742647
-2557.14227707674,3054.9261648053734
-2554.940547681316,3053.3627240945057
-2551.2309595605793,3048.8422458319933
-2550.6796273280615,3048.5372689530554
-2549.740366573591,3048.7768147480133
-2548.4146148847444,3049.1772519183833
-2547.7837444768115,3049.103071593952
-2547.228763150892,3048.7063255564713
-2546.914691956081,3048.089598689399
-2546.907782486313,3047.069471458189
-2547.52692248247,3046.0444228474867
-2548.467621799125,3044.787644518978
-2549.236072196331,3043.6107189965205
-2549.1568645067205,3042.279757050806
-2547.8065853818557,3040.092019857526
-2544.164941621675,3033.6909088532548
-2543.6103073459803,3031.9780846793856
-2544.1395537439653,3029.621073693393
-2546.7764846166347,3024.600643986418
-2547.220657728971,3020.3669470796317
-2546.1906636284375,3017.704692833539
-2544.689926324026,3015.258169378662
-2540.006396219546,3010.0750099844345
-2535.531264676561,3004.792857825787
-2525.961334662384,2996.5637031141346
-2523.517655382437,2994.973174427301
-2522.019130757157,2992.96734292743
-2520.527088861216,2989.158863059234
-2518.7134374300335,2986.0837480818236
-2513.928584619184,2981.963691885659
-2496.0574914507806,2966.5538195734066
-2492.7628021056644,2963.4903949390473
-2489.026912653518,2958.0915514562553
-2487.104989486518,2954.276980861958
-2485.506657067334,2952.0612590723
-2481.1465198023984,2948.686647994372
-2475.2017516903147,2945.6255387457736
-2466.8117478260115,2942.054990059768
-2464.1426724104012,2940.9702421166085
-2460.6489352119515,2939.5394567903345
-2455.12643268256,2938.0752378118473
-2451.8454313700913,2937.8834828533236
-2444.741430650678,2938.860903244746
-2437.538451928678,2940.6926474627985
-2432.1364763847346,2942.949580267561
-2428.6419728036485,2944.8682524813844
-2426.425802822023,2947.745429919772
-2424.954800314498,2951.0385463692087
-2424.9650380859525,2953.4786901493717
-2426.46204137503,2956.6555503619948
-2428.493224904768,2961.6402830466027
-2428.60132138471,2962.697541950701
-2427.865276499952,2964.1852009274658
-2425.5445569487215,2966.523811504388
-2423.1197239579765,2970.8858892728254
-2415.652904473241,2987.899964497916
-2415.4454067243214,2989.3816725780503
-2416.623511245813,2991.5014191977248
-2423.9604191306344,2998.3679395219815
-2424.2899996375963,2999.4282466930554
-2424.0814411728393,3000.8081113803523
-2418.486686294279,3008.576792392639
-2416.7971125694366,3009.95927746867
-2413.8268403333886,3009.8636710824053
-2409.265168658915,3008.503557350641
-2407.035210824857,3008.511976432992
-2404.0742715157753,3009.4854771217483
-2402.0620862553315,3010.6520289547866
-2399.416159652873,3013.5351902218613
-2395.9491669993495,3020.765774894715
-2393.9471991274204,3024.163699351795
-2392.778854511475,3025.762173620025
-2390.669078294313,3026.9387781590663
-2386.5378618677623,3027.9139884530855
-2384.3150191171767,3028.8746113765787
-2382.8360823857793,3030.26722923991
-2382.2023503001337,3031.961795065776
-2381.3535115838113,3032.177440113194
-2379.8678714370226,3031.64940418991
-2376.2563786286955,3029.122486651878
-2372.966178538714,3027.7597118213434
-2367.6542930558403,3026.504367902471
-2362.3509144395484,3024.938313213278
-2359.6950390116144,3024.2011202603117
-2357.4675357525543,3024.4283990982935
-2356.2008046195156,3024.859799169255
-2353.432345886896,3021.580695707445
-2349.279760566599,3016.397659341982
-2348.207263436159,3014.915537481396
-2347.9956896553936,3013.6463888671433
-2349.370919508189,3013.0052436593387
-2351.6995498845936,3012.6760449594885
-2353.5091365393964,3012.772445343168
-2354.9866168681347,3012.5479743883116
-2356.6761300654275,3011.374351277859
-2358.79544753637,3010.0967964219462
-2359.1087480992574,3009.1446764746147
-2358.5804097726973,3007.979387631511
-2356.8782789161824,3006.8119159339535
-2354.960452239199,3005.868127054729
-2353.054679119128,3005.134112067794
-2350.925331272945,3002.7036243754055
-2349.220745556665,3001.325185902071
-2347.625618059332,3000.588255420805
-2347.0996767856395,2999.855775450865
-2346.673667511646,2999.119230210357
-2346.5535684221636,2997.9481565005217
-2347.6203833107356,2997.4087787814788
-2349.1015257394956,2996.5557941250104
-2349.403116204234,2994.3255967453815
-2349.3987144725925,2992.522945367757
-2349.177875940485,2989.876969473345
-2349.280587244138,2988.0653669300505
-2350.0107872048548,2985.8412591802253
-2350.636425144146,2982.753804879035
-2350.193362405446,2977.666536182175
-2348.9999527688733,2968.7560333951706
-2348.1466545426915,2967.3848852236924
-2346.7598439390167,2966.5341930380355
-2344.743301744003,2965.7023994435185
-2343.6887072559575,2965.07063632542
-2342.8304908223345,2964.0073105096044
-2343.147459088595,2962.735298388716
-2344.5097017732537,2960.603212406575
-2349.367421856854,2953.164176328793
-2351.6758725248615,2946.9934165694713
-2352.0122670844335,2945.1509493411704
-2352.1152853629874,2942.0883046149224
-2350.7321064473585,2935.92970979291
-2355.413786785666,2934.5718850149524
-2348.1315940359364,2910.7604003447377
-2342.2962255841567,2913.460858116706
-2333.236966820021,2893.5459168296934
-2331.7381207045382,2892.6372460075713
-2328.474422021331,2890.904826164787
-2324.828992632757,2888.9654373444077
-2321.288523635582,2886.595362379003
-2319.104749973903,2885.0330776266924
-2317.532663736542,2883.5168249080057
-2316.331356424284,2882.265493271663
-2315.9906221733645,2882.0406784689767
-2311.494198673592,2879.1378212384643
-2306.5367735005275,2875.8491291717546
-2303.6016385093403,2874.22462444205
-2300.8303569982727,2872.7171644688997
-2298.984725054816,2872.07314763671
-2295.4342943635666,2870.8123799088607
-2289.6805145646476,2869.1681553553144
-2283.6629096162455,2868.261509751107
-2279.247786917465,2867.816782516894
-2269.0904329091327,2868.0631533043493
-2255.8720416573915,2869.514872305743
-2231.158867973175,2875.5105604984938
-2213.9167394992955,2881.2860889421
-2194.608976490038,2890.9592379324013
-2174.6960296792704,2903.7469275055487
-2160.5057338208917,2912.3950936771303
-2151.930530890554,2917.628158344515
-2137.395454927912,2927.9000831623043
-2121.7268172611075,2941.341280234203
-2106.0769800852095,2956.813880079501
-2096.5228603226183,2968.3649334828838
-2085.2219993778444,2983.820761477351
-2083.961000562746,2985.9548013771814
-2076.7124598461187,2998.2248613011407
-2069.0406927718977,3013.4983553350808
-2068.3249370336744,3016.416037153305
-2068.6376028512805,3017.89197946661
-2069.884765653898,3018.7216544347625
-2073.2026375984697,3020.893688816358
-2076.1400391593647,3022.8197627954596
-2078.744049898616,3024.5281149393977
-2083.9517973076236,3028.426206357922
-2091.2433877119524,3033.8846165591353
-2105.745869276075,3044.932305733033
-2107.0134485565304,3045.9009393363162
-2108.749317964564,3047.5059698536206
-2110.027703088872,3048.6863717710735
-2110.926825410306,3049.838661356057
-2111.5069733435244,3050.9049977648224
-2111.802635759918,3052.981422310219
-2111.8831564684306,3053.930744118711
-2111.643237724602,3055.3846219938314
-2110.742442842055,3056.530431980319
-2110.2269979788084,3056.9739991240112
-2109.5333662801077,3057.5624614345757
-2106.9408864652664,3058.541121859061
-2104.643502597578,3058.8523322219594
-2103.818846616251,3058.470515006854
-2099.6726067972913,3056.5651156674044
-2098.017200561629,3055.797291403109
-2092.1004550446714,3051.4583502050036
-2086.232954039214,3047.1463553775106
-2083.9481039786133,3045.4701892156663
-2081.122694652813,3043.399103057074
-2076.29639729108,3040.258483886368
-2070.9464714691144,3036.7849942347198
-2069.9330597752314,3035.2139406544675
-2069.162786591766,3033.8798415772812
-2066.8261351885576,3031.9777385971306
-2064.6327478208973,3030.4374538353886
-2063.224245102462,3029.4479482315232
-2054.30257849022,3040.124886999754
-2040.6813725959446,3057.809347849626
-2031.729952251399,3077.976051513545
-2025.218885467145,3099.3223019858706
-2023.2787163939336,3107.6864835814763
-2021.9775236315681,3123.2482356213586
-2022.7642287735591,3138.1420138809167
-2026.2090999621569,3160.276779638823
-2031.3848880155376,3172.5524943540327
-2041.489247390251,3199.3889138133245
-2049.742160333649,3218.7608863625187
-2065.1253499741574,3242.882811881952
-2081.8607460135527,3232.51229902269
-2083.907850149325,3231.2306776647983
-2119.9713865062313,3208.6619320604555
-2178.0319273956716,3225.2440898514787
-2177.061930685044,3228.6143646153396
-2120.772386905314,3212.5251598782042
-2083.906884604909,3235.686333362253
-2083.796004408994,3235.7571306220157
-2060.2197743496495,3250.565769055163
-2072.407424228257,3269.3250543893864
-2083.173813377263,3262.7123730732433
-2083.900764910113,3263.926566901401
-2100.7505433375145,3292.025833131034
-2114.760070036102,3314.5105715740197
-2116.3716395891215,3317.0060297911227
-2116.9773675906426,3316.701432050232
-2120.9178056921087,3322.7106384877884
-2111.8589492786423,3328.7650624230155
-2125.308972938982,3349.0444592950953
-2125.31370664658,3349.5341247284573
-2125.2571235948585,3349.8328583752027
-2124.233545893066,3350.6340100920797
-2118.3513333594537,3354.123005507551
-2116.8882108078155,3354.994982257717
-2113.535904294505,3356.9936996970055
-2112.390700607029,3357.772881325534
-2110.253330922475,3359.260357533397
-2093.0020734526743,3373.32478911041
-2092.4035265633674,3373.641359737906
-2091.3753677974437,3373.651210710687
-2083.8775198035396,3371.193381261222
-2071.2774757328184,3367.0688605161777
-2067.2916111565346,3364.941668552544
-2060.7503883623854,3359.2556093922512
-2049.6215928966812,3349.6685174453455
-2047.0323014557282,3347.440686344035
-2046.780651015712,3347.221785033758
-2045.4707091160049,3347.3724255496772
-2044.0858065367065,3349.0668546929032
-2031.238569333697,3363.7138662954935
-2031.016791538227,3364.746014859071
-2031.0960191397112,3365.9141839123386
-2031.2507461584437,3368.905867567135
-2031.7731731367085,3369.2996844443323
-2035.5999986791417,3372.277182299881
-2035.8732684877828,3372.505065251691
-2036.9999649888803,3373.5375989474473
-2037.7293885053189,3374.4989280618593
-2037.9145434716668,3375.3183995747854
-2055.066078772769,3388.416008243746
-2065.654624296363,3396.4161950054977
-2073.1830513769887,3402.173391593119
-2073.646544924656,3402.531188921437
-2079.4728194855684,3406.96306693867
-2083.869790829741,3406.859083312439
-2086.832716847004,3406.788704887835
-2096.049437010654,3400.320734658795
-2099.327184262673,3397.902253868303
-2101.0575808501176,3396.7606133679305
-2101.8657885202288,3395.1120502325334
-2104.282114068278,3389.942424513585
-2100.3061168070117,3380.9364783192036
-2100.306377394424,3379.743388941569
-2100.469083821544,3378.972968599359
-2121.362455452683,3364.9783786780895
-2122.9338814603534,3363.9744594992108
-2124.3667917437147,3363.062477924806
-2134.432321933907,3356.656576306204
-2136.30477216317,3355.7107796348146
-2145.077921246367,3351.2581726728504
-2144.79149817428,3350.499722498339
-2149.730852175944,3347.887719009809
-2162.3835855425787,3337.4406244099314
-2166.829847642648,3332.132721507333
-2169.8422801345087,3326.609539566216
-2172.977715666572,3319.841527706095
-2177.352647001034,3321.765065628949
-2180.662606397208,3315.557581481293
-2194.6949440610347,3289.7973855781165
-2197.50314412786,3282.363786833886
-2211.103196760615,3267.9599592456043
-2210.922596220762,3267.720122855971
-2217.818471856257,3260.172460928549
-2231.7340744449953,3245.3751289955885
-2235.0253959049796,3241.6786233835487
-2235.59778018467,3239.7621929207794
-2237.1680093387586,3238.659441750677
-2238.3058508265353,3238.4109342463703
-2239.51708560554,3238.469070172121
-2243.3225429053987,3240.30662202275
-2245.7382439495877,3243.30791326676
-2246.4108450963677,3244.8119751708405
-2246.4128991646653,3246.3827118447375
-2244.4376913452193,3249.2969953191173
-2233.518919844626,3263.750374038045
-2227.808155216121,3269.82840842477
-2224.3173909530888,3271.7900483470194
-2223.117761701873,3273.1876434914125
-2220.783841946425,3276.107933676638
-2208.8852618455303,3289.6677690588044
-2207.030454754067,3292.5850804870825
-2191.0259955931137,3323.111181517072
-2188.2688081919705,3328.394420471745
-2187.322196913302,3329.913072435593
-2186.77545958003,3330.347551442986
-2184.424176466304,3330.0662257312365
-2182.4439128185377,3328.9316381180497
-2181.5155255978243,3329.2402482348557
-2180.4834647420475,3330.23819540169
-2179.557181171203,3331.947671228333
-2173.833784643671,3341.0563878280586
-2171.8212225063435,3344.3224904002527
-2165.20861946324,3351.0987966235725
-2162.061996520224,3353.8560294930976
-2155.9060426697615,3359.1785136583194
-2153.683209939036,3360.166321839912
-2152.7958140738547,3360.4838215217023
-2152.700542510644,3360.94244287292
-2152.8064004847893,3361.672823605214
-2153.0144431095773,3362.761124110539
-2152.914271726744,3363.8512508440517
-2152.0892205147543,3365.360956216329
-2150.5358484667872,3366.2539545608374
-2148.723650607708,3367.2976150161703
-2148.3178158843752,3367.812225589017
-2148.310470418335,3368.18189114662
-2148.527016711587,3368.9494029276234
-2150.615192730034,3372.0614180598654
-2153.4809546340166,3376.477716988671
-2154.4268865977256,3378.3194819487894
-2155.4063469234598,3380.6709683338036
-2156.092169428901,3382.4277893803915
-2158.04985971291,3388.139816181366
-2159.6137518217497,3393.5470239411893
-2161.2018204889105,3399.093087064596
-2162.057072450068,3402.118944581875
-2162.5070667164914,3403.466046850802
-2163.2700826015825,3404.9571563362547
-2164.567544480893,3406.817853865521
-2165.739922386582,3408.4359355310544
-2171.280188678519,3415.6317306390206
-2181.2629432163835,3428.8288949037433
-2192.249418478726,3443.965704907365
-2198.623577229512,3452.7944863733806
-2205.8643016409087,3463.594796786895
-2207.112309140358,3465.5326940693185
-2208.227887571486,3467.5942490360194
-2209.575669928743,3470.913085223845
-2210.403489417115,3472.976669068559
-2210.8029282944694,3474.132843840699
-2211.645332282009,3475.57499914852
-2212.498606200983,3476.9401513362372
-2212.8308578265514,3477.305905090709
-2213.081253692755,3477.5038633580543
-2213.483324612216,3477.7407583804693
-2213.774723641096,3477.876682652391
-2214.2152995105275,3478.0246110656144
-2214.666730528326,3478.1607717025818
-2216.3402067481925,3478.4069370122843
-2218.0004306966466,3478.56113161523
-2218.7721741390164,3478.706144160225
-2219.3825433396114,3478.8792485604013
-2219.976028278995,3479.1441175476166
-2220.4478842080416,3479.4000808927076
-2221.1930716615357,3479.945876237744
-2221.8262313221985,3480.478478987224
-2222.2703275399404,3480.9252545386007
-2222.6566409121206,3481.4340602132456
-2223.9119890353713,3483.371761931382
-2225.027707862501,3485.162801494222
-2225.9434787871596,3487.0054645463574
-2226.6366023565015,3488.508532871208
-2226.932526739855,3489.288034731584
-2227.1082000891765,3489.8765904771717
-2227.3451136649796,3490.9737770854654
-2227.5328131353135,3491.90108090893
-2227.656764923787,3492.3328203403094
-2227.8010981625735,3492.7115981266948
-2227.983920703979,3493.069337948152
-2228.1669166635834,3493.399148272559
-2229.015529037449,3494.3295977098983
-2229.921839823251,3495.2011093426813
-2230.8475612218035,3495.8857969660417
-2231.5108741959443,3496.338608703405
-2232.1549166153136,3496.733462238579
-2232.8386216512167,3497.087328469795
-2233.7812757399743,3497.4703813881374
-2234.733530275244,3497.852239653059
-2235.537681371977,3498.274162410198
-2236.3526609188334,3498.7989282693966
-2236.615060662733,3499.0667137738587
-2236.8580878141665,3499.3566389015637
-2237.213195064662,3500.1511171068287
-2237.592141582918,3501.100410255198
-2237.9063013007126,3501.7170277065534
-2238.1409575665766,3502.1047042797563
-2239.4144060221997,3503.72281867811
-2240.667347514423,3505.2139488611942
-2241.7469123102355,3506.6530699213263
-2242.749537380459,3507.96639054237
-2243.203264023829,3508.6319173950587
-2243.5391417370715,3509.1895888398567
-2245.1129460170096,3513.3278156549113
-2246.577318996042,3517.0552535987463
-2247.115152352688,3518.2515611098047
-2247.6049438251475,3519.2648192567212
-2248.0873338513857,3520.870780227452
-2248.561329178767,3522.3187379185333
-2248.8658543376728,3523.076198130648
-2249.202686709807,3523.8316709326295
-2250.1980129932167,3525.643632518357
-2251.151158627889,3527.196637697158
-2251.855087995358,3528.8694821053
-2252.3989183698,3530.474360471296
-2253.993463303073,3533.3525728915556
-2255.780583623816,3536.6375046750672
-2256.0657872958595,3537.1951647025026
-2256.3004834721755,3537.7616904872866
-2256.7335483131164,3539.3086891063285
-2257.125661961104,3540.6955820801277
-2258.523770501555,3544.306201159784
-2259.9159232333404,3548.0346218355344
-2260.2324059019707,3548.7002170261035
-2260.4551201370846,3549.0979659442587
-2260.830576365354,3549.606770656067
-2261.0809487195406,3549.892508712057
-2262.2304786652953,3550.904027543643
-2263.3679301666475,3551.8035263061543
-2263.6617088006933,3552.1024414275653
-2263.944528278012,3552.50020456818
-2264.7436241406635,3553.803405088875
-2265.334598618083,3554.7777861680484
-2265.596927726431,3555.3354410996662
-2265.813512259049,3555.8830106885357
-2266.3279984476376,3559.0697917225407
-2266.941430576533,3561.8058334237176
-2267.049605894775,3562.575217774184
-2267.1444958738775,3563.3956701404077
-2267.18873054779,3564.8525049042605
-2267.2088859928053,3566.1125305457945
-2267.298897201408,3567.4434937173437
-2267.452528441487,3569.092270062384
-2267.5607064254846,3569.8497843820037
-2267.69544673508,3570.5402740837944
-2267.860252203295,3571.177804511965
-2268.045440344859,3571.7573859747627
-2268.494318749688,3572.7838023957197
-2269.0346488047753,3573.987892189177
-2269.857742069092,3575.470047335801
-2270.655239127044,3578.9365898033766
-2273.868808290998,3598.2585011684628
-2274.671552754855,3604.5838325868717
-2278.0413431116335,3619.8259762900607
-2278.1518489019813,3621.3228260077294
-2278.1871912582055,3624.364560166583
-2278.2539577455113,3627.2543850720767
-2278.5046163835254,3631.2533553249914
-2278.630325021101,3634.469969779848
-2278.645749857665,3634.90158449355
-2278.713082955493,3635.7518552845436
-2278.7984334063144,3636.30946872314
-2279.0990418043593,3637.7174877559182
-2279.42139046472,3638.974592719172
-2279.699237243702,3639.910996229349
-2280.0084384880483,3640.989149581072
-2280.509040940893,3642.1354764338507
-2280.8543860283175,3642.871900569421
-2281.0396386371776,3643.522503170489
-2281.1755297685822,3644.2799245499145
-2281.260774459852,3644.9305034444433
-2281.303983928734,3645.420078547745
-2281.2170719627784,3646.8709972912557
-2281.128876751704,3648.1010729146033
-2281.125661493781,3651.4495242142784
-2281.1372524224053,3652.9103414195138
-2280.844681959115,3658.4431130694484
-2280.1204623474,3661.428608742359
-2278.9682438910263,3666.1887255920046
-2278.2940347164863,3671.6173694813046
-2278.1683424673547,3683.8360132416806
-2278.203844741721,3696.41927561887
-2279.408793083858,3712.539293300127
-2279.250727845731,3714.119070210293
-2278.8881479450542,3714.963254333731
-2277.0535128010247,3718.9677161023965
-2276.2778343188215,3725.6565572084505
-2277.464610206495,3737.084009461699
-2277.3773587032033,3744.5562377682086
-2277.2278247669315,3745.71737296645
-2276.9122685625516,3746.459625516008
-2276.3895210579735,3747.1960436341324
-2275.86564920956,3748.0981435285867
-2275.756950018601,3749.201334622276
-2275.555385614657,3751.521533434421
-2274.846081841181,3762.4189733564367
-2273.6248408146603,3769.301421029914
-2272.368742749226,3771.0907094823906
-2268.0775532163407,3782.797760046742
-2267.975075586689,3783.71901174131
-2268.467172437987,3785.1550054404206
-2268.6088621259128,3786.452166544989
-2268.419544297201,3787.8259560670726
-2265.5771592301458,3792.290022764718
-2263.7916664961085,3797.5545203973466
-2261.9177098669174,3805.5708554459115
-2260.873295797792,3808.5193710172543
-2259.7253018429547,3811.0482210046644
-2252.2732868150642,3825.181614421241
-2241.8481445257057,3847.2792276977348
-2241.2672497502585,3849.6852224915815
-2241.086261187628,3851.876552260164
-2241.0398600581625,3854.6893457481788
-2240.8432066985747,3856.399086756356
-2240.1901869394683,3858.4532523356074
-2237.430860477799,3863.0681666847718
-2230.5735333144235,3877.886189664886
-2221.715711524265,3895.9233338676186
-2211.9600390036503,3913.272714576895
-2204.989470216654,3928.624484397761
-2203.8079100573555,3930.9534380434116
-2192.598101223139,3947.7700492882104
-2188.6798007457032,3956.213655558109
-2186.5282991905674,3962.01163959845
-2182.392374798189,3974.556154593466
-2180.0352593374346,3979.7066267877967
-2177.3698620468926,3984.8890490391473
-2173.647921387026,3992.9819909962985
-2172.0940752930555,3996.413084336946
-2171.2892540411544,3999.1308467683516
-2169.20654980865,4009.7692410701598
-2167.290789189013,4021.9443973735656
-2166.3113889157116,4030.3737141191355
-2164.5794069909007,4038.6580269801034
-2164.022867891586,4040.1737781303414
-2163.492811406548,4041.5975672554628
-2163.3410187569466,4042.490879758904
-2163.3490111640563,4044.440264494542
-2164.0999662583054,4050.7047326160564
-2163.9443330212766,4052.3433643008725
-2163.957285815379,4053.764283159633
-2163.069112337026,4057.8210502778898
-2162.754484102017,4059.346830793704
-2162.754198642661,4060.6158298756627
-2162.7647559798747,4061.9248305110154
-2162.9774997685226,4063.5646423138187
-2162.985427006759,4065.8038959525547
-2162.9920439500333,4068.6727612119867
-2162.4802185187536,4074.4091767101654
-2162.4820342585936,4077.099192039525
-2163.28064832162,4080.410719377387
-2163.435735950282,4081.1942779703513
-2164.8367907662373,4088.209200240791
-2165.5756314271757,4089.312484185131
-2166.471285367825,4089.8362652792375
-2167.950871877449,4089.8835801881746
-2169.3173246902293,4089.671025212113
-2170.954737923518,4089.0888640023136
-2173.0510389072606,4087.659444053562
-2174.9487050619064,4086.073075402186
-2176.367009790753,4085.802579329166
-2177.6359050405604,4085.8518430219297
-2178.7420361749905,4086.5825511021253
-2179.2209440831516,4087.639892942662
-2179.1748303096692,4089.2695719297108
-2179.279303654002,4090.9083621467
-2179.545076509879,4091.697831247175
-2180.3913242006583,4092.1686360368435
-2181.6614593760273,4092.267874496404
-2184.0283518687893,4092.0985401641674
-2185.448907168517,4092.206790636854
-2187.4039207578107,4092.4599975508277
-2187.9239974562893,4092.7098858582945
-2189.0386858450274,4093.2457884463643
-2191.459165488701,4095.6565603946806
-2193.2657421218532,4097.449550813506
-2194.4777399690424,4098.811692276079
-2195.219079698991,4100.284846170149
-2197.4487835977657,4105.026696382342
-2197.819303491139,4106.23483400838
-2197.827517677606,4107.1831439905745
-2197.5637113296752,4108.024361777131
-2196.0029996468343,4114.878815624061
-2196.2087661414075,4115.606327751272
-2196.685309052077,4116.404822853942
-2197.8505110449973,4117.242377206703
-2198.9590813932437,4118.234927778138
-2199.2814108761113,4119.550982244967
-2199.809383568837,4121.76641541672
-2200.556539722961,4123.710084350756
-2201.0871273408816,4125.075163012446
-2200.983437128215,4125.8675406511575
-2200.7208110756565,4126.658884436457
-2200.091111021633,4126.874496175164
-2199.4542344287343,4127.080231220986
-2198.5621487265535,4127.03713543378
-2198.2408798560687,4126.559366860644
-2197.8208836084777,4125.614054939363
-2197.2864191842527,4125.1393298795165
-2196.7061960542774,4125.093113567786
-2196.389479607456,4125.514777506656
-2196.3460595923384,4125.93750135408
-2196.1930026099803,4126.876697426661
-2196.1359972026694,4128.669263096599
-2194.783594310642,4135.370850603665
-2193.4315679305178,4141.1621344398245
-2190.7089308068184,4149.335297815281
-2190.5594386485072,4150.3864125415075
-2190.347279613771,4151.338662325202
-2190.4138041028823,4155.756335238201
-2190.5736556413644,4156.865474266788
-2190.6323491773696,4157.916636426067
-2190.5779222347082,4158.656059026827
-2190.2683003414754,4159.820052512224
-2190.168225523546,4160.8702807818045
-2190.2221738393832,4161.498807834298
-2190.80879063752,4165.713710989229
-2190.813380188592,4166.453147041641
-2191.664318053831,4167.556558403663
-2192.4528082067877,4167.599629944491
-2193.7108885283264,4167.440119863035
-2194.5597040321854,4167.234432784667
-2195.4470633712453,4166.757039895206
-2196.138124895303,4166.861135528537
-2196.452239079724,4167.227882434669
-2197.3546451585967,4168.848900592454
-2197.4134909078466,4169.961009131112
-2197.4108643687005,4170.861337738311
-2196.3137580181597,4172.32988256472
-2196.10056232678,4173.069368641237
-2195.888416501367,4173.963564757341
-2195.7926517379296,4176.973251889243
-2195.4850922984624,4179.706088817418
-2194.7032055477093,4181.822372292445
-2193.3408743415052,4185.245427215935
-2192.030502913123,4187.404382480408
-2190.24363546531,4188.94179674886
-2187.9234291172606,4190.210268017737
-2186.2390824692347,4190.955404662287
-2184.6040111303755,4191.589532812643
-2183.1377372400643,4191.802062974647
-2182.0265395879064,4191.749742123332
-2181.126111704111,4191.7096385049645
-2180.188148126907,4191.915306565187
-2179.2333195378274,4192.503605830608
-2178.341039850924,4193.711456801052
-2172.8763483744383,4200.208331422312
-2171.8806439851182,4200.684704465855
-2170.8801223301934,4200.684478568962
-2170.091565134451,4200.95003039902
-2169.7772250725766,4201.584558927379
-2169.51570194528,4202.687617717436
-2169.6732881778453,4203.485042143405
-2169.887483607953,4203.851765664188
-2170.567585063614,4204.055804907691
-2171.411437987011,4204.369704188265
-2172.096283562841,4205.004458293965
-2172.152761357121,4205.894825461857
-2171.944136296262,4207.10582392649
-2171.7946220266417,4208.267859278483
-2171.3765961340273,4209.690676127426
-2170.5407224997334,4211.379128479696
-2169.386896610649,4213.436378856669
-2166.919274808745,4217.336783863958
-2166.8696909808655,4218.44896761679
-2166.9754548867522,4219.179449148965
-2167.400278132475,4219.814044600317
-2167.7637018323617,4220.282844356236
-2168.0886421884566,4220.759515569472
-2168.5062162139466,4221.705823265605
-2168.5144803085736,4222.44526019631
-2168.4565021050907,4223.024785469196
-2166.6752518653843,4226.351791939564
-2166.4199546098234,4226.872421205455
-2165.6819259676604,4227.029059504952
-2164.9391258193314,4226.875080192203
-2164.2482214664783,4226.832032862529
-2164.0399422551495,4226.883855178938
-2163.732771371056,4227.195599638134
-2163.624457960296,4227.407440925533
-2163.080044767315,4228.131691517556
-2161.939789562918,4229.249515218872
-2160.204924723974,4229.735797945594
-2159.735340032968,4229.93060090458
-2158.6782950081197,4230.366962437323
-2157.675189736176,4231.106172407034
-2155.7364757913774,4233.482044380921
-2154.629980069226,4234.073304580176
-2153.7835560390035,4234.43979019818
-2152.3556538130197,4234.802155799514
-2150.9447979163288,4234.712964304825
-2149.991442447871,4234.33999126375
-2149.3593868636044,4233.927190743977
-2149.46075918841,4233.023891660299
-2149.46336715987,4232.186504213025
-2149.038541930501,4231.557894444464
-2148.5065385265298,4231.292045777627
-2147.883016929456,4230.790171922366
-2147.3775487913135,4230.192565980801
-2147.1922123107006,4229.554034931241
-2147.2369036792643,4229.033358128527
-2147.5536392930994,4228.50097176421
-2148.1341973636336,4227.394891390945
-2148.39199609633,4226.134926876707
-2148.286316329035,4225.395468199224
-2147.6520429296224,4224.818680893566
-2146.592814022187,4223.820261938022
-2146.053527309319,4223.272622481638
-2144.2626629121096,4221.460592148843
-2144.208523148116,4220.929918462153
-2144.213482737745,4220.400454936696
-2144.260608556776,4219.817834902459
-2144.314923375529,4219.18933219604
-2144.260864846072,4218.6687331187295
-2144.0442249609996,4218.031092901128
-2143.727855590118,4217.294679514645
-2143.7763376212843,4215.870781580983
-2144.674764286177,4214.395004483412
-2145.2961526056056,4213.240056340619
-2145.407146123015,4212.238906184212
-2145.344846478945,4210.867949970986
-2144.863588918887,4209.502785469384
-2144.3403206240528,4207.866994162559
-2143.703660037037,4207.133402081596
-2135.518187870075,4202.99082454775
-2133.9952939008635,4202.574735089404
-2132.9142444747636,4202.463575026524
-2132.042711210695,4202.370416249813
-2130.772554389733,4202.432178275559
-2128.8799128669257,4203.328098444096
-2128.041707883342,4204.643893858773
-2127.777813318644,4205.546159684166
-2122.9873030417566,4218.07549779942
-2122.0742370582334,4220.4663657428755
-2121.1348749990066,4221.732265254578
-2119.392669796072,4222.576151818826
-2118.505353949149,4222.896747248951
-2118.0790692749206,4223.5771371036335
-2117.816428297176,4224.4793037551135
-2117.76675767492,4225.6324843529965
-2117.457122965747,4226.904408077869
-2116.2481643744513,4228.065313387802
-2115.193427604025,4228.641627243975
-2114.6648958009373,4228.906243332828
-2114.091672236689,4229.701610994871
-2113.796746135435,4235.074395344331
-2113.642017341713,4237.967165434557
-2113.278206610595,4238.870407231237
-2112.749758880347,4239.135123194642
-2111.959940905078,4239.08188355173
-2111.535174616638,4238.555218340653
-2110.955140328942,4237.298061345344
-2111.014643447418,4235.079769167602
-2111.0958001131958,4232.707669671342
-2111.6678042666013,4231.761481945384
-2112.6620332042157,4227.3350647074385
-2112.762088106223,4226.333812004505
-2112.710740710731,4224.86400769015
-2112.128310687128,4223.489944969991
-2110.748291658906,4219.810421384768
-2110.4802781342155,4217.8108056735
-2109.929043762986,4211.596457740303
-2110.1320528732263,4208.173136443624
-2110.994763014278,4199.026395562554
-2111.6652925528742,4188.47066626866
-2111.5885460285435,4181.782717468571
-2111.519917050104,4176.14103165799
-2111.8427879409587,4175.037984811645
-2112.4186199579212,4173.4023369850465
-2116.0839622709605,4164.391072883753
-2116.919913042271,4162.706506121708
-2118.020634065845,4160.6942244495485
-2118.908220979474,4159.169665696975
-2119.3310850350395,4158.11551787743
-2118.955577016618,4157.536894334673
-2118.3753684304625,4157.431831183606
-2117.6974851734826,4157.748482855115
-2117.268903647958,4157.853323825296
-2116.7428686489143,4157.375512877091
-2116.6935459661727,4157.32652554964
-2116.320495364839,4156.959768280718
-2115.9520135365838,4157.073599893914
-2115.4798625384838,4157.917766604259
-2113.1781676350543,4162.7056832356175
-2112.6519935228125,4163.241116870683
-2111.4950016121293,4163.400759496896
-2110.4922904875757,4163.08972334213
-2109.597916128277,4162.458019900283
-2109.1178003585637,4161.5615753407865
-2109.061305695133,4160.7202848194265
-2112.5286010875816,4155.341115084729
-2114.0941855268975,4152.5995747068455
-2114.1448970535284,4151.647387499614
-2113.7251067479833,4150.492108852164
-2112.557503096141,4149.552621249355
-2108.495216527678,4145.715605316045
-2107.54890233503,4145.922276105757
-2101.6040798856993,4151.681545793486
-2100.129252192292,4152.05498093094
-2098.548575602503,4152.06062079254
-2097.017290281363,4151.801439653576
-2095.599239281599,4150.962844890451
-2094.8001373410493,4149.81047687965
-2094.4790251523873,4148.593276808284
-2094.4839423197072,4147.862920000652
-2094.7935310267035,4146.799769098529
-2100.8317707849055,4137.937841303732
-2100.9342267508605,4137.407301883757
-2100.3492510789906,4136.572878398999
-2091.860241907113,4133.32351921367
-2090.8575378868163,4132.962511163499
-2090.3589734754482,4133.206287654287
-2089.699058197948,4134.191259545447
-2085.4580354269715,4143.828030493119
-2084.40513486834,4147.066433691443
-2083.7089262062177,4149.130576231862
-2083.68353387874,4149.204584052272
-2083.7087886684794,4149.765175604539
-2083.733879124421,4150.313697564969
-2083.7082745545304,4152.137292508458
-2083.694807847262,4153.033529084719
-2082.336108188554,4156.425778106509
-2081.172862263255,4157.324758263552
-2079.9112890724464,4157.426428225974
-2078.749696673822,4156.856613635667
-2076.419408274791,4154.5938162108005
-2075.503881860089,4151.780813076588
-2073.5223421506353,4145.677079512405
-2073.208508941491,4143.982286326393
-2072.4533612126343,4139.888249252116
-2072.8690805374385,4137.881899546577
-2073.8110246662827,4135.876660809107
-2075.862776699838,4128.797460016207
-2076.8870144534044,4124.538922795779
-2076.9485825915317,4123.547736147852
-2076.729772928402,4122.490455513659
-2076.309809880227,4121.335278261682
-2074.6162994359665,4119.658142046625
-2074.087895039193,4118.922682806245
-2073.8714604678503,4118.075173655072
-2073.9727753091775,4117.024146526772
-2075.021957017727,4114.384331717283
-2075.340040107141,4113.022435593803
-2075.647402914991,4111.438696709689
-2075.946158158485,4110.286667083943
-2077.274382924628,4108.876012659885
-2078.3364607261046,4107.985887834768
-2078.4690639754626,4107.005688899857
-2077.860155247255,4106.04138922419
-2076.924809237562,4105.307637403607
-2074.271587820122,4104.77151559878
-2071.2089031739756,4104.705919323901
-2070.4167755432045,4104.471938497097
-2068.885737086992,4103.026753358096
-2067.398117139452,4101.1378968903
-2064.535489349995,4094.6112425326755
-2063.6847665715254,4092.407717430567
-2063.086676778921,4091.585163523812
-2060.6206272592362,4088.2052586448103
-2049.6288029163525,4078.325523707805
-2044.1446363330879,4074.4422484480683
-2033.78965607064,4064.3587814743155
-2028.074680961729,4059.2155446189663
-2023.1121488563424,4054.066384801634
-2015.7188855523532,4048.928787385887
-2004.1073949167744,4042.746049800026
-1992.635160474037,4038.011402616376
-1990.1083706738918,4037.123517699916
-1987.6741747275796,4036.543376383071
-1980.9288538527917,4036.0893264615934
-1970.0183276919233,4033.7020015180146
-1963.9027269292176,4032.924309255373
-1957.466773940531,4032.417372577451
-1950.6215502955192,4031.855395820465
-1934.6882580250253,4030.4073219498687
-1909.1371640427749,4028.0120449478395
-1895.9101090839001,4027.15209095944
-1887.3529190385066,4026.3649890317342
-1883.6474756811133,4025.717793247852
-1877.9906595644827,4024.0129844268786
-1868.387660432487,4021.185242086327
-1855.8266582250371,4018.5298020747114
-1846.6315967461423,4016.9882162354024
-1844.0407896060874,4016.8269247235075
-1841.8822231211952,4017.0852584242543
-1838.3401029145202,4017.9169810572666
-1835.063092511884,4018.3630285379422
-1832.3121495102428,4018.3565191430166
-1829.1664851015812,4017.7244132795463
-1825.314172531251,4016.3456573344024
-1822.9162843814581,4015.2671219159815
-1818.446617312039,4012.823138397566
-1813.988991451558,4010.6999500707693
-1799.326370506816,4005.822890821474
-1785.128137383062,4002.6036586468467
-1777.7640808160613,4001.1324023450425
-1775.171011552998,4000.5344305241206
-1772.6104823003889,3999.566598369833
-1769.4601063441644,3998.173131720871
-1766.0279957130278,3996.7925816718143
-1758.056264744305,3994.2000570081464
-1747.2745490469163,3991.668074073913
-1741.7910515848089,3990.0563424482043
-1734.666881857124,3987.2361654145398
-1728.668391433084,3983.9035889763013
-1716.6435162778002,3978.6454931356634
-1709.6253584126596,3975.2828221586065
-1701.1639582468688,3970.6049179653874
-1699.251203376976,3969.082818457609
-1698.13793299774,3967.371837274741
-1696.7333695259335,3964.491753763768
-1694.5233937781622,3962.2690698788774
-1683.324804747136,3955.104670640442
-1672.244386368874,3945.6279380731294
-1660.3103605422007,3936.8575887954557
-1653.0406920692878,3932.207862564235
-1639.0225931268374,3924.194671102135
-1635.968448843883,3922.641368105661
-1632.9723300210337,3920.5364673978147
-1627.8262846095556,3916.366711342501
-1624.3694162055858,3912.0164991475626
-1621.2376382143138,3906.9629174725414
-1617.4260789253892,3899.585783602718
-1615.8504822223808,3897.928798010828
-1614.228990762329,3896.661521869573
-1611.4678659415206,3892.9459306443846
-1608.846038784852,3890.3664975103948
-1603.35446826954,3886.6223232563434
-1592.8753162404983,3880.84006407886
-1581.422432983925,3873.2869231300024
-1567.9114204967075,3862.5599657926878
-1557.2302871549598,3855.24677478542
-1543.4625981389866,3845.1333627414815
-1526.243347178188,3834.4577391743164
-1514.224630767329,3826.3680425637676
-1500.4255085697027,3817.0620508695974
-1489.5446284496143,3808.454968644006
-1486.1151450612335,3805.0410492076703
-1484.2095456321665,3803.238102580755
-1476.1766712682117,3797.1765549646257
-1466.4884843501168,3790.1654564543737
-1463.2685393566824,3786.594673043219
-1460.4895901030263,3780.925651238609
-1455.7999366349836,3775.0953470466625
-1454.7791125818096,3773.813126960494
-1452.8891801172083,3772.6607477757775
-1450.7777619337498,3771.076624663658
-1433.5267996950888,3761.5513617970796
-1427.646119812244,3758.0990943061106
-1414.8974707942316,3751.0665474817174
-1402.7508017943069,3744.3480134845377
-1388.398811401014,3734.579370474774
-1371.3019938449675,3724.440689912096
-1368.0072452500888,3721.689360769168
-1365.9295146504967,3719.6056217249143
-1363.2426529897557,3717.439903388609
-1355.8666731742169,3713.270078084158
-1349.1866356212313,3708.585654588662
-1343.346887696932,3705.0855654610846
-1339.7330081029181,3702.1762998900285
-1335.4705329272767,3697.212528694416
-1332.2204798000887,3693.4689216032193
-1329.0363340671738,3690.6056038685083
-1322.6957859222127,3687.058476719392
-1310.2767882862959,3680.041176685182
-1302.639655191419,3675.7244275593926
-1293.2267317044627,3669.71481599811
-1286.3094336225988,3665.3022188189675
-1282.424983494895,3661.016012694666
-1279.9162500332775,3658.704409759784
-1277.8480613007996,3656.8126070125645
-1275.1261196313658,3655.1365734329283
-1274.3316312997251,3654.652788442152
-1270.7319135282307,3653.561065368672
-1265.634786370957,3651.5549529598857
-1262.4479951700712,3650.7811852837663
-1261.1068257883862,3650.7529800617835
-1259.1528319228328,3650.1282994664202
-1255.772331768683,3648.996611613609
-1253.2972354539158,3647.289694475545
-1251.5289366246295,3645.0831307473013
-1247.3627058621694,3639.6267545226565
-1245.4270127767911,3637.5430601897497
-1241.5254357409847,3635.0744827156955
-1239.870064086768,3634.2799731914993
-1226.0014466101998,3627.5951567316733
-1221.814307627304,3625.552276779926
-1218.431388724438,3624.300804037878
-1214.623460629704,3623.173265987478
-1202.9178659846282,3620.290963278585
-1189.592995872757,3616.2313443447124
-1181.7952168116565,3614.0370169938815
-1174.2742835535148,3612.947941290082
-1160.8095161269346,3611.353625217659
-1149.7827573021793,3609.065969236753
-1148.5572524289182,3608.6041875372766
-1147.502643717579,3608.024523859684
-1145.4452788015697,3606.061730210851
-1141.393239467664,3602.1363511914474
-1139.2816132929402,3600.85403554748
-1133.9976590421743,3599.0877659292983
-1122.1273373742008,3594.5058306988317
-1119.2091428071853,3592.3821480096954
-1118.4073765161393,3591.917427030032
-1116.7543260046807,3591.830354166265
-1113.3893285623926,3591.309277778112
-1104.189003549881,3588.8471266630822
-1091.5815607187928,3585.4713013975356
-1089.9129728294934,3584.7256929234227
-1088.425056018285,3583.789286627666
-1086.202676492338,3582.1961543515586
-1083.074867926215,3581.422452855025
-1064.1828918624085,3576.583048966127
-1049.3400804480223,3570.1852562858326
-1044.0392257564843,3567.688577347413
-1040.5817111106571,3565.710791869676
-1035.1330041211775,3562.4847421064806
-1034.0604638627735,3560.8638162185866
-1033.1046603686511,3558.94116431264
-1030.752344283376,3557.600992702559
-1019.0057682411353,3553.377893273228
-1004.357511367709,3549.901021226837
-1000.3796919218795,3549.146210123345
-999.7472153264582,3553.480807478352
-998.9971597012374,3553.3798839864335
-997.2850987923579,3553.123851873475
-996.8131953767175,3553.0468969945123
-997.4120782696228,3548.230611323152
-994.7093172756767,3546.7823847825057
-988.4573350184672,3545.2349430305053
-975.0586946443414,3543.1172152780928
-963.535726771187,3540.4849925798812
-954.7520063335392,3537.5884229175927
-952.7101492472345,3536.115336756962
-949.8941727200962,3535.5785120259143
-935.6816372480496,3532.878228635035
-930.6612627956109,3531.7195638229837
-919.6741642551973,3528.7018185776374
-908.0647643902121,3525.1613459393716
-904.410710146389,3524.7913343903147
-896.9353638619914,3524.3339865997505
-894.717612126323,3524.552627855189
-892.9358440296709,3524.225786537166
-890.4762770009886,3523.2581993244467
-885.7990079252447,3521.0554243186402
-878.5261330688851,3518.3768141908645
-874.4158596471617,3517.051482746432
-864.9012081319601,3514.311733176804
-858.841735388941,3513.1810417793204
-856.3232188637835,3512.2834813727377
-849.1622660460586,3508.7735012311696
-847.2468943300677,3507.8490644235203
-845.5734901737353,3506.443962140722
-844.3083535835702,3504.472525035163
-841.5717798408565,3502.657564105106
-833.1119677428164,3497.918583170135
-827.3093653842783,3492.725983068066
-826.8012822555379,3492.008449758836
-825.8599189841539,3490.5175305888647
-823.2405430534286,3485.790931712795
-821.0952630003917,3482.8670255478564
-818.1794556454378,3480.9412356559033
-814.7218626973773,3478.9714117472004
-813.2493728030973,3478.712440263398
-811.1665659296267,3478.3495795265126
-803.2869039643512,3473.646583334773
-798.5060701256938,3472.5070595452084
-793.475982032039,3471.128620361471
-765.1953281034454,3464.283594860862
-763.6012222107191,3463.787918575722
-757.4468431863305,3460.900616131389
-749.3407949317773,3457.6494830720117
-734.5791051198912,3454.040049072876
-719.8740356997813,3451.124191967033
-718.8144926091852,3451.205108352681
-717.1350187681728,3451.3278729034587
-714.948543944022,3451.7564283610573
-711.5556514341336,3452.704384185184
-708.5204225523271,3453.221754094117
-702.7907138314607,3453.3882126592703
-698.4587512514937,3453.156082052688
-694.5291494389348,3451.988742302359
-689.4424006029913,3451.1010153991624
-677.0729687773769,3448.915748551256
-668.5621109035811,3447.695131676478
-648.4979412304974,3447.603785024826
-638.8962706888043,3447.113577769677
-625.9126823125853,3447.063747704039
-614.6037821603088,3445.9999009942762
-611.6722102510149,3445.663961314775
-605.8088767594584,3445.342799682518
-589.1519179186768,3444.7132509240823
-583.081369048021,3446.0129006918964
-579.9847938567154,3446.4103102238882
-563.7504742799002,3444.764694940514
-561.5894792474996,3443.544546992796
-559.5788661962774,3443.1805479862564
-556.8373570790652,3443.1924584310977
-554.8399825073178,3443.4302427171697
-552.8413594509645,3443.604886673582
-550.7115077802686,3443.7256594376063
-548.2698789346942,3443.435850873735
-542.7364621484774,3443.0407332533787
-538.2649660242163,3441.829437804875
-537.4005451120115,3441.425608326321
-536.7564268002445,3441.0778497658735
-533.3637019984754,3439.251169807452
-528.2890149737733,3438.751250480299
-514.8419527100153,3436.705082568175
-504.037613236539,3435.1267913808074
-501.05776666116043,3435.0895293234057
-499.58285664605546,3434.522882236058
-498.2850224394523,3433.7034823349727
-496.8823811612778,3433.6265038333
-493.57140211205876,3434.5036197044656
-491.21281483252994,3434.5625499606067
-489.08536066756557,3435.120034574818
-487.1481758325328,3435.3567387478793
-484.57049371033474,3434.580167729414
-478.2088285969462,3433.0520045583376
-472.2166419098262,3431.6437611904717
-467.06251951770184,3430.2046402423844
-463.17132681809784,3429.8287002206625
-458.1772692753202,3429.421787199646
-453.91524204240085,3429.294705280884
-450.07571185821325,3429.1596651477253
-446.35908236248963,3428.6597529549076
-440.3103524713324,3427.671367459006
-435.19699822887793,3427.2733385061456
-430.8651881204145,3426.9584375921813
-427.1653065666317,3427.1311363808627
-424.6791453447674,3427.5006935063266
-421.54639458266536,3428.5578877225585
-419.2779932916342,3429.897707543743
-417.2974535248682,3430.8029370275813
-415.23979322332036,3431.351363902978
-413.0497510482551,3431.468174622757
-410.49974636279774,3431.4220814870955
-407.3260785494714,3430.845401364028
-403.63353108815284,3429.366377341635
-400.4695332333616,3429.095428441462
-396.223096171712,3429.450057297265
-392.9916357833423,3429.418903007287
-390.5607651955512,3429.187986415148
-387.13673600234,3428.6172876951264
-385.1357854095568,3428.5431941274733
-382.82769814608025,3428.73102779275
-381.1409454278007,3429.2676066813438
-379.27952684818337,3430.413541369201
-377.19062333723565,3431.559666998533
-375.25700869769395,3432.3480019653084
-372.24215400277654,3433.04133503084
-368.3821989033921,3434.3661431560076
-363.5397743230392,3435.2842418103605
-361.36183560739806,3435.475077997417
-358.13030087243527,3435.2501244548716
-354.95670784074616,3434.8581954734436
-342.347378443064,3436.244738601342
-339.4975926736907,3436.2655847388
-336.98375327151126,3435.7299476886533
-334.5372059149064,3434.9995051925225
-331.64897058860686,3433.9921467930994
-326.65249479124486,3433.4063535161977
-320.5098120421042,3433.2453526002305
-298.1675987343655,3435.3520165042737
-273.8882592945622,3433.2479020096675
-256.7641804188407,3432.6928290703786
-239.19459718360375,3434.0872564005554
-219.55883206491842,3437.0724544112445
-201.36913707853202,3439.8849586196934
-198.10519588378284,3440.3225864012256
-195.6201281763187,3440.886113472408
-193.3277261020051,3441.8633012735536
-191.57119832597763,3442.2998644624167
-189.38717782703458,3442.119077281003
-186.40858462065893,3442.0719378959247
-182.65218824148573,3442.694395012583
-174.44699802936788,3444.462979661796
-160.59281234890614,3447.648300288755
-145.7250036145195,3451.465032267606
-140.340735523077,3452.399394339296
-126.55169606408361,3454.934106778882
-111.73308441194207,3458.5601732155596
-102.5660442000451,3461.536859866394
-92.95106432710867,3463.3263465553914
-88.47716492957498,3464.1366596237135
-84.97598210179332,3464.9351132754373
-82.73778111282053,3465.304760996386
-79.94944429843436,3465.5574996300306
-75.40926873893888,3465.6953151259754
-70.19849645619114,3465.4794203443016
-67.60149623894849,3465.911112421323
-65.85816481586211,3466.884344585511
-64.47597141854702,3467.7387792410645
-62.66160184051461,3468.2313244012394
-60.062183993259616,3468.305321069503
-54.000161292493274,3468.1453885814817
-52.372455523838845,3468.508064434209
-50.088508235499745,3469.0786126000357
-39.467111338556656,3469.186490831241
-36.75215477462678,3469.809009274435
-34.15515720971631,3470.2426056035556
-31.06103608033834,3469.82704365454
-27.851209602905378,3469.774965207199
-25.373423096200533,3470.036797667361
-23.268877342830912,3470.643361819585
-18.26763836823507,3472.7137269448576
-17.43208069470623,3473.3912159193833
-15.866820121168953,3474.0537414914256
-14.53889570446083,3474.127553140298
-11.016103622621445,3472.8066813315127
-8.940444816302433,3472.1531282482374
-7.671457441936047,3472.2150708575746
-6.8961734974524305,3472.759696040763
-4.698881555065295,3475.6374334812353
-3.685094239981982,3476.4078889943426
-0.18400639401134905,3477.3881149392487
3.0751546144904625,3477.576041248341
5.617886433062498,3477.227222550783
8.113786303391825,3476.385947081961
10.359161414113416,3475.7852649065644
12.411946993864122,3475.4315598282283
13.86392302899932,3475.4956002263116
22.914207306460405,3476.4698592808727
31.056639924329634,3477.3512582013627
41.440845496658056,3480.53675965518
48.00607148921985,3482.542229986208
52.11037698554525,3484.325950662541
67.41156056053308,3487.804369130439
81.77122998027305,3492.657834406782
102.27712758841987,3496.9586791359584
109.0025299206399,3498.8253431996263
122.7385035813071,3501.9101255460464
126.60329952826775,3502.3718108432918
138.99808779907136,3504.1655564253833
145.0492390626867,3503.986896795925
150.24070737336976,3504.0418380552937
155.38167304503813,3503.9130449061317
162.366952653778,3504.6836162728832
166.95653018981852,3504.6126740431455
170.63832666166897,3505.5030921181806
174.0117423907134,3506.621231417955
176.72910194470734,3506.89319487596
183.31468080388828,3507.329916506959
186.09356594618612,3507.5428327768564
188.91801935829776,3508.356235600422
192.414308578415,3509.786197010877
195.30980362971235,3510.540751630811
204.21069175852816,3511.4562270346446
209.4215000759849,3512.5684330593517
213.9410842238639,3514.0074019820217
217.7937608474286,3514.709916093186
221.95580159158615,3515.9641468246236
225.0114164282462,3516.330892635752
230.31731912922027,3516.792653429325
233.70041589174923,3517.5721683870465
235.75559442225526,3518.330604989448
236.7945760334041,3518.814310104001
243.5342629938316,3521.9661262215436
262.9504649698261,3528.560499995901
274.36509785730567,3531.7862804629617
276.7476775499535,3532.5837367797867
279.22066062550493,3533.555157386271
281.6935647271348,3534.35551025839
291.4215300610926,3535.668886960975
293.5464933811638,3536.29746573593
295.00814334790704,3536.3184576051017
297.05849660137136,3536.2546817866205
304.49781031802513,3536.346682871614
307.39086053631917,3537.32410893578
309.86016077315753,3538.4633139804455
312.74835666873497,3539.7883643931227
315.56202137849897,3540.589934049064
323.6707106707988,3542.0599949975935
328.44071586636665,3543.1384360455563
341.9237227239609,3545.4519697068145
352.99528163268576,3548.9158308751953
365.3647278773975,3551.4703485701248
368.68510366140896,3552.3668136912065
371.5782195033474,3553.512933496737
373.28050902234673,3554.3054000837265
374.80113641233754,3555.34972440203
376.41317709186313,3556.3109621935587
377.7026755201418,3556.662825079802
385.6341749665521,3558.6996015698965
390.76425437637306,3558.763647547353
392.65448239128597,3558.868659763282
394.438760125564,3559.3254803370187
396.72863239285357,3560.804443154071
399.10884645679306,3561.8636693248477
406.51663896521706,3564.6058614796343
424.844293713975,3569.878651739465
436.52973454873,3572.667040916557
446.33339543723343,3574.9296831205097
454.02189921838664,3576.054206600098
466.21305924251607,3578.516977467349
469.885028093896,3579.49937791775
472.26640662584333,3580.386755910472
475.6626866486445,3582.136608661735
479.07100347758325,3583.5457229360604
482.13742980496454,3584.103469306071
489.56335318219783,3585.733632318896
494.42127861360854,3587.3356394512175
503.2027889433673,3589.579334998038
508.91431934516294,3590.5867943724534
519.4006116249343,3593.3752209400714
535.7814183290229,3596.993392854472
540.6464790975563,3597.653201043679
545.5874764377282,3598.8246251739492
551.4735171615644,3600.4456717034323
564.8455613342844,3605.0579127220094
569.8731779076877,3606.6609654567
581.5464796760245,3609.967124341815
595.2859422847466,3612.3622240602344
610.1280154807635,3615.7085136395544
618.7215783712952,3618.9815061259355
622.5657559734374,3619.6223379644503
627.4369375322052,3619.6046997983085
631.2835522127368,3619.9865886163957
634.0091910014958,3620.618274586803
636.3893528735741,3621.847530725988
639.531544104587,3623.8541768534974
642.2474955973374,3625.766832609688
645.6328932697415,3627.2649799795595
651.0036152923207,3629.640449558474
655.1679243162016,3631.575351249238
659.6849655164591,3634.2226815441873
660.6902637905899,3634.814258164274
664.2561915623411,3636.733960974702
667.2371622484122,3637.707411813538
674.1416741899056,3639.507552728285
676.4314128051896,3640.8167108931393
677.7930364076612,3642.046803469371
678.5454686731575,3642.7243472185723
683.1839579459677,3647.752889437481
684.3673063546315,3648.452408900645
695.7793000700387,3651.9285594687058
710.9197592239522,3656.9268588385507
757.3826081749961,3669.787567167206
765.3801442720239,3673.7751414044988
778.1090897900162,3678.6893670129157
792.2670056531084,3683.660683410335
804.4578423935421,3687.321960724407
819.7017384881548,3691.9017964645386
828.1796794062792,3694.573484110335
835.147914930438,3697.140112781808
858.0028057979202,3705.041993805794
880.2124053166058,3713.4795187787518
903.9205938957685,3723.430119057786
927.3084819691201,3734.5458077592602
952.8464515641325,3745.771688970215
980.5273805962776,3756.466397185852
1010.3151106980486,3768.312302836615
1011.4262389586266,3768.7561003030323
1045.227420932636,3784.469681226642
1069.3780750427843,3796.263290216024
1078.101310673476,3800.8858050332537
1096.850233080037,3809.6132132031103
1124.8628938911925,3822.42962440066
1150.8204987315673,3834.707329900184
1174.2052153593916,3847.416402418597
1198.1231632580618,3859.795930095177
1225.5971470075922,3874.988674516553
1241.352950625771,3883.9098952675795
1253.5754212595555,3890.7452415445277
1271.489511372462,3901.2165839261543
1289.680398533944,3912.1066408849233
1304.5078656595783,3920.7050554214347
1324.032529838472,3932.347860453153
1328.0315426960647,3934.862569707883
1344.2960173363942,3946.2300599735877
1367.17778498662,3961.7214162435334
1389.4647365674082,3976.461336780215
1407.1734164271613,3989.7976772823936
1428.9281774014025,4005.02428444648
1447.5987399264673,4018.2598975534547
1472.185757545801,4035.2985605348567
1485.4116617300474,4044.318746798958
1489.571728794872,4047.6838038627407
1504.3908689842067,4061.1407727813976
1519.1075362323902,4074.643832384368
1528.9275380391837,4083.2377157395017
1543.4261210240024,4097.650084793972
1546.9423044610578,4100.478417218055
1555.3081926003902,4107.079719422438
1556.5147961142968,4105.188385629549
1563.052419890884,4094.7534686414815
1563.5401257482167,4093.968128988918
1563.477716351625,4092.75707348572
1562.8675145045936,4091.7216856334876
1560.5734219086658,4088.8135474257633
1559.970388936794,4087.8362144967155
1559.5504357206494,4086.7430036466367
1559.4289793357443,4085.7136801951497
1559.438865365957,4084.462737092161
1559.910990122365,4082.9869363043786
1560.76479069626,4081.3453158844072
1561.5101802150662,4080.5900422337127
1562.720257027258,4079.441137202235
1564.0508084445585,4078.1722545895673
1564.8863305928796,4077.546968026271
1566.1240648712446,4076.7486835547543
1568.0036349787408,4075.474005752721
1569.4038402422104,4074.5069739014407
1572.9881693243776,4072.5660566080296
1574.0838091448584,4071.894729640407
1578.140470164398,4067.7575315771587
1580.5150088314851,4064.717291058944
1580.6933240186356,4063.6301625648994
1580.812769550116,4062.66182473929
1580.572048983929,4061.50969117761
1580.0233556446992,4060.0437983049
1579.2446364778752,4058.8874867219697
1577.9049615570018,4057.7351728351314
1575.963251752591,4056.641711768571
1569.3421989656024,4054.2744973627905
1567.0405127607216,4053.3558383168656
1565.2178899497187,4052.449127828941
1562.788647008353,4051.049861269204
1561.2056923683165,4050.0763590696374
1559.2052034214055,4048.0085495274307
1557.382619139108,4046.8531677916976
1555.8045533583838,4045.5798236023743
1554.4130159151478,4044.5483996812354
1551.4325803792171,4042.1138580812462
1542.2714029624026,4031.6064847005705
1541.4877474038542,4030.9987915992792
1540.1514831345,4030.3890150835364
1538.5071189210967,4029.723330360718
1537.5344496955397,4028.7458400549467
1536.8724860550412,4027.7104456758543
1536.1998240122975,4025.7138741203585
1535.2360262036448,4022.497233545808
1533.057761494036,4017.5677195259495
1531.7158798453002,4014.4768018024356
1531.1745629005113,4012.2314790671717
1531.1723123800152,4011.162275703317
1531.1749594668381,4009.7413603008345
1531.1189181073373,4005.730368846834
1530.6955325734668,4003.606957475971
1530.203455860877,4001.422588935139
1528.4436792398355,3998.9272028927876
1525.053630930571,3990.549096830091
1518.803822792731,3977.6050563888107
1517.831247095886,3976.5177451929303
1516.620235252688,3975.6082478624526
1515.5837984372174,3975.0594683610957
1514.247496580689,3974.6285443455736
1513.3374488284508,3974.569449812361
1510.6068419731546,3974.68592564951
1509.0298485859305,3974.4428905160858
1507.9344027960763,3973.8352510292807
1507.2711317984235,3973.10758233726
1506.60076752208,3971.832593188261
1506.117169817047,3969.8299688673133
1505.8127577571463,3968.067267494791
1505.4472824402476,3964.9736138855355
1505.5091218147145,3962.4135812931445
1505.8211044136406,3961.1445314461257
1506.665334793917,3959.3241559191106
1508.248700846017,3957.8054357097344
1511.7789319215958,3955.565741034128
1513.7440060446731,3953.7114284389095
1516.170217981808,3951.7704078420434
1518.444533282405,3950.171899824312
1522.0000203197042,3948.2010348044673
1524.1070317219069,3947.24907066864
1526.3970252260406,3946.2881586765097
1539.9103857010332,3942.430349719265
1544.6829069582518,3940.8312507556475
1550.5885951863577,3937.850522475908
1551.7252402534195,3937.1512701555907
1554.8353082709943,3934.6645465814026
1557.6180137142362,3931.9881493228186
1559.7372046939488,3929.5853548069927
1562.3936898666025,3925.407924885628
1563.330691718166,3923.494603999752
1563.812522713577,3921.92992952485
1564.0838087593668,3919.4437453159785
1564.1950053924902,3916.8428244597426
1564.1931278383984,3913.5034479796545
1563.7940067263767,3910.0279501443574
1561.9954908455404,3901.3543371202113
1560.1225987143478,3892.136086353964
1558.030330284678,3883.9189749501097
1557.0434481844864,3881.4507411566865
1556.352521456019,3880.3445196279085
1555.164555898444,3878.825459009746
1554.171411676858,3877.907014965185
1547.623034442943,3872.871758472845
1545.4659685617396,3870.3943603265993
1543.7099236594597,3867.4083103424687
1542.5605323856068,3864.777162929228
1541.9013765300513,3861.261824946772
1542.0054203821537,3858.4638998761534
1542.4259631244176,3855.956891809009
1546.5690323774377,3838.7497668107826
1551.2820480833193,3825.4906764203547
1556.345058693141,3815.570123159327
1556.7111334074493,3814.895683974659
1558.7746822292336,3807.270854415838
1559.918180503161,3800.9608587476228
1560.1256209554351,3798.912460066135
1559.9296364745953,3797.238650794551
1559.4040277547879,3794.354740732413
1556.8966277562756,3784.433961255336
1556.1204994703128,3781.55609552623
1553.9669363741318,3772.787467764571
1558.0047489820772,3773.903207867342
1560.067061319265,3774.4741027638042
1562.2737003290692,3775.0841228936733
1562.8332446520221,3776.6739033576982
1563.7478726049042,3779.4808710440298
1564.5958837012683,3783.3201237422754
1566.8815705916254,3794.7077684698506
1567.1614832646246,3798.2200535744996
1567.1022656806094,3799.4401658646243
1566.859858272805,3801.929246959524
1565.6030655767643,3808.818761345562
1564.4984891494032,3812.928413615226
1563.2600191119943,3817.530701435834
1562.589248361535,3818.735652413909
1557.7202979664742,3828.264522034951
1553.2830422313289,3840.7473123167015
1549.2940741287978,3857.3528768899682
1548.989256409989,3859.1715398022843
1548.9251419006866,3860.751244400641
1549.2883715147793,3862.695897360627
1549.9551914291517,3864.2207583762897
1551.1696177948315,3866.282453719662
1552.4382726403292,3867.502680724576
1554.7531221607035,3869.3826131901046
1555.9268216194441,3870.3410855909815
1558.6978180491346,3872.5527561468007
1560.3349725713924,3874.0788724381655
1562.0958900706712,3876.3214019165625
1563.3091616546462,3878.2721784559067
1564.7014951014671,3881.735768095304
1566.945416387868,3890.584312834528
1568.8292346491398,3899.8215188794825
1570.7118203045904,3908.9168830257727
1571.1038600924935,3912.29043715162
1571.198724144185,3913.1008084664386
1571.1956674799421,3916.991792658719
1571.0688818720594,3919.962577879337
1570.7022806990735,3923.366930140928
1569.848287903175,3926.0896222051615
1568.5151373937904,3928.8293929122683
1565.352819955795,3933.8040276240604
1562.6784067380804,3936.8412301363087
1559.4623073960827,3939.934404147366
1555.7669949078484,3942.8855597721276
1554.0067191749595,3943.9693405976254
1547.3798239675116,3947.304755737942
1541.9751879059907,3949.1185102737018
1535.8373098309269,3950.855144985865
1527.8286452310315,3953.1191551894217
1525.8228535775293,3953.784357976944
1524.1828706915528,3954.8802329164323
1521.4520310210814,3957.486824267734
1519.8661665269776,3959.483037419222
1518.3501991619405,3961.3093903729887
1515.1000794403246,3965.8934133026887
1514.7242791570504,3966.891536186889
1514.777191775236,3967.493127028321
1515.4453708573183,3967.7979636078894
1516.3529878691736,3967.9239891222755
1520.4499379475053,3968.3193402871007
1522.1497255442857,3968.5623967230267
1524.031310278645,3969.4201318182763
1524.9414137242584,3969.6570787393207
1525.612079570523,3969.5432724481134
1526.0936001044074,3969.355422883242
1526.5221757868462,3969.2996318016512
1527.2541790602106,3969.2967555614755
1531.363467500447,3989.702736886354
1537.9669890971504,4019.02832103062
1539.2453727573225,4020.3695429309532
1539.6691830711036,4019.823987063165
1538.7592964732607,4018.785660176859
1539.0037164337818,4018.2460604888265
1551.5861419978996,4015.423307442498
1569.1598057672518,4005.680641070019
1589.1537067098157,3994.5273658225337
1598.7413171727358,3989.147229997231
1599.039928882036,3989.0393518789892
1611.0744000175648,3987.65136649176
1611.3862294266928,3987.3746169562996
1622.4937796559946,3971.185924749669
1629.8235088439599,3961.7163541790733
1637.910802404911,3951.254721131615
1646.0986923639564,3943.2912107259253
1656.2119473513394,3934.5555872761174
1664.6500790901018,3927.8472697950792
1669.3555423984294,3924.637584047428
1669.5590166546297,3924.3968267760997
1669.6421308790661,3924.0800403563976
1670.1725752847633,3913.311397321727
1670.8162178824746,3902.048022202718
1670.8884702644082,3901.789287473601
1671.0510445356442,3901.5305684293944
1675.7110481956379,3896.7679953084125
1682.0471721212036,3890.191095048003
1683.1762235281883,3891.4703659680904
1675.690080669679,3899.2480355012663
1672.654495964312,3902.322250766127
1672.5412687995495,3902.5099575203017
1672.4798732114791,3902.7407645830394
1671.871225688408,3913.4076503889137
1671.2949813488847,3924.960606871693
1671.1817244041465,3925.321277333402
1670.9084556972866,3925.6081061908
1665.6575711424275,3929.2153935009787
1657.3024256713948,3935.8648728657827
1647.2061198710624,3944.5824436286466
1639.1819529412148,3952.395061709434
1623.864873833593,3972.187330695708
1612.5044888087066,3988.782653126512
1612.0300164409616,3989.2482988085603
1611.41952527301,3989.4330302620187
1599.5789922069025,3990.694167530115
1599.197315281691,3990.8419311728294
1589.8914655206504,3996.0534386033446
1570.61381508509,4007.56342977964
1553.5949834017858,4018.029658216463
1551.6481905522446,4018.8826914328683
1550.12394880609,4019.240143374157
1548.0015381839678,4019.4835866001517
1545.6405446182314,4019.785045508706
1543.8768005284423,4020.2093911234106
1542.4813223040255,4020.816634928755
1541.5036557247263,4021.84877428933
1540.8341077568048,4022.82191206744
1540.3511242429652,4024.3407034749443
1540.3557658035402,4025.0681692528174
1540.7794175022816,4026.0324050770555
1542.1685366891618,4027.0739012013314
1543.4421459184844,4027.986404309059
1543.9933674323897,4028.8297657084695
1544.7227299398837,4030.1679077822905
1545.3858806603505,4031.082308092324
1546.7231876242063,4032.4724171924104
1547.6873907485783,4033.1410860432693
1549.2704428204167,4034.053739486221
1553.580943299969,4037.760486675455
1555.9449910801857,4040.7406526511313
1557.7083576406912,4042.6264820124907
1559.1600518885816,4043.8367650374385
1561.2895559896053,4045.116084429926
1562.6811414775539,4045.8468676880248
1566.3215528050662,4047.1193516820404
1569.4238452756279,4048.0932022781594
1571.90609103858,4049.005806742062
1574.7675262062685,4050.1584685784346
1577.0054514751548,4051.4988552347218
1578.8279687288273,4052.5343431151455
1581.2570097662706,4055.1447587398843
1582.4149179955389,4056.5438207180364
1583.4968579810823,4058.4816114214736
1584.9614772180826,4061.766268189316
1585.4402460337267,4064.0705351094725
1585.3835195547772,4064.859934591057
1585.2004613085685,4065.3465768564633
1584.4082298572773,4065.6511776665393
1583.5570228517033,4065.7040038763926
1582.6686872457483,4065.6478987978694
1581.9149480641972,4065.8916596283593
1580.8891663671418,4066.6208512548533
1580.0330177133521,4067.2832394263028
1579.2466768307004,4068.3182991623025
1576.6927166495877,4072.07699832188
1575.5969638772092,4072.927173854046
1573.4717690368313,4074.4397099131593
1572.3761934102124,4075.230934546363
1571.097443822328,4076.2019757384387
1569.647771040523,4077.4767230896664
1566.4810693866086,4080.4529983104094
1565.1505819494957,4081.8415786896944
1564.8951977588297,4082.5601246125125
1564.951482958538,4083.9579081229294
1565.796721033934,4090.816845579691
1565.9612133514754,4093.6077329261293
1565.5973292005594,4095.2444452337204
1564.8086353221902,4096.399503138214
1556.8874860825283,4108.441939678367
1574.2020096504862,4122.370134424137
1587.6379699388888,4133.420875723861
1600.7502920849897,4142.822840629744
1617.236867272711,4154.302850534545
1631.580362586922,4165.781427865622
1649.3403390565306,4177.794266127192
1663.8396863881921,4186.405251469306
1664.277809526174,4186.599138448558
1665.2336050082372,4186.9970008389255
1666.4072958702636,4187.717686949018
1667.7988196511608,4188.639204546085
1669.5164423170302,4190.242359877909
1671.3437400625126,4191.900396218784
1673.2202165729734,4193.4834306477405
1673.906358030648,4194.060095907943
1676.4991471808248,4196.0010532593915
1679.8045281580673,4199.049343206464
1683.238618978439,4202.12758136216
1686.9483184050262,4205.800469421919
1690.2884379810755,4209.209459397132
1692.0313520071695,4211.2521147894995
1693.616518267597,4213.186914685397
1695.707232894459,4215.424640176055
1698.0266492059932,4217.754274798848
1699.0582972233506,4218.742564869757
1700.119919066372,4219.692058213484
1703.1388001439238,4222.277572718115
1708.0065455978433,4226.268472640394
1711.4430860754144,4229.078996656734
1712.7828067362377,4230.219259887831
1714.0923749732283,4231.460563091431
1714.9361385936825,4232.345083042677
1715.7786494295065,4233.232495543321
1718.9757062588492,4235.99998798399
1721.9944843554006,4238.637477388244
1724.533087058553,4240.989102388088
1726.687705140232,4242.897077871968
1728.0465813411727,4244.25818971173
1729.3068180664084,4245.469561623227
1730.9112629794693,4247.352402298305
1732.4061367984034,4249.065451690378
1733.0007480177433,4249.838908370179
1733.4159210109344,4250.443458655357
1735.7122499497436,4254.331966748133
1737.6944127567645,4257.588811596264
1738.396159320805,4258.605175397179
1738.9991056230915,4259.440577743529
1739.8910047481472,4260.4580732709555
1740.6252655365818,4261.234647900544
1741.231940795884,4261.758237474573
1741.6363882564426,4262.12209323077
1743.307069391452,4263.286460084286
1744.8382021227644,4264.340978897266
1747.0144654838641,4266.057046955293
1749.0427579004834,4267.616184320484
1750.7026745299145,4268.750625982617
1752.0640501824394,4269.641128636562
1756.604408587768,4273.410153299065
1760.666807187715,4276.651323670134
1762.4146301739784,4278.177495552145
1764.0227384756913,4279.591824139742
1765.081908504173,4280.639077757254
1766.095338092979,4281.668567867611
1768.0464533186764,4283.906183934011
1770.2864399951322,4286.3027528259445
1772.6718898845793,4289.313998899316
1774.6614406584622,4291.782441290844
1776.1562850262778,4293.575296335583
1777.6512219068932,4295.316282450847
1779.1279922999915,4296.888391345065
1780.4556251442452,4298.299578638728
1782.3609920179138,4300.077548412884
1783.7428215050747,4301.362763936051
1784.1087891403959,4301.701577501399
1787.3262215280902,4304.197282258992
1792.5694110591205,4308.773718831252
1793.2241495077637,4309.359364206716
1793.6598921159123,4309.74118272686
1795.2716039855147,4311.0264428044375
1800.4547700330916,4315.150413613319
1802.7321141064401,4316.780530186951
1804.3812312015614,4318.003855032086
1805.474067532377,4318.863392923458
1806.3202618787684,4319.6090716343915
1809.0189752020792,4322.132516114775
1811.4804355217448,4324.32435286124
1813.4916381773521,4326.530070112738
1816.9508139918191,4330.237973480046
1819.6938266778764,4333.303063386871
1821.1393181101612,4335.125042743146
1823.3202676217052,4337.503558531904
1825.521771470073,4339.771158456489
1826.3906871546799,4340.850501805438
1827.3234545118437,4341.955891705919
1829.1661788202225,4343.841786788242
1830.8633906966609,4345.385916359201
1832.2523406986923,4346.908042845272
1833.3704576387534,4348.236306680941
1836.0883391197215,4350.840758250198
1838.6581143761189,4353.133568157237
1840.0963944964792,4354.65570522004
1841.5142179491,4356.205768158786
1843.2005778409562,4357.730845903308
1844.8988737862953,4359.256025991382
1846.6898967195173,4361.271787034212
1852.3818426461917,4367.237339877752
1853.8247854795354,4369.231090577537
1855.0392245433059,4370.990987055835
1856.704966261794,4372.925829846365
1858.3394151127216,4374.808697939529
1859.6669420843548,4376.219896309804
1860.9548309857196,4377.570041153794
1862.4558342420112,4378.8734454155765
1863.9844820593457,4380.096757275258
1866.4049981100438,4382.367401609387
1868.4776427187835,4384.414342952597
1870.1663461522855,4385.859527445852
1871.645646349292,4387.150859381325
1873.3620190509785,4388.814997664554
1874.770249730136,4390.2780830689635
1876.9223777735217,4392.217014182752
1879.1876043409804,4394.185992165132
1879.8713645131318,4394.8515476959865
1880.4947739453958,4395.517191223398
1881.4769351418968,4396.675462808916
1882.4564969159105,4397.892685318728
1883.0800691943502,4398.577381003491
1883.4976785243935,4399.021143881311
1884.8253248610483,4400.213397958959
1886.2769117441585,4401.485774528063
1887.3877902400022,4402.623124804152
1888.4578614647235,4403.7045083165685
1889.539885283208,4404.703003328031
1890.393332994192,4405.421559389074
1892.002603835088,4406.662846319017
1893.3940585358127,4407.664395109723
1894.674806724496,4408.776742818171
1895.7689448437006,4409.714294627696
1898.4109351646468,4411.797264201797
1901.2226412035998,4413.791292439417
1904.7494549209487,4416.620756647933
1907.9379299449874,4419.147518226362
1909.3583020167423,4420.370815888525
1910.8278192144999,4421.693173742536
1913.277250946135,4424.102785365475
1915.648384496813,4426.5123820197605
1928.817663729886,4442.163053012009
1933.9368163628637,4446.847570330228
1937.7883436963887,4450.36058852461
1948.7567668083814,4461.321469655251
1960.7351714461936,4472.295536646526
1972.396860923473,4484.063850774152
1979.9132292572556,4491.817446780883
1991.6241928672418,4503.6359682011425
2004.4654836255709,4515.524463813164
2016.6372667863282,4528.378202039116
2029.0304562315816,4541.280979127728
2041.7388400318614,4554.778340257627
2045.8780038960417,4558.710207485399
2053.5159798437094,4565.958262763202
2064.9901015217465,4575.154636389587
2079.4767481079152,4587.4383913947195
2094.133102296473,4599.882102220422
2110.2417525059486,4615.617554825715
2128.122387314065,4631.158617980877
2140.8105159202732,4642.246982001771
2151.4433730978376,4650.145245575422
2155.8893384020885,4654.223161411919
2160.243746974619,4658.610777816719
2162.9914883130405,4661.273383356083
2164.7870269641644,4664.188637705896
2165.79962567357,4668.536503331691
2166.7481217654326,4679.535284716183
2166.345698035766,4681.08199389739
2166.02053316405,4681.670436743954
2164.453064147339,4682.3475755649615
2163.002394336418,4682.545150165303
2160.5886606044487,4683.056217561956
2158.5443294458687,4683.727265305522
2155.408081042226,4685.35036752775
2153.45140441133,4687.466292907254
2151.5426383292283,4690.710285100518
2151.0859001652466,4692.906544970669
2151.4849894439494,4695.429672623134
2151.575053373319,4696.548870863328
2151.351066608802,4697.087362865083
2150.3215030171987,4698.039431450915
2149.7797968281725,4698.353119102272
2148.6589674339125,4698.334913868145
2147.049517923512,4698.260541011892
2146.0310446528683,4698.143408435694
2144.579256071686,4698.130117256907
2143.937552947247,4698.4447804174315
2143.011708606078,4699.177924966492
2142.73086839204,4700.514791441326
2143.3590346038877,4701.763084331859
2144.586742662518,4702.3608515241685
2146.190074373112,4702.915810851257
2147.736897508382,4703.467765366033
2148.6445561690393,4703.806614261845
2149.5002743835717,4704.244501890478
2151.2504889636875,4705.277090683907
2152.5828761516304,4706.207743046717
2152.787386795977,4706.910217726632
2152.7811500438916,4707.550801162537
2152.9338265823612,4708.622932163247
2153.7737427949046,4709.920149914296
2154.518838629196,4710.465841341152
2156.9597811976337,4712.5368680510865
2157.7478739814624,4714.151773499115
2158.492957570641,4714.749533947772
2160.037165601754,4715.412410195005
2162.0088327472895,4716.3979694173995
2163.2280686706217,4717.538468668807
2164.027359281957,4717.606477477605
2165.275959687967,4716.5966055230665
2166.4187318910945,4715.166968218355
2168.1488079562073,4714.061147315976
2170.5771776104966,4713.020520333345
2171.6966467112493,4713.140670772021
2173.194113845644,4713.421900831177
2174.488345791087,4712.904498712942
2175.3034741589254,4712.331129215172
2175.8094618369523,4710.513626609623
2175.832816347487,4708.744991327975
2174.77616880885,4707.28483333943
2173.6701425169317,4705.666862187788
2172.9928412423665,4703.941060164245
2172.959530982248,4702.120443125838
2173.3486106729015,4700.894522319384
2174.1661884341415,4700.198163396978
2175.02452972823,4700.106489137526
2177.1217422466975,4699.595253933406
2178.2126730462455,4698.211490635744
2179.5661156483643,4696.4653009366675
2180.876176756033,4695.356394710024
2183.728281393335,4694.15896280401
2185.7157772076152,4694.186346430373
2189.870901724153,4696.05189032483
2192.4287131639517,4697.691241127536
2195.1835754063864,4700.517644675134
2196.971839082123,4703.050168571984
2200.061821018205,4709.197077995798
2201.971780988314,4711.363952717287
2205.1885590232446,4715.641506335646
2206.6085971610773,4717.963877321775
2207.072854035362,4719.78868310469
2207.1591142537736,4721.449415621838
2206.7061987864568,4722.943145173051
2205.5683723299403,4723.8951830397455
2202.7704475352903,4724.719860790562
2200.726338405401,4725.176141138588
2199.4777127124526,4726.28505875924
2198.714197043705,4727.827594423952
2198.480207997886,4729.756078384649
2199.110764839708,4730.730565892384
2200.067631639683,4731.220350388079
2200.9259713504243,4731.124588741249
2203.1327017881617,4730.564507497199
2204.471301318366,4730.574789116253
2205.916937507657,4731.187775906602
2207.4429841920455,4732.762855632376
2208.1855584038567,4733.727294854799
2209.631193916327,4734.340082703357
2211.1780451009167,4734.732250363799
2212.5191122858623,4734.535655288997
2213.284950377063,4733.789413506545
2214.1542545540765,4732.838411939229
2214.750339073451,4731.991085964024
2216.5887822207633,4731.156115882238
2219.003831998702,4730.328361327035
2221.424693450923,4730.359842290591
2223.510757870119,4730.75413147987
2226.1658883648283,4732.717197729527
2229.0315320454965,4735.382742435115
2230.233720571918,4737.642424426594
2231.178215019655,4739.642102192959
2231.9208607995874,4740.285752101936
2233.6253067340426,4741.010521454225
2236.2962296184214,4742.163337129788
2239.5362791926136,4744.610223627755
2243.126196275806,4749.352405833477
2254.93466547066,4758.040568844412
2269.551308830403,4763.383943768295
2284.1369765754416,4772.2075589152955
2293.9785122616227,4780.5506721031825
2295.9041415988745,4782.315682722342
2296.3398396952184,4782.710491599613
2301.381437720203,4787.333244644186
2309.0108863608734,4793.426415657691
2313.928393740867,4798.578610642745
2315.196940042081,4800.029758032979
2316.273332089262,4803.940059044997
2318.0160340937227,4805.863031746692
2321.4679137320168,4808.193091898349
2326.0272904135795,4810.730299536451
2334.816948637614,4817.744051727589
2341.4702977339043,4823.372383264421
2350.5378054494636,4831.04864749615
2363.3360411383937,4843.366436695118
2364.9972838816743,4847.911387483941
2372.079718071423,4855.858999024992
2373.0568328813497,4857.418010184795
2376.126432946772,4862.296071705274
2376.2260825864983,4863.356323326818
2375.308612609915,4864.308395765586
2375.02403701102,4866.125843226837
2375.016553047239,4867.02517401952
2376.016338501661,4869.385570712733
2376.858700561605,4870.402016798609
2378.3391375692204,4871.58250756987
2379.0729710349647,4873.35133009247
2378.90547542175,4874.260596164006
2377.9928707194713,4874.78095795941
2377.7108610421305,4876.009989494586
2377.754906410066,4878.13933204104
2378.352890749356,4888.864341167042
2378.401653521878,4896.215719582216
2378.0939957858304,4899.228348133241
2377.9889849492856,4900.272589459727
2377.325078070993,4902.9783035039245
2375.8605058318963,4905.845711608941
2374.2566253976297,4907.702932239227
2372.953465101576,4910.300560896483
2372.0630227187926,4913.704758369813
2371.3791374506545,4919.247415778827
2371.612836793748,4923.351327297546
2371.2147724134284,4926.758638817937
2370.4486496154313,4928.671925929636
2368.9853870430015,4931.329564352927
2368.490144735529,4933.135090217741
2368.477787312992,4934.84577443701
2369.0538919612027,4936.499547457801
2369.9972142251895,4938.317497352402
2372.4221164248547,4941.3776819449195
2374.089628967463,4945.121256825662
2374.7752576863695,4947.048068987362
2374.8565983969957,4949.238267554931
2374.743104667326,4950.837108731217
2374.2478615540886,4952.64552705126
2373.4892118176663,4953.708659111296
2373.3735100285585,4954.447966668848
2373.847626351808,4955.042684696139
2375.6591344550066,4956.0162787365025
2377.2455379512703,4956.620249163537
2378.6371742834153,4956.361745861293
2379.282631709359,4955.67842860835
2380.1435693452645,4954.455624921126
2382.4481065696687,4952.453743851425
2385.5663843308516,4950.3990987157495
2388.3968231775393,4949.191746859358
2390.802058803176,4948.733700826229
2393.1950527567374,4949.504753737957
2394.407013080886,4950.472217198051
2395.093996200465,4951.970311974359
2396.298402624153,4954.107923824983
2397.3056874196786,4955.458071768435
2400.847555965937,4958.789459161982
2403.744057493244,4962.761171855609
2404.21567625267,4963.988296461305
2404.5728718386426,4965.171602872804
2404.5679547086215,4965.809094522797
2404.671105043547,4966.872240182164
2405.1453464922406,4967.62386424015
2405.9927375870902,4967.842824758284
2406.952111876298,4967.849049765435
2407.803253540163,4967.756396967098
2408.501457685874,4967.763554219603
2409.921515782324,4968.995904142925
2413.72926580105,4973.137819830077
2416.3657844916534,4976.998451039598
2419.4630918419093,4981.984362400771
2421.3545182894345,4985.411300447023
2422.9208319772974,4989.524526639246
2423.236875202329,4991.699922371982
2423.5745857537067,4994.01028334998
2423.916856219246,4997.104070516778
2423.513746304671,5001.260689993281
2422.869337891944,5007.384888396169
2421.6027641203054,5013.186143915305
2420.8881713163996,5015.958873659007
2419.531034311717,5018.127763596107
2418.8732084051303,5020.204063474324
2418.7645990808974,5021.273240768391
2419.236223632597,5022.1267081868555
2420.349597568752,5023.094249971084
2421.7241229059246,5023.797025275752
2425.0258303581877,5024.784071203001
2427.091346629408,5025.283335035859
2429.956999801007,5027.0155937172485
2432.856080207894,5030.562686690914
2433.4334331417954,5032.164694636369
2433.3741809468675,5033.446548164435
2432.6574542689978,5035.408919408826
2432.278021445074,5036.367107686575
2431.9528126028927,5037.112446296142
2431.573296466442,5038.070634582099
2431.5659616211724,5039.019939615399
2431.9292160859377,5039.984200906611
2432.674227734615,5040.369219244365
2435.073341590762,5040.601642101523
2438.582283153396,5040.629463439875
2441.941916833643,5040.929062927579
2444.602020346231,5041.860991243753
2445.3603352456907,5042.445710524512
2451.698144122705,5047.349666102134
2454.285498750478,5049.771422833161
2455.8654649803507,5052.295963176851
2456.6842923315803,5056.144271761458
2457.1423278649004,5058.54753078426
2457.6014246682535,5061.369434761209
2459.4386787141157,5065.018107884218
2461.9580289047344,5069.939049234356
2462.517071191387,5072.613051981169
2462.878012568752,5073.466593011721
2463.0319700493465,5074.268012287221
2463.6230216826393,5074.1722055977625
2464.476548172997,5073.858715128737
2467.257301633619,5073.612550568016
2468.794491379248,5073.995680297436
2474.1048682694955,5076.341235835098
2477.234006662226,5079.025975697849
2481.0923332418092,5082.579315586771
2482.2412257203346,5085.259556412564
2482.215124591466,5088.399135321763
2481.8295566570982,5090.155707541519
2480.8527142320204,5092.228828863668
2480.839071689051,5093.667698209857
2482.1456602390986,5096.557850704943
2484.9902268657956,5100.634510776969
2486.678738585543,5102.2986534115635
2489.9755567008006,5103.664465758149
2493.800937208016,5104.177067431301
2496.204916314688,5103.927920818232
2497.230699840432,5103.354533232495
2499.27292174657,5100.592328134902
2501.2127425295816,5098.429386155961
2503.09224741946,5097.114890054908
2505.7190549937873,5096.336139017457
2508.8416574158405,5096.182143480278
2513.721382865552,5097.3514734446235
2514.8191479940083,5097.613600434158
2520.5856981005327,5100.391012790751
2524.27209794785,5103.161897403299
2535.5329040424563,5114.139495370335
2542.625783631335,5122.0282871184945
2546.555313446024,5129.180799792608
2548.335733334268,5133.573998468235
2548.984088654425,5135.18281532477
2549.859708398171,5138.1008923229765
2549.7507492006866,5140.439069401478
2548.807352770084,5143.510476434193
2547.187756010913,5145.799276714563
2543.8804427250197,5152.321458284314
2543.385220060686,5154.2868726799015
2542.781769653653,5155.833514025528
2541.5536520955625,5156.781399165753
2540.318469717104,5157.301760255541
2538.9833078514976,5158.090717987249
2538.224685693694,5159.041719988294
2537.7883493617223,5160.850345493714
2538.205643415627,5162.564135939589
2538.83027179504,5163.309721853207
2540.6345321182885,5163.703806234941
2543.4102351300157,5164.158296243021
2545.3131251852546,5165.282966065397
2547.3771105258834,5167.012155235534
2549.9275215705047,5168.47265146022
2552.3190863203836,5169.342694448186
2555.0852853670017,5169.74711153375
2556.995634641096,5169.491864028169
2558.199504150349,5169.332187544573
2560.7807198179835,5167.9430778820115
2564.24931051862,5165.743648690078
2566.4563234052066,5163.831658558723
2568.0129453548557,5162.9537880588505
2570.214728593804,5162.812434132683
2574.115769485248,5164.005572733784
2578.154943633976,5166.449796434456
2582.1919317267866,5168.013640436787
2584.8097478158556,5169.274467394297
2585.428400114934,5169.570288454394
2588.5862587131014,5172.30714141797
2592.104102416216,5175.046985174844
2594.740938393457,5177.570736557195
2597.893461353695,5182.42684919073
2602.1448085207835,5187.8908287167
2604.343065670195,5191.810545046795
2606.0922370760472,5195.567151014495
2608.293413887684,5197.6350369205375
2611.733603679584,5202.584297690529
2612.247382394012,5203.326865850756
2613.560955917131,5206.419827437218
2613.699956492619,5209.069785712008
2612.3654368377584,5211.7994416592355
2614.3280616133175,5218.787561936903
2617.6881827975913,5225.935959996784
2619.751491396256,5230.052447266826
2620.633232446516,5232.449845242396
2625.7874982463477,5246.062941808526
2626.766296439423,5250.023227594132
2627.951090099402,5253.051120101182
2631.03436119108,5264.680153636091
2636.0344458579953,5278.863676285585
2640.4754602694875,5290.648892893287
2645.0066744814817,5302.487003324506
2649.397275248539,5313.2880910630565
2657.475868744648,5325.443987371471
2661.25925207022,5329.576919492955
2663.715256065029,5332.658135199178
2669.0880741594015,5339.39155761023
2677.53310515767,5349.475196270497
2683.549164732222,5354.705894053903
2685.6752671590493,5357.623236233056
2687.2804935121994,5359.556213945101
2689.9255855319543,5362.430810250005
2696.6265834922565,5367.196081531706
2699.5771840357115,5370.540282843917
2706.0622343647187,5377.436828355788
2712.796097605814,5385.162858078524
2720.6144316466048,5397.479729599446
2727.819449526445,5407.461119481238
2728.9603540852245,5408.499626641997
2731.0251059942484,5411.636807594465
2740.0925171318727,5425.103154202751
2752.5703308373454,5441.9688205362745
2764.58939565351,5459.093119474777
2776.603846340711,5475.284284317328
2781.6511614294404,5483.188725803068
2788.932759320963,5494.590106436342
2798.960839872092,5515.205273443969
2806.542754560663,5532.679151976016
2815.9563586857553,5551.4086103696545
2825.200727453811,5572.479228727692
2832.3143691418177,5593.490377046116
2838.1300509206053,5611.9999511796295
2843.747130645698,5630.308676598047
2850.915897542607,5648.088200529045
2856.4221190062217,5666.596697993384
2861.0952826409584,5685.416665685931
2869.94692074454,5714.820914403581
2874.373677146988,5732.180994901029
2876.007249905256,5739.735747748114
2878.5464029687164,5757.766774278184
2881.7395857093693,5770.645880279958
2886.106214581462,5787.691142842597
2890.5565813649796,5810.421109023406
2892.5985699174043,5820.788900580688
2893.367022661603,5827.047263023766
2893.2737266661316,5836.985792614007
2893.5397867448055,5852.819776054149
2897.089368148323,5897.002123541548
2897.3751347354096,5903.36427968955
2897.146658451946,5910.443872882348
2896.157169319311,5918.735283022522
2895.7910080633324,5927.682329637326
2893.9541263696156,5947.729465186128
2893.403112563777,5954.993796152785
2892.9765375214947,5960.592361700701
2889.280425537441,5975.471858289961
2885.554497016009,5985.459073688748
2884.498731321361,5989.951437616825
2883.9559955956697,5993.858231291486
2883.5410431477785,5996.904830679748
2882.8000444946892,5999.3077538050475
2881.424553101162,6002.126239332518
2880.5455199219045,6003.398968656782
2879.931204107619,6004.994663857849
2879.480643796944,6006.279491489242
2878.7504513045956,6008.833238204917
2878.117848139398,6011.300232846984
2877.7041146271736,6014.186836028812
2877.314997743733,6015.41392768159
2876.865705707828,6016.367989183484
2876.0975520267684,6017.21213200547
2875.553278204081,6017.908414539174
2875.0065399015534,6018.752623677163
2874.613771488754,6020.191480820541
2874.2689090269805,6021.906955419375
2873.9797751436627,6023.136969817317
2873.0244340061417,6025.905508408538
2872.4518125920645,6028.743287292526
2870.4598705371986,6032.516783806703
2869.8405419375717,6034.700895754854
2868.710401681469,6038.4417328885775
2867.7993725749625,6042.0737099617445
2867.3487696942984,6043.512450449444
2864.210574251509,6052.4737355818625
2863.2513625156635,6056.207542217705
2862.4611332401696,6058.610452453391
2861.875232499818,6061.497105000642
2860.89512509009,6062.818782750339
2860.5060062000803,6063.786029812216
2860.3768655459944,6065.012002605201
2859.9359101065206,6066.2908492000815
2859.0482006686393,6068.423012789283
2858.596364214479,6069.808786812693
2857.663164390166,6071.401296567876
2856.98989684308,6072.845956336981
2854.1235762561446,6078.32300417761
2852.216422206236,6080.485688184344
2851.7178117527474,6081.440933305493
2851.4394606656283,6082.349062639674
2851.263476037618,6083.098522161315
2850.9902061718353,6083.477087179708
2850.495279869056,6084.111441891738
2849.9486775250007,6084.798747872366
2848.538803271915,6086.277303985561
2846.0775611953804,6089.616061739676
2844.043587568619,6092.797942074772
2842.1757612515817,6096.042015414481
2841.719094452788,6097.970322034918
2841.2216543838063,6098.925468320548
2840.671335051683,6099.769578695056
2836.5849343650925,6104.216964698486
2834.410583880491,6106.009007060696
2833.477308983491,6107.598526761249
2833.036472591757,6108.775431521105
2832.3680508874895,6109.940399159104
2831.723966797815,6110.364939402593
2831.244906606502,6110.41068271572
2830.9114469149117,6110.568586458711
2830.6970552674225,6111.097989440002
2830.5223402495863,6111.794483189336
2829.973212061596,6112.850460787659
2827.6831351599626,6115.121164653247
2826.386494299216,6116.121961095127
2825.203279519708,6116.531281242168
2824.1788771417673,6116.681900043411
2822.779147920152,6116.610467884678
2818.4778945990756,6114.393986748868
2817.0471030542567,6113.522162729461
2816.502899281557,6113.727884604552
2816.1707141109823,6114.094463524856
2814.412302810429,6117.662358690912
2814.0739002251844,6118.456558551482
2814.0713392153993,6118.937147058135
2814.4838962695344,6119.701741884506
2821.7770877953267,6122.812548091118
2822.226220995782,6121.795442644357
2841.47431271194,6131.839422946287
2806.491341881033,6141.681625948477
2768.3775401463718,6152.40543136159
2767.1424734117795,6152.92566430164
2766.755952196766,6153.612023661509
2766.322487753555,6154.148546979206
2765.2895858294223,6154.560810476617
2753.987559026477,6154.554573785974
2736.3889545807397,6155.357014375159
2730.8184691798,6155.531287433092
2725.8775062752916,6155.689782395578
2720.967040373628,6145.9987021760035
2707.499840003915,6119.443191361202
2693.806398838266,6092.2770752991855
2686.1363765158235,6076.761712559393
2684.9080656356773,6074.291292487334
2681.6746669620643,6075.744227282044
2688.020458063246,6088.328399842222
2704.270132018354,6120.575427605139
2717.5964446127637,6147.198822975374
2719.4153748437698,6150.8136319677915
2720.602312444677,6150.19442856337
2723.5723904786446,6156.080742514702
2706.6179689638097,6156.68861088788
2706.325232439858,6161.614718195421
2705.8391988084722,6169.54260880431
2713.226966761473,6169.914359673717
2744.090232210121,6170.804399355974
2767.506626024569,6171.371699419438
2806.14183608122,6172.214204647276
2805.120660472422,6190.207277572238
2804.4638834383136,6205.263555933571
2803.7824211817074,6218.549187983769
2803.7590014513326,6220.157030728004
2803.591572470982,6221.0662912162625
2801.9653611105846,6225.273617044047
2797.1625779884025,6238.822882494662
2791.2202537678545,6255.674300403293
2789.5410404379077,6260.52020447877
2789.21593749496,6260.947633183799
2781.8778224934,6267.758344829941
2770.5716638654076,6278.202162834334
2763.549345189631,6271.181522045735
2758.0083705151737,6265.305429185771
2747.4447787559047,6254.906293267375
2742.954141271291,6250.290535310436
2732.291917466006,6239.72849848205
2721.9869848054473,6229.330561701127
2719.093168949092,6226.236036288526
2716.2403065325993,6222.923771880458
2713.348931440674,6219.4476103223615
2704.4968933670475,6208.914145286619
2700.588901988589,6212.341410069054
2710.7008051083576,6224.345123815072
2713.3960593515026,6227.220741962532
2717.2994458751223,6231.513533078134
2721.034390474458,6235.593414360883
2722.8405102533434,6237.229704985715
2734.9298078753936,6249.412954141676
2734.112248408699,6250.36492289318
2740.3994547370776,6256.737863417757
2761.415920985605,6277.684825156054
2745.2385028191025,6284.200267469243
2727.2748676777624,6291.700448340038
2709.916743129815,6298.575309229734
2712.5027507869113,6304.935219519764
2712.5362548646845,6305.686636154429
2712.213591724858,6306.062198831518
2711.301081984785,6306.367771041967
2705.173282428679,6307.135406738642
2693.745943924658,6307.92759434519
2687.588289402314,6307.7291664341055
2683.2469158083436,6307.720771822119
2679.7588378277396,6307.56000143177
2672.2270519545636,6306.266857108963
2666.8303924723855,6305.002340131809
2666.082998406031,6304.567527613998
2665.87360250312,6304.284681895292
2665.30714017645,6302.9494878391815
2664.941380724006,6302.246955890771
2664.304832752221,6301.751227774681
2660.6725946315637,6300.79183603194
2658.6495204519215,6299.952888272554
2656.994744576804,6299.388850468879
2655.597413068491,6299.188767420285
2649.0247617966634,6298.253605227689
2647.697252056025,6297.861526267758
2647.432565153903,6297.429840621764
2647.4374851760076,6296.838132524468
2649.495854295481,6252.913251294201
2651.3426941617786,6211.65619411837
2644.4495787937403,6211.679332490639
2644.64437670026,6207.7014073025275
2646.2058958379735,6193.301813360503
2646.0125573656474,6191.370226069586
2645.7083272570044,6190.568661435334
2644.755324147201,6189.690111800068
2643.5794393374545,6189.3021648848535
2642.623911562695,6188.80216113455
2642.417003806351,6188.260668252476
2642.4256533629896,6187.459189729218
2642.6041136773474,6186.4420014120105
2643.712563676122,6173.490135517593
2645.55134089057,6135.412769256794
2645.6494971008487,6133.253436312514
2645.4463015091087,6132.562820118193
2645.129883127884,6132.070173949316
2644.1704887952556,6131.953004555863
2641.9197368921186,6131.911389059997
2638.7602714866102,6131.975457752298
2638.2184352235527,6132.391061648492
2637.990852199647,6132.979516555682
2635.6806127681766,6165.43122688487
2634.313749620801,6202.883201788281
2634.2605836567436,6221.163236625468
2634.282368340731,6234.244289482764
2634.1324529370854,6236.475527501011
2634.0756017775666,6237.451852389767
2633.558811307531,6239.380152805281
2632.62554210972,6240.812787552279
2631.1555268927423,6242.07849562204
2629.91808492159,6242.808517153107
2629.2174956296494,6243.012211909293
2625.4284833446463,6243.032123644464
2623.5363553108095,6243.043576949826
2599.014052340076,6241.958832014615
2556.7108737746275,6239.806083109102
2552.181750908432,6239.577053604203
2519.692786475172,6238.061679386153
2505.1208939168914,6254.911015980998
2481.550528811346,6282.19615361805
2473.7451929531203,6291.021305750958
2435.7915340233103,6257.847857050526
2403.078443917451,6296.065529820685
2440.8744833383817,6328.97707055064
2425.597337923406,6346.469730102621
2407.678814068452,6367.240493441872
2401.2774324251964,6374.667280613263
2415.8991560297377,6387.540127347739
2416.925714596777,6388.298775056537
2417.3455980274734,6389.213177587696
2417.0274465096395,6390.289286749879
2415.9559344953755,6391.739962593441
2405.032667299721,6403.691013123881
2401.8001142943504,6407.381506942238
2395.9368140803567,6414.0748802726475
2388.6702582271805,6420.645018014844
2380.284044209494,6428.714805903088
2376.9447311162253,6430.877430221606
2375.661495107626,6431.354710018681
2374.521816568636,6431.0956801971115
2367.038188192096,6424.592710123447
2366.2549126213144,6423.785150947956
2365.738359447186,6424.33064945369
2362.0766083157923,6420.940286673632
2357.6099484285824,6416.801313049069
2346.8399708102506,6407.367932860363
2344.884536749698,6405.654670031856
2340.387678828756,6401.746615477168
2331.5213565108647,6394.060316759117
2332.483340786117,6392.698481062956
2328.6795792671214,6389.429091940646
2325.6518695602254,6386.831400562609
2311.8096769408407,6374.943997115821
2307.7784486473956,6371.480749860262
2293.9771285569095,6359.494531185457
2284.179391365518,6351.001785409101
2281.568106816243,6348.729786891172
2276.2949624679286,6344.175007170325
2276.2291398845823,6342.665095008018
2275.9956992929847,6337.09237728964
2274.167580617208,6336.836089156007
2273.474342330399,6326.4898870098095
2271.2192219973804,6293.920097409953
2268.759709794986,6260.256117935416
2267.8166340267458,6247.608555688565
2270.5292859807696,6243.789219032734
2298.9751445051043,6211.097851367632
2325.6574017651515,6180.188751749949
2347.3481427111465,6155.1892167733
2363.7883820799284,6136.186727722552
2365.3222754798953,6134.36938436388
2366.1682854378755,6135.038108361754
2368.795365555244,6131.9582160970995
2384.284644691673,6114.138548026621
2390.849879299054,6106.582019986375
2384.22645200779,6100.775699083448
2383.10493925431,6099.799280254781
2359.4755543553338,6127.010682853847
2359.101229048798,6127.426243836106
2343.318332659274,6145.5844283270435
2317.092252000884,6175.85798859434
2313.1733522021245,6180.395611146493
2284.7766392212393,6213.24784174468
2283.99050978625,6214.162949151834
2269.700754966984,6230.612018273041
2266.2273525494984,6234.604140007978
2256.380257554666,6245.871234486853
2257.582097222509,6263.701999384105
2257.6360932024445,6264.413419942191
2259.2633314530713,6284.967126379422
2260.4550555687574,6299.989963606442
2260.679360047174,6303.289404999082
2261.593239650683,6316.960282916651
2262.9186608907116,6336.55264201633
2263.337229374741,6342.766986851075
2263.687244619927,6348.778626187894
2275.9386463633155,6359.512188471722
2299.318773419336,6379.7414094907635
2312.5351729188556,6391.162917607736
2317.178891767042,6395.221914303994
2327.506035819163,6404.229525968853
2331.1004359006793,6407.364103378433
2347.0123376085044,6421.244321951131
2347.4395378818654,6421.608110178308
2358.9181671511756,6431.504399538522
2357.582976686838,6433.191721043697
2355.845733621761,6435.428759298812
2354.6200655509633,6436.999202536954
2354.413931168189,6438.025367161935
2354.4136934206845,6438.995623173006
2354.7903216916993,6439.689168712193
2360.1679149437928,6444.706652499086
2361.7789794309447,6446.860424153133
2362.525795845588,6449.655467847613
2362.5818963800493,6451.275201827115
2362.470808095028,6452.6741507408915
2362.1746156600198,6453.40154558528
2361.9289398465075,6454.021024706538
2360.3205758486347,6455.1476907970955
2359.6185444217904,6456.552479599662
2359.729052578798,6457.513885179591
2360.213930152541,6458.167458277447
2361.020274013397,6458.484358560581
2362.681243333661,6458.595687252089
2363.8101773493904,6458.756859508169
2364.5153475047973,6459.18176311172
2365.2120589457236,6459.7274604192935
2366.8283593979513,6460.260416797601
2368.7072538218727,6460.267961734159
2370.109551159308,6459.888563868301
2370.733068509234,6459.436057782787
2372.63625557249,6458.062588026199
2374.138475692633,6457.573292289223
2375.3817945335795,6457.523725045191
2375.9691931326142,6457.678680270533
2377.2038825975155,6458.439370229189
2377.579308569656,6458.923045019069
2377.790834496422,6459.724578543588
2377.743761788138,6460.75377451476
2375.1576514210587,6463.873774886017
2372.148984166212,6467.108582258341
2370.960483159078,6469.578367402035
2370.910851488649,6470.496741921859
2371.014149372292,6471.249172239604
2371.7205867373646,6471.9447948023135
2378.170944342479,6475.338743684189
2381.1278608877587,6476.852364970429
2383.274842512546,6477.392438002464
2384.395486061442,6477.321794529629
2386.0143594870046,6477.2232454371415
2388.4408449646394,6476.694381610593
2388.9788220086066,6476.910271845791
2389.195460452832,6477.283086774499
2389.506949012267,6478.142499701928
2389.6173153456602,6479.32554734986
2388.972644269414,6482.289122096386
2388.701555818412,6483.746982519006
2388.644435444406,6485.576659729739
2389.239537194767,6488.6423860910745
2389.6167762007467,6491.224576132059
2389.3515222018714,6493.383771508285
2388.643844630934,6497.688352955607
2387.9419231922648,6498.982219182607
2387.3003027723375,6499.415667668075
2386.390319345834,6499.409456808966
2384.7173698326806,6499.513977353279
2382.727767501787,6499.729340313516
2381.065608198231,6499.734913404577
2378.2637358200145,6498.979819977245
2376.708666878007,6499.247161053094
2375.953914584716,6499.890553460217
2375.5793514296256,6500.648850683005
2375.4708867450945,6501.557136058044
2375.4116444753276,6502.528474815103
2375.5244707303996,6503.556613132374
2375.7842488991478,6504.628776970822
2376.269151900171,6505.16554513382
2381.8656524932603,6505.92133000476
2384.6590627863998,6506.464655769861
2384.875590518483,6506.945299002396
2384.8212819242885,6507.53689540688
2384.6068905492216,6507.86361915611
2383.6970473014458,6507.968329202561
2382.2466440358976,6508.183825979589
2380.408533455716,6508.989739609008
2379.444310073789,6509.639962550068
2378.796629352648,6510.286273957754
2378.4197303990695,6511.041578049988
2377.0267605216545,6517.600213131301
2376.2698646996832,6521.85490908484
2376.587214355066,6523.309823201977
2377.130939000007,6524.2342296430725
2377.666442496091,6524.656099832297
2379.7050421398576,6526.064558019406
2380.1874298749713,6526.979972063748
2380.4086518693352,6528.049233805539
2379.545971380306,6531.82311434584
2377.281617037388,6538.224629133338
2377.493115675238,6539.466753028339
2378.4077079846966,6540.055496960467
2379.274199980898,6540.431464970841
2379.647093311426,6541.355929047858
2379.540724860443,6543.235468653666
2378.4602038221265,6546.784461741324
2377.3824491548626,6548.937471706788
2376.2581658423364,6549.586757677825
2375.1267430144385,6549.747273078091
2371.358382742134,6549.4256504894975
2370.2884216397706,6549.425386612233
2368.7307389691487,6550.17341763473
2365.825972093149,6552.1691738357085
2365.173462326347,6553.463053991429
2365.012957913725,6554.911965054108
2365.231757111073,6555.996188202392
2365.764744977317,6556.80069339457
2366.626279496574,6557.987018020784
2366.8991867516806,6558.948264305492
2366.2464710383924,6560.401941871501
2365.5506666650795,6560.947396372708
2364.2591693441145,6561.155952566896
2362.6428857515843,6560.6228967902
2361.6740148610484,6560.514730552447
2360.7665658344085,6560.406679246739
2359.683297310482,6560.5673080346605
2357.4794440696523,6560.9394287105515
2350.656190295775,6561.263537294607
2348.341598116756,6561.9624099330185
2347.104091620791,6562.871517206573
2346.29143753567,6564.165259812409
2345.381115800573,6565.5699990360245
2344.0304650440476,6566.7468047910625
2339.191149654724,6570.195935835922
2333.27725543816,6573.097287469067
2329.564793502123,6575.625517091581
2329.2418922951697,6577.082269595321
2329.3476364067274,6577.735849142333
2330.3198860376247,6578.7032488286195
2335.2118984971466,6580.904794024161
2340.853695829961,6583.281383853507
2344.511411546878,6583.492146639598
2345.965179095017,6584.144957998583
2346.503029280672,6584.517850422672
2347.315224651787,6585.436335874114
2347.737577993981,6586.138869843267
2347.847921820376,6587.429945106933
2348.438593002805,6588.5052813699685
2348.811529469386,6589.257777454523
2349.082046665465,6590.440863959844
2348.70493323886,6592.437343190931
2346.824576770296,6598.521259695811
2345.3135637606692,6600.939998122198
2343.9159277975964,6601.799092658239
2341.653080936985,6602.180179976666
2338.1624533178597,6603.31048139545
2332.354735544857,6605.511323922184
2328.63783647769,6606.428710024888
2327.513591262967,6606.9620936851625
2324.983942732335,6610.460867964629
2324.36735402371,6612.334300050774
2323.3740190847952,6613.676977649146
2322.701099743059,6614.170471706852
2321.688797951189,6614.573910453335
2318.2030962808985,6615.031714098006
2314.066143707998,6616.108901837191
2310.240843509227,6617.7257073692745
2308.4148280491922,6618.319871146461
2305.564780322682,6618.475992246714
2305.030215169522,6619.021489845365
2304.973466107894,6619.720914639797
2305.244109615846,6620.7443022073585
2308.3054647912572,6623.000256847473
2310.506733191343,6622.898842427132
2311.0509381295706,6622.52331936381
2311.3760487323684,6621.9248051314735
2311.425531311205,6620.905584060408
2312.3380554265445,6620.363269934952
2314.219198799945,6620.258786902142
2315.1399235182303,6620.317960131185
2315.783680382516,6621.014561126778
2316.3658005942034,6622.94922909853
2316.9095015216612,6623.97258305056
2318.3114471834047,6624.943177379783
2321.7516513832074,6628.333471008078
2322.6674614596814,6629.0421080442675
2323.8937540492525,6629.25227583511
2325.3561288572114,6629.144701293077
2326.616332638197,6629.233882378061
2328.745344778978,6629.413347197224
2329.4400431874474,6633.400474062519
2330.026405661381,6637.442536327465
2330.292023505195,6639.217231192641
2330.2911745287756,6642.717615064586
2330.238070392027,6647.994512012947
2330.347625607727,6652.887814634126
2330.5586896109558,6656.280321770865
2329.6999120460887,6658.541318685275
2328.993300804482,6659.295647230568
2327.920755877747,6659.677026269339
2327.0059835642396,6660.210361009187
2326.739835949863,6660.967788816365
2326.9021492047614,6661.667266549453
2326.788799204009,6662.0988520802675
2326.579488382707,6662.144885358026
2325.8187189909218,6662.200560580506
2325.229028073696,6662.255479246647
2324.695712362877,6662.471206626644
2322.70264082703,6662.683588746465
2321.35923929897,6663.283751895922
2320.6091568754814,6664.355770431432
2320.170807942087,6665.273951892194
2319.526775483871,6666.078170638476
2318.6732973872977,6666.450725928887
2317.966726193173,6667.045058260084
2317.379176857434,6667.910237271533
2316.5173804989345,6668.171770357251
2316.0876947194197,6668.119797458357
2315.6520904564486,6667.693964719782
2315.2826008463076,6667.530985965308
2314.901112243089,6667.638822271833
2313.3986116420438,6669.095291511603
2312.106843595218,6670.4939573787005
2311.294314806927,6670.977344076084
2308.399615117937,6671.565365825218
2307.799102478175,6671.5101603171115
2307.101096668364,6671.192193151184
2306.8845325420475,6670.862371706992
2306.5704728262917,6670.2797634623
2306.2432510114622,6669.947022767793
2305.4959124639395,6669.679018028665
2304.412642566674,6669.90059957674
2300.277872410619,6671.727206440884
2298.8153298409893,6672.91296934062
2297.856899646275,6674.206781129921
2297.4751419718827,6675.441779299809
2296.8246466962087,6677.807764704558
2296.0744769417347,6679.26142399549
2293.0058061166023,6682.545219434049
2290.1551675853148,6684.910780513011
2286.878286371527,6688.194528331466
2286.7203307909895,6689.161654961785
2286.8237141989293,6689.923161769612
2287.2484437583335,6690.458814034054
2288.382063780555,6691.158522302127
2289.4060730313154,6692.015109438331
2289.6682540346023,6692.82852346698
2289.6185431719214,6694.116567677314
2288.481783798725,6697.138984410234
2286.8694807877896,6699.945531526926
2286.733251556332,6700.792865048021
2286.6017432279873,6702.141736592337
2286.619535652174,6703.472688873714
2286.8274231949517,6704.843785387211
2287.1291866486704,6705.898002350818
2287.5225429986012,6706.760523951088
2288.429757809941,6708.147647000854
2289.1793166035213,6709.2439648842155
2289.6123862069253,6710.147492786612
2289.9659902873636,6711.129703574333
2290.0789606917774,6711.931211988017
2290.07396541263,6712.581672638627
2289.9473538223397,6713.342027477322
2289.6992360905283,6714.100358404503
2289.0214111244504,6715.255387684911
2288.31232763723,6716.259489654867
2287.526084709196,6717.121531042451
2286.7677530039214,6717.823881328039
2286.2259742884107,6718.200403886616
2285.674705782595,6718.47717542753
2285.071735640964,6718.590945194628
2284.453014172963,6718.615735334173
2280.619974084587,6717.523673200251
2277.0396644846765,6716.272772646615
2275.892840187398,6716.013752703769
2274.923979034256,6715.926542431145
2274.594166610977,6715.963371435284
2274.402708691649,6716.040332196133
2274.291910432475,6716.281099551711
2274.35936213029,6716.539863868571
2274.6071273332022,6716.912683708916
2274.993413960615,6717.325435857386
2276.6060210502437,6718.139268996902
2278.3076400193836,6719.085889147517
2279.28111088301,6719.791643091925
2279.957350100631,6720.389298696967
2280.2040374767485,6720.731096560441
2280.312297155592,6720.989870592902
2280.309793538495,6721.341683977796
2280.2062586190727,6721.569485649825
2279.943741860954,6721.819194349594
2279.544138115774,6721.963037083982
2278.004805492251,6721.842774132851
2276.198412111484,6721.426593280618
2273.7132201604027,6720.646568112081
2271.3604528950204,6719.92462866503
2268.605590778377,6719.292468552711
2266.020460889234,6718.700348508835
2264.2212817670766,6718.475090790098
2262.39303713415,6718.351769825643
2259.6813698995593,6718.56698839737
2257.026171139672,6718.90511149021
2254.894635187183,6719.246250857036
2253.103597702245,6719.532608662787
2250.324390260222,6720.579220188298
2247.57397658347,6721.61676210728
2244.81772757943,6722.272564839364
2242.6764936390377,6722.693802926327
2242.385127201266,6722.841562662844
2242.2117527066575,6723.03044642476
2242.1984853996514,6723.381160070358
2242.186398549811,6723.679904872211
2240.9790788070395,6724.462052840835
2239.3636560011673,6725.337071749068
2238.7087488977463,6725.940399381528
2238.2825900836383,6726.51984060833
2238.058553356574,6727.096436190923
2237.9729425521286,6727.76483289493
2238.400888529381,6730.260048745587
2239.1451189919294,6733.46774415905
2239.345542750751,6735.737973557505
2239.4269129646864,6737.867529440284
2239.5916506947055,6738.569998802368
2239.778128339405,6739.090631190005
2240.0631829720273,6739.525402840207
2240.351957017724,6739.756288842344
2241.0379387547073,6740.092203169123
2241.8851541675217,6740.41020036747
2244.171888035067,6740.860301746012
2246.2912692597324,6741.085630537818
2246.7113333822463,6741.230663698704
2247.048191556505,6741.393532466329
2247.215479865677,6741.535514101669
2247.255165705654,6741.695320941722
2246.280097853107,6742.465552705666
2244.972904553592,6743.1766557108795
2244.6900017468392,6743.5343885661005
2244.55748690816,6743.861134661563
2244.611494638663,6744.514701355055
2244.7978749068143,6745.093287864343
2245.358561231982,6745.928715200704
2245.895278886097,6746.483344112078
2246.091264423403,6747.026023333898
2246.186257281043,6747.635610398585
2245.754984495127,6749.031394228193
2245.160065936049,6750.768978972719
2244.9456681361876,6751.166727081143
2244.654429987731,6751.483261743249
2244.0717894156237,6751.748058501075
2243.4399444230835,6751.874791485079
2241.1231238220425,6751.624380338241
2238.7258300910576,6751.124180030444
2237.5583435295757,6750.733291931673
2236.6642495629026,6750.326308282602
2235.08184943583,6749.173941421447
2233.3936142717607,6747.737565429158
2232.2106788536544,6747.028774991795
2230.9145502085275,6746.457911013149
2227.2572580266897,6745.037138884455
2223.738330659328,6743.606425279169
2222.810485841298,6743.350454780164
2221.963228452385,6743.212406075188
2221.101415730773,6743.224176765098
2220.4214188347155,6743.349902642979
2218.7037951190273,6744.125850896911
2217.2448268041994,6745.102852924145
2215.221519066467,6745.515047197663
2213.099612332688,6745.748369618822
2212.3268712353247,6746.000955182519
2211.654086669928,6746.3365548001
2211.082251577886,6746.792075733608
2210.6969275711476,6747.266591863354
2210.2285225712026,6748.304769333164
2209.9213661572717,6749.25989314454
2209.699643332376,6750.670788839121
2209.546523662907,6752.057760603244
2209.559404575453,6753.018942924613
2209.660327327089,6753.980344988497
2209.9153392865824,6754.781685660965
2210.3063103322115,6755.51433069047
2211.329113665412,6756.534696824439
2212.3807239882162,6757.484347809814
2213.63348128152,6758.312950198159
2215.0282798298845,6759.114653298359
2216.512074362247,6759.758474785406
2217.826239210251,6760.2794666003765
2218.896107849183,6760.578361384456
2219.7445995864487,6760.785436273241
2222.775184520715,6760.669230974683
2225.7347442727005,6760.585927290762
2226.7240450231793,6760.68211474126
2227.4233453440256,6760.799182341807
2227.8504745120485,6761.064114371644
2228.157319963158,6761.455899003136
2228.420675357977,6762.617135765793
2228.6695005624856,6763.819266170448
2228.904051039645,6764.320857492649
2229.260206461219,6764.755645321187
2229.858296161746,6765.159467412793
2230.4251277688027,6765.406377436225
2231.134016068778,6765.560454334139
2231.813973694438,6765.597618978626
2233.0597772874385,6765.095274119177
2233.985517284777,6764.343981798097
2234.4560529394894,6764.1992559131295
2234.887007294304,6764.162449041973
2235.356312346074,6764.285448677795
2235.7534754211065,6764.578204008539
2236.3198929585583,6766.245038371584
2236.605989512405,6767.936944240402
2236.91996171521,6768.541494995881
2237.2965632543333,6768.972297938552
2237.8633620822543,6769.358158459993
2238.610688239696,6769.654087646871
2241.692874357387,6770.480227197641
2245.16018090389,6770.989555757643
2245.639156565038,6771.152557425632
2246.015799187438,6771.405508615264
2246.262488583905,6771.738228490607
2246.368288055417,6772.169965998942
2246.198255422953,6773.416985713116
2245.798377552298,6774.744847998986
2245.4707769256934,6775.6821109043
2245.1360488037376,6776.408403456107
2244.658064066393,6777.0057871188355
2244.065786328382,6777.449331479933
2243.0811785899396,6777.99173513099
2241.9365320946354,6778.4411356768815
2237.9271590158723,6779.577437451387
2234.065850184092,6780.987386258705
2232.852655623841,6781.227997728904
2231.751329021128,6781.285596279612
2230.834302468634,6781.1774552161
2230.11456655613,6781.023475574939
2229.248097623316,6780.616498999782
2228.480285065827,6780.138723730515
2227.2794133908055,6779.060260674467
2226.119519063977,6777.969837401385
2225.225378622429,6777.412034604707
2224.2277259000334,6776.992060775287
2223.0807611165346,6776.6440711520245
2221.924267254125,6776.36311065861
2219.7952969698604,6776.134792539723
2218.2041353157274,6776.072481238159
2217.666103641619,6776.149263422435
2217.2327952432597,6776.264074082224
2217.0209555402726,6776.432899934192
2216.92102245002,6776.611726476775
2218.309358978368,6779.003324647833
2220.136854805596,6781.958405654534
2220.628897540457,6782.993812073731
2220.950056630047,6783.918158625181
2221.2312043280804,6786.089455658782
2221.2740347786803,6788.169926228438
2221.447201565964,6788.872497028609
2221.7117807658806,6789.4331464187235
2223.191834230462,6790.714462668824
2224.822442485818,6791.959804683392
2225.3867675641463,6792.573589912146
2225.7741052650986,6793.12818316525
2226.8892172516744,6795.876421081632
2227.6540427562954,6798.794350417327
2228.058235688426,6799.71572400916
2228.4816724729985,6800.421345421734
2229.5994534486313,6801.730508369856
2230.57041774681,6802.787971157979
2230.787034344526,6803.249658867532
2230.8748271999284,6803.601393514022
2230.702569357571,6804.020098999378
2230.379955226423,6804.337724070084
2228.6393602019707,6805.2526153600065
2226.9614028734463,6806.317443920292
2226.6316535660653,6806.456217858416
2226.3018587786364,6806.431204273918
2225.505219476145,6805.756618168733
2224.6449073245963,6804.718133768468
2223.1804389820854,6803.8954658516095
2221.6268092103087,6803.223597735203
2221.13219434659,6802.850821919891
2220.814580318869,6802.477887524724
2220.3384126655724,6800.641302376942
2219.9644694292438,6798.820501173552
2219.890016757541,6798.157952451728
2219.9647400177405,6797.649450327636
2220.321158807825,6796.941016929045
2220.6258348335937,6796.2446411891115
2220.6621054228026,6795.656131658328
2220.5876343076125,6795.073481720464
2220.33982690228,6794.521813622294
2219.9536385735587,6794.048117129999
2219.3687379228722,6793.634323802078
2218.780325544916,6793.249556602402
2218.2965966321763,6792.712796428514
2217.960921317531,6792.131183474473
2217.1912362210423,6789.6438693800455
2216.6839360834056,6787.099759045861
2215.4519789853307,6784.7511888478575
2214.465495771445,6783.303008001504
2214.6534160141036,6782.273942957488
2215.2037343983093,6781.026012813142
2215.197842913865,6780.518389831354
2215.0619088841004,6780.1176675894585
2213.6926602566077,6778.545510636478
2212.258298054168,6777.063312306635
2211.610904659038,6776.588558571423
2210.90456707536,6776.231694394307
2206.5766212170365,6775.725073303456
2201.8420196333614,6775.194321551833
2200.832253824334,6775.188105388357
2199.990864300713,6775.310803305832
2199.468492835094,6775.513572820102
2199.0556744376263,6775.800256160695
2198.7642642930923,6776.148911288103
2198.601715202493,6776.447721500465
2198.506528218617,6777.039210092956
2198.522062129896,6777.716707470873
2198.7950158193003,6778.521144189631
2199.147443959473,6779.201611351773
2199.8405562667745,6780.098112626714
2200.5854428908715,6780.844703364824
2203.0594542596336,6782.665984832719
2205.0486884697834,6783.781632488282
2205.443212309076,6784.6659960808665
2205.533268089153,6785.707194687553
2206.136089364244,6786.582728465284
2207.0180517707445,6787.47917386259
2208.6570480857695,6788.912441781435
2210.2959133374343,6790.187807608997
2211.424542299726,6791.516122689309
2212.494152208918,6792.924323102242
2213.173945138407,6794.0305940184235
2213.676778845878,6794.954982166007
2214.340790534647,6796.822731863406
2214.845853103418,6798.5755343703695
2214.9876702995366,6799.518891446304
2215.0127856801464,6800.25823533569
2214.801805436872,6801.407392640496
2214.4321010071,6802.553421174301
2213.7108140739947,6804.066145092076
2213.0895500323404,6805.371913334972
2212.975013860518,6805.910530487309
2212.9905989533527,6806.361199156187
2213.238466101997,6806.654018953699
2213.627134656427,6806.865974897199
2215.898324128665,6806.626702063028
2218.1923659065756,6806.084597676779
2218.7929562018876,6806.130720486395
2219.4500018806284,6806.355705963313
2220.8724917023037,6807.188438245476
2222.3645942449884,6808.319834739915
2223.1925158407444,6808.685805039303
2223.890545210842,6808.870801026958
2225.0688645473597,6808.941995099929
2225.8908927765196,6808.810317496923
2226.190543655873,6808.912230415339
2226.389125667107,6809.053221458435
2226.5178284004037,6809.325066750756
2226.543051481953,6809.595790841287
2226.075865441495,6810.421103968122
2225.109174234927,6811.453080748798
2223.6068158261032,6812.811710773316
2222.0877240670575,6813.997472498635
2221.3303734160736,6814.841671056856
2220.6032138647442,6815.765775448968
2220.095198016332,6816.689930508206
2219.7050037408885,6817.666081919683
2219.089184247331,6821.052411579942
2218.9512628957455,6824.200950701437
2218.772979105027,6825.060345235231
2218.4454036252278,6825.907535964447
2218.0613198966093,6826.443996143653
2217.5870388196727,6826.921683491233
2215.7055516536434,6828.335089164512
2214.217793744296,6829.363954512389
2213.624308017126,6829.637628292228
2213.113976019885,6829.754416379234
2212.573537203506,6829.788206563999
2212.0933635837964,6829.764156337592
2210.9465067594833,6829.335172130146
2209.7021071173667,6828.854296259128
2208.8019647815117,6828.647210359973
2208.0243917887487,6828.530126127082
2207.3636201758995,6828.545934176446
2206.7330375190536,6828.650725137247
2206.2815997172684,6828.865480438133
2206.0492951526608,6829.124175515616
2205.773510966775,6829.75272919145
2205.518179297467,6830.351263178618
2205.2160961445593,6830.667896323357
2204.8657290762753,6830.8346957014755
2202.411705759279,6831.06495186883
2199.7518229763855,6831.23012532257
2198.478455994167,6831.51970403999
2197.2639753434273,6831.942161781743
2196.2612698848397,6832.471499041506
2195.2765779085976,6833.053807129448
2194.7710905107606,6833.518321633587
2194.348463004121,6834.014874439261
2194.031777415968,6834.692296033392
2193.8667361681614,6835.311698441696
2193.819622042426,6836.251022183164
2193.8808226925303,6837.212315383803
2194.324448245039,6839.045999174301
2194.8595722618243,6840.72190127005
2195.4214275661284,6841.914127548222
2195.9519450369166,6842.931487048737
2196.1660109077934,6843.60294516389
2196.2020198817836,6844.151571821948
2195.915319847707,6845.078771224071
2195.696152227969,6845.917109878757
2196.038934593759,6846.801561096107
2196.512943775154,6847.504100491767
2196.262247299662,6849.003866257995
2195.5385057622198,6850.695440694003
2195.4192286618063,6851.536794633361
2195.3937303811163,6852.467046183908
2195.5860713549173,6853.258497152537
2195.849537798273,6853.940041184098
2196.483657167683,6854.783562221463
2197.158619690437,6855.4711852572245
2197.3931926362447,6855.871929837941
2197.570093744013,6856.303683115659
2197.6265636777885,6856.784285784902
2197.513240285148,6857.134976683586
2196.966742747444,6857.760376542323
2196.392528312031,6858.434746757748
2196.0469690761893,6859.11315919861
2195.85060951455,6859.8394851625
2195.8060110761235,6860.36016375581
2195.8419386248274,6860.899713263218
2196.378430881919,6862.424695866636
2196.947248018538,6863.820710678186
2196.9941237827215,6864.289441046221
2196.9291051779846,6864.699094543213
2196.0394478593184,6865.731191680345
2194.892184482907,6866.732108447638
2194.6394244512953,6867.039775808108
2194.537042507169,6867.350469975681
2194.672939401614,6867.912086801885
2194.9459120615866,6868.623657381332
2195.7580410310925,6869.790903930751
2196.4691519650837,6870.77738262311
2196.674832252302,6871.258019387476
2196.7012151750578,6871.568742958491
2196.5206380074696,6871.886501404141
2196.206464946469,6872.164329806475
2195.192960092532,6872.496760584032
2194.3010413284496,6872.838296359739
2194.0302722542833,6873.075038231311
2193.8966010600057,6873.3647780135725
2193.921654716727,6874.015245722626
2194.0455348393675,6874.575862312051
2194.4184633678306,6875.367354496696
2194.8238857437987,6876.021001264997
2194.9213456330767,6876.4336843502415
2194.898323331619,6876.754471267347
2194.676860391004,6877.050175927002
2194.2844199543206,6877.286890014138
2191.608868614549,6877.785921423504
2189.3640774369746,6878.345898453916
2187.897044301316,6878.194744228501
2186.8968673111845,6877.90474633952
2186.95340699806,6878.447292981286
2187.29367154926,6879.759466258567
2188.112947685415,6881.056686507976
2189.074327170496,6882.046114354661
2189.318525461525,6882.686657090732
2189.3834486561623,6883.426109817205
2189.3291008333417,6883.885739963617
2189.184667042593,6884.165502483139
2188.803029869027,6884.603113363947
2188.2696931641435,6884.978645958023
2187.728140332864,6885.154479594162
2187.2177470338524,6885.188278044511
2186.2899176439705,6884.920341164105
2185.2404982746443,6884.661154624552
2184.680859139068,6884.738033495618
2184.248712763168,6884.903817565826
2183.7251265973428,6885.338304181681
2183.2712073957773,6885.836945128069
2182.9666700879366,6886.314473275781
2182.742656532296,6886.820049135692
2182.6703664313127,6887.282667710936
2182.7160044284583,6887.6923464435185
2183.510145471829,6888.327029000524
2184.5174618993788,6888.776925508629
2184.664282905349,6889.007777632569
2184.6931000767427,6889.25765495651
2184.3342357142524,6890.104839813814
2183.988586153758,6890.822254483153
2183.965703897434,6891.262939539742
2184.1713793838917,6891.76552078715
2184.457689430778,6892.175353972603
2184.7465316308153,6892.459204984516
2186.227858191999,6893.231896836298
2187.844052594077,6893.953747718037
2190.1487370131977,6894.582789815197
2192.33427802758,6895.103877081048
2193.8878318341654,6895.686864343488
2195.2441037141334,6896.28766184032
2195.7796077122916,6896.6514683264195
2196.1490537429195,6896.975337373447
2196.4341900504764,6897.406018149628
2196.542340466962,6897.778804178192
2196.4627252253326,6898.887893051011
2196.2120089546297,6900.115045420347
2195.904964165296,6900.97421155872
2195.608737971712,6901.599668701956
2195.2356245922306,6901.987307131776
2194.763721574573,6902.3048993476295
2194.3219837420593,6902.449833273946
2193.9717396694155,6902.455738252275
2190.113568226752,6900.963912908907
2185.5393069075444,6899.095274755597
2182.44893624497,6898.090301559325
2179.584655071298,6897.3562983931
2177.6264823818638,6896.989078207941
2175.940416707505,6896.735932894577
2174.7706107001436,6896.704746034152
2173.6079561542615,6896.785379348927
2172.8159755247307,6896.930035572911
2172.2647282300222,6897.17279934528
2171.792900140874,6897.530391976354
2171.488230993574,6897.857000513649
2171.214967900919,6898.42650450849
2171.081169805394,6898.913148750745
2170.8980130983887,6900.311984754726
2170.8182873051146,6901.554138726528
2171.003396868167,6902.222697084296
2171.247599939566,6902.845184840334
2171.789071913481,6903.759604796139
2172.432700559205,6904.616093809698
2174.111298045385,6906.151308331337
2175.876517041917,6907.68554526485
2176.2339170002438,6908.139283786513
2176.440799970749,6908.4691002041245
2176.6509124101735,6910.75140068
2176.79252761031,6912.9637617295375
2177.601917622082,6915.531080578307
2178.4668280243786,6917.246856444943
2178.4257880574796,6917.536717201634
2178.2838003269294,6917.705460023255
2176.8359603294275,6917.582241497469
2175.105263297149,6917.280009803898
2174.6167357575046,6917.3140133688785
2174.276073031035,6917.390742892332
2173.8222037739565,6917.67751783803
2173.5695264602477,6917.9972554050855
2173.4863237839013,6918.376880587737
2173.5259605799547,6918.75563580883
2174.492074089557,6920.203808130463
2175.7410619432935,6921.384119256061
2175.880608436134,6921.676913623031
2175.888987369698,6921.895764421784
2175.2725585933217,6922.542196743973
2174.300020660174,6922.933590568051
2174.0063676846216,6923.260301271739
2173.8232708740943,6923.656960909738
2173.9061158248373,6924.489283777019
2174.247801444337,6925.42271074215
2174.8612984654756,6926.2982451550515
2175.51344429907,6927.123714444498
2176.5086661478726,6927.900284785067
2177.583273705747,6928.569044740924
2180.7940393899057,6929.638980218095
2183.08536577286,6930.625816644113
2183.8051130504205,6930.683834448054
2184.415304343343,6930.677988160823
2184.7847746724306,6930.8909361089645
2185.10830382097,6931.294693116927
2185.24793605134,6931.575517784752
2185.27666690003,6931.83736496679
2184.8685402966917,6932.440752541633
2184.414769749784,6933.02916744584
2184.3532688572673,6933.386952482267
2184.3989240478836,6933.719724916529
2184.773143511035,6934.332267711822
2185.330206950593,6934.926897301262
2186.804265114956,6935.70666980144
2188.4349672435064,6936.4524638485855
2190.4733897922947,6938.009807717878
2192.5612280109167,6939.507214251134
2194.651495813519,6940.594753898461
2196.254378521222,6941.467423425662
2197.33136985574,6941.917337233728
2198.51684221812,6942.386328005716
2200.5146827185135,6942.5835895706505
2202.3342799931643,6942.750886066025
2203.4126620023712,6942.9570147683735
2204.4693163934703,6943.296004028761
2205.1179011423988,6943.62292992631
2205.7628747795156,6944.0487061237445
2206.228594904379,6944.483518365362
2206.5353471060316,6944.896249648773
2206.8709858489906,6945.616812429865
2207.1055815738296,6946.270320817589
2207.295116022103,6948.731466993741
2207.3355330545073,6950.7928854158035
2207.5183095047178,6951.79420605979
2207.82011360963,6952.675556213239
2208.3940363802576,6953.612030242968
2209.12676976048,6954.527493802067
2210.89192802574,6956.262631393645
2212.520048493013,6957.686920446759
2212.9736079856793,6958.379481181223
2213.2285903710754,6958.922173482618
2213.2960300548007,6959.23280683945
2213.3030678243567,6959.473701870822
2213.04070133959,6959.831340740681
2212.6698682170068,6960.108058355496
2210.9066872163376,6960.301464613748
2209.065317524847,6960.47699819007
2208.473026732433,6960.6706740537165
2207.951901764462,6960.939377417296
2207.6376947824183,6961.376005599444
2207.554544964699,6961.884505998119
2207.438300106207,6964.784377094581
2206.893607551215,6967.747889327089
2206.8703678303923,6969.3776800219875
2206.9085517784015,6970.988432802068
2207.077980019835,6971.971695867706
2207.3618672154716,6972.742220976336
2208.1498205284247,6974.119434473911
2209.1677294655565,6975.638443973919
2209.801799177684,6976.295036736604
2210.518927131404,6976.840827699052
2212.0592729292057,6977.823408730784
2213.571924972671,6978.7540144956165
2214.2915342878578,6979.032080467909
2214.8306788817613,6979.146117834655
2215.2783919400604,6979.131158932453
2215.7008546423967,6978.964376518646
2215.992238499722,6978.705695232738
2216.206463133524,6978.307946309409
2216.2223200021403,6977.578586553285
2216.1370015000057,6976.9960337421435
2216.279116082551,6976.638267473326
2216.472944798146,6976.388541100809
2217.356437567416,6975.99812846633
2218.297659666152,6975.686530806484
2218.6273730541593,6975.6776295038335
2218.8187819488567,6975.788594376441
2219.1941193450853,6976.241341189956
2219.460020650693,6976.836903067263
2219.725566960113,6978.607605789003
2219.7890038241057,6980.3493346796895
2220.043953373255,6981.029880049083
2220.3374773855094,6981.6214583846895
2220.943898326491,6982.388966195109
2221.587656417963,6983.004764715239
2224.0954580704215,6984.613993959565
2227.002844069004,6986.108605278011
2227.6875196411274,6986.605313590548
2228.2037197906516,6987.058093410425
2228.461167191286,6987.3998925751985
2228.5694222079073,6987.671832973996
2228.3418703488783,6988.3212448296
2227.9059401975383,6988.986667957635
2227.2896610900334,6989.710901122564
2226.7876011205876,6990.178407303599
2225.836794997546,6990.440027760639
2224.805323365536,6990.569661941493
2223.938664924066,6991.06202109841
2223.2152778706127,6991.607479847949
2222.3125340508027,6991.891156261663
2221.3508404207987,6991.961855387489
2221.052298821982,6992.139638562802
2220.8381184556315,6992.346368393104
2220.727211450744,6992.716111673766
2220.7222951528647,6993.045780413966
2220.8583065925254,6993.458572482
2221.147036261032,6993.850352842976
2222.724580504153,6995.264557386673
2224.600381323956,6997.008700584572
2225.6027635498267,6997.807322240746
2226.4968669875097,6998.436146416203
2228.0457475845124,6998.578348141503
2229.348024677394,6998.3998004345885
2230.7728705176196,6999.022663435793
2232.494855312855,7000.116210633221
2233.402234017707,7000.354222623777
2234.231462672637,7000.409376936036
2235.0618702992037,7000.418647124787
2235.7322475809738,7000.313867255939
2236.186105230757,7000.06819171885
2236.52801365134,6999.648528196982
2236.783256043585,6999.064059450003
2236.9385891769903,6998.564453715433
2237.372041990983,6998.145809014955
2237.8330018529527,6997.862230651588
2240.657832686247,6997.283248265567
2243.893024302237,6996.902264173041
2245.3470074711477,6996.39398442196
2246.710728787309,6995.753915596615
2247.2933172132925,6995.649116015673
2247.751799047766,6995.615109116388
2248.241614034778,6995.7692358581535
2248.6411224103676,6995.982193307546
2249.986313180556,6997.501183993367
2251.6226719039305,6999.326272477824
2252.844041263538,7000.407736209696
2253.965464134661,7001.375263495592
2254.9293273861235,7002.012984326323
2255.676687151531,7002.441880142965
2256.1243667911303,7002.56487576372
2256.575655659454,7002.598896299923
2257.006529565651,7002.504136322731
2257.406118027125,7002.374257431961
2257.6276401801497,7002.177604768711
2257.8106137151217,7001.958798810973
2257.8084428398824,7000.898567998441
2257.677494943842,6999.897258497329
2257.8834248849616,6999.290833985805
2258.3192783726754,6998.603367698627
2258.752731389563,6998.187816180086
2259.1547725279024,6997.920085053579
2259.775750252673,6997.805320369043
2260.425642773978,6997.870509412867
2261.8095802497664,6998.561296348454
2262.971929851617,6999.37182965736
2263.649473212146,6999.667844217878
2264.3377910279155,6999.92376233085
2265.056269762208,7000.0288673763025
2265.8170134629277,6999.967202394519
2266.3381139110847,6999.800345705294
2266.812413345334,6999.572631219081
2267.203550281242,6999.1880919829955
2267.4768779665737,6998.710459309957
2267.57329916201,6998.201962531869
2267.46751966784,6997.700200970507
2266.9370249191966,6996.654907621901
2266.393253970416,6995.641630546724
2266.179208945029,6994.917004594825
2266.1179642183724,6994.177552093298
2266.1301966985843,6993.616966563556
2266.274677748376,6993.139403239495
2267.5388516745465,6991.410954435427
2268.8487559838154,6989.33199922229
2269.1521616650516,6988.703453730595
2269.2787441452106,6988.044044119349
2269.276583743914,6986.944811536702
2269.2852203560165,6986.063532689225
2269.377934358092,6985.7058552856715
2269.498320959936,6985.487034778332
2270.0712801214145,6985.170367801434
2270.7922382773536,6985.028695258844
2271.744257992154,6984.935954301206
2272.7335607120435,6984.924218299238
2273.4134728861995,6985.087169169366
2274.0296788210408,6985.393144823371
2274.426752579439,6985.667049298469
2274.754046040617,6986.00886623062
2275.264148196948,6987.183030653734
2275.676601425269,6988.409240868945
2276.1398590101794,6989.000960849699
2276.6379618521187,6989.395685170384
2276.9267390855875,6989.5776954350795
2277.214362011924,6989.700654123931
2277.6838603210344,6989.663758546826
2278.127950908331,6989.439129676736
2278.3073410535326,6989.202368475976
2278.410964597515,6988.940452616998
2278.176300087254,6988.249935615802
2277.9141885762397,6987.525397766399
2278.022662054244,6986.518159821302
2278.4297577910083,6985.350297292865
2278.685077802287,6984.802736756387
2278.940290452171,6984.356122010175
2279.3628943681356,6983.949546246992
2279.87686450877,6983.591869096731
2280.5677026985063,6983.4281456531035
2281.2368085575204,6983.41334210127
2282.7063202695617,6983.595632819693
2284.044655880236,6983.746770963655
2286.8100934908957,6984.5018288451965
2290.0799592618296,6985.369025620255
2292.7839939104465,6986.401771331347
2296.2330941318755,6987.680676364747
2297.725229033606,6988.522414286128
2298.969438338979,6989.345140857492
2301.472361002801,6991.404056858766
2303.912489145214,6993.62594805708
2305.2420847735734,6995.068235889927
2306.6185647254347,6996.569386967228
2308.7230951252313,6998.276594666245
2310.4906978949907,6999.80187972519
2314.900521832448,7004.658314728007
2319.2706139517077,7009.53658720503
2321.8995839662284,7012.08829822688
2324.3217923457396,7014.178322392912
2325.9761573491305,7016.011308096621
2327.797858185314,7018.107172786605
2329.300484456868,7020.39078755729
2330.7020846805353,7022.541512624169
2331.909785394783,7025.222655161935
2332.961102757165,7027.552145259844
2333.153475190512,7028.152879423917
2333.1930999323777,7028.553480357815
2332.906433424753,7029.310803674966
2332.3804504244654,7029.9981449875395
2332.264624768124,7030.675610961801
2332.328298529263,7031.356112955853
2332.5737274112794,7032.028778897601
2332.8973066359663,7032.530394562423
2333.9080312502106,7033.630769804384
2334.8993984555805,7034.718272854068
2335.2350557794985,7035.309864983884
2335.41057334734,7035.901418215896
2335.0945722541724,7038.898993418479
2335.060187567387,7041.659933069344
2334.9758461209544,7042.2395530649765
2334.8625771065545,7042.698170693323
2334.1535008478095,7043.752144176875
2333.273439136987,7044.796201067141
2333.0904162030242,7045.214702757411
2332.9976244669324,7045.541457424885
2333.692793781473,7047.458300054867
2334.7165494278793,7049.528835758481
2334.919688496648,7050.120495444787
2335.0555651202603,7050.721116200016
2335.009696164323,7051.291568653515
2334.8062064977034,7051.799240799664
2334.452258073057,7052.3046819413275
2334.00928344215,7052.751249657271
2332.702013748167,7053.580343899722
2331.5958025362925,7054.29148421618
2331.2611619389304,7054.670149380024
2331.090185071234,7054.96885568056
2331.0852043497484,7055.548494966493
2331.2884054094475,7056.229030815723
2332.6419450042627,7058.330767945467
2334.4141802931504,7060.305626680992
2334.849688695419,7061.049160549035
2335.0842044787796,7061.640827871083
2335.225824440806,7063.674242347412
2335.2480984453996,7065.762689190292
2335.4621528541484,7066.764020039048
2335.7217968082305,7067.657333981364
2337.9197348636526,7071.564930605781
2340.7566939107187,7075.601459102569
2341.9463653039384,7077.919014197197
2343.108330251297,7080.2395551489035
2343.9514822092124,7082.368101741538
2344.692397094037,7084.543704924568
2345.0327455257616,7085.73588635817
2345.2238446021183,7086.759156599931
2345.269182230347,7088.366919491771
2345.2796100427304,7089.747845006
2345.1193080550174,7090.758062172327
2344.9410179402594,7091.617354952212
2344.342568386401,7092.79125285657
2343.7934539394355,7093.897333614594
2343.646501759934,7094.57479191977
2343.5921065332604,7095.203296118078
2343.7676929850863,7095.84791595851
2344.070802497842,7096.439500507451
2345.9622228794306,7098.6362319773825
2347.683986642236,7100.848981953502
2348.10857941228,7101.514609953357
2348.37445579137,7102.165236868496
2348.9948258296017,7104.512578508476
2349.5250689850245,7106.866880579354
2350.4246884728195,7109.433139559022
2351.4133469190233,7111.660673324224
2351.6550463877684,7112.555080606953
2351.8414399987682,7113.364488341102
2351.766451884974,7114.936312311736
2351.6446132594183,7116.313215570513
2351.72981928627,7116.975668506099
2351.935447354801,7117.616305904624
2352.7728801260164,7118.883620445771
2353.9037327963374,7120.093850819839
2355.1633444505273,7122.33451846724
2356.085840526429,7124.501090006416
2357.7716693344782,7126.217183554046
2359.3226035456223,7127.4197372222425
2359.7531589758955,7128.602864253798
2359.920134001125,7129.985923024859
2360.8476107491924,7131.572855708874
2361.9269319783098,7132.9500539654055
2363.3821473800667,7136.872436646802
2364.737475814591,7141.124564694933
2365.6023565394235,7142.742604107237
2366.511931495072,7144.159660671146
2367.0277610832004,7146.055414833184
2367.39791901782,7148.168884898367
2368.11110437312,7150.063590506187
2368.7376742699144,7151.940320028185
2369.270337966272,7153.923857479379
2369.7644555743796,7155.877560548451
2369.8569516982266,7156.7498870619365
2369.8904948116233,7157.439359400247
2369.754266900425,7158.277814663749
2369.4881220769093,7159.066064232032
2368.8668157262823,7160.212025408377
2368.299704769909,7161.207179717563
2368.2454432619943,7161.626809767037
2368.2839129452536,7161.965566353236
2369.1910139839106,7163.253846831925
2370.1281783285517,7164.790808704006
2370.617355429876,7167.486941348163
2371.214799879134,7170.041158114865
2371.7897483553525,7171.775932544095
2372.5258201152947,7173.572790564528
2372.7144108407115,7174.934807976959
2372.7345469330603,7176.184865598632
2372.3706540848116,7177.771480816451
2371.9960357729233,7179.537042855176
2371.8126312179925,7181.166794143419
2371.7484918503774,7182.725653437073
2372.311845685918,7187.141375079725
2373.0014035775052,7192.107841382304
2373.994494163657,7196.267813462681
2375.0947547888477,7199.995301108462
2375.5142113785364,7202.170727869241
2375.800208614555,7204.11241009253
2375.9556324546015,7207.985497224532
2376.0221407820545,7212.0333223956195
2375.6194744800982,7214.85212566527
2375.097717560222,7217.376141648069
2373.501998888886,7221.534576755427
2372.1578625227044,7225.752025814975
2371.353506934443,7227.446460758422
2370.3686271704482,7229.24897902799
2369.28757294803,7230.5486396726865
2368.4086829445678,7231.632593456843
2367.9235789950494,7232.058202086297
2367.542078227607,7232.303889312819
2364.4985789255243,7231.579761385217
2360.7943995728792,7230.608493950657
2360.107222256199,7230.543388683365
2359.416400719039,7230.7061089807885
2359.0312281611195,7230.952793128244
2358.8000063789773,7231.242606576746
2358.5857302291342,7231.849027084262
2358.5807381442546,7232.468566045807
2358.8717862346434,7233.561685507407
2359.3119552482717,7234.656038570575
2360.0204335121557,7235.990154049313
2360.839743764326,7237.269434931917
2362.5145230540606,7239.041486004396
2363.873044597427,7240.4337156587635
2364.1689222377518,7240.887546015462
2364.266305885215,7241.226317110128
2363.5271134409923,7242.292251185262
2362.5086276017346,7243.333279193717
2361.8176245705326,7244.577177217306
2361.3191177959484,7245.554294366955
2360.935045321003,7246.080674529795
2360.5233938476576,7246.435479889248
2360.273026608745,7246.5331722947385
2360.0130161910465,7246.481239042684
2358.6112194966354,7245.630535889117
2356.749707775154,7244.44406527744
2355.7315909831973,7243.984073178264
2354.6257452268947,7243.627100281694
2352.148998681441,7243.354678217525
2349.468840651834,7243.283101281988
2348.61800867303,7243.276908413764
2347.9968842422445,7243.369622858669
2347.344512988758,7243.615244726333
2346.741523787522,7243.938882300348
2345.975887395306,7244.635141972166
2345.370390235443,7245.319570670134
2344.9550820868794,7245.956864586146
2344.640765239188,7246.514384065429
2344.333691829875,7247.481673658267
2344.1144106211473,7248.427937666293
2343.9744680863664,7249.798752198456
2343.9019595906393,7251.135768309712
2343.9943422385145,7252.136970204932
2344.2156095591035,7252.968331217264
2344.5692170020775,7253.831843644455
2345.063691137543,7254.666363538595
2345.7470040982957,7255.513797143799
2346.390734172353,7256.136586694429
2349.0164402511286,7257.738895570446
2350.9933413287617,7259.336258508242
2351.970508436844,7259.696191982176
2353.009049096052,7259.894347914844
2355.068267249007,7259.971758616208
2356.9395620482364,7260.046131204778
2358.07564696784,7260.268251329076
2359.125008640708,7260.576333830786
2360.825346004804,7261.559975895475
2362.5653519652096,7262.7554946049
2363.4725678069244,7263.202393069724
2364.2199351477443,7263.498232509442
2364.9781163415196,7263.594377442835
2365.6604931463157,7263.4896095545555
2366.7918854352756,7263.111241372776
2367.926906462277,7262.568986830259
2369.3160545351743,7261.571042493483
2370.564284884477,7260.809867402294
2371.104570369027,7260.625166018943
2371.4837699128116,7260.570297938668
2371.914581828009,7260.684317449783
2372.352531493671,7260.955243709367
2372.9060861902512,7261.442055069118
2373.303091436682,7261.935710485949
2373.8552518492343,7262.99907001329
2374.2665726017112,7263.9814984615505
2374.583993755666,7265.386439928753
2374.7533289472276,7266.655586609302
2374.76355094218,7269.188611899518
2374.713653217295,7271.535790202184
2374.4555097926927,7273.724116865384
2374.127624418002,7275.831430235097
2373.75303331286,7277.501034047238
2373.268798564042,7279.145573831715
2372.613633733173,7280.911066841216
2371.898328696134,7282.574701453301
2370.44745723846,7285.16242773691
2368.8762707649807,7287.68798104436
2368.0827416997913,7289.493539321378
2367.5479588797766,7291.05916562089
2366.7381122924767,7295.760330008361
2365.847540462121,7300.59354214158
2365.2150092964816,7303.308251555707
2364.4513634485625,7306.101929872164
2363.8408393428126,7307.556716786015
2363.199041910727,7308.933492424931
2362.7836594804926,7309.539863463029
2362.3297515006584,7310.036501289003
2361.8062047609487,7310.372027590873
2361.2622331162142,7310.627749801189
2360.011735606391,7310.796317527035
2358.6517529772277,7310.974833440797
2357.6972761004213,7311.347360810561
2356.904092641965,7311.760824865022
2354.666307254815,7313.731713157764
2352.93041446498,7315.537041948117
2352.5392277577544,7315.822626976069
2352.1372198072618,7315.998485600481
2351.717225733173,7316.01733511997
2351.2779120224795,7315.872392277573
2350.1443725785903,7315.163499040199
2349.0807594322337,7314.463799932205
2348.162592222113,7314.114953258586
2347.3358481421083,7313.90886964252
2346.536683783607,7313.871667676364
2345.755600377545,7313.945390937264
2345.0334794585383,7314.16107129602
2344.479814466765,7314.474746197195
2343.533671106636,7315.238891090993
2342.5670648336973,7316.078939984688
2342.020574181559,7316.7443313079
2341.614782050498,7317.382724992337
2341.298070306625,7318.190114988398
2341.1534409476512,7318.938495575385
2341.1423940083814,7320.096677078148
2341.3226429128595,7321.110867802426
2341.5679416228336,7321.942234694094
2341.9408546950494,7322.675878778165
2342.714514570877,7323.612310269739
2343.445986900502,7324.397811480536
2344.082572126047,7324.872771360284
2344.691410690509,7325.178650166999
2345.7684747766543,7325.467685964222
2346.7685589134703,7325.585833258222
2349.4873076336726,7325.4076477057415
2351.920675117376,7325.198371189442
2352.889490800478,7325.217560581398
2353.8102194050225,7325.324716810814
2354.5984073836594,7325.540766429707
2355.1760537564423,7325.775716809868
2355.573106464816,7326.068676811721
2355.860661698006,7326.422456802091
2356.067597767487,7326.814121614788
2356.1733937554236,7327.214938537757
2355.773509481805,7328.600651667979
2355.0920359507686,7329.805650599264
2355.032745190852,7331.00371984181
2355.0939997590576,7331.666266896989
2355.1431080575676,7332.177890923538
2354.9986330515962,7332.633508395293
2354.7362935249425,7332.9011701075215
2353.583242348856,7333.1626287533845
2352.442224701504,7333.354266262789
2351.8693819521236,7333.609981954459
2351.3457414057298,7333.994585260497
2350.8124477804026,7334.611002631005
2350.446438509585,7335.337284450017
2350.20665772349,7336.514362330734
2350.0572005747194,7337.552512112251
2350.2985962134862,7339.665950622174
2350.560301426992,7341.989265756041
2350.493690635443,7343.776849128487
2350.4824755255268,7345.276770286255
2351.0622808330495,7346.573847025017
2351.8021054499236,7347.659196078299
2352.059318353283,7349.242074246964
2352.2262399783376,7350.832012493829
2352.440209923319,7351.463475272417
2352.8264350914255,7352.009196183317
2353.2030061207424,7352.449879176805
2353.5579854077173,7352.80477285944
2355.7409208182685,7353.6216524653355
2358.524300499954,7354.595684628221
2359.0814932222274,7354.860554897601
2359.589187462596,7355.1844643903005
2359.9862137880823,7355.579268185168
2360.313467278746,7356.020039098542
2360.7404871444414,7357.286156768948
2361.101234218886,7358.617194705876
2361.366701869936,7360.219027458729
2361.5130757061584,7361.882775023932
2361.932836013728,7363.1459982570905
2362.442833823386,7364.280268383867
2363.215222141483,7365.275652855077
2363.937093223799,7366.0612530698145
2364.1248375508867,7366.444035711809
2364.1812227822156,7366.883642903894
2363.846213353424,7368.800135543349
2363.515922779033,7371.209189344232
2363.4771739696434,7372.007669632104
2363.4926009992173,7372.7290573473465
2363.980574703666,7375.193274028572
2364.6382783311537,7377.997376942052
2364.8508289375204,7379.98193329329
2364.886425230978,7381.8205134937425
2364.666819630775,7384.088749113256
2364.381114845992,7386.0571233315295
2364.4603018440034,7387.089444028901
2364.643002893644,7387.95770327284
2365.8540753052307,7391.631353774312
2367.104885878944,7394.891056349941
2367.48354647785,7396.324142123147
2367.7516604463044,7397.676104833962
2367.764302618373,7399.876468654777
2367.5773100451734,7401.863919180535
2366.6615763932764,7406.238280894185
2366.0781252434335,7409.9414144931125
2365.8131975257775,7410.899537104829
2365.395330235143,7411.786800381611
2363.1910640644264,7414.630099005107
2360.344142515166,7417.624160382392
2359.69762423882,7418.5482748493305
2359.269019803861,7419.327507718657
2358.9100667863286,7420.5535329721115
2358.750999214021,7421.6506319872315
2358.635914318685,7424.420530692247
2358.695395942836,7427.202442120107
2359.1446616242156,7430.6349117438795
2359.4664303937548,7434.030443017332
2359.4840254769424,7435.438402954269
2359.3549488658814,7436.738298839056
2359.1536624179394,7437.816534966521
2358.8671334548976,7438.734653202962
2358.3878252045647,7439.72983003713
2357.8124289015195,7440.555110960384
2356.7397447387407,7441.854775460082
2355.652783581421,7442.846810998757
2355.4095957810705,7443.293327195228
2355.265035053763,7443.765004290644
2355.327430654623,7444.5354800393025
2355.5402742716346,7445.3269399222045
2357.110182504222,7447.891370118808
2358.9413570062743,7450.125097372033
2359.371939711002,7451.138352584202
2359.603920680849,7452.152656292372
2359.6808089751667,7452.691319203431
2359.6169509871615,7453.1199245292155
2359.43384137776,7453.5785249960245
2359.181086076137,7453.908232803065
2358.404758371555,7454.370677658008
2357.5850950258714,7454.6042879853085
2357.3322668984742,7454.891103795432
2357.187795124897,7455.3406366378285
2357.4014948980375,7457.4021994755485
2357.86430193043,7459.3767426416825
2357.7871050093045,7460.095215006949
2357.5908499702614,7460.735754273864
2355.4510210708836,7465.606467009094
2353.122420141069,7470.217387907166
2352.90805618505,7470.864805526142
2352.830890840571,7471.456297598156
2352.9366440239737,7472.025889695085
2353.173585926099,7472.54663695124
2353.5802017374126,7472.950420302181
2353.928037197794,7473.1543922289675
2355.2097028446287,7473.0647326951275
2356.621519070388,7472.736306384621
2357.240103578495,7472.732468115927
2357.7299172690823,7472.785554923863
2358.2304478602055,7473.032556240902
2358.634718159846,7473.472149080636
2358.8825265826495,7473.915892999954
2359.018449157641,7474.298762629362
2359.0832080101436,7474.958218488156
2359.049444879483,7475.505831654673
2358.8325446258523,7476.286213804311
2358.5050086227275,7477.012504909882
2358.1823833971303,7477.450123910552
2357.829727551742,7477.847736255595
2356.5973299063876,7478.137304308978
2355.4034055015777,7478.407730165682
2354.820869821635,7478.7523196218635
2354.409151982879,7479.078996150031
2353.5552445320523,7481.833652119142
2352.6242959327415,7484.334428357852
2352.5495513218407,7484.923128073552
2352.6060097723102,7485.403732090748
2352.8092317795713,7485.955293501807
2353.066722774151,7486.387069779265
2354.786104739131,7487.813401393415
2356.8833571928776,7489.120925284233
2357.519992492605,7489.684662705849
2358.104630569939,7490.291279441413
2358.5894513927233,7490.963905490861
2358.892650061844,7491.477686738091
2359.090879844179,7492.9874350016635
2359.0291072836717,7494.439464598892
2359.338120053195,7495.742460595859
2359.897360914698,7497.147561168509
2361.7306480828993,7500.250701060265
2363.627884484156,7502.888129422303
2363.962246883327,7503.581666022887
2364.1377594909904,7504.151275421652
2364.162981339796,7504.74279262105
2364.0568651245912,7505.313429992431
2363.5006108887856,7506.357464709822
2362.7398348767047,7507.3894793067475
2362.1439662745033,7508.00488333004
2361.58185098363,7508.452418277699
2360.948748957622,7508.796994953293
2360.396292378199,7508.990671383248
2359.165096356453,7509.1602414826575
2358.1951015679315,7509.260949333283
2357.7232425885895,7509.498634963179
2357.4199216323595,7509.825238217244
2357.2754288193364,7510.363846856425
2357.259579219342,7511.023382717886
2357.469917189679,7512.157479597737
2357.830609489361,7513.349766973669
2358.9613561530214,7515.4793842880235
2360.224461152497,7517.550182383901
2361.3806211822703,7519.149142066402
2362.2625655492225,7520.125701062672
2362.4501272772254,7520.560353145291
2362.47656727967,7520.949180878041
2362.3620486867103,7521.416775596286
2362.138155147745,7521.795367409588
2361.316033327215,7522.208824106939
2360.3929626001445,7522.541359722683
2360.0715245079023,7522.907957766449
2359.877666207473,7523.30770377737
2359.735349892324,7524.497773031923
2359.7940045220435,7525.886691194351
2360.754690009769,7529.365271215683
2361.9006203630884,7533.534358803049
2362.380475542041,7534.708621122201
2362.9338162765002,7535.663952678108
2364.8540746638187,7537.968724467435
2367.007737479531,7539.897799994879
2367.54068506938,7540.643354843965
2367.973744012696,7541.407937164165
2368.2956900435743,7543.718201206256
2368.6139337656978,7546.152452244038
2368.974706892642,7547.344540620523
2369.4955441306374,7548.469936454421
2370.580566422839,7550.219799869414
2371.607992368427,7551.708007817155
2371.966559399244,7552.031881260013
2372.2337989798766,7552.173790165108
2373.08703656619,7551.789269251089
2373.894690752834,7551.157958350477
2374.204034063602,7551.108060558779
2374.4122999253336,7551.16107867453
2374.6696611092416,7551.431860799899
2374.80926592195,7551.764657656576
2374.732073167109,7552.464177688967
2374.666785668329,7553.274521702176
2374.847138461138,7554.173902432634
2375.161002333309,7555.0773061187
2375.496626116407,7555.720869284127
2375.921300793776,7556.303507891736
2377.560038059498,7557.477060058681
2379.3723111266554,7558.432704097557
2381.5572682300735,7560.321791382277
2383.771143148462,7562.358913722092
2389.012624731105,7565.8455418414815
2394.2648766251864,7568.958416345888
2395.5968430332046,7569.889106347799
2396.859051502006,7570.81070198535
2397.3848786532426,7571.316460370531
2397.8203159554123,7571.898105150295
2398.134229483161,7572.591637916032
2398.278494997778,7573.303083154641
2398.28568556836,7578.593168818136
2398.263640264098,7584.672560388961
2398.037830527845,7587.713150215696
2397.7747717572656,7590.5509412226265
2397.769452818987,7592.470408278762
2397.882023536079,7594.460925975959
2398.002202001873,7595.391314099668
2398.1886090012417,7596.093792477652
2398.5409475127203,7596.956309533364
2398.9151272149834,7597.569858751768
2400.515341958378,7598.92215535668
2402.0012390009806,7600.266643241998
2402.8157862701746,7601.092169381827
2403.537616386282,7601.957671719624
2404.101799164412,7602.904130803462
2404.632314387701,7604.0073867971105
2405.1084948767607,7605.492468074075
2405.417460765999,7606.943393404463
2406.7127951080747,7609.846510942116
2407.74360885842,7612.086032584272
2408.1297555136443,7612.557742216662
2408.607368862634,7612.983590280798
2409.5351881059337,7613.319577700266
2410.6219353656315,7613.457703210273
2411.0815571682424,7613.753574045273
2411.397994082784,7614.025568985192
2411.634954202641,7614.447167376478
2411.729896909718,7614.847982350244
2411.3865892978133,7616.576644734605
2411.022712193778,7618.141314744741
2410.942963784666,7619.373293643985
2410.9017326318904,7620.741239988524
2411.1200373213114,7623.345340059861
2411.6067650966643,7626.019431483833
2411.6471289321753,7628.4386521876095
2411.6561450194267,7630.748839466234
2411.806255553122,7632.101871505898
2412.045409233957,7633.422906484982
2412.4445910922045,7634.815900618079
2412.9028183985515,7636.008214761695
2413.6209484207507,7637.305330562842
2414.31142794538,7638.39067251015
2414.5771932370735,7639.074218894197
2414.620337328996,7639.724692452737
2414.4324123189613,7640.753954380565
2414.0325928931093,7641.899969071881
2413.7075184013215,7642.466461315616
2413.3957588023204,7642.84502993599
2411.859915862105,7643.711063552774
2410.433611791314,7644.339223704759
2409.426175145617,7645.059357821312
2408.6496960695845,7645.844586221825
2408.0416793534037,7647.009601044689
2407.5721664366297,7647.896750097311
2407.271174571942,7648.2633517477125
2406.886007470546,7648.550133189136
2406.264969052058,7648.734912193717
2405.5236730207353,7648.977515510098
2405.1107895327923,7649.316159530762
2404.8169614911553,7649.732737263491
2404.6749258037635,7650.120326043279
2404.630284026973,7650.450084819268
2404.7565787178464,7650.942676604459
2405.0632827610116,7651.423543160664
2406.369903635121,7652.884693211108
2407.985677364373,7654.7087077316655
2411.6735027316417,7657.331632628677
2415.036698623509,7659.408950506963
2417.4862302388046,7661.948675223414
2419.864758968302,7664.451276098535
2421.5621702022772,7667.134650492717
2423.2474427696156,7669.969939751275
2423.791242367058,7670.983326478045
2424.1544382067723,7671.78779343035
2424.28777695182,7672.4682144893095
2424.3117258228644,7673.127760442415
2424.1045573715423,7674.02814175957
2423.77700827034,7674.813482209393
2422.5864858691484,7676.241985692629
2421.4958222548485,7677.434807774134
2421.1298229261465,7678.152209609774
2420.9153780786573,7678.789650990179
2420.8791693644207,7679.428134761568
2420.943927314549,7680.068738694191
2421.1267250262886,7680.84213818525
2421.3600219068408,7681.55360631351
2421.684787910959,7682.207243119426
2422.0204250319857,7682.767916674635
2422.5076179745315,7683.242744614641
2423.0947916305663,7683.6584466708755
2426.1741732559226,7684.783393947567
2428.558012029975,7685.394559203686
2429.1535453732167,7686.078189365136
2429.8536328671544,7687.095605914883
2430.3096328874863,7687.508382533303
2430.8776190931444,7687.903332435496
2433.4105555344413,7688.905153415122
2435.590949638635,7689.872871334755
2436.0987952688797,7690.177832776577
2436.5162663402016,7690.501723626527
2436.992656410136,7691.124377477736
2437.3174258868276,7691.7588630335995
2437.344173069997,7695.527085166414
2437.1914620568823,7699.508026283567
2437.345108351873,7701.377659472971
2437.5203305227933,7703.060368640536
2437.9784599293466,7704.613276470313
2438.5486888881646,7705.700684494851
2438.9187437050964,7708.072907757352
2439.3380876686247,7710.547186713617
2439.5028173922237,7711.15769199227
2439.7301067763756,7711.530611197213
2440.03938184113,7711.730387077145
2440.4076147710944,7711.746639893142
2441.4511202778262,7711.253147697103
2442.397150145406,7710.812697270927
2442.717247049629,7710.785846408574
2443.0361508336564,7710.856948705411
2444.7965111544063,7712.043411143337
2446.407650063831,7712.995126689381
2446.915377605188,7713.429961787414
2447.3894365777724,7714.024586137232
2449.60386614452,7718.2738563746825
2451.430851495175,7722.249317240739
2451.943316025627,7723.083847806451
2452.5003122736903,7723.697545617234
2453.421968178179,7724.594025025406
2454.3135204033592,7725.413690159492
2455.0402807048367,7725.870526402842
2455.9271166283797,7726.206507892271
2456.6358462281314,7726.363494347094
2457.4866250801547,7726.409795856804
2458.2774489578032,7726.296084810212
2458.8478205764404,7726.160272919313
2459.480901544647,7725.855701903855
2459.9732314335392,7725.480073667483
2460.7244819620505,7724.146223719901
2461.1292379567153,7722.630642284408
2461.361540394102,7722.322876564838
2461.572276760073,7722.161935754554
2462.031981648693,7722.107191591978
2462.4616035886497,7722.221214936112
2463.397718366461,7722.69905272416
2464.411988929506,7723.296908611698
2464.9101216797753,7723.721667573182
2465.2855062755257,7724.156469710918
2465.4406665550346,7724.6561519265215
2465.386292301282,7725.185705080535
2465.0611557880306,7725.992989569002
2464.6542984961934,7726.590381348475
2463.4963250930796,7727.671362925868
2462.197500034848,7728.749216350818
2461.7304705022784,7729.3845971838655
2461.315100009217,7729.990964334885
2461.1837281058242,7730.440598897625
2461.2198353031986,7730.859354177203
2461.7201421097316,7731.916621536629
2462.4900296688133,7733.072011194641
2463.0363487859017,7733.666654847832
2463.641530866009,7734.123460588191
2464.2984765775313,7734.468361333935
2464.8062590978684,7734.681355774302
2465.205853346351,7734.74639481501
2465.4970760189494,7734.72751722433
2465.837641247232,7734.601721431737
2466.1108106053002,7734.372867715173
2466.314376171292,7733.865397357391
2466.389144016288,7733.205876577027
2466.1006885091806,7731.871860030667
2465.8615324338234,7730.598702995481
2465.8639683943197,7730.210979507625
2465.9470896113985,7729.841331277612
2466.1410105536484,7729.5235809242085
2466.3721170285585,7729.323843106371
2468.022014672319,7729.4471573282735
2469.7646627989766,7729.071950490257
2470.083549871263,7729.204898021124
2470.362681579474,7729.478680846115
2470.753551672123,7730.37213279045
2471.0169333523354,7731.213582783289
2471.26351940857,7731.4974319082985
2471.552255760538,7731.737302596113
2472.1118615959404,7731.931258701241
2472.719568679168,7731.978396778911
2473.1322978214184,7731.9105739484
2473.521091305166,7731.793768246253
2474.1867034632223,7731.211405784278
2474.8210228354324,7730.635020251262
2475.864579537394,7730.265519714028
2477.248567647028,7729.96712827369
2478.9757521737642,7729.049185156115
2480.41170296339,7728.193310770223
2481.195129146065,7727.968678885783
2482.0352683133788,7727.854982524554
2484.4035140226265,7728.046414125435
2487.261671737707,7728.180118702824
2491.434913757044,7729.225371466069
2496.2723301567785,7730.727548909137
2497.960648168389,7731.0296283494345
2499.7380886368433,7731.312978460609
2500.5864724689454,7731.581922789464
2501.2024616034423,7731.867863780373
2502.1061404177076,7732.56454606928
2502.722109009361,7733.249183654444
2503.028820893342,7733.671002029335
2503.224872897708,7734.145658532287
2503.402628911959,7735.664581890515
2503.646505022755,7737.377334669887
2503.9302125798154,7738.338689090533
2504.321060438597,7739.304061391907
2504.7445061283797,7740.0586726991205
2505.21005212074,7740.641228084419
2505.666043211649,7741.066077934852
2506.0426386254812,7741.327917336261
2506.573292986802,7741.5040128449355
2507.073944770382,7741.538058060656
2508.196909469341,7740.964794666092
2508.9215149997417,7740.392424890379
2509.203152048335,7740.333546792536
2509.4810956592937,7740.358556593664
2509.8108142897054,7740.549562157529
2510.029797741195,7740.762383829464
2510.174065977429,7741.421961489223
2510.289410151944,7741.963628345755
2510.805571531187,7742.35836997306
2511.503513636256,7742.596453545587
2512.462540014609,7742.873507503706
2513.4493844056196,7743.030570866355
2514.3315098577505,7742.858934171147
2515.0042713293365,7742.704200096751
2515.4314901648886,7742.748301181404
2515.7816700211697,7742.871383277782
2515.067935204979,7743.354779332436
2513.3996666529256,7744.250587125694
2513.0674914986344,7744.519423402513
2512.853211749068,7744.827092846721
2512.8205543101967,7745.2647826516
2512.958891770679,7745.62850345339
2513.224718674831,7746.038341599754
2513.541220876507,7746.3520350295585
2514.0801885620363,7746.645038885733
2514.6782624255343,7746.830030129901
2516.159744704564,7746.722489516418
2517.392096437302,7746.495085397439
2517.7398749179733,7746.547045949694
2517.999753398073,7746.729056093056
2518.512210590864,7747.564487977453
2519.1341822170343,7748.577800954694
2519.4217580523277,7748.781763164491
2519.6623820106797,7748.883769662999
2520.0919663322047,7748.815953264459
2520.473604013062,7748.6212436661535
2521.7785158758948,7746.939818855466
2522.639349984004,7745.547050834412
2522.9413647254473,7745.421246945411
2523.2194734444824,7745.452341876767
2523.5851331181157,7746.047041304516
2523.9386936934584,7746.958340700883
2524.2731040078743,7747.3931343979775
2524.6521208824824,7747.645997766326
2525.121369175672,7747.788063782048
2525.5511010369396,7747.794161629418
2527.029101307725,7746.966234940859
2528.3976875268927,7745.897286255267
2529.0283447883276,7745.610773735855
2529.6602269448035,7745.426005493429
2530.0706113419305,7745.389206410156
2530.452022210558,7745.423221461655
2530.8695761390927,7745.728164167065
2531.1835141044876,7746.270881064175
2531.5284688800334,7748.1714884548355
2531.568736451402,7750.522681302954
2531.7622907174864,7751.286110921213
2532.04735206547,7751.847772545139
2533.0145063998793,7753.255983680414
2533.8770261083346,7754.3342975802525
2534.2834155312653,7755.838319495971
2534.5200611133064,7757.41820561892
2534.814766737358,7758.111737971903
2535.1876586564545,7758.805390708074
2535.7627151808974,7759.568821307028
2536.308861080359,7760.1645663410645
2537.290710744421,7760.900274442529
2538.3266773999594,7761.462234275295
2540.4397612629878,7762.220086550181
2542.346992234002,7762.655296751762
2543.4312026566295,7763.164203465996
2544.54786206267,7763.712120730267
2545.7305255073775,7764.572768533983
2546.6630426080064,7765.37040862255
2547.7713077243716,7765.790445890149
2548.778448082842,7766.178337315807
2549.204339808627,7766.50223533346
2549.493123717567,7766.865996578258
2550.071628421288,7768.150218180927
2550.698244938421,7769.565323203054
2551.2131343732135,7770.338813415897
2551.7075548156495,7770.893548793628
2552.5738487982644,7771.571273645583
2553.398035729112,7772.129089166287
2556.30280240009,7773.28495408517
2556.964687336162,7773.5468713815135
2561.531207821156,7775.387757128988
2562.498656979023,7775.66581582673
2563.296514986806,7775.760889834229
2564.3207814606308,7775.4414676993465
2565.1632561090028,7775.006986628408
2565.8359969130565,7774.924274832751
2566.5062842670386,7774.967345844404
2568.407479381685,7775.805246101773
2570.281041908496,7776.690121106568
2571.4070234739715,7778.249199029984
2572.620751951557,7780.249988909114
2573.216188124542,7780.924650666566
2573.7901248113308,7781.491378355177
2574.507190981205,7781.966175879442
2575.254419657963,7782.293153614907
2575.8729470873836,7782.4281799408045
2576.432596345617,7782.441397058454
2577.4965495369015,7781.929970250515
2578.282526764401,7781.208696961674
2580.0323440048046,7781.15131214455
2582.2623499955785,7781.191810615105
2584.3188493489324,7781.648016549333
2586.7231654145335,7782.317180782104
2588.53770032874,7783.005238788286
2589.9347951928135,7783.597126415856
2590.9010130481292,7784.103014239329
2591.7660997028343,7784.601792706624
2592.09335705245,7784.9346434433455
2592.309858727063,7785.3664152726005
2592.384348674342,7785.76712687245
2592.3637437440852,7786.055894510039
2591.9100184282997,7786.533370084876
2591.1757449754496,7787.057751799148
2589.879543224897,7787.667067972576
2588.3943628786665,7788.20321744867
2587.5698073703743,7788.716502987632
2586.9246382707865,7789.289885742465
2586.4093405100757,7790.047240544677
2586.050555032368,7790.904486189539
2585.754247189884,7791.840650065762
2585.6181062994665,7792.629029106109
2585.722603675976,7793.149646968563
2585.9391320916016,7793.4824677102415
2586.478148503702,7793.88639648728
2586.9450214576996,7794.161230738847
2586.838849722124,7794.900641097228
2586.5414918697074,7795.707929037929
2586.608711939024,7796.147640479689
2586.7843448764975,7796.511372410888
2588.556772044559,7797.384253905297
2590.3482687087385,7798.709701846017
2591.7008053380373,7799.291602833308
2593.226547461664,7799.954546894947
2594.4887283076787,7800.796269909354
2595.4945898583464,7801.57288754929
2596.0119642876393,7801.776914129962
2596.5510789885757,7801.813966874666
2598.007433194717,7801.104945930044
2599.497517350412,7800.018185069676
2600.569951753819,7799.614791205974
2601.543648077961,7799.304336751225
2602.112832401499,7799.230477120424
2602.5124398202947,7799.233577788473
2602.9720018101248,7799.387614867462
2603.3498463367428,7799.640580787967
2603.9741821350776,7800.505972292711
2604.656351853838,7801.341554572874
2605.064128153059,7801.683404987983
2605.529840387526,7801.927317654327
2606.540733103186,7801.994623057282
2607.841639878492,7801.878070192104
2608.2519118725686,7801.940125616831
2608.6105935998175,7802.085158190396
2609.0268833505393,7802.418033671244
2609.303557368626,7802.808725663705
2609.450304467372,7803.222524139534
2609.468155129598,7803.552199258498
2609.1924426340847,7804.2296192499
2608.867329549197,7804.916003254279
2608.8106753086786,7805.517573781015
2608.9054517368513,7806.186116956702
2609.3179515886977,7807.261323098781
2609.706345549814,7808.302707818821
2610.458282302963,7809.4090281137815
2611.2883265320615,7810.496417388217
2611.8658369181317,7811.101152692827
2612.430107031652,7811.6058362376125
2613.466061378753,7812.176781619351
2614.7620455131887,7812.666701960507
2616.3262896953015,7813.1878171727685
2617.7534799583723,7813.551890466759
2620.920811035532,7813.826464800618
2624.0497342561553,7813.8833774785035
2626.0582044761873,7814.182674164688
2628.616468272525,7814.522120947561
2631.1061913342437,7815.594903923163
2631.6343595083945,7815.989854869649
2634.200477989952,7818.720487111745
2637.9933080746455,7824.412205028117
2639.8122524925407,7826.926777018522
2642.749319160583,7828.563267488959
2645.586601659469,7830.1479616868655
2652.876860961432,7834.838371480439
2659.2166109256946,7838.652129492046
2661.8913341095135,7840.263715770669
2666.24357127267,7842.529223419516
2670.5802858143015,7843.895292415341
2672.755869276918,7844.546459870881
2674.1805505670686,7845.206296514885
2676.507480971422,7846.81779011192
2677.870396644789,7848.737738638155
2678.7773765913284,7850.377764457405
2679.163489493696,7850.888387229489
2679.682147362303,7850.962545550075
2680.1334894466163,7850.956686468991
2681.019357797952,7850.205424923667
2681.453092829419,7848.707715624058
2681.5207430853393,7847.589648468138
2682.035980811102,7847.0631177624455
2682.708676293894,7846.829493965108
2683.4487899754795,7846.906706772918
2683.974607037427,7847.340462303547
2684.4281186699513,7847.932200013701
2684.285973557864,7848.382826086971
2683.620373241773,7848.9062224726895
2683.1844885197725,7849.7344160867515
2682.303124770179,7851.087164887615
2682.246073334319,7853.095594169061
2683.000166820621,7854.8026090323665
2683.383900485778,7855.465148973318
2683.5389158283415,7856.136702227996
2683.929699802803,7857.2489124543035
2684.6058560545603,7857.7666986305985
2686.0943904755136,7858.047907850991
2687.2136896996453,7858.039243336867
2688.482227714579,7857.278214328501
2690.0407285079614,7857.112767911656
2691.3115181665116,7857.25097674117
2692.886603516607,7857.754052925633
2694.3835031463086,7858.257107454832
2695.656565447754,7858.918999514066
2696.112495678916,7859.510638715529
2696.576873540403,7860.32821168697
2696.5813813667814,7860.915734304282
2696.4344157074393,7861.594185477239
2690.323494894337,7869.994128069693
2684.5585161678914,7876.376549087076
2677.432332337103,7887.918807492957
2671.9917368917772,7896.312963875061
2670.7738023459196,7900.863172971197
2670.9276307595255,7901.6026547762285
2671.600155435631,7902.268366776518
2676.4734170786855,7904.380111476162
2678.274934561435,7904.365651002392
2679.9140130193414,7904.270149410767
2681.172925934365,7903.590013113111
2682.1370160043684,7902.989693619236
2682.5847266316064,7903.1306641061
2682.7469619002027,7903.941169710542
2683.202889950042,7904.535800806378
2683.421799679096,7904.6866823585515
2684.015221229201,7904.45303649685
2684.5304973740067,7903.77867793073
2684.981856883249,7903.403149421892
2685.502954055346,7903.39731008113
2686.548591089343,7903.905125036635
2687.225974145929,7904.201169836344
2687.9685677830166,7904.047564597271
2690.861073482862,7901.411310704084
2693.6541601162353,7897.43410453016
2699.848660924941,7882.555193011169
2702.3819002235527,7873.894503389846
2702.620551469707,7868.237807101618
2703.131160223311,7866.962859779966
2703.6523442924877,7866.655380596156
2704.24194879672,7866.652554009964
2704.770223636237,7866.944368617546
2705.0047803818306,7867.535945949999
2706.233506663216,7871.548394429018
2706.9961696300347,7872.4358761908015
2708.111669805458,7872.8738888774415
2709.538809662666,7873.077080752231
2711.3307372032527,7873.062623767708
2712.5991271954495,7873.120935826232
2713.265747584729,7873.41687965467
2713.7300410041717,7874.230463501504
2714.260441438851,7875.265708221995
2715.1652055328827,7876.153330518621
2716.1339310151716,7876.292454795907
2717.1833244139966,7876.209959787925
2717.623734398545,7876.20409937078
2718.0796434846948,7876.567913003064
2718.3058968128466,7877.011560610825
2718.612546583332,7877.603158677388
2719.4296546966066,7877.75141729851
2719.8809551562294,7877.59354266078
2720.7029049643725,7877.439962413597
2721.822013767408,7877.80097151692
2722.5739534820555,7878.537730812503
2722.9575581111044,7879.348100283307
2722.8923863751497,7879.9485705566285
2722.297795454193,7880.472084149214
2721.5551764937013,7880.706682877327
2720.302033481236,7882.206253201802
2718.8378813848008,7885.123595710836
2718.3143195516377,7885.579100860022
2717.8761654742507,7885.575984475275
2716.889563593078,7884.920155354985
2715.6934156706866,7884.639123713352
2714.433519417585,7884.647745199049
2713.6800337542554,7884.952165744209
2711.7145768223645,7890.186735657886
2709.4637475394493,7896.317469980531
2703.876397463208,7904.261898737745
2703.5789047332105,7905.228980985871
2703.6712722358216,7906.128243867623
2704.4941578032867,7907.086863433754
2705.027019709864,7907.971287954129
2705.1215985817516,7909.610090296533
2704.9817483954766,7910.800255563093
2704.8588873934373,7911.2187676356325
2704.6938490544994,7911.776317896749
2704.3243688876087,7911.773221450214
2702.303876346256,7911.578840889851
2701.7163181060523,7912.622847856156
2701.3527603569855,7913.2202419552095
2700.8266976306227,7913.675747371212
2699.792786224497,7914.206121365475
2699.1329862448815,7915.481027049757
2698.7644625330604,7916.528985924718
2698.4799891135326,7918.084790392191
2698.510588361464,7920.5459051947155
2698.0768957861274,7922.191541605469
2698.388302740629,7923.075903607765
2698.983869517665,7923.519754245372
2699.955052944999,7923.507059661694
2700.846903401146,7923.125670710695
2701.2259165545242,7923.350611398886
2701.2233927674306,7923.720280355463
2701.308751788979,7924.320793116962
2701.3180555878603,7925.359082720644
2701.4730058639134,7926.253475499401
2702.233309724512,7927.207887851543
2703.294438228339,7928.398291178743
2704.57201945447,7929.867553897613
2705.9172909574327,7930.379545015435
2707.188028643025,7930.370925469407
2708.608129958802,7930.3523732955255
2710.842937645271,7929.811366502729
2711.734788258943,7929.42888132298
2712.5568169751896,7929.275200644102
2712.927467174151,7929.2693203291265
2713.227025800321,7929.26042748617
2713.2246242306815,7929.491245913972
2711.927238629294,7934.038435124578
2712.2387047430666,7935.002896031409
2712.6139839332895,7935.446585602028
2713.062754465639,7935.668553983331
2713.5885198703586,7936.263206264758
2713.895315856079,7936.626977625867
2714.049179581514,7937.227709360169
2712.3029589389926,7941.7846469721135
2711.2700279570117,7943.284181005728
2711.5730680008623,7943.946799150186
2712.109619579087,7944.4615554759375
2714.81438395245,7946.2249831592
2716.1003638554016,7948.076986614204
2718.123014833396,7948.871959246618
2720.1410556435503,7949.15023133469
2721.0411212917224,7949.218514923606
2721.6308887466457,7949.211699491243
2722.4457638559834,7948.679270796721
2724.35653257577,7945.013638651796
2725.661950633404,7941.874410005253
2725.9606759662884,7940.978250252202
2726.7007871771457,7940.743451636021
2727.4421676131306,7940.740669537568
2728.4121175450573,7940.658153206436
2729.3858037397144,7940.347611894684
2730.6411470388944,7939.598554492052
2732.424702674248,7939.051439576388
2732.9482803085566,7938.825756786144
2733.1698196602415,7938.527071630543
2733.732222330204,7937.042368459414
2736.443122810364,7929.855528626754
2737.0958079399084,7928.379928534198
2737.933628749204,7927.56681410484
2738.5161079608415,7927.373068071031
2739.0335930477877,7927.447229271275
2740.203154113332,7932.2778066181145
2741.027161624492,7933.085409733293
2741.9319608777178,7933.822114453836
2742.2303477901037,7933.8251920555
2742.602273130392,7933.736421858324
2742.8960322752796,7933.289829820347
2743.483550946564,7932.395648273713
2743.7378072685865,7927.105733916062
2743.8740312516684,7926.357356319942
2744.6249682972566,7926.2036580881695
2745.4420119122124,7926.561690993563
2746.353921470741,7927.529117512146
2746.9543302273464,7927.6642494547195
2747.322557826529,7927.6684444173125
2747.6886443479225,7926.989956853467
2747.9008022250023,7925.652982371347
2747.6360033626593,7921.410184160225
2747.5437870205415,7920.289079175843
2746.8687427300224,7919.70335979237
2746.1214794769876,7919.555118775302
2745.229669144909,7919.788675573325
2744.3354596321137,7920.24217823187
2743.5206240352436,7920.6235851318
2742.5518603456835,7920.635278508891
2741.8815899239003,7920.571247924083
2741.5677265986874,7919.8287268411705
2741.557199461937,7918.7065479783305
2741.838265099787,7916.2515068904395
2743.5668240399114,7910.493392738875
2743.7114099809846,7909.975736890502
2744.2325068335813,7909.969900734412
2744.4586343391056,7910.262828263409
2744.770119139677,7911.153176714674
2745.1511907982413,7912.348377895234
2745.687825791514,7912.863136095054
2746.427853854519,7912.9283838637375
2747.326797724846,7912.845649654221
2748.290870983345,7912.315260808518
2749.242079034878,7910.96363515108
2751.2075093654266,7905.5872297118485
2751.651675072363,7905.282623784616
2752.543507234232,7904.97814608684
2752.8526823815105,7905.190999179829
2753.2977788604385,7905.714808737239
2753.380547568593,7906.608184163456
2753.5280219851543,7921.048185727932
2751.328144882871,7925.761891309167
2750.262978686807,7930.241312512677
2749.41077599831,7934.945429458937
2749.8166828678973,7937.9902830758465
2750.3647337637153,7940.59338921547
2751.41834622904,7942.362339753287
2752.629831736617,7943.542816707913
2753.3746515740927,7944.0576349908015
2754.0521132151234,7944.353584795124
2754.573124763488,7944.347749174871
2754.8740607364807,7944.189932812454
2755.018667096097,7943.60145535182
2755.380021962444,7942.255546363586
2757.2927252647232,7932.4805963380595
2759.0039688331976,7915.855727821273
2759.8603962425377,7904.3117268979595
2760.2833370387652,7902.6630977518835
2761.090111866643,7900.722813185327
2762.049601901864,7899.597820839713
2762.869173317055,7899.586086538757
2763.469624152686,7899.580274236041
2764.8102906938857,7899.57068492171
2766.000430066538,7899.5530725627295
2766.750201335981,7899.399475477239
2767.5650601173697,7898.947049301043
2767.8624967454075,7898.197721006824
2768.447620120399,7897.5233870602715
2769.563353564913,7896.8432211011095
2770.7536410352245,7896.602670436908
2771.423826594977,7896.676777651793
2772.0218140460765,7897.11165608903
2772.7122488015184,7898.147049982444
2773.786021189032,7901.188107192308
2774.2394812091457,7901.930569855559
2774.8374647475666,7902.377418345216
2775.374079050553,7902.960206983382
2775.674629426532,7903.853645492034
2775.6792352081725,7904.374136906582
2775.0568767426616,7909.44918444368
2776.060867435473,7912.567028510009
2776.774299711673,7917.172843805494
2778.3453425507696,7919.197703090203
2779.3450183498144,7920.495027931333
2779.7370402066745,7921.607342273291
2779.9678087738716,7922.581657168353
2780.4936610133623,7922.864497854615
2781.1638241005144,7923.009627017117
2782.132587598595,7922.997937530236
2782.8054239238404,7922.844219673357
2783.5479770860825,7922.542694091499
2784.0691378651923,7922.314020917332
2784.4350997092547,7921.787452399475
2784.4969442430706,7920.299714496658
2784.452404350474,7916.207799551778
2785.101712957618,7913.74378927
2785.7648750480043,7913.287430458172
2786.5847036518485,7912.385339001015
2786.7969738945762,7910.968466514012
2786.5591170606094,7909.405530783043
2785.416478899386,7907.334810062052
2784.800796887737,7905.769769901009
2784.246980432224,7902.356199932609
2784.080088413555,7900.944205017279
2784.1477471040084,7900.124886644347
2784.520969241247,7899.598320243953
2785.042003772075,7899.52166451793
2786.531823334862,7899.654961976233
2788.6991944313295,7899.781473817627
2789.820741835766,7899.772821906965
2790.866373761789,7900.280648211732
2791.3224225634335,7900.724464043863
2792.2187571730055,7901.011602429403
2792.4415509009473,7900.712819268497
2792.726952833591,7900.035407242749
2793.3997272664506,7899.813761069036
2794.670600170595,7899.641365335709
2796.4588075250485,7899.777743570747
2801.0836632273276,7899.5072744628305
2801.830844656969,7899.652427500225
2803.257974519742,7900.155378935964
2803.6392108529267,7901.048841850684
2804.0156955679377,7901.640562780484
2804.613745139166,7901.856594044365
2805.6618201214037,7901.995750502327
2806.406923254839,7901.542309768698
2806.6238457145914,7900.492116285995
2807.2125795134043,7899.749956454213
2807.730005506843,7899.744122663191
2808.2582149869263,7899.9571412767755
2808.714135450905,7900.551778324926
2809.0953505181933,7901.516162963795
2809.693312618849,7902.030842907547
2810.738924674022,7902.317029175793
2811.7089419169083,7902.305343037524
2812.082142073128,7901.858776374616
2812.3736822302303,7900.740675809485
2812.8178708893392,7900.3650514567025
2813.116261740316,7900.358156365094
2813.262990688311,7900.798890230407
2813.5768490926444,7901.541413641414
2813.9579802256894,7902.505698701961
2814.2551512627456,7902.95954374685
2815.2310682178318,7903.3165318616575
2815.9819648373295,7903.310766905316
2816.0589167883727,7903.5326311479175
2816.2127931028763,7904.355006690705
2816.97293935629,7905.529374506655
2817.6454093929074,7906.3459171557015
2817.8798097016165,7907.159338926026
2817.962570302801,7908.059797087712
2818.052505679802,7909.248831109124
2817.980219878124,7909.618579321807
2817.693567450673,7910.287012832914
2817.399757248095,7910.893400401704
2817.03375157988,7911.561810671586
2817.1152635871076,7912.452094066321
2817.339045304162,7913.053845418802
2817.947753951614,7913.339704913895
2818.764769554188,7913.787617858875
2819.4422550552677,7914.002675854744
2819.8129068276758,7913.993707440635
2820.4134445135655,7913.689150567734
2821.215340913669,7912.487311158725
2821.8835170923808,7911.443335167715
2822.6156586719526,7909.9497096804325
2823.2741154223713,7909.043484247816
2823.802403962897,7909.268473617954
2824.105520756068,7909.931095304635
2824.1185027450833,7910.90135729218
2822.9458372512777,7920.742544897955
2822.726473688618,7921.860666374373
2822.963402517667,7922.301426894084
2823.9296141474842,7922.7393094645895
2824.981446176275,7922.578723498899
2825.494116569945,7922.283118521807
2825.9418673967725,7922.277265233654
2826.0993803153247,7922.64698121837
2826.1015581660527,7923.46931233367
2825.0339996431585,7928.019546316189
2824.2959596280257,7929.144597496717
2823.929931600848,7929.889814215584
2823.9321539792572,7930.561324914177
2824.537268557109,7931.147128925408
2825.369757484721,7932.031747966194
2826.338452205618,7932.250882025995
2827.0836219422013,7931.566524036729
2827.3773180161184,7931.347761197995
2827.8344510334573,7931.782601693975
2827.9112716745217,7932.165361083787
2828.211963125285,7933.12673036555
2827.963910677506,7937.593216654694
2827.746991827938,7938.342666574395
2827.22340688856,7938.868987587864
2825.1612278055477,7941.422453504282
2823.531486833195,7942.697065630291
2822.7922173953325,7943.750995574712
2822.1488199886826,7946.5177432739865
2822.159341505435,7947.626855155891
2822.4635393135154,7948.298454547699
2823.1410402439496,7948.736352020875
2824.7185252985905,7948.949580090423
2825.7620346950525,7948.706100365411
2826.4239834599102,7948.401561916636
2827.022010582947,7948.398745343021
2827.913752301441,7948.396015225288
2828.509641107328,7947.720690560508
2828.7903814453216,7946.442789391657
2828.8581479843474,7945.55245003589
2829.3816885427113,7945.17585229373
2830.2013005949793,7945.013303304058
2831.463629796025,7944.93367645406
2832.214653169667,7944.770010189844
2832.72153552725,7943.72598736596
2832.9337682565656,7942.457043544627
2833.2229496823393,7941.418841774732
2834.9236860140018,7939.912535378187
2835.6594830339695,7938.189988015623
2836.010455329899,7935.873920539652
2837.1281014846577,7928.719655973222
2838.882487249708,7924.976994316033
2842.1106000605087,7919.0625354790045
2843.7518545875914,7911.896357087508
2844.6038682802146,7899.822795183613
2845.3359758332863,7898.177253769208
2845.7103458990346,7897.730688754846
2846.1507759748697,7897.6540124756975
2847.2025660888658,7897.645346604446
2848.0402011714136,7897.78045538662
2854.153210576882,7898.762501909021
2860.133921879845,7899.602570169266
2862.2987170452643,7900.249787424719
2863.6475749785614,7900.752824268056
2865.5152421165435,7900.808342619373
2865.8942734807615,7900.962268540436
2866.262439747991,7901.175242619795
2866.2683756634033,7901.695834224263
2866.2754386854585,7902.0744833959
2864.978104459935,7906.473823849877
2864.53142508716,7907.081261648442
2863.939208628023,7907.4567397486935
2863.1172361416534,7907.687313942898
2862.6032672074202,7908.133836704859
2862.4586269094575,7908.812286076884
2862.4144172232463,7911.563249596165
2862.4996378519045,7912.314683928699
2863.166382029027,7912.450740624295
2864.068891096229,7912.448017068398
2864.73091271601,7911.911664699379
2865.9025907876676,7909.441830666486
2866.9936170325004,7907.130972572975
2867.9649124584944,7906.749523086058
2868.786802927606,7906.514859572265
2869.6016659075804,7906.062442043217
2870.096891768171,7904.116188396731
2870.4654338251576,7903.0710290743355
2871.2079028482854,7903.065265918786
2871.8855365171503,7903.062475917186
2872.7024939153607,7903.420519604622
2874.1530922477705,7905.790090940299
2874.7534763646017,7906.006127263348
2875.792103318611,7905.925441833401
2877.428920204886,7905.307488175463
2877.9525683542247,7904.863961578743
2878.6073734905594,7904.18855795246
2879.4294549072165,7903.8751934766515
2880.18277044267,7903.872426735429
2881.3775911825173,7904.381305095451
2882.7997631385147,7905.262115928394
2883.485564175216,7905.847848079077
2883.936573426808,7906.66442867584
2884.3924445005587,7907.406897268821
2885.2190803295716,7907.764944928651
2886.189118468803,7907.682245058837
2887.3747002949617,7907.001215994844
2889.8158534052986,7904.59271298215
2891.4419937532493,7903.687880483554
2893.4661835064153,7903.5126322585575
2894.5841425576914,7903.50399150014
2895.096923662072,7903.128391604873
2896.2138098337264,7902.527142115991
2897.185064973274,7902.284645878734
2898.2958493683204,7902.272013427697
2899.422100466889,7902.713044054958
2900.7782128514614,7903.225065702951
2901.9684363679066,7903.204477730926
2903.309063826221,7903.046980021167
2904.8653200111576,7902.289956643864
2906.8786834067196,7902.046778933956
2908.3839925717734,7902.549869373626
2911.5968123165644,7903.4840934687045
2915.135270960639,7905.9073701929065
2917.1731073750516,7908.603903777458
2918.120857255523,7910.20007518067
2918.630432929675,7912.6862733684375
2920.431807863249,7920.820650480722
2920.733617381348,7921.643172424108
2922.0860498058596,7922.444966727965
2923.582924620654,7922.9570344082
2923.8102520726343,7923.400786966699
2924.193920445146,7924.21425676795
2924.6448428664107,7925.027747056343
2924.958750964725,7925.850272819419
2925.2545849675184,7926.290954045597
2925.2605176682005,7926.811545706043
2925.2759795249003,7927.550989505371
2925.2805311912057,7928.222500942288
2925.5041419698596,7928.814080379268
2926.032406307455,7929.107104168323
2927.1515062530693,7929.178366466012
2928.1227802200615,7928.867844554142
2929.5252431173594,7927.589190937449
2930.401938108374,7925.494131409134
2930.2397484677394,7924.6037226848375
2929.936663802641,7923.861298465777
2930.2329438623356,7923.112872553206
2930.596493838753,7922.586408611143
2931.7052808625285,7921.455593490848
2934.6070101942073,7920.239441952309
2936.5376642570027,7918.954965735087
2938.4717175803817,7918.561847705104
2940.6259363634517,7918.019971976311
2944.2809924555695,7917.312673861767
2947.556863595266,7916.688052483927
2950.317418248096,7916.811790251255
2952.041628023768,7917.465874929586
2954.7371888055372,7918.1071913912865
2955.6381954601766,7918.917829040085
2956.102528675206,7919.799353714093
2956.109329270474,7921.2902038564525
2956.119747888808,7922.412382932311
2957.018267843125,7923.70959541062
2957.3384333296676,7923.712686392244
2958.828210077426,7923.694192631991
2961.271294687618,7923.455148571877
2961.8972581448706,7922.699942537577
2962.6377191641836,7921.624876908908
2962.9423117603374,7920.987574907497
2963.5837988660546,7920.762938527032
2964.323929288059,7920.760174314691
2964.7510056796045,7920.963095700872
2965.0757331063164,7921.5957040736075
2965.2993784121677,7922.338304386629
2966.319468929485,7927.427711728691
2966.8678756690133,7928.690902434812
2967.514003779697,7929.107753354714
2968.2612116529867,7929.4217943521235
2969.11669730009,7929.831727612887
2969.4438754574708,7930.36239345798
2970.1969602763784,7931.099072802302
2971.596157516144,7932.5714010965985
2972.136116801146,7933.625814912626
2972.5798491670403,7934.4702274168585
2973.749591693724,7934.559565365917
2974.8015115996027,7934.119199967013
2975.763014787905,7934.107527752031
2977.6799641799407,7934.511905312981
2978.760292763081,7935.56239723165
2980.0428689408905,7936.392207518072
2980.807639383572,7938.1880258783995
2978.7092312540626,7948.730342635806
2977.6476326066645,7949.173697084834
2976.9027322114976,7949.497251480188
2976.3790503524815,7950.042616406252
2974.114631626673,7956.444003860029
2974.126402343528,7957.504239323183
2974.56188856015,7958.028056201226
2975.6266094027396,7958.545883468473
2976.4871114884218,7958.645100910584
2977.6496723839664,7958.204770076635
2978.713655439644,7957.872337216013
2980.0834331610063,7956.793577733066
2980.6013027389176,7955.617697955117
2980.9012723565884,7954.551574232098
2980.78014205751,7953.389461151502
2981.2025411024115,7953.0638120236345
2981.841472969847,7953.269892121945
2981.958096108767,7953.89834682086
2982.921852621594,7954.416343064337
2983.563300717688,7954.311606256206
2984.182137389698,7953.128675842256
2985.324998309158,7950.568973434437
2986.278203680716,7950.13456355378
2986.917187998986,7950.440592469445
2986.930107321373,7951.290956464312
2987.677398131031,7951.599014067335
2988.738844496885,7951.377502390419
2990.6486985503943,7951.242138658745
2992.996485684386,7951.54161769649
2994.813470622783,7951.936990147975
2996.842309993682,7952.344199387801
2997.6953042579826,7952.972983673893
2998.139989054912,7954.765810903551
2998.2658233632483,7956.355549520157
2999.0177498884586,7957.314172254457
3000.938266637627,7957.499606586898
3002.327073626572,7957.482085530901
3003.3896222315175,7957.470447647588
3004.136913030674,7957.775314565956
3004.5770187188455,7958.73084780576
3004.5898711550512,7959.789986406229
3003.9648924203043,7961.395549997894
3003.8753799891624,7962.664528452427
3004.207262797335,7963.616935634229
3005.9160842408955,7963.81138195039
3007.178559147561,7963.263157546605
3008.3460258908226,7962.6140573534585
3009.612354613057,7961.751026721665
3010.782009728139,7961.841366643657
3011.8564591567756,7962.460246684598
3012.9259827340097,7963.619664985525
3013.052080243822,7964.362235871036
3013.062542665147,7965.323420258987
3013.067150300498,7966.062860840987
3013.391904334845,7966.595622173904
3014.45802589125,7966.894604938048
3015.3017205326123,7966.572281427318
3016.1467708003497,7965.91899131999
3017.108302880856,7965.805379807479
3017.643665859229,7966.329130251256
3018.1894586274734,7967.9161083101935
3018.4296381285826,7969.398054489944
3018.444825530761,7970.987758660556
3018.1623897453346,7973.86552761044
3018.1774588153403,7975.566352109843
3018.509291214051,7976.4077391798555
3019.3601472440896,7976.395039090466
3020.421626481944,7976.062610052473
3021.053480604212,7975.948895320347
3021.81144576703,7976.26693384758
3021.8232464329103,7977.2151513095205
3022.052608549305,7978.599240462909
3022.693808406283,7979.544663397787
3023.6600117573867,7979.961618801019
3025.361555992425,7979.9372170418455
3026.526801148505,7979.186174893077
3027.377490091978,7979.173375712555
3028.328224889343,7979.161705366709
3029.0862770806366,7979.466777124409
3029.409861283064,7980.000536136965
3029.523910910338,7980.840857454726
3029.7475495654203,7981.584357071598
3030.5025151890727,7991.670912349748
3031.26975841478,7993.254968573928
3032.556010671021,7993.766986861556
3033.825641219261,7993.539560898803
3034.879975306188,7993.105287491055
3035.936863560349,7992.2461841108925
3036.2418461077596,7990.647603602918
3035.673448260185,7987.994400509948
3035.4464556415855,7986.512358273475
3035.5429496625597,7985.870903085899
3036.8079926174973,7985.113908754791
3038.7202430480784,7984.769780723483
3040.429025887254,7985.072061823597
3044.5841871337943,7985.75685723903
3045.5984984355196,7986.2877434266875
3046.186829895574,7986.592762755363
3049.3946895377153,7988.0386439803815
3050.9926956723575,7988.233063168799
3053.0157874905785,7987.790022180742
3053.861972317022,7987.244664123608
3055.1140198645217,7985.6373080571375
3056.0579170736223,7984.035839094128
3056.2409961533785,7983.746026790456
3056.676775820171,7983.067772595358
3057.100629003014,7982.634198866103
3057.83945493123,7982.5205205785305
3058.5892286235003,7982.6157201905435
3059.7717907031124,7983.565407622233
3059.885952285239,7984.307775847852
3059.5858588935703,7985.475840568063
3059.379855125969,7986.221298838625
3059.2762507698358,7986.6517824364855
3059.280890134563,7987.280401965564
3059.8199356330056,7987.496430354097
3061.097893977428,7987.586711145836
3062.583076590566,7987.029687276385
3063.5337587810022,7986.919069414314
3063.9716940005223,7987.33187054326
3064.296410089162,7987.972462246257
3064.3069191968434,7989.032697472001
3064.311521918302,7989.77513057894
3064.9635130070205,7990.619613828963
3065.9141990068065,7990.496028831283
3067.3041695195616,7990.478517538571
3067.832370475328,7990.684568020057
3069.6564989985836,7991.409527553711
3072.643086110178,7992.014063001157
3074.029334455405,7992.415197947376
3075.4155788499747,7992.8283029719505
3076.0603765096484,7993.463112324635
3076.1781791659655,7993.774865581686
3076.0804484278015,7994.622102117352
3074.961000318385,7999.314334805749
3075.1820652566835,8000.265611801151
3075.405665683924,8001.116043391353
3075.4128223564817,8001.436838398818
3074.671342844265,8001.763378808192
3074.1369999177814,8001.97896491431
3074.052453124672,8002.8263054447825
3073.9664304996973,8004.634926419773
3074.192213087669,8006.22779033832
3074.741768347373,8007.493980197667
3075.6125717575796,8008.760272884964
3076.4773478661305,8010.347356445067
3076.925701867028,8011.832363302024
3078.4244325044233,8021.584403383184
3079.5197770841564,8024.662409397133
3079.96695234691,8025.916596900816
3081.051909323258,8027.818559270037
3082.2344668443316,8028.7581748776
3082.9745572188103,8028.8543707891395
3084.043189538175,8028.8417462837615
3085.4201249761713,8028.084794220597
3086.2509778929134,8026.689073989375
3087.312333830065,8026.4705656109545
3088.1656377595887,8026.356926431382
3089.9718248560935,8026.542341847017
3092.2263757030973,8028.431714233025
3093.8444916660847,8029.896051327991
3096.200207139579,8031.674436601474
3097.166369479611,8032.192445136755
3098.3385384660696,8031.962003816458
3101.106262919994,8032.254562526119
3102.3900662574906,8033.08738213426
3104.9588949568188,8034.3262961116125
3109.465912297682,8037.036736199052
3111.274597297813,8037.231133841837
3113.5116365411395,8037.521629109814
3114.8989583984935,8037.931847490969
3116.292353970489,8038.65268637242
3116.7181493143285,8039.177404358389
3117.2734144369165,8041.081194073199
3118.886922044979,8041.815171847945
3120.80854652156,8042.641118770293
3121.672303745389,8043.479789512781
3122.099418753852,8043.793638814172
3121.6096298596153,8047.617656316828
3121.6214371624096,8048.258148391799
3122.5850363767045,8049.207672784012
3123.5487438955324,8049.823636691022
3125.361082119615,8049.809163801673
3127.7994598708015,8048.8207463848075
3128.650259069729,8048.707109981016
3129.280941528337,8048.593401973075
3130.147221840973,8049.111181818094
3131.243822352946,8051.859523870015
3132.320345884513,8053.2278322801885
3133.279516000595,8053.425947189159
3134.2338850349997,8052.994644517622
3135.2954099579288,8052.76417161288
3136.146172677402,8052.761456732037
3138.0630114963883,8053.155791687911
3139.5658407710553,8053.988588061632
3140.7460065840755,8055.0701529363405
3141.1730939308986,8055.465099014128
3143.1785810968545,8060.851601540862
3143.3744933401067,8061.381232991516
3144.351219063707,8062.749510129859
3144.894974618045,8063.597055704065
3145.211326862337,8064.018897951861
3145.224232038856,8064.8691625559595
3145.241802961271,8066.25019305198
3145.2593889455698,8067.839998187027
3146.4444237566527,8068.56985044787
3147.6175270616322,8069.297604217211
3147.954056896846,8070.782677648375
3148.0868992539745,8072.804134434326
3148.8446397494586,8074.280268729771
3149.6047017078135,8075.546631720213
3149.9366025747927,8076.388023483096
3150.467202869788,8076.382212465575
3151.2181718930387,8076.369491307931
3151.8441036302247,8075.726116082073
3152.050265903911,8074.767994903531
3152.2573723019686,8074.238395692227
3152.7857201489364,8074.231586576243
3153.7472095237817,8074.219932168974
3154.921550667394,8074.731830431154
3155.3473396448835,8075.264629826707
3155.568793786525,8075.2557251271255
3156.097141252082,8075.249913686276
3157.991772491997,8073.6356996754
3158.6177412743104,8072.881603528739
3159.884035438209,8072.120536011861
3160.626679590429,8071.796995000777
3161.164469419711,8072.004051282169
3161.383395319045,8072.324916045502
3161.380873268346,8072.635633319565
3161.073765773306,8073.283002995777
3161.0795301187736,8074.022444152669
3161.522071505246,8074.8659674310675
3160.7817196552196,8075.830994888854
3160.374643464183,8077.007001354132
3160.3921652704826,8078.277011263858
3160.819325380292,8078.698790725669
3161.564061952001,8079.114789487435
3162.525550858176,8079.1031359585395
3164.002363602763,8078.346128218209
3164.954678430035,8077.055390604396
3165.88322568208,8074.7134904028235
3166.484593289945,8072.147645764299
3167.0106449651626,8071.51331578268
3168.072133357197,8071.389777393386
3168.9205610590807,8071.378087234217
3169.0383234636215,8071.799765049341
3169.0429849648576,8072.3394086179
3169.0487853271857,8072.967829167463
3168.120269706292,8075.210977562931
3168.1340931403174,8076.8126516594575
3168.569646808028,8077.336477451864
3169.639256723312,8077.632486164898
3170.5901669519762,8077.313204071029
3172.9214750857363,8076.111798645404
3173.7508945347918,8075.039870622755
3174.9206881133223,8074.917366244677
3176.0869848356806,8074.267188706272
3176.7130017891936,8073.623914879301
3177.6745282834027,8073.500344509806
3178.4217167310667,8073.818391878096
3180.1326065717,8074.752209414179
3181.7331356247873,8074.835630579645
3182.6864196620686,8074.405329839767
3182.993515344594,8073.546093996337
3184.1538647150574,8072.464301585624
3184.88355708377,8071.192444507713
3186.3604963296125,8070.31464422766
3188.2610486328203,8069.231102778137
3190.162826501329,8067.724825897384
3191.4056798338397,8064.946431207204
3191.393946977566,8064.095967435075
3193.0767780260617,8062.589817934545
3194.2301437574647,8061.188229176517
3196.2402417883964,8059.897746582184
3198.2335462311717,8058.173849464459
3198.762094808777,8057.316583076008
3199.8189576681616,8056.556548373062
3201.9395141882683,8056.323443018256
3204.4989974663404,8056.5051410194965
3208.442220813303,8057.307840011365
3217.5210178152956,8059.954921661824
3229.1706610122683,8064.703289836474
3239.0200191855397,8069.577846208799
3242.861644889907,8071.988279329852
3247.443404915979,8074.097223364667
3253.9099471751806,8079.321370048044
3258.339588153109,8082.909246097724
3265.890447052527,8091.264490494809
3266.4809299775675,8092.318938285183
3266.477178592245,8092.799527657917
3266.323002203402,8093.227099192608
3266.1110926944093,8093.38692480624
3265.420400928992,8093.550577694587
3264.3589181349616,8093.661137961207
3262.446587343272,8094.036143307152
3261.9639240517936,8094.4116341746185
3260.362219815373,8098.047440227996
3259.2819274432504,8100.477158786447
3258.910851527251,8101.756114305362
3258.807122412425,8102.285646541077
3258.4460029755105,8102.50138091782
3257.964700328715,8102.557176929012
3256.791216728642,8102.987495344073
3255.3612717143437,8104.056120595217
3254.7832532531584,8105.122141822308
3254.2003535766776,8106.5578312134585
3254.477837834776,8108.147724667687
3254.4857435117697,8109.687552588534
3254.3817096491775,8111.11741921132
3254.3343904821863,8112.127661014254
3254.4448940208613,8113.028032873686
3254.8756602647677,8113.133114701386
3255.726417671842,8113.130410408071
3257.8551955948433,8113.225993109995
3258.7106294295872,8113.70398107582
3259.1895070566834,8113.907930664649
3259.9296060295314,8113.954265722024
3260.519350209349,8113.741601428917
3261.1017873169817,8113.42399874607
3262.791319838383,8110.128067383957
3262.7821763648576,8108.797113435254
3262.71983831764,8107.8387039201725
3262.1352498561882,8107.364897243917
3261.3316364270518,8106.628277415669
3260.909486104161,8105.721715050078
3260.3165666379805,8104.717340747219
3260.20126503906,8104.187734218855
3260.3637779083715,8104.0268942209295
3260.682685673541,8104.029994892118
3260.8920404127757,8104.0210885130555
3261.6392237648256,8104.339042618158
3262.3935210334876,8105.084822629669
3262.821779888569,8105.448652857613
3264.040842349077,8105.449066817637
3264.576154987592,8105.812933477689
3265.320859717667,8106.548635820676
3266.1280940184993,8107.18750319683
3266.3952354498115,8107.288440223586
3267.135385888458,8107.184853106208
3268.040471501697,8106.913245080308
3268.779290385189,8106.799582997104
3269.1583871274347,8106.963699293958
3270.3385223276564,8108.073209890238
3270.8690835545135,8108.177229152889
3271.4491451759095,8108.221515648658
3272.0881663889336,8108.116797253156
3272.837982676907,8108.052016232578
3273.4179023191714,8108.268070569367
3273.9051320604076,8108.692967763509
3274.067354847469,8109.383485576827
3274.445883892678,8110.96742909613
3274.5757372507805,8114.578686248059
3274.4668441567183,8116.547195591539
3275.2783580914847,8118.823644488043
3276.034702494494,8120.410809079648
3276.411114754504,8121.104392428469
3276.408723912384,8121.264189512103
3276.3568022343547,8121.57299470654
3275.8825293718146,8122.059508388092
3275.0397296493743,8123.44214124389
3274.669858495937,8124.610175718222
3274.8320097356846,8125.509567935714
3275.3685635712163,8126.144154413522
3275.4224507885083,8126.677730169428
3276.1249407945943,8127.633365530664
3276.2928472908084,8129.272199063738
3276.985766469308,8129.909831413581
3277.8436933382563,8130.165980175115
3278.109518110975,8130.699727989089
3278.1057376297,8131.019422243406
3278.111630910433,8131.599065680772
3277.3275096466773,8133.4133322944135
3277.437889827901,8134.423627799015
3277.751825998213,8135.055245781162
3278.349660499568,8135.5831219093625
3278.9271600269817,8135.794986302383
3279.5169327803374,8135.740325594837
3280.740860129608,8135.410973143169
3280.9527223457994,8135.143319157937
3281.1562637100856,8134.563747210356
3281.2106082987366,8134.245965451963
3281.7931142397656,8133.969460627098
3282.0639109558,8133.870602099256
3282.535725833005,8133.49510850656
3282.9606642408394,8133.070522424591
3283.5390664322335,8130.886316694298
3284.2771245512954,8129.820451595424
3284.5959979965774,8129.9214068105775
3285.1324670850377,8130.557190800374
3285.137087526815,8131.1976806984085
3285.1437534242486,8132.688531515523
3286.0586138536905,8135.545655630787
3287.5574604383282,8136.969087733066
3289.4822518284377,8138.926323001453
3291.927012873153,8140.47696033379
3292.380335836448,8141.469418679812
3292.668788780535,8142.68356259035
3292.8800853793305,8143.82276857912
3294.000122838509,8144.9722609019245
3294.984251193515,8145.592139312717
3295.516123682195,8145.515415208042
3295.975044598502,8144.5392293645145
3297.0870356605883,8140.68860113228
3297.634103259767,8138.642338346235
3298.4022248436872,8137.749249898041
3299.0110844454152,8137.75544382533
3299.53557180691,8138.289281032948
3299.7878388149443,8139.422416541841
3299.780280828698,8140.291826231425
3299.646162024706,8142.081376999506
3299.417159219747,8146.579978319909
3299.471074513983,8147.270459416918
3299.316863544439,8147.796981451404
3299.0014254105554,8148.385392275622
3298.847057923248,8149.124778633712
3299.1092385318866,8149.817326205848
3299.964612798316,8150.453220518425
3300.980064205359,8150.974059548412
3301.4673918572917,8151.34698896921
3301.4154485868266,8151.7167406739445
3302.1129222868694,8152.931025406567
3302.4869772078328,8153.676578235628
3303.0176196434318,8153.77870407728
3303.5483163909967,8153.7229273047205
3304.502783403966,8153.242664752564
3305.3561056080885,8152.808252056139
3305.936177501657,8152.814436520746
3306.904826281553,8153.070526228777
3307.2187473312,8153.496362988642
3307.602225891628,8154.497675701665
3308.138427911938,8156.142621567363
3308.5217136132987,8157.9454174961065
3309.2734931209634,8158.952842019016
3311.144306436398,8160.13670908925
3311.721740679539,8160.531515112187
3312.2596780993836,8160.528708032534
3313.370346301651,8160.526098421429
3313.9119561064967,8160.520300231227
3314.225839724641,8161.052968399611
3314.55049803264,8161.795611954047
3314.9291459518136,8163.009787677633
3315.4114149339484,8164.014227010784
3315.838358901283,8164.547931731349
3316.485676584395,8164.812988701739
3317.6035335007314,8165.013171794158
3318.2943333411345,8165.007425347369
3318.874359376982,8164.902689686272
3319.887780696865,8164.530277693963
3320.253765733942,8163.994951476346
3320.522456656341,8162.986681634648
3320.98682671242,8160.011129816355
3321.087983207131,8159.690471728572
3321.673007891662,8159.367886140801
3322.4118202594514,8159.263205577006
3323.050804396818,8159.257441566605
3324.3325606857707,8159.149956436031
3324.754924301174,8158.934245698991
3325.441124149665,8158.2380355820615
3325.8072008229396,8157.43967149314
3326.1804564803238,8157.114219926216
3326.709880125339,8157.120388115126
3326.7687998016504,8157.329083422414
3327.093457254474,8158.07172739686
3327.362665675853,8159.184919723698
3328.3408258187274,8163.051330324368
3328.766683320023,8163.588127461575
3329.3717954000285,8164.049975469186
3329.7303242420967,8164.324908186779
3330.529289031846,8164.482090224538
3331.0599680154196,8164.4762892129265
3331.8614638463077,8164.312579694099
3332.170749146206,8164.146904080065
3332.227606860264,8163.564389611586
3332.223006950944,8162.873825664155
3331.895835959523,8162.4030964289495
3331.8936942268874,8161.601712186406
3331.947995388096,8161.173009796134
3332.478847773346,8160.908460006187
3333.32845085665,8160.853792948476
3333.9142487472263,8161.429547906103
3334.0341454047284,8162.649619562461
3333.9773784369736,8163.451083111713
3334.14191532522,8164.190479811978
3334.4173145972613,8164.7732092930655
3334.793797235497,8165.246948202044
3334.9488109184613,8165.7776666965665
3334.953428050096,8166.41805690358
3334.9627218924084,8167.527269056819
3336.370882752154,8173.681074442889
3337.517091026376,8175.610019710312
3338.1965590383597,8176.756471530221
3340.552085176006,8178.605738857405
3342.3608952844975,8178.590407936326
3344.054183311917,8178.215342235173
3345.593654655873,8176.9898630073785
3345.9704892704835,8176.450352081641
3345.957573281191,8175.443082120457
3345.6747197109135,8172.309368637098
3345.248059783184,8170.7264029008165
3344.972766359479,8170.081729002976
3345.0775831274864,8169.555290238756
3345.557749948434,8169.39855219843
3346.359276429722,8169.385863893102
3347.849075257593,8169.43635701375
3348.269029845864,8169.429421138643
3348.802312960253,8168.8940545493315
3349.274090096041,8168.629385350665
3349.704916004057,8168.792525376324
3350.1378963447855,8169.477054229802
3350.2987139012807,8170.589311694666
3350.146584950607,8172.077114824537
3349.934386309645,8173.306048349251
3349.4600432481784,8173.990460441576
3349.4657828125487,8174.51993016213
3348.8314896836023,8174.954415275058
3347.557791413656,8176.605715313344
3347.142412117887,8177.132245383259
3347.0387247790627,8177.76970517221
3346.9300017119062,8178.730848725993
3346.989781270332,8180.06192028792
3347.4812550199567,8182.175473668654
3347.7431598649587,8183.16776827409
3348.7811968601673,8184.4652660192705
3349.6065331467994,8185.08210226316
3350.812074573081,8185.781962558978
3351.3328357063797,8186.696443551308
3351.775306366409,8187.6798238249585
3353.1434352774654,8188.004086367494
3353.89322107861,8188.010332945944
3354.206165099112,8187.640772344331
3354.1439030345655,8186.731338913441
3353.7762166632806,8185.206447264112
3353.7837626971736,8184.146217701963
3354.186139648963,8182.862388911471
3354.4933202134553,8182.033083134766
3355.491291129683,8180.983273989098
3356.8783222247685,8179.033166557218
3357.179625014589,8174.014101327253
3356.4721867779135,8170.298602767369
3356.3594402239823,8169.399326111976
3356.461765988473,8169.078569049326
3356.992538666003,8168.8040456816625
3357.7939405918814,8168.90916186083
3358.0597151844017,8169.331991001698
3358.064313616209,8170.021457734279
3358.490207935578,8170.447335315576
3359.1809239764893,8170.441591779584
3360.030647947992,8170.277901465043
3361.0463780446357,8169.74868918121
3361.0417901654982,8169.2680968732575
3361.037174842673,8168.627507148185
3360.559565020188,8168.152734357399
3360.0760586800084,8167.3601592052755
3359.8621557514016,8166.778547721232
3360.225723564772,8166.242124941011
3361.13083259362,8165.656815049249
3363.097503269751,8164.955070590778
3364.5897156747824,8164.786717838068
3367.409196469812,8164.879574189577
3369.0553171521096,8165.2958052262575
3370.336496289643,8166.356586367877
3371.7226821424047,8166.828685899394
3372.900715977211,8166.976927302441
3373.3666939416457,8166.120845399182
3375.37836713597,8163.678399374098
3376.8624042911274,8163.031350187429
3378.3040799246087,8163.0228794600025
3378.6229508908223,8163.124935039777
3379.099343287176,8163.50075728202
3379.9585336107116,8163.706941364588
3380.808118423574,8163.704247733687
3382.030699448327,8163.6436315130995
3382.9886714804065,8163.643968688621
3383.6275817749624,8163.8470830931965
3383.9451260602873,8164.16200275966
3384.2723300001244,8164.531787788996
3384.4862315103665,8165.113399810829
3384.122626368875,8165.751765144356
3383.956496347419,8166.229504376472
3384.2893804430564,8167.291748999477
3384.6550489295555,8167.664540058262
3384.8715179570377,8168.300117212194
3384.7264379038274,8169.895950447276
3385.200402215413,8170.5305210598935
3386.380854015359,8170.681956940049
3387.9680561344117,8170.885206334532
3389.3542404320597,8171.357408155467
3389.5789501929203,8172.047950025296
3389.743583337797,8172.738470709011
3389.7373887401377,8173.268135747627
3389.7431735020737,8173.899648744881
3389.2145582478056,8174.915705177541
3388.112427724403,8177.685146955834
3387.958267695876,8178.054862174368
3388.1709531501947,8179.007240919568
3388.6533061015334,8179.749743101718
3389.456820175001,8180.486473377108
3390.3051429124366,8180.745621278568
3390.743030171139,8181.229458702619
3390.7451320877326,8182.129694233929
3390.749701149266,8182.659363071417
3390.432859133189,8183.666516757999
3390.437483119258,8184.276982317709
3390.439631265741,8185.046347168356
3390.8206201277735,8186.217634686188
3391.351045144791,8187.164040936723
3394.4060681472465,8191.508889564774
3395.161285142163,8193.144940329697
3395.7507924750494,8193.360905718238
3396.1202830987445,8193.303181856314
3396.594576216936,8192.766699812497
3398.1157242223644,8189.101062503513
3398.325967561727,8186.811797366303
3398.3109834790343,8185.062094723236
3398.62780891123,8184.104017799143
3399.2185240954054,8184.209162677676
3399.9653216465945,8185.586362150823
3400.5549961795464,8185.802427644198
3401.1349776943985,8185.586776029178
3401.7175851594307,8185.260204488717
3402.191839302474,8184.835740842778
3402.7569643405427,8175.918678963378
3401.761298053213,8170.681403915742
3402.0709252947913,8169.553252519655
3402.3890138342485,8168.565151740726
3403.15953021615,8167.292328010362
3404.4743482874233,8165.481252022144
3411.736536154055,8159.352355869582
3413.506204448107,8157.258753943893
3415.4449910233884,8153.565138695269
3416.8717208708686,8148.194760554407
3424.017055690443,8139.186178366184
3430.6361053540104,8131.229566166657
3433.0933427638183,8127.930946236452
3434.6567458515733,8124.003489017461
3435.8374904662805,8120.084872670963
3437.079053923482,8117.59318765908
3445.5974899627304,8108.44516522802
3446.6055348002546,8106.344114580095
3447.163399594508,8104.298961500164
3447.4033356057735,8103.01088903407
3447.1874051658656,8101.347098077078
3447.0006149355218,8098.466280089693
3444.0278785676833,8092.90141487622
3442.2589972404758,8089.255553898104
3441.0023978146287,8086.423329710159
3440.585546992483,8084.510593272684
3437.39944185651,8069.8626104167415
3436.7541438449653,8067.209355724338
3435.5027560181434,8063.557696258727
3433.8695504535567,8060.584393176006
3431.4011641958377,8057.6717387757835
3426.7054100666855,8051.483730787361
3421.193135451063,8043.316913291857
3418.914840987809,8037.29575243779
3418.284890836296,8032.292318734467
3417.7291054093635,8028.265154792153
3417.7883987486207,8027.18599161124
3418.012522248419,8023.197109433223
3418.1032340429338,8021.758262600203
3421.3196343371314,8012.6243952111745
3425.815020614641,8003.742551769182
3429.675244688469,7997.942428095065
3434.987321776899,7990.359113570155
3438.735877112801,7987.220755224263
3440.494497985395,7986.023399396511
3442.3164541476012,7985.749243375227
3443.527100649399,7985.759651977513
3446.479075378379,7985.794724539051
3449.1360902750325,7986.047444166308
3450.497177117676,7986.069877517017
3452.238587811669,7985.63280437211
3453.615526471806,7984.964881175849
3454.4643909617494,7983.761016587229
3456.331296616844,7979.38609913045
3457.035887087012,7977.731616759437
3457.115704548181,7976.672411081539
3457.057203861007,7975.3044325617
3456.3635165468327,7969.847415277031
3456.2504290383463,7966.436857354769
3457.527943920919,7954.7762626774675
3457.923193915081,7953.189598200062
3464.5266290108193,7945.464822396918
3473.5622824687316,7937.608064343076
3484.5494262967145,7931.071002860744
3493.4720828727586,7926.094972963974
3506.95882830461,7919.358949180029
3514.7191700527133,7917.094589740639
3524.583045564022,7915.3975819194075
3528.673397211213,7915.322076658973
3537.6941390546826,7915.547234647587
3540.5676712929207,7916.111874498382
3541.1656706417157,7916.416827917286
3541.8405729943997,7917.030532779183
3542.2868186137566,7917.714177180778
3542.736566623251,7918.629739251907
3543.2921385838126,7922.884636628925
3543.7320672600863,7924.178941976737
3543.873723617641,7925.159227338994
3543.6387779506636,7925.765614451768
3543.0809695963226,7927.574057133728
3543.508322134762,7930.387135675033
3544.3971662175495,7931.684399566205
3545.744381295667,7933.364669190243
3547.6249242121844,7934.45242747135
3548.9112321295024,7934.760727704269
3549.744086831746,7934.700188412616
3550.2025147630807,7934.703350212137
3550.4983693071626,7935.2359195221015
3550.560697875808,7936.145353923898
3550.821637610964,7939.709680613689
3551.016743984142,7942.590602791017
3551.4541371575915,7944.192533422711
3551.828232949763,7944.797250199032
3552.4250047580967,7945.031282363849
3552.737993362056,7945.034390526971
3553.417984450392,7944.741778931616
3554.415887861359,7943.999716336901
3554.80500632576,7942.791800443848
3555.4936519652165,7941.886733503472
3555.3679393046755,7940.2169889381685
3555.11698841493,7935.59542645931
3555.770737684598,7931.358830728696
3556.2752648536457,7927.425017728826
3555.9661163906344,7927.19009426074
3555.9818864906156,7926.7404317320625
3555.9894283610533,7925.752221473299
3556.226793719454,7924.922896608939
3556.8432911264194,7924.168723287662
3557.6139868479086,7922.745091990827
3558.830957420815,7921.923112294151
3559.903266595034,7921.704660189503
3561.795109965383,7921.347661320443
3566.656166573794,7920.271277471559
3573.1876182240653,7918.825847288313
3582.824703609466,7918.2568760239255
3584.796067536022,7917.90290380248
3585.47968043713,7917.52750419028
3585.943312322451,7917.003995077044
3586.028954937088,7916.473462267776
3585.952023602939,7916.020772737531
3585.508229959417,7915.259123527228
3585.1354731427195,7914.646525792257
3584.5350303106534,7914.408400534986
3583.7768508231966,7914.2543048722155
3579.921379117153,7913.680308884363
3579.0141214853456,7913.214342794984
3578.718265370594,7912.912392245904
3578.6413642498883,7912.601545822564
3578.803937009849,7912.302957946405
3579.104800385993,7912.155142265965
3579.7910846920004,7911.329077406453
3580.1751974962194,7910.802545933318
3580.258363391372,7910.423929827783
3580.2608696558377,7910.19201440761
3580.1141529292067,7909.8133126722
3578.4088720608215,7906.83985907796
3578.4139085814218,7906.087454489926
3578.4164441609946,7905.776737397606
3578.9534183755172,7905.262332422679
3582.004528843997,7903.778605973485
3589.0196654955216,7899.7662274408085
3590.1592300083867,7899.776727708733
3590.5345572449405,7900.210376932701
3590.8156861332864,7901.292758260441
3592.7098462442923,7907.917396117318
3592.985172455362,7908.450158538211
3593.2558804301552,7908.61404755276
3593.8456042285256,7908.509332140894
3594.1118370781783,7907.699071080209
3594.543157074988,7906.562193895977
3594.7030176094995,7903.925190221199
3594.6419258907486,7903.065830014355
3595.127156546317,7902.3565968546
3595.938756419712,7900.905952009166
3597.7650161740526,7899.2219751765015
3598.470446070575,7898.52569224537
3598.9013847487713,7898.408947816791
3601.4815192581914,7898.3510624446135
3601.91483147339,7898.135368067137
3602.3507203364024,7897.2790868081
3604.272592297827,7890.963603059297
3605.3478520404574,7889.3431854203955
3607.2401789132446,7887.720281567947
3609.717601526504,7885.879546597141
3611.214603767005,7882.641559322414
3613.9135608004995,7880.375379605502
3618.6571849888924,7877.675164556452
3620.9176683355486,7876.482818831455
3628.3214002055897,7872.554703909993
3630.803384913646,7871.0277863693855
3634.7840329300507,7868.518210616778
3638.2000183408877,7866.916637053751
3642.501514988539,7865.48337753079
3647.886312350159,7863.697818720234
3662.3630867663483,7858.392290692394
3669.4195095975456,7856.348632297317
3676.75628072014,7854.360945755469
3683.748770239167,7852.810831291928
3690.693154482317,7851.1597574918615
3693.610530864023,7850.353510156643
3696.5592567928425,7849.396255843164
3699.699521651918,7848.124368193006
3703.38259335934,7846.604116304403
3706.50733169885,7844.920560941771
3709.901650487025,7843.298057265581
3712.438841438001,7842.3407487312215
3714.75566839982,7841.5801603855125
3717.550182670361,7841.091673023654
3720.0245720127105,7840.705005998779
3725.7181636055802,7840.352404421639
3731.983427399395,7839.553452091138
3735.9706282735465,7838.747633104782
3739.9688001127433,7837.840874094932
3742.9919280852155,7837.407444777693
3745.80453692816,7837.171736539359
3750.7938504236718,7837.311535461211
3756.0949772777594,7837.267521755829
3758.2684461515432,7836.954760704461
3760.7319993300225,7836.54595564749
3765.3306447814857,7835.595452883253
3770.157943131243,7834.59616502287
3774.833467374791,7834.00349647881
3779.596828262856,7833.484678988008
3786.2594641008723,7832.239242485213
3792.736645258081,7831.32360722562
3794.2963467770774,7831.346167626439
3796.366067698661,7831.534812242317
3802.9965883718155,7832.590583144075
3808.9712109273137,7833.530290102334
3812.6917481520363,7834.590899792055
3817.482229455956,7835.5422119932755
3820.7121758093367,7835.629279588748
3824.2200999367783,7835.849523985342
3826.2200146639166,7836.155152794165
3828.4052698855985,7836.633621039551
3832.714115351868,7838.00938031445
3837.404589321859,7839.268188618595
3846.6126474581583,7840.726807932988
3857.2657675103123,7842.585710022222
3861.093728170814,7842.919909899961
3864.4126328324173,7843.186077308032
3869.7714705830185,7843.213270514065
3875.6598102182265,7843.301527087028
3878.3890234043934,7843.573446483332
3880.9774325353083,7843.935183604312
3887.3754427185218,7845.2507649054505
3894.084004384672,7846.615453027408
3896.9035086457397,7846.868362213301
3899.9397036413284,7847.144402162799
3903.910886309159,7847.180028826766
3907.849758033939,7847.26152851543
3909.599385315577,7847.456152067659
3911.405532457785,7847.783664555626
3916.4751528423644,7849.045758005286
3920.6853745878807,7850.159575794113
3926.0908133780354,7850.895336300105
3926.301496691936,7850.917367139798
3931.0283840765287,7851.236002320909
3937.917865944848,7851.516623589838
3943.4400477302715,7852.230397162959
3950.7240557087607,7853.092626201694
3953.1691443849104,7853.562351993992
3956.1257374914094,7854.229093648341
3958.1194585163557,7854.966261380986
3960.5705270319295,7855.9066071221
3964.103388246847,7856.7373765269795
3967.7782773376684,7857.545263606334
3973.6000483949847,7858.573985940358
3979.931986401483,7859.599830838699
3986.545661450487,7860.336026025477
3993.8079120697366,7861.324161905112
3996.3612162046948,7862.006807950129
3998.835146370851,7862.737201403508
4001.608587385513,7863.780632702418
4004.538518643639,7864.936946083886
4007.1181477280975,7866.118151289673
4010.0479077986433,7867.481345636127
4011.941762288954,7868.168608404336
4013.9367740893767,7868.794967170012
4018.029255607351,7869.669081715222
4019.626090020878,7869.872439342803
4020.29640517308,7869.817857782206
4020.5926881911996,7869.269362414107
4019.709365185686,7863.692327515748
4019.4773599811924,7862.779826696882
4019.083025353071,7861.948353916807
4018.4804572087405,7861.22352547147
4016.870789475229,7859.978883230844
4010.680640668439,7856.316109547459
4008.7413817753627,7855.0512816092805
4007.4171085714956,7853.150212331885
4006.5937058964755,7851.131249268637
4006.111447086351,7844.436197110761
4005.8617245365645,7842.985244366732
4005.288476153135,7841.179349749211
4002.216681688559,7834.224370504667
4000.4355668919757,7828.489958989254
3999.9426475979103,7827.343638277608
3999.217147835658,7826.859753407455
3997.273927374502,7826.073521697203
3996.247698660964,7825.592404699391
3995.2141701991545,7824.806551704227
3994.1716932514823,7822.864704417394
3993.976376606831,7820.803111519516
3993.6630766954804,7818.930394129651
3993.413301800772,7817.599240243598
3994.3898080934164,7807.626246536118
3995.170825461235,7807.444828560879
3995.114420759724,7798.611436569119
3991.0143695351353,7798.606740650962
3990.6403940553514,7797.765202922718
3988.04140783347,7796.731921937782
3987.136770452751,7796.005174717407
3986.825526527412,7794.802871192631
3985.4455594983674,7785.319465043075
3984.815182042893,7781.815920673396
3983.517659078595,7776.744245803506
3982.4146502034378,7772.4549827656865
3981.376692620309,7771.06465084373
3979.8560748802283,7769.733070786092
3976.462669815086,7766.355164215359
3974.453782075259,7764.117064060786
3972.9291053433644,7761.094738740181
3970.666101538597,7756.505252119552
3966.7140314860876,7750.711996730927
3962.8369858657134,7746.908366462269
3960.3454853151356,7744.796951005546
3959.972940245394,7743.712626193439
3959.913241622524,7742.38454411932
3960.6752986152287,7738.819631273321
3960.4230282033013,7737.858146971764
3960.1188113248986,7737.004769136498
3959.939913170804,7735.981370988395
3959.9250799758856,7734.111870131182
3960.3328134050935,7731.81681489997
3960.2486378458298,7728.7350365548655
3959.5178176273866,7726.560507692247
3958.60614073929,7725.480948323453
3957.572623558366,7724.634053150598
3959.736300755811,7722.039975554984
3963.732998910096,7724.873395785866
3966.816528840796,7726.800321345428
3968.878903738591,7727.648440315013
3970.8041436738254,7728.181894902819
3972.5021192038794,7728.42638298673
3974.0124462798094,7728.429999836025
3975.574636956932,7728.122920405353
3976.7193225142973,7727.703750157907
3977.6931551059356,7727.189448584672
3978.917202495613,7726.552459750268
3979.2301605908306,7726.444660960912
3979.5804138068634,7726.346952266299
3979.9619331474264,7726.3101033886505
3980.3204852149865,7726.322221747326
3980.639385007239,7726.374323019999
3980.8307532078993,7726.498290466463
3981.1266434586414,7726.701302381079
3981.415408749039,7726.9821155323125
3981.6907554781765,7727.425912903788
3982.0359462496585,7728.066643642206
3982.849885316863,7730.005501906953
3982.975969833952,7730.606042806534
3983.08044617904,7731.1975973523795
3983.023461090588,7731.985989400462
3982.3656327801955,7734.10209018437
3982.4420503342058,7735.55117478669
3982.9369362600473,7737.605709412556
3984.094883339755,7740.015425654581
3986.039503319014,7743.10386086444
3986.5349737433517,7743.948341456156
3987.203179418694,7746.181997574152
3988.07097155353,7748.8412655767115
3988.9846357527763,7750.949040772226
3989.9586659773972,7752.7671701768695
3991.1294493365735,7756.20600256362
3992.103382311977,7758.255848965125
3992.536207494832,7759.047436921021
3993.62855659325,7760.068123017901
3994.172222471379,7760.791828069937
3995.0315512425796,7763.328202535534
3995.2251106009835,7763.999792932696
3995.953240719035,7766.597059566718
3996.5086048953963,7768.283147499129
3997.1148766473875,7768.94882487563
3997.848541954814,7769.672509423901
3998.399336774219,7770.707933161831
3998.7080767376797,7771.910235978767
3998.9014765208003,7772.763668722331
3999.0768833157554,7773.543180018427
3999.6911819865445,7775.170241296698
4001.1574244503086,7776.822594497407
4002.0102826433213,7777.858044468739
4002.215872679317,7778.291838523042
4002.3914160982013,7778.742577390514
4002.4477276048465,7779.173316818992
4002.4836336413778,7779.712873854771
4002.178375757611,7781.570271734248
4001.791335841224,7783.4466876302895
4001.865049696317,7785.569076803563
4001.818519357285,7787.497703448197
4001.9020470380956,7789.297309104291
4002.002520338079,7790.680270442367
4002.2030001921107,7791.76253032856
4002.292856622351,7792.791877206445
4002.3286743393346,7793.543300997408
4001.877741025338,7798.367471435844
3999.5250990345025,7798.490380317856
3999.076145810494,7804.374683650589
3998.8304808796725,7807.603155901207
3999.198662656991,7807.727197305069
3999.1910085925742,7814.686978112304
3999.5694965408798,7815.910157586119
4000.673570780938,7817.611237096037
4002.225387974387,7824.744631971174
4002.348921951637,7825.652897689494
4002.0515039187735,7826.321291362793
4001.99451741077,7827.110680901976
4002.2988072168832,7827.773240457293
4004.093099947433,7833.519727427454
4007.113195997387,7840.385709634002
4007.916148680482,7842.622316423075
4008.111612428476,7844.32311773444
4008.5674765210033,7850.679411505842
4009.185407963088,7852.183584373235
4010.1535910355433,7853.582967516618
4011.7355628394953,7854.6158299990675
4017.9846101273724,7858.308653417647
4019.8734715063542,7859.764281919857
4020.78270181603,7860.860803634239
4021.3718717462557,7862.0971393098025
4021.6734261241713,7863.3083176745295
4022.30979448393,7869.596858510992
4022.5335059656645,7870.188463512298
4025.6596904168314,7870.744376714999
4029.219277227091,7871.0935932662305
4038.6237904093327,7871.541223995816
4048.329051141497,7872.133925856701
4052.9246253640117,7872.952208277811
4058.4576114681468,7873.71891948712
4061.4577046334316,7873.896144016032
4065.2050302156176,7874.057526180311
4073.4953790265718,7874.005077257847
4082.527026269323,7873.959932777317
4087.2046413813177,7874.140870549399
4092.5453828824575,7874.296956200699
4094.9052533834124,7874.205992843399
4097.377220112255,7874.0372736528925
4102.66885306342,7873.515849020369
4102.903503439413,7873.491011943972
4108.207228399574,7872.987650084251
4111.256764484284,7872.863070913178
4114.658787865729,7872.8705117535
4118.006671652197,7873.038825680725
4121.645758658226,7873.231205406511
4124.462807856817,7873.534154551409
4127.580622482281,7873.939276880696
4129.0680262168125,7874.2236018601425
4131.013603668566,7874.72019030171
4135.853184872857,7876.050229719603
4140.829914414215,7877.642071960391
4144.179606484732,7879.029427933104
4148.364320244884,7880.765967598361
4152.35765801106,7882.5983849180075
4156.194631865871,7884.411584479611
4159.54769920614,7886.279637564886
4163.549308456116,7888.654597775524
4166.828727036521,7891.02226410155
4170.439062617683,7893.611817103845
4175.233463541358,7896.530658410543
4179.681334929239,7899.238581828704
4181.392057783059,7900.212476937228
4183.76230781676,7901.374686240754
4187.330975894991,7902.86509357113
4190.67829036288,7904.3114164120825
4194.304545375798,7906.151671098216
4198.2255895768,7908.20581797897
4201.023950578487,7909.808809789828
4203.73939593288,7911.541639321243
4207.952456014682,7914.609167992684
4212.46618541356,7917.796828323087
4218.7535505336955,7921.749446089348
4224.682173696133,7925.748094063823
4225.990864283908,7927.101664538279
4226.8714227281935,7928.057247967458
4228.198026566263,7929.659700321496
4228.317128679988,7929.779650991222
4229.303080433964,7931.47781239506
4230.654877898326,7933.659717985243
4234.436399190352,7938.149987592084
4238.9599843451415,7943.728647843366
4246.40180740059,7951.862871349147
4253.852022288354,7960.237798722043
4256.054493772249,7962.426069487909
4258.128268446347,7964.4914927439695
4260.699682730175,7967.883998025525
4263.022042332116,7971.043679153414
4264.374827849663,7973.225590061384
4265.716928270638,7975.41647383565
4266.955180326094,7978.088002047675
4268.0540833268815,7980.386806341918
4269.169511887013,7983.425955068288
4270.276622326039,7986.217323766862
4270.651409320361,7987.789334806063
4271.027305728549,7989.493214519024
4271.056924995996,7993.251370468443
4270.843319128732,7997.371108168689
4270.616107246692,7999.438504442419
4270.266241449483,8001.495671838861
4269.551899101637,8003.190089751465
4268.837415836789,8005.014380841742
4266.449037879904,8009.615838320498
4264.189306192209,8014.455155084274
4263.834785837082,8015.911931523226
4263.4840200225235,8017.369607389295
4262.900898496062,8018.765335824834
4262.333628592951,8019.790304336384
4261.89779685938,8020.397682148004
4261.191089944717,8021.0628940384695
4259.894681291355,8021.970633617456
4257.966375285758,8023.063925757766
4256.3965651516455,8024.2712903959
4255.075825820297,8025.4807605531705
4254.477377233866,8026.444769093025
4253.876371986466,8027.5296723279625
4253.63888651782,8028.499825644706
4253.408551134877,8029.716860886003
4253.196175341909,8033.715703961594
4252.86475234019,8037.47469780389
4252.379530798694,8038.068987084638
4251.905204402685,8038.5553528050295
4251.302152762793,8038.799072058272
4250.690676798124,8039.035605695164
4248.518573545757,8039.157535985476
4246.5255290870955,8039.480340607503
4245.734752536133,8039.874697986955
4244.407190914575,8040.480685212728
4243.804036360237,8040.958017029502
4243.086454888396,8041.691154533223
4242.851555320697,8042.2885472924045
4242.489070757311,8042.894960897257
4242.021332681549,8044.713378067823
4241.546284249358,8046.647700370281
4241.555428545156,8047.858756936964
4241.565741456197,8049.0688165312
4241.691854027561,8049.559637237553
4241.935850414334,8050.28013216856
4242.301435318202,8050.776943781685
4242.546789167266,8051.257642740139
4243.280413074622,8051.984338802674
4244.25484630624,8052.712338252024
4244.865047089208,8052.715600221345
4245.4654839731265,8052.721850392044
4245.948130412762,8052.476282087697
4246.309230606674,8052.358538320588
4246.790762452273,8051.99187429098
4247.515461865625,8051.388713145257
4248.9904179855075,8049.750588912396
4249.7970223329585,8048.847618671887
4251.9556784141805,8046.677337136077
4252.809021559631,8046.313930140558
4253.651547764867,8046.07051646596
4254.981256266348,8046.080082504886
4256.193066916683,8046.080619101875
4257.048589724532,8046.447675317618
4257.414179750491,8046.931520137509
4257.659390598319,8047.545085083031
4257.903385341797,8048.2666776486085
4258.153117537972,8049.597838869429
4258.527762167058,8051.301617942552
4258.548436366161,8053.6029361517985
4258.68818045103,8055.904307133051
4258.933392311871,8056.514879650026
4259.183606753523,8056.757779589262
4259.7841321281185,8056.752060806819
4260.141507324416,8056.755211692447
4261.116476141431,8056.272060795546
4263.042275417619,8055.548437901943
4263.889853547057,8054.825434202731
4264.8468750328675,8053.984376331832
4266.292528183398,8053.137750017467
4267.73929343153,8052.417905382879
4268.96078240316,8052.418447888483
4270.0485460025575,8052.5388294238
4270.784949867027,8052.825935002477
4271.014710075767,8052.906035803024
4271.99049991949,8053.393045102706
4274.057125296296,8054.971793561672
4276.128970892339,8056.068856900197
4277.219202723066,8056.079316952715
4278.3095762927505,8055.958906514143
4279.755177795968,8055.230185512229
4281.085316168179,8054.272489350928
4282.042565334208,8053.298567632676
4283.002115235874,8052.217815862306
4283.605084651967,8051.971305584987
4284.09741122662,8051.725743519119
4285.305629201529,8051.735259591397
4286.635339562812,8051.738845074758
4287.357545931914,8051.492388217837
4288.332461334756,8051.13312831433
4289.288181464354,8050.409077869277
4290.615989164629,8049.442304833863
4291.580112952023,8048.959152188895
4292.672931033257,8048.598947889421
4295.332434733953,8048.6091135706065
4297.763314730835,8048.61020033895
4300.309540541031,8049.101904890778
4303.584898886477,8049.719021827687
4306.257208704257,8050.57047929473
4308.812970043885,8051.194158287696
4310.5614853042525,8051.348855084225
4312.638381551433,8051.596665614102
4314.505890302456,8051.921289060677
4316.911217010398,8052.522858149306
4318.877332091566,8053.078246170122
4322.726381237887,8054.351975852598
4324.677900752346,8055.447100306316
4326.745823152008,8056.904865170841
4328.693424257066,8058.360780795709
4329.060257819843,8058.853506569629
4329.425873180505,8059.4571526972095
4329.430412617066,8059.93784515182
4329.43492294412,8060.668209332369
4329.1975400492465,8061.395671579885
4328.84211811873,8062.242879202108
4328.122037405596,8063.32662697901
4327.866632740236,8063.866154028674
4327.704082555967,8064.253805175592
4327.642549612341,8064.521503777196
4327.567705130712,8065.073082026301
4327.531324100436,8065.630662537562
4327.669014461431,8067.082571189988
4327.903330341201,8067.976028725783
4328.142339666537,8069.008438736876
4328.238294083607,8069.568971567447
4328.347352203849,8073.269209752725
4328.49115158728,8080.050111684722
4328.822103999137,8088.13511666438
4328.924514888515,8090.476371578847
4329.294773815354,8091.326998346915
4329.671013785575,8092.051545087089
4330.641736340399,8093.028225934851
4331.7339501311435,8093.999974187546
4332.223689717075,8094.123085715136
4332.832526208873,8094.3702389601085
4333.4402211047245,8094.373505432067
4334.162315446233,8094.370838583562
4334.894026631078,8094.1363594552995
4335.616230639019,8093.890803955389
4336.330139852834,8093.166649057426
4337.536178748813,8092.44680602918
4338.38954895935,8092.206397132768
4339.351142794747,8091.962944964208
4342.024008527661,8091.736325485188
4344.807575998956,8091.377888617279
4346.372270909293,8090.7801021247315
4348.068190910181,8090.057389765796
4349.878178961536,8090.061201301579
4351.707166212597,8090.304818378881
4352.433849402817,8090.6719245328895
4353.160532583366,8091.038930994123
4353.438349363894,8091.310872865993
4354.013322489382,8091.895662487134
4354.744572243728,8092.864357106011
4355.11850027044,8093.714787039964
4355.4911466023,8094.447412833186
4355.4968815325665,8095.04890190539
4355.493067422077,8095.547645185879
4355.5014446011355,8095.658569869656
4355.2556332135755,8096.385828194228
4355.018253809745,8097.103215190333
4355.031020617795,8098.206345180927
4355.280679905236,8099.297712402136
4355.7679190020735,8099.781516387731
4355.935073612406,8099.913460330314
4356.3826548636325,8100.265378186357
4357.228352068147,8100.752436959719
4358.205299480691,8101.24244804604
4361.117145792743,8102.097221441788
4364.160017332325,8103.081828664354
4366.948198373054,8103.214963385897
4369.7292616629475,8103.220217461628
4370.822023304651,8102.976927821775
4372.034074449624,8102.616687000773
4373.964792674035,8101.533493368915
4376.38288360586,8100.456307500026
4376.511632021875,8100.456366130466
4378.923220047931,8100.466541808279
4381.5936153799885,8100.347760877492
4382.4373027702595,8100.116428641937
4383.530119389733,8099.754139912921
4385.094874236297,8099.02738428639
4386.790708120694,8098.313755866182
4387.641550629488,8098.311151812887
4388.491137439286,8098.317524673192
4389.710092563123,8098.554885501422
4391.037291073554,8098.928154088124
4392.133307673664,8099.415230553562
4393.356931096833,8100.026453244453
4398.710510767166,8103.2025163673425
4404.067927820066,8106.0088146995195
4405.288964938873,8106.9796328856855
4406.638497021479,8108.320279701424
4407.004073068481,8108.8130079209195
4407.3696824946655,8109.414761820917
4407.371712076721,8110.2650232663555
4407.264212976853,8111.235332277126
4406.778896659316,8111.841583673476
4406.1829679768125,8112.565787451492
4403.527349877966,8114.493017772227
4401.112566194111,8116.183754476823
4399.9109469489285,8117.6340535388
4398.70112072491,8118.603758298164
4397.492907158376,8118.603205371532
4396.030790694359,8118.590466820776
4395.669632076526,8118.837280161457
4395.438476522472,8119.0769710462255
4394.829084929602,8120.049843643841
4394.112782114645,8120.893891436079
4393.751737989695,8120.89073389445
4393.38351799773,8120.8875730887175
4392.288698804858,8120.15960315757
4390.702948432782,8119.5464196467665
4389.613804089092,8119.5459221096835
4388.519880253943,8119.779234185412
4387.927567994769,8120.2625469025825
4387.442446289273,8120.629102510438
4387.321962201647,8120.986747437786
4387.0870501148665,8121.596106622784
4387.096092493533,8122.807263178957
4387.1038526161565,8124.268190661098
4386.866274041056,8125.235248571767
4386.625190939897,8126.202504387005
4386.269904524341,8126.929811725956
4385.917009743147,8127.536124627641
4385.431837889922,8128.0135014607795
4384.828762468805,8128.496909217335
4383.864641963935,8128.980052556213
4382.778867297304,8129.460148048121
4382.054165177467,8130.0634985629395
4381.330630943731,8130.6676476588655
4380.974148649332,8131.274058857583
4380.610545283354,8131.760468769626
4380.612635965903,8132.481954293235
4380.617142309373,8133.212418323711
4380.86487722121,8133.575218639009
4381.230453128452,8134.06904313204
4382.08585391783,8134.675907102167
4382.938614097046,8135.400773012575
4384.046167417304,8137.110976186704
4385.390915637147,8138.692412005418
4386.357010515779,8139.182520781633
4387.336261549589,8139.549645130896
4388.183512490158,8139.547039489322
4388.91636310905,8139.553359087494
4389.634838891912,8139.427803981684
4390.3666314351985,8139.193329097782
4390.851752258883,8138.826873382992
4391.21282054776,8138.5932266802465
4391.573865387962,8138.593391657661
4391.934908857646,8138.596549116848
4392.181445976733,8138.840448364879
4392.300488611762,8139.080299389117
4392.3050488987465,8139.690865148072
4392.189209906925,8140.291301239131
4390.389190671861,8142.594780592118
4390.3937004176405,8143.316167484473
4390.398039133611,8144.04663145555
4390.776581713963,8145.377855173167
4391.13962776649,8146.110378272559
4391.631449676594,8146.963955782748
4392.36638951964,8147.69176118022
4392.97391599323,8148.055823501841
4393.5814410997245,8148.422778585495
4394.071231974553,8148.425994986673
4394.551343810932,8148.429206992307
4394.912501208588,8148.1825930956165
4395.274905649557,8147.945954684834
4395.275459924954,8146.734802464315
4395.255546911077,8145.394864921215
4395.498715807682,8145.158171986723
4395.6190901508135,8145.040323715617
4396.47251294523,8144.678026700924
4397.316257315576,8144.314528342089
4397.55831484849,8143.953946686385
4397.671488969068,8143.707219425177
4397.6670342612715,8142.866831989782
4397.665059232228,8141.895574988048
4397.896300477375,8141.649899245735
4398.139499891159,8141.5291147459275
4399.597862213719,8141.532774740388
4401.419855445135,8141.537598981073
4402.512662998156,8141.186384530492
4403.713779835138,8140.826242425712
4404.445466306559,8140.823585263036
4405.174673450525,8140.950800228119
4405.901352640417,8141.313820743857
4406.6363427384995,8141.930706354718
4407.128167641812,8142.775207487071
4407.132671929009,8143.50577129675
4406.657703783066,8145.203181877358
4406.180791404055,8146.046341085134
4405.7038773336635,8146.8933905237145
4404.615487218469,8147.984145793622
4403.416456545038,8149.073753251541
4402.928750599864,8149.80099932547
4402.573463818881,8150.528306092256
4402.580446284673,8150.768105904173
4402.577806177229,8151.248795177857
4402.825536592589,8151.618578500344
4402.951726315588,8152.102219510044
4403.317361297362,8152.463179204826
4403.685494008514,8152.836010186858
4404.293073384634,8153.083067666124
4404.899430855688,8153.447229963309
4408.06382834523,8154.304926390135
4411.224744990539,8155.291597739941
4412.8047618823,8155.29232311283
4414.134591840591,8155.186002886125
4414.6172378979745,8154.9394455297515
4414.980727750975,8154.701810870301
4415.101241692329,8154.462069613156
4415.222843615824,8154.215246677453
4415.209967557267,8153.364980198807
4415.20799384701,8152.394720670686
4414.955813690895,8151.541152283923
4414.711833324194,8150.819655360086
4413.599668436125,8148.6287560189385
4412.490031547389,8146.201153581341
4412.482275309337,8144.740226030176
4412.5910247497395,8143.773009820558
4412.834195947945,8143.532327370775
4413.197828850787,8143.165816992734
4414.895746559278,8143.170586811031
4417.196737639243,8143.060723238257
4417.679380254887,8142.823143450148
4418.16091274058,8142.459480426834
4418.284986550521,8142.099842541588
4418.409148393271,8141.730229799349
4418.509696721736,8140.272444269133
4418.74519039104,8138.583702084368
4419.230422669709,8137.977451229686
4419.7093709960045,8137.971686543909
4420.320651031765,8137.974960154584
4421.047328038616,8138.3419717751985
4421.781093979449,8139.0788560362125
4422.396908717343,8139.562722585283
4423.0493224100765,8139.208315354441
4423.657602801085,8138.115346199883
4424.501767918393,8136.660895520179
4424.499823351634,8135.810534335294
4424.504971182807,8134.960176415414
4423.654721603238,8133.863643159292
4422.801854059332,8133.015882804018
4422.557901584642,8132.415281509261
4422.312620102728,8131.801512748202
4422.319102735467,8130.951255189592
4422.3158215462945,8130.103885863846
4422.561638580348,8129.373537007513
4422.75556910046,8128.976924453879
4422.917010630278,8128.647228534057
4423.4046639486905,8128.039881776019
4423.768269620461,8127.553473484968
4424.379691743602,8127.430864174982
4424.989804279756,8127.434137544559
4426.563726263444,8130.349628100568
4428.266064446731,8133.982672710586
4429.115144863882,8135.080203322941
4429.965481253506,8136.167859439807
4430.9361057502865,8137.144450700991
4431.781768247441,8137.872310152933
4432.876414120382,8138.603376742233
4433.971288127165,8139.201378386572
4434.937437273191,8139.568501549624
4435.664168929396,8139.815715742735
4436.754395696278,8139.816219000047
4437.726723664914,8139.8125782273155
4438.937520567399,8139.4534424892545
4439.912494607015,8138.9603347733655
4440.518047385878,8138.356933552867
4440.88173698108,8137.870525946394
4441.247874324116,8137.1432256205935
4441.493776006022,8136.412977027418
4441.488415480558,8134.833149762889
4441.489029599719,8133.50519150391
4441.121481566119,8132.049982874205
4440.632364842644,8130.58693766087
4440.270551765222,8127.194406505983
4440.027697593004,8124.039632226881
4439.662543436025,8122.458641278033
4439.293909422998,8121.0046292274965
4439.179718575258,8117.851909407285
4439.176366529773,8114.814251403532
4439.411420941843,8114.084995257626
4439.658461884113,8113.23774158396
4440.146227937141,8112.390499384172
4440.75186621811,8111.786300249223
4441.473986734021,8111.543844877102
4442.203257066785,8111.538196995422
4442.450902165372,8111.910973746819
4442.687928351505,8112.150879924122
4443.055393526242,8113.605988788974
4443.296726859925,8114.816155540767
4443.300711574975,8119.188854527786
4443.425271857344,8123.190941986214
4443.547563424451,8124.161157367145
4443.549589752211,8125.011518581085
4443.666100102877,8125.492163165688
4443.794677046988,8125.86209193347
4444.031617564611,8126.105988071038
4444.160254676105,8126.345844168706
4445.25056641491,8126.346348427111
4446.340796095923,8126.3438603041
4446.577736534967,8126.587756498678
4446.94345480488,8126.947620637857
4447.193157397423,8128.281679652656
4447.192480874831,8129.742703047674
4446.945593699441,8132.780245327946
4446.709558037085,8135.808815236348
4446.705847541376,8138.59659880338
4446.715374132604,8141.268679658351
4447.06968382971,8142.839690993732
4447.438394648584,8144.30367832655
4447.684819159949,8144.787375569897
4447.930100547713,8145.3971550358
4448.532617129093,8146.124803692425
4449.13755472774,8146.8495607885925
4449.992950088972,8147.456430816436
4450.717095692299,8148.060347409165
4453.507235991697,8149.155886618472
4454.535925769089,8149.424089723716
4456.543222614069,8149.640877203611
4460.425263670213,8149.642678185646
4464.425291517959,8149.638550600748
4466.857565301339,8149.278988388451
4469.040549425955,8149.037214193814
4470.013071563131,8148.793680410111
4470.977198606036,8148.3015682856985
4473.160885456707,8146.730839293612
4476.076293170983,8144.905493107433
4476.679456940795,8144.41919838331
4477.164691709762,8143.814845680062
4477.411680674364,8143.084598503173
4477.657499751808,8142.358141246144
4477.649888535554,8140.7863925638385
4477.532445664069,8139.446409404446
4478.501748624351,8138.235708598599
4479.464045109533,8136.662416975887
4479.8371370487,8136.415811836082
4480.1957608136945,8136.418971482155
4480.320645827147,8139.691495432566
4480.326012102379,8143.5705374058425
4480.656358714286,8144.98463362626
4480.810002384943,8145.634171061888
4481.296663496618,8147.338111069438
4481.777606845969,8148.062812405876
4482.2647536520535,8148.546622803932
4482.524699228876,8148.660657412211
4482.873582882835,8148.793685833638
4483.602850411027,8148.788041094394
4484.327501427608,8148.304796003411
4484.93060801455,8147.941392545748
4485.425383642873,8147.454948038061
4485.789014975507,8147.097417813469
4486.029057405942,8145.877499721963
4486.027145968805,8144.789237131227
4485.659548546809,8143.455122038703
4485.416969721407,8142.244853837196
4485.423233485957,8141.875186933381
4485.41241530927,8141.634387778031
4485.536519087588,8141.3946490837325
4485.907218717838,8141.267841621266
4487.356070299957,8141.268518024081
4488.936171543123,8141.272248419884
4489.299667492162,8141.026636657004
4489.659599189912,8140.908901465755
4490.2708832026965,8140.903202121004
4491.119298015986,8140.9095835039225
4491.489801181476,8141.024667513995
4492.087867364207,8141.2707286071845
4493.180061200441,8142.238505327495
4494.030245484563,8143.4560402684565
4495.003398875629,8144.183964916049
4495.975327881382,8145.031687649455
4497.677774629275,8145.8768596200625
4499.374181878746,8146.6112079189115
4500.100911861971,8146.857329746432
4500.589482637729,8146.971471907369
4501.440233227135,8146.977855294954
4502.16949950467,8146.975204438908
4502.77266451328,8146.488811603255
4503.257845478956,8146.002463273158
4503.374291581301,8143.943997521092
4503.248817166555,8142.123319800235
4503.623300762373,8141.756817923612
4503.986797057376,8141.511206716067
4505.927916318963,8141.394113562034
4507.867730044761,8141.392030788672
4508.354932111435,8141.756043970137
4508.713359183219,8141.999998702077
4509.076541727997,8142.600658132162
4509.323098610971,8142.973635613468
4509.689159187727,8144.908239927665
4509.693144708825,8146.7269654978945
4509.69066303131,8146.858832525939
4510.057603692754,8149.761800676468
4510.293970871181,8151.2217383740945
4510.546196404428,8152.316003651818
4511.635224760354,8154.864603335147
4512.8474234160685,8156.67382156536
4513.095035309992,8157.286496523082
4513.340231685233,8157.8900931968365
4513.454969488552,8159.470969425825
4513.454282927541,8160.931893130669
4513.695779986916,8161.772292237057
4513.938523808784,8162.622866328096
4514.669608073763,8163.720349133386
4515.40322939993,8164.567961912136
4516.495418187385,8165.535841070554
4517.467313270185,8166.624459856595
4518.3117719388365,8167.231330847428
4518.916872654356,8167.595400010813
4519.528232787484,8167.60167243872
4520.018026870098,8167.595917854506
4520.3791825935305,8167.3581863203535
4520.740202159132,8167.23247288853
4521.466275052495,8166.388538815962
4522.075594613324,8165.412482166541
4522.68123475084,8164.8081883998775
4523.2843161972005,8164.321896546447
4524.017225548912,8164.1993507519865
4524.866889878651,8164.205735708631
4525.712633686281,8164.5638339113775
4526.559708176221,8164.931009978955
4527.532033120208,8164.928475527738
4528.509057604261,8165.045841712294
4529.839293273839,8164.079202451575
4530.9265007168815,8162.868662203719
4531.5403167236445,8162.622172564237
4532.269577586352,8162.628501399465
4532.878266026406,8162.9924733804955
4533.3546231602795,8163.347405560953
4533.841845750459,8163.8402957838825
4534.20488397268,8164.56484439249
4534.453406672136,8165.89601247723
4534.4503542797465,8167.235939536579
4534.6954353164365,8168.080430575443
4534.936868918576,8169.050902903301
4535.66550072801,8170.388182791833
4536.396666764788,8171.4826748338455
4538.221303143449,8173.298170363492
4540.040241846515,8174.632973056332
4540.892871717618,8175.600741838078
4541.7347330343255,8176.578380754016
4543.074156059761,8179.120020255474
4544.29453535055,8181.4317819295575
4545.014887130853,8182.27659774689
4545.621124020836,8182.880366017422
4546.107209747126,8183.127474761586
4546.596885271734,8183.370495516353
4547.926578752889,8183.371124684066
4548.896565526401,8183.368591296006
4549.993871466559,8183.7387806083225
4550.960015944203,8184.096938049368
4552.667971987795,8185.792582543776
4554.123243573737,8187.3729972313095
4554.8448148690195,8188.458608495139
4555.336504947992,8189.554883745445
4555.81876583079,8192.58688398035
4556.065281908072,8195.501766882166
4556.425806931816,8196.593092315346
4556.798464238554,8197.437644444992
4557.404638239215,8198.170388926581
4558.007143176932,8198.898144255514
4558.862583926546,8199.385125730443
4559.589252413573,8199.749155394802
4561.64555785589,8200.22782927906
4563.712705997075,8200.715386419297
4565.2915458543375,8200.719128779147
4566.5033369841585,8200.719704510682
4567.596210837061,8200.227663221285
4568.449635749932,8199.86428420671
4569.777368814015,8198.894756516613
4570.994404443796,8198.044875174091
4572.450738348585,8197.558992265827
4573.783104864215,8197.198834081015
4574.862511726849,8197.128526058745
4575.602646624256,8197.072819471834
4577.424544386499,8197.080669515271
4579.001961747599,8197.444108407919
4580.579379883694,8197.805652333735
4584.70387576669,8199.382456600213
4588.714091322957,8200.715321726162
4590.1699061668505,8201.316506052868
4591.383741590029,8201.927749395158
4592.478535464802,8202.657637333048
4593.692398144632,8203.385687078355
4595.750130123083,8205.934759594811
4597.451858413067,8208.239875641379
4598.186779459235,8208.964604632196
4598.910852269617,8209.691423219932
4600.362935869588,8210.413503126027
4601.576821526201,8211.264444684632
4602.185561702068,8211.508522785012
4602.553637249768,8211.631589855402
4602.793106769526,8211.634697013913
4603.154236600514,8211.625892570535
4604.371246081139,8210.659309076957
4605.582448567825,8209.44883659692
4606.312292467288,8208.232048851705
4607.0433032162,8207.01835394281
4607.401252264617,8205.813457639275
4607.641308736412,8204.593442722193
4607.887078516091,8203.986986777318
4608.129141033735,8203.62940285512
4608.492780557526,8203.259907363496
4608.9779045610285,8202.89745257782
4610.924144800297,8202.170916578216
4612.737969855844,8201.438232722332
4613.954946469024,8200.718429511662
4614.8012338704775,8200.105279648302
4615.773059131423,8198.530908851211
4616.613684052895,8197.200361481015
4617.109715364572,8196.714024073499
4617.704380932617,8196.209579759277
4618.566110953657,8196.105157637729
4619.042458922088,8196.469171241442
4619.408083182301,8196.83203441155
4619.773616876565,8197.55658749507
4620.136642962518,8198.290216549394
4620.749992242094,8199.013891323855
4621.237129363641,8199.497908297148
4624.878652042638,8199.379761750099
4628.7595626405,8199.261731881386
4629.48629109421,8199.495893642425
4630.093945150395,8199.742965455558
4630.697639697816,8200.587631767448
4631.180984567264,8201.32121947185
4632.2732395550365,8202.292004600431
4633.36541227436,8203.259897100537
4634.581810660929,8203.741074412927
4635.680336985345,8203.991375791114
4636.648986686558,8203.988850617283
4637.620139553015,8203.986326742148
4638.463945663997,8203.50315073318
4639.076650160902,8203.139761551163
4639.561893685729,8202.532324775615
4639.734246423098,8202.08283915298
4639.7968183654875,8201.925964155536
4640.044017558562,8200.955824797049
4640.039473047736,8200.345258859248
4639.795593794409,8199.624753690767
4639.757088236438,8199.534761490157
4639.5611171314695,8199.13088285076
4638.9478276710015,8198.28631109416
4638.22375558233,8197.56248196929
4636.523870697734,8196.46751471237
4634.942051818628,8195.37360219515
4634.217923278981,8194.765681703699
4633.73084432089,8194.1619652832
4633.489301266621,8193.440364172402
4633.489311372903,8193.419416885925
4633.484813659754,8192.71099718771
4634.092973822016,8191.736942019857
4634.8177463944085,8191.01081943685
4635.671116739525,8190.767444441546
4636.400379733652,8190.764803772177
4637.973971056609,8191.618915911373
4639.427248132441,8192.460900602351
4639.817056758879,8192.504180366604
4640.646158170643,8192.581387437434
4642.1046809914305,8192.58209184712
4642.708812709995,8192.34857198425
4643.319067277922,8192.221986070803
4644.043723063352,8191.738752984803
4644.768378968612,8191.255420201617
4645.37152728078,8190.640260294192
4645.856771774193,8190.032923596559
4646.707550030929,8187.732125090163
4647.071867356442,8185.793679099185
4648.036642459339,8183.973626357896
4649.136315911523,8182.030548690473
4649.49427116773,8180.825653998104
4649.864274501454,8179.725601362391
4650.230367495527,8179.119304487174
4650.71444275784,8178.516057182918
4652.5249216211905,8177.299895759275
4654.715749397474,8175.848910209697
4656.170143000755,8174.389787904196
4657.380246622756,8173.059323417889
4658.836705498096,8172.332659538319
4660.173988933266,8171.482947563002
4663.776973229138,8166.382533276434
4666.873082567734,8164.507458076264
4670.933203964841,8162.054308093249
4671.895382012048,8160.612903800332
4674.357661714151,8157.930154410433
4676.3325791390125,8157.457506875118
4677.827449920989,8157.020535722422
4678.958722080768,8156.860191277475
4679.595671624932,8156.0661002674
4680.822246042212,8152.966997035393
4680.988010522224,8151.146558545256
4679.803052872346,8147.778454807473
4680.44825085369,8147.353040227921
4682.103184985854,8146.867270679635
4685.8425912446255,8145.748014084843
4687.01810872168,8146.229178056533
4688.1442852150985,8146.596504483337
4689.10847301166,8146.174238570604
4689.47455416201,8145.428992836215
4690.330599126131,8144.674909070544
4691.884322517646,8144.357966888504
4692.845880533754,8144.195546242342
4694.0245750797385,8143.126912238367
4695.094907215077,8142.005358454361
4697.976601261551,8140.447889181956
4702.302463724498,8138.5744241864295
4706.4746768793975,8138.310735177924
4710.221844518655,8138.732314843697
4715.617553339124,8141.667681576277
4718.776439829069,8144.183306188189
4724.823382558825,8151.716629384279
4730.0059160702385,8157.480781482503
4734.927214687805,8161.001452379764
4738.402836990929,8162.820791965168
4741.564950201336,8163.675704395471
4744.714086671687,8163.94209228415
4748.244811928011,8163.8329151823245
4748.7301082752965,8163.136607602328
4753.1597906387215,8163.243733423136
4753.2858411475545,8163.635510148639
4753.644315893618,8163.937527974305
4756.373633716144,8163.932893455822
4759.577131859814,8163.607701703974
4763.424823942814,8162.700196309173
4767.6444816085,8161.476273602603
4772.626590544888,8161.305881457532
4778.499854067569,8162.107191119211
4789.199761761901,8163.437483527432
4793.578157736401,8164.822586797278
4798.8727249388585,8167.86996811609
4801.392627654363,8170.329341754995
4806.422029149784,8176.522180036275
4807.328766200965,8177.859669395895
4808.346464775548,8178.389746069142
4809.256316687348,8178.338232104642
4810.3241335514895,8177.42646201505
4817.696088043105,8170.155658494962
4821.006596916793,8167.754165343091
4825.180122016859,8164.860545974661
4830.531692382722,8162.385967605245
4834.191722033353,8161.17376271844
4835.735932447447,8160.696941324532
4837.349858496808,8160.299954489476
4839.182776271076,8159.9782889465905
4841.203375410433,8159.772427159626
4842.664253665934,8159.745133713293
4844.382688369484,8159.762059385364
4848.244233187556,8159.861860480158
4852.310445267285,8160.147698627842
4865.2636792191015,8160.077241290507
4875.71991021575,8159.808829196911
4882.928371062618,8159.623564426644
4893.433592640617,8160.153587620915
4903.381725355753,8160.605334309104
4908.697950561198,8161.211529779808
4914.111676804899,8161.894784284466
4917.027062182867,8162.549731272073
4920.0905511864175,8163.207847196165
4924.378646542127,8164.593063599338
4928.300052012705,8165.596254632508
4934.542538790326,8166.68771966711
4940.141253456436,8168.005487579156
4943.1335385214115,8169.039328801704
4946.485632579332,8170.039241982425
4950.191762635033,8170.549770511219
4953.32501841305,8171.176911026657
4957.613136284545,8172.663986041982
4961.46321363074,8174.113829931349
4962.39092399173,8174.383132526604
4963.5882007394275,8174.543648504191
4966.768657976421,8174.570328704716
4969.9851464054655,8174.786751214933
4972.00294061395,8175.324344903955
4974.355250020949,8176.012034938284
4981.890417927131,8179.106661507668
4989.604861049278,8182.262333727023
4991.248184154417,8183.104470307493
4993.150261252323,8184.091676931314
4995.346816314803,8185.521723141449
4997.537458926888,8186.927926772616
5000.933805376057,8188.489468979049
5004.468338291359,8190.348934925695
5008.196272586094,8193.027841428757
5011.913434339853,8195.559813455711
5013.4364178015685,8196.431915546464
5015.0797812496585,8197.188172337146
5016.129054965604,8197.46562323995
5017.435763498625,8197.697124609527
5021.246809894126,8197.797966370026
5025.252632024241,8198.323642821493
5027.378618206817,8198.901403842448
5029.351889594007,8199.517887790968
5036.141151721192,8202.143446044263
5042.600876864569,8204.510087221912
5044.913293167521,8205.509489333972
5047.373432287012,8206.75884089032
5052.54632094313,8209.972081212863
5067.081871186149,8221.376160121608
5070.4947925125225,8223.423314008147
5076.666898858111,8225.596014078394
5095.139219817024,8236.062779817006
5118.563900154736,8245.358271384168
5136.254003011471,8251.258189280788
5144.452851368133,8255.067701048854
5149.425334465345,8257.054871173634
5180.70378937961,8269.55317888453
5200.324548400937,8276.597479690021
5204.643810423695,8278.195603019207
5207.668116041658,8279.919907252379
5219.543539514186,8285.450152220626
5227.263608645483,8289.006710800051
5229.746265782294,8290.958554209954
5232.128259851844,8294.50622832619
5233.256348007111,8295.735850472885
5234.312629538505,8296.137017880645
5236.3752942984165,8296.024327917363
5237.759529887369,8295.43357047059
5239.6608693409835,8295.391615102973
5240.498253462897,8295.708774898807
5241.698509305853,8296.948512053492
5244.035857402685,8298.357645152462
5245.945499097945,8298.54362211232
5247.1535978149595,8298.713057041206
5249.80258606245,8300.125553682676
5251.608057577685,8301.602327181838
5251.8851100125785,8303.214323323064
5253.694253507469,8304.688206514948
5255.550786904681,8307.234218646101
5258.220921679754,8307.506597659041
5260.952050076204,8308.540195733378
5262.994893660866,8309.268883793367
5266.257856334871,8310.305866873996
5268.361531263045,8312.241453062035
5270.317265964934,8313.878309953505
5271.896612236545,8315.053322194653
5272.571249267328,8315.897968204003
5273.246050721803,8316.442968225198
5276.484093475988,8318.94086559406
5282.7391598282675,8323.304033448363
5289.029058337421,8325.617680980575
5293.784278029415,8328.677008962059
5297.324567924884,8331.0970761535
5301.765393682338,8334.446005793152
5302.586662367479,8335.681451845263
5302.562916931289,8337.281313676594
5303.384188418823,8338.359954304795
5306.1030738538875,8339.781283051148
5307.070941928013,8341.168827980726
5307.426208650276,8342.853785574129
5308.7083623062135,8348.363334362895
5312.06150434212,8362.522370167235
5315.681576115179,8379.355627662182
5317.489005090023,8390.211419228435
5318.569590167794,8403.201139541241
5318.806617563304,8411.973601684424
5319.228848392488,8418.686747411983
5319.366511925388,8420.057774658073
5320.044929995475,8420.532756224082
5320.871497204299,8420.921935929675
5320.866403712959,8421.380579273551
5320.552008790635,8421.986979224112
5319.476877320974,8422.80981250701
5319.458389376423,8423.650088337396
5319.588921543743,8424.790392076557
5321.791567901581,8430.399204443387
5325.627139203277,8438.011683800572
5332.319220187271,8448.410543689679
5337.5986385069045,8452.304486014142
5338.8557947458385,8452.74288324959
5340.630419980259,8453.34735116312
5342.674566757992,8454.06697990817
5344.403105851288,8455.321986280522
5353.893396534146,8462.560672005013
5364.244869737321,8468.52894503447
5373.2572969810135,8471.725650912813
5377.821132868682,8472.63352636765
5388.621622310065,8473.872574818206
5394.630483625708,8474.963111212084
5401.094323361985,8475.909969165496
5402.459795949749,8476.459356581421
5402.606385460759,8476.921077675599
5402.669658023818,8477.762496620917
5402.646063433226,8479.213433285426
5403.094657912277,8479.444504835861
5419.546233758381,8480.553901309542
5428.8979646022135,8481.693326793282
5437.795836150326,8483.056241710781
5441.749441672068,8484.041806031011
5446.51102394803,8486.25085322106
5451.258382977127,8490.141564256252
5455.341331883267,8492.266242184036
5472.791590854271,8501.77197660504
5481.001017745124,8507.78214803294
5482.449631519443,8508.102670154254
5483.206259410092,8508.500901152369
5483.647232387213,8509.653254555982
5485.37825405267,8510.748390073459
5487.442352238304,8510.096012595763
5489.275112673972,8509.971176008654
5493.219926105114,8511.56622337169
5494.273535421015,8512.494192836748
5494.401534569909,8513.79419593808
5494.69717125239,8514.487920283433
5495.145972816837,8514.641989979596
5498.823895596707,8513.713833990161
5499.8911232471355,8513.88032744447
5500.488971643196,8514.275376710188
5500.63301084065,8514.955947333996
5500.616929246633,8515.646401221094
5500.84285817136,8516.260087092005
5501.142394238074,8516.26325102983
5502.214847808516,8515.90008015742
5502.755091949719,8515.915351860052
5502.904273734258,8516.066357637257
5502.901682880551,8516.36510462821
5502.424657867427,8517.123223676319
5502.27028439911,8517.73280162162
5503.011089801102,8518.657500737405
5509.281290751595,8523.430395914564
5517.169087501292,8529.91811241359
5519.430957109746,8530.667728841017
5523.001077475926,8530.897606944136
5526.037428186283,8530.301855550764
5528.191123917961,8530.829769401578
5529.154413767952,8531.819535191076
5533.234554370086,8538.612701046115
5535.533157449106,8540.332701455207
5540.188439844739,8543.182222883423
5550.289840954177,8552.576036169865
5551.745586810653,8553.100360253507
5553.805611570472,8553.135565046272
5557.0142704133505,8552.22202270067
5558.900924031238,8552.528944570548
5560.7086454329465,8554.134853393898
5568.791703807795,8561.922555877534
5573.341276551804,8564.442361502157
5579.32223231506,8565.751747147999
5581.581365346772,8566.880223689614
5583.023646041838,8567.883340293762
5587.793494138555,8570.242285755232
5591.268689795545,8572.262829570625
5592.326865760693,8573.631304493865
5592.652635706021,8576.293497860263
5593.729331939607,8576.805837339962
5594.9206232936485,8576.824485697001
5596.487154414365,8577.22608996559
5597.81868702541,8578.129195729149
5609.683809315749,8585.709364501432
5620.671041303527,8594.642031108402
5625.564867436481,8599.112456863215
5627.763567898333,8602.681070864872
5629.07121431651,8605.463639320064
5631.155378913908,8609.559759972532
5631.942292046199,8613.63616839444
5632.857547954111,8616.684338773648
5633.898199293428,8619.035137134462
5639.873957517918,8623.155686431346
5641.308405907212,8624.96807165846
5641.2763250209,8626.317059530036
5640.765240778414,8627.663671483031
5641.537803949339,8629.740601845471
5647.908549860123,8633.27167148023
5648.614604931815,8633.801654412668
5651.01057149533,8635.599743751405
5651.828488260322,8638.157292759195
5652.159426979122,8640.227879581638
5654.769168026936,8642.709576405572
5657.177254894197,8644.322739624979
5658.428584645128,8646.510774502201
5661.880248038403,8649.880237275902
5662.606119328662,8651.467573332462
5662.359426148759,8653.404854638755
5662.755456074267,8655.309697232704
5663.912144632514,8656.687315438685
5667.445291493356,8656.427557190791
5668.5713992317515,8656.887964993992
5669.351464333232,8658.256384283733
5672.381461027994,8662.29102834791
5676.11601426251,8667.262534064515
5681.5756268175055,8673.159236458358
5690.870633307812,8682.216967368075
5699.676194151562,8688.880139421553
5705.768467648841,8693.234411691868
5711.054120968415,8696.124390363177
5711.670004665941,8696.463404621485
5713.081210758973,8699.015326810648
5713.536222874117,8700.63043555544
5714.903445621666,8702.221049777861
5722.762971082037,8707.086999778307
5729.093936838841,8710.59106801961
5734.568389739189,8713.755981062037
5736.523336519801,8714.48651336897
5746.839354885288,8718.34079828236
5754.568537154367,8722.073646392671
5770.290361475123,8729.13872763005
5778.693812869521,8733.759268457725
5781.715409952607,8735.692627746736
5783.750964460413,8736.532243966732
5786.7296541497635,8737.668084897237
5788.287708057006,8737.957896703196
5789.49876813098,8739.058759197454
5789.590812301466,8740.139995248399
5789.23733595177,8741.739558494653
5790.140503526466,8742.454505784557
5792.472204079011,8741.155980657582
5794.206511760976,8740.54945443048
5794.5129739286085,8741.092274382405
5794.5398117780815,8742.383343286087
5794.727856237286,8743.933258595838
5795.793678306203,8744.442422346156
5796.778385627497,8743.87245141127
5797.739794334093,8743.889091031402
5798.373532021049,8744.4960477526
5799.438096400501,8745.153139076607
5801.3681694172865,8745.191311036524
5803.566452668921,8745.559316178531
5805.108527986041,8746.330610023324
5808.571545818542,8748.440102164193
5812.3612748872665,8749.751501039957
5815.082647679035,8750.606501142982
5820.510319450537,8753.231692636073
5823.168775587145,8754.783204973106
5825.678077570226,8756.013734738954
5828.193766715939,8756.754800135375
5833.859086449713,8758.363999134697
5837.235353908384,8758.910579889229
5843.670245509823,8759.466103571871
5847.047729319191,8759.794836461224
5848.112311086883,8760.41512578449
5848.461616307931,8761.706391139112
5849.303406944629,8762.63417126955
5852.219227077419,8762.309168527298
5853.574709435255,8761.481677499816
5854.641799842955,8761.818083101649
5855.480824271398,8763.176479010886
5856.228040405431,8763.352792049416
5858.108785771333,8763.277031865873
5861.189989918767,8762.104763947931
5862.380005657077,8762.124442210163
5862.856297332858,8762.457495836938
5863.222957461489,8763.06130143385
5864.771621042561,8763.142145540314
5866.029642598424,8762.194698350955
5868.199988658551,8760.892003348288
5874.457768922678,8760.045365960894
5879.633633165653,8759.368142836234
5884.530218073073,8758.73065111763
5895.859653066598,8756.263418738607
5902.100971906362,8752.88685252035
5914.069521268641,8748.127799604777
5917.801912362787,8746.738098592112
5920.605764680377,8746.422124818628
5923.025598708463,8746.46062298586
5925.697684767278,8747.263654755101
5934.088021843621,8749.73692471437
5954.450284947054,8755.756911071854
5959.385925900639,8756.32654571362
5962.594114989415,8759.884990774064
5967.761895541351,8762.559081081326
5978.019422078632,8765.384366903594
5978.969381669282,8766.63291910998
5982.200094725946,8768.84028302633
5986.255161657726,8770.744325742695
5989.375069802723,8773.220546677869
5990.582345806113,8774.592151346194
5998.471077508917,8778.599007132845
5999.93677564689,8780.46054247683
6000.494212902673,8781.77698041118
6001.426638152402,8783.973739032608
6002.880756294013,8787.006422007898
6003.911818521241,8789.173417525477
6008.288370700613,8796.7704524687
6010.654693456729,8799.501766506179
6013.8903906551795,8801.448400121648
6015.415129580032,8803.082147854127
6017.097129667701,8805.267407445137
6019.176433268395,8809.064961758215
6020.955803596447,8811.509231761045
6021.026595135986,8813.708544761732
6020.875896222332,8816.130558533921
6021.187753533816,8819.621175247337
6021.963759684182,8823.76853185082
6021.655762713491,8825.697885890513
6020.4378455320775,8827.875444125099
6020.240344014832,8830.025712011215
6021.752772640966,8831.989123971196
6024.291460992077,8834.448832919392
6025.25033846465,8834.628384050353
6026.732452561209,8833.310231066509
6027.243484094971,8831.983588982053
6027.43232087281,8832.075676127297
6028.186226454067,8833.012394338806
6029.263357441408,8834.609854122178
6031.477532507654,8836.329921107339
6032.9441382878595,8836.722556599441
6033.803744107309,8837.940235162856
6033.619866234473,8839.516854140138
6032.898159163231,8840.983311654261
6032.775719533063,8842.511092153925
6033.13579874975,8843.873292806986
6034.544061210504,8845.097201138837
6035.791684969863,8845.436732770908
6036.611231862662,8845.342386169112
6037.833284238093,8844.154044615752
6039.442407037818,8841.606964389775
6041.163342255974,8839.441694643483
6043.362486657404,8838.260052842206
6046.031504396389,8838.181733010055
6050.616715512436,8838.951989140141
6053.873124629097,8840.567781538402
6058.921795416632,8843.079155396166
6063.263034064026,8845.31617439768
6068.534261013334,8847.89153320428
6071.284830271241,8849.994685571515
6078.013600938122,8853.951997313872
6082.658151950059,8858.101707045798
6089.448394607541,8861.6774255929
6095.355230281433,8865.788041886
6101.764156658994,8873.062524363453
6107.378952703389,8878.36905453144
6114.026661005528,8884.837424864081
6118.174988675002,8889.532563773957
6124.780029681607,8898.775735956735
6129.790396774783,8904.620439796527
6132.897678678987,8909.6267369742
6135.352532946493,8915.117997898144
6141.689333029503,8923.921416362717
6145.015555942648,8929.149599890863
6148.488214406472,8931.098326048466
6150.0563018021685,8932.591277450381
6150.143136722951,8934.184027569669
6151.108147445008,8936.10122527295
6153.7586957501935,8938.373212838393
6158.632342888616,8941.644815409989
6165.51846352525,8945.713210965336
6172.958692889493,8949.076441748863
6178.983807024875,8952.31577752574
6186.467863462905,8956.661276829767
6188.483071798604,8957.226157156305
6196.604544761142,8958.084844800336
6198.188950266811,8958.708401100099
6199.2601275823945,8960.028075074053
6201.0209368839805,8963.32262878649
6203.782063525847,8965.647668423684
6207.379009963973,8967.082987637143
6208.984666234486,8968.128298847323
6211.556933435375,8968.721473760881
6214.301213453249,8969.353762519539
6218.350196145929,8969.500220220561
6221.006981985765,8969.574956293996
6232.302536577167,8955.942577631158
6246.203138808505,8940.793025313775
6260.876731429415,8924.842712156369
6271.269447357591,8913.942818527239
6299.811987063767,8891.161728762338
6340.573099635022,8864.476717808686
6372.255942498358,8847.92226293978
6402.332689201906,8843.78241732316
