<?xml version="1.0" encoding="utf-8"?>
<gpx xmlns="http://www.topografix.com/GPX/1/1" xmlns:xsd="http://www.w3.org/2001/XMLSchema" xmlns:xsi="http://www.w3.org/2001/XMLSchema-instance" xmlns:mytracks="http://mytracks.stichling.info/myTracksGPX/1/0" creator="myTracks" version="1.1" xsi:schemaLocation="http://www.topografix.com/GPX/1/1 http://www.topografix.com/GPX/1/1/gpx.xsd"><trk><name>2026-02-28 22:54:36</name><extensions><mytracks:color red="0.000000" green="0.000000" blue="1.000000" alpha="1.000000"/><mytracks:area showArea="no" areaDistance="0.000000"/><mytracks:directionArrows showDirectionArrows="yes"/><mytracks:sync syncPhotosOniPhone="no"/><mytracks:timezone offset="540"/></extensions><trkseg><trkpt lat="33.59180100222866" lon="130.3558093231794"><ele>5.265224456787109</ele><time>2026-02-28T13:54:36.00000Z</time><extensions><mytracks:speed>0</mytracks:speed><mytracks:gradient>0</mytracks:gradient><mytracks:length>0</mytracks:length></extensions></trkpt><trkpt lat="33.59180431291419" lon="130.3557339416516"><ele>5.318264007568359</ele><time>2026-02-28T13:54:42.00000Z</time><extensions><mytracks:speed>4.195452799423975</mytracks:speed><mytracks:gradient>0.007585291025826657</mytracks:gradient><mytracks:length>0.006992421332373291</mytracks:length></extensions></trkpt><trkpt lat="33.5917677260414" lon="130.3556685338994"><ele>4.590053711086512</ele><time>2026-02-28T13:54:48.00000Z</time><extensions><mytracks:speed>4.378606961348358</mytracks:speed><mytracks:length>0.007297678268913929</mytracks:length></extensions></trkpt><trkpt lat="33.59163350751551" lon="130.3555932118024"><ele>4.661830995231867</ele><time>2026-02-28T13:55:03.00000Z</time><extensions><mytracks:speed>3.953942900265984</mytracks:speed><mytracks:gradient>0.004356802470194098</mytracks:gradient><mytracks:length>0.0164747620844416</mytracks:length></extensions></trkpt><trkpt lat="33.591546419443" lon="130.3555303080078"><ele>6.951775841968967</ele><time>2026-02-28T13:55:08.00000Z</time><extensions><mytracks:speed>8.136927815089592</mytracks:speed><mytracks:gradient>0.2026268792250012</mytracks:gradient><mytracks:length>0.01130128863206888</mytracks:length></extensions></trkpt><trkpt lat="33.59154216344625" lon="130.3555210257429"><ele>7.238362697108321</ele><time>2026-02-28T13:55:14.00000Z</time><extensions><mytracks:speed>0.5892110148426555</mytracks:speed><mytracks:gradient>0.2918345189618202</mytracks:gradient><mytracks:length>0.0009820183580710924</mytracks:length></extensions></trkpt><trkpt lat="33.59153782877008" lon="130.3554903190424"><ele>7.412651582621038</ele><time>2026-02-28T13:55:30.00000Z</time><extensions><mytracks:speed>0.6489497753738707</mytracks:speed><mytracks:gradient>0.06042840405911067</mytracks:gradient><mytracks:length>0.00288422122388387</mytracks:length></extensions></trkpt><trkpt lat="33.59154141360742" lon="130.355460702005"><ele>7.288851084320503</ele><time>2026-02-28T13:55:35.00000Z</time><extensions><mytracks:speed>1.996341016635506</mytracks:speed><mytracks:length>0.002772695856438203</mytracks:length></extensions></trkpt><trkpt lat="33.59149645371965" lon="130.3554123132872"><ele>7.028024905154942</ele><time>2026-02-28T13:55:40.00000Z</time><extensions><mytracks:speed>4.834766070986582</mytracks:speed><mytracks:length>0.006714952876370252</mytracks:length></extensions></trkpt><trkpt lat="33.59149265636953" lon="130.3554093028941"><ele>7.057143127019863</ele><time>2026-02-28T13:55:40.00000Z</time><extensions><mytracks:speed>5.194859504699985</mytracks:speed><mytracks:length>0.0005112422255613496</mytracks:length></extensions></trkpt><trkpt lat="33.59145124945689" lon="130.3553495194177"><ele>6.891316464350909</ele><time>2026-02-28T13:55:46.00000Z</time><extensions><mytracks:speed>4.320797340692353</mytracks:speed><mytracks:length>0.007201328901153922</mytracks:length></extensions></trkpt><trkpt lat="33.59144382910562" lon="130.3552762999821"><ele>6.833492460872987</ele><time>2026-02-28T13:55:52.00000Z</time><extensions><mytracks:speed>4.098830802542079</mytracks:speed><mytracks:length>0.006831384670903465</mytracks:length></extensions></trkpt><trkpt lat="33.59144256293919" lon="130.3552159374662"><ele>7.158556250888717</ele><time>2026-02-28T13:55:57.00000Z</time><extensions><mytracks:speed>4.026474487311263</mytracks:speed><mytracks:gradient>0.05812676313953568</mytracks:gradient><mytracks:length>0.005592325676821198</mytracks:length></extensions></trkpt><trkpt lat="33.59141735934291" lon="130.3550914620848"><ele>7.583969957813776</ele><time>2026-02-28T13:56:03.00000Z</time><extensions><mytracks:speed>7.119235910255099</mytracks:speed><mytracks:gradient>0.03585331731841559</mytracks:gradient><mytracks:length>0.0118653931837585</mytracks:length></extensions></trkpt><trkpt lat="33.59144821120729" lon="130.3549548848922"><ele>7.678130859277965</ele><time>2026-02-28T13:56:08.00000Z</time><extensions><mytracks:speed>9.437227984421227</mytracks:speed><mytracks:gradient>0.007183873184597436</mytracks:gradient><mytracks:length>0.01310726108947393</mytracks:length></extensions></trkpt><trkpt lat="33.59140551015448" lon="130.3548278183522"><ele>7.673468598124174</ele><time>2026-02-28T13:56:15.00000Z</time><extensions><mytracks:speed>6.527077305908841</mytracks:speed><mytracks:length>0.01269153920593386</mytracks:length></extensions></trkpt><trkpt lat="33.59123956900567" lon="130.3547541205721"><ele>7.564793527126312</ele><time>2026-02-28T13:56:28.00000Z</time><extensions><mytracks:speed>5.448203017235084</mytracks:speed><mytracks:length>0.01967406645112669</mytracks:length></extensions></trkpt><trkpt lat="33.59126994502978" lon="130.3548911251802"><ele>7.499619525418174</ele><time>2026-02-28T13:56:33.00000Z</time><extensions><mytracks:speed>9.454787013398482</mytracks:speed><mytracks:length>0.01313164862972011</mytracks:length></extensions></trkpt><trkpt lat="33.59127199277853" lon="130.3549458694447"><ele>7.13240717845499</ele><time>2026-02-28T13:56:38.00000Z</time><extensions><mytracks:speed>3.6541916970002</mytracks:speed><mytracks:length>0.005075266245833611</mytracks:length></extensions></trkpt><trkpt lat="33.59122691491039" lon="130.354968722533"><ele>7.09861801882823</ele><time>2026-02-28T13:56:44.00000Z</time><extensions><mytracks:speed>3.265222253973392</mytracks:speed><mytracks:length>0.005442037089955653</mytracks:length></extensions></trkpt><trkpt lat="33.59117395658393" lon="130.3549128886206"><ele>6.975382092408836</ele><time>2026-02-28T13:56:59.99500Z</time><extensions><mytracks:speed>1.764103421545048</mytracks:speed><mytracks:length>0.007837769887671125</mytracks:length></extensions></trkpt><trkpt lat="33.59116972009744" lon="130.3548558869157"><ele>7.053054604274594</ele><time>2026-02-28T13:57:05.50000Z</time><extensions><mytracks:speed>3.467065204888211</mytracks:speed><mytracks:gradient>0.01464980840610311</mytracks:gradient><mytracks:length>0.005301947282354904</mytracks:length></extensions></trkpt><trkpt lat="33.59115745760829" lon="130.3548003546964"><ele>7.067177752159568</ele><time>2026-02-28T13:57:10.50000Z</time><extensions><mytracks:speed>3.831213579097418</mytracks:speed><mytracks:gradient>0.002653998655456071</mytracks:gradient><mytracks:length>0.005321460075324077</mytracks:length></extensions></trkpt><trkpt lat="33.5911417884444" lon="130.3547404199261"><ele>6.787239962910057</ele><time>2026-02-28T13:57:15.50000Z</time><extensions><mytracks:speed>4.188414392404161</mytracks:speed><mytracks:length>0.005817450391159667</mytracks:length></extensions></trkpt><trkpt lat="33.59113050913865" lon="130.3546816548124"><ele>6.669805801945467</ele><time>2026-02-28T13:57:20.50000Z</time><extensions><mytracks:speed>4.021177635935039</mytracks:speed><mytracks:length>0.005585068672669533</mytracks:length></extensions></trkpt><trkpt lat="33.59111169431952" lon="130.3546326169788"><ele>6.99390923208419</ele><time>2026-02-28T13:57:25.50000Z</time><extensions><mytracks:speed>3.600067698441607</mytracks:speed><mytracks:gradient>0.06481905292073271</mytracks:gradient><mytracks:length>0.005000125974303731</mytracks:length></extensions></trkpt><trkpt lat="33.59108608549901" lon="130.3545742927982"><ele>7.074031126735506</ele><time>2026-02-28T13:57:30.50000Z</time><extensions><mytracks:speed>4.396997340419791</mytracks:speed><mytracks:gradient>0.01311983126449198</mytracks:gradient><mytracks:length>0.006106930267324461</mytracks:length></extensions></trkpt><trkpt lat="33.59106546575669" lon="130.3545146994682"><ele>7.068788508383182</ele><time>2026-02-28T13:57:35.50000Z</time><extensions><mytracks:speed>4.303035941969207</mytracks:speed><mytracks:length>0.005976401333577084</mytracks:length></extensions></trkpt><trkpt lat="33.59104901882675" lon="130.3544518511834"><ele>7.217888005154661</ele><time>2026-02-28T13:57:40.50000Z</time><extensions><mytracks:speed>4.392777914834626</mytracks:speed><mytracks:gradient>0.02443843742567848</mytracks:gradient><mytracks:length>0.006101024143827368</mytracks:length></extensions></trkpt><trkpt lat="33.59104462932076" lon="130.3543860496668"><ele>6.926665966992402</ele><time>2026-02-28T13:57:45.50000Z</time><extensions><mytracks:speed>4.402878121140013</mytracks:speed><mytracks:length>0.006115041873017916</mytracks:length></extensions></trkpt><trkpt lat="33.59104983980993" lon="130.3543252345213"><ele>6.52956300000187</ele><time>2026-02-28T13:57:50.50000Z</time><extensions><mytracks:speed>4.077258719399255</mytracks:speed><mytracks:length>0.005662793041072969</mytracks:length></extensions></trkpt><trkpt lat="33.5910408512951" lon="130.3542619797625"><ele>6.835274784548718</ele><time>2026-02-28T13:57:55.50000Z</time><extensions><mytracks:speed>4.278560523401678</mytracks:speed><mytracks:gradient>0.05144607500174331</mytracks:gradient><mytracks:length>0.005942373340171978</mytracks:length></extensions></trkpt><trkpt lat="33.5910293584531" lon="130.3541930928814"><ele>7.182628277029584</ele><time>2026-02-28T13:58:01.00000Z</time><extensions><mytracks:speed>4.259119706683762</mytracks:speed><mytracks:gradient>0.05338109102400349</mytracks:gradient><mytracks:length>0.006507051201420271</mytracks:length></extensions></trkpt><trkpt lat="33.59100331852881" lon="130.3541304272171"><ele>7.117616175127019</ele><time>2026-02-28T13:58:06.00000Z</time><extensions><mytracks:speed>4.670175897308843</mytracks:speed><mytracks:length>0.006486241902204091</mytracks:length></extensions></trkpt><trkpt lat="33.59098363224256" lon="130.3540694684305"><ele>7.221655791263781</ele><time>2026-02-28T13:58:11.00000Z</time><extensions><mytracks:speed>4.359708974729297</mytracks:speed><mytracks:gradient>0.01718227047532853</mytracks:gradient><mytracks:length>0.006055056360924392</mytracks:length></extensions></trkpt><trkpt lat="33.59096968379735" lon="130.3540078229568"><ele>7.143705712709796</ele><time>2026-02-28T13:58:16.00000Z</time><extensions><mytracks:speed>4.2599669945481</mytracks:speed><mytracks:length>0.005916533507620001</mytracks:length></extensions></trkpt><trkpt lat="33.59095048399568" lon="130.3539479394094"><ele>7.079184562542741</ele><time>2026-02-28T13:58:21.00000Z</time><extensions><mytracks:speed>4.279658532929404</mytracks:speed><mytracks:length>0.005943889832053288</mytracks:length></extensions></trkpt><trkpt lat="33.59093517044532" lon="130.353882469081"><ele>7.108450645021574</ele><time>2026-02-28T13:58:26.00000Z</time><extensions><mytracks:speed>4.534625627992476</mytracks:speed><mytracks:gradient>0.004646877138965491</mytracks:gradient><mytracks:length>0.006298010815355597</mytracks:length></extensions></trkpt><trkpt lat="33.59095681173576" lon="130.3538201879584"><ele>6.720628524829284</ele><time>2026-02-28T13:58:31.00000Z</time><extensions><mytracks:speed>4.500488996701669</mytracks:speed><mytracks:length>0.006250608075822942</mytracks:length></extensions></trkpt><trkpt lat="33.5909779037215" lon="130.3537530328472"><ele>6.673250739279134</ele><time>2026-02-28T13:58:36.00000Z</time><extensions><mytracks:speed>4.786751375312394</mytracks:speed><mytracks:length>0.006648182741372522</mytracks:length></extensions></trkpt><trkpt lat="33.59099848185519" lon="130.35369146489"><ele>6.754544389672329</ele><time>2026-02-28T13:58:41.00000Z</time><extensions><mytracks:speed>4.424579567825822</mytracks:speed><mytracks:gradient>0.01322884403207561</mytracks:gradient><mytracks:length>0.006145181710214774</mytracks:length></extensions></trkpt><trkpt lat="33.59103016800209" lon="130.3536353498753"><ele>6.359072076963662</ele><time>2026-02-28T13:58:46.00000Z</time><extensions><mytracks:speed>4.521719344230106</mytracks:speed><mytracks:length>0.006280097328890588</mytracks:length></extensions></trkpt><trkpt lat="33.59108284814116" lon="130.353608911878"><ele>6.149779990076822</ele><time>2026-02-28T13:58:51.50000Z</time><extensions><mytracks:speed>4.15490641160228</mytracks:speed><mytracks:length>0.006348609508949865</mytracks:length></extensions></trkpt><trkpt lat="33.59113697954586" lon="130.3535978724457"><ele>6.123788299031854</ele><time>2026-02-28T13:58:57.00000Z</time><extensions><mytracks:speed>3.996375558773994</mytracks:speed><mytracks:length>0.00610545427207213</mytracks:length></extensions></trkpt><trkpt lat="33.59118740103714" lon="130.353589262897"><ele>6.42115806002144</ele><time>2026-02-28T13:59:02.00000Z</time><extensions><mytracks:speed>4.077834080342702</mytracks:speed><mytracks:gradient>0.05250553547462869</mytracks:gradient><mytracks:length>0.005663588768336233</mytracks:length></extensions></trkpt><trkpt lat="33.5912357400407" lon="130.3535862967886"><ele>6.848120013867073</ele><time>2026-02-28T13:59:07.00000Z</time><extensions><mytracks:speed>3.875756931768247</mytracks:speed><mytracks:gradient>0.07931785677616296</mytracks:gradient><mytracks:length>0.005382923482798215</mytracks:length></extensions></trkpt><trkpt lat="33.59127940664355" lon="130.353586307191"><ele>7.371604640738655</ele><time>2026-02-28T13:59:12.00000Z</time><extensions><mytracks:speed>3.496108424650161</mytracks:speed><mytracks:gradient>0.1078095776494796</mytracks:gradient><mytracks:length>0.004855641198907046</mytracks:length></extensions></trkpt><trkpt lat="33.59132364609773" lon="130.3535840123794"><ele>7.631834357732355</ele><time>2026-02-28T13:59:17.00000Z</time><extensions><mytracks:speed>3.545207554587389</mytracks:speed><mytracks:gradient>0.05285097840419294</mytracks:gradient><mytracks:length>0.004923839157782844</mytracks:length></extensions></trkpt><trkpt lat="33.59136868645329" lon="130.353581683368"><ele>7.290144097841193</ele><time>2026-02-28T13:59:22.00000Z</time><extensions><mytracks:speed>3.609203865077816</mytracks:speed><mytracks:length>0.005012727571901884</mytracks:length></extensions></trkpt><trkpt lat="33.59141717253542" lon="130.3535760822393"><ele>7.220839432972712</ele><time>2026-02-28T13:59:27.00000Z</time><extensions><mytracks:speed>3.899781055691576</mytracks:speed><mytracks:length>0.005416306273989337</mytracks:length></extensions></trkpt><trkpt lat="33.59146105685707" lon="130.3535714085733"><ele>7.173903783680826</ele><time>2026-02-28T13:59:32.00000Z</time><extensions><mytracks:speed>3.52669998683886</mytracks:speed><mytracks:length>0.004898146195176152</mytracks:length></extensions></trkpt><trkpt lat="33.59150307940357" lon="130.3535749359251"><ele>7.11752975012981</ele><time>2026-02-28T13:59:37.00000Z</time><extensions><mytracks:speed>3.372287488001989</mytracks:speed><mytracks:length>0.004683688513014356</mytracks:length></extensions></trkpt><trkpt lat="33.59154543215415" lon="130.3535775855759"><ele>7.000555988680535</ele><time>2026-02-28T13:59:42.00000Z</time><extensions><mytracks:speed>3.395758034861098</mytracks:speed><mytracks:length>0.004716287762015698</mytracks:length></extensions></trkpt><trkpt lat="33.59159771579351" lon="130.3535695388506"><ele>7.176463816477451</ele><time>2026-02-28T13:59:47.00000Z</time><extensions><mytracks:speed>4.219719390697571</mytracks:speed><mytracks:gradient>0.03001497414137621</mytracks:gradient><mytracks:length>0.005860668977036487</mytracks:length></extensions></trkpt><trkpt lat="33.59164778397054" lon="130.3535563342716"><ele>7.002778991583692</ele><time>2026-02-28T13:59:52.00000Z</time><extensions><mytracks:speed>4.103518592363197</mytracks:speed><mytracks:length>0.00569928150935007</mytracks:length></extensions></trkpt><trkpt lat="33.59170406241982" lon="130.3535464915425"><ele>6.601526363563883</ele><time>2026-02-28T13:59:57.00000Z</time><extensions><mytracks:speed>4.553628656763498</mytracks:speed><mytracks:length>0.006324429660446244</mytracks:length></extensions></trkpt><trkpt lat="33.5917567154167" lon="130.3535158991678"><ele>6.99577989986389</ele><time>2026-02-28T14:00:01.99900Z</time><extensions><mytracks:speed>4.683121802441072</mytracks:speed><mytracks:gradient>0.06061447347300491</mytracks:gradient><mytracks:length>0.006504280474787769</mytracks:length></extensions></trkpt><trkpt lat="33.59180276380455" lon="130.3534820285351"><ele>7.453899560695112</ele><time>2026-02-28T14:00:06.99900Z</time><extensions><mytracks:speed>4.323626766877858</mytracks:speed><mytracks:gradient>0.07628988091973363</mytracks:gradient><mytracks:length>0.006004985920914217</mytracks:length></extensions></trkpt><trkpt lat="33.59183501375507" lon="130.3534395326357"><ele>7.267331636226251</ele><time>2026-02-28T14:00:11.99900Z</time><extensions><mytracks:speed>3.834531256889123</mytracks:speed><mytracks:length>0.005325692526542215</mytracks:length></extensions></trkpt><trkpt lat="33.59185261255576" lon="130.3533944631336"><ele>7.195218118356313</ele><time>2026-02-28T14:00:16.99900Z</time><extensions><mytracks:speed>3.319921611451506</mytracks:speed><mytracks:length>0.004610963541056307</mytracks:length></extensions></trkpt><trkpt lat="33.59186508095337" lon="130.3533465303536"><ele>7.453938295775729</ele><time>2026-02-28T14:00:21.99900Z</time><extensions><mytracks:speed>3.348647539396083</mytracks:speed><mytracks:gradient>0.05562845032508627</mytracks:gradient><mytracks:length>0.004650860771915905</mytracks:length></extensions></trkpt><trkpt lat="33.59187836496812" lon="130.3533009899429"><ele>7.504238243861693</ele><time>2026-02-28T14:00:26.99900Z</time><extensions><mytracks:speed>3.216997813367874</mytracks:speed><mytracks:gradient>0.01125778508903155</mytracks:gradient><mytracks:length>0.004468014595070802</mytracks:length></extensions></trkpt><trkpt lat="33.59186780448712" lon="130.353257684378"><ele>7.334932749917529</ele><time>2026-02-28T14:00:31.99900Z</time><extensions><mytracks:speed>3.007575265020603</mytracks:speed><mytracks:length>0.004177153110504225</mytracks:length></extensions></trkpt><trkpt lat="33.59186638790779" lon="130.3532018952357"><ele>7.052380557237864</ele><time>2026-02-28T14:00:36.99900Z</time><extensions><mytracks:speed>3.722625779815701</mytracks:speed><mytracks:length>0.005170270808428378</mytracks:length></extensions></trkpt><trkpt lat="33.59185608301838" lon="130.3531486453334"><ele>6.928484301161778</ele><time>2026-02-28T14:00:41.99900Z</time><extensions><mytracks:speed>3.645902290285473</mytracks:speed><mytracks:length>0.005063710322056285</mytracks:length></extensions></trkpt><trkpt lat="33.5918413983199" lon="130.3530982350661"><ele>7.303211547686038</ele><time>2026-02-28T14:00:46.99900Z</time><extensions><mytracks:speed>3.561629796549184</mytracks:speed><mytracks:gradient>0.07575348849000234</mytracks:gradient><mytracks:length>0.004946666536336671</mytracks:length></extensions></trkpt><trkpt lat="33.59182841235641" lon="130.3530384036013"><ele>7.338771155619109</ele><time>2026-02-28T14:00:51.99900Z</time><extensions><mytracks:speed>4.122827605411354</mytracks:speed><mytracks:gradient>0.006210090064632315</mytracks:gradient><mytracks:length>0.005726101805767694</mytracks:length></extensions></trkpt><trkpt lat="33.59181868464118" lon="130.3529776391937"><ele>6.360712239291694</ele><time>2026-02-28T14:00:57.50000Z</time><extensions><mytracks:speed>3.750471882065226</mytracks:speed><mytracks:length>0.005730821769590764</mytracks:length></extensions></trkpt><trkpt lat="33.59181679302731" lon="130.3529071754879"><ele>6.342786927620162</ele><time>2026-02-28T14:01:03.50000Z</time><extensions><mytracks:speed>3.918326098521238</mytracks:speed><mytracks:length>0.006530554915556675</mytracks:length></extensions></trkpt><trkpt lat="33.59180744797919" lon="130.3528521829967"><ele>5.841346366890967</ele><time>2026-02-28T14:01:08.50000Z</time><extensions><mytracks:speed>3.743243191314535</mytracks:speed><mytracks:length>0.005198953710977158</mytracks:length></extensions></trkpt><trkpt lat="33.59180093200204" lon="130.352784924152"><ele>5.895656212977326</ele><time>2026-02-28T14:01:14.00000Z</time><extensions><mytracks:speed>4.105458243361381</mytracks:speed><mytracks:gradient>0.008658820370186849</mytracks:gradient><mytracks:length>0.006272199187010872</mytracks:length></extensions></trkpt><trkpt lat="33.59179648093214" lon="130.352723482481"><ele>5.500767617477961</ele><time>2026-02-28T14:01:19.00000Z</time><extensions><mytracks:speed>4.113175313430309</mytracks:speed><mytracks:length>0.005712707397234505</mytracks:length></extensions></trkpt><trkpt lat="33.59180229082572" lon="130.3526561302583"><ele>5.209000303382073</ele><time>2026-02-28T14:01:24.00000Z</time><extensions><mytracks:speed>4.515497849306846</mytracks:speed><mytracks:length>0.006271480680887086</mytracks:length></extensions></trkpt><trkpt lat="33.59180466580138" lon="130.3525945619842"><ele>5.863062358886169</ele><time>2026-02-28T14:01:29.00000Z</time><extensions><mytracks:speed>4.110338446167391</mytracks:speed><mytracks:gradient>0.1145716126810307</mytracks:gradient><mytracks:length>0.005708761884368479</mytracks:length></extensions></trkpt><trkpt lat="33.59180003316969" lon="130.352540957903"><ele>6.028409955895912</ele><time>2026-02-28T14:01:34.00000Z</time><extensions><mytracks:speed>3.593622929057033</mytracks:speed><mytracks:gradient>0.03312845257612226</mytracks:gradient><mytracks:length>0.004991105353617361</mytracks:length></extensions></trkpt><trkpt lat="33.59179560081417" lon="130.3524835729922"><ele>6.054526416184909</ele><time>2026-02-28T14:01:39.00000Z</time><extensions><mytracks:speed>3.842439864168157</mytracks:speed><mytracks:gradient>0.004893764374779628</mytracks:gradient><mytracks:length>0.005336681190371619</mytracks:length></extensions></trkpt><trkpt lat="33.59178676395742" lon="130.3524289808509"><ele>5.641265183848311</ele><time>2026-02-28T14:01:44.00000Z</time><extensions><mytracks:speed>3.708162716206648</mytracks:speed><mytracks:length>0.00515018522813394</mytracks:length></extensions></trkpt><trkpt lat="33.59178000160522" lon="130.3523766942047"><ele>5.613730129985683</ele><time>2026-02-28T14:01:49.00000Z</time><extensions><mytracks:speed>3.52867985906501</mytracks:speed><mytracks:length>0.004900905455292756</mytracks:length></extensions></trkpt><trkpt lat="33.59176888410581" lon="130.3523208246338"><ele>5.153214240184269</ele><time>2026-02-28T14:01:54.00000Z</time><extensions><mytracks:speed>3.831481582313639</mytracks:speed><mytracks:length>0.005321460075324077</mytracks:length></extensions></trkpt><trkpt lat="33.59175134672938" lon="130.3522575453529"><ele>5.051495658127104</ele><time>2026-02-28T14:01:59.00000Z</time><extensions><mytracks:speed>4.447737323134871</mytracks:speed><mytracks:length>0.006177363315100833</mytracks:length></extensions></trkpt><trkpt lat="33.5917284542983" lon="130.352201793488"><ele>4.581672968410333</ele><time>2026-02-28T14:02:04.00000Z</time><extensions><mytracks:speed>4.145429810291712</mytracks:speed><mytracks:length>0.005757495143029809</mytracks:length></extensions></trkpt><trkpt lat="33.59171557338738" lon="130.3521512489625"><ele>3.663645815439881</ele><time>2026-02-28T14:02:09.00000Z</time><extensions><mytracks:speed>3.525369023302588</mytracks:speed><mytracks:length>0.004896305824570073</mytracks:length></extensions></trkpt><trkpt lat="33.59171405631318" lon="130.3520922906445"><ele>3.922506481333846</ele><time>2026-02-28T14:02:13.99900Z</time><extensions><mytracks:speed>3.933175592699089</mytracks:speed><mytracks:gradient>0.04738694989423919</mytracks:gradient><mytracks:length>0.005462699466239231</mytracks:length></extensions></trkpt><trkpt lat="33.59170206608344" lon="130.3520397290214"><ele>3.810433738598824</ele><time>2026-02-28T14:02:18.99900Z</time><extensions><mytracks:speed>3.633706143525069</mytracks:speed><mytracks:length>0.005046773297910394</mytracks:length></extensions></trkpt><trkpt lat="33.59168543221273" lon="130.351986077176"><ele>3.890864608634616</ele><time>2026-02-28T14:02:23.99900Z</time><extensions><mytracks:speed>3.818044903497821</mytracks:speed><mytracks:gradient>0.01516763090194004</mytracks:gradient><mytracks:length>0.005302797157696157</mytracks:length></extensions></trkpt><trkpt lat="33.59168237730253" lon="130.3519306468554"><ele>3.791145516372786</ele><time>2026-02-28T14:02:28.99900Z</time><extensions><mytracks:speed>3.704381865102795</mytracks:speed><mytracks:length>0.005144932615621869</mytracks:length></extensions></trkpt><trkpt lat="33.59167861856105" lon="130.3518801059125"><ele>4.006846766049136</ele><time>2026-02-28T14:02:33.99900Z</time><extensions><mytracks:speed>3.38403924059291</mytracks:speed><mytracks:gradient>0.04589372275939285</mytracks:gradient><mytracks:length>0.004700016401092749</mytracks:length></extensions></trkpt><trkpt lat="33.59168119544666" lon="130.3518271665571"><ele>4.101032619924133</ele><time>2026-02-28T14:02:38.99900Z</time><extensions><mytracks:speed>3.536616274190822</mytracks:speed><mytracks:gradient>0.01917492950465263</mytracks:gradient><mytracks:length>0.004911926995723475</mytracks:length></extensions></trkpt><trkpt lat="33.59167571668022" lon="130.3517766283117"><ele>4.109306624714403</ele><time>2026-02-28T14:02:43.99900Z</time><extensions><mytracks:speed>3.398505428485528</mytracks:speed><mytracks:gradient>0.001752926945642759</mytracks:gradient><mytracks:length>0.004720108165851565</mytracks:length></extensions></trkpt><trkpt lat="33.59166714816992" lon="130.3517247540159"><ele>4.191736843046026</ele><time>2026-02-28T14:02:48.99900Z</time><extensions><mytracks:speed>3.526694269142391</mytracks:speed><mytracks:gradient>0.01682886035798654</mytracks:gradient><mytracks:length>0.004898146195176152</mytracks:length></extensions></trkpt><trkpt lat="33.59166300082182" lon="130.3516725399474"><ele>4.345190050267309</ele><time>2026-02-28T14:02:53.99900Z</time><extensions><mytracks:speed>3.49876191747891</mytracks:speed><mytracks:gradient>0.03157894423066667</mytracks:gradient><mytracks:length>0.004859352044843329</mytracks:length></extensions></trkpt><trkpt lat="33.59165511607578" lon="130.3516244437658"><ele>4.308032927616767</ele><time>2026-02-28T14:02:58.99900Z</time><extensions><mytracks:speed>3.269578552608125</mytracks:speed><mytracks:length>0.004541044187206067</mytracks:length></extensions></trkpt><trkpt lat="33.5916473853928" lon="130.3515714945123"><ele>4.330517953263385</ele><time>2026-02-28T14:03:04.00000Z</time><extensions><mytracks:speed>3.584458119056199</mytracks:speed><mytracks:gradient>0.004515651051063415</mytracks:gradient><mytracks:length>0.004979354115797475</mytracks:length></extensions></trkpt><trkpt lat="33.59165068473349" lon="130.3515181958982"><ele>4.366133740911496</ele><time>2026-02-28T14:03:09.00000Z</time><extensions><mytracks:speed>3.563573299885366</mytracks:speed><mytracks:gradient>0.007195982678028591</mytracks:gradient><mytracks:length>0.004949398746728003</mytracks:length></extensions></trkpt><trkpt lat="33.59164408257037" lon="130.3514741353165"><ele>4.352025672070416</ele><time>2026-02-28T14:03:14.00000Z</time><extensions><mytracks:speed>2.984944885411553</mytracks:speed><mytracks:length>0.004145749569788096</mytracks:length></extensions></trkpt><trkpt lat="33.59163333112085" lon="130.3514217406334"><ele>4.617853938510982</ele><time>2026-02-28T14:03:19.00000Z</time><extensions><mytracks:speed>3.598177021209092</mytracks:speed><mytracks:gradient>0.05319308498562249</mytracks:gradient><mytracks:length>0.004997421497783347</mytracks:length></extensions></trkpt><trkpt lat="33.59162689989858" lon="130.3513771944574"><ele>4.791531574724142</ele><time>2026-02-28T14:03:24.00000Z</time><extensions><mytracks:speed>3.014568688591272</mytracks:speed><mytracks:gradient>0.0414816840200599</mytracks:gradient><mytracks:length>0.004186851144451421</mytracks:length></extensions></trkpt><trkpt lat="33.59162032565226" lon="130.3513330200064"><ele>4.844373384468343</ele><time>2026-02-28T14:03:29.00000Z</time><extensions><mytracks:speed>2.99200771443836</mytracks:speed><mytracks:gradient>0.01271604958900436</mytracks:gradient><mytracks:length>0.004155520893052667</mytracks:length></extensions></trkpt><trkpt lat="33.59161403128211" lon="130.3512868432612"><ele>5.200341268907452</ele><time>2026-02-28T14:03:34.00000Z</time><extensions><mytracks:speed>3.119674112846501</mytracks:speed><mytracks:gradient>0.08215584459541918</mytracks:gradient><mytracks:length>0.004332837014725989</mytracks:length></extensions></trkpt><trkpt lat="33.59160328694404" lon="130.3512322626204"><ele>4.881348747552847</ele><time>2026-02-28T14:03:39.00000Z</time><extensions><mytracks:speed>3.740785808293793</mytracks:speed><mytracks:length>0.005195485429262947</mytracks:length></extensions></trkpt><trkpt lat="33.59159415803" lon="130.3511684706917"><ele>4.782906358085116</ele><time>2026-02-28T14:03:44.00000Z</time><extensions><mytracks:speed>4.316600207775204</mytracks:speed><mytracks:length>0.005995222320313012</mytracks:length></extensions></trkpt><trkpt lat="33.59158918645129" lon="130.3511030570739"><ele>4.783096706879294</ele><time>2026-02-28T14:03:49.00000Z</time><extensions><mytracks:speed>4.380527460522646</mytracks:speed><mytracks:gradient>3.128672181983453e-05</mytracks:gradient><mytracks:length>0.006084012101826135</mytracks:length></extensions></trkpt><trkpt lat="33.59158493028765" lon="130.3510404755933"><ele>4.695597801467979</ele><time>2026-02-28T14:03:54.16600Z</time><extensions><mytracks:speed>4.0524058962721</mytracks:speed><mytracks:length>0.005815900930380776</mytracks:length></extensions></trkpt><trkpt lat="33.59156845956435" lon="130.3509018126623"><ele>4.632975256070495</ele><time>2026-02-28T14:04:06.00000Z</time><extensions><mytracks:speed>3.947015297891786</mytracks:speed><mytracks:length>0.01297387324197657</mytracks:length></extensions></trkpt><trkpt lat="33.59155786697554" lon="130.3508471248745"><ele>4.461468230973454</ele><time>2026-02-28T14:04:11.00000Z</time><extensions><mytracks:speed>3.744525875580526</mytracks:speed><mytracks:length>0.005200686984474547</mytracks:length></extensions></trkpt><trkpt lat="33.59154600327241" lon="130.3507886033196"><ele>4.280252018835473</ele><time>2026-02-28T14:04:15.99900Z</time><extensions><mytracks:speed>4.016633347478082</mytracks:speed><mytracks:length>0.005578610077074348</mytracks:length></extensions></trkpt><trkpt lat="33.59153950816994" lon="130.3507332187898"><ele>4.396545063088571</ele><time>2026-02-28T14:04:20.99900Z</time><extensions><mytracks:speed>3.730775630894772</mytracks:speed><mytracks:gradient>0.02244350956564132</mytracks:gradient><mytracks:length>0.005181589087614461</mytracks:length></extensions></trkpt><trkpt lat="33.59152807182892" lon="130.3506784082465"><ele>4.484738657261119</ele><time>2026-02-28T14:04:25.99900Z</time><extensions><mytracks:speed>3.768158546883995</mytracks:speed><mytracks:gradient>0.01685170989246528</mytracks:gradient><mytracks:length>0.00523351011472023</mytracks:length></extensions></trkpt><trkpt lat="33.59152280429377" lon="130.3506221285489"><ele>4.392869025337661</ele><time>2026-02-28T14:04:30.99900Z</time><extensions><mytracks:speed>3.775590999519511</mytracks:speed><mytracks:length>0.005243832629907032</mytracks:length></extensions></trkpt><trkpt lat="33.59152280415503" lon="130.3505693639089"><ele>4.375524406698648</ele><time>2026-02-28T14:04:35.99900Z</time><extensions><mytracks:speed>3.518736569496231</mytracks:speed><mytracks:length>0.004887093575911953</mytracks:length></extensions></trkpt><trkpt lat="33.59151676702464" lon="130.3505153855372"><ele>4.495981512569277</ele><time>2026-02-28T14:04:40.99900Z</time><extensions><mytracks:speed>3.631777691926576</mytracks:speed><mytracks:gradient>0.02388082178438407</mytracks:gradient><mytracks:length>0.005044093832206304</mytracks:length></extensions></trkpt><trkpt lat="33.59150879325419" lon="130.3504612836164"><ele>4.375574315323334</ele><time>2026-02-28T14:04:45.99900Z</time><extensions><mytracks:speed>3.663799359200407</mytracks:speed><mytracks:length>0.005088567394473264</mytracks:length></extensions></trkpt><trkpt lat="33.59150478819333" lon="130.3504076214292"><ele>4.137175187171263</ele><time>2026-02-28T14:04:50.99900Z</time><extensions><mytracks:speed>3.593625328078832</mytracks:speed><mytracks:length>0.004991105353617361</mytracks:length></extensions></trkpt><trkpt lat="33.59149260335587" lon="130.3503467877578"><ele>3.732218716646925</ele><time>2026-02-28T14:04:55.99900Z</time><extensions><mytracks:speed>4.172393632322785</mytracks:speed><mytracks:length>0.005794942660666006</mytracks:length></extensions></trkpt><trkpt lat="33.59148462634504" lon="130.3502812051368"><ele>3.744433829352657</ele><time>2026-02-28T14:05:00.99900Z</time><extensions><mytracks:speed>4.420341487502809</mytracks:speed><mytracks:gradient>0.001989654856925113</mytracks:gradient><mytracks:length>0.006139312385370124</mytracks:length></extensions></trkpt><trkpt lat="33.59147368249489" lon="130.3502149505213"><ele>3.963946510056088</ele><time>2026-02-28T14:05:06.49900Z</time><extensions><mytracks:speed>4.094992634265416</mytracks:speed><mytracks:gradient>0.03508625221277622</mytracks:gradient><mytracks:length>0.006256372991114112</mytracks:length></extensions></trkpt><trkpt lat="33.59146658202513" lon="130.3501495290072"><ele>4.299125755430457</ele><time>2026-02-28T14:05:11.50000Z</time><extensions><mytracks:speed>4.399214591462445</mytracks:speed><mytracks:gradient>0.05485193268751457</mytracks:gradient><mytracks:length>0.006110618695677476</mytracks:length></extensions></trkpt><trkpt lat="33.5914568402338" lon="130.3500950165027"><ele>3.81571653232645</ele><time>2026-02-28T14:05:16.50000Z</time><extensions><mytracks:speed>3.718178121585096</mytracks:speed><mytracks:length>0.005164166075649327</mytracks:length></extensions></trkpt><trkpt lat="33.59145241275788" lon="130.3500368031128"><ele>3.550400608232473</ele><time>2026-02-28T14:05:21.50000Z</time><extensions><mytracks:speed>3.897927653470596</mytracks:speed><mytracks:length>0.005413809704935756</mytracks:length></extensions></trkpt><trkpt lat="33.59144255753635" lon="130.3499771123134"><ele>3.811828222072086</ele><time>2026-02-28T14:05:27.00000Z</time><extensions><mytracks:speed>3.68932360771618</mytracks:speed><mytracks:gradient>0.04638143492080259</mytracks:gradient><mytracks:length>0.005636471020916182</mytracks:length></extensions></trkpt><trkpt lat="33.59143412828656" lon="130.349920673129"><ele>3.604573104374393</ele><time>2026-02-28T14:05:32.00000Z</time><extensions><mytracks:speed>3.82413432648956</mytracks:speed><mytracks:length>0.005311288431602015</mytracks:length></extensions></trkpt><trkpt lat="33.59142392257073" lon="130.3498601174708"><ele>3.769665593077843</ele><time>2026-02-28T14:05:37.00000Z</time><extensions><mytracks:speed>4.120540110684759</mytracks:speed><mytracks:gradient>0.02884743045885528</mytracks:gradient><mytracks:length>0.005722953000577277</mytracks:length></extensions></trkpt><trkpt lat="33.59141817394961" lon="130.3497962597183"><ele>4.140546540157096</ele><time>2026-02-28T14:05:42.00000Z</time><extensions><mytracks:speed>4.283439654829546</mytracks:speed><mytracks:gradient>0.06234137184295591</mytracks:gradient><mytracks:length>0.005949194509442915</mytracks:length></extensions></trkpt><trkpt lat="33.59142006869018" lon="130.3497352777109"><ele>4.106162883113806</ele><time>2026-02-28T14:05:47.00000Z</time><extensions><mytracks:speed>4.069778057071313</mytracks:speed><mytracks:length>0.00565243839290848</mytracks:length></extensions></trkpt><trkpt lat="33.59141526949537" lon="130.3496768977896"><ele>4.367747949643715</ele><time>2026-02-28T14:05:52.00000Z</time><extensions><mytracks:speed>3.912323046722728</mytracks:speed><mytracks:gradient>0.04814079775581939</mytracks:gradient><mytracks:length>0.00543375013967831</mytracks:length></extensions></trkpt><trkpt lat="33.59140280614905" lon="130.349618762054"><ele>4.566547795785497</ele><time>2026-02-28T14:05:57.00000Z</time><extensions><mytracks:speed>4.003809543197572</mytracks:speed><mytracks:gradient>0.03575015812896873</mytracks:gradient><mytracks:length>0.005560810260603914</mytracks:length></extensions></trkpt><trkpt lat="33.59139518410731" lon="130.3495619874953"><ele>4.31592948766997</ele><time>2026-02-28T14:06:02.00000Z</time><extensions><mytracks:speed>3.835133678104163</mytracks:speed><mytracks:length>0.00532653861321473</mytracks:length></extensions></trkpt><trkpt lat="33.59139783896301" lon="130.3495082158796"><ele>3.932846309344626</ele><time>2026-02-28T14:06:07.00000Z</time><extensions><mytracks:speed>3.592320656503023</mytracks:speed><mytracks:length>0.004989299272373636</mytracks:length></extensions></trkpt><trkpt lat="33.59139171467201" lon="130.3494540881778"><ele>4.123077929318368</ele><time>2026-02-28T14:06:12.00000Z</time><extensions><mytracks:speed>3.642692410977633</mytracks:speed><mytracks:gradient>0.03760069033102507</mytracks:gradient><mytracks:length>0.005059258707725855</mytracks:length></extensions></trkpt><trkpt lat="33.5913861275215" lon="130.3494034654148"><ele>4.607688148714065</ele><time>2026-02-28T14:06:16.99900Z</time><extensions><mytracks:speed>3.405370135764616</mytracks:speed><mytracks:gradient>0.1024622673150947</mytracks:gradient><mytracks:length>0.004729645674396505</mytracks:length></extensions></trkpt><trkpt lat="33.59137696932696" lon="130.3493564254982"><ele>4.834454733057136</ele><time>2026-02-28T14:06:21.99900Z</time><extensions><mytracks:speed>3.222073562052067</mytracks:speed><mytracks:gradient>0.05067331466229247</mytracks:gradient><mytracks:length>0.004475069094144242</mytracks:length></extensions></trkpt><trkpt lat="33.59137086132049" lon="130.3493087306446"><ele>5.145870364991906</ele><time>2026-02-28T14:06:26.99900Z</time><extensions><mytracks:speed>3.218446325101191</mytracks:speed><mytracks:gradient>0.06966743874386506</mytracks:gradient><mytracks:length>0.004470031302280276</mytracks:length></extensions></trkpt><trkpt lat="33.59136628024168" lon="130.349258747978"><ele>5.290667613870684</ele><time>2026-02-28T14:06:31.99900Z</time><extensions><mytracks:speed>3.352828257866638</mytracks:speed><mytracks:gradient>0.03109458615790433</mytracks:gradient><mytracks:length>0.004656670718930594</mytracks:length></extensions></trkpt><trkpt lat="33.59135576229342" lon="130.3492052633616"><ele>5.069928313801921</ele><time>2026-02-28T14:06:36.99900Z</time><extensions><mytracks:speed>3.665070806770526</mytracks:speed><mytracks:length>0.005090338254939077</mytracks:length></extensions></trkpt><trkpt lat="33.59134906204073" lon="130.349151404102"><ele>5.278801677944187</ele><time>2026-02-28T14:06:41.99900Z</time><extensions><mytracks:speed>3.631132049554344</mytracks:speed><mytracks:gradient>0.04141682844359895</mytracks:gradient><mytracks:length>0.005043200360614456</mytracks:length></extensions></trkpt><trkpt lat="33.59134061502791" lon="130.349080466652"><ele>5.135294743587769</ele><time>2026-02-28T14:06:46.99900Z</time><extensions><mytracks:speed>4.778423472220646</mytracks:speed><mytracks:length>0.006636649582363471</mytracks:length></extensions></trkpt><trkpt lat="33.59132514157439" lon="130.3490212043497"><ele>4.885550328356987</ele><time>2026-02-28T14:06:51.99900Z</time><extensions><mytracks:speed>4.143173144144689</mytracks:speed><mytracks:length>0.005754363516394517</mytracks:length></extensions></trkpt><trkpt lat="33.59131679825059" lon="130.3489547702345"><ele>4.606964470067384</ele><time>2026-02-28T14:06:56.99900Z</time><extensions><mytracks:speed>4.480703907289559</mytracks:speed><mytracks:length>0.006223151798497846</mytracks:length></extensions></trkpt><trkpt lat="33.59130730680516" lon="130.3488966632828"><ele>4.538424774095139</ele><time>2026-02-28T14:07:01.99900Z</time><extensions><mytracks:speed>3.948585892827305</mytracks:speed><mytracks:length>0.005484105755658587</mytracks:length></extensions></trkpt><trkpt lat="33.59129156344157" lon="130.3488325910743"><ele>4.851711265292531</ele><time>2026-02-28T14:07:06.99900Z</time><extensions><mytracks:speed>4.455082923343288</mytracks:speed><mytracks:gradient>0.05063160526270784</mytracks:gradient><mytracks:length>0.006187567816028532</mytracks:length></extensions></trkpt><trkpt lat="33.59127109269447" lon="130.3487758797166"><ele>4.09171866258298</ele><time>2026-02-28T14:07:12.49900Z</time><extensions><mytracks:speed>3.746938356940321</mytracks:speed><mytracks:length>0.005724527619674505</mytracks:length></extensions></trkpt><trkpt lat="33.59124943604069" lon="130.3487273137865"><ele>4.111027183244791</ele><time>2026-02-28T14:07:17.49900Z</time><extensions><mytracks:speed>3.673148298838797</mytracks:speed><mytracks:gradient>0.003784623563063604</mytracks:gradient><mytracks:length>0.005101833865395348</mytracks:length></extensions></trkpt><trkpt lat="33.59122701048208" lon="130.3486813569644"><ele>3.919895220081477</ele><time>2026-02-28T14:07:22.49900Z</time><extensions><mytracks:speed>3.553029702018252</mytracks:speed><mytracks:length>0.004934809477711821</mytracks:length></extensions></trkpt><trkpt lat="33.59120292323865" lon="130.3486383791908"><ele>3.89067698463051</ele><time>2026-02-28T14:07:27.49900Z</time><extensions><mytracks:speed>3.455019639430224</mytracks:speed><mytracks:length>0.004798695249099476</mytracks:length></extensions></trkpt><trkpt lat="33.59118283605526" lon="130.3485923770804"><ele>4.062671482793534</ele><time>2026-02-28T14:07:32.50000Z</time><extensions><mytracks:speed>3.463808075236038</mytracks:speed><mytracks:gradient>0.0357510932800504</mytracks:gradient><mytracks:length>0.004810887790639947</mytracks:length></extensions></trkpt><trkpt lat="33.59115466255901" lon="130.3485495778627"><ele>4.060317747321312</ele><time>2026-02-28T14:07:37.50000Z</time><extensions><mytracks:speed>3.63815651674227</mytracks:speed><mytracks:length>0.00505301985906454</mytracks:length></extensions></trkpt><trkpt lat="33.59111510936872" lon="130.3485143197185"><ele>4.275122986188255</ele><time>2026-02-28T14:07:42.50000Z</time><extensions><mytracks:speed>3.944405958614683</mytracks:speed><mytracks:gradient>0.03920983678936699</mytracks:gradient><mytracks:length>0.005478350752156015</mytracks:length></extensions></trkpt><trkpt lat="33.5910690499816" lon="130.3484754479741"><ele>4.270259449178274</ele><time>2026-02-28T14:07:48.00000Z</time><extensions><mytracks:speed>4.097438445214323</mytracks:speed><mytracks:length>0.00625997336719108</mytracks:length></extensions></trkpt><trkpt lat="33.5910283667902" lon="130.3484292474699"><ele>4.220164410911991</ele><time>2026-02-28T14:07:53.00000Z</time><extensions><mytracks:speed>4.483284267904598</mytracks:speed><mytracks:length>0.006226771383401389</mytracks:length></extensions></trkpt><trkpt lat="33.59097621996608" lon="130.3484005529238"><ele>4.134673498554888</ele><time>2026-02-28T14:07:58.00000Z</time><extensions><mytracks:speed>4.592428023596728</mytracks:speed><mytracks:length>0.006378352181459115</mytracks:length></extensions></trkpt><trkpt lat="33.59092703638853" lon="130.3483745674201"><ele>4.024750556275086</ele><time>2026-02-28T14:08:03.00000Z</time><extensions><mytracks:speed>4.302482235506309</mytracks:speed><mytracks:length>0.005975647261107542</mytracks:length></extensions></trkpt><trkpt lat="33.59087725860011" lon="130.3483552405825"><ele>4.024338424607438</ele><time>2026-02-28T14:08:07.99900Z</time><extensions><mytracks:speed>4.189140752959668</mytracks:speed><mytracks:length>0.00581822496680935</mytracks:length></extensions></trkpt><trkpt lat="33.59082471185171" lon="130.3483476400808"><ele>4.013633808293351</ele><time>2026-02-28T14:08:12.99900Z</time><extensions><mytracks:speed>4.237381037648857</mytracks:speed><mytracks:length>0.005885222816851927</mytracks:length></extensions></trkpt><trkpt lat="33.59077343688075" lon="130.348350463226"><ele>4.03243964594935</ele><time>2026-02-28T14:08:17.99900Z</time><extensions><mytracks:speed>4.109192664898683</mytracks:speed><mytracks:gradient>0.003295117387068505</mytracks:gradient><mytracks:length>0.005707182915486288</mytracks:length></extensions></trkpt><trkpt lat="33.59072006946698" lon="130.3483422489933"><ele>3.984093803694517</ele><time>2026-02-28T14:08:22.99900Z</time><extensions><mytracks:speed>4.307915893577825</mytracks:speed><mytracks:length>0.005983183709128528</mytracks:length></extensions></trkpt><trkpt lat="33.59066220547657" lon="130.3482978117884"><ele>3.789709388927985</ele><time>2026-02-28T14:08:27.99900Z</time><extensions><mytracks:speed>5.49897658936549</mytracks:speed><mytracks:length>0.007637425240021666</mytracks:length></extensions></trkpt><trkpt lat="33.59061358924814" lon="130.348200547305"><ele>3.807635342808608</ele><time>2026-02-28T14:08:32.99900Z</time><extensions><mytracks:speed>7.564761432778467</mytracks:speed><mytracks:gradient>0.001706168690606026</mytracks:gradient><mytracks:length>0.01050655423424469</mytracks:length></extensions></trkpt><trkpt lat="33.5905637002968" lon="130.3481768614517"><ele>4.255684155409525</ele><time>2026-02-28T14:08:37.99900Z</time><extensions><mytracks:speed>4.29542583371983</mytracks:speed><mytracks:gradient>0.07510243983019993</mytracks:gradient><mytracks:length>0.005965835645471925</mytracks:length></extensions></trkpt><trkpt lat="33.59051265780456" lon="130.3481688257603"><ele>4.167937655237925</ele><time>2026-02-28T14:08:42.99900Z</time><extensions><mytracks:speed>4.12168406024265</mytracks:speed><mytracks:length>0.005724527619674505</mytracks:length></extensions></trkpt><trkpt lat="33.59046277822504" lon="130.3481578579958"><ele>4.051648294564617</ele><time>2026-02-28T14:08:47.99900Z</time><extensions><mytracks:speed>4.059434253535958</mytracks:speed><mytracks:length>0.005638069793043333</mytracks:length></extensions></trkpt><trkpt lat="33.59040734595211" lon="130.348152163834"><ele>3.842329438310217</ele><time>2026-02-28T14:08:52.99900Z</time><extensions><mytracks:speed>4.454026087059619</mytracks:speed><mytracks:length>0.006186111060783851</mytracks:length></extensions></trkpt><trkpt lat="33.59035637843944" lon="130.3481560200201"><ele>3.862473676103128</ele><time>2026-02-28T14:08:57.99900Z</time><extensions><mytracks:speed>4.088678384249894</mytracks:speed><mytracks:gradient>0.003547341122590277</mytracks:gradient><mytracks:length>0.005678686401098615</mytracks:length></extensions></trkpt><trkpt lat="33.59030947223555" lon="130.3481595777951"><ele>4.229647755417757</ele><time>2026-02-28T14:09:02.99900Z</time><extensions><mytracks:speed>3.763186571470253</mytracks:speed><mytracks:gradient>0.0702508087837824</mytracks:gradient><mytracks:length>0.00522661711190707</mytracks:length></extensions></trkpt><trkpt lat="33.59026372307648" lon="130.3481569376299"><ele>4.085622412889428</ele><time>2026-02-28T14:09:07.99900Z</time><extensions><mytracks:speed>3.666339535708373</mytracks:speed><mytracks:length>0.005092108499560472</mytracks:length></extensions></trkpt><trkpt lat="33.59022036212492" lon="130.3481538634107"><ele>3.750066625017948</ele><time>2026-02-28T14:09:12.99900Z</time><extensions><mytracks:speed>3.476650363915105</mytracks:speed><mytracks:length>0.004828652279811264</mytracks:length></extensions></trkpt><trkpt lat="33.59017050385975" lon="130.3481424388477"><ele>3.472856568741506</ele><time>2026-02-28T14:09:18.49900Z</time><extensions><mytracks:speed>3.694562353754442</mytracks:speed><mytracks:length>0.005644460353091946</mytracks:length></extensions></trkpt><trkpt lat="33.59010212008295" lon="130.3481333003026"><ele>3.482695076272036</ele><time>2026-02-28T14:09:25.99900Z</time><extensions><mytracks:speed>3.672411978920164</mytracks:speed><mytracks:gradient>0.001285914006674116</mytracks:gradient><mytracks:length>0.007650984031176487</mytracks:length></extensions></trkpt><trkpt lat="33.58992730929365" lon="130.3481143281923"><ele>3.926883879117668</ele><time>2026-02-28T14:09:44.99900Z</time><extensions><mytracks:speed>3.697998344219402</mytracks:speed><mytracks:gradient>0.02275853562823343</mytracks:gradient><mytracks:length>0.01951745973913131</mytracks:length></extensions></trkpt><trkpt lat="33.58987414723504" lon="130.348110202355"><ele>4.174851115979556</ele><time>2026-02-28T14:09:50.49900Z</time><extensions><mytracks:speed>3.877106961260457</mytracks:speed><mytracks:gradient>0.04186242504711367</mytracks:gradient><mytracks:length>0.00592338443324332</mytracks:length></extensions></trkpt><trkpt lat="33.58982592874953" lon="130.3481011549566"><ele>4.393538766555352</ele><time>2026-02-28T14:09:55.50000Z</time><extensions><mytracks:speed>3.907511686552734</mytracks:speed><mytracks:gradient>0.04029540425615106</mytracks:gradient><mytracks:length>0.00542711146873315</mytracks:length></extensions></trkpt><trkpt lat="33.58977837913309" lon="130.3480998722424"><ele>4.36283270655374</ele><time>2026-02-28T14:10:00.50000Z</time><extensions><mytracks:speed>3.807595109583441</mytracks:speed><mytracks:length>0.005288330701844602</mytracks:length></extensions></trkpt><trkpt lat="33.58972685266007" lon="130.3480929166402"><ele>4.423668781330876</ele><time>2026-02-28T14:10:06.00000Z</time><extensions><mytracks:speed>3.773665074091713</mytracks:speed><mytracks:gradient>0.01055207844254414</mytracks:gradient><mytracks:length>0.005765316767534182</mytracks:length></extensions></trkpt><trkpt lat="33.58968100154942" lon="130.3480852485817"><ele>4.608096975299834</ele><time>2026-02-28T14:10:10.99900Z</time><extensions><mytracks:speed>3.706248384693504</mytracks:speed><mytracks:gradient>0.03582827759018303</mytracks:gradient><mytracks:length>0.005147559591854122</mytracks:length></extensions></trkpt><trkpt lat="33.58962809038793" lon="130.3480774796888"><ele>4.911779099933392</ele><time>2026-02-28T14:10:15.99900Z</time><extensions><mytracks:speed>4.267584364590781</mytracks:speed><mytracks:gradient>0.05123545460311499</mytracks:gradient><mytracks:length>0.005927187081406219</mytracks:length></extensions></trkpt><trkpt lat="33.58957843556704" lon="130.3480759214297"><ele>5.260375969507607</ele><time>2026-02-28T14:10:20.99900Z</time><extensions><mytracks:speed>3.976863166732358</mytracks:speed><mytracks:gradient>0.06311265182699884</mytracks:gradient><mytracks:length>0.00552340710591231</mytracks:length></extensions></trkpt><trkpt lat="33.58953155200285" lon="130.3480673677622"><ele>5.027270523749194</ele><time>2026-02-28T14:10:25.99900Z</time><extensions><mytracks:speed>3.796549637517133</mytracks:speed><mytracks:length>0.005272970018658756</mytracks:length></extensions></trkpt><trkpt lat="33.58948470123777" lon="130.3480590510264"><ele>5.316991345737597</ele><time>2026-02-28T14:10:30.99900Z</time><extensions><mytracks:speed>3.791624753338074</mytracks:speed><mytracks:gradient>0.05501590263753308</mytracks:gradient><mytracks:length>0.005266128666418526</mytracks:length></extensions></trkpt><trkpt lat="33.58943910167105" lon="130.3480597830309"><ele>5.496958694093032</ele><time>2026-02-28T14:10:35.99900Z</time><extensions><mytracks:speed>3.650366115573892</mytracks:speed><mytracks:gradient>0.03549696639269422</mytracks:gradient><mytracks:length>0.005069936015503413</mytracks:length></extensions></trkpt><trkpt lat="33.58938795314987" lon="130.3480656042545"><ele>5.771832832247819</ele><time>2026-02-28T14:10:40.99900Z</time><extensions><mytracks:speed>4.113731563989408</mytracks:speed><mytracks:gradient>0.04810962147148515</mytracks:gradient><mytracks:length>0.005713496172854037</mytracks:length></extensions></trkpt><trkpt lat="33.58933877286464" lon="130.3480522773299"><ele>6.30037176910418</ele><time>2026-02-28T14:10:45.99900Z</time><extensions><mytracks:speed>4.035761182423362</mytracks:speed><mytracks:gradient>0.09429432969043096</mytracks:gradient><mytracks:length>0.005605203818634251</mytracks:length></extensions></trkpt><trkpt lat="33.58929366800682" lon="130.3480511421109"><ele>6.627079535687029</ele><time>2026-02-28T14:10:50.99900Z</time><extensions><mytracks:speed>3.611764824548425</mytracks:speed><mytracks:gradient>0.06512894360731154</mytracks:gradient><mytracks:length>0.005016322213863952</mytracks:length></extensions></trkpt><trkpt lat="33.58924735749387" lon="130.3480343352093"><ele>6.657688047861805</ele><time>2026-02-28T14:10:55.99900Z</time><extensions><mytracks:speed>3.872704279050213</mytracks:speed><mytracks:gradient>0.005690651446586753</mytracks:gradient><mytracks:length>0.005378736065997381</mytracks:length></extensions></trkpt><trkpt lat="33.5892249802336" lon="130.3479874369328"><ele>6.580629106123501</ele><time>2026-02-28T14:11:00.99900Z</time><extensions><mytracks:speed>3.603346879251588</mytracks:speed><mytracks:length>0.00500463018742707</mytracks:length></extensions></trkpt><trkpt lat="33.5892178785649" lon="130.3479252368772"><ele>6.818672504446707</ele><time>2026-02-28T14:11:05.99900Z</time><extensions><mytracks:speed>4.186348730468126</mytracks:speed><mytracks:gradient>0.04094066491726726</mytracks:gradient><mytracks:length>0.005814351056687598</mytracks:length></extensions></trkpt><trkpt lat="33.58922425739494" lon="130.347862233603"><ele>7.214461610499547</ele><time>2026-02-28T14:11:10.99900Z</time><extensions><mytracks:speed>4.232411581985513</mytracks:speed><mytracks:gradient>0.06733022474933512</mytracks:gradient><mytracks:length>0.005878327415753182</mytracks:length></extensions></trkpt><trkpt lat="33.58922607303231" lon="130.3478002006699"><ele>7.11064871975869</ele><time>2026-02-28T14:11:15.99900Z</time><extensions><mytracks:speed>4.13977306435147</mytracks:speed><mytracks:length>0.005749662878292335</mytracks:length></extensions></trkpt><trkpt lat="33.58922251795236" lon="130.3477369962494"><ele>6.950355951259381</ele><time>2026-02-28T14:11:20.99900Z</time><extensions><mytracks:speed>4.224676905707719</mytracks:speed><mytracks:length>0.005867585129812515</mytracks:length></extensions></trkpt><trkpt lat="33.58921208206407" lon="130.3476706294198"><ele>7.028733287635075</ele><time>2026-02-28T14:11:26.49900Z</time><extensions><mytracks:speed>4.094558521419459</mytracks:speed><mytracks:gradient>0.01252904221907175</mytracks:gradient><mytracks:length>0.006255652667239627</mytracks:length></extensions></trkpt><trkpt lat="33.58922908104812" lon="130.3476260193994"><ele>6.575030132449742</ele><time>2026-02-28T14:11:31.49900Z</time><extensions><mytracks:speed>3.271655299314193</mytracks:speed><mytracks:length>0.004544020295130479</mytracks:length></extensions></trkpt><trkpt lat="33.58923201080741" lon="130.3475699675514"><ele>6.368240858744701</ele><time>2026-02-28T14:11:36.49900Z</time><extensions><mytracks:speed>3.745061484813316</mytracks:speed><mytracks:length>0.005201553404636239</mytracks:length></extensions></trkpt><trkpt lat="33.58923889603778" lon="130.3475139673177"><ele>6.343750735350118</ele><time>2026-02-28T14:11:41.50000Z</time><extensions><mytracks:speed>3.775503504191813</mytracks:speed><mytracks:length>0.005243832629907032</mytracks:length></extensions></trkpt><trkpt lat="33.58923470393441" lon="130.3474586939637"><ele>6.49300831419898</ele><time>2026-02-28T14:11:46.50000Z</time><extensions><mytracks:speed>3.701787837342131</mytracks:speed><mytracks:gradient>0.0290303748225391</mytracks:gradient><mytracks:length>0.005141427892724948</mytracks:length></extensions></trkpt><trkpt lat="33.58923968764428" lon="130.3473991262922"><ele>6.686120029411032</ele><time>2026-02-28T14:11:51.50000Z</time><extensions><mytracks:speed>3.992653190013284</mytracks:speed><mytracks:gradient>0.03482381862468637</mytracks:gradient><mytracks:length>0.005545391712876537</mytracks:length></extensions></trkpt><trkpt lat="33.58924549303099" lon="130.3473392036532"><ele>6.153890098689886</ele><time>2026-02-28T14:11:56.50000Z</time><extensions><mytracks:speed>4.023554009042246</mytracks:speed><mytracks:length>0.005588295171305306</mytracks:length></extensions></trkpt><trkpt lat="33.58925699943141" lon="130.3472766533323"><ele>6.006617555828431</ele><time>2026-02-28T14:12:01.50000Z</time><extensions><mytracks:speed>4.271939986590449</mytracks:speed><mytracks:length>0.005933266249241469</mytracks:length></extensions></trkpt><trkpt lat="33.58926151525255" lon="130.3472169829966"><ele>6.194414557985004</ele><time>2026-02-28T14:12:06.50000Z</time><extensions><mytracks:speed>3.996185625042827</mytracks:speed><mytracks:gradient>0.03383567994237734</mytracks:gradient><mytracks:length>0.005550265355281595</mytracks:length></extensions></trkpt><trkpt lat="33.58927344261259" lon="130.3471590088619"><ele>6.232070981802508</ele><time>2026-02-28T14:12:11.50000Z</time><extensions><mytracks:speed>3.982721304151552</mytracks:speed><mytracks:gradient>0.006807559817170596</mytracks:gradient><mytracks:length>0.005531559740764041</mytracks:length></extensions></trkpt><trkpt lat="33.58930190162057" lon="130.3470923836939"><ele>5.83840118123024</ele><time>2026-02-28T14:12:17.00000Z</time><extensions><mytracks:speed>4.53958683812395</mytracks:speed><mytracks:length>0.006935476734806213</mytracks:length></extensions></trkpt><trkpt lat="33.58933544522849" lon="130.3470383221189"><ele>5.206615680452241</ele><time>2026-02-28T14:12:22.00000Z</time><extensions><mytracks:speed>4.495767618476473</mytracks:speed><mytracks:length>0.006244116184084336</mytracks:length></extensions></trkpt><trkpt lat="33.58936942001485" lon="130.346977006755"><ele>4.215131447402107</ele><time>2026-02-28T14:12:27.00000Z</time><extensions><mytracks:speed>4.910997480952627</mytracks:speed><mytracks:length>0.006820822028836151</mytracks:length></extensions></trkpt><trkpt lat="33.58941203452725" lon="130.3469338521501"><ele>3.844965552998272</ele><time>2026-02-28T14:12:32.00000Z</time><extensions><mytracks:speed>4.463437888229544</mytracks:speed><mytracks:length>0.006199209534347942</mytracks:length></extensions></trkpt><trkpt lat="33.58944153334808" lon="130.3468887998357"><ele>3.670728889626945</ele><time>2026-02-28T14:12:37.00000Z</time><extensions><mytracks:speed>3.821078594207501</mytracks:speed><mytracks:length>0.005307044492904682</mytracks:length></extensions></trkpt><trkpt lat="33.58944996729222" lon="130.3468299097176"><ele>3.784837202914861</ele><time>2026-02-28T14:12:42.00000Z</time><extensions><mytracks:speed>3.984489231048458</mytracks:speed><mytracks:gradient>0.02061948816919201</mytracks:gradient><mytracks:length>0.00553400318919688</mytracks:length></extensions></trkpt><trkpt lat="33.58948093627355" lon="130.3467887816563"><ele>3.8348092965223</ele><time>2026-02-28T14:12:47.00000Z</time><extensions><mytracks:speed>3.698047071495218</mytracks:speed><mytracks:gradient>0.009729453925706634</mytracks:gradient><mytracks:length>0.00513616632434063</mytracks:length></extensions></trkpt><trkpt lat="33.58951747307445" lon="130.3467565065561"><ele>3.855190363816674</ele><time>2026-02-28T14:12:52.00000Z</time><extensions><mytracks:speed>3.631754919150242</mytracks:speed><mytracks:gradient>0.004040580522955933</mytracks:gradient><mytracks:length>0.005044093832206304</mytracks:length></extensions></trkpt><trkpt lat="33.5895312496466" lon="130.3467079854446"><ele>4.64824250900671</ele><time>2026-02-28T14:12:57.00000Z</time><extensions><mytracks:speed>3.419044695203813</mytracks:speed><mytracks:gradient>0.1670053460666521</mytracks:gradient><mytracks:length>0.00474866322467023</mytracks:length></extensions></trkpt><trkpt lat="33.58952294033945" lon="130.3466599298677"><ele>4.658011301207513</ele><time>2026-02-28T14:13:02.00000Z</time><extensions><mytracks:speed>3.273129232255046</mytracks:speed><mytracks:gradient>0.002148874866360622</mytracks:gradient><mytracks:length>0.004546003284661977</mytracks:length></extensions></trkpt><trkpt lat="33.58951720297647" lon="130.3466130555832"><ele>4.910985566555879</ele><time>2026-02-28T14:13:07.00000Z</time><extensions><mytracks:speed>3.159087735564241</mytracks:speed><mytracks:gradient>0.05765646363457366</mytracks:gradient><mytracks:length>0.004387613277007675</mytracks:length></extensions></trkpt><trkpt lat="33.58953028489905" lon="130.3465595333567"><ele>5.330746797168625</ele><time>2026-02-28T14:13:12.00000Z</time><extensions><mytracks:speed>3.719464271051588</mytracks:speed><mytracks:gradient>0.08125599316244575</mytracks:gradient><mytracks:length>0.005165911021154658</mytracks:length></extensions></trkpt><trkpt lat="33.58954288327799" lon="130.3465061272016"><ele>6.080273723533173</ele><time>2026-02-28T14:13:17.00000Z</time><extensions><mytracks:speed>3.701204905751704</mytracks:speed><mytracks:gradient>0.1458067193550242</mytracks:gradient><mytracks:length>0.005140551338649406</mytracks:length></extensions></trkpt><trkpt lat="33.58955269939526" lon="130.3464536477101"><ele>6.123057144045875</ele><time>2026-02-28T14:13:22.00000Z</time><extensions><mytracks:speed>3.587096945120562</mytracks:speed><mytracks:gradient>0.008587481559297484</mytracks:gradient><mytracks:length>0.004982068400063265</mytracks:length></extensions></trkpt><trkpt lat="33.58956039913432" lon="130.3464079625457"><ele>5.725460689956484</ele><time>2026-02-28T14:13:27.00000Z</time><extensions><mytracks:speed>3.108396663080223</mytracks:speed><mytracks:length>0.004317208118006497</mytracks:length></extensions></trkpt><trkpt lat="33.58955254564273" lon="130.3463555880084"><ele>5.151417252523268</ele><time>2026-02-28T14:13:32.50000Z</time><extensions><mytracks:speed>3.226375047870461</mytracks:speed><mytracks:length>0.004929327369582491</mytracks:length></extensions></trkpt><trkpt lat="33.58956133044829" lon="130.3463101953764"><ele>4.913023520970746</ele><time>2026-02-28T14:13:37.50000Z</time><extensions><mytracks:speed>3.107583678496703</mytracks:speed><mytracks:length>0.004316164179382117</mytracks:length></extensions></trkpt><trkpt lat="33.58956264561382" lon="130.3462621134275"><ele>4.73597133445608</ele><time>2026-02-28T14:13:42.50000Z</time><extensions><mytracks:speed>3.208212100942381</mytracks:speed><mytracks:length>0.004455895184154018</mytracks:length></extensions></trkpt><trkpt lat="33.58956749404182" lon="130.3462116223549"><ele>4.726424783864489</ele><time>2026-02-28T14:13:47.50000Z</time><extensions><mytracks:speed>3.389503870461393</mytracks:speed><mytracks:length>0.004707680517722076</mytracks:length></extensions></trkpt><trkpt lat="33.58957231909645" lon="130.3461578830414"><ele>4.960229598580379</ele><time>2026-02-28T14:13:52.50000Z</time><extensions><mytracks:speed>3.605269731047691</mytracks:speed><mytracks:gradient>0.04669250453611057</mytracks:gradient><mytracks:length>0.005007330770510971</mytracks:length></extensions></trkpt><trkpt lat="33.58957786192534" lon="130.346110068151"><ele>4.981856473930094</ele><time>2026-02-28T14:13:57.50000Z</time><extensions><mytracks:speed>3.219870380714086</mytracks:speed><mytracks:gradient>0.00483601242695483</mytracks:gradient><mytracks:length>0.004472047100038782</mytracks:length></extensions></trkpt><trkpt lat="33.58957797526889" lon="130.346058385408"><ele>4.940913855977846</ele><time>2026-02-28T14:14:02.50000Z</time><extensions><mytracks:speed>3.446935823486813</mytracks:speed><mytracks:length>0.00478741303462853</mytracks:length></extensions></trkpt><trkpt lat="33.5895913396763" lon="130.3460055111972"><ele>4.840209832856077</ele><time>2026-02-28T14:14:08.00000Z</time><extensions><mytracks:speed>3.350349549200343</mytracks:speed><mytracks:length>0.005118588701516547</mytracks:length></extensions></trkpt><trkpt lat="33.58959611262976" lon="130.3459524136181"><ele>4.676252583802859</ele><time>2026-02-28T14:14:13.00000Z</time><extensions><mytracks:speed>3.561601604466391</mytracks:speed><mytracks:length>0.004946666536336671</mytracks:length></extensions></trkpt><trkpt lat="33.58958735516224" lon="130.3459093376359"><ele>4.587934188990602</ele><time>2026-02-28T14:14:18.00000Z</time><extensions><mytracks:speed>2.957423500417935</mytracks:speed><mytracks:length>0.004107529016014601</mytracks:length></extensions></trkpt><trkpt lat="33.5895952851286" lon="130.3458592604458"><ele>4.203775284491993</ele><time>2026-02-28T14:14:23.00000Z</time><extensions><mytracks:speed>3.399855794712471</mytracks:speed><mytracks:length>0.00472201720866606</mytracks:length></extensions></trkpt><trkpt lat="33.58960590567432" lon="130.3458064228565"><ele>4.076116456999251</ele><time>2026-02-28T14:14:28.00000Z</time><extensions><mytracks:speed>3.624024229720514</mytracks:speed><mytracks:length>0.005033361705510835</mytracks:length></extensions></trkpt><trkpt lat="33.58961015718577" lon="130.345756011932"><ele>4.131396402082809</ele><time>2026-02-28T14:14:33.00000Z</time><extensions><mytracks:speed>3.379180857347562</mytracks:speed><mytracks:gradient>0.01177848096241711</mytracks:gradient><mytracks:length>0.004693300032486904</mytracks:length></extensions></trkpt><trkpt lat="33.58961530827023" lon="130.3457100666686"><ele>4.430895082116132</ele><time>2026-02-28T14:14:38.00000Z</time><extensions><mytracks:speed>3.091815849320219</mytracks:speed><mytracks:gradient>0.0697452090240854</mytracks:gradient><mytracks:length>0.004294182843869543</mytracks:length></extensions></trkpt><trkpt lat="33.58962356109312" lon="130.3456639286912"><ele>4.529586868529229</ele><time>2026-02-28T14:14:43.00000Z</time><extensions><mytracks:speed>3.147232130252318</mytracks:speed><mytracks:gradient>0.02257799444728208</mytracks:gradient><mytracks:length>0.00437114937925664</mytracks:length></extensions></trkpt><trkpt lat="33.58963616928695" lon="130.345625340569"><ele>4.282263781002928</ele><time>2026-02-28T14:14:48.00000Z</time><extensions><mytracks:speed>2.765573375649129</mytracks:speed><mytracks:length>0.003841068546567046</mytracks:length></extensions></trkpt><trkpt lat="33.58965686571917" lon="130.3455812349253"><ele>4.388798300076459</ele><time>2026-02-28T14:14:53.00000Z</time><extensions><mytracks:speed>3.375722800669142</mytracks:speed><mytracks:gradient>0.0227225324189045</mytracks:gradient><mytracks:length>0.004688496735729065</mytracks:length></extensions></trkpt><trkpt lat="33.58966416704604" lon="130.3455540418862"><ele>4.595144938427351</ele><time>2026-02-28T14:14:58.00000Z</time><extensions><mytracks:speed>1.905334907484269</mytracks:speed><mytracks:gradient>0.07797568001062395</mytracks:gradient><mytracks:length>0.002646294823242041</mytracks:length></extensions></trkpt><trkpt lat="33.58966655289063" lon="130.3455493613327"><ele>4.572435234119989</ele><time>2026-02-28T14:15:03.00000Z</time><extensions><mytracks:speed>0.3616928672628665</mytracks:speed><mytracks:length>0.0005023503781197223</mytracks:length></extensions></trkpt><trkpt lat="33.58968773531647" lon="130.3454739052728"><ele>4.801454801112413</ele><time>2026-02-28T14:15:19.00000Z</time><extensions><mytracks:speed>1.659394142167881</mytracks:speed><mytracks:gradient>0.03105319097374607</mytracks:gradient><mytracks:length>0.007375073537081883</mytracks:length></extensions></trkpt><trkpt lat="33.58971038760756" lon="130.345397066629"><ele>5.208616995388216</ele><time>2026-02-28T14:15:26.75900Z</time><extensions><mytracks:speed>3.503051329576219</mytracks:speed><mytracks:gradient>0.05392739767629731</mytracks:gradient><mytracks:length>0.007550191773017113</mytracks:length></extensions></trkpt><trkpt lat="33.58975820992179" lon="130.3452539640196"><ele>5.633001019246876</ele><time>2026-02-28T14:15:43.00100Z</time><extensions><mytracks:speed>3.16572288702754</mytracks:speed><mytracks:gradient>0.02971394032233249</mytracks:gradient><mytracks:length>0.01428232066346653</mytracks:length></extensions></trkpt><trkpt lat="33.58976934606059" lon="130.3452206298198"><ele>5.611099963312444</ele><time>2026-02-28T14:15:48.05000Z</time><extensions><mytracks:speed>2.371045555029939</mytracks:speed><mytracks:length>0.003325446759680571</mytracks:length></extensions></trkpt><trkpt lat="33.58980836046083" lon="130.345166845421"><ele>5.405918111518518</ele><time>2026-02-28T14:15:53.03600Z</time><extensions><mytracks:speed>4.769620683782724</mytracks:speed><mytracks:length>0.006606023440246783</mytracks:length></extensions></trkpt><trkpt lat="33.58988262477722" lon="130.3451397358138"><ele>5.18030086084096</ele><time>2026-02-28T14:15:58.01400Z</time><extensions><mytracks:speed>6.242176495767153</mytracks:speed><mytracks:length>0.008631284230746545</mytracks:length></extensions></trkpt><trkpt lat="33.58995147524202" lon="130.3451386745541"><ele>4.741114140000769</ele><time>2026-02-28T14:16:03.02200Z</time><extensions><mytracks:speed>5.503400012704596</mytracks:speed><mytracks:length>0.007656871668855144</mytracks:length></extensions></trkpt><trkpt lat="33.58999591602408" lon="130.3451132532163"><ele>4.398876450967915</ele><time>2026-02-28T14:16:08.02200Z</time><extensions><mytracks:speed>3.941883132685531</mytracks:speed><mytracks:length>0.005474236331183456</mytracks:length></extensions></trkpt><trkpt lat="33.59004802911884" lon="130.3450969224497"><ele>5.1119679678646</ele><time>2026-02-28T14:16:13.01400Z</time><extensions><mytracks:speed>4.31907297538151</mytracks:speed><mytracks:gradient>0.1190627793055934</mytracks:gradient><mytracks:length>0.005989206039499742</mytracks:length></extensions></trkpt><trkpt lat="33.59009828340226" lon="130.3450901470423"><ele>6.144363837508763</ele><time>2026-02-28T14:16:18.01400Z</time><extensions><mytracks:speed>4.048260098225417</mytracks:speed><mytracks:gradient>0.1836067943597186</mytracks:gradient><mytracks:length>0.005622863103973783</mytracks:length></extensions></trkpt><trkpt lat="33.59015047816958" lon="130.3450876911709"><ele>6.55469136362341</ele><time>2026-02-28T14:16:23.01400Z</time><extensions><mytracks:speed>4.182134466056643</mytracks:speed><mytracks:gradient>0.07064688548822788</mytracks:gradient><mytracks:length>0.005808147426159655</mytracks:length></extensions></trkpt><trkpt lat="33.59018822145313" lon="130.3450906191315"><ele>6.521998534229824</ele><time>2026-02-28T14:16:28.00800Z</time><extensions><mytracks:speed>3.031205329745507</mytracks:speed><mytracks:length>0.004205108629915805</mytracks:length></extensions></trkpt><trkpt lat="33.59022633754743" lon="130.3451109679551"><ele>6.460162254687607</ele><time>2026-02-28T14:16:33.00500Z</time><extensions><mytracks:speed>3.341164831626664</mytracks:speed><mytracks:length>0.004638247587111707</mytracks:length></extensions></trkpt><trkpt lat="33.59026710451388" lon="130.3451259609737"><ele>6.62892168847544</ele><time>2026-02-28T14:16:38.00600Z</time><extensions><mytracks:speed>3.411573556882606</mytracks:speed><mytracks:gradient>0.03560953665760769</mytracks:gradient><mytracks:length>0.004739163988863069</mytracks:length></extensions></trkpt><trkpt lat="33.5903077360534" lon="130.3451339402893"><ele>6.769599883596845</ele><time>2026-02-28T14:16:43.00200Z</time><extensions><mytracks:speed>3.298101710555401</mytracks:speed><mytracks:gradient>0.03073838232586311</mytracks:gradient><mytracks:length>0.00457662975331785</mytracks:length></extensions></trkpt><trkpt lat="33.59034337688349" lon="130.3451426785898"><ele>6.425691178467965</ele><time>2026-02-28T14:16:48.00000Z</time><extensions><mytracks:speed>2.91405976135012</mytracks:speed><mytracks:length>0.004045625144845699</mytracks:length></extensions></trkpt><trkpt lat="33.5903808896892" lon="130.3451567646649"><ele>6.065848130109551</ele><time>2026-02-28T14:16:53.00700Z</time><extensions><mytracks:speed>3.142112551213287</mytracks:speed><mytracks:length>0.004370118326198482</mytracks:length></extensions></trkpt><trkpt lat="33.59041992678938" lon="130.3451711483809"><ele>5.816485640805765</ele><time>2026-02-28T14:16:58.00300Z</time><extensions><mytracks:speed>3.271020878761767</mytracks:speed><mytracks:length>0.004540051717696409</mytracks:length></extensions></trkpt><trkpt lat="33.59045859648664" lon="130.345180670605"><ele>5.661223660115328</ele><time>2026-02-28T14:17:02.99800Z</time><extensions><mytracks:speed>3.163835655758338</mytracks:speed><mytracks:length>0.004389666922463915</mytracks:length></extensions></trkpt><trkpt lat="33.59049876841711" lon="130.3451879739802"><ele>5.387157231380458</ele><time>2026-02-28T14:17:08.00800Z</time><extensions><mytracks:speed>3.246572522529951</mytracks:speed><mytracks:length>0.004518162232784523</mytracks:length></extensions></trkpt><trkpt lat="33.59053674939887" lon="130.3452044342909"><ele>5.268787049709299</ele><time>2026-02-28T14:17:13.00100Z</time><extensions><mytracks:speed>3.237613510522898</mytracks:speed><mytracks:length>0.004490148556491575</mytracks:length></extensions></trkpt><trkpt lat="33.59057723875286" lon="130.3452114972099"><ele>5.192685668337121</ele><time>2026-02-28T14:17:18.00500Z</time><extensions><mytracks:speed>3.272493502270609</mytracks:speed><mytracks:length>0.004548976148163141</mytracks:length></extensions></trkpt><trkpt lat="33.590617770509" lon="130.3452260828414"><ele>5.218208256212839</ele><time>2026-02-28T14:17:23.00000Z</time><extensions><mytracks:speed>3.390142431975322</mytracks:speed><mytracks:gradient>0.005425893207780949</mytracks:gradient><mytracks:length>0.004703850020328073</mytracks:length></extensions></trkpt><trkpt lat="33.59066387003026" lon="130.3452374961302"><ele>5.156409151555522</ele><time>2026-02-28T14:17:28.00100Z</time><extensions><mytracks:speed>3.767062871306046</mytracks:speed><mytracks:length>0.005232648985941926</mytracks:length></extensions></trkpt><trkpt lat="33.59070699203654" lon="130.3452465426605"><ele>4.994575764243574</ele><time>2026-02-28T14:17:33.00700Z</time><extensions><mytracks:speed>3.499685591471567</mytracks:speed><mytracks:length>0.004866765248306332</mytracks:length></extensions></trkpt><trkpt lat="33.59074640742534" lon="130.3452580128168"><ele>4.652872425751187</ele><time>2026-02-28T14:17:38.00300Z</time><extensions><mytracks:speed>3.249967708219948</mytracks:speed><mytracks:length>0.004510176080305654</mytracks:length></extensions></trkpt><trkpt lat="33.59078700903029" lon="130.3452692010107"><ele>4.789172130215145</ele><time>2026-02-28T14:17:43.50100Z</time><extensions><mytracks:speed>3.032697492342305</mytracks:speed><mytracks:gradient>0.0294292177111358</mytracks:gradient><mytracks:length>0.004631441644212773</mytracks:length></extensions></trkpt><trkpt lat="33.59083428999051" lon="130.3452751033651"><ele>4.845999191596654</ele><time>2026-02-28T14:17:49.00400Z</time><extensions><mytracks:speed>3.457565692118677</mytracks:speed><mytracks:gradient>0.01075094484495604</mytracks:gradient><mytracks:length>0.005285773687897784</mytracks:length></extensions></trkpt><trkpt lat="33.59087372301769" lon="130.3452875340367"><ele>4.926264866986554</ele><time>2026-02-28T14:17:53.99900Z</time><extensions><mytracks:speed>3.26716784671593</mytracks:speed><mytracks:gradient>0.01770658151342762</mytracks:gradient><mytracks:length>0.004533098347020374</mytracks:length></extensions></trkpt><trkpt lat="33.5909147095611" lon="130.3452930856343"><ele>4.964526637188301</ele><time>2026-02-28T14:17:59.00000Z</time><extensions><mytracks:speed>3.300843721781791</mytracks:speed><mytracks:gradient>0.008344109059968843</mytracks:gradient><mytracks:length>0.004585482994860331</mytracks:length></extensions></trkpt><trkpt lat="33.59095594095891" lon="130.3453001968845"><ele>4.988189952111373</ele><time>2026-02-28T14:18:04.00700Z</time><extensions><mytracks:speed>3.330490339018507</mytracks:speed><mytracks:gradient>0.005109276277428682</mytracks:gradient><mytracks:length>0.004631441644212773</mytracks:length></extensions></trkpt><trkpt lat="33.59099563405039" lon="130.3453125914315"><ele>5.189694409519545</ele><time>2026-02-28T14:18:09.00100Z</time><extensions><mytracks:speed>3.286512929550167</mytracks:speed><mytracks:gradient>0.04419093009902701</mytracks:gradient><mytracks:length>0.004559860065326129</mytracks:length></extensions></trkpt><trkpt lat="33.59103526546306" lon="130.3453183928891"><ele>5.187493764123387</ele><time>2026-02-28T14:18:14.00300Z</time><extensions><mytracks:speed>3.194510314068678</mytracks:speed><mytracks:length>0.004438669373648904</mytracks:length></extensions></trkpt><trkpt lat="33.59107578053232" lon="130.3453270566482"><ele>5.239064501795223</ele><time>2026-02-28T14:18:18.99900Z</time><extensions><mytracks:speed>3.297581546162232</mytracks:speed><mytracks:gradient>0.01127070339691606</mytracks:gradient><mytracks:length>0.004575645002418163</mytracks:length></extensions></trkpt><trkpt lat="33.59111551554444" lon="130.3453396015449"><ele>5.21019370789257</ele><time>2026-02-28T14:18:24.00500Z</time><extensions><mytracks:speed>3.285656313360346</mytracks:speed><mytracks:length>0.004568745803013674</mytracks:length></extensions></trkpt><trkpt lat="33.591157437733" lon="130.3453457468715"><ele>5.332830195072833</ele><time>2026-02-28T14:18:28.99800Z</time><extensions><mytracks:speed>3.384726442543326</mytracks:speed><mytracks:gradient>0.02611943376991412</mytracks:gradient><mytracks:length>0.004695219975309076</mytracks:length></extensions></trkpt><trkpt lat="33.59119828495312" lon="130.3453535299614"><ele>5.170506615838557</ele><time>2026-02-28T14:18:34.00200Z</time><extensions><mytracks:speed>3.308246303569573</mytracks:speed><mytracks:length>0.004598240917628381</mytracks:length></extensions></trkpt><trkpt lat="33.59123883064871" lon="130.3453674531861"><ele>5.299353558919056</ele><time>2026-02-28T14:18:39.00400Z</time><extensions><mytracks:speed>3.375136982126806</mytracks:speed><mytracks:gradient>0.02747587224086542</mytracks:gradient><mytracks:length>0.004689457788672587</mytracks:length></extensions></trkpt><trkpt lat="33.59128530663115" lon="130.3453749775607"><ele>5.170027107368314</ele><time>2026-02-28T14:18:43.99400Z</time><extensions><mytracks:speed>3.762649203892766</mytracks:speed><mytracks:length>0.005215396551948965</mytracks:length></extensions></trkpt><trkpt lat="33.59132617517516" lon="130.3453878647264"><ele>5.087748299534463</ele><time>2026-02-28T14:18:49.00600Z</time><extensions><mytracks:speed>3.374412020094612</mytracks:speed><mytracks:length>0.004698098418396643</mytracks:length></extensions></trkpt><trkpt lat="33.59137007097495" lon="130.3453956282671"><ele>5.113471783545912</ele><time>2026-02-28T14:18:54.00300Z</time><extensions><mytracks:speed>3.553592143837811</mytracks:speed><mytracks:gradient>0.005215556198591785</mytracks:gradient><mytracks:length>0.004932069185333345</mytracks:length></extensions></trkpt><trkpt lat="33.59141506764146" lon="130.3454066862309"><ele>5.015279750393791</ele><time>2026-02-28T14:18:59.00600Z</time><extensions><mytracks:speed>3.673911765543123</mytracks:speed><mytracks:length>0.005106248362946549</mytracks:length></extensions></trkpt><trkpt lat="33.59145443383205" lon="130.3454146116855"><ele>4.975873478276646</ele><time>2026-02-28T14:19:03.99900Z</time><extensions><mytracks:speed>3.200390080281533</mytracks:speed><mytracks:length>0.004438669373648904</mytracks:length></extensions></trkpt><trkpt lat="33.5914937422672" lon="130.3454219876672"><ele>5.00050817959997</ele><time>2026-02-28T14:19:08.99900Z</time><extensions><mytracks:speed>3.184946923932636</mytracks:speed><mytracks:gradient>0.005569159697581116</mytracks:gradient><mytracks:length>0.004423414421752764</mytracks:length></extensions></trkpt><trkpt lat="33.59153347849259" lon="130.3454351718384"><ele>5.133444487747767</ele><time>2026-02-28T14:19:14.00300Z</time><extensions><mytracks:speed>3.297762079211923</mytracks:speed><mytracks:gradient>0.02900312263777746</mytracks:gradient><mytracks:length>0.004583517085661782</mytracks:length></extensions></trkpt><trkpt lat="33.59157296006462" lon="130.3454407529665"><ele>5.255282054137115</ele><time>2026-02-28T14:19:19.00300Z</time><extensions><mytracks:speed>3.181768883629077</mytracks:speed><mytracks:gradient>0.02756919227203763</mytracks:gradient><mytracks:length>0.004419337541235197</mytracks:length></extensions></trkpt><trkpt lat="33.59161385656649" lon="130.3454474544495"><ele>5.321974057422117</ele><time>2026-02-28T14:19:24.00300Z</time><extensions><mytracks:speed>3.304767943207192</mytracks:speed><mytracks:gradient>0.01452860082570172</mytracks:gradient><mytracks:length>0.004590394084406342</mytracks:length></extensions></trkpt><trkpt lat="33.59165614093568" lon="130.3454571408414"><ele>5.51625972018397</ele><time>2026-02-28T14:19:29.00500Z</time><extensions><mytracks:speed>3.444825333496317</mytracks:speed><mytracks:gradient>0.04059058049037956</mytracks:gradient><mytracks:length>0.004786471649694715</mytracks:length></extensions></trkpt><trkpt lat="33.591696713773" lon="130.3454658049208"><ele>5.512988931734523</ele><time>2026-02-28T14:19:34.00200Z</time><extensions><mytracks:speed>3.300618876296622</mytracks:speed><mytracks:length>0.004581550332906284</mytracks:length></extensions></trkpt><trkpt lat="33.59173324799917" lon="130.3454765261215"><ele>5.318185024188369</ele><time>2026-02-28T14:19:39.00100Z</time><extensions><mytracks:speed>3.010947680203855</mytracks:speed><mytracks:length>0.004180388288304665</mytracks:length></extensions></trkpt><trkpt lat="33.59185858007035" lon="130.3455128923466"><ele>5.260305953212082</ele><time>2026-02-28T14:19:55.00100Z</time><extensions><mytracks:speed>3.225938308072845</mytracks:speed><mytracks:length>0.01433743031104479</mytracks:length></extensions></trkpt><trkpt lat="33.59190108276784" lon="130.3455156778378"><ele>5.105310730511986</ele><time>2026-02-28T14:20:00.00200Z</time><extensions><mytracks:speed>3.406250224783079</mytracks:speed><mytracks:length>0.004732503178840692</mytracks:length></extensions></trkpt><trkpt lat="33.59194180867648" lon="130.3455250396476"><ele>4.883172732280016</ele><time>2026-02-28T14:20:04.99900Z</time><extensions><mytracks:speed>3.321178454612623</mytracks:speed><mytracks:length>0.004609986124290466</mytracks:length></extensions></trkpt><trkpt lat="33.59198414106343" lon="130.3455298905886"><ele>4.820494904348329</ele><time>2026-02-28T14:20:10.00100Z</time><extensions><mytracks:speed>3.403661479468524</mytracks:speed><mytracks:length>0.004728692789190019</mytracks:length></extensions></trkpt><trkpt lat="33.59202932713372" lon="130.3455375656992"><ele>4.880143277024685</ele><time>2026-02-28T14:20:15.00000Z</time><extensions><mytracks:speed>3.654457353482676</mytracks:speed><mytracks:gradient>0.01175275735047854</mytracks:gradient><mytracks:length>0.005075266245833611</mytracks:length></extensions></trkpt><trkpt lat="33.59206997271185" lon="130.345552259268"><ele>5.219673838761561</ele><time>2026-02-28T14:20:20.00100Z</time><extensions><mytracks:speed>3.398577910374692</mytracks:speed><mytracks:gradient>0.07191824749828038</mytracks:gradient><mytracks:length>0.004721062783753094</mytracks:length></extensions></trkpt><trkpt lat="33.59211421039959" lon="130.3455632076151"><ele>4.922882633231525</ele><time>2026-02-28T14:20:25.00000Z</time><extensions><mytracks:speed>3.617462251029868</mytracks:speed><mytracks:length>0.005022606646842275</mytracks:length></extensions></trkpt><trkpt lat="33.59215500092817" lon="130.3455701285542"><ele>4.84059477360436</ele><time>2026-02-28T14:20:30.00100Z</time><extensions><mytracks:speed>3.295765788661934</mytracks:speed><mytracks:length>0.004578598619725691</mytracks:length></extensions></trkpt><trkpt lat="33.59219874883944" lon="130.3455816541319"><ele>4.715578181702641</ele><time>2026-02-28T14:20:34.99900Z</time><extensions><mytracks:speed>3.586790548305919</mytracks:speed><mytracks:length>0.004979354115797475</mytracks:length></extensions></trkpt><trkpt lat="33.59223936298797" lon="130.3455908461668"><ele>4.725032983176089</ele><time>2026-02-28T14:20:40.00000Z</time><extensions><mytracks:speed>3.307638631188549</mytracks:speed><mytracks:gradient>0.002057493880048697</mytracks:gradient><mytracks:length>0.00459529992537508</mytracks:length></extensions></trkpt><trkpt lat="33.59228416816076" lon="130.3455991249794"><ele>4.697984794898182</ele><time>2026-02-28T14:20:44.99800Z</time><extensions><mytracks:speed>3.63146114122037</mytracks:speed><mytracks:length>0.005041412942390456</mytracks:length></extensions></trkpt><trkpt lat="33.59232939991006" lon="130.3456113770187"><ele>4.386358638403952</ele><time>2026-02-28T14:20:50.00400Z</time><extensions><mytracks:speed>3.70775040053801</mytracks:speed><mytracks:length>0.005156306513357048</mytracks:length></extensions></trkpt><trkpt lat="33.59236860146595" lon="130.345618083008"><ele>4.353278670106053</ele><time>2026-02-28T14:20:54.99900Z</time><extensions><mytracks:speed>3.17363360161576</mytracks:speed><mytracks:length>0.004402992270101374</mytracks:length></extensions></trkpt><trkpt lat="33.59240694795344" lon="130.3456325420271"><ele>4.166174667011341</ele><time>2026-02-28T14:21:00.00000Z</time><extensions><mytracks:speed>3.216863226260302</mytracks:speed><mytracks:length>0.004469023062433847</mytracks:length></extensions></trkpt><trkpt lat="33.59244804371351" lon="130.3456409230359"><ele>4.130982839920759</ele><time>2026-02-28T14:21:05.00400Z</time><extensions><mytracks:speed>3.33482200679208</mytracks:speed><mytracks:length>0.004635331978073188</mytracks:length></extensions></trkpt><trkpt lat="33.59248916599029" lon="130.3456528285391"><ele>3.905076874364164</ele><time>2026-02-28T14:21:10.00100Z</time><extensions><mytracks:speed>3.387924719402165</mytracks:speed><mytracks:length>0.004702891908489979</mytracks:length></extensions></trkpt><trkpt lat="33.59253014473367" lon="130.3456627247483"><ele>3.813042396195766</ele><time>2026-02-28T14:21:15.00000Z</time><extensions><mytracks:speed>3.3467609355788</mytracks:speed><mytracks:length>0.004646983438376624</mytracks:length></extensions></trkpt><trkpt lat="33.5925730417867" lon="130.3456685878916"><ele>3.810417132528318</ele><time>2026-02-28T14:21:20.00100Z</time><extensions><mytracks:speed>3.456869914980261</mytracks:speed><mytracks:length>0.004802450097286744</mytracks:length></extensions></trkpt><trkpt lat="33.59261309646811" lon="130.3456737369238"><ele>3.864580681562345</ele><time>2026-02-28T14:21:25.00200Z</time><extensions><mytracks:speed>3.22577382814214</mytracks:speed><mytracks:gradient>0.01208709129598676</mytracks:gradient><mytracks:length>0.004481106968391218</mytracks:length></extensions></trkpt><trkpt lat="33.59265299577447" lon="130.3456817767401"><ele>3.899164531958845</ele><time>2026-02-28T14:21:29.99800Z</time><extensions><mytracks:speed>3.241229407641684</mytracks:speed><mytracks:gradient>0.007688426259590154</mytracks:gradient><mytracks:length>0.004498170266426398</mytracks:length></extensions></trkpt><trkpt lat="33.59269397731303" lon="130.3456872317254"><ele>3.809176897965338</ele><time>2026-02-28T14:21:35.00000Z</time><extensions><mytracks:speed>3.299497588297692</mytracks:speed><mytracks:length>0.004584500145637839</mytracks:length></extensions></trkpt><trkpt lat="33.59273419094161" lon="130.3457040124389"><ele>3.736457807806951</ele><time>2026-02-28T14:21:39.99900Z</time><extensions><mytracks:speed>3.40817715814482</mytracks:speed><mytracks:length>0.004732503178840692</mytracks:length></extensions></trkpt><trkpt lat="33.59277757895974" lon="130.3457152971381"><ele>3.738639264659439</ele><time>2026-02-28T14:21:45.00000Z</time><extensions><mytracks:speed>3.55435832477907</mytracks:speed><mytracks:gradient>0.0004418097287085665</mytracks:gradient><mytracks:length>0.004937548249254289</mytracks:length></extensions></trkpt><trkpt lat="33.5928220113035" lon="130.3457212052021"><ele>3.713652396702768</ele><time>2026-02-28T14:21:50.49500Z</time><extensions><mytracks:speed>3.256357629777727</mytracks:speed><mytracks:length>0.004970295796279161</mytracks:length></extensions></trkpt><trkpt lat="33.5928627371631" lon="130.3457300271556"><ele>4.030054763643655</ele><time>2026-02-28T14:21:55.49900Z</time><extensions><mytracks:speed>3.310407011941096</mytracks:speed><mytracks:gradient>0.06876548295748697</mytracks:gradient><mytracks:length>0.004601180030052245</mytracks:length></extensions></trkpt><trkpt lat="33.5929094753529" lon="130.3457402312268"><ele>4.070495683308724</ele><time>2026-02-28T14:22:00.99900Z</time><extensions><mytracks:speed>3.457010199480389</mytracks:speed><mytracks:gradient>0.00765707637232354</mytracks:gradient><mytracks:length>0.00528150924695518</mytracks:length></extensions></trkpt><trkpt lat="33.59295112775548" lon="130.3457475364251"><ele>3.677951106734723</ele><time>2026-02-28T14:22:06.00000Z</time><extensions><mytracks:speed>3.369224896184292</mytracks:speed><mytracks:length>0.004680801208611934</mytracks:length></extensions></trkpt><trkpt lat="33.59299546131906" lon="130.3457594029952"><ele>3.12854250446451</ele><time>2026-02-28T14:22:11.00100Z</time><extensions><mytracks:speed>3.635790037974424</mytracks:speed><mytracks:length>0.005050343707481793</mytracks:length></extensions></trkpt><trkpt lat="33.59303965679251" lon="130.3457682221363"><ele>3.535848442586315</ele><time>2026-02-28T14:22:16.00200Z</time><extensions><mytracks:speed>3.586657166465366</mytracks:speed><mytracks:gradient>0.08173954620627281</mytracks:gradient><mytracks:length>0.004982972832929037</mytracks:length></extensions></trkpt><trkpt lat="33.59308273472559" lon="130.3457778908511"><ele>3.516633485463506</ele><time>2026-02-28T14:22:21.00200Z</time><extensions><mytracks:speed>3.509407981422616</mytracks:speed><mytracks:length>0.004874167176915596</mytracks:length></extensions></trkpt><trkpt lat="33.59312655718485" lon="130.3457879513177"><ele>3.65068081167169</ele><time>2026-02-28T14:22:25.99900Z</time><extensions><mytracks:speed>3.573343026130746</mytracks:speed><mytracks:gradient>0.02702396777553063</mytracks:gradient><mytracks:length>0.004960312538914404</mytracks:length></extensions></trkpt><trkpt lat="33.59317114503668" lon="130.3457961324089"><ele>3.606964078814368</ele><time>2026-02-28T14:22:31.00300Z</time><extensions><mytracks:speed>3.608146837124442</mytracks:speed><mytracks:length>0.005014525214983483</mytracks:length></extensions></trkpt><trkpt lat="33.59321353743159" lon="130.3458102754621"><ele>3.346389077945661</ele><time>2026-02-28T14:22:36.00000Z</time><extensions><mytracks:speed>3.524315816842341</mytracks:speed><mytracks:length>0.00489262300658034</mytracks:length></extensions></trkpt><trkpt lat="33.59325564379065" lon="130.3458181724301"><ele>3.28853283101356</ele><time>2026-02-28T14:22:41.00100Z</time><extensions><mytracks:speed>3.412525540538747</mytracks:speed><mytracks:length>0.004740114769089079</mytracks:length></extensions></trkpt><trkpt lat="33.59329729319556" lon="130.3458245021928"><ele>3.33373789450265</ele><time>2026-02-28T14:22:46.00000Z</time><extensions><mytracks:speed>3.361454641087596</mytracks:speed><mytracks:gradient>0.009683474593877613</mytracks:gradient><mytracks:length>0.004668268920504078</mytracks:length></extensions></trkpt><trkpt lat="33.59333738630965" lon="130.3458395763628"><ele>3.173750082558937</ele><time>2026-02-28T14:22:51.00100Z</time><extensions><mytracks:speed>3.363451037995093</mytracks:speed><mytracks:length>0.004672128589555717</mytracks:length></extensions></trkpt><trkpt lat="33.59337814492438" lon="130.3458432637325"><ele>3.109291652457032</ele><time>2026-02-28T14:22:56.00000Z</time><extensions><mytracks:speed>3.272845616654952</mytracks:speed><mytracks:length>0.004545011898043567</mytracks:length></extensions></trkpt><trkpt lat="33.59341874334246" lon="130.3458544686051"><ele>3.088523663847109</ele><time>2026-02-28T14:23:01.00000Z</time><extensions><mytracks:speed>3.335581020127936</mytracks:speed><mytracks:length>0.004632414533971264</mytracks:length></extensions></trkpt><trkpt lat="33.59346184119843" lon="130.3458619499995"><ele>3.096247329010219</ele><time>2026-02-28T14:23:05.99800Z</time><extensions><mytracks:speed>3.487201007133949</mytracks:speed><mytracks:gradient>0.001595238211788909</mytracks:gradient><mytracks:length>0.004841700196266291</mytracks:length></extensions></trkpt><trkpt lat="33.59350223482781" lon="130.3458714032832"><ele>3.383326692610391</ele><time>2026-02-28T14:23:11.00200Z</time><extensions><mytracks:speed>3.292157782079223</mytracks:speed><mytracks:gradient>0.06274074222288972</mytracks:gradient><mytracks:length>0.004575645002418163</mytracks:length></extensions></trkpt><trkpt lat="33.59354308177797" lon="130.3458849186187"><ele>3.467719480274601</ele><time>2026-02-28T14:23:16.00000Z</time><extensions><mytracks:speed>3.393453327381123</mytracks:speed><mytracks:gradient>0.01791205478999335</mytracks:gradient><mytracks:length>0.004711507900889011</mytracks:length></extensions></trkpt><trkpt lat="33.59356483773648" lon="130.3458880953469"><ele>3.482969128968664</ele><time>2026-02-28T14:23:20.99800Z</time><extensions><mytracks:speed>1.75560638596429</mytracks:speed><mytracks:gradient>0.006257335105897072</mytracks:gradient><mytracks:length>0.002437083588457753</mytracks:length></extensions></trkpt><trkpt lat="33.59357375309343" lon="130.3458905081545"><ele>3.30511792489589</ele><time>2026-02-28T14:23:25.99500Z</time><extensions><mytracks:speed>0.7301448987165774</mytracks:speed><mytracks:length>0.001013631605262928</mytracks:length></extensions></trkpt><trkpt lat="33.59361273567632" lon="130.3459044665828"><ele>3.23483445161748</ele><time>2026-02-28T14:23:30.99700Z</time><extensions><mytracks:speed>3.255872393032856</mytracks:speed><mytracks:length>0.004523146417678728</mytracks:length></extensions></trkpt><trkpt lat="33.59366048168601" lon="130.3459096336595"><ele>3.931121649432008</ele><time>2026-02-28T14:23:35.99900Z</time><extensions><mytracks:speed>3.835817845534693</mytracks:speed><mytracks:gradient>0.1306374179348884</mytracks:gradient><mytracks:length>0.005329921616803298</mytracks:length></extensions></trkpt><trkpt lat="33.59370741899925" lon="130.3459185425961"><ele>4.108540995132848</ele><time>2026-02-28T14:23:41.00200Z</time><extensions><mytracks:speed>3.801256964794311</mytracks:speed><mytracks:gradient>0.03358169808463955</mytracks:gradient><mytracks:length>0.005283215436386525</mytracks:length></extensions></trkpt><trkpt lat="33.59374619193959" lon="130.3459205775763"><ele>4.162273387228208</ele><time>2026-02-28T14:23:46.00100Z</time><extensions><mytracks:speed>3.106690948485044</mytracks:speed><mytracks:gradient>0.0124551347197813</mytracks:gradient><mytracks:length>0.004314075544283099</mytracks:length></extensions></trkpt><trkpt lat="33.59379377570495" lon="130.3459296628733"><ele>4.23317152315999</ele><time>2026-02-28T14:23:50.99800Z</time><extensions><mytracks:speed>3.860105189960094</mytracks:speed><mytracks:gradient>0.01323281925626717</mytracks:gradient><mytracks:length>0.005357749891294256</mytracks:length></extensions></trkpt><trkpt lat="33.5938333783403" lon="130.3459492950716"><ele>3.616164314309936</ele><time>2026-02-28T14:23:55.99800Z</time><extensions><mytracks:speed>3.429678263315698</mytracks:speed><mytracks:length>0.004763822603134355</mytracks:length></extensions></trkpt><trkpt lat="33.5938745587102" lon="130.3459584790934"><ele>3.346245512419185</ele><time>2026-02-28T14:24:01.50100Z</time><extensions><mytracks:speed>3.04724940548766</mytracks:speed><mytracks:length>0.004657638338830685</mytracks:length></extensions></trkpt><trkpt lat="33.59391678907791" lon="130.345962333677"><ele>3.595721776597213</ele><time>2026-02-28T14:24:07.00300Z</time><extensions><mytracks:speed>3.081681574426174</mytracks:speed><mytracks:gradient>0.05297191912828004</mytracks:gradient><mytracks:length>0.004709594598109245</mytracks:length></extensions></trkpt><trkpt lat="33.59396342796234" lon="130.3459740960761"><ele>3.66062879464725</ele><time>2026-02-28T14:24:12.50000Z</time><extensions><mytracks:speed>3.469673692978264</mytracks:speed><mytracks:gradient>0.01224996686485262</mytracks:gradient><mytracks:length>0.00529854641780847</mytracks:length></extensions></trkpt><trkpt lat="33.5940068668579" lon="130.3459834151509"><ele>3.583506852648057</ele><time>2026-02-28T14:24:18.00000Z</time><extensions><mytracks:speed>3.211900375280501</mytracks:speed><mytracks:length>0.004906419320290274</mytracks:length></extensions></trkpt><trkpt lat="33.59420187591105" lon="130.346034747672"><ele>3.188630130141973</ele><time>2026-02-28T14:24:43.00000Z</time><extensions><mytracks:speed>3.196616657514931</mytracks:speed><mytracks:length>0.02219903153556692</mytracks:length></extensions></trkpt><trkpt lat="33.59424675647172" lon="130.3460437890566"><ele>2.770649498175082</ele><time>2026-02-28T14:24:48.00400Z</time><extensions><mytracks:speed>3.640583363859043</mytracks:speed><mytracks:length>0.005060149343892903</mytracks:length></extensions></trkpt><trkpt lat="33.59428986620462" lon="130.3460496820518"><ele>2.52732434783277</ele><time>2026-02-28T14:24:53.00000Z</time><extensions><mytracks:speed>3.476546395434759</mytracks:speed><mytracks:length>0.004824917822733039</mytracks:length></extensions></trkpt><trkpt lat="33.59433105778643" lon="130.3460826953539"><ele>2.287239750999118</ele><time>2026-02-28T14:24:58.00400Z</time><extensions><mytracks:speed>3.961931162017969</mytracks:speed><mytracks:length>0.005507065628957467</mytracks:length></extensions></trkpt><trkpt lat="33.59434475553526" lon="130.3461371489413"><ele>2.129911113201045</ele><time>2026-02-28T14:25:03.00200Z</time><extensions><mytracks:speed>3.794194898700071</mytracks:speed><mytracks:length>0.005267839837435716</mytracks:length></extensions></trkpt><trkpt lat="33.59434848966845" lon="130.3461915704483"><ele>2.223880012578201</ele><time>2026-02-28T14:25:07.99900Z</time><extensions><mytracks:speed>3.644155628114289</mytracks:speed><mytracks:gradient>0.01857692065127932</mytracks:gradient><mytracks:length>0.005058367914742856</mytracks:length></extensions></trkpt><trkpt lat="33.59434734870796" lon="130.3462443973382"><ele>2.353955537972154</ele><time>2026-02-28T14:25:13.00300Z</time><extensions><mytracks:speed>3.521739209052892</mytracks:speed><mytracks:gradient>0.02657104912112877</mytracks:gradient><mytracks:length>0.004895385379816274</mytracks:length></extensions></trkpt><trkpt lat="33.59434933098606" lon="130.3462962311738"><ele>2.96418122155983</ele><time>2026-02-28T14:25:17.99600Z</time><extensions><mytracks:speed>3.466338603170581</mytracks:speed><mytracks:gradient>0.1269415375573756</mytracks:gradient><mytracks:length>0.004807139533124553</mytracks:length></extensions></trkpt><trkpt lat="33.59434893361423" lon="130.3463481101641"><ele>3.491518476617135</ele><time>2026-02-28T14:25:22.99900Z</time><extensions><mytracks:speed>3.458550849882776</mytracks:speed><mytracks:gradient>0.1097201602722763</mytracks:gradient><mytracks:length>0.004806202011997524</mytracks:length></extensions></trkpt><trkpt lat="33.59434641335639" lon="130.3463981963185"><ele>3.611998233785708</ele><time>2026-02-28T14:25:28.00000Z</time><extensions><mytracks:speed>3.344880268748452</mytracks:speed><mytracks:gradient>0.02592644427643184</mytracks:gradient><mytracks:length>0.004646983438376624</mytracks:length></extensions></trkpt><trkpt lat="33.59434861466202" lon="130.3464491711593"><ele>3.844098921139901</ele><time>2026-02-28T14:25:32.99800Z</time><extensions><mytracks:speed>3.40458742077828</mytracks:speed><mytracks:gradient>0.04910327347722663</mytracks:gradient><mytracks:length>0.004726786442493238</mytracks:length></extensions></trkpt><trkpt lat="33.59434167830698" lon="130.3464947164685"><ele>4.088046457280077</ele><time>2026-02-28T14:25:37.99900Z</time><extensions><mytracks:speed>3.087442285883143</mytracks:speed><mytracks:gradient>0.05687837967768811</mytracks:gradient><mytracks:length>0.004288932587787321</mytracks:length></extensions></trkpt><trkpt lat="33.59433951083636" lon="130.3465412471367"><ele>4.112101462912018</ele><time>2026-02-28T14:25:42.99600Z</time><extensions><mytracks:speed>3.110755674628006</mytracks:speed><mytracks:gradient>0.005570542599720365</mytracks:gradient><mytracks:length>0.004318251804258419</mytracks:length></extensions></trkpt><trkpt lat="33.59433666204672" lon="130.3465923854794"><ele>4.32583064204707</ele><time>2026-02-28T14:25:47.99700Z</time><extensions><mytracks:speed>3.417782810701321</mytracks:speed><mytracks:gradient>0.0450172803365972</mytracks:gradient><mytracks:length>0.004747714156363625</mytracks:length></extensions></trkpt><trkpt lat="33.5943357545809" lon="130.3466397503102"><ele>4.392924234685061</ele><time>2026-02-28T14:25:53.00100Z</time><extensions><mytracks:speed>3.15671833170582</mytracks:speed><mytracks:gradient>0.01529159212585581</mytracks:gradient><mytracks:length>0.004387613277007675</mytracks:length></extensions></trkpt><trkpt lat="33.5943387164804" lon="130.34668834913"><ele>4.58851900540929</ele><time>2026-02-28T14:25:57.99800Z</time><extensions><mytracks:speed>3.251718637410949</mytracks:speed><mytracks:gradient>0.04333864234909591</mytracks:gradient><mytracks:length>0.004513172543539739</mytracks:length></extensions></trkpt><trkpt lat="33.5943387187119" lon="130.3467362344866"><ele>4.855557883849198</ele><time>2026-02-28T14:26:02.99500Z</time><extensions><mytracks:speed>3.195921419793732</mytracks:speed><mytracks:gradient>0.06018946186782262</mytracks:gradient><mytracks:length>0.004436638410662849</mytracks:length></extensions></trkpt><trkpt lat="33.59433696368853" lon="130.3467892133825"><ele>4.731512110843323</ele><time>2026-02-28T14:26:08.50000Z</time><extensions><mytracks:speed>3.211963097041507</mytracks:speed><mytracks:length>0.004911009478764741</mytracks:length></extensions></trkpt><trkpt lat="33.59433266434964" lon="130.3468426947245"><ele>4.86277715718722</ele><time>2026-02-28T14:26:14.00000Z</time><extensions><mytracks:speed>3.257219768953189</mytracks:speed><mytracks:gradient>0.0263762477965948</mytracks:gradient><mytracks:length>0.004976638351147244</mytracks:length></extensions></trkpt><trkpt lat="33.59433092834225" lon="130.3468854820422"><ele>5.132478616890099</ele><time>2026-02-28T14:26:18.99700Z</time><extensions><mytracks:speed>2.857113046383673</mytracks:speed><mytracks:gradient>0.06800766494433606</mytracks:gradient><mytracks:length>0.003965750918277052</mytracks:length></extensions></trkpt><trkpt lat="33.59432776622599" lon="130.3469313611046"><ele>5.088473882174914</ele><time>2026-02-28T14:26:23.99800Z</time><extensions><mytracks:speed>3.069278879827543</mytracks:speed><mytracks:length>0.004263641364301948</mytracks:length></extensions></trkpt><trkpt lat="33.59432763832929" lon="130.3469776334032"><ele>4.818964244749165</ele><time>2026-02-28T14:26:29.00100Z</time><extensions><mytracks:speed>3.082666057428702</mytracks:speed><mytracks:length>0.004284727750906056</mytracks:length></extensions></trkpt><trkpt lat="33.59432313803553" lon="130.3470401927896"><ele>4.955770488541257</ele><time>2026-02-28T14:26:34.00000Z</time><extensions><mytracks:speed>4.189080734891117</mytracks:speed><mytracks:gradient>0.02352279473631516</mytracks:gradient><mytracks:length>0.005815900930380776</mytracks:length></extensions></trkpt><trkpt lat="33.59431936927542" lon="130.3470946532782"><ele>5.019038223001854</ele><time>2026-02-28T14:26:38.99900Z</time><extensions><mytracks:speed>3.645436524092368</mytracks:speed><mytracks:gradient>0.0124965395881357</mytracks:gradient><mytracks:length>0.005062820312325874</mytracks:length></extensions></trkpt><trkpt lat="33.59432008284839" lon="130.3471451174616"><ele>4.959571429086092</ele><time>2026-02-28T14:26:44.00400Z</time><extensions><mytracks:speed>3.362963435579573</mytracks:speed><mytracks:length>0.004675021250191659</mytracks:length></extensions></trkpt><trkpt lat="33.59431770100475" lon="130.3471955077659"><ele>4.678000394146198</ele><time>2026-02-28T14:26:49.00500Z</time><extensions><mytracks:speed>3.364256255043161</mytracks:speed><mytracks:length>0.004674057228890515</mytracks:length></extensions></trkpt><trkpt lat="33.59431585266429" lon="130.3472465716302"><ele>4.195719143046478</ele><time>2026-02-28T14:26:53.99700Z</time><extensions><mytracks:speed>3.414036630439559</mytracks:speed><mytracks:length>0.004733455296983076</mytracks:length></extensions></trkpt><trkpt lat="33.59431577664579" lon="130.3473029951288"><ele>4.467561424963602</ele><time>2026-02-28T14:26:59.00100Z</time><extensions><mytracks:speed>3.758894203473057</mytracks:speed><mytracks:gradient>0.05201971578509192</mytracks:gradient><mytracks:length>0.005225754847261772</mytracks:length></extensions></trkpt><trkpt lat="33.59431896411225" lon="130.3473546059951"><ele>4.533154080534006</ele><time>2026-02-28T14:27:04.00100Z</time><extensions><mytracks:speed>3.451019473574198</mytracks:speed><mytracks:gradient>0.01368492994246713</mytracks:gradient><mytracks:length>0.004793057461467629</mytracks:length></extensions></trkpt><trkpt lat="33.59431927043224" lon="130.3474053952445"><ele>4.479605297666144</ele><time>2026-02-28T14:27:09.00000Z</time><extensions><mytracks:speed>3.388372485841912</mytracks:speed><mytracks:length>0.004704807937051236</mytracks:length></extensions></trkpt><trkpt lat="33.59431840534088" lon="130.3474544173883"><ele>4.50778120692526</ele><time>2026-02-28T14:27:13.99900Z</time><extensions><mytracks:speed>3.271243248951677</mytracks:speed><mytracks:gradient>0.006203364863365867</mytracks:gradient><mytracks:length>0.004542036439853593</mytracks:length></extensions></trkpt><trkpt lat="33.59431659558312" lon="130.3475054656543"><ele>4.43577956167149</ele><time>2026-02-28T14:27:19.00000Z</time><extensions><mytracks:speed>3.406533417684366</mytracks:speed><mytracks:length>0.004732503178840692</mytracks:length></extensions></trkpt><trkpt lat="33.59431028748544" lon="130.3475575321312"><ele>4.017082582228366</ele><time>2026-02-28T14:27:24.00200Z</time><extensions><mytracks:speed>3.507522646947693</mytracks:speed><mytracks:length>0.00487324255067624</mytracks:length></extensions></trkpt><trkpt lat="33.59431171719165" lon="130.3476093961389"><ele>4.079762799904393</ele><time>2026-02-28T14:27:28.99800Z</time><extensions><mytracks:speed>3.463230465160311</mytracks:speed><mytracks:gradient>0.013041527909056</mytracks:gradient><mytracks:length>0.004806202011997524</mytracks:length></extensions></trkpt><trkpt lat="33.59431310711983" lon="130.3476581563684"><ele>3.999268153828678</ele><time>2026-02-28T14:27:34.00500Z</time><extensions><mytracks:speed>3.247560404489918</mytracks:speed><mytracks:length>0.004517164735867017</mytracks:length></extensions></trkpt><trkpt lat="33.5943110563166" lon="130.3477101104426"><ele>3.935126761114336</ele><time>2026-02-28T14:27:39.00200Z</time><extensions><mytracks:speed>3.470119029957109</mytracks:speed><mytracks:length>0.004816504707661758</mytracks:length></extensions></trkpt><trkpt lat="33.59431237816018" lon="130.347761197379"><ele>3.701318397451077</ele><time>2026-02-28T14:27:43.99800Z</time><extensions><mytracks:speed>3.410468382399657</mytracks:speed><mytracks:length>0.004733455296983076</mytracks:length></extensions></trkpt><trkpt lat="33.59431137863047" lon="130.3478142780153"><ele>3.596406088211331</ele><time>2026-02-28T14:27:49.00000Z</time><extensions><mytracks:speed>3.539820718719085</mytracks:speed><mytracks:length>0.004918344821880254</mytracks:length></extensions></trkpt><trkpt lat="33.59431169835083" lon="130.3478689594241"><ele>3.73088311937768</ele><time>2026-02-28T14:27:53.99900Z</time><extensions><mytracks:speed>3.647864224912722</mytracks:speed><mytracks:gradient>0.02654768532838152</mytracks:gradient><mytracks:length>0.005065489872391332</mytracks:length></extensions></trkpt><trkpt lat="33.59431641923933" lon="130.3479202494185"><ele>3.88770447549238</ele><time>2026-02-28T14:27:58.99700Z</time><extensions><mytracks:speed>3.442229220721852</mytracks:speed><mytracks:gradient>0.03281513399857931</mytracks:gradient><mytracks:length>0.004778933894388171</mytracks:length></extensions></trkpt><trkpt lat="33.59431946348165" lon="130.3479657760978"><ele>3.760116103270585</ele><time>2026-02-28T14:28:03.99800Z</time><extensions><mytracks:speed>3.045451429125754</mytracks:speed><mytracks:length>0.004230749773809585</mytracks:length></extensions></trkpt><trkpt lat="33.5943145467686" lon="130.3480128085602"><ele>3.656577077177927</ele><time>2026-02-28T14:28:09.00200Z</time><extensions><mytracks:speed>3.158406313215288</mytracks:speed><mytracks:length>0.004389666922463915</mytracks:length></extensions></trkpt><trkpt lat="33.5943145026584" lon="130.3480671599055"><ele>3.46534611876461</ele><time>2026-02-28T14:28:14.49900Z</time><extensions><mytracks:speed>3.296171626719888</mytracks:speed><mytracks:length>0.005033361705510835</mytracks:length></extensions></trkpt><trkpt lat="33.59431553166487" lon="130.3481152399875"><ele>3.449760210498156</ele><time>2026-02-28T14:28:19.50100Z</time><extensions><mytracks:speed>3.205494402671851</mytracks:speed><mytracks:length>0.004453872076134111</mytracks:length></extensions></trkpt><trkpt lat="33.59431552805103" lon="130.3481710555882"><ele>3.303525235750685</ele><time>2026-02-28T14:28:24.99700Z</time><extensions><mytracks:speed>3.386388203315516</mytracks:speed><mytracks:length>0.005169399145131544</mytracks:length></extensions></trkpt><trkpt lat="33.59431500879412" lon="130.3482179582703"><ele>3.153115048739919</ele><time>2026-02-28T14:28:30.00200Z</time><extensions><mytracks:speed>3.12464473426523</mytracks:speed><mytracks:length>0.00434426247077435</mytracks:length></extensions></trkpt><trkpt lat="33.59431728326923" lon="130.3482659307578"><ele>3.122203898445848</ele><time>2026-02-28T14:28:35.00100Z</time><extensions><mytracks:speed>3.2042749331305</mytracks:speed><mytracks:length>0.004449823100682498</mytracks:length></extensions></trkpt><trkpt lat="33.5943173470075" lon="130.3483144269579"><ele>2.824395367473893</ele><time>2026-02-28T14:28:39.99500Z</time><extensions><mytracks:speed>3.237526424652191</mytracks:speed><mytracks:length>0.004491152053778994</mytracks:length></extensions></trkpt><trkpt lat="33.59432175715966" lon="130.3483628727153"><ele>2.610134724386246</ele><time>2026-02-28T14:28:44.99200Z</time><extensions><mytracks:speed>3.252095407814643</mytracks:speed><mytracks:length>0.004514170922612574</mytracks:length></extensions></trkpt><trkpt lat="33.59432343877786" lon="130.3484130346293"><ele>2.651351499728751</ele><time>2026-02-28T14:28:50.00000Z</time><extensions><mytracks:speed>3.34178778140323</mytracks:speed><mytracks:gradient>0.008865877041274201</mytracks:gradient><mytracks:length>0.004648922509372082</mytracks:length></extensions></trkpt><trkpt lat="33.59432504272316" lon="130.3484580585662"><ele>2.639972187338291</ele><time>2026-02-28T14:28:54.99800Z</time><extensions><mytracks:speed>3.005798183993639</mytracks:speed><mytracks:length>0.004172835638435277</mytracks:length></extensions></trkpt><trkpt lat="33.59432355563532" lon="130.3485059981612"><ele>2.684188225706678</ele><time>2026-02-28T14:29:00.00100Z</time><extensions><mytracks:speed>3.196914585372556</mytracks:speed><mytracks:gradient>0.009952451117837458</mytracks:gradient><mytracks:length>0.004442728514299331</mytracks:length></extensions></trkpt><trkpt lat="33.59432527897497" lon="130.3485570806816"><ele>2.669260546029234</ele><time>2026-02-28T14:29:04.99700Z</time><extensions><mytracks:speed>3.412219674906466</mytracks:speed><mytracks:length>0.004735358958953053</mytracks:length></extensions></trkpt><trkpt lat="33.59433208630479" lon="130.3486059706526"><ele>2.859794984388994</ele><time>2026-02-28T14:29:10.00300Z</time><extensions><mytracks:speed>3.301535951508527</mytracks:speed><mytracks:gradient>0.04149833339142477</mytracks:gradient><mytracks:length>0.004591375671947639</mytracks:length></extensions></trkpt><trkpt lat="33.59432999121957" lon="130.3486587187766"><ele>2.932220076466189</ele><time>2026-02-28T14:29:15.00000Z</time><extensions><mytracks:speed>3.523441386887114</mytracks:speed><mytracks:gradient>0.01480849349582119</mytracks:gradient><mytracks:length>0.004890780557632847</mytracks:length></extensions></trkpt><trkpt lat="33.59433222129616" lon="130.3487149589724"><ele>2.939257040873508</ele><time>2026-02-28T14:29:19.99900Z</time><extensions><mytracks:speed>3.75628593722744</mytracks:speed><mytracks:gradient>0.001349267373482832</mytracks:gradient><mytracks:length>0.005215396551948965</mytracks:length></extensions></trkpt><trkpt lat="33.59433737112579" lon="130.3487635862294"><ele>3.145487852381692</ele><time>2026-02-28T14:29:25.00300Z</time><extensions><mytracks:speed>3.265098496175593</mytracks:speed><mytracks:gradient>0.04543470575981096</mytracks:gradient><mytracks:length>0.004539059031182368</mytracks:length></extensions></trkpt><trkpt lat="33.59433827507593" lon="130.3488145879084"><ele>2.962262834000486</ele><time>2026-02-28T14:29:29.99900Z</time><extensions><mytracks:speed>3.404833640253971</mytracks:speed><mytracks:length>0.004724879326642967</mytracks:length></extensions></trkpt><trkpt lat="33.59433120738067" lon="130.348861435148"><ele>2.916739021641389</ele><time>2026-02-28T14:29:34.99800Z</time><extensions><mytracks:speed>3.175632146205613</mytracks:speed><mytracks:length>0.004409128847671818</mytracks:length></extensions></trkpt><trkpt lat="33.59433409102208" lon="130.3489060708168"><ele>2.90779839872274</ele><time>2026-02-28T14:29:40.00300Z</time><extensions><mytracks:speed>2.982549379150642</mytracks:speed><mytracks:length>0.004146836409384637</mytracks:length></extensions></trkpt><trkpt lat="33.59433335783342" lon="130.3489530742885"><ele>2.82593257543993</ele><time>2026-02-28T14:29:45.00200Z</time><extensions><mytracks:speed>3.135758687607663</mytracks:speed><mytracks:length>0.004354623235479437</mytracks:length></extensions></trkpt><trkpt lat="33.59433293982221" lon="130.3490022747636"><ele>2.690673749096902</ele><time>2026-02-28T14:29:50.00500Z</time><extensions><mytracks:speed>3.279315680173616</mytracks:speed><mytracks:length>0.004556894302368261</mytracks:length></extensions></trkpt><trkpt lat="33.59433357679588" lon="130.3490512075821"><ele>2.562966126921739</ele><time>2026-02-28T14:29:55.00200Z</time><extensions><mytracks:speed>3.26548429886117</mytracks:speed><mytracks:length>0.004533098347020374</mytracks:length></extensions></trkpt><trkpt lat="33.5943375134022" lon="130.3490993219376"><ele>2.629328822197237</ele><time>2026-02-28T14:30:00.00100Z</time><extensions><mytracks:speed>3.224685333253512</mytracks:speed><mytracks:gradient>0.01481942287234921</mytracks:gradient><mytracks:length>0.004478089048887332</mytracks:length></extensions></trkpt><trkpt lat="33.59433908592216" lon="130.3491462875178"><ele>2.395531641983346</ele><time>2026-02-28T14:30:05.00300Z</time><extensions><mytracks:speed>3.133031991998446</mytracks:speed><mytracks:length>0.004352553055549997</mytracks:length></extensions></trkpt><trkpt lat="33.59433651839598" lon="130.3491949296128"><ele>2.433860023838854</ele><time>2026-02-28T14:30:10.00000Z</time><extensions><mytracks:speed>3.251104007131126</mytracks:speed><mytracks:gradient>0.008492558501972667</mytracks:gradient><mytracks:length>0.004513172543539739</mytracks:length></extensions></trkpt><trkpt lat="33.59433870008085" lon="130.3492456713252"><ele>2.278022658164484</ele><time>2026-02-28T14:30:15.00200Z</time><extensions><mytracks:speed>3.386942028236566</mytracks:speed><mytracks:length>0.004705765658778623</mytracks:length></extensions></trkpt><trkpt lat="33.59434016078698" lon="130.3492980839984"><ele>2.261644680211909</ele><time>2026-02-28T14:30:20.49800Z</time><extensions><mytracks:speed>3.181478444805077</mytracks:speed><mytracks:length>0.004857496976234082</mytracks:length></extensions></trkpt><trkpt lat="33.59434208504827" lon="130.3493536832242"><ele>2.002239935581725</ele><time>2026-02-28T14:30:25.50100Z</time><extensions><mytracks:speed>3.70964646544854</mytracks:speed><mytracks:length>0.005154558316489253</mytracks:length></extensions></trkpt><trkpt lat="33.59434443501215" lon="130.3494091740831"><ele>2.321891565482189</ele><time>2026-02-28T14:30:30.49900Z</time><extensions><mytracks:speed>3.706835600142332</mytracks:speed><mytracks:gradient>0.06210826714865143</mytracks:gradient><mytracks:length>0.005146684082094943</mytracks:length></extensions></trkpt><trkpt lat="33.59434594432674" lon="130.34945903671"><ele>2.604317111772656</ele><time>2026-02-28T14:30:35.99800Z</time><extensions><mytracks:speed>3.025870340107517</mytracks:speed><mytracks:gradient>0.06110856517755547</mytracks:gradient><mytracks:length>0.004621701482760366</mytracks:length></extensions></trkpt><trkpt lat="33.59434618550448" lon="130.3495029268208"><ele>2.484448782018744</ele><time>2026-02-28T14:30:41.00100Z</time><extensions><mytracks:speed>2.925550270009432</mytracks:speed><mytracks:length>0.004065625610777003</mytracks:length></extensions></trkpt><trkpt lat="33.59435215010947" lon="130.3495497556674"><ele>2.222791832669254</ele><time>2026-02-28T14:30:45.99400Z</time><extensions><mytracks:speed>3.163132700287822</mytracks:speed><mytracks:length>0.004387613277007675</mytracks:length></extensions></trkpt><trkpt lat="33.59435644606858" lon="130.3495975076696"><ele>2.529694563290577</ele><time>2026-02-28T14:30:50.99700Z</time><extensions><mytracks:speed>3.202251619651403</mytracks:speed><mytracks:gradient>0.06896964748424524</mytracks:gradient><mytracks:length>0.004449823100682498</mytracks:length></extensions></trkpt><trkpt lat="33.59436788105207" lon="130.3496398021971"><ele>2.591867949537161</ele><time>2026-02-28T14:30:55.99700Z</time><extensions><mytracks:speed>2.965854203661658</mytracks:speed><mytracks:gradient>0.01509216844820273</mytracks:gradient><mytracks:length>0.004119579400400084</mytracks:length></extensions></trkpt><trkpt lat="33.5943816738804" lon="130.3496814830427"><ele>3.125701944179672</ele><time>2026-02-28T14:31:00.99300Z</time><extensions><mytracks:speed>2.993704429765746</mytracks:speed><mytracks:gradient>0.1284973346152321</mytracks:gradient><mytracks:length>0.004154436325399313</mytracks:length></extensions></trkpt><trkpt lat="33.59437803856769" lon="130.3497242285682"><ele>2.890716463122215</ele><time>2026-02-28T14:31:05.98900Z</time><extensions><mytracks:speed>2.868144127940363</mytracks:speed><mytracks:length>0.003980495645797632</mytracks:length></extensions></trkpt><trkpt lat="33.59436991540286" lon="130.3497774213865"><ele>2.535316749096697</ele><time>2026-02-28T14:31:11.00400Z</time><extensions><mytracks:speed>3.595252860503218</mytracks:speed><mytracks:length>0.005008230641265025</mytracks:length></extensions></trkpt><trkpt lat="33.59437929960389" lon="130.3498464047371"><ele>2.573160505837079</ele><time>2026-02-28T14:31:16.92800Z</time><extensions><mytracks:speed>3.934207015011278</mytracks:speed><mytracks:gradient>0.005845747436884816</mytracks:gradient><mytracks:length>0.00647372421558951</mytracks:length></extensions></trkpt><trkpt lat="33.59438043276295" lon="130.3499020438222"><ele>2.564769329213767</ele><time>2026-02-28T14:31:21.93900Z</time><extensions><mytracks:speed>3.70345542858065</mytracks:speed><mytracks:length>0.005155432489024409</mytracks:length></extensions></trkpt><trkpt lat="33.59438127781394" lon="130.349967046902"><ele>2.654220847899176</ele><time>2026-02-28T14:31:27.59800Z</time><extensions><mytracks:speed>3.830908078236658</mytracks:speed><mytracks:gradient>0.01485542168622502</mytracks:gradient><mytracks:length>0.006021472871978722</mytracks:length></extensions></trkpt><trkpt lat="33.59438431600026" lon="130.3500311842337"><ele>2.542188503992287</ele><time>2026-02-28T14:31:33.20600Z</time><extensions><mytracks:speed>3.81881169346953</mytracks:speed><mytracks:length>0.005949194509442915</mytracks:length></extensions></trkpt><trkpt lat="33.59438891917682" lon="130.3501021735381"><ele>2.993470142381705</ele><time>2026-02-28T14:31:38.96900Z</time><extensions><mytracks:speed>4.119419196688294</mytracks:speed><mytracks:gradient>0.06843389936010755</mytracks:gradient><mytracks:length>0.006594416548072446</mytracks:length></extensions></trkpt><trkpt lat="33.59439422160953" lon="130.3501615876705"><ele>3.036492515184481</ele><time>2026-02-28T14:31:43.97500Z</time><extensions><mytracks:speed>3.979682069638628</mytracks:speed><mytracks:gradient>0.007774186485248471</mytracks:gradient><mytracks:length>0.00553400318919688</mytracks:length></extensions></trkpt><trkpt lat="33.59439991248336" lon="130.3502166686717"><ele>3.288452209227134</ele><time>2026-02-28T14:31:48.98000Z</time><extensions><mytracks:speed>3.698163604041594</mytracks:speed><mytracks:gradient>0.04900578191501489</mytracks:gradient><mytracks:length>0.005141427892724948</mytracks:length></extensions></trkpt><trkpt lat="33.59440324782904" lon="130.3502706534753"><ele>3.411874590752465</ele><time>2026-02-28T14:31:53.98400Z</time><extensions><mytracks:speed>3.607558813204038</mytracks:speed><mytracks:gradient>0.02461297455570519</mytracks:gradient><mytracks:length>0.005014525214983483</mytracks:length></extensions></trkpt><trkpt lat="33.5944030861013" lon="130.350324668923"><ele>3.470655053092759</ele><time>2026-02-28T14:31:58.98700Z</time><extensions><mytracks:speed>3.600365208773304</mytracks:speed><mytracks:gradient>0.0117473297373547</mytracks:gradient><mytracks:length>0.005003729669167431</mytracks:length></extensions></trkpt><trkpt lat="33.59440999446974" lon="130.3503798933074"><ele>3.381510588483101</ele><time>2026-02-28T14:32:03.99000Z</time><extensions><mytracks:speed>3.722570193530206</mytracks:speed><mytracks:length>0.005172884917034818</mytracks:length></extensions></trkpt><trkpt lat="33.59441685813785" lon="130.3504333850272"><ele>3.211628186064436</ele><time>2026-02-28T14:32:08.99200Z</time><extensions><mytracks:speed>3.607706423370328</mytracks:speed><mytracks:length>0.005012727571901884</mytracks:length></extensions></trkpt><trkpt lat="33.5944256559597" lon="130.3504861712877"><ele>3.291405521257809</ele><time>2026-02-28T14:32:13.99300Z</time><extensions><mytracks:speed>3.587907064698541</mytracks:speed><mytracks:gradient>0.01600417990092329</mytracks:gradient><mytracks:length>0.004984781206362885</mytracks:length></extensions></trkpt><trkpt lat="33.59442976735912" lon="130.3505389956074"><ele>3.213268320684565</ele><time>2026-02-28T14:32:18.99500Z</time><extensions><mytracks:speed>3.537696403640664</mytracks:speed><mytracks:length>0.004914678518857233</mytracks:length></extensions></trkpt><trkpt lat="33.59443517957104" lon="130.3505976204457"><ele>2.99992731593298</ele><time>2026-02-28T14:32:24.49700Z</time><extensions><mytracks:speed>3.574439962559531</mytracks:speed><mytracks:length>0.005463524335925509</mytracks:length></extensions></trkpt><trkpt lat="33.59444074165942" lon="130.3506458517637"><ele>3.329636282420328</ele><time>2026-02-28T14:32:29.49800Z</time><extensions><mytracks:speed>3.247220096802752</mytracks:speed><mytracks:gradient>0.07308715745493237</mytracks:gradient><mytracks:length>0.00451117512253306</mytracks:length></extensions></trkpt><trkpt lat="33.59444333503045" lon="130.3506925782545"><ele>3.313870071093659</ele><time>2026-02-28T14:32:34.49900Z</time><extensions><mytracks:speed>3.122401382066233</mytracks:speed><mytracks:length>0.00433699520859537</mytracks:length></extensions></trkpt><trkpt lat="33.59445092421558" lon="130.3507477010428"><ele>3.048892379952634</ele><time>2026-02-28T14:32:39.99900Z</time><extensions><mytracks:speed>3.38606547518818</mytracks:speed><mytracks:length>0.005172884917034818</mytracks:length></extensions></trkpt><trkpt lat="33.59446068329351" lon="130.3508074245707"><ele>3.532709875087835</ele><time>2026-02-28T14:32:44.99900Z</time><extensions><mytracks:speed>4.058020934692171</mytracks:speed><mytracks:gradient>0.08583695247253462</mytracks:gradient><mytracks:length>0.005636471020916182</mytracks:length></extensions></trkpt><trkpt lat="33.59447102527582" lon="130.3508665036251"><ele>4.149484441202749</ele><time>2026-02-28T14:32:49.99900Z</time><extensions><mytracks:speed>4.026302081149532</mytracks:speed><mytracks:gradient>0.1102894576886485</mytracks:gradient><mytracks:length>0.005592325676821198</mytracks:length></extensions></trkpt><trkpt lat="33.59448158430184" lon="130.3509231940823"><ele>4.510705073526997</ele><time>2026-02-28T14:32:54.99900Z</time><extensions><mytracks:speed>3.873774959085832</mytracks:speed><mytracks:gradient>0.06713624737450533</mytracks:gradient><mytracks:length>0.005380411423791007</mytracks:length></extensions></trkpt><trkpt lat="33.59448796672247" lon="130.3509803805431"><ele>4.814702872040781</ele><time>2026-02-28T14:32:59.99900Z</time><extensions><mytracks:speed>3.847186807147301</mytracks:speed><mytracks:gradient>0.05689186021276204</mytracks:gradient><mytracks:length>0.005343432212919464</mytracks:length></extensions></trkpt><trkpt lat="33.59449467746899" lon="130.351035461451"><ele>5.064730734243301</ele><time>2026-02-28T14:33:04.99900Z</time><extensions><mytracks:speed>3.711855550154498</mytracks:speed><mytracks:gradient>0.04849794129489889</mytracks:gradient><mytracks:length>0.005155432489024409</mytracks:length></extensions></trkpt><trkpt lat="33.59449163138433" lon="130.3510906159941"><ele>4.7654566400625</ele><time>2026-02-28T14:33:09.99900Z</time><extensions><mytracks:speed>3.685982627152761</mytracks:speed><mytracks:length>0.005119469016030152</mytracks:length></extensions></trkpt><trkpt lat="33.59450031263366" lon="130.3511475682119"><ele>4.561998499229131</ele><time>2026-02-28T14:33:14.99900Z</time><extensions><mytracks:speed>3.860585860194176</mytracks:speed><mytracks:length>0.005361953697269596</mytracks:length></extensions></trkpt><trkpt lat="33.59450802772346" lon="130.3512017422392"><ele>4.353576705562018</ele><time>2026-02-28T14:33:19.99900Z</time><extensions><mytracks:speed>3.665037339483872</mytracks:speed><mytracks:length>0.005090338254939077</mytracks:length></extensions></trkpt><trkpt lat="33.59451094646795" lon="130.3512497328699"><ele>4.170064882486801</ele><time>2026-02-28T14:33:24.99900Z</time><extensions><mytracks:speed>3.208974745747382</mytracks:speed><mytracks:length>0.004456906393785589</mytracks:length></extensions></trkpt><trkpt lat="33.59451192658609" lon="130.3513006282474"><ele>4.114160546421829</ele><time>2026-02-28T14:33:29.99900Z</time><extensions><mytracks:speed>3.394360071282573</mytracks:speed><mytracks:length>0.004714376399115715</mytracks:length></extensions></trkpt><trkpt lat="33.5945131678322" lon="130.3513502892126"><ele>3.941238166103474</ele><time>2026-02-28T14:33:34.99900Z</time><extensions><mytracks:speed>3.312158599124716</mytracks:speed><mytracks:length>0.004600200534558432</mytracks:length></extensions></trkpt><trkpt lat="33.59452479163561" lon="130.351398799488"><ele>3.719683718207222</ele><time>2026-02-28T14:33:39.99900Z</time><extensions><mytracks:speed>3.366727714257194</mytracks:speed><mytracks:length>0.004675985072746005</mytracks:length></extensions></trkpt><trkpt lat="33.59452540837599" lon="130.3514463942045"><ele>3.225164759188343</ele><time>2026-02-28T14:33:44.99900Z</time><extensions><mytracks:speed>3.174592903383027</mytracks:speed><mytracks:length>0.004409128847671818</mytracks:length></extensions></trkpt><trkpt lat="33.59453817941048" lon="130.3514964790802"><ele>3.461375903341184</ele><time>2026-02-28T14:33:49.99900Z</time><extensions><mytracks:speed>3.492743759949272</mytracks:speed><mytracks:gradient>0.04869330239285929</mytracks:gradient><mytracks:length>0.004850998649610612</mytracks:length></extensions></trkpt><trkpt lat="33.59454453934944" lon="130.3515509712287"><ele>3.421497563583491</ele><time>2026-02-28T14:33:54.99900Z</time><extensions><mytracks:speed>3.670167368398765</mytracks:speed><mytracks:length>0.005097415544773191</mytracks:length></extensions></trkpt><trkpt lat="33.5945471768539" lon="130.35160493609"><ele>3.416782065099464</ele><time>2026-02-28T14:33:59.99900Z</time><extensions><mytracks:speed>3.60530772405656</mytracks:speed><mytracks:length>0.005007330770510971</mytracks:length></extensions></trkpt><trkpt lat="33.59455238724941" lon="130.3516544875975"><ele>3.687325869860963</ele><time>2026-02-28T14:34:04.99900Z</time><extensions><mytracks:speed>3.331161565699797</mytracks:speed><mytracks:gradient>0.05847605536045052</mytracks:gradient><mytracks:length>0.004626574126689082</mytracks:length></extensions></trkpt><trkpt lat="33.5945593965521" lon="130.3517072898614"><ele>4.188328536854403</ele><time>2026-02-28T14:34:09.99900Z</time><extensions><mytracks:speed>3.566219195792914</mytracks:speed><mytracks:gradient>0.1011505525486945</mytracks:gradient><mytracks:length>0.004953039349461328</mytracks:length></extensions></trkpt><trkpt lat="33.59456620311123" lon="130.3517597734997"><ele>4.359424016351076</ele><time>2026-02-28T14:34:14.99900Z</time><extensions><mytracks:speed>3.542559245080333</mytracks:speed><mytracks:gradient>0.03477425329892279</mytracks:gradient><mytracks:length>0.004920176948902965</mytracks:length></extensions></trkpt><trkpt lat="33.5945703776616" lon="130.3518112767349"><ele>4.854220282848412</ele><time>2026-02-28T14:34:19.99900Z</time><extensions><mytracks:speed>3.45035522203189</mytracks:speed><mytracks:gradient>0.1032521216321543</mytracks:gradient><mytracks:length>0.004792117185350398</mytracks:length></extensions></trkpt><trkpt lat="33.59457542962559" lon="130.3518616620483"><ele>4.596657769621319</ele><time>2026-02-28T14:34:24.99900Z</time><extensions><mytracks:speed>3.384733705023381</mytracks:speed><mytracks:length>0.004700975098991775</mytracks:length></extensions></trkpt><trkpt lat="33.59457908972503" lon="130.3519124324087"><ele>4.404288193174863</ele><time>2026-02-28T14:34:30.49900Z</time><extensions><mytracks:speed>3.089396043508268</mytracks:speed><mytracks:length>0.004720108165851565</mytracks:length></extensions></trkpt><trkpt lat="33.59458460602557" lon="130.3519682873795"><ele>4.19170936309391</ele><time>2026-02-28T14:34:36.50000Z</time><extensions><mytracks:speed>3.12518236135801</mytracks:speed><mytracks:length>0.005209344701445845</mytracks:length></extensions></trkpt><trkpt lat="33.59458709867527" lon="130.3520233388421"><ele>3.96166186107522</ele><time>2026-02-28T14:34:42.50000Z</time><extensions><mytracks:speed>3.064280552717178</mytracks:speed><mytracks:length>0.005107130804560836</mytracks:length></extensions></trkpt><trkpt lat="33.59458947037894" lon="130.3520812574585"><ele>3.79492482066013</ele><time>2026-02-28T14:34:48.00000Z</time><extensions><mytracks:speed>3.515707294179197</mytracks:speed><mytracks:length>0.005371190489124542</mytracks:length></extensions></trkpt><trkpt lat="33.59459421719411" lon="130.3521313294303"><ele>3.720159553074109</ele><time>2026-02-28T14:34:53.00000Z</time><extensions><mytracks:speed>3.360496420243635</mytracks:speed><mytracks:length>0.004667303504524258</mytracks:length></extensions></trkpt><trkpt lat="33.59459803623581" lon="130.3521846337388"><ele>3.516084535542095</ele><time>2026-02-28T14:34:58.00000Z</time><extensions><mytracks:speed>3.56753692716269</mytracks:speed><mytracks:length>0.004954858647722667</mytracks:length></extensions></trkpt><trkpt lat="33.59460787332537" lon="130.3522356105056"><ele>3.48047856732137</ele><time>2026-02-28T14:35:03.00000Z</time><extensions><mytracks:speed>3.488740069572164</mytracks:speed><mytracks:length>0.004845421718872839</mytracks:length></extensions></trkpt><trkpt lat="33.59461254936782" lon="130.3522861150458"><ele>3.502091577939686</ele><time>2026-02-28T14:35:08.00000Z</time><extensions><mytracks:speed>3.388186494688795</mytracks:speed><mytracks:gradient>0.004592878648344142</mytracks:gradient><mytracks:length>0.004705765658778623</mytracks:length></extensions></trkpt><trkpt lat="33.59461927099996" lon="130.352335672266"><ele>3.521693512465224</ele><time>2026-02-28T14:35:13.00000Z</time><extensions><mytracks:speed>3.348653846660621</mytracks:speed><mytracks:gradient>0.004214689599805841</mytracks:gradient><mytracks:length>0.004650860771915905</mytracks:length></extensions></trkpt><trkpt lat="33.59462960958798" lon="130.3523844550754"><ele>3.531848035817633</ele><time>2026-02-28T14:35:18.00000Z</time><extensions><mytracks:speed>3.357710629176133</mytracks:speed><mytracks:gradient>0.002177474931896885</mytracks:gradient><mytracks:length>0.00466343984202057</mytracks:length></extensions></trkpt><trkpt lat="33.59463478878725" lon="130.3524403482155"><ele>3.493262240009798</ele><time>2026-02-28T14:35:23.00000Z</time><extensions><mytracks:speed>3.750142848049319</mytracks:speed><mytracks:length>0.005208479577350957</mytracks:length></extensions></trkpt><trkpt lat="33.59463705770678" lon="130.3524965059397"><ele>3.440812367909466</ele><time>2026-02-28T14:35:28.00000Z</time><extensions><mytracks:speed>3.748896299479648</mytracks:speed><mytracks:length>0.005206748897928747</mytracks:length></extensions></trkpt><trkpt lat="33.59464242616681" lon="130.352548928353"><ele>3.966074399378129</ele><time>2026-02-28T14:35:33.00000Z</time><extensions><mytracks:speed>3.522060278116297</mytracks:speed><mytracks:gradient>0.1073781774832594</mytracks:gradient><mytracks:length>0.004891701868850897</mytracks:length></extensions></trkpt><trkpt lat="33.59464979036343" lon="130.3525971826759"><ele>3.77135429915112</ele><time>2026-02-28T14:35:38.00000Z</time><extensions><mytracks:speed>3.271726438140984</mytracks:speed><mytracks:length>0.004544020295130479</mytracks:length></extensions></trkpt><trkpt lat="33.59465933387168" lon="130.352644436933"><ele>3.9938155939978</ele><time>2026-02-28T14:35:42.99900Z</time><extensions><mytracks:speed>3.243039652780254</mytracks:speed><mytracks:gradient>0.04938999650234915</mytracks:gradient><mytracks:length>0.004504177173531466</mytracks:length></extensions></trkpt><trkpt lat="33.59467089593417" lon="130.3526858309322"><ele>4.022232073578919</ele><time>2026-02-28T14:35:47.99900Z</time><extensions><mytracks:speed>2.911274336477608</mytracks:speed><mytracks:gradient>0.00702787315710001</mytracks:gradient><mytracks:length>0.004043396763985448</mytracks:length></extensions></trkpt><trkpt lat="33.59467882536072" lon="130.3527308343361"><ele>4.084988533856624</ele><time>2026-02-28T14:35:52.99900Z</time><extensions><mytracks:speed>3.066806228838908</mytracks:speed><mytracks:gradient>0.01473359861778453</mytracks:gradient><mytracks:length>0.004259411560319924</mytracks:length></extensions></trkpt><trkpt lat="33.59468604027033" lon="130.3527795540624"><ele>4.310092196275027</ele><time>2026-02-28T14:35:57.99900Z</time><extensions><mytracks:speed>3.299456914039228</mytracks:speed><mytracks:gradient>0.04912209522416774</mytracks:gradient><mytracks:length>0.004582533814796524</mytracks:length></extensions></trkpt><trkpt lat="33.59468864097466" lon="130.3528259136765"><ele>3.746004943538146</ele><time>2026-02-28T14:36:02.99900Z</time><extensions><mytracks:speed>3.09863472157157</mytracks:speed><mytracks:length>0.004303617163942742</mytracks:length></extensions></trkpt><trkpt lat="33.59469773768991" lon="130.3528711635794"><ele>3.534377152246002</ele><time>2026-02-28T14:36:07.99900Z</time><extensions><mytracks:speed>3.104660342793979</mytracks:speed><mytracks:length>0.004311985897493373</mytracks:length></extensions></trkpt><trkpt lat="33.59470775368099" lon="130.3529186920527"><ele>3.364070215278358</ele><time>2026-02-28T14:36:12.99900Z</time><extensions><mytracks:speed>3.269584087313492</mytracks:speed><mytracks:length>0.004541044187206067</mytracks:length></extensions></trkpt><trkpt lat="33.59470694285675" lon="130.352960337865"><ele>3.473873498858253</ele><time>2026-02-28T14:36:17.99900Z</time><extensions><mytracks:speed>2.778237753055826</mytracks:speed><mytracks:gradient>0.02845657241244888</mytracks:gradient><mytracks:length>0.003858626470834551</mytracks:length></extensions></trkpt><trkpt lat="33.59471992791779" lon="130.3530093467049"><ele>3.647081595698227</ele><time>2026-02-28T14:36:22.99900Z</time><extensions><mytracks:speed>3.429304560236162</mytracks:speed><mytracks:gradient>0.03636627882753397</mytracks:gradient><mytracks:length>0.004762876555542237</mytracks:length></extensions></trkpt><trkpt lat="33.59472542764361" lon="130.3530551547211"><ele>3.599031920014472</ele><time>2026-02-28T14:36:27.99900Z</time><extensions><mytracks:speed>3.086548558994262</mytracks:speed><mytracks:length>0.00428683068489814</mytracks:length></extensions></trkpt><trkpt lat="33.59473668208687" lon="130.3530998227952"><ele>3.625055240350751</ele><time>2026-02-28T14:36:32.99900Z</time><extensions><mytracks:speed>3.111425135485869</mytracks:speed><mytracks:gradient>0.006021991170165683</mytracks:gradient><mytracks:length>0.004321381350607787</mytracks:length></extensions></trkpt><trkpt lat="33.59474648376459" lon="130.3531515961804"><ele>3.5418985072346</ele><time>2026-02-28T14:36:38.50000Z</time><extensions><mytracks:speed>3.218223521626703</mytracks:speed><mytracks:length>0.004917428502389883</mytracks:length></extensions></trkpt><trkpt lat="33.59475482359927" lon="130.3531949665688"><ele>3.478336198933156</ele><time>2026-02-28T14:36:43.50000Z</time><extensions><mytracks:speed>2.967505683393608</mytracks:speed><mytracks:length>0.004121766594289456</mytracks:length></extensions></trkpt><trkpt lat="33.59476000555804" lon="130.3532413010617"><ele>3.492656221072832</ele><time>2026-02-28T14:36:48.50000Z</time><extensions><mytracks:speed>3.116650259127761</mytracks:speed><mytracks:gradient>0.003308176916463443</mytracks:gradient><mytracks:length>0.004328674826431299</mytracks:length></extensions></trkpt><trkpt lat="33.59476743842891" lon="130.3532912593125"><ele>3.483604629499351</ele><time>2026-02-28T14:36:54.00000Z</time><extensions><mytracks:speed>3.07638890763192</mytracks:speed><mytracks:length>0.004700016401092749</mytracks:length></extensions></trkpt><trkpt lat="33.59477629908764" lon="130.3533389154391"><ele>3.435299742062466</ele><time>2026-02-28T14:36:59.00000Z</time><extensions><mytracks:speed>3.255979764625529</mytracks:speed><mytracks:length>0.004522150020174033</mytracks:length></extensions></trkpt><trkpt lat="33.59479596067582" lon="130.353410607559"><ele>3.564311754679705</ele><time>2026-02-28T14:37:06.50000Z</time><extensions><mytracks:speed>3.355466885010954</mytracks:speed><mytracks:gradient>0.01845536657601935</mytracks:gradient><mytracks:length>0.006990487676623811</mytracks:length></extensions></trkpt><trkpt lat="33.59484109655195" lon="130.3536020609233"><ele>4.044360759668052</ele><time>2026-02-28T14:37:25.00000Z</time><extensions><mytracks:speed>3.586350874605661</mytracks:speed><mytracks:gradient>0.02604760720471434</mytracks:gradient><mytracks:length>0.01842967767501745</mytracks:length></extensions></trkpt><trkpt lat="33.59484191212113" lon="130.353646928785"><ele>4.12999979046514</ele><time>2026-02-28T14:37:30.00000Z</time><extensions><mytracks:speed>2.993565614647357</mytracks:speed><mytracks:gradient>0.02059774723353482</mytracks:gradient><mytracks:length>0.004157689179604101</mytracks:length></extensions></trkpt><trkpt lat="33.59485834707196" lon="130.3536974988809"><ele>4.18925589088572</ele><time>2026-02-28T14:37:35.00000Z</time><extensions><mytracks:speed>3.619540870857135</mytracks:speed><mytracks:gradient>0.01178735450570088</mytracks:gradient><mytracks:length>0.0050270907175924</mytracks:length></extensions></trkpt><trkpt lat="33.59486699042726" lon="130.3537394256415"><ele>4.062790938643771</ele><time>2026-02-28T14:37:40.00000Z</time><extensions><mytracks:speed>2.879809173142123</mytracks:speed><mytracks:length>0.003999695197113414</mytracks:length></extensions></trkpt><trkpt lat="33.59487720067018" lon="130.3537858136941"><ele>4.008852605689609</ele><time>2026-02-28T14:37:44.99900Z</time><extensions><mytracks:speed>3.20025595046475</mytracks:speed><mytracks:length>0.004444756694507375</mytracks:length></extensions></trkpt><trkpt lat="33.59488475396277" lon="130.3538347678561"><ele>4.034453769435144</ele><time>2026-02-28T14:37:49.99900Z</time><extensions><mytracks:speed>3.319926360684118</mytracks:speed><mytracks:gradient>0.005552237296517524</mytracks:gradient><mytracks:length>0.004610963541056307</mytracks:length></extensions></trkpt><trkpt lat="33.59489409189327" lon="130.3538585746103"><ele>4.162251901796877</ele><time>2026-02-28T14:37:54.99900Z</time><extensions><mytracks:speed>1.754717461843759</mytracks:speed><mytracks:gradient>0.05243896145663447</mytracks:gradient><mytracks:length>0.002437083588457753</mytracks:length></extensions></trkpt><trkpt lat="33.59489554742169" lon="130.3538570643075"><ele>4.080631338061177</ele><time>2026-02-28T14:37:59.99900Z</time><extensions><mytracks:speed>0.1528443900506617</mytracks:speed><mytracks:length>0.0002122817797161812</mytracks:length></extensions></trkpt><trkpt lat="33.59489716256782" lon="130.3538656068764"><ele>4.192206600454463</ele><time>2026-02-28T14:38:06.66600Z</time><extensions><mytracks:speed>0.4410030685014111</mytracks:speed><mytracks:gradient>0.136623164126859</mytracks:gradient><mytracks:length>0.0008166643124271722</mytracks:length></extensions></trkpt><trkpt lat="33.59490626103428" lon="130.3539176829705"><ele>4.503572138957679</ele><time>2026-02-28T14:38:30.99900Z</time><extensions><mytracks:speed>0.729142259127465</mytracks:speed><mytracks:gradient>0.06317764616902723</mytracks:gradient><mytracks:length>0.004928413092032276</mytracks:length></extensions></trkpt><trkpt lat="33.5949032945011" lon="130.3539693919392"><ele>4.008346600213364</ele><time>2026-02-28T14:38:35.99900Z</time><extensions><mytracks:speed>3.456446623570716</mytracks:speed><mytracks:length>0.004800573040307759</mytracks:length></extensions></trkpt><trkpt lat="33.59490852115483" lon="130.3540278685045"><ele>3.960821854525891</ele><time>2026-02-28T14:38:40.99900Z</time><extensions><mytracks:speed>3.921881301668248</mytracks:speed><mytracks:length>0.005447003208485596</mytracks:length></extensions></trkpt><trkpt lat="33.59493020760174" lon="130.3540834628128"><ele>4.298295347038331</ele><time>2026-02-28T14:38:46.50000Z</time><extensions><mytracks:speed>3.720386067455953</mytracks:speed><mytracks:gradient>0.05936176503900209</mytracks:gradient><mytracks:length>0.005685031304084569</mytracks:length></extensions></trkpt><trkpt lat="33.59494203493038" lon="130.354126669883"><ele>4.357746106960681</ele><time>2026-02-28T14:38:51.50000Z</time><extensions><mytracks:speed>3.033075329383254</mytracks:speed><mytracks:gradient>0.01411259356993238</mytracks:gradient><mytracks:length>0.004212603418907558</mytracks:length></extensions></trkpt><trkpt lat="33.59495584406558" lon="130.3541752681742"><ele>4.51650240334236</ele><time>2026-02-28T14:38:57.00000Z</time><extensions><mytracks:speed>3.113184979363087</mytracks:speed><mytracks:gradient>0.03337846650449775</mytracks:gradient><mytracks:length>0.004756248953506809</mytracks:length></extensions></trkpt><trkpt lat="33.59496427991171" lon="130.3542185568624"><ele>4.402902537638363</ele><time>2026-02-28T14:39:02.00000Z</time><extensions><mytracks:speed>2.964546148891468</mytracks:speed><mytracks:length>0.004117391044654482</mytracks:length></extensions></trkpt><trkpt lat="33.59497426604023" lon="130.3542658617625"><ele>4.339185976076619</ele><time>2026-02-28T14:39:07.00000Z</time><extensions><mytracks:speed>3.253827506900785</mytracks:speed><mytracks:length>0.004519159509528328</mytracks:length></extensions></trkpt><trkpt lat="33.59498446032149" lon="130.3543080021933"><ele>4.307042367940997</ele><time>2026-02-28T14:39:12.00000Z</time><extensions><mytracks:speed>2.926481235806663</mytracks:speed><mytracks:length>0.004064517055715967</mytracks:length></extensions></trkpt><trkpt lat="33.59498644538952" lon="130.3543177085331"><ele>4.363437029525458</ele><time>2026-02-28T14:39:17.00000Z</time><extensions><mytracks:speed>0.6627175304329325</mytracks:speed><mytracks:gradient>0.06126978413721027</mytracks:gradient><mytracks:length>0.000920431863415225</mytracks:length></extensions></trkpt><trkpt lat="33.59498684586929" lon="130.3543175785942"><ele>4.359197543002676</ele><time>2026-02-28T14:39:22.00000Z</time><extensions><mytracks:speed>0.3331166450144694</mytracks:speed><mytracks:gradient>0.05636478918690083</mytracks:gradient><mytracks:length>0</mytracks:length></extensions></trkpt><trkpt lat="33.59499385997633" lon="130.3543570212979"><ele>4.284470143108082</ele><time>2026-02-28T14:39:31.33300Z</time><extensions><mytracks:speed>1.440732012507179</mytracks:speed><mytracks:length>0.003735194281190215</mytracks:length></extensions></trkpt><trkpt lat="33.59502277827274" lon="130.354554141841"><ele>4.32379721198231</ele><time>2026-02-28T14:40:18.99900Z</time><extensions><mytracks:speed>1.400135942648862</mytracks:speed><mytracks:gradient>0.002121355108665954</mytracks:gradient><mytracks:length>0.01853865423736563</mytracks:length></extensions></trkpt><trkpt lat="33.59502741462409" lon="130.3545543485124"><ele>3.923322934093524</ele><time>2026-02-28T14:40:30.99900Z</time><extensions><mytracks:speed>0.1533692929231172</mytracks:speed><mytracks:length>0.0005112422255613496</mytracks:length></extensions></trkpt><trkpt lat="33.595029888858" lon="130.3545550272478"><ele>3.441535174846649</ele><time>2026-02-28T14:40:57.00000Z</time><extensions><mytracks:speed>0.03717860623782529</mytracks:speed><mytracks:length>0.0002685175718629059</mytracks:length></extensions></trkpt><trkpt lat="33.59504068369875" lon="130.3546495509829"><ele>3.424415491867678</ele><time>2026-02-28T14:41:54.22700Z</time><extensions><mytracks:speed>0.5558849155162612</mytracks:speed><mytracks:length>0.008836635466640732</mytracks:length></extensions></trkpt><trkpt lat="33.59505572992817" lon="130.3547455098364"><ele>3.36735131410392</ele><time>2026-02-28T14:42:25.28700Z</time><extensions><mytracks:speed>1.048178493394989</mytracks:speed><mytracks:length>0.009043303478168282</mytracks:length></extensions></trkpt><trkpt lat="33.59509403620474" lon="130.3549886175178"><ele>3.360932842828333</ele><time>2026-02-28T14:43:41.00000Z</time><extensions><mytracks:speed>1.089623089881468</mytracks:speed><mytracks:length>0.02291620895542675</mytracks:length></extensions></trkpt><trkpt lat="33.5951121875428" lon="130.355041503626"><ele>3.089678957253627</ele><time>2026-02-28T14:43:46.00600Z</time><extensions><mytracks:speed>3.809479698351176</mytracks:speed><mytracks:length>0.005297695860548345</mytracks:length></extensions></trkpt><trkpt lat="33.59512702121359" lon="130.3551012260238"><ele>3.169340624490387</ele><time>2026-02-28T14:43:51.00400Z</time><extensions><mytracks:speed>4.15695168407825</mytracks:speed><mytracks:gradient>0.01380430201380002</mytracks:gradient><mytracks:length>0.005770785596919198</mytracks:length></extensions></trkpt><trkpt lat="33.59512547656506" lon="130.3551629350537"><ele>3.411618769440247</ele><time>2026-02-28T14:43:56.00300Z</time><extensions><mytracks:speed>4.117988374703362</mytracks:speed><mytracks:gradient>0.04236945549179284</mytracks:gradient><mytracks:length>0.005718226541683802</mytracks:length></extensions></trkpt><trkpt lat="33.59513943358328" lon="130.3552225556186"><ele>3.983896752257352</ele><time>2026-02-28T14:44:01.00000Z</time><extensions><mytracks:speed>4.132641675190209</mytracks:speed><mytracks:gradient>0.09976389655546347</mytracks:gradient><mytracks:length>0.005736323485510095</mytracks:length></extensions></trkpt><trkpt lat="33.59515490604712" lon="130.3552792294763"><ele>4.177199108874323</ele><time>2026-02-28T14:44:06.00300Z</time><extensions><mytracks:speed>3.974031133318222</mytracks:speed><mytracks:gradient>0.03499694172643148</mytracks:gradient><mytracks:length>0.00552340710591231</mytracks:length></extensions></trkpt><trkpt lat="33.59517076612209" lon="130.3553344287653"><ele>4.361115858008953</ele><time>2026-02-28T14:44:10.99700Z</time><extensions><mytracks:speed>3.898881096035197</mytracks:speed><mytracks:gradient>0.03400840104855751</mytracks:gradient><mytracks:length>0.00540797989508627</mytracks:length></extensions></trkpt><trkpt lat="33.59518179087804" lon="130.355394365027"><ele>4.332802051698454</ele><time>2026-02-28T14:44:16.00300Z</time><extensions><mytracks:speed>4.087923340791157</mytracks:speed><mytracks:length>0.005685031304084569</mytracks:length></extensions></trkpt><trkpt lat="33.59519730456421" lon="130.3554580822805"><ele>4.13108085457645</ele><time>2026-02-28T14:44:21.00200Z</time><extensions><mytracks:speed>4.428058799456735</mytracks:speed><mytracks:length>0.006148847193219039</mytracks:length></extensions></trkpt><trkpt lat="33.59521386553844" lon="130.3555146683183"><ele>4.457866087419522</ele><time>2026-02-28T14:44:25.99800Z</time><extensions><mytracks:speed>4.003404389549081</mytracks:speed><mytracks:gradient>0.05881720963433495</mytracks:gradient><mytracks:length>0.005555945868134282</mytracks:length></extensions></trkpt><trkpt lat="33.59522799515997" lon="130.3555696463368"><ele>4.56487825361157</ele><time>2026-02-28T14:44:30.99800Z</time><extensions><mytracks:speed>3.837434506149038</mytracks:speed><mytracks:gradient>0.02007762475430752</mytracks:gradient><mytracks:length>0.005329921616803298</mytracks:length></extensions></trkpt><trkpt lat="33.59524300334207" lon="130.3556260356994"><ele>4.397938217435847</ele><time>2026-02-28T14:44:36.00300Z</time><extensions><mytracks:speed>3.944308957698599</mytracks:speed><mytracks:length>0.005483283982108509</mytracks:length></extensions></trkpt><trkpt lat="33.59526116542793" lon="130.3556834669566"><ele>4.391116499034075</ele><time>2026-02-28T14:44:40.99800Z</time><extensions><mytracks:speed>4.100928814147609</mytracks:speed><mytracks:length>0.00568978533806161</mytracks:length></extensions></trkpt><trkpt lat="33.59527490567643" lon="130.3557410791592"><ele>4.163415930387528</ele><time>2026-02-28T14:44:46.00400Z</time><extensions><mytracks:speed>3.991022133751566</mytracks:speed><mytracks:length>0.005550265355281595</mytracks:length></extensions></trkpt><trkpt lat="33.59528385416416" lon="130.3557984350135"><ele>4.01644199807688</ele><time>2026-02-28T14:44:51.00300Z</time><extensions><mytracks:speed>3.893093670269494</mytracks:speed><mytracks:length>0.005405479480421476</mytracks:length></extensions></trkpt><trkpt lat="33.59530259785003" lon="130.3558507428727"><ele>3.845802682927842</ele><time>2026-02-28T14:44:56.00000Z</time><extensions><mytracks:speed>3.799228073450226</mytracks:speed><mytracks:length>0.00527382456367995</mytracks:length></extensions></trkpt><trkpt lat="33.59531584293017" lon="130.3559144868917"><ele>3.668022705857961</ele><time>2026-02-28T14:45:01.50000Z</time><extensions><mytracks:speed>3.982823131172103</mytracks:speed><mytracks:length>0.006084752744850588</mytracks:length></extensions></trkpt><trkpt lat="33.59532490491091" lon="130.3559716550442"><ele>3.669692455589231</ele><time>2026-02-28T14:45:06.50100Z</time><extensions><mytracks:speed>3.87997741483234</mytracks:speed><mytracks:gradient>0.0003098086302916001</mytracks:gradient><mytracks:length>0.00538961658265777</mytracks:length></extensions></trkpt><trkpt lat="33.59534991407678" lon="130.3560324252666"><ele>3.515868303624057</ele><time>2026-02-28T14:45:12.49900Z</time><extensions><mytracks:speed>3.767101526574486</mytracks:speed><mytracks:length>0.006277226427104499</mytracks:length></extensions></trkpt><trkpt lat="33.59536154516677" lon="130.3560910576766"><ele>3.678475143169712</ele><time>2026-02-28T14:45:18.00100Z</time><extensions><mytracks:speed>3.652450237984552</mytracks:speed><mytracks:gradient>0.02913140300400954</mytracks:gradient><mytracks:length>0.005581840309005179</mytracks:length></extensions></trkpt><trkpt lat="33.59537703209548" lon="130.356145618984"><ele>4.053713891188277</ele><time>2026-02-28T14:45:22.99900Z</time><extensions><mytracks:speed>3.845988638761149</mytracks:speed><mytracks:gradient>0.07027977533337182</mytracks:gradient><mytracks:length>0.005339213824156691</mytracks:length></extensions></trkpt><trkpt lat="33.59538329041858" lon="130.3561995114704"><ele>4.37275875919985</ele><time>2026-02-28T14:45:27.99700Z</time><extensions><mytracks:speed>3.629825364870396</mytracks:speed><mytracks:gradient>0.06330726491784353</mytracks:gradient><mytracks:length>0.005039624890217743</mytracks:length></extensions></trkpt><trkpt lat="33.59537179779938" lon="130.356229250847"><ele>4.754113154890998</ele><time>2026-02-28T14:45:32.99700Z</time><extensions><mytracks:speed>2.186431877086044</mytracks:speed><mytracks:gradient>0.1255923601918724</mytracks:gradient><mytracks:length>0.003036445808555059</mytracks:length></extensions></trkpt><trkpt lat="33.59536016276844" lon="130.3562558769341"><ele>5.557508328180206</ele><time>2026-02-28T14:45:37.99900Z</time><extensions><mytracks:speed>2.004641194951668</mytracks:speed><mytracks:gradient>0.2884031002841652</mytracks:gradient><mytracks:length>0.002785667603772699</mytracks:length></extensions></trkpt><trkpt lat="33.59534853280427" lon="130.356285474013"><ele>5.935707635643094</ele><time>2026-02-28T14:45:43.00100Z</time><extensions><mytracks:speed>2.180963422177178</mytracks:speed><mytracks:gradient>0.1247975097651495</mytracks:gradient><mytracks:length>0.003030503638851471</mytracks:length></extensions></trkpt><trkpt lat="33.59534584616748" lon="130.3563126765163"><ele>6.371621512708728</ele><time>2026-02-28T14:45:47.99800Z</time><extensions><mytracks:speed>1.829103616875283</mytracks:speed><mytracks:gradient>0.1717196347395996</mytracks:gradient><mytracks:length>0.002538520872855725</mytracks:length></extensions></trkpt><trkpt lat="33.59534119567554" lon="130.356346369409"><ele>6.605417047993479</ele><time>2026-02-28T14:45:52.99900Z</time><extensions><mytracks:speed>2.277827241757567</mytracks:speed><mytracks:gradient>0.07388418142071214</mytracks:gradient><mytracks:length>0.003164351702747701</mytracks:length></extensions></trkpt><trkpt lat="33.59533217889844" lon="130.3563913730842"><ele>6.537559757546005</ele><time>2026-02-28T14:45:57.99600Z</time><extensions><mytracks:speed>3.088958282696875</mytracks:speed><mytracks:length>0.004287881765135806</mytracks:length></extensions></trkpt><trkpt lat="33.59529566199797" lon="130.3564193969703"><ele>6.386294249982338</ele><time>2026-02-28T14:46:03.00100Z</time><extensions><mytracks:speed>3.465790478247667</mytracks:speed><mytracks:length>0.004818375558269371</mytracks:length></extensions></trkpt><trkpt lat="33.59525395659657" lon="130.3564327308893"><ele>6.628039836311023</ele><time>2026-02-28T14:46:07.99800Z</time><extensions><mytracks:speed>3.457451026546648</mytracks:speed><mytracks:gradient>0.05037735754819002</mytracks:gradient><mytracks:length>0.004798695249099476</mytracks:length></extensions></trkpt><trkpt lat="33.59521606943527" lon="130.3564535761861"><ele>6.353774231669808</ele><time>2026-02-28T14:46:12.99800Z</time><extensions><mytracks:speed>3.336423502998344</mytracks:speed><mytracks:length>0.004634359700772913</mytracks:length></extensions></trkpt><trkpt lat="33.59517902528494" lon="130.3564697289251"><ele>6.056252826274888</ele><time>2026-02-28T14:46:18.00000Z</time><extensions><mytracks:speed>3.154716476504223</mytracks:speed><mytracks:length>0.004383503099733643</mytracks:length></extensions></trkpt><trkpt lat="33.59515189985783" lon="130.3564659993514"><ele>6.723639484257959</ele><time>2026-02-28T14:46:22.99900Z</time><extensions><mytracks:speed>2.185830744902272</mytracks:speed><mytracks:gradient>0.2198995570337976</mytracks:gradient><mytracks:length>0.003034961356836639</mytracks:length></extensions></trkpt><trkpt lat="33.59513520634806" lon="130.3564396654197"><ele>7.715854001500047</ele><time>2026-02-28T14:46:27.99600Z</time><extensions><mytracks:speed>2.207893311658475</mytracks:speed><mytracks:gradient>0.3237755126399346</mytracks:gradient><mytracks:length>0.003064513771137205</mytracks:length></extensions></trkpt><trkpt lat="33.59511743922069" lon="130.3564046209151"><ele>8.328164446405076</ele><time>2026-02-28T14:46:32.99900Z</time><extensions><mytracks:speed>2.733719462734769</mytracks:speed><mytracks:gradient>0.16114346359834</mytracks:gradient><mytracks:length>0.003799784559870517</mytracks:length></extensions></trkpt><trkpt lat="33.59509513076059" lon="130.3563595178183"><ele>8.866797796241856</ele><time>2026-02-28T14:46:37.99700Z</time><extensions><mytracks:speed>3.500196288066252</mytracks:speed><mytracks:gradient>0.1108446856424758</mytracks:gradient><mytracks:length>0.004859352044843329</mytracks:length></extensions></trkpt><trkpt lat="33.59503095697362" lon="130.356375955638"><ele>8.783431306318382</ele><time>2026-02-28T14:46:50.57700Z</time><extensions><mytracks:speed>2.088047443422521</mytracks:speed><mytracks:length>0.007296443153686514</mytracks:length></extensions></trkpt><trkpt lat="33.59460424377563" lon="130.3565626170938"><ele>6.903862179256976</ele><time>2026-02-28T14:48:11.00000Z</time><extensions><mytracks:speed>2.260565337254988</mytracks:speed><mytracks:length>0.05050004627099779</mytracks:length></extensions></trkpt><trkpt lat="33.59456282360012" lon="130.3565953512436"><ele>7.114376387234143</ele><time>2026-02-28T14:48:16.01700Z</time><extensions><mytracks:speed>3.95604459183164</mytracks:speed><mytracks:gradient>0.03818084397077302</mytracks:gradient><mytracks:length>0.0055136080317741</mytracks:length></extensions></trkpt><trkpt lat="33.59452067469683" lon="130.3566026940863"><ele>6.482025679255634</ele><time>2026-02-28T14:48:21.02200Z</time><extensions><mytracks:speed>3.406266018110061</mytracks:speed><mytracks:length>0.004735358958953053</mytracks:length></extensions></trkpt><trkpt lat="33.59447396638179" lon="130.3566188421676"><ele>6.341382169209062</ele><time>2026-02-28T14:48:26.01200Z</time><extensions><mytracks:speed>3.89920339555815</mytracks:speed><mytracks:length>0.005404645751800735</mytracks:length></extensions></trkpt><trkpt lat="33.59443005842697" lon="130.3566536504516"><ele>6.91343079492596</ele><time>2026-02-28T14:48:31.01400Z</time><extensions><mytracks:speed>4.210097239729935</mytracks:speed><mytracks:gradient>0.0977749828789589</mytracks:gradient><mytracks:length>0.005850664544989677</mytracks:length></extensions></trkpt><trkpt lat="33.59437786445864" lon="130.3566746954689"><ele>6.333364029472744</ele><time>2026-02-28T14:48:35.97000Z</time><extensions><mytracks:speed>4.447598982260165</mytracks:speed><mytracks:length>0.006122406734019017</mytracks:length></extensions></trkpt><trkpt lat="33.59432257868353" lon="130.3567098844442"><ele>5.905454870349172</ele><time>2026-02-28T14:48:40.93400Z</time><extensions><mytracks:speed>5.045842993499002</mytracks:speed><mytracks:length>0.006958180970414221</mytracks:length></extensions></trkpt><trkpt lat="33.59426191216333" lon="130.3567498741028"><ele>6.208097181615617</ele><time>2026-02-28T14:48:45.94500Z</time><extensions><mytracks:speed>5.528534432384091</mytracks:speed><mytracks:gradient>0.0393295740028811</mytracks:gradient><mytracks:length>0.007695031511001746</mytracks:length></extensions></trkpt><trkpt lat="33.5941874048493" lon="130.3567705083658"><ele>5.873006593324952</ele><time>2026-02-28T14:48:51.70300Z</time><extensions><mytracks:speed>5.316106090853652</mytracks:speed><mytracks:length>0.00850240867789589</mytracks:length></extensions></trkpt><trkpt lat="33.59412959785714" lon="130.3568050870372"><ele>5.62571382832997</ele><time>2026-02-28T14:48:56.96400Z</time><extensions><mytracks:speed>4.913936112222612</mytracks:speed><mytracks:length>0.007181903919421227</mytracks:length></extensions></trkpt><trkpt lat="33.59407471635404" lon="130.3568337013054"><ele>5.142024698942262</ele><time>2026-02-28T14:49:01.97100Z</time><extensions><mytracks:speed>4.784151674846325</mytracks:speed><mytracks:length>0.006653603192938591</mytracks:length></extensions></trkpt><trkpt lat="33.5940324467124" lon="130.3568677215836"><ele>5.311051520144622</ele><time>2026-02-28T14:49:06.97700Z</time><extensions><mytracks:speed>4.070375313356532</mytracks:speed><mytracks:gradient>0.02986545904615267</mytracks:gradient><mytracks:length>0.005659609013246839</mytracks:length></extensions></trkpt><trkpt lat="33.59399339589161" lon="130.3569165488952"><ele>5.578036107747262</ele><time>2026-02-28T14:49:12.48800Z</time><extensions><mytracks:speed>4.095308214773384</mytracks:speed><mytracks:gradient>0.04258097905375971</mytracks:gradient><mytracks:length>0.006270043421631158</mytracks:length></extensions></trkpt><trkpt lat="33.59393817874857" lon="130.3569405270246"><ele>5.356192942492425</ele><time>2026-02-28T14:49:17.98700Z</time><extensions><mytracks:speed>4.27499849798807</mytracks:speed><mytracks:length>0.006529174686244935</mytracks:length></extensions></trkpt><trkpt lat="33.59388605853949" lon="130.3569729767728"><ele>5.312067555306393</ele><time>2026-02-28T14:49:22.99000Z</time><extensions><mytracks:speed>4.697826071352218</mytracks:speed><mytracks:length>0.006528484462162851</mytracks:length></extensions></trkpt><trkpt lat="33.59383917107203" lon="130.3569994972933"><ele>4.900777871165579</ele><time>2026-02-28T14:49:27.99200Z</time><extensions><mytracks:speed>4.148027684483401</mytracks:speed><mytracks:length>0.005763753291771865</mytracks:length></extensions></trkpt><trkpt lat="33.59379094599593" lon="130.3570250079875"><ele>4.928868701687358</ele><time>2026-02-28T14:49:32.99400Z</time><extensions><mytracks:speed>4.217646810678346</mytracks:speed><mytracks:gradient>0.00479373888044137</mytracks:gradient><mytracks:length>0.005859900011740644</mytracks:length></extensions></trkpt><trkpt lat="33.59373980092303" lon="130.3570487133752"><ele>4.663083888653941</ele><time>2026-02-28T14:49:37.99500Z</time><extensions><mytracks:speed>4.387811972784398</mytracks:speed><mytracks:length>0.006095851591694568</mytracks:length></extensions></trkpt><trkpt lat="33.59368926943197" lon="130.3570712662116"><ele>4.743349222426317</ele><time>2026-02-28T14:49:42.99600Z</time><extensions><mytracks:speed>4.315102798981439</mytracks:speed><mytracks:gradient>0.0133898952754648</mytracks:gradient><mytracks:length>0.005994470615423804</mytracks:length></extensions></trkpt><trkpt lat="33.59364311365206" lon="130.3571007452501"><ele>4.865859202609267</ele><time>2026-02-28T14:49:47.99700Z</time><extensions><mytracks:speed>4.184531653702361</mytracks:speed><mytracks:gradient>0.02107589525870196</mytracks:gradient><mytracks:length>0.005812800769749845</mytracks:length></extensions></trkpt><trkpt lat="33.59359665690134" lon="130.3571210493292"><ele>4.589499749691414</ele><time>2026-02-28T14:49:52.99700Z</time><extensions><mytracks:speed>3.956924452316309</mytracks:speed><mytracks:length>0.005496417615251417</mytracks:length></extensions></trkpt><trkpt lat="33.59354880933004" lon="130.357148257792"><ele>5.232830763843297</ele><time>2026-02-28T14:49:57.99800Z</time><extensions><mytracks:speed>4.237507075885949</mytracks:speed><mytracks:gradient>0.1092987213626748</mytracks:gradient><mytracks:length>0.005885988473892421</mytracks:length></extensions></trkpt><trkpt lat="33.59350344971197" lon="130.3571779153604"><ele>5.342149441690917</ele><time>2026-02-28T14:50:02.99800Z</time><extensions><mytracks:speed>4.134942230776272</mytracks:speed><mytracks:gradient>0.01903382666322835</mytracks:gradient><mytracks:length>0.005743389376284158</mytracks:length></extensions></trkpt><trkpt lat="33.59345937661573" lon="130.3572071834331"><ele>5.679197479991591</ele><time>2026-02-28T14:50:07.99900Z</time><extensions><mytracks:speed>4.032634649488231</mytracks:speed><mytracks:gradient>0.06017444235874419</mytracks:gradient><mytracks:length>0.005601182579994382</mytracks:length></extensions></trkpt><trkpt lat="33.59341404627972" lon="130.3572350987234"><ele>5.610241111124446</ele><time>2026-02-28T14:50:12.99900Z</time><extensions><mytracks:speed>4.078767994422842</mytracks:speed><mytracks:length>0.005665179887560864</mytracks:length></extensions></trkpt><trkpt lat="33.59336745574818" lon="130.3572615391835"><ele>5.627391047892046</ele><time>2026-02-28T14:50:17.99900Z</time><extensions><mytracks:speed>4.125508523055853</mytracks:speed><mytracks:gradient>0.002992989682158595</mytracks:gradient><mytracks:length>0.005730035378949725</mytracks:length></extensions></trkpt><trkpt lat="33.59332071526158" lon="130.3572884800362"><ele>5.577553183578526</ele><time>2026-02-28T14:50:22.99900Z</time><extensions><mytracks:speed>4.150382534948321</mytracks:speed><mytracks:length>0.00576453508265939</mytracks:length></extensions></trkpt><trkpt lat="33.59327089060049" lon="130.3573020433408"><ele>5.613504318249126</ele><time>2026-02-28T14:50:27.99900Z</time><extensions><mytracks:speed>4.089171517791872</mytracks:speed><mytracks:gradient>0.006330004735185638</mytracks:gradient><mytracks:length>0.005679479901612668</mytracks:length></extensions></trkpt><trkpt lat="33.59322528309619" lon="130.3573130649204"><ele>5.87215679539096</ele><time>2026-02-28T14:50:32.99900Z</time><extensions><mytracks:speed>3.72444730422328</mytracks:speed><mytracks:gradient>0.05000159123781512</mytracks:gradient><mytracks:length>0.005172884917034818</mytracks:length></extensions></trkpt><trkpt lat="33.59317796934089" lon="130.3573175629143"><ele>5.610370035581818</ele><time>2026-02-28T14:50:37.99900Z</time><extensions><mytracks:speed>3.799598016629735</mytracks:speed><mytracks:length>0.005277241359998005</mytracks:length></extensions></trkpt><trkpt lat="33.59314300037629" lon="130.3572764030662"><ele>5.676919552830793</ele><time>2026-02-28T14:50:42.99900Z</time><extensions><mytracks:speed>3.920647345393484</mytracks:speed><mytracks:gradient>0.01222135171296756</mytracks:gradient><mytracks:length>0.005445348338871682</mytracks:length></extensions></trkpt><trkpt lat="33.59312657370219" lon="130.3572287509846"><ele>5.455431846049978</ele><time>2026-02-28T14:50:47.99900Z</time><extensions><mytracks:speed>3.4394791081509</mytracks:speed><mytracks:length>0.004777047597139085</mytracks:length></extensions></trkpt><trkpt lat="33.59311389247782" lon="130.3572020440843"><ele>5.173997449607294</ele><time>2026-02-28T14:50:52.99900Z</time><extensions><mytracks:speed>2.049469981023129</mytracks:speed><mytracks:length>0.002846476244254413</mytracks:length></extensions></trkpt><trkpt lat="33.59309873902541" lon="130.3571398926177"><ele>5.004151977810237</ele><time>2026-02-28T14:50:57.99900Z</time><extensions><mytracks:speed>4.318203834017991</mytracks:speed><mytracks:length>0.005997476869682702</mytracks:length></extensions></trkpt><trkpt lat="33.59307890001547" lon="130.3570905769865"><ele>4.777426121151315</ele><time>2026-02-28T14:51:02.99900Z</time><extensions><mytracks:speed>3.652294739229349</mytracks:speed><mytracks:length>0.005072601830786476</mytracks:length></extensions></trkpt><trkpt lat="33.5930619266496" lon="130.3570382017244"><ele>4.891291906601317</ele><time>2026-02-28T14:51:07.99900Z</time><extensions><mytracks:speed>3.748261028911725</mytracks:speed><mytracks:gradient>0.02187251960130124</mytracks:gradient><mytracks:length>0.005205883342458062</mytracks:length></extensions></trkpt><trkpt lat="33.5930399860701" lon="130.356983458707"><ele>4.827462125210508</ele><time>2026-02-28T14:51:12.99900Z</time><extensions><mytracks:speed>4.050799040596041</mytracks:speed><mytracks:length>0.005626067927889715</mytracks:length></extensions></trkpt><trkpt lat="33.59301815463543" lon="130.3569248742334"><ele>4.729461855870795</ele><time>2026-02-28T14:51:18.49900Z</time><extensions><mytracks:speed>3.890930288289089</mytracks:speed><mytracks:length>0.005944647932921374</mytracks:length></extensions></trkpt><trkpt lat="33.59299998570322" lon="130.3568733222593"><ele>4.743884494721105</ele><time>2026-02-28T14:51:23.50000Z</time><extensions><mytracks:speed>3.732199880781869</mytracks:speed><mytracks:gradient>0.002782038855738761</mytracks:gradient><mytracks:length>0.005184197489031928</mytracks:length></extensions></trkpt><trkpt lat="33.59298302948339" lon="130.3568207802511"><ele>4.75165953284881</ele><time>2026-02-28T14:51:28.50000Z</time><extensions><mytracks:speed>3.758175988212424</mytracks:speed><mytracks:gradient>0.001489552229990674</mytracks:gradient><mytracks:length>0.005219715006404147</mytracks:length></extensions></trkpt><trkpt lat="33.59296209514641" lon="130.3567669846451"><ele>4.820489430238511</ele><time>2026-02-28T14:51:33.50000Z</time><extensions><mytracks:speed>3.959746749683807</mytracks:speed><mytracks:gradient>0.01251521826867294</mytracks:gradient><mytracks:length>0.005499696122918578</mytracks:length></extensions></trkpt><trkpt lat="33.5929407842297" lon="130.3567096402232"><ele>4.782018330705131</ele><time>2026-02-28T14:51:39.00000Z</time><extensions><mytracks:speed>3.80626242300845</mytracks:speed><mytracks:length>0.005815126045169106</mytracks:length></extensions></trkpt><trkpt lat="33.59292777136414" lon="130.3566567998199"><ele>4.833591124298196</ele><time>2026-02-28T14:51:44.00000Z</time><extensions><mytracks:speed>3.673962860269747</mytracks:speed><mytracks:gradient>0.01010692791334452</mytracks:gradient><mytracks:length>0.005102717070433626</mytracks:length></extensions></trkpt><trkpt lat="33.59291203147204" lon="130.3566032455286"><ele>5.03358051473777</ele><time>2026-02-28T14:51:49.00000Z</time><extensions><mytracks:speed>3.787311509155013</mytracks:speed><mytracks:gradient>0.03801981953651532</mytracks:gradient><mytracks:length>0.005260135184163588</mytracks:length></extensions></trkpt><trkpt lat="33.59289220850333" lon="130.3565520341498"><ele>4.920190600073544</ele><time>2026-02-28T14:51:54.00000Z</time><extensions><mytracks:speed>3.765665922008964</mytracks:speed><mytracks:length>0.005230064748899328</mytracks:length></extensions></trkpt><trkpt lat="33.59287000654795" lon="130.3565017415699"><ele>4.777824800708702</ele><time>2026-02-28T14:51:59.00000Z</time><extensions><mytracks:speed>3.795330915208041</mytracks:speed><mytracks:length>0.005271260513015301</mytracks:length></extensions></trkpt><trkpt lat="33.59284269984915" lon="130.3564607915356"><ele>4.808659555041885</ele><time>2026-02-28T14:52:04.00000Z</time><extensions><mytracks:speed>3.498089564008873</mytracks:speed><mytracks:gradient>0.006346656967576833</mytracks:gradient><mytracks:length>0.004858424599077683</mytracks:length></extensions></trkpt><trkpt lat="33.59282681576325" lon="130.3564068431476"><ele>4.545532060337828</ele><time>2026-02-28T14:52:09.00000Z</time><extensions><mytracks:speed>3.815593651806921</mytracks:speed><mytracks:length>0.005299396838553503</mytracks:length></extensions></trkpt><trkpt lat="33.5928250373177" lon="130.3563498993605"><ele>4.513427189390896</ele><time>2026-02-28T14:52:14.00000Z</time><extensions><mytracks:speed>3.800257909787417</mytracks:speed><mytracks:length>0.005278095213471759</mytracks:length></extensions></trkpt><trkpt lat="33.59280326344403" lon="130.3562999975615"><ele>4.532968560685836</ele><time>2026-02-28T14:52:18.99900Z</time><extensions><mytracks:speed>3.756981495189614</mytracks:speed><mytracks:gradient>0.003745001156495189</mytracks:gradient><mytracks:length>0.005217988053501162</mytracks:length></extensions></trkpt><trkpt lat="33.59278171869745" lon="130.3562469515301"><ele>4.70965793070106</ele><time>2026-02-28T14:52:23.99900Z</time><extensions><mytracks:speed>3.935551261939486</mytracks:speed><mytracks:gradient>0.03232517897217573</mytracks:gradient><mytracks:length>0.005465998198101602</mytracks:length></extensions></trkpt><trkpt lat="33.59276807004841" lon="130.356193139078"><ele>4.836691461882066</ele><time>2026-02-28T14:52:28.99900Z</time><extensions><mytracks:speed>3.752005052132761</mytracks:speed><mytracks:gradient>0.02437760786641104</mytracks:gradient><mytracks:length>0.005211074518761144</mytracks:length></extensions></trkpt><trkpt lat="33.59275317008354" lon="130.3561439607554"><ele>4.855058252925628</ele><time>2026-02-28T14:52:33.99900Z</time><extensions><mytracks:speed>3.488733165735995</mytracks:speed><mytracks:gradient>0.003790545407435497</mytracks:gradient><mytracks:length>0.004845421718872839</mytracks:length></extensions></trkpt><trkpt lat="33.59273432913418" lon="130.3560939774468"><ele>5.007262852118001</ele><time>2026-02-28T14:52:38.99900Z</time><extensions><mytracks:speed>3.658056833855864</mytracks:speed><mytracks:gradient>0.0299580506808328</mytracks:gradient><mytracks:length>0.005080590884030849</mytracks:length></extensions></trkpt><trkpt lat="33.59272459763059" lon="130.3560384172273"><ele>5.221993485201733</ele><time>2026-02-28T14:52:43.99900Z</time><extensions><mytracks:speed>3.786096251400436</mytracks:speed><mytracks:gradient>0.04083556878074306</mytracks:gradient><mytracks:length>0.005258421505934638</mytracks:length></extensions></trkpt><trkpt lat="33.59270522681493" lon="130.3559869623413"><ele>5.370216736670349</ele><time>2026-02-28T14:52:48.99900Z</time><extensions><mytracks:speed>3.765679030070674</mytracks:speed><mytracks:gradient>0.02834061499904169</mytracks:gradient><mytracks:length>0.005230064748899328</mytracks:length></extensions></trkpt><trkpt lat="33.59268312365198" lon="130.3559376285483"><ele>5.332573989377033</ele><time>2026-02-28T14:52:53.99900Z</time><extensions><mytracks:speed>3.735157292934838</mytracks:speed><mytracks:length>0.005187673317440539</mytracks:length></extensions></trkpt><trkpt lat="33.59265628578855" lon="130.3558940651609"><ele>5.034251641650269</ele><time>2026-02-28T14:52:58.99900Z</time><extensions><mytracks:speed>3.613723159499487</mytracks:speed><mytracks:length>0.005019016505821097</mytracks:length></extensions></trkpt><trkpt lat="33.59262823622461" lon="130.3558689751445"><ele>4.74034218708127</ele><time>2026-02-28T14:53:03.99900Z</time><extensions><mytracks:speed>2.800013045098754</mytracks:speed><mytracks:length>0.003888872422981031</mytracks:length></extensions></trkpt><trkpt lat="33.59262684597429" lon="130.355867761556"><ele>4.759374157234144</ele><time>2026-02-28T14:53:08.99900Z</time><extensions><mytracks:speed>0.1367080057046428</mytracks:speed><mytracks:gradient>0.1002365324628248</mytracks:gradient><mytracks:length>0.0001898705959320068</mytracks:length></extensions></trkpt><trkpt lat="33.59262653117285" lon="130.3558666868725"><ele>4.704445946166278</ele><time>2026-02-28T14:53:13.99900Z</time><extensions><mytracks:speed>0.06835401914932976</mytracks:speed><mytracks:length>9.493529796600342e-05</mytracks:length></extensions></trkpt><trkpt lat="33.5926189892997" lon="130.3558628746866"><ele>4.682200032299898</ele><time>2026-02-28T14:53:18.99900Z</time><extensions><mytracks:speed>0.6520556444923032</mytracks:speed><mytracks:length>0.0009056250232796916</mytracks:length></extensions></trkpt><trkpt lat="33.59261217097936" lon="130.3558595885997"><ele>4.724201882249567</ele><time>2026-02-28T14:53:24.49900Z</time><extensions><mytracks:speed>0.5309056570521912</mytracks:speed><mytracks:gradient>0.05178205375443586</mytracks:gradient><mytracks:length>0.0008111275413843697</mytracks:length></extensions></trkpt><trkpt lat="33.59261095604879" lon="130.3558634417629"><ele>4.810036169766898</ele><time>2026-02-28T14:53:31.00000Z</time><extensions><mytracks:speed>0.2036215224033261</mytracks:speed><mytracks:gradient>0.2334465495347142</mytracks:gradient><mytracks:length>0.0003676828279895702</mytracks:length></extensions></trkpt><trkpt lat="33.59261290947749" lon="130.35587296005"><ele>4.962280524894595</ele><time>2026-02-28T14:53:42.00000Z</time><extensions><mytracks:speed>0.2963853402065032</mytracks:speed><mytracks:gradient>0.1681097045842986</mytracks:gradient><mytracks:length>0.0009056250232796916</mytracks:length></extensions></trkpt><trkpt lat="33.59259558895285" lon="130.3558672304921"><ele>4.793558079877735</ele><time>2026-02-28T14:53:47.00000Z</time><extensions><mytracks:speed>1.438675348750193</mytracks:speed><mytracks:length>0.001998156871807869</mytracks:length></extensions></trkpt><trkpt lat="33.59254546719943" lon="130.355859043741"><ele>4.542904086962792</ele><time>2026-02-28T14:53:52.00000Z</time><extensions><mytracks:speed>4.050205778605363</mytracks:speed><mytracks:length>0.005625266893084218</mytracks:length></extensions></trkpt><trkpt lat="33.59249385501057" lon="130.3558459321882"><ele>4.510976816304598</ele><time>2026-02-28T14:53:57.16600Z</time><extensions><mytracks:speed>4.08733322157205</mytracks:speed><mytracks:length>0.005866048911660826</mytracks:length></extensions></trkpt><trkpt lat="33.59232859757741" lon="130.3557950613852"><ele>5.176609697751701</ele><time>2026-02-28T14:54:14.00000Z</time><extensions><mytracks:speed>4.057017769094576</mytracks:speed><mytracks:gradient>0.03508834082280145</mytracks:gradient><mytracks:length>0.01897020109353687</mytracks:length></extensions></trkpt><trkpt lat="33.59228701411067" lon="130.3558081780959"><ele>4.859508724463415</ele><time>2026-02-28T14:54:19.00000Z</time><extensions><mytracks:speed>3.442214622757586</mytracks:speed><mytracks:length>0.004780819447388897</mytracks:length></extensions></trkpt><trkpt lat="33.59224804165255" lon="130.3558235834635"><ele>4.554947119744489</ele><time>2026-02-28T14:54:24.00000Z</time><extensions><mytracks:speed>3.285256784735934</mytracks:speed><mytracks:length>0.004562823900585654</mytracks:length></extensions></trkpt><trkpt lat="33.59220743224441" lon="130.3558454548522"><ele>4.741938139304569</ele><time>2026-02-28T14:54:28.99900Z</time><extensions><mytracks:speed>3.564249949886839</mytracks:speed><mytracks:gradient>0.03777360442626723</mytracks:gradient><mytracks:length>0.004950309148418169</mytracks:length></extensions></trkpt><trkpt lat="33.59216633107425" lon="130.3558772428325"><ele>5.108398905238621</ele><time>2026-02-28T14:54:33.99900Z</time><extensions><mytracks:speed>3.915313850635298</mytracks:speed><mytracks:gradient>0.06739018552224273</mytracks:gradient><mytracks:length>0.005437895193404662</mytracks:length></extensions></trkpt><trkpt lat="33.59212384422277" lon="130.3559002915799"><ele>5.262320833601929</ele><time>2026-02-28T14:54:38.99900Z</time><extensions><mytracks:speed>3.73265111493768</mytracks:speed><mytracks:gradient>0.02969059891891776</mytracks:gradient><mytracks:length>0.005184197489031928</mytracks:length></extensions></trkpt><trkpt lat="33.59208265255645" lon="130.3559203524052"><ele>4.964491060503028</ele><time>2026-02-28T14:54:43.99900Z</time><extensions><mytracks:speed>3.55834598494582</mytracks:speed><mytracks:length>0.004942109495722809</mytracks:length></extensions></trkpt><trkpt lat="33.592039975472" lon="130.3559440784372"><ele>4.797076643872237</ele><time>2026-02-28T14:54:48.99900Z</time><extensions><mytracks:speed>3.765055641201574</mytracks:speed><mytracks:length>0.005229203052749002</mytracks:length></extensions></trkpt><trkpt lat="33.59199575253945" lon="130.3559724709148"><ele>5.015485379431909</ele><time>2026-02-28T14:54:53.99900Z</time><extensions><mytracks:speed>4.01546678962504</mytracks:speed><mytracks:gradient>0.03916244582605414</mytracks:gradient><mytracks:length>0.005576994259494595</mytracks:length></extensions></trkpt><trkpt lat="33.59195072271125" lon="130.3560015523292"><ele>5.262865642456203</ele><time>2026-02-28T14:54:58.99900Z</time><extensions><mytracks:speed>4.094396819939895</mytracks:speed><mytracks:gradient>0.04350218910393497</mytracks:gradient><mytracks:length>0.005686616423675971</mytracks:length></extensions></trkpt><trkpt lat="33.59190629192507" lon="130.356032958072"><ele>4.994568596315803</ele><time>2026-02-28T14:55:03.99900Z</time><extensions><mytracks:speed>4.127921895961359</mytracks:speed><mytracks:length>0.005733180294323134</mytracks:length></extensions></trkpt><trkpt lat="33.59186091417678" lon="130.3560456090305"><ele>5.498357040077914</ele><time>2026-02-28T14:55:08.99900Z</time><extensions><mytracks:speed>3.730147264718272</mytracks:speed><mytracks:gradient>0.09724295253317887</mytracks:gradient><mytracks:length>0.005180719328634333</mytracks:length></extensions></trkpt><trkpt lat="33.59183033639474" lon="130.3560221123532"><ele>5.758968606964944</ele><time>2026-02-28T14:55:13.99900Z</time><extensions><mytracks:speed>2.906449920648438</mytracks:speed><mytracks:gradient>0.06456048086575941</mytracks:gradient><mytracks:length>0.004036704240616177</mytracks:length></extensions></trkpt><trkpt lat="33.59181565416866" lon="130.3559888526692"><ele>5.67790908226002</ele><time>2026-02-28T14:55:18.99900Z</time><extensions><mytracks:speed>2.510554045363465</mytracks:speed><mytracks:length>0.00348685343383646</mytracks:length></extensions></trkpt><trkpt lat="33.59177220230295" lon="130.355960581825"><ele>5.131879020661811</ele><time>2026-02-28T14:55:23.99900Z</time><extensions><mytracks:speed>3.956860236997988</mytracks:speed><mytracks:length>0.005495597682731713</mytracks:length></extensions></trkpt><trkpt lat="33.59172884516919" lon="130.3559110551459"><ele>4.847851883024645</ele><time>2026-02-28T14:55:28.99900Z</time><extensions><mytracks:speed>4.791121096652572</mytracks:speed><mytracks:length>0.006654280438926701</mytracks:length></extensions></trkpt><trkpt lat="33.5917133254218" lon="130.3558400770835"><ele>4.835794030827325</ele><time>2026-02-28T14:55:34.50000Z</time><extensions><mytracks:speed>4.448313004941197</mytracks:speed><mytracks:length>0.006796996068871916</mytracks:length></extensions></trkpt><trkpt lat="33.59169601305376" lon="130.3557943839841"><ele>5.101666345423739</ele><time>2026-02-28T14:55:39.50000Z</time><extensions><mytracks:speed>3.347907766137736</mytracks:speed><mytracks:gradient>0.05717817303479834</mytracks:gradient><mytracks:length>0.004649891741637251</mytracks:length></extensions></trkpt><trkpt lat="33.59167614064121" lon="130.3557463387729"><ele>5.130374393541928</ele><time>2026-02-28T14:55:44.50000Z</time><extensions><mytracks:speed>3.577288555390989</mytracks:speed><mytracks:gradient>0.005778031851171153</mytracks:gradient><mytracks:length>0.004968482150608021</mytracks:length></extensions></trkpt><trkpt lat="33.59163882258327" lon="130.3557066242121"><ele>5.371847064674623</ele><time>2026-02-28T14:55:50.00000Z</time><extensions><mytracks:speed>3.629181199136128</mytracks:speed><mytracks:gradient>0.04355112807413267</mytracks:gradient><mytracks:length>0.005544579022652655</mytracks:length></extensions></trkpt><trkpt lat="33.59163449155469" lon="130.3556566099344"><ele>6.198243818877228</ele><time>2026-02-28T14:55:55.00000Z</time><extensions><mytracks:speed>3.353511277233242</mytracks:speed><mytracks:gradient>0.1774282789011211</mytracks:gradient><mytracks:length>0.004657638338830685</mytracks:length></extensions></trkpt><trkpt lat="33.59161460284075" lon="130.3556245436768"><ele>6.796632038468629</ele><time>2026-02-28T14:56:00.00000Z</time><extensions><mytracks:speed>2.667547263032006</mytracks:speed><mytracks:gradient>0.161512212171868</mytracks:gradient><mytracks:length>0.003704910059399381</mytracks:length></extensions></trkpt><trkpt lat="33.59159565356921" lon="130.3555945806919"><ele>7.178969277476604</ele><time>2026-02-28T14:56:05.00000Z</time><extensions><mytracks:speed>2.50961712596602</mytracks:speed><mytracks:gradient>0.109691742557396</mytracks:gradient><mytracks:length>0.003485560809720182</mytracks:length></extensions></trkpt><trkpt lat="33.59161962411381" lon="130.3555774489102"><ele>7.432174876698744</ele><time>2026-02-28T14:56:10.00000Z</time><extensions><mytracks:speed>2.232774787103932</mytracks:speed><mytracks:gradient>0.08165135150236681</mytracks:gradient><mytracks:length>0.00310105827476475</mytracks:length></extensions></trkpt><trkpt lat="33.59160670866692" lon="130.3555941852133"><ele>7.492646450730585</ele><time>2026-02-28T14:56:15.00000Z</time><extensions><mytracks:speed>1.519240161734926</mytracks:speed><mytracks:gradient>0.02865893720301258</mytracks:gradient><mytracks:length>0.002110042448660122</mytracks:length></extensions></trkpt><trkpt lat="33.59155139773036" lon="130.3556207480601"><ele>11.0267220203662</ele><time>2026-02-28T14:56:26.81800Z</time><extensions><mytracks:speed>2.017835428000701</mytracks:speed><mytracks:gradient>0.5334923874765759</mytracks:gradient><mytracks:length>0.006624416116510732</mytracks:length></extensions></trkpt><trkpt lat="33.59168891591224" lon="130.3557048249032"><ele>27.40118871536106</ele><time>2026-02-28T14:57:03.99900Z</time><extensions><mytracks:speed>1.66148273723061</mytracks:speed><mytracks:gradient>0.9542267481504733</mytracks:gradient><mytracks:length>0.01715993261217275</mytracks:length></extensions></trkpt></trkseg></trk></gpx>

