445.33603131277283,5672.051324760956
445.7543612383779,5673.351344500338
508.332376089475,5647.528761499501
515.9032490608606,5644.410247516677
588.4908398519875,5614.567542519411
729.915160755677,5556.574251414431
883.4546020612715,5492.965226646698
895.7056733953465,5487.921893771773
940.0686819692598,5469.683096613845
1006.8137779432524,5442.350150910564
1009.7171964994144,5441.161386791248
1006.8176386567566,5405.992856652103
1006.6070451759877,5403.447600302568
1006.3480830647793,5403.207763201711
944.2631471263775,5347.0719645428
914.806212985117,5320.345869411311
880.8088485276652,5289.503477749137
816.2520730186754,5230.874936284353
731.3870184022359,5153.706398415394
743.5801663822405,5113.8805103021
740.0188359648405,5112.512200292724
758.0225753932971,5054.575484773346
754.4719399139684,5053.2970490027155
739.4574169377738,5102.372323787638
739.0280849705758,5103.789201466461
736.6587853216,5111.541627954548
734.437503609816,5110.9529048944805
721.0156252400176,5153.4568169946615
719.2258789357095,5154.227183974376
718.7835129472647,5154.414987946284
717.6446810471114,5154.916566508498
716.0754515562611,5155.616025397582
716.6555865378581,5157.055026175396
715.8055976087311,5157.436622263674
715.3153898526326,5156.07563624774
708.7353382171594,5158.965026802145
632.1149863726171,5190.566389414761
524.9638994836597,5235.088318801603
505.8416291972977,5217.715650916441
426.01567523818176,5144.4483185429335
373.572833212863,5095.942338219149
331.578616871407,5059.286632518246
331.07038616724674,5058.187421390161
332.3889982081922,5057.576871015175
331.89872013733043,5056.5045941548715
331.36771584229945,5055.3773512432745
330.3584856366972,5053.164863937101
318.80947272834976,5027.001991245737
414.2389239041427,4987.8723422076355
426.45931023045176,4982.8593294947295
515.8896888146054,4946.518472077048
831.9844864531271,4817.323143698983
850.7558280014799,4834.197855146294
854.4280999168783,4829.437609066321
835.8054475279504,4812.683706062312
862.4583492443011,4780.251071155562
874.891162521939,4790.94357925961
875.1503080660307,4788.5123906606295
875.6000218983046,4786.382876751609
877.6203449299551,4782.911612822592
888.721271509333,4768.122970035087
921.9247458592052,4796.605101528877
875.3198483767308,4848.228143190851
861.5087166772975,4835.806665951857
857.8364436732289,4840.567009096789
967.1653890583525,4938.900194758534
1006.8633918899778,4975.107673964572
1015.9479259356008,4983.39384041099
1020.8695890103394,4987.875234779516
1135.2087826518666,5092.188700335091
1239.0771611974485,5186.472082800568
1241.006018650959,5185.551003424066
1240.6178292650666,5184.521686879314
1246.1274651398378,5182.332002225401
1246.6080501415383,5183.592063037598
1303.0522354894463,5160.300116606076
1431.1581484938688,5107.809668882605
1515.9974095261782,5073.085382245761
1586.765344964286,5044.134371873451
1723.5696611870485,4987.892890191026
1743.481250538768,4979.713379499687
1777.0671204556618,4965.891363373385
1846.4628613013347,4937.33267553331
2016.0617850226618,4867.659463036447
2018.972655069874,4866.467917947105
2094.021392279358,4835.55794736361
2060.160952770491,4751.878694023297
2058.9105366071635,4752.378091980882
2056.9706713532137,4747.709966729632
2058.1383484516905,4747.367364368872
2056.2500333064017,4743.007092325721
2016.0663095971233,4733.385243013373
1953.5586215006008,4718.422782772889
1879.513108570947,4699.81890558088
1879.2430542022291,4701.038947147612
1874.1628131064015,4699.867823995266
1874.311695166415,4698.548802057727
1871.2512536984427,4698.067481836667
1860.4018361274482,4657.2551594341085
1862.972181404595,4656.584117805771
1861.7024779492813,4651.5833844243525
1859.0625449702577,4652.322445190731
1842.5225448268066,4591.857833732444
1841.165194622314,4586.940082132357
1839.7408109591709,4581.775425873718
1843.581930481364,4580.795886018631
1843.3125142361446,4579.594592381828
1848.5527402651219,4578.264590374266
1848.842590221592,4579.536813454185
1982.3265121907273,4543.905894062838
1982.9481893937696,4546.28735854134
1987.6286063189264,4545.025249089945
1987.0080849286965,4542.6867786484245
2016.060625651289,4534.906387045349
2033.3532847384984,4530.267313257125
2068.5666474660807,4538.526202164365
2068.6050476638475,4538.5381810522185
2069.1263099805938,4539.308796901211
2068.995545201044,4539.74639047853
2068.6452698230237,4540.867552377584
2073.837171400731,4541.817947779469
2073.9547049662388,4541.448284052287
2074.4560875117127,4539.99736768439
2076.44628357368,4539.316381485276
2083.78866922428,4540.978800645279
2128.6603963391344,4551.159511311127
2206.278100643224,4568.755847330078
2208.630018202002,4569.2830972955435
2231.388427208651,4675.295431114062
2213.944098884993,4780.9348638664105
2213.9045282437064,4780.956800585833
2196.563552323371,4788.365613687875
2196.953053359633,4789.09610511147
2192.70178539448,4790.773887190268
2192.5902671302097,4790.644978820877
2192.1936308242616,4790.216143033778
2177.1102983468877,4796.316337883571
2171.1386839808542,4798.737303792495
2171.04873820767,4798.777384453461
2171.500420594402,4799.846654788857
2172.5499926936627,4802.355118075757
2172.7501154594624,4802.856728703355
2172.8879391187093,4803.177570210444
2176.8298075153284,4801.566643380322
2223.8145453931133,4782.305203442108
2224.0462847377553,4780.894232749433
2241.740031927168,4675.5047620295845
2240.9808030609315,4671.964102464691
2238.99892201329,4662.843097488546
2229.7710023989484,4620.320948181
2227.0191381803056,4607.657290525215
2226.4286865828135,4604.96697781175
2221.9797927659547,4605.748307787914
2221.9283767437473,4605.236755665188
2221.7489620464044,4603.618798561044
2212.5902001769437,4561.944098681927
2260.072962975018,4580.606153827383
2264.414818696934,4581.876263419212
2270.065512860059,4583.877188857546
2276.116457293865,4586.4978874213775
2284.16682710409,4590.157214086619
2291.785573219547,4593.316774017026
2299.307520882774,4595.950810939921
2306.3884463334216,4597.779130843937
2315.839226057888,4599.800061288677
2318.5496581868,4600.240340545592
2329.9415797041956,4601.29144951682
2335.8611994661546,4601.739604979945
2343.122356408062,4601.75037349232
2350.253019616069,4601.391425776747
2356.4833715281684,4600.749356531495
2361.5450300055027,4599.410615574736
2364.9031817373248,4598.391165074233
2370.2945935778894,4596.3708898310715
2376.265367957639,4593.701262481722
2382.915946967082,4590.600172746694
2387.835263441635,4588.121118635842
2389.2368887186767,4587.410023827388
2394.6274988541827,4584.330571046319
2399.4677756581436,4581.508747250973
2403.8789383062326,4578.508955269391
2406.6188738208857,4576.0294587104745
2409.10827488243,4573.239064920898
2411.850449243337,4571.119284465876
2415.2197712825414,4568.729729318064
2417.5206534407675,4567.247467674766
2419.5205991476705,4566.219710188634
2421.2518497296205,4565.359771036373
2422.489409032403,4563.949062378027
2423.9995326842973,4560.569872167122
2424.9402717803314,4557.168490948341
2425.7525048114503,4554.7373870544825
2427.311716801823,4551.83882617637
2428.8805229066297,4548.807395300125
2430.4707792256318,4546.086704821951
2432.340633876748,4542.827512855839
2432.621301957714,4542.327915537526
2433.6719626779977,4540.436444511055
2434.0924684472384,4541.136029520384
2435.663990147165,4541.787030388479
2437.3326762957613,4542.138195058136
2438.772431311785,4542.206597493491
2439.9821752414205,4541.667237805672
2440.7244300658795,4540.827098529673
2441.0939511306574,4539.704858008427
2441.0631424082453,4538.296917932072
2440.892002836469,4537.28666213161
2440.3323440618974,4536.285184522161
2439.203333819425,4535.446459315356
2439.6529843439025,4534.974936619484
2440.733406434955,4533.725093674608
2441.912228467819,4532.545203946715
2442.6448548070152,4531.654985706308
2442.8033496130743,4530.767712049886
2442.814398609854,4529.824338520439
2442.863887001649,4528.416419135023
2443.523477614126,4527.736065196827
2443.8725146491706,4526.755769882557
2443.863035568048,4526.445032810507
2443.8323130004815,4524.7042126923225
2443.6841057755046,4523.086359360244
2442.6834366300195,4521.923864374546
2441.5530097188016,4521.416023528214
2440.5628259192117,4521.174862130505
2439.9023318538857,4521.165714350024
2440.583755341198,4519.30527252609
2441.6237754685985,4516.464438089546
2442.502203404116,4512.983239354481
2443.494706285955,4508.743338954151
2444.5639976027564,4504.5746830337175
2445.5337860269806,4500.103945617307
2446.135536420294,4495.834218074779
2446.692896774883,4491.25264723488
2447.0737261045424,4487.8720725706735
2447.2540025518897,4486.332212106695
2447.8151009007606,4481.442800629781
2448.6354585717336,4475.601201699484
2449.366917161532,4470.240096336811
2450.695636378487,4463.849980361796
2451.6573472783243,4458.498012391054
2451.7856738273235,4457.91847315387
2452.7748274442183,4453.168030771719
2454.4868391320033,4448.047088591076
2455.817690592405,4442.757164081156
2456.797394658617,4437.276318917153
2457.266264328504,4431.946170042568
2457.6682764316033,4425.755722997372
2458.207233000272,4418.453949086197
2458.3886836579436,4412.075607739732
2458.287352250749,4405.353240432918
2458.2688916680513,4398.004437807278
2458.3124820333237,4396.2726151106735
2458.4371889493245,4391.383191590688
2458.3695069117534,4384.401073077887
2458.027539657496,4376.679504884833
2457.2693646026387,4369.290509490308
2456.729276872554,4362.339192694471
2455.898961368679,4355.859638563837
2454.1199046228685,4346.316884269846
2452.858361900826,4338.447143296817
2451.28980433603,4331.347725463479
2449.640689748309,4324.596030527497
2447.270148755943,4317.133799710132
2444.339748376931,4309.383434745021
2441.5198196516562,4300.974621325806
2438.518818171498,4292.971562638235
2435.6398352894535,4285.632001901692
2433.699408662797,4279.290025916359
2431.239878216496,4272.560072790174
2430.598368056086,4268.468786800915
2430.7275757368657,4264.780505994661
2431.3289007519893,4261.877711447488
2432.4804664817584,4259.169878078164
2433.8393754730473,4256.677966253988
2435.418957376751,4254.287062581528
2436.1411172389444,4252.478603580876
2436.4295086893303,4249.776534378044
2446.050020021017,4245.985654812533
2444.3704196846284,4241.336573941784
2434.489580037109,4245.677932111698
2431.4883373600805,4243.387802339147
2429.129438290259,4241.6154627845335
2427.429751687017,4240.385855848206
2426.2696612654804,4239.045560221342
2423.758654321578,4236.567621286876
2420.869129684792,4232.964458221395
2417.9089857966355,4229.205262412738
2415.876669574981,4225.195621325362
2414.0376313126358,4220.484557989824
2411.7588398858616,4214.85494587174
2409.408232884729,4209.194292537863
2406.9268394178443,4203.3108554175515
2404.5688201038765,4198.0110126096215
2401.7280903925434,4191.050140026471
2398.666873005471,4183.891499704649
2395.6258838348786,4176.930578467917
2392.498681232004,4169.997767233025
2389.5165490214295,4162.65709854431
2386.3268983859443,4155.437480323328
2382.5571294109263,4148.115668973507
2378.455311472843,4140.606038475079
2374.595662403214,4132.985443973904
2370.866753024969,4125.4138631294445
2365.3564039045696,4117.293091502732
2362.2669811449914,4112.033079026044
2359.7253127457493,4107.632586543733
2355.5352748789837,4098.061323756871
2353.9345175239796,4094.3115639054927
2352.846723271204,4091.2794637320417
2351.58624186516,4088.0404306141045
2350.2546931210723,4086.450217745801
2351.3662712131418,4085.760991928078
2352.254776621325,4084.9109071059693
2352.635049446852,4084.0385508981894
2352.7767821518096,4083.028275200003
2352.7565744292315,4082.389743361555
2352.466669740356,4081.549242092192
2351.4646430740904,4080.5997324436466
2349.6545262990862,4079.699899862042
2348.225750379617,4078.648236313315
2346.5151406509312,4077.729475650599
2344.6751634658685,4076.8975692717445
2342.975147305391,4076.8381945573497
2342.0533338165583,4076.237346746842
2340.992810212926,4074.508443985327
2339.653673026913,4074.3481078847085
2339.473859334698,4074.3881647420226
2338.6446806704103,4072.647149280259
2337.5638403157714,4070.376476693458
2335.783248089277,4066.36681599603
2334.1429311611237,4062.527171370554
2332.583297702641,4057.464360563189
2331.20314958667,4053.3539477402014
2330.232714914197,4051.0153705532484
2329.483853058577,4049.194472543129
2330.7729307340387,4048.0856219029733
2332.7948024037405,4045.854517047447
2333.2932907337245,4041.9055693991627
2331.954007800094,4037.5852837244947
2328.6739590209872,4032.5429994439096
2323.714389946431,4026.5220151952
2316.983763326185,4021.9416504043043
2313.0325143776527,4021.3920381007015
2309.7533128648092,4022.02288296139
2307.6837648875126,4023.4123546833375
2307.083307553573,4022.8416145106685
2306.472036044309,4021.960037598165
2304.8529479899157,4019.6213054554746
2301.6206896969943,4015.211583784659
2297.1727422805557,4010.2310744498923
2291.9903537818363,4003.8893432368377
2286.329681206204,3997.0377556029057
2280.9810213219525,3989.3189832636094
2279.8591547968676,3987.826689822016
2275.2808529273084,3981.746967943979
2268.950185225702,3974.3756105614957
2263.0079316847127,3966.7945670175814
2255.549334502663,3957.7951605725166
2246.9090375386236,3947.8231759098458
2236.7873034583927,3934.990797009877
2230.76835024316,3927.4308041740214
2223.7064696870893,3918.7593089013862
2218.854776208101,3913.0172188075776
2214.4654750180384,3908.539324422088
2211.1958024996766,3904.5274453402535
2207.9656585087237,3900.678375462355
2205.0350373622337,3897.845672124262
2202.8344693147033,3895.6457803161834
2200.724778066378,3893.7256208907174
2198.6653268796936,3892.3880381164236
2199.254088396823,3892.1962474873562
2200.3248486380057,3891.5650516449064
2201.533583725328,3890.656970275912
2202.62599067163,3889.52601117175
2203.285689868841,3888.137186842477
2204.336224151277,3886.904269426538
2204.595447772959,3886.066893133411
2202.7169182180905,3885.2959553973633
2201.684646870811,3885.20583727
2200.274779662674,3885.2245632737927
2198.875584896235,3885.4640480052144
2197.275047404646,3885.7254322363574
2196.1049234722336,3885.7441146238575
2194.9238955578858,3885.8238442091524
2194.1457110102297,3886.6151140448983
2193.702973565335,3888.0270323829573
2194.013216937007,3889.074323719943
2194.293701983528,3889.3951980934667
2191.892565153089,3888.525185477749
2191.2439654386026,3888.2942044449323
2188.784161889339,3886.9656090041526
2185.3341007442136,3885.3968772278477
2182.9844473585854,3884.7637949515633
2181.5924939334404,3884.603668572204
2179.6719270908043,3884.434343311958
2176.5931949535534,3884.3346803813324
2174.6426411864913,3884.0663930903643
2172.6033347085217,3884.035002103301
2170.2510641846957,3883.9355076046495
2168.022456719352,3883.6141886027995
2165.253096561374,3883.2937442443767
2163.380470552134,3882.8646732871766
2160.5715703254536,3882.4143413187685
2157.3311018118925,3881.8041058137746
2153.5596320986097,3880.714930717656
2150.2712790606256,3879.7438758202443
2147.2286944496664,3878.59401839615
2144.060391755918,3877.194249275756
2138.8387029159317,3874.044329473666
2136.618641487795,3872.672907333151
2134.8696946939117,3871.563246961976
2141.2698492926306,3853.9621633611696
2134.5791898650227,3851.8501562754877
2128.098568242235,3870.233698213524
2118.4681758865418,3868.743509728747
2114.4856824801927,3867.802338307917
2110.8065700166476,3866.6612288791894
2106.8660587148797,3865.3293328061613
2103.60523827653,3864.611177108313
2100.154927249514,3864.0707425689143
2094.426723043828,3863.130190872494
2090.6756753905397,3862.100000051562
2086.893416374301,3860.8611180655002
2083.3449531176752,3859.448317607326
2079.3038176434748,3857.5008277634934
2075.70392534271,3855.950158602279
2072.602611429748,3854.9082463527534
2069.68345842991,3854.128129853741
2066.323090730867,3853.190007269751
2063.242230597713,3851.7384120601255
2060.841204641013,3850.258934560779
2055.8508368268754,3847.0381855759
2052.7414139746847,3844.6461050583507
2049.329932363099,3842.0971467357767
2046.2697764112852,3839.4374384952744
2043.5212065513604,3836.6857252434584
2041.351827701289,3833.786301670282
2039.6594435401857,3831.656484980172
2036.9387077330916,3828.177372082942
2034.8807545031914,3825.4957373479624
2032.7808157647778,3822.833147134326
2031.2301101687597,3819.786022794714
2029.3905840244222,3816.094325127438
2025.370599850553,3810.7231993958885
2023.747983433501,3807.2843262889605
2018.9387879844871,3797.882965891464
2016.0685971653631,3792.311184044485
2013.4104645320162,3787.140360174241
2011.0483329335098,3782.8509280428043
2006.3876393771086,3774.35786766684
2000.5692337850546,3763.2895110684244
1997.248527894421,3756.5965029822173
1993.608755759732,3749.94642313518
1993.238516061239,3749.056039295351
1991.597312888746,3742.576261712369
1986.5087032747833,3727.3759502192647
1978.1581318636097,3705.3927746644404
1971.8885972160574,3689.869421225257
1964.527524428215,3670.798388498078
1956.7465521214813,3653.2252837333763
1946.0154426492286,3627.7540432727465
1942.2767182988387,3617.9732795377404
1938.4759803884162,3607.3300302871808
1934.7757404008025,3597.090408547731
1931.624646175046,3586.500264321522
1928.904958187129,3577.327216757793
1926.4156950687202,3566.9770181255217
1923.324880458253,3555.0158683169593
1920.8668975580797,3543.673423296154
1918.3864742792773,3531.0428492594206
1916.4164495634495,3520.1811199314725
1914.9546715935423,3509.8192620071864
1914.3451500254844,3506.1007035433245
1913.5957332612702,3500.2396971973885
1913.0764261081893,3495.1991154145976
1912.7968473678015,3490.278586251279
1912.63549295323,3487.779313477635
1912.5662404361642,3486.559206616429
1911.7069897500223,3472.9276302467742
1911.6304857695754,3471.80039306173
1911.366226620765,3467.995118464281
1910.6857302829133,3453.424193868665
1910.7364168590495,3446.1154180709073
1911.2864868386093,3441.2540111058747
1913.1381167674144,3427.1512446434763
1913.9075420021975,3422.8725460707756
1914.997562561494,3415.9516248685377
1916.3691483714297,3410.30192759081
1918.2194105415701,3403.0304249305836
1922.517945877325,3389.587830090267
1927.9497340634675,3375.4779130290704
1930.282673075856,3370.708843370532
1937.5825073205317,3356.105629247548
1939.5624817261294,3353.7265986823563
1941.2631293393267,3351.3457158193687
1944.1533281759762,3347.774810742181
1957.2038058310102,3337.1630566549484
1958.9639249092972,3337.083417051482
1962.455342924746,3337.1950650565623
1965.1361537136254,3337.574386250759
1964.4654049900278,3340.1164811057547
1968.175790421421,3341.85496673614
1969.2469249446337,3339.64573496488
1975.736594706776,3335.5560677844705
1977.046037975308,3334.723892393141
1980.4874704551523,3332.556155004164
1989.3776583316078,3327.945284474701
1997.8575826300491,3323.7659719808507
2005.05788637076,3321.3242130887047
2010.181220050556,3320.665722813526
2014.5692518688982,3321.504188959555
2016.0711840278786,3323.273248199468
2017.2602787085114,3324.6754452814776
2021.6519511133235,3331.0448823163283
2027.4508279982683,3338.536756100326
2033.5908368763066,3349.6982617142976
2037.3409162898158,3356.209419136457
2040.9132284419686,3364.760212434415
2043.882590652542,3372.439325501231
2045.7435468835445,3377.360198498544
2048.6512028957004,3382.022535617748
2052.021835750262,3385.862600744561
2057.3628143061756,3387.7304562220297
2061.23545402181,3387.87314703178
2067.9243387444026,3387.8805876272086
2074.7537086336447,3387.5522912559186
2080.7859693801206,3386.2225928004673
2087.016392159062,3383.5129431820665
2092.0370222824286,3380.6210793334535
2098.7581115217163,3376.3735365255084
2104.7492698199635,3371.500278443194
2110.8077591838096,3365.19107854807
2116.5890636798727,3360.4907549885825
2123.220667542681,3354.6503358346513
2128.221397928783,3349.789938949897
2132.221770326238,3346.86085894461
2135.4428642683706,3343.509046777171
2140.592266764828,3338.94047075314
2142.0026849093224,3337.2089577451297
2142.5520476462984,3336.3996768454913
2150.333675378427,3345.2101249158213
2154.524973918927,3341.3598682960505
2146.4844975133547,3331.6887794915947
2148.5134872600265,3330.0785089181536
2151.804067792532,3327.5679445984856
2154.7061423134933,3324.798630779405
2160.1556136376676,3319.046850283015
2162.605750012389,3316.0376271381374
2165.1049893218565,3313.5269869175745
2168.3569544952156,3311.968871892815
2171.546337284767,3311.0661281977173
2173.7777016294735,3310.826830208497
2175.7260861803247,3310.5555465348775
2178.566706844809,3309.727740337121
2179.997278532064,3308.6158104922333
2182.2184481951176,3305.716369134811
2182.3579283355457,3303.6278493013842
2182.088838290826,3301.0366742835477
2183.289111133651,3295.3149546099557
2184.6278942903873,3292.086621089637
2186.018187584613,3289.005037938328
2186.9278933551436,3285.523829015581
2188.539658159129,3278.834889363773
2190.189044309173,3275.2028237018812
2191.940348316261,3271.5958201687854
2193.8595765399477,3267.664056421704
2197.5410243995557,3260.042297750055
2199.8093401985793,3255.741924938837
2201.3709379887896,3253.572734978007
2202.781568458718,3250.671115584503
2205.191202301933,3246.792437526197
2207.762826948817,3242.3711354518055
2210.152183843126,3238.1197726440582
2214.5315920594244,3229.69077375676
2217.182294739509,3225.5903019882576
2220.0728874757824,3221.298957759396
2222.2152724595694,3216.6497209797394
2227.085126789863,3208.1599929996305
2229.305692489695,3203.039039111245
2231.4661152887006,3198.4368927136106
2234.2141853826347,3193.62799517246
2237.0064535172446,3188.9567695404776
2239.686209060889,3184.0769323796135
2243.215875162627,3179.46503688527
2248.728182205375,3171.896801187954
2251.558594972261,3168.393908985741
2254.247482223859,3165.3746916276486
2255.9589216256136,3163.184598175209
2256.819103982952,3161.154308106373
2256.9474144448677,3161.015281412834
2258.5485255760564,3159.2140036535434
2259.6605013737294,3156.9339895413746
2260.41016651114,3155.7359219038067
2260.8803895218675,3154.992566668186
2261.0193956907005,3154.974644047668
2262.7196490765136,3154.7342429347423
2263.700456395152,3154.472522606354
2264.249820981394,3153.7432517415687
2264.789535698935,3152.69207214765
2264.859592009915,3151.0623064891397
2264.83113536674,3149.423439698364
2264.7904999149337,3148.6530291441845
2264.7490249994853,3146.5235686291408
2264.739616557076,3146.2346785318045
2264.539969782099,3143.612594568487
2264.1811954880372,3139.973080670092
2263.7897875307926,3131.641824871545
2263.850801528246,3127.4917700198635
2264.1201736396233,3123.9512623836836
2264.529396645027,3122.4296114036238
2264.6805898685298,3121.8589543423727
2265.831949567618,3120.740985850892
2265.8217011434003,3118.3996551856153
2265.170110647931,3115.5095239391953
2264.4396293893465,3111.9009449830896
2263.911671418142,3108.2683736801077
2263.539809947169,3104.4199718162076
2263.0406611411677,3100.5986727426784
2262.830600723376,3096.66731413811
2262.662663943514,3092.1476160161983
2262.6708227323784,3087.916448726019
2263.2006152783124,3083.516821445392
2263.361007491399,3079.5855512920007
2263.182112376891,3075.6972939951197
2262.821788236948,3068.4344126491424
2263.6612762894915,3067.464205160889
2264.04170288162,3065.735557696508
2263.121527019121,3063.0642231889747
2265.0908148783683,3061.1240771619177
2267.01167992439,3061.0846342243262
2295.135659460639,3060.015147819676
2294.905408942012,3055.0545212626203
2267.7010487848324,3055.843420327862
2267.0825319349874,3055.4335825350477
2265.9613634654024,3050.894603915105
2265.1816426334944,3047.3628241314027
2264.481011413675,3044.0629915291556
2263.5838583896107,3040.3624997407896
2262.6316331805897,3036.1131480029835
2261.8209532143146,3031.661129835797
2260.9730813000924,3027.331999931821
2259.923896592879,3022.4691378883867
2258.9429623062815,3018.318935337636
2257.8637221722092,3013.629039997481
2256.4414454540542,3009.700386314984
2254.7221721611263,3004.507678455448
2253.7915738038487,3000.178529712097
2252.441409039686,2995.3965975110827
2251.1032190601813,2990.5957151115304
2250.012043093205,2986.075599450385
2248.8837203238277,2981.1359095257712
2247.901579618322,2976.775725778565
2246.5824586125314,2972.175653601589
2245.0429386574006,2967.5846071182373
2243.6207137954284,2963.033490271416
2242.0019395648096,2958.1835638059833
2240.691546601624,2952.861973495804
2239.1137567999913,2947.3026063759453
2237.6223965733607,2941.5223046951664
2235.9929168298195,2936.209717548284
2235.0620701452754,2932.8698320458466
2234.0123282450195,2930.272388133803
2232.8214291871795,2926.571730979643
2231.7420936604994,2922.541413066812
2230.6616586518853,2917.879452342657
2229.6532224818525,2912.8507130159683
2228.7525173264985,2908.588609066079
2227.5318323399683,2904.2564027643944
2226.451293990695,2900.017100554073
2225.471586879539,2895.1262286548754
2224.7328888375864,2890.967109376523
2223.9509406950806,2886.1753398365977
2223.472467522089,2881.636418257216
2223.282796364183,2877.52630732035
2223.07399543648,2873.0953828940765
2222.6826607699877,2864.604226339859
2222.463100509295,2859.9635167192046
2222.263853826826,2855.912358334286
2221.2215498705996,2852.0328788328516
2221.111735437041,2850.212142223721
2220.963852595159,2846.9333915388097
2220.87240247562,2843.0202183307283
2220.9045810418856,2838.7401786941523
2221.133478763912,2834.041617146609
2221.514643592914,2829.521850523147
2222.073195059822,2825.1311074678642
2223.1137509072055,2820.8703571352376
2224.5429008792157,2816.230034138991
2226.133885128642,2811.7475602378913
2227.9659345827104,2807.0683285077257
2230.1058653334626,2803.016722183806
2232.4351290052127,2799.917412978175
2234.664913244851,2796.667252826596
2237.0470815848817,2793.1063953011208
2239.144978175271,2789.998055389108
2240.6069203843,2788.0757410697083
2241.9166678756683,2786.7259792196614
2243.1472059146054,2785.2873179757707
2244.1464058036786,2783.346939125158
2245.0377517404786,2781.5074859575984
2245.8788590424597,2779.0644093001993
2246.0863484769484,2778.814674293049
2248.0772386048907,2776.464741048501
2248.3879079427848,2776.5447176274624
2250.23692035058,2776.1355657973622
2251.7886868498113,2774.7857629613923
2253.3575900942183,2772.694692201063
2253.0093634733794,2769.723734779493
2252.418644721738,2767.706069149219
2253.3389190115026,2765.5457149341764
2253.968897897463,2763.2845402812254
2254.8988457443324,2760.6535489816165
2256.878888131398,2758.845379232344
2259.319194328865,2757.7026788822463
2261.3599806388056,2757.423454641391
2262.6189673052268,2757.343751991765
2263.609568683602,2756.625559655759
2264.4504676041256,2755.0848596844826
2266.3197662994035,2755.042212160229
2268.3893289059965,2754.722994931006
2267.519190327928,2753.3727158757274
2265.830123914273,2751.724575300989
2267.380698806425,2750.864467331837
2267.299424685029,2749.6722874466304
2266.6185772278222,2748.732840823186
2266.159433448704,2748.6027516670115
2264.880274347373,2747.854091533288
2263.510114852438,2746.2548072223713
2263.3507342424577,2745.921989751157
2262.770624509621,2744.7417611960573
2264.0706435580805,2743.7837342487433
2263.1383169058895,2741.7308731244752
2261.0894065763305,2740.5013152932297
2259.5599419201035,2738.5932548791116
2260.748180398388,2738.162899713974
2262.189623922789,2737.8824356015493
2261.0290666114993,2736.933797434508
2259.819550696115,2735.5925158888567
2258.9087187040523,2734.042420642566
2258.3803421599196,2732.0706564440566
2259.350534269278,2731.5312180623055
2262.0398270420787,2732.2224558557114
2265.7696965601385,2733.5603489196797
2267.058874081763,2732.75015528848
2264.640811989142,2731.2308228158927
2262.0703719040566,2729.992062740645
2259.72890526475,2728.7123589673724
2257.410180460408,2727.5905718194294
2256.1983824968,2726.049383131588
2256.4888719768874,2724.6414240520485
2258.900117735521,2724.7719771873876
2259.8306393395965,2724.2914840435224
2260.479500525908,2723.752069024184
2261.0394980559468,2723.5122939845355
2261.5503304653407,2723.049856264004
2264.021580937739,2723.272198710161
2266.011702205838,2724.208965023545
2267.7491766301528,2724.049574092713
2268.990713775944,2721.862364710077
2269.0702814122706,2720.108608130146
2267.8511096508505,2719.1600548934302
2265.999843526332,2718.860849358985
2265.2289919654886,2718.4599533968226
2266.880143639949,2718.059635719019
2268.390967925796,2717.961040729988
2269.3996186314725,2716.880047945719
2269.6805213792513,2715.589098474482
2269.7505559541223,2713.719425450304
2271.4712269349507,2713.2601705681514
2271.629932914455,2711.550324746473
2270.711771543528,2710.4009385978334
2269.1808857497967,2709.2084120296836
2269.111669321319,2707.3097770590357
2269.29186729722,2706.117659755889
2269.0309224108773,2704.2599778517697
2268.7303848328165,2702.4791968471727
2267.8913921669555,2701.2397520319387
2267.4907653188448,2701.850250706677
2267.209865553466,2703.1282321960816
2265.520609312579,2702.237424330672
2263.7303728743736,2702.2490673666903
2262.3512557423305,2703.6697346211135
2259.590758655067,2704.4975341566615
2257.7799397466083,2705.7571960539112
2255.658844113506,2705.6278094660297
2256.208664416503,2703.088701388463
2257.4813911332803,2700.8496258891873
2256.811709512126,2698.387237960292
2255.8519022450264,2695.4479568696247
2255.9007416695677,2691.796572105429
2256.811498536312,2689.1376455805903
2258.3695612487304,2686.8976405599465
2261.5905873349493,2685.305635093112
2262.1614402706077,2685.2257684187057
2263.6218709715895,2684.8474503708417
2265.6229437365882,2685.2176162972787
2267.2813300279004,2684.8352561624088
2269.0919233166496,2684.8886582881723
2270.7718885361583,2684.3154744659255
2271.182363790248,2682.8556725405897
2269.151585536102,2681.1973746203257
2268.392060715646,2678.614860617616
2267.7221644176943,2676.708101858647
2269.053392738128,2675.657212152713
2268.162864473478,2674.015147800384
2267.2329303854244,2671.666616132478
2266.702278678179,2669.8147554426537
2265.1617166039096,2668.727168516745
2263.4302350259786,2668.8157359919446
2262.1413209932743,2668.485641870817
2261.3204397366276,2666.9355679910177
2259.5725114061997,2665.564132376532
2257.820945280679,2664.454450775641
2256.331997117931,2663.424834655351
2255.129758946502,2661.8536225665907
2253.1610168653947,2661.5054124289586
2252.2704626756636,2659.9553227992565
2252.210818605507,2658.343483172813
2251.7806784024415,2657.1941150304237
2250.6607781866023,2657.242928352183
2249.6102992358506,2657.6432914270235
2247.5910102302605,2657.98457026013
2245.961474505922,2657.9942596293463
2244.621319499638,2656.364061615824
2244.559403111088,2654.863048224698
2244.3799055274285,2653.1032450974835
2243.378992254,2651.6831097184395
2242.6803100253014,2650.1819458478203
2241.9495386815315,2647.612608411855
2240.7796558076834,2645.96349792706
2239.289928411706,2642.931322404002
2238.8205034732455,2640.1921658090732
2238.649756622949,2637.2802059830497
2238.010850321275,2636.4826216741403
2236.9703749683226,2635.3510660506035
2235.748961428431,2633.271405735656
2233.7902907329076,2631.0804460452046
2231.8794522102417,2628.7715887692834
2230.6990333424174,2626.301102529032
2230.3580853975614,2622.7296291125544
2230.2207987108095,2620.3511618581356
2230.0595230510685,2617.808892879489
2230.3803528649833,2615.0079752922993
2231.149428510929,2612.7498249381615
2230.610307086161,2610.8090836148367
2229.951321208157,2608.768360638558
2228.618333098071,2607.3789728831384
2226.430139345068,2606.8178417252325
2225.1295672906294,2605.1068551255394
2223.2987040274443,2604.918489471923
2221.619013206123,2603.9168650915367
2221.3603149486835,2602.7095814719996
2221.298309240434,2601.2177457015528
2220.8801563579,2599.9765084153532
2219.719652071794,2599.0667795787663
2218.189491638322,2599.646092376597
2217.6495222898034,2601.318741217045
2215.520234931373,2605.5483128123856
2214.448422927033,2604.716513210098
2213.18832314778,2604.136748203084
2214.2487189293693,2602.5870176992976
2214.5992244611734,2600.8594597372653
2213.918415211629,2599.6880890363595
2214.267791978386,2598.1661238265942
2214.10981266709,2596.798160201145
2213.678526902116,2594.8254240068036
2214.117873058797,2592.8968824386593
2212.768051589915,2591.6555279697177
2210.7871594003077,2591.644991154869
2208.758189628276,2592.446042205202
2207.1582149157343,2593.9955480401673
2205.976703838717,2596.1765943041655
2205.5474032508846,2596.38637696697
2204.3080105154813,2594.34562070347
2203.296508377356,2592.6444801689063
2201.94908712831,2591.0853115189175
2200.888390318593,2589.2763257500064
2199.928247187136,2587.3045648649395
2198.1468195175053,2586.1639637514736
2196.467498935783,2583.896266037461
2194.526624260517,2581.96408063828
2192.675793460598,2579.6552453052063
2192.088323296135,2578.9436640047566
2191.3871494026034,2578.0930991413034
2189.7771810792797,2576.474917015038
2188.827798408965,2575.415410184857
2188.036696297894,2574.074134869108
2187.7360469626924,2572.694168358631
2187.0661421871587,2571.0820889410074
2186.006486387065,2569.784743436726
2184.6660603404875,2569.2327951184734
2182.745264240135,2568.9025663992547
2180.8964853430425,2568.1328384638
2178.7957068770347,2568.092254823503
2176.8857002215614,2567.8420324846015
2174.304146321293,2567.693605248363
2171.9444663459167,2567.301330939298
2170.034414854277,2566.8821266808986
2165.46372915242,2566.372536739148
2164.2430497670566,2566.434105774063
2162.01399565176,2566.7135074590446
2158.8937419481467,2567.4431959861454
2150.0827550213344,2569.0531207486547
2131.950556361697,2568.9530668023685
2116.0083350361147,2566.3302579223637
2106.300056703735,2564.4115245747594
2095.2170893955686,2559.300668632831
2086.836312383621,2555.820399918923
2076.3148764804696,2554.409964671636
2066.865313809801,2553.2408798969122
2059.4026357415596,2551.6982577164995
2044.9329304382386,2549.158983047522
2035.6727056386321,2548.208630917554
2031.2363223906991,2547.4801744132983
2026.3419336334823,2546.677604712668
2018.8611272574506,2545.878676652806
2016.1009092909908,2545.668207460354
2011.1392474107736,2545.3064442531218
1999.3576390283595,2543.8469479304536
1987.6071223679805,2541.986760918708
1977.0379162563231,2539.463370605507
1974.536673567122,2539.275013091818
1964.0355590346917,2537.5260417611576
1958.9049966316466,2536.5327283244296
1949.4626571366623,2535.2557283969268
1944.2037141918745,2534.3052907703814
1939.5634982654217,2533.3740354988613
1934.7816902368997,2532.8643140392446
1929.692865577249,2533.064182524133
1925.4216272731712,2533.76279007653
1921.5100026899108,2535.1331160470886
1918.9809914817356,2536.164858747158
1915.0896898885674,2537.774800590905
1910.9908558295385,2539.8724993168466
1907.0093574423342,2542.684861067051
1902.9776184345235,2545.2131150221853
1899.6797367080223,2547.4529292340444
1898.8378259211684,2548.0223561091866
1894.6969462556838,2550.8755903056885
1890.7370228897842,2553.943532994172
1883.4276923802583,2559.1954247534495
1879.5565198608865,2562.0966010541083
1875.7765453089178,2565.0446813562658
1871.9364565296137,2568.445534748491
1869.005331039594,2571.904426006939
1866.0955825420178,2575.7461782634077
1863.3239771839187,2578.935467591586
1860.3927706236009,2582.4163074211942
1856.9926500065064,2585.928279415541
1850.2839326452083,2592.206384218963
1846.1812359355306,2595.9768853332753
1843.4612016210795,2599.106138667909
1839.2695540221328,2603.7181503713095
1836.4103615394527,2606.777451226264
1833.3006795244376,2609.789720431229
1829.1394299783472,2612.456938312481
1825.200041160089,2614.909430301239
1821.098873592204,2616.880280517172
1816.4678896295527,2618.250412166604
1811.188239089931,2619.6793768831117
1807.1187386833403,2618.6683922095294
1804.8384895771576,2617.2189314870807
1803.1665870461484,2619.2002271578976
1802.0557213917955,2622.0099869669166
1798.4379767841071,2623.328348036325
1794.0564088344959,2624.309896266243
1791.1750327257566,2624.759043098033
1786.6136897373697,2625.007967350555
1781.763583126234,2624.918074946697
1777.505845399764,2624.393767463429
1776.5837639565848,2624.2785784262956
1772.0335378677385,2623.320388441868
1768.6343984632583,2622.2684468129396
1767.393404434104,2622.0894564260852
1765.4140402456671,2621.0477558590546
1764.7030144632383,2620.677935245319
1761.9526071568553,2619.658137703435
1761.3716660484538,2622.5789271393332
1760.4315025441765,2623.129394853352
1758.8624184106238,2620.8187012039543
1756.2621803950096,2617.8973223851135
1755.391555075151,2618.2668496823617
1755.5216955702865,2621.717464840038
1754.891905981397,2622.647754049839
1753.672239837465,2624.47811450263
1750.300338977551,2625.389941992964
1746.0804273258248,2627.129872202638
1742.6006225240828,2627.9886134420226
1738.4795529289984,2627.987857630652
1735.5803421379403,2627.3278531950327
1732.4089139043301,2627.2193398923705
1728.8187534340204,2627.789278168722
1725.0873434782109,2627.8774799895623
1720.1386479474463,2628.628128482879
1715.7271951483083,2629.4167831992086
1711.84715844905,2628.898359189641
1707.157876984594,2627.70844664853
1703.0681743448974,2626.1877599436043
1699.1054812769794,2624.815930721725
1695.3046100263502,2624.6554450624553
1691.2867057152014,2623.7762943251173
1690.954575028349,2623.70531003701
1685.814563101722,2621.7178941707934
1681.364029635935,2619.717535444921
1677.4950807809394,2617.584209740872
1675.0348436763409,2615.9660643646225
1674.1848378888737,2615.4052968267747
1671.2523965952696,2612.6656345406027
1668.8344846486991,2609.1037913200175
1666.0532995981732,2606.2033538039163
1663.0438794231077,2604.3331365394033
1658.2214059617509,2603.5248837313625
1654.2128918494204,2604.0318323481742
1650.4922822984954,2604.1150776780214
1648.6409958130891,2603.6920981509898
1646.4323868974295,2603.1931441915526
1642.6316359324933,2601.8024134404395
1638.7002724212844,2599.9219692260494
1634.4511669658878,2597.9216673501096
1631.749876049367,2596.41122606326
1627.2995873647174,2593.332751482475
1622.4079811408637,2589.8103979657667
1617.6890118554577,2586.530877662424
1613.339332358336,2583.341500370476
1608.9286559467112,2579.9700636803796
1604.7169375532249,2576.5588608486287
1601.1178742634963,2573.159633967105
1597.7766097581577,2569.8583105527077
1594.128428571795,2566.8168957076227
1590.48743181384,2563.556523441388
1586.9064550628862,2559.8277178216254
1583.1167900841665,2556.1176325159245
1579.3367813901764,2552.317671991523
1576.035176376731,2548.4169411337375
1575.1624550112583,2547.393519688409
1572.7660649744744,2544.586044631978
1569.864937321902,2540.71530854228
1566.8559569034871,2536.4449410278926
1563.2642381588842,2532.1953270740364
1560.2144326583036,2528.414547626054
1556.9644106585909,2524.7035641342577
1553.913360995341,2521.3824529711396
1551.034803072452,2518.2023233966283
1548.583213308139,2515.2709510864606
1545.9926006789913,2511.8909630540707
1542.2642644856512,2507.632257335935
1538.6449131204577,2503.431627605417
1534.983668475693,2499.1511893135357
1532.5727319959622,2496.6895693633032
1530.1239570724797,2505.620747973837
1517.1121324594394,2487.6774043151504
1516.0415950437705,2486.2072584010634
1471.2082711222672,2424.3800622008926
1467.0781856916772,2427.270393087699
1469.9278376454727,2431.171015312383
1486.4774932298149,2453.875605289263
1513.780512286646,2491.300336395303
1514.3225560937071,2490.9985672791513
1516.7716108956781,2494.8103589814727
1516.4022449365173,2495.1490645258964
1526.3331657745105,2508.6399902890817
1527.141439533468,2508.252476280805
1530.8409372165322,2513.5123025249623
1531.1309501487042,2514.4306846070012
1531.800992955306,2515.902762717214
1532.47102490416,2517.440778266361
1532.8618114782914,2518.313289847578
1532.9409341327355,2518.482086392402
1533.6731988312247,2520.2629133166884
1535.9112411295937,2524.5033189598626
1537.541426687738,2527.803245708526
1539.6128077468557,2531.8027193653334
1541.363958622956,2535.6243798522487
1544.2421592286173,2539.965742842773
1547.0425838605986,2544.0241917098538
1549.0660057823036,2547.389224249283
1549.653482861763,2548.3656125810453
1552.4729412456195,2552.935903993572
1554.9242167895286,2557.717913701799
1557.2532252688752,2562.2880265020153
1559.4635625969474,2567.027003940243
1562.0431188919529,2571.2884205102405
1563.8736008095461,2574.918171722468
1565.5036897802872,2578.188077552999
1498.9856836607375,2624.881168042229
1498.5671104988098,2625.1829575810325
1498.0644109305633,2688.078285403127
1497.8641772064468,2688.297114128321
1494.9943229167745,2691.2884842608278
1493.414746496005,2694.027381289261
1491.1552648773811,2697.259654888694
1488.7841982992202,2700.0503004721627
1485.5923588018272,2700.3486633424336
1482.8033951924817,2700.219344972204
1479.9329928034017,2699.849008994626
1476.0016003623127,2698.208540328337
1472.7704834669196,2696.0576408475167
1470.491350848441,2694.168644499135
1467.3405587614623,2692.4583728462985
1463.8024230699116,2690.728989477846
1461.0520563304162,2688.827952254214
1459.2214617701948,2686.899126084582
1457.220663875079,2683.9957770956235
1455.02086132182,2681.4262747429716
1452.0093915324346,2678.1651538114443
1449.9293115486366,2675.5646474775212
1447.8914535622202,2672.495603413864
1445.0405261191581,2669.744052764786
1442.2602420076735,2667.6939839879055
1440.170701590979,2664.9457426892704
1438.90024596842,2661.672820130634
1437.317973785536,2658.1331082786664
1434.789753119667,2654.5022779853875
1432.1989626907578,2651.7329146323364
1428.999102946265,2649.433002421847
1425.9692572539577,2648.271310179816
1423.8592245415655,2646.2833945899943
1422.588661733151,2643.6711451336982
1419.9764125491351,2640.361115183483
1416.9981819678899,2639.2703586490074
1413.9475671186324,2640.760926918974
1412.0085014803735,2641.881873354534
1409.9279521687547,2643.4314421712193
1409.247962462363,2643.930909284103
1406.1758230452544,2644.8208579365646
1403.3955081415477,2642.872848973331
1402.5074522196874,2639.7819392762276
1402.4870966021947,2639.689963062638
1402.5258942614623,2637.07082737265
1403.426650249487,2634.6796572908866
1403.5861740508587,2634.261013283416
1404.1371392411133,2630.899484257037
1403.1554125385155,2628.739764410679
1400.9169077091742,2627.9600556019695
1397.3064860901018,2628.4980952534856
1396.1349480582917,2628.608849295524
1396.065443257888,2628.6088390709983
1393.7260254024532,2628.830348150882
1393.4467478761267,2628.3407144393154
1391.9650690345195,2625.8202118490867
1390.044559150586,2622.859031743847
1386.704336698788,2620.5782661115572
1383.245123527439,2620.6886877492357
1379.945138434052,2621.83727381515
1377.5134918699,2621.0884661937416
1376.7945054611648,2618.1794351075505
1376.7157975643297,2615.1386221434077
1376.5052079350232,2612.248618127081
1376.0534704817937,2609.648364563269
1375.743455066226,2606.116828131356
1376.4345497929457,2603.577690010392
1378.3759284688147,2603.156411332778
1380.7056609522117,2603.258598834733
1383.4346175094468,2603.455810908809
1386.3446652695031,2603.5671620178773
1388.2657082540952,2603.487539880274
1391.9971306874625,2603.3581069774973
1396.2873868580875,2602.8880977970775
1400.1760359729628,2602.136226225077
1404.4281504917483,2600.9787104678408
1408.4583468727499,2599.3864357048046
1412.507978097797,2597.3784905954767
1416.3188468194794,2595.2775408437674
1420.2195835036616,2593.7861030763024
1424.6815386807302,2592.147913238767
1428.1398098989944,2591.187203399457
1431.6400792575478,2589.5977516354924
1435.0001199871786,2587.826528159691
1437.7329905638983,2586.3570664777167
1441.46108539087,2584.647848306584
1446.3822450509865,2583.465414754897
1450.5731062258344,2582.80648089471
1453.6821435408472,2583.2666230777654
1455.0227098581252,2583.1678725326838
1455.9942211149296,2581.418436004273
1454.861480510537,2578.9648124866576
1452.1638029149103,2577.525447781121
1448.9118165051366,2578.3454274413803
1444.3612324671094,2579.3769882439883
1439.4030456031385,2580.195714110348
1435.7015831900471,2580.0651739631408
1433.9018271387138,2579.106664881578
1430.5311868649724,2571.754285960141
1424.3706488339203,2570.743050791241
1421.9699481680545,2571.476281737785
1419.4780425328097,2573.3245499323816
1415.8291936557603,2573.826665309654
1411.5690059232834,2573.274391057709
1407.2393462732887,2572.494270264896
1403.5079882064758,2572.10507610374
1398.9575388252222,2571.6726689086568
1395.3160801253148,2570.5450123253718
1392.4866876126762,2568.602885045254
1388.6380993933392,2565.9431786360446
1384.3960221589336,2564.312678204811
1379.9067691268317,2563.81345389523
1376.2759167965305,2564.614350331728
1371.54569016394,2564.341935638351
1366.4150166045763,2563.2139753009724
1361.8755287004044,2561.67242269682
1359.183954301811,2559.8631974880377
1357.874833586772,2558.073323514233
1353.5044168211991,2557.342300398769
1350.124063507712,2558.1611982872328
1346.9943509340167,2559.7625035966685
1343.3825079604185,2560.7823753514444
1339.7720935274658,2561.111651710794
1338.31172718158,2561.1603251244915
1334.641330328763,2561.1727762698447
1331.912375471202,2560.869639485469
1330.6508801588755,2560.9224319046357
1327.1508999084797,2560.4903062424914
1323.9100824048082,2558.7610169625
1319.7711190569048,2557.482392193
1316.7505891509918,2557.7808356219657
1313.7587688608598,2558.4918665451983
1309.4083648440314,2560.3219507885456
1305.6588234403373,2560.9000074176924
1302.0870050644082,2559.889307896134
1299.008139556669,2556.949833782779
1298.0876999784662,2553.8589298161355
1299.1171411741605,2549.629101966688
1297.929126885421,2547.3515555593963
1297.738535639366,2546.9877266511467
1295.2075174787649,2545.5794529156246
1294.366873425546,2546.2698354242957
1293.3067292146393,2547.030215403734
1292.9541700911127,2547.350876479555
1291.2668752764814,2548.8886539538453
1288.8684686376334,2551.13069814076
1286.7266955733248,2552.921091611514
1283.3055341654633,2554.898251482767
1278.6577289924444,2556.8201830338553
1274.0650212061064,2558.3205638467903
1269.566052939419,2559.529976996222
1265.7146048118957,2559.949227405562
1262.6533595181154,2560.090769576296
1258.9554008802197,2560.4200650312055
1256.2045409529899,2561.648869350306
1254.4427574677113,2564.4705773236856
1253.4327372383063,2567.2314352012195
1252.8628331714833,2570.210313789719
1243.4273029293047,2571.0664585315553
1232.690770552701,2572.1212533195126
1229.771435301999,2569.1689540698767
1227.8198089402774,2566.540682127776
1223.7710019505141,2562.3590698588982
1220.5686967497309,2559.6995150011167
1217.4213969862187,2557.2867596940873
1213.8593616629107,2554.4573796656414
1210.4497151787566,2551.0184237214594
1207.0040137853562,2547.339556055073
1203.4684290554083,2543.7066648580194
1199.9376381083916,2540.2766752412385
1197.317994333782,2537.4043269697418
1195.4777254034184,2535.0567836102414
1191.5777425797405,2530.6343978712903
1187.9282967525746,2526.572855330985
1184.2368971636367,2522.893965313521
1180.8679867256383,2518.632653292466
1177.1885103365153,2514.632060910419
1173.8556108869586,2510.9042402625682
1170.2373437053227,2506.7127290450903
1166.7245481727687,2502.772113499126
1163.4948077520949,2498.4517705137564
1160.6450561890877,2494.501163418646
1157.3948834626651,2490.649663833063
1154.9060069484926,2487.6694096109586
1154.2261776439902,2486.868900871843
1151.4041015651615,2482.258826347256
1148.7547126090308,2477.599794386044
1145.435028388913,2473.0176923516515
1142.6260716678682,2469.169044320883
1139.5654564507934,2464.5279212376513
1136.7540681271796,2460.1156646664117
1133.9834991428304,2455.706605961342
1131.8136707559652,2451.596283155409
1130.4939341422723,2448.4032999956066
1128.8229182254136,2444.564767210355
1126.884532617092,2439.905826204524
1125.4244914619537,2435.6627169535514
1124.1636292461853,2431.644477025892
1123.0932897028956,2427.2324311046145
1122.313237842881,2423.1711546595016
1121.7332949620206,2419.212050031628
1121.4124349493725,2415.1328722725243
1121.0843650902839,2410.8527891854164
1120.4840737776817,2406.702753182524
1119.9354372325909,2403.051193973165
1119.4034391058333,2399.310755983975
1119.083705102112,2395.539419340419
1118.9450460730643,2392.5375065063417
1118.8938346096284,2388.979076558411
1118.9434982298217,2385.2167613907427
1118.9259716243728,2380.8478343849915
1119.4444377496973,2376.6758849665457
1119.7733462151439,2373.865954017611
1120.1538664884006,2370.517357714107
1120.4038056335987,2366.8749705717837
1120.7639634007326,2362.76494984618
1121.1852878467116,2358.8766894579826
1121.6846902868356,2354.2241234039243
1122.08567296205,2350.10503000913
1122.3067943106857,2345.4953253558338
1122.8745146799768,2341.0645206088625
1123.8774248251289,2336.44293810294
1124.586706672125,2332.2750019947293
1124.6766843073938,2331.4246100613605
1125.48530457829,2327.403523666116
1126.2257142591081,2322.9727397162587
1126.6470642845218,2318.9027280711475
1127.4461085730768,2315.020498297813
1128.2559781834734,2311.002504753448
1129.1271047688408,2306.451832409742
1130.0880249367374,2302.609623527497
1130.675923735578,2299.140250641841
1131.568581469685,2295.3290573016743
1131.9875077251866,2292.091392849136
1132.3882376237887,2290.149829504139
1133.0384310314291,2286.520458899995
1133.8196373116625,2282.3674954596518
1134.1690287433753,2277.9795599234385
1134.6575923647183,2273.668750874562
1134.6401263972737,2269.5466158607774
1134.599874100314,2265.467671614453
1134.7694106633332,2261.2275500751466
1135.6405427828706,2256.694834371347
1136.1986203886233,2252.3450300606196
1136.1991328351305,2248.065186315499
1136.2093053311012,2243.6562621363964
1136.2793173098494,2239.4442594637003
1136.270235330631,2234.7456475458957
1136.4915041613483,2230.372660155057
1137.079518970915,2225.9919359224746
1137.88941127237,2221.881970578569
1139.0397919995107,2218.3325636464574
1140.9515825088838,2214.931183483082
1142.5624083902499,2211.421833715867
1143.7715492185218,2208.082416549308
1144.7707274613379,2204.960737106195
1145.0922131833233,2203.830563621736
1151.3132364183666,2193.7006043023416
1152.5508924796125,2191.79894547191
1153.4914005403316,2189.159071470017
1155.7926559871041,2187.7293785773772
1157.6837088645564,2187.439724074053
1160.023370513813,2185.388569794955
1161.6235379787981,2181.4295313114158
1162.1839488446699,2177.849131477887
1162.1937936335419,2174.8573123067918
1163.1030570173953,2172.789823642864
1163.9847041622086,2170.1497440274866
1164.6841483672001,2167.798529576229
1165.2539952745333,2164.57894117764
1164.9534603345526,2161.6268857875393
1164.4043609717442,2160.415705762446
1164.0039626091516,2159.556376168408
1162.8542869307907,2157.2179030323923
1162.41460221579,2154.6666420562233
1162.1356907337176,2150.2975846818686
1161.9153109105098,2147.977280984353
1161.4252440812263,2145.394990442691
1160.9651426650446,2142.535986166094
1160.8548829723381,2141.944431808176
1147.242027695408,2136.6425504184585
1152.134873915337,2132.6439078563376
1165.7365605088842,2102.3211694797724
1113.0911981048712,2053.734385057841
1055.8171460297951,2001.0282415218094
1051.9264355482524,1997.3983628669846
1050.8983725746,1990.388241755748
1050.4873593835932,1987.6181296686543
1051.6676656276325,1973.5871735204262
1043.8862062168048,1975.4869258941574
1045.7255431896579,1987.6176038371723
1045.856152960034,1988.4768984885789
1046.2264503997342,1991.0281457941069
1047.575638023195,2000.167848537429
1035.8640274578534,2008.7684435513336
1016.4472011888562,2023.7377123720328
1008.8707372953425,2027.2494392127292
1007.1763724658541,2026.8085464249034
996.159098665242,2023.45884397916
992.1019110162392,2017.5115888599541
988.2602386900224,1990.7262626400457
988.2124941266226,1988.5148130277541
989.2121745151283,1981.1040987983197
987.1337279317489,1892.1670855235602
985.1367450383494,1803.848566886117
986.4269020553586,1793.7768497291345
979.2150132218765,1772.4852314153302
975.6445044108898,1753.8931334562944
975.1960571800373,1742.8898349507533
974.157266045437,1734.2688979957
973.7059334487352,1726.2395620224409
973.7575475251497,1725.6299713527396
1007.2138612733364,1673.5704178847961
1008.9013815121128,1670.9425813218934
1016.0120906536399,1674.363900085191
1031.1030077287578,1681.6462633855472
1056.9966608573666,1650.0025946152277
1079.0274608848995,1622.9802543486624
1102.0838400396026,1594.6979945064516
1125.1437169709181,1567.5280477440376
1144.63814017999,1544.3258360009195
1146.0675171799708,1545.355268741118
1152.4697085409634,1537.5336459150033
1151.2506197896582,1504.2512240955075
1150.3411561604848,1487.5688789233861
1150.1413919267213,1483.7706272776722
1148.1303382692395,1483.720407145921
1149.9398301891351,1474.2183741737363
1151.2392661144038,1468.9782627610657
1151.639963963316,1467.619265006265
1152.0622785822125,1466.2793228727578
1154.990604988138,1457.0971380270178
1155.3816921160767,1456.144835695678
1155.8303148530001,1455.2275539895031
1156.4911794643708,1453.9574688184061
1157.1508695483274,1452.7744686539227
1157.7518674679925,1451.4963959716795
1159.0209614716618,1448.9764695682052
1159.8412989934998,1447.7864066970487
1160.4518014420119,1446.9860564970045
1161.1018820902812,1446.1965843456649
1162.04210918974,1445.1155672848963
1162.9621212484822,1444.1143509101619
1163.8807894774577,1443.2241604847493
1164.8210667535163,1442.4167684869794
1165.6821658784631,1441.7673769446549
1166.510908930708,1441.2057648792918
1167.5831302350239,1440.5254757654416
1168.643200841237,1439.9340659535776
1169.6326399379386,1439.6443031570911
1170.6927269800879,1439.5955544578183
1171.7228717393562,1439.6136372557996
1172.793716225927,1439.9864498413192
1173.803355202403,1440.4153166373007
1175.0121719064123,1440.5753715968401
1175.972660231143,1441.0750577655601
1176.8851781293686,1441.5158833206708
1177.6732003542413,1440.7766055961708
1178.2536305942326,1439.765273449997
1179.3246439949799,1439.4456954004688
1180.473404084381,1439.7846022258746
1181.5537970400585,1440.2653506412682
1182.5732015192257,1440.3943595477044
1183.4930144995772,1439.6770445734176
1184.135970830727,1438.6938511617857
1185.0449710870757,1438.0044660676783
1185.5835773901824,1436.9961217661223
1185.3943013532057,1435.8749647329792
1184.6339815397655,1435.1664180494558
1183.6040182873098,1434.3558893846791
1183.044148957682,1433.1756319289887
1183.0346344311542,1432.1254223348915
1183.7950686390318,1431.253070071821
1184.904321623621,1431.6849430811108
1185.8443604797762,1432.1437286208318
1187.063966315263,1432.4736672443444
1188.2763828128077,1432.4456883600521
1189.1961749375416,1431.9043397136534
1189.9662485213112,1431.0849584379812
1189.9255620934723,1429.9657152771372
1189.4351705405522,1429.0753508116097
1189.3657948318496,1427.9750572870223
1190.4342929900931,1427.8343388114054
1191.6155639875346,1427.5256491471973
1192.5557789557693,1426.5834924738228
1193.3162782861812,1425.8650611549376
1194.4363663718207,1425.4345647143311
1195.2447658926826,1424.6731456769935
1195.0961408031262,1423.634889029939
1194.4054644184037,1422.5535702656007
1193.586599126471,1421.9028727413754
1192.515702394978,1421.2742889725507
1191.706412948009,1420.5136640851147
1191.9559088144983,1419.4935129315534
1192.8650538060347,1418.9948579520158
1194.1265159921204,1419.0839969780175
1195.1351241185803,1418.464552836973
1195.5358179178281,1417.204512840028
1195.675156706136,1416.0523735844797
1195.9546827256158,1414.9342680504565
1196.946465203626,1414.5515378396908
1198.0761329972836,1414.6536287683625
1200.2466745632382,1414.773807078839
1201.3259020271364,1414.6231158059895
1201.3260435500354,1413.5049750790188
1200.9460825056403,1412.5624527630778
1200.476067726298,1411.634183874564
1200.3682791984181,1410.52191497744
1200.5663123738827,1409.4526786713081
1200.5964046423173,1408.2025674167003
1200.717829232368,1406.0331363846724
1201.7168553778044,1405.5835725178044
1202.366857872963,1404.8041783707679
1202.7879754250414,1403.8029027345779
1203.897165714684,1404.0919304494835
1206.0161998677718,1404.523934028311
1207.1877895537325,1404.524082951231
1208.1579747895382,1403.9815455229675
1208.728929703221,1402.9833815965587
1209.1584449263732,1401.992082697966
1209.586644851242,1400.8829743746876
1210.0976718175305,1399.7027521423336
1210.6481851876276,1398.6026373130235
1211.2983090171933,1397.5335586643232
1211.6786778220608,1396.5812573660035
1211.0695704819486,1395.5119182983087
1210.098273660202,1394.982201331865
1208.8692179999048,1394.3904047479075
1207.6484819237974,1393.7618002221982
1206.3569770964032,1393.1920416171579
1205.1578575697383,1392.5812960960689
1204.2284704194033,1392.0325320695865
1204.2586288771624,1390.920280662214
1205.2276229227723,1390.6006926142945
1206.5372760137575,1390.3509756388305
1207.898409527058,1390.021462324484
1209.1384018203964,1389.6208092942238
1211.4481671209705,1388.900681618115
1212.640220161642,1388.8508571515256
1213.76989365341,1388.9309043538342
1214.9379058121028,1388.9620772191051
1215.9884404058994,1388.8823089132252
1216.0688997113093,1387.8220357427488
1215.2187527991227,1387.2922340258424
1214.1682988118002,1386.7405606660272
1213.0686140568446,1386.2317752890772
1212.0385954903227,1385.8319301077972
1210.9473064274594,1385.3412014905016
1209.8693342416523,1384.7493243074794
1209.098382990778,1383.9299478573441
1209.8071813091979,1383.101582601246
1209.9871740824112,1382.0193762327053
1209.46925627473,1381.1509531286868
1208.9993535892895,1379.989758682926
1209.1098421859786,1378.8305334886288
1209.4972957587465,1377.7493510862473
1209.9603205321816,1376.7690294479432
1210.5192909503733,1375.869819937598
1211.508643351578,1375.670139231544
1212.5003804578716,1375.028649224222
1213.1397772619218,1373.9784228438323
1213.4888923519156,1372.949307209199
1213.7587762714834,1371.831101283528
1213.9388540011994,1370.7399171711932
1214.0876898517297,1369.4708679939931
1214.3193427449924,1368.2107075032693
1214.5197247372184,1366.9996219008228
1214.5691049823083,1365.7884172385545
1214.790130173033,1363.1083594137854
1214.997686176768,1361.7185158897214
1215.3996642933396,1359.558996733457
1216.2393986414952,1357.6584946102328
1217.240812385374,1357.4397630757903
1218.3297948028196,1357.1370501586875
1219.380285749689,1356.7774727418646
1220.5004763318336,1356.2690716989641
1221.488643274721,1355.6066338809594
1222.3294310998413,1354.5773823726347
1222.9303417904719,1353.4473486639172
1223.3514530820805,1352.5290691984867
1223.7808915412766,1351.5178202594786
1224.199643575164,1350.1968343295455
1224.530656918993,1348.9887584384371
1224.9014013052863,1347.898496949622
1225.2912665976644,1346.8383636047417
1225.7003362509492,1345.8060640725712
1226.1909663468691,1344.8568700370233
1226.781055470399,1343.827586551561
1227.3412233778502,1342.6975478790864
1227.881106732089,1341.5354856365414
1228.3513015335718,1340.4363590716093
1228.7207875094566,1339.4380706117033
1229.0423137935927,1338.2979260191012
1229.4118886485821,1337.2566437051169
1230.1314995232472,1336.4463368631496
1231.182060938803,1336.2056673277575
1232.2709353019727,1336.116927961028
1233.3910122442796,1335.8671900996749
1234.6310958320423,1335.4666401949346
1235.7019931455243,1334.8662615202395
1236.4528591283752,1334.1358620445062
1236.9913938747327,1333.1256254766856
1237.303418440327,1332.1673311603108
1237.6728165245752,1331.2151293170355
1238.2222391505984,1330.2447957703796
1238.174405665145,1329.1356267703015
1237.594045119269,1328.2361706205309
1236.7020039968247,1327.5675042426797
1235.7029695253561,1327.3665696926535
1234.742367694166,1327.6751827766475
1233.9723871007027,1328.324679545852
1233.1628860897722,1329.1569202513201
1232.122998443902,1329.7974042729559
1230.992237100755,1329.7172550000525
1229.932129432222,1329.1864272446176
1229.0232785224282,1328.6167152046614
1228.1107000587456,1327.9361762656795
1227.330170746069,1327.2145559144947
1226.3312139005457,1327.054521431574
1225.2326643659744,1327.3652124869757
1224.2923741852408,1328.1444677849454
1223.7321483862297,1329.074699701524
1223.3112276638255,1329.7962646060648
1223.1408957316216,1330.0950053569184
1222.4296804004593,1330.9272596453009
1221.700621411559,1330.2057461329352
1221.662226194876,1330.04583581542
1221.410508265592,1328.9056172224764
1221.1996071861709,1327.8453067031426
1221.0198864316403,1326.7950753373855
1220.540623503303,1323.405378807768
1220.450804545785,1322.2342573896192
1220.45096528874,1320.9841425092784
1220.4919598201952,1319.6830586857948
1220.599967280061,1318.4359502904113
1220.8112427734186,1317.2338441562295
1221.090792934285,1315.9736900859841
1221.412340826772,1314.6647618184415
1221.7519211771241,1313.444716529673
1222.1010514212683,1312.322431237639
1222.4322348296903,1311.0933073033364
1222.6817908142102,1309.654390582695
1222.8029943640333,1308.6041979751153
1223.1728447807031,1304.7829760470352
1223.1910394074782,1303.6128660867153
1223.0628965893968,1302.3737076345712
1222.6828628353385,1301.332328560575
1222.1025759487532,1300.4819522776274
1221.311226271033,1299.8222781817315
1220.3505711839343,1299.2335073457132
1219.7607267055985,1298.343028954015
1220.202156302813,1297.212974672855
1220.611302858577,1296.2416245894697
1220.7216989717865,1295.173474900724
1220.410125237777,1293.9224222060868
1219.851410018918,1292.7910423437968
1219.23150033657,1291.6198528789075
1218.693248685868,1290.421640659936
1217.580626850774,1288.2620272475099
1216.8109374798073,1287.272669949226
1215.9714649274429,1286.4311389315478
1214.9414831110837,1285.6605085669134
1213.7903044209754,1285.2415947776994
1212.6606327359866,1285.0507211004124
1211.6101146157728,1284.9116298897961
1210.4696793755338,1285.0103404338483
1208.6313722541424,1284.310632431676
1207.9406783544284,1283.299340079197
1207.169700656131,1282.6217140809422
1206.1192560867398,1281.901058741747
1204.9716877107687,1281.2014392425374
1199.4017845521478,1277.9000795912298
1196.1809083752305,1275.9280390118352
1194.9397852218988,1275.2903560657255
1193.6410294632633,1274.7195010925268
1192.6805115399325,1274.32874441973
1188.2676442410673,1272.4395520261323
1187.0684501244211,1271.6290019988685
1186.159506859934,1271.0682719399563
1185.230185981717,1270.5505333152435
1184.2793218733582,1270.0877564493117
1183.3091560334722,1269.708870235924
1182.328177044619,1269.3570160497395
1178.9177866042548,1268.096501710364
1177.7869961811787,1267.5177892223473
1175.2783716352035,1266.3582392251076
1174.327331405347,1265.967485593855
1171.5082066275315,1264.8977763778803
1170.327000809025,1264.5189651985788
1169.1960956448363,1264.1890397367158
1168.1072552984674,1263.9390223861726
1166.0962107602224,1263.4362154158084
1162.547850019731,1262.3175399437928
1159.1757813745896,1261.106016532412
1158.0556997571982,1260.6561896324445
1155.0865950553577,1259.3467585932444
1154.0673064068474,1258.7860181903031
1153.2064164364265,1258.2682910362798
1152.346558646348,1257.4667644833462
1151.815414063343,1256.5453738109147
1151.1751825385522,1255.5560375931793
1150.1559689030887,1255.0571449849172
1148.9746044423362,1255.2848396290622
1147.9756298834418,1255.8853364755464
1147.06652193991,1256.6557250199078
1146.1358887192962,1257.3361331196318
1144.885014127684,1257.5279085117938
1143.685812216509,1257.4258155568373
1142.3451038512471,1257.1756710688803
1141.9649485729833,1257.055721246827
1141.1051934354216,1256.7749106266892
1140.106265897232,1256.2970695929218
1139.9155268464779,1256.2051734295057
1138.7236247317373,1255.5545357647802
1136.3433096314905,1254.2761049312587
1135.0745663215005,1253.6963834896135
1134.1247631784825,1253.366483861338
1133.063533261023,1253.064502099476
1131.954238683232,1252.7866551476195
1128.2944205443687,1251.8868390691925
1127.2929621514008,1251.7048688937032
1126.253335523941,1251.5358622867207
1125.192085842471,1251.396779374048
1124.1343251952785,1251.2857278171118
1123.0418023189873,1251.2147732967667
1120.522241326416,1251.0355172145971
1119.2235230794456,1250.785580458829
1117.8240342144366,1250.4556294545562
1116.8215902426623,1250.166724179552
1115.4916385305955,1249.645952665866
1114.1822310590358,1249.0751073285678
1113.2036608747815,1248.7053048968298
1111.123120791185,1247.9846391194153
1110.0317908050754,1247.6637031858422
1109.0221049670438,1247.4357474683109
1107.8024564221969,1247.2447760156128
1106.689650821623,1247.1146670016224
1105.580413838685,1247.0436127877156
1102.1421818498225,1246.9352793499463
1100.9393390382693,1246.6644079255018
1099.5806961731464,1246.1644838602015
1098.3000648284783,1245.5327942305746
1097.0204342559844,1244.8741713601337
1096.0599105109006,1244.473349353248
1093.9206847558853,1243.5637468539894
1092.6699837980786,1242.9629851171728
1089.6707717004626,1241.5826461535023
1088.6682520594127,1241.212843505395
1087.6897598177843,1240.872870107305
1086.4185751657408,1240.513012298007
1085.0983285380323,1240.1730998134417
1083.8091850559492,1239.7942870835197
1082.5583702823242,1239.452387802123
1081.3903698077347,1239.153392261945
1078.8888932822765,1238.5826155910654
1076.528856707948,1238.0217312460363
1075.3680170161956,1237.6337568618135
1074.3271941381322,1236.9921222640346
1073.5669436435828,1236.1916116886464
1072.8486834932173,1235.4020788351727
1070.9887666680029,1234.4405413544239
1070.3567069807036,1235.3718713835508
1069.8793077380624,1236.3230698866676
1068.7496733719836,1236.4618996973695
1067.6272313614666,1236.2339356908458
1066.6582173619868,1235.892169964697
1065.517755162483,1235.4513295547044
1064.288647091952,1235.0623513237758
1062.9959255384265,1234.692518861261
1060.266540586011,1234.002715287415
1058.0959961327956,1233.5217594997603
1056.876349008575,1233.2927883907641
1053.2164176737497,1232.53195833687
1051.7474245150927,1232.0601594572622
1050.416295714481,1231.6013440585389
1047.7253606926768,1230.5897425599721
1041.4944630648909,1228.2107266012017
1040.2460728485626,1227.7209980270525
1039.145196241927,1227.212133032916
1038.1943323665232,1226.6424347446916
1037.1162701437408,1225.8499724132532
1036.045434133782,1225.1294334780275
1035.0045402090593,1224.3397685470138
1034.1652088985902,1223.5292771406314
1033.2742268599518,1222.8396817986923
1032.1230519844694,1222.2420312596616
1030.8542916359472,1221.7211785199713
1029.5940029812123,1221.2894070244474
1027.0433518903244,1220.170890543844
1025.8933645226332,1219.3502911340117
1025.0839483728496,1218.7097842601313
1023.1137526935433,1217.0796942657144
1022.3236328453595,1216.3891132928104
1020.4840790187845,1214.6580870713271
1019.6519937915987,1213.7177182838823
1018.8437878633789,1212.639392616363
1018.2251527423869,1211.7090222486102
1017.4720915732178,1210.488752957179
1016.2143982929952,1208.3191724803119
1016.0236815827224,1207.9983438234033
1015.1124187467708,1206.4274231721672
1014.4936954325946,1205.5369545660974
1013.1627949884085,1203.6661293324833
1012.4133921869962,1202.4368830024157
1009.8330618760831,1198.067790560985
1007.2648621992522,1192.983166114055
1006.95194229421,1192.367452447994
1005.7828920831222,1190.1269578624897
1004.871742958917,1188.2352300153304
1003.9941110535941,1186.275473710945
1002.9018207564701,1183.9240613934824
1002.3935283630644,1182.9656729337862
1000.7916059074754,1179.7337800214254
999.7508597272215,1177.4663662224657
998.9320938108847,1175.5436252826032
997.9920592749482,1173.1342726316436
996.6217552174371,1169.5036888868688
993.3920046925558,1160.2019071518232
991.6331417104954,1155.6140461031532
991.1631906780599,1154.5537139145663
990.8621953450905,1153.5924548992139
990.7316754219764,1152.511110123597
990.7316806379364,1152.461133468754
990.6729959119259,1151.462791344626
990.703047878477,1150.3416615599394
991.3327895369961,1149.2915193334209
992.1627492231331,1148.373272593904
993.1234305269736,1147.403067876932
993.8214877630207,1146.7006747004652
994.6441897584529,1146.010165335982
995.6013578775029,1145.2427599664788
996.4240581294885,1144.5713037344126
997.2840231868995,1143.7830397930345
997.9928139078872,1143.0215938081947
998.3322887541327,1142.589895079586
998.7125136139748,1142.1093212826336
999.0340071651472,1141.0811927442771
998.8229971703931,1139.9898640203717
998.6432123001678,1139.2813936561927
997.4825186128032,1138.150063590393
1007.2715015088673,1130.4175845821542
1012.7249579295925,1126.1112947772835
1009.8351985478724,1122.4905227770298
1007.2721171862917,1124.615704526989
995.3638361649727,1134.499450849133
992.0818404759434,1130.8816357018627
990.9414016267368,1130.8595707511088
989.7217800253733,1131.0412946799513
988.5020848827367,1131.1311455174991
987.1529260036003,1131.1710064005858
985.9513698490023,1131.14883594006
983.6224262337518,1131.1396164939733
981.2814213114498,1131.1703976484648
980.2525232547924,1130.8304301696965
979.5714353449629,1129.8601544647763
978.4215515773844,1127.8884021549418
977.9203134770308,1127.0099186017387
977.8028400960119,1126.800024519846
977.0319299745277,1125.9906426254354
975.9225167009345,1125.8696269065076
974.7209410842815,1126.0303065699
973.6727067737268,1126.1191793766316
972.6115106741496,1126.1100927540947
971.5020645334683,1126.309785991397
970.4108052253586,1125.9279166166818
969.6014089121046,1124.9785768165368
969.049876719414,1123.959236241258
968.9001474981715,1122.859036383274
968.4612792537444,1121.9186125990072
967.6111274050683,1121.0680250702055
966.8412038120782,1120.3565025816051
965.9802305067932,1119.6169400712727
964.0496842869959,1117.8270610414286
962.3397340632372,1116.1171075500695
961.6993699092466,1115.327591154076
960.9115906038456,1114.388129924935
960.2892816268138,1113.4877889862737
959.6705794416657,1112.2775134294423
959.3504554092291,1111.306178410076
959.0699170030452,1110.2868658319314
958.7594384788862,1109.316629097782
958.3997334196308,1108.3452901247554
958.0509289948421,1107.2979398707112
957.7200149013967,1106.1267969809655
957.4394923831212,1104.9465815954431
956.1412606130187,1099.6261821440664
954.9005270295893,1094.726550175351
953.5195653212804,1089.3032966795236
952.4405787084704,1085.8955989908645
951.7991960490926,1083.625138475442
951.4599619106978,1082.4850184387838
951.1002571844153,1081.4926317286438
950.6998118930734,1080.4542544553042
948.8894708597345,1075.5735195975296
948.1892963320324,1073.3121310750194
946.6511972810458,1067.5929933376524
946.2712179905071,1066.440799249989
945.8599704336027,1065.3136402552745
945.4595393071679,1064.120345605587
945.0902088473358,1062.913188292605
944.7594658620916,1061.6620434168979
944.4788554926628,1060.4997841637814
944.1815989321157,1059.4925406406248
943.5808544997432,1058.2603221841562
942.6611992440769,1057.2000476140709
941.680243679873,1056.3006699051834
940.778550083506,1055.231219953066
940.2905330852738,1054.2818148533897
939.8792788517164,1053.2096204754096
939.4896658127982,1051.9214613210645
938.6911453142549,1049.3701793596558
938.248722727279,1048.1500471149607
937.8795463784962,1047.0507239640056
937.0882247642528,1044.8502769126087
936.6182669836037,1043.7409684907213
932.7898304321538,1034.8889398567985
931.1592837998805,1031.3572964836746
930.6485157677666,1030.0481775550265
930.0789600580488,1028.717107070397
929.3979722066919,1027.4468755131948
928.6401452237347,1026.2266131300805
927.1892692080094,1023.7682389600387
925.198820145081,1020.3265394333633
923.7587485383028,1017.907070834934
919.6675738452351,1011.1075559593766
918.9180424599552,1010.065255924513
918.0883522124899,1009.0058903023017
917.1973667010725,1008.0565472443271
914.6468680532506,1004.623773757608
912.9885035789787,1002.2942637293476
910.3864729427164,998.5845699777262
907.8575975553244,995.0659124389043
906.9174868872323,993.8946135273555
905.1967428004396,991.6730325131745
903.5071747948962,989.5134018817804
901.8859426316844,987.5226611866109
901.0369547597026,986.484243551011
900.2480157040236,985.3221370064208
898.6376221732007,983.014579930263
897.717881096505,981.8522617138958
896.7585562389111,980.7129829750388
895.7177430841064,979.5417754324353
892.8566373813069,976.2228974532958
891.9380619146461,975.0305540357438
888.8767752190842,971.1021629304724
887.3358572325982,969.1822574727951
885.5659392131225,967.1825278876469
883.7276762778165,965.0898217630272
879.8568436302028,960.6097199605293
879.006613065545,959.4694556281044
877.325433702703,957.2908773187136
876.4465043111572,956.2585441396951
875.5171819840906,955.2391743885744
873.6956265162688,953.1685173676267
870.0755597376946,948.8881497609478
869.1353684662533,947.58807254151
868.1257429939762,946.2878893213638
867.134062893302,945.1595835950357
866.1255838905897,944.0473367878507
863.2740109303281,940.8273247514546
861.2150681810264,938.4888097273733
860.0854341757697,937.3484220254583
858.1740577703406,935.3576626675538
855.5754007675579,932.5255184838751
853.8437953844182,930.6157762727629
853.0835786337451,929.8851113624978
852.0438978674546,928.9457365474642
850.0437026062992,927.025895808183
849.0231568028605,925.9745993172902
845.9546094415718,922.8965227716313
843.7636630219542,920.884693403282
842.6436672155207,919.7844096792593
841.5835425199263,918.6841313957617
840.4323577028302,917.6457922499903
839.2716030371386,916.6842628044365
838.173134277923,915.6859298589552
837.143109833817,914.5946325701062
835.1116556211424,912.5238648179085
834.0120201042477,911.5445852253577
832.871636966093,910.5830583621339
828.3135230166524,906.6044795780464
827.252307374664,905.5822102573848
823.0719629503412,901.582618899376
821.8822629468596,900.6642824700012
820.7011175664952,899.8626588301354
819.5222898700812,899.1820368443799
818.3411230786603,898.624311435261
817.1897998025696,898.1705321642842
815.0300147223155,897.2430355465426
813.9410740753993,896.5934453963824
812.8006681095528,895.8537733198309
810.5413990671997,894.3007133845437
809.549597288312,893.4802538467213
806.5288644512892,891.1016676270657
805.4507318921347,890.4610572091899
804.3594573336437,889.8603473092293
803.3496828574847,889.1607884520917
802.3196335292142,888.2823695031705
801.3794781681215,887.3609643878403
800.5508315970241,886.4615145913901
799.8589647146129,885.681980413281
799.1406469545469,884.9913246583081
798.339587238623,884.3317851659443
797.4989425495642,883.7091513120537
796.6283590843701,883.1204312990678
794.0884585743335,881.2996126852968
793.1590127726397,880.569038227418
792.2188454164677,879.7715281908557
791.1995985368735,878.9610436721788
790.1587278513063,878.1904589643306
789.1297432659736,877.478929581257
788.0480364770935,876.7882444736188
786.9388000530071,876.1597038019098
785.8187492925924,875.579941944518
784.7189850828179,875.0382878349375
783.6481625917346,874.4495524653674
782.5699426977134,873.8180222493088
781.4991257858902,873.1583622074096
776.5296003407988,870.2399575603273
769.5068961327511,866.1973635754512
768.3771978457346,865.6087249172688
762.8164273532034,862.7362661285694
760.4155159070926,861.3460049498206
759.1875351053961,860.656408726671
758.0578362362245,860.0587934682233
755.6558384974459,858.7175125053939
753.4372828990438,857.3463205857788
752.3663828186077,856.6377844951178
748.8166696906536,854.3051613453765
747.7841796594206,853.685509396749
745.8246409984141,852.4342436832213
743.7955847268271,851.1738953424336
739.6942304789133,848.6445180161409
736.3136472556938,846.3368511785551
735.2356004942088,845.5353459884969
734.1742636826007,844.7868114515524
731.9940432813597,843.3256496503134
726.3925607775183,839.6927863120798
724.9930371924919,838.8452712204845
716.5324613596432,833.5143869913493
715.3536172880698,832.8427558433619
714.2036233942919,832.232176312759
711.7631832080945,831.0428285806039
710.5819080523348,830.6239738490159
709.542156749724,830.2942099438976
708.3416817464253,829.751459897728
707.2528159021462,829.0120039291172
706.4205594885261,828.383293835241
704.5618018919824,827.034185757896
696.9311766884114,821.7422846883748
693.149980603817,818.7412156160444
690.3509564551845,816.5594969625982
687.4692756397694,814.3599172286871
686.4187483140281,813.5214109739564
683.9687889180866,811.6106506359183
682.5992854194723,810.6402473773987
679.3589608113069,808.2986947702827
677.1812345106586,806.6097082634121
675.1797101527609,804.9796892516355
670.5794711417271,801.2080731017229
669.5397454008199,800.4504697814953
665.2478098378583,797.1595912852998
664.2188259073243,796.1792391884089
663.1395311944931,795.2178369087244
662.0998128562175,794.3363402573804
655.3578356309857,788.8767490818001
653.3875710762408,787.2367614923536
651.258899939885,785.5089801545199
649.0571309636174,783.8258839757442
646.1753414421572,781.7151974648435
644.3573213460747,780.2362246724383
641.5764120118936,777.9156645443912
640.5174732603947,777.1450951456069
639.3950011065463,776.405544996202
638.326415247675,775.6450503144899
637.2075244968782,774.8155227906756
634.2970455360681,772.6338133259098
631.2773918395311,770.2952846214109
630.0158008203534,769.5158248391531
627.6868694321453,767.9747745498034
624.604838498641,765.744177404823
622.4054747392028,764.0153006531616
613.9641716499206,757.0636111951102
606.5133959646494,750.3709532541461
605.4724269232338,749.3826265284143
604.532232274025,748.5620921249229
601.1240045108146,745.7519126908309
599.123701595799,744.1219099408432
598.2937558028642,743.5432859300646
597.0742319244766,742.821790130939
596.162700383719,742.3899986767991
594.0233223989683,741.3395574855333
592.851615646165,740.5719789948398
591.6835746648688,739.6905818691371
590.5322495647086,738.7821526660176
589.5716775480106,737.9896492856786
588.5835853413525,737.1212317118001
584.412689521404,733.4916338905722
580.1518025826896,730.0708169920526
579.0724111260487,729.0694231065995
578.0123147061665,728.0190514371766
577.0409435255978,727.0076889906566
576.181079935404,726.0773334437166
575.2924427188079,725.1690218068652
574.3619771991663,724.2684885122459
571.7703898254678,721.8101008257582
570.0806655628941,720.1892005551157
569.2616299574399,719.2677261735151
566.9219292810312,716.6675051278543
566.0200690252982,715.7491184560821
563.711625268701,713.2866599794157
562.8708867732712,712.3283757492179
560.4701628720331,709.4382683552047
559.7098409837023,708.3968943001827
557.4194089355243,705.0261807245487
556.5992176002337,703.9169708719131
555.7284675796117,702.7956879299018
554.0795903010248,700.7770748192493
552.1332707470783,698.5924544952486
550.5203039845903,696.7747481148798
544.999079262372,690.2241009418015
544.1380409929391,689.3635758871538
543.2698458899607,688.5941256605614
541.6388958138293,687.0930381220736
540.8378099465017,686.2855857770783
539.1372755712484,684.455806178767
538.3085957319296,683.3924841688389
537.5303112996976,682.2832783738113
536.8983740827849,681.3249085606767
536.2483913761957,680.3725229901406
534.8692571565336,678.5238091227511
534.1186508301578,677.6333650985034
532.4192945575613,675.5048243762477
531.6278752219657,674.3026478715672
530.1971245955394,671.9921718152913
529.5580428886299,670.8828747102824
525.9473090592442,664.5103062684079
525.1785908365944,663.2900761554017
524.3367745203594,662.1228112928009
523.5069284208507,661.0315595055703
522.6878125656543,659.882351472603
521.9478582105929,658.8010801453861
521.077277785361,657.4700183910853
519.6262223394103,655.3314185296249
518.1680990197119,653.1719699852897
515.9975601111006,649.6403704682633
514.9086319667246,647.859507894531
513.4467660412398,645.6690364875491
512.6973268131243,644.6397370857512
511.9465590585967,643.5704364248468
510.427142764744,641.459865127416
508.19787170282865,638.2579503450161
506.77675079023845,636.0484292159376
504.6554168502617,632.8166946929326
503.87703955206047,631.7383156376624
503.066397212914,630.6571418298796
501.5073881803862,628.6574960359142
499.99643822044715,626.7557114402418
496.4645812963664,622.0259030161332
495.7666979793416,620.9566064387091
495.07596873337144,619.8354383528205
492.5156898269221,615.6352746471233
491.1845355644372,613.4757372096665
490.4445749824689,612.3755152094853
488.08458585378037,608.8049087969391
486.5567801781638,606.2966229328521
485.80369190415956,604.9564929413001
485.13691629894186,603.705447494183
482.91474090414164,599.6252077251555
482.28521002291143,598.5529230394827
481.00443886791055,596.5043157800703
479.09530073858394,593.3643713223917
477.2641597334964,590.2925629735893
476.0960608958614,588.3238647857377
475.44366557182826,587.1436459078594
472.2155559847744,580.7530624405695
471.62427259210995,579.7327520777486
471.0055445584521,578.7624169985356
469.27501147684717,575.8413431080204
466.12348124603045,569.4698185652005
463.54529149400133,563.679787468383
462.50435676169354,561.2615072752653
461.3951423474155,558.9779911389734
460.76319611885094,557.8777767860806
460.1443847618119,556.8584633768171
457.9940970589022,553.2379980516722
455.46497659476654,548.8589878545705
454.8942338283564,547.7467066525977
451.6838722894008,541.7877656753566
451.013502411567,540.7375267813846
450.31311282862174,539.6772113883004
447.67244627403977,535.8068422131855
446.9529249330193,534.8455816011241
444.89381450234,532.0174673360868
443.5218753989317,530.1747527019863
442.7927819793631,529.3862653858082
441.79367506283523,528.5757199881615
440.62209707513784,527.7862147268071
439.42274314799045,527.0167588103487
438.5136839985424,526.4650787956068
434.01153716893856,523.8947177215698
431.8504786024253,522.6745316247783
429.7013088345918,521.5043231635409
427.43106247016846,520.2840333745703
426.292903287911,519.6853602301578
425.06252021182206,519.1157114156512
423.83197206394516,518.5151391095532
421.34102725927534,517.18401456984
419.08034635384746,515.8647715414924
418.11972862421743,515.273089978941
416.14927296181025,513.8650796441412
415.08081125677256,512.9837089024622
413.2806720624574,511.362732461351
412.5406857755302,510.46332089983633
411.93026474640646,509.453088653181
411.43976212713267,508.34380622033507
411.0512938497304,507.2525836471853
410.8619085862221,506.1123906444993
410.8619579351102,504.9721060852176
410.90034629086176,503.7620953515177
411.04201515690744,498.7605506809241
411.26063423508475,493.1006349639563
411.34004584817353,487.450688636605
411.3712129838143,485.9307428792432
411.3017466464922,484.68072627159665
411.0403144583381,482.3412912183781
410.6315252965814,479.9999544882835
409.760918130105,476.62036136054047
407.73188169943063,471.9885103473571
406.98235989032156,470.35860254749036
406.10094479719294,468.80869162846204
404.17977203916934,465.8877216733521
402.0199215906109,463.22849571395716
400.66115807429725,462.0583274294846
399.1787267708734,461.13684010743617
397.50933544844315,460.66812720342074
395.79069483253363,460.6590775725633
394.07079651363085,460.89881391038534
392.8294398434851,462.02697675874856
393.1688239854665,463.70873835319964
393.358189860606,465.3886981805742
393.0883519901926,467.10734342620606
392.39025128677116,468.7282123516798
391.29873524720296,470.15823628964284
390.1402001884736,471.4301479952848
386.74958237738025,475.3093307753512
383.39728963134826,479.53017275977453
382.3981649549864,480.96907954948836
380.43831435968065,484.3805772889937
379.878113489435,485.5107642617085
379.5076028782133,486.50000687212224
379.3767561657091,487.46142779122215
379.34922073389106,487.7112099532321
379.43906750481705,488.9003773830566
379.77722775186385,490.0306003162831
380.2378011811833,491.05977766295496
381.08797211507635,492.08009258947874
381.9478916709164,492.62178973144654
383.9663635025623,493.4292775952054
384.398099312216,493.9898111049475
385.08882962762317,495.63268277741406
385.20747516490434,498.2120190174517
384.60878947763484,503.02151967192486
385.4793361163343,508.0529321680487
386.65812867854083,511.5525394731561
389.2184259224058,517.1325669624274
389.64757383339105,521.9552771126887
390.1895146622749,526.0252504937707
390.1784319695061,532.6466017088237
389.65652381545914,536.8954896147195
390.56905829164543,541.9550350941785
393.94843827520515,547.8369525555619
397.0773568857542,551.3865193385711
400.76755421141155,553.7870478819996
404.10876629758263,555.477915115114
406.7879793414089,556.6581159091028
407.6178502539118,557.6964878582463
406.6499446614918,560.3685489643412
404.21998674038656,562.3889565781764
400.99851110588736,564.9499964651205
397.76753698893754,566.00914519692
393.19813843593005,567.0871927102894
389.1167920268525,568.2092537940305
384.8471370135058,570.3285468503892
382.6762030077135,574.8981766046647
382.38588186855895,577.3993894751387
382.70474978339666,580.4991491733817
384.92577722184325,583.3003232183921
387.99593131551194,583.9289963334011
392.41663991984257,584.7516473909382
396.4869832410956,586.0888155285846
398.1767404758074,588.199375558827
400.336632262465,591.2013548981008
402.2374581847407,592.9200919804555
405.11700828256414,593.6108093823141
408.9283606271936,593.7798558224201
412.509529644749,594.0208162130907
417.0092866330403,595.4719305733958
421.0700284096933,597.4938183440526
426.2401335613346,600.3839141792822
429.72052859127854,602.1128029686665
434.5392523419082,603.973728360947
439.71169539418787,606.4942441468696
443.810801139696,609.4832557363666
448.02132675251227,614.4128831833616
450.76156758472365,618.8348956886673
454.64225195431175,624.4270746820445
457.7517762330588,629.0949001320283
463.23341840525006,639.306954357117
466.76143360161115,644.5783133096514
470.4322503033053,651.027871899019
474.2229677829145,657.609511894122
476.47259448867726,662.9608133017962
479.39250798280267,669.0715742303845
484.41362197326896,676.8602010090492
488.4333305887857,683.4917354779532
496.3049051520188,695.4646859565745
498.2920187569747,698.5894758663511
500.57522733717,702.1760418338406
504.453476989529,708.5757482019517
508.1445548001734,714.6276049312521
512.1943200179221,719.9670413353367
517.0847352893051,724.816834180766
522.7656248664468,728.2466786689323
526.7855251997382,730.548319278265
530.6361740296676,734.8105120431641
535.0972886744087,740.2088360805366
538.0269522159084,743.4008219555438
542.8587510908511,746.2019824292958
548.4089623946164,748.5007272756039
552.7872938898439,752.9218673400266
556.5996099712362,756.7923356166466
558.5386465576016,760.9924809095645
560.6694627358768,766.2029438213309
565.4388398408582,771.0127535139894
569.2402763752835,774.4445093640135
574.2891157520431,776.7741630501707
577.161354362217,778.9748050173109
577.5592621383655,782.9649788903655
574.9291212510951,784.3947891385967
570.2387582374412,783.6640095889651
565.4105126394345,781.6950807038128
562.0202590950576,780.083058436102
557.8073188863286,777.4636757242081
556.02772808158,775.5439103350657
553.7672616773871,771.9233159417084
550.6084649853564,768.2019186861426
547.1979154425204,765.1228223154152
542.3182239399408,762.4204130168516
538.7863824578405,761.6098125426554
533.2156228176741,761.0428967865489
527.7757251395242,759.4307718919156
520.2442744795217,757.9793383065801
515.1951957607644,758.098966954026
513.6156727139038,760.672128809871
512.5851584129839,766.1102479592317
513.304506278957,769.8325976328664
514.0744146549509,770.4422343980943
515.2149421212706,771.1816709494715
515.9931776990971,771.5735459075729
517.133718008867,772.0721771640701
518.1638313614487,772.491897316572
520.2230647476638,773.2435546169102
521.3744231861245,773.5913593173731
523.6062112505517,774.2240206143658
524.7646409697835,774.5128716572449
529.3650931159918,775.7332150758565
531.9867052262376,776.5438607662398
533.3862742677053,777.0524838716378
534.7246386388684,777.5922268981598
537.1363511721559,778.6336923487836
538.3463206808484,779.2033547522033
540.7473036997529,780.2726518112032
548.4476814008232,783.5946936457273
549.997172708133,784.2044781603441
551.5478297408316,784.7840376070632
554.4068310419252,785.8755100821763
555.7367901528099,786.4850832103722
556.9384408413727,787.0738004686474
560.0564411388257,788.6758294989182
565.1785116170767,791.4061934931648
566.1774248697745,792.0347015986916
566.8682295260161,792.9352198662828
566.9089054497155,794.1143115415667
566.8789071161242,795.1566366216089
566.8881736630991,798.7271229439845
567.0884277415893,799.8672204457514
567.358287880791,800.9276188810218
567.8690447715031,802.0767128032529
568.5393994666882,802.8562286860938
569.7182613819847,803.4657947409164
570.8899831536604,803.8856288929428
572.2798968822561,804.4463286250129
573.3089207314403,804.9080510418579
581.810349008348,808.8777697907877
582.7505575032399,809.40742009331
582.4399055365375,810.476661435435
581.4791893643414,810.7873354626615
580.4909530153934,811.0281802791612
579.4992095428723,811.5087332365687
579.5710597892876,812.8088282061074
579.8096426326663,814.0170601502093
580.3000210884418,816.5771702734785
580.7495857231426,818.878516712637
581.2196090126638,819.779022557613
582.4393181693216,820.0498289776724
583.4694535988018,819.9788675659316
584.7790797858704,819.8281204841844
585.8404792665766,819.7972622587898
586.9702288022191,819.8282557071784
590.2117908420266,819.95733852116
591.3799507344017,820.1083386398178
592.6619468775523,820.3182007195079
593.8504728582627,820.5802283331813
595.0508857633835,820.9099896311311
596.2501307052974,821.298805232012
597.451783219422,821.7485706765274
598.6210861552337,822.229357645464
599.7015794397926,822.701061561172
601.7211183842586,823.6404706437851
603.9013845940129,824.7677266846188
604.9722165760447,825.4703605114365
605.8704996972602,826.1889440504457
606.6416326245928,826.9905146621699
607.5433804617362,828.1396357576938
608.1513589008377,828.9901751519902
608.7318121996866,829.8494911471994
609.3432855203708,830.6600295866915
610.2211676304158,831.8002713286469
611.1817098452083,832.8815640063989
612.2117751285572,833.8798661504882
613.3115371700266,834.6813587589927
614.4723443417087,835.3400080775285
615.6620114120519,835.9196544435522
616.8528509481507,836.3694216517997
618.02208740877,836.5513487837111
619.2130476553317,836.422544547568
620.4338732741754,836.1018161893076
621.5636542486063,835.6211767733889
622.531535593168,835.0816721623378
623.6240592938055,834.6600847631236
624.9133187212115,834.3923307265641
625.9219103672382,834.4013750109627
627.1140022207708,834.7712408334328
628.2136911879143,835.3997621591848
630.9431575956327,837.0608431114381
631.0053685200487,838.1510559792142
630.3241828595811,839.0513880786693
629.5745650091228,839.8827858501633
628.6834137404293,840.7610585620723
627.7946712973275,841.6823253955209
626.8436438085963,842.6316189993809
625.8038170005732,843.4229966550904
624.7843721123093,844.0825013089703
623.7720884450079,844.5939719779678
622.5932522738997,844.9906152635392
621.4634932999683,845.1514440432678
620.4020992103974,845.14139924415
619.3239922002263,845.1113029728629
618.3837925315488,844.5317721410372
618.1728126676779,843.4813514012603
617.2122449092626,842.8218168565257
616.1125451209006,842.3620801379142
614.6830491634602,841.931250776647
613.6108580182809,841.7123216809229
612.5530515278433,841.5114490680627
610.0514304735542,841.1205525446655
609.0008538159399,840.9906057094054
605.7904203635904,840.53173255466
601.4011119191647,839.7700331028682
599.1824720265402,839.3112250698872
593.4488248071744,837.9797508728298
591.2612936992173,837.3690216785866
590.0584753868916,836.9723259304027
586.8792584167865,835.9397772991459
579.9187046019575,833.6989800885876
577.6893552692322,832.9103905319656
575.218861524955,832.0098631762155
570.8092276861037,830.3487968486095
568.5582667348343,829.3873348905689
567.4668875373793,828.7777741855708
566.6166573412818,828.1980543648824
565.788055667636,827.4805759869143
566.2677599862063,826.4173293839162
567.2980129249913,825.7578191047279
568.4385218835105,825.2373722716626
569.7277936351334,824.7596291024287
571.027790880915,824.3101170624803
572.2679910569708,823.9994588150122
573.3496915085008,823.7776717436924
574.4002946946985,823.50889890678
575.447248173184,823.0901960701041
575.8491145641381,822.1200154874174
575.6692261529632,821.1276542961895
575.2783802163534,820.0005130062889
574.8490352916622,818.8382560906542
574.5085816366482,817.7080255233166
574.3899087519271,816.4969080961025
574.4595006638478,815.2767244776688
574.5495367700327,814.2565483552726
574.3901663923557,812.2389194351272
573.658607335469,811.5083785121483
572.3383002585974,810.8767578600614
571.2289316504334,810.6978325713104
570.0500365414999,810.6577604593052
568.8088530414434,810.6976872618369
565.1281736599702,810.0469732715925
560.1692745841469,809.9666768667017
556.9682769524973,810.0375131947034
555.1165628802106,810.1082298984829
550.3854474555361,809.6762202220285
546.6869017572905,808.7857043331757
543.3254304085497,807.1066558142098
540.2662208708995,804.1056890524686
537.1254793302475,800.2972121195613
533.7557114651786,796.7166606643284
529.124336556207,792.5043993275999
522.7935175017332,788.005154770816
517.893387551836,785.0630485673219
512.1729610238618,781.3921995351243
508.5728710535161,778.6929690024784
505.67323460228886,773.8123623312448
505.45282044587765,770.0820594669344
505.27294959536846,768.6030011886529
504.9829357402319,764.8316958716878
505.25296979102984,761.2113477836765
506.45485781867524,757.4700481056484
508.07280593503344,754.7410717865552
508.5539250945219,752.0510385009476
508.70509598436087,750.6299548590856
506.98431269381933,748.1287373545754
505.103811581973,746.6986672987624
501.49281167018916,745.5981921433211
497.3936351144598,745.4290934223286
491.7821738241086,745.3698466181239
486.91186953999517,745.588455279198
481.2715464824607,745.6590925778695
476.4599614029449,745.6678277082801
469.7212201024598,744.2195664178212
468.04109715640277,741.5483776447246
465.2290200592662,736.0970967871797
461.299211015578,731.1465261783657
455.87997084164806,724.7367877339882
447.60024702547776,719.6160346311059
441.4480310755059,715.394767130058
433.4861849648405,710.5747986951628
424.3369195048934,704.3138411891148
420.8364480566664,698.5857264386775
418.7666639828293,695.1720622964859
416.65597130669596,691.62253224552
415.00715705192937,687.4414820110329
415.18723851843436,684.4616465280617
417.9374413082963,679.7100981579633
420.05670129921674,677.6216479080019
422.2383361587841,675.3913511177329
423.0983636828508,671.2192895734614
422.18711658760543,667.7986937637428
421.1569683950235,665.9380415294617
420.5274632950892,662.3484755935325
419.23835798001295,658.7280566775822
417.4383315236215,657.0791480577727
414.8467435596195,655.1874045999889
409.676489216387,654.4387279039884
405.9754510718883,653.7169504814126
399.6744168340688,653.1871903590135
393.0555028325988,651.926725241984
388.2138825111614,651.1561280238631
375.3946271149987,649.454811507844
367.46245682232666,649.0758360483804
359.5517365261161,650.9950940348416
347.261181199955,654.035429250446
339.86861782326514,656.0257472699533
336.55852772121256,656.7562256159986
332.6486532261,659.1063852966272
330.40943121014243,663.0564548249495
325.27771757053654,658.6724006992818
321.20871505698875,655.1967426815523
323.7189991415178,649.6258817850326
326.91899189726377,644.0338975362359
329.438748159981,641.2639235472044
334.5096333840611,635.2124416387771
338.80933768049687,631.1334649928299
342.85944314865117,628.3726269462452
346.82087865213464,626.3421841240931
351.7116706864659,624.6046542733415
356.63259579109575,622.112590944648
361.0124451869432,621.1145210240735
367.04262700971316,620.3352766845168
372.5628974935868,621.4627087306736
377.7427090424537,622.8839051299234
382.94406004643685,624.2241052142838
390.1638833786095,625.6233453312126
393.90684407088577,626.3660665747428
398.98703674586005,627.5644206417207
402.45663958642706,628.7446535877642
406.42868054832263,629.8539844067727
411.8783003242069,629.9872907288436
417.3771975800416,629.0161291685746
422.54858623080577,628.865430548462
427.6084526030246,628.9056583400092
433.8700190192152,629.0568698113346
438.781200654689,629.0850265636992
442.25082852061956,627.8250985774885
443.06060748526284,624.3956034709145
442.33150053855,622.2671243744562
439.4592166050887,619.3461023596569
435.40932242431865,616.8036922606925
431.27898911283177,614.7847877474355
423.00877970746984,610.1728013134249
417.1682272404008,608.1139254288236
411.7761870624096,606.8936023249893
405.15723513368806,605.8032089405159
399.86711539877484,605.2412714752821
397.07752673015045,604.9823932512884
391.0355054676728,602.1821554246233
387.8466247740895,599.1221791512683
384.7670138863742,595.9912835001953
380.6343162501171,592.299730708386
376.99446088317893,589.3516637229181
374.8550278781513,586.1009047498296
372.9447273212848,581.9688312204472
371.4445282934978,576.490597794662
370.73597332947713,571.4192909234243
370.44592659238856,566.9662739568438
370.3560984429826,563.1580728121154
371.123940231336,555.6064477435442
371.63501649322376,551.6652984681934
371.79471702142706,546.4650441841814
371.3043686515285,543.4672265840123
369.5858153488983,539.4638437759664
367.9657787006933,536.084225041922
365.00473962277323,532.5526300523411
363.0955441058843,529.5737116997278
360.4356349323175,525.5644092016362
358.8730424889967,522.5145800169087
358.514520719423,518.823180670104
358.0060857086366,516.7716268240948
356.6160856325035,517.0513836455431
355.5762356397247,518.1116267527867
353.9031645101019,520.6437122516256
352.5549431725375,522.2835132182703
351.0341510734212,524.4120014049537
349.5240942684397,526.3444742017398
347.59200087618086,528.5438727033309
345.5626014130119,531.0730538081156
343.21303576565055,533.8429294644203
341.03146002430367,536.3540506371575
338.8234683193448,538.104748874561
335.5323199517087,540.5449069069332
330.6210580882738,543.8842891966615
326.08993452005524,546.6452153459463
322.409200835064,548.9864089104408
318.7212477742151,550.9239004033909
314.73941670986574,552.8464205378087
309.8593142707165,554.8158969778754
306.45923231004474,557.5667943984762
304.7272638228873,561.3969818244161
304.0878714439746,566.3354682350466
303.2985251239684,571.9374118655795
301.94798649084345,576.3462833519543
300.36831934575736,579.0882632746625
298.63653200549777,580.0065413150814
298.8885235601094,576.6079402803539
298.84772650392915,575.547756548917
298.8681609580144,573.6160265712161
299.3768345690463,571.0468857709583
299.6288149614922,568.018171549658
300.03652326830894,565.8366705359762
300.4684449279563,563.2055803411802
301.2576191455367,560.3765901514463
302.5493993208533,557.5666689958249
305.25868633864695,554.8556494203175
308.0003876139535,552.7262955625841
309.98060399065605,550.8746319237049
312.6694886676608,549.1559637125638
315.26856151224655,547.504228018382
318.4695805092451,544.4235413632872
321.0997581172045,540.2725789551861
322.8700582413448,536.8740302273612
324.6008083104631,532.542184822052
325.03994801019616,528.21328806533
324.33129769986766,525.1014470205056
321.07156710635616,523.0738421892762
319.6804223187655,522.8339873400894
318.2904091891931,521.0831633837863
318.2809999046567,516.4923978849193
318.38062688736494,513.9102766348271
318.19132407135635,509.98206924276303
318.4708452289132,506.7223271460771
319.40043514835327,502.87116723165303
319.86115072382756,497.38901862278414
318.9103041206669,490.3680219937939
319.24138142212445,489.66856018149684
319.5220617451525,489.05797723520527
319.72232484387973,488.53736942034647
319.88183957578866,488.0387060512821
320.01266738336614,487.4592412278964
320.1517296452468,486.82760549090705
320.7010639286154,484.6802261655437
324.9625875758921,475.44886463234093
325.8129359490819,473.93602921085034
326.59385011280517,472.3371040395638
327.4333875482859,470.84920682077296
329.5431427047905,467.84749159536443
330.66217594816595,466.3965132438126
331.7032017458949,465.0874818161444
332.9636864206743,463.6974581927405
334.16312810297524,462.4464892432709
335.5148311739668,461.2662511964106
336.6625508311851,459.95732384157355
337.5537337072906,458.43541336435965
337.92443115596996,456.7776199058389
337.8440771745553,455.0769163146856
337.67507624094674,453.36703223930857
337.84420459372274,451.4963572399359
338.264136072978,449.7347219662261
339.44552873321595,446.3261804456034
340.66542056328626,443.035549334379
341.975132834609,439.522969663129
342.7044166327242,437.76443812697994
343.38572126952516,435.91572758418687
343.9841959583137,434.1749475862954
344.6367248716306,432.41521639032493
345.3455498141722,430.7333949255556
346.56544816772305,427.37493213508196
347.1856302996057,425.5841765572874
347.91724280526455,423.8744250975124
349.59767905914043,420.481963616214
350.4167698435924,418.9320209902855
351.2155723183159,417.3212279436328
354.0283433838616,410.681028668736
356.75587950078926,404.05988003563
357.37838481050136,402.50105258913334
358.12804568494005,400.8121511748915
360.4477147650536,395.759914291013
361.26698752055717,393.90123500942116
365.2898011486722,385.7002395228716
366.2193458559406,383.82061666950915
367.09848563511184,382.2178084395565
373.1399573742647,373.11961031243203
374.0599238969953,371.68758265583534
375.18979348012965,370.04777646352096
384.33165354298063,358.46644053626306
395.29293968502543,346.02581124723486
396.4539035720996,344.72477243661064
402.93422548516105,338.4364736677951
404.1756029996368,337.2264145803178
405.5129463808996,336.03621072946106
406.81311431384296,334.9241126135442
409.7239644365058,332.8268169850627
412.76446085964653,330.7563616287849
414.15452137965025,329.754196984298
418.7265139424137,327.1852416127379
421.97564548535695,325.49346337425965
423.5276095924203,324.72612746002073
425.3253974921161,323.89476094425515
426.96733411509723,323.28424240055443
428.6668975045823,322.74584864759373
430.36762230099026,322.274190456967
432.19658026432114,321.7936603367475
433.8864912458466,321.3959197564858
435.71793385651625,321.14422536120594
442.7173475381558,320.9556156962085
444.4179690850168,320.93474687931905
446.3081096910244,320.96585893114604
448.14801790722515,321.07687169092947
449.8306670215293,321.2647874337834
451.5480748579928,321.49569895926584
453.300239179821,321.816590270691
456.7495829263483,322.7870595753444
458.42980341554824,323.31683257108676
460.3199961948673,323.97639556911787
463.5797149004818,325.3355982391412
465.1700298079411,326.0471192364629
466.7519435178236,326.7956487009518
468.34940328793925,327.63724936939514
471.64994314027484,329.15616247152616
473.3013803510995,329.84683935059184
474.99124070827446,330.4664938217531
476.7122927675716,330.9472930422349
480.19275689865765,331.43705947623386
482.03257659785834,331.6059359277611
483.72245424152504,331.86897256731817
488.79198239689083,333.0673736095192
492.31441907222455,333.97691011716887
495.77448559009997,334.8793621705235
499.25368045044434,335.73902216375546
500.9339826614082,336.20775344609416
502.6550286107648,336.7594822375529
504.28358693269206,337.56986771480143
505.76245113617216,338.4973563147157
507.29387502190855,339.3687863870034
508.90455694668077,340.10834659472295
510.5045168141233,340.74007277394475
512.153630040992,341.25768366631746
513.8049903919919,341.73848586533876
515.4948665550585,341.9793828421538
516.0142769477069,342.0783667033598
516.9640340103529,342.2693469084931
517.614056620802,342.9498021615567
517.5349177779607,343.939154821976
517.0359271952756,344.5306669478424
516.7360891241403,345.39900639244354
516.7743784315489,346.26846153419046
517.053752442122,347.0509445987409
517.7145117011904,347.5595248548522
518.564885238381,347.8803790923352
520.2439555669772,348.0093527040967
521.9159069654021,347.54080168943915
523.295087975929,346.4415920634802
523.8553429045704,344.7898018085139
523.5652070633009,343.1289868173904
525.0967997727962,342.40865034296235
528.4154186128444,341.57938263332596
531.695610440847,340.8890708080127
541.9777699393912,338.77018581067523
543.5980807264432,338.3205888718157
545.1884628136687,337.72016292251135
548.5179073775264,336.69099650321425
550.1994239180717,336.250382054568
551.9877027445215,336.0687346576094
553.5286978091369,336.74026637022945
555.0182865237484,337.6407300228318
556.7189786100888,337.78866454058146
558.2877406464668,337.1782641573582
559.3900187255224,335.85030833507614
559.8889899551505,334.22944025550015
560.3305020381844,332.53864148596665
561.2084211878276,331.11770222673726
562.449905231361,329.86975745008687
563.7596605350741,328.677579198761
565.1209655843252,327.6485014601737
566.6105794180704,326.74023327399453
568.1806027492975,325.9388063154024
573.1820373858238,324.01944721717604
574.900658735245,323.3790327783676
580.122685843416,322.0083359121285
581.8126031487343,321.60772881289654
583.5612362408983,321.130215536909
585.3027969195512,320.71754203271973
586.9830605200459,320.43993153900215
588.7041528477355,320.20920809337383
590.4636632202125,320.00941099648065
592.2818790319342,319.8985981578263
594.0136027956069,319.879753151634
595.7934794460277,319.80884006048916
597.7244602363497,319.698135094753
599.4335734470751,319.53833770758064
601.105433647804,319.3375395111147
606.5253675379442,318.27859993496236
608.4263471756703,317.86913298173755
610.1654165261881,317.4285328546588
611.8240747214654,316.9199956097196
615.2147552694217,315.64815586151974
616.9946723582276,314.9696471229624
620.3157459822129,313.7497763448081
625.1755683209855,311.94834425789895
626.7768511680711,311.38982926361706
628.3767984928728,310.90932181855675
631.7265372741493,310.10922039014326
633.4368330948575,309.70852408835214
649.0897022501296,307.42921234406526
650.828767796055,307.09954575284365
652.578646331229,306.73995412260905
655.778548772027,305.7288718710265
657.369026565144,305.12846475433946
658.9101198978883,304.3490963865131
660.4513916224331,303.39984777773344
661.87982181389,302.3587184233704
663.0997027062291,301.0896375733084
664.3710559684329,299.87861712249634
665.7708756877064,298.8995331382744
669.1614994245492,297.4476573109724
670.821421631672,296.7983780494555
675.9127650257786,295.2087653764326
677.5511353465797,294.7591926099795
679.3129894492885,294.4385107008935
682.9530153429928,294.127041613023
684.6117415498098,293.9393249167889
693.3430733885086,293.75810757738947
698.5338603694623,293.5896050982081
700.3448446187983,293.51881365108665
702.1354656007286,293.3000863531763
703.8157495538426,292.85949904542167
705.535789511957,292.34789037899907
707.2747855400333,291.89842996891315
710.7865338283543,291.09727123713816
712.4465211826015,290.7406765290048
714.0944486378256,290.4080220854858
715.8466521578233,290.1673486772318
722.9180293445546,289.9590002876068
724.5983651452703,289.9491530067703
728.0069279090599,290.04836939934177
729.768753784821,290.12830758788033
735.2089875586436,290.4305819110917
745.7092681023431,290.7492160154165
747.5095144147642,290.82028244135273
749.2904636778832,290.9403267372649
750.9803478105855,291.11931858262386
752.7601992469635,291.44924516272516
754.4992147755191,291.83114049641335
756.3197217295987,292.2809748917083
758.0612312225885,292.66975408220924
759.8902281027831,293.02063419550296
761.6315853214428,293.23065545060217
763.41985846704,293.27080029347945
765.1409439070288,293.23991544399723
766.8104764972569,293.1291240570495
768.4823592898098,292.750594296835
770.1518428111619,292.22103758467347
771.8525890590928,291.76151077991085
773.6012831636024,291.7407048358351
775.3223493220465,291.94972940840296
777.123752884194,292.1007042360247
780.7421413483705,292.03117352213707
784.1747600939032,291.8395303537461
785.8717357717504,291.7317371941373
787.561624967018,291.8398106911896
789.1339710679796,292.4015544119689
790.6234646564727,293.2610562018106
792.0830118083376,294.22240422947755
793.5137795697942,295.25188183057446
795.1448410970456,295.7506868940111
796.8347762626111,295.30113902372693
798.2752707781415,294.3799351247385
799.7349839043616,293.35967766790196
801.0651438141258,292.2206028856027
802.2753130832112,290.9726868945739
803.416041536797,289.75259646122
803.9943077769718,288.1407258519051
804.8951380851465,286.7018554878342
806.344039033538,285.71980379900725
807.9548284697189,285.0293460827986
809.6555861996036,284.47186795188
811.3862771032071,283.96945671291866
813.1948821802802,283.5508455438082
818.6555880080269,282.7319381822878
820.5074241982502,282.4612668301292
822.2261079099721,282.3405140629992
823.9268228085506,282.29168244753424
829.2566642772503,282.10131769973316
830.9778343158669,282.07952237929754
832.7684358454675,282.14152654567306
836.4288017331796,282.32978421690586
838.3190319188991,282.3608745674787
840.0989032605352,282.4500121613686
843.7004362305056,283.0699015609308
845.5702598487641,283.4617008100981
847.2396753660904,283.76071162895585
849.1993190001772,284.0717191358586
851.159126313168,284.4106580938099
856.4708411009715,286.03183363889184
858.1511272454347,286.5806305469037
859.7713676161173,287.172416149533
864.8900072678204,289.4222265556392
869.7915296183276,291.49326126480844
871.553287894319,292.29384627879074
873.2611525678051,293.15437862395
874.7914016243292,293.85399223118304
876.5616561313244,294.4947735806881
878.3821468061612,295.05256485428333
881.8840657581645,296.3618571600884
883.681922719801,297.0645894328066
885.3921446691221,297.59533853915156
888.7730330419789,298.3441062245471
890.4724633400431,298.66497351559144
892.4249405665533,299.08392275168075
895.9125193622871,299.8637264043693
897.5953151456872,300.20564142228125
899.4242127942997,300.65640183887876
901.066082434039,301.11522490798825
902.6552207195525,301.6550432222955
904.2658753923699,302.4246963140066
907.255576460702,304.03380875912507
910.4252717799295,306.1255476831601
912.6259499296198,307.7157327530766
914.645409145046,309.43558066191036
915.9647257312728,310.4770364467333
917.295758046691,311.6173494415877
918.4662826220093,312.84662737169094
919.4759521667248,314.31659548151754
920.295012814625,315.8475944810966
922.0671750051957,320.747267906822
922.8452229611904,323.27659793479876
923.5874459013502,325.62796399855495
924.0850776026438,327.306767032031
924.4375155039259,328.94964463272777
924.7071186752195,330.66852648448014
924.9660781811469,332.3783297232652
925.2069870322309,334.1381078126417
925.5150162862678,335.78995897549675
925.7462854391671,337.47771398692834
925.8672812327919,339.2005715530276
926.4270189637609,342.7190381297846
926.7962406902959,344.4997770820063
926.9353739657851,345.2792659051271
927.0863050638624,346.1696819797489
927.2073038352606,347.85852358145195
927.2346635823224,349.55932647532086
927.3065068192813,351.3310585945367
927.5449278750992,353.009836560702
928.0150245609851,354.7606593329347
928.7260493471501,356.35958084235943
929.6661961231337,357.7796664933395
930.4647949090138,359.3026841665208
931.0450881575192,360.94159427989246
931.3976019614792,362.63345128513663
931.6851614571783,364.3922366527397
932.0052479051461,366.03211883990963
934.5555990294506,372.64354482575044
935.2463233767958,374.3143872710039
935.9549290190171,375.96238794210393
936.7056236531863,377.5033571259667
937.364998043493,379.15524344956236
937.986208161066,380.7450792564473
938.5256714885325,382.3440843682512
939.1852137245445,383.9739252823996
939.7762363524333,385.5639577383605
940.2774458285763,387.1627596740048
940.0169935072021,388.81455514588544
938.4963397296499,387.995027944532
935.7357447561105,385.8432679898223
934.4261008548646,384.6640504515418
931.6270598398119,382.76207114183995
930.1447466388911,381.88349486165396
928.6060473580704,381.0430192085802
927.0338394483355,380.1524641816481
925.6451677913996,379.2239211591402
924.2143411218578,378.2225540452009
922.7141570391897,377.2432259728164
921.2834147733815,376.2227066047946
920.5542448216826,375.65304234999036
918.5743652440797,374.13400100885224
917.1735614976624,373.09253689032425
915.8639834946201,372.05018399469714
915.0544835269195,371.4524816293102
914.4740709176734,371.0307668926121
912.9846102629582,370.072289917626
911.3955195150542,369.16278267697464
909.7944604726533,368.18035461387467
906.9822969049271,366.00156489548
905.6619086286277,364.93227888927845
904.2935313786935,363.9219429246301
899.9629246175633,361.18239510664995
897.612395595462,359.6722011285893
896.9636234436681,359.25955858810954
895.4632711196233,358.2390365630748
892.4327696223008,356.46104088528296
891.0811637002959,355.70946946126224
890.8425069214717,355.5884458535548
889.2318582036361,354.8399427554689
887.5108368859757,354.30011431447485
885.8005906854016,354.14004944297795
884.0927233869514,354.3308187986431
882.4303832523358,354.9991135591279
880.9814869287433,355.96040497308934
879.720844003768,357.1403741167523
878.8008868589543,358.53025670488427
878.5308776838757,360.2190615288881
878.7621506037508,361.9499090486533
879.3004966555666,363.16106832989874
879.4707703279482,363.5616948865874
880.4624743347247,365.071758276907
881.571784242267,366.38102853396555
884.1118452971787,368.67051196915116
886.8808532645533,370.8522834997703
888.3619061130286,371.9306595142303
891.2210059490661,373.77058488448296
891.3109786761067,373.8325403655624
894.3930384000623,375.5605639961481
895.911369401401,376.3811811934137
897.3516106085975,377.23171736087505
898.7512592519283,378.1931759961418
900.0127629678346,379.33238281170844
901.1628996935744,380.6426567898006
902.2516510780237,382.0936775209816
903.0719495734224,383.692707318022
903.8237270629533,385.26459765922755
904.502406638861,386.8425660714741
904.8812866808219,388.52434954596276
904.8224111249576,389.383721930344
904.774341531278,390.2930719464246
904.3424133593786,392.02485452304865
903.4919640294854,393.55270075400153
903.37320114863,393.6725933841316
902.2720731583942,394.7137176503629
900.6709551240023,395.2652035054875
898.9918843181617,395.28399757100175
896.7311728739379,394.68326658271906
895.6217722098257,394.3932776556436
893.8624236716187,393.8354887487034
892.2110038591569,393.40369921837026
890.4204563260603,392.9938427308315
886.9400143912563,391.844254744622
883.9298246057193,390.833768440409
878.2715067621796,388.9436092680344
876.4808904996493,388.36187981449865
874.8882742128301,387.80410982300543
873.2811920520642,387.20234739176465
871.5805663250169,386.4817700122786
870.0490890568319,385.73307789483334
868.3905443877328,384.980484010932
866.8590857813772,384.0221101636474
865.7678315998794,382.601917145719
864.6477994734173,381.2309001992523
863.2889832696861,380.22346385314916
861.727473174177,379.5917814256389
860.0688214952349,380.0013194012563
858.6474626228787,380.9005699648481
857.5487279170723,382.18250500075993
856.7294725341047,383.68242718550937
856.169249025567,385.2911043140464
855.937579187858,387.0009613344579
856.0681551260392,388.6707500358869
856.9987486862403,390.0637944479203
858.3779281458917,391.1821578509606
859.8085934868917,392.18351504693265
861.3388861672489,393.15405760445475
862.8978760363858,394.04150819856363
866.0880584647117,395.582693868185
867.7394517703832,396.3134406501377
870.1896241707872,397.573653715097
870.8983566222586,397.943505615057
875.9893777562351,400.5232052958408
877.161035868181,401.1238306643519
878.8195708256555,401.94336082516566
880.3786590230342,402.6341000428978
883.5508218193555,403.83542910912445
885.3210555009181,404.4731198347064
888.4690832030977,405.86348154164517
894.8421335106548,408.7260133704617
896.3807576524032,409.46563260212525
897.9626262948422,410.1843078956965
899.642788627002,410.90488809520906
901.3602088440858,411.5955460167515
904.7925644002956,412.8650386753653
906.42367616198,413.43578535742444
908.0822388444195,413.91655711713275
909.7720789398462,414.29548365338377
911.5315304712661,414.5974073215343
912.6336179871938,414.80739495858666
913.3844473366497,414.9554018867358
915.2024999827805,415.52517052554356
916.8815827455714,416.2068497382023
918.6540560292536,416.85651734385914
919.153002834203,416.93646834289035
925.5538190651304,418.01632534398607
927.2435859888022,418.2784434123904
930.7348185820877,418.63550421343007
932.5241375661843,418.7865073742954
933.0051247373548,418.83653122444196
936.0046360481286,419.2065136372013
939.7057562071476,419.6166674033223
943.1250539538358,419.98669362585747
944.8352028714353,420.1598365559333
946.6462160937149,420.40880266060736
948.3156875419592,420.70763181406056
950.1062313315078,421.07759775778646
951.9376132036558,421.3765435064281
953.6454283422363,421.5985671033102
955.296854728778,421.8885175919334
957.0358334928598,422.3174340852405
961.8473975338136,424.1386246772605
963.5263072848753,424.83836754591334
965.126130333836,425.55994872644266
966.6192511815336,426.36950207393085
969.6186898835895,428.22851844475923
970.9389992271917,429.10000186724835
971.0493430186226,429.1800156136707
975.739512444662,433.19857516134437
976.337953836251,433.7193509556337
980.2390805631048,437.18918633691436
981.5005674747878,438.3205235347149
982.9589110376538,439.26005493384434
984.5695481946993,439.91071565540557
986.2796618450976,440.38153107440996
987.4202514257241,440.5515301673075
987.991128838001,440.63159202080993
989.7601564812167,440.73970977177464
991.3708055457764,441.2694701711468
993.9106514351009,443.58112854509915
995.1003437085565,444.96124575253424
996.5202495898704,446.0526003366842
998.179941337544,446.77020325039007
999.8614296735486,446.6105747705797
1001.5010248972808,446.2719840435722
1005.4025762458936,444.81140381008396
1005.1212940103605,451.4636486054982
1004.6022920829525,458.61144467718907
1004.0106958950162,461.804198630143
1002.1698424346577,461.514119898164
1000.2820821800369,461.2731153941596
998.7996782342285,461.43396179218166
994.7409224365591,464.09257018597594
993.3687794288269,465.1246777691572
992.0793705936763,466.24278188387746
990.810397820004,467.5646851080477
988.6500376127844,470.5833060224345
986.5976226904149,473.56293496380334
985.5289622236461,475.0627205708531
984.377490435398,476.42473785326365
983.1479551580152,477.5737730546563
979.9468600678036,479.0834138372339
978.3469109298362,479.6837660938647
976.718099920136,480.34307008528043
973.4066294460966,481.29507854778734
971.7479887644121,481.7236500316411
970.1059705447078,482.2440966622665
967.5179008881211,482.3446835536127
963.546864680748,483.6634226174952
959.536054275514,485.2348354453087
958.2372355237748,485.7243951756095
956.9442348985675,486.2448793186091
954.3655340240995,487.46470724494174
952.3746197580865,488.4658349589277
951.1344186267975,489.0543572162232
949.8546370303555,489.61484488290796
947.4644149977205,490.43398293977543
946.2542582421432,490.7855937905691
942.4546575257056,491.7066407817126
938.5530877499859,492.80534055007206
937.0947753436702,493.27393913185585
935.632716727829,493.7853319086805
934.2425893927688,494.30590933276613
932.9533324960322,494.83537494741176
930.6828425260038,495.8464551188478
928.471225660827,496.893452927354
927.4410095471377,497.40498896464277
926.3219708544551,498.01437482720365
925.1429758766641,498.61597419290115
923.9016123830719,499.21637058771967
922.6434561173689,499.7647938374442
921.3229348917212,500.2754045523174
920.0096505333947,500.76586589851416
917.4729727180841,501.78490374283325
916.2112422166554,502.32434967186435
914.9807066250941,502.7559650178505
913.7201579197736,503.1155554647989
912.4919675972903,503.3742981982384
910.8297766009238,503.6059661918777
909.5607689912741,503.7257484802046
908.4406224717316,503.76564246533366
907.2293391070621,503.75654880503777
906.0912448004011,503.6455140041154
905.0094627666015,503.3865499645934
903.958871782484,503.05676389630275
902.9502710608701,502.77576149215463
901.7881598619504,502.4959416598434
900.65838212333,502.37493292527074
899.5897011162044,502.5136887580554
898.518761440802,502.7943940152169
896.1380083454128,503.81345231920295
892.1285452277714,505.4159171958977
881.8487941567217,509.56501007273636
877.8463989707459,511.2255383017769
873.976049454738,513.0058845796049
867.7357611746869,515.8461978881821
866.3265009181359,516.5146185092307
864.8571930793248,517.265929197835
863.5366594125898,517.9742598043539
862.24498708329,518.6247360636305
860.8645933031958,519.1852266123518
858.1551637932245,519.7646500912642
856.7447781053548,520.0172986022319
855.3343035557057,520.3338894314405
852.323987703067,521.1440177961765
850.6448995094951,521.6065248839609
846.2529000420186,522.5455130200254
844.7141147844909,522.8441383283883
840.1231029224494,523.9648628447842
833.221995531659,525.6161760236256
831.8906880219768,525.9457452677268
830.5426700879449,526.2265336798446
829.1022725491104,526.4041688859041
827.7230903299388,526.4571175105192
826.3714399927119,526.4350539484462
823.8408757326307,526.1950261147847
822.6799189960389,526.0339229682461
821.3810848903838,525.8859755147455
820.2501403881844,525.8148530994016
819.1515408439891,525.7848321377841
818.0806277812686,525.8146659079301
817.0119540662207,525.9135295608296
815.8606167220738,526.0642581496575
814.7104454133,526.1942382097021
813.5315057362344,526.2739400805629
812.3706155464464,526.3049638328506
807.7184273354736,526.183465897326
806.660650620558,526.2454227665705
805.6375416967703,526.4153162087031
804.6493473113158,526.7258654423971
803.6598140579655,527.1355698459143
802.7099447033626,527.5761016023805
801.3486891154822,528.0536073457412
795.1793521772287,528.0842117782752
794.1491078696729,528.0650725849436
792.7279248156888,528.1949328897563
791.5466322200516,528.5734993948097
790.6781687020188,529.0940416188422
789.9082242613914,529.895398792393
789.3684485093453,530.8536877501235
788.6572114423736,531.6850757734537
787.7372794122933,532.1345893531313
786.5271663238099,532.0945875377962
784.427230548063,531.4258644655238
783.1966927135135,530.9951261255161
782.1173230961945,530.7231085449483
780.9468092596513,530.4861968962895
779.9057654671373,530.3352837156938
778.4678886543526,530.2152617526414
777.237383735093,530.3929220414097
776.1867151635435,530.9945504305514
775.4466113243574,531.9737720869155
775.0771225226283,533.2058996858322
774.9666543073175,534.6448378792845
774.9665368453205,536.0837850760281
775.2255511544381,537.3837965235307
775.716027558924,538.275335466941
776.4762711208439,539.1346760440088
777.3756434449657,539.9261955497942
778.4153946070979,540.6168756551999
779.5667535857788,541.1865637955597
780.86555805721,541.6772592610299
783.68627962418,542.6567738234617
785.1685320096589,543.1255392131776
786.7756082612743,543.5474309325244
788.3070998237598,543.8962969298486
789.8170616802344,544.1452081765063
791.3269451287332,544.3362625023254
792.958077179964,544.4752557607962
794.579482789408,544.5773396080604
796.2873755163847,544.6454149773967
798.0491618741167,544.626609701641
799.6670960781875,544.4758184861827
801.2285728077982,544.2451200527979
802.8680582950369,543.9375183741272
809.0686910546901,542.4770519635744
811.9398620097209,541.7967772875767
816.000782653625,541.0266278173451
818.659713845596,540.595222436434
821.3509857139536,540.2566912919154
831.2707269207635,539.4381777184719
833.542204117227,539.2564261112968
835.221263387732,539.0778150327183
836.9111397907539,538.8250882041262
838.6021837660486,538.535452908215
840.3016346746108,538.1568383466812
841.3042966934091,537.8671426290417
842.9222762086556,537.2267675915532
844.5018404766153,536.5463881790206
847.3527865659585,535.1786198727312
848.8219184907234,534.488156201296
850.225183341284,533.865818641886
851.6631993103081,533.3453329383308
853.0832458434091,532.9077411672951
854.4242005382465,532.5661055615162
855.8453078367453,532.35635176351
857.2940942847646,532.2855575915817
858.8449073058182,532.3077433243502
860.4039560542226,532.29591404118
861.9558667524793,532.1350523309897
863.6841792269366,531.7165430974462
865.2253167475823,531.1470897683954
866.8360659987868,530.4876651930931
871.1849884885011,528.6364349852414
872.1169754109853,528.2667335662716
876.1264029924145,526.9081579940853
880.1466462674914,525.5064915182663
881.1073234123888,525.1367936423546
887.1280477940693,523.4456312397556
890.4670198956102,522.4975853504387
897.5384086032741,520.3777867380381
908.2809993958023,517.245045785139
910.8692835320063,516.5367432029536
918.4490730833438,514.8057491492767
926.1021931280654,513.2576168503031
930.6428979284995,512.2557356523415
933.3426144067248,511.5754809111833
940.7426662127302,509.41674312896254
951.2742315816456,506.2471210917716
953.9655572841774,505.5168947716562
956.7348889288451,504.75665122041545
962.614200563364,502.9356431648123
971.6069698114266,500.2373238031932
974.1471999219517,499.5081850433989
981.278653630651,497.4963885339507
987.6483886787654,495.3955378193305
995.8089668756617,492.2755957380477
997.1606702688257,491.8351255174893
998.4799355125226,491.45639961858154
1003.4787960893956,490.2858182239624
1007.3395051346901,489.54974550183243
1009.8305670949841,489.0753820320385
1012.4019586821167,488.6169883769323
1014.9505568608233,488.2355030802299
1016.052839539269,488.07471826419976
1018.7932876009482,487.66532350040615
1020.5911581459569,487.036868781662
1022.5509483830676,486.3166584345429
1024.271947763354,485.996135807055
1026.4835596532969,485.88544855479427
1029.7912715711082,485.8858067567212
1031.4824106656126,485.62712948900514
1033.3233380642785,485.1867175854855
1038.3523457065146,483.68627235964414
1039.9630909524958,483.246734360371
1043.5443170582516,482.44570609587424
1048.7039255468276,481.3460910784563
1053.8263909791767,479.99758926311324
1063.9359183565223,476.7880442511166
1065.7265549917818,476.19670565926145
1067.3481304759473,475.6052486374881
1070.707576729724,474.07670198115716
1075.6778766247744,471.9267736050709
1077.2370900355936,471.28643189969955
1078.837063986995,470.5351689719246
1081.8679733818294,468.8377059447063
1084.9791312581228,467.14623827929535
1085.777914889328,466.75459683062286
1086.6799040859712,466.31398819588674
1088.3986308679089,465.55685500629465
1091.5806442610924,463.84734221857155
1096.1408376861532,461.5055510810273
1097.6603967377166,460.78530545395944
1102.2518019070678,458.234636634579
1103.7414431535956,457.3564784073926
1105.3209806769603,456.4662606823616
1106.8107096266936,455.553987185182
1109.6209736638284,453.4438262952471
1111.0519353700126,452.316776899097
1112.4420752318433,451.11480791011417
1113.920939677543,449.96581874379297
1118.1238323442033,446.7436699518093
1120.7613805770334,444.63349204543397
1122.0819089192032,443.5154091187819
1123.463721390806,442.43334471290007
1124.8334639497186,441.4541251382891
1126.3135719098873,440.3630949629617
1127.6929779700101,439.2451195613233
1128.99437919182,438.14499100024256
1130.2537904513586,437.0029610651796
1132.7630762332026,434.5041308677277
1137.845188106797,429.4822399651117
1139.164734872605,428.26231079918114
1140.475709156447,427.1043278343133
1141.7950725055878,426.03223398986046
1143.275178431059,424.99417569452345
1144.8656092285235,424.18396836249275
1146.4859738231044,423.404688559853
1148.096757501742,422.77334259641157
1149.7075195047307,422.3228503445568
1151.3770532960268,422.0521216408023
1155.708181280828,419.0028783058537
1157.0875868662965,417.94276435096816
1158.366206482489,416.86178977641487
1159.65921867543,415.73363364708035
1161.038637497776,414.5727690405117
1162.5078550694668,413.52164469706787
1164.0875924114787,412.4626535868759
1165.4692379398039,411.46149556384506
1166.9278230431435,410.3214900632424
1168.2388044308398,409.1534358403981
1169.4275462259118,407.95244802994273
1170.5095241280849,406.65259129899795
1171.508690694374,405.23172324626324
1174.820599440823,401.113003464413
1175.9996406772464,399.6921581620738
1177.140414024889,398.3922097305938
1178.3196061344936,397.1012440342896
1179.5393740922914,395.86026012827045
1180.7496531209567,394.692394654191
1183.5001084378025,392.3292730306313
1184.8518389106555,391.18935674661236
1186.170146916859,389.99128008931206
1187.4619162962942,388.8822803367504
1190.5110063245565,386.4704185590627
1192.9123037314907,384.58208345398
1194.291633059129,383.539930607552
1195.6122542730607,382.4809121961522
1195.6326295872273,382.4708396406347
1196.9820169588334,381.46968218219075
1198.5928387281542,380.61958500049957
1200.2312190711448,380.17010236721455
1202.1033419551356,379.8685843265948
1203.711672774567,379.64992851303805
1207.1850187899363,379.44048776518446
1208.9648836288686,379.41078813698795
1209.3247183723495,379.3799103192076
1210.8346554063457,379.2901249424708
1214.4434762192575,379.01965486674413
1217.9131533074396,378.89121756471496
1219.6342246858765,378.8605148557855
1219.8249183776954,378.7895147307285
1241.0168392466176,390.9627094870141
1243.3153047857736,386.96079258050963
1223.7243283415532,375.7082262193596
1223.9044283779526,374.5990882270971
1223.904582835562,373.40094675801026
1223.1743543975256,372.1497419564863
1222.3937649798222,371.28128560912546
1221.3852207430225,369.8791177955711
1220.583089158805,368.3911884670633
1219.854078063071,366.7201208350754
1219.2942015320716,365.1402498523722
1218.794289256083,363.5104100065284
1218.4658558401961,361.84956879973015
1218.40361312048,360.8602037986389
1218.3761759264005,360.16960554104037
1218.414747298922,358.3400282257944
1218.5744657157688,356.639248460891
1218.7953856986621,354.9694999563425
1219.1241782203278,353.18764217409876
1219.5358780666174,351.4290376673288
1220.3553473786287,348.0854993657124
1220.7454210192134,346.36679361504315
1221.254163863347,344.64700585462305
1223.3871719005938,339.7858846804948
1224.055395275448,338.22712008197044
1224.8052794907014,336.6862219687506
1227.5666783470986,332.2246963512667
1228.5179725918292,330.7159452770589
1230.1770908605,327.5364118990994
1230.966394679254,325.99561916213287
1232.8773815911027,323.00395511141517
1233.8286685022558,321.56513191001994
1235.7575365979185,318.5734707812636
1236.7076561143351,317.16567112124903
1237.7177306243445,315.7857106489881
1239.8265477261739,312.883153860429
1240.9289239714672,311.5551774541576
1244.299608051971,307.4246194604124
1245.4091337779048,306.1236777745446
1246.588284467888,304.6728155851021
1247.67753670323,303.24298975799866
1248.6695761573098,301.80517097520567
1249.610079531672,300.19347487239685
1251.4011050776742,296.99201689653336
1252.330799634141,295.3722395961742
1253.1994138605055,293.43374134736825
1253.7896942011912,292.102806044984
1254.509499903281,290.43312442150494
1255.1310028378223,288.8212869856205
1255.6708462063013,287.1825053102346
1256.1100675807609,285.5307423746402
1256.819388714503,282.0313777331492
1257.4494033085334,278.9495715269155
1257.5598255905709,278.43196435776036
1258.8019894857168,272.1715886970831
1260.2721621870592,264.7990898741733
1260.3022056417162,264.6292133693624
1260.8915359900984,261.07985662730204
1261.3105676578639,257.4284293109463
1262.0514622954165,251.03810841692228
1262.0923513732619,250.60747727748077
1262.3035766683925,248.7497928469038
1262.5317447289883,247.05810077888427
1263.081415586711,244.08721048861912
1263.5219080993056,241.656970578522
1263.891545967497,239.86634175114065
1264.552877197047,235.8362820469088
1265.7424728440617,228.48469536834975
1265.9225014109093,227.34553254420828
1266.223776825714,225.5947961991148
1266.5526627957483,223.8360832589302
1267.6836173874476,215.35637498446187
1267.8949269227487,213.50467600108374
1268.1230267677975,211.71492629841114
1268.3931163999591,209.97416126203146
1268.764009175898,208.1436314120078
1269.1743820297581,206.47390975947596
1270.184668070957,203.014488223386
1271.353292322877,199.56296854988162
1275.3748901738281,189.5437517988383
1276.0251686617905,187.99386685837626
1276.7342372898065,186.48099847671241
1277.6052335969791,184.87338596325847
1278.5144819118668,183.28363459498655
1279.5137956890549,181.6818252530643
1285.4159292967277,172.93193261753837
1286.3767923334053,171.5700263552727
1287.3759937837988,170.20214018095328
1288.5755422611207,168.75138600883943
1290.9086415275456,166.2314268798884
1293.3664815285094,163.72954074158
1294.707636105361,162.42075610257362
1296.0558532515772,161.15975460972757
1297.5180696303432,160.01079224964602
1303.6377901552316,156.05839330118616
1305.109456775021,155.1412608961572
1308.3479788436705,153.5609104988803
1309.9096745384384,152.9015546800303
1313.0006438691364,151.50892188574053
1314.5599283914453,150.8506637950198
1316.0399772118137,150.0703962612645
1317.5093886659677,149.2392531258101
1319.0986370030341,148.4010443517698
1320.7706012365582,147.77861450120207
1322.479790961728,147.37923929317392
1324.140988317244,147.0397098866168
1327.7403215589777,146.88030744093416
1329.4506229735016,146.85959849599618
1334.6521324844105,147.38094254731325
1336.3732137324862,147.58109094614437
1341.7524288889451,147.58184959720992
1343.4627316507338,147.55096831075485
1345.143001632403,147.60128254372424
1346.8916796168533,147.89021751235606
1348.522756981193,148.25125798748996
1350.3433679542593,148.55027892614507
1352.0620083822544,148.95123392819406
1353.7037948140876,149.44115853748406
1355.4044452355922,150.03004745975787
1358.5729845405997,151.15262913171702
1360.2425404283022,151.68256005797832
1361.9155344284554,152.01258545979724
1363.684614353908,152.1016201311609
1365.4344250402373,152.0220686945704
1367.1855908509754,151.7723380444531
1368.9043498237127,151.3420489342285
1370.555939234171,150.7406729276856
1372.19559793188,149.83255300872304
1373.8748848889556,149.20125548859517
1375.0057766870436,149.34336864184831
1376.2950276839003,149.92212661098839
1377.5255387208858,150.6927025096936
1378.3266478195226,151.16146142306323
1378.285729696876,151.75299463770327
1391.5158422768734,152.57140804353764
1395.7979454980048,150.04188497277346
1396.4770128547084,148.5419891753398
1397.077930869379,148.02146327852296
1398.4370282045343,146.96138180516274
1401.4296924554274,145.16216744269718
1402.91940768866,144.30300974768755
1404.3096843743099,143.29291031100104
1405.689075051583,142.22984027100412
1408.7381315981486,140.39063536803778
1410.3586659093314,139.50057462308538
1411.789675409705,138.61038621887175
1413.2206198677156,137.60029414189168
1414.6900028383307,136.47229918999642
1416.0394469234593,135.48015105212437
1417.6491956295054,134.43018485279194
1419.1221228371737,133.5210506236204
1420.5291063609836,132.59085874224223
1423.4403169022432,130.55183140262426
1424.8917308663774,129.47979714569615
1426.3610969709514,128.4816832594308
1427.9516196234033,127.55161981328186
1429.502449077354,126.79043358243054
1431.2105298931153,126.07924788334867
1432.872944086995,125.44187330612947
1434.4729742543736,124.89057699196489
1436.1533917118775,124.53909965734182
1437.9620034069403,124.45937097184024
1439.71304438275,124.53056117054997
1441.5037188466156,124.82959504085667
1442.3923489866586,125.06165722932519
1444.822232090661,125.72050050663323
1451.983384686383,127.76215355828285
1453.6143647401923,128.2120925584095
1458.8434986170428,129.20115396267866
1462.2652325567676,129.96020706833437
1463.9250886975542,130.28127057867678
1465.6246205319026,130.55226417163922
1467.4463509404857,130.60142484145308
1469.3162456412097,130.56181256860359
1470.985742903499,130.3801204214988
1472.6457855240865,130.03263653491794
1474.196599369713,129.3924587720742
1475.6863458958217,128.39026578764697
1476.9459476389654,127.09047210093638
1477.7856896387339,125.64267856231366
1478.7777921603397,124.1428374269456
1480.1872293225963,122.98990488479492
1481.6986694054133,122.0728060971302
1483.267554985604,121.28060808511226
1484.8172360958504,120.4524960221224
1486.2686349084515,119.53139842189387
1487.7967922760938,118.61021332357517
1489.3968485831595,117.91996944164521
1491.108445237493,117.63035398831498
1492.8978013635121,117.84949467354318
1494.528920278146,118.47241354392428
1496.1886189183733,119.2710033722392
1497.318362492447,119.84975262272123
1497.7789570958398,120.09073032608099
1499.2780806912572,120.82146288448484
1500.9894293339255,121.57317749747395
1502.5688851943294,122.31290110775252
1504.0690814058535,123.09261364402825
1505.6198621885412,123.73028523766516
1507.2892589844828,124.19340703395501
1509.00078056901,124.37243743034392
1510.8189630088298,124.25182515217031
1512.5606059905424,123.80241300207662
1516.1204238501164,123.28236648915285
1517.810368280623,123.1806882617896
1519.6214034658174,123.0331430421763
1521.3125343409229,122.79350633525073
1523.0613270878491,122.36215266624295
1524.7213335325332,121.74274943977474
1526.283086579409,120.85269906183818
1527.620588556161,119.74066099850853
1528.7313550569656,118.34189463524717
1530.0031652613716,115.13242615354793
1530.4629031532108,113.46172643050924
1531.1923186914241,111.89092361481458
1532.3236309850913,110.47111297926223
1533.5615362063238,109.18020141009599
1534.801835499867,108.00031619603631
1536.1632934834204,106.8722228887237
1537.702289616369,105.82226563450833
1539.1237510606495,104.94117249939742
1540.672224880764,103.91216552768658
1542.1548447705952,102.82219864197589
1543.5930711882113,101.64224698356232
1544.9449730156316,100.48033690599586
1546.2836407474508,99.39024749427642
1550.7242117862029,96.47906308921638
1552.2451485902868,95.52995619678302
1553.6941540755465,94.5598895033556
1555.1563956912644,93.50992253721721
1556.7540984173136,92.52092748348088
1560.0262518185145,91.1193273409715
1561.645516737031,90.50012340954461
1563.3451081142869,89.9308098047939
1565.0254548633238,89.57027769926319
1566.777860438601,89.46861849309299
1568.4749362598614,89.53094545283885
1570.2655352483473,89.79898019427539
1571.9865806188436,90.24895440486223
1575.0759077641296,91.59065412026187
1580.0289897042242,93.84979980346989
1581.7079071631258,94.5805752774793
1583.277812609966,95.23033290612656
1584.936461259089,95.82224850019925
1586.508784492509,96.43300339313903
1588.056967500016,97.18171380223616
1589.529671928039,98.23216660035098
1590.7696740086446,99.37265818112313
1591.9388137107296,100.56191757076432
1593.0576163651558,101.89321785476324
1594.1775715640006,103.29245070198347
1595.3588199177905,104.67254127598325
1596.5375900227834,105.95188040817479
1597.7186997665524,107.16328784842145
1598.8183803542122,108.45458439324159
1603.0583674273546,113.97327199679602
1604.0908315645638,115.38446169960756
1606.1292479214608,118.1028936749152
1607.149727578803,119.56306073269778
1609.480867202835,122.30538411439802
1611.8586951009395,124.83603876944687
1613.109405315661,126.05633804507828
1614.3097956147676,127.31672990339496
1615.6289494187001,128.52397342945903
1618.5214531860956,130.6140057466011
1620.1008468813432,131.65560345196118
1621.6010671915938,132.71604133967875
1623.000517525714,133.64668274279717
1624.4803985185695,134.49723593296963
1627.7700805330821,136.08777277354616
1630.9624645336007,137.66622384515247
1632.6522455950371,138.50683901311268
1634.3323901269396,139.28650333817092
1642.7936061843789,141.5164601046801
1644.4319086162755,141.87655512794822
1646.083358773856,142.18857145844774
1647.8020263778346,142.3677278742217
1649.6922039794376,142.36805610434575
1651.454070364255,142.32836117455523
1653.1344649319944,142.1368273355281
1654.7837049957989,141.7674276016507
1656.4532521280967,141.3090514444353
1658.2643232110418,140.94855862297558
1659.9339987232108,140.70894285318653
1661.6347061422855,140.39751018238994
1663.3654558123771,139.9671767251458
1664.9354859676264,139.35685981652054
1666.584793470206,138.6086975349919
1668.2256106657408,137.90652048255558
1669.8162105003782,137.1363028933591
1671.2159829767006,136.2062466338983
1672.3568661797008,134.84730403952304
1673.1465676796433,131.5478917030607
1673.3256593712006,129.8781469319897
1673.8967734203263,128.21744910561966
1674.7546149016061,126.63660480269715
1675.7059193931077,125.11792359585164
1680.7358442633272,120.08733840937298
1681.9761588442777,118.91645023025286
1683.227316809002,117.56471076857618
1684.3765977954297,116.23679452961848
1685.4790755291408,114.81599947145406
1686.4988003992203,113.43608884804712
1687.7092099347233,112.08733536384622
1690.4980810721504,109.9863214343346
1691.9291268013285,109.06525166234917
1693.3482206992935,108.01420096881785
1694.6880720555926,106.90517948185627
1695.9572702428197,105.60541659410316
1699.379825965891,101.71483836273909
1700.0997085537442,100.13397171948232
1699.8996737859516,98.44620398616773
1699.0591797151542,96.92311465649485
1698.0580031601212,95.47501140956889
1697.0183189344675,94.0458545755633
1695.939129460655,92.63364892281753
1694.740003366775,91.3153899216671
1693.3585708054625,90.08198890744751
1691.9687217567691,88.94265428335743
1690.8883643685003,87.5434169785759
1691.6993707698705,86.08256959753432
1693.249038571327,85.46327595797908
1694.769987991451,84.5332448497667
1695.9492079107035,83.23336618303902
1695.4997659170485,81.56350969912464
1694.1698687838496,80.46298964261564
1692.5208163894827,79.71125135644698
1690.9197991846142,79.14037526719524
1687.4992023159823,79.00190717829031
1685.8080117980926,79.04150820837114
1684.1385598774227,78.89337704098416
1682.5183195772,78.39033143562109
1680.8692543890656,77.7036345524852
1679.1685991566308,77.18271937859427
1677.378004754144,76.89261855101256
1673.898592460895,76.86098111837198
1672.1175881462173,76.8916906831344
1670.407200926751,76.85138840710958
1668.6658539531709,76.47132010141908
1667.0576222994364,75.77156506393997
1665.527357469643,74.81994603852954
1664.196199355286,73.77150136834695
1662.7175917651473,72.7388918926367
1661.2760470158455,71.86140604555716
1659.635400914544,71.52235576093413
1657.9453819211462,71.98970557026688
1656.2158262332061,72.1801326799448
1654.8954743040963,71.15174168406054
1653.6867469113004,70.00137161320956
1652.4156387682467,68.901865197546
1650.924966945166,67.89040323956232
1649.464205269589,67.03964982790131
1647.8848294243824,66.33092523204728
1646.3353262691883,65.52015810917685
1644.8146992987643,64.59866970674547
1643.5339410305362,63.50814064743781
1642.3131766196477,62.21991042667226
1641.0143801918339,61.07940201515382
1639.5657613191488,60.210896081878175
1638.0042588590952,59.529009958579266
1636.265327867215,59.09817341776596
1634.5334254667039,58.89996389336474
1632.7223168007852,58.909627645777164
1631.0431333663355,59.229149208938615
1629.3734744483925,59.7774077943753
1628.0036157310215,60.80942346357212
1627.053486788102,62.269254860318775
1626.7728050907504,62.80877419728034
1626.2544467262949,63.828965620831724
1625.9436653707025,64.33955127677608
1625.3630324065364,65.2797296669523
1625.1134605209108,65.77845513983878
1624.5843730623576,66.8075228997778
1624.3034983582404,67.99075251632806
1624.1931484439249,68.44032329605822
1623.6434958199472,70.09813478270857
1623.0832345702324,71.05926506984127
1622.8132898046033,71.54890954754529
1622.201388635473,72.48908279720861
1621.8211573495012,73.05861112466252
1620.8014353458946,74.45149659368137
1619.471158507356,75.52052887338381
1619.2325037911257,75.40058429317233
1618.8211382829188,75.18165466386041
1618.1603908029579,74.8386887681627
1617.8918609589384,73.85946126993133
1617.6224278101784,71.34811746394732
1617.5223247019858,67.78968856211931
1617.5226159802153,66.07991123249619
1617.3405310748421,64.37908066086914
1616.7219852338835,62.82900327531869
1615.7507263321575,61.40784736121406
1614.3619297745117,60.35740481839666
1612.8100670453377,59.70664760933269
1611.041068992852,59.537464376976104
1609.4014255603367,60.12872538818822
1608.161032814367,61.277677132622344
1606.581339980491,61.92700539935982
1602.9999593727696,61.92939269483085
1601.2716778350332,61.957032082514004
1599.9504413956454,66.62747424451292
1599.8598748054244,70.10008268659604
1599.8703908649566,71.85086060160069
1598.4693602447567,72.82980636464107
1597.4198560098748,72.82065190581025
1596.7206310488698,72.80856385490405
1595.030774179956,72.33065939526395
1593.7391129346336,71.75985167289058
1593.4093173202275,71.60886906186833
1591.8790935779334,70.86016082478758
1590.3488139072308,69.94745783724531
1588.9385361943705,69.03896483284728
1587.4790449520058,68.0184404725207
1586.1382374779755,66.92800886557269
1584.8983236081003,65.72856356006241
1583.7783497526905,64.40634169627464
1583.1884975461708,62.80739199918026
1585.9772229608166,61.52682117552825
1587.0281147100031,60.2079544127905
1588.2289383841037,58.94796748742206
1589.1407322450304,57.43824898158915
1588.069900223111,56.155936305650194
1586.3691786146744,56.47645969965724
1584.7091348175825,56.72895821184315
1583.078065537616,56.27899671896053
1581.8585236146955,55.085640195386866
1580.7601014188579,53.6775344165138
1579.7888544886553,52.14645369555937
1578.9183265723543,50.55653517982735
1575.3599517451391,42.69545731082668
1574.6069505637786,40.985555082959834
1572.789515063525,35.99378145355062
1569.567042086849,27.51428904829787
1568.2289902573348,24.294419673851824
1567.4772988053905,22.694347031739362
1565.6490366538142,17.752649437475206
1565.058015870298,16.143625668975695
1564.5197268706581,14.492813858243247
1563.738310669175,11.081110932217957
1563.4386975023217,9.433231360965292
1563.0480334623958,7.710322080425779
1562.337090837377,6.102376057926828
1561.3585923391709,4.623367524587619
1560.3669346611625,3.261068688458383
1559.669121436841,1.7110818877481944
1559.697015438724,-0.017643933221346726
1560.009158614488,-1.739440055450186
1560.0094345974917,-3.4191913724081937
1559.587486398037,-5.058113057230018
1558.8489226642612,-6.608106470347373
1558.1571778949303,-8.149214071327384
1557.6080620470557,-9.720124549229535
1556.6885806138146,-12.561158917062881
1556.5171055981843,-13.10983198026615
1555.9465479075072,-14.770723639288631
1553.8367784771358,-21.82105696755366
1551.54735835521,-30.303382401272923
1548.538809762438,-42.27430846110735
1548.1072991597061,-43.94425448024867
1546.3965638397638,-49.13281892521775
1543.7173719570387,-57.78508602091917
1543.2091978652625,-59.54492225029108
1542.338880618005,-63.04452043117031
1541.9482092622561,-64.76443604372672
1541.4891121773737,-66.59409173608637
1537.1878750044293,-80.27909024117818
1536.0274600354849,-83.65883084014361
1535.3992746676502,-85.39674020867521
1534.7878183349408,-87.21754208239496
1529.4272165383923,-106.02006824602823
1528.9368964929324,-107.65002151189194
1528.1457943407938,-110.96166957537122
1527.7767553163692,-112.77046147665669
1527.5478218241544,-114.42241813563153
1527.5073402094877,-116.0922003688605
1527.3385528071253,-117.8609588264967
1526.9477807525716,-119.50276662762491
1526.308769300716,-121.17374236384818
1525.9180093094885,-122.89255989896613
1525.8080168659592,-124.6523310346845
1525.8886407257971,-126.44199761657445
1526.1167909068165,-128.1917390384674
1525.937110636355,-129.97346715858316
1524.7176279908865,-131.21180486680254
1523.3180666515168,-132.27231063472107
1522.4882532200745,-133.80326262427573
1521.9283962289676,-135.37536951405642
1521.406990703964,-137.1341092082707
1521.0666186867447,-138.80393941137226
1520.7382493726054,-140.64374781843756
1515.197691031989,-159.8768298435387
1514.1271591407417,-163.25765031758453
1513.5181754156024,-164.99555497027515
1512.6479035021393,-168.3872164682303
1512.2475880968373,-170.1869350209205
1511.3281476873603,-173.4687754830446
1509.898126678195,-178.62636405712948
1508.4860428504264,-183.6280346439306
1505.6573013575694,-195.75882084984636
1504.6770188143523,-200.86137290383982
1501.8387253542048,-213.1311159397939
1501.427586702487,-214.8808590730379
1501.0884860197718,-216.74161654643092
1499.828683749714,-221.85309020017482
1499.026751625119,-225.17191924893743
1498.9189619147758,-225.64656387149816
1498.646866429141,-226.8237990120077
1493.186410251398,-245.16655227582908
1492.657759591313,-246.93536635724774
1491.8079391265624,-250.37699887192977
1491.4184242960837,-252.15476883509652
1490.9375835404733,-253.86472067887792
1489.6979579370154,-257.24546472200103
1486.8684005252496,-263.9281020386303
1484.608255329477,-268.91693323733665
1483.8972668220463,-270.4489602573611
1482.196943812834,-273.56702426444417
1481.2161023624185,-275.2189970063039
1480.4379152196516,-276.7500367014972
1479.716129238713,-278.3800230912191
1479.128643733138,-279.9389639542183
1478.5867374047189,-281.52892104735065
1478.0569070980719,-283.2297024550849
1477.4766015522657,-284.97059262956617
1476.828004203451,-286.62849840546295
1475.2968332273008,-289.7405495787484
1474.485041909651,-291.2506457183928
1473.4969490232154,-292.819623754351
1472.3972913138407,-294.1319530125102
1471.0948786809422,-295.46017437732564
1469.9160374820156,-296.711466414693
1468.9076322222909,-298.15954576143895
1468.1953067914023,-299.6815963869941
1467.905313164633,-301.3214904132476
1469.1469856145454,-302.48243011038755
1470.8572880604772,-302.5220667734568
1472.5653188711228,-302.3929204087427
1473.7757184403506,-303.53191855869017
1474.3876516282528,-305.1527195626046
1474.1563812816344,-306.8414839043454
1475.3667850337326,-308.00252739288965
1476.1862762906271,-309.47236884155006
1475.4572406616949,-311.03133141027877
1473.745621842372,-311.0936439444205
1472.1863410025635,-310.48319438922823
1470.8176104614843,-309.4522537036633
1469.95628301586,-307.9513948950975
1468.4664185759834,-307.16317308961607
1467.1051546926876,-308.161617631525
1465.964730437745,-309.39095742896126
1464.9250349711024,-310.72212996040776
1464.1576599741932,-312.2931677580391
1463.5053811307032,-313.8341619158628
1462.6648149148407,-315.3721924266579
1461.6563204863478,-316.8013177994946
1460.4955422963733,-318.1825847653422
1459.295062926874,-319.36285421755366
1457.5750748373082,-319.6340491281289
1455.90422672383,-319.2925496855067
1451.5559243708055,-316.6240090330687
1450.1141062754643,-315.68195698743733
1448.6242389318447,-314.87178628903314
1446.9954027340054,-314.06452938618577
1445.4047773604073,-313.5041565083248
1443.7051235963077,-312.9527777646632
1442.0738461631329,-312.49435866716254
1440.2722729976008,-312.2139255214445
1438.5330965850258,-312.0823149224869
1436.8022444673315,-312.0015770757319
1433.3730433939131,-311.74323479585524
1431.6519098614635,-311.5836892128758
1430.0026146341156,-311.3131067557525
1428.2430212001607,-310.90368362000544
1426.552937572741,-310.38322397156827
1423.4726589375143,-308.74383707421117
1422.0211980753522,-307.8047748086339
1420.4713674529587,-306.9635852983405
1418.771688245597,-306.2244658433385
1412.3207848758925,-303.9150347495536
1410.5707305830445,-303.32375612593376
1408.9706254705316,-302.74432561480717
1407.339311208495,-302.01417178395
1402.7487053001346,-299.4726309436032
1401.2901133704845,-298.65337060260526
1396.5196667276703,-296.40173719664875
1394.960377143633,-295.68154600238
1393.3289702473064,-294.8712876454433
1390.0279629894617,-293.6725338406222
1386.718636979218,-292.4529315969034
1385.0080756196749,-291.7636844710317
1383.2760838016054,-291.2524005518031
1378.0979116920714,-289.7521612714848
1376.338303918142,-289.2007791473865
1374.6265884127638,-288.572479751229
1373.075717512044,-287.9632097246006
1367.9167755282565,-286.57089548689635
1364.4743635745217,-285.74303699436496
1360.9659241728443,-284.9510980056206
1359.1438872288793,-284.5815724328915
1357.4947509354952,-284.2120217954549
1355.763850679337,-283.7537018535216
1354.055810457213,-283.2212614153942
1352.3549401700714,-282.81191558242585
1350.6744611208956,-282.51229548967973
1348.8537036058092,-282.361627129686
1345.2722554289287,-282.21120803263494
1339.9216694845297,-282.3139127458811
1338.204067907856,-282.3821869145908
1336.4720903771818,-282.5332582696013
1332.901557603744,-283.12230632145383
1331.1420745883854,-283.43338532226153
1329.5012721534017,-283.7723783824445
1327.7309999155552,-284.2442610467864
1324.2816271502759,-285.35390288011473
1319.1903237192728,-287.074463169554
1317.5208670180946,-287.69316720186566
1314.4000501136873,-289.2035697585055
1312.7810255797422,-290.0732459937178
1307.9188972330153,-292.2243050188394
1304.5282821438168,-293.6846651823197
1303.011108922341,-294.37546757312765
1301.499927205005,-295.0941001476167
1296.6689522951394,-297.6459590329192
1295.089510061617,-298.50565147697085
1293.5375326352403,-299.51606758452186
1292.068394402573,-300.57654846455455
1289.0893181697097,-302.34578393618
1287.4581497668992,-303.2363059872549
1285.8678273111743,-304.21570265997354
1284.4370991149224,-305.196274531008
1283.0374647526344,-306.10481989271483
1281.5478444642004,-307.0083895132333
1280.0068362660677,-307.97590787203814
1278.5676334384696,-309.0264072542544
1277.2171721273526,-310.10881562648063
1275.8272038142547,-311.1681860385588
1274.4972095772298,-312.31752592299426
1273.2775061339296,-313.56889874912264
1270.8371022666834,-316.0863078382281
1268.436211962936,-318.6878032733143
1267.305342364573,-320.0489921458055
1266.0964604778421,-321.39014081532395
1261.9867694161628,-327.1586394831156
1260.977009589739,-328.6896918401414
1259.8965558602451,-330.19980520539343
1258.724855951351,-331.6108752446907
1257.5460797366434,-332.9700742070371
1253.8451237946942,-336.7419472167094
1252.545081277653,-338.03013701705095
1251.294248950162,-339.1394619787183
1246.8351376095,-342.1899144622315
1245.3564077666151,-343.13038575542726
1243.9352334538203,-344.10995267250075
1242.5356109266068,-345.182387137446
1241.1432138372084,-346.1808032913831
1237.9733110128961,-347.793035413345
1236.4453126170185,-348.48273122946495
1234.8345822236513,-349.31239183087143
1233.2635034595362,-350.0020927427612
1231.6238516398591,-350.3510440620734
1229.9446523190147,-350.36323214553454
1229.7851375822265,-350.34230455845216
1231.2632568849288,-363.2729696303265
1226.4140890842607,-363.8221420840147
1224.752139845115,-349.2917518561484
1223.293594137254,-348.77132595366385
1221.7318128143113,-348.0409318214837
1220.2624983699363,-347.2037892230801
1218.8230299178397,-346.2826500558751
1215.9512885730906,-344.12255523242885
1211.7504797460206,-340.68149402460193
1210.4405649153762,-339.60043205872637
1201.3405919859183,-331.2116134022542
1197.6207043477598,-327.4807008670909
1195.0283557070413,-324.88992821327133
1193.7904527738717,-323.7009214824737
1192.3977774063426,-322.4989660611416
1190.9691246642612,-321.55986563288167
1189.4073380563786,-320.731607898605
1187.827608707366,-320.06924235353387
1186.108781705187,-319.71174086995615
1184.3576342247495,-319.60103346894095
1182.5692435556261,-319.6102341892024
1180.6682693634134,-319.80139910393626
1178.8679411442442,-320.11933793966296
1177.0772851680867,-320.64017402859054
1175.497710473605,-321.2200377695692
1173.946922228016,-321.891770733435
1172.3458368456272,-322.71134446444324
1170.9077717421678,-323.66087674042103
1168.1973533540352,-325.9404801569191
1166.8576995237265,-327.111851666135
1165.4569416812028,-328.4710664776974
1164.2961052577123,-329.7402739407361
1163.1663887558204,-331.1424489604017
1162.2166420265585,-332.54160921802986
1161.3664495676578,-333.9836512379084
1160.5773245248413,-335.6224995236403
1159.3556055101885,-338.9043420223525
1158.3772342049501,-342.23214105892566
1157.9563956569755,-344.1148416727027
1157.3857396788706,-345.7046840254103
1156.5151018682334,-347.27271683950556
1155.4669565884953,-348.58290817723315
1154.2857324843073,-349.7841846706492
1153.756758628095,-350.14495789264225
1156.5481533011618,-361.89628790254346
1151.5957648415167,-363.0641063924452
1149.0049073843354,-352.1540723607319
1147.8354500856378,-352.3241938916303
1146.114258680229,-352.39532659051656
1144.4146791691137,-352.3734860385668
1139.215091803516,-351.87554289891233
1132.0640127214713,-351.3247608722927
1130.3032212553908,-351.2850692041711
1128.5653062217602,-351.29425373719636
1125.19246870211,-351.5934159785966
1123.3837214913601,-351.81538233582705
1110.8128214465266,-354.2052611335592
1107.2422595051464,-354.8951748763589
1101.7321552372332,-356.0358994209151
1099.772403829283,-356.4858157263713
1096.229333426809,-357.59548519169925
1094.3007942170543,-358.2672487134315
1092.6900277756847,-358.90595684907146
1090.968902394992,-359.56572539076745
1085.980694276274,-361.73773303348224
1084.3494815772247,-362.49644563445446
1081.1279472857218,-363.78782375004175
1079.3204939802763,-364.4475002508102
1077.6090208391804,-365.16831445798516
1076.0582296945897,-365.9388871855508
1074.3983378159987,-366.82648294873667
1072.919580387329,-367.7079729841154
1068.3883651254675,-370.6564015238199
1065.4776170516989,-372.6872125766802
1063.8884379502606,-373.7875729328355
1062.5164173859735,-374.99893444168544
1059.976300359963,-377.43948999793685
1057.3762426433416,-380.08983330530816
1053.3465361142585,-384.0395251120812
1052.1364317200596,-385.2017883881127
1050.7368751556103,-386.3691599064715
1049.438046117159,-387.66031426478855
1048.3563700699192,-389.0105983370272
1047.3058221992644,-390.58153375269774
1046.3380185930866,-392.1004883243514
1045.2155182165643,-393.55262492658284
1043.9046249504686,-394.81285623065634
1042.684944691476,-395.89122658715104
1045.6976176006945,-414.56256884631233
1043.607018890566,-414.9045545670123
1040.9274452679174,-415.3335895184069
1038.1560443383232,-398.1621140694898
1037.6654663084416,-398.3410258432551
1036.0655658274477,-398.81283542586755
1034.3756024721235,-399.34271112161457
1032.584906232403,-399.7036149309549
1030.7737171211684,-399.75269096215254
1028.9937952702132,-399.7720366990469
1027.1442578266453,-399.741113828361
1025.384701009976,-399.6615011399328
1021.8342727429805,-399.0911936986273
1020.1334069628525,-398.78363681433154
1016.0828292977632,-398.32241159534647
1013.0722616646651,-398.01090360276163
1009.5626236068517,-397.792517817043
1007.7623191211743,-397.74363029632025
1007.4336471483628,-397.7526429969736
999.1828386711911,-398.0344208312357
988.260707187708,-398.09342091653974
982.9891231436831,-398.00209506316367
973.7798475703263,-397.713259824138
955.1969052771133,-396.57496403125305
954.308106740571,-396.56308297461203
941.964736433769,-396.4932909230989
940.2471046053803,-396.4934611575791
936.6560133148281,-396.7556691876143
927.5438802608028,-397.33623163889075
921.9750197922758,-397.67553710975403
920.2334444897066,-397.76448672391865
918.5638127924027,-397.9036051084509
916.7346762271602,-398.1256338124375
915.0446832293849,-398.41558094334624
913.3127645345032,-398.60358364959995
906.3331983143263,-398.53632022428695
897.4513442505802,-398.18643026937235
895.6426374652218,-398.1056011440982
884.8091383384938,-397.0344654335921
879.3589669039396,-396.60722841897575
873.9482393776235,-396.4258771874497
861.2690754209481,-396.69487401907685
855.9675083765194,-397.02513870082504
854.277582763917,-397.15816264716733
852.5275300788154,-397.3151325421139
850.6852742057316,-397.7870323973796
849.0469711253347,-398.5876016652538
847.6964390381748,-399.56810041374064
846.4058826039264,-400.6953311151902
845.2065675379488,-401.91562360512785
843.9173672752031,-403.33672785915303
842.6256616901117,-404.6458089043699
840.1262221557478,-406.97836856203156
836.4358856682941,-410.77810825285655
835.1945733292188,-412.0471826494276
831.6062107937389,-416.0286624615267
829.7544547965343,-418.23826621150477
823.5046047778192,-422.3299035532893
821.6141916445177,-421.86840780316646
820.0656502657264,-421.1101153066062
818.5830418491294,-420.1399402867911
817.2755760947203,-419.0988251832595
816.1144646699457,-417.8387382384051
812.9235864017594,-413.5680629741248
810.9429916319866,-410.78929743573633
809.9222479108682,-409.30734579729875
808.8929302072445,-407.72953159286595
807.7341193644351,-406.1099315505029
806.782910459024,-404.7079760073863
804.8431361762773,-401.7192244342499
800.0315880522369,-394.24798891572954
799.0215746504044,-392.7470819874093
798.0126546703794,-391.38822394023106
796.7400140617068,-390.01721797851957
795.4612296781083,-388.7672134387342
794.081817105514,-387.5472429686256
792.6819709683588,-386.6260359396801
791.0194867423886,-385.70784320079593
789.4913284027389,-384.9374737898176
787.9296477378646,-384.08720431072027
786.3391202198645,-383.37589368014903
779.228713935659,-381.90641145449524
777.5686918491051,-381.5768619771249
774.0674372047661,-381.0165329668743
770.6382984169915,-380.5850784297082
768.7887511717403,-380.3764441296601
765.2178884558721,-379.8281876729994
761.4085120469206,-379.3567592513275
757.817453308197,-378.96531424383215
754.3257659161268,-378.4180449049822
747.1951329509079,-377.6750455530474
745.3658855765694,-377.54630770790175
741.8167636224363,-377.4077286641841
740.1160163359809,-377.38691312605744
738.1562014445132,-377.29708796033856
731.0458200949628,-377.0757860903809
729.2754623646537,-377.04789147120397
727.5542593768575,-377.0670764343783
725.8055422412087,-377.26701667010036
724.1636177919097,-377.5659039803716
722.4939221657377,-377.9488853792397
720.8447756180509,-378.42663082674875
717.6615283384273,-379.7479085014731
710.8729742035644,-382.53742926407455
709.3029346974229,-383.2489891489111
704.4333641344172,-385.09808459211035
702.7218513545189,-385.7177808380529
700.9803324115423,-386.5682090058818
699.4115498844562,-387.42780145542946
694.9594500078613,-390.1492062424976
692.011350448786,-392.08094993613867
690.5001308489781,-393.1282729320003
689.149584689507,-394.1296973831273
683.4394310798857,-399.2695137551085
682.1094446530404,-400.5396718253018
680.8296939529486,-401.86080018657987
679.5991771882191,-403.17992977760343
678.3794747736503,-404.5420522181015
677.1801582938621,-406.052107589928
676.0083758083517,-407.6510412742917
673.9695904656019,-410.5131160627718
672.9081558250639,-411.93118830308396
670.7097787265619,-414.8833511540054
669.6483488787303,-416.3832209474555
662.8194713323231,-427.0750877764983
660.9978379064668,-430.1141073661292
660.0886898109917,-431.7159135950613
658.4577652981744,-434.8958711996816
656.1490519182488,-439.56669237500154
650.7787464487587,-450.6470891572205
649.8792466699279,-452.31702538158993
649.0397950348837,-454.01778126750077
648.2375205624318,-455.7466650375799
646.8487825477207,-459.1173328057227
644.668585623379,-464.30875609298084
642.6082094083823,-469.19941375583755
640.3475779886684,-474.2800152150587
638.2189133595966,-479.1117221051021
635.6069212418353,-485.80107158387887
634.9773708209516,-487.39996370665307
634.3177285484423,-489.22070969867775
631.9565157755748,-496.4527006597854
628.7569886012369,-505.1537173304792
626.8489819788905,-510.4131500699507
626.046731176434,-512.6346148673971
625.0657004484244,-515.3126633604352
624.4577693966874,-516.9055680817794
622.8579544785678,-521.8351944194599
621.6959216389768,-525.3536780683936
621.0879191591972,-527.144593354655
620.0062249018433,-530.6660641193383
611.5877829146565,-556.6590928297683
610.3681967449106,-560.288504559248
608.8056457476232,-565.5209775850276
607.7862529058665,-569.3192588490346
607.3365994926173,-571.1589424854968
602.7863441408259,-596.341216132537
602.4685866188062,-598.0820353281554
602.2167786701775,-599.7828491608802
601.8777611064589,-607.2645856144304
601.4473048281745,-628.616358770306
601.2893751108185,-633.9775227737806
601.2066503217512,-635.7283023061404
600.7271606233062,-639.2868404804966
600.4668686547938,-640.996532765913
600.1071903858484,-642.706331069063
599.6383057300696,-644.3182780346667
599.067457026624,-645.9392092317823
598.3970527438061,-647.5160555984762
597.4880371650007,-649.0790511868834
596.3473812379838,-650.388188497906
595.0783885525066,-651.5773302135239
594.3767264445652,-652.0580864283104
593.5683460735465,-652.3298656139061
592.6662977142245,-652.2770525810869
591.8362665767474,-652.1171994386606
590.1569901076932,-651.7594880315482
588.465752814105,-651.6487668141921
586.7865091607713,-651.8187509922234
585.1960321648489,-652.4103875881019
583.6055591650548,-653.0700558192083
582.0679077075004,-653.8895257088466
580.6165873091546,-654.7489912357968
579.1256827713992,-655.6793837143996
577.5844450824234,-656.3480257519639
574.2068567064989,-657.1806738113794
572.526287026857,-657.4485137588157
570.8051360020805,-657.7993507938282
569.1642489990943,-658.2592133061619
567.7262331913312,-659.1095984932299
566.1464871189231,-659.7782409739289
564.5153362617325,-660.3389529259615
562.7856828233583,-660.3790567556711
561.1135777921697,-660.3481323620781
559.4535647016119,-660.8688439804761
557.815126128177,-661.9692218162314
556.8855233391644,-662.9096529092036
562.314041752278,-677.3629211690372
562.8946857921001,-679.5004053733215
563.1359016328522,-681.3521158105349
568.1380440660879,-686.2512123673736
573.3068645324897,-691.1934894677794
579.7057168501841,-685.9327982571598
585.6067911877869,-680.5712825894901
591.9589723428916,-676.6515726064947
598.5893339947328,-672.5201638338153
604.9702807513303,-668.6006427932471
609.2079071594865,-666.3199064253785
611.2097149345992,-665.3894763669971
613.9803917680624,-664.0892098678488
621.0703216596232,-661.1888139163186
627.161079985689,-658.5793600058641
633.4904860126304,-656.5793803330077
639.4613794752519,-655.0159420380908
642.6819666940136,-654.5881809839838
646.4818244486617,-654.196091179939
650.462884707354,-654.707554935848
653.1941250657534,-655.7366243969037
656.1845820117351,-657.6769236773187
658.4529046471994,-659.8582766399915
660.5545933173707,-662.5392063278565
662.3551269259226,-665.1791578566591
663.9638125719796,-668.1190813090865
665.7058454470028,-672.629614447288
666.6260165423319,-676.0891020366984
667.4144010346571,-680.0481644581012
667.3450066618618,-683.1480102171954
667.2145241404994,-686.8303211004479
666.6366876218642,-690.6696754267318
665.64622628521,-694.169198372359
664.6568644286679,-697.9405494688551
662.9669794792532,-700.6528662019181
660.5165982950728,-703.381994144274
657.6344893560434,-706.1623249098423
655.2657129374339,-707.961144451004
652.624421452002,-708.9935758114779
649.7038088485691,-709.4534403234436
647.0529489494749,-709.2217941287819
637.7735571337024,-705.7718477273254
635.9935624065644,-706.8131943925903
633.9522045422311,-708.4122801294637
631.4729588161845,-709.9722911712373
629.2228149303357,-711.1116257798303
625.6628608022583,-712.5328499390153
621.8629400397588,-713.6024573125876
617.2102672292394,-714.3731573192406
614.1407593548956,-714.5331614718895
612.1701467064934,-714.4344329741466
610.9190392515897,-714.4934678748918
609.4197082901923,-715.1130335922485
605.7002933551274,-717.5036652258752
602.1392367408505,-719.994038877816
597.1591601131597,-722.6834090526013
593.1998394868436,-725.7654425068173
591.5998587775204,-727.5243964042407
590.888704271009,-729.2561618119486
590.6704642402885,-730.5252396776839
590.4186202233132,-731.7364625913378
588.4095830541019,-733.0276971017928
585.4781257173985,-734.4758006417348
582.7793608905132,-735.6960519505411
580.2378028488706,-737.2060768654954
577.7177301285299,-737.8169215573388
575.8789446286893,-737.85693465874
574.3890851299944,-737.0376494777694
571.8377278970225,-734.6775354227103
564.2681858593812,-740.5687328247828
552.3146008415655,-749.0703306999131
547.7663924779201,-753.1896163915188
543.935513777178,-757.2699549541979
538.146055797464,-763.9405031831841
527.883865487165,-775.9605797100659
515.3921015767845,-790.6957575458375
508.8420254905914,-799.0950571705654
499.79249234171465,-810.1566059534194
497.1310299463378,-812.8068971193302
494.4623193519953,-815.2473065307315
491.2129853808798,-817.437962452202
482.64059955071446,-824.3584025648954
471.2302822901863,-833.1277078455896
468.71026741157027,-835.5681025643547
462.45999851398074,-841.6010022076157
456.56959116673755,-847.4710826709975
450.9873896916423,-853.0114594702109
447.01852406038194,-858.6715610928193
443.8077889634669,-865.1422225553017
440.56716502641797,-872.8387550207344
438.4993602932581,-877.7533066349032
436.5984098390266,-883.0256658914839
432.00863012365363,-899.1064387935535
426.9273870983454,-920.9211617509725
421.9684076552076,-943.31125398739
419.28742186547714,-968.5154879420223
415.33749379341253,-996.0489198391526
413.89990081289346,-1010.0001054087564
413.90961108852304,-1013.3396519713317
413.92780890701454,-1018.6798539192886
414.41872043690427,-1025.1401670051587
415.7299970125765,-1030.6402171556715
418.20851937028095,-1036.389998461823
421.57938828883965,-1041.9728519354842
425.6303519786532,-1047.4228020817725
430.81011831185356,-1052.6108464531753
436.55250308849963,-1056.8016266415448
441.0915929882213,-1059.9131267286584
443.55294097068594,-1060.7323871049691
446.4942569792755,-1061.1639823056994
453.9132608012953,-1060.643017223906
458.78455568931605,-1060.4818807911706
464.29512736477113,-1060.6634635622718
469.04519536570007,-1061.2738211438373
473.4248598927836,-1062.770504422863
477.89550964128966,-1065.793209713504
482.06764877305676,-1068.6428557713077
484.8782688461838,-1071.6125730296844
487.5882678503005,-1078.1238420469526
489.34832225130845,-1083.894689233626
490.3069605284592,-1088.6332288132692
491.79707821928656,-1093.5136899331385
494.72887951109215,-1097.8633873491794
496.75863459587316,-1101.366722897264
499.45898448528953,-1104.377539888406
502.90062283710193,-1108.4073982738412
505.16912423986935,-1112.5883446125138
507.6308624105736,-1117.2368245438774
509.4399490953421,-1121.9084816458542
510.52222800410357,-1127.2475281314703
510.69163022001726,-1131.508488164731
510.29117825759175,-1135.0579373678356
509.21193683675295,-1141.3994225682131
508.6605512248735,-1150.09137010051
507.4416808004062,-1169.280708750376
510.07227704729377,-1169.3025135878604
511.6725220469609,-1169.2434732112729
513.8436818795349,-1169.4710931268232
515.9620678537864,-1170.4513552404626
517.4423608678347,-1171.6125046838372
518.783538963411,-1173.3811600475774
522.6740495976662,-1181.111340751736
524.032029572808,-1184.3620314946731
523.8738498432463,-1186.1517169442511
523.1542520583722,-1187.9545010280037
521.9823850802896,-1190.2439072693428
520.803327990318,-1191.8647661111818
519.0928949903539,-1193.8155385317552
517.1221487099332,-1196.1260357667322
515.7044034483758,-1198.1256708156677
514.8624627078314,-1200.0642253335493
514.5027594495633,-1203.5237942875697
514.3339309416397,-1208.376310063512
514.3641639473973,-1212.2066414218837
514.7242235487031,-1215.31543818425
515.6647133444213,-1217.7376004251485
516.5741379640757,-1220.917291950602
516.8333576295483,-1223.3874725000753
516.8238760009544,-1226.447310291659
516.0144457838144,-1229.76894461618
514.5738799895191,-1232.8288600270832
513.0039578625413,-1235.509020817205
511.3546894515724,-1238.2301842831828
510.6433814810064,-1239.6382424500246
508.683575670232,-1242.9998392460914
509.0542019355255,-1264.8113089668332
509.5841017363016,-1281.8531584658726
510.8649487288262,-1298.2663209729456
513.3066797112775,-1311.9064742452895
517.3765609336551,-1328.6981480350134
520.7074099674902,-1346.2604554772015
524.5180190466999,-1360.7409523935949
529.7897483898528,-1376.3034912498938
530.8898573109159,-1378.4908229482503
532.1590247598064,-1378.543720983501
535.480747302853,-1380.9617568273793
536.2390085910856,-1383.1342439003665
537.9018076627968,-1386.9643821255843
538.9214447677784,-1388.3623685656958
540.3322613980779,-1389.894201746175
540.9717646834622,-1392.3122880953363
540.8411373903002,-1394.484825349696
540.9361289582658,-1398.9675392741194
546.7917748540019,-1408.3865206054168
555.6226121650939,-1422.1461944246437
566.0740025618985,-1436.2885171678138
577.7765992307608,-1448.5199754122857
585.186754053827,-1454.8290249921235
591.6381281987316,-1458.04836626512
598.3379647765602,-1460.1494517143592
604.9488176267641,-1461.1193343908558
610.9191530108205,-1462.3391359828952
616.7408122408738,-1464.1783124204396
623.30985505678,-1466.760100429965
630.2830124749029,-1468.7502195814152
642.043820995254,-1470.3881808807155
651.2336607796315,-1470.609406770401
661.1240999790876,-1469.789348911321
667.4266294314936,-1468.328019363345
674.1463446045153,-1465.397587508948
680.185976557377,-1461.9675347690347
684.5078465180471,-1459.4571291062293
691.9880457147867,-1454.5451279106583
700.2094121622572,-1448.486799679297
709.4877130635386,-1442.9031118831786
715.7899306649779,-1438.7426222459085
723.3984957582455,-1434.603974740608
731.1114181572498,-1431.2728169974855
737.4713559862864,-1428.361420766069
742.8019221646229,-1425.5629219452044
748.171007410674,-1421.8621474007166
754.22367918083,-1418.8818345000402
761.4328565482092,-1415.390787311099
763.6626950410958,-1414.3093809513816
764.114817799764,-1413.061229779559
764.7851910161133,-1410.7688421951282
766.6827471319511,-1408.7011000350442
768.5144074282857,-1407.409943211081
770.8450882862177,-1405.757937410393
770.6829762712315,-1403.660435352519
770.2053519175763,-1401.1982603627855
770.0432335544781,-1399.0197585019619
770.6847809023252,-1397.199106738121
772.5031657401909,-1395.3192054903502
775.5355345241087,-1394.0069015699758
778.0545538596767,-1393.7968143317182
780.3338397408364,-1394.3173402057341
786.8164248869766,-1396.4761677239453
791.6460076499943,-1398.8081011810323
796.0258360944016,-1400.7893368380446
799.7567539937228,-1402.998461961406
802.878150899028,-1405.0187041731338
805.1778881006855,-1407.338873836465
806.7267096959545,-1409.5172573838768
807.7368732748017,-1411.4987732423833
808.3872428698885,-1413.7291046536923
808.6670304883754,-1417.4783131614583
808.4395177276822,-1421.0499039941737
808.5295708861789,-1423.6808927714326
808.0980013523923,-1425.9493222647502
807.3267745970638,-1427.6003069413198
806.7885692511961,-1431.7722401622252
806.3978235680805,-1434.8501650675973
805.2684381300526,-1442.331966712582
804.7579373223911,-1449.5537583199043
805.5492559621141,-1458.2335351613553
806.3978518080613,-1463.5945108885637
808.2589108046288,-1470.5055684270903
809.7108704912762,-1475.9244491309234
812.529045796668,-1480.0162929000066
813.7599439316533,-1481.735038545073
814.3515229740707,-1484.0642299912504
813.6295617292561,-1486.05497092957
812.6508022726795,-1487.6448248279148
811.6301540206089,-1488.6372590347667
809.1386477354498,-1489.8974569433706
806.3101810390027,-1490.9860071999992
803.6591907584132,-1491.8366297076448
801.4880960635431,-1493.3367054438243
799.7907661040093,-1494.7877618695475
798.7400890234783,-1496.766459159283
798.2280192788966,-1498.2794621622263
798.0182244444044,-1499.958229907872
798.4396111992213,-1503.1380338883384
799.5292798081725,-1509.83009906944
799.3903400306061,-1511.3799794475008
798.809840636981,-1513.1887570622168
797.5804868230341,-1515.0195348966809
795.8795348010606,-1515.981001163796
793.7779554192432,-1516.3289174147956
788.7398067429978,-1517.2017804409845
783.6585107948436,-1519.3495926334433
779.0678668462748,-1521.4814013233247
777.0659785213481,-1523.432243164861
776.0081153316426,-1526.1223797275359
775.2166399814628,-1528.5097428377778
775.0068276974708,-1530.0326951836466
774.2080421438205,-1531.5206821054705
772.3967393687552,-1532.84296119717
768.5176350369176,-1535.7110864693136
763.8466950537625,-1538.63244243504
760.4459701623927,-1540.9340263299387
758.1057999935006,-1542.933770356985
756.8571944852474,-1544.4348593861816
756.1075211148725,-1546.4534291817552
755.8378095256373,-1547.8644625167233
755.9457710959208,-1548.8937095169729
756.0069959402156,-1548.9826846764013
758.3163897093887,-1552.153262179653
759.4166991197513,-1554.895095986128
759.8765468876924,-1559.6646682756118
760.0364001680603,-1563.6757396741748
759.6469473291802,-1569.6564858569923
757.9559283839651,-1574.355405013087
756.4975889324294,-1578.4655607584634
753.8360196881547,-1582.6286811300545
751.2848856549746,-1587.5774497468635
749.0863354378238,-1591.4777816522155
745.7579833455302,-1597.3598029877685
744.1471439932959,-1600.049979112529
740.407129878405,-1603.6188493039735
737.7861181577948,-1605.3997510933282
736.6250297607427,-1606.1703364188984
735.9365507214168,-1607.9999667714792
736.165743603077,-1609.5987963843768
736.4346775220707,-1610.970883443531
736.2344059488184,-1612.2799627369177
735.034947027408,-1613.801893389098
733.3555190436575,-1614.8313784585655
731.7757713609373,-1615.2321099293852
730.2438871932803,-1615.0314242569634
729.2061156086006,-1614.2920320973897
728.3147763559267,-1613.0009923374948
727.3633469271908,-1611.2303427882612
726.2645234134553,-1610.4809796417658
724.734940946966,-1609.9115046094673
722.9031380748387,-1609.9206220192402
721.0533919851334,-1610.2325917316184
718.6135731145,-1611.4309146435821
716.3031965610768,-1612.8909800613376
713.6138992997603,-1614.8018589705287
709.8942374164083,-1618.2526075254236
704.5924336515513,-1622.4131177293305
700.4731862462346,-1625.903893304102
698.4412997307012,-1627.6327691877996
695.8309658586033,-1628.9020234128805
693.8433369794932,-1629.6147072849328
692.5513673038679,-1629.873561875566
691.3614317635115,-1629.8028236597781
687.6822057259225,-1629.0135426863085
676.5607230698128,-1628.2939224487816
673.5497931147924,-1628.2141342315451
671.5296972504186,-1628.5530397915854
669.7986648032996,-1629.2247018396279
668.2801251955576,-1630.7347758658093
666.8696142125543,-1633.1751421649806
666.8600610709194,-1634.534083249216
667.3687584874335,-1635.526394225896
668.3092800907915,-1636.07397419834
669.3493353228993,-1636.2037798677866
670.9807470950517,-1635.8738800506303
673.6809600028477,-1635.2051416983538
676.2805480159695,-1634.813325146461
678.5908682775151,-1634.733158141893
681.0620889709734,-1635.1557361197747
684.1019670260954,-1636.3935569567318
694.9129290480079,-1640.1050944491908
691.321609634255,-1642.6445790165003
688.281874917586,-1644.5734317782822
684.3821122054762,-1645.6959391940566
680.9418189221558,-1646.814322179468
677.851662513488,-1647.3971030054058
674.2804592917528,-1647.517260780533
671.3306676185819,-1647.5665484055457
668.7311096283659,-1647.2559002404848
665.4681542871284,-1646.0939027170652
661.5681903965791,-1644.375524064877
657.7473416588248,-1642.8347991086678
656.1493643505809,-1641.9446106528342
655.3683850805334,-1640.3147939791709
654.7673043725011,-1638.4851587907967
654.5979932499083,-1636.6144951724464
654.8773696395268,-1635.1845110900317
655.1184261930566,-1634.1152378919014
654.9672306545439,-1633.2039013617243
653.9570172447914,-1631.5861705108398
652.1876272249186,-1630.8837290563097
649.6468050031795,-1630.6840971484341
646.838588631375,-1630.776161688783
643.6753379877214,-1631.5838802813205
641.5664994151463,-1632.0556569904772
631.8247205886495,-1634.5364785525344
632.1944811834037,-1638.8653519850156
631.7556380395788,-1641.3547269782737
630.7852974691638,-1643.9149621628733
629.0353554229715,-1646.7559549291848
625.934543434897,-1649.7760938177066
619.4558178869246,-1654.046362513601
613.4856226199664,-1656.8787486374715
605.5648397249149,-1659.8091136342468
595.5123575826299,-1662.3180481023442
589.8827350180746,-1663.3905487873851
585.6723082168057,-1664.878830586818
583.6018052842479,-1665.3695451762803
581.4234254356808,-1665.9302927982467
578.070480528186,-1666.2013279025552
574.5017684002265,-1666.3893800600745
572.0917997918215,-1666.5803537523582
570.2215766307328,-1666.901273101991
568.3994692580098,-1667.8807610427823
566.5402009616747,-1669.190933315345
564.1303394323427,-1671.1996111272913
561.3605637446399,-1673.1312999926292
558.2093552966348,-1675.402969997833
556.0201742465326,-1677.6524374308503
554.3397184134593,-1680.1237261956276
553.1689743451868,-1682.6131400958798
551.63974040864,-1686.6342878317953
548.9096315510476,-1689.9739896810845
545.2893721377075,-1692.173660503062
541.9090532871464,-1693.9336033484235
538.5478248718749,-1695.0029512519163
538.137599806689,-1695.122878065922
523.3263813618048,-1700.5249521831042
514.8359637190023,-1705.5448067025006
510.01597244503955,-1708.4349221088876
506.92602290761147,-1711.9077021023538
503.06462945910954,-1714.416006570662
499.00528328256837,-1715.5774497665861
492.25266272678505,-1715.5778021393392
488.2041375436242,-1716.9280732982302
482.21338041490606,-1717.6988744224968
477.1930962500648,-1719.2390208469646
468.8919475109845,-1722.5180284878754
457.12045576863585,-1725.9882242335837
448.62978775371795,-1728.6906487482404
440.32860330216084,-1731.5898702859204
436.71902454846986,-1731.7999180371191
436.38788636588055,-1731.6491061587333
434.07874849410786,-1732.6814598841463
428.69865912715386,-1735.0689022409738
422.79777759952646,-1737.1807461582343
418.15782967517066,-1738.3420808420199
412.86758035509143,-1739.1616864823905
406.7664022895095,-1739.3808086407432
400.51532594742343,-1739.3321951449761
394.1045155630601,-1738.5029142645792
387.66374091789316,-1737.1512218681573
382.1142772475375,-1735.1608681771327
377.87246444820283,-1733.3833330114321
374.9237450895463,-1731.8115362017
370.972116097258,-1729.350476364914
367.5003377043334,-1726.7714878270983
361.90047602273705,-1722.531685639238
356.2405480118579,-1717.8393013064892
349.73970314830854,-1713.2708382701317
340.33942344115184,-1705.4697673768499
335.1389494790066,-1702.000330304012
325.8466849891752,-1697.427958757006
317.7660334976489,-1694.039710003209
310.9139587295935,-1691.8304991679934
306.2953184383337,-1690.5885201522203
303.9537706457479,-1690.0679824815102
301.6348541787098,-1689.7603172299268
299.32451105969955,-1689.6404867656065
294.77444796261426,-1689.5696046574524
288.8112214274799,-1690.2503054206838
282.50257666582274,-1691.569534104921
277.2507630771941,-1692.1613261615757
273.13248169395405,-1692.3702293067186
270.1622893141006,-1692.2014317845478
268.2021183929623,-1691.8997333671339
266.73976307600276,-1691.5201131856231
265.78978017068863,-1691.0894047231575
264.0610755938956,-1690.1711233246756
262.7498410343381,-1689.3117843199045
260.8496943914977,-1687.8908497890461
259.04070653429943,-1686.3110052586721
256.4195627810959,-1687.3893106740543
245.40858851533164,-1693.1515563079092
236.82796582666518,-1698.8356219423913
211.60672131951847,-1715.545207360639
152.41222469219355,-1785.5223341494607
105.45881290169244,-1841.0382113942887
102.46815492359542,-1844.5698122517463
97.66610971879776,-1840.2499439263854
228.23613635704876,-1685.1006896610256
225.67724095098555,-1680.6389815760585
219.11510819357463,-1669.2392189398247
213.69397772319678,-1659.798083684069
208.26320949345003,-1650.3580427064549
202.8420174215288,-1640.9178985350616
197.4136828765,-1631.4766539969169
191.99251237573054,-1622.0365033711907
186.560622764268,-1612.5933571263631
181.13947379623835,-1603.1523022670137
175.3380399326274,-1593.0716324435869
173.21963682316772,-1594.3927055113343
50.0112974189892,-1385.6453808200333
45.00063627596656,-1377.1535962968985
30.920167998683045,-1385.645462163807
22.857955727630838,-1390.507067875863
20.019850890497608,-1385.6454913959906
16.027694802336203,-1378.805506363559
-23.07911135832112,-1311.7993169939132
-53.83295280383455,-1268.405249627881
-177.08089735660707,-1358.6372174141052
-178.07293254321132,-1359.2378142628504
-178.29367968397025,-1359.3246953547873
-179.11287285714272,-1359.6474820354774
-180.56194769110408,-1359.9682616222176
-182.49085026866055,-1359.9281238783456
-183.88360689129104,-1359.777269828045
-185.1935168715859,-1359.3885052640428
-186.65338472490663,-1358.698980989512
-188.04237821279085,-1357.5368261428519
-188.67216262500938,-1356.8372428552302
-203.14385994930873,-1367.4793383185809
-202.95433017582454,-1368.6685029776393
-202.94364660799485,-1370.8200848741415
-203.28553977319976,-1372.9204857132056
-204.62428887440348,-1375.2997756901837
-206.0133488258349,-1377.191369881852
-207.84523268393573,-1379.1108851383044
-210.33553063661753,-1381.091434575132
-216.60576970344772,-1385.6520202314357
-289.8802204077746,-1438.9380445299128
-293.2222810257266,-1441.378209762761
-343.7961468807136,-1478.1532033211627
-232.3920304965682,-1630.5056610927977
-227.3608122995706,-1626.7564519774776
-135.18051652144177,-1628.0832355719733
16.03543665654566,-1727.609928735731
32.6476754595327,-1738.542157661048
30.358712111358514,-1742.0206651092296
16.035445129715466,-1732.6293190191882
-136.6908250448106,-1632.513062452583
-226.0689205553742,-1630.8074679478368
-291.32583151368544,-1678.3637154962203
-264.41259419728937,-1713.7852320563134
-263.90154291237627,-1713.5263862554464
-257.89261532799617,-1710.435692933479
-257.08062969169424,-1713.3346478347974
-257.32183001063737,-1715.845932557995
-258.511839494509,-1718.3570917307306
-260.1505960156582,-1720.9451483284754
-262.50191096944536,-1722.5569984270599
-264.181286027966,-1723.0865425377253
-267.16239243505646,-1723.5462224531602
-271.11390594443674,-1722.9884891175873
-275.43237246504356,-1721.496353625869
-278.9027447443726,-1719.5956512885946
-284.224413541625,-1726.367650426156
-289.04340618961464,-1731.8394763511046
-289.29294929874254,-1732.1473076686257
-293.6943978811596,-1737.7301694039354
-294.86292404504167,-1739.0892729079446
-298.96333138068417,-1743.830622035915
-299.04368542672364,-1743.9605981502166
-302.26473817132967,-1748.6901028140144
-305.0659673368493,-1752.5811927601078
-307.51446233879756,-1757.1509154683833
-308.34470834091525,-1758.5398544772402
-312.7450767197168,-1765.9713366436897
-318.3751450692131,-1775.452507750544
-322.4265962317582,-1782.89297474313
-325.7052223721386,-1787.3046550087652
-325.9847141526262,-1787.6654533434119
-328.8758710374935,-1791.2857025774922
-333.0759326454096,-1795.0848626350485
-338.3075991245395,-1799.4964697830044
-344.2675202332071,-1804.5056700586063
-346.44595394574304,-1806.447290065189
-349.1080049503563,-1808.8284051170938
-349.38886469565705,-1812.41791979435
-349.90718277615906,-1815.5485602311371
-350.45798346815775,-1817.5791193531768
-351.64683023096563,-1819.1289433895336
-353.6969722554063,-1820.1301915047725
-355.9582877293822,-1820.6596976268459
-358.72821020231726,-1820.3698098957516
-359.11799566712915,-1818.4381710781452
-364.068735917527,-1817.029963904852
-364.2895265540771,-1817.9293317447632
-364.96856465111,-1819.248344375317
-366.0603341481218,-1820.5304323143293
-368.00965716809844,-1821.3188075534276
-369.63879432202276,-1821.300788687997
-371.2091020714805,-1820.7181678163847
-372.37979037880945,-1819.3989835414318
-376.15968886242746,-1817.5502052997165
-376.63962021788774,-1817.3103791990122
-379.20195899026544,-1817.8178223475177
-383.6202120657823,-1819.1087526798192
-387.54057459588716,-1820.7883403854664
-393.58080373907234,-1823.8199956594954
-395.2027362400241,-1824.5593999734397
-398.93354049317895,-1826.280987006063
-408.9037348461787,-1829.5711271056714
-417.67308433000966,-1832.8714844412896
-426.24330532588306,-1836.0717899823337
-433.7254513181091,-1838.8724258253237
-434.40686425705195,-1839.1312546446688
-441.93699076754126,-1841.5341651717863
-448.42695379524565,-1843.6134192400934
-450.42801485764267,-1844.1738386729214
-457.38835107152704,-1846.1032347438281
-458.3564838781239,-1846.3828964852341
-461.73817117857664,-1847.3840568927685
-467.55999274973067,-1848.3140718960678
-474.38825124528245,-1848.656585598442
-476.8990131406319,-1848.7733708007675
-482.47135553496554,-1849.154745724397
-485.19920417716577,-1849.0656267688564
-489.751823916351,-1848.8156107057157
-497.76998780390636,-1848.1346764780285
-499.70256597849595,-1848.1156218655005
-507.62360980772246,-1848.0752007304484
-508.3122476520706,-1848.0661861040364
-514.2828384147344,-1848.203723834561
-517.9931220338738,-1848.284422186138
-521.5848966668557,-1848.7458841636208
-530.2245873571741,-1849.84568531432
-533.9242611997554,-1850.5729792929549
-542.1873504877175,-1852.1952988091969
-552.2763635134564,-1854.8358871537846
-564.6086411173447,-1858.9481924509946
-566.2894052711047,-1859.767566208473
-572.9378520595627,-1863.0268078833826
-574.6498105748024,-1863.8591462164268
-582.8711360732623,-1869.1178416165444
-590.39184903141,-1874.3186167439735
-592.5213484114463,-1876.1302045417033
-592.9016641656832,-1876.459965389691
-594.4612868754268,-1877.99976041728
-596.0615559979793,-1879.0818842516196
-597.8502961070449,-1879.9501247666306
-599.7001487976803,-1880.4307195612178
-602.9211855634722,-1880.5104180752512
-606.1025708880925,-1880.9818494466745
-610.6624698686765,-1882.5005016696207
-614.8120562833708,-1884.1610275381668
-615.0327418154347,-1884.3308932068408
-618.2623413218558,-1886.8719001707686
-622.6748111257722,-1891.5832619726489
-626.1528959129147,-1895.7520251086814
-626.294399192157,-1895.9828450302691
-629.753305764895,-1901.9043741934647
-629.8433171361346,-1902.0742481816853
-634.8042810096653,-1909.21585868665
-637.5434513410105,-1915.2263132043076
-639.0647789685029,-1918.5538828852941
-642.7134840220259,-1927.6680999528903
-645.1033754782121,-1930.9675791003924
-647.5447875375982,-1933.4975568120724
-648.0557997466613,-1934.0760913580625
-651.6946085407297,-1938.1589462883082
-653.824248651806,-1941.6372987888587
-654.0245662584842,-1941.9391386214897
-654.9652573606478,-1943.3099840007005
-655.4666748621994,-1944.6590136279347
-655.5351390281435,-1945.9690695578217
-655.2148880514502,-1947.0473255366132
-655.0866545890019,-1947.4790668549647
-654.7448169139567,-1949.13988382626
-654.695804954526,-1951.2774018257305
-655.4362093728741,-1953.989344875756
-656.5567133513053,-1955.0216148257327
-657.825901287942,-1955.4490698285013
-659.9445051162597,-1955.6308729625082
-661.7463369020385,-1955.4798207909478
-663.6441736859765,-1955.5506130059046
-666.1549880291941,-1955.9791771036616
-668.2568122935519,-1956.48068901864
-670.2758817419449,-1957.1089928041058
-674.4567250554466,-1959.0713438433315
-678.0485393221113,-1960.5601062366293
-682.1561112986761,-1961.4621808425275
-689.2989595694042,-1964.0617359967564
-700.2493326364075,-1966.0914142472561
-703.2089260428272,-1966.7728101660505
-705.02042002065,-1967.9028812227148
-706.6388626660301,-1969.153767590553
-708.4887641579242,-1969.9819815218918
-710.8016933879529,-1970.3337384941717
-713.560761840271,-1970.1735272636404
-717.7403834317628,-1970.0832348368797
-719.9117299078861,-1970.2929515391327
-721.3921069902755,-1970.591700224768
-721.8719793888694,-1970.683636349064
-723.9606230559932,-1971.6946769844965
-726.3911042232828,-1973.3642625689754
-728.6706428238531,-1975.4036447347887
-729.9628067040057,-1977.073316655156
-731.8032426391123,-1980.234956846907
-734.0335463566904,-1983.4145221520905
-736.4607382607948,-1986.5850938583344
-740.3826672094822,-1990.666795260074
-745.9217159683727,-1994.8753541556512
-750.8525732064452,-1999.3058093145974
-755.5339035050619,-2002.8078774532019
-763.9329730745953,-2008.2763817201774
-780.5956328156581,-2018.1099076192893
-782.7046096943917,-2019.3699179113366
-797.4585658566847,-2028.2213998693746
-814.8986640304267,-2037.6230675952243
-820.798725574558,-2040.272706286505
-826.8210986830015,-2042.3427638190926
-831.1806775187898,-2043.2816606744598
-834.2614074699197,-2043.8730275867338
-837.8711444214593,-2044.2114721560054
-842.3206010148322,-2043.7332601744458
-847.5725650627089,-2043.0433977186171
-853.1318382175076,-2043.7322952821312
-859.9121915766066,-2044.2833197724003
-866.305244518777,-2045.6137475136732
-874.645344094739,-2047.323852535593
-883.1161883247119,-2048.836027471199
-891.835289079236,-2049.9163393812173
-897.5960255967015,-2050.5254890843835
-905.706994257749,-2051.5938753139935
-913.428023646966,-2052.767332378183
-931.9819893629498,-2068.1035017657236
-940.0887526742652,-2074.3972374518075
-946.2805573381091,-2079.2491230875653
-935.8891691429213,-2090.9898219783963
-926.4379898331092,-2100.5608826740113
-918.3279281250169,-2107.6105390998905
-910.5080176408538,-2114.9421633556376
-901.495593822821,-2121.25232061503
-894.3940674122617,-2125.6219877578997
-883.1238442729624,-2131.1940655151266
-870.092477994447,-2136.6333201782545
-856.9902731868639,-2141.671854236093
-842.7388307686982,-2145.9131439785
-831.6673658648459,-2148.733048713859
-818.4160780486113,-2151.054561534095
-804.6238324081356,-2153.12332680052
-790.133234595584,-2153.75298911204
-776.9117845452031,-2153.9509927656163
-762.4210746750015,-2153.222770711241
-743.4291192212113,-2150.8908466363446
-706.8749799454095,-2144.2514631401605
-703.2542715636762,-2157.962824794348
-706.2750849311363,-2158.9330008782968
-692.0132104250195,-2219.9372880747965
-675.3071348511731,-2295.783216904543
-656.2438635127371,-2376.3408179694006
-638.8598851454082,-2457.5388739253203
-625.9188097032173,-2512.8461372448646
-620.4772111277581,-2516.8944815225327
-618.3576379708923,-2521.6243207664197
-607.3756110714817,-2541.667553531678
-606.9953487001659,-2542.597976454895
-607.1958236996401,-2543.885977678692
-650.0289280292006,-2578.7622671843787
-731.255725835879,-2643.471878488455
-754.8385584935844,-2658.7431526873343
-761.537052978551,-2663.1824352091226
-769.2181137666987,-2669.2544942129457
-765.1165111914733,-2672.006817760041
-762.7172096084203,-2673.494929987029
-757.6482040135088,-2671.732596168972
-754.4461391413347,-2671.9736553328553
-740.6254339280018,-2673.1239999510517
-712.0724316927698,-2679.4945295231732
-654.1350024674557,-2693.0220422920224
-579.2278547111033,-2714.434547175822
-552.714253449291,-2721.922706480322
-546.3555649058861,-2720.654013734001
-539.3336266494191,-2720.762347989728
-533.9732216622504,-2721.7269652808022
-529.0328203704455,-2722.6146464217
-521.5214059044569,-2724.152957297154
-518.2509935884827,-2725.4132190676537
-514.8521259440665,-2724.8737389181406
-503.0496121380121,-2710.7594886985717
-495.1694763820008,-2705.0700781448636
-491.8593057850439,-2703.1504991617603
-491.1706166783451,-2700.1487605258662
-491.5192606524369,-2692.298262792564
-487.1206793549701,-2685.3874855373533
-479.90989854412715,-2674.9184512230145
-477.0984256262889,-2666.0359661054863
-477.8310625643295,-2658.1045493110837
-477.81063429774764,-2657.1562960531
-477.47061610273266,-2648.1437077050864
-476.83096004169397,-2644.042684609407
-474.8799565280626,-2638.1549470299437
-471.96926042351254,-2634.333944403022
-466.35938729245447,-2636.263748426506
-459.8775060640481,-2638.842186965092
-454.68759696291903,-2640.0136396072176
-448.70799223551444,-2637.431811276075
-442.8581618827057,-2636.661691502869
-429.34469511095074,-2640.0828505319982
-423.3460985807912,-2640.510662149286
-418.4944627635517,-2640.813727966587
-411.1438854742166,-2644.091740942524
-405.47283731790117,-2645.6638962617335
-399.82351680597236,-2647.66368942016
-396.2833243572859,-2652.473340467615
-389.5818290870128,-2655.711208803254
-383.07092159680616,-2657.2124605722506
-379.96987637499603,-2660.444290787864
-373.8393433552845,-2663.282513648029
-364.7288744701265,-2667.2419740602236
-360.42787060561983,-2668.5641678752554
-354.95731095824146,-2673.2451947456384
-349.1063197754813,-2675.2347903584377
-346.7177242020642,-2677.845120768476
-350.7873631847931,-2682.463645912443
-354.3075187180619,-2685.9539807146352
-359.2276493023009,-2688.0463195322486
-366.4584388136781,-2687.7471826575634
-373.03886064121605,-2687.0165333441537
-382.0392559932021,-2688.4270853938256
-413.99315214975536,-2697.1675214544866
-420.26324968982226,-2703.0090946926734
-420.8019831073429,-2707.1770601338076
-418.93181648806166,-2709.7693302612024
-418.07172686393045,-2712.9890034337254
-422.36211936707036,-2715.958766577405
-422.75330206313004,-2718.7198188312964
-419.9424289961005,-2720.6115640029543
-419.1327798205054,-2724.5117515195275
-419.21335665304724,-2727.580456537171
-421.8513853295724,-2726.030473842744
-424.621620326775,-2726.8717689064138
-429.8524993973197,-2727.3401743185696
-436.52290990245154,-2725.7000268167694
-436.4126522160954,-2728.5510789127165
-435.5334701647959,-2732.5621965676487
-436.79335065820516,-2734.771572959193
-438.94325931479943,-2735.460968173358
-438.2943293783941,-2739.273267216454
-438.2524718548949,-2742.56392858602
-444.3736639437776,-2745.6444228615596
-443.8831702041138,-2750.4630253539326
-443.98288460869964,-2751.674124603995
16.07336525673918,-2858.1531895592757
153.66803179804822,-2890.0040570816836
152.65919733695068,-2894.3729644343825
172.87024409313048,-2899.053237976033
173.93196948212585,-2894.25269542068
236.85812799029256,-2908.7449765492756
424.7474616137695,-2952.01236917374
413.93489847334735,-2998.7722551102042
391.4997447529309,-3095.806617449382
393.8789208098333,-3096.5190560345104
393.4674285480975,-3097.677207447828
398.657673284696,-3098.367482541067
387.64936924586004,-3148.424079139831
432.27221264135653,-3158.881572316013
428.8247270525754,-3173.80400392029
434.4650218388167,-3175.112808420786
431.5644640239256,-3187.1363887806965
430.9634667014324,-3190.1861694523304
430.93593829851056,-3190.3561500908236
430.1130117794921,-3193.9365278221335
467.71964902745816,-3202.9462517738634
469.9501034921781,-3203.4768285103987
523.8130134996615,-3216.145854628061
525.8454770583418,-3216.626353058487
575.5284603377257,-3228.307161420967
577.4300678365953,-3228.7577307906954
609.1243251111018,-3236.205416943401
610.2137145735941,-3234.945265185407
612.6738138562522,-3224.203786838532
620.0240124374421,-3192.732884305414
645.9535560249819,-3081.3799860728186
651.0235285017106,-3060.368827490461
647.3341794269878,-3059.4976358129575
656.5911823285337,-3017.424200153013
632.4889576659042,-2998.7602183864947
594.7761415879583,-2969.5596083524456
509.02455550063615,-2905.045817638436
501.8049298795409,-2870.901776890404
496.92324800227647,-2871.524493511838
494.5218951765371,-2859.350338243267
495.7729803762981,-2855.030360535539
509.96461758262944,-2851.459242410933
516.2646996148478,-2855.020291233585
523.5970761504434,-2890.5144752139745
525.4376547333668,-2892.7947318463584
574.3237346656906,-2929.0169782044104
662.5467241500298,-2998.758169677518
677.0239232046389,-3010.204026862644
677.9441826456481,-3011.6728269203218
672.914285426457,-3038.21411554643
653.9334545405684,-3118.962545851219
637.1267992827597,-3188.1720357399745
620.4358176314535,-3251.5176917797976
600.6348077729178,-3333.067360758913
580.964032305243,-3413.99451120545
569.1863355970358,-3469.0207432725774
548.4850716702203,-3561.4896057796896
531.6659474058687,-3628.8680961867763
514.746510874338,-3710.256577247125
499.75538688560067,-3776.5327254917097
482.8348585744939,-3845.3502509620726
470.484907587108,-3900.287375123367
465.0997741748988,-3923.1062514392297
459.61737736511645,-3946.3407996055967
443.33572860687167,-4013.667098184431
433.42648129558455,-4054.6131846821672
410.00754460380483,-4153.853822518688
392.7155346089992,-4238.680625498948
381.77777995581863,-4287.098186829275
377.7867923943388,-4286.177027626739
374.7167626744007,-4300.369008439798
343.608631240084,-4436.083427014292
314.6064842933308,-4562.117819524748
318.52802299359814,-4563.005091216365
301.88698477451885,-4641.595002031554
277.64812503501844,-4742.416138626753
328.3434404753316,-4762.82686507854
325.76370100343513,-4770.527481078074
387.33126271942535,-4794.26806383416
453.1989241093157,-4819.989634631609
501.3820784877587,-4839.000520510218
499.62196542898806,-4843.8990800778065
412.80299245700195,-4810.057580331886
329.98438950696993,-4779.347888465135
291.8098303960573,-4764.326046887446
289.7592758632781,-4770.417721821492
272.8176397197579,-4766.3570819986635
261.16840601878556,-4816.934038422649
255.8775446188145,-4815.92288721999
252.3284530410273,-4832.114377643724
248.77924375274833,-4847.449387802105
236.90772475414204,-4898.740644880812
233.4077182979882,-4913.862973370096
213.987449414635,-4996.952610831783
167.23351987849642,-4994.92297859177
112.74673139657047,-4992.575398494222
61.112369054246884,-4990.154668469087
16.139289225489993,-4988.096350456985
-2.5532809901922384,-4987.245870612058
-14.81507557328599,-4986.808243442252
-80.59270624105066,-4983.758167905068
-182.9828048694539,-4979.1100585034155
-189.90317113668345,-4971.388449775094
-257.7319611393544,-4896.1031347368835
-299.36711223693135,-4850.54166587301
-302.0632787555193,-4847.44784354733
-316.12799612104465,-4831.318037238817
-316.69015343128734,-4812.057824033799
-323.6171811887822,-4549.722413482184
-323.7381633813198,-4545.001799922469
-322.5874149011681,-4543.31002880551
-312.8268011753305,-4539.481237884729
-303.0662156013815,-4536.2887610744
-286.33268078079874,-4532.776778634377
-247.42995335311616,-4532.106433990596
-216.24669438997572,-4532.575834197659
-181.63263616382892,-4531.624317039246
-134.8594682806379,-4530.703677796885
-101.42499103072517,-4530.2723626376965
-99.67548366242511,-4529.284228276614
-98.4154447016614,-4527.173668174204
-95.04344775686606,-4513.440611873972
-84.34548009387153,-4467.957448117325
-80.05545329691067,-4451.473306081279
-79.61620178067287,-4447.9328771278615
-80.91696887250048,-4446.984614342538
-89.28662905799995,-4445.644457888709
-94.78590464336651,-4443.4658993532685
-97.55656498985678,-4439.792567660259
-99.02646330502898,-4429.44288164375
-99.21598898789357,-4428.73443400651
-104.28696312512696,-4429.464970528528
-105.80847673924092,-4430.124420653969
-107.15736101948389,-4431.993975879188
-109.41914062984813,-4434.4932609948055
-110.85796482696522,-4436.16300942907
-110.85798700336821,-4438.064600458043
-113.51819402887962,-4438.255496252267
-116.69931202006497,-4437.275185196676
-120.30035711775331,-4437.035234384301
-124.05974440865262,-4437.542828951679
-128.54882157483362,-4438.895818684593
-132.6718268138203,-4441.247039459384
-135.72935276941666,-4443.526351818571
-139.52007133457047,-4447.035806166308
-143.51114545703007,-4450.74615844965
-146.80140915578087,-4454.11666150567
-149.97177370804044,-4456.997477940137
-152.95369378005742,-4460.229127553451
-156.70241026917375,-4463.849500942962
-159.49355975264797,-4467.487744736378
-163.24345140562767,-4471.397897881497
-166.4846472900268,-4475.178180072804
-170.51408713399883,-4478.179875076476
-174.00364230054706,-4481.750269956891
-178.7447591992076,-4487.151306603006
-181.8646350393055,-4489.730360468893
-184.96411528440086,-4491.652939404599
-188.56530530425513,-4493.572514787909
-191.41517694117152,-4495.251200546986
-195.4373924401473,-4494.101964454971
-199.47650326170634,-4493.251486457182
-202.58668523246612,-4493.482249032015
-206.76731753444693,-4492.431859962719
-212.1178670504378,-4492.003103521351
-218.94922939339972,-4490.8328462312975
-224.4486365573806,-4490.853666056513
-229.36005738453878,-4490.983427150913
-236.8993595209257,-4492.203320768358
-243.3299029119318,-4493.044674340555
-250.25012984948816,-4495.333825284076
-256.2716219377692,-4498.035673496225
-262.0817610532341,-4499.905184938719
-267.812890001185,-4502.825891837838
-267.0317545520934,-4504.59463370519
-266.6130044450279,-4504.825473837435
-264.3306154970303,-4505.306147400731
-263.6815768026587,-4509.083511081843
-266.74153360985804,-4510.106791378788
-271.5941703614632,-4511.2646861286885
-273.24413337146683,-4510.547215485305
-275.0836509279201,-4510.525117007567
-277.5532094586315,-4511.656343603709
-281.96306996714685,-4513.624738837693
-284.31498597321314,-4514.88474824703
-284.9726338340925,-4515.455315518239
-286.1341945565166,-4517.3468961276285
-287.9953560858435,-4517.657670149627
-290.41335723568625,-4519.596195715007
-293.4840484353278,-4520.458465768294
-296.2751014521561,-4518.788614254648
-298.28493797032274,-4516.188490300057
-297.8841280237903,-4515.404943317523
-299.2364934862419,-4515.267042223424
-299.59534458209134,-4515.257055620007
-299.97567290575915,-4515.596702475066
-302.0444658156259,-4517.216525377312
-304.995140054758,-4516.846646884953
-306.18788519981507,-4515.515604688162
-308.0453949249555,-4516.0982017349515
-311.01652937976263,-4515.515447877536
-312.11668605141784,-4512.157826676223
-311.9775173899425,-4510.497044088274
-312.3962660224931,-4510.247248901146
-317.0688866672641,-4509.74733177451
-320.7970416168133,-4508.1574435930515
-323.40820612087316,-4506.577467576389
-325.9784012947609,-4504.035275108423
-325.89784201586116,-4501.037401891094
-326.7485949719874,-4498.935876866682
-325.690053108421,-4495.213531390214
-323.7388122663067,-4493.205072005841
-323.3968268553639,-4492.474692403647
-322.538759128103,-4489.883438652018
-323.0990798219607,-4488.555408310918
-324.78733227122933,-4486.1150938231185
-331.5693523854271,-4480.593931628112
-343.020122567977,-4471.802794454145
-357.3941098659764,-4463.693046194992
-366.0024164309781,-4461.4344109439235
-375.444700713073,-4458.343296386439
-385.50487938810517,-4452.2423008385385
-392.51586501501214,-4446.012440430554
-396.36741294788203,-4437.461455289817
-397.45649290018855,-4426.820061223736
-394.4261436572091,-4415.170635357139
-386.8169518074206,-4406.798879839319
-380.53496992121563,-4401.838816630305
-371.62536982853624,-4399.947453656452
-360.9039592605868,-4401.817437326497
-353.43329581077046,-4405.74698814139
-348.92407762849155,-4411.467988344282
-343.76317385132404,-4413.597703110872
-337.5523514644946,-4413.446999499196
-325.6403599155628,-4409.5771989648
-310.66834330735037,-4401.4255871992045
-291.68724883999624,-4388.824194734445
-280.6571159010726,-4377.972299768468
-269.9377123751036,-4365.309766505238
-262.41488615135574,-4348.619007643722
-257.84516998300256,-4339.619617298248
-249.70564580871212,-4323.937067986004
-241.8961584559708,-4309.705510040154
-221.41371195588826,-4274.550358947286
-219.04362953667084,-4265.4888510941255
-216.19371930779025,-4259.299441962771
-213.51290545628623,-4254.458988019414
-206.13208857766782,-4247.747868531999
-205.85231927644048,-4241.545332395419
-188.06106328598122,-4239.355424378796
-186.34272268343855,-4238.646912623319
-187.88106132556558,-4237.297822654573
-188.1305326921669,-4235.02654148204
-187.03012095648603,-4230.245002503585
-184.06272099688096,-4226.124862155172
-179.9817232843612,-4227.865730098702
-180.6705747522766,-4230.004222027368
-180.5421133576674,-4229.955245742725
-176.91117585269353,-4229.0959418653665
-176.81039597816724,-4227.75486428672
-178.25987388148195,-4226.246072944079
-176.1910461709333,-4222.683532547085
-171.58103792243358,-4222.945468558377
-168.08087374203566,-4225.654523593765
-165.44945464314017,-4226.935697677993
-162.41975943984946,-4228.325708371489
-158.6676304857085,-4229.164295561501
-154.89744001491627,-4229.603969274526
-152.6776216646581,-4231.773433637914
-151.74645965067458,-4232.404984849784
-148.56787558231474,-4231.1939338015045
-146.0061289609325,-4234.975211044728
-144.9166615882519,-4237.224658043147
-143.8271062891365,-4239.196193042706
-143.16598011155386,-4243.386228333684
-142.97648069490256,-4245.376802433032
-143.56683378016254,-4248.66744570773
-146.11679476656832,-4251.866186470718
-149.71664313533657,-4254.105485654898
-150.16651230165954,-4254.537209559949
-149.66864857412517,-4254.856826045644
-147.93595768316544,-4256.927426304544
-148.50722436808482,-4263.237892203246
-149.8067755957658,-4266.368619826193
-151.07635353833655,-4268.109389386364
-152.21748308006303,-4270.607485625398
-156.01649806125292,-4271.439862817058
-158.07679663570883,-4272.250222160298
-160.41779005276146,-4271.707526597407
-161.70760838718513,-4269.739078724751
-162.7984918537603,-4277.318492732125
-162.00660129311154,-4277.839216930499
-161.988571585697,-4279.290124649693
-161.57712232056352,-4282.759640791603
-161.83749847167599,-4285.261840633022
-163.52823612351128,-4286.7217966081
-165.57895822215792,-4286.820716068623
-165.90774080099234,-4290.160241274413
-166.41662621650912,-4296.760489344828
-167.1079077467827,-4304.502905933921
-168.17727114049853,-4313.244641227398
-168.4162002651009,-4321.353757550765
-168.6479481584706,-4332.664645739702
-167.41702835702523,-4344.055461766791
-166.25556534206225,-4349.946295333545
-164.2361399179223,-4351.398235234759
-161.65638194505422,-4354.368125513858
-158.56425077096245,-4361.097314819825
-155.17453652769444,-4369.740169245149
-152.52518615835126,-4376.117620157582
-149.14381183173566,-4381.410866580032
-144.41249626330207,-4386.7821392094465
-139.41125316359026,-4390.960168187858
-134.0330935898724,-4394.391748252618
-129.85136102602087,-4397.599463283239
-125.57002897850582,-4400.449563335488
-123.82052934163349,-4404.800412419905
-124.36066167159197,-4410.352357130029
-126.50139051199301,-4413.443175020171
-125.99980118570927,-4415.843437934499
-128.55217419646922,-4416.102162984156
-130.0111683659218,-4414.22249770058
-131.50143583882206,-4411.631393483448
-133.58101247561814,-4408.673489043917
-135.83210583839673,-4408.522630621344
-139.8723040520324,-4410.1733841235755
-144.34330348336923,-4410.712881140056
-149.01345691519538,-4409.3018031184
-152.31201544810594,-4406.673658733706
-152.9143283486819,-4402.65250655774
-154.38427514512003,-4399.352853591125
-157.01566391224847,-4398.292635762031
-169.4769713063239,-4393.981496710294
-174.06671572201094,-4391.22144815063
-174.92709421938136,-4390.949505715708
-178.6360983531882,-4389.800282324372
-182.24669610086062,-4389.772282925365
-184.90581214095747,-4390.1020149255155
-188.50675761100402,-4390.021942278134
-194.84850027364834,-4389.162442387677
-197.80871744635033,-4389.291262087021
-200.73895906180192,-4388.321003102292
-204.33877894013025,-4386.232398105895
-208.92855539401978,-4385.560761201158
-213.23158560591935,-4387.0605515154775
-216.0706149237213,-4388.801276738763
-219.14966181037875,-4389.722524799677
-221.41162956012064,-4392.322633676756
-226.91103041442395,-4397.9524626493085
-229.5701952148983,-4400.1427748033675
-231.86098133711596,-4403.784102097313
-235.96248525090317,-4407.645239610954
-239.1411915469512,-4410.926833764664
-241.26170134528363,-4415.7762713819875
-243.19135455362917,-4420.835593652116
-244.31220864617302,-4425.915884444199
-245.5818257529816,-4430.898313557314
-244.68202165744597,-4434.928357123293
-242.92174624013526,-4438.976477903031
-240.6228247991082,-4443.139627178194
-239.0413701847408,-4448.128014228537
-238.90103661817955,-4452.539892404576
-237.71087245980843,-4457.328464105078
-235.06874575344645,-4461.851329730848
-230.43097621908464,-4464.559437326966
-226.58873709868803,-4465.45990007008
-215.89835532519578,-4464.269896470725
-207.77697429663152,-4461.9598983792885
-201.68607274967343,-4460.549023772182
-195.9166832312205,-4460.037411708411
-188.67497917206347,-4460.718073049328
-181.7153213029701,-4461.039014251376
-177.02587180551234,-4459.44923985383
-172.325691738668,-4457.908442038959
-166.89467543478284,-4456.738436571802
-162.3635770806456,-4455.945977683763
-158.87174121268035,-4454.476176601537
-155.05227284415616,-4453.915627967134
-152.8528334610913,-4453.826683946963
-143.18225092268244,-4445.344040952858
-138.8108530497264,-4440.846244049128
-137.5723573668698,-4438.116322310015
-137.28205773712574,-4437.475712885005
-136.23085826879802,-4435.346301178727
-133.43967351258755,-4433.815431812966
-130.76145590519383,-4430.724622988435
-127.94996009730659,-4428.293481643396
-125.39031904250957,-4426.044086063668
-124.31881527073321,-4423.37311434327
-122.36047008679625,-4420.874826358634
-115.87966696300217,-4428.3036117983675
-113.6285701410714,-4428.583446088308
-111.98942225263698,-4429.024174211274
-109.81985302225023,-4428.472565557399
-108.0487310134872,-4427.474357791679
-106.44799738661249,-4425.702663175965
-103.93780356779284,-4425.261982298636
-100.31878088554399,-4424.5444980071825
-102.85771604481471,-4413.042752635442
-111.7801045280725,-4380.967678270001
-122.681061174549,-4344.746634845045
-134.93304411629535,-4303.862803538274
-135.13459310285194,-4300.652150671653
-131.33533891768514,-4283.21976872784
-122.94496061587323,-4247.216827424207
-118.22303038682047,-4227.0323650038035
-118.73542156404916,-4224.142513929151
-119.71442483595234,-4223.513858176159
-129.53579248184226,-4221.554081490276
-167.41945763193468,-4212.722954025894
-202.55416932684594,-4205.302541257309
-206.73352014022086,-4204.71380871911
-209.7728152015817,-4205.404332219154
-218.38477504084668,-4211.473709958113
-221.05478638049124,-4217.306506037523
-222.79483007979496,-4221.1057583040465
-228.4358155479938,-4233.395793614868
-239.67732575249403,-4255.2287565548295
-260.14662099441443,-4292.271595403494
-277.5273057852568,-4325.467205366297
-280.0796946040239,-4326.946068378849
-285.52737497101293,-4328.148029586826
-293.2501345955109,-4327.928936328471
-307.15004426439674,-4322.638396376477
-333.963325405756,-4312.527725206188
-335.5748422187047,-4312.706525555414
-338.46352460567624,-4325.629224204135
-341.57377978220694,-4324.698716728155
-343.44436567675433,-4324.328964704707
-344.63354317955105,-4324.08801817109
-340.3754578437447,-4304.245505081107
-339.5857643669137,-4300.846948685569
-272.8470374367719,-4012.9871226236737
-252.00366906997687,-3923.114292725991
-207.5558462302172,-3731.445035278507
-534.0257295737958,-3656.1323799885763
-588.2269211429503,-3643.6261261799846
-593.1660261410727,-3651.708114061063
-594.0370435823768,-3651.208296646204
-597.307007065307,-3656.4284702729706
-596.4359961917967,-3657.0380163885193
-604.8057553048637,-3670.6317388985103
-617.9500800383375,-3669.8515221975545
-637.7906482987172,-3668.682002629839
-640.2599772205908,-3704.823876828714
-643.1786189062752,-3747.6788011007293
-646.1679786343522,-3791.3931894590432
-647.9683904099535,-3817.777155697315
-651.7264785861148,-3872.870317168283
-664.6671656627611,-3872.110998212962
-675.1600562470123,-3871.59254002424
-684.7193491676819,-3870.420755009774
-688.2615992722468,-3923.092707234366
-694.3071939451859,-4012.996596759037
-698.0170377210982,-4075.992063190131
-711.418775958067,-4075.5723060166233
-711.4367385674595,-4076.5736256048476
-713.4381571307855,-4076.5334745795644
-713.4177815634221,-4075.5322549302277
-719.4184471200552,-4075.2549878364757
-719.4389063017849,-4076.253314623285
-721.4379951205506,-4076.2120648093273
-721.3994056887283,-4074.2125182148748
-731.0213719011308,-4074.0340229280164
-744.2663164888252,-4279.1944264005215
-824.9832638821058,-4281.277287590128
-828.8877535547892,-4116.060619401962
-856.8420700174651,-4117.260363225099
-857.6418987565532,-4071.5861720584503
-857.9922059944179,-4056.3829800684475
-858.9829206508662,-4013.0010923609375
-860.8898246963986,-3923.078634649116
-861.2482022258312,-3906.159685928439
-944.9976226448538,-3871.4987098313673
-966.0799015078702,-3923.068521780656
-1002.8489446995911,-4013.006050366759
-1024.258306203067,-4065.9796123243964
-1032.4250409867996,-4089.589772396274
-1040.8977419562796,-4113.994324235696
-1001.6457962497298,-4130.4146988900175
-986.2992926346798,-4746.597040323017
-1027.2920526768628,-4747.347128850448
-1027.2407407853277,-4771.450734698713
-986.2273793725851,-4770.419843594749
-984.2505889661192,-4847.401675101788
-983.8741065776741,-4862.077064175046
-983.846712572575,-4863.497049785883
-982.7530447310296,-4905.992602554903
-982.7052223266824,-4907.804419615814
-976.5487465579217,-5148.377609925328
-999.9591084889123,-5195.14051904712
-1001.1292964000056,-5196.221617191469
-1003.2979046430887,-5197.3436082785765
-1005.8983032288561,-5197.102529979201
-1006.9291613896627,-5196.233972349154
-1023.6208736757025,-5188.260937453817
-1076.0038855941134,-5294.664421879714
-1079.3585884032914,-5298.724182142195
-1091.0570267030475,-5322.505721830151
-1090.338221667609,-5322.858630149566
-1134.5782576357246,-5412.456742936487
-1142.3551666785536,-5406.283305300959
-1135.5161761439276,-5397.606425903766
-1133.2186240540736,-5393.0749286215805
-1141.8427659520971,-5386.246812027091
-1151.754338656561,-5398.822553905911
-1158.0373351221397,-5393.835445254741
-1252.245232090222,-5513.14933287866
-1299.5187332485289,-5573.998191227616
-1305.1925949987585,-5581.269194366002
-1313.629498577302,-5592.0792418158
-1322.4109781934374,-5603.3208640873545
-1386.626572000446,-5684.1204615548395
-1387.1355112121187,-5684.769877758789
-1404.660576669691,-5708.504279859581
-1418.25710782664,-5727.956150249655
-1362.769031522067,-5771.688708087346
-1305.224956617108,-5817.038114407924
-1263.6402851143143,-5849.815114281432
-1208.6211659579917,-5892.646333256926
-1214.561718384038,-5900.838669757238
-1222.2441904487528,-5894.638150317561
-1269.5086865094477,-5857.195937745359
-1305.2365564414554,-5901.550157708716
-1328.8532417961571,-5930.872601904434
-1339.5843198128798,-5944.206543450234
-1340.4242727298758,-5943.49488859827
-1343.234251688162,-5946.905038774644
-1342.4940196335679,-5947.826459836302
-1344.293274003499,-5950.065555236369
-1347.234104179865,-5953.716588606541
-1338.0037059161443,-5961.1285247889655
-1336.7433625691383,-5959.565875666921
-1305.2479975647625,-5984.907053678978
-1297.5378794607311,-5991.10943870565
-1298.7898154228249,-5992.669301025095
-1305.2502426297133,-6001.264110732542
-1306.119252030924,-6002.4191282228
-1305.2504963723902,-6003.112828435358
-1221.428892974966,-6069.854765576547
-1099.371150755096,-5915.674954029146
-1064.0690627330885,-5871.170085057341
-1089.437714521572,-5852.9083642482365
-1085.2917959532704,-5846.7992804415
-1058.387984219288,-5864.000889219676
-990.9632384466405,-5778.990561728559
-985.2115298956617,-5771.735341663136
-980.7729391187185,-5766.13787393186
-907.0578777570779,-5673.197238867835
-903.03698763652,-5668.116214160518
-805.2818099997952,-5544.861950362702
-725.7632231325044,-5548.559708003357
-534.1325497824907,-5557.473951274327
-431.30195313140695,-5562.254740075122
16.16318238886882,-5583.065567198853
72.38024185578188,-5587.997682818226
62.4761728585761,-5630.991811450592
149.19409760091295,-5635.9851694584895
148.85578744514947,-5643.22892403639
60.67127117765799,-5638.935138876896
31.45053015863189,-5771.786349544769
-105.30560220338478,-6368.131437835553
-105.68126834452814,-6369.740145395895
-106.04861093428536,-6371.185158861751
-181.30548173271845,-6696.1172780103125
-254.8666101608048,-7013.693933199207
-368.3330806852027,-7506.21781059081
-376.16400960404457,-7505.314145087878
-383.2976253935306,-7505.884444654449
-534.2412123117716,-7492.187124074707
-717.5991155325938,-7475.550096598901
-724.0107342377909,-7452.18247908698
-724.5063871414011,-7450.394776092415
-769.5112840860583,-7285.278723507212
-770.999225785736,-7280.3670860135035
-798.6744991347958,-7177.9609068999625
-800.5788244687903,-7172.513757166406
-822.0933675444,-7093.487025511402
-861.0782277633912,-7089.9871464781
-985.1189075046748,-7078.871142991016
-983.5765550457028,-7195.272095052423
-983.5169980929168,-7199.61293430552
-982.8952302448475,-7246.446132973991
-995.1675668399627,-7250.1481704335665
-993.4461478656441,-7260.017171222251
-992.6272623723435,-7268.580116785518
-982.4064873432877,-7266.217940353451
-982.3165254853988,-7267.080310577307
-984.336643039323,-7267.538763945234
-964.6535979607249,-7274.818429294397
-954.5234806638276,-7279.330262669997
-949.6109338821417,-7282.449418753889
-941.0209571730243,-7289.138382921459
-934.4401729127889,-7293.600964089059
-927.5184645571112,-7297.841524732691
-921.9480546089083,-7300.74097569823
-917.8168579009421,-7303.40945713765
-915.2461631005566,-7306.981046107209
-913.5781129153145,-7311.100189218562
-912.1261402464045,-7315.451335742138
-910.896258432453,-7320.2519457630715
-909.8957284623641,-7325.711997797802
-909.225369042129,-7331.282045184003
-909.0049753111927,-7336.415432534934
-909.0057846242735,-7344.8852223872545
-908.8860186302751,-7348.345749689391
-908.5574968376413,-7351.574372235551
-907.4366853253416,-7355.146019682732
-904.9849056265257,-7359.6069880075
-901.9748969921993,-7363.838178765978
-899.1856448730315,-7366.73735185717
-895.9438535044487,-7369.30778236817
-891.5954490731053,-7372.536881937299
-887.243390021927,-7375.87680492526
-884.0123592910584,-7378.777112010706
-882.1125175094114,-7381.346415362264
-881.7838201140854,-7383.688735449889
-882.4526231035825,-7386.24882255224
-883.5632596907205,-7389.477410124185
-885.1216197183181,-7393.159530710772
-887.1325099692109,-7397.068545854335
-889.8131434154542,-7401.080442521555
-893.3821500338154,-7405.091157695253
-897.2823846770599,-7408.881087878624
-900.9640252034101,-7412.233223233165
-905.2027631380159,-7416.133045342876
-910.7847824060789,-7421.592567482445
-916.8061711236329,-7427.9544054355565
-922.3751618221635,-7434.526063013911
-927.174686941285,-7440.774195088632
-930.8565458920876,-7446.124860831273
-933.7570207875867,-7451.0270147099
-936.2049888705048,-7455.93818996227
-940.6759687166267,-7465.747712448251
-942.4553496694153,-7470.428124742979
-943.3452281755699,-7474.657943016522
-943.7957687681387,-7479.119629692836
-944.246482270958,-7484.480784898319
-944.2470011915325,-7489.709014628264
-943.3471303540911,-7493.8410533700035
-941.7870018469338,-7497.06989824586
-939.7742944328065,-7499.640221380952
-936.9849254202427,-7501.640036172219
-933.0851618784303,-7503.202245066596
-929.1829794180641,-7503.871168678191
-926.3945120351214,-7503.199906740088
-924.2733674935059,-7501.641280368293
-922.3730690866852,-7499.641925412365
-920.472686999133,-7497.629602252549
-918.3623643514626,-7496.070873746736
-915.572659817427,-7494.620242210474
-911.6630146982966,-7492.950860246486
-907.4209673408595,-7491.389340890301
-903.6313925001486,-7490.270578140636
-899.9510564236922,-7489.5993931573
-896.051123738429,-7489.377911860411
-891.4695311748118,-7489.8280269593115
-885.7813334123423,-7491.159556635345
-879.7606164230265,-7493.1697301567
-874.1792997588349,-7495.6194688768155
-867.0387984857902,-7499.187472752524
-865.368157063052,-7501.039331199202
-863.9184943013644,-7504.810707215722
-863.4686946120487,-7509.029681602353
-864.8086302442289,-7512.221341517185
-867.819339806938,-7515.8903642423
-872.3979303119992,-7521.580827005625
-878.8696844812602,-7528.602110681856
-887.5692112023908,-7536.303793674878
-896.0502747086757,-7543.103028117076
-901.85064961003,-7547.444308108082
-906.6402552790893,-7550.456678096775
-912.1104881408709,-7553.245135724709
-917.4715494965889,-7556.257445394906
-921.9311432761649,-7559.936385838584
-925.6129982274385,-7563.947077055339
-928.6214515300436,-7567.967807862827
-931.3034752372756,-7572.758060624121
-933.9724213713109,-7579.108343542475
-936.2118310214781,-7586.360829742418
-937.5424855865361,-7593.829269436335
-938.2143320854628,-7601.630548289507
-938.4431942061627,-7609.881555077523
-937.9914281412027,-7618.352483469529
-937.6675349339444,-7620.40402562128
-936.6527687703278,-7626.834471924335
-934.8721083241022,-7633.964458009839
-933.0803635895485,-7638.4253668279225
-930.8493164940076,-7641.886199620191
-927.7299385270286,-7646.005485164167
-924.3803379726814,-7650.9142334022745
-921.4808428977857,-7656.707242801465
-919.4684189734237,-7662.6172749777525
-918.7979262698244,-7667.857538510486
-919.2484856027156,-7672.538082080622
-920.5884811404673,-7676.7778329551875
-922.7098807093819,-7680.56981857256
-925.4986594792026,-7683.910258924562
-928.8383513679802,-7687.369449872203
-932.6391217535802,-7691.489055741977
-936.9896143498917,-7696.292110061754
-942.0101789746458,-7701.7506694408885
-946.9105325339351,-7706.883546182978
-950.9320954058479,-7710.673340864733
-954.2814486253294,-7714.012619277707
-957.1819052168919,-7717.801526205938
-960.1928065964313,-7722.373877199985
-963.8724970436972,-7728.06448470482
-967.2917537728528,-7733.656063003675
-969.503289704843,-7737.935718662472
-971.293362260279,-7741.536900358536
-973.4424073423463,-7745.117096933016
-975.5325771453406,-7748.376594765006
-977.1628348821057,-7751.0084967034445
-978.6443448004851,-7753.488490613573
-980.2639668112556,-7756.276306245255
-981.9736540159307,-7759.148103886592
-985.3447993255971,-7764.489800422326
-986.9331148827673,-7767.127789869406
-990.0341745474803,-7772.398588689535
-991.5133680734222,-7774.949604532805
-992.8244203976435,-7777.349712173432
-994.0334291281533,-7779.718907025277
-995.1535556323481,-7782.161927859148
-996.5138825486945,-7784.5621295676565
-998.4142796417915,-7786.811249102161
-1001.5450858344982,-7789.112309537135
-1006.6049655352687,-7791.68189810431
-1002.6936329811675,-7798.213605564475
-1000.6337939895827,-7798.642459003649
-995.0027004368146,-7808.034347608432
-1000.7431776315136,-7811.475205954115
-1006.1259485391022,-7802.48414576727
-1005.5651220789914,-7799.97303596584
-1009.4955924772449,-7793.403419366779
-1021.6660798962303,-7803.853486897178
-1027.5868003878886,-7808.443458336423
-1036.6275531114338,-7814.784041811452
-1046.2983948707986,-7821.277168620848
-1054.0786592429517,-7826.335655569082
-1060.1181668968934,-7830.057248072493
-1064.6198417738242,-7832.5369908567145
-1068.4996281925355,-7834.397138979695
-1072.6795484415718,-7836.258348943312
-1077.0215125962745,-7838.038539688245
-1081.371867603671,-7839.66790174514
-1085.3212577296526,-7840.939495422404
-1088.5011970566868,-7841.67869683481
-1091.2128449776737,-7842.138045461072
-1093.7709325165451,-7842.608383760558
-1096.411765211883,-7843.190733863715
-1099.3528402063075,-7844.000783440982
-1102.1426148871951,-7844.930652375871
-1104.3142303775996,-7845.860791809475
-1106.2144423153698,-7846.908770002403
-1108.1940013619044,-7848.189660610262
-1110.21444027758,-7849.579375990298
-1112.2228126271216,-7850.981162400137
-1114.4341118662855,-7852.450856036177
-1117.0330396136228,-7854.080406855593
-1120.133835744173,-7855.55288744989
-1123.8539871375276,-7856.562741590828
-1127.8537782730984,-7857.412657894075
-1131.7646132289033,-7858.410516018939
-1135.3359537400345,-7859.460284372316
-1138.2769731026247,-7860.431222648686
-1141.3464288324137,-7861.48114855939
-1145.2562178117453,-7862.75272206768
-1149.1769398980884,-7864.262202303996
-1152.2369112597669,-7866.012587744088
-1154.9463584124335,-7868.1436702406445
-1157.8191729232317,-7870.814392968321
-1160.3798749237471,-7873.523058850283
-1162.1591435745315,-7875.775252487416
-1163.5578822369512,-7878.064400780842
-1164.9482803962983,-7880.886228096284
-1166.038682553206,-7884.145706109833
-1166.4999730361844,-7887.70401984189
-1166.4595796671267,-7890.886827026236
-1166.0373510701563,-7892.976393898657
-1165.498546272308,-7894.646216628798
-1165.1075046300805,-7896.5348781497305
-1165.028505642356,-7898.476469982205
-1165.4188315734038,-7900.257103555988
-1166.3889228418282,-7901.806838788324
-1168.0492188483458,-7903.0477552533885
-1170.1092400383754,-7903.977893292477
-1172.2399704666127,-7904.597093708718
-1174.4103097145771,-7905.136387028644
-1176.5795041220056,-7905.838775281008
-1178.6394434996182,-7906.768711975228
-1180.459380500573,-7908.006613901802
-1181.9300370859983,-7909.59628611464
-1182.9410525741368,-7911.577743253003
-1183.7996310209028,-7914.578390252294
-1184.8386165838353,-7919.258946050314
-1185.9988912318402,-7924.758753615545
-1187.2107653016355,-7930.211670892201
-1188.1801038764818,-7935.012137382707
-1188.61019302447,-7938.570553427143
-1188.7593860427849,-7941.562310792051
-1188.9194078403889,-7944.621998217052
-1189.3388104904038,-7947.912580151433
-1190.308011543575,-7951.5908310715295
-1191.5508479722591,-7955.002209746924
-1192.7899063128361,-7957.482199946245
-1194.1501672226627,-7959.422713427041
-1195.7397971517396,-7961.203194909797
-1197.6006192256496,-7963.144542695882
-1199.7712911280194,-7965.5445128580395
-1201.7894180297728,-7968.095427269357
-1203.180953742291,-7970.504572547058
-1204.1907455294686,-7972.595755110084
-1205.0396725168505,-7974.2135327622855
-1206.170662762721,-7975.735312690168
-1207.9917623642687,-7977.475761984053
-1210.8407688040375,-7980.396351216943
-1215.0415813515185,-7985.455060710569
-1219.55212693114,-7990.667746386771
-1223.32067288534,-7994.056850906533
-1226.3902373444655,-7996.188863841217
-1228.7504873518735,-7997.627588119449
-1230.8512656352193,-7998.788534797881
-1233.093810661148,-8000.11026359284
-1235.461208980912,-8001.458908800357
-1237.9040910146289,-8002.737617119095
-1240.423964319228,-8004.01840955991
-1243.0230032777165,-8005.380090232439
-1245.9641178677782,-8006.649853352636
-1249.535443390468,-8007.699578602834
-1253.0647002769629,-8008.469502409788
-1255.8952617630948,-8008.940758602757
-1258.2144817442795,-8009.091477221703
-1260.234689392614,-8008.940184474782
-1262.5539619061717,-8008.858977567823
-1265.8165750619382,-8009.250271711695
-1269.0757485585207,-8010.060226257808
-1271.3951925656195,-8011.261035754683
-1273.295591464733,-8012.69981042186
-1275.275154927226,-8014.209498086318
-1277.6762215721585,-8015.801923248913
-1280.8575235561127,-8017.462273904829
-1284.466177061683,-8019.363467962289
-1288.1481294762439,-8021.652288757181
-1291.6787920291183,-8024.131955121067
-1294.8181767368085,-8026.601797960241
-1297.687552852548,-8029.054718688629
-1300.3971102736773,-8031.414591367185
-1303.18959106748,-8033.93435507649
-1305.5294898043578,-8036.12439849669
-1306.2882566430785,-8036.832835969307
-1309.0806837514265,-8039.544421909336
-1310.9392136125282,-8041.484849848152
-1312.6080670438782,-8043.506103090026
-1314.8196449580767,-8046.444604555763
-1317.179978706847,-8049.504084616579
-1319.319482884304,-8051.867123099847
-1321.450476958338,-8054.076244248988
-1323.8107507790653,-8056.676063343594
-1325.940723692159,-8059.306737469679
-1327.3803186239033,-8061.635856089872
-1328.45987786646,-8064.1868742494935
-1329.5502837019021,-8067.517356392775
-1330.479960104771,-8071.396399608152
-1331.0998846674033,-8075.577237229435
-1331.4498194841187,-8079.299550585932
-1331.5713545053763,-8081.77977842664
-1331.409579952083,-8083.788316609321
-1330.9489586620082,-8086.1177004797255
-1330.640786591513,-8088.201173208838
-1330.9710695804627,-8089.47915532775
-1331.6385663921726,-8090.409452946815
-1332.3794077681393,-8091.451562722779
-1333.390286483626,-8092.689548387055
-1334.8609915312804,-8094.239195794155
-1336.4109791158767,-8096.099660447259
-1337.651382059099,-8098.2719945458575
-1338.5507412975896,-8100.779943706565
-1339.0505529924635,-8103.691846698783
-1338.900996313395,-8106.750576947415
-1337.8090561986146,-8109.73063538628
-1336.179199935572,-8112.291010997981
-1334.4004114910633,-8114.0719416451775
-1332.4188002503806,-8115.391246067744
-1330.2077740666862,-8116.552674051964
-1327.8898860500567,-8117.792222606674
-1325.5577244831966,-8119.342401687392
-1323.4297002780986,-8121.24328137359
-1321.6786108168963,-8123.523865731752
-1320.2888344459523,-8125.7734763473745
-1319.1990505934489,-8127.554308416134
-1318.1981281624999,-8129.104300892037
-1317.0267423772918,-8130.654416627713
-1315.7078194570795,-8132.472188421316
-1312.8058501892303,-8137.165143771997
-1311.608099392099,-8138.875165613272
-1309.277286545014,-8141.815290949438
-1308.0771097426805,-8143.445311215722
-1306.9453716298551,-8145.226147605227
-1306.0944534095427,-8146.924051016987
-1305.7069415847845,-8148.3261247485325
-1305.5450082368661,-8149.225415206039
-1305.3063102877736,-8150.565522224046
-1304.4065472017442,-8154.796545552973
-1282.1623091694346,-8222.111813564261
-1265.3679720255616,-8272.915179185786
-1305.5636766697828,-8285.286826117741
-1434.0951235557761,-8324.835605189735
-1438.6641516899117,-8326.32681211692
-1482.6684859637303,-8340.689587252546
-1484.9002317163438,-8341.407755632228
-1563.9066087071953,-8367.21440537744
-1566.5080395195557,-8368.064266705902
-1569.2644643013898,-8368.963179927268
-1560.8356614756062,-8395.394465383315
-1564.5055513934979,-8396.43507789213
-1552.853507750013,-8429.77783080452
-1542.651610138476,-8456.400213452767
-1535.8625228026567,-8475.70429795326
-1525.6799083119106,-8503.275901178551
-1521.2602240442327,-8513.438284993335
-1515.006557887936,-8525.667329569322
-1508.1369915172231,-8544.660676446309
-1507.7769808762055,-8545.658955602486
-1498.104212539319,-8572.730885676257
-1492.3842739756087,-8589.684501644491
-1488.54209246926,-8600.31441742367
-1487.441727312399,-8603.774999370784
-1486.8923554784712,-8606.434184253227
-1486.512183295549,-8608.94550962857
-1486.3433316539144,-8611.856409946467
-1486.5514233302808,-8614.497421169857
-1487.4413596780612,-8616.86650055547
-1488.7323064259276,-8619.565497919395
-1490.2523779624746,-8621.536665905991
-1491.8721131551215,-8623.148310478546
-1493.5613493187084,-8624.207215976698
-1497.074241618278,-8625.72659045672
-1500.912136174158,-8626.43751915513
-1502.1343373868,-8626.526205539702
-1503.67458282383,-8626.556985114987
-1506.044172632481,-8625.79919041114
-1508.4461015009654,-8624.78752021159
-1511.2730130466712,-8623.05527052003
-1512.5452739752259,-8621.786118370443
-1513.5557003252984,-8619.678489302622
-1514.6153711371705,-8616.846251066178
-1514.7843065913023,-8615.03861146027
-1514.9052754715265,-8613.096912305979
-1514.6853580602892,-8612.036779143751
-1513.745005459377,-8609.347904218015
-1513.1238921920637,-8606.26625331119
-1513.2856337959836,-8604.235568547669
-1519.207223117891,-8587.243004722339
-1524.8478755304461,-8570.323400820462
-1526.926241542581,-8564.632194228168
-1534.768106409249,-8567.462901867439
-1534.4573277245947,-8568.171393404187
-1537.339802985484,-8569.422121925925
-1538.589069213418,-8566.54396405887
-1535.7197462278107,-8565.293233785722
-1535.3669457101219,-8566.082830815485
-1527.4385928804754,-8563.22121432322
-1534.2302096889239,-8544.6565025672
-1541.3098410488478,-8525.309380829465
-1543.0116221742085,-8522.187453770872
-1544.4795222353407,-8520.708186888465
-1545.690658663527,-8519.888624024503
-1546.6724354713892,-8518.819218592138
-1548.7411719096167,-8513.4368417508
-1560.693334457689,-8479.17572824336
-1561.333142040784,-8478.962751618825
-1562.1842399183597,-8478.962611843837
-1563.2428756504169,-8477.613486306216
-1564.3049635917112,-8475.493772863532
-1564.933670851739,-8473.583111886053
-1564.5144819257848,-8472.522912698445
-1563.2443135929273,-8471.672732441739
-1561.5430273995896,-8470.613841070313
-1563.024737898845,-8465.104572309143
-1564.0844084915323,-8462.971891439194
-1565.575137572602,-8461.702596200543
-1566.6339929872422,-8461.702421821714
-1570.0361533916848,-8462.342370843426
-1572.1564707409818,-8457.461534972528
-1571.7241790697517,-8456.192556479426
-1567.9052461173676,-8454.492508343532
-1569.603952090917,-8447.49120608439
-1571.0945737419815,-8445.590377549719
-1571.7248056184742,-8445.37141665433
-1575.5446193215519,-8445.37078455586
-1578.0971430219588,-8440.279996572726
-1575.1246712856773,-8439.221318449707
-1575.9753450865792,-8436.681980269128
-1576.3966171865575,-8436.250281820514
-1579.5852189143925,-8437.100141895357
-1581.0666038835375,-8437.741503126903
-1586.3776437250024,-8439.012561424659
-1590.617681448475,-8438.802073877832
-1595.2882908280021,-8437.532241513047
-1599.3166317481864,-8435.19027639037
-1601.648802761042,-8433.500976050847
-1604.4096745425172,-8432.00971107601
-1606.7493711340019,-8432.012308616768
-1608.8707150571456,-8432.862339136025
-1611.6294726170631,-8434.130921994149
-1614.1699035781646,-8435.412608672093
-1618.8998985723133,-8436.351073179285
-1621.5520229244644,-8438.540984435465
-1630.0105600644706,-8439.22104670965
-1631.84120714308,-8439.362580654617
-1671.8253056248814,-8442.544420176397
-1671.5247749723007,-8447.492890079637
-1674.8956411112504,-8447.664070606126
-1675.3366092202914,-8442.823507941022
-1681.576616059085,-8443.325058896055
-1681.2554431383423,-8446.362875375191
-1689.7655822905656,-8446.952998467554
-1689.9967046514719,-8443.995099370732
-1709.0482643179662,-8445.504639119736
-1708.709291093921,-8449.953457347983
-1728.632240706364,-8451.296913012038
-1728.9711660925107,-8447.093883988655
-1737.670940623749,-8447.785776921755
-1737.1808385532606,-8451.86494139385
-1742.2923180781222,-8452.29563488146
-1742.8618217576172,-8448.194510069034
-1748.2122721294709,-8448.625256336414
-1747.6527589096968,-8454.537982863172
-1751.5626956620572,-8454.848091961214
-1751.9529846083822,-8448.926318911364
-1769.9444464247133,-8450.356030228506
-1786.9426166103153,-8276.52879458058
-1790.3633381475124,-8241.607521210872
-1852.6140544995071,-8236.542238964725
-1871.6814283705764,-8155.823026397288
-1867.8127592896844,-8089.949468218333
-1861.9976114347749,-8063.823646551346
-1876.5716038462747,-8050.756202832695
-1889.8600041671104,-8038.861183211865
-1915.7418151019376,-8002.776238206399
-1941.4212190295684,-7987.304111398345
-2001.5313216956197,-8006.177981787238
-2033.9975742733916,-7985.343277110861
-2076.7601298729046,-7912.299864322985
-2080.485866977994,-7905.933744676857
-2107.525270656631,-7876.656921691499
-2109.8126798913677,-7874.19123138315
-2130.6340129309774,-7866.453177805832
-2155.855472346616,-7873.22557420259
-2164.3594048448513,-7880.486420905398
-2191.314473525065,-7903.505513147702
-2205.7651439972906,-7915.8261912875805
-2220.803396516222,-7909.999041655738
-2250.310856329977,-7887.7161790077935
-2260.9745456728715,-7865.436825630833
-2279.1293753542873,-7781.442292636669
-2307.7129645960167,-7763.040738776645
-2313.94189950721,-7764.201441305328
-2344.065224401398,-7769.810926450786
-2463.522447513684,-7742.913189189844
-2504.7074995913194,-7744.843014515155
-2535.2209916206625,-7741.4464349256805
-2575.4477973076755,-7719.621347672972
-2602.815944209488,-7680.144421419188
-2649.314079790426,-7654.004600475997
-2662.6218731563304,-7622.264919015468
-2662.4256717550566,-7620.077500945305
-2654.6015113977214,-7532.945757122839
-2678.8307154632707,-7487.431854549477
-2714.195029028826,-7458.366902137373
-2773.5480320488678,-7443.560461115129
-2805.006734883453,-7420.873587646205
-2829.269645937493,-7403.366210028595
-2847.8486580775075,-7380.707955431608
-2879.797749624925,-7341.744558763162
-2893.2038955529038,-7325.395332962273
-2936.7718464693144,-7225.153483907028
-3032.9427815911677,-7155.613595250811
-3046.508950563848,-7134.34958650308
-3039.2245463371296,-7104.804401205579
-2995.8319005507096,-7020.795857728752
-2978.1222163025823,-6941.61769624151
-2965.0321176266607,-6922.271774146137
-2930.845680692416,-6845.994556723931
-2886.7695220801525,-6788.915218648966
-2873.421367759152,-6764.45502624947
-2889.9496864922576,-6767.808587975383
-2988.25324707173,-6787.650818382833
-3019.848850418397,-6800.1508133042225
-3029.2071337528228,-6803.876190730953
-3046.13664384559,-6852.767329750782
-3079.892991785578,-6950.303949448362
-3076.745742203609,-6994.6118888563005
-3115.0401288767143,-7048.857157462402
-3205.4296019351327,-7149.302517961945
-3236.9265022607005,-7167.223870963842
-3300.1601902912703,-7156.787662090204
-3351.504788857059,-7111.72432180959
-3398.5153727638717,-7095.716194373691
-3447.435171705015,-7098.625422407472
-3521.3224176792796,-7118.68781825011
-3573.1824844148464,-7148.67774064976
-3592.0763996607784,-7149.1642964797575
-3613.8977536844773,-7139.973600962075
-3618.957105345304,-7127.736521709314
-3633.724915844602,-7092.0247448120535
-3676.3253132193063,-6973.847807302567
-3670.3726368486723,-6934.997258539478
-3664.4187605126476,-6896.1466045816915
-3669.2587249759267,-6847.709845665233
-3704.127451056462,-6811.370501436809
-3708.27473000732,-6695.395751975743
-3709.8739262806644,-6650.62643134536
-3714.7059416199413,-6585.736428302877
-3717.2987114666535,-6574.335578954948
-3729.7413362848683,-6580.338410158696
-3827.0102085562266,-6651.073673479703
-3846.2964628547666,-6668.258461642946
-3847.632732941257,-6666.378281400023
-3862.223910908865,-6645.728250633314
-3883.983457644488,-6615.001647251412
-3895.6728564203004,-6598.481811181537
-3923.297888678872,-6580.075657476759
-3977.031362603521,-6545.052607025054
-4069.0789858955823,-6485.147973044987
-4105.417149711951,-6464.766040617327
-4166.675194521797,-6417.536409094006
-4180.953694610204,-6386.780370106705
-4184.847960418084,-6358.709939098902
-4191.560800183966,-6310.240926496758
-4204.858417519609,-6214.166492671988
-4219.133178931377,-6176.139510988598
-4245.288822928701,-6152.865725462351
-4372.938202124079,-6108.500780103949
-4389.666681722851,-6099.527591382364
-4412.665565396786,-6087.191791468261
-4457.2750153952275,-6007.093750030891
-4477.794541854356,-5970.233736478229
-4479.103701854888,-5967.275250417757
-4487.910607303937,-5947.552366683172
-4497.077152191663,-5926.996767337169
-4512.148024695562,-5893.220116114748
-4541.779696440327,-5831.275581322488
-4570.750337665911,-5770.687405473652
-4592.311509209284,-5725.600514738311
-4607.71726392528,-5693.4262681426835
-4608.915082535526,-5671.395577086533
-4622.959504502299,-5643.320008600611
-4626.636910820466,-5641.632396543424
-4701.668110343679,-5607.23232469261
-4752.039424946093,-5599.442912764346
-4793.232981900238,-5585.8650200945
-4834.896386001345,-5585.3513381718685
-4911.666801587794,-5633.038517863945
-5030.095845319277,-5573.6343187957045
-5095.480776009115,-5522.761253041996
-5130.353966057931,-5515.96328973608
-5160.45063917171,-5515.624295969021
-5196.484216110334,-5515.218919004822
-5258.975931108224,-5534.564529711263
-5297.259358903448,-5557.31285384923
-5363.559015735087,-5584.23527282693
-5423.9989137985585,-5608.78825249293
-5448.699962464743,-5612.163625878165
-5544.8325721614465,-5579.4486515502695
-5628.155338649287,-5574.069483755043
-5691.2742949860685,-5524.271686851073
-5696.92647856164,-5519.800569971314
-5758.664536446521,-5481.742763064221
-5800.323798423082,-5475.400979968816
-5865.227656131627,-5487.007794042788
-5925.559969978298,-5503.669298785412
-5931.496060667861,-5502.448511476057
-5987.081439368363,-5491.029863358603
-6025.822895466737,-5463.429300288068
-6057.305101783346,-5460.5122656346
-6140.384614583527,-5478.145237022657
-6274.610713064958,-5495.958621861143
-6297.867197134604,-5490.613145358112
-6320.625477606936,-5470.755297982284
-6324.857338329166,-5418.989821111031
-6324.908908012712,-5418.958763646588
-6344.019716898539,-5402.123203090918
-6384.800909391507,-5392.113125376918
-6406.071308641035,-5376.69387561699
-6479.655908332432,-5153.324887189292
-6499.775230393216,-5108.634310845302
-6548.397665080389,-5066.174418097208
-6573.254822773336,-5036.3627537392285
-6609.917839834425,-5018.990788404288
-6633.996966088533,-5016.508816188656
-6702.212348862017,-5025.405500138434
-6711.311764161662,-5026.591126209411
-6761.786840338431,-5026.247709427171
-6807.474573096704,-5015.276884173845
-6856.420413086007,-4997.74124173582
-6866.108044411368,-4994.252869927427
-6926.843830191853,-4966.878384124871
-6973.451958206519,-4881.189928576201
-7004.861658963122,-4844.871014789992
-7038.751830718478,-4805.685152977426
-7039.0739918697445,-4790.278965461796
-7047.566853534335,-4771.632131679716
-7068.368682105537,-4750.510847277046
-7092.247196157362,-4721.653870798046
-7096.838190525043,-4708.555868935084
-7089.770227759253,-4673.035613765919
-7105.288345045965,-4632.907957755647
-7184.536772814156,-4588.295291354858
-7225.93640884889,-4551.41444170762
-7249.199785004674,-4525.885089987049
-7278.256158603365,-4412.230518982859
-7361.676458812311,-4249.761018740588
-7383.041894256465,-4196.7485334717185
-7383.401228587416,-4195.885889016952
-7383.894227409257,-4167.878635119502
-7409.387439290974,-4103.031362136224
-7433.4353396006745,-4063.851714118319
-7472.450913062919,-4039.0179055583953
-7526.877338867263,-4004.373791954198
-7539.969512270366,-3988.0032057831986
-7540.491621434268,-3965.5109612340457
-7540.615228149284,-3959.5022350398767
-7531.492462528567,-3920.1327302040736
-7519.1695890198425,-3866.962609665194
-7516.635256162118,-3856.0264861585
-7503.954384443497,-3776.2967557760217
-7485.7475090503385,-3725.7504444596075
-7472.172484634434,-3684.8684280497823
-7455.68720446122,-3635.220073116584
-7446.991934492077,-3589.224928343112
-7449.080389976631,-3565.807135337568
-7472.049741665212,-3528.750650311788
-7511.237995245842,-3465.5290098416094
-7549.214760696832,-3429.2040158596137
-7577.201798603976,-3402.252068183053
-7582.593286522953,-3397.071374485797
-7596.34340117808,-3367.2659089363237
-7587.397265678377,-3362.405500959143
-7556.39397779339,-3345.514263286781
-7531.458293268193,-3331.9468802471893
-7471.859514299633,-3286.8064391543276
-7460.829156624789,-3278.451998893117
-7471.848912810718,-3273.3230068324547
-7497.484092676204,-3261.3853957178926
-7541.0443535297445,-3236.1469753312977
-7566.571513548747,-3218.441332470422
-7581.461755483083,-3202.869656242855
-7584.074632075641,-3192.05232725547
-7569.640431815322,-3168.524673324081
-7472.600234693636,-3052.349885323336
-7471.673559400557,-3050.305074350505
-7458.495242981926,-3021.242249131935
-7458.745493870054,-3012.892108019013
-7459.046391869833,-3003.463594499172
-7459.274428392326,-2995.852841628109
-7459.621680207681,-2984.328775063816
-7460.749539780799,-2947.755157051676
-7460.874609894507,-2943.5651230814665
-7461.050216199063,-2938.0498274594374
-7463.718083750066,-2931.3924941491487
-7467.33307173454,-2922.331259975939
-7471.564582882932,-2911.7104958070317
-7474.026423783924,-2905.5339325429036
-7477.847417558509,-2896.009776561865
-7484.592295351007,-2879.0896041665815
-7566.885164406731,-2773.125245134375
-7570.264828419498,-2758.118362766524
-7619.258674066497,-2539.831452421927
-7595.363977329766,-2535.196996251202
-7482.841746227574,-2513.3729906536846
-7480.960339532831,-2513.0357102563903
-7471.249683672866,-2511.243603462972
-7432.118078382825,-2504.0305138800663
-7427.598261206811,-2500.124916197817
-7423.646088307589,-2496.6304549255487
-7383.364095251678,-2461.7468922395983
-7350.902459332261,-2433.653103180855
-7259.243981037985,-2354.292510140479
-7176.406763653911,-2282.574847960958
-7171.786152721684,-2278.5321426257897
-7111.191023230819,-2226.1952225333184
-7108.532336351628,-2229.1771443870384
-7111.861360735629,-2232.157576890909
-7112.6527456272715,-2231.6973209016965
-7155.484671545879,-2268.6017214978674
-7156.036098851176,-2267.9517123135242
-7158.105588499574,-2269.702919033091
-7158.595054823076,-2271.2743636124924
-7167.537261339836,-2278.973067328949
-7163.925578393273,-2287.615628392498
-7106.70837958857,-2353.588481261974
-7008.4995692729835,-2268.7981935588214
-7003.933893983086,-2264.132805448161
-6998.359836147522,-2258.8378167250107
-7064.2488842937655,-2185.4114769978437
-6944.64011247348,-2082.1097081325447
-6944.439596496157,-2081.927904591442
-6932.898907456294,-2071.9136152791943
-6911.225491498905,-2053.1038538943003
-6841.980621840148,-1992.9860405429463
-6838.862067427926,-1990.2672137157265
-6806.518780750053,-1962.1845314635452
-6805.917049918549,-1962.8714654365117
-6788.386918492971,-1947.9226983280673
-6781.83650455969,-1942.2116083219516
-6700.379433146027,-1871.4310455308803
-6699.988725148172,-1871.8809097050546
-6699.78136303409,-1872.1218606729576
-6658.777394126741,-1836.6961431005845
-6659.377877025101,-1836.0051293086472
-6632.544070099104,-1812.5737757557051
-6584.752015142629,-1770.198364478451
-6591.211096212901,-1763.8993443824963
-6520.7267041961795,-1690.2377038924155
-6421.799239531156,-1587.444660325039
-6314.0010596506245,-1474.2728390516586
-6252.01671652974,-1408.7048010121307
-6199.334194217288,-1314.804490148638
-6197.384396481323,-1315.9119289376274
-6191.493190041542,-1319.2743710418479
-6186.423225016526,-1309.07299455295
-6192.573523819409,-1296.4119663123129
-6143.651057566035,-1209.320945817024
-6136.729674743363,-1213.0109130686744
-6137.220878105483,-1213.882939890748
-6184.171959150203,-1296.5713604164446
-6181.593516704623,-1301.2317257827033
-6167.280351063418,-1312.1632384958227
-6155.489399183755,-1320.6317779022784
-6149.249736080302,-1313.81178483594
-6135.308973227628,-1299.5120632067976
-6135.198502964371,-1299.3601102794967
-6124.666219525347,-1286.0384476596817
-6115.80637868872,-1274.9671322530253
-6104.685690644194,-1260.4746203719626
-6096.396601746433,-1248.8332274748943
-6087.985364290932,-1237.6016927754208
-6082.165198091551,-1230.1836631270755
-6074.623188091791,-1220.041865184201
-6061.893239509879,-1202.4474991800703
-6105.958649732474,-1169.3678467042173
-6116.129307345375,-1169.1274799355085
-6126.810115231893,-1188.0481219583507
-6130.919911349845,-1186.4395382698438
-6118.520736055959,-1164.7970369716174
-6104.918296188393,-1165.1875474157328
-6094.304721621204,-1148.1495845317486
-6052.096838343161,-1080.40694166259
-6010.002376390193,-1012.8578544325873
-6008.86526284998,-1011.0319873979844
-6005.781332006753,-1012.8575321963749
-6040.514732581501,-1071.8453898295654
-6039.824317347948,-1072.6252030917233
-6042.234267638829,-1076.6049322192735
-6043.125415383631,-1076.407551530737
-6048.08361642276,-1084.8553125213773
-6001.589223916645,-1119.720925924393
-5996.898469507883,-1114.867390060394
-5984.537410865298,-1101.7375519540337
-5968.5767109253575,-1084.8046636874253
-5962.195208320169,-1076.9453030688585
-5957.4770167609495,-1070.5828931923763
-5951.677162988137,-1062.6031570037069
-5945.286196322123,-1051.2711716461715
-5936.333139013539,-1036.2196785679166
-5930.554868136821,-1026.246341714224
-5928.700917444317,-1023.2316514054078
-5924.8645523166615,-1016.9884782856769
-5922.533751675333,-1012.8579421726967
-5918.642936333202,-1005.8444040235986
-5914.722597566819,-997.6236655699806
-5910.273359445744,-985.7639470485442
-5905.183012546265,-966.891453801293
-5902.554426246809,-948.8909691262307
-5899.704538646354,-927.9556725506991
-5928.63426412345,-916.4579203464189
-5947.148714986098,-909.0976011344866
-5928.60037939631,-862.1777559932386
-5882.577908820966,-745.7574821549485
-5849.3253703324435,-661.1703475645919
-5829.323642888039,-656.259210197448
-5829.064101224028,-659.4200611788613
-5834.602959935176,-660.9086736260324
-5834.76409762785,-659.6204568571578
-5836.6451374231665,-660.1888937223965
-5836.473229414157,-661.4090852177976
-5846.525314944456,-664.1109116344844
-5848.876116961662,-669.8503812703166
-5849.785196268068,-669.520135776286
-5850.755950913489,-672.1017584228318
-5849.915305592048,-672.4099163150183
-5853.486722607956,-681.1614895152246
-5854.355056331259,-681.1110774407612
-5858.015746302165,-690.7128931381557
-5815.751373515492,-708.6830400995115
-5798.261571318366,-665.1788388598978
-5797.060519682081,-662.5674253623071
-5786.780897534702,-622.8729732816983
-5785.030182885009,-619.6943950007786
-5781.730266032959,-617.4230209344253
-5780.49890388878,-616.3725674777038
-5779.430168884285,-616.3331170540342
-5777.41874887086,-616.4733975074499
-5771.880712703616,-620.1120845838135
-5766.41918134348,-633.4659213614842
-5767.977882774739,-636.4137898813017
-5769.619144211083,-641.0965219913096
-5772.938192339761,-653.0770027249973
-5775.177247221115,-652.5180188503746
-5775.528843040781,-654.7761259367087
-5768.868260956645,-656.7767421707376
-5769.337209890574,-658.7670396177318
-5769.867624226338,-661.0371084288477
-5771.2083846385085,-660.6266057987427
-5770.757074771882,-658.2385802711077
-5776.018016278991,-656.3776711234304
-5776.727176518139,-662.6377733465931
-5777.262507229828,-667.2441669169655
-5770.749655224182,-669.7063540241805
-5704.560436551553,-645.8244448060423
-5702.542006629643,-646.2143967671843
-5702.531266465546,-646.195350284903
-5696.599999418833,-638.5244695502086
-5749.306464455267,-609.8322081626031
-5750.046258622044,-609.4429208170484
-5753.717862333359,-607.4901155446054
-5755.998278151932,-605.8928759199879
-5770.050065399931,-598.0219710127142
-5771.279628342362,-596.3914499511257
-5772.529424043121,-594.2520734599642
-5774.640154764549,-587.8414235691429
-5774.870968010785,-582.6810308427919
-5773.840734589507,-582.9004169035802
-5773.510711983457,-580.6911756551119
-5774.019300290446,-580.7188971706199
-5774.169811929706,-575.7583596489364
-5773.360805664456,-570.7794523311715
-5756.660231970419,-514.5527128425614
-5748.3297386677705,-498.1324338989396
-5748.039073888702,-497.59005009300876
-5746.149389026031,-494.6302080857795
-5745.958428414195,-494.34053946727636
-5734.65868072684,-472.8567565938769
-5719.43769107957,-446.98436864804484
-5719.958877861874,-446.12467750510945
-5664.623465780907,-351.1046389852289
-5659.781871260317,-341.8760279768075
-5654.704946463986,-332.12105498000017
-5634.223295206399,-283.4448882938197
-5612.210059113592,-224.10631616436018
-5591.732250221769,-168.90486397670205
-5589.602834408689,-159.87143121005468
-5581.571468717394,-108.59680085661006
-5578.3734840234965,-99.66693863592569
-5576.803208128946,-99.27622824719455
-5573.5638360295625,-101.71541104453947
-5571.600679130378,-106.25834651408658
-5574.460070366843,-128.8784993953963
-5576.340729137038,-128.72048262577763
-5577.222238817288,-134.76164371071835
-5574.450624067903,-135.1699668691272
-5575.229739906873,-140.47171448908327
-5579.110864679835,-166.7028451510529
-5554.767585515209,-184.99397769329096
-5542.095493362458,-188.5538087570875
-5539.2769149904325,-190.74394832999323
-5533.145808049099,-191.21516810031218
-5525.095862493807,-196.14339545472347
-5511.234693579618,-201.05394266579862
-5504.632682045784,-192.02428332010973
-5508.702585982694,-184.14348116260112
-5510.583649345598,-180.79276253776123
-5511.294146226394,-179.54423275201907
-5509.984043768853,-178.80252681786442
-5515.423706332394,-169.1521950198411
-5511.844625069638,-140.16995725545723
-5547.930690359036,-98.39675604006078
-5554.772048091389,-90.12557327408756
-5566.24348181708,-72.42455379261865
-5576.843130701147,-52.982133804045176
-5557.165344603174,34.036206055709265
-5540.214109118471,73.62212047839955
-5485.690585232841,168.8037479698718
-5484.179101273003,171.4428559638484
-5473.229877036443,190.5640072166763
-5472.708852954115,191.46398387906405
-5460.687484874534,212.45810592963332
-5406.626505349721,311.29784096648484
-5403.4550939207265,326.5291240545279
-5397.634613945018,345.7520429647596
-5365.095377203088,440.95290729089805
-5340.392098820082,431.3627224726166
-5332.422239376359,448.95469907033737
-5322.252139174717,467.83656154000096
-5309.131373863968,487.2994464002119
-5305.959268834181,491.5086768457873
-5296.590716827549,503.2889494454452
-5286.3902845939165,514.3014625488956
-5276.917640095296,523.7333943771074
-5262.417798485767,536.8730874776501
-5246.647216657575,551.1452032693954
-5229.5447487114825,566.91750648017
-5221.733728094744,575.3991577784318
-5216.964300635743,581.2993634250845
-5211.514011423324,589.119756486905
-5206.122906940171,598.2123446636655
-5201.402234525586,607.2932331040782
-5198.151572499749,614.8032087808572
-5195.581069003752,622.1434777203747
-5192.671513476743,630.8956759953154
-5181.8226763863595,663.6084788234424
-5182.3622630825475,663.9475370928535
-5186.903614815542,666.8679141292711
-5181.641683915055,683.3403703593757
-5176.331611401888,699.987572213142
-5172.272288711601,712.7133405390933
-5164.220918394587,737.9160340445145
-5157.042863484589,760.4230648929072
-5151.961296736375,776.3219538010376
-5145.642258273031,796.1424931646934
-5145.4009440798145,805.4936797622565
-5145.333401618644,808.4455567373635
-5141.842114040743,808.7455200582189
-5141.473859831368,839.9880028531084
-5140.3840855940525,934.3163848521248
-5156.951359862373,928.8591617392319
-5268.425884958025,892.1415494006691
-5270.596963442178,891.4182427781328
-5276.996328357759,889.3083143720612
-5290.1481227040595,845.1350835377627
-5312.257637421052,770.8363556529494
-5321.686264389322,739.1241287219823
-5328.878877645194,714.9604206654449
-5328.379489066743,713.5390483146714
-5323.685789224157,700.0690592783778
-5304.78398556419,645.8431121590473
-5298.952689526408,629.1337962835704
-5298.993571036266,628.8929138057284
-5299.192071484731,627.8428171641921
-5299.952702333975,627.4115075499317
-5301.55226714942,628.0939182380222
-5305.332387837253,638.7344677403383
-5327.166142797739,700.0710115665519
-5332.039665419677,713.7599630737
-5311.007739649124,784.1771242821926
-5294.777477211534,838.5534162789362
-5287.248689894818,863.7462266504584
-5278.8669160929785,891.8206558660835
-5271.80690876225,915.4518959975097
-5230.516557032755,1053.7357015735272
-5222.618120641558,1080.210502899196
-5196.3867165308175,1168.0576742473195
-5176.844201574219,1233.4754331908423
-5169.437464664645,1258.3177828180694
-5156.749294738663,1300.7966406326673
-5141.264460197309,1352.6284200897735
-5140.465193547122,1353.7401429083557
-5139.764690281668,1353.9676013863898
-5138.886037762913,1353.347554512868
-5138.7558699324945,1352.3401696673434
-5150.34458229079,1313.4751689404657
-5156.754073969235,1291.9998506370262
-5166.3258136543955,1259.899880486444
-5173.6148143717655,1235.4852086535443
-5181.666867208534,1208.4617985649754
-5188.304756514845,1186.2203205171534
-5195.76691537758,1161.1891844916638
-5204.085726765088,1133.325616083764
-5236.4376438815,1024.8433807508895
-5244.885271100758,996.4893353145526
-5245.588128720496,994.1603726952029
-5185.2015684879725,1014.1019978687389
-5156.899976882299,1023.4408945475988
-5140.328034425709,1028.9170690437352
-5140.545824191954,1034.426190528362
-5139.558298906501,1037.6363317671585
-5136.596945178089,1047.1670030482344
-5133.156193685204,1058.2792122648427
-5134.656305248058,1058.6987900187812
-5133.8761755744,1062.0508940595316
-5131.386729064189,1072.661058974351
-5127.766850660032,1084.7524568851554
-5125.896335131767,1091.0340414938296
-5123.755990308836,1101.4745166149658
-5121.377446049943,1111.244218965474
-5118.987031060335,1120.6772465187973
-5117.017585754676,1127.86703835576
-5103.658425555637,1173.923068657854
-5088.736904450753,1224.1284414761142
-5072.7971593803695,1279.5124166622168
-5060.496999471861,1321.557981418541
-5053.617804142358,1345.0107353909716
-5046.155382163879,1367.1329674650312
-5043.866255587366,1373.364271778539
-5047.347493825376,1371.394686795626
-5050.5463687910715,1377.0533294742556
-5085.242237673738,1448.1502680213289
-5068.953018577012,1480.44465048512
-5054.881175285183,1508.3672326117803
-5041.139467725278,1535.600612956961
-5027.517940492162,1562.6122252311482
-4996.456426424889,1624.233948927974
-4987.627322518015,1641.7518743508124
-4987.456969498942,1639.5024343475557
-4984.567584051141,1645.1608526380592
-4985.776125643637,1645.673224823651
-4963.396201932139,1690.7573389517102
-4960.556042710975,1696.4678622246224
-4960.8555458564515,1696.9366625666778
-4969.668178759209,1710.8403824150305
-4962.64682833228,1724.8707860819081
-4953.005122826957,1744.1230417493935
-4944.166406533488,1761.7859479156966
-4931.7266356285,1786.616903161887
-4901.984322611951,1846.0331835994452
-4885.87264095011,1878.2380115643048
-4877.581597853731,1894.789008633133
-4868.26307802745,1913.421949298918
-4866.041224170399,1917.851680030447
-4841.071238664745,1967.7385225812793
-4838.369175860226,1973.1192687629152
-4831.199396427855,1987.4495593972943
-4733.075907259832,2183.492852316006
-4385.754983245199,2369.4029849732287
-4051.894706997823,2548.1277692983194
-3984.4201386186746,2584.250655869915
-3961.277906070992,2596.633011154072
-3984.4225793721494,2626.9452792794877
-4042.5599336408973,2703.1029416837428
-4040.138224408083,2704.9405768470133
-4052.2525582045578,2720.96145249007
-3984.415312386816,2772.739991650603
-3948.2913117816775,2800.3223503499007
-3615.0802351299985,3054.6861372879894
-3523.7384279141847,3124.415402134178
-3517.7271884205993,3116.485813642449
-3615.085015729035,3042.1400677394668
-3652.428094712572,3013.622604586903
-3653.688562429497,3012.6617597276136
-3701.832292311846,2975.897398451715
-3702.222409305513,2971.534706396326
-3684.9008333810016,2948.7341587721285
-3683.8090527609415,2947.3037602777385
-3664.3985537932995,2921.7412476866643
-3663.3175697581983,2920.3239235610363
-3645.803936264723,2897.279476317646
-3644.7158053225835,2895.8401059706985
-3624.9215198673132,2869.7869383428547
-3620.9217161057213,2872.540518730066
-3621.631190797539,2873.46800345133
-3615.1473886600406,2878.4480470615167
-3574.338830566532,2909.7833955218457
-3573.5177202036393,2909.0246561269278
-3570.887660851922,2910.8233291978904
-3571.4879967389097,2911.922844915403
-3534.355717785133,2940.338752277812
-3533.523946207043,2939.4081360811815
-3531.235580897928,2941.247048585473
-3531.8945939553882,2942.177500534106
-3486.3816531413067,2976.8421688682256
-3485.6122929564676,2975.9735270278625
-3483.3202881731045,2977.8112527875264
-3483.911088492499,2978.6319469279792
-3434.447718320116,3016.6689997024405
-3432.91617344279,3017.838560893197
-3404.063734015359,3040.0315304747855
-3402.14484121258,3041.500718746039
-3398.4436842348146,3044.3434812300857
-3396.864160863899,3045.5630079000807
-3363.5012079468243,3071.213959845416
-3413.2062245412926,3136.591387092635
-3326.2325272238963,3249.6544247535026
-3318.5599463008575,3243.81283092037
-3400.765371943616,3136.799695944409
-3355.2894785924614,3077.2867750355495
-3342.9288130950613,3067.715097839708
-3246.702514563226,3199.1795317842007
-3245.353020379509,3201.0308056178883
-3236.662310746642,3212.893488582257
-3227.4204488912783,3206.1610285212605
-3224.0702296260597,3203.6426945518365
-3142.139670901786,3147.4090625224826
-3198.2843907579763,3066.6399731033443
-3175.561396624068,3050.877481084336
-3173.7512786857865,3049.6268571068676
-3160.2811983066426,3040.2859780661056
-3159.468817457617,3035.2172026906487
-3155.5886132863707,3035.937532630987
-3099.2536643243593,3046.3084540422556
-3096.673014753696,3047.3979236823175
-3094.4326895762674,3049.3598544482747
-3039.1392529622717,3129.0084926514833
-3155.503171940836,3213.583584951111
-3155.9249796040335,3214.13536544229
-3156.1047033357117,3214.6749951782695
-3156.124838569289,3215.1246933929765
-3156.044360324886,3215.6364051962373
-3155.7924600115834,3216.143870315284
-3150.8236388672344,3224.005635983882
-3152.592828431947,3225.4941558766263
-3147.9730926689676,3233.1162302423977
-3145.3622578269637,3231.355602232249
-3142.1120459437916,3238.09580845613
-3169.0065241790367,3254.998709335681
-3168.295152784754,3256.2186641028284
-3165.005789516055,3254.4487264768604
-3163.824114411777,3256.4580785361663
-3162.676041782797,3258.4201584943307
-3165.9570743331524,3260.2390718200227
-3164.5366640788734,3262.6699050448856
-3175.4271388052575,3269.4295900712295
-3178.8072819727195,3271.930061155269
-3180.4962612575814,3273.0887723850565
-3186.177391486791,3264.929494797764
-3211.7510652402143,3230.7062954070193
-3219.2906317974666,3236.525811689582
-3188.899344109256,3278.360904253384
-3257.427886081602,3327.0327694985604
-3234.1675896767038,3472.158999060215
-3231.6877196546143,3487.6282266871312
-3226.5969528163,3519.402979170291
-3264.3031407765707,3904.331646452812
-3263.6119112475008,3906.3100333973657
-3261.862304501139,3907.520547601632
-3206.595141103219,3912.932826447085
-3204.9469984420152,3911.814124647628
-3202.3451080425016,3884.391612529345
-3203.3857476509515,3884.2900150125406
-3202.7836158695814,3877.9792609846554
-3201.744152885873,3878.0408575241113
-3192.7220624172546,3783.0800011568413
-3186.2409911924055,3718.1047292321273
-3187.100583952643,3718.0251148243024
-3186.5581525715293,3712.6017966130507
-3185.7008899717084,3712.6724339737084
-3182.839099693549,3684.0297546923975
-3160.514284213651,3650.726843020781
-3100.1584326594257,3649.218997971753
-3097.1828360599347,3781.1436276135905
-3101.0132795316213,3821.8382050699806
-3107.585582515251,3880.643660691899
-3109.5464957605072,3907.555394390206
-3108.8267705708113,3908.565369405379
-3102.4257979501144,3909.0569578250756
-3081.623951099727,3967.7116410830217
-3079.2647154652664,3966.882516093596
-3099.896312863438,3908.704397727442
-3099.4755599895993,3908.3165156656305
-3098.6749136885232,3900.2828482920995
-3098.186154607483,3895.334181750415
-3098.054797194046,3894.10506728294
-3091.0222762465896,3823.4587437991822
-3083.3102103775195,3818.0849698895786
-3083.8007911354293,3817.4666533096192
-3080.7621536677707,3815.456018192002
-3080.361534442426,3816.026581869008
-3036.6365374257334,3785.5639166630713
-3035.395937269677,3784.7041373554825
-2995.9808185072584,3757.2410530942584
-2995.71137196959,3756.5234361647636
-2994.9518641401723,3754.523623751695
-2990.9113838365415,3743.8309950345642
-2928.623096529859,3724.2213400455544
-2925.2640366901314,3734.532990855881
-2925.333046366075,3736.3817563868606
-2925.37338188748,3737.672887207169
-2926.574951146897,3771.8651018933983
-2927.174840675919,3774.206617476831
-2928.0552158302694,3777.0658441428486
-2927.484527279136,3777.3463763340314
-2926.214699614867,3773.645702783231
-2925.7242711201884,3773.796379881946
-2927.6564187919125,3779.5678553883804
-2928.855506023129,3779.216492177951
-2933.506267792922,3794.0295307395513
-2942.327608063775,3821.731607364826
-2958.3000807317617,3873.124350794836
-2958.4905133810607,3873.706974713629
-2958.9696067984714,3875.235059231063
-2959.210356813577,3876.0055360236056
-2961.2620151145784,3878.8071743941105
-2960.3315249895336,3879.43553502175
-2963.8021559422987,3883.6755736311097
-2964.580490891643,3882.8753890587823
-2979.243605196454,3899.9588993710768
-2993.9042895705184,3917.1992456441353
-3009.196215368434,3935.691132052197
-3011.557231544569,3941.9523557645493
-3049.271256731579,3929.0175017243782
-3050.0821625790204,3931.3782462672543
-3017.4496612956573,3942.570808678899
-3050.7148891720576,4040.330307361066
-3090.9621783551183,4158.629712548339
-3105.1414251432916,4153.879656259638
-3106.2313879242183,4157.148760132569
-3086.880791030587,4163.640835076981
-3094.100745744999,4184.721259327814
-3107.693586074519,4224.105887420458
-3106.735151838378,4225.865338338225
-3107.643678150595,4226.48830193834
-3101.7431182195755,4236.799065748807
-3116.1651566165997,4244.669215357046
-3115.5941290908972,4245.797248475807
-3118.384657826373,4247.04918341539
-3121.455901852099,4247.539986787736
-3124.876336858029,4247.079450043953
-3127.75567631449,4240.917680565302
-3135.6578509136043,4228.327112154278
-3131.8556804868113,4226.5671887617145
-3136.8870500593625,4216.45596416271
-3143.12832843093,4216.125249593768
-3145.2665670472534,4196.092112241763
-3148.207186710539,4167.679187122407
-3119.732818188975,4146.628618551189
-3121.9719756090344,4143.9082588485735
-3152.1987448076075,4165.920747787302
-3148.7763580163332,4193.9517521830185
-3145.027121287632,4227.556818612786
-3148.7287165203284,4229.037002969256
-3150.9676740389596,4230.387820394586
-3177.5312405635173,4232.356352161233
-3177.752867904241,4229.336466042433
-3180.6131359508304,4229.596286788013
-3182.1116791816303,4229.7356472055035
-3186.3327572372405,4230.115731045321
-3188.060573656668,4207.713201786415
-3182.6023068419368,4207.381581679393
-3182.921607214831,4202.6340846690855
-3306.5226597406013,4212.570381764084
-3307.6237893783273,4214.110672008734
-3307.614108091268,4214.221595360329
-3312.654053832025,4214.620974216469
-3312.7960372127604,4212.942259450025
-3327.7872759885363,4214.1486468036655
-3327.4357242298506,4218.4495279521225
-3312.4444932535616,4217.240148513314
-3312.5733224758283,4215.619286609977
-3307.5334635344325,4215.21092994182
-3305.3444592935684,4242.551711476747
-3329.74526203564,4244.1042402515195
-3333.336848520114,4248.181560224753
-3332.6381785210274,4305.429887694531
-3332.5081107821616,4310.569181904472
-3331.999021132313,4312.79043091227
-3331.1795145117408,4314.619935688529
-3329.879168720751,4317.050790009235
-3327.2490624833604,4319.989725343993
-3325.217737159051,4321.181176451147
-3320.7573721587382,4323.222082870225
-3314.036928400749,4326.211662808871
-3312.478071773933,4326.972542759814
-3312.045764561084,4329.04299122982
-3311.516529355702,4330.650645836365
-3311.3181682754853,4332.151579123681
-3311.266960138143,4334.541773360798
-3311.337390585315,4335.664133255125
-3311.5163513629527,4338.064383268577
-3311.447077278063,4340.772488083906
-3311.068425122066,4343.684282910279
-3310.998137118277,4345.963643529974
-3311.1865806857763,4348.582857511756
-3311.5073787059414,4349.953992223417
-3311.8593937690016,4351.433171730681
-3312.327158355311,4354.225357420955
-3312.5487612637808,4354.484197383203
-3314.3366417162315,4356.996035925234
-3315.599370390682,4359.183988639276
-3317.76820693235,4362.176676842011
-3319.137314809389,4365.605610455379
-3320.1590125122757,4368.176236648221
-3320.7203980130125,4370.656623718301
-3321.029919548006,4373.364761433989
-3321.0287843590254,4376.606575559173
-3320.8791879873766,4379.376599754018
-3320.639434254949,4382.766066473143
-3319.120090611493,4387.507154974787
-3317.8098711181033,4390.636487222249
-3316.278117788002,4392.839423972127
-3315.157906278955,4394.349013014048
-3313.827653959389,4396.5328677591615
-3313.6297041407997,4396.859593641049
-3312.368456072522,4400.679542677886
-3311.689001949016,4403.289376261091
-3311.170228070409,4405.6585589002725
-3310.0494985400837,4408.659075901097
-3310.1978803115207,4409.35860470584
-3310.228886658835,4410.070063066802
-3310.109961853409,4410.710643580607
-3309.940682028657,4411.299134789429
-3309.9788583350432,4411.949645790239
-3310.178811499406,4412.550336092401
-3310.2194339197754,4413.098998824045
-3310.209585061926,4413.690538291758
-3310.0295435666226,4414.389952512371
-3309.6384877578434,4414.981458743019
-3309.5208486480155,4415.511013194387
-3309.7795701205887,4416.1127215381675
-3309.979586144214,4416.771269348446
-3309.9206120362333,4417.3597990459475
-3309.4684633568654,4417.94220633038
-3308.528266162432,4418.841263026644
-3308.040199146477,4419.210881963404
-3306.958866616936,4419.130601804272
-3306.4097593115157,4419.340193671144
-3305.7395437712494,4419.539867704636
-3305.107704203923,4419.579549278698
-3299.3695995626654,4435.023705074208
-3297.948983532603,4438.4527635145205
-3296.419261347884,4441.782828014454
-3295.527981545643,4443.532308333039
-3294.548987317691,4445.815443721002
-3293.459283206552,4449.025756897006
-3292.109921301133,4454.333513541882
-3282.809959888037,4501.389079302405
-3281.627212932318,4503.748956516247
-3279.768690272591,4504.620764899567
-3277.6191258892295,4504.610046586481
-3274.089267699965,4527.323779252374
-3293.2804172425454,4542.812488839119
-3298.7428129732566,4547.913726814905
-3301.411188968285,4552.074808495824
-3303.0631387314343,4555.513914366268
-3304.271319838149,4559.596380995577
-3304.7315322486234,4563.285056479925
-3304.83266889695,4569.077924010479
-3303.8119997471745,4573.865176697339
-3302.2617293475605,4577.777898666259
-3300.6924891726867,4581.267855550432
-3286.8302012677655,4603.370493028021
-3266.311174636252,4635.734478924653
-3266.1587537723676,4636.144217174544
-3267.691745163687,4636.955149144939
-3268.1024099551473,4638.523129189072
-3268.8201010754224,4639.44470732147
-3269.5901340106157,4641.885262525596
-3269.371252322746,4643.875784484205
-3269.1318687312105,4646.264019847968
-3269.2210791742996,4648.374652439886
-3269.222737703764,4650.556080438909
-3269.960138801237,4653.615101239328
-3269.8912332326013,4655.054133288368
-3271.6916667856676,4659.115852110503
-3272.03998401653,4660.6968786956695
-3271.9711430253983,4661.94797362702
-3271.372525955931,4663.31579792013
-3269.4409789682895,4664.1655376326025
-3267.9005154690235,4664.306957261925
-3267.8621381216094,4664.47572835214
-3264.6526929943525,4665.276049556813
-3265.0415136184038,4667.275758718947
-3265.749812444706,4667.707739216805
-3266.160765142749,4668.678190972959
-3266.26103762968,4670.046256244662
-3266.2606174022717,4671.266351204069
-3265.8515130283868,4671.9287785617025
-3266.4618922540844,4674.7789696646905
-3267.2104875344476,4676.707877505668
-3267.292374426176,4679.32705518008
-3268.1018459982556,4681.887528686296
-3267.880623895568,4683.6781423303255
-3266.9914233545887,4686.229052880479
-3267.280560548731,4689.008208151098
-3265.9527169588364,4691.349084655987
-3264.981156395117,4692.898633170195
-3262.4522030627127,4695.0082653724385
-3259.401195420607,4698.719673574404
-3257.8605103946957,4699.2807612114975
-3256.9410748874247,4699.119541781287
-3255.7112936033973,4698.87023261471
-3255.0616286382224,4698.58930101426
-3229.8706194972146,4729.1430226523735
-3227.260292528326,4727.145551388288
-3227.048258823408,4737.134478818615
-3226.8980472005496,4741.565315584068
-3196.176514596781,4795.628747598507
-3196.3670112733553,4799.62197797386
-3196.428927044831,4800.882095653397
-3196.537375288883,4806.132402616201
-3196.0779935324244,4807.041708154597
-3195.797262081299,4807.63315681895
-3195.727557391586,4808.273655953835
-3195.8772224758677,4808.871234878946
-3196.077137114478,4809.582750184324
-3195.896974141062,4810.443170435044
-3195.128320856467,4811.293317269842
-3194.237417196003,4812.084468189865
-3193.5777527602227,4812.8826798466125
-3192.2982113551357,4814.31422274695
-3191.7980087846076,4815.004553994924
-3190.7365658506487,4816.714086093334
-3190.3455545729967,4817.244547932158
-3189.457009621831,4818.192513925474
-3188.5864761639414,4818.722914384602
-3187.9858632443006,4818.922520470026
-3187.52670362198,4819.175243439227
-3186.7976955718414,4819.5446881078615
-3185.5265028421427,4820.625498473453
-3184.996474248703,4821.275918329807
-3184.437583475129,4821.984186047681
-3183.93632512653,4822.603592020136
-3183.437339536801,4823.385897617832
-3183.0366969572474,4824.134220016624
-3182.3866484326722,4825.0154312997
-3181.666152530549,4825.285922916142
-3181.0571091231595,4825.344673485133
-3179.807105022754,4824.715702291371
-3178.6466906044093,4824.3765476530225
-3177.5068617832676,4823.87350366031
-3176.854804650465,4823.556565241024
-3176.094857877277,4823.485385440634
-3175.3347001801494,4823.795865745452
-3174.51568968796,4824.365188940399
-3173.9077519489088,4824.845601943719
-3173.19562133849,4825.206075414959
-3171.8458384736573,4825.174700170293
-3171.1445452058124,4824.943634161949
-3170.5057114419083,4824.604654888226
-3169.9256605226224,4824.215718369913
-3169.555422635864,4823.775977275907
-3169.1659876459844,4823.076269961501
-3164.484950050899,4826.386351991309
-3164.4153318684757,4826.525286562478
-3164.0147432465783,4827.116795958402
-3163.68615771329,4827.646182421923
-3163.184811549382,4828.284642546215
-3162.683564236425,4828.876118435666
-3161.3645156571138,4829.655059454655
-3160.555354848203,4829.854597790033
-3159.5255123198476,4830.045184552521
-3158.434608992022,4830.13769257851
-3157.3641277077113,4830.057432999989
-3156.5550275790297,4829.825334646492
-3155.965384657793,4829.535252345815
-3155.215102438873,4829.147357394286
-3154.684159721883,4828.805422434468
-3153.243478994915,4827.917528817139
-3152.6538058328397,4827.467740005512
-3152.12520693988,4827.075729290516
-3151.482854890027,4826.566968231903
-3150.7135857379094,4825.784239637953
-3149.7538231647754,4824.194036210973
-3147.915958381909,4821.15261455169
-3113.9201095734206,4816.525561672771
-3107.7181176014838,4815.365380010391
-3075.2459672663836,4806.723852887408
-3068.4353667212426,4803.985585514352
-3062.4339673507257,4801.4264437636775
-3057.8544102851206,4798.405103411747
-2967.562981424373,4730.881150941931
-2957.1230360092864,4726.0622507573335
-2953.67199795572,4725.281695332982
-2948.881763669432,4724.589705651932
-2844.2249028886135,4712.990937559704
-2818.7778578868656,4710.173263037001
-2819.2873319322257,4706.183241478033
-2808.3776146907467,4708.491412994966
-2716.35710267084,4696.124310174009
-2640.6198595476662,4756.120615130575
-2461.403455333146,4743.193540361054
-2457.491217371827,4741.164919642359
-2456.1129162121083,4739.824562829811
-2447.721969200922,4733.164092099291
-2262.6179497617936,4588.605160230954
-2257.1787316205628,4584.462664398592
-2121.561102750989,4478.125509394985
-2121.0510807065248,4475.417365735426
-2134.3522126122534,4458.26440734122
-2136.752945944347,4455.14323719225
-2182.912889196749,4396.205251320707
-2191.5877143865378,4385.137220190904
-2191.3060411852775,4384.985129616535
-2189.3054968828756,4383.866522100431
-2149.7117981854417,4361.855067306925
-2142.7424511376253,4358.633722131039
-2143.1706697145455,4357.703410785482
-2120.299717810436,4344.954265039698
-2110.727021931935,4339.612883105984
-2110.587970032248,4339.542026641312
-2102.955750785005,4335.971722702929
-2103.2172835676074,4335.121475312112
-2103.017059964574,4335.013496812754
-2074.0878826970325,4318.732619075522
-2071.302128413143,4317.161180096177
-2063.941924715507,4313.6810451581605
-2064.1914585648474,4312.95049922403
-2041.7099701617278,4300.2606831234225
-2038.408725008956,4298.402249670482
-2033.88843363066,4295.84008891352
-2030.50766511497,4301.993005562456
-2023.5192009481218,4314.731528218099
-2020.5785154451717,4320.074039054501
-2016.5680135433931,4327.38507354696
-2012.1378283437687,4335.444477041157
-2011.6182327006682,4337.71467419206
-2011.277525150661,4339.184680572422
-2010.456655099899,4342.776956983602
-2008.4979339261708,4342.246846953671
-2006.4482428015328,4346.186706788586
-2004.3584653471682,4347.477284780961
-2001.8466152468905,4348.60806758647
-1998.9357449535992,4349.057046318029
-1984.3548720384763,4346.576687922861
-1930.8993334917973,4337.498194539988
-1932.0190379347825,4331.307772556853
-1929.2798720317385,4330.675571140533
-1928.5808510375266,4337.336719571578
-1873.5726826772702,4327.848443346739
-1874.3628120333328,4321.818853206521
-1871.8333515648949,4321.247759428607
-1870.9821273580512,4327.697003911257
-1864.9521260703884,4326.648596405743
-1865.204253738636,4324.906836770825
-1857.5918919715361,4323.399452885399
-1857.3013604304833,4325.14908578535
-1844.5102408586124,4323.187017590096
-1832.5544279193596,4396.131106766275
-1830.1299165028681,4410.917314665295
-1938.8736327497436,4427.065490859221
-1950.3980096371274,4531.80586357243
-1443.5273525410078,4595.744987750251
-1303.7904096047293,4625.959386084878
-753.721472369491,4744.91870253499
-750.8000145970494,4729.146614453677
-745.512307999023,4727.386431489256
-567.8661565047926,4806.717028769414
-571.3361398942134,4814.500868093768
-572.3971191567539,4814.029193814034
-574.3064723204096,4818.299393167441
-567.8437622147471,4821.1799092464935
-565.954685741571,4816.949813639332
-566.6356390254555,4816.450184831202
-563.2950657557036,4808.759425680096
-533.9518391901458,4821.8624553168465
-537.402647794442,4829.580144203335
-538.4420947580794,4829.121532711031
-540.3418187083826,4833.382746881676
-533.8335776814201,4836.29121481777
-533.5482611611649,4835.656661441401
-531.8822396502295,4831.922264357213
-532.7118020530833,4831.55252158642
-529.2309761628154,4823.972693203887
-509.620889975042,4832.721471120371
-505.2693804188977,4830.983418095953
-500.4989140392253,4820.331696728271
-493.8670218701938,4824.281620741956
-489.19770457867156,4826.373925462349
-486.3868920314075,4820.112101676778
-491.07657673403247,4818.011816301719
-491.4565602205756,4818.852266227905
-498.42754343643156,4815.731915397088
-498.3173393570882,4815.469954731648
-489.3479198245971,4795.447696353141
-482.5471120926462,4799.428543270092
-477.9939902749657,4801.470882423752
-475.2035259224431,4795.241084346782
-480.0047710042059,4793.090921993718
-480.4159228625313,4794.008283615743
-487.3174290707001,4790.93979346632
-480.2550413972333,4775.158597972857
-533.5564838581143,4689.510890613741
-628.1633990413845,4537.49900653002
-630.0241707009156,4534.03855379643
-629.0747792540984,4533.440962593034
-666.925712807344,4471.481272652835
-704.0494875742619,4440.669758245142
-704.9401704473851,4441.640134241247
-707.630493508026,4439.137998476615
-706.7397987513348,4438.327628089781
-743.1230234690333,4407.605093963334
-1053.1415919622466,4396.385452663384
-1054.9314641840817,4396.0127700546245
-1113.0199269596608,4383.914026754925
-1125.9907514416814,4387.941639674415
-1131.7908164286296,4386.682233881576
-1139.9899034385378,4374.611751882864
-1136.6793347463629,4359.818894080637
-1146.430823706913,4357.900396325047
-1143.650164801392,4342.536906359003
-1112.3766333358658,4349.139513945407
-1111.558234466962,4345.198226787299
-1110.8477564376906,4341.747543829451
-1122.527074092413,4339.237704687338
-1118.8973256772092,4316.896111944062
-1108.5785183089888,4319.13528153275
-1106.9155771040491,4310.824958995198
-1098.1446485895713,4312.2349637257585
-1086.2052751901585,4313.416774550165
-1073.8427882212477,4313.958030402727
-1018.967106893038,4312.416959374649
-958.3815064017182,4310.519005766986
-958.4019171492438,4309.249834391162
-953.3703708204948,4309.159448862269
-953.3523763021661,4310.379541391604
-927.6587934006535,4309.378653704217
-913.2572464296037,4309.140439873103
-898.6253442317246,4309.062231904461
-889.6159983525206,4309.172309575411
-889.6340576894505,4308.060051282582
-884.8146974303036,4308.299409830051
-884.7942328941214,4309.359596180859
-871.1633158848242,4310.251733892278
-854.440478295822,4312.141853094215
-830.2188262016131,4315.40246490211
-802.1752028170541,4319.504142060689
-763.6619931158052,4325.066054534453
-756.6630396733409,4326.2025925729895
-750.3798848750777,4327.224375210144
-739.1598027733992,4329.0482991141325
-729.4286535602149,4330.908262185693
-718.3476022206981,4334.4288418879805
-706.9762757510946,4338.107423668931
-691.5647000784778,4344.9584080724435
-678.9944547959768,4351.450006384509
-670.1226612273003,4357.140256640068
-659.903235940037,4364.423397289712
-649.5506580168643,4372.963742936976
-639.5109479128859,4383.1947564134625
-631.53104457069,4391.436318639452
-627.8335430455106,4395.974892539908
-626.7017146627516,4397.367886101913
-620.9803606530096,4404.947138707821
-615.4112990935207,4413.8075488641525
-610.1982974441362,4422.210312679264
-601.4890403101359,4435.689152766424
-562.967150990803,4497.978848328198
-540.563969104661,4533.521394846012
-533.5646482950295,4544.397308789676
-533.2853308274283,4544.8320222934835
-527.4741781655688,4554.325014233837
-522.6341655942261,4560.705130793162
-515.3833684443861,4569.825369109901
-509.8528044843058,4575.916865661818
-503.524025647199,4581.9272228415475
-502.9425554294095,4582.4488072211025
-514.1135839008468,4594.397975949277
-482.29228240335493,4645.435195226311
-480.57212006580113,4644.482853316487
-510.75211171165665,4595.919745737209
-500.3111054435213,4584.747007112337
-498.6014451447924,4586.23794460422
-489.6016439042881,4593.429361822238
-478.7413027056784,4601.100412011399
-465.82977951510713,4610.241253415061
-438.2983688010613,4629.143681262767
-453.0282331757621,4649.356091998071
-452.6204697564374,4652.145003475716
-443.47703981447273,4657.7365986785735
-431.21773685818187,4666.476905139286
-440.5881313817001,4679.329282136749
-467.86249822899197,4666.6174995904685
-468.81181871718945,4668.586197772732
-441.18857801844143,4681.649695102962
-382.59532922305135,4735.197362982547
-375.9927967413037,4725.854608201006
-373.76415255445335,4727.836139684708
-365.68233355922854,4717.486114664276
-363.70322603923785,4714.974823391161
-309.077870333727,4751.61105206852
-309.0082381070482,4755.998943207027
-317.0995084180972,4772.920336777095
-321.1104056651829,4778.411448577234
-321.3488605806736,4781.42134395127
-319.7903756389455,4785.433609840929
-317.82902681524865,4788.813021048848
-315.05849381613,4792.344531113971
-311.6490143360583,4795.862953185685
-306.20769863259596,4800.515517421447
-301.4782774130923,4803.7840160742935
-297.6277944207947,4806.494917931117
-294.0565014790331,4809.665597718569
-289.5382680824904,4813.926365257515
-285.65524040792496,4818.366113346618
-281.5552908304669,4822.168426427954
-276.75653784401686,4826.417221288663
-272.1770523979443,4830.958903613596
-268.6560599363516,4834.308454049034
-265.255084495714,4838.060717402368
-263.1547453490406,4840.011255183415
-271.4859549785369,4852.480682258184
-271.8371494058162,4852.079979139486
-272.9663736140371,4853.719873120281
-271.3263829056144,4854.7300382512585
-270.66588283312313,4852.761467286179
-260.68528541230734,4838.368332850947
-252.69537569604873,4843.3416683272035
-248.9647080092006,4845.710834924486
-244.7029692266079,4848.761610665329
-240.66423462478414,4852.212109614855
-236.3737030009416,4856.821649683046
-232.79171279137492,4860.570927668467
-229.69284609951643,4863.224018278794
-245.04615778003034,4884.724255950339
-228.1933302293972,4905.866868478297
-279.24877215445406,4946.641427262175
-282.1498411060893,4942.64834643873
-281.0698236117513,4941.419241027575
-287.3204832735691,4933.37703309719
-334.666600860373,4971.1998493086885
-316.64397718369935,4987.852522063145
-277.60057308347086,5024.138743140714
-233.61862878852793,5064.882827126911
-184.4127585198923,5110.149778051184
-132.5808960999715,5157.555384828371
-90.18733025818271,5196.858314181746
-40.51296986453982,5242.215994306955
-31.642384667096923,5250.307239058194
15.520060289569624,5292.722170751756
28.831857890134398,5304.6619060823
45.82473549327535,5320.301867528224
79.4471921677273,5351.2492985775625
153.83211609207262,5419.288211000592
203.50654824296416,5464.923902619587
236.64850372744675,5495.296304112677
247.45929209963242,5505.208679144966
282.2335369226264,5536.991213674163
317.6152652451123,5569.147677394476
342.0880245489633,5591.480755323048
380.2705725007431,5626.462602824082
435.85434075816386,5677.230135772252
439.8952029122429,5675.6224799608935
443.3257522959421,5674.340495633522
444.4142191808066,5673.939932673533
443.94444588189396,5672.559807750416
