33.66744997313782,130.21008408621162
33.66744716185707,130.21008883283343
33.66745005407677,130.21009758773357
33.66745010803612,130.21010766463712
33.66744900007137,130.2101117250761
33.66744791908627,130.2101198306657
33.66744397286112,130.21012255471214
33.66744116158037,130.2101252787587
33.667433306002295,130.2101300523601
33.6674304947216,130.2101320884252
33.66742433256695,130.21013752302838
33.6674300000945,130.2101428659006
33.6674289191094,130.21014761342167
33.667426107828646,130.2101523348624
33.6674238649195,130.2101550580096
33.667415440969876,130.21015916970998
33.66740810789793,130.21016055826317
33.66740194574328,130.21016600455755
33.6674014412236,130.21017814540517
33.66740316162668,130.21018282727573
33.6673992792534,130.2101929698298
33.6673993332127,130.21020308720279
33.667393162064855,130.21020785990493
33.667389775218,130.21020988337943
33.66738302670535,130.21021063611204
33.6673768285778,130.2102106612931
33.667372892245226,130.21021002637167
33.667365495321405,130.21020267171593
33.66735933316676,130.21020406026923
33.667360468111156,130.2102087808106
33.667359972584734,130.21021955918536
33.667358306140954,130.21022294423358
33.66735380233615,130.21022702985363
33.667347613201855,130.21022975390008
33.66734086468921,130.2102318286361
33.667338639766456,130.21023319110895
33.667331332774836,130.2102399998762
33.66732735957004,130.2102373279904
33.66732397272324,130.2102313097272
33.66732394574353,130.21022861176107
33.66731774761604,130.21022929974242
33.667315531686484,130.2102326982805
33.66731386524276,130.21024014286832
33.66730938661897,130.2102441889183
33.66730374786971,130.21024761263732
33.66729758571506,130.21025102466513
33.66729308101094,130.21025511028517
33.66729200002584,130.21026053229775
33.66728638735697,130.21026461701854
33.667267161650216,130.21025260657257
33.667260531848115,130.2102789486147
33.66726563999737,130.2102816079099
33.667268468365194,130.21028697776183
33.667269080803464,130.21029372177793
33.66726682890106,130.21029844411794
33.66726349511424,130.21030386523125
33.667259558781666,130.2103065892777
33.66725449469925,130.21030929983442
33.667252278769695,130.21031405994597
33.66725680235959,130.2103167192413
33.667268694095014,130.21032538330985
33.667268694095014,130.2103260569021
33.66727210792152,130.21033411212966
33.66727213490117,130.21033749717776
33.66727216188082,130.21034289221075
33.66726938657297,130.21035033679868
33.66726941355262,130.21035705563372
33.66727055928891,130.2103604146015
33.66727230577237,130.21036780792804
33.667268945905164,130.2103725554491
33.66726333323629,130.21038069970962
33.66725830602604,130.2103854472307
33.66725494615889,130.21038883317817
33.667249305610994,130.2103882234378
33.667245333305516,130.21038486357065
33.66723855871254,130.21038358023804
33.667239720636644,130.21039097266532
33.66723582927017,130.21039841815252
33.667227945813124,130.21040050637828
33.667226279369345,130.2104038914265
33.667222360123844,130.21040661457369
33.667215054031544,130.21041070019373
33.66721110780645,130.21041274974868
33.66720719755415,130.21041683536873
33.66719769441812,130.21043172544387
33.667196081034376,130.21044658943856
33.66719677531097,130.2104674707972
33.667205333259574,130.21048693932084
33.6672143867346,130.21049427958735
33.66723244062467,130.2104995586078
33.667252053939194,130.21047717268345
33.667262693818316,130.21046291842902
33.66726722460277,130.21046761289006
33.66726949539094,130.2104729701515
33.66727630595682,130.21047900100518
33.667284225386766,130.21048635476154
33.667286532147784,130.21049172461346
33.66729274826179,130.21049977984103
33.66729335980074,130.21050447520145
33.667291667276686,130.21050786024966
33.667280441039566,130.21051671857174
33.667282198314865,130.2105254725726
33.66727438680357,130.21054306061387
33.66728174775449,130.21054905279664
33.667282360192814,130.21055444872889
33.66728013527006,130.21056119274488
33.667281279207714,130.21056591418562
33.66728022520226,130.21057466908576
33.66727689231476,130.21058345006622
33.66727235973167,130.21058416322865
33.66726727856212,130.21058219191468
33.66725663958232,130.21059236144833
33.667265666977016,130.21059367086127
33.667265666977016,130.21059702982916
33.667264585991916,130.21060241227156
33.667260666746415,130.21060581080962
33.667259585761315,130.2106179768382
33.667261864643365,130.21062130972575
33.6672584948837,130.21062538275532
33.667255135016546,130.2106254223254
33.66725233272905,130.2106281059024
33.66725346767345,130.21063486430762
33.66725069416424,130.21063824935584
33.66724561299469,130.2106409734023
33.667242801713996,130.210641659585
33.66723097293112,130.21064243839783
33.667227586084266,130.21063978000188
33.66722989194602,130.21064717332843
33.66722766702327,130.21065325634277
33.66722482876287,130.21065461701698
33.66721977457297,130.21065533107878
33.66721580226749,130.21065131020987
33.66719002679832,130.210676446261
33.66714513533975,130.2107138391724
33.66714291941025,130.2107206101681
33.6671429463899,130.21072330723496
33.66714013510921,130.2107280286756
33.66713002672941,130.21073080398344
33.66712946825044,130.21073552542418
33.66712725232088,130.2107395849639
33.66712500041848,130.2107416336196
33.66712219813098,130.21074299609245
33.66711938685029,130.2107457201389
33.66711713494789,130.210747756204
33.66711208075799,130.2107498048597
33.66711438661969,130.21075788616758
33.667112721075284,130.21076396918193
33.66710825234401,130.21076871580362
33.66710261269549,130.21077077794905
33.66709244136314,130.2107661347494
33.66709361317976,130.21076949371718
33.66709253219466,130.21077827469765
33.667096053939815,130.21080518780923
33.66709327863197,130.2108139687897
33.66709216167396,130.21081802922868
33.667089387265435,130.21082411224302
33.667082054193486,130.2108261995695
33.66707922492634,130.2108201426355
33.66706741412992,130.21082496839767
33.66706186531286,130.2108405059846
33.66705972132911,130.2108587163567
33.66705925188302,130.2108755507661
33.66706102714471,130.21089442303924
33.667067333190914,130.2109118941686
33.66707302679879,130.21092128399016
33.667076413645646,130.21092464295793
33.667084333075536,130.21092661517116
33.66708546801999,130.21092994805872
33.66708663983661,130.21093802936662
33.66709794611336,130.21094333266876
33.667100224995465,130.21095005240306
33.66710813543216,130.210951361816
33.66711097279324,130.21095469470345
33.66711155915118,130.21095805367133
33.667109972747085,130.2109644748307
33.66711613490173,130.21097352830577
33.667117278839385,130.2109775878455
33.66711733279874,130.210977782099
33.667130828924655,130.21098150529235
33.667132559220306,130.21098622583372
33.667132586199955,130.21099094727447
33.66713149532228,130.21099769129046
33.66713205380131,130.21099902678372
33.667135494607464,130.21100642011027
33.667133802083356,130.21100977997742
33.667128774873106,130.2110172497463
33.667133918995205,130.21102933933264
33.667133945974854,130.2110333853825
33.66713227863181,130.21103674435028
33.667128891784955,130.21103946839685
33.66712727930053,130.21105230891703
33.667127333259884,130.21106038932555
33.66712394641303,130.21106041540588
33.66711889222313,130.21106114115878
33.66711546760479,130.2110591437645
33.66710925239016,130.21105513638554
33.66710536012431,130.21106121939977
33.66710027895476,130.21106124458083
33.66709066700071,130.21105730195302
33.66709453228691,130.21104177695645
33.66708833326004,130.21104247662902
33.66708494641318,130.21104250270935
33.667080973208385,130.21103647185578
33.66707700000359,130.21103111459433
33.66707358617714,130.21102508374065
33.667075829086286,130.21102302159522
33.66706510826816,130.21101839188532
33.66706344092512,130.21102447489966
33.667051613041565,130.21102321674812
33.667034161697245,130.2110280542014
33.667036999957645,130.21103345013364
33.667037026937294,130.21103883257615
33.66703369404979,130.2110489751302
33.667026973416114,130.21105438365294
33.66703325158335,130.21106917030602
33.667036080850494,130.21107116680093
33.66703555924374,130.21107724981528
33.667033864920995,130.21107927418916
33.6670434678818,130.2110825809964
33.66704630614214,130.21108391738892
33.667047441086595,130.21108661535504
33.66704802744454,130.21108997432293
33.66704582860217,130.21110211427117
33.66704363965232,130.21111221815443
33.6670413868506,130.21111494220088
33.667035224695894,130.2111170043463
33.66703069391144,130.21111635503587
33.667021081058124,130.2111137479012
33.667018305750275,130.21111983091555
33.66701608082752,130.211122554962
33.66701158601592,130.21112527900846
33.667003721444644,130.21112871621733
33.6669906938655,130.2111186896758
33.666987891578,130.21112075182134
33.666982278909074,130.21112549934242
33.6669721624354,130.2111309726164
33.666969918626876,130.211132996091
33.666966558759725,130.21113505823644
33.6669598021532,130.2111371077914
33.666956414407025,130.21113713387172
33.6669530806202,130.21114594003313
33.666944639583505,130.21115072622513
33.66694182920213,130.21115208779872
33.66693677501223,130.2111534763519
33.6669311623433,130.21115688658108
33.666926108153405,130.2111609731005
33.666918775081456,130.21115832729504
33.66691930568146,130.21115092137802
33.66690746790539,130.21115572016038
33.66690300007343,130.21116180317472
33.666900197785935,130.21116452722117
33.66689233321466,130.21116661544704
33.666886666586436,130.21116328076084
33.66688382922541,130.21116128426593
33.66688099995821,130.21115724990727
33.66687966716296,130.2111549161665
33.66687822465042,130.21116267191985
33.666865829294636,130.21116477273608
33.66686922513469,130.2111694680965
33.666870946437086,130.2111728270644
33.666863667324435,130.21118097312342
33.66685916172099,130.2111870822181
33.66685413541006,130.2111925033314
33.666851333122565,130.21119522737786
33.666844586408615,130.21119661503178
33.666840640183466,130.21119666719255
33.666837828902715,130.2112007258329
33.666833333191846,130.21120007832099
33.66682991936534,130.2111967193532
33.66682669439649,130.21119444856504
33.6668293869667,130.21120077799355
33.666828305981596,130.21121158244864
33.666826081058844,130.2112169783809
33.666823865129345,130.2112203634291
33.6668182515611,130.21122444904915
33.666816026638344,130.21122985667262
33.66681208131257,130.21123258071907
33.66680702712267,130.21123600533747
33.66679858608592,130.21123605659875
33.66679349502385,130.21123474718593
33.6667867213302,130.21123211397094
33.66679358585537,130.2112495851003
33.666794774759126,130.21126102537607
33.66679255882957,130.2112670823101
33.6667891620902,130.21126713357137
33.6667841079003,130.2112691957169
33.66678074803315,130.21127394323798
33.6667779727253,130.21127933917023
33.66677069361265,130.21128747084015
33.66676844081093,130.2112901948866
33.66676564032207,130.21129155556093
33.66676058613217,130.21129228311247
33.6667560544484,130.21129433176804
33.66675269368193,130.21129569424102
33.6667436941662,130.21129914404037
33.66673974794105,130.2113005316943
33.66673638717458,130.21130457774416
33.66673077540503,130.21130732787094
33.66672399991273,130.2113060310486
33.666719468228905,130.2113033591628
33.6667088292491,130.21131355387752
33.66671561283533,130.21131619968298
33.66671338701326,130.21132024573285
33.66671058562508,130.2113249941532
33.6667089191813,130.21132703021829
33.66671005412576,130.21133038918617
33.66671344097256,130.21133172467944
33.666721360402505,130.2113336959933
33.66672191888148,130.2113363552886
33.666721387382154,130.21134041482833
33.66671916156008,130.21134447526742
33.666712973325104,130.21134924796945
33.66671016204441,130.21135061044242
33.66670735975691,130.21135197111664
33.66670397291006,130.2113493001301
33.66669999970526,130.21134530534164
33.66669377459806,130.21134060998122
33.66668810796983,130.211338637768
33.666684694143385,130.21133328140593
33.666684667163736,130.21132386460476
33.66668741369324,130.2113157464246
33.666690802338735,130.21131369597038
33.66669241392384,130.21130221792305
33.66669016202144,130.21130221792305
33.666687919112235,130.21130294367595
33.66668510783154,130.21130294367595
33.666678333238565,130.21130163426312
33.66667605435646,130.21129763857527
33.66666813492651,130.2112923091928
33.66666666723296,130.2112905582128
33.66666358615561,130.21128693934088
33.666661333353886,130.211283580373
33.66665619822504,130.21127552514542
33.66665280238499,130.211270829785
33.66665113504189,130.21127355383146
33.66664774819509,130.2112735799118
33.66663982876514,130.21126958512332
33.66663586455354,130.211265576845
33.666630775290116,130.2112615820564
33.66662849460937,130.21125888498966
33.66661838712889,130.21126503185576
33.66662405375712,130.21126972811555
33.666622387313396,130.21127444865692
33.66661674766482,130.21127516181934
33.666607775128796,130.21128060991225
33.66660441436227,130.2112880536008
33.66660725172335,130.21129141436734
33.666608413647396,130.21129678332
33.666603945815496,130.21130289241466
33.66659946809102,130.21131165990528
33.66660063990764,130.2113143578714
33.6665989725646,130.21131910539248
33.666595585717744,130.2113218033586
33.66658994606922,130.21131849475285
33.6665748023853,130.21133344957912
33.66657541392425,130.21134083031518
33.666582864807424,130.2113616604123
33.666582864807424,130.21136639444364
33.666581801808775,130.21137516193426
33.666580135364995,130.2113805578665
33.6665739462307,130.21138396899505
33.666571721307946,130.2113866930415
33.666568359642156,130.21139143966332
33.66656161292815,130.21139350180874
33.66654974817237,130.21138819670796
33.666545864899774,130.21140102463767
33.66655264039207,130.21140299595152
33.666556054218574,130.21140839188388
33.666554973233474,130.21141444881778
33.6665578016013,130.21141644621207
33.66655953189695,130.21142518762235
33.6665567206162,130.2114279116688
33.66655225188498,130.21143199728886
33.66654664011543,130.21143810638353
33.66654386480758,130.21144486388937
33.66654782901912,130.2114475231847
33.666556306028724,130.21145352795804
33.66655966679525,130.21145014290983
33.6665585588305,130.2114541889597
33.66656030621323,130.21146092128458
33.66655638696773,130.2114696887752
33.666561531989146,130.21147978006786
33.6665677211235,130.21147769094273
33.66657505419545,130.21147900125493
33.66657338685235,130.21148236112208
33.666576747618876,130.21148099864922
33.666589134880724,130.2114788852424
33.666592558599746,130.21148627766968
33.66658305366502,130.21149983135217
33.66657574757272,130.21150730202044
33.6665712788415,130.2115100260669
33.666565640092244,130.21151007822755
33.66656169386715,130.21151007822755
33.66654649532455,130.21151358018767
33.66655555869215,130.21152092135355
33.66654882906528,130.2115283920217
33.66654886503812,130.21153377356484
33.666552829249724,130.21153710825104
33.666551161906625,130.21154588833213
33.66654725165438,130.21154861237858
33.666537720639326,130.2115567827194
33.666542252323154,130.21156080358833
33.66654508069098,130.21156277580155
33.66654566704892,130.21156613476933
33.66654513465028,130.21157289227517
33.66653666663393,130.21157364500777
33.66652605373446,130.21159055765816
33.66652830563686,130.21159053157783
33.666533973164405,130.21159252897212
33.666536252046456,130.21159722433254
33.66653572144645,130.21160530474106
33.66654363997708,130.21160727605502
33.66654591885913,130.21161333298903
33.66654244118075,130.21162603141624
33.66653980167058,130.2116268605912
33.66653816220645,130.21163966333984
33.66653763970038,130.21164505837282
33.66653766668003,130.21164977981357
33.6665337213542,130.21165182936852
33.66652808080636,130.2116498571553
33.666523559015104,130.21164652426774
33.66652697284155,130.21165525308754
33.66652194563136,130.2116593387076
33.6665185587845,130.21166138826254
33.66651519801803,130.21166274983614
33.66651525197733,130.21167150473627
33.666523693913405,130.21167347605012
33.66652655915345,130.21167749691904
33.66652769409785,130.2116808558868
33.66652827865721,130.21168557732756
33.6665288919948,130.21169296975484
33.66652722465176,130.21169635480294
33.66652725163141,130.21170241173695
33.6665340271237,130.2117064200154
33.66653349472506,130.21171180335705
33.666534081083,130.21171383942226
33.6665318651535,130.2117219459111
33.66653189213315,130.21172866384677
33.66652738742903,130.2117286899272
33.66651613511158,130.21173350219942
33.66652066679541,130.21173683508698
33.666524080621855,130.21174221842875
33.666521891672005,130.2117536955767
33.66651574840313,130.21176180296493
33.666527053780555,130.2117684696392
33.66652930568296,130.21177114062573
33.66653046760706,130.21177383859185
33.66652941360161,130.2117873284226
33.66652716169921,130.2117893635883
33.66652436031103,130.21179341143682
33.666532305821306,130.21180077778376
33.6665295323121,130.2118068607981
33.66652330630558,130.21180622587667
33.66651713515773,130.21180763871166
33.666517198110284,130.21182111505243
33.6665166666109,130.21182919636044
33.66651389220243,130.21183461657438
33.66650772105453,130.21183936409545
33.66650491876703,130.21184075174938
33.66650153192023,130.2118407778297
33.66649872063948,130.21184619984228
33.66649708117541,130.21185224418582
33.666494829273006,130.21185364532948
33.66648977508311,130.21185905295295
33.66648641431664,130.21186041542592
33.66648022518228,130.21186180307984
33.66647516199919,130.21186591388084
33.66646389169529,130.21186396864732
33.666457693567736,130.21186469529948
33.66645149544024,130.21186538328084
33.66644636031134,130.21185330718447
33.66644125216209,130.21184325636125
33.666434467676595,130.2118426070507
33.66642994588534,130.21184063573685
33.66642261281339,130.21183800342124
33.666416359827224,130.21183130976715
33.666407360311496,130.21183202292957
33.66639889229509,130.21182739321966
33.66639149537127,130.21181936407243
33.66638300037522,130.21180795077635
33.666379585649395,130.21180530497088
33.666380693614144,130.21180124543116
33.66638516234542,130.21179447533484
33.66638816158445,130.21177557698138
33.66637941387887,130.21177564173252
33.6663692524391,130.21177236100573
33.6663664141787,130.2117696630396
33.6663652792343,130.2117649676792
33.6663590541271,130.21175961131712
33.66636127904985,130.21175418930443
33.66636355883122,130.21175141399658
33.666350387360524,130.211725304879
33.66633622483698,130.21171194634928
33.66632153171338,130.21170260688984
33.666297775222176,130.21169000019347
33.66627922490636,130.2116928267626
33.66626346788479,130.2116996634088
33.66624889167309,130.21171258127072
33.666230945701614,130.21173160822718
33.66621082876679,130.2117641124239
33.666182413787396,130.21182294427354
33.66616966679675,130.21186077785273
33.6661689185608,130.21192883314916
33.666170414133376,130.2119962256454
33.66617013534352,130.21204678283277
33.666168639770945,130.21208383939768
33.66616480236377,130.21210477291697
33.66616491927567,130.21212160822574
33.66616427895838,130.21212442310366
33.66617113538962,130.2121276390793
33.666179080899894,130.21213632922831
33.666176864970396,130.21214105066906
33.666176891950045,130.2121471336833
33.666172441205276,130.21216130969674
33.66618035973585,130.2121653053846
33.66618319799625,130.21216999984563
33.66618435992035,130.21217335881352
33.66618494627829,130.21217739317217
33.66618722516034,130.21218007764855
33.66618722516034,130.21218547268143
33.6661844408593,130.21218885862902
33.666177721124996,130.2121949677237
33.66617602680225,130.2121970037888
33.6661686937303,130.21219569437585
33.66616530598412,130.2121950576559
33.66616591932177,130.21220450143664
33.66616989162725,130.21220717332244
33.66616880164895,130.21221189386392
33.666167693684145,130.2122159399138
33.666155333401946,130.2122247730549
33.66616833310212,130.2122300781557
33.666171162369324,130.21223208814047
33.66617286478595,130.21223544710824
33.66617291874525,130.21224216594328
33.66617516165445,130.2122448639094
33.66617464004764,130.21225228331627
33.6661729727046,130.21225430589152
33.66617074778185,130.21225836633062
33.66616738701538,130.21226243756155
33.66615894597862,130.21226788565446
33.66615672105587,130.2122726070952
33.66615561309112,130.2122760047339
33.666142748289246,130.21229430593758
33.66615405366667,130.21229891136568
33.66615577496907,130.21230228292404
33.66615861322947,130.21230697828446
33.66615864020912,130.21231033725235
33.66615864020912,130.21231438420148
33.66615697286608,130.2123184437412
33.666156999845725,130.2123218287894
33.6661542254372,130.2123272238224
33.66615253201377,130.21233060976988
33.66615486485517,130.21234138814464
33.66616158638817,130.2123366154425
33.6661666666584,130.21233588789096
33.66617286478595,130.21233719820316
33.6661751346748,130.21234189356358
33.6661740536897,130.21234933905077
33.6661729727046,130.2123553833943
33.666176414410074,130.21236749726222
33.66617530644527,130.2123708949009
33.666173640001546,130.21237494185016
33.666160107902726,130.2123749679305
33.666160107902726,130.21237569368338
33.66615619765048,130.21238313917058
33.6661500274019,130.21238319133124
33.66614774762053,130.21238319133124
33.6661404136492,130.2123825806916
33.66614158636514,130.21238730213236
33.666140494588205,130.21239472063996
33.6661365861346,130.21239946816104
33.66613263990945,130.21239949424137
33.66612025174828,130.21240094664643
33.666116279442804,130.21240097272675
33.6661123601973,130.2124050583468
33.66610508108465,130.21241050643982
33.6660977480127,130.21241121870287
33.66609008129228,130.21240442342548
33.66607966714298,130.2124032561054
33.66607346811611,130.2124019457932
33.66606610806451,130.2123999996603
33.66605991893016,130.2123973277745
33.666050864555814,130.2123926980646
33.66603786485564,130.2123867193717
33.66603053178369,130.21238341076582
33.66602035955202,130.21238011744856
33.666013027379336,130.21237747074372
33.66600569430739,130.21237752290438
33.666000080739195,130.2123809466234
33.66598830591562,130.2123925029117
33.665979945817924,130.21240669331428
33.665970386923846,130.2124108041154
33.665964161816646,130.21240883280143
33.665954558855844,130.21240352770076
33.66594889222762,130.21239749684707
33.66592974835925,130.21238761329778
33.66592910804195,130.21238822303815
33.6659251618168,130.2123889110195
33.665915612815354,130.21239438429348
33.665911666590205,130.21239642035857
33.66590433261888,130.21239377365384
33.66589644106796,130.2123925029117
33.66589194625635,130.21239185539991
33.66588741367326,130.21239255507237
33.66588122543823,130.21239260723314
33.665875612769355,130.21239399488707
33.66587110806523,130.21239538344025
33.665864918930936,130.2123967827854
33.665862080670536,130.21239610919315
33.665858135344706,130.21239749684707
33.66585027886731,130.21239958507283
33.66584802696491,130.21239961115316
33.66584010843428,130.21239693926736
33.665837279167135,130.21239294357952
33.665838387131885,130.21238785971207
33.665827694192785,130.21239435821315
33.66582205364489,130.21239442296428
33.66581755883334,130.2123944490446
33.66580797295961,130.21239450120538
33.665799531922914,130.2123952530386
33.66579500023914,130.21239457764773
33.665790494635644,130.21239596620092
33.665782639956944,130.21239941600027
33.66577700030837,130.2124008036542
33.66576689192857,130.21240425435292
33.66576294570342,130.2124056159265
33.6657550541525,130.21240769066242
33.665742774809246,130.21241622612797
33.66574389176725,130.21242260681788
33.66574502671165,130.212425304784
33.66573997342107,130.21242868983222
33.665737135160725,130.21242939040405
33.66573433287323,130.21242941558512
33.66572925170368,130.21242744517053
33.66572361295442,130.21242680934984
33.665709495396925,130.21242422829562
33.66570497270635,130.2124181713616
33.66570213534533,130.21241549857643
33.66569261332347,130.21242635519218
33.66569038660214,130.21242975373025
33.66569038660214,130.21243311269802
33.66568477483253,130.21243586282492
33.66568194556538,130.21243588800587
33.66567855871858,130.21243588800587
33.66567405401446,130.2124372756598
33.665663360175984,130.212439389966
33.665660558787806,130.2124373925717
33.66565655860336,130.21242933914277
33.665657108089135,130.21242593970544
33.66565819806743,130.2124205581623
33.66566044097664,130.21241852119783
33.665654251842284,130.2124212452443
33.66565144056159,130.21242061032297
33.665646918770335,130.212419973603
33.66562999982466,130.21241671895643
33.66562605359957,130.21241608313574
33.66561644074619,130.2124141118219
33.66560066663749,130.21241491581577
33.66558997279907,130.2124163547311
33.66557364021139,130.212419169609
33.66556182941497,130.2124212839152
33.665549999732775,130.21242472112408
33.665538748314646,130.2124295333963
33.6655297478996,130.21243430609843
33.66552302726592,130.21243907880046
33.66550455878843,130.21246011664118
33.66549833278191,130.21246016880184
33.665476495443954,130.21245286630676
33.665470135438454,130.2124556416146
33.66546227896106,130.2124583917414
33.66546002705866,130.2124597802947
33.665453828931106,130.2124604673768
33.665451891791406,130.21245878114792
33.66544372055131,130.2124686377175
33.66543080179014,130.2124754986454
33.66541733264381,130.21248503235847
33.66541002655151,130.21248910538793
33.665398224748344,130.2124959402355
33.665374053669666,130.2125062257818
33.66535325235077,130.21251649783812
33.66533919774582,130.21252199719243
33.6653189459127,130.21253024577425
33.66530038660363,130.21253847007438
33.665294774834024,130.2125418937934
33.66528522493326,130.21254868997016
33.66527964014335,130.21255817062308
33.66527013520863,130.2125703627321
33.665258333405404,130.21257313893932
33.66525777492643,130.21257652398742
33.66525553201723,130.21257856005252
33.6652487754107,130.2125826330821
33.66524377518016,130.21259077824186
33.66524208085741,130.21259416329008
33.66523927856991,130.21259620025455
33.665230279054185,130.21259827499046
33.66522349456869,130.2125943062823
33.66522127863914,130.21260374826443
33.66522641376804,130.21261177741167
33.66522194593608,130.21261924807993
33.66521858606893,130.21262128414503
33.66521180158344,130.21262199730734
33.66520674829286,130.21262542192574
33.66520113472461,130.2126301694468
33.665197198392036,130.21263019462788
33.665192108229235,130.21262756231226
33.66519205426994,130.2126187813318
33.665185359716645,130.21262625199995
33.665179197562,130.2126357200625
33.66517694565954,130.2126370816361
33.665174135278164,130.21263778220793
33.66516397293907,130.21263649797606
33.66515833329049,130.2126358882357
33.66515669382642,130.21264263315106
33.66515222509514,130.2126473932626
33.6651432516598,130.21265486393088
33.66513986481294,130.21265691258645
33.66512753240977,130.21266508382666
33.665116279193,130.212671245082
33.66511066742339,130.21267666709457
33.66510616181995,130.21268007822312
33.6650988647209,130.21268282655126
33.66509794561375,130.21268299562382
33.66504727870898,130.21273238728986
33.66500419758569,130.21278594011915
33.66495672057624,130.21286583678898
33.66490261286532,130.21293871604894
33.66490416239725,130.21294236100118
33.664905306334845,130.2129463935613
33.664904225349744,130.21295111500206
33.66490255890602,130.21295719801628
33.66489919813955,130.21296128363645
33.66489244063371,130.21296469476488
33.664886252398674,130.21296542231642
33.66487730594298,130.2129755765617
33.664876775342975,130.21298299596856
33.664875107999876,130.2129877174093
33.664873440656834,130.212991115048
33.664871775112374,130.21299852096502
33.66487180209202,130.2130025814041
33.66487182907173,130.2130059403719
33.66486849528491,130.21301202338623
33.6648662523757,130.21301608292595
33.664855559436546,130.21301955880563
33.6648516401911,130.21302024588772
33.66484377472045,130.2130263549824
33.664844918658105,130.21302771655598
33.66484830640428,130.2130303632607
33.66484949530803,130.21304250320907
33.664846693919856,130.21304452668357
33.66484333315333,130.21304927420465
33.66483997328618,130.21305199735184
33.66483661341903,130.21305406039664
33.66483097287113,130.21305474657936
33.664830414392156,130.21305949410043
33.664829333407056,130.21306489003268
33.664825999620234,130.21307299562227
33.66482208127411,130.2130790786366
33.66481589213976,130.21308319123636
33.66480300035823,130.21309472144435
33.664794586301184,130.21310289178507
33.664787279309564,130.21310564191185
33.66477946779827,130.21312119298875
33.66477894619146,130.21312525342773
33.66477727884842,130.21313267193534
33.66477561330396,130.21313805437774
33.664771134680166,130.21314213999779
33.66478533317661,130.2131615824411
33.664789828887535,130.21315749682105
33.66479658639338,130.2131540856925
33.664800494846986,130.21315405961218
33.66480277462841,130.21315807958172
33.664805612888756,130.213157393399
33.66481010770036,130.2131560048458
33.66481741379266,130.21315527909292
33.66481969357403,130.21315594009457
33.66482308132021,130.2131592738815
33.664824801723285,130.21316330734078
33.66483105381013,130.21317538343726
33.664832224727434,130.21318077757087
33.66483110776949,130.21318549901162
33.66482833336096,130.2131909210242
33.664823828656836,130.21319296967988
33.66482102726866,130.21319296967988
33.664822747671735,130.21319836561213
33.664820494870014,130.21320175066035
33.664815440680115,130.21320583717966
33.66480927942473,130.2132112843733
33.664803108276885,130.21321399493002
33.66479802710734,130.21321405968115
33.664789559090934,130.21321141387568
33.664787279309564,130.21320871590956
33.66478389156339,130.2132047211211
33.66478161268134,130.21319866418708
33.66477874834061,130.2131919462514
33.664777586416506,130.21318655031905
33.66477649463957,130.2131926333334
33.66477255920631,130.21319603097209
33.66476469373566,130.21319946818096
33.664758531581015,130.21320289189998
33.66475399989724,130.2132049423543
33.66475461323489,130.21320761334073
33.66475630575894,130.21321299578324
33.66475633273859,130.21321705622222
33.66476197328649,130.21321566766903
33.664764801654314,130.21322238740333
33.66476941427709,130.21323649776627
33.66476830631234,130.21324391717314
33.66476269364347,130.2132466412196
33.66475877529729,130.21324868987517
33.664752559183285,130.21324671856132
33.66475033336127,130.21325077810104
33.66474472069234,130.21325555080307
33.66473627875632,130.21325693935637
33.6647272252813,130.2132523087471
33.66472436004125,130.2132442544189
33.664725468006,130.21324019487918
33.66472710836939,130.21323411186484
33.66472544102635,130.2132334499638
33.664728225327394,130.2132293904241
33.66472313516459,130.21322605663727
33.66472030589745,130.21322338475147
33.6647163596723,130.2132227237497
33.664714667148246,130.21322274983015
33.664707387136275,130.21323089498992
33.6647045857481,130.2132336064459
33.66469894609952,130.2132349940997
33.66469389190962,130.2132383917384
33.664687162282746,130.21324114096592
33.6646798292108,130.21324389109282
33.66468435999525,130.21324588758773
33.6646894681445,130.21325192023994
33.664692306404845,130.2132586120954
33.66468841413905,130.2132660566832
33.6646844679139,130.2132688068101
33.6646771618216,130.21327085636494
33.66467610781615,130.2132850323784
33.66467163998425,130.21328841832587
33.66466600033567,130.21329182855516
33.66465810788543,130.21329258128765
33.664651918751076,130.21329194636633
33.66465246823685,130.21328788592723
33.664648495032054,130.2132852266319
33.664644000220505,130.2132879767588
33.664638973010256,130.21329272427988
33.664645225097104,130.21330211410134
33.66464863982293,130.2133101693289
33.664648108323604,130.21331622626292
33.66464589239405,130.21332027231279
33.66464363959233,130.21332435793283
33.66464027882586,130.21332705589896
33.664635775021054,130.21332844355288
33.664630720831155,130.2133305056983
33.66462172131543,130.21333260741392
33.66461727866454,130.21334678342737
33.66463249519353,130.21334868999008
33.66463310763186,130.21335610939695
33.664629774744355,130.21336555137918
33.664623639569356,130.21337435843998
33.66461972122323,130.21338114112677
33.66461127928716,130.21338185518857
33.66460505417996,130.2133771975997
33.66459325237673,130.21338133627967
33.66460005394936,130.21338936362827
33.66460005394936,130.2133927243948
33.664598386606315,130.21339678303514
33.66459505371881,130.21340286604948
33.66459055890721,130.21340693907905
33.664588306105486,130.21340763875162
33.66458216193729,130.21341577222017
33.664579946007734,130.21342185523451
33.664571558930334,130.21343136196788
33.66456477534416,130.2134327496218
33.66455746835254,130.21343213988143
33.664551774744666,130.21342744542028
33.664544558584566,130.21344233459615
33.664541197818096,130.21344775570947
33.66453672099294,130.21345250323054
33.66453222528202,130.21345389088447
33.66452827905687,130.21345457796644
33.664529973379615,130.21345724985224
33.66452774755754,130.21346199737332
33.66452382921142,130.213467419386
33.66452046844489,130.21347147892573
33.66451316235259,130.21347355366163
33.66450753169727,130.2134742803139
33.664500197726,130.2134729700016
33.66448897328752,130.2134811412417
33.664489585725846,130.2134885597493
33.66448677534447,130.2134939691714
33.66448172115457,130.21349669321785
33.66447216226055,130.21349744505108
33.6644698923717,130.2134974711314
33.66447330619815,130.2135035019851
33.6644722252131,130.2135089114072
33.664466585564526,130.213511633655
33.66445872099325,130.2135143837819
33.664455360226725,130.21351644592733
33.6644547747681,130.2135137479612
33.66444974755785,130.21352389141452
33.66444135958113,130.21353406004891
33.66443802669363,130.21354083014523
33.66443297340305,130.21354691315958
33.66442963961623,130.21355775628547
33.66442346756901,130.21355844426682
33.66441727933403,130.2135598571018
33.66441502743163,130.2135612186754
33.66440997324173,130.21356461721336
33.66440830589863,130.2135686641626
33.66439841425546,130.21357021998972
33.66439761295953,130.21357347643482
33.66439649510221,130.21357888495766
33.66439427917271,130.2135815820244
33.66438416179966,130.2135856937249
33.66437355879276,130.2136033069471
33.66436794612389,130.21360941604178
33.664362864954285,130.21360674415598
33.66435833327051,130.21360544733363
33.66435441402501,130.2136081713801
33.66434877527581,130.21360888544177
33.66434199978352,130.21360622614645
33.664337495079394,130.21360491583425
33.66433074836539,130.21361102492892
33.66433194626234,130.2136204408307
33.664330278919294,130.21362719833655
33.6643274676386,130.2136312839566
33.66432016244562,130.21363399541258
33.66430613482032,130.21364557688196
33.66430674815797,130.2136529702085
33.664304532228414,130.21365905322284
33.664301161569426,130.2136617772693
33.66429666675782,130.21366452739608
33.66429444093575,130.21366992242906
33.664296162238145,130.2136746168901
33.66429619821105,130.21367866383935
33.66429058644144,130.21368208755837
33.66428605385835,130.21368144004646
33.66428041420983,130.2136801432241
33.66427533304022,130.2136788329119
33.66427646798468,130.2136828663713
33.66427482941987,130.21369027228832
33.66427261259105,130.21369702979416
33.66426589195743,130.2137038385614
33.6642495863494,130.21370866432346
33.66424677506865,130.21371341094527
33.664243999760856,130.21371680858397
33.664256440982,130.21372747094608
33.6642581622844,130.21373286597907
33.6642581982573,130.21373622584622
33.664254829396896,130.2137429698622
33.66425261256808,130.21374569390866
33.66425316205385,130.2137483918749
33.664251558562626,130.21376053182314
33.664244251571006,130.21376530542454
33.6642397477662,130.21376466870458
33.66423297317323,130.21376269829
33.66422741356433,130.2137789112678
33.66422913486673,130.21378224415525
33.66422633257923,130.21378766526857
33.66421846800796,130.21378907900282
33.66421335985871,130.21378710768897
33.66415702722509,130.21387814516038
33.66415472136333,130.21387983138914
33.66415138667719,130.21388727597707
33.66415027871244,130.2138906610253
33.66414636036632,130.21389674403952
33.66414241414117,130.21389744461146
33.664136225006814,130.21389616127885
33.66411372127129,130.2139071078268
33.66411374825094,130.2139111412862
33.66410366685079,130.2139192999358
33.66410082859039,130.21391999960838
33.664094640355415,130.21392138816157
33.66409182907472,130.213923450307
33.6640884952879,130.21392885882983
33.66408061273012,130.21393160805735
33.66407210784155,130.2139262777756
33.6640698289595,130.21391752287548
33.66405805413592,130.2139290791638
33.66406202734072,130.21393175104959
33.6640648287289,130.21393442293538
33.6640659996462,130.21393980537778
33.66406489168145,130.21394452681852
33.66405927901258,130.21394861243857
33.66405480218742,130.21395269805862
33.66405255927822,130.21395405963221
33.664047532068025,130.2139615051194
33.66404869399207,130.21396891103643
33.66404366678182,130.21397769111763
33.6640414139801,130.21397839168947
33.6640363597902,130.21398247730951
33.66403133258001,130.21398722393133
33.6640296400559,130.2139906098788
33.664025747790106,130.21399669289315
33.66402238702358,130.21400347557994
33.66401358625808,130.21400702970072
33.66401397296653,130.2140089110825
33.66401399994618,130.2140149680164
33.66401122463839,130.21402105103073
33.66401010768038,130.21402444866942
33.664005027410155,130.21402516183184
33.66400280158808,130.21402649822437
33.66398758595835,130.21403007842548
33.6640000541592,130.2140380032513
33.663998919214805,130.21404136221918
33.66399669429205,130.21404408626563
33.66399219768181,130.21404747131385
33.663980946263734,130.21404891112843
33.663975332695486,130.21405230876712
33.66397136039001,130.21404966296166
33.66397025242526,130.214053721602
33.66397141434936,130.21405775596077
33.66397141434936,130.21406111492854
33.66396977488523,130.21406988331853
33.66396866692048,130.21407258128465
33.663965864632985,130.2140766669047
33.66396172055698,130.21408294417256
33.66396197326651,130.21408477339367
33.66395755939391,130.2140982749155
33.66395472113351,130.21409897458807
33.66393838674719,130.2141011149746
33.663932828936936,130.21411194640928
33.663938467686194,130.2141132558222
33.663938532437385,130.214122671724
33.66393858639668,130.21413683514686
33.663936413634644,130.21415099856983
33.66393589202784,130.21415839189638
33.66393141430336,130.2141665235663
33.663921305923566,130.2141692997734
33.66391800001571,130.2141848382597
33.66391130636174,130.214198365862
33.66391308072417,130.21421316510555
33.66390746805524,130.21421791172736
33.663905225146095,130.2142186122992
33.66390072134129,130.21421797737787
33.663895080793395,130.21422138760704
33.66389230638487,130.21422544714676
33.66388497331292,130.21422616120844
33.663883919307466,130.21423763925566
33.663888495058075,130.21425038894438
33.663893613099845,130.2142597796652
33.663892532114744,130.21426383920493
33.66388810834957,130.21428072577498
33.66387910793452,130.2142854993764
33.66387972127217,130.21429561585
33.663876386586026,130.21429900089822
33.663876972944024,130.21430505783223
33.663875305600925,130.21430978017224
33.663870252310346,130.2143131913008
33.66385391882335,130.2143166932608
33.663850639895145,130.2143308557844
33.66385344128332,130.21433150509495
33.663856865002344,130.214336199556
33.6638579999468,130.21433955942314
33.663857468447475,130.21434360637238
33.66385522463895,130.2143463286202
33.6638518287989,130.21434769109317
33.6638507478138,130.21435308702542
33.663853026695904,130.2143584703672
33.663854197613205,130.21436386540017
33.663856495381026,130.21437328130196
33.6638537209725,130.21437868982468
33.6638486667826,130.21438275026378
33.66384472055745,130.21438413701833
33.66383966726687,130.21438756163673
33.66383461307697,130.21438958511135
33.6638300813932,130.21438827479915
33.66382613516805,130.2143869779767
33.66382955888707,130.2143963938786
33.66382455865653,130.2144058628404
33.66381780204995,130.2144112839536
33.6638138917977,130.21441535698318
33.6638116398953,130.21441739304828
33.66380264037963,130.2144181448815
33.663791918662184,130.21441686064964
33.66378846796346,130.21441466900183
33.66379138716286,130.2144222439914
33.66379086465673,130.21442697802263
33.66378974769873,130.21443238744484
33.66378133274236,130.21443717273735
33.6637785322535,130.21444055778557
33.66377463998771,130.21445136224065
33.663773585982256,130.21446416319066
33.663773612961904,130.21447022012467
33.663768585751654,130.21447700371084
33.66376241370449,130.21447975383762
33.66376244068414,130.21448583685196
33.66376189209768,130.21449119321403
33.663759694154635,130.2144973023087
33.66375746833256,130.21450538271733
33.66375808077089,130.21451214022318
33.66374455856459,130.21451557743205
33.663740080840114,130.21451900115107
33.663732162309486,130.214514331871
33.66372938700164,130.21452311285145
33.66372997335964,130.21452849529385
33.66372835997589,130.21453795076593
33.66372727899079,130.2145467191558
33.66371602667334,130.21455082995692
33.66371208134751,130.2145535800837
33.66370816210207,130.21455630413016
33.66370310791217,130.2145583662757
33.663697441283944,130.21455705596338
33.66369922463957,130.21457252879918
33.663696441237846,130.21457727632026
33.66369308137064,130.21458000036682
33.66368972060417,130.21458269833295
33.66367849526637,130.21459557662467
33.66367402743447,130.21459900124296
33.66367008120932,130.21460238719044
33.66366672134217,130.2146037739451
33.66366505399907,130.21460849538585
33.663662892028924,130.21462399520124
33.66366008074817,130.21462605734678
33.66365558593657,130.21462878139323
33.66364774834494,130.21463691306315
33.663641026812,130.2146443837314
33.663634306178324,130.21465452718473
33.66363219816748,130.21465666667189
33.66362613493823,130.21466980486764
33.66361766692182,130.214679389842
33.663599640011455,130.21467972798712
33.66359074841438,130.2146893390418
33.66358180195863,130.2146948896575
33.663570531654784,130.21469697788325
33.6635637750482,130.2146979122789
33.663558306270886,130.21471016913904
33.66354819789109,130.21471358026758
33.66353755891129,130.21470972757197
33.663527332720264,130.21470586318515
33.663523918893816,130.21470403396404
33.663517693786616,130.21471089489194
33.6635094407082,130.21471697790628
33.66349816231042,130.21471800313338
33.66348916189537,130.21471869021548
33.66347838711795,130.2147243055823
33.663475054230446,130.21472785970298
33.6634672247327,130.21473258114372
33.6634578016363,130.21473761285063
33.66344997303787,130.214741802792
33.66344480193612,130.21474325609643
33.663434162057,130.21473994838993
33.66343189216815,130.21473727560488
33.66342233327413,130.2147504146999
33.66341222489433,130.21475328083932
33.66340282877758,130.21475885933398
33.66339386523475,130.21476442343942
33.663383918732904,130.21477944211767
33.66336991898663,130.214829610798
33.663359973384104,130.21489992159422
33.663354829262005,130.21493832714214
33.663345198422235,130.2149776131264
33.66333749482959,130.21502713429493
33.66333355939628,130.215070362907
33.663334919171234,130.21508922169028
33.663336135054635,130.21509513563205
33.66334058579946,130.21509102483094
33.66334841439783,130.21508630428957
33.66335744089321,130.215086135217
33.66336358596078,130.2150892477706
33.663374440777886,130.21509255457784
33.66338005434608,130.21509031076926
33.66339072120485,130.21509413738454
33.66340269387928,130.21509664109715
33.66341102699732,130.21509513563205
33.663428721158596,130.215103722359
33.66343777463362,130.2151054220776
33.663447278669025,130.21510795097117
33.663457494967474,130.21511263284185
33.663472892260245,130.21511691271542
33.663481306317294,130.21512163415616
33.663492198006566,130.21512736733416
33.66349955895754,130.21513749729775
33.66350761328579,130.21515002575313
33.66350513475419,130.21516841778828
33.66351425208114,130.21517552513046
33.66352122542429,130.21519024613303
33.66352366708361,130.21520450128673
33.66351922533204,130.21520997366144
33.66352327857652,130.21522878118333
33.663524197683614,130.21524683507346
33.663518693832714,130.21525719796136
33.66351353172416,130.2152599741686
33.663516747699816,130.21527936355187
33.66351235990754,130.21529022016762
33.66350274795349,130.21529713415543
33.66350008056429,130.21530069996743
33.663501559049735,130.21532683516534
33.66349766678394,130.21534038884795
33.66349849505957,130.2153525287962
33.66349297322216,130.21536072611673
33.66348964033466,130.21536430631772
33.66348455916511,130.21537247665856
33.663481441215595,130.21539411164895
33.66347374841479,130.21540963664552
33.66347044070835,130.21541508383916
33.66346961333204,130.21543802914175
33.66346644142317,130.21545374839184
33.663460468126175,130.21546330728586
33.66345941412072,130.21547005220123
33.66346074781529,130.21548622560886
33.66345689242172,130.21550114086506
33.663453251966075,130.2155160309402
33.66345272136607,130.21552736689455
33.66344677504867,130.21553961116422
33.663443918801875,130.21554452685848
33.66344399974082,130.21554992189147
33.66344266694557,130.21557072590838
33.66344182877742,130.2155923087381
33.6634374140055,130.21560050605854
33.663436865419044,130.21560941564212
33.663432531586125,130.215622970224
33.663428224732854,130.21563841787872
33.66342905390775,130.21565000024736
33.6634218017748,130.21566552524382
33.663416252058425,130.21567182859212
33.663411946104475,130.21568810632107
33.66340197262298,130.21570230931422
33.6633970542307,130.2157059137969
33.663396386933755,130.2157059137969
33.663392865188655,130.21572944186028
33.66338410759056,130.2157498312897
33.66337849492163,130.2157526326779
33.66337689232978,130.2157669777639
33.663364252358406,130.21578474656883
33.66335010782126,130.21579175138822
33.663347613101905,130.21580717296274
33.66334319832998,130.2158134502306
33.66333589223768,130.21582571968133
33.66333216184984,130.2158344494004
33.66332899983354,130.21585066057958
33.663321747700536,130.21586564238555
33.66331580228251,130.2158765502627
33.66331858568424,130.21588269802817
33.66331530585671,130.21588949420482
33.66330427926914,130.2159099483855
33.663302720744014,130.2159105059651
33.66329900024874,130.21593756206892
33.66329689223784,130.21594783412536
33.66329135960859,130.21595603144578
33.66328241405222,130.21596213964108
33.663290359562495,130.2159673925812
33.66329161321744,130.21597680938225
33.66329064015099,130.21598761293808
33.66328622537907,130.2159952526788
33.66328366680784,130.21600664079392
33.663285306271916,130.2160106355824
33.66328772095159,130.21602355434356
33.663286279338365,130.21603491637836
33.66328236009292,130.2160465886792
33.66328033302102,130.21606280165702
33.66327830594912,130.21608172519154
33.663276134985665,130.21608905286757
33.66327808111862,130.21609791208903
33.66327086495852,130.21611557657263
33.66327322477957,130.21612416329958
33.66327174809277,130.21613175087964
33.66326394557467,130.2161391702865
33.663255000018296,130.21614555097642
33.663277054092816,130.216157833917
33.663283864658695,130.21616119288478
33.66329582923919,130.21616289170413
33.663312865096714,130.21617011685748
33.663320801613736,130.21617455321314
33.66333486521194,130.21618105081495
33.66334061277911,130.21618849540278
33.66334633336663,130.21619513599683
33.663349640173806,130.21619022030245
33.663364053608234,130.21620561579664
33.663372440685635,130.2162094936732
33.6633815319322,130.21621258104585
33.66339022477911,130.21622267233852
33.6634043063637,130.21622832727553
33.66341069424817,130.21623577186347
33.663422225355475,130.21625447506403
33.6634324947139,130.216264254292
33.66344102658218,130.21627758764066
33.66344905393072,130.21628958459667
33.66346005443802,130.2163015302915
33.66347089216799,130.21632019482115
33.6634638918452,130.2163373278055
33.66345605425357,130.21634204924624
33.663449694248015,130.21633810571905
33.66343738702585,130.21634508355885
33.66342674804605,130.21634394321848
33.66342486486565,130.2163372495645
33.66341441384418,130.21634822309204
33.66339980165958,130.2163519966474
33.663397467918855,130.21634527871174
33.66338553211665,130.2163481970117
33.66337144063954,130.21634036301737
33.66335905427701,130.21634114093092
33.663354558566084,130.2163420231659
33.663342135331334,130.216340895416
33.66333086502743,130.21634243775338
33.66332058577649,130.2163318554309
33.663311468449535,130.21632391711512
33.66329833295174,130.21632011658016
33.663288053700796,130.21631141384069
33.66328338711867,130.2162988071443
33.66327838688812,130.21629486361712
33.66326480172927,130.21629294356455
33.66325461330979,130.21628771670487
33.663246612940895,130.21628114086207
33.663250918894846,130.21631693927543
33.66325553241694,130.21632413744908
33.663260865396694,130.2163361613848
33.663259225033244,130.2163478076053
33.66325661340204,130.2163559401746
33.66326227913095,130.2163585212288
33.66326466683097,130.21636983110284
33.66326708061132,130.21638058429664
33.663271694133414,130.21638805406553
33.66327627887722,130.21639389066559
33.66327753163284,130.2164041366417
33.663283774726494,130.21641533140246
33.663287945782145,130.2164246951436
33.66328636027737,130.216440920712
33.663290945920494,130.21644758828563
33.66328727938446,130.21645980467633
33.663289026767245,130.21647272433677
33.663288053700796,130.21648542186483
33.66328544117022,130.216493554434
33.66328266676169,130.21650574564376
33.663276108006016,130.21652016897065
33.66327244057072,130.21653372175388
33.66326697269267,130.2165473024162
33.66326261277942,130.21655817072303
33.6632541348705,130.21656642020423
33.66324925155175,130.21657111466527
33.66323735981638,130.21657671924027
33.663219305926305,130.21657516161451
33.663206747793254,130.21656457839265
33.66319269408763,130.21655999994414
33.66318574772413,130.21654664141442
33.66317425169041,130.21652795080433
33.663165531863854,130.21651730193196
33.663153080750135,130.21651566786386
33.663145801637484,130.2165103888434
33.66313227943118,130.2165111928373
33.66312125194429,130.21653027195453
33.66311016240411,130.21654477262325
33.66310741407597,130.2165588587044
33.663095918941565,130.21657605733924
33.663090891731315,130.21658747063532
33.66308933320619,130.21659021986284
33.66308644098649,130.21659374790318
33.66308425203664,130.2165983920022
33.663074972831794,130.21661286569122
33.66306538695807,130.2166229956548
33.66306319800822,130.21662710825456
33.663053774911816,130.21663267236
33.66304980170702,130.2166381447347
33.663030864682696,130.21664085619068
33.66303525157565,130.21664596613846
33.663033801868494,130.21665678318402
33.66302533295283,130.21666422777196
33.663025135101975,130.21666666673332
33.66302397317787,130.2166817771424
33.663018441447946,130.21668997356346
33.66302074820902,130.2166939692513
33.66302316198937,130.2167074186125
33.66302446780497,130.21672033737377
33.66302230583477,130.21672846994295
33.66302691935687,130.21673513571795
33.66302927917792,130.2167437224449
33.66302541389177,130.216759441695
33.66302002695272,130.21677897496977
33.6630134412174,130.21679258081303
33.663010864659725,130.21680286635922
33.663008747655624,130.21681425357497
33.663005973247095,130.21682455261111
33.663003829263346,130.2168340341634
33.66300341377655,130.2168372762194
33.66301244117125,130.2168371080462
33.66301964024427,130.21683644614518
33.66302533295283,130.2168395847791
33.663030999581,130.21684216583333
33.663037802053,130.21684474688766
33.6630430810734,130.2168508299019
33.663045413914745,130.21685756222678
33.6630493871196,130.2168674448767
33.66304797338529,130.2168804409796
33.66305202662977,130.2168965496361
33.66304769369617,130.2169106608983
33.663044440848296,130.21692233499778
33.66304349476155,130.21693499385492
33.66303791896485,130.21693861182757
33.66303353207189,130.21694949362427
33.66303138718882,130.2169576127037
33.66302700029587,130.2169676914059
33.66302546785113,130.21697175094562
33.66301877509642,130.21697727638025
33.66301655916692,130.21697946802806
33.6630099734316,130.21699364494077
33.66300900036515,130.21700713387224
33.66300569355798,130.21701258106577
33.663000107868754,130.21701756241066
33.66299838656636,130.21702350243277
33.66299241416863,130.21703172493426
33.662985721413975,130.21703805436277
33.6629907207452,130.2170411929967
33.662990414076376,130.21705333294506
33.66298491921867,130.21706369583296
33.66297991898813,130.21707780799454
33.66297391871143,130.21708413742306
33.66296830604256,130.2170869127309
33.662966054140156,130.2170874972902
33.66295405358676,130.21708313917554
33.66295177470471,130.21708182886334
33.66294169420388,130.21708741904922
33.66293333320681,130.21708538298412
33.66292916215116,130.21707819740095
33.66292191901141,130.2170742799541
33.66292016173611,130.2170797280471
33.662923667293455,130.21708907919776
33.66291880196121,130.21709591404522
33.662918999812064,130.2171107519597
33.66291236011739,130.21712165983683
33.66290955872921,130.21713169896884
33.66290625192204,130.21713797713596
33.66289802672259,130.2171467437273
33.66289691875784,130.21714810620017
33.66289286461404,130.21714953342428
33.66289710761549,130.217162411716
33.662894306227315,130.21717325574127
33.662893198262566,130.21717461731475
33.66288994631401,130.2171841366387
33.66288500004276,130.21718744524446
33.66288277512001,130.217188301399
33.66287953216471,130.21719780813237
33.662875612919265,130.2172105578211
33.66287077456667,130.2172200780442
33.66286741380014,130.2172215052683
33.66286744077979,130.2172241888453
33.66286013468749,130.21723377381966
33.662854531911194,130.2172365886977
33.662848919242265,130.21723802941165
33.66285346801317,130.21724063564693
33.66285433316102,130.2172554465817
33.66284574823277,130.21725561565415
33.662834495016,130.21725664088137
33.6628243056972,130.21725466866803
33.66281977491275,130.21725383859382
33.6628198918246,130.21726230930824
33.66281725231437,130.2172663940289
33.66281210819227,130.21727053180962
33.66280541363898,130.21727605724436
33.66280225162268,130.21729228281265
33.6627973332304,130.21729697817307
33.66279510830765,130.217298365827
33.66279222508115,130.2173024379572
33.6627907483944,130.21731138801022
33.66278344140272,130.21732094690424
33.662777864706754,130.217325109866
33.66277291933483,130.21732844365283
33.66278210770815,130.21734041542788
33.66277999969731,130.2173507000748
33.66277936027933,130.21735474702405
33.66278238739733,130.21736143977864
33.662782441356626,130.2173673932906
33.662781495269826,130.21738089481255
33.6627809188044,130.21738763882854
33.66277938725898,130.21739116686888
33.66277605437148,130.21739583704834
33.6627795320498,130.21740330681723
33.662778918712206,130.21740739333654
33.662777864706754,130.21741277577905
33.66277530613553,130.2174241629948
33.662773693651104,130.2174403885631
33.66276664026827,130.21745211392397
33.66276216164448,130.2174548901312
33.66275589157118,130.21745769062
33.66274308072866,130.21746197139294
33.66274010756996,130.21745985708685
33.66273616224413,130.21745130993008
33.662739801800456,130.21743641985495
33.66273702739193,130.21743160758274
33.66273805441773,130.21742214041956
33.66273791862011,130.2174113620448
33.66274053204995,130.21740403436877
33.66273374756446,130.21740333289756
33.66272869427388,130.2173966932029
33.662722999766686,130.2173913881021
33.66271605430251,130.21737802867312
33.66271194619941,130.21737405996498
33.66270066690231,130.2173756157921
33.662692721392034,130.21737036285208
33.66268816182924,130.21736775571742
33.66268555919123,130.21737399521373
33.66268602683874,130.21737722377986
33.66268122535831,130.21738758756715
33.662681333276964,130.2173983659419
33.662679639853536,130.21740647243087
33.66267594633791,130.21741600524456
33.662671946153466,130.21742199742732
33.66266853232696,130.21741802871907
33.662676081236214,130.2174281451928
33.66267619814806,130.21743674361085
33.66267227890262,130.21744708221718
33.662668972994766,130.2174538909843
33.662664532142514,130.21745802876512
33.66265897343294,130.2174640596187
33.66265516210609,130.21746763892043
33.66266019830954,130.2174729440212
33.66265697334069,130.21748513613022
33.662653278925745,130.2174951878527
33.66264880210059,130.21749929955308
33.66264249515507,130.2174994155656
33.66264777507479,130.21750552466028
33.66264491882799,130.2175115303329
33.66264458607884,130.21752041473542
33.66263838705197,130.21752997362944
33.66263166731767,130.21753333259733
33.66262941361657,130.21753338475799
33.662618198171344,130.2175390010242
33.662622387213446,130.21754916965847
33.66262138716735,130.21755917011967
33.66261805427985,130.21756408581393
33.662615198032995,130.21756871642322
33.66261769365167,130.21758703021737
33.662616639646274,130.2175916077665
33.66261182917265,130.21760386462677
33.662607891940695,130.21761282727027
33.66260077470605,130.21762105067103
33.66259294610762,130.21762713368537
33.662587775005875,130.2176293900843
33.662579973387096,130.21763491641832
33.66257213489615,130.21764046703402
33.66255977461395,130.21764335925366
33.66255408100608,130.21763808023331
33.66254791885143,130.21763333271224
33.662544864753784,130.217624772965
33.662538775444204,130.2176235283033
33.66253141359391,130.21763041531153
33.66252089242528,130.21763600459803
33.66252041398599,130.21765355396838
33.662519386960184,130.21765949399048
33.66251619796424,130.21767438406562
33.66251130565229,130.21768121891319
33.66250733334681,130.21768749708042
33.66249802716226,130.21770036278156
33.66249174809576,130.2177031650691
33.66248458589496,130.21770732803088
33.662479000205735,130.21771230937566
33.66246777486799,130.21771708207768
33.66245649467152,130.21771542192926
33.66244630625209,130.21771289213632
33.6624384947408,130.21771897515066
33.66242958605659,130.21772858620534
33.66242666685724,130.21772997385926
33.66242108116802,130.21773277614682
33.662416721254715,130.21774447542725
33.662411891895374,130.21775396867076
33.66240897269597,130.2177559139044
33.6624001080786,130.21776905299942
33.6624013329552,130.21777574575412
33.66238791866755,130.21778411214711
33.662375026886025,130.21778299608843
33.66236861292123,130.21777635459512
33.66236855896187,130.21777150455137
33.66235299979115,130.2177893390068
33.66234622519818,130.21778810603632
33.66233155905428,130.21778836594035
33.66231582901236,130.2177926979747
33.66230441391764,130.21778347632642
33.66229755928498,130.2177763042331
33.66229838666129,130.2177862777146
33.662285440920414,130.21779730160426
33.662273080638215,130.2178015823772
33.662260721255336,130.21780450067718
33.66224122485272,130.21781510997937
33.66222880161797,130.2178153312126
33.66221577493809,130.21781827469374
33.66220627899662,130.2178170821926
33.66218772058687,130.2178301169664
33.662180495433574,130.2178283659864
33.66217146803888,130.2178284945894
33.662164892196074,130.2178426724015
33.66216044055193,130.21784894876998
33.66214755866298,130.21786319133332
33.66214086500895,130.21786819695978
33.6621285317064,130.217875162209
33.66212246757789,130.21787717309314
33.66212189201178,130.21788391710913
33.662112531867876,130.2178935281638
33.6621006131528,130.21789724955852
33.662091135197784,130.21789741863108
33.66208444064449,130.21790158159274
33.66207777486949,130.2179098049936
33.66206697311236,130.21791189411863
33.66205408133084,130.21790888498708
33.66204166708934,130.21790778241825
33.662036360189916,130.21789978025072
33.66202858555084,130.2179093643258
33.662022559193815,130.21791405968622
33.662007946109895,130.21791647166788
33.66199436005172,130.2179126720323
33.66198346836245,130.21790883282642
33.6619619727669,130.21790435779997
33.66194827879008,130.21788693883127
33.66195033284163,130.21791130955933
33.66194816187823,130.2179167441625
33.66194416169378,130.21792221833573
33.66193989171268,130.21793930005867
33.661933198058705,130.21794669338522
33.66192872123355,130.2179494677938
33.661921693931106,130.21796391720113
33.661912775354324,130.21797216578284
33.66190105359078,130.2179904409062
33.66189725215651,130.21799189421063
33.66189210803441,130.21799680900563
33.66188505375226,130.21800827536163
33.66187044066834,130.21801258131563
33.66185289219726,130.21801641962213
33.661848053844665,130.21802461694256
33.661844107619515,130.21803466866504
33.66183405409839,130.21804238664686
33.661826224600645,130.2180471080876
33.66181789238186,130.2180472762609
33.66180930565497,130.2180460828605
33.661805640018315,130.2180590789634
33.66180008130874,130.2180651358974
33.66179166725169,130.2180782489121
33.661781666790546,130.218089753939
33.661764864756776,130.2180981446137
33.66176569393167,130.21811027197157
33.66176463992622,130.21811569398415
33.66176253191537,130.2181259660406
33.6617604409916,130.21814005212173
33.6617548921746,130.21814769096318
33.66174982899145,130.21815722377687
33.66174994590335,130.21816666665836
33.66174738733213,130.2181780538741
33.661746360306324,130.2181842798807
33.66174877498605,130.2181977166514
33.6617448287609,130.2182058878915
33.661744891713454,130.21820992225014
33.66174797279075,130.21822335902084
33.66174855914875,130.21823199700907
33.661748161648404,130.21823819693532
33.661755667390196,130.21825963677293
33.661747441291425,130.21826844383372
33.661742000393076,130.21828282669117
33.66174549515853,130.21829408620317
33.6617459996782,130.21829758816318
33.6617495322152,130.21830830088743
33.661753667297944,130.21831499364214
33.66174419833612,130.21833189370204
33.661748360398576,130.2183385603763
33.6617439726063,130.2183494160928
33.661736585575,130.2183517246524
33.66173002681933,130.21836936395505
33.661719612670026,130.21838358043794
33.6617077209346,130.21838999979866
33.66170338710168,130.218402217988
33.661706468179034,130.21841486425467
33.66170589171361,130.21842105069095
33.66170233309623,130.21844325585164
33.66170241403523,130.21845080386163
33.6617118650106,130.21844847012085
33.66172316229415,130.21844961136048
33.66173233268108,130.21846024584374
33.661738108127224,130.21847175087066
33.66173441371228,130.2184831389858
33.66174066669845,130.218494617033
33.66174372079615,130.21850455274296
33.66174661301585,130.2185180030035
33.661747532122945,130.2185376648814
33.6617516941854,130.2185618548458
33.661751386617254,130.21857399479404
33.66175038657116,130.21858347634645
33.661750441429774,130.2185880538956
33.66173719801333,130.21860933904986
33.66172938740135,130.21861678273842
33.661714829176105,130.21862377406796
33.66170916164856,130.21862389097987
33.661695080963284,130.21863221780268
33.661688225431305,130.21862641987343
33.6616809732983,130.21862386489954
33.66166638719409,130.21862868976234
33.66165319773694,130.21862165976188
33.66164636019141,130.21861503175842
33.66163116164887,130.21860858631726
33.66162427913724,130.2185992477572
33.661614107804894,130.21859863801683
33.66160661285494,130.2185933850767
33.66159974832976,130.2185867435834
33.66159027936794,130.21858639374716
33.66158058557562,130.21858791180273
33.66156880175885,130.21858274969418
33.66156491938557,130.21859683487605
33.661561612578396,130.21860364544193
33.66155561320102,130.21860994789085
33.6615493332352,130.2186141117519
33.661537802127896,130.21862836600633
33.6615315590343,130.21863386536063
33.661526693702,130.2186407002082
33.661518865103574,130.21864705571716
33.66151472102763,130.21864036296245
33.66150822522445,130.21866124522035
33.66150944110785,130.21866880672007
33.6615124412462,130.21867469458152
33.6615069463885,130.21868503228848
33.66149491885545,130.2187127502932
33.66149427943748,130.21871627833366
33.66148838707943,130.2187312187708
33.66148780162081,130.21873797717592
33.66148189217563,130.21875291761307
33.66147686496538,130.21876380030915
33.66147482890028,130.218782749924
33.661468801643935,130.21878688680545
33.66146502718931,130.21880907937555
33.66146055935741,130.21881319107592
33.66146180222046,130.2188207516764
33.66145802686651,130.21882674385915
33.66145589187596,130.21883569391218
33.661453107574914,130.21884841841984
33.66145208144843,130.21885516243583
33.66145516162646,130.21886591383088
33.66145580194376,130.21888019506503
33.661454414289835,130.21889505816046
33.66145791894786,130.2189044488813
33.66146522504016,130.21891241237802
33.661463775333004,130.21892241193984
33.66146322494791,130.21893133591243
33.661462829246204,130.2189367192542
33.66146235980011,130.21895158234975
33.661455360376635,130.21896788615913
33.66146046762651,130.2189799478664
33.66145897295331,130.2189845532946
33.661460278768914,130.21899800265578
33.661458495413285,130.21900155587718
33.66145819773766,130.21901289183154
33.66144872068196,130.21903005179547
33.66143974814594,130.21903425432743
33.66143305359259,130.21904033734177
33.661429494975266,130.2190619714329
33.66142066723006,130.2190750844477
33.661419080825965,130.21909263291877
33.66141638735644,130.21909406014288
33.661413441177444,130.21909274983057
33.66140849490614,130.2190955251384
33.66140197302269,130.21911319142066
33.66139574791549,130.21912138784182
33.66139322531717,130.21913411234948
33.66138763962795,130.21913771683228
33.66138019773797,130.2191378598244
33.66137244108535,130.219150142765
33.66136461338624,130.21915569427995
33.661363161880445,130.21916433226818
33.66136038657265,130.21917600456902
33.66135336016947,130.2191915052838
33.661352693771846,130.219192865958
33.66134713506227,130.21919968911448
33.66134008078018,130.21921197115557
33.66133008121835,130.21922241228458
33.661339278584876,130.21923627803187
33.661339305564525,130.21923977999188
33.661338801944225,130.21925247662057
33.66133391862547,130.2192587547878
33.661323973023,130.21927297037132
33.661314027420474,130.21929014292584
33.66130105380063,130.21929983132225
33.661295531963276,130.21930719766908
33.66128380210586,130.2193082228962
33.66128546765026,130.21931413683797
33.661293054331054,130.21932561578456
33.661289829362204,130.21933644631997
33.66129594565143,130.2193390273743
33.66129897276943,130.2193457201289
33.66129794574363,130.2193530217246
33.66129025204356,130.21937016909806
33.66128735982386,130.21937344982496
33.66127616236503,130.2193798565952
33.661272333051784,130.21937910476197
33.66126008068824,130.21939150461435
33.66125219813051,130.21939296960988
33.66123980187541,130.2193931908431
33.661231135108835,130.2193866150003
33.66121989178464,130.2193895333004
33.66121372063674,130.21938153023348
33.66120844071702,130.2193762521124
33.66120358617661,130.21938389095385
33.66119700044129,130.21939669280323
33.661187386688596,130.21940360589178
33.66118527867769,130.21941525301156
33.66118038726512,130.21942128386524
33.661180918764444,130.21942666720702
33.66117622520267,130.21944778238935
33.661176720729145,130.21945099926427
33.66118136033157,130.21946252857288
33.66118099970345,130.21946927438762
33.661183891923145,130.21948325614744
33.661182360377666,130.21948732827764
33.66118069393394,130.21949680893067
33.66117753191759,130.21951438438134
33.661171946228365,130.21951852126278
33.661162495252995,130.21952138830147
33.66116077484992,130.21952817098838
33.661161026660125,130.21954652435272
33.661158414129545,130.21955518842128
33.66115525211325,130.21957144007
33.66114966732334,130.21957505804255
33.6611443055653,130.21959674429434
33.661140306280174,130.21960219238736
33.66113482940892,130.21961364525362
33.66113844108622,130.21963192037686
33.66113741406048,130.21964055836509
33.661134198084824,130.21965274957483
33.661135413968225,130.21965949359083
33.661135531779394,130.21966839238246
33.66113519813092,130.21967566789783
33.661136387034674,130.2196810512396
33.66113425204412,130.21969000039326
33.66113482940892,130.21969997387475
33.66113053244817,130.21971758799634
33.661127386619626,130.2197351616485
33.6611202253182,130.2197406996736
33.66111800039545,130.2197420882269
33.66111064034385,130.2197484176554
33.66109722515688,130.2197581060518
33.661091532448324,130.219754163424
33.661085532171626,130.21976102525116
33.66107653175658,130.21976119342435
33.6610719191338,130.21975452675008
33.66106546829678,130.21974574576961
33.66106089164691,130.21973907909523
33.66104619762399,130.21973800260685
33.66103936007846,130.21973138809312
33.66103541385331,130.21972335894588
33.66102786494406,130.219714059956
33.66101602716799,130.2197061612104
33.66101589226969,130.2196967192283
33.66101325186014,130.21971972838287
33.66099433282227,130.21973841809358
33.66098705370962,130.21973313907313
33.66097582927114,130.21973791177527
33.66096846832022,130.21974481227335
33.66096063972179,130.21974900131545
33.66095019769352,130.21976214041047
33.66094461290362,130.21976683487162
33.66093508098925,130.2197804667952
33.66092961311119,130.21979352764924
33.66091516190522,130.2198099735515
33.660900225065404,130.21982238689372
33.6608962248809,130.2198270561738
33.660894161836154,130.2198419201685
33.66088866697845,130.21985416263954
33.66088433314553,130.21986639431873
33.66087997323223,130.2198786116087
33.66089364022935,130.2198886120699
33.660894865106,130.2198972239778
33.6608968651982,130.21991202322135
33.66089861258098,130.21992494198253
33.6608916671168,130.21994583683102
33.660891134718156,130.21995744528
33.66088758599335,130.21997827537712
33.6608866129269,130.2199918029794
33.6608838645987,130.22000477300196
33.66087833286883,130.2200135279021
33.66087502696098,130.2200197799889
33.66087177501248,130.22003063570537
33.66086627925546,130.2200401945994
33.66085738675906,130.22004977957374
33.66084794567621,130.2200531907023
33.66083597300178,130.22005208813346
33.660814224696765,130.22006192042136
33.66080627918649,130.22005747057585
33.660792694027634,130.22005555142266
33.66078155862209,130.2200646687495
33.66077582904131,130.22005936364883
33.66076791860462,130.2200581711478
33.660759386736345,130.2200615561959
33.66074694641452,130.22005775566095
33.660733387335995,130.22005608292193
33.66071941367005,130.22005632933622
33.66070805433327,130.22005169872693
33.66069474796427,130.22006758794885
33.660688441018806,130.22006958534314
33.66066769365921,130.22006941627058
33.66066655871475,130.22006999993062
33.660663440765234,130.22008891087455
33.660657802015976,130.22009038936005
33.660650360126056,130.22009050627196
33.66063827863371,130.22011447500313
33.66063272082346,130.22012133593103
33.66062497316403,130.22013143981417
33.66063380180856,130.22015233466254
33.66063210838513,130.2201604411515
33.660631081359384,130.22016856023095
33.66063000037428,130.2201712842774
33.66062672144608,130.22017944202764
33.660620053872435,130.22018763934818
33.66061172075439,130.2201891439139
33.66060386517631,130.22019116738852
33.66059749527824,130.22018805393566
33.660592945608016,130.22018408612678
33.660584494678744,130.22017749679412
33.66058366730243,130.22016455285188
33.66057074764194,130.22016075231693
33.660560613181815,130.22016041507118
33.660540999867294,130.22018019476025
33.660533828673294,130.2201838001423
33.66052310785517,130.22019211437464
33.6605081620221,130.22020586321003
33.66049577476025,130.22020744511758
33.6604946667955,130.22020880669118
33.66048064006952,130.22022308702594
33.66047127902635,130.2202313616881
33.660460586087254,130.22024046732372
33.660445413624984,130.22023586279488
33.66043994574693,130.22024891105843
33.66044299984463,130.2202758367605
33.66043930632895,130.22028805405057
33.660433865430605,130.22030352778563
33.66043053164378,130.22030763858675
33.66042386496946,130.22031396891464
33.660414387014384,130.22033302195143
33.66040735971194,130.22034664128455
33.66039505428836,130.22035549870736
33.660376027331836,130.22036664130746
33.660360333262815,130.22037311282895
33.66035019790337,130.22037518756497
33.66034497284227,130.22037204893093
33.66033319801875,130.22036741922113
33.660319585880245,130.22036172471394
33.66031046765403,130.22035513628055
33.66031200009877,130.22035158215988
33.660299693775926,130.22035936399357
33.6602892517476,130.2203716990947
33.66027808126847,130.22038053223582
33.66027294613963,130.22038333272474
33.66026413458218,130.2204010250873
33.660259225183154,130.22040380039516
33.66025869368383,130.2204167830082
33.66025772061738,130.22042810637208
33.660254531621376,130.22044247663905
33.66024786494705,130.2204512189487
33.66024227925783,130.22045483782063
33.660244252370376,130.22046830067166
33.66024146806933,130.22047832721307
33.66023327884278,130.22049061015355
33.660221027378554,130.22050297043575
33.66021546776966,130.22050983136364
33.66020374780476,130.2205283915721
33.66019141360289,130.22053319125382
33.66018536026621,130.22053547283383
33.660188918883534,130.22054888532284
33.66018827856624,130.2205529439633
33.66018463990923,130.22056705612476
33.660179558739685,130.22057522736486
33.660171775107415,130.22058481233933
33.66016182860557,130.22059983101747
33.66015474824309,130.22061075238435
33.66014474778194,130.22062119261398
33.66014149493412,130.220633384723
33.66013399998417,130.2206623869597
33.660130721055964,130.22067189369295
33.660123279166044,130.22070708236606
33.660112586226944,130.2207161996929
33.660096532429066,130.220731310102
33.6600864411364,130.22073608280402
33.660087801810676,130.22075358001382
33.66008610838725,130.22076306066674
33.660079531645124,130.22077802898286
33.6600753057308,130.2208005057388
33.66005872133297,130.22082508421033
33.66005827886653,130.2208264197036
33.660058531576,130.2208453045672
33.66005682915937,130.2208526331426
33.660047468116204,130.22086357969056
33.66004646807011,130.22087306124286
33.660045414064655,130.22087846976558
33.66003933284901,130.2208955766696
33.66004055862493,130.2209028270039
33.66003058604275,130.22091786007127
33.660021694445675,130.22092691264697
33.66001022539166,130.22094736682755
33.66000241388036,130.22095425383577
33.65999505382871,130.22096031076978
33.65997949465799,130.22097758764562
33.659977359667494,130.22098761328778
33.659967441044614,130.2210061348253
33.659961467747564,130.22101488972544
33.659959748243864,130.22102165982176
33.659957197766516,130.22103250294776
33.659946558786714,130.22104697843542
33.65993753229134,130.22104769069847
33.65992086515587,130.2210649675743
33.65990949502725,130.22106033696502
33.659906892389245,130.22106710796072
33.65990855883297,130.22107464338012
33.65990638697025,130.22108197105615
33.65990305408275,130.22108472118305
33.65989638740842,130.22109294368443
33.65989430637717,130.22110593978732
33.659887225115426,130.22111605716043
33.659878775085474,130.22112700370826
33.65987786497152,130.22114182903226
33.65988025177228,130.22115204892793
33.659882586412266,130.2211587551725
33.65988605419807,130.22116542184676
33.65988744095267,130.22118483820975
33.65988486529437,130.2211943062723
33.65986930612365,130.22121430629522
33.6598637483134,130.2212197795692
33.65985144109118,130.22122674391915
33.659831198251254,130.22123172526392
33.65981691881581,130.2212265892358
33.659802919069534,130.2212262780704
33.65979210831921,130.22122702990362
33.65977355890266,130.22122277611027
33.659764946095436,130.22121888474385
33.65975641422716,130.2212047474012
33.65974705408331,130.22123269833048
33.65974664039521,130.2212346165843
33.659741586205314,130.2212441368075
33.65973336010654,130.22125372178186
33.65972819799799,130.2212573280633
33.65971653199239,130.22126158185654
33.65969889179047,130.22125705556869
33.659720053737544,130.2212723089699
33.65972008071719,130.22127499434555
33.65972022460875,130.22128444891825
33.659720999824344,130.2212859139139
33.65972091888534,130.2212874967206
33.65971925244162,130.22129291783392
33.659714747737496,130.22129700435335
33.6597086125625,130.22130313862897
33.65970297291392,130.22130522685484
33.6596934140199,130.2213066405891
33.6596872788449,130.22131613473186
33.65967658590574,130.2213203111835
33.65966136038355,130.22132247675097
33.659652359968504,130.22132252891163
33.6596461078816,130.22131856020349
33.65964382899955,130.22131319125083
33.6596410536917,130.22131861236414
33.659632612655,130.22132204867364
33.659623586159626,130.22132147940283
33.65961680167413,130.2213174711245
33.65960722479366,130.22131824903806
33.65959991870136,130.2213230217401
33.65959658581386,130.2213304672273
33.659591000124635,130.22133727599453
33.65958033326581,130.22134344984045
33.65957019790636,130.22134555065668
33.65955949507469,130.2213470039611
33.659551027058285,130.22134574580957
33.659546468394865,130.22134241202275
33.65954136024561,130.2213343837749
33.65953910834321,130.22133372187386
33.65953010792816,130.22133785965457
33.65952282881557,130.22134466932107
33.65951722513989,130.22135213998934
33.65951953190091,130.22135953331588
33.65952092764877,130.22136715956685
33.65951786455787,130.22137315174962
33.65951499122394,130.22137880668663
33.65951463958902,130.2213865498495
33.6595104946137,130.22139878062933
33.65949166730667,130.22142922178125
33.659478467957,130.2214414399706
33.65945782941537,130.2214574973657
33.659434494706204,130.2214672244329
33.659408468326205,130.22147294412116
33.659395973145706,130.221477950647
33.659375054015584,130.22148968859835
33.65932489163049,130.22152530534868
33.659311918909964,130.22153408632903
33.659300639612866,130.2215465887042
33.65928394639707,130.2215741367371
33.659263252097446,130.22161902729636
33.6592551977692,130.2216444754123
33.65924877481115,130.22165953276124
33.659235161773324,130.22168128376427
33.65921516175035,130.22171166016506
33.659225891561675,130.22171358021762
33.659228774788176,130.22172233511776
33.659230532063475,130.2217324120213
33.65922719827665,130.22173852111587
33.65921989218435,130.22174263281636
33.65921086478966,130.22174272364782
33.65920846809638,130.22172116689842
33.65918727916966,130.22177457763473
33.65916710827548,130.22182697843232
33.65916027882383,130.22185182939847
33.65915410767599,130.2218686116472
33.659141467704615,130.22188977988947
33.65913000044924,130.22190547305922
33.65911805385514,130.22192289202792
33.65910877465029,130.22194719800484
33.65909719767757,130.221983917324
33.659084440794345,130.2220275884025
33.65907036010907,130.22208683483962
33.65905977508862,130.22213077841275
33.65904958576982,130.22216058374397
33.65903964016729,130.2221863286362
33.65903180167635,130.22220571981813
33.65902833299123,130.22222708231402
33.65901964014432,130.2222675616987
33.659007386881456,130.22231294418714
33.6590016402136,130.22233730232472
33.658993531926,130.22237160786347
33.658983802160776,130.22239938972007
33.65896694616771,130.2224393394041
33.65893066661704,130.2225016597239
33.65890727884789,130.22253822256096
33.6588642786636,130.22260380022522
33.658848559413514,130.2226348124467
33.65883386539065,130.22267732789646
33.65882849463935,130.2227050575924
33.65882599992,130.2227298833775
33.65882205369485,130.22275272435877
33.65881638706668,130.22277352837568
33.65881413516428,130.22279778219195
33.658812721430024,130.2228419200187
33.6588155318114,130.22286697782886
33.65881927928638,130.2228856936199
33.6588217479254,130.2228983659669
33.658822468282324,130.22293780843313
33.658820252352825,130.22296527912442
33.658810134979774,130.22300691323846
33.658803747994625,130.22306233485892
33.65879813532575,130.22309152955052
33.658787197771005,130.2231417773712
33.65879230592026,130.22314710765295
33.6587974410491,130.22315649837378
33.6587991983244,130.22316457788304
33.65879810834605,130.22317202337024
33.658796441003005,130.22317674391172
33.658789694289,130.2231794940385
33.65878408072081,130.22318360573888
33.65878077481295,130.22319308729118
33.65878310765436,130.2232045266676
33.658784891909306,130.22321664143487
33.65878497284825,130.22322944238488
33.65878333338418,130.22323958493894
33.65878055897565,130.22324566795328
33.65877327896368,130.22325316470187
33.65877949507768,130.22325647240837
33.65878127933263,130.22326791178477
33.658779666848204,130.223279389832
33.658776919419324,130.2232922177617
33.658772467775236,130.22329968932922
33.65876910790803,130.22330511044254
33.65877086518333,130.22331319085117
33.65877264044508,130.22332530471908
33.65877100008163,130.22333341120805
33.658765414392406,130.22334224434917
33.65876263998388,130.2233476645631
33.65875533299226,130.22335177716286
33.65875194614546,130.2233538393083
33.6587536944275,130.22335985667212
33.65875035974136,130.22336936430474
33.65874536041008,130.22337680889268
33.65874199964361,130.22338155641376
33.65873580241538,130.2233836446395
33.65873241376994,130.22338367071984
33.65873191914278,130.22339111530778
33.65873027877939,130.2233991957164
33.65872636043326,130.22340530481108
33.65872864021463,130.22341000017138
33.65873091909668,130.22341335913927
33.658727640168536,130.2234248641662
33.658722639937935,130.22343703019487
33.65872099957454,130.2234431132092
33.658714251961214,130.2234492483842
33.65870925173061,130.22345805364637
33.65871158637066,130.22346949392204
33.65871444081881,130.22347486377396
33.65871561263549,130.2234809467883
33.65871566659479,130.22349105067156
33.65871349473207,130.22350252871877
33.658713531604235,130.22350927363414
33.65871189214016,130.22351603113998
33.65870572099226,130.22352080384212
33.65869613511859,130.22352089467358
33.65868661309679,130.22352907940353
33.65867761268174,130.22353185471138
33.65866855920672,130.22352788600324
33.65867366735591,130.22353594033143
33.658673748294916,130.22354469523157
33.658672107931466,130.22355549878728
33.65867164028401,130.22356561616027
33.65867335978777,130.22357435757056
33.658681306197366,130.22357902685064
33.65868694584594,130.22358166006563
33.65868922472799,130.2235856944243
33.658692107954494,130.2235957722272
33.65868991900459,130.2236059138819
33.65868716168319,130.2236140338606
33.65868722463574,130.22362277617026
33.658684999713046,130.2236282233639
33.658677720600394,130.22363635503382
33.65868061282009,130.2236444489322
33.65867841397767,130.22365455281545
33.65867453160439,130.22366269797521
33.658670613258266,130.22366610910376
33.658664414231396,130.2236681712492
33.6586582790564,130.22367968886658
33.658654386790545,130.2236864715535
33.65864594575385,130.2236912838257
33.65863586525302,130.2236987805743
33.658626306359,130.22370358025614
33.65863702717712,130.2237055245904
33.6586472245898,130.22371080361074
33.65865566742514,130.22371075234935
33.658666441303296,130.22371805394505
33.65867044058842,130.22372880713885
33.65867053231926,130.22373961069457
33.65867002690027,130.22375172456248
33.65866616161412,130.2237625550979
33.65866449517034,130.22376797711047
33.65866794586907,130.22377739301237
33.65866916175247,130.22378883328804
33.65866922470502,130.22379827527027
33.65866533333849,130.2238063943497
33.6586603061283,130.2238165503935
33.658656413862445,130.22382399498144
33.658651973010194,130.22383147913956
33.65864016221377,130.2238369775945
33.65863402703877,130.22386377379416
33.658636278941174,130.22389099897043
33.65864266682564,130.2239194418288
33.6586483055749,130.22394933889098
33.6586502517078,130.2239714136499
33.65864905381085,130.22399143975315
33.65864530633587,130.224008638388
33.65864097340227,130.2240289747574
33.658634134957424,130.22404713386823
33.65862308139015,130.22406778230243
33.658604162352276,130.2240907518867
33.65858377472148,130.22411202265175
33.65855905415708,130.22413703009988
33.658545693828785,130.22415447514902
33.65853716196051,130.22417678283227
33.65852949524009,130.2242116081792
33.658521413932135,130.2242418937485
33.65851427871104,130.22426380033414
33.658495973010815,130.22431847012137
33.65848061259027,130.22434958486554
33.65846049475607,130.22437535673737
33.65846561279784,130.22438002601746
33.658472972849495,130.22438535719857
33.658474667172186,130.22438669269172
33.658483639708265,130.22437852055236
33.65849377506771,130.22437369568956
33.658500531674235,130.22437160836307
33.65850610837026,130.22436616116943
33.658515080906284,130.22435933891245
33.658521279033835,130.22435591429405
33.65853310781671,130.224355810872
33.65854158572563,130.22435708161413
33.65855282904988,130.2243556157191
33.658560693621155,130.22435016942484
33.658569667056554,130.22434399467966
33.65857080200095,130.22434263310606
33.6585780811136,130.22433786040403
33.65858766698727,130.22433438362498
33.65859725196168,130.2243336452816
33.65860627935638,130.22433625241615
33.65861419788695,130.22434224369965
33.65862208134405,130.2243408299654
33.65862769401292,130.22433605726326
33.65863669442797,130.22433192038193
33.65864627940232,130.2243318286511
33.65866041404695,130.22433844406396
33.65866327928694,130.22434516199974
33.65866219830184,130.2243525814066
33.65865891937369,130.22436610900877
33.65865613507265,130.22437488998924
33.65865225180005,130.22438302165915
33.65864494570775,130.22438647235788
33.65863538681373,130.22438992215723
33.65862808072143,130.22439605733223
33.65862533329255,130.22440416292181
33.658617494801604,130.2244123350613
33.65860964012285,130.22441710776343
33.658604026554656,130.22442121856443
33.65859441370128,130.22441997390274
33.65857977543635,130.22442143979765
33.658571359580606,130.22442827464522
33.658563531881555,130.22443644588532
33.658553386629535,130.22443856019152
33.65854382863483,130.22444199740028
33.65853313479636,130.22444749675458
33.65852530619799,130.2244543064212
33.658519694428435,130.22445841812157
33.65851010765539,130.22446053242766
33.65850000017491,130.22446535729046
33.65849219765687,130.22447620041635
33.658487162352685,130.2244836710846
33.658482693621465,130.2244891047884
33.65847422470574,130.22448985662163
33.65846744111957,130.22448654981451
33.65845841372487,130.22448730164774
33.65845280195532,130.22449005177452
33.658447198279646,130.22449483796652
33.65843591898255,130.22449291791395
33.65842235990402,130.22448966326738
33.658417278734476,130.22448769105415
33.658405440958404,130.22448983144068
33.65839533257861,130.22449330732036
33.65839649540197,130.22450069974752
33.6583948649311,130.22451016870934
33.65839382891215,130.2245209470841
33.65838936018088,130.22453041514666
33.658384359950276,130.22454060986126
33.65838161342077,130.2245520879086
33.6583845317208,130.22456486367753
33.6583846126598,130.2245756420523
33.658384693598805,130.22458980457588
33.6583897477887,130.2245857198551
33.6583947749989,130.2245802717622
33.65840205411155,130.22457347558554
33.65840994566253,130.2245707002777
33.658413891887676,130.22457335867364
33.65842127891892,130.22457936434625
33.65842300022132,130.22458405970667
33.658424135165774,130.22458741867445
33.65842249480232,130.22459486416176
33.65841805395007,130.22460367122255
33.65841416168428,130.22461447477826
33.658418161868724,130.22462119271393
33.65842272143152,130.2246278863679
33.65842164044642,130.2246353048755
33.658420558562,130.2246420488915
33.65841553225107,130.22464953304961
33.658408801724875,130.22465632922626
33.658407135281095,130.22466038876598
33.6584038293733,130.22467055829964
33.65839938672235,130.2246793635618
33.6583937749528,130.2246848116548
33.65838591937472,130.22468824886369
33.65837913488923,130.2246862784491
33.65836953192843,130.22468299592356
33.65836158641815,130.2246763292493
33.658357026855356,130.22467031098608
33.65835641441703,130.2246622179871
33.658355828958406,130.2246574974456
33.65834908134508,130.22466094724496
33.658341224867684,130.22466505804607
33.65833555913878,130.2246624122406
33.658333333316705,130.22466243832093
33.65833219837231,130.22466243832093
33.658327666688535,130.22466250307207
33.658324332901714,130.22466924798744
33.65831816175381,130.22467538316243
33.65830916223808,130.22467817106076
33.65829789193424,130.22467557741606
33.65828938704561,130.22467094680678
33.658281467615666,130.2246696625749
33.65827133315554,130.2246677560122
33.65825491872954,130.22465980510594
33.65824527889657,130.22464978036317
33.65823955920837,130.22463702977518
33.65822761261427,130.2246223087726
33.65820891930622,130.22461033699756
33.658188612614424,130.2246058107097
33.658170054204675,130.22461408627112
33.658147081023,130.22463652435613
33.65811944125926,130.22469143965827
33.65808764033238,130.22477510988347
33.658077081392264,130.22481083005584
33.65806397287412,130.224842023041
33.65802769422277,130.22491661461015
33.65800644144417,130.22496758818374
33.65799155856365,130.22499999975025
33.65798582898287,130.22501247694436
33.65794261296128,130.2250947208447
33.6579225859586,130.225135810869
33.657904945756684,130.2251876387985
33.65791566657481,130.22519224422672
33.65792022523823,130.2251982750804
33.65792308058576,130.22520702998054
33.65792205355996,130.22521783443563
33.657919279151486,130.22522527902345
33.657914251941236,130.22523341069336
33.65791710818803,130.22524011693793
33.65791886456401,130.22524819734645
33.65791613512158,130.22526238684975
33.65791446777854,130.22526574581752
33.65791110791133,130.22526849504504
33.65790377483938,130.22526788620405
33.657896440868114,130.2252692999383
33.65788689186661,130.22527411221063
33.657880387070236,130.22527380014583
33.65787738693189,130.22530596619742
33.65787369431558,130.22532418916012
33.657864333272414,130.22534549859597
33.657821801634896,130.2254345530622
33.65779755861047,130.2255090268202
33.657755892120804,130.2256336962381
33.65769158609788,130.2257918941806
33.65765722480114,130.22586800290605
33.65764158559074,130.22590374825938
33.65759799994777,130.22602389138956
33.65758558570627,130.22606491576335
33.65757689196005,130.2260953047546
33.6575625315856,130.2261287811184
33.6575431350077,130.226171388299
33.65751189166053,130.2262413879298
33.65749699978676,130.22629002596398
33.65748274823028,130.22634396909893
33.657472225263064,130.22638422814964
33.65744989239869,130.2264602199632
33.65743563994289,130.22651263335138
33.65742569434036,130.22654306101356
33.657412558842566,130.22656891112638
33.65738938691072,130.2265941892705
33.65739116217247,130.22661036267812
33.657389585660894,130.22662319060782
33.65738905416157,130.2266319706889
33.657391360023325,130.22663869042333
33.657391973360916,130.22664610893082
33.65738866655374,130.22665422801026
33.65738477518727,130.2266630215812
33.65737972099737,130.22666914416573
33.65737469378712,130.226676614834
33.657375333205096,130.22668399467068
33.65738044135435,130.22669138799722
33.65738219773027,130.22670014289736
33.657381107751974,130.22670552533975
33.65737774788482,130.22671230892593
33.657374414098,130.22672044059595
33.65737166666912,130.22673058404928
33.657369467826754,130.22673732806527
33.65736555937309,130.22674344975042
33.65736389203005,130.22674683479863
33.657357135423524,130.22674756235017
33.65735091930952,130.2267442537444
33.65733791871003,130.22673963662498
33.65734077495688,130.22674635456065
33.65733858600697,130.22675583701232
33.65733469374118,130.22676530507488
33.657330251989606,130.22677208776167
33.657331973292,130.22678016906957
33.65733205423095,130.22679027205345
33.65733038688791,130.22679433159317
33.657329305902806,130.226801089099
33.657328224917705,130.22680849501614
33.65732261314815,130.22681396918938
33.65732997319975,130.22681522734092
33.65733902667478,130.22682192009563
33.65734586511962,130.2268339692124
33.657350440870175,130.2268440596057
33.65735441407497,130.2268473673122
33.6573545318862,130.2268615298358
33.657357387233674,130.22687094663695
33.65735802665165,130.22688038861907
33.657356387187576,130.2268871344338
33.65735191935562,130.2268952786942
33.65735477470315,130.22690199662986
33.65735822540182,130.22691138825007
33.657361107729,130.2269201431501
33.65736564031209,130.22692143997256
33.6573723870261,130.22692204881355
33.65738425178182,130.22692464335762
33.65739105425382,130.22693063643976
33.65739563989689,130.22694204883658
33.65740019766105,130.22695077765627
33.657415495129044,130.22695941564461
33.65742794624276,130.22696669295863
33.65743472083574,130.22697002584607
33.657442667245334,130.22697533094686
33.65744833297424,130.2269820228022
33.65745344112344,130.22698805365576
33.65746308095646,130.22699469514907
33.65746761264029,130.22700005241052
33.65746938700266,130.22700946831242
33.657465531609034,130.22702299591458
33.657463359746316,130.22703583733414
33.657458333435386,130.2270446425963
33.657448775440685,130.2270474188034
33.65744713507729,130.2270548642906
33.65744377521008,130.22706097338528
33.657435360253714,130.2270650841864
33.657426919217016,130.2270678603935
33.657420721089466,130.2270679116549
33.65741333315884,130.22705988340692
33.65740877539474,130.22705455312519
33.65740374818449,130.22705863784597
33.65740036043832,130.22706136189242
33.65739419828367,130.22706208764532
33.65738855863515,130.2270641632806
33.657388612594445,130.22707224368912
33.65739261277889,130.22708165959102
33.65740113475459,130.22709169872303
33.65740686523469,130.22710175134478
33.657418197591824,130.22711041541345
33.65742666740681,130.22711372222057
33.65743794580459,130.22711630417416
33.657446973199285,130.22711555144156
33.65745597271501,130.22711547320057
33.657466721412106,130.2271194158285
33.657474053584735,130.22711866399516
33.657481359677035,130.22711455319416
33.65749038707173,130.22711513595482
33.65749889196036,130.2271251876773
33.6575046134472,130.22713658928228
33.65750746789536,130.22714263272633
33.65751208141745,130.2271553833143
33.65751044105406,130.22716350239375
33.65750708118691,130.22716961058916
33.657507135146204,130.22717902739032
33.65750777456418,130.22718710779884
33.657510081325256,130.22719316473285
33.65750955881913,130.2271999222387
33.65750846794151,130.22720666715406
33.657504000109554,130.22721277624873
33.657498945919656,130.22721822344226
33.65749108134838,130.22722031076876
33.65748089202958,130.22721503174841
33.65747913475434,130.22720425427303
33.657466748391755,130.2272070556611
33.65745374779226,130.2272004411475
33.65744297301484,130.22719377357384
33.65743622540151,130.22719588787993
33.65742716203397,130.2271898831067
33.65741925159722,130.22718525339678
33.65740902720489,130.2271779122309
33.6573988648658,130.22717464319533
33.65739097331482,130.22717538333734
33.65738366722252,130.22717814515534
33.65737691870987,130.22718021989135
33.65736958563792,130.22717894914922
33.65737300036375,130.227183645409
33.65737189239894,130.2271876905595
33.65736580219004,130.22720258063464
33.6573720812566,130.22721669279622
33.65737782882377,130.22723080405842
33.657376774818374,130.22724430558026
33.65737405436914,130.22725780800147
33.65737019807625,130.22727063593118
33.657367440754854,130.2272794420926
33.65736186495815,130.22728691276086
33.6573556668306,130.2272910253606
33.65734774829997,130.22728771675474
33.65734322471013,130.22728574634016
33.657349467803726,130.2272917511135
33.65735066660005,130.22729914444005
33.65734449455283,130.22730527871568
33.657338306317854,130.22730868984422
33.657330440847204,130.22731147864192
33.657323134754904,130.22731627832366
33.65731694562061,130.22731632868567
33.65730961344798,130.22731503186333
33.657298279292206,130.22730839216865
33.65729310819046,130.22729496798843
33.6572928294006,130.22729002621384
33.65728974832325,130.227295667661
33.65728641363711,130.2273038002303
33.65728025238178,130.2273112843883
33.657279225356035,130.2273220492732
33.65728097273876,130.22733350213946
33.657287892122554,130.22735635481195
33.65729758591493,130.2273724769583
33.657301053700735,130.22738455305478
33.657304532278374,130.2273986903973
33.65730294587428,130.22741422798424
33.65730016157323,130.22742233537258
33.65730697303843,130.22742968912894
33.657316612871455,130.22743769129647
33.65732855856618,130.22745105072545
33.65733141391365,130.22745778215096
33.6573297753489,130.2274672241332
33.657327027020756,130.22747805376923
33.65732258616845,130.22748619982838
33.65732208074945,130.22749561573016
33.657319864819954,130.22750172482483
33.65731594557445,130.2275064723459
33.65731202722833,130.2275112189676
33.657306440639786,130.22751802863422
33.65730253218618,130.22752411164845
33.65729125198976,130.2275242276611
33.657295774680335,130.22752756234718
33.65730089182273,130.227533579711
33.65730380202888,130.22754702997156
33.65729999969528,130.2275679769806
33.6572972522664,130.22757878143568
33.657304053839084,130.22758477271918
33.65731200024868,130.22759144029283
33.657318801821305,130.22760016911263
33.657314973407324,130.22761435771645
33.65731053165575,130.22762518825186
33.65730719786893,130.2276326328398
33.65730841375233,130.22764341121456
33.65730508086483,130.2276535537685
33.65730116161939,130.22765897488182
33.65729563978198,130.22767319136472
33.65729119803041,130.22768335909984
33.657286694225604,130.2276874447199
33.657280532070956,130.22769155642027
33.65727263962066,130.2276895851063
33.65728061300996,130.22770233479503
33.65727899962616,130.22771583721612
33.65727510825968,130.2277232809048
33.657268946105035,130.2277314395543
33.65726110761409,130.22773891112195
33.65725722524081,130.22774705628171
33.657254467919415,130.22775717275533
33.657255639736036,130.22776391677144
33.65725572067504,130.22777538312744
33.65725353172519,130.22778416320864
33.65725130590312,130.22778958522122
33.65725586456654,130.22779693897758
33.65726210766019,130.22780496812481
33.657266667222984,130.22781302155374
33.65727013500879,130.22782513632103
33.65726961340198,130.2278298568625
33.65726627871584,130.22783797684122
33.657264080772734,130.22784744490377
33.65726413473209,130.22785418891976
33.65726136032356,130.22786163440696
33.657259720859486,130.2278677174213
33.657256360093015,130.2278724766336
33.657254108190614,130.22787516200913
33.657255279107915,130.2278798825506
33.65725533306721,130.22788730195748
33.65725653186348,130.22789875482374
33.65725546796551,130.22790752321373
33.657255531817384,130.22791697778632
33.657260666946286,130.22792503211463
33.65726072090558,130.2279364723903
33.65725572067504,130.22794866360005
33.65725466666959,130.22795674400857
33.65725869383368,130.22796953326736
33.65726322461819,130.2279742277285
33.65727116203453,130.2279795328293
33.657281864866206,130.22797808042412
33.65728977530296,130.22798070014926
33.65729094622026,130.2279867831636
33.657285359631715,130.22799557673454
33.657280306341136,130.2279976649603
33.65727353174816,130.22799905261422
33.65727197322303,130.22801457761068
33.65726641361414,130.22802610871804
33.65725913540081,130.2280342538778
33.65724108061141,130.22803442295037
33.65722813487059,130.22803725041888
33.65722022533316,130.2280339427124
33.657216360047016,130.22804610874095
33.65721416210397,130.2280562521944
33.65720972125166,130.22806372196328
33.65720072083667,130.22806783366366
33.657192305880244,130.228073994919
33.65718046810417,130.2280767828173
33.65717374836987,130.22808224440007
33.65716761319487,130.22809175113343
33.657156919356396,130.22809522701323
33.657151305788204,130.2280993000427
33.65714169383415,130.22809399494201
33.6571417477935,130.22810141434888
33.657136135124574,130.22810822311612
33.65712886500518,130.2281123348165
33.65712097255488,130.22811713359886
33.6571125863768,130.22812596584072
33.6571076131259,130.22814219230838
33.657107694064905,130.22815433225674
33.65710835956321,130.22816780769824
33.65710505365536,130.22818199720143
33.657100639782755,130.2281941632301
33.65710525240553,130.22820897506426
33.657105306364826,130.2282190789474
33.657100864613255,130.2282278860082
33.65709300004198,130.2282319968093
33.65708566697003,130.2282313879682
33.657077748439406,130.22822878083366
33.65707435979391,130.22822678343937
33.65707553161053,130.22823352835474
33.657072748208805,130.22824094686223
33.657067197593165,130.22825044100512
33.65706441419144,130.22825788559305
33.657061108283585,130.22826802904638
33.657053829170934,130.22827955925436
33.657047693995935,130.228286355431
33.65705335972484,130.22829036281007
33.65705846787404,130.2282990790393
33.65706310837578,130.22831655016876
33.65706482877886,130.228321946101
33.65707216185086,130.22832185526943
33.657082891662185,130.22832311342097
33.65709191905688,130.2283264202282
33.657104945736705,130.22833572011746
33.657110107845256,130.22834846980606
33.65711127876256,130.2283545528204
33.65712372088308,130.22836050633236
33.657130494576734,130.22836450112084
33.65713625203648,130.22837924820385
33.65713913526292,130.2283893637782
33.65714199960365,130.22839538294068
33.65714263992095,130.2284068609879
33.65714155893585,130.22841630386938
33.6571376936497,130.2284251100309
33.65713264035912,130.22843255461873
33.65712819770823,130.2284427241525
33.657123774842375,130.22845422828004
33.657116494830404,130.22846306142117
33.65710980207575,130.2284711930912
33.657105891823505,130.22847730218587
33.65710027915463,130.22848141388624
33.657096919287426,130.22848347603167
33.65709527892403,130.22849022004766
33.65709869364986,130.2284969388827
33.657104945736705,130.22850360555697
33.65711400011105,130.22850824875673
33.657118585754176,130.22851832655954
33.657119198192504,130.22852641955865
33.657118135193855,130.2285392223073
33.657113134963254,130.228550751616
33.65711205397815,130.2285568094493
33.65710533334453,130.22856360562594
33.657101972578005,130.2285643322782
33.65709577534983,130.2285690788999
33.657091305719234,130.22857116712578
33.65708566697003,130.2285725547796
33.657077775419054,130.22857330661293
33.65707325182916,130.2285726716915
33.657075558590236,130.22857603065938
33.657081225218406,130.22858405980662
33.65708355895913,130.2285934757084
33.657083054439454,130.22860291769052
33.65708141407606,130.22861238665234
33.65707977461199,130.2286191441582
33.65707697322381,130.2286218547149
33.65707246762031,130.22862258136706
33.65706513544768,130.22862197072743
33.657056108052984,130.2286227243593
33.65704655905154,130.22862549876777
33.65703641379952,130.2286276391543
33.65702797276276,130.22862769131495
33.657017748370436,130.2286190272464
33.657009224596095,130.2286076652116
33.65700633327572,130.22859756222783
33.65700174763259,130.22858680903403
33.657003945575696,130.2285773670519
33.657000000249866,130.2285760567397
33.656993775142666,130.22857474732677
33.65698930641139,130.22858085642144
33.65698372072217,130.22858564171406
33.65697753158787,130.22858907892294
33.65696910763825,130.22859452701584
33.656968026653146,130.22860061003018
33.656970918872844,130.2286120494066
33.65697041435317,130.2286228655529
33.65696936034777,130.2286309468608
33.656966585939244,130.22863972784126
33.65696327913207,130.2286485214122
33.65695825192182,130.2286553310787
33.656963946429016,130.22866807986804
33.65696289242362,130.2286768608485
33.656958467759125,130.2286890268772
33.656951748024824,130.2286992215919
33.6569450813505,130.2287134110951
33.656949134594925,130.22872822292925
33.65695322471163,130.22874841810506
33.65695216171292,130.2287605580534
33.656948252359996,130.22876732814973
33.656940973247345,130.22877413691697
33.65693197283235,130.22877691312408
33.65691841375383,130.22877369624916
33.65691046824355,130.22876499440906
33.656907639875726,130.22876163364253
33.6569030542326,130.22875224382108
33.65689733274576,130.22873814514935
33.6568955592827,130.2287273667746
33.65689719784746,130.22871725030097
33.656903360002104,130.22871379960225
33.65689599995051,130.22870847021977
33.65688977484331,130.22870450061225
33.65688636011748,130.22869644628406
33.65688341393843,130.22868163355065
33.656885612780854,130.2286715053857
33.656887801730704,130.22866070003136
33.656889441194835,130.2286532563428
33.65688936025583,130.22864247706877
33.656886531888006,130.22863778170836
33.656879161943834,130.22863447490113
33.656874107753936,130.22863518806355
33.65686963992198,130.22864267222155
33.65686233293036,130.22864810592546
33.65685166697091,130.22865224370616
33.65684663976066,130.22866038886593
33.65684219800909,130.2286698830087
33.65683605384089,130.22867802906785
33.656831586008934,130.22868481175476
33.65683166694794,130.22869830068612
33.656830612942485,130.2287084180591
33.65682449485462,130.22872263274337
33.65681946764437,130.22873143980416
33.65681389184766,130.2287375623887
33.65680769372017,130.22874033679716
33.65680097308649,130.2287437479257
33.65679197267144,130.22874652413282
33.656780667294015,130.22874527857186
33.65676991859692,130.22873933944902
33.656765919311795,130.22872924815636
33.65676025178425,130.22872525336777
33.656758613219495,130.22873335895736
33.65674394617622,130.2287335019496
33.6567343872822,130.22873693915847
33.65672597322515,130.22874241243244
33.656715279386674,130.22874588831212
33.65670119780208,130.2287446688315
33.6566899194043,130.22874747111894
33.656673585917304,130.22874963668642
33.65666574832568,130.2287571343344
33.65666072111543,130.22876593959654
33.656656828849634,130.22877272408198
33.65664846785256,130.22878697833642
33.65664174811826,130.2287924120402
33.65663327920254,130.22879386534464
33.65662258626338,130.22879530515922
33.656613558868685,130.2287940344172
33.656598828872916,130.22878538293912
33.656587531589366,130.2287774194424
33.65657958607909,130.22877075186875
33.65657480168579,130.2287612451354
33.656572225128116,130.2287647470955
33.656564919035816,130.2287688587959
33.656555918620825,130.2287736710681
33.65654689212545,130.22877374840982
33.656533413985926,130.22878061023698
33.656520495224754,130.22878949374024
33.656505919013,130.2287983916325
33.65649010803213,130.2287985598058
33.6564844953632,130.22880330732687
33.65647777472958,130.2288094416025
33.65646653230465,130.22881092098726
33.656456387052685,130.2288123347215
33.65644455916913,130.22881447510804
33.65643274837271,130.22881727559684
33.65642146817629,130.22881941598337
33.65641189219514,130.2288168088487
33.656396612713536,130.22881221780972
33.65638880210156,130.2288237480176
33.65638546831474,130.22882985711226
33.65638269390627,130.22883797709108
33.65638049506384,130.22884744515352
33.65637153242034,130.2288549419021
33.65636027920357,130.22885771720996
33.65634789194172,130.2288578602022
33.656348495386794,130.22886525262936
33.656343441196896,130.228870699823
33.656332775237445,130.22887686107833
33.656322108378674,130.22888438390726
33.656309775076124,130.22889121875482
33.65629794629325,130.22889472071483
33.65629005384295,130.2288947728755
33.656283891688304,130.22890024614946
33.656276558616355,130.22889963730847
33.65626694576298,130.22889569378128
33.656256224944855,130.22889577202227
33.656245558985404,130.2289005842946
33.65623769441413,130.22890671857022
33.65623210782559,130.2289115047622
33.65622989189603,130.22891827485853
33.65622433318646,130.2289324769523
33.656214775191756,130.228937977206
33.656204693791665,130.2289468346288
33.65619627883524,130.2289516082302
33.65618558589614,130.22895306063526
33.65617938686927,130.228953799878
33.65617549460342,130.2289626069388
33.65616874788947,130.22896805413245
33.65616263969412,130.22898024624146
33.65616100023004,130.22898968912295
33.65616391942939,130.22900250266343
33.656164558847365,130.22901258136562
33.65616010810254,130.22902341100166
33.6561511346672,130.2290322828137
33.656139829289714,130.22902564221965
33.6561324683388,130.22902031103854
33.6561262792045,130.2290243840681
33.65611508084635,130.22903527935478
33.65610719828862,130.22903739276148
33.65609705393592,130.22903680910156
33.65608463969443,130.22903691342287
33.6560756401787,130.22903769133643
33.65606772074875,130.22903438362994
33.65606091917613,130.2290310894133
33.65605016238516,130.22902308724576
33.65604844108276,130.22901769131352
33.65604386533215,130.22900830059268
33.65604497329696,130.22900291815017
33.65603599986156,130.22901105071946
33.65603036021298,130.2290138386178
33.65602589238108,130.22901994771246
33.656023135059684,130.22902805420142
33.656014721002634,130.22903418937642
33.65601019831206,130.2290328916547
33.65600002697971,130.22903027192956
33.655993252386736,130.22902564221965
33.655984748397486,130.22902269783924
33.65596766667454,130.2290492997854
33.655892864664,130.22913330725635
33.65588541378088,130.22914241199283
33.65584791924613,130.22918827471915
33.65583246799406,130.2292078601547
33.655789413850414,130.22927719788447
33.65576982931424,130.22931160774453
33.65576786519489,130.22931702975723
33.65575625224932,130.2293489745756
33.6557291979442,130.22943380042966
33.65572127941357,130.22946769138093
33.65571591855485,130.22951510993448
33.65571169443922,130.22958717260997
33.65571238691717,130.22960469500072
33.65570905402967,130.22961483755478
33.6557034413608,130.22962027215794
33.65569672072712,130.22962302228473
33.65568713485345,130.22962313919663
33.655689973113795,130.22962581108243
33.6556922519959,130.22962983105197
33.65569116201755,130.2296365885578
33.655687829130045,130.22964335865413
33.655686748144944,130.22965143996203
33.6556873866636,130.22966155643576
33.655689134945646,130.2296703113359
33.65569313513015,130.22967836566409
33.6556931621098,130.2296844225981
33.6556920811247,130.22968917011917
33.655688748237196,130.22969727570876
33.6556899191545,130.22970333264277
33.65569277540129,130.22971141395067
33.655692829360646,130.22971747088468
33.6556900540528,130.22972425357148
33.65568786510295,130.229734358354
33.65568172093475,130.22974116712123
33.65566941371253,130.22975610935703
33.65567110803528,130.22975810585194
33.65567338691733,130.2297628272927
33.65567180231187,130.2297770042054
33.65567800043942,130.22977625237218
33.6556847750324,130.22977822278676
33.6556892788372,130.22977481165833
33.65569827925225,130.2297733853335
33.65570672118827,130.2297733070925
33.65571519819787,130.2297732171603
33.65572705396045,130.22977647180676
33.65573610833479,130.22978380038217
33.65573897267552,130.22979053180768
33.65574069397792,130.2297952271681
33.65574461322336,130.2297898051554
33.655750802357716,130.22979041489577
33.65576944080709,130.2297943062623
33.65577791871601,130.22979488992235
33.655787559448356,130.22980289208988
33.65579208123961,130.22980958484447
33.65579272065759,130.22981836582494
33.65579219815146,130.22982508376072
33.655788305885665,130.22982985736212
33.65579391855454,130.22982778172684
33.65579902670379,130.2298317774147
33.65580244142956,130.22983916984185
33.65580249538891,130.22984658924872
33.65580141440381,130.22985267226306
33.65579408133186,130.22985542238985
33.65578791917716,130.2298615557662
33.65578064006456,130.22986496779413
33.65576933288844,130.2298637483134
33.65576653239958,130.229865109887
33.65576091883139,130.22986786001377
33.65575244092247,130.22986795084535
33.65574513483017,130.22986936368022
33.655736666813766,130.22986674395509
33.65572927888314,130.22986075177232
33.65572869432384,130.22985399516585
33.65572864036449,130.22984658924872
33.65573194627234,130.22983374782928
33.65573527915984,130.22982830063563
33.65572858640519,130.22983713377675
33.65572408080175,130.22984055839515
33.65571861292369,130.22984150538127
33.65572336044477,130.22985861228517
33.655726721211295,130.22987075223352
33.65572446840952,130.22987885872237
33.655719945719,130.2298896110168
33.65572049520472,130.22989299606502
33.65572161306204,130.22990108906413
33.65572046822507,130.22990783397938
33.65571822531592,130.22991658887952
33.65572044124542,130.22992805433626
33.65572044124542,130.22992938982952
33.65571705439862,130.22993949371278
33.655714801596844,130.22994355415176
33.655714774617195,130.2299523090519
33.65571591855485,130.22995771667536
33.65571080231172,130.22996644639443
33.65570630570147,130.2299711669359
33.65570461317742,130.22997994791638
33.65571080231172,130.22998330688415
33.65571077533207,130.22999072629102
33.65570964038767,130.2300001691725
33.65570680212727,130.2300089105828
33.65570680212727,130.23001160764966
33.65570680212727,130.23001430561578
33.65571074835242,130.23001836605476
33.65571189229007,130.23002241210474
33.65571074835242,130.230027808037
33.65570872128052,130.23003260681946
33.65571016199442,130.23003822308556
33.65571135989137,130.2300469779857
33.655712558687696,130.23005372200168
33.655713693632094,130.23005910534346
33.655708667321164,130.2300665499314
33.655704197690625,130.23007199712504
33.65570082883022,130.2300747211715
33.65570369407027,130.23008211359877
33.65570091876242,130.23008752302087
33.655696441038,130.23009430570767
33.655693108150444,130.2300983922271
33.65568749458225,130.23010383942074
33.655680747868246,130.23010389068202
33.65568977526294,130.23010786028954
33.6556931980827,130.2301125547507
33.65569494636475,130.23012130965083
33.655696666767824,130.23012736658472
33.65570010757398,130.23013338484793
33.65569789164442,130.2301388068605
33.65569625218035,130.23014824884262
33.65569516220205,130.2301570298231
33.655693531731174,130.23016311283743
33.6556924408535,130.23016919585177
33.655690224924,130.23017325629075
33.65568682908395,130.23017530494644
33.65568010755095,130.23017941574756
33.65567677466345,130.23018955920088
33.65567569367835,130.23019630411625
33.65567346785633,130.23019902726332
33.655669000024375,130.23020377388514
33.65566449532025,130.23020856007702
33.65567410817363,130.2302131906863
33.6556826130622,130.2302184948877
33.6556900000935,130.23022652403495
33.6556912249701,130.23024066137748
33.65569466667557,130.23025075177088
33.655707107896774,130.23025603079122
33.6557218019197,130.2302606101391
33.655735387078494,130.2302679117348
33.65574102672707,130.23026919596668
33.65574725183427,130.23027252885424
33.65575180240381,130.23027922160884
33.65575189233601,130.23029069965617
33.65575025197262,130.23030216601217
33.65574802704987,130.23030555106038
33.655742414380995,130.2303069387143
33.655741333395895,130.23031505779375
33.65573797262937,130.2303211408081
33.65573066743639,130.23032525340773
33.65572222460105,130.23032466884843
33.65571830625487,130.23033011694145
33.655712748444614,130.23034024600565
33.65570602691167,130.23034639377113
33.65570269402417,130.23035450115935
33.655705532284514,130.2303591956204
33.655706161809974,130.23036863760262
33.655703414381094,130.23037810566507
33.65570063997262,130.23038555115238
33.655693919338944,130.2303909992453
33.65570291885467,130.23038822303818
33.655704080778776,130.2303949418731
33.655702999793675,130.23040438385533
33.65570194578822,130.2304131648358
33.65570036028345,130.23042868983225
33.655697612854624,130.23043817138455
33.65569313513015,130.2304462778735
33.65569936023735,130.23044555122124
33.65570497290622,130.2304435016663
33.655716828668744,130.23044608272062
33.655729251903495,130.23044797669286
33.65573380157372,130.23045469462852
33.65573274756832,130.23046547300328
33.65573053163877,130.2304729175911
33.65573674775277,130.23047622619697
33.655744694162365,130.23048357995333
33.655745919038964,130.23049639439319
33.65574261313117,130.23050785984992
33.655739828830065,130.2305139689446
33.65573708140124,130.23052477339968
33.65573316215574,130.23052817103837
33.65572358617459,130.23052961085295
33.65571455877989,130.23053105066754
33.65570894611102,130.23053513628759
33.655704495366194,130.2305419459541
33.65569941419665,130.23054263303618
33.65569097315995,130.2305433848694
33.65568366706765,130.2305475226501
33.655675225131574,130.23054961087587
33.65566844064608,130.23054766474297
33.655662279390754,130.23055041486987
33.655655467925556,130.23054508368875
33.655650332796654,130.2305356938673
33.65564519766781,130.23052494157287
33.655640612924,130.23051488985038
33.655637720704306,130.230504112375
33.655634386917484,130.23051021967092
33.655627053845535,130.23051230879605
33.65561919826746,130.23051505802357
33.65561753182368,130.23051914364362
33.655613054099206,130.2305252527383
33.655607441430334,130.23053069993193
33.65560297269906,130.2305368090266
33.655600198290585,130.2305422184487
33.65559910831223,130.2305496369562
33.65559691936238,130.2305564196431
33.65559130579419,130.23056252873778
33.65559586535693,130.23056788599922
33.65559702728103,130.23057394293323
33.65559705426068,130.23057863829354
33.65559146767214,130.2305881450269
33.65558649532056,130.23060302161218
33.65558658615208,130.23061447537782
33.65558608073309,130.23062527893353
33.655586694070735,130.23063202294952
33.65558169384013,130.23064083001032
33.655576639650235,130.23064289215586
33.655570973022066,130.2306409208419
33.65556033314289,130.23065046714544
33.65555416199504,130.23065795130344
33.65554572095829,130.23065936413843
33.65554289169114,130.23065802864517
33.65554574793799,130.23066272400558
33.65554636037626,130.2306708044141
33.655540225201264,130.23067761318134
33.65553238671032,130.23068983137068
33.65552686487297,130.23070403436373
33.65552689185262,130.23071144028086
33.65552582885397,130.23072022036195
33.655528721073665,130.23073097265637
33.65552710768992,130.23074111521032
33.655523198336994,130.23075058417214
33.65551819810639,130.23075805394114
33.65552216231799,130.2307606997466
33.65552897288387,130.23076871630326
33.65553127874557,130.23077817087596
33.65553416197207,130.2307875615968
33.65553535986902,130.2307963290874
33.65553541382832,130.23080508398755
33.655530386618125,130.23081525262182
33.655528748053314,130.23082133563616
33.65552374782277,130.2308314790896
33.65552094643459,130.23083489021803
33.655527748007216,130.2308402196005
33.65553174819166,130.23084894931958
33.655534667391066,130.23086105059713
33.655534134992365,130.230868470004
33.655531946042515,130.23087455301823
33.65552746831804,130.23088202278723
33.65552130616339,130.230888833353
33.65551402705074,130.23089427964737
33.65551238668735,130.23090105064307
33.655510161764596,130.23090983072416
33.65550627939132,130.2309166152097
33.65550122520142,130.2309213618314
33.65549619799117,130.23092680902505
33.65549005382297,130.2309363040672
33.65548669395582,130.23093836621274
33.655477666561126,130.23093844355435
33.6554686130861,130.23093313935294
33.655460108197474,130.2309251102057
33.655456134992676,130.23092111541723
33.65544708061833,130.23091581121582
33.655444225270855,130.23091111495603
33.65544302737385,130.23090236095527
33.6554345593575,130.23089771685625
33.6554311347391,130.23089369598733
33.65542489164551,130.23088566773947
33.65541586515013,130.23088238701257
33.655405693817784,130.2308811153713
33.65540341403636,130.23087778158447
33.65539491904036,130.2308717768111
33.65538466676901,130.23085503233392
33.65537953164011,130.23084832698873
33.655365918602286,130.23083496755976
33.65535686512726,130.230828975377
33.65535005366212,130.23082499407826
33.65533994618164,130.23082980455195
33.65533661329414,130.23083725003914
33.655330468226566,130.23084538260844
33.655337278792445,130.23085345042648
33.65534294631999,130.23085810621671
33.65534749509089,130.2308648115619
33.65535097276921,130.23087758823021
33.65534936028479,130.23088905278757
33.65534549499864,130.2309005578146
33.65535172100516,130.23090455260308
33.65535746767307,130.23091863778495
33.65536091927106,130.230931413554
33.65536274759279,130.23095230930164
33.65536227904602,130.2309678342982
33.65535897313816,130.23097661527868
33.65535280199026,130.23098272437335
33.65536405430771,130.23097927367462
33.655371414359365,130.23098457787603
33.65537658636043,130.23099736713482
33.65537946778824,130.23100878133027
33.65537953164011,130.2310182233124
33.65537791915568,130.2310290268682
33.65536502737416,130.23104128372836
33.65535491899436,130.23104678308266
33.655340278930794,130.23104824897757
33.65532897265399,130.23104430634976
33.655314802036514,130.23103230939364
33.65530799956457,130.2310276392143
33.655300161972946,130.23103510988244
33.65528716227277,130.23103321680958
33.655277026913325,130.2310319712485
33.655269135362346,130.23103272398112
33.65525838666525,130.23102674438883
33.65524705430818,130.2310174193185
33.655237999933775,130.231014111612
33.65522561267193,130.23101425370487
33.65521491883351,130.23101771699407
33.65522005396235,130.2310271077149
33.65522463960548,130.231037833929
33.65522582940855,130.231049300285
33.655223108060056,130.23106416338055
33.65521919780781,130.23106958539313
33.6552259463204,130.2310681707595
33.65523274789308,130.2310715054457
33.655236775057176,130.23108561580864
33.65523686498938,130.2310970560843
33.65523522462598,130.2311058631451
33.65523019831505,130.23111263324154
33.655221224879654,130.23111810561613
33.65521113538563,130.23113099919635
33.65519482887828,130.23113722430355
33.65518410806021,130.2311339426774
33.655175559104805,130.2311191955945
33.65517561306416,130.23113000004957
33.65516833305219,130.23113610914413
33.65515708073474,130.2311402721059
33.65514469437221,130.23114172541034
33.65513569395716,130.23114383881716
33.655134026614064,130.2311499218315
33.65514425190577,130.2311586119804
33.65514377526506,130.23117141382977
33.65513425234394,130.2311816076451
33.65512980159912,130.23119177717888
33.65512708114994,130.23120664117357
33.655119278631844,130.23121749689005
33.65510972063714,130.23122297016403
33.655096161558674,130.2312217506833
33.655085973139194,130.23121442300726
33.65507633330617,130.2312071079217
33.6550729185804,130.23119972808502
33.65506386510532,130.2311937224124
33.65505427923165,130.2311958367186
33.65504866656278,130.23119791235388
33.65503853210265,130.23119732779446
33.65502838685063,130.23120147906502
33.65501655896708,130.23120427955394
33.65500016162821,130.23119632864768
33.65498544062564,130.2311863551662
33.65497749511536,130.23117630434308
33.65497402732956,130.2311662256409
33.65496277501211,130.2311683660273
33.65495491943403,130.23117247682842
33.65494308075864,130.23117596619795
33.65492961341096,130.23118214004376
33.654920612995966,130.23118830129908
33.65491902659187,130.23120247731254
33.654916828648766,130.23121260727612
33.654910694373086,130.23122211400937
33.654903972840145,130.2312268867115
33.65488482897172,130.2312311153238
33.6548673326613,130.2312278858583
33.65485544092593,130.23122124526435
33.65484749541565,130.2312145776907
33.65484291876572,130.23120046732777
33.65483391925005,130.2312046167997
33.6548321080154,130.23121136171505
33.65482619767096,130.23122797668987
33.6548064413642,130.23125119268843
33.65478725163041,130.23126364470147
33.65475361338861,130.23128338482047
33.65468566691004,130.23130778162886
33.654653161814,130.2313159663588
33.6546231082699,130.23132272386465
33.654576721238755,130.23132747138573
33.654548468137364,130.23133708244052
33.65452980180896,130.2313429963823
33.65451482899624,130.23135538274482
33.65449866727971,130.23137211373216
33.65448308112934,130.23138666656143
33.65441049504835,130.23143847020924
33.654393666934254,130.23144725029044
33.65437022520575,130.2314568352648
33.65431427928064,130.2314695849534
33.6542654946569,130.23147722379485
33.65424322474507,130.23148175098208
33.65419574773563,130.23150160801288
33.65417408126888,130.23150396873325
33.654140306330135,130.23150138767892
33.654121026664086,130.23150014301723
33.65410055899366,130.2315039165726
33.65408672112534,130.23150978015235
33.65406510771862,130.2315229696094
33.65404474796679,130.23154258112527
33.65402622463063,130.23156438428896
33.654014802341294,130.23157311310877
33.65399135971353,130.23157983104443
33.65395525193338,130.23158732779302
33.65387825197979,130.23160963727503
33.65384638720104,130.23162072591583
33.65383255922529,130.23162732783896
33.65374494637223,130.2316843061858
33.653716721149806,130.23170185465688
33.653702946234034,130.23171350177677
33.653662829276186,130.23175855960994
33.65364727909872,130.23177669264032
33.65364008092507,130.23178180258822
33.65362989160627,130.23178693861644
33.65361122527787,130.23179286604795
33.653581134861554,130.23179674392463
33.65353772098911,130.23179496776356
33.65349013516163,130.2317982745708
33.653473279168566,130.2317991442152
33.65345708057987,130.23180936411097
33.65343489160699,130.2318261346685
33.6534174681417,130.23183855970183
33.653401828931294,130.23184299605748
33.65335486543472,130.2318455771118
33.6533295594117,130.2318458109355
33.65331749500643,130.23184807992504
33.65326038715722,130.23186878141917
33.65320266686962,130.23188800262926
33.65313474827008,130.23191888534836
33.65307591911841,130.23195182931352
33.65304105420137,130.23197014310767
33.65299658632347,130.23198566810413
33.6529502523523,130.2319968871467
33.65284613514109,130.23202016879577
33.652829279147966,130.23202247735549
33.652802829187294,130.2320320488401
33.65274755865295,130.23205849520343
33.65268802713081,130.23208425358553
33.652607532411764,130.2321231645525
33.652569107978024,130.23214438405614
33.65254930580585,130.23215824890417
33.65252886511507,130.2321685209605
33.65248916184538,130.2321775231742
33.65244699982924,130.23218221763534
33.652428945939164,130.2321823867078
33.652378252054746,130.23217202292062
33.65236627938032,130.23217050576432
33.65231664040067,130.2321670038042
33.652223360020116,130.23217050576432
33.652191441282014,130.2321715049111
33.65213966731187,130.23218133629973
33.6521119996691,130.2321873671533
33.65207586490931,130.23219272441474
33.652054198442556,130.232197223723
33.65197966712799,130.23222817119324
33.65195144100625,130.2322428022636
33.65189980193435,130.23227282702942
33.651824721134005,130.23231238730693
33.651792252010864,130.23232494184265
33.651682252334126,130.23236841776838
33.651658801612484,130.23237871590504
33.65163055930293,130.23239046734625
33.65160174772251,130.23240875506008
33.65152910768222,130.2324526329827
33.65146302729693,130.23248418929393
33.65143835979251,130.23249450092055
33.651408918686684,130.23250486380846
33.65138246782669,130.23251664133
33.65136446789592,130.23252830104036
33.65135308068017,130.23253632928822
33.65124822512553,130.23263166012305
33.65122661261813,130.2326484180901
33.65119599969569,130.23266741896623
33.65115455893579,130.23268941638355
33.65113174763212,130.2327033073118
33.651122134778745,130.2327098831546
33.65110780228332,130.23272802877557
33.65107855902835,130.23277367116805
33.6510624413786,130.23280046736772
33.65101238691216,130.23289097333986
33.65099625217533,130.23291202287157
33.65096282887151,130.232962750031
33.65093958589324,130.23300474657185
33.650925891916415,130.23303224424274
33.6508723058123,130.233135772398
33.65084616162113,130.23319725005308
33.650780198147686,130.2333333327672
33.65077180207703,130.2333506609043
33.65076344108002,130.23336369567812
33.650732143773496,130.23342036285953
33.65070505439479,130.23346941638056
33.6506651622675,130.2335475881507
33.65061338739798,130.23365396895554
33.65059080182408,130.2337046169746
33.65056638702919,130.23375308683558
33.65050505416497,130.23386963717405
33.650459332632124,130.2339752526558
33.65044389217195,130.23401286590115
33.65042369429813,130.23405914411433
33.650412360142354,130.23407868997958
33.65039627936483,130.23410910505117
33.65036069409081,130.2342023611501
33.650341802032585,130.23426377405394
33.650337720909135,130.234285446816
33.65033599960674,130.23430202311988
33.650339414332564,130.2343668345618
33.650340945877986,130.23441869037038
33.65033886484679,130.23446844356386
33.65033599960674,130.23449655007573
33.650329693560536,130.23454489043445
33.65031741421734,130.2346069778298
33.65029638716857,130.23471236128648
33.65027786473172,130.23478780811092
33.6502538285514,130.23487836624372
33.6502568916423,130.23488230887153
33.650267053981395,130.23488557700784
33.65027891873717,130.2348908560283
33.65028008066122,130.2348989490273
33.65028013462057,130.23490367136742
33.65028635972777,130.2349090007499
33.650294918575696,130.23492241233953
33.650297225336715,130.23493116723967
33.65029563983194,130.23494533066253
33.65029738721472,130.23495678262952
33.65030253223614,130.23496616075977
33.650304278719545,130.2349735540863
33.65030264015479,130.23498302214887
33.65030099979134,130.23498907908277
33.650306080960945,130.2349930873612
33.65031008114539,130.2349984698036
33.65031353184406,130.23501124467327
33.650315306206494,130.23502133596594
33.65031533318614,130.23502739289995
33.65031538714544,130.23503481230682
33.65031825238549,130.23504153024248
33.650317720886164,130.23504827515785
33.65031382862037,130.23505708221865
33.650311612690814,130.235063165233
33.650306559400235,130.2350645528869
33.65030038735307,130.23506664111267
33.65030433267884,130.235069300408
33.65030664033924,130.23507603093412
33.65030446757714,130.23508749729024
33.65030449455685,130.23509422781638
33.6503034405514,130.23510299620636
33.65029953209779,130.23510977979254
33.65029449499502,130.23511522698618
33.65029453186719,130.23512131000052
33.65029346796922,130.23512939040916
33.65028844075897,130.23513752297833
33.65028453230536,130.23514430566524
33.6502794952026,130.23514907926665
33.65027386544659,130.23515046692057
33.650269919221444,130.23515119267347
33.6502693868228,130.23515522703212
33.65026719787295,130.2351633326217
33.65025989178065,130.2351694677967
33.650253162153774,130.23517491588973
33.650248107963876,130.2351763287246
33.65024299981462,130.2351723348354
33.65023669376848,130.2351750579826
33.65022972132465,130.2351756155623
33.65022746762361,130.2351762783626
33.650225224714404,130.23518099890407
33.65022691903715,130.23518771683973
33.65022466713475,130.2351964978202
33.650223559169945,130.23520457822872
33.65022130636822,130.23521333312885
33.65021510824073,130.23521875514155
33.650210027071125,130.23522211410932
33.650211197988426,130.23523291766503
33.650205559239225,130.2352436960398
33.650203891896126,130.2352484183799
33.65019880173338,130.2352551623959
33.65020274795853,130.2352558368874
33.65020277493818,130.23526661526216
33.650201639993725,130.23527469477142
33.650198279227254,130.23528077778576
33.650190386776956,130.23528683471966
33.650187586288155,130.23528819719263
33.650189278812206,130.23529021976788
33.6501949193601,130.23529693860291
33.65020282889748,130.23530503160202
33.65020282889748,130.23531377391157
33.65020172093273,130.2353205323168
33.65020061296798,130.23532725025245
33.65019833318655,130.2353333332668
33.65019777470758,130.23534141367531
33.6501949733194,130.2353488330823
33.650192721417,130.23535153014905
33.65018877519185,130.2353562515898
33.650188802171556,130.23536433199843
33.65018710784881,130.2353683924374
33.6501826130372,130.2353717514053
33.65017922529108,130.23537447455237
33.6501826130372,130.23538185528844
33.65016908093838,130.23539133594147
33.65016177484608,130.2353933594161
33.65015161340631,130.2353947209897
33.65014427943498,130.23539674356493
33.65013977473086,130.235404864443
33.65013361257621,130.23541496832615
33.650130224830036,130.23542238683376
33.65012177480014,130.23542980534125
33.65011613515156,130.23544060979634
33.650120666835335,130.2354540600569
33.65012408066184,130.23546483843165
33.65012408066184,130.23547224434867
33.650119585850234,130.23548033734778
33.650112251878966,130.2354857458705
33.65009986461712,130.23548846991707
33.65009197306614,130.23549050598217
33.65007730602292,130.2354945529313
33.65007505412052,130.23549525260387
33.650064333302396,130.2355013356182
33.65006153191422,130.23550269809107
33.6500502517178,130.2355006997975
33.6500417747082,130.23550405966466
33.650031080869724,130.2355081452847
33.650023747797775,130.23551422829905
33.65001022469215,130.2355256937558
33.65000458594295,130.23553377416442
33.65000008123883,130.23553985717876
33.650000000299826,130.23554021960547
33.64999616199333,130.23555469509313
33.64999616199333,130.23555858556028
33.650000000299826,130.2355620488495
33.6500148022414,130.2355755512707
33.650019892404146,130.23558024573185
33.6500283334409,130.23558630356513
33.65003286512467,130.23559435789332
33.65002836042055,130.2356051623484
33.65002669397677,130.235616641295
33.650030667181625,130.23562739269005
33.65003686530912,130.2356321141308
33.650034054028424,130.2356415300327
33.650026747936124,130.23564693855542
33.6500210813079,130.23564897462052
33.65000982899045,130.23565102507484
33.65000813466776,130.23565844358234
33.650000000299826,130.23566430626283
33.649999693631,130.23566452659668
33.649994613360775,130.2356665500713
33.64997938693921,130.23566994771
33.64997149538823,130.23566927411775
33.649963585850855,130.2356612188902
33.64995969358506,130.2356576386892
33.64993933293391,130.2356727239171
33.64992641417274,130.2357010246826
33.64990674779824,130.23575360624397
33.64990219812802,130.23575869011154
33.649899973205265,130.2357640860438
33.64989322469262,130.23577722423954
33.649863919384416,130.23579547328256
33.64982841415002,130.2358144228973
33.64978841410408,130.23584007785735
33.649766440968506,130.23587516220903
33.649752387262936,130.23590885890678
33.64974341382754,130.23593313880338
33.649741748283134,130.23596347563398
33.64973844057664,130.23600795070638
33.64974694636453,130.23604972781277
33.64976164038745,130.2360853832339
33.64976789157498,130.23611503208315
33.64976341385051,130.23613997388077
33.64975610775821,130.2361649156784
33.64973758622068,130.2362296371881
33.64972972075009,130.23627075239335
33.64972469443916,130.2363058106647
33.64971177477861,130.23634488980485
33.64969377484789,130.23637861168368
33.649672360191346,130.23640830100237
33.64965941355115,130.23642652396495
33.64965100039342,130.23645147925242
33.64964708114792,130.23647372218454
33.64963808073287,130.23649933937304
33.6496234406693,130.23652158230527
33.64960541375888,130.2365391442662
33.649583413643654,130.23655063580327
33.64956199988643,130.23656616079973
33.649540387379034,130.2365723085652
33.649540586129206,130.23657296956696
33.64954116169531,130.23657902740024
33.64953946827188,130.23658306085963
33.649532720658556,130.23658914387397
33.64952030641706,130.2365925289222
33.64951355880373,130.2365999744094
33.64950735977686,130.2366040339491
33.64950172102766,130.2366053829321
33.64949155868851,130.2366013620633
33.64948705398439,130.2365986640972
33.64948197281484,130.23659464322827
33.64948210771314,130.23659306132083
33.649455441015846,130.23660007783144
33.649417108312946,130.23661360633298
33.64939119794548,130.23663053157384
33.64936133325898,130.2366561613528
33.64933427895386,130.23668250339483
33.64931289217628,130.2367074712729
33.64930419843006,130.2367332557352
33.64930672102838,130.2367344491356
33.64930955928878,130.23674185505263
33.649311224833184,130.2367438650374
33.64931294613558,130.23674791198664
33.64930899991049,130.23675464341216
33.649304495206366,130.23675802935963
33.64930110835951,130.23676005193488
33.64929716213436,130.23677219188323
33.64929491922521,130.23677625232222
33.64929041362177,130.2367870297976
33.649278027259186,130.23679444920458
33.64926630639496,130.2367944752849
33.64925774844636,130.23682143965777
33.649244225340794,130.23684169868545
33.64922733337477,130.23686800295604
33.64921925206687,130.23687680911746
33.64921833295978,130.23687880741113
33.649212134832226,130.23688622591862
33.64920874798537,130.2368895848865
33.6492042522745,130.23689296993473
33.64920255885107,130.2368936453255
33.649192972977346,130.23689771655643
33.64919525185945,130.23690917032206
33.64919580224455,130.23691658882956
33.64919753164082,130.2369246692382
33.6491980811266,130.2369327496467
33.6491964137835,130.23694216644788
33.6491952788391,130.23694555059672
33.6491907750343,130.23695094742834
33.649186252343725,130.23695163361106
33.64918061269515,130.2369469130697
33.64917722494903,130.23694425377437
33.64917216176593,130.23694963711614
33.64916427920815,130.2369543576575
33.64915241355311,130.23695306083516
33.64914677480385,130.23694564232756
33.649141693634306,130.23693622642577
33.64913997323123,130.23692747062637
33.64914055868991,130.23692138761203
33.64914166665466,130.236914668777
33.64912080238315,130.2369221142642
33.649105027375185,130.23693291782
33.64909713492489,130.2369457457496
33.64908589160069,130.23696058366409
33.64908533312166,130.2369646432038
33.64908419817726,130.2369700256462
33.649080251952114,130.23697406000497
33.649076305726965,130.23697810605483
33.64907349534559,130.2369815045928
33.64907069395741,130.23698555064266
33.649067306211236,130.23698622603354
33.64906222504169,130.23698422773998
33.64906053161832,130.23698422773998
33.64905769425724,130.23698355414774
33.649045864575044,130.2369842538203
33.64903966734681,130.23698561629317
33.64903682908647,130.23698830076955
33.649032333375544,130.23699639376866
33.649031225410795,130.23700786012466
33.64902672070667,130.2370179765984
33.64902053157232,130.23702000007302
33.6490120536634,130.23702002615335
33.64899908094287,130.23701600528443
33.64899569409607,130.23700994835053
33.648996251675726,130.23699983097742
33.64899880215307,130.23699252938184
33.6489793057504,130.23699783358325
33.64896238680478,130.2369998831382
33.64894546785911,130.23700466933008
33.64893197263251,130.23701747117946
33.648920694234675,130.23703771671728
33.648906639629786,130.2370586376461
33.648885224973185,130.23707885890224
33.64886774844791,130.2370883269648
33.64884800023509,130.23709513573203
33.648828829387014,130.2371005577446
33.64881699970482,130.23710461728433
33.6488023326616,130.23711002580706
33.64878935994108,130.237110726379
33.648779197601925,130.23710469462605
33.648756081428076,130.23709328132998
33.648738586016975,130.23708927395091
33.64872166707136,130.23708930003124
33.64871433310003,130.23709133609634
33.64870700002808,130.23709269766994
33.64869400032791,130.23708936388311
33.64868822488171,130.2370813095548
33.64868441355492,130.23708466942207
33.64867597341748,130.23708600491523
33.648666946022786,130.23708469460303
33.648664694120384,130.23708333302943
33.64865677469044,130.23707189365302
33.64865569370534,130.2370670040391
33.64864605387231,130.2370685598662
33.64863308115184,130.23706722437294
33.64861782864995,130.23705849465387
33.64860710783182,130.23704705617672
33.64860055896867,130.2370406997685
33.64860316160667,130.23705313919106
33.64859980173952,130.23706594014106
33.64859755883032,130.23706730171466
33.64858738659865,130.237066640713
33.6485856940746,130.23706933867913
33.64858174784945,130.23707136215376
33.648577225158874,130.23706194625186
33.64857272135407,130.23705588841858
33.64856819776418,130.23705119305816
33.64857269437442,130.2370437736513
33.648574946276824,130.23703972760143
33.64857833312362,130.23703902702948
33.64858116239077,130.23703836602783
33.6485817208698,130.23703230909382
33.64859294620754,130.23703330734133
33.64858564011524,130.23702622607948
33.648571531551,130.23701208783768
33.64856080173968,130.23700267193578
33.648548386598804,130.23699933904834
33.64853316197588,130.23699600526152
33.648517359988205,130.23699399527675
33.64849819813338,130.23699202306352
33.648487613112934,130.23699202306352
33.648486918836284,130.23699542160148
33.648483531989484,130.2370035020101
33.6484767753829,130.23700958502434
33.64846999989061,130.23701297007256
33.64846325227734,130.23701297007256
33.64845872059351,130.23701433164615
33.64845197298024,130.23701503221798
33.648441252162115,130.2370271730656
33.648437305936966,130.23703121911558
33.64842658601816,130.2370312451959
33.64842094636964,130.23702992229312
33.648410224652196,130.23702116739298
33.648406279326366,130.23701444855806
33.64840853212809,130.23700902744474
33.648407387291115,130.23699894874255
33.64840908071454,130.23699352762924
33.64841019767255,130.23698411172745
33.64840625234672,130.23697736681208
33.64840397256535,130.23696861191195
33.64840453194364,130.23696185530548
33.64840563990839,130.23694702998148
33.64840055873884,130.2369409991279
33.64839602705507,130.23693224422777
33.64839474821912,130.23692771704054
33.6483729189751,130.23692622596457
33.64835372114737,130.23691953320997
33.64833338657655,130.23690674395118
33.648318721331975,130.23689263268886
33.648301225021555,130.23687852142666
33.64827919792668,130.23686642014923
33.64825830577627,130.2368597282939
33.64823969430648,130.2368537217219
33.64821713481297,130.23684632929474
33.648201332825295,130.2368355770003
33.64818722516037,130.23681878126183
33.64817702684837,130.23679992157918
33.64816689238825,130.2367884696123
33.648145413879774,130.23676763861567
33.648134693961026,130.23675688722062
33.648117197650606,130.23674610884586
33.64809744134391,130.2367387550895
33.64808333277966,130.2367394421716
33.64806191902238,130.2367415052164
33.648048946301856,130.23674153039735
33.648043305754015,130.2367442544438
33.64803427925864,130.2367469389202
33.64802863961006,130.236746977591
33.64801058571999,130.23673418923147
33.648006054036216,130.23672610882295
33.64800097286667,130.23671399495493
33.64799927944324,130.2367045529728
33.64800094588702,130.23669717313612
33.64800433273382,130.2366904147309
33.648008829344064,130.23668635519118
33.64800997328172,130.23668163375044
33.64800489211211,130.23667557681642
33.64800205385177,130.23666749730717
33.64800036042834,130.23665875499762
33.64800033344869,130.23664863762463
33.64799977496972,130.2366385211509
33.64799805366732,130.2366291052491
33.64799638722354,130.2366291052491
33.6479873328492,130.2366270817745
33.64798113472165,130.23662442337854
33.64797830635382,130.23662038901978
33.64796982934422,130.23661230861126
33.64796702705672,130.23660961064513
33.64796477515432,130.23660625167724
33.64796080194952,130.2365981712686
33.64795966700507,130.23659344982786
33.64795797268232,130.2365894163686
33.64795063961037,130.2365914398431
33.6479410537367,130.23658810605627
33.64792525174903,130.2365766927602
33.64791566677468,130.2365692742527
33.647904359598556,130.23655786005725
33.647902667074504,130.23655516209112
33.6478975859049,130.23656121902513
33.64789591856186,130.23656527856485
33.64788969435398,130.23656866361296
33.64787955899453,130.23656666711804
33.6478727754083,130.23656666711804
33.64786205369086,130.23655795088882
33.64785586455656,130.23654647194223
33.64785133287279,130.23654243758347
33.64784569412353,130.23654313905467
33.647838360152264,130.23654383872724
33.64783158555929,130.23653844369426
33.64781636003704,130.2365263550073
33.647810694308134,130.23652230895743
33.647798828653094,130.23651358013763
33.64779264041806,130.23651022027047
33.64778699987022,130.23651158184407
33.64777682943719,130.2365102463508
33.64776441429632,130.23650352841514
33.6477587746478,130.23649814507337
33.64775313499922,130.23649411161398
33.6477474953507,130.23649413679505
33.647739027334296,130.23649481218592
33.6477305862976,130.23649350187372
33.647715919254324,130.23648810594136
33.64771025172678,130.23648477305392
33.647703468140605,130.23647805421888
33.6477012252314,130.23647197120454
33.64770066675243,130.23646389079602
33.64769389215945,130.23646930021812
33.6476899459343,130.23647333277813
33.64768316234813,130.23647335885846
33.64767697321378,130.23647066089234
33.647672440630686,130.2364666409228
33.64766341413531,130.23646530542953
33.64765835994541,130.2364660051021
33.647642000378085,130.23646063614945
33.64763746779494,130.2364579507739
33.647623918608986,130.23644450141262
33.647622225185614,130.23644247703874
33.64761658643636,130.2364350837122
33.647618278960465,130.2364445265937
33.647615467679714,130.23644992162667
33.64761153224646,130.23645124542873
33.647610972868165,130.2364566674413
33.647614359714964,130.23646542234144
33.64761041438919,130.23647080388457
33.647607026643016,130.2364735018507
33.64760027902969,130.23647486432355
33.64758899973259,130.23647286603
33.647580531716244,130.23646817066958
33.647571468348644,130.2364580802763
33.6475663871791,130.23644461742526
33.647564135276696,130.23643250265798
33.647563558811214,130.23642978041005
33.64755846774915,130.23641968911738
33.64755508090229,130.2364102462359
33.6475561978603,130.23640216582737
33.64755846774915,130.23640014325213
33.647563531831565,130.2363974452859
33.64756577474077,130.23639878077915
33.64756297335259,130.23639070037063
33.64753136038405,130.236378637764
33.64750936026883,130.23637124533673
33.64747553227005,130.23637066077742
33.6474365862295,130.23636130962677
33.64739935969277,130.23634788634592
33.64737000042521,130.23632771725045
33.64733955927329,130.23631632913532
33.64729046798078,130.2363056164112
33.647250413975485,130.236296277851
33.64721091934848,130.23628422783486
33.64718722491057,130.2362761609162
33.647155054362315,130.2362600522597
33.64714174799332,130.23625739296438
33.64713813541664,130.23626613527404
33.647130251959595,130.2362708953856
33.647121774949994,130.23626955899306
33.647113333013976,130.23626888540082
33.64710938678883,130.23626891058177
33.64710599994197,130.2362662261055
33.6471014682582,130.23626488971297
33.6470941621659,130.2362689492527
33.64708286488235,130.23626761286016
33.64707044074828,130.23626358030003
33.64706086476713,130.23626294358007
33.64704844063306,130.23625486407082
33.6470416669394,130.23624678276292
33.64703546791259,130.23624141381026
33.64703208106573,130.23624680884325
33.64702644141721,130.23625221826535
33.64702364002903,130.23625827519925
33.647015747578735,130.2362603373448
33.64700782904811,130.2362603373448
33.64699655874426,130.23625360591927
33.646987532248886,130.23625027213245
33.64696722465777,130.23623413739563
33.64696382881772,130.2362301174261
33.646953667377886,130.23621933905133
33.64695082911754,130.2362146167112
33.64694689188559,130.23621124515296
33.64694238718147,130.23621394311908
33.64693730601192,130.2362160052645
33.646926586093116,130.2362187158211
33.646920946444595,130.23622005221375
33.6469158922547,130.23622411175347
33.64690910776915,130.2362227762602
33.6469017746972,130.2362201169649
33.646889945914324,130.23622416301475
33.646881468005404,130.23622958502744
33.6468685321571,130.23623430556881
33.64686061272715,130.23623566804167
33.646849333430055,130.2362370556956
33.64684369378148,130.23623572020244
33.64683241358506,130.23623033686067
33.646821693666254,130.2362283268759
33.646814946052984,130.23623442337998
33.646808747925434,130.23624050639432
33.64679238655947,130.2362405315754
33.646787864768214,130.23623783360915
33.646781081181985,130.2362331391481
33.646774332669395,130.23622841770737
33.64677264014529,130.236230441182
33.64675686513726,130.23623586319457
33.64675119760972,130.23623588837563
33.64673880225399,130.23623119301521
33.6467342786641,130.23622985662269
33.64672410823107,130.23622447507955
33.64671905404117,130.23622044072079
33.646716224774025,130.2362231386869
33.6466981978636,130.23622319084768
33.64669082881875,130.23621914389844
33.646688585909544,130.23621780840517
33.64668180232337,130.23621511043905
33.646675053810725,130.23621649809297
33.64666886467643,130.23622255502698
33.64666038676751,130.2362266145667
33.6466536400535,130.23622866412165
33.646646864561205,130.23623070018675
33.646636721107825,130.23623204916976
33.646633333361706,130.2362327497417
33.6466248653453,130.23623814477457
33.64662149468626,130.23624894922966
33.64661869419746,130.23625632906635
33.646617559253,130.23626374757396
33.64661419758721,130.23627252855442
33.646608558837954,130.23627861156876
33.646597278641536,130.23628941602374
33.646597864999535,130.23629547295775
33.64659841358599,130.23630019529787
33.64659841358599,130.236305576841
33.64659955932228,130.23631299624788
33.64659899994393,130.23631635521565
33.64659902692358,130.2363291696555
33.64659846844461,130.23634333307837
33.64659564007678,130.23635680941925
33.64659566705643,130.2363601692864
33.646590585886884,130.236367587794
33.646588891564136,130.2363689493676
33.64659172083128,130.23638644567802
33.64659399971339,130.2363898046458
33.646599080882936,130.23640596636233
33.64659569403608,130.23641204937667
33.646591774790636,130.23642350224293
33.64658838704446,130.23642891076565
33.64658049459422,130.23643499378
33.646578251685014,130.2364370298451
33.646570918613065,130.2364424122876
33.64656980165506,130.2364498307951
33.64657038711374,130.2364558877291
33.646568108231634,130.23646130974168
33.64656191909734,130.2364673666757
33.64655910781664,130.23646939015032
33.64655516159149,130.2364727760978
33.646547829418864,130.23647749663917
33.64654164028451,130.23648224416036
33.64653544125764,130.23648092125757
33.646532612889814,130.23647888519247
33.64652753172027,130.23647686081858
33.646511747719046,130.2364809473379
33.64650272122367,130.23647555140565
33.64650102690092,130.23647355401135
33.646495387252344,130.23647425368392
33.64648635985765,130.23647425368392
33.64648297301085,130.23647358009168
33.64647110825507,130.236462826898
33.64646546770723,130.23646350228887
33.646460972895625,130.23646418937085
33.646452494986704,130.2364635283692
33.6464446133283,130.23646085558403
33.64643838732178,130.23645817110776
33.64643444109663,130.23645953268135
33.646428251962334,130.236462218057
33.646415828727584,130.23646024584377
33.64641300035976,130.23645822326841
33.646400586118205,130.2364474709741
33.64639946826088,130.2364454466001
33.64639494557031,130.23643669259934
33.646386107932585,130.2364186899706
33.64636025242379,130.2364483010483
33.646362251616665,130.23645224367613
33.64636674822691,130.23646369564312
33.64637186536936,130.2364751359188
33.64637297333411,130.23647783388503
33.64637694563959,130.2364832172268
33.64638258618743,130.23648791168785
33.64639782879681,130.23650002555576
33.646403468445385,130.2365108039305
33.64640461328236,130.23651552537126
33.646405748226755,130.2365236057799
33.64640461328236,130.23653036328574
33.646405748226755,130.23653102518676
33.64641477472213,130.2365411146808
33.64641816156893,130.2365444754472
33.64642213477373,130.23655053238122
33.64643061268271,130.2365613098566
33.646431720647456,130.2365633072509
33.646445278826604,130.2365673281198
33.64644866657278,130.23657136157908
33.64645825244645,130.23657944198771
33.64645713458913,130.23658347634637
33.64645374774233,130.23659158193607
33.6464498024165,130.2366003368361
33.646446413771,130.23660775624307
33.646444197841504,130.2366131647658
33.64644080200145,130.23662260674791
33.6464357208319,130.23663204873014
33.646427829280924,130.23663810566416
33.64641486465433,130.23664153028244
33.64640810804781,130.23664153028244
33.64640077497586,130.2366388332157
33.64639513532728,130.2366348384271
33.646394000382884,130.23663347595425
33.64638835983499,130.23664291793636
33.64637482863549,130.23664024605057
33.646369197980164,130.2366389105573
33.64635453183621,130.23663219172238
33.646345495448315,130.2366234503121
33.64634322466014,130.23662144032733
33.64633644107397,130.2366147205929
33.64633249484882,130.23661269801767
33.64632516177687,130.236612724098
33.646320666965266,130.2366120226268
33.64631219804954,130.23661138770547
33.64630599992199,130.23660533077145
33.64630316166165,130.23659795093477
33.64630033329382,130.23659119342892
33.646291305899126,130.23658717256
33.64628566714987,130.23657505779272
33.6462743599738,130.23657372229945
33.64626772117845,130.23657644634602
33.6462629997377,130.23657949414837
33.646258252216626,130.23658591440847
33.6462546666196,130.2365926332435
33.64625330594538,130.23659832685132
33.64625138679213,130.23660505827684
33.64624777511477,130.23661243811364
33.64624166691942,130.23661985662113
33.64623663970923,130.23662494228734
33.64623246775426,130.23663033732032
33.6462285862803,130.23663472061594
33.646225828958904,130.23664177669673
33.64622253204425,130.23664949377917
33.64621894644728,130.2366582486793
33.646213359858734,130.23666367069188
33.64620780204848,130.23667175110052
33.64620280181788,130.2366771344423
33.646200891657884,130.23668386496843
33.64619869371478,130.23669124480512
33.64619594628596,130.23670197101922
33.64619294614761,130.23671241214822
33.646187945917006,130.23672046737568
33.646182108417634,130.2367279119636
33.64617766666606,130.23673396889762
33.64617377529953,130.2367403630774
33.646168532252034,130.2367514786979
33.64616633340961,130.23675819663356
33.64616302660244,130.23676691286278
33.64615916221561,130.23677533141642
33.646154413795216,130.2367820493522
33.646149413564615,130.23678814495702
33.64614246810049,130.23679522711814
33.64613941400279,130.23680094680628
33.646136108094936,130.23680766474195
33.64613110786439,130.23681474690306
33.64613027868944,130.2368164457224
33.64612586481684,130.23682619976933
33.646125053628396,130.2368332171793
33.646122306199516,130.23684330667334
33.646118720602544,130.23685102465515
33.646110107795266,130.23686082996335
33.64610286465552,130.2368696109438
33.646095919191396,130.2368790268457
33.64609400003815,130.2368834110406
33.64609041444112,130.23689347625304
33.64608764003259,130.23690022026904
33.6460815318373,130.23690830067756
33.646073467616475,130.23691708165802
33.6460684952649,130.23692917034498
33.64606574783602,130.23693791175526
33.64605991932984,130.23694433201536
33.6460526671969,130.23695141417647
33.64604402740997,130.2369555249776
33.64603310784173,130.23695863843045
33.64602386460973,130.23695905301793
33.646016027018106,130.23695944242434
33.646008747905455,130.23695749719082
33.646003946425026,130.23695286568227
33.64600025201008,130.23694552541576
33.64600216217008,130.2369378083332
33.6460066129149,130.2369307261721
33.646013305669555,130.23692732763413
33.64602055870188,130.23691922204455
33.64602441409551,130.23691316511054
33.64602772090262,130.23690408555512
33.64602991884573,130.23689267225905
33.64603264019422,130.23688128414403
33.64603733285668,130.23686949403202
33.64604508141542,130.23685535668938
33.64605091891485,130.23684861177412
33.64605841386475,130.23683549875932
33.64606310832585,130.2368280802517
33.646066972712674,130.23681832710417
33.64606972104082,130.2368109472675
33.64607638681588,130.2367998307476
33.64608249501117,130.23679208758483
33.64608777493095,130.2367819711111
33.64609666742729,130.2367705317347
33.64610080161077,130.23676277598133
33.64610489172742,130.23674399543916
33.646107918845416,130.2367318941616
33.64611146757022,130.23672014272051
33.64611644082112,130.23670871593458
33.646127721017535,130.23668652426375
33.645972721064254,130.23652408601777
33.64593433260342,130.236474008169
33.64588382937529,130.23640972822648
33.64582225189548,130.23633250344233
33.64586769373915,130.23627416262252
33.645247198399545,130.23547377409545
33.6452072523129,130.2355199479873
33.645058999972946,130.23532483827069
33.64503269390377,130.23528949401498
33.645029333137245,130.23528905334717
33.64501461303399,130.23528108895118
33.645008333068176,130.23526561611538
33.64501053191054,130.23525686121525
33.645003197939275,130.2352575878674
33.64499810777653,130.2352562775552
33.644990774704524,130.23525496814239
33.644985135056004,130.2352543323217
33.6449755320952,130.23525238708805
33.64496591924183,130.23524572041367
33.644958532210524,130.23523433229866
33.64496355942077,130.23522756220234
33.64496746787438,130.23522347568291
33.644957333414254,130.2352235539239
33.644953387189105,130.23522491639687
33.644948892377556,130.23522564214977
33.644913972601785,130.23521736658824
33.644912801684484,130.23520927358913
33.64489866703991,130.2352039945688
33.64488849480824,130.23520204933516
33.64487663994504,130.235197418726
33.644869252014416,130.2351873670034
33.644868865305966,130.23518427963086
33.64485553195726,130.23517647171684
33.644834081327815,130.23517124485716
33.644825559352114,130.23516252862782
33.64482608095892,130.23515581069216
33.64482655939827,130.23515513620066
33.64481366671737,130.23515522703212
33.644805775166446,130.2351552791929
33.64479844119518,130.23515263338743
33.644793892424275,130.2351492996006
33.64478033334575,130.2351433325988
33.644774639737875,130.23513394277734
33.64477458577858,130.23512586326808
33.644776801708076,130.23512111484763
33.64477113507985,130.23511644556754
33.64476553230355,130.2351198566961
33.64475600038918,130.23512802883556
33.644742414331006,130.23511936386762
33.64473219803256,130.2351113617001
33.64472933279251,130.23510260679996
33.64473153163493,130.23509383930934
33.64473941419266,130.23508905311735
33.64474902704603,130.23507477278258
33.64439782919652,130.23487561611682
33.64438066743389,130.23488620023807
33.64437446840702,130.23488963744683
33.64437391892125,130.23488963744683
33.64436994571645,130.2348883010543
33.644367135335074,130.2348876652336
33.644349081445,130.23488238711252
33.64434849508706,130.2348824122936
33.64433833274791,130.2348791045871
33.64433661324415,130.2348777816843
33.6443349189214,130.23487577169954
33.6443365862645,130.23487105115817
33.644338224829255,130.23486224409737
33.6443336940448,130.2348609472749
33.644332026701704,130.23486097335535
33.64431910794053,130.23485766474948
33.644311162430256,130.2348624770218
33.64430891862173,130.2348638385953
33.64430327897321,130.23486389075606
33.64429705386601,130.2348612449506
33.64429025229339,130.234857250162
33.64428686544653,130.23485321670262
33.64428513515094,130.23484985683547
33.64428905439638,130.23484311281948
33.64429299972221,130.23484172516555
33.64429691896771,130.23483966302013
33.64431338735301,130.2348277173254
33.64425946760042,130.23479717275143
33.644256775030215,130.23482041483032
33.64425791896781,130.23482581076257
33.644257945947516,130.23482713366536
33.644250639855215,130.2348305843641
33.644244413848696,130.23483063562537
33.64423822471434,130.23483066080644
33.64423144112817,130.2348280293901
33.644226919336916,130.234824694704
33.64422235977412,130.23481866385032
33.64421444124355,130.2348173931083
33.64421105439669,130.23481335874953
33.644205946247496,130.2348086642885
33.644204802309844,130.23480396892808
33.644209279135,130.2348019202725
33.644193999653396,130.2347905582377
33.64418949494927,130.2347946429585
33.644186693561096,130.2347933326463
33.644182134897676,130.23478863818514
33.64417816169288,130.23478394282472
33.644168585711725,130.2347840336563
33.644162386684854,130.23478678288382
33.644158441359025,130.23478544739055
33.64415391866845,130.23478413707835
33.64414938698468,130.23477878071617
33.6441476665816,130.23477341086425
33.6441487475667,130.23476866424255
33.644150414010426,130.23476328090078
33.6441340544431,130.23476002625432
33.64413010821795,130.23476072592678
33.64412446767011,130.23476077808755
33.64412049536463,130.23475810620175
33.64411933344053,130.23475272375924
33.64412041442563,130.23474530525175
33.64412661255318,130.23474053165023
33.6441300002993,130.23474252904452
33.644137333371305,130.23474379978654
33.644152441082326,130.23473644603018
33.64410525185593,130.2347096894007
33.64408513492111,130.23469827520535
33.644092666743234,130.23472328085484
33.64409497260493,130.23473199708405
33.64408938691571,130.23474418919307
33.64408494606346,130.2347516337809
33.644082134782764,130.23475435782746
33.64407253182196,130.23475308708532
33.644058414264464,130.234748469966
33.64405046785487,130.23474450125775
33.644048197966015,130.23473708185088
33.644033000322736,130.23474328087775
33.64403472072581,130.2347499997128
33.64403363974071,130.23475472115354
33.64401972093344,130.23475483806544
33.64401674777474,130.23476294365503
33.64401680173404,130.23476968857028
33.64400780221837,130.23477852081214
33.64399877482367,130.23477588759715
33.643986973020446,130.2347793643762
33.6439818918509,130.23478208842266
33.64397116203952,130.23477744522302
33.643963775008274,130.2347700779768
33.643962080685526,130.23476671900892
33.64395253168402,130.234774890249
33.64394349529613,130.23477496759074
33.64393444092178,130.23476693934288
33.64392482896773,130.23476364512624
33.64392422462333,130.23475555122775
33.6439191623395,130.2347540862321
33.643914054190304,130.23474830089344
33.643909134898706,130.2347377563425
33.64390844062211,130.23472869027694
33.64391789159748,130.2347103369126
33.64384458605883,130.2347146428665
33.64370316227115,130.23472444907418
33.643665972606584,130.23472555074363
33.643655775193906,130.23472313876186
33.64365027943688,130.23472182934904
33.643638892221134,130.2347191439734
33.643606666814264,130.2347094160068
33.64355010755145,130.2346905581228
33.643507108266476,130.23467082969512
33.64344780157484,130.23463447460142
33.643441586360154,130.23463063629492
33.64337935956985,130.23459250324152
33.643362613294016,130.2346398309635
33.643354135385096,130.23467002570123
33.64341553210119,130.23470525304504
33.64342435984639,130.23471031083227
33.64342525197384,130.23471082974106
33.64341216234146,130.2347598832621
33.64311830616492,130.23459588828973
33.64264346772188,130.23432147905305
33.64236935975822,130.23417050626392
33.64232802691697,130.2341032810416
33.6423040536892,130.23406985683846
33.64219555857824,130.2339073673312
33.64217977457696,130.23390822258648
33.64213816204659,130.23385547285181
33.642029693915276,130.23369836578706
33.64195669414619,130.2335981453382
33.64177025209551,130.2333333327672
33.641742080832444,130.23329333272125
33.64166666728295,130.23318416311872
33.641538864626966,130.23299919595615
33.64153119790649,130.23298936366825
33.64131505394664,130.232671581928
33.64114891858776,130.23242686111087
33.641119278731765,130.23239080369274
33.641086919325915,130.23236425390724
33.6409807480631,130.23227655022265
33.640834279078774,130.23215496817727
33.64068658611711,130.23202664121663
33.64057249542435,130.23193635467908
33.64023977504564,130.23164722443994
33.64027289168064,130.23161061034148
33.640285585611366,130.2316115303479
33.640603081367146,130.2318860825767
33.640596386813854,130.23189561628976
33.64088036034042,130.2321422832398
33.64114155943548,130.23236089493946
33.641453721312246,130.23279999972033
33.64166666728295,130.2331056424115
33.641727108019666,130.23319238741885
33.64182644083763,130.2333333327672
33.641970252325336,130.23353730170516
33.64220599970719,130.23387622560733
33.642682802269576,130.23393452685696
33.64300816169737,130.23414094734687
33.64322700002606,130.23428321739664
33.64342566656131,130.23441116664208
33.643479802151205,130.2344460306598
33.64346072123533,130.23449841796764
33.64346291917843,130.23452250271134
33.643515134715756,130.23455413726367
33.643602108150844,130.234575330687
33.64371274814488,130.2345921920761
33.643861081423836,130.234602554964
33.64398502688755,130.23459566795577
33.644071225106984,130.23458289218684
33.64407946829289,130.23454182914213
33.64408449460382,130.2344690272239
33.6440940004378,130.2343497276579
33.64393097313598,130.23432236128804
33.64399277544629,130.23372219242526
33.64399355875577,130.2336922441018
33.64428738705334,130.23345077793113
33.6442034946956,130.2333333327672
33.64409569386123,130.23318236087732
33.643583801551245,130.23246561559574
33.643565891552726,130.23250241225662
33.643559197898696,130.23251328056347
33.6433318016214,130.2329836709597
33.643004559013264,130.2327519714264
33.64278335996414,130.2325952528687
33.64298953224119,130.23215836581596
33.64274158555577,130.23198557727267
33.64261825163106,130.2322225288467
33.64257561297421,130.23219041495577
33.642687252115024,130.23194771671376
33.64208097325837,130.2315252269077
33.6422771351817,130.23101933937107
33.64254413490397,130.23085180286841
33.64230355906204,130.23033761279066
33.64202902661833,130.2305058876367
33.6420198022721,130.23048105105977
33.64248164011565,130.23018021974144
33.6424075593614,130.23008542220452
33.642427413694236,130.23005596581027
33.642413612698135,130.23005085586237
33.64240794606991,130.23004620007214
33.642400586018255,130.23004085630055
33.642396000375186,130.2300300779258
33.64239655885416,130.23002403358237
33.642385721124185,130.23000725043437
33.64238402680144,130.2300045776492
33.64237836017321,130.23000192015252
33.64237380240911,130.22999386492495
33.642372054127065,130.22998577192595
33.64237480155589,130.22997496837013
33.64237477457624,130.22996891143623
33.64236125236994,130.2299723873159
33.642359027447185,130.22997374799013
33.64235113499694,130.2299738001508
33.64234661320569,130.2299758631956
33.642342107602246,130.2299745528834
33.64233641399437,130.22996513608223
33.64233355864684,130.229956419853
33.64233125188582,130.22994902742573
33.64232897300377,130.2299470039511
33.642328332686475,130.2299348900832
33.642335081199064,130.22993011738106
33.64233619815707,130.2299273933346
33.64233313506617,130.22990766490682
33.64230413462815,130.22992622601453
33.64223882855913,130.22980433190446
33.64229646790773,130.22975713368487
33.642262693868304,130.22969822269488
33.64221846790804,130.22973313887337
33.64213880236389,130.22958108869636
33.64213922504524,130.22956489010767
33.64216546816186,130.2295362520964
33.64212363979419,130.22945855966486
33.64208594560995,130.22946508424627
33.64208074842787,130.2294497544027
33.642067801787675,130.22945147930238
33.6420694682314,130.22946824896053
33.64205180194915,130.229470894766
33.642051134652206,130.2294536709502
33.641936613184214,130.22946880743962
33.64193389183566,130.2294476913579
33.64207310778772,130.22942705641356
33.64205469416885,130.22937243788772
33.6420608023642,130.22936224407238
33.642045774692804,130.22932063603855
33.642129360381716,130.22927380024578
33.64210146790845,130.22917708175703
33.64214530626094,130.22915172537193
33.64213600007639,130.22913847026427
33.64211972144801,130.22911233506625
33.6420518289288,130.2290358630147
33.64200177536168,130.22899600506162
33.64194738706232,130.22896669255886
33.641879694192596,130.22892175073832
33.64167072142669,130.22877822343628
33.64166666728295,130.22877577188444
33.64159655883418,130.2287335019496
33.641568161841235,130.2293954470423
33.641531467703146,130.22939116716873
33.641565161702886,130.22865929978695
33.64151408111002,130.22861678343781
33.641101892138636,130.2296558367475
33.640655440796024,130.23077888493765
33.6406270806753,130.23075968890862
33.641316305802945,130.22902228325188
33.64146410758258,130.22864367136845
33.641487613162894,130.22859412501896
33.641449712134545,130.22856045440153
33.64139930603318,130.22851569424392
33.64135435971599,130.22859846964377
33.641194161681256,130.22891654995885
33.641183180059784,130.22893879379035
33.64104069417277,130.22922713442483
33.64091899971214,130.22946907903486
33.640885467590294,130.2295357457781
33.6408316125889,130.2294986379518
33.641130279239064,130.22890494240926
33.64110253155661,130.22888058427156
33.64103664002897,130.2288240600824
33.640943532318204,130.22875033725836
33.640885080881844,130.22870588826618
33.640815494939204,130.22867907857665
33.640709532319136,130.22861697769144
33.640601891564074,130.22855622578925
33.64043258609502,130.22846228260835
33.640377251708856,130.22846050644728
33.64025872106316,130.22844505789317
33.64023499964554,130.22844131041825
33.640214135374094,130.2284402204399
33.640170162123354,130.22844275023283
33.640077801749214,130.22845263288275
33.639814946102945,130.22850499411027
33.639652864887864,130.228537950666
33.639469946380984,130.2285745009126
33.639376612940396,130.22859247656163
33.639361802005624,130.22861461697107
33.63934164010465,130.22863566830154
33.639311919309705,130.22866352839912
33.639278774795685,130.22868535674388
33.63924566715389,130.22871325641177
33.63922502681356,130.22875116733258
33.63921391928699,130.2287788853373
33.639207251713344,130.22879713438033
33.6392073056727,130.228804254313
33.6393458920993,130.22907180262166
33.639348197961,130.22908124460378
33.6393448650735,130.2290886900911
33.639338666946,130.22909075223652
33.63932569422548,130.22908749669068
33.63918802690597,130.2288228271118
33.639171919148794,130.22883114134413
33.63914153195617,130.22884147905108
33.63909144061756,130.22885938994898
33.63904933256072,130.2288866672859
33.63902294555254,130.22891114143613
33.639002774658366,130.22893016929197
33.63898089235437,130.22894719795488
33.638944306134874,130.2289629702649
33.638922865397944,130.22895775599568
33.638899721345126,130.2289538907096
33.63888916240495,130.2289493896027
33.638863081166335,130.22897085642
33.63882886466041,130.2289928664277
33.638772747864095,130.22902182909422
33.638754080636375,130.22903083040853
33.63875280180042,130.22903338538254
33.63875002739189,130.22903747100258
33.63874610814645,130.2290422437046
33.6387404945782,130.229046355405
33.638734891801846,130.22904844363086
33.638731531934695,130.2290518547594
33.63872538686718,130.2290586644259
33.63872313496478,130.22905936409848
33.63872205397968,130.22906411161955
33.63871530636635,130.22906486435204
33.6387113601412,130.22906625200596
33.63870969369748,130.22907033672675
33.6387080272537,130.22907236110063
33.63870127874105,130.22907243844236
33.63869672097695,130.2290684697341
33.6386955320732,130.22906725025348
33.63869227922538,130.2290752533204
33.63869116226738,130.22907797736684
33.63868894633788,130.2290799999421
33.63868727899478,130.22908408556214
33.63868789233243,130.22908946800464
33.638684000066576,130.2290976131644
33.63868297304083,130.2291070560459
33.638677414331255,130.22911588828765
33.638672360141356,130.22911999998803
33.638668440895856,130.22912338503625
33.638660586217156,130.22912552542277
33.63864425183078,130.22912907864418
33.63863358587133,130.22913325599507
33.63862174809526,130.2291360825642
33.63861441412399,130.2291361608053
33.638606494694045,130.22913155627634
33.638598306366816,130.22912581140713
33.63859636023386,130.22913302217125
33.63859636023386,130.2291336957635
33.63858113471167,130.2291338909164
33.63856389201004,130.22913099869675
33.63854266711047,130.22913988309915
33.63852244135762,130.22914486444404
33.638502721023826,130.22914577185998
33.638462613059176,130.2291388326911
33.63844838668376,130.22913613472485
33.63843663973921,130.22914661542404
33.638423532120385,130.22915130988508
33.638413612598185,130.22915389093941
33.63840482891976,130.22915374794718
33.63839527901894,130.2291513359654
33.63838844057415,130.22914630425862
33.638385586125935,130.22914094699718
33.63838553216664,130.22913555106493
33.63837535993497,130.22913230900895
33.63837308105292,130.22913099869675
33.63836510766362,130.22912297044877
33.63836286475447,130.22912166013657
33.63835666662692,130.22912444893427
33.63835389221839,130.22912783398237
33.63834544128912,130.22912795089428
33.638337531751745,130.22912600476138
33.638328468384145,130.22912341111657
33.63832053186712,130.2291181060158
33.63831877459182,130.2291107261791
33.6383079998144,130.22910208819087
33.638305198426224,130.22910214035153
33.63830013524307,130.22910622597158
33.63829172118602,130.22910902735975
33.63828213531235,130.22910914427166
33.638276467784806,130.22910719813876
33.63826233314023,130.22910263318
33.638256694390975,130.22910066096676
33.63824646820001,130.22909202297853
33.63824472081728,130.22908530504287
33.63824353191353,130.2290792741892
33.6382379192446,130.2290820234167
33.638227720932605,130.22907674439625
33.638222054304435,130.2290748117532
33.63821466727313,130.22906747058732
33.63821122466834,130.22906143973375
33.63820274765874,130.22905953317093
33.63819827892746,130.22906364487142
33.638183585803915,130.22905907901338
33.63816991880674,130.22904374827044
33.638163135220566,130.22904114113578
33.63815630576897,130.22903447536078
33.63815116164682,130.229025109821
33.6381494412438,130.22902241185488
33.63814100020704,130.22902389123965
33.638138197919545,130.2290266152861
33.6381319458327,130.2290192480399
33.638127918668545,130.22901121889265
33.63812497338887,130.2289964196491
33.63812327906612,130.2289937477633
33.638116413641626,130.22898372212114
33.638111252432395,130.22897433229969
33.638106693768975,130.2289663040517
33.638100946201746,130.22895625232923
33.638095829059296,130.22895024575735
33.63809191880705,130.22895299588413
33.638087441082575,130.22895844397704
33.638081197988924,130.22895247697534
33.638069828759626,130.22894313931454
33.6380596133605,130.2289358628998
33.638055667135404,130.22893321709432
33.63804819826578,130.22891644563754
33.63804533302573,130.22891377375174
33.63804366658201,130.22891516230493
33.63803794599448,130.22890713405707
33.63802880168788,130.22889308664674
33.63802427899731,130.2288897798395
33.63801858628875,130.22888241169403
33.63801055894021,130.22886836608234
33.638003197989235,130.2288637219832
33.63799866720478,130.2288631131422
33.63798841403411,130.22884841821997
33.63798272132556,130.2288424116481
33.637975774962115,130.2288249683976
33.637970027394886,130.2288115559087
33.63796946801659,130.22881019523436
33.63796266734329,130.2288048901337
33.637957495342164,130.22879686098645
33.63795686491744,130.22878878057782
33.63795569400014,130.2287827236438
33.63794658566644,130.2287706997081
33.63794144064502,130.22876469493474
33.637935666997464,130.22874858627824
33.63793389173577,130.2287378079036
33.637932666859115,130.22872503213455
33.63792758568957,130.22872442329356
33.63792191906134,130.2287211146878
33.63791733341827,130.2287130873392
33.637914441198575,130.22870503211163
33.63791216231647,130.2287023611251
33.637909865447966,130.22869564229018
33.63790635989062,130.22868488999575
33.63789722457733,130.22867085607515
33.63789033307245,130.228654086417
33.63788972063418,130.22865002597803
33.637886865286646,130.22864603118944
33.63788289208185,130.22864202291112
33.6378777209801,130.22863131018687
33.63787653207635,130.22862391686033
33.63787761306145,130.22861713417342
33.63787589175905,130.22861313938495
33.637870225130825,130.22861050616996
33.63786344064533,130.22860856003706
33.63786002681883,130.228604552658
33.63785546815541,130.22859922237626
33.637847494766106,130.22859189380097
33.6378406940928,130.2285852271266
33.63783497260596,130.2285778859607
33.637831531799804,130.2285711932061
33.637827612554304,130.2285732562508
33.637822559263725,130.2285766925604
33.63781694569553,130.22857810629466
33.63780846778661,130.22857483815835
33.63780105377566,130.2285681705847
33.63779366674436,130.22856019539677
33.63779194634128,130.22855547305664
33.63778510789649,130.2285474708891
33.63777769388554,130.22853744524696
33.63777366672139,130.2285273926251
33.63777361276209,130.22852199669285
33.63777072144171,130.22851325618194
33.63777122506201,130.22850719834855
33.63777510833461,130.22850108925388
33.63777789173639,130.22849564206035
33.637782891966935,130.228486135327
33.637782305608994,130.22848413703332
33.63778055912553,130.22847538303256
33.63778219769034,130.22846997361046
33.63778044131436,130.22846527914942
33.63777758596689,130.22846128436083
33.63777305428306,130.22845593968998
33.637770693562686,130.22844652378808
33.63777066658304,130.2284418032467
33.63777061262374,130.22843641990494
33.637768305862664,130.22843105095228
33.63776430567822,130.2284236711156
33.63776313476092,130.22841966283727
33.63775408128589,130.22841572020934
33.63774789215154,130.2284157723701
33.63774508087084,130.2284164981229
33.63773769383954,130.22841119302223
33.63773033288862,130.22840452724722
33.63772346836345,130.22839518778778
33.637718333234545,130.22838717302966
33.63772274800647,130.22837832729806
33.63772497292922,130.22837428034882
33.63772272102682,130.2283715823827
33.637721559102715,130.22837024599016
33.637715918554875,130.22836830075653
33.6377113598914,130.2283636449663
33.63771074835239,130.22835891093507
33.63770735970695,130.22835761321335
33.63770227943672,130.22835632898148
33.63769889169055,130.22835503215902
33.63769374756845,130.228348366384
33.63768974828332,130.22834166013956
33.63768513476123,130.22833160841708
33.63768510778158,130.2283248644011
33.63768449534325,130.2283215054332
33.637681080617426,130.228318170747
33.63767369358612,130.22831016857947
33.637672558641725,130.22830817118518
33.63766974826035,130.2283095588391
33.6376680539376,130.22831158231372
33.63766749455925,130.22831228288555
33.637661891782955,130.22831435762157
33.637660252318824,130.22831977963415
33.63765572063505,130.2283178083203
33.63765286528758,130.22831447543274
33.63764772116548,130.22830710818653
33.63764199967858,130.2282970816451
33.637636252111406,130.2282843319564
33.637640135384004,130.22827686128824
33.63764066688333,130.22827147884573
33.637632081055756,130.22825741884492
33.6376286402496,130.2282507260902
33.63762686498791,130.22824197119007
33.63762510771261,130.22823391686188
33.637627892013654,130.2282278077672
33.63762841362046,130.2282237482275
33.637626667137056,130.22821635490095
33.63762664015735,130.22821296985273
33.63762658619805,130.22820961088485
33.637619774732855,130.22820430578417
33.63761294618058,130.22819561563517
33.63760891901643,130.22818622581372
33.637604891852334,130.22817752307424
33.637603693955384,130.22816944176634
33.63760025224991,130.2281613883374
33.63759513510746,130.22815741873
33.63759169430131,130.2281486899102
33.63758994601926,130.2281426329762
33.63758761317786,130.22813391674697
33.63758077473301,130.22812658907094
33.63757333284309,130.22811182939745
33.63757435986889,130.22810169943398
33.63757322492444,130.2280996894492
33.63756191864769,130.22809577200235
33.63755849492867,130.22809044082123
33.637552775240465,130.22808038909875
33.637549865034316,130.22807233477045
33.63755146762617,130.22806153031547
33.63755030570212,130.22805680887473
33.63754913478482,130.22805211441357
33.63754625155832,130.22804474716736
33.637541639834865,130.22803333297202
33.63753822510904,130.22802730211833
33.63753810819719,130.2280171982352
33.637540306140295,130.22800907915575
33.63753969370197,130.22800505828684
33.63753677540194,130.22799360631996
33.637534494721194,130.2279882490585
33.63753330581744,130.22798286571674
33.63753327883779,130.22797883315673
33.637531559334036,130.22797547328958
33.637528134715694,130.22797214040202
33.63752530634787,130.22797016908805
33.637520198198615,130.2279641373351
33.63751730597892,130.22795810558216
33.63751441375922,130.2279493902522
33.63751380222027,130.2279433333182
33.63751205393817,130.2279372763843
33.63751313492327,130.22792985697743
33.63751194601957,130.22792313904165
33.63751019773747,130.22791775569988
33.63750458596792,130.2279191703335
33.63750058578347,130.2279131646609
33.63749769356377,130.22790508425226
33.6374942518583,130.22789771700604
33.637492494583,130.22789033716936
33.6374934946291,130.22787749664917
33.6374923057254,130.2278687552389
33.6374922787457,130.22786538278126
33.6374911348081,130.22786338538697
33.63748658603714,130.22785736712387
33.63748313533847,130.2278526978438
33.637480279091676,130.22784664090977
33.63747682929227,130.2278379507609
33.63747674835332,130.22782916978042
33.63747725197368,130.22782105070098
33.63747772141977,130.2278123092907
33.63747886535742,130.2278116078195
33.63747713506177,130.22780961132457
33.637474892152625,130.2278089746046
33.63747266722987,130.22781169865107
33.637469278584376,130.22781308720425
33.63746536023825,130.22781447485818
33.6374619194321,130.22780910500626
33.637459585691374,130.22779972777528
33.63745666739135,130.22778894940052
33.63745827897645,130.2277774713533
33.63746100032495,130.22776936396508
33.63745653159373,130.2277714144193
33.637452532308544,130.22776542223653
33.63745072107395,130.22775330656987
33.63743997327617,130.2277473926281
33.637439919316876,130.22774267208672
33.63743927899958,130.22773321661475
33.63743980240503,130.2277271731706
33.637440865403676,130.2277217511579
33.63744136003078,130.22771364466905
33.63744241403623,130.2277068871632
33.6374395856684,130.22770289237462
33.63743391904018,130.2277002456699
33.637432775102525,130.22769824917498
33.637434413667336,130.22769147907854
33.63743161317848,130.2276928658332
33.63742594565093,130.22769158160122
33.63742538717196,130.22769092059957
33.637422494952204,130.22768422784486
33.6374201980837,130.22767749731872
33.637416775264,130.22767282713937
33.6374167213047,130.22766810569863
33.6374155593806,130.2276627241555
33.6374166403657,130.2276586637164
33.6374176673915,130.22764719825966
33.63741819799151,130.22764247681891
33.63741869441725,130.22763435773948
33.63741641373656,130.227630362951
33.63741633279756,130.22762092096877
33.63741630581791,130.22761822300265
33.6374190271664,130.2276087549402
33.63742069361018,130.22760603089364
33.63742066663053,130.22760267192587
33.637421225109506,130.22759927428717
33.637420027212556,130.22759325602397
33.63742272068208,130.2275797284218
33.637422693702376,130.22757297001658
33.63742374770783,130.2275662260006
33.637430945881476,130.2275506362529
33.63743880235887,130.22754583657115
33.6374376125558,130.22753841806366
33.63743980240503,130.22753097257635
33.637446999679355,130.22751605732026
33.6374525862679,130.22750858575273
33.63745535977711,130.2275065236072
33.63746153182427,130.22750038933157
33.63746202735075,130.22749499429858
33.63746477477957,130.22748619982838
33.63746586475793,130.2274814397167
33.63746749522875,130.22747469480134
33.63747197295322,130.22746858570667
33.63747474826107,130.2274664983803
33.6374786935869,130.22746444882534
33.63748149497508,130.22746372217307
33.63748149497508,130.22746238667992
33.637482585852695,130.22745900073232
33.63748144101572,130.2274570042374
33.6374825318934,130.22745294379843
33.63748305439947,130.22744552529082
33.63748355891914,130.2274401167681
33.63748799977145,130.2274333331818
33.63749305396135,130.22743124495605
33.63749305396135,130.2274292223808
33.637486801874445,130.2274252527733
33.63748566693005,130.22742325627837
33.63748336016897,130.2274192219196
33.63748222522457,130.22741586295183
33.637482720750995,130.22740642007034
33.63748489171445,130.2273969780881
33.63748874800734,130.227388806848
33.6374909189708,130.22737869037428
33.63749427883795,130.22737527924585
33.63749653163967,130.22737457777464
33.63749933302785,130.22737386461222
33.637501000370946,130.22737250303862
33.63749927906855,130.2273678076782
33.63749980157462,130.22736308713684
33.63750144103875,130.2273590006174
33.637503666860766,130.22735494197707
33.63750758610627,130.22735016927493
33.637512640296166,130.22734741914815
33.637519973368114,130.22734730223624
33.637522585898694,130.22734730223624
33.63752708071024,130.227322970179
33.63753461343174,130.22728177673264
33.63754436028404,130.22723311261814
33.63755682938421,130.22717566842243
33.63757553168551,130.22712150495352
33.63758802686601,130.22706538276123
33.637604864872685,130.2270009733163
33.63760263994993,130.22699577163758
33.637599720750586,130.22698369644047
33.63759855882648,130.22697966298108
33.637598441015314,130.22696819662508
33.63759953189293,130.22696211361074
33.63760286478043,130.2269546690228
33.63760561310863,130.22694722443487
33.63760441431231,130.226939805028
33.63760433337336,130.22693105102724
33.63760433337336,130.22692902665335
33.63760425243436,130.22691958467112
33.63760197265299,130.2269182752583
33.63759913529191,130.2269176394376
33.63759744096916,130.22691697843584
33.63758949455956,130.22690900144937
33.637586080733115,130.2269063286642
33.63758591885511,130.2268881452718
33.63758749536669,130.226873281277
33.637586333442584,130.22686791232434
33.637592413758966,130.22686630433657
33.637591332773866,130.22686177714934
33.63759186517251,130.22685771671036
33.63759182919961,130.2268536706605
33.63759177524031,130.22684693923497
33.637594000163006,130.2268428662054
33.63759619810611,130.22683474712596
33.63759949502071,130.22682727555843
33.63759946804106,130.2268245775922
33.63759822517801,130.22680980532834
33.63760038714821,130.2268003372658
33.637603693955384,130.2267901686314
33.63760982913038,130.22678403435577
33.63761827916028,130.22678055757672
33.63762161294716,130.22677581095502
33.63762438735563,130.22677038894233
33.63762374793765,130.22676297043483
33.637629332727556,130.2267554988672
33.637632108035405,130.22675208773876
33.6376309461113,130.22674669270577
33.63763144073846,130.22674063577176
33.63763308110185,130.22673455275742
33.637637000347354,130.22672841758242
33.637637494974456,130.22672099907493
33.63764025229585,130.2267128916867
33.637643586082675,130.22670880696592
33.63764974823732,130.22670333279268
33.637651973160075,130.22669858617087
33.6376535856445,130.226691166764
33.63765297320617,130.22668508374966
33.63765230590923,130.22667499425563
33.63765961290085,130.22667085557555
33.63766127934463,130.22666880691997
33.637666332635206,130.22666403421783
33.6376718023119,130.2266484696512
33.6376955318234,130.22658616102262
33.637713054214146,130.22652664119164
33.63772258612852,130.2264543581822
33.637717414127394,130.22631152965346
33.6376804681791,130.22610474673672
33.63766569411655,130.22606674408507
33.63763582943005,130.2260044228659
33.63758038712524,130.22591610944096
33.63752544124617,130.22581900064642
33.63746777491792,130.22573747080764
33.63742158573763,130.22567533125164
33.63739980235903,130.22563311257818
33.63733508084937,130.22551652356879
33.63732810840554,130.2255071733175
33.637300973161416,130.22547070041253
33.63730064041226,130.22547024625487
33.63727149518343,130.22543542180733
33.637238359662604,130.22539839222213
33.63721091864903,130.22537024613996
33.63719753224035,130.225357950609
33.63712644083262,130.22529905310887
33.63712235970917,130.2252973282092
33.637095774850195,130.2252861999982
33.63708500007277,130.22527958458522
33.63706010773785,130.2252691047854
33.63703125209065,130.22525800265475
33.63701538715043,130.22524805435432
33.63701025202158,130.2252420486817
33.636982468366284,130.22522216557059
33.63696155912868,130.22521566796877
33.63693722527279,130.22520586266046
33.63691510824572,130.22519128375086
33.63688499984295,130.22516469529455
33.63686233333004,130.22515014336454
33.63683908135857,130.2251362524362
33.636800000419726,130.22511243838835
33.63675933307684,130.22509014329557
33.63671953178101,130.22506555133418
33.63666625234572,130.2250267186082
33.63664841429295,130.22502105108072
33.63661772133082,130.2250096629656
33.63658808057551,130.22499999975025
33.63657686513028,130.22499632871768
33.636513360403285,130.22497564161267
33.63644808131397,130.22495425393572
33.6363836673724,130.2249407524139
33.636327054150286,130.22492866372693
33.63627125211667,130.224917977083
33.63618441357988,130.22490046728285
33.636177693845525,130.22489907872955
33.63613316211581,130.22489946813596
33.636123640093956,130.2248994942164
33.63612455920111,130.2249039953232
33.63612338738449,130.22491411179692
33.636110973142934,130.22491469455758
33.636099693845836,130.22491394272436
33.636094081176964,130.2249119201491
33.63608599986907,130.22490700355547
33.63608277490022,130.22491788625155
33.63607819825029,130.22492997403913
33.63607030580005,130.2249299479588
33.63606464007114,130.22493933867963
33.63605110797232,130.22493992233956
33.63604319843489,130.22494121916202
33.63604605378242,130.22493383932533
33.636044360358994,130.22493111527876
33.6360392522098,130.2249411930817
33.63602627858995,130.2249411148406
33.6360262246306,130.22495121872385
33.63602002740237,130.22495455340993
33.63601100000767,130.22495652382463
33.63600363995607,130.2249611931046
33.635999666751275,130.22496791193964
33.635990080877605,130.22496785977899
33.63598444122903,130.22496647212506
33.63596522541485,130.22497374764043
33.63594944141363,130.22497296972688
33.635936440814135,130.22498099887412
33.635932494588985,130.22498097279367
33.63592122518446,130.22498022006118
33.63591669439995,130.224983553848
33.63591274817486,130.22498688673545
33.63590594570286,130.2249922439969
33.63589522488479,130.22499352822877
33.63589008076269,130.22499999975025
33.63588616241651,130.22500494242422
33.63588163972594,130.2250049163439
33.63587149537324,130.2250048381029
33.635867891789815,130.22499999975025
33.63586644118334,130.22499807969768
33.635862494958246,130.22499939000988
33.63586177460127,130.22499999975025
33.635852305639446,130.2250080801589
33.63584725234887,130.2250073930768
33.635841054221316,130.22500464295
33.63584008115487,130.22499999975025
33.635839386878274,130.2249965499509
33.63583402691887,130.22499999975025
33.635833161771075,130.22500055822923
33.63582863997982,130.22500389111678
33.635819612585124,130.22500452693748
33.63581389199754,130.22499999975025
33.635806693823895,130.22499433222276
33.63580094625672,130.22499999975025
33.63579991923092,130.22500102497736
33.635786891651776,130.22500968904603
33.635771107650555,130.22500622575683
33.63576830626238,130.22500688675848
33.63575308074013,130.22500274987704
33.635747414111904,130.22500810623922
33.63574230596271,130.22499999975025
33.63574016197896,130.22499661470204
33.63573546841718,130.22499999975025
33.635732801927304,130.22500194588315
33.63572886469541,130.22500258080447
33.63571758629763,130.2250025286438
33.635703440861164,130.22500849474625
33.63569441436579,130.22500778158394
33.63569158599796,130.22501247694436
33.63568030580154,130.22501238701216
33.63567244123021,130.22501099935823
33.63565608076357,130.22500752257918
33.63565216241739,130.22500075158348
33.63564989162927,130.22500747131778
33.635637441414815,130.22501347609114
33.63562786543372,130.22501678289825
33.63561210841215,130.22500858557783
33.635608162187,130.22500858557783
33.635597414389224,130.22501658864473
33.63559349514372,130.22501182943245
33.635590081317275,130.22501586289184
33.63557935959983,130.2250205060916
33.63556808120205,130.2250163943911
33.635562467633804,130.22501163427955
33.635557999801904,130.22500489026356
33.635554053576755,130.22500080374414
33.63554333275863,130.22500613492525
33.63554108085623,130.22500610884492
33.63553091941645,130.22500941565204
33.63551741429728,130.22500328137642
33.635508973260585,130.2250005321489
33.63550869357141,130.22499999975025
33.635503359692336,130.224989689023
33.63550282909233,130.22498364467947
33.635493801697635,130.22498693889622
33.635479161634066,130.22497944214763
33.63547072059731,130.2249746694455
33.635460613116834,130.22496922225184
33.63545782881579,130.22496311315717
33.63545166666114,130.22495296970385
33.63545000021736,130.2249468866895
33.63543536015379,130.22494544687493
33.635430305963894,130.22493869026846
33.6354274946832,130.22493260725412
33.63542305383095,130.22492313919156
33.635420224563745,130.22492311311123
33.63541402733557,130.2249230870309
33.63541008111042,130.22492238735833
33.635401080695374,130.22491557679245
33.63539661286342,130.224910169169
33.63539549500615,130.22490474715642
33.635392108159294,130.22490608264968
33.63538025239677,130.2249100522572
33.63536505385423,130.22490389100187
33.63535549496015,130.2248957458421
33.63534597293835,130.22488557720771
33.635345999918,130.22487949419337
33.63534827880005,130.22487211435669
33.6353511350469,130.22486807999792
33.63532913493168,130.2248652534288
33.63532580204418,130.22485510997546
33.63532299975668,130.22485238682827
33.63531905443085,130.22484966278182
33.63531344086266,130.22484693873525
33.63530835969311,130.22484625165328
33.63530386488151,130.2248468865746
33.63528864025858,130.22484072621864
33.63527966682324,130.22483325555038
33.63526277485721,130.22482572013098
33.63525435990084,130.22482027203796
33.635251559411984,130.22481352802197
33.635250467635046,130.2248061086151
33.635236946328064,130.22480130983263
33.63522738743404,130.22479516206715
33.63522519758487,130.22478572008492
33.63521169426434,130.22477822333644
33.63520549523747,130.22477483828823
33.6352061076758,130.224768079883
33.63520105438522,130.22476267225954
33.635192026990524,130.22475992213276
33.635186972800625,130.22475852098898
33.63517744088625,130.22474364530308
33.63516789188475,130.2247368347372
33.635159440955476,130.22473744537683
33.63515719804633,130.22473338493785
33.635156667446324,130.22472936406893
33.635152134863176,130.2247279773144
33.63514258586167,130.22472655009028
33.635137531671774,130.2247224770607
33.63512855913575,130.22471163393482
33.63511897326208,130.2247109207724
33.63511280211418,130.22470144011947
33.63511113477108,130.22469603069737
33.63510497261643,130.2246899216027
33.63509708106551,130.22468985685146
33.635089721013856,130.22469319063828
33.63508122511848,130.2247005578845
33.63506830635731,130.2246930611359
33.63505933292191,130.22468155610898
33.63505372115236,130.22467274994756
33.635049225441435,130.22467406025976
33.63504522525699,130.22468483773514
33.635041829416934,130.2246848116548
33.63503508090429,130.2246813879358
33.63502546805097,130.2246867191169
33.63501869435731,130.2246873666287
33.63501194584467,130.22468461740118
33.635005225211046,130.22467649832186
33.635001305965545,130.22467038922719
33.635000224980445,130.22466094724496
33.634994026852894,130.22466024577375
33.634991720991195,130.2246676391003
33.63498663982165,130.2246689494126
33.63497989220832,130.2246655247942
33.63497036029395,130.22465671863267
33.63496755890577,130.22464927404485
33.6349653330837,130.22464252912948
33.6349608652518,130.22463374814902
33.634958640329046,130.22462900062794
33.63495241432253,130.22463033702047
33.63494397328577,130.22462958518724
33.63493555922872,130.22462144002748
33.63493163998328,130.2246146951121
33.634929414161206,130.22460658862326
33.63492889165508,130.22459917011565
33.63493005357918,130.2245877172494
33.63493461314192,130.22458102539406
33.63493799998878,130.22457900102017
33.63492899957373,130.2245749162994
33.63491941370006,130.22457350166587
33.634907612796155,130.22456533132504
33.63490819825478,130.22456130955686
33.63490433296863,130.2245444229868
33.63490491932663,130.22453769066192
33.63490833315308,130.22453031082523
33.63489644141771,130.22454166026944
33.634884054155805,130.2245375620589
33.634875640098755,130.22452671893302
33.63487341427668,130.22451861244406
33.63486672062271,130.22450778190864
33.63486674760236,130.22449836600686
33.63486566661726,130.22449092141892
33.63486569359691,130.22448080404592
33.63485610772324,130.2244814137863
33.63484825214516,130.22447396919836
33.63484322493491,130.2244638392349
33.63484269433491,130.22445841812157
33.63484272131461,130.2244509987147
33.634845585655285,130.22444564235252
33.634842224888814,130.22443822294565
33.63483716170572,130.2244341373256
33.634829891586264,130.22442464318283
33.63482822514254,130.22441924814984
33.63482266733229,130.2244003372059
33.63482213493364,130.22438955883115
33.634823305850944,130.22437944235742
33.63482391918859,130.22437070004787
33.634828440979845,130.22436936365523
33.63481210839217,130.22436185521553
33.634805946237464,130.22435574612086
33.63480202699202,130.22434897512517
33.63480091902727,130.22434561615728
33.63479869410452,130.2243368351768
33.634796468282445,130.2243287160975
33.63478974764877,130.22431992162717
33.63476669442747,130.22430360612657
33.63476394609927,130.22429413716475
33.63476061321177,130.22428333270966
33.6347459731482,130.22427786033506
33.6347346938511,130.22427574602887
33.63472735987983,130.22427705634118
33.63472116175228,130.2242776912625
33.63471663996103,130.22427630360858
33.634704332738806,130.22425533141848
33.63469864003025,130.22426608281353
33.63469074758001,130.2242646951596
33.63468177504393,130.2242599215582
33.634668865275955,130.22424230923525
33.63466722491256,130.22423152996123
33.63466441363181,130.22422880681404
33.63465313523403,130.22422871598258
33.63464305383394,130.2242158628718
33.63463913458844,130.2242064199903
33.63463189234801,130.22419488978244
33.63463982886503,130.22418280199474
33.63463308125176,130.22417941604726
33.63462461323536,130.2241793638866
33.63461958602511,130.22416988323357
33.63461286539149,130.22415972808903
33.634610639569416,130.22415430607646
33.634612946330435,130.2241415303074
33.634602251592696,130.22413741860703
33.634600586048236,130.2241340335588
33.634597225281766,130.22412661505132
33.634589946169115,130.22411914438305
33.63458546844464,130.22410766543646
33.63458382898057,130.22409686098138
33.634582161637525,130.2240880800009
33.63457880177032,130.22408605742567
33.63457205415705,130.22408061023202
33.6345692788492,130.2240725028438
33.63455022491303,130.22403844371922
33.63454680209327,130.2240378600593
33.63451630608273,130.22403282655375
33.63448527857281,130.2240276914249
33.63438966714949,130.22401547323557
33.6343407206478,130.22399849493468
33.63431219774975,130.2239848117497
33.63430338709168,130.22397616117098
33.634277368805556,130.22396776869766
33.634250801933035,130.22395919635994
33.63424982886659,130.2239587808731
33.634237640354854,130.22395321676765
33.63422522521404,130.22394897466552
33.63421133338636,130.2239464718523
33.63419464017056,130.22395360617406
33.63416333297147,130.22396433238805
33.63414005402035,130.22397063573635
33.63407444128251,130.22397557661168
33.634030747720885,130.22398208770323
33.63398925210237,130.22399116725865
33.6339703330645,130.22399919640588
33.63393697271317,130.2240247470445
33.633870946287175,130.22407763887202
33.63385138693201,130.22409875495362
33.63383480163486,130.2241267832245
33.633823251641786,130.22414605659526
33.63381022496196,130.2241618549857
33.633795693716365,130.22416985715324
33.63378113459174,130.22417172504515
33.633765053814216,130.22416749733225
33.63373291923887,130.22415647164394
33.633712467756254,130.2241531648367
33.63370080175065,130.22415328084935
33.63368555914127,130.22416299622535
33.63367102699635,130.22417272419193
33.63364846840216,130.22417814530525
33.63359166722171,130.22418736695352
33.633526053584546,130.2241923087281
33.63346994578143,130.22419455343595
33.633402198053034,130.2242029962713
33.63336941416719,130.2242067833165
33.633340973107465,130.22420791196566
33.63333333336669,130.22420732830562
33.63330961284839,130.22420557732562
33.633256414352104,130.2242104147789
33.6332411348705,130.22421664078536
33.633223721297725,130.22423075204767
33.633202026952006,130.22425883337849
33.633184640358934,130.2242755508761
33.63316574830071,130.22428444876834
33.63314397301599,130.22429858611088
33.633128721413414,130.2243083005876
33.633125829193716,130.22431530540712
33.63312889228462,130.2243362002555
33.63312749473812,130.2243475227201
33.63311905370142,130.224353579654
33.633105919102945,130.22435708161413
33.63300726077654,130.22438670618158
33.632906748048015,130.22441688742947
33.63287449476218,130.22444224381456
33.63281310793866,130.2244849157463
33.63275119770964,130.22451941643794
33.63270133300017,130.22454389058817
33.632662494878275,130.2245739953936
33.63262302723098,130.22460428006355
33.63249997299539,130.2246750576079
33.632406494763984,130.22472133582107
33.632386946200654,130.22473286602906
33.63236364026983,130.22475503161945
33.63232077498384,130.22478797738336
33.63226908105332,130.2248255249781
33.63221353172918,130.2248570821887
33.63218133330196,130.2248717510306
33.63213005395886,130.2248805580914
33.63207474835099,130.2248838388182
33.63191299988512,130.22499999975025
33.631809441152825,130.22507438357604
33.63110930634946,130.22558561578364
33.630950972609355,130.22569596619599
33.63091986505975,130.2257153573779
33.630898414430305,130.22572669333226
33.630869054263485,130.22573596624193
33.63085913474134,130.22574452688843
33.630842694235014,130.22575150472824
33.63079203632344,130.22577482504823
33.630745440649605,130.22579627837558
33.630746224858456,130.22581972819796
33.630739441272226,130.2258516082652
33.630719414269606,130.22588814502194
33.63069427911773,130.22591939016775
33.63063066737146,130.22597380005095
33.6306062786569,130.225994668819
33.63057708126735,130.22601963669695
33.630405720847364,130.226168833325
33.63033277503757,130.22623147919944
33.630266585834306,130.2262883010643
33.63021861329844,130.22632949361127
33.63005794581761,130.22646496838365
33.63000110776494,130.2265169779762
33.6299381983892,130.22657455257365
33.62993510831865,130.2265773665523
33.6298897483133,130.2266133592192
33.62975741397355,130.22672433196237
33.62971200000885,130.22675352755334
33.62967094595746,130.22677280182336
33.62966436022208,130.226774747057
33.62962161274726,130.22678461711644
33.629552296601275,130.22684879363703
33.629485864581056,130.2269103108622
33.62947394586598,130.22692763899943
33.62944849505203,130.2269527498696
33.62932735996975,130.22703900114902
33.62931133315158,130.2270499737773
33.62925497263893,130.22708849533785
33.629116135301445,130.22718345025612
33.62900072080669,130.2272868606002
33.628909134748824,130.2273584700174
33.628832667193876,130.22741847008638
33.62874180239231,130.22748053230077
33.628568801608935,130.22759496833316
33.628495468191375,130.22764252897957
33.62843966705702,130.2276784182245
33.62834325163982,130.22774625228783
33.628265134728224,130.22780147875528
33.628231802255925,130.2278448377691
33.62820558611895,130.2278804671099
33.628185801933284,130.22791319074122
33.628169224730016,130.22794778226444
33.62816058584241,130.22797654977796
33.62815746789289,130.22799286617794
33.628157279035236,130.22800163366855
33.628162306245486,130.22801177712188
33.62816510763366,130.22801379969712
33.62817077516121,130.22801182928254
33.62818146810031,130.22801255503543
33.62818541432546,130.22801661457515
33.62818935965129,130.22801800312845
33.62819500019913,130.22801732773758
33.62820344123588,130.22801875496168
33.62821246773126,130.22802147900813
33.628210161869504,130.228035642431
33.62820505372031,130.22804705572707
33.62820444128198,130.22805313874142
33.62821008093056,130.22805516221604
33.62821230585331,130.2280653047701
33.6282100269712,130.22807405967023
33.628209413633556,130.2280882230931
33.62820489184236,130.22809221788157
33.62819755877035,130.22809150471926
33.62819977469991,130.22809894930708
33.628211053997006,130.228100336961
33.62822180179478,130.2280949940888
33.62823027880438,130.2280909993002
33.628240999622506,130.22808769069445
33.6282449458476,130.22808839216566
33.62825055941585,130.22809516226198
33.62825446786945,130.22810124527632
33.62826180184072,130.2281039954031
33.62826858632627,130.22810199710955
33.62827536001993,130.2281027237617
33.62828155904674,130.228104112315
33.62828830576075,130.22811155600357
33.628291081068596,130.22812236135792
33.62828316163865,130.22812702973874
33.62827749501042,130.2281330605923
33.628273494825976,130.22814652434272
33.62826166694242,130.22814175074132
33.62825772071727,130.2281383656931
33.62825041372565,130.22813358040048
33.628239135327874,130.2281315047652
33.62822446828466,130.2281307520326
33.62821549484926,130.22812194587118
33.628198585796156,130.22811983066572
33.62818277481523,130.22812041522502
33.62817546782361,130.22811700409648
33.62817253243645,130.22811328090324
33.628161585888506,130.22810147910002
33.62816019823464,130.22810147910002
33.62815172122498,130.2281008558699
33.62814549521846,130.22809620007968
33.62814094644756,130.2280894938351
33.62813925212481,130.22808477329374
33.62813753172179,130.22807938995197
33.62813466738106,130.2280733590983
33.62811205392819,130.2280613882225
33.62811038658515,130.22806610876398
33.62810813468275,130.2280681709094
33.62810533329457,130.22807089495586
33.62809266724287,130.22807027172576
33.628074197866,130.2280747467522
33.62805780232577,130.22808593971445
33.6280399193069,130.22810269768138
33.62802513535178,130.22812311319115
33.62801549461943,130.22814224356978
33.62801355927837,130.2281582227239
33.628015802187576,130.22818955870127
33.62801549461943,130.22822518804207
33.62801310781873,130.228244500983
33.628068864886245,130.22839975364582
33.62810163977889,130.22849596581625
33.62810430626877,130.22850386456173
33.62816166682751,130.22867216638747
33.62819446780048,130.22877880709632
33.62821953190593,130.228864112289
33.62823582942002,130.22893050563835
33.62824716177715,130.22899535665044
33.62825353167517,130.2290546948184
33.6282593332017,130.22913861235713
33.62825722519085,130.22922099924983
33.6282500809765,130.2292978598084
33.628238027363125,130.22938827494897
33.628220135351,130.2294937744182
33.628214332925154,130.22951917037346
33.6282090808844,130.2295247470695
33.62819482932798,130.22952800261533
33.628181225283356,130.22951946804903
33.628179801656586,130.2295083919987
33.62818389177323,130.2294703371864
33.62820108141483,130.22935691289126
33.62820933269461,130.22930219184275
33.6282142250065,130.22923641992486
33.628214440843806,130.22916591397586
33.62821235981261,130.229094668784
33.62820725166341,130.22902105118067
33.628196919352376,130.22895936398356
33.628177892395854,130.228880336958
33.62815897335798,130.2288250583298
33.62812833255657,130.22873929987884
33.6280207475595,130.22872949367127
33.62785113542162,130.22872705560917
33.62775041405041,130.22875564235903
33.62767449508192,130.22878596569979
33.62752761330876,130.22884561593253
33.6274320000868,130.22889985674306
33.627325666946035,130.2289581454022
33.62730016217279,130.22898311328015
33.62722702660602,130.2290569134459
33.62711938675034,130.22917552503054
33.62704794640564,130.22925924831577
33.626955864821355,130.229351997197
33.62687038695884,130.2294378078086
33.626800053679574,130.22952033679417
33.627510054045786,130.2313003109606
33.62752025235784,130.2312936451856
33.62796122503056,130.23241163378998
33.6279968022107,130.23239294407915
33.628014721202476,130.2324321401312
33.62868741409295,130.23204422835852
33.62871144128002,130.23210299635628
33.62868219802505,130.2321196886728
33.6280376674045,130.23248756175167
33.62805327873588,130.23252941619967
33.62793741368074,130.23259282739718
33.62792366664394,130.23255958485697
33.627245666854094,130.23294019503408
33.627222198146,130.23288747137974
33.62789669417714,130.2324944487599
33.62788094614882,130.23245632919634
33.62791258609701,130.2324390010591
33.62757110812021,130.23157499359115
33.627283972577345,130.23173518802855
33.627184467988855,130.23148053240072
33.62747672067417,130.23131832707918
33.62676302679233,130.22954505825794
33.62673061342713,130.22957450116235
33.62668627864889,130.22962632909184
33.62665761275866,130.22967204882605
33.62659789237887,130.2297803631733
33.626572667294795,130.22984486434905
33.62654269379033,130.22994797701756
33.626510359565486,130.2300698567385
33.626480892379334,130.23021299643267
33.62651669438998,130.230251698757
33.62656016222178,130.23028852059883
33.62662664010742,130.23034063631133
33.62667089214801,130.2303650583009
33.62671335993366,130.2303833073438
33.626825107892444,130.2304122826008
33.62699141412253,130.2304562783346
33.62700097301655,130.23046341085774
33.627004467782,130.23047477289253
33.6269994135921,130.23049238701412
33.62698558561635,130.23049664080736
33.62682238744327,130.23046396933682
33.62677041382358,130.23044894885993
33.62671672070013,130.23043494191904
33.62667335988772,130.23041569372936
33.626610026931246,130.23038111479673
33.6265740000901,130.23035869020146
33.62651055921498,130.23030549889972
33.62645661338206,130.23025430589155
33.62640958603362,130.2301989112508
33.62631805393511,130.23008291759265
33.62610841387226,130.22981294381236
33.62587946806303,130.2295010247526
33.62587769370066,130.22950328115155
33.62587994560306,130.22950916991238
33.62588355907906,130.22951866405515
33.625884667043806,130.22952741895529
33.62588464006416,130.22953822341037
33.62589133281881,130.22955577188145
33.62589577457038,130.229573332943
33.62589855887143,130.22958411221703
33.62590813485258,130.22958686144455
33.6259267211413,130.22959169889782
33.625945305631376,130.22960055811927
33.625957639833246,130.22962286580264
33.6259609457411,130.2296430870589
33.625961495226875,130.22964847040066
33.6259648649866,130.22965119264848
33.6259636940693,130.22966333259683
33.6259653596137,130.2296687159386
33.6259743870084,130.22966674372526
33.62598510782652,130.22966953342234
33.62598900009232,130.2296823352716
33.625993467924275,130.22969652387553
33.62600016157825,130.22971544741006
33.62600464020204,130.22973367127202
33.62600908105429,130.22974649830235
33.62600789215054,130.22976131013638
33.6260050538902,130.2297666925789
33.62599941424162,130.22976596592662
33.62599827929722,130.22976933928362
33.62598980228762,130.22977403374477
33.62598074791322,130.22977869043427
33.625976801688125,130.22978272389366
33.62597453179927,130.22979077822185
33.6259671618551,130.22979411200868
33.62596322462315,130.22979141404255
33.625960387262126,130.22979408592835
33.62595758587395,130.2297967443244
33.62595302721047,130.22980347574992
33.62594738666263,130.22980613504512
33.62594733270328,130.2298149160256
33.62594166697443,130.2298236448454
33.62593097313595,130.22982358009426
33.6259258919664,130.22981953314502
33.625919666859204,130.22982418893525
33.625919639879555,130.22983160834212
33.62591563969505,130.22984574568466
33.62590377493933,130.22984836630917
33.62589533300326,130.2298503628041
33.62589302714156,130.22985708163912
33.625882864802406,130.229865109887
33.625874413873134,130.22985697821707
33.62586880210358,130.2298522181054
33.625865999816085,130.2298518943495
33.62581525197237,130.22984697775587
33.62581297309026,130.22984785999085
33.62580227925184,130.2298430872887
33.62579577535479,130.22984411161656
33.62573033258883,130.22983121893571
33.625723333165354,130.22983255532824
33.625715413735406,130.22983722370896
33.62570533323458,130.2298257195814
33.62570197336743,130.22981557702735
33.62570425224948,130.22980953268382
33.625716108012,130.22980352791058
33.62572289159823,130.22980019502302
33.625725747845024,130.22979077822185
33.6257190272114,130.22977658871866
33.625718440853404,130.22977632881464
33.62570833337293,130.22977180342605
33.62569480217343,130.22976972779077
33.6256852522726,130.22975819668352
33.62567002675041,130.22975474688417
33.62566500043948,130.2297452788216
33.625656000024435,130.22973713366184
33.62564982887653,130.22972836617123
33.625647612947034,130.22971958519076
33.625649891829084,130.229708806816
33.625642585736784,130.22970605668922
33.62563416178716,130.22969658862678
33.62563136039904,130.2296884704466
33.62562969395526,130.22967902666585
33.62562577470976,130.22967360555253
33.62561733277374,130.22966749735713
33.62561116162584,130.22965871637678
33.62560272058914,130.22965596624988
33.625595386617874,130.22965053164683
33.625590333327295,130.22964510963413
33.62558586459602,130.22963836561814
33.625582494836294,130.2296309210302
33.62557969434749,130.22962819698375
33.625574802035544,130.22961839167544
33.625308946250925,130.22965286628687
33.625207251813265,130.22966635521823
33.625207251813265,130.22966797669585
33.62520327860847,130.22967466855118
33.62519930630299,130.22967869031936
33.62520886519701,130.22968347561198
33.625212252043866,130.22968888503408
33.62521389240726,130.22969900060843
33.625217828739835,130.2296996885898
33.62522516181184,130.22970175073522
33.62522744069389,130.22969639437315
33.62523255873566,130.22969236091376
33.62523930634899,130.22969105060156
33.625246080941906,130.22969377374875
33.62525338703426,130.22970055823419
33.625261278585185,130.2297019458881
33.625266332775084,130.2297060306089
33.625270252020584,130.2297128016046
33.625270252020584,130.22971819663758
33.62527246795008,130.22972697761793
33.62527749516033,130.2297371075815
33.62527353184805,130.22974313933446
33.62526280203673,130.2297430871738
33.62525546806546,130.2297423614209
33.62525322515626,130.2297450575884
33.62524925195146,130.22975243832445
33.62523966697711,130.2297470037213
33.62523799963401,130.22974160778904
33.625239720936406,130.22973150480516
33.62523238696514,130.22973011715123
33.62522564025113,130.22973007758105
33.62521833325951,130.22972530487903
33.62520874828516,130.229717173209
33.62521210815231,130.2297252787987
33.62520982927026,130.2297313357326
33.62520194581322,130.22973330704656
33.62519402728259,130.22973664083338
33.62519230598019,130.2297447212419
33.625184972908244,130.22974669255586
33.62517877478069,130.22974194593417
33.625171440809424,130.2297371984131
33.625166386619526,130.22973581075917
33.62515849506855,130.22973577208825
33.62515286531254,130.2297323609597
33.625152251974896,130.22974180294193
33.625153946297644,130.22974518799015
33.625147721190444,130.22975053176174
33.6251448919233,130.22975255523625
33.62514544140902,130.22975661477597
33.6251471078528,130.22976535708563
33.625140891738795,130.2297673670704
33.62513186524342,130.22976596592662
33.625128467604725,130.22976797681076
33.62512564013622,130.2297719967803
33.62511944110935,130.22977128361788
33.62511266741569,130.22976988337348
33.625105333444424,130.22977053178465
33.62510197267795,130.22976713414596
33.62509636000908,130.22975902675773
33.625091892177124,130.22975024577727
33.62508908089643,130.22974416276293
33.62508797293168,130.22973944222156
33.62508627860893,130.22973605717334
33.62508174782448,130.2297407516345
33.625072161950754,130.2297407003731
33.62506538735778,130.2297379772259
33.62506205357096,130.22972849477424
33.62505641392244,130.22972444872437
33.625053585554554,130.22973046698758
33.625042864736486,130.2297304148268
33.62503386522076,130.22972632920676
33.625022027444686,130.22972221840575
33.62501300004999,130.2297188072772
33.62500741436071,130.22970866382389
33.62500405359424,130.22970055823419
33.62501322488049,130.22968968902796
33.625012559382185,130.22968914403884
33.625008640136684,130.22968372202627
33.62501146760519,130.22967766509225
33.62501544080999,130.2296702717657
33.625017162112385,130.22966422832155
33.62501038662009,130.2296668867175
33.625003612926434,130.22966549906357
33.625000000349814,130.22966172460895
33.62499982857929,130.22966155643576
33.624995197970065,130.22965669290215
33.624992919088015,130.22966274983605
33.62498894588322,130.22966678329544
33.62498330623464,130.2296680801179
33.62497313490229,130.2296666672829
33.62497649476944,130.22967613534547
33.62497253235654,130.2296815051974
33.62496689180864,130.22968147911706
33.62495955873669,130.22968547300627
33.62496177466625,130.22968953344525
33.62496289162419,130.22969627836062
33.62496174768654,130.22970033700096
33.624953865128816,130.22970163382342
33.624949305566076,130.22970900106964
33.62494197339339,130.22970963689033
33.62493464032144,130.22970691284377
33.62493863960657,130.2296988333345
33.624935802245545,130.22969747086165
33.624934694280796,130.22969208841926
33.62493755862147,130.22968469509271
33.6249358651981,130.22968197104615
33.62493249543837,130.2296779124058
33.62493082899459,130.22967116659117
33.62493074805565,130.2296708302447
33.62491672132967,130.22967243823246
33.62491164016012,130.22967105057853
33.6249083063733,130.2296636446615
33.62490663992952,130.22965486368105
33.62489761343414,130.22965481241977
33.6248919728863,130.2296514138817
33.624889197578455,130.2296419710002
33.62488244097193,130.22963450123132
33.624877973139974,130.22962841821698
33.62487741376168,130.22962233520263
33.6248785855783,130.2296149418761
33.62487861255795,130.2296068605682
33.62487410785383,130.22960411224005
33.62487210776163,130.22959830082095
33.62481764032191,130.22957807956482
33.62477080183112,130.2295593385927
33.62475477501289,130.22955291833262
33.62474344085717,130.22954807997996
33.624738359687626,130.2295521656
33.62473382890312,130.22955549938683
33.62473833270792,130.22956024600865
33.62474166739406,130.2295690269891
33.62474333293852,130.22958182883838
33.62474046769847,130.22958858634422
33.624731441203096,130.22959053157786
33.62473708085167,130.2295939427064
33.6247313872438,130.22960671937471
33.624726864553224,130.22961005226216
33.624718973002246,130.22960530474109
33.624722919227395,130.2296093642808
33.6247183596646,130.229617418609
33.62470822520447,130.2296166928561
33.62470033275423,130.22961394272932
33.62469977517452,130.22960992186051
33.62470094609182,130.2296038649265
33.624696945907374,130.2296112447632
33.624687919412,130.22961658943416
33.62468058634005,130.2296192478301
33.62467325236878,130.22961852117783
33.62467066681785,130.2296172504358
33.6246726669101,130.22962525260334
33.62466586533748,130.22962927437163
33.62465686492243,130.22962719783698
33.62465066679488,130.22962513569155
33.6246478654067,130.22961839167544
33.62464730602841,130.22961230866122
33.62464391918155,130.22961902659688
33.624634891786854,130.22961830084398
33.624627585694554,130.22961085625604
33.62462646783729,130.2296047732417
33.62463266686416,130.2295887158466
33.62463105437973,130.2295846167367
33.62463105437973,130.22958328124355
33.624627720592855,130.22956975364127
33.62462777455221,130.2295549157268
33.62463513460381,130.22954888487322
33.6246385322425,130.22954688657967
33.624633468160084,130.22954014256356
33.62462561258201,130.2295326718953
33.624623386759936,130.22952255542168
33.62462172121553,130.22951510993448
33.624616107647284,130.22950902692014
33.624612747780134,130.22949686089146
33.62461149502451,130.229491777024
33.62459972110031,130.22948674441773
33.62455669393631,130.22946732805485
33.62454627888769,130.22947830068313
33.624541197718145,130.2294816596509
33.62453777489844,130.2294849943371
33.624532108270216,130.22949306125588
33.62452813506542,130.2295004671729
33.62452191895147,130.2295078344191
33.62451682878867,130.22950916991238
33.62451680180902,130.22951508385415
33.62451477473712,130.22951902738123
33.624507305867496,130.22952189441992
33.6244977748525,130.22952380008337
33.62448327868043,130.22952328117458
33.6244700811294,130.22951841764097
33.6244667482419,130.22951464318635
33.62446549458696,130.22950819684593
33.62446327865746,130.22950011733656
33.62445874787295,130.22950749717336
33.62445477466815,130.229506809192
33.62444972137757,130.2294993637047
33.62444866737218,130.22948722375645
33.62444925193148,130.22947980524884
33.624443586202574,130.22948719767612
33.62444077492188,130.22948313903566
33.62443516225301,130.22947027243515
33.62443238694516,130.22946622638528
33.62442961343595,130.2294520485732
33.624426829134904,130.22944260659108
33.62441780174021,130.22944391690328
33.62440708092208,130.2294398052029
33.62439977482978,130.22943369610823
33.62438905401166,130.22943297035533
33.62438233337804,130.22942416329454
33.62437219801859,130.22941938969313
33.62436091872149,130.22942136190636
33.62435580157904,130.22942403379216
33.62435861285974,130.22943077780826
33.624365332594095,130.22943958486906
33.62436530561439,130.2294503632437
33.62436244127372,130.22945910465398
33.62436808092224,130.22946116679952
33.624373720570816,130.22946321725374
33.62437822527494,130.22946727589408
33.624381026663116,130.22947335890842
33.62438041422479,130.22948011731364
33.62437813534274,130.22948749715033
33.624382107648216,130.22948620032798
33.624389413740516,130.2294895853761
33.624394440950766,130.22950308689803
33.62439213508901,130.22951518817547
33.62438477503741,130.22952593957052
33.62437235989654,130.22952522730748
33.62436674812699,130.22951574575518
33.62436566714189,130.22950832724757
33.62436227939571,130.22950697826445
33.62435605428851,130.2295116340547
33.624347613251814,130.22950888482728
33.624340891718816,130.2294980803722
33.624339198295445,130.22949333285112
33.624344864923614,130.22948730199744
33.62434938671487,130.22948128373434
33.624339225275094,130.22948457795098
33.62433416209194,130.22948321727677
33.62432910790204,130.22947577178945
33.62432633259425,130.22946700429884
33.62431736005817,130.22945280220517
33.624307748104115,130.22945408643704
33.624303279372896,130.22944866442435
33.624299360127395,130.2294405579355
33.62429655873922,130.2294331394279
33.62429544088195,130.22942369564714
33.62429661269857,130.22942033667925
33.62428644136622,130.229423645285
33.6242808017177,130.22942092123856
33.624274054104376,130.22941413675312
33.62427127879653,130.22940399509832
33.624269613252125,130.2293965891813
33.62426564004733,130.229403969018
33.62426055887772,130.2294059664123
33.62425155936205,130.22939985731762
33.62424708073826,130.22939725018307
33.62423533289433,130.22938866435538
33.62412289155827,130.22941128410355
33.62412513536674,130.2294153310528
33.62412116216194,130.2294213879867
33.62412619836539,130.22943016896716
33.624126720871516,130.22944031062195
33.624118829320594,130.22944294383683
33.62411149534927,130.2294415561829
33.62410641417972,130.22944289167617
33.62409680222572,130.22944620028193
33.62409061309137,130.22944413723724
33.6240872523249,130.2294380542229
33.624078802294946,130.22943530499538
33.6240748920427,130.22942719760715
33.624076053966746,130.22941642013177
33.62408338703875,130.22941510981957
33.62408736024355,130.22941108895066
33.6240975315759,130.22940778214354
33.62409313479037,130.22940247704275
33.624084108294994,130.22940513633807
33.624080135090196,130.2294064457509
33.62407166707385,130.22941516198023
33.624060946255725,130.2294164462121
33.62405533268753,130.22940832713266
33.624055919045475,130.22940092121564
33.624058197927525,130.2293935278891
33.62405541362648,130.22938338533504
33.62404963997898,130.2293906608504
33.62404961299927,130.22939605678266
33.624045639794474,130.22940547268445
33.624045612814825,130.22941422758458
33.624043333033455,130.22941894902533
33.6240376942842,130.2294189112538
33.62403146827768,130.22941885909313
33.62402191927623,130.2294147725737
33.624017359713434,130.2294170037918
33.62399994614066,130.22942027192812
33.623920667305015,130.22941058443098
33.623876224608125,130.2294068090771
33.62371774787579,130.22940717330243
33.623590667375424,130.22941455313924
33.62351582939209,130.22942144014746
33.62346005433807,130.22941569437887
33.623273532247765,130.2293782232265
33.62328005413127,130.22923566809163
33.62323455922757,130.22923530476555
33.62319913493218,130.22923483801742
33.623171585999955,130.22923422827705
33.62315010839086,130.22923671939918
33.62311019827706,130.22924131043817
33.62305908081197,130.22924880718676
33.62303219827737,130.2292547732892
33.623015639959874,130.2292590010021
33.622991108253075,130.2292668610769
33.622973495030806,130.2292738649969
33.622950225072884,130.2292847207134
33.62292499998881,130.2292985855613
33.62290013463354,130.22931435787143
33.62285844116417,130.229347082402
33.6228178286799,130.2293785856533
33.622767278687036,130.2294175883511
33.62272080172369,130.22945313855155
33.62268922472799,130.22947749668913
33.62260000028982,130.22954605740472
33.62253422477471,130.2295966145922
33.6224402249365,130.2296703886775
33.62242402724712,130.22968289195194
33.62246110809372,130.22974710804272
33.6224360269012,130.22976639400395
33.62237166691892,130.2298121658988
33.62233189170348,130.22983988300427
33.62228086506991,130.2298756679278
33.62222138660775,130.2299243320424
33.62215794573268,130.2299770296163
33.622119134590434,130.23001199705607
33.62206694603276,130.2300576646296
33.622030558563495,130.23009080374766
33.622009026995045,130.23010997369636
33.62198480195707,130.2301371727923
33.6219587476981,130.2301672757992
33.621940612869025,130.23019150533378
33.62192572099531,130.23020474695159
33.621909945987284,130.23021654965407
33.62188169378521,130.23023286605394
33.621855892235715,130.230251698757
33.62183858568221,130.23026785957416
33.62182133308812,130.2302873280978
33.62179986537154,130.2303170560873
33.621780829421766,130.2303485863183
33.6217602790137,130.23037719824913
33.62173519782118,130.23041425391477
33.62171644066126,130.2304377558978
33.62169466717518,130.23046966294464
33.621676224778014,130.23049569382124
33.62165472108853,130.23051885855853
33.62161555921074,130.2305509472685
33.62158730610935,130.23056795075036
33.62156786456535,130.23057832712811
33.621561224870675,130.2305814792519
33.6215523332736,130.230585668294
33.62154353160872,130.2305898573361
33.62151977511758,130.23059697816802
33.62149113530768,130.23060269785628
33.62146735993076,130.23060547316413
33.621428027181764,130.23060654965263
33.621409108143894,130.23060780780418
33.62139694571255,130.23061302207338
33.6213744680573,130.23062635542203
33.62135619832992,130.23063233501432
33.621332413959806,130.2306347469961
33.621292775441304,130.23063727588965
33.621260774864936,130.230637561874
33.62124491891791,130.23064136240896
33.62121600031821,130.230650362824
33.621180999603496,130.23065977962517
33.62115538691165,130.2306654732331
33.62112613466343,130.23066608297336
33.62108802679103,130.23067007776194
33.621073107937605,130.23067386480704
33.621044801776236,130.23068433201638
33.621015532440936,130.2306871082235
33.62094994578342,130.23068481225437
33.6208886668785,130.23068788613705
33.62083253209573,130.23068730157775
33.62079436037146,130.23068252887572
33.62074946801357,130.2306727235674
33.620700026884776,130.2306601690317
33.62069616159863,130.23066958493348
33.62069277475183,130.23067900083527
33.620681494555356,130.23067975356787
33.6206767479336,130.23067756192006
33.62064810812376,130.23067613469595
33.62063686479951,130.23066802910637
33.62063194640723,130.23065130981013
33.62063136004929,130.23064666661048
33.62055646810654,130.23063724980932
33.62051558582567,130.2306350581615
33.6204905855721,130.23063345017363
33.620462161599505,130.23062785998786
33.62043961289788,130.23062841756746
33.620403080637686,130.23064152968288
33.62035500018317,130.23066092086492
33.620319440989476,130.2306805323807
33.62027844089738,130.23070861191297
33.62024780189461,130.23073403394858
33.620209586103556,130.23076791230937
33.620180162084864,130.2307962517457
33.62014649506477,130.23082535740434
33.62010280240247,130.23086291758966
33.620055441405555,130.2308986899227
33.620013613037884,130.2309377169022
33.61996658568944,130.23098077824034
33.619932972628646,130.23101608292598
33.61990238668585,130.23105280224513
33.61986905421355,130.23108807995095
33.619836306300556,130.23112119298878
33.61981089235883,130.23115166022103
33.61976910805794,130.23120272372682
33.619750332911565,130.23122330740978
33.61972155910274,130.23125671902244
33.61971097318292,130.23127177727076
33.6196901349918,130.23130622580175
33.61967110803528,130.231333721674
33.619648134853605,130.23136603071782
33.619630278814384,130.23138805421536
33.619611224878156,130.23141627763914
33.619590053937884,130.2314474706243
33.619576775447854,130.23147016861344
33.61956169381716,130.23149291786387
33.61954322533961,130.2315182229877
33.619527774986864,130.2315358631896
33.61950477482554,130.23156306138628
33.61949266725287,130.23157808006442
33.61948061274012,130.2316004408077
33.61945644076218,130.23163856037138
33.61941746774198,130.23169944177585
33.61940686473508,130.2317097282214
33.6193965863834,130.23172403373724
33.61937997320723,130.23174749704947
33.619355197784216,130.2317867443628
33.619316802128765,130.2318417513958
33.619268999564724,130.23190416344642
33.6192248653353,130.23196797664082
33.6192189459976,130.23197405965516
33.61921608075755,130.23198658900992
33.6192182247413,130.23198752340556
33.619222278885104,130.2319975229674
33.61922044067086,130.2320077563529
33.619225612671926,130.23201988281141
33.619213639997554,130.23202929961258
33.61920755878185,130.23203654994688
33.61921541435993,130.23204600541885
33.61921246818093,130.23205625229423
33.61921033319038,130.23205992242754
33.619214224556856,130.23208508365974
33.6192108287168,130.23209396896152
33.61920627904658,130.23209933881355
33.61920446781198,130.2321101171882
33.61919382883218,130.23212085599278
33.61918641392191,130.23212216630498
33.61918527897751,130.23212216630498
33.61918030572656,130.23212619976437
33.61918413503986,130.23213430625333
33.61917913480926,130.23214291816123
33.61917125225153,130.23215044099015
33.61915927867784,130.23215308679562
33.61915138712686,130.23215442318815
33.619143494676564,130.2321562775902
33.61913738738059,130.23216566831104
33.619133972654765,130.23217455271345
33.619112999565345,130.23218797689367
33.61910577531131,130.232190636189
33.61909269377287,130.23219058402833
33.6190854677202,130.232189753954
33.61908477524224,130.23219866443685
33.61908249456155,130.23220671876516
33.6190718915546,130.23221883263307
33.61906286505922,130.2322295849275
33.619047494746155,130.23224299561787
33.61903733330632,130.23224216644292
33.61903577478125,130.23224160796394
33.619027829270976,130.23225910517363
33.6190192524366,130.23226635460867
33.6190086674161,130.2322711929612
33.61899174757116,130.23227383876667
33.61898386501343,130.23227031072634
33.61897582867158,130.23228089484746
33.61898299986558,130.23229503219
33.618981387381154,130.23231861241413
33.61897702656859,130.2323217771284
33.618972946344456,130.23232878104852
33.618962828971405,130.23233418867198
33.61895210815334,130.232336277797
33.61894702698373,130.23233561589598
33.61893908057414,130.23232944205017
33.61893341394597,130.23233966284522
33.618919891739665,130.2323382751913
33.61891955899051,130.2323269131566
33.61891149476975,130.23233238732985
33.618905305635394,130.232334448576
33.618901333329916,130.23233311308275
33.61890022536517,130.23233108870886
33.61889341389997,130.2323257197562
33.61887649495435,130.23232175104806
33.61887594636789,130.23232511001584
33.618867532310844,130.2323393004184
33.6188608287643,130.23235819697322
33.61885802737612,130.23236224392247
33.6188444952773,130.2323676911161
33.618841693889124,130.2323710887548
33.61884230632745,130.2323791700627
33.618847440556976,130.23239868984774
33.618847440556976,130.23239936433924
33.61884808087427,130.23241350168178
33.61884977519702,130.23241888502355
33.61885205407907,130.23242697802266
33.61885377538147,130.2324296633983
33.61885605426352,130.23243572033232
33.61884591890407,130.23244383941176
33.6188374679748,130.23244591414766
33.618829586316394,130.23244795111214
33.61881594629892,130.23245377422234
33.61881594629892,130.23245841832136
33.618800135318054,130.23246858605648
33.61879110792336,130.23246316494317
33.618801306235355,130.23244352824634
33.61880922476598,130.23243763858625
33.618796306004754,130.23244472074737
33.618793440764705,130.23243394327187
33.618792892178305,130.23244136177948
33.618792919157954,130.23244674422187
33.6187895592908,130.23245282723622
33.61878446822868,130.2324541888098
33.61877769363571,130.23245085592237
33.61877597323263,130.2324407520391
33.61877649483944,130.23243133613732
33.61877813520283,130.23241581114087
33.61878319838593,130.23241241170354
33.618793865244754,130.23239282716736
33.618796054194604,130.23238405967663
33.61879549481631,130.2323820487926
33.618797108200056,130.23235914395934
33.61879933312275,130.23235238735288
33.6187993061431,130.2323436063724
33.618794224973556,130.23234296965234
33.618791386713156,130.2323423086507
33.618786918881256,130.23234839166503
33.618781828718454,130.23234639427073
33.61877333282308,130.23233496838418
33.618773865221726,130.23232756156779
33.618774359848885,130.2323113620797
33.61877997341708,130.23230055762474
33.618788972932805,130.2322931130368
33.618809559313775,130.2322630217211
33.61879566658678,130.23227489007422
33.61879780157733,130.23227914386746
33.618779747687256,130.2322831125756
33.618773440741734,130.2322831125756
33.61876061281208,130.2322771338827
33.61875722506596,130.23227360584235
33.618752694281454,130.23228652370415
33.618735108038834,130.2322816340902
33.61872386471464,130.23227352760125
33.61872386471464,130.23227082963513
33.61872172073089,130.23226997437985
33.618721252184116,130.23228128425387
33.61871619799422,130.2322907262361
33.618711694189415,130.23229477318534
33.618707774943914,130.23229683533077
33.61870155882991,130.23229752331213
33.61869989238619,130.23230155587214
33.61868977501314,130.2323110509143
33.61868753210399,130.2323130869794
33.618677946230264,130.23231849460285
33.61867174810277,130.2323192221544
33.61867005378002,130.23231652418826
33.61865764043779,130.23231386489306
33.618651468390624,130.23232267195385
33.61864861304309,130.2323172760215
33.61864186542982,130.23231661501984
33.618618775336245,130.23232547334203
33.618619332915955,130.23232616132339
33.618611441364976,130.23233291792985
33.61860919755645,130.23232955896208
33.61859446756068,130.23231547288083
33.61859446756068,130.23231481187918
33.618582558738126,130.2322953046846
33.61856561281286,130.23228727643675
33.61857064002305,130.2322811934224
33.61856777478306,130.23226705607988
33.618559829272726,130.23225564188442
33.61855472112353,130.23224756237516
33.61854308119831,130.2322373928415
33.61853408078326,130.23222791218848
33.61853794606941,130.23221769139343
33.61854425211561,130.23220907858615
33.61855553231203,130.23220564227665
33.618560054103284,130.23220914423666
33.61857294588481,130.23219165961746
33.618570693982406,130.23218141364134
33.618570720962055,130.2321660568182
33.618574802085504,130.23215258137657
33.61857980231605,130.2321431645754
33.618574865038056,130.23212752266716
33.618574892017705,130.23211272432286
33.6185776133662,130.2321005843745
33.61858213515745,130.2320925030666
33.61858780178568,130.23208661520516
33.61859974837972,130.23208719796582
33.61859977535937,130.23206644610968
33.61861041433923,130.2320562262139
33.61861380208535,130.2320535543281
33.61861902714645,130.23203605711842
33.61862691869737,130.2320341892265
33.61864041392403,130.2320396112391
33.6186550000283,130.23206386505535
33.61867135959562,130.23206313930245
33.61867194595362,130.23206919623647
33.61868153182729,130.23206780768328
33.61868994588434,130.23205900062248
33.61870516241339,130.2320549159017
33.61870853217306,130.2320454730202
33.61872316234411,130.23204406018533
33.61873333277714,130.23204603059992
33.61873730598194,130.2320500523681
33.61874180169286,130.232044642946
33.618748721076656,130.23202427959689
33.618688224581945,130.23179791214397
33.61866797274877,130.23178549880174
33.61865019764855,130.2317718030264
33.61863086492252,130.231751193263
33.61861916204475,130.2317326978058
33.61859974837972,130.2317029698163
33.61859294590778,130.23168847004695
33.61858402733105,130.23167688677893
33.618565918582306,130.23166027180412
33.61855455924558,130.23164577203477
33.61854869386718,130.2316356420713
33.61852858592556,130.2315898827669
33.61851097270329,130.23155394316007
33.61849030628264,130.2315154728608
33.618452333308596,130.23144544714978
33.61842644092758,130.231400116822
33.618411612905675,130.23137144013992
33.618400197810956,130.2313511406427
33.61838635994263,130.2313333853275
33.6183657753603,130.23130661520815
33.61833813469718,130.2312769393793
33.61832094595496,130.23125922183567
33.618301640208585,130.23124555124127
33.61827619838789,130.23122391715015
33.61822744074385,130.23118350161735
33.618214558854845,130.23117233473556
33.61820602698663,130.23116094662043
33.61815786469373,130.23120219222744
33.61811361265313,130.23120438387525
33.61804225234812,130.23121060988183
33.618005586089,130.23121571982972
33.61793894632535,130.23123066116614
33.617861054244315,130.23125608320174
33.6177938020424,130.23127900062548
33.617721251934256,130.2313099480957
33.61762877464827,130.23135141403657
33.61754894632685,130.23138880694796
33.617497720943106,130.23141477307342
33.61747708060284,130.2314197544182
33.617455108366585,130.23142632936162
33.61743313523107,130.23143608340854
33.61741586465047,130.23144739328268
33.61739858597599,130.23145871574718
33.61737197323805,130.23147092134604
33.61732338736448,130.23149208778966
33.61727219795364,130.23151883272806
33.61723294614359,130.23153671934415
33.61721099998772,130.23154968936672
33.61719574838514,130.23156338514218
33.6171652253949,130.23159313921212
33.61713733292163,130.23161491629537
33.617060973285334,130.23167141440433
33.61701644065624,130.2317005317542
33.61700007209572,130.23170859867298
33.616981865320895,130.23171758829608
33.61697691904965,130.23172557697387
33.61696961295735,130.23173243790177
33.61693574808635,130.23175824934378
33.61692182927902,130.23177352792607
33.61689725170686,130.23179050622696
33.616867027291505,130.23181469529197
33.616828892439514,130.2318513102898
33.61679772103804,130.23188267234752
33.61678019774797,130.23190516169393
33.6167569997358,130.23192968890407
33.6167321083002,130.23195422780543
33.616706613419524,130.23198435779193
33.61668413486501,130.23201724959642
33.61666666733288,130.23204433178057
33.61666630580544,130.23204491633987
33.61665736024901,130.23205736655427
33.616644440588516,130.2320730219525
33.61661958602514,130.23209875515352
33.61659105413389,130.23212572042576
33.61657316212177,130.23214383906702
33.61655861288972,130.23216108896315
33.6165400805603,130.23218639408685
33.61652519767978,130.23220763877157
33.616515279056955,130.23222007819413
33.616499000428576,130.2322349943496
33.61648113539616,130.23225627770512
33.616464252423384,130.23227994786134
33.61645272131608,130.2322999739647
33.61644410760954,130.2323140339655
33.61643582935011,130.23232367110063
33.61642589184146,130.23233211393597
33.61639766661909,130.2323554990071
33.616382720785964,130.2323667828008
33.61637441374825,130.23236885933545
33.616367720993594,130.23236691320255
33.61635698218902,130.23237345037455
33.61634510844004,130.23238066113868
33.61634082856642,130.23238827479906
33.61633025163985,130.23240233479999
33.61630738727615,130.2324280536119
33.616275946078076,130.2324674187364
33.616252468376786,130.23249992203387
33.61623061305238,130.23252683514534
33.616190532067435,130.23257461702497
33.61616369359962,130.23260474701158
33.616116386562055,130.23266418860146
33.61608989163523,130.23269749679207
33.616070387138734,130.23272557722362
33.616051225283854,130.2327540857325
33.61603005434358,130.23278416265907
33.61600719807376,130.23280907927563
33.61598430583109,130.23283280159262
33.61596082902906,130.2328657203767
33.6159423056929,130.232889415714
33.61592074804412,130.23291272434278
33.615889973243725,130.23295005160367
33.61584858644318,130.23300347582983
33.61582005365261,130.2330288331142
33.61562855921068,130.2333333327672
33.61546855902685,130.23358771679978
33.615405774656836,130.2336808946576
33.61534938716454,130.2337893394066
33.6152959998106,130.23389108870288
33.615251252243525,130.23397661512877
33.61517363985166,130.23417364489785
33.61516386512034,130.2342080286777
33.615107973154466,130.23434169940992
33.61505469371917,130.2344689489829
33.615010694388104,130.23457936414638
33.61497402722961,130.23469133603635
33.61494713480249,130.23476891065673
33.61491563964512,130.23485294420811
33.61488735956402,130.234916161152
33.614867640129546,130.2349665888371
33.614858467943975,130.23499299563036
33.61477064015298,130.23517286633478
33.6146694952011,130.23537999998712
33.61467355923742,130.23543041508162
33.614674667202166,130.23545788577292
33.614672441380094,130.23547919610803
33.614665135287794,130.23551007792787
33.6146251082622,130.23563600459795
33.61455655923788,130.23584961067104
33.614503612551744,130.23601036268815
33.61449713473502,130.23602613499816
33.614479080844944,130.236063280596
33.61445369388292,130.23612797692465
33.61444127874205,130.23616619991026
33.614431612828696,130.23619992178897
33.61442702718563,130.23621508435872
33.61441086456978,130.236255032244
33.6144016132439,130.2362747211016
33.614390054257626,130.2363045273321
33.614382224759936,130.23632588802934
33.61437433320896,130.23634221791906
33.61436146840708,130.23638328096376
33.614354135335134,130.23641360610316
33.614349108124884,130.2364338003797
33.61433474775043,130.23645972783424
33.614308332863345,130.23651208816239
33.61428708098407,130.23656272359085
33.61427366669642,130.23659481230084
33.614263080776595,130.23662795141888
33.61425574770465,130.23665379973318
33.61423269358397,130.2367184699815
33.61420872125552,130.23678538313902
33.614185667134905,130.236851166748
33.61417091915263,130.2368922181015
33.61416682903598,130.23691189436852
33.614156666696886,130.23693549887423
33.61414597285841,130.2369535275833
33.61413441387214,130.2369822177552
33.614117774615636,130.23702046682115
33.61410108139984,130.2370525807121
33.61409469441469,130.2370795585748
33.61408082866734,130.23711216619358
33.61406558605802,130.2371493001002
33.61404622455365,130.2372032810067
33.61401297302035,130.23728933893187
33.61398853214507,130.23735403436126
33.613973775169654,130.23739505783567
33.61396322522273,130.23743269806062
33.61394616238556,130.23748219224944
33.61392774786731,130.23753727572478
33.613912918946085,130.2375671080357
33.613900919292064,130.23759972824496
33.613892197666814,130.23762783385746
33.613869080593645,130.23768352797254
33.61383582906029,130.23776788617909
33.61381508080137,130.23782413697438
33.613793387354974,130.23787924832868
33.61378049467413,130.2379202718032
33.61376394624915,130.23797143963031
33.61374836009878,130.23803099903148
33.61371438730919,130.23814844419542
33.61368177519381,130.2382636446515
33.613626224970346,130.2384569386369
33.61359086542615,130.23857719777948
33.613534387102334,130.2387738912022
33.61350477512531,130.23887639413033
33.61347825231957,130.23896830124613
33.61346964041161,130.2389981056781
33.613441279391566,130.2391114139607
33.613418162318396,130.23920316459441
33.61337853189377,130.2393431125946
33.613352892222224,130.23943138824802
33.61334033318985,130.23947455300822
33.61330961324808,130.23959616113405
33.61330219833786,130.23963255489855
33.61329694629711,130.23966328113556
33.61327963974361,130.23974863758963
33.61327280219814,130.23977894923917
33.61326682890109,130.23980311312323
33.61325858571519,130.23982316530692
33.613241945559366,130.23987688720865
33.61322041399097,130.23995596639475
33.61319133261395,130.24006024638334
33.61317691917952,130.24011185487825
33.61317635980123,130.24011386486302
33.61315938689626,130.240177366892
33.61314019806173,130.2402548902511
33.613115946044104,130.24035542186527
33.613106333190785,130.24039364485088
33.61309394592894,130.24043858577215
33.61308661285693,130.2404672237834
33.61307599995746,130.2404964724343
33.61305894611354,130.24054147900608
33.61305155908224,130.24056394317154
33.61304980180694,130.24058302228866
33.61304482855604,130.24061389061865
33.61303202670672,130.24066499369462
33.61302382938629,130.2407076908073
33.61300877473519,130.2407728269045
33.613003332937524,130.24080258097445
33.612982694395896,130.2408812446738
33.6129469193649,130.24100936389107
33.61292444081033,130.24109194593666
33.61288822511153,130.24122791173875
33.612867612650234,130.24130766541646
33.61283272075349,130.24143130960726
33.612816666955666,130.2414886117101
33.61279782885674,130.2415521137391
33.61277719840905,130.24162741936993
33.6127651349031,130.241653864834
33.6127598918556,130.2416666666834
33.61274989229372,130.2416909726603
33.61273286542945,130.2417432808278
33.61272041431573,130.24177980499405
33.61270719787893,130.2418376646765
33.61268289190201,130.24192866437647
33.61265816234436,130.2420258631032
33.61261461267429,130.24219046691655
33.61259177529024,130.24228988337143
33.61255744097315,130.24242919555104
33.6125405858794,130.2425066928297
33.61249330582143,130.2426758112398
33.61247174817271,130.24275280220013
33.61242594570086,130.24293089494495
33.612407198433516,130.2430083922236
33.61240272070904,130.24304430575012
33.61238491862912,130.24312294426852
33.61235433268638,130.24326311260268
33.61225446836909,130.24370457810392
33.6121374144102,130.24425644617816
33.612079586204004,130.24452530479903
33.612033495049786,130.24477094742133
33.61198310783419,130.2450396891304
33.611939801880396,130.24524977975364
33.611922801995775,130.24538852086357
33.61191277455498,130.24545258137164
33.61189827928223,130.24551136195987
33.61188094574908,130.2455941373596
33.611861666982406,130.24572403363732
33.61184725174934,130.24579788596373
33.61180110843446,130.2460328662239
33.61174353203842,130.24634347587073
33.61171258636682,130.24651255471065
33.61169389215945,130.24661489036498
33.611686918816304,130.24669136241653
33.611682027403674,130.2467420491064
33.61166977504013,130.2468061347953
33.61164374776081,130.24692452694546
33.61163155924913,130.2469974970369
33.61161869444726,130.2470846692222
33.61161027859151,130.24716824861582
33.611604027403985,130.2472384946609
33.61158974796854,130.24733461689914
33.61156602655092,130.247468079888
33.61154816241782,130.24758552505205
33.61153399989422,130.24770291805532
33.61152258569882,130.247780337093
33.61150091923207,130.24788625204894
33.61148874780753,130.24796277626115
33.6114775863216,130.24808102541908
33.611467666799456,130.24816374775878
33.61145699994063,130.24824291777645
33.61144330596386,130.24831058366658
33.61143277490271,130.2484137475965
33.611425279053435,130.2485275226271
33.61141325241971,130.24862802906034
33.61139769414831,130.24875878059333
33.61138925221229,130.24883705578554
33.611381467680644,130.2489010893139
33.61136855881199,130.24898027192205
33.611351387156844,130.2490897284083
33.61132689232227,130.24921518833037
33.611319026851675,130.24927036263716
33.6113063059413,130.2493753306071
33.611283694287124,130.24957011656772
33.611271720713376,130.24968038873897
33.61125261281791,130.24984050583475
33.611235053554935,130.24999999970032
33.61123077458063,130.25003880724523
33.61121391858751,130.2501997795962
33.611197801837136,130.25036075194726
33.61118313479386,130.25051635534555
33.611158387249816,130.25072717262094
33.61114144132449,130.25087477295244
33.61112886520499,130.2510028660895
33.61111519820787,130.25120377373526
33.611110494753575,130.25128644571294
33.611100774880924,130.25140202298508
33.6110810806274,130.25158525265738
33.611067721198424,130.25171241229805
33.611040612934005,130.25189658895647
33.61102997305488,130.25198552471227
33.611016865436056,130.25214822286227
33.61100422456536,130.25227185536187
33.610987829025134,130.25239016927094
33.61098030619621,130.2524994935568
33.61097108095066,130.2526923873438
33.61095944102544,130.25285596593017
33.610955558652165,130.25294930027007
33.61095108092769,130.25307019523336
33.61093558560884,130.25321513626955
33.61092016223574,130.25336900127843
33.61091161328039,130.25354944215314
33.61089944095647,130.25374946756392
33.6108844141844,130.2539717251151
33.610875413769406,130.25408108897113
33.610866864814,130.2542659662014
33.6108617206919,130.25439929968798
33.61084263977608,130.254682891902
33.610833865090854,130.25495308691552
33.61082386462971,130.2552659142906
33.610814494593285,130.2555618937664
33.61080936036376,130.25581783362622
33.610795386697816,130.25621600486477
33.61077961258911,130.25655732815824
33.61076453185768,130.2568924380356
33.61075469417386,130.2572337217589
33.61074616230559,130.25742302185506
33.61074313518759,130.2576567439636
33.61074122502754,130.25795885861453
33.61073569419699,130.2582761088554
33.6107353596492,130.25833333271714
33.61073458623224,130.25846092133452
33.61073586506819,130.25853011697143
33.61073677518209,130.25857997358696
33.61073258613999,130.25886610908378
33.61073377504374,130.25931569366435
33.61073305378744,130.25993766479144
33.610733107746796,130.26019177722878
33.61075510786196,130.26063763861623
33.61076122505057,130.2609130218185
33.610765720761435,130.26116710817553
33.61077933289994,130.26145133621026
33.61079416182116,130.26169466937358
33.61079561332696,130.26193455273744
33.61080013511821,130.26207046727825
33.61080649512371,130.26213795060596
33.61082102726863,130.26220447525634
33.61082886486025,130.2622745783092
33.6108420543174,130.26236511036166
33.610859000242726,130.26246180277008
33.610884864744776,130.26256289196397
33.61091900031164,130.2626781059099
33.61095682939424,130.26278708215818
33.61099005394789,130.26287299619185
33.61104141422993,130.26300671908484
33.61107544097888,130.2630997278702
33.6110912789394,130.26313691303812
33.61111600040317,130.2631686896833
33.61113400033389,130.26319697785834
33.61115363972874,130.26324658895896
33.611171892368986,130.26331571984463
33.61119546809641,130.26340616106552
33.61121844127808,130.2635196887827
33.61122755860498,130.26354983135968
33.611244865158426,130.26358077793066
33.61128533285188,130.2636346428245
33.61130186508905,130.2636656163752
33.61132905429247,130.26373647216053
33.611345612609966,130.2637700780267
33.61135827866167,130.26377619971186
33.61137982911589,130.26377513581394
33.61139472098961,130.26377944176784
33.61140522507111,130.26379358000975
33.61141208060309,130.26381839230498
33.61141735962349,130.26383166000312
33.61142855888096,130.26383869000358
33.61144566668423,130.26384121889714
33.61145613479283,130.26385177693805
33.611546054406915,130.2639683011962
33.611559467795246,130.26397797700213
33.61159680225069,130.26400077841322
33.611616224908914,130.2640148123338
33.61163349459014,130.26404577239452
33.61166889190588,130.26412189371047
33.61166469387058,130.2641636959978
33.611652080878855,130.26417267213117
33.61164100033193,130.26418077772075
33.611637305916986,130.26418702980766
33.611642585836705,130.2641994161702
33.61166366684478,130.2642418938484
33.611682585882704,130.26429946844576
33.61169913520695,130.26432866403673
33.61172082865335,130.26435158235972
33.61174994600327,130.2643735536966
33.61177016186355,130.2643947210396
33.61178741355832,130.2644247727851
33.611800225300215,130.264452192215
33.61181227891359,130.26447785976552
33.61182346827849,130.26448577200085
33.611836864579686,130.2644865499144
33.61185466665961,130.26448197056652
33.611868775223854,130.26447474721192
33.61187916239351,130.2644755512058
33.61188741367323,130.2644843582666
33.611892720572655,130.2645038645618
33.611892946302476,130.26453938958127
33.61189755892525,130.2645633592117
33.6119088921817,130.264592580883
33.6119336667054,130.2646359138164
33.61197122509202,130.26469866401214
33.61203066668196,130.26481769108364
33.61210313495178,130.26492143957284
33.612121440652004,130.26495914364966
33.612132081430445,130.2649979772749
33.61214694632457,130.26506002599945
33.61215664011689,130.26509263271885
33.61217810783347,130.26512817122818
33.61219780208694,130.26516963716904
33.612222162023215,130.2652359136066
33.61223969430648,130.26529335870157
33.61226330600681,130.26537966304113
33.61227527868124,130.26541469523204
33.612303612721576,130.26546422809167
33.612322801556104,130.2654948643965
33.6123464950947,130.26552630379592
33.61236646813802,130.26553963714457
33.6123742247907,130.26554985704036
33.612391640162116,130.26558756201644
33.61241141355595,130.2656387550246
33.61244808071439,130.26571953303005
33.612464026593614,130.2657388846419
33.61247946795311,130.26574819712164
33.612492640323126,130.2657556677899
33.612524864830675,130.2657716082732
33.612545721008246,130.2657849677022
33.6125611983407,130.26579997378985
33.61257441387812,130.2658160833456
33.612598666795066,130.26586019509205
33.61263849507054,130.2659401691036
33.61266499988989,130.26598372237095
33.61269372063873,130.26601972762842
33.61271653194245,130.26605306099998
33.612734414062004,130.26609182897482
33.612737774828474,130.26612530533862
33.61274080194653,130.26617719801936
33.61274644069573,130.26621282736016
33.612756081428074,130.2662714397752
33.612790531757696,130.26666666663345
33.61284953178051,130.26734350180118
33.61305699998064,130.26729632876265
33.613048162342864,130.26735044097018
33.61305261308769,130.26735311285597
33.61305264006734,130.26735647182375
33.61305322462664,130.2673611932645
33.61304819831577,130.2673659398863
33.613039161927816,130.26736466914429
33.61303861334136,130.2673673671104
33.61303186482877,130.2673735022854
33.61302227895504,130.26737016939785
33.6130161078072,130.26737428019896
33.61301499984245,130.2673783271481
33.61300710829147,130.26738241186888
33.612996386574025,130.26737914373257
33.612994134671624,130.2673778082393
33.61298794643665,130.26737786039996
33.61298458567012,130.2673839434143
33.6129829192264,130.26738936362824
33.61297789201615,130.26739477305046
33.612971693888596,130.26739752317724
33.6129688916011,130.26739688735654
33.612968333122126,130.26740294429055
33.6129655856933,130.2674110507794
33.61295486487518,130.2674111407116
33.61295091865003,130.26741319116593
33.612944748401446,130.26741661488495
33.61293741443018,130.26741466875205
33.61293344122538,130.26741130978417
33.612931198316176,130.26741000037123
33.6129295588521,130.26741875527136
33.61292616211273,130.26742282740167
33.61291886501368,130.26742422764607
33.612913225365105,130.2674215818406
33.612910945583735,130.26741891085408
33.612905829340605,130.26741219201915
33.61289905384831,130.2674122441798
33.61289908082796,130.26741630371953
33.61289402663806,130.26742038933958
33.61289519755536,130.26742710817462
33.612892387173986,130.2674305058133
33.61289016225123,130.2674345779435
33.61288453159591,130.26743192044682
33.61287658608563,130.26742522679285
33.61287210836116,130.26743199688917
33.61286535984851,130.26743474701607
33.612860865036964,130.26743613467
33.61285861313456,130.2674348117672
33.61284730595844,130.26742747060132
33.612849027260836,130.2674348900082
33.61284622497334,130.2674382750564
33.61283497265589,130.26744374833038
33.61280725195314,130.26744744544328
33.61283005426367,130.2674720877667
33.61283063972229,130.26747613471593
33.612832387105016,130.26748352804248
33.61282119774012,130.26748727641677
33.61282402700732,130.26750044069286
33.61282405398697,130.26750852110138
33.61282464034491,130.2675125806411
33.61282072109947,130.2675180026538
33.612814531965114,130.26751669324085
33.61281000028134,130.26751605742015
33.61280835991795,130.26752280233552
33.61280669437349,130.26753092141496
33.6128044676521,130.2675349683642
33.6128022517226,130.2675383660029
33.61278872142242,130.2675398049181
33.612781945930124,130.2675391960771
33.61277580176187,130.26754732774702
33.61275889180945,130.26754341119954
33.61276458631664,130.26755535689426
33.61276627884075,130.2675641117944
33.61276569428139,130.2675694942368
33.612761197671205,130.26757219220292
33.61276344058035,130.2675755511708
33.61276286501425,130.26758430607094
33.6127589187891,130.26759172457844
33.612751027238176,130.26759302230016
33.61274353228822,130.26759302230016
33.61274619787878,130.26759741908563
33.612747332823176,130.26760143995455
33.6127485316195,130.26761089542651
33.612746161905875,130.26762703016334
33.612758720938245,130.2676175621009
33.612763224743105,130.26761752342998
33.6127654946319,130.26762019531577
33.61276835987195,130.2676282487447
33.61277072059232,130.26763516183337
33.612774027399496,130.26763564207124
33.61277910766972,130.26763894887847
33.612781386551774,130.26764163425412
33.61278366723252,130.26764632871516
33.61278594611457,130.2676496885823
33.61278258624742,130.26765444869386
33.612785440695575,130.26766046695707
33.61278602705357,130.26766719838258
33.61278608101287,130.26767800283767
33.61278666737087,130.26768069990442
33.61278494606847,130.26769824927487
33.61280082899509,130.26769406023277
33.612804224835145,130.2676946951541
33.61281272073052,130.26770272430133
33.612813828695266,130.26770069992745
33.612816666955666,130.267702698221
33.61282122471982,130.2677066930096
33.612829162136165,130.2677167438327
33.61282749479312,130.26772416323956
33.612833693819994,130.26772075211113
33.61283761306544,130.26771736706291
33.612843251814695,130.26771730231167
33.61284608108184,130.26771929970596
33.61284833298424,130.26772130969073
33.61285174771007,130.26772666695217
33.612851774689716,130.2677327499665
33.612848440902894,130.26773817107983
33.612850693704615,130.26774083037503
33.61285074766391,130.26775027235726
33.61285422534229,130.26776372171844
33.61285536028669,130.2677677560771
33.61285541424604,130.26777586256605
33.612850919434436,130.26778061008713
33.612847558667966,130.26778263266237
33.61284189203974,130.26777929977493
33.61283966711699,130.26778472088824
33.61283802675359,130.26779147929335
33.61283300044266,130.26779824938978
33.612824559405965,130.26780169918914
33.612817774920416,130.26780377392504
33.61281272073052,130.26780583696984
33.61280882936404,130.26781394255943
33.61280322478905,130.26781736717783
33.6127958917171,130.26781808034025
33.61278349456268,130.26781756233072
33.61278522485827,130.26782557708873
33.61278694616067,130.2678296114475
33.612789252022424,130.2678424123975
33.61278986536007,130.26785116729764
33.61278372119182,130.26785861188546
33.61277808064398,130.267862023014
33.61277077455168,130.2678627757466
33.61276682922585,130.26786549889368
33.612755918650805,130.26786197085335
33.6127566938664,130.26786555105446
33.612759559106394,130.26787364495283
33.61275230607413,130.2678864980635
33.612747802269325,130.26788856020892
33.6127342791637,130.26789069969607
33.6127303599182,130.26789610911817
33.612721918881505,130.26790182880643
33.612724802108005,130.267906912674
33.61271919843233,130.26791438424152
33.6127135857634,130.26791914435307
33.61271025197658,130.267926588941
33.612710305935934,130.26793805439775
33.61270469416638,130.26794549898568
33.61270074794123,130.26794817087148
33.61270927891013,130.26795827475462
33.612705413623985,130.2679690792097
33.61269866690998,130.2679745273026
33.612693081220755,130.26798130998952
33.612690865291256,130.26799077805208
33.61268977531296,130.2679995329521
33.61268046822909,130.26801014315367
33.61268422469726,130.26801505794867
33.61267922536604,130.26802522658295
33.612677000443284,130.26803330699158
33.61267646804464,130.26803871641368
33.61267708138223,130.26805016927995
33.61267882876501,130.26805891069023
33.61267886473786,130.2680623092283
33.612667640299435,130.268073721625
33.61267502733068,130.26808321666715
33.61267449493204,130.26809197066802
33.61267061255876,130.26809941615522
33.61266782915703,130.26810416277692
33.61266844069604,130.26811428014992
33.61266389192514,130.2681221402247
33.612664532242434,130.26812238663888
33.61266735971094,130.2681257204257
33.612669107992986,130.26813583689943
33.612664640161086,130.26814124542216
33.61266353219628,130.26814530496188
33.612663559175985,130.2681513618959
33.61266077487494,130.2681567830092
33.61265799956709,130.26816691297267
33.61265525213821,130.2681750320521
33.61265810838506,130.26818377436177
33.61265213508801,130.26819189434048
33.61265308117481,130.26819255534224
33.61265536005686,130.26819724980328
33.61265482855754,130.26820399471865
33.612653162113816,130.268210077733
33.612652081128715,130.2682148117642
33.61265153164294,130.26821953320496
33.612653279025665,130.2682276127142
33.61265389236331,130.26823499434954
33.61265391934296,130.26824444892225
33.61265282936466,130.2682484949721
33.61265144081142,130.26825408605725
33.612653413923965,130.26825591437898
33.61265402726161,130.268261971313
33.61265235991851,130.26826669275374
33.61265466667959,130.2682774711285
33.612656414062315,130.26828555063776
33.61265700042031,130.26829092138894
33.61265705437961,130.26830036337117
33.61265653187348,130.26830778187866
33.612653162113816,130.26831185490823
33.61265382941076,130.26831639378656
33.61265433303112,130.26831655026865
33.61265827925621,130.2683198831561
33.61266113460374,130.2683259400901
33.61266230642036,130.268332672415
33.61266122543526,130.2683414399056
33.61265899961319,130.26834885931248
33.612656801670084,130.26835697839192
33.612656279164014,130.26836778194763
33.61265744108806,130.26837450078267
33.612659747849136,130.26838121871833
33.61265808140536,130.26838594015908
33.612654720638886,130.26839070027063
33.612660360287464,130.2683919970931
33.61266325160784,130.26840072591278
33.61266102668509,130.26840680892712
33.61265710833891,130.2684115564482
33.61265655885313,130.26841561598792
33.612660586017284,130.26842771726535
33.61266344136476,130.26843780765876
33.612664640161086,130.26844722356054
33.612662026731186,130.26845680943427
33.612663559175985,130.26845800283468
33.61266530565939,130.26846674424496
33.61266249527796,130.2684728659301
33.61266086480714,130.26847961084547
33.612662026731186,130.26848902674726
33.61266546843666,130.2684984444477
33.612667775197735,130.26850852135124
33.612666107854636,130.26851527885708
33.612674027284584,130.26851992205684
33.61265902659284,130.26852652397997
33.61266564020718,130.26853011677156
33.61266399984379,130.26853888516143
33.612665721146186,130.26854494209545
33.612660693935936,130.26855172478236
33.61265791862809,130.26855846969772
33.61266133335391,130.2685678855995
33.61265744108806,130.26857732758162
33.612652305959216,130.26858717335938
33.61265361267414,130.26859625201553
33.61265308117481,130.26860703039017
33.61265313513411,130.26861374832583
33.61265602735381,130.26862856015998
33.61265163956159,130.26864747110392
33.61263869382071,130.26865296955896
33.61264719780996,130.26865897523157
33.61265061343511,130.26866702955988
33.61264782913406,130.26867647244126
33.61264564018421,130.26868525342172
33.61264794604591,130.26869669279824
33.61264689204046,130.26870883274648
33.61264577508251,130.2687142538598
33.612642613066214,130.26871980537476
33.61265372059279,130.2687236059097
33.612659414200664,130.2687282751898
33.612653252046016,130.2687384438242
33.612651612581885,130.26874856029792
33.61265789164844,130.26876199706862
33.61265574766469,130.2687795329491
33.61264844067307,130.2687856681241
33.61264510778557,130.26878608271159
33.61265074833341,130.26879574592704
33.61264855938356,130.26880518790915
33.612648026984914,130.26881464338112
33.61264925186151,130.26882810623215
33.612647053918465,130.26883891068724
33.61264541355507,130.2688530867007
33.61264433256997,130.26885847004246
33.61264830577477,130.26886250260247
33.61265282936466,130.26886717278182
33.612654585740586,130.26888063563285
33.61265463969994,130.26888603066584
33.61265241387787,130.26889547264796
33.61264797302556,130.2689056161014
33.61264686506081,130.268908326658
33.612656414062315,130.2689041888773
33.61265982878814,130.2689102458113
33.612663828972586,130.268920999005
33.612658828741985,130.26893316503356
33.61265380243111,130.26894263309612
33.612648224835766,130.26895077825588
33.61265000009746,130.26896625199095
33.612649467698816,130.26897639364574
33.61265346788326,130.268985771776
33.61266086480714,130.26899583698832
33.612653054195164,130.26901341064047
33.61265197321006,130.26902083004734
33.61264866730221,130.26903163360305
33.61264105364177,130.26903856018146
33.61264364009196,130.2690397796622
33.61264761329676,130.26904513602426
33.61264766725611,130.26905525339726
33.61264602689266,130.26906267190486
33.61264436044894,130.26907077839383
33.61264555924521,130.26908085619664
33.612643918881815,130.26908897527608
33.612640559014665,130.26909505829042
33.61263016195244,130.26910111522432
33.61264116156042,130.26910180320567
33.61264680210826,130.2691051100129
33.61264853240391,130.26910914437155
33.612649694327956,130.2691172238808
33.612647440626915,130.2691206098283
33.612641306351236,130.26912739341458
33.61264244129569,130.26913345034848
33.61264416169877,130.269138832791
33.61264422465132,130.26914557680698
33.612645945953716,130.26915499360814
33.61264036026449,130.2691631387679
33.61263619820204,130.2691664977358
33.61263925229969,130.26916786020865
33.61264436044894,130.2691752265555
33.612642161606516,130.26918333304445
33.61263489238644,130.26919214010525
33.61263330598234,130.2692123613615
33.61262997309484,130.26922046695108
33.61263000007449,130.2692285599502
33.61262789206364,130.26922968859935
33.612630613412136,130.2692339693723
33.61262674812599,130.26925150525278
33.61262286485339,130.26926299589059
33.61262408073679,130.26927647223147
33.61262016239061,130.26928457782105
33.61261313508817,130.26928758785198
33.612613973256316,130.26928800333872
33.612616864576694,130.26929741924062
33.612611829272566,130.26930824887665
33.61260908094437,130.26931769085877
33.612611973164064,130.2693298047268
33.61260805391862,130.26933658921223
33.61260336035684,130.2693473280168
33.61260869423592,130.2693507256555
33.61261097311797,130.2693540603417
33.612613278979666,130.26936620028994
33.61260882913422,130.26937700384576
33.61260833270842,130.26938577223564
33.612608359688124,130.26939386523475
33.612611224928116,130.2693985596958
33.61260958636336,130.26941069964414
33.612606332616224,130.26941238677227
33.61260735964197,130.26941678265848
33.612609107924015,130.26942416339443
33.61260861329691,130.26943630424216
33.61260410769347,130.2694376909967
33.61260472103112,130.26944644589685
33.61260191874362,130.26944983094495
33.61259969382087,130.26945795092377
33.612597585809965,130.26947664063448
33.61259810831609,130.26947749678914
33.61259200012074,130.26949574583205
33.61258864025359,130.26949914437012
33.61258755926849,130.26950319131925
33.61259044069635,130.26951664068054
33.612590467676,130.2695254216609
33.61258772114644,130.26953352814985
33.61258664016134,130.26954094665746
33.612583801900996,130.2695429962124
33.612581666910444,130.2695448641042
33.612586107762695,130.269549688967
33.61258955936074,130.2695631653079
33.61258338731352,130.2695645529618
33.61258116239077,130.26957267204125
33.61257836010327,130.26957739258262
33.61257727911817,130.26958483806993
33.612575666633745,130.26959630442593
33.61256455910717,130.26960525268032
33.61256502675462,130.26960983112883
33.61256446827565,130.26961321707643
33.612562225366446,130.269616614715
33.6125594410654,130.26962066076499
33.612555531712474,130.2696267833494
33.61255669363658,130.26963213971158
33.61255730607485,130.26964291808622
33.61255341380905,130.26965238704804
33.612550359711406,130.26965505803457
33.6125534407887,130.26965778208103
33.612555198064,130.2696685595564
33.61254958629445,130.2696760050436
33.6125439727262,130.2696801167441
33.6125428917411,130.26968752266112
33.61254013531902,130.26969630364158
33.61253344076573,130.26970983124374
33.61252736044935,130.2697098834044
33.61253294613863,130.26972466915822
33.61252958627142,130.26972941578003
33.61252455906123,130.26973620026547
33.61252174778048,130.26973756183907
33.61251727904926,130.26974569440836
33.612511134881004,130.26975516157154
33.61250835957321,130.26976124458588
33.612499558807656,130.26976396863233
33.612505586064,130.26976802907132
33.61250841443183,130.26977272443173
33.61250846839113,130.269780803941
33.61250341420123,130.26978688695533
33.61249894636933,130.26979097257538
33.612497279026286,130.26979771659137
33.61249280220113,130.26980652365216
33.612490613251225,130.2698166671056
33.61248502666268,130.26982275011983
33.61247800025956,130.26982761275417
33.612478892387,130.2698336058363
33.61247213488116,130.26984038942248
33.61246538726783,130.26984311256967
33.61246263983901,130.26985391702476
33.612457054149786,130.26986610913366
33.61245425186229,130.26986747070725
33.61244561297474,130.269868690188
33.61244702670899,130.26988505784925
33.61243972061669,130.26989050594216
33.61244144101971,130.2698952273829
33.61244374778079,130.2699019201376
33.61243589220271,130.26990941598683
33.61243480222441,130.269918832788
33.61242922462907,130.26992832693077
33.61242499961412,130.26993199706408
33.61242755908461,130.26993438386478
33.61242705366567,130.26994518831987
33.61241808112959,130.26995403405147
33.61241641378649,130.2699601170658
33.61241591915939,130.2699695329676
33.612412613251536,130.2699823608973
33.61239513492757,130.2699952787592
33.612398027147265,130.26999730223372
33.612399198064566,130.27000472074133
33.61239416186112,130.27001150522688
33.61238686476207,130.27001425355502
33.6123874412275,130.27002233486292
33.61238525227765,130.27003311323767
33.61238305433454,130.27004258130012
33.612379332939895,130.27004863823413
33.61238366677287,130.27005066080937
33.61238538717595,130.27005605674174
33.61238038694535,130.27007024624493
33.61237591911345,130.27007496768567
33.61237030644452,130.27008041487932
33.61236980192484,130.2700952527938
33.6123687209398,130.27010399510334
33.61235861256,130.2701127760838
33.61235977538337,130.27011552531133
33.61236035994273,130.2701202458527
33.61236097328032,130.27012766525957
33.612356467676875,130.2701317508796
33.612351441366,130.2701358113187
33.61235372114737,130.27014185476287
33.61235153219752,130.2701499738423
33.61234705357373,130.27015674393863
33.6123420272628,130.27016555099942
33.6123381080173,130.27016530458525
33.61233925195495,130.270177029946
33.61233591906745,130.27018311296035
33.612330306398576,130.27019058362862
33.61232641413278,130.2701973276446
33.61232369368355,130.27021355411227
33.61231533268648,130.2702200517141
33.61231808101468,130.27022165970186
33.612316440651284,130.2702318031553
33.61231310776378,130.2702372242685
33.612309612998274,130.27024383878222
33.61228882876651,130.2703212452293
33.612285414040684,130.27032775632097
33.612281494795184,130.27033450123633
33.612280494749086,130.27033442299523
33.612281531667406,130.27033855987668
33.61227594597818,130.2703493904121
33.61227430561479,130.27036016878685
33.61227325160934,130.2703723087351
33.61226880176383,130.27038311319018
33.612262386899715,130.27038929962657
33.612267801717735,130.27040671859527
33.61226222502171,130.2704182227228
33.61225661325216,130.2704249937185
33.61225497288876,130.2704344491906
33.612250532036455,130.27044593982828
33.61225172094021,130.27045603112106
33.61224772075576,130.27046044139627
33.61225061297546,130.27046077774276
33.61225522469891,130.27047622629686
33.61225244129719,130.27048569435942
33.61224572066351,130.27049316502757
33.61225199973006,130.2705065892078
33.61224755887781,130.27052077781173
33.612238440651595,130.27052538323994
33.61224763981676,130.27053627762723
33.612246000352684,130.27054099906786
33.61224716227679,130.27055177744262
33.61223930579939,130.27055586306267
33.61223649541796,130.2705592741912
33.61223655926983,130.27056600471735
33.61223372100949,130.2705680542723
33.612227666773435,130.27059169924757
33.61222577459989,130.27059319122282
33.612226558808686,130.27059372182282
33.61223163997823,130.27059905300393
33.61223110757959,130.27060447501663
33.61222944113587,130.27061055803085
33.61222497330391,130.2706146166713
33.612222162023215,130.27061666712552
33.61221994609372,130.27062411171346
33.61221546836924,130.27063085572945
33.612209333194244,130.2706423868367
33.612201278865996,130.27064688704422
33.612203721424635,130.27064647155748
33.61220600030674,130.27064914434266
33.6121993327331,130.27066807956828
33.612192080600096,130.2706829435631
33.61218425200167,130.27069311309674
33.612167973373346,130.27070124476666
33.61218038671552,130.27070797709155
33.61217874815077,130.2707201170398
33.612177694145316,130.27073360597115
33.612170441112994,130.2707464716724
33.61216372137869,130.27075593973484
33.612163224952894,130.2707680796832
33.612154774923,130.27076880723473
33.61215163988635,130.27076680894118
33.61215425241687,130.27077555125072
33.61215036015108,130.27078569380478
33.61214758574255,130.2707958372581
33.61215049504938,130.2708113100939
33.612140467608526,130.2708209211487
33.61214497321197,130.2708308946302
33.61214164032447,130.2708417251655
33.61213377485387,130.27084783426017
33.61213161288367,130.27086535665092
33.61212772061788,130.27087350181068
33.61211497272785,130.270884577861
33.61211649528008,130.27088435842643
33.612119386600455,130.27089377432833
33.61211835957471,130.27091131020882
33.61211389174275,130.27091808030525
33.612110612814604,130.27094102470858
33.61210841397218,130.27094980478967
33.61210244067513,130.2709526979088
33.61210394614028,130.270957912178
33.61210794632473,130.27096666707814
33.612103531552805,130.27098489004072
33.61210133271038,130.27099499392386
33.612099134767334,130.2710084954458
33.61209130616891,130.27101596611396
33.612088919368205,130.2710169391804
33.61209355897063,130.2710179769981
33.612097532175426,130.27102333336018
33.61210094600193,130.27102868972236
33.612096495257106,130.27104153024254
33.612091468046856,130.27104966281172
33.61209377480793,130.27105907871362
33.612095532083174,130.27106647204016
33.61208602714851,130.27108272368878
33.612065197950585,130.27108413742303
33.6120826672813,130.2710894937852
33.61208777543055,130.27109620002966
33.61208561256103,130.27110832738742
33.61208055927045,130.2711124121082
33.612087973281405,130.27112719786192
33.61208966670483,130.2711318941217
33.6120818021335,130.27113869029836
33.61208191904535,130.27115413705383
33.61208925211736,130.27115885939395
33.61208936003601,130.27117907885145
33.61208430584611,130.2711838389631
33.61207872105621,130.27118994805767
33.612076495234135,130.27119736656527
33.61208108087726,130.27121216580883
33.612080640209456,130.27121836573508
33.612089081246154,130.27123163433248
33.61208972066413,130.2712451097741
33.61208358638845,130.271257301883
33.61207574789751,130.27126477255126
33.61207069370761,130.27127221803846
33.612069639702156,130.2712877169546
33.61208994639395,130.2712855513871
33.61209510760318,130.27130169871452
33.61209063977128,130.27130778172875
33.61209069373058,130.2713185601035
33.61209127918926,130.27132530501888
33.61209530635335,130.27133875527943
33.61209819767373,130.27135019465584
33.612102748243274,130.27136024637832
33.61209610764928,130.27137033677172
33.61210002689478,130.27137442329104
33.612101748197176,130.2713825028003
33.612104613437225,130.27138922163533
33.61210630596128,130.27139391699575
33.61210802726367,130.2713986384365
33.61211258592715,130.27140399479856
33.612120494565204,130.27140999957192
33.61211605371295,130.27142147941777
33.61211438726923,130.27142622603958
33.6121127478051,130.27143499442957
33.612114468208176,130.27144238685673
33.612119134790305,130.2714547210586
33.612121865131996,130.27145513564608
33.61212191909135,130.2714611925801
33.612121386692706,130.27146997356044
33.6121186131835,130.27147605657478
33.61212372133275,130.27148477280411
33.61212377529205,130.27149219221099
33.61212663963278,130.27150160811277
33.612130639817224,130.27151233522613
33.61212633296395,130.2715153830286
33.61213177476162,130.2715163938666
33.61213691888378,130.27152444909416
33.612134134582675,130.27153255468374
33.61211835957471,130.2715333325973
33.612133053597574,130.27153997409062
33.612135333379,130.27154399495942
33.61213819771967,130.2715500258131
33.612142161931274,130.27155944171488
33.61214191911432,130.271562139681
33.61214219790418,130.271562139681
33.61215294570195,130.27157014274792
33.612155224584,130.27157619968193
33.612149666773746,130.2715829176176
33.61215977515354,130.27158425401012
33.61216941408725,130.27159158168615
33.612171135389644,130.27159830142057
33.612164386877,130.27160036266662
33.61217564009377,130.2715996108334
33.61218130582267,130.27160158214735
33.61218697335022,130.27160491593418
33.61219091867599,130.2716096112946
33.61219155899329,130.27161902719638
33.61218649491087,130.27162391681043
33.612186558762744,130.2716365891573
33.612180946093815,130.2716406612875
33.61218827916582,130.27164263260147
33.612192828836044,130.27164866435442
33.612193972773696,130.27165406028666
33.612186666681396,130.27165817108778
33.61219174785094,130.27165608286202
33.612195107718094,130.2716560567817
33.61220527905044,130.27165868999657
33.61221208062307,130.27166535667095
33.61221325243969,130.27167075170394
33.612213279419336,130.27167683471816
33.61220822522944,130.27167822327146
33.612213864878015,130.27168153007858
33.61221446832309,130.27168758791197
33.61219799993779,130.27169510984152
33.61220891860677,130.27170583695488
33.61221233333259,130.27171255489054
33.61220841408709,130.27171664140997
33.61220391927549,130.2717159660191
33.61219827872765,130.27171603077022
33.61219882911274,130.27171871614587
33.61219433340182,130.27172011728965
33.61218305410472,130.27171817115675
33.61216494625529,130.27170686128272
33.61216102700985,130.27170958532918
33.612159386646454,130.2717190273113
33.6121594136261,130.27172442324365
33.61214697330422,130.2717171081581
33.61214191911432,130.27171849491265
33.61214191911432,130.2717218547798
33.6121300543586,130.27171522677634
33.612127774577175,130.27171119331695
33.612127747597526,130.2717064718762
33.61212494620935,130.27170783434917
33.612110252186426,130.2716998573626
33.612109639748155,130.27169513592185
33.61210622502233,130.27168910506816
33.612106919298924,130.27168194556543
33.61209833257203,130.2716871337543
33.61208874759768,130.27168655009427
33.612083107949104,130.27168724976684
33.61207638731548,130.27169338494184
33.61206635987463,130.2716916078815
33.612068494865184,130.271694111594
33.612064027033284,130.2717008951803
33.61206069414578,130.2717096626709
33.61206016174714,130.27171844365137
33.612048919322206,130.2717212189591
33.612037468254584,130.27171649841773
33.612039360428184,130.27172466875857
33.612040532244805,130.2717334110681
33.612037197558664,130.27174085565605
33.61203155880946,130.27174494217536
33.61202708108499,130.27175105127003
33.61202544072154,130.27175914426914
33.612023802156784,130.27176724985873
33.612018161608944,130.27177133637815
33.612002667189415,130.2717703633117
33.61200974755184,130.27177408560567
33.61201200035356,130.27177610908018
33.612015414180064,130.27178011735862
33.612012639771535,130.2717915819161
33.61200872142541,130.27179632943717
33.61200594611756,130.27180243763246
33.61200653157624,130.2718064719911
33.61199810762662,130.27181194616446
33.61199474775947,130.27181533121268
33.61199108122349,130.2718197801588
33.61199422525334,130.27182138814658
33.61199425223299,130.27182814475316
33.61199255880962,130.27183085620914
33.611991467931944,130.27183625214138
33.61199149491159,130.27184027211092
33.611992639748564,130.2718443055703
33.61199322520724,130.2718483660093
33.6119904409062,130.27185377363276
33.61198594609459,130.2718571730701
33.61198202684909,130.27185922172578
33.61197977494669,130.27186394316652
33.61197755901719,130.27186732821474
33.61197644115987,130.2718700522612
33.61197244097542,130.2718712843324
33.61197533319512,130.27187275022732
33.61197761297649,130.2718761091951
33.611977639956194,130.2718835277027
33.611970332964574,130.27188693883124
33.61197146790897,130.27189031128887
33.611973198204566,130.2718949940588
33.611965305754325,130.27189844385816
33.611963667189514,130.2719065242668
33.61196482911362,130.2719125812007
33.61195533317215,130.2719198045554
33.61195699961587,130.27192208793406
33.611955387131445,130.2719362522563
33.611948108018794,130.27194372202518
33.611943613207245,130.27194983111985
33.6119464676554,130.2719572244464
33.611947107972696,130.2719686638228
33.611943586227596,130.27197577206425
33.611948865247996,130.27197944219756
33.61195397339719,130.27198547305125
33.611955360151796,130.2719962001646
33.61195569380027,130.2719948898523
33.611958495188446,130.2719915048042
33.61196299989257,130.27198878075774
33.61196525179497,130.27198941567906
33.611972027287266,130.2719934113669
33.61197716241617,130.27200214018671
33.61197553194529,130.27201224406986
33.611977774854495,130.2720129176621
33.61197949525757,130.27201693943027
33.61197672084904,130.27202435793788
33.61197280160354,130.2720277816569
33.611963775108165,130.27202630407078
33.611964359667525,130.272030557864
33.61196210776512,130.27203325583014
33.611953081269746,130.272030636105
33.6119474137422,130.27202933928265
33.61194346841637,130.27202666739686
33.611934414042025,130.272023358791
33.61193219811253,130.27202810631206
33.61192658634292,130.27203150485013
33.611924359621526,130.2720320876108
33.61192380204187,130.27203827494645
33.611919891789626,130.27204572043377
33.61191541406515,130.272051803448
33.61191374762143,130.27205652398948
33.611908667351145,130.27205525324746
33.6119098022956,130.2720579116434
33.61191380158073,130.27206530496994
33.611910440814256,130.2720680290164
33.61190538662436,130.2720727756381
33.611905413604006,130.27208085604673
33.61190210769615,130.27209033669976
33.611897612884604,130.27209710769546
33.611893108180425,130.27209822285477
33.61189316213978,130.27210389128163
33.611890946210224,130.27211263269191
33.61188758634307,130.27211671921134
33.611886494566136,130.2721214397527
33.61188597295933,130.27212885915958
33.611885413581035,130.27213425419257
33.61187358569748,130.27213569400715
33.611876441044956,130.2721424119428
33.61187589155918,130.27214510990893
33.61187369361613,130.27215525336237
33.611868080947204,130.27215797740882
33.61186755934045,130.27216472142482
33.61186422465431,130.27217350240528
33.611861441252586,130.27218160799487
33.61185394630263,130.27218258106132
33.61185582858366,130.27218639418686
33.61185472061891,130.27219177662926
33.61185253166906,130.27219988311822
33.611850305846986,130.27220596613245
33.61184810790388,130.27221542160453
33.61184416167879,130.2722181447516
33.61184022534616,130.27221817083193
33.61184305371398,130.27222286619235
33.61184477501638,130.27222891143515
33.61184199970859,130.27223569412206
33.61184091872349,130.27224513610417
33.61183927925936,130.27225321741207
33.61183705433666,130.27225997401865
33.61183033280366,130.27226610919365
33.611822026665266,130.2722843843169
33.611823107650366,130.2722863547316
33.61182144120659,130.27229243774582
33.61181749498144,130.27229250339633
33.61181646795569,130.27230664073898
33.61181482939094,130.27231542171944
33.61181427900584,130.2723201431602
33.61181205408309,130.27232555078365
33.61181038673999,130.27233230918876
33.61180422458534,130.2723370818909
33.61179761276969,130.2723418941631
33.61179863979544,130.27234858601844
33.611793054106215,130.27235466903278
33.61179477540861,130.27236005237455
33.61179313504522,130.27237082984993
33.61179091911566,130.272374228388
33.61178641441154,130.2723809993837
33.61177682943719,130.27238744482474
33.61177858581311,130.27238847005196
33.61178366698272,130.27239316541227
33.61177919825144,130.2724006100002
33.61177700030839,130.27240802940707
33.61177591932329,130.2724208564374
33.6117754139043,130.2724316339128
33.611771134929995,130.27244141404014
33.6117681977442,130.2724498829558
33.61176541434247,130.27245866393628
33.61176266691359,130.2724688073896
33.61176325237227,130.27247282735914
33.611762747852595,130.27248430630573
33.611753251911125,130.27249474743473
33.611754359875874,130.27249649841474
33.61175722511592,130.2725072498098
33.61175613513757,130.27251603079026
33.61175055934092,130.27252147888316
33.61175286520262,130.27253425375284
33.61175289218227,130.2725396370946
33.61174489181337,130.27254641978152
33.61175127879852,130.27255044065043
33.61175297312127,130.27255583658268
33.611751359737525,130.2725672759591
33.611750251772776,130.27257199739984
33.611746333426595,130.27257810559513
33.61174808080932,130.27259022036242
33.611743080578776,130.2726003889968
33.61174197261397,130.27260508435722
33.61174316241704,130.27261855979873
33.611737000262394,130.27262333340013
33.61173702724204,130.27263075190774
33.6117360002163,130.27264491622998
33.611728694124,130.27265236081791
33.6117259457958,130.27266250337186
33.61172541429647,130.27266263287424
33.6117310269654,130.27266383886513
33.6117288290223,130.27267800318737
33.6117260806941,130.27268810617124
33.611722747806596,130.27269758772354
33.611722252280174,130.27270769070742
33.61172002735742,130.2727151101143
33.61171269428547,130.27271652384854
33.61170905382983,130.2727180032333
33.61171053231527,130.27273136176302
33.61170833257353,130.2727401427435
33.611705559064376,130.27274824923234
33.61170280174298,130.27275972817893
33.611698892389995,130.27276649827536
33.61169946795616,130.27277121881673
33.611692332735004,130.27277128356798
33.61169610808895,130.27277394286318
33.6116967214266,130.27278674381319
33.61169280218115,130.27279014325052
33.61169800026255,130.2728136955957
33.61169753171578,130.27282583734257
33.61169980160463,130.27283455267252
33.611694197928955,130.27283999986616
33.61168719760616,130.27283669305905
33.611689197698354,130.2728528268965
33.61168982902245,130.27286228326784
33.61169155931805,130.27287033669677
33.61169272124215,130.27287775610364
33.61169502710385,130.27288513594033
33.611692278775706,130.27289863836154
33.61169033264281,130.27289914378048
33.61168949537398,130.27290608294948
33.6116906671906,130.2729148378495
33.6116929730523,130.27292627812528
33.611695865272,130.27293367055256
33.61169874759918,130.2729464463215
33.61169402705775,130.27295730203787
33.61169655864933,130.27296128423598
33.61169549475136,130.27297411216557
33.611691586297695,130.27298089485248
33.611695054083555,130.27299433162318
33.611692278775706,130.2730037736053
33.61169346767946,130.2730138909784
33.61168546820983,130.27301394313906
33.61168838740923,130.27301661502486
33.611691386648204,130.27302450117986
33.61168566696,130.27303347641384
33.611686333357625,130.27304763893744
33.611681864626405,130.27305710789926
33.61167738690193,130.27306588798047
33.61166613458448,130.27306866418758
33.611669532223175,130.27306863810725
33.61167180211203,130.27307269764697
33.611673494636136,130.27307605661474
33.61166563995738,130.2730821657094
33.61166282867663,130.27308352818238
33.61166119820581,130.27309230916285
33.611658973283056,130.27309905317884
33.61165338669451,130.27310988281488
33.611645495143534,130.27310994756613
33.61165005380701,130.2731180027937
33.61164499961711,130.27312344998734
33.61164110825058,130.2731301949026
33.61164002726548,130.27313963688482
33.61164119818278,130.27314639439066
33.611642333127236,130.27315041525947
33.611641252142135,130.2731564982738
33.611638440861384,130.27316055781353
33.61163510797388,130.27316730182963
33.61163344063084,130.27317338484386
33.611631918977935,130.27317377425038
33.61163238662539,130.27318822275834
33.61163753164681,130.27320033662625
33.61163591916238,130.27321114108133
33.61163144143791,130.27322061004315
33.611627252395806,130.27322717329548
33.611628107651086,130.27322802855076
33.611625333242614,130.27323817110482
33.61162197337541,130.27323885908618
33.61161810808926,130.27325438408263
33.61162094634966,130.27326180259013
33.61161930598621,130.27326852142517
33.61161482916111,130.27327666658493
33.61161261323156,130.27328341060092
33.611610972868164,130.27329016900615
33.611608197560315,130.27329827459573
33.61160366677586,130.27329763877503
33.61159974842968,130.2733037478697
33.61159922502429,130.27330778222847
33.61159419781404,130.2733159138984
33.61159369419369,130.27332603127138
33.61158922456309,130.27333280226708
33.61158410832002,130.273330414567
33.611584162279314,130.27333756237863
33.61158419825222,130.27334430639473
33.611581973329464,130.2733490269361
33.61157972142706,130.27335175098256
33.61157638674092,130.27335649760437
33.61157641372057,130.27336591440553
33.61157533273547,130.27337333291302
33.61157425175037,130.27338011739857
33.61156689169877,130.2733774446134
33.611567468164196,130.27337814518535
33.61156919756047,130.2733835024468
33.61156191934714,130.2733916341167
33.6115523595538,130.2733964203086
33.611551801974144,130.2733998053568
33.6115512785687,130.27340655027217
33.61154791870155,130.27341333295897
33.61154513529982,130.27341739339806
33.61153589206782,130.273426667207
33.61153674822242,130.27343092100023
33.61153733278172,130.27343496794947
33.61153116163388,130.2734383916685
33.61152666682227,130.2734451617648
33.61152333303545,130.27344988320556
33.6115199731683,130.27345530521825
33.61151169400955,130.27345933867764
33.611514386579756,130.2734648119516
33.6115076128861,130.27346552511392
33.61149805399202,130.27347099928727
33.61150094621178,130.27348175068232
33.61149253215467,130.27349058382345
33.61149144127705,130.2734953052642
33.61147941374401,130.2734976650852
33.6114796133935,130.27349807967266
33.611479667352796,130.2735068345728
33.611475161749354,130.2735082231261
33.61146786465031,130.27351233482648
33.61146389234483,130.2735123609068
33.611462278961085,130.27352652432967
33.611454387410106,130.2735279119836
33.61145155904228,130.27352457819677
33.61144894561238,130.27352094673438
33.61142794644263,130.27353219185727
33.611398694194406,130.27354791200662
33.61137566705344,130.27356224360267
33.611361667307165,130.27357852133173
33.61135194563582,130.2735922440869
33.61136008090307,130.27359605721233
33.61136346774987,130.27360007808124
33.611367440954666,130.27360474736122
33.61136858579164,130.2736081063291
33.61136749491402,130.2736162263078
33.61136413504687,130.27361894855574
33.611358532270515,130.27362236058354
33.61136530596417,130.2736243318975
33.61136755876589,130.2736270037833
33.61137041411337,130.27363238712508
33.611368747669644,130.27363542233695
33.61137380185954,130.27363435843893
33.61138172128943,130.27363902681975
33.61138625207394,130.27364505767332
33.61138630603324,130.2736524770802
33.61138519806849,130.27365583694734
33.61139141418249,130.2736591698349
33.61139482890826,130.273665188098
33.61139486488116,130.27367061011068
33.611388747692615,130.27368613510714
33.61138541390579,130.27369561576018
33.61136630601027,130.2737065236372
33.61136346774987,130.27370386524126
33.61136061330171,130.27369849538934
33.61135444125449,130.27370124461686
33.61134880160597,130.27370194608795
33.611344278915396,130.27369795129948
33.61133972115124,130.27369055797294
33.61133799984884,130.27368586261252
33.61133964021229,130.2736757461388
33.61134053233974,130.27367452665817
33.611337918909896,130.2736710507785
33.61133166682299,130.27366233544853
33.61133125223557,130.2736564979491
33.61132602717447,130.27365966266336
33.611322640327614,130.27365902684267
33.611314720897724,130.27365572003555
33.6113034137216,130.27364702988655
33.611295441231675,130.2736370042444
33.611294333266926,130.27363430627827
33.611294945705254,130.27362788601818
33.611285251912875,130.27362830060565
33.61127174769308,130.2736311145843
33.61124758560766,130.27364411158658
33.61122113474761,130.27365710768947
33.61118746772752,130.2736809729986
33.61116389200009,130.27370069962762
33.611142559181815,130.27371499435162
33.611116720760094,130.2737354215525
33.6110644413709,130.273765473298
33.6110386398214,130.2737858879085
33.61101061334915,130.2738151095797
33.61098986509023,130.27383749730268
33.61096858623131,130.27386124480063
33.61094330628862,130.273882334802
33.610921441071696,130.27390674420099
33.610893440679774,130.27393797675632
33.6108721348412,130.27396241223562
33.610850864975475,130.27398683512445
33.61081997326323,130.27400863828814
33.61078455886036,130.27402644576398
33.61076208120511,130.27404347622553
33.61072953204234,130.27406797735534
33.6107031621213,130.27409311340648
33.610676224728024,130.27411555059223
33.61064425203068,130.27414613473638
33.61060491928163,130.2741693642248
33.61057682895756,130.27418775626006
33.61052138665275,130.27425425393074
33.61049163977742,130.27428277592946
33.61046422484418,130.27432072642046
33.61043846826078,130.2743519463853
33.61040155918465,130.2744040863795
33.61038194587013,130.27442630413066
33.61035727926509,130.27445430632122
33.61031519818789,130.2744910247411
33.610274774561276,130.27452505778524
33.6102433333632,130.2745488592425
33.6102259728504,130.27457124516684
33.610202441189756,130.27459635513776
33.610163720879086,130.2746276650348
33.61013225180204,130.27464880719674
33.61009691923749,130.274680078423
33.61007225173307,130.2747058628853
33.61004080244112,130.27473038919618
33.61000035992873,130.2747583266355
33.60997789216606,130.2747746691158
33.60993158607391,130.27482024585777
33.60990241386537,130.27486058404872
33.609864612661795,130.27491119339697
33.6098463870012,130.27494586316107
33.60982733306503,130.27498208785312
33.609817775070326,130.27499999965028
33.60980558565933,130.27502280196086
33.609787558748906,130.27505450126432
33.60977697282908,130.2750688589407
33.609767558725935,130.27507194631335
33.60975436027553,130.27507055776005
33.60967174765307,130.27501717310417
33.60966519789065,130.27501060985185
33.60964880235042,130.27499999965028
33.609481162425766,130.27489143978823
33.60932753213996,130.27479243792072
33.609272197753796,130.27476133576704
33.6092339999492,130.27473844442375
33.6091856937648,130.27471747133427
33.60912886470538,130.2746966151567
33.60907591891856,130.2746784704351
33.60892810814573,130.27464072588884
33.608758468128826,130.27459383883468
33.608465891687615,130.27451082961113
33.608340613428595,130.27447752321916
33.60833333341668,130.27447525333037
33.608244865308336,130.27444769090823
33.60819425236292,130.2744267438992
33.608113972581805,130.27438286597658
33.60803366672042,130.2743352531695
33.60792610780368,130.27427299580222
33.607846559171435,130.2742216598018
33.60777246762535,130.27417491573988
33.607680440899685,130.27411442284244
33.60761105370722,130.27407136240356
33.60755958640584,130.27403836627764
33.60751591892455,130.27401085601628
33.60748630604826,130.2739925548126
33.607451162341306,130.27397727623043
33.60743177475666,130.27396885857604
33.60733525232007,130.2739371340915
33.60726446758116,130.27392289242766
33.60716574810084,130.27391061038645
33.607075946297925,130.27391680941332
33.60701661262664,130.27392824878973
33.606926918742374,130.27395992201286
33.60684641413076,130.27399518802758
33.60678263960716,130.27403031105007
33.60659146802186,130.27415383922835
33.60620769402993,130.27441367135395
33.606015775108006,130.2745485858486
33.60591886506364,130.27461510959972
33.60581689183613,130.27467863770903
33.605787359898784,130.27469202321834
33.60575100030849,130.27469639392348
33.60571630626259,130.27469564209025
33.60567899968612,130.27468282675113
33.60562725179631,130.27465797668435
33.605573639611805,130.2746281452728
33.60553272135803,130.2745893638081
33.605544441322934,130.2746141626136
33.605554332966165,130.27463406011384
33.605218892138225,130.2748487552659
33.605170026575536,130.27490647195623
33.605084278916365,130.27497150463125
33.60505425235192,130.27499999965028
33.60502958574682,130.27502341080185
33.60497849526138,130.2750838911088
33.60493219816249,130.27514289203089
33.604900161613216,130.27518747142472
33.604880613049886,130.2752303367107
33.604750640329826,130.27530832681794
33.60469525198437,130.27534566756856
33.60466277476729,130.2753657719129
33.60462627937932,130.27537922217346
33.6045886130741,130.27538929997627
33.6045598923252,130.27539316526247
33.604522693667434,130.2753944746753
33.60448536011131,130.27538771716945
33.60444458574909,130.2753729179259
33.604394026762975,130.27534481231328
33.604332666919106,130.27530610908968
33.60428086506994,130.27526788610407
33.60417869399157,130.2751685595814
33.604106161869936,130.27509635481294
33.60404441441824,130.27502797665989
33.60402344132882,130.27499999965028
33.60399453172232,130.2749614403183
33.60395189216615,130.27499999965028
33.603579467618374,130.27533661499285
33.603561667337146,130.27531199695113
33.60389780244168,130.27499999965028
33.60396938667793,130.27493355414026
33.603935467847634,130.2748822442203
33.60393916226258,130.27486345018815
33.603943720926054,130.27485399471618
33.603953305900404,130.274829221991
33.60387313493726,130.2747098567745
33.603861054344236,130.27469182896482
33.60378241402725,130.27457464280553
33.60367697301393,130.2744174449092
33.603630495151265,130.27434444873734
33.60351258593715,130.27412788569347
33.603395279268796,130.27389510967168
33.60337633325122,130.27385824915893
33.60334938686475,130.273808469885
33.603321891891824,130.27376022035799
33.60329402729758,130.2737197535638
33.603280864820135,130.27370255492906
33.60325558577671,130.2736738386768
33.603242693995185,130.27366247664202
33.60323066736146,130.27365185474935
33.6032073056727,130.27363469478541
33.60317853186382,130.27361824888317
33.603160774749995,130.27360972780673
33.603139639782626,130.27360099898692
33.60309372129825,130.27358391726398
33.60302269374239,130.27355861214028
33.60299333267619,130.27354785984596
33.60292853202617,130.27352430570215
33.602903198124125,130.27351455255462
33.60289733274578,130.27351213967358
33.60278264040659,130.2734648119516
33.60269253193485,130.27342897486733
33.602606224897386,130.2733924381106
33.6025293058828,130.27336055804335
33.60246591896703,130.2733339947681
33.6023366396243,130.27328041495923
33.6022668288511,130.2732506995602
33.60224430622981,130.27324128365842
33.602198531636986,130.2732221137096
33.602135107848994,130.2731953570801
33.6021064140798,130.2731835282973
33.602041667389074,130.2731567833589
33.601976387400384,130.27312930007724
33.601874531984095,130.2730866668163
33.601846973159354,130.27307452686796
33.60181730632365,130.27306175109902
33.60180574823676,130.27305691274637
33.601776666859735,130.27304525303612
33.60176616187891,130.27303946769734
33.60170586503369,130.2730082747122
33.601485945719844,130.27289350233332
33.601292468272845,130.27279033660477
33.60118197306963,130.272731920242
33.601034252229,130.2726538905647
33.60095266663234,130.2726107518847
33.60089333296099,130.27257997438642
33.60079030572808,130.27252652407992
33.60067797320994,130.27247516199918
33.60066653203489,130.27246988297873
33.60048198215782,130.27238146613183
33.60005923424632,130.27221919605915
33.600000000399746,130.27219946763137
33.59994089155896,130.27217977967314
33.59987695515741,130.27216339762276
33.59957807177062,130.2720891963594
33.59947574780756,130.2720611797797
33.59926797293866,130.2719936451906
33.59911800019563,130.27194297019196
33.59904770288921,130.27190239907657
33.59903855858266,130.2718962387205
33.59902905364794,130.27188963679737
33.59901964044411,130.27188281543965
33.59901030638059,130.2718759922833
33.599001072141846,130.27186885886078
33.598991828909845,130.2718616076271
33.59898277543476,130.27185425387074
33.59897371206722,130.2718467832026
33.59896482856402,130.27183910479096
33.5989559459602,130.2718313103668
33.59894715328852,130.27182330729988
33.59893854138062,130.2718152916425
33.59892992767408,130.2718069648197
33.59892149473126,130.2717986254063
33.5989130536945,130.27179018167158
33.59890480241478,130.2717815301935
33.598896631174625,130.27177276270288
33.59888855885998,130.27176377397905
33.59888056838355,130.27175479874506
33.59887267593331,130.27174558968727
33.59886486532133,130.27173629069728
33.59885723367444,130.27172687389623
33.59884969375844,130.27171734108254
33.598842242875264,130.2717077039474
33.59883524255247,130.27169839236694
33.598733423109024,130.27157103757338
33.59857781971067,130.2713762390223
33.59849774767298,130.27128339841022
33.598490134911856,130.27127634232943
33.598482972711054,130.27126983123776
33.59847572057811,130.27126354137943
33.598468377613585,130.27125735404377
33.598460954609436,130.27125127102943
33.59845343178051,130.2712454092483
33.598445828911906,130.27123964998987
33.59843812621858,130.27123400764344
33.59843034168699,130.27122846961822
33.598422558953985,130.2712232562484
33.59841459455794,130.27121804197907
33.59840672099341,130.27121304804382
33.59839866666516,130.27120815842989
33.59839052330403,130.2712034891498
33.598382378144265,130.27119892329176
33.59837415294487,130.2711945651771
33.59836591875222,130.2711903365648
33.59835760362057,130.2711863040048
33.59834864907094,130.27118207539252
33.598220874293986,130.27113358035047
33.59816249480332,130.2711113356197
33.598077900974374,130.27107747074876
33.59804979266386,130.27106617436448
33.59802981062734,130.2710570822186
33.59801009928668,130.27104710783783
33.59799073868169,130.27103639421432
33.597971639779416,130.27102481184568
33.59796729695324,130.27102193311578
33.597952909599144,130.27101246415396
33.59793452295992,130.2709993772196
33.597913153269474,130.27098295739768
33.597899828914024,130.27097176443544
33.597879306384925,130.27098564187395
33.59786177500098,130.27098258058174
33.59783636015993,130.2709796371006
33.597817162332205,130.27097727638022
33.597795108257685,130.27097360624703
33.59777022491602,130.27096730199946
33.597744251596,130.270965058191
33.597710973083,130.27096428027733
33.597688359630126,130.2709613098167
33.5976657749556,130.27095900125698
33.59764489179838,130.27095800300947
33.59761953181601,130.27095910467904
33.597591305694266,130.270957588422
33.59756302741181,130.27095199733685
33.59753869355592,130.27094433241507
33.597511532231465,130.2709373932462
33.59748213519242,130.27093114115928
33.5974561079131,130.27092486389142
33.597435748161274,130.27092182867955
33.59741144128503,130.2709168608245
33.59739277495663,130.2709124379587
33.59737861333241,130.2709073019305
33.597366720697664,130.27090413721623
33.59735241428257,130.2708995326874
33.59733238727989,130.27090810592438
33.59729919779977,130.27091608291096
33.59725305358563,130.27092632888707
33.59720116180421,130.27092518764732
33.597050332906576,130.27090688734302
33.59635341407886,130.27079061039842
33.59614813482864,130.27076444912007
33.596150197873385,130.2707321139959
33.596170197896356,130.27068075191528
33.59621927929635,130.2705968352758
33.59629516229194,130.27046961088388
33.596330973295835,130.27040875466037
33.596336945693565,130.27039780811242
33.59633982892001,130.2703833587051
33.596341387445136,130.27000591414173
33.596339613082705,130.2698719969951
33.59633891880611,130.26984613519107
33.59634169411396,130.26979839198225
33.59634361326721,130.26978577179602
33.596347386822515,130.26976741933095
33.596357107594486,130.26972652356028
33.59635989189553,130.26967372166496
33.596357918782985,130.2695987164077
33.596358999768086,130.26952182886942
33.59636327874239,130.2694588070783
33.59638266722635,130.2693299216386
33.59641130613693,130.2691972239728
33.596439278649825,130.26907380011585
33.59646741394005,130.26898280221462
33.59647094557772,130.26892258091243
33.596467440919696,130.2688586903763
33.59645153191269,130.2687912187398
33.59642708114495,130.26871824864827
33.59639019814915,130.2686398313632
33.59634025160136,130.26855785995735
33.596331892402986,130.26853422757256
33.59632505395814,130.26847630403824
33.59631716240716,130.2684215299297
33.596314585849484,130.26841185502315
33.59630830588367,130.26838800320388
33.59629246792309,130.26836228259333
33.59627391940592,130.2683353829716
33.59625963997047,130.26831535686824
33.596225918991024,130.26828267190785
33.5962018918039,130.26826219164684
33.596192027140376,130.26825538287972
33.59611955887061,130.2682136453435
33.596115027186784,130.26821141412552
33.59609586533196,130.2682022176583
33.59608230625349,130.26819639364874
33.59606838744617,130.26819080436223
33.59604577489267,130.26818108898613
33.596025639971344,130.26817241232698
33.5960024680395,130.26816097295057
33.59597816206258,130.26814997424196
33.59596469381563,130.2681440603002
33.595940467878336,130.26813338534748
33.59591577519291,130.2681237742928
33.595907026588065,130.2681203110036
33.59588361273859,130.2681110246042
33.595850252387265,130.26809577210224
33.5958171618326,130.26808194592513
33.59578119794401,130.2680669389381
33.59576194615693,130.26805914361466
33.595744693562835,130.26805294368842
33.59573022526973,130.26804778157987
33.59567844140702,130.26802902711802
33.595641134830544,130.26801717315413
33.59561333318885,130.26800847041466
33.59557374773033,130.26799533131953
33.595521640111656,130.26797841776988
33.595504748145686,130.2679733851637
33.59547646806459,130.26796619958054
33.595452639627695,130.26795844382718
33.59543219803754,130.26795116741255
33.59540274793852,130.26794150509647
33.59537494629677,130.26793247680246
33.595207945790094,130.26788627772964
33.5951844680888,130.26787978012783
33.595165054423774,130.26787530510126
33.5949856936349,130.26785861188546
33.59496325195255,130.26785730157326
33.5949598021532,130.267857108219
33.594686919066135,130.26783377440927
33.59467908057513,130.26783277616175
33.59466099970541,130.26782752322163
33.594427107624995,130.26774924802942
33.59441482918106,130.2677461093955
33.59439453238184,130.26774111456086
33.59434710843237,130.26772783427225
33.59431325165531,130.26772002635823
33.594296892087925,130.26771499375207
33.59421613476684,130.2676912192744
33.594201775291765,130.2676862001581
33.59395394641757,130.26760133563323
33.5939127475753,130.26758486365065
33.593898558971375,130.26757927436404
33.59387013499878,130.2675749162495
33.59375889155967,130.26755708179394
33.59367280215815,130.2675035280654
33.59354594558897,130.2673839946757
33.5935019192782,130.26721308661467
33.5934979460734,130.26719642037858
33.59350166656873,130.2671414403253
33.59350419816025,130.26700749709835
33.59350858595252,130.2669554218553
33.59352549500562,130.26688664080586
33.59355327866092,130.26682866421152
33.593557892183014,130.26683121918552
33.59357697309889,130.26680810570963
33.59358505440679,130.2668038393258
33.59359358627506,130.26679933911828
33.593612640211234,130.2667878601717
33.59363397302951,130.26676839164804
33.59367241365101,130.26672605696206
33.5936985317619,130.2667037483793
33.59373535989897,130.26668069965467
33.59376864021061,130.266669754006
33.593787667167135,130.2666681972795
33.593805026780615,130.26667581094
33.59382658622803,130.26669199693822
33.59386974829033,130.26673581100897
33.59391525218717,130.26677669328978
33.593947694330666,130.26681919614907
33.593965080923795,130.2668460831802
33.59398438667017,130.26688083028614
33.59401441413394,130.26692464255825
33.59405374778231,130.26696061004418
33.59408672142513,130.26699880694946
33.5941110004224,130.26703489044792
33.5941350806695,130.26708383874825
33.59414969375342,130.26712710782988
33.59415825170203,130.26715700399257
33.59416435989732,130.2671682751958
33.59417327937342,130.26718466893738
33.5941802787969,130.26719333300593
33.59422113499744,130.26723944214655
33.59424605431201,130.26726097281573
33.59426553182891,130.26727428008405
33.59429064000108,130.2672854991265
33.594321720570974,130.2672943844284
33.59437097284217,130.26729999979523
33.59439627886525,130.26736949400697
33.594412721170215,130.267389415789
33.59499946765135,130.26759572026629
33.595006891554874,130.2675985864057
33.59502469363474,130.26760530524075
33.595048558943915,130.26761438389678
33.59510269363443,130.26763795063096
33.59511110769154,130.2676415299327
33.59512422520288,130.26765070031968
33.595137973139,130.26766286634825
33.59523035959347,130.26766649781064
33.595365694071575,130.26768422794487
33.59557102728115,130.2677174965653
33.595579999817176,130.26770933881505
33.595588973252575,130.2677038646417
33.595600134738504,130.26768491592622
33.59560902723484,130.26766072596183
33.59562905423752,130.2676201431551
33.59563110828907,130.26758511006483
33.595603305748,130.26748795090828
33.5950004407178,130.26701530501236
33.595011333306445,130.26699549924297
33.59562008080212,130.2674727235874
33.59564519796754,130.2675604146815
33.59565119824424,130.2675499222911
33.59580253166155,130.2676025029532
33.595899721395085,130.26764747085417
33.595994721279396,130.2677032558007
33.59597125167198,130.26775924759124
33.595968134621785,130.2677801946004
33.59596622536105,130.26779321678362
33.59596474777493,130.26780403382918
33.59596438714681,130.26781664142493
33.595965225314956,130.26782364534506
33.595967639994626,130.26783297041527
33.59597080201098,130.26783717294722
33.59597353235267,130.26783949409742
33.59598341410333,130.26784880657726
33.59599833295675,130.2678579508838
33.5960175316838,130.2678690790948
33.59604149501905,130.2678815050275
33.59609094604036,130.2679053046861
33.59618299974568,130.2679470817925
33.59625666681177,130.26797814527526
33.59629619831094,130.2680015303464
33.59633702663251,130.26803080417835
33.5964228291503,130.2680671727619
33.59656897258009,130.26800944168247
33.59668316219825,130.26795097315892
33.59662819833272,130.26779311336156
33.596879801661544,130.26765868989673
33.59707836027815,130.26693466909978
33.597137053632196,130.2667260048014
33.597153585869364,130.26666666663345
33.59725308056528,130.26630966276082
33.597309693787395,130.26610418925702
33.597330891707315,130.26603252857842
33.59716272118271,130.26583016942686
33.597148829355035,130.26581347621106
33.59708744073288,130.26573958521374
33.59688138716632,130.26576613499924
33.596801801661854,130.26578152959394
33.59676919764041,130.26578778168084
33.59673019764057,130.26579525324837
33.59671480214644,130.26579822280985
33.596714532349836,130.2657982749705
33.5964189458777,130.26585985694692
33.59641819764175,130.26586002601948
33.59632430572219,130.2658805323607
33.596323694183184,130.26588066096383
33.59631341403286,130.26588289218182
33.59624091878345,130.26589861233117
33.59615994562506,130.2659133072534
33.5960246129456,130.26589830116575
33.5958551348067,130.265832387155
33.59586582864512,130.26580163393828
33.596016440806125,130.26566133610186
33.5960186936079,130.26566399539718
33.59610908086944,130.2657009467414
33.59616555919325,130.26571933877653
33.596222495272,130.2657154986714
33.59632277507603,130.26572922232583
33.59639716159978,130.26572099892508
33.596508747680616,130.26570868990416
33.596658413754824,130.26569600496668
33.59672189240149,130.26569058385337
33.59679058621663,130.26568461685167
33.59687538688962,130.26567608318476
33.59708299988057,130.26565530524817
33.597210612779634,130.2656428658256
33.597470694017375,130.26561786017612
33.597691107958326,130.2655936711111
33.59769146768713,130.26559360635986
33.59775402722664,130.26558377407196
33.597786946010785,130.26556891097653
33.59780594598766,130.26556511044157
33.59792425180285,130.26554255544465
33.59801055884026,130.26552610864303
33.59809438734612,130.2655097283913
33.59816235990502,130.26547508380816
33.59818341393344,130.2654592737266
33.59819761332926,130.2654464457969
33.598229586026605,130.26540364526204
33.59823349537953,130.26539538319048
33.59824294635496,130.26537603067936
33.59829444063598,130.2652713361033
33.59833097289612,130.26519997399964
33.59841127875757,130.26504311334907
33.59843702724709,130.264994280162
33.598463891795234,130.26493216578683
33.59850166691842,130.26484469502668
33.59855916237552,130.26470739283195
33.59858169399001,130.26465846971269
33.59859841418552,130.2646267829997
33.59860541360899,130.2646135018117
33.59862710795471,130.26458111542615
33.598646224843435,130.2645573022777
33.59866210777011,130.2645407259738
33.59868333266974,130.26452124485968
33.598709332969406,130.26450350213497
33.598727467798426,130.26449306100608
33.59872800019713,130.26449277592098
33.598741495423724,130.26448535741338
33.598763224843026,130.26447680935735
33.59879755916006,130.2644677819626
33.598839467567416,130.26446306142122
33.598881054017454,130.26446588799035
33.598903802368625,130.2644694160308
33.598926414022856,130.2644728919105
33.59897882920967,130.26448418919404
33.59898194625987,130.2644849940873
33.599054134840515,130.26450394280278
33.59910791879548,130.2645168094033
33.599162054385374,130.26453002584003
33.59919582932412,130.26453827532123
33.59919616207327,130.2645383661527
33.59925413507034,130.26455214016914
33.59936194579723,130.26457778163933
33.59944410785937,130.26459705590946
33.59949300040171,130.2646085213662
33.59949444111561,130.26460885861195
33.59949489167599,130.2646089746246
33.599558197652755,130.2646243062668
33.59964197309864,130.26464357963755
33.59970741406596,130.26465963703265
33.59975641362763,130.26467108899965
33.59978777478602,130.264678392394
33.59979989225127,130.26468080437564
33.599851080762846,130.26469097301003
33.599887999731436,130.26469639412335
33.59993849486568,130.26470380004037
33.59997446774753,130.26470907906082
33.600000000399746,130.26471097303306
33.60000680197237,130.2647115054317
33.60006386485554,130.26471260710116
33.60008033324084,130.2647132564117
33.600137081361254,130.26471282743512
33.60017077536105,130.26471260710116
33.60019069444502,130.26471169878596
33.60021363974772,130.26470878138525
33.600214081314846,130.26470875530492
33.60029777492241,130.2646935019037
33.60029977501466,130.2646931385775
33.6003715319207,130.2646780803292
33.60039955929227,130.26467260705522
33.60046705431114,130.26465941579943
33.60049482897324,130.26465347577732
33.600549225366535,130.26463739320116
33.60054874782651,130.26463477257676
33.600572161675984,130.26462724974783
33.600596586363395,130.26461997423246
33.60068308135919,130.2644273934095
33.60069389210946,130.26441832734395
33.60073838696701,130.26440094704617
33.60079716215938,130.2643861091317
33.600818531849825,130.26438321691194
33.6008335586219,130.26438936377815
33.60085164039094,130.26440713438183
33.60087941415367,130.26440308743258
33.60114830604954,130.26432031113347
33.60117738742656,130.26437133596846
33.60117872112113,130.2643707262281
33.60119294569796,130.26436369622763
33.601247639766825,130.26432705604884
33.60125082876277,130.2643248383207
33.601273891876644,130.2643094940879
33.60129605386982,130.26429405992303
33.601329720889964,130.26426972786567
33.60147469430177,130.26416280207172
33.60163633305041,130.26404418868844
33.6016694137125,130.26401888536338
33.60172289189802,130.26397999957737
33.601790198059234,130.26393141370386
33.601970585873914,130.26379827537016
33.60201166690496,130.2637650319307
33.60201044112898,130.26374849519698
33.602001865193984,130.2637175881962
33.60198430593101,130.26369408621315
33.601953720887536,130.26365518783666
33.60195136016716,130.26363233516417
33.60195580191879,130.26360871626935
33.60196694631759,130.26357702955636
33.601994945810134,130.26353849540533
33.602046440990534,130.26345810590692
33.60206882871353,130.2634223092922
33.60210363967127,130.26338914409382
33.60213394592489,130.26335936394355
33.60217610794109,130.26334097280767
33.60220822542931,130.26333878115986
33.60223197292726,130.26336155559136
33.60227208089185,130.2633903114138
33.6023133597738,130.263427134155
33.602337413940575,130.26344800292304
33.60246864031552,130.26328077758592
33.60253974791107,130.2631805319561
33.602613864638215,130.26306810590847
33.602679278625885,130.26296147868936
33.60268944096498,130.2629460049542
33.60269086459181,130.26294367121352
33.60268905425647,130.26292678284483
33.602700251715305,130.2628809470981
33.6027114410802,130.26282700396314
33.60271927867183,130.2628008300943
33.602723278856274,130.26276496782907
33.60272369434307,130.2627266926828
33.602725440826475,130.26270163397328
33.60273661310424,130.26263639355477
33.602743748325395,130.26259321710336
33.602758359610675,130.26256085589887
33.60277616169054,130.26253466943956
33.602681721184524,130.26217744523296
33.60261499958261,130.26200669275477
33.6025311081242,130.26179177726874
33.60254136039549,130.26178538308898
33.60254233256268,130.26175941606425
33.60253261268997,130.26174111486057
33.60250664026927,130.26170961071
33.60246822482878,130.26166252940232
33.60239882864306,130.2615904406464
33.602311865100546,130.26149844359838
33.602207918760485,130.26136119266494
33.60213444055205,130.26126752287792
33.60211182889782,130.2612292998923
33.602101639579075,130.26120775573338
33.60209191880705,130.2611840603961
33.60208736014363,130.26115442323805
33.602083919337474,130.26112341101668
33.6020908018491,130.2610565239395
33.60208830623043,130.26100769075242
33.60207866729672,130.26098603058097
33.602048225245426,130.2609158106162
33.60202777466213,130.2608643064426
33.60200869374626,130.26080700433988
33.601985332956815,130.26070916979245
33.601970162293185,130.26063033702053
33.601964721394836,130.26059267161452
33.601958748097786,130.26052664069198
33.601953198381466,130.26046510997696
33.60195058585089,130.2604119195745
33.60195005435156,130.26037061011561
33.601951081377365,130.26033274955682
33.60195627855944,130.26001258101587
33.60195808080084,130.25991844358134
33.60196416201654,130.25960005210084
33.60196630600029,130.25953488992332
33.60196630600029,130.25953428018295
33.601972639925464,130.25942355385394
33.601978386593316,130.25934980494958
33.60198591931476,130.25927703001094
33.60199569404608,130.25919330672582
33.60200153244483,130.25914819673199
33.60200680157271,130.25910749701347
33.60200955889405,130.25909036312987
33.60202763976383,130.25897775631847
33.60202538696211,130.25897664115917
33.60202505421296,130.2589764720866
33.6020237483973,130.25897583716517
33.60200697334318,130.2589676650258
33.60197033316439,130.25895680930932
33.60196574842058,130.25895282711133
33.60196397315889,130.25894885930245
33.60196374832839,130.2589427762881
33.60197019826609,130.2589276910602
33.60196755875586,130.25892530515875
33.60194049455822,130.25890069970762
33.60191527936672,130.2588777822839
33.601911441060224,130.2588743064042
33.601904386778074,130.25887450065773
33.60189577487017,130.2588407517993
33.60188102688795,130.25878002597744
33.60184066711315,130.25861374762644
33.60177397339021,130.25833333271714
33.60176008066327,130.25827491635437
33.601704667136744,130.25804481221837
33.60168686505682,130.25797083038958
33.60164533256608,130.25780564201682
33.60154238717149,130.25739027214343
33.60144189242942,130.256978300808
33.60134138689551,130.25656635465361
33.601291225409796,130.25635849524838
33.601274748031244,130.25628866379088
33.6012430541237,130.25615411172294
33.601104413737744,130.25557389072253
33.601082532333066,130.25548422831457
33.60103341406085,130.2552837739271
33.60102146836613,130.25523510981247
33.601008667416124,130.2551820489125
33.60100619787778,130.25515338482091
33.60100300888183,130.2551404282882
33.600988099021606,130.25507970156707
33.60097816241233,130.2550392221824
33.60097025197558,130.25501756201095
33.60096910803793,130.25501444855797
33.60093361269611,130.25486574565775
33.60082902693807,130.2544375883241
33.60076036010258,130.25414817120122
33.60069149541624,130.25385897531157
33.600666774851845,130.25375491565694
33.600644135318646,130.25365961090233
33.60064092833625,130.25364634230493
33.60063095485475,130.2536051362681
33.60062180155495,130.25356736744016
33.60044033275523,130.2528095851943
33.600424892294996,130.25274399493946
33.600278161607946,130.2521466148744
33.60024069405284,130.25198775593026
33.60023625230127,130.25196894930764
33.60006382888264,130.25126383855536
33.600052829274716,130.25121946780428
33.600050640324866,130.2512049419546
33.600000000399746,130.2509981968094
33.599932332711035,130.25072194576126
33.59758333320434,130.251386303735
33.59727474793135,130.25147358024162
33.59677013473396,130.2516162783686
33.596625666741204,130.25165713366982
33.59662755891475,130.25167914367762
33.59666402732307,130.25165975429434
33.596682081213146,130.25165516235597
33.596688828826416,130.25165703024777
33.59670013510322,130.25166105111668
33.59670736025652,130.25166858563682
33.59671416182914,130.25169552482862
33.59671535972615,130.25173866440787
33.59671091887384,130.25177505817248
33.59669136041799,130.25181878141166
33.596660305928424,130.25187411220054
33.59661302676983,130.25193756206886
33.59655225238458,130.25202124488465
33.596470081329244,130.25213596600213
33.596379586149055,130.25225827469967
33.59632489208013,130.25234114093098
33.596243613152296,130.25246778166286
33.59619333295598,130.25253282692847
33.59616238728438,130.252574059945
33.596133558616884,130.25260533117114
33.596114054120335,130.25263114081451
33.59608810778002,130.25266530515978
33.59606538730782,130.25269525258386
33.59602644126733,130.25275505839932
33.59591130556237,130.25293499385498
33.59581338737797,130.25308778237536
33.59576738705533,130.25315968856887
33.59575197267543,130.2531855773526
33.59573430639318,130.25321946830388
33.595721829199135,130.2532417768865
33.595702667344256,130.25326413673054
33.59567461299304,130.25329194556684
33.595629585736845,130.25333316509352
33.59561069367862,130.25335425419553
33.59559010819697,130.25338102521425
33.595572441015406,130.25340961106474
33.595542251673635,130.25345600529045
33.5954211075981,130.2536271732555
33.595362945743375,130.2537174193235
33.59525958576131,130.25387775585386
33.59521544074005,130.2539438650174
33.59518666693117,130.25398408629655
33.595166135408874,130.25402152956997
33.595148495206956,130.25405542232
33.59513682920135,130.25409289167362
33.59512119808488,130.25414496781605
33.59510941426811,130.25416994828458
33.595085135270836,130.25420744461792
33.595049801806965,130.2542548379904
33.5949826125576,130.25432824874974
33.594932864759926,130.2543895591309
33.59490708119688,130.25442080427672
33.594887946321705,130.2544485600531
33.59487174773301,130.25446905290448
33.594855495185016,130.2544959138554
33.594835747871514,130.2545404671689
33.594793198247544,130.25462961066808
33.59477230609713,130.25467730171613
33.594756891717225,130.25470858643223
33.59473708055185,130.25474333263878
33.59470766732505,130.25478355391795
33.594695468021484,130.2547989745931
33.59464616179099,130.2548613362817
33.594623891879166,130.25488953272577
33.59457894556192,130.25493968881563
33.5945443063747,130.25498169884634
33.59451402710073,130.25501836600483
33.59448864013871,130.2550545781064
33.59446069370608,130.2550966151167
33.594440054265135,130.2551296634033
33.594418721446914,130.2551653826763
33.594392386599395,130.25522422801578
33.59436999977572,130.2552807782854
33.59435541367145,130.25531472139733
33.59433182895077,130.25535038940905
33.59431113465121,130.2553745775748
33.594277946070406,130.2554023351497
33.594257224791136,130.25541674408748
33.59423874821971,130.2554337997301
33.59422030582249,130.2554570301179
33.59418119790399,130.2555035799263
33.59413055887825,130.2555572496674
33.594042829113334,130.2556906362139
33.59377030575507,130.25610228289406
33.59351122456343,130.25650044064287
33.593470441207955,130.25646846974416
33.59339674806154,130.2565822177952
33.59343980220518,130.25662224392147
33.59316935987812,130.25703411183486
33.593152639682614,130.25707344997977
33.593133946374564,130.25711316494062
33.59311780174522,130.25714444875734
33.59309938722697,130.25716936357537
33.5930556127264,130.2572073671264
33.59301255858276,130.25717000029533
33.59298577497361,130.25721333322883
33.5930265322487,130.2572453050269
33.592938693665815,130.257376419886
33.59291419793192,130.25744236087633
33.59289658560897,130.25747891112292
33.59286899980452,130.25752581076756
33.59285355934435,130.25755255480658
33.59283522486578,130.25757844359032
33.59281089190921,130.25760980474877
33.592776134910764,130.25764652406792
33.59272789167892,130.25769111515285
33.59261099959798,130.25786566816612
33.59254094600789,130.2579711145753
33.59252735994977,130.25802260705768
33.592514225351294,130.25805472094862
33.59249949535547,130.25808058365203
33.59248174813422,130.25809756195304
33.59243461286712,130.25813136207273
33.59240886527698,130.25817002572614
33.592389865300106,130.25820155595716
33.59230349531009,130.25833333271714
33.592260306268145,130.2583992737076
33.59213525194036,130.25859610922316
33.592125774884664,130.25862688672146
33.59209982944361,130.2586880028491
33.59207994633249,130.2587281449879
33.592059413910874,130.2587638651603
33.5920381080723,130.25880036324622
33.592006441144406,130.25884510991398
33.591950414280234,130.2589148901102
33.59190802743359,130.2589742804388
33.59188741407297,130.259006445591
33.59186461266182,130.25904036262273
33.5918499186389,130.25906980462787
33.591820386701556,130.25912316500217
33.59180341379658,130.25915143968723
33.591784135029854,130.2591835796585
33.59175394568808,130.25923094695065
33.59172597317519,130.25927114125022
33.59169205434489,130.25931321693145
33.59166666738287,130.2593344490257
33.59166091891632,130.25933924780816
33.59149680163614,130.25959372177294
33.59148853236991,130.25962805429128
33.591473225009395,130.25967442333604
33.59145463962,130.2597344746663
33.59144153200117,130.25977282715428
33.591422441192776,130.25981027222633
33.59139746791885,130.25985399456624
33.591374531609404,130.25987810628965
33.59134725157446,130.25989968911938
33.59131025166681,130.25992219195564
33.59127333269822,130.25994824891256
33.59125772136679,130.2599753310967
33.59123313480137,130.26001325640675
33.59116774779335,130.2600084180541
33.59073910842318,130.26002511037063
33.59071936021036,130.26003649758638
33.59072364907718,130.26017700406555
33.59072819784808,130.26032591381
33.59072997310983,130.26038379957276
33.59073162156716,130.26043741895182
33.59073335995663,130.26049425430642
33.590789694388945,130.2604910886929
33.59120191933317,130.26048841770637
33.591201198076874,130.26044642026613
33.59166666738287,130.26044547328001
33.59296464000619,130.2604428922258
33.59314049523772,130.2604494680686
33.5935011980219,130.26045717256056
33.59366589176756,130.26047730208586
33.59369522495473,130.26048243811408
33.59372686490292,130.260498327336
33.59375408108605,130.26052503180483
33.59377908133956,130.26055983107142
33.59379738703984,130.26060547256452
33.593809080924416,130.26067808022924
33.59380494584161,130.26111447535277
33.59379658574392,130.26196839242743
33.593797720688315,130.26253403361886
33.59379646793269,130.2630835023018
33.593801774832116,130.2632154472352
33.59381372142616,130.2633311666001
33.59383255862571,130.2634629703399
33.593846359621864,130.26351133587946
33.59385786464878,130.2635489491248
33.59387630614668,130.26361883274296
33.59388797305155,130.2636833590998
33.593897387154755,130.26375333265025
33.593906973028425,130.26385022021157
33.59392125156455,130.26397399480413
33.593935828675626,130.26415433225668
33.5939475315534,130.2642242536465
33.59396144136747,130.2642914788687
33.59397533319515,130.26435061019254
33.59399149491162,130.2644151356501
33.59402572131006,130.26448486368554
33.59406900028421,130.26456260737848
33.594125829343625,130.26464024585073
33.59428005408131,130.2648005580993
33.59433897316512,130.26485391667495
33.59442922462904,130.26486661510228
33.5945307751752,130.26488730220728
33.59458497281827,130.26490031090066
33.59463469363624,130.26492683460583
33.594618891648565,130.2649646690843
33.59461186524544,130.26498358002823
33.59455605421857,130.26508389130856
33.59455413506532,130.26508875484228
33.59454682897302,130.26510736721127
33.59447155931508,130.2650677817528
33.59439677529099,130.26503586301476
33.594343360058076,130.2650188325531
33.59425708089964,130.26500185515158
33.59424066737296,130.26500019500304
33.59423861332141,130.26503522719406
33.59409605368995,130.26504958487055
33.59397505440529,130.2650617248188
33.59379941411174,130.26509282697248
33.593617054083836,130.26512938980954
33.593576559410735,130.2651431908057
33.59341910790556,130.26520379971566
33.5932707746266,130.26527508357833
33.593241026851956,130.265289559066
33.59322769440263,130.26529603058736
33.59312916198127,130.265343605623
33.59295610813791,130.26543128412652
33.59285046837448,130.26548066140344
33.59276955906796,130.26552175142774
33.592695413562524,130.2655600778354
33.59266394628412,130.26557649765732
33.59256713516521,130.26559620000467
33.592492801701496,130.2656075881198
33.59238846775361,130.26562075239588
33.592355414071164,130.2656249162569
33.59219325191708,130.26564513571452
33.59222610774873,130.26498496768215
33.59222727866603,130.26486224439714
33.591971197612736,130.26483143991913
33.591871306315795,130.26481946814397
33.5918216943158,130.26481461720084
33.59166666738287,130.2647998566281
33.591323972623286,130.26476722382836
33.59131372125131,130.26481494185612
33.591304135377584,130.26499277559617
33.59128141400612,130.26544817069657
33.59126125210514,130.26547258099492
33.59113489196176,130.26544941625764
33.59084605400227,130.26539530494938
33.59057525194635,130.26534372163553
33.59029319757309,130.26529494240776
33.59007649513421,130.2652483008685
33.589970108034095,130.26506732759515
33.58996774821304,130.265063358887
33.58993313510615,130.26500442271595
33.58987613517553,130.2649079506415
33.5897139730215,130.2649478859363
33.58969435970698,130.26495622624896
33.58957816190269,130.26500741925702
33.58956072135027,130.26501555092705
33.589436774987234,130.26507863836855
33.58942913524646,130.26508258099636
33.589411135315686,130.26509136197683
33.589384640388914,130.26510442283086
33.58934327876938,130.26512447501455
33.5893118015984,130.2651389747839
33.58930191894848,130.2651434758908
33.58927941431358,130.26515269843833
33.58925738721871,130.2651616080218
33.58923363972076,130.2651717253949
33.58921330604926,130.26517880665665
33.58918666723093,130.26518613523206
33.58916380196791,130.2651940861382
33.58914959537759,130.26519905309385
33.589025161582015,130.26525968898352
33.58898510757672,130.2652862000981
33.58894082855642,130.26531544695035
33.58892959512474,130.2653222314359
33.58892191941112,130.26535062303287
33.5889257118522,130.26542740624984
33.5889226037952,130.265465136407
33.588904567891575,130.2654801559845
33.58876819829379,130.26557999961733
33.588713441272375,130.265619468164
33.58865041408541,130.26566481198154
33.58863002735393,130.2656794160722
33.588242891696154,130.26595797657944
33.58820355894716,130.26598620000323
33.58818227918891,130.26600158200745
33.588151775084384,130.26602352816337
33.58773974799101,130.2663199995684
33.58772546765624,130.26633024644377
33.587717360268016,130.26630114078512
33.587679026665796,130.26616280167207
33.58763936026833,130.2661941628304
33.5875751082047,130.26624481174872
33.58755274836068,130.26626243756152
33.58738422530183,130.26639542211115
33.5873847478079,130.26642513571153
33.58738205433838,130.2664600518899
33.58735722495601,130.2665123870371
33.58726155867407,130.26657204896094
33.587231161588875,130.26658199726148
33.58718761281813,130.2665697799714
33.58717541441388,130.26656533102528
33.587048919372194,130.26666666663345
33.58698130564278,130.26672083010226
33.586881918865515,130.26680175110005
33.58688544061067,130.26683972767137
33.58688430566622,130.26684425395922
33.586875495008144,130.26686780810292
33.58686941379244,130.2668748641837
33.586828251822396,130.26691204935162
33.58674997303291,130.2669828655669
33.586720000427704,130.2670099216706
33.58667335978777,130.26705211426372
33.58660719756415,130.2671119461595
33.586559108116376,130.2671554472662
33.586503494940416,130.26720566810718
33.58645846768417,130.26724644606668
33.586446387091144,130.2672573278635
33.58635310760985,130.26734160782905
33.586333639985526,130.26735922195064
33.58631382882021,130.2673782489071
33.58625780195604,130.2674319456279
33.58620589218822,130.26748150456785
33.586199333432546,130.26748844373674
33.58616366721952,130.2675258105678
33.58615786479368,130.26753189358203
33.586137864770706,130.26755286577225
33.58612674825088,130.26756447512048
33.58612308081558,130.26756839166796
33.586106613329605,130.26758836561066
33.586100613052906,130.26759561594497
33.58606516177787,130.26763847043912
33.58606138732324,130.26764313881984
33.58604249526502,130.2676660310625
33.58602522468442,130.26768372162655
33.58597763975632,130.26773272388618
33.585949829121375,130.26776119282488
33.5859394410524,130.26777194601857
33.58592510765766,130.26778844408148
33.58590389175123,130.2678127500584
33.585870865048435,130.26785072573045
33.58584219825889,130.26788469492283
33.58582438718577,130.26790702958579
33.5857869726907,130.26795389055962
33.5857827746554,130.2679590787485
33.585760639641876,130.2679845007841
33.58575186495665,130.26799457768766
33.58573269410857,130.26801661467505
33.58572355879528,130.26802702972373
33.585693468378906,130.26806155559643
33.58568335999911,130.2680732809572
33.58565513477669,130.26810561608136
33.58563125238044,130.26813555091496
33.58559472101962,130.26818152965393
33.58553655916495,130.26825474705902
33.58552446778003,130.26827099870764
33.58551644133075,130.26828182924305
33.585443946081284,130.26835936429325
33.58544027864599,130.26836328084084
33.58542146842609,130.26838766505875
33.585353225171275,130.26847669344465
33.5853261079136,130.26851258089096
33.58530516180383,130.26854044098866
33.585264918940936,130.26859389129515
33.58523449487609,130.2686343320089
33.585203972785166,130.26867396872876
33.585190467665996,130.2686914794283
33.58514055888975,130.26875632864176
33.585071802122,130.26884461688564
33.58503594615206,130.26889080426724
33.584994359701966,130.26894418892323
33.584992892008415,130.2689461089758
33.58495872136797,130.26899377394352
33.58492491944952,130.26904094698216
33.584910161574726,130.26906152976585
33.58487438744305,130.26911138818014
33.5847200808671,130.26932005157914
33.58460380212381,130.26947725037485
33.58446749457926,130.26967769127248
33.584369251739645,130.26983483790752
33.5842888649392,130.26996747082217
33.58421519787311,130.2700893001811
33.584125747705116,130.2702112446533
33.58403199967711,130.27036555122925
33.58392035963692,130.2705496370562
33.58384516192473,130.27066907871506
33.583790829383304,130.2707553830545
33.583690413781596,130.2709249421324
33.583655828553674,130.27098038893382
33.58361519808295,130.27104535685783
33.58357741396651,130.27110622567182
33.58348946836435,130.2712534761671
33.583428414289926,130.27136063578473
33.583395224809806,130.2714188848737
33.58338461280971,130.2714374972428
33.583358721327954,130.27148252899553
33.58333333256729,130.2715266668223
33.58332363967429,130.27154347605062
33.58328644101647,130.27160800330682
33.583241892199624,130.27169994819417
33.58319294569793,130.27179503171544
33.583185359916456,130.27180975361728
33.58316586531248,130.27184771669886
33.58314310796811,130.27189241210522
33.583117559128084,130.27194369594486
33.583101586269265,130.27197581073517
33.583092612833866,130.2719951623469
33.58304097286265,130.27210732759113
33.583011054216854,130.2721722181734
33.5830081080378,130.27217858627284
33.58297916155914,130.2722384181685
33.582968640390504,130.27226014309122
33.58292882920216,130.2723425812452
33.58290610783064,130.27238983072618
33.58287974780217,130.27244671914082
33.582858666794095,130.27249138756758
33.582838864621976,130.27252763923923
33.58282486487565,130.27254294390184
33.58280564006827,130.272566912633
33.582771721237975,130.2726138653377
33.58274664004546,130.27265713441932
33.582719612719984,130.27272007796932
33.58271044143379,130.27274061039088
33.58270208133604,130.27275933877252
33.58268249500122,130.27280311327308
33.582672613250566,130.2728253831849
33.58266300039719,130.27284464306592
33.582641585740646,130.27288499384747
33.58262816156048,130.27291625158375
33.5826157212386,130.27294503168798
33.582599332892926,130.272995032195
33.58257535966516,130.2730614786044
33.58256097321038,130.27309693887264
33.582558224882234,130.27310678285176
33.58254897265704,130.2731404408787
33.58254516222951,130.27315406021182
33.582520054057284,130.2732383006072
33.582513694051784,130.27325924761624
33.582481467745595,130.27336403392314
33.58246422504402,130.27342082970756
33.582447279118696,130.27346114091893
33.58242546786113,130.27351302190846
33.5823920265708,130.2736102718966
33.58235480183271,130.27370204861074
33.58233010824796,130.27376710826547
33.58228972059419,130.27389272377025
33.58228246756187,130.2739153048475
33.58227313529699,130.27395102501987
33.58224697311937,130.2740559660101
33.582233000352744,130.27412169925708
33.582229865316094,130.2741370039197
33.5822190806461,130.27418955940072
33.58221477469215,130.27421050640976
33.5821890810613,130.27430399543312
33.58216258613447,130.27439752312728
33.582161360358555,130.27440150532527
33.58214741367226,130.2744536713999
33.58214013455961,130.27447450059776
33.58213410820258,130.27449191956646
33.582115135205356,130.2745465893537
33.58209133284879,130.2746081713301
33.58208458613478,130.27462569372085
33.58206202664127,130.27468413706333
33.58204966725839,130.27471486419972
33.582038000353464,130.27473778162334
33.58202764016352,130.27475683466025
33.58201610815689,130.27477427970928
33.582007918930344,130.27480861222773
33.58199310799557,130.27491128422844
33.581981639840876,130.27499999965028
33.58198025218695,130.27501069978405
33.5819739191611,130.27505213964457
33.581968224653906,130.27509418924546
33.58195658562795,130.27513997373092
33.5819454142495,130.2751734500947
33.58193622497686,130.27521844407602
33.58192149498109,130.27526275007597
33.58188438715479,130.2753317766402
33.58186825241796,130.27536185536542
33.58184946827839,130.27540466939
33.5818310537602,130.27544664074992
33.5818052522107,130.27550199671987
33.58178419818228,130.27555635534156
33.58175641362766,130.2756474188933
33.581738386717234,130.27572586315807
33.58172325202651,130.27579085626303
33.58171208064806,130.2758238002283
33.58168089215951,130.27592907936355
33.58167149514344,130.27596053225284
33.58165510769709,130.27600914420668
33.581634053668665,130.27608050631034
33.58160700026292,130.2761843582216
33.58159458602137,130.27623780762883
33.58158666659142,130.27627221838827
33.581577972845196,130.2763099998067
33.58156710813557,130.27636319110843
33.581562026966026,130.27638814459726
33.58155619756053,130.27640885868198
33.58153913472336,130.27645533114867
33.58153222523208,130.27648814471218
33.58152177510988,130.276538859281
33.58151313532301,130.27658664116063
33.58150435973846,130.27662635522222
33.58149513539223,130.27666802890644
33.581485000032785,130.27671000026635
33.58148377515613,130.27671474688816
33.58147919760694,130.27674968914687
33.581472919439705,130.27678680866438
33.581466559434205,130.27682177700342
33.581463080856565,130.27684744455394
33.58145030598689,130.27689741898075
33.581445721243085,130.27693019477272
33.58144061309389,130.27696880716474
33.58143391943986,130.27699408620822
33.5814164680956,130.277064772921
33.58139794565869,130.27716252922744
33.58138925191247,130.27720613465544
33.58137494639669,130.27725775574095
33.581359495144625,130.2773146432562
33.581350027082124,130.27735747077077
33.58134502685158,130.27738024610153
33.58133644102401,130.27744228313497
33.581328332736405,130.27748844443624
33.58126989209188,130.2778229697543
33.581204828839816,130.27815627828966
33.58121449475317,130.2781592217707
33.58120966719241,130.27818080370116
33.58097933283,130.27956472093524
33.58094382939424,130.27975622616896
33.580918721222076,130.2799203893146
33.58091397280168,130.27995291779303
33.580917775135276,130.27997383872173
33.580917892047125,130.27999311299186
33.58090541395376,130.28008155591908
33.58090213502555,130.28010452730211
33.58089866723975,130.28012900055296
33.58088563966061,130.28024330708297
33.580883054109734,130.28026627756674
33.58088055939038,130.28028795122805
33.58087980216118,130.28029861179152
33.58087833266899,130.28032155619496
33.58087477495093,130.28037535723706
33.580873198439406,130.28039949414142
33.580874999781486,130.28050741908214
33.58087605378688,130.28056666731788
33.580877278663536,130.28063632880355
33.58087664014488,130.2806675883386
33.58087625163773,130.28069044101107
33.58087530555099,130.28074569355897
33.580874891862834,130.2807685597213
33.580873945776034,130.2808225289366
33.58087353208788,130.28084547334004
33.580872972709585,130.2808754216635
33.58087102657669,130.28109593992576
33.58087066684783,130.2811444232766
33.58087780206898,130.28130002577564
33.58087782904863,130.2815576131934
33.58087289177058,130.2817773931123
33.580873918796385,130.2820164203216
33.580873198439406,130.2823430612833
33.58087125230651,130.28242289230275
33.58086933315326,130.2824592995571
33.580864585632185,130.28255082985697
33.58086119788601,130.28258994766804
33.58085719770156,130.28261561611782
33.58084669362006,130.28265277610478
33.58083566703243,130.28271275009342
33.58082977467444,130.28276591441545
33.58082186513701,130.28284924829427
33.58081830562037,130.2829493644217
33.58081744137189,130.28297219191325
33.580815945799316,130.2830128268805
33.58081480186166,130.28306377437377
33.58081422539624,130.2830867187771
33.580813558998614,130.28311399521476
33.58082141367737,130.28322294358406
33.58082153238786,130.28324427999962
33.580819197747815,130.28326216571645
33.58080554064321,130.2833333326672
33.58080252341779,130.28334910497733
33.58078655865279,130.283432335434
33.58080808122804,130.28348955929584
33.58082510809231,130.2835521143387
33.58083000040426,130.28358408613678
33.58083272085344,130.28363252901806
33.58083713472604,130.28368022006612
33.58084330587394,130.2837186121243
33.58084972073806,130.28375228274172
33.58085530642728,130.28378230930616
33.58086461261183,130.2838477169986
33.580870828725836,130.28389396913144
33.58087399973533,130.28396019520687
33.580874333383804,130.28398302179903
33.58087266694008,130.28405533088892
33.58087474797128,130.28410594023705
33.58087572103773,130.28411639395642
33.58087794596048,130.28413929968895
33.58088013491033,130.28416321715883
33.580886279078584,130.28419591381044
33.58090272138355,130.28424780828982
33.58091116242025,130.28427477266268
33.58091555920572,130.28429832680638
33.58091738662813,130.28433569363744
33.580917532318324,130.28435841770693
33.580913360363354,130.2843898049456
33.580908441071756,130.28442593970544
33.58089738660516,130.28450822317598
33.5808947210146,130.2845338907265
33.580892613003755,130.2845553305641
33.58089174785596,130.28456386513028
33.58089010839183,130.28462538325493
33.5808916129576,130.28464830067855
33.58089258602405,130.28465972836386
33.580899134887204,130.28470092091084
33.580902494754355,130.28472233466812
33.5809112253728,130.28476795098027
33.580915613165075,130.28479075239136
33.58092433299163,130.284835694212
33.58094313511765,130.28490749698346
33.580964413976574,130.284970025946
33.58098863991387,130.28503897516862
33.58100277455844,130.28506988306867
33.581025693780816,130.2851174194334
33.58105464025948,130.2851676906365
33.58110472080625,130.2852339688726
33.58113022468018,130.28526165989774
33.581181108321516,130.28531717324904
33.58120813474767,130.28534666741484
33.58130499982593,130.2854409991029
33.58142438662617,130.28553588837065
33.58144853162446,130.2855506363528
33.581502999963504,130.28558403357636
33.581592225300994,130.28563769072696
33.58162522502414,130.28565313928107
33.58164972075804,130.28566296977033
33.58168258558288,130.2856692740179
33.58168700035486,130.28565577159668
33.58169374796813,130.28565302236916
33.581698251772934,130.28565027224238
33.581709495097186,130.28565019490065
33.581713945841955,130.28563939044557
33.58171835971456,130.2856231909576
33.58172058643595,130.28561778243477
33.581727333149956,130.285615032308
33.58172730617031,130.285609637275
33.581734053783634,130.2856042278529
33.581740775316575,130.28560147862538
33.58174755890275,130.28560141387425
33.581752080694,130.2856040596797
33.581754332596404,130.2856040596797
33.58176108110905,130.28560399492846
33.58176786469522,130.2856066146536
33.58176782872238,130.2855985603254
33.581772278567826,130.2855877171994
33.58177900010082,130.28558499405233
33.581783531784595,130.28558494189167
33.5817880265962,130.28558491581123
33.58179253219964,130.28558219176477
33.58179927891365,130.285579441638
33.58180153171537,130.28558211442305
33.58180372066522,130.28557130996808
33.58180594558797,130.28556591403571
33.581808198389695,130.28556319088864
33.58181269410062,130.2855631648083
33.581819467794276,130.28556311264754
33.581821747575646,130.28556846990898
33.58182849518897,130.28556841774832
33.581835278775145,130.28556836558766
33.581837531576866,130.28557102488298
33.58184202728779,130.28556830083653
33.58184836031364,130.28557077756943
33.58185386506386,130.28556897532803
33.58186516234741,130.28556111525336
33.581935197951054,130.28550992224518
33.58196253194535,130.28549472100462
33.58197874762118,130.2854879122374
33.58198353201442,130.28547827510238
33.581997000261424,130.28547007778195
33.582005999777095,130.28546461709846
33.58201502717179,130.28546725031345
33.58202174780547,130.2854618031198
33.58203072124087,130.28545364536956
33.58203522504567,130.285450921323
33.582040252255865,130.28545325596303
33.58205322497639,130.28544538329788
33.58206227935074,130.28545338456615
33.58206682902102,130.2854614137134
33.582069161862364,130.28547486397383
33.582064667050815,130.2854749161345
33.582066945932866,130.2854802715973
33.582069251794564,130.28548832682486
33.58206702687187,130.2854964459043
33.582064801949116,130.28550182924607
33.582069386692865,130.28551258064113
33.582078468046916,130.28552596615043
33.58208302671039,130.28553399529767
33.58208530559244,130.28553936425033
33.582087559293484,130.28553666718346
33.58208982918234,130.28554202264627
33.58208989213489,130.2855528019203
33.58208319758154,130.28556094708006
33.58207869377674,130.28556367112662
33.58207191918376,130.28556102532116
33.582062891789064,130.28556111525336
33.58205841406459,130.28556652377608
33.58205166735064,130.28556927390298
33.582044891858345,130.28556394272186
33.58204033319487,130.28555858635968
33.58203805431282,130.28555321740714
33.58202905389777,130.28555600530547
33.58201780158032,130.28555878061331
33.582011026987345,130.28555613480785
33.58200880206459,130.2855642538873
33.58200436031302,130.28557505834237
33.58199538687768,130.28558050643528
33.58198861318402,130.28558055769668
33.581984107580524,130.2855779118912
33.58197958578933,130.2855752525959
33.581977359967254,130.28558066111873
33.581968387431175,130.28559150514388
33.581962747782654,130.28559832740098
33.581968224653906,130.2856090527157
33.581974224930605,130.28561752343
33.581987999846376,130.2856302200587
33.582034865316814,130.2856565504095
33.58206958634241,130.28567341089922
33.58210366705066,130.28568658866516
33.58214036028943,130.28570588811635
33.58214261309115,130.2857031910495
33.58214708092311,130.28569775644633
33.582156108317804,130.2856976907958
33.58215833324056,130.28569228317235
33.582162801971776,130.28568686115977
33.582174081268874,130.2856867829188
33.5821861079026,130.285690246208
33.582187559408396,130.2856812835645
33.58219205422,130.2856758372701
33.58219880183327,130.2856757716196
33.582203278658426,130.28566766513075
33.582210000191424,130.2856622179371
33.582216747804694,130.28566216577644
33.58222353229024,130.2856648115818
33.58222800012214,130.28565669340173
33.5822324679541,130.28565128397963
33.582239224560624,130.28564852126226
33.58224825195532,130.2856511409874
33.582255054427264,130.2856564721685
33.58225725237037,130.28564836567955
33.582264026963344,130.28564830092841
33.582268494795244,130.28564289240558
33.58227522532144,130.28563744521205
33.582279721032364,130.2856374191316
33.58228877540671,130.28564002626626
33.58228872144741,130.28563194585763
33.58229319827251,130.28562652384505
33.582299945885836,130.28562377371827
33.58230444069744,130.28562374763794
33.58231349507179,130.2856290527386
33.582318053735264,130.28563980503304
33.58232035959696,130.2856451622945
33.58232266725736,130.28565321662268
33.582322721216656,130.28566399499744
33.58232049539458,130.28566939003042
33.58232725200111,130.2856666408029
33.58232946793066,130.28566394283678
33.582338441366005,130.28565577159668
33.582345197972586,130.28565302236916
33.5823586940985,130.2856502200816
33.582363197903305,130.28564749693453
33.58236541383286,130.2856420884117
33.5823721353658,130.28563666729838
33.5823743872682,130.28563394325192
33.582376640069924,130.28563121920547
33.58238110790188,130.28562849515902
33.58239013529658,130.2856284178173
33.5823946400007,130.28562839173696
33.58239461302105,130.28562299580472
33.58240133275535,130.28561756210092
33.582405865338444,130.28561752343
33.58241263993142,130.28562286630233
33.582419413625075,130.28562280155109
33.58242394620822,130.28562544735655
33.58242846799948,130.28563350168486
33.58242853185129,130.28564158209338
33.582428558831,130.28564697802562
33.58242391922852,130.2856526068823
33.582426693637046,130.2856650840764
33.5824255856723,130.28567929966005
33.58241858624882,130.2856978859487
33.58241272087042,130.28571647223748
33.582412198364295,130.28573080383364
33.5824143873142,130.28573725017407
33.582436080760544,130.2857780029525
33.58245019831804,130.28580031063586
33.58246158643311,130.2858207783063
33.58247061292849,130.28583922160283
33.58247916188384,130.28586910517515
33.58248544095039,130.28588014255456
33.582499865176715,130.28589425381688
33.58252013499629,130.28590613476035
33.58258408129035,130.28592630385594
33.58258697261073,130.2859272499427
33.5826151618603,130.2859367189045
33.582627918743526,130.2859427497582
33.58264944131872,130.28595538343427
33.58269910817734,130.28598557727264
33.58272297258719,130.2859938906056
33.582750999958705,130.28599700405857
33.58275749486256,130.2859943582531
33.582757467882914,130.28598627784447
33.58275969370493,130.28598089540208
33.582764162436206,130.28597544730906
33.582775440833984,130.28597535737686
33.582782162366925,130.28596992187443
33.58278438728968,130.2859672239083
33.582793386805406,130.28596175063433
33.58280013531805,130.28596169937305
33.582804613042526,130.2859535802936
33.58280686494493,130.28595085624704
33.58281133277683,130.28594814479106
33.58281582938707,130.285945421644
33.582818054309826,130.2859399996313
33.58282477494345,130.28593455333703
33.582831559428996,130.28593450117637
33.582836027260896,130.28592907916368
33.58283825218365,130.28592367064095
33.58284497281727,130.2859182234473
33.582849494608524,130.28591819736698
33.58286077480494,130.2859235015684
33.5828630806667,130.28592885882983
33.582869829179344,130.28592880666918
33.58287889164757,130.2859368088367
33.58288344131779,130.28594486406428
33.582883468297496,130.28595022042634
33.58289022490402,130.28594481190362
33.582894747594594,130.2859474451186
33.582901532080086,130.2859527762996
33.58290380196894,130.28595814525227
33.58291058555511,130.28596077756788
33.58291736014809,130.28596341078287
33.58292697300146,130.28596980496263
33.58292869430386,130.2859741118159
33.58293325206796,130.28597944209764
33.58293999968129,130.28597938993698
33.58295133293774,130.2859873930039
33.582951413876685,130.28600352774072
33.58294472112203,130.28601435827602
33.582944802061036,130.28602783371764
33.58293805444771,130.28603328091128
33.58293808142736,130.28603596628693
33.58293816236636,130.28605213969456
33.58292697300146,130.2860629963103
33.58292474807871,130.28606839224256
33.582929332822516,130.28608182901326
33.58292264006786,130.28609263256897
33.582918135363684,130.28609819667452
33.58291577464331,130.28610725014948
33.58290922488089,130.28611430623027
33.58291153164191,130.28612236055858
33.582909332799545,130.28613316501367
33.58290710787679,130.28613856004654
33.58290489194724,130.28614396856938
33.582900387243114,130.28614669261583
33.58289816232036,130.28615211372914
33.58289369358914,130.28615752315125
33.58289597337051,130.2861628921039
33.58290280192284,130.28617092125103
33.58290508080489,130.2861762776132
33.58290510778454,130.2861816600556
33.58290105364074,130.28619197078285
33.58291782869492,130.28621603124486
33.582918828741015,130.28621744497912
33.58296330561211,130.28628105132952
33.58298105373268,130.28630807955426
33.58299525222918,130.28633185493118
33.583002999888606,130.2863463286202
33.58300744074086,130.28633702963032
33.5830164141762,130.2863288853698
33.58302544067158,130.28633418867196
33.58303000023437,130.2863422178192
33.58303230609613,130.2863503108183
33.58303233307578,130.28635566807964
33.5830368917392,130.28636372240794
33.58304366723149,130.28636635472355
33.58305263976757,130.2863554990072
33.58306166716227,130.2863608301882
33.58306849481522,130.28637153032196
33.5830708015763,130.2863823086966
33.58307533326007,130.28638224394547
33.58307758606179,130.2863849419116
33.58308080203744,130.2863924377608
33.58309569391122,130.2863982491799
33.583093945629116,130.28641138827504
33.58310486519741,130.2864224121646
33.583107162065915,130.28643046739217
33.58311391867244,130.2864304152315
33.58312527890854,130.28644377376122
33.58312308096549,130.2864545782163
33.583127585669615,130.28645185506912
33.58313213533984,130.28646258128322
33.58313216231949,130.28646797721547
33.583141161835215,130.28646518841776
33.58314800028006,130.2864786116986
33.58314808121901,130.28648939007337
33.58315258592313,130.28648936399304
33.583152666862134,130.286502801663
33.58315041406041,130.2865055248102
33.58315046801971,130.2865136061181
33.58315053187158,130.28652438359347
33.58314605414711,130.2865298047068
33.583150585830936,130.2865351358879
33.58314616206576,130.2865486383091
33.583139386573464,130.2865486895704
33.58313713467106,130.28654871565072
33.58313497270086,130.28656488995773
33.58314174819316,130.28656752317272
33.583146305957314,130.28657557660165
33.58314861271833,130.28658364531907
33.58315091858009,130.286591698748
33.58315999993408,130.2866050842573
33.58316894638983,130.28659155575576
33.58317572098281,130.28659418897075
33.58317919776181,130.28660224419832
33.58319386480508,130.28661289217132
33.58319619764643,130.28662632894202
33.583193972723734,130.2866317509546
33.583196251605784,130.28663710821604
33.58319858624583,130.2866478596111
33.58319186471283,130.28665600477086
33.583191918672185,130.28666408607876
33.583185162065604,130.28666683530628
33.583180694233704,130.286672243829
33.58317849539128,130.28668306087468
33.58317402666006,130.28668847029678
33.583169531848455,130.28669389140998
33.58316280222158,130.2866966406375
33.583151531917736,130.28669941594535
33.58315163983639,130.28671827472863
33.58314713513221,130.28671830080896
33.583140440578916,130.28672914393496
33.58313819766971,130.2867291700153
33.58313144106319,130.28673461720894
33.58311122520291,130.2867360309432
33.58311246806602,130.28674330735782
33.58311641429111,130.2867659657768
33.58312202696004,130.28680433175452
33.583125531618066,130.2868343061583
33.583128693634364,130.28686486422214
33.58313055882826,130.2868929176741
33.58313246808899,130.2869284184119
33.58313338719614,130.2869787552654
33.58313238714999,130.28702124463484
33.583131333144536,130.28704192004864
33.58312394611329,130.28710267195083
33.58311461294909,130.2871571726655
33.58311027911611,130.2871774973437
33.58310108085027,130.28721722399575
33.58308866660872,130.28726466862963
33.583069386942725,130.2873255770138
33.58303072059135,130.2874298570024
33.58300835984801,130.287486005275
33.58300541366896,130.28749105137103
33.58298738675853,130.2875320883353
33.58297910759978,130.28755066113422
33.58297153171088,130.2875660053669
33.58294294586034,130.287617977188
33.582927080920115,130.28764335875405
33.58292608087396,130.28764494156087
33.58291953201086,130.28765530534815
33.58291913540984,130.28765591418914
33.58288308068967,130.28770988340443
33.58285035975632,130.28775963659803
33.582820558921696,130.2878040855901
33.58280213541025,130.2878323350942
33.5827899190196,130.2878500517386
33.5827896941891,130.28785038898434
33.582736027145984,130.28793185497125
33.58269872056957,130.28798769117907
33.582698612650915,130.28798786025163
33.58267441369327,130.28802488983683
33.58267402698482,130.28802549867794
33.58263997325622,130.28807763867212
33.5826204408807,130.2881057721637
33.58259358622507,130.2881460312144
33.58255710792423,130.2882001173416
33.582551053688235,130.28820946759288
33.58255094576958,130.2882096888261
33.58253702696226,130.28822919602067
33.582521332893236,130.28825228341623
33.582463135065666,130.2883527763596
33.58246294620807,130.2883531127061
33.58243408066835,130.28840455302782
33.58242605421907,130.2884198046304
33.582422278865124,130.28842766470507
33.58241536038065,130.2884406356269
33.5823998290889,130.28847194642321
33.58239205355051,130.2884892997414
33.58236827907285,130.28854608293545
33.582368135181355,130.28854644626153
33.582350414040434,130.28858975401397
33.582314828766414,130.28867647204163
33.58228708108396,130.28874875505107
33.58227489167297,130.28878444914312
33.58227477476112,130.28878483765016
33.58226505398909,130.28881905325682
33.58225366677334,130.2888751097986
33.58225158574214,130.28888771739435
33.582262586249385,130.28890713375733
33.58226489211114,130.28891522675633
33.58226494607044,130.2889259655609
33.58226949484134,130.2889313363122
33.58227405440414,130.28894204903645
33.582274108363436,130.2889528274111
33.58227194639329,130.28896632893304
33.582278747965915,130.28897166011404
33.58228555943106,130.28897966318095
33.58228786529281,130.28898775618006
33.58228789227246,130.28899581140763
33.582294693845085,130.2890011407901
33.58229925160924,130.28900919601767
33.58229991890619,130.289032140421
33.58229716158479,130.2890388331757
33.582288198041965,130.28904697833548
33.582274693822114,130.2890524767904
33.582276972704165,130.28905786013217
33.58227702666352,130.2890659135611
33.582274828720415,130.28907403443918
33.582268108086794,130.2890821661091
33.582259107671746,130.28908761330274
33.58225236005842,130.28909036342964
33.58223886483182,130.2890931648178
33.58221182941247,130.28909608311778
33.58217666681975,130.28909916959105
33.58214419769661,130.28919897455307
33.582128467654684,130.28924802897347
33.582116441021014,130.2892851359004
33.58210030628413,130.2893351103271
33.58208425158699,130.2893839426149
33.58204225234812,130.28951549904116
33.582040027425364,130.28952230870766
33.58204986510924,130.28953099885655
33.582054413880144,130.28953635521873
33.58205672064122,130.28954710841242
33.58206125232499,130.28954978029822
33.582065775015565,130.28955510968058
33.582068053897615,130.28956050561294
33.58206810785697,130.28956586287438
33.582065891927414,130.28957128398758
33.58207038673902,130.2895739432829
33.58207269439936,130.28957929964497
33.58207272137906,130.28958739264408
33.58207049465767,130.28959277598585
33.582068278728116,130.28959549913304
33.58207053242916,130.28959817101884
33.58207282929766,130.28960352828028
33.58207282929766,130.2896062262464
33.58207064034781,130.289614331836
33.582066134744366,130.28961705588245
33.582068413626416,130.28962241224463
33.58206844060612,130.28962780817687
33.582066224676566,130.28963053222333
33.582063972774165,130.2896332166996
33.58205946807004,130.28963596592712
33.582057252140544,130.28963866389324
33.58205274833574,130.28964141402014
33.582048251725496,130.28964144010047
33.582043720941044,130.28963878080515
33.58204146813932,130.2896415048516
33.582037000307366,130.2896442279988
33.582032467724275,130.28964428015945
33.58202797291267,130.28964160827366
33.58202572101027,130.2896443323201
33.58202122529934,130.28964435840044
33.58201669361557,130.28964169910523
33.5820144138342,130.28963902721944
33.582012197904646,130.2896417512659
33.58200769409984,130.28964447531234
33.58199991856145,130.28964452657374
33.58198964020977,130.28967697771043
33.58196138710838,130.28976369573797
33.58193561343785,130.2898441625781
33.581897919253606,130.28996011666607
33.58188305435954,130.29000616105554
33.58182005415222,130.2901993390284
33.58177282895292,130.29034564163817
33.58175877524735,130.2903896625529
33.58175546844018,130.29040033660635
33.581747693801105,130.29042277559063
33.58173299977818,130.29046481170178
33.581720775293604,130.2904970038337
33.581708441091735,130.2905274971463
33.58169346827901,130.29056160843152
33.58167280185836,130.29060564193685
33.58167266696006,130.29060591443147
33.58165074778384,130.29064944161848
33.58165063986519,130.29064963677138
33.581641197883016,130.29067118003104
33.58165063087199,130.29068145298675
33.581675206645514,130.29068944166443
33.58170160444553,130.2907016076931
33.58172745905506,130.2907292996175
33.58174109907253,130.29075019536526
33.58177254116987,130.29082459088227
33.58177808099367,130.29084737970288
33.581779784309674,130.29087688735854
33.58177974833677,130.2909493772121
33.58175046820958,130.29099993529883
33.5817281353452,130.29102036339907
33.581697838084835,130.29103644597524
33.58166741401999,130.29104596619845
33.581628756661814,130.29104875499615
33.581625144085194,130.2910477036886
33.581543730259,130.2910338262501
33.581526494751984,130.2910162004374
33.58150335069911,130.2909726462707
33.58149046791084,130.29095875534233
33.58145429717814,130.29095743243965
33.581417531993566,130.29100260718462
33.58129227891561,130.2911523613924
33.58119377527254,130.29126442321467
33.58107816202761,130.29139600482188
33.58108463984428,130.29141871630077
33.58108469380363,130.29142680929988
33.58108697268568,130.29143216566194
33.58108927944676,130.29144021999025
33.581089306426406,130.2914456159225
33.581087080604334,130.29145099926427
33.581084864674835,130.29145372241146
33.58108713456369,130.29145907877353
33.58108944132471,130.29146983106796
33.581089468304356,130.2914752270002
33.581084999573136,130.291480660704
33.581087306334155,130.29148871593156
33.5810850814114,130.29149680893067
33.581082864582584,130.29150221835278
33.58107838685811,130.29150494239923
33.581073865066855,130.2915049675803
33.58106936036273,130.29150233526457
33.58106710756101,130.2915077168077
33.58106489163151,130.29151044085427
33.58106038692739,130.2915104669346
33.581055865136136,130.2915078337196
33.581051360432014,130.29151055776606
33.58104461281869,130.29151060992672
33.58103782923246,130.29150797671184
33.58103558632331,130.29151069985892
33.58103333262227,130.29151338523457
33.58102886479031,130.29151610928113
33.58102661288791,130.29151613536146
33.58101982930174,130.29151350214647
33.581017586392534,130.29151622619293
33.58101082888669,130.29151897542044
33.581006306196116,130.2915163044339
33.58100182937096,130.29152172464796
33.580999585562495,130.29152444869442
33.58099286492882,130.29152719792194
33.58096186529792,130.2915274452355
33.580917919026774,130.29157664084937
33.58083808081284,130.2916666665834
33.580613413977915,130.2919200523686
33.580549667333344,130.29199189381086
33.58054280190885,130.29200000029982
33.58032725240082,130.2922455511913
33.58031638679188,130.29225938995899
33.58030272069408,130.29227549861548
33.580249198441834,130.2923484183449
33.580239027109485,130.29236533099527
33.58021872131701,130.29239958527273
33.580204639732415,130.2924244749097
33.58019302678679,130.29244610900082
33.58017391889132,130.29248403431075
33.58014782865939,130.29253949370275
33.58013466708127,130.2925710886849
33.58012425203265,130.29259927433714
33.580123081115346,130.29260267197583
33.58013394582497,130.2926950323499
33.58013416166227,130.29273544698333
33.580134333432795,130.29273822319055
33.58013577504602,130.29276396898206
33.58013669415317,130.29278119279786
33.58013802694842,130.29279625194556
33.58015738665415,130.29297922171372
33.580161440797895,130.29301022044535
33.580170801841064,130.2930698311079
33.58017666721946,130.2931014395798
33.58018149478022,130.293128223189
33.580184865439264,130.2931472762259
33.58018886472439,130.29317031056144
33.58019313470544,130.29319547269301
33.58019744065939,130.29322138755708
33.58020494640118,130.29330871622437
33.58020997271211,130.29336761282514
33.58021697303491,130.29340263332494
33.580218080999714,130.2934109466579
33.58022638713811,130.29347258079508
33.580229666965636,130.2935268611758
33.58023469417583,130.29358455268505
33.58023755941588,130.29361155572883
33.58025694610126,130.29372581099744
33.580263919444405,130.29376216609114
33.58026682875118,130.2937849684016
33.58027072101703,130.29381596623386
33.58027355927737,130.29383888455698
33.58027733283268,130.29386846955424
33.580281892395476,130.29389128355592
33.580294640285445,130.29394505761843
33.5802977213628,130.29396700377424
33.58030008118385,130.29399885866042
33.580301919398096,130.29402169874243
33.58031113475113,130.2941047727171
33.5803205857265,130.29416308655732
33.580341108255595,130.29426730179466
33.58034369380647,130.2942795586548
33.58035269422152,130.2943228915882
33.58035861265989,130.29435116717264
33.58040466694189,130.2945357719084
33.580410495448064,130.29453216562706
33.580415000152186,130.294532140446
33.58041953183596,130.2945347727616
33.58042633340864,130.29454280190885
33.58043089207206,130.29455085623704
33.580435386883664,130.29454810611026
33.58043989158779,130.29454808002993
33.58044666708008,130.29454802876853
33.58045344077374,130.29455335905038
33.58045577541378,130.29456411224407
33.580453585564555,130.29457488971946
33.58046036015753,130.2945802200012
33.58046491882101,130.29458557726264
33.58046719770306,130.29459094711456
33.58046725166241,130.29460172458994
33.580460531928054,130.29460985715923
33.580449278711285,130.29461263336646
33.58045155939203,130.29461800321837
33.58045161335133,130.29462608272763
33.580447134727535,130.29463418921648
33.580442666895635,130.2946396373095
33.58043366737991,130.29464238743628
33.580431413678866,130.29464241171797
33.58043730603691,130.29466163382745
33.58045641393238,130.29472344962755
33.58046108141383,130.29473852136573
33.5804635320664,130.29473910502577
33.58047030576006,130.29474175083124
33.580477108232,130.29474708201224
33.58047938711405,130.29475243837442
33.58048386483853,130.29474702985158
33.58048835965013,130.2947442797248
33.580492865253575,130.29474425364447
33.58049963984655,130.29474688685946
33.580506441419175,130.29475221804046
33.58050946763785,130.29475758789238
33.5805222524001,130.29475747098058
33.58053127889548,130.29476007811513
33.58053580158605,130.2947654470678
33.58053810834707,130.29477350229536
33.580538162306425,130.29478427977074
33.58054722477465,130.29478958487152
33.58055174836454,130.29479494213297
33.580554081205946,130.29480569442728
33.580554108185595,130.294811088561
33.580551892256096,130.2948191698689
33.58054708088315,130.29483683525177
33.58055200017475,130.29483533068606
33.5805564949863,130.29483530460573
33.58055877476767,130.29483797739078
33.580561053649774,130.2948433328536
33.58056108062942,130.29484871619536
33.580565586232865,130.29484600473938
33.58056782914207,130.29484596606858
33.58057235992652,130.29484863795437
33.58057463970789,130.29485399521582
33.580576945569646,130.29486204864475
33.580579252330665,130.29487280183844
33.580588332785396,130.2948835019721
33.580590640445735,130.29489158238073
33.58058841372434,130.29489697831298
33.580583918912794,130.2949023868357
33.58058169399004,130.2949051099829
33.58058625175414,130.29491316521046
33.58058855941454,130.2949212186394
33.580586332693144,130.29492929994728
33.580581864861244,130.2949347210606
33.5805863866525,130.29494007832204
33.58058869431284,130.29494814524082
33.580586494571094,130.29495625172967
33.580584278641595,130.29496163417218
33.58057786467674,130.29496425389732
33.58057977483679,130.29496705618476
33.58058208069849,130.29497513569402
33.5805821076782,130.29498053162627
33.58057989174864,130.2949832170019
33.58057538704452,130.2949859401491
33.58057766682589,130.29498863811523
33.580577693805594,130.29499403404748
33.58057544100387,130.29499671942312
33.58057094619227,130.294996783275
33.580566440588825,130.29499680935533
33.5805604142318,130.29504717318855
33.58055766680292,130.2950701166926
33.5805492248669,130.29513966306502
33.58054958639434,130.29520430633374
33.58056813491157,130.29529841768795
33.58061908060614,130.2955349942447
33.58069541416211,130.29587369601427
33.58074161323492,130.2960700261109
33.5807753063354,130.29619138782232
33.580809360063995,130.29631403376573
33.58081994598376,130.29635216591976
33.58083349516971,130.29640418900215
33.580854306381184,130.29648330685916
33.580946666755324,130.29683591394632
33.580973161682095,130.2969318940917
33.58104336006306,130.29719061015862
33.58105486508998,130.29723092137
33.58110325221338,130.2974163552807
33.5811101077453,130.29743513582298
33.58111244058671,130.29744858608342
33.5811170541088,130.29746472082024
33.58114002729047,130.29754263268637
33.58114005427012,130.2975453306525
33.581158198092396,130.29756671922883
33.58117410799872,130.2975881446772
33.5811787476012,130.2976123346416
33.58118113530122,130.29763924775318
33.58117227877767,130.29766625169623
33.58117248562178,130.29770274978216
33.58117269426447,130.29773897537348
33.58119802726719,130.29783302197643
33.581204918772016,130.29785450138422
33.581232613394434,130.2979673932806
33.58127272135903,130.29811044124392
33.581276306056736,130.29812325568378
33.58128072082866,130.2981388328409
33.58128497282331,130.2981534504214
33.58128780209046,130.29816352822434
33.58128782907011,130.29816622619046
33.581363640119946,130.29841608303582
33.58137025193565,130.29843691313306
33.58137969391777,130.29846442339453
33.58143838727182,130.2986582749595
33.58145533319714,130.29870308727777
33.58147830637881,130.2987646170934
33.58148061313983,130.29877063625588
33.58155955922632,130.29900333313742
33.58158208094835,130.29906680908607
33.58158374829139,130.2990714136149
33.58168913534536,130.2993721918732
33.581796829160396,130.2996811413716
33.58187927900559,130.2999120881724
33.58191189202023,130.29999999960035
33.58195235971368,130.300109105351
33.58201894641729,130.30029070005583
33.582158495118506,130.30065583739702
33.582281972934766,130.30096725013857
33.58248333293949,130.3014800255828
33.58257130642073,130.3016983270162
33.582625081382446,130.3018316991736
33.582635224835826,130.3018564979791
33.58267069409732,130.3019423868318
33.582740441018586,130.30211150524178
33.58276677496673,130.30217527886612
33.582839864668074,130.3023620230889
33.582871973163094,130.30244374808058
33.58288797300162,130.30248282722073
33.582956531918455,130.3026504410651
33.583013693727025,130.30279302228018
33.5830457752424,130.30288403367126
33.58306174810127,130.3029216082457
33.58307774793974,130.30296185470593
33.58309377475797,130.3030048378031
33.58311208135751,130.3030504667057
33.583132639859514,130.3031014789501
33.58315325232081,130.30315516218104
33.58317610769126,130.30321155596857
33.58319669407223,130.30326535701067
33.58321725167485,130.30331635486596
33.5832332793924,130.30335661481604
33.58324927923093,130.30339688735648
33.58326527906945,130.3034371733869
33.583283585668994,130.30348291830205
33.58329955942719,130.30352038855517
33.583322413898316,130.3035767436719
33.58333333256729,130.30360238694072
33.58334061257926,130.3036194677643
33.58334755894276,130.30363581114386
33.58338172059001,130.30371600459
33.5833978022668,130.30375389122912
33.58342291943222,130.30381294431197
33.5834411981528,130.3038531907722
33.58344346804165,130.30385855972486
33.58345258626787,130.30387732767656
33.58346627934537,130.30390416344642
33.58348680187447,130.30394977975857
33.58350058578344,130.30397855986268
33.58350733339677,130.30399272418492
33.583530134807916,130.3040383009269
33.58353927911452,130.30405978033468
33.58355069420924,130.30408661520516
33.58355525197334,130.30409197066797
33.58358261294728,130.30414830060363
33.583607721119506,130.3042046692102
33.583632802312025,130.30425832726007
33.58363730611683,130.30426885922054
33.5836396668372,130.30427444940642
33.5836510810326,130.3043012842769
33.583657918578126,130.30431199700115
33.583676162225174,130.30435224436064
33.58369666676782,130.30438708229804
33.58371489242842,130.30442464338262
33.58373316215574,130.30446488984285
33.583751386917015,130.304499779941
33.583753666698385,130.30450513630308
33.58375933332661,130.30451705591747
33.58376508089384,130.3045292741068
33.58378102677301,130.3045614788292
33.583808413827285,130.30462050583174
33.58383808066293,130.30468219212958
33.58384727892883,130.30470021993926
33.583865802264995,130.30473972805612
33.583867721418244,130.3047439170981
33.58389736037492,130.30480561598642
33.583922467647824,130.3048592740363
33.583947558732916,130.30491024581124
33.58396577540026,130.30494510982896
33.58396861276134,130.30495177740272
33.583972639925435,130.30496121938484
33.58397719768959,130.30497194559882
33.58399546831629,130.30501221813938
33.584020532421675,130.30506046676715
33.584045585735225,130.3051087549651
33.584076305677,130.30516625222083
33.58408661280697,130.3051865238391
33.58409800002272,130.30520800324678
33.5841253331177,130.3052589489414
33.58415264013229,130.30530719756916
33.58419208079994,130.3053768086928
33.584193640224385,130.30537958490004
33.58421182901276,130.30541175095163
33.58423919808058,130.30546272362585
33.584268774984025,130.3055136450388
33.584296081099296,130.30556191974688
33.58431886542337,130.30560211404634
33.58434163985487,130.30564233532562
33.58436213540426,130.30568258088647
33.584384918829016,130.3057227760853
33.58440541437841,130.30576302164616
33.584430494671665,130.3058113098441
33.58445558575676,130.30586496789397
33.584480666949275,130.30591593966892
33.584505748141794,130.30596691324251
33.58453082933437,130.30601788591673
33.584553639738715,130.30606616062482
33.58457869395164,130.30611175085664
33.584601468383084,130.30615466920267
33.58462197292579,130.30619488958257
33.58464474825655,130.30623510996247
33.58466369427413,130.3062706098009
33.584678559168196,130.30629688709178
33.58469794585358,130.30633099927627
33.584710441034076,130.3063573017481
33.584720748164045,130.30637605710945
33.584728081235994,130.30639894935211
33.58475497276385,130.30644849480223
33.584776559190914,130.30649153006016
33.58480216199024,130.3065384180136
33.58484272141453,130.30661758803137
33.584856467552015,130.30665658893054
33.58486310814595,130.306695772392
33.58487182887188,130.30670999966685
33.58488910844562,130.3067380800984
33.58492205420947,130.3067918028994
33.584936721252745,130.30681569428896
33.585218747747035,130.307288002939
33.585383440593375,130.30756374766884
33.585397559050136,130.30758788637195
33.58543213528486,130.3076468612137
33.58544944093899,130.3076764722914
33.58551372088158,130.3077862516343
33.58555413461568,130.30784313914967
33.585610828776794,130.30790141431885
33.585633918870315,130.30791652382857
33.58568453181573,130.30790674370132
33.5857581620096,130.30785228255684
33.585806414234696,130.30782433162767
33.58584591875422,130.30782399528118
33.58588155888691,130.30784386490245
33.58590369390038,130.30787202267572
33.58590964021778,130.30791916963403
33.58592822470786,130.30793313880338
33.58598522463848,130.30796885897576
33.586048865163036,130.30800121928087
33.58612297289693,130.30803230884408
33.586164721224975,130.30804671868123
33.586188531675475,130.30806464306886
33.58621610758735,130.30809383865983
33.58622900026819,130.3081082745773
33.58624777541456,130.30812922158634
33.58634233283243,130.308204967885
33.58640569366787,130.3082476649978
33.58645735971942,130.30826749684752
33.58648133294719,130.3082801431142
33.586501467868516,130.308301192646
33.58651969442843,130.30833333261728
33.58652013509624,130.30833411232948
33.58668880204664,130.30863722432855
33.58668889197884,130.30865099924426
33.586683666917736,130.3086658110784
33.58662163977692,130.3087352531295
33.58661327877985,130.30875192026497
33.58661102687745,130.30876938959568
33.58661110781645,130.3087849937325
33.586615054041545,130.30879608327268
33.58674364000706,130.3089440343398
33.58675213500305,130.3089476388226
33.58676366700968,130.3089466666554
33.586784441348925,130.30893724985424
33.58681827924022,130.30892416291988
33.58683980181547,130.30892216642485
33.58686291888864,130.3089246692382
33.58688686513676,130.30893557711522
33.58691077541198,130.3089574711105
33.586922414437936,130.30897483791853
33.58693649512321,130.30900778188368
33.586948305919634,130.3090555250925
33.586979918888176,130.30919608283307
33.587016107607326,130.30934747110894
33.58705377481192,130.30946955857337
33.58706238671982,130.30949438435846
33.587062494638474,130.3095145273736
33.58706105392457,130.30953294369044
33.58705122523389,130.3095615817017
33.587030720691246,130.3096040863595
33.58701316232765,130.3096409729526
33.5870071350713,130.3096603110746
33.587005694357345,130.30967603122394
33.58700802719875,130.30969163356212
33.5870112521676,130.30970444890124
33.587022080904376,130.30972277618525
33.587089639775115,130.30982522695274
33.58716886465146,130.30994416319265
33.5872558650662,130.310087951298
33.587321081203015,130.3101913877224
33.58737782932343,130.31029855993063
33.587465080649,130.31047077830385
33.58753977474089,130.3106228662523
33.587574946326754,130.31070163427307
33.58759836017623,130.31076124493552
33.587631946257375,130.31085031109308
33.587652892367146,130.3108886896614
33.587670802365665,130.31091527901697
33.58775822456249,130.31100291795042
33.58783097342075,130.31107202275575
33.588403305568136,130.31083510985252
33.588421694006,130.31089691306215
33.58784887442607,130.31113403370875
33.58788849495812,130.31150193286794
33.587927090263065,130.31186034957557
33.58793136024411,130.3119000258656
33.58962886478031,130.31152024576284
33.590401081145046,130.3113471343628
33.59049564036155,130.3113275228469
33.591216053977746,130.31116289205386
33.59166666738287,130.31106433175353
33.59223827917327,130.31093927382847
33.59273877527431,130.3108239951314
33.59277010765442,130.3108167438977
33.592783081274206,130.3108137482559
33.592788828841435,130.31086422810176
33.59274146784452,130.31087041543742
33.591752225285006,130.31109130961636
33.59166666738287,130.3111104148138
33.59040358575692,130.31139289186854
33.59040589161867,130.31140367114256
33.59035638663801,130.3114202195676
33.5903610541194,130.31144710839737
33.59040608137559,130.31143596579727
33.59041519780317,130.3114520492727
33.59039941380195,130.31145489023106
33.59050682882713,130.31212469539844
33.590597802446666,130.3126734113489
33.59063405411837,130.3127082492863
33.59089972104533,130.31264958471058
33.5912036127566,130.31257175108556
33.59125764042784,130.31256055812332
33.59127846782707,130.31266005191992
33.591571162079504,130.3125984699435
33.59166666738287,130.31257883324668
33.59192913542131,130.31252021993225
33.59231736015812,130.31243442281038
33.592514495147896,130.31239166004718
33.59257627857244,130.31255549943683
33.59238077495286,130.31266477336067
33.59237891875216,130.31266581117836
33.59262100005918,130.31330121907604
33.592816586416404,130.31320542239234
33.592909829025416,130.31344255473016
33.59305025186768,130.3137995586028
33.59308355915897,130.3137931653224
33.593093306011326,130.31379211401486
33.59311061256477,130.31379024612306
33.593142107722144,130.31378192019952
33.59318938688074,130.31377077759942
33.59322989234573,130.3137596889585
33.59327041399848,130.31374858592858
33.59330641385998,130.3137375233681
33.59335141413652,130.31372369629162
33.59338966679974,130.3137099483555
33.59342116195711,130.31369891097597
33.593457161818606,130.3136878601067
33.59349766728354,130.31367406000993
33.593533667145095,130.31366031117443
33.59357416181814,130.31364922163436
33.59362813463076,130.31362725029737
33.59367538680971,130.31360800300695
33.593711359691554,130.31359155620544
33.593745080671,130.31357513638352
33.59377205403712,130.3135614397088
33.59380349523519,130.31354236059155
33.593837225207835,130.31352591378993
33.59387319808968,130.31350946788768
33.593904667166726,130.31349306065624
33.59393386455628,130.31347396894853
33.59395633321827,130.31346033702505
33.59398327870542,130.3134439693638
33.59400574826674,130.31343031135987
33.59403269375389,130.3134112448331
33.594059586181004,130.31338411228705
33.594091000399374,130.313356913191
33.59412013483643,130.31332705569912
33.59414033271025,130.31330802874254
33.594160494611174,130.3132863290009
33.59418286524709,130.31325652366968
33.594205252070765,130.31322941630458
33.59423213460536,130.3131968869269
33.59426125195529,130.31316433236816
33.5942769190446,130.31314533059265
33.594301558670054,130.3131155252613
33.59432166661168,130.31308302196396
33.59434402735502,130.31305053215635
33.59437310783272,130.31300992237004
33.5943954406971,130.31297472110657
33.59441555943056,130.31294221780922
33.594437892294934,130.3129070300355
33.594455775313804,130.31287727596555
33.59447582929613,130.31283669315894
33.5944936673489,130.31280155574723
33.594511467630184,130.31276099902095
33.594529305682954,130.31272316544175
33.59454933268563,130.31267988287038
33.59457382931885,130.31262583721264
33.59460277489819,130.3125609727108
33.59461836014924,130.3125231391316
33.59462944069617,130.31249072576645
33.594642774944134,130.31245827462976
33.59465838717489,130.3124258369828
33.59466722481261,130.312393449698
33.59467827927921,130.31235564219924
33.594691494816686,130.3122989750177
33.594702586155506,130.31225311319065
33.59471358576343,130.312201829351
33.59472008066723,130.31215330732937
33.59472213471878,130.31212097310447
33.59472425172288,130.31209399524175
33.59472410783138,130.3120697800963
33.594721694050975,130.3120401690187
33.59472138738215,130.31198630412473
33.59471669382043,130.31194861173913
33.5947097213766,130.31191367127894
33.59470508087486,130.31188944174437
33.59469427911773,130.31181499406682
33.59469110810818,130.3118087545704
33.59465702739993,130.31175786013716
33.59461389231734,130.31170433158968
33.59455722513587,130.31164822288724
33.59449805424185,130.31159180301938
33.594478027239234,130.31159496773364
33.594469026824186,130.3115950315855
33.594453197856865,130.31158978044402
33.59444191855977,130.31158447534335
33.59442377473749,130.31156577214279
33.59440558594906,130.31153897504373
33.59438744122747,130.31152027184316
33.594367107556025,130.31150966344023
33.59434905366595,130.31150710756697
33.594333305637576,130.311509922445
33.59428155864708,130.31152919581575
33.59426577464586,130.31153199720393
33.59424772075573,130.31152678293472
33.594234134697615,130.31151341091527
33.594222721401536,130.31148924793047
33.594213613067836,130.3114731653544
33.59419777510726,130.31146252907251
33.59418422502199,130.31145725005206
33.59416169430682,130.31145741912462
33.59413916179295,130.31146031134438
33.59411666705057,130.31147124530185
33.59410322488395,130.31148213968902
33.594089801603104,130.31150108930387
33.594074108433404,130.31152005240858
33.594035864763384,130.3115311410494
33.59401110822614,130.31153671864467
33.59399305433607,130.31153686073765
33.59398177503891,130.31153427968331
33.593970467862846,130.31152897458253
33.5939568647176,130.3115129180868
33.59393872089532,130.3114915052289
33.59392966742024,130.311483502162
33.593920613045896,130.3114781970612
33.5939138285604,130.31147555125574
33.59390255915582,130.3114729441212
33.593891278959404,130.31147302236218
33.59387549495818,130.3114731653544
33.59386872126453,130.31147053213942
33.59386416170173,130.31146247691186
33.59386186483323,130.31145172461743
33.593857252210455,130.31143557729013
33.59384816186321,130.31142488974695
33.593832359875535,130.3114169388407
33.59382333338016,130.31141430562582
33.59380980218066,130.31141710791326
33.59379182922959,130.311425331314
33.59377836008332,130.31143352773518
33.59376708078622,130.31143360597616
33.59374674801404,130.31142839170695
33.593735413858326,130.31141233521112
33.59373077515522,130.3113935016089
33.59373486527187,130.31131535681834
33.59373474836002,130.31129649803506
33.59373238674033,130.311277665332
33.593723108434745,130.3112292476318
33.59372077469402,130.31121311289496
33.593720693755074,130.31119963655408
33.59372961323112,130.31118072561003
33.593738531807844,130.311164500941
33.59375416202499,130.31114014280342
33.593763107581424,130.31112658912082
33.59377658572089,130.3111157199146
33.59380358606671,130.31110741917212
33.59382608080904,130.31110185506657
33.593844080739814,130.31109360558548
33.59386653231468,130.31107727569577
33.593938243355296,130.31100129737206
33.59396414383025,130.31097329428212
33.593994306192315,130.31094967628655
33.59413130621488,130.31085968922332
33.59419872119406,130.31082144015738
33.59422116197709,130.31080241230154
33.59423682906646,130.3107834500962
33.59426141383324,130.31074552478617
33.594290532082425,130.31071297022743
33.59430174842697,130.3107048115778
33.5943197213781,130.31069119314407
33.594371387429646,130.31066116657962
33.59439161318244,130.31065022003168
33.59440955915386,130.31063391712166
33.59443199993689,130.31061489016508
33.594454440719915,130.31059586320862
33.594483666887754,130.31058216563451
33.59452191865165,130.31056839161806
33.5945556666108,130.3105573281582
33.5945803871752,130.31054367105367
33.59459833314662,130.31053005172055
33.59461855889941,130.31051644587728
33.594647802154384,130.31050810556474
33.59467033286961,130.31050525291516
33.594701891878856,130.3105049939104
33.59475374768738,130.31050727638979
33.59480561338842,130.3105122442447
33.59484622497337,130.31051730203194
33.59487330625814,130.3105225028113
33.59493425241385,130.3105381708
33.59502227895507,130.31056172494368
33.59506291931831,130.3105721660727
33.59510349493041,130.31057182882694
33.595132802037256,130.31057160759372
33.595166585969196,130.3105659400661
33.595216081057345,130.31054938984255
33.59524758610729,130.31053836595288
33.59527677540291,130.31052197131203
33.59529697327673,130.31050564232157
33.595314892268505,130.310481284184
33.5953798017365,130.3104026330751
33.595402197553426,130.3103728268445
33.595420107552,130.31035383855885
33.59544482901572,130.31034016886372
33.59546730577159,130.31032922231577
33.59548982929226,130.31032364472048
33.59551461280921,130.3103234495676
33.595534945581335,130.3103286638368
33.59555302735038,130.3103393001187
33.595571135199805,130.31035533143347
33.59559155880345,130.3103767191103
33.59569582889941,130.31048360623356
33.59571397272174,130.31049963664896
33.59572308105538,130.31051841809062
33.595732252341634,130.31054527904143
33.59573472098066,130.31058566759452
33.59573497279081,130.31062878109344
33.59573744142983,130.31066644560008
33.59574672063468,130.31071486419967
33.59575608077853,130.31077944181789
33.59575627862938,130.31081175086172
33.59575413464563,130.31083333279219
33.595747494950956,130.31085491562192
33.59571182873793,130.31092525339784
33.59570738698636,130.31093605695355
33.595707467925365,130.31095491573683
33.595705278975515,130.3109656941116
33.59568963976511,130.31098736687352
33.59565825162707,130.31101994841197
33.59565377480192,130.31102805400155
33.59565386473412,130.31104153034244
33.59567002734991,130.31111144004103
33.59569074772986,130.3111893896787
33.595715945834286,130.3112619200017
33.595736532215255,130.31131291785698
33.595793495273654,130.3114256163991
33.59583902704952,130.31150335919278
33.59589355924044,130.3115837217115
33.59597308089303,130.3116962260001
33.59605938703112,130.31181405967118
33.596589387190534,130.31186102496645
33.59673822498917,130.31187330700755
33.5968284413795,130.31188335873003
33.59694353211836,130.31190669343925
33.59704058605428,130.31193016934185
33.59711289244609,130.31195652397446
33.597187413868085,130.31198555139213
33.5972574953372,130.31202002600344
33.59733213457042,130.31206522682885
33.59740905358501,130.31211849457293
33.59747472118147,130.3121691443905
33.59754494564277,130.31223055819373
33.59760844137651,130.31230007758654
33.597669667221396,130.3123642280268
33.59773097310597,130.31244724984072
33.597776441029964,130.3125142277495
33.59782194582618,130.31259197144243
33.59786291893863,130.31266438395426
33.59789716242415,130.31273963742444
33.59792227869025,130.31279603121197
33.59794786530182,130.3128723090099
33.59797727942794,130.3129598831921
33.59799338718511,130.31302172507264
33.59803282875208,130.3132207261557
33.59806435988236,130.31362182918417
33.59809919781975,130.3142990267787
33.59811477497692,130.31460192024247
33.59817319763499,130.31578666732094
33.59822086530073,130.31666666743286
33.598233414440585,130.31689866374245
33.5983018015869,130.31826380043412
33.598382918636844,130.31991180268756
33.59855936022632,130.32332600509108
33.598638441211165,130.3248805839719
33.59857141383975,130.32487433188498
33.59767422498555,130.3248189111639
33.597677333042554,130.32475780762684
33.598562495263025,130.32481189375392
33.59848961330505,130.32335347578237
33.598391467592194,130.32336092126957
33.598307918775504,130.32336686129167
33.598173972850645,130.32337608293994
33.59808466657415,130.32338228286608
33.59803022521476,130.3233848639204
33.597648694131976,130.32341306126386
33.59733622468707,130.32343518818345
33.59692422457334,130.3234643837743
33.596653224666625,130.32348513563056
33.59655977521351,130.32349644640396
33.59614777509978,130.3235237741029
33.59611038668504,130.32352924827626
33.59581341435762,130.32354914397786
33.595379333189726,130.32357869030443
33.594761468367096,130.32362070033514
33.59469955903745,130.32362505755043
33.593933531807124,130.3236799476715
33.59374874810629,130.32369216586085
33.593694694354724,130.32369797727983
33.593733640395214,130.32448632928072
33.5947920812896,130.32456880700488
33.5947900542177,130.32461330725835
33.593735305939674,130.32452994819857
33.59366265780545,130.3249999995504
33.593651694170376,130.32507095965718
33.59357966656842,130.32553702971018
33.59356761295504,130.3256248377162
33.59397686474057,130.3257536449148
33.59401019811219,130.3257641373051
33.59583913496817,130.32633172462943
33.59584146780952,130.3263451622995
33.59583702695727,130.32635866382134
33.5958303333033,130.32637219232288
33.594084586434576,130.32582992181347
33.59401422527634,130.32612330674522
33.59394464023302,130.32642686121073
33.594105135044,130.32647481216293
33.594099197719856,130.32650202295008
33.59414841401815,130.32651077785022
33.5941483870385,130.3265036714074
33.594348252370025,130.3265325027728
33.5943446128137,130.3265584949786
33.59414853182932,130.3265296366335
33.59414849495715,130.32652511034564
33.59409619758151,130.3265157196248
33.59408813515938,130.32655252887616
33.5938825861125,130.32648902684718
33.59385827923626,130.32661399484005
33.59389649502725,130.32662499444803
33.59390572117212,130.32657914431218
33.59396089188169,130.3265950838961
33.593932973328094,130.32673355431018
33.59388022539213,130.3267184439011
33.59389316213975,130.32664119303672
33.59385527909791,130.32662941641445
33.59380249518904,130.326900803929
33.59376510767362,130.3268864462525
33.593669305594005,130.32732632894704
33.594861494562394,130.32769416335498
33.59497199965813,130.32719888512054
33.59497689197002,130.32717708195685
33.595031360309065,130.32693294390026
33.59503369404979,130.3269224901809
33.59504633312184,130.3268658373886
33.595053053755464,130.32686038929558
33.59505982924776,130.32686033713492
33.59507110764554,130.32686294426958
33.59508241392234,130.32687092125605
33.59508922538748,130.32687894860464
33.59506379256004,130.3269930348008
33.59506081130746,130.3270063159888
33.595035305634894,130.32712060992822
33.59503130634977,130.3271385208261
33.594904386828034,130.32770730155084
33.596288558570166,130.32814639374112
33.596543748395334,130.32698885924856
33.596629639946,130.32661917043845
33.5962841977576,130.32651411163704
33.596284161784695,130.32650871570468
33.59628408084569,130.32649258096785
33.596286278788796,130.32648177741214
33.59629300032174,130.32647364484285
33.596663279087124,130.3265865889
33.59656633306986,130.3269967831751
33.5965969459923,130.32700344984937
33.59667244138012,130.32702610916772
33.597384333020614,130.32724771740834
33.597423342013656,130.32725872870742
33.59748504539857,130.32728011728364
33.597529747999545,130.32729325637877
33.597948081139066,130.3274209214385
33.59799305443596,130.3274346693746
33.59826202727078,130.3275170562672
33.59865936034123,130.32570900076985
33.59866446759116,130.32568600510513
33.598671252076656,130.32565513587588
33.598679279425255,130.32565778168134
33.59869844128008,130.32566386469568
33.59872091893533,130.32567092077647
33.59871802671563,130.32568408595182
33.59871063968433,130.3257178599913
33.59831169412945,130.32753282677857
33.59818422512194,130.32813450110643
33.597987162077914,130.3290573674036
33.59861025196159,130.32958038882396
33.599410748407365,130.33024581069571
33.5993849189789,130.33028941612372
33.599391225025045,130.33030422795787
33.59909227868576,130.33169778232684
33.59905444061002,130.3316858878935
33.59935269357203,130.33026605713292
33.59864291893564,130.32966693867832
33.59861908060611,130.329709830944
33.59856438743657,130.32980302229169
33.598523134635,130.32989267210917
33.59850038718315,130.32997053181464
33.59848599982911,130.3300448895601
33.59846010834735,130.33014108914006
33.59844082868136,130.33022830089544
33.598413224890464,130.33032311282147
33.59837882941952,130.33042002556374
33.59831813507395,130.33053286619884
33.59824461279868,130.3306573278735
33.59817274797399,130.3307757721842
33.598120224868524,130.33086355410978
33.59800522496124,130.33100905272568
33.597918720972245,130.33113513587784
33.59784655937125,130.331228663572
33.597806107865665,130.33128522733148
33.59778305374499,130.33133949422233
33.597765161732866,130.33140386499645
33.597701639918796,130.33156121937486
33.5976357483911,130.33171461673624
33.597583306224635,130.33185089460312
33.59753474823009,130.3319939173855
33.597495613331944,130.33211241205822
33.59746597257663,130.33223352825473
33.59743413477753,130.33239710774035
33.597413828985054,130.3325436963346
33.59740453179376,130.33271089469213
33.59739477504888,130.33283983139313
33.59738436000026,130.33296661511724
33.59736933322819,130.33312189386038
33.597368027412585,130.3332991439404
33.59737074786176,130.33333333256735
33.59737994612766,130.33344914366307
33.59738763982779,130.33362416342447
33.59740580163651,130.33378425443982
33.59742722528625,130.3339273671544
33.597450333366226,130.33406649767085
33.597464198214254,130.33419224357726
33.597468080587475,130.3343289486221
33.59747044130785,130.33448258070655
33.597466774771874,130.33460866385883
33.59745963955078,130.33468444882828
33.59745474813815,130.3347361085846
33.59744135993088,130.33484557676206
33.597428333251,130.3349360827341
33.59741022540163,130.33502455264102
33.59739938677234,130.33505416281946
33.59734700036381,130.33508830108428
33.597292468172895,130.3351741629573
33.597237801983,130.33526939037017
33.59719425231293,130.3353516081902
33.59714674832384,130.3354386122022
33.59712086493602,130.3354876126632
33.59708774830102,130.33555144024683
33.59706427869355,130.33561452678907
33.597046748208925,130.3356769388397
33.5970308293094,130.33575175074282
33.59700722480363,130.33585027237223
33.59696344130981,130.33599555065416
33.596874585593696,130.33627408598034
33.596783108353804,130.33653070033165
33.59672433316149,130.3366872498168
33.59668263969212,130.3368112843134
33.59663169399755,130.33692929964752
33.59658261259756,130.33705758793735
33.59653394578504,130.33720060982034
33.596487108193514,130.33734211364765
33.59644274823427,130.3375094675879
33.596414225336275,130.33767269813654
33.596392054349906,130.33782832671602
33.59638153228195,130.33795016866543
33.59637394560116,130.3381354469933
33.59637633330118,130.33829530508433
33.5963837751911,130.33843639432416
33.596403946085275,130.33866593998118
33.596424667364545,130.3388652270487
33.59643733341625,130.33900994775092
33.5964634946946,130.33918019481018
33.59647253198182,130.33926858557686
33.59647974814192,130.3393742280383
33.596481829173115,130.33949328119002
33.59647077470652,130.3397175622158
33.59645980207824,130.33989447505007
33.596449693698446,130.34001046690958
33.596431000390396,130.34012169865753
33.596411973433874,130.34018841756154
33.5963848921491,130.34024994827655
33.596339224575615,130.34032396877615
33.59630974839621,130.34038021957156
33.59630094583201,130.3404042278729
33.59628866738814,130.3404878081659
33.59674430620481,130.34043727615938
33.597148919287235,130.34039496755372
33.5974600811179,130.33899438408366
33.597495748230244,130.33900455271805
33.59717882893983,130.34044289242559
33.596744612873636,130.34049469517413
33.59628912604239,130.34054626499824
33.59626688311022,130.3406518678895
33.59605309897137,130.3416666673828
33.595738856063406,130.34315833958578
33.59166666738287,130.34332583741752
33.589498332681956,130.34341499440654
33.58849833333147,130.3434566671915
33.58795416165526,130.34347917002776
33.58779110827305,130.34345055809683
33.58741249459098,130.3433836062685
33.587013054409,130.34318165990578
33.58670249512409,130.34300111470975
33.58662361288947,130.3429622181319
33.5863994406817,130.3427555512278
33.58634833310913,130.34270832692778
33.585673332558315,130.34209610894834
33.58515472141329,130.34171083039053
33.58509646782778,130.3416666673828
33.58481472102261,130.34145306130983
33.583946386916296,130.34079555077415
33.58333333256729,130.3403306606316
33.58293500035006,130.34002861163117
33.58255638666799,130.33974166044936
33.58166416207149,130.33899861179657
33.58161000040127,130.33895333273017
33.58129833315161,130.33858693903608
33.58124222534849,130.33852111495753
33.581230829139486,130.33850444872144
33.581129721059824,130.3383572243065
33.581086108437205,130.33829389135008
33.581025000403486,130.3382047208712
33.58027777529912,130.33665277610476
33.57980082884524,130.33570749690352
33.57939972132016,130.33491306098904
33.579029721344625,130.33417944172788
33.57868863996879,130.33333333256735
33.578535559168756,130.33295360642387
33.5784030539578,130.33264749698446
33.5782249998839,130.3318805578415
33.57810749536469,130.33139639432818
33.57799527885908,130.3310638906861
33.57783027934397,130.33057389057262
33.577543892037056,130.32992944179034
33.57736889206075,130.32962888476527
33.577097494653685,130.3292472241801
33.57668472112306,130.32871250257995
33.57645889236403,130.3284927757211
33.57637610797104,130.32843221807252
33.5761149997075,130.3282408297506
33.575566387179094,130.32789722397774
33.57507805440872,130.32769389086047
33.574999999550414,130.32766632933772
33.57386944112187,130.32726722370353
33.573471667383615,130.32714306060382
33.57343527901497,130.3271338911162
33.57265166734061,130.32693583701928
33.57185277528538,130.32675055779202
33.57150916231802,130.32667138777435
33.570960828579416,130.32661194618447
33.57065610769325,130.32660832731256
33.570324721009115,130.32663444902062
33.57017694620913,130.32664610873098
33.56953222493229,130.32667250293377
33.56916110799881,130.32668749733023
33.56860333317735,130.32668250339486
33.568163053881904,130.32667693928943
33.56740972058219,130.32657083007985
33.56729527915388,130.32658888486924
33.56718833267547,130.32659944201066
33.567038892331084,130.326613891418
33.5669244410102,130.32660306088258
33.566677224574335,130.32654916990828
33.5666666674328,130.32654847023582
33.566367224667715,130.32652861230565
33.56627027865051,130.3265222181259
33.565709440738146,130.3264394418269
33.56408499982291,130.32620527905044
33.563316108251854,130.32616389135057
33.56241194605451,130.32609722370796
33.56142944121581,130.32603778211796
33.56134027883087,130.3260308303586
33.56076610756986,130.32598610887192
33.56037416233778,130.32594639391107
33.560021666766545,130.3258797280671
33.559358333120656,130.32568000033177
33.55898444087927,130.32556111535325
33.558978613272416,130.3255602717892
33.55886389215493,130.32554306056386
33.558517774575705,130.3255269393169
33.558366387199044,130.3255197276534
33.55833333261728,130.32551461680623
33.55818000000704,130.3254908297381
33.55788138731623,130.32539916993585
33.55755277504056,130.32528389123866
33.557037225187855,130.32520639396
33.55668166742504,130.32515610926714
33.55570916214816,130.3251155507421
33.555472775348335,130.3251055511803
33.55486722494254,130.32503555065023
33.55459213491912,130.3249999995504
33.5543536131288,130.32496916989135
33.55430805437328,130.32496306079668
33.55398082885222,130.3249205579375
33.5534505588962,130.32490666700915
33.553287494722156,130.3249025031481
33.55300722460379,130.32486999985065
33.55279916195184,130.3248377816384
33.55241582862766,130.32472610922264
33.55122277541079,130.32437861208336
33.549999999600345,130.32401233530106
33.54946833299721,130.32385306087008
33.54902999983466,130.32371499425165
33.54859389159486,130.32357778198912
33.548145000391514,130.32346610867398
33.547897774962394,130.32345360629893
33.54777999974726,130.32346221820683
33.54633944141216,130.32356888499612
33.54488333289953,130.3237019459881
33.544117775115296,130.32383333334167
33.54353889230606,130.32390250289825
33.54266777479802,130.3240063943797
33.54224277498412,130.3240777816643
33.54214722471471,130.32409360613508
33.541969441336676,130.32412360571993
33.54171472095766,130.3241661085791
33.54166666658347,130.32417422765855
33.54164889238251,130.32417722419962
33.54122416236527,130.3242113876455
33.541221108267564,130.3242113876455
33.54063916236748,130.32420610862505
33.54050110833953,130.32419832679136
33.540242494795336,130.3241833332943
33.540072495049685,130.32417360622696
33.53980722472369,130.32414333324834
33.539541946303814,130.32407666740437
33.53892999991962,130.32377250319848
33.53862249473241,130.32357083022964
33.53856222486684,130.32351333297402
33.538387494687186,130.32345027161284
33.53818249512608,130.3233063935753
33.538084999623095,130.32320333306745
33.53799889223512,130.3231119457597
33.53734472088223,130.32271389143295
33.53692389212398,130.32247972775724
33.53685027901719,130.32243861165261
33.53639805402702,130.32229639376362
33.5356955594026,130.3221252788586
33.5355177751253,130.32210360609656
33.53502916176643,130.3221583271452
33.534761108038765,130.32218832672993
33.53454305391887,130.3222063941099
33.53453194639229,130.32220722418413
33.53449916160707,130.32221000039124
33.53420249504916,130.32228555063773
33.53408972096389,130.32231444855302
33.533814720872726,130.32238444908307
33.53357055943383,130.32237194580875
33.53333333266721,130.3223276128291
33.53226694626261,130.32212832666096
33.53170444100721,130.32202306101556
33.5315236134241,130.32202306101556
33.530665000089755,130.32198527869775
33.530372494694916,130.3219725029287
33.53013416176219,130.32198693884618
33.530091107618546,130.32199499407375
33.52974694606473,130.32205944218958
33.5289880540555,130.32220111508946
33.5285455588305,130.32228389138857
33.528430279234044,130.32232693923697
33.52817361272213,130.32242333307045
33.52810472105608,130.32244916969353
33.52797305401327,130.3224983266365
33.52735805443069,130.3226441633975
33.527116946190176,130.3226711151799
33.52699889218519,130.3226622181869
33.52668277509002,130.32263861188244
33.52603166682803,130.32249055829266
33.52585972094943,130.32245138832093
33.52499999965033,130.32220897516413
33.52499777472758,130.32220832675296
33.52415972079456,130.32206610886385
33.52365944143014,130.32198888497908
33.52337138678013,130.32200749734818
33.522902775242926,130.32203749693304
33.5227097213766,130.32206250258253
33.52241444067397,130.32218333279468
33.52211277478477,130.32232527908843
33.522033891650835,130.3223747211166
33.521316945820445,130.3228236060247
33.52103999959638,130.32299693865787
33.52096722465774,130.32292389122472
33.52088305440947,130.32283916969197
33.5208499998277,130.32280610881492
33.52070722525826,130.3225274970464
33.52066916235202,130.3224533326552
33.52061499978248,130.32242083025722
33.52052138665272,130.32240832698278
33.52040082893518,130.32237944165797
33.520328613374886,130.3223294420502
33.520213892257345,130.32224972794268
33.520096386838816,130.32209138790734
33.51993361314578,130.32167583727016
33.51986416210144,130.3216866669062
33.519779999947104,130.32174416326257
33.51975277477078,130.32181610902626
33.519728612685356,130.32221194562487
33.519623892029074,130.32222861186096
33.519222225125645,130.32229306087618
33.51925222471044,130.3225522176108
33.519249441308716,130.32269277625073
33.5192161079371,130.322779169623
33.51909249522254,130.32284389113272
33.518877225403685,130.32288306110445
33.51868749543161,130.32291778213005
33.51859527894902,130.3229663940839
33.51857166724869,130.3229774971138
33.518520000297826,130.32300221767832
33.518473332678184,130.32299138804217
33.51845082894266,130.32296805423243
33.51842138693752,130.32282138829646
33.51837222459852,130.32275778194617
33.518290279273,130.3227041625671
33.51821249511062,130.32263083004887
33.51819222529099,130.32255778171634
33.51819222529099,130.32244527922637
33.518167494834074,130.32235250336544
33.5181388918964,130.3222938909504
33.518057225360735,130.32226333288656
33.518026386708414,130.32222416291484
33.51800582910579,130.32213610939402
33.51785555868713,130.32162389063012
33.51762582866911,130.32101666658593
33.51750889162213,130.32074693921993
33.51731027904617,130.3204258371827
33.517010278701434,130.32003277589195
33.5166666666334,130.31972255475216
33.51635582855869,130.31944194558935
33.51582610808845,130.3190580537862
33.515417225024976,130.3186211145728
33.51532749516781,130.31849306100605
33.51518361263368,130.31818610890184
33.515163892299825,130.31808832741444
33.51519138727275,130.3179672238084
33.51519138727275,130.31787444884685
33.515090000403234,130.31755805386115
33.515008054178395,130.31746944186136
33.514949720553204,130.3173672240182
33.514949720553204,130.31731778199014
33.514949720553204,130.3173066672689
33.51498082900213,130.31719499395388
33.51487746812069,130.31666666743286
33.5148211076081,130.31637861188347
33.51482889213969,130.3162994418658
33.51568194586514,130.31562972842926
33.51568972140359,130.31556444933994
33.51537833294378,130.31515027196758
33.51521082881675,130.3150038911167
33.51510166730816,130.314966667278
33.51487582865661,130.31497138781936
33.51474333333823,130.3149386120274
33.51461889234804,130.31488916999922
33.514209720602196,130.31472693859735
33.513913613422574,130.31463416273652
33.51337249494475,130.31459944171093
33.513201108444434,130.31456693931284
33.5130802791316,130.3144738909574
33.51176361320023,130.3129316597683
33.511643053684054,130.3128408300404
33.51153389217541,130.31282221767128
33.51038472137782,130.31281999994314
33.51017444099773,130.3128338908714
33.50937055860447,130.31279416332006
33.50932555922725,130.31279194559193
33.50894777472007,130.31279666703267
33.50865944128026,130.31288277621923
33.508378892372036,130.3130386116427
33.5083333327172,130.31307466906082
33.5080441620085,130.31330360587674
33.50781416219388,130.31341527919187
33.507650559325896,130.31345722357207
33.50730389226089,130.31347583684044
33.50708194587514,130.313399169636
33.5070194411943,130.31331999961833
33.506978054393755,130.3132294423849
33.50692610775371,130.31311555134164
33.50664249485533,130.31255527910287
33.5066222250357,130.31251555065217
33.50661055903015,130.3123480537198
33.5066222250357,130.31213861240713
33.50670027899474,130.31168972839828
33.506891107938316,130.31081027237622
33.50694166692443,130.3105127757441
33.506930000019565,130.31035916973997
33.50686000038877,130.3102288849551
33.50671194589961,130.3100474970944
33.50639638728347,130.3097333333268
33.50622889214969,130.3095472240252
33.50586277544676,130.30897306085808
33.50564833300422,130.30863805440276
33.50556277510202,130.30835416271452
33.505560080733176,130.30833333261728
33.50552416181068,130.30805416326905
33.505516108381755,130.30774250321406
33.50552777528668,130.30742610912773
33.505590000278346,130.30723555088002
33.505640559264464,130.30700749719836
33.50568749488201,130.30662832683583
33.50571610771226,130.30618082958165
33.50572249469741,130.3060794418128
33.50572741398901,130.30603427965832
33.50580027885985,130.3053441633026
33.50585110764257,130.30508832686485
33.50592500043848,130.3048091701072
33.50591722490009,130.3046069386594
33.50585889217416,130.30403499411977
33.50585889217416,130.30379778174233
33.50586277544676,130.30331389072353
33.50588610835729,130.3026555510129
33.50587444055304,130.30237639425525
33.50585527869822,130.30226999996057
33.50584333300344,130.30220416329155
33.505765279044454,130.3020647207104
33.505516108381755,130.30166693887816
33.50545361269411,130.30151333287404
33.50543805442271,130.3013319459127
33.50546527869972,130.30119250333144
33.50559389164482,130.3007922177867
33.50560108082527,130.3007233333152
33.505617224555294,130.3005688846464
33.50558610801255,130.3003549943876
33.50550444057751,130.30015027181764
33.50539491934012,130.29999999960035
33.505258892384006,130.29981333271917
33.505064162181384,130.29951778221994
33.50503305373252,130.2993688850661
33.505044720637386,130.29929444907964
33.50522000030281,130.29895499367808
33.50537194615845,130.2987408300254
33.50550833284336,130.29863389074148
33.505605559449066,130.298610557831
33.50585889217416,130.298610557831
33.50594444108316,130.29858749741516
33.50599889233507,130.29853166030796
33.506026387308,130.2984244494288
33.506026387308,130.29819666734238
33.50590555889448,130.29767555068622
33.50587833281884,130.29740805363883
33.50586277544676,130.29701722356606
33.50591722490009,130.29675666658693
33.506022495042146,130.29653805398812
33.506104999746015,130.29641693869087
33.506302775053086,130.2961263938181
33.50645472090872,130.29579138826205
33.50651305363459,130.29558194605
33.5065872252203,130.29540749735816
33.506692495362415,130.2952308300388
33.50671889226311,130.29520666705412
33.5068402791556,130.29509583730317
33.506922225380436,130.2949425028943
33.50696110756911,130.29477250314858
33.50703527915488,130.2946469389052
33.507113054324066,130.29463778200807
33.50743249531348,130.294730557869
33.50758444116906,130.29472610892287
33.50763889242103,130.29468416274403
33.507771108050235,130.29422360643434
33.507895828729545,130.29397944229754
33.50803972115625,130.29379333299596
33.508176107841166,130.2936911151529
33.508300829419795,130.29363972789122
33.5083333327172,130.2936363041722
33.509029161566616,130.29356306068678
33.50976555883352,130.2935722175838
33.509831667097785,130.2935025030381
33.50994082860643,130.29328389133855
33.51001861276882,130.29319306071125
33.510104441366934,130.29316972780077
33.510303053942835,130.29318832668002
33.510836386989695,130.293332775787
33.511307774734064,130.29330722424902
33.51243722519786,130.29308610883686
33.51251138689105,130.29301639429127
33.51255555889196,130.29290778226834
33.51300610844521,130.29179861241607
33.51305722501098,130.29181527865228
33.513250829262404,130.29179666718255
33.51366500033953,130.29174360628247
33.51382405443661,130.2916666665834
33.513827495242765,130.2916649938445
33.51400582900584,130.29163250313752
33.51444722525929,130.29162082993741
33.51479582856467,130.29153778204306
33.515016666985616,130.29141277627866
33.51521027933097,130.29138499442206
33.51552389181421,130.29133639415932
33.51598500030758,130.29138027208194
33.51623277522248,130.29141277627866
33.51656166718726,130.29136416342544
33.5166666666334,130.29138094657344
33.51667805384915,130.29138277579455
33.516852224650506,130.29147055772012
33.51701189208518,130.2916666665834
33.51712722474167,130.2918083268928
33.51731305435402,130.29197250262894
33.517502775332844,130.2920419455794
33.51766944129173,130.29206499430416
33.51775472130339,130.29201861176955
33.518064440621515,130.29175972842881
33.51818833302519,130.29172277618522
33.51829694594733,130.29175055804194
33.51867249473992,130.2921041633765
33.51885861303464,130.29224277588344
33.5189669462676,130.29226583719867
33.51907138723476,130.29221055767118
33.51924555893544,130.29197444876183
33.51947891861727,130.2916666665834
33.51963666689869,130.2914586120254
33.51973361291596,130.29138472102807
33.51987305369852,130.29132916990534
33.52012472087921,130.29123194599754
33.52037249489479,130.29109555121875
33.52052749484807,130.29096138765794
33.52055082865786,130.29090138758897
33.52054694628458,130.2908133331689
33.520248613282945,130.29046221805697
33.52017500017615,130.29034639437066
33.52016972115575,130.29032610926265
33.52015582932813,130.29027250337344
33.52019055934687,130.290180000007
33.52057389177173,130.28955778156637
33.52089555858322,130.28922944178532
33.52118972142853,130.2889863937072
33.52134082911601,130.28888944229402
33.52168166677558,130.2887783265586
33.52222000005304,130.28859555104395
33.52243694620813,130.28848917023913
33.52255694634607,130.28834583719072
33.52261889164856,130.28820693869932
33.52261527907194,130.28808221802
33.5225299999596,130.28769583689348
33.52250277478328,130.28741360625304
33.522479440973484,130.28701138806514
33.5225266670721,130.28674138820452
33.52254166686447,130.28665499393287
33.522580279256545,130.28660888479226
33.5227080540335,130.28658583696688
33.523025558782535,130.2866574967461
33.52331972072858,130.2868377820381
33.52367610766629,130.2869558369424
33.52398972104885,130.2869811150864
33.52448166729516,130.28699277569615
33.52496194573723,130.28704610909074
33.52499999965033,130.28705639373766
33.52572499980897,130.28725194592062
33.52607361300687,130.2872541627495
33.52625166708083,130.28731416281846
33.526874999781455,130.28764499372153
33.526956107838146,130.28771778215003
33.52721527896199,130.28794999969284
33.527301107560106,130.28802666689717
33.527560559272445,130.28819055844758
33.52775027935195,130.28824138812968
33.52806027925851,130.28828778235538
33.52830416190761,130.28827166020903
33.52867610801604,130.28818583700684
33.528768891970856,130.28817666661996
33.52886194572227,130.2882091699173
33.52914861271836,130.28840555127522
33.52951638687182,130.2885838913336
33.52967916236349,130.2886255506287
33.529897224577326,130.288672775828
33.530072774938674,130.28869749729176
33.530091107618546,130.288700000105
33.53036249513309,130.28877333262324
33.53131889175353,130.28924805415443
33.53171638670193,130.28934250275438
33.531913613422546,130.28935805383117
33.53212361321425,130.289329170305
33.53294138743513,130.289033891401
33.533080278731916,130.2890047209911
33.53328722532524,130.28902416343442
33.53333333266721,130.28903069970704
33.53353277531738,130.28905888535928
33.53369444104567,130.28911666680085
33.53399138729276,130.2893002723897
33.53417249456504,130.2893272241721
33.5344408288812,130.28929639361377
33.53456027863399,130.28923250307764
33.53482222506568,130.28884666694023
33.53498694579099,130.28866917044593
33.535135558759066,130.28855527940266
33.53533027906917,130.2884427760133
33.53542972070511,130.2883852787577
33.535846667090084,130.2882888849242
33.5359500000925,130.28822306084567
33.536066386754385,130.28817888524748
33.536302224967756,130.28811306116893
33.53646082940378,130.28809389122011
33.53661249467092,130.28812472087918
33.5367774950854,130.28823277622166
33.53751082926141,130.28889277608084
33.53766277511704,130.28898165967587
33.53778555865665,130.289031660183
33.53795638667793,130.28903027162983
33.538031107749475,130.28902972843923
33.538176666619904,130.28899888529043
33.538390000198376,130.28889444881986
33.53850638686032,130.2888019463528
33.53864194616892,130.28864749678462
33.53897805429381,130.28819416293038
33.53921416230378,130.28783527857536
33.53961641376651,130.28733496773464
33.53964722543918,130.2872966674073
33.54007694579445,130.28693972828592
33.5400900003533,130.28688944179441
33.53962777490193,130.2865227756057
33.5395244410002,130.28641861162964
33.53948249482136,130.28635693882177
33.53946305417668,130.2862449939114
33.539479161933855,130.28614832668404
33.53956638717909,130.2858511151369
33.53957610795106,130.28572389074498
33.53950500035552,130.28543027198953
33.53949527868423,130.28524499366154
33.53941444132346,130.284812775889
33.53938222490979,130.28456972781078
33.53938527900749,130.28437666674984
33.53940805433831,130.28417583734506
33.5394469464195,130.2839905581178
33.5395274950979,130.2838091702571
33.53979861281579,130.28343722414866
33.53987430605446,130.2833333326672
33.54015749537217,130.28294472122195
33.54037082895064,130.28270165965398
33.540584161629795,130.28225389080444
33.54075222513512,130.28199138769241
33.54124361290246,130.28144693902505
33.54166666658347,130.28082586272342
33.541695828899435,130.2807830612893
33.5419596396257,130.28032861227575
33.54219999963033,130.27991472088775
33.542342224713934,130.27959027157385
33.54247138714487,130.27935861161075
33.54258138682161,130.2792430613183
33.54287222487335,130.27910389123167
33.543091386958,130.27905555087307
33.54318638684231,130.27899138784232
33.543231666808026,130.2789174968451
33.54323582887048,130.27885389139408
33.54320694624363,130.27868138793576
33.54323582887048,130.27857306099804
33.54338027887684,130.27835138800617
33.543788332765416,130.27787610889538
33.544027494873035,130.27758055839615
33.544188333225065,130.2772430608187
33.54427499999133,130.27691778232986
33.544346107586875,130.27671083034056
33.544369721085786,130.2766419458692
33.5445183331546,130.2763119459396
33.54461305424911,130.27599416330008
33.54465861300463,130.2758366668288
33.54466277506708,130.27567888527244
33.544716387251526,130.27556055787352
33.544976107861146,130.2752502719825
33.54507110774546,130.27507778201414
33.545095305803784,130.27499999965028
33.5451138920925,130.27494027207592
33.54513694621318,130.2748661085841
33.545206945843915,130.2747527760199
33.54537999968727,130.27448221768032
33.54551194641925,130.27428250343485
33.54562749491299,130.27394277643805
33.54573472108058,130.27377027208047
33.5457919458417,130.2736666665835
33.54591222476938,130.27345000011746
33.546006945863894,130.27319888512056
33.546006945863894,130.27291805382515
33.545994721379316,130.27266194579227
33.5459452793512,130.27245499380297
33.54595333278013,130.27225055811687
33.546002774808244,130.2719894417594
33.54609361263016,130.27173333282713
33.54621749514132,130.27156583679403
33.546415279441646,130.2714377823279
33.546874720591916,130.2712222184307
33.54714500014171,130.27109527912387
33.54718638694226,130.2710163941913
33.547215278562305,130.27087861175858
33.5470833327297,130.27062722426706
33.5470833327297,130.27057805383413
33.54713582885546,130.27034250340387
33.54714916220411,130.2702825033349
33.54714916220411,130.27005082988194
33.547178053824155,130.26989861243112
33.547227494953006,130.26974082997538
33.54759055935688,130.2692605578285
33.54768972130364,130.26916693930286
33.54779277461688,130.26898472136781
33.548081386846604,130.26871389143298
33.548180558685885,130.26867444896675
33.548452775375324,130.26863749672316
33.5485474946712,130.26858333325424
33.54888944119483,130.26804138829948
33.54898861303411,130.2677186117246
33.54924833274441,130.2672261087979
33.549458891914355,130.2669574965912
33.549718613423295,130.26678027169226
33.54983110781944,130.26668333286955
33.54985044144479,130.26666666663345
33.54986722459279,130.2666522181254
33.5499372251229,130.26650444872143
33.549999999600345,130.26644688671456
33.5500072247537,130.26644027220084
33.55019305436599,130.2663763942553
33.550291945616834,130.2663763942553
33.550663053557116,130.2664822183798
33.55107527940066,130.2664822183798
33.55139694621215,130.26637861198344
33.55148777504081,130.2663836059187
33.55158277492518,130.26647972815704
33.55171322518527,130.26666666663345
33.551850828652846,130.26686389065605
33.5519991619318,130.26698221805498
33.552180828582436,130.2670486123037
33.55238694600081,130.2670733328681
33.55253555896894,130.26704389086296
33.552766387059194,130.26687138830403
33.55302799984236,130.26666666663345
33.55343055887323,130.26635166020105
33.55360389240576,130.26626778223238
33.55388389182821,130.26622610944742
33.55464694589989,130.266203890797
33.55477082931037,130.266169442266
33.554873891616865,130.26606583676903
33.55507610777619,130.2657925031216
33.55520389244572,130.26568416269401
33.555352224825356,130.26562499359864
33.55578944102996,130.2656325029377
33.55616499971501,130.26570138830846
33.55632972133964,130.2656963943732
33.55647389165682,130.2656719463033
33.55656472138486,130.26558306090965
33.55663889207125,130.26542055791253
33.5567130537645,130.26519639379865
33.556832775112525,130.2649599998042
33.556865828795026,130.264851660276
33.556852775135496,130.2647447209921
33.55684916165956,130.26471360624794
33.556754440565044,130.26460527931022
33.55655222530498,130.26438360631846
33.55645749521727,130.26414221838877
33.5564216671263,130.26393416293138
33.55642027857306,130.26392555102348
33.556436945708526,130.26370389062208
33.55650694623864,130.26346722413314
33.5566430541337,130.26324082970064
33.55678333308441,130.26305138841087
33.55684916165956,130.26284944204815
33.55685333271521,130.26268194601505
33.55681222470446,130.2625686116521
33.55676666684826,130.26245027166271
33.55676666684826,130.2622974966322
33.55684110823063,130.2620858366921
33.55684110823063,130.2619430612234
33.55678749514681,130.26176555123925
33.556663612635646,130.261509442307
33.55611110784139,130.26063499371003
33.555826386978254,130.26002416338451
33.55561610839675,130.25935693927136
33.55553777474853,130.2590022178781
33.55547999960237,130.25856888494616
33.55541755877334,130.25833333271714
33.55540555911932,130.25828805365086
33.555298332951736,130.25807360581234
33.55523666733836,130.25793083034364
33.55522305430054,130.25782499362856
33.555207774818996,130.25770416341652
33.55522805363182,130.25750722357952
33.5553641624262,130.2573297279846
33.55576833304218,130.25700722390434
33.55587972127216,130.2569430608736
33.556135558609185,130.2566474968845
33.556531387113864,130.25626583719873
33.55661389181773,130.2561277822714
33.5568611082536,130.25569416335497
33.557026107768706,130.25546027217388
33.55720333266771,130.25531778179027
33.55761166714478,130.25508138779583
33.55766222523158,130.25503805396306
33.557706667029095,130.25500000005002
33.55777666665989,130.25480778165388
33.55780555917926,130.25451722419064
33.55776444127599,130.2542758371602
33.5577150001472,130.25409360573542
33.55754166661467,130.25381277623865
33.557426108228356,130.2535638906611
33.557318891953344,130.25322416276492
33.55729416239575,130.25301221773975
33.55733555908881,130.2526772238748
33.55732722507145,130.25240639393996
33.55726527886958,130.25215499385797
33.557170558674386,130.25197778244876
33.557092225026224,130.25188416302376
33.556778613442305,130.25170444880132
33.556638332692955,130.25151722434055
33.55658472140783,130.25133527890011
33.556535279379716,130.2509952794087
33.55647705367312,130.25073805441775
33.556448332924276,130.25061111511093
33.55636166705733,130.2504286120908
33.556233892280375,130.2502513880911
33.55613916219261,130.25019722372292
33.556077494780595,130.25010861172314
33.556042747674724,130.24999999970032
33.556023891589405,130.24994111479066
33.556011107726476,130.2498130612239
33.556040000245844,130.24973917022658
33.55612666701211,130.2496897281984
33.556584440819336,130.2495049939604
33.556898054201895,130.24947555105587
33.556984441278985,130.2494261090278
33.55720305387791,130.24912583708783
33.55730638688033,130.2490469386654
33.55744249477539,130.2488694421711
33.557553891998566,130.24870693917399
33.557582774625416,130.2485738907725
33.55761555941058,130.24841138777538
33.55757861256296,130.24826861230667
33.55748333298948,130.24800749684857
33.55735555911184,130.24777111544472
33.55735499973349,130.24768250344482
33.55750500035555,130.24740916979738
33.5577150001472,130.24704111505548
33.55776305362207,130.2467994420407
33.55773500017017,130.24632832679094
33.55771249463595,130.24582111455288
33.557707495304726,130.2454933332508
33.557705559064345,130.24535444914852
33.55770361293145,130.2452216597519
33.55764277469433,130.2450888847443
33.55739777508728,130.24466917024608
33.55736527898449,130.24460639397
33.5571083327834,130.24411221830428
33.55667722477415,130.24319277572613
33.55655055886126,130.24282832726556
33.55651416239874,130.24272333321528
33.5562072246837,130.2428394419867
33.55605805413592,130.24238360621848
33.55582555870262,130.24242888528488
33.55570166719821,130.242446939175
33.55562194589612,130.24237000037533
33.55545005397687,130.24244185530745
33.55506610821436,130.24260250300313
33.55500861275732,130.24244999956784
33.55495861314955,130.24231722366096
33.55463249469392,130.242446939175
33.55450082855043,130.2425099996368
33.554004440552546,130.24274805377968
33.55387833311863,130.24281111514097
33.55362889176001,130.24288165976088
33.55353194574275,130.24290917002224
33.553228332821334,130.24190527930523
33.55310222538742,130.24187082987498
33.55257861311253,130.24172832690078
33.552465559338145,130.2416666666834
33.55238916193031,130.24162499389843
33.55223194604753,130.2414686116872
33.55212805366682,130.24136555117934
33.55209166709682,130.2413291700052
33.5520391619778,130.24127722426454
33.551905279005496,130.24114416327257
33.5518477745552,130.24108693941082
33.55189472096464,130.2409047205765
33.55185972114924,130.24076082994839
33.55179694577248,130.240619169639
33.551753891628834,130.2405225033109
33.55172749472814,130.2404313875985
33.55194777467011,130.24029472122447
33.55218666698113,130.24007555104595
33.552644440788356,130.23966555102447
33.55272082920294,130.23953944179186
33.55258277517498,130.23923111462432
33.552506667348894,130.23896472104514
33.552464161791704,130.2387386116976
33.55279249527746,130.238560000044
33.55377389215147,130.2380849943271
33.55393972084147,130.23798166042536
33.55424194610896,130.23770472139586
33.554454161830165,130.23748555121733
33.554709440688214,130.23703333342166
33.55491333318383,130.23670221833277
33.55510694642851,130.2364361089393
33.5552213869575,130.23633082980405
33.55536389173028,130.2362661091936
33.555606667313896,130.23642499421817
33.55573610763531,130.23650944235692
33.5558594406607,130.23658972843327
33.55595138734668,130.23665000009748
33.55613889239601,130.2364161089164
33.55649027910317,130.2362205576327
33.556610558930174,130.23619055804784
33.556714161729246,130.23638111539617
33.55690027912465,130.2363927760059
33.557556107928065,130.2360133331489
33.55768972110377,130.23595389065963
33.55776610771977,130.235919728113
33.55796472119499,130.23659499396388
33.5581091622081,130.237027224327
33.5583158291123,130.2376461089808
33.55833333261728,130.23770116727508
33.558355829158245,130.2377719457188
33.55875972098437,130.23904527871673
33.55890389220093,130.2393844490332
33.559713891782735,130.2389919462214
33.55983416171722,130.2388983267964
33.56033361280606,130.23866916964653
33.560673332608246,130.2385238913646
33.56081055925995,130.2384336057264
33.561276387395424,130.23822444859945
33.56155916212566,130.23888639369216
33.56160805376874,130.23898499356267
33.56166527942918,130.2389969392574
33.56181277543931,130.23894805390967
33.561917495196326,130.23889166012214
33.56196222477689,130.23886749713733
33.56259472066989,130.23852666667244
33.56272777536657,130.23845861227517
33.56358582932262,130.23802000032288
33.563904162347285,130.23785944166002
33.564118333194585,130.23775165971142
33.56423138696897,130.23769472093466
33.56441416158435,130.23760250265343
33.56456333303146,130.23752499368356
33.564703054402514,130.23745221784566
33.564823333330196,130.23738944156958
33.56494833279936,130.23732444936388
33.5654219463658,130.23707778241373
33.56551249460597,130.23703055811382
33.56560861324698,130.23698055760667
33.56575555887201,130.23690972790166
33.56615944080562,130.23671555078215
33.56633916222262,130.23664888493818
33.56642527860379,130.23665610919215
33.5666666674328,130.23723625195157
33.56683027929398,130.23762944184534
33.567098333021704,130.2383611149735
33.56723527908491,130.23874610934558
33.56744389212196,130.23933306087213
33.56779194594162,130.23916639401398
33.56789305402128,130.2390977820371
33.568079441213285,130.2389708301398
33.5681633326717,130.2389169391655
33.56826861270639,130.23884916985332
33.56831610770229,130.23898111478672
33.56847916198382,130.23943333258228
33.56862249503217,130.23983055773408
33.56869249466297,130.24002472136385
33.5692544414394,130.2397683273465
33.569347774879986,130.23972693874725
33.570137224953044,130.23937639380563
33.570464161791676,130.23921944232347
33.57061361292796,130.23972916996524
33.57076082924891,130.240191388222
33.570803612696636,130.2403252792883
33.57082055862196,130.24037861178363
33.570951107807446,130.2407886118051
33.571008613157005,130.24096888540578
33.571016386896815,130.24099360597017
33.571051386712156,130.2411030606578
33.571279720982375,130.24099583718817
33.571419721143286,130.24092999961988
33.571683891598354,130.24080610901478
33.57182361296941,130.24074027234576
33.57241444057405,130.24046277573655
33.57272027931748,130.24031610890142
33.57274499988188,130.24030444919106
33.572853891593866,130.2402522183653
33.57307666715451,130.24106722357362
33.573163333021455,130.24102888457537
33.573235829170244,130.2409966672625
33.57344861326294,130.24090221776316
33.57352777518673,130.24086722424306
33.57358916201025,130.24083999996606
33.573724440730416,130.2407799998971
33.573803613446046,130.2407449937865
33.57387916189384,130.24071138792033
33.5740952788741,130.24061555076707
33.57423694637805,130.2404902716088
33.574405829165755,130.24037555139068
33.5748738921165,130.24020360641134
33.574999999550414,130.2401602716792
33.57520694614368,130.24008917037895
33.57557694611921,130.23990888508706
33.575715278937025,130.23984165986474
33.57586222456206,130.2397700000855
33.57623666718848,130.23962277567057
33.57652666707207,130.23946166032738
33.57660527861077,130.23940583671003
33.57669582864963,130.2393419461739
33.577335000210155,130.23902555118832
33.57841944140415,130.2385427762282
33.57946305427657,130.23809333284112
33.57982582909881,130.23793722402377
33.58005833262598,130.2378772239548
33.58026999976073,130.23778999960882
33.58033972060167,130.23775749721074
33.58044082868133,130.2377105579959
33.580328613075096,130.2373311151389
33.58067805364931,130.2371433330984
33.58131416211893,130.23683610939895
33.58126082872434,130.2365236057799
33.58103944081762,130.23590861159323
33.58104082937081,130.23577333287312
33.58090110799981,130.2353338908465
33.58090610823035,130.23522250261647
33.58091361307282,130.2350491699833
33.58091638658203,130.2349925028018
33.58091833271493,130.23494416334256
33.580927225211326,130.2347480535799
33.58093027930897,130.23467639380056
33.58136777520269,130.23472000012794
33.581495279283786,130.2346719457538
33.581531946442226,130.23452389126464
33.58149499959461,130.23437166032397
33.58131666673086,130.2336394422066
33.58125533296732,130.2333333327672
33.58122861320999,130.23320000017998
33.581121666731576,130.2326658370588
33.581091386558285,130.2325474970694
33.58098082930189,130.23211805370522
33.58094972085297,130.23199666681273
33.580908333153104,130.23183583655464
33.580607775228714,130.23092194639082
33.58053999962135,130.23071639374666
33.58034472083227,130.2301027764221
33.58031110777148,130.22999749728672
33.580282774630405,130.22990832680784
33.5807241618906,130.22965555076314
33.58126749539866,130.22937666739938
33.581344161703726,130.22925472112854
33.58108749519181,130.22845277587498
33.580754999643545,130.2274141632331
33.5807219459611,130.22727722436446
33.58069861305063,130.2271811147167
33.58077499966657,130.22707666655504
33.58098277543479,130.22693722397378
33.581106666939206,130.22684555068167
33.58139305424612,130.22669972830988
33.58133110804425,130.22639055757827
33.581166945797975,130.2260247205645
33.58112916168153,130.22592639408788
33.58106833333699,130.2257674973722
33.58096444095622,130.22533832740191
33.580891666916955,130.22509888470586
33.58085980213821,130.22499999975025
33.58081861318851,130.22487221777874
33.580734720830776,130.224709442287
33.58055610827785,130.22436277612132
33.58041749487154,130.2240822182199
33.58039361337461,130.22403389135104
33.58023333260229,130.22377250339832
33.580249441258786,130.2236527757551
33.5802566673114,130.22360083001433
33.58026249491826,130.22355666700662
33.580281108186625,130.2234205582123
33.5802988922801,130.22328888487425
33.58015472106359,130.22313832667248
33.57970249517405,130.2228944494194
33.579461946311824,130.22272027232282
33.57943638667996,130.2226286116212
33.579516107982045,130.22238972830337
33.579622495082106,130.22207138808415
33.579930558748345,130.22121944232345
33.57998166722024,130.2210636060007
33.58004166728915,130.22088138806566
33.58024416223833,130.2202652787197
33.58030833336295,130.22004639362626
33.58044666708008,130.21957499419068
33.580469999990555,130.21949250297666
33.580501387229276,130.21938111474674
33.58055610827785,130.21918722361158
33.58088389227788,130.2191566673464
33.58098610832229,130.21908693931084
33.58110638725003,130.21898693919593
33.58126833266749,130.2187163943462
33.58145472075881,130.21840527928032
33.58145610841274,130.21840333314742
33.58160416200252,130.21817000044518
33.58174638708613,130.2180611150285
33.58240472140085,130.21774499433604
33.58264916162955,130.21764916977338
33.58285527904792,130.2175249940833
33.583066386804376,130.21698499436206
33.58319777505733,130.2166933334306
33.58321513467075,130.21666666673332
33.58333333256729,130.21648496770717
33.58338916158061,130.21639916968604
33.58348610759782,130.21636306100652
33.583564161556865,130.21633389059662
33.58400916229306,130.21626832732147
33.584268613106076,130.21624778230932
33.58452889219467,130.21622693872234
33.584919161989774,130.2161266670122
33.585267494599236,130.21597639389552
33.585382495405895,130.21588250287527
33.58578694571105,130.215551660281
33.5859655591633,130.2153208303921
33.58616055916252,130.21491333318386
33.58626638688429,130.21462583701282
33.586350279242026,130.2143558371522
33.58641972129317,130.21412082991242
33.58653277506755,130.2139769392844
33.58662000031279,130.21395693926138
33.58724138688058,130.21321083021576
33.58759000007848,130.21302666704707
33.58782082906805,130.2127688853758
33.588192494587986,130.2125266673719
33.588310559384865,130.21242861159124
33.58844389197208,130.21212778207155
33.588618332570036,130.21191306083915
33.58878500032756,130.21185472091872
33.58898499965807,130.21178749659578
33.58930305389288,130.2117811150065
33.5897436128775,130.21179666698265
33.59009527927378,130.211808885172
33.59029666715753,130.21187666707453
33.590459440850566,130.2119316597184
33.59058249508615,130.21191306083915
33.590821107707995,130.21185472091872
33.59107749543011,130.2118241628549
33.59147777467962,130.21173250305264
33.59166666738287,130.21165538258992
33.59168805416044,130.21164666725997
33.59184694637952,130.21148082957666
33.59211082905159,130.21106055839812
33.592316108301816,130.21071083004085
33.59259805385716,130.210582217995
33.592944441233044,130.21052389066506
33.593180279446415,130.21029693865285
33.59333416244169,130.21001472060289
33.5935394407926,130.20999610913316
33.594070000330305,130.20983360613604
33.59442389164934,130.2097966673823
33.59473166663315,130.20984583691586
33.59509833282186,130.21007583673054
33.595488332820366,130.21027832718312
33.59588582866809,130.21031832722906
33.59615749497249,130.2102138907585
33.59642416194555,130.21000527862077
33.59654749497099,130.2097230605708
33.596539440642744,130.20926610874403
33.59652833311611,130.2090147212524
33.596509720747065,130.2085916603769
33.59649822471334,130.20833333281712
33.59648889244846,130.20812416309968
33.59648305404977,130.2079902720335
33.596488054280314,130.20766499444403
33.5966061082853,130.20742583683295
33.59689861278082,130.20730306138728
33.59752610844322,130.20736861207183
33.59780889216671,130.2073983265716
33.5980961077492,130.20760693870932
33.59833472127042,130.20789832714615
33.59836764005462,130.20790255485906
33.598765278894575,130.20795360577438
33.5991780542239,130.20827555137566
33.59924153197119,130.20833333281712
33.59994999989266,130.20897805409402
33.600000000399746,130.20902641963357
33.60013722525281,130.2091591703595
33.60028610801754,130.20952722420213
33.60058110813168,130.20978138790076
33.60114777544953,130.21000527862077
33.60149916215664,130.21027221808845
33.60175055864141,130.21041333340872
33.60214805358987,130.2105269393668
33.60231222482935,130.21055138833594
33.60262166715626,130.21044389057317
33.60283249522354,130.21037055805482
33.603176108190894,130.21033360581134
33.60353777504832,130.21031832722906
33.60380444112212,130.21028749667073
33.6041372253527,130.21031666708063
33.6041916667121,130.210321387622
33.604450828842744,130.21048389061912
33.604594440680955,130.21059444877483
33.604686667056114,130.21058832708968
33.60485082930239,130.21049610880846
33.605109801676065,130.21026452708634
33.6052791620038,130.21011306056937
33.6054583330357,130.21002111478265
33.60558138727123,130.21002722387732
33.60587389176675,130.21007610922516
33.60605333259525,130.21011916966404
33.60620972110178,130.2100608297436
33.6063124947259,130.2099627757616
33.60647666686475,130.2097541627245
33.60663055885328,130.20963749727275
33.606891945906625,130.20955165968144
33.60707416204298,130.20930333258275
33.60717666676982,130.2091130612189
33.60738694625064,130.20888610920667
33.607428054261334,130.20862221844072
33.60759694604229,130.20845666674188
33.607827775031865,130.20840749720833
33.608015000392015,130.20839221772678
33.60808166713531,130.20833333281712
33.60811249499568,130.2083061094395
33.608205000160694,130.2080363937646
33.608328054396225,130.20783389072153
33.60833333341668,130.20783033660086
33.60852805372673,130.2076988853953
33.60872027931748,130.2074566673914
33.60877166657917,130.20719306081116
33.60884333265375,130.206873891417
33.60884333265375,130.20655499361817
33.60898194606,130.2064261090777
33.609543332558815,130.20595666656698
33.609666386794345,130.205944449277
33.609861386793625,130.20606111472875
33.610086945755995,130.20630639402498
33.61054861272834,130.20667444876688
33.61081972055371,130.20695083021667
33.61092416242019,130.20700944173245
33.6112855585817,130.2072122181694
33.611789919069565,130.20728902656742
33.611799999570394,130.20729055811285
33.61217416160832,130.20746944226096
33.612408053688796,130.2074919459966
33.61259500025909,130.20736888456645
33.612847494816094,130.20689888537527
33.6135769457195,130.2061269388072
33.61408666706609,130.2054388845969
33.61430166708834,130.20505861166566
33.614432495063625,130.2049130608891
33.61459166697193,130.2049577823758
33.614728333345965,130.20512138794174
33.61473194592264,130.20512555090352
33.61475055919101,130.20534944162353
33.61473194592264,130.20611027167172
33.61483944098745,130.20609888535535
33.61489361344957,130.20607138768446
33.6150827750501,130.20597583741505
33.61521833256006,130.20592555092355
33.61581000013143,130.20613527911985
33.616071945663805,130.20617444909158
33.61634777492992,130.20618555122223
33.61660722484362,130.20604861235358
33.61666666733288,130.20599321681357
33.61679916175194,130.20586972820547
33.61702361274956,130.20575221829029
33.61735055858145,130.20566832683187
33.617593891744775,130.20569610868858
33.61790499961609,130.20582778202663
33.61792194644073,130.20583138830796
33.618096666727865,130.20586693940777
33.61828361329816,130.20574389056821
33.618447494956,130.20560944192232
33.61858999972878,130.20561221812943
33.618828613249946,130.20580250298315
33.619235559173774,130.20600944238197
33.619516108081996,130.20599277614576
33.61992055928641,130.2059394418518
33.62042082875831,130.2057886120549
33.6209236127346,130.20557861226325
33.621162108444594,130.20540505839676
33.621269440732135,130.20532693878727
33.62228222484487,130.20506138787277
33.62270972117676,130.20496888540583
33.62293889181643,130.20500805357892
33.6232149998724,130.20512555090352
33.6234205588118,130.2052877823054
33.6236474946362,130.20559832720107
33.6238672250924,130.20571583711626
33.62405444056003,130.2057830614392
33.62423194604753,130.20576055770368
33.62480027890979,130.2057186124241
33.625000000349814,130.20568795093823
33.62512777512677,130.20566832683187
33.62546444083131,130.20556749664274
33.62599500036902,130.2054472240103
33.6262194405748,130.20543610928905
33.62643249536342,130.20553138796322
33.626443891572364,130.20553666698368
33.62700277525795,130.20592000030786
33.6273536133786,130.20621639437115
33.627688054160444,130.20635916983986
33.62790305418264,130.20637583697533
33.62815110788739,130.20652693926695
33.62825582944305,130.20658333305448
33.62854138667569,130.20673666656398
33.62870527912537,130.2067030606978
33.628840829440776,130.20655221831032
33.62888249503118,130.206171660294
33.628906107630826,130.20604861235358
33.62912110765302,130.20597027241024
33.62929416239575,130.205931115029
33.629455559226756,130.2058780541289
33.62959582918421,130.20575499359813
33.629619162094684,130.20541360555353
33.62973610813492,130.20528499440707
33.62998861258444,130.2052683272716
33.63049138666821,130.2053325028927
33.63068777522068,130.2052877823054
33.63095444129448,130.20523194609746
33.6313633333512,130.20510610935958
33.63153166665313,130.20494389144744
33.631625278883575,130.20471444921247
33.63166277521697,130.2042391701017
33.63172361255471,130.20390360606666
33.631992494558006,130.20380583716974
33.63236666738783,130.2037833334341
33.63275944089554,130.20385610927212
33.63329499976447,130.20403778221794
33.63333333336669,130.20404328067298
33.63360805376874,130.20408277619924
33.6336705593489,130.20408138764594
33.63441944100447,130.2040630612613
33.635015829117265,130.20404360622751
33.63508333312939,130.20402555143812
33.63524499975699,130.20398194601012
33.63549277467189,130.20368555104744
33.635726666752305,130.20334972800765
33.63592499963909,130.20297778189922
33.63613555880903,130.2029330613118
33.636397495348206,130.20297778189922
33.63652382941126,130.2029586119504
33.63669222476642,130.2029330613118
33.63696333259179,130.20277639401547
33.63722527902348,130.20246888523093
33.63739833286684,130.20209389132015
33.63752444120007,130.20200999986162
33.63780055914856,130.20197082989
33.63796389221989,130.20183111481413
33.63798722513036,130.20169111465327
33.63790777542357,130.20138916997428
33.63795916178594,130.2011486121188
33.63808555880155,130.2008799999121
33.6383077749839,130.2006927763506
33.63849000011345,130.20031805403505
33.63856644068875,130.19999999980018
33.63861638723654,130.19979221773667
33.63865389166381,130.19946805440725
33.638803332907514,130.1991266672619
33.63904416235823,130.19868749683053
33.63924972129763,130.1983799997373
33.6393480540695,130.19826805392756
33.63949194559689,130.1981099998767
33.63962861287024,130.19796027174925
33.639751586166824,130.19783861236215
33.639751721065124,130.19784450112286
33.63975869440827,130.1978892477906
33.6397769011831,130.19795023261725
33.63979617994977,130.19800774336272
33.63982560396852,130.19810329363213
33.63983809015576,130.19813010422104
33.639867035735165,130.19817203601076
33.63989424292504,130.19820647195115
33.63992529741461,130.19825585012745
33.63993927917443,130.19828970240792
33.63994326137248,130.1983036706779
33.639952090017005,130.19835302187448
33.639960999600476,130.1983917511784
33.63997747697903,130.19842557737854
33.64000764024047,130.19846647224995
33.640033494849945,130.19850027236976
33.64006673918874,130.198556693137
33.640206063059395,130.19878215317385
33.64025405358177,130.1988558634074
33.64036700033682,130.19902430642662
33.640486594880485,130.1992091827576
33.64055018864036,130.19929464263373
33.640654946168866,130.19942166018154
33.64077234187016,130.1995553183233
33.640811730377095,130.199595499133
33.64091170261304,130.19969210070997
33.64092504495494,130.1997065501173
33.64099402655313,130.19979234813843
33.641053774811894,130.19986543514176
33.641063179921844,130.19987548596498
33.64108296410757,130.19989391667093
33.64108299108722,130.1998939562411
33.641109531879465,130.19991869029536
33.64119148619818,130.19998282724578
33.64121277494968,130.19999999980018
33.64128802662117,130.20006068695125
33.64131496401444,130.20008590124337
33.64136606259376,130.20014299560285
33.641368215570765,130.2001453958934
33.64146573895272,130.20026834041164
33.64157064936603,130.20039018236105
33.64166666728295,130.2004705583696
33.642076485641326,130.20081361915322
33.64225733300958,130.20095939026373
33.64235004501859,130.2010260830873
33.642444910004656,130.20108544733557
33.64253703565572,130.2011333847979
33.642639649200476,130.20117645872665
33.64271830570527,130.20120286641918
33.64280695457734,130.20122626498016
33.642918928266,130.20124669308052
33.64295358633899,130.201251011625
33.64305844099431,130.20125859920506
33.64317111705344,130.20125872870744
33.64331095533635,130.20124967613174
33.64335904478412,130.2012447082767
33.64347307162501,130.2012284566281
33.643544045221574,130.20121221756983
33.643600667436885,130.20119382643395
33.64365079294981,130.20117217885308
33.643709378385154,130.20113841830346
33.643755054052576,130.20110295713584
33.64379107190052,130.20106592665127
33.64381889242799,130.20102844380767
33.64385206302234,130.20097098612223
33.643900450145736,130.20086499382444
33.643927874072176,130.20082171215233
33.64391149471976,130.2008110893604
33.643902532076254,130.20080555133518
33.64389733309548,130.20079758783845
33.64389500025413,130.2007901954113
33.64389146771714,130.20078082987152
33.64389302714153,130.20077136180896
33.643896828575805,130.2007605060926
33.6439046400871,130.2007536055945
33.64390513471426,130.200748223152
33.64390953239905,130.2007400519119
33.643915108195756,130.2007365499519
33.643927467578635,130.2007322826688
33.64393361264615,130.20072810621718
33.643935225130576,130.20072202320284
33.64394813489855,130.20071771724895
33.64396338740045,130.20071805359532
33.64396822485372,130.20070116702527
33.64397027890527,130.20068697842134
33.64397474763655,130.2006835016424
33.64397916240847,130.20067533130157
33.643980774892896,130.20066992187947
33.643980613014946,130.2006577819311
33.6439839189228,130.20065163416564
33.64398894613299,130.2006495333493
33.643987829175046,130.2006495333493
33.6439861348523,130.2006495846107
33.643989865240144,130.2006346693546
33.643995414057144,130.200627172606
33.64399877482367,130.20062505829992
33.644006640294265,130.20062357981442
33.64400489201222,130.2006195589455
33.64400416176272,130.20060810607924
33.64401582866759,130.20059508389602
33.644016918645946,130.20059236074894
33.64402199981549,130.200591581936
33.64402313475989,130.20059155585568
33.64402825190234,130.20059416299034
33.644036135359386,130.20059535729
33.64403500041499,130.20059335899634
33.644038774869614,130.20058116688745
33.64403869393061,130.20057574577413
33.64404310780321,130.2005689486981
33.644049865309114,130.200566108639
33.64404966655894,130.2005526331975
33.64405291940676,130.20054313905473
33.64406746773949,130.20053542197218
33.64406961262256,130.20052730199347
33.644076945694565,130.20052647191926
33.64408208082341,130.2005304406274
33.64408316180851,130.20053169877895
33.64408027858207,130.20052238719848
33.64408074802816,130.20051494171128
33.64408744078281,130.20051143975115
33.64409474777443,130.200509300264
33.64409463985578,130.20050053187413
33.64410180205658,130.20048891083468
33.64410682926683,130.2004841120522
33.64411186457096,130.2004799742715
33.644113531914,130.2004785857182
33.64412261326805,130.20048243841381
33.64412713505931,130.20048438364745
33.644123080915506,130.20047771697307
33.64412582924365,130.20047094687675
33.644135891758026,130.20046333321636
33.64414372125577,130.20045914417426
33.64414591919888,130.2004550315745
33.64414697320433,130.20045031103314
33.6441485317294,130.2004408303801
33.64414902725588,130.20043678343086
33.64415291862235,130.2004313101569
33.64416013478245,130.20042442314866
33.6441589458787,130.20041972778824
33.64416108086925,130.20041024623595
33.644169693676474,130.20040452744706
33.64416713510525,130.20039933925818
33.64416816213105,130.20039258085296
33.64416580231,130.20038386462375
33.644168558732076,130.20037910541146
33.64417072070228,130.20037233531514
33.6441734681311,130.20036822271538
33.644188494903176,130.20035444869893
33.6441935859653,130.20035299629376
33.644198080776846,130.2003515555799
33.64420766665057,130.20035272379926
33.64421213538179,130.2003492739999
33.64421322536009,130.20034722444495
33.64421308056927,130.2003364460702
33.64421355900862,130.20032968856435
33.64422077516866,130.2003207780815
33.64422908130712,130.20031119310715
33.64423013531257,130.2003051100928
33.644233441220365,130.20029830132557
33.64423958628794,130.20029481195604
33.644239532328584,130.2002907775974
33.64423946757739,130.20028671895693
33.64423766713469,130.20027866372936
33.64423702681739,130.2002733073673
33.64424255944664,130.20026508396654
33.644244694437134,130.200256277805
33.64425355905456,130.20024466935604
33.64426186519296,130.2002323612345
33.64426566662729,130.20022766497482
33.64426113494346,130.20022092095883
33.64426600027576,130.20020464322977
33.64427549531791,130.20019839204224
33.644281081007136,130.2001955771642
33.644284467853936,130.2001948640018
33.64429405372766,130.20019399525677
33.64429741359481,130.20019325601402
33.644297359635516,130.20018852108342
33.64430402720916,130.20018166015552
33.64431244126621,130.20017747111342
33.64431949464898,130.2001773281213
33.64431838668423,130.20016050630238
33.644329972650155,130.20014072571394
33.64433327855801,130.20013525333934
33.644338802194,130.20012571962627
33.6443472252443,130.20012286607744
33.64436069439057,130.20011922202457
33.64436466669605,130.20011983086556
33.6443738020094,130.20012771702056
33.644378946131496,130.20013236111959
33.644378224875254,130.20012158184556
33.64438325208545,130.20011744496412
33.64439222462153,130.20011321725121
33.64439672123177,130.20011177743663
33.64439735975043,130.20011717336888
33.644403639716245,130.200123113391
33.644406414124774,130.20012102516523
33.64441089184925,130.20011824895812
33.644418251900845,130.20011878135676
33.64442966699556,130.20012800300503
33.644437667364514,130.20013661491294
33.644442801594096,130.20013985696892
33.644447387237165,130.2001451620696
33.64444746817617,130.20014542197373
33.644447945716195,130.2001451620696
33.64445297292639,130.20014169878039
33.64445869441329,130.20014832678396
33.64446897276491,130.20015756192197
33.64447805411896,130.20016007822505
33.64448427922616,130.20016199737836
33.644492999952035,130.2001672763987
33.64449391905919,130.20016583658412
33.64449955870771,130.20016438417906
33.64450577482171,130.20016561625027
33.64451430579061,130.2001708296201
33.64453327878783,130.20017530464668
33.64453519794108,130.20017177660623
33.64454019817168,130.20016630423163
33.6445485861484,130.20016141371832
33.64455425187725,130.20016267186986
33.64455766660308,130.20016594000617
33.64456277475233,130.20017185484733
33.64456949538595,130.2001650577713
33.64457672143857,130.2001568352698
33.64458172076985,130.2001499743419
33.64459466741005,130.20014839243447
33.644607640130516,130.20014744544835
33.644617720631345,130.20014321683607
33.644627864984045,130.20014233460108
33.64463010789319,130.20014163402925
33.64463858580217,130.2001428022486
33.64464419757172,130.2001393389594
33.644652558568794,130.20013175137933
33.644658198217314,130.20013230895893
33.64466272090789,130.20013425419256
33.644670640337836,130.20013477310135
33.64467733309249,130.2001285857657
33.64468074781831,130.2001305318986
33.64468755928351,130.2001351103471
33.64469089217101,130.20013099864673
33.64469810833111,130.20012344973748
33.644703720999985,130.20012133633065
33.64470591894303,130.20011522723598
33.644710892193984,130.20010769091732
33.64472105363376,130.20010885913655
33.64472619775586,130.20011280176448
33.64473525213026,130.20011533065804
33.64474535961068,130.20011241235795
33.64475941421563,130.20011014336853
33.64477510828465,130.2001017508951
33.64477736018705,130.20010169873444
33.64478582910277,130.2001021915629
33.64479316217472,130.20010204857078
33.64479769385855,130.20010333280266
33.64480846773665,130.20010649841618
33.644810135079695,130.20010577176402
33.64481580170792,130.20010700383523
33.64482541366198,130.2001081711552
33.64483622531162,130.2001153828187
33.64484189193979,130.2001159403984
33.644853720722665,130.20011572006445
33.64486277509707,130.20011891085915
33.64486455935196,130.20012358013912
33.64486855863714,130.20012688694635
33.64487016212831,130.20012214032454
33.644877414261316,130.2001166148899
33.64488249543086,130.20011717336888
33.64489333316084,130.20012438413312
33.64489794578361,130.20013169921856
33.644905332814915,130.20013627766718
33.64490594615256,130.20013963663496
33.644906531611184,130.2001409730276
33.644912612826886,130.20013211380603
33.644921053863584,130.20013058405925
33.64492561342638,130.20013386478604
33.644934081442784,130.20013505818645
33.64494658561648,130.20014155578826
33.64495680191493,130.20014472140178
33.64495846835865,130.2001440343198
33.64496189207773,130.2001466405551
33.64496930608868,130.20015189439448
33.644977197639605,130.2001510508304
33.64498277523495,130.20014758844047
33.64498961278048,130.20015150498807
33.64499644133275,130.20015678310915
33.64500158635417,130.20016136155766
33.645003332837575,130.2001647214248
33.645003919195574,130.2001667188191
33.6450191078456,130.20016306127627
33.64502480235279,130.20016632941258
33.64503049506135,130.20017092135106
33.645043558613395,130.20017674356188
33.64504700031887,130.20018138766102
33.645050999603995,130.2001846953675
33.64505446828912,130.20019002564925
33.645059026952595,130.2001933072754
33.645063494784495,130.20018983139562
33.64506961287236,130.20018367103967
33.645074694041966,130.20018422772
33.64508544094042,130.20018739333364
33.64509280189134,130.20018927381602
33.645096892007984,130.20019795137443
33.645097494553795,130.2002026719158
33.64509697294699,130.2002039948186
33.64510266655486,130.20020795093626
33.645111279362084,130.2002192482198
33.64511472106756,130.20022321692795
33.64512269355754,130.20022778188672
33.64512894564439,130.20023102484197
33.645130666946784,130.2002336958285
33.64513272099833,130.20023761327525
33.64513353218683,130.20023700443426
33.64514030588049,130.20023822301562
33.645148864728355,130.20024344987542
33.645156802144754,130.2002480292232
33.6451619732465,130.20025330734427
33.645167108375404,130.20025861244505
33.64516772081373,130.20026131041118
33.64516789168488,130.2002727497876
33.645171279431054,130.20027403401957
33.64517522475688,130.200273943188
33.645179775326426,130.20027722391478
33.64518213514748,130.2002839166695
33.6451856128258,130.2002912839157
33.645190197569605,130.2002959136256
33.6451948020985,130.20030321701995
33.64519766733855,130.2003051883338
33.6451993598626,130.2003058367451
33.64520789173088,130.20031038911327
33.64521246838075,130.20031569421394
33.64521708100352,130.2003216603165
33.645221198099875,130.20033438392477
33.64522416226532,130.20034513621908
33.6452248016833,130.20035050607112
33.645226135377925,130.20035204930764
33.64523213475525,130.2003510249799
33.64524402738999,130.20035416271446
33.64524577477272,130.20035683460026
33.645258359885474,130.2003700780167
33.64526069362614,130.2003767833619
33.64526430620282,130.2003908559533
33.645266026605896,130.20039282726725
33.64527461333279,130.20040144007442
33.64527691919454,130.2004054465542
33.64527927901554,130.2004121402082
33.64528336013899,130.20042216585034
33.645288532140114,130.20042880734366
33.64529138658827,130.20043211415077
33.64529600011036,130.2004394418268
33.64529953174804,130.20045016894016
33.64530189156909,130.2004568607955
33.645305333274564,130.20046083040302
33.645310468403466,130.20046680909604
33.64531677534893,130.2004727500174
33.64532361289446,130.20047732756666
33.645329441400634,130.20049138756758
33.64533122475626,130.20049741932053
33.645334694340704,130.20050274960226
33.64533758566108,130.20050805380367
33.645341585845586,130.2005133849848
33.645345107590686,130.20052341062694
33.645346864865985,130.20052674441376
33.64535213489319,130.20054150498652
33.645354467734535,130.20054616077675
33.645356225009834,130.2005515297294
33.64535969369496,130.20055752281144
33.64536527938418,130.20056927425264
33.64538377484138,130.20058469492778
33.645403080587755,130.20059442289437
33.645420666830375,130.2006008296646
33.645444999786946,130.20060574625825
33.64546255904992,130.20061147943625
33.645474494852124,130.20061797703806
33.64548364005799,130.20062655027516
33.64549166740659,130.20063583667456
33.64549919832939,130.20064919610354
33.645506197752866,130.2006645529268
33.64551089221396,130.20067927392938
33.64551394631161,130.20069472068485
33.64551580161299,130.2007081709454
33.64551605432251,130.2007250323344
33.64551349485197,130.20074530485203
33.645500585983314,130.2007907260113
33.64548555921124,130.20084491556042
33.64547941414372,130.20088955880613
33.645474973291414,130.20093613469487
33.64546827873812,130.20098077794057
33.64546366701467,130.20101455287943
33.645462613009215,130.2010193004005
33.64546730567167,130.20103335860267
33.645468559326616,130.2010427763031
33.645469802189666,130.20105153030397
33.64546716178012,130.20106369633254
33.645466694132665,130.20107111484015
33.64546627864587,130.20107988323014
33.64546469404047,130.20108800320884
33.645463693994316,130.20109814486352
33.64546891905542,130.20110883330608
33.645469559372714,130.20111418876888
33.64546922482492,130.20113038915622
33.645466532254716,130.2011405577906
33.645467251712375,130.2011499736924
33.64546564012727,130.20115605670674
33.645460198329545,130.20117099894253
33.64546197269192,130.2011777168782
33.64546722473267,130.20118975430375
33.645466197706924,130.2011958373181
33.645463495244144,130.2012053305616
33.645460333227845,130.20121031100712
33.6454613872333,130.2012161350167
33.645460918686524,130.20122289162316
33.64545994562002,130.20123369607825
33.64546286481942,130.20124105073398
33.64547027883037,130.2012469781656
33.64547489235247,130.20125297034838
33.64547558572974,130.20126306074167
33.64547516214907,130.20127386519675
33.64547297319922,130.20127861181857
33.64547138679512,130.20128538281426
33.64546919784527,130.2012908300079
33.64546702688182,130.20129691302213
33.64546433341229,130.2013050581819
33.64546555918827,130.2013124766895
33.64546502678962,130.20131516206516
33.64546455914217,130.201321919571
33.64546794598897,130.20132252931137
33.64547869378674,130.201323670551
33.64548055898064,130.2013357457481
33.64548061293999,130.20134046718886
33.64547955893454,130.2013445528089
33.64547844107727,130.20134795134697
33.64548413468509,130.2013505324012
33.645485387440715,130.20135858583012
33.64548325155084,130.20136805389268
33.645481053607796,130.2013728265947
33.64547608125622,130.20138033683315
33.64547222496327,130.2013858110064
33.64546910791307,130.20139014304073
33.64548191875559,130.20139369626213
33.64548366703764,130.20139771713104
33.645484305556295,130.20140377406494
33.64548330640952,130.2014125550454
33.64548508077189,130.20141994837195
33.645489694293985,130.20142525257336
33.645490278853345,130.20142791186868
33.64549153160897,130.20143530519522
33.64549936020734,130.20143111525385
33.64550049515179,130.20143243815653
33.645503945850464,130.20143642035453
33.64550519770677,130.2014458371557
33.64550580205116,130.2014485207327
33.64550761328576,130.2014558879789
33.645507080887114,130.2014599484179
33.64550722477867,130.20147005230115
33.64551013498482,130.20147472068186
33.64551016196447,130.20147807964975
33.64550964035766,130.2014801166141
33.645512558657686,130.20148680936882
33.64551649499032,130.20148671943662
33.64552222457104,130.20149133565667
33.64552846766469,130.2014959401855
33.645530802304734,130.20150061036497
33.64553253170101,130.20150394325242
33.64553380244308,130.20151403364582
33.64553672074311,130.20152072640042
33.64553730620179,130.2015227237947
33.64553682866176,130.20152880680905
33.645534135192236,130.2015382748715
33.645529197914186,130.20154783376563
33.64553705439158,130.20154430572518
33.64554438656427,130.20154483812382
33.64554725180426,130.20154814493105
33.64554786514191,130.2015515047982
33.64554913498466,130.20156158170175
33.64554916196431,130.20156360607564
33.64554638665646,130.20156771687675
33.64554474809171,130.2015711154147
33.64554369408626,130.20157586293578
33.645542613101156,130.20157992157613
33.64554830580971,130.20158386510332
33.64554966738331,130.2015962262849
33.64555008107146,130.2016028920599
33.64555238693316,130.20161289162172
33.64555300027081,130.20162243792527
33.64555916242546,130.2016250576504
33.64556402685838,130.2016292224107
33.64556689209843,130.20164189385832
33.645566946057784,130.20165144016187
33.645564053838086,130.20166236062948
33.64556116161839,130.20167839194426
33.64556144130751,130.20168994823257
33.64556686511878,130.201695914335
33.645568973129684,130.20170389132159
33.64557019800628,130.2017185601635
33.64557208118663,130.20172588783953
33.64557416221788,130.20173208776566
33.64557402731958,130.20173763928074
33.64557186534938,130.2017481055907
33.64557063957341,130.20175902695757
33.64557294633448,130.20176880708482
33.64557633318128,130.20177588834667
33.64557916244843,130.20178319084164
33.645578468171834,130.20179189358112
33.64557589161416,130.2017956419554
33.645584080840706,130.20179805393707
33.64558838679466,130.20180289228972
33.64559161266283,130.20181041511864
33.64559241395881,130.2018221917408
33.645590467825855,130.20183469501524
33.64558686514175,130.20183572024234
33.645589224962805,130.20184313874995
33.64559372067373,130.20184910485239
33.64559394640355,130.20185533085885
33.645591386933006,130.20186136171253
33.645598693924626,130.20187282716927
33.64560194587318,130.2018828267311
33.64560089186773,130.20189438391878
33.6455994682409,130.20190418922698
33.64560382905353,130.20191727616145
33.645606000016926,130.20193505755697
33.64560622484743,130.20194372162553
33.64560777527868,130.20195258084698
33.64561138695598,130.20196255522785
33.64561455886485,130.2019658881153
33.6456155319313,130.2019718551171
33.645616864726605,130.2019785208921
33.64561733327338,130.20199097290515
33.64561108118647,130.20200280168797
33.64560963957325,130.20200988294982
33.64561708056385,130.2020098568695
33.64562064008055,130.20201341099016
33.645623134799905,130.20202428019638
33.6456249190548,130.20204250315908
33.645626359768755,130.20206447539533
33.64562605399925,130.20207472137133
33.645629467825756,130.2020871338142
33.6456304948515,130.2021002459296
33.6456298653261,130.20211605691054
33.645632693693926,130.20212357973946
33.64563853209262,130.20213263321455
33.64564077500182,130.20213883314068
33.645641945919124,130.20214549891568
33.645643134822876,130.20215438421747
33.645643161802525,130.20216216605115
33.64564305388387,130.20217282661474
33.645645532415415,130.20218350156745
33.64564319777543,130.20219442293433
33.64564564033407,130.20219905264423
33.6456525588186,130.20220499356572
33.645656693901344,130.20221275021834
33.64565730633967,130.20222075238587
33.6456558917061,130.20223275024125
33.64566241358955,130.20223538255698
33.64567025208049,130.20223841776885
33.64567255884157,130.20224749732415
33.64567269373987,130.2022701953133
33.64567799973997,130.2022839171691
33.6456784413071,130.20229613535844
33.64568822503162,130.20230961079994
33.64569053179264,130.2023209467543
33.64569669394734,130.20232888507007
33.64569794580359,130.20234910542695
33.645702694223985,130.20236330662135
33.64570227873725,130.2023866674108
33.64570608107084,130.2024003892666
33.645703775209086,130.20241555093696
33.64570272120369,130.20242710812465
33.64570577530134,130.20243778217798
33.64570994635699,130.20244883304724
33.645710494943444,130.2024529699287
33.64571791884691,130.20245888476973
33.645717999785916,130.20246564227568
33.64571527933674,130.2024737739456
33.645709747606816,130.2024799477914
33.64570477525524,130.20248880701286
33.64570658559052,130.20249686134116
33.64570897329054,130.20250557667111
33.645710720673264,130.20251160842406
33.64571086456482,130.2025203633242
33.64570761261626,130.20253055803892
33.64570535981454,130.20254619994728
33.64570558644374,130.20254608303537
33.64571455897976,130.20254321689606
33.64571853218456,130.2025444750476
33.64572258632836,130.20255180272363
33.64572269424701,130.20255992180296
33.64572391912361,130.20256594006617
33.64572227876022,130.20257070017772
33.645718972852364,130.2025761608612
33.64572405402191,130.20257741901275
33.645728666644686,130.20258202264233
33.64573158584409,130.2025900778699
33.64573053183864,130.20259547290277
33.64572946794067,130.20260089491546
33.64572682932976,130.20261374802612
33.64572466735956,130.20261919611903
33.645739829029935,130.2026148640848
33.645748467917485,130.20262817135313
33.645746973244286,130.20264099928272
33.64574441377374,130.20265992191787
33.64574449471269,130.202667327835
33.645745892259185,130.20268549863692
33.64574538684019,130.2026895590759
33.64574319789034,130.20269499367907
33.645741161825185,130.2027105582457
33.645743613377135,130.20272466860865
33.645743640356784,130.20272669298254
33.64573980205029,130.20273486422263
33.64574391914658,130.20274622625743
33.645745081070686,130.2027489107337
33.645740080840085,130.20275505759992
33.645734532023084,130.20276192032645
33.645732387140015,130.202769364015
33.645734801819685,130.2027814787823
33.645734801819685,130.20278213978395
33.64572489219006,130.20279783385297
33.645721134822566,130.20281338492987
33.645717279428936,130.20282021977744
33.64570725198814,130.20282849533885
33.64570444070745,130.20282992166358
33.64569491868559,130.202834136786
33.64568649473597,130.20283766482646
33.64568249455152,130.20283438409956
33.645670558749316,130.20282719761713
33.64566889230559,130.20282858617043
33.64566105381465,130.20283275003146
33.64564577523237,130.20282902683823
33.64564333267373,130.20281761264278
33.64563589168313,130.2028096626359
33.6456309463112,130.2028185209581
33.64562019761411,130.20281335884954
33.64561230606313,130.20281619980778
33.64559486461138,130.20282124500454
33.64557180239683,130.20282574611133
33.64555558582168,130.20283616116
33.64553105411488,130.2028568608555
33.64551933325066,130.20286586306918
33.645508224824766,130.20287955884464
33.64548630564855,130.20292647197914
33.645469919101515,130.2029652273634
33.645445495313425,130.20299399487703
33.645430386703026,130.20300238735035
33.6454091078441,130.2030142539047
33.645392865188626,130.20302197098727
33.645378306064,130.2030310253616
33.64536661307881,130.20304272374278
33.64535616205728,130.20306111487866
33.645346891845634,130.20308422835456
33.64533872060554,130.2031059397874
33.64533141361392,130.2031471979849
33.64532766703826,130.20316211414035
33.64532455898126,130.2031823866579
33.645322558889006,130.20324038933256
33.64532349508329,130.2032693636902
33.64532336018499,130.2032996888296
33.645326532093804,130.2033245775673
33.64533194601256,130.20334805436926
33.64533558556889,130.20336686099188
33.64533435979291,130.20339992186894
33.64533197299221,130.20343097276123
33.64532669397181,130.20345736696402
33.64532141405209,130.20348374767684
33.645323441123935,130.2035086642935
33.64533461340176,130.20353946787225
33.64533661259463,130.20356233493385
33.64533697322281,130.2035893002061
33.64533797326891,130.20361894905534
33.64534113528521,130.20364583698586
33.645343054438456,130.20366130982165
33.64534836043856,130.20367603082423
33.64535566743018,130.20369022032742
33.64535763964341,130.20369406043255
33.64536802681306,130.20371069968905
33.64535991942478,130.20372747114595
33.645367586145255,130.20380399535816
33.645376386910755,130.2038645269264
33.645397108190025,130.2040043580148
33.64540925173566,130.20409783444757
33.6454253873718,130.2041952786892
33.645442135446274,130.20425832656053
33.64546582898487,130.20433269779585
33.645494720604916,130.20441635543057
33.645538333227535,130.20454019477427
33.64556780221233,130.2046238910798
33.64560897317563,130.20473564173653
33.64564891926227,130.2048406357868
33.64569136006827,130.204926056992
33.64574135967604,130.20502344997226
33.645794693970004,130.20511941572852
33.64585833269592,130.20522394303066
33.64591910798049,130.20532783361273
33.64599077495433,130.20544163382442
33.646069495310996,130.205574163317
33.64616546826181,130.20572924780663
33.646232027086455,130.2058417772763
33.646298999599196,130.20594286557082
33.64633322509832,130.20600483785302
33.64629380241712,130.2060454728204
33.646302270433466,130.2060984698686
33.64631125196274,130.20615474674423
33.64652835999584,130.20651503224303
33.64653769405936,130.20653155638627
33.64656846796049,130.20658277637415
33.646594640030685,130.20659600540137
33.64662469357478,130.20659058428805
33.64664910836973,130.20660063601065
33.64667364007647,130.20662780812688
33.64672541404667,130.20665988334702
33.64679155918316,130.2066952527838
33.646851224704335,130.2067323866903
33.646885774858674,130.20675603076631
33.646944801861196,130.20680516162895
33.64702133326796,130.20689866414205
33.647104386558226,130.20700411234998
33.64717936033924,130.20708046659036
33.64727949535251,130.20716863792234
33.64737013532351,130.20723116688487
33.64745289183753,130.20728693924093
33.64753280199727,130.20735131001504
33.64760038694834,130.20739180288945
33.64766941441201,130.20743569430192
33.64775849495862,130.2074759659431
33.64785322504633,130.20750080431878
33.64803977501566,130.2075573276087
33.64814591929877,130.20757347583526
33.64823336038131,130.20758294389782
33.64832789171891,130.20757866402414
33.648431667187765,130.20756914380104
33.648461747711565,130.20757058361562
33.64855527900295,130.2075427630881
33.64865191925071,130.20751403424538
33.64869325209196,130.20748280169005
33.64878461331932,130.2074323092537
33.64893080171515,130.20733160766758
33.64900494632127,130.20727613478584
33.64904763983674,130.20723464276466
33.64907464018256,130.20720182920115
33.64912874789343,130.20714824939228
33.64915210778361,130.2071069129537
33.64916463983633,130.20705199675228
33.649167107576034,130.20699202276376
33.649170333444204,130.2068207261956
33.64917861260295,130.20677269790178
33.6491896940492,130.2067143319009
33.64920666695417,130.20668335924972
33.64921758562315,130.20667966303608
33.64930046804221,130.20672364528002
33.64933553170948,130.2067564984137
33.64935774766195,130.20678474701856
33.64951090130711,130.2067896366325
33.649635252365044,130.20679360624
33.64964141362037,130.20679077787213
33.64965661306229,130.20679044062638
33.650000000299826,130.2067899217176
33.650057054189745,130.206789830886
33.651663198397955,130.20682316515706
33.65221530569187,130.20625263255306
33.65223027940391,130.20627391680785
33.652250333386235,130.206305913787
33.651671586374675,130.20691066109816
33.651653081024904,130.2069109992433
33.650537080821664,130.20690347641437
33.65047108137537,130.2068978862285
33.650441559330545,130.20689858590106
33.65034458633363,130.20809658898645
33.65093636002507,130.20821408631105
33.65097725219846,130.20789814458374
33.651029640405625,130.20790885910662
33.65099044075629,130.20822481162577
33.65124602718248,130.20827555137566
33.65145186491168,130.2083157195948
33.651539000224716,130.20833333281712
33.651764332557946,130.20837891135773
33.651771775347186,130.20833333281712
33.651823414419084,130.20801775621453
33.65217302676382,130.20809024606808
33.652140107979676,130.20833333281712
33.65205686493243,130.20894797716744
33.65244144111966,130.20902138792678
33.6524854143704,130.2087058625856
33.652548748226195,130.20871744495423
33.65250469403645,130.20903347571436
33.65326422456434,130.20917846981058
33.65329691941736,130.20895316535632
33.65336602692065,130.20897616102104
33.65333955897353,130.20919243808066
33.65352046839496,130.20922280189086
33.65360380227372,130.2092099218005
33.65388438715479,130.20914939023226
33.65429430623732,130.20906600509215
33.65435586483136,130.2090534757374
33.6544018561608,130.20905169867706
33.654450135365494,130.20904983078515
33.65476305357214,130.20902933883303
33.654726107623844,130.20837202255086
33.654469099369464,130.2083856292934
33.654464991266366,130.20833651102123
33.65446211703312,130.20833333281712
33.65437855022998,130.20824123234706
33.65436942301051,130.208237755568
33.65432011678001,130.20822613542782
33.65431044996734,130.20823765214595
33.65431634232539,130.20824287900575
33.65430064016249,130.2082680420366
33.65428492810702,130.20829319067832
33.65370162243198,130.20783719842802
33.653679874126965,130.20782015627526
33.65371100865616,130.20775355428316
33.653712053668414,130.20774773027358
33.65358035964596,130.20765399483605
33.653529386971684,130.20762027205797
33.65345982890801,130.20761902739628
33.65326610774474,130.20747294422108
33.65282108092822,130.20689189404573
33.652789612750496,130.20684797655292
33.652837918934836,130.206799339418
33.653301774857084,130.20740564165715
33.653370667422394,130.20746844401356
33.65343397339922,130.2075056678524
33.653538972845354,130.2075455249061
33.653648198205815,130.2075804410846
33.65371182883786,130.20761430595553
33.653876640394685,130.2077393638806
33.65414622476851,130.20795552492757
33.65453486499206,130.20825172473735
33.654616000028454,130.20824428014953
33.65479622506581,130.20821933925117
33.65505030602685,130.2081854725816
33.65509574787052,130.20817383895155
33.65519458606133,130.2081409732274
33.65531202672872,130.2080964199139
33.65545849481373,130.20805177666819
33.65546755908065,130.20804900136034
33.65552094643459,130.20802508389056
33.65556230625549,130.20799516164743
33.65562153200813,130.207951725292
33.6556923059552,130.20789294380438
33.65579338705521,130.2078069128588
33.65590938700865,130.20770494232931
33.65594453161492,130.20767464327025
33.65598269434594,130.2076399744053
33.65598402714119,130.20763883316567
33.65597922476144,130.20758922206505
33.655990999585015,130.207574695316
33.65600725213301,130.20757574572417
33.656011558986336,130.2075594679951
33.65602489233498,130.20754522723053
33.656023198012235,130.20753581132874
33.65603033323333,130.20752891083066
33.656034748005254,130.2075220876743
33.65604038675451,130.2075233593156
33.65604563969458,130.20752730194351
33.65605897304323,130.20751221761486
33.656056640201825,130.20750686125268
33.65605697295098,130.20749661527668
33.65606546794703,130.20749185516502
33.6560716130146,130.20749581128268
33.656078802195,130.20747678342684
33.65608774775143,130.2074712193214
33.65609669420712,130.2074629698402
33.65609938677733,130.20746291767955
33.65610786468625,130.20745518800663
33.656113828990044,130.20744700417595
33.65611669423009,130.20744102458366
33.65612272058712,130.20743686072262
33.65613013459807,130.20743269776085
33.65613566722732,130.20742583683295
33.65614282942806,130.20742031139832
33.65615013462104,130.2074099224301
33.65615335958995,130.20739905322375
33.65615444057505,130.20739499368403
33.65616369369957,130.20737730222083
33.65616882882841,130.2073731653394
33.656164306137896,130.207371893698
33.65616130599955,130.20736600493728
33.65617530574582,130.20735092060852
33.656182054258466,130.2073499736224
33.65619269413759,130.20735194583574
33.656211414425286,130.20735214008926
33.65622841430991,130.20735722395682
33.65624019812668,130.2073610505721
33.6562571080791,130.20736211357075
33.65627066715763,130.20736267204973
33.656278162107526,130.2073665885972
33.656289441404624,130.20736769116604
33.6562962519705,130.2073694682265
33.656299494925804,130.20735941560463
33.6563084413815,130.20735442256864
33.65630841440185,130.2073511670228
33.656316198034176,130.20734213962805
33.6563267479811,130.20733924830768
33.65633308100695,130.20734046688915
33.65633461255237,130.20733639385958
33.656341279226694,130.2073290014323
33.65634982908142,130.20732666679226
33.65635310800957,130.20731933911622
33.65636438730667,130.20731914396333
33.65638182875847,130.2073247467397
33.65638738656867,130.207317366903
33.65639291919791,130.2073083655887
33.65640482891979,130.20730625218187
33.656411559445985,130.20730208832083
33.65641766674196,130.20730466937505
33.656419387145036,130.207297081795
33.65643055942286,130.2072887810525
33.65643955893853,130.20728671890697
33.656450161945486,130.20728841772632
33.65646364008495,130.2072822438805
33.6564699731108,130.20728399486052
33.6564738024241,130.20728394269986
33.656484532235424,130.20727564195738
33.65649574768065,130.20727219215803
33.6565070539574,130.20727389097738
33.65651038684496,130.20726924777762
33.6565170544186,130.2072629183491
33.656526134873275,130.20726544724266
33.656531639623495,130.2072566932419
33.656545640269144,130.20725644592835
33.65654961257462,130.2072501947407
33.65656191889747,130.20724267191179
33.656578918782145,130.20724775577935
33.65658105377264,130.20723827512631
33.65658666734089,130.2072368092314
33.65659497257997,130.20723316517854
33.65661313528801,130.20724228340475
33.65661527927176,130.20723360584634
33.65662191896644,130.20722403436173
33.65663044094214,130.20722036332916
33.656640613173806,130.20722289222272
33.65665541421606,130.20723150503
33.65666213484968,130.20722922165135
33.656667108100635,130.20722914430962
33.65667349508578,130.20723522732396
33.65667813468821,130.20724510997388
33.656690494970405,130.20724166017453
33.65669725157693,130.2072407257789
33.656705612574,130.20724002610643
33.656716360371774,130.20723577231308
33.656729864591625,130.2072328270334
33.656738251669026,130.20723538290667
33.65674505414097,130.20723930035354
33.6567603597029,130.20723632899342
33.656777694135315,130.207233864851
33.65678961285039,130.2072303889713
33.65680805434829,130.20722518819196
33.65681880214606,130.20721961059667
33.65682313507966,130.20720605691406
33.656833251553394,130.2072031646943
33.65682682859534,130.2071946427186
33.65682730613531,130.20717980480424
33.65683438739711,130.2071702198299
33.65684563971456,130.20716732761014
33.656851333322436,130.2071718026366
33.65686372058428,130.20717105080337
33.65687282891798,130.20717625158284
33.656876161805485,130.20717350235532
33.65688638709713,130.20717871572526
33.65690527915535,130.207189170344
33.656910864844576,130.20718635456672
33.65693608093545,130.20718374833143
33.65694855902882,130.20718836635012
33.656961558728995,130.20718058361706
33.65697286500574,130.20718386524322
33.65698425222149,130.20719230897794
33.65698799969647,130.20718413683846
33.656997585570195,130.2071758630757
33.657004891662496,130.20718247669004
33.657009360393715,130.20718050627545
33.65701905418604,130.2071789747299
33.65703382914796,130.20718680872426
33.657035946152064,130.20717596559837
33.65704946835831,130.20717491608957
33.65705889235403,130.20717150496102
33.657063414145284,130.20717277570304
33.65707216185086,130.2071861090518
33.657084945713734,130.20718046670527
33.65709341373014,130.2071727496227
33.65710358596175,130.20717258144953
33.657109161758456,130.20716978006135
33.6571159192643,130.20716775568746
33.657126640082424,130.20717620032144
33.657131919102824,130.20718418899924
33.65713361342557,130.20719306081116
33.65715030574205,130.2072094680426
33.657166026790776,130.20720379961574
33.65716866720027,130.20720433201438
33.657184026721495,130.2072007778936
33.65719305411619,130.20720060972042
33.65719589237659,130.20721000044125
33.657194892330494,130.20722027159832
33.65721486537382,130.207229882653
33.65722946766584,130.20722503170987
33.657245359585716,130.2072328270334
33.657257693787585,130.20722639418284
33.657266080864986,130.207231633633
33.65727700043328,130.20723630381246
33.65728491896391,130.20723802871214
33.6572928294006,130.20724005218676
33.65730564024318,130.20723710780635
33.65730541361398,130.20725386487402
33.657309802305576,130.2072451360542
33.65732546759631,130.2072345780134
33.65734172104362,130.20723511041206
33.65735646812658,130.2072421143322
33.65735838727983,130.20725097265438
33.65737638721055,130.20724713434788
33.65740113475459,130.2072421143322
33.65741182859307,130.20724866409466
33.657426000109865,130.20724569363392
33.657440748092085,130.20725272363438
33.657461559303556,130.2072550321941
33.65747472088174,130.20726233468906
33.657481919055385,130.207270117422
33.657489252127334,130.2072526328028
33.6575005593034,130.20725297004856
33.657512945665985,130.20725138814112
33.65752994555061,130.2072591699748
33.657542305832806,130.20725489010113
33.6575524681719,130.2072568614151
33.6575727209044,130.20725163365603
33.65758000001705,130.20725635509677
33.6575844948286,130.20725627775505
33.65759555918777,130.20723771664734
33.657606801612644,130.20723564191144
33.657621613446736,130.2072466927807
33.65763253211571,130.20725457803644
33.65764097315247,130.20726197136298
33.65765099969394,130.2072515563143
33.65766333299649,130.20724457757524
33.657673387416935,130.2072384702792
33.657689918754784,130.2072421916739
33.65769497294468,130.2072501947407
33.657700467802385,130.20723985703387
33.657710613054405,130.20723778229785
33.65771741372771,130.20724089485145
33.65773546761778,130.20724272407256
33.65773722489308,130.20723730205987
33.657747306293174,130.2072330608571
33.657754586305145,130.20723697830397
33.6577607754395,130.20722741940995
33.65776902671928,130.20721916992886
33.65778491863915,130.20722697784277
33.65778833336492,130.20723097263135
33.6577950000393,130.20722275012986
33.657803945595674,130.2072158370413
33.65782086544061,130.20721686136915
33.65782249501217,130.20720255495405
33.65783064017194,130.20718756235613
33.65784380175012,130.2071927235654
33.65785166722071,130.20719121899958
33.65785486520991,130.20717632892445
33.65786872106469,130.20716664142742
33.65788116228589,130.20716855968135
33.65788222528454,130.20716369614775
33.65789064024091,130.2071527495998
33.65789099996971,130.20714411161157
33.65790108136986,130.20713985691896
33.65791905432093,130.2071333332368
33.6579348922815,130.20713655011173
33.65794464003318,130.2071409468972
33.65795482935192,130.2071448121834
33.65796838663181,130.20714671874612
33.6579833873235,130.2071375618491
33.6579925316301,130.20714547318505
33.65799300017687,130.20713061008962
33.65800241428002,130.20712452707528
33.6580171622623,130.20713289166963
33.65801244082155,130.20711678301313
33.65802813489057,130.20710975391205
33.65803716228527,130.20710769086725
33.65803822528392,130.20710282733364
33.65804789209659,130.2070994162052
33.65805691859197,130.20710058442444
33.65805953202181,130.20709299594512
33.65807510827966,130.20707732795643
33.65809041384159,130.2070756938882
33.658115747743636,130.20707927408932
33.65812530573834,130.2070701954333
33.65814330566906,130.20706583731862
33.65815358581938,130.207073721675
33.65815846823875,130.20706905329428
33.658181053812655,130.20707185468245
33.658189693599525,130.20707710762247
33.65820046837695,130.20708852091855
33.6582169457555,130.20708955873624
33.65822197296575,130.20709486383691
33.658229440936,130.20709741881092
33.65824294605517,130.20709447532988
33.6582603326483,130.20709605723732
33.65827358595726,130.207107419272
33.65827302657897,130.2071181967475
33.65827744135089,130.20711002640667
33.658285413840815,130.20711664092028
33.65829397268874,130.2071137738816
33.658311279242184,130.20710994816568
33.658313532043906,130.20710936360626
33.65832100001421,130.20711111458638
33.658325748434606,130.2071293636293
33.658332360250256,130.20711766524812
33.658333333316705,130.2071174709946
33.658343612567705,130.20711555094204
33.658357613213354,130.20711664092028
33.65835889204931,130.20712797687474
33.658362865254105,130.20712060962853
33.658376802047826,130.2071176391678
33.658384802416776,130.20712613506316
33.658393306406026,130.20712058444747
33.658397161799655,130.2071213362807
33.658413694036824,130.20712561615437
33.658432972803496,130.20714464311084
33.65843677513709,130.20713192040182
33.658436224751995,130.20712464308792
33.6584463601115,130.20712230934714
33.658455775113964,130.20711756182607
33.65847499992134,130.20712124544923
33.65847830582919,130.2071163288556
33.65848730624424,130.2071142801999
33.658495251754516,130.20711817066706
33.65850149484817,130.2071118547284
33.65851422475174,130.207102166332
33.658521000244036,130.20710341099368
33.65853235958076,130.20711158223378
33.658540892348356,130.20710518805402
33.65854994582338,130.20710827542666
33.65856005420318,130.2071040342239
33.65856846826023,130.20710875476527
33.65858269373638,130.207111725226
33.658591134773076,130.2071177560797
33.65860466687195,130.2071161606823
33.6586143867446,130.2071192219746
33.658627306405094,130.20712383909392
33.65863702717712,130.20712422760107
33.658652829164794,130.20712525282818
33.65865744088825,130.20713328107615
33.658670892048065,130.20712763872962
33.65867710816207,130.20713778218294
33.65869058630159,130.2071321398364
33.658705279425135,130.20713455271755
33.65871294614561,130.20715194560591
33.65871516207511,130.20714785998587
33.65872580195423,130.2071503627991
33.658734748409984,130.20714613508608
33.65875280230006,130.2071458374105
33.65876369398933,130.20715102470012
33.658776306081734,130.20716616118943
33.658790892186005,130.20716050625242
33.65879877474373,130.20715900078733
33.65881049470863,130.20715880743307
33.65881241386188,130.207166860862
33.65881505427137,130.20716141366836
33.6588270269458,130.20716389130064
33.658839801815475,130.20715635498186
33.65885110809222,130.20715939019374
33.6588664945931,130.20716260706877
33.65887827930919,130.20716564228064
33.65888738674357,130.20717221812345
33.65890266712444,130.2071692476627
33.65891216216659,130.20717041498278
33.65892405390201,130.20716481220643
33.65893313525606,130.20716946799666
33.658954531926156,130.20716557663013
33.658963667239505,130.20717489000924
33.65897030603486,130.2071653050349
33.65897536022476,130.20717277570304
33.65898061316483,130.20717727591057
33.6589956129572,130.2071675623332
33.659007612611276,130.20717002557626
33.6590133331988,130.20717666706958
33.659031225210924,130.2071641889762
33.6590407481321,130.2071694158359
33.6590379998039,130.20716622594068
33.659052666847174,130.20716649843519
33.65906277522697,130.20716360621554
33.659075891838995,130.20715900078733
33.65907894593664,130.20715791170835
33.659085359901496,130.20716455320166
33.659095828909415,130.2071543836679
33.65911455908969,130.20715457792153
33.65912297314674,130.2071598047812
33.65912944107089,130.20717130980813
33.65913499978046,130.20716632936262
33.65915119836916,130.2071614397487
33.659160251844185,130.20716452712134
33.65916666670836,130.2071719708099
33.659172333336585,130.20717374787023
33.65919155904328,130.20717824897702
33.659195468396206,130.2071841116575
33.65921408076525,130.20717433242953
33.6592281353702,130.2071794675585
33.659236667238474,130.20717608340954
33.65925061302545,130.2071731129489
33.65926310820595,130.20718152970392
33.65925922493335,130.2071756679228
33.65927497296167,130.2071731911899
33.65928899968765,130.20717564184247
33.65928964000494,130.20717241237696
33.65929791916369,130.20716875483424
33.659303639751215,130.20717403385459
33.65930353183256,130.2071659399562
33.659321027243664,130.2071588847748
33.659334667261135,130.20716535719555
33.659336829231336,130.20716075176733
33.659341720643965,130.20715311292588
33.659356359808214,130.20715147885778
33.65935858563029,130.20714875481121
33.65936753208598,130.2071445270983
33.65938289160721,130.2071455766071
33.659386801859455,130.20715175135228
33.659391945981554,130.20714625199798
33.65940244106986,130.20713930023862
33.65941105387708,130.2071423867119
33.659419494913834,130.20715033671877
33.65942344113893,130.20714080390508
33.6594335594113,130.20713791168532
33.65944299959483,130.2071350581365
33.6594616128632,130.20712661530115
33.6594666130938,130.2071300264297
33.659477892390896,130.2071290272828
33.65949208099477,130.20712822328892
33.65950119832172,130.20713399513784
33.659502252327115,130.20712938970962
33.65950558611394,130.20712581130726
33.659514585629665,130.20712430584206
33.65952805387661,130.20711946838878
33.65953936015342,130.20711980473527
33.65954322543956,130.2071237743428
33.65955513516138,130.2071203110536
33.65957213504606,130.20712538322994
33.659576774648485,130.20713530455077
33.65958066691428,130.20714007815218
33.659586197744886,130.2071318943215
33.65958605385333,130.20712111504747
33.65958819783714,130.20711080432022
33.65959897261456,130.20710603071882
33.65960905401471,130.20710233540456
33.65961958597518,130.20709538274582
33.659629694354976,130.20709252919698
33.65964049521273,130.20709097336976
33.65964874829115,130.20708352788256
33.659660613046924,130.20707710762247
33.65967077538602,130.20707691336895
33.659679693962744,130.20707002636073
33.65969591863177,130.20706783381354
33.65970600003192,130.2070627760263
33.65971508138597,130.20706747138672
33.659723640233835,130.20706461693862
33.65973589169812,130.2070541371388
33.65974419783652,130.2070499480967
33.659752747691186,130.20704844443026
33.65976325177269,130.2070401427884
33.65977749523529,130.20704338484438
33.659797107650434,130.20704357999728
33.659800532268775,130.20704622580274
33.65980946793263,130.2070393001237
33.65981910776566,130.2070350841019
33.65983269382383,130.20703832705726
33.659837559156074,130.2070301693069
33.65985210838812,130.2070218029139
33.6598642789134,130.20703830097682
33.659866919322894,130.20703286637377
33.659879251726124,130.20702805410144
33.659891693846646,130.2070305056534
33.65990489229699,130.2070389107172
33.65991835964462,130.20703325578017
33.65992655876374,130.2070209728397
33.65993849456595,130.20702075160648
33.659948585858615,130.20701596631386
33.65996316207031,130.20701031137685
33.659983946302134,130.2070112844433
33.65999746760912,130.207010219646
33.66002055860196,130.20699847000344
33.66002546800098,130.20699488980233
33.66003774824355,130.206985226587
33.6600646127917,130.2069680027712
33.660076532406094,130.20696697844335
33.6600814409058,130.2069628271728
33.66009480213347,130.20694856032787
33.66011235959775,130.206945525116
33.66012127907385,130.20693780803344
33.66013522486077,130.20693566764703
33.66014427923517,130.20693605705344
33.66016227916589,130.2069338393253
33.66017527886606,130.20692739298488
33.66018710764894,130.2069347206609
33.66020119822679,130.2069236706909
33.660212865131655,130.20691994839694
33.660218162138506,130.20692795056448
33.66024216234598,130.20691885931797
33.66026199959168,130.2069171730891
33.66026816174633,130.20692163372644
33.66027822516003,130.20691469455755
33.660296946347046,130.20691435821118
33.660301972657976,130.20691966331185
33.66031727911917,130.2069161352715
33.66032861327494,130.20692053205698
33.660332081060744,130.206927197832
33.66034280187887,130.20693724955447
33.66034686501587,130.2069358367196
33.66035963988554,130.20693155594665
33.66037097314194,130.20693321699446
33.660375531805414,130.20693852119587
33.66038972130866,130.20693693928843
33.66040441443221,130.20693936386067
33.66041469368321,130.2069480800899
33.66042477508336,130.20694250339386
33.66043427911876,130.20694555119633
33.6604496125596,130.2069452787017
33.660474414063,130.20694347556105
33.66048346843735,130.20694680934787
33.6604946667955,130.20693852119587
33.66050077499085,130.20694163374947
33.660515135365245,130.20695216570994
33.66052697314137,130.20695949428534
33.66053658599469,130.20695313877638
33.66054335968835,130.20695435825712
33.660548440857895,130.20696369591792
33.66056855869209,130.2069479505875
33.66057874801089,130.20695099928923
33.660589585740865,130.20695296970382
33.66059533330804,130.2069609466904
33.66060199998236,130.20695192019502
33.660613693866935,130.20695036256927
33.660630198225135,130.2069514138767
33.6606325319658,130.20695810573204
33.660636945838405,130.20695128437433
33.66064477533615,130.20694708184237
33.66066108094418,130.20695163421067
33.66066669361305,130.20694805400956
33.6606796672329,130.2069410509888
33.660692612973776,130.20694702968171
33.66070349477053,130.206950856297
33.660710585924846,130.20694050599957
33.660725225089095,130.20693832694235
33.66073716179062,130.20693810570913
33.66074219799407,130.20694394320844
33.66075902700754,130.2069369132081
33.660773721030466,130.206937977106
33.660778305774215,130.2069454468749
33.660790162436115,130.20693632864868
33.66079738669009,130.20693756161927
33.66081161306556,130.2069372756348
33.66083525174554,130.20693360640087
33.66084097323238,130.20694080367525
33.66085108071286,130.20693736736564
33.660858919203804,130.20693182934053
33.66087827890948,130.20694549903567
33.66088944129473,130.20693722437352
33.66090638722005,130.20693961117422
33.660906945699026,130.20694713400314
33.660922054309424,130.2069306611212
33.66093558640824,130.20693097318588
33.66093949486185,130.20693708228055
33.660948414337895,130.2069266933123
33.66095735989427,130.20692114089798
33.6609743327993,130.2069256680852
33.660989945929316,130.20691189406875
33.66099786535926,130.2069122825759
33.66100802679904,130.20691425388975
33.66101358640793,130.20690741904218
33.661041225272356,130.20690016870788
33.66105410806068,130.2069018027761
33.66106716172021,130.20689888537527
33.66107316199685,130.20689282664273
33.66108389180823,130.2068837479867
33.66109446783548,130.20688352765274
33.66110469402645,130.20688739293894
33.66111433296015,130.20688316522592
33.66112372098297,130.2068776128117
33.66112719776203,130.20688238731236
33.6611451617199,130.2068780291977
33.66115605430849,130.2068837479867
33.66116538657337,130.20687224385904
33.661177801714246,130.20687202262582
33.66119082929339,130.2068677166718
33.66120322464917,130.2068661608447
33.66121722529476,130.20686724992368
33.66123149483769,130.20687291835054
33.66124327865441,130.20687542206315
33.661255774734286,130.20688272365885
33.66125972095938,130.20687374842487
33.66126913506258,130.20686900090368
33.661263332636736,130.20685749677614
33.661274000394826,130.2068446427661
33.66128638675741,130.20684306085866
33.66129355885073,130.20683941590642
33.66130205384678,130.20683333289207
33.66130922504078,130.20682914384997
33.66132044138533,130.20682544673707
33.66132269418705,130.2068248639764
33.66133780189807,130.20680758799983
33.6613507206593,130.20681002606193
33.66136266725334,130.20680983090904
33.66137289164567,130.20681639416136
33.66137786489662,130.20681710822305
33.66139022517882,130.20681282655073
33.661399278653846,130.20681535724304
33.66140713513124,130.20681252887516
33.66142489224501,130.2068248639764
33.66143161287869,130.20682150500852
33.661436559149934,130.20681871621082
33.661443973160885,130.20681858580917
33.66145677501021,130.20681347586128
33.66145625160476,130.20680810600936
33.66146861278628,130.20680383872627
33.66147413462369,130.20679427983225
33.66148761276315,130.20679080395246
33.66149246820288,130.206783165111
33.661496468387384,130.20677769093777
33.661514891898776,130.20677194606856
33.661528333166075,130.20676496822875
33.66153510775905,130.206765641821
33.66153966732185,130.20676880743463
33.66155538657188,130.20676391692132
33.66155872125802,130.20675983130127
33.66157344136127,130.20676277568157
33.661578613362394,130.20676080436772
33.66158919838284,130.20675927372156
33.66159661329311,130.2067583006551
33.661605000370514,130.206760855629
33.66161858642869,130.20676547274843
33.66162938728644,130.2067644754003
33.66164066658354,130.2067628916942
33.66165241442741,130.20676486390744
33.66166374768386,130.2067678604485
33.66167680224265,130.20676708163558
33.66168922457808,130.20676686130162
33.66169713501483,130.20676997385522
33.66170210826573,130.2067685205509
33.66170999981671,130.20676839194778
33.66171638680186,130.20677311338852
33.661725387216904,130.20677294431596
33.66173369425462,130.20677063575624
33.661741198197774,130.20677319073025
33.6617479458111,130.2067730873082
33.6617551080119,130.20676888477624
33.6617613061394,130.20675800297954
33.66176282869162,130.20675472135338
33.66177580231147,130.2067463936312
33.66179049543507,130.20674802859867
33.66179266729779,130.20674204900638
33.66180208140099,130.20673780780362
33.66181900034667,130.2067366926443
33.661828053821694,130.20674002643113
33.661836531730614,130.2067304405574
33.66185446780952,130.20672472086926
33.661863586035736,130.20673050620792
33.661878198220336,130.2067275231567
33.66189510817276,130.20672530542856
33.66189855887143,130.20672983081715
33.66190572107223,130.20672647184927
33.661918720772405,130.20671869001558
33.661927107849806,130.20672202290314
33.66192827876711,130.20672144014236
33.6619401084493,130.20671557656271
33.661951802333874,130.20671403422534
33.6619608648021,130.20671654962916
33.66197949515765,130.20670810589445
33.661987359728926,130.2067074448927
33.66199799960805,130.20670994770603
33.66200813496749,130.206707613066
33.66202005368257,130.2067046947659
33.662030721440715,130.20670933886493
33.66204705402839,130.20670014329698
33.66205716240819,130.20669725017797
33.662064413641815,130.2066992736526
33.662074585873484,130.20670044097267
33.66208808110014,130.20669669259837
33.66209777489246,130.2066959659461
33.662105027025405,130.2066985209201
33.66211282864418,130.20669299638473
33.662118468292704,130.20669289206342
33.662134918691606,130.20668988293187
33.662145000091755,130.20668430623584
33.6621521982654,130.20668335924972
33.66216305398183,130.20668669303654
33.66217033309442,130.20669058440296
33.6621799459478,130.20668286642126
33.662191162292345,130.20667861172865
33.662208494926176,130.20667693898963
33.662211864685844,130.206673644773
33.662221892126695,130.2066645526271
33.66223769411437,130.20666561562575
33.66224455863954,130.2066716986401
33.66225074777384,130.20666267214472
33.662264666581166,130.2066583661907
33.66228100006816,130.20664727575127
33.66228549487971,130.20664586291628
33.66229782908158,130.20664105064407
33.66231244126618,130.20663671860973
33.662318494602914,130.20663391722155
33.66233710787128,130.20662547258758
33.66234202716288,130.20662136178646
33.6623506399701,130.20662577206178
33.6623619192672,130.20662555082856
33.66236513524285,130.20661147913654
33.662371864869726,130.2066078341843
33.66238082931187,130.20660444913608
33.662394440551054,130.2066109467379
33.6624011081247,130.2066027242364
33.66240933332415,130.20659313926205
33.66242016206087,130.20659291802883
33.662434053888546,130.2065864716884
33.66245272111621,130.20658075200015
33.66246108121396,130.20658194629982
33.66246622533606,130.20657778243879
33.662476359796244,130.2065770557865
33.66248880191671,130.20658089499238
33.662498278972464,130.20657936434623
33.662501612759286,130.2065771340276
33.662509053749886,130.20657647212659
33.662517305928986,130.2065682226454
33.66252586477691,130.20656671897893
33.66254313535745,130.2065609992908
33.662545387259854,130.2065596107375
33.66255502709288,130.20655457813132
33.6625645320276,130.20655791191814
33.66257082908055,130.20655508355037
33.6625831623831,130.20655136215566
33.66259897336397,130.20655189365505
33.662603945715546,130.20655177674314
33.66260730558275,130.20655038908922
33.662620360141545,130.20654933868104
33.66263391922007,130.2065498827709
33.662642864776444,130.20654352816132
33.662647802054494,130.20654208834674
33.66265636000304,130.20654192017355
33.66266653223471,130.20654175110099
33.66267155944496,130.20654786019566
33.662680612919985,130.20654902661636
33.66268397278719,130.20654763896243
33.66270374797966,130.2065418554223
33.66271213505706,130.20654442298678
33.66271844110321,130.20654483757426
33.66272741363929,130.20654060986135
33.662739801800456,130.2065384946559
33.66274930583586,130.2065410253481
33.66276238737436,130.20654133561425
33.662770694412075,130.20653713398156
33.66277925236068,130.2065364460002
33.66279094624525,130.20653406009887
33.66279722531175,130.20653070023172
33.66279946822095,130.20652929998732
33.662812973340124,130.2065269131865
33.662820864891046,130.20652758767812
33.662830946291194,130.20652252899163
33.66283477470512,130.20652192015052
33.66284786523687,130.2065208562526
33.66285400041187,130.20652427997163
33.66286525182994,130.2065232556438
33.662871558775464,130.2065212186793
33.66288730590452,130.20651880669766
33.66289749522326,130.20652075193118
33.66290130565079,130.2065193390963
33.66291208132753,130.2065150844037
33.66292722501146,130.20651671937117
33.66293755912113,130.2065117254358
33.66294469434223,130.2065082747372
33.662955891801005,130.2065021395622
33.66296763964493,130.20650328080183
33.662976161620634,130.20649961066852
33.662996414353074,130.20649386490004
33.66300880161498,130.20649444855997
33.66301599978863,130.20649160760172
33.66302158637717,130.20648664064606
33.663031747816945,130.20648780796603
33.663044865328345,130.2064897280186
33.663059413661074,130.20648272409846
33.663065027229266,130.20648044071982
33.66307513470974,130.20647758807024
33.66308069431864,130.20646938985055
33.66308627910854,130.20646522688878
33.66309755930496,130.20646583662915
33.66310813533221,130.20646427990266
33.663108774750185,130.20646211433518
33.66311369404178,130.2064566410612
33.663127891638965,130.20645635507674
33.66314030588046,130.2064561347429
33.66314297326966,130.2064533846161
33.663150306341606,130.2064459661085
33.66316538707298,130.20644219165388
33.66317330560361,130.20644474662777
33.66318077537255,130.20644542201865
33.66318980186793,130.20644795091232
33.66320261271045,130.20644367103864
33.6632088647973,130.20643736679108
33.663222828570724,130.20643655020672
33.663231441377945,130.20643907910028
33.66324205427742,130.20643888484676
33.663250559166045,130.20643469490528
33.66325553241694,130.2064346166643
33.66326753207102,130.20643708170599
33.663276558566395,130.20643824902606
33.66328146796542,130.20643466882495
33.66329833295174,130.20642897521714
33.66330738732614,130.20643230900396
33.66331486518891,130.20643486397785
33.66333219782274,130.20643050586318
33.66334753216296,130.20643155627135
33.663359973384104,130.20643403390363
33.66337286516563,130.20643569405206
33.66338819770721,130.20643622555144
33.6634021983528,130.20643649804606
33.66341635997708,130.20643352758532
33.663434829353946,130.2064318548463
33.663445026766624,130.20643435765953
33.663451386772124,130.20643830118672
33.66346536043807,130.20643613471987
33.663474386933444,130.20643732812027
33.66348974825331,130.20643839201819
33.663504414397266,130.20643946760742
33.663510440754294,130.20643396915239
33.66352049517474,130.20642569359097
33.66352833276642,130.2064201690556
33.663538945665834,130.206405668387
33.66354119756829,130.2064042798337
33.66355166657621,130.20639464269868
33.663558333250535,130.20638722419108
33.663562414373985,130.20638713425888
33.663570666553085,130.2063802463514
33.66357627922196,130.20637933893545
33.66358372111188,130.20638372223107
33.663589224962834,130.20637632890453
33.66360310779726,130.20637055795498
33.663609494782406,130.20637308684854
33.66361227908345,130.20637844411
33.66362630580943,130.2063664462546
33.663631865418324,130.20636230937316
33.66364097285265,130.20636880697498
33.66364246842522,130.20637328110206
33.66365449505895,130.20636844364878
33.66365953216172,130.2063704671234
33.663668278967975,130.2063802463514
33.66366849480522,130.2063931911929
33.66367241405072,130.20639902689368
33.6636771076125,130.2064097279267
33.66367958614404,130.20641988307125
33.66367522533142,130.20643080443813
33.66369013519164,130.2064430873786
33.66370313489182,130.2064400260864
33.66370541377387,130.2064400260864
33.663713225285164,130.20643655020672
33.66372330578599,130.2064322442527
33.66373402660412,130.2064373928714
33.66374046844794,130.20644450111286
33.663745332880865,130.20643980485318
33.66374972067314,130.20643291784495
33.66376038663259,130.20642510993093
33.663768360021834,130.20642897521714
33.66377233322663,130.20643697828393
33.66378313498376,130.20643610863954
33.66378913526046,130.2064292216313
33.66379591884663,130.20643175142425
33.663802224892834,130.2064307783578
33.66380710821153,130.20642474660485
33.66381716173265,130.2064209730495
33.66382694635655,130.20642557667907
33.663825612661924,130.206413476301
33.663821027018855,130.20640958493448
33.66381969422355,130.20639880655972
33.663816278598404,130.2063953828407
33.66381766715165,130.20638452712433
33.663822721341546,130.20637717336797
33.66381969422355,130.20637180261667
33.663814613054,130.20636574568266
33.6638178650025,130.2063589108351
33.6638222788751,130.2063528269215
33.663823332880554,130.20634797687774
33.66383336032135,130.20633783432368
33.66383353209187,130.20632616112346
33.66383680202682,130.20632070044007
33.66384349478153,130.20631457785555
33.663849081370074,130.2063122827857
33.66385349524268,130.20630752267414
33.663859748228845,130.20630391729196
33.663864775439095,130.20630727625985
33.66386491933059,130.2063139950949
33.6638702253307,130.20632063568883
33.66387405374462,130.2063205583471
33.66387933276502,130.20632632929676
33.663880721318264,130.20633980473826
33.66387680207282,130.20634797687774
33.663875305600925,130.2063542541456
33.66387658623552,130.2063636061955
33.66387782909857,130.20637033672176
33.66387910793452,130.20637894862966
33.66387699992367,130.20638577178602
33.66387594591822,130.206390636219
33.66387653227622,130.20639871572826
33.663882973220666,130.20640527898047
33.663888027410565,130.20641058408125
33.66389455918659,130.20642252887671
33.66389446835507,130.20641849541732
33.66389891909989,130.20641350238134
33.66391527866722,130.20641477312336
33.66391922489237,130.20641338457006
33.66392374758294,130.20641875532135
33.66392938723146,130.20641736676816
33.663932197612894,130.2064166670956
33.66393669422314,130.2064179774078
33.663941802372335,130.20641994782238
33.66394405427474,130.20642263319803
33.66394519821239,130.2064260047564
33.66394580165746,130.20642936372417
33.66395766731256,130.20643936418537
33.66395822489221,130.20643600521748
33.66395930587731,130.2064279122185
33.66396605438996,130.2064258365832
33.66397169403848,130.20642510993093
33.663976775208084,130.20642778181673
33.663981305992536,130.2064311147043
33.66399644068326,130.2064185862488
33.66400438709286,130.20642027157828
33.66401077497733,130.2064241629448
33.66401766738147,130.20643155627135
33.664022639733105,130.20643197085883
33.664027080585356,130.20642994828358
33.66403602704105,130.2064261999093
33.664040612684175,130.20642824856486
33.664045918684224,130.2064354467385
33.66405094589447,130.2064401429983
33.664055386746725,130.20643600521748
33.66406049489598,130.20642963711816
33.66406830640727,130.20642678266995
33.66407508100025,130.2064279508893
33.66408238709255,130.20643128377674
33.66409099989977,130.20643291784495
33.664094386746626,130.20643282701337
33.664102666804695,130.20642994828358
33.664109414417965,130.20642788613804
33.66411691926049,130.20643306083718
33.6641214680314,130.20643350240425
33.66412525237854,130.20643204909982
33.66413494617086,130.20643128377674
33.664141162284864,130.2064370304447
33.66414649526462,130.20644583660612
33.664150946009386,130.20644299564776
33.66415761268371,130.20643741895174
33.66416322535264,130.20643511039214
33.66416827864322,130.20644041459354
33.66417697328876,130.20644830074855
33.66418261293728,130.2064476127672
33.66419077518418,130.20646143984368
33.66419574843508,130.20646477273112
33.66420310758741,130.2064597536148
33.664214919283154,130.2064700778319
33.66421794640115,130.20646830077158
33.66422635955888,130.206472113897
33.66423319800373,130.2064778596656
33.664242495195026,130.20647766541197
33.66424422459136,130.20647555110588
33.66424982916635,130.2064714789757
33.664255440935904,130.2064767831771
33.66425574760473,130.2064767436069
33.66426255906987,130.20647847030523
33.66426900001437,130.20648588791346
33.66427627912702,130.20648891143423
33.66428077483795,130.2064888071128
33.664288559369595,130.20648325559785
33.664299360227346,130.20648158195945
33.66430616179997,130.2064827501788
33.66431189228007,130.20648669280672
33.66431653188249,130.20649408613326
33.66432044123542,130.20650075190827
33.664338081437336,130.2065035541957
33.66434302680932,130.20650075190827
33.664348134958516,130.20649736686005
33.66436099976039,130.20649756201294
33.664367775252686,130.20649875541335
33.664375333155135,130.20650474669674
33.664384467569164,130.20651044120393
33.664387802255305,130.20650766499682
33.664396747811736,130.2065020883008
33.664403945985384,130.20650319086963
33.66440980237053,130.2065133334237
33.66442219772631,130.20651299617793
33.66442849477926,130.2065147210776
33.66443477474513,130.20652347597775
33.664444559368974,130.20652730169365
33.664450108185974,130.20652311265155
33.66446072108545,130.20652338514617
33.664462161799406,130.20650444902117
33.66446427880345,130.2064949422878
33.664471387044955,130.20648938987347
33.66447764003112,130.20648652373416
33.66448944093503,130.20649111477314
33.6644992516392,130.20649544680748
33.66450258632534,130.2064934763929
33.664516468260445,130.20648955894603
33.664523973102916,130.20649153026
33.66453089158745,130.20649863760207
33.66453491875154,130.20651014262899
33.66453680193189,130.20651416259864
33.66454249464044,130.2065185863637
33.66454891939719,130.20655610877748
33.664561359719016,130.20656477284604
33.66459089165636,130.2065774973537
33.66459458607136,130.2065680032108
33.66460308106741,130.2065651100918
33.66460886460749,130.20657221833324
33.66461389181768,130.2065761088004
33.66461891902793,130.20656603099758
33.664628441049786,130.2065676650658
33.664640892163504,130.20657138825902
33.66464435994931,130.2065774973537
33.664646306082204,130.20658341129547
33.664650198348,130.20658736741314
33.664665000289574,130.20659452691598
33.66466744104963,130.2066066407839
33.66468277538985,130.20660486372356
33.6646830272,130.2065946429285
33.66469497289472,130.20659294410916
33.66470405424877,130.20659897496284
33.66471022539662,130.2066020227652
33.66471458620924,130.20659330743524
33.664724639730366,130.20658680893416
33.66473327861797,130.2065914791135
33.66473558627831,130.2065954469224
33.66474016202892,130.20659858555632
33.66474627921747,130.20660058384988
33.66475274804094,130.20660849518595
33.66476330608174,130.2066055247252
33.664765027384135,130.20661403411043
33.66477682918736,130.20660654995243
33.664782135187465,130.20661102497888
33.664787864768186,130.20661761341216
33.66479958563241,130.2066172761664
33.664809694012206,130.20661297021252
33.664821639706986,130.20661486418464
33.66482853211113,130.20662144002745
33.66483094589148,130.20663133616733
33.66484477476661,130.2066215560401
33.664857135048806,130.20661933921122
33.66486510843805,130.20662185461492
33.66487035957948,130.2066262783801
33.66487838692808,130.20663552520944
33.66489310793065,130.20663922232234
33.664924107561546,130.20664386462272
33.664937054201744,130.20663542178738
33.66495058630056,130.20663508364225
33.664957413953516,130.20664031140132
33.66496255897499,130.2066490528116
33.664968278663196,130.20665294417813
33.664982774835266,130.20664639441566
33.66499300012691,130.2066496373709
33.66500222537246,130.20665883293884
33.66501469357331,130.20666394288673
33.66501977474286,130.20665758827715
33.66502925179856,130.20665732837313
33.6650379464441,130.20666389072608
33.66504141422996,130.20666999982075
33.66504599987303,130.20667444876688
33.66506113456376,130.20667489033394
33.66506844065606,130.20666581077865
33.66507625216735,130.2066628915793
33.66508766726207,130.20667070039258
33.66509953201785,130.20667791205608
33.665101774926995,130.20667844355535
33.665109613418,130.206673644773
33.6651244414399,130.2066827243283
33.66513249486877,130.2066925026569
33.665135639797995,130.20670267219066
33.66513941425262,130.20670121888622
33.66514564025914,130.20669486427664
33.66515177543414,130.2066981971641
33.665157108413894,130.20670483775814
33.665141999803495,130.20671922241422
33.665153135209096,130.20671221759483
33.66516099978037,130.20670933886493
33.665171162119464,130.20671036319277
33.66517986485894,130.20671639404645
33.665184413629845,130.20672033667427
33.66518900017229,130.20672477302992
33.66519238701909,130.20672549878282
33.66520366721551,130.20672522718758
33.665216774834335,130.2067375622887
33.665222026875085,130.20674150491664
33.66522877538773,130.20674133584407
33.66523480174476,130.2067371342115
33.6652469731693,130.2067246687086
33.66525561295623,130.20672847014282
33.66525869403358,130.20673022022356
33.66526125170543,130.20672703032824
33.66527058576895,130.20671949400946
33.66527330621818,130.20670916979236
33.66527541422903,130.20670099855226
33.66528027866201,130.20669416280543
33.6652869732153,130.20668941618362
33.66529322530215,130.20668844401655
33.66530341372163,130.20668900069688
33.665308054223374,130.20669610893833
33.66530753171725,130.20670428017843
33.665316640050946,130.20671022020053
33.6653198650198,130.20672686125567
33.665318918932996,130.20673769089183
33.66531349512178,130.20674724978585
33.665324919209695,130.2067572241666
33.66533458602237,130.20676827503598
33.665336532155266,130.20677717292824
33.66533780199802,130.2067838908639
33.66534741395202,130.20679308733122
33.6653537748569,130.20679425375192
33.66536444081635,130.20679938978003
33.6653664409086,130.2068101168934
33.66537216239544,130.20681538332337
33.66537819774567,130.2068111933819
33.66538486531931,130.2068056157866
33.66539161293264,130.2068033072269
33.66540019786089,130.20680522727946
33.665405892368085,130.20680914382694
33.66541277487971,130.20681355410227
33.66541886508861,130.2068141890237
33.665421721335406,130.2068100782226
33.665423162049365,130.20680191957297
33.665431639958285,130.2067968869668
33.665442305917736,130.2068001434119
33.66544763979681,130.20680941632156
33.665453586114154,130.20680116684048
33.665453495282634,130.2067949678136
33.665458494613915,130.20678625158428
33.66546980178998,130.2067864458379
33.66547830577923,130.2067956935665
33.66548249482133,130.20680369573404
33.665487000424775,130.20680165966894
33.6654906939404,130.20679619988482
33.66549849465986,130.20678927420568
33.6655064680491,130.20679360624
33.66551338743295,130.20680233505982
33.66551544058518,130.2068158114006
33.6655134144126,130.20682988309272
33.66551361316277,130.2068406605681
33.66551633271263,130.20684274969324
33.665524279122224,130.20684444941185
33.665524414020524,130.20685119342795
33.6655329998481,130.2068536449798
33.66553464021155,130.20685766494933
33.665534919001345,130.2068725028638
33.66554672080457,130.20686489010268
33.66555355924942,130.20686661500235
33.66555858556035,130.20687192010314
33.66556722534722,130.20687299569227
33.665571107720496,130.20687642031066
33.665581413951145,130.2068856158785
33.66558772089667,130.20688596571483
33.66559349544349,130.20689260720815
33.66559708104052,130.2069046689154
33.66559977540936,130.20690457808382
33.66560189241346,130.20689722432746
33.66560627930642,130.20688905308737
33.665610775017285,130.20688808002092
33.66561527882209,130.2068874450996
33.665620829437785,130.20688377406702
33.665623081340186,130.20688108869138
33.665624081386284,130.20687508391802
33.665625135391736,130.20687022038442
33.66563294600371,130.20686674360536
33.66563972059669,130.20686710783082
33.66564713460764,130.20686505827587
33.665654224862635,130.2068581451873
33.66566097337528,130.206855279048
33.6656666130238,130.2068564724483
33.665671026896405,130.20685152977433
33.66567316188696,130.20684469492676
33.66567766659108,130.20684325601155
33.665682027403705,130.20683583660468
33.665686333357655,130.20682413732413
33.665692467633335,130.2068131907762
33.66570030612428,130.20680972838636
33.6657102247471,130.20679600473193
33.665711134861056,130.20678522725655
33.66570980206575,130.20677496779058
33.665714613438695,130.2067649160681
33.66571561258553,130.20675944189475
33.665717720596376,130.20674994775197
33.665723945703576,130.20674438364642
33.66573113488403,130.20674286559085
33.665738494935624,130.20673863787795
33.66573838701697,130.20673191994217
33.665736440884075,130.2067251876174
33.66573472138032,130.20671583736612
33.66573622504683,130.20671172476636
33.665748613207995,130.20671007810768
33.665758891559676,130.20671791210202
33.66576858625132,130.20671766478847
33.665777612746695,130.20672011723968
33.66578225234912,130.20672594034988
33.66578682899899,130.20672985689748
33.665794027172694,130.20672832715059
33.66580197268297,130.20673082996393
33.66580725170337,130.20673688689783
33.665809721241715,130.20674900076585
33.66581474755259,130.2067515296594
33.66582330640051,130.20675189388487
33.66582682904499,130.20675852098907
33.665826972936486,130.20676878135419
33.66582935973719,130.2067759660381
33.66583672068816,130.20678199689166
33.665842053667916,130.2067913363511
33.66584216158657,130.20679727637332
33.66584172091876,130.20680885874185
33.66583925227974,130.20682377399805
33.66583710829599,130.20683111516394
33.66584810790391,130.2068524120093
33.66585449488906,130.20685577187646
33.66585797256744,130.20686160757714
33.665857054359606,130.2068732169255
33.66585080227276,130.20687878103104
33.665844107719465,130.2068802721069
33.665838108342086,130.20688639379205
33.66583313509119,130.20689810566307
33.66582869423888,130.20690144034927
33.66581922527706,130.20690306092763
33.665814054175314,130.20690267242048
33.665806972913515,130.2069109210023
33.665803720965016,130.20691827475866
33.665799306193094,130.20692377411297
33.665789107881096,130.2069226724434
33.66577727909822,130.206927859733
33.665772721334065,130.20692713398012
33.66576994602622,130.20692182887933
33.665769494566575,130.20691632862577
33.665767441414346,130.20691936383764
33.66576291872377,130.206920051819
33.6657601083424,130.20692277586545
33.665759027357296,130.20692613483334
33.66576735957602,130.20694024609554
33.66576699984722,130.2069456420278
33.66576486485667,130.20695243820455
33.66576263993392,130.20695574591105
33.66574989204395,130.2069736064468
33.66574397270625,130.20698319142116
33.665739441022424,130.20698277593442
33.665734224954576,130.20698022006115
33.66572819769823,130.20698491632095
33.66572038708625,130.20699053168778
33.6657142788909,130.20700588761167
33.665704891767405,130.20704705587696
33.665710667213546,130.20708477344363
33.66573110790438,130.20712038929457
33.66574394572655,130.20715472091365
33.6657473325734,130.20715535673435
33.66575805429085,130.20715933893246
33.665758108250145,130.2071667439501
33.66575589232065,130.2071714788807
33.665758693708824,130.20717213988246
33.66576999998557,130.2071774189028
33.66577113492997,130.20718080395102
33.66577064030287,130.20719357971996
33.66577741399652,130.20719557711425
33.66578080174264,130.20719688742645
33.665784224562344,130.20720224378863
33.66578538738577,130.2072076388215
33.66578653222274,130.20720963711517
33.665794413881144,130.20720891136227
33.66580005442904,130.2072115823487
33.66580630561657,130.2072209469892
33.665808053898616,130.20722968929874
33.665810919138664,130.20723775621752
33.665815386970564,130.2072330221863
33.66582327942086,130.20723160755267
33.66582725172634,130.20723291786499
33.66583286529453,130.20722749675167
33.66584019836654,130.2072328270334
33.66584305371401,130.20723885878635
33.66585089220496,130.2072293637442
33.665853666613486,130.20722194613597
33.665867197812986,130.2072245271902
33.66587061343813,130.20722922165135
33.66587122497708,130.20723391701176
33.665880801857554,130.207233864851
33.665886999985105,130.20723583706433
33.665889278867155,130.207242555
33.66589213511401,130.2072452268858
33.6658971982971,130.20724722428008
33.66590622479248,130.20724647244685
33.665907359736934,130.20724917041298
33.66590908103933,130.20725588834864
33.665913693662105,130.20727133600337
33.665921026734054,130.20727466889093
33.6659238649944,130.20727732818625
33.66592333259575,130.20728138772597
33.665922468347276,130.2072888592935
33.665930135067754,130.2072907784467
33.665933558786776,130.2072934107623
33.66593749511935,130.20729810612272
33.66593866693597,130.2073048384476
33.6659392793743,130.20731092056258
33.665938720895326,130.20731496841108
33.665937639910226,130.2073210253451
33.66593597256713,130.2073230614102
33.665939945771925,130.20733044124688
33.66593997275157,130.20733527870027
33.66594786520187,130.20733710792126
33.665952386993126,130.20733910531555
33.665954666774496,130.20734180328168
33.66595413527517,130.20734719831466
33.66595302731042,130.2073519197554
33.665950225022925,130.2073553048035
33.66596153219899,130.2073606099043
33.66595986485595,130.20736399495252
33.6659621347448,130.20736936390506
33.66595882883695,130.2073808563415
33.66597349498085,130.20738547256155
33.665977468185645,130.20738744477478
33.665982559247766,130.20739143956337
33.66598766739696,130.2073968094153
33.66598991929936,130.20740016928244
33.665991666682146,130.20740552474524
33.665993945564196,130.20741158167925
33.66599680181099,130.2074169389407
33.66600410790329,130.20741286591112
33.66601255883256,130.20741481204402
33.666018801926214,130.20742016930546
33.666023892089015,130.20742280162108
33.66602897325856,130.20742481160585
33.66603182860604,130.20743216626158
33.666032414064716,130.2074355513097
33.666032441044365,130.20744024577084
33.666031333079616,130.20744364520817
33.666030225114866,130.20744769125804
33.66603416234676,130.20745036314383
33.666033612860986,130.2074476651777
33.666037532106486,130.20744291765664
33.66604146843906,130.2074449159502
33.66604261327603,130.20744557695184
33.66604264025568,130.20745031098318
33.66605108129244,130.20744888465833
33.66605672094096,130.20745019497053
33.66605782890571,130.20744547263052
33.66606005382846,130.2074427503827
33.66606400005361,130.2074413618294
33.66606963970219,130.20744267214172
33.66607474785138,130.20744533143693
33.66607527935071,130.20744128358842
33.66607866709688,130.20743992201483
33.666084305846084,130.2074412188373
33.66608994639398,130.2074425291495
33.66609219829638,130.20744250306916
33.66609669400725,130.2074418033966
33.6661028921348,130.20744241223758
33.666105162023655,130.20744508412338
33.666107440905705,130.2074491436631
33.6661091622081,130.20745316543128
33.66611536033565,130.20745311327062
33.66612044060588,130.2074571080592
33.66612441381068,130.20746044094665
33.66613453208305,130.2074522831964
33.6661378919502,130.20745294419805
33.666145775407244,130.20744883339705
33.66615030619175,130.20745150528285
33.6661564683464,130.20744875515595
33.666163224952925,130.20744600502917
33.6661717208483,130.20745199721193
33.66617625163275,130.20745736706385
33.66618238680775,130.20744450136272
33.666178919021945,130.20743038920114
33.66618400019149,130.20743033704048
33.666192468207896,130.20743228317338
33.66619699989167,130.20743494156932
33.66620266741921,130.20744299589762
33.66620553175994,130.2074497282224
33.66620666670434,130.20745374819194
33.66621289181154,130.20745505760488
33.66621913490519,130.20746577212776
33.66622308113034,130.20746778211253
33.66622761281411,130.20746841793323
33.666230441181995,130.20746975432576
33.66622991867587,130.2074751358689
33.666228801717864,130.20748053180114
33.66623274794301,130.20748116672257
33.66623841367192,130.20748719757614
33.66624072133226,130.20749527888404
33.66624019792687,130.20749933932314
33.66623738664612,130.2075040598645
33.66623910794851,130.207509442307
33.66624308115331,130.20751344968596
33.66624413515876,130.2075190533617
33.66624761283714,130.20751946794917
33.666254387430115,130.2075214401624
33.66625780215588,130.2075274970964
33.66625727875049,130.20753221763778
33.666257865108435,130.2075369129982
33.66626294627798,130.20754092127652
33.66626522516009,130.20754494214543
33.66626582860516,130.20755438412755
33.66626416216138,130.2075577556859
33.66626082927388,130.20756518768337
33.66626255867021,130.20757260709024
33.66626655885466,130.20758133590994
33.66627108064591,130.20758399520525
33.66627336042728,130.20758736676362
33.66627566718836,130.2075967826654
33.666275134789714,130.20760216600718
33.66628416218441,130.2076054728144
33.666289279326804,130.20761014299376
33.66629041427126,130.20761619992777
33.66628991874478,130.20762697830241
33.66629169400653,130.2076390786806
33.66629733275573,130.20763972799114
33.66630241392534,130.20764036291246
33.66630805357386,130.20764033683213
33.66631086485461,130.20763963715956
33.666320413856056,130.20763616127988
33.666328306306355,130.2076347727267
33.66633730582208,130.20763133641708
33.6663479996605,130.20762788571847
33.66635416181515,130.20762581098245
33.6663609463007,130.207623086936
33.66637164013912,130.2076229700241
33.66637272112422,130.20761691309008
33.66637666734937,130.2076148644345
33.6663828645776,130.20761347588132
33.6663913056143,130.20761474662334
33.66639764043879,130.2076247210041
33.666407640000614,130.20761260713618
33.66641327874987,130.20761189397376
33.666416694375016,130.20761522686132
33.66641744081227,130.20761669275623
33.66642289160319,130.20761586268202
33.66642569389069,130.20761516211007
33.66643697318784,130.20761238680223
33.66644766702626,130.20761094698764
33.66645780238571,130.20761085615618
33.66646625241566,130.20761080399552
33.66647133268589,130.20761075183475
33.666486532127806,130.20760389090685
33.666491586317704,130.20760386482652
33.66650116229886,130.20760243760253
33.66650569398263,130.20760914384698
33.666507414385705,130.20761182922263
33.66650966718743,130.2076118031423
33.66651191908983,130.2076118031423
33.66651416199903,130.20761177706197
33.666512440696636,130.20760505822693
33.66651916222958,130.2075955505942
33.66652197261101,130.2075955505942
33.666524801878154,130.20759688698683
33.66652819771821,130.2075995327923
33.666533278887755,130.20760085569498
33.66653500019015,130.20760489005374
33.66653780157833,130.20760622644627
33.666545721008276,130.20760613471543
33.66654964025372,130.2076061086351
33.666557585764,130.20761413688297
33.66656546832178,130.20761474662334
33.6665773330775,130.20761736724774
33.66658580199322,130.20761999956335
33.66659538696757,130.20762194569625
33.6666061077857,130.2076252273224
33.66661430600544,130.20762761322385
33.6666173331235,130.20761369621516
33.66662297277202,130.207612969563
33.666633108131464,130.20761557669755
33.666644441387916,130.20762155628984
33.66664689204049,130.20762350242273
33.66665289231719,130.20762150502844
33.66665625218434,130.20761944198375
33.666661891832916,130.20761805432983
33.66666666723296,130.20761955889554
33.66667035984926,130.2076207001353
33.66667769382059,130.2076239952512
33.666682801969785,130.20762936420385
33.66668946774479,130.20761243806362
33.66669622525063,130.2076124119833
33.66670019755611,130.2076137222955
33.66670586508366,130.2076204150502
33.66671153171188,130.2076271078048
33.666717162367206,130.20762708172447
33.66672280201573,130.20762569407054
33.66672900014328,130.20762832728553
33.66673016206738,130.20763438421955
33.6667335857864,130.2076390786806
33.66673753201155,130.20763905260026
33.66674427872556,130.2076363042721
33.66674649465506,130.20763089485
33.6667510002585,130.2076308561791
33.66675666688673,130.20763282659368
33.666759468274904,130.20763350198456
33.666765080943776,130.20762669321743
33.66677638722052,130.20763267191035
33.666784224812204,130.2076231912573
33.66679997284052,130.2076196892973
33.6668129185814,130.20761555061722
33.66681858610889,130.2076188592231
33.666818613088594,130.20762494223732
33.66683105430974,130.207631581932
33.66684233270752,130.207636226031
33.666844613388264,130.20763619995068
33.66685422534226,130.2076408296606
33.66685699975079,130.20763814518432
33.66686153233388,130.2076387549247
33.66686769358927,130.207635357286
33.66687163981436,130.20763530512534
33.66687558603951,130.207635966127
33.666878414407336,130.20763797701113
33.666881251768416,130.2076379509308
33.666885224973214,130.207640610226
33.66688749486207,130.2076480026533
33.66690219787819,130.2076539426754
33.66690610813043,130.20764919605358
33.666914559059705,130.20764780839966
33.666917945906505,130.20764844422035
33.66692133275336,130.20765247678048
33.66692305405576,130.2076585211239
33.66692422497306,130.20766389097582
33.666931585923976,130.20767058373053
33.66693941362308,130.2076603890158
33.66694453166485,130.2076637479837
33.66695241422258,130.20766367064198
33.666956387427376,130.20766902700404
33.666956972886055,130.20767172497017
33.66695982913285,130.20768114087207
33.6669621080149,130.20768516174087
33.6669654409024,130.2076750317774
33.6669704950923,130.2076743060245
33.6669733333527,130.20767564241703
33.66697844060258,130.20767897530447
33.66698125188333,130.20767894922415
33.6669857745739,130.20768364458456
33.66699491888045,130.20770513568357
33.66699716178965,130.20770444860148
33.666999413692054,130.20770374802964
33.6670022789321,130.2077091439619
33.667017494561776,130.20770966287068
33.667020359801825,130.2077177558698
33.66703277494264,130.20772102490548
33.66703955942819,130.20772499361362
33.667039054009194,130.2077358106592
33.66703297279349,130.20775671899742
33.6670329997732,130.20776413660565
33.667033053732496,130.20777224399387
33.66703480201454,130.2077829962883
33.66703261306469,130.207793799844
33.66702758585444,130.20780328139642
33.66702305417067,130.2077999476096
33.66702189224657,130.2077938906756
33.66701689201602,130.20780335873803
33.66702086522082,130.20781075206457
33.66701922485737,130.20782019494607
33.667019251837075,130.20782557738858
33.66701813487907,130.2078296369283
33.66701591894957,130.20783571994264
33.66701764025197,130.2078397543013
33.66701655926687,130.20784583731563
33.66701489192377,130.20785121885876
33.66701097267827,130.20785664087134
33.66700200014225,130.20786277604634
33.666999748239846,130.20786616109456
33.66699808089675,130.2078722441089
33.66699361306485,130.20787700422045
33.66698402719118,130.2078784179547
33.66698630607323,130.20788243792424
33.666986360032524,130.2078905318226
33.66698074826297,130.20789394295116
33.66697964029822,130.20789800339026
33.66697855931312,130.20790678257197
33.66697689197002,130.2079108304206
33.66697072082218,130.20791761310738
33.66696397320885,130.20791902684164
33.66695610773826,130.2079237743627
33.666949891624256,130.20792316462246
33.66694086512888,130.20792121938882
33.666938053848185,130.20792191996065
33.66692846797446,130.20792197122205
33.66692674757138,130.20791389081353
33.66691891897301,130.20792608292243
33.66691216236643,130.20792613508308
33.666909891578314,130.20792143972278
33.66690986459861,130.20791741885387
33.666905359894486,130.20792080390208
33.66690086508294,130.2079228660475
33.66689299961229,130.20792630415565
33.666886802384056,130.20792566833495
33.66688502712236,130.20791219199418
33.66687382876421,130.207924422774
33.66686822508859,130.20792985737705
33.66686427886344,130.20793325591512
33.66685641429211,130.207936693124
33.66684961271949,130.20793202294453
33.66684574833266,130.20794350189112
33.66684802721471,130.2079488852329
33.66684694622961,130.2079563037405
33.66684527888657,130.20795968878872
33.66684697320932,130.20796438414902
33.66685149500057,130.20796705603482
33.666854333260915,130.20796836634713
33.666854918719594,130.2079710508234
33.66685777496639,130.20797778224892
33.66686061322679,130.20798180311783
33.66686230575084,130.20798447500363
33.66686346767494,130.20798786005173
33.66686405403294,130.2079918944105
33.66686577533534,130.2079992742472
33.666873747825264,130.20801136203477
33.66687377480491,130.20801807997043
33.666874918742565,130.20802147940776
33.66687380178456,130.20802619994924
33.66687272079946,130.20803092139
33.66687105435574,130.20803766540598
33.66686997337064,130.20804238684673
33.666867720568916,130.20804577189494
33.66686377524309,130.20804444899215
33.666852027399216,130.20806204872463
33.66685486476024,130.20806338511716
33.66686108087424,130.20806605700295
33.666858864944686,130.2080741374116
33.666859468389816,130.20808089491743
33.666859495369465,130.2080876128531
33.66685727943997,130.20809165980234
33.666851081312416,130.20809442341897
33.66684661258114,130.20809917004078
33.66684435977942,130.2080991961211
33.66683594572237,130.2081053312961
33.666841053871565,130.20811269764295
33.66683880196916,130.20811608269116
33.66683772098406,130.20812083021224
33.66683494567627,130.2081296111927
33.66683269377387,130.2081329962408
33.66682822504259,130.20813775635247
33.66682597314019,130.20813910533548
33.66682205389475,130.20814046690907
33.66681541420007,130.2081421396481
33.66681474780245,130.2081445777102
33.666811919434565,130.20814594018304
33.66680800018912,130.2081507002946
33.66681141401557,130.20815335869065
33.666813135317966,130.2081587546229
33.666812612811896,130.20816683503142
33.66680700014297,130.20817360602712
33.66680419785553,130.20817364469804
33.66680025163038,130.20817367077836
33.666799134672374,130.20817635525464
33.66679577480522,130.20818180334766
33.66679241403875,130.20818450131378
33.66678791922715,130.20818724964192
33.666785667324746,130.20818724964192
33.6667805861552,130.20818797719346
33.6667755319653,130.2081880032738
33.6667726937049,130.2081866929616
33.66676933293843,130.20819277597593
33.666767694373675,130.20819819708913
33.666763748148526,130.20820224403838
33.666760387382,130.2082043061838
33.66675702661553,130.20820499416516
33.66673961304275,130.2082159137335
33.666745802177104,130.20821788594674
33.666746413716055,130.20822596635537
33.6667425322421,130.2082341124144
33.66673974794105,130.20823949395754
33.6667386399763,130.2082449159701
33.66673527920983,130.20824897461057
33.66672966744028,130.20825172473735
33.66672572121513,130.2082537742923
33.66672346841341,130.2082537742923
33.66671166661018,130.20826128363137
33.6667150543563,130.20826260743343
33.6667139733712,130.20826936404
33.666711748448506,130.20827341098914
33.66670725183826,130.20827683470827
33.666703864991405,130.20827752268963
33.66669316215973,130.20828097338824
33.66668872130748,130.20828978044904
33.66668874828713,130.20829450099052
33.666690467790886,130.20829919635094
33.666687107923735,130.20830461656487
33.66668655933728,130.2083079773314
33.66668433261589,130.20831002598698
33.666679828811084,130.20831275003343
33.666675360079864,130.20832085562301
33.66668497293318,130.20832620029398
33.66668499991289,130.20832955926187
33.666683026800285,130.20833333281712
33.66668108066739,130.2083370038497
33.66667882876499,130.2083390273243
33.66667661283549,130.20834241237253
33.66667158562524,130.20834922203903
33.66666666723296,130.20834710773295
33.666654639699914,130.20834192044333
33.666647305728645,130.2083413098037
33.66663886469189,130.20834472093213
33.666629224858866,130.20833403428833
33.66662935975722,130.20833333281712
33.66663030584397,130.20832863835608
33.66662746758362,130.20832391691533
33.66662127934859,130.20832466874856
33.6666144948631,130.20832403382713
33.66661397325629,130.20833077784323
33.66661061338914,130.20833282739818
33.66660989213284,130.20833333281712
33.666606694143695,130.20833555144463
33.66659822522797,130.2083362780968
33.66659202710042,130.2083363293582
33.66658808087527,130.20833503163647
33.666587053849526,130.20833333281712
33.666585251608126,130.20833033717543
33.6665823872674,130.20832494214244
33.66658291876672,130.2083182233074
33.66656433337732,130.2083196892023
33.66656041413188,130.20832513639596
33.66655702728502,130.2083258369679
33.666551973095125,130.20832719764212
33.66654630556758,130.208323890835
33.6665424142011,130.20833333281712
33.6665390813136,130.20834144020534
33.6665463874059,130.2083387161589
33.66654697286458,130.20834341061993
33.66654699984423,130.20834544668503
33.66654533340045,130.20835016902515
33.66654366695673,130.20835691304114
33.6665370002824,130.20837313860955
33.666542639930924,130.20837513600384
33.66654377487538,130.20837780788963
33.66654438731365,130.20838252933038
33.66654272086993,130.20838994783787
33.666542747849576,130.20839533117964
33.66654389178723,130.20839871622786
33.6665444952323,130.20840138811366
33.66654564006927,130.20840678314664
33.66654566704892,130.20841150458727
33.6665423332621,130.2084189491752
33.66653953187392,130.2084223351227
33.66653669361358,130.2084223351227
33.666532197902654,130.20842172538244
33.66653391920505,130.2084270817445
33.66653958583328,130.20843108912356
33.666538467975954,130.20843447507104
33.666539612812926,130.20843783403882
33.66653680243155,130.2084425545803
33.66653513508845,130.2084432560515
33.666530865107404,130.20844788576142
33.666534135042355,130.20846549898363
33.66653825213865,130.2084873929789
33.66653989160278,130.20848836604534
33.66654330632855,130.20849238691414
33.6665421983638,130.20849778194713
33.66654222534345,130.2085045268625
33.6665422793028,130.20851128436834
33.666541252277,130.20851108921545
33.66654866718727,130.20854491631485
33.66655446781448,130.20857654996792
33.66655744097318,130.20860549914448
33.66655872070845,130.20863041486177
33.66656382885765,130.20863847008934
33.66656499977495,130.2086431645505
33.666565026754654,130.20864924756484
33.666563360310874,130.2086546425977
33.666558054310826,130.20866427973283
33.66656061288205,130.20866613503415
33.666567413555356,130.2086761606763
33.666565224605506,130.20868427975574
33.6665669459079,130.2086890011965
33.66656244120372,130.20869372173797
33.66655877466775,130.20869871567322
33.66656986510725,130.2087084949012
33.6665721349961,130.20871319116088
33.66657164036894,130.20872333281557
33.666570532404194,130.2087280542563
33.66657338685235,130.20873610858462
33.6665655591533,130.20874425374438
33.66656161292815,130.20874360623247
33.666558801647454,130.20874769095326
33.66655313501923,130.2087443580657
33.66654353205843,130.2087390268847
33.66654877510592,130.20876730156976
33.666545495278456,130.20879092136397
33.666543945746525,130.20881316519547
33.66655410808568,130.2088151104291
33.6665631615607,130.2088244750695
33.6665677211235,130.2088291704299
33.666569440627256,130.20883588836557
33.6665677750828,130.2088399479053
33.6665587476881,130.20884272411251
33.666566107739754,130.20884603091963
33.666570667302494,130.20885204918284
33.666572946184544,130.20885608264211
33.66657238680625,130.2088601430812
33.666567891994646,130.20886418913108
33.66656566707195,130.20886894924263
33.666565134673306,130.20887503225697
33.6665646130665,130.20887839212412
33.66655782858095,130.20887778238387
33.6665556396311,130.20888654987448
33.666555108131774,130.20889732824912
33.66655119787953,130.2089027502618
33.666548972956775,130.2089054734089
33.66654222534345,130.20890756163476
33.666540495047855,130.20890552467029
33.66653716216035,130.20891297015748
33.66653269432845,130.20891907925215
33.666529919020604,130.20892313879187
33.66652430635173,130.2089285599052
33.66652210840863,130.20892933871812
33.66652155892285,130.20894275030776
33.66652100044388,130.20894610927553
33.66651825211568,130.2089562518296
33.66651827909533,130.2089616342721
33.666518306075034,130.208967691206
33.666518919412624,130.20897374814
33.66651836003433,130.20897780767973
33.666518413993685,130.2089865499894
33.666517333008585,130.20899533096986
33.666517946346175,130.20900138790375
33.66651966674925,130.2090081454096
33.66652761315885,130.20901683465922
33.66652819771821,130.20902019542575
33.66652710773991,130.20902625235976
33.666524864830706,130.20902963740787
33.66651991855946,130.20903344963403
33.66652210840863,130.20904111455582
33.66652102742353,130.20904922194416
33.66652105440318,130.2090539433848
33.666521639861855,130.20905933931715
33.666523918743906,130.20906469477995
33.666526197625956,130.20906939014026
33.66652791892835,130.20907477258277
33.66652849539378,130.2090781450404
33.66653025176976,130.20908756184156
33.66653141369386,130.20909160789142
33.6665348023393,130.20909697774334
33.66654044108856,130.20909422761656
33.6665432793489,130.20909961095833
33.66654555913033,130.20910496821978
33.666545586109976,130.20910902686012
33.66654677501373,130.20911910466305
33.6665434142472,130.2091218287095
33.666547414431705,130.20913192000216
33.666551946115476,130.20913997433047
33.66655538692163,130.20914600518404
33.66655936012643,130.20915272401908
33.66656391878985,130.20916077834727
33.66656625163125,130.2091789491492
33.666567413555356,130.20918230901646
33.666567441434324,130.20918972842333
33.66656805387265,130.20919577186748
33.6665714676991,130.20920383878615
33.6665748923175,130.20920852065672
33.666586224674575,130.20922058416272
33.666596413993375,130.20922994790385
33.66660038719817,130.2092332807913
33.66660546836772,130.20923661457812
33.66661049467865,130.2092409214314
33.666619531965864,130.20923177712484
33.66662291881272,130.20923041465198
33.66662405375712,130.2092331126181
33.66662519769477,130.20923577191343
33.66662691899717,130.20924046727384
33.66663816232136,130.20923839163856
33.66664833275439,130.20923963719952
33.66664891911239,130.209244357741
33.666649494678495,130.20925111524684
33.66664953155072,130.209254475114
33.66665574766466,130.20925980539573
33.66665858592506,130.20926316526288
33.66665861290471,130.20926652423077
33.66666258610951,130.20926849464536
33.666665413578016,130.20927053160983
33.66666666723296,130.20927422782347
33.66666769425876,130.20927725044487
33.66666666723296,130.2092810248995
33.66666382897256,130.20929141386773
33.66666666723296,130.2092925811877
33.666676828672735,130.20929671896852
33.66667744111106,130.2093048119675
33.66667408124391,130.20931021959098
33.666673558737784,130.2093149419311
33.66667469368224,130.20931830089899
33.66668033333076,130.2093182487382
33.66667866688704,130.20932566814508
33.66667986478399,130.20933644562058
33.666684918973885,130.20933438437442
33.666688865199035,130.20933505796665
33.66669061258176,130.20933975422633
33.666695108292686,130.20933968857582
33.666701333399885,130.20934369595489
33.666704721146004,130.20934569424844
33.66671266665628,130.2093514139367
33.66671769386653,130.20934897497523
33.66672725186123,130.20934552517588
33.666732360010485,130.2093508950278
33.66673408131288,130.20935693937133
33.66674199984345,130.20936228314292
33.66674427872556,130.20936561603037
33.666749413854404,130.2093756938333
33.6667544680443,130.20937566775297
33.66675899972813,130.20938033703294
33.66676130558983,130.20938705586798
33.666757387243706,130.2093904409162
33.66676246841325,130.2093951362766
33.66676586515263,130.20939511019628
33.666770359964175,130.20939438444339
33.6667726127659,130.2093950580355
33.66677374771035,130.20939705632918
33.66677546811343,130.20940041529695
33.66677719840902,130.20940647223097
33.66677777487445,130.2094084948062
33.66678453238029,130.20940708197134
33.6667884678136,130.20940639398998
33.666788531665475,130.20941516237986
33.6667924949777,130.20942119323354
33.66679869400457,130.20941910500778
33.66680322478902,130.20942583733256
33.66680494609142,130.2094298573021
33.666807224973525,130.20943455266251
33.666803305728024,130.2094372758097
33.666802197763275,130.20944066085792
33.666814639883796,130.209450661319
33.66681853214959,130.2094405322548
33.66682246758285,130.20944116717624
33.66682589220119,130.20944788601116
33.666829279048045,130.20944785993083
33.66683210831519,130.20944785993083
33.66683602666137,130.20944581127526
33.66684005382547,130.20945858614493
33.666837801923066,130.20946060961955
33.66683163976842,130.20946605681308
33.666850252137465,130.20946791211452
33.66685358592429,130.20946386516528
33.66685641429211,130.20946316459344
33.66685699975079,130.20946586255957
33.66685982901794,130.20947255531428
33.666860440556945,130.20947727585565
33.66685989197049,130.20948066090386
33.66687174773301,130.20948596600454
33.66687122522694,130.20949066136495
33.66687236017134,130.2094940338227
33.66687238715099,130.20949875526344
33.66687241413064,130.20950549927943
33.666880305681616,130.20950138757905
33.66688597320916,130.20950944190724
33.66688886542886,130.20952355406882
33.66689222529601,130.20951817072705
33.66689502668419,130.20951678307313
33.666897828971685,130.2095154223989
33.66690069421173,130.2095116083741
33.666910252206435,130.2095157461548
33.66692433289171,130.20951924811482
33.666944639583505,130.20951941628812
33.6669632789322,130.20951756188606
33.66697741357683,130.20950891130724
33.66698477542707,130.20950358012624
33.66699330639602,130.20949557705933
33.66701658624652,130.2094808038961
33.66702044074077,130.20946730237415
33.66702325202152,130.2094645783277
33.667025494930726,130.20946189385143
33.66702997265514,130.20945780823138
33.66703505382475,130.2094570815791
33.66703844067155,130.20945705639815
33.66704125195224,130.2094583918913
33.66704522515704,130.20945968871376
33.667047441086595,130.20945496817228
33.66704797258592,130.20945160830513
33.66704963992902,130.20944416281793
33.66705744064842,130.20943063611503
33.667047828694365,130.2094266674069
33.667048360193746,130.20941655003378
33.66705172096022,130.2094145013782
33.667062973277666,130.2094083662032
33.667063386965765,130.2094083662032
33.66706682867124,130.209394863782
33.66707472112154,130.20939411194877
33.66707922492634,130.2093947468701
33.667081467835544,130.2093940597881
33.66709049523024,130.20939396895653
33.66710574773214,130.20940060955058
33.66710799963454,130.20940058436952
33.667117027029235,130.20940185511154
33.66712438708083,130.20940719798386
33.66712780180666,130.20941055785102
33.66713349541453,130.20942263304812
33.667133532286755,130.20942669258784
33.667133559266404,130.20943208762083
33.66713749469966,130.2094320489499
33.66714144092481,130.20943269826046
33.66714597260858,130.20943399508292
33.66714766693133,130.20943669304904
33.66715053217138,130.2094420494111
33.66715446760463,130.20944338490438
33.66715622487993,130.20945280170554
33.66715735982433,130.20945683516493
33.66715908112673,130.20946289209883
33.667168197554304,130.20948033714785
33.66717327872391,130.20947827500243
33.667178359893455,130.20948364485434
33.6671862793234,130.2094889751362
33.66718689176167,130.209492996005
33.66718353189452,130.20950177698546
33.667185891715576,130.20952131026036
33.66718705363968,130.20952669270275
33.66718708061933,130.20953075224247
33.66719277512652,130.20954147935583
33.66719280210617,130.2095495588651
33.667192278700725,130.2095529439133
33.66719005377803,130.20955968882868
33.66718669391082,130.20956308736663
33.6671833061647,130.20956377444872
33.6671782519748,130.20956518818298
33.66717494606695,130.20958219166482
33.667170333444176,130.20960036336612
33.667164585877,130.20961717259445
33.6671616666776,130.20963669327887
33.667161558759005,130.2096535537686
33.66716202730578,130.2096670561898
33.667160865381675,130.20968394275985
33.66716536019328,130.20968391667952
33.66717097286215,130.2096744234359
33.66717435970901,130.20967641993093
33.6671766403897,130.20968111529135
33.667177224949,130.2096858367321
33.66717782929345,130.20969255466775
33.66717841385275,130.20970063597565
33.66719625190558,130.20969627786098
33.66720202735172,130.20969044126093
33.66720091938697,130.2096896894277
33.66720313531647,130.20968360641336
33.66720538721887,130.209682918432
33.6672081976003,130.20968155595915
33.667209387403375,130.20968114137168
33.66720994588235,130.20968024564684
33.66721602709805,130.2096674186165
33.667220252113,130.20964978021323
33.66721927904655,130.20963364457714
33.66721961269502,130.20961527862232
33.667226026659876,130.20959297003958
33.66723138661922,130.20957939027676
33.66723949490682,130.20956566842096
33.667243864712646,130.20955747110042
33.66724697276965,130.20954306126328
33.6672542518823,130.20953208773574
33.66725980159862,130.20952788610316
33.66726530634884,130.20951968878262
33.66726630639499,130.2095123611066
33.66726489176142,130.20949620028944
33.66726858617636,130.20948802904934
33.66727369432556,130.2094852267619
33.66728166681554,130.20948902729685
33.66728861317898,130.20949830110578
33.667292613363486,130.20950900123944
33.66730069377206,130.20951878136668
33.66730189166901,130.2095222833268
33.667304972746365,130.20953163357808
33.667304026659565,130.20954108905005
33.66730746836504,130.20954422768398
33.66731544085496,130.2095480803797
33.66731941405976,130.2095560834465
33.66732138717231,130.20956680876122
33.66732494578969,130.2095756679828
33.667323891784235,130.2095810890961
33.66732219836081,130.20958703001747
33.66732349518321,130.20959588833966
33.66732772109748,130.20960577188896
33.66733280226708,130.2096137740565
33.667333027097584,130.2096253573244
33.66733197309213,130.2096299483635
33.667323080595736,130.20963775627752
33.66732886503513,130.20964352812643
33.66733574844608,130.20965141428144
33.66733591931728,130.20966085626355
33.667330413667685,130.20966775586226
33.66733686540408,130.20967783366518
33.66734202661331,130.20968717312462
33.667344414313334,130.20969383889963
33.66734458608386,130.20970328088174
33.66734446827263,130.2097221918258
33.66734941364456,130.20972204883356
33.66735849499861,130.20972450128477
33.66736263997393,130.20973033698556
33.66736880212858,130.20973508360726
33.66737344083168,130.20973949388258
33.66737538696458,130.20974758778107
33.667375919363224,130.20975430571673
33.66737822522498,130.2097569389316
33.6673857210742,130.20975944174495
33.6673930271665,130.20976413710525
33.66739761280962,130.20976936396505
33.667399999610325,130.2097752788061
33.66739969384088,130.2097855247822
33.667399747800175,130.2097895852212
33.66740664020432,130.20979477341018
33.66740949465253,130.2098033331573
33.667406918994175,130.20981016890426
33.66740527863078,130.20981910456806
33.667402053661874,130.2098291697804
33.667395413967256,130.2098347473758
33.66738369400235,130.20983769085683
33.66738030625618,130.20983508372217
33.667371694348276,130.2098326330696
33.66736569407158,130.2098395326684
33.66735949504471,130.209844552684
33.6673516133863,130.2098447208573
33.66734838661881,130.20985841843128
33.667348972976754,130.20986311289244
33.66735238680326,130.20986780825285
33.667356386987706,130.2098758877621
33.667360360192504,130.2098846165818
33.66736664015838,130.20989466920366
33.66737174830757,130.209903385433
33.66738005444603,130.20991416290838
33.6673858919454,130.20991338499482
33.66739438694145,130.20992007774942
33.66740172091272,130.20992272355488
33.66740174789243,130.2099281059974
33.66740066690733,130.20993619989576
33.6674023873104,130.2099402198653
33.667400558988675,130.2099451103786
33.66740580203617,130.20994897476544
33.66740866727622,130.20995433202688
33.66740869425587,130.20995769099466
33.66740591894808,130.2099678344481
33.667387278700005,130.20995922164082
33.667385026797604,130.20996260668903
33.6673827748952,130.20996328118053
33.667379972607705,130.20996533073549
33.66736197267693,130.20996749720234
33.66735800037145,130.20996752328267
33.66735125185886,130.2099668865626
33.66734844057811,130.20996691264293
33.66734336030788,130.20996966276982
33.66734397274621,130.20997571970372
33.667345694048606,130.20998177663773
33.66734741355236,130.2099858109965
33.667349107875054,130.20998983096604
33.66735363955888,130.20999316475286
33.66736608078003,130.21000182882142
33.667374585668654,130.2100064981015
33.667377946435124,130.21000644594073
33.6673847210281,130.2100064198604
33.6673869729305,130.21000572018795
33.66739033279765,130.21000435771498
33.6673948294079,130.21000297006105
33.66739766676898,130.21000360588175
33.66740161299407,130.2100029179004
33.66740722476368,130.21000085575497
33.66741127890742,130.21001832688432
33.6674197208435,130.21001625214842
33.667424802013045,130.21001688706974
33.66743661280947,130.2100107258144
33.66744791908627,130.21001871629073
33.667448494652376,130.21002211392943
33.66744908101032,130.21002680928984
33.667451359892425,130.21003083015876
33.66745200020972,130.2100436445986
33.66745489242942,130.21005508397502
33.66746055905759,130.21006243773138
33.66745774777689,130.2100658371687
33.66745444096972,130.21007664072442
33.66744997313782,130.21008408621162
