-2791.763318394159,4288.309472138571
-2790.951267197296,4288.630030420878
-2790.0167007799287,4288.635743508049
-2789.640158271214,4288.512742523875
-2788.8884545034807,4288.392624951458
-2788.6359449047095,4287.954850440357
-2788.383398663181,4287.642959874057
-2787.940932701847,4286.77151880148
-2787.752192050496,4286.459646805866
-2787.24836791654,4285.776016366026
-2786.75266979544,4286.404494097373
-2786.3124040526827,4286.284467215565
-2785.874612833969,4285.97252290717
-2785.622131546984,4285.723674165882
-2785.2410704289728,4284.789209327954
-2785.1125277090696,4283.9758140514705
-2784.607618972944,4283.292183438448
-2783.481653057418,4283.235897115259
-2783.047385587013,4283.426592021217
-2782.10685670621,4282.995700300264
-2781.1685364752957,4283.001413155699
-2780.726098864918,4282.316803370875
-2780.53854409606,4281.9410921341905
-2780.4689502443384,4281.192551225559
-2780.466814221649,4280.505076606804
-2780.5258255510976,4280.068489872966
-2781.2081587288717,4279.248247531101
-2781.079577910713,4278.56472623537
-2780.6417426486196,4278.690483245487
-2779.642136158515,4278.6352315059
-2779.328249071679,4278.450304601561
-2778.9494798120695,4277.950649039354
-2778.6970415756764,4277.264099409377
-2778.504840510705,4276.51552300213
-2778.378551712376,4276.268705997793
-2777.747318560472,4275.458057969383
-2777.995245921642,4275.017436198467
-2778.553508793965,4274.641941047541
-2778.8037281426805,4274.639021042369
-2778.740121659101,4273.951528629264
-2778.42500096758,4273.705654416028
-2777.7346182500432,4273.5206185212355
-2777.35951776637,4273.023757075334
-2777.0421715948287,4272.39823542518
-2776.7259264784248,4271.714659865679
-2776.3471568437667,4271.2149046612285
-2775.8443356323087,4271.094860157743
-2775.46568490089,4270.472213563475
-2776.5801921704115,4268.340089961831
-2774.137353441613,4267.604029358553
-2773.890557343444,4268.17053550207
-2773.392448083148,4268.4841038381455
-2772.766965227089,4268.551852451855
-2772.329071418637,4268.301952972242
-2771.8264056383264,4267.932036070419
-2771.57389440152,4267.495359270395
-2771.32267038088,4266.933596897526
-2770.8812722451626,4266.687686451096
-2770.6344950388293,4267.189355463334
-2769.8305784473114,4268.508111748678
-2769.768107189642,4268.508093709275
-2769.0209283786216,4268.886527321073
-2768.706986541475,4268.889429179816
-2768.206631815038,4268.892277249894
-2767.5162840430435,4268.5842508866
-2766.8931553517727,4268.587063601245
-2766.58159648341,4268.714054675682
-2765.89585813087,4268.907570565808
-2765.4556642253365,4268.5347792716875
-2764.700517040155,4267.912024562901
-2764.2603763579355,4267.354297651336
-2763.9464593451303,4266.981542824473
-2764.0031891153517,4266.355929915835
-2764.314921821525,4265.915425933373
-2764.4341591639054,4265.164046845902
-2763.748522687689,4265.292725699683
-2763.0581267845323,4264.860910442822
-2762.8647094370167,4263.986450069438
-2762.550821547036,4263.801523718944
-2762.2983926336933,4263.36674242715
-2761.9197114200306,4262.5562679400955
-2761.72975460577,4262.118512173576
-2761.3509648239387,4261.6846920169655
-2759.9703105431113,4260.630241030796
-2758.591822989904,4260.450893767662
-2756.6551903237637,4260.527343648044
-2754.8493383750583,4261.4760416477
-2754.1682879209857,4262.480024904581
-2753.678118051583,4264.482356622836
-2755.7536411925266,4266.658390906654
-2757.075290613293,4267.838907784226
-2756.6397656691406,4268.341320900712
-2756.1428424446353,4268.593045745776
-2755.5833032801816,4269.348288421866
-2754.9010383519894,4270.226487091106
-2754.402946439107,4270.482201670347
-2753.6556791265593,4271.171456092368
-2753.220195922159,4271.239160779752
-2752.9063089146666,4271.051342013474
-2752.085115314671,4269.805932564423
-2751.273183399583,4270.000610287589
-2749.6422567758204,4269.133717913374
-2749.0862871254144,4269.950008719323
-2748.5858304456915,4270.01779475112
-2747.9604380696046,4269.770835142195
-2747.5225191432623,4269.897591137391
-2746.7105932504446,4269.780452109153
-2745.8963209419035,4269.410547087251
-2745.8303237835917,4268.907790401103
-2746.0133116051234,4268.3442577609985
-2745.0704919474547,4267.1639505657095
-2744.948765837035,4268.165201836019
-2744.637243610008,4268.1651126906
-2744.1380917155916,4268.045070900139
-2743.8230240051294,4267.61027217208
-2742.6947389326156,4267.490050507079
-2742.3855631711876,4267.742727494744
-2742.0079232768253,4267.36885792495
-2742.004359982279,4266.996192543055
-2741.755564672869,4266.685301787404
-2741.1287308603705,4266.811006575605
-2740.8148777430247,4266.5032892350855
-2740.562401349887,4265.9396320699
-2740.498851511816,4265.62779678429
-2740.4269966900174,4264.315770265326
-2740.6736529393393,4263.940183887363
-2739.9878970374943,4264.195745849353
-2739.423807652158,4263.948804310758
-2739.297703929436,4263.633958676707
-2739.231639500685,4263.073347273391
-2739.6046747853666,4262.6328599984545
-2737.2742858120773,4259.7732724962925
-2733.8077552803943,4254.793085027481
-2733.179859049676,4254.547123174509
-2732.9297225906853,4254.550044387032
-2732.4919281975576,4254.238102534762
-2732.2348557134924,4253.116844246163
-2731.796990031533,4253.0547750564065
-2731.420563786105,4252.80888493395
-2731.2306352591154,4252.559057952066
-2731.1043631680664,4252.248202368822
-2730.851814123694,4251.936313340076
-2730.6630532617396,4251.686486703119
-2730.473213199922,4251.125840132952
-2729.72365078943,4251.3813846547655
-2729.159542724302,4251.1964879506795
-2728.719464989258,4250.700707178917
-2728.528392187148,4250.075123337126
-2728.9593403751505,4248.947078416448
-2728.647780548122,4249.076963455404
-2727.8334347272735,4248.956832855639
-2725.3373042358226,4249.346742578764
-2724.5230117955025,4249.038684105091
-2724.1464671748754,4248.914688200478
-2723.582393794278,4248.606800622797
-2723.3890385800396,4247.793387815573
-2723.950869799353,4247.479735239787
-2723.5036831526822,4246.16959729471
-2722.062845352321,4245.553733508414
-2720.3740163380335,4245.315451434833
-2718.812746395369,4245.262939497296
-2717.062406946258,4245.459349146052
-2715.4418724477273,4246.158334146686
-2714.5708473376008,4246.789602056725
-2714.2592180899937,4247.165170711206
-2714.076059224574,4248.043513497305
-2713.7669195018752,4248.169309978037
-2713.017392895108,4248.299071620511
-2712.5251906465924,4249.552983875011
-2711.9019066957926,4249.805573022761
-2711.7802188675355,4250.682935742077
-2711.4710258726514,4250.997558196024
-2711.1594846986754,4251.0625068421305
-2710.5640129894605,4250.886380324267
-2709.7241679293074,4251.569627010494
-2709.3476357599075,4251.696402088079
-2709.3296182990257,4251.702381975563
-2708.983893040715,4253.199225969964
-2708.546038914191,4253.391020474748
-2708.1081547535873,4253.393889319781
-2707.4827247317694,4253.272716540741
-2707.358848814127,4253.334626054817
-2706.6730575108445,4253.716074327135
-2706.3615043997506,4253.528257742517
-2705.6688886431066,4252.970462301385
-2704.5474961451987,4253.540713525397
-2704.1722501583363,4253.543600212488
-2703.8607796151714,4253.358576724609
-2703.608247705246,4252.982848695165
-2702.417422253586,4252.803662155048
-2701.668014508168,4252.8094360216855
-2701.665701567148,4252.433778522937
-2701.5985505874733,4251.873167082101
-2701.783903144116,4251.493372966931
-2702.155756158222,4250.804108512907
-2701.591717126164,4250.372233532863
-2701.5895405341635,4249.808647909751
-2701.9554945080154,4248.742627695042
-2703.39521809281,4249.171756976477
-2703.330521774363,4248.484165028519
-2703.328208898303,4248.108507533367
-2703.887656427116,4247.667971670622
-2704.384632622032,4247.227418224723
-2704.9440627597596,4246.848926649114
-2705.1352434543824,4247.097755961056
-2705.5649551318556,4245.908762665341
-2705.000846337398,4245.7236678846
-2705.1179020199047,4244.411794697455
-2704.669804854782,4242.476028146769
-2704.16927742825,4242.790696631774
-2703.6700890456614,4242.793548396644
-2702.729535434007,4242.4236114638
-2702.2281391747138,4241.678041743501
-2700.85657421482,4242.374007111827
-2700.6713235303623,4242.687767059264
-2700.107178667097,4242.629753495479
-2699.919483689693,4242.441772491798
-2699.612498320239,4243.506811872432
-2699.4884677377736,4243.821586567699
-2699.2382130121323,4243.947400085261
-2698.9266716947927,4244.0123491282275
-2697.8008369524523,4243.768144742707
-2696.863833994152,4243.525090822004
-2696.611266188018,4243.275147168808
-2696.4202074405507,4242.591609477516
-2696.480568203136,4242.089088171858
-2696.722663356844,4241.022933207284
-2696.1585886597004,4240.714947497787
-2695.906019889067,4240.4680960988
-2695.653521887909,4239.9694768407135
-2695.334987589475,4239.097077444162
-2696.265292646841,4237.652366814543
-2696.0741289692087,4237.3414934581115
-2695.634001144749,4236.71883276204
-2695.126704628913,4235.596607438529
-2694.9391099488753,4235.347679581926
-2694.7479635723994,4234.97496153385
-2694.5580907412354,4234.225489768864
-2694.5557775482557,4233.849732533718
-2693.7391648300168,4233.4797315566975
-2693.2955383065923,4232.543357640313
-2693.169348374314,4232.231604845106
-2693.0407261440764,4231.670976222023
-2692.724623388991,4231.048350488207
-2692.3457814717844,4230.4876516347595
-2692.591391926511,4229.674362695667
-2693.2782283514593,4229.733407764634
-2692.833539737087,4228.42027950134
-2692.2695168832806,4227.924565374262
-2692.0169656543712,4227.613674872424
-2691.8235404735474,4226.7413107219945
-2692.132988534004,4226.112875614341
-2692.318239512787,4225.7982177645745
-2692.6924895767866,4225.484510711721
-2692.908971199587,4225.336742646311
-2692.1897176871344,4225.176542459134
-2691.995265881147,4223.801639752334
-2691.5596942756206,4224.178171839514
-2691.2481170337833,4224.369005063451
-2690.4928466118713,4223.561420277151
-2689.926405736451,4223.061516135917
-2689.423787057126,4222.503874927232
-2689.171235592922,4222.192984503845
-2689.0427490410266,4221.44462732246
-2689.038034197153,4221.006924950371
-2688.6617075252934,4220.695002341881
-2688.7219001262133,4220.19637119289
-2689.033530088121,4219.81780923857
-2689.24423217193,4219.460166406827
-2688.657132493884,4219.75865198801
-2687.6551187428277,4219.638472205428
-2687.154748065749,4219.391551612972
-2686.8408743333966,4219.1456807847935
-2686.4621323964307,4218.5229379745015
-2685.9606773412825,4218.276017141849
-2685.7081611665926,4217.838345142357
-2685.390705616062,4217.277663761149
-2685.386213647878,4216.341413180907
-2685.507811902065,4215.776765002003
-2685.7522370840593,4215.025519791956
-2684.131682385889,4215.786454518856
-2683.070629194826,4215.91802656972
-2682.5089540164317,4215.672086566362
-2682.5043052429382,4215.295331199788
-2682.3132105427735,4214.734685261855
-2681.8730108990458,4214.361897840081
-2681.3726568683255,4214.053930828833
-2680.61871930665,4213.24634720453
-2680.366150276527,4212.99640399169
-2680.2400427622406,4212.685748639465
-2680.1727234337304,4212.125137336235
-2679.9828634486785,4211.622446286782
-2679.8566064588886,4211.249646930291
-2679.536937254112,4210.251363837812
-2679.408362991834,4209.813626879196
-2679.0332202856375,4209.44075801311
-2678.77833640305,4208.81824961461
-2678.8988188671333,4208.066770127947
-2679.146760732504,4207.564201374666
-2678.201591469063,4206.38390020822
-2677.95599866004,4207.136242521385
-2677.580820640251,4206.889257638027
-2677.1405197561244,4206.5784148783705
-2676.9517384695514,4206.393526265874
-2676.6401790980954,4206.519323259255
-2676.5162152066546,4206.894945480731
-2676.333142445348,4207.773288965577
-2676.086491417822,4207.835164619886
-2675.7100098337933,4207.776107605022
-2675.333497265439,4207.529122435834
-2674.891049149331,4206.842622366667
-2674.76477489718,4206.530770053572
-2674.63866718144,4206.219915280719
-2674.886490047759,4205.844327567904
-2675.2571058211406,4205.403737403556
-2675.6927652059026,4204.713392517025
-2675.8758516485573,4204.084921658138
-2676.372728083258,4203.706410987652
-2677.2460812947666,4203.703662229909
-2677.9989092079136,4204.008507516936
-2678.188971672432,4204.38441690024
-2679.2534423642146,4204.563465373484
-2679.253512154924,4204.313692512788
-2679.186272400373,4204.064898343552
-2679.186359525227,4203.753081268908
-2679.3080097482266,4203.001701868988
-2679.6786567282365,4202.749040038354
-2680.173170871687,4201.870783642115
-2680.335609403134,4201.708037765488
-2680.6713338877967,4201.3663896166645
-2680.9829281487428,4201.116604075745
-2681.730162157211,4200.5472430210975
-2682.1657344483956,4200.170710498513
-2681.9131469509593,4199.985704199252
-2681.9108332248334,4199.6100467424185
-2682.281572003536,4198.73175585151
-2682.6534392165217,4198.292163819523
-2683.02409028839,4197.72778478116
-2683.274298153353,4197.474889903679
-2682.7045261169887,4196.35364531784
-2682.2687997635635,4196.982045389186
-2681.831048978368,4196.797087070117
-2681.7650822998467,4196.1715391851085
-2681.2600819275704,4195.176196734181
-2680.569827620552,4194.803239732058
-2680.2580482305866,4195.117862443689
-2679.7600732981614,4195.246599725502
-2679.1936290157546,4194.750885721287
-2678.3806343045107,4194.25400565419
-2678.130377423178,4194.3839094412515
-2677.6901242579424,4194.198850865642
-2677.4400085709676,4193.823124232483
-2677.7470371036484,4193.197680507362
-2676.3605330981027,4191.51761085139
-2675.675993869614,4191.585249564837
-2673.743893197891,4192.411135828981
-2673.3048393931745,4192.411013452732
-2672.4917386159723,4192.292882903548
-2671.991348861597,4192.107907577809
-2671.675177836149,4191.421343101588
-2671.4226071356247,4191.17449236428
-2670.9824894448698,4190.801505980131
-2670.7914458809837,4190.053131651512
-2671.283829785935,4188.737272941587
-2670.0942335776795,4188.306223161488
-2669.9111963798123,4189.057685323621
-2669.410649526833,4189.4361953055695
-2668.848937419967,4189.316140038375
-2668.6636033747272,4189.629800809689
-2667.85283490476,4189.82149341082
-2667.6002821575194,4189.509606070813
-2667.2215024771085,4189.013845222355
-2666.6550924641087,4188.391250544542
-2666.0284585208838,4188.083249239675
-2665.7817020321636,4188.522876672999
-2665.2245327450028,4189.462961102248
-2665.5383727040994,4189.83581238658
-2665.163159225623,4189.7128166806
-2664.5387213099134,4189.906456572421
-2663.7257082225847,4189.471522215304
-2662.7896409022314,4190.0419294889925
-2662.9832044774857,4190.72845963633
-2662.861454764259,4191.54178367169
-2662.549897998391,4191.356761514618
-2662.676155914266,4191.729560637788
-2662.8717805328015,4193.103565258193
-2662.1860706187254,4193.483121458638
-2660.929338292701,4192.428519733704
-2660.236702192408,4191.617962260332
-2659.984200242987,4191.1222367197315
-2659.9795361428432,4190.496805739203
-2659.9796575641226,4190.05910475064
-2659.6553386866403,4188.373247410523
-2658.97420930078,4189.378334542621
-2658.281555098366,4188.631716670524
-2657.782447047215,4188.635568339736
-2657.473052363286,4189.0751786363435
-2656.6588019883425,4188.890017410639
-2656.4062826206673,4188.456236430209
-2655.648823614533,4187.398880951595
-2655.275772080508,4187.901415663469
-2655.0927738522855,4188.215077341115
-2654.781231030544,4188.280027813586
-2654.154527838543,4188.220802646481
-2654.0849762231696,4187.281541640758
-2652.5167512986145,4186.103963398763
-2652.5191010037197,4186.3537369220985
-2652.3336803289703,4186.9823073139205
-2651.8981428738125,4187.234952248795
-2651.148747962104,4187.1758928557465
-2650.965677165747,4188.0541370495075
-2650.4038617283154,4188.306747152893
-2649.226262708432,4187.920690321815
-2649.1494424157963,4187.627904177302
-2647.9621117460233,4187.445732893716
-2647.4617696341475,4187.387640296596
-2647.0238824788185,4187.3905119315805
-2646.8339188995965,4186.9528582309
-2647.017002990265,4186.3272795801295
-2647.326247543221,4185.825824187197
-2646.516595333486,4186.204250047381
-2646.1378315273387,4185.646545571515
-2645.947850780281,4185.270836354714
-2645.821675529772,4184.898037484213
-2645.009707299958,4184.903798516082
-2644.826621021068,4185.84009705815
-2644.453620971892,4186.157796284554
-2644.1420613769733,4186.283594323401
-2643.704157120442,4186.3483108287965
-2643.0185334062944,4186.416151071905
-2642.7046407024113,4186.23112892302
-2642.142894200322,4186.233966656027
-2641.770942457466,4186.985377315275
-2641.2716848887976,4186.926188092519
-2641.082833689738,4186.991172795168
-2640.331071366373,4186.7451829424535
-2639.7080208093494,4186.748003942216
-2639.705739546727,4186.248357818627
-2639.2597725944515,4185.000168729085
-2638.9505281346346,4185.502721630933
-2638.451150022998,4185.881233541287
-2637.3867775209587,4185.638150419544
-2636.6350513625616,4184.9565545816195
-2636.0164109937014,4186.2103361399695
-2635.768623746638,4186.460040920021
-2635.5183675418007,4186.588848575919
-2634.2672957483414,4186.471598432293
-2634.078614490125,4186.221773742911
-2633.7032852430266,4185.910950831653
-2633.0198570516177,4186.792050476566
-2632.455777062235,4186.484268037674
-2632.514851949671,4185.793718116608
-2632.3840075588137,4185.109200800385
-2631.1341526570272,4185.115840343539
-2630.3846740572453,4185.0566827964685
-2629.882064830455,4184.7488176228335
-2629.4419472779996,4184.064215550784
-2629.3133355842633,4183.753360697878
-2629.311019792289,4183.377703262438
-2628.808244750338,4183.065748361567
-2628.247716423432,4182.883751329631
-2628.117836846463,4182.633942870793
-2627.616464408277,4182.073213044402
-2627.490204989721,4181.700414394121
-2627.3616961329194,4181.0139027905825
-2626.980596710051,4180.452208451602
-2627.161348499184,4179.202196607025
-2627.0941440057304,4178.51470430787
-2627.030526000501,4177.827212998737
-2628.15067134595,4177.257949924298
-2629.0829834184797,4176.691627980934
-2629.143409617286,4175.939133951728
-2629.326375324276,4175.437643373993
-2629.570730731195,4174.624352544507
-2630.191719515833,4173.930964198379
-2630.125851528686,4172.9327524081
-2630.5554886688324,4171.993628479733
-2631.3003719897924,4171.173392761189
-2632.3591496680506,4170.2314490387
-2632.604637253294,4169.852767378657
-2632.9811030353935,4169.975762152886
-2633.60885533022,4170.471589995986
-2635.361480011418,4170.804736106567
-2635.355741372985,4169.834470675876
-2635.660320167035,4168.707484227979
-2635.9106279526113,4168.392743437314
-2636.346130959052,4168.2669791991275
-2636.843093434436,4167.576649435924
-2637.345886925229,4167.823568048765
-2637.6032116510814,4168.076503906536
-2640.025088455724,4166.616238311
-2641.2644502333114,4165.045723643026
-2642.1310821713564,4163.416254223485
-2643.3010096673133,4160.781592531107
-2643.0394281275303,4158.7239865650345
-2642.4058484436523,4156.976100212092
-2641.208232966127,4155.359029734219
-2639.44413477813,4153.368041958623
-2636.4301612588215,4151.135915500379
-2630.974691483261,4147.982730959256
-2627.4662187498357,4146.567919229909
-2621.1544793009875,4146.483200754362
-2614.904143019375,4146.6473782862695
-2610.2152446973396,4146.615178813988
-2606.778493036079,4146.448360711856
-2604.8371374889516,4146.0222020083265
-2603.2757496802456,4146.034745564042
-2603.0147041828436,4145.963653044154
-2602.7162333254046,4146.724062571277
-2601.9100296975557,4147.605131069296
-2601.472208229505,4147.359229441352
-2600.908040663346,4147.362068934274
-2599.5934257241606,4146.8680520714515
-2599.2226091359134,4147.746246311793
-2598.7871378974924,4148.060937881782
-2598.4755768439004,4148.189729888184
-2598.1013942531386,4148.254665228449
-2597.8523550947853,4148.507363120063
-2597.3519949592337,4148.507227617431
-2597.038050264868,4148.198318025046
-2596.471666559204,4147.452836099697
-2596.2828833919543,4147.264856857547
-2596.40454461497,4146.45153200891
-2596.4636987077156,4146.075791485551
-2595.587820457711,4146.143583624166
-2595.339898180169,4146.584110275004
-2594.90212610241,4146.4630953904725
-2594.526910020702,4146.340102447768
-2593.7080545794447,4144.968923262015
-2593.215645034918,4146.410669781214
-2593.0291449118167,4146.724431432369
-2592.717567692036,4146.913173094113
-2592.094430342172,4146.9189896502885
-2591.844141284235,4147.167697381394
-2591.1560469406554,4147.109656737892
-2590.968513963085,4146.924670429132
-2590.5919967956547,4146.677788359649
-2590.214512756393,4146.304922373136
-2589.7094843326877,4145.368536786075
-2589.271662719585,4145.121638218399
-2588.956583167369,4144.998661733965
-2587.2596298444696,4143.571286640066
-2586.8321627805985,4144.825122859556
-2586.519417348163,4145.015959148883
-2586.0838629901555,4145.330651270643
-2585.7723359652064,4145.33355977079
-2585.3970031862978,4145.333458597418
-2585.020552553284,4145.148421487204
-2584.7066067130536,4145.151329368337
-2584.2063293238366,4144.843467230052
-2583.892351492895,4144.655554253089
-2582.892645398322,4144.914035323656
-2583.3350870366535,4145.6596825647175
-2583.402411715323,4146.223185869043
-2583.280702104485,4146.910626946971
-2582.8451649201434,4147.162277509922
-2582.1546684190316,4147.042192652084
-2581.594120425446,4146.922142817222
-2580.470521742804,4147.303581981785
-2580.155442149329,4147.180605779918
-2579.7801591587354,4146.995668938711
-2579.7781441597213,4145.494737011163
-2579.7108344789735,4145.494718907615
-2579.020422223834,4145.060822233997
-2579.0157686735815,4144.376439362544
-2579.015836684658,4144.123574289488
-2579.072689026694,4143.310132044638
-2578.63476570509,4143.4400877099715
-2577.946771418337,4143.318806837565
-2577.5065807931524,4142.885177026729
-2577.504279637969,4142.447475411302
-2577.369946162903,4141.073389358679
-2577.3676457764154,4140.632795010157
-2576.9888431192035,4140.1979847214625
-2576.4837784411516,4139.390476242603
-2576.41793837203,4138.577100788051
-2577.0483928061035,4137.726905300898
-2577.156966005877,4136.571834768173
-2577.278675336971,4135.884293872876
-2577.4593883119223,4135.06799217964
-2577.707376163752,4134.381582466668
-2578.1370273797043,4133.377419550359
-2578.6919074621337,4131.935689078876
-2578.9989820579563,4131.122413876258
-2579.3047234775595,4129.99422902096
-2579.5504102963446,4129.1810370732865
-2579.5457914709978,4128.367678072344
-2579.2284268519556,4127.744956096914
-2578.156992407223,4126.438647311212
-2576.841155437037,4125.511022000976
-2576.4601848172156,4124.450681788736
-2576.643199526137,4123.760264630309
-2577.1355064699633,4122.695271295679
-2577.6950060137183,4122.066899780055
-2578.6122253187223,4119.943777851743
-2578.5556941253694,4119.872740982551
-2578.492005081901,4119.435022877975
-2577.984671718082,4118.375745902896
-2577.795954761836,4117.937994202522
-2578.0416418042087,4117.124602731778
-2578.1597319942284,4116.24933226656
-2578.2199194627296,4115.750800242716
-2578.155163571933,4115.248045161452
-2578.150510470292,4114.561667327911
-2578.0219799862048,4113.939095909863
-2577.893333042649,4113.4394158934
-2577.763735415179,4112.752904739927
-2577.826292318899,4112.43811200486
-2577.6977120708893,4112.000476221882
-2577.5042739175115,4111.129012269648
-2577.5019222379,4110.8792387928215
-2577.74996228221,4110.001010759343
-2578.120626591279,4109.687298331185
-2578.592096677507,4109.8103164924705
-2577.9897122611865,4108.624132565994
-2577.983875118898,4107.998501889834
-2577.9815903314943,4107.4999530883715
-2577.9770385300963,4106.436721533087
-2577.907561458863,4105.500453700543
-2577.970335726859,4104.9978326534665
-2577.8416886895575,4104.498052887552
-2577.5219711603404,4103.6267545137
-2577.39344129273,4103.001190623849
-2577.0737074455833,4101.879919915432
-2576.9475458681227,4101.442185049074
-2576.7553595944314,4100.566831233997
-2575.964103227544,4099.204638524747
-2575.3722924147964,4099.328368539145
-2575.1220355501328,4099.454185264366
-2574.808239522954,4098.893608378781
-2574.743349466708,4098.578781425627
-2574.7410975056596,4098.267961263315
-2574.923995103803,4097.704425477917
-2574.9831322987,4097.079011755708
-2575.222932939604,4095.5132079054256
-2575.7848186823526,4095.0117183544507
-2576.0327909878547,4094.697075161557
-2575.0261765318783,4093.6406567874646
-2574.7110450094992,4093.3935923484332
-2574.3995171163356,4093.3935087336977
-2574.1446233377196,4092.7710032156997
-2574.1423721686547,4092.4571905729576
-2574.1424730127424,4092.0815338513607
-2574.013908977211,4091.581853925291
-2573.818135714878,4090.3956796597768
-2574.003467768243,4090.0850095864384
-2574.750503451517,4089.641524147101
-2575.0657684555467,4089.702555744723
-2575.564848080553,4089.823586173815
-2575.7536998549344,4090.0724122280976
-2575.501242111256,4089.38586813184
-2575.560211748755,4089.0740669201405
-2575.619399162609,4088.5725421480183
-2575.921756040626,4086.6960353298696
-2575.980842936198,4086.258350242184
-2576.1639592752663,4085.1921766375067
-2576.08986272772,4083.4425498961205
-2575.956728841367,4082.256392428791
-2575.696148926202,4080.444771159662
-2575.5004089160702,4079.134707971341
-2575.181976439251,4077.8225171061094
-2574.7359960055933,4076.5744309669894
-2574.2936183659826,4075.5760189002262
-2573.851172772089,4074.8304719011358
-2571.9005611971716,4072.781492281604
-2571.895908759886,4072.0909250173063
-2572.5738309130734,4069.6689886511335
-2572.3166232292397,4068.9634909786237
-2572.0617954587674,4068.0920107288953
-2571.9330805610443,4067.84220338671
-2571.869541261227,4067.154712572488
-2572.025988831747,4066.939894026985
-2571.112080520126,4066.033324768037
-2570.476145180336,4064.600252304274
-2569.592337428393,4063.106066763761
-2569.214799720957,4062.2956004390485
-2568.581249496964,4060.986417669022
-2567.6280298436754,4058.3051943084697
-2566.675960748637,4055.9977328618033
-2566.1663376222955,4054.4387108446476
-2565.401919691473,4052.1922467053364
-2564.639703213443,4050.1335118328007
-2564.3223349764667,4049.51098991387
-2563.6923030063804,4048.451581255794
-2562.8131800777414,4047.8319017540807
-2561.6826976404905,4046.7773470029865
-2561.425566357534,4045.468265264052
-2561.111634614046,4045.40623698449
-2560.9228649902734,4045.1574112558956
-2560.5453095588364,4044.4078922539106
-2559.7900298713316,4043.8530832902
-2559.4761316817917,4043.6650714142997
-2559.2872951299873,4043.3542014975137
-2559.0951388715525,4042.3559566951444
-2559.4634200280066,4041.603544514325
-2558.587783046023,4041.357528068125
-2557.8429627917294,4041.92689923641
-2557.1502231446398,4041.4311588738196
-2556.961486375772,4041.05844432466
-2556.8955443378436,4040.3059163065327
-2556.5780753457043,4039.7453390879814
-2556.1379294088556,4039.1225852275174
-2556.135710359037,4038.6859809544007
-2556.3799967103705,4038.1214637245885
-2557.1943961531815,4038.1156958328
-2556.5017220525497,4037.3729757125943
-2555.623782410571,4036.689258002328
-2555.497568913387,4036.439451553009
-2555.432676972159,4036.1277169927753
-2555.552084328963,4035.0005791460826
-2555.6088018319915,4034.3750649657914
-2554.9832883979466,4034.1930549471667
-2554.5419405639104,4033.69728199456
-2553.8493332450957,4032.7017967881156
-2553.659429260516,4032.3260895080557
-2552.9019458847765,4030.9580226183148
-2552.3308479780894,4029.709704812376
-2551.8281450318113,4029.0871340129565
-2551.5119103308734,4028.5873047612663
-2551.25722990264,4027.777869367189
-2551.2415762616097,4027.6759211848307
-2546.6622009970533,4022.0549157524215
-2541.6966666305357,4017.2751974682196
-2534.287972713421,4012.0072603164326
-2527.5303009579047,4006.0040472132637
-2527.1922010209546,4006.175826565152
-2526.818163883095,4006.3026094149377
-2526.3803008702516,4006.1825951550286
-2525.816174498621,4005.9976107303846
-2525.4373478539574,4005.624747018513
-2525.1211767879536,4004.8751458673573
-2525.0538800416994,4004.1887516805473
-2524.11237570942,4003.1961956360788
-2523.4242708890547,4003.137162373955
-2522.9864248009685,4002.9521115816997
-2522.6713560478547,4002.767093105133
-2521.9845354251624,4002.5821763831336
-2521.607945132076,4002.5850698613094
-2521.296413499495,4002.5879804619494
-2520.7323354200153,4002.2180607313812
-2520.3558946981116,4001.9691865029786
-2520.033832406883,4000.7830800620063
-2519.9702225128076,4000.3483549370417
-2519.4038574614015,3999.4757968381123
-2519.277543573443,3999.6026450562285
-2519.0319734982877,3999.9783370175137
-2517.9060068458143,4000.109910260738
-2517.718419200614,3999.799141259704
-2517.2782033104722,3999.426261755104
-2517.025740022144,3999.053531291563
-2516.834498597508,3998.6808168976454
-2516.771022067332,3998.055171240848
-2516.330724497281,3997.9931112735967
-2515.830304552925,3997.8730810868415
-2515.078640109707,3997.5031124937946
-2514.5145784911388,3997.0683559508284
-2514.133331055352,3996.381779806843
-2513.064324367782,3994.9515902877224
-2512.306801801541,3994.0181353346957
-2512.051950613016,3993.2076037292813
-2510.609875781615,3992.3408018417886
-2510.2333010279594,3992.28284856289
-2509.5453117376023,3992.0977329360744
-2509.046159494263,3991.912866243842
-2508.6673640902513,3991.4160145551677
-2506.863741327408,3992.990388458238
-2507.242536269758,3993.4891353192766
-2507.558709119699,3994.23873586849
-2507.561014605202,3994.672247890642
-2507.1881120676903,3994.9250154576534
-2507.251670512421,3995.239841555489
-2507.3803230120566,3995.738423293909
-2507.447421845207,3996.5488059479717
-2507.386050424788,3996.801654942004
-2507.0767565756983,3997.177330549404
-2506.702619245877,3997.368053605836
-2505.5824277276342,3998.0612196107863
-2505.082109218497,3998.190962811754
-2504.6442466059216,3998.066959569799
-2504.141456719736,3997.759101021115
-2503.9515824611813,3997.259406100454
-2503.9516635966097,3996.948686362774
-2503.4511623213743,3997.1393765602365
-2503.137277667743,3996.8894220939374
-2502.7584154111637,3996.328730923409
-2502.253387954232,3995.6452151903327
-2502.002173057044,3994.960668447592
-2501.9963146928385,3994.3970821265107
-2502.241947880725,3993.4579047048464
-2502.4922396894763,3993.2051049644783
-2502.8628388001757,3992.8294452066516
-2503.42466179683,3992.57682653279
-2504.047807108487,3992.259286957938
-2504.5482924805874,3992.1305412381216
-2503.98414820522,3992.009298041494
-2503.6691444057383,3991.572711914258
-2503.350584398016,3990.7002194598526
-2503.0332261458284,3990.0166529276044
-2502.843185637806,3989.5139655065514
-2502.5954442252123,3989.5819300429926
-2502.096194521008,3989.7695283964254
-2501.719603740509,3989.77242265514
-2501.8482234462417,3990.3980851985516
-2501.2249123125976,3990.7116348884833
-2499.9160975106925,3991.2229089914413
-2499.2280083744236,3991.0998382782536
-2498.9755258774276,3990.4772357405336
-2498.7856342674936,3990.042577608281
-2498.9686456687023,3989.353156595164
-2498.592203382801,3989.1061784730273
-2498.1497158911466,3988.483526463894
-2498.021176849648,3987.5471442423996
-2498.450909675657,3986.5430777443557
-2499.198000519381,3986.2254703926433
-2499.5744752219584,3986.3484598959685
-2500.138604022584,3986.530550037338
-2500.200041021046,3986.345630443685
-2500.5764672203986,3986.6545530778735
-2500.8858103879647,3986.0900514391033
-2501.133699400331,3985.7763040821856
-2501.195118949298,3985.338619202136
-2501.192749053398,3985.1508899925097
-2500.437527198529,3984.3432207326427
-2500.186131020135,3984.0324354491095
-2500.057594508816,3983.40687270588
-2499.74262259597,3982.846198318208
-2499.4878367586794,3982.099706268471
-2499.2329849140187,3981.286282284209
-2499.047686608854,3981.7887720851104
-2498.488033377492,3982.355203570771
-2497.8673072011875,3982.669851390137
-2497.1769624069443,3982.237955729029
-2496.9220125538363,3981.8001884679456
-2496.7321351078704,3980.9897739466583
-2495.417393945353,3980.8725253906473
-2495.103489073201,3980.376888124897
-2494.787365937594,3979.751276664518
-2494.717780581086,3978.8758567896148
-2494.776845738457,3978.18939595917
-2495.153420346161,3978.2504408631526
-2495.4001746726703,3977.809811677344
-2495.145240450487,3977.3111972693155
-2494.705070736168,3976.7534829710303
-2493.8340196112217,3977.4467151258923
-2493.086829001708,3977.8252698219703
-2492.5250864377267,3977.7661718738636
-2492.1498943794895,3977.5202915710943
-2491.7710333787986,3977.2703206025194
-2491.5209039899505,3976.8974916802877
-2491.392334074256,3976.397912697654
-2491.201223436908,3975.8372707671433
-2491.006556464629,3974.8390267788654
-2489.6919119737736,3974.345922852813
-2489.514647209528,3976.033638695175
-2488.8265073214006,3976.1013895474744
-2487.9508946770825,3975.731490684508
-2487.1342491759087,3975.0507876913775
-2486.5052929558196,3974.616015985215
-2486.439309174047,3973.679650148802
-2486.871462303189,3972.989296013268
-2486.487954508313,3971.680183666044
-2485.7432520316324,3972.4343962594685
-2485.4315533796066,3972.4343154913286
-2485.055177441824,3972.249282371573
-2484.4910961540254,3971.8794645408775
-2484.1134668699565,3971.3808186460524
-2484.048639550926,3971.130929315953
-2483.2944668362197,3970.449245340278
-2482.7303532983606,3970.2033165011712
-2481.848879540604,3969.2728243925885
-2481.720374459223,3968.520380536116
-2481.7771353979906,3967.7099303920727
-2482.212692971473,3967.078528897667
-2480.8319833362793,3966.277781583807
-2480.329291242834,3965.904887642985
-2479.8891043555473,3965.408220734548
-2479.76053344706,3964.9095396587645
-2479.6969222730086,3964.4718223336135
-2479.4490659613875,3964.659686354408
-2479.0088144260712,3964.4126925121536
-2478.5060547340922,3963.97795395148
-2478.1296434566266,3963.605092751038
-2477.9374286109087,3962.7946780223733
-2477.870195613986,3962.170128931457
-2477.9919325652236,3961.3567030754944
-2477.2344010451716,3960.1115336947373
-2476.546343504742,3960.179285450048
-2476.0447194804137,3959.867438716571
-2475.7922186637547,3959.3067812611484
-2475.7227625465794,3958.2465257297285
-2475.7204086900056,3957.9947573434297
-2475.160970762285,3958.373262129352
-2474.6592970973197,3958.253233782266
-2474.4069797307525,3957.627639474001
-2474.152140314581,3956.755264226551
-2473.96097981869,3956.3824509781284
-2474.211223359675,3956.317578589616
-2473.270597858255,3955.7597362208967
-2472.3277328967765,3954.8291294288238
-2471.699925661245,3954.459295933475
-2471.1358919853524,3953.898658087842
-2470.1303255147586,3953.528627635471
-2470.0666940038577,3952.8440303257466
-2469.9358353108473,3952.1576202199226
-2469.8096184666506,3951.9078149349384
-2469.494560345976,3951.3471415460617
-2469.1192675802445,3951.1621093312187
-2468.9752525406784,3950.064927350991
-2468.6732514902037,3949.9759728078643
-2468.1716617623224,3949.8518550833196
-2467.9215814727554,3949.606007938593
-2467.540524329989,3948.483727864379
-2465.9072615286923,3947.307261088603
-2465.340824181406,3946.684578774278
-2465.588777268899,3946.121057744689
-2465.7091823123683,3945.618450895028
-2465.4566481477154,3945.183677597729
-2465.390582179229,3944.5582311695334
-2465.6374159222128,3943.806781776197
-2465.7590713655377,3943.30716773395
-2465.1926661085795,3942.5587012991136
-2464.319339217037,3942.691343247878
-2463.6926511412485,3942.506246674139
-2463.3138039252126,3942.194332402219
-2463.0625337500605,3941.3840025800023
-2461.9887913322223,3939.827834021228
-2461.3030678794826,3939.895687216592
-2460.7389519775866,3939.649759682332
-2460.4864018205344,3939.2758337269543
-2460.231464769255,3938.777220270255
-2459.731157003893,3938.5302119183693
-2459.29571262322,3938.7210208370325
-2458.9203707219835,3938.7249145979404
-2458.6029919282023,3938.1023962785225
-2458.6631753762294,3937.599674162352
-2458.7836116740987,3936.9741758406676
-2458.90528324192,3936.410622277878
-2458.531161137507,3936.5364102715694
-2457.8443337669123,3936.3544906445954
-2457.217660769805,3936.108447546919
-2456.586361388659,3935.36285774705
-2456.1392513232263,3933.5541848427256
-2455.6990977943383,3933.2422551709215
-2455.3840569165573,3932.9343475348132
-2454.394805044799,3934.314029111047
-2453.8943848646486,3934.504821649329
-2453.5827673735985,3934.508731920637
-2452.957377970975,3934.1349102993768
-2452.704794631413,3933.8889631672373
-2452.4545516589,3933.949846136788
-2451.3286573556657,3933.771704967408
-2450.8861288576513,3932.961127101927
-2450.94531019725,3932.4615966677975
-2451.1282516834553,3931.710230338221
-2449.6247091615296,3931.093194772719
-2449.3155460941566,3931.2840363920136
-2448.8128351240916,3930.973088564877
-2448.6819386851485,3930.100745670896
-2448.8649162409642,3929.534215151824
-2440.4230801975928,3923.283854099504
-2440.2667530045032,3923.0280565807006
-2439.5763855777946,3922.6580097911765
-2439.262464519633,3922.5350385635634
-2438.6983950631666,3922.1002865282358
-2438.6335305774596,3921.662569184056
-2438.75273013872,3920.9761233547356
-2437.738107419844,3918.4798334631023
-2437.3640161299836,3918.4827308863382
-2436.6076114548214,3917.364346711021
-2436.5427990310213,3917.049520791121
-2436.414189510985,3916.363111750368
-2436.2230112584325,3916.05124623004
-2435.721481762495,3915.6813474365626
-2435.46672163081,3914.8069782946945
-2435.9613281272436,3913.863772776433
-2436.773381887129,3913.611213775236
-2435.701904089823,3912.304921319778
-2435.453983097312,3912.745551700696
-2435.206095134007,3913.0562084886806
-2434.70685746495,3913.1859556214854
-2434.2689898097237,3913.0629531001155
-2433.890219336296,3912.440320301801
-2433.5114168453792,3911.943671138063
-2433.385198266449,3911.6948638406125
-2432.694793978729,3911.137088974824
-2432.0078855216843,3911.265791156396
-2431.1937016738375,3910.707985010789
-2431.1287891589504,3910.4580960390767
-2430.7500026790085,3909.897407807657
-2430.309909525223,3909.3396965480556
-2429.9959209392828,3909.151888425005
-2429.4318495332677,3908.720029677405
-2428.802870680476,3908.3471064810383
-2428.4734841393274,3907.370874400759
-2428.298980900288,3907.413722511114
-2427.7372181424394,3907.416572800661
-2427.1731151731037,3907.1086030713122
-2426.8580259717705,3906.984634457004
-2426.792024947026,3906.4211327872654
-2426.6681411092018,3906.1742214143255
-2426.336515433184,3904.4864755964804
-2425.6011621705434,3905.8692168017856
-2425.289660010518,3905.743254160088
-2425.037075440132,3905.496410018994
-2424.723248669461,3904.997583143304
-2424.590025793504,3903.749583381342
-2424.2750625358735,3903.126867345389
-2424.520564364176,3902.6863358166574
-2424.144168829442,3902.563349297127
-2423.7699616897507,3902.692131102801
-2423.458427600553,3902.6920523907465
-2422.6452319223886,3902.5100036206354
-2422.3950347743134,3902.3870490434447
-2422.0161843765436,3902.076133912305
-2421.434102819379,3901.6163412267188
-2421.264441005763,3901.6443280142025
-2420.0123391517927,3901.1544414654823
-2419.9475260735594,3900.839615666728
-2419.7494688316247,3899.027815405444
-2418.7450411692344,3898.411110130036
-2418.623439286262,3899.03650888027
-2417.750140765164,3899.0434706927817
-2416.436524176825,3899.0491246561064
-2415.122969779621,3898.8077990409106
-2414.4372754219053,3898.74977170945
-2413.683212357467,3898.252929142526
-2413.426009610188,3897.131679971678
-2411.98495345148,3896.7646383259344
-2410.7304951724363,3896.021887402394
-2409.357859743565,3896.218348315703
-2408.917781029977,3895.5957011143273
-2408.8528675584653,3895.346909548947
-2408.9118801221407,3894.8473788400483
-2408.595748573557,3894.2216705499327
-2408.2193155052464,3893.9138488088765
-2408.1532926401733,3893.100474761507
-2407.088766797106,3892.9833011509745
-2405.906143246241,3893.490529952053
-2405.0350391188235,3894.0579859486147
-2404.658558829638,3893.9379926575884
-2403.0925021223134,3893.44693237734
-2402.650014743878,3892.4485284777875
-2401.711724408488,3892.516322670243
-2401.3978637268324,3892.146372926081
-2400.836084538636,3892.211268984987
-2400.398147617904,3892.026223799034
-2400.08191570351,3891.465652196877
-2399.757572499012,3889.6539205258287
-2398.444130498804,3889.2899053314864
-2398.3838311150967,3889.6006099651245
-2397.9483385166486,3889.9802474554926
-2397.6366891246544,3890.1060534336957
-2397.261361081179,3890.0470076692013
-2397.0089427157004,3889.798069572528
-2396.8826714490224,3889.421383885131
-2396.3822443414047,3889.301359950506
-2395.8828918448125,3889.5540004666527
-2395.3824857462487,3889.6837493494863
-2394.509124545913,3889.93839128374
-2394.007576597277,3889.630538871837
-2393.6311225827685,3889.0698527060454
-2393.5026143640803,3888.6321198083397
-2393.1851307897196,3888.071548124367
-2392.9975992528894,3887.5109091197264
-2393.1192523696363,3887.0083017145835
-2393.2396381593985,3886.5706309187685
-2392.366245563929,3886.950159419442
-2391.488164898,3886.395333220256
-2390.985559065144,3885.645789892441
-2390.6079053569806,3885.211984921277
-2390.4191284013637,3884.962165114673
-2390.3496468357102,3883.9639545100877
-2390.469052130794,3882.7747706709392
-2390.6724166677122,3882.3920824980996
-2389.9697771388783,3882.7156943068976
-2389.5307236052035,3882.6576304615337
-2389.0290458912245,3882.5336166171696
-2388.585456052391,3881.6001500380476
-2388.2715797504743,3881.2894519286974
-2387.2696044962063,3880.8574866625195
-2386.082381532942,3880.740284852785
-2385.520617214092,3880.743137615385
-2384.8915973717353,3880.1853814776027
-2384.636701077078,3879.5007372646223
-2384.0725178099565,3879.5035895120345
-2383.5757453712336,3879.442618860916
-2383.0092045475453,3879.198690318104
-2382.2598306114214,3878.951624160459
-2381.6330739852347,3879.0193979412
-2381.3146549282133,3877.5194853451403
-2380.997237836752,3877.0227537729015
-2381.4305186983797,3876.1445669502023
-2380.6161835138005,3875.836537846601
-2380.116960741205,3875.901450644457
-2379.2400362875355,3875.7222824900996
-2378.4268221288457,3875.602181917239
-2378.0458661951116,3874.354021680693
-2377.7909080167133,3873.9163574064864
-2377.538367978023,3873.481586478538
-2377.3472486163723,3872.9209469021303
-2377.468932318553,3872.2924554404676
-2376.033820093718,3872.489903125438
-2375.593576983172,3872.18106937624
-2375.3410214184655,3871.8083426864
-2375.0908847476535,3871.435516860706
-2373.896766513121,3870.1901479757353
-2373.57926511936,3869.694513879832
-2373.265335988521,3869.256735388583
-2373.136810467788,3868.8840394505773
-2372.698955351448,3868.698995556519
-2371.2614486095135,3868.458842299326
-2371.0702672701846,3868.1469780936277
-2370.817742556991,3867.6483676617445
-2370.063766891497,3866.77886443289
-2369.371066641657,3866.033165533055
-2368.4304725706347,3865.287505219387
-2368.2320985841097,3865.0536434125183
-2367.0137319293312,3864.380831550899
-2366.1249827802753,3863.4413709770606
-2366.0941140574587,3861.441884610537
-2365.2029572527063,3860.4554415190128
-2364.688396878551,3859.463006617376
-2364.4950276177583,3858.2128982081517
-2364.4085496256544,3857.4634588871554
-2363.27190708797,3856.856602080491
-2362.9558100010013,3855.735339823384
-2363.3134284178827,3854.5553913328617
-2363.6721199662575,3853.4212281393707
-2363.841868894658,3853.042620870484
-2363.2057054676075,3852.3519980865444
-2362.641746878987,3851.4364580052716
-2362.54696785555,3850.18547618434
-2362.4834886612225,3849.1871675567786
-2361.9629718430883,3847.991940623637
-2361.6334270742223,3847.6221878420215
-2361.1957390526686,3846.753660953316
-2360.729318050107,3845.708370903089
-2360.340925090788,3844.839955936348
-2360.2062758569296,3844.266363188884
-2360.513347981003,3843.086302428725
-2360.76130422197,3842.834595712832
-2359.542946212797,3841.7740585279557
-2359.2773946107163,3840.6528088505174
-2358.760259120959,3839.6104989169967
-2358.244446286586,3838.6161688479174
-2356.851771193706,3837.5125971226744
-2352.199127266137,3835.9586546829855
-2345.6782382818487,3834.853928208335
-2342.1163541650753,3834.2824907520903
-2338.4729325857998,3833.2133845023677
-2333.880168839495,3832.357811784208
-2329.8709226179103,3831.9203333630044
-2328.1217780540233,3832.0707299262
-2327.5732410877245,3832.2054581292577
-2327.9543884067875,3832.6992108833774
-2328.3919966898225,3833.567636461522
-2328.407434678484,3834.5688259116746
-2328.1185872336523,3835.2503441228982
-2327.8115964633503,3836.4542460562934
-2328.0195531980557,3837.0769328838805
-2327.664356611814,3838.259975478629
-2327.431820989033,3839.5878841236813
-2327.571224896325,3840.512196793992
-2326.7743506239217,3842.474574850635
-2326.616462246702,3843.478714754414
-2326.381657847488,3844.532810509519
-2325.9471510404487,3845.6658594488526
-2325.5497892106287,3847.373574281908
-2325.111661075596,3848.3067243884348
-2324.5796303182206,3849.5146616281654
-2323.6399038292047,3850.330883604327
-2322.4777048253045,3851.2239586674627
-2320.771956636132,3850.948636208853
-2320.112523947926,3851.9597371235445
-2318.7470012939784,3852.732864567953
-2317.42480661925,3853.003364939879
-2316.9173768381884,3852.51057958737
-2315.1729184693845,3852.9597293969755
-2313.4984415533,3853.061269388662
-2312.537457319635,3852.450570732505
-2312.280109217809,3851.877946564427
-2310.4817071591438,3852.234217440379
-2309.474900833159,3851.7472971805573
-2308.8339026791655,3850.6810202211154
-2308.5032538431724,3850.385083627378
-2306.079240720495,3850.548488755468
-2304.8222746265233,3850.11647082546
-2303.696302948549,3850.208069641484
-2302.936169212011,3849.595425191439
-2302.6042033360845,3849.2256738553433
-2301.846560019876,3848.6619073508496
-2299.840051811002,3848.3155945601475
-2298.4003517309534,3847.461992277508
-2297.8952260187352,3847.0949926087806
-2295.767128317696,3847.002713514815
-2294.309291177967,3846.65054823761
-2293.4228859726386,3845.987800105381
-2292.797339749258,3845.8707441518645
-2291.2972609353637,3846.018314225457
-2289.914010027207,3845.590357821191
-2288.5330887853415,3845.186242296719
-2287.481721080671,3845.1271393209126
-2286.3462525765085,3844.467324930408
-2285.890409569774,3844.1504118878493
-2285.390031404039,3844.1592701124555
-2283.460545255857,3844.0109818571013
-2281.4588130230895,3843.9175390281575
-2280.6986481757012,3843.4276879761032
-2279.8723206371997,3843.366644350653
-2278.6152806557952,3842.8856528391498
-2277.1826619585518,3842.4076122958486
-2276.1084037588657,3842.4993263700117
-2274.6686891111985,3841.6946049137105
-2274.084214898023,3841.07891218018
-2272.574608312877,3840.600953823548
-2271.2575771812444,3839.49441996368
-2270.923399312479,3838.9488108411474
-2270.9234168397147,3838.874796718766
-2268.7413380992857,3838.483661354202
-2266.850497216055,3837.5118537281965
-2266.590822322789,3836.889255750629
-2265.2603918939426,3836.711187878194
-2263.6127086379142,3835.3088197372385
-2262.963398506993,3833.739806448416
-2261.533149141191,3833.4627640434783
-2260.9510628025714,3832.972956548782
-2259.813291091107,3832.1623235329753
-2259.0037275963496,3831.748371939182
-2257.500261257749,3831.3972987685984
-2256.110923031679,3830.592591961235
-2255.099397927358,3829.9329101914
-2254.529134389722,3830.241500836149
-2253.8988903252816,3829.877566316351
-2252.0020998128334,3828.6540922582726
-2251.950426187696,3828.481214249043
-2249.4411318680764,3828.067961832182
-2248.4884771468633,3827.83392566085
-2247.728338401983,3827.2200886140263
-2247.1620498328043,3826.2277477058537
-2246.674645189834,3827.1089203330225
-2245.801225961069,3827.2477666073214
-2244.799246253977,3827.139603123077
-2244.0907924436474,3826.649767086245
-2243.034637251964,3826.3657327500523
-2242.664087244067,3826.547489440213
-2241.465839149498,3826.8150367673447
-2240.412073847721,3826.6548921554986
-2239.3295962176603,3826.2199310963724
-2237.825932096966,3825.994744828254
-2236.0708699621637,3825.7695001898574
-2235.3913008777618,3825.528546516271
-2234.5695780065757,3825.744212976358
-2232.93142386587,3824.943441558303
-2232.1349635616507,3825.2049988691742
-2231.431270914191,3825.0410464772235
-2230.7433391369955,3824.1754598500493
-2230.1517753687203,3823.183114072481
-2229.011991796784,3825.629006028522
-2228.700279643604,3826.3843365339117
-2228.5424096422153,3827.711367146446
-2227.871854325959,3829.600766089585
-2227.460188165953,3830.480959788317
-2226.857188506735,3832.040702416206
-2226.1665724529284,3832.6780411458462
-2225.550525709977,3833.3124047444617
-2226.0063596377554,3833.679289413187
-2224.5780930389333,3835.2776432666146
-2224.2182134347113,3836.207823622502
-2223.9316331348537,3837.2161248447137
-2222.99546640102,3838.1800864920265
-2222.470622611472,3839.7418425084506
-2221.7799909374085,3840.4502032009095
-2220.045018368519,3841.7287895742083
-2219.1377552361573,3842.8676191594477
-2217.900900943197,3843.8136565959494
-2216.788006949537,3844.7037633623445
-2215.6797913136784,3845.923643190692
-2213.948424936941,3847.125324640809
-2212.359562444993,3846.3485079690063
-2211.9218610542093,3845.4790901522165
-2212.287776180592,3844.773746077733
-2211.640913584577,3843.4085250367525
-2211.7469495188784,3842.228512925664
-2212.367817759657,3842.019780645844
-2211.350317176788,3840.8603571197373
-2211.0007027656816,3839.239546692984
-2211.6238347756953,3838.980840392957
-2211.353474777488,3837.6569027342434
-2212.08041949501,3836.0940954759344
-2212.008586769724,3834.720229093535
-2211.926876581614,3834.221562515317
-2212.031790564825,3832.843647160194
-2211.8890307330425,3831.5935535497833
-2212.8707794688894,3830.453643239076
-2213.6072731985896,3829.4425527686876
-2213.9601003611233,3827.985693057455
-2214.7675227027125,3826.845742713574
-2215.936884468715,3826.328412635858
-2216.302765762413,3825.7738899718443
-2216.4811945270094,3824.2671153193114
-2216.9662351509846,3823.1371653721903
-2217.576334918101,3822.249934889612
-2214.2560023528786,3822.7267684614367
-2213.588269858207,3823.238329261018
-2212.472940521636,3823.8295864593365
-2211.3928219090512,3823.6473943132733
-2210.638611293226,3823.3575479407446
-2210.399079499408,3823.985914563113
-2209.3500533072684,3824.2505078045633
-2208.352657332348,3824.518005779647
-2207.6597354364176,3825.0295611941942
-2207.1182870332896,3825.5379595287286
-2206.1679641621117,3825.6766919679776
-2205.1295164328253,3826.3689141920026
-2204.2609445464736,3826.831352725416
-2202.7561007000572,3826.6551486847748
-2202.137581733247,3827.1636293527395
-2201.0046329072316,3826.7566906333514
-2199.8063195760556,3826.9502290300097
-2198.628677740572,3826.8420300857347
-2197.874467025311,3826.5520849610507
-2196.743830752823,3826.2440987770583
-2195.4062667389003,3825.5163194920815
-2194.149370090966,3825.10925347322
-2192.8899332798815,3824.5024885464795
-2191.882033044553,3824.018672640104
-2191.117127224181,3823.07815940339
-2190.681850295494,3822.536420223285
-2190.1623398324778,3821.2173140310774
-2190.3072635004214,3819.2148760176933
-2191.289152111962,3817.8221983273156
-2191.7141493623267,3816.2635100757548
-2192.953299897956,3815.4933281843805
-2194.6871049661463,3814.21862692603
-2195.67498619011,3813.25168190377
-2195.8268586957424,3811.8706849311097
-2196.316661406339,3811.063424663464
-2196.242436188545,3809.56357428854
-2194.473168551028,3808.34004109491
-2193.1285435038744,3807.109722583258
-2191.8221587856397,3806.8045895514
-2190.2273127357635,3805.5292272607303
-2189.168880651161,3804.971385989219
-2188.9139349830625,3804.798461937526
-2188.586789795486,3804.4775929240054
-2188.156114663961,3804.2347044119324
-2186.8139447534536,3803.2051830868613
-2185.8746539105273,3802.141739163392
-2185.4932740688864,3801.898862004713
-2184.9774528529747,3800.8535693222543
-2184.4700016673305,3800.4127604961864
-2184.218998061172,3798.3122782963187
-2183.744949918556,3798.7987483882084
-2182.7417274265763,3798.6377238766127
-2182.0514706854037,3797.698225882488
-2181.8252669209155,3797.6762295415583
-2180.4238361916555,3797.5470345449053
-2179.6637740797987,3796.9333026883724
-2179.2931239008394,3797.1890759223033
-2178.0456618474277,3797.4565202310437
-2176.847439832717,3797.6010845055575
-2176.0932148159263,3797.361115601352
-2175.4748614939517,3797.872690236604
-2174.6784005130385,3798.13425230843
-2173.2205689266307,3797.705198608825
-2171.4090323006767,3797.1072889239686
-2170.147282949351,3796.3765378714725
-2169.193383754115,3796.0905398240975
-2168.137295322738,3795.855490765332
-2167.1821498084396,3795.5475477477216
-2166.302808438833,3795.309546339649
-2166.0021246065926,3795.2633941736894
-2166.0174961753114,3796.2646830352887
-2166.0787058135543,3797.06319153781
-2165.7874612136447,3797.694540056811
-2165.5479316968417,3798.3230075192196
-2165.3083737562174,3799.0774585987247
-2164.744054335506,3799.662860746304
-2164.1195864868387,3799.9214700211564
-2163.2028914015223,3800.361956514365
-2161.9975647006936,3800.2048785738248
-2160.503418338811,3800.6541128978647
-2159.194735785065,3800.173225188291
-2158.112068026993,3799.812187637356
-2156.938008367043,3799.706987113634
-2156.6025878361875,3799.0884648492483
-2155.593432615427,3798.6016600049343
-2154.840457867142,3798.363588295156
-2153.9057878767208,3797.8768003609944
-2153.529311915422,3797.7067427037173
-2153.0170056392835,3796.9642919877183
-2152.8137898763425,3796.71846363729
-2151.499073505113,3795.987703151703
-2150.248026236939,3795.8794936909935
-2149.7428921273577,3795.5126015967553
-2149.281021163284,3794.8929540139634
-2148.7301386878717,3794.7019100763105
-2147.9676663601845,3794.0393029434454
-2147.380790607535,3793.296835842266
-2147.0895643434246,3793.851278067509
-2145.9636157286777,3793.817011538248
-2145.0026146692767,3793.207327213341
-2143.693863450607,3792.6524274899243
-2143.1069701179363,3791.986767753325
-2142.8497048545796,3791.3641737129237
-2142.7955439305397,3791.1143888908523
-2143.2000480481893,3789.783422061826
-2143.3216334605513,3789.5306840200365
-2142.803404364723,3788.4124762111646
-2142.9924527243693,3787.485147435541
-2143.659005225872,3787.022658233657
-2144.0225205578035,3786.2193570889003
-2143.517263859416,3786.024333669044
-2142.6498755267617,3786.412963396547
-2142.0160769726303,3785.873177114515
-2140.6398836730273,3785.8948147989286
-2139.6283630915736,3785.1581386468206
-2138.697321882647,3784.847211363429
-2138.1151155153175,3784.4803027045978
-2137.3022340191533,3783.567812725728
-2137.175894605045,3783.444893208409
-2137.043622453462,3782.9951930401253
-2135.8490801684925,3783.465545089271
-2134.8433863279342,3783.154601560432
-2134.717130293332,3783.031682094157
-2133.8343110643414,3782.670791517973
-2133.527566116917,3782.1221011000516
-2133.4482142795696,3781.8753032164655
-2132.5665624269277,3781.5154105163224
-2131.3841490806312,3781.080439455958
-2130.501285245915,3780.5435910855495
-2130.368995653863,3780.1707978618065
-2130.1200981675916,3780.1737350711733
-2129.2312893915687,3779.3631729024905
-2128.970352581803,3778.741675679933
-2128.8368671955423,3778.1191094941723
-2128.5950316369886,3778.6235887408493
-2127.2213232276467,3778.7192430258574
-2127.205853287532,3777.7670309808
-2127.1110421841927,3776.518844611729
-2127.294212108057,3775.3887235312927
-2127.371311481681,3774.886202712945
-2126.5856650245387,3774.898995942331
-2126.2068794127026,3774.6061472278543
-2125.823234137215,3774.0354951319127
-2125.310924483152,3773.2928464292117
-2123.806109524131,3772.9417939492178
-2123.370743963381,3772.3961676228873
-2123.242096154339,3772.149358913507
-2122.8644840594197,3771.8294784805744
-2122.0344186611014,3771.665506171837
-2121.1480273377483,3770.854845540825
-2120.7620567221993,3770.236213636455
-2120.452975104274,3769.687622881004
-2119.342388592069,3770.706517957024
-2118.388557252932,3770.4724944748923
-2118.013225455743,3770.401489711055
-2117.392410036679,3770.7371094307705
-2116.8402309104604,3770.7429725295797
-2115.588011554682,3770.637759819201
-2114.962529982138,3770.5736824731007
-2114.635347875436,3770.4037369688936
-2114.2022783951875,3770.033969912372
-2113.5093853562535,3770.419548488187
-2113.13038282606,3770.351435845672
-2112.6311964476913,3770.2344194942025
-2111.5751145681456,3769.950399676892
-2110.0702607661738,3769.7712177104777
-2108.9829260274896,3768.988643365256
-2108.7255468557805,3768.4918343391273
-2108.4659592713133,3767.796323857405
-2108.069237315743,3766.375305233624
-2108.265408087014,3766.0455765425013
-2109.0582385321177,3765.6081498246667
-2110.4391788120897,3766.012139711635
-2110.885576584922,3765.7045107663444
-2111.7636147604403,3765.8186179357685
-2112.763293965393,3765.8037758899764
-2113.442859546839,3766.0937975923202
-2113.508085650282,3765.341301839257
-2114.124029609971,3764.7809452052416
-2114.6162079933374,3764.149439941903
-2115.8554424460453,3763.3793479173437
-2116.223634009541,3762.9237734860585
-2116.0796097089747,3761.6726836631424
-2116.567005661425,3760.791504486049
-2116.808924717017,3760.2858279727575
-2116.230285437396,3759.997025290462
-2115.9308298050655,3760.0488289700274
-2114.9697230739166,3759.516054512551
-2113.9700438883915,3759.5278040962253
-2113.218221750374,3759.339810162531
-2112.334159168713,3758.929944313277
-2111.778491736439,3758.486136261388
-2112.1466663402457,3758.1075682734236
-2111.208195557582,3758.9446588608116
-2110.4107035146003,3758.9574508092733
-2109.4519103327707,3758.5225316676265
-2108.820488940551,3758.155713728616
-2108.436824810188,3757.66306643605
-2107.8776084654305,3757.046391970333
-2107.5457269302547,3756.6235807290564
-2107.053564669539,3757.1820697263024
-2105.922844871749,3756.8241197758043
-2104.990653815477,3756.4141442912787
-2104.6094092135068,3755.9175077017567
-2104.598802759889,3755.2179622374574
-2104.032065528339,3755.8034671377495
-2103.4751185355244,3755.486540633224
-2102.651112548299,3755.4494526723824
-2101.764691156072,3754.7616852163783
-2101.45331557589,3754.0162888526606
-2101.448532534361,3753.76631559118
-2100.927905289856,3752.5222257325245
-2099.984678739504,3752.98665229873
-2099.057176043527,3752.875527874461
-2098.6013340619797,3752.5057565494294
-2098.1719216613437,3752.1888582511197
-2096.4732855397583,3752.465291682782
-2096.048750620953,3752.348292519595
-2094.9120626814884,3751.8144842228544
-2094.0808869182047,3751.377599495031
-2093.3183516849595,3750.5880156506173
-2092.754351065005,3749.7195733316194
-2092.545198709761,3749.14596817342
-2092.0328285326023,3748.280529644347
-2091.518207061087,3747.411000927191
-2091.250257067304,3746.0399856104395
-2091.7400159616614,3745.408578411147
-2092.180490499689,3744.7251910140644
-2092.9744681459547,3744.3866149715745
-2093.090056067216,3743.7112364413742
-2092.4514744860626,3742.894547853827
-2091.9333310129114,3741.727465644558
-2090.305664303388,3741.674044107816
-2089.754760812791,3741.56001016731
-2088.3738052569306,3741.2059977641616
-2087.7400013012766,3740.663222616072
-2087.1578063540624,3740.222502461724
-2085.9647558406937,3739.1900353079204
-2085.704999196707,3738.4935279444644
-2085.319063228464,3737.6990391592844
-2084.8571853272974,3737.0793947338034
-2084.4147946450357,3735.8342255656257
-2084.5690430296627,3734.58310132832
-2084.8039234481066,3733.453090499724
-2084.2399206385135,3732.58654394271
-2083.348723270932,3731.5982319881314
-2083.2200906118355,3731.2744172380744
-2082.960316849216,3730.654816800441
-2081.87532953182,3730.1709957805465
-2080.9949603405494,3729.635150050785
-2080.8146128109192,3729.3113241077763
-2079.5961927186004,3728.327829262487
-2078.9754192476503,3728.463553494606
-2078.1997699633607,3726.9755221709415
-2078.3035928114114,3725.545635861636
-2078.9197368056684,3724.834356082661
-2079.369573316232,3724.8284686084226
-2077.7158247996736,3723.1023445205033
-2077.8303440261193,3722.3509564932356
-2077.8065907153878,3720.724236835284
-2077.4051779707047,3718.9794317483133
-2078.26074869393,3717.713496930497
-2078.9261162779358,3716.953350571996
-2078.0010682698758,3717.0449196657714
-2076.9789270761466,3715.6088045486454
-2076.5821874666617,3714.2377618218093
-2076.3118154663944,3712.866846212484
-2075.328283310616,3710.704164442872
-2075.308062380728,3709.3262207776484
-2075.0353705484026,3707.881290596253
-2075.146201575521,3706.828059836469
-2073.9376862423546,3704.7693682645654
-2074.1002610100636,3703.968016117556
-2074.088549778923,3702.966728333959
-2072.773730898974,3702.2370759663377
-2072.1917112521996,3701.74319031011
-2070.8710374891375,3700.3140936143914
-2070.406931283099,3699.571558076908
-2069.7612070666455,3698.203454410778
-2069.5748448302074,3697.5308034896725
-2068.9493581587285,3697.466828901866
-2068.058166749817,3696.4284441794593
-2067.71329626883,3695.1063900322947
-2067.697841623652,3694.0551269778857
-2067.3118912030786,3693.312508700186
-2066.549338342643,3692.5730012828926
-2066.3558322321837,3691.3748686451963
-2066.6352343640815,3689.9450201087793
-2066.737793298799,3688.5681004543358
-2067.480113574898,3687.9796387587144
-2066.5913855581753,3687.117113050231
-2066.156039319645,3686.4485980439745
-2065.932679448094,3684.8277207271685
-2066.2854168313297,3683.3208813896904
-2066.6417600343866,3682.112892276704
-2067.057328633307,3679.7287698911928
-2068.673250433388,3678.210232989994
-2066.4128372039777,3678.4375735985795
-2065.9088343025737,3678.196669816479
-2065.4012049811986,3677.752874851042
-2063.81699166633,3677.2789233869366
-2063.1314266233944,3676.53634059099
-2062.8742093717806,3676.039732396972
-2061.534206475329,3675.2600019513275
-2060.7693699258944,3674.27062208705
-2059.074646353963,3672.970123542584
-2058.9399440639622,3672.54845361068
-2058.4842232399,3671.977788827132
-2057.4208957191818,3671.195125846563
-2057.0218695436715,3669.574211101163
-2056.6662870099103,3667.627723414076
-2055.906106774284,3667.0909083067013
-2054.9739108396984,3666.6530078830574
-2054.258312640266,3665.537755275816
-2053.8205884621834,3664.669242648788
-2053.805188431968,3663.7450604974824
-2053.9160794418644,3662.792676290324
-2052.7107871248677,3662.3858394579916
-2052.1491426934863,3661.7691678101696
-2050.933119322024,3660.8356517016646
-2049.866273096377,3659.726209557438
-2049.088441905504,3657.8624240212293
-2047.9636178300989,3657.954152826703
-2047.4607547075134,3657.837139101528
-2046.5080781481454,3657.6031230597637
-2045.2016528477661,3657.370926919489
-2044.4932865177807,3656.7553216930723
-2043.6092439138527,3656.1935437994944
-2042.733419974167,3656.2063246952976
-2041.6773234682694,3655.9223126199513
-2041.0998895971964,3655.808275843792
-2039.8535807507276,3656.075838075014
-2039.0957965515393,3655.637976290777
-2038.7216108810603,3655.6448792224464
-2037.4752863761016,3655.986356109692
-2036.6741047026298,3656.051222633556
-2036.0990748905865,3656.0070112991657
-2034.1103671436565,3656.8390984751686
-2033.2937114322713,3655.9265169383375
-2031.9598384990459,3655.322750013812
-2030.9154438295568,3655.7101552836957
-2030.590627429063,3655.7660459765957
-2029.5969461894354,3656.1576516060454
-2028.9761004629843,3656.616168332555
-2027.4088528935367,3655.5655748031795
-2026.790425545907,3656.0270846701032
-2025.783667623149,3655.5401943493594
-2025.5697232488774,3654.7208070245797
-2023.933842567898,3653.9929888592656
-2022.6155162515624,3652.837611945116
-2022.0204025736227,3651.5184992519444
-2020.8872741255057,3651.0375677824663
-2019.7142684354715,3651.379062426534
-2019.140493629324,3651.31500222909
-2017.0810612495984,3650.9198603190616
-2016.3809859134847,3650.9286905945464
-2016.5972185570283,3651.9770032203214
-2016.4911057923366,3653.2300337502998
-2015.5045502459272,3654.2469717638996
-2014.4373316354363,3654.887338686011
-2013.3811771789656,3654.477346139021
-2012.3164499723648,3655.170680789847
-2011.3948481268346,3655.5092367108996
-2010.147277793539,3655.8297695009855
-2008.3236298676127,3655.931331490686
-2006.079929623333,3656.392502569906
-2004.9539643992005,3656.358152852576
-2004.0745797161896,3656.247047687231
-2003.6500137116138,3656.2530437137298
-2001.6761359729644,3654.783720942283
-2000.9859193129937,3653.9172528007052
-2000.3378146559317,3652.30237322415
-2000.3271022677236,3651.6737498344924
-1999.5551200854018,3650.1118114512137
-2000.0930332151754,3649.3515333846453
-2000.3301733454539,3648.54720311037
-1999.8830074490088,3646.929273249654
-2000.5353412664765,3645.466483561998
-2001.1502432596008,3644.7082166066075
-2001.748406361513,3643.0225753995674
-2002.6147123909604,3642.2593735331016
-2002.6715010907212,3641.13121890519
-2003.1588823109446,3640.3000086006887
-2003.7750366446887,3639.5387495983286
-2003.807703230624,3638.4884942790723
-2003.6671289359351,3637.4132654105993
-2004.1461852584662,3636.1063482141167
-2002.8398809084197,3635.6754569408886
-2002.2082805334603,3635.3085463031807
-2001.6238700692625,3634.642995648578
-2001.237819125239,3633.9463645824185
-1999.916009859378,3632.667101257642
-1999.406091406724,3631.9745341740545
-1998.7722745699136,3631.4347574750313
-1998.1829846063138,3630.5663156022597
-1998.803830755775,3630.106799408336
-1996.8671595380586,3629.3859056757346
-1996.1658052774112,3629.5206209838466
-1995.619639156654,3629.8532715690294
-1994.6609476257152,3629.243602941259
-1992.0903904291063,3627.9090194298337
-1991.763180716015,3627.8380296159335
-1990.377596337046,3627.184183529877
-1989.7507701947236,3627.1191165938517
-1988.3651859696242,3626.463375557095
-1987.3559353405149,3625.905566904513
-1985.5984119746718,3625.679370173707
-1985.2148560542898,3625.0107698737943
-1983.1565893520444,3624.5916956383817
-1982.7753329900468,3624.096061487816
-1982.0740613279136,3624.2337703240905
-1981.5183749067794,3623.814907271138
-1980.6883093581719,3623.577930616075
-1979.5081792005572,3623.2688626791646
-1978.8826973997766,3623.15491948723
-1977.8854385366174,3623.496355739344
-1976.5608441157444,3623.5671043425796
-1975.182328599528,3623.4129069812725
-1974.3112622892843,3623.801451335259
-1973.572483836171,3624.611663970015
-1972.645060937946,3624.450677074437
-1971.817378040526,3624.3894602360565
-1971.318083925067,3624.345467854214
-1969.9395475046617,3624.293115447015
-1968.4275340071,3623.5164549827887
-1967.3086984108313,3624.0827026781217
-1966.8815804810865,3623.916831487175
-1965.6341270102387,3624.061412018517
-1965.30460744582,3623.863541314006
-1964.2532082005962,3623.830308894827
-1962.6618423499478,3622.778823316502
-1962.2722624924975,3621.7835432116303
-1961.7082166929881,3621.040892830887
-1959.7017419800422,3620.6457740949754
-1958.4857137534405,3619.666385009954
-1956.8581340701885,3619.490094806312
-1956.7258204012471,3619.1913181712107
-1956.8474181721524,3618.864563732906
-1956.5901210852455,3618.3158891908924
-1954.951725775597,3617.5921720489655
-1954.19165062882,3616.901551393168
-1953.011512884594,3616.6215138131
-1952.677324193686,3616.0019018618427
-1952.6642297773915,3615.176472378054
-1951.5251651490557,3614.3159014641265
-1951.0104400920563,3613.447577432798
-1950.2093014162654,3613.2864188943245
-1949.1267607519153,3612.978372038317
-1947.689231242425,3612.1987375032772
-1947.5630440170196,3612.124797532419
-1946.9303229081142,3611.508117663735
-1945.791324950502,3610.7254517815522
-1944.8231372903301,3609.616141169408
-1943.5368851751502,3610.6360182409235
-1943.2120784906233,3610.638944921944
-1942.0344800753355,3610.582846757281
-1941.4522909906316,3610.0410893253243
-1940.1340215981368,3608.937693313515
-1938.541493363901,3607.8342420529775
-1937.643187044097,3606.395074816416
-1936.9600832739932,3605.7824751661456
-1936.8652563790017,3604.4814237857754
-1936.3167018320191,3604.6660490448207
-1935.2518614026205,3605.5073206353586
-1934.2474030553683,3605.1494164799474
-1934.0078738470552,3605.8277642783614
-1933.3870542198224,3606.163395825543
-1932.7098553468863,3606.049345476527
-1931.1196110231162,3605.1956685717364
-1930.8153886831071,3604.8748130641543
-1930.221411663154,3603.6327129739393
-1930.2912295824724,3603.2079938168285
-1929.1414182768626,3601.848775852233
-1929.0057159763198,3600.9744445324072
-1928.9854731762723,3599.599493882924
-1929.5955753753892,3598.6383310237397
-1929.3251541780924,3597.3912088725156
-1930.0675757828508,3596.7068774119653
-1930.557239039319,3596.1213468585324
-1929.848845331443,3595.5827567327165
-1928.6616214446872,3594.8520526684233
-1928.020647204892,3593.7856020872873
-1926.940424297939,3593.5515723017083
-1926.381171830678,3593.0089226689674
-1925.8818552186283,3593.067774344346
-1923.9235272064104,3592.546788954241
-1923.6251511259995,3592.6016910738967
-1922.555704924181,3593.116084146884
-1921.93003885243,3593.075959244791
-1920.63316685432,3593.3964937727287
-1920.2555109433893,3593.2265448330054
-1919.3762176996345,3593.0415331148733
-1917.7461653714042,3592.6904880024654
-1917.3625936058609,3592.0708674319403
-1917.096885384428,3591.0225472516695
-1916.4678294011562,3590.8316008417955
-1914.7655495018375,3590.8591907674254
-1913.9620150801645,3590.5692582281686
-1912.4547447544624,3590.2182385217197
-1912.1193013304762,3589.598727506648
-1910.10801992613,3589.003620538313
-1909.602797596025,3588.5599341082943
-1908.5406650278487,3587.9522485283755
-1906.8455674071083,3588.352505260298
-1906.0444165349625,3588.238432165046
-1904.913752523477,3587.8815035084212
-1904.2882181507812,3588.0162405818005
-1903.4628524980283,3588.029143953462
-1902.7880556800098,3587.9920030324984
-1902.2887244907067,3588.123772788073
-1901.458737314019,3587.886803019596
-1900.533684050994,3587.9506588646336
-1898.9000683630627,3587.4737324354105
-1897.270180793965,3587.1244863295274
-1896.756685932098,3586.330079843415
-1896.6279463741157,3586.0832742258526
-1896.041053060586,3585.2668086379153
-1895.1427479282906,3583.7786684485473
-1895.5085516761967,3583.147326645826
-1894.8722482787705,3582.4816725484707
-1894.8568474464253,3581.483376922005
-1895.4752831248115,3580.971884123969
-1896.289861272041,3580.2565422465855
-1896.9082963289338,3579.7490395243776
-1897.0084631121997,3578.1192529306077
-1897.6221100570137,3577.360979168622
-1898.3669010551218,3576.9234259029454
-1899.2295493219808,3576.086299704068
-1899.962419130525,3574.7734427156474
-1900.8381672891524,3574.758653786519
-1898.704122884089,3574.465366754725
-1896.9710645546272,3572.3665945595353
-1897.4608543197533,3571.55931931742
-1897.0184316275859,3570.314258840513
-1896.3785705878768,3569.497683026247
-1895.9902077860181,3568.6292872374524
-1894.7717828855775,3567.4708555614384
-1894.3364929652473,3566.8513254689315
-1893.0723377482393,3565.7938314302996
-1891.8610601687185,3565.187115778683
-1890.3360147945627,3563.5839411292827
-1889.1850005389647,3561.9269756780313
-1888.752010944727,3561.4832048344824
-1887.3734164278635,3561.2541082558173
-1886.2380437559905,3560.644415770162
-1885.103646574471,3560.163500162174
-1883.970584451016,3559.67969221067
-1883.042741139366,3561.195402510654
-1882.2439576515947,3561.331104510566
-1880.8712802593438,3561.552678060156
-1879.673023669922,3561.746256394363
-1877.7351716810178,3560.9755118365433
-1876.6584963807002,3560.916249471159
-1874.7265760403739,3560.5222603767033
-1873.4719082087906,3560.414086353021
-1872.2689944678366,3560.109017165295
-1871.457094714816,3559.49529984731
-1870.8772833765524,3559.128507751217
-1869.8704828021007,3558.767617424614
-1868.9840113259734,3558.157875754351
-1868.095194164626,3557.171380016648
-1867.779014866997,3556.1241486719514
-1867.8815371252895,3554.7962041385304
-1866.9700587105233,3552.3837856503715
-1867.382955082096,3551.502579588722
-1867.5612506739465,3549.9957990403987
-1866.71585552562,3548.760536763701
-1867.2080294360721,3548.1251287760097
-1867.3188052223359,3547.2477541473554
-1867.0050248485716,3546.301370005803
-1867.3577947278477,3544.9216044847212
-1867.5132348507545,3543.4177122350625
-1867.4906816218065,3541.867800846526
-1867.920418167982,3540.6079491742094
-1866.4469725430008,3539.1317694854497
-1866.2618493768912,3538.4321905643337
-1866.2779787554273,3536.1309738431883
-1866.2238684797007,3536.0050795045563
-1864.4699358624248,3535.658907107837
-1864.3329271422401,3535.033451414016
-1864.3222439604601,3534.208022626071
-1862.0993914920646,3532.8675567630326
-1861.463156316064,3532.250981675101
-1860.5261822631269,3531.3914583847873
-1858.5879835425178,3532.3703230410088
-1857.836138592026,3532.1823491855666
-1857.0831115249027,3532.0682895114574
-1856.83047791404,3531.948341768359
-1856.073912416514,3531.5845088548917
-1855.3137494077794,3530.844819378076
-1855.1743788756687,3529.920514013383
-1854.9868689655777,3529.0491663002826
-1855.275780220068,3528.3426968081644
-1855.643894485469,3527.8381355375805
-1856.255240451279,3526.9009082248576
-1857.4558167157015,3526.8093711139927
-1857.8085962325285,3525.376438823942
-1857.8400937410838,3524.252368369654
-1856.00593608759,3522.0765775760183
-1855.6716884495738,3521.2811108010537
-1854.9007678977953,3520.091848515052
-1853.6258745792215,3518.4338659893024
-1853.479417099561,3517.059888780426
-1853.3531539418518,3516.9369730656476
-1852.0289433015196,3515.3809251660978
-1851.2616628723213,3514.342485054675
-1850.4173373750411,3513.1563012133915
-1850.8447356053823,3511.4735107167835
-1849.6346162679251,3510.8668006720873
-1847.1371716598408,3511.2050685968447
-1846.004087599563,3510.7951795040435
-1844.569002949871,3510.191419298791
-1844.1877940957766,3509.821574803985
-1843.6007934447925,3509.082019319499
-1841.8338113399623,3508.030420469468
-1840.5707570381871,3507.2507358709186
-1839.7494858460213,3505.885706639303
-1838.7164052781334,3503.7751095176222
-1838.116499919039,3502.034266952687
-1837.9242818343948,3500.910053860551
-1838.2155039143759,3500.3305653734637
-1838.6451638786039,3499.024628213178
-1839.1736239470333,3497.5149218921974
-1839.7849010234115,3496.503679471619
-1840.1145163032174,3496.673715744335
-1839.3930060268895,3495.3086059586726
-1838.249136145504,3494.1501958791655
-1837.430091530101,3492.911051104901
-1837.1704526711392,3492.3414320485836
-1835.5296564570774,3491.3637728925837
-1835.27234822196,3490.819191442819
-1834.0682097362683,3490.7600092330085
-1833.0179775415008,3490.651879601796
-1831.6851890845596,3490.2979134941443
-1830.8744726316597,3489.55831609697
-1830.5389370135103,3488.9387082632493
-1829.290202731692,3489.157320344385
-1828.360290152261,3488.8483187863126
-1827.221208511224,3487.939783311088
-1826.0750389250336,3486.580678381942
-1825.4387983987974,3485.9639062272627
-1823.7175676587322,3484.6636440975008
-1823.2726523947335,3483.295495899246
-1823.0611611319637,3482.6240421989364
-1821.8170639225477,3483.018514402838
-1821.440634324848,3482.9474213187227
-1820.1317933874723,3482.5435866478433
-1819.3740093262702,3481.979858545769
-1818.4851566673399,3481.1163585805234
-1817.092367540674,3480.012865814412
-1816.0795478992925,3479.227346654575
-1815.1114153875437,3478.11794961658
-1813.9806523742525,3477.7569419993324
-1811.2908205557187,3476.9251218906875
-1810.4091293410431,3476.5612689871123
-1807.1454969801193,3475.7352269943294
-1806.3000782543381,3474.549046899006
-1804.898906106,3472.768155871532
-1804.4564431933904,3471.6487841430667
-1802.8335286570912,3471.799399922325
-1801.9542225902944,3471.611406513804
-1800.566031145261,3470.8816781890428
-1798.4813741245098,3470.412564508877
-1796.2020370740354,3468.5726580038076
-1796.0781777019033,3468.523558088595
-1794.3265792462482,3468.551259896087
-1793.6468806145738,3468.3623070962212
-1792.6317695321413,3467.323825414865
-1791.7523650677683,3467.212739747181
-1791.2507400182667,3467.0957397233656
-1789.664180273444,3466.420937889649
-1788.9916777684143,3466.556770939026
-1787.5975490542412,3465.4503894987624
-1786.7580955267254,3464.464010383932
-1784.8611822737419,3463.1915526484913
-1784.222565030808,3462.325010206545
-1783.6609287709844,3461.5085563375433
-1782.0587978059086,3459.782493515214
-1781.1289508885413,3459.5455156628877
-1779.4112591052271,3458.4450603169307
-1778.5993538829637,3457.7823739689684
-1777.9714541778499,3457.591536650927
-1776.9657928108948,3457.3084609031876
-1775.6233912889243,3456.1281764666624
-1775.5575133260438,3455.126979145027
-1773.9554025688296,3453.278026386616
-1774.385131010017,3452.01697370021
-1773.7571655381,3451.7281826920985
-1773.0582111718247,3451.912889190715
-1772.378603981298,3451.6718687134285
-1772.1235943508277,3451.302150180182
-1771.3610829243626,3450.562566761835
-1770.1557195088824,3450.3315240642723
-1769.2174644193433,3449.545923904159
-1768.2023300798514,3448.6084910143263
-1766.8272796619665,3448.5072912291866
-1765.879321648889,3448.7718517007984
-1765.2572606708584,3449.0306867536997
-1764.638846799761,3449.415206814738
-1762.837924537343,3449.568689346097
-1761.9598013992804,3449.2828456348684
-1760.1050888531024,3447.556740122498
-1759.5975482763192,3446.9401954846817
-1758.9518455689565,3445.575006002136
-1758.4902305838864,3443.3296612716017
-1758.966894935231,3441.745927082729
-1758.9960407679814,3440.193132931264
-1758.9265270656567,3438.9940321978306
-1759.3214500121824,3436.93667271872
-1759.682555270365,3435.981438592026
-1760.9939885615509,3435.0353563263557
-1758.4016884413886,3433.9966886806183
-1758.2237759245513,3433.9507713344865
-1757.3408636118577,3433.390017724953
-1756.4520098628059,3432.477446844174
-1756.1176266197915,3431.9048238609134
-1755.7233176876327,3430.610801997
-1756.1434961150635,3428.654293719842
-1754.728289961788,3431.001238736473
-1754.4792167042324,3431.00418566278
-1753.6022876679174,3431.0199852371684
-1753.4663913545812,3431.1059444104135
-1753.3195852487584,3431.0969401276548
-1752.8168024590786,3430.912012545852
-1752.437862808383,3430.412298391276
-1751.8690236010352,3429.731703842657
-1751.6754516739175,3429.1061397790063
-1751.5445192586412,3428.0458791195774
-1750.6640468998141,3427.3652277514147
-1750.2768909058786,3426.1791363142897
-1750.0763392578788,3424.490341790129
-1750.0716834381599,3423.492048592135
-1750.4399140595062,3422.79865769739
-1750.9379392256844,3422.5459835168085
-1750.4351783924446,3422.2380650092346
-1750.1166259730596,3421.3017586970445
-1750.1696094679157,3420.300583285922
-1750.5415211979475,3419.548141411821
-1750.4695623133373,3418.4858965534163
-1750.0270341703854,3417.6754514111262
-1749.3365202821055,3417.3056540678067
-1748.705108739488,3416.685995215871
-1748.132689861158,3415.5027628485427
-1747.9380405029506,3414.3785512613676
-1747.8034603936987,3413.191408730074
-1747.920327272838,3412.252189354438
-1748.2296338871588,3411.746615841087
-1748.9743710066587,3411.1801748030193
-1749.0358090183265,3410.9304134237914
-1748.6522047247527,3409.9320511643123
-1748.0207434782105,3409.124564176277
-1747.3279391972096,3408.502899245817
-1746.642148614909,3408.7586316516486
-1745.9347723183232,3408.913314009998
-1745.3790487265671,3408.573466318005
-1744.8546014004212,3408.254671478262
-1744.1364165563516,3408.2155388507786
-1743.0020738270373,3407.7555875477237
-1740.1789823572547,3405.666820663809
-1739.045989026753,3404.202592793272
-1737.5570515681236,3401.9131732805417
-1736.6553170922243,3399.324811490221
-1736.1253280451126,3396.437967019908
-1735.6612142331287,3395.051964445822
-1734.5729168037815,3392.731496098223
-1731.2703997533483,3387.167075818098
-1730.456206253414,3385.7280433949536
-1729.2968118829244,3384.476776987124
-1726.7420105413805,3382.6247678951813
-1722.5787335786758,3380.3286853215272
-1720.2185295589911,3379.4349059309598
-1718.8220575166342,3378.722245207738
-1716.8048779093956,3377.2119769055835
-1713.98780078807,3374.993145650614
-1713.8094992631989,3376.183224220782
-1712.9974070884305,3376.50287584705
-1712.062718722746,3376.6976193779806
-1711.4961536121439,3376.327747154134
-1711.1149294906122,3375.517314796838
-1711.1066833234975,3374.516028567308
-1713.106164152521,3374.250553184161
-1708.1526257043038,3371.8994736336954
-1703.2927387424384,3369.6613296272126
-1700.987893122285,3368.903423527165
-1699.4314250195334,3368.2186671141417
-1697.4682733654834,3366.816341354196
-1696.012922979424,3365.544179016414
-1694.397509990039,3364.2188221788697
-1692.1432592402932,3363.1892097153636
-1688.7376880888576,3361.904535258361
-1684.6873479391718,3360.4888775191994
-1679.1923830674166,3358.926137366792
-1675.1167236887181,3357.7513741096277
-1672.3524094570348,3356.6207308362636
-1669.964704774365,3355.517186005045
-1668.166279975856,3354.647457127516
-1666.1849267818786,3354.2623792696795
-1662.4305388549526,3353.2975499993636
-1658.2214443223306,3351.937735624257
-1655.9622811323632,3351.2999465736084
-1652.7805183379273,3350.4000570681064
-1650.2038725580494,3349.3204244814765
-1646.49876749575,3347.4501844175156
-1640.7191002853076,3343.4252027121975
-1637.328252957329,3340.8305398944044
-1631.2465780299701,3336.060084970615
-1628.3704144678097,3334.31607619456
-1624.4272775843,3332.6856019087945
-1621.8553801262865,3332.089463211041
-1619.5527734608625,3331.8123693157822
-1617.434289321923,3331.3743114473637
-1615.5047706686823,3330.7454652288943
-1613.2552105107998,3330.4953141241162
-1609.161342790411,3330.3378204712576
-1606.8371158467544,3330.649147835253
-1605.101109798202,3331.0645130617027
-1603.925672138177,3331.3381286311696
-1600.2672715536605,3331.417416960389
-1597.7193372924116,3331.17120971023
-1593.8578556525888,3330.0483863928653
-1588.7174785914847,3329.3391133583855
-1586.0097004130419,3328.7161291858306
-1581.3492882965238,3327.5022073887812
-1580.8547977687865,3328.068702605079
-1579.9836908297132,3328.638128286375
-1579.2342638612706,3328.8329152607052
-1578.5436960462566,3328.7119053045026
-1578.1058843441308,3328.5268978517533
-1577.8509262519985,3327.7785357598045
-1577.4696580386665,3327.155837176963
-1576.5902802753114,3326.789013749136
-1575.5292065346086,3327.047589428853
-1574.4054986222106,3327.2453077999753
-1573.218176556736,3327.2540904604666
-1572.2774587463296,3327.0720930470657
-1571.7132941519892,3326.7642736379075
-1571.0180839304753,3325.9566882067766
-1570.7111728057757,3326.6461059489984
-1569.650109164147,3326.8438351325035
-1568.5855203702647,3326.664810296259
-1567.395747073061,3326.3598813513536
-1566.7028208204035,3325.866008538754
-1566.2000595921681,3325.49326260683
-1565.450549237708,3325.688050641962
-1564.326924957072,3325.884772716152
-1563.5750570918076,3325.7027071960706
-1562.755861660516,3325.083030066524
-1562.253173077742,3324.775221229419
-1561.8718508999443,3323.964695103097
-1561.680642782232,3323.5890076616615
-1561.1224852448422,3323.78282968925
-1560.240688047249,3323.4128153876823
-1559.550273518264,3322.8581960958254
-1559.1099892890848,3322.4853609524334
-1558.9164126834214,3321.7979562430796
-1558.9140547579484,3321.422100049631
-1558.22355883302,3321.367125684395
-1557.474109515351,3321.185061043472
-1556.9075456794676,3320.750360863669
-1556.471997767025,3321.0031549657588
-1556.1604037572718,3321.2558694436752
-1555.093341623849,3320.892010034199
-1553.9650007083467,3320.337220422015
-1553.4008147576053,3320.1551861115836
-1552.8318824635192,3319.406674108486
-1552.015261138334,3318.8519351879418
-1550.9541037398026,3319.1107130676505
-1550.455984746472,3319.4272372053747
-1549.8917482698168,3319.5571195313914
-1548.9545857441012,3319.562953133738
-1547.8900057697908,3319.3218864609353
-1547.2643965797563,3319.3258752622687
-1546.6376495748434,3319.143931007513
-1546.1950793142637,3318.4593791511634
-1546.1868258664574,3317.396148765985
-1545.4278407985305,3316.3398796233805
-1545.170584494251,3315.341546000926
-1545.5388545189971,3314.3374279266086
-1544.7917028822267,3314.9038842819914
-1543.9796611903553,3314.9127310057684
-1542.9776319711423,3314.730626847352
-1542.0392270725447,3314.6786062670203
-1541.228407380051,3314.8691968598937
-1540.7951776502832,3315.750513132933
-1540.5508395110712,3316.376002502268
-1540.1766014953087,3316.6287074392512
-1539.2418073466342,3316.948354045967
-1538.3011810743992,3316.7054130814768
-1537.548080649557,3316.3994606328433
-1536.7372072122182,3316.4063131678336
-1536.2320051387997,3316.159452197788
-1535.4779005091423,3315.3519596731207
-1534.7271186353992,3315.6726336663846
-1533.7899956997078,3315.428596464298
-1533.0345793664565,3314.997857476587
-1532.718257587914,3314.563198720295
-1532.5270979812447,3313.875595438166
-1531.4589169178344,3313.194934327327
-1530.8298734818188,3312.7631184420616
-1530.383671744191,3311.826799216649
-1529.6885065012823,3310.7085971174756
-1529.243492115699,3309.64828960544
-1529.0629602733918,3310.8373736433127
-1528.573136639275,3311.9683542367134
-1528.5777420238712,3312.9048025053385
-1527.9003091145246,3314.099692626828
-1526.9028511193385,3314.5431194825887
-1525.9007909717254,3314.5531344869983
-1524.777206411955,3314.496896664244
-1523.7727135531386,3314.0680140632267
-1523.2698367951223,3313.883098527493
-1522.3964260338314,3314.2656984079904
-1521.3352886131415,3314.4003912855487
-1520.45951852558,3314.4072349049134
-1519.7065206914895,3313.9754998549524
-1518.764608855675,3313.417751448782
-1518.0741717739584,3312.985926681882
-1517.3800740146862,3312.4932542460506
-1516.870284772552,3311.1831645202865
-1514.3849725513103,3310.5022813462388
-1511.8597245987564,3310.751655595843
-1509.2214612913276,3311.4597603002267
-1506.448330120841,3312.0847532936646
-1504.4008031283568,3312.3002897306205
-1502.5433491639621,3312.1671324097883
-1500.948194687595,3311.751226880394
-1499.0620168974708,3311.2703392677845
-1497.3778289091886,3310.511581670958
-1495.462822075275,3309.2852628670557
-1493.3326575945512,3307.1865025494585
-1491.3600876720657,3304.9248764099693
-1489.0410037046875,3302.1826042048224
-1487.4231567271377,3300.700475897874
-1485.3542033376727,3299.7538326253884
-1482.1241862062323,3298.902969296077
-1479.3152527638072,3298.006187487915
-1477.2834770703137,3297.214462539237
-1472.2130113885657,3295.1832837324077
-1469.3272912832063,3293.4791213090084
-1466.937217659591,3291.2473611247815
-1466.5040416591974,3291.814968820034
-1466.0094344756706,3292.6312424412017
-1465.8855349273979,3292.819151402053
-1466.6433721228107,3293.8144671480763
-1467.0907199892088,3294.9387114598226
-1467.2842108211505,3295.6881584104794
-1467.789358852387,3296.306781812256
-1468.4219901669742,3297.3020785437984
-1468.7395279253033,3297.98960012824
-1468.7489196956444,3299.3016056364368
-1468.6309108057499,3300.241925315969
-1468.7666856928975,3301.48901330868
-1469.2717110309088,3302.3613992886135
-1469.8442832647645,3303.356786678767
-1469.970553691345,3303.4826897863586
-1470.4131112310479,3304.2901293894647
-1470.7354290392568,3305.3534078315447
-1470.8037493831373,3306.416547598641
-1470.5617769872645,3307.4177951541324
-1470.005934477825,3308.2960035815636
-1470.1369281447182,3309.17042705411
-1470.5795137580828,3309.79303100135
-1470.963067586481,3310.7913819773744
-1470.971412815918,3311.8545125528667
-1470.3575751565356,3313.4221800589003
-1469.7344199684833,3313.739886212261
-1469.046268553081,3313.619882011259
-1467.7916030062809,3313.2560035901583
-1466.977190838919,3312.94705482196
-1466.2230225433354,3312.5162215407718
-1465.9030848498903,3311.7058083768648
-1465.5832687009354,3310.645522950981
-1465.0143384515493,3309.835071783108
-1464.2625696117761,3309.5302225353626
-1463.5047142087344,3308.6606909705433
-1463.0621660185334,3307.789412056423
-1462.6809729788563,3307.1667180687527
-1462.7965813668973,3306.1005141722694
-1462.6608632042376,3304.476872219384
-1462.0270545409844,3303.5433205609597
-1461.2692816969927,3302.6749861881294
-1461.0733453539367,3301.549683175018
-1460.7546961288995,3300.4894978533684
-1460.244796232803,3299.3032999159627
-1459.6133126816717,3298.4348851538934
-1459.2320355950174,3297.8123907978043
-1459.0360894989215,3296.749032217384
-1458.5887403051538,3295.6278805102993
-1457.5831410743394,3294.7623017466067
-1456.890300129146,3294.203699521333
-1456.3863838428917,3293.7079681661903
-1456.3167917936478,3292.7686173574625
-1456.623621916631,3292.0162541041277
-1456.5540392823577,3291.0149589114617
-1456.2990515929957,3290.3924838533944
-1455.8552127824873,3289.770877883728
-1456.0334931518066,3288.51984778367
-1456.335599458416,3287.0159717127503
-1456.518613593937,3286.452415306186
-1456.3202858367424,3285.139383661827
-1455.9980579685687,3284.0181513393272
-1455.3123689323256,3284.1470232849306
-1454.4341221762286,3283.9660444096376
-1453.4344134751827,3283.850981581732
-1452.5562977424145,3283.355193742978
-1451.6107917122306,3282.800443888476
-1450.5462148396193,3282.4956481561494
-1449.3611754135857,3282.81915589769
-1448.361447823154,3282.827982361952
-1447.0478303888074,3282.8367615802867
-1447.426615757463,3283.3974104276103
-1447.9318583274492,3283.9550858888424
-1448.5621018598001,3284.762552788325
-1448.8193876208593,3285.6378927527207
-1448.5727474749244,3286.0755559391273
-1448.015580010854,3286.894813508769
-1447.5800427719257,3287.085668159145
-1447.26846968846,3287.2115049140725
-1446.5779064089834,3287.029457825987
-1445.7610999996225,3286.536772089179
-1444.7591035767903,3286.104905676054
-1444.1359285204587,3286.548497240819
-1443.5149963795259,3287.0541333229253
-1442.826926132259,3286.934131019678
-1442.2014169545023,3286.814038420991
-1441.5073231633935,3286.2564346223403
-1440.8770699946026,3285.5098153282793
-1440.5005635083107,3285.324923119346
-1439.5573643738362,3284.9581026995684
-1438.740724286888,3284.465218083104
-1438.2354909202309,3283.8427059859673
-1437.9168102653261,3282.9713470855736
-1438.0996848919538,3282.218864922248
-1438.404308635754,3281.153786354305
-1439.022794785874,3280.2725930401357
-1439.581082609395,3279.7669472717594
-1440.3317427186294,3279.6991305915935
-1440.7695968421556,3279.634259473918
-1440.4497300149444,3278.8857915932676
-1440.0685716984588,3278.014323497866
-1440.3140725007383,3277.3859390494645
-1440.3116905443437,3277.1390588933564
-1440.3117094488916,3277.013175140098
-1440.3057790679022,3276.510536960988
-1439.6802232503162,3276.1406719917163
-1439.1112698758611,3275.4561061549584
-1438.8528335872445,3274.4578750177507
-1439.093589602267,3273.207851497762
-1439.523234365981,3272.264585760364
-1439.642482663231,3271.3862103311117
-1439.819490969644,3270.2621607740134
-1440.557235533802,3268.4416452599985
-1441.4872222586903,3267.3725710143885
-1442.6699744523842,3266.738342548065
-1444.0355929072537,3265.413476822406
-1445.1463249877688,3263.3402528179386
-1445.5664919405142,3261.0879744268886
-1444.799217410517,3259.0294300108435
-1442.7183965871363,3256.4810181812095
-1437.6252849258542,3253.414555256047
-1429.8651253622932,3249.8861566527635
-1426.5521362182399,3248.7145056369245
-1423.6590998328813,3247.2601285028964
-1416.7410792293995,3243.235213255273
-1412.013456576527,3240.8772382604875
-1409.0074169869633,3239.2260433523074
-1407.850208239559,3238.5903699874398
-1400.222507092062,3233.7958956677026
-1396.4115893636238,3231.5740206735886
-1391.6046533411127,3229.6167376007315
-1391.177311362406,3230.8057882905114
-1390.6178554451888,3231.3113369155762
-1389.8057622315077,3231.6279236036535
-1388.8036281134864,3231.5138646533815
-1388.1131613483383,3231.206037810305
-1387.3590014377273,3230.648329538874
-1386.7369281702659,3230.965043709567
-1385.9874141033185,3231.159745992337
-1384.6713321924822,3230.856816498442
-1384.3598029714685,3230.6718361438207
-1384.1048563545623,3230.2991355713734
-1384.1614458530507,3229.485787083952
-1384.0304344626238,3228.672311780591
-1383.5842321939065,3227.6131082278416
-1383.6132813781594,3226.891624966778
-1380.6298151663668,3226.5584311315015
-1378.9396302819832,3226.1486169858354
-1376.9632542711831,3225.1100415570363
-1368.7038118231235,3220.391411043463
-1361.7964866484372,3217.701483381407
-1350.2336003650034,3213.0783594031486
-1335.5611583627028,3205.943724539568
-1328.502319597618,3202.131519303988
-1325.187043804298,3200.396418691674
-1314.0439786032225,3195.560531231942
-1310.2389997078844,3194.1830700968035
-1307.4204360055028,3193.218408115579
-1304.3155915442344,3191.625187066268
-1300.3639032430399,3189.473255566911
-1293.8716341074817,3186.0069838925947
-1289.3604886465614,3184.3546262479654
-1284.357263149531,3182.7732264091833
-1280.6232336441785,3181.605559531825
-1273.5750220219343,3179.127544474514
-1268.7136813191385,3177.546071894262
-1265.891539996975,3176.442570503902
-1263.4940306753506,3174.9853147505833
-1261.1497193986793,3172.4148633169334
-1259.6495447308932,3172.611571540921
-1258.4597254621763,3172.436554695144
-1257.645345251797,3172.377496009095
-1257.0220292513359,3172.6331717780445
-1256.3339238564288,3172.7011107254916
-1255.580894518934,3172.334233608203
-1254.7653117950867,3171.902511263859
-1254.1974906534365,3171.3418454042258
-1253.5046288288213,3170.784155720048
-1252.8201098230488,3170.8549881265526
-1252.134274879377,3171.421475166675
-1251.3221970712566,3171.616179782486
-1250.8229695471925,3171.495218413861
-1250.193813078089,3171.122472658332
-1249.4396159432133,3170.7526033921695
-1248.4988092268077,3170.4477465008335
-1247.873306138759,3170.203777849234
-1247.3055513880286,3169.7701931320435
-1246.9915984669199,3169.5852169418363
-1246.9242125360054,3168.835790966496
-1247.2311888392094,3168.1463630399735
-1247.6596330596417,3166.704441475371
-1247.036475862419,3167.0211645393924
-1246.1569712646262,3166.7782602225316
-1245.2788257973493,3166.3464308130515
-1244.6497677664076,3165.8536869141763
-1243.9001685827284,3166.044510037422
-1242.963074281858,3166.0533660234205
-1242.586559303941,3165.8683818728578
-1241.959788471897,3165.7484019384256
-1241.2728748170655,3165.6284142649656
-1240.7652033272545,3165.005912363792
-1240.6483990080828,3165.82224631137
-1240.027488754432,3166.8263432064077
-1238.9097859362598,3167.584693215628
-1237.9737952706864,3168.092097316158
-1237.6669351414862,3168.5327505570654
-1236.3533017229092,3168.5456483533303
-1235.4798142772688,3168.8622401570456
-1234.6040228877516,3168.9330492339095
-1233.9783445237094,3168.7511255867644
-1233.2229949423238,3168.255473454963
-1232.5998383356239,3168.5720977096557
-1231.7286781702862,3168.9547242555486
-1230.9165845496893,3169.274316844968
-1230.7962344803166,3169.777038360025
-1230.7396659841497,3170.525351079846
-1230.498842673001,3171.8413139771405
-1229.9428633381744,3172.5957471267398
-1228.8842523433505,3173.1042336395894
-1228.0745544314111,3173.6096599057396
-1227.2731291542377,3175.306294598807
-1226.597952506765,3176.6872386581526
-1226.2887178156425,3177.438611340196
-1225.7965359287562,3178.3199341205727
-1225.1757594558142,3178.948276031524
-1224.6163014963417,3179.514781178876
-1224.0001402055404,3180.583916348584
-1223.503168897348,3181.0864901788964
-1222.6297817091313,3181.2831843921294
-1221.375097646423,3180.855398904401
-1220.184035868503,3180.614352549224
-1219.3673838539971,3180.0567493298827
-1219.110014400099,3178.996580017876
-1218.419439008849,3178.8145493889156
-1217.852843529506,3178.441813690745
-1217.4716688555309,3177.508410196746
-1217.2142834004544,3176.572129692722
-1217.2096159463704,3175.884656252888
-1217.9543721245013,3175.065309470617
-1218.4488413434844,3174.5598423152055
-1218.070037909247,3174.002195080067
-1217.8174193643058,3173.6264070273514
-1217.7501896400563,3172.9429156244523
-1217.5577455114274,3172.317362734307
-1216.8082542534921,3172.3232526041043
-1215.9348351091814,3172.766827181704
-1215.0035454081376,3173.7119344790563
-1214.0710438541664,3174.347419587635
-1213.2672576922268,3175.6042600641513
-1212.9604192880304,3176.5436610857278
-1212.7207746065058,3177.794587987012
-1212.7904669446677,3178.795881252936
-1212.797597887367,3179.7940743815675
-1212.4317528158167,3180.986232946528
-1212.5013855189854,3181.799498590565
-1212.882576046945,3182.6099108864573
-1212.828396088009,3183.6111885010737
-1211.895940169941,3184.554400733928
-1210.8383165306238,3185.188872865075
-1210.2777235100518,3185.5054067173837
-1209.094992139681,3186.016972000923
-1208.3419387552276,3185.8349342205565
-1207.775426706672,3185.4621991323625
-1206.9019808415626,3185.4680741708044
-1206.1524824543994,3185.53890173418
-1205.5906459962441,3185.7946883266627
-1204.9638682201116,3185.7366551805612
-1204.3382661691085,3185.615580607141
-1203.7716859687202,3185.1199544801516
-1203.266507789204,3184.559299484624
-1203.0730094989908,3183.6869667293686
-1203.5628011758943,3182.5568674737883
-1204.5624789211956,3182.362082619606
-1204.3028116492908,3180.988201549756
-1204.9165150731149,3179.5463013107624
-1205.5351091814134,3178.3512814863693
-1205.3390929391674,3177.6028371217717
-1205.8961859721876,3176.597632705314
-1206.3257204110978,3175.720291002555
-1207.0067856440317,3174.586325766697
-1207.3101436969207,3173.4591957510156
-1207.241602718446,3172.583886163217
-1206.9855349391278,3171.773489843778
-1206.7931889696815,3171.024946169444
-1206.911157793999,3170.2116044315885
-1206.4755130089115,3170.59029809721
-1206.1003243633002,3170.467359659092
-1204.7192943855268,3169.7916832253354
-1203.410246722993,3170.4879692218465
-1202.1012900609835,3171.1253035118734
-1200.8489839089532,3171.0082403887113
-1199.5966174200194,3170.706341780565
-1198.4068284172638,3170.2784676751157
-1197.5900594231384,3169.9725340322616
-1196.8972017991916,3169.354001305597
-1196.5158272217968,3168.6664808923065
-1196.82282348,3167.7882257488627
-1197.0056500886685,3167.286509100672
-1196.448596454372,3167.9788999166544
-1195.7628186968818,3168.1117803673274
-1195.1939249371076,3167.4271293671973
-1194.8776143440668,3166.7407143734854
-1194.6190506138364,3165.868273950989
-1194.1739613593636,3165.057854445629
-1194.169375544885,3164.371378534722
-1194.2897624149011,3163.558136698309
-1194.9057780701798,3162.3010717679426
-1196.1509977878763,3161.7276679202937
-1196.6093716879377,3161.6968027667876
-1196.0861467354255,3161.354996088186
-1195.3318633487988,3160.9850313210404
-1194.6377617901467,3160.3015617587635
-1193.6392882011933,3160.187523671297
-1192.5769631953315,3160.3812046314165
-1190.4571877082458,3161.1484132045553
-1188.9616585478916,3162.2234264836306
-1187.8415030539911,3162.6079213942185
-1186.5301584255985,3162.9935897789856
-1185.089004877175,3162.8174537139
-1184.3370492816796,3162.508536728466
-1183.6548647684451,3163.263954461881
-1182.9124988708813,3164.3330766737745
-1181.6731936503295,3165.65789516931
-1181.0487873378108,3165.9745226102477
-1180.173027167073,3165.7926714413934
-1179.1685715167919,3165.487713778555
-1178.4130516381313,3164.995058426023
-1177.5396949663511,3164.938892027207
-1176.9730815072644,3164.6930399892417
-1176.5327827428848,3164.2582781132337
-1176.0925673486695,3163.8236160239353
-1175.46101867001,3163.203895377649
-1174.8968471192968,3162.7703153965745
-1174.8862397282383,3161.519157432002
-1174.5768723563963,3162.020759260659
-1174.0186675070606,3162.5882649893083
-1172.771060827655,3162.9109014407263
-1170.8281907884857,3162.488923691746
-1169.8260701194054,3162.1840670381184
-1169.2702618418275,3162.9384039644483
-1168.651709482956,3163.819714254739
-1167.8419836469143,3164.5740203316927
-1166.5259839686764,3164.1492270440513
-1165.5214671158042,3163.6564426921964
-1164.8309958265013,3163.286587822687
-1163.83124076568,3163.4213276697915
-1162.8905219054022,3163.051542336641
-1162.387743965457,3162.6167735439717
-1161.0691806156221,3162.0041525817715
-1160.126140726711,3161.511376235966
-1159.7472429572545,3161.0117854544987
-1159.3659483216602,3160.328256513708
-1159.5489017083517,3159.4528779306434
-1158.3662082348217,3160.3371131980703
-1157.113824214059,3160.1580116440214
-1156.4234432152032,3159.726312770231
-1155.6667769096757,3159.0427387378813
-1154.9738625947173,3158.1732395689983
-1154.2184168645874,3157.7425305150346
-1153.280108458727,3157.436586028084
-1152.654557161642,3157.5664843112086
-1151.5910036552946,3157.5753340341134
-1150.7766435719705,3157.332446291358
-1150.2737588473485,3157.0855062310397
-1149.5916065825802,3157.5910541433486
-1148.8467866886808,3158.283425221075
-1148.0997370274156,3158.7890652263277
-1146.9759958927114,3159.1735644785754
-1146.5381529374267,3159.1156574907136
-1145.7850352919181,3158.7456967607154
-1144.906862140899,3158.5018043950727
-1144.2813258283568,3158.5077147327725
-1143.5907625417983,3158.199905505947
-1143.0265592526894,3158.0179951228074
-1142.585166855869,3157.645179057677
-1142.336116806891,3157.395376917023
-1141.8982513899107,3157.5251985006357
-1141.2100696887976,3157.531101574668
-1140.1477526829547,3157.6639412072923
-1139.334461902987,3157.545841056004
-1138.4575099503631,3157.552819158601
-1137.710369785983,3158.12229957284
-1136.649235770952,3158.1281587535937
-1135.518515856476,3157.5734182222027
-1134.7690380396234,3157.4564232518273
-1133.5827280467938,3157.9029607911707
-1133.1472378027777,3158.4054468002205
-1132.6550636165925,3159.2857768344893
-1132.7896400360494,3160.472910274899
-1132.5465460549817,3161.3502772579486
-1131.9823059553216,3161.4800843786693
-1131.1667389214529,3160.8603449401858
-1130.9731134139784,3160.299830260498
-1130.8444913455,3159.548402905588
-1129.4045037119768,3159.375367573535
-1128.3350180720076,3158.758590970003
-1127.5796154721866,3157.9512303025817
-1127.5641687092927,3155.9486596411816
-1127.3020779127385,3154.5127363125025
-1127.6089847468006,3153.6354764546745
-1126.4805846569027,3153.2066209973354
-1125.539765151416,3152.9627230597466
-1124.846970310928,3152.4700792946364
-1124.465709755797,3151.471742670145
-1123.894336588524,3150.538320636055
-1123.6359009997018,3149.2252891000053
-1123.1294032164903,3148.4799023263836
-1122.2476927632038,3147.79930878501
-1121.9254288052387,3146.613151055257
-1121.5477106797475,3145.9904711808304
-1122.0399062464244,3144.9244072197143
-1121.3517236532934,3144.9303117247673
-1120.7202539533675,3144.3077019712905
-1120.3389702268823,3143.5012833516644
-1119.8939646731294,3142.6258307232733
-1119.0748445900117,3141.695572056216
-1117.569833701223,3141.1437824839245
-1116.4437997975108,3141.1526288268046
-1115.193885575269,3141.2262980014207
-1113.8777902098423,3140.8594663396493
-1112.7493950526175,3140.369765377497
-1111.375473805706,3140.8812207512515
-1110.4382941067815,3140.8870971924002
-1109.6214579967166,3140.3943404349006
-1109.2402642162685,3139.521987921687
-1109.296830949012,3138.7086379209513
-1109.5387556476508,3137.8303725016303
-1109.7240661812511,3137.454538223863
-1109.0984307587937,3137.5844393326943
-1108.4103674379867,3137.2756354452886
-1107.5298152444207,3136.659880510091
-1106.839332731112,3136.35107645863
-1105.8985252512425,3135.984289197574
-1104.8291408821856,3135.176794411941
-1104.1988439721451,3134.496231498311
-1103.8270696056313,3135.124609882679
-1103.0185358807348,3135.6910934316106
-1101.3979528253783,3136.2056141031435
-1100.8974345465426,3136.396377240319
-1100.9057662159676,3137.2097347407503
-1100.7889305700069,3138.399831326415
-1100.4820948861775,3139.4010805211665
-1099.6193240202253,3140.8458515353514
-1098.4366694985056,3141.4182775670906
-1097.8724286877564,3141.5480866886046
-1097.3200567712538,3142.9280563391585
-1096.9494369590118,3143.6793263800746
-1095.581508468429,3144.317765681191
-1094.6432088900242,3144.6374551252006
-1094.0848694312053,3144.9550932519146
-1093.0202231032997,3145.0259934652436
-1092.1443688971299,3144.9059949481143
-1091.3276083270036,3144.477179115153
-1090.6371544927556,3143.9166087591857
-1089.6939423890688,3143.423739582042
-1088.6269405997864,3142.9330509312426
-1087.8077201853503,3142.1254866743793
-1087.053556734668,3141.383066215428
-1086.4869608524352,3140.9492916756367
-1086.105653296522,3140.3267125467955
-1085.9144225410782,3139.9540271656365
-1085.288906320363,3139.772013495676
-1084.665662311868,3140.150691454278
-1084.0472209187478,3140.844079325838
-1083.6164305303657,3141.848307537965
-1082.681613267549,3142.3568241485036
-1081.9309449334582,3142.4246688013313
-1080.7434479164585,3142.306631173872
-1079.6741170918401,3141.7519041485234
-1079.1122403090362,3141.631942162316
-1078.4819493008463,3140.8864440829175
-1078.4145910612112,3140.513673027725
-1077.9743985388238,3139.8262505013554
-1077.7807622142743,3139.3304742649416
-1077.6521215507755,3138.7050311298276
-1077.5824840700016,3137.8297223915456
-1077.6414321801494,3137.3279895731207
-1077.3298444774698,3137.5838117709063
-1076.585035424463,3138.2122490744164
-1075.7116404001886,3138.4710007768035
-1074.835861638461,3138.4149432101262
-1073.9575944851879,3138.232901966264
-1073.3308266713186,3138.0509886837044
-1073.0794454629188,3137.740241207023
-1073.0121012069144,3137.2404892180584
-1073.0688316896176,3136.4272387738197
-1072.9990410454711,3135.4259465777677
-1072.7418209335533,3134.366778780379
-1072.543416491937,3133.2414837143624
-1072.5386830538037,3132.305235398053
-1073.342440637981,3131.17127446602
-1074.3964256398558,3130.2259677193347
-1075.3335582200764,3129.905378423248
-1076.3310218265358,3129.396868133981
-1077.2067803081534,3129.6407539386723
-1077.3283667475416,3129.2031670139836
-1077.4498981909162,3128.512715382106
-1076.8833080685965,3128.01699704256
-1076.4395203476884,3127.3974037770954
-1076.1207808825316,3126.7108927184518
-1075.6155506571592,3125.77648352212
-1075.0513372317068,3125.65652151538
-1073.9902478253946,3125.9771967087863
-1072.9870080192923,3125.921125044343
-1072.2374435446434,3125.804134959212
-1071.423002595908,3125.496317099461
-1070.6074003638817,3125.1294475403542
-1069.9758354120086,3124.571777992812
-1068.7932574860702,3125.2032593112763
-1067.978795128477,3125.0862623313624
-1066.8503959054758,3124.5953697825644
-1065.904873099529,3123.8499372476927
-1064.5888148396182,3123.1103488948374
-1063.2149005673182,3123.5597670294774
-1061.3416567926367,3124.0132198400024
-1060.2156349560294,3123.895191555357
-1059.5877259326685,3123.4615115870815
-1058.956271217134,3122.6540703077094
-1058.698875663059,3121.6557500168374
-1058.9974214176812,3120.1518614214892
-1059.8046539705922,3119.2706647076093
-1060.116415024582,3118.956987325152
-1060.9874199655994,3118.4484614757407
-1062.295206292118,3117.814000584149
-1063.2949715350965,3117.6174055462234
-1064.2333004719665,3117.7992529716794
-1064.5532926642195,3118.4827712858623
-1065.0477078187894,3117.666477164211
-1065.4159837287762,3116.9760527880426
-1066.1631015836067,3116.5973873559456
-1067.5370867348386,3116.2707611457877
-1068.4764932253356,3116.514752980425
-1069.478712204364,3116.7576546621453
-1070.1691280678206,3116.9395747910335
-1071.1689560081927,3116.930708924991
-1071.604507198699,3116.6170457400185
-1071.9113200505217,3115.799633776375
-1071.8452336142761,3115.239034827426
-1071.151098969328,3114.7434023379324
-1070.6471884465896,3113.932882310475
-1070.2635222608317,3112.749811759688
-1069.5080833079644,3112.1921284351442
-1068.6275126207547,3111.6993680842243
-1067.8720038612457,3111.0177961455383
-1067.2429333999066,3110.5221711827517
-1065.9917715244728,3110.5310095293166
-1065.0533512859051,3110.4139990211766
-1063.7349487099461,3109.735257666134
-1062.918114743923,3109.1775680549326
-1062.3502850821783,3108.559058956076
-1062.093021917256,3107.8715577007097
-1061.7767063706578,3107.126095513655
-1061.51931069299,3106.127775162371
-1061.634981087495,3104.873838419147
-1062.1859946009915,3103.6816947375128
-1063.12205858162,3103.2382129000607
-1063.4926637136457,3102.6096333399055
-1062.740852243034,3102.427806649154
-1062.7277692905382,3100.800992454328
-1062.4090693569615,3099.7407209307958
-1061.9015005900526,3098.8074094819453
-1061.5792275326723,3097.6212538657974
-1061.6925130472875,3096.059390520765
-1061.4327259476333,3094.8084047321618
-1061.2320596486056,3092.9967341979986
-1060.5367129141582,3092.127341418332
-1059.7200440920317,3091.5696521106534
-1059.0907980635222,3091.137867288917
-1057.7687495249745,3090.210351405739
-1057.2648294112778,3089.4649684599603
-1057.1301319272459,3088.5256136611224
-1056.9967128484507,3087.3395787764707
-1057.114690696057,3086.338307457009
-1057.9173375967996,3084.7046007723243
-1058.656129106549,3083.451630507832
-1059.2746765263823,3082.570412977423
-1060.1565313147978,3082.0398436626015
-1059.8317389032995,3081.754025792509
-1059.4504480093149,3080.9436196877773
-1059.0041963125084,3079.9452785959907
-1058.997133026439,3078.944093258037
-1058.360829629422,3077.449079036852
-1057.53699869086,3076.0160883092103
-1056.7118531073663,3074.399259392483
-1056.6964474012798,3072.645563807798
-1056.2561596431156,3072.0229794247407
-1055.6872569186019,3071.277489678021
-1055.5501737957882,3070.0305075695733
-1055.4191666595452,3068.9052203855995
-1055.220779362845,3067.593294697192
-1054.9611639745933,3066.283257521121
-1054.7627698782235,3065.032079221325
-1055.0047116710357,3063.9699744142818
-1055.4307403586122,3062.2752792883252
-1054.3613500106883,3061.40883833348
-1053.7947409017356,3061.0390051249587
-1053.0416051452785,3060.731195596662
-1052.1634206823196,3060.487212008791
-1051.4681678672002,3059.4930334620494
-1051.2108806325032,3058.2448412732624
-1051.197767945978,3056.8708918779616
-1050.5120749129694,3056.937748604102
-1050.0068810100001,3056.3771017848057
-1049.4355222452086,3055.194011627895
-1048.737870346581,3054.0108079510264
-1048.1040523160607,3052.642775698263
-1047.7793706622058,3051.3307366505123
-1047.774628116909,3050.4553355794246
-1047.2670280467996,3049.7717974138905
-1047.3235900382879,3048.9584471557546
-1047.6894892655748,3047.892265995135
-1047.6823618899298,3046.7031528753746
-1047.2361275314993,3045.5200765311038
-1046.6672363813927,3044.64770613992
-1046.2233594392408,3044.0280145884312
-1045.5954240786184,3043.7821636629164
-1044.2781720430366,3043.165469286709
-1043.7681098123528,3042.1052773930173
-1042.9466585363464,3040.9869975418883
-1042.5039831261165,3040.053594499341
-1042.369393728964,3038.867559782565
-1042.3008997422644,3038.1799798829093
-1041.4840447656995,3037.748175865483
-1040.978869700092,3036.99980121789
-1039.8480598835542,3036.322180817131
-1038.972201798283,3036.1402428142533
-1037.783642305289,3036.4639006493207
-1036.8487810963363,3036.5347213768164
-1035.8443277451297,3036.040953206286
-1035.021527085037,3035.0455651281354
-1035.6376131879385,3033.7916821966032
-1036.1321970895597,3032.9752869547483
-1035.7544758005597,3032.2887709634
-1034.7440132364045,3031.0465826923737
-1034.5480776502682,3030.1722582825582
-1034.6023366329582,3029.0470911715415
-1034.5928087860311,3027.670149765995
-1034.5207607381044,3026.6719499947894
-1034.8276632900286,3025.7935900927578
-1035.133301259919,3025.039218540217
-1035.8756748402454,3023.8461963932723
-1036.3761977088302,3023.6553301451595
-1037.2472933451725,3023.1478994600498
-1037.7465310765645,3023.270844682088
-1036.9922983404404,3022.2754638651822
-1036.7337730855984,3021.649907592786
-1036.1671745361266,3021.154291491685
-1035.4152861349373,3020.848378732298
-1034.8463155980469,3019.915062197887
-1034.9667405662185,3019.41343558445
-1035.2098562776719,3018.285296388548
-1035.6393685815665,3017.533930708214
-1035.9125780254712,3016.5907301250795
-1033.4453042436892,3014.695824431581
-1025.6540314395738,3006.398234476859
-1024.8096040775658,3005.5717206920995
-1020.5560196710261,3001.4125164584366
-1018.7395411396136,2999.6985294510505
-1012.3085751448992,2994.9224473396057
-1009.117091271745,2992.74986908174
-1008.6141912056044,2992.531963573476
-1005.6512598988876,2991.2435889209587
-997.7834832457154,2988.2420071440415
-994.6399914977295,2987.3633875327027
-990.2417058755955,2986.76832656627
-983.5575206586989,2986.299116203225
-981.9322088223281,2986.375756730556
-980.9914655745204,2986.00598932944
-980.4874380442557,2985.3834019934347
-980.232423894974,2984.63794889617
-980.2216882857786,2983.574719275923
-979.9738230578813,2983.889502959382
-979.6009215204539,2984.1422297845165
-978.9741356264036,2984.0212695659347
-978.3462072497495,2983.6515343515243
-977.5966308079835,2983.5315592016473
-976.6582613646649,2983.6022856834607
-975.8461733399723,2983.7961158202984
-975.0990421096551,2984.239725053395
-974.5372257170718,2984.242660449628
-974.0968775207447,2984.1227169876074
-973.3450741389809,2983.752969525005
-972.7832448503449,2983.8827862201138
-972.0336241012689,2984.199514234636
-971.4718074041776,2984.205442295109
-970.842704651514,2983.8975520602185
-969.9054514338645,2983.6546672996287
-969.2739672393926,2982.973115795364
-967.8881249582581,2981.607905769943
-967.7029193570079,2981.795814901212
-967.2649524851216,2982.048535633088
-965.9499782360397,2981.8726447585914
-966.0196459491095,2982.5601244235904
-965.8368027659161,2983.311518012076
-966.1531546102733,2983.811094704486
-966.2853540257504,2984.809399705753
-966.292517005225,2985.745747752648
-966.3007640215883,2986.685986139316
-965.9987441505742,2988.0009516690893
-965.3188750751333,2989.00515989106
-964.6944643082032,2989.322798828977
-964.258923177831,2989.5136753407405
-964.7618025973585,2989.948433645351
-964.7051765987741,2990.634903118894
-964.3440219671674,2992.7021725042264
-964.2897895950509,2993.6425043676186
-963.5474350182817,2994.7117430353815
-962.9265931779058,2995.213220541215
-962.1120996506513,2995.2840606285586
-961.4889783069441,2995.2260437734494
-961.0462425923666,2994.79428414037
-961.2387073160219,2995.4168392420047
-960.8680275510378,2995.9833785398705
-960.1822995788301,2996.36205824265
-959.4941064277554,2996.367974358972
-958.9298839374316,2996.248019203218
-958.6748751911435,2995.434637350738
-958.106037564131,2994.751097835024
-957.7896329675028,2993.9436948417015
-957.9028720794315,2992.6895573087663
-957.7766092848877,2992.3789251627563
-957.52158129869,2991.75626413994
-957.5132500155612,2990.8159259979834
-957.3822822835834,2990.0055490448135
-957.6253707526256,2989.0663332382064
-958.1812623645799,2988.2469476664783
-958.8079833868834,2988.1821731915447
-959.4949258720338,2988.176256901166
-960.6860054887386,2988.5430547795104
-961.1912273164662,2988.9127765477315
-960.3719764921433,2988.1703596959883
-960.0543732384025,2987.6705835677226
-959.9665954593996,2987.064098616552
-958.3797778303822,2987.590516894513
-957.2536897406602,2987.96316787019
-956.501790652298,2987.713220700309
-955.5045027313945,2987.211481751295
-955.1905137205415,2987.272397345098
-954.4398285736821,2987.3963111035723
-953.8142110316762,2987.2692679367465
-953.0021677651642,2987.0204123164153
-951.9386554465872,2987.266089177047
-951.8147806653989,2987.2660768875194
-950.8776238809614,2986.8903278358853
-950.5010192604445,2986.6404183411214
-949.6889515172428,2986.6373454429367
-949.1873503548628,2986.7641770034897
-948.3776741268833,2986.1966227680273
-947.9398656477124,2985.6978326514118
-947.1253969659504,2985.5100239047265
-946.813765317275,2986.1964683020137
-946.1255723329964,2986.193407930057
-945.2497023760343,2986.067437894317
-944.4389165502307,2985.7525490336548
-944.188747849122,2985.752524410329
-943.9384957366835,2985.75249978496
-943.5618232528559,2986.190162966174
-943.1865160290137,2986.317007261711
-942.6860243036955,2986.1900768724154
-942.2409313124743,2985.96519806885
-941.7199741575397,2986.1249454082235
-940.9078930428094,2986.2577318888007
-940.2823331764123,2986.390636473146
-939.7829844903457,2986.516471246738
-939.0925101236265,2985.9589044098807
-938.5872996260302,2985.463100608992
-938.3346649560907,2985.0894147586073
-937.6489430434391,2985.4071492080093
-937.1472176111379,2985.099273631311
-936.5181322518548,2984.6025600991643
-936.1391197453354,2984.232851941212
-935.6339213812114,2983.6101671005663
-935.6292395915887,2982.861846875735
-935.2609375699411,2983.8630951305686
-934.825461797791,2984.242698793466
-934.0133746750975,2984.4365324713553
-933.4515400375543,2984.6272983342656
-932.8932737974421,2985.0088851209966
-932.3903743214136,2984.763053784684
-931.5145929137333,2984.5811256149677
-930.700117328511,2984.4601503366976
-930.1358996875623,2984.27925001204
-929.5716762232759,2984.1581993404934
-929.1950705440183,2983.912380414788
-929.005082210772,2983.5357083977665
-928.623853490759,2982.7901447034787
-927.68302442544,2982.420382525756
-927.0574055082242,2982.300423310894
-926.8048414786405,2982.053519226451
-926.3646122769036,2981.557921841973
-925.9207130678437,2981.0582344048757
-925.4910939286701,2982.1244139559794
-924.9990071168233,2983.0676962783577
-924.2541776634623,2983.8869658132935
-922.942843259095,2984.022698211178
-922.00686348511,2984.4043490503564
-921.5170708770054,2985.784234768458
-921.0921531101625,2987.413998911228
-920.4147429963184,2988.9207478727785
-920.2955630125866,2989.546264740121
-919.9863521265746,2990.236700224603
-919.3655119658343,2990.741372520605
-918.3008556469763,2990.751245492101
-917.2373021222793,2990.569200903689
-916.9233428818175,2990.3223909513085
-916.7946894414489,2989.6998428401794
-916.0416091720203,2989.5798721649026
-915.4774098732136,2989.207054910394
-915.0960196808803,2988.396754396506
-915.1503302997505,2987.4603124993423
-914.6450293922722,2987.025656306844
-913.7055583831378,2986.409115684005
-913.1353882488401,2985.663534616874
-912.3834158036716,2985.293791913947
-911.9479471754092,2985.6085595171494
-911.0721415409673,2985.678300870557
-910.1939523724502,2985.3734831878955
-909.5033690965474,2985.0656908976985
-908.9980972724405,2984.3202159747284
-909.2555121073171,2985.318432304156
-908.6322886960895,2985.447249447515
-907.7565010264515,2985.327267801259
-906.942024827521,2985.210284509175
-905.5020072665209,2985.034290350741
-904.6225665969245,2984.7294730689305
-903.8706891298286,2984.2327500938477
-903.9380253116826,2984.9232215707666
-904.1280748385105,2985.545775290058
-903.8885430504548,2986.8607486543597
-903.7127362610845,2988.2386698832133
-903.0895611472032,2988.743243262869
-902.0898152524024,2988.6262429518792
-901.3993095646706,2988.3803956005545
-901.092352361303,2989.069834410953
-900.410166013632,2989.95115579337
-899.2215396700058,2990.086902951895
-898.1580864195432,2989.7201246574014
-897.5914613473517,2989.411247574695
-896.5893139117277,2989.1064195475915
-896.2742038130596,2988.671682349297
-896.1407518759537,2987.609538594232
-896.007294225266,2986.608241960381
-895.6283872712793,2985.985670768814
-894.9967970154169,2985.491952198437
-894.9331187204432,2984.9283623245346
-894.8634691393318,2983.992108253576
-894.4797413162529,2983.1817085972352
-894.2861334294738,2982.245343220723
-894.466718861835,2981.4928508201515
-894.2116921280743,2980.8094441248786
-894.70626103646,2980.0539885151234
-895.5772755051181,2979.4845008862653
-896.5746674956263,2978.915025153017
-897.50707170017,2978.406590052899
-898.5067762941443,2978.0858896587015
-897.9403230979609,2977.716065718126
-897.7466205043315,2976.902691245906
-897.491694891241,2976.031356666446
-897.1127466755404,2975.8464856435894
-896.5461383086995,2975.3497805744173
-896.0409368945318,2974.72719757645
-895.4743283129608,2974.231490064218
-894.9726009332694,2973.923716452847
-894.2845014658952,2973.802756052089
-893.6553894846996,2973.5599074719385
-893.0887925315388,2972.937219163111
-892.5918275221568,2973.4429022041636
-892.0299988158328,2973.571726134372
-891.5944758970461,2973.574678130786
-890.7127272838999,2972.9549531587422
-889.3328864205869,2972.4033109026827
-888.270480360996,2972.413287165662
-887.2683912711053,2972.357135295586
-886.6428372442134,2972.4251065327667
-885.8259810098723,2971.8704245934027
-885.6347564538662,2971.309815495514
-885.8176656546576,2970.68131162438
-884.932297742672,2969.501095155319
-884.2381603067902,2968.81655100199
-884.1071976770683,2967.8802913748914
-884.2311016353889,2967.5664912883676
-883.795549521845,2967.883255146543
-883.0460367949215,2967.951115445518
-882.4145453033244,2967.2705671650197
-881.281314590611,2966.40104752627
-879.9639575747984,2965.7884654995964
-879.2770138101123,2965.7913949979684
-878.4626191202836,2965.6734166461456
-877.4652495892341,2965.994119337098
-876.5244828968647,2965.815082978219
-875.6462191509197,2965.381392284995
-874.9534035750659,2964.826722598148
-874.7079490361242,2965.2663954245813
-873.964296176598,2966.0217296075766
-873.0873042614395,2966.2774071297317
-872.2162292184486,2966.597124369806
-871.4029795699864,2966.7299166246075
-870.5909093038605,2966.735827859799
-869.6477577796622,2966.1781433693086
-869.0835379936785,2965.996348893203
-868.1427217126268,2965.4416572422724
-867.8263470733909,2965.1309093429445
-867.3319464468608,2965.8852690897716
-866.5221722660876,2966.328881098271
-865.399676619543,2966.652566229111
-864.7114872616435,2966.5934525483285
-864.1472729153886,2966.350611753562
-863.4544515252288,2965.853897280881
-862.8227919517955,2965.170357797766
-862.3176878434086,2964.3629410134986
-861.6896533980579,2964.180941746018
-860.8752699218277,2963.934088705068
-860.246006457881,2963.503414248942
-859.8057788051383,2962.94278334907
-859.300568537469,2962.385139130271
-858.4199067749938,2961.7035726289996
-858.2286635997416,2961.3308918921934
-858.2215792832827,2960.3296071270142
-858.713666143053,2959.3254742987033
-859.4585030142456,2958.382211242509
-859.829083533635,2957.941551751767
-860.3211706910338,2956.9373192615344
-860.7568059405946,2956.620654105592
-861.5688050324213,2956.487860830905
-861.9996580589394,2955.5486595160914
-862.3726524555993,2955.16884745037
-863.1173840115185,2954.476454336069
-863.4217817034664,2953.475297355162
-863.5398358220664,2952.3471426670512
-863.8490878689487,2952.094305864455
-864.4061525300152,2951.1521235500704
-865.9594088362525,2950.015120867211
-866.5814225328487,2949.4456081605663
-867.8207288838032,2947.9358140600393
-868.3766319285329,2946.931687517364
-868.7459905565927,2946.1762192818032
-868.2998906748988,2945.055095802409
-867.6093087664955,2944.6853621869773
-866.8550238420681,2944.0037066036016
-866.1066151376257,2944.759040942823
-865.6747048280129,2945.387622449789
-865.0526967855955,2945.892098625271
-863.8675465231775,2946.277722623731
-862.8041535916099,2946.098776324732
-861.7370292560762,2945.6699576536025
-861.3664257338223,2946.360489215934
-860.0598803448746,2946.997770438339
-858.8748140931634,2947.3805023305895
-856.9365856043887,2947.583119471568
-855.4965504180715,2947.531021539859
-854.682092629016,2947.164270288271
-854.1154970957331,2946.4797396957815
-854.4354596875858,2947.727832222914
-853.9433894030227,2948.5441372083515
-852.7570553636621,2949.117690276993
-851.698289658576,2949.4371931877467
-850.8224867371332,2949.4441976848047
-849.8204058976663,2949.265258260839
-848.6836327374701,2947.835250509189
-848.1736326372513,2946.714022562521
-848.0378053368132,2945.0901906721365
-848.4036195616993,2943.8361740162104
-849.5165513649623,2942.264521788172
-849.9498065928303,2941.510055979925
-849.2569322681939,2940.6406789287144
-849.4326543461075,2939.198817451723
-849.5482875366002,2938.0746523791195
-849.4785443646304,2937.199345547317
-850.0332949284323,2936.0071903080225
-850.898365643025,2934.750325286901
-851.2052654910478,2933.7460759324517
-851.1922074022871,2932.372127070816
-850.8710705321241,2931.1859789329874
-849.9999709097125,2931.755470565673
-849.0050012942767,2932.2640044627055
-847.9414122192702,2932.395878808899
-846.5627922833913,2932.0939154968664
-846.0599043966665,2931.66016091501
-846.1910546348612,2932.4086916843657
-845.8816747657933,2933.1630688277387
-844.572809698395,2933.6096311555257
-843.5116506792483,2933.619512736181
-842.6947559053267,2933.4374981166684
-842.0668354444382,2932.879943800887
-841.5593252694463,2931.8846001399
-840.3634617396136,2930.7654072369287
-839.7862017337845,2928.9567012759817
-840.0906976730502,2927.767615810157
-841.4586671819786,2926.8195182649356
-840.4564841972064,2926.8254153854978
-839.8898972257206,2926.0178946938536
-839.503865038266,2924.7697969109113
-839.3691819300192,2923.395937190895
-839.1732371709173,2922.397628454679
-838.6090145089012,2922.212643804998
-837.8028480523706,2923.346723599602
-836.6153986497806,2923.2937528164784
-835.6699486152825,2922.2374244491803
-834.7267016852502,2921.7436827534293
-833.3479963937422,2921.441821087778
-832.341133641943,2920.5763082363833
-831.8335440081842,2919.51612802343
-831.9467891880049,2918.0122167528602
-832.6265768262019,2916.882215232538
-833.3051914901898,2915.813060768645
-833.9897523592583,2915.434371940403
-834.5469050163854,2914.430243588256
-834.3508817967074,2913.366998127757
-834.1584071894774,2912.7444456475573
-834.2127266622288,2911.6203748508156
-833.8277669201326,2910.4950688751474
-833.5681171902883,2909.1831427530415
-834.3057742536776,2907.3644768309814
-835.2310226432022,2905.731760100767
-836.1633797796314,2904.8505557418725
-837.0982797167115,2904.466003745346
-836.8998535893763,2903.2179224765305
-836.5186254860099,2902.346578596086
-836.19507774144,2901.033449859517
-835.622542564589,2899.5396533567305
-835.0511319239305,2898.541312049866
-833.7362272329375,2898.3652398294103
-832.7966265609176,2898.121370793534
-831.9148724925313,2897.4409039374855
-831.4722370459446,2896.6953388824622
-831.0801888963804,2894.571940369366
-831.379911730509,2892.631342619982
-831.9959859836346,2891.3124103039604
-832.6145249620724,2890.431178408133
-833.9234006650903,2889.923667614328
-833.5385958085017,2888.925442383957
-832.9129766489825,2888.7244928427394
-831.3718819396779,2888.0688064221026
-829.2186300057986,2885.877326247676
-828.0638048004637,2883.748774786174
-826.2330953987735,2880.0175921198297
-823.9707713925295,2872.4810346802624
-823.2118903467168,2868.8756289450616
-822.5853704455621,2865.542151372882
-822.1454456121165,2860.397042129925
-821.2542208075989,2857.2632402027493
-820.7058379699492,2855.1927957644175
-819.5570567689383,2853.5319706395335
-818.00529147071,2851.739242642525
-816.6555598954665,2850.0103716870476
-811.8510824612814,2841.9589945035787
-811.0368242652467,2840.0924158412067
-810.1479680216255,2837.492274242445
-808.9658650046696,2831.2868673764046
-808.2577623849169,2825.8758046612124
-807.8380403602522,2823.40567626584
-805.9965961036485,2818.1395539736627
-805.7778235507001,2815.7363743883293
-806.017550440764,2811.9902081625874
-806.1331818880825,2809.851791447047
-805.7833468784312,2807.581566757697
-805.2395843562751,2806.046677964713
-804.0163632127412,2803.6492994289924
-802.1974349132713,2801.390921808336
-800.1751966753432,2799.336215742422
-799.3656375072081,2798.069231866141
-798.7427140669711,2795.4690139026716
-798.047666260633,2791.4640200224394
-795.9789983162494,2782.923309673777
-794.9507332825171,2779.388905832789
-794.338480194863,2777.855109293287
-789.054090613192,2768.136992980983
-787.4265875076303,2765.0062263252207
-786.3463495088629,2763.478277139804
-782.1672383398312,2759.0283171394103
-780.4853944624317,2757.3034144145736
-780.0114705881297,2756.504982190805
-779.5351544363429,2755.3747835061017
-778.9855054811346,2753.3043416584596
-778.6260719670352,2749.966799487782
-778.7912162755983,2745.1515135269074
-778.4849112480439,2739.873452176311
-778.4043962998047,2738.00384389863
-777.4565624220652,2736.207082065755
-775.9011538807138,2733.7458408683397
-774.7487852869837,2731.813204187905
-774.3374165266104,2730.078530094932
-774.0984226465068,2724.8695009765097
-774.0769600467536,2722.062652828213
-773.8666001846804,2720.7244985889465
-771.9468724001384,2714.3901617434462
-770.1644564969994,2707.987907063019
-767.3004235906516,2700.454408844936
-764.2451074180922,2693.9290627629184
-762.5466517938722,2690.0618457511605
-761.1069646609757,2685.1295262866743
-760.0667075391962,2679.99025885342
-757.9080422240793,2668.441809653245
-757.694050421278,2666.5721911973346
-756.8064412431235,2663.6383938276604
-754.3537863188385,2657.507806867561
-751.9649818101778,2650.9046133222764
-748.3563329251718,2641.976168584955
-746.3883611183373,2637.714125903726
-745.1024394374951,2635.5176457153857
-744.1497873186003,2633.250369539344
-743.315089978141,2628.8465719774877
-742.8799972457614,2624.1700908198686
-742.8644692717155,2622.167622097198
-743.826243483431,2616.5449274402504
-743.9670769982914,2615.216975723338
-744.292343985332,2609.711237783741
-743.9683064120992,2599.364914620535
-743.8759005159523,2595.8246048538954
-742.9643895035869,2590.0819663564225
-742.4052070428211,2587.013135515892
-741.9085790769822,2583.0051698033694
-741.4914101942749,2580.6019771745737
-738.6213668795582,2572.3350317941636
-737.2644317864713,2569.204195633171
-734.4797770223081,2563.476376805005
-730.8108031523784,2555.1484260172897
-729.6465182989658,2551.546988466381
-725.6146126332831,2539.3459462378537
-724.6595523540703,2536.7448112171965
-723.5697228144217,2533.6122018472793
-721.8735910821,2530.4164056688337
-717.8040672027489,2522.359149739136
-714.8774398504947,2515.0295521114085
-713.9211329476782,2512.29345735139
-712.9601098282774,2509.0278930680533
-711.8678393490146,2506.0939855816696
-710.7864269720087,2504.0974231905034
-710.041816193888,2502.8343424386226
-701.1997294989233,2491.2035225637583
-699.6454248858686,2488.8062340032166
-697.8831383766268,2485.41063961805
-695.8429764430549,2480.814043898421
-694.5546270915031,2478.283809682113
-693.9447241308517,2477.217545338752
-692.2616373104846,2475.6277192504126
-688.0280463578565,2472.3838669322267
-685.5425370890977,2470.5959821749766
-677.1475206823878,2465.043539862615
-675.1950736655725,2463.2538002073434
-670.4898362079563,2459.546287800584
-666.5943772460708,2456.9679959291702
-664.0437722300677,2455.44893660117
-654.4408058432566,2449.5047152948564
-648.7382716369713,2446.604516418917
-636.1155809092927,2439.2872603670817
-634.5082650319598,2438.355894575911
-633.299205866398,2437.4284455623106
-628.0429206763779,2433.9567250759674
-623.4928536906373,2430.9517802675773
-616.2418303647756,2426.5266329294823
-606.3741772107669,2420.7833380556326
-601.676158096448,2418.2779387259266
-597.1801980437403,2415.5696642387697
-586.3692467379713,2408.766195969706
-576.5725095753636,2403.6943486596983
-573.0835520250932,2401.9815441891965
-568.7908490933498,2399.7410196015667
-566.9778194891137,2398.483772078158
-564.1565761558239,2396.699988850558
-555.5062257625495,2392.752504777656
-549.8095882409123,2390.6567434917297
-547.799214132251,2390.203966263198
-546.2615805567292,2390.012958473809
-540.2495461550094,2390.391366108681
-535.4393090717731,2390.5609695001854
-530.8241362580723,2390.329893229542
-528.2169488212467,2390.0119481334873
-523.7328579721144,2389.3122603625798
-517.9736049357682,2387.9499710416344
-508.19818829055293,2385.617210361026
-501.19972424165434,2383.5624060518667
-492.7995382219465,2380.8959719181585
-492.4337959684613,2381.235699192529
-492.1305803130121,2382.3628505040424
-491.64082209570677,2383.6788176614914
-490.89009546518577,2383.8076552929642
-490.4520430493829,2383.8136178517293
-489.9576454200098,2384.5040571162012
-488.7135158249679,2385.4533075763707
-487.9013838792991,2385.709123149992
-486.58757043937396,2385.5331984493996
-485.5252573491298,2385.726957495128
-484.6552977597733,2386.297579150546
-483.969470920898,2386.4912576364386
-483.0912071139721,2386.309470188812
-482.52936516832455,2386.127499224622
-482.15752236927426,2386.6910639757634
-481.65821594838724,2387.13472370104
-480.4731790680779,2387.517402277655
-479.5370845315449,2387.714160784433
-478.9752333553151,2387.717125198207
-478.28699683710306,2387.723075820535
-477.66381440122746,2388.0408459895243
-477.0381480601437,2387.9818630380237
-476.2212122644986,2387.5501075694997
-475.6569541616867,2387.304297347512
-475.52826090973855,2386.7437997553284
-475.3345875996262,2386.059210845715
-475.08788533830216,2386.4967987198006
-474.4635380728911,2386.7527244848
-473.3999120618798,2386.5116776818622
-472.7755773111923,2386.514639382277
-471.9622128764771,2386.3976931798024
-471.33297763037854,2385.9641518745807
-470.8277144380136,2385.4054313459956
-470.26344381966453,2385.409493390604
-469.5138975997594,2385.2914532856007
-468.75953434419176,2384.733817919024
-468.13038225842115,2384.300276827899
-467.68760232730517,2383.7415595136017
-467.5589116781074,2383.1171227439804
-467.4916109580723,2382.67941961962
-467.1173799819356,2382.620349820315
-466.3655037436599,2382.377523497607
-465.79643398641986,2381.567132700059
-465.2910959163641,2380.820684314088
-465.1600661505655,2380.2600870054625
-465.5305735752495,2379.693529058005
-465.2780037339905,2378.9940748583726
-465.22631919236954,2378.220716182226
-465.1648488240643,2377.970741507446
-464.7269753417374,2377.721945582286
-464.1037989885078,2377.9098430656077
-463.2892722240762,2377.660031504213
-462.5397255579601,2377.5371042253773
-461.72761798127436,2377.287193164513
-461.2246957904966,2376.5996969449616
-460.9131392065015,2376.03609853792
-459.9109764037443,2376.1659240117915
-458.9111855863534,2375.540448161267
-458.4731419373984,2375.355492053227
-457.8475822109968,2374.790881263116
-457.78499431386166,2375.22857811777
-456.785173337775,2375.2315229449327
-456.0357099597903,2375.10560369982
-455.47145663417217,2374.7328138426064
-454.90964636976804,2373.857387510125
-454.783275707707,2373.5467622697665
-454.5956491747041,2373.7344815181614
-453.97236861963034,2374.360079492473
-453.2216064007431,2375.2373389119334
-452.4106545261192,2375.2373006418047
-451.7837388638895,2375.11437999195
-451.1605772121886,2374.991459559157
-450.5963180612431,2374.7385686152447
-449.8467681461942,2374.6765891452137
-449.1585455293534,2374.365837897981
-448.9083725805394,2374.1160539954685
-448.4704239183936,2373.6783336760145
-447.72087086429434,2373.6812911531392
-447.3442261687861,2373.493345941805
-447.03266562861387,2372.994784522213
-446.78007919937886,2372.6190172258976
-446.0954115939363,2372.99474090191
-445.2160391445072,2371.493772654907
-445.0283756287381,2370.68340080694
-444.9021258990581,2369.556327849618
-444.7145458909756,2368.742863782743
-443.9612616964464,2368.2431847611538
-443.02403876344584,2367.559659387109
-442.3359018398992,2367.183872103089
-441.64779072341514,2366.2465961918415
-440.645578427673,2365.6210223862445
-439.3978845404052,2366.123601780015
-438.398045454447,2366.5022043074737
-437.7110590559804,2366.5021729439486
-436.96036037656717,2366.003591832365
-436.4586929063315,2365.1901136379142
-436.20606780700155,2363.8161555953566
-436.0172384158762,2362.9408470952026
-435.6419097540697,2361.314019079348
-435.5770181537343,2361.0642439430767
-435.0128002247859,2359.87510720808
-434.8864287527676,2359.5643824799927
-435.0718509905026,2358.313235700528
-434.7602259172053,2357.37298489174
-434.38128967882454,2356.186849072258
-433.8170543252968,2355.3734679441336
-432.7535640304708,2353.87349004505
-432.00403773523783,2353.2480283090313
-431.4397878987842,2352.7483587961515
-431.406168888994,2352.73937984927
-430.0634133579822,2352.3135896587596
-429.70252598025024,2352.313573490547
-429.3812454118547,2352.739289020136
-428.1286610774507,2354.3810063926767
-427.69316856025245,2354.945567872872
-427.13119051228915,2355.8817895543393
-426.3840331423593,2356.3843929279633
-425.3818132390664,2355.884704317184
-424.3170121703522,2355.6998217573214
-423.3196725447698,2356.1404700161243
-422.8816722959021,2356.8279227128123
-422.00824886141817,2356.516068021223
-421.5065794911222,2355.705682844685
-421.31773776372523,2355.0771543566802
-421.1275884321313,2353.8290830605174
-420.43944144591177,2353.6411252497164
-419.8956472495544,2352.7388692294617
-419.87521013909173,2352.7048538303097
-419.6875333144543,2352.1413619585073
-419.37243549678453,2350.452493186733
-419.4349575185118,2349.5771960196175
-420.18221489286316,2348.699933835182
-420.5143404205417,2348.2682335213117
-419.1151031109169,2346.0098486993943
-416.4899289768759,2344.576836055064
-411.612449688101,2342.3953084349864
-411.14088128113025,2341.8906566368305
-410.6403540241285,2341.6438554953606
-409.4216597599019,2340.895284857802
-407.72897880376155,2337.644782925214
-405.97133927021105,2333.706607064706
-403.591716802703,2329.2698585034354
-400.33731729139015,2326.8325481848565
-397.21160163595255,2325.273636404375
-394.95938534927956,2324.2782451930398
-392.1452806617392,2324.0933941203257
-388.01968826104576,2323.726348575307
-384.14431245853547,2324.669621255247
-380.8367713077687,2326.299292770283
-378.08645101139973,2326.992541195667
-375.772814203219,2326.4957986803392
-373.4591893676957,2325.6853452608734
-367.455556979218,2323.6307772087507
-363.64165142018305,2322.758224779535
-360.3895882104073,2322.2006034011088
-356.76457229500653,2320.767469888953
-353.63652786536863,2318.7708724278905
-350.8825655743159,2316.395541680343
-349.19221369720367,2314.959489508472
-346.87733692623436,2314.0262511167302
-344.81404622745487,2313.5914694234357
-342.43777153112825,2312.593093623807
-340.3745225030693,2310.9692018418004
-338.7455040788843,2308.969670072122
-337.6796075967513,2306.529466113545
-336.2395547929464,2304.154285692021
-335.669357001598,2301.757091295083
-335.60804008332457,2301.7791337376693
-335.04609837671615,2301.842953631759
-334.67195134395564,2301.655112700148
-334.10770206489127,2300.906674269906
-333.7937445675235,2299.5297244415583
-333.1031087324607,2298.781281677436
-332.72655959708925,2298.0936969053782
-332.60144625873056,2297.468264658032
-332.9744712039062,2296.341110861686
-333.22475865733367,2295.8414754678533
-333.59776415305015,2295.2779050642416
-333.7445053453431,2295.2928725574966
-333.09373886346265,2292.335084658984
-331.8389476985112,2288.0833284165237
-330.26901752635297,2285.209398127754
-327.8916454538056,2281.896842961494
-325.44818973840086,2278.896002610774
-323.1321824862873,2276.523787057282
-320.74037844210636,2275.559430661996
-320.6296660368275,2275.8392236480736
-319.9426626472198,2276.154009399177
-319.7562048738839,2276.3387388202073
-319.3807925805625,2276.529646411373
-318.7563819360092,2276.0919258778044
-318.4423088824944,2275.592271381661
-318.2547017916541,2275.2166094206336
-317.1285817459654,2274.7788723604726
-316.75193261789263,2274.5300852556115
-315.75220116708294,2274.0303084892403
-315.06400190047356,2272.6564392389446
-315.06162531312333,2271.356406997519
-312.56036692087184,2270.407111193517
-310.6811322359756,2268.907120480835
-308.2411353961389,2267.0334513590496
-307.42428002235465,2266.1370782689805
-307.23891597401416,2266.0351285893094
-306.55077642140645,2265.3476346538214
-306.239201128611,2264.971968975374
-305.9252104471405,2264.47331239465
-305.8625652854845,2264.2854825336644
-305.48494029560766,2263.2222431014475
-304.42244860276384,2263.4749739714184
-303.734284966471,2263.535998712807
-302.98471739078946,2263.727792846524
-302.23515397762014,2263.7887160071327
-301.36163074748936,2263.6037533954727
-301.0477114997867,2263.4778599728443
-300.54710180626245,2262.978299969786
-300.4834652688244,2262.476658932355
-300.9213756830611,2261.8511450246465
-301.16807126515874,2261.4753972922467
-300.6687147773292,2260.9137932850954
-300.2308512738661,2260.039477280168
-300.3511894231397,2258.7233892785
-301.0393711024477,2258.0979829646667
-301.9128349692699,2257.5344270776486
-302.72505416996233,2257.343632327655
-303.2893300649518,2257.4085869202854
-303.91258467848127,2257.531497730118
-303.22199297716674,2255.217292994539
-302.219878887118,2253.467559578419
-301.0299501400078,2252.5921226501473
-299.65358068414633,2251.3450143023774
-299.2770077722378,2251.2830582538745
-298.7777205011483,2251.1571591285356
-298.40349512402236,2250.7194477221587
-298.0281852108737,2250.281736298723
-297.7129364719537,2249.970010073615
-297.3376225625084,2249.659279486385
-297.27498295211285,2249.2835220747606
-297.4603680534699,2248.719944495905
-297.4603738772947,2248.532116641755
-297.5228680535672,2248.2174096578315
-297.4580050276496,2246.9053058678787
-297.33163928291873,2246.2179297936805
-297.08262897505386,2245.903113417786
-296.3319135504565,2245.4044436481304
-295.26826376731935,2245.281519770911
-294.32984464540004,2244.781846893954
-294.1421621077863,2244.0953667234344
-294.13977164712657,2243.1550303731624
-294.51280376581195,2241.7161587371925
-295.07467488559917,2241.3405202874233
-296.01319124337243,2241.402393734261
-296.6905006789441,2241.6853035578374
-296.1985336237586,2239.522824148169
-296.0084685471219,2237.6462354643522
-295.5645444911564,2235.7696389608423
-294.3770512918537,2234.272765076328
-292.4990504551904,2233.0217521824893
-290.5584070720814,2231.4628118097003
-288.6826914648673,2229.087525847855
-287.8044622497759,2227.1490721389864
-287.1729249478444,2224.9586592624282
-286.6700252685177,2222.8322892993215
-286.2934884606588,2221.5201763286054
-285.7918248873709,2219.8933507427387
-285.72688041370617,2218.4544657792044
-286.2864391118673,2217.3273158525426
-287.34525057263767,2214.763392618921
-287.7170464542961,2212.822881730126
-287.7146834360413,2210.9462989149397
-287.5258356325201,2210.132838071171
-287.3995558860283,2209.3194788609194
-287.70885235115014,2207.877612644035
-288.45601818001273,2207.237045357766
-288.1443582753104,2206.8142986559665
-288.0205015319085,2205.8781481754754
-288.1420805941019,2204.876868805506
-288.26839228287173,2204.627100465043
-289.3295741405774,2203.7487404670337
-289.7831549821647,2203.62885555145
-289.6388634466892,2202.5596389342336
-289.7627918181944,2201.1207596880586
-290.5726417131802,2199.429036829232
-291.63375038390217,2198.2399581630316
-292.22341489506084,2197.513602035919
-291.0694822393121,2197.802241303789
-289.8820331007519,2197.429542147018
-289.7557363326512,2197.1807636916133
-289.8170872197966,2196.0525017373548
-289.566820171199,2195.8647660892025
-289.3791288294017,2195.4270607021526
-290.25259585198677,2194.9254480886766
-290.81455673070695,2194.4259208436915
-291.2501299883456,2193.924195310915
-291.9383649341924,2194.4229624944087
-292.3136830364912,2194.672746050136
-292.37865908653066,2195.048403715098
-292.43996633818864,2195.3622167342064
-293.00182673844625,2195.424178162667
-292.9091878094452,2196.669245513178
-293.5660950263542,2195.8589026540108
-294.87765560196624,2194.2940765844755
-295.75114423901664,2193.10399512975
-296.06035705328486,2191.726966226059
-296.3696630103627,2190.0383206738297
-296.55617047818083,2188.2856323220944
-296.7391857188287,2186.1602806642995
-296.7392220325679,2184.986231973933
-296.4239638563334,2184.909215804967
-295.67440777067077,2184.5335369995933
-295.1101486021717,2183.7841034941275
-294.7961624546628,2183.0325829806443
-294.796185451884,2182.2841643527004
-294.669896411391,2181.781523991127
-294.6049318174097,2181.0331033678303
-293.47873920675653,2179.843958031787
-293.1034262842421,2179.4062468450243
-293.1010433045141,2178.2172356993456
-293.22377971214456,2177.591711901289
-294.03595268890456,2176.40252618676
-294.659229886431,2175.964945340841
-295.1621045663747,2176.214832670214
-296.0970458665723,2176.0878806773576
-296.59992241834595,2176.2757240502215
-297.4733721546141,2176.3996396588313
-298.09906882721907,2175.9620591136327
-298.9112133750899,2175.7092200309667
-299.5379790659799,2175.771283607044
-300.9132267025863,2175.894217711688
-301.47268852686307,2175.3306520093474
-302.28484108710285,2174.8280410886973
-302.7048041149728,2174.6862108946098
-302.8431982417721,2172.2650017123738
-303.46411031474855,2170.1356740920837
-304.65056123862587,2167.8802814016626
-305.9596266981931,2166.253712048615
-307.26870264681537,2164.3131322381287
-308.39134145160614,2161.8700099069924
-309.01217806048857,2159.552755096426
-309.5694372883436,2157.488462366336
-310.25526820021634,2154.9862746405483
-311.2527495382473,2153.23361291756
-312.81083858981196,2151.6688971471976
-314.56037348686937,2150.5377978811994
-315.6227397604453,2149.4137585054523
-317.55518365981334,2147.031511004163
-318.5525650091195,2145.8425330527925
-319.5524743872481,2143.901944717679
-320.23471123834776,2141.710676032199
-320.1710269770793,2140.145807746748
-319.9797298708459,2137.7706720840783
-319.9774419754804,2136.331789149682
-319.7247692339777,2135.7061534670556
-319.47577964597747,2134.7049620071402
-319.4722132138575,2134.079434372733
-320.6585804855665,2132.0770078652167
-321.4081691035509,2131.5743965039223
-322.5319201062818,2131.0108509846173
-323.4078034541676,2130.823052636679
-324.09238116804545,2131.0079110856345
-324.71930586330143,2131.3835879316534
-325.09586851578973,2131.882346904579
-325.5338443953915,2132.0092427930304
-326.09572955158154,2131.445678636705
-326.84522868616875,2131.1308955268833
-327.65620760798214,2130.9430953570095
-328.59473676678874,2130.9401349743907
-329.5331845297513,2130.8782228778787
-330.40664881588356,2130.6873328623005
-330.40665518147586,2130.5024975112665
-330.59439560830515,2129.4982285914243
-330.84102307404277,2128.810765302577
-331.2152776686298,2128.497066843072
-331.9648822610569,2127.556856377167
-332.215167525622,2127.246046397581
-332.5267679544198,2126.9962850838497
-333.27635544890927,2126.5556189329304
-333.7143402556045,2126.4297506071375
-334.08850721661054,2126.241836050208
-333.90082962947486,2125.428474190551
-334.2101225985852,2124.365257777809
-335.2689287736075,2122.612600767153
-335.9571378095663,2121.549497410735
-337.0160105322773,2120.2953873113197
-337.2662918225747,2120.1076680352076
-336.70444490218705,2119.5440650793057
-336.32787136773356,2119.359116780262
-336.0138842077717,2118.6687412748493
-336.19912690547665,2117.544573805642
-336.1991532719921,2116.7921652708665
-337.00774944337155,2115.6029831725277
-338.07260954709784,2114.9165463533154
-338.4468715848401,2114.413923119942
-338.3818221826735,2113.7884930767646
-338.3169462522321,2112.9750357278344
-338.8174391336208,2112.2236423513646
-339.93889738993124,2110.534927362525
-340.3142486754149,2109.906520445819
-341.12401840671345,2108.5904577201845
-341.43571863049027,2107.90409427786
-341.3094354270637,2107.278462552001
-341.4333617157505,2106.1504027984492
-342.05659571395057,2104.773386730876
-342.5560002935367,2104.1478770636813
-342.9301839502205,2103.5223629416773
-342.92787040371655,2102.8968353779564
-342.86525175498247,2101.9575942955903
-342.98683553191796,2101.0213522800855
-343.4874441748385,2099.3945598373016
-343.7966400402323,2098.765951202321
-344.4199358640804,2098.0135650453094
-344.98423212889315,2097.764810711288
-345.73380882101094,2097.702893413553
-345.2320339187624,2096.951464330284
-344.8579715043834,2096.5137512171623
-344.85557922338336,2095.761342624101
-345.10587924756015,2095.0748773561813
-345.47880762387376,2094.572154616196
-345.60272999600255,2093.5709759691395
-345.5378454338881,2093.0103829137115
-346.0359589396185,2091.19586247072
-346.2850845750933,2090.693135291684
-347.5327622169703,2089.1903583792914
-347.7205590727438,2089.002537371434
-348.406420106805,2088.3771345266455
-347.53044896485517,2088.564830828494
-347.02999262537116,2088.2529965948593
-346.90720654962155,2087.8164894909937
-346.4042383829283,2087.7544272980335
-345.59208071700624,2088.1300536397216
-345.09288019374986,2087.6924357715434
-344.8426181584225,2087.316671393655
-344.7162558986969,2086.568248322088
-344.90167164456994,2085.317200049046
-345.3372684341123,2084.3779769012153
-346.27333556585256,2083.372737821202
-347.522231504443,2082.8091997821384
-348.64606176813146,2082.559468461128
-348.8985922598506,2082.49553837358
-349.83472731398456,2081.930892031955
-350.7107059739573,2081.5552683784995
-351.4602771618093,2081.6791843581796
-351.6478912791064,2081.9309583068284
-351.8981463805023,2082.492655431451
-351.77425079608764,2082.741425488427
-352.52383784683553,2082.4307341239914
-353.6429496639963,2078.924390136819
-354.32879540499084,2076.4842498707835
-354.38316042724176,2072.732184371864
-355.25077676668934,2068.4124760713344
-356.4961369460925,2064.283502444839
-358.36723968123226,2061.0271586420217
-359.42378218071633,2057.6507863525912
-360.4177505947357,2052.205812259751
-361.28420817782336,2047.7632135366634
-362.4021923064462,2043.3826684370467
-363.15061910652764,2040.7546037456214
-364.6450738790652,2037.1864309402163
-364.8918195741812,2035.710550708167
-364.0808541951076,2035.3098272441935
-363.63931544660005,2034.435408752175
-363.76332159884026,2033.4951772128363
-363.8258429234242,2032.5588335660962
-363.82352360830555,2032.1211338572002
-364.07256346743566,2031.7454877009293
-364.1965530879172,2031.242856040844
-363.8200003338595,2030.4324790161697
-363.9440184241794,2029.179433901434
-364.3181515515723,2027.801412497161
-364.3772572815506,2026.7392849520875
-365.1268063149967,2025.3612778480808
-365.87649851474947,2024.6099952131563
-366.37457637862275,2023.9224427910717
-365.8741197141589,2023.5467680989873
-365.3723377185722,2022.921221572823
-364.81047715151584,2022.610481347795
-364.61921517528185,2021.7350748493527
-364.619248554158,2020.8567828963917
-365.24373797140095,2019.6067493274836
-365.553035459911,2018.6055781064247
-367.0498635852212,2016.3531979400748
-367.4227913399332,2015.9765591283028
-368.42269289373195,2014.8495309459263
-368.86077395374326,2014.534739218668
-369.1735541381695,2014.0980491272067
-368.9232958873778,2013.5983956252526
-368.7320221321321,2013.034805143415
-368.48062235107227,2011.8457847006453
-368.35667556083234,2011.2202525454989
-367.98011279214217,2010.6596474436371
-368.10402905440725,2009.907144028791
-368.3507505459063,2009.0937983069798
-367.97546790309696,2007.7817823361418
-367.4725293045592,2006.841427108636
-367.03468173238815,2005.4066174900956
-366.90832509456027,2004.5282209745892
-366.779646750686,2003.277161269176
-366.9035581483797,2002.6516386103049
-367.40299362097767,2001.400503189172
-367.58949613419486,2000.2114995661098
-367.0239803116008,1999.463059489983
-366.4597134521013,1998.7755662661216
-366.4574468358817,1996.9608285370343
-366.70774392577874,1996.4592989978994
-367.1432563019252,1995.7069072484046
-367.5812713787397,1994.9584058429416
-367.3935700945757,1994.770670611906
-366.8906617193229,1993.0209502298078
-366.8883498256808,1992.392330531238
-367.3239696606155,1991.0175036497678
-367.4479599430265,1990.5157698023181
-367.9472245455116,1989.3877249637414
-368.3214952691996,1988.827148687166
-368.0712291877266,1988.5133280293653
-368.06646717505856,1986.5138546674232
-368.4419158388891,1985.696523942119
-368.5658131106773,1985.4477541355466
-368.81612024278655,1984.6953553680862
-368.6874225700165,1983.9468322543962
-368.1255742357325,1983.2603365365949
-367.7490249117677,1982.3199861802789
-367.55892550275973,1981.5716602284242
-367.37007757982775,1980.8201423572248
-367.24498148719306,1979.6950660896805
-367.1800069126381,1979.3193082872988
-366.67956950189233,1978.3800504770675
-365.6773022030318,1978.0061521453595
-364.9927191599995,1977.6955070109805
-364.30454172546337,1977.569597337649
-363.48998303205735,1977.1967038577916
-362.9257122650942,1976.5712548786264
-361.92347773453764,1975.3200625418435
-361.3616001084688,1975.3850778599967
-360.9235270584514,1975.4459084001562
-360.4243049336686,1975.4458896352758
-359.7360343731659,1975.572944316577
-359.4244400113107,1975.5108886202588
-358.23570059288437,1975.5138366427689
-356.92182435966004,1975.4518434180507
-355.67169502488184,1975.1380857007684
-355.3600147820861,1975.1410666276454
-354.6718532184927,1974.5774580707036
-354.545552947265,1974.3895258689677
-352.922485337719,1974.703277085032
-352.6108793336533,1974.9560301604897
-351.1116071578477,1975.5195582838248
-350.54732635936136,1975.1438820825326
-349.48491004787377,1974.7091362268986
-348.983198773222,1974.3333626487888
-348.4189359698298,1973.457942982369
-348.2300681408579,1973.209161567303
-347.7307919468296,1972.3957883149842
-347.0426138452801,1972.2718748676925
-346.48073614296015,1972.336791309638
-345.97776879673114,1972.0840086311132
-345.41591814272516,1971.397514253912
-345.2282204291265,1971.0856914389308
-344.91413654263,1970.647980561635
-344.4762616286507,1969.8347094389576
-344.03587929201,1969.1482195010178
-344.1586239193087,1968.4606525254605
-344.34751213521685,1968.1469480045223
-344.5353247935092,1967.583371652499
-344.15629882902147,1965.8326594917376
-344.65689223717453,1964.831494538716
-344.84218869220274,1964.6435736642427
-344.77730554637805,1964.0180439722437
-344.77734152800866,1963.016761307782
-344.839841305544,1962.6411079958311
-345.8374166321012,1961.3251524434513
-345.7747860423621,1960.699523085927
-345.71106633117785,1960.2009741909328
-345.7724185357933,1959.2606405143563
-346.0203930269113,1958.3864472992018
-346.269445467987,1957.6958924415146
-346.14315382374264,1957.258188313166
-345.8940675930636,1956.5717052111472
-346.07707121523197,1955.193776103771
-346.26470836989273,1954.8800715822993
-347.2622034725779,1953.5031694155616
-347.45000067839885,1953.3791879344833
-348.2620909663131,1952.8775785534845
-349.9321554620146,1951.8974037486078
-347.18536284169795,1949.029513967588
-346.8196135511031,1949.2512432498797
-345.75724398435796,1949.7499509998713
-344.6959566147759,1950.3174858685165
-344.4456730658796,1950.440367915557
-343.94626699310066,1950.8809422968034
-343.510758940792,1951.506553787441
-342.38694547267716,1953.1971631223596
-341.38705839878395,1953.822654846657
-340.94906557516504,1953.949620030062
-340.1994754036225,1954.0754769357359
-339.5726143195336,1953.9495712217326
-339.5112080747401,1954.0754525597717
-338.5752126028052,1955.076602392741
-338.2634351542623,1955.4522469514473
-337.7015433004401,1955.8929192081462
-336.7017291994396,1956.8332199623105
-336.51643503198613,1956.9561044981328
-336.1433832712483,1958.4599106430105
-335.7692031536119,1958.8356528553318
-335.01958070368835,1959.8988535775904
-334.64533468456324,1959.7748522350435
-333.8934265671214,1959.3991704869645
-333.08128676905056,1958.9615424375966
-332.3930328026978,1958.5856635124685
-331.8913155196111,1958.339864074416
-331.01543573193914,1957.96318076926
-330.1395622985608,1957.3995675115411
-329.57771613776896,1956.5242488009997
-329.2600780597683,1955.08625316425
-329.260103778285,1954.336837288828
-329.5103273027375,1953.5234907543381
-329.88092865244454,1952.89797614026
-330.0073239038288,1952.7720969745003
-329.13145207503436,1952.1464397942962
-329.37936331383105,1950.645621570561
-329.5032729275523,1950.0210959718381
-330.1266073639569,1948.3944071534731
-330.9375464710217,1947.3921549544941
-331.12401316883626,1947.140294613546
-331.7474012777278,1946.3879078018313
-331.935042413948,1945.9502147236428
-331.9326511868258,1945.1368595275474
-331.9977410474748,1944.6383151914633
-332.05667261050974,1943.6989788553478
-332.6185734745855,1943.011526713535
-333.30318176746005,1942.6967419440966
-333.9300589715781,1942.383052453581
-334.30309349739355,1941.3817828065742
-335.4269531160811,1940.7563944370334
-335.55088527108165,1939.5022518758274
-335.29821221994786,1938.765894330541
-335.01549818436547,1938.242201072178
-334.419934892361,1937.7156041875978
-333.79666945568056,1937.317882359469
-333.26850160243583,1937.166943442415
-332.64406170462155,1936.954056948344
-331.95947776402676,1936.5534403899617
-331.27131600268143,1935.8759199345218
-330.79955836067677,1935.3183055494117
-330.2990986788805,1934.8555516993986
-329.89249267328955,1934.425020097682
-329.2379387390971,1934.1191665223785
-328.5220683258802,1933.7534613610003
-327.70992473947126,1933.355733472036
-327.20696736713876,1932.7360741858497
-326.4574009794221,1932.119598505603
-325.958028589768,1931.5649758921927
-325.3336715613338,1931.3530873743246
-324.6490816217079,1931.1092771044728
-323.65406352133266,1930.8045096439964
-322.6854925170997,1930.4717136427437
-321.93825954414274,1929.9170829084262
-321.24767621370074,1929.2695876152904
-320.6858148047681,1928.7769074524313
-320.09266634131023,1928.3452727933175
-319.06153331408535,1927.763700537425
-318.4383449191761,1927.5197930047523
-317.6297867124472,1927.1529883438245
-316.84884468178836,1926.7243401533246
-316.2256654744185,1926.1976437471844
-315.66021832575865,1925.6430194961108
-315.00325922070675,1924.8726347326642
-314.47267717344744,1924.5338689951197
-313.84949246879677,1924.1671704801684
-313.1925260721141,1923.612543390885
-313.03493621091314,1923.5205694716944
-312.130107140586,1923.0309708554826
-311.47913219631937,1922.9409759185505
-310.5431788811132,1922.6362117310923
-309.82722449979923,1922.2384884760495
-308.91765482990945,1921.283160928367
-308.1031030299433,1920.4797545765034
-307.2296508230807,1919.7093634035489
-306.82295275935394,1919.4964855685512
-305.88925443253396,1919.098755643791
-305.2636478002289,1918.7910093970204
-304.51408086021667,1918.113488931899
-303.69953130517143,1917.2190119218405
-302.5781274883763,1916.6674631002875
-301.76722985612275,1916.3627037170713
-301.17166714692144,1915.716210360345
-300.51470726173375,1914.9118121172291
-300.13339386588217,1913.9535094951327
-299.8446085149091,1912.742345536283
-299.8061808386363,1911.717121933149
-299.77008423742217,1910.8478064235917
-299.9505614656987,1910.0404419419242
-300.3802257770693,1909.5078943367816
-301.0611676061767,1909.098145917385
-301.7770457557559,1909.3100357263681
-302.43401571073827,1909.8037152606732
-302.74926188720843,1910.5460588341525
-303.5011614785598,1911.3505599820362
-304.06302685161796,1911.7782026433886
-304.9052912698218,1912.1450072162695
-305.96405184047916,1912.388827993787
-307.02047454774595,1912.6907028503836
-308.1141819057601,1913.211229297291
-309.4256218929211,1914.0707107089813
-310.0513011434183,1914.7182030451609
-311.26771867516493,1915.549552359781
-311.95588841479986,1916.0702655988282
-312.86063670775275,1916.4989174207271
-313.54522599433915,1916.8037733563824
-314.57643879253004,1917.543148277811
-315.2947200712257,1918.2206685011504
-316.2331672115482,1918.8063270158761
-317.2943215765435,1919.7926822591996
-318.0137777330224,1920.2512532130659
-319.7559610664451,1920.7049705269203
-320.87853862067374,1921.0407638518145
-321.96866118179184,1921.434410763898
-323.0286613310269,1921.9860595372645
-325.0872542663957,1923.2372834434404
-340.1566285664641,1906.0458295194921
-344.80231731690463,1901.7881005105517
-350.76553588992317,1896.1867002379079
-357.92965398431625,1889.3570366762779
-363.3415333444029,1894.3974678567379
-437.5938284581075,1825.577705169335
-433.3106124563999,1821.146850872225
-451.41114882255124,1804.704129773848
-454.69007684048756,1801.7865208358216
-454.73097406465274,1801.4137600234312
-455.4698870141983,1799.7811002279057
-456.90529349716604,1799.0846198353638
-457.7174504344461,1799.3285453183437
-457.65007966648255,1798.5150874163105
-457.7716607530332,1797.9505127718196
-457.8931702948986,1797.1371636235772
-457.95218354113877,1796.5116392393993
-458.13268854594304,1795.4465259488115
-458.75118923540185,1794.380336346201
-459.8076738602167,1793.5610470211188
-460.4356911135609,1794.1186751360417
-460.8147659196683,1794.5522033320035
-460.80756169642723,1793.428129309926
-460.68118968029177,1792.9904237731514
-460.61388742313005,1792.49187407185
-461.3817758139661,1788.6187494822184
-462.13254867895535,1788.4889121576955
-462.62234534844947,1786.9211776780808
-462.8028540976918,1785.7929232494555
-463.23248735081495,1784.4780501064115
-464.16499971949435,1783.6586555421356
-464.45140951237687,1783.615777250613
-465.17580159115755,1782.13693079113
-465.6607996500715,1779.7577365596285
-466.4694284171205,1778.8125524820578
-467.092631764874,1778.8704373299013
-467.155200078055,1778.923506948624
-467.146843491784,1777.4935021102785
-467.14204728235114,1776.61820271547
-467.3875317501232,1775.8047600070136
-467.69682354163064,1775.300243661927
-468.2504410402551,1773.7963520851793
-469.12154272934083,1773.1648824970875
-469.8710594180242,1773.1589342171453
-470.31154677255967,1773.4047378024507
-470.74473534095415,1772.7762393834014
-470.4283237079125,1772.1547864067606
-469.6702659047567,1771.0975075901406
-470.47416794113656,1769.5906359310916
-471.21656546081624,1768.4575215414463
-472.02875225991505,1768.139760534
-472.84207941753493,1768.3836873507676
-473.2860398867271,1769.2580108976758
-474.6107395649626,1770.3242954343941
-493.0880257404338,1731.3717723836955
-492.106255939608,1729.4682082731606
-491.7874282439283,1728.780620792153
-491.787431367525,1728.7196740392592
-491.9114284169527,1728.278988493964
-491.97042821269946,1727.967275315115
-492.46017173395444,1725.964835541187
-492.4578390748181,1725.8997989569307
-492.7647463496666,1724.7726489178813
-492.8874792358308,1724.5819347784243
-493.0739512287131,1724.3940168911174
-493.51185706941175,1724.5789743943767
-494.328861424552,1724.7607594584804
-494.44919099071797,1724.2582292660488
-494.4467810886871,1724.073294149757
-494.7537878543205,1722.6404129361847
-494.307408120377,1721.7591058878982
-494.18111040645465,1721.5102251654305
-494.1763037699689,1720.88469778456
-494.42178561494364,1720.1942465768964
-494.79241337269394,1719.4398626005911
-495.16660905963255,1719.0642264700803
-495.47830741866267,1718.8723251318133
-496.10391442367717,1719.307064395035
-496.2326217892589,1719.7446707221252
-496.42390057256785,1720.1793875623334
-497.5319849832566,1722.0060520135278
-500.3658577114648,1716.0256372744386
-498.2097493217233,1715.7268760388722
-497.70917224926245,1715.8537310192162
-497.5864488905661,1715.8567171352881
-497.26637606150814,1715.0463381776678
-497.26165643451424,1714.355774336098
-497.25935601104607,1713.6693003334317
-497.50350662553313,1712.9169048996796
-497.81288529456,1712.415382051304
-498.37238271457517,1711.9096827307628
-498.4903127401985,1711.03139730461
-498.8645923318397,1710.655761327177
-499.300118369017,1710.0892086229371
-499.73570499356924,1709.9623503339678
-499.92572916210884,1710.4589116659004
-500.97985283483865,1708.764228019462
-500.60094676017695,1708.2645645900816
-500.72251826889635,1707.9538522295727
-501.15804136693305,1707.4482463626366
-501.59364453843375,1707.007577234161
-501.58527377966976,1705.94544750219
-501.33026877590856,1705.257863063565
-501.45418298207176,1704.8202698743858
-501.57576454226484,1704.3186375918747
-502.0726910820298,1703.8160274520214
-502.57085276458724,1703.625233343147
-503.0111822047957,1703.7451549310044
-503.51057562361837,1703.9300163512648
-503.8125987063996,1702.1154948394737
-503.7477142949255,1701.6777920221598
-503.7429082775708,1701.0521649075624
-503.9907976214579,1700.6115857882573
-504.49012425641007,1700.482736080367
-505.17832002998625,1700.6026708015106
-505.62112253953785,1701.2901654825644
-505.4358079534579,1701.6659108826452
-505.3178805968334,1702.4792595043925
-505.9999873222415,1704.1549819504676
-508.4824299073047,1698.9210741115924
-509.5414236963781,1696.6898408562552
-507.22164783928343,1697.5251173500737
-506.4130446089717,1697.7808315412958
-505.28203608788175,1697.1612297603046
-504.59144023990797,1696.6686319682497
-504.33875144944744,1696.3568027478595
-504.45669204404896,1695.2916871964212
-504.88509683086534,1693.7258470887086
-505.25331368923145,1692.8444827100318
-505.94161303304514,1692.5927520427529
-505.36662836147434,1690.9070603482326
-504.74332301510424,1691.097847724593
-504.30532901252656,1690.9779261835386
-504.2945644249315,1689.4341075634154
-503.5426393657653,1689.1042972888692
-502.916924207287,1689.1102494240115
-502.09762369633165,1688.1120164840777
-502.34195522467303,1687.1107470074603
-502.01948849492106,1685.8017216503074
-501.7668125101936,1685.2381255737773
-502.1976170700224,1684.0480406481333
-502.8811078484702,1683.2287366899734
-503.1927238963952,1683.0408255704826
-502.43474619229033,1681.981649071799
-502.4276238030849,1680.9793689549665
-503.17244462606857,1679.9751332519738
-503.47809999347555,1678.909030063187
-504.2289621425479,1678.8420380419577
-504.36489707153714,1678.2805570572214
-504.901623971133,1677.7140099520254
-505.8798547809563,1677.1684334658428
-506.72090408405467,1677.0914714767541
-508.4234624979897,1678.1398256396237
-508.024436181635,1670.009049542457
-507.1155574317574,1654.3228450719944
-507.0135749398032,1650.1979120765834
-507.2373912731663,1649.066868019825
-507.3588961139748,1648.457307241918
-507.60808192818314,1647.194296380124
-508.5107229720285,1643.6200320397425
-510.2604801745744,1637.3467996969578
-512.0909188071035,1632.5775900462677
-515.4638951086306,1625.9997117974663
-515.820007974727,1625.3103644120977
-519.3579465640415,1618.408610917779
-514.9674979303654,1616.5509450278164
-512.1664101164423,1615.610459706856
-508.8980403887589,1622.4201616351231
-508.428782530139,1623.399274616069
-508.3806386314682,1623.4982232406953
-503.8300681999651,1622.046134077095
-519.0454851107054,1589.4536052020437
-544.5052377955005,1536.7878577709794
-558.5127304300322,1506.3857187033527
-564.7494938021418,1501.8016126347181
-567.8504207784713,1499.142782469655
-582.92533818268,1487.1098489585981
-582.8461022080493,1485.359146804397
-587.7399961151417,1480.7439523710389
-602.3156352486075,1468.7140115435109
-611.6136533027975,1460.6177618472743
-636.181841828566,1439.9399647947646
-639.892885914042,1436.815569609914
-650.0212057054089,1428.4516861929014
-667.1817609671722,1414.2775134582487
-668.0939716916413,1413.4272154995197
-697.5766578775205,1389.4555056741747
-720.2811031307219,1371.0301261688503
-723.6264501012137,1367.7428458926158
-726.0897846928285,1364.153858650533
-734.227089782231,1352.3783945012356
-745.5077167964463,1336.1335224016234
-757.4141316335669,1319.7529547482036
-765.7911994952563,1307.0991462500347
-792.6174586642081,1270.1973412659363
-796.0139327609464,1273.8707839491217
-795.9284647828205,1275.2787356908598
-770.4547741511822,1310.4919872453056
-769.5703717082891,1309.7493838013563
-746.684123437718,1341.2447592308006
-726.400942460712,1370.2143402790966
-685.6620766217798,1404.8350662716337
-657.3056421801679,1428.4521823566922
-649.2577764099533,1435.1554751267638
-636.181428637912,1446.1721915398239
-617.2580560828212,1462.121941369176
-585.8142954911045,1488.2681125128786
-580.4024710866045,1541.152790379532
-561.2507710726225,1577.2392018659268
-548.0510691592947,1601.5111015872656
-536.1800855843719,1623.5457205798332
-532.9454516263952,1629.5500414747946
-528.0856523964611,1627.4333946494528
-525.8513220820527,1627.6770589303183
-522.9163015815564,1633.4684351835797
-520.9496869374863,1643.1150706835233
-519.3848114626467,1655.386727737166
-518.4225708588446,1671.8392050567866
-519.0607248875771,1685.586771051119
-520.2453942878758,1695.1475945995062
-524.0546939794835,1696.0621028629998
-530.808374064886,1696.619972232116
-541.875533010107,1697.6749396203863
-544.4152904463128,1679.5927515701658
-600.0916084593638,1686.4509350205326
-602.8698611408622,1686.5379906890516
-625.2681681900068,1719.129676169605
-636.1639483211485,1709.8253894563363
-650.1701455395386,1697.8694934783132
-716.665622259628,1641.0971969445038
-713.2521863246866,1639.110437859167
-712.2440009898496,1638.3679298813358
-668.6081739520894,1613.1429133804277
-690.1053443413538,1576.848007850618
-704.6458424538748,1552.314561155221
-745.1739472995922,1575.1854171830912
-761.2056320889069,1547.6854326261248
-739.2247489467676,1534.0040149234226
-742.2043164663583,1529.2749378655872
-764.7184267568348,1541.6592667146494
-803.9183566992579,1474.416478740975
-850.8478433718197,1496.178008998236
-866.3875714351351,1525.7939257649573
-914.0915044226839,1499.1146542330598
-898.4834621045411,1468.6631560991248
-900.7876600264389,1467.6402450917167
-928.6909796321188,1518.868084204514
-937.4861521170452,1510.6522024763992
-940.2186090575939,1512.8546318838428
-940.6928094072621,1511.3239278310898
-941.1247891588271,1510.695450760687
-941.6206115058242,1509.8791523152604
-942.6205724852612,1509.3706295520249
-943.181300831135,1509.4326288687587
-944.7383937442664,1508.230704974158
-944.9863668697574,1508.0428019825288
-945.2329650898344,1507.4143068468325
-945.9802994705774,1506.9088517779417
-946.7311072430726,1506.715013463408
-947.7333245374963,1507.0198460480333
-948.2952274271917,1507.0169090843738
-947.9729177628453,1505.5170489621764
-947.8467121851203,1505.2702570884676
-947.8419597063224,1504.3948580519102
-947.6506202344747,1503.893300411883
-947.7722274779421,1503.3935691637248
-948.6458881837564,1502.762143597549
-949.4545256656817,1502.4455200021064
-950.1403478235911,1502.1897313048682
-950.3280909703773,1501.93698554198
-951.4519038045969,1501.8660754996108
-951.8945940226678,1502.61463703884
-952.1472920111862,1502.7385505597613
-953.9775355690132,1502.3989867082907
-952.2559374363991,1499.182204786609
-963.564807436907,1491.9398494221039
-967.942754751357,1498.333412656926
-973.4083203764549,1494.5878860711152
-970.1696334527138,1489.6821940756179
-984.2762811961288,1480.84745177836
-985.7790257850306,1480.8944881226566
-988.4354854309255,1483.8055413201191
-995.6435218387287,1479.16685371461
-995.0386673152233,1474.985905124758
-996.4608836245111,1474.4096023631155
-996.3010129965695,1472.9735970132801
-994.7452648181696,1473.1582707946736
-994.5000152986777,1471.1987731002368
-996.0978847124189,1471.1249249514412
-994.6949819844568,1458.4225234630064
-996.6539650689787,1458.120885788964
-998.5666745534966,1473.562352471607
-1003.633874007746,1471.5205172463466
-1004.5794882332367,1472.1981124070708
-1008.4396604438691,1470.5317089890204
-1012.7836613882246,1479.80315163217
-1021.7566037939506,1476.710382904389
-1024.1084076145244,1481.5730056536743
-1025.3381993371306,1480.5409327622554
-1027.7629653404929,1478.7356327712973
-1034.8581211440483,1471.206032725801
-1038.5563636238467,1465.6546938850177
-1041.2763548940738,1459.6224594340597
-1045.4464523955278,1452.1146948001838
-1058.7641336269114,1428.9377454103915
-1058.9916159053264,1428.488101377952
-1062.9138970422434,1420.7123911292897
-1001.5049359415202,1417.5561072252692
-1001.902409054497,1413.4861842826097
-1069.7980920585346,1417.230714052409
-1073.7430105116111,1411.5655031885653
-977.3535893480768,1365.8368816053771
-873.1712269101787,1316.308276958409
-874.9523673741361,1313.1628504998107
-1036.1267312974062,1389.6249366473426
-1071.2492074613058,1406.0223642953736
-1075.8453852050302,1408.6300217073783
-1078.9695177402737,1404.4265447074702
-1083.1225991957265,1398.8361730604583
-1075.4439860892242,1393.8500470887184
-1045.9372201605718,1376.0782727071348
-1043.873761189552,1374.860011355786
-1017.1256675357708,1359.053185701104
-994.6814857576607,1345.5529802377375
-988.4970818575883,1341.8330951713444
-991.9402567538216,1335.8600735769342
-1047.0148419492962,1368.992810203371
-1049.2749187752077,1365.9153972673123
-1054.519555852198,1358.60755265328
-1061.3600804168561,1348.2811793831738
-1065.4844076262984,1341.7984416642485
-1067.9724480355894,1334.0805295783305
-1073.7349746359005,1322.3282315683318
-1079.3723883808734,1310.389791270404
-1088.0898181161008,1291.6121053295062
-1088.2552925523735,1285.47466034795
-1089.6899830479638,1272.3278890075685
-1090.037944185761,1269.6968459911782
-1090.1393270246833,1267.3826779394435
-1089.9051858819419,1262.505318432955
-1088.9895102653104,1252.2609800934517
-1084.135116802862,1223.1055596975964
-1081.0796673949264,1205.1278316688172
-1077.6910677727283,1184.8388808562627
-1076.024569121969,1174.486532106333
-1073.9707129581857,1172.8435340324274
-1072.0179599351006,1170.6070405155208
-1069.43365159978,1167.3102437813536
-1067.4089702705294,1163.6337651401957
-1064.821029081858,1159.9613141520813
-1061.3041537205295,1157.671582919171
-1058.7327929083062,1156.4392977428977
-1057.0398462805108,1155.6995712838263
-1056.3793043041467,1155.7054835047077
-1031.556249773915,1171.0742199679635
-1030.680257654875,1171.329882554136
-1029.989554286717,1170.9601382187602
-1029.7983158420614,1170.2726468700089
-1030.1004983328614,1168.8337984609855
-1054.656475122582,1153.5669725066093
-1053.8853304409713,1151.780281622357
-1052.9266342448575,1148.4097539829193
-1051.2655843227942,1142.8536466976363
-1048.735476388446,1138.1829174979646
-1046.465237983053,1135.2559313386662
-1044.7001963407577,1133.0184664869385
-1043.1206471882792,1130.591199593941
-1041.6578308965654,1126.5330478718515
-1042.1418368058567,1124.154982158037
-1042.5007131024504,1121.5879780990408
-1042.918425461451,1120.4168693216893
-1040.9271794106676,1117.5238295721297
-1038.8856359359224,1113.7284544647955
-1036.1993273209453,1107.5039202013113
-1035.3644627729038,1105.4333381202237
-1035.1274428624597,1105.2914693386722
-1034.7484366391254,1104.983702507432
-1034.305700717806,1104.5489482290402
-1033.9243087907853,1103.9262732765476
-1033.7306425912002,1103.3048155509725
-1033.4142185422136,1102.9321188567963
-1032.7825315922203,1102.2504652950934
-1032.7176470131615,1102.0006865782727
-1032.2772131358781,1101.880740783817
-1032.2074595910606,1101.1323158207729
-1032.0787683738906,1100.6946029502326
-1031.6998320894963,1100.509727139191
-1031.512042555391,1100.3248718782365
-1031.5049477081393,1099.576353907411
-1031.8731953087884,1099.0708650851627
-1031.9863456838402,1098.9390089467504
-1031.2439072617724,1098.578136670523
-1030.991199649671,1098.454221142588
-1030.8035834784978,1098.2084192225675
-1030.4245636522148,1098.0234436985345
-1029.9252051351982,1098.0914189805537
-1029.1695916384695,1097.659623838446
-1028.2935490568375,1097.5456164743368
-1027.4742118201855,1096.9289795701854
-1027.0928125058795,1096.3683488362055
-1026.778814189141,1095.933608681654
-1026.5803349281043,1095.062378868357
-1026.2508816833365,1093.2506008363061
-1025.863458021514,1092.0675351693528
-1025.6013657954466,1090.7545098426986
-1025.5941939798338,1089.9410552224838
-1026.0214692433879,1089.0627103762088
-1026.5545419202988,1088.1545518878122
-1025.8855922127862,1087.9386233159785
-1025.8231002406158,1087.9386166364786
-1025.8051756044251,1086.2498625858054
-1026.0737034690417,1084.33740193346
-1025.2497114391174,1081.9831355538095
-1024.7878104794659,1079.7397291418956
-1024.703859184368,1077.5524221000808
-1025.3481109627032,1073.1038809381264
-1025.59858161709,1071.5259768400967
-1024.626380694081,1070.2229503794379
-1024.191010234503,1068.769060918303
-1023.9516719262745,1067.6688029141185
-1023.9650418975544,1066.694554980184
-1024.1889250909733,1065.6353432820829
-1024.6558196806368,1064.8769010458875
-1025.1528702841815,1064.560350511672
-1025.653475385572,1064.5544190549604
-1025.9543758532768,1063.4261892653785
-1026.0759663409638,1063.1734380717648
-1026.8208770899719,1062.2891423106842
-1026.9424671874062,1062.0403810961395
-1026.6838115926225,1061.3528827004013
-1026.3697985390288,1061.0451231718857
-1026.3590523510522,1060.1077798337658
-1026.539697618832,1059.2305059193973
-1026.7804291921495,1058.2252603545276
-1027.272701371205,1057.345027328784
-1027.957382797262,1057.1501909183887
-1028.7588958392937,1055.955182973866
-1028.7540899710443,1055.6444640483735
-1028.3751087856756,1055.0828360624887
-1028.1153113625471,1054.1495557617052
-1028.1045788197873,1053.0863290857915
-1028.2851977363182,1052.4577296829234
-1028.7088777064955,1050.8900186780309
-1028.8919159517009,1050.2646115173648
-1029.6934231552718,1049.1304506057697
-1030.316697519003,1048.9367050200426
-1030.8762215190827,1048.8048968094172
-1030.6212299804608,1048.1823353667962
-1031.111110390701,1047.0512333383685
-1031.2904780890478,1046.4227336182148
-1031.971639856783,1045.6034678357144
-1032.5311909593088,1045.221688513095
-1032.708172749129,1044.281472665237
-1032.3267646500333,1043.7857784187781
-1032.75053575966,1042.1561234404348
-1034.1730031514144,1040.6403897463304
-1034.4149602500277,1039.8880084677587
-1035.033456917631,1039.1305805948589
-1035.9024032851414,1038.560109568505
-1036.1527267985846,1038.3693165952816
-1036.0155784377475,1037.4330568677303
-1035.762889454646,1037.122211443487
-1036.44645826252,1036.4288295993229
-1037.1914081637492,1035.9822336678858
-1038.5644387752372,1035.6557038966062
-1038.8123425070453,1035.4678034484637
-1039.7425509186273,1034.7064196603214
-1040.6137509005052,1034.1340540818708
-1041.3586241401595,1033.6285067664357
-1042.2912390611043,1032.991111597468
-1042.8485587657228,1032.42359984472
-1042.5934636261297,1031.9898631099434
-1042.088072207775,1031.493157526786
-1042.6417344407157,1030.800759513057
-1043.508170629561,1029.5398257530994
-1044.1833615025637,1028.4068493375537
-1044.4288731166384,1027.9691770751153
-1045.9849314408357,1027.140930390097
-1046.232849696812,1026.8231568296976
-1046.1040471289446,1026.638307740516
-1046.8489352887298,1026.003885038536
-1048.152291581144,1024.9897786015251
-1048.4591347595908,1024.488173973738
-1049.1427820324732,1023.8568369817359
-1050.4459584286476,1022.9666192112464
-1050.8769032834057,1022.1502201373507
-1050.9334434343439,1021.6476904481514
-1052.296887049278,1020.5106005429046
-1052.8542150754042,1019.8792499702408
-1054.472594633642,1019.1089657316595
-1055.7170064747927,1018.4716061432323
-1055.843249670888,1018.4095761033524
-1056.3355126808087,1017.6553277076572
-1057.0804789523984,1017.0817527511476
-1057.8301455551473,1017.0119112461953
-1058.392091175021,1016.882099894967
-1059.5077218585939,1015.8719642797735
-1060.064877058908,1015.3013613023929
-1061.5594267584247,1014.6611373837934
-1062.5594111650696,1014.4643433558349
-1063.744696915877,1014.3286164025202
-1063.8012445521401,1013.765040357058
-1064.108269834096,1013.136555423906
-1064.8530628351461,1012.6280174669283
-1065.6004215275336,1012.3073073685596
-1065.848250162057,1012.0545707084381
-1066.4716178665024,1011.7998808024557
-1067.4692044321666,1011.4111697851409
-1068.7713132652539,1010.3980635296856
-1070.3272025276174,1009.6338597006761
-1070.7039171153522,1009.5659726010259
-1071.074568761672,1009.249310620544
-1071.4464857844077,1008.8086606917813
-1072.440422383237,1008.2352144879821
-1073.126352703707,1008.1034228726437
-1073.7556028025206,1008.2233916474886
-1074.1262405102718,1008.0325133782364
-1074.370607296814,1007.4040217681439
-1074.5512439713523,1006.6515349251029
-1074.9230708762996,1006.2729290485953
-1075.4176443140036,1005.7673563639255
-1076.0976519339233,1004.8830572280721
-1076.7162372277699,1004.1288240560572
-1077.3973851363157,1003.4942968465451
-1078.0183483513492,1003.1127265907509
-1077.826998183868,1002.6779986042255
-1077.5082574421808,1002.1174727285676
-1077.3771681209194,1001.4948242553523
-1077.6804751456634,1000.5545237284728
-1078.2991519163925,999.7322617995952
-1079.0391424374982,998.9130060223749
-1079.477279242136,998.7222352995543
-1080.2197661275216,997.9638268407577
-1081.149988314333,997.1416001697049
-1082.082671348006,996.6950288985887
-1082.5832800215987,996.6891004106471
-1083.394217749944,996.3684986263432
-1083.956227385017,996.4244215629338
-1084.5229504214124,996.855202112555
-1085.0282792777025,997.1639826362804
-1085.9102043462813,997.7186872615412
-1086.0956035233298,997.6536718439298
-1086.9077784294382,997.4600510697362
-1087.4096173191988,997.6418507435195
-1087.84516831562,997.4470901453633
-1088.215820995426,997.1304288381046
-1088.7117302156335,996.6278494631938
-1089.5853209226223,996.3661072648132
-1090.0232698409882,996.3631645234086
-1090.5227104559058,996.3572363178878
-1091.0208445276292,996.1014365397572
-1091.7055599174084,995.6578304961398
-1092.0774430453796,995.527999502635
-1092.4433349873589,994.5238671621752
-1092.4385739112752,993.8373934511801
-1092.371277617542,993.5255701716488
-1092.8635521781266,992.706287275426
-1093.482063215064,991.8899115148027
-1094.348619488633,991.1286255639809
-1095.0922546729682,990.5591431424089
-1095.912862659485,991.0489050385218
-1096.2882906955224,991.295727137048
-1096.5386233745908,991.0459840410463
-1096.6626220886756,990.9171223965808
-1096.84316289087,990.2915168090439
-1097.2751622628373,989.7859381058678
-1097.714370423883,989.718158954839
-1097.834809733393,989.3423182056451
-1097.9540189964566,988.7788492980796
-1098.0743748849045,988.4031082844361
-1098.6928584925286,987.8326143389414
-1099.3150821885888,987.3891014388078
-1100.2476910303662,986.8774955345334
-1100.8733685808256,986.8745748093129
-1101.185005178501,986.806681437598
-1101.494424719568,986.4279696912988
-1102.2369212839096,985.6087160053524
-1102.422244357397,985.482853956668
-1102.293540318931,985.1711233060207
-1102.1058336740048,984.9831744858071
-1102.040845115531,984.9211230915757
-1101.8484324461867,984.2996642496423
-1101.3454250629266,984.1177639407978
-1101.5283717792388,983.6151493344435
-1101.837617442215,983.2984815113957
-1102.5211807392907,982.7279952876247
-1103.451468157468,982.0934985644168
-1104.634396618036,981.4561382887006
-1105.3274398820818,981.8869345968973
-1105.8267903478895,981.9459438222382
-1107.1313197951545,980.993789775448
-1107.752285659095,980.6122214565906
-1108.5645462536054,980.4154105657458
-1109.3118109233612,980.2205872072485
-1109.8785478770067,980.5294758720802
-1110.2551659060093,980.5873739002824
-1110.9411058779651,980.3937405678942
-1111.255154848216,980.3907844465797
-1111.5667845577432,980.384835591688
-1112.0590540324374,979.6293931054339
-1112.8653724921246,978.872091824009
-1113.7365673030417,978.4255165111321
-1114.5440179953016,977.97893387956
-1115.2937788137901,977.8461552089191
-1116.040982121521,977.4645023495067
-1116.4093294962843,976.896972939959
-1117.2191924780375,976.515427209777
-1117.7811487313136,976.3215804385785
-1118.5898293954265,976.0629255479068
-1119.2697449854895,975.3045128352334
-1120.6391741882148,974.4792490287355
-1121.5789711344985,974.5932722558309
-1121.765462761309,974.467410713176
-1122.1290516470135,973.2134078278676
-1122.6236979870696,972.8337209416042
-1123.5563238499392,972.1994259502286
-1124.30360445723,971.8767254496861
-1125.305970290541,972.0545957732822
-1125.74401853446,971.9257713424068
-1126.1795638677886,971.7959491418189
-1126.863099984625,971.4762338325274
-1127.922115677089,970.9648449694926
-1128.481674594068,970.5861635027686
-1129.4190671508854,970.5733063885273
-1130.1722886664804,970.8171817996142
-1130.545334077456,970.7492966131554
-1131.6078321637544,970.4257360786634
-1132.1048836771897,970.1728310359447
-1132.6043405394264,970.0410216833726
-1132.9784629757457,970.038073370896
-1133.2901982769133,969.8473899412808
-1133.5994528932904,969.4675819833503
-1133.7823792670624,969.1538927497801
-1134.3420441529413,968.5873841245854
-1134.9016800391023,968.2666572581027
-1135.7102857576501,967.9459598817194
-1136.2722279587624,967.878197028488
-1136.8341850899533,967.6843513667186
-1137.5225089621772,967.8043313129456
-1138.1457834492055,967.6725369320066
-1138.645247886233,967.4786839675509
-1138.5140785902563,966.8562341755315
-1139.071309692572,966.4126164082797
-1139.8210106466586,966.0919123869675
-1140.5045549863066,965.7102538792358
-1141.189245252074,965.5154255716251
-1142.3805160958964,965.6264882620424
-1143.1915193927305,965.494716555548
-1143.5044007654083,965.4917613517164
-1143.689724887466,965.3649026163029
-1144.2481316537098,964.8604383465361
-1144.6813715360713,964.477752808787
-1145.2433437141503,964.1610167894421
-1146.0496213272124,963.7784755764574
-1146.8642812831442,963.7695954784019
-1147.6175253625383,963.8255449995878
-1148.4285068757315,963.8777110226798
-1148.4935709544698,964.0045996322527
-1148.6788195147558,963.812704576289
-1148.7379212345968,963.5639374617059
-1148.4852262916477,963.317128007208
-1148.3564476949532,962.9412580795711
-1148.227759549577,962.5066359665352
-1148.7259954009398,962.1250556258188
-1149.596002818303,961.8663109457225
-1150.5960097426416,961.5427450313789
-1151.6608688449633,961.7216230917685
-1152.4129988603827,962.0235540732637
-1152.2228266485565,961.5278780892755
-1152.7788071525067,961.0843607126754
-1153.90286731929,960.8836011546941
-1154.4516791417113,959.6915659631883
-1154.889630113402,959.6856337104705
-1155.7668741363607,959.6147179696255
-1156.3275502718234,959.672839467601
-1156.830565615965,959.7908034891752
-1157.582641972778,959.8457561573447
-1158.209558358074,959.9627377085063
-1158.5802144456834,959.649071606757
-1158.825839508684,959.0205823405234
-1159.0110805172662,958.8937238855217
-1159.6391572106656,959.0755425711791
-1159.5105379733168,958.7649084127711
-1159.6297591183597,958.1363041488477
-1159.691091323218,958.0743673871771
-1160.312053405963,957.7536494101918
-1160.936511801422,957.4989657891604
-1161.3698357363182,957.119373238615
-1161.8078702712762,957.1134413125851
-1162.3071609868011,956.984625959891
-1162.6838555482204,957.1045699741559
-1163.747554688445,957.2186123377068
-1164.1855813548368,957.2775174131575
-1164.9388259401178,957.3326702979252
-1165.3094749624154,957.0797516439209
-1166.1854602448814,957.0708806240436
-1166.4357656439388,957.0679185711614
-1167.3141327275548,957.3698660587535
-1167.5668348900915,957.5547318349445
-1167.878465000477,957.5517772802239
-1168.1936749167464,957.6137598145185
-1168.7520381729414,957.4809620278826
-1170.0070311348206,957.7798634149453
-1170.6340455701184,957.7769473951192
-1171.2597104064175,957.8939296454579
-1172.7059586498533,958.6924978408802
-1173.1511447062749,959.563960161568
-1173.8394160731457,959.4320762909507
-1174.5301446480214,959.6750497976856
-1175.913816119718,960.4735110710969
-1176.6069179752271,961.0932372674239
-1176.7981966643554,961.4008868683829
-1177.3672226298895,962.0855345514669
-1177.8677422617984,962.1405577093151
-1178.6836153734025,962.4453912922181
-1179.1252217965496,962.5663414192759
-1179.7509617929431,962.7472633833528
-1180.3176744096563,963.243983706709
-1180.5112890738928,963.5518331671906
-1180.7013835008747,963.9894557461005
-1180.7687607168987,964.3001824038714
-1180.8926616085976,964.3001976482531
-1181.2067793046217,964.4212319287013
-1181.39202051929,964.2942741549382
-1181.768714407463,964.4153161618045
-1182.4569621562755,964.4733551399883
-1182.9587330232484,964.5293762053883
-1183.5880220897436,965.0220147296102
-1183.7816888722034,965.5826284187069
-1183.969334044696,965.5826515652548
-1184.3377014363007,964.8892414373719
-1184.5229425484224,964.76338096685
-1184.897263305816,964.5075707918088
-1185.2089083726835,964.3817259414161
-1186.0849685344,964.4367959035519
-1186.9609222734127,964.6776984680587
-1187.718959251207,965.1055162766469
-1188.657489089405,965.3464267391465
-1188.973911637697,965.7191284776333
-1189.0389599306036,965.9690079700072
-1189.1050853367262,966.2797345346539
-1189.2313829083785,966.4646849702451
-1189.6670203457961,966.2738192289061
-1190.1049631102196,966.3318277336234
-1190.4840688843087,966.5137173195507
-1190.8605800801088,966.7606429860198
-1191.3033152805608,967.1954044047687
-1191.558389672575,967.756025875523
-1191.5691352267686,968.5693811721562
-1191.5690992480297,968.8591522374858
-1193.826452128621,969.357978637536
-1197.648083675479,970.1939530307199
-1202.1627774221743,971.2755979506604
-1207.4920068862214,972.6592878988802
-1212.516777083789,974.7343031944465
-1217.723353543604,976.1208760594383
-1223.698719069827,977.9892380367229
-1224.1813376062937,977.742520364922
-1225.3016584328507,977.4188778268953
-1225.6758801271526,977.2900497999119
-1226.7396759467922,977.2771185853816
-1227.304013704334,977.3981863626177
-1227.9946399683583,977.7679447838275
-1228.6852744811351,978.072866357135
-1229.3736288528876,977.9399889802087
-1230.1857846380713,977.9311156332878
-1230.3735964354328,977.9311397080781
-1231.2495798765667,977.9222746280826
-1231.3710934281341,977.6694263079258
-1231.4301222383097,977.3547255404762
-1231.4914709614513,977.1668061488521
-1232.2316511278052,976.2855183058649
-1232.4796681208277,975.9069026609924
-1234.1666396110777,975.8891646046133
-1235.5456282693929,976.0642021666665
-1236.043750904565,975.9353904944023
-1236.1928455353373,976.609813210883
-1236.6128719840312,976.4899689299658
-1236.9895726819866,976.5490689273693
-1237.3649465498927,976.5451273490272
-1237.9894571172836,976.5392229430948
-1238.3673016751766,976.7860509003053
-1239.1205199363885,977.029934863502
-1239.813649327178,977.3957044925736
-1240.0639542286256,977.3927443595315
-1241.4344726514066,977.2550683136892
-1242.3128435686372,977.4949787529446
-1243.2561937243215,977.8618782668991
-1243.825214504808,978.5424401985139
-1244.1476520338658,979.4797243185922
-1244.5879730354234,979.849551243857
-1245.0909616088725,980.1573423853166
-1245.7792245658986,980.0865101037464
-1246.4723205313892,980.70604186635
-1246.7887487508492,981.0139086227206
-1247.28929088923,980.8850978489805
-1247.8512171673567,980.940032889525
-1248.415546514756,981.1220485948999
-1248.984682162346,981.5568291274845
-1249.6729286689804,981.6117807076325
-1250.4250535225344,981.9177093430076
-1250.8039661768446,982.2875285484222
-1251.3117446327099,982.971075421125
-1251.7520812533123,983.2179120612018
-1252.4403948816143,983.3968519560314
-1253.004756622118,983.3289964954937
-1253.9408211261457,983.2551049347824
-1254.3246820760944,984.0656163554592
-1254.5147223307386,984.2504762374197
-1254.9574373928886,984.8110241886675
-1256.4013635382528,985.4178869986604
-1262.1817116385234,988.0506246262325
-1267.703416456208,989.9948634363826
-1274.4093421083505,991.0529920330619
-1287.6603538323423,990.4811037575313
-1306.8452241643365,986.3858052212091
-1310.3711504234707,984.7476081131091
-1316.153467472349,981.4359319349024
-1324.3476134256507,975.2876282455021
-1333.357755609494,969.1945064201749
-1340.9226076047044,962.7994501164231
-1346.6883486234985,957.6771449127205
-1350.6055450250365,955.2615732710885
-1361.423163772896,948.0844600655495
-1362.2907481743932,947.3112286059903
-1365.6749702506274,944.301980779395
-1365.7171102428424,944.2650796197569
-1368.9484296267713,941.0328720323832
-1372.3843975380973,937.3581081710489
-1374.9961045461566,934.314838561427
-1376.1370436271675,932.8302371557292
-1381.6024349460158,924.9458583284603
-1381.7625290087078,924.4932200962759
-1382.795382210774,921.5446866032073
-1383.4093047018932,920.3496814750482
-1384.381974887566,917.58886724007
-1385.4124463723226,914.3884673116883
-1386.335662765641,912.6289273048261
-1386.8929266645002,912.0594406394868
-1388.7380459187805,908.9780597369008
-1389.3412026441636,906.6589812065163
-1390.2512903457541,903.9601027374396
-1391.6042185101783,901.5071700083382
-1394.0714740098726,898.168029071007
-1395.4219097675307,895.6541498549162
-1396.7110305446283,893.0753252790921
-1398.9210362422107,888.7409517722907
-1400.9901468062303,884.2306008897941
-1403.2723400161374,879.816339975086
-1406.8759591261776,873.9073340415621
-1407.4020612695106,871.9288885206179
-1408.4591078186343,868.5247078407558
-1409.3561080806571,865.2372101951155
-1409.6968757797943,863.9932896985065
-1411.6171860019492,856.9498917667308
-1413.602524636056,849.7096989833884
-1414.8562017536997,842.5653573872248
-1415.9786750181563,836.2862199956926
-1416.9710595654103,830.0970372375194
-1418.596984433666,820.4655086095415
-1418.725920110897,819.7202027259654
-1418.6905223740637,814.7809235726571
-1418.6882588351136,813.7247802494005
-1418.270645305724,813.8266620654797
-1417.3320900431097,813.6965504043905
-1417.278226689464,812.3196065091696
-1417.3481641698768,811.0685642058169
-1417.5359043109795,810.4460580928381
-1417.9921829247417,809.5497805002686
-1416.9825731423432,809.1919312882109
-1415.8611807639438,808.6841428613643
-1415.8637295630483,807.8087455513553
-1414.992580269998,807.1801980447892
-1414.9386513926956,805.6792660967989
-1414.818465533472,804.8019554578514
-1415.503097388164,805.1187596491762
-1415.7558537553534,804.9309694616085
-1414.8209497106454,804.3642569861606
-1414.828420815066,802.9252782554157
-1413.89101427833,802.9191551713176
-1413.5817335339545,802.231738894276
-1413.3990719255894,801.23043100818
-1412.9659905047904,800.4140210032193
-1412.342702209249,799.9732379542037
-1412.3476979829638,798.9100135481106
-1412.4765323901715,798.2845062011445
-1411.8018455063327,796.1530689504891
-1411.874275547804,794.4023840074973
-1411.1295671560047,792.9603022075954
-1411.1320511794884,792.5226037371266
-1411.2020712710416,791.272658681862
-1410.8928462190486,790.7700774990137
-1410.5836950446562,790.332333229905
-1410.0867748988858,789.577758388613
-1409.9678023196702,788.3886324876602
-1409.3674772064396,787.817979749914
-1408.9089740981058,787.3833058194635
-1408.9114673967674,786.8816682130808
-1408.9188915476013,785.7565000179366
-1409.3678386227457,785.3568714912315
-1409.5459991895827,785.1960024343472
-1409.424496482073,784.758285766371
-1409.3679382591774,784.6783784697599
-1408.618415358471,783.6280106961402
-1408.68224312959,783.0675301543876
-1408.93749294293,782.3800971724546
-1409.3682916031437,782.2722319504998
-1409.6883654460812,782.1952726928811
-1409.3683902148618,781.6007213669201
-1409.3165902182232,781.5047551775162
-1409.0074480342598,781.0031715689589
-1408.9486053929186,780.0018819770842
-1409.368718172299,779.3674399521685
-1409.894652635383,778.5691258103986
-1409.3689290337572,777.931552431324
-1409.273828072519,777.8176250498415
-1408.47021220973,776.3725423722977
-1408.7917834735088,774.6218940217908
-1408.7305031884075,774.3111667420353
-1409.1145595023336,772.6224717355656
-1408.6177032629623,771.9938800505618
-1409.3698841672476,771.4274158838305
-1409.6839745581826,771.1896602819515
-1409.369995537368,770.6690238902896
-1409.1894820936561,770.3732414570411
-1409.130639951095,769.9365314901277
-1409.1356629474428,768.685579424579
-1408.5823744886206,767.116545444428
-1408.6486867019726,766.1153739932402
-1408.213109868815,765.8015993230819
-1408.221637116833,764.5504482811675
-1408.3505079306276,763.6781617725662
-1408.6733405342545,761.8635744983883
-1409.301599333531,761.4290601296091
-1408.6781971881833,761.1771022772465
-1408.1212928483371,759.7960947571394
-1407.8146518112223,758.733921939179
-1408.575434161516,756.9863305294405
-1408.57549840097,756.5486317251908
-1407.833169584545,755.3564219694589
-1408.2747807370063,754.9217804136237
-1407.900622371547,754.5430781508405
-1407.4700127108872,753.3538068761004
-1407.8516691954494,752.1029100784367
-1408.2933915034919,751.4803413397611
-1408.9191568034726,750.9848799259404
-1409.2983579146724,750.5472367890752
-1408.803919070798,749.3580558390776
-1408.8063753997474,749.1082845920987
-1408.4997436264966,747.981175140136
-1409.0690861572755,746.4833273103889
-1409.3242900695695,745.5471202553955
-1409.3736892403715,745.516105554939
-1410.3303796711925,744.9246345029891
-1410.891167436762,744.8658649860245
-1410.5856853881176,743.8645391842034
-1411.28145387682,742.2408267862367
-1411.7243911147132,741.3046474007903
-1412.2299333077428,740.1836422754792
-1412.7967656097208,739.8749026583841
-1413.7379510806895,739.1915608025471
-1414.302345549931,739.0068089721908
-1414.4361673507874,737.3830140255009
-1415.063111591562,736.8225168177615
-1415.6275249552823,736.5107845423156
-1416.506021648159,736.0183533821884
-1416.508487636628,735.7045432542968
-1416.51100875563,735.01717297924
-1416.5759873025092,734.5794837708792
-1417.2080027093145,733.5812886551741
-1417.7097823200527,733.0858095140454
-1418.2128420631925,732.9618957787048
-1418.0889936799317,732.5862225836111
-1417.7208971731936,731.271176584742
-1418.2927730046015,729.5855022729753
-1419.0486185768718,728.5253814245925
-1419.992196984335,727.469378130862
-1420.5565644623118,727.4724541131939
-1421.241211116106,727.7253195379525
-1421.615462602279,728.0421779234397
-1421.8780666103994,725.6020560262795
-1422.8192076038688,725.2325255487598
-1423.0719010117696,724.9217449995878
-1423.3246966708184,724.4841834403959
-1423.5775198078445,723.8615874248818
-1423.6413493002126,723.2980148133925
-1423.5825166998525,722.7994603799594
-1424.1543110518169,721.1108936967347
-1424.8475704983337,720.115700667702
-1425.546968011068,718.2422182947352
-1426.052568577002,717.3089416381201
-1426.6783095340909,716.9984161195528
-1427.3666836068896,716.8774231344887
-1427.8121270869706,715.3777625752504
-1428.382660982053,714.3176149247469
-1429.2587035039244,714.0748564286423
-1429.954458512908,712.5772282335206
-1430.2686183654498,711.8897049163884
-1430.8956383729994,711.957727469799
-1431.3974295052717,711.3973124415284
-1431.6527296594452,710.396069666169
-1431.782808381329,709.8354994710744
-1433.1631003299083,708.778465412982
-1433.795128249123,707.7194245145051
-1433.7386144343882,706.7820743568825
-1434.115370504236,706.5333565467265
-1434.4884269796653,706.4745603627443
-1434.6171622713887,705.9718444464473
-1434.7497354318161,704.9127289737655
-1435.127706356751,704.3521958891735
-1436.1338576981796,703.3571502357099
-1436.2001825186474,702.2939351685143
-1437.0798802429094,701.6095889429392
-1437.5817828978902,701.4247293864302
-1438.148674447932,700.7413339070253
-1438.154813094232,699.8660370265396
-1437.8456335184787,699.0496445800655
-1437.1622566339088,698.1072130767112
-1437.8580043290115,696.6744223654384
-1438.9255666143222,695.6792864606999
-1439.742677866384,695.0569750084509
-1439.6211845349712,694.5583113491765
-1438.62133851309,694.114477719726
-1438.623814650975,693.7378257284441
-1438.9415726795835,692.9893565906359
-1438.4471161209103,691.9230650301034
-1438.387153858972,691.1717463023842
-1438.6423339590715,690.4232677793688
-1439.3957179565973,689.6779561905555
-1439.9625730042924,689.243334915923
-1440.8385996435502,689.123568042265
-1440.9037839828793,688.436107472682
-1440.217883930042,688.1802480017442
-1440.096400270121,687.6166477241422
-1440.4142420421356,686.8682784037683
-1441.2314194455525,685.811161047484
-1441.9221606666674,685.5005465475745
-1442.547978071027,685.2537617219533
-1443.3627351242922,684.7583310064682
-1443.8032381714538,684.5116181452404
-1443.6793541005939,683.8210369414868
-1443.7492485949535,682.8848030091849
-1444.505081546559,681.9516647646572
-1445.1309275288165,681.5170526847143
-1445.883069503005,681.2702870975043
-1446.5713534320826,681.2124366165043
-1447.6339094084474,681.3414725725368
-1448.254690851338,681.8472938252929
-1448.44245175271,682.2229770263075
-1448.8215751319583,681.224745906799
-1448.952982688421,680.1615407860515
-1449.7112093534683,678.8527484479165
-1450.0843317305735,678.9177414303126
-1451.6511011930377,678.4892569179683
-1452.2757039844553,678.554387779577
-1452.9603342337598,678.9331387240389
-1451.9075534070503,677.6139979373869
-1452.287985726353,676.2401122933735
-1453.2941324130525,675.3070126263686
-1454.0462750929498,675.0602476816476
-1455.0512250247732,674.3179679220191
-1455.9248148752704,674.3210928651264
-1456.615528451391,674.2012993256781
-1457.5541995406297,674.2044342940457
-1457.4977903947863,673.1412007810512
-1458.1886182385467,672.2699979028623
-1459.1285428665599,671.7125436479956
-1459.63151302205,671.6537681959558
-1460.3198718832728,671.656865378838
-1460.8167772429738,671.9746416602848
-1461.5051932986887,671.6019843248957
-1461.884335369967,671.0404550099037
-1462.7653079311422,670.2342180440432
-1463.2658777104314,670.0494593893608
-1465.020495698259,669.433278022517
-1466.0205033046477,669.3743792848907
-1466.9590720388496,669.5043959290632
-1467.7701576809495,669.5725487708252
-1467.8940691219045,670.0741058589069
-1468.5909660546965,668.2626702775052
-1469.1578617711734,667.5792766567635
-1469.7861294933773,667.1446665638334
-1470.0977875051549,667.0218234871387
-1470.91250939992,666.7751692001702
-1471.665821315517,666.5284058196003
-1472.4818713640357,665.7831064551841
-1473.9959879885582,663.2263721704411
-1474.8745489657986,662.9216740872022
-1475.877024767317,662.552158270713
-1476.3849921776987,660.9284219048745
-1476.5813464207336,659.6773997531108
-1476.4599029719677,658.8639277218244
-1476.4011017815021,658.1764483513425
-1476.529923172544,657.6749300366398
-1478.4758986238687,656.3101640990936
-1477.4784990024589,655.6785991466855
-1477.6073780428555,654.8032214944453
-1478.0504182918553,653.8080936260964
-1479.6846819497878,652.3764480956199
-1480.6847938179428,652.1946601000518
-1480.937491174432,651.8828836130067
-1480.9461113998193,650.6319323534839
-1482.1387753475187,649.5139298256
-1483.014938215242,649.0793588862242
-1484.0848170323954,648.2762453159396
-1485.2061668937258,649.1567039531556
-1485.5204256277898,648.4083356192376
-1485.5254103879647,647.4690995228275
-1486.405097011582,646.911638636276
-1487.3473911297508,646.166360113619
-1487.8504753800348,645.9195592365136
-1489.0357518942571,646.1755993022506
-1489.4174132050143,644.9894430635012
-1489.7315014784795,644.8047566024125
-1490.4198371656157,644.432101342959
-1491.1130798216482,643.6248403705878
-1492.1781563074849,643.1283554765481
-1493.1806056206449,642.9466688971188
-1493.9953205247405,642.7618609805576
-1494.1830300264019,642.3892278224587
-1494.6885290172017,641.6408895677737
-1495.4407683298516,641.33318123593
-1498.601053039903,639.2202914734602
-1498.6552634287682,638.8406551280048
-1499.1227930099697,635.458238591956
-1499.5997605994528,632.0168718890802
-1500.7350052746501,621.4122315325878
-1502.3110797283932,615.9835376155347
-1503.581084170291,612.8200963978531
-1504.3838275055093,611.8429809889121
-1505.1629236126296,608.9572641037465
-1505.9587173461787,606.0107030148104
-1505.9972826726444,605.9027806213768
-1506.5137261728423,604.5509631447192
-1506.907519786742,603.1739896945626
-1507.1399699409992,601.6332030244914
-1506.4783461002546,599.7815577931202
-1505.4837243580894,596.3089387530601
-1504.89931122096,593.7268436686163
-1504.4420426499012,586.4492828700166
-1503.8387091889233,581.6028821502096
-1502.9970370987596,577.0002307860798
-1502.2524282575023,574.9016940948277
-1499.8824399915006,571.2011335887705
-1494.9763200569582,563.8769947595619
-1493.0175231978312,561.707248486361
-1490.4173661645814,559.8672730098558
-1488.6293951213352,558.5859189115366
-1487.1638552862935,557.1408272212069
-1486.4216692309185,555.5289676484874
-1486.2486175205959,553.9141040233253
-1486.6411382505723,552.1305526514187
-1487.664647108955,548.5664794037276
-1487.9718023833402,546.2981346624423
-1487.9612393976504,545.0041887993291
-1487.060114212296,543.3134030916074
-1486.157808362004,541.7014190168595
-1485.6552276433358,539.1992369399779
-1484.8006224146952,532.8989569976611
-1484.3432522637513,525.6212980426238
-1484.135951411062,519.3980248996329
-1483.3537891272492,511.88361151865354
-1483.0029898324162,508.24730690953294
-1482.898761378886,505.0927283849647
-1482.9530441791658,504.2453689405338
-1483.115906357792,501.61441424570177
-1482.667999626992,495.71379222076644
-1482.090612976182,494.0189674054692
-1480.7816690163643,492.0873253503755
-1478.176655143307,489.68067852144884
-1476.6259028561274,487.7519922864183
-1475.8006786840338,485.6564379909618
-1474.4893869136904,483.24101377781835
-1473.5883371401192,481.5492320137787
-1472.9384788556658,481.2283394651333
-1470.9998016160555,481.5677872731605
-1469.949326508802,481.4126163813915
-1469.3875071954446,480.4762861947428
-1469.0628181003308,479.0194022727339
-1466.3159202288537,468.0762172095213
-1463.5173984793098,456.92734279120305
-1461.1653703376492,453.34958625842535
-1457.2072884050738,446.5402174834311
-1454.0073410319244,439.6729112979129
-1451.7374547462155,434.14178496780943
-1448.944965858034,429.8336027753624
-1446.135797044288,425.4555946153751
-1439.571061534062,411.80595262332776
-1435.2788857512737,401.4371001042599
-1434.2094275208876,399.26869636946293
-1432.153270982112,396.68339419642643
-1429.0972421814001,391.9285027161683
-1425.6143934945846,386.19431298942027
-1422.6873980298435,380.0325830209628
-1421.3269365729057,376.4610683671529
-1420.5106498259195,370.77326012725075
-1420.2071679607207,364.6389516471359
-1409.4322538281692,346.69690961848477
-1402.5325000794228,335.2096038407482
-1355.1105897560872,257.54681568528224
-1344.8744944714947,239.98367190907376
-1343.0758171177506,236.53310319731273
-1342.0243724880443,234.15374371699951
-1341.1644642879671,230.89711894085892
-1340.3703399614315,229.7967768960384
-1339.7231731587844,227.97317565531506
-1337.560238470924,222.35411439650017
-1335.570463012873,217.18564385086563
-1333.394715281126,217.27232247013956
-1330.43690385277,216.51950559321742
-1327.0472351853803,214.29772664015923
-1324.1486128255453,211.50944248774988
-1319.1012886438216,204.45320397883432
-1317.1653985743208,201.74784596706314
-1314.8492536529773,198.50907855120485
-1301.0089507658336,179.5006263684465
-1295.197572129865,171.40900278340555
-1289.9264528080803,164.06686932671172
-1286.105192691758,158.74544788804315
-1273.5377779737123,140.92322215857297
-1268.7129873065394,134.61834953581229
-1263.3719384864592,127.64000625873277
-1263.1108928759386,127.29723450062386
-1259.7720284337054,122.26565803359702
-1249.4774968144884,107.58635401788297
-1246.7692770958295,102.5488793901065
-1244.9815293104548,97.9951078116691
-1244.8011379487557,97.26462285922213
-1243.8859710707227,92.52313744392677
-1237.9324203696474,84.83411791016762
-1232.2255590280229,77.46502868714018
-1230.617955359182,76.14284967353325
-1228.28843034689,73.31965613885517
-1220.2873998850482,59.88285184294324
-1219.2695399392787,58.10509658134249
-1215.696141599862,51.85337710834481
-1206.8877611302776,36.45302405050641
-1197.294495866598,23.6505425957356
-1190.651513507641,13.491384279023737
-1185.0854796535762,5.009242961155168
-1179.3282965173655,-5.069799192243418
-1168.7127134685622,-24.25960018211036
-1164.3007882659062,-32.393963361919795
-1160.9715525253405,-38.58358817275125
-1154.6788499419968,-49.278330019846265
-1149.555689671167,-57.94333619584606
-1145.5330532193707,-61.64091126648975
-1142.2275200703452,-64.54908608894473
-1139.1915075520546,-66.74382346369494
-1135.9821385063644,-68.58287572416052
-1133.3130472731536,-69.54137938444397
-1131.7991647023534,-69.8873875144974
-1130.985672209383,-69.90843067056845
-1130.0444423796528,-69.35094502970182
-1129.8567404031464,-69.04024922335792
-1130.0394920538413,-68.41160998731807
-1129.9720131972217,-67.2256032178091
-1129.595295854446,-66.7879492706498
-1129.4664069599505,-66.35036590161639
-1129.528999723144,-65.72473328284026
-1129.396464095799,-64.78850546148414
-1129.1435947759903,-63.787355245384866
-1127.8294670648377,-64.04326598065146
-1126.7705471792467,-64.60996422785063
-1126.2061406526138,-64.67795947979415
-1126.018318515797,-64.05245599986239
-1125.0772094142178,-63.80578750487563
-1124.2649127822622,-64.05864645591038
-1122.950762943494,-64.12682904462875
-1122.5801638450534,-64.62840998195635
-1122.6464299651077,-65.44175497339418
-1121.9556526381607,-65.1960543795706
-1121.8267524993792,-63.94501842384042
-1122.3223532548507,-62.75286108535976
-1122.692900998781,-61.812584382762594
-1122.9997518794773,-60.62344154604219
-1122.934614465471,-60.1857508836381
-1122.3063763347097,-59.5631915554922
-1121.7419114776321,-59.12974870105403
-1121.4866451669905,-58.31632603614304
-1121.6719694437652,-57.56379847987918
-1121.6044590480146,-56.81249745470882
-1121.4755414502824,-56.124943171860714
-1120.7847895852112,-55.3767073981926
-1119.7821762660844,-55.06899921781872
-1119.3491218647,-55.94743877227017
-1118.789620878201,-56.57602198483871
-1117.5404350448,-57.019850717173014
-1117.9835076666627,-58.331697003533364
-1118.2976412692312,-58.769358702396076
-1118.7417404102248,-59.57976697930361
-1118.9344746296354,-60.83069579479329
-1119.0045067832932,-62.45749285654319
-1119.8217053030876,-63.45269234090646
-1120.018184139672,-65.3281487108707
-1119.96415021136,-67.08184086836107
-1120.2807475642683,-67.89226394061536
-1120.6262434059236,-68.21780410446395
-1121.7214199073776,-69.4318201012034
-1121.7214378931167,-69.58573268481999
-1121.7793744085145,-70.52595928237868
-1122.2114444402912,-71.21647058304696
-1122.8337450001188,-71.72092787102414
-1123.2717643065691,-71.90880360058844
-1123.7712821704163,-72.09956482312764
-1124.3308945721442,-72.41719961974651
-1125.4419112021048,-74.92525612163125
-1125.0039354038627,-75.1102419611217
-1124.8126276161938,-75.36003568496064
-1124.5599121816463,-75.67078319153603
-1124.6179034464003,-77.07564023666133
-1124.2029260043291,-79.1242324827485
-1123.1645945045927,-80.94287664362717
-1121.60993011289,-82.92656574541199
-1119.7158579417066,-84.56655940224609
-1117.9409602768505,-85.6360747157871
-1116.4583508968512,-85.85090694813293
-1113.550796584416,-85.60247085554342
-1110.2449131357162,-85.63696790625596
-1108.4529821701465,-85.90190862785579
-1094.0470757467724,-79.71922783478432
-1085.1195727242036,-76.08499139504296
-1084.386650729615,-75.78931865754123
-1068.7699836560196,-69.42888420707746
-1058.8748839524242,-65.7918382718608
-1050.9595081144819,-63.01270558012632
-1044.7989835252456,-61.2057280468851
-1038.7816270460007,-59.94944487431279
-1033.2758421393085,-59.24351745884803
-1025.489461172628,-58.60087210528673
-1017.8451956733393,-58.83549716764294
-1010.7137510565847,-59.62865615235252
-1002.324696297669,-60.96647061477758
-992.5361020709814,-62.95199257823337
-990.1797967579877,-63.595815986989365
-989.6624212843919,-64.17840306324709
-989.3605173161657,-65.75915539252038
-990.15255560552,-67.26797571644771
-991.1802671854142,-67.42577219883694
-994.7111495523961,-66.97174886341821
-1005.2350632093605,-65.06405163232043
-1010.3122777055117,-64.14832222240723
-1016.4148891004887,-63.6050438490896
-1022.9568036513427,-63.58040919600817
-1029.5673363791775,-63.81052148156424
-1036.3980306440067,-64.37636032696516
-1042.1218218949687,-65.5217560561319
-1049.4546019982765,-67.63134519997848
-1054.5838799382207,-69.72920119490598
-1062.5413865818882,-73.12686928050375
-1063.452581551381,-85.05963229170551
-1063.6808829792544,-103.87225345336165
-1061.0296758788759,-115.04412649338566
-1058.2170281525075,-123.46504105310102
-1052.6841141611376,-139.7571409851332
-1047.6524805996721,-150.36269665728662
-1042.2453802639109,-162.15729731771856
-1039.929010364191,-164.98642764098338
-1033.0822389531852,-173.09904751277242
-1022.077970616762,-185.03917229849958
-1014.3104176948693,-192.96384984213117
-1005.7056369985328,-203.1780456195713
-997.7445414828103,-212.65971045252755
-990.0877487444458,-220.46156565798125
-824.9228085830629,-141.72701288711028
-825.5412024129255,-140.59580704145066
-721.8037613114009,-91.69338352527903
-723.5375997776944,-87.74718568776072
-719.9006233134869,-85.75996186984392
-755.8873494536012,-11.144998265896747
-750.4343633849523,-8.480433880060474
-748.8858233756173,-11.724090852378504
-714.7581091028707,-83.21525241421102
-710.8744945555213,-81.48399926235015
-704.9917990888824,-94.33568510038272
-708.076341194572,-95.86022006660866
-672.7664553662985,-171.06356601337393
-677.6586750676291,-173.66626942724872
-714.1202577250701,-98.85144195019585
-717.6573372295761,-100.5978814939914
-719.264877251502,-97.08839469566509
-799.4355211998474,-134.95731524981318
-784.5743213420527,-166.80637401296522
-808.2038086835611,-177.84103197508617
-823.2514807000357,-145.4243498299773
-987.7943449009144,-224.5686637084614
-985.0627986659467,-228.1640942996715
-980.2543472851181,-233.08200782231967
-976.0124754393748,-236.26193623060425
-965.9629797307463,-242.88687813287854
-959.97838545198,-245.6853353244698
-950.4111910847048,-249.010818314644
-939.1026744833955,-252.59830311454635
-925.8214657535455,-255.86796554155848
-922.2300047690497,-251.89730763995354
-918.8129499001122,-247.076372068942
-913.9765823688405,-239.7033951533299
-911.7100725201461,-234.7953663189224
-910.0163525061312,-230.0851844542116
-907.3266558861342,-217.69084003526447
-903.2426965061345,-199.24525886597863
-902.5807940242861,-198.1850900089656
-901.5265127984918,-197.79756483299346
-899.8922105784159,-198.35830702388554
-899.497659176688,-199.89208316528695
-902.5308368897421,-217.9930325501821
-903.9250818808006,-223.7575899144256
-905.2253036348252,-229.71287579383093
-907.011738397077,-234.52210040124385
-910.220878926545,-241.546413411562
-912.3019705067253,-245.54215674328466
-917.2381083681452,-252.57827288550902
-921.988736222474,-258.5612553805203
-927.1291538720648,-263.77682958472656
-937.892878945592,-273.9281268009808
-962.9453639764469,-297.17801113137773
-991.8902019183463,-322.56873730167047
-991.680855900042,-322.76556348285254
-991.1344247984271,-322.5158487002987
-990.2534426140983,-322.1151485853572
-989.4410818549519,-321.9923417195387
-988.4385603473506,-321.99543746100665
-986.810199695149,-321.2532737674258
-985.1806966720709,-320.76078137803506
-984.1804798230095,-320.4520614174808
-983.9252761806937,-319.3899614198357
-983.4762083768442,-317.3284971692062
-982.6539699510407,-315.26727059295587
-980.5839503900309,-313.8994262541591
-978.7076283398665,-313.53294081237385
-978.2081140317594,-313.4720451541491
-977.955484744974,-313.0983118054925
-976.829059681798,-313.2282995437365
-976.3295328095342,-313.04361542112605
-976.5124281649075,-312.04231747220433
-976.2534576037968,-310.8532373046343
-975.0655594677326,-310.42164484453696
-973.7489811865858,-309.9262259958862
-971.9930347393282,-309.18397296720303
-970.3020343948468,-308.68739456500015
-969.1117941614307,-308.1949547784886
-967.7374516642832,-308.3269614555809
-967.2380589953829,-308.6418192752539
-967.3055464082663,-309.2673377646925
-966.9925530658855,-309.39325239262206
-966.5570594940732,-310.3335292798008
-966.1250770267037,-311.3378445843881
-965.7508655789193,-311.77558035647763
-965.0035481387011,-312.0274217050005
-964.6942957993283,-312.84489493097806
-964.9446778451477,-313.2815704057623
-964.6967912406752,-313.5963030604074
-964.4501559024379,-313.90704562989424
-963.8256129038083,-314.4127354736671
-963.5789256946771,-315.0383852640229
-962.7641588637252,-315.044451948106
-961.9542942721993,-315.6729511271341
-961.9604212366669,-316.8590645446679
-962.3359851232808,-317.4226081214517
-961.9040538918217,-318.1131132133369
-961.2156238926499,-318.1161746350246
-959.9038956171896,-318.5599889440091
-959.6608652237136,-319.87600031672224
-959.4757084375827,-320.8123616349342
-958.852308015935,-321.06818006707283
-958.1074969758893,-322.195416863323
-958.8621105238452,-323.13268181497506
-959.3038531510405,-323.75507073679506
-959.333924819661,-324.0658852646582
-959.7906876597299,-329.69456953406444
-959.7088522033749,-329.94734139850965
-960.1518198184115,-331.1334111058003
-960.0568467242339,-331.8548045502978
-961.2538584848575,-339.1133114118196
-961.1299350396779,-339.88966938914785
-960.6968532725025,-340.7681014191261
-961.7644102676609,-341.8860797743803
-962.7055550541916,-342.25864727110536
-963.266372324566,-342.0058273425579
-963.8234112747913,-340.69078188711427
-964.1325876777283,-339.93834500005516
-965.0063219023161,-339.6214547537955
-966.3230123973086,-340.36674571829406
-966.34713491744,-340.4317795658841
-966.7671495543882,-341.5528149918699
-966.9598947843343,-343.05361729479966
-968.0299502246818,-344.112742856174
-968.3502206584036,-345.801459157639
-969.2287999898729,-346.3588670080823
-969.9846743800496,-347.3570774940705
-970.7982620707779,-348.0414720952053
-971.6130571780376,-348.2871709121272
-972.6131361875001,-348.03430597067285
-972.8683972641921,-348.84464003639397
-973.7470153512718,-349.7788987484596
-974.500317300081,-350.0895400741925
-975.3766064587337,-350.27428576554775
-975.8796654053358,-350.7089402759383
-976.4465284639839,-351.6452253978662
-977.2613686674073,-352.329619321114
-977.5166430785164,-353.2658363431901
-978.0209925545508,-354.07923711226414
-978.5241480932065,-354.63967481102304
-979.1499633045164,-355.1352632022773
-979.8407709099588,-355.5089517829945
-980.0935618321927,-355.8195439928834
-981.0034336541016,-356.3620849791427
-977.8076016046148,-385.8499755257232
-976.5571321407239,-397.12960611357107
-976.406677592217,-397.1296214172971
-975.7857948666325,-397.5703750830059
-975.4126655999164,-398.0110037897681
-974.9685375474681,-396.9508180982678
-974.4665670247317,-396.5752147929945
-973.5279392077034,-396.3933680760598
-973.4640581523923,-395.956773722492
-973.2726322431994,-395.14344078586606
-973.7696155444174,-394.8906267348715
-974.1438166799677,-394.3229179120639
-974.2653226546574,-393.57448975594554
-974.0125696497994,-392.8231071191996
-973.3829652386256,-392.0128110930077
-973.254118183754,-391.13752776213795
-972.8750463147261,-390.5769774940751
-972.2467318847557,-390.14233553756833
-971.7461349891212,-390.1423862228761
-970.9313363376885,-389.89668743309005
-969.9913361301495,-389.33918623170035
-969.4317033969384,-389.77883606785525
-969.4366634821803,-390.96893942226944
-969.5040871443789,-391.78238470700785
-969.2539389415617,-392.03118366859434
-968.5691360099006,-392.4719433231314
-969.0735119983118,-393.53501595312866
-969.5742111869039,-393.7198998174174
-970.5116327237496,-393.52888574345377
-970.6404733074863,-394.3423248071861
-970.6442206263642,-395.09064050449507
-971.0871545847642,-395.90105533255496
-971.8417879366535,-396.9641024930556
-971.0896443838498,-396.5915168042354
-970.5276558859644,-396.8443372883761
-970.3448289182619,-397.7187544192104
-970.0355804158257,-398.5970745301092
-969.285830231226,-398.78806960924845
-969.102996951696,-399.6014404017501
-969.5434986113422,-400.2888651789066
-969.9840965160122,-401.10227275311723
-970.1129116054224,-401.66284841915217
-970.116588273372,-402.5381444353444
-970.4331652260341,-403.1625404003073
-969.5570637579066,-403.2306576577474
-969.2429508875293,-403.0427624933247
-968.7471794663394,-403.73327425095687
-968.5594557430425,-404.0471031540816
-968.1827705423397,-403.9861945935743
-967.3715651483889,-403.80144170177374
-967.1851309190713,-404.4909247163927
-967.3152419878634,-405.49209106927816
-967.1286927752424,-405.86896111606694
-966.7557168959852,-406.18260914566804
-966.8219595039428,-406.870171471796
-966.951961947795,-407.62146690539987
-966.8918786804404,-408.43492503013204
-967.2071785544106,-408.8076548113886
-967.9595149915995,-409.43011170878106
-968.7743404386043,-409.9255819301729
-969.3388067219418,-410.23733992989685
-969.7768318969527,-410.36018630310866
-970.0909450171619,-410.5480814479087
-969.655402948406,-411.0506602786958
-969.6602668129856,-412.11388304381194
-969.9130199870621,-412.8652657791331
-970.7929217087136,-413.23494591742417
-971.1684126955384,-413.86043312489124
-970.6100175553167,-414.17419981216705
-970.6149777065934,-415.3633056314566
-970.9941781254553,-416.3614542675339
-971.3757469815496,-417.6744100856122
-971.6923626564546,-418.6756572369169
-972.6336238068765,-419.2951021755535
-973.3857692086631,-419.6677874789957
-974.394206155586,-418.65044616393743
-974.4447825077293,-418.72425519539934
-974.9479284409199,-419.15890970330935
-975.5099119557445,-418.84524215604813
-976.1958847072082,-418.4044819039114
-976.756628912704,-418.21350552289584
-976.5100361210848,-418.9650386217383
-976.6388712320804,-419.71633403015915
-976.9891389832686,-420.11698960830387
-977.004745507144,-420.13604005663626
-977.456079084176,-420.64960106281063
-976.8940893471597,-420.9024219093105
-976.5198744190841,-421.3431505027423
-976.3996074668044,-421.96868792042295
-976.5308174632667,-423.0968343266283
-975.6522494684422,-422.72426187002367
-975.1540320378498,-423.16380602023867
-975.1565155497298,-423.78943070030033
-974.7860099375795,-424.6028206350252
-974.4092216900675,-424.35707766100603
-973.7833564682976,-424.2332530709045
-973.4067729405084,-424.3601718285272
-973.2865309664163,-425.2344828864322
-972.6029841469611,-425.74027894217414
-972.5440694797664,-426.5535374710066
-972.7969129866539,-427.366864154517
-973.5465562709561,-426.9232049298958
-973.673010454396,-427.2378997921522
-974.1724534856173,-427.3607397334436
-974.858439395957,-427.04296994589663
-975.1112195769646,-427.2307713944358
-975.4878540643912,-427.60449215607605
-976.113809165284,-427.789263193157
-976.1450192791423,-427.7982374149905
-975.9959741231748,-429.3540357264538
-976.1247902451615,-429.91760375295087
-976.812014477405,-430.28730291963143
-977.6268105111938,-430.4720546417924
-977.6316689402095,-431.47323357097747
-977.9470791985023,-432.09882636340603
-978.8233050052745,-432.4065620814532
-979.5164929981574,-433.15590464807497
-980.0809797521612,-433.65139943146215
-980.6454222863713,-433.71338558537127
-981.3314276226904,-433.5833427076273
-982.0812829628815,-433.58027356242894
-982.3363484236972,-434.0798895607905
-982.8756063303753,-434.30167585112713
-984.7525342043311,-440.3427738550198
-986.4920233818893,-445.5377159032865
-987.0879357473115,-447.31527925522056
-987.5370111094214,-448.5723680647867
-987.1579682907677,-449.1359881568107
-986.8486810433922,-449.6385547622822
-986.4081951773215,-449.13905769645896
-985.5933783966561,-448.76927257851605
-984.4054881027782,-448.5846595516712
-983.7784981761271,-448.90252372228485
-983.5981043806513,-449.90372160447674
-983.2815249221916,-449.2782288743334
-982.0960546261756,-449.90986031181035
-981.7868504507455,-450.4115290012436
-982.2274580186078,-451.2867802556758
-981.8507323468287,-450.8491207557682
-981.1034304584562,-451.35492392397043
-981.1708872734879,-452.4789870289429
-981.4261584962179,-453.3543570012004
-981.799257569144,-453.41616315321744
-982.3612616669544,-453.28623263497013
-981.6765387229888,-453.7299856415162
-981.1807138827362,-454.7312157211884
-980.9341268170868,-455.54459318923614
-981.0016353555535,-456.3580383067338
-981.1195756930852,-456.64480425476233
-980.3770389563207,-456.42303862885484
-980.0039396339096,-457.17747740922744
-980.196721392048,-458.1757443967215
-980.3881362857393,-458.86319404694007
-981.0139394991502,-459.17384784036363
-981.5783835285425,-459.2358339378636
-980.9550704064851,-459.6115518870548
-981.0225147152178,-460.61282412601514
-981.7133746273381,-461.42311330009704
-982.2778251418547,-461.5470433993962
-983.7677070039456,-460.8593218972864
-984.1480783037923,-461.0381326296989
-984.2719975952286,-461.0381199253709
-985.5272504352373,-461.40776020295294
-986.9040475277993,-461.4016338287938
-987.4635614336655,-460.58523156762834
-987.6489426401242,-460.20836127538644
-988.2747720113758,-460.76998273980246
-988.9680587967267,-461.64121769974645
-989.9067834245391,-461.88799939761316
-990.597663065333,-462.07266303078455
-991.1621652119915,-462.6952371981921
-992.2910795352669,-463.067782341761
-992.76282180548,-463.2066837427141
-993.2299283373683,-464.51254758893185
-995.0320516640455,-469.28474573751055
-994.014029409955,-470.440042816149
-993.702411632961,-471.0036561682556
-993.3930278568182,-471.38333236978514
-992.6445694010775,-472.0119273936001
-991.9574253138951,-472.45268890733695
-991.2738950861439,-473.1422236646762
-991.1500339144632,-473.70681503390915
-990.6012837960992,-473.7098641383652
-990.2353899301896,-473.9347358305094
-989.9694448787296,-474.76317758824234
-989.7927286984977,-475.82033427757375
-989.8410436598601,-477.42818125082516
-990.2924786331951,-478.8919492841277
-990.6427459120878,-479.26158243804673
-991.2409119309613,-479.4005706130213
-991.9906296653792,-479.64627437273475
-991.3059113545561,-480.14887988467825
-991.3697942021132,-480.5895637714774
-992.0607140569679,-481.14998126700414
-993.1871841385823,-481.2667704576044
-993.8755359809926,-481.2018624594023
-993.1896624177978,-481.8303512888509
-993.5662933520002,-482.14212726264446
-994.7602415640581,-482.76453628084454
-995.1357038983347,-483.07232236386847
-996.451286152995,-483.37981140037306
-997.3274338828282,-483.6885429024184
-997.2059548281767,-484.68983461715396
-997.5876005627404,-485.87890117261617
-998.1545440582245,-486.6892020091834
-998.2220098792839,-487.87830119667314
-999.0392895257427,-488.62363943414704
-999.4823463083447,-489.7477630033719
-999.2994759693639,-490.9988322796289
-999.0516122129109,-491.56642910728834
-998.4258061905839,-491.2546792698367
-997.6085263766283,-490.5094407248787
-996.6084072637851,-490.51253707357074
-995.797329589895,-490.8303213615225
-995.6059193682449,-490.2048160976688
-995.4155940059463,-489.57931071122636
-995.0389432646167,-489.07970770337596
-994.474471626112,-488.76904848439085
-993.8473700888484,-488.83704240297345
-993.1626253881379,-489.0898768840829
-993.2829112143866,-488.64927371061293
-992.968730720586,-487.83894644560894
-991.7158747135231,-487.2814798031158
-990.5930306384045,-487.53735181953783
-989.5954990909185,-488.3537993929363
-989.6617315213012,-489.73082562301835
-990.5415836663041,-490.35316778467546
-991.2299552509587,-490.47299486659267
-991.3551654506543,-490.84873590753284
-990.9232284993199,-491.5392421303372
-991.1784244776682,-492.475458609001
-992.1810411436946,-493.22087804105786
-992.6215805436952,-493.4086596048354
-993.1811152708577,-492.7800841564258
-993.7394947928102,-492.27848909096764
-993.4339428215079,-493.4055831097593
-993.5602571867643,-493.9671561393041
-994.2511781428834,-494.52767321355094
-995.0647409961191,-494.8354139049718
-996.3826492925085,-495.8304716150548
-996.2635966950786,-496.89659981052836
-996.7667540494417,-497.39219967424896
-997.5189963733127,-497.8268270839139
-998.2073884245734,-498.13747323502554
-999.083685217396,-498.26136991029256
-999.3953487128549,-498.13136470461757
-999.0884621745937,-499.25955627431387
-999.341290280051,-499.88505506755973
-999.9708975006386,-500.6334052171947
-1000.911969126603,-500.9411321350916
-1001.5991800917689,-501.12579535000276
-1000.9144543147959,-501.5665572331663
-1000.7291757345155,-502.130157619943
-1001.2961400427012,-503.1282853516811
-1001.5381067572288,-503.6250094406315
-1002.3349180873754,-504.9279456547864
-1000.237340357061,-517.3996646355531
-999.8617992053424,-517.1508303577157
-999.2998239663029,-517.5915793298227
-998.4849812528271,-517.0330705040944
-997.5439340877178,-516.9752142440539
-997.299689787713,-517.8505358547391
-997.4285343070911,-518.6639744185235
-997.3046728078915,-519.227568338018
-996.9977789028865,-520.293716011636
-997.1892795731503,-520.9801677697764
-997.7537596442183,-521.3528706021326
-998.0089571943159,-522.2900843510474
-998.76128487288,-522.7237141458811
-999.761310789143,-522.594734535239
-999.8828096312461,-521.7813696860579
-1000.2558591364398,-521.3406403682878
-1000.5625793501072,-520.2124488142596
-1001.0548890907676,-520.7000696667227
-1000.8082381411967,-521.701274674718
-1000.6867839874133,-522.1419777927214
-999.8781050429419,-523.0812972972669
-999.7590653008284,-524.2704158333612
-1000.5124977279635,-524.8929697109343
-1001.199684352743,-524.8278618175773
-1001.8856831085295,-524.5750266466838
-1002.826840690491,-524.8837508429983
-1002.1518140714967,-525.5242089970827
-1001.6511269865771,-525.5272537210078
-1000.7774734175458,-525.9680352884316
-999.9651083864997,-525.9711124028756
-999.5270332168866,-526.2240213767442
-999.5306031453333,-526.849446345794
-999.5355150165547,-527.5400071750257
-999.914812666175,-528.5991010405874
-999.7078310133031,-529.1048493067717
-999.4047822909063,-531.0363179821018
-1000.3045997725175,-539.8294849540767
-1000.6554283537171,-544.7588373313364
-1000.6234639030313,-562.336384182313
-999.9401558572556,-576.431666332933
-999.3019724387162,-584.7324330646853
-999.8357686158413,-590.9187013449496
-1003.3148944758963,-611.6065484555554
-1016.542596872999,-610.8817783093343
-1016.5768444242635,-615.927869261919
-1016.6205703391529,-619.8569716137765
-1016.6774721465798,-622.9125719225204
-1016.4465713189962,-625.2947982522583
-1016.0210338248265,-629.7214974584708
-1015.3260041752874,-635.3912951848184
-1014.7727196265591,-638.3730460578902
-1014.3806204843928,-640.2096631605341
-1013.6515643938782,-642.9306890527024
-1013.0018703342389,-644.8843386704311
-1011.9948302622383,-647.4654461185268
-1010.7085921946942,-650.2634368286301
-1009.2453538217305,-653.0215464293368
-1006.209295983375,-657.6463210371942
-1003.2865465431761,-662.1511847090358
-999.668026865632,-667.7583445853605
-996.3698175027858,-672.9137073373943
-994.1099590864666,-676.4163227440515
-987.7491431483887,-686.3133604703763
-983.058620998421,-693.6093718700749
-976.2140796980103,-704.0361175148425
-975.0540644290279,-705.8328116073197
-969.0949400968891,-701.7205711492905
-967.3056473251354,-704.5026467680724
-963.0591198900031,-711.6415988019045
-960.4876471045962,-716.0535476773794
-957.1676700645891,-721.7135280952461
-952.6526996188824,-728.3110654578297
-947.7634943673669,-735.3481309150346
-944.5192257031847,-739.6532110155752
-940.2822137354991,-745.4421510562531
-937.2075656079447,-749.4783889161711
-935.4289813669933,-751.866748746121
-932.9053846646101,-754.5539283896502
-930.1123464300218,-757.444022568372
-927.8642331883434,-759.4556751374256
-926.6356757884686,-761.1075345592228
-925.5406473512567,-762.8573342986276
-924.0269162629709,-765.9910893807559
-922.2796649149764,-768.8530511058188
-920.7802522442222,-770.7727613675474
-918.9739091218371,-772.6865158345518
-916.2156115620176,-775.067883584983
-913.2900529836803,-777.179545634896
-910.6353046580124,-779.4591581132015
-907.1970893039206,-782.2413784710553
-905.0164831319038,-784.3220454186538
-902.0559821869554,-786.7373427151465
-899.6407086838788,-788.7831183840308
-897.4914216920191,-791.1684135635073
-894.5142394717168,-795.5123534701733
-892.9367371124215,-798.6462091887591
-891.9740881845671,-800.8026686165248
-891.6816633036932,-801.5391413011682
-891.2930433627513,-802.5253939456353
-890.9044224148023,-803.5016716916047
-890.2439071343367,-806.136697708799
-889.7134573368907,-809.3133476957948
-889.4561738008277,-811.9504309863447
-889.3566877861535,-816.3130544017299
-889.2401349869117,-818.4114810208683
-888.7564141777714,-819.7605287849962
-887.5194081570888,-822.2537650927354
-886.9647331176157,-824.280213516881
-886.7411625231323,-826.918291046802
-886.5069056039407,-831.3148413809853
-886.4806960388228,-834.8642058092871
-886.1281961634721,-836.6229096676244
-885.2933182700875,-839.8305094889361
-884.4198643015316,-843.712713990805
-883.8917996589512,-846.5536087584952
-883.8355187684591,-849.7981435079146
-883.4652195931643,-854.0249336727153
-883.1139606640758,-855.6796989922852
-882.1429656108348,-858.8193820304188
-881.8856511861551,-862.0658304016107
-882.0993694624948,-869.3403915957327
-881.8147585624115,-876.137201709703
-881.8695735367141,-882.3634174015774
-882.3128370539193,-886.5972147228599
-883.22316175937,-891.5763918543381
-884.3886439571542,-897.0600748101382
-883.5149500895731,-897.4888756075916
-882.6412512666617,-897.8646099598236
-882.57151766578,-899.1157656174599
-882.7749365140171,-899.6422210976002
-882.9076655980508,-902.8188092678892
-883.6599258447536,-904.0657995915573
-885.2114172165552,-904.6111828702852
-885.6422817261357,-904.6761793493861
-886.5168661535048,-912.9827798580153
-886.7206556578747,-917.5172417768451
-886.8701227270751,-920.2901448736036
-887.3891475651318,-923.4427574869851
-887.3376388603717,-925.943763894087
-886.1212916952056,-929.9958719540401
-884.3224034351356,-935.3289078185359
-882.5029399261144,-939.2731426922477
-879.8977506031048,-943.8209294639487
-877.5390531903748,-947.2194870865843
-874.3957352925546,-951.4584992116944
-871.766304727609,-954.7223194104572
-869.0658141608616,-958.4567601155763
-865.5808923437806,-963.3032703549434
-862.26190562357,-968.5566397174985
-858.640848345489,-973.1963803382824
-854.6454739870869,-978.412800659164
-851.3697358229313,-982.1413025202601
-847.9626956300377,-985.5340604128905
-844.6894532775899,-989.2314381115416
-841.6170715768684,-992.8639603573199
-838.7901322648335,-995.6830087890784
-834.0521310609887,-1000.3179497751735
-832.1422615581087,-1002.4005709524282
-829.0421267564358,-1005.592301612363
-827.644906465655,-1006.7665651390761
-824.4484729003045,-1009.0781192998185
-821.8971889591065,-1011.1887231265295
-818.8993053761924,-1013.7370620481895
-816.855814335654,-1015.7177482773759
-814.2370144029413,-1017.8313482599592
-811.3426740041626,-1020.1797794461335
-809.2365480739379,-1021.6527480130308
-807.125681539692,-1023.3257128219184
-804.7776744738167,-1025.3743509710441
-803.140902042694,-1027.088172147265
-800.6172680778003,-1029.6394580779302
-799.2237267622891,-1030.982492056464
-797.1488799568681,-1032.319697251913
-793.6118087052364,-1035.001038074196
-787.9626912050277,-1039.3242166202197
-787.0082594417013,-1040.5003330479608
-785.6808757800703,-1041.640470598483
-783.5037533930322,-1043.4833077663027
-779.862030331262,-1046.2315834471212
-774.758006343554,-1050.4906711430126
-768.9669135104759,-1055.7931833927516
-763.0457628674142,-1060.6888271741423
-762.4813419455304,-1061.3454184799014
-761.31870611777,-1061.6633103534737
-761.2319800524416,-1061.4255161411807
-760.3040354604755,-1060.9759221703491
-759.3544449790814,-1061.1798838224279
-758.2291254198163,-1060.6063175304544
-757.3553985042206,-1061.9343419882482
-756.68265710626,-1062.6088962809345
-755.8051682251219,-1061.7376598082535
-754.854335445847,-1062.0645116096364
-754.5137841389777,-1062.3013419822319
-752.1789144586023,-1061.8699122198748
-751.3544326277863,-1062.2466281683476
-750.8561768178091,-1062.7512962205146
-749.8560134705976,-1062.9522684261779
-748.8595983510941,-1064.1323742522466
-748.7380720739766,-1064.954812412032
-748.7380818899097,-1065.080695368267
-748.3638400160188,-1065.632335296152
-747.6115652608632,-1065.2076636003148
-746.8124663902862,-1065.76232900276
-746.1144533669037,-1066.6366813170716
-745.8690389718527,-1067.9647556185134
-745.7450963695817,-1068.8400607799792
-745.5730850358574,-1069.7154694191688
-744.7017252102464,-1070.3929309919502
-743.8773259752743,-1070.7717410117377
-742.6318083470888,-1073.0980786779608
-742.3851007826081,-1073.8993796922323
-742.3900532180317,-1075.3503250217161
-742.4671420225553,-1076.1518004903
-741.6402987433567,-1076.2286709520044
-740.8929159984556,-1076.481691550247
-739.7688988965671,-1077.6578163071724
-738.7712154575316,-1078.6590716011713
-737.5268996289093,-1080.3639736054072
-737.6039296200095,-1081.4910291191031
-737.6557670443945,-1081.663889761792
-736.03217821837,-1082.545294803455
-735.3595385261112,-1083.4966504257482
-734.9106525976133,-1084.6707278929719
-734.6652781664532,-1086.5474201369407
-734.992730325255,-1087.4216930920797
-734.0106426578753,-1088.3131232869068
-732.6987040872671,-1087.5178267588067
-730.5105856781315,-1087.6968430461973
-730.2169521107833,-1088.1805471915065
-729.5670561644168,-1088.6331567934853
-729.0653397185412,-1089.755368630254
-728.8715691254793,-1090.9444884859304
-728.9330331818744,-1091.5080644027817
-729.5060037434286,-1092.3894010608637
-728.5576100566415,-1093.017990099115
-728.6864915970461,-1094.5178028955872
-729.740837644057,-1094.554629863442
-729.2329281077903,-1095.4491157130115
-729.0417062854174,-1096.13560130361
-729.1656672433386,-1096.576182225456
-729.3535289676475,-1096.6990584451592
-729.8517999956263,-1097.454517799408
-730.220220220794,-1099.3310634682884
-729.9085283195785,-1099.3919339207382
-728.59179602088,-1100.3252834575412
-726.8383400603183,-1101.0689437199885
-726.4628255044257,-1101.3796895701532
-725.9574647351114,-1102.8806475869687
-725.6422030933649,-1103.191388848139
-724.892290022926,-1103.1235165814844
-723.0809015073706,-1102.554187425893
-723.0183118240043,-1102.55419213986
-721.7064266638572,-1102.4832697157447
-721.2068634031642,-1102.2953805632192
-720.455851673027,-1102.0426735559995
-720.2066469599424,-1101.8517731010345
-719.6445726715926,-1101.599051856537
-718.8912439938314,-1102.7232769658488
-718.6987882802448,-1103.6606305977318
-718.509832817717,-1104.5348429871979
-717.9695882070536,-1106.047773040532
-717.5386372008016,-1106.0478052571261
-716.5952490683442,-1107.8015588845406
-717.0983782943395,-1108.8027994980157
-718.9204891839469,-1107.6715121550985
-719.4669568086478,-1106.7931832765244
-718.8098720791209,-1108.2261236167687
-719.8099962354352,-1108.5438482783788
-719.121597261059,-1108.6047466088362
-718.6221310318617,-1108.6017915436125
-718.0576830261407,-1108.974495187457
-717.9313774460744,-1109.5391824352841
-718.2407103747059,-1110.2905668009837
-719.1783189280347,-1110.4813160180558
-720.0520673277593,-1110.4233962396754
-721.4927025075515,-1110.241346330722
-721.8081125650405,-1109.6797370380496
-723.625378879336,-1108.4964800524049
-724.4389435450706,-1108.2536301903394
-724.6255490490514,-1108.3156598436033
-726.7509990801242,-1108.1365498983705
-727.3779624940734,-1107.8897239630894
-728.1927974378815,-1107.8926546581554
-728.2519248842615,-1108.4562307374983
-728.3132866876844,-1108.7710332109857
-727.7488483624808,-1109.2666279094103
-727.9342402171234,-1109.831191909416
-728.9945818458306,-1110.7734381117502
-729.6818961562507,-1110.7143346283851
-731.1851306210181,-1110.6593584375973
-732.1876873025683,-1110.0366502016172
-732.8784348888224,-1109.0384115331178
-735.670596373926,-1106.7548488405296
-734.5693856466501,-1108.2958521990893
-734.1746350224561,-1108.0590788052884
-733.8065101328643,-1110.061563553797
-733.806563593207,-1110.7611016907122
-734.3614678571421,-1112.1838757476569
-734.688882716476,-1112.5596043213754
-733.4902021906366,-1113.0622302872334
-733.9440852786704,-1115.0127828336267
-734.6964262531847,-1116.2597844312365
-734.9467853537025,-1116.259765270354
-735.026167393502,-1116.4975602630568
-733.9766659843322,-1116.5496096594115
-733.1005353460993,-1117.1102646911804
-732.7250347766786,-1117.6098352004858
-732.5337101078453,-1118.0445549472297
-732.4699211195413,-1118.734023321288
-732.0957317139552,-1118.9188863304735
-731.2147197922194,-1120.041127144614
-731.0258009882066,-1120.289914959169
-730.5240785714635,-1121.3531752983397
-730.4566173300592,-1122.0406489537772
-730.706990882578,-1122.2285565868267
-730.9538664605858,-1123.6053700759348
-730.1366623267792,-1124.2900080634902
-730.6374050564013,-1124.6066723196684
-730.6988000377601,-1125.35508266485
-729.8769815407708,-1127.9161948443857
-729.8131351929287,-1127.8543554568507
-729.1862182652976,-1128.7296985452936
-729.4979346537933,-1128.9785480491867
-730.8051856093768,-1130.6122337272766
-730.8665236763361,-1130.612229058493
-732.676806938126,-1131.9329642892083
-733.4219369522109,-1133.812473447352
-733.9863716859638,-1133.2548347019274
-735.298280038612,-1133.5725338940138
-736.357535442906,-1134.4537330912608
-737.1073224163171,-1135.0202485628463
-738.0511104007102,-1136.3112243695905
-738.9309509498222,-1137.309442369946
-739.8793637259987,-1136.8806491265038
-740.6785412015947,-1136.1811491421734
-740.9973193508185,-1134.9299757403828
-740.6723139212205,-1134.4284640087667
-742.2947003432257,-1132.9984401149513
-743.2455017541341,-1133.248137476303
-744.6705480450141,-1133.2450345945977
-745.9209753656443,-1132.792277615797
-746.794770459559,-1132.237606539441
-748.2463141599632,-1132.7851142646234
-749.6195359722739,-1132.782014687725
-750.7460468231304,-1132.4800868953648
-751.4959178003927,-1131.978491418596
-752.0422364852922,-1131.3499316473753
-751.9880550638063,-1130.0248732414627
-753.9137363476657,-1130.0217297641032
-754.8620052248493,-1128.841627307933
-755.1099149644173,-1128.4658541999765
-756.7335335850033,-1127.8861860175657
-756.9067967510514,-1127.0108769095452
-756.4035399354394,-1125.5140865229869
-754.1527658224795,-1123.8964382763324
-754.2199699493535,-1122.0819031159742
-753.657908316073,-1122.0169110510958
-753.7866764065951,-1120.9536787974882
-754.6038590281385,-1120.0203651086554
-754.9827701596807,-1118.33258611234
-755.8589977863218,-1117.9587585287452
-755.9899747616282,-1116.3360352054976
-755.8070403709014,-1115.2079907494535
-755.4338037749228,-1114.7673300514443
-755.9357344384011,-1114.268646433325
-757.8253005304973,-1113.5010304291789
-778.8317185241266,-1120.209349512542
-779.9838036960527,-1122.4554985590676
-781.254871174223,-1124.4269296607235
-783.1675408848096,-1126.5710731476097
-784.8839439293381,-1127.8689637300545
-787.6427473876577,-1130.0220144981308
-788.9883245802112,-1130.7764037090608
-790.0632826842652,-1131.7655238584427
-791.6052455663455,-1133.77393806735
-792.950865335537,-1135.0337537231346
-793.890935933386,-1135.6842375088233
-798.1373871935662,-1137.9141681620224
-801.4725913733588,-1139.8674699576982
-805.0426627811142,-1142.1593979710874
-811.5411067698391,-1146.370642845404
-815.7478141326767,-1149.2421531013815
-818.4090303473389,-1150.8865842936636
-820.2928471899121,-1152.1525346245323
-821.9405979866034,-1153.6872279712547
-824.4249501631946,-1155.9701644768318
-827.179008871627,-1159.035705914357
-828.8232889838289,-1160.9420622583991
-830.0920495699974,-1163.0832593865953
-832.0998500840784,-1165.9049781393492
-835.8507195870952,-1171.312631319537
-836.8870863763875,-1172.7413423315531
-837.9439409489049,-1173.6875666663457
-834.1169755910672,-1179.0298451446724
-833.9140254781576,-1183.938100358611
-833.3369629498907,-1191.8531149045991
-832.8631318189572,-1195.9200127187798
-831.4772716421535,-1203.3115159086703
-829.1189458633238,-1211.9511592945807
-826.9929334253641,-1219.4106544497142
-824.1218073927828,-1227.4578329575645
-820.2747865485164,-1237.715326821422
-816.805602107021,-1246.5698206521051
-814.3965118249735,-1252.2517142133622
-813.9344529756538,-1254.5410869888706
-813.3245254806093,-1256.9782001661827
-812.4195868056175,-1259.4154380040598
-811.3702276524559,-1261.3311017458245
-810.319699809217,-1263.2476632012638
-809.1873066260406,-1266.199523703774
-807.2235783666624,-1271.5886151837803
-804.7422042538598,-1277.2665222390212
-803.0827431400044,-1281.6202950281038
-801.8793660244825,-1284.0545642795366
-800.6085785960883,-1285.7463093255956
-797.8477675124641,-1289.1320115928838
-795.8271723146308,-1292.2258866441343
-790.585003566298,-1300.6957861723838
-787.883398051942,-1305.6353665596666
-787.13495839173,-1307.4509548268059
-786.3009106174164,-1309.470436478263
-785.5596272738268,-1310.0191152428113
-784.9230174696269,-1310.8295260953803
-782.5280894990907,-1314.585860245736
-781.1104021923354,-1316.1297869712914
-779.5350808672714,-1318.8559483670133
-777.2906686137962,-1322.2084860386558
-773.8932297854041,-1326.4385060907782
-770.9831860126538,-1329.8961313003283
-768.8963851860516,-1331.8399028419358
-766.6205249017221,-1334.413103564952
-764.34359343402,-1337.174130703788
-761.5478263656689,-1340.002129859103
-758.4957409127044,-1342.4955911682514
-755.9827295534425,-1344.433209105823
-755.9284869507638,-1344.4733123669478
-754.7732136753583,-1345.465603954101
-753.3205409934094,-1346.8987084036376
-750.9327740966717,-1349.6556513051357
-748.4307041498859,-1352.8204751007584
-746.749488772437,-1354.805107121747
-745.1488615848613,-1356.4189665334711
-742.8007603831459,-1358.4746706832839
-740.8294269788684,-1360.1255648169652
-739.675160033604,-1361.225782610613
-738.2911115137476,-1363.0314409982352
-736.3162131910142,-1365.013101273172
-734.1198155912618,-1366.8858524592167
-732.2615324491558,-1368.1649726373455
-730.9568662152867,-1369.1204654276223
-730.062629750382,-1370.0387205626266
-729.2792356719522,-1371.1410036156765
-727.1093858727111,-1374.2717821893357
-726.0623978610558,-1375.9295856283322
-725.869769235952,-1376.8509792404554
-726.0504226300565,-1377.5932956558192
-725.4438759933882,-1378.7844411268543
-724.7748306741106,-1380.1014741744145
-724.0683336723239,-1380.57623169828
-722.7636813161237,-1381.7494748390332
-720.3772157014446,-1384.2856659582862
-716.724467820843,-1387.7732547406404
-713.7084165094826,-1390.3775197821335
-711.2111092582128,-1392.8017987586625
-706.7773656060195,-1397.2477275790213
-703.9815750063273,-1400.224734325002
-698.4658817983276,-1405.472219560257
-695.3751514810947,-1408.4111412031723
-692.7694907325345,-1410.5746799772621
-690.1241012057649,-1412.700216638189
-687.3331798368719,-1415.0486016330408
-685.0211389737565,-1417.5838807756188
-682.8199263008486,-1420.123141415321
-679.7652991080213,-1422.727298672299
-677.5665533482554,-1424.7819786015089
-675.4037162882106,-1427.1732076993792
-671.9400413397723,-1430.5868521076231
-666.9826703960618,-1435.177634081164
-664.6297695358223,-1438.3425250231116
-636.3740333494511,-1459.584134338292
-612.7686296066247,-1477.3321640613894
-604.1222571525237,-1484.2964692178286
-594.059074221233,-1490.5513416581534
-584.617190391418,-1496.473403968122
-576.6807071877153,-1501.4370807433274
-558.3969994555931,-1510.0465752383905
-555.2062714289028,-1511.130929033805
-542.8020700288562,-1517.3309210426958
-530.9937165109856,-1523.2410940257032
-520.7475171707648,-1528.1218608865597
-510.35680072172187,-1532.1893732323242
-503.1580699228004,-1535.1725388363136
-495.35997495339603,-1538.6662438693852
-489.4936292032905,-1541.8032426373043
-484.81407026224434,-1543.9906699924766
-482.36358076491734,-1545.0081304914195
-465.67211687953545,-1554.75041330562
-446.45069096515095,-1565.9698637675433
-441.77215749414364,-1565.5193157584204
-439.2228762210414,-1565.3965423039774
-437.2452918771605,-1565.643510608632
-434.3795006728479,-1566.4539991629204
-422.6937205864474,-1570.894136063005
-402.8714198526823,-1578.4981336918245
-387.9538760699362,-1584.3713531539097
-386.49023432721015,-1585.0899020874879
-383.04320177647395,-1587.092495418679
-377.03949014001734,-1589.9085391547435
-373.4924478823013,-1591.2857086132346
-370.3630960098976,-1592.3579288724648
-368.95602762778975,-1592.8666016655488
-365.2489280422537,-1594.6594270625064
-363.42183856755713,-1595.6856112749833
-360.6558647184502,-1596.9677856214869
-358.67362145478273,-1597.8362720554412
-357.15823781748577,-1598.7116233944619
-353.3476333237287,-1600.13866953986
-350.5334848998489,-1600.9521235874486
-348.6594726723347,-1601.5097870530324
-346.25345754772997,-1603.1026613637323
-341.3945128080081,-1606.0326541560296
-336.69561615840803,-1608.3899815905495
-333.7178275354132,-1609.8779371424996
-330.64254903013983,-1611.0521854692429
-328.2438461221302,-1611.8656186553183
-322.242514508792,-1614.422879824994
-316.03304032654745,-1617.0819875030793
-309.9283819315497,-1619.6392443504901
-306.1188537227417,-1621.2751454509796
-304.2929031393631,-1621.7288605639035
-302.10243151246567,-1622.8560900060065
-300.42939738152324,-1624.0422542580905
-297.76697765227385,-1625.3244071919244
-294.21750503504984,-1627.1700669942402
-291.237378232306,-1629.0216931463528
-288.7338417351042,-1629.730183991246
-285.70788557299386,-1631.2681999049014
-282.2618912183312,-1632.9589424625742
-277.25249875420803,-1635.1065780816068
-269.2663829324518,-1638.7949136012655
-263.26268618302583,-1641.5059503596174
-259.45572857358746,-1643.1428303013845
-255.9627248174911,-1644.3130759806845
-251.36968405131012,-1646.205729286668
-246.25795598707938,-1648.2483159980427
-243.48954027188233,-1649.8931428026983
-240.4623969242019,-1651.2241658945172
-237.8542013677626,-1652.1915936856574
-232.68581208754304,-1654.755760461913
-224.8573979455838,-1658.44405512381
-219.63733547423894,-1660.745478013265
-214.52301385649753,-1663.1517315703156
-210.71603480999312,-1664.5818131034002
-205.9676592181616,-1666.4173917928981
-200.44053455523377,-1668.146253316364
-189.5416004712603,-1671.9145811613334
-178.85096593524554,-1675.5319729738164
-160.91321349442808,-1681.6936671004
-149.75311090691463,-1685.6157665588864
-131.49985099728448,-1691.880351206344
-121.987512607198,-1695.1649017760853
-113.45846692471694,-1698.1067945955265
-110.6925933430383,-1699.062020301488
-100.1774898657555,-1702.207810315797
-91.66294936569881,-1704.77193532425
-78.67564555665099,-1709.1676758166652
-70.48357770960854,-1712.0115744336058
-66.47784356978141,-1713.4045933739808
-55.19247520534751,-1716.8119801579055
-51.81509104818889,-1717.6344268659145
-48.96365909005984,-1718.2169741384323
-41.04247638636051,-1720.1365749258855
-38.22951800261047,-1720.894975768043
-35.98707972280691,-1721.5575151880007
-34.12621337305266,-1722.4718184100132
-29.140753809636504,-1724.3174847057408
-21.802102365364426,-1726.7056871169655
-12.124778145777078,-1729.931277336181
-7.335437496377574,-1731.5299543055569
-7.148908061422155,-1731.5919981236946
-1.2558285091003016,-1733.474557562032
5.938453656997193,-1735.602893414011
15.267940497180573,-1738.292805779174
18.815093206717005,-1739.359013124855
22.985682124435424,-1740.732942363275
25.643335539876013,-1741.5462863738137
28.357658778430288,-1742.7234129124158
32.53434474630794,-1744.6149338743405
34.61905745289358,-1745.434262238232
36.38963030645434,-1745.62916461354
39.254262251967766,-1746.1807635239984
43.996715053546545,-1747.600665410749
47.959079785282256,-1748.509855644377
54.00382350869238,-1750.1796164377556
56.76505298772975,-1750.7831797613787
64.06518750417969,-1753.0722662491733
75.95489346809767,-1757.040181968304
83.61866832014188,-1759.5333364839903
96.23656765086929,-1763.5500975349944
103.63787317173397,-1765.8362601697197
115.11231955910468,-1769.7061786037727
120.43008071147943,-1771.486726987141
126.32321247380682,-1773.5760867735182
133.311745849557,-1775.8642268943686
135.76595325277427,-1777.2022212339978
136.95399725878246,-1777.783739131822
139.2096538705599,-1778.8928122131679
144.0639794297631,-1780.7812822576163
147.45351325691936,-1782.1622511972473
152.82302676545433,-1783.6280737540833
161.26802108693812,-1786.3238430347458
170.28830303753494,-1789.0665763241268
185.56395886636864,-1793.8966227448927
194.7900603749645,-1796.4294577999492
207.71860104767302,-1800.2373916212046
214.91055342497853,-1802.1067229429273
230.6052267456698,-1807.3504457240076
237.7502143693963,-1809.7413468439554
254.27774672440677,-1814.8211231572498
261.46972479983276,-1816.9002907690679
264.8025951118655,-1817.396848060556
272.1004840860082,-1819.3711689369716
285.10852708966,-1822.763243727468
326.07792678197376,-1833.838430911086
377.2931346363907,-1846.8196420004995
402.24417009372473,-1853.2326678334582
425.0406744096629,-1858.343904591255
449.98088329123163,-1863.9314863327888
469.4780993449326,-1868.7338499502198
482.3537528411089,-1870.6187607590498
488.2988029100402,-1871.7306578586836
493.75388846015176,-1873.338127832647
501.4357785951033,-1875.2602854556067
513.4906350129218,-1877.3979604280644
520.3444280075291,-1878.9964627526997
542.151558384671,-1884.113260287363
570.9774186596222,-1890.497698186046
586.6686479452814,-1893.9291036822865
596.1658333765446,-1896.001994105974
603.2627200354441,-1896.775001973689
607.966633145431,-1897.3172382592127
613.9140669224274,-1898.6758355765346
624.9014080500082,-1901.5619527316987
631.673346451328,-1902.9134031954538
639.7632902321856,-1904.3397721538572
647.5197808531624,-1905.2727001837288
654.0388801755695,-1905.9656112871799
662.9594336923578,-1907.5488087234264
675.3454033220332,-1910.1790159123225
686.2448280420942,-1912.159650470895
697.1393867680806,-1913.7297075455936
704.3242141299703,-1914.9951931762441
714.1536410720145,-1917.3976117817317
721.2554370193739,-1918.747079279892
732.2294375134506,-1919.9842293020326
739.9064251989037,-1921.0838684962775
747.2537539429076,-1922.2664183455101
753.5334899025122,-1923.7848003707688
763.1075356637618,-1924.9521010429437
773.666302015618,-1925.7826611803703
782.9937412040695,-1927.115843900186
795.1280617872121,-1928.8404985121085
802.3923398436249,-1929.7762348638792
808.3349388494653,-1930.6391608077515
815.6834728932663,-1932.070331571908
825.8415683646078,-1933.9740641087224
837.4849121876625,-1936.6899097490973
842.6053532521854,-1937.561863519836
852.3468662634772,-1938.971948475073
870.423901734894,-1941.4783072614248
880.6576635560026,-1942.8054277286997
895.5172851863733,-1944.9234130460786
910.3190591347785,-1946.869613681962
913.9205811147764,-1947.3438756677808
928.8595636640498,-1949.2120312130028
943.7985439816404,-1950.9981701201286
958.23925578339,-1952.6235406966193
977.8041324628659,-1955.3664517589216
991.5021691247005,-1957.2446109785776
1003.3898218639797,-1958.638261303838
1022.0349429995669,-1960.152175187846
1029.7072601820878,-1960.6730409766517
1040.4333702197025,-1961.7499682111227
1057.4379958635018,-1963.9325064031955
1069.2390442103303,-1965.4129658070997
1086.3316597387393,-1968.4177708740474
1094.585364059527,-1969.5969598581728
1109.6845289919113,-1971.0490634210528
1121.1582528561678,-1972.449797662693
1132.1384438435512,-1974.2670269922633
1142.2842507115456,-1975.1002229012472
1160.1856496016362,-1976.1212983946468
1175.366522652486,-1977.4104990050375
1184.0283586830058,-1977.8400498060546
1195.2479349654632,-1978.3353083782329
1208.6992338651785,-1980.0522938634888
1222.9787156591067,-1981.7611751731083
1239.7244474450827,-1982.7072385131066
1258.2877560558356,-1984.0549219577135
1278.9143412303758,-1985.718897146996
1289.0638672123446,-1986.715824490606
1306.2213253251614,-1987.661716595781
1318.5952732736412,-1988.2305877017063
1344.9140390406735,-1990.3433047034655
1369.9893400522456,-1991.3130075815534
1399.0211179198157,-1992.4180267820823
1426.489340125898,-1993.45326680634
1450.2416615401978,-1994.0191740406358
1487.1937759394827,-1995.563416762828
1518.8702167476654,-1997.3080499807436
1549.9700266408847,-1998.975765597411
1581.6427094326618,-2000.0617515454446
1599.2106798019117,-2001.0051573076366
1620.90109339494,-2001.3372745099014
1648.938592204583,-2001.5443671177125
1678.380806483788,-2002.1527204866122
1683.6914194295443,-2002.1888973207986
1695.5321757392112,-2002.2725977722662
1701.953786410851,-2002.129619209848
1706.5806645753366,-2002.0278524219575
1733.135282586676,-2002.4877256822908
1774.8585320061316,-2002.348237014651
1832.5799913910305,-2002.417393444533
1856.162655608856,-2002.4068790899094
1897.5399195114842,-1999.9586408548466
1923.0964557892644,-1999.275066503835
1946.6765920177186,-1998.7716718132292
1973.053786861132,-1997.2564928913378
1995.6357379722556,-1995.6070710622585
2017.897837975719,-1995.4414244621516
2030.5111437086061,-1994.9372294608352
2036.773715892688,-1994.2304807652815
2042.9471252870871,-1992.6173309996218
2049.4527809295328,-1991.7466352861873
2057.854199994983,-1990.2819248885994
2066.8272320563146,-1988.4004340223864
2076.2080856211282,-1985.5296392539492
2086.8995658538242,-1981.7411622481727
2097.0120660229672,-1977.5431320551186
2104.9844086622,-1973.8562736552908
2117.3931429641866,-1968.1569001243674
2126.0238694424725,-1964.3809032044421
2129.474400759485,-1962.623465141311
2132.4227813597768,-1959.8808201587963
2135.047583347032,-1957.8837676491803
2139.651188167887,-1955.7044319088502
2146.066331311609,-1953.6785016958481
2154.459014438531,-1951.0617114350664
2164.994216560177,-1948.511262615647
2167.7913260696128,-1947.4993797261277
2170.662843169652,-1945.579167951317
2175.660677527972,-1941.0895469273737
2178.5347144284765,-1939.255215802108
2185.109689471879,-1936.2380207939818
2188.2280102872833,-1934.4007384508784
2188.7958033172936,-1932.9957489708972
2188.696525265323,-1930.6054945368817
2189.0957557886163,-1928.9536655286536
2190.4075662573255,-1927.7883020721067
2192.710056448701,-1927.0273925730924
2193.9412092571915,-1926.4415867499954
2194.5933328227698,-1925.1992676990212
2194.8275888798403,-1923.3016954437771
2195.807144392081,-1922.1403971249297
2206.6186865285217,-1912.1644493961871
2207.51629018422,-1910.676491830407
2209.6313807275455,-1906.5350394894838
2210.933276575106,-1904.3804680036292
2213.8060249849896,-1902.4643326125247
2220.86941060141,-1898.536594297572
2224.7488984014185,-1899.0013230236707
2225.582235223239,-1900.4001049003982
2226.334743736614,-1901.6289337183066
2226.9150516964314,-1902.0385666553477
2228.0644085290924,-1901.4526756549074
2232.005924597394,-1899.1135519365785
2237.348534552347,-1897.0138960259467
2240.0575460026253,-1895.1776895868143
2242.1838738896886,-1892.7710560958094
2244.222125165191,-1889.5410174929907
2246.1859929872044,-1887.2983081175705
2248.974435412196,-1885.3841768467657
2251.5187056302493,-1883.9625611610663
2253.9004153422434,-1882.6250710833901
2254.6344023780225,-1881.3838258962737
2254.706246172112,-1879.8979529225724
2254.280806058774,-1877.9235279888244
2253.6100909318757,-1876.35882836941
2253.684433492435,-1875.2067138376792
2254.501538809807,-1874.2913280337743
2256.3116397247113,-1873.7022860085135
2259.608455617987,-1873.6764738757963
2261.8327842836948,-1873.1643393004786
2264.5443410671132,-1871.9066675374365
2268.565109404212,-1869.157842245247
2274.3875148763645,-1864.9906614041915
2285.43198314485,-1858.3950512340584
2295.0581987613414,-1850.3549078927574
2298.556748748524,-1848.3236869240368
2302.160326023498,-1847.1425974047922
2307.9182101497468,-1845.492469488935
2310.94393786766,-1844.4165508829713
2314.2414277194603,-1842.034656237646
2318.08904379215,-1839.8493320437908
2324.239008152229,-1837.1459531985722
2329.5695826444553,-1835.2000611352212
2337.5781986921293,-1832.5792135313798
2340.828947004221,-1831.250467563441
2345.4249479621412,-1828.1066644235
2348.2675493643806,-1825.977632260486
2351.1845562406515,-1823.3489399370383
2352.421379398127,-1821.133318733401
2353.369598475935,-1820.2727540774924
2356.8682328639547,-1818.340262931096
2361.6185213967988,-1816.1459217282302
2369.113899452435,-1812.0771224430969
2370.909335340713,-1810.3080355464754
2371.773130997329,-1808.5951374804426
2372.4660644147966,-1807.133947452984
2373.9444923758538,-1803.5593875140482
2375.1837038177746,-1801.2458095204033
2376.5758756646273,-1799.528790333664
2378.0705132683993,-1798.0626134984786
2382.163507995009,-1795.3715766579826
2389.584161634469,-1790.9521631884177
2393.6252598797673,-1788.0113636558208
2396.9658242130167,-1784.8249565596625
2400.0585939773105,-1782.2940587921028
2403.655840488298,-1780.3097562685355
2406.7624176350105,-1779.9362173187967
2411.5780731185528,-1779.5992550458259
2414.8843865518425,-1778.9729998987148
2420.3234604824347,-1777.9023246470756
2457.000281740855,-1774.0719373543093
2519.8101214305243,-1767.511648283274
2515.4263518735693,-1744.5013748144102
2520.448306719562,-1745.4802882846689
2520.6961323594896,-1744.9865669860726
2521.007849058755,-1744.9834926932438
2521.4459891504584,-1744.9185410114771
2521.8866295029616,-1745.475920693375
2521.7689658232284,-1746.4782263864608
2522.01935733542,-1746.539007323838
2522.5889079142485,-1747.287371843918
2522.279889882637,-1748.3506742564841
2522.6615586093185,-1749.0350494658574
2523.037154287466,-1749.1578411627186
2523.4164529445397,-1750.033036204427
2523.1134770364038,-1751.2223196374744
2522.989606699752,-1751.4721228899848
2522.9946276121345,-1752.1584922654886
2523.559239266804,-1752.5311047356552
2524.0622926064107,-1752.7158068255285
2524.5644424654784,-1753.2732699640271
2524.8198395082622,-1753.9606707452317
2524.76091600451,-1754.2715031377354
2525.3230258243325,-1754.3332992559262
2526.0754016073993,-1754.6378335862964
2526.0840602398953,-1755.8269353696892
2526.2744609727956,-1756.2645825043016
2526.5923678975073,-1756.9488745819824
2526.411977474722,-1757.7623725574285
2526.100375482182,-1758.2031442192322
2525.978925171662,-1758.4519493883176
2526.7914426359685,-1758.6335774615668
2527.169442401533,-1759.0102287649859
2527.2996004597708,-1759.8195553200633
2527.054229775085,-1760.4451438921376
2526.8064241608345,-1760.6980720138872
2526.183053977309,-1761.2657062881306
2526.1880922553883,-1762.0172115390053
2526.56482379777,-1762.0141199627249
2526.9441239299863,-1762.5746077519166
2527.5676093348234,-1762.4445708715823
2527.8829981621693,-1762.7562024804768
2528.2609639054353,-1763.002881214141
2528.0145079744675,-1763.6274726015922
2527.393557091768,-1764.5089156709928
2528.0219646752957,-1765.0053989407036
2528.2773783550315,-1765.7538458075421
2528.406286352195,-1766.2523557761479
2528.2835843796406,-1766.5021587834506
2527.60264120656,-1767.7564782356508
2528.291125187269,-1767.5653780057112
2528.6053455519145,-1767.8761121598711
2529.1136038555733,-1769.124033815412
2529.4575124131748,-1772.198596591357
2531.743698473062,-1769.6688662656375
2532.119245563609,-1769.6038308531174
2532.805308520841,-1769.4098382292007
2533.1534917816,-1770.6508194808132
2534.3750777282635,-1770.3366877845306
2535.124953519353,-1770.3334973812312
2535.501669005113,-1770.268361779767
2536.0049564141486,-1770.702933625784
2535.883621775795,-1771.3894361006214
2535.824749169577,-1771.8920852501583
2536.4507377157515,-1772.0738615113003
2537.204251969208,-1772.2583970042585
2537.5798815409507,-1772.5052754812314
2537.8952536002057,-1772.7509728822376
2538.0291841812364,-1774.2516563914296
2537.972881207291,-1775.0031778371856
2538.727695455151,-1775.6844612967654
2538.3647282670418,-1777.5601316969507
2539.473144244921,-1776.9282299803276
2540.285565775235,-1776.7402880724856
2540.785083686704,-1776.804992559676
2541.035591970602,-1777.3036696704048
2541.3472446849114,-1777.0548139890152
2542.159732777436,-1777.1184380777668
2542.848300119832,-1777.5559529720128
2542.9689629102013,-1778.4312156868436
2542.9691830304687,-1779.2625211347552
2543.377134787361,-1778.9667579993927
2543.7502457131486,-1778.8407763340347
2544.6276962252605,-1778.7075788559373
2546.125100080726,-1778.9700197050317
2545.246076727482,-1777.5772624174606
2545.2423556027934,-1777.0777220052892
2545.4902448976395,-1776.8258906303947
2546.23753396923,-1776.5078932051845
2546.879012121888,-1776.2458827973987
2546.9234818270256,-1775.8790951020812
2547.230210264751,-1775.315533442636
2547.4793510813543,-1775.0627041940736
2547.9149386903005,-1774.8096259647214
2548.226673539512,-1774.5567800870574
2548.66851962556,-1774.9293238937535
2549.2269416050817,-1774.6125733491306
2549.8516131243987,-1774.5473713486194
2550.8542850210856,-1774.5411201268082
2551.104560543554,-1774.476017493578
2552.733225431776,-1774.666503637735
2552.344006354154,-1772.9049456462344
2552.4028281191027,-1772.5282789896835
2553.147697212695,-1771.5857551725035
2552.959798948225,-1771.4629147570283
2553.145160547927,-1771.1480586309003
2553.5157497988034,-1770.642433766833
2554.4482502920396,-1769.7618038844307
2555.136833880101,-1769.9465547333625
2554.820092072276,-1769.2590713468114
2554.505837860156,-1768.8244501998681
2554.499662470479,-1768.1990276029544
2554.6849407684026,-1767.885168959764
2554.87140450963,-1767.635348650025
2555.368467180624,-1767.2564706360708
2555.9329809796805,-1767.2533279343781
2556.436168403414,-1767.6229623483584
2556.6828892363596,-1767.3730262125205
2557.5591204637253,-1767.366807952721
2558.8071424393956,-1766.9807473089909
2559.181504571267,-1766.8547647082225
2559.9337995957926,-1766.8485792567612
2560.3745109236515,-1767.3470056714816
2560.5623089046544,-1767.719716419687
2560.2531785398305,-1768.3483152938422
2560.7563333947214,-1768.5949593670139
2561.3835740709183,-1768.7767336682837
2562.0119999333815,-1769.3340614036072
2562.332397336979,-1770.2702170384187
2562.5251373802384,-1771.0226696647699
2562.7167412884337,-1771.583206121295
2563.469070022388,-1772.014617850083
2563.7870468321917,-1772.6361667418191
2563.8534467528775,-1773.4494997607608
2563.805741589998,-1774.824548070259
2564.5494747832213,-1774.6324330071768
2564.923819778003,-1774.4414140460733
2566.111703346544,-1774.185341051469
2566.9241561175054,-1774.1170952986151
2567.615209851821,-1774.798393533454
2567.931936206182,-1775.4239325625301
2568.0020078816074,-1776.2342721078028
2568.2548380520316,-1776.6718019529035
2567.927752869528,-1777.8820404242722
2568.259979297038,-1777.7959682110475
2569.0110233331775,-1777.4779680151587
2570.2040315202676,-1778.2821218720649
2570.395536217686,-1778.7816120032694
2570.5944861613493,-1780.2814796571276
2571.096607252418,-1780.7160499754057
2571.6276559799044,-1781.6521488797882
2572.099363026037,-1781.3322282675488
2572.7929053573307,-1781.9535764982866
2573.234819685518,-1782.5759896016914
2573.92579094478,-1782.945572768018
2574.989805937587,-1782.9393025765394
2575.680845052523,-1783.561549002702
2575.928918646414,-1783.9991796676682
2576.8663247908326,-1783.052712179303
2577.8691142436437,-1783.4811628481145
2578.3749087548413,-1784.2293416471612
2579.0045216941253,-1784.848711616969
2579.883242440424,-1785.094256315159
2580.6957467915804,-1785.2149333814134
2581.6806717877625,-1786.2469677153383
2582.1366624178513,-1785.8301948756325
2583.0804808051894,-1786.3844439380357
2583.830425043244,-1786.631020406308
2584.3324459776413,-1786.689936525703
2585.39527625219,-1786.6216218292113
2586.206444180621,-1786.4275917023615
2586.5218341366035,-1786.4235168107036
2587.5812624791115,-1787.6681946476795
2588.4622003869445,-1786.8486215697353
2589.274604878601,-1786.9074537592287
2589.9656769279504,-1787.3378824374206
2590.406256089725,-1787.6464857568676
2591.3451500605597,-1787.5784033246616
2592.0747167530462,-1788.0827352333854
2592.097565309468,-1788.0117080065022
2592.406862695594,-1787.698014661448
2593.3456391556624,-1787.5038497376534
2593.8476946227183,-1787.999265569513
2594.2244611669485,-1788.122054167048
2594.786555871708,-1788.1189098269588
2595.2897294169384,-1788.4275957559535
2596.229893404,-1788.7351660321413
2596.9834425636745,-1789.0396944837407
2597.7946606548994,-1788.7226732438355
2598.5483901283437,-1789.3850000334712
2598.6097040202017,-1789.280047830482
2599.0452909826517,-1789.0271667905697
2599.6712485470875,-1789.0859488127714
2600.2358144696786,-1789.270630250239
2600.675174495366,-1789.3904091799088
2601.113350143492,-1789.4512369390839
2601.8630922561656,-1789.2572221368825
2602.548104328993,-1789.1890079009838
2603.4255067521617,-1789.1857775989754
2603.8010210399475,-1789.3065711788752
2604.3199266811152,-1789.460442418991
2604.4895392442695,-1789.2415478163525
2605.0516163679977,-1789.173366745124
2605.4898256722918,-1789.358181906702
2606.4900109602568,-1789.1020551020438
2607.2397529347704,-1788.9080398793087
2607.738151700869,-1788.8428683995485
2608.6143848562083,-1788.8366454824402
2609.3028528903205,-1788.8944124123484
2609.680939722614,-1789.2680679615612
2610.102136585234,-1789.1939399640082
2610.11664325458,-1789.138076759263
2610.4258228956965,-1788.7002955131936
2610.9878323403614,-1788.3834406536398
2611.612570140126,-1788.2532982313778
2612.4262433198346,-1788.3729748118453
2613.114846214242,-1788.619665428979
2613.8683793121277,-1788.863246115317
2614.8709866074378,-1788.9209271216105
2615.4944728064543,-1788.791882028168
2616.1178409315344,-1788.535856849562
2616.55605039399,-1788.7205717577751
2616.99789980875,-1789.0932121615047
2617.1180770626825,-1788.4676554376313
2617.928041485771,-1788.1467426442453
2618.4926245939632,-1788.3933669380333
2618.933322512539,-1788.8278517524873
2619.310072516279,-1788.88869543588
2620.4329733233562,-1788.4417144799816
2621.3692954691,-1788.1247568620845
2622.243073562361,-1787.9915532958187
2623.132740856439,-1788.2811799690965
2623.2434443619723,-1788.1111779738242
2624.0546116778437,-1787.9172444055612
2624.6228014015323,-1788.2288037466
2625.248792394019,-1788.409476975118
2626.122571577411,-1788.2803627584128
2626.9964484864845,-1787.898385529025
2627.9315351304385,-1787.6422742996729
2628.558695687713,-1787.8270366963752
2628.9893533823906,-1786.9485319243438
2629.6024804626277,-1788.6121720180356
2629.93569779778,-1787.8785289701616
2630.749471624013,-1788.0602476465046
2631.3115148233537,-1787.869174675788
2631.9411144433916,-1788.426597248559
2632.567140393835,-1788.73425006644
2633.4408509913283,-1788.3552647551091
2634.3172041351886,-1788.7867366661849
2635.231068228008,-1789.3560508689618
2636.0735458863405,-1789.2108847980771
2637.0738167731656,-1789.2695616178805
2637.6972529845148,-1789.2634054677112
2639.071732640136,-1788.942236059719
2640.8268397928823,-1789.4284273370356
2641.337502329457,-1790.8641691243722
2641.8945813724226,-1789.9207923637298
2642.641934940186,-1789.541741231663
2643.5183382338237,-1789.8503219093232
2644.3332976671195,-1790.0928858038249
2645.3948243099294,-1789.8368378085568
2646.5214680498657,-1789.9534328129826
2647.024592381427,-1790.0771819899385
2647.5398807908514,-1790.427756286508
2647.8922383945855,-1789.195663191703
2648.325382770012,-1788.564034849868
2649.2692408363278,-1789.2472524401146
2650.2081199939444,-1789.4288352095182
2651.4548869090595,-1788.7320457450758
2653.0823172626265,-1788.969397085677
2653.6518976864977,-1789.7796977182347
2653.6904743806094,-1790.1493556634366
2654.58706723967,-1789.523484128077
2655.4633692023417,-1789.7660301187345
2656.340872275794,-1789.8248386311711
2657.5902142305526,-1789.6886352416316
2658.5929567849325,-1789.9321434379174
2659.9085696450047,-1790.1137206872806
2660.408187779523,-1790.233480190112
2660.782295347381,-1789.7926868689528
2661.21555831844,-1789.2908309462687
2662.464883790638,-1789.095675457775
2662.965551966902,-1789.0895517011436
2663.8418552355065,-1789.3361866245205
2664.783324663221,-1789.8284843872375
2665.034903849676,-1789.9513049390061
2664.650615638803,-1788.8922801044514
2665.2126060897767,-1788.5133783977842
2666.210400697561,-1788.0694192756748
2667.339586353889,-1788.6237083421306
2668.2183963123207,-1789.1809595537318
2668.9744553336063,-1789.7993907505283
2670.4103941987123,-1789.6020876356736
2671.351576487627,-1789.660877066108
2672.2217622988824,-1789.2169528181164
2673.1556057493344,-1788.396260002622
2674.7867169226565,-1789.262123074262
2675.475286107625,-1789.38182915752
2676.4779798682225,-1789.7482258770046
2677.1210156203483,-1790.5925189431468
2677.2341059131936,-1790.3056102119851
2677.731064197345,-1789.8647819764935
2678.6699750174957,-1789.858535181959
2679.358478152095,-1790.0402846900067
2680.1108281700454,-1790.2249090327155
2681.046031383215,-1790.091682976332
2681.7995490505514,-1790.273414150083
2682.364169083448,-1790.6459175087232
2682.926586891609,-1791.7989548742773
2682.990092116331,-1790.5789110286917
2683.29679567783,-1789.9532016145765
2683.6711386213424,-1789.7611805372303
2684.420897240287,-1789.6320956766888
2684.7351898260445,-1789.8819779996938
2685.364910475992,-1790.5621876589248
2685.9269709137534,-1790.4361476217775
2686.4264190188974,-1790.2451886822535
2687.052275290048,-1790.2380311598813
2687.9261199090474,-1790.0468676191347
2688.682180522653,-1790.6661949997867
2688.994028753569,-1791.1277445680414
2689.1203741311992,-1790.7889626731328
2689.803827263155,-1790.2221987470796
2690.556194037994,-1790.4658734904135
2691.37373293194,-1791.2719129586071
2693.25035565938,-1791.4473434657534
2694.002674438243,-1791.816801034121
2694.753720289182,-1791.8135978369473
2694.858526820742,-1792.047379324472
2695.2557065100273,-1791.7454283483216
2696.8831920756443,-1792.173691223292
2697.9496675476084,-1792.6041064369876
2699.200261440651,-1792.4688947673817
2699.952598786196,-1792.9032882574602
2700.2321549276435,-1793.6826458259031
2700.2706868047435,-1793.5896692216734
2701.1444115145177,-1793.2687314807868
2702.1495809370062,-1793.8269415290533
2703.02590195845,-1794.1315268565518
2704.1500033636794,-1793.8104186106461
2704.779739896561,-1794.2449459880488
2705.7764696091012,-1794.7652535393474
2706.091610749677,-1794.1735553161157
2706.401005220057,-1793.9207049687348
2707.5275451191046,-1793.6646317811696
2708.530276345879,-1794.157905457377
2709.3440163966525,-1794.2127371669915
2710.0950624285097,-1794.2095327635186
2710.530628324984,-1793.8916105365756
2711.657291649657,-1794.073034532468
2711.8139624941955,-1794.4338810072713
2712.221877566967,-1794.319852810767
2712.9067701968665,-1794.1257479076207
2714.033481202983,-1794.1802912886108
2714.162316094663,-1794.679995756065
2714.9747695508286,-1794.611737478732
2715.288996829808,-1794.9224655142825
2716.0426173278997,-1795.169030614263
2717.7771270615162,-1795.4023507579345
2717.856563574765,-1795.3443742908337
2719.550304147528,-1796.0213877760787
2719.86580103325,-1796.3939594808187
2720.24140023968,-1796.5137509981673
2721.489438219763,-1796.19380259293
2722.3043304831663,-1796.19057914595
2723.0567157764244,-1796.49499828269
2723.7452026286774,-1796.6147009287345
2723.9354948586383,-1796.929453776041
2724.1089062585434,-1797.1662079482116
2724.5565237998244,-1796.6735219799107
2725.8070474700617,-1796.290331646216
2725.936018931628,-1796.9748702191569
2726.6895563980984,-1797.2214345074492
2727.12772069415,-1797.5321269606263
2727.818711443074,-1797.651828603203
2728.8828639447565,-1797.8303756245034
2729.7136307459896,-1799.062135422611
2730.138505606166,-1799.0101453211269
2730.452746239345,-1799.0719998999998
2730.7681249476973,-1799.3206834233476
2731.1436946872022,-1799.6293985177413
2731.712006706787,-1800.062844364415
2732.209051712743,-1799.9338276564072
2733.2092881983144,-1799.8656141583072
2734.0881506517453,-1800.297076239967
2734.336120271345,-1800.635752142111
2734.588820216207,-1800.2939412122716
2735.588937099409,-1800.0987474267022
2736.2800713105767,-1800.7209822599516
2736.6618232119167,-1801.3435047224452
2737.3491421470058,-1801.4632067257498
2738.1641228857466,-1801.7687040654591
2739.419724835065,-1802.5108751014757
2739.424757823079,-1803.1852744805558
2740.7967305044544,-1802.5653439357936
2741.2373334739636,-1802.937879230773
2741.867107368989,-1803.4952945315824
2741.9935533339035,-1803.8070727960144
2742.748414711584,-1804.302508392429
2743.6271824350465,-1804.9837403199606
2744.19178720427,-1805.2914033967838
2744.444863526414,-1806.2674716290587
2744.8214899827544,-1805.5988483443257
2745.2571398791656,-1805.2850142146322
2746.006934021538,-1805.2788149078538
2746.571611172524,-1805.8392409788341
2746.950907271797,-1806.3346839092405
2747.5768194523275,-1806.5194388791497
2748.394275863398,-1807.0157538610665
2749.335679856097,-1807.2582726523333
2749.9003742148625,-1807.877749738266
2750.351860461606,-1808.6569568470263
2750.908003240641,-1808.5578468544163
2751.537749594647,-1809.3071779836318
2751.790678068706,-1810.055519829751
2752.793442608827,-1810.3599646186474
2753.9250748173326,-1810.979179171248
2754.0515209861837,-1811.2899597844807
2754.164966282431,-1812.2481130336125
2755.683876595872,-1812.0908723410746
2756.1897042710316,-1812.9010854156836
2756.6278097131076,-1812.7101404444813
2757.248838785153,-1812.4541067824625
2757.9447204676203,-1813.3252116335393
2758.818655348889,-1813.4458559823188
2759.69991076012,-1814.0642440471759
2760.040642019699,-1814.532765395402
2760.2620608869333,-1814.2488170233162
2761.264754636833,-1814.3045874942102
2762.08594456426,-1815.2995438655703
2762.650515181034,-1815.484315502437
2763.5243478558345,-1815.5389258277703
2764.7149141804894,-1815.9052592534608
2765.9142792294724,-1817.8435293796774
2766.101969868848,-1817.5226835719336
2766.790386811656,-1817.3926124664827
2767.420163433995,-1817.9510235699588
2767.6754477866734,-1818.7603107461948
2768.4253931799813,-1818.696155662921
2769.4257209752186,-1818.938655488113
2770.304449125252,-1819.1821877824689
2770.86666554309,-1819.5947855887018
2771.0542264669543,-1819.1140425935037
2771.554926260258,-1818.923078872242
2772.871904707296,-1819.4773013036395
2773.31020832043,-1819.97272614412
2773.8159001947924,-1820.595111569847
2775.1929089725427,-1820.6506727090218
2776.0042500764816,-1820.7703360933194
2776.819469457431,-1821.891275495819
2777.074566836785,-1821.762226690994
2777.512625240602,-1821.6972633500586
2778.201143668831,-1821.6290355801502
2778.580443236953,-1822.1286666963433
2778.9574227040257,-1822.6860529479254
2779.518195167604,-1822.4330277531653
2780.2717348519295,-1822.6755978806048
2780.900159345596,-1823.1721643110413
2781.7176365487803,-1823.729422879676
2781.6948946475522,-1824.164134197198
2782.782998748187,-1824.036938610899
2783.3476238139488,-1824.40644355743
2784.041099761285,-1825.0287740017645
2784.66708542781,-1825.4603047531098
2786.1730272668096,-1825.7616076654729
2786.7762890856643,-1826.6887960405516
2786.92542568908,-1826.3839208048075
2787.8668148899137,-1826.5655891204906
2788.3700143102174,-1826.9351116022447
2788.9839693771496,-1827.322556657163
2796.168142001429,-1829.6257589814616
2796.772497156103,-1830.0043286967266
2797.3985680567916,-1830.438851055092
2797.391339401816,-1830.549773684273
2797.7752184126484,-1830.4346516242092
2798.7804985978582,-1831.0538976891328
2799.780810708534,-1831.2355476614212
2800.9074611843766,-1831.3521245476027
2801.910284595882,-1831.8453884284688
2802.484608423055,-1832.5567281169879
2804.1009554570387,-1831.955669485753
2805.168746895748,-1832.5738991420683
2805.7972935073813,-1833.1961472268522
2806.674837396282,-1833.3778323536228
2807.7413404366494,-1833.870079526598
2808.677798355379,-1833.7379379154354
2809.087212377452,-1834.1815002552476
2809.11833232043,-1833.8606994157956
2810.5518459774594,-1833.3487687498664
2811.43059551267,-1833.6572336528288
2812.12410991907,-1834.4024524225083
2813.3697025082074,-1833.705642321986
2814.68658375624,-1834.1978153563161
2815.114275147332,-1835.209041785036
2816.1250017055113,-1834.1884162426616
2816.563216209986,-1834.370129548871
2817.563437815961,-1834.240960826422
2817.942848980889,-1835.1122539061723
2818.2595015115708,-1835.42387558576
2818.8841087105866,-1835.4166100916432
2819.074404825556,-1835.7313610374456
2821.2689136623444,-1836.4022246038844
2821.4074342825165,-1836.612055109002
2821.456649712676,-1836.525059808182
2821.951230807761,-1835.9613344697293
2822.4544242229094,-1836.0202377950347
2823.018997177178,-1836.2049061228554
2823.395794648168,-1836.7003467550421
2823.5861735119925,-1837.0121051276208
2824.277121862124,-1837.257682659081
2824.9031292337113,-1837.7541471634684
2825.9734446698585,-1838.4343176838354
2826.3913379687697,-1839.3275438079497
2826.3527000386753,-1839.0566377889104
2826.6006667372676,-1838.8038016573369
2828.358120372452,-1839.5428208330154
2829.737773019126,-1840.3467876681475
2830.68178701249,-1841.2148216309815
2831.4369586281246,-1843.0201497108794
2832.0613293191436,-1841.6431346584345
2833.1880005356556,-1841.824544383794
2834.4398416738586,-1841.9410803962646
2835.634048538366,-1842.7452008681068
2836.5129286770257,-1843.490263372099
2837.6395627743354,-1843.5449917769665
2837.707358320555,-1844.48221026426
2837.522014356817,-1844.8299889052673
2838.3332372086657,-1844.5399792656758
2839.2746195404343,-1844.9714132163535
2840.2160487433775,-1845.2788594627064
2841.651871725331,-1844.9557477147068
2842.5441311739755,-1846.0676813299808
2843.4695477002765,-1845.5676664949647
2844.4747584003962,-1845.937037361195
2845.0419563753203,-1846.8092712120108
2846.668150074312,-1847.048585072373
2847.424169724356,-1847.4800731712878
2848.4524749203742,-1848.8937056216578
2848.432060738916,-1848.7248371755652
2849.3057855193724,-1848.403885979385
2850.9331941063256,-1848.5173159285575
2851.561623597981,-1849.0126807363486
2853.6910313900858,-1849.37573180562
2854.5059180490707,-1849.6193751069275
2854.77460391094,-1850.2818259117398
2855.258451943,-1850.1147027733653
2856.0707973761564,-1849.6707791007143
2857.7620810616263,-1850.1599421440446
2858.699820149358,-1850.4035485262161
2859.9528689396907,-1850.6469611594273
2860.646424942662,-1851.5150667577054
2860.736806892878,-1851.779772805122
2860.8329657877703,-1851.2651407623862
2861.3299188035508,-1850.8243030633698
2861.826890271237,-1850.4455090053261
2863.018670959817,-1850.9388099241667
2863.7735607471723,-1851.496179898242
2864.6473046037627,-1851.2400639353389
2865.3333663592525,-1851.0449503414918
2866.841876227494,-1852.0987437996
2866.973764116951,-1854.40898340005
2867.4702700819585,-1852.4712172134355
2868.0924578650506,-1851.9044589392415
2869.217979912387,-1852.144018257708
2869.5972201152035,-1852.7043927173684
2870.9691308449446,-1851.8816545925083
2871.404899824155,-1851.693697546815
2872.0358635580956,-1852.5658109876324
2873.469358902781,-1852.5524148091079
2873.9073610004757,-1851.7389330582687
2875.7837756833474,-1851.7264014485188
2876.2256943188095,-1852.2868566245174
2876.7928197707433,-1852.906125988605
2877.4813506319224,-1853.1527976501661
2878.8546066821245,-1852.643767567444
2879.4299906794313,-1852.6924718980251
2880.6610703457786,-1851.755861637888
2881.911605109285,-1851.6845651026654
2883.0432687823736,-1852.3646110905042
2883.736827334767,-1853.2338122523297
2884.427956392982,-1853.7941922063685
2885.866331575522,-1853.9106654810541
2885.6646844837765,-1851.6584010799813
2887.163026376829,-1851.0854930659232
2887.7276948905137,-1851.5808746710106
2888.727954296644,-1851.5745888969689
2889.3538804456894,-1851.5094641916658
2890.6019651541965,-1851.062414018262
2891.663472416791,-1850.7414024389623
2892.596146304291,-1850.236393254487
2893.5327828301147,-1850.9726552566897
2893.911891439137,-1850.5378362971394
2894.661633282157,-1850.3466913596048
2895.285062760084,-1850.0287041380889
2895.7207477433703,-1849.8408457673675
2896.1588520724204,-1849.6497946858678
2896.655783798547,-1849.1440187748644
2897.2127776179004,-1848.2666609180972
2898.278285442284,-1848.7588983220326
2898.7188399494335,-1848.943599627862
2899.532624017987,-1849.125195769083
2900.218602684294,-1848.9341693998479
2901.36309201072,-1848.4162278020494
2901.4014753072893,-1848.1133792411388
2901.9635725204025,-1848.1072244625002
2902.7784878882467,-1848.16602936649
2903.343100233863,-1848.4734835791294
2904.1518173915338,-1847.9066665644577
2904.8403555693453,-1847.900473383294
2905.71407928567,-1847.5825095131606
2906.7094486019564,-1847.13852616875
2906.992437060764,-1847.616136895383
2907.0860627135976,-1847.0125293393974
2907.833435671384,-1846.4417406359078
2908.5857485884426,-1846.750334686478
2908.6584708693213,-1848.5000041163564
2909.274324814534,-1846.8700239976158
2909.647395104809,-1846.6170480725607
2910.206977452017,-1846.2991789806952
2911.080663864916,-1845.8592220036987
2911.331050152779,-1845.8860782360723
2911.331040778201,-1845.8551561463335
2912.0733842918294,-1844.662834664942
2912.6354064569305,-1844.409901071505
2913.259034885242,-1845.026158692979
2913.3827153911366,-1843.9049460853169
2914.062417842749,-1842.8356335622655
2914.6859681642813,-1842.6445253541053
2914.8774841606833,-1843.3929812649117
2914.807333322523,-1842.1448474112067
2914.990085469119,-1841.5163752933765
2915.2992784106773,-1840.8876652862248
2915.734886727863,-1840.449935602394
2916.60868432138,-1840.378649184248
2917.0626232941595,-1840.9401960739515
2918.2386465856944,-1840.9327565924084
2918.6167396231167,-1841.5551731545472
2918.7994353038075,-1840.7417669362471
2919.3590436369063,-1840.2369682827423
2919.859761014226,-1840.109935727821
2920.2414999966927,-1840.9201778661127
2920.0475360748637,-1840.35665684861
2920.0450024490974,-1839.9839965757885
2920.2890283010993,-1838.8557648665098
2920.9074827561644,-1838.1011775449338
2921.408115610798,-1837.9710527274274
2921.9726334370257,-1837.9678885073465
2922.1016651778295,-1838.5284367886422
2922.4083547188425,-1837.9028195205522
2922.970516237029,-1837.8357170592824
2923.6691259253853,-1839.6621020907696
2924.6642599069064,-1838.4507504028581
2925.2875855900093,-1838.071814816964
2925.6669571117295,-1838.5064039623255
2925.604431036742,-1839.0049668857705
2925.610630683106,-1839.630588674048
2925.859821619188,-1839.569466561679
2925.9900031623456,-1840.0680705157179
2925.809778315029,-1841.3191732919274
2924.760805362758,-1843.3279323863947
2925.0137361380202,-1843.7625600602423
2925.890031347062,-1843.944234669259
2926.3907865913575,-1843.9410896169834
2925.71234851596,-1845.3211197416035
2925.841213642747,-1845.881668019844
2926.1530178687067,-1845.8815730097629
2925.538323151501,-1847.197744538036
2925.164084817248,-1847.4507214358393
2924.7259239355944,-1847.4538473592236
2924.8524595465287,-1847.7645259336152
2924.1126709662135,-1849.3945447979306
2923.674529765782,-1849.462607049363
2923.114966262926,-1849.8415231133174
2922.450522478779,-1849.764719382066
2922.9322896689323,-1850.7169730687722
2922.8784480559375,-1851.7801108011317
2922.9435698669818,-1852.4056149022788
2923.5131570226113,-1853.1508633264602
2923.3485797190883,-1854.263111123333
2923.580858728081,-1854.026237058826
2924.2105442213374,-1854.5215967207719
2925.024302988894,-1854.8910174531186
2925.8392190803347,-1854.9498203994108
2926.0971548660173,-1856.196699947531
2925.659463052391,-1857.4669331426653
2926.4176284440096,-1857.2568309124015
2927.2288983683543,-1857.1266111223679
2927.919888647455,-1857.496268527593
2928.2993191973246,-1858.1215769914354
2928.8664109135425,-1858.618052672958
2929.617518328722,-1858.7997651295605
2930.3697941397327,-1858.9812776655626
2930.749224977291,-1859.6067855281797
2930.6594462279354,-1861.3253827738413
2931.0046454690864,-1860.5399561364272
2931.192353079267,-1860.2900284206557
2931.5642164987617,-1859.911268944847
2932.6282521329285,-1860.2186686961772
2933.068967560949,-1860.6531390462046
2933.635918532426,-1860.9607902544624
2934.010298034811,-1860.895739484638
2934.518601542278,-1861.829929960189
2934.832857034423,-1862.2024949511826
2935.2458555532226,-1862.6090440445635
2935.394974588603,-1862.2602771133725
2936.0220050309804,-1862.2570929578987
2936.273692901996,-1862.4448427419352
2936.7744870132487,-1862.5656847362968
2937.1475501503833,-1862.5625781754434
2937.521827260842,-1862.4354836282027
2937.8986271186636,-1862.3704319660892
2938.4005636893003,-1862.679100268722
2938.7161932276294,-1863.177547537032
2938.9064470568783,-1863.6121940173482
2939.3446860278104,-1863.8618305516788
2939.658902937686,-1864.1075150856268
2939.911739816991,-1864.2314252782512
2940.026215203048,-1864.6750723151454
2940.1621560404274,-1864.3542389691897
2940.4737999787753,-1864.1012806673557
2941.1622567584413,-1864.0980773586848
2941.479066995545,-1864.908438262603
2941.792001710194,-1864.7824595787638
2942.22651674123,-1864.5904100145872
2942.546935736575,-1865.4657061552855
2943.2968754526414,-1865.6472184023587
2943.8589359881325,-1865.518170823802
2944.5296059853213,-1866.5712113959673
2944.7414531191284,-1866.3863121511185
2946.0559959447896,-1866.5647583049351
2946.749458725385,-1867.371911258915
2947.3165525264667,-1867.8702810641223
2948.002576435036,-1867.5534682018342
2949.0641602723026,-1867.482121182575
2949.723944628705,-1867.872534319174
2950.064363264351,-1867.2869050524632
2950.6238690174114,-1866.7201607059737
2951.619327329973,-1866.5660423244892
2951.497715377728,-1866.5290729503627
2951.1834781425373,-1866.2184524225695
2950.930525641551,-1865.7188890729553
2950.9893713327174,-1865.4691003195926
2951.3599511497373,-1864.7174799485242
2952.1698343539524,-1864.1476660876456
2953.1075578219643,-1864.3282220910398
2953.1699925166645,-1864.0794297044845
2953.5431648662493,-1863.8884957244554
2954.2317172054386,-1864.1960085648611
2954.549581381113,-1864.6306154764102
2954.412765346973,-1865.6318349726714
2954.8075090509,-1865.5668768746787
2955.057964540888,-1865.8165704743583
2954.8151549030554,-1866.8178225923643
2954.6949996220787,-1867.446475682024
2954.4471758799727,-1867.8841493495427
2954.1404370385653,-1868.888513323439
2954.581095746391,-1869.1341584675667
2954.896681000501,-1869.7564930624737
2954.950838798528,-1870.0034541027437
2955.525059770132,-1870.0651215576313
2956.2161551834865,-1870.498616035817
2956.780828738477,-1870.9950908057297
2957.2189650645328,-1871.1797901671046
2957.1012101565184,-1871.743306667296
2957.3478779688885,-1871.6173478788246
2958.0338627047004,-1871.1735542573408
2958.286776636947,-1871.546237119856
2958.727449090853,-1872.1066888721466
2959.4773327053945,-1872.1034653310185
2960.3572768670306,-1872.4698702033681
2960.9857979483913,-1872.9682202614808
2961.0894419108618,-1873.4678293896643
2961.6154860183156,-1873.4616822379662
2962.4267892854523,-1873.707212705869
2962.8061447539303,-1874.0797566908097
2963.2442616579765,-1874.2007163842134
2963.932821386614,-1874.258358108342
2964.433514809171,-1874.3202472200228
2964.5675386213634,-1875.632100335186
2965.190884301843,-1875.315205850821
2965.4412820107113,-1875.3760749644616
2966.382698497964,-1875.6195699341815
2966.635690023676,-1876.2420232228335
2967.261571726105,-1876.2996840647606
2968.076585953932,-1876.6693002474813
2968.8289031453846,-1876.9777898104637
2968.9194634661003,-1877.8090672166759
2969.273267849883,-1877.6001838594686
2969.772811857889,-1877.7229197382164
2970.5251922540137,-1877.9654752790598
2971.0897897193645,-1878.212178559268
2971.9673599904613,-1878.455692742691
2972.2202112848145,-1878.8933116331755
2972.222766733201,-1879.329910766086
2972.6584125484655,-1879.0160663545553
2973.219369299779,-1878.8249737313158
2973.84891738495,-1879.1326031713322
2974.7251975309305,-1879.2522296527359
2975.4752224171325,-1879.4338391045574
2976.1023313684154,-1879.680422965418
2976.671924296219,-1880.4257679635004
2978.368194055752,-1881.3465206875187
2978.5510170461407,-1881.2265660818819
2979.1155956621624,-1881.4112252272475
2979.1218239913924,-1881.8489204506118
2980.433845638601,-1881.96242629234
2981.2488024557047,-1882.1439153842246
2981.686984780717,-1882.204825518842
2982.188904529609,-1882.4514478601507
2982.816161552372,-1882.636187071542
2983.2592944608846,-1883.3195272801245
2983.706115145209,-1884.052740655812
2984.3271034236764,-1883.9386347067652
2984.8918174273867,-1884.557998159572
2985.3913479115026,-1884.3669239208205
2986.391585643485,-1884.5485544680616
2986.707056331623,-1884.7942370733701
2987.335579925981,-1885.293682635612
2987.9340664678884,-1886.356617723047
2988.029149955712,-1886.1617789930947
2988.464717800628,-1885.5980634723458
2989.155751634633,-1886.0934995182563
2989.844370253907,-1886.337070875415
2991.0347936753124,-1886.4565980514194
2992.0349925135392,-1886.5123452063303
2992.942764970386,-1886.986666472594
2993.7288068159946,-1887.3122005922762
2994.543803928311,-1887.620668596486
2995.4852413542903,-1887.9251071458502
2995.8582861365167,-1887.8600543839361
2996.9235837173655,-1887.9156809713108
2997.892880077219,-1888.968624581279
2998.0553378457275,-1888.8456835064267
2999.0529998991174,-1888.5275727171224
2999.867938617061,-1888.6482135502656
3000.37373096492,-1889.2664972578514
3001.559196811389,-1889.0103712021867
3002.058785940254,-1889.0072225683493
3002.688516808821,-1889.8943898122182
3003.0614438769617,-1889.1858581638653
3003.5621436099163,-1888.9977750743246
3004.623807608358,-1889.1763920491458
3005.0620097559076,-1889.2991452836593
3005.6290044016628,-1889.7335727733098
3006.7532300998146,-1889.539409164003
3007.6970832301113,-1890.0937161628424
3008.1328651255844,-1890.216470021871
3009.383384818386,-1890.0841107125557
3009.8266034182684,-1890.767449663394
3010.51506208438,-1890.764241390434
3011.8295891099515,-1890.8777421568163
3012.5207232438042,-1891.687883526633
3013.462078204901,-1891.9924200870769
3013.47411491087,-1892.0513677702193
3013.5858391302477,-1891.4288012769528
3014.9004070530477,-1891.6721743787432
3015.8380898661235,-1891.9767118592229
3016.718122393098,-1892.346103989355
3017.6557268204456,-1892.4007709001648
3018.3443475558374,-1892.647332676103
3018.4758019610113,-1893.4606419794393
3018.613220223042,-1893.864381383854
3019.852880417027,-1893.7000048055609
3020.667858548944,-1893.943733712853
3021.420261895008,-1894.2511218842767
3022.4856389687284,-1894.5566160199023
3023.1140608229857,-1894.9900256561127
3023.552121220354,-1894.9260485829625
3023.5583794843124,-1895.7174525323953
3023.8050382871174,-1895.2986299646066
3024.992983716962,-1895.2302272228428
3025.30859871095,-1895.664832476083
3027.494145877717,-1895.0875963823917
3028.6209530533197,-1895.1392101115362
3029.4296825921456,-1894.8871893733779
3029.935394691418,-1895.5085637578845
3029.6287579203877,-1896.2851041205802
3031.1259569463546,-1896.0627906074085
3032.0035147561903,-1895.9924899950206
3032.750836756327,-1895.8003375683234
3033.4393394734234,-1895.6712448187047
3034.1241298551818,-1895.415272893028
3035.3772917192555,-1895.7197087716575
3035.4242643490898,-1895.9355500360255
3036.0682696096464,-1896.0282124500134
3036.880709759941,-1895.8979830333476
3037.9423211007916,-1895.6418916564583
3038.6282592288844,-1895.3208829151877
3039.8137880209197,-1895.0008132183868
3040.821397061223,-1895.5240749449133
3041.190868178287,-1895.243165442113
3042.381376195604,-1895.3607909985683
3043.0109674051864,-1895.794099213944
3044.257818489356,-1895.4090731508018
3045.1341605844914,-1895.7166196735368
3046.073041608434,-1895.5844541569013
3046.0781636862985,-1896.471716919983
3046.3260200935792,-1896.1478541190672
3047.0577736396367,-1895.8149601545856
3047.8909038626007,-1896.4490972681604
3049.205205553245,-1896.374766254599
3050.0841113426595,-1896.8701382460742
3050.8990873231483,-1897.3665279576867
3051.1571242929735,-1898.6145012794623
3051.1545842341247,-1898.2376516275433
3051.5312419137053,-1897.9857663067505
3051.8429047118934,-1897.7979402703183
3052.4101242012775,-1898.66896483029
3052.5366649648186,-1898.9807389383382
3053.3516243007152,-1899.1613241644727
3053.977568098719,-1899.4079033127139
3054.9827885918803,-1900.0272222725011
3054.9890761335078,-1900.9025148163985
3055.7364651618223,-1900.396651022289
3056.2421598603078,-1900.9570775875509
3056.868246130056,-1901.3884907805148
3057.7445293523224,-1901.5081096835015
3058.3716053719886,-1901.3780372217698
3058.7447142956325,-1901.2520355617178
3059.3092749575335,-1901.3717536107442
3059.6861120929193,-1901.683447878897
3060.312095384361,-1902.0529169534952
3060.8766768286478,-1902.2376710291533
3060.912868747352,-1902.4064342335005
3062.253718418056,-1902.3541374299982
3063.3777407816356,-1901.7831168019013
3064.3804846177127,-1901.9616462158565
3065.259392021584,-1902.4580143046092
3065.8686304528164,-1902.922449093467
3065.947970510076,-1902.8275627797627
3066.8893291914596,-1903.134986802293
3066.953294997373,-1903.507627389059
3068.3941998038135,-1903.9358868370452
3069.0825597432927,-1903.6208600658204
3069.7061466383625,-1903.8026023115397
3070.4622015068408,-1904.298909439189
3071.0881457569567,-1904.5444899861516
3071.7154049871997,-1904.7262309195949
3072.4677274183928,-1905.0338146159077
3072.4088820407533,-1905.5363672163667
3072.975964155223,-1905.9707906943793
3073.350383839137,-1906.0287245848053
3074.1052067090877,-1906.5860780087248
3075.044148494372,-1906.6416366311591
3075.67267687041,-1907.1371862036283
3075.4512725296167,-1907.7047272639954
3076.1146099953803,-1907.6985298737256
3076.7404746073084,-1907.6943394163386
3077.1786347518437,-1907.9409772145787
3077.431514861144,-1908.1906668310526
3077.872134839463,-1908.5603936589125
3078.746042703526,-1908.55712105248
3079.434542018036,-1908.6767981783635
3080.064202113379,-1908.796494129502
3079.8164210067484,-1909.6129166687576
3079.881415793503,-1909.5489569289173
3080.378525062923,-1909.3569807982533
3081.1334287027394,-1910.1640045474799
3081.577942681677,-1911.224190208081
3081.892105755437,-1911.285933555048
3082.51807396629,-1911.3437863580875
3083.147648489309,-1911.7162452475122
3083.524569276938,-1912.0248463355176
3084.385537530417,-1913.0497865979328
3084.7802726311743,-1912.9546990703516
3085.1558216176622,-1912.8897417914575
3085.473773572416,-1913.5741149613727
3086.1022203705948,-1914.072456833931
3086.540504038112,-1914.442084264091
3087.043803992151,-1914.8145834831198
3087.418417179615,-1915.7327492409897
3087.926258607663,-1915.4339384490982
3087.992683931317,-1916.1852240223946
3088.501045820546,-1917.2452890781158
3089.498706868063,-1916.9241764416365
3090.318751205344,-1917.8571610684605
3090.7569551451784,-1917.9780151602324
3090.9763835304943,-1919.3119831523904
3091.014851472446,-1919.2898265666884
3091.8273327725315,-1919.2835800845533
3091.956355926228,-1919.7832793409225
3092.338195722723,-1920.5925170306195
3092.3407579234167,-1921.033106049925
3093.65522754484,-1921.211631760924
3093.7842883300955,-1922.0868846984586
3093.47500302033,-1922.4006938809825
3093.138084736465,-1922.6906720294726
3094.182419493675,-1925.0194668408512
3095.6423471781745,-1928.2635210388305
3096.973190772147,-1930.8171563931517
3098.4843197815653,-1932.3694563240163
3099.758185878855,-1933.4473282305867
3100.111765590557,-1932.5448876988908
3100.4847945556535,-1932.1691138085
3100.9179772302723,-1931.7282843485266
3101.2296597831737,-1931.601203647957
3101.9832602796887,-1931.7219553624336
3102.2360144502754,-1932.094534707213
3102.552862906885,-1932.7158665000925
3102.7355647972527,-1931.9645005548125
3102.98344409225,-1931.714550062267
3103.4829340371607,-1931.397686648307
3103.7646716662857,-1931.582429854642
3103.6657571808714,-1931.0218743490698
3104.0987147467818,-1930.143347696642
3104.6582357681855,-1929.6406330512023
3105.346779682178,-1929.634425496228
3105.65862636412,-1929.7572149943346
3105.9677065433657,-1929.0676522772383
3106.5260990069905,-1928.6887259859286
3107.0292786324794,-1928.684573241414
3108.4702698433903,-1929.3625972832072
3109.3502259386078,-1929.7320806806133
3110.363199899203,-1931.8511124356858
3110.1165937235282,-1932.1659990866563
3109.61835582961,-1932.4827626913043
3109.873715110411,-1933.1672550584794
3109.9390165593154,-1933.7927577596554
3109.5684490430785,-1934.2945137823504
3108.882486845418,-1934.8002621040748
3108.446803202502,-1934.9913220841186
3107.5079011124876,-1934.8096844061383
3107.3946971412997,-1934.710770370116
3107.0722174540865,-1935.0007443238064
3106.2636294271983,-1935.6944586122395
3105.7219044259314,-1935.7406179619534
3106.0157881363857,-1936.3200626274536
3105.9569032877,-1936.6957351332833
3105.6503043088355,-1937.5742209958469
3104.8442341026193,-1938.8286215670942
3103.914105769887,-1939.7131941318378
3103.6637649109493,-1939.8361653952654
3103.0679206579284,-1939.7684291186354
3103.106743200987,-1940.8436073836808
3103.3683741538707,-1942.3413487036926
3104.5754074625547,-1945.020905778353
3105.782440072933,-1947.9543230296508
3107.9984334618493,-1951.6877968387873
3109.8299817242596,-1954.3021149395286
3111.1573499561687,-1956.667822893602
3113.0539969906113,-1959.5330868944054
3115.8447896779594,-1965.3307706757107
3117.7402700581583,-1968.191944398878
3120.453160049043,-1971.299630324452
3122.531573059975,-1973.600255936917
3124.7361985025127,-1975.9596917304657
3126.6943436525294,-1978.7629890305222
3128.960419450353,-1981.187439953594
3131.8599336518923,-1984.2921690815424
3134.128412168518,-1986.6545743166719
3136.3957220526404,-1989.012989448519
3138.420260942078,-1992.4386942139213
3140.0741494856265,-1996.36615572046
3141.65545995456,-1998.8587563146748
3143.930445168652,-2002.4682146942903
3146.2641308710813,-2005.3922803118987
3148.3473728113095,-2008.3793688636129
3151.1868707936505,-2011.9247014969937
3153.344096071538,-2016.2866002947665
3155.051977541031,-2019.4016883601598
3161.2252661865828,-2025.5490625314983
3163.873316669972,-2028.8475764568082
3167.396288725963,-2031.8871528468942
3170.294580040875,-2034.7429976840697
3175.1347527437615,-2038.8351827226497
3177.197377671603,-2041.0099187239784
3179.7970108265067,-2043.744964104751
3183.2061907942616,-2048.4112732162853
3186.3660980032455,-2052.8938270487456
3188.5761391814704,-2056.380405811003
3190.6542951560036,-2058.3052633630705
3192.98548361111,-2060.9145115140177
3195.8926158684662,-2065.2082222510444
3197.855869265137,-2068.6979731540505
3200.759291996716,-2072.615930479036
3203.1531246970044,-2075.351137766927
3205.4304473234165,-2078.838587835992
3208.024673970409,-2083.3234178812054
3209.5421679958035,-2085.814931078461
3213.7736299092303,-2090.9495733099825
3217.518296171399,-2094.183965705809
3222.2165005529764,-2098.375124899004
3225.4347063660166,-2100.395550398273
3228.797249544924,-2102.5077947770733
3230.4599109011288,-2103.567364111236
3232.57653517724,-2104.9186448626465
3235.51906413498,-2106.917115312996
3236.851924964553,-2108.090807342441
3237.1388007549513,-2109.134879362305
3237.0104293201066,-2110.598833624151
3232.0591442766636,-2119.7635107286405
3231.450284801017,-2120.490184931901
3230.4662145852285,-2122.3090333796044
3220.397527523673,-2140.906258620067
3211.2153170966853,-2157.9492922433083
3208.3309144108057,-2164.0876896981054
3206.2078833847936,-2168.3251219701415
3204.2632494120976,-2173.6836687828218
3202.329778547522,-2179.9875291608446
3200.6478005441586,-2185.8605907117717
3197.150343812137,-2202.256240022211
3192.8051990166427,-2221.0733677838766
3185.1121920717833,-2253.5271400551037
3182.025746288931,-2267.4234443939763
3181.8153530727423,-2268.230979120641
3179.260625592833,-2278.044295687495
3177.3184593816745,-2283.6586905293602
3173.249232598327,-2292.5642951497266
3168.833375989787,-2301.4729050119295
3163.0593884194286,-2313.4047419169856
3158.297946181097,-2322.2294721474523
3153.9624615442876,-2330.4487854927106
3148.3516291233336,-2340.6578013415437
3144.357824325439,-2348.3552131675556
3141.2974065687818,-2354.064727376097
3138.7458319058906,-2358.9089546660657
3137.0484156174484,-2362.1940311557696
3135.631720573952,-2366.0924695613726
3134.851200326127,-2368.243104650613
3131.9104180481186,-2378.9498815854404
3130.5912409063094,-2386.801423925055
3129.4549394292158,-2397.751297219225
3130.0335036994093,-2407.711504400434
3131.09731429277,-2414.2921706934203
3134.0400899551423,-2424.2396364506167
3137.3159794267463,-2433.1677612778326
3140.577997400518,-2440.24026644156
3152.049394294451,-2461.440364338459
3176.1780974285225,-2503.99882498883
3188.7064302867607,-2525.2814186700507
3194.8840155337693,-2536.0281721911406
3200.783778250678,-2547.3365986401154
3202.0271702043174,-2550.6117277610374
3202.434157031042,-2554.644426794331
3202.3656627312707,-2558.492549999518
3201.177657374386,-2562.6308160065896
3198.87324722064,-2568.371216280402
3196.106586582046,-2574.3185485885683
3192.5088033537263,-2578.8582053305604
3194.809938916465,-2577.557516775887
3196.6562531467275,-2576.4597678987
3216.594483915649,-2613.658627309668
3221.952985797125,-2619.076768982787
3227.9918654483267,-2628.585467199374
3230.6376113246138,-2631.9149824918236
3232.811324340751,-2634.6501545365027
3238.426422132216,-2640.3149784222105
3243.9040448818746,-2645.4481855985136
3248.042671996407,-2649.0001296887413
3252.0217463240447,-2651.167017539696
3259.2649249098026,-2665.5805227751107
3262.732624011007,-2671.722759066991
3264.599742979138,-2675.324344112837
3265.8494453938843,-2679.371815285928
3266.7861930733648,-2683.5492653414635
3267.14601621333,-2686.7347127156145
3267.2689470218143,-2690.86057024662
3266.643186254594,-2695.00164472415
3265.271194640685,-2699.5246108241663
3262.6645950830284,-2705.13326041963
3259.0748250849324,-2711.940223009157
3255.529262072106,-2717.687041638782
3246.3145009154036,-2729.022493446028
3239.6158115708777,-2737.069675039504
3233.2718612810827,-2743.9205479112115
3230.676063157474,-2746.247657232881
3227.0984007429643,-2749.4553767062343
3230.6787320945714,-2754.18355065034
3261.934473456057,-2795.480551717161
3259.6503005791774,-2797.455650009712
3230.6807497551677,-2760.1829260175473
3224.5111851496954,-2752.245214944423
3219.750305583308,-2756.008928211863
3218.005869020786,-2755.599745863526
3217.128124704741,-2755.094414564446
3214.8285793350087,-2754.032064616996
3203.75310161574,-2762.9279490539334
3202.080361887975,-2764.2684290454063
3191.2070457330838,-2772.9944594449125
3176.6211399649956,-2784.694312259864
3169.847948317162,-2789.8516542788084
3149.7526593825687,-2802.9361964318514
3128.1525363363526,-2815.9543549960567
3124.7321249694564,-2818.0568707715465
3120.1129847823586,-2821.047137761944
3115.6358403175363,-2824.0982030586306
3111.8810374971595,-2827.1900288760207
3110.285270025971,-2828.6504652843787
3107.6209630659173,-2831.455159181833
3106.5668915229176,-2832.885395366038
3105.581482786076,-2834.219651143435
3103.989667832613,-2836.8113332833864
3102.4643194866776,-2840.003280330168
3101.67409596607,-2841.9730702670186
3100.864711943442,-2844.3175217851744
3099.2809629357484,-2849.41109307981
3096.9348774036007,-2857.2898887793394
3095.93798156665,-2860.5468000652427
3093.7541808295105,-2867.7348837603536
3092.8498722811273,-2870.5450909540264
3092.6261363253425,-2871.195722871833
3088.237623891748,-2883.918263673883
3084.9147012812145,-2893.913734455533
3081.5266979544226,-2903.4875878269518
3078.5705548294945,-2912.020026663387
3076.1073928797723,-2919.0513906628553
3071.1390786948286,-2933.392029332261
3068.3835749370437,-2941.135988243351
3067.510453310124,-2943.6343689216646
3065.7328501644397,-2948.7120360725266
3063.251724843668,-2955.747491814519
3062.154871290903,-2958.9304175930283
3059.6748725291986,-2966.1126020019037
3057.1263606951593,-2973.353958366133
3053.173011577437,-2984.652532475288
3052.0472309957495,-2987.709583537745
3050.862511147208,-2991.000463686414
3050.413853231721,-2992.282573993057
3049.332697129018,-2995.50848475772
3048.7961084758035,-2996.6738174005404
3045.9030936369186,-3003.362573337581
3035.258347846803,-3027.758342398207
3025.6898862162916,-3049.2209544280345
3020.271872821654,-3061.4782588052913
3013.0347423271755,-3077.8650201502755
3009.033683795762,-3086.915358010627
3006.179143849508,-3093.497258386662
3001.221744885431,-3104.926095558123
2996.4584743240034,-3117.3869670191993
2995.968898669262,-3118.6561200025503
2987.7688687648592,-3139.128061160108
2972.7222740207344,-3186.0218974984436
2970.8932018933,-3192.592396885193
2969.067879181574,-3199.149029658889
2967.549559463791,-3206.2410169904374
2960.6727339874215,-3239.3938457698296
2958.0758412411496,-3250.743926963529
2951.8146232638933,-3273.791240187954
2947.116257834684,-3290.4269362401205
2943.3529774870667,-3298.2251282151437
2942.781504979605,-3299.239545671257
2942.1690598482114,-3300.2939747780097
2941.5362442937017,-3301.338235732821
2940.903258968402,-3302.373718839187
2940.24147226349,-3303.3981386343753
2939.568750882545,-3304.4235592183695
2938.8865071103496,-3305.427935744469
2938.1934121693025,-3306.433412765665
2937.4810289253915,-3307.418945947809
2936.757877606827,-3308.4043826129846
2936.015357565782,-3309.379850305683
2935.271662638863,-3310.3352688518144
2934.4990862775644,-3311.290895658832
2933.7253350225487,-3312.226473322958
2932.941901128446,-3313.162951619205
2932.139178597195,-3314.078388805074
2931.3256853027615,-3314.9849516076733
2930.491654355835,-3315.880548265648
2929.658872571797,-3316.7670673696093
2928.8043845496763,-3317.642720427215
2927.9415463885484,-3318.509298848584
2927.0677671795834,-3319.3560305823435
2926.183216799553,-3320.1925911699664
2925.288980474377,-3321.019279532492
2924.4249457296887,-3321.7959846343106
2912.607704248636,-3333.0928961048294
2894.5323033444784,-3350.3571370628356
2885.917776384082,-3359.240932442109
2885.26310452329,-3360.0854997666993
2884.6590018977768,-3360.880077886644
2884.0754364245454,-3361.684624638495
2883.5013897433473,-3362.4992430954003
2882.937028443265,-3363.3227362179764
2882.3932046176255,-3364.1572952267256
2881.858899230525,-3365.0007289607815
2881.3354485209925,-3365.855231481253
2880.8216832463654,-3366.7188081744107
2880.338051439598,-3367.5821763112062
2879.8543420951974,-3368.46569363276
2879.3910804508037,-3369.3391302037267
2878.937507548991,-3370.2326132866847
2878.504388309315,-3371.135965313672
2878.080868401615,-3372.039513938856
2877.6766332528045,-3372.951934375265
2877.2844183888283,-3373.8653486813932
2876.9104031836623,-3374.787734880141
2876.5182120925892,-3375.7810476559334
2872.0212683464115,-3389.954553152006
2869.9585030564504,-3396.430340156804
2866.818049150631,-3405.8140157997395
2865.770475588442,-3408.931966050008
2864.927224870757,-3411.148528290173
2864.002077811752,-3413.3350905900893
2863.008303918189,-3415.482771354483
2861.933885980916,-3417.6014492369277
2861.666832270838,-3418.0832140379507
2860.7884198254724,-3419.679251296618
2859.574326979721,-3421.718969736537
2858.0509807785193,-3424.089645622476
2857.012514179661,-3425.567827486564
2858.301264781531,-3427.843703523176
2858.0177006995923,-3429.788284022314
2857.745331554497,-3432.6072560211096
2857.5268477977384,-3434.736650994708
2857.186921179283,-3437.182883127556
2856.6025946097943,-3439.942996516834
2856.39518537601,-3442.8238928946307
2856.324078320831,-3446.515005296912
2856.049111652893,-3449.0232615617942
2855.835580250467,-3451.5283075900406
2855.743613308244,-3453.844593419273
2855.846704234009,-3456.657368970392
2855.706898639588,-3459.7881149979166
2855.188876589216,-3462.9247588536355
2854.4782344407427,-3465.6239632608244
2853.835048133559,-3468.6367566526765
2853.255708813452,-3471.8975056294134
2852.673920874346,-3474.784497896377
2852.3928681253465,-3477.0427861827657
2851.9325604918126,-3479.738923552435
2851.5226519256266,-3481.809423751123
2851.0464003474967,-3483.380303707368
2850.753048113934,-3484.699464064458
2850.3261339507053,-3486.2863888376846
2851.122547198406,-3488.5074503396295
2851.864051117146,-3492.1884461282734
2852.816586414458,-3497.3062553236646
2852.7123671282516,-3503.0618705227735
2851.01872336013,-3519.791581518472
2840.2488963111055,-3597.093615417346
2837.8273451444365,-3619.8629044718155
2834.8259415915077,-3619.634967859799
2830.057876179818,-3617.418068853681
2822.2671630861805,-3611.9764915584046
2810.45578293281,-3603.5633828440114
2804.805977539386,-3599.593052287417
2803.789731247633,-3598.930919736273
2802.4484514594965,-3598.6115177304882
2767.4141936600004,-3598.4488111360765
2754.9841304234787,-3598.6491878794864
2752.583673279747,-3598.7268818302514
2748.1520853798424,-3598.4203271109645
2746.980625427367,-3598.2077990729676
2745.2770396538745,-3597.789741752045
2741.48080819208,-3596.712645330398
2736.579676750322,-3596.405221788849
2729.617791567779,-3596.6260506919216
2722.481097768806,-3596.5081784760905
2716.631314998339,-3596.0352317131724
2704.667633405351,-3593.888131687521
2692.3498210755665,-3590.715103797924
2680.892826623839,-3587.615733470358
2672.4455904721854,-3584.497458102043
2666.855780023217,-3584.107299625448
2660.925610305497,-3584.4976638131984
2654.663424834278,-3586.263946031391
2647.8911349784494,-3588.977775254453
2640.613614955797,-3593.0706607188918
2633.006594202397,-3598.6125764544113
2630.8133024041426,-3599.540338931626
2625.4370768181425,-3600.3002968402284
2620.3532103743596,-3601.176977386333
2619.4552682504986,-3601.463001509271
2617.2415438732924,-3602.1601481192
2614.854647368669,-3603.9174675237946
2612.3583964489103,-3605.9754577897925
2610.500012836351,-3607.559768346705
2607.4672239807524,-3611.3007586249378
2605.5669769799547,-3613.9662526364423
2604.9352863797617,-3615.0605643125236
2601.0633992565686,-3623.099440393769
2600.856434288724,-3623.6021286869486
2600.003395879369,-3625.72769903415
2599.46321968297,-3627.231752032677
2598.9448410526334,-3628.775698468125
2598.043740230003,-3631.2840162796147
2597.238978175447,-3633.517501084662
2596.1778717940365,-3636.087905479906
2595.157701542465,-3638.7840814317974
2594.609173636018,-3640.278061794951
2593.6190510957126,-3642.9653518452355
2592.7276929140075,-3645.704384549064
2592.4064924427516,-3646.6748237596826
2591.545229805478,-3649.2720059780286
2590.130490493912,-3652.972554761535
2588.8481335541946,-3656.64314311044
2587.456258588564,-3660.6324569299745
2586.7332709087796,-3662.767965794555
2586.1583081845047,-3664.6816940305725
2585.67959250275,-3666.2865752626712
2583.9403454367775,-3672.0306562087635
2582.841170558235,-3676.168814901921
2582.034208927059,-3679.252654010237
2580.8158140235346,-3683.64360692445
2579.247444664529,-3689.423550387842
2578.780819200325,-3691.2972499095813
2578.1146922946796,-3694.434116968364
2577.3955090599407,-3697.0772436064135
2576.7207171325244,-3699.344705804868
2575.824732237633,-3702.6114069867986
2574.9875479876546,-3705.6952534938328
2570.704281931128,-3724.219279384331
2570.1018665477964,-3726.8234722372626
2569.6870672256437,-3728.976851853207
2568.142907679762,-3748.871084754796
2568.0219485240914,-3751.3602385062813
2568.004103458365,-3751.742878111927
2565.846319078966,-3782.010308539453
2565.7538926480142,-3782.8797401892857
2565.266843520115,-3784.885311621453
2558.0081462226303,-3810.829408700418
2557.717175926062,-3812.191350879918
2557.254146797931,-3814.442695438233
2556.022848830803,-3819.7030546710216
2555.2991042690974,-3823.4584746011574
2554.832451902459,-3825.273121558638
2552.6280446996284,-3834.2309127930976
2552.1625845342405,-3835.8237188677676
2544.292587369389,-3863.3137666157686
2542.764833611044,-3867.8837440247257
2542.2464407578,-3869.457611362667
2541.842745390523,-3872.6103653584414
2540.190575056514,-3884.9493770987447
2535.2221169767777,-3894.499302162504
2524.130444280753,-3908.5725288078675
2508.267609890856,-3913.4598653118524
2506.720722799918,-3913.900957392299
2501.617227974965,-3913.489628784238
2489.184207175369,-3913.212066869885
2484.3503261253427,-3912.7266459336724
2477.965412554001,-3910.8528262378295
2472.5830874031953,-3907.7725869938486
2472.8201147067207,-3907.2608168421516
2470.6741208325047,-3905.1450078479756
2470.2778742429805,-3904.2487708962503
2469.859910800748,-3903.302565573554
2468.793864190984,-3901.1894708762
2466.9861415821188,-3898.823804176172
2463.0554423971867,-3894.56116843346
2460.9839656505073,-3891.664807116395
2458.8434845211323,-3887.5805596375976
2457.8265403828605,-3883.8895315856316
2457.681501784803,-3881.779192352709
2458.3877260094705,-3879.853568774626
2459.8895337595595,-3877.461916535743
2463.9552234630005,-3872.6735510434814
2467.7487075621066,-3867.6255089612996
2471.6929857121386,-3864.026171960702
2474.1881983452317,-3862.0970942365034
2477.4129430045004,-3859.9549647025365
2481.478825829474,-3856.623416675639
2484.8162706403627,-3852.2598591386936
2488.3608340110686,-3848.601667304237
2491.709474401877,-3845.9078922935846
2496.252253256188,-3843.2358502601533
2500.268147411044,-3841.6139944133038
2503.0429165946684,-3840.66406620628
2504.088953616431,-3839.986302591592
2505.610392437244,-3838.9966014212537
2506.4144043893884,-3838.2200500271842
2510.693153512908,-3833.687363718467
2512.6909451628485,-3830.9229134572834
2513.9255835452495,-3828.76223997219
2514.966225278337,-3825.9770925009216
2515.7900713236677,-3822.529572673923
2516.309868329599,-3817.0666165709777
2522.75969464521,-3814.2581050835806
2524.6083864363545,-3812.4339196868896
2543.7406583181355,-3747.3498313454656
2544.006477996274,-3746.526337955108
2544.6296034637194,-3744.5516534469643
2545.471591161015,-3741.904407215936
2547.6574837841767,-3735.899473085766
2547.9894699817096,-3734.9661390360225
2548.840286667563,-3733.5109832166786
2549.969142294447,-3731.985829886807
2550.3034976738327,-3721.7386880596946
2551.9452339293343,-3706.7276142625924
2555.027188693368,-3683.9522399631805
2554.269719281119,-3682.957251596833
2553.7613403685273,-3681.9620971961494
2552.0021863968154,-3680.7245872823273
2549.756605566866,-3679.738871403907
2545.98911017494,-3677.5185735038317
2542.7372699675575,-3677.291609494735
2533.719746919296,-3680.3777141991404
2489.8659544569637,-3747.2560191426383
2488.027251974901,-3746.048343016227
2532.305852532,-3678.517480065632
2540.4446253793526,-3675.7294578637006
2539.4705434527705,-3675.0641940756786
2544.346647238886,-3658.2777407866984
2548.517711126025,-3647.496824638484
2553.6928667175953,-3636.9585270016482
2558.8907095859618,-3639.560277981221
2560.8351005052264,-3639.905487796869
2562.043874438465,-3640.1169313434843
2563.0479550329105,-3640.280550116704
2564.218201260697,-3640.3202369036085
2564.86827948883,-3640.2270978265396
2565.7337598849476,-3639.9590422120973
2566.1237447287403,-3639.608222624991
2566.3391127144296,-3639.305328919205
2567.20320306946,-3638.209062493918
2568.051534082405,-3636.554109358853
2569.0838835527315,-3634.424404243812
2570.236545476869,-3631.7661997387486
2572.4441565721227,-3626.2807428988904
2576.319159343175,-3616.0695566248055
2579.200267579968,-3607.897991888528
2581.369681837388,-3603.512768072312
2584.085647175197,-3598.9835595035165
2587.4587974939254,-3589.4658545600473
2582.095877743078,-3573.2577807201715
2576.66547762807,-3560.5938827768077
2562.0146969141656,-3566.6941258802435
2549.5302172818433,-3538.7908315770783
2482.3217121293264,-3516.7852795911454
2462.952096682882,-3510.280284344085
2457.4439404440986,-3508.448019769685
2424.3045532086953,-3497.420973014548
2405.231238426542,-3491.146504558743
2398.5792189642143,-3488.7969976907348
2379.8011825001827,-3507.4543254733917
2378.252122986781,-3508.995523105174
2371.3953435525937,-3515.8061457481613
2373.865306190682,-3538.659994562851
2375.2963977769728,-3547.4868774579463
2375.877604362477,-3551.10301300348
2376.572177893999,-3555.4285312182465
2376.848232226811,-3557.1360561344018
2376.853081134328,-3557.165979459402
2382.577193230707,-3589.9495722618517
2382.592907023565,-3590.03255904721
2384.4988777006542,-3600.446119893181
2384.5108314091376,-3600.5139458492204
2384.718214939225,-3601.6541184935336
2386.179348378914,-3609.694575011847
2387.5455566806945,-3618.675383095932
2386.1564242245668,-3633.6861683712204
2380.0429539535776,-3652.4853723721963
2377.188146923531,-3651.299970991888
2364.161593010074,-3634.59802076391
2364.408366854481,-3634.34809025295
2367.835713577714,-3624.3219322929167
2369.541312425913,-3618.057211717338
2369.183318004241,-3611.7422280357964
2370.454398187173,-3600.619367841294
2369.6890714140945,-3592.3689662730317
2368.543504279421,-3579.992664790764
2367.362007158592,-3563.3927244798733
2366.85708969208,-3556.3521066522794
2366.3013616885114,-3548.733060153325
2365.5069596253993,-3539.3275780585373
2363.572709583336,-3516.3006315529824
2362.4146185431473,-3502.1467143024274
2360.08654459436,-3473.300339657848
2357.835357989889,-3448.8536484132405
2357.829338116423,-3448.8137505185355
2356.9150223444117,-3441.875174389136
2355.534564917012,-3438.2243212095864
2355.18129054609,-3436.117022584103
2353.0845691663662,-3422.9956292755865
2351.5556705348495,-3413.4232455798583
2350.033019183754,-3404.1257666868673
2346.815550565091,-3396.5873664825185
2345.3475278316755,-3394.252514220257
2344.156487136887,-3392.677876773128
2340.182985141859,-3389.1325889779196
2339.416015098942,-3388.6991693194286
2337.6195092858447,-3387.65135028706
2327.9006427127565,-3381.942214397368
2321.2760197745656,-3377.891836259223
2306.7144917610767,-3368.9882069396904
2302.1812447469406,-3366.1333967242017
2296.4152480651646,-3363.155091343405
2288.295458675572,-3358.967195351751
2275.5499478661236,-3352.5931054428493
2271.008454942329,-3350.0950826224766
2268.066949007746,-3348.2412544547074
2266.834045002562,-3347.4652033093485
2263.8274691482675,-3345.059680514077
2261.6167043028604,-3342.939848484225
2260.077726935468,-3341.178553321521
2258.2689951645843,-3338.824815528253
2256.6214918703085,-3335.941375229031
2255.651905979054,-3333.9301754325024
2255.6254313937534,-3333.87113055919
2254.936517041895,-3332.3744670372366
2254.1425474534985,-3329.964531270555
2253.303759651769,-3326.156531625574
2252.8645239215807,-3321.508356690949
2253.1257953177387,-3316.895727357553
2253.4526647954826,-3314.3725134950437
2253.774696268437,-3311.8644625116463
2254.8219085400765,-3306.050577448109
2254.89653489856,-3305.7048317791046
2256.653410529626,-3297.69761049297
2257.846242365769,-3291.73187361134
2259.0715341069035,-3285.727127246403
2259.836340571604,-3281.980794172483
2259.8447625429603,-3281.943885260301
2261.121704130392,-3275.5134997110667
2263.4988347789804,-3263.555094170879
2265.2856514141426,-3254.441653281425
2266.348551781194,-3249.0184775100815
2266.3798159206453,-3248.8586730936486
2266.390571973149,-3248.8086965704706
2267.8119377850476,-3241.7867673357546
2269.5986205105437,-3232.494376633389
2271.08728696687,-3225.235627977047
2272.148925944574,-3219.800581558641
2272.8259735853635,-3216.321992735719
2273.0495255747246,-3214.9779289484936
2273.991991395605,-3209.30012266415
2274.4941864818097,-3205.205129516771
2275.1802453629125,-3199.604289824303
2275.6692758548147,-3195.614235064124
2275.8443951447975,-3192.7822346685684
2275.8936313118447,-3192.027825298896
2275.994383979806,-3185.6986610011586
2276.0542173194094,-3183.872052757244
2276.012910516792,-3177.5778340176926
2275.991574781144,-3173.84066267395
2275.9067457869614,-3171.6313537779643
2275.635363381257,-3169.0864354419505
2275.63293112769,-3169.0374595177955
2274.214984224695,-3159.75490279809
2274.1812095047835,-3159.533070177088
2272.7816917540426,-3151.5744703257897
2272.2729536931333,-3148.465929326775
2271.0468358867142,-3140.979996122061
2270.4947843305645,-3137.899494542559
2269.000654603946,-3131.8664609567572
2268.7574339341168,-3131.9194848574166
2268.058589695707,-3129.3226981662383
2267.382673760807,-3126.613788712952
2249.5060537592394,-3117.0243825230104
2248.664307789578,-3115.8255031029917
2247.050004349342,-3110.8907248735236
2245.671302919504,-3104.3719850395833
2245.4023084170235,-3102.001824398405
2245.972438204055,-3100.334993632683
2247.6213416433425,-3098.3290648360794
2247.2450048923292,-3095.248620367163
2239.555201879568,-3065.4262165936793
2244.2902841630053,-3062.1995443404653
2244.2336569817107,-3062.0516305607644
2243.580803980243,-3060.4740611776074
2240.1786575520773,-3054.4084511988913
2239.972738369096,-3054.054791071179
2238.547979325688,-3051.497073125793
2237.1148973470818,-3049.039304890762
2234.85566894407,-3045.305646204198
2224.927719917608,-3029.2281943910266
2213.9146082672073,-3011.302542708288
2211.5652657031956,-3007.6339351480774
2207.954766028059,-3001.703221243097
2203.4436184474152,-2994.238979642881
2191.0820016287907,-2974.234053341973
2187.9955256249987,-2969.678245252882
2186.4607260247058,-2969.814551988712
2183.5923582484106,-2970.766406287149
2181.4115012020197,-2972.714491425072
2177.801978367657,-2976.107657457222
2175.6810019314516,-2976.3699779750395
2173.4887389206715,-2975.8778164635396
2170.5475060587387,-2974.642398141553
2166.970317975858,-2971.5376359459547
2159.5078096464913,-2965.827717311773
2156.1848479952187,-2963.345324573473
2153.1058097154782,-2959.4849501278118
2150.3410631268475,-2956.1241445850274
2148.633075690668,-2951.4481172943993
2148.428865110137,-2947.885844502945
2150.54204318595,-2945.251412448997
2153.2099650632463,-2940.8022306893718
2156.626570903555,-2936.223007507683
2158.5628660735747,-2933.5545991171634
2143.0389247887315,-2919.0030719583633
2133.7330839829074,-2911.1182284257984
2123.2966864658824,-2902.899867263805
2113.398723966589,-2895.646642595967
2111.962317202936,-2894.519800336037
2111.7456817718753,-2894.361946066245
2110.1782711865794,-2894.563084341281
2105.923860520895,-2893.3220493574727
2100.9169829352804,-2892.082074857927
2098.4875268071087,-2891.2132976644643
2095.1589583270447,-2890.770342957259
2091.606530869154,-2890.725033436358
2089.280723730647,-2890.531828042793
2083.2253195938033,-2889.2939675743373
2079.2178284194833,-2888.5034312447374
2076.213950007154,-2886.883466920228
2073.783090290245,-2884.909470207456
2040.630413418359,-2895.391462323957
2024.7839770686337,-2902.795258215387
2004.8390200347176,-2912.1042828983277
2004.2453207614265,-2910.96727376156
2001.8352250724197,-2910.8599482487593
2000.1368629279816,-2911.9383840230093
1997.2134719632718,-2914.8197294354786
1992.8446043907943,-2919.081494392102
1986.1554281852395,-2926.7799739140014
1977.6188927899245,-2936.4273166300104
1964.882568691098,-2947.9591625570574
1956.190436123248,-2956.110788890914
1952.6433455054187,-2958.619487388853
1950.6439905651744,-2959.7500442311307
1948.4449666101664,-2960.8286721984855
1945.6943460371656,-2961.334854992199
1942.8160758955394,-2961.71707543007
1936.607909850839,-2960.954953910537
1932.0755953319128,-2961.2326688231246
1930.0654576527854,-2962.3021774654844
1923.5487847894683,-2965.679971719425
1918.7689621699815,-2967.949208810887
1913.4509814644134,-2970.0666337803837
1904.3711373831645,-2972.6595055582743
1897.0547295025776,-2974.3436109775344
1893.5589922189233,-2974.9477792541015
1887.430564352853,-2975.6115151005342
1881.7198063007827,-2976.228183665825
1876.783077247228,-2976.518919011015
1872.9490145272139,-2976.5786188114976
1869.4350225063897,-2976.465390629873
1839.7189590649336,-2975.8946820435303
1830.981699595638,-2975.6964556668963
1801.4305575737167,-2975.027544392188
1795.38258627611,-2974.7908764207073
1795.325994167065,-2974.790886999654
1785.0489706809053,-2974.0902738302657
1778.2039627219674,-2973.4541506395344
1771.4493162443523,-2972.6199053761816
1763.6784717639673,-2971.5371689982107
1759.4915402818951,-2970.89036964569
1755.7139535890242,-2970.3066344513077
1754.1236435886917,-2970.0010961234448
1743.6718577889314,-2967.997555631543
1743.5684014278256,-2968.2474444145473
1743.552715927987,-2968.2843542079995
1743.4938130031767,-2968.4291997341397
1742.7356665606949,-2970.2899461727884
1741.7288473042563,-2974.3540823338267
1741.3593379502825,-2974.8626672053792
1740.9911075874984,-2975.059637503776
1740.4265265241684,-2975.084676951889
1739.0262848862453,-2974.369534324379
1738.8048941340496,-2974.662336267873
1736.5217198905314,-2977.664580786937
1734.3951789437453,-2980.461713545885
1734.0726472042177,-2980.887498391927
1734.090817787571,-2981.6699223632036
1730.958639565504,-2982.625679019771
1725.3227555239444,-2984.262468763986
1709.8906691377633,-2988.7417417788465
1683.8656518966748,-2996.1436885328817
1678.444084717514,-2997.685552330426
1657.088334541783,-3003.8354638847445
1650.222143959312,-3005.8111675950827
1634.8911751116282,-3010.4203746070625
1596.3410171764212,-3021.845069667702
1558.106155448746,-3032.9977439966387
1519.873542315279,-3044.1514625333793
1500.5821228953628,-3049.7181675372963
1494.1010578716846,-3051.5467697818044
1481.6132581886468,-3055.064040585681
1427.7627789035218,-3070.4495234769697
1419.4411769326082,-3072.8777373625817
1400.8369174663562,-3078.328431944284
1396.3203768431258,-3079.6540487673906
1391.3957633692823,-3081.0745833999244
1388.7353602110038,-3081.348877779626
1387.532857417351,-3081.702759703758
1381.896775884809,-3083.357302420065
1378.139860055122,-3084.4599632415084
1376.1296074761942,-3085.3376391613915
1375.840652000994,-3085.464560632547
1362.0394215087695,-3089.403500672784
1322.3017834181512,-3101.00920389271
1295.4406549141866,-3108.629060020471
1268.6000204284285,-3116.270782892239
1258.94210161993,-3119.0139399020195
1250.0967321974374,-3121.526163486262
1248.865255285201,-3121.8820267668734
1245.0408655217086,-3122.9887339212814
1241.535487304709,-3124.0044277066427
1171.2044616787773,-3144.1409083235303
1165.1169040169584,-3145.8542303078884
1109.6728898619658,-3162.1354579421773
1094.9288287928666,-3166.2928709655243
1093.183342471427,-3166.785727497589
1027.7403166356523,-3185.9173285303027
1023.6221534976889,-3187.1377918394087
1022.2739552629425,-3187.3807232016466
1003.0853862346223,-3192.9994829200973
977.4457537465853,-3200.507500411438
1039.136738983135,-3461.0406825037426
1047.2413135271117,-3495.2665801525904
1060.4925145209688,-3551.23436455844
1064.2864385411833,-3567.2576302677776
1066.3293660545514,-3567.0475330342783
1064.5292113490582,-3563.0028347081693
1064.1027698315168,-3561.0004325118434
1064.2760629962331,-3560.2520009524687
1064.6491375136434,-3558.997922516189
1065.3483960126498,-3558.196466211937
1067.848783417991,-3557.4417912977115
1071.8529447394617,-3557.3084804230866
1075.2310356357752,-3557.800660563427
1079.2896303893206,-3559.969533947681
1084.425773523448,-3563.4133680209193
1090.3157307835725,-3568.6566749477533
1098.0838723641284,-3575.396588405041
1108.7332527709582,-3584.5093776118206
1120.0870358728462,-3594.545344074765
1127.7793451390025,-3600.6108431135503
1139.535143601638,-3609.624517457297
1145.5732831403539,-3615.2006330245376
1149.4009274833804,-3618.632518493081
1152.3038959431549,-3621.8297056377387
1154.6997993840455,-3623.992761378195
1157.871271311698,-3626.8702208911695
1160.651288217972,-3629.3899291253233
1166.2029749714393,-3633.7089611723586
1182.906123519427,-3646.477208268206
1197.0892982250396,-3657.336057309948
1203.7642736896353,-3662.4373538891746
1206.1674877087814,-3664.146740027703
1209.3134962423385,-3666.105802064218
1211.3843562972008,-3667.489450441698
1213.4600686732365,-3669.6145276238717
1216.0416832718297,-3672.72585249322
1219.8683218527492,-3677.719570169843
1221.8260838984565,-3679.814735967809
1224.3112678588789,-3682.0976603883273
1226.9648649073945,-3684.056879090556
1231.2716201768633,-3687.4047819918997
1247.1612324985833,-3700.8394396707527
1255.538757642226,-3707.289376315893
1270.4227950586026,-3718.7516020450375
1276.5597404544387,-3723.647137810178
1280.2935324830282,-3726.838090704891
1283.7693482750433,-3729.114882599335
1286.9155604753353,-3731.071026313362
1290.3936680988431,-3732.364495852036
1295.2276495317922,-3734.0975720559704
1297.5465328165549,-3735.404262271423
1301.0273371409917,-3738.0966987671127
1305.4269616112858,-3742.015116380782
1312.2420295415884,-3749.4664897357857
1317.9336733912771,-3754.983492145278
1320.8342718785743,-3757.842880027931
1323.4108836068913,-3759.9648718358203
1325.3132991624734,-3761.7612775055422
1327.8068100914466,-3763.56358600542
1331.9426000741316,-3765.753288512866
1340.2176554751145,-3770.47153294483
1344.644717194952,-3772.7881690103677
1347.5488406744819,-3774.4974493826344
1350.7743334244549,-3776.69435354084
1354.5081807050653,-3779.956198439606
1355.9397377023229,-3781.3090833118954
1361.7290022782133,-3786.777069283583
1364.3465835227544,-3789.2467670830974
1369.0028483173978,-3794.2313293096604
1372.9028258428282,-3798.0727811502593
1376.306804106707,-3801.4307223149326
1379.66846778595,-3804.2460371376487
1383.5708510359493,-3807.3451568059577
1386.63877279421,-3809.633939770853
1389.954632214493,-3811.999591875459
1395.4171714928034,-3814.919731724148
1400.6666182091778,-3817.402004136733
1403.8175082943148,-3819.0193631483185
1407.1286536031546,-3821.6347799294217
1409.3741753375298,-3823.9297606687965
1411.9512203261356,-3827.610496375819
1413.2890203464938,-3829.90860201592
1414.8724560828755,-3831.957699336794
1417.0290426151744,-3834.0029214230344
1421.3505190870032,-3838.33994088034
1426.3330745423618,-3843.9558338999586
1438.7157174456481,-3853.6845410307537
1476.9302083848445,-3883.905690265454
1513.8926280709597,-3912.6359447887803
1510.9257201707162,-3917.1599005342887
1521.4853993119627,-3925.331914069754
1525.199971890726,-3920.5559718152376
1563.4354986586611,-3950.5459530733347
1567.0872809799669,-3952.3998795615016
1570.7740776359826,-3954.4726468290273
1573.6782260273699,-3956.26285406753
1575.9912275305412,-3958.304922290259
1579.519627495647,-3963.1595941491373
1576.0519093122175,-3967.9355166157175
1580.0746927338123,-3970.9055613624305
1583.0416686494748,-3966.3844773080596
1595.2137648142289,-3976.1250852997646
1601.3350664667132,-3978.841012586745
1604.7281018160131,-3980.7939181900083
1609.0819879227838,-3983.8528709583115
1611.5647424510723,-3985.565034282362
1613.9681642162836,-3987.5982005031838
1616.8796625920236,-3990.296602135167
1620.2887196542335,-3994.1511021454944
1624.4287158910488,-3999.5013036601135
1640.6335253035902,-4012.463641136809
1650.422762202407,-4020.231961837936
1655.2027369106631,-4021.738037750582
1658.1839142078873,-4023.1943482768916
1660.5848652891495,-4024.8277117687558
1662.1611927431675,-4026.795873085326
1665.2995480819502,-4032.023340037063
1668.888946121623,-4034.8785123501625
1671.8160652753327,-4036.985386740631
1684.0497524505156,-4046.5629814531144
1690.171488764357,-4051.352220924503
1708.4449857413347,-4065.2193948595996
1711.3020630419458,-4066.270034368661
1716.9756204866667,-4069.146761721589
1720.7021702790034,-4071.351431072954
1724.0182697896241,-4073.6281909431736
1727.4065954090597,-4075.990720247968
1731.5607970739754,-4079.502310989307
1738.0392066751165,-4085.7153630196913
1743.552918540064,-4090.415702678598
1746.539039584249,-4092.701491953558
1749.6878231828493,-4095.2299383784098
1752.4210532343886,-4096.859228294472
1757.374791261311,-4100.1338593240225
1759.9997145885482,-4102.015929177211
1762.9834785872747,-4104.153687204127
1767.3809331616435,-4107.501331152606
1771.1125165466538,-4110.603216203208
1775.0188623947322,-4114.364603511862
1776.9902408073617,-4117.180034858679
1777.4358032682353,-4117.817543801906
1801.0606322420604,-4136.016217344069
1804.247709164128,-4136.932805228204
1808.552220431145,-4138.6298122031485
1814.1268560728004,-4140.690160156248
1817.6871898790714,-4142.14331911463
1821.1634198731429,-4144.260118355023
1825.2224612765503,-4147.029259464896
1827.4611104191088,-4149.572815337739
1829.4651083490712,-4152.598199813444
1831.55471249414,-4156.701647506479
1833.9742276403047,-4160.79605438632
1836.48845986574,-4162.527105346734
1840.0093961534938,-4165.253451207467
1839.5616645967636,-4172.505938753861
1841.120237792147,-4220.048185864265
1842.1776814772481,-4222.238356550659
1855.2201743645376,-4221.7601469249485
1869.042697604879,-4221.252940597684
1874.4159337424421,-4221.054990505661
1879.3931432496624,-4220.871179409578
1884.6688751109748,-4220.677332345862
1884.3738002690272,-4214.42905554787
1884.116900457942,-4168.707166301313
1880.218504273928,-4168.787928253937
1880.1204994293955,-4117.16040447572
1879.8527510144984,-3973.195761304555
1880.4593241260743,-3953.6906488445175
1881.1666453123096,-3913.683137293254
1883.031538971028,-3895.415753485941
1883.5076394350485,-3892.162167569609
1884.981825383717,-3888.652531248119
1887.460002162901,-3885.6333596922836
1890.6896028664733,-3882.859819613872
1894.9257474387716,-3880.828606806885
1901.6650943607153,-3879.5302469395133
1942.1723396079685,-3879.9807855522536
2021.4349941918692,-3880.8916939738983
2073.9390305071342,-3880.7546194821175
2124.9419560706137,-3880.8824221212085
2137.189245003881,-3880.2910899670806
2147.9302749311623,-3878.9636368857145
2160.1641167427774,-3876.8715641749895
2164.6531661337235,-3875.339815110168
2168.144220616517,-3874.06294685138
2174.6305047408373,-3872.0160405151096
2180.6196843668854,-3870.7206471584445
2187.114539184912,-3869.675004617915
2196.107602921691,-3868.6097349404145
2207.596255189994,-3867.0233966253263
2224.335177028799,-3865.4027138088
2230.8251229056514,-3864.103183226283
2237.0647462857855,-3862.558924044273
2242.5530761730083,-3861.0168311844545
2248.5420396635373,-3859.222853117528
2255.0134442876956,-3855.4251124243965
2262.228636160056,-3850.6231250475744
2269.433699083037,-3844.3182257904996
2284.3101125496705,-3827.2088500489112
2289.2613886820577,-3820.672656143795
2290.4376912236685,-3810.6621267899623
2292.3552128240567,-3799.398181571905
2293.5612633408573,-3793.386557233702
2296.02191200319,-3787.8711803607503
2299.5341772243,-3789.62301911539
2301.289702744672,-3790.4019328466325
2310.6022179996944,-3796.5899824281914
2311.053709169169,-3796.8027368728717
2312.7815302557074,-3797.6126769105713
2309.1091587444957,-3805.9621012078537
2306.1484048923685,-3814.2574890585943
2304.5690317545823,-3820.1824232795466
2302.995455431476,-3829.7524608855406
2302.8417938994976,-3831.5730054200785
2306.0935971579966,-3831.8000506179396
2307.4300985591008,-3847.611743020765
2308.5601757561717,-3861.0321169121235
2311.45182652125,-3880.5125783928047
2314.8505422140765,-3900.738236106523
2316.1326663796476,-3905.229396670794
2321.7627529914134,-3922.6917824269085
2328.3834937566157,-3939.1425757093134
2329.72794855877,-3942.44172615012
2330.329011915551,-3943.92034986055
2334.747716018333,-3954.848006881181
2342.890970695447,-3974.040302174381
2347.477185309162,-3985.7562232839714
2351.2934895083035,-3994.729350428163
2354.853088713338,-4002.9523314938087
2356.3780880302415,-4006.4421525011508
2358.2095624169533,-4017.179513685763
2359.2686716002218,-4025.4239537598487
2360.4934697727817,-4036.9958581540336
2360.880875532898,-4040.661913825218
2362.762143837319,-4058.6476746000912
2301.4818839658865,-4055.018345316577
2290.09020047667,-4054.8911954108057
2287.2375695592445,-4083.295116764158
2286.1289353810075,-4094.374828106486
2285.67995897846,-4099.877651965443
2284.313906223257,-4117.072795257695
2281.293806682041,-4155.083514126833
2285.7234961465556,-4156.219492425051
2302.231143979072,-4157.278768010627
2344.5037526993738,-4159.788685937235
2346.770182328269,-4162.0243904183635
2344.6233368776852,-4176.040153697519
2339.608251165255,-4208.077846193554
2334.827308683538,-4238.115025079318
2330.3069308194913,-4269.400187985285
2325.9832026696013,-4293.436789321543
2309.186978298389,-4305.240767427247
2308.8186406659547,-4305.50259552705
2303.3487336490716,-4309.343021557615
2294.395092957891,-4315.667311787612
2298.106443957982,-4333.652640719947
2298.8811670458867,-4335.827866197902
2303.636329349635,-4348.714806778633
2304.3916294978353,-4350.649044516652
2310.251136122383,-4364.395147969926
2310.617321680784,-4365.242421734393
2311.4329129310195,-4367.23868782069
2312.646018755752,-4370.177080602219
2314.5085063314336,-4374.764255967504
2315.8553174110266,-4378.255221696637
2316.273405899413,-4379.351254975858
2317.1301093516654,-4381.847149860899
2317.9577489331664,-4384.290085322975
2318.897550581165,-4386.923812130328
2319.5554278790487,-4389.178962369196
2320.2364317454226,-4392.133442290462
2320.9751041515215,-4394.669364357546
2321.4365532116285,-4396.24497673026
2327.068554075569,-4410.045187582713
2329.530586609716,-4414.487180510834
2332.2466865675983,-4419.397728598826
2332.8767752265576,-4420.643531566987
2335.5125008263344,-4421.49424286393
2342.6399868753847,-4421.071868937758
2346.142464343003,-4421.4157443422355
2347.5371817413834,-4423.415855683922
2356.8091205615538,-4438.53901778788
2360.474382468152,-4444.61149217755
2364.6852626469768,-4451.60111611621
2366.0414837687126,-4453.861976196704
2391.9103132783207,-4496.794714298018
2394.5313286217975,-4501.156652321559
2395.9598007726313,-4503.516540054114
2397.997867583699,-4506.899393571087
2425.530323982587,-4552.592455351413
2426.4819279471544,-4554.176117926397
2423.780313978253,-4555.076030590175
2410.939537951214,-4559.331031793972
2413.851860398172,-4563.729897658899
2418.555332217786,-4570.855230184374
2420.1921410494338,-4573.33485930877
2432.5416808239465,-4592.0234692662725
2435.299952196404,-4591.96481674583
2438.541264542517,-4592.2627406496385
2443.4001881476884,-4595.015456118336
2448.941254857055,-4605.624867165608
2449.8656071191526,-4608.996122972167
2448.7327160500604,-4613.826621902098
2448.320068223335,-4615.179712565729
2457.730569567175,-4629.20750192181
2462.760455444254,-4636.705587655829
2470.2751451261456,-4647.727138219394
2473.8003950281623,-4647.335616958304
2474.2206009701654,-4647.461391061892
2476.4073747664474,-4648.438061374983
2477.0625619087614,-4649.1123902240215
2480.5156254919393,-4653.676977259237
2487.0917182323096,-4662.357565278163
2489.604190853359,-4665.681324564659
2493.5222624319563,-4670.853452702462
2499.078355705742,-4678.190388712778
2503.117948587166,-4683.523175682491
2507.781556699305,-4689.690291960677
2511.568280536058,-4694.683498487266
2512.5787887540596,-4696.02315258638
2520.4052178570414,-4706.367191112401
2522.0409065417202,-4708.526012325489
2523.807759742147,-4710.722902630281
2528.7940732884394,-4716.9358079040185
2533.396161300458,-4722.69216435877
2534.0405184925053,-4723.419458426941
2537.5103387303875,-4727.374458523974
2538.0751972238,-4728.017885035226
2540.0226400526803,-4730.23567172445
2541.1006666070775,-4731.46837478767
2541.464348926289,-4731.875051956193
2543.319021870997,-4733.701051379109
2543.9922497816124,-4734.366393463804
2547.971494192311,-4738.2974149857955
2548.404973257178,-4738.715943419094
2550.5306274796867,-4740.8107908336815
2552.1733602712966,-4742.725919974977
2556.7236700576755,-4748.002589480444
2559.3672796124147,-4751.086500436212
2560.3658120987134,-4752.238426398162
2561.897761321545,-4753.827805587879
2564.1547284693197,-4756.180364402268
2567.681013841168,-4759.8425772483715
2570.8352481087472,-4763.0213088502205
2572.9091199542668,-4764.996267706894
2577.260371904878,-4769.144927723597
2577.7421204394377,-4769.610423288824
2580.102727172582,-4772.0648932019585
2581.0384356939444,-4773.037885501693
2583.084718856015,-4775.163668894824
2584.0518290377036,-4776.176651492541
2587.2577937106626,-4779.513265191214
2588.346571278672,-4780.634142191817
2591.349113925593,-4783.763931446003
2594.1287072488803,-4786.412095682661
2598.3980528265442,-4790.462815346816
2605.196645772475,-4796.911992304733
2606.7056671797864,-4798.252698110502
2607.711318882532,-4799.142678262354
2614.9111686477577,-4807.181526807637
2615.2748569648456,-4807.588201138112
2617.539040331923,-4809.673918729186
2625.8057181389167,-4817.240858612309
2629.1380174138108,-4820.2476559453
2631.724942073918,-4822.570183898994
2636.6880281164363,-4827.032357270756
2640.4431210216394,-4830.405808872093
2644.1235836688584,-4833.790152085024
2645.749538942122,-4835.287623734669
2651.771111117807,-4840.821591732145
2659.9691498829416,-4848.4454770944
2664.257898609753,-4852.4212508545315
2669.2149621019075,-4857.032432779725
2669.393248932806,-4857.195172361187
2673.8191202555113,-4860.983975522612
2678.199317049171,-4864.731892586781
2680.110508479227,-4866.368228133596
2684.7400594347073,-4870.33482049549
2704.1154658945857,-4887.444287876061
2718.7121813594104,-4900.337215434761
2737.3238271428672,-4915.450470280728
2751.915214718667,-4926.342897809641
2764.2303980462702,-4935.255457223774
2775.5424681479763,-4943.4229718685765
2786.8657513015114,-4953.341051110764
2801.193456956949,-4963.734938139762
2818.286265717995,-4976.112483756903
2829.3768227578853,-4984.449771014113
2837.390480874964,-4990.473696204977
2853.134451905124,-5001.606620182472
2858.2828872891696,-5005.441106974927
2864.315401971042,-5009.945834953786
2869.9672947227364,-5014.134969728607
2883.6399488301713,-5023.885353177544
2893.5899626544383,-5030.654167953766
2898.998528778596,-5034.333745222036
2900.7267325190287,-5035.510252478769
2904.9080492844214,-5038.380740126793
2909.0063654715564,-5041.195491818714
2910.5671490675286,-5042.2701053192295
2916.5586871398214,-5046.39417353838
2925.095753217124,-5051.332705458672
2933.92434750815,-5056.75890947414
2935.291291067229,-5057.599868084286
2938.8162006418165,-5059.761032416276
2942.9662086446333,-5062.283890488879
2947.727942032642,-5065.116177536992
2950.7098189318854,-5066.886890099934
2952.5066056379783,-5067.881625711919
2962.921082644553,-5073.606061380202
2968.946142229705,-5076.922624720552
2969.5374177921685,-5077.24921711228
2975.092831498796,-5080.458093916262
2977.1099999148073,-5081.624423322616
2984.764418539033,-5086.03770193306
2989.151553339968,-5088.556476385649
2994.433635924638,-5091.478551167531
2998.5811095928498,-5093.815455261765
3001.947180399984,-5096.010759789452
3003.3684577603563,-5097.563095857499
3005.5942367028283,-5099.694717120994
3009.9542211719345,-5103.45545534638
3013.971936038845,-5106.236073395413
3019.816182001058,-5109.2319709652475
3021.722610067032,-5110.248603717025
3023.46153382756,-5111.175315931325
3027.5259839896344,-5113.3464520928765
3029.59373690406,-5114.4418335248165
3031.38204728576,-5115.507477966809
3035.1287270464636,-5117.881499235878
3038.030983164116,-5119.369523343833
3040.703196712716,-5120.748494854099
3045.345528789748,-5122.564735972518
3051.514872166878,-5125.221766280043
3054.8073058183704,-5126.816391953876
3055.7212610534,-5127.120931815287
3058.8462051003357,-5128.146146916302
3060.110680275763,-5128.5683773872925
3067.9319637085373,-5131.350753098446
3069.8767895986207,-5132.0555511512775
3079.6056973343575,-5135.626814625248
3084.8789094753797,-5137.537595163827
3088.6217783015973,-5139.415947960971
3093.4388954472115,-5141.833591220621
3102.468235548395,-5145.539816523936
3110.989610007858,-5149.665838443657
3117.030276181478,-5152.402766566935
3128.693185312695,-5156.878567491126
3130.7897510567227,-5157.68235374194
3134.1061542846155,-5158.716359535068
3143.849252856146,-5161.6149511645945
3149.95207889757,-5163.162740026418
3151.3729950064676,-5163.509996289479
3156.2523545907356,-5164.704575010911
3158.197118856685,-5165.181530314633
3166.877074911783,-5168.028479157909
3175.5606554633478,-5170.96429459463
3175.9303864095486,-5171.100129170515
3180.773718536137,-5172.645421972174
3182.707657853322,-5173.452143410218
3184.3249638630027,-5174.120020172139
3189.4009152817944,-5176.2227241557575
3195.1187382427697,-5178.860859801637
3196.7456737586886,-5179.608629565516
3202.1720804491306,-5182.109005959024
3205.0250843170993,-5183.478894073503
3207.1530502363516,-5184.772217270813
3208.922218728583,-5185.920725706098
3210.5421537838915,-5187.199255577175
3213.729710771423,-5188.106496956549
3223.261799647156,-5189.74605692118
3231.498110027158,-5191.0152792947465
3232.491507214752,-5191.168856597976
3236.338807463321,-5191.869988241113
3240.242689569889,-5192.50027804909
3244.493522300412,-5193.789784640574
3247.601715403602,-5195.027806564706
3251.7790719413724,-5196.045620698246
3255.8927688278936,-5197.67800316367
3262.302241608585,-5201.791638789334
3265.095206889497,-5203.580272303338
3269.070554659625,-5205.662360947917
3272.967661399133,-5207.703478088571
3278.1076100431374,-5210.563501295338
3283.1547929899198,-5212.896982775423
3291.6097396783193,-5215.975810198327
3298.892807191478,-5217.972764793563
3304.927027127767,-5219.649353339306
3307.985811082424,-5220.887372688493
3317.7606093118134,-5224.343269457087
3320.680904096636,-5225.38452941416
3325.1944329671355,-5227.200579868306
3331.8201582920674,-5229.533489326533
3341.4623177345215,-5232.5307657978465
3346.4247868048838,-5233.905962664075
3349.619625212468,-5234.783231930351
3353.1274102752586,-5235.746274110973
3358.0658613320575,-5236.949607220084
3360.3826230863233,-5237.512374480244
3362.3058477237596,-5238.158269388299
3366.6207966921215,-5240.049280726517
3369.6673234857985,-5240.814578075969
3374.3758347035996,-5241.971999525935
3378.8120192072624,-5242.928721341856
3382.4992310070656,-5243.90076678138
3386.368383405483,-5244.922521022867
3390.265207101919,-5246.045308849629
3390.7059095204145,-5246.181010365971
3393.949967129161,-5246.687583270606
3397.3962184446154,-5247.382707402598
3400.642767930347,-5248.0869780605935
3403.02576215051,-5248.4719603324875
3407.6656611514854,-5249.887238805345
3410.7085963072473,-5250.394675365005
3414.293395733799,-5250.959971866515
3416.6404507421144,-5251.701563282038
3423.2033726306813,-5253.63484078543
3432.279358418799,-5255.686016522979
3436.327834209258,-5256.648835153219
3441.120671232767,-5258.233814159658
3446.4024671738184,-5259.94569458548
3450.37875899048,-5260.9944163647415
3452.49331824105,-5261.548256670629
3458.2529024757982,-5262.498481295004
3462.5386362736876,-5263.396267418756
3493.596837286799,-5269.866960907624
3524.542388615978,-5277.072140867261
3524.8152555910906,-5275.999947367
3526.8190252730133,-5276.534660306454
3655.305646666466,-5302.0341429881555
3673.0857184257334,-5305.965221041689
3688.3270320052334,-5308.744251894634
3691.3470480067963,-5309.26976252058
3693.2891013719595,-5308.847280968145
3695.0784425075017,-5308.833625765667
3703.2896631806784,-5310.214470456831
3705.4223749644652,-5310.57733008453
3707.694522418659,-5310.961082549936
3718.306844572878,-5312.401933720506
3720.4394441611125,-5312.687884213179
3722.4516481139344,-5312.963806311846
3723.4413651285295,-5313.047410802485
3725.5714958409,-5313.209573628656
3730.566324735741,-5313.602239448897
3732.8071673718446,-5313.776227718656
3742.8264143921706,-5313.572534568182
3748.3267406599643,-5313.453485606898
3754.7937842990073,-5313.315103615594
3757.6958234933204,-5313.384790338538
3759.8173920259323,-5313.427051624238
3764.946861044155,-5313.529978183462
3767.0696830831153,-5313.575030322697
3772.080012735869,-5313.677999789097
3774.2100984344725,-5313.723047500657
3776.990406747204,-5313.783998369058
3797.4625356797483,-5313.991784339556
3801.9635541748844,-5314.029903691167
3816.4087611877844,-5313.232775096512
3840.3221561259497,-5313.220254820441
3860.725873650722,-5313.759695773694
3882.916168710683,-5313.636841701198
3913.2402562918564,-5313.704437932783
3920.651540508046,-5313.917271773867
3924.0315330095395,-5314.128754627249
3932.5290599150603,-5314.651851201576
3936.1607570360698,-5315.026115540522
3938.5438965295352,-5315.468818870048
3941.994161188792,-5316.632462670528
3947.5624130851324,-5317.853189009473
3952.4982493767025,-5318.504709952524
3960.2350024571133,-5319.378809522017
3969.529556369169,-5319.769777504949
3971.648811361568,-5319.86475975454
3975.4212720642545,-5320.029080910893
3980.151091529519,-5320.154002532822
3982.281187123513,-5320.217058532022
3984.8134560979925,-5320.289922098483
3994.927436765796,-5319.414521832546
3996.9082209188546,-5319.400531329921
3998.568768844698,-5319.658786707255
4005.176262377724,-5321.1708105375965
4006.6406419083023,-5321.504855143602
4014.3681741436735,-5323.272359364033
4019.6796182598096,-5320.882965539593
4025.4861945620896,-5318.992002479053
4028.4541041003044,-5318.448128557851
4032.9512252731324,-5318.144503841954
4037.3784700204405,-5317.653080569631
4040.9423506184635,-5316.967110448201
4044.0678993285865,-5316.2542917508945
4046.855186762276,-5315.633582320928
4052.9269443140747,-5314.5988290471505
4057.2205188348003,-5313.907557661442
4063.3685372645955,-5313.553247641195
4065.4876521347032,-5313.515344686262
4072.2006202856337,-5313.697335390303
4076.8988941507755,-5313.464525801875
4077.869330312461,-5313.356186475404
4079.995703126334,-5313.10850682446
4082.2160032143815,-5312.864776729605
4085.2511411747887,-5312.182007231837
4090.0680427147604,-5310.356262144345
4092.570908994191,-5309.418960051925
4094.757373848473,-5308.930359695092
4098.2262745532125,-5308.726192482192
4100.335879321716,-5308.709133262677
4103.2499424559355,-5309.170621074223
4106.604782190806,-5309.714810365772
4114.24417583812,-5310.937646922871
4116.6271756622245,-5311.232279861662
4118.617665075428,-5311.46523658964
4119.410021386871,-5311.560854665291
4125.121197587002,-5311.740245397018
4127.248688492653,-5311.572453099955
4128.309543020484,-5311.464069839638
4132.133383068081,-5310.736059955561
4134.121190737923,-5310.362545718455
4138.355610419747,-5309.3923676186005
4140.472192689699,-5308.904784433307
4144.643994521123,-5307.935827522797
4151.308975286049,-5305.847515152486
4157.112891493307,-5303.4848642458
4163.512694049594,-5300.7950768550945
4166.381377917271,-5299.226091279328
4170.793356424212,-5296.682094856445
4175.458933277505,-5293.469473907862
4181.609513322138,-5287.912122296404
4184.179000396621,-5285.082245077323
4189.330165423621,-5279.4362484820795
4192.066970113594,-5276.437422490328
4200.819621880655,-5265.689822851556
4209.622923288931,-5252.444199068419
4210.990885728663,-5249.765560361993
4214.088682765596,-5243.722853583495
4219.065620487331,-5233.824252841762
4220.498184192683,-5230.163463674573
4221.409606837899,-5227.446122120346
4221.993261947361,-5223.8006678473075
4220.739547267111,-5223.31155478398
4220.48399365529,-5222.563256374472
4220.228465862877,-5222.063829677341
4220.220738327262,-5220.816781196641
4219.217488450588,-5220.323568003782
4217.71339184288,-5219.834664240522
4217.211182517935,-5219.587908157144
4216.9555458383775,-5218.839709429318
4216.454698562862,-5218.842921672786
4215.952185912823,-5218.094731501972
4215.696634077897,-5217.349325656136
4215.690292919931,-5216.596927840064
4215.9356965854095,-5216.095286262021
4215.935587038244,-5215.845516841194
4215.929247560402,-5215.097009198377
4216.172119970381,-5214.344502027365
4215.424397466838,-5214.348820021253
4214.417558537138,-5213.855707645238
4214.164428114168,-5213.110300686726
4214.159365418677,-5212.607671773711
4214.156725673115,-5212.109131468777
4213.90361956779,-5211.609504038777
4213.647983356704,-5210.861305213744
4213.89600196016,-5210.611327226093
4212.892863433326,-5210.368980015614
4212.391823649906,-5210.122422661077
4212.138910674827,-5209.872664315848
4212.136271001257,-5209.374024261286
4212.131099434181,-5208.622723149879
4212.628330149759,-5208.369643496412
4212.6231598221575,-5207.6212350781525
4212.617987746259,-5206.868836735458
4212.86475395467,-5206.618859322722
4212.611648540569,-5206.120329081252
4212.841268203399,-5205.417801637227
4212.673689541035,-5204.8073164286625
4211.9434505009085,-5203.554599769352
4207.18754856764,-5195.788693111101
4205.775016307131,-5192.757564901209
4205.142138409964,-5190.959282212671
4204.247244226703,-5190.429013434555
4203.4855939180825,-5188.935517707237
4202.978215782214,-5187.937559483486
4203.222232020783,-5186.936180362752
4202.716216857413,-5186.190983444439
4201.958458545146,-5185.196027366299
4201.705353856939,-5184.6965990897415
4201.921845953378,-5184.13891201053
4201.190359826563,-5182.700364155435
4201.932716804356,-5181.695774706247
4202.67788021757,-5181.190822675468
4203.926418836497,-5180.931529672427
4203.931479193515,-5181.430068936722
4204.428541784017,-5181.177089517599
4205.176235062026,-5180.921007942735
4205.930075860342,-5181.167455020317
4206.429945126159,-5181.41401323273
4207.427825808566,-5180.905060024509
4208.670025376956,-5179.897258710803
4209.415187860539,-5179.391308676171
4209.913502528163,-5179.138328425766
4209.663011538435,-5178.888469198161
4210.160074283808,-5178.636486961486
4211.160762338722,-5178.629066056757
4211.917241499463,-5179.371260052725
4212.170346578389,-5179.870688063994
4211.925053129742,-5180.622198753033
4211.933840703922,-5181.623467289851
4212.436157315856,-5182.119893347127
4212.691792681238,-5182.868092228785
4212.197202959372,-5183.619811967472
4211.700167744875,-5184.125653454675
4211.201852874824,-5184.378633796035
4211.461104228724,-5185.3768001066765
4211.719296238565,-5186.624736351554
4211.474002583638,-5187.376247021443
4212.227844048996,-5187.622693609889
4213.231089720027,-5188.114910077197
4213.73729881618,-5189.109975575781
4213.742387005774,-5189.861276746814
4213.496983110968,-5190.361122824684
4213.250327645954,-5190.862764900829
4213.7525353283,-5191.109421452958
4214.759675269548,-5192.104167455942
4215.393292943991,-5192.729410420353
4216.388709762756,-5192.121507157635
4217.174795455492,-5191.455642220064
4218.352814777911,-5189.9272820165115
4220.7949064669865,-5184.728131628152
4222.358455013625,-5180.876366320792
4223.58014885946,-5177.095771734257
4225.370019119315,-5173.025158617348
4225.119527929783,-5172.775399536328
4224.614790462292,-5172.280072426857
4224.608255757821,-5171.278802896151
4224.106132371933,-5171.032246615142
4223.602563848771,-5170.536819196497
4223.594750668649,-5169.2857807377395
4223.9156777468,-5167.951707012586
4223.083563248282,-5167.791079189397
4222.577739484253,-5167.292760001665
4222.5713160734085,-5166.544352100574
4221.818535135989,-5166.048136364086
4221.312519584249,-5165.302840653362
4221.307348598607,-5164.554432199636
4221.552640408608,-5163.801824018867
4220.7987748266105,-5163.306606162169
4220.296375753354,-5162.811277792592
4220.039571012567,-5162.061982372457
4220.282332487031,-5161.060603327057
4220.776919101945,-5160.305890703514
4220.024249701331,-5160.062436706673
4220.017908674457,-5159.311036309675
4219.51559333323,-5158.81570786609
4219.009577912143,-5158.069414547238
4219.0069378823755,-5157.570774456351
4219.2485292068295,-5156.566403501482
4218.4983909113125,-5156.572717765337
4217.994823039429,-5156.0763923097775
4217.739187936339,-5155.328093786931
4217.736548025816,-5154.829553441047
4218.228603744723,-5153.825072559849
4219.226565700011,-5153.31901075663
4219.723792096333,-5153.063038020204
4220.471399198059,-5152.806755776905
4221.472001514945,-5152.800331319811
4221.972955095048,-5153.04698800691
4221.71740280851,-5152.297692067928
4221.466830565255,-5152.052022593567
4220.707820673574,-5151.0570685017
4220.452268538787,-5150.307772521539
4220.191462448819,-5148.8109658361545
4219.938441271675,-5148.311537977924
4219.436236148971,-5148.065978961206
4218.932642878971,-5147.320682051042
4218.679647936098,-5147.071023640422
4218.426652959733,-5146.821265475435
4218.173550184523,-5146.325827530067
4218.165930817093,-5145.3245584336355
4218.163290407531,-5144.824920853981
4217.662363509792,-5144.828133199762
4217.1576018025935,-5144.083036199406
4217.153791248225,-5143.580306940291
4217.6494639100165,-5142.828686172237
4217.643123109124,-5142.07738550141
4217.888524241529,-5141.574546837689
4218.636022729347,-5141.072684711029
4219.38615932389,-5141.065273209874
4219.8870860256675,-5141.0620607679675
4220.409863383327,-5141.576432131839
4221.568040854991,-5141.268200133754
4222.887789744359,-5141.390509973123
4224.613577564285,-5142.166091579965
4226.339310367666,-5142.8158904205475
4227.669800922662,-5142.87325880256
4228.268136243148,-5142.630208386352
4232.0503363517255,-5140.2224171173
4234.120566343777,-5138.655657768945
4236.020112685877,-5137.3917090178675
4237.7318426171005,-5136.389781505957
4240.50564582154,-5135.44035131012
4241.529986162902,-5134.743457220857
4242.839289387234,-5133.14301771751
4243.941255853543,-5130.894306299404
4245.810506441799,-5123.8008844442265
4245.898194001047,-5123.480155218396
4246.775856203082,-5120.353159858685
4247.335100332725,-5118.937984373974
4248.506881985235,-5116.5502922694495
4251.307464598142,-5111.040259358837
4252.078054378767,-5108.392999957325
4252.3657136112115,-5105.284219789124
4252.119774142923,-5104.563947075836
4251.369638601674,-5104.567271463122
4250.869855626815,-5104.320615782675
4250.363868059558,-5103.825190782552
4250.354966141935,-5102.5742524508
4249.850037053566,-5101.828957702287
4249.599464963121,-5101.58229146252
4249.0909178119055,-5100.58433605787
4249.085828139488,-5099.835827754826
4248.331882172263,-5099.339514817658
4248.078887714221,-5099.089857165156
4247.826953486295,-5098.5944194543345
4247.573932543221,-5098.095790271358
4247.070476578564,-5097.8492357549985
4246.564546188168,-5097.104041018761
4246.559371458052,-5096.351542818456
4246.055805715267,-5095.856216270567
4245.553602232524,-5095.609661122151
4245.047588582773,-5094.8644663392115
4245.044945949301,-5094.362933513075
4245.536803183547,-5093.111574410535
4246.034025762487,-5092.8556002816185
4246.028852838071,-5092.107092006541
4246.771281207742,-5091.101601187161
4247.518856374507,-5090.59664454491
4248.0161069844435,-5090.593432260519
4247.513681618561,-5089.844246086574
4247.757911511193,-5089.342504371006
4248.252493139804,-5088.5897852166345
4248.750802516615,-5088.337800395327
4248.994837961911,-5087.585291736612
4249.238957303257,-5086.833780514368
4249.832082251514,-5085.767309568019
4250.231819577819,-5085.57621467623
4250.726426558048,-5085.070471946928
4250.72125331494,-5084.322063412577
4251.463652681138,-5083.064707994255
4252.9614979368735,-5083.055067771992
4253.9672664111495,-5083.796948707467
4255.218239229661,-5083.787417424873
4255.724254412906,-5084.535604133464
4255.973546799273,-5084.532501269041
4257.474982238957,-5084.522858746345
4258.483393322867,-5085.763479089111
4258.984427799872,-5086.010034081617
4260.231589530237,-5085.500964801507
4261.23485420119,-5086.2428460847095
4261.751613062176,-5086.742255676618
4262.592198150904,-5087.003721847211
4263.2475635515875,-5087.729897285148
4263.995164465562,-5087.473711384274
4264.998291962262,-5087.717150526817
4265.4992432140225,-5087.963705217674
4266.001446379279,-5088.209261847174
4266.2545519080295,-5088.7087882494
4266.757924396304,-5088.955341798409
4267.2603220563005,-5089.450767535362
4267.758630492364,-5089.197684499835
4268.5036710132445,-5088.4399653810115
4269.00081058789,-5088.186982549256
4269.500482202701,-5088.183768083401
4270.457866671352,-5088.633007544848
4272.690665461372,-5086.7714115329945
4272.821858552438,-5086.660433183376
4278.72448519343,-5081.724658949902
4281.232741359801,-5079.755010703737
4283.439197827882,-5078.179202532543
4284.78246189582,-5077.3192727559535
4283.918982150959,-5076.827101120467
4283.1624763379605,-5075.832150733938
4283.654355577405,-5074.830758650428
4284.399505918229,-5074.3247029711465
4285.150695226732,-5074.068613558897
4285.648028451215,-5074.065399296063
4286.395516323852,-5073.559442173601
4286.639548848754,-5072.807830273911
4285.63132860676,-5071.813092116604
4286.125795436166,-5070.811598996493
4287.118790680521,-5070.053867552139
4288.119272858108,-5069.797566921877
4288.113037538205,-5069.294938463626
4288.363388197473,-5069.044957457711
4289.059096320712,-5068.687947310643
4289.597854615235,-5067.035976137071
4290.817691512031,-5067.22934199017
4291.840538803705,-5066.0177423486
4292.588221239085,-5065.762651404549
4292.583044299389,-5065.013245391387
4293.822602421832,-5063.752672088688
4294.825728155094,-5063.996008376388
4294.572705270761,-5063.49648267283
4295.568233139514,-5062.991411437533
4296.069155749363,-5062.9881950299505
4295.809815443658,-5061.990130608574
4297.055608044819,-5061.231088115204
4298.05619944266,-5061.221663232451
4298.05355489633,-5060.72202561393
4299.301018192194,-5060.7124901598745
4299.553929526535,-5060.962246262571
4300.304143791763,-5060.955925629838
4301.3046525129785,-5060.948395658876
4301.808136276211,-5061.444816608835
4302.3028240852145,-5060.941963856932
4303.556522199484,-5061.432063867915
4303.561617437995,-5062.18356462911
4303.564150399534,-5062.433333022021
4305.065777254248,-5062.67245502117
4305.309891533149,-5061.920842598181
4306.057293977496,-5061.414983714314
4306.806227497407,-5061.158793873286
4307.5537417382875,-5060.902704350143
4308.795915285057,-5059.894889913743
4307.539571170177,-5058.903158001561
4307.783685203285,-5058.151645257431
4308.531307942017,-5057.765683440195
4309.519067961451,-5056.138446819796
4310.766335156181,-5055.879140441109
4311.269790550341,-5056.125691627118
4311.76701080818,-5055.872706533047
4312.764984852542,-5055.613312261266
4313.5214635367865,-5056.358490834554
4314.271677436471,-5056.3521691063515
4314.527234401828,-5057.101462693549
4315.029549323997,-5057.59678624413
4316.033843825921,-5057.840219549721
4316.53624240198,-5058.335642731489
4317.039727655296,-5058.833958101789
4317.295283557401,-5059.580259162692
4317.553486852319,-5060.830187756142
4319.304210286,-5060.817431100898
4319.306855936028,-5061.317068719944
4320.3137961915945,-5062.0591417053465
4320.316329137031,-5062.307912614367
4320.8223487091855,-5063.057093399048
4320.9545987533,-5065.299274020316
4321.630032878927,-5065.161118205736
4323.7332996254,-5064.72247679826
4327.294672774349,-5064.098344893978
4330.077130528323,-5063.70837254654
4332.913788464108,-5063.356379024052
4335.517998875033,-5063.148326479489
4338.813565498769,-5062.935073387036
4343.486471960503,-5062.831019403997
4347.430964228286,-5062.940155457786
4349.350390716027,-5063.056191687061
4354.990581247962,-5063.872968699603
4360.0505501564885,-5064.905860855564
4361.937582209193,-5065.385691008893
4365.626015595994,-5066.404240543707
4370.031100490632,-5067.7791623577305
4375.6864228356035,-5069.9149907114
4385.369075758999,-5074.1992506510205
4390.582662366094,-5076.67700920733
4391.0512596971275,-5077.0035702127225
4394.861789577369,-5079.001280917139
4396.586392714613,-5079.918773956468
4398.011240428578,-5080.758400793307
4402.837434170709,-5083.926787117702
4405.194508522865,-5085.685364926467
4405.341497400536,-5085.796217548822
4406.303940596013,-5086.522142692649
4406.360481816085,-5086.56610572398
4411.372487274371,-5090.562811415254
4415.992937158647,-5094.1899278277015
4420.120831557563,-5097.49338616753
4422.744285057738,-5099.53562074846
4424.389615312846,-5100.889842921299
4424.420934658819,-5100.914765550957
4431.986491915952,-5106.863753129118
4437.171903249382,-5110.999214774108
4437.187604471787,-5111.01117730854
4440.626452221844,-5113.69361337402
4440.682993260385,-5113.736478968683
4445.525110308919,-5117.51130546305
4448.137861658033,-5119.676527550404
4451.876656822633,-5122.653377145584
4456.899575221259,-5126.69703525605
4457.767910110681,-5127.368137348915
4457.788453679206,-5127.38009760324
4459.600105638716,-5128.92305989047
4461.744214942079,-5130.662770411102
4471.076407309267,-5137.113437918098
4471.107641556619,-5137.134370502767
4475.884560720283,-5140.333764540685
4477.300848334394,-5141.223357400111
4478.030728571905,-5141.641760220159
4479.235233698375,-5142.408561702802
4482.142755687037,-5144.129857299237
4483.754142996913,-5144.991528438943
4489.026809164128,-5147.626009985126
4489.060545791426,-5147.641953932207
4493.08191558403,-5149.605612620435
4501.134185174662,-5153.54878043155
4507.845985461184,-5156.623264893347
4511.160264181023,-5157.973696518294
4511.196337138721,-5157.9866468451855
4514.373233672236,-5159.063333053229
4519.57781148744,-5160.323898057095
4520.748340704934,-5160.554164725879
4522.550276284856,-5159.333196746938
4523.301465894805,-5159.077088747062
4524.298395194161,-5159.07063448245
4524.796748989928,-5158.56587340572
4525.791021783802,-5158.059681742409
4526.791624445682,-5158.053225489828
4528.045145019428,-5158.292429505939
4528.539707369248,-5157.537800775386
4529.282312399259,-5156.78195787012
4530.0335016376675,-5156.525849343654
4530.781303474585,-5156.522504305187
4531.27569855381,-5155.767875509858
4532.02326339635,-5155.26199903943
4534.15326105252,-5155.186980968717
4534.774723969194,-5155.492515669934
4535.531345056407,-5156.486348872227
4536.042498347143,-5157.98392657452
4536.542139121867,-5157.730928741772
4537.289772662007,-5157.724590823846
4538.043785730933,-5157.968019338267
4538.7990375591,-5158.71308091102
4539.305196752858,-5159.711121800174
4539.560857020927,-5160.459411771497
4539.821629616209,-5161.95611007067
4540.093965091913,-5164.954611810975
4540.382338832251,-5168.854530443139
4549.649401793478,-5172.45145588126
4554.204179912351,-5174.193993834061
4557.649622765984,-5175.52629280036
4562.28983363323,-5177.313673084861
4566.824011832335,-5179.092223923475
4579.039238319221,-5183.744750937595
4579.671529856814,-5183.99122663026
4580.477758074794,-5182.899696777157
4580.974774349802,-5182.394933440351
4581.972922734572,-5182.138603370397
4582.220727045763,-5181.635854024709
4582.715239876705,-5181.133984487306
4583.216049473578,-5180.8809836787395
4583.713386716539,-5180.874761539375
4584.216771690482,-5181.120300949779
4584.463408975266,-5180.621641774757
4584.9605434772275,-5180.365450687626
4585.711853665686,-5180.362099695818
4586.211732733212,-5180.60883764982
4586.4646527212235,-5180.8544964900975
4586.712577327318,-5180.604409156296
4587.209795834558,-5180.349414888315
4587.460260865509,-5180.349295308362
4588.212857201445,-5180.591723072209
4588.4659819529825,-5181.091340671271
4588.96311790883,-5180.838341318395
4589.464046568615,-5180.835109610657
4589.717050130601,-5181.080768324745
4589.966382121892,-5181.330418711452
4590.221844613833,-5181.82993539902
4590.472427058789,-5182.0755952441
4590.727973045036,-5182.57501213136
4590.730632398396,-5183.073751855617
4590.483997282307,-5183.5764011125
4590.737002894156,-5183.826149470249
4590.99004237928,-5184.321577622863
4590.9951248131065,-5184.824306110878
4590.747318924973,-5185.322966010735
4591.000324543207,-5185.572614612704
4591.002983867025,-5186.07125458723
4590.75634874318,-5186.574003597213
4590.508425470918,-5186.826983727832
4590.761429215496,-5187.072642413774
4591.0145541750035,-5187.572060446566
4591.019724925408,-5188.434480893134
4594.032865729442,-5189.573062854366
4602.084820859464,-5192.702898993583
4609.55632094914,-5195.558001086722
4620.322917248484,-5199.733675782492
4624.598238841825,-5201.380356924755
4642.53528327752,-5208.359367321028
4656.119827422042,-5213.590771249669
4660.207268225116,-5215.147554694767
4661.198372834059,-5215.513848059021
4663.281916466309,-5216.375160212239
4667.185134617926,-5218.003050812603
4670.1743538482515,-5219.357475571917
4673.00586969319,-5220.72414538102
4676.173403790153,-5222.38331202418
4680.262377545354,-5224.673534650483
4680.287681918756,-5224.688484554529
4684.329721181051,-5227.117677534324
4684.347844074683,-5227.1296384819025
4686.34832767193,-5228.175919270963
4687.301509586206,-5227.12919552727
4688.041810754038,-5224.403015482408
4689.169817953395,-5221.474556323803
4691.739202364849,-5218.605641218373
4693.678323039128,-5217.091813297934
4700.5831338660955,-5213.601041462417
4702.698435221386,-5212.985557513585
4705.437688108922,-5212.795293350335
4712.167290782951,-5212.795985305919
4716.862447988081,-5216.041283298218
4718.760108761279,-5218.51739845534
4720.254786913734,-5221.877081208121
4721.140255728324,-5225.251127572549
4721.401260303204,-5229.538675416281
4721.303858728207,-5229.939411763428
4720.0199774573275,-5238.970046888402
4718.384617792988,-5240.882524184559
4714.342510775379,-5243.451527969051
4713.053641934563,-5244.881053086924
4712.932796753635,-5248.892984580943
4717.128614271529,-5252.968731381283
4731.037952422161,-5266.854321737526
4741.446667263221,-5277.774709735334
4753.668479136464,-5290.591898680515
4755.776562495522,-5289.872369342515
4756.5278797055,-5289.866012553582
4757.025016860717,-5289.613004544879
4757.772620343214,-5289.356780295057
4758.273554607265,-5289.353539794154
4758.773443722237,-5289.600168988323
4759.026370986179,-5289.845823245154
4759.523508571035,-5289.593812585245
4760.521579855666,-5289.33746405683
4761.0225141162555,-5289.334223414538
4761.52720192723,-5289.8296220543025
4762.274888789506,-5289.573397419203
4763.0263312184115,-5289.819801963347
4763.52864117564,-5290.065432224051
4763.781776380595,-5290.561952938892
4763.784362634221,-5291.063485528738
4763.540237025852,-5291.563245214234
4764.039960895699,-5291.81286665998
4764.292971846896,-5292.058520733806
4764.295640671768,-5292.558158065538
4764.051432505457,-5293.059813021455
4764.304569301208,-5293.559326162212
4764.30978261629,-5294.307734203157
4764.065698747237,-5295.060255782824
4764.318627763585,-5295.308902339981
4764.568050841847,-5295.5587476100745
4764.8211857127335,-5296.054171065421
4764.823730709322,-5296.303939256855
4764.57964681944,-5297.056460838959
4764.832659396481,-5297.305107347348
4765.088257913113,-5298.054488443021
4764.840543141641,-5298.556244902232
4765.34397974506,-5299.052541695516
4765.59699244369,-5299.301287924768
4765.852589045732,-5300.046579326245
4765.8772533230995,-5303.4848869530115
4770.446793691721,-5308.356914049331
4778.808824488078,-5317.208003405604
4802.344616478598,-5342.115159762733
4809.017648794948,-5349.182272327816
4809.770606959555,-5349.943373029193
4832.578685654879,-5373.839571543842
4833.864036187672,-5375.0440824300385
4835.3602721548,-5376.559102832808
4842.132886027804,-5382.492105011481
4843.703569301436,-5383.619465191566
4846.884759693046,-5385.870075010929
4849.196220396742,-5387.430765639951
4851.205309302393,-5388.717799650407
4854.727242911517,-5390.8353702541835
4859.877377868968,-5393.726560997647
4862.811293968874,-5395.184891115484
4865.428545330821,-5396.338749774846
4865.744037122401,-5396.468462135879
4874.317871825142,-5395.259058993635
4878.0698262678,-5395.233215413316
4878.327550887199,-5395.214032668689
4880.717627448712,-5395.052922622914
4882.316580157008,-5394.950167676999
4883.714548596068,-5394.801630465692
4900.699786975014,-5392.645703711079
4903.577380899635,-5392.194570886242
4909.110914055419,-5391.153466684005
4912.045010814171,-5390.5014096298655
4914.531241305364,-5389.96469014871
4916.299872744205,-5389.589929245208
4918.438079294765,-5389.145254879098
4920.773807990182,-5388.670454686892
4923.179415660869,-5388.191628194154
4931.286299575311,-5387.354972850633
4936.7537826915695,-5386.794672800976
4940.004573125236,-5386.016562296773
4940.776292728524,-5385.893275760691
4946.497731217093,-5384.9690579975595
4951.536757103786,-5384.602681038967
4956.89236067604,-5384.042327436432
4959.399070872325,-5383.723236283499
4970.00504375059,-5381.567484952602
4973.379730564427,-5380.792291506687
4975.496454659783,-5380.468510343847
4978.373967243699,-5380.035309807878
4980.501465316113,-5379.719402063251
4983.247821366745,-5379.2994348119655
4985.365535248171,-5378.792613054097
4990.357006358397,-5377.376091634298
4992.394236699382,-5377.033296122655
4995.351401839944,-5376.770020006157
4997.471692655273,-5376.565032215829
5005.183470211184,-5375.538898700293
5010.596584982316,-5374.487823918531
5020.270387933533,-5372.206521161595
5021.408123485981,-5371.919150658366
5025.430484152696,-5370.918768036941
5028.0551498697505,-5370.260952216794
5045.190543452164,-5365.143866222902
5044.855409491774,-5364.4975742542465
5044.85280955317,-5363.997937004678
5045.096920807967,-5363.49517777684
5045.841922960724,-5362.740391116218
5046.589393308641,-5362.234375061855
5046.333819408755,-5361.735967900489
5046.331135911794,-5361.236330692508
5046.325982471391,-5360.484830632941
5046.820432726197,-5359.733267674424
5047.818585512991,-5359.473797088756
5048.819256045048,-5359.716158161958
5049.313706000712,-5358.964495325381
5049.810789694964,-5358.458610584183
5050.309175039535,-5358.205586767668
5051.30971472487,-5358.199075938653
5052.065105503377,-5358.943997182198
5052.32349482607,-5360.1920102641025
5052.821880089644,-5359.938786814823
5053.571950243923,-5359.932407466797
5054.324789418335,-5360.42875741312
5054.830831872549,-5360.924040153126
5055.086668938316,-5361.92208556938
5055.089054616029,-5362.172053244339
5056.8732244452,-5361.517564381459
5062.610871272034,-5359.39519353965
5064.009805778522,-5358.8767633267025
5064.063847530795,-5358.604921061859
5064.309078983379,-5357.85348854124
5064.8036094898,-5357.098732669937
5065.300742030776,-5356.845708735471
5064.798372226684,-5356.349327372767
5064.542797537706,-5355.850920690004
5064.540113043338,-5355.351183734619
5064.7841754690035,-5354.599652067266
5065.278705822423,-5353.844995917189
5065.777046838685,-5353.509080580584
5065.765445889611,-5352.091066590305
5066.006955292363,-5351.089766794635
5066.5051251739005,-5350.58787054055
5067.2528086477705,-5350.33162219506
5068.253347502903,-5350.325109600871
5068.74532394202,-5349.319687696214
5069.242408166668,-5348.8176921224585
5070.2404758221455,-5348.558418741906
5070.74124610501,-5348.555162042669
5071.491615164636,-5348.800545534676
5073.131887081519,-5349.333332408674
5072.991920687157,-5348.787783768431
5072.989236386115,-5348.289243790642
5073.237234623826,-5348.036251223116
5073.7342829786785,-5347.783226884862
5074.234051333378,-5347.779970531945
5073.9820658092085,-5347.280365223523
5073.978344439644,-5347.031595227672
5074.226127343148,-5346.528933054127
5074.723342520024,-5346.275808834769
5075.470858512489,-5346.019659677636
5076.469010734629,-5345.763278308313
5077.461840162487,-5344.755596351362
5078.211860555991,-5344.49924616721
5078.712929660904,-5344.745957830999
5079.215300568136,-5345.244233683848
5079.468238013157,-5345.49087697251
5080.215788798621,-5344.984957992733
5080.963304441281,-5344.728608911396
5081.713674094289,-5344.975188588031
5082.2172124511935,-5345.4704712220355
5082.7142958786535,-5344.968674444776
5083.463063800456,-5344.712324512701
5084.215769642196,-5344.955910314042
5084.715585952747,-5345.201425344954
5084.959167992894,-5345.912700462327
5085.219210071252,-5345.70069770667
5085.9691469437175,-5345.444546456167
5086.4700840260975,-5345.441288842268
5086.719514564062,-5345.686936317731
5086.972586028953,-5346.186440971469
5087.222921562779,-5345.933446803177
5087.723858670357,-5345.930189123508
5087.973291417151,-5346.179926236097
5087.979483069162,-5346.6784643601795
5087.982168782881,-5347.178201314886
5092.658118305464,-5347.844136717915
5094.788271573603,-5348.147738177091
5101.245201812278,-5349.080648515103
5107.246428050704,-5349.0373618230515
5115.982291234909,-5346.975408321135
5137.942179069191,-5341.313056377323
5169.381449342375,-5332.829667832429
5187.605230123916,-5327.695682394465
5198.869966785181,-5323.9525283770345
5210.25389609854,-5320.169297475036
5213.793300039683,-5318.9932417137925
5218.6221040957535,-5317.487814159407
5225.965841080248,-5315.175550078665
5258.694889591115,-5304.9135548081795
5267.603688251771,-5301.969993629995
5291.6175494373165,-5294.170754440724
5295.359172336429,-5292.892614550903
5312.571119997882,-5287.516261891004
5314.31420615507,-5286.7549175310805
5315.562728566612,-5286.495480107707
5317.060326448552,-5285.982943287091
5324.291923818389,-5283.430871308548
5324.542389878275,-5283.427740071882
5326.526899351762,-5281.414220405349
5328.514968384313,-5279.6484728547875
5330.760375693555,-5279.132626455266
5333.258726631845,-5278.866408613156
5335.766202109673,-5279.847336698156
5339.154515409304,-5279.822512433211
5342.517531348947,-5279.797501549904
5351.246851089168,-5276.982837117112
5353.240481078071,-5276.217356210854
5363.719163461807,-5273.139766882888
5376.996626280866,-5268.683775988166
5378.186040178875,-5268.285514006889
5379.631880979358,-5267.795040734988
5380.988648871739,-5267.322671547436
5381.924052034025,-5267.0083398392335
5382.174517647033,-5267.005207101201
5405.365398130755,-5258.583615528881
5407.2987583745635,-5257.8491789675
5409.852098040234,-5256.800485407249
5427.844728309894,-5250.280371937759
5432.003837156454,-5248.398466277945
5437.7145417069305,-5245.847168428963
5438.273188254456,-5245.590998135052
5459.870719953165,-5236.822454108702
5465.762108506648,-5234.321110452179
5466.189466062729,-5234.135934183112
5494.105618080249,-5222.431019442165
5522.780132618666,-5210.469733314152
5544.214815529373,-5201.312473691842
5552.3739800179665,-5197.690493334642
5562.500206834244,-5193.196166612346
5579.354243020427,-5185.8009376740465
5613.24266025704,-5170.303170369514
5642.144517569908,-5156.590713110774
5689.734564050387,-5134.228824953543
5709.994631153249,-5124.459236090318
5722.372580308127,-5118.487427438952
5724.674086546695,-5117.3609962948885
5732.645158878426,-5113.42217398532
5748.3404898608205,-5105.676823498085
5754.259104299112,-5102.752453317204
5771.590451356734,-5094.635320615346
5779.175162313391,-5091.069450719396
5782.801963487046,-5089.2926479285525
5798.3576195980395,-5081.679066849685
5811.590142983996,-5075.330975194908
5820.0369165895445,-5071.767543894203
5823.524030349801,-5069.993802723532
5827.2591819873205,-5068.216917412413
5831.248382447294,-5066.436884006731
5835.483047668892,-5064.4038381085775
5840.2173144368435,-5062.1207171020405
5845.199532596359,-5059.83145802161
5850.433227614543,-5057.2932711458
5855.426379429852,-5055.006892782478
5860.159301102439,-5052.723862482065
5863.895689684932,-5050.943869910208
5867.633247576108,-5049.166967364249
5871.372056407306,-5047.39006259442
5875.617474595053,-5045.356992360823
5879.094883954447,-5043.583137119531
5884.324971297812,-5041.045033659576
5886.704781762795,-5039.8325326046415
5888.289958052793,-5039.024099327671
5889.8066973274335,-5038.252714333417
5897.249001727345,-5034.459112922317
5900.7650503038285,-5032.673256302715
5906.245432894646,-5029.884020576355
5909.980398244508,-5027.854341056827
5910.478660944232,-5027.602270015746
5912.220329439117,-5026.589851113904
5914.710647208518,-5025.0695517828135
5918.943956393187,-5022.790690120524
5921.614764720319,-5021.260203233674
5922.92922320598,-5020.510982011459
5927.158699142003,-5017.979357044455
5929.152075442566,-5016.963887069895
5931.642460469356,-5015.696245569589
5932.139313052724,-5015.19041476141
5937.366724549025,-5012.152445524835
5942.5978771613245,-5009.364340445416
5947.577399266149,-5006.579380723537
5948.5548044404195,-5006.079236468529
5949.073596521889,-5005.817076133173
5951.563976096258,-5004.549529193886
5952.5580014073375,-5003.790527553683
5956.293032728591,-5001.764720067487
5959.525734041452,-4999.488455643332
5963.011388527269,-4997.46479517134
5966.746329910045,-4995.436090961534
5969.984025909922,-4993.412681677268
5970.48111574976,-4993.1595110098715
5971.587258236602,-4992.5303099229
5972.7211125915865,-4991.892114136514
5975.709672013594,-4990.121619824709
5981.187430816095,-4987.080578199778
5986.9118986458325,-4983.7865179196815
5988.58483612478,-4982.765250324584
5992.251206357508,-4980.708449877827
5992.639954267314,-4980.495344669588
5998.365584988957,-4977.20436899434
6003.34507246501,-4974.4164875204715
6008.075183907322,-4971.6305548647215
6011.310442631191,-4969.608030827234
6011.929214814127,-4969.292937956867
6012.80546026866,-4968.84571699768
6013.8008875444675,-4968.339569891297
6017.538227936067,-4966.31074457247
6022.015536142119,-4963.527955792713
6026.4965159104695,-4960.74635958731
6031.8319995349675,-4957.335711162177
6033.713148999878,-4956.191315357573
6035.706345001117,-4954.9270511507075
6040.433860089854,-4951.892431714409
6044.910998494615,-4948.860860168969
6051.370420526403,-4944.4822348631205
6051.628033829201,-4944.309109143375
6054.612817304655,-4942.289820376763
6059.342822273148,-4939.251200073563
6064.067911043754,-4935.967698573603
6068.547455734078,-4932.936214155126
6072.277191212557,-4930.4067357433105
6076.009430018402,-4927.878351523727
6079.744080858087,-4925.602726387833
6083.473894097642,-4923.073343295858
6087.208541303121,-4920.797715242181
6091.689480377747,-4918.013095987312
6096.668911252101,-4915.226961349096
6101.39896720331,-4912.442079715541
6106.129187387585,-4909.657195635973
6110.8593213359945,-4906.8723092610735
6115.339154960756,-4904.339444210576
6119.569622286683,-4901.55786398694
6123.552211655631,-4899.029301713624
6127.284501790885,-4896.752661989326
6131.016629500533,-4894.224156576416
6134.310809149763,-4892.120657394321
6136.7491292607065,-4890.470361365681
6139.914456540672,-4888.318065901527
6142.355280289044,-4886.930603493359
6144.095645779103,-4885.786275932356
6146.220256354042,-4884.971569745039
6150.817746148124,-4881.985955180806
6154.811256709652,-4879.589140310224
6159.162132590953,-4876.746618963049
6166.508743664908,-4872.2432600606135
6170.128287887778,-4870.7162841247555
6173.7652847679465,-4869.977406616877
6175.085406305294,-4869.009299360386
6177.690930083684,-4867.091061330073
6182.675760193433,-4863.43367706601
6184.892591609973,-4861.805455869283
6228.71752597533,-4830.496188296656
6254.303402873239,-4812.212666513897
6256.543208350609,-4810.645260133476
6262.015414325888,-4806.806673332118
6264.7629936116155,-4804.885426180096
6274.949279539757,-4797.749171305962
6280.22727910271,-4793.263234845606
6285.632910068674,-4786.971468955366
6287.033865093371,-4784.409515377042
6286.122295172999,-4778.796378707812
6281.061282218481,-4770.632998155347
6278.463079012132,-4765.282802372817
6278.428993464627,-4760.901182081367
6280.270921429852,-4756.946953991422
6282.883221441647,-4754.490141676661
6287.259472545337,-4753.827743220296
6288.554890761529,-4751.765597229002
6291.866677741871,-4745.441283275125
6294.8660798114815,-4738.380631494746
6297.746753230213,-4730.159086269124
6299.081389515925,-4725.527696556899
6300.743585657349,-4722.885671075231
6303.451816318743,-4719.825312997428
6304.7909689603,-4718.394442902536
6306.734119532587,-4716.310722619675
6313.758779657544,-4705.81827489093
6317.717740569166,-4698.788006611637
6319.554965310229,-4693.056259207425
6320.7271702114995,-4690.396497982131
6322.679729630342,-4688.16194877562
6325.661952755931,-4686.138387152491
6325.734301257524,-4686.089462854991
6353.859815650329,-4667.363211268785
6355.138531769981,-4667.352390681531
6356.513894711351,-4667.931018386821
6362.964741753748,-4674.806487602983
6364.512563964142,-4675.732822228342
6366.134405354099,-4675.981517417514
6367.582929655923,-4675.971580135402
6368.612080380441,-4675.533202492473
6382.336889545632,-4661.261984234535
6382.670867031073,-4660.319539991909
6382.579771588159,-4659.040528142519
6381.704082563491,-4656.736924274395
6380.486734758799,-4652.984603505995
6380.299816057437,-4650.597551451649
6380.5304491139805,-4648.033368371522
6381.54125961311,-4645.376699157125
6383.571908780502,-4642.723342192283
6385.183204366168,-4641.4313289967695
6388.240339842997,-4639.8675376369565
6392.671448513076,-4638.554595873426
6405.7170198179765,-4635.039554507366
6419.767635295413,-4631.016304526007
6431.098152148947,-4626.8308689475
6433.4020757878525,-4625.874136740266
6435.2719318366035,-4625.8609146494
6436.981614548133,-4626.01956608308
6439.640794502035,-4627.107933220533
6443.588001765887,-4629.379547887964
6447.013469788982,-4631.324735624585
6448.809065682322,-4631.992043624601
6450.268465928463,-4632.150860694265
6451.716648914033,-4631.891141210162
6452.906049768872,-4631.53264501379
6454.606554972773,-4630.330433440341
6464.111963076477,-4622.830750932444
6475.146819455715,-4614.036093265648
6488.4880522571775,-4604.377441594682
6498.085081583193,-4597.137507580293
6508.029521733852,-4590.83655859745
6524.00982287751,-4581.14823934369
6538.12235456876,-4572.853950219844
6545.431645723048,-4568.947916618877
6550.963464978089,-4566.347198989855
6559.228829557311,-4562.616359136439
6562.789879233262,-4560.290689340828
6565.256779382264,-4558.302516275882
6573.385560012984,-4548.600524352127
6579.794941975321,-4540.527196610062
6557.7593384209695,-4477.062034837664
6563.4950117072985,-4475.01856405536
6585.549970058187,-4538.537763217547
6619.698491959315,-4534.119782761301
6652.9668197524725,-4529.816003505808
6656.649581209395,-4529.339847503837
6621.265456239125,-4341.0855379753775
6605.137235687585,-4255.4462245131035
6603.30957389373,-4244.959440100948
6587.972823058883,-4165.065247637194
6578.789751705097,-4115.091721567943
6567.137988460674,-4051.699324705245
6556.399499427041,-3996.1940883838965
6555.724044945008,-3992.7193153760927
6555.444997965233,-3991.2805354982415
6560.130267269759,-3990.6398450883034
6560.708182465324,-3995.8925000091317
6581.287458358193,-4105.6003492779155
6583.067387300809,-4115.088791176202
6609.384522832697,-4255.165504179676
6610.384941878885,-4254.909061060019
6611.924840837359,-4260.398849011888
6614.420463600286,-4259.87943709998
6613.382705179955,-4254.88595093764
6614.8749709534095,-4253.873774453403
6615.139890316113,-4255.624275416522
6677.306830140799,-4243.667322834338
6728.2347136121325,-4233.541445129479
6731.465750016758,-4229.518325278929
6725.999553346147,-4200.055689694973
6718.751058650197,-4166.354591779447
6717.707883278712,-4160.362838249393
6726.94176852892,-4158.046304217426
6721.202722611663,-4125.586116037522
6719.372547708937,-4114.994418053503
6713.911458575059,-4085.8865722114165
6705.917361364608,-4042.8321750365362
6701.932710855682,-4020.9697099872933
6717.136076039251,-4014.106376759402
6727.294443983279,-4035.78357074009
6727.390922199267,-4035.989383849354
6786.352874800006,-4009.0974400940904
6777.445396213052,-3987.410248290041
6799.449469119084,-3977.0526851608292
6832.576613434004,-3961.4541658315597
6831.980543502973,-3957.7603080056188
6831.88218942479,-3956.679304779762
6831.707441503223,-3954.7598708214173
6830.93212168495,-3951.267133400392
6829.89410614456,-3946.0238984611688
6828.861634298113,-3941.531964399909
6827.82782650465,-3937.0382356828304
6826.7981324724915,-3933.046038881912
6825.511120434429,-3928.055742743164
6824.23198725301,-3923.8138530934007
6823.204988259134,-3920.3212936862587
6822.176383131028,-3916.329095524342
6820.892233917604,-3911.837339161391
6819.613198765487,-3907.8453184869427
6818.580653169157,-3903.3545801246983
6816.5369737602105,-3897.369629756613
6814.7466778310145,-3892.1299190280665
6813.217218610016,-3888.1410675039524
6811.690442019894,-3884.401983833696
6810.416965576581,-3881.4111326598095
6808.643528731718,-3877.925085567594
6807.1142505124435,-3874.1850054076926
6805.584880769868,-3870.1961525077545
6804.059455517531,-3866.706836605093
6802.285031186505,-3863.469661265409
6801.017924404104,-3860.9784440592125
6799.496530284325,-3857.9908590640707
6798.227004036874,-3855.49954343738
6796.455097736386,-3852.5121352230353
6793.934493433106,-3849.531141382318
6791.4073589232885,-3846.048616445315
6788.633647703616,-3842.819127317967
6786.8659483002975,-3840.5801266919902
6784.850159831737,-3838.3452909065522
6782.081824184473,-3835.866003917881
6779.563918627216,-3833.3847439144356
6776.542382156606,-3830.405196194613
6773.518335476531,-3827.177774458616
6771.753333970188,-3825.441301649141
6768.984828116165,-3822.7103457030657
6765.966248183879,-3820.482197385273
6762.948745929623,-3818.0041775616633
6759.177011735256,-3814.781367320284
6755.907833672692,-3812.306614556099
6752.889259199411,-3810.0772651214843
6749.6213364918785,-3807.602509320583
6746.8581264173,-3805.6209531210156
6743.089609352984,-3803.399309172681
6739.8267158039,-3801.4230891119073
6736.060798058906,-3799.451410121469
6732.547645250842,-3797.475363067258
6728.528540896164,-3795.256881466021
6723.510047213805,-3792.543348074636
6717.486991931702,-3789.3370591512266
6713.9740212323595,-3787.61087495954
6710.964512008655,-3786.383977619685
6707.951323044098,-3784.9071123544236
6704.939210836283,-3783.177582624329
6701.932298475852,-3782.199453210752
6698.4221043240805,-3780.9757939489728
6693.161165156485,-3779.513657970152
6688.903357715826,-3778.286426428427
6684.142280706229,-3777.0697175510313
6679.637907470045,-3776.352467674337
6676.6364477158595,-3776.126728919634
6674.132167178641,-3775.8936614138756
6671.884499586505,-3775.9111825632203
6669.13614987332,-3776.180815843096
6664.136369632578,-3776.2182999750817
6660.638078203392,-3776.7413133194223
6657.395398555087,-3777.5169107545785
6655.146740373801,-3778.033170800409
6648.237245581332,-3779.236033671015
6647.658331208616,-3779.5881472691217
6642.93686072618,-3783.37147983461
6637.971578380818,-3788.1592456638955
6632.767833652361,-3794.4480880643946
6627.535390818038,-3801.014646982054
6627.830676306301,-3803.235740836168
6627.837291709863,-3804.234018471594
6627.351083969881,-3805.9900258809
6626.85951945456,-3807.241409698289
6625.124847943202,-3809.255030617108
6622.638891065606,-3811.274156628812
6620.904218009832,-3813.2878765211194
6619.921083339803,-3815.5438658541925
6619.685222669405,-3817.5464779040394
6619.947707506633,-3819.292991578957
6621.740648095956,-3825.0312797891215
6622.001884103597,-3826.7817841824817
6621.519266747957,-3828.7845663538046
6620.279091339723,-3830.2923204736144
6618.037113463894,-3831.559772498939
6616.544996575057,-3832.571052339206
6615.558927817485,-3834.328400851201
6615.069954510782,-3835.8316469772167
6615.087368512288,-3838.3306320441575
6615.357550137342,-3840.829642535152
6616.374177938295,-3843.3239494769905
6617.386441804101,-3844.8141917612966
6619.146405859822,-3846.301824036521
6620.907796085905,-3848.0412200018627
6621.939987878619,-3852.282309825314
6622.459603481845,-3855.0278259377187
6622.474172909848,-3857.030265290611
6622.235456531538,-3858.281474461854
6621.7438907796995,-3859.535950118927
6620.254534235438,-3861.0457711489325
6618.268335691926,-3863.059564000166
6617.526166291887,-3864.0642425730725
6617.034427562507,-3865.0688483241615
6616.789356637701,-3865.8215191509757
6616.548217724039,-3867.0716325977546
6616.5563417246585,-3868.3227713268016
6616.570820049068,-3870.0734457198255
6616.326916809536,-3870.8249187460738
6615.579561775334,-3871.3311579163665
6614.581686442108,-3871.5866025294026
6613.083209441723,-3872.0992438381204
6612.091862805232,-3873.1081831930364
6611.355048645447,-3874.8613696525476
6611.111316802388,-3875.8627121927625
6611.372463786857,-3877.363347040069
6612.137149452809,-3879.3562926860886
6612.8989873444525,-3880.849700189988
6612.907110811541,-3882.100739148493
6612.424662689581,-3884.356283046008
6610.9351276727375,-3885.6144374552805
6609.187304178565,-3886.130142443748
6601.933416641785,-3885.6814747618137
6600.182910800797,-3885.6956449550644
6598.434996744833,-3885.958785079182
6593.941462795366,-3886.9909749726125
6592.44397755559,-3887.250849899895
6591.193079188325,-3887.2606856345024
6589.437044051175,-3886.2725856567513
6587.9303554330645,-3885.284414105489
6585.668190161408,-3883.552337906747
6584.409427201795,-3882.5610033699054
6583.399499106741,-3881.0667661611446
6582.626954320466,-3878.0725490844065
6582.10877285778,-3875.577897185965
6581.341670840595,-3873.581958346163
6579.824190407199,-3871.092778823706
6572.766281341303,-3863.143772104947
6570.165013292372,-3860.272797359224
6567.970456828783,-3856.928836106518
6559.607306674434,-3841.73917656105
6556.051856745274,-3834.2642631041676
6554.283959976762,-3831.776447303395
6552.522670247721,-3830.0399317325396
6549.000519434094,-3827.315511187008
6545.976550130808,-3824.087918102474
6545.218403340115,-3822.8443724525064
6543.9529602898965,-3820.8517624804495
6541.161944715931,-3815.123116814567
6540.144342036095,-3812.8804677677585
6538.629726186895,-3810.8910191689342
6536.861921689626,-3808.4032000221987
6535.094118115604,-3805.9153805440787
6533.820484744684,-3802.6746227912113
6532.539076165596,-3798.4327949954913
6531.509605844652,-3794.690335788844
6530.240071227994,-3791.9493143148097
6528.9745538896905,-3789.959694794725
6527.71011744161,-3787.717212120146
6526.9337555184675,-3784.4742202190773
6526.667271532609,-3781.9754040490384
6526.640852805185,-3778.4750503347486
6526.848808494574,-3772.723315171933
6527.3060227129035,-3766.9703133553494
6527.772431991855,-3762.465557021317
6528.253133105613,-3759.461505993995
6529.70285828383,-3752.700669512538
6531.8825396118455,-3742.935711725143
6532.848629637259,-3738.4274232436255
6532.81426640674,-3733.9269969627057
6532.791521327925,-3730.676410588496
6532.2629097070185,-3726.9296205333258
6530.722974818627,-3721.440912946294
6529.697355371069,-3717.947223109352
6528.173394829227,-3714.7107240564947
6526.656206426757,-3712.4715049774322
6524.393920443987,-3710.4855542909468
6517.088597371797,-3703.291070446843
6514.320284316015,-3700.808912962128
6512.556436360181,-3698.823618904895
6511.285751022602,-3696.0824955959133
6510.267998694075,-3693.5901727855835
6509.748591567617,-3691.092325220731
6509.728615066133,-3688.3434713579845
6510.211077336155,-3686.0879319880146
6511.196981427083,-3684.081721679996
6512.683651640603,-3682.0722790520717
6514.667326035642,-3679.805646905365
6524.580763832436,-3668.2337852304095
6526.067342597152,-3666.2203505976727
6527.80995216377,-3665.2089143263056
6530.302497571795,-3664.18998553539
6534.051181442606,-3663.9136268470525
6538.052962173665,-3663.8829743375736
6541.548799421187,-3663.6067848177336
6546.042317869225,-3662.574519246936
6552.035710758217,-3661.532251264784
6555.034624064643,-3661.508260586343
6557.038023015121,-3661.744693518036
6559.0418459217135,-3662.4797681984783
6565.573308201445,-3666.4312295166587
6566.576432387188,-3666.923201364837
6568.326901146514,-3666.9130272029524
6569.327517390123,-3667.1551306377805
6571.340372552407,-3668.888379215208
6574.366978185975,-3672.367728254677
6575.119680358137,-3672.863760791207
6576.370550146705,-3672.852929646226
6582.858353958902,-3671.055806754586
6590.092077075288,-3668.752642659642
6596.8224342265785,-3665.953171323488
6601.554493014879,-3663.66657880669
6612.010836147635,-3657.341320668923
6619.223446883186,-3652.2861893172794
6626.678524282288,-3646.232602809563
6637.115072962533,-3637.4052407999616
6648.0457538528,-3627.8250230598624
6652.364361193177,-3569.0369792246606
6653.492938653842,-3552.5278279804234
6654.418999647548,-3542.520820110325
6656.576058714983,-3529.754016313687
6658.747603844268,-3518.987756916132
6661.188246777309,-3510.9661884844363
6663.8767992713965,-3502.698766878292
6667.071289038081,-3494.9234514313066
6671.26101267498,-3486.6419184260094
6676.199311193244,-3478.10700085116
6680.895477366899,-3470.8202021474785
6686.590378162256,-3463.027280356217
6693.038134982972,-3455.980148596985
6698.987722254693,-3449.185125020874
6706.688897508928,-3442.3799972204224
6712.902127544308,-3437.3325735711423
6720.11460537519,-3432.280357120655
6726.832598896424,-3427.7311140929432
6733.814800655547,-3423.9280989752883
6739.047193540822,-3421.138653876174
6746.125135630622,-3418.2957414374014
6754.251279618805,-3415.0275572272376
6759.990044088605,-3413.236925103126
6778.457778312685,-3408.8492410525537
6815.684736451054,-3405.3256162531875
6878.5378338140445,-3401.416754677164
6906.650428490605,-3399.668837987417
7016.611026179851,-3393.1091805679966
7098.286525333167,-3387.7621006473055
7119.818798058371,-3386.3542737003554
7246.521554671901,-3378.6743458438705
7399.4778347823485,-3369.560617507447
7716.359049149258,-3349.7412198346115
7860.64333729515,-3340.8529395192418
7860.069119466477,-3348.287765227193
7855.006487822715,-3447.8038000706915
7849.334696690067,-3447.4637058701223
7854.274604289522,-3349.281711146774
7718.915013532,-3357.4751611571555
7719.614828981998,-3368.360451785065
7720.173611751467,-3377.626837678516
7721.041479781488,-3392.4827809359144
7721.624902149902,-3402.387736482512
7721.869322444246,-3408.4259148100223
7724.520555615114,-3450.7413818151094
7726.602204211517,-3485.3973185514687
7729.348853272684,-3531.092181138425
7731.2992025601825,-3561.1486170047624
7732.357399896808,-3571.512728536987
7734.9307226905485,-3617.2077233815326
7735.442172182908,-3621.3542541143393
7737.315409528387,-3654.291482415077
7740.096683855016,-3702.4354266261244
7744.051306737849,-3770.9628130096194
7744.461282841426,-3777.8291651194454
7749.624774009474,-3862.789020957569
7750.775422957502,-3883.2834017196606
7751.319688107341,-3889.278341590491
7824.492806562503,-3884.899313047186
7832.052885155269,-3767.4960280964456
7836.183631485147,-3767.717492242211
7828.541461948702,-3884.711280339586
7872.179284183503,-3892.733395909368
7878.766963050551,-3893.9440281183674
7922.035258809346,-3901.8973938723916
7930.186912836817,-3903.227595993503
7942.105591170184,-3857.825531526052
7943.076459452704,-3854.127553173759
7995.59221781254,-3651.227164049922
7996.839286842175,-3650.9673784263277
7998.092907906946,-3651.4588925945072
7999.349241383482,-3652.2002742382842
7949.175880061658,-3845.871716393485
7976.414895724653,-3853.653254845124
8004.597840492927,-3861.347846619165
8009.033907311809,-3843.542844246597
8011.560211864888,-3844.1992767666206
8012.368306090303,-3838.7397699415096
8011.708675776979,-3838.7433125677935
8014.366365546939,-3816.573003056993
8016.7793400871415,-3816.9746715128763
8014.118801388863,-3838.725242653305
8013.698666617596,-3838.7296828362582
8012.831840068527,-3844.53097690499
8016.249289092607,-3845.4223703539933
8010.373917977156,-3868.225773252854
8021.975958254931,-3870.9120920388173
8022.993425989435,-3866.6725324915433
8018.7366675422845,-3865.652767642203
8020.21110506438,-3859.5322696964417
8033.06679459705,-3862.618118044688
8031.66910591481,-3868.4698315038654
8024.497321220941,-3867.040944005172
8023.40769918339,-3871.243657058062
8048.603365606636,-3877.0771141304854
8047.274127771251,-3881.225069224232
8088.113955457233,-3891.8166707297114
8122.145422909645,-3759.5561399872317
8076.162882951809,-3747.338219628281
8074.1386373474525,-3746.7972897494237
8051.472458170689,-3740.7749503306586
8050.50191815021,-3740.516916544384
8045.242184019302,-3739.1194584864834
8044.735863371514,-3738.374462372606
8044.730392588602,-3737.622962129506
8044.971341606076,-3736.371815022619
8045.7107219027885,-3735.1171582327597
8046.455194143518,-3734.3610398830124
8057.047130482648,-3737.173047746864
8058.2801785300635,-3737.502679542135
8068.891411489898,-3740.3227377848507
8070.554288807698,-3740.764922182959
8123.36090186629,-3754.7977096738473
8163.987427286735,-3601.2376184994678
8056.521914888512,-3573.02392740579
8022.199729118096,-3563.5259757914314
8012.480212563898,-3601.848872933631
8011.979368088629,-3601.853280640644
8010.481757192813,-3601.86350703675
8009.478773214601,-3601.620558149165
8008.723290723239,-3600.8756680088068
8019.172424691057,-3559.7974118914185
8057.255307052266,-3570.5183288167705
8057.871254928181,-3567.122374045389
8059.967449907915,-3558.747030062828
8080.470520603,-3479.7702020922798
8081.48893175338,-3475.442654867652
8083.468424917333,-3468.5971456072416
8084.68380029653,-3463.6379245114567
8096.494337834742,-3417.2284681850842
8097.766185816764,-3412.2391731439416
8105.3879779796325,-3382.3995639675163
7937.532573480555,-3338.4694572491326
7935.39771776094,-3337.9047494512897
7932.531908408946,-3337.1546139134416
7932.776748873116,-3336.2640565321276
7933.339600723753,-3334.1382502227216
7933.992465633765,-3331.644596768774
7935.214681355518,-3331.964378321453
7938.3501601034395,-3332.781121697058
8106.847107478027,-3376.8895219741426
8162.704928394939,-3390.9804683769835
8248.381811099971,-3412.764567232115
8296.867767308458,-3343.61265409897
8358.552994977314,-3254.7719188199385
8362.60277693928,-3257.6332711128434
8363.97694597994,-3256.9326379399054
8493.350649246915,-3289.976815079484
8492.250359220821,-3294.1746072706583
8360.437794858768,-3261.209444697501
8304.897934591598,-3339.98244938416
8308.881351813421,-3342.6230381851055
8317.53634545015,-3348.6818527984005
8325.86134350467,-3353.250204139202
8333.090244615189,-3355.766974151628
8339.993302631578,-3357.3567594926435
8348.924768882545,-3360.220759920619
8357.021377827308,-3362.3521273959095
8365.824220989987,-3365.406145170098
8374.822718386506,-3369.2132850164717
8385.302152728995,-3375.9360693158706
8396.861479822526,-3384.0807108702647
8407.862149035338,-3392.041990977463
8416.014949486369,-3397.8604630164873
8429.53096405094,-3410.6038511961797
8441.242137214938,-3420.1881754244364
8449.930207090822,-3428.1843561201927
8455.184281075564,-3432.6664201742497
8460.223470257635,-3435.219035867061
8466.19997908914,-3437.1982664018983
8480.811504254729,-3444.2309123835425
8495.056000576245,-3451.526698007047
8507.710198171471,-3457.332132371221
8520.990079703926,-3462.706181248264
8531.992392540968,-3467.0370703207086
8543.237104205757,-3470.3146863065435
8558.423409733374,-3473.8324635401027
8572.031519448823,-3476.0725503327426
8587.5515077422,-3477.0898874043974
8599.520162454668,-3478.161350986844
8611.289049577852,-3479.305994652498
8625.703259044136,-3480.959759040346
8642.15544805808,-3481.0898055898583
8645.328508302036,-3480.7852109995683
8656.076982979801,-3479.755303190375
8672.321254961704,-3478.887302218414
8687.178813189583,-3476.8594555052828
8700.460140808276,-3474.4712258608374
8713.371671715851,-3471.896484350414
8725.041790893963,-3470.3480682595678
8737.730121025894,-3469.9059201593
8751.989741632262,-3469.6310981898782
8763.69292805901,-3470.027102266267
8770.727877788531,-3470.8120857838644
8775.52334123704,-3471.350237913212
8785.68534379149,-3472.8259043968155
8794.087273502402,-3474.263072817406
8802.300737963866,-3476.263985618985
8805.05020602212,-3477.4636345577437
8808.224188809638,-3483.271174371212
8816.199297476918,-3489.312307555419
8825.043725013773,-3495.3674979528923
8832.679498784053,-3500.190800490172
8840.759931307395,-3505.452281824553
8845.310727444641,-3508.3189537116036
8851.238498660266,-3511.9866318233885
8857.096505555466,-3514.5843684887072
8862.891302541835,-3516.523420831732
8869.83687511111,-3518.2826577981727
8878.983944449395,-3520.8923056423178
8892.472984439453,-3525.7360828012957
8918.33544023492,-3535.5675557218365
8942.163537389666,-3545.6916198968656
8956.700376126715,-3552.197138656439
8968.217454347707,-3556.8108324239165
8979.176809293882,-3562.4512462133494
8991.089510988799,-3567.883976541003
9004.369743913005,-3573.2694261735287
9017.508896472784,-3578.45210145117
9033.047195153535,-3583.357695800083
9048.201124891208,-3586.5070561955367
9062.648789903344,-3588.9525354857224
9073.95918703241,-3590.1089150348166
9091.157405982989,-3590.9341315048323
9105.995087966503,-3590.655244753064
9119.090123556442,-3589.8174031174
9140.394284181977,-3587.5598954388024
9158.889794005332,-3585.2439728627496
9172.321334480259,-3583.826298784834
9188.120778822902,-3580.909515343302
9196.324189285204,-3579.8992923474366
9206.12908160843,-3579.0895182797244
9217.17928932877,-3578.8481032105938
9237.998073465194,-3580.0542121007343
9254.420171177107,-3581.2554357286876
9265.18753690823,-3582.3662290015395
9275.513993981629,-3584.429635088211
9281.708837438651,-3586.5340299615846
9287.422982623637,-3589.5322331242182
9294.298420073541,-3594.5908113647997
9299.52275173011,-3597.855111470108
9301.75213477873,-3598.82929109582
9309.511333773879,-3600.1836403459984
9304.772037416513,-3549.6509569142218
9300.801552414105,-3504.777053780872
9170.76845029839,-3470.3894991522375
9171.708508672982,-3466.432575769951
9305.246657770793,-3501.4553128449515
9310.1015803728,-3549.611778516449
9314.937218105444,-3600.127508446729
9324.741619328104,-3602.585075144432
9418.958063242786,-3626.2050634255374
9557.449366911342,-3660.9225818342697
9573.446512054097,-4112.574134341641
9581.96225806533,-4353.066725824811
9585.941240340868,-4463.977765871686
9588.090345329434,-4524.332459590591
9585.452382498448,-4542.420167826879
9579.279194520299,-4584.42028290304
9560.576787112026,-4628.742839857089
9543.851084470309,-4663.205165688399
9540.249009148025,-4671.957969343602
9521.088783147447,-4696.841044787291
9516.710560135398,-4702.513980722996
9459.951966657536,-4777.437738321385
9424.242625862196,-4834.994594666905
9420.14924362939,-4841.45980592968
9400.350438048912,-4872.729146058992
9339.406142644426,-4969.0998528992495
9296.314891551641,-5037.138553470795
9268.317264585266,-5081.346607611847
9241.718871026162,-5123.36615061656
9172.832974068127,-5222.3932078169455
9168.635214497399,-5228.404552810469
9134.653824622577,-5263.005472039662
9128.548919534851,-5269.234467194654
9127.002899397816,-5270.499945620474
9113.34586027513,-5281.727304298216
9107.470881693893,-5286.570165699206
9099.199086195398,-5293.355795798917
8955.20018393709,-5376.3694941188305
8867.49242666715,-5429.3513077345515
8793.77994753089,-5473.907850563762
8725.709751039465,-5515.008411651008
8647.1927063904,-5552.9103910014655
8611.954765851104,-5569.920975119408
8583.549140913441,-5584.643189872086
8512.365023535975,-5604.45535746797
8467.427317223177,-5617.528059019139
8436.5689409969,-5630.00167975364
8391.093745023269,-5648.342396147848
8331.291113315465,-5680.159038390598
8303.404288617205,-5699.593272141031
8267.9968951203,-5729.725803973036
8218.392445299538,-5775.551065704727
8198.014251459741,-5800.616231363917
8192.39985844425,-5809.803036302746
8174.65583155759,-5838.778924938656
8142.80662518527,-5899.655224612261
8123.974599758256,-5953.834499424584
8121.423039746487,-5962.494095424026
8084.474590624698,-6087.920903403883
8072.983895672283,-6132.049549116895
8072.135952706663,-6136.0862690924305
8053.820623458372,-6223.015741864455
8036.692468609727,-6311.638995063418
8029.373700164851,-6349.75685613234
8023.905535405968,-6410.579713683542
8023.597737970425,-6444.378004236495
8026.05373900817,-6481.131614850757
8027.149994620559,-6497.521099252577
8029.6603435967545,-6569.02807495118
8031.086924186411,-6610.189206236468
8030.674910410354,-6672.05497274943
8030.199067397064,-6720.88880860597
8020.41655491083,-6804.452692622313
8022.103538875188,-6817.144517267005
8023.093671923269,-6829.005623287387
8024.449140249854,-6845.57961663496
8023.454107338878,-6858.274776359475
8018.473141781045,-6885.698858559463
8018.409152675909,-6886.869853619003
8016.593005780479,-6920.08395770863
8016.00825916657,-6930.8371785124
8008.374143309882,-6993.0486770648595
7986.781228842714,-7173.240889598369
7983.00900317296,-7258.525322553383
7976.90176664355,-7358.815165476758
7971.472589272618,-7467.7937667684355
7970.835266509005,-7477.683701601121
7966.735315261013,-7541.37104745968
7963.083472156668,-7584.846498932951
7956.925360012016,-7623.948480485989
7938.4396930544135,-7697.5371004946655
7927.434323498149,-7739.016259422832
7927.356523298168,-7739.662689753475
7925.768782654832,-7752.388235606232
7924.303396600599,-7790.778904274704
7923.64755353121,-7807.570500418857
7923.175979518142,-7811.237121539426
7920.981113213258,-7828.24573995921
7912.496798588238,-7861.373202869468
7901.821885155668,-7897.829846027053
7894.672340653985,-7955.017664602156
7890.035172906446,-7994.457973652099
7886.35726005768,-8102.325890486786
7885.450162965949,-8128.545346573709
7879.004697950367,-8195.714917110086
7875.72826442739,-8226.229056273518
7872.886944585209,-8252.686891973717
7872.323762122816,-8257.740476448616
7868.406441831936,-8294.037713640579
7867.164560073607,-8352.853312737596
7866.792671011089,-8370.939783752643
7863.799643895708,-8402.028226148654
7860.82652795103,-8425.107802132366
7850.490642141308,-8467.633431830032
7818.327334558371,-8599.986401008471
7784.421756512499,-8735.63730866829
7769.677706252327,-8794.618687015516
7756.894702704143,-8843.246439514329
7744.1907151747,-8891.62733194634
7733.859567878576,-8941.424109323238
7732.720496051073,-8968.845863881834
7733.5307947201545,-8981.908168764705
7743.5656792152195,-9141.678604514997
7756.053629180695,-9303.171751045753
7768.324719296174,-9388.07311233361
7774.800743001583,-9452.2742237691
7784.527926663214,-9548.885677093165
7791.1963225978625,-9596.018796448669
7792.674639853778,-9606.615481078967
7795.476899097314,-9626.331912034164
7799.447363138195,-9654.58080016646
7800.205766678938,-9659.910097467999
7800.485677380955,-9661.881281677652
7803.69691037917,-9708.987264265841
7803.697185059308,-9709.326006819683
7803.259213291475,-9773.87241804298
7802.548857803402,-9789.185143677305
7801.179524125129,-9817.870162769697
7800.291361001396,-9836.72626427738
7797.50345354411,-9866.150762776964
7791.335349980036,-9895.578896105833
7763.13924125104,-9963.475215094493
7744.435111676658,-9997.596971153444
7739.100069135217,-10004.286046468733
7733.258417895629,-10023.670793476353
7719.91304535313,-10046.418865118823
7710.349269376966,-10057.240166922764
7701.868690627162,-10066.79748869623
7664.9544182198115,-10139.383824520652
7643.241745298536,-10186.076954726452
7639.42923515823,-10194.244716244215
7626.25932995258,-10244.41329920438
7610.427160380414,-10322.342396385224
7608.429685846703,-10342.06275767498
7613.555294673225,-10396.252803285945
7616.365334628045,-10425.98150953398
7618.062671617552,-10450.165435227223
7618.1407486328435,-10451.3973543439
7618.401496445971,-10455.033441697156
7625.445099333717,-10487.932353600885
7628.139223464315,-10500.438448996507
7634.665493032042,-10530.93464666458
7633.525584590995,-10558.016486338212
7629.42849614972,-10584.33151848422
7611.010933625738,-10702.62333184557
7601.28227621565,-10765.020745858215
7601.2981132618615,-10785.07704671474
7597.863719422587,-10880.312005010897
7596.702582579449,-10912.755864314675
7598.064400039009,-10939.189245434252
7598.816422282586,-10943.963958149356
7604.8331878329745,-10982.131532400703
7618.059898353437,-11066.292795500178
7625.7879950550705,-11115.365571575805
7629.796931205102,-11128.148509004439
7638.773751698164,-11156.609282680234
7641.179843526608,-11164.24841866904
7645.757753718746,-11178.848493008076
7659.359186122714,-11247.049702372353
7661.884108772068,-11273.789955974034
7661.068054440631,-11286.884440164235
7658.9030690651925,-11321.947953854069
7645.2071174558905,-11394.175819970322
7641.5835695570895,-11413.249889693046
7619.140075490057,-11508.62273903359
7619.080036064018,-11508.86956144108
7605.942011707665,-11601.831779670083
7598.8119548681025,-11657.325338585502
7600.56621301268,-11689.273208797613
7603.3941446100025,-11741.24649014852
7605.734035026289,-11762.65698950907
7616.984863320196,-11795.39880836848
7630.197990359156,-11828.84726200329
7634.7980392873105,-11837.592844041725
7676.562400803376,-11917.078821925805
7692.689504659774,-11947.783105978844
7685.9098347595445,-11955.86027176758
7678.046634611887,-11965.202194873244
7674.978192955815,-11968.870853397455
7649.107659028907,-11984.727131023186
7642.221105014597,-11988.954306382957
7639.206382398811,-11994.964078204965
7638.053057199048,-12005.347983593347
7635.380194554016,-12018.72162183955
7630.7415397822015,-12026.735005505401
7623.3461051051445,-12039.465025109435
7608.646460472642,-12052.509635735212
7570.055544653897,-12070.59392917669
7571.067687889873,-12078.296212286683
7576.416520865762,-12087.626746078167
7583.10276317093,-12090.641125996506
7619.878681816268,-12093.29197691831
7621.436192543902,-12104.905709286857
7627.458895868793,-12149.451337712399
7651.532438216679,-12146.104853742172
7664.590862065077,-12146.403176820479
7672.619924695805,-12150.093907581693
7678.643616892461,-12163.7994567709
7682.301639528846,-12187.672928012238
7685.544100611996,-12208.714007967512
7690.068445125696,-12218.938471679605
7691.102038134482,-12221.556508465555
7693.403224029368,-12227.285245515555
7692.401255336386,-12232.462128884672
7690.235471601557,-12234.959834714185
7676.612390845318,-12238.236238584339
7670.707520762247,-12243.6937292175
7665.733357846324,-12252.786559530012
7658.92740647288,-12261.419315241612
7652.142775768831,-12263.672916176229
7641.690942340425,-12263.68122360105
7633.073948603369,-12266.43101243913
7627.631183006155,-12269.607788917254
7624.799413203205,-12278.667977235516
7621.16310143377,-12282.091289694676
7612.984440623389,-12284.377886191896
7565.410705386751,-12301.082472227252
7509.017339592536,-12326.606873290437
7483.968738567402,-12339.596318561167
7454.154169986819,-12361.648331844795
7417.662803044902,-12394.950699667374
7388.871135539007,-12433.084156490537
7362.8275652161565,-12467.580335975807
7327.206760183339,-12526.360804362212
7286.64694435415,-12571.742350839928
7274.757504120563,-12581.70362001792
7246.251758229879,-12597.683677679863
7237.168880548972,-12599.877769539657
7225.915295720998,-12596.83665824393
7217.2959132473225,-12596.843127748534
7187.909204507796,-12608.110320891448
7179.68335353129,-12617.2054226551
7170.191464194416,-12623.682499792425
7165.597973334839,-12623.68592189838
7164.565342342735,-12623.686690896702
7154.187591015539,-12620.244059549668
7105.111043666681,-12631.744564730858
7078.353353019913,-12638.015440478288
7070.997290790184,-12637.157438139662
7008.707549097935,-12542.58765822391
7002.642114681686,-12541.729660815658
6964.187603608668,-12576.294823775403
6950.601330917597,-12594.883152910726
6947.151734385159,-12606.993152260135
6947.608372512316,-12632.041424640835
6944.5738786999855,-12646.73916188745
6939.990322398488,-12660.544679967286
6924.950526918922,-12705.9382673154
6916.354547666141,-12738.786790260423
6913.171775281661,-12798.806520770493
6910.165671101811,-12817.817786979176
6901.530293218346,-12831.225607798997
6758.346213226043,-12977.363480891703
6749.916592532318,-12990.741093433237
6748.195797171795,-13002.849801070144
6748.079041427367,-13130.308590137787
6749.38601059789,-13153.630631658196
6745.757296180592,-13242.794675209563
6745.554736483,-13247.785860281028
6746.022762516861,-13289.68697169879
6754.045850560439,-13321.66144167824
6768.546903673135,-13352.767938867404
6771.900681846439,-13357.81876395411
6793.194662766415,-13389.876714447139
6803.588693602188,-13415.379473726107
6807.4987470114875,-13433.52248742799
6809.255366558622,-13471.971326583247
6802.149231975596,-13496.593217279946
6794.798037880208,-13503.531027608899
6786.387138194118,-13508.127320318941
6775.808989191781,-13513.896361291205
6723.77314340548,-13545.389375685823
6720.083323108668,-13547.640150841935
6704.521159879781,-13548.944923907111
6685.059911873841,-13547.664544985077
6643.345652632382,-13539.036191073408
6561.616199496226,-13517.926749922377
6533.970428409864,-13512.337883940383
6519.698975488818,-13513.641581497623
6507.598785066996,-13521.413679862042
6490.75614872701,-13537.846304532219
6461.588966023162,-13572.865659686564
6444.308906489964,-13591.454726114742
6390.986936521018,-13632.097585585092
6359.875068169619,-13655.902766361763
6333.503067995408,-13665.409688069089
6331.567801528368,-13665.709803515758
6305.630927418859,-13669.71072796913
6276.673087882611,-13670.622893131522
6247.273953910261,-13669.348005843456
6229.5634495975755,-13662.45789351527
6208.36985789685,-13656.863914119056
6173.135313063866,-13651.680785864613
6131.553406206251,-13648.533820000115
6122.132360589222,-13647.83141502961
6117.9357056004665,-13647.288467950662
6053.807446961001,-13639.247323457652
6030.032517726876,-13633.624650716923
6004.089184335119,-13625.445161214704
5985.299129235794,-13626.319278721661
5932.16015763391,-13632.82207110472
5910.11925249531,-13632.835632788978
5865.157609330855,-13632.432433523833
5803.985538331323,-13629.881586741356
5778.04809913904,-13631.191312574896
5768.163605243675,-13633.322551333411
5762.047095293243,-13634.65115477082
5749.095765425057,-13643.316140699382
5712.151681070324,-13670.974536896294
5697.883217068451,-13677.914612439406
5681.030343807858,-13679.650198762942
5668.072010428828,-13676.638299489176
5630.870436977674,-13662.395224588912
5624.46945904862,-13661.60159054075
5610.117568941246,-13659.819410065425
5590.245616630601,-13663.282219685558
5571.228723553999,-13672.351270639405
5557.272929611263,-13684.50672569123
5539.937109744775,-13699.603949068947
5512.487808205225,-13721.21792255598
5498.654672515052,-13724.676183791753
5491.73754974113,-13723.386116271697
5460.185282249104,-13703.963187205549
5440.276316269142,-13687.121613970756
5430.331326899836,-13672.000104144143
5428.1572333544045,-13661.21758579653
5428.141401312469,-13633.119570066314
5425.993367594483,-13623.632250441782
5420.801794739374,-13617.595795946045
5410.838455504721,-13614.55183878421
5389.673818602788,-13614.56371575063
5341.261089992192,-13627.992213753078
5316.407923198455,-13631.025716095066
5280.0943770574495,-13632.77123213711
5255.881082329704,-13626.745306406277
5235.562067802556,-13615.080500127153
5224.303536235288,-13605.935731261701
5197.295411846042,-13584.01439877966
5166.159042769659,-13567.178313368158
5146.695115717889,-13560.71885421873
5130.481722376398,-13552.500879303585
5114.060380751956,-13540.833736687886
5111.813712587463,-13537.907156807983
5101.508789784929,-13524.44917575228
5087.256878718252,-13515.367774878607
5071.459047343021,-13511.063552343312
5059.787904330067,-13502.843062955833
5058.932560340356,-13494.217193201042
5067.53419134352,-13458.782334755471
5067.111954293511,-13441.929702942276
5063.211371920726,-13435.892374348876
5020.411398934422,-13421.250293824547
4997.7178832352465,-13407.428892798347
4980.41744192473,-13391.478241571625
4970.912166278458,-13376.356023820836
4966.130445707134,-13362.525178289718
4965.81047678431,-13358.920286895174
4958.9654232031135,-13281.746955539564
4959.774162657566,-13200.07007997702
4953.293062980693,-13192.741113519585
4932.975192166546,-13180.644056086885
4924.531528505394,-13172.021060186808
4922.358758965368,-13162.502613658215
4924.0755531758205,-13140.472900226065
4937.466226958232,-13081.312148681109
4935.065419964516,-13029.03006296637
4914.457556482105,-12903.769163965453
4907.9762351126465,-12895.546929045515
4897.882684854497,-12890.652794980982
4794.805748337276,-12840.732621000254
4796.351363303318,-12835.062325994848
4794.611507444724,-12813.589839375009
4789.658858008461,-12767.655078822612
4782.501785265637,-12750.017367156464
4782.3461852439705,-12749.63581209459
4779.317729396464,-12729.857666275038
4778.208911811822,-12680.901339971828
4770.474016846139,-12642.240304795185
4758.848030736163,-12617.752060396566
4756.256309388416,-12596.279083720181
4751.723875190867,-12561.497406390961
4755.775142641819,-12510.35215836599
4758.781382241577,-12482.869039227655
4754.24698525562,-12446.392654384872
4755.800470825755,-12434.746008547643
4755.969790489238,-12433.482926499393
4764.115593563236,-12414.16096622298
4782.326211322163,-12396.44262314731
4795.480709117354,-12383.644101723394
4810.72304291489,-12363.025438549119
4817.164051253985,-12341.979555395648
4819.296116619331,-12323.492944889258
4814.9822780182085,-12314.036380632875
4790.913989874831,-12279.696270214326
4787.474173795936,-12265.956613061833
4790.049203812405,-12253.90866604131
4822.879352035681,-12212.23874188583
4835.746452946521,-12191.589205196142
4837.882868865868,-12179.572485828277
4832.741459241434,-12167.991130202512
4810.796769822004,-12148.684091187566
4782.190330110754,-12122.815553799755
4762.853039529754,-12105.328691134353
4755.983136919171,-12094.57944203724
4750.814724268353,-12079.116093276078
4741.768747123328,-12051.20720031967
4729.084028660287,-12023.731892786946
4716.611703927273,-12006.5463853079
4711.036392420756,-12003.961076084537
4702.856292127674,-12004.395687046004
4670.253525549865,-12037.500809315912
4659.4973459872235,-12045.670732329003
4657.613121826006,-12046.257160802565
4652.6338238328835,-12047.800365178931
4644.038306510479,-12043.952480910257
4586.2133354971775,-12001.463374280887
4555.693493804075,-11965.800592844778
4533.098905780429,-11933.184550889388
4524.084250935531,-11916.428867994095
4513.743902948328,-11878.630126892273
4496.736280890743,-11818.929500873232
4486.842415239832,-11794.871796029625
4473.5207911475345,-11781.568327343444
4460.614149791087,-11774.70373083892
4449.027981819391,-11775.109780822086
4413.138122107328,-11784.584943681555
4386.920692490187,-11787.616583203431
4349.556380299839,-11790.22159133331
4324.471428993437,-11784.994873888598
4316.444783941544,-11783.334794615637
4312.159396226932,-11779.05406890448
4310.011945322784,-11764.883043495136
4316.653230903601,-11729.664401950979
4333.386686466273,-11697.030252694924
4344.3358765071325,-11657.497074381214
4346.66844463203,-11622.7119577214
4347.727041426034,-11568.147830969105
4352.657441330856,-11514.87606975952
4353.610934441764,-11510.654932047999
4371.740411472583,-11430.234141843217
4371.928786297032,-11391.568016507543
4377.493496598765,-11371.816818085284
4408.19422142585,-11302.66654672172
4414.951694100738,-11293.667437423348
4436.51001113791,-11264.911839889844
4443.627501846513,-11255.388970203283
4458.838618030389,-11226.60512979947
4463.55059013123,-11205.560349620746
4467.844328862801,-11171.175054722371
4466.334151876178,-11144.125776852272
4458.342730237956,-11102.875483428354
4457.486110455836,-11092.58484794618
4460.500619321395,-11082.262493656335
4478.728031844779,-11050.458660928989
4495.275246706801,-11009.659663283077
4499.136584050395,-10991.603786813434
4503.51205888044,-10967.415599147094
4505.799337762648,-10947.943544493406
4506.030873423955,-10945.910086114955
4512.828650987733,-10915.806237559214
4556.875380048939,-10809.707731580591
4565.627715643031,-10765.61583623495
4567.061856239539,-10743.739954760287
4564.367865805905,-10720.449320071346
4536.897178781927,-10629.759713218598
4534.180359984038,-10614.356004899444
4535.975498305933,-10591.401883059638
4536.580222886813,-10586.28764779866
4539.187870652597,-10564.165433560938
4544.546534367922,-10546.231908438185
4561.585417842479,-10513.288341254594
4564.079343087253,-10493.199822305136
4561.201511352941,-10463.439148515887
4555.260720477427,-10450.193310850467
4519.408445510049,-10421.156690200241
4502.913074264642,-10402.894587100946
4492.326591690265,-10386.416273476738
4481.866656147231,-10364.823937185482
4476.520905015307,-10353.796952962828
4467.545927864909,-10307.555914919
4461.426594919192,-10296.097673515804
4457.317404247562,-10283.19066230666
4451.191302346354,-10257.035726424165
4449.402593209644,-10239.445092023412
4452.258381601435,-10222.621959246433
4462.286448560765,-10204.316444568629
4523.551159313006,-10122.9507410806
4531.798952360175,-10106.093922735401
4536.436696239149,-10092.473312118504
4536.298794159304,-10073.526142874369
4536.24443543646,-10065.238548799232
4533.372060234257,-10049.095373185226
4523.660695532255,-10025.438245183912
4515.062868678581,-10012.53336392727
4500.710344111798,-9997.504652809937
4458.586852804284,-9960.245142702463
4425.241308273467,-9934.07283506316
4378.751812490341,-9889.478750389493
4375.1929160194495,-9886.06292068381
4342.018839842949,-9838.415900212152
4337.347591607394,-9836.970073223083
4303.314664204876,-9888.252693003144
4293.645005470098,-9899.71820364003
4287.918888145543,-9904.373181857809
4277.522362350007,-9906.534053776195
4268.543080578663,-9904.751465959751
4240.933699358473,-9895.089170339888
4229.1165890079,-9894.01620357422
4201.848644466975,-9901.914992596789
4184.640398945277,-9903.000766626546
4144.499721176797,-9911.984154036452
4121.926839447355,-9915.567110686086
4103.995092313107,-9915.23603737247
4085.3408905219767,-9912.71787450434
4068.130249943422,-9908.411489824886
4051.279111405076,-9899.484618332404
4016.720088275145,-9869.428333109383
4007.067149073351,-9861.036911264631
3970.9599787561683,-9829.64219414735
3948.3747993157563,-9805.989786252612
3906.7766849014515,-9782.34516730083
3882.3880892870166,-9763.714426480745
3831.798536826689,-9709.232866754377
3774.095511136896,-9662.333048568486
3770.1189311423645,-9659.100094941017
3727.8992818698007,-9629.856211631093
3689.4477744933074,-9603.21171396197
3659.3077483909333,-9587.448454934607
3637.786379567861,-9573.130677745652
3627.0497972200624,-9560.934211198057
3614.1119752314007,-9528.681021980265
3609.6131624880086,-9504.374530540752
3603.649978667427,-9493.839933324616
3596.7853715188307,-9488.820313334303
3590.877756835805,-9488.360889493924
3574.857455284085,-9491.57035137018
3564.7952546307347,-9488.370594095086
3544.2011754482164,-9472.356652939012
3500.0425983490054,-9427.113863946914
3472.5835489247725,-9400.597348525358
3441.231912134961,-9382.769363788297
3411.0181574225667,-9373.167554573045
3391.7946621806905,-9365.28751286696
3385.3960843083696,-9362.670695501118
3354.741549168647,-9346.198250904157
3325.2238630804777,-9335.702589481858
3310.5946592540286,-9330.654524402304
3295.9405662157046,-9330.197926689316
3284.948899982652,-9324.255335411743
3256.121422759066,-9295.458435899198
3240.097957279002,-9284.927011784928
3232.873066238405,-9282.245535131688
3227.32521454697,-9280.185915296152
3220.4364733520324,-9277.631195396327
3209.908199040884,-9269.870762089051
3184.773945824512,-9250.684989201112
3166.2208582999547,-9236.056348306773
3134.66490706866,-9223.250716836435
3118.639918850527,-9211.363021205005
3109.0156446896253,-9205.019098215707
3088.888764158944,-9191.684941415184
3065.563491767917,-9181.18648970493
3039.4817386184204,-9181.194769660038
3015.69654347337,-9182.558128069553
2996.4779165595965,-9188.047960500975
2977.490992347399,-9187.16061890045
2953.23853411402,-9181.684274219991
2929.4497619837803,-9171.61634477396
2913.889692885889,-9157.880740096653
2901.9902538791503,-9135.947245949612
2881.954936399944,-9084.994709067596
2870.156829038857,-9055.020387309958
2862.8292485843444,-9050.43218619151
2850.032152323749,-9047.231495729404
2826.689569199055,-9061.873058353753
2822.123001253592,-9061.874399756049
2800.2452121039687,-9056.058228197833
2794.6724455106,-9054.580991294535
2773.1564307148424,-9054.587220893634
2759.018747878456,-9051.386795881468
2744.363590675551,-9045.907264577265
2699.748418782278,-9005.650880626352
2691.0508319366204,-8994.654845880485
2674.124786824377,-8983.229487103263
2648.9635984244455,-8951.22524154548
2645.297506511796,-8940.226679858699
2641.8574224113804,-8910.034912554098
2636.8243403442875,-8899.530573076245
2586.4833554643164,-8861.617498390466
2556.5040751594233,-8850.625943961926
2510.7577151990627,-8821.831375247435
2485.8056881032435,-8798.483840105762
2469.3394730794635,-8769.681258101331
2460.333630827752,-8757.206331124324
2458.7853012545056,-8755.062351916777
2457.4430033672443,-8753.201204176336
2443.717796989049,-8745.440643418155
2438.37029607072,-8738.47941447433
2437.755809007661,-8737.678197533605
2431.818311816636,-8717.06854114412
2431.8155394721666,-8706.100088461497
2441.6328530749315,-8664.936423152974
2441.621249791656,-8619.214682568321
2431.9905163822586,-8583.539670106922
2432.4517441705148,-8573.465335961793
2441.3757041944423,-8562.926226614903
2458.732500074654,-8548.453001558755
2477.0442286859356,-8533.18610568114
2488.028699959305,-8516.730983737112
2494.1893089856344,-8496.579952897526
2496.479095777093,-8473.717982797001
2493.740645509862,-8457.235384917776
2477.714360580315,-8431.637383542482
2458.6952313344436,-8402.625656340333
2429.430609397908,-8357.983523204075
2421.636405566123,-8338.760312866043
2417.758646796088,-8307.705332694535
2415.6740605890445,-8223.072197177344
2412.4715816757894,-8209.332550273428
2402.847505089606,-8197.90386899659
2377.459135116846,-8175.481501160268
2367.394756609483,-8161.310827080484
2361.896065470537,-8144.859984899491
2362.5814981390404,-8096.366247667815
2368.968136251572,-8054.709810622563
2368.499888469447,-8036.4399254120035
2366.2256501921347,-8020.449920460722
2357.969089188105,-8010.377623718342
2342.8767185771894,-8002.154715907266
2322.0584039964538,-7993.934166566413
2300.103227435093,-7980.660621798193
2290.0417513685456,-7976.9968940766685
2280.1115242537667,-7978.447093475492
2277.2222487401978,-7978.84856489148
2267.1652926414113,-7989.356876453764
2246.5855597775394,-8011.7902939821315
2224.1721996575816,-8022.3024371843985
2204.8526231874143,-8026.2807389953605
2204.0529374371326,-8026.434932929035
2183.4686366586534,-8024.591004828416
2161.4895162294797,-8016.831904590284
2140.462684165682,-8001.740282795766
2122.8673533526407,-7986.185227373294
2104.1126433458594,-7978.8880129289455
2088.558563125542,-7978.428774564799
2078.0351179178806,-7982.990525930405
2067.0469369860143,-7988.045917664759
2052.859962207457,-7988.048957669449
2033.2030795362853,-7979.796513092965
2019.9446941208855,-7979.799308086851
2003.4620379594846,-7985.7492209067805
1979.6821174555123,-7999.494502908984
1898.4911844990013,-8060.791619173216
1841.773956466758,-8092.382294900468
1779.8179217890538,-8115.716885642946
1746.878971008414,-8124.411256062638
1706.6394317244594,-8130.82657866827
1684.766499885387,-8137.756022927717
1680.5619682652443,-8139.087693090358
1660.649681685585,-8150.984077634482
1647.3922316111293,-8157.825961972976
1637.5641200679595,-8159.337522767562
1626.343687529972,-8161.034141722862
1608.0547814502086,-8158.788006307001
1591.5694186477149,-8143.694326807198
1561.6133253944624,-8098.87090337536
1555.6529598970205,-8086.517311965146
1528.2015467519302,-8058.14567154822
1492.7528440696003,-8014.248159986696
1479.9313627964295,-8005.099182220036
1439.6605249280137,-7977.685432846127
1417.9382786054305,-7959.38783729227
1404.7035242902132,-7939.732984409824
1382.7451361320082,-7894.445986451706
1378.7203108665208,-7888.8389434815035
1375.1858851441395,-7883.910213347543
1357.3352234155573,-7876.148781534227
1330.3533851647169,-7872.947956194433
1307.938622838942,-7877.511600671367
1291.0172027021677,-7882.997622450204
1264.9416638824148,-7902.226277729451
1241.8315450120883,-7915.0463823304435
1210.2855134656609,-7926.942236474796
1190.6043669469414,-7929.687558617908
1159.495846018649,-7925.099871015777
1134.3463458331914,-7926.02723420716
1111.0018085763677,-7932.900687340745
1094.546915785146,-7943.408410025779
1085.8542621716588,-7952.097726490231
1069.1695922382464,-7986.883640476511
1051.7852823448263,-8002.44471420137
1034.890103230451,-8008.392811593736
1003.3176203926199,-8013.879991617611
979.4318205332418,-8020.340524280908
967.6442801981915,-8023.527262664653
950.6975962572293,-8033.141446185202
934.2415437552785,-8047.315122017645
929.2127232676063,-8057.822539920818
920.9846425671942,-8064.663135405525
910.8990118076669,-8068.51805053343
905.4310001832148,-8070.6099783560485
893.53973636552,-8072.02900536735
886.6777250087754,-8068.825044457324
882.0855258954682,-8059.212875005423
864.9260672087153,-8008.44072728239
862.1888205550987,-7973.6567310320215
857.5966940921224,-7964.07557011283
829.7108587526864,-7939.83072936365
822.3832607044534,-7928.370239452739
805.899442089475,-7913.275307557527
790.8082116865256,-7900.921002480741
778.4529411917897,-7897.718511089761
763.3624623909966,-7894.083415759892
750.1045146773916,-7898.182397635954
725.8578693415232,-7908.752137653835
703.9082685427973,-7922.925735235415
695.67965286377,-7922.988377361938
670.2963919978937,-7906.3529490173405
636.1168909505684,-7883.063266071572
613.6745881585233,-7877.7349014436895
569.926631893701,-7880.849127103176
522.8266163587057,-7883.347992457643
492.38859190900973,-7883.904097633707
479.4917050160374,-7884.119506550675
467.1607772510683,-7884.335967902279
454.83149396883994,-7891.084397085197
415.85758913642405,-7918.260151310064
410.0282627771887,-7921.864688017187
364.1395817125938,-7950.365573229951
278.7601461449737,-7998.184517937203
244.9171031978507,-8012.2345138672335
235.16723369342202,-8016.27164918706
245.95021320597255,-8050.315191478443
203.6205282998272,-8066.861342256751
207.82581856815713,-8092.648341711158
209.50265403606636,-8106.389655707455
202.35807145248106,-8115.232048038847
209.03115720308006,-8134.297191586349
223.95042056651704,-8176.881961415943
209.78852770002263,-8183.259353570291
197.45857252990444,-8188.805289923829
209.50523665806173,-8224.976258208932
215.36162012376914,-8239.579795701819
237.46970969533646,-8294.635832583524
243.3262459466946,-8308.622810875017
249.87808808586732,-8336.28926946121
252.4331169843548,-8347.041907094204
159.2070276374872,-8380.718931306463
156.00808541715804,-8394.706106724787
142.7752954641565,-8452.782419898345
137.04931447639177,-8465.321786846727
133.17942710827748,-8473.79540839471
118.65696457316974,-8491.233092277305
109.08620331252446,-8502.756358777373
105.70764308635745,-8506.792188274116
100.88366549921254,-8512.615809760764
88.5268360227198,-8527.46547030851
83.21267849985956,-8533.843584671908
66.29050115795863,-8528.636687251044
52.92781905912461,-8532.518750762627
39.77226228475549,-8539.481502246488
30.795147165899458,-8544.256856104137
22.3334894528762,-8547.184673661832
9.641632475759339,-8522.752495338284
-10.71202157019452,-8496.25591558248
-48.787143525789986,-8445.482123607897
-60.498386073125346,-8437.009487016161
-89.13170106752708,-8452.32143450879
-113.87080038414285,-8460.762621881562
-134.8688347392932,-8465.476825609805
-151.45529647665032,-8429.05968946375
-195.5650242837503,-8320.207903395405
-205.16074255723734,-8301.814921416673
-230.8778526018676,-8268.293216695449
-251.23038310355122,-8244.754934920531
-293.22443013626656,-8216.43965288669
-323.97236437656005,-8193.824057981381
-348.68353009364364,-8172.348701533013
-358.4596616249455,-8159.655241968407
-364.4692468096671,-8143.84918753974
-349.7136686893156,-8116.922431536314
-341.87104145814027,-8102.565919800403
-334.4149620975784,-8088.886774939505
-328.817615480661,-8078.688757372784
-350.536634371401,-8057.890981204914
-368.6945300032033,-8018.916456869781
-371.4798412529231,-8005.575584528467
-353.7838749872633,-7994.085209314352
-352.7002914060012,-7973.4421486189185
-387.93307699019186,-7900.6999237168775
-393.4523613114932,-7885.880071316171
-396.62437618470864,-7877.40756349913
-333.91788412316083,-7855.3808466046785
-293.7802293001856,-7839.361564551302
-236.30976922195745,-7816.440806802351
-231.19699769604458,-7814.499539778858
-224.62443948234463,-7812.004504489515
-106.38202674970202,-7767.209105262188
-74.88663605315794,-7751.218732026941
-111.3332432411069,-7661.377719586712
-120.02645626116082,-7648.03794013958
-141.30485133271858,-7592.6413003258
-154.79450306036404,-7554.961249717444
-163.1779604058405,-7539.740688709409
-182.5987958912066,-7488.07325270915
-121.13213785440932,-7456.71040897643
-111.97641229236741,-7451.287728217058
-110.86710149875952,-7444.940585939498
-115.4062336146834,-7428.581087002897
-120.64261580791596,-7416.966083483609
-122.88623911979072,-7412.004896049246
-154.53337030303743,-7341.851470534628
-160.85235741501512,-7327.093670146352
-201.57788932618791,-7231.92225909338
-216.48569993246255,-7196.614176677609
-226.49315009586803,-7172.859285911256
-231.77984097858348,-7160.319852616665
-240.3421593259249,-7140.047279644149
-247.53872667041932,-7123.5018138742535
-254.295809749431,-7108.00450487163
-260.12443783870594,-7094.663665813832
-266.15879123212136,-7080.79924051893
-289.06100563848247,-7028.267940065682
-293.4455983299392,-7018.224688787112
-298.08794023905386,-7007.563588784432
-304.66413217406534,-6991.264972348937
-322.6924105123985,-6946.4679925746095
-328.8817732460199,-6926.534057969515
-328.21066357322263,-6916.982518776958
-274.3427581893008,-6890.210666340775
-237.83412864863323,-6872.064697375396
-169.8969528643135,-6842.335069339181
-134.14970279203112,-6827.146317945004
-79.6506742476465,-6804.008693436751
-95.1253829915285,-6765.404302296011
-101.49589109357332,-6754.189874440346
-113.2831256388361,-6733.516680520803
-118.28677501788904,-6724.211831869349
-124.57898178036605,-6712.5346582258335
-112.32789204851936,-6707.266920135766
-70.33956221502899,-6689.182216336677
-33.457418355713706,-6673.28468526722
-15.429473089892644,-6665.520748710285
-39.23517250206888,-6603.192565005407
-43.07799540187893,-6592.840504433386
-75.62484304365026,-6505.278733692702
-90.19706389068293,-6469.016523317573
-42.87020442729958,-6452.440530013229
0.0453935843448699,-6436.112178060903
12.476755828385945,-6431.366858511212
17.428506023981917,-6429.487299295029
55.49562096666625,-6415.0073364293685
72.2333785389076,-6408.629038846481
74.52859268702682,-6407.7667996009895
84.69105530282894,-6403.884722730073
74.73552670099976,-6378.5591863539585
68.62263935312512,-6363.031160618495
57.11969598572672,-6333.7308566723195
51.00694924276818,-6318.233740604423
25.24239736893364,-6252.7023872191685
11.625057368490738,-6218.78040405779
10.542511046655445,-6216.038531507276
5.6931454301678,-6203.960844719654
81.36180398967431,-6179.2514182505465
77.8021647464967,-6169.638929141036
74.8109079455261,-6161.598064230936
66.04165442011255,-6137.997243952982
62.79265848422132,-6129.217044219776
60.26500717634842,-6122.408358837056
54.69428408608266,-6107.40399226013
51.444139896773855,-6098.622591333833
48.324007314514844,-6090.243173168252
39.426047973502854,-6066.272660512491
27.794670386511275,-6050.559689906445
17.1436492196513,-6031.8281275232985
1.179758426176287,-5979.913068455726
-2.8435414212591126,-5965.925895860187
-9.444730281730976,-5942.972465073611
-26.182687728955088,-5901.933982864816
-32.42394168783405,-5886.590814644822
-39.07688244861393,-5870.292353015075
-52.74517847743836,-5828.761076642914
-67.70306474393803,-5796.595715983539
-72.88570286906001,-5787.876498020075
-78.81725783951008,-5777.833115112112
-108.19073755685241,-5706.939263047242
-153.00957485763738,-5586.658092154352
-194.73296170001234,-5470.905219988388
-209.2248482657288,-5430.667812479765
-214.7945089723696,-5404.879602263817
-222.89160479777274,-5381.40239443502
-225.90883843116904,-5373.669248855558
-230.26624808116333,-5362.454759950743
-265.4927449404375,-5374.900226081339
-282.92465729405524,-5336.14158600374
-311.44387138653696,-5265.5868341968835
-340.45553597208783,-5271.501315295381
-397.5499293319571,-5296.054327751217
-410.10864115900887,-5295.899788777463
-450.905352647279,-5311.39513449864
-461.24616637880916,-5310.84004390081
-477.3376365211672,-5310.006859581404
-482.59837611527365,-5309.698973468867
-487.08600755801547,-5309.482892007964
-505.2920026303027,-5308.49564203566
-511.9445915416821,-5308.156545137332
-507.89379098757416,-5259.631971363249
-512.354190184914,-5245.489638662959
-526.0986633986652,-5241.421963540936
-540.2313060188649,-5245.519133412568
-608.2083100415568,-5265.29483357348
-636.6266074088239,-5272.095817671014
-649.0048240979637,-5275.058607323978
-698.5950787890497,-5286.91708183391
-709.5815127707228,-5290.274797455414
-749.4501954713511,-5302.534211130691
-760.719534544137,-5305.983714200275
-775.6507381707312,-5310.573030604381
-860.4956437813175,-5343.902140240954
-879.5790862657466,-5351.417732535014
-936.5472260144893,-5373.0716628414475
-946.3213520272991,-5376.79889211705
-954.5999530975303,-5379.9406387315075
-978.0618621129123,-5330.981884951175
-1003.9460433799227,-5270.715465186814
-1015.2661042116058,-5262.210844209487
-1089.718358929916,-5290.670815557362
-1186.1433692550152,-5327.538086930449
-1198.8567078615617,-5331.202652940428
-1207.7794889294887,-5333.789501481563
-1217.4749904540558,-5325.315868778314
-1230.4173541365024,-5302.268804021282
-1238.9261588853285,-5288.526303863812
-1252.4595570576007,-5256.759944991769
-1281.162490967863,-5263.626914358361
-1315.1276669088843,-5281.830356007878
-1324.2564552689266,-5286.019921644815
-1339.0086953682242,-5292.76464354043
-1378.8527045049266,-5304.2822155675685
-1401.0827723046816,-5312.350720838593
-1410.2633777918886,-5315.883654638803
-1422.1268293172027,-5320.450371880159
-1437.239664152844,-5329.75303057522
-1469.4258622466684,-5349.558944491605
-1495.4742373870904,-5364.929208642196
-1499.961150023953,-5367.577321496272
-1524.2303288189619,-5385.351017105363
-1535.345167263852,-5383.562558639978
-1540.1675110684077,-5382.760310486505
-1544.267355693035,-5382.113284429729
-1556.9029135128426,-5380.0467578941325
-1569.1267079416066,-5378.072249777289
-1583.106663112824,-5394.060682573569
-1605.7558307590598,-5444.215479409832
-1621.930464799948,-5470.893196149531
-1630.4405018675427,-5473.726697792825
-1652.6163335663446,-5464.880635811566
-1682.1681806615845,-5453.0756019234595
-1761.254342673283,-5418.892604511813
-1775.7206818427949,-5413.2212547574945
-1792.6360085128545,-5406.563216647246
-1849.8293944871914,-5384.092683604196
-1870.148585141994,-5376.9712208796245
-1913.9086778989586,-5361.619342970608
-1921.5663568670725,-5359.029848705907
-1931.906548792485,-5355.546464866377
-1949.9054822986157,-5349.4734530174055
-1952.7348302412668,-5313.116768541593
-1959.205794229623,-5301.778174682986
-1968.4866660173643,-5288.435559088866
-1993.5991887841487,-5270.468230081338
-2022.477401713018,-5249.788987457049
-2022.6580394101559,-5249.635038001788
-2044.3160880733121,-5233.209111995914
-2054.421123458148,-5217.432081833143
-2083.7523955058878,-5144.406704098381
-2092.6423098138102,-5117.292715119939
-2104.1650497568853,-5094.428710485663
-2154.2900971525246,-5071.002610848565
-2181.362753891522,-5056.423589770296
-2183.837880902817,-5054.49758798036
-2200.702643580367,-5041.38383366395
-2208.6661440657304,-5035.189737572496
-2212.015759406736,-5024.436210175337
-2214.721748641765,-5015.778240418017
-2220.796791276769,-4966.419627717214
-2222.6973854213325,-4937.642226598643
-2224.6256641873533,-4908.772949368354
-2233.924040373472,-4865.484051521725
-2247.8651160130985,-4826.84551653106
-2256.5781508712425,-4814.088168324159
-2287.2799970759697,-4769.221331511566
-2308.7033585982704,-4749.4053081129005
-2346.5262867051847,-4727.767732089254
-2373.211769094152,-4716.023301986995
-2398.2736080763934,-4706.712162630291
-2420.087433823315,-4699.00453141264
-2433.441641636894,-4686.461805051302
-2435.2957921346215,-4676.786751764102
-2504.5390555880003,-4607.847887939193
-2521.6246353775377,-4569.1769988345895
-2545.547431559726,-4543.568300016475
-2568.021176473079,-4502.339047705069
-2577.1200074863923,-4489.2414568966215
-2605.041426453428,-4474.445345088043
-2624.9682714702894,-4455.091845092505
-2630.378775591465,-4436.604413169443
-2636.612960544318,-4414.419780542327
-2637.195666166427,-4379.142636905396
-2635.7386207428954,-4330.278436425695
-2634.593755222598,-4291.273669169287
-2628.295711723744,-4268.938454488356
-2623.186038920922,-4250.885804213856
-2624.9087663668342,-4237.236770762991
-2630.316963406438,-4210.769567225854
-2633.1457357180498,-4182.331541200588
-2641.6418632944656,-4137.932222589227
-2648.7947713708836,-4116.979211607227
-2649.6031133553597,-4114.60687339985
-2664.992019979085,-4096.979079494554
-2703.9951595692783,-4067.6996215619124
-2736.4518647458813,-4044.9218725513115
-2748.381178311268,-4013.6464603237746
-2753.7843144930525,-3975.2253362884085
-2774.843154240025,-3949.0612654468114
-2801.034466970798,-3931.9857210580917
-2802.755392817621,-3909.216755931093
-2817.8220672523053,-3850.3652950116802
-2821.2392683523067,-3811.112405510646
-2816.6652702115875,-3776.976856813508
-2795.304579649047,-3736.3142798714834
-2776.496752327396,-3693.062843497286
-2772.7712095837483,-3648.9756228634033
-2782.456273480411,-3618.840921870303
-2801.8109594831194,-3589.257895597198
-2828.0022402515383,-3575.570722034211
-2870.4164362118463,-3576.451487946393
-2893.750409611034,-3577.6764794871815
-2933.0192445549847,-3579.7289624784507
-2956.997419532298,-3580.9966949707305
-2976.4127289228513,-3582.025787855529
-2988.840608007048,-3582.6694956120155
-3019.032480254181,-3582.1054525327822
-3041.226782607327,-3569.004475925393
-3052.6123929782857,-3536.557689168027
-3046.5059835547763,-3466.960857461603
-3043.738000690271,-3435.596735878861
-3024.3650312994378,-3403.746294428398
-2997.310800252893,-3377.2889180144475
-2996.917256275625,-3373.637848531623
-2992.1651122547473,-3329.5351522221963
-2962.269009770934,-3283.7613718564844
-2956.903775288511,-3276.7223794544752
-2897.039391369398,-3198.1607724945043
-2892.5486445379765,-3192.6163101829193
-2880.2227489027423,-3177.399693336362
-2846.0567884449706,-3160.8965171737013
-2822.4569082285907,-3128.183485040519
-2801.65817630992,-3065.33755221832
-2776.871103574167,-3026.370618765177
-2763.7656113019016,-2998.490702634302
-2753.208788709842,-2954.4054929520535
-2750.934385978735,-2936.197053859695
-2760.9017204741335,-2901.872325584671
-2767.7011759769875,-2878.4863230911888
-2771.1198129696727,-2840.3734211693477
-2772.5262735386445,-2800.2586451872103
-2775.379166837423,-2770.6804853203917
-2772.6611641941663,-2733.7704204255483
-2772.2213028343344,-2727.7321695993824
-2757.1309760335216,-2698.9914764854757
-2746.86543156705,-2683.065672054493
-2747.430663345085,-2672.836196762722
-2755.984267466207,-2654.625645193509
-2777.469145102559,-2625.895462530541
-2791.521306055189,-2607.1067395530176
-2800.0489925485613,-2587.2314506695907
-2799.478031538167,-2573.5830209678575
-2794.931563209942,-2541.141123302562
-2790.929372826841,-2521.239554352025
-2796.3387969854666,-2503.892102614326
-2805.435750246791,-2492.4902818688593
-2824.7915195119785,-2474.27540521695
-2835.614039866527,-2457.2032384585245
-2843.5719111627695,-2428.209058893445
-2866.61266366531,-2407.9916486030943
-2884.2679500260638,-2396.6170178757056
-2905.3238275497392,-2373.2874546920175
-2929.8135164006285,-2368.720506283244
-2945.1722279450987,-2349.983121403606
-2949.7276628253917,-2324.379249769418
-2951.1393278958,-2303.6126528009963
-2956.601981726188,-2296.216608331012
-2959.1274455116836,-2292.7965479624977
-2984.1557236887797,-2282.5285615780695
-3002.94510877454,-2268.874102146088
-3003.2747716648396,-2268.2884746987033
-3015.4675341487387,-2246.6871838646284
-3037.9401759594375,-2225.3593329893342
-3062.4026869099816,-2219.6519271178145
-3092.021012902033,-2211.6935685411513
-3121.6166675709223,-2211.683993737573
-3133.572920660303,-2196.3057449642197
-3177.1193731175103,-2134.0250516119213
-3178.248686299588,-2120.376072441872
-3167.41439327931,-2098.7511554146513
-3144.643059703388,-2073.740683117898
-3110.4692489020863,-2022.5458465778722
-3084.8102168299924,-1992.4840950128448
-3079.367121755407,-1980.901631946006
-3060.535914114666,-1940.8232554919618
-3053.39004352665,-1884.884185538424
-3053.2475561803403,-1883.7661480240588
-3036.633464569043,-1842.271081540861
-3034.5368644231453,-1816.329507737789
-3045.9506668309705,-1795.5906373226546
-3089.5585502049107,-1767.5711656154806
-3161.169940484314,-1686.6404971371799
-3225.003077958519,-1630.0833021629717
-3260.284485052077,-1606.2245637913575
-3273.7866837450492,-1591.709125843123
-3269.630514889775,-1574.0559175016704
-3254.4427946042756,-1558.9026638590556
-3254.05633692655,-1558.502104239374
-3233.278634856882,-1556.444623999774
-3162.6744775252487,-1558.5326380976303
-3163.727197110341,-1546.6094269351165
-3166.2769903437797,-1540.6000229386002
-3175.1370796213346,-1519.6161509209899
-3179.7986569138043,-1504.579184086054
-3160.314441018155,-1438.9605292808121
-3156.669971318191,-1409.9079139603273
-3155.629658490143,-1379.3145194496985
-3168.3278219290887,-1350.533323816926
-3173.4662250114657,-1343.9385339735009
-3184.920809052063,-1329.2390574017177
-3195.8171563255487,-1304.3403429683754
-3203.589959978848,-1268.0743917676773
-3201.0028910504375,-1241.0858335074945
-3188.772580576828,-1206.583214450156
-3188.4373066267417,-1204.703660019786
-3185.131866148123,-1185.3255662844153
-3196.5434235155285,-1164.5864978879515
-3209.0136402102285,-1146.4053183584165
-3208.750737989526,-1130.5994144619556
-3191.0843389728175,-1104.1393574547742
-3171.866409114309,-1059.009100892881
-3173.4026673408903,-1027.8913594046458
-3178.3369546579506,-983.0298007108202
-3192.3146377687467,-927.5374971643097
-3211.7826349321354,-871.764435874503
-3227.8783486058105,-845.3061499862295
-3235.1232805965765,-833.3988891316424
-3259.726344393962,-721.0570254979062
-3268.293662304164,-673.6381017375783
-3264.650556637321,-648.2207415284898
-3253.7374870156746,-617.5997535316063
-3238.676234535033,-594.8051507010885
-3209.852216880654,-569.6441045737121
-3198.9403263499626,-545.2762070806941
-3192.6956775384224,-524.5131656022993
-3194.777242491321,-504.8243407722132
-3198.648325081102,-441.7860524827284
-3201.485985722277,-419.63287521768495
-3203.302153457616,-405.46004782423614
-3212.6455520137847,-368.11543105407367
-3223.7856794014388,-309.2643377845023
-3224.808626466565,-284.3700602158133
-3215.960044432844,-260.7419148701871
-3215.469795387043,-259.47806096620576
-3179.880830671348,-197.50095572355625
-3152.3666503301183,-158.59658142127915
-3139.106921444944,-121.5061975866063
-3137.5526523905696,-97.65982954550245
-3123.5235757018845,-70.151355413721
-3118.287283348555,-58.537793276416814
-3104.0499502620346,-26.869626608114245
-3107.1621853616953,-8.690372904055796
-3121.153176177298,6.348825347074314
-3156.461596885781,10.981739229187667
-3167.877686500839,13.604508191731979
-3175.1385369533423,37.45378804677819
-3178.7653726156013,56.64947931105374
-3183.6826463033685,74.55255470083476
-3195.0955141938302,90.11449048351541
-3226.7699362325484,92.71307235239327
-3238.6985919474505,105.68824459459698
-3240.2355762053844,133.6954785139722
-3234.2623531775203,189.459021729074
-3238.4043088783947,211.24300033919226
-3243.5749462378735,240.82221287255206
-3255.234997325675,286.1787303637745
-3270.2795286245205,304.8546600262548
-3291.564022231422,315.2450069787004
-3335.659761233893,319.4191638451987
-3366.7915686327096,326.17785273455866
-3375.8522296128112,356.0042885264252
-3377.925549015886,397.5066862579871
-3371.1580427212584,441.069086581844
-3354.281586896389,500.46510763318514
-3353.7699552798726,504.71673071329707
-3350.0949315464864,535.1862791495486
-3350.221340910492,542.1191795818788
-3351.8926444962935,625.1825750820063
-3353.67454218409,691.332072619837
-3355.3470122692843,698.819920241645
-3359.386358049637,716.7527206630377
-3386.875525702037,744.2445416792854
-3418.023112613951,770.1979185748011
-3452.523340160405,792.2085252182401
-3456.6639726607978,815.5643631622956
-3452.5044871097534,844.615778882433
-3454.277965186102,858.6288669316301
-3456.641734342326,877.3074322839027
-3471.165858625926,907.3828307631031
-3499.684678550963,936.4472015416269
-3534.467914641838,955.6543647593783
-3542.245821160252,969.644647518615
-3545.868512516709,1000.2718482425432
-3558.823865659063,1018.3928740997408
-3571.81139799186,1020.9856890135135
-3599.8275718078808,1012.183922510285
-3622.1431567970158,1017.8918820463722
-3647.0582905700576,1031.9207535946693
-3664.418494681426,1056.5746701530877
-3699.175376399002,1076.7996654620972
-3728.6793401970904,1085.2895570505646
-3747.953994412925,1090.8369306215463
-3778.0263377544616,1095.0085585434024
-3809.6916498400187,1111.5964849362315
-3850.4245124257122,1138.3245549612252
-3878.9429403144586,1161.13579392289
-3889.3241224577546,1172.0466636123153
-3903.9808375727084,1188.012473680461
-3917.86540957301,1203.1767065822899
-3929.1465403188527,1216.821013786726
-3928.6002165288864,1216.8357525004046
-3924.4486201497853,1217.607508654193
-3918.790054074928,1219.6246174741048
-3913.4537424622586,1221.7607619895741
-3904.5879393668606,1225.0207427551477
-3902.100081096866,1226.4046477588404
-3898.2086452300055,1229.6135917194622
-3895.0127010752954,1232.630004449506
-3890.4303534400337,1236.0725829073174
-3887.2891558304505,1237.6221097452358
-3885.9931022550422,1238.0632740100095
-3881.4142605452985,1239.0406582586672
-3877.8208380028236,1240.0274202296005
-3874.681951498813,1241.8537559709698
-3870.8866742681466,1245.1978102145029
-3867.74979110681,1248.064233209105
-3862.5140033264765,1251.7494508747393
-3841.5913018407755,1267.194288061364
-3834.750895284136,1272.5144653116931
-3819.1190454460234,1285.0358253423562
-3801.962390373335,1298.2939524653502
-3794.0313046213496,1305.344374454573
-3782.2430418209638,1316.9589996993577
-3769.8381965737854,1329.9751720604604
-3766.108833915005,1334.3425206969594
-3757.142589481879,1345.427519893705
-3755.8015141772808,1346.906873249068
-3747.8388988250917,1354.5549186385624
-3741.0559160967473,1361.1793060119348
-3740.12307907691,1362.2221189756
-3738.4123792435407,1364.4158338801296
-3738.408707089974,1364.4188249219796
-3736.112945209648,1367.3617276839805
-3730.1593313337376,1376.4494517198598
-3728.56529192231,1378.810094088963
-3722.932023051875,1387.1545168104071
-3720.5917020154448,1390.1413954641737
-3715.2927915018563,1395.806989513035
-3715.0700211824105,1396.045702739227
-3703.6601343851667,1406.858190217638
-3692.3522444305095,1418.4900702073003
-3684.891592514216,1429.137120522142
-3653.048233124845,1474.580338223871
-3639.5173732111057,1494.634055425045
-3633.326369050836,1504.9149505925172
-3627.815160221926,1515.4349063734655
-3623.364140608618,1525.651429735856
-3619.3638810024645,1537.0314001180984
-3616.91075484521,1545.7547371687485
-3614.736371787216,1555.5864929996424
-3612.8365874396673,1568.0054474146903
-3612.434510786212,1571.8494297353805
-3611.726237076257,1583.4792187760954
-3611.7095190648083,1595.9767869119908
-3612.543480448775,1611.4873999690546
-3613.0023355942517,1616.8214606659283
-3614.5052217519597,1629.469424929963
-3616.008735535904,1637.3420971839732
-3617.7124926730785,1643.6230477450476
-3619.7186157644906,1649.183524603653
-3622.8480867161184,1655.6827665468788
-3626.1358585742482,1660.750169802841
-3629.569615506087,1664.746422902685
-3633.0456785415236,1667.8334794094278
-3638.3745514979923,1671.5146474237727
-3648.2052624139997,1676.8852851130096
-3652.219280217706,1679.928563762381
-3653.205432029796,1678.1122071183856
-3653.7195647780304,1677.1183024261077
-3654.4585459987748,1676.5419337426958
-3655.144428937687,1676.2834455697744
-3656.013405319427,1675.8919617751415
-3656.8916774069316,1676.0652615105469
-3657.8985852276874,1676.4872850941324
-3658.5384037177973,1677.3539504668995
-3659.037703866591,1677.409002893763
-3659.7955514265145,1677.8970654284894
-3660.120187041688,1678.5156342248636
-3660.5155334265414,1679.886638149448
-3660.9027163851833,1680.5683720666277
-3661.466960007008,1680.7474376363311
-3661.865870239499,1682.179489486351
-3661.8340222745246,1683.8712236169001
-3663.400357977544,1684.4083723402202
-3664.716525368075,1684.6367020310547
-3665.038871334112,1685.132478872877
-3665.796633829201,1685.6224370896034
-3666.298388983722,1685.8014790732238
-3667.424599544837,1685.7839545599538
-3667.994777795782,1686.1508505114714
-3668.189454009158,1686.7085229022996
-3668.1895013721246,1686.5846344289869
-3668.184817778271,1686.3967051599577
-3669.5683240332487,1686.8109937505087
-3670.263549981596,1687.426712138879
-3670.459548165306,1687.7995498378518
-3670.5963711435525,1688.6720086036053
-3670.9694548338416,1688.4782388877911
-3672.0319497211467,1688.3976490505568
-3673.239501221667,1689.6921574632124
-3673.4920768560587,1689.8131501714877
-3673.5641102884138,1690.376760682517
-3673.566481521119,1690.5026450681753
-3673.324404616449,1691.0701253077784
-3673.2132766548366,1691.9444841924462
-3673.3987032538935,1691.8186716901803
-3674.5295847675798,1692.2377520123964
-3675.0324959284903,1692.2289671661924
-3675.6628618907885,1692.7187776335759
-3675.9260423210285,1693.4683938840287
-3677.176145043838,1693.4468282535108
-3678.0567625611493,1693.8079585635905
-3678.7720447596785,1695.4218754382762
-3679.525230280567,1695.6600660287431
-3679.601922950481,1696.473450362214
-3679.233534216813,1697.0428770046894
-3679.1167716634077,1697.162730769084
-3679.980713799221,1696.8432661247366
-3680.671399033842,1696.8956000900705
-3680.9959851429817,1697.6380580860855
-3681.194150778647,1698.4485963011693
-3682.0075838808125,1698.4369384683234
-3683.0853428702217,1699.2317546374024
-3683.530303600244,1699.7895234190803
-3683.913943945055,1700.34816642378
-3684.0426866243133,1700.5331508506686
-3683.6848920233524,1701.540280863367
-3683.504243547844,1702.0417504689428
-3684.122871934697,1701.5923185784748
-3684.7508049043827,1701.897393203444
-3685.456682186507,1703.0137580056523
-3685.844958666185,1703.8823236191763
-3686.22638362722,1704.1262571625427
-3686.66425498456,1704.2433314310294
-3687.5436919605777,1704.4165346810069
-3687.9190991523,1704.4716407547432
-3688.4266791644786,1704.9034505987254
-3689.0652669591805,1705.7040836055473
-3689.500897878984,1705.5723826478813
-3690.3803935121887,1705.8095254189861
-3690.910547878991,1706.7650273489455
-3691.3919560362565,1706.4814260608766
-3692.0188773543077,1706.5955808217548
-3692.8275670572784,1706.3341500992374
-3693.2689529849513,1706.640051245702
-3693.89691037141,1706.8800900116003
-3694.2783115395164,1707.1849706186429
-3695.555460347597,1708.8521716707455
-3695.6899798437908,1709.4169036728658
-3695.8234402148605,1709.9155015474034
-3695.7146571123767,1710.9786863301088
-3696.0344977421973,1711.4744632618583
-3696.2245846117416,1711.5954324990669
-3697.224480794661,1711.5797580684966
-3697.8513417261684,1711.6330661777963
-3698.6776422861203,1712.4337721633692
-3699.566467419746,1713.3553983611214
-3700.1307322807156,1713.4725219729805
-3700.762227538102,1713.8394435256982
-3701.085666942872,1714.521154525332
-3701.4599291667273,1714.515313923017
-3701.8364444305716,1714.508277216513
-3702.583789903051,1714.308867652514
-3703.0807170252965,1714.2380379706606
-3703.843349688706,1714.85198934943
-3704.66018938195,1715.0891092440042
-3705.736703699793,1716.072752727049
-3706.878149030173,1716.9944771581966
-3707.313649238914,1717.4162852529505
-3707.9394730547924,1716.9138908408024
-3709.449318563301,1717.4541175130398
-3710.028822157961,1718.5074935571515
-3710.289713451848,1719.1271366845467
-3710.3557268991676,1719.5028176816147
-3710.4359075522134,1720.5660753779146
-3710.504341565556,1720.938764837962
-3710.943594249983,1720.932949741452
-3711.5797832145254,1721.6727363288787
-3711.968031486687,1722.6061399897762
-3711.9809939288484,1723.3884779555342
-3713.541568760247,1723.2661907280813
-3715.37607771351,1724.5519697319753
-3715.883597143391,1724.9188442937602
-3716.767783609672,1725.5318462838302
-3717.032139774183,1726.4661996658606
-3717.369612530462,1727.9602741282577
-3717.312960872765,1728.40084439197
-3716.580985582835,1729.4138132298783
-3716.149940880029,1729.9842117134488
-3717.149943371892,1729.904600163995
-3717.5334974794787,1730.4623467588751
-3717.925308228844,1731.4576963104632
-3718.0586836346024,1731.9564939816926
-3717.5580865520515,1732.027121970345
-3717.006772965779,1732.723457060049
-3717.2003741837802,1733.0312583321966
-3717.457724809991,1733.5280092864405
-3717.4080189994133,1734.3443374729104
-3716.552055260919,1735.6101225103255
-3715.752802764799,1736.497181879699
-3715.4518234627576,1737.06653352397
-3714.95948341278,1737.5749640766876
-3714.9353691733213,1737.5839321723827
-3714.959459428406,1737.636908324604
-3715.2805256131514,1738.1946306441994
-3714.6654139350494,1738.8289969314196
-3713.808248344603,1739.968698763479
-3713.5744263811957,1740.975875700113
-3713.396123382954,1741.6662706654772
-3712.906025615031,1742.6333490211669
-3713.039554679244,1742.7353443719157
-3713.174049113429,1743.3609236432847
-3713.059485701333,1744.0503457918903
-3712.5754864847695,1744.9963794431956
-3712.159533776636,1747.1006274206225
-3712.486740025084,1747.3136187971515
-3712.9941856372952,1747.8684206866342
-3713.4475077700686,1748.7989568979463
-3713.3305486130844,1749.4273316016445
-3713.027224248834,1749.8059619521352
-3712.47829828259,1750.372325040733
-3713.108559499502,1751.117994670255
-3713.87103245999,1751.9197745613426
-3714.5072907745193,1752.4745266388745
-3714.653484847585,1753.9105727409958
-3714.740777542997,1755.3494887690852
-3715.1326234104463,1756.467729272349
-3715.214030667263,1757.592931795441
-3715.2789247870132,1757.8417314254702
-3715.1701876466936,1758.78202506649
-3715.4912280050717,1759.4045843872507
-3716.1947511567955,1760.3322251461043
-3716.1427835149643,1760.9577322699524
-3715.9621344208035,1761.4593010575436
-3715.913656270793,1762.3376737685003
-3716.4873534425406,1763.0802295077908
-3716.3066685471986,1763.458907258631
-3715.881644009813,1764.2142431381349
-3716.262933613487,1764.5840613399455
-3716.9629181036785,1765.3847200547407
-3717.1587326903136,1766.0073306816394
-3717.7253644860675,1766.251337238636
-3718.424277142958,1766.8032211356324
-3718.3154674423563,1767.9302452273507
-3717.9494981611,1768.5006688756064
-3717.7145096232452,1769.5048528274158
-3717.9847989002974,1770.6260388472797
-3718.1946834793234,1772.1850007383755
-3718.9725581726652,1773.9260255432334
-3718.977300177013,1774.1757993902831
-3718.931217599415,1775.1151197964853
-3718.9441673730944,1775.9284798321485
-3718.824837528679,1776.431069837451
-3718.530708242008,1777.6259513356572
-3718.5980462888506,1777.8109124538742
-3718.483506514339,1778.4393878143399
-3718.3748039780394,1779.5054652061167
-3717.7053313107767,1780.704390770991
-3717.6533625098687,1781.3328903802021
-3717.6732939804074,1782.6448994095854
-3717.3769029235414,1783.649059601526
-3716.9436690008724,1783.8467942048005
-3716.636733061545,1784.2902600474367
-3717.0769961959813,1784.4682834042485
-3717.5892650429196,1785.2728594508694
-3717.5372380110916,1785.8364223110111
-3716.8678481912793,1787.0382407035786
-3716.1890483565094,1787.549591490485
-3715.7640001594555,1788.3687668832195
-3715.4523710479707,1788.4366751813018
-3715.3283722097954,1788.5015639022643
-3716.1499580654295,1789.1763861722695
-3716.2915060804353,1790.1126870432843
-3715.9869657185254,1790.6182975931233
-3715.8758933199906,1791.557493120956
-3715.272590740962,1792.9441725030438
-3714.9784863472005,1794.0772096424053
-3715.0421535613496,1794.2620695694852
-3714.8002329674046,1794.6417211552837
-3714.312529833957,1795.463864841517
-3714.3904461848083,1796.3391942984726
-3714.7114033764437,1796.957963127626
-3714.3477821035885,1797.7162156071074
-3713.8578517524493,1798.4734217212765
-3713.432900490047,1799.0439224870365
-3713.1211396719777,1799.2375148122123
-3712.9358216035002,1799.3024795936594
-3713.274470037698,1800.9872750151899
-3712.971049448381,1801.6187695990664
-3712.544823445639,1802.2500171841439
-3712.004152194941,1803.698765037464
-3711.5731841294414,1804.0803385618226
-3711.2661656623113,1804.5238045504404
-3710.771541226196,1804.9083459687683
-3710.4669182305734,1805.413856922403
-3710.789174393422,1805.9095356030846
-3711.360391173574,1806.5883503800067
-3711.3085314747887,1807.1519133622494
-3711.0144052093383,1808.3438026704405
-3710.839642311609,1809.1601823676679
-3710.034473950303,1809.6135304446163
-3709.5965366480987,1809.6801931143575
-3709.4738370127584,1809.6222911399436
-3709.1065948794817,1810.2536614348865
-3708.058208254072,1811.2085544514177
-3707.6898948090443,1811.5901523648936
-3707.2660747253553,1812.4742653759758
-3706.9649669762684,1813.1676055628768
-3706.717113337814,1813.3584298092082
-3706.3536148574385,1813.586116602673
-3706.410060557934,1813.6761121938134
-3706.296725990251,1814.427379475995
-3705.811478362613,1815.376505304384
-3705.3863252942438,1816.256727667195
-3704.8964675823004,1816.8300964900461
-3704.4041086380566,1817.399474407124
-3704.1537998204826,1817.4673069985142
-3703.0925943144744,1817.4858497694172
-3702.9733147739453,1817.861559022169
-3702.9815720705574,1818.299162000825
-3702.6770336891555,1818.803775495096
-3702.0560650951625,1819.0652778442097
-3701.372478072467,1819.4507443452571
-3700.942797078543,1819.959100101621
-3700.265085316495,1820.4695547166489
-3700.0820896758664,1820.78728514453
-3700.0218660450587,1820.9749899353724
-3699.5991911489696,1821.9211477447254
-3699.1068566739204,1822.4285816830272
-3698.5532014945175,1822.939981983412
-3697.372693490437,1823.3961789558032
-3696.37510789445,1823.7245680378885
-3695.876935105923,1823.7952978457408
-3695.7337165869367,1823.9431707710519
-3695.8284841542686,1824.608634258643
-3695.536897655928,1825.9276055454582
-3695.288960035495,1826.1213227834055
-3694.0598698934355,1827.5167400439698
-3693.4377352304414,1827.7753497721658
-3692.1321084370816,1828.1755399246558
-3691.9491620660524,1828.366289782254
-3691.1498111179826,1829.318387758132
-3690.7780435381674,1829.5740017500386
-3690.1569925446643,1829.8355048331284
-3689.2267695797614,1830.287809090621
-3688.6104375467708,1830.8612298876492
-3688.3035532436274,1831.177715930299
-3687.623590020732,1831.6891680692777
-3686.628317397206,1832.0805008120649
-3686.007433531689,1832.3420042364908
-3685.6390383433395,1832.7236029752912
-3685.0841942361417,1833.292957897888
-3684.5328042447395,1833.9922873961486
-3684.107867637636,1834.7505175166455
-3682.8033158235153,1835.3964914153564
-3682.243692508781,1835.5940793503569
-3681.7490708004357,1835.9787220305652
-3681.2568931301826,1836.2992269282454
-3680.762165488039,1836.7427216598526
-3679.831967430834,1837.1329828266573
-3679.5226274596594,1837.327774173327
-3678.153110149087,1837.911779536102
-3677.7211075600535,1838.1703634169326
-3677.22297157166,1838.3650824838048
-3676.6668642943105,1838.7496021159761
-3675.5764818271264,1839.368726772269
-3674.1451676485553,1841.4196209833424
-3673.241914510509,1843.560591578498
-3672.6468317466642,1845.510959705092
-3672.189701801207,1848.209699274186
-3671.657107694386,1850.157098913314
-3671.0538392995554,1851.4807397012717
-3670.2581394429963,1852.4947851054628
-3669.3963293966212,1853.3848170270528
-3668.1566987201045,1854.2196430227716
-3666.731798967059,1854.9954465985397
-3665.3659801401914,1855.5156157139259
-3663.9329051924265,1855.8538167696863
-3662.6850894733193,1856.0591230443717
-3661.1209023004094,1856.0865556730419
-3659.240394733045,1855.801952125805
-3655.027366135421,1854.368546247601
-3650.0010102314245,1852.6999234229481
-3645.8598583760686,1852.0167627734124
-3641.5393490615293,1851.522560601631
-3637.3982192021895,1850.7784568416735
-3634.2652194748084,1850.2657558036228
-3633.8248513224985,1850.1486829529788
-3632.5205195498224,1850.6686805248046
-3631.6468168418837,1850.8074002370338
-3630.8346839052097,1850.9449463296332
-3629.706191005502,1850.651655712205
-3629.0180192994503,1850.599525843578
-3628.2046211043903,1850.5531341288774
-3627.4514229799775,1850.3770912656314
-3626.510655869373,1850.265814554648
-3625.518904060456,1850.844982748723
-3625.0220680075013,1850.9158164905668
-3623.5192237214214,1850.8781421817926
-3622.5760246729515,1850.5791369195506
-3621.702511320437,1850.6586065756026
-3621.138276915632,1850.479643046208
-3619.7523609735526,1849.8755376543263
-3619.1290851896483,1850.0721077659196
-3618.012191820074,1850.6542220125682
-3617.447932898727,1850.5400956853725
-3616.5673879055394,1850.2400173874682
-3616.1054999974776,1849.8891250819768
-3615.5651810791037,1850.0058275690033
-3614.9384117538225,1849.9536220971527
-3613.9361574423037,1849.8453159320238
-3613.2537674582877,1850.1688449191943
-3612.7035888388396,1850.9909703052394
-3612.1475204964427,1851.502474447177
-3611.2114379816785,1851.5790287753973
-3610.209160865243,1851.531669766016
-3609.7689232586795,1851.2887145605816
-3609.140865781994,1851.1125207054358
-3608.635638314419,1850.8695411105937
-3608.071427020477,1850.628534341998
-3607.315938808379,1850.329501411697
-3606.6276963518667,1850.4652008973217
-3606.3786047956028,1850.4060557452076
-3605.7517519758158,1850.35395059092
-3605.695047127765,1850.7295848269648
-3605.5887299792184,1851.9216477519326
-3604.4684748251707,1852.12810676425
-3604.030479623176,1852.1339272104935
-3603.651513629071,1852.0168788050867
-3603.336288684773,1851.8927721616756
-3603.0966153810755,1852.5241944433872
-3602.3494724029497,1852.662864595606
-3601.471239501342,1852.4256305578692
-3601.028582711731,1852.1816773573432
-3600.332088870826,1851.6299026025126
-3599.8244277845633,1851.201987508742
-3599.422688477828,1850.856106032488
-3599.0925344388525,1852.276909768446
-3598.7194585637058,1852.4706823236756
-3598.1575496433115,1852.5412935550712
-3597.3430077586154,1852.4301667893162
-3596.6570787538326,1852.6267148733837
-3596.1648331854512,1853.1382438646774
-3595.9181145921098,1853.202988402734
-3595.232207347378,1853.3416820545735
-3595.6205693507395,1854.210144484177
-3595.4978007552677,1854.3359819976606
-3595.128241657498,1854.718581274354
-3594.254623358146,1854.857104925116
-3594.005651464147,1854.9240431443493
-3593.3221405611234,1855.1246820939598
-3592.945488854624,1855.0654895259152
-3592.0081782387697,1855.0810984993834
-3591.574986797214,1855.403724820204
-3591.2633850761877,1855.4066006740427
-3591.074444126808,1855.3486754181968
-3590.4534577620443,1855.6721292542406
-3590.4616370968756,1856.1087346361237
-3590.033167520074,1856.744076580089
-3589.605761247611,1857.4363757489953
-3589.1724270069394,1857.695162627854
-3588.863174129114,1857.8868647036757
-3587.927068467768,1858.02746029496
-3587.3060823911983,1858.3509143353383
-3587.1207663546943,1858.415781802165
-3586.556484742536,1858.362604047555
-3585.6782750950247,1858.0635269497336
-3584.79173221599,1857.5155725221289
-3585.1186914495447,1858.3871038241143
-3585.0689986856933,1859.2003406256356
-3584.762118244853,1859.5180269775713
-3584.4504089417496,1859.5859395040357
-3583.515554956654,1859.7264362453902
-3583.3277592977893,1859.7293585915031
-3582.946528683995,1859.4213901585294
-3582.631325290447,1859.2395294012688
-3582.1909569203845,1859.1224589193928
-3581.814494874217,1859.0024198353487
-3581.4484310424896,1859.6336957450542
-3580.301668311713,1859.7842881313247
-3579.6832890595247,1859.829942072048
-3578.7555670451384,1860.0853530288844
-3577.8699623675784,1860.153051757417
-3577.6266841933116,1860.836442684316
-3577.240131890411,1861.3758420870358
-3576.0645249125782,1861.6932049167779
-3575.1789435215514,1861.6988598908351
-3574.166007187576,1861.3776890736272
-3572.678954281148,1861.0563418350714
-3571.6069038313403,1861.086964763063
-3571.053224203354,1861.688346227534
-3570.313138406735,1861.9218830078764
-3568.9523077180743,1862.057235221626
-3568.2724656733503,1862.2658572550367
-3567.6972331377647,1862.4964630651202
-3567.18224296191,1862.4813092279983
-3566.2114070444263,1862.2411512642425
-3565.198318363663,1862.104816633342
-3564.290953139571,1862.360336307093
-3563.6339083032594,1862.7357478281517
-3562.95636341865,1863.0493072693323
-3562.14906762545,1862.972001164791
-3561.8014494167405,1862.686090623292
-3561.577360666851,1863.5943238177326
-3561.1283454386576,1864.0717564246722
-3560.430344756969,1864.4292978587932
-3559.337833620934,1864.5177691200704
-3558.1780263970113,1864.3014816847128
-3558.083067664232,1863.901851113694
-3557.394780243024,1864.1633378748932
-3556.841139844399,1864.6617789843558
-3556.263564614496,1864.686601971912
-3555.704207550652,1864.4025084183736
-3554.6402949022613,1865.2125766437425
-3553.712535205868,1865.5729261901959
-3552.6404566638685,1865.4556231406493
-3551.7309093027693,1865.2973834364886
-3550.5166989333234,1865.7806180583175
-3548.867089033562,1866.0208024525687
-3548.063343047587,1866.0454425413495
-3547.241439027671,1866.2171063378064
-3546.316000914679,1866.6173571390275
-3546.0066900480006,1866.969058325905
-3545.45311135039,1867.0767824287457
-3544.8346950730584,1867.2243823049728
-3543.6795442761263,1867.275924993792
-3542.582483709977,1866.5820633625567
-3541.925637714835,1866.4219229024623
-3541.927752425697,1867.247248705389
-3541.5979028053753,1867.64193436852
-3540.5895008335074,1867.9182665784808
-3538.8989446658734,1868.115545413475
-3536.860595082544,1868.274592158855
-3535.9101227629462,1868.2403271491162
-3534.7585225797357,1868.6185509104148
-3533.542113712134,1868.7320165162898
-3532.0754078302707,1868.6616520926507
-3531.3774247946844,1868.9751064940342
-3530.5373260570072,1869.6223692856324
-3529.9620882642093,1869.8709322139796
-3529.343679010468,1870.0005782285007
-3528.519371023338,1870.1321435548975
-3527.7974754610104,1870.1348706105896
-3526.8085353332576,1870.122537186931
-3525.818154952704,1870.3970820854295
-3524.8051117433843,1870.1377609575468
-3524.3755296527133,1870.4085220438105
-3523.824128587311,1871.1756902781717
-3523.1044017508666,1871.6340729091783
-3522.3620428367644,1871.70172960402
-3521.249100027575,1871.544415625506
-3521.0046435458926,1872.26770725025
-3520.7227582105247,1873.1370180055874
-3519.8803848897683,1873.392565727414
-3517.774764224289,1873.406755982455
-3516.5016186792664,1873.9948097365782
-3515.3681609773075,1874.04337130782
-3514.1176927733345,1875.128085037803
-3513.066001388905,1875.3835567017204
-3512.3293408047143,1876.0667686871732
-3510.453516857023,1876.2049331883677
-3509.1359281580703,1876.7311271427827
-3506.9688448506704,1876.6842507769325
-3505.6957613435216,1877.1055252912856
-3504.289358756218,1876.8492545939491
-3503.2172808705486,1876.7319570691634
-3502.226961977452,1877.0703439270198
-3501.2016420264704,1877.5326066491098
-3500.817855582098,1877.5933136505516
-3500.2688557542156,1878.4165431761733
-3499.6419819854655,1878.425291968556
-3498.887745085205,1878.1232755428077
-3498.3152424219766,1877.5095093681787
-3497.493604003347,1876.957696438583
-3496.746358483797,1877.1582192927249
-3495.9377708144193,1877.422758852949
-3495.378155258008,1877.6163677256584
-3494.565987520384,1877.6320318009737
-3493.620390298389,1877.2709943118023
-3492.169435245211,1877.020594377776
-3492.1802716109623,1877.045735129162
-3492.4457912417183,1878.0410297107724
-3492.328916455921,1878.4816792220645
-3491.6489896141834,1878.931101275126
-3490.8958063438117,1878.9427971549999
-3490.3374634564516,1879.0784524856494
-3489.8959505534517,1878.8963493301699
-3489.389515182213,1878.5294870325288
-3489.272595849543,1879.0930276028685
-3488.845347022122,1879.6044859986919
-3488.0979737569282,1879.9280002716607
-3487.5975377595046,1879.8109122912906
-3487.0945993260334,1879.692726190393
-3485.9023671214254,1879.3996288062792
-3485.397053517497,1879.159648133985
-3485.798310375295,1880.8414659653445
-3484.563493356746,1881.799208484558
-3483.3735512308313,1881.632993258708
-3481.618267311854,1881.3484699663595
-3480.9312429036117,1881.3571981502187
-3479.245544659291,1881.5115971022394
-3478.8688922048277,1881.4554014840544
-3478.3648310133735,1881.2124291601435
-3476.9210421703633,1880.9860736847427
-3475.611974372956,1881.257515833972
-3475.4241791685304,1881.260440292525
-3474.6663158423953,1880.8344361758418
-3473.612134046563,1881.2907064391572
-3473.3630578720426,1881.4194922736074
-3472.793035240292,1880.864680305396
-3472.1566266825607,1880.2489973309214
-3471.4661876079886,1880.0108456454577
-3470.342245793297,1880.2782657605705
-3470.280926964581,1880.2782435853203
-3468.8254400391174,1879.1785806936507
-3467.382971056977,1878.7613071341716
-3466.7490803841742,1878.3334532050665
-3465.9817868984833,1877.2209722519767
-3465.84958429904,1876.9091084484091
-3465.458943353904,1875.8528226413912
-3465.1319965822045,1874.9183536467854
-3465.4364986528453,1874.4747790874144
-3466.103642345838,1873.1511484193973
-3465.974897749955,1872.966266620985
-3465.588944556392,1872.0967130458546
-3465.9349447329614,1870.4021985515515
-3466.993899012969,1870.1316622193922
-3467.7316926298054,1869.306603788117
-3466.910134090265,1868.7577859897647
-3467.389436409885,1867.5657565270174
-3467.12620652437,1866.6903620359612
-3466.658879447559,1864.755656892177
-3466.2422508369973,1862.1975374864967
-3465.276730728787,1860.3985109102698
-3463.357470032445,1857.676858917963
-3462.52283310496,1856.3765261980848
-3461.2527648677524,1855.1439657002072
-3456.9016607652766,1852.7112096453154
-3453.307102125132,1850.8923849618964
-3450.639405831291,1848.1824361588554
-3449.8614651567814,1846.5063696564612
-3448.7614905760906,1844.1458081276899
-3448.0462483521924,1842.3439805606215
-3447.206882338303,1840.7288389856417
-3446.1221254717216,1839.4315101078898
-3444.416452508062,1838.2717121173782
-3442.272655081813,1837.2427279793055
-3440.2588767534166,1836.3356844720656
-3436.4317697261936,1835.5238508383034
-3435.0481920789784,1835.107800247591
-3433.1676954925815,1834.7623940024514
-3427.787042419386,1834.538628231841
-3425.0991419504294,1834.6415074008958
-3422.285975984349,1834.6255413344945
-3419.9769977872847,1834.9765336160779
-3417.798912166256,1835.576247864798
-3416.0541352103164,1835.97931165239
-3412.987226601028,1835.84226218779
-3410.106823852407,1835.5765037508213
-3407.6585218210375,1834.9901061487817
-3405.211470952194,1834.403609867114
-3402.8999521164005,1834.6276246081013
-3400.0419583125145,1835.8657960079802
-3397.9205720298182,1836.0867870938168
-3395.419071644319,1836.1259010871438
-3392.668598932101,1836.235849388483
-3390.174163573379,1836.585686035373
-3388.738720585581,1836.7980438359607
-3387.372890308736,1837.3860819589565
-3386.0562874449815,1838.1960796393707
-3385.6999754652165,1838.4147039374393
-3384.1559962985157,1839.5662627142685
-3382.6004768818857,1838.666475115857
-3375.5012613753456,1839.5143373083197
-3369.885591191195,1840.4885093707737
-3356.9130885523964,1842.7822841267541
-3348.2411004204896,1844.1261680070281
-3339.2008794234257,1845.9127183320395
-3333.3514809169606,1847.7683142511357
-3326.4513850573276,1850.3939126288342
-3318.6896240664996,1853.595768398371
-3307.1997786466986,1858.4291397650236
-3299.434421195923,1861.6950488930024
-3289.0661151543054,1866.258008590521
-3279.3246529569797,1870.6853352772187
-3271.398811282902,1875.3899950008392
-3262.362112269299,1880.9326757425802
-3253.4576968066494,1886.8452799904003
-3243.75868204837,1893.9005504576467
-3234.118854792208,1900.6382492277576
-3223.5593558408164,1908.5837115667923
-3211.2621687131937,1917.3109370872417
-3196.8720275343976,1927.951070080666
-3186.4306592844096,1935.3300373182112
-3177.050643101595,1942.7552519661474
-3171.3004722495702,1946.549506194902
-3167.532376999514,1942.1756545516785
-3162.6157469021464,1943.1132715701515
-3157.394842842749,1944.1077477981357
-3123.9647891893324,1968.1775665850246
-3122.431578888818,1969.2123648157612
-3117.679013280258,1972.62413842705
-3116.4508712270513,1975.5266415803383
-3116.952681154332,1978.8602243542407
-3116.019347821502,1981.5679133598908
-3113.497828529328,1984.2880544160962
-3110.5204921738696,1990.0296521287714
-3107.2370537745605,1997.365144433521
-3103.7901712844205,2003.9818918414924
-3101.5955818496573,2007.8133483397507
-3097.0358294384673,2014.3589166663612
-3088.3593146042313,2022.8446805075682
-3078.5744397946114,2032.053478112399
-3071.488771754457,2040.3670022519639
-3063.3060135875994,2051.4709656909495
-3057.5023183892836,2061.5225415174104
-3052.3256879591536,2070.6999185776017
-3046.351538865193,2079.561338961402
-3042.5928561639416,2087.056401978173
-3038.5188651168996,2094.7113644919937
-3034.779962846457,2104.5906435309776
-3032.4725257271202,2115.097001233458
-3027.222655777243,2135.7867298496426
-3025.720967739156,2147.5593614204276
-3024.8396150393887,2157.2577036755256
-3025.233326341408,2167.742871214488
-3026.112827292252,2179.2535147558083
-3025.978212514253,2182.5898855455725
-3028.5556700685997,2192.9648213275955
-3031.2172714977855,2203.6846177540874
-3034.1130596943076,2208.2700091318
-3038.7936978759917,2218.404918362471
-3048.129953491393,2234.6225219137755
-3053.273172810249,2242.847985563004
-3057.1205891505065,2247.5846076602124
-3060.1635177344856,2250.580349971233
-3065.131821353565,2256.583350625857
-3068.9654800292287,2259.1755633427433
-3074.0592188338246,2260.567199979336
-3079.6224891895363,2260.84269590781
-3095.5123314813072,2261.205609565785
-3099.967275967742,2262.125339594487
-3105.381073933429,2263.3562006973693
-3108.2535746172,2265.239698790228
-3108.5960533511175,2266.4508656578387
-3104.5131625805398,2275.6425365722653
-3101.464359688621,2279.5306750865393
-3098.8431477799004,2281.9939345274884
-3098.3840879565714,2298.9809882733834
-3098.011403304619,2312.7734001641074
-3098.273548646936,2313.45686712021
-3098.3042878840097,2315.1427396236227
-3098.340122200974,2353.2299200114217
-3098.346504109415,2359.558116512305
-3095.1968746407274,2537.7043609488423
-3148.099480638473,2598.9591746153806
-3146.1246174073476,2600.61935305182
-3143.155862759971,2602.842690178562
-3087.080436675543,2538.6321079302534
-3087.0497307983674,2536.5795564519744
-3087.7873922909666,2412.797392518507
-3088.3083022762876,2405.4771590232776
-3088.2444537487972,2402.202668440459
-2977.119249254708,2391.4116790959215
-2966.199715955684,2457.045527797637
-2995.505355124776,2461.590232819762
-2994.5096524224414,2467.4006180470487
-2965.2029714490413,2463.0436438752768
-2960.4875582558698,2491.390839851838
-2956.754492435102,2514.2204097263443
-2955.117705671648,2523.8846159908308
-2950.8821381730518,2548.876300326803
-2955.1097522187315,2549.70312677532
-2984.3808737154313,2555.4397922651706
-2977.644678081765,2594.2153461006524
-2955.09716697724,2590.5571510656564
-2898.0857546498296,2581.3067649991394
-2891.2633344024584,2623.960408898086
-2920.5297712786946,2628.846615656778
-2919.4532610466335,2635.871034503171
-2890.13996546841,2630.975839410449
-2876.665155201445,2715.215984921313
-2897.5629530280767,2718.8486605087974
-2895.4275978040573,2726.5131539933755
-2875.3669753578242,2723.5713982854136
-2872.544468757814,2743.6363294576504
-2873.736433414642,2752.8797596461422
-2879.3418843807954,2784.0028367553386
-2887.062821170922,2829.4718085549575
-2888.2229550455936,2836.300001010722
-2888.386254267432,2841.4012321822065
-2888.557902176485,2846.7562282659783
-2890.4482192090422,2881.4644871557443
-2951.420066585678,2877.3851466343217
-2950.166714986285,2848.878389390592
-2954.7229269332524,2848.4241364133113
-2955.01782635565,2848.105428295791
-2963.563669076585,2838.839154549498
-2963.8864783844347,2837.8268980578155
-2964.9660213103925,2832.358373487172
-2963.898092668445,2831.2858377104258
-2963.4130611801793,2831.939245653962
-2961.0795433373682,2830.1969014582646
-2958.7473596800905,2828.4534609994676
-3001.0642388810575,2763.7685777821657
-3002.6457897449845,2761.356834215924
-3008.822574759326,2764.812091578928
-3009.362761737723,2764.928169740764
-3018.062066939426,2750.323907631195
-3021.19190898158,2744.6711996976182
-3021.3097915504823,2736.9561240084654
-3034.867008600144,2715.4735970902198
-3088.7802181194993,2666.1301431055217
-3092.8550831333746,2662.641126959869
-3097.3648833502893,2668.000517322617
-3041.1086361326943,2719.431632178064
-3035.280771200082,2727.071084828249
-3031.825730360015,2734.0916477142714
-3028.1249824279544,2745.7366135900793
-3024.8824016007798,2757.8504476953535
-3021.7389391497804,2764.9071222664165
-3010.1330827500387,2783.183738725064
-2990.0731391366276,2813.078730125149
-2962.5850687970124,2856.1766869841344
-2963.2728270061743,2865.1760870105177
-2965.580089766588,2885.166671530952
-2968.7127318544276,2913.3493294547775
-2969.7902665997954,2918.389898680464
-2972.835378146827,2929.3535965189026
-2976.963939639022,2942.3809473579145
-2981.0998310222203,2958.6279130001644
-2981.3569452660377,2959.6333668260654
-2983.5735943871364,2965.555577713144
-2986.347634734138,2970.1439145109894
-2990.3745689031944,2976.7142636654967
-2995.82444847271,2984.5659405498327
-3003.800810989359,2995.7799653548113
-3013.2551212151016,3008.6492035290535
-3016.064303429002,3012.548192293179
-3019.2787016960715,3016.782068336774
-3019.3845114590526,3016.9299302167133
-3023.9863837253165,3016.3987179072133
-3025.3334082900983,3017.705161236156
-3025.235408558716,3019.507801160283
-3026.745106927188,3019.985977123369
-3028.06554940909,3021.4652781338036
-3028.9389853784096,3021.2776260122664
-3029.578794529324,3022.0692396263953
-3030.211525032028,3022.5591091684278
-3030.093375751247,3023.1845004834267
-3029.7274913781666,3023.767021076949
-3031.126178049326,3025.2463472257077
-3031.6230916578716,3024.9877543319103
-3032.573450208442,3025.024961958472
-3033.01467860821,3025.967334108562
-3032.6475116299152,3026.648805578964
-3034.4121965853305,3027.4467601208457
-3034.927983666367,3028.439130390207
-3035.692853756949,3029.4316792421673
-3035.6975974196266,3029.7303303967446
-3036.4142687520552,3030.6708946305616
-3037.173153810822,3031.33267275295
-3037.7276926286922,3031.650649859399
-3038.1137014864826,3032.3191927091198
-3038.499578122246,3033.1416488355117
-3039.13577166687,3033.7555085579725
-3039.6480336788136,3034.5500749375224
-3040.611409388351,3035.360644460213
-3041.6194731042947,3035.7186652989976
-3041.9959791313113,3035.8386834322446
-3043.6366314101324,3036.8655251968826
-3044.0201685169322,3037.4352158636184
-3044.1382792536574,3036.9336136888755
-3044.684598912521,3036.601023103587
-3046.083257942291,3038.1542657461987
-3046.170858234998,3038.9028129453263
-3045.987550173016,3040.082889719094
-3045.9688727392236,3042.1592669920815
-3045.4967184122115,3044.0446797332434
-3045.1413647049985,3045.351583139375
-3045.042170543647,3047.2271393590763
-3044.9898912501453,3048.731044267977
-3044.6263471038765,3049.562240272955
-3044.5236809825874,3050.8132644992347
-3044.3586096027216,3051.5686142250343
-3045.2909283833646,3051.928606404835
-3045.7537433339303,3052.9210602213875
-3046.0557130561087,3052.9181636107837
-3046.89277652542,3053.7817603613307
-3047.160589721297,3054.9520054798604
-3047.0473368417543,3055.654404696528
-3047.42507739456,3055.824397879557
-3048.110528195543,3056.5640578397247
-3048.3267767088028,3057.512443979584
-3049.0063407547264,3057.876346189787
-3049.024044497071,3059.1274086377007
-3048.5037433913003,3061.0617829317616
-3049.188064992137,3061.678451617243
-3050.022787712743,3062.2923751882054
-3050.2183968886975,3063.6134185317055
-3050.604378746673,3064.360065682035
-3050.364757427196,3065.0373875856976
-3051.068483268201,3065.2284319409746
-3051.838024943919,3066.4678633663484
-3052.0289817496005,3067.46611624358
-3051.871033479982,3068.6421113006495
-3052.443213028265,3070.1372374263988
-3052.280577303185,3070.8396208850545
-3052.285280305556,3071.264355285564
-3053.0548369584153,3072.454710118742
-3053.3744270937163,3073.698786468536
-3053.2164539308014,3074.9527855246115
-3053.647016127071,3075.3225938060623
-3054.2338666070177,3076.0623225925265
-3053.9989784817462,3077.069417411213
-3054.810760983838,3077.6802418764028
-3054.833205952638,3079.2331475426
-3055.4128941074023,3079.6739252001153
-3056.1102386720354,3081.0391179773865
-3055.6380842562958,3082.9245303332623
-3056.517385817774,3083.1616154818726
-3056.6531563262893,3083.7842944431036
-3056.9908664566833,3084.7055876749714
-3056.144464561916,3086.719856732535
-3056.949274513202,3086.95791568969
-3057.8368414521447,3087.694648304948
-3058.177046164274,3088.6399819841276
-3057.9421193248636,3089.7681724777403
-3057.142716558006,3091.409593214734
-3057.3542733189097,3092.155087839285
-3057.3612713052457,3092.706704216367
-3056.7968167223535,3093.4149445377816
-3055.8799895664297,3093.929259578596
-3056.1995381558013,3095.3003170274324
-3056.2859690200476,3096.0497617514607
-3056.350571469481,3096.9771524434154
-3056.744751153591,3098.169383029616
-3057.0174624455503,3099.667306821913
-3056.7800966188174,3100.5974940368974
-3056.416494466758,3101.351882608747
-3056.691561131137,3103.049605187798
-3056.919509156976,3104.9723473930276
-3057.2414919126268,3106.294428721546
-3057.7232364205984,3108.3400433476236
-3058.2402042393683,3109.532313149863
-3059.4972179259557,3110.013306518464
-3059.7651267663664,3111.135472913169
-3060.5558067682473,3110.423314935931
-3061.932075176473,3110.4767210076934
-3062.820875149455,3111.262431457097
-3063.08874333283,3112.510581418002
-3062.6734623332654,3113.141962262056
-3062.742759599266,3114.5159325632953
-3062.2600408623257,3115.526040356176
-3062.514926284892,3115.8957929793346
-3062.0310002660694,3117.029789148157
-3061.0606178494754,3119.124915055116
-3061.321596264272,3119.7445418329557
-3061.5624436735043,3122.5414920348235
-3061.1336598656544,3123.9253780965814
-3061.8550831178986,3125.367485853314
-3061.5502972694603,3126.621438012088
-3060.7667000178344,3127.8842148602157
-3061.524569769693,3128.300112421532
-3062.291658713958,3129.3635860803192
-3061.677957872417,3130.173754322004
-3061.860564352138,3130.6694673569577
-3062.0022787456815,3131.7447113512317
-3061.275118034857,3133.383262167928
-3062.2807908308387,3133.6183932069084
-3062.3776585275323,3135.1182560838665
-3062.693721920804,3136.1636309336163
-3062.575694881218,3136.6651332359434
-3061.3386586956617,3137.6350008329505
-3061.861558350859,3139.053105415337
-3062.5770514767423,3139.992574142299
-3062.592290010111,3141.1208444634485
-3062.851933421612,3141.7393736350573
-3063.0394635069156,3142.488950497513
-3062.255807542464,3143.677812930771
-3061.514636326792,3144.2631053605974
-3060.6916775920795,3144.4507706486647
-3059.169245725449,3146.3017336897155
-3059.6944603618645,3148.0456204591947
-3059.644984690394,3148.3384689182085
-3059.9741010454522,3150.0421939079633
-3059.9893803791624,3151.0434832709493
-3059.11825078585,3151.3580145719457
-3058.1655928052974,3151.2467895160607
-3057.273420594969,3153.4618396218275
-3057.722849693182,3155.0816138870114
-3056.999238868888,3156.844054967265
-3057.595476560759,3158.212308028094
-3057.1091991907188,3159.1424159888034
-3056.6756346198645,3160.353435087604
-3056.5153631237913,3161.2316775160984
-3056.3273978844686,3162.1090133796497
-3056.600048512168,3163.5300304935618
-3055.045769446047,3163.504398564415
-3055.8552483623575,3163.9914334599825
-3056.833996334952,3165.7292801264016
-3056.7840396290994,3167.532035177318
-3056.133876259873,3169.167518771463
-3055.3121630508535,3169.380122274255
-3055.667545523845,3171.3767197790353
-3056.132297657176,3174.121771930069
-3055.524403004181,3175.3076984761487
-3055.7994243458256,3176.879637194883
-3055.1468426909973,3178.5152198504893
-3054.9319793783047,3180.823452422487
-3054.254179233318,3182.283069171657
-3053.532045913274,3183.081233543823
-3055.1535539996285,3183.895106439942
-3055.121873647677,3185.1492456325027
-3055.268164115372,3186.523140800347
-3054.545768206968,3188.408473799542
-3054.9423064289285,3189.779555910556
-3054.759100439357,3190.90666587062
-3055.2432796855455,3193.153176706941
-3054.8050908064033,3193.9604088758856
-3054.8121057593903,3194.4589586439565
-3056.5333283376913,3195.686723838139
-3056.7253705897924,3196.933752371821
-3055.699837093162,3198.576298423823
-3054.968064062649,3199.787122940462
-3054.2820070121384,3200.7231524517842
-3055.247687686199,3201.8355660941643
-3055.89455605512,3203.203735515726
-3056.460675197322,3204.3191142502974
-3056.1149177231964,3206.1525977415968
-3055.372425019032,3206.7129529253984
-3056.3310913932364,3207.3227271792707
-3056.5231722273206,3208.4480614667896
-3056.2342310509225,3209.202274450683
-3056.0639260124162,3211.2046896033485
-3056.566775416568,3211.3997601509964
-3056.9598060882468,3212.518076263352
-3056.596191275065,3213.325431883298
-3057.4825946442165,3214.0121897856125
-3058.2474721574463,3214.9276344251634
-3057.5226979389445,3216.6900752473666
-3057.152046166398,3217.0687056355196
-3057.9144770513794,3217.808391016364
-3058.555374462299,3218.8008027109595
-3058.4597659404058,3220.6774576522325
-3059.786679320053,3220.8586266989873
-3061.1770078964787,3221.7625006537874
-3060.6978215196573,3223.2221804103838
-3060.837096917553,3224.0946331985933
-3062.218090770547,3224.4497828145118
-3063.116149509159,3225.986908705776
-3062.9377840304,3227.366785131194
-3063.3888561518943,3227.4848329592996
-3064.403888598379,3228.4185123807074
-3065.205079426926,3228.4586680950374
-3065.599359620653,3229.5769849960493
-3066.203816551732,3231.570670185071
-3065.9048787230854,3233.3272615649053
-3065.4967161578165,3234.408315028822
-3065.1378364062657,3235.538361212376
-3064.9605156551033,3237.0420269785936
-3065.8093172339472,3238.706118413864
-3065.075189848656,3239.7201358862044
-3066.453775626595,3239.772545876828
-3067.0176618817864,3240.81690299695
-3066.2412945875117,3242.4524454839707
-3067.735594057794,3241.9292387711484
-3068.3870099235255,3243.6701741334955
-3068.578043881532,3244.6715198625093
-3069.0291151178303,3244.7895679589387
-3069.345165527233,3245.8618755338744
-3069.236488924884,3246.863025646848
-3069.9402527494767,3247.1531226239995
-3071.392957335291,3248.8812474795673
-3071.543978880297,3250.578931140577
-3071.2110037027487,3253.3887655920594
-3072.052739005154,3254.4491718935656
-3072.456328702841,3256.445785711029
-3071.724664066075,3257.585787000472
-3072.157497903306,3258.1274651799054
-3071.896857816588,3260.632488588414
-3071.4093240381653,3261.5906251388687
-3070.350322041632,3262.7853839262475
-3070.253476124138,3264.6129617681668
-3069.7612328954297,3265.170403494343
-3069.523985945465,3265.998646749009
-3069.796523581507,3267.496670968864
-3069.649179529478,3269.425079330514
-3068.5948453128967,3270.8947492138786
-3067.5952210873625,3270.832385389054
-3068.352888733525,3271.32229758461
-3067.739089395927,3272.2063798890176
-3068.0047123649397,3273.15578005457
-3068.358945113803,3275.0754711692803
-3068.41308483763,3275.325360780636
-3068.2504111222593,3276.1536279370175
-3066.557588681323,3276.6797636128254
-3067.6424143756094,3277.4134681684636
-3067.6603974554378,3277.521402790452
-3067.838123436287,3278.661595494797
-3067.736527973731,3280.21446198288
-3066.6850389251667,3280.355969478781
-3067.368232105393,3280.7968808341107
-3067.643256785672,3282.3427855374166
-3066.854953496288,3283.2299043492203
-3067.369487888855,3284.173299369496
-3067.299616376954,3284.600902799197
-3066.9020591123062,3286.434469304089
-3065.136569739259,3288.5722334051306
-3066.316503204308,3288.9943510211747
-3066.991514747165,3288.9335201492217
-3067.207616478328,3290.057765224095
-3067.647628801517,3291.1021826062033
-3067.3052801730782,3293.234416535276
-3067.761191039404,3293.6012411915276
-3067.950890387519,3294.599594073729
-3067.5897565886103,3295.4807647385883
-3068.1753563452976,3296.173412497519
-3069.0735307835776,3297.5856528733398
-3068.957844426093,3298.337128015227
-3068.199535832032,3299.5968204199667
-3068.7923111154787,3300.5434325495567
-3068.5056273985415,3301.547518291376
-3068.8986520147223,3302.6688275288107
-3068.460510124766,3303.601942985576
-3068.1844869190027,3305.179691091445
-3067.6248091991397,3306.115760202505
-3067.7723065934524,3307.616736956922
-3067.488018576333,3308.694737828317
-3067.0593099618923,3310.1276009890803
-3067.0229300866645,3311.20578089306
-3066.9272770480234,3312.958447459132
-3066.182472040169,3313.4697244318254
-3066.705337698342,3314.961843711597
-3065.7642850708075,3315.6510109633373
-3066.2871497166725,3317.146122710443
-3066.0628276432094,3318.7757571272223
-3064.4493199880076,3319.6256054460787
-3064.828193375196,3319.8715090611827
-3064.5956738289256,3321.0515702405405
-3064.987488078661,3322.0440027092786
-3065.014458319865,3324.0464810622448
-3064.532937878793,3325.2543925354694
-3063.12854302835,3326.652829983925
-3063.652536024418,3328.2708332656616
-3063.7918924224264,3329.1451814983284
-3063.809411254127,3330.445121632105
-3063.062367552879,3330.657748359729
-3063.567514858426,3330.9507739750757
-3063.3372841124997,3332.27866459102
-3064.0358437604077,3333.6958283030604
-3063.753919747937,3334.9497880713484
-3063.455001550841,3336.656305580787
-3063.1730607526574,3337.963332065251
-3062.5628127669106,3338.973299699511
-3062.837788952481,3340.6682300297753
-3062.729180893182,3341.721349827175
-3063.2484305570756,3343.0405023168096
-3062.816273244649,3344.0476340779896
-3063.1764487539376,3346.420987504575
-3062.312287412908,3347.4339663247224
-3063.201081048929,3348.170600372528
-3062.5079801296088,3348.7309708857897
-3062.0903893795,3349.31347400956
-3062.990814915375,3350.9774822025192
-3062.7619184084997,3352.3083657767784
-3062.145702077933,3352.9426751930373
-3063.3024399440624,3354.9275594168635
-3062.8172995371597,3355.983651247021
-3063.1132668823775,3355.678911478209
-3063.0874728348085,3357.3057167201923
-3063.3553745925246,3358.426985873645
-3063.7820736062886,3359.8819675967684
-3063.882979883288,3360.220748890468
-3063.2667394254186,3360.931965050348
-3064.2096151789606,3362.093449302232
-3064.1909339891463,3364.1709247651224
-3063.7058332363385,3365.1040255216026
-3062.6384879253396,3365.82108263562
-3063.100238111761,3366.4377813022493
-3063.5531864475506,3368.234612723848
-3063.266505295758,3369.238698720796
-3062.5758601159164,3369.9499909232086
-3062.4108333024205,3370.578459423406
-3061.9926653034904,3372.7107693332314
-3061.448750978963,3373.144206530653
-3062.3551356755547,3375.2089101032084
-3061.878344140655,3376.7676420741223
-3062.1919287756214,3377.7140650507145
-3062.466951165838,3379.2609673235493
-3061.6858375888696,3380.646636647369
-3062.2296671546164,3380.216092164712
-3062.458831399792,3381.9628776680706
-3062.2310317050797,3383.51859689452
-3062.53054838894,3383.5897141047285
-3062.8694995002297,3384.5081156163296
-3062.379657292769,3385.142465394701
-3063.1303861905785,3385.130735137037
-3063.7841483155735,3387.071469428058
-3063.18333540955,3388.5841772616477
-3063.610421229581,3388.8241112852656
-3064.318765261578,3389.3668747049783
-3064.4698094267164,3390.9906442754186
-3064.722391086722,3391.2376048180026
-3065.1142024352457,3392.2300373886064
-3065.0163140469563,3393.9336267416134
-3064.443456169712,3394.367154284076
-3064.953349325499,3394.9378839538986
-3065.5977660058606,3396.1021657931
-3065.311184507566,3397.0573745770575
-3064.5735074031204,3397.9933871196063
-3065.4575536376465,3398.431370095246
-3065.725453621922,3399.553736629578
-3065.989790792249,3400.6008909559814
-3066.7722190422537,3402.6656551647716
-3066.455653378835,3403.220160849022
-3066.5479260377424,3404.471247798578
-3066.6219947063946,3406.045018359867
-3066.086322181897,3407.056106954497
-3066.5134463997415,3407.1731498139666
-3066.845231287915,3407.543027045712
-3066.984546626846,3408.5412642192346
-3067.432751104409,3410.03525511929
-3067.401153300958,3411.2892949702104
-3067.0328282549376,3411.717900296442
-3067.3536318017764,3413.038984687997
-3066.8825758256735,3414.9243977489828
-3065.9621920497802,3415.4387109135496
-3065.519294486524,3415.870284950299
-3066.2781624010418,3416.4839865339304
-3067.2779632176653,3416.4683462370917
-3068.2342243539774,3416.706454703303
-3068.676601478244,3417.9016942423405
-3069.0189901889335,3419.01999499857
-3069.6634868654182,3420.1883669012987
-3069.9277993084775,3421.3096351940258
-3070.071721326963,3422.5076720332877
-3070.7620092002458,3423.423293588662
-3071.3570772016,3424.7394784657645
-3071.3747335540106,3425.8666528039425
-3072.0131976126972,3426.856072447067
-3072.2159833478095,3428.6557170641354
-3072.684742735727,3429.7740584422236
-3072.248918133748,3430.781188728868
-3072.513368452894,3431.7305888604683
-3073.484950404003,3433.089786746104
-3073.8731951209306,3434.0111969900854
-3074.0123584908483,3434.959559530882
-3074.7819746618243,3436.124879668185
-3074.4807627103664,3437.704614814595
-3074.461964645064,3439.879944646533
-3074.2164406018137,3440.2597118434765
-3074.8584895711742,3441.251028088326
-3075.2491887979268,3442.320367614529
-3074.9479169216993,3443.8271858944354
-3075.7043867033412,3444.3670728892293
-3076.4798637451954,3445.9810680580135
-3074.949212689117,3447.33048654541
-3075.4531856846847,3447.623512464763
-3075.899091849579,3448.991519564745
-3075.671264500567,3450.371480091733
-3074.8912141615842,3451.8351528905614
-3075.41523810297,3453.329068811883
-3076.554205287094,3454.238849711164
-3076.5743002717345,3455.5627308011485
-3077.0177832564355,3456.682161569747
-3077.5417671346695,3458.2990686717544
-3077.4507742514293,3460.6043489382055
-3077.5490542740254,3462.1041133994404
-3078.6380259557054,3464.665629609694
-3078.9699191183954,3465.210268357221
-3079.865756552659,3466.5726346278166
-3081.4623285709376,3469.5528628354377
-3081.556911367813,3470.8749724016466
-3081.94177152365,3471.419528521096
-3083.264561254468,3472.9019311348516
-3083.545454451995,3474.849429898409
-3084.260904262939,3475.838974931728
-3084.458929979298,3477.385853300236
-3084.422489125188,3478.390119042287
-3084.6275436601945,3480.3866701996835
-3085.2249846968293,3481.82874061609
-3084.5449131354453,3483.140526438876
-3085.5693064044153,3484.70373025828
-3085.9141365617647,3485.99789079122
-3085.1717385071934,3486.5851762694947
-3086.0141040995168,3489.247460805284
-3086.16979542584,3491.447784281257
-3085.7558471683587,3492.1311343583443
-3086.3991024097836,3493.2475376510542
-3086.4296305922558,3495.324031804778
-3085.9373982804036,3495.8813731372747
-3086.264080879908,3497.579213898886
-3085.8558706147237,3498.8362249273755
-3085.237490396617,3499.220659917056
-3084.304801930445,3500.4094732248254
-3084.4356986429625,3500.860183336831
-3084.8322882395773,3502.277251834023
-3084.677820337081,3503.5342447629773
-3084.185688638081,3504.03971651094
-3084.331905706333,3505.613610391129
-3084.106500579574,3507.2432444877336
-3083.297696828505,3508.3831207512335
-3083.8145802098034,3509.5014782721078
-3083.5315552370616,3510.5555395253705
-3083.5562824987333,3512.256275660349
-3083.7226406173895,3515.007219588686
-3083.413106601394,3516.0113976002226
-3084.1814391577045,3517.2537248034027
-3083.892529777034,3517.9311302228593
-3082.915171129162,3519.523615376761
-3082.2350188111805,3520.836398905115
-3082.8241537589183,3521.902810137486
-3082.7108046221056,3522.654086611895
-3081.844549432057,3523.2173927040385
-3083.3042215460296,3525.4492570774337
-3083.0210892576997,3526.579327421421
-3082.8379456952985,3527.7813492623945
-3082.097870546112,3528.418610232703
-3082.934845630625,3529.1583218967744
-3083.0788993610195,3530.4554103779847
-3082.980801519661,3532.285980886331
-3082.3600450361937,3532.5446312471977
-3082.992572346196,3533.0344048412244
-3083.3820802803148,3533.9029488042706
-3082.959264284681,3535.711370327258
-3083.2911296581606,3536.3340133507636
-3083.9402007117706,3537.773207667015
-3083.3852122980848,3539.208922717727
-3083.0299038605913,3540.4157769652693
-3083.989645945028,3541.202609933011
-3084.1912323460706,3542.8263964264183
-3084.2113260421675,3544.1503774523007
-3083.669715806038,3544.708800305319
-3084.3211510754363,3546.57562136084
-3084.221949962,3548.2053958830616
-3083.528962405281,3548.7136958475353
-3084.374258539958,3550.029064471148
-3084.259642351153,3550.830315027483
-3084.285660049651,3552.4082601012433
-3084.62513950746,3555.0302838157813
-3083.957385832444,3555.664675190378
-3084.2757441342624,3556.7858617270103
-3084.7891180659503,3557.6554430968017
-3083.5205592100515,3559.802341898629
-3084.28763833281,3561.0406788072346
-3084.065657472475,3562.9201865424707
-3083.3678932340895,3562.9819066563646
-3084.8952182239805,3564.6581886469744
-3084.865791353924,3566.159109337435
-3084.2990320180356,3566.5924382599346
-3085.262292864094,3567.5820631753945
-3085.7769612243433,3568.574436614737
-3085.356458034422,3570.456872973852
-3086.63344324621,3572.1890341905855
-3086.597126435532,3573.0674162772298
-3086.4139240400905,3574.1944265127463
-3087.0476586734326,3574.8112816127186
-3087.7191412060265,3577.877097980448
-3087.567121157371,3579.305960121249
-3087.8372441981637,3580.7539105417413
-3088.398977834002,3581.419619790576
-3089.2406405382853,3582.610001660694
-3089.2606986596857,3583.7830618216562
-3088.9018278194367,3584.917197419859
-3089.293603999415,3585.986438343657
-3089.808255129467,3587.027888757531
-3089.3652958498074,3587.413377529504
-3089.768869137328,3589.4060030769574
-3089.2380622701103,3590.6139976479017
-3090.3047364510135,3591.6494414169606
-3090.324812095849,3593.026489262211
-3090.7237235052257,3594.471588543127
-3090.8675832941385,3595.8464817891368
-3090.766070810052,3597.3993487749685
-3090.2398146481487,3598.9819040240936
-3090.0071744064007,3600.2888463456707
-3089.3295056763113,3601.674646932926
-3090.1618165445507,3602.11261566583
-3090.601812056114,3603.1569348384414
-3091.669025853514,3602.5136951621926
-3092.8608520834405,3603.6973075259784
-3093.007130693802,3605.0712041112874
-3093.34494287832,3605.8668150431067
-3093.9088375250135,3606.8092303690696
-3094.2971138451235,3607.604757860725
-3094.639618974238,3608.8489437114813
-3094.6935892854376,3609.098833540178
-3096.295391837696,3610.775041734758
-3096.0687994868404,3612.2078697225033
-3096.0864720883314,3613.5329473680545
-3095.477365911923,3614.6668025129256
-3095.410958818934,3615.2183956533772
-3095.8076403079904,3616.5894803668507
-3095.572595122046,3617.593582425709
-3095.8346441737654,3618.465078357323
-3094.689931415986,3620.434262282054
-3095.0012341170195,3621.1797905055787
-3095.2597171813186,3621.72849598945
-3095.2715464815747,3622.550834439585
-3095.7450341577614,3623.9709209386874
-3096.243104882618,3623.913027492314
-3096.638451260535,3625.284211576236
-3097.524837563004,3625.896959502724
-3097.8467412901978,3627.3920087664424
-3098.5550670394227,3627.9307849275933
-3099.0626512003837,3628.3746345454006
-3099.59482520365,3630.418274148366
-3100.2415351362924,3631.9093387325256
-3100.1788168232015,3632.660731233957
-3099.8850440078418,3633.1663661236335
-3100.3380734047164,3634.9100335471117
-3100.7168932842155,3635.280027028313
-3100.443275468578,3636.9126379536583
-3100.625928454172,3637.486356209675
-3100.767515571978,3638.660453262629
-3100.857501099032,3639.482916753318
-3100.6202277358498,3640.413103642075
-3100.1915050389034,3641.919880370893
-3100.2836212879706,3643.1179013113224
-3100.430104747342,3644.3690065503097
-3100.2467617788916,3645.671974666814
-3099.9684278843897,3646.9289275892834
-3100.0401942932826,3648.3769141423463
-3100.060184747885,3649.7547600907405
-3099.7712136144314,3650.6320630904356
-3099.9058284295625,3651.1837211811953
-3099.91747335769,3652.0590265857554
-3099.479333621404,3652.767305778398
-3099.4946923544203,3653.7656034862107
-3099.7085120242286,3654.687058472232
-3099.4712707960343,3655.519291435301
-3099.480621238319,3656.26771477057
-3099.870146586647,3657.0622454596887
-3100.8792038393253,3657.750044962196
-3101.183517893057,3657.9190191994367
-3101.9554431746114,3659.358254715159
-3101.803273935158,3660.98791244786
-3102.357799061486,3661.2289867496124
-3102.7508298467415,3662.273291382706
-3102.853652922393,3664.1499115403826
-3102.54412173124,3665.1539894044818
-3103.432900209359,3666.0946152115393
-3103.9627531529663,3668.0841902100324
-3103.425840102324,3669.095376442885
-3103.701991279371,3670.7161952918173
-3103.9070767714134,3672.591851071572
-3103.4872267528385,3672.9744539757485
-3103.7985112067736,3673.7689595326565
-3104.5198031763966,3675.21107163922
-3104.2103794980385,3676.141235138688
-3104.2643880319083,3676.2711264368554
-3104.8078053294657,3677.5834069391112
-3104.9504358671047,3678.8804955742876
-3104.716808914179,3679.8855954506766
-3105.4992887774374,3681.952258941972
-3105.5603136195255,3682.824587889762
-3105.327797798521,3684.004648706267
-3105.54396948931,3685.128895318373
-3105.814210990518,3686.450962661484
-3105.383092009552,3687.6340514234985
-3106.2353854489497,3689.4458776703364
-3106.503356257157,3690.56714860369
-3106.3154204451976,3691.371367801514
-3106.206787210479,3692.499598999264
-3106.553960314321,3693.9965521323743
-3106.621008275568,3695.071773497603
-3106.3837764889213,3695.876076484157
-3106.8958911232216,3696.7415690850767
-3106.9053641606165,3697.367101146514
-3107.1838667926113,3699.1918088705174
-3107.7007370797546,3700.3101679929478
-3107.788310297042,3701.1085912154617
-3107.4787150020225,3702.312566916388
-3107.11753342345,3703.119822225252
-3107.833022219626,3704.186276217696
-3108.2272370217006,3705.4304794839873
-3108.3817585634997,3707.3530013361524
-3108.687172246024,3707.726861612365
-3109.5300977577554,3708.8393415514934
-3109.4309375668413,3710.592007576009
-3108.866498280439,3711.35321244006
-3109.7034724949967,3712.039959668654
-3110.1023439544374,3713.5839117381347
-3111.1303811850116,3715.395895221005
-3111.2612581665544,3715.8944855841887
-3111.707146631523,3717.262694388276
-3112.108411508866,3718.883554179776
-3112.3680188562203,3719.5550521906102
-3113.150577844439,3721.619821206172
-3113.5316722518346,3722.1655745748885
-3113.122314755884,3723.120742533918
-3113.1424277239666,3724.371807102693
-3114.4474429723555,3724.728934871421
-3114.785265091944,3725.4754699557843
-3115.098900885089,3726.4698746707786
-3114.49576661256,3727.9793872977393
-3115.2581523809276,3728.719177540378
-3116.1468494085107,3729.631774988861
-3116.166978207187,3730.832865086087
-3116.76436670003,3732.3738894819617
-3117.294186848775,3734.4445617284896
-3117.1831158180325,3735.3717968657475
-3117.5691225739806,3735.942489372358
-3117.6361531100697,3737.0665881318773
-3117.2796236480913,3738.4465064171977
-3117.4212471705346,3739.497712541811
-3117.6279857792283,3739.867551080147
-3117.689107820411,3740.692898204389
-3118.453937505415,3741.6084481082116
-3118.5930916441516,3742.5578092239134
-3119.122961209122,3744.473570664567
-3119.2516662053295,3744.723385232599
-3119.718085046932,3745.792751677
-3119.40853842505,3746.8469033566575
-3119.6706380223245,3747.5454345089793
-3120.0153466365773,3748.9135111088717
-3119.965480339875,3750.6671906538554
-3119.9761443048346,3751.218709045407
-3120.104725789168,3751.5914149634664
-3120.2016783853455,3753.0394100824824
-3120.150725595112,3754.5433165672275
-3120.739782609409,3755.5357163570407
-3120.873144885232,3756.0833844454087
-3120.888433766093,3757.032605561158
-3120.9037477907896,3758.160877027286
-3120.336957790353,3758.7182922950215
-3120.228447448065,3759.7224351172913
-3120.3570288075443,3760.0951410428775
-3120.8927288063746,3762.2887068634736
-3120.6542887680853,3763.218893043968
-3120.6156088709768,3763.9183238867217
-3121.0073982251597,3764.913652024545
-3121.2031327337454,3766.287764950331
-3120.9680722870785,3767.3418410987
-3120.9388234295902,3768.792787690397
-3121.3282176830253,3769.7143004399336
-3121.3917177934995,3770.663537269274
-3121.6125837584286,3771.9606517862208
-3121.9239787836045,3772.6572040775463
-3122.0537679811528,3772.906021554714
-3122.274651821418,3774.4040315752018
-3122.2118089506353,3775.279312915737
-3122.680628926211,3776.39765733391
-3122.7369595662344,3776.8223092604203
-3122.8351613524665,3778.2742948546884
-3122.5173960896504,3778.9546824557933
-3122.611994258812,3780.202679155038
-3122.8006911596426,3780.902283781173
-3123.023829190013,3782.6489700613333
-3122.843044381888,3783.7790729668213
-3122.9739445288446,3784.201754190059
-3123.368169987802,3785.3970809785856
-3123.2159828061854,3787.076713161809
-3123.6787874130237,3788.2230853023752
-3123.998575268256,3789.014601929108
-3124.5671962490096,3790.2567680855473
-3124.460923945405,3791.5597611279522
-3124.8010136382363,3792.505098121489
-3125.3331902930577,3794.7516301256437
-3125.2786092252563,3796.12556190065
-3125.541842208938,3796.9240426295714
-3126.0023153984985,3797.543836544154
-3125.893681438197,3798.6708706966388
-3125.7151262133725,3800.125758669901
-3126.3641994763493,3801.739617794119
-3126.575775159617,3802.3623231063607
-3126.8399869945656,3803.483493821265
-3127.600153794746,3804.100393028261
-3127.986057810807,3804.719963233309
-3127.9290975647723,3805.9711026024074
-3128.0730980496014,3807.1442036455237
-3128.2739267397824,3807.2151910286293
-3128.7813833636355,3807.760986284362
-3128.8073940305894,3809.335740090804
-3128.8273802714407,3810.712688674302
-3129.082352111692,3811.008628853514
-3129.770137352799,3811.822210637322
-3130.119663928693,3813.495024017102
-3129.882408977724,3814.373240938088
-3129.819497534389,3815.2017397484874
-3129.584621427231,3816.2028488345386
-3129.981106553062,3817.6239098055103
-3130.5655852301525,3818.3175590480264
-3130.6408159989846,3819.8663940762426
-3130.4059549099006,3820.8216183833647
-3130.4235872271643,3821.998767981742
-3130.811886903811,3822.9422257293368
-3130.8189634878554,3823.4938427700304
-3130.589901950691,3824.8247255903416
-3130.481308838627,3825.825875882019
-3130.8131865326854,3826.370516713157
-3131.340644806743,3828.2412912587993
-3131.0311158750123,3829.245468199806
-3130.7938771849713,3830.0748078605698
-3131.1974544614527,3831.997411721843
-3131.099476229795,3833.698208485674
-3130.8692311585205,3835.078067931207
-3130.7147895130124,3836.5079266302987
-3130.664939020262,3838.2085396178027
-3130.6391588393794,3839.7614314500743
-3130.9141490482552,3841.3322766142096
-3131.0686226542175,3843.380882569597
-3130.8361235992747,3844.5118662944933
-3130.4701408934266,3845.2171753337066
-3130.6705693469225,3846.767148521455
-3130.559557587548,3847.7682980560976
-3130.4603275125583,3849.472086940242
-3130.360038300447,3851.0987691222263
-3130.8697878669855,3851.7673569095423
-3131.63696101927,3852.8828067866034
-3132.149063669973,3853.7522909194995
-3133.4935789919487,3854.9298739193946
-3133.6222821291167,3855.1796887277874
-3134.5157220942583,3856.341164614257
-3135.2035277840882,3857.080832466844
-3135.2117207688334,3857.533498397883
-3135.8502570299906,3858.449008577219
-3135.9342139194828,3859.071572680581
-3135.5274047849884,3859.896866851441
-3136.2129168424667,3860.5075579264267
-3136.74765361317,3862.0475658844457
-3136.5128736897204,3862.7559100986327
-3136.015900853677,3863.064572083598
-3137.1281612433027,3864.620728815014
-3137.5116442370227,3865.2375056830147
-3136.908678551258,3866.2474717272394
-3136.4936609796696,3866.413219447344
-3136.941885456332,3867.7473161615667
-3136.7540308792513,3868.3059517153533
-3135.846716593379,3869.2758187681843
-3134.6461097344877,3869.2993662338026
-3134.1047221996896,3869.7338976858196
-3133.1120602901124,3870.25416608531
-3132.170108409646,3870.5287681091204
-3131.1573392368687,3870.0447521086376
-3130.017590041751,3871.6981272148823
-3130.3010458703116,3873.140098833719
-3130.3009633610236,3873.3928640560416
-3130.6230588069466,3874.2593933890707
-3131.0220591239326,3875.377615844614
-3130.5441507802043,3876.5665737452728
-3129.884647909542,3877.280864259297
-3130.320036802654,3877.8205514154993
-3130.958628718289,3878.3074376786485
-3131.6824045959634,3879.490703106577
-3131.3236213568857,3880.374965115157
-3130.581215550751,3880.8154161238763
-3130.6614814801364,3882.013533666149
-3131.300014698337,3882.679270804316
-3131.06513790739,3883.4316046762306
-3131.1551586721976,3884.1310776164014
-3131.7144096892584,3884.6729000129694
-3132.0640319726463,3885.788113917696
-3131.636704099857,3886.873249060253
-3132.759027699473,3886.7256870048104
-3133.120106942899,3886.217182194903
-3134.1198185959547,3886.0696799992393
-3134.437482546492,3885.690935157571
-3135.4442687944747,3885.8452774319007
-3136.1261252921354,3886.4060925723093
-3136.624356879928,3886.0704986286255
-3137.1863045176115,3885.507097672673
-3137.8200990434225,3885.8679991960644
-3138.384204375253,3886.357754329909
-3138.833993746986,3886.4748079245064
-3139.7743223569637,3887.587322688828
-3140.8569717939636,3887.6067292770845
-3141.3633156277856,3887.969584298599
-3141.93092445175,3888.7121060501954
-3142.143582505841,3889.331819658415
-3142.5849086160783,3889.821534824453
-3142.9190700321933,3890.515202642886
-3142.6073528047586,3891.072700275437
-3141.984195215468,3891.088456059382
-3141.3681067009866,3891.67677639254
-3141.375140816521,3892.101412356675
-3140.839710342063,3892.6867666468916
-3139.5898522211173,3892.8403707343086
-3138.8320525426743,3892.4054143755834
-3138.249908650424,3892.239240718886
-3137.382486923322,3892.381000275296
-3136.7582052325333,3892.5186499323845
-3135.959429619053,3892.660232567522
-3135.3266783130134,3892.426212880772
-3134.875554620012,3892.3091590133663
-3134.1261825344423,3892.3739508252006
-3133.517226668176,3893.088157866764
-3133.025010988113,3893.648589334414
-3131.916929720315,3894.372708175727
-3132.2910244808922,3894.3627556243714
-3132.753952578416,3894.8565671271376
-3132.635502242931,3896.6710717845713
-3132.764143447002,3897.108814649946
-3132.265858384411,3897.6102922179125
-3132.3944382287987,3898.2358633827216
-3132.459228946579,3898.547601764997
-3132.33753849072,3899.046309582994
-3132.1546033789605,3899.612827066699
-3131.90546126456,3899.862518494363
-3131.5927179078412,3899.989297767932
-3131.281161873204,3900.0561279811473
-3130.3532195051803,3901.3719201666363
-3130.664733457861,3901.4338665240116
-3131.415295553491,3901.554010427333
-3131.607560020121,3902.3025935249025
-3131.674750539242,3902.9281446436994
-3131.42675719074,3903.4916484282894
-3131.1174779005846,3903.9940855059663
-3132.2789057301184,3905.673149219094
-3132.122308692744,3906.55448477061
-3131.7611649861374,3907.2628876370177
-3131.0752070507187,3908.0271439671133
-3131.036575266625,3908.578646414038
-3131.2240020433223,3909.071270683738
-3131.5713281249837,3910.063692213618
-3131.381155582387,3910.572252894645
-3130.7133551843503,3911.1605570403126
-3130.2776096771922,3911.7180146115334
-3130.6612151504787,3912.2107028923115
-3131.2516514866697,3912.7774728471923
-3131.516109697361,3913.6439834472008
-3131.407515643274,3914.39536107756
-3131.0981362057205,3915.205625131137
-3130.946269619286,3916.1608766468325
-3130.954571309908,3916.536536027341
-3131.221264512628,3917.4550168481837
-3131.412277578249,3918.2034997983587
-3130.9320688993475,3919.0357527441756
-3130.890950233828,3919.5402723637435
-3131.0256025305075,3919.960062266041
-3131.09623273057,3921.035285329758
-3130.5630226156673,3921.72457993932
-3129.746086377003,3922.3158279812405
-3130.0094149903202,3922.8095742425335
-3130.5263941770154,3923.5491860967836
-3130.740302379296,3924.1717926337733
-3130.248171901129,3924.7321245477237
-3129.5164418605136,3925.696264100259
-3129.580045747854,3926.321814054511
-3128.2973340958283,3927.2267222448236
-3127.9880397362426,3927.778236196551
-3128.4532800644997,3928.594638203745
-3127.4953154975583,3929.904435952435
-3127.6600224862536,3930.2402465223213
-3127.3060633426408,3931.1732878329294
-3126.772914968577,3931.9316093475554
-3126.790595104421,3932.9628256018477
-3126.9866274229553,3933.1547078265653
-3127.3641012335424,3933.7764698689743
-3126.871951248546,3934.3987464037164
-3126.875610158498,3934.4327621823572
-3126.715218310573,3935.1882127309623
-3126.027027052374,3935.9023944683677
-3125.7463424568705,3936.709675586775
-3125.7558553799918,3937.2083265203514
-3126.270458235429,3938.071926037242
-3126.425291975902,3939.2699681921554
-3126.3166976301563,3940.0243383922584
-3125.9508250580807,3940.659823077696
-3125.2649514109303,3941.1742073466457
-3124.6465821555144,3941.607617046176
-3124.386042045003,3943.564118956592
-3124.6457658779245,3944.1127261577594
-3124.959532859153,3944.679405626216
-3124.9409680993813,3946.1063164267252
-3124.830039435687,3946.8577931554596
-3124.274095480586,3947.6959070104526
-3123.7456196252783,3948.708890752629
-3124.0029826949058,3949.0788457783656
-3124.519878568899,3950.0712225958137
-3124.4173590200057,3950.869584344251
-3123.4764609898657,3951.5188467821085
-3123.507291528055,3952.8937044370896
-3123.347085651913,3953.5920983989536
-3122.534872671438,3954.2883848616775
-3122.1796976628657,3955.373544012975
-3122.56801608691,3955.9891249438824
-3122.542359867528,3957.166260667859
-3124.2985660779073,3957.32663125256
-3125.180205260402,3957.561728812796
-3125.6949149411353,3958.3503167258823
-3125.960513050265,3959.04396168292
-3125.534283964258,3960.3527359898876
-3125.132148683007,3961.440772475202
-3125.3147770033,3961.810703196319
-3125.677604213989,3963.350555007826
-3125.494500656923,3964.182905091268
-3124.835070369116,3964.950063312865
-3123.767875381948,3965.3963940663452
-3123.3949697732273,3965.6051481294267
-3122.9844760171095,3966.236428941244
-3119.5041770038997,3966.9479070648804
-3118.7001675069287,3968.3274807435623
-3117.5189511287253,3971.602671545184
-3118.3993645463447,3972.0127287589685
-3118.6673841979305,3972.955049874936
-3118.0079125753114,3973.5963246616307
-3117.64690490953,3974.153807142107
-3118.5814022988766,3974.711710741313
-3118.429505099836,3975.767809299985
-3118.083743771733,3977.1487290318055
-3117.5170230949834,3977.5331789849115
-3116.9684570183667,3977.7488586795976
-3116.6014016469912,3978.1804553432085
-3115.9368511851762,3979.8220168399994
-3114.8132477214376,3980.092372123852
-3114.977510857634,3981.7932545763656
-3115.9254417542725,3981.8214923165892
-3116.0825702470725,3983.14651626977
-3115.5229042630667,3984.1536051632183
-3115.2400098594258,3984.837994509741
-3116.0481662233296,3985.321942445002
-3116.6505149022364,3986.4372380553214
-3116.2170623086026,3987.3952911571664
-3115.8489801321234,3987.6511288610127
-3115.5577190226504,3988.15855983608
-3115.37216456772,3988.8369958288313
-3114.6381856489334,3989.5542558000716
-3114.9133039907006,3990.7254045458676
-3114.1240295223283,3990.916068863938
-3114.817730928337,3992.2253071060795
-3114.4024985120227,3992.813694477718
-3113.791240660137,3993.449000250889
-3113.822096735984,3994.749045819464
-3114.221092969693,3995.870360007975
-3114.04500421865,3997.195275785242
-3113.4348725122336,3997.9595580879823
-3112.516957722374,3998.2269879194623
-3113.4235278631427,3999.7611305809824
-3113.6286847934416,4001.132154650396
-3113.395103974986,4002.0164581267036
-3112.984628322942,4002.5987623861142
-3112.1267328741533,4003.488848279637
-3111.7833105950203,4005.121536856781
-3111.3516402646615,4008.5597630004577
-3112.1342129838217,4009.9960110588418
-3112.1650874456036,4011.4969522071583
-3111.6799883803187,4012.2540932384563
-3110.8690731779857,4012.8244972654697
-3110.5079590755668,4013.4587871519548
-3111.114901038446,4015.0668466211937
-3110.813762356929,4016.2009010826587
-3109.960579517885,4017.223855085119
-3109.486204541644,4018.606628752571
-3110.0753854245877,4019.1704045962874
-3110.099149516176,4020.2215728277747
-3109.4902058913244,4021.1857538488225
-3108.9234881579764,4021.570204341144
-3108.510702112938,4022.0786934032776
-3108.4692044438452,4023.7573647752333
-3109.311032308094,4024.568002789088
-3109.5814948018356,4025.4345148733487
-3108.856849804496,4026.700400759671
-3108.1875719411887,4028.016179411491
-3108.1381970003904,4028.26493873469
-3108.582981858411,4029.1344997734204
-3107.740358685031,4030.778896985162
-3106.833171019856,4031.671860146062
-3105.889877260435,4032.0203787776327
-3106.024529422867,4032.439071154111
-3106.613668520388,4033.1298279368457
-3106.304337068229,4033.8102190543113
-3105.6882589248307,4034.4015342830494
-3104.3546864711666,4032.7253104894276
-3105.0039535190454,4033.960619321891
-3105.270660862308,4034.8330153006978
-3105.175293863519,4035.960154119393
-3104.615645698035,4036.9252491799384
-3104.2498206970313,4037.429663909676
-3103.8382032603727,4037.9382533185867
-3103.7707712335227,4038.313888229314
-3103.795555541968,4039.5650546166676
-3102.6510581877737,4041.018533771124
-3102.2852081948236,4041.600952703029
-3102.3006467747005,4042.349478182341
-3102.6901135205985,4043.018025761935
-3103.8457972691126,4044.3684098089648
-3103.492920816395,4045.3265893895714
-3103.330497944547,4045.668278738122
-3103.626254845389,4045.95206209203
-3104.324879984577,4046.987588557136
-3105.2823077353173,4047.2896407991943
-3106.0400783475393,4047.5236990431954
-3106.6738887875977,4048.063449521545
-3107.113876313799,4048.806127551493
-3107.2038157868556,4049.499615433916
-3107.151819989192,4050.629661048006
-3106.4923955444965,4051.144155053655
-3105.7345682721575,4051.0859551746853
-3105.183330585959,4052.0960399825494
-3103.639831385691,4052.453242267929
-3102.6354650662042,4052.3479808369357
-3101.7491150218348,4051.746104755615
-3100.8236260426975,4053.0129238433105
-3099.7983608338395,4054.0848001962527
-3098.9730515383712,4054.3003915141257
-3098.349947692339,4054.441036569675
-3097.4966723113707,4055.506884000199
-3097.388264154178,4056.2123774488923
-3096.9115386505187,4057.3952529886105
-3095.9165757965293,4057.6167747725535
-3095.4279333997074,4058.2512236050275
-3095.816315358281,4058.9207680645254
-3096.333373204017,4059.66047800019
-3096.5472399378014,4060.408967793696
-3096.3688563315936,4061.361119262927
-3096.005410495526,4061.9926159993906
-3095.5961311685414,4062.755867095574
-3095.537027045455,4063.431351869544
-3095.9181827272782,4063.748279400092
-3096.674808458966,4063.9083223957423
-3097.141255877434,4064.8488118550135
-3096.838853496241,4066.0317437010544
-3095.9786428414386,4066.623080511782
-3096.7435311549684,4067.2828713428535
-3097.318465511725,4067.2729822718366
-3098.126676358241,4067.8277509474174
-3098.1082550315987,4069.081895902507
-3097.250266427319,4070.0248504294677
-3096.507952530924,4070.4892441069915
-3096.696626710771,4070.989050188314
-3097.2028639455034,4071.398884975698
-3097.8449088917278,4072.26431978318
-3097.442847259653,4073.148569326647
-3096.6330422009783,4073.915780794191
-3095.383101210754,4074.143105547589
-3094.0780902251827,4073.917948801771
-3093.0785227590513,4073.939671075934
-3092.8846688944527,4074.2412511637376
-3092.726743689573,4075.122587145141
-3092.1012630401606,4075.137347924908
-3091.8735860595666,4076.0895833569866
-3091.5006941407114,4076.271406327498
-3090.124537451828,4076.3018852481882
-3090.830163275064,4077.6111257618304
-3090.6699424996414,4078.369569613592
-3090.1777398198587,4078.9269111954186
-3090.0776752056254,4079.885172757236
-3089.759919336384,4080.315689149162
-3088.906705826563,4081.4585440486585
-3088.874034829941,4082.1580770340975
-3088.257861685626,4082.7983704078674
-3087.139067837328,4083.195711676344
-3087.147395818825,4083.4945639701514
-3087.8293459796278,4083.729593885799
-3088.587032722906,4084.2164160725024
-3088.677119362023,4084.7150930143307
-3088.735844365431,4085.2146576067616
-3089.076116707639,4085.83042133384
-3089.3250919406537,4086.0802743594813
-3089.8819700913527,4086.1913752140567
-3090.333001798154,4086.3084269742653
-3090.6551771254235,4087.174855514405
-3090.6211547794146,4087.9262578229514
-3090.8109760608913,4088.748654178962
-3091.4518781086017,4089.535286073159
-3091.717457331662,4090.2838922076926
-3091.6065735551506,4090.9093858218303
-3092.064824732122,4091.399104265255
-3092.698647298488,4091.636114009554
-3092.8319385414707,4092.13580242516
-3093.5198964243414,4092.6197097874006
-3094.604793641654,4093.0976605281394
-3095.6198130053804,4093.778379653395
-3095.940652075919,4094.647900184134
-3097.2130986456204,4095.7484486277676
-3098.2126241117526,4095.8497179577857
-3099.164187122977,4095.702196536625
-3100.0962626506207,4096.236157767295
-3100.603929570217,4096.347143598568
-3101.484389154051,4096.581241161495
-3102.000209296429,4097.271874271191
-3102.140743529139,4098.069317541858
-3102.5325789794674,4098.885794501059
-3103.155638305118,4098.874026103695
-3103.780098136023,4098.658370141252
-3104.6473496569333,4098.467929682473
-3105.02871903594,4098.6348343631535
-3105.180993567422,4100.008933565401
-3104.4540601740523,4101.148735762872
-3104.476649147745,4102.224043115251
-3104.2488723412835,4103.225155534289
-3103.7086412327685,4103.739588593642
-3103.3452366317947,4104.24709642333
-3103.486854640594,4105.045537570518
-3103.2544459715914,4105.926749570228
-3102.692506139071,4106.512097589293
-3101.5689168456893,4106.785646454075
-3101.3341943073424,4107.343070739483
-3101.300107188971,4108.292376102334
-3100.685350176582,4108.682896313236
-3099.733747666263,4108.698548672994
-3099.067318743713,4108.963068616986
-3098.5077235475296,4109.779337831828
-3097.64134458794,4110.37057278944
-3097.09043357955,4110.382364840866
-3096.0162430210835,4110.333140789748
-3094.633016494619,4110.05888193565
-3093.9522370422005,4109.820859418607
-3091.9766683843873,4111.040259030582
-3091.664829242287,4111.748579756553
-3091.1234731315817,4112.13413676508
-3090.0467975632105,4112.031945573388
-3089.530978318949,4111.338320605718
-3089.392927788799,4110.595740556846
-3088.8253866890377,4109.930128591062
-3087.7393472177655,4109.378163965122
-3087.4302304324583,4108.885501224339
-3087.2802680743343,4107.835190039447
-3087.316484831217,4107.261641837604
-3086.5517229833795,4106.475967834396
-3085.869814919964,4106.11505409637
-3085.359934839246,4105.62521958106
-3085.46247317159,4104.494092774144
-3084.9817999925635,4103.181932463293
-3085.049272613633,4102.67642349209
-3085.5413934380204,4102.3687546996225
-3086.051530793744,4102.318844547318
-3085.770103226557,4102.091025807183
-3085.70645779259,4101.589364895376
-3085.45391627441,4101.277566346302
-3085.142427203117,4101.157567208845
-3083.833380233102,4102.081325748999
-3083.3329470940944,4102.0412650593835
-3082.7027115106644,4101.804257082654
-3082.396017448544,4101.5573781596295
-3080.7399954680595,4100.142896417208
-3079.8512473018177,4099.486059544875
-3079.88994309095,4098.983434035436
-3080.127173582175,4098.404962881874
-3079.6918333056574,4097.736301685797
-3079.1713138211358,4096.869809827699
-3077.747344674285,4096.191853950825
-3073.9295235543527,4095.149444023439
-3070.431198547686,4095.7889151047416
-3067.1272775518787,4098.055065369128
-3063.9427337338993,4099.477972291039
-3063.883644466722,4099.8536101861855
-3063.513935312538,4101.042706115846
-3062.827154644763,4101.04847176621
-3062.3880917474144,4100.802548716511
-3062.3266878722175,4101.113248929768
-3061.836684420807,4102.367143719281
-3061.5226977954294,4102.492927415452
-3060.337826111479,4102.437687065337
-3060.152337929473,4103.1889414240595
-3060.030693070759,4103.564659130709
-3059.533795973295,4103.944147375772
-3059.03339236712,4104.072963934797
-3058.8480200650697,4104.199885984001
-3058.9150511605712,4105.074112330349
-3058.667130923403,4105.699662392187
-3057.798386157276,4106.392744464525
-3056.9875188250844,4106.5863991131355
-3056.239251153714,4106.903962706905
-3056.678150895081,4107.39965827635
-3056.809072015207,4108.275101969974
-3056.6874066715886,4108.715656920734
-3057.1899892015736,4109.338453722856
-3056.695373088062,4110.151653853456
-3056.1358574312558,4110.4681803598505
-3057.0161975817023,4111.337877887779
-3057.704045186888,4111.645824468102
-3057.4641868950935,4113.14657961095
-3057.028678614811,4113.525289562806
-3056.5931861074855,4113.592980462955
-3056.59768515369,4114.655214766531
-3056.414553254507,4115.34263025481
-3055.7914183313246,4115.595197057082
-3055.543513564672,4115.911922632109
-3055.3580864705978,4116.473453484922
-3055.4274961522115,4117.474661748747
-3055.1772334604443,4117.600465960426
-3054.5541184167396,4117.791188133809
-3053.1212644571738,4118.302347356104
-3052.8118972325146,4119.115606656671
-3052.5651609920287,4119.43033768482
-3052.188678282523,4119.371166151366
-3051.4957591845564,4119.275086380443
-3051.3174969593574,4120.125394525656
-3051.0732423638196,4120.5050633369
-3050.637632893537,4120.941528531458
-3050.0132030149693,4121.0713036127645
-3049.449096512779,4121.13905369926
-3049.0736990728637,4121.076989897308
-3048.511987696682,4120.95691240983
-3048.3232119124386,4120.771916760201
-3047.6386299068668,4121.21239270592
-3047.18998002831,4121.215242652757
-3047.0200510146124,4122.090590661242
-3046.8346436187353,4122.5920724687585
-3046.5843408271085,4122.84485805413
-3046.0839980705587,4122.785747170956
-3045.6461478210076,4122.662716699283
-3045.332300775908,4122.351797476581
-3044.8398817741117,4123.60579215421
-3044.5259947534023,4123.4207568721495
-3044.02797219982,4123.672366659391
-3042.962224446026,4123.305349182285
-3042.5335777131672,4124.931928754313
-3042.350525325388,4125.37256417409
-3041.9798502445515,4125.937128778446
-3041.4816446235513,4126.503548195589
-3041.1699551758934,4126.7532222258305
-3040.6732023651502,4126.94687811055
-3040.111373076041,4127.199465368764
-3039.614414508182,4127.51611242255
-3039.9919099005924,4128.326597346757
-3039.8111190616455,4129.26388651462
-3039.314041540963,4129.956190332453
-3039.069729089676,4130.520695343668
-3038.883134905843,4131.084221148316
-3038.200928759716,4131.400709840311
-3037.8869627126774,4131.465547355323
-3037.4515750957103,4131.468401957895
-3037.136334023403,4131.345410700964
-3036.7611230185425,4131.222400466363
-3036.5131813160065,4131.659025475846
-3036.763422830695,4131.59815772468
-3037.2035928326222,4132.0330056059265
-3037.018123306961,4132.469550633361
-3036.9567786573466,4132.596512381263
-3036.517721166438,4132.599365864579
-3036.6497088092246,4133.535656876486
-3036.52798615879,4134.1611477307715
-3036.9659194005003,4134.284177814084
-3037.2183153766537,4134.531038105046
-3037.3469577321134,4134.968779840863
-3037.2252350455074,4135.594270695321
-3036.9784200106305,4136.160769958624
-3037.353817888446,4136.219840803546
-3037.4799776122586,4136.595637292347
-3037.3595060787006,4137.221028787242
-3037.2377833976684,4137.846619393019
-3037.240123096666,4138.0963929950385
-3037.3048560667735,4138.595061464051
-3037.248171542978,4139.282517381278
-3037.000288600259,4139.534206747719
-3036.6237078366544,4139.786852867742
-3036.250649785515,4139.977655404079
-3036.2552697243127,4140.665130734423
-3035.8845959716436,4141.22849858766
-3035.5753489316685,4141.669094209335
-3036.3315813360136,4142.791615705964
-3036.270158967276,4143.164260563602
-3036.6511368390725,4144.038785684437
-3036.4031746258897,4144.541245404129
-3036.6580176855687,4145.224809968329
-3036.9128398154176,4145.974308984519
-3036.3567987134516,4146.9164669158445
-3035.858614787929,4147.41884744169
-3037.0516236249805,4148.09971650822
-3038.3605722603265,4147.715496791666
-3038.3652312981194,4148.279083204402
-3038.1844403940854,4149.218267672153
-3037.9377293128314,4149.720827495122
-3037.1905348853957,4150.349212520961
-3036.5660476661037,4150.6667171130075
-3036.1931774456307,4150.792483003781
-3036.0715178834625,4151.482910859211
-3035.077584936011,4152.17505766591
-3034.8910312499797,4152.612699653586
-3034.831903260402,4153.115318912392
-3034.7078608528486,4153.428991997236
-3034.208770412351,4153.3708796198525
-3033.7083663161006,4153.246832401109
-3033.6493423374245,4153.684514747632
-3033.0898147926873,4154.312759952995
-3032.340236679169,4154.568480293225
-3031.963671499335,4154.510307023488
-3031.525965660655,4154.198351588062
-3031.0267131602373,4154.389114447493
-3030.6549113667793,4154.829690467132
-3030.1351641332753,4154.946432734159
-3030.09659152062,4155.332152051806
-3029.913442100516,4156.0835075398645
-3029.35157500075,4156.46207910178
-3028.913789007299,4156.403886616152
-3028.4782995283813,4156.4687858108
-3028.106375711481,4157.032253334086
-3027.733382375261,4157.2849009486645
-3026.8576692489364,4157.351556511066
-3026.5450340627335,4157.166621946673
-3025.8558737512594,4156.796732697308
-3025.1677039491774,4156.988334017221
-3024.3580138838997,4157.431764674642
-3024.1112206723083,4157.9332275904235
-3023.798447426872,4158.1859940880895
-3022.925093656592,4158.441576402714
-3022.4258369393665,4158.38236734332
-3022.1188331833932,4159.383556573611
-3021.685520927967,4159.950994982874
-3021.123734048348,4160.076701957696
-3020.124116582887,4160.021425163689
-3019.001811270026,4160.217977470307
-3018.9413943882537,4160.843388119373
-3018.882331509645,4161.4069544831245
-3018.8845533772087,4162.032484598235
-3018.9493459611203,4162.34432208264
-3019.2713810515284,4163.403564147722
-3019.399885999207,4164.279006639994
-3019.7182702646796,4165.277300606095
-3020.037929772382,4166.463523128946
-3020.2301346825193,4167.147067555943
-3020.4825377342463,4167.899657639292
-3020.4930070271284,4169.08578282418
-3021.0547159342914,4169.20585868073
-3021.244579342838,4169.643619507025
-3021.373143272628,4170.331034149796
-3021.2549940950744,4171.267246205514
-3020.329705072524,4171.969590633177
-3021.4528486037593,4173.079059602988
-3021.518793314268,4173.704510058223
-3021.2095674543325,4174.083261448215
-3021.073587903004,4174.166010740471
-3021.1503821069737,4174.770616952721
-3021.2152582578424,4175.0814569859085
-3021.4722581301007,4176.33259680594
-3021.605418992388,4177.518760655704
-3021.6134888425704,4178.642940634975
-3021.618031101409,4179.5801888470905
-3021.6226911489543,4180.143675527878
-3022.258471660618,4181.829742999164
-3022.260713769483,4182.390336184876
-3022.3927458250555,4183.452511012012
-3021.7706217733607,4183.954952991436
-3021.5215084891,4184.1456954083005
-3021.523848551259,4184.395568771948
-3021.5237698449478,4184.645341625172
-3021.526110255365,4184.8941177466
-3022.1493036924862,4184.703393434852
-3023.0308468636563,4185.449199371981
-3023.0307485896387,4185.760916695401
-3022.9067069467087,4186.074689691126
-3022.661205019963,4186.451266633341
-3022.538335782872,4187.014812883139
-3022.164112142732,4187.2056156103
-3022.040071533166,4187.516296384184
-3022.048302197823,4188.3946935364065
-3022.0505839909565,4188.829402800938
-3021.305732847785,4189.710455451843
-3021.2489074908303,4190.58474238565
-3021.0054451943365,4191.9006615495155
-3020.761017334119,4192.839926110931
-3020.5801899603016,4193.902999899396
-3020.2754637667435,4195.092018367793
-3020.0538989830225,4196.001265529939
-3021.3445141188167,4196.337428975618
-3021.411709738554,4196.962979588977
-3021.169559124852,4198.087080782715
-3020.614591140781,4199.343949880932
-3020.4340131675117,4199.61571055036
-3020.619050050151,4200.281297845318
-3020.810267856104,4200.654022396194
-3020.938767482282,4201.279592324209
-3020.799061047932,4201.80921845543
-3020.693088794034,4202.218756749408
-3020.3872300844796,4203.03211805339
-3019.8891131407454,4203.598538680907
-3021.458679159303,4204.33837666569
-3021.460861776017,4205.087895507796
-3021.339199292208,4205.528450967811
-3020.7182881294934,4206.156877103639
-3020.097377089128,4206.785203531625
-3020.09959917799,4207.40973619474
-3020.228098759207,4208.035306111197
-3019.9836672975266,4208.722703086082
-3019.421882355147,4208.851402653216
-3018.9863796489094,4209.231012126619
-3018.98866063316,4209.668713894835
-3019.243315957469,4210.41711521593
-3019.7449299732475,4210.66305602504
-3019.748359085028,4211.162802378678
-3019.5654170500957,4211.791266736605
-3019.5026807649074,4212.10196685378
-3020.1339568420112,4212.724702576
-3019.5790741928386,4213.978579294165
-3020.4580736706157,4214.848173435898
-3020.7823090049887,4216.594990020194
-3021.165694068899,4218.031005636813
-3020.858642940318,4218.659530630734
-3020.2944794374584,4218.662345460658
-3019.6782535847806,4220.042086807693
-3019.247147819759,4221.292910292738
-3019.2494869572893,4221.545875911153
-3018.8197740122614,4222.611863921802
-3019.0686458597224,4222.919669638418
-3019.011937887511,4223.422389557231
-3019.326832861129,4224.105872897622
-3019.331532614064,4224.5435754305645
-3019.2700909472633,4224.981257150229
-3019.0834950252183,4225.294910774668
-3019.0858147272847,4225.609621361283
-3018.8390427101185,4226.050237237765
-3018.1533613364713,4226.301789342666
-3017.601947643332,4227.932421373565
-3018.042031000535,4228.366270912526
-3018.1704322853466,4229.303657913414
-3018.1113456060802,4229.679296154906
-3017.737232393576,4230.054835286742
-3017.176596906724,4230.245579572583
-3016.6785355555476,4230.3752968426215
-3016.0575672250457,4231.191551697494
-3017.002790572572,4232.060069119999
-3016.69108857609,4232.627645823351
-3016.697986473184,4233.501952875128
-3016.201078625745,4233.942490157514
-3015.950838654766,4234.007348436045
-3015.077472823925,4234.323878461458
-3014.7044828450485,4234.576526604415
-3015.643857502911,4234.946493761554
-3015.7109902411376,4235.507107389419
-3015.586949176153,4235.821878003071
-3015.2776665613123,4236.388258516407
-3015.279987293052,4236.700076371639
-3014.8443642762454,4237.201579974242
-3012.8508807659978,4238.215207121451
-3012.9145251477485,4238.464002515641
-3012.979420305876,4238.7137957979885
-3012.478881620538,4239.0314406808975
-3012.430225881151,4240.719088198682
-3011.6795513628845,4241.03665456789
-3011.3759364282,4242.413601915264
-3011.0076275040083,4243.165996976932
-3010.0044325033496,4243.109622859059
-3008.0655278893964,4242.434508078592
-3007.3775906231385,4242.437284853828
-3006.6256796799134,4242.443034103662
-3005.628411481069,4242.636634696666
-3004.626526003158,4242.393530376962
-3003.747346557087,4241.835654973481
-3004.0566917285087,4241.333113821037
-3004.6184745624355,4241.204413348417
-3003.7405451783243,4240.649530830076
-3003.0547226748627,4241.090009639911
-3002.1790118841122,4240.907792307122
-3001.6798233104087,4240.910628568615
-3001.303365352342,4240.786621810503
-3000.7392810028896,4240.540662411402
-3000.3650598963845,4240.731466003103
-2999.800936134059,4240.611390588959
-2999.301889741732,4240.426298838785
-2998.7991681580465,4239.991433071226
-2998.230480456921,4238.996053940087
-2997.9166165886477,4238.746182940205
-2997.3525130107614,4238.561070958882
-2996.9111974261236,4238.065377254901
-2996.780414739046,4237.002105842944
-2996.4075087467268,4237.2547547232
-2995.656848505495,4237.260505224284
-2995.3406821390995,4236.637969237278
-2994.9641402071265,4236.514960202649
-2994.149963474837,4236.394807048449
-2993.7746085791355,4236.209754200356
-2993.1457704619784,4235.525076479102
-2993.014889054422,4234.7766146941685
-2992.5748583753652,4233.904067759479
-2992.6316231707788,4233.214616518543
-2992.8123439709775,4232.213486583529
-2992.747467611779,4231.901649224712
-2992.7430452829635,4230.838417296173
-2993.4925126316266,4230.647830261885
-2992.3620411030493,4229.779157622738
-2992.3574373997753,4229.029737749355
-2992.792981640156,4228.7780060069435
-2993.1658933108565,4228.77512987721
-2992.85210696629,4228.275386428444
-2992.6610113162915,4227.776778518885
-2992.342420261882,4226.904269485983
-2992.40160322541,4226.216913746351
-2993.651512328084,4226.02039814184
-2992.51757042574,4224.777962807341
-2992.0137383236274,4224.156266145577
-2991.698681340044,4223.718466814549
-2991.3801734326407,4222.8460575958525
-2991.813539362718,4222.091786858869
-2990.7490709764315,4221.662831051459
-2990.249720112265,4221.915440741762
-2989.561736282652,4221.795327321019
-2989.247851411473,4221.610293819724
-2988.812326866242,4221.798086267408
-2988.5643694783334,4222.2995497816
-2988.4427479161122,4222.614321486266
-2988.1937589387658,4222.679180879359
-2987.5693617333536,4222.9957909695895
-2987.1963526987092,4223.310484399028
-2986.94849318834,4223.498135874891
-2986.6345105906785,4223.626914535175
-2986.2603282981295,4223.691834747338
-2985.5758342597305,4223.882542318343
-2984.454490886287,4224.766473176785
-2983.8314426920774,4224.7692718241
-2983.516126284864,4224.896055178011
-2983.0783636085125,4224.772030069848
-2982.6405162822416,4224.651994941019
-2982.01510770583,4224.466964561517
-2981.5772603491228,4224.346929479786
-2981.263395598389,4224.096959280852
-2981.386222775879,4223.659396149216
-2979.7543604468315,4222.355860601481
-2979.6303204254373,4222.670531916659
-2979.3823051460618,4223.359923818375
-2978.6329731240735,4223.113908180303
-2978.0062350759795,4223.180645532247
-2977.3831867811596,4223.18344459832
-2977.00793334781,4222.937545217331
-2976.751838257461,4222.249991789275
-2976.3117719790557,4221.754199675081
-2976.30943074639,4221.504326309995
-2975.7407203883076,4220.570893007444
-2975.0573608843492,4221.137258508835
-2974.743495826781,4220.887388272966
-2974.303229425664,4220.7673527745965
-2973.4889425497477,4220.459273182209
-2973.175077441404,4220.209402999167
-2972.733759782657,4219.7136106648295
-2972.6087272627037,4219.46379902554
-2972.4825843658373,4219.029051370324
-2972.327676293997,4218.292552388939
-2972.101583769274,4218.21856791
-2971.97531992955,4217.904816427806
-2971.533983227309,4217.46997112889
-2971.287315801001,4217.848544027582
-2970.7868167222923,4218.039309650891
-2970.037425898043,4217.981123091126
-2969.409649985397,4217.358391740807
-2969.4061597452255,4217.047571048909
-2969.4038764995653,4216.609869287843
-2969.1549459684315,4216.485903277518
-2968.6497837500365,4216.113082578628
-2968.399679138757,4215.74024108628
-2968.1449426719155,4215.241613973338
-2968.1450199881897,4214.991841108318
-2968.077718434485,4214.428235294532
-2968.075473167716,4213.867642096325
-2968.1970941625596,4213.552870130787
-2967.633046660868,4213.179931515418
-2967.1303273447243,4212.998032302403
-2966.7551326300513,4212.560215195553
-2966.5639963930894,4212.187391987448
-2966.5003055893058,4211.814608202091
-2965.4881786753294,4209.882844594721
-2965.3050554391466,4210.569264422336
-2964.5556250965756,4210.636862460113
-2963.8002601231565,4210.206109947152
-2963.301249738497,4209.897131150907
-2962.7984285731927,4209.774084372673
-2962.422129182322,4209.401204058633
-2962.167263693825,4208.778688127273
-2961.977314953381,4208.340928420765
-2961.9773921398573,4208.091055809883
-2961.2813501248374,4206.781827487853
-2961.158459347239,4207.15754611787
-2960.5318614631683,4207.037453734034
-2960.1566072815413,4206.790557526288
-2959.839231722845,4206.29171181082
-2959.7755415109928,4205.916035332791
-2959.4558761774424,4204.7288172495155
-2958.639225668536,4204.23600201989
-2958.2014225829967,4204.2388594728
-2957.7658969879913,4204.429446314012
-2957.263319310242,4204.056627017293
-2956.9516469530754,4203.995683702075
-2956.761722480556,4203.748645257051
-2956.5092373790744,4203.249021663718
-2955.757644839832,4202.753134497746
-2955.261629690355,4203.819204643882
-2954.950104452584,4203.822101160223
-2954.6001970552484,4203.603142845217
-2954.2597970895254,4203.387179963017
-2954.0722087813065,4203.137349305227
-2953.7583413587918,4202.891469747669
-2953.126956913646,4202.333675330537
-2953.323214296419,4201.788205444287
-2953.8047156466237,4200.454303175533
-2953.861599455317,4199.640863085982
-2953.5455258062752,4198.704516442744
-2954.536978515076,4197.635606317735
-2954.6020312337046,4197.650588794208
-2955.037382549168,4197.755659431479
-2955.47536543742,4197.440984787156
-2955.405848877845,4196.754586687499
-2955.4649660533873,4196.00209427634
-2954.8395159436104,4195.944046839499
-2954.649546572672,4195.571323991599
-2954.6026965784413,4195.491310417386
-2954.3970411681616,4195.136537665553
-2954.3299378525553,4194.1971754575225
-2954.3253954701468,4193.509700139731
-2954.445886443176,4193.072036213457
-2954.6034771220975,4192.958170769054
-2954.881367010454,4192.758358265631
-2955.381822765417,4192.440810123139
-2956.0049373656457,4192.499954118128
-2955.869619625747,4190.438488167292
-2955.364558053069,4190.00362399469
-2955.299699851681,4189.627947194579
-2955.173677984628,4189.067315884479
-2955.480558929334,4188.438788758609
-2954.605002768841,4188.006902711728
-2953.853203313194,4187.636999324219
-2954.105593208457,4188.447442410901
-2953.6701891338844,4188.512245287223
-2953.48135496971,4188.515179625797
-2953.043442199955,4188.33020887278
-2952.4180306829862,4188.145180431867
-2950.9134307085687,4187.405274003474
-2950.727991443336,4188.030746391837
-2950.4801507659745,4188.156554091939
-2950.042243569361,4188.224348839448
-2949.3542768055045,4188.039301360607
-2948.8550020947655,4188.042140339975
-2948.541019449737,4188.168925247661
-2948.293196930499,4188.235781018576
-2947.792799820015,4188.362608403402
-2947.354912624179,4188.365466326732
-2946.6645838388717,4187.995482642258
-2946.3506522827934,4187.684666352422
-2946.350749015161,4187.36985680099
-2946.4074521203065,4186.8712262072495
-2945.9106218264264,4187.061994248763
-2945.5387675016495,4187.690401976766
-2945.224778544298,4187.5663168651545
-2944.9132147112496,4187.693202383318
-2944.475507515129,4187.381350662096
-2944.4105069044504,4187.196395037348
-2943.981273480693,4186.722652416737
-2942.3476375478394,4187.084840524296
-2940.3169559802727,4187.5408712655035
-2940.2266539353695,4187.722687022751
-2939.8536254921505,4188.101321729135
-2939.3533050849383,4187.978276950702
-2938.727752302497,4187.981077760045
-2938.1010309120484,4187.986870745761
-2938.119165117146,4187.872962309388
-2934.9816456496874,4188.694436817089
-2932.0476108919743,4189.336924105803
-2929.3626419418333,4189.66587576424
-2927.051810440451,4189.807113928557
-2926.304561936161,4190.373463380555
-2925.869138312967,4190.503204467799
-2925.304973174127,4190.506024885995
-2924.8046716101912,4190.3210363961025
-2923.9110627778537,4189.7322416004345
-2923.7389078203023,4190.015976599501
-2922.8088578053303,4190.769999264537
-2922.055934383145,4190.526979458405
-2921.617990022435,4190.717766696856
-2921.180339461408,4190.2179878896
-2920.7173048498416,4189.811167962964
-2919.8099636521915,4191.041003200887
-2919.374336231698,4191.292638475584
-2918.433773478767,4191.23748999674
-2917.995924719819,4191.11446534021
-2917.248836304416,4191.430843169929
-2916.4936842255925,4190.562393433186
-2916.553870323854,4190.12471069679
-2916.175131027338,4189.8127784472135
-2916.484428169014,4189.184350558065
-2916.9791883108596,4188.119375291984
-2914.3566981995755,4188.700118012983
-2912.166209635515,4188.335666105294
-2910.1032752359565,4188.163171524648
-2909.9225240128067,4189.290286626644
-2909.0537032818406,4190.294201827539
-2908.6180824766548,4190.799799951433
-2907.994975166518,4190.99033216719
-2907.61853248766,4190.805481874434
-2907.3613590068076,4189.804117918599
-2907.0544243479076,4190.620375225608
-2906.4961121255933,4191.125936257502
-2906.12195563676,4191.378588252238
-2905.745392344898,4191.31642995144
-2905.370295825816,4190.817768063312
-2904.9288979232865,4190.570853989314
-2904.364751584733,4190.511631419309
-2904.0531609558916,4190.453682334942
-2904.1099387323625,4189.701188900109
-2903.296878377424,4189.458152359742
-2902.2972645069362,4189.39889786409
-2901.794535536665,4188.965034711358
-2901.542054106901,4188.718177940707
-2901.3486097139203,4187.969698537839
-2901.5375844532377,4187.777837566057
-2900.84717042777,4187.407956904267
-2900.2807371074973,4186.912229847125
-2899.9043313467046,4186.604288924827
-2899.4017426307796,4185.981600043193
-2899.3295859368495,4185.737790325676
-2898.085756745407,4185.676467460338
-2897.7742505696524,4185.614428877804
-2896.833679242014,4185.3093101409795
-2896.33448780701,4185.31215187969
-2895.7727411815695,4185.314974765225
-2895.210974909226,4185.3828343752875
-2894.834494723794,4185.320676527896
-2894.023694069576,4185.32641683878
-2893.2093449016747,4185.2062722106875
-2892.647578651302,4185.274131971726
-2892.0208013638385,4185.464763865508
-2891.21465778273,4186.345907877048
-2890.90294653593,4186.4106511365
-2890.34123731088,4186.289585406478
-2890.0273686155206,4186.040715449388
-2889.673971963187,4185.491986446746
-2888.963021465686,4185.734662447472
-2888.211144054479,4185.614537060255
-2887.773256752843,4185.617397704656
-2887.2727955782543,4185.682184007254
-2886.776031181244,4185.934799850453
-2886.3404875086585,4186.187434140152
-2885.8412395637856,4186.378204564627
-2885.5284443440883,4186.442049922883
-2884.655031788486,4186.636598089992
-2884.279745260764,4186.765361655818
-2883.7816094736886,4187.141068187233
-2884.03647972648,4187.766574507648
-2883.5371112528933,4188.081233954415
-2883.0401802343576,4188.333949695742
-2882.6637639474206,4188.336829049368
-2881.729066455526,4188.468417098509
-2881.4765389421573,4188.09557715488
-2880.5404966741385,4188.538982016572
-2879.793353424565,4189.041395660308
-2879.2339121242494,4189.4228694991
-2878.6106468557564,4189.8633759521545
-2877.863502920743,4190.368782230765
-2876.1781890131447,4190.627027073599
-2875.866542204252,4190.755810053475
-2875.178434428271,4190.758696002896
-2874.6179197559327,4190.826457451474
-2873.869646472046,4191.2048825227175
-2873.435316392507,4191.584598700518
-2872.3161199299357,4192.841207593089
-2871.447349132226,4193.971109905859
-2871.13811134947,4194.411710857955
-2870.8287533873945,4194.9752032331535
-2870.429151073447,4195.532583892259
-2871.276931757654,4196.535220883444
-2871.4031806250473,4196.910915495016
-2871.1529224218953,4197.036724515761
-2870.906250414324,4197.163532114328
-2870.4707261735343,4197.354322413749
-2870.6628557993295,4198.601448819476
-2870.546999652337,4199.729481841991
-2870.109177817567,4199.794387537536
-2869.482439928514,4199.85803973762
-2869.1708308572584,4199.862036256669
-2868.676272416905,4200.551357243243
-2868.3645704221262,4200.866073617817
-2868.0530451136906,4200.868972951011
-2867.870169003752,4201.309611797474
-2867.681158809341,4201.623167882063
-2867.338315291414,4201.762116267759
-2867.057950993063,4201.875946454833
-2866.707926735336,4201.76192784387
-2865.744505527735,4201.44683036455
-2865.636149426006,4201.761607584299
-2865.2520579691495,4202.888563044873
-2864.501460024875,4202.956268305192
-2864.0000463367383,4202.58345424659
-2863.5620945959213,4202.525368997763
-2863.2505326461533,4202.651159928621
-2863.255183460411,4203.2766907650175
-2862.567132690965,4203.091649481201
-2861.5675461375477,4203.224217623478
-2861.7585471767775,4203.784867098776
-2861.6959448685698,4204.222549465939
-2861.2603368672158,4204.416232894867
-2861.266276763416,4204.914882687979
-2860.8944101966645,4205.6052381781155
-2860.7089682720066,4205.980939436817
-2860.1782384093535,4206.862068476043
-2860.404271187141,4207.419735888091
-2860.723903177108,4208.4799694738285
-2860.225712549413,4209.046398375622
-2859.665078959851,4209.237151863576
-2859.1692142807856,4210.115298863438
-2858.8600336105096,4210.367972082935
-2857.925208135591,4210.937263458007
-2857.9274598432266,4211.497856626312
-2857.4942624225137,4212.0003655744395
-2856.871054716494,4212.255937791369
-2856.5572413541336,4211.821235523421
-2856.1216070617133,4212.384690779341
-2856.123913632782,4212.7614455357725
-2856.191074337935,4213.260013806384
-2856.1285283018433,4213.509867817325
-2855.943161130017,4213.635696564854
-2855.631580311423,4213.826424696863
-2855.0697791084367,4214.0181755988015
-2854.8821784318216,4214.082059225539
-2855.012987165592,4214.831616316162
-2855.076663305256,4215.268139328311
-2854.2634460966424,4215.274979521588
-2853.7039900830823,4215.714409347395
-2853.897455732733,4216.402040593536
-2853.27292388534,4216.904393052832
-2852.9000392963035,4217.095202790226
-2852.4644979210752,4217.347838636487
-2852.2120718583596,4216.913055004565
-2851.8981657253557,4216.790070216808
-2850.9702733040763,4218.169829479962
-2851.90955402587,4218.601824782152
-2851.850539101163,4219.038311290649
-2851.227295116856,4219.417972314348
-2851.2296022043683,4219.793629831279
-2851.2295088911897,4220.107441906096
-2851.419379961427,4220.5421071680275
-2850.234455981167,4220.988433501229
-2850.0468653075,4220.738604870973
-2849.5418744750664,4220.054970879217
-2849.3691931165336,4222.119336392078
-2849.7444130059544,4222.489219467919
-2849.8092935172867,4222.80295109842
-2849.559054385069,4222.867813717099
-2848.938249140714,4223.181441411599
-2848.5004277055646,4223.249141081794
-2848.1865033029903,4223.1882006297465
-2847.6940971885847,4224.503052830717
-2847.258648552883,4224.444969073596
-2846.9458364280895,4224.570760160668
-2846.507950908022,4224.573622687399
-2845.88248395566,4224.576429578175
-2846.2635590899645,4225.451845013004
-2845.516383135584,4226.080245034519
-2844.2074718688664,4226.400651396555
-2844.7066331008873,4226.773463766305
-2844.83523726354,4227.0842217776
-2844.9613391874727,4227.395078799637
-2845.3149721581754,4227.712985785284
-2844.930903994598,4228.773010154549
-2844.605655529415,4230.3346925120895
-2844.58939031163,4232.5870326991535
-2844.760761208872,4234.654492857586
-2845.5625831682546,4236.222494504924
-2846.0567744998802,4237.039191011138
-2846.7987279121426,4237.985635504219
-2848.168079174136,4240.568159097588
-2849.420133281171,4240.996057565477
-2849.672678758194,4241.307949718021
-2849.9215730701967,4241.556799068864
-2850.3003409340668,4242.0535646656335
-2850.367565811694,4242.617169656603
-2850.3697895140504,4242.99282715489
-2850.2458382776476,4243.30460744097
-2850.1254352002693,4243.745265216957
-2850.5631624880607,4243.991178212006
-2850.8747513736503,4244.050222807779
-2851.5652181844152,4244.235363738741
-2852.8194768094613,4245.100964378322
-2853.187866563604,4244.0349506557295
-2854.1261713329777,4244.094181806997
-2854.316060206143,4244.46700241496
-2854.8846872321237,4245.715238133628
-2854.884673570342,4245.7611229221775
-2856.1368237374104,4246.143237256636
-2856.206290734246,4247.018660082351
-2856.1472570185333,4247.518188298774
-2856.2109053977642,4247.766982657079
-2856.2190311884187,4248.768271160902
-2855.602654601296,4250.459840182094
-2855.604915597685,4250.709613752926
-2855.486764219385,4251.710864668112
-2854.9910039579436,4252.527067493081
-2854.6792850625725,4252.905723800734
-2853.559200059335,4253.536904979222
-2853.1827026018277,4253.540882713113
-2852.682347047535,4253.5437263755775
-2852.685803662762,4253.980231479735
-2852.625454065855,4254.417914606937
-2852.505032590499,4254.920516828673
-2852.25475769234,4255.108370579015
-2851.7578950705656,4255.426024944815
-2851.6339068555358,4255.862492159859
-2850.7605012809813,4256.057143182838
-2850.3863864997033,4256.182915942686
-2849.8245881879393,4256.373669670574
-2848.20637203733,4257.384350321589
-2848.3974552870095,4257.947992091649
-2847.8992688429307,4258.51142918251
-2847.4046588410224,4259.389676981288
-2847.03172913737,4259.457495727188
-2846.2174607084735,4259.084589711451
-2844.405798298625,4259.345795149469
-2843.906573410076,4259.474523555918
-2843.53007651529,4259.477404419065
-2842.5350190100908,4260.108723706103
-2841.785696035114,4260.111494158056
-2841.471771969521,4260.053346909911
-2840.846297921387,4259.806381228221
-2840.531215956228,4259.433623547598
-2840.4676048551078,4259.057848113462
-2840.3366562148644,4258.497216799445
-2838.759801837756,4258.130070598994
-2837.0746454171585,4257.617956512533
-2835.5158866139354,4256.979996143199
-2833.705564826661,4256.655674068209
-2832.1418667208995,4256.643242291356
-2830.889588920501,4256.694842135122
-2829.32350653102,4256.5655036187545
-2829.325778204622,4257.064052598591
-2830.20603151607,4257.686849301189
-2830.020758628787,4258.062451486945
-2829.585219657721,4258.315287878245
-2829.147317433794,4258.3799959179205
-2828.524252581928,4258.446843871589
-2827.774744433408,4258.511460091658
-2828.1783477987897,4260.490111644819
-2828.7194655999974,4261.130862894103
-2828.7892295037313,4261.007992009503
-2829.3533170564942,4261.253941303266
-2829.417049153973,4261.503733006517
-2829.543317671063,4261.815487638585
-2829.581729018968,4261.94746764046
-2829.664783394402,4262.009436618312
-2830.854207899819,4262.684294124776
-2832.489916545947,4263.153400456766
-2833.9864235753876,4263.045913472522
-2835.689735310751,4263.083423969151
-2837.7585004999655,4263.795449678251
-2839.017758928111,4264.390329702907
-2840.290105095626,4265.290048440887
-2841.0502093955874,4265.7749566767525
-2842.386525360373,4266.120087070383
-2843.404008815756,4266.927761602818
-2843.7935001491314,4267.543431621396
-2844.5535667484396,4268.154224070006
-2845.2331276957716,4268.265347145
-2846.7319839902125,4268.108885809691
-2847.489691197581,4268.518881922006
-2847.7494166834967,4269.085536544467
-2847.396679450852,4269.969711707964
-2846.5363659726318,4270.739921976808
-2845.543867396685,4271.183313548656
-2844.6365591762856,4272.079294251521
-2844.3117360788874,4272.212064340764
-2843.4444606617685,4272.553549208473
-2842.567559204984,4272.448352754048
-2842.2763584797062,4272.830008039226
-2841.9187843207847,4273.714181968534
-2841.1764222475013,4274.154655617346
-2840.1816554945117,4274.373211549696
-2839.3599044886364,4274.767677288283
-2838.8571667651013,4274.65062199002
-2838.3062412709533,4274.462630518921
-2837.484648000734,4274.606226307505
-2836.567875622956,4275.074678344341
-2835.82556095618,4275.63804389065
-2834.751282342472,4275.6626637278105
-2834.3255284886063,4275.54563142001
-2833.6016877427915,4274.559093867247
-2833.0661974271516,4275.200524879829
-2832.334583321188,4275.963791979313
-2831.458896563073,4275.982485859357
-2830.8191848748584,4275.371630204881
-2829.884324299753,4276.086957720535
-2829.0179825471814,4276.6591649098245
-2828.399698091467,4276.923817663045
-2827.5240113981636,4276.942611649538
-2825.770150906413,4276.929027597194
-2825.7832508343304,4277.477554310444
-2825.5555054766432,4278.4847583211995
-2825.0141476587596,4278.944344605319
-2824.5737288042797,4279.62769891699
-2824.164553659723,4280.142086684346
-2823.4138350735584,4280.357723731877
-2822.790774038274,4280.416592090212
-2822.546485664828,4280.672278088239
-2822.3141217360544,4281.503622330687
-2821.8784199999554,4282.313859603207
-2821.3935141122442,4282.822339990584
-2820.8448743824197,4283.08691396861
-2819.894638794338,4283.052719713334
-2819.518058552642,4283.058593980188
-2819.0366640639363,4283.822933150468
-2818.242711936114,4284.139304962161
-2817.608826275066,4283.853435979663
-2816.780156907039,4283.671249385701
-2815.846781075853,4283.3132733838875
-2815.329712759175,4282.576670568745
-2815.0571062644044,4281.276654230301
-2815.2990108898402,4280.900968615258
-2815.526573011409,4279.945833582216
-2814.8868766670016,4279.280116733055
-2814.4215055270543,4278.592406424087
-2814.4061651691277,4277.71819674293
-2813.1359113465764,4277.3599226754895
-2812.700512224084,4277.424831700662
-2812.2649377269345,4277.803353329104
-2811.5154869274515,4278.246819683351
-2810.705817856486,4278.687275963563
-2809.7733000639278,4279.3835539603715
-2808.964761966008,4279.949894668022
-2807.964953289849,4280.870888906397
-2808.036909954974,4281.518384392779
-2807.415925877815,4282.460437005718
-2807.170307002264,4283.273822819535
-2806.671120694975,4283.276669229448
-2805.9205010105866,4283.156550640383
-2805.547619967981,4283.347262485272
-2805.094117001195,4283.14433898018
-2804.7355509378185,4283.725774087511
-2804.238607960994,4284.043430902815
-2803.927085386154,4284.0463323174945
-2802.9864381963994,4283.738230233347
-2803.785822809691,4281.670954635962
-2803.471955274276,4281.4210899839645
-2803.409473727292,4281.171298812419
-2803.2194820850577,4280.860423640643
-2803.0191404026777,4278.863877557002
-2803.01685042398,4278.423283063573
-2803.076120789076,4277.674779659732
-2803.073793168466,4277.362961836977
-2802.8189019042065,4276.799402066404
-2802.2571416914675,4276.867167384451
-2801.6953455372786,4277.057923935173
-2801.321129867882,4277.248535804974
-2800.9482495316493,4277.436355083428
-2800.6389161722773,4277.938902815787
-2799.834978554307,4279.31860357959
-2799.4016585648637,4280.261808738864
-2799.4063872997644,4280.634574240383
-2799.408586697306,4281.385988352643
-2799.4734037123153,4281.635780179132
-2799.5996551514986,4282.008481401478
-2799.7282051322454,4282.507266748115
-2799.669145134243,4282.821959388948
-2799.732822988484,4283.259679061574
-2799.9238913853733,4283.882172124867
-2798.303430225531,4284.331370267539
-2798.495574756563,4285.267775497032
-2798.4365255940706,4285.831343311927
-2799.0075581252563,4287.141520971391
-2798.266129377162,4288.395356183363
-2797.9510027244746,4288.459103976358
-2797.5155208086185,4288.524013666716
-2797.1425386622295,4288.776670294918
-2795.9540653113067,4288.847345477533
-2794.893047009464,4289.167830856948
-2794.2108527041655,4289.796154109352
-2793.89566876978,4289.484245154649
-2792.89381894347,4289.117174232249
-2792.2034446880225,4288.621417397701
