0.1,-4.097
0.2,134.805
0.3,75.565
0.4,-103.749
0.5,355.725
0.6,104.114
0.7,-3.75
0.8,-246.097
0.9,-86.429
1.0,118.037
1.1,160.991
1.2,-213.876
1.3,77.817
1.4,-240.525
1.5,-246.283
1.6,90.25
1.7,-74.246
1.8,-111.086
1.9,-180.261
2.0,92.671
2.1,100.01
2.2,-376.383
2.3,-216.391
2.4,10.953
2.5,-93.315
2.6,-387.985
2.7,15.527
2.8,156.258
2.9,214.553
3.0,-194.303
3.1,-192.917
3.2,225.322
3.3,136.888
3.4,163.588
3.5,-185.341
3.6,163.704
3.7,-124.38
3.8,494.885
3.9,-441.311
4.0,-121.691
4.1,47.478
4.2,455.874
4.3,-122.992
4.4,67.995
4.5,-84.645
4.6,45.428
4.7,318.67
4.8,-67.025
4.9,74.015
5.0,36.619
5.1,146.301
5.2,179.31
5.3,28.985
5.4,-10.037
5.5,102.177
5.6,157.552
5.7,62.211
5.8,246.14
5.9,109.838
6.0,-137.248
6.1,-272.866
6.2,-210.002
6.3,103.392
6.4,-17.158
6.5,56.812
6.6,467.612
6.7,320.016
6.8,-68.345
6.9,-17.423
7.0,-256.756
7.1,334.156
7.2,54.908
7.3,-259.18
7.4,-13.39
7.5,130.26
7.6,37.665
7.7,20.95
7.8,-112.394
7.9,412.909
8.0,130.563
8.1,-128.823
8.2,42.72
8.3,111.843
8.4,10.003
8.5,-264.99
8.6,-87.637
8.7,211.301
8.8,175.368
8.9,5.881
9.0,-51.712
9.1,46.845
9.2,-64.66
9.3,233.448
9.4,197.972
9.5,173.453
9.6,120.013
9.7,454.646
9.8,-250.119
9.9,253.238
10.0,-217.236
10.1,-39.388
10.2,59.928
10.3,-565.023
10.4,45.04
10.5,-87.67
10.6,105.877
10.7,175.288
10.8,233.52
10.9,-213.843
11.0,-131.549
11.1,46.881
11.2,-378.559
11.3,73.716
11.4,233.354
11.5,23.856
11.6,-331.55
11.7,-274.768
11.8,247.025
11.9,-269.472
12.0,-50.082
12.1,23.415
12.2,-227.775
12.3,-139.73
12.4,-71.93
12.5,74.61
12.6,58.418
12.7,270.311
12.8,283.942
12.9,232.712
13.0,-396.956
13.1,-93.965
13.2,5.982
13.3,-144.551
13.4,-118.187
13.5,-116.354
13.6,190.94
13.7,-329.652
13.8,-240.685
13.9,-122.879
14.0,38.557
14.1,98.611
14.2,221.059
14.3,-234.398
14.4,-93.111
14.5,-119.765
14.6,119.406
14.7,-40.953
14.8,-156.478
14.9,51.901
15.0,-341.226
15.1,90.46
15.2,117.7
15.3,461.881
15.4,257.733
15.5,167.821
15.6,224.492
15.7,-104.808
15.8,187.607
15.9,85.381
16.0,-13.419
16.1,112.634
16.2,-31.003
16.3,-258.002
16.4,142.431
16.5,146.522
16.6,-162.033
16.7,60.03
16.8,-348.124
16.9,-114.544
17.0,61.975
17.1,-67.807
17.2,-43.888
17.3,122.878
17.4,-282.644
17.5,150.032
17.6,53.477
17.7,-172.919
17.8,75.139
17.9,-60.674
18.0,142.045
18.1,-190.153
18.2,3.158
18.3,-341.771
18.4,-290.559
18.5,-86.257
18.6,19.956
18.7,-127.808
18.8,67.296
18.9,-87.033
19.0,-28.603
19.1,97.545
19.2,38.549
19.3,296.129
19.4,38.668
19.5,-399.462
19.6,186.633
19.7,221.313
19.8,-177.366
19.9,-101.223
20.0,60.852
20.1,-272.679
20.2,101.67
20.3,-74.059
20.4,-220.521
20.5,-10.401
20.6,-110.94
20.7,79.613
20.8,659.488
20.9,-16.655
21.0,-73.816
21.1,-118.555
21.2,-44.224
21.3,329.291
21.4,123.508
21.5,102.766
21.6,2.556
21.7,-41.925
21.8,-252.378
21.9,-333.697
22.0,53.013
22.1,-230.764
22.2,-361.163
22.3,272.992
22.4,-19.604
22.5,-145.784
22.6,135.72
22.7,-121.866
22.8,-92.233
22.9,-109.705
23.0,284.446
23.1,272.214
23.2,4.79
23.3,159.811
23.4,5.677
23.5,23.976
23.6,68.95
23.7,-160.252
23.8,112.817
23.9,-292.254
24.0,41.264
24.1,50.156
24.2,-32.441
24.3,-121.861
24.4,274.811
24.5,-60.537
24.6,-68.177
24.7,-149.453
24.8,-129.476
24.9,72.956
25.0,157.023
25.1,32.466
25.2,-45.878
25.3,90.129
25.4,456.122
25.5,-78.273
25.6,-31.083
25.7,52.621
25.8,-167.005
25.9,-58.548
26.0,-172.349
26.1,-231.165
26.2,44.559
26.3,142.766
26.4,-22.344
26.5,9.133
26.6,-40.845
26.7,-37.579
26.8,247.398
26.9,122.088
27.0,-55.859
27.1,148.87
27.2,265.918
27.3,489.449
27.4,57.163
27.5,33.567
27.6,199.309
27.7,-39.768
27.8,-151.203
27.9,224.155
28.0,-111.677
28.1,74.376
28.2,-48.16
28.3,-197.327
28.4,185.963
28.5,11.163
28.6,-157.017
28.7,-191.596
28.8,-115.977
28.9,-206.215
29.0,-4.227
29.1,-56.747
29.2,79.032
29.3,-111.957
29.4,5.023
29.5,27.854
29.6,-94.775
29.7,56.824
29.8,-180.863
29.9,6.648
30.0,159.983
30.1,1.482
30.2,226.95
30.3,-159.959
30.4,-239.247
30.5,230.569
30.6,-32.915
30.7,188.469
30.8,-167.309
30.9,233.805
31.0,2.841
31.1,-120.933
31.2,-119.161
31.3,-177.734
31.4,127.6
31.5,-23.047
31.6,300.401
31.7,-105.521
31.8,121.566
31.9,-115.092
32.0,19.711
32.1,296.866
32.2,-70.74
32.3,381.62
32.4,355.459
32.5,203.35
32.6,229.663
32.7,199.771
32.8,-96.994
32.9,61.305
33.0,229.787
33.1,317.812
33.2,154.292
33.3,181.532
33.4,-252.216
33.5,291.391
33.6,-76.949
33.7,38.961
33.8,75.615
33.9,-177.812
34.0,-132.865
34.1,-55.304
34.2,36.485
34.3,10.341
34.4,-43.478
34.5,89.769
34.6,330.215
34.7,147.991
34.8,-64.96
34.9,-106.386
35.0,313.228
35.1,-74.289
35.2,-250.056
35.3,71.901
35.4,37.542
35.5,-131.223
35.6,-33.81
35.7,-11.682
35.8,36.032
35.9,-137.963
36.0,-129.766
36.1,-0.356
36.2,-121.713
36.3,199.109
36.4,215.007
36.5,248.31
36.6,266.548
36.7,22.585
36.8,40.017
36.9,-11.8
37.0,-105.878
37.1,-174.676
37.2,-124.542
37.3,227.078
37.4,133.163
37.5,-101.231
37.6,39.479
37.7,-66.892
37.8,253.088
37.9,-17.127
38.0,338.923
38.1,-253.923
38.2,96.704
38.3,-299.926
38.4,-222.028
38.5,36.23
38.6,-63.587
38.7,242.013
38.8,47.457
38.9,7.375
39.0,-129.806
39.1,181.999
39.2,-138.613
39.3,-148.216
39.4,115.361
39.5,-124.241
39.6,112.249
39.7,262.319
39.8,-254.546
39.9,78.549
40.0,172.51
40.1,187.342
40.2,-237.553
40.3,-152.257
40.4,65.577
40.5,106.894
40.6,28.093
40.7,-121.622
40.8,195.618
40.9,59.467
41.0,-139.481
41.1,-47.892
41.2,-319.124
41.3,-387.832
41.4,241.021
41.5,-22.305
41.6,-141.272
41.7,409.567
41.8,-267.071
41.9,-26.702
42.0,-197.43
42.1,-222.718
42.2,-212.491
42.3,147.672
42.4,-31.503
42.5,157.89
42.6,86.071
42.7,-75.077
42.8,15.327
42.9,-19.52
43.0,-35.164
43.1,77.241
43.2,258.449
43.3,2.318
43.4,122.748
43.5,-192.513
43.6,44.952
43.7,218.169
43.8,84.968
43.9,98.097
44.0,-353.421
44.1,164.61
44.2,-26.385
44.3,295.68
44.4,172.862
44.5,-272.419
44.6,94.615
44.7,-9.302
44.8,4.778
44.9,-117.894
45.0,297.755
45.1,-106.641
45.2,-9.979
45.3,-215.989
45.4,-63.677
45.5,13.704
45.6,-239.062
45.7,82.666
45.8,-136.327
45.9,171.812
46.0,-142.601
46.1,90.396
46.2,-134.274
46.3,52.379
46.4,68.174
46.5,-253.907
46.6,-56.5
46.7,-0.399
46.8,-281.479
46.9,-10.036
47.0,127.531
47.1,63.02
47.2,-91.579
47.3,156.817
47.4,-96.03
47.5,158.908
47.6,-58.412
47.7,-101.338
47.8,29.089
47.9,131.892
48.0,2.198
48.1,-377.062
48.2,105.77
48.3,-88.222
48.4,-69.523
48.5,-165.709
48.6,56.272
48.7,410.236
48.8,8.508
48.9,526.687
49.0,185.091
49.1,-198.052
49.2,11.662
49.3,24.489
49.4,11.854
49.5,-158.583
49.6,145.525
49.7,124.001
49.8,-3.04
49.9,-243.818
50.0,283.071
50.1,-6.001
50.2,-79.92
50.3,3.785
50.4,261.042
50.5,260.871
50.6,47.349
50.7,-169.541
50.8,59.637
50.9,-182.048
51.0,-77.806
51.1,-71.704
51.2,40.166
51.3,-39.738
51.4,-151.993
51.5,-54.403
51.6,-316.365
51.7,-325.395
51.8,139.565
51.9,-69.78
52.0,19.214
52.1,-49.665
52.2,2.808
52.3,133.723
52.4,32.523
52.5,212.223
52.6,-205.583
52.7,268.936
52.8,-78.745
52.9,-105.562
53.0,54.055
53.1,-215.83
53.2,-115.577
53.3,-272.265
53.4,110.091
53.5,147.867
53.6,133.66
53.7,57.88
53.8,165.929
53.9,38.66
54.0,-7.581
54.1,-162.68
54.2,-112.821
54.3,-45.03
54.4,-139.128
54.5,15.985
54.6,-38.14
54.7,-83.851
54.8,-113.13
54.9,32.263
55.0,-9.713
55.1,-255.455
55.2,-14.96
55.3,-163.487
55.4,85.68
55.5,254.293
55.6,317.825
55.7,399.028
55.8,16.501
55.9,340.468
56.0,-221.276
56.1,380.847
56.2,-158.859
56.3,21.333
56.4,100.818
56.5,-282.001
56.6,-82.564
56.7,83.297
56.8,-291.253
56.9,50.029
57.0,-53.057
57.1,-215.106
57.2,-74.539
57.3,27.976
57.4,19.802
57.5,121.352
57.6,-32.39
57.7,255.899
57.8,29.569
57.9,32.139
58.0,-322.388
58.1,-262.428
58.2,-148.018
58.3,10.15
58.4,0.528
58.5,188.175
58.6,-155.219
58.7,111.682
58.8,433.219
58.9,-280.016
59.0,362.125
59.1,-269.966
59.2,-162.079
59.3,-329.801
59.4,-108.909
59.5,84.555
59.6,39.743
59.7,-28.516
59.8,-169.596
59.9,-207.491
60.0,-92.261
60.1,62.567
60.2,211.634
60.3,-105.585
60.4,-43.824
60.5,16.522
60.6,32.112
60.7,254.151
60.8,-54.383
60.9,-376.882
61.0,-92.588
61.1,-275.933
61.2,-88.516
61.3,-5.925
61.4,66.073
61.5,-130.674
61.6,14.316
61.7,44.977
61.8,-253.126
61.9,154.91
62.0,-271.827
62.1,208.954
62.2,84.439
62.3,122.718
62.4,-90.732
62.5,170.214
62.6,147.239
62.7,165.859
62.8,201.324
62.9,-177.203
63.0,50.21
63.1,46.908
63.2,15.374
63.3,-255.372
63.4,9.243
63.5,71.101
63.6,-106.461
63.7,91.226
63.8,-105.626
63.9,43.757
64.0,44.457
64.1,184.153
64.2,46.249
64.3,270.809
64.4,-132.171
64.5,-6.145
64.6,107.408
64.7,230.441
64.8,-257.091
64.9,-143.503
65.0,-79.455
65.1,178.89
65.2,87.896
65.3,296.284
65.4,81.998
65.5,-64.617
65.6,-73.605
65.7,-168.885
65.8,-16.247
65.9,251.645
66.0,-4.172
66.1,176.73
66.2,59.11
66.3,-281.072
66.4,268.38
66.5,-216.03
66.6,34.86
66.7,-47.382
66.8,53.21
66.9,30.28
67.0,135.511
67.1,49.776
67.2,98.366
67.3,-227.64
67.4,-19.932
67.5,-81.327
67.6,132.664
67.7,332.898
67.8,-81.83
67.9,-301.171
68.0,241.521
68.1,-64.492
68.2,-155.255
68.3,236.568
68.4,-142.693
68.5,178.889
68.6,132.025
68.7,-165.879
68.8,29.417
68.9,127.156
69.0,213.959
69.1,-91.97
69.2,353.028
69.3,-3.466
69.4,-242.416
69.5,-149.429
69.6,213.673
69.7,197.152
69.8,-128.142
69.9,255.451
70.0,119.017
70.1,165.092
70.2,65.555
70.3,-244.36
70.4,-5.328
70.5,-479.798
70.6,48.806
70.7,-314.727
70.8,-21.495
70.9,-89.049
71.0,64.26
71.1,-41.741
71.2,133.181
71.3,46.282
71.4,-147.637
71.5,-74.013
71.6,-156.284
71.7,-140.844
71.8,17.811
71.9,323.925
72.0,334.853
72.1,-220.285
72.2,131.72
72.3,-137.255
72.4,117.284
72.5,40.049
72.6,198.516
72.7,75.447
72.8,235.072
72.9,-253.357
73.0,130.673
73.1,123.665
73.2,367.016
73.3,-169.075
73.4,-142.292
73.5,-57.606
73.6,-254.595
73.7,149.872
73.8,19.089
73.9,-177.48
74.0,32.813
74.1,-117.154
74.2,-35.014
74.3,98.436
74.4,-116.25
74.5,-150.34
74.6,-137.457
74.7,-327.671
74.8,-78.736
74.9,-132.465
75.0,-342.168
75.1,60.437
75.2,81.329
75.3,-70.344
75.4,-2.891
75.5,-65.334
75.6,282.92
75.7,336.63
75.8,-154.16
75.9,-121.314
76.0,91.122
76.1,-58.745
76.2,-63.944
76.3,-77.251
76.4,-104.206
76.5,47.458
76.6,170.201
76.7,-83.917
76.8,167.413
76.9,-78.027
77.0,85.599
77.1,-237.605
77.2,-180.219
77.3,23.146
77.4,47.877
77.5,-47.696
77.6,48.595
77.7,-94.776
77.8,-204.835
77.9,-5.663
78.0,-40.817
78.1,48.394
78.2,-8.554
78.3,-29.846
78.4,-181.784
78.5,-69.532
78.6,76.555
78.7,-42.366
78.8,-1.999
78.9,154.685
79.0,331.463
79.1,182.058
79.2,-253.632
79.3,-154.109
79.4,110.455
79.5,-53.849
79.6,-12.374
79.7,-48.855
79.8,256.21
79.9,27.078
80.0,134.66
80.1,146.216
80.2,144.62
80.3,-6.314
80.4,326.066
80.5,-246.41
80.6,-134.368
80.7,0.831
80.8,-54.82
80.9,294.899
81.0,-166.779
81.1,-73.688
81.2,-252.274
81.3,40.543
81.4,314.12
81.5,-131.066
81.6,144.412
81.7,15.364
81.8,248.502
81.9,-77.283
82.0,113.036
82.1,-354.767
82.2,253.442
82.3,-162.389
82.4,114.067
82.5,6.861
82.6,317.37
82.7,43.241
82.8,-174.773
82.9,66.64
83.0,-235.081
83.1,-116.902
83.2,64.19
83.3,-12.767
83.4,-167.743
83.5,-157.379
83.6,-54.684
83.7,-39.346
83.8,-319.135
83.9,239.142
84.0,478.388
84.1,-59.974
84.2,70.852
84.3,-335.605
84.4,101.258
84.5,-365.108
84.6,-195.203
84.7,26.612
84.8,-11.459
84.9,-0.079
85.0,179.33
85.1,167.339
85.2,-78.362
85.3,213.127
85.4,-38.317
85.5,48.452
85.6,553.042
85.7,-208.271
85.8,285.229
85.9,148.215
86.0,55.497
86.1,298.91
86.2,-268.516
86.3,13.428
86.4,-18.163
86.5,-96.481
86.6,-58.49
86.7,-61.501
86.8,215.376
86.9,-122.713
87.0,-80.955
87.1,101.321
87.2,189.383
87.3,105.716
87.4,-72.576
87.5,197.723
87.6,24.096
87.7,28.592
87.8,-69.552
87.9,10.495
88.0,-59.852
88.1,-22.384
88.2,246.287
88.3,-17.274
88.4,2.002
88.5,-184.344
88.6,83.639
88.7,-113.267
88.8,-60.333
88.9,-128.046
89.0,158.489
89.1,-9.308
89.2,59.67
89.3,-27.27
89.4,-253.411
89.5,-73.654
89.6,-165.491
89.7,193.261
89.8,-139.243
89.9,92.088
90.0,66.319
90.1,293.053
90.2,-3.87
90.3,193.174
90.4,287.721
90.5,30.536
90.6,-8.095
90.7,185.087
90.8,-169.379
90.9,-273.618
91.0,104.419
91.1,177.845
91.2,134.314
91.3,-77.106
91.4,83.08
91.5,-77.557
91.6,31.369
91.7,106.405
91.8,14.544
91.9,-210.515
92.0,-125.316
92.1,57.924
92.2,-274.395
92.3,-106.551
92.4,-78.03
92.5,-14.225
92.6,-64.73
92.7,122.432
92.8,-84.542
92.9,-45.315
93.0,-242.301
93.1,67.83
93.2,-334.152
93.3,-126.164
93.4,-25.198
93.5,-156.121
93.6,-226.05
93.7,-165.941
93.8,18.308
93.9,-11.158
94.0,4.839
94.1,14.808
94.2,-84.257
94.3,278.851
94.4,-6.891
94.5,52.403
94.6,196.854
94.7,146.954
94.8,103.743
94.9,-162.137
95.0,-203.664
95.1,-271.67
95.2,211.229
95.3,172.278
95.4,55.095
95.5,-89.352
95.6,-127.303
95.7,38.994
95.8,131.128
95.9,-229.778
96.0,10.734
96.1,-79.054
96.2,111.469
96.3,-80.869
96.4,-48.079
96.5,176.123
96.6,254.778
96.7,-37.042
96.8,-363.03
96.9,-401.143
97.0,-289.158
97.1,-349.894
97.2,-271.962
97.3,-232.531
97.4,246.955
97.5,12.344
97.6,86.201
97.7,-186.554
97.8,126.441
97.9,-139.872
98.0,-164.845
98.1,155.184
98.2,278.138
98.3,167.548
98.4,172.19
98.5,141.747
98.6,-58.976
98.7,-115.401
98.8,-77.072
98.9,-112.934
99.0,-219.174
99.1,-100.51
99.2,-210.953
99.3,41.992
99.4,139.256
99.5,-176.493
99.6,-23.181
99.7,-36.624
99.8,145.178
99.9,81.251
100.0,-56.685
100.1,-108.342
100.2,184.507
100.3,-39.908
100.4,-183.872
100.5,-35.908
100.6,-92.216
100.7,-88.285
100.8,356.34
100.9,54.295
101.0,-67.284
101.1,-203.856
101.2,-70.722
101.3,63.688
101.4,110.096
101.5,-151.946
101.6,14.053
101.7,-303.113
101.8,-128.133
101.9,-28.93
102.0,-56.156
102.1,57.272
102.2,-156.568
102.3,-148.426
102.4,39.452
102.5,141.224
102.6,-61.122
102.7,189.826
102.8,-27.656
102.9,-39.162
103.0,-119.703
103.1,-13.864
103.2,-160.524
103.3,-364.572
103.4,-78.649
103.5,45.622
103.6,39.947
103.7,-26.632
103.8,72.02
103.9,87.639
104.0,-7.857
104.1,159.895
104.2,37.005
104.3,-225.54
104.4,-50.652
104.5,-40.582
104.6,37.775
104.7,-179.364
104.8,-7.074
104.9,-260.689
105.0,-18.638
105.1,-130.394
105.2,-204.96
105.3,-76.818
105.4,-29.617
105.5,-89.656
105.6,87.529
105.7,-90.305
105.8,22.854
105.9,-51.547
106.0,-86.148
106.1,-313.814
106.2,-184.01
106.3,-42.78
106.4,173.38
106.5,-33.063
106.6,108.662
106.7,30.889
106.8,-252.013
106.9,202.527
107.0,85.667
107.1,107.475
107.2,-213.698
107.3,-223.336
107.4,101.509
107.5,55.078
107.6,-232.559
107.7,-149.451
107.8,20.922
107.9,186.192
108.0,125.469
108.1,81.877
108.2,-197.75
108.3,-116.751
108.4,-122.317
108.5,-138.829
108.6,-110.911
108.7,-134.223
108.8,5.731
108.9,60.473
109.0,-56.637
109.1,102.235
109.2,-189.796
109.3,-39.661
109.4,-192.428
109.5,-26.362
109.6,127.657
109.7,2.179
109.8,157.902
109.9,250.243
110.0,22.005
110.1,86.245
110.2,23.046
110.3,-231.537
110.4,137.833
110.5,38.052
110.6,78.971
110.7,-9.479
110.8,-156.286
110.9,-407.535
111.0,-123.384
111.1,-186.11
111.2,190.904
111.3,31.974
111.4,-94.502
111.5,-207.35
111.6,8.56
111.7,-22.549
111.8,-52.486
111.9,-16.597
112.0,-89.513
112.1,219.212
112.2,76.5
112.3,-93.272
112.4,98.12
112.5,-235.722
112.6,277.287
112.7,-96.677
112.8,-73.652
112.9,-209.414
113.0,136.021
113.1,376.534
113.2,-116.789
113.3,42.665
113.4,-335.39
113.5,-230.692
113.6,-116.027
113.7,125.816
113.8,285.777
113.9,-121.888
114.0,12.138
114.1,-102.829
114.2,-209.482
114.3,91.801
114.4,209.718
114.5,230.781
114.6,-174.596
114.7,167.284
114.8,188.832
114.9,-275.95
115.0,64.556
115.1,-83.357
115.2,35.294
115.3,-149.545
115.4,-132.415
115.5,236.361
115.6,26.252
115.7,-238.385
115.8,-203.158
115.9,88.128
116.0,135.602
116.1,-248.123
116.2,-8.742
116.3,92.264
116.4,25.572
116.5,32.738
116.6,-7.849
116.7,203.505
116.8,-150.532
116.9,194.542
117.0,-22.168
117.1,17.734
117.2,-220.356
117.3,-235.832
117.4,206.247
117.5,78.95
117.6,32.079
117.7,-206.719
117.8,-82.398
117.9,37.25
118.0,115.603
118.1,-15.698
118.2,-236.54
118.3,131.723
118.4,-145.152
118.5,-134.06
118.6,50.885
118.7,202.046
118.8,-19.997
118.9,5.81
119.0,15.408
119.1,-69.149
119.2,-131.999
119.3,222.95
119.4,99.353
119.5,-63.9
119.6,-161.66
119.7,-328.004
119.8,104.628
119.9,25.792
120.0,2.338
120.1,-260.689
120.2,167.302
120.3,-84.881
120.4,43.456
120.5,-128.613
120.6,-109.868
120.7,88.35
120.8,-83.384
120.9,49.939
121.0,528.781
121.1,64.991
121.2,118.392
121.3,-231.339
121.4,128.532
121.5,-173.777
121.6,300.275
121.7,-186.822
121.8,-189.833
121.9,-50.253
122.0,44.915
122.1,96.142
122.2,27.918
122.3,130.625
122.4,210.813
122.5,-304.27
122.6,-61.674
122.7,-178.711
122.8,-36.36
122.9,5.326
123.0,-249.148
123.1,-290.906
123.2,-99.849
123.3,-192.139
123.4,64.351
123.5,-186.384
123.6,57.083
123.7,457.486
123.8,-50.976
123.9,-108.297
124.0,148.35
124.1,-120.148
124.2,-232.992
124.3,-25.094
124.4,167.868
124.5,-205.015
124.6,22.847
124.7,-72.773
124.8,50.549
124.9,-94.764
125.0,-143.067
125.1,-145.424
125.2,377.256
125.3,-79.693
125.4,-137.622
125.5,101.853
125.6,32.856
125.7,76.128
125.8,60.368
125.9,-63.718
126.0,13.749
126.1,-101.38
126.2,64.228
126.3,43.562
126.4,152.178
126.5,-236.169
126.6,233.629
126.7,-151.042
126.8,145.361
126.9,-18.416
127.0,-106.771
127.1,157.093
127.2,140.987
127.3,239.09
127.4,-13.056
127.5,138.399
127.6,-12.999
127.7,56.103
127.8,202.952
127.9,89.375
128.0,-103.107
128.1,289.734
128.2,-65.043
128.3,-69.011
128.4,72.911
128.5,-63.493
128.6,169.698
128.7,124.899
128.8,-199.168
128.9,138.109
129.0,16.988
129.1,103.179
129.2,-307.484
129.3,60.557
129.4,-70.98
129.5,-109.842
129.6,-73.895
129.7,48.179
129.8,42.587
129.9,-133.827
130.0,-91.188
130.1,161.143
130.2,-132.3
130.3,57.695
130.4,-1.765
130.5,-38.321
130.6,88.766
130.7,56.104
130.8,46.475
130.9,-287.836
131.0,-97.961
131.1,-114.983
131.2,-159.599
131.3,19.301
131.4,-159.781
131.5,31.376
131.6,-85.002
131.7,-249.667
131.8,32.437
131.9,50.922
132.0,425.558
132.1,180.116
132.2,-161.04
132.3,314.876
132.4,-275.581
132.5,-158.032
132.6,-205.336
132.7,294.195
132.8,-265.25
132.9,-321.89
133.0,28.573
133.1,-37.359
133.2,-164.719
133.3,82.306
133.4,38.807
133.5,-434.109
133.6,-85.579
133.7,141.1
133.8,44.592
133.9,326.563
134.0,-141.206
134.1,-261.372
134.2,1.465
134.3,187.429
134.4,-24.947
134.5,-72.546
134.6,-111.392
134.7,-118.502
134.8,-14.772
134.9,126.788
135.0,-57.733
135.1,-70.065
135.2,-152.162
135.3,203.06
135.4,-57.913
135.5,-133.967
135.6,-129.589
135.7,-257.832
135.8,-76.36
135.9,-174.035
136.0,-17.682
136.1,-115.306
136.2,-30.655
136.3,-125.325
136.4,191.403
136.5,45.829
136.6,-221.19
136.7,25.088
136.8,-151.998
136.9,-70.997
137.0,166.942
137.1,131.568
137.2,41.36
137.3,186.089
137.4,302.52
137.5,-81.105
137.6,-65.295
137.7,-162.519
137.8,25.875
137.9,-276.011
138.0,-23.988
138.1,-99.458
138.2,-216.017
138.3,-210.85
138.4,-89.586
138.5,-122.734
138.6,-128.821
138.7,496.578
138.8,100.792
138.9,-30.553
139.0,18.768
139.1,32.679
139.2,-98.873
139.3,86.242
139.4,239.378
139.5,-346.401
139.6,47.812
139.7,85.988
139.8,122.308
139.9,-27.381
140.0,145.754
140.1,-198.933
140.2,-175.654
140.3,-229.661
140.4,-58.215
140.5,-100.339
140.6,-21.403
140.7,209.664
140.8,342.315
140.9,-70.72
141.0,9.08
141.1,114.381
141.2,-52.591
141.3,-18.266
141.4,-69.72
141.5,55.68
141.6,262.824
141.7,55.401
141.8,-95.334
141.9,80.83
142.0,-325.282
142.1,76.395
142.2,-226.278
142.3,233.828
142.4,-126.607
142.5,-215.433
142.6,-162.463
142.7,-327.791
142.8,52.458
142.9,38.14
143.0,80.874
143.1,-98.421
143.2,-206.139
143.3,176.255
143.4,425.467
143.5,363.191
143.6,205.776
143.7,219.082
143.8,-43.341
143.9,103.767
144.0,-67.214
144.1,201.675
144.2,195.123
144.3,-489.275
144.4,102.616
144.5,59.929
144.6,-140.39
144.7,134.665
144.8,134.944
144.9,-35.012
145.0,-224.973
145.1,-50.241
145.2,-32.723
145.3,33.662
145.4,-65.413
145.5,206.365
145.6,-305.739
145.7,9.814
145.8,12.781
145.9,108.465
146.0,-295.971
146.1,-199.941
146.2,-69.662
146.3,-43.083
146.4,26.499
146.5,-144.188
146.6,-37.654
146.7,65.255
146.8,-79.984
146.9,-131.579
147.0,229.561
147.1,174.23
147.2,-66.744
147.3,109.388
147.4,568.681
147.5,-102.673
147.6,-70.317
147.7,-120.924
147.8,91.624
147.9,-272.695
148.0,-190.776
148.1,-149.276
148.2,-176.84
148.3,-54.553
148.4,-28.606
148.5,-149.391
148.6,-220.528
148.7,-116.233
148.8,100.456
148.9,22.275
149.0,-119.359
149.1,-184.602
149.2,-123.631
149.3,-234.415
149.4,-131.163
149.5,-90.487
149.6,116.129
149.7,-123.294
149.8,-230.261
149.9,83.486
150.0,-192.345
150.1,-14.986
150.2,-27.777
150.3,73.968
150.4,22.491
150.5,-60.872
150.6,175.316
150.7,-171.552
150.8,167.66
150.9,-321.813
151.0,-3.223
151.1,126.677
151.2,-58.837
151.3,42.619
151.4,126.58
151.5,-65.279
151.6,87.065
151.7,62.763
151.8,-222.058
151.9,-11.916
152.0,152.705
152.1,-5.957
152.2,-58.447
152.3,179.648
152.4,-56.896
152.5,58.546
152.6,-31.894
152.7,6.83
152.8,103.66
152.9,169.081
153.0,-258.345
153.1,158.121
153.2,236.114
153.3,9.979
153.4,-86.3
153.5,157.357
153.6,-228.571
153.7,-13.32
153.8,-48.444
153.9,187.695
154.0,-120.024
154.1,228.025
154.2,188.19
154.3,43.171
154.4,393.239
154.5,306.471
154.6,19.026
154.7,-242.776
154.8,-34.857
154.9,-72.27
155.0,153.176
155.1,-94.239
155.2,-188.422
155.3,0.126
155.4,13.467
155.5,-1.786
155.6,51.745
155.7,96.532
155.8,-15.203
155.9,194.699
156.0,91.867
156.1,188.619
156.2,196.679
156.3,112.391
156.4,-48.286
156.5,-221.645
156.6,84.335
156.7,97.358
156.8,-6.255
156.9,-212.856
157.0,109.92
157.1,93.855
157.2,54.536
157.3,1.864
157.4,85.05
157.5,194.133
157.6,-74.551
157.7,269.214
157.8,16.131
157.9,60.558
158.0,287.197
158.1,-116.876
158.2,6.9
158.3,-151.451
158.4,-182.529
158.5,45.256
158.6,70.172
158.7,-81.863
158.8,85.488
158.9,7.769
159.0,53.829
159.1,-115.235
159.2,-13.228
159.3,-33.549
159.4,-68.26
159.5,83.773
159.6,-89.516
159.7,7.589
159.8,-30.341
159.9,-62.365
160.0,-7.145
160.1,126.491
160.2,-11.849
160.3,-223.802
160.4,62.881
160.5,15.693
160.6,-131.169
160.7,23.005
160.8,-37.195
160.9,235.597
161.0,-167.479
161.1,-9.006
161.2,-37.1
161.3,255.135
161.4,3.915
161.5,1.991
161.6,-385.62
161.7,-43.423
161.8,-11.502
161.9,-163.455
162.0,196.191
162.1,210.164
162.2,-170.718
162.3,65.724
162.4,8.544
162.5,-123.001
162.6,40.849
162.7,-6.323
162.8,-6.534
162.9,-113.621
163.0,48.264
163.1,47.712
163.2,247.461
163.3,189.506
163.4,78.26
163.5,-133.617
163.6,42.968
163.7,-363.043
163.8,158.141
163.9,-125.408
164.0,-174.847
164.1,159.741
164.2,-172.965
164.3,-48.634
164.4,12.622
164.5,-225.843
164.6,-499.216
164.7,-140.368
164.8,128.285
164.9,-194.075
165.0,-52.205
165.1,-160.874
165.2,42.871
165.3,134.185
165.4,-27.1
165.5,116.554
165.6,-110.354
165.7,-223.614
165.8,191.133
165.9,-154.395
166.0,127.003
166.1,222.459
166.2,112.754
166.3,-186.26
166.4,97.878
166.5,28.266
166.6,386.449
166.7,-187.015
166.8,-159.056
166.9,89.78
167.0,11.087
167.1,-274.636
167.2,129.706
167.3,-62.578
167.4,130.181
167.5,-109.201
167.6,-214.546
167.7,-46.792
167.8,-10.707
167.9,-171.796
168.0,60.431
168.1,-132.552
168.2,-225.339
168.3,-39.946
168.4,-10.242
168.5,174.197
168.6,-22.408
168.7,-147.406
168.8,203.881
168.9,33.707
169.0,94.771
169.1,36.595
169.2,-246.57
169.3,-275.107
169.4,-66.709
169.5,78.574
169.6,-73.943
169.7,193.969
169.8,-9.45
169.9,248.288
170.0,103.033
170.1,-196.541
170.2,74.549
170.3,53.496
170.4,95.209
170.5,-76.876
170.6,66.214
170.7,-75.267
170.8,-231.004
170.9,-100.667
171.0,52.228
171.1,-71.976
171.2,-102.845
171.3,-121.655
171.4,249.137
171.5,65.118
171.6,149.392
171.7,-72.665
171.8,66.221
171.9,31.834
172.0,-144.409
172.1,-75.262
172.2,-13.693
172.3,-17.116
172.4,6.561
172.5,80.68
172.6,175.641
172.7,137.309
172.8,-33.308
172.9,-73.297
173.0,184.945
173.1,122.479
173.2,399.731
173.3,174.805
173.4,66.149
173.5,-261.666
173.6,-282.952
173.7,-119.842
173.8,268.152
173.9,235.174
174.0,149.67
174.1,158.569
174.2,14.831
174.3,366.522
174.4,-225.715
174.5,56.654
174.6,77.126
174.7,121.851
174.8,257.797
174.9,-118.241
175.0,-31.72
175.1,-98.647
175.2,49.692
175.3,50.527
175.4,195.719
175.5,-35.676
175.6,-65.233
175.7,158.034
175.8,-93.442
175.9,299.281
176.0,-28.144
176.1,131.395
176.2,-73.378
176.3,-46.682
176.4,417.24
176.5,-107.375
176.6,-44.56
176.7,-137.283
176.8,-173.386
176.9,21.774
177.0,515.751
177.1,-11.231
177.2,128.57
177.3,66.081
177.4,256.372
177.5,111.916
177.6,-170.876
177.7,195.058
177.8,133.58
177.9,-66.657
178.0,64.028
178.1,196.479
178.2,26.833
178.3,-197.705
178.4,-28.282
178.5,45.159
178.6,146.938
178.7,79.526
178.8,-6.208
178.9,-88.163
179.0,-121.833
179.1,-72.683
179.2,-203.151
179.3,63.191
179.4,-90.851
179.5,-61.884
179.6,-182.908
179.7,130.974
179.8,108.051
179.9,216.267
180.0,-40.571
180.1,138.01
180.2,58.335
180.3,90.791
180.4,113.99
180.5,170.247
180.6,37.182
180.7,23.765
180.8,-204.398
180.9,99.498
181.0,51.891
181.1,14.395
181.2,-15.201
181.3,-58.923
181.4,-142.044
181.5,118.714
181.6,-57.724
181.7,124.369
181.8,-75.012
181.9,55.575
182.0,202.532
182.1,-2.783
182.2,89.765
182.3,44.277
182.4,-96.869
182.5,37.785
182.6,261.46
182.7,199.723
182.8,-377.141
182.9,159.954
183.0,-250.711
183.1,120.755
183.2,-305.007
183.3,-349.687
183.4,129.853
183.5,34.642
183.6,136.334
183.7,-40.594
183.8,-68.013
183.9,80.688
184.0,74.576
184.1,-118.726
184.2,75.437
184.3,-76.137
184.4,-2.462
184.5,-39.824
184.6,-110.559
184.7,24.308
184.8,-71.766
184.9,170.188
185.0,-167.005
185.1,140.747
185.2,348.32
185.3,-54.926
185.4,208.142
185.5,35.532
185.6,-141.865
185.7,107.973
185.8,-133.958
185.9,-184.039
186.0,54.829
186.1,-72.038
186.2,-47.979
186.3,79.783
186.4,35.919
186.5,-33.321
186.6,-216.305
186.7,123.794
186.8,39.246
186.9,67.877
187.0,142.154
187.1,280.898
187.2,40.406
187.3,209.742
187.4,-37.716
187.5,70.869
187.6,-15.698
187.7,-101.864
187.8,92.958
187.9,-198.514
188.0,-288.188
188.1,-20.576
188.2,231.857
188.3,42.877
188.4,-148.699
188.5,29.423
188.6,-93.741
188.7,-22.806
188.8,-233.411
188.9,150.17
189.0,99.228
189.1,-166.595
189.2,37.377
189.3,92.338
189.4,63.527
189.5,-122.771
189.6,-6.999
189.7,45.671
189.8,-58.901
189.9,-157.091
190.0,90.703
190.1,269.614
190.2,-139.599
190.3,36.798
190.4,16.345
190.5,-76.131
190.6,7.279
190.7,185.916
190.8,155.858
190.9,89.151
191.0,102.974
191.1,-85.746
191.2,40.983
191.3,108.58
191.4,-133.105
191.5,83.485
191.6,-143.674
191.7,-57.036
191.8,-123.108
191.9,148.172
192.0,-124.453
192.1,87.433
192.2,-67.062
192.3,-154.543
192.4,67.549
192.5,10.466
192.6,-134.444
192.7,77.724
192.8,180.709
192.9,116.08
193.0,98.423
193.1,15.011
193.2,165.216
193.3,-195.07
193.4,0.282
193.5,-267.952
193.6,-36.833
193.7,-51.792
193.8,183.784
193.9,149.524
194.0,-115.853
194.1,-111.62
194.2,118.736
194.3,-66.668
194.4,-140.97
194.5,95.026
194.6,-7.513
194.7,122.534
194.8,-131.811
194.9,98.582
195.0,24.198
195.1,-86.436
195.2,-220.732
195.3,-43.46
195.4,117.309
195.5,241.228
195.6,46.197
195.7,-61.153
195.8,-74.793
195.9,-114.896
196.0,-232.6
196.1,226.308
196.2,54.262
196.3,-142.888
196.4,-222.1
196.5,99.125
196.6,115.536
196.7,379.123
196.8,-93.998
196.9,173.404
197.0,-50.182
197.1,184.811
197.2,233.946
197.3,-442.586
197.4,155.906
197.5,-4.512
197.6,-16.82
197.7,-142.873
197.8,-6.371
197.9,-296.092
198.0,-44.068
198.1,64.809
198.2,-238.026
198.3,178.805
198.4,121.555
198.5,159.116
198.6,114.263
198.7,145.832
198.8,45.944
198.9,183.827
199.0,-67.899
199.1,-181.919
199.2,-73.064
199.3,94.48
199.4,110.664
199.5,-77.615
199.6,16.931
199.7,-169.633
199.8,-3.886
199.9,-173.399
200.0,-261.46
200.1,-71.269
200.2,102.238
200.3,-15.156
200.4,136.426
200.5,-19.356
200.6,-108.227
200.7,-122.409
200.8,127.75
200.9,326.279
201.0,-63.067
201.1,-48.806
201.2,-87.307
201.3,-401.37
201.4,154.298
201.5,87.951
201.6,-136.009
201.7,111.366
201.8,112.92
201.9,57.825
202.0,-57.76
202.1,-23.562
202.2,72.897
202.3,-21.752
202.4,-84.165
202.5,-77.797
202.6,26.005
202.7,130.78
202.8,18.469
202.9,36.703
203.0,-19.858
203.1,-60.161
203.2,17.291
203.3,27.095
203.4,-175.547
203.5,-116.008
203.6,-112.598
203.7,146.767
203.8,-10.849
203.9,-12.669
204.0,90.766
204.1,75.92
204.2,-124.626
204.3,-197.816
204.4,-130.005
204.5,-327.409
204.6,95.05
204.7,89.934
204.8,67.4
204.9,-51.753
205.0,36.01
205.1,-70.824
205.2,211.035
205.3,-39.403
205.4,-38.425
205.5,106.811
205.6,20.979
205.7,240.69
205.8,62.81
205.9,-102.86
206.0,18.697
206.1,-138.167
206.2,74.867
206.3,5.673
206.4,79.506
206.5,59.725
206.6,35.942
206.7,6.716
206.8,-77.955
206.9,123.397
207.0,23.285
207.1,184.868
207.2,192.109
207.3,-62.762
207.4,-82.364
207.5,17.332
207.6,92.326
207.7,7.837
207.8,195.244
207.9,107.914
208.0,-37.056
208.1,-131.314
208.2,92.56
208.3,99.999
208.4,61.364
208.5,6.032
208.6,-200.054
208.7,-55.362
208.8,-18.107
208.9,175.643
209.0,15.092
209.1,100.972
209.2,-147.051
209.3,54.383
209.4,-169.694
209.5,-75.494
209.6,111.103
209.7,-29.604
209.8,-223.746
209.9,70.542
210.0,29.009
210.1,95.877
210.2,-37.152
210.3,97.866
210.4,-132.793
210.5,11.537
210.6,-72.985
210.7,257.929
210.8,-235.213
210.9,75.378
211.0,16.629
211.1,-122.69
211.2,-33.416
211.3,255.564
211.4,-270.446
211.5,-15.585
211.6,15.1
211.7,180.19
211.8,-44.935
211.9,80.0
212.0,106.953
212.1,307.606
212.2,291.873
212.3,-115.525
212.4,-143.9
212.5,317.37
212.6,-72.693
212.7,87.349
212.8,-24.892
212.9,-3.377
213.0,113.874
213.1,103.892
213.2,-89.363
213.3,-153.221
213.4,-23.95
213.5,193.803
213.6,116.414
213.7,29.861
213.8,-112.442
213.9,115.898
214.0,-233.909
214.1,-121.057
214.2,-9.763
214.3,-332.056
214.4,-132.745
214.5,-166.802
214.6,58.005
214.7,125.227
214.8,22.523
214.9,108.682
215.0,88.94
215.1,-136.634
215.2,175.615
215.3,170.143
215.4,132.164
215.5,-193.785
215.6,-7.701
215.7,-219.039
215.8,61.026
215.9,-51.037
216.0,28.566
216.1,87.668
216.2,-21.324
216.3,-38.533
216.4,81.595
216.5,-158.423
216.6,165.641
216.7,6.271
216.8,-246.22
216.9,87.498
217.0,175.871
217.1,-46.359
217.2,-8.073
217.3,-73.141
217.4,267.478
217.5,-110.904
217.6,60.296
217.7,122.956
217.8,231.146
217.9,-6.506
218.0,-68.641
218.1,-5.791
218.2,-3.906
218.3,-128.816
218.4,16.978
218.5,-252.577
218.6,-78.287
218.7,49.35
218.8,-90.714
218.9,11.606
219.0,150.523
219.1,-40.071
219.2,182.498
219.3,-107.205
219.4,148.01
219.5,37.499
219.6,-57.063
219.7,-24.127
219.8,80.812
219.9,44.899
220.0,-152.285
220.1,19.574
220.2,-150.326
220.3,-252.666
220.4,240.588
220.5,146.592
220.6,-220.011
220.7,-100.043
220.8,-216.798
220.9,148.648
221.0,-116.896
221.1,48.52
221.2,82.132
221.3,26.375
221.4,-12.106
221.5,167.744
221.6,-43.753
221.7,169.5
221.8,-21.679
221.9,-116.105
222.0,-110.264
222.1,-27.47
222.2,-18.863
222.3,194.575
222.4,-45.468
222.5,72.962
222.6,217.33
222.7,62.996
222.8,140.596
222.9,49.924
223.0,139.343
223.1,-159.485
223.2,27.576
223.3,1.945
223.4,241.979
223.5,81.166
223.6,-74.894
223.7,67.324
223.8,-127.65
223.9,41.085
224.0,190.308
224.1,99.601
224.2,-6.583
224.3,3.291
224.4,282.914
224.5,114.604
224.6,-57.891
224.7,-62.061
224.8,-50.21
224.9,111.343
225.0,67.779
225.1,-38.662
225.2,141.511
225.3,0.622
225.4,29.306
225.5,-141.419
225.6,-146.202
225.7,-77.597
225.8,13.857
225.9,90.105
226.0,74.105
226.1,212.765
226.2,26.395
226.3,-177.758
226.4,36.591
226.5,25.413
226.6,-46.149
226.7,-82.513
226.8,88.524
226.9,295.086
227.0,65.423
227.1,45.555
227.2,-3.626
227.3,-304.071
227.4,160.423
227.5,206.37
227.6,-0.179
227.7,96.951
227.8,-183.765
227.9,35.386
228.0,-127.448
228.1,-73.844
228.2,-155.673
228.3,212.947
228.4,2.592
228.5,-76.347
228.6,146.285
228.7,32.235
228.8,186.398
228.9,-67.477
229.0,126.122
229.1,312.549
229.2,-16.582
229.3,58.916
229.4,5.481
229.5,41.646
229.6,178.048
229.7,-30.118
229.8,-36.732
229.9,-246.573
230.0,179.316
230.1,-103.968
230.2,59.625
230.3,78.065
230.4,-159.017
230.5,83.746
230.6,44.581
230.7,-138.36
230.8,-146.017
230.9,297.969
231.0,20.928
231.1,-124.048
231.2,97.942
231.3,116.416
231.4,-92.272
231.5,35.048
231.6,-155.326
231.7,182.919
231.8,-257.471
231.9,-153.624
232.0,-49.282
232.1,87.669
232.2,-340.079
232.3,-255.773
232.4,-103.952
232.5,-147.552
232.6,23.409
232.7,31.31
232.8,-255.959
232.9,46.127
233.0,251.442
233.1,70.547
233.2,-138.676
233.3,57.078
233.4,89.048
233.5,-29.086
233.6,92.021
233.7,86.627
233.8,42.009
233.9,-73.505
234.0,43.045
234.1,9.265
234.2,-11.613
234.3,-180.574
234.4,149.878
234.5,-166.545
234.6,155.779
234.7,-95.12
234.8,69.192
234.9,-16.911
235.0,-120.298
235.1,-62.882
235.2,-62.018
235.3,-180.286
235.4,170.282
235.5,-235.437
235.6,-102.591
235.7,-83.753
235.8,-26.652
235.9,-236.003
236.0,-104.096
236.1,70.752
236.2,37.419
236.3,58.465
236.4,35.042
236.5,-86.988
236.6,-158.439
236.7,-47.67
236.8,-247.345
236.9,-103.18
237.0,197.414
237.1,191.112
237.2,-1.801
237.3,-168.22
237.4,-33.361
237.5,-120.811
237.6,-110.099
237.7,196.779
237.8,46.227
237.9,-152.655
238.0,-301.38
238.1,-41.875
238.2,132.316
238.3,-204.882
238.4,-132.081
238.5,-33.085
238.6,22.913
238.7,63.486
238.8,-279.549
238.9,58.026
239.0,-42.388
239.1,196.276
239.2,101.321
239.3,48.736
239.4,5.884
239.5,171.911
239.6,-30.836
239.7,72.666
239.8,83.044
239.9,218.867
240.0,93.1
240.1,-39.082
240.2,-165.869
240.3,-18.403
240.4,-151.689
240.5,-117.584
240.6,-285.87
240.7,45.254
240.8,281.517
240.9,-220.31
241.0,73.616
241.1,88.529
241.2,63.599
241.3,-20.776
241.4,86.64
241.5,-9.845
241.6,-104.23
241.7,-65.304
241.8,94.086
241.9,-55.334
242.0,9.253
242.1,73.036
242.2,-32.323
242.3,137.388
242.4,-116.22
242.5,8.837
242.6,-39.61
242.7,272.78
242.8,-239.904
242.9,-73.91
243.0,-177.293
243.1,409.315
243.2,92.784
243.3,-232.375
243.4,-11.789
243.5,305.263
243.6,11.948
243.7,5.734
243.8,196.587
243.9,15.38
244.0,-112.501
244.1,-150.505
244.2,-12.346
244.3,-15.115
244.4,125.305
244.5,120.831
244.6,132.686
244.7,-78.441
244.8,-92.519
244.9,9.077
245.0,-211.234
245.1,49.414
245.2,-13.101
245.3,-163.169
245.4,25.545
245.5,-161.985
245.6,-201.309
245.7,-148.617
245.8,135.029
245.9,67.817
246.0,55.177
246.1,148.529
246.2,195.51
246.3,-193.289
246.4,158.494
246.5,-22.331
246.6,-72.603
246.7,49.683
246.8,-147.395
246.9,191.375
247.0,145.376
247.1,222.341
247.2,-13.525
247.3,43.603
247.4,-2.997
247.5,54.537
247.6,133.306
247.7,39.949
247.8,-18.389
247.9,114.829
248.0,-232.033
248.1,166.037
248.2,-186.461
248.3,36.672
248.4,-185.926
248.5,-76.161
248.6,-84.588
248.7,44.578
248.8,117.466
248.9,-17.165
249.0,7.073
249.1,-154.606
249.2,-32.289
249.3,134.363
249.4,0.915
249.5,-61.854
249.6,-177.465
249.7,-89.931
249.8,-56.627
249.9,-17.02
250.0,28.186
250.1,7.924
250.2,168.752
250.3,-11.067
250.4,140.474
250.5,199.263
250.6,24.898
250.7,109.596
250.8,-234.388
250.9,106.952
251.0,-431.326
251.1,-32.106
251.2,95.268
251.3,1.994
251.4,67.005
251.5,-15.95
251.6,18.882
251.7,-278.79
251.8,-110.266
251.9,118.58
252.0,121.635
252.1,39.21
252.2,-9.021
252.3,1.764
252.4,91.95
252.5,-55.223
252.6,8.317
252.7,91.758
252.8,88.09
252.9,-6.427
253.0,74.415
253.1,0.681
253.2,153.505
253.3,-86.146
253.4,-161.022
253.5,-110.634
253.6,43.383
253.7,48.575
253.8,-49.884
253.9,-151.367
254.0,171.295
254.1,232.735
254.2,118.949
254.3,121.289
254.4,-269.289
254.5,-76.748
254.6,143.759
254.7,-242.088
254.8,-84.401
254.9,2.986
255.0,62.171
255.1,128.714
255.2,-8.504
255.3,-181.273
255.4,-12.145
255.5,97.705
255.6,-177.058
255.7,-165.452
255.8,81.674
255.9,-272.035
256.0,-285.798
256.1,45.056
256.2,108.593
256.3,38.327
256.4,-151.254
256.5,-8.108
256.6,113.363
256.7,80.954
256.8,155.359
256.9,-24.339
257.0,53.433
257.1,-116.17
257.2,-51.315
257.3,-34.186
257.4,-78.251
257.5,105.741
257.6,62.727
257.7,37.208
257.8,-123.362
257.9,-98.874
258.0,10.365
258.1,120.923
258.2,-7.536
258.3,-0.096
258.4,-40.603
258.5,-39.807
258.6,-291.015
258.7,-194.954
258.8,90.19
258.9,-130.58
259.0,-35.594
259.1,-62.562
259.2,-90.279
259.3,-42.567
259.4,138.574
259.5,11.104
259.6,-139.68
259.7,-124.401
259.8,-246.494
259.9,121.801
260.0,3.548
260.1,-15.443
260.2,-81.398
260.3,-95.401
260.4,-25.798
260.5,-137.455
260.6,-83.825
260.7,23.391
260.8,-13.968
260.9,-19.075
261.0,109.007
261.1,-64.219
261.2,0.599
261.3,95.844
261.4,-29.938
261.5,-10.551
261.6,-9.027
261.7,156.712
261.8,-7.133
261.9,-133.269
262.0,-48.732
262.1,288.338
262.2,120.629
262.3,0.69
262.4,-83.674
262.5,-51.563
262.6,103.958
262.7,6.066
262.8,45.999
262.9,32.901
263.0,-26.969
263.1,-64.867
263.2,-107.641
263.3,165.211
263.4,-199.167
263.5,62.643
263.6,-23.843
263.7,115.755
263.8,149.269
263.9,84.009
264.0,193.452
264.1,-13.255
264.2,269.874
264.3,-73.802
264.4,-358.511
264.5,239.476
264.6,141.502
264.7,-10.348
264.8,101.157
264.9,81.848
265.0,22.726
265.1,-105.925
265.2,141.458
265.3,-3.923
265.4,63.069
265.5,-19.458
265.6,-43.622
265.7,-8.527
265.8,180.936
265.9,105.164
266.0,-97.198
266.1,-50.219
266.2,174.842
266.3,-206.906
266.4,196.468
266.5,-69.253
266.6,23.605
266.7,76.753
266.8,-24.885
266.9,131.167
267.0,126.346
267.1,-270.952
267.2,-136.573
267.3,45.815
267.4,-35.309
267.5,-99.407
267.6,-130.924
267.7,9.386
267.8,306.197
267.9,-42.929
268.0,-179.934
268.1,135.21
268.2,-1.411
268.3,-146.459
268.4,-82.758
268.5,-32.04
268.6,-82.623
268.7,-58.348
268.8,-202.115
268.9,27.555
269.0,-50.618
269.1,-37.517
269.2,-12.422
269.3,91.165
269.4,-15.233
269.5,-0.526
269.6,-74.296
269.7,-137.844
269.8,-135.243
269.9,166.392
270.0,-165.837
270.1,-90.556
270.2,-4.377
270.3,107.575
270.4,131.972
270.5,-237.382
270.6,-4.066
270.7,-131.223
270.8,-262.611
270.9,157.21
271.0,24.368
271.1,33.619
271.2,-154.154
271.3,83.445
271.4,-126.943
271.5,58.122
271.6,-119.331
271.7,152.275
271.8,57.196
271.9,-48.444
272.0,-34.746
272.1,77.111
272.2,64.429
272.3,100.219
272.4,119.312
272.5,-9.396
272.6,13.007
272.7,113.961
272.8,6.395
272.9,102.602
273.0,63.387
273.1,-122.625
273.2,-189.668
273.3,66.639
273.4,82.306
273.5,45.191
273.6,85.794
273.7,263.368
273.8,105.499
273.9,-131.096
274.0,-14.154
274.1,-48.876
274.2,71.977
274.3,-6.104
274.4,-78.032
274.5,40.466
274.6,-28.967
274.7,13.793
274.8,53.591
274.9,-149.42
275.0,7.117
275.1,174.683
275.2,-195.256
275.3,16.165
275.4,31.961
275.5,101.301
275.6,-1.605
275.7,49.685
275.8,16.336
275.9,-4.786
276.0,20.43
276.1,9.377
276.2,34.8
276.3,-103.624
276.4,109.795
276.5,-12.89
276.6,125.26
276.7,-29.15
276.8,116.21
276.9,-36.653
277.0,-81.433
277.1,115.102
277.2,-96.609
277.3,-135.523
277.4,198.342
277.5,-103.373
277.6,145.9
277.7,-61.668
277.8,114.676
277.9,-174.902
278.0,130.149
278.1,-62.07
278.2,126.866
278.3,-86.031
278.4,-24.857
278.5,4.054
278.6,-132.094
278.7,-51.324
278.8,-73.492
278.9,20.208
279.0,45.104
279.1,147.952
279.2,-195.904
279.3,-51.879
279.4,157.482
279.5,-142.797
279.6,-0.978
279.7,-48.502
279.8,-156.631
279.9,17.366
280.0,155.497
280.1,57.627
280.2,-32.892
280.3,105.855
280.4,33.263
280.5,107.327
280.6,-45.074
280.7,-92.573
280.8,-282.885
280.9,46.161
281.0,9.588
281.1,16.077
281.2,-191.278
281.3,-23.182
281.4,3.693
281.5,114.196
281.6,133.287
281.7,58.402
281.8,9.935
281.9,-67.997
282.0,-103.443
282.1,-76.376
282.2,-26.598
282.3,218.705
282.4,94.203
282.5,-105.534
282.6,1.204
282.7,52.774
282.8,217.675
282.9,56.128
283.0,173.059
283.1,80.14
283.2,-156.662
283.3,-18.189
283.4,-11.412
283.5,53.754
283.6,125.604
283.7,74.943
283.8,22.941
283.9,35.255
284.0,-140.706
284.1,48.811
284.2,219.367
284.3,-88.39
284.4,-8.49
284.5,9.539
284.6,-12.759
284.7,-128.373
284.8,-106.95
284.9,40.539
285.0,-65.585
285.1,7.288
285.2,179.561
285.3,-98.269
285.4,74.165
285.5,-1.135
285.6,-270.803
285.7,-71.939
285.8,-104.589
285.9,-217.593
286.0,167.334
286.1,-41.652
286.2,-16.399
286.3,100.888
286.4,-159.596
286.5,96.294
286.6,-43.507
286.7,102.626
286.8,-2.212
286.9,-106.91
287.0,-14.15
287.1,-178.491
287.2,-32.297
287.3,-137.425
287.4,16.314
287.5,-144.297
287.6,-120.42
287.7,60.137
287.8,-22.843
287.9,-1.583
288.0,-48.061
288.1,-16.333
288.2,-170.175
288.3,-153.068
288.4,-108.745
288.5,-221.354
288.6,10.862
288.7,-135.171
288.8,-129.976
288.9,-308.163
289.0,-37.755
289.1,20.969
289.2,31.346
289.3,-216.215
289.4,-14.717
289.5,97.59
289.6,-63.723
289.7,-27.557
289.8,32.989
289.9,59.754
290.0,138.472
290.1,-88.04
290.2,69.825
290.3,-200.624
290.4,165.858
290.5,-31.828
290.6,-176.013
290.7,-3.935
290.8,114.86
290.9,14.593
291.0,-74.576
291.1,93.541
291.2,25.236
291.3,96.658
291.4,-145.566
291.5,91.373
291.6,-26.023
291.7,-13.477
291.8,185.371
291.9,-128.927
292.0,-217.934
292.1,-237.959
292.2,2.761
292.3,220.174
292.4,165.018
292.5,102.662
292.6,17.033
292.7,46.614
292.8,65.593
292.9,333.113
293.0,64.855
293.1,-175.635
293.2,211.289
293.3,204.886
293.4,-31.183
293.5,186.144
293.6,49.144
293.7,181.08
293.8,24.872
293.9,119.494
294.0,90.064
294.1,95.559
294.2,147.006
294.3,112.408
294.4,33.033
294.5,-32.208
294.6,-43.157
294.7,114.232
294.8,-292.953
294.9,-95.747
295.0,158.923
295.1,63.09
295.2,-105.686
295.3,114.829
295.4,27.932
295.5,64.227
295.6,223.446
295.7,43.774
295.8,149.406
295.9,-21.99
296.0,40.392
296.1,63.492
296.2,209.298
296.3,-23.873
296.4,-96.395
296.5,-46.204
296.6,38.219
296.7,222.733
296.8,98.252
296.9,-160.831
297.0,55.548
297.1,-16.374
297.2,296.808
297.3,-21.837
297.4,-174.115
297.5,-31.607
297.6,-38.297
297.7,76.413
297.8,14.301
297.9,74.15
298.0,-74.531
298.1,81.523
298.2,126.666
298.3,-70.091
298.4,-104.653
298.5,-13.695
298.6,198.112
298.7,-121.482
298.8,94.133
298.9,1.49
299.0,-96.9
299.1,62.283
299.2,-100.059
299.3,-55.224
299.4,-53.129
299.5,-173.664
299.6,-62.147
299.7,-3.233
299.8,149.914
299.9,115.796
300.0,119.229
300.1,-144.618
300.2,-73.438
300.3,188.33
300.4,-96.067
300.5,6.962
300.6,87.036
300.7,39.3
300.8,-129.911
300.9,-106.278
301.0,125.858
301.1,-19.329
301.2,-106.009
301.3,-27.906
301.4,21.47
301.5,-78.688
301.6,66.678
301.7,19.895
301.8,30.391
301.9,7.813
302.0,42.536
302.1,-78.154
302.2,-45.47
302.3,33.867
302.4,349.278
302.5,87.7
302.6,-36.877
302.7,73.821
302.8,-47.816
302.9,-32.168
303.0,-18.083
303.1,-89.021
303.2,-82.843
303.3,-27.971
303.4,-241.002
303.5,64.929
303.6,-153.208
303.7,-143.207
303.8,-1.009
303.9,-115.721
304.0,-46.019
304.1,-28.408
304.2,47.989
304.3,78.361
304.4,-68.034
304.5,10.347
304.6,115.495
304.7,-117.193
304.8,-254.709
304.9,138.244
305.0,122.231
305.1,-56.862
305.2,77.179
305.3,-118.847
305.4,183.594
305.5,-38.521
305.6,-43.946
305.7,-3.357
305.8,-133.783
305.9,15.933
306.0,22.242
306.1,55.627
306.2,22.952
306.3,127.836
306.4,73.356
306.5,54.711
306.6,-80.524
306.7,-114.275
306.8,33.473
306.9,-33.564
307.0,-108.285
307.1,60.948
307.2,-11.085
307.3,33.009
307.4,-182.666
307.5,-36.072
307.6,-166.952
307.7,67.355
307.8,-277.247
307.9,315.901
308.0,2.751
308.1,118.574
308.2,-224.514
308.3,126.054
308.4,85.769
308.5,-160.051
308.6,133.927
308.7,169.634
308.8,78.63
308.9,-182.883
309.0,-128.91
309.1,138.986
309.2,58.46
309.3,-116.227
309.4,157.635
309.5,-277.933
309.6,186.219
309.7,18.085
309.8,-18.725
309.9,-226.488
310.0,0.479
310.1,-34.845
310.2,-63.709
310.3,30.867
310.4,25.298
310.5,-20.407
310.6,-311.279
310.7,-78.511
310.8,25.205
310.9,-3.363
311.0,273.193
311.1,74.924
311.2,127.286
311.3,30.073
311.4,-137.326
311.5,-75.809
311.6,-121.4
311.7,-3.953
311.8,-109.924
311.9,135.692
312.0,-61.137
312.1,260.433
312.2,55.491
312.3,-55.653
312.4,175.046
312.5,-76.518
312.6,-254.948
312.7,-93.587
312.8,-90.592
312.9,53.8
313.0,249.039
313.1,81.64
313.2,136.432
313.3,-128.091
313.4,226.446
313.5,33.637
313.6,31.628
313.7,-78.687
313.8,22.784
313.9,177.384
314.0,56.278
314.1,114.702
314.2,-79.608
314.3,3.672
314.4,179.471
314.5,-167.718
314.6,-28.819
314.7,-122.778
314.8,-32.234
314.9,-58.251
315.0,136.329
315.1,-27.143
315.2,-75.898
315.3,113.339
315.4,41.827
315.5,107.101
315.6,64.635
315.7,-53.921
315.8,-235.184
315.9,-150.318
316.0,-7.676
316.1,-227.49
316.2,80.941
316.3,51.375
316.4,39.442
316.5,75.854
316.6,40.044
316.7,80.243
316.8,162.522
316.9,-223.82
317.0,215.931
317.1,0.909
317.2,-91.461
317.3,-2.206
317.4,70.909
317.5,-46.574
317.6,62.559
317.7,101.699
317.8,-80.178
317.9,-113.913
318.0,88.515
318.1,-0.353
318.2,-64.532
318.3,17.844
318.4,12.327
318.5,-58.86
318.6,-24.179
318.7,122.295
318.8,87.238
318.9,40.1
319.0,79.205
319.1,-198.534
319.2,47.172
319.3,-108.263
319.4,-37.067
319.5,-233.172
319.6,26.958
319.7,-9.266
319.8,54.565
319.9,-68.852
320.0,32.155
320.1,-53.344
320.2,59.788
320.3,15.66
320.4,87.376
320.5,142.33
320.6,179.502
320.7,-12.886
320.8,-121.169
320.9,8.425
321.0,90.645
321.1,30.878
321.2,111.775
321.3,118.064
321.4,74.478
321.5,222.09
321.6,122.84
321.7,76.895
321.8,-96.878
321.9,-70.732
322.0,108.314
322.1,-125.491
322.2,-45.79
322.3,54.912
322.4,58.846
322.5,152.326
322.6,78.565
322.7,-129.055
322.8,-27.374
322.9,-112.093
323.0,43.655
323.1,-71.889
323.2,162.146
323.3,-32.39
323.4,62.693
323.5,-64.621
323.6,104.328
323.7,-48.136
323.8,162.532
323.9,-148.784
324.0,5.045
324.1,-157.127
324.2,-6.871
324.3,-49.309
324.4,-62.237
324.5,-183.711
324.6,-22.953
324.7,114.331
324.8,140.445
324.9,-200.88
325.0,40.659
325.1,116.855
325.2,52.609
325.3,-183.856
325.4,42.128
325.5,-7.233
325.6,233.056
325.7,135.151
325.8,-68.937
325.9,90.146
326.0,-121.764
326.1,114.992
326.2,89.064
326.3,4.013
326.4,-29.729
326.5,22.44
326.6,53.167
326.7,-46.937
326.8,-60.627
326.9,92.305
327.0,13.881
327.1,-266.143
327.2,-92.139
327.3,45.232
327.4,-183.153
327.5,69.91
327.6,-102.007
327.7,52.682
327.8,-109.104
327.9,-164.324
328.0,-189.018
328.1,-139.949
328.2,-47.096
328.3,219.029
328.4,-140.532
328.5,-34.732
328.6,-32.682
328.7,-4.357
328.8,26.421
328.9,-185.963
329.0,79.537
329.1,-69.745
329.2,-48.842
329.3,-170.643
329.4,-85.947
329.5,19.787
329.6,36.48
329.7,-52.948
329.8,-88.984
329.9,39.092
330.0,-93.513
330.1,-170.645
330.2,-2.184
330.3,-74.24
330.4,-310.078
330.5,162.283
330.6,-74.791
330.7,27.899
330.8,19.373
330.9,-141.972
331.0,-38.667
331.1,-158.696
331.2,-177.836
331.3,-85.68
331.4,-12.517
331.5,43.703
331.6,95.064
331.7,-108.563
331.8,-141.391
331.9,32.245
332.0,-30.991
332.1,43.841
332.2,-37.382
332.3,2.628
332.4,21.413
332.5,-222.374
332.6,-200.556
332.7,-133.029
332.8,72.081
332.9,115.977
333.0,-138.984
333.1,36.791
333.2,-85.664
333.3,56.912
333.4,-111.073
333.5,51.02
333.6,71.218
333.7,-131.942
333.8,-141.013
333.9,-61.432
334.0,-38.481
334.1,59.765
334.2,-65.383
334.3,-143.935
334.4,-71.808
334.5,-23.888
334.6,25.768
334.7,-127.761
334.8,-76.409
334.9,43.404
335.0,-103.713
335.1,41.604
335.2,-15.151
335.3,-10.233
335.4,-31.532
335.5,-97.942
335.6,92.069
335.7,90.094
335.8,-5.829
335.9,-7.928
336.0,-14.873
336.1,12.501
336.2,134.729
336.3,196.887
336.4,141.149
336.5,51.094
336.6,-150.573
336.7,80.613
336.8,-158.188
336.9,-84.172
337.0,-78.549
337.1,207.877
337.2,-56.502
337.3,-143.468
337.4,139.665
337.5,45.517
337.6,41.317
337.7,-27.6
337.8,77.827
337.9,-97.161
338.0,91.251
338.1,188.114
338.2,-118.151
338.3,117.808
338.4,-24.685
338.5,-23.638
338.6,-79.215
338.7,82.079
338.8,1.508
338.9,60.616
339.0,61.93
339.1,-16.366
339.2,57.558
339.3,-56.986
339.4,0.696
339.5,-85.591
339.6,-183.307
339.7,-153.219
339.8,64.849
339.9,-15.474
340.0,-174.367
340.1,71.114
340.2,11.361
340.3,126.308
340.4,-43.434
340.5,-2.833
340.6,118.982
340.7,-70.651
340.8,57.443
340.9,-24.227
341.0,12.05
341.1,-19.323
341.2,-50.634
341.3,7.255
341.4,179.046
341.5,-163.703
341.6,76.098
341.7,40.037
341.8,-4.645
341.9,24.777
342.0,-11.758
342.1,-204.202
342.2,63.353
342.3,-104.937
342.4,21.229
342.5,23.7
342.6,24.41
342.7,-92.86
342.8,-29.425
342.9,78.526
343.0,-103.3
343.1,12.301
343.2,-1.171
343.3,-78.903
343.4,72.981
343.5,-6.956
343.6,-59.974
343.7,112.798
343.8,21.587
343.9,-149.957
344.0,-162.488
344.1,58.264
344.2,-108.319
344.3,75.443
344.4,114.04
344.5,-1.037
344.6,-86.921
344.7,107.875
344.8,-91.529
344.9,-150.219
345.0,30.277
345.1,157.786
345.2,-67.61
345.3,59.815
345.4,-19.281
345.5,-23.954
345.6,-44.689
345.7,56.208
345.8,-18.788
345.9,97.784
346.0,142.4
346.1,-36.659
346.2,45.134
346.3,19.207
346.4,-264.128
346.5,-233.933
346.6,101.745
346.7,-223.879
346.8,222.001
346.9,227.999
347.0,64.55
347.1,9.583
347.2,48.078
347.3,-45.903
347.4,78.037
347.5,4.019
347.6,72.344
347.7,-126.772
347.8,165.318
347.9,125.03
348.0,-136.459
348.1,176.535
348.2,22.387
348.3,-37.935
348.4,-108.907
348.5,81.588
348.6,-144.777
348.7,12.381
348.8,-65.092
348.9,-107.845
349.0,-11.594
349.1,-183.063
349.2,75.861
349.3,82.992
349.4,80.714
349.5,135.688
349.6,-68.798
349.7,26.698
349.8,102.513
349.9,-211.169
350.0,-34.484
350.1,60.769
350.2,43.695
350.3,29.516
350.4,31.873
350.5,-12.419
350.6,201.375
350.7,-135.183
350.8,-141.641
350.9,79.319
351.0,33.691
351.1,-185.414
351.2,-177.617
351.3,-78.758
351.4,-102.672
351.5,-169.384
351.6,-28.679
351.7,-114.976
351.8,69.337
351.9,-113.963
352.0,-67.615
352.1,-57.242
352.2,-1.299
352.3,35.432
352.4,-17.479
352.5,235.533
352.6,-89.144
352.7,-42.689
352.8,-8.533
352.9,-112.479
353.0,-99.798
353.1,217.026
353.2,3.503
353.3,-103.788
353.4,58.462
353.5,-50.015
353.6,-103.431
353.7,-46.89
353.8,66.812
353.9,-100.794
354.0,-43.75
354.1,-112.201
354.2,-39.414
354.3,-195.378
354.4,-19.516
354.5,-115.822
354.6,59.545
354.7,134.29
354.8,-46.476
354.9,197.325
355.0,64.283
355.1,8.363
355.2,-67.721
355.3,43.414
355.4,-59.164
355.5,73.302
355.6,-170.041
355.7,-111.148
355.8,-38.016
355.9,156.613
356.0,-90.288
356.1,-46.418
356.2,-207.141
356.3,158.336
356.4,-118.801
356.5,46.627
356.6,10.126
356.7,235.377
356.8,118.878
356.9,-168.662
357.0,140.343
357.1,-7.678
357.2,9.181
357.3,-27.533
357.4,-68.265
357.5,43.884
357.6,-157.74
357.7,77.561
357.8,61.306
357.9,146.311
358.0,87.055
358.1,-21.381
358.2,137.373
358.3,-9.587
358.4,-20.823
358.5,-21.639
358.6,-28.883
358.7,25.775
358.8,-33.458
358.9,16.571
359.0,-193.464
359.1,-66.768
359.2,-25.379
359.3,85.119
359.4,-89.124
359.5,79.247
359.6,-105.889
359.7,-109.81
359.8,-68.272
359.9,31.065
360.0,26.892
360.1,-77.981
360.2,-56.937
360.3,84.913
360.4,48.402
360.5,-100.983
360.6,-43.761
360.7,-17.235
360.8,109.727
360.9,-20.097
361.0,-43.203
361.1,-79.965
361.2,-12.272
361.3,-75.051
361.4,-15.874
361.5,36.573
361.6,-16.001
361.7,14.668
361.8,79.039
361.9,-17.233
362.0,-20.927
362.1,-5.467
362.2,120.773
362.3,-2.795
362.4,-21.501
362.5,-229.941
362.6,-0.249
362.7,-4.594
362.8,67.935
362.9,102.266
363.0,21.385
363.1,106.648
363.2,13.015
363.3,90.122
363.4,-25.803
363.5,111.046
363.6,-43.842
363.7,-10.159
363.8,50.784
363.9,-83.237
364.0,165.378
364.1,130.273
364.2,-122.325
364.3,172.907
364.4,134.466
364.5,-54.764
364.6,82.356
364.7,48.715
364.8,122.95
364.9,103.906
365.0,119.126
365.1,-56.202
365.2,-84.565
365.3,-98.598
365.4,31.176
365.5,-7.264
365.6,-38.325
365.7,-139.769
365.8,111.808
365.9,79.31
366.0,-43.201
366.1,39.611
366.2,-25.759
366.3,36.845
366.4,-69.728
366.5,-81.188
366.6,-69.413
366.7,-145.59
366.8,17.157
366.9,-128.373
367.0,20.667
367.1,-42.685
367.2,-66.961
367.3,-39.63
367.4,-28.745
367.5,67.802
367.6,17.079
367.7,-266.67
367.8,9.596
367.9,48.877
368.0,0.576
368.1,-127.18
368.2,111.321
368.3,35.154
368.4,32.204
368.5,-43.804
368.6,54.427
368.7,215.781
368.8,-125.683
368.9,136.216
369.0,65.87
369.1,-12.402
369.2,-87.64
369.3,139.871
369.4,72.343
369.5,24.065
369.6,62.633
369.7,-45.836
369.8,67.386
369.9,13.456
370.0,-146.073
370.1,117.366
370.2,183.521
370.3,-83.657
370.4,112.685
370.5,-129.689
370.6,-73.316
370.7,86.601
370.8,113.905
370.9,-258.149
371.0,-123.996
371.1,-47.729
371.2,-222.314
371.3,20.636
371.4,23.775
371.5,-134.84
371.6,-29.15
371.7,-38.07
371.8,7.039
371.9,98.596
372.0,123.898
372.1,-54.599
372.2,-187.367
372.3,-202.703
372.4,83.864
372.5,5.325
372.6,-40.833
372.7,-61.258
372.8,28.41
372.9,100.221
373.0,-35.165
373.1,-24.997
373.2,-195.199
373.3,94.81
373.4,-94.063
373.5,-115.804
373.6,80.928
373.7,152.551
373.8,52.714
373.9,-31.94
374.0,-70.174
374.1,-39.406
374.2,-53.21
374.3,-32.213
374.4,23.577
374.5,27.032
374.6,-156.884
374.7,-164.145
374.8,-111.899
374.9,-103.885
375.0,-13.102
375.1,170.186
375.2,-59.212
375.3,30.259
375.4,49.056
375.5,155.79
375.6,-79.619
375.7,10.595
375.8,-79.467
375.9,-10.23
376.0,46.697
376.1,70.122
376.2,-78.282
376.3,-34.147
376.4,4.966
376.5,101.931
376.6,20.464
376.7,75.141
376.8,-27.521
376.9,-46.432
377.0,-2.289
377.1,-39.977
377.2,-24.265
377.3,156.493
377.4,92.429
377.5,-92.035
377.6,24.263
377.7,20.323
377.8,110.991
377.9,16.532
378.0,12.093
378.1,-184.739
378.2,-99.776
378.3,-34.852
378.4,-16.358
378.5,40.215
378.6,-80.624
378.7,-10.684
378.8,170.517
378.9,-88.935
379.0,270.509
379.1,75.27
379.2,25.924
379.3,1.172
379.4,64.936
379.5,-97.858
379.6,-189.392
379.7,-13.496
379.8,86.586
379.9,-55.61
380.0,146.261
380.1,56.581
380.2,-53.422
380.3,255.187
380.4,47.704
380.5,82.006
380.6,167.451
380.7,26.26
380.8,79.139
380.9,19.581
381.0,-160.586
381.1,-103.155
381.2,-124.884
381.3,-47.868
381.4,8.94
381.5,-16.212
381.6,-81.566
381.7,-12.053
381.8,-180.363
381.9,67.898
382.0,-96.333
382.1,77.094
382.2,-139.752
382.3,-34.84
382.4,-51.703
382.5,144.519
382.6,7.297
382.7,107.844
382.8,-24.249
382.9,-19.915
383.0,202.766
383.1,38.505
383.2,37.936
383.3,-44.166
383.4,76.014
383.5,73.585
383.6,-14.045
383.7,-222.876
383.8,-43.608
383.9,13.935
384.0,-67.643
384.1,93.885
384.2,100.232
384.3,-38.83
384.4,-132.188
384.5,163.983
384.6,47.264
384.7,-6.975
384.8,45.235
384.9,0.48
385.0,125.05
385.1,-120.581
385.2,-13.335
385.3,-176.333
385.4,64.875
385.5,-16.378
385.6,-39.708
385.7,-5.696
385.8,-24.925
385.9,-45.005
386.0,100.631
386.1,-62.135
386.2,141.376
386.3,-42.258
386.4,-89.064
386.5,218.646
386.6,19.14
386.7,-35.293
386.8,-156.355
386.9,103.287
387.0,-120.542
387.1,0.733
387.2,-41.725
387.3,31.489
387.4,-70.043
387.5,-80.415
387.6,-13.231
387.7,32.714
387.8,-21.804
387.9,76.039
388.0,8.763
388.1,68.503
388.2,40.969
388.3,31.09
388.4,-130.63
388.5,-29.835
388.6,-153.256
388.7,-93.299
388.8,5.905
388.9,-20.668
389.0,-74.28
389.1,63.064
389.2,-112.28
389.3,-69.472
389.4,-33.007
389.5,90.029
389.6,-78.032
389.7,-48.784
389.8,29.127
389.9,-17.776
390.0,-142.503
390.1,-0.264
390.2,2.746
390.3,-3.786
390.4,-98.048
390.5,-23.982
390.6,39.44
390.7,107.53
390.8,-50.813
390.9,-85.133
391.0,-104.463
391.1,154.285
391.2,182.954
391.3,152.309
391.4,-88.13
391.5,-61.202
391.6,50.144
391.7,-84.647
391.8,254.701
391.9,-63.787
392.0,-95.728
392.1,-131.756
392.2,46.705
392.3,14.81
392.4,48.801
392.5,-28.024
392.6,1.935
392.7,68.969
392.8,106.252
392.9,24.453
393.0,21.686
393.1,-208.071
393.2,2.851
393.3,-3.247
393.4,-43.269
393.5,59.161
393.6,99.211
393.7,-6.255
393.8,106.324
393.9,-18.724
394.0,-26.635
394.1,120.883
394.2,17.438
394.3,128.547
394.4,-9.383
394.5,8.068
394.6,-35.768
394.7,-58.439
394.8,128.255
394.9,-33.223
395.0,69.186
395.1,152.241
395.2,-4.857
395.3,-112.518
395.4,-85.241
395.5,88.254
395.6,-62.064
395.7,1.488
395.8,2.208
395.9,42.479
396.0,48.248
396.1,-63.379
396.2,53.806
396.3,-52.623
396.4,-102.237
396.5,-281.487
396.6,-64.761
396.7,-105.627
396.8,-66.263
396.9,-5.989
397.0,152.944
397.1,113.478
397.2,17.408
397.3,-52.187
397.4,-69.636
397.5,-144.381
397.6,-16.9
397.7,-10.087
397.8,160.64
397.9,152.353
398.0,42.409
398.1,-158.242
398.2,-93.85
398.3,8.758
398.4,-103.932
398.5,-105.292
398.6,-86.809
398.7,39.718
398.8,38.03
398.9,-27.157
399.0,-93.668
399.1,125.637
399.2,-86.132
399.3,27.296
399.4,-90.718
399.5,-25.379
399.6,-63.88
399.7,42.144
399.8,67.034
399.9,133.218
400.0,54.351
400.1,-79.411
400.2,-42.103
400.3,106.94
400.4,39.737
400.5,2.598
400.6,151.593
400.7,-79.837
400.8,-53.934
400.9,-17.38
401.0,-61.218
401.1,-6.042
401.2,41.392
401.3,163.014
401.4,11.713
401.5,49.882
401.6,-2.041
401.7,-48.106
401.8,-95.235
401.9,-9.428
402.0,-125.008
402.1,61.536
402.2,64.6
402.3,-23.508
402.4,23.584
402.5,115.491
402.6,-3.978
402.7,-34.198
402.8,42.679
402.9,103.89
403.0,88.643
403.1,-91.112
403.2,-22.223
403.3,90.752
403.4,-16.253
403.5,98.683
403.6,-98.06
403.7,23.258
403.8,-1.368
403.9,-107.076
404.0,-74.032
404.1,73.47
404.2,-13.563
404.3,40.673
404.4,119.768
404.5,72.933
404.6,-27.217
404.7,47.728
404.8,-4.211
404.9,-0.321
405.0,-224.158
405.1,-51.202
405.2,-48.803
405.3,8.607
405.4,48.266
405.5,-87.446
405.6,132.727
405.7,38.172
405.8,-22.296
405.9,-35.583
406.0,171.988
406.1,-18.828
406.2,62.541
406.3,-53.377
406.4,113.189
406.5,131.617
406.6,162.296
406.7,-39.497
406.8,-51.409
406.9,25.081
407.0,-98.005
407.1,62.947
407.2,-48.017
407.3,-57.456
407.4,100.55
407.5,261.525
407.6,-138.868
407.7,-65.669
407.8,36.322
407.9,180.915
408.0,-109.061
408.1,8.223
408.2,52.02
408.3,-90.262
408.4,4.277
408.5,-145.084
408.6,60.021
408.7,-23.231
408.8,-82.473
408.9,26.949
409.0,-32.597
409.1,-122.2
409.2,53.494
409.3,-103.748
409.4,-69.084
409.5,-87.682
409.6,-11.538
409.7,-69.999
409.8,-52.026
409.9,14.839
410.0,-76.693
410.1,-99.201
410.2,-136.599
410.3,144.212
410.4,-143.786
410.5,20.631
410.6,-98.647
410.7,-35.375
410.8,28.311
410.9,-22.978
411.0,-56.578
411.1,1.608
411.2,61.585
411.3,-117.494
411.4,-125.427
411.5,-145.77
411.6,-96.483
411.7,-25.051
411.8,-6.004
411.9,17.294
412.0,5.941
412.1,-171.141
412.2,58.219
412.3,-29.048
412.4,-57.962
412.5,-126.547
412.6,29.933
412.7,81.585
412.8,55.793
412.9,164.043
413.0,79.324
413.1,30.318
413.2,-53.069
413.3,57.93
413.4,-32.38
413.5,77.23
413.6,162.588
413.7,42.552
413.8,26.463
413.9,148.486
414.0,-155.906
414.1,75.693
414.2,-4.703
414.3,-124.21
414.4,58.024
414.5,-173.161
414.6,110.611
414.7,130.589
414.8,-27.398
414.9,-119.804
415.0,-83.984
415.1,-91.837
415.2,85.476
415.3,11.284
415.4,-21.097
415.5,67.848
415.6,-95.461
415.7,113.847
415.8,78.895
415.9,-0.63
416.0,88.311
416.1,21.494
416.2,-25.569
416.3,206.944
416.4,-116.104
416.5,65.396
416.6,-36.728
416.7,-42.371
416.8,38.503
416.9,98.662
417.0,16.379
417.1,30.852
417.2,41.626
417.3,31.197
417.4,-22.666
417.5,102.046
417.6,4.649
417.7,-42.052
417.8,-0.179
417.9,-103.64
418.0,-149.555
418.1,23.449
418.2,220.603
418.3,-18.867
418.4,39.468
418.5,-1.517
418.6,47.767
418.7,25.505
418.8,-87.894
418.9,-59.166
419.0,-95.7
419.1,37.918
419.2,91.541
419.3,-9.849
419.4,41.219
419.5,12.549
419.6,-34.817
419.7,-70.94
419.8,-97.301
419.9,-18.334
420.0,-132.617
420.1,-76.245
420.2,-85.05
420.3,-27.32
420.4,77.046
420.5,-85.951
420.6,2.293
420.7,38.321
420.8,27.671
420.9,99.2
421.0,114.072
421.1,89.568
421.2,-0.783
421.3,-98.582
421.4,73.811
421.5,-18.108
421.6,24.788
421.7,-96.333
421.8,27.92
421.9,98.757
422.0,32.674
422.1,89.399
422.2,89.721
422.3,-1.852
422.4,101.228
422.5,-10.779
422.6,11.553
422.7,22.154
422.8,108.045
422.9,0.929
423.0,50.696
423.1,167.452
423.2,-126.453
423.3,77.363
423.4,3.738
423.5,82.277
423.6,-109.331
423.7,10.886
423.8,55.024
423.9,-216.689
424.0,180.946
424.1,119.054
424.2,63.13
424.3,-94.112
424.4,-54.59
424.5,101.166
424.6,-55.449
424.7,-96.601
424.8,-64.091
424.9,-7.675
425.0,-11.347
425.1,12.803
425.2,-105.028
425.3,-63.818
425.4,93.625
425.5,-39.091
425.6,-139.039
425.7,37.703
425.8,54.12
425.9,120.21
426.0,57.473
426.1,-136.861
426.2,-90.462
426.3,-129.05
426.4,-61.123
426.5,-30.793
426.6,13.137
426.7,-22.238
426.8,-0.87
426.9,-11.845
427.0,67.874
427.1,121.489
427.2,-98.454
427.3,50.995
427.4,24.34
427.5,-30.27
427.6,155.726
427.7,-25.542
427.8,-57.932
427.9,93.613
428.0,-22.328
428.1,99.081
428.2,22.501
428.3,-128.28
428.4,16.856
428.5,16.81
428.6,22.605
428.7,23.067
428.8,-42.882
428.9,-34.725
429.0,58.066
429.1,4.651
429.2,173.364
429.3,-24.578
429.4,53.0
429.5,-100.436
429.6,-88.616
429.7,64.149
429.8,11.191
429.9,-6.365
430.0,-0.734
430.1,36.111
430.2,-115.642
430.3,26.482
430.4,-87.755
430.5,-7.497
430.6,88.288
430.7,3.793
430.8,-12.222
430.9,-111.133
431.0,62.482
431.1,68.479
431.2,52.461
431.3,-106.934
431.4,41.574
431.5,116.936
431.6,33.038
431.7,65.637
431.8,23.435
431.9,-65.683
432.0,-1.931
432.1,96.474
432.2,-80.367
432.3,65.416
432.4,-88.866
432.5,-93.484
432.6,2.524
432.7,-33.994
432.8,94.232
432.9,-51.795
433.0,87.329
433.1,86.121
433.2,9.049
433.3,132.598
433.4,-74.934
433.5,191.501
433.6,-25.885
433.7,47.696
433.8,-89.642
433.9,28.619
434.0,-45.664
434.1,3.08
434.2,65.976
434.3,29.259
434.4,18.564
434.5,-34.845
434.6,-80.081
434.7,45.721
434.8,30.436
434.9,-5.042
435.0,-52.334
435.1,67.872
435.2,-46.036
435.3,-25.758
435.4,4.39
435.5,103.217
435.6,135.382
435.7,-89.0
435.8,4.265
435.9,24.552
436.0,9.122
436.1,-20.397
436.2,-3.267
436.3,21.817
436.4,16.413
436.5,28.69
436.6,-140.889
436.7,87.182
436.8,18.92
436.9,-85.277
437.0,71.534
437.1,58.145
437.2,17.684
437.3,59.339
437.4,-67.175
437.5,57.642
437.6,61.963
437.7,-60.496
437.8,12.825
437.9,-29.186
438.0,-2.689
438.1,-107.901
438.2,155.693
438.3,39.301
438.4,-12.637
438.5,-3.14
438.6,55.939
438.7,-186.79
438.8,15.284
438.9,-36.867
439.0,-184.959
439.1,21.531
439.2,-82.829
439.3,6.172
439.4,-14.007
439.5,23.624
439.6,44.746
439.7,30.357
439.8,-80.249
439.9,-35.553
440.0,157.508
440.1,26.717
440.2,6.422
440.3,47.847
440.4,-67.694
440.5,-133.716
440.6,73.284
440.7,-30.964
440.8,104.6
440.9,-45.51
441.0,2.321
441.1,-110.124
441.2,20.478
441.3,116.744
441.4,28.89
441.5,26.908
441.6,-2.622
441.7,74.027
441.8,-2.816
441.9,-4.314
442.0,-33.704
442.1,-6.233
442.2,67.666
442.3,147.186
442.4,-42.078
442.5,50.926
442.6,45.26
442.7,-115.66
442.8,28.752
442.9,46.238
443.0,37.645
443.1,83.025
443.2,-47.662
443.3,40.959
443.4,89.48
443.5,12.419
443.6,12.222
443.7,20.379
443.8,-177.681
443.9,43.433
444.0,49.911
444.1,15.072
444.2,-100.604
444.3,90.217
444.4,172.889
444.5,199.515
444.6,-5.514
444.7,7.113
444.8,-18.345
444.9,68.001
445.0,55.74
445.1,10.682
445.2,-129.519
445.3,38.016
445.4,-201.686
445.5,-76.334
445.6,-49.669
445.7,-41.404
445.8,48.783
445.9,-111.782
446.0,-4.348
446.1,98.725
446.2,-23.607
446.3,-82.47
446.4,3.626
446.5,184.582
446.6,-16.237
446.7,-9.273
446.8,35.759
446.9,-42.09
447.0,112.694
447.1,2.775
447.2,12.64
447.3,-122.476
447.4,-58.529
447.5,-27.724
447.6,7.715
447.7,-57.544
447.8,-120.17
447.9,72.086
448.0,-67.459
448.1,-128.112
448.2,-123.403
448.3,153.859
448.4,-61.769
448.5,-5.316
448.6,-12.673
448.7,-8.463
448.8,7.031
448.9,120.282
449.0,-3.214
449.1,-27.407
449.2,9.35
449.3,-56.837
449.4,-28.309
449.5,-89.485
449.6,5.498
449.7,-28.406
449.8,53.109
449.9,-143.581
450.0,30.589
450.1,-168.334
450.2,25.821
450.3,-55.143
450.4,-87.069
450.5,-68.246
450.6,-56.152
450.7,117.207
450.8,17.121
450.9,5.015
451.0,76.579
451.1,27.286
451.2,-30.471
451.3,77.521
451.4,54.604
451.5,69.989
451.6,-81.982
451.7,-78.286
451.8,35.694
451.9,127.828
452.0,9.292
452.1,-69.954
452.2,34.054
452.3,-10.326
452.4,-47.095
452.5,91.404
452.6,123.765
452.7,-2.194
452.8,23.643
452.9,-26.493
453.0,-82.144
453.1,-141.078
453.2,66.568
453.3,-18.34
453.4,131.864
453.5,-6.349
453.6,-27.292
453.7,19.878
453.8,43.69
453.9,82.881
454.0,89.171
454.1,-116.788
454.2,113.596
454.3,-21.23
454.4,73.598
454.5,-95.702
454.6,-45.23
454.7,86.237
454.8,167.06
454.9,-22.968
455.0,65.207
455.1,-130.177
455.2,33.964
455.3,-27.621
455.4,0.189
455.5,-11.423
455.6,-14.661
455.7,-80.881
455.8,-70.605
455.9,134.137
456.0,65.865
456.1,-13.296
456.2,61.858
456.3,19.119
456.4,24.055
456.5,-7.366
456.6,13.176
456.7,5.658
456.8,119.311
456.9,-92.1
457.0,99.743
457.1,-28.016
457.2,-41.54
457.3,78.032
457.4,94.14
457.5,55.312
457.6,1.777
457.7,81.8
457.8,-149.643
457.9,6.073
458.0,-95.97
458.1,-96.998
458.2,-88.541
458.3,38.837
458.4,50.685
458.5,-41.95
458.6,50.861
458.7,32.191
458.8,7.179
458.9,4.881
459.0,-93.926
459.1,-44.996
459.2,-28.143
459.3,56.345
459.4,132.25
459.5,-117.041
459.6,20.639
459.7,52.982
459.8,81.735
459.9,72.464
460.0,-4.283
460.1,-84.582
460.2,5.404
460.3,75.399
460.4,27.48
460.5,-96.217
460.6,26.998
460.7,79.008
460.8,59.433
460.9,34.952
461.0,-4.397
461.1,-98.093
461.2,-35.616
461.3,-108.134
461.4,-8.902
461.5,-8.802
461.6,-97.473
461.7,-85.484
461.8,110.499
461.9,113.484
462.0,-84.579
462.1,-39.654
462.2,-9.051
462.3,33.774
462.4,18.865
462.5,51.665
462.6,-13.78
462.7,27.063
462.8,78.612
462.9,9.827
463.0,-3.345
463.1,-35.083
463.2,-13.969
463.3,-15.176
463.4,-30.779
463.5,-20.589
463.6,-48.815
463.7,9.527
463.8,-52.312
463.9,12.947
464.0,-89.879
464.1,-39.754
464.2,28.877
464.3,-199.978
464.4,72.797
464.5,92.174
464.6,64.253
464.7,0.496
464.8,173.699
464.9,-4.623
465.0,-44.83
465.1,-5.132
465.2,19.005
465.3,-0.588
465.4,-45.288
465.5,26.165
465.6,-19.987
465.7,-123.945
465.8,8.872
465.9,81.66
466.0,169.555
466.1,30.901
466.2,24.566
466.3,8.604
466.4,-23.754
466.5,-77.544
466.6,73.161
466.7,85.883
466.8,-105.308
466.9,-79.285
467.0,61.415
467.1,-23.032
467.2,17.148
467.3,-84.195
467.4,-184.802
467.5,-55.907
467.6,-83.366
467.7,-99.671
467.8,15.926
467.9,-23.018
468.0,-1.356
468.1,121.047
468.2,-27.523
468.3,93.093
468.4,-66.867
468.5,41.013
468.6,-52.139
468.7,-41.283
468.8,-131.757
468.9,126.204
469.0,-97.079
469.1,-38.107
469.2,-69.319
469.3,-26.402
469.4,24.736
469.5,-124.701
469.6,79.479
469.7,83.18
469.8,-6.165
469.9,26.377
470.0,40.02
470.1,23.326
470.2,-11.155
470.3,72.045
470.4,31.831
470.5,99.174
470.6,-4.802
470.7,104.391
470.8,-35.104
470.9,60.066
471.0,29.097
471.1,-26.207
471.2,-81.147
471.3,1.309
471.4,95.329
471.5,-96.882
471.6,54.679
471.7,-22.28
471.8,25.013
471.9,139.846
472.0,53.591
472.1,-33.657
472.2,119.716
472.3,113.016
472.4,-62.647
472.5,-62.508
472.6,-73.729
472.7,-89.183
472.8,65.132
472.9,-51.426
473.0,74.903
473.1,-77.846
473.2,21.713
473.3,-7.229
473.4,77.385
473.5,-32.785
473.6,128.488
473.7,-19.686
473.8,96.707
473.9,-84.895
474.0,-18.048
474.1,88.618
474.2,61.103
474.3,104.056
474.4,76.65
474.5,-7.741
474.6,-2.854
474.7,-117.42
474.8,-28.913
474.9,-176.322
475.0,-13.0
475.1,77.297
475.2,-52.991
475.3,-62.069
475.4,-32.49
475.5,-36.24
475.6,60.785
475.7,-5.5
475.8,-53.252
475.9,11.719
476.0,24.517
476.1,13.152
476.2,-17.043
476.3,-61.973
476.4,-97.784
476.5,17.142
476.6,-52.359
476.7,31.608
476.8,23.961
476.9,-1.219
477.0,7.718
477.1,83.859
477.2,-66.184
477.3,59.424
477.4,-31.084
477.5,-37.929
477.6,12.844
477.7,-8.554
477.8,64.974
477.9,-107.238
478.0,-33.89
478.1,80.168
478.2,-57.174
478.3,-19.263
478.4,105.8
478.5,-107.751
478.6,61.329
478.7,37.222
478.8,-4.153
478.9,-57.611
479.0,-113.933
479.1,31.576
479.2,17.608
479.3,32.201
479.4,-122.483
479.5,-30.509
479.6,21.008
479.7,50.16
479.8,-56.144
479.9,-24.863
480.0,89.615
480.1,-41.572
480.2,125.674
480.3,-0.496
480.4,-8.628
480.5,-46.625
480.6,-32.933
480.7,115.803
480.8,20.964
480.9,9.77
481.0,76.12
481.1,63.943
481.2,159.586
481.3,30.329
481.4,-171.784
481.5,-125.139
481.6,-78.757
481.7,-1.145
481.8,98.143
481.9,-34.04
482.0,6.556
482.1,-63.033
482.2,-34.476
482.3,16.938
482.4,-54.141
482.5,100.537
482.6,50.323
482.7,12.207
482.8,21.86
482.9,8.738
483.0,-20.917
483.1,-5.018
483.2,-135.588
483.3,124.04
483.4,-26.428
483.5,33.956
483.6,85.738
483.7,5.039
483.8,-20.339
483.9,-86.772
484.0,100.208
484.1,53.927
484.2,85.664
484.3,163.311
484.4,-103.335
484.5,56.005
484.6,-0.781
484.7,55.369
484.8,-9.162
484.9,-83.212
485.0,8.282
485.1,81.891
485.2,-78.253
485.3,20.963
485.4,15.043
485.5,-45.302
485.6,-40.892
485.7,68.061
485.8,-20.45
485.9,-51.484
486.0,118.688
486.1,-19.068
486.2,-35.629
486.3,110.914
486.4,-65.365
486.5,-1.432
486.6,-81.021
486.7,-2.717
486.8,-28.364
486.9,22.304
487.0,37.159
487.1,3.61
487.2,-38.434
487.3,-40.839
487.4,35.288
487.5,8.396
487.6,61.261
487.7,27.169
487.8,-16.06
487.9,54.338
488.0,57.444
488.1,52.697
488.2,-12.435
488.3,-27.431
488.4,120.11
488.5,-14.825
488.6,15.223
488.7,67.167
488.8,28.321
488.9,-49.249
489.0,14.649
489.1,80.891
489.2,-18.973
489.3,109.831
489.4,70.308
489.5,-1.606
489.6,10.959
489.7,25.282
489.8,-80.248
489.9,-97.635
490.0,43.19
490.1,-40.151
490.2,-52.806
490.3,-14.972
490.4,-60.382
490.5,77.711
490.6,-17.552
490.7,85.073
490.8,31.671
490.9,101.238
491.0,-81.445
491.1,117.151
491.2,-48.665
491.3,30.353
491.4,98.357
491.5,49.438
491.6,87.377
491.7,3.69
491.8,64.247
491.9,-43.981
492.0,-125.187
492.1,52.43
492.2,-34.355
492.3,37.839
492.4,-167.181
492.5,-62.577
492.6,118.953
492.7,-76.193
492.8,86.473
492.9,-92.678
493.0,-64.774
493.1,-140.845
493.2,-106.88
493.3,-117.461
493.4,-132.715
493.5,6.371
493.6,49.894
493.7,-16.001
493.8,-47.228
493.9,-96.095
494.0,-94.669
494.1,4.932
494.2,-17.945
494.3,-33.54
494.4,-84.244
494.5,-74.986
494.6,24.736
494.7,-108.976
494.8,41.576
494.9,-15.442
495.0,-48.621
495.1,-19.832
495.2,-122.476
495.3,2.429
495.4,22.256
495.5,151.527
495.6,56.829
495.7,49.024
495.8,23.924
495.9,1.833
496.0,59.784
496.1,-65.07
496.2,40.783
496.3,43.13
496.4,65.414
496.5,9.741
496.6,12.55
496.7,79.795
496.8,67.549
496.9,84.876
497.0,-10.296
497.1,-109.008
497.2,3.151
497.3,-8.537
497.4,-6.852
497.5,16.206
497.6,12.126
497.7,-27.462
497.8,-62.829
497.9,-6.302
498.0,32.275
498.1,91.045
498.2,63.299
498.3,8.809
498.4,-78.745
498.5,122.101
498.6,74.241
498.7,-33.358
498.8,53.919
498.9,50.465
499.0,-62.471
499.1,15.068
499.2,124.064
499.3,-115.32
499.4,-86.287
499.5,-17.117
499.6,35.417
499.7,44.629
499.8,-57.498
499.9,-44.961
500.0,5.389
500.1,-11.56
500.2,108.73
500.3,-4.511
500.4,-14.975
500.5,-4.305
500.6,-59.623
500.7,-2.433
500.8,24.913
500.9,-29.762
501.0,-76.029
501.1,-27.02
501.2,-89.295
501.3,-23.339
501.4,-33.73
501.5,37.705
501.6,-136.193
501.7,23.643
501.8,-118.695
501.9,59.366
502.0,124.258
502.1,19.205
502.2,57.609
502.3,-27.81
502.4,114.571
502.5,22.737
502.6,-46.744
502.7,-11.85
502.8,10.46
502.9,66.563
503.0,-83.052
503.1,10.636
503.2,2.467
503.3,-109.129
503.4,29.161
503.5,-33.72
503.6,-103.021
503.7,-26.955
503.8,-32.186
503.9,86.054
504.0,111.555
504.1,-15.817
504.2,44.457
504.3,-15.141
504.4,4.409
504.5,-17.55
504.6,15.824
504.7,-57.118
504.8,100.704
504.9,-33.588
505.0,-138.948
505.1,-81.034
505.2,-90.938
505.3,57.034
505.4,11.975
505.5,-60.129
505.6,26.462
505.7,117.848
505.8,45.092
505.9,-67.716
506.0,78.507
506.1,115.302
506.2,-24.057
506.3,92.485
506.4,37.111
506.5,40.858
506.6,-0.311
506.7,32.259
506.8,1.254
506.9,49.044
507.0,-34.961
507.1,-8.441
507.2,-10.882
507.3,-59.64
507.4,31.57
507.5,-108.107
507.6,34.141
507.7,-19.877
507.8,-64.986
507.9,-41.9
508.0,-6.29
508.1,-99.67
508.2,-15.373
508.3,37.084
508.4,28.17
508.5,-17.419
508.6,-18.275
508.7,8.748
508.8,93.216
508.9,-27.857
509.0,101.044
509.1,34.518
509.2,71.45
509.3,-80.264
509.4,165.346
509.5,-64.7
509.6,-38.408
509.7,29.389
509.8,87.299
509.9,46.773
510.0,51.835
510.1,-21.958
510.2,-48.353
510.3,23.465
510.4,14.432
510.5,55.413
510.6,70.03
510.7,138.819
510.8,-95.559
510.9,-130.235
511.0,27.4
511.1,-56.936
511.2,58.964
511.3,0.066
511.4,-105.874
511.5,-48.038
511.6,29.731
511.7,5.907
511.8,-82.983
511.9,106.378
512.0,-58.756
512.1,-90.486
512.2,-11.044
512.3,36.934
512.4,-27.381
512.5,14.095
512.6,-12.803
512.7,75.432
512.8,112.0
512.9,57.55
513.0,-43.674
513.1,3.373
513.2,-87.167
513.3,-81.35
513.4,-26.351
513.5,-9.568
513.6,-5.948
513.7,-43.631
513.8,46.532
513.9,43.349
514.0,34.364
514.1,-31.858
514.2,30.497
514.3,-28.895
514.4,22.44
514.5,-13.877
514.6,-20.273
514.7,-100.907
514.8,63.934
514.9,-38.628
515.0,-37.925
515.1,-58.469
515.2,-2.212
515.3,108.752
515.4,116.308
515.5,-123.171
515.6,177.211
515.7,74.121
515.8,-43.921
515.9,-19.54
516.0,16.253
516.1,119.958
516.2,-6.262
516.3,20.303
516.4,-16.224
516.5,-69.602
516.6,31.77
516.7,-27.366
516.8,74.914
516.9,-46.205
517.0,47.245
517.1,-25.735
517.2,-47.441
517.3,-17.796
517.4,3.182
517.5,-89.758
517.6,-84.04
517.7,-10.343
517.8,-67.081
517.9,-25.893
518.0,-117.459
518.1,34.868
518.2,68.504
518.3,43.757
518.4,9.961
518.5,51.752
518.6,-47.814
518.7,139.825
518.8,-5.031
518.9,80.537
519.0,94.403
519.1,55.235
519.2,47.423
519.3,76.13
519.4,7.336
519.5,36.413
519.6,-11.753
519.7,34.998
519.8,46.533
519.9,31.048
520.0,33.686
520.1,-14.897
520.2,0.068
520.3,-74.57
520.4,-10.514
520.5,-105.089
520.6,73.41
520.7,-17.168
520.8,23.295
520.9,-32.418
521.0,-191.394
521.1,-82.333
521.2,16.819
521.3,-25.486
521.4,148.666
521.5,49.566
521.6,-9.385
521.7,105.552
521.8,-116.416
521.9,-64.285
522.0,-27.372
522.1,-134.616
522.2,-20.813
522.3,124.813
522.4,70.883
522.5,212.554
522.6,-9.492
522.7,-82.028
522.8,24.114
522.9,-148.187
523.0,72.077
523.1,-18.128
523.2,-72.237
523.3,63.707
523.4,-51.962
523.5,68.851
523.6,6.945
523.7,-21.702
523.8,195.653
523.9,-31.058
524.0,42.039
524.1,-13.756
524.2,60.916
524.3,259.652
524.4,-1.434
524.5,122.371
524.6,138.075
524.7,-10.936
524.8,-73.957
524.9,-136.546
525.0,0.353
525.1,-56.291
525.2,27.962
525.3,-77.76
525.4,-8.752
525.5,-113.883
525.6,-125.782
525.7,-31.112
525.8,-11.653
525.9,-29.348
526.0,-59.837
526.1,21.01
526.2,51.126
526.3,-35.717
526.4,-21.074
526.5,62.159
526.6,-0.922
526.7,55.009
526.8,-43.033
526.9,-40.225
527.0,59.079
527.1,105.102
527.2,-1.915
527.3,102.72
527.4,16.262
527.5,85.904
527.6,-91.537
527.7,43.959
527.8,-74.247
527.9,-87.48
528.0,-35.119
528.1,62.348
528.2,39.73
528.3,160.406
528.4,-90.944
528.5,-51.223
528.6,-22.45
528.7,93.456
528.8,125.651
528.9,-27.614
529.0,36.089
529.1,-79.064
529.2,56.757
529.3,60.673
529.4,80.326
529.5,7.805
529.6,-12.959
529.7,-87.537
529.8,-70.687
529.9,46.865
530.0,139.765
530.1,39.239
530.2,53.587
530.3,-14.052
530.4,25.405
530.5,10.289
530.6,-68.262
530.7,36.04
530.8,131.376
530.9,-5.336
531.0,-33.91
531.1,-155.315
531.2,46.17
531.3,-56.278
531.4,37.549
531.5,59.061
531.6,-38.761
531.7,-109.769
531.8,87.744
531.9,128.541
532.0,-15.817
532.1,33.906
532.2,-46.097
532.3,-17.366
532.4,-65.932
532.5,-2.429
532.6,70.552
532.7,12.307
532.8,-4.694
532.9,-114.324
533.0,-41.678
533.1,120.512
533.2,-43.944
533.3,-69.977
533.4,28.317
533.5,26.758
533.6,-168.626
533.7,58.221
533.8,22.975
533.9,78.607
534.0,-16.74
534.1,33.759
534.2,-6.083
534.3,42.214
534.4,80.822
534.5,-130.077
534.6,40.059
534.7,-109.519
534.8,14.072
534.9,-61.07
535.0,77.356
535.1,-13.628
535.2,32.591
535.3,68.917
535.4,42.583
535.5,-77.93
535.6,-28.313
535.7,-15.193
535.8,160.372
535.9,7.373
536.0,-53.849
536.1,111.925
536.2,-124.355
536.3,20.245
536.4,-64.373
536.5,73.16
536.6,-28.042
536.7,96.553
536.8,-34.997
536.9,44.107
537.0,-40.596
537.1,86.316
537.2,17.793
537.3,-15.571
537.4,-62.169
537.5,130.321
537.6,-100.05
537.7,61.089
537.8,46.673
537.9,-12.35
538.0,10.791
538.1,32.758
538.2,95.293
538.3,5.654
538.4,120.845
538.5,21.632
538.6,-30.743
538.7,32.945
538.8,-28.632
538.9,-44.004
539.0,-67.538
539.1,87.405
539.2,126.854
539.3,89.043
539.4,44.065
539.5,-42.169
539.6,73.677
539.7,-10.651
539.8,42.276
539.9,-7.925
540.0,-39.93
540.1,-45.642
540.2,-96.252
540.3,96.083
540.4,15.176
540.5,137.792
540.6,-36.724
540.7,30.078
540.8,-74.358
540.9,115.79
541.0,-71.242
541.1,-21.398
541.2,-100.008
541.3,54.201
541.4,42.953
541.5,-45.097
541.6,-74.945
541.7,-31.18
541.8,-13.701
541.9,-3.855
542.0,-28.837
542.1,-56.454
542.2,95.436
542.3,-39.638
542.4,7.406
542.5,-58.062
542.6,29.856
542.7,11.661
542.8,45.885
542.9,17.506
543.0,-33.752
543.1,-49.008
543.2,46.946
543.3,-12.858
543.4,-39.82
543.5,52.302
543.6,59.195
543.7,30.304
543.8,54.599
543.9,16.504
544.0,-8.917
544.1,72.719
544.2,-22.828
544.3,-95.827
544.4,67.703
544.5,-80.703
544.6,-32.912
544.7,29.423
544.8,27.347
544.9,-149.594
545.0,-23.033
545.1,5.413
545.2,-169.448
545.3,-167.913
545.4,-5.256
545.5,68.145
545.6,3.5
545.7,21.786
545.8,92.456
545.9,-68.272
546.0,12.316
546.1,-99.051
546.2,-14.713
546.3,9.576
546.4,-15.058
546.5,9.477
546.6,27.698
546.7,40.125
546.8,86.907
546.9,39.03
547.0,-54.767
547.1,4.819
547.2,-199.157
547.3,-5.275
547.4,-32.592
547.5,138.714
547.6,4.092
547.7,-199.954
547.8,63.901
547.9,31.185
548.0,-20.883
548.1,-98.69
548.2,-35.074
548.3,-34.812
548.4,20.723
548.5,-17.37
548.6,21.764
548.7,-95.693
548.8,81.665
548.9,60.138
549.0,-50.78
549.1,32.998
549.2,41.778
549.3,146.763
549.4,74.711
549.5,-7.892
549.6,123.951
549.7,-41.498
549.8,-100.601
549.9,-11.676
550.0,-49.688
550.1,67.749
550.2,-81.848
550.3,-9.551
550.4,146.73
550.5,38.416
550.6,139.914
550.7,-61.375
550.8,-96.706
550.9,13.786
551.0,51.277
551.1,-29.463
551.2,87.889
551.3,38.681
551.4,54.521
551.5,-51.837
551.6,32.524
551.7,2.34
551.8,-128.893
551.9,70.205
552.0,-18.702
552.1,-58.923
552.2,74.836
552.3,36.677
552.4,-187.614
552.5,-22.462
552.6,71.483
552.7,-99.848
552.8,10.01
552.9,-104.044
553.0,-37.46
553.1,-38.118
553.2,-138.881
553.3,26.3
553.4,-49.272
553.5,-19.597
553.6,-0.357
553.7,73.249
553.8,-63.54
553.9,-71.917
554.0,82.245
554.1,57.176
554.2,33.578
554.3,-2.223
554.4,92.848
554.5,-9.775
554.6,-18.148
554.7,55.538
554.8,38.037
554.9,15.794
555.0,-143.485
555.1,-151.015
555.2,6.124
555.3,-58.463
555.4,-83.669
555.5,-95.92
555.6,-39.135
555.7,-28.985
555.8,29.257
555.9,69.842
556.0,43.235
556.1,-24.838
556.2,-3.176
556.3,66.539
556.4,-51.721
556.5,-26.039
556.6,45.491
556.7,-16.51
556.8,50.287
556.9,168.499
557.0,-7.769
557.1,56.798
557.2,93.147
557.3,88.706
557.4,-11.933
557.5,62.446
557.6,40.369
557.7,2.276
557.8,-93.572
557.9,92.7
558.0,80.914
558.1,-81.93
558.2,-30.419
558.3,82.451
558.4,110.785
558.5,-98.48
558.6,105.228
558.7,-130.556
558.8,70.638
558.9,-74.527
559.0,-27.109
559.1,-67.349
559.2,-95.764
559.3,10.382
559.4,150.696
559.5,-12.26
559.6,-152.533
559.7,-24.777
559.8,95.298
559.9,-104.452
560.0,105.292
560.1,13.8
560.2,133.258
560.3,49.195
560.4,67.925
560.5,-116.499
560.6,-128.291
560.7,-49.524
560.8,-82.598
560.9,34.121
561.0,4.283
561.1,40.289
561.2,-51.625
561.3,49.838
561.4,10.419
561.5,-120.411
561.6,-40.147
561.7,69.669
561.8,-30.669
561.9,38.416
562.0,-14.616
562.1,62.661
562.2,77.366
562.3,-47.36
562.4,17.161
562.5,-6.736
562.6,49.48
562.7,138.661
562.8,-19.288
562.9,73.87
563.0,7.573
563.1,109.446
563.2,26.442
563.3,-118.673
563.4,-14.008
563.5,84.401
563.6,29.859
563.7,93.814
563.8,-83.407
563.9,136.741
564.0,28.634
564.1,-104.884
564.2,-36.612
564.3,-102.339
564.4,-49.95
564.5,28.643
564.6,-18.43
564.7,22.293
564.8,43.082
564.9,82.985
565.0,-99.008
565.1,-35.881
565.2,-4.954
565.3,46.983
565.4,-53.933
565.5,-125.25
565.6,-55.688
565.7,-63.23
565.8,-110.025
565.9,106.535
566.0,168.39
566.1,110.687
566.2,-83.54
566.3,21.675
566.4,10.953
566.5,47.755
566.6,-83.606
566.7,-42.592
566.8,-47.677
566.9,-70.71
567.0,-27.248
567.1,-39.961
567.2,41.406
567.3,89.626
567.4,41.319
567.5,-22.69
567.6,-67.56
567.7,-17.004
567.8,46.732
567.9,-17.971
568.0,-5.878
568.1,9.179
568.2,87.001
568.3,-52.756
568.4,139.461
568.5,-96.634
568.6,-52.441
568.7,-168.297
568.8,-18.518
568.9,28.7
569.0,104.508
569.1,-141.949
569.2,82.251
569.3,18.166
569.4,38.999
569.5,-134.119
569.6,0.42
569.7,36.218
569.8,-121.113
569.9,124.924
570.0,-4.8
570.1,-72.098
570.2,13.327
570.3,-3.77
570.4,-73.321
570.5,14.521
570.6,60.211
570.7,2.253
570.8,-71.766
570.9,0.027
571.0,48.972
571.1,70.395
571.2,0.307
571.3,-79.568
571.4,16.068
571.5,62.536
571.6,29.702
571.7,39.53
571.8,31.103
571.9,36.567
572.0,58.202
572.1,-53.035
572.2,-106.023
572.3,-38.673
572.4,2.837
572.5,4.236
572.6,78.97
572.7,-70.046
572.8,-69.362
572.9,74.001
573.0,17.203
573.1,-74.541
573.2,-72.026
573.3,-86.635
573.4,107.667
573.5,-8.292
573.6,65.304
573.7,108.917
573.8,113.993
573.9,-103.122
574.0,-137.271
574.1,149.461
574.2,44.535
574.3,31.567
574.4,65.33
574.5,-62.115
574.6,63.868
574.7,117.055
574.8,-141.62
574.9,84.456
575.0,-27.14
575.1,-25.115
575.2,34.859
575.3,4.324
575.4,96.1
575.5,-80.552
575.6,67.685
575.7,-70.479
575.8,22.089
575.9,35.873
576.0,93.236
576.1,27.855
576.2,39.974
576.3,-89.237
576.4,-95.882
576.5,-37.707
576.6,61.67
576.7,-55.101
576.8,88.398
576.9,35.488
577.0,-13.389
577.1,-70.179
577.2,38.611
577.3,-29.666
577.4,47.384
577.5,-161.704
577.6,-91.545
577.7,112.274
577.8,44.526
577.9,185.659
578.0,-16.877
578.1,9.057
578.2,22.95
578.3,-20.56
578.4,-10.929
578.5,-78.167
578.6,40.104
578.7,19.129
578.8,16.539
578.9,194.105
579.0,79.457
579.1,23.416
579.2,8.507
579.3,-142.791
579.4,-104.189
579.5,6.63
579.6,49.773
579.7,-48.756
579.8,-10.121
579.9,44.117
580.0,-38.605
580.1,-95.722
580.2,-51.18
580.3,-51.835
580.4,3.238
580.5,-52.798
580.6,-23.168
580.7,-50.505
580.8,12.776
580.9,-43.456
581.0,32.416
581.1,40.6
581.2,106.835
581.3,-14.229
581.4,-94.387
581.5,56.132
581.6,-54.812
581.7,31.475
581.8,93.919
581.9,-100.224
582.0,-47.245
582.1,-10.037
582.2,-19.284
582.3,-89.122
582.4,40.17
582.5,37.81
582.6,-64.434
582.7,-66.31
582.8,-147.512
582.9,96.101
583.0,-65.706
583.1,-83.934
583.2,112.847
583.3,65.831
583.4,-201.039
583.5,-109.504
583.6,89.073
583.7,-1.739
583.8,45.968
583.9,-92.3
584.0,42.001
584.1,-131.184
584.2,-14.572
584.3,-30.868
584.4,35.739
584.5,75.536
584.6,-59.834
584.7,-23.214
584.8,17.593
584.9,28.922
585.0,90.672
585.1,-106.732
585.2,42.23
585.3,47.281
585.4,-29.534
585.5,84.984
585.6,-84.839
585.7,44.922
585.8,112.732
585.9,-65.276
586.0,40.761
586.1,-47.346
586.2,120.087
586.3,105.494
586.4,-70.341
586.5,13.407
586.6,75.29
586.7,-20.826
586.8,-140.54
586.9,26.512
587.0,127.357
587.1,-30.818
587.2,-18.711
587.3,-28.126
587.4,51.133
587.5,94.206
587.6,11.475
587.7,-9.658
587.8,-14.207
587.9,127.134
588.0,-0.429
588.1,168.058
588.2,-117.435
588.3,209.069
588.4,-229.702
588.5,77.738
588.6,-30.794
588.7,135.145
588.8,51.82
588.9,-147.276
589.0,16.258
589.1,-51.552
589.2,-139.512
589.3,92.252
589.4,155.654
589.5,123.055
589.6,45.196
589.7,-34.271
589.8,37.436
589.9,-111.735
590.0,-26.115
590.1,-99.504
590.2,-141.031
590.3,-126.501
590.4,-41.009
590.5,-27.064
590.6,78.015
590.7,105.371
590.8,-45.621
590.9,5.581
591.0,-0.456
591.1,26.384
591.2,73.383
591.3,-60.507
591.4,33.949
591.5,-10.828
591.6,46.81
591.7,3.617
591.8,80.969
591.9,34.745
592.0,-26.283
592.1,-8.536
592.2,104.101
592.3,9.915
592.4,-56.648
592.5,-31.539
592.6,-65.248
592.7,-63.479
592.8,-55.635
592.9,-187.553
593.0,-63.839
593.1,-96.479
593.2,43.495
593.3,-55.56
593.4,-86.82
593.5,-43.998
593.6,219.283
593.7,77.139
593.8,-70.913
593.9,-8.868
594.0,-125.948
594.1,-108.905
594.2,-13.659
594.3,-109.863
594.4,-46.196
594.5,35.653
594.6,117.226
594.7,98.276
594.8,93.126
594.9,51.299
595.0,-83.811
595.1,37.262
595.2,-194.395
595.3,50.417
595.4,117.997
595.5,50.805
595.6,-64.982
595.7,92.757
595.8,70.982
595.9,36.34
596.0,-18.738
596.1,-203.371
596.2,65.579
596.3,65.987
596.4,90.307
596.5,125.216
596.6,37.451
596.7,110.681
596.8,-77.017
596.9,-63.376
597.0,-51.054
597.1,-42.156
597.2,87.941
597.3,17.367
597.4,-115.321
597.5,-251.232
597.6,-18.64
597.7,6.073
597.8,-6.762
597.9,5.505
598.0,-52.559
598.1,-13.171
598.2,1.144
598.3,-82.751
598.4,184.697
598.5,-290.283
598.6,-91.53
598.7,10.274
598.8,85.407
598.9,-116.358
599.0,229.95
599.1,-35.141
599.2,167.563
599.3,92.813
599.4,-130.79
599.5,61.509
599.6,165.974
599.7,-6.942
599.8,-147.735
599.9,-75.743
600.0,17.949
600.1,64.619
600.2,-174.042
600.3,-29.111
600.4,24.249
600.5,-17.673
600.6,4.283
600.7,44.974
600.8,55.465
600.9,-146.606
601.0,-222.559
601.1,0.157
601.2,-143.938
601.3,-78.208
601.4,7.501
601.5,-109.943
601.6,-8.984
601.7,115.193
601.8,-18.925
601.9,-139.176
602.0,79.31
602.1,-125.109
602.2,-88.629
602.3,92.444
602.4,-23.102
602.5,-55.234
602.6,61.288
602.7,94.502
602.8,-126.683
602.9,-77.644
603.0,51.729
603.1,-133.761
603.2,88.087
603.3,82.51
603.4,-148.95
603.5,-54.127
603.6,167.162
603.7,46.136
603.8,21.574
603.9,39.228
604.0,-25.395
604.1,-67.529
604.2,52.535
604.3,-133.643
604.4,136.304
604.5,-126.856
604.6,9.46
604.7,124.231
604.8,99.677
604.9,31.665
605.0,-108.472
605.1,-63.368
605.2,-79.416
605.3,11.0
605.4,-67.799
605.5,-40.847
605.6,79.54
605.7,157.304
605.8,52.428
605.9,42.824
606.0,-112.218
606.1,-17.225
606.2,-79.967
606.3,78.477
606.4,30.944
606.5,24.606
606.6,-28.269
606.7,-73.948
606.8,-18.956
606.9,-1.823
607.0,-55.953
607.1,52.924
607.2,92.594
607.3,77.866
607.4,-133.658
607.5,-7.501
607.6,-81.411
607.7,-59.447
607.8,42.314
607.9,-35.744
608.0,-40.181
608.1,73.74
608.2,-28.572
608.3,31.247
608.4,116.549
608.5,-49.165
608.6,-73.087
608.7,83.276
608.8,80.535
608.9,75.242
609.0,103.307
609.1,-8.203
609.2,251.997
609.3,70.777
609.4,-120.148
609.5,72.223
609.6,-35.783
609.7,4.445
609.8,-86.639
609.9,205.084
610.0,101.473
610.1,-3.942
610.2,57.772
610.3,91.342
610.4,109.198
610.5,91.197
610.6,60.159
610.7,9.534
610.8,36.973
610.9,-0.018
611.0,131.272
611.1,-41.897
611.2,-51.422
611.3,36.461
611.4,-17.126
611.5,10.179
611.6,-83.53
611.7,15.095
611.8,52.421
611.9,-48.638
612.0,-14.385
612.1,133.642
612.2,53.283
612.3,17.673
612.4,-19.423
612.5,87.29
612.6,121.742
612.7,-53.898
612.8,-44.03
612.9,-50.683
613.0,9.236
613.1,-80.067
613.2,-101.593
613.3,-61.824
613.4,43.949
613.5,110.225
613.6,-25.489
613.7,-17.682
613.8,73.44
613.9,64.683
614.0,-6.506
614.1,-99.62
614.2,-140.745
614.3,-7.748
614.4,114.492
614.5,-106.319
614.6,-138.455
614.7,-74.674
614.8,-93.434
614.9,34.332
615.0,-76.793
615.1,-61.109
615.2,-40.161
615.3,-116.041
615.4,-111.627
615.5,-119.625
615.6,45.842
615.7,-42.383
615.8,-136.232
615.9,-141.883
616.0,-8.126
616.1,77.16
616.2,94.816
616.3,-15.961
616.4,83.559
616.5,-116.182
616.6,54.257
616.7,104.852
616.8,-1.545
616.9,-50.614
617.0,-208.414
617.1,-142.245
617.2,-114.409
617.3,-50.807
617.4,-77.114
617.5,29.768
617.6,117.757
617.7,89.685
617.8,105.973
617.9,-47.646
618.0,-85.715
618.1,-122.331
618.2,24.814
618.3,-151.39
618.4,-254.87
618.5,8.678
618.6,-78.544
618.7,-48.718
618.8,-90.052
618.9,-61.25
619.0,-110.142
619.1,-88.571
619.2,30.727
619.3,-27.481
619.4,-19.27
619.5,-68.921
619.6,9.073
619.7,119.328
619.8,-33.138
619.9,-61.215
620.0,119.088
620.1,-24.571
620.2,-94.561
620.3,24.403
620.4,-74.375
620.5,-20.257
620.6,-116.3
620.7,23.288
620.8,89.892
620.9,-140.657
621.0,-6.577
621.1,152.578
621.2,-5.412
621.3,-31.937
621.4,-29.416
621.5,75.826
621.6,41.046
621.7,129.157
621.8,99.094
621.9,-134.874
622.0,134.814
622.1,-176.384
622.2,-28.759
622.3,-59.159
622.4,-120.626
622.5,231.011
622.6,-110.458
622.7,200.122
622.8,19.747
622.9,-38.655
623.0,-32.125
623.1,-67.512
623.2,122.328
623.3,-19.153
623.4,-29.416
623.5,197.173
623.6,-45.71
623.7,118.822
623.8,12.024
623.9,93.054
624.0,-63.547
624.1,72.461
624.2,-115.13
624.3,-95.567
624.4,-134.139
624.5,76.124
624.6,-41.673
624.7,6.218
624.8,214.94
624.9,-57.15
625.0,170.432
625.1,-148.034
625.2,-78.297
625.3,178.689
625.4,-107.899
625.5,-74.35
625.6,3.112
625.7,-47.437
625.8,-109.463
625.9,148.732
626.0,-126.024
626.1,-143.972
626.2,108.956
626.3,-56.126
626.4,45.825
626.5,67.568
626.6,149.548
626.7,-89.68
626.8,26.578
626.9,-137.53
627.0,-129.188
627.1,158.98
627.2,32.496
627.3,2.041
627.4,24.083
627.5,-73.071
627.6,16.79
627.7,-65.28
627.8,-36.63
627.9,63.958
628.0,159.069
628.1,-115.319
628.2,73.169
628.3,65.999
628.4,57.619
628.5,-114.839
628.6,33.083
628.7,-22.366
628.8,36.618
628.9,-81.129
629.0,76.856
629.1,29.689
629.2,33.509
629.3,-6.333
629.4,174.288
629.5,10.754
629.6,25.98
629.7,-41.509
629.8,76.054
629.9,131.593
630.0,59.217
630.1,81.929
630.2,-138.964
630.3,-35.737
630.4,91.503
630.5,11.632
630.6,101.222
630.7,144.138
630.8,78.927
630.9,69.204
631.0,53.051
631.1,-23.169
631.2,-63.599
631.3,45.897
631.4,-175.552
631.5,-117.308
631.6,33.337
631.7,4.83
631.8,-87.345
631.9,59.988
632.0,88.4
632.1,80.857
632.2,-30.054
632.3,-39.881
632.4,-171.262
632.5,-151.538
632.6,-4.251
632.7,75.463
632.8,85.696
632.9,202.908
633.0,67.147
633.1,-22.745
633.2,-169.782
633.3,73.347
633.4,-30.978
633.5,-15.467
633.6,-2.747
633.7,-48.413
633.8,-33.32
633.9,75.702
634.0,7.127
634.1,39.097
634.2,12.74
634.3,39.593
634.4,-103.74
634.5,-97.294
634.6,50.731
634.7,20.5
634.8,82.447
634.9,-11.133
635.0,34.088
635.1,60.613
635.2,-49.283
635.3,2.424
635.4,78.144
635.5,-9.123
635.6,10.686
635.7,-77.729
635.8,-90.792
635.9,-226.754
636.0,-235.917
636.1,230.083
636.2,-101.897
636.3,-8.604
636.4,131.127
636.5,-6.61
636.6,-27.643
636.7,-15.234
636.8,-45.644
636.9,33.045
637.0,-80.907
637.1,119.41
637.2,88.81
637.3,8.523
637.4,20.011
637.5,32.771
637.6,162.876
637.7,-109.187
637.8,-66.67
637.9,10.276
638.0,-153.919
638.1,-159.831
638.2,72.747
638.3,-152.061
638.4,-70.944
638.5,-23.728
638.6,-43.538
638.7,36.318
638.8,-178.844
638.9,-34.351
639.0,8.869
639.1,69.219
639.2,-35.162
639.3,15.073
639.4,115.863
639.5,70.048
639.6,-15.264
639.7,-116.221
639.8,-12.012
639.9,245.857
640.0,-16.575
640.1,-4.913
640.2,81.163
640.3,6.531
640.4,68.697
640.5,-187.695
640.6,9.382
640.7,-37.992
640.8,-135.334
640.9,118.451
641.0,113.672
641.1,-121.942
641.2,8.717
641.3,-157.333
641.4,-75.968
641.5,50.623
641.6,54.582
641.7,91.064
641.8,-93.734
641.9,124.505
642.0,-130.707
642.1,-13.968
642.2,71.654
642.3,91.861
642.4,-174.447
642.5,-191.444
642.6,-189.131
642.7,-199.801
642.8,-105.169
642.9,153.927
643.0,123.853
643.1,-15.771
643.2,-113.462
643.3,160.731
643.4,-69.838
643.5,-21.752
643.6,112.755
643.7,17.391
643.8,76.97
643.9,74.933
644.0,-104.801
644.1,-92.704
644.2,-49.717
644.3,53.947
644.4,69.523
644.5,-113.621
644.6,-66.899
644.7,-112.141
644.8,-72.438
644.9,-22.192
645.0,57.616
645.1,62.816
645.2,28.913
645.3,33.943
645.4,68.926
645.5,91.533
645.6,-212.477
645.7,75.053
645.8,21.882
645.9,-98.953
646.0,100.424
646.1,56.4
646.2,-48.723
646.3,-80.377
646.4,79.301
646.5,4.055
646.6,-66.473
646.7,-11.949
646.8,13.139
646.9,-4.101
647.0,30.039
647.1,-103.784
647.2,-45.051
647.3,-98.75
647.4,48.321
647.5,41.776
647.6,-14.412
647.7,38.185
647.8,0.238
647.9,-31.706
648.0,159.235
648.1,-19.485
648.2,49.396
648.3,-245.616
648.4,-135.074
648.5,124.423
648.6,-94.424
648.7,-83.947
648.8,-5.802
648.9,4.644
649.0,-4.978
649.1,-245.565
649.2,-63.204
649.3,-51.568
649.4,0.364
649.5,0.644
649.6,-47.276
649.7,214.396
649.8,-78.375
649.9,124.832
650.0,-59.591
650.1,9.203
650.2,76.128
650.3,-50.058
650.4,-132.906
650.5,-58.904
650.6,42.607
650.7,83.688
650.8,-53.797
650.9,2.731
651.0,-62.607
651.1,28.081
651.2,-131.623
651.3,102.534
651.4,-13.784
651.5,-105.602
651.6,-79.886
651.7,-83.081
651.8,48.299
651.9,-75.804
652.0,102.208
652.1,-48.205
652.2,82.235
652.3,176.141
652.4,178.828
652.5,-4.645
652.6,197.68
652.7,-126.853
652.8,64.453
652.9,158.095
653.0,-62.767
653.1,-93.394
653.2,-13.309
653.3,-117.006
653.4,154.114
653.5,113.248
653.6,-24.59
653.7,-32.73
653.8,35.85
653.9,-49.434
654.0,27.048
654.1,-197.908
654.2,54.961
654.3,6.261
654.4,49.43
654.5,-92.559
654.6,20.796
654.7,-70.078
654.8,70.681
654.9,-45.252
655.0,-55.068
655.1,-80.623
655.2,-142.116
655.3,352.299
655.4,-110.965
655.5,46.477
655.6,-6.97
655.7,-19.247
655.8,31.855
655.9,-14.469
656.0,-211.803
656.1,24.204
656.2,-50.402
656.3,-27.987
656.4,64.14
656.5,-159.755
656.6,-0.374
656.7,-24.757
656.8,-99.228
656.9,59.259
657.0,-129.202
657.1,-30.803
657.2,157.293
657.3,-111.857
657.4,134.283
657.5,88.722
657.6,-38.614
657.7,-53.37
657.8,2.131
657.9,-168.647
658.0,-160.48
658.1,107.15
658.2,-22.817
658.3,-43.737
658.4,67.706
658.5,-12.704
658.6,0.669
658.7,-109.304
658.8,193.427
658.9,-52.055
659.0,61.64
659.1,-80.179
659.2,-116.556
659.3,-148.304
659.4,-142.16
659.5,103.455
659.6,-71.632
659.7,7.965
659.8,-84.633
659.9,-139.267
660.0,101.826
660.1,-121.571
660.2,-3.237
660.3,-70.335
660.4,-82.977
660.5,-133.936
660.6,116.177
660.7,79.05
660.8,64.008
660.9,-74.161
661.0,-212.943
661.1,-66.467
661.2,164.624
661.3,-0.337
661.4,112.896
661.5,-10.225
661.6,32.377
661.7,-110.071
661.8,-114.731
661.9,-54.183
662.0,-101.773
662.1,115.251
662.2,172.336
662.3,-46.145
662.4,-70.991
662.5,-11.221
662.6,-16.039
662.7,-45.234
662.8,-110.072
662.9,17.982
663.0,-88.762
663.1,117.759
663.2,247.521
663.3,76.889
663.4,-140.647
663.5,-89.145
663.6,-5.806
663.7,92.618
663.8,-65.302
663.9,102.192
664.0,294.108
664.1,-92.594
664.2,-58.183
664.3,-157.974
664.4,30.001
664.5,5.928
664.6,52.332
664.7,-104.863
664.8,6.434
664.9,-21.186
665.0,-106.035
665.1,128.383
665.2,15.564
665.3,327.967
665.4,146.471
665.5,1.062
665.6,139.437
665.7,68.37
665.8,23.905
665.9,22.745
666.0,-141.077
666.1,-122.837
666.2,-88.04
666.3,215.105
666.4,-16.687
666.5,-110.551
666.6,134.201
666.7,-107.526
666.8,-35.67
666.9,19.545
667.0,-161.891
667.1,177.503
667.2,-46.844
667.3,-187.576
667.4,107.191
667.5,54.041
667.6,86.404
667.7,-173.196
667.8,22.229
667.9,-70.233
668.0,-34.073
668.1,71.081
668.2,33.478
668.3,141.457
668.4,-58.169
668.5,-106.284
668.6,-79.545
668.7,179.838
668.8,-137.119
668.9,-45.817
669.0,-33.453
669.1,69.219
669.2,231.706
669.3,83.934
669.4,-132.272
669.5,107.136
669.6,61.077
669.7,102.821
669.8,-192.659
669.9,44.947
670.0,66.26
670.1,29.511
670.2,35.044
670.3,-2.943
670.4,-95.578
670.5,-42.789
670.6,-155.275
670.7,-109.138
670.8,-143.756
670.9,-93.551
671.0,-13.099
671.1,-59.347
671.2,-39.942
671.3,-13.517
671.4,58.83
671.5,-105.12
671.6,149.268
671.7,42.323
671.8,22.57
671.9,50.786
672.0,15.497
672.1,-217.818
672.2,44.805
672.3,-51.115
672.4,-69.618
672.5,-38.888
672.6,-55.437
672.7,45.747
672.8,9.469
672.9,-101.513
673.0,-124.516
673.1,-4.75
673.2,95.129
673.3,41.197
673.4,45.446
673.5,-35.941
673.6,-46.986
673.7,-65.919
673.8,-4.186
673.9,-53.251
674.0,-30.611
674.1,56.746
674.2,138.86
674.3,36.932
674.4,-145.12
674.5,-110.171
674.6,-62.121
674.7,-31.209
674.8,41.947
674.9,-158.379
675.0,63.852
675.1,-193.956
675.2,-209.592
675.3,-51.24
675.4,117.001
675.5,122.764
675.6,-34.58
675.7,23.6
675.8,53.769
675.9,-6.202
676.0,120.374
676.1,-181.212
676.2,77.352
676.3,-256.562
676.4,-123.207
676.5,168.26
676.6,85.069
676.7,-11.038
676.8,-73.316
676.9,-140.978
677.0,-58.067
677.1,37.645
677.2,134.644
677.3,115.515
677.4,-219.792
677.5,-37.684
677.6,20.491
677.7,-60.229
677.8,86.223
677.9,-63.845
678.0,-174.148
678.1,144.944
678.2,-14.09
678.3,57.445
678.4,134.889
678.5,-56.479
678.6,194.113
678.7,-50.558
678.8,-77.539
678.9,120.213
679.0,15.948
679.1,130.552
679.2,21.107
679.3,6.559
679.4,72.342
679.5,-87.07
679.6,-55.553
679.7,-157.007
679.8,-30.033
679.9,36.515
680.0,-9.722
680.1,-125.918
680.2,-105.54
680.3,-112.643
680.4,-1.751
680.5,151.109
680.6,-62.475
680.7,33.385
680.8,-32.179
680.9,92.732
681.0,-42.787
681.1,179.715
681.2,90.617
681.3,0.406
681.4,-93.271
681.5,-65.194
681.6,-135.427
681.7,10.096
681.8,-20.805
681.9,5.667
682.0,-36.65
682.1,197.319
682.2,91.296
682.3,26.259
682.4,261.656
682.5,-79.983
682.6,27.92
682.7,38.479
682.8,175.071
682.9,3.813
683.0,-96.006
683.1,-19.02
683.2,-0.976
683.3,108.252
683.4,30.943
683.5,-110.132
683.6,83.88
683.7,-94.759
683.8,-155.662
683.9,-216.68
684.0,16.548
684.1,-181.206
684.2,27.769
684.3,182.343
684.4,-116.287
684.5,-85.532
684.6,-132.497
684.7,-91.676
684.8,31.185
684.9,-28.754
685.0,86.278
685.1,-17.236
685.2,179.868
685.3,-38.843
685.4,-195.285
685.5,-134.96
685.6,4.833
685.7,-80.884
685.8,179.252
685.9,-37.465
686.0,-32.093
686.1,-50.711
686.2,-48.89
686.3,287.355
686.4,-105.251
686.5,-126.305
686.6,9.693
686.7,22.814
686.8,-16.433
686.9,178.02
687.0,-31.061
687.1,80.17
687.2,-1.613
687.3,185.864
687.4,79.95
687.5,25.328
687.6,20.076
687.7,-30.984
687.8,37.16
687.9,-13.647
688.0,-76.102
688.1,-186.017
688.2,-11.838
688.3,-45.985
688.4,159.746
688.5,-96.24
688.6,109.201
688.7,112.891
688.8,-8.046
688.9,46.524
689.0,191.559
689.1,-74.95
689.2,-39.279
689.3,-15.305
689.4,122.894
689.5,75.578
689.6,-175.133
689.7,-28.035
689.8,-56.256
689.9,112.598
690.0,167.339
690.1,31.861
690.2,42.434
690.3,-54.095
690.4,-285.781
690.5,72.602
690.6,-12.672
690.7,193.786
690.8,119.004
690.9,5.488
691.0,42.978
691.1,21.104
691.2,-7.371
691.3,-29.326
691.4,-114.423
691.5,75.019
691.6,37.741
691.7,87.502
691.8,99.161
691.9,71.05
692.0,56.573
692.1,-163.464
692.2,139.571
692.3,-121.731
692.4,-18.926
692.5,161.269
692.6,97.264
692.7,-23.449
692.8,-3.245
692.9,-33.743
693.0,-126.761
693.1,-87.227
693.2,23.68
693.3,269.653
693.4,40.526
693.5,64.618
693.6,-50.135
693.7,16.058
693.8,-25.175
693.9,-90.673
694.0,10.356
694.1,155.31
694.2,79.231
694.3,74.283
694.4,108.848
694.5,-40.127
694.6,-44.764
694.7,-31.855
694.8,-83.84
694.9,59.813
695.0,-51.94
695.1,31.586
695.2,-194.529
695.3,-195.872
695.4,104.933
695.5,106.803
695.6,7.683
695.7,-8.738
695.8,56.224
695.9,60.872
696.0,216.864
696.1,39.097
696.2,-136.059
696.3,86.789
696.4,-100.742
696.5,-134.98
696.6,118.051
696.7,17.955
696.8,-6.414
696.9,-310.825
697.0,-91.707
697.1,102.664
697.2,-20.975
697.3,-32.381
697.4,-40.689
697.5,191.589
697.6,-16.624
697.7,125.214
697.8,-48.938
697.9,235.351
698.0,-176.953
698.1,77.39
698.2,-31.048
698.3,59.301
698.4,60.018
698.5,65.047
698.6,-254.94
698.7,15.785
698.8,251.014
698.9,52.577
699.0,23.394
699.1,-36.244
699.2,136.01
699.3,-8.995
699.4,-110.908
699.5,35.229
699.6,19.37
699.7,-7.881
699.8,-151.037
699.9,137.907
700.0,-110.598
700.1,112.416
700.2,-124.771
700.3,-94.216
700.4,-6.677
700.5,31.939
700.6,70.694
700.7,20.422
700.8,14.334
700.9,9.312
701.0,61.777
701.1,-0.994
701.2,190.233
701.3,-72.564
701.4,86.515
701.5,-29.026
701.6,-120.728
701.7,-112.297
701.8,-29.746
701.9,106.625
702.0,-138.647
702.1,11.237
702.2,-52.619
702.3,-113.139
702.4,64.421
702.5,-22.595
702.6,-73.704
702.7,-248.475
702.8,-40.375
702.9,-113.816
703.0,67.092
703.1,-111.215
703.2,18.2
703.3,204.744
703.4,184.998
703.5,41.089
703.6,-159.464
703.7,-66.979
703.8,176.573
703.9,-39.086
704.0,-85.448
704.1,30.693
704.2,23.981
704.3,-80.527
704.4,28.503
704.5,-176.828
704.6,-93.44
704.7,245.737
704.8,23.571
704.9,-26.303
705.0,9.32
705.1,90.547
705.2,-156.508
705.3,312.372
705.4,34.615
705.5,164.648
705.6,124.204
705.7,-128.501
705.8,112.752
705.9,248.791
706.0,12.641
706.1,-212.808
706.2,-3.068
706.3,-0.379
706.4,9.926
706.5,-30.537
706.6,-72.763
706.7,-74.956
706.8,-175.952
706.9,137.325
707.0,83.68
707.1,-97.316
707.2,-103.753
707.3,-89.651
707.4,69.665
707.5,30.517
707.6,14.337
707.7,-26.439
707.8,-51.913
707.9,-65.739
708.0,381.359
708.1,-49.658
708.2,62.077
708.3,-61.036
708.4,108.182
708.5,-9.037
708.6,-142.034
708.7,-110.916
708.8,-95.058
708.9,-53.615
709.0,-88.981
709.1,61.354
709.2,-67.281
709.3,56.523
709.4,-176.136
709.5,-130.749
709.6,-166.827
709.7,-11.203
709.8,-90.11
709.9,-166.281
710.0,-31.649
710.1,29.55
710.2,-126.844
710.3,56.722
710.4,-1.213
710.5,-238.653
710.6,22.443
710.7,31.583
710.8,-67.194
710.9,-205.835
711.0,-57.507
711.1,-39.553
711.2,-2.491
711.3,-53.122
711.4,-62.824
711.5,69.31
711.6,-249.107
711.7,9.114
711.8,81.075
711.9,227.905
712.0,-31.318
712.1,-38.169
712.2,-30.951
712.3,-39.028
712.4,44.051
712.5,111.934
712.6,-65.965
712.7,-44.357
712.8,-0.476
712.9,48.334
713.0,-120.492
713.1,91.041
713.2,-232.651
713.3,120.843
713.4,-207.702
713.5,69.402
713.6,27.489
713.7,99.564
713.8,40.04
713.9,8.251
714.0,48.526
714.1,-42.673
714.2,125.579
714.3,-124.948
714.4,-98.506
714.5,-1.237
714.6,-305.321
714.7,149.888
714.8,-124.133
714.9,66.175
715.0,96.619
715.1,-44.356
715.2,48.777
715.3,-50.026
715.4,-78.978
715.5,6.912
715.6,46.606
715.7,0.691
715.8,-88.354
715.9,113.805
716.0,-55.412
716.1,119.522
716.2,-197.25
716.3,92.412
716.4,-83.061
716.5,-85.345
716.6,27.3
716.7,112.39
716.8,-11.873
716.9,90.852
717.0,46.687
717.1,56.612
717.2,-153.482
717.3,64.879
717.4,74.774
717.5,-28.364
717.6,26.949
717.7,44.772
717.8,23.832
717.9,32.931
718.0,110.426
718.1,63.952
718.2,-232.195
718.3,-72.905
718.4,-141.822
718.5,-254.794
718.6,47.606
718.7,-83.192
718.8,251.865
718.9,-57.59
719.0,80.621
719.1,-15.753
719.2,54.396
719.3,-198.77
719.4,120.441
719.5,-157.304
719.6,37.287
719.7,-95.657
719.8,-141.651
719.9,31.257
720.0,40.563
720.1,-151.859
720.2,222.119
720.3,-67.874
720.4,-14.498
720.5,72.87
720.6,155.869
720.7,-442.731
720.8,-123.554
720.9,116.05
721.0,-11.756
721.1,26.554
721.2,-88.805
721.3,85.189
721.4,48.393
721.5,-55.255
721.6,138.697
721.7,-137.018
721.8,-73.733
721.9,40.765
722.0,-196.0
722.1,-62.206
722.2,67.931
722.3,58.342
722.4,136.651
722.5,40.346
722.6,-34.399
722.7,24.309
722.8,-64.041
722.9,-4.741
723.0,-56.915
723.1,93.673
723.2,386.356
723.3,-24.602
723.4,-7.028
723.5,43.564
723.6,5.912
723.7,130.908
723.8,-172.769
723.9,12.417
724.0,-251.626
724.1,54.686
724.2,80.395
724.3,115.486
724.4,-131.906
724.5,101.447
724.6,-86.26
724.7,46.202
724.8,-49.626
724.9,85.825
725.0,56.273
725.1,177.683
725.2,56.312
725.3,118.379
725.4,-116.372
725.5,75.595
725.6,-70.926
725.7,307.562
725.8,52.904
725.9,-4.65
726.0,41.378
726.1,53.419
726.2,13.683
726.3,-199.383
726.4,27.028
726.5,103.137
726.6,275.561
726.7,51.039
726.8,-104.495
726.9,100.67
727.0,-8.757
727.1,3.248
727.2,0.365
727.3,109.671
727.4,31.188
727.5,61.049
727.6,102.84
727.7,109.517
727.8,37.354
727.9,60.554
728.0,116.992
728.1,-20.352
728.2,-182.761
728.3,58.669
728.4,34.321
728.5,91.317
728.6,-143.392
728.7,-95.078
728.8,164.886
728.9,71.526
729.0,116.78
729.1,137.651
729.2,84.609
729.3,-205.84
729.4,-70.625
729.5,33.902
729.6,12.838
729.7,108.724
729.8,49.411
729.9,61.019
730.0,75.388
730.1,-84.635
730.2,52.052
730.3,-212.488
730.4,18.924
730.5,-225.31
730.6,-119.737
730.7,-126.603
730.8,-88.7
730.9,-18.022
731.0,-108.305
731.1,34.104
731.2,-87.418
731.3,26.411
731.4,-89.227
731.5,-123.626
731.6,78.655
731.7,121.147
731.8,-97.781
731.9,-132.986
732.0,-2.633
732.1,28.494
732.2,-190.606
732.3,-21.176
732.4,-28.318
732.5,70.418
732.6,-67.45
732.7,8.419
732.8,43.939
732.9,-80.176
733.0,-196.792
733.1,158.847
733.2,191.607
733.3,-24.029
733.4,-165.607
733.5,138.218
733.6,-115.366
733.7,-156.393
733.8,-13.073
733.9,56.101
734.0,-48.899
734.1,-56.426
734.2,-132.447
734.3,118.038
734.4,25.557
734.5,8.801
734.6,102.411
734.7,-13.157
734.8,154.581
734.9,5.561
735.0,182.905
735.1,-50.426
735.2,60.572
735.3,43.156
735.4,98.594
735.5,-47.244
735.6,98.807
735.7,-154.002
735.8,-66.286
735.9,-18.538
736.0,11.915
736.1,127.914
736.2,-6.127
736.3,135.157
736.4,186.682
736.5,-115.036
736.6,6.476
736.7,129.039
736.8,-2.454
736.9,-216.286
737.0,139.198
737.1,111.236
737.2,207.466
737.3,72.757
737.4,-298.304
737.5,-33.977
737.6,42.55
737.7,26.972
737.8,29.313
737.9,-1.411
738.0,-91.706
738.1,80.884
738.2,-54.92
738.3,38.337
738.4,138.099
738.5,-41.595
738.6,6.865
738.7,-10.552
738.8,181.703
738.9,97.025
739.0,-60.21
739.1,167.08
739.2,-128.266
739.3,179.038
739.4,-109.388
739.5,183.344
739.6,-58.962
739.7,-199.458
739.8,-1.737
739.9,-294.334
740.0,112.09
740.1,88.728
740.2,-132.198
740.3,164.739
740.4,-121.886
740.5,149.465
740.6,62.284
740.7,11.514
740.8,61.81
740.9,37.089
741.0,118.429
741.1,-139.106
741.2,154.206
741.3,72.049
741.4,-283.197
741.5,-11.622
741.6,100.318
741.7,109.847
741.8,-12.791
741.9,118.518
742.0,76.308
742.1,-93.264
742.2,-98.439
742.3,-122.904
742.4,-148.57
742.5,19.077
742.6,61.138
742.7,38.564
742.8,7.848
742.9,-43.478
743.0,-113.572
743.1,164.044
743.2,166.341
743.3,-69.064
743.4,-89.728
743.5,-194.14
743.6,116.713
743.7,-69.957
743.8,162.651
743.9,204.058
744.0,-23.375
744.1,38.465
744.2,-201.433
744.3,154.819
744.4,-148.954
744.5,-73.812
744.6,111.317
744.7,20.059
744.8,113.199
744.9,-73.34
745.0,73.888
745.1,270.123
745.2,-97.44
745.3,-276.28
745.4,-21.586
745.5,169.692
745.6,74.504
745.7,120.082
745.8,-170.254
745.9,43.232
746.0,-17.461
746.1,113.607
746.2,-86.455
746.3,-44.252
746.4,-117.76
746.5,101.162
746.6,115.942
746.7,-203.934
746.8,-14.076
746.9,-1.964
747.0,-63.795
747.1,49.419
747.2,136.969
747.3,128.073
747.4,-14.217
747.5,98.02
747.6,96.183
747.7,-4.921
747.8,-181.776
747.9,-142.97
748.0,-53.054
748.1,-40.088
748.2,98.703
748.3,78.233
748.4,45.385
748.5,95.458
748.6,17.447
748.7,181.224
748.8,-294.591
748.9,242.403
749.0,36.298
749.1,-28.381
749.2,130.471
749.3,-141.935
749.4,128.273
749.5,155.934
749.6,71.311
749.7,43.814
749.8,-112.742
749.9,-111.183
750.0,-307.009
750.1,-185.982
750.2,22.204
750.3,153.492
750.4,207.559
750.5,-0.779
750.6,-132.989
750.7,101.817
750.8,-48.146
750.9,60.031
751.0,-142.039
751.1,174.056
751.2,-79.61
751.3,76.442
751.4,-8.414
751.5,57.358
751.6,124.046
751.7,-106.128
751.8,219.731
751.9,-5.141
752.0,140.162
752.1,167.479
752.2,-23.805
752.3,92.584
752.4,102.17
752.5,-17.649
752.6,0.903
752.7,80.43
752.8,188.666
752.9,133.524
753.0,101.675
753.1,140.508
753.2,14.604
753.3,-30.063
753.4,-55.022
753.5,-148.652
753.6,127.816
753.7,57.227
753.8,105.292
753.9,-1.859
754.0,-160.519
754.1,80.309
754.2,-32.626
754.3,130.857
754.4,114.051
754.5,88.365
754.6,-28.193
754.7,209.958
754.8,6.462
754.9,67.981
755.0,80.192
755.1,222.49
755.2,-0.548
755.3,148.583
755.4,71.888
755.5,100.037
755.6,-130.176
755.7,87.498
755.8,-29.894
755.9,75.19
756.0,-120.854
756.1,262.741
756.2,-33.522
756.3,168.319
756.4,-140.896
756.5,173.229
756.6,8.385
756.7,-131.553
756.8,-22.841
756.9,-39.783
757.0,-257.998
757.1,259.443
757.2,-84.27
757.3,38.453
757.4,25.333
757.5,63.563
757.6,-160.425
757.7,84.123
757.8,37.26
757.9,121.734
758.0,-174.983
758.1,-189.758
758.2,-35.722
758.3,-158.251
758.4,-72.298
758.5,164.799
758.6,-103.468
758.7,-151.489
758.8,-145.376
758.9,110.565
759.0,33.439
759.1,42.388
759.2,-183.579
759.3,-234.208
759.4,-26.331
759.5,-65.024
759.6,142.404
759.7,77.047
759.8,63.324
759.9,-86.648
760.0,10.8
760.1,-58.863
760.2,-140.477
760.3,162.719
760.4,-12.306
760.5,128.708
760.6,-16.78
760.7,225.409
760.8,-125.819
760.9,21.669
761.0,14.706
761.1,-101.753
761.2,-39.849
761.3,27.479
761.4,151.47
761.5,166.825
761.6,-129.381
761.7,62.632
761.8,105.024
761.9,6.032
762.0,73.577
762.1,70.137
762.2,-38.928
762.3,83.674
762.4,-47.54
762.5,4.589
762.6,121.35
762.7,-174.904
762.8,18.562
762.9,207.029
763.0,-45.218
763.1,-134.724
763.2,4.396
763.3,28.914
763.4,95.397
763.5,-113.147
763.6,182.275
763.7,-162.338
763.8,150.518
763.9,90.712
764.0,-84.731
764.1,30.271
764.2,-29.545
764.3,57.77
764.4,79.884
764.5,123.863
764.6,126.131
764.7,-105.515
764.8,-76.209
764.9,-99.908
765.0,21.715
765.1,-172.115
765.2,49.147
765.3,-22.279
765.4,115.688
765.5,82.522
765.6,7.47
765.7,-125.348
765.8,-31.309
765.9,279.551
766.0,121.067
766.1,37.335
766.2,-82.231
766.3,151.25
766.4,-219.504
766.5,-137.91
766.6,115.169
766.7,89.542
766.8,114.792
766.9,68.02
767.0,-152.424
767.1,-26.028
767.2,-221.179
767.3,-13.755
767.4,-25.484
767.5,-100.45
767.6,103.079
767.7,-19.971
767.8,-184.117
767.9,152.974
768.0,173.965
768.1,25.2
768.2,33.813
768.3,-40.826
768.4,-27.053
768.5,190.232
768.6,176.93
768.7,-134.42
768.8,50.549
768.9,171.572
769.0,-239.928
769.1,-11.858
769.2,102.727
769.3,-10.11
769.4,-57.719
769.5,-244.003
769.6,84.086
769.7,178.359
769.8,-105.911
769.9,191.786
770.0,-159.315
770.1,134.251
770.2,59.966
770.3,-75.813
770.4,22.991
770.5,105.403
770.6,-105.685
770.7,4.595
770.8,-43.902
770.9,34.634
771.0,-128.861
771.1,-63.512
771.2,171.321
771.3,-106.286
771.4,135.116
771.5,233.594
771.6,-0.682
771.7,100.914
771.8,-2.625
771.9,122.647
772.0,-89.602
772.1,66.682
772.2,-120.233
772.3,-118.667
772.4,5.43
772.5,-193.404
772.6,-112.612
772.7,57.329
772.8,11.786
772.9,-145.448
773.0,30.004
773.1,-56.056
773.2,-47.365
773.3,299.576
773.4,-139.279
773.5,139.5
773.6,159.012
773.7,86.827
773.8,132.841
773.9,-6.717
774.0,59.237
774.1,-1.234
774.2,12.226
774.3,-28.211
774.4,-16.027
774.5,135.737
774.6,-72.853
774.7,-65.378
774.8,-11.327
774.9,-33.774
775.0,-33.886
775.1,-160.841
775.2,-31.603
775.3,127.295
775.4,22.967
775.5,-29.449
775.6,-31.614
775.7,129.277
775.8,86.008
775.9,-153.006
776.0,-178.598
776.1,-199.871
776.2,19.242
776.3,21.886
776.4,-45.335
776.5,6.333
776.6,65.736
776.7,321.408
776.8,-84.199
776.9,257.719
777.0,30.322
777.1,24.284
777.2,-0.787
777.3,140.926
777.4,-16.785
777.5,-9.798
777.6,230.144
777.7,114.217
777.8,-4.328
777.9,-55.166
778.0,283.508
778.1,-23.775
778.2,-56.593
778.3,56.053
778.4,64.371
778.5,-229.47
778.6,-34.367
778.7,177.199
778.8,-106.345
778.9,-206.146
779.0,38.882
779.1,113.991
779.2,48.756
779.3,-36.344
779.4,84.413
779.5,203.371
779.6,-13.081
779.7,193.292
779.8,13.279
779.9,-37.396
780.0,226.248
780.1,-28.053
780.2,188.999
780.3,-104.286
780.4,174.174
780.5,-106.366
780.6,-78.449
780.7,144.869
780.8,-206.851
780.9,82.976
781.0,96.726
781.1,-105.312
781.2,21.779
781.3,107.801
781.4,8.231
781.5,173.153
781.6,220.044
781.7,-361.015
781.8,-7.626
781.9,-32.544
782.0,98.986
782.1,-81.844
782.2,-110.776
782.3,-35.788
782.4,-82.916
782.5,-183.598
782.6,190.036
782.7,-12.653
782.8,30.975
782.9,200.053
783.0,110.731
783.1,-57.421
783.2,-15.981
783.3,139.994
783.4,-235.34
783.5,140.957
783.6,27.617
783.7,287.606
783.8,61.565
783.9,191.463
784.0,-170.602
784.1,328.901
784.2,-12.125
784.3,41.745
784.4,111.531
784.5,-50.675
784.6,-80.699
784.7,273.809
784.8,42.346
784.9,21.613
785.0,123.491
785.1,-22.945
785.2,5.178
785.3,243.415
785.4,-161.368
785.5,-158.376
785.6,-7.101
785.7,90.078
785.8,25.794
785.9,39.98
786.0,53.777
786.1,-107.089
786.2,-317.474
786.3,22.589
786.4,-171.484
786.5,64.071
786.6,-59.966
786.7,34.477
786.8,-70.253
786.9,126.689
787.0,-33.995
787.1,67.389
787.2,-174.109
787.3,-91.326
787.4,-62.044
787.5,49.598
787.6,-15.422
787.7,-110.519
787.8,-114.36
787.9,-35.531
788.0,75.737
788.1,93.699
788.2,-210.154
788.3,53.199
788.4,150.433
788.5,163.772
788.6,233.755
788.7,34.768
788.8,53.722
788.9,132.181
789.0,-95.681
789.1,265.455
789.2,-84.672
789.3,101.804
789.4,-59.088
789.5,-0.164
789.6,-128.045
789.7,87.19
789.8,299.175
789.9,-151.421
790.0,-29.702
790.1,55.542
790.2,-105.207
790.3,49.569
790.4,-84.371
790.5,110.083
790.6,193.416
790.7,-58.928
790.8,19.854
790.9,-108.146
791.0,99.674
791.1,1.759
791.2,111.652
791.3,129.133
791.4,20.504
791.5,-61.874
791.6,-246.052
791.7,-107.347
791.8,-90.584
791.9,286.578
792.0,-250.869
792.1,-8.563
792.2,240.746
792.3,259.897
792.4,-26.793
792.5,0.106
792.6,249.395
792.7,-10.455
792.8,-87.441
792.9,5.132
793.0,62.436
793.1,-6.783
793.2,-56.668
793.3,106.489
793.4,-99.351
793.5,-134.354
793.6,-101.329
793.7,-94.276
793.8,65.029
793.9,65.776
794.0,68.044
794.1,7.611
794.2,160.999
794.3,-36.301
794.4,87.887
794.5,13.021
794.6,203.696
794.7,15.59
794.8,12.91
794.9,230.356
795.0,8.915
795.1,102.881
795.2,-173.69
795.3,-145.002
795.4,130.731
795.5,100.932
795.6,-291.176
795.7,93.783
795.8,-280.858
795.9,316.601
796.0,116.874
796.1,28.494
796.2,-123.536
796.3,-75.983
796.4,11.664
796.5,-93.309
796.6,215.029
796.7,110.364
796.8,-100.353
796.9,-66.348
797.0,19.462
797.1,-99.333
797.2,28.375
797.3,-189.364
797.4,116.379
797.5,136.31
797.6,14.139
797.7,73.47
797.8,5.71
797.9,-134.101
798.0,-146.469
798.1,46.413
798.2,67.513
798.3,111.556
798.4,223.83
798.5,-29.936
798.6,-85.208
798.7,-133.672
798.8,19.135
798.9,-200.789
799.0,42.213
799.1,-66.733
799.2,24.038
799.3,19.759
799.4,26.116
799.5,74.237
799.6,-37.244
799.7,-97.865
799.8,-71.002
799.9,58.303
800.0,-65.331
800.1,-59.346
800.2,-43.748
800.3,-11.941
800.4,207.976
800.5,-83.434
800.6,-226.126
800.7,-154.637
800.8,-144.304
800.9,8.353
801.0,-126.471
801.1,9.114
801.2,-321.723
801.3,19.164
801.4,75.812
801.5,-156.854
801.6,64.52
801.7,22.37
801.8,73.51
801.9,16.289
802.0,154.522
802.1,-143.613
802.2,192.205
802.3,-43.87
802.4,223.834
802.5,146.616
802.6,-7.474
802.7,70.259
802.8,62.555
802.9,192.707
803.0,28.943
803.1,-117.036
803.2,-160.971
803.3,43.172
803.4,-134.34
803.5,95.927
803.6,-188.2
803.7,-25.785
803.8,-72.395
803.9,-181.286
804.0,-44.876
804.1,-12.794
804.2,-66.913
804.3,-28.619
804.4,-146.016
804.5,2.061
804.6,-172.474
804.7,-12.749
804.8,98.955
804.9,-29.334
805.0,-82.485
805.1,117.347
805.2,-26.511
805.3,68.026
805.4,22.546
805.5,80.526
805.6,221.671
805.7,267.804
805.8,-192.274
805.9,38.446
806.0,98.875
806.1,-199.942
806.2,-88.466
806.3,-237.5
806.4,154.801
806.5,0.433
806.6,4.297
806.7,-291.283
806.8,211.059
806.9,59.691
807.0,-43.133
807.1,-80.645
807.2,-92.816
807.3,-72.453
807.4,120.816
807.5,42.241
807.6,-179.19
807.7,-166.726
807.8,-164.301
807.9,170.24
808.0,-63.574
808.1,-90.683
808.2,70.219
808.3,-300.72
808.4,-93.075
808.5,-258.458
808.6,55.732
808.7,29.506
808.8,47.993
808.9,-17.024
809.0,-104.206
809.1,-188.8
809.2,-3.319
809.3,-110.425
809.4,-46.343
809.5,-208.129
809.6,-88.741
809.7,23.486
809.8,171.02
809.9,-183.258
810.0,131.834
810.1,28.349
810.2,336.861
810.3,87.408
810.4,-129.224
810.5,270.873
810.6,-94.443
810.7,-6.483
810.8,-81.391
810.9,-12.264
811.0,76.021
811.1,-88.151
811.2,218.178
811.3,-218.426
811.4,61.728
811.5,125.545
811.6,-76.148
811.7,22.646
811.8,12.576
811.9,304.233
812.0,-23.855
812.1,-12.713
812.2,34.927
812.3,-114.499
812.4,25.523
812.5,76.128
812.6,-1.783
812.7,-242.042
812.8,-27.924
812.9,-200.337
813.0,155.491
813.1,-184.078
813.2,49.468
813.3,139.577
813.4,-39.184
813.5,-194.168
813.6,-18.953
813.7,-28.014
813.8,-25.044
813.9,-114.928
814.0,-38.084
814.1,30.571
814.2,62.679
814.3,-156.382
814.4,35.115
814.5,-108.154
814.6,72.412
814.7,-173.658
814.8,-27.928
814.9,-77.347
815.0,13.197
815.1,19.76
815.2,-35.434
815.3,-35.141
815.4,38.959
815.5,-51.505
815.6,65.541
815.7,-66.538
815.8,-50.01
815.9,44.865
816.0,242.699
816.1,-40.875
816.2,65.048
816.3,-236.41
816.4,-127.472
816.5,-41.109
816.6,12.855
816.7,373.408
816.8,-113.993
816.9,226.399
817.0,-48.301
817.1,176.709
817.2,143.517
817.3,59.343
817.4,-52.468
817.5,151.194
817.6,-86.73
817.7,5.965
817.8,151.791
817.9,-96.514
818.0,-120.691
818.1,32.835
818.2,28.996
818.3,134.217
818.4,263.137
818.5,-150.222
818.6,77.035
818.7,89.383
818.8,-112.123
818.9,41.137
819.0,131.812
819.1,-245.343
819.2,182.774
819.3,267.459
819.4,-22.455
819.5,143.106
819.6,3.781
819.7,-162.797
819.8,14.15
819.9,-6.978
820.0,24.706
820.1,129.015
820.2,-124.297
820.3,-131.173
820.4,133.476
820.5,117.336
820.6,-65.532
820.7,68.104
820.8,44.882
820.9,-44.225
821.0,-30.029
821.1,131.995
821.2,-72.784
821.3,-119.884
821.4,18.213
821.5,-209.856
821.6,26.014
821.7,24.246
821.8,287.474
821.9,-72.197
822.0,-42.428
822.1,-229.129
822.2,52.803
822.3,36.21
822.4,122.838
822.5,-100.387
822.6,-128.471
822.7,-67.502
822.8,105.073
822.9,-181.652
823.0,130.942
823.1,-165.1
823.2,-16.349
823.3,57.884
823.4,252.711
823.5,-113.166
823.6,35.602
823.7,-15.974
823.8,84.18
823.9,48.729
824.0,167.73
824.1,228.855
824.2,86.431
824.3,64.548
824.4,136.023
824.5,185.555
824.6,52.628
824.7,-170.251
824.8,345.638
824.9,-247.149
825.0,6.809
825.1,290.578
825.2,7.89
825.3,97.068
825.4,-88.523
825.5,-125.463
825.6,-129.382
825.7,-195.556
825.8,69.025
825.9,24.11
826.0,37.511
826.1,45.191
826.2,104.951
826.3,-195.463
826.4,7.603
826.5,-1.263
826.6,-252.661
826.7,249.423
826.8,21.404
826.9,193.063
827.0,248.73
827.1,17.523
827.2,-139.092
827.3,340.352
827.4,226.921
827.5,-36.613
827.6,-112.496
827.7,-169.912
827.8,-128.629
827.9,120.18
828.0,42.705
828.1,-35.486
828.2,84.284
828.3,-39.215
828.4,127.304
828.5,-50.674
828.6,-56.753
828.7,73.306
828.8,188.779
828.9,86.248
829.0,2.925
829.1,283.861
829.2,25.599
829.3,123.447
829.4,134.944
829.5,-92.22
829.6,234.722
829.7,51.15
829.8,-281.76
829.9,-199.574
830.0,-92.222
830.1,119.633
830.2,-124.369
830.3,129.928
830.4,13.279
830.5,-56.757
830.6,26.871
830.7,-72.962
830.8,-66.715
830.9,-9.72
831.0,-116.117
831.1,-87.02
831.2,12.433
831.3,96.148
831.4,-162.336
831.5,-109.859
831.6,-63.029
831.7,230.559
831.8,249.249
831.9,-252.238
832.0,37.854
832.1,-22.634
832.2,120.152
832.3,165.501
832.4,-124.807
832.5,-143.21
832.6,-58.655
832.7,83.126
832.8,142.049
832.9,-56.927
833.0,14.522
833.1,-42.463
833.2,39.434
833.3,102.741
833.4,85.749
833.5,-102.615
833.6,-3.249
833.7,-381.59
833.8,125.257
833.9,-49.428
834.0,123.124
834.1,169.325
834.2,-7.218
834.3,-82.38
834.4,32.711
834.5,-130.417
834.6,-213.31
834.7,94.874
834.8,-62.675
834.9,80.417
835.0,83.257
835.1,-129.476
835.2,321.537
835.3,-5.2
835.4,30.865
835.5,114.285
835.6,109.619
835.7,88.919
835.8,44.715
835.9,127.448
836.0,30.19
836.1,111.882
836.2,-107.927
836.3,-83.357
836.4,235.887
836.5,11.66
836.6,-0.887
836.7,-33.739
836.8,-178.935
836.9,236.853
837.0,235.589
837.1,-135.685
837.2,6.727
837.3,-85.654
837.4,-34.942
837.5,-170.362
837.6,185.843
837.7,-29.489
837.8,-32.618
837.9,166.874
838.0,-101.386
838.1,269.188
838.2,44.253
838.3,-38.708
838.4,-160.39
838.5,-36.822
838.6,-62.654
838.7,-37.086
838.8,43.683
838.9,-182.478
839.0,87.665
839.1,-112.798
839.2,-52.13
839.3,-88.045
839.4,-145.452
839.5,162.006
839.6,34.463
839.7,-70.759
839.8,69.008
839.9,-130.826
840.0,-218.61
840.1,29.259
840.2,-0.22
840.3,46.779
840.4,41.044
840.5,2.846
840.6,-62.249
840.7,-109.727
840.8,133.454
840.9,-311.282
841.0,161.727
841.1,-106.695
841.2,-190.65
841.3,-674.643
841.4,124.735
841.5,-190.362
841.6,108.585
841.7,-31.073
841.8,30.467
841.9,71.595
842.0,211.827
842.1,88.959
842.2,57.083
842.3,-43.483
842.4,-247.667
842.5,-35.499
842.6,-22.567
842.7,-100.752
842.8,-53.954
842.9,-40.691
843.0,-20.219
843.1,298.497
843.2,55.38
843.3,71.949
843.4,37.559
843.5,6.04
843.6,12.995
843.7,-48.529
843.8,119.988
843.9,-57.978
844.0,303.828
844.1,-95.994
844.2,100.827
844.3,-148.352
844.4,-17.327
844.5,32.491
844.6,16.0
844.7,-135.091
844.8,-155.34
844.9,-51.858
845.0,-213.681
845.1,-121.766
845.2,28.347
845.3,87.947
845.4,-108.778
845.5,-108.924
845.6,-299.092
845.7,-270.562
845.8,-133.596
845.9,-0.307
846.0,235.359
846.1,45.174
846.2,-130.531
846.3,80.965
846.4,13.596
846.5,25.343
846.6,-13.599
846.7,-179.13
846.8,-135.592
846.9,-407.536
847.0,-15.595
847.1,-7.131
847.2,-341.951
847.3,-82.869
847.4,240.232
847.5,-33.939
847.6,205.269
847.7,-70.685
847.8,52.283
847.9,6.076
848.0,176.935
848.1,-43.596
848.2,-96.852
848.3,-65.28
848.4,106.88
848.5,11.415
848.6,-163.091
848.7,38.53
848.8,-1.78
848.9,-297.6
849.0,128.874
849.1,-159.056
849.2,-333.876
849.3,123.835
849.4,284.017
849.5,79.402
849.6,334.103
849.7,106.091
849.8,402.203
849.9,-184.738
850.0,-30.382
850.1,267.461
850.2,8.214
850.3,-170.36
850.4,199.391
850.5,-19.968
850.6,215.696
850.7,-51.261
850.8,-121.385
850.9,-90.447
851.0,-175.682
851.1,-250.385
851.2,-135.108
851.3,210.55
851.4,-74.886
851.5,87.88
851.6,-2.573
851.7,-102.997
851.8,90.851
851.9,-176.805
852.0,-90.442
852.1,94.414
852.2,-49.307
852.3,16.122
852.4,-223.033
852.5,59.009
852.6,-48.67
852.7,-81.839
852.8,152.398
852.9,-59.771
853.0,-206.117
853.1,-90.198
853.2,-47.052
853.3,134.345
853.4,-200.118
853.5,-115.82
853.6,-16.319
853.7,321.632
853.8,30.951
853.9,27.775
854.0,27.844
854.1,-33.96
854.2,-241.022
854.3,-56.496
854.4,53.733
854.5,65.8
854.6,128.978
854.7,58.379
854.8,-26.094
854.9,-96.263
855.0,-96.274
855.1,1.465
855.2,285.495
855.3,-29.441
855.4,196.755
855.5,-162.772
855.6,192.547
855.7,134.29
855.8,-73.357
855.9,181.226
856.0,102.215
856.1,-136.487
856.2,-94.372
856.3,71.928
856.4,345.493
856.5,224.902
856.6,5.78
856.7,266.173
856.8,-199.629
856.9,-48.369
857.0,-246.916
857.1,172.482
857.2,-68.99
857.3,8.111
857.4,-237.046
857.5,-165.322
857.6,124.306
857.7,125.241
857.8,74.24
857.9,-198.39
858.0,0.504
858.1,297.274
858.2,24.051
858.3,153.7
858.4,195.904
858.5,-241.99
858.6,-180.826
858.7,69.219
858.8,-141.915
858.9,31.777
859.0,246.471
859.1,-64.991
859.2,-44.465
859.3,-236.128
859.4,-103.845
859.5,13.967
859.6,-83.298
859.7,79.585
859.8,152.466
859.9,104.89
860.0,-15.5
860.1,81.632
860.2,15.68
860.3,55.805
860.4,45.478
860.5,-256.757
860.6,176.741
860.7,-92.911
860.8,-207.921
860.9,157.013
861.0,-206.625
861.1,-33.834
861.2,57.532
861.3,-225.58
861.4,103.497
861.5,236.373
861.6,81.667
861.7,-10.005
861.8,183.759
861.9,62.207
862.0,-257.596
862.1,205.719
862.2,-88.613
862.3,130.58
862.4,54.533
862.5,-29.018
862.6,-240.633
862.7,-63.235
862.8,24.23
862.9,-46.102
863.0,-46.856
863.1,214.674
863.2,99.176
863.3,23.992
863.4,-5.671
863.5,-149.539
863.6,304.248
863.7,50.625
863.8,-36.493
863.9,-132.619
864.0,100.393
864.1,-73.498
864.2,120.765
864.3,71.112
864.4,331.674
864.5,44.528
864.6,139.814
864.7,236.441
864.8,246.868
864.9,8.724
865.0,-99.832
865.1,-40.094
865.2,135.596
865.3,-78.414
865.4,91.013
865.5,-262.502
865.6,262.953
865.7,-179.279
865.8,-41.113
865.9,-184.217
866.0,-33.467
866.1,-46.85
866.2,200.355
866.3,214.264
866.4,-78.895
866.5,-10.308
866.6,128.57
866.7,-256.654
866.8,142.093
866.9,-84.524
867.0,27.597
867.1,-44.197
867.2,-82.522
867.3,381.576
867.4,-337.005
867.5,-76.797
867.6,-55.671
867.7,-193.572
867.8,36.81
867.9,72.989
868.0,24.148
868.1,113.118
868.2,-46.105
868.3,-73.438
868.4,-92.809
868.5,-9.013
868.6,245.646
868.7,94.53
868.8,18.886
868.9,-12.082
869.0,-180.946
869.1,63.46
869.2,77.268
869.3,-12.268
869.4,102.69
869.5,231.003
869.6,68.218
869.7,158.705
869.8,-22.943
869.9,186.841
870.0,-212.383
870.1,-134.428
870.2,-28.746
870.3,-119.958
870.4,79.258
870.5,49.289
870.6,-41.774
870.7,-196.546
870.8,173.971
870.9,71.562
871.0,53.985
871.1,-18.616
871.2,-167.763
871.3,-157.346
871.4,119.572
871.5,-10.304
871.6,-51.549
871.7,6.444
871.8,-284.474
871.9,-58.877
872.0,77.913
872.1,98.802
872.2,46.972
872.3,50.926
872.4,-5.661
872.5,-65.41
872.6,-386.521
872.7,-269.627
872.8,65.8
872.9,-181.055
873.0,286.645
873.1,59.084
873.2,-17.198
873.3,-110.513
873.4,168.976
873.5,-39.764
873.6,-76.443
873.7,-271.346
873.8,-321.992
873.9,122.473
874.0,38.366
874.1,93.142
874.2,209.006
874.3,6.324
874.4,352.357
874.5,233.924
874.6,-249.93
874.7,-225.027
874.8,121.342
874.9,-167.769
875.0,272.492
875.1,-221.955
875.2,-136.813
875.3,-2.995
875.4,-268.77
875.5,-218.27
875.6,33.45
875.7,-129.639
875.8,104.989
875.9,26.026
876.0,165.074
876.1,-169.705
876.2,-75.554
876.3,-115.336
876.4,66.365
876.5,76.238
876.6,-101.457
876.7,109.499
876.8,86.53
876.9,-56.659
877.0,-155.699
877.1,60.814
877.2,-39.133
877.3,251.277
877.4,-74.59
877.5,-334.081
877.6,330.648
877.7,1.679
877.8,115.095
877.9,-54.534
878.0,58.855
878.1,-195.52
878.2,60.831
878.3,-62.537
878.4,146.683
878.5,-4.887
878.6,-64.334
878.7,8.252
878.8,-3.466
878.9,340.587
879.0,-357.891
879.1,207.996
879.2,261.4
879.3,-70.179
879.4,32.321
879.5,165.547
879.6,-178.851
879.7,-125.33
879.8,-44.613
879.9,14.348
880.0,-166.234
880.1,-54.932
880.2,230.683
880.3,200.203
880.4,-66.393
880.5,68.323
880.6,59.29
880.7,57.532
880.8,272.69
880.9,-42.162
881.0,94.69
881.1,-8.445
881.2,55.612
881.3,275.834
881.4,143.073
881.5,-58.56
881.6,172.369
881.7,227.634
881.8,-79.91
881.9,-127.784
882.0,91.133
882.1,170.808
882.2,170.242
882.3,15.311
882.4,-21.874
882.5,-8.839
882.6,-60.538
882.7,16.18
882.8,183.926
882.9,-136.955
883.0,40.489
883.1,122.003
883.2,227.422
883.3,104.366
883.4,18.661
883.5,-182.126
883.6,-114.615
883.7,-70.776
883.8,-97.226
883.9,-261.549
884.0,-216.299
884.1,112.521
884.2,-117.026
884.3,-189.686
884.4,-195.254
884.5,-146.211
884.6,116.077
884.7,41.282
884.8,-117.297
884.9,-70.21
885.0,-158.65
885.1,-40.923
885.2,80.414
885.3,58.778
885.4,-154.018
885.5,73.644
885.6,122.55
885.7,261.602
885.8,-172.225
885.9,197.163
886.0,281.817
886.1,-199.398
886.2,403.294
886.3,-235.923
886.4,-154.25
886.5,92.587
886.6,-40.179
886.7,134.108
886.8,-214.117
886.9,14.746
887.0,-164.8
887.1,-92.743
887.2,148.227
887.3,-422.686
887.4,109.786
887.5,122.188
887.6,-253.606
887.7,-124.224
887.8,-105.719
887.9,111.866
888.0,189.465
888.1,190.911
888.2,-192.274
888.3,-57.72
888.4,-154.067
888.5,-150.94
888.6,-259.87
888.7,-10.6
888.8,270.554
888.9,-6.414
889.0,-30.154
889.1,-49.738
889.2,-116.447
889.3,65.969
889.4,433.039
889.5,-2.242
889.6,378.34
889.7,-148.683
889.8,16.947
889.9,-202.322
890.0,-20.645
890.1,232.363
890.2,98.474
890.3,-165.691
890.4,10.763
890.5,-215.223
890.6,267.205
890.7,132.327
890.8,-145.733
890.9,-124.234
891.0,14.966
891.1,-4.962
891.2,201.761
891.3,37.971
891.4,148.969
891.5,-34.878
891.6,12.442
891.7,-45.19
891.8,42.812
891.9,28.23
892.0,27.959
892.1,11.185
892.2,177.776
892.3,228.662
892.4,-248.553
892.5,-107.802
892.6,89.962
892.7,-59.899
892.8,43.53
892.9,-85.134
893.0,250.413
893.1,90.786
893.2,193.544
893.3,-72.293
893.4,-111.46
893.5,-242.409
893.6,44.433
893.7,-191.534
893.8,-17.563
893.9,249.191
894.0,193.336
894.1,38.356
894.2,202.145
894.3,-71.923
894.4,185.609
894.5,69.85
894.6,86.54
894.7,47.242
894.8,81.621
894.9,216.018
895.0,-60.87
895.1,69.983
895.2,-73.738
895.3,-57.491
895.4,-54.504
895.5,-39.24
895.6,101.987
895.7,-9.035
895.8,160.093
895.9,110.911
896.0,-136.511
896.1,27.366
896.2,101.601
896.3,228.035
896.4,49.409
896.5,-79.513
896.6,-47.481
896.7,-12.917
896.8,190.793
896.9,1.285
897.0,135.125
897.1,-137.452
897.2,-129.997
897.3,44.872
897.4,78.12
897.5,113.519
897.6,-181.92
897.7,74.67
897.8,-62.61
897.9,-192.953
898.0,-57.506
898.1,50.421
898.2,181.346
898.3,190.889
898.4,95.304
898.5,-258.82
898.6,216.698
898.7,51.432
898.8,-211.28
898.9,45.262
899.0,49.661
899.1,258.624
899.2,-115.681
899.3,209.437
899.4,127.505
899.5,-337.561
899.6,82.041
899.7,214.365
899.8,-315.978
899.9,73.479
900.0,-74.299
900.1,-28.522
900.2,-13.755
900.3,-21.187
900.4,-194.772
900.5,-336.218
900.6,-301.512
900.7,-36.239
900.8,18.86
900.9,-144.27
901.0,117.579
901.1,-84.594
901.2,-154.886
901.3,69.565
901.4,-100.128
901.5,64.778
901.6,26.004
901.7,150.174
901.8,-164.553
901.9,259.003
902.0,197.492
902.1,134.538
902.2,114.426
902.3,-181.847
902.4,44.762
902.5,99.862
902.6,-392.232
902.7,-210.711
902.8,-176.866
902.9,-94.583
903.0,-115.103
903.1,-184.342
903.2,0.602
903.3,-161.273
903.4,-50.498
903.5,390.286
903.6,-23.927
903.7,-130.469
903.8,-106.321
903.9,175.49
904.0,29.343
904.1,57.93
904.2,75.387
904.3,172.022
904.4,79.435
904.5,-84.239
904.6,183.722
904.7,116.695
904.8,42.503
904.9,137.533
905.0,56.411
905.1,-182.655
905.2,55.473
905.3,-26.267
905.4,-55.634
905.5,371.756
905.6,60.77
905.7,208.851
905.8,13.311
905.9,194.867
906.0,-288.994
906.1,-359.902
906.2,-0.489
906.3,-438.909
906.4,84.046
906.5,261.236
906.6,31.106
906.7,75.594
906.8,-44.01
906.9,-156.323
907.0,-203.293
907.1,-26.303
907.2,-105.573
907.3,275.966
907.4,109.649
907.5,-93.238
907.6,-185.489
907.7,19.793
907.8,-104.136
907.9,92.665
908.0,112.312
908.1,-98.601
908.2,-130.522
908.3,-316.517
908.4,-89.621
908.5,-294.248
908.6,59.317
908.7,7.457
908.8,-87.326
908.9,3.633
909.0,38.907
909.1,-187.864
909.2,103.367
909.3,59.0
909.4,20.057
909.5,80.889
909.6,-144.598
909.7,259.638
909.8,-210.178
909.9,101.302
910.0,121.908
910.1,59.554
910.2,35.787
910.3,49.247
910.4,75.807
910.5,158.261
910.6,-213.332
910.7,156.513
910.8,103.772
910.9,-266.692
911.0,-21.869
911.1,-72.671
911.2,115.566
911.3,-43.872
911.4,-32.994
911.5,-122.654
911.6,-245.91
911.7,-103.206
911.8,40.99
911.9,150.806
912.0,101.817
912.1,-239.184
912.2,-34.842
912.3,65.253
912.4,176.153
912.5,-56.442
912.6,97.434
912.7,-194.643
912.8,309.597
912.9,99.892
913.0,84.901
913.1,-67.525
913.2,-86.573
913.3,272.99
913.4,-385.282
913.5,-132.66
913.6,34.844
913.7,-89.959
913.8,222.09
913.9,2.073
914.0,168.115
914.1,-1.291
914.2,-153.868
914.3,-178.291
914.4,-27.284
914.5,41.196
914.6,319.904
914.7,-252.157
914.8,2.019
914.9,51.191
915.0,-133.012
915.1,-346.986
915.2,335.645
915.3,-200.312
915.4,-21.763
915.5,96.666
915.6,-126.195
915.7,-78.363
915.8,-277.519
915.9,290.418
916.0,78.741
916.1,386.848
916.2,1.775
916.3,226.96
916.4,-90.841
916.5,-214.132
916.6,-89.044
916.7,100.212
916.8,-138.163
916.9,283.418
917.0,-259.224
917.1,-75.596
917.2,-57.989
917.3,212.662
917.4,146.908
917.5,173.734
917.6,-75.185
917.7,111.77
917.8,263.705
917.9,81.313
918.0,-62.06
918.1,-486.121
918.2,112.47
918.3,18.162
918.4,-26.993
918.5,9.064
918.6,-230.911
918.7,-199.267
918.8,111.774
918.9,-7.876
919.0,-233.675
919.1,161.794
919.2,-13.972
919.3,-194.193
919.4,-16.356
919.5,3.701
919.6,-56.687
919.7,68.045
919.8,107.883
919.9,111.016
920.0,121.767
920.1,-43.908
920.2,-154.745
920.3,-115.635
920.4,-37.511
920.5,-135.168
920.6,-2.478
920.7,118.406
920.8,38.06
920.9,48.707
921.0,-326.695
921.1,-325.516
921.2,151.82
921.3,129.745
921.4,-219.103
921.5,232.043
921.6,245.481
921.7,-15.316
921.8,318.373
921.9,-84.186
922.0,-5.525
922.1,-197.312
922.2,153.141
922.3,-155.682
922.4,262.551
922.5,-89.367
922.6,84.693
922.7,-162.121
922.8,-573.54
922.9,162.256
923.0,-363.986
923.1,209.961
923.2,-70.738
923.3,447.848
923.4,237.524
923.5,-96.512
923.6,-300.035
923.7,18.731
923.8,-342.406
923.9,-118.29
924.0,-85.771
924.1,157.372
924.2,141.896
924.3,192.035
924.4,-41.819
924.5,-78.866
924.6,-37.929
924.7,-10.635
924.8,-206.56
924.9,21.297
925.0,31.978
925.1,152.346
925.2,175.907
925.3,-117.557
925.4,-100.556
925.5,55.007
925.6,371.298
925.7,-380.457
925.8,-53.272
925.9,9.516
926.0,10.904
926.1,-195.824
926.2,-212.197
926.3,-11.932
926.4,-143.356
926.5,110.056
926.6,308.219
926.7,211.751
926.8,166.79
926.9,-284.866
927.0,-136.833
927.1,-12.449
927.2,-41.723
927.3,-260.118
927.4,-249.933
927.5,-66.307
927.6,23.433
927.7,148.278
927.8,-13.2
927.9,40.949
928.0,-126.752
928.1,-265.746
928.2,-32.041
928.3,78.928
928.4,-503.787
928.5,236.899
928.6,-68.972
928.7,188.577
928.8,-315.246
928.9,-141.495
929.0,98.817
929.1,188.0
929.2,373.069
929.3,75.554
929.4,214.33
929.5,8.886
929.6,112.138
929.7,89.989
929.8,112.853
929.9,100.708
930.0,-91.643
930.1,-326.043
930.2,102.617
930.3,-15.948
930.4,370.117
930.5,-168.258
930.6,-360.698
930.7,91.973
930.8,-415.754
930.9,-87.883
931.0,-101.22
931.1,86.584
931.2,250.759
931.3,151.764
931.4,-246.275
931.5,53.128
931.6,77.543
931.7,-110.184
931.8,-353.053
931.9,25.302
932.0,113.931
932.1,50.538
932.2,-56.092
932.3,-1.371
932.4,35.18
932.5,-28.0
932.6,-4.589
932.7,-339.618
932.8,-481.042
932.9,84.058
933.0,136.944
933.1,-16.229
933.2,-98.941
933.3,116.471
933.4,-78.035
933.5,81.36
933.6,247.849
933.7,19.456
933.8,26.16
933.9,-24.818
934.0,273.808
934.1,176.725
934.2,-195.902
934.3,-19.191
934.4,284.623
934.5,160.145
934.6,-137.867
934.7,-166.927
934.8,231.436
934.9,109.127
935.0,97.452
935.1,37.203
935.2,65.024
935.3,-35.491
935.4,181.568
935.5,-104.095
935.6,246.534
935.7,-40.991
935.8,-118.757
935.9,171.516
936.0,-155.272
936.1,206.93
936.2,-270.176
936.3,-73.07
936.4,-221.185
936.5,-69.076
936.6,167.033
936.7,125.948
936.8,-132.28
936.9,405.981
937.0,-55.517
937.1,-243.326
937.2,41.358
937.3,-150.348
937.4,-76.438
937.5,242.363
937.6,-249.351
937.7,186.261
937.8,-19.774
937.9,-176.171
938.0,-283.605
938.1,261.458
938.2,208.048
938.3,62.553
938.4,237.27
938.5,54.418
938.6,144.28
938.7,102.079
938.8,-262.305
938.9,99.876
939.0,-103.434
939.1,-80.654
939.2,-122.888
939.3,-4.537
939.4,-301.721
939.5,-126.384
939.6,-2.955
939.7,-157.381
939.8,129.66
939.9,147.882
940.0,342.67
940.1,44.121
940.2,-291.844
940.3,191.36
940.4,-570.162
940.5,-122.93
940.6,283.012
940.7,169.176
940.8,4.825
940.9,-100.17
941.0,-178.036
941.1,0.389
941.2,-50.514
941.3,334.076
941.4,-274.129
941.5,-90.07
941.6,-74.613
941.7,-37.396
941.8,135.398
941.9,76.572
942.0,-244.368
942.1,-123.262
942.2,102.882
942.3,197.368
942.4,-14.591
942.5,-165.566
942.6,-75.679
942.7,-32.227
942.8,-205.708
942.9,-429.118
943.0,150.997
943.1,51.166
943.2,328.996
943.3,-35.231
943.4,-174.9
943.5,-82.889
943.6,-216.858
943.7,-74.571
943.8,-208.264
943.9,-81.101
944.0,-539.314
944.1,-314.907
944.2,83.721
944.3,85.019
944.4,9.802
944.5,313.071
944.6,106.507
944.7,-132.007
944.8,220.112
944.9,24.283
945.0,111.76
945.1,-63.048
945.2,211.182
945.3,-53.606
945.4,82.98
945.5,-10.783
945.6,10.467
945.7,-122.753
945.8,-24.181
945.9,-203.955
946.0,250.992
946.1,180.314
946.2,-24.269
946.3,146.206
946.4,-223.927
946.5,137.624
946.6,306.677
946.7,126.273
946.8,-69.307
946.9,36.88
947.0,-174.635
947.1,21.206
947.2,61.386
947.3,44.335
947.4,-175.282
947.5,-7.672
947.6,117.999
947.7,-19.436
947.8,-337.513
947.9,-40.912
948.0,-280.641
948.1,-253.588
948.2,-22.803
948.3,64.827
948.4,-514.567
948.5,154.7
948.6,-138.222
948.7,-41.304
948.8,-110.663
948.9,144.655
949.0,136.552
949.1,-20.313
949.2,144.331
949.3,137.236
949.4,-347.42
949.5,-422.967
949.6,101.542
949.7,-211.563
949.8,-342.85
949.9,-204.888
950.0,-37.539
950.1,56.237
950.2,-165.271
950.3,-197.914
950.4,80.605
950.5,-287.662
950.6,72.822
950.7,-69.104
950.8,16.025
950.9,82.258
951.0,-25.81
951.1,127.583
951.2,299.556
951.3,-146.431
951.4,207.05
951.5,208.461
951.6,119.418
951.7,84.261
951.8,-253.995
951.9,111.144
952.0,-170.158
952.1,-136.535
952.2,-96.106
952.3,383.481
952.4,-171.766
952.5,29.531
952.6,-361.188
952.7,188.337
952.8,140.575
952.9,101.735
953.0,-115.358
953.1,29.737
953.2,-287.815
953.3,18.035
953.4,0.658
953.5,-74.966
953.6,-289.815
953.7,-7.591
953.8,58.039
953.9,136.358
954.0,-76.899
954.1,95.525
954.2,-49.902
954.3,-6.617
954.4,1.988
954.5,-293.06
954.6,-203.554
954.7,109.03
954.8,120.799
954.9,-4.658
955.0,41.187
955.1,68.305
955.2,173.424
955.3,-221.034
955.4,80.113
955.5,-43.945
955.6,-85.511
955.7,68.761
955.8,-121.592
955.9,-10.909
956.0,15.297
956.1,71.121
956.2,-282.858
956.3,-114.605
956.4,-150.1
956.5,116.28
956.6,-119.51
956.7,-223.909
956.8,79.816
956.9,-199.151
957.0,166.317
957.1,-271.264
957.2,338.706
957.3,-252.317
957.4,-29.135
957.5,199.582
957.6,102.214
957.7,-124.523
957.8,5.78
957.9,-73.192
958.0,-98.852
958.1,-33.827
958.2,31.05
958.3,-1.688
958.4,-294.358
958.5,24.908
958.6,31.105
958.7,187.298
958.8,-3.948
958.9,15.427
959.0,257.118
959.1,275.97
959.2,73.922
959.3,-74.521
959.4,37.178
959.5,-326.761
959.6,-121.129
959.7,13.897
959.8,76.809
959.9,190.76
960.0,-203.798
960.1,29.597
960.2,72.325
960.3,312.916
960.4,127.14
960.5,29.329
960.6,63.407
960.7,-23.147
960.8,86.408
960.9,-224.081
961.0,158.793
961.1,4.288
961.2,-57.092
961.3,-271.803
961.4,-123.542
961.5,31.074
961.6,137.278
961.7,193.028
961.8,-100.883
961.9,433.012
962.0,-9.722
962.1,-65.837
962.2,125.57
962.3,-497.697
962.4,187.078
962.5,79.698
962.6,69.553
962.7,27.314
962.8,-238.924
962.9,283.36
963.0,-79.742
963.1,143.128
963.2,166.748
963.3,162.247
963.4,56.041
963.5,7.119
963.6,88.784
963.7,-54.731
963.8,-114.758
963.9,206.65
964.0,76.845
964.1,-20.526
964.2,-28.484
964.3,174.397
964.4,138.371
964.5,-82.707
964.6,178.593
964.7,-358.174
964.8,204.663
964.9,227.204
965.0,173.94
965.1,-70.817
965.2,3.114
965.3,-136.737
965.4,-58.782
965.5,85.794
965.6,109.881
965.7,-99.964
965.8,30.397
965.9,0.948
966.0,-87.258
966.1,4.02
966.2,136.978
966.3,-97.693
966.4,17.88
966.5,161.11
966.6,18.574
966.7,-20.4
966.8,81.25
966.9,-220.706
967.0,43.331
967.1,-137.635
967.2,-256.871
967.3,152.294
967.4,-141.743
967.5,203.365
967.6,-138.8
967.7,-121.861
967.8,3.485
967.9,57.057
968.0,42.33
968.1,143.193
968.2,43.756
968.3,264.803
968.4,-33.74
968.5,142.233
968.6,76.881
968.7,-165.918
968.8,10.757
968.9,-186.063
969.0,54.944
969.1,224.987
969.2,54.527
969.3,-46.105
969.4,-376.866
969.5,253.592
969.6,209.56
969.7,117.118
969.8,30.843
969.9,-10.043
970.0,97.173
970.1,194.645
970.2,131.345
970.3,359.065
970.4,-194.603
970.5,28.39
970.6,237.171
970.7,39.825
970.8,-214.694
970.9,-126.323
971.0,154.554
971.1,32.346
971.2,164.267
971.3,79.107
971.4,-115.132
971.5,2.186
971.6,191.315
971.7,89.227
971.8,111.872
971.9,-186.75
972.0,-76.724
972.1,-154.309
972.2,315.952
972.3,-55.374
972.4,-123.996
972.5,-286.573
972.6,-228.357
972.7,226.348
972.8,-22.784
972.9,-167.848
973.0,-119.888
973.1,224.388
973.2,-40.233
973.3,-147.298
973.4,41.997
973.5,238.177
973.6,-404.876
973.7,191.895
973.8,-147.507
973.9,73.678
974.0,-16.586
974.1,234.608
974.2,-164.664
974.3,87.891
974.4,-55.767
974.5,-297.849
974.6,-627.72
974.7,-149.489
974.8,-271.515
974.9,409.45
975.0,-255.494
975.1,66.858
975.2,173.41
975.3,203.83
975.4,119.417
975.5,153.432
975.6,132.845
975.7,-199.642
975.8,128.419
975.9,89.69
976.0,-66.964
976.1,-311.856
976.2,360.816
976.3,-32.596
976.4,-184.301
976.5,-41.446
976.6,-246.86
976.7,190.296
976.8,-104.238
976.9,-227.199
977.0,87.423
977.1,65.566
977.2,18.604
977.3,143.027
977.4,-34.659
977.5,-115.622
977.6,240.686
977.7,142.332
977.8,-173.819
977.9,-304.42
978.0,-347.624
978.1,50.865
978.2,-157.315
978.3,19.023
978.4,-324.504
978.5,322.81
978.6,113.545
978.7,-214.002
978.8,-12.567
978.9,317.061
979.0,26.586
979.1,-381.673
979.2,-183.276
979.3,-86.234
979.4,-50.189
979.5,193.062
979.6,203.858
979.7,-125.54
979.8,-268.541
979.9,-104.953
980.0,-348.135
980.1,-60.582
980.2,-87.703
980.3,-276.204
980.4,-175.7
980.5,-144.963
980.6,-85.346
980.7,327.626
980.8,171.319
980.9,230.209
981.0,92.185
981.1,342.832
981.2,-108.101
981.3,-188.851
981.4,-35.926
981.5,5.363
981.6,-42.723
981.7,-106.506
981.8,-228.777
981.9,-248.908
982.0,-46.683
982.1,-41.764
982.2,412.641
982.3,91.046
982.4,63.292
982.5,200.236
982.6,-76.546
982.7,-160.592
982.8,243.142
982.9,-232.061
983.0,117.777
983.1,-275.516
983.2,-5.98
983.3,511.581
983.4,-118.353
983.5,18.428
983.6,215.197
983.7,115.659
983.8,116.853
983.9,-173.636
984.0,-67.431
984.1,-157.771
984.2,105.2
984.3,-76.126
984.4,16.954
984.5,-61.319
984.6,-84.882
984.7,294.802
984.8,-71.918
984.9,-36.332
985.0,-351.072
985.1,-284.595
985.2,227.165
985.3,3.839
985.4,232.101
985.5,161.895
985.6,-8.852
985.7,309.087
985.8,30.562
985.9,-110.303
986.0,-193.215
986.1,-9.568
986.2,169.779
986.3,33.718
986.4,246.062
986.5,-69.894
986.6,161.86
986.7,-222.441
986.8,129.963
986.9,49.978
987.0,-21.658
987.1,68.187
987.2,-91.455
987.3,80.184
987.4,198.484
987.5,9.698
987.6,252.148
987.7,-387.482
987.8,-253.184
987.9,-74.008
988.0,-96.708
988.1,194.131
988.2,125.719
988.3,286.403
988.4,-359.306
988.5,-120.213
988.6,22.38
988.7,-98.181
988.8,-184.638
988.9,-329.682
989.0,136.745
989.1,-145.564
989.2,-1.142
989.3,-148.757
989.4,77.525
989.5,-146.173
989.6,181.215
989.7,246.439
989.8,-61.319
989.9,-278.159
990.0,-27.777
990.1,-94.709
990.2,137.969
990.3,-171.741
990.4,-98.205
990.5,327.734
990.6,164.396
990.7,44.716
990.8,62.931
990.9,-97.012
991.0,10.166
991.1,-107.67
991.2,-139.263
991.3,230.369
991.4,-119.587
991.5,-57.751
991.6,124.448
991.7,-84.327
991.8,5.505
991.9,-89.529
992.0,66.423
992.1,-55.444
992.2,237.697
992.3,-124.412
992.4,280.354
992.5,133.183
992.6,-80.138
992.7,-93.907
992.8,122.346
992.9,64.921
993.0,-91.668
993.1,17.421
993.2,222.768
993.3,268.54
993.4,93.112
993.5,-213.01
993.6,58.565
993.7,2.672
993.8,164.081
993.9,-132.02
994.0,-112.492
994.1,268.778
994.2,108.512
994.3,-356.212
994.4,164.9
994.5,227.123
994.6,200.875
994.7,165.975
994.8,506.896
994.9,54.725
995.0,179.201
995.1,-54.245
995.2,245.049
995.3,-157.067
995.4,130.986
995.5,84.814
995.6,258.708
995.7,-79.212
995.8,46.51
995.9,58.276
996.0,-172.828
996.1,173.472
996.2,215.765
996.3,-244.465
996.4,-210.134
996.5,165.309
996.6,-322.358
996.7,2.978
996.8,-19.162
996.9,-80.272
997.0,-45.847
997.1,-246.445
997.2,-82.17
997.3,83.38
997.4,-278.958
997.5,-69.007
997.6,-62.194
997.7,59.75
997.8,-2.666
997.9,-36.086
998.0,-75.348
998.1,37.023
998.2,-35.694
998.3,-57.44
998.4,26.948
998.5,40.381
998.6,74.285
998.7,-10.498
998.8,109.263
998.9,-259.69
999.0,-101.055
999.1,91.383
999.2,-157.427
999.3,-170.829
999.4,170.824
999.5,-108.274
999.6,-127.645
999.7,-113.247
999.8,-33.305
999.9,32.53
1000.0,-257.437
