-2551975.28443005,14740394.353364779
-2556586.2151590814,14735521.5567108
-2558965.0397315384,14734987.593393102
-2562834.7877156558,14734765.826935781
-2567390.51413681,14734090.266209615
-2578043.155341292,14731808.581873426
-2586559.985625089,14729177.783891013
-2590848.6966391397,14729093.544120083
-2594374.873177187,14729203.586345652
-2599323.0310929846,14729039.827903885
-2607851.592250308,14728129.918854903
-2613559.3706730157,14727123.00651917
-2623811.6093532015,14724056.154314619
-2625143.558769281,14723950.566551972
-2628638.7349905106,14723645.49492757
-2633616.302138745,14721172.780728105
-2628858.0698367255,14721154.91234963
-2621803.192885086,14721707.06254276
-2616618.9939718083,14722361.36258116
-2612914.3664169195,14723049.171231
-2610151.0280882777,14723721.246934349
-2606869.298953002,14724862.382567069
-2602926.314991563,14725551.412228256
-2594965.5590612697,14726355.564353576
-2590032.3482830264,14726567.981927508
-2583757.0225540595,14725764.871565724
-2580028.443903071,14726462.190793121
-2577795.234180833,14727924.881293854
-2569048.9581417395,14730336.881133292
-2563842.779499586,14731342.490048205
-2559865.822251857,14731946.315879162
-2555976.49521033,14732333.716394296
-2552881.9666625704,14732442.313402243
-2550297.3626697683,14732419.445088083
-2548503.8738407367,14732304.45524849
-2546134.801322302,14731722.172620395
-2543990.494587431,14731619.433281468
-2541211.7123866137,14731727.41122899
-2536820.7801063517,14732178.37578143
-2532791.5524317734,14732723.172276845
-2526309.690359766,14733713.677767115
-2524233.4092899812,14733971.09023752
-2522176.8470667084,14734191.498302778
-2520161.4457941693,14734437.336287657
-2518148.517953974,14734780.298415111
-2514146.8487969083,14735622.978663975
-2497630.1109354915,14742512.402211614
-2500214.122617734,14746100.486787075
-2484738.2096365076,14750905.342976319
-2481889.175656806,14752835.210126638
-2476177.5592794293,14754052.133762177
-2468164.687982624,14761515.221868956
-2459970.847986421,14768969.747496674
-2451596.499173871,14776414.883438095
-2443042.124290266,14783849.796858516
-2434308.229106589,14791273.64946603
-2425395.342578162,14798685.597686432
-2416304.016998325,14806084.792842781
-2407034.8281469694,14813470.38133955
-2402573.029383126,14814655.558367936
-2393554.135143365,14816114.499525148
-2382218.6300153905,14820143.932715528
-2384391.1075928803,14820019.349231878
-2399180.3028908307,14816271.711259833
-2401369.1401482043,14816140.617450459
-2407588.688102464,14817248.295309331
-2397599.338810028,14822722.148084309
-2387525.028854064,14828171.298357708
-2388737.7601774777,14828771.54539386
-2392220.7834811998,14828400.48400214
-2393202.9446016466,14828261.41127528
-2393926.049954688,14828088.688855024
-2396312.5015184283,14827957.375736592
-2395253.283797596,14832744.668696944
-2391842.425776111,14833780.246591093
-2391517.9428712316,14834713.965290364
-2386764.465180363,14835802.677200532
-2369634.4694810025,14842606.86656941
-2367137.1737498073,14842668.613161152
-2365102.7504262836,14842673.448609034
-2363653.8357483926,14842622.39481261
-2362825.420212195,14842522.316841593
-2358699.620078918,14843349.883668693
-2350505.5134945856,14846382.898496548
-2342085.1810657852,14848098.453632144
-2340682.779013242,14848825.541648211
-2336358.1425390434,14848321.76061293
-2352058.757175287,14841334.847855847
-2367629.6465238417,14834286.854936332
-2342992.844857194,14839038.372209102
-2328973.2909172457,14846550.714233149
-2323650.950844013,14846483.290798921
-2322203.191118636,14845997.154530656
-2324940.953828025,14844060.660984602
-2322440.194561609,14843941.33022694
-2314590.6340968465,14844412.577202193
-2311835.8115144516,14843397.75953039
-2316093.704188644,14838640.749817252
-2311034.758767602,14838399.231106702
-2304914.6489646677,14838144.83736226
-2305879.21270046,14837109.967421083
-2310820.4286160087,14835877.48772535
-2323453.94775384,14833635.455662167
-2339371.3494343464,14828099.229830207
-2355221.650237362,14822502.14283341
-2364895.3231794853,14821328.36804231
-2367404.8965966054,14821377.348316943
-2369284.7743823132,14821474.359678948
-2371307.271781046,14821465.764601672
-2373991.898991392,14821221.342975033
-2366766.0096123996,14816290.367571337
-2377248.7174066226,14809824.780410511
-2387603.512714935,14803333.11815568
-2397829.479329051,14796816.03882659
-2401034.418291339,14796193.42391045
-2399657.9005118473,14796293.534532469
-2398728.127519926,14796345.779518802
-2398456.0195603026,14796343.070668582
-2400103.3108625663,14795804.931804
-2399750.8128326116,14794503.419945888
-2397542.494151722,14794653.962957913
-2382845.581145666,14801930.316621013
-2368006.255654357,14809150.356758287
-2353026.6753081046,14816313.085695336
-2337909.0261852425,14823417.515072385
-2335463.2423517467,14823714.990158068
-2332823.230804807,14823655.63999882
-2330813.969975152,14824053.324650466
-2330570.9932458494,14824650.430121163
-2329381.0575352316,14825002.630773703
-2328449.8517595143,14825064.927653912
-2326828.489054548,14825131.664907489
-2325250.803296953,14825211.555849856
-2324539.729779553,14825305.49991842
-2324095.818827427,14825440.513885705
-2322379.9673747458,14825747.68583411
-2319348.346492413,14827340.157490825
-2307134.180118781,14830172.193055151
-2302514.480393636,14830858.14764657
-2297714.5398190515,14831053.479882343
-2294409.172204211,14830793.149518866
-2291954.5808435944,14830343.533953454
-2291310.38760673,14829817.805851977
-2293438.2721681134,14829327.285705548
-2294716.321041205,14829581.810705818
-2297814.976272425,14829430.524827788
-2301172.5440079584,14829058.153083526
-2303254.2608897258,14828650.80384375
-2301510.354779863,14826806.236615073
-2293168.330514016,14826180.3960861
-2291785.863460389,14825931.933307093
-2292747.5832613474,14825625.089774126
-2297219.1941163326,14824905.26935664
-2318711.668132185,14818825.689263042
-2316534.9115031133,14818317.749706294
-2314252.984329751,14818687.83242706
-2311323.2170879967,14819076.692268018
-2311033.052496112,14818795.838577375
-2309414.0676555405,14818594.022506893
-2306972.2749061342,14818723.933309752
-2306772.0998982913,14819016.587523447
-2305428.549912276,14819346.208985895
-2301265.0776210106,14820078.030026652
-2295281.4833731833,14819805.526889406
-2294874.1807766412,14819002.296097934
-2308846.8354832884,14811967.160519248
-2322675.123011865,14804880.898237787
-2322597.0279589077,14804981.779455893
-2324538.5352874203,14804566.242621161
-2326342.2051437283,14803972.454636654
-2326245.871253556,14803526.935203852
-2322518.543298926,14803553.441647602
-2320462.494120656,14803477.444265652
-2331280.4806299945,14797309.007897988
-2341982.990265959,14791110.165897673
-2337865.3763379427,14791789.823549688
-2323003.3868080876,14797957.677985761
-2308046.4637809885,14804067.872030169
-2292996.475876991,14810119.736438021
-2296463.1471511484,14804800.827371234
-2299819.1944753225,14799490.879917666
-2303064.8773937174,14794190.16660981
-2300428.8807204226,14794355.348379673
-2300229.9129069336,14796409.254662951
-2295961.7419112157,14797269.652164362
-2294876.7153593544,14795919.664831555
-2292256.060881356,14796080.780049779
-2288554.916803709,14801011.007080046
-2286137.564547395,14801153.713613708
-2285987.493174092,14800391.636221778
-2284531.8457113127,14800226.620121555
-2282534.304019044,14800468.532146005
-2281944.6332188803,14800557.386814803
-2279556.2772505456,14800697.879724046
-2279610.9447619724,14796625.905210814
-2279592.533258818,14792569.105267607
-2291831.6023450773,14789693.653695254
-2296274.1626074305,14788980.341420334
-2300466.442392655,14788094.485719744
-2298881.393508778,14783845.659223016
-2306173.420698583,14782072.131082151
-2309622.6397734545,14780473.530785963
-2317455.3778216424,14778721.840142988
-2319550.729615949,14777268.209613506
-2327208.0734668905,14776242.628926745
-2343577.181390711,14777526.2405147
-2354060.397296465,14777441.743253974
-2339641.941815699,14774847.914080705
-2350046.1603602753,14769861.820328478
-2372511.22817719,14764792.920675293
-2376050.5005893344,14763050.806298802
-2396149.2751996056,14757479.365361115
-2403267.4435460675,14756207.508231249
-2409853.594230832,14749766.345801074
-2416298.811518205,14743320.4296304
-2422602.849547874,14736870.304926418
-2447833.5688620964,14728388.07212802
-2448822.9925889475,14728393.49215849
-2451632.0511597716,14728315.928206913
-2452708.363408785,14728312.897621803
-2463739.9414804415,14726824.465373723
-2471055.863860573,14725480.632673869
-2480007.69787374,14723272.168086914
-2488621.780652314,14719685.093281887
-2496966.9251852045,14718299.038689205
-2498883.7530211727,14718240.61069641
-2500951.149284049,14718011.401189556
-2502872.6254810225,14717712.156829791
-2504310.487758216,14717443.620746473
-2505707.033622924,14717000.658591697
-2505301.8212767662,14716692.39221009
-2502518.7792017255,14716337.511839492
-2495044.817762147,14717906.412595594
-2491812.963512642,14718003.923161235
-2489030.951611093,14718025.256575497
-2481809.0497951475,14717724.029648615
-2479764.6107872985,14717730.22790826
-2476248.600707675,14718047.073011627
-2477496.04775111,14720283.067467174
-2473353.92371261,14722141.34375301
-2468467.771736244,14722970.160334831
-2466756.2818980883,14723311.21733458
-2464690.6786764544,14723530.90449684
-2461628.9846985084,14723925.320916226
-2449943.6366332243,14725030.30770888
-2443406.0019040783,14726256.516796425
-2436349.976151781,14728230.546371333
-2436401.1319622095,14728129.182888523
-2432310.8197796005,14728912.696258351
-2430696.377024481,14730081.234675908
-2421635.2263766723,14732558.689973839
-2417576.159372328,14733289.904101294
-2413094.924756711,14733401.017842378
-2410312.2535186037,14733266.34626899
-2413193.549890819,14726612.535210509
-2415906.407695934,14719976.991411787
-2418451.389542919,14713360.169234706
-2420829.067647879,14706762.514515774
-2417733.6706411545,14707695.601624582
-2416778.8422740013,14709049.884017788
-2407475.281330793,14712611.529044526
-2404309.614432076,14718302.052607108
-2401023.5635117698,14724001.01115548
-2397616.947962318,14729708.082973853
-2393241.37274883,14730695.410477122
-2389897.081536969,14730762.585321471
-2386691.489833722,14724679.985693736
-2383316.5766822454,14718646.320550375
-2379774.0754650105,14712661.68439566
-2376065.7159248297,14706726.16255423
-2371982.1517584133,14706417.392080054
-2369485.785643123,14706958.209716238
-2368481.1743651954,14711996.077919928
-2367373.7139284597,14717048.941718053
-2365544.801008802,14716136.58474495
-2362942.226256581,14716079.404855063
-2358805.71042122,14717338.782359757
-2353391.556992632,14722208.043383958
-2355271.1835410334,14723231.715762163
-2352602.8030435387,14723873.794758681
-2350558.3792502605,14723203.067990376
-2348081.259484989,14723180.57031913
-2346119.3660943247,14727260.380448226
-2344092.835067683,14731345.885506535
-2340620.3770919265,14733887.474798445
-2336635.5865089726,14734605.41502314
-2331962.5926389094,14735316.848885061
-2322158.1906992774,14737923.226048408
-2317739.3896533856,14737902.494091822
-2315909.643786483,14737575.623378068
-2315910.4798497716,14736621.711685063
-2312331.3765376275,14737027.23494449
-2309524.4655535747,14737380.455586147
-2307403.17314566,14737688.893135382
-2305955.328984902,14737949.677217245
-2304722.808585136,14737851.787855996
-2303519.8903697236,14737538.454978062
-2303764.2069260683,14737308.216505606
-2301552.637330029,14737498.708409326
-2301052.6675753603,14737953.683784548
-2298580.388115123,14738666.733355846
-2294268.9392785784,14739513.413736302
-2288239.8188551837,14740367.04697888
-2286986.1089220177,14740388.311467258
-2281384.425253002,14740590.033442216
-2278921.1406108397,14740600.838039385
-2274374.7253982387,14740347.286387851
-2269247.339490015,14741654.799189396
-2261499.0252184453,14743126.779891241
-2258538.570036793,14742983.114520801
-2257567.0725239012,14742529.11470132
-2258360.206733525,14741923.951165453
-2263455.4099177895,14740626.192010041
-2278279.6132603376,14733601.463948073
-2292962.8359096493,14726513.716161562
-2288772.458743498,14725903.004240971
-2277349.8400610965,14727893.760905065
-2272697.2624400523,14730552.175922992
-2264592.513932173,14732264.936696744
-2261873.8035083422,14732031.318818089
-2258291.022900009,14730938.964856142
-2253888.3935041567,14731426.601451855
-2250769.905617695,14731832.998500073
-2248948.3879410094,14732160.810019694
-2248495.314671521,14732405.77575458
-2242782.9625013927,14732265.542981172
-2241711.7481100974,14728085.64185863
-2257165.811051864,14721713.618423348
-2272511.1216641627,14715275.741011355
-2277823.315931611,14714137.679874176
-2285894.9427964017,14712826.09838777
-2288057.4570618887,14712367.465104142
-2300468.631221127,14707814.254091693
-2296847.944324686,14707539.815842992
-2288266.00790833,14710976.750383796
-2284239.3220437327,14711487.58032336
-2281726.5283028283,14712090.442072606
-2280432.5279641524,14712989.55487325
-2275683.05955563,14712809.915513467
-2274358.7372698192,14710799.108354531
-2268246.1390470867,14712057.044272292
-2255961.780719594,14717383.167429637
-2250153.26074093,14718492.426378034
-2251484.3487729277,14716872.911312971
-2248394.7698614467,14716707.792136325
-2246745.5421939897,14717058.423020104
-2246033.9335504756,14717324.378751138
-2245819.490580441,14717753.249498798
-2239516.5438684393,14717995.806940045
-2236248.0518523897,14717668.68806777
-2239150.574594043,14711007.23927396
-2241871.1672069053,14704361.829129513
-2244410.3272526436,14697733.010557892
-2233451.967001133,14695386.68576047
-2222446.567438319,14693071.860175094
-2223421.4592817887,14692652.636588685
-2227870.8135015606,14691582.4170062
-2231312.3389555737,14690945.637306854
-2235131.258061803,14690346.092287855
-2238990.4790411526,14689792.256724566
-2242379.4883235614,14689267.983701913
-2244888.08228662,14688748.004271112
-2245849.470248961,14688355.684751013
-2245411.3716885755,14688109.714338403
-2243608.1907613766,14688034.36641927
-2240386.5840100492,14688166.598402709
-2236256.74703451,14688480.653939677
-2232665.5327239647,14688811.023864416
-2229550.747950613,14689045.694405703
-2226719.9678637534,14689087.717616599
-2225297.831194048,14688908.77988856
-2224973.491495311,14688520.110326272
-2226402.694728884,14687964.145969417
-2230271.492120238,14687276.87843999
-2234418.319920376,14686770.95077056
-2238794.431911245,14686289.363654448
-2242293.327185117,14685845.890365211
-2245377.1006896477,14684976.679650735
-2252040.871938999,14683705.978790319
-2268383.3156403825,14678557.62740196
-2271704.8270456623,14678124.516535006
-2275063.372606613,14677707.721624546
-2276607.9472063193,14677381.171451777
-2276982.1863505463,14676131.67377238
-2274425.546021405,14675820.58202139
-2267584.4366184636,14676045.054393234
-2263560.3836864787,14677060.317496834
-2252446.8148325807,14681092.82249131
-2247787.3595025805,14682132.455502508
-2239488.5314841066,14683477.195441013
-2238455.6589659923,14683523.099540567
-2237320.8508605883,14683535.911244767
-2231801.7305345666,14683356.857736347
-2229090.4312798553,14678839.538250614
-2226279.454085579,14674349.844682591
-2223369.5716186357,14669887.835196614
-2220361.555871883,14665453.56462509
-2225941.3123151725,14663771.830754196
-2228409.443414237,14660975.558860527
-2231041.3609569254,14660669.655319082
-2230938.1411437253,14660976.311986221
-2233469.2309422214,14661313.5022189
-2235828.0256873746,14661318.245359581
-2236075.636730208,14661205.222673768
-2238096.728266829,14660795.264470287
-2239116.9253110355,14660751.457612347
-2243077.8457891773,14660473.584485315
-2237158.3714247677,14657669.28711682
-2231190.7000050936,14654888.240683906
-2238113.8941889238,14652591.716390587
-2240190.299351556,14646820.821381116
-2242130.1723949257,14641060.357912725
-2235684.2640225627,14640461.796346448
-2244253.4191887006,14633569.59969096
-2252658.2762862416,14626650.949960746
-2260897.6256802143,14619706.728836555
-2262157.788421057,14619475.411146572
-2261905.73864963,14619353.286617016
-2262168.267519234,14619160.326810071
-2262959.4688013755,14618899.133772567
-2264336.427020195,14618563.284730984
-2266127.6056703017,14618636.277245624
-2269334.394913017,14618500.19278869
-2277157.792757363,14616822.48674289
-2280724.194921094,14615492.168253547
-2280414.6242028754,14614672.28969023
-2276584.206791579,14614530.972793698
-2270978.6961832424,14615555.41035038
-2269405.1411768747,14615861.04529854
-2265204.0284273773,14611020.629697226
-2267683.921414513,14609726.693350239
-2276611.6790132625,14607939.927631455
-2281575.7516290946,14609291.32594821
-2277634.6992709534,14611116.220007893
-2277545.3512979643,14611797.80377456
-2281403.6329526347,14612535.248701332
-2285721.8484454,14611413.294108003
-2300786.5830613524,14605131.555324435
-2295658.9387279237,14600542.146911088
-2295432.466486278,14601521.55112502
-2288808.1521120197,14604388.451409582
-2288582.777519848,14605358.061661273
-2282950.0447208197,14605381.392047705
-2292903.281254186,14598082.083427897
-2302682.592375055,14590746.920695776
-2312286.3947617696,14583376.940101182
-2321713.138333698,14575973.17881326
-2330961.306319678,14568536.674530305
-2340029.4153123386,14561068.46509369
-2346243.432813739,14560447.436017806
-2349939.8126557525,14560376.876849486
-2353782.4985272214,14561293.712623063
-2360472.8377636652,14561235.001722787
-2362967.835020872,14561548.093273854
-2369317.117182157,14561206.653820885
-2371927.345966016,14561526.645222584
-2375343.990762597,14567212.881156579
-2378613.3368640104,14572935.359908735
-2381734.288557887,14578693.93888566
-2384705.7510551494,14584488.468508039
-2387526.6306386474,14590318.79209029
-2390195.834815381,14596184.745719645
-2392712.272472465,14602086.158134751
-2395074.8540368387,14608022.850603782
-2397282.491638751,14613994.636802165
-2399334.099279148,14620001.322689887
-2410219.2360307574,14620593.31249473
-2414881.3764007823,14625704.811782334
-2419417.7771879006,14630856.861596914
-2423827.2077223323,14636049.450994777
-2417948.0566932,14637861.43186252
-2415640.362076129,14639650.65527082
-2407357.452816911,14642089.325877931
-2396511.4877886306,14650218.318695204
-2385461.3339285003,14658309.613621835
-2390094.3654987924,14658323.440938432
-2392735.4927606685,14656091.136438075
-2401386.7970445002,14653611.911610551
-2395559.905469572,14652931.236681571
-2408484.61805151,14647023.285092432
-2421320.3074638294,14641070.14037202
-2424122.294484745,14640489.289924204
-2429008.466226598,14639729.979612308
-2431143.2179211946,14639587.705552641
-2435558.1948735053,14645380.00331359
-2442286.719259074,14645859.3200648
-2445890.2314210804,14651197.081564633
-2449363.0653028362,14656573.259364175
-2452704.055348406,14661987.798486046
-2455912.0339742713,14667440.638387034
-2458985.8316593147,14672931.712842798
-2461924.277037779,14678460.949831413
-2466322.9703037245,14678662.187952703
-2471300.667089443,14676965.530254288
-2469528.5800175644,14674805.96980007
-2472907.0952599375,14673354.640884662
-2475637.6325245122,14673349.442247843
-2481107.9617513283,14674104.65893116
-2484519.199275028,14673792.036090344
-2488543.144504222,14673389.69703859
-2491622.810473785,14673245.124703139
-2494484.671246721,14672597.912929693
-2496706.7294301074,14671946.253339233
-2498905.392699116,14671680.549801245
-2503610.4972704477,14672301.40520678
-2509280.420525057,14672281.939709868
-2516650.117563779,14671681.10588806
-2522452.2273356235,14670620.17059447
-2524274.4201497883,14669595.297121584
-2523532.8733022036,14668293.401354682
-2518713.691534913,14669209.555588024
-2514962.8484667884,14669997.319537673
-2511162.8641980044,14670536.01471381
-2506224.6883301293,14670703.743327633
-2501474.4705337207,14669850.078998346
-2497327.500380636,14669931.172996016
-2492415.951532737,14671055.10662871
-2489848.75304474,14671523.82798664
-2486569.52852096,14671591.577163797
-2470188.1030190336,14668802.119863728
-2469461.32011108,14662392.506369393
-2468567.1444399934,14656017.064308781
-2481015.0541345975,14651895.0363394
-2487024.1915206183,14650736.575318605
-2496961.526828843,14649292.371015279
-2503645.8962583574,14648658.17561358
-2512053.150661209,14649178.574503431
-2513434.7425041636,14648286.670834474
-2505800.6196277565,14646986.823232858
-2499766.1383062555,14647284.753004039
-2493102.308221231,14648270.372499177
-2479527.8937096684,14650511.639370702
-2473971.042540383,14651294.833326826
-2467868.1169799976,14651709.331290785
-2460860.466669448,14651110.392876651
-2454737.361139951,14645297.688454298
-2449557.234751217,14644877.813461373
-2449353.938803224,14638848.429424886
-2449004.272456348,14632845.051031375
-2446828.2082768073,14632977.633737627
-2447975.7952705026,14628190.650115842
-2451772.039730031,14626689.81754812
-2453786.6313589076,14626173.454144936
-2456951.4893769436,14625490.254386606
-2460700.8943537488,14624870.85628231
-2464555.039086104,14624542.47824912
-2465681.889383478,14624339.75523577
-2466621.88643531,14624162.837766884
-2468201.72192852,14623836.828418637
-2470207.6148081147,14623259.569900349
-2470469.0290660746,14622850.175514601
-2468370.1130399373,14622440.098793503
-2466533.0002719546,14622440.17674961
-2464501.16895012,14622654.099240903
-2461672.678604712,14623032.957099296
-2457588.8568603876,14623511.166462012
-2449113.900754444,14624198.3278232
-2446050.8799707247,14624047.868042702
-2444729.9805019093,14623614.88489102
-2439498.9519841694,14623368.711094182
-2431040.6017445126,14619339.101670763
-2422488.8550578794,14615355.097654322
-2413844.9981233687,14611416.541325323
-2403762.113347192,14610730.831979927
-2407643.665693363,14603955.77175952
-2411359.1542397076,14597184.528259292
-2414908.4772107564,14590417.692408288
-2418291.54891055,14583655.848918341
-2426614.913512774,14582241.012523673
-2430420.15784264,14580973.460054088
-2431053.743183664,14580060.324144654
-2429880.6848938614,14579702.455175806
-2419037.2503622635,14579280.324758027
-2420027.0211541597,14572910.865570968
-2425755.535074371,14570478.040728442
-2423996.1182394936,14565549.184043797
-2422133.3474486773,14560642.03365366
-2415963.297881046,14560696.38803652
-2405379.4092608127,14556429.447285691
-2394685.388864071,14552220.887726564
-2383883.1002216605,14548070.450412102
-2387444.575793056,14544838.955957044
-2401859.252370208,14539843.542090127
-2405353.922668763,14540664.285955144
-2409359.320980113,14540320.805122543
-2414254.402746931,14539590.132072797
-2417299.6545403083,14538966.296328684
-2426036.332805123,14536543.887610897
-2430781.239680297,14534033.96143244
-2431965.710460568,14533610.358040238
-2434614.4766268684,14532998.956974475
-2436709.727997112,14532578.179580906
-2439074.551161019,14532120.529088821
-2441074.138278769,14531784.915854985
-2441918.694725169,14531755.937127843
-2443070.9921293673,14531896.112923533
-2456249.4443058106,14531048.38652808
-2472094.5162302474,14531012.033569025
-2475117.553041029,14530772.514215806
-2478964.839301204,14530302.331498727
-2482820.9629509137,14529627.418232905
-2485756.751820603,14528791.908450367
-2492641.981549047,14528135.880844649
-2515622.599159647,14530244.244430097
-2518931.9116797997,14534156.284271045
-2522057.461000649,14533163.037366547
-2523775.9803929194,14531351.559943879
-2520954.6066938485,14530704.263074415
-2522917.651211139,14528879.820492892
-2516709.047849543,14529033.49010593
-2502484.1594437677,14526665.90240533
-2488206.220009621,14524344.00463762
-2473876.4145466313,14522067.536586633
-2477928.11935999,14518155.427097233
-2471033.801094292,14516743.134016199
-2468731.015012165,14516850.73147583
-2466179.4700896256,14516725.869537083
-2466197.495154971,14515827.284257328
-2468800.0414336487,14514498.557012517
-2473895.5122930817,14513104.878929477
-2474818.1100033927,14513586.669436146
-2481082.495609524,14513740.3438297
-2481717.921926484,14514262.144980868
-2489931.317714927,14512408.766697198
-2498557.656799982,14509527.818173368
-2506701.214980616,14507566.517367495
-2513212.5280856355,14506794.505701594
-2516117.2099551447,14507345.961016234
-2519276.449037684,14507261.28218129
-2514432.5642696815,14504943.466117209
-2511419.0129254237,14505030.940086162
-2506070.161299646,14505640.217664074
-2500781.0459632953,14506787.105613295
-2496402.1948313364,14507275.154417295
-2491877.8716803375,14507234.32826369
-2485829.6844608113,14504433.471194586
-2489903.4244311913,14501185.305693688
-2493840.8611016176,14499962.349611597
-2501530.884244548,14498490.502934532
-2505012.4904816933,14496764.10981502
-2502009.6217505527,14494958.525675712
-2512656.4475332,14491973.011788787
-2515137.0821143487,14491080.105223482
-2510214.947630809,14490729.44950752
-2510708.8952815486,14489778.953035755
-2508901.4814248485,14489750.183855299
-2504861.0056422837,14490280.541349635
-2498868.014921025,14491472.432439867
-2500818.6611557184,14489903.747689342
-2511080.9645167883,14485544.09465997
-2515525.4896489666,14481643.182280503
-2521865.500211406,14479388.491487447
-2525711.7036739565,14477573.64935508
-2526237.0077586714,14475455.109063335
-2528795.0374227427,14474466.54682833
-2528944.1603389173,14473525.523937851
-2530394.5909853964,14472797.540203126
-2535840.546341514,14471662.93760647
-2537665.973717392,14468938.982442193
-2547470.5806092294,14464800.547878738
-2551459.4287904655,14461947.413293093
-2554038.987549807,14461171.527585229
-2558347.878297039,14460208.918563364
-2560793.0550968894,14459809.573715368
-2565902.2444250085,14459208.554627841
-2569209.283215016,14458708.259570397
-2575926.359084188,14457792.257956715
-2579015.0083989846,14457837.528705187
-2580823.1684623268,14458781.087328026
-2602622.0807917006,14458718.526151907
-2612440.193415344,14461204.17001195
-2625043.8042788305,14461069.399980886
-2627832.4964207886,14460075.31118726
-2631626.5358377458,14458364.128988376
-2636188.4924294865,14457085.057757802
-2640859.683725275,14456544.003906678
-2655552.367574266,14456694.877482949
-2663689.073240669,14462121.772867415
-2671684.2754865284,14467603.227453666
-2679536.2968550464,14473139.378068281
-2684678.33832292,14472844.1818048
-2691160.656052715,14479158.680027524
-2697468.2289044447,14485529.097274678
-2703599.270510916,14491955.45166516
-2709551.989084485,14498437.752659654
-2715324.587560029,14504976.000823025
-2720915.263744373,14511570.187583346
-2726322.210472318,14518220.294987714
-2731543.615769491,14524926.295454783
-2736577.6630221433,14531688.151524045
-2741422.53115402,14538505.81560189
-2746076.3948105504,14545379.229704484
-2750537.4245504923,14552308.325197503
-2749007.735220312,14552900.88988193
-2742302.4175864886,14554606.703147838
-2740770.7258719695,14555197.653761573
-2739630.481703922,14559937.120666053
-2731075.563551462,14564031.544482239
-2728666.890352302,14569679.545986056
-2726154.98112621,14575334.900996057
-2723539.766648039,14580997.357387606
-2721767.3354688734,14583828.246237637
-2725915.926357856,14583827.915315775
-2730782.707546112,14576168.61051349
-2735468.030506305,14568514.08405375
-2739971.7805209067,14560865.01346635
-2744671.1366033824,14558794.236697482
-2746178.7443328006,14556742.609844455
-2750013.504380063,14555211.274277382
-2752348.4544684975,14554547.622148778
-2757562.4852290014,14553226.315582698
-2759953.1195760453,14552554.58373081
-2764941.192749137,14550621.789153693
-2769516.4695670353,14550416.380622521
-2778900.9238809403,14554637.216679215
-2788188.50914938,14558907.239305995
-2797377.8902606075,14563226.662783472
-2800331.909121694,14563299.3968742
-2800538.346539588,14563659.017096357
-2801293.4372524726,14563723.765452936
-2802766.1854999545,14563611.37476642
-2806930.0321952635,14563164.695050254
-2808259.778905229,14563064.948457867
-2810919.361836492,14563450.240533423
-2811930.872844159,14567629.857158327
-2812878.4940317585,14571823.817720264
-2817719.347553984,14571483.40830684
-2820702.8584943945,14571544.218916977
-2820605.2887974503,14572725.783535276
-2826161.06145999,14572987.957221331
-2823279.241857756,14574886.332468934
-2839527.225810186,14579967.473012282
-2850171.388166213,14580071.82602236
-2854098.809485766,14581035.676487604
-2855507.2555429977,14580967.602173405
-2858386.6652061827,14580631.754749889
-2863685.548712609,14579887.157340225
-2870585.920443589,14578841.042325996
-2877407.8841390945,14577724.432118002
-2882500.1188500565,14576767.360894734
-2886048.7326520626,14575797.541371763
-2885830.394877205,14574940.32286713
-2888239.105277451,14574162.967211034
-2892394.6870017974,14573340.515456712
-2897399.98684505,14572524.457180778
-2907006.558824529,14571131.74940699
-2912329.7876677155,14569390.301396107
-2913555.1016405574,14568268.946965443
-2909981.2203549184,14567107.69420986
-2911394.9264350035,14561008.348620662
-2902835.7734536137,14562442.806862243
-2896498.3179235095,14563321.963621644
-2892034.172980823,14563777.394858027
-2872226.21378221,14564313.690260319
-2857602.0169758946,14562710.20404618
-2852429.3329397,14556539.739485826
-2847101.941079707,14550420.954541313
-2841051.9276479143,14549813.31976553
-2841372.9839359196,14548036.108415546
-2833794.2926873122,14547689.04542395
-2827761.102113782,14542798.217684383
-2823733.0265556183,14542740.829353139
-2817502.5220856187,14539466.698663393
-2817948.9160093004,14539205.782399802
-2820698.596649624,14538415.135177054
-2821203.8048667223,14538182.733449966
-2819088.221993875,14535714.820192132
-2830656.580454072,14533600.59809366
-2835237.931739092,14532679.38812323
-2837642.591629814,14532000.521322096
-2832772.6349339862,14529561.56994605
-2829696.2820309573,14529758.340876438
-2827349.4507760643,14530036.984548898
-2824592.785152907,14530425.602076408
-2821297.8329229574,14530943.47003708
-2817449.863157494,14531587.579974968
-2812693.3767861635,14532427.950322224
-2811423.686279615,14532624.490958102
-2810091.602529725,14532764.480328538
-2809397.2555023804,14532753.417317808
-2809228.8109759316,14532290.20684317
-2798547.714834766,14531010.40930706
-2798126.382798363,14527082.725799603
-2793071.398597967,14526186.248068826
-2794767.509879329,14524049.769251427
-2786320.058058719,14523109.36219515
-2786031.388422528,14522215.774303356
-2789126.536962865,14520239.622744462
-2787046.6573150926,14519809.015208973
-2787693.781118676,14515644.44519783
-2776594.441450565,14515860.255724594
-2774262.750460802,14515403.367705727
-2776805.195042111,14507870.913994469
-2779165.742752021,14500353.066223893
-2781344.57685685,14492850.383098854
-2783341.8951870236,14485363.414810399
-2785157.909912524,14477892.703020886
-2786792.8473186316,14470438.78085225
-2788246.9475820605,14463002.172877574
-2794347.2981096185,14461970.815124031
-2803889.2890243595,14460729.968046634
-2810067.6035313336,14459702.360803204
-2815019.9735400993,14457987.940332975
-2825335.9218837414,14455318.194413457
-2838230.1812039725,14452447.899484584
-2850853.6135186446,14450156.539611984
-2854166.5781400143,14449696.235365212
-2856536.26252951,14449447.764336178
-2859354.1550570037,14449404.00988331
-2875560.686481527,14452536.235012388
-2891685.8929525567,14455731.958394848
-2907727.9140987783,14458991.642986575
-2923684.8759974344,14462315.755480789
-2939080.7624183046,14461547.388361702
-2944271.0495407544,14462878.696246078
-2951428.9854096975,14463000.496130373
-2954865.3562921276,14462602.903128937
-2954444.0263653207,14462294.01190637
-2959372.670071912,14457782.967816768
-2960564.847534399,14457261.051788166
-2963481.6721072174,14456480.697013965
-2967771.5493428577,14455618.509059336
-2974783.4685182045,14454609.276249323
-2979244.6348750745,14453772.871889446
-2981281.027484226,14452979.01685005
-2987129.7436355357,14451055.72439092
-2988822.524739853,14450316.46411845
-2989162.8262891746,14449636.336271374
-2964415.159169742,14448422.08529935
-2939617.8749182257,14447271.739862833
-2940489.1407957943,14444766.846974548
-2922571.1839225814,14440696.955967162
-2904533.886056992,14436714.138751477
-2905173.0846389043,14436019.88860041
-2907550.0385503136,14434990.144990677
-2908550.370485481,14434262.14945006
-2905089.6628034394,14434470.042526813
-2897850.0754213943,14435347.591203919
-2893205.4170731753,14435610.810578104
-2879545.3199909455,14434082.94506029
-2865855.5957564656,14432585.605298575
-2874659.7289383933,14425846.20941391
-2872775.988770421,14425079.273939399
-2869392.650040003,14425323.302817112
-2864935.6466335687,14426023.057948766
-2852544.292260688,14428273.326476013
-2847096.54375744,14429199.365710925
-2844943.405402452,14429994.802819766
-2840425.3625658886,14430895.521135267
-2832436.954463445,14432908.532032037
-2827023.5037644673,14433978.320237374
-2825990.308737773,14434390.445569517
-2823219.61948391,14435197.783788158
-2819854.2162137246,14436066.044515597
-2816899.049895238,14436691.43576214
-2814681.2432034872,14436954.129303744
-2809855.006622314,14437064.032000497
-2803889.084297522,14438005.309470385
-2798657.575912779,14439244.549748179
-2788483.377205715,14442081.945850119
-2779457.6235409114,14442788.461731888
-2776769.4941180977,14443289.995267523
-2774248.8543006363,14443829.511328667
-2772249.7707265345,14444209.713780897
-2768279.1566423676,14444573.533209648
-2767051.166771009,14444247.301132593
-2767453.7705507334,14443007.289845001
-2769498.254218357,14442698.544361183
-2772378.36861671,14442397.824705843
-2774309.986660987,14442142.317335486
-2773622.4597431007,14441708.680612102
-2771711.593555667,14441595.337845454
-2760237.0472235773,14442491.503928337
-2754124.498860625,14437605.693860885
-2747906.590394635,14432757.18098977
-2741584.251641322,14427945.907927915
-2735158.4092486296,14423171.814578213
-2737016.0084265773,14421793.831452493
-2740927.217760217,14420331.001864433
-2768561.353892184,14411366.82639585
-2775131.11194068,14409387.595989257
-2783184.3289370774,14407196.372153772
-2789874.3194702403,14405461.366360337
-2793749.581239137,14404535.116645182
-2797325.3635822665,14403815.44105653
-2807396.9812585083,14401885.439767616
-2808618.121889325,14401669.042725295
-2813682.2935119136,14400466.946495641
-2816077.371971202,14399788.24884298
-2817745.6894130735,14399217.84474355
-2820680.6055940767,14398321.310311459
-2823077.4123602584,14397673.267152207
-2829098.0909566786,14396116.447352316
-2837034.2106050923,14393989.677589715
-2838730.191053685,14393575.55350016
-2840484.080943137,14393234.3147186
-2846094.3544066204,14391983.228820698
-2850478.6304735765,14391101.03824454
-2853252.9209353533,14391046.898327522
-2857488.285514968,14390200.012932487
-2863756.537417915,14388796.003080945
-2871217.7016236787,14387228.34428517
-2877722.1652482487,14386012.411689803
-2880985.8641993008,14385701.918398017
-2883386.868213529,14385030.371419104
-2888222.1520327046,14384167.990308987
-2904817.7207576525,14380793.122721871
-2916661.3541673124,14378628.686001742
-2924128.5793566555,14377158.09350859
-2961220.612759538,14372954.504309004
-2998332.4953931207,14368744.97948439
-3011332.6900319518,14369847.427376175
-3014621.883997484,14369487.41095969
-3015079.272764885,14369528.50765113
-3019030.1187436525,14368631.379383845
-3031254.433670751,14365686.500310577
-3031491.4965986875,14365859.402532611
-3035367.8920173096,14365628.651500043
-3036972.603559223,14365777.47274371
-3037508.8113192767,14366711.728494147
-3038429.3499009362,14366721.232895263
-3040916.8239746415,14366311.615364699
-3044329.2368004746,14365583.431057548
-3048450.9706219854,14364623.212188588
-3052582.476942564,14363596.361071063
-3056010.818593852,14362672.524179427
-3066246.190074203,14363217.846805362
-3068644.1387773002,14364711.46074021
-3069761.9084526855,14364629.708022539
-3073065.887437987,14363950.806817932
-3077559.5561159346,14362893.77046011
-3080345.0636729086,14362201.180608392
-3082247.234644121,14361793.734858634
-3084141.9947248423,14361571.622501114
-3088085.6430188804,14361753.54405466
-3139867.097666477,14356954.687892104
-3141518.582000832,14357003.737804124
-3141575.59909508,14357820.995514687
-3149926.1754836477,14357368.062782811
-3152338.248878104,14356919.152030058
-3156334.013664892,14355826.011052249
-3158763.5771420975,14354994.40329041
-3162049.8622611556,14353611.842700971
-3165384.8141704574,14352589.30690686
-3170240.764975366,14351365.866613282
-3174203.0475071147,14350562.706394318
-3181904.4477432976,14349411.981536318
-3185105.857977027,14349309.872345835
-3191952.532056833,14348594.322930451
-3200779.4697149154,14348975.009059729
-3203514.201215124,14348125.91022405
-3205165.8856442445,14347220.594123378
-3207404.0241482994,14346490.435204368
-3212409.886101838,14345242.963482197
-3215291.510753717,14344794.37824763
-3224446.3659409643,14344993.887051096
-3225311.0546293543,14346101.976235246
-3227329.360048989,14346264.82575501
-3242425.778935136,14344972.844375923
-3248636.852490908,14344037.896117685
-3254832.925295355,14342704.19947092
-3259479.572656474,14341305.490736904
-3260316.110198204,14340697.715784883
-3236020.769077706,14341062.670810837
-3211710.2401608666,14341463.72907048
-3209244.5374537907,14340264.986406658
-3205017.952698038,14340301.251899198
-3197062.040575355,14342000.471113846
-3193857.022822743,14343486.12701994
-3193553.987332988,14343788.066556357
-3186401.7992901728,14345188.821732618
-3182107.1199234864,14345492.562262746
-3174430.101487515,14345123.57075201
-3171052.0358074554,14345599.401907811
-3165775.8002807046,14346867.475275557
-3162124.3238028036,14348008.162920253
-3155480.109745126,14350735.03809512
-3152742.62516269,14351271.102159599
-3133644.6386191286,14351958.167213548
-3119090.223774176,14347568.725053139
-3117546.1038881727,14347676.797424367
-3114807.607612502,14348121.894349646
-3111156.0281080506,14348823.00586786
-3100570.7454202897,14350995.810758688
-3099204.0332627967,14351221.56718556
-3097497.8781048297,14351154.14528798
-3101239.702818666,14348076.562205648
-3100448.062755253,14347229.562438384
-3096398.1830550106,14347010.377995582
-3094628.8202452557,14347242.528056722
-3091690.3448520573,14347823.463398455
-3085031.6752931904,14349354.013128633
-3081805.3150389753,14350028.176421788
-3077274.324847364,14350686.975427609
-3072596.6153905755,14350145.64882743
-3042903.0753512695,14351525.132264523
-3033156.990592613,14352661.019355627
-3031051.875573124,14352750.42884696
-3015349.44938598,14349407.628608624
-2999904.4566403185,14351666.770560192
-2995383.7805319605,14350957.13534422
-2990485.6224570232,14351649.150349258
-2986810.0373286656,14352433.727274239
-2978070.5219311956,14354530.564749189
-2974301.9158065096,14355364.129345123
-2971624.436827957,14355792.023345679
-2937086.1901704357,14357102.38889485
-2902543.0293311267,14358472.278175877
-2898167.37580022,14359248.477947218
-2889734.374034081,14365026.259374507
-2885984.0595076093,14365699.440118188
-2883592.946324533,14365860.478908027
-2876494.9487524084,14365369.173179943
-2868981.5852867197,14368349.826455014
-2864360.810196326,14369246.398497626
-2861036.3547673854,14369584.709833981
-2850518.224714351,14368861.91831297
-2851767.4567943593,14367492.671765624
-2862298.277190194,14364913.934179172
-2865675.460437795,14364066.356468113
-2869437.6493079187,14363066.541672608
-2870990.517747421,14362570.419367986
-2871230.7981099323,14362344.903189624
-2867341.202819733,14359309.175574249
-2871155.736273126,14357171.369453836
-2871334.417895371,14356728.197753012
-2874047.894271458,14356022.240545016
-2874236.001134239,14355481.643258262
-2868578.1905967016,14355069.97819597
-2867513.4505523937,14354178.081445564
-2869073.7706551217,14352776.157284137
-2871039.8801947557,14351808.887428481
-2871461.763331345,14351471.14316318
-2876164.9702946553,14350669.096346242
-2892518.7947184723,14350652.2866133
-2897254.641026701,14350025.64300986
-2900012.525350501,14349513.936427234
-2902773.2419879753,14348894.53967525
-2905985.2580299433,14348129.479188519
-2909948.473470157,14347216.67409523
-2911804.944267291,14346818.002966592
-2915457.080471056,14346068.288536916
-2917597.7535565854,14345600.618511416
-2923692.6089605098,14344204.938941754
-2925752.4186706753,14343756.560422828
-2935149.3240839057,14342047.508769179
-2944481.495850798,14341310.045152716
-2953319.3000697033,14339721.312881371
-2954213.0774738784,14338726.781246418
-2928888.362799646,14338220.947240222
-2903536.558490438,14337775.486937791
-2900980.8842727286,14336115.377334677
-2902144.6840730645,14334941.545468483
-2907910.2860367945,14332515.699198678
-2909316.254267592,14331291.545448836
-2905204.5294047594,14329663.64821213
-2914057.256706816,14323275.120768793
-2915919.2520249262,14322468.076353835
-2923735.762228796,14319639.866119482
-2926749.7751079258,14317814.364337418
-2926644.612750803,14317449.243509794
-2924294.9908348084,14317833.722639
-2919688.516153148,14319069.92198915
-2906440.50877905,14323240.142666461
-2906094.361897709,14323171.124364626
-2915373.8237236454,14316698.608851464
-2917463.8439531666,14315865.97026507
-2926460.9906602064,14312720.38603717
-2927765.410627825,14312131.399488041
-2927663.665842059,14311451.697497286
-2925915.876762589,14311206.242559198
-2919585.4847992575,14311642.679757247
-2915083.203883374,14308509.228771005
-2911323.281778146,14309579.283777017
-2908502.450597547,14310550.440417754
-2904623.950754279,14312068.576326435
-2902522.606396026,14312800.099743318
-2900170.0477381563,14313560.743827375
-2897388.9448567536,14314408.73628886
-2893996.8587180036,14315396.30895283
-2892633.170395921,14315281.191105308
-2890526.2278833017,14312793.293975249
-2887512.182791854,14313123.593159815
-2882468.522006094,14313925.140349472
-2878778.9540983266,14314319.300272098
-2875311.034758682,14313680.410059785
-2870952.675218284,14314445.553916728
-2866680.6286500436,14315979.369000405
-2865909.0030394574,14316830.033965996
-2867715.3364941636,14318318.148716958
-2865489.0318073556,14319730.563716682
-2865489.243922326,14319920.15646596
-2864608.054630672,14320121.986052906
-2859292.6076995656,14321242.26495626
-2857877.530331487,14321463.969377955
-2855967.134705818,14321637.172535107
-2854773.6179986154,14321530.862400103
-2855253.4802896827,14320654.94165501
-2854561.2711593816,14320548.21569878
-2852854.5927814725,14320732.855341077
-2844591.57716042,14322099.57233231
-2842756.017092283,14322322.24051279
-2839304.0975968344,14321373.599626265
-2842289.80198196,14318009.3713019
-2838270.973599993,14317312.849611519
-2836353.0033675227,14317573.897851057
-2833110.839971061,14318269.000676963
-2830243.6480956855,14319221.142398259
-2819642.563411915,14323316.38776029
-2817502.389649139,14323506.575371588
-2812206.1221254156,14324597.844054915
-2805185.0588429575,14326238.978133637
-2797913.166874619,14328073.478904678
-2791767.174546595,14324106.735569416
-2786145.353914075,14325444.996266909
-2782736.681062017,14326218.453584757
-2781357.743961161,14326386.738950802
-2783739.742167167,14322633.775236674
-2779631.462293676,14322101.02381871
-2776785.883721946,14322523.572080387
-2773234.933922149,14323512.893332066
-2769330.7792003774,14324472.381745197
-2765883.901101304,14325235.267031744
-2763682.383566566,14325646.614914507
-2762747.948799022,14325659.187428849
-2758536.5705184913,14322568.168708064
-2754283.054410885,14319491.01529235
-2755874.9687376614,14318160.43377373
-2756922.4124755445,14317967.676967142
-2757576.2338428223,14317878.669897523
-2758382.1443386883,14317846.090979654
-2760967.8902579388,14316320.772032015
-2755699.428951062,14310528.08298204
-2750295.609490555,14304769.595750537
-2744757.2128841025,14299045.383034876
-2754111.9821105283,14289147.003719974
-2763212.24369804,14279220.1821666
-2758806.256868254,14278091.405564824
-2759716.8500842047,14275840.001378903
-2764992.470771681,14272478.305260245
-2762097.274659045,14271154.110961368
-2767255.852224865,14264985.443854334
-2772314.4673097758,14258807.915864611
-2782011.680977432,14253214.927911723
-2794952.0191943874,14247244.908768747
-2797161.6561353365,14246418.537321249
-2805002.8621314447,14243634.720584055
-2807108.642719269,14242780.471929718
-2808368.386645594,14242164.537229912
-2808533.989627541,14237680.092575274
-2812126.245630026,14235615.54177128
-2817131.6705774358,14234463.236203345
-2843602.843823714,14230916.800261905
-2856714.177425112,14231760.693357835
-2869812.137620344,14232627.251105683
-2872235.6740125204,14232276.276325356
-2874526.536522653,14231788.333051084
-2880005.5781201725,14230498.89171177
-2882331.2696084385,14229996.144257825
-2884737.2013242743,14229615.306521691
-2887407.9326777793,14229535.99577286
-2902580.5949769765,14227710.454305988
-2905753.2593812435,14227846.673513029
-2909789.377022543,14227383.917261915
-2915477.4528285656,14225572.199198538
-2918963.4491089573,14224553.610367408
-2921029.4376095003,14224117.860533621
-2941419.8530581887,14223572.153511412
-2961811.246447269,14223055.735745713
-2962168.406815842,14223227.062121533
-2961196.0964673525,14224097.538818812
-2961441.7093782662,14224321.071095098
-2971865.0529349656,14222775.501699295
-2974862.8299813336,14222205.317922236
-2978753.4340640507,14221338.948393967
-2983973.248094897,14220019.32675924
-2985516.5044177184,14219675.791225296
-2986508.81047975,14219611.363556271
-2997826.611911174,14222398.146140631
-2997940.333977057,14229736.164595043
-3014673.1520876596,14233632.775457967
-3020617.6802473897,14230733.325215472
-3033265.78765125,14221559.708871668
-3040995.062991736,14217890.421508543
-3055435.4049408883,14214017.986968594
-3063005.1123725562,14212567.80338914
-3075623.316293392,14210556.386898607
-3092802.3054794287,14211632.84301615
-3092656.0434816983,14213662.697348315
-3103256.4204760655,14216202.4355642
-3113814.4762431365,14218770.89813044
-3115151.94149182,14218703.131682143
-3119943.1469358625,14217682.962948805
-3132454.763854697,14214638.99224561
-3136394.2564607654,14213932.443040008
-3144594.135208966,14219536.054125048
-3152666.0787783163,14225184.831834096
-3148014.8760662484,14228599.280078279
-3152230.552549803,14234140.644607363
-3156339.050841472,14239708.846329045
-3155054.6694436497,14240533.780362971
-3142977.787433343,14245660.416488037
-3140293.773195716,14247036.863667795
-3139716.3120250204,14247896.796992052
-3144650.913425234,14250734.81505263
-3156391.7010096596,14247011.542925399
-3164587.2667607903,14244550.096846009
-3168970.0254716724,14243654.499393148
-3168938.507157577,14246694.54266243
-3178186.8842538698,14248271.767449442
-3198081.5348851173,14246935.616212308
-3207580.364866891,14249171.07749475
-3206218.4951206124,14254800.6364512
-3191816.7969406997,14265759.649100142
-3193695.574147242,14269307.671066085
-3190080.4105561688,14271646.111382201
-3187409.3310117456,14276875.058855569
-3208192.782116717,14278276.44341895
-3228934.3828640063,14279732.656329809
-3233037.454273816,14284227.402860064
-3237068.112834319,14288743.94923466
-3239081.195741981,14288875.845347699
-3242691.5569902468,14287504.478690803
-3244203.014002982,14286607.87645037
-3240114.298403573,14280181.418413254
-3241054.389820534,14279403.060307398
-3243953.239983951,14278226.500476725
-3248460.2799722482,14276830.0303591
-3254019.4431581376,14275266.038098432
-3265195.3012140202,14272191.2001096
-3262397.3873821595,14271901.261389725
-3251844.9420318855,14273389.211963108
-3224737.7918340787,14273848.034472596
-3197616.822008239,14274355.483240068
-3206767.529909426,14262871.081005037
-3210426.883739157,14260694.587305238
-3209869.064706627,14258566.885628164
-3217714.214288333,14253137.653917339
-3219808.7828709567,14247123.13309742
-3221809.9368460905,14241113.656847203
-3225353.078739954,14238860.234698474
-3216801.0823271703,14234085.621576626
-3208151.781211712,14229351.683880107
-3179305.8022870836,14229781.948590592
-3179408.841028876,14229059.01316809
-3181518.7301626164,14227714.757206623
-3194188.7774481433,14221523.174569532
-3206001.277721843,14213114.830440177
-3207620.1068733055,14206178.56560735
-3209111.6745388745,14199251.231490353
-3214141.2103870944,14196958.520095019
-3219343.532164212,14196044.568784205
-3263180.51841545,14192245.56086392
-3263302.3899940155,14192509.265868463
-3262733.6657877425,14192943.51705993
-3261323.7868965683,14193616.179502035
-3253893.0455150045,14196614.625704195
-3252859.2323981975,14197192.082845675
-3253600.8884896794,14197285.291517416
-3255957.5812138277,14196870.055059224
-3259519.6425272934,14196009.562206559
-3263574.0020743017,14194835.45039752
-3267428.9827041747,14193468.077703318
-3269496.538049382,14192525.79033294
-3271519.1345046526,14191180.717181003
-3273266.9922195044,14190308.933790337
-3279905.0524888653,14189177.675456788
-3281695.8516327757,14188787.608337674
-3282350.3192351125,14188663.72886923
-3288570.2549242927,14188028.773124438
-3300107.6740985266,14192569.173814863
-3304388.463682669,14192159.088621186
-3310736.56539696,14194911.761631444
-3302658.309003757,14200113.692596495
-3302097.8595853793,14200900.205925671
-3315617.9225869584,14202711.190019965
-3329104.770612589,14204553.72905996
-3328541.5383210927,14212734.235020664
-3327798.9986960674,14220935.17191699
-3322620.420832619,14224629.386916459
-3321393.2077195626,14230040.604378665
-3313146.8907272243,14235508.381799374
-3319621.9756402844,14239496.567376073
-3334415.972101545,14238477.91496105
-3354729.3383271955,14234363.451943414
-3360727.0173570374,14233680.115575684
-3379551.361722025,14236097.316186154
-3381948.103913984,14235412.12084056
-3382234.846844594,14231680.148124628
-3383735.149319023,14230738.912412206
-3388554.8769354885,14229810.666293077
-3398375.608892486,14228215.866278876
-3400365.22244171,14228163.851808168
-3402743.807131866,14229803.48162493
-3406498.9617633615,14229403.938732417
-3409186.2971482254,14227033.191536395
-3415654.97447089,14223631.334654802
-3453119.7800628915,14218256.149969198
-3461037.489029161,14216653.31782102
-3464098.249560663,14216152.914587017
-3466232.80778439,14215704.401535759
-3469193.0115298806,14214934.50688958
-3474571.5961295473,14211865.208605502
-3470325.0919387965,14208177.185218228
-3470873.7844209336,14207743.474577138
-3472610.991412415,14206992.567931496
-3476065.6432945463,14205786.235050121
-3479548.509971318,14204673.60636611
-3482723.6486012028,14203687.09178753
-3485752.017535432,14202722.423546432
-3488937.6855263645,14201629.207817316
-3493033.050598004,14199923.72513542
-3493179.5333641595,14198836.255873378
-3495956.450640569,14197574.000245826
-3500068.3588331915,14196207.09800467
-3504308.9067061134,14194972.50408498
-3508558.2077522683,14193767.177256562
-3512574.6015886334,14192521.101046246
-3514900.303031631,14191627.315602832
-3514843.905465316,14191385.328724653
-3512696.709927924,14191513.361814132
-3512098.244288512,14189977.547729021
-3509248.551485907,14190353.560802985
-3506428.8143573776,14191035.157136036
-3499540.2457419927,14192876.593078049
-3496768.88557788,14193535.803352183
-3495076.76959399,14193769.03781769
-3477487.9953982774,14192873.767350595
-3477324.7360512135,14192496.446674222
-3478215.1275229775,14191802.42545015
-3485099.560769737,14188096.453451212
-3489829.9554342544,14184310.94994256
-3494428.8110039695,14181832.127792345
-3498937.4579903376,14180353.385048347
-3499640.3508171444,14180409.159758769
-3502169.564603047,14179872.440874666
-3508338.4885957134,14178413.819169162
-3510454.2190162274,14177974.56896518
-3524254.480140629,14176398.198551754
-3529927.616743411,14174435.56680285
-3534656.2146428404,14172689.307888042
-3539911.7251368244,14170839.714063525
-3547162.6660668105,14168562.030990683
-3549127.5059540495,14168248.329848493
-3557914.7461444815,14166384.816693401
-3563680.899305812,14165669.887566261
-3566779.3395723654,14165030.122866428
-3572327.2082698434,14163569.78107252
-3585045.503605615,14159875.514262078
-3590624.612618307,14158389.295209436
-3603614.287484511,14155483.0933334
-3607756.368968965,14154318.094181277
-3609599.8546708,14153513.018181954
-3611931.849182413,14151546.175143925
-3613945.865674484,14150616.157942196
-3616888.990573087,14149375.802316781
-3620603.540312097,14147965.487553462
-3624907.910889331,14146535.62124216
-3627439.7156777685,14145820.009287788
-3635350.7304508267,14143793.394201528
-3644377.5080202613,14141324.753269168
-3647252.062400914,14140593.338728776
-3659068.0738162003,14137805.387340473
-3663390.9830482737,14136954.179473003
-3666283.14860896,14136238.89670382
-3670316.7255028426,14135037.515341468
-3668762.0910633584,14135260.274282774
-3661135.885816767,14136968.633042242
-3651330.2613845957,14138878.922870135
-3635567.053386314,14142384.750719015
-3632738.4623043165,14142690.531030493
-3632256.4853097294,14141610.752917523
-3630320.4295177897,14141604.720500354
-3624813.1773927254,14143048.164945818
-3622637.241014996,14143762.644984826
-3617815.559731461,14145449.347500749
-3615526.922252068,14146224.07338777
-3613160.7491759667,14146988.045570055
-3610919.799693108,14147686.567503104
-3608780.014432726,14148330.108163258
-3606504.7622952675,14148991.343398651
-3602660.415315588,14150036.587084178
-3599337.8685551016,14150824.381981952
-3597273.769340935,14151166.115320385
-3597360.849739476,14150823.374485742
-3599917.168231393,14149975.032542983
-3601757.9839664167,14149084.228260422
-3604573.418002199,14147969.92117284
-3608379.020813434,14146612.111634513
-3613247.5060267085,14144979.469474604
-3621176.5573911644,14142420.835269043
-3623460.8779137065,14141714.67783455
-3626269.6822765656,14140917.263709892
-3628830.9071256267,14140234.647130616
-3631491.000402819,14139476.671925189
-3634706.6452651573,14138426.184657352
-3634018.185883766,14138397.718402203
-3629312.2810495277,14139396.392621059
-3627788.2680494976,14139614.652747292
-3627503.2917418745,14139384.938940976
-3627909.792139768,14138935.909993283
-3628897.5599869234,14138312.587318247
-3630363.5776123703,14137549.574163118
-3631336.5428732648,14137233.066266596
-3633552.7010864457,14136491.149862565
-3634552.820384587,14136167.386311173
-3633491.790363018,14132097.729115697
-3640397.090193805,14128458.003649095
-3644120.6806769213,14127339.088952165
-3645524.761651465,14127098.077663187
-3644861.613284553,14128663.113098593
-3647072.7694714856,14128569.026242035
-3649021.7986210096,14128257.08553299
-3652053.0822254806,14127494.847012578
-3656564.2766503487,14126058.362324188
-3660350.5656938897,14124648.239121608
-3666435.6216873922,14122037.593502576
-3669630.0657868604,14120739.693322754
-3669751.5251065064,14121547.153082047
-3672900.3310560044,14122202.828412302
-3671055.7627828526,14123629.968324153
-3666845.691488855,14125737.281675294
-3665736.5909840516,14126480.499475328
-3666413.3145331624,14126670.651875861
-3669278.2024690406,14126122.648483492
-3673401.578388465,14124985.379911758
-3683896.0166900572,14121817.802182548
-3690682.242858197,14120075.915993322
-3691469.3386443453,14120485.93851599
-3686744.305520079,14123401.408831347
-3686342.2531225733,14124265.692878382
-3688692.610383702,14124123.292751223
-3697392.280919924,14122528.23960936
-3698582.6790963495,14122849.845236769
-3690470.1271807333,14126685.513710914
-3690715.5281370254,14127272.006423991
-3693640.930098664,14126696.88563722
-3701054.6991950213,14124983.870756267
-3703831.582135615,14124466.274872815
-3704949.588828874,14124462.571249738
-3704716.870548559,14126048.463833636
-3706248.327961726,14126399.225120036
-3707866.7624991764,14126278.604498284
-3709702.441979963,14125971.784365997
-3716505.2547368114,14124563.633759806
-3722132.915788172,14124448.995028082
-3727042.8685068632,14123577.18014244
-3734901.4475546265,14120901.89671507
-3739267.796493205,14119055.933995213
-3752976.7280303636,14112215.44180864
-3757386.1298570978,14110421.0579725
-3763268.7789387293,14108399.138366785
-3768678.015758635,14106849.180222644
-3772846.334425585,14105915.751132512
-3784610.2539901165,14104004.883528627
-3787963.300055242,14103922.231389783
-3793771.477200143,14109221.346091976
-3791622.4631003,14112081.544414425
-3786295.620702163,14115620.638802962
-3786091.157859205,14116424.645163553
-3797492.7308933144,14117197.182398297
-3799152.7686484093,14116954.85513347
-3804943.5948400847,14113955.040304223
-3809289.830265766,14112008.8440985
-3815167.2356689465,14109788.759258345
-3820059.09902339,14110914.41386703
-3819154.850376332,14117295.593260137
-3820837.5851934296,14117253.250371391
-3824846.7056167102,14116130.694679983
-3830058.7315520006,14113052.94094912
-3838599.5324088368,14108780.040124549
-3839263.912040984,14108214.37980735
-3843066.303403898,14107409.311521053
-3856903.827063105,14108315.732288487
-3867646.869584844,14107044.190645546
-3871617.166388825,14106079.32420116
-3868376.4046829273,14099719.603076313
-3869575.174531111,14098673.194549834
-3873560.2401353447,14096857.01422913
-3878774.4370586625,14095254.907934137
-3884087.2796650534,14093948.872858718
-3888504.468988127,14092986.091070222
-3910293.2630121643,14089413.441635014
-3915312.082190584,14088149.600733535
-3920766.422130224,14086498.792503424
-3926603.944305436,14084648.706852032
-3932793.253409346,14082790.826583263
-3939919.3964402075,14080949.764329722
-3959404.456394069,14077145.56787622
-3980042.215609253,14071801.940170037
-3982380.003052736,14071159.73812083
-3985300.5990426713,14070236.77726179
-3989789.2263253788,14068593.547438042
-3994157.191117674,14066817.201993003
-4001256.2193628536,14063777.902028343
-4016146.5827285233,14058102.904129038
-4024207.2175441138,14055979.028892891
-4031149.5076636695,14056032.967040602
-4034787.389028444,14054483.623247243
-4040402.737380468,14051801.39621357
-4045132.528425438,14049966.565374233
-4051974.533000545,14047739.40178733
-4055609.2842039377,14046985.870891402
-4058486.1759712733,14047160.18449626
-4082464.240681742,14044766.670304213
-4086172.5686725336,14043901.72460991
-4088982.336190114,14042766.586499572
-4097683.1264053257,14037787.652318256
-4102152.8135555643,14035823.781244718
-4108555.460344589,14033528.862099765
-4113058.2871083175,14032250.59902692
-4116825.9061382217,14031460.965812221
-4121426.7374558146,14030899.688090755
-4131898.4210890033,14031212.517451638
-4132082.0324704973,14031750.70707233
-4132942.6474977518,14031731.966000946
-4135505.5979855806,14030959.439032272
-4137896.563054789,14030036.549339723
-4142957.6169925868,14027838.317767879
-4145359.609715773,14026852.618106121
-4146513.7641533404,14026645.735580573
-4155603.6541263834,14024551.917962236
-4158958.4047976597,14023587.633442936
-4166283.590064926,14021314.452287761
-4169596.7981207683,14020340.757255897
-4174242.092133948,14019275.662897319
-4177893.4800568423,14018685.613494739
-4182563.9328246918,14017664.591824438
-4190372.6975225196,14015269.271074226
-4191234.5001475294,14006844.272020387
-4183632.164411697,14005545.920566307
-4183779.672477578,14005173.573742859
-4186256.081533322,14003402.859965619
-4189145.5613943776,14002532.200066244
-4221131.836860229,13994689.073066825
-4224879.3352901805,13993526.200065233
-4225048.775913935,13993104.989545316
-4224508.461752011,13992925.313126834
-4223164.942127888,13993052.824459823
-4221008.322278189,13993531.086326806
-4212649.4638070855,13995736.345776714
-4184066.4463110752,14001823.338783652
-4179614.9575933223,14001839.118773546
-4179387.7690945193,14002933.732790574
-4176513.26018527,14005150.550275844
-4169672.978829047,14008388.431004077
-4157562.1186891682,14012532.041139897
-4148591.730403617,14015031.596657623
-4079563.0822554207,14029130.430900356
-4078056.4860978485,14029043.29961957
-4075838.5676398044,14025403.8914173
-4093918.6032575406,14009776.228025481
-4111663.605358849,13994104.133483412
-4117510.8329863395,13990235.128565898
-4120628.0103443046,13981364.215358755
-4123596.7660095915,13972507.876556372
-4128018.752941511,13969238.801712137
-4128843.7064940846,13967845.125340566
-4133422.985933371,13964633.509859597
-4133831.240132477,13964151.184197001
-4133509.4812383805,13963295.525212865
-4134292.4344103127,13962604.924926268
-4135964.3219870348,13961634.659447758
-4143247.256895008,13957836.238317
-4147591.139406899,13954882.84610967
-4151670.6585772973,13952567.846694672
-4151977.613869735,13952159.880672237
-4157558.6975870146,13950470.791821841
-4159792.566192032,13950710.73005045
-4160916.632288856,13952283.593187608
-4162835.643213353,13952080.36264241
-4180821.471610781,13948551.514737248
-4188045.300486962,13948528.41450197
-4187454.7680202583,13949423.053371044
-4184027.8633795087,13951447.58006641
-4166940.8443977037,13965761.107834585
-4149593.4709636616,13980034.420932049
-4148235.2859266484,13982380.715332733
-4155344.171241217,13984094.46986491
-4165594.1377121783,13982349.17335709
-4166632.7508548135,13982427.895340802
-4177432.790647578,13990511.267205715
-4184219.9605265143,13987725.96130995
-4188068.4306647074,13985429.692205653
-4199227.140160218,13970148.732282082
-4204783.101693054,13966382.966563884
-4205859.278700702,13965955.476049364
-4206949.193069441,13965540.835482316
-4208053.680987589,13965139.8114163
-4209185.530667366,13964747.67355375
-4211049.818227209,13965644.08331399
-4210524.983966724,13967598.827665566
-4213123.688228327,13968308.73969092
-4214766.626717297,13967995.556192344
-4215264.431112716,13967337.91466014
-4217807.388172471,13965973.507799909
-4221477.857266541,13964447.49034535
-4225477.210772739,13963265.11712348
-4226961.28916226,13963119.714917526
-4227031.28080894,13964955.027790166
-4216900.3146524755,13975980.234262867
-4217793.818134434,13977595.76345721
-4220854.001992201,13977359.724396765
-4224918.225786479,13975683.773270745
-4226489.8600710165,13974559.566759503
-4227271.360449204,13973166.145009166
-4229775.188029169,13971283.26902975
-4234074.368190445,13961613.937219463
-4238208.698925951,13951958.367620826
-4239588.870039859,13950821.294714281
-4242938.149863883,13949254.35987799
-4245367.855990505,13948719.106661351
-4255664.765118104,13952350.343344029
-4258545.595563023,13951969.793475952
-4262892.843020145,13950620.637689795
-4263250.59998291,13949719.586570421
-4254099.171722008,13946706.36845277
-4253811.24640073,13940145.234063758
-4253433.100734786,13933601.378219727
-4262014.584172064,13928238.380015582
-4263002.1539347125,13927292.48687228
-4263353.24303923,13923522.49252732
-4266142.327749531,13921717.024740158
-4271969.895605699,13919139.057876257
-4288076.186577435,13912726.604412187
-4284338.189900215,13912923.163163977
-4284287.71994857,13912506.558021577
-4290735.246968023,13907124.670483539
-4290593.702072672,13906588.804929912
-4287570.378820772,13905701.605243223
-4287287.954004442,13904391.24615538
-4288422.116777961,13903099.361580752
-4288416.53108055,13902651.278842855
-4286832.927431831,13902895.755995853
-4281927.635756864,13905380.671639167
-4280054.896130739,13906440.27440803
-4278983.7796444995,13907187.56381832
-4276887.084608977,13907983.982611522
-4275724.590225192,13908348.155735428
-4274730.65209779,13908622.852507208
-4273071.243992169,13909170.291176997
-4271084.415055175,13909889.12325957
-4260421.34594839,13913900.175171075
-4251362.3216666505,13917191.564843427
-4246620.005155504,13918965.236249551
-4245081.627049736,13918317.909714215
-4249472.26119736,13911191.356108805
-4243916.049270972,13907674.58364902
-4244441.321079619,13905893.405040456
-4246052.082590656,13904501.718507819
-4249006.098435136,13902627.05136472
-4256722.947888892,13898339.98104348
-4258475.180126838,13897186.798590852
-4260434.84155998,13894185.137588331
-4263462.634200341,13891980.98454924
-4271795.564010088,13887950.00936344
-4286899.18959821,13881229.9082681
-4295051.378667339,13877746.091337755
-4303494.107501133,13874384.93037339
-4321456.2231429,13867572.854118038
-4327632.862546126,13865111.550449338
-4341741.6516125575,13859145.270466646
-4346249.929672079,13857353.235632855
-4349951.721395454,13856055.505347656
-4359038.271602661,13853358.586620165
-4363539.335789748,13851889.520720104
-4373169.609791415,13848604.980994944
-4377617.395855525,13847149.718980653
-4383455.729321121,13845758.040578518
-4388566.748329736,13845905.766558252
-4396545.301845659,13843529.18925358
-4400187.403216866,13842189.84089068
-4404201.848881509,13840656.99326795
-4407881.963627014,13839302.061731307
-4410474.988656231,13838504.938695055
-4410954.3006602,13838798.521922218
-4409128.113745181,13840124.221401956
-4404430.8246949725,13843050.551834114
-4402117.164771658,13844760.192261426
-4402534.428597707,13844965.476702305
-4405464.936184648,13844065.03347565
-4409953.6192300925,13842326.459793365
-4415433.13294204,13840040.270473093
-4425260.538298917,13835817.392519925
-4419821.775921888,13839502.90234757
-4412546.247422473,13843833.115925113
-4410360.568984486,13845473.573421353
-4410295.733757855,13847036.346221771
-4408091.943225003,13848667.135580007
-4405339.581026778,13850370.569491316
-4403787.991608062,13851571.90366637
-4401633.494841872,13855023.348724738
-4400638.062401195,13855838.388741931
-4394865.029746903,13859464.882418506
-4394002.597774389,13860657.006310891
-4403617.298382725,13866011.364680842
-4402343.596948533,13868025.186198913
-4400807.304949414,13869126.353161005
-4392817.538495259,13873606.1897418
-4392280.580781916,13874142.528289782
-4395277.203260355,13874661.948266707
-4395221.038792786,13876493.309890375
-4386033.0332246935,13886962.011586707
-4391489.656542883,13893899.5306566
-4392484.894902009,13894002.832447924
-4395768.738812536,13893711.731665783
-4397973.335903345,13893963.509302955
-4393227.176954409,13901207.009173648
-4396366.052681606,13902129.640411574
-4399801.283049686,13900553.41357322
-4402465.143969365,13899538.866531488
-4404503.337425177,13898972.23703589
-4416305.163059743,13898673.722433781
-4417510.997482791,13898468.006768398
-4421499.9826812195,13897563.47002641
-4422760.011957616,13897406.407008016
-4422741.3660795335,13897782.816060495
-4419352.80519689,13901170.327024035
-4417856.067098052,13906059.448313087
-4429202.777951432,13910349.696394486
-4427264.367012603,13915315.814159466
-4435860.411629801,13918226.28684327
-4439658.247826115,13916297.871978581
-4440168.221642533,13915237.223384473
-4437870.948440429,13913548.675617915
-4439779.323029787,13908609.044717789
-4427557.9127119435,13903215.080958275
-4427730.73135902,13901530.45750896
-4433313.554744046,13896990.467777558
-4433590.028198194,13896023.662129479
-4429062.985616894,13895328.74659718
-4431087.471545943,13893765.83235034
-4439465.18031107,13895132.341085013
-4451858.016133206,13893041.070177704
-4453957.231086727,13892904.695860893
-4455064.574170685,13893187.13989152
-4454668.67901372,13893769.451049425
-4452277.328168242,13895561.063631427
-4452017.181025101,13896702.398529766
-4451512.939596132,13897104.246352324
-4450344.3726636795,13897477.383214058
-4450797.968806902,13899215.312600551
-4452638.569183167,13899481.693545768
-4457604.71582239,13898291.448042326
-4459520.277383454,13896784.431505034
-4457193.9920700425,13895938.364376104
-4459367.859409859,13894341.235245567
-4466020.211099784,13894702.400868703
-4469470.189141006,13893845.470005622
-4472842.611063529,13892849.283934787
-4492382.131407242,13889870.35611793
-4499472.338417385,13891907.562802557
-4503554.12982861,13889385.237301664
-4506403.645139275,13887285.200634943
-4510349.754606398,13886412.122871261
-4511373.000567486,13887064.515273081
-4509157.056270926,13889866.724335644
-4499237.602671871,13896237.88353479
-4497402.441881624,13897214.22290243
-4492622.989971556,13899516.010561135
-4490502.8531460585,13900581.414827
-4486050.734970973,13903371.9102282
-4479697.219224104,13906787.658485709
-4477006.963189566,13908500.269909134
-4472404.992850482,13913532.238851305
-4470361.074918264,13915047.975351136
-4459025.379609392,13921011.259033756
-4457114.706534984,13922277.049178593
-4456013.847704836,13923341.383474972
-4456552.241727736,13925053.771723606
-4468105.425928324,13926267.626133667
-4470269.550365745,13925443.345478633
-4469981.890126809,13924522.41262183
-4471596.4778784225,13922910.149841921
-4473638.992200779,13921749.568319611
-4475529.346508165,13920990.166320875
-4477444.133217988,13920326.710572287
-4479529.230328706,13919459.40850284
-4482808.340329132,13917722.16646061
-4487410.488158773,13914837.94041282
-4490928.923100191,13913005.525367346
-4495854.882954237,13912555.917337788
-4495454.385114265,13917544.624503529
-4499995.441247082,13918950.844788883
-4506226.192230099,13918130.69604062
-4516958.304012757,13915190.09685752
-4521640.063089933,13912784.555675847
-4524411.975078283,13910911.448458213
-4525610.059864683,13909587.92685667
-4522736.47667998,13906573.249576945
-4525864.220139273,13904590.131280167
-4527435.684445096,13903704.589525184
-4528599.866378261,13902946.537908463
-4530124.640779916,13902281.035897676
-4532662.655957656,13901717.713713137
-4536609.724766694,13901135.522037698
-4538346.641835681,13900626.732998358
-4542191.010080629,13898877.352015356
-4548035.122290963,13895129.864112139
-4551928.685130552,13893043.927657088
-4555553.782874323,13891802.829864904
-4557464.993081737,13890778.067507088
-4559209.009103972,13889169.470353276
-4565813.095352451,13884695.881466638
-4566267.440844565,13884230.727495097
-4566192.525787303,13883810.418276558
-4565420.529449964,13883690.005825162
-4563838.633090321,13884090.161689851
-4561389.391915608,13885076.697035009
-4560000.872001214,13885802.59298671
-4559058.691675967,13886404.049086755
-4554492.673503308,13888874.362089692
-4552341.014185712,13889783.94885585
-4549367.690289525,13890539.683010902
-4548754.442808,13891042.988779021
-4547633.412254421,13891698.339490252
-4545890.881232297,13892552.14484202
-4543476.510896071,13893607.620798921
-4540958.50258182,13893546.255956963
-4537055.080022512,13894039.835156487
-4527880.605252444,13896224.707308074
-4524163.123790959,13896810.445319664
-4521448.13752942,13896715.724672373
-4520665.400896316,13895818.66072288
-4522598.289226749,13894045.62459651
-4524863.097547967,13893718.570849195
-4525326.214421147,13893749.540179998
-4529193.53851461,13891539.670856813
-4524354.895279218,13889698.730169699
-4526738.243760651,13886845.299023136
-4532315.28315806,13882910.924963392
-4536552.689695024,13882001.801819073
-4542729.712640358,13883316.136770459
-4546399.66641253,13882998.388579205
-4548768.170164675,13884396.34118857
-4552146.656424711,13882117.728243412
-4554558.134491876,13879781.454194298
-4553841.057937914,13878778.983273158
-4547925.7881529275,13880460.535521442
-4541210.427119223,13881589.754839975
-4540961.650316548,13879674.03669852
-4548769.074646728,13872739.460381266
-4569986.099574861,13873935.917586353
-4575780.209457445,13872405.716521727
-4568042.864433317,13869574.235522991
-4560472.416248583,13870499.172090366
-4558349.820682198,13870316.075305047
-4560294.640472304,13868355.004718686
-4567082.460315695,13866200.160658024
-4574721.696290397,13864524.711464094
-4579232.937907478,13864004.937249387
-4586545.080138639,13871194.073470443
-4584910.525984047,13874207.845649667
-4581638.854809995,13876529.998067966
-4575915.253697108,13879910.425468009
-4571580.91938174,13882830.691233467
-4573440.702344874,13884636.958244748
-4576427.466427696,13882911.535989875
-4582430.231260922,13878745.344885532
-4587986.870945937,13877401.147529723
-4589916.107760851,13877804.095846862
-4590070.239568401,13880030.956133865
-4596324.6140205925,13874950.029715052
-4596260.645661308,13874090.135318656
-4590642.34171757,13873441.885391997
-4595998.404264877,13868738.871759675
-4584541.885369946,13865032.748911157
-4573021.526625441,13861365.387450697
-4573058.64704305,13860552.233956423
-4574750.56954373,13859651.854439942
-4577671.094341514,13858723.347997509
-4581574.8288498605,13857758.64891577
-4587012.773427189,13854574.023093445
-4590839.6447316455,13852926.212472865
-4601017.571350557,13850369.814548228
-4607545.068232393,13848429.87452729
-4614496.660976071,13846044.20916617
-4621470.828246255,13843544.494455235
-4628079.474078224,13841274.4979757
-4632197.479734806,13840028.833777366
-4634069.854989713,13839501.752603624
-4635195.876139984,13838914.290506246
-4638451.750840043,13836205.422785554
-4640353.765257682,13832351.464971054
-4631851.231164346,13832885.224449292
-4630405.836510622,13832360.649451861
-4628096.502889759,13833297.98144882
-4628408.062655019,13833523.218595155
-4627245.518441853,13835032.602770522
-4620090.405090217,13837400.758575989
-4615687.088811947,13838098.568950778
-4614206.684384047,13837476.121244062
-4615853.422359651,13835877.830321992
-4618036.870842693,13835560.218702136
-4621924.116600716,13835800.505868005
-4623873.406182953,13833559.116121665
-4611872.41648266,13831527.418650694
-4613081.387010762,13830077.778848168
-4626607.792464909,13819644.44890934
-4627352.036495265,13815764.111028014
-4629392.860577365,13814157.794819495
-4638060.754356447,13808477.134245556
-4638672.831465482,13807509.921718452
-4637118.2235866785,13806366.562053367
-4637640.817960425,13805267.727612766
-4640287.712224573,13803416.277596904
-4643374.5153771,13802926.5864193
-4647270.733765239,13803967.390869258
-4650472.965000993,13802058.110772202
-4640463.19706706,13801208.862021053
-4641530.5411367295,13799335.722065302
-4641186.331642235,13798995.57287281
-4638904.792695088,13799942.498707475
-4639294.719772493,13800809.756082624
-4633805.4360007215,13806097.299490215
-4633571.011679339,13808500.11581778
-4632887.129080593,13809143.378222115
-4629017.52900084,13811322.434097439
-4628263.656417447,13811908.649194531
-4622729.989893419,13819846.560774416
-4620554.348078112,13821187.704251528
-4618851.20062392,13822062.57043113
-4615882.975045822,13823474.062610531
-4613211.3572966615,13824805.886476723
-4617561.883004947,13825250.380003735
-4617086.018783295,13826208.199864654
-4609340.956022666,13830877.257027967
-4608066.646188848,13832061.788981631
-4602360.684766339,13833719.532540563
-4599552.752453747,13833740.450114977
-4599473.941665474,13830001.804631501
-4610100.8450065795,13819733.935110258
-4611184.306308383,13816247.054634288
-4615968.739715904,13811427.437760279
-4610323.785858003,13808396.612132601
-4602916.194503438,13809195.595174843
-4592206.007458972,13805083.307878667
-4593982.928242252,13801693.833066113
-4604106.98927087,13795010.349187056
-4621155.8090160405,13785969.578443712
-4622796.416755132,13784465.606402002
-4625514.696508106,13783380.760244707
-4642540.968634906,13777679.773735879
-4643625.159989478,13777160.112148702
-4646538.670318244,13775811.038822455
-4648833.67739788,13776014.822487362
-4648285.412765609,13778422.161192426
-4653108.6913891155,13781428.42363526
-4681421.990136814,13777672.441236375
-4692693.474812269,13785853.151375165
-4703767.0504745385,13794117.808522996
-4714640.820701864,13802466.88253889
-4718943.624615999,13802116.393563384
-4721030.779283944,13802489.436762659
-4721349.332715623,13803781.775488466
-4717928.327396023,13808248.728967516
-4715064.473132373,13810420.749192353
-4704757.710840583,13816382.078119345
-4703492.8894453775,13817686.721642312
-4706608.269805277,13817355.356519079
-4708649.443496224,13816411.74691589
-4710231.606902104,13815700.390227597
-4711432.276486933,13815125.976819824
-4712439.669877922,13814543.95201544
-4719184.568122449,13812723.878518641
-4722093.167538495,13811827.65384309
-4723116.409926416,13810931.089148136
-4722482.834641642,13809420.875907553
-4722639.589723032,13809559.324016768
-4723219.244163027,13808976.194793135
-4724878.091001685,13808038.81926742
-4726809.730224664,13807031.955873422
-4728188.5698904265,13806256.20200881
-4729488.856491682,13805200.028587412
-4729703.658209711,13804558.934606021
-4722202.558449497,13799548.824493885
-4714625.168950649,13794572.992324496
-4706419.763863296,13787154.686090106
-4698065.94320707,13779795.01615405
-4699835.431511954,13776625.626028994
-4699287.459807856,13775402.710904941
-4703888.9801186845,13770083.63307333
-4690808.700368014,13763666.939764434
-4699744.596163858,13754259.427855639
-4715335.985143342,13744320.26667877
-4718145.870538845,13742746.785260566
-4728334.689376726,13736528.340319835
-4732967.391216381,13732291.59612742
-4736375.241688199,13726158.296117648
-4739510.317015443,13725636.079478905
-4738116.141028178,13729594.357768273
-4740795.81671869,13730482.988877585
-4744491.771900525,13729717.939469568
-4750601.6815898325,13726733.136679074
-4757999.411605656,13724973.31336463
-4762314.4052705765,13722558.24347938
-4767423.855443516,13717495.17385304
-4773107.7435292145,13715563.544581171
-4777178.314224389,13713188.980429448
-4782182.476845751,13709128.630701857
-4785424.455537632,13706968.617144415
-4789546.912712234,13704481.877928775
-4794730.157263397,13701739.907770818
-4801126.034227632,13698834.789419474
-4803408.815889122,13697679.035209337
-4806649.580177723,13696193.27278097
-4814324.887753588,13692805.356624888
-4818169.597369553,13690990.112748852
-4825171.672230252,13687336.49395677
-4828785.301732827,13685525.96346755
-4832518.032679819,13683756.811526941
-4835069.875465019,13682621.394316498
-4837413.796119246,13681715.527018344
-4840482.281673292,13680648.12516961
-4844270.5319955,13679207.341559933
-4852312.475263447,13675732.297849447
-4856197.132455342,13673940.871016275
-4873384.015877305,13666899.876932994
-4881546.063707555,13663718.902271103
-4890279.149751104,13660582.491775356
-4899387.812238764,13657644.837259255
-4903184.969765534,13656626.554023756
-4907637.866460938,13656045.012771523
-4917263.994822524,13653095.425265409
-4919594.517549787,13652515.737916723
-4925529.51476779,13659203.691055482
-4924304.895634268,13660671.134346133
-4919291.986970977,13664726.98641149
-4918181.529200565,13666450.350731222
-4916378.943635885,13667259.809625024
-4914187.733789073,13668174.286365828
-4912439.964215553,13669050.77891064
-4911265.385742513,13669982.050651649
-4910866.813989645,13670561.24154615
-4910027.703820751,13671321.995694157
-4907609.044309897,13672740.122608244
-4904791.039314265,13673120.796543444
-4902464.2074336875,13673980.033333281
-4900239.633634515,13675082.345645063
-4897648.001378913,13676205.392618045
-4894348.277433269,13677246.323834464
-4891664.694364849,13677820.25821268
-4888602.073486194,13677952.660547802
-4885259.3818695275,13680052.665482104
-4883305.095372231,13681702.335279914
-4882398.759839901,13684409.0822978
-4876848.710268156,13689276.740174035
-4876122.487817417,13690497.59807447
-4881284.581259523,13692583.288991531
-4890965.984958285,13691361.738768673
-4903906.585243024,13693988.741323186
-4903215.7575877085,13695744.253930446
-4892599.981587935,13704804.242887074
-4890354.300238337,13711201.88857913
-4882882.112319324,13718737.913596418
-4878797.4296736745,13721716.050592344
-4869075.943701956,13726436.919543395
-4862691.541560462,13729848.740211638
-4858422.654894168,13733178.805062957
-4838178.213144608,13753725.492894102
-4833550.9879366765,13764793.7995411
-4828742.460299858,13775883.353196489
-4832114.675669592,13775015.75786119
-4834411.467220171,13773925.614976205
-4836353.992375154,13772559.47993068
-4847167.324745887,13757782.3312532
-4857703.437264982,13743013.82547347
-4872860.799359678,13730770.714849666
-4876412.63903255,13730336.93009538
-4878179.370372863,13744412.573673224
-4879578.887121739,13758577.56673582
-4875179.1200449085,13762352.511789434
-4873631.912147099,13763270.5577661
-4872725.434155796,13763638.109384099
-4871145.894321391,13764250.445365762
-4869229.731728602,13765091.15371165
-4867459.316564609,13766092.052579794
-4868208.310850736,13766257.363607772
-4871016.239799976,13765444.878915895
-4874713.416903765,13763938.176755732
-4878335.384812781,13762136.527838003
-4882946.018221821,13759061.0160881
-4882656.042131069,13748562.440809915
-4882169.9863839615,13738108.771103077
-4881488.510931479,13727700.332642183
-4883125.598206742,13726113.44283858
-4885383.973784453,13724657.072711978
-4894597.830906821,13719621.122138655
-4899337.323413467,13716342.63942929
-4905456.200001328,13703100.12931484
-4910137.2966171345,13700051.556675766
-4913827.121362366,13696547.773177436
-4919730.910601614,13692750.222610813
-4921175.075936824,13691600.622943817
-4924103.517684435,13684515.839048231
-4929952.233067236,13679002.840079641
-4945327.781894569,13670768.376442624
-4955099.638627463,13671952.035320371
-4958249.633472273,13680361.53707303
-4965458.438559542,13679588.542324174
-4969350.00029408,13681341.999200711
-5015485.634419298,13673540.91744205
-5026072.544932077,13674674.701263769
-5025756.9623212395,13675110.782183401
-5023083.781884337,13677439.327932728
-5021916.820372082,13679004.591063196
-5021060.752148618,13679687.989839971
-5019425.551125749,13680780.324587349
-5017836.315157953,13681680.20536721
-5015397.618358254,13682841.73154987
-5011193.276981544,13684717.791855665
-5004472.2305419445,13688274.802966759
-5000735.233684084,13691259.68225855
-4985170.777873048,13711466.00502914
-4986885.028632052,13713557.358245004
-4991030.618838145,13710920.178180004
-4991862.652955663,13708416.559833523
-4995569.509557202,13704796.86045992
-4998571.1720018,13699145.760074906
-5009829.023993226,13687713.247867603
-5015386.401371937,13685620.82663822
-5018556.6650029095,13684869.891269857
-5022573.791939533,13684515.929446466
-5024024.058671137,13683240.804221347
-5024230.148343039,13680904.534897823
-5025000.524164473,13680136.434892708
-5030946.404305984,13675935.665100845
-5033920.417702574,13671441.657300822
-5031912.075244375,13669068.785264308
-5020963.943723609,13668842.09856994
-4976974.478010897,13675829.73607401
-4975664.062831234,13673691.113296788
-4978092.303150474,13669545.902946685
-4976642.738026998,13667066.726005496
-4971008.484669163,13666136.99269964
-4970094.718841735,13664784.937727936
-4972944.420595678,13661884.356871711
-4973405.959505692,13661817.145329239
-4975196.406823244,13661334.456741542
-4984372.762641768,13657235.850036634
-4999446.608464893,13652766.296312204
-5005233.872302796,13650329.179477846
-5011069.191777,13646933.316089172
-5014337.959627652,13645130.595969254
-5017496.518225171,13643535.429369103
-5023172.078453048,13640971.870372986
-5026625.1302340645,13639659.334514448
-5032139.848024023,13638209.365545409
-5035184.789080958,13637776.718176255
-5037673.0005743755,13636986.211843394
-5042678.052916364,13634765.323527057
-5045337.390475825,13633351.821516851
-5047946.733242479,13631759.5395981
-5051573.238653533,13629352.233226612
-5059409.13750883,13623434.885708371
-5064916.615136674,13619711.339510158
-5069991.787592798,13617143.152114883
-5072591.46116245,13616425.602869703
-5076573.114336224,13615859.321123958
-5082500.736667865,13614042.837005973
-5095746.269349585,13611298.905988598
-5102239.101414867,13618461.494851556
-5104744.101218735,13618048.36880016
-5107845.9180482915,13615817.757668234
-5108469.244578358,13613707.713355912
-5098572.996139391,13606956.074344901
-5096807.736497233,13606906.434489427
-5091636.586815229,13608227.697324276
-5088923.549245277,13607784.659707755
-5082529.909261299,13608408.440406663
-5081658.680885554,13603094.507877829
-5074744.804073417,13601407.76259406
-5074155.612015151,13600094.845530896
-5075778.934544679,13596562.956281181
-5076970.178324256,13595468.867542282
-5081362.837321264,13592382.826752054
-5082148.581037589,13591649.018712496
-5082411.998560252,13591305.09834264
-5084725.41368556,13589363.538300948
-5084734.351027967,13589000.641382506
-5081852.942550368,13589155.529211638
-5081152.084984227,13588035.45526541
-5082066.0167073365,13586845.560140613
-5089439.377741754,13582430.94423321
-5090170.328419588,13580650.037899014
-5087683.963068145,13579141.86769852
-5086301.315663406,13579410.941296574
-5075203.691699601,13582466.556511499
-5066946.163103365,13583966.600468615
-5063915.3201354975,13584034.468618711
-5051263.759792331,13587181.740496174
-5048219.687115946,13587107.479605366
-5048250.942367575,13585510.701443836
-5051004.809522157,13582686.873259017
-5056134.444358215,13578919.470531916
-5067525.872866999,13574884.518525604
-5072393.915448942,13572674.019015696
-5076611.698191863,13569955.740102056
-5079907.147009854,13569153.165959101
-5085529.399788451,13568958.68434113
-5086128.510446634,13567669.133412335
-5083576.5792485075,13567541.747857941
-5082633.272340628,13566783.775972819
-5088150.806391274,13563556.529761316
-5088634.253131864,13563506.005184883
-5090086.596654059,13563157.706421986
-5090598.340068447,13563085.472294219
-5093103.457410926,13561383.70687249
-5093468.958962466,13560625.801201327
-5092298.845374555,13559941.367783597
-5093592.653807131,13556171.821651015
-5091420.81945514,13554569.883265596
-5092040.184604934,13553011.222593583
-5095212.220300405,13550379.493131058
-5098583.221019876,13549796.254780885
-5104782.9861717615,13548202.368488293
-5112019.170873174,13545840.89168391
-5118506.548052019,13542961.759198656
-5118999.666183964,13543357.491063094
-5121920.438799287,13543561.350925963
-5123976.794012242,13543152.15889549
-5126756.276786314,13542198.909727596
-5128322.369130546,13541368.07619863
-5129947.58034824,13540352.088122956
-5132826.564922849,13538885.810078964
-5137902.504137133,13536664.88024433
-5141405.19400795,13535373.963374354
-5164866.667935815,13529721.902223373
-5167011.540140294,13529088.43805604
-5170082.842836646,13527773.04045967
-5171086.136819535,13527583.14185432
-5187215.6752751125,13528508.188228756
-5190093.575000181,13537042.88709459
-5192837.26921757,13545616.745941782
-5188622.725375831,13548380.21656472
-5186374.469585207,13549392.021401366
-5185077.102388051,13549886.2337238
-5183697.755859584,13550448.804959904
-5181265.421669266,13551638.126239154
-5180995.735591525,13551868.689553183
-5179041.562875947,13553276.55501152
-5177876.74781815,13553979.72292899
-5174748.86977302,13555541.39192927
-5168710.859403318,13558398.934423652
-5165817.551941909,13559951.115612334
-5163628.6342598535,13561368.736556854
-5160488.57277462,13563836.92353884
-5156090.7756368555,13566744.009150647
-5153690.8105836045,13568722.483773822
-5148717.891707448,13571948.988196218
-5148241.362479948,13572702.60635126
-5149175.720411958,13572820.428163605
-5153548.936251691,13572424.824092397
-5153805.7352362955,13572652.903760748
-5152971.9037013315,13573223.132064944
-5149490.67710242,13575198.866285281
-5148530.555642104,13575836.111531343
-5148631.847811969,13576762.671240645
-5152800.4852515245,13576775.474120727
-5153799.327393093,13577287.791578148
-5151882.84463108,13580574.4114721
-5160463.5175106,13582402.552502694
-5166273.216745275,13594057.25090081
-5177403.741419856,13596938.383188816
-5183510.3562629875,13596613.3700222
-5185113.146038597,13597879.205600027
-5180402.713937282,13606006.260059262
-5178120.83831317,13607631.819335766
-5175680.6926515605,13608978.563293142
-5169414.588410051,13612296.45849078
-5166435.841986555,13613952.121034287
-5161874.970135571,13616915.068554323
-5150508.562335043,13627814.323573923
-5150594.0521358065,13628945.5175985
-5154124.688733688,13628409.479245756
-5158664.013452062,13625141.02395167
-5168032.850541223,13616184.044917246
-5168893.148197088,13615581.172578515
-5170492.570112148,13614596.712364199
-5174784.733064298,13612244.415913165
-5183562.931174076,13606842.865751114
-5189827.418748607,13601622.47652017
-5190327.803063908,13600713.464497074
-5191555.13100804,13599693.918111298
-5194926.361424051,13597932.265455114
-5198517.324799188,13596360.606987039
-5201940.647160582,13595558.431315979
-5204795.603847712,13594529.94455006
-5209557.293682211,13592700.182019595
-5212303.933381629,13591942.538173947
-5228177.739755593,13589131.134152252
-5234960.861669656,13588943.581802277
-5238893.395783763,13592378.50730879
-5247185.485657478,13591744.483604692
-5245718.347417234,13596983.92348679
-5246987.226318057,13597209.025394028
-5248755.559006753,13596745.549906531
-5250123.990363131,13595903.598390011
-5250084.086457134,13594192.495826557
-5253520.114613846,13590316.24091254
-5244341.295801994,13588465.80742283
-5243358.781702533,13585612.654148169
-5255292.428411357,13578976.937857533
-5261811.240710431,13576612.461064124
-5268189.684435172,13574935.381922312
-5273125.117569067,13574037.016164275
-5277002.964899305,13573996.389675044
-5282636.910775261,13573036.37257625
-5284269.691422088,13573086.8320231
-5285688.564687341,13573778.231774438
-5287395.382173565,13573618.337012405
-5290510.746253691,13572722.830201022
-5291548.285129168,13571225.452599544
-5285751.90583444,13571551.048251698
-5284768.502200754,13570976.752202198
-5286401.900586867,13569657.496011369
-5289337.251375789,13567747.926576475
-5295515.560931729,13564022.898470217
-5300946.194724319,13562170.738279404
-5305872.340681997,13561679.56620484
-5311050.302479897,13562815.620932536
-5311081.568166518,13565659.53099779
-5317034.656767673,13564973.398859153
-5319375.457044072,13564212.185231872
-5322135.666958032,13562529.932170896
-5323355.344347937,13561163.729864785
-5322439.556547454,13557895.46961706
-5326024.509706316,13554015.684546549
-5324974.662907186,13548357.415724332
-5325191.378480547,13548512.676761394
-5324618.072762146,13547884.453592855
-5326423.38647362,13544957.868756142
-5329584.176848417,13542047.625556579
-5330877.53396072,13541363.489005439
-5333340.914909804,13540426.598841555
-5338486.269136979,13538331.78289225
-5338896.029759604,13537670.938116718
-5340635.20310769,13536639.255128076
-5343253.571984716,13535450.86873103
-5346399.544368386,13534274.4365907
-5349406.416292168,13531692.9126103
-5351207.662280457,13528329.421762925
-5354521.497244432,13525556.642587606
-5356777.11680094,13524729.494761787
-5369355.131166398,13516726.527196188
-5377515.5558402855,13513624.226817584
-5379218.0543032875,13512924.178236011
-5381226.143659484,13511895.60998452
-5384610.594352216,13510041.848886477
-5386361.254587579,13509190.352782866
-5388220.430834526,13508441.358155565
-5390827.773213578,13507610.498953372
-5392869.936445137,13506745.869019097
-5396259.11081443,13505106.007614385
-5400180.9722746005,13503095.070392426
-5403371.937058376,13501333.466206891
-5404522.94730173,13500467.319099111
-5405866.955595766,13499690.370844161
-5409164.1672545755,13498043.371443579
-5415618.68451323,13494906.82152159
-5418915.765233828,13493427.45423819
-5421584.462082509,13492365.794957655
-5424121.777897981,13491242.999648971
-5427069.2233547475,13489554.26148859
-5427863.262450267,13488686.542259542
-5423646.197603102,13489841.132473562
-5424436.346817146,13488985.724999288
-5424673.483313657,13488178.998527776
-5420459.268769287,13489363.466973523
-5410724.020961673,13492655.503066147
-5405792.487525036,13495369.083500173
-5402171.396197501,13497607.320086708
-5396221.640422321,13501696.797419243
-5395694.750956716,13501789.26644139
-5395106.825516378,13501980.9315064
-5394429.92489939,13502224.693840915
-5393587.919880687,13502497.000009658
-5392418.19480168,13503306.29461231
-5390544.488173756,13504369.090045383
-5388053.821241043,13505659.887859289
-5384997.027378034,13507170.800654156
-5383738.4537299145,13507821.131673874
-5381459.968338784,13509087.136031963
-5380064.729952439,13509813.396666408
-5378760.264468679,13510375.800860325
-5376048.957708623,13511345.648322443
-5374564.356370177,13511982.22678822
-5372254.874052865,13513240.541295744
-5370085.215832274,13514552.28128812
-5367658.608490627,13515885.862515839
-5364676.811288154,13517163.48969913
-5362121.977917218,13518309.494349686
-5360006.023905479,13519558.952874983
-5357171.587759853,13521518.626397176
-5354855.401281092,13522900.001496673
-5352506.566806753,13524244.73583471
-5350492.158520418,13525465.727931641
-5349075.1184313875,13526532.01578012
-5348897.10445408,13527220.12368575
-5349819.137096186,13528132.552695291
-5348058.560098114,13529532.588175384
-5345356.515089524,13530918.831218984
-5340499.672186004,13532585.862408713
-5337389.231253299,13534186.122772185
-5335525.158607564,13535414.063037848
-5334416.5749651585,13536326.992237313
-5333621.108520724,13537546.514457423
-5332270.694863834,13538074.848793916
-5331152.762032364,13538537.014318967
-5330096.951389895,13538942.348776571
-5328953.6182441395,13539286.006817717
-5322131.732075821,13542824.12956285
-5315506.55047494,13544658.994437665
-5307385.851880868,13545567.192094779
-5300264.6987846615,13542215.546353085
-5312125.404286543,13520777.32171381
-5323444.208597679,13499394.985194614
-5310692.093729726,13494224.42236522
-5310313.450475794,13492758.77274086
-5311197.4675543085,13491503.571731256
-5313726.21239947,13489605.45770089
-5316659.66800285,13487961.317513755
-5319886.247536314,13486314.465387383
-5322294.834726011,13484952.708840314
-5322787.523113529,13484146.428614903
-5325808.477213178,13482967.50481124
-5327370.102917515,13482601.807529155
-5329177.807273363,13482057.962557042
-5336670.92621501,13478639.527412187
-5339124.346259927,13477780.861442171
-5340585.5681170095,13477536.864751402
-5344734.394620703,13478928.757553827
-5348409.741742711,13478593.961415023
-5354299.955370785,13476889.620931346
-5356653.189946502,13475300.179056274
-5358165.697023053,13474063.787644623
-5358897.03288232,13473177.803118413
-5358697.252138214,13472734.61859611
-5360512.149342802,13471833.755756302
-5361632.802930592,13473516.010584196
-5364224.0016778875,13473312.513068037
-5369969.25708105,13470832.992542915
-5371850.327197108,13469732.028405922
-5375843.741233115,13466797.383417914
-5377411.651197872,13465834.03400845
-5382345.130829138,13462954.228492249
-5384265.608348444,13461732.514669769
-5385148.086198286,13461073.618138527
-5386461.839739297,13460257.924322382
-5389644.834774093,13458572.791775217
-5391839.208161761,13457626.060085747
-5393352.2434231,13457210.75674497
-5394923.133233433,13456672.347923055
-5397220.7878666995,13455392.062878495
-5401189.593028939,13453475.924666142
-5410141.076893235,13450449.385961842
-5414461.346651827,13448244.5929666
-5417042.823308831,13445791.670031693
-5414016.48949877,13444496.64228991
-5415923.404400726,13442533.249953225
-5421146.398888387,13439857.142481042
-5427933.059957547,13437092.2400113
-5434350.164064251,13434808.220775308
-5438469.54610958,13433568.036643289
-5446395.41995938,13432981.828489978
-5457260.189711839,13440984.116918432
-5467958.844557114,13449061.997660136
-5464831.668172362,13456912.291290224
-5466552.650909106,13459301.884843225
-5478752.528006741,13456010.847563865
-5478537.510641546,13455733.490049532
-5478677.646533874,13455494.789164947
-5482365.203759965,13452603.046767198
-5486324.661490538,13449861.932762476
-5490781.942242283,13447429.143538408
-5495462.1198977195,13445904.881348366
-5497343.468485032,13445927.473401576
-5498905.37680544,13447142.480360173
-5503685.544353512,13446587.766261762
-5507990.357986526,13447129.070555897
-5525915.59694611,13444929.231144985
-5546536.4479361875,13439834.655334445
-5557130.468119925,13438241.374404151
-5561511.294125892,13439928.601859204
-5559866.047104548,13452550.590422425
-5557999.69089216,13465222.74168853
-5555373.406651227,13468531.004370317
-5556074.562987768,13471240.125421118
-5555439.784230057,13472221.573919196
-5544896.29521312,13481390.749764083
-5540950.801644927,13491514.753669173
-5538618.712706317,13493971.07237328
-5531250.858643852,13499852.335297607
-5528377.557324714,13502594.938235614
-5518441.032313755,13515765.220262906
-5511350.627673221,13521880.221950669
-5510257.382046734,13523179.715572253
-5510011.913722327,13525119.58222382
-5507885.073834016,13526829.358959937
-5505272.649969376,13528411.325905787
-5498318.812755442,13532418.708466329
-5492480.93081383,13535572.493620114
-5481721.674398903,13540712.11330149
-5479036.105602083,13542253.439370723
-5471825.338587672,13545090.417210352
-5469258.183780603,13545162.523745717
-5469550.511694721,13542666.781014124
-5463576.931454695,13540264.875743076
-5465253.918334906,13536693.83691339
-5460061.445872309,13535059.83456323
-5460256.001531814,13533026.748124847
-5464476.758356311,13527897.66974309
-5468319.137514268,13524676.468018282
-5471126.733208843,13521681.107399233
-5472610.2892371295,13513247.580354193
-5485631.221187091,13496764.258355318
-5483831.112410791,13491154.203843703
-5478216.14803634,13492153.818159591
-5471648.0476021,13491044.717776623
-5457467.693340977,13493506.226927733
-5445542.921259053,13492460.315200731
-5445155.845491098,13493859.924619177
-5450703.709061766,13495413.365627406
-5455476.990677462,13494746.35852965
-5457330.925004862,13496039.001116341
-5474978.332021888,13493608.805587793
-5482287.351187738,13496834.108650532
-5480760.944094683,13499982.996650185
-5471434.672934135,13507108.211201068
-5465948.535984247,13516930.285449084
-5466778.760613428,13517556.676173765
-5466597.56043445,13517423.115566777
-5453714.510124625,13537440.479896594
-5460811.486923131,13543668.337177206
-5459943.733574744,13545410.97314347
-5457495.988221641,13547739.015102591
-5443137.911537304,13558352.46977465
-5441494.630640107,13560015.228681644
-5442234.273353564,13560700.361413682
-5450599.79579838,13560534.791058987
-5459532.139719426,13559102.700626325
-5460428.228705816,13559158.664124267
-5460585.644055959,13561195.112160854
-5462570.07273054,13560891.8279962
-5470242.549416955,13557007.300028365
-5473866.477973045,13555863.452700267
-5476184.200763586,13555780.058546945
-5479994.985451412,13555057.406159375
-5485576.985049542,13553249.490019223
-5490801.546015053,13551261.862957893
-5503658.30144577,13545993.297100332
-5530267.633854163,13529853.24735407
-5534893.026641391,13528418.540993987
-5537337.655172583,13528262.227217956
-5538047.346760982,13529015.404318048
-5529694.26316169,13550203.933900971
-5525965.011661986,13553502.96189769
-5521120.374590222,13556167.89813496
-5514251.24448495,13558804.799120354
-5508147.030867165,13561377.084963834
-5503027.427992193,13563972.600188356
-5499119.348104068,13566686.862113088
-5493880.718028932,13575437.32808166
-5476295.0891751535,13589457.358158516
-5476207.655095717,13589988.43639874
-5478388.416240451,13590757.619866073
-5478380.226259776,13591123.131652845
-5477637.224850882,13591806.504114402
-5476355.327971193,13592556.743073078
-5474599.425382937,13593481.891440582
-5473132.49271251,13594289.252292588
-5472610.759278043,13594744.650022704
-5453529.695440102,13605579.996557282
-5451370.439220272,13607035.670895578
-5449742.066905267,13608609.710884066
-5447419.825975966,13612404.3125819
-5442638.8298440175,13616345.847288031
-5442776.978988628,13616906.712269787
-5443676.9522892125,13616948.765337782
-5446035.940004681,13616449.379470905
-5449228.35753072,13615460.76648093
-5452672.07876489,13614023.151347408
-5455841.3317354815,13612125.409781553
-5468361.964003637,13601646.411715591
-5474287.0910452455,13597977.497601181
-5480279.360775935,13595584.546483126
-5484584.651741516,13592762.118506376
-5489969.166963602,13587041.854440626
-5497655.400865103,13580949.619377932
-5498585.690001518,13577260.094960427
-5507794.954256214,13565730.92003579
-5509946.787233073,13564867.316532142
-5515085.012962058,13562264.152095908
-5518252.248225291,13560793.046901928
-5522863.174406009,13559010.340969814
-5524841.785514364,13558459.540367741
-5526713.337030456,13557620.793902887
-5531002.722944468,13554973.876709148
-5536131.403994046,13551214.27825841
-5539414.537863306,13547912.646033129
-5541138.621513859,13541552.770787472
-5541569.472495042,13541051.030264052
-5544214.693504764,13539494.00364981
-5547591.841930835,13532808.56596063
-5549355.422130743,13531519.084863732
-5554411.50242475,13529343.793058835
-5558223.421203651,13528046.202761155
-5560245.006008579,13527697.474135352
-5571043.483306743,13532740.494387299
-5581756.260722939,13537831.938987585
-5609125.112167082,13532110.302224929
-5610709.095626271,13530672.542720757
-5607699.637154783,13530712.824598346
-5609369.121786092,13529300.350844258
-5613247.9600246735,13528013.29672917
-5617033.793764976,13526253.059088532
-5620193.104715619,13524592.555056397
-5622264.590608006,13523565.888825927
-5625265.244241175,13522691.126011118
-5634251.1041719075,13522617.098918512
-5654696.638372578,13517589.629797991
-5660060.140867597,13517081.124958705
-5664621.9431413505,13519105.838307507
-5671071.611157017,13519098.936000478
-5676367.25380116,13523242.408150405
-5674885.468192536,13524917.176150044
-5657718.250057245,13538469.775954377
-5652656.929253863,13543793.508998854
-5652326.882687701,13546806.064512594
-5653993.15436865,13546763.30736285
-5659414.841077124,13545521.567498581
-5660905.560884661,13545546.679957094
-5663294.981364929,13547244.395853216
-5662523.308950247,13554122.681921225
-5639106.430635398,13577452.93030758
-5627225.225452047,13585092.317731956
-5625258.571873271,13587143.492498543
-5626639.005818166,13588993.998836273
-5628108.639661507,13588830.37164875
-5636774.188715985,13586569.022805972
-5639750.773099908,13586463.31344389
-5642329.447411647,13585835.589870397
-5646835.865125749,13584048.250812419
-5643717.587059552,13582740.794053504
-5644095.286773656,13581156.311784836
-5652911.838468067,13575118.988472726
-5666617.702125722,13563018.195921749
-5669972.392697748,13553865.511183765
-5670162.131929865,13554042.04855351
-5670243.040813944,13553335.111370835
-5674590.320740097,13549473.15935156
-5674763.49615027,13548554.714511586
-5672116.270646376,13547197.203684546
-5672052.925267273,13536011.299937371
-5676058.805423804,13532448.399969306
-5683804.903452102,13528564.045180842
-5685810.516292353,13528176.663485503
-5690672.593726045,13530309.71116938
-5695187.703651761,13529780.136365091
-5697649.289933107,13529161.609667439
-5700261.342040861,13528279.368747722
-5703435.221733599,13526964.750779688
-5707699.09338093,13524980.467637891
-5709334.091704096,13524521.012009887
-5715189.6224094685,13523246.750329323
-5724100.168098835,13520632.600888474
-5724980.460787628,13521680.608241754
-5722866.619351274,13526709.277245464
-5719582.78036275,13530138.816675005
-5719171.20862718,13533160.005306877
-5716769.07934804,13536148.266658535
-5716638.181031567,13537837.124282377
-5721976.411084653,13539219.791798472
-5720532.164578435,13541144.063680097
-5733239.071662992,13541126.8155064
-5737142.3067032825,13546649.765452204
-5741136.986040588,13547167.302731121
-5750245.61567881,13544809.54580214
-5752671.792063178,13541832.095694337
-5744230.85026944,13538538.761084747
-5745151.060203591,13536590.545244068
-5749502.96260699,13533484.24761278
-5759319.064652495,13529056.57198913
-5761254.911381967,13527854.315456837
-5763575.227905968,13527011.730025439
-5778977.097290059,13517947.035985326
-5781822.038780061,13516483.661194552
-5785843.068623677,13514754.45197793
-5788636.426299407,13513847.445200171
-5798255.147365714,13511270.756387953
-5803083.887633239,13511461.706156394
-5806931.355099998,13510350.75844662
-5809101.828326821,13507650.159566207
-5804588.640099929,13508308.184420336
-5798005.591849212,13510008.80982179
-5791798.144593033,13510332.68392758
-5787416.6069030035,13512085.154960303
-5772729.808450638,13519341.771677054
-5769859.250455137,13520619.401047394
-5766635.286316608,13521925.548490068
-5761607.806891389,13523839.783741035
-5758029.134599235,13525385.657687385
-5755611.955478976,13526779.086629268
-5753659.641692304,13528069.563023984
-5751419.342856605,13529324.508824278
-5745703.451713746,13531468.921452163
-5740682.619222617,13532507.817069288
-5731528.145959637,13532914.697192496
-5733996.280161855,13515606.297396637
-5732199.851520038,13514476.957918167
-5726319.466509318,13515515.63384912
-5703390.374486923,13522600.617321841
-5697830.428248198,13523537.53753999
-5684060.884236106,13514039.79177174
-5684619.381368726,13509714.185152436
-5696192.627695805,13498019.958327172
-5695127.976334728,13486331.707119081
-5693853.798712167,13474706.02232731
-5696268.815882783,13473304.930167431
-5699643.641115692,13471584.488990128
-5703014.066908816,13469702.93933306
-5705002.273596481,13468314.70503138
-5709498.997656457,13464454.64138075
-5718627.53197219,13460744.941428553
-5723292.34628399,13459647.44017823
-5726911.472871819,13459164.354581239
-5739933.432807092,13454936.356861318
-5743988.2043766305,13454224.110671338
-5749935.553918528,13454657.559819419
-5751946.1201015655,13454241.527982976
-5754410.280665006,13453532.942014553
-5757299.831071124,13452541.010303952
-5759475.931176899,13452080.090717224
-5767332.839621708,13462129.125948468
-5770536.250724084,13462162.660577953
-5777112.628170598,13460252.018993495
-5783311.240647183,13458179.420430316
-5794217.604015015,13455297.679070182
-5807934.705734111,13452838.688950093
-5815002.186283355,13452829.168115813
-5819040.959657806,13454369.815257175
-5819226.635423055,13457578.248095289
-5804998.4125616755,13477047.124423573
-5806995.9002433205,13482839.281369247
-5829888.899570612,13483455.256967282
-5831213.095992501,13484526.094357597
-5824185.639497818,13492523.641555782
-5824116.557933768,13494231.88166998
-5825933.459979529,13494770.521211805
-5831196.654700453,13493368.98564212
-5834632.508078864,13490767.291039733
-5837885.924866938,13481265.906846836
-5834645.579733773,13481856.149939734
-5835015.756155158,13480835.517931886
-5824704.182197013,13480130.4836425
-5816934.67086658,13474890.207628993
-5824402.976903029,13464774.440412136
-5823347.849024617,13464301.91637803
-5823667.187192346,13462786.958867807
-5827279.791314258,13458469.112008346
-5838887.429694921,13458065.32973396
-5844271.984649604,13460218.751990994
-5849450.645450964,13459156.157360788
-5853967.924848687,13458842.676705683
-5854726.112098191,13459185.327157097
-5856902.920730863,13455822.483848685
-5834006.530968947,13453346.775700018
-5837255.792690072,13450135.621399172
-5844051.834163293,13447383.1714089
-5863841.338043952,13438914.30223024
-5870999.819627951,13436300.686319351
-5881196.790601251,13433629.406675698
-5888215.308412005,13431106.70225941
-5888694.238457253,13430464.936266098
-5887012.812973489,13430123.002417173
-5883881.151534941,13430497.531865088
-5847196.837073192,13442391.622253882
-5839653.627071683,13445235.699196741
-5834944.197443151,13446437.880072115
-5835621.863729884,13442918.16179392
-5821869.781441162,13441903.774737753
-5815940.513037395,13443595.85044532
-5800631.654119596,13446051.979323866
-5791285.68359437,13448557.61132464
-5786502.380688013,13449361.917980969
-5781339.514146824,13448703.687641943
-5781981.550850713,13446652.388311679
-5788053.6924729645,13440303.106464071
-5788676.345162372,13438253.164598746
-5782354.840651948,13438228.615079254
-5783158.787423681,13436892.1328625
-5785065.380904817,13435685.89529835
-5790943.365499951,13432282.993211888
-5792858.52244187,13430990.35141668
-5794588.826738376,13430039.391268807
-5795927.551692559,13428789.569299066
-5797055.755153715,13426821.448472247
-5794613.8890445065,13424970.66616579
-5795163.131397176,13424088.016281635
-5798619.392104814,13421078.694350993
-5799076.428448095,13420129.202091983
-5796424.525409832,13415791.735739024
-5797078.459025272,13414903.593325382
-5801075.68485237,13411341.420916632
-5803727.402981225,13407101.85029958
-5806324.570439056,13405024.177914102
-5812935.526908129,13403005.371625721
-5816438.261687863,13401602.499672415
-5820787.259731007,13399079.134835178
-5823379.573244841,13397344.720555998
-5826143.853210643,13395599.96521909
-5828946.383674231,13394108.852489902
-5831675.6704961425,13393106.043932421
-5833719.67483635,13392058.158977484
-5833010.592273553,13391816.056591453
-5833347.968828679,13391023.195599431
-5834418.743279432,13389889.409185462
-5835923.28102814,13388603.823636362
-5840166.457783574,13386890.381114455
-5841821.665359676,13386282.330626328
-5843057.297666534,13385956.866013126
-5844640.728563684,13384308.873515515
-5839794.830919487,13385097.91978599
-5840297.563397008,13383979.368101262
-5846400.024384023,13381176.22701012
-5848878.511694106,13380513.541915603
-5850132.91303814,13380662.92803588
-5856783.193354449,13379367.08153337
-5861806.704401268,13379420.172101693
-5874201.253701513,13377483.226384593
-5891443.5758981,13378014.29051105
-5905409.495631096,13385782.177014131
-5919199.0079927165,13393646.866002774
-5921263.988683902,13392589.235520769
-5922632.044750843,13390649.334938742
-5923203.05989109,13384865.557854617
-5909576.914303589,13379885.332214346
-5910222.409313272,13376542.74436832
-5909333.457652505,13375780.09377364
-5909942.946227824,13374502.463085093
-5915295.774787742,13372192.806268577
-5948980.992451141,13359735.846728925
-5954124.520968213,13358190.859699847
-5961619.517586806,13355434.494035918
-5964259.924877868,13354344.125678966
-5967497.960243749,13352774.734581023
-5972226.101411948,13350173.38451085
-5976475.207243479,13347618.835719746
-5983699.495174858,13342969.064063871
-5987402.337358286,13341552.0290352
-5992612.530898935,13340086.548437933
-5996029.096396517,13338915.731755618
-5996589.58294965,13337879.374392014
-5995519.312081497,13337500.757781615
-5993457.758141746,13337604.449491307
-5988461.934748895,13338545.457207005
-5985869.466206276,13339401.158690022
-5982545.067562852,13340908.737018466
-5977641.334763647,13343440.61411146
-5974173.042774563,13345403.27670051
-5972394.961225026,13346572.574121423
-5970154.393032887,13347862.101943778
-5965444.877248179,13350108.30264508
-5961584.91352986,13351664.339322114
-5958317.232916326,13352799.282945301
-5954869.553360594,13354273.500790179
-5950457.568400239,13356838.697229104
-5943295.676492771,13359330.904288474
-5930568.033427638,13362825.670993704
-5917676.420054037,13367375.778975828
-5914142.639852818,13368156.62312133
-5904667.854066392,13367793.20021333
-5904289.378199776,13367022.998891825
-5902021.121544839,13367843.20848864
-5895170.756014011,13368029.18276913
-5883982.859807055,13371076.218317306
-5881980.995912173,13371170.685446724
-5882620.961374461,13369982.256126018
-5886997.895770769,13366068.23089534
-5887512.844543216,13364839.9147759
-5886510.771958979,13364844.088437794
-5881516.860838807,13365828.770551775
-5881087.13817916,13365495.230998835
-5881828.71484846,13363556.293169303
-5876926.326014144,13362922.341697486
-5878349.552694099,13361115.545825878
-5889535.339365694,13352640.698655428
-5897589.427903841,13344208.802268535
-5899236.564875052,13340845.107455911
-5895814.547689204,13341070.212258875
-5895327.159560603,13341636.938341945
-5892517.68259232,13343885.723408123
-5892611.3871655455,13342601.76362728
-5904835.396969742,13329961.570028665
-5905681.76669763,13328378.389179049
-5902510.3103028275,13326032.63839648
-5902714.024836303,13325427.131569922
-5904568.441777495,13323266.537166545
-5904480.355693612,13322073.527518604
-5902884.034492419,13321749.198939094
-5903429.69709354,13320577.992184253
-5909838.576302466,13316792.372614501
-5911368.252728083,13316603.451590689
-5912118.145256671,13317022.206767794
-5911807.415484723,13317950.766151592
-5910260.581632599,13319231.901098466
-5911744.928200477,13318716.972338337
-5912580.846833814,13318513.798001394
-5912769.463652123,13318708.281725267
-5915152.2385788355,13317024.931135459
-5915882.682331382,13316143.87369214
-5913425.410070593,13314400.75427467
-5911162.603341766,13314875.209547635
-5907104.572214392,13317170.593138846
-5904274.749355186,13317951.806121824
-5905962.745865485,13316399.845803717
-5909079.319028541,13314100.663099708
-5910629.012323084,13312587.564163994
-5913652.792883696,13311142.810983991
-5914863.162814352,13310604.652951442
-5920920.937607982,13307130.877792675
-5938026.520379747,13301873.961894287
-5944499.706737824,13298868.960685411
-5945024.28230282,13298069.963113055
-5943817.625784103,13298009.810342608
-5940405.372946352,13298593.714860264
-5930075.112472825,13301472.935864044
-5926975.16641125,13301738.54559337
-5925320.525502987,13301183.805336395
-5925775.765291596,13299899.226238564
-5926585.509570172,13298827.560766952
-5933871.138246329,13276223.417865342
-5935456.636352323,13274503.825498888
-5941363.36114748,13272067.403933097
-5944998.1747784335,13271283.6968622
-5947774.007453136,13271089.276711943
-5951162.980616971,13270399.803058874
-5954236.440111548,13266571.661980107
-5954654.801432915,13265200.612343527
-5952188.266243624,13265451.600620724
-5948293.441552516,13266460.21921632
-5946462.904179706,13266407.048703454
-5946415.071272697,13265312.488367869
-5949189.136909993,13260870.829653217
-5950188.2613592,13250198.841018584
-5954353.155552187,13245378.035744613
-5955254.631990532,13242286.248043293
-5956936.267501442,13240179.177147642
-5958359.838671621,13239029.104507832
-5960330.0208554445,13237432.577751288
-5963571.328200977,13235649.341813203
-5966610.957529236,13234615.847028606
-5969370.779805821,13234143.053912522
-5977545.91418103,13234535.374025114
-5984394.685919977,13233346.492430957
-5991970.198358984,13229499.308339685
-6001782.999188077,13225980.41235138
-6020406.370533284,13222992.210768223
-6034526.090722629,13219193.116006697
-6043814.717422516,13216010.318844693
-6053550.138034284,13211738.966924012
-6055415.91562216,13210392.536973547
-6059839.323183339,13207743.615274645
-6058934.0389163485,13206740.673644578
-6053166.1481813425,13206860.52726912
-6050671.054817665,13207390.426012158
-6044118.868340438,13209319.00699255
-6040487.667511972,13209813.8939373
-6033854.259021463,13212246.73070648
-6032099.680345394,13212634.236536637
-6029316.119353863,13212561.594828058
-6000925.222799952,13217838.33899691
-5998393.894565108,13217573.731276454
-5989155.928473147,13219503.480053645
-5986972.749124752,13219152.042188797
-5993883.193121596,13215018.759450877
-5999745.4589066245,13212528.260753607
-6006067.9460127605,13210437.959218638
-6011260.289266641,13209074.037185581
-6014794.544572408,13208530.737172425
-6018863.31174507,13206738.989364775
-6020598.169543744,13206077.388391262
-6021699.782982431,13205865.686443074
-6023332.6703221975,13205823.790569661
-6029898.268319161,13204659.082985934
-6032322.888054695,13203760.213793168
-6037422.999157039,13200941.61521048
-6047995.3178213155,13194079.096733093
-6054103.98172756,13190887.958769688
-6056381.243005472,13189460.810727382
-6057775.729972773,13187955.613563031
-6057002.215529099,13187497.829910059
-6052918.380535547,13189134.442089126
-6049718.828939799,13190836.027255077
-6047883.28404066,13192028.42033664
-6047286.26075424,13192706.80683394
-6047846.832253281,13192825.960281737
-6046072.918868998,13193819.42683005
-6044491.511621582,13193712.648293864
-6041979.312524375,13194071.601546623
-6035457.156440004,13195793.020028407
-6033628.939060433,13195769.451369312
-6035663.899238925,13192286.188287083
-6034373.941773037,13191841.561948813
-6033361.431197193,13192479.814586194
-6032536.915368685,13192977.20243405
-6031746.536669716,13193480.621364232
-6030762.310117296,13194173.296289986
-6025266.867385871,13196529.322671508
-6020230.11978515,13197615.47820431
-6016070.475937263,13199007.28286817
-6011213.963177566,13201119.936909
-6008678.518933361,13202574.111414641
-6006339.6717391,13204060.14288636
-6001972.8632286,13206314.038814796
-6000047.768625545,13206906.529806135
-5990996.477552613,13208664.038275596
-5988936.392400493,13208678.145940688
-5988781.224157811,13207678.19072709
-5991984.732500837,13205094.698044699
-5998709.645352283,13202145.694557738
-5999616.193006156,13200759.286634333
-5982822.838704907,13200067.279605104
-5985441.446181675,13199011.930877456
-5987415.791316563,13198343.494240463
-5990395.453522134,13197776.773892537
-5993976.3387507275,13195983.736575568
-5996541.13547735,13195546.664584627
-5999127.795963321,13196320.334642142
-6001887.354950096,13193337.611479083
-6006729.729526903,13191565.949471446
-6010321.663649218,13192274.37379195
-6020761.237330643,13191044.495532209
-6025649.937492605,13189383.305713028
-6027401.163458495,13185850.638971198
-6026160.308408663,13184778.913640475
-6027440.111621632,13183536.992754826
-6035754.199984537,13180864.624190774
-6038837.935839244,13184439.992925406
-6042260.623434959,13184830.595688662
-6044475.432711635,13184519.942070153
-6047184.414614837,13185949.604998058
-6049545.885135356,13185553.74051821
-6057749.710689507,13182688.047024103
-6059953.071652336,13182177.917662356
-6062254.408526342,13180921.614000447
-6076530.403227444,13173830.06504494
-6080145.14090142,13171955.092775451
-6083037.450266445,13170339.097493678
-6085748.728784536,13168623.479863135
-6095488.709841475,13161760.89679065
-6099127.66178438,13159435.470374877
-6104194.0667050835,13156438.36107235
-6106487.76950998,13155238.306058409
-6107776.869101022,13154734.479034835
-6109214.522302717,13154055.176290374
-6112018.268136346,13152299.404210089
-6113890.015314346,13150908.7464575
-6116499.294724398,13148282.402787497
-6118091.065522626,13146793.084569903
-6122466.093305268,13144850.197252084
-6124717.520357734,13143778.862674635
-6130434.788712929,13140605.681742499
-6130168.987132778,13140590.558629861
-6131308.768610921,13139648.48774935
-6132883.330256328,13138582.99983657
-6133913.783670701,13138192.956640042
-6134790.146252055,13137923.934766995
-6136565.9635972865,13137092.897512643
-6140319.555320127,13135233.00889558
-6140944.396340843,13133254.679137627
-6139225.927055394,13132316.16638215
-6134098.361679859,13133648.170774227
-6124476.211871984,13138492.105918694
-6119156.5738084065,13141287.846921321
-6116554.302146154,13142791.971181229
-6115773.115168547,13143631.099929046
-6115477.036948789,13144424.978091769
-6113506.15136692,13145631.867756149
-6109403.650716267,13147692.373415621
-6091228.5404433105,13156057.641404115
-6086018.459846765,13158178.591943892
-6063220.415058343,13164677.854751518
-6060525.440951785,13165134.231052104
-6058631.076996265,13164082.228300434
-6058559.952952113,13161959.356705762
-6060090.197551044,13160199.690783361
-6062546.599849934,13157912.04636885
-6063661.420892197,13156413.197367247
-6061172.64677222,13157009.155365907
-6058875.007568291,13158585.943774914
-6056959.061684445,13159987.45530941
-6055561.386009252,13161160.292338734
-6054785.7434511995,13162071.448333843
-6054662.938785306,13159853.88994348
-6053008.668240474,13159959.729283113
-6046665.279009496,13164109.127984947
-6046653.076793877,13163083.77120463
-6052140.536694191,13158785.98930511
-6051467.617411036,13158205.941108055
-6049453.41991237,13159013.508874865
-6046643.340515777,13160404.554418853
-6043972.697074143,13161630.420431294
-6042469.219791798,13161891.317876844
-6042880.271284702,13161218.063592993
-6044381.172350991,13159966.086979171
-6046527.589616822,13158402.604904272
-6048825.306215276,13156818.590479394
-6053888.131276544,13155119.96461251
-6060480.973198374,13154160.0115959
-6065272.066398249,13152666.75130188
-6065983.717630356,13150685.563734414
-6060568.370535083,13150366.917483797
-6060937.643023932,13148476.945733376
-6063912.93955191,13147706.56144726
-6068145.737185057,13147740.73039229
-6068727.094730862,13148368.986333711
-6070818.4112351015,13147174.396427331
-6067420.430124673,13143924.98639834
-6070565.411441763,13140953.989684245
-6072328.84109527,13140970.271289345
-6078315.048809685,13139552.652447365
-6083352.108782359,13139784.346398806
-6086044.839502468,13139299.80057712
-6089235.718593989,13138100.857151903
-6092672.492456216,13136243.21199724
-6092927.074310703,13135652.251912298
-6091150.567897989,13135952.84505618
-6088573.656748541,13136723.101799062
-6086161.059363353,13137192.217484593
-6083886.899765571,13135334.77937955
-6086563.255893284,13134416.884991394
-6090021.275780765,13133739.857596166
-6095032.325415552,13131812.871664828
-6096890.311685344,13131242.034310466
-6099543.423196425,13130708.025352307
-6098472.391551588,13130342.486650435
-6092088.558911957,13131229.20953132
-6087263.707747152,13128759.927120782
-6089344.377580727,13127561.603121549
-6118753.196920958,13125799.808422476
-6119764.577371397,13124452.719066758
-6118768.908112455,13123341.587267058
-6119437.0874820575,13122180.809837658
-6121350.534446338,13121076.462159844
-6121991.272677715,13121032.90001168
-6124332.965138146,13120521.215123963
-6125248.126644778,13118903.646644609
-6123229.250913675,13118911.340585241
-6119137.79713994,13120177.246994598
-6113842.9028370865,13122338.570205241
-6112045.9164673835,13122558.668227112
-6112568.298561197,13120992.57090703
-6114436.809171146,13118704.90251885
-6116813.418543379,13116677.41706357
-6119183.295305599,13116153.087645302
-6119758.8473729845,13116112.214795649
-6121861.080274668,13114895.66668562
-6121125.828683618,13114287.81145678
-6123018.219363904,13112225.506843746
-6129777.24355471,13106504.716029037
-6134496.302515272,13104527.591395715
-6141100.3606981225,13101321.10177774
-6145937.187996574,13099326.021198917
-6145404.26408365,13100963.453860782
-6137071.5636853585,13107649.045006951
-6134283.10923557,13110309.93359302
-6135192.796892304,13111316.633698922
-6138572.898098597,13108953.923876561
-6141594.900029109,13106681.614895927
-6144618.570371401,13104719.105832007
-6147992.313490184,13103303.608988365
-6147203.593623451,13102436.368233418
-6151117.408188424,13096433.31785679
-6155138.5559009025,13095610.757763004
-6179146.639731665,13097559.728747502
-6183280.099527716,13096910.607983094
-6192342.212922532,13099046.022853069
-6195888.692532166,13095370.588238234
-6176267.857070801,13092726.31311631
-6175398.152766122,13089623.838124942
-6172187.567565107,13090671.462842211
-6170566.62517782,13091913.676234392
-6168954.556290259,13091768.810035795
-6164635.622684721,13092419.3060003
-6163217.346336653,13092360.183003545
-6161259.364237761,13090976.755822051
-6161706.3605465675,13089435.401956402
-6164511.129823676,13086840.711055623
-6167314.029724176,13085358.102465613
-6170999.054622963,13083310.053262902
-6174184.648880585,13081270.955784377
-6175497.762528182,13079808.353882497
-6178032.757772533,13079046.167678995
-6184335.10298987,13078203.008035138
-6187205.854644207,13077765.1726143
-6190398.528441776,13078528.20543824
-6197119.22970949,13076976.172978997
-6201979.759304433,13078553.34368219
-6204052.1041968865,13077336.767845696
-6202776.788491208,13074819.99950611
-6186728.535672232,13075940.898561724
-6188250.519789823,13073799.813603634
-6197300.907360008,13071582.90578739
-6203058.12486444,13069584.470202357
-6207465.91627128,13066700.236669723
-6197439.369716857,13069979.863819884
-6194014.950194785,13070491.440773243
-6194714.602251421,13068801.96965058
-6199908.550507976,13067257.143788291
-6199616.035665416,13065873.74244479
-6189486.017034464,13068931.87676589
-6190847.629098202,13066914.90679885
-6199754.454440495,13063392.381625945
-6214661.824337726,13059070.346166903
-6223086.987453868,13055944.557982977
-6224797.765519945,13054481.059465088
-6228019.77765005,13051276.53878802
-6228374.390452678,13050563.561408069
-6229062.238420054,13049902.977526769
-6231295.349886554,13048863.077503435
-6235073.859133219,13047334.201151013
-6239339.666389732,13045337.30617863
-6240835.814710648,13044836.407343684
-6244593.906859079,13046242.54907335
-6244586.272696568,13047089.356380485
-6243067.464707706,13049805.528923346
-6243851.827068522,13049932.405539453
-6243762.512363598,13050144.706518559
-6243930.762740776,13050336.56879716
-6244984.889142112,13050485.919498079
-6248803.984686716,13047523.607257513
-6250616.412738518,13045107.27349837
-6250972.2053840095,13043408.373390568
-6250465.615413302,13042568.364100162
-6248388.509699793,13042061.880254952
-6237085.174223636,13043610.66802048
-6236377.985669523,13043403.841163196
-6236439.878790481,13042818.040664038
-6237745.692258139,13041803.455822224
-6242129.318595935,13039284.294736275
-6243837.108633611,13038546.21400832
-6245836.255031529,13038489.907912899
-6252883.598154788,13036483.075479135
-6254162.445624277,13036419.799627015
-6255410.609799285,13037188.151736755
-6257109.337342354,13036831.32977932
-6260531.8017433705,13035209.841667484
-6259241.706364409,13034941.13689106
-6257034.848661535,13035236.118593004
-6255675.938172825,13035068.104050893
-6256857.190527291,13033449.402071644
-6252248.362893057,13034587.22933243
-6251280.583050088,13033018.63416447
-6253308.863174106,13029800.91049382
-6257704.763745233,13025980.124133544
-6266731.7125998605,13030266.478700208
-6268604.488623019,13029145.974699937
-6269334.283840483,13027793.682571385
-6266170.895433127,13024667.43905596
-6266825.569184492,13023117.307139793
-6268642.488180679,13020906.378101882
-6271055.29541483,13020197.933501337
-6272346.638859652,13020279.02076039
-6273637.4496605145,13021247.875066767
-6276005.086935529,13019594.127046753
-6277520.905849783,13018306.289450092
-6279711.629187958,13016078.491174825
-6282649.042952407,13015447.292152075
-6287288.086942604,13017636.38097019
-6288200.403269406,13016721.44256404
-6289235.187024805,13015888.612339217
-6292100.372292697,13013854.042394983
-6295368.9119598055,13013018.273178171
-6299855.448802592,13010690.238673277
-6302724.499804219,13008500.019677876
-6301171.912274338,13008058.09749908
-6294287.304446517,13009918.527274707
-6292402.528988912,13009908.702037297
-6292832.9377585305,13008173.10209101
-6294875.044770765,13006940.63330344
-6300908.000638111,13005743.308379175
-6302145.733775128,13003930.797505924
-6299910.992086213,13001448.31376183
-6302516.643118837,12999191.843914421
-6303110.741072903,12998360.559643123
-6299325.300254694,12999595.010779498
-6298714.267124807,12999312.820492048
-6298998.410919108,12998493.905691987
-6299919.70112715,12997458.651231512
-6315580.552090745,12990721.427340586
-6319187.229229378,12989388.384027181
-6325561.589411973,12987462.489753416
-6333933.151388472,12984040.702144481
-6337699.636005945,12982931.667833386
-6340386.293846459,12982550.218208063
-6343766.5172207365,12983215.184324313
-6343947.260724917,12983668.179014295
-6342998.580129631,12985352.787180431
-6341837.568419762,12986259.399888491
-6346038.727450215,12985854.96422521
-6361741.118045721,12980790.962121403
-6361909.074019506,12982967.223840503
-6358488.913308854,12985475.083541693
-6353965.369935342,12987706.418562602
-6346396.057098737,12990839.662041074
-6342037.766698221,12992964.842685305
-6339942.080646485,12994204.398431413
-6338862.369727044,12995260.026485443
-6335240.488441647,13000610.67635237
-6336803.850662592,13002065.169034882
-6341404.801138,13001676.808512788
-6360768.192797058,12996919.390434695
-6365174.848496609,12996828.234628301
-6364119.458493189,12999257.620280858
-6360408.970312443,13002436.14226673
-6352143.354721906,13008044.608250769
-6342020.896402901,13014218.7699264
-6332988.697212174,13019228.983515467
-6331569.27933517,13020412.604165211
-6329201.6586978985,13021500.289334688
-6313797.40271329,13032117.013638217
-6312209.69272201,13033440.219896996
-6309793.397413507,13035686.084026856
-6307933.068738673,13037059.938893087
-6306528.041935462,13037918.670917643
-6304859.24109301,13038831.545655295
-6294695.7128016185,13044602.002557505
-6277920.811739392,13053659.330130342
-6273504.20293268,13056178.529398037
-6270638.6167990705,13057603.419905819
-6265530.088888505,13060306.257368345
-6259984.736637119,13063408.431559782
-6255826.043949676,13066017.294857875
-6254204.426069485,13067833.890885048
-6255185.233353742,13068593.90793609
-6257514.111697718,13068581.684849484
-6259910.411986117,13068092.350820376
-6267295.6565094795,13065561.435031706
-6269437.237797739,13064541.438958745
-6273283.4923400385,13062440.61412168
-6275262.324002494,13061436.989818139
-6280628.710008655,13058934.008769402
-6284174.871547732,13057140.269079281
-6287100.79419095,13055231.012446487
-6290670.470882884,13052326.62895554
-6293357.228745605,13051379.950790064
-6298900.203982743,13050206.711056767
-6300691.131738546,13048818.447505448
-6303325.630925595,13047557.178287875
-6304834.562653159,13046674.29643295
-6305897.663303158,13045865.399356663
-6307121.55288983,13044863.706652017
-6309207.885545294,13043474.983464217
-6311192.115937043,13042482.631337756
-6313174.11007504,13041588.429537976
-6315254.772591219,13040494.819730232
-6318895.671641417,13037996.207001638
-6321212.340053478,13035840.690305661
-6324357.05231873,13032463.322346695
-6326708.913980567,13030686.97297412
-6330182.378051446,13028267.92513188
-6334085.39580995,13025690.99324864
-6337704.373549804,13023430.28816136
-6341715.7380479975,13021190.1062546
-6344762.783121606,13019682.65975488
-6347749.022441178,13018120.034576327
-6351515.166702964,13015757.181118172
-6355725.653737073,13013587.500916507
-6365748.277916354,13008121.581607565
-6370602.079622907,13005660.29708133
-6375397.830803703,13003747.446160186
-6378501.08941149,13003147.648567086
-6392550.395400494,13010680.82322137
-6399710.898016006,13009960.87683738
-6405789.101287506,13017437.261377461
-6389999.951725555,13041883.899250513
-6390165.347215047,13044610.497832047
-6388190.662344797,13048567.725467525
-6380418.139982676,13058477.775674393
-6371048.468399691,13067999.726283764
-6364028.263098395,13074111.13343729
-6357228.0143165225,13078718.241951052
-6357566.730646614,13078747.859922027
-6357021.347304826,13079367.578687409
-6355557.73712043,13080479.546680784
-6353064.97420242,13082048.40684762
-6348151.587413993,13085410.911882203
-6340012.784179986,13092474.792245323
-6335682.863031256,13095744.194237579
-6320541.507773202,13105589.362707771
-6310241.681824978,13111865.73056569
-6305914.232401897,13114698.222163059
-6301205.547085609,13117633.297684059
-6294142.917840708,13121532.687763106
-6281766.518387549,13127583.35085539
-6276908.225521437,13130213.00415646
-6273032.125124489,13133088.383193787
-6271140.480024044,13134640.864903316
-6269136.532257581,13136034.144924564
-6267045.241433983,13137403.61375562
-6264925.989833995,13138864.683913251
-6259644.7341416525,13143041.255661016
-6241800.940175406,13160084.241573496
-6237151.766795303,13166128.961118063
-6231421.811883035,13171949.17134109
-6228839.3767871335,13173979.444835406
-6224834.62173705,13176317.162956228
-6218067.0257684495,13179620.737091592
-6217364.742676191,13181155.883790944
-6218920.17298483,13181819.180237912
-6219278.783492372,13182969.664898992
-6214965.756985833,13185967.437421033
-6211027.713621115,13187777.781526288
-6197787.349619031,13192723.922450801
-6192090.379730279,13196865.223049134
-6194676.135941757,13196840.793875413
-6200420.444514,13195222.260751132
-6204173.675238549,13194584.081304317
-6206111.961563779,13195794.787987778
-6207167.71306798,13195572.460891206
-6211310.474291447,13193749.164349876
-6213064.883968716,13193080.40102972
-6215328.336738001,13192645.76480185
-6216804.90611492,13192742.621031227
-6217142.965595333,13193460.152107306
-6215952.596025265,13194891.335710384
-6214673.108541508,13195690.272290438
-6214733.107643472,13196319.266199421
-6216058.978889645,13197113.420422746
-6217292.517265467,13197159.25699859
-6221320.739443514,13196431.575837448
-6222558.333564749,13196480.479128039
-6224775.689260057,13197746.719537174
-6223733.432384911,13199409.15068673
-6215090.026225141,13206308.39848585
-6212720.440918602,13210279.365003716
-6210388.402759954,13212793.34666817
-6203889.958299748,13217639.188019473
-6202024.497378973,13219168.76306371
-6198311.18340479,13222659.479103213
-6196332.013286782,13224130.889924826
-6193212.601178048,13226904.70788317
-6194244.500695662,13228862.078687672
-6192145.41223402,13230969.341776278
-6189671.51608774,13233076.17396638
-6187219.292617411,13236351.22313668
-6184780.919868564,13238383.798521172
-6181035.873595618,13241046.335913042
-6177952.387352492,13243437.69759984
-6175645.21506693,13245547.729369042
-6174118.068233646,13247423.521757958
-6173892.644669118,13248359.670545002
-6176657.294065826,13249150.623302886
-6176092.764638233,13251336.797339184
-6176692.841112462,13251659.067898914
-6175600.812843318,13252510.17611792
-6175103.999991405,13255315.352809878
-6174099.021437728,13256347.20993828
-6172932.190947831,13257356.955429431
-6172241.984600135,13258175.446414424
-6172653.393060699,13258624.504462365
-6177377.007630732,13259277.514741004
-6178042.333007078,13260460.53382113
-6175001.64879143,13265497.523024939
-6176649.745136172,13266101.57858131
-6182975.164525213,13265859.55144662
-6186224.626006534,13267547.288384283
-6185322.2883429,13269824.520802436
-6180922.191892329,13273549.416611072
-6171320.291441328,13280001.626922552
-6168814.470654213,13282053.416225342
-6169971.693346989,13282355.856182966
-6171436.488696191,13281944.18082693
-6173651.960841136,13281201.31724833
-6176062.911643879,13280277.202083677
-6178282.503428773,13279244.47905148
-6190871.322970713,13272899.091157483
-6196716.720022479,13271033.18795918
-6203519.593900583,13271321.503627475
-6209791.493540926,13275572.335182125
-6207147.69867505,13278198.315514654
-6206688.797672206,13280965.61772751
-6204289.996447656,13284646.696318792
-6184882.327012243,13304011.91681437
-6181980.232108497,13306254.337051423
-6170058.043906088,13314060.241449129
-6168693.003262423,13314800.106453594
-6168209.015308065,13315002.74174929
-6167762.074504515,13314976.873052541
-6163707.03359472,13317855.011720143
-6156121.459143744,13325989.86891547
-6156616.8893102985,13327259.17476076
-6156055.452331097,13328279.437201025
-6151897.556097126,13331988.84992232
-6151201.904393544,13334100.53376609
-6138518.603776006,13346718.252850175
-6134404.833623921,13349168.492873207
-6127568.198330974,13351949.577530315
-6112153.292986859,13370965.071355354
-6103880.289573914,13377184.31569427
-6105843.938105983,13376672.497833256
-6113110.051216485,13373781.533591256
-6115564.473744879,13373242.461785484
-6116779.6735687805,13373423.382320248
-6117989.937027508,13375311.676276602
-6115522.367946157,13378721.608369542
-6115273.586937209,13381385.515467092
-6115568.701320225,13381935.07554803
-6102216.5271206815,13393592.089716954
-6096855.76937774,13401428.395425389
-6086652.875681244,13410438.00355659
-6084940.413582033,13412414.579502609
-6084944.427049874,13413705.044869708
-6086358.138975208,13413473.376077881
-6089038.558915772,13412392.392450495
-6091978.488519897,13411100.208369587
-6094051.0612942325,13410287.420353157
-6095893.847159149,13409891.165290436
-6098164.081905834,13409813.137609756
-6099981.3809512295,13409393.559093751
-6102276.218543602,13408226.953604167
-6102980.81741948,13406632.073885325
-6098727.547335214,13406198.45339948
-6099667.798510414,13404486.110973654
-6101127.81429324,13402943.076684529
-6102814.696360707,13398388.60325729
-6117088.645769333,13387188.176872458
-6123349.581410089,13385620.103731385
-6129010.444377687,13385307.025630528
-6135447.514969698,13382840.539356988
-6140680.2900603,13378839.96422216
-6137039.152827005,13369013.480969045
-6133240.864004277,13359248.459302787
-6135423.198559008,13356623.576682052
-6141737.608518052,13352446.55131981
-6141744.614936582,13354365.715198528
-6138526.39871261,13359823.092417547
-6139007.909544008,13361448.030525047
-6140813.093923979,13361085.82938056
-6144131.069343918,13359995.648428379
-6147264.413738161,13358766.114977738
-6148430.542368974,13358034.328048851
-6147609.7343768785,13355972.894339278
-6161463.492484645,13336092.914134378
-6174968.627092596,13316247.265792618
-6178036.7665102845,13314721.373369902
-6185945.910868471,13311551.707119644
-6189172.783536918,13310147.96990053
-6192285.353455369,13308718.970877
-6195294.784503868,13307386.549670964
-6198243.628573969,13306280.743274162
-6200411.478177109,13305824.571043253
-6202677.669505634,13306561.16426403
-6204241.450976885,13312837.990519177
-6207221.862873294,13313359.967157533
-6221937.275533716,13310632.409904623
-6224805.65925538,13310857.293861378
-6221329.710021996,13316074.346049938
-6221386.224036199,13317847.501125975
-6227511.607835639,13315577.51474826
-6227608.154982837,13313132.40324845
-6229226.1367542865,13311640.85007188
-6233369.366291127,13310665.001451427
-6251446.376528588,13318390.633030953
-6249856.284108607,13322578.20502653
-6252219.207422918,13322110.455460627
-6252859.250596535,13321677.257411795
-6253327.066369164,13321303.824946336
-6254299.540706197,13320775.16255255
-6256388.951014247,13319906.936366651
-6259146.0580523815,13315472.276740005
-6248369.438884917,13310849.40319533
-6237520.516772752,13306271.936492268
-6226511.415361988,13307762.777029505
-6221939.54033352,13306548.419991279
-6216735.575600301,13306932.797936209
-6214818.380233486,13297283.5390538
-6212764.968486148,13287683.05426684
-6218181.466942023,13285416.570218531
-6222613.110755216,13284272.263533976
-6230002.557078887,13283641.828885695
-6232335.974913407,13284655.550958268
-6235674.073707882,13283760.130956272
-6243127.093858471,13275309.294945758
-6242438.154656095,13275074.632442266
-6238784.96903486,13276780.875615338
-6233355.568007266,13278775.571546245
-6228220.322327943,13279441.321503151
-6222309.645627355,13278975.017925616
-6221169.181397545,13277353.0382743
-6223518.811378912,13269367.631610524
-6221320.528258228,13268577.674622156
-6221139.263733125,13267670.661711503
-6225934.255393357,13263608.693113428
-6226075.053040237,13262770.182454651
-6218557.252054055,13260106.55954857
-6209798.743073006,13261772.29932868
-6209595.955455552,13256744.56340827
-6204195.862527089,13257420.819857508
-6206208.493680345,13251822.30889523
-6204836.315936391,13250608.230251443
-6197643.262959581,13250635.057906758
-6194421.110602905,13243851.474124609
-6196618.327943517,13239457.824179538
-6203693.147557605,13232659.780081935
-6213091.144931921,13224832.372005662
-6216603.1890922235,13221402.413478473
-6217407.6377760805,13219567.871410051
-6214785.955664717,13218432.719242427
-6214731.058559072,13217803.630984811
-6216093.781780694,13216704.53291781
-6218389.713410731,13215178.178926429
-6220510.050049624,13213695.689600807
-6221380.94541176,13212708.231367521
-6226109.0801190045,13210321.840337502
-6241820.537313976,13201647.597014321
-6245415.838362105,13200073.232272485
-6259266.046725481,13195592.413137097
-6265299.4138175445,13192561.580759728
-6266359.335448277,13193291.587888144
-6258798.16214916,13204404.916512465
-6259152.067002846,13205889.484876402
-6262331.55868638,13205402.662477002
-6267305.23462773,13200935.01525953
-6274174.060520562,13191067.526503917
-6275679.816850792,13189626.672169767
-6281966.788186898,13186997.67649446
-6288600.852661468,13186578.517972866
-6293094.542265132,13185230.546032712
-6296232.723204574,13184125.651136205
-6300843.826310298,13184210.79102724
-6308436.303667043,13182539.004810316
-6312914.061794693,13182860.324495943
-6315479.443617279,13182335.555719312
-6318805.755559308,13181365.309911704
-6324819.245343151,13179206.876613423
-6327352.117302914,13178426.60781327
-6328770.492965875,13178383.659503233
-6331382.696651291,13180105.768100325
-6338189.463500502,13179463.600242494
-6340329.660492626,13180886.13736202
-6342185.485516,13180712.362711223
-6344448.085398324,13179913.135778796
-6351240.286978036,13176943.17043983
-6354008.0981180435,13176096.917665564
-6355703.763905984,13176742.282681525
-6357722.162165229,13176337.84025537
-6363165.439869272,13174655.842349507
-6367762.036233198,13173659.767498868
-6393145.813149806,13176491.896041669
-6399920.885110026,13186512.910224918
-6407486.361083313,13186464.60531747
-6413886.555460768,13193613.124593629
-6410056.081712716,13196233.962328129
-6399823.139056131,13203425.837696997
-6395576.712595067,13206698.54228565
-6373419.764958813,13225871.268379843
-6370677.007934043,13227909.666025942
-6366825.736507375,13230371.756230783
-6363689.100549652,13232242.61548727
-6363430.084206081,13232413.5485101
-6361274.560024303,13233829.69492804
-6359481.74683241,13235503.633685099
-6359434.392756915,13236296.809847293
-6361192.161598858,13235950.474129673
-6363566.665097218,13235208.616095439
-6365536.327858776,13234718.98363271
-6367542.13885845,13236063.853743909
-6370015.212899607,13235444.618050903
-6375179.0489202365,13232080.768669393
-6381722.703681266,13226712.642199041
-6386069.502421565,13223439.232374338
-6395833.257605752,13216508.78508684
-6399139.886897553,13213749.052981632
-6399819.9892580155,13210941.135550922
-6401373.931889064,13208658.457141316
-6404199.548865611,13205728.61552054
-6408032.673256887,13202428.114447579
-6414099.42869284,13198227.988732787
-6417607.466677812,13197018.596981276
-6420458.372906514,13198376.29537742
-6420225.644802968,13200070.069869716
-6414726.50334154,13207348.521576662
-6418401.115576044,13210081.142369565
-6418020.126861727,13211035.548126606
-6414725.103724007,13214104.173532667
-6414228.177457795,13214974.13021839
-6416044.575158092,13215559.765145421
-6426311.186376082,13215270.28367031
-6427235.640194415,13216745.183928048
-6426807.040790302,13217674.71834988
-6423506.111722254,13220765.608704522
-6423008.412579707,13221644.72339948
-6427357.38540779,13222284.928835522
-6431063.620630111,13221670.251123939
-6435249.507486195,13219930.97583918
-6434397.116263648,13207594.320171712
-6438184.315881837,13203836.407439064
-6446409.8552186275,13199008.675500507
-6445212.441142207,13197690.382329846
-6443496.413042206,13198174.816874156
-6442767.532990807,13198156.599960128
-6445726.800209383,13193427.002904352
-6449684.59425634,13191220.079544235
-6454834.136477233,13188974.814102909
-6459195.62864992,13187250.988819785
-6466801.330050522,13183924.505925026
-6482788.624282099,13175817.155770428
-6490986.924304146,13171907.603150273
-6500210.554638893,13168049.534629479
-6523081.948542311,13159827.149278626
-6528792.092467202,13158310.202977678
-6532388.739297723,13158429.394056167
-6535744.275961297,13160663.814853242
-6537594.409520063,13159618.925377345
-6540324.549581363,13157181.755109446
-6541394.917154714,13155599.038371759
-6540521.578111342,13153814.774911555
-6542550.644152918,13152665.6632832
-6545097.079889044,13152347.543513533
-6553519.827454757,13149493.306456486
-6557857.72576826,13149361.239277253
-6563829.543694701,13148246.56195509
-6565730.485132401,13148404.49712479
-6567440.699122567,13150593.909087189
-6568931.900638087,13150755.70870539
-6570855.331738487,13150267.581119917
-6575583.720533024,13148685.430770835
-6576869.784090176,13148632.691916335
-6578979.1175763095,13152622.073424498
-6602732.791475575,13153021.293383537
-6607691.62862415,13151334.451707136
-6609099.759410798,13151170.218723318
-6609812.922181833,13154888.133512257
-6611368.779953985,13155182.384413222
-6614265.233110918,13154577.133985555
-6618726.673132801,13152556.168499758
-6619405.945215421,13152129.041823383
-6620582.450292254,13151478.418070909
-6623342.245529533,13147910.93970063
-6624983.541453967,13146638.017427234
-6627716.30887031,13145187.123964252
-6629628.925970891,13144445.893607114
-6631483.397536297,13143806.603276987
-6634059.189871247,13142641.896793477
-6630917.736473734,13140262.620493356
-6622919.388369455,13141445.775185585
-6621277.051159216,13141115.086899087
-6618844.171594816,13141416.774152469
-6610391.21227954,13144353.456567077
-6607964.3091477705,13144658.851206398
-6606191.48386007,13144361.120949155
-6597551.671147664,13145197.184659481
-6589039.7867765585,13140727.539207797
-6586649.946706849,13140719.164494688
-6577283.546728905,13143942.196659302
-6575451.610358628,13143504.36501177
-6574412.416865076,13141266.92919908
-6568407.836443374,13139779.991360176
-6571232.126971405,13138512.60057375
-6573027.561018388,13137912.180088922
-6573896.288700099,13137896.262852605
-6573841.71986737,13138436.409697024
-6577084.409619268,13136295.013630277
-6578278.616468034,13135417.699646544
-6579243.207778563,13134469.296852387
-6580782.856962455,13133746.574598541
-6587417.25224711,13130961.233199857
-6590365.1446165275,13129888.53923271
-6593555.789346036,13128364.302389262
-6598013.746771494,13125405.04360758
-6600774.073743927,13123198.313679531
-6606061.449771194,13117954.82281319
-6608047.247568197,13114988.766040185
-6599095.6595241185,13114455.240692534
-6597665.035834652,13112564.597606294
-6572166.695169147,13108458.192167502
-6546523.746975663,13104467.98331095
-6546539.474306333,13099208.234448297
-6537264.407843507,13097638.405200826
-6526016.90289126,13099526.812338397
-6522817.060939322,13098890.430293152
-6518007.6712133745,13092289.724633247
-6520024.698767261,13089122.203545056
-6537870.52297679,13071552.08554128
-6541918.0306784,13070019.54674319
-6545214.342089009,13069115.489929618
-6547559.834614451,13068817.012376014
-6550666.607263751,13069573.67978534
-6552797.157542979,13068772.64255371
-6556532.739434883,13066388.543434987
-6577668.30134292,13064955.754543254
-6578946.789667148,13065354.996448997
-6580248.414479003,13070326.275610056
-6575873.776536061,13076484.316403134
-6576453.017918092,13077771.526474439
-6584363.355499502,13075243.678671474
-6589428.409760879,13075056.611719143
-6599063.134127918,13071954.151703067
-6602831.783943074,13071414.55525616
-6607570.80526699,13072222.063620174
-6611090.709691762,13071861.49419093
-6629737.205533082,13065392.732113568
-6634357.447231726,13063402.977094192
-6637819.7113302415,13062441.660925498
-6659352.9231721945,13061771.857374419
-6669957.732614382,13058893.559498452
-6674195.25271518,13058203.419534346
-6679157.570818966,13059101.098279105
-6671297.647796716,13072808.101397898
-6675981.771337208,13076583.083874844
-6677710.002784271,13075875.259777036
-6680967.467157873,13076401.459161019
-6697353.623964469,13071710.491415696
-6701535.849222239,13071728.201297926
-6700630.8222014215,13076433.927469457
-6703341.496383423,13075574.174103335
-6708133.217390119,13072440.382916544
-6712003.217664283,13069191.060882833
-6714507.912252034,13066553.536355523
-6715037.404050509,13065351.435862547
-6710415.417514256,13064975.527290355
-6707534.267134644,13063001.112612227
-6696839.61886673,13063163.116662381
-6692438.780849001,13060191.307275869
-6693825.379707164,13058362.352476561
-6701674.323094625,13051619.70871014
-6703126.362709596,13049196.271225613
-6704961.637979206,13047179.412675738
-6705456.803552046,13046400.575389596
-6705129.553051314,13046154.603876531
-6702391.0743311,13046676.881635172
-6698594.302106561,13045802.833125867
-6691255.408887304,13047501.312172849
-6677391.726532943,13046282.472249826
-6676115.745015142,13045177.77827266
-6678551.361682476,13042427.65809708
-6681369.17308227,13040556.10950114
-6684839.41013881,13038575.360968033
-6691736.202456517,13034789.45834624
-6695601.732869009,13032489.067826075
-6697867.38721516,13031010.037938898
-6699278.4532041745,13029863.259117588
-6700721.700617785,13028474.361705905
-6702371.40710249,13026021.651043769
-6694134.704768996,13024875.765292563
-6691099.590830156,13025315.114078002
-6685983.873019255,13027183.570279531
-6654238.818548805,13041720.717208931
-6649875.061884119,13043921.121378683
-6648109.879002774,13045168.58656367
-6646743.659826626,13046378.663141765
-6643647.320130318,13048423.277296351
-6640289.43469888,13050156.165326955
-6637549.452500215,13051321.770179383
-6634757.710120621,13052715.680996139
-6631233.876969366,13055156.042193508
-6617799.451532296,13059380.078013113
-6615270.015166112,13059615.03141569
-6615583.429565119,13057362.793552915
-6615000.128831098,13056660.545296699
-6611780.163669719,13057402.243054772
-6597520.127183303,13062685.618711045
-6594187.584827287,13063483.321929652
-6591656.5851289,13063271.639539411
-6586819.500065166,13056760.314805634
-6587892.999904166,13054942.853893138
-6594386.948183106,13047892.791108843
-6590571.766327254,13040744.119215028
-6584569.48268954,13041926.715821607
-6579009.155418457,13043542.894943427
-6554741.426153125,13046579.674027335
-6543333.707118646,13049908.404153755
-6506068.07377497,13052337.999810278
-6501541.375513104,13053710.930980911
-6496382.909530381,13053350.64649689
-6490253.197528164,13054530.16793933
-6487991.867960563,13053306.0814615
-6488010.397537948,13051769.234946677
-6490642.811188721,13049782.798719767
-6497294.747864194,13047417.576044897
-6500530.840762951,13047172.726075443
-6504227.299446436,13048690.401865518
-6509139.975204971,13047401.282980403
-6504454.079539116,13044703.258574776
-6507308.777336553,13043654.847864259
-6512607.588841326,13042257.42840454
-6515601.058131222,13040839.29677101
-6516747.539459725,13040370.279617636
-6520170.018474111,13038749.405532425
-6523650.019112292,13036984.366656031
-6527846.075174279,13034001.206166556
-6528528.9121908955,13033469.799984641
-6529434.484886315,13032550.928833125
-6529613.873824485,13032098.22633795
-6526418.610944969,13029972.881520202
-6525093.182522175,13030058.378200075
-6522957.338117217,13030992.374523135
-6520252.311200817,13032371.999752592
-6517183.850425569,13033801.381788444
-6514218.271010328,13034937.986361759
-6495646.916674073,13040376.840755599
-6493114.516904669,13040719.651161285
-6492213.9368481655,13039835.591910765
-6492841.016551347,13037641.834268024
-6495116.644721994,13034717.397638975
-6499248.590311572,13031591.024162315
-6502839.030313713,13029337.075780077
-6505446.4318035,13027455.736338602
-6506799.95578491,13026156.713026403
-6506631.322250869,13025637.379034823
-6505083.86764047,13025976.844627885
-6503390.848734754,13026860.56512729
-6501653.004760157,13027905.516128363
-6500031.502385897,13028682.263400711
-6496840.17737003,13028973.860612202
-6497747.739066229,13026846.64199272
-6499847.334728706,13023988.125455651
-6500657.674096332,13020414.404944295
-6504352.173062616,13015209.786970751
-6503283.964334438,13014735.412339013
-6505036.597024458,13012901.634240154
-6505689.676888279,13008658.150477227
-6507163.119226207,13007450.276896885
-6509256.43947545,13006065.62128673
-6511179.197427061,13004863.62537898
-6512197.097914723,13004155.8644869
-6512334.895320904,13003668.798966954
-6510534.2449082155,13003267.770061636
-6505904.99380538,12996474.705718014
-6507495.391091098,12993723.767608494
-6505076.470117842,12988664.101650579
-6506308.120776361,12987074.28055866
-6508938.076946367,12984826.202057512
-6510418.574047973,12983251.422729615
-6510794.411094463,12982181.487305896
-6509621.216070561,12980853.918837694
-6510103.304673255,12980031.534901911
-6512210.409347553,12977941.403689165
-6512508.497852117,12976378.94400123
-6505102.486981434,12977865.368603088
-6505474.241119555,12975889.384561254
-6506496.585679661,12974168.951625904
-6503799.6507853735,12972055.312502598
-6503734.874639988,12971079.038827406
-6505765.172991753,12967721.665038463
-6505869.70863858,12966569.752561118
-6489235.285126873,12958620.923639482
-6472414.883723139,12950781.331757335
-6455410.549966517,12943049.892399702
-6451662.25522304,12944093.86328595
-6447578.459179275,12944083.183329718
-6439067.030277327,12945703.230558904
-6433241.943943559,12944684.745670022
-6433974.594760308,12943624.224350626
-6436571.135833396,12941304.741597395
-6438636.935917425,12939851.40975118
-6440188.171703062,12939473.192371747
-6443161.431602319,12938419.678524623
-6455211.145389437,12933092.544411767
-6458333.2180888215,12931544.142627295
-6471178.730443128,12927363.934355652
-6483233.800629508,12922315.571323005
-6487814.81102296,12921339.115982946
-6495040.140814388,12918863.71565597
-6495590.829067079,12919508.079732032
-6493278.004798565,12921552.567402558
-6490138.82533439,12923807.109117767
-6487635.017610424,12925729.208895655
-6487176.442486,12926813.752839226
-6487383.792295449,12927616.456647584
-6488479.204208447,12927290.892534
-6491454.101447319,12925583.033796411
-6494506.403803689,12923754.26513571
-6496742.640523897,12922582.987638528
-6498265.685227548,12922032.523970775
-6499174.375768408,12922064.44890187
-6500486.977649923,12923326.39405568
-6503295.310231969,12922164.082188692
-6510143.923501901,12918108.091423364
-6512591.0326890005,12917343.013287699
-6517066.132128762,12921726.984759426
-6519349.142074958,12921430.569054514
-6524015.700992009,12919348.784262134
-6523047.026021289,12920931.499145307
-6520705.960204757,12922277.370117296
-6518991.650223556,12923127.336678702
-6517661.228058937,12923659.213022102
-6516528.040656581,12924004.253677316
-6517664.364900424,12924496.045769228
-6517638.943229849,12926860.579733104
-6518881.587583349,12927320.021313101
-6520531.02151035,12926949.67975638
-6523187.780452417,12926029.746828921
-6526346.760102873,12924663.66324267
-6529528.899540727,12922930.984522743
-6532916.769333275,12920200.799888683
-6533419.470110139,12918445.460486274
-6531268.527019607,12915669.750151487
-6531643.594571484,12914647.312775813
-6533062.63613714,12913394.597928207
-6534137.661993265,12912936.626314363
-6538427.299678314,12911642.2849246
-6536886.252294249,12913685.308137365
-6539244.28708771,12916255.075319335
-6538254.688772871,12917760.005108766
-6532242.363141137,12923179.226040874
-6529717.010505447,12926390.770706646
-6530528.29366001,12927382.73819958
-6534027.0532711735,12926566.252664959
-6539516.276150904,12924366.981987108
-6544783.238869293,12918840.308943424
-6547388.610821506,12916906.264037408
-6550389.066521404,12915424.635523763
-6551921.220877503,12915386.414710024
-6554881.295701919,12919622.939215738
-6557576.390712169,12920015.657821275
-6564100.51143677,12917697.957628995
-6563876.950554821,12917334.615076149
-6564374.5631326,12916099.412934689
-6556254.928338351,12908461.532374742
-6559591.037856766,12904360.991551936
-6559734.242533785,12903568.49868792
-6560976.693670177,12902400.28758363
-6565566.737067816,12899811.792287324
-6567747.825678161,12898857.22549427
-6577904.658265647,12895983.798194548
-6580429.616795365,12895984.332753358
-6581312.566032338,12898938.216151165
-6579362.17463756,12903455.821180642
-6576789.094960743,12906533.051142026
-6568642.183435833,12914060.46047791
-6566322.189896062,12917155.65741692
-6565961.536006469,12919133.483808478
-6567895.328239028,12919500.284726838
-6570746.302963331,12918717.119869929
-6571894.518641573,12917934.826834839
-6571831.157865411,12917240.347715955
-6571090.095653605,12916703.74879785
-6571368.6380846435,12915877.756383076
-6574470.885052057,12913076.161396626
-6576695.741180591,12910450.009982051
-6581445.854970158,12906554.527973326
-6586528.241842476,12902657.209740838
-6589377.462733178,12900645.305255428
-6591777.034106653,12898789.437468622
-6592565.892921375,12898669.641738323
-6593867.588159534,12902357.956581904
-6599733.67198767,12901491.33947494
-6614084.734331913,12903024.829865595
-6620263.31670826,12913133.788873974
-6622246.162447007,12910951.33662683
-6621139.0376525,12901966.794278514
-6623330.957492126,12899550.750173723
-6627108.182014874,12896359.408104517
-6632111.757239126,12892887.379957274
-6635656.951926409,12890240.533781044
-6637807.23061413,12887895.721372819
-6639237.040261621,12884808.79391603
-6641113.747634317,12883627.66484238
-6645064.274957938,12882977.14944244
-6649299.612623558,12883863.320206832
-6653253.556440928,12883142.326982535
-6654964.972299539,12882064.866406752
-6651684.502184547,12880312.089246394
-6652283.80015345,12878555.19355209
-6661025.661052674,12874253.403672157
-6667740.741294483,12872042.466527613
-6682519.268461354,12868614.145780262
-6681489.368651642,12875138.540856846
-6678672.642983636,12877391.939949227
-6674730.571138454,12880163.546719037
-6670904.7025938565,12883040.177149696
-6668171.737244771,12885682.461359376
-6668094.062701706,12886677.153114034
-6670769.372354775,12885734.016707515
-6676266.294694727,12882573.110657036
-6679366.382486445,12881197.634038825
-6680757.695239085,12881627.811400473
-6681384.152163053,12890391.201372784
-6678925.846873514,12894254.385160517
-6678830.712467709,12895529.59532647
-6681513.008399366,12894843.203580633
-6687896.465434807,12883905.233847508
-6685789.700977964,12882176.434467133
-6686593.68677766,12880306.177544747
-6688897.964838586,12878098.697258445
-6692420.77389489,12875255.919375889
-6696618.451242541,12872188.890341474
-6700908.486319494,12869327.156347059
-6704492.2531612795,12867531.219169546
-6706137.802606635,12867605.900612451
-6707171.133569182,12869266.429615142
-6710242.018190442,12866950.571040267
-6711352.931774839,12866013.114326205
-6712275.564160619,12865060.753696552
-6714595.940242812,12864276.052694933
-6716466.726152959,12863091.077412229
-6716529.383559894,12862376.014387034
-6717617.518015539,12860398.895067396
-6717678.342988671,12859684.309197323
-6721346.626663473,12858048.503892994
-6722336.2860071035,12858590.66254679
-6720875.142071351,12865478.785333788
-6719573.506055142,12866651.38341116
-6724434.457563063,12867261.210245403
-6723955.784845441,12868757.426662348
-6726484.884740078,12865921.513275754
-6731317.371320825,12863068.00630296
-6736989.892607866,12860440.910304861
-6747686.585877149,12856119.422445243
-6751139.756291441,12855373.648656793
-6752235.994327772,12856175.082122583
-6750896.963684256,12858601.073272714
-6748997.887161996,12859805.221616508
-6745535.640263416,12860042.181351222
-6744829.843084614,12861432.127430465
-6750209.287108624,12862301.014418816
-6749887.016903401,12866341.400853902
-6748556.049445075,12868230.075714367
-6747498.285062875,12869115.48276762
-6742845.697316529,12872463.37003475
-6742175.130436384,12873412.825202303
-6743576.810731294,12873836.937758502
-6744960.131930639,12873301.26386933
-6747280.151375354,12871667.218717506
-6749190.67265788,12870744.134821147
-6750254.183265398,12870177.323910674
-6750977.182548041,12869873.886527546
-6751768.081361975,12869806.631955778
-6753518.630562459,12868348.094385082
-6756810.14199873,12864557.529551491
-6758031.530860637,12861907.7799231
-6761252.575554032,12858242.522583725
-6770354.472947388,12851149.629724344
-6770994.4927659,12851495.918875134
-6774157.52047783,12851288.188966176
-6778534.356953054,12850144.976305397
-6780601.476805777,12850894.189007038
-6782486.6319282325,12850673.782868348
-6784545.619275752,12849364.4858722
-6784832.609715455,12847751.69124287
-6779536.277787177,12846944.435897768
-6779499.635843218,12845910.149947874
-6780938.251704745,12844418.582966436
-6783909.079931341,12842608.87187292
-6788396.562211702,12840672.676784987
-6793328.103933628,12839424.260966178
-6799833.53131238,12841952.3431062
-6797944.471893737,12843156.654075127
-6797275.311042716,12843211.128909891
-6796629.161537664,12843415.413585579
-6795952.229760746,12843680.417940075
-6795150.76803132,12843922.968673877
-6793272.813428496,12845119.410348073
-6794943.383448944,12845209.737988716
-6797263.360240054,12848057.067343341
-6795188.5470935665,12851441.327511245
-6794773.076940988,12857689.18253605
-6796786.072625372,12857691.395056758
-6795056.493185147,12858787.535875011
-6797813.2898613205,12857792.435923541
-6804527.947659529,12857063.783842226
-6807600.1965608,12856006.90847925
-6809281.772615562,12855191.991985455
-6811039.655957778,12853838.538385771
-6814316.701666524,12851179.704666998
-6815985.6883102,12853034.212481448
-6817500.837512629,12852763.70262005
-6821142.418985341,12850834.053142317
-6822347.261090802,12849536.732829412
-6814408.646119065,12844823.152171502
-6814729.879721207,12844980.821255885
-6813647.708703236,12843192.686499404
-6814977.334171685,12841216.37692427
-6818618.9869600525,12838163.337845761
-6820940.667018767,12837089.33176532
-6823359.554402631,12835758.391307078
-6825841.250807444,12834166.566783192
-6828392.60446017,12832279.508205464
-6831520.712963101,12831708.634884771
-6835192.445110931,12832580.641411599
-6839205.668812506,12831363.512881264
-6840234.310882863,12829898.095989099
-6840770.192275348,12828599.720202804
-6840714.979382871,12827636.089785272
-6839884.4512017155,12827234.024879688
-6847864.137735264,12823960.420227649
-6850687.283416177,12825391.96362605
-6849930.851607012,12829151.211128734
-6847131.252397301,12832899.323365362
-6845338.30839098,12833956.79272638
-6845705.189318954,12834035.07023762
-6848300.592815126,12833474.032983351
-6852237.948881648,12833267.410554975
-6855327.212004446,12829641.629124831
-6863584.054812629,12821875.931435036
-6866143.095709192,12818726.33116285
-6871839.466347301,12815678.13849588
-6874745.617317005,12814650.539954133
-6877242.084946592,12815582.265678562
-6879312.896174066,12814250.193115205
-6878989.8506500935,12814093.415373338
-6880688.787287247,12813000.025509907
-6881201.155614331,12814277.83114939
-6879589.643385831,12817043.375304366
-6876381.232085109,12819923.714549426
-6872046.953880895,12821602.649207883
-6877541.038545438,12824456.570570847
-6873361.518808383,12832377.855769748
-6873865.714495923,12833558.197517676
-6877621.108782799,12832960.716084609
-6885667.391033195,12822830.486210132
-6889293.83007364,12820234.954265157
-6893908.925318238,12818896.80202124
-6900568.07943853,12818261.567299608
-6901839.527018958,12815536.69905499
-6895538.790734727,12813819.486731611
-6896382.28115748,12811562.749116214
-6899407.567216656,12808702.588525765
-6903171.3092612615,12806508.402602505
-6906298.489833601,12806221.120726503
-6911078.266810867,12810507.160892073
-6915604.143198925,12810788.459498493
-6916690.424046874,12810142.62833134
-6922108.826945602,12807124.575575044
-6924054.906194652,12806144.355326425
-6924948.096744578,12804119.280994328
-6922541.460858234,12801275.392431518
-6923369.016999069,12799750.025999404
-6927688.757371147,12797449.338754665
-6936234.087492174,12793743.136174843
-6939571.3842976345,12793656.005686272
-6939786.766195569,12799478.718171723
-6945544.1824845895,12797313.148148092
-6947417.488081542,12793725.516551629
-6948797.811798991,12793401.366541917
-6950644.048745082,12793421.287471125
-6952155.504654058,12793020.26354781
-6953149.345424826,12792994.489521105
-6953555.122294553,12793399.581974702
-6954187.988164942,12793273.686929924
-6955895.685056317,12791619.390615588
-6957948.511597001,12790288.898740359
-6973759.524099813,12785104.602431891
-6981518.156215644,12786053.771789452
-6980988.293847634,12787679.022186892
-6979993.3971702885,12789256.193044614
-6984272.140802362,12788766.84833047
-6984656.867987035,12789503.480783015
-6984189.589810004,12790581.67785652
-6985604.10358208,12791744.363982173
-6987006.307581111,12791679.345442893
-6988216.77020526,12791388.06207415
-6989332.288942505,12791010.036874196
-6993043.268381586,12789328.90996555
-6995595.80389154,12787938.811934147
-6997194.284411513,12786721.53907755
-6998311.932872459,12785641.161343751
-6999495.560446139,12784619.948552268
-7000488.837357969,12783685.83037987
-7000506.225026352,12783252.699280107
-7001139.2090614345,12782516.04119108
-7003929.907890207,12780698.43278832
-7005623.022872876,12779879.186740534
-7006769.461856934,12779644.608586226
-7007359.208822162,12779808.257917268
-7007511.175353625,12780117.767726911
-7009434.4295656085,12778867.056294559
-7008498.253827326,12778401.43945766
-7014762.824302407,12775284.315156545
-7021052.513670527,12773176.356503205
-7030607.934498277,12771468.912660722
-7032283.129224156,12772096.298964085
-7032267.5126852505,12772792.516825082
-7031246.417191632,12774042.736293903
-7028582.108157823,12776702.612578802
-7028318.723211345,12777393.757192465
-7030030.929553517,12777732.18258334
-7039142.1233696425,12775265.346597726
-7041993.105914437,12775288.753699359
-7042387.006024415,12776709.815460354
-7041100.441725153,12779003.333478218
-7037412.674959127,12781880.697460018
-7030527.57058465,12785103.150805138
-7031699.285187833,12786942.98099349
-7054947.101394214,12776818.692211809
-7053586.786902533,12781271.36985698
-7056926.43058505,12781015.435065053
-7061542.972693934,12779877.906999094
-7065382.780930796,12778378.24040105
-7068005.371739939,12776701.255600236
-7073545.927422927,12772768.2780614
-7074819.134506202,12772082.44227845
-7075916.248938737,12771996.221255055
-7079494.0293597365,12770902.204042127
-7080359.170368981,12770856.016245
-7080354.305823207,12775047.732072288
-7078459.151130394,12777227.037831912
-7077164.822907346,12779119.198454
-7081127.176042669,12779823.724307092
-7081191.30300492,12782152.400889058
-7083050.464072298,12782324.035296278
-7086099.514016488,12780983.833902389
-7089637.94382668,12777561.711073844
-7091195.590537552,12773844.486377183
-7092900.016725668,12771440.928848432
-7097098.015807513,12767956.010029724
-7099076.15831092,12767619.59409043
-7099506.684094592,12769260.230541602
-7103593.043207606,12768483.063814335
-7108440.556406255,12772351.570426542
-7108231.881173105,12776073.749847189
-7106330.1008043215,12777309.999823907
-7104773.461461826,12777742.039259385
-7100991.354208841,12779183.789611125
-7098635.377335321,12780245.67754341
-7102658.4192139255,12782386.04607674
-7106509.629991698,12781226.173288668
-7112908.984720955,12778235.528941153
-7118033.911089986,12776177.833198365
-7118219.584345383,12779255.161911137
-7121942.318350098,12778174.398611827
-7125827.685010773,12775981.036052696
-7126922.772330744,12767607.7112565
-7132296.30259444,12765526.52653048
-7137872.714668068,12767455.247422095
-7141982.439366906,12766696.398723153
-7140193.957136545,12769320.10222567
-7138874.512104692,12773865.40766624
-7135129.77039208,12777796.34196486
-7129338.917616988,12782266.009727553
-7124013.949627042,12786042.16874756
-7120805.365522821,12788746.090532243
-7121346.519365491,12789992.53307407
-7125409.258181409,12789436.027618734
-7129326.290802638,12787005.618297135
-7134309.677561716,12783339.327754568
-7141525.765460251,12779087.989859378
-7144369.420954815,12777253.379954543
-7150795.583446068,12772212.889655694
-7154665.925910403,12769863.53887637
-7156075.954512998,12769529.202642525
-7154988.076680888,12770902.614730265
-7151682.897155573,12774013.501317006
-7155079.6364539955,12772518.98005233
-7158856.727316085,12770597.758610096
-7162048.061129877,12769113.731390586
-7163610.531224179,12768972.374452045
-7163021.200097701,12770110.78127555
-7159442.979456058,12774651.92375889
-7153282.861255254,12781213.168347016
-7153028.633502122,12783597.935393032
-7156245.331813299,12786039.898296664
-7157767.420039082,12784462.619456217
-7158522.817315489,12782335.023908328
-7159512.68591763,12780840.254608482
-7161256.500838057,12779138.536341578
-7167689.903489035,12773493.05241628
-7169605.072187805,12772247.308280166
-7175460.493492114,12770493.176237714
-7175622.789390375,12777882.051023392
-7178206.301619975,12779324.227514612
-7184732.749452321,12774441.533365477
-7188080.393455384,12772842.94002723
-7189320.008900017,12773156.466412066
-7189595.239256229,12773967.215021092
-7190927.627244239,12774488.124727175
-7193549.000473556,12773798.177340874
-7196561.503486198,12772752.38408044
-7199053.209132113,12772213.545073576
-7201172.53672933,12770834.802481012
-7201262.7370481035,12770422.757882435
-7201890.146446704,12769386.729458593
-7201827.345409881,12769043.641911568
-7207429.924345206,12766473.539820012
-7209056.560528052,12767003.891662074
-7208952.338577229,12773483.354800498
-7210036.402421635,12774308.967475697
-7213364.519546033,12773187.020498512
-7219029.765885419,12769772.155584177
-7226254.621310141,12765233.175265787
-7221373.071707155,12773311.005726496
-7221836.408567539,12774526.615729395
-7226961.118528022,12771193.010492792
-7227167.3450040445,12772375.70579025
-7221953.654897904,12780849.598201722
-7219728.987519887,12783223.032121243
-7218250.519658289,12785200.601025393
-7218948.174577736,12785950.931506796
-7221881.016173463,12785076.589986838
-7225695.728936587,12783007.228641769
-7229683.700515159,12780205.832880944
-7233127.483761932,12777131.941202335
-7234730.502255733,12774826.212143576
-7234931.234579892,12773499.314840185
-7236292.134424596,12771614.665071173
-7241499.353173379,12767564.844263569
-7252001.9183530295,12762786.244990747
-7256426.744102347,12761103.099323535
-7258910.272144748,12760829.348021474
-7256932.171953904,12763046.192245927
-7245901.368899527,12773661.857258826
-7245119.582429944,12774456.346286282
-7247304.626123663,12773615.93523645
-7251208.506896761,12772884.311964607
-7253025.767595169,12772044.709918994
-7256794.406841497,12769925.447925972
-7265611.264201394,12764330.669297071
-7269506.756425675,12762339.594684092
-7271474.5463943295,12762531.947324697
-7269248.245907216,12767062.841541927
-7274255.169140111,12765098.35552351
-7276222.235677956,12762528.359132411
-7278309.218525589,12758508.636139933
-7282248.622672181,12755048.874704106
-7284204.613746001,12753769.735418933
-7282322.637847529,12756496.140569216
-7282007.120970281,12758495.73427512
-7283784.963934743,12760766.797131356
-7283601.666827227,12761611.64882319
-7280567.014005497,12766149.495810261
-7280182.244126689,12768139.520699877
-7279220.236676772,12769487.060063481
-7277157.104329074,12771448.123821314
-7274110.538039644,12773147.286816001
-7266237.80741844,12777175.2829524
-7270759.880046296,12777649.484365335
-7270864.399002656,12778455.528744483
-7269499.758631877,12781013.915278945
-7269405.410547852,12783181.931053605
-7266780.421831878,12785355.702977318
-7262751.403261289,12788004.07259491
-7258309.313712686,12790813.649219405
-7252178.01646149,12794922.526764767
-7250338.494351238,12796528.868699724
-7250184.168155778,12797274.62823905
-7249071.969326964,12798808.865821866
-7245922.122761498,12801550.952738676
-7243000.3213017015,12803783.191289049
-7241568.784945735,12805124.53984869
-7242902.966304166,12805173.487953164
-7248793.980908103,12802584.83917307
-7250351.863321434,12802074.679682871
-7253401.9516203655,12801784.371185295
-7255304.765025019,12802272.753867054
-7257411.461332743,12801833.295110684
-7261136.88613539,12800029.035780216
-7267285.086417765,12796284.62325371
-7271543.852389214,12794211.942914635
-7274128.616668458,12793900.219596729
-7277517.808872515,12792731.513037773
-7284266.575462546,12788042.496824205
-7286876.042572355,12785474.66566978
-7291192.566825496,12780120.36799759
-7293107.0131715685,12778537.639024524
-7294735.258558325,12777798.979356566
-7297004.090499572,12777271.34259786
-7298980.980882871,12777156.990899943
-7299533.503417544,12777492.546342313
-7300207.097686683,12778345.772452367
-7296892.650107657,12783494.028306419
-7296245.403793258,12785429.951163739
-7297116.770441057,12786547.242874932
-7301601.553906914,12787305.191006675
-7305624.036650541,12786210.765341848
-7308745.900450034,12783406.667198075
-7307887.027093101,12782592.605771411
-7303509.2646215055,12782622.007861296
-7303299.870630294,12781363.052162377
-7304688.519759965,12779065.818181219
-7307504.864423458,12775983.02435309
-7311572.680033836,12772391.854673905
-7312755.821303796,12771602.59215832
-7314733.441000605,12770349.628524981
-7317052.260355951,12768786.399640655
-7319175.304101886,12767104.66020211
-7319882.296819687,12766293.008474723
-7320258.648308403,12765193.710303677
-7320997.976606633,12764372.754992794
-7331383.381414832,12754677.444926403
-7334704.604940894,12753669.230651008
-7337413.428369246,12753145.48147927
-7335107.130696041,12756375.95835753
-7335231.069393057,12756979.719827635
-7336637.727576435,12756721.067812579
-7338828.44561161,12755814.86202212
-7341163.118019239,12754744.571784219
-7342981.482046223,12754011.484462822
-7344369.456892345,12753961.959784696
-7343750.209182548,12756951.5297808
-7345184.52029281,12756843.282039415
-7349242.0124429315,12755690.28556475
-7350074.72622746,12755854.13698873
-7352311.37457916,12757612.08829809
-7351101.459012444,12759845.22507587
-7346772.116952119,12763982.833147326
-7343493.677092018,12766666.15788356
-7341050.999713641,12768431.517635405
-7334508.535347792,12772613.18439512
-7325954.114080495,12777627.38480111
-7321155.6847027615,12780625.805971216
-7319430.531297206,12782221.390825203
-7321019.80621212,12783932.193580128
-7319539.2886895565,12795607.72255427
-7325679.631805899,12798886.08572789
-7329226.163182692,12795476.549507305
-7333799.185644314,12777552.598826218
-7336470.382296684,12774816.208264776
-7348011.629236986,12766625.70196208
-7352600.257258341,12763117.243589928
-7356998.326827192,12760059.074289016
-7361337.682451649,12757918.462478125
-7362307.436244789,12756113.361096857
-7363825.527637002,12754228.180485101
-7367686.392623378,12753236.863589978
-7369811.344734797,12753865.520385869
-7369813.204614968,12755836.34894846
-7367310.578294548,12758841.550570736
-7366028.790613889,12759517.911108531
-7365380.595632161,12759776.706638044
-7364571.754113535,12759906.47920088
-7366664.402220487,12759940.121375464
-7372989.717491992,12758363.22928329
-7374952.228418467,12758332.420839418
-7376587.28657585,12759346.73331233
-7376403.75642635,12760045.1619631
-7374351.1826198185,12762396.773870219
-7373973.327860919,12762975.164127473
-7373135.30227046,12765379.811095161
-7373803.39591755,12765647.508059394
-7378738.446893904,12764175.628690513
-7379827.138994906,12764132.723100157
-7379634.169630098,12766694.951069577
-7380354.493658135,12767514.657950226
-7383607.568594113,12766516.361090885
-7384254.91359778,12765678.984660901
-7386514.920615782,12763247.540020263
-7390847.699944836,12761470.159213986
-7391052.277336562,12765296.214524211
-7394177.112841847,12764139.113585848
-7396124.465982288,12763301.441034123
-7394921.915493713,12765055.021020943
-7391560.343369203,12768781.7946236
-7391961.08057451,12769221.79227187
-7392451.813418129,12769244.798802417
-7393395.670095691,12768776.506991107
-7396099.915964975,12767228.565650847
-7396518.409733454,12767450.298113164
-7395615.474425605,12769033.541270683
-7395515.62683581,12770028.501125632
-7392342.218963516,12774644.168187974
-7388809.3760356605,12787842.912667928
-7386341.580999574,12791569.017042873
-7381796.7249802,12793292.129905147
-7379565.1131801,12793187.353485573
-7377862.662554329,12791203.22034314
-7375346.909543245,12794266.220642868
-7375477.764714238,12796072.327961037
-7377626.047724836,12796624.970764609
-7381097.406454492,12795975.880297182
-7381784.346761507,12796057.753019985
-7384154.287527616,12795191.338517345
-7387641.974927657,12793186.8545701
-7391945.138377063,12790031.36831016
-7393955.728172531,12787874.86827962
-7394219.372151477,12785361.399973977
-7396798.587886853,12782758.17517447
-7400523.190116632,12781564.15454675
-7402892.538749372,12781660.152058965
-7407602.26951772,12784218.377764266
-7406774.317153362,12785833.720077038
-7402934.783318404,12789464.986899002
-7401918.663024582,12789886.662306964
-7401612.778545692,12790059.6902079
-7400643.281067158,12790575.498883283
-7405193.003948301,12791423.318684671
-7403779.5137157785,12792683.653085018
-7403876.932707501,12792622.851318693
-7401121.631206009,12794464.755428756
-7396237.003949418,12798128.445260355
-7396250.89491656,12798217.101440543
-7392257.55591242,12800789.059899956
-7390605.098162093,12801792.961022625
-7385477.377372234,12804465.735786894
-7382007.36162079,12806169.197816398
-7380513.173803829,12806771.718037587
-7379512.174855175,12807503.4473059
-7377432.92482633,12809629.646305762
-7376813.302653368,12810733.702847546
-7377228.94329886,12811145.486420294
-7376750.677900097,12812028.938914035
-7373335.016805235,12814629.593648402
-7372767.41819122,12814176.00411392
-7371062.757267697,12814377.774889193
-7368517.468273402,12815453.355980908
-7365381.7604152635,12817653.761385534
-7363477.561357846,12818100.145086247
-7363696.034098931,12817007.094031338
-7364606.38035458,12815402.16235296
-7363531.331988854,12812431.460423635
-7361988.2504178295,12812049.096439214
-7358695.530502601,12813091.279635364
-7356250.612189115,12815483.426105216
-7355208.9902814515,12817278.86726571
-7355215.322599363,12818457.74713471
-7362732.783301163,12829053.510425502
-7363731.908545829,12828930.417228755
-7367372.501212627,12827800.760564113
-7368430.535786871,12827622.00574751
-7369152.163231707,12828242.048313478
-7368813.276738105,12829557.868855046
-7366598.540286541,12831821.86980014
-7361742.509737052,12835255.123189397
-7359172.575708687,12837334.674487306
-7354178.730989165,12842562.330743887
-7350737.892991575,12845328.996901385
-7346247.019460789,12848161.122979676
-7342817.907586963,12850150.92133
-7339968.369320104,12852114.881213378
-7337232.954691326,12854850.548897991
-7336022.557311786,12857920.973150443
-7333942.950461867,12859887.051117832
-7327263.148269725,12864179.11494246
-7323437.478117956,12866291.987066006
-7314431.815500997,12870863.06837325
-7309679.673669693,12873534.688631214
-7307075.526182936,12876293.192813437
-7307890.857821763,12876644.881667476
-7311254.931497736,12875239.915252157
-7326009.936938869,12867961.830384243
-7329145.661891866,12866815.904316708
-7330719.6267735055,12866711.853310179
-7325850.748234019,12872633.838581026
-7323178.499000342,12875123.133949058
-7320032.193795346,12876659.133998467
-7309894.653951521,12882079.918430617
-7305074.160291727,12886716.822452381
-7302976.238361202,12888398.75397487
-7300091.487179519,12890430.348601548
-7294080.718023955,12894379.136353748
-7291165.4713345,12896421.576869018
-7287154.96889375,12899524.070471512
-7277609.765045476,12907382.075860318
-7275096.879691902,12909735.393838117
-7274716.178517216,12911466.960858861
-7277727.20982425,12911009.26470761
-7283572.068519323,12908166.701426012
-7291671.829583169,12902748.28533467
-7295581.048097848,12899473.39068041
-7298221.366806546,12896606.100861177
-7299353.241428694,12894557.556317333
-7298790.530421229,12893692.310984502
-7301226.838639764,12893242.008490557
-7310083.506890745,12888031.135081688
-7313017.373647639,12887498.866729435
-7315634.273800323,12890007.732031096
-7315049.752635642,12891869.173491582
-7336821.309755675,12874855.280006964
-7344529.932622237,12867930.846840423
-7348368.301963382,12862991.672798626
-7351287.452960472,12855665.286325498
-7348279.24579336,12854578.455808477
-7350567.684433115,12851870.40065102
-7355721.283582295,12847865.261480786
-7361159.356643838,12843836.831775535
-7364298.095817324,12841075.47129276
-7369354.236946715,12837594.032045495
-7391235.718977986,12819188.00707474
-7394050.27884883,12818379.389699627
-7393607.689038658,12819786.696327781
-7391776.805689486,12822132.736329269
-7389030.930936874,12828154.236266067
-7392911.501890765,12834095.411222523
-7390725.034868975,12837812.804219125
-7391888.390655471,12837633.23805418
-7393557.011089427,12836629.362227855
-7398851.4942897465,12833198.257189965
-7401251.671076095,12831832.087080402
-7403260.639801372,12829885.172441628
-7403929.470752081,12828686.11034458
-7402983.213145949,12828514.003074627
-7397236.604534045,12830709.934886849
-7396024.964990409,12830412.662747938
-7396246.257421931,12828222.112164887
-7403390.1066042045,12816875.498281252
-7404674.492172528,12816286.537967335
-7408135.611579294,12814518.751185695
-7402745.458508774,12813357.088965598
-7402030.757527286,12811322.27464577
-7407005.422711458,12807048.124630773
-7410915.221528991,12804322.01182833
-7415673.563131227,12800191.298771836
-7418942.540158689,12797665.919691328
-7421435.546366589,12796096.837423546
-7423888.780422781,12794756.37869623
-7426901.972013199,12792919.620646289
-7431036.592709042,12789868.030679317
-7431428.448228762,12790760.17735205
-7430282.031904872,12794492.203026231
-7431363.691100026,12794467.809819445
-7435823.607393518,12793289.246629521
-7436707.416525478,12793772.016356349
-7439879.114025897,12791283.325774578
-7441558.252492294,12789501.039613409
-7442717.319169993,12787121.727932544
-7446274.754923993,12785141.136952559
-7448915.09207005,12783924.501710637
-7450921.782321026,12783234.111293819
-7449649.15467231,12783226.507564995
-7447978.259070448,12782690.70084103
-7452672.11708693,12780143.228139978
-7455761.161978173,12778896.144346472
-7458845.34783144,12777469.223681368
-7463405.503835313,12774443.751670515
-7465658.45112518,12772258.33799064
-7465675.694861056,12770103.933895893
-7469024.495975118,12767311.773872053
-7469696.524387798,12767829.178630399
-7469691.402666425,12770676.345898986
-7471371.79601732,12769409.526125712
-7475747.902203947,12766226.033868713
-7477411.625559073,12764964.078717861
-7478266.765738338,12765925.075178852
-7475910.064671153,12768919.186839124
-7475909.947117625,12770021.723205367
-7483814.1725576185,12765319.270731764
-7484779.372645218,12763963.613352673
-7488345.684582701,12760227.46685282
-7492482.154105248,12756577.27030308
-7495251.260660644,12755438.604571564
-7496922.685466519,12761162.068240186
-7492777.5244962955,12765703.18030117
-7492294.4125868855,12767074.413134368
-7499729.339419644,12766780.666778138
-7503439.641133,12769349.750054529
-7505606.225196352,12769121.78907107
-7508869.966567555,12767110.732554594
-7512481.413492045,12764271.571230525
-7515695.379183978,12761546.295250496
-7520791.851850023,12760009.049422206
-7527012.767582325,12760256.223173758
-7531966.056964405,12758976.01796479
-7535998.957269024,12755770.966385726
-7539603.704480521,12753826.628895452
-7542724.246643413,12752713.750000518
-7551452.605392412,12750735.674956163
-7553186.908259102,12749941.565880174
-7555407.56533755,12748818.61139197
-7557422.105631611,12747942.336654544
-7559889.969363174,12747739.136377102
-7563637.520116929,12746440.45421351
-7568429.322564881,12746326.3584913
-7572996.280223243,12744717.252911657
-7578983.608478769,12747284.497818151
-7577137.359669052,12752484.356480619
-7577900.136641056,12753375.017959593
-7579504.433572104,12753676.344333
-7581922.992446707,12752920.318305837
-7587457.716711277,12749702.238858601
-7590849.850079634,12746991.051733986
-7592395.270273847,12744983.726427259
-7592500.919793011,12743837.83122837
-7590553.399997483,12742165.087728223
-7591133.851073559,12740340.110495176
-7594708.509508136,12737110.842580365
-7596113.46647282,12736686.513072321
-7601285.911336367,12734641.787438747
-7603445.048664773,12733499.763431674
-7606588.936310213,12731719.770393964
-7608425.220891743,12731186.52917667
-7609760.702829819,12731072.833612567
-7611408.453477266,12730554.910553567
-7621836.560910573,12725920.146636697
-7625806.930525839,12724517.253535062
-7627835.133156614,12724313.536922207
-7629664.341440191,12725105.045704588
-7629772.677957271,12725675.092227438
-7625682.908850154,12730456.216921512
-7625765.355730239,12731126.178531278
-7630454.7360688755,12729458.13512625
-7635304.849885939,12725918.357399905
-7639209.927801946,12722108.354681354
-7641129.47451515,12719589.089618776
-7648322.736935782,12716626.94316821
-7644902.955912164,12716514.62029307
-7644672.547375709,12715581.965770438
-7648608.037244606,12712524.699584056
-7653258.749267509,12709949.030675147
-7657450.417040057,12708346.17584558
-7662496.403194192,12707238.966545524
-7664521.565894762,12705895.261902304
-7666661.554931625,12701114.436879491
-7667879.182117836,12699736.43921038
-7671610.215176278,12697451.160513911
-7673689.652396966,12696765.396576108
-7675037.21284418,12696700.048108026
-7676668.787031128,12696210.764602808
-7683349.259790394,12692660.95069327
-7686121.574963821,12691423.318737445
-7687770.29786512,12691303.538456837
-7689540.6338079795,12691938.168908417
-7688963.132602064,12693092.587954069
-7685768.993186345,12695675.774322951
-7682928.92733771,12696816.904434472
-7680466.283213928,12699039.521260241
-7680123.872854449,12700278.274464468
-7683667.942426952,12698462.86262698
-7684489.594674829,12698345.849775763
-7685152.285371358,12700733.890849072
-7686167.124106053,12699896.288736532
-7687076.431916103,12699215.415607186
-7687903.082083623,12698608.428529756
-7688896.239776082,12697854.546619995
-7689588.597699322,12698668.291166706
-7688940.378510797,12700390.270236997
-7689176.775666902,12701481.270982824
-7692535.61653881,12700407.988769485
-7695509.421423288,12696685.100125985
-7696212.308928645,12696369.74698846
-7696411.03424402,12696294.658466285
-7696680.274286621,12696153.555376843
-7697603.99914412,12695646.610109402
-7698442.534854479,12693860.83150412
-7695872.436978948,12688941.202860342
-7697894.502685219,12687591.618597629
-7698511.187517919,12687935.84718644
-7702010.72368058,12687689.319286652
-7704214.212167352,12686218.027095702
-7703730.997839557,12685442.212050293
-7704208.7890074095,12684104.86864916
-7706309.685389401,12682302.752089603
-7710807.69031232,12680027.911200592
-7714612.941448094,12676819.944563674
-7716874.402319333,12672852.388860568
-7720348.200377908,12669667.585932128
-7728861.4700491605,12670287.911991315
-7731358.435917197,12672001.031566253
-7731124.188695052,12672935.235118197
-7729650.368247387,12674422.887219528
-7727926.13647931,12675983.808675217
-7726883.508621525,12677164.191320568
-7727118.964076585,12677458.435966892
-7728209.827417846,12677196.819742199
-7739298.786908096,12672830.420046633
-7741018.56492098,12671804.860568592
-7742269.258862739,12670093.688213697
-7736956.19056825,12670375.952097233
-7736945.417837454,12669387.453782784
-7740107.119657044,12664311.592044497
-7747387.840223588,12660180.433083396
-7751280.36002717,12658407.165046876
-7753645.167663939,12656845.474961901
-7756395.651878699,12653337.432278767
-7761507.820694448,12651024.540958563
-7764410.631023843,12649534.305679671
-7767815.459424501,12647458.682170527
-7769782.35790473,12645870.113828445
-7771709.722930207,12644044.730206985
-7774049.528159043,12642141.55370246
-7777169.709168938,12640407.081629926
-7777449.391619258,12640789.00400762
-7773449.066820109,12645818.154738331
-7773590.71125992,12646514.668862132
-7775847.676583936,12647444.655912733
-7775604.744773837,12647279.564684428
-7776739.069898988,12647253.076269303
-7778959.60308778,12646451.112242088
-7782166.391026046,12644804.971851468
-7786279.470592599,12642227.30292157
-7789361.735001067,12640495.072867053
-7791494.268376488,12639891.423560929
-7799007.596612761,12640422.372028654
-7803752.966874533,12639265.982194534
-7809053.130091773,12636965.888268381
-7809061.298076124,12634780.803232264
-7804276.782108293,12635898.516660068
-7801400.737055454,12635868.166937847
-7807168.826012661,12630226.095630398
-7808047.129391874,12629893.091932097
-7809182.421000354,12628856.84641648
-7811870.4741815105,12628185.160168128
-7818827.344532238,12635417.56367382
-7820786.511278808,12633167.517973304
-7823519.069635821,12627865.291470008
-7822245.514560183,12628321.993498322
-7824789.45742343,12625497.761303458
-7826365.892714029,12624072.66878195
-7829761.3194676405,12623292.001763847
-7829739.885272745,12624843.41100083
-7828651.248057938,12627142.261082798
-7828924.596968966,12628556.67389091
-7831584.229141052,12627998.60983343
-7834387.7085761875,12625817.298449207
-7836638.735277153,12623161.74066591
-7837724.252809184,12621105.368761936
-7840790.208426205,12619414.377011497
-7847127.303374101,12616512.126189616
-7849897.994935182,12615059.649177603
-7862051.003999181,12608091.764928326
-7866153.125377649,12605481.044472212
-7869854.942042951,12602714.222802147
-7874486.146372769,12598913.158985347
-7878953.10755685,12595408.93617418
-7880433.657944008,12594062.440110402
-7881397.056443703,12592663.292408884
-7880983.224838469,12592193.678590128
-7880021.266592146,12592088.014575988
-7880335.333119371,12591310.493755234
-7883778.965004131,12588812.49748991
-7889154.569872807,12585833.243712582
-7892812.283170491,12584572.74800739
-7892414.697095101,12585763.35493542
-7885684.473706819,12590076.98796956
-7884707.787580692,12593072.09560489
-7883836.642640818,12594291.600907432
-7881483.919749533,12596550.667979384
-7878900.8804982435,12598834.958206708
-7877252.943239372,12600543.856837543
-7877728.624981273,12601092.636820594
-7881092.492004905,12598468.633618128
-7890673.037100003,12590678.78523225
-7892479.221816246,12588914.967358312
-7893347.599139879,12588229.02524666
-7895301.847496145,12587115.488038665
-7896729.864849643,12586575.24626714
-7896033.367357354,12587586.89830815
-7893478.872585139,12590053.324266396
-7892667.201483318,12591037.852104537
-7892336.54068083,12591792.065783901
-7903824.682918488,12583290.370737784
-7908460.423106184,12581673.679322837
-7909107.320296337,12583925.40720065
-7912572.435929776,12580794.593910882
-7913268.031869454,12580576.39546997
-7914445.729609038,12579981.217102556
-7915127.769017079,12579770.13213426
-7918354.366507621,12576513.529354744
-7920920.651176075,12574862.434974894
-7925923.794885104,12573078.14619458
-7929069.756159772,12571664.495416056
-7933123.984338642,12569636.549768513
-7936854.371835356,12567522.234062402
-7939151.330468346,12565770.144988663
-7950653.169477551,12559997.92039388
-7953542.142717755,12558748.550023453
-7955521.564000708,12558550.481463196
-7953944.915484492,12560182.981377846
-7950081.089771199,12562782.337882867
-7940853.507091595,12567939.48273935
-7931898.142619586,12573597.945823006
-7927956.66194831,12575929.206968335
-7924752.235037452,12578117.7158843
-7922497.88878565,12580307.516426157
-7922698.660126245,12581111.895088352
-7926826.861779177,12579151.456163295
-7931210.478313963,12575777.724783001
-7935378.772544261,12573335.833230926
-7948884.4369820645,12566655.422539487
-7951709.9688497875,12565576.896484965
-7946422.652094149,12569967.884608496
-7943121.967723509,12572883.336642647
-7938801.555210639,12576258.454867816
-7929081.035458933,12582179.085932858
-7924505.058878349,12585379.56555433
-7920159.933549446,12588736.710326076
-7916600.227545838,12591741.085087966
-7908394.676897165,12597915.145375995
-7912901.534761999,12595707.291986229
-7921457.139977176,12590231.027124532
-7925603.710780081,12586833.967771053
-7927314.025722665,12585727.75373622
-7938632.893328441,12580249.19235496
-7940817.902358022,12579562.847696748
-7943209.8675838495,12579313.694267748
-7945835.136933068,12578234.81010541
-7944430.143509172,12577130.974954344
-7945431.880437005,12575541.979622819
-7948960.537964047,12572331.66851349
-7952167.800358186,12570889.293921826
-7955097.871078657,12570571.94760903
-7957447.559910819,12569829.299177203
-7962323.995335616,12565146.718587128
-7964097.028205843,12560350.780011628
-7969080.719257432,12555427.073238615
-7976353.889376318,12552677.782108368
-7979284.92344341,12551272.251259562
-7981639.769925951,12550281.084691316
-7982450.6802648585,12552208.19930336
-7986536.383515296,12550396.402687624
-7991573.999875314,12547193.501195073
-7997576.702437537,12543228.727568667
-8002498.975172751,12540304.893678546
-8004249.890964929,12540277.849202191
-8005994.347813926,12539268.129367247
-8007175.85976765,12539384.670997627
-8008550.887740401,12540643.692426676
-8009829.277463585,12540777.543182092
-8011782.612860806,12540200.647795776
-8017245.345074771,12537973.944976697
-8019256.383760131,12536566.8051688
-8018728.002142925,12536214.124928234
-8017012.998050466,12536902.202466296
-8014995.68909391,12537846.363094844
-8013563.533426396,12538264.762503468
-8013271.893911858,12537874.172979934
-8014026.492004063,12536351.18410394
-8014073.191769965,12535860.022821521
-8016089.494750155,12534425.91733591
-8020996.290788679,12531435.783635618
-8026247.977032498,12528411.697471999
-8029331.662693521,12526835.188878676
-8029989.649310826,12527270.515915772
-8028990.604916895,12528810.15870235
-8022572.648657765,12534786.711783512
-8021661.782065393,12536077.803772781
-8024010.899596604,12534912.08376487
-8027641.128448372,12532521.480941003
-8030560.789432084,12530147.755376339
-8036588.671526515,12525918.130924793
-8037185.311388051,12524942.51454617
-8037992.682828041,12524204.783154806
-8039848.543691641,12522840.150617585
-8042196.960365566,12523858.274432411
-8044958.62399056,12522472.474829135
-8048326.789882504,12520655.121404272
-8051170.19998036,12519403.93629112
-8052132.245886665,12519748.270788165
-8051382.036918994,12521278.78147227
-8049969.946874159,12522844.582013188
-8048867.33947449,12523338.538421473
-8047817.938380989,12523622.059634909
-8045859.159534996,12524708.346424231
-8043615.959518421,12526227.445899183
-8041593.947784807,12527877.82752648
-8040672.29257007,12529083.03365716
-8041592.374909028,12529009.600201769
-8043198.421744532,12528459.442728672
-8044250.780167665,12528277.52485045
-8048699.484430236,12528748.834494963
-8048449.7656946685,12528580.691293964
-8048684.965187476,12528590.719211547
-8048973.614167603,12528933.511513041
-8051515.711795898,12526738.89251599
-8053328.750334695,12524401.137929555
-8055603.459688033,12522357.772220787
-8060889.561253531,12519700.034930445
-8064574.06298192,12518302.670486243
-8066286.681776552,12518495.441332918
-8058627.187356522,12532137.544914266
-8056633.472026624,12534135.380193207
-8052387.061471071,12536389.114426753
-8047161.484746788,12539585.757250965
-8041603.620402625,12543219.334617477
-8036377.310947986,12546796.225411627
-8032974.752325229,12549593.31867955
-8035126.953461612,12549074.797639204
-8041525.666906424,12546406.933473809
-8042643.438488787,12545774.345220681
-8047289.594203032,12542878.974657932
-8048495.75953953,12542306.978733428
-8049267.639777714,12542857.035438707
-8050141.07229507,12542741.206562435
-8051823.8521625595,12542046.508652402
-8056134.294974667,12539467.749334686
-8060196.662271472,12536516.017073054
-8063863.248203312,12533959.997728737
-8066766.259202008,12532715.881798992
-8069698.92226633,12530188.785082918
-8070036.165708867,12529318.9759358
-8069316.416888053,12529075.93577167
-8069073.459096804,12528426.534940641
-8072754.92405468,12522824.596027348
-8074526.585546718,12517371.001368472
-8076963.995151254,12514572.727554264
-8083751.492753677,12511396.553839365
-8087942.4599939855,12511307.407750916
-8090348.091455212,12515018.283078015
-8083344.450271003,12527271.145239735
-8082837.891751335,12529739.47512174
-8084393.959375191,12530432.373314952
-8084544.93797796,12531193.76057141
-8083459.611596329,12532729.354895584
-8080763.268772176,12534119.92917829
-8077096.731860601,12536384.273640212
-8073969.235852377,12538619.699686665
-8073009.919783509,12539839.68068293
-8074430.25726752,12539668.95862783
-8077150.937021888,12538651.603902342
-8083416.205371708,12535806.00959921
-8084427.427859283,12534958.836671164
-8087179.711038801,12532761.451719038
-8090818.089941109,12535314.875588264
-8089293.990182425,12537364.806010041
-8080393.513032446,12544796.406809006
-8078916.628310397,12546868.122154225
-8078214.78032134,12548366.81843847
-8075614.866185289,12551230.296713902
-8066713.077761741,12560070.56879211
-8064411.496189133,12562728.207388207
-8062897.69756419,12564959.632938268
-8062347.157904829,12566650.715647617
-8060304.783432742,12568066.957859194
-8058407.651045808,12568481.064315686
-8057152.600958583,12568343.340286557
-8055320.823247729,12568718.901188405
-8051648.631555267,12570707.582588026
-8055751.523981805,12572151.196858035
-8054335.184031109,12574062.582330724
-8056875.306766264,12573342.096472545
-8063467.356087839,12570386.719884953
-8063182.436640496,12570177.077036737
-8064867.676630915,12568808.993184978
-8066994.7345753005,12566445.987898039
-8068699.607422599,12564122.636187281
-8069126.889182903,12562876.730090301
-8069923.754655663,12561659.053424183
-8074630.711187733,12557120.08453344
-8075888.933999497,12555239.88761543
-8079399.013200164,12551392.235335603
-8079665.227967916,12550656.699588194
-8078578.88421621,12550271.2445378
-8078754.162585643,12549625.766967207
-8080085.709873879,12548113.402009929
-8081883.7869735025,12546456.1224626
-8084017.856891185,12544868.007358648
-8086336.77486773,12543582.422699956
-8088273.4004501095,12541819.328421159
-8092498.110404035,12539686.716417229
-8096004.357214764,12538185.618776252
-8101084.115525586,12536624.45547446
-8103117.448205715,12535200.944415966
-8098127.922714393,12534986.188786702
-8097632.639007219,12534176.225198034
-8098361.242371736,12532888.373975314
-8100871.547308054,12529664.947872566
-8101550.388955169,12528378.893664805
-8100925.000734848,12526790.32691718
-8101484.418448263,12525744.783314949
-8103691.75671491,12524194.384707026
-8107728.178026192,12523412.727624789
-8113218.481308885,12524056.966520421
-8119760.832790567,12521252.977139672
-8115162.337524203,12520878.09277997
-8115956.166541381,12519622.728168758
-8118481.254814975,12517378.519073969
-8121082.307894455,12515187.721735425
-8123222.128755799,12512845.973776609
-8126233.393358769,12510166.044302976
-8129907.703042284,12507104.070068464
-8133011.483856604,12504707.622294094
-8136656.407214292,12502280.444695126
-8140688.155132014,12500067.822921833
-8143471.120111955,12498070.56592992
-8144466.539910431,12498652.91935001
-8143983.130394978,12500268.300928185
-8141306.34991101,12502912.537418958
-8135731.490853947,12506584.805159627
-8134858.465329005,12507631.598096997
-8133734.804189379,12508791.604674587
-8130563.19743364,12511753.262197776
-8129506.34095259,12512588.922760485
-8125912.476834911,12515325.066334136
-8124960.298360268,12516081.592403099
-8122986.759292577,12518545.85672443
-8122604.643711333,12520211.717864351
-8123740.179373203,12520823.246962786
-8126280.861376724,12520146.455264948
-8128665.231895687,12517642.275953516
-8128475.706000016,12515982.206789197
-8129900.252043326,12514115.350167911
-8131566.398870612,12512705.831125725
-8139478.563533736,12506602.0427277
-8144965.043462908,12503944.674438784
-8146453.082926045,12504944.735782843
-8146853.739236052,12508647.682758978
-8144403.086212308,12511993.24186993
-8146339.714999722,12512727.792774184
-8151788.766146189,12510843.083669348
-8159828.247192431,12506364.466188876
-8158148.685835895,12506067.863909684
-8153410.127680886,12506669.423446711
-8151721.782705671,12506352.267427156
-8153650.889850446,12498996.182429425
-8154914.716367843,12497240.42225988
-8159515.049607991,12496290.317426436
-8162695.396382863,12496687.43460476
-8161563.4168211995,12501795.74482773
-8162540.471117622,12502548.49611436
-8164556.843990227,12501122.23975776
-8164205.986472361,12500825.442716977
-8164406.5068211015,12500320.164966047
-8165705.073345502,12498783.08822323
-8166658.975550268,12500129.925543388
-8168294.029171048,12499847.402499165
-8172003.754369599,12497752.79383817
-8171347.333967919,12497208.237840528
-8171888.754855583,12494989.251987476
-8171283.376299692,12494415.089218056
-8173309.026597493,12492978.784576144
-8173595.147077267,12493499.642594973
-8174341.572244571,12493680.431994239
-8175566.922810021,12493482.962839022
-8177260.78024448,12492882.677632295
-8179287.112212166,12491445.218195852
-8179857.247955684,12490621.518406868
-8181592.697965176,12488660.315727748
-8182226.88596041,12487797.310900489
-8184251.334861495,12486359.011419183
-8196990.932974399,12482600.637586916
-8202409.167856136,12481941.653991204
-8204628.456378907,12480362.095599085
-8204806.074449293,12479993.304808632
-8205915.467717436,12478677.338118829
-8215004.616700382,12474556.802591769
-8216507.062710495,12474378.556717042
-8216364.085460828,12475213.399098564
-8213930.845459818,12478552.082435025
-8215858.4801739715,12478400.882476343
-8218701.2884731665,12477645.831093254
-8220612.134325704,12477602.894279173
-8219823.195425816,12479560.98942082
-8212416.246140308,12483789.455379989
-8208269.1948359255,12486308.30536487
-8206643.334712539,12487746.597823076
-8214513.933766443,12484242.352191973
-8217668.012922767,12483231.04287297
-8214534.654116742,12486007.427762782
-8210875.712551935,12488273.74062396
-8206110.16889851,12491059.324369278
-8202144.926047435,12493587.310387116
-8201008.388879613,12495015.153810758
-8202182.125187683,12494784.5987339
-8206652.82041166,12492598.948429862
-8208408.449025942,12491887.041315522
-8209298.874638207,12491884.731742337
-8210288.265399771,12493230.685146887
-8212324.043073688,12491786.535716264
-8212242.72359419,12491417.65943282
-8213285.368586941,12489609.71386618
-8217445.0494579105,12487232.953191087
-8223546.92979628,12482707.248816
-8228240.799310627,12479743.81687233
-8230014.930524667,12478216.905392805
-8231997.297473091,12476648.570245435
-8232332.500265559,12478535.38108723
-8229170.991460266,12481729.518282088
-8222405.872357895,12486805.659561329
-8203672.62186289,12500280.0290248
-8196196.333410497,12505308.135651585
-8189533.297219803,12509185.134437492
-8183743.005306015,12511623.689537201
-8179856.046514215,12515408.650034
-8181551.569693357,12515913.187825058
-8188011.97063518,12514735.446642855
-8188184.910533092,12518506.190686416
-8189671.155192124,12519357.925457431
-8194708.950049858,12517279.418577136
-8196753.264999696,12515150.242140288
-8197967.180245981,12513305.770205703
-8198505.725648422,12511825.549781697
-8198387.610265741,12510880.745870035
-8197611.495609169,12510924.42712851
-8196398.725775501,12511208.09281238
-8195816.696110055,12511096.730204146
-8197039.185806305,12509893.664436739
-8198629.920211998,12508802.633518917
-8200013.892010247,12508084.404673155
-8201304.75168953,12507472.679459373
-8216208.7489818,12498839.489135899
-8218462.707380206,12498054.383148735
-8231526.303574828,12496959.234816592
-8241142.2790370025,12493428.808190783
-8242990.248580075,12493310.168595333
-8248699.902822041,12497534.570038037
-8252159.633726674,12494385.941360706
-8251909.0066438755,12493439.649404407
-8250230.398073755,12493257.157841478
-8249391.551861531,12492408.194424357
-8260214.75417839,12486039.203382507
-8263186.157139457,12484526.473917153
-8266632.01504319,12483220.939756932
-8279128.380912794,12480485.770788549
-8280619.4540936565,12480757.202602373
-8280235.551993211,12482049.13626648
-8276930.932253389,12485021.553989623
-8271112.0965733025,12488039.632423209
-8268043.991322518,12491099.702416101
-8267943.526382755,12490793.49820063
-8267195.376831044,12491141.548767773
-8264866.287261295,12492922.453436961
-8263072.311674474,12494748.089323882
-8260650.221296391,12497529.492884986
-8259625.205788452,12498346.962709924
-8255831.322999981,12501222.530733846
-8254764.531009882,12502080.070630392
-8254173.470039554,12502867.688144036
-8253739.1451588245,12504114.27075404
-8252760.587503042,12505200.455254156
-8247792.03213516,12508710.804562282
-8240981.355142432,12512613.947401091
-8234468.56533633,12516130.044317225
-8230514.821936438,12518397.042304128
-8227366.913090344,12520433.49444114
-8220938.802041392,12524169.654750543
-8217299.380184928,12526547.812529258
-8215106.083961711,12528413.853414765
-8214445.891551565,12529637.520022733
-8214898.318445765,12530202.40459911
-8216031.042598507,12530099.957114207
-8220536.763483242,12527953.797596931
-8226082.011475203,12524402.799430052
-8231852.81594593,12520103.86070416
-8237031.321527635,12515712.362040896
-8239222.31332027,12515190.872549871
-8237394.743368794,12517394.078310002
-8234489.220683558,12520395.413921436
-8233436.516455142,12522277.270487465
-8235623.130187988,12521249.664566834
-8239521.207063589,12517906.571804844
-8246820.558238386,12511096.861326188
-8250824.263105727,12509204.097644499
-8254123.100466189,12507887.948460406
-8256833.609223707,12505152.266499478
-8261101.539558565,12501196.016335264
-8265225.034078714,12497830.982928678
-8267641.771658417,12496774.288069068
-8269516.05490396,12501211.986809338
-8271573.534356984,12499755.456824945
-8276247.628798036,12490170.970171956
-8276017.620582862,12488126.89732581
-8284456.205825785,12482791.417331599
-8291325.394460787,12478807.026908845
-8295991.908727289,12476770.289525853
-8297860.13446712,12477272.648319935
-8296477.745515331,12479643.176782388
-8293650.480507716,12483040.533553079
-8291814.270094936,12485791.995028732
-8293429.987927432,12486205.075177277
-8295667.985368523,12484613.6191517
-8299443.853650373,12478455.931343034
-8302373.376725618,12475066.220161108
-8303416.659236298,12473654.810377829
-8303525.140591543,12472811.144890858
-8306880.57594714,12471679.509420715
-8307505.928125477,12472678.75106855
-8292708.005625042,12497513.143007448
-8281465.126875477,12510446.240398379
-8280059.086522954,12512662.58453049
-8278610.005576182,12517462.798181176
-8273919.998193863,12522809.310140284
-8273994.034577653,12523386.90189129
-8275412.365238001,12522573.47084947
-8280964.267130808,12519055.044781044
-8282792.014423126,12517993.154843854
-8285565.264795086,12517109.663941363
-8287783.667367558,12517933.531081496
-8290199.817613346,12517358.815273274
-8294423.611170102,12515332.217565943
-8297999.837629367,12513473.824376084
-8299846.467779534,12512980.907978736
-8298949.209805626,12515014.108779611
-8296874.26787332,12516476.785715709
-8294953.820251554,12516927.674566567
-8290744.237165598,12519189.133958144
-8286047.519032084,12521932.922980743
-8282662.27168462,12523811.450798387
-8280420.618863749,12524746.43143766
-8277087.476455685,12525752.914971896
-8274675.507016105,12526754.827352205
-8272302.336231276,12528010.772849554
-8267319.24050736,12530889.305911994
-8265165.769944986,12531873.930223664
-8263685.974442598,12535565.957520448
-8261424.867939825,12537958.499517502
-8256551.196014855,12540568.536817433
-8256356.282552697,12541308.97592965
-8255417.062551881,12542737.146983244
-8253527.904579838,12544573.235835806
-8250419.2037443705,12546595.944833009
-8247020.24209929,12548305.267299572
-8240133.985101181,12550934.84669766
-8237017.532854703,12551746.085964588
-8234967.348130547,12548448.861248264
-8233785.215532923,12550029.410992343
-8224094.591165736,12555308.59318903
-8220726.889120402,12556886.13576385
-8218872.188622067,12557002.727810463
-8219124.380021711,12554371.640099782
-8218022.801274984,12554634.802992065
-8216235.913735097,12555870.35945029
-8212951.909522196,12558464.498417702
-8211538.039719164,12559517.838216191
-8209632.062427545,12561029.869541897
-8207361.048244911,12562767.947133008
-8204906.587213079,12564468.670120023
-8201898.955045956,12566278.815176232
-8200145.5593066,12567092.06614684
-8198633.022148622,12567652.792708449
-8187780.855085705,12572703.561529733
-8183926.114377012,12574209.75048946
-8180134.130053442,12575018.859306734
-8153534.274679996,12586361.203359665
-8152139.079397036,12586229.914203422
-8151939.299664673,12584188.725640444
-8150661.1856866265,12583932.25322573
-8148503.216196952,12584281.01447063
-8142519.25831385,12586205.271684662
-8140442.124756125,12587637.832860779
-8136183.99027257,12591866.525809195
-8135252.846817609,12593712.115931943
-8148506.953967953,12594227.406121457
-8148232.349891628,12595916.873438133
-8144002.181573115,12600883.584841546
-8143714.850669688,12602590.029079745
-8146072.780002237,12602347.073244475
-8153555.4576747855,12599516.696573421
-8155050.586789614,12599802.315019274
-8154990.325032932,12602031.590249812
-8150741.471388032,12609257.08775579
-8150473.852178088,12612771.01954553
-8147269.865257368,12617532.884168345
-8144957.072105031,12620000.083446184
-8141365.55647782,12623103.950798085
-8137535.695998958,12626040.728175288
-8128953.101595311,12632393.369079312
-8127745.937023448,12633478.970306931
-8129274.959997333,12632830.981367502
-8132388.090814776,12630959.262896081
-8136148.346355237,12628601.53587108
-8138396.612007622,12627062.99513847
-8145629.277449225,12621919.907920754
-8146413.714413902,12621262.798690192
-8149129.847869485,12620091.27916786
-8151422.066694782,12619793.0308792
-8152513.854917644,12620451.998395635
-8151331.457387462,12621989.16617694
-8150574.0062126955,12622846.649656115
-8150109.846133703,12623512.650381155
-8149925.398121665,12624014.228911672
-8149097.866629551,12624596.420643004
-8147677.711462693,12625595.895943055
-8150355.606225323,12626071.883623663
-8151760.583243495,12630474.217891311
-8156983.928015017,12628733.789786585
-8161004.9972451925,12626455.002329603
-8164202.42767807,12624409.163230889
-8169851.424625591,12620482.047797078
-8170211.497516863,12599348.374146366
-8171394.490103981,12597578.556641992
-8175049.299900424,12593224.75922773
-8176092.256621614,12591532.838487955
-8177995.215082247,12590221.581111085
-8190224.586783354,12584795.94371095
-8193234.519720905,12583859.124822043
-8194356.535214365,12584306.41367328
-8193523.0932404,12585911.488235645
-8191292.906336504,12587809.691258973
-8188361.854350928,12589058.890236817
-8186083.419659238,12590629.481014889
-8192060.707375051,12592195.648584314
-8191953.0504585905,12593661.230933495
-8190639.1620529955,12595869.5872139
-8190882.10213952,12596965.779285539
-8195452.59479259,12595097.743168736
-8198029.880685599,12590210.72124376
-8202690.319374552,12585112.985995995
-8201166.003726024,12584167.393815964
-8203061.428465774,12581945.885339672
-8208223.516829177,12579881.051097559
-8208443.68269713,12578768.567696398
-8210775.454685009,12577144.120817628
-8213950.262125372,12575522.249963278
-8216806.010586097,12574317.86897379
-8217890.302072403,12574122.804882593
-8218962.249292295,12574566.314443912
-8220203.794413038,12574255.686847808
-8222045.116605581,12573399.453030962
-8228555.395499859,12569768.256475754
-8232056.699636133,12568129.670413103
-8235021.031086933,12567069.87080739
-8237173.041645241,12566625.536246445
-8239005.435827795,12566906.751716644
-8241041.404143652,12566594.873630965
-8241714.322208804,12566703.28270801
-8241109.600836478,12567649.195724927
-8239251.429603842,12569203.898610936
-8237323.989148035,12570738.53806719
-8236479.67978825,12571636.142314546
-8238104.923296515,12571594.056314876
-8241234.131768464,12569713.735083245
-8244611.626505335,12566967.399255374
-8246906.183597358,12564399.662337897
-8247130.445409598,12563190.523992766
-8244773.129707453,12561972.688164448
-8240446.923073828,12562961.320114477
-8241354.89465261,12561625.699545683
-8244626.659169733,12558935.501853708
-8249538.743989473,12555389.1734274
-8252438.042988094,12553946.333315294
-8254847.213965918,12553424.537637962
-8257282.34226396,12552582.197604522
-8260202.95990885,12550224.458320199
-8265764.6827708855,12546226.223321626
-8271519.4541459,12541857.239050195
-8277664.558179747,12537356.507453678
-8283980.610733753,12532863.73774027
-8287978.42903847,12530824.064015664
-8292444.14703314,12529411.40684449
-8295870.060511545,12528805.922369953
-8296698.041584789,12529240.647407638
-8292981.724542121,12531515.24211695
-8288010.415694335,12534722.664169813
-8283815.564086866,12537736.908957874
-8282454.612866928,12539417.613366967
-8283751.790593361,12538974.15668089
-8288794.156538319,12536717.07609998
-8290155.143539433,12536534.903514378
-8288267.576319321,12537857.211154642
-8285982.239863652,12539457.469294682
-8284750.079529915,12540297.27982276
-8284333.061945473,12540806.692979427
-8285435.733559424,12540982.376002192
-8286973.476424258,12540282.472445808
-8284188.881346246,12542935.37460218
-8284426.971158321,12543649.995798605
-8287242.518313333,12542147.58191501
-8292141.013356207,12538186.134701796
-8293047.682568955,12537036.021163724
-8294485.076761243,12534539.64014068
-8296030.822947874,12533142.30629875
-8298413.943352749,12531584.006230874
-8300989.690597873,12530089.804129977
-8303142.801206286,12529023.66204772
-8304236.045644031,12528769.881060407
-8308009.829484391,12531885.161826007
-8306799.439693389,12535386.233429428
-8300642.840952017,12541817.961636288
-8298110.31522211,12543140.580062242
-8294367.2299859375,12545517.302469008
-8291109.080205949,12547938.501912469
-8288898.901915372,12550807.554610727
-8282408.048147177,12556217.061699012
-8281070.727664835,12557552.818496611
-8280735.951608085,12558391.044220453
-8278547.946674646,12561328.782674445
-8278524.210692558,12562184.475967672
-8279583.568150168,12562749.30075109
-8280453.460076154,12562663.219608573
-8282077.175313073,12561980.716059435
-8291476.287082301,12553748.209806226
-8295712.839888979,12550587.134823816
-8300747.376870001,12547216.771171384
-8304925.954495704,12544586.60871331
-8308675.118358099,12542034.719386902
-8312449.989787134,12538886.096273622
-8314830.000019251,12536196.380377624
-8322032.353025144,12523302.919570114
-8324762.565096437,12520275.374642055
-8326004.834296546,12519535.134048298
-8329181.732953402,12517543.4438918
-8328041.344273415,12515977.245247303
-8329794.6763248835,12508239.784787185
-8330785.412050546,12506677.043715393
-8334291.979262804,12503906.399841255
-8338789.020103183,12500867.590436647
-8342809.819352119,12498454.88288225
-8344242.80677767,12498205.493430868
-8344799.918595141,12501489.275369078
-8347154.614506607,12499489.015686389
-8350042.013966054,12496643.97383885
-8351909.320894108,12494945.346753046
-8352115.566713823,12494980.461553296
-8352237.359940689,12495266.098477408
-8352392.590118509,12495335.10897591
-8355202.47062315,12492934.63467043
-8355795.335597505,12492288.536716731
-8357640.939069471,12491003.236928128
-8363214.828632081,12488036.341432469
-8364620.536207774,12487145.09864209
-8366547.896534173,12485737.497061655
-8368809.458999474,12483962.446732178
-8371233.352464903,12481944.09018746
-8371682.9076790875,12482714.271080635
-8370363.294428017,12484460.143877529
-8368591.93255735,12486462.019339537
-8367540.514017531,12488089.111828137
-8368561.621731921,12488518.76232219
-8371635.935101868,12485632.58844662
-8374679.516430303,12482143.446784573
-8375625.766476285,12480752.301245317
-8384950.880816857,12474670.821297286
-8388677.31721692,12473445.89188161
-8388707.6248684,12475337.823140029
-8386966.9624958085,12478547.25975645
-8385397.493915449,12479797.549026823
-8385144.305558989,12480663.39783793
-8386454.569263,12481589.818433302
-8387251.797955731,12481557.267238578
-8389305.027859375,12480959.994115017
-8390001.694789173,12480996.821713613
-8389541.398757827,12481622.450951707
-8387150.091044824,12484038.090195037
-8386733.137095877,12484680.775822356
-8389335.623835033,12483474.089714486
-8400943.950490676,12475689.763808543
-8406400.743331036,12472437.110707477
-8408502.664344404,12471555.90866627
-8410092.862674864,12471183.727339018
-8410866.567708503,12471394.972457783
-8410471.118078643,12472281.734464632
-8408595.88458165,12474120.786051104
-8406536.8728457,12475659.854786983
-8404153.654884748,12477237.605711715
-8401244.863392845,12479219.34478253
-8393485.956755761,12484323.741041344
-8389596.727090206,12486032.735612424
-8386907.594033343,12486562.453658858
-8382776.963708858,12488110.305265035
-8382162.763998492,12489880.519357026
-8386221.522332781,12489299.367004093
-8385807.641307765,12490593.148622511
-8384282.960636843,12491924.884973127
-8379787.582635795,12495357.540608944
-8378184.497271713,12496777.527326558
-8377301.480610716,12498107.06956495
-8378520.919550042,12497513.746863155
-8380603.356081859,12495917.28446973
-8382395.447303087,12494176.400315706
-8386868.886018773,12491695.382261807
-8389288.340236587,12490262.149304869
-8391710.719117064,12488754.782220408
-8393447.345076965,12487443.92751896
-8395539.001791762,12485702.369866867
-8397703.261620473,12483963.632940717
-8399557.667735048,12482749.440195555
-8401114.434642212,12482430.324975645
-8400552.139968613,12483793.386682473
-8399022.889275363,12485751.789157197
-8397644.034936443,12487244.753493628
-8395422.683180824,12488538.42294524
-8388576.440897587,12492877.383088626
-8387981.577167867,12494333.264827784
-8388537.156743507,12495292.23687837
-8390065.202041972,12495050.274165772
-8392443.107535563,12492871.973231131
-8394728.578621043,12491248.753632462
-8397438.783409389,12492314.117404368
-8397233.59868776,12493332.871190213
-8394754.445322666,12496084.750290228
-8391650.207115477,12499123.512890331
-8390353.861539364,12500945.783356603
-8393281.355837805,12500032.705115449
-8400338.833040377,12495548.301590377
-8404499.151386201,12490965.315175751
-8406354.168126404,12487213.346861959
-8406455.55462303,12485230.319354063
-8405551.126254054,12485380.01326578
-8404184.144622399,12485930.397586271
-8403366.04513027,12486113.27123968
-8404837.247571157,12484350.78261542
-8404817.47720843,12483762.303144623
-8405799.986412965,12482951.869657509
-8410193.561602358,12479863.19613112
-8411109.009332752,12479169.003382266
-8416356.617392316,12474233.804517528
-8419986.549238877,12471242.760242319
-8422862.717757532,12469645.82696346
-8422559.853077188,12470460.254283601
-8419545.139607655,12474621.855473345
-8418852.185329754,12475975.185984869
-8422178.811711676,12478720.367815763
-8422318.129256966,12479793.827643251
-8417174.947221188,12485285.609806241
-8416285.99085792,12486987.351310536
-8417179.935439317,12487023.289021913
-8418861.61455356,12486524.231039824
-8420891.471220035,12485622.57736878
-8430092.503191307,12480025.999504177
-8434318.172186738,12478723.428483326
-8435134.4876223,12480083.498650592
-8432034.582817404,12483724.295822298
-8431422.380026085,12483711.662926465
-8430734.685772296,12483984.025726603
-8429995.510836847,12484348.509491403
-8429218.444595056,12484603.543832654
-8431273.287849277,12485020.093329472
-8434685.279574053,12484373.566979295
-8444390.624610782,12480816.914963834
-8437699.357879845,12485335.71836994
-8435543.181765959,12486696.89822213
-8432214.861852378,12489965.246558579
-8420661.641489243,12499610.766800169
-8417371.714634608,12502821.512973985
-8412450.092511687,12507298.643572202
-8411087.174300678,12508717.569301149
-8411598.152775433,12509004.401253635
-8413160.005806638,12508389.690369552
-8413858.553237377,12508445.14010574
-8406941.371383283,12516398.590249361
-8406499.035800064,12519173.770249622
-8404354.272273667,12522864.419496832
-8394548.354234738,12531175.062104423
-8403611.301658731,12526211.087220253
-8406660.513962429,12523556.768769328
-8407563.561935961,12521376.317978194
-8410125.074761873,12517874.061433284
-8412247.001769198,12515881.648891706
-8419687.446149744,12509581.674574489
-8424076.523016822,12505135.932011299
-8426843.298317272,12502780.883453023
-8431308.890256204,12499810.03807866
-8430334.673133992,12499555.644294279
-8430757.814012252,12498384.190557709
-8432911.521973282,12496210.533873407
-8437140.811663695,12492958.510834295
-8440775.636915745,12490844.631875103
-8442218.056382539,12490889.152645648
-8442504.343545917,12492672.495195668
-8441460.944860816,12494154.91804608
-8436012.63269336,12499200.180731235
-8435837.87221929,12500117.265358139
-8438593.705937719,12498778.980207583
-8442719.771195862,12495941.611407215
-8447083.977716414,12492579.196547313
-8450531.068602642,12489685.296957126
-8453876.198960273,12487689.904180022
-8456389.633402018,12486433.514165984
-8456915.854389893,12486711.68626771
-8454304.885121373,12489325.84176073
-8450712.200515755,12492215.040667538
-8447197.163893467,12494577.862117926
-8443408.68767451,12496939.187009517
-8438972.961389478,12499824.66100117
-8434655.811771818,12502773.44463698
-8432240.52830146,12504509.238918705
-8431797.076188752,12505074.194011722
-8433311.59675016,12504575.447272677
-8434089.702699985,12504006.080553742
-8439706.104492836,12500467.158855096
-8441063.387790482,12499809.360960454
-8445078.434381694,12498242.440056257
-8451772.727309315,12492922.140521122
-8456620.244302401,12489777.233690515
-8459737.487752605,12488471.685182659
-8461211.430693904,12488686.716455678
-8460420.205815695,12490656.152736858
-8457326.722414967,12493992.056963248
-8449190.856880663,12501869.891345898
-8447750.206989456,12502514.758187268
-8446621.485320685,12502915.480137197
-8444324.304886118,12504542.457280021
-8444569.774701677,12505361.949219577
-8443883.738452295,12507140.027134972
-8441495.750050958,12509713.32700645
-8436660.328177808,12512895.819236377
-8433704.11454755,12514376.475385327
-8430104.525187893,12515823.408590784
-8427934.686545467,12516899.623343267
-8426725.988881968,12518859.013045214
-8429455.201017294,12518064.144422056
-8433123.234716248,12516558.52713849
-8434814.379977021,12516323.454961104
-8433062.321150003,12518627.797818974
-8426262.213158978,12525431.19949452
-8424757.14254331,12527643.21264021
-8425624.96762542,12527722.664581388
-8427736.43688857,12527266.614014493
-8430499.174395837,12526283.528586073
-8433261.66829244,12524809.416692128
-8435977.379728638,12522373.649721373
-8443263.415047301,12513442.052098138
-8446016.173068918,12512767.709807672
-8444354.730611172,12515342.151160216
-8441344.396688266,12518891.576288288
-8440093.800484382,12521114.949260054
-8442491.70750083,12520980.041694056
-8446732.502618399,12518955.316728072
-8450930.995082336,12515889.505944999
-8453275.843033617,12512583.258103432
-8455581.381575247,12510953.87055018
-8456950.134473478,12512688.28266632
-8458875.644348197,12512608.312075624
-8462920.463750623,12510827.753756953
-8464722.848462256,12503571.690723075
-8467264.746727027,12501001.41663802
-8470726.436319182,12498470.081400393
-8474094.794788996,12497066.919203015
-8474548.523038305,12497838.577468414
-8471239.608805908,12502417.415431783
-8470742.890221009,12503919.355635826
-8473241.253888773,12502807.346564062
-8477909.568390911,12499409.713383399
-8482618.01750197,12495642.333948126
-8485204.187606046,12493451.051498724
-8487924.682272507,12492738.165222758
-8488848.24191062,12493388.124602348
-8488227.839077828,12495144.186814252
-8477100.76866913,12509735.838211056
-8472538.515061459,12514401.77601311
-8470916.23711237,12516243.196012259
-8470300.331003947,12517636.04865101
-8471440.25073435,12517973.84749131
-8474174.006835671,12517104.014164826
-8477750.057186037,12515505.591095403
-8481360.026108658,12513688.749030694
-8483282.893947452,12512329.837435715
-8484839.185642114,12510629.543067008
-8487011.717640081,12507848.092904512
-8488222.99556301,12506512.479514394
-8490634.841559585,12504286.603477618
-8492879.35007429,12502339.857054621
-8494610.631116692,12500723.647490526
-8495541.068798967,12499420.318483554
-8497471.975003792,12498050.083488852
-8497043.83064732,12500659.3164035
-8494881.166600022,12504769.072034359
-8494471.463364268,12507620.209244363
-8499353.077822119,12506424.486003548
-8499589.471866462,12506645.495673673
-8507525.231931264,12499472.195878407
-8511648.404526064,12493227.053058768
-8512894.751941137,12482985.23102032
-8510614.278992893,12482128.858264197
-8510027.289433511,12480204.324283686
-8514041.064401262,12474884.365104713
-8510961.062274497,12476032.573234526
-8511351.48926901,12474669.154986914
-8514143.873665927,12471779.046053415
-8518168.596750809,12468414.888634395
-8517241.999999495,12473621.43242163
-8519667.62070934,12473704.392457731
-8528162.324955044,12467130.416426133
-8533133.679259116,12466972.785096772
-8535866.742997564,12465530.942639917
-8537544.564354336,12463795.960780082
-8542904.779840328,12456556.841906145
-8546162.252091201,12453572.126828374
-8550133.150110641,12450334.05837665
-8553747.251340907,12447922.33542111
-8555834.705894189,12447469.959180675
-8556795.328952897,12447111.2291219
-8558321.408300972,12445788.844522825
-8560601.59312241,12443429.150877599
-8561737.442485314,12441947.551423684
-8562269.448336033,12440877.617367469
-8562095.867192116,12439555.132282546
-8554269.090662371,12446005.087593943
-8553659.207544217,12445275.915902095
-8557767.248611363,12439128.432555666
-8559854.3476836,12437621.451015648
-8560602.785972493,12438265.884788439
-8562702.647572922,12436749.283647038
-8562449.26260417,12436412.55266471
-8562688.617269663,12435886.791625876
-8563802.39211702,12434373.673985038
-8565963.17254829,12433778.808013849
-8568185.591817705,12435156.562998727
-8570934.289934753,12434911.533092149
-8571382.431007128,12435199.620919054
-8569699.956030002,12436464.858224941
-8568905.233002348,12437624.77466443
-8567392.349883432,12439415.706705974
-8566472.611467646,12440827.142670983
-8567445.018741973,12440856.489913667
-8570699.853090962,12439104.384427786
-8574529.629865676,12436535.941554105
-8577895.655798191,12433902.853426196
-8579847.797885062,12431894.867463397
-8582471.516212778,12430408.715016225
-8585206.929506792,12428958.970317338
-8587272.133479277,12428121.493794858
-8587856.294453233,12428507.620849038
-8587080.198814834,12431479.763083111
-8588254.453116758,12431304.361835387
-8590266.461201271,12430640.566460505
-8591991.043277029,12429786.067336103
-8592453.149567194,12425882.897941615
-8594737.003729185,12421106.02052513
-8600726.094292792,12418249.73298718
-8602742.621255377,12418476.54638692
-8603057.65434858,12421648.831872188
-8600801.05230311,12426832.193127938
-8601989.557351023,12427810.744049547
-8608269.426566586,12422823.20030593
-8610847.663311472,12421389.861589639
-8611619.308521828,12417968.526196549
-8612942.986894436,12415948.218162857
-8617236.9391592,12413529.546135187
-8618360.512400744,12410962.373348773
-8614242.409668393,12409770.230522411
-8616615.896871416,12406387.722931867
-8619349.517209683,12405579.60277494
-8619799.023063153,12406574.158048837
-8619440.65908295,12408204.60753511
-8619908.865724213,12409199.350136802
-8626662.665837254,12410604.328518188
-8629008.35680492,12409942.875744892
-8632553.625274073,12408105.959814677
-8637772.76173436,12404546.122793308
-8642076.349690938,12401091.9206587
-8645490.420802725,12398224.79124254
-8647395.993529737,12397120.417606616
-8647147.790077038,12398973.449908255
-8645850.476210717,12399766.301174555
-8642473.471886398,12401951.100895785
-8644779.966561582,12402886.882973721
-8647272.33876529,12402109.99405707
-8651524.292155575,12399740.993028654
-8657050.622849628,12395778.582945613
-8658556.017102879,12395881.632578036
-8656921.453083646,12398241.831104757
-8653022.608930629,12401039.662243359
-8648175.77279997,12406139.170156373
-8641827.084038977,12412222.822084663
-8636769.206606584,12417453.125353554
-8635799.179775301,12419994.935604319
-8645731.691935498,12410676.82780947
-8650288.054123035,12407062.582948687
-8652631.66160059,12405936.600466294
-8653252.72399209,12406803.762615915
-8652493.472092673,12408778.95996957
-8650720.00624555,12410973.81672373
-8644099.284636531,12417936.058059884
-8638108.940182531,12427339.974407893
-8632315.002811788,12433673.862260347
-8627186.885265132,12436893.579993958
-8625695.92346108,12438502.23463299
-8626870.42845182,12439430.796161314
-8628318.302064367,12439288.762450792
-8631012.536404336,12437889.70448072
-8639003.35600888,12432840.606891703
-8640640.397842703,12431217.975164883
-8644355.097190235,12429405.316972515
-8657114.971341377,12421657.6392176
-8662164.130354447,12417654.66330374
-8665225.610376246,12415922.647032313
-8665777.87332164,12416257.499288054
-8661036.763493052,12420439.485980535
-8655329.629350964,12426966.854674043
-8654148.81470534,12427500.711055133
-8653088.574578576,12428103.42769964
-8651928.09788262,12428821.306052117
-8650603.845902696,12429596.130085723
-8649385.468121363,12435518.351157565
-8650460.688461807,12436452.824740168
-8659198.391984407,12428839.652342724
-8660587.588430371,12428747.445467038
-8656914.356953258,12435427.690609463
-8657629.499583995,12439416.478869744
-8655794.057571024,12443131.695069794
-8649972.822680641,12448372.122382289
-8646693.465252042,12451152.502542092
-8647805.761905584,12451278.01316305
-8650695.857283864,12450144.165117478
-8652693.40932517,12449178.949350698
-8656858.200641185,12446452.405650936
-8660992.290254654,12443441.010481112
-8664093.625947038,12440849.132825036
-8666500.255538136,12436587.434657458
-8677305.471704805,12426196.452018082
-8680533.534804516,12422286.572242016
-8683752.828489007,12420190.408241695
-8685022.143825091,12419422.490887322
-8687573.454731148,12416333.21197056
-8691450.95795081,12412968.692802245
-8695287.900712684,12410524.136594197
-8697747.058132434,12410161.964168383
-8695208.141302986,12418831.6520051
-8697368.904877009,12418431.271684485
-8702348.722269772,12414775.277046746
-8704451.136750586,12413058.842673317
-8707992.627338955,12409095.776297083
-8710373.337748168,12406739.335161755
-8722455.44498139,12395636.703816522
-8723831.633638924,12394236.914435942
-8724818.275716059,12392793.796232121
-8723855.856081389,12391113.311683044
-8724243.909796942,12389607.131586084
-8726844.173514543,12387688.729780396
-8725604.270708198,12387044.620878981
-8724774.600101354,12382732.21452843
-8726898.217476014,12381947.665257728
-8731981.832323436,12379609.75202183
-8733357.009860048,12379466.014631534
-8734333.740638496,12380544.67268308
-8735384.904388482,12380624.822928045
-8737407.392502224,12379933.552782653
-8739779.698680667,12371780.701739516
-8745784.472230744,12366832.043688733
-8755671.927626535,12354425.646965878
-8756565.134842543,12352203.016215412
-8755752.199947717,12351059.5873705
-8756353.101475505,12348873.028443854
-8760047.006946832,12345066.21409901
-8768561.166293446,12339016.895539956
-8766337.687586622,12336949.281390926
-8768046.605146077,12334212.243790029
-8774255.88838601,12328999.863001846
-8776152.311927715,12327590.998294145
-8777169.832570367,12326905.197408004
-8777625.825885816,12326754.828150153
-8777902.590978505,12326927.830165105
-8778958.635741267,12326432.088552864
-8780896.280088928,12324879.500918498
-8784024.558705574,12322154.84325645
-8787247.616669498,12319608.309893733
-8792058.225062177,12315631.106623936
-8794183.118534265,12314116.751713559
-8799154.518126607,12309861.569223939
-8812955.450008465,12298589.277787505
-8817903.511840312,12294299.132035788
-8829516.288784673,12288985.282197475
-8835334.795560198,12285632.76769204
-8836460.391136859,12282990.048456725
-8835892.05275875,12281248.595746048
-8841436.296545934,12266857.120207524
-8843604.732989991,12264328.300697332
-8846750.711561337,12261102.534025045
-8847537.520816378,12260215.666774493
-8853276.340787236,12255923.405035893
-8855409.561463945,12254075.418962987
-8856215.688355437,12253090.407548478
-8857363.694232572,12252144.752318773
-8860593.023742575,12250355.128462665
-8862688.606283393,12249616.931139994
-8864648.32708085,12249989.184068812
-8866704.41005301,12249067.764040288
-8862694.037426293,12252932.584965508
-8861430.852534775,12255068.26153713
-8862582.37186899,12255517.710723838
-8865727.613172414,12254386.222080529
-8868522.555599283,12252824.405471737
-8870619.496465314,12251418.905719925
-8872164.513649506,12250572.200931473
-8873276.455461733,12250722.627760919
-8872971.525298739,12251860.267573217
-8870955.392237812,12253695.00594927
-8868122.47481298,12255649.549296087
-8865262.837572277,12257236.992294041
-8863002.986677304,12258954.674852008
-8862448.81624456,12263362.00555476
-8860876.945968376,12265170.544346623
-8857686.209243586,12267998.046293462
-8859004.684893044,12267937.406396763
-8863784.191599824,12266058.087084137
-8863749.191669703,12266959.752167294
-8862033.832044858,12269841.50836345
-8861817.862909002,12270676.99106044
-8863071.37705275,12270527.632638104
-8867059.035867814,12269057.577159198
-8867895.648389114,12269387.327382945
-8865761.312587745,12270631.461296346
-8865583.557379056,12272769.156097855
-8869538.073496629,12271957.890045827
-8887408.841395888,12264141.579300754
-8891355.350696804,12263280.686960291
-8899956.018436622,12263582.1018712
-8904201.366618907,12276057.469229799
-8903143.45657526,12276642.880433874
-8899501.127802886,12278782.580664104
-8898615.891838942,12281344.19380942
-8908835.539323064,12280021.483662533
-8910129.882624855,12281724.798278283
-8912311.754032139,12281420.34129357
-8919155.72875495,12277110.219560007
-8927680.035470484,12272441.101562655
-8932347.99525526,12268842.986004988
-8934403.139319604,12266420.375648279
-8934623.55468257,12264912.725074599
-8932012.165649917,12262747.170430074
-8933380.477411961,12260535.127177322
-8938844.525378741,12256658.14768243
-8942443.378915709,12254329.376381282
-8944144.909046188,12252841.946397446
-8951722.20775094,12243674.081144711
-8952371.145786528,12242584.687308246
-8949675.249001823,12226215.493819717
-8951290.718710434,12223391.196739042
-8954332.77803492,12220160.704490937
-8962350.785509432,12212614.714470362
-8965713.82929061,12208911.60439488
-8966554.168622784,12206878.807629207
-8964834.94856119,12206678.247179307
-8960934.19416364,12208335.444779797
-8955312.267808618,12211844.7874154
-8953402.01969478,12214627.545527171
-8950711.120052323,12217913.237719549
-8946963.548037224,12220206.658696376
-8941157.229385618,12223005.119895805
-8938288.241709992,12224546.241681715
-8940070.30770846,12222720.575396514
-8936487.401671212,12223983.998897573
-8932334.440756204,12219844.381216852
-8932841.690748002,12219094.135081599
-8935140.37761518,12216573.423168803
-8935513.80938563,12215910.425339168
-8934726.816158455,12216059.558045674
-8933430.247742984,12216650.608281266
-8932346.076451203,12217025.688407572
-8932212.241375847,12216539.898788478
-8933985.563394608,12214186.23657408
-8936409.196038062,12211749.368604755
-8938278.173493141,12209662.908934986
-8938739.836810451,12204092.33651296
-8941617.742070185,12199976.07099709
-8947390.576545127,12194719.736449676
-8952675.30228118,12190277.676799208
-8955475.28791071,12188288.158017162
-8958941.103337286,12187588.093167186
-8962333.419816544,12186213.162353495
-8966451.86077632,12184203.949939333
-8970339.635804428,12182018.904758755
-8973765.500235029,12180497.15158601
-8976969.604435934,12177568.54692263
-8981715.523943875,12171439.879602795
-8986205.242789548,12169308.32264524
-8987471.332834765,12169658.565334689
-8986713.87380789,12171523.201578934
-8981946.023482542,12178362.84988418
-8982576.749599807,12178935.57485444
-8987571.445287023,12175851.711821744
-8988446.458156481,12173955.606958779
-8988325.398305856,12173563.364459142
-8992488.650173992,12171935.935665052
-8999475.758846791,12172544.94234753
-9002233.75952687,12168358.311102087
-9002013.69294657,12165521.72419697
-8999416.884710547,12164506.838345299
-8994875.729700902,12165912.017390214
-8997098.790672068,12161689.823161496
-8998926.961451154,12159248.892154284
-9003066.860849587,12156068.448077029
-9005094.289004331,12154483.726755861
-9008343.476244124,12151127.589603882
-9009425.41746856,12149847.73291102
-9010097.180948704,12148822.36440387
-9012146.613378404,12147217.348427309
-9015626.163947083,12145347.960716214
-9018787.045766963,12142170.42935348
-9023031.885448445,12136574.961032296
-9025260.18180865,12134824.136347111
-9028380.129380217,12134218.70356802
-9033709.81713222,12131514.68535611
-9038172.06266527,12128251.497012677
-9038638.72348459,12126012.982149042
-9040512.193487756,12124536.832327217
-9041088.748011822,12124328.659191096
-9043126.241255315,12123338.283278974
-9044026.193157585,12121710.042950857
-9049219.50549895,12117028.752708135
-9049884.264734076,12115637.678073088
-9048615.267605636,12114637.838512804
-9049785.36134512,12112880.03010764
-9053850.377261002,12109263.72159392
-9063245.638376188,12102655.234389395
-9068186.859876148,12101022.916749246
-9071558.697731758,12103496.0196228
-9067762.76480558,12105979.993172929
-9066134.96435359,12106957.214283362
-9064562.858189601,12107699.46789328
-9063846.485926919,12109842.618165364
-9065164.77021057,12110771.983683618
-9069079.231714625,12109070.699571146
-9076062.586038282,12103385.451952308
-9080972.261004517,12118474.55344858
-9078889.22558908,12125639.231746567
-9072798.09706626,12133839.572503436
-9073170.037871981,12144961.98496093
-9071540.141951283,12148356.93673448
-9067799.085885622,12152903.377956444
-9061646.048813347,12159405.71643743
-9060774.711032985,12160440.633037444
-9055853.90546418,12164767.858514348
-9054048.784637218,12166422.549718143
-9052470.318003122,12168217.910174891
-9051371.879977906,12169773.306993771
-9051066.716863392,12170832.398817047
-9051837.830748565,12171172.698336178
-9053331.972416066,12170960.156956233
-9054448.400687778,12170291.542962408
-9056200.331251236,12168766.382951567
-9059634.123969737,12165952.190430095
-9065401.85567076,12162364.20198415
-9069702.111876609,12161107.554838197
-9075422.86625626,12160511.553529775
-9078594.576577796,12159526.611012079
-9080993.65474017,12158218.642967653
-9083887.760301152,12155802.912014768
-9085885.266272375,12153688.510608852
-9087680.336976143,12151570.357515536
-9088916.374865623,12149827.55887688
-9089365.960216815,12148746.283489533
-9088444.065232132,12148524.491608843
-9084397.549529873,12150126.303765625
-9083169.13563712,12150341.655801902
-9080691.69590052,12148400.336598527
-9080845.228847975,12146535.449727625
-9084705.206645988,12140655.420135979
-9085032.648753421,12136717.94413701
-9092287.605689725,12125247.31444504
-9092932.709116662,12122972.337909171
-9088210.109090453,12110776.817831907
-9089886.94188219,12105764.431495951
-9089614.219040073,12104140.634166623
-9106575.394950654,12088266.250808205
-9108610.878198965,12089727.175066624
-9112461.753670203,12085537.234722411
-9113716.894781502,12083038.07991217
-9113025.909761997,12081995.570271406
-9110980.812405419,12082188.109594071
-9109890.56895588,12082693.802766463
-9108367.15005122,12083513.463494895
-9106756.23233782,12084234.097446846
-9105290.725526102,12084545.80508664
-9105097.160800625,12084225.492254144
-9105253.64407893,12083587.379770983
-9105025.519415302,12083188.218833283
-9103818.731164927,12083501.434935952
-9106131.875295741,12081964.110533351
-9108541.557928722,12080458.18462907
-9113084.978206228,12077851.747699713
-9119455.404910417,12071685.660435084
-9126158.41062371,12066790.765779508
-9131378.909580678,12064052.24919245
-9133356.447871776,12064311.416181946
-9131233.019340912,12067334.93288909
-9127717.741409931,12071057.722097587
-9126224.045078553,12073234.942388792
-9130232.507433224,12071577.106012339
-9132451.974344451,12069802.63601144
-9133754.193811873,12067927.66079954
-9134411.233195331,12068191.234492619
-9134697.293617832,12068759.399350982
-9134551.57301932,12069644.19477523
-9133923.679295303,12070846.639807899
-9132696.085209092,12072319.826088376
-9128708.158053925,12076561.137352109
-9127233.941365315,12078374.504067795
-9130095.627915207,12076082.638807964
-9132083.290361844,12074599.413108114
-9135685.816208124,12072100.987203764
-9134921.660965702,12073484.53874542
-9133521.247711193,12074891.966350889
-9131666.694574457,12076508.031109499
-9129573.950063268,12078505.794072937
-9122859.530881137,12086293.186745876
-9124232.280576818,12085547.61900629
-9126673.589041991,12083706.605904786
-9128199.813434357,12082479.893218368
-9130295.380378217,12080500.054056665
-9135192.100449717,12075113.063516835
-9139256.257105764,12074361.980790995
-9138714.218097974,12079535.759654066
-9139670.998724254,12081176.71334908
-9143489.455371598,12077212.529794913
-9144259.125704275,12075268.558153788
-9142310.703546021,12074029.886654336
-9143255.331964387,12072272.876714176
-9149791.10453978,12065037.790154787
-9151764.998980055,12062256.502344083
-9157284.631586235,12058949.066403098
-9159955.274446955,12058588.707204742
-9160596.150821017,12059945.193099301
-9160078.077246346,12061765.517517855
-9158235.764411028,12064520.543996237
-9140568.052212698,12083672.781326838
-9137721.92740341,12087295.085922487
-9133579.08520232,12093803.773896882
-9133117.86139442,12095113.445057051
-9134393.263782602,12094519.736302916
-9137417.48057404,12092012.01482964
-9139562.707091428,12090129.37150837
-9141423.388087384,12088617.609729217
-9143604.798081521,12087192.551058209
-9144982.594884332,12084838.411730915
-9146240.8759421,12081130.545830248
-9148203.722485794,12078298.373133644
-9151506.153788328,12074844.641582346
-9156535.374510106,12070027.925575547
-9161176.098708851,12065821.55557924
-9163406.189543875,12064153.093874041
-9163822.94779457,12062456.438487444
-9167652.80625865,12056476.89346761
-9167851.519581502,12054669.8263225
-9165647.215001196,12053492.000650639
-9165856.520716282,12052010.427698048
-9168217.948295958,12049049.541079756
-9170776.371761246,12047890.332219724
-9172085.602175461,12047934.859558877
-9173238.082832327,12049242.337907573
-9174321.01483732,12049348.512207653
-9179480.579661839,12047499.141159782
-9180372.674987754,12047654.193258641
-9181631.028173668,12049191.778711876
-9180963.588770352,12050262.849512741
-9178018.54391566,12052860.045726132
-9170211.92726287,12060171.824428046
-9168659.928201243,12061719.083444286
-9167116.685956813,12064329.145428566
-9157720.28618288,12076192.212809777
-9150879.15421541,12083865.504139679
-9145286.861010626,12091557.826150516
-9140721.557927953,12096731.369437704
-9139334.46212742,12098659.091800544
-9139510.105870252,12099661.61294645
-9160676.500913369,12076023.742757585
-9170387.925519435,12065807.677364985
-9173775.340859363,12061203.021331195
-9176210.261618715,12058474.088380227
-9180667.286048302,12054535.761244772
-9170818.800342916,12072245.15817015
-9164414.707285352,12080244.96743751
-9153011.587516198,12092613.678733777
-9154874.507015593,12091342.290595107
-9161273.750268634,12086279.917432284
-9167140.589109967,12081895.549419738
-9167553.056084735,12082581.22253649
-9169437.545576166,12081078.470463509
-9168124.957995221,12082895.237792896
-9167370.657935016,12084677.147072267
-9167360.11969775,12085995.866746956
-9168172.16836604,12086492.795046942
-9167865.072207825,12086261.709168619
-9169036.595100235,12085624.836815277
-9169268.147737011,12085229.754860586
-9169210.839321086,12084807.374521257
-9169530.159315852,12084061.400853224
-9171693.718095584,12081459.768282896
-9172305.557493664,12080555.336805156
-9172214.3022556,12078805.832026592
-9179239.243972752,12063345.340260757
-9190852.230978433,12046922.406462368
-9194602.923621628,12038163.14025735
-9197499.65630222,12034325.023008844
-9201835.989884498,12029472.503245613
-9203869.223607253,12027828.76098243
-9203677.6488342,12029063.382182848
-9198543.53954973,12036103.934636699
-9197256.980066583,12038424.300330535
-9195258.118216977,12050661.756180402
-9194423.838098966,12052102.740471546
-9192392.407899695,12054258.63526617
-9188890.240310395,12057638.220003402
-9186713.029227719,12058906.284138668
-9182263.998590453,12063780.029387265
-9182256.654057965,12065776.340870248
-9185449.87133864,12067413.70117325
-9184458.83663723,12070180.142936563
-9166564.545245796,12093159.56027682
-9157572.57656757,12102483.917601315
-9155606.702800814,12104967.1227279
-9156041.598300274,12105763.898115609
-9158750.15127118,12105294.486325001
-9160629.111285735,12103721.97766415
-9162191.34014592,12102309.399672413
-9163498.352544855,12101008.123316716
-9164581.364048205,12099803.860617075
-9170942.825523676,12096276.852365047
-9184662.7429957,12092635.549640857
-9188249.130401192,12090832.421948686
-9190433.23777995,12089489.358638072
-9192525.700559653,12087708.864502113
-9195700.125391083,12084719.091780858
-9204889.766914135,12075078.693920754
-9207310.446747238,12072783.718990896
-9207483.470501209,12071117.598581249
-9214445.505797796,12055976.03870388
-9216693.203572573,12053961.126880502
-9219605.156255888,12051815.212344088
-9222127.561494814,12050285.804485701
-9222828.851397818,12050257.248165753
-9220243.230249202,12058192.46688934
-9222905.201233791,12057222.02655128
-9225145.785678515,12055423.021201925
-9225683.63484783,12053131.44850606
-9226626.519782688,12051447.40571159
-9228824.639986008,12048900.067757774
-9229968.745285602,12048160.807229761
-9231592.525196536,12046964.427560527
-9233217.228467034,12045806.34927221
-9229924.273994785,12046938.415384015
-9224714.472513739,12046826.3499794
-9224226.427596286,12045509.21921623
-9225831.538754826,12042744.886285547
-9229173.624236487,12038125.462395495
-9233325.304262696,12033334.308277406
-9237429.492135856,12030002.386833757
-9240818.082687847,12022075.1855857
-9243734.250978136,12018697.578249192
-9249475.41370429,12014151.730146473
-9255230.069454728,12010185.606330615
-9260876.367419172,12005993.256138433
-9266377.242719755,12000704.090540143
-9267112.747265399,11997531.01926697
-9268433.75330832,11995943.792665213
-9271931.208489897,11993146.62703367
-9273761.171811748,11992225.086816356
-9275958.65579732,11991998.56066772
-9284270.985324854,11989110.793381996
-9285648.15595392,11989908.757232815
-9283051.818844454,11993880.989347266
-9276100.0109045,12001334.236714138
-9274526.413835462,12003435.912925957
-9261640.70101331,12026606.160883468
-9262261.281183885,12032139.058571214
-9258631.377301097,12042184.804756714
-9263443.517231042,12037099.781339606
-9265950.031962913,12032923.799945954
-9269271.262359455,12023201.101870973
-9280888.035031509,12005620.352029653
-9283076.747192437,12000106.951747924
-9288742.608642742,11991695.701423675
-9298504.607184652,11979068.120002432
-9300839.40919054,11976498.085916068
-9303662.651452797,11973846.649518844
-9307109.222412089,11979581.604910662
-9303366.473720184,11986023.462180002
-9302366.091452183,11988609.03450526
-9305408.057808474,11987690.819417115
-9307878.188496396,11982629.07052662
-9309487.256517507,11980697.821429977
-9312287.755103445,11979863.053798575
-9313264.043887185,11980735.860109443
-9312589.201380257,11986541.750318062
-9311085.239935676,11988947.273880905
-9306606.287806863,11993380.447629498
-9302031.068685837,11997708.844472656
-9300172.275944747,11999846.326044543
-9300035.897882925,12002895.426603176
-9301490.11742505,12003388.689711353
-9306011.749375101,12000644.946156882
-9306190.94307181,11999892.43840822
-9306759.377202488,11998878.45126713
-9308500.025593318,11996426.586034046
-9311150.892339285,11995420.049703587
-9310387.441913087,11997230.280361779
-9302116.867381742,12007084.799702052
-9290567.961152961,12018138.528748782
-9284154.766941825,12025000.224885732
-9279776.412964743,12030722.93496755
-9277962.663059225,12034559.466327367
-9279401.598136904,12035645.892707363
-9281697.488342196,12032893.978184989
-9286373.47651489,12028146.491280245
-9291770.386208236,12022968.123669988
-9296277.588337287,12018880.76515684
-9301119.649704538,12015251.892727135
-9303952.780348066,12014161.381729346
-9306280.26143109,12013950.882093072
-9309509.154049635,12013040.296600599
-9312225.278226387,12009062.18559942
-9310375.503788905,12006214.477421723
-9310660.076018471,12004039.781797318
-9316114.633411575,11996090.534261527
-9320159.554124614,11991323.527324341
-9325896.33173494,11986694.488832265
-9316887.409710316,11977302.871372472
-9317394.495797861,11976109.203644097
-9321627.877921626,11970123.64409666
-9322298.254558502,11968882.245082553
-9321215.601263914,11968239.30224043
-9319235.092979852,11968312.458377592
-9318939.631037252,11967210.472691145
-9323006.888094112,11962945.092802104
-9324542.144358769,11962414.472344512
-9326656.803250635,11960803.406167654
-9329004.468191411,11958567.62689412
-9331290.729151769,11956125.980162943
-9339372.036775297,11951205.375568511
-9345336.00249785,11948802.398901561
-9347901.252740772,11949559.750881745
-9345757.0687857,11954120.893587774
-9342256.932111308,11957529.212448861
-9343664.189835127,11956963.8360346
-9351037.673245221,11951614.20811745
-9357936.489529422,11944067.512293475
-9358360.42884748,11944029.825748645
-9358935.461027544,11943748.639121693
-9360590.349401634,11942820.088147977
-9359798.083809096,11944049.311337335
-9360058.232943816,11944594.51271691
-9361109.209694112,11944604.774109097
-9362652.691534715,11944240.391326671
-9363952.82833714,11940797.328050595
-9365924.634448212,11937492.13648395
-9367549.703790938,11935411.80718331
-9369294.031159148,11933996.39863013
-9373130.710885769,11934154.859584127
-9375774.186087029,11933407.650492754
-9377540.513648802,11933338.7444448
-9376076.899207564,11939975.885197854
-9377999.273338083,11942251.23848544
-9376828.034631187,11943427.458680172
-9374180.488842327,11945936.528928434
-9371653.472371088,11948530.440136008
-9370863.108100679,11949956.189974124
-9372467.881301481,11949323.995687526
-9375165.712968988,11946977.693078477
-9381258.15264837,11941164.684465311
-9395009.80040347,11930463.061800206
-9398873.201892244,11930157.960904412
-9396350.626732705,11939595.033971857
-9402097.627372192,11944645.100695275
-9400924.571775412,11947031.828924678
-9397690.180248441,11950552.466149898
-9391772.142795786,11955151.220342416
-9387506.90171376,11957608.127622796
-9384388.247700658,11958594.601304106
-9382410.50135629,11958504.088398177
-9381673.994581847,11957636.09715118
-9379629.322840014,11959320.232789876
-9384148.685047511,11961455.249286117
-9382143.90357971,11964021.687683662
-9377562.465778075,11967095.447072512
-9371904.21269856,11970101.105791692
-9366857.152636452,11972396.411045054
-9364088.861795183,11973365.069878954
-9363017.914787985,11975891.91559048
-9365712.533409886,11975836.701874072
-9370611.379005853,11973946.812398689
-9376090.077668833,11971000.49093117
-9376461.390070995,11971272.588485425
-9376468.414130397,11972265.006195173
-9377263.888914237,11972564.533156881
-9380024.899509158,11970716.426457442
-9384433.045925455,11966866.489479046
-9386552.09264397,11964737.192318847
-9388259.202165369,11963254.973592436
-9391488.10984721,11961291.705642218
-9394531.085087772,11960253.071216978
-9396009.434232377,11960992.500292104
-9396017.11436936,11962936.943101244
-9394744.347194202,11965428.176605074
-9394103.89597785,11968008.365266442
-9397591.212096633,11966749.316340895
-9402397.976514017,11963140.15709329
-9405697.9224995,11958667.922477793
-9405609.477543002,11956871.134193841
-9400601.81966724,11954941.394113332
-9400363.964929061,11953142.996131089
-9402691.228933675,11950543.134256637
-9406890.693098247,11947561.251569187
-9418348.507732986,11941271.64050201
-9420541.066802027,11940344.398758328
-9420887.923642034,11941104.081528218
-9419567.78618748,11942812.681291467
-9417165.289839515,11945382.863268044
-9414534.8298579,11947996.595719533
-9412659.766276883,11949720.527768433
-9411158.586592378,11951243.065334981
-9409854.22588997,11953004.514521997
-9409055.689861389,11954490.99494085
-9408975.442880802,11955287.761360321
-9410563.426232407,11954911.212159133
-9412798.710986903,11952954.340668928
-9436753.071087413,11927905.9427742
-9444818.079735424,11920386.493258338
-9444098.497429589,11922218.706849936
-9441983.387072997,11924672.077429967
-9439226.004505843,11927494.447955048
-9436507.717780272,11930477.65940078
-9435356.924730645,11932364.931370018
-9434626.341031633,11934103.567123298
-9433253.00964692,11936021.949929327
-9430275.654853158,11938368.92577143
-9429074.214698777,11940262.088960005
-9429338.559506707,11940928.10436016
-9431247.680647746,11940021.864262486
-9435007.178170845,11937179.669986997
-9439088.795356883,11933396.188637186
-9441558.002714686,11930377.415986974
-9443791.69527546,11926248.959017757
-9448497.801595364,11923558.231097333
-9452408.264799844,11921859.032448163
-9455020.760645289,11921339.395589184
-9455981.64887118,11922049.236727297
-9452653.284961917,11924356.693688719
-9448397.550063107,11927601.256131073
-9444811.660519952,11930610.195936311
-9443577.84721894,11932140.912383072
-9442324.21584889,11933923.3350319
-9431565.627695352,11944379.3065786
-9429611.864469346,11946891.737162547
-9429871.71294069,11947617.46966265
-9432273.13229745,11946387.225239545
-9436717.586424831,11943069.597595852
-9439034.703503491,11940879.192258144
-9449366.834167093,11930273.53754048
-9455945.35375814,11925903.069342064
-9457315.246789154,11926764.483398532
-9456131.603591133,11932012.020650128
-9459675.373612538,11935616.875491131
-9460108.697221441,11944249.387927039
-9457885.01571054,11947692.729482701
-9454725.468939392,11951578.808343118
-9452444.7537951,11955260.411986243
-9452047.798608102,11957378.20049486
-9454618.556472337,11956490.131933121
-9457362.390516702,11953662.267703855
-9463202.517631069,11946680.840085097
-9468419.761251261,11943764.038575498
-9471029.18469911,11940721.27728394
-9471721.178353649,11938157.983731857
-9468263.67609973,11926470.951291516
-9472978.161309898,11915251.573718563
-9472322.759477286,11914438.121361218
-9472561.106951186,11913588.301189668
-9474658.754510652,11911561.80254398
-9476947.756628849,11909748.336592184
-9477959.01145846,11909057.49053745
-9478635.532048304,11908523.051191838
-9479855.428287493,11907226.670981027
-9481771.029071374,11904882.04174502
-9484225.426222982,11901153.975029087
-9485939.830793196,11898933.181839881
-9483716.497727398,11900792.32921927
-9479681.831576442,11904013.691823687
-9477785.22981539,11905747.787169801
-9476555.773284499,11905248.441290403
-9470672.792863688,11907302.494894551
-9470747.482391434,11905611.217699578
-9477590.987112705,11890669.922175173
-9477029.529257577,11887985.991918659
-9478018.614933643,11885712.489502551
-9481858.085282546,11881343.128867991
-9492474.280399375,11870903.52293978
-9494812.170451535,11867467.47265366
-9495837.349290408,11866842.742660563
-9499249.444929203,11864609.73373154
-9502172.467250334,11862027.656398814
-9505282.539291771,11860284.113193829
-9507993.255818821,11859312.957049081
-9509680.988070982,11859078.908730632
-9507801.261788163,11863949.162125131
-9505058.764259232,11868445.634569652
-9495122.383967256,11880646.866438877
-9494621.034603355,11883342.966692152
-9496824.281507337,11881492.627987139
-9501743.449985301,11874478.050425945
-9505505.523462616,11869968.304332728
-9509924.694082601,11865395.297945574
-9512050.371176973,11864820.172492448
-9511904.112977207,11866158.510554386
-9510995.485791814,11868139.082789483
-9510897.919887615,11869421.690298693
-9511890.607786275,11868976.164331608
-9513423.715472251,11867422.420109613
-9515606.976017741,11864763.101321384
-9516107.421431938,11863555.365888914
-9514757.544127503,11863057.012461204
-9514571.03472874,11862395.630998468
-9519017.691535339,11854557.745370543
-9518995.58262737,11853060.01260824
-9519852.063373815,11851332.295740936
-9522283.0144655,11848580.311192816
-9523472.038522286,11846804.164219942
-9520582.070254063,11848007.71234233
-9519597.818124242,11849026.556505665
-9516858.568649504,11851624.583618604
-9514591.464263713,11851984.765392736
-9511927.945786342,11848336.638166755
-9513197.115560396,11847455.167517388
-9516284.444215398,11845148.892791783
-9518082.526855515,11842406.64937034
-9521132.830636349,11839912.818907853
-9524936.141863268,11837570.674093662
-9528945.609418565,11835290.507470144
-9526256.923250439,11835800.11264127
-9521780.693126082,11833896.782896567
-9523972.239697387,11832033.647324335
-9531210.609570332,11829951.477912491
-9533697.831792234,11829901.189132098
-9531931.745937508,11832968.870844483
-9533713.356318576,11835682.746991944
-9532067.13200163,11842318.925853506
-9530030.52798777,11845391.506278113
-9529355.422840869,11848047.244633408
-9528288.143990798,11849324.558491377
-9524986.671013767,11852815.637461916
-9524220.841759533,11853784.005307965
-9524707.34289332,11854389.174673947
-9528275.195893323,11853391.074443651
-9529148.766463319,11853782.328724347
-9528152.012369294,11855719.29330801
-9521382.320210634,11864513.345750231
-9521121.467937987,11866279.568487791
-9522073.96168065,11867104.949215598
-9522216.113492224,11868541.677305166
-9519600.49535778,11872066.850468228
-9518303.902670564,11872971.404551014
-9515007.250739021,11875426.814846057
-9513466.88071085,11879504.071083587
-9514688.097592201,11879744.359935623
-9519522.180582648,11877018.683666682
-9521027.329751322,11876896.695653316
-9516131.624603992,11885631.123618323
-9518703.37112409,11888695.632941946
-9517426.756935004,11891474.628984895
-9517713.695411433,11892193.772899672
-9522099.386473482,11888613.116461711
-9527735.334801206,11883787.253775664
-9531859.51565956,11880718.489934921
-9532800.289908353,11878893.791934654
-9531668.09363094,11878729.077633241
-9529905.975792727,11879022.520005943
-9528889.23656825,11878601.354392199
-9535912.962273872,11862524.975391446
-9543993.73155964,11849943.112345226
-9544614.431527952,11848205.250677459
-9545849.298707346,11846610.824308647
-9547758.02452856,11844627.319515092
-9551797.527203133,11840848.844677007
-9553345.690938102,11839321.211193528
-9556467.518410308,11835695.681762211
-9557672.504989697,11833644.112168586
-9557490.145575313,11832604.771945154
-9545071.337602101,11830981.2974628
-9546814.373652497,11828756.403478134
-9550457.987180527,11822115.411220208
-9550947.846195808,11820286.490341283
-9548460.47294579,11817783.417343952
-9553272.145130338,11814288.344372703
-9555902.473669603,11813045.01127194
-9557948.217042705,11812429.222573701
-9560992.090468016,11810823.481186317
-9565275.510848314,11807933.48580968
-9566423.04387283,11806806.398394678
-9566055.574308345,11805042.503095753
-9568742.010943297,11800874.123082794
-9573908.613223365,11795794.375455342
-9580528.482598154,11790463.332207972
-9587619.362658361,11785553.78256334
-9596909.992075544,11780323.232463825
-9599888.745597642,11778378.172570085
-9603447.682619289,11775445.022641458
-9604077.631238615,11774293.655592296
-9604300.417510215,11773259.602683518
-9606628.917885447,11770672.323956143
-9612809.347510206,11766029.207119135
-9616362.768511852,11765276.235430676
-9618838.107679112,11765856.146734724
-9621716.75827338,11765249.54229872
-9623934.717320686,11761874.311575778
-9624421.06282138,11760970.423417669
-9627971.351731557,11759021.386673575
-9631043.966060327,11757109.195036314
-9633505.186658034,11755861.784188176
-9638832.647660159,11756775.287127975
-9640952.285747979,11756186.13279707
-9642265.026169572,11753355.788244687
-9641217.780508257,11749886.297316227
-9644152.059659556,11746233.263467725
-9655344.814712279,11741284.930723626
-9668186.910734411,11734422.534797695
-9668327.53237146,11730623.777997496
-9658477.260013074,11735200.467529133
-9645966.654304633,11742100.577559188
-9638009.260347927,11745392.193424558
-9628314.27802934,11741180.663223581
-9631801.099596703,11735989.285017006
-9636987.585624676,11732021.935444672
-9646644.006879516,11726631.785760118
-9657344.728838198,11718599.418727811
-9661265.956615947,11716667.252513623
-9663701.683820076,11716422.559823025
-9668583.220970102,11722783.168312185
-9670965.517137438,11722708.972500535
-9672819.096199345,11720233.405473111
-9674436.277152738,11714579.637856718
-9671063.831999956,11709335.21318942
-9672858.140893832,11707762.168332327
-9673324.80836596,11708110.890685823
-9674027.947948234,11708009.182747146
-9675441.056071473,11707130.437565124
-9678115.994527072,11705072.946719624
-9675180.902479677,11703323.54719055
-9677735.304788452,11701404.354962625
-9680993.489731446,11699069.342184387
-9686391.373487672,11695399.243249549
-9693072.587710802,11692017.45157682
-9695544.241197377,11690496.168965694
-9701805.575188862,11686183.91385143
-9706556.813051581,11683162.060057096
-9710459.501115423,11681094.340278674
-9714233.631780412,11679591.392307455
-9717420.29874377,11678782.585175974
-9731241.813216683,11679789.902321024
-9732154.607707398,11681214.393905016
-9731746.846512862,11682513.350095246
-9728291.967018906,11688003.614770913
-9725630.020475501,11693633.836536765
-9724103.918799847,11695812.342440428
-9723081.548991218,11697592.8344348
-9722686.163918432,11699157.368175061
-9721586.06023948,11701194.112897305
-9716028.833954066,11706980.732198104
-9716396.510622593,11707689.468688633
-9718120.245840866,11707317.756081318
-9727092.978564233,11703413.895325825
-9731819.872341251,11700717.13115517
-9736319.080945328,11697377.311003711
-9735544.119006127,11697039.062529866
-9726537.620344587,11698797.601290446
-9741663.907884883,11674983.249365807
-9742452.260470405,11672407.09130696
-9735210.911982186,11666441.654628845
-9732015.01947329,11666766.81814091
-9722640.367439697,11670447.925410552
-9720437.424887523,11669886.002324123
-9723930.144946894,11664675.828522967
-9736955.731042452,11662162.991584666
-9738856.960789084,11661318.953997495
-9741650.870551882,11659196.52546983
-9745263.000510674,11655717.87669348
-9745931.667409098,11654414.025029713
-9744674.321379513,11653597.875145735
-9745907.77854306,11650814.11684143
-9748724.702654481,11647449.755107334
-9752415.898271948,11644451.52015141
-9756144.308464684,11642865.322391441
-9756970.245787106,11643942.793000609
-9754576.811561681,11649713.91270338
-9755273.455280997,11651035.46009099
-9756000.819506405,11647553.195815489
-9757109.7328133,11645090.990709377
-9759474.664890872,11641892.025063092
-9761848.074410997,11646162.036984036
-9768827.4035223,11638068.398241477
-9773488.299692435,11633122.935984269
-9776096.086840989,11631230.951857397
-9780577.393331409,11633811.76218375
-9788858.373863483,11632575.211596806
-9789377.495211614,11633813.804710668
-9788806.142850539,11637650.44309885
-9796226.053125845,11644191.831219755
-9792187.32386747,11653500.60550486
-9791955.080319816,11657360.265232993
-9793591.446046706,11659512.683307365
-9797377.306609426,11658539.525468636
-9801331.669810876,11646654.922175026
-9803873.657209951,11643015.331346074
-9808921.956089443,11637428.647464769
-9801442.974187229,11638506.165687306
-9802814.035328295,11632809.074809069
-9788441.043035917,11626785.253787348
-9799967.987311946,11617481.890793867
-9803422.013787434,11614879.529285418
-9806352.76958272,11610964.347178722
-9811468.357153088,11605821.062350782
-9815651.240318842,11601196.567760482
-9815769.823199851,11598869.593941743
-9814156.01970276,11599329.625846911
-9809762.029275736,11601284.570512159
-9809169.19851426,11600866.861390058
-9810257.874377023,11599396.657601243
-9816130.18340377,11593071.929101681
-9820711.1346145,11589923.074578313
-9818911.234090112,11592885.24368129
-9819113.217673076,11593832.559409838
-9820864.719106635,11593277.158685863
-9823792.881353704,11591640.052154459
-9824473.165280387,11591082.39193956
-9830149.877283733,11586886.954155667
-9831746.365980284,11585834.218843345
-9832612.276936997,11585464.722278913
-9833329.11178049,11584943.959221346
-9834378.598785717,11583518.200595113
-9836524.56959379,11581578.576416686
-9839512.492600145,11580974.646143792
-9842679.2625102,11581870.21422334
-9843810.384428006,11581682.568305118
-9845587.296078365,11580899.2417134
-9847548.726066725,11579125.316900061
-9846625.194920875,11578490.534180658
-9848248.84788588,11576785.019315166
-9851083.353041476,11574951.625753514
-9853716.369124332,11573994.633561654
-9857116.15582604,11575482.231665764
-9859741.98986546,11574487.767049372
-9860780.689186018,11572553.45834474
-9861246.918473981,11571018.841314113
-9861146.477447156,11569938.286331123
-9860440.193325682,11569392.055194976
-9862574.409520699,11567456.505593715
-9866893.274138683,11569143.21805612
-9861143.726811277,11585119.970349068
-9863737.157004658,11588304.286993116
-9866369.514929658,11588501.88739088
-9874264.774903562,11598888.566057451
-9879134.512715029,11597299.036830189
-9880580.56097549,11593999.17793928
-9870422.668011477,11578922.131898485
-9873678.26047494,11567904.376705697
-9875617.59267613,11566144.951587774
-9878871.400364026,11565464.573799683
-9880792.534417607,11566698.890354767
-9883682.147679297,11566796.818171874
-9889932.517288178,11562643.722591233
-9883974.172860792,11560056.591696722
-9880352.559138982,11561597.030082561
-9875662.205669606,11564148.852944747
-9873920.038662307,11563673.744970381
-9874072.981452899,11559543.835903201
-9873732.006179044,11559355.383042855
-9874923.857376134,11558447.054330794
-9877988.112998312,11555984.09976907
-9877308.72106898,11555405.622505091
-9879041.7415776,11553213.857650118
-9881201.486426003,11550730.421568878
-9881810.418011013,11549248.226059763
-9881383.303625623,11548370.667629967
-9882273.755030986,11546756.014245447
-9884309.790063024,11544310.22596986
-9887350.057818165,11540922.56661082
-9895233.156751191,11545224.474478979
-9896246.62534845,11544794.380183553
-9899581.897429904,11542865.511078315
-9900545.118094476,11542424.448750531
-9900793.80896242,11542867.76103181
-9900276.835483247,11544867.137692144
-9900637.432249134,11546637.075770434
-9898485.693552574,11550659.517734615
-9897852.129803812,11552413.830005972
-9898679.894232728,11555039.496698411
-9900235.876002252,11555465.922937939
-9902934.063080117,11553816.060305675
-9904428.643614344,11553279.105392685
-9911304.69245769,11563196.071017217
-9913452.845225137,11561244.837696934
-9911341.292925585,11560503.421025757
-9908519.27003296,11543105.316221412
-9910559.754689852,11538595.68558076
-9911950.511694292,11532090.078269579
-9911392.41115621,11531259.733242441
-9910477.86441309,11531406.589223769
-9907934.805544354,11532431.098241828
-9907548.067765955,11532017.50623852
-9908422.606849885,11530629.006859636
-9910044.757811941,11528935.132861787
-9911695.193151124,11527358.158877688
-9912671.010890288,11526279.015255963
-9915413.452815115,11519249.418145576
-9917534.24300281,11517302.970977943
-9923034.71577938,11523356.716421321
-9922657.463058142,11528963.157099733
-9923995.97688491,11530430.767345794
-9928400.030350873,11527561.77818907
-9931561.392589899,11526158.617602484
-9935869.992318247,11540228.912175398
-9940378.530743156,11538710.48188414
-9939538.370140107,11540799.581052376
-9945125.251995064,11541409.289465962
-9948376.193295965,11554110.214116523
-9951712.475944947,11555150.987617467
-9958304.082124805,11552014.605972385
-9959648.89238798,11548513.324226007
-9954231.795785502,11548166.499828327
-9954719.993498107,11543955.842574948
-9952191.346759073,11543283.201994019
-9953061.48545484,11541423.969664507
-9954646.628006775,11538824.339854846
-9954454.790673459,11537458.746009167
-9941951.98118312,11534167.033129707
-9941926.456459854,11533790.037647944
-9942666.223986087,11532772.820428723
-9945090.71007424,11530285.469690971
-9945488.931067869,11529732.592650576
-9942934.4875689,11528305.78111031
-9941313.56708717,11530292.034496143
-9942663.75024631,11527123.790725816
-9940501.366799083,11524553.297428384
-9941213.680373132,11521849.332025694
-9946780.755061962,11517646.473701525
-9948734.646676809,11516344.357517486
-9950401.787838852,11515431.21101037
-9949109.258187834,11514893.532042041
-9942183.237594811,11517567.936894415
-9939708.868298408,11517902.874135952
-9937764.823044734,11515892.495708477
-9938390.734263746,11513788.057002354
-9940729.177954039,11510171.16897648
-9936701.020295165,11512451.72291773
-9933362.554840583,11513038.709865896
-9931780.033251356,11511817.070174279
-9933053.146487406,11508620.388372535
-9935264.672209617,11507847.017961483
-9936344.351631982,11508205.076194746
-9937986.66502328,11507886.37352695
-9941861.920293437,11505100.868761115
-9942034.124591196,11503439.337958038
-9939708.280814692,11502436.781766836
-9939770.771237617,11500923.636478903
-9941297.196039489,11498541.727814367
-9943409.705829348,11496319.36023702
-9945739.262118481,11494630.521423845
-9947847.917301653,11493931.38649607
-9949616.855648888,11492298.172646081
-9948512.69397777,11491449.090967717
-9947903.427276472,11491396.886911176
-9954666.599528244,11488066.885973891
-9951764.973187929,11493684.072747394
-9947309.641736947,11500455.455978591
-9949382.435952634,11500651.160391321
-9952193.21312132,11498457.23392379
-9954351.498456338,11496370.20407184
-9956086.480933726,11494344.418459645
-9957724.65587148,11492217.145829413
-9960102.084680717,11489641.028332748
-9962757.218556024,11487497.75062419
-9965443.84220335,11485538.649196342
-9968033.361513138,11483426.833135225
-9969437.726224856,11481395.698705632
-9970965.179951752,11475126.355811661
-9993791.590194538,11472799.138957886
-9995562.664131593,11471155.773666441
-10000238.409834784,11470359.386595875
-9999456.997318093,11484654.020542638
-10003129.645003801,11487944.709309202
-10001734.197204465,11498837.671942288
-10002424.887053829,11500696.12977592
-10003829.232857248,11500426.174828257
-10006037.787785474,11498751.693798177
-10012217.2422465,11492974.223598547
-10014645.156999186,11490469.008840876
-10014257.390921382,11490183.950352728
-10012619.871146807,11490863.298374373
-10011366.273146804,11491203.018111547
-10005870.074471842,11473059.45107251
-10009815.25840748,11467128.89584412
-10010723.03984953,11466934.9620518
-10011532.215028323,11466586.823186304
-10012736.805256968,11465737.685331164
-10014788.455517119,11464085.827665102
-10010541.104802852,11465686.687110798
-10008491.542092787,11465190.388805198
-10003215.737120973,11456968.607916476
-10004756.329709047,11453434.857509583
-10007232.334875451,11451641.207453169
-10008047.617853165,11449757.47302642
-10006881.258649081,11449739.985597482
-10005061.17093871,11450286.580363788
-10004344.43672791,11450084.254700959
-10004020.429342994,11448818.244607236
-10006694.696675917,11446295.137214772
-10010368.331691708,11444017.101155452
-10012991.33062817,11443430.197839372
-10020045.94408699,11444007.484082008
-10020626.175600298,11458655.50640735
-10033926.585014319,11474591.237021325
-10037210.52537008,11473349.495223789
-10038836.0403077,11471037.329467636
-10039329.538756358,11469775.046392065
-10035235.223736398,11466504.077593636
-10035137.051660242,11465508.03849154
-10036362.709100647,11462065.375692539
-10036189.393910348,11461031.908199355
-10033795.804221544,11459248.466774132
-10034460.231860206,11457510.614536785
-10036057.8161834,11455456.805840446
-10037909.218505219,11453607.010144554
-10039398.466292592,11452328.585652785
-10039989.609220976,11451896.294419022
-10040787.214640314,11450232.421562951
-10040542.195010692,11449406.495241158
-10039130.938692145,11449674.506963527
-10036444.254301794,11451299.52293591
-10033021.010677867,11452770.012211995
-10026593.219420442,11450490.970423132
-10024482.6876366,11443743.021232523
-10024716.24820769,11442591.347203843
-10027791.890674105,11437273.72654196
-10026919.458200833,11432678.068720106
-10028455.322819337,11428724.763797594
-10027534.466458986,11428357.75987148
-10026236.474390853,11428745.185890133
-10026089.487673495,11428124.055426788
-10028574.218785057,11424758.958263464
-10031388.921859784,11422668.927082976
-10046315.894735696,11412982.494443605
-10054350.990744602,11408673.752304949
-10060720.70296482,11406687.490019524
-10064193.754781742,11407541.010139797
-10063004.341173954,11414230.691865953
-10071231.888474599,11422669.860598158
-10074881.237345472,11418165.429704085
-10075242.54304345,11416333.46090104
-10072954.91363753,11415335.83557342
-10067587.1336756,11398142.18300849
-10065501.947101722,11400110.269495364
-10064565.099005228,11402454.139287315
-10062478.20790193,11404421.855385317
-10059266.383706657,11405593.341574717
-10050571.524446659,11410154.262275485
-10047133.799729582,11411226.708798286
-10043455.332013186,11413185.87165384
-10042245.533449372,11413439.503219547
-10039903.403583404,11412270.844542993
-10044875.202567192,11409093.402191106
-10054649.21814817,11403784.258257288
-10058505.338645091,11400935.656710846
-10064014.407805104,11395346.401049681
-10066252.545000982,11393407.440636931
-10072189.592971362,11392489.575017642
-10083771.263115838,11400973.189677598
-10085702.594153346,11399150.72971345
-10086415.9619144,11395645.797300523
-10079213.161146402,11392860.22798804
-10077268.587242715,11385988.999434195
-10075076.456066018,11385273.13369909
-10079550.085022243,11382408.742168933
-10080692.725044375,11382903.790816491
-10080550.090920668,11384708.974920169
-10081181.863160413,11385761.783377592
-10083516.536132801,11384821.881153688
-10090315.46713347,11380793.536718905
-10092307.469534367,11380177.531466464
-10101125.577913467,11384569.38604297
-10105128.50175692,11379448.309734493
-10104994.604878725,11377093.843785478
-10100944.968742115,11375912.765342839
-10106831.631624777,11371554.86811085
-10109919.218349798,11370948.81896192
-10110705.346646687,11372826.810344234
-10107724.089236468,11380248.664987592
-10105884.692953963,11383217.721827725
-10102782.098666176,11386684.715038443
-10102232.285463195,11387774.005731223
-10106561.262014655,11386292.696277572
-10107396.916871978,11386231.540675033
-10104860.457815526,11390810.866335498
-10106300.099885015,11391578.327208634
-10109954.353171688,11388684.572809657
-10113926.155484587,11382405.733796002
-10116589.865154915,11371426.266596582
-10120515.480863359,11366167.291807739
-10126888.878265865,11366447.2089394
-10123960.278452305,11391072.524520092
-10122558.95585024,11394674.262947366
-10119390.311811978,11399527.801405257
-10104323.357700268,11419305.207490817
-10097452.936598463,11427539.38388782
-10091248.014809234,11433304.423005875
-10087694.699416876,11436844.545790592
-10082106.374797216,11442616.775587969
-10078961.070980962,11446552.898015117
-10082587.840397816,11444742.140382867
-10087760.466078047,11440083.022333376
-10094321.794923872,11433181.978612563
-10100245.331933266,11426573.607487746
-10119629.250837687,11403681.669660171
-10122209.370165214,11400804.14436474
-10126121.876683664,11400006.252303982
-10126471.757522885,11401008.926237255
-10125561.547405297,11404383.687464988
-10136263.985902602,11422646.058674036
-10134200.805107525,11426350.90434476
-10126160.650494032,11436624.407046165
-10123907.325988183,11440691.171555158
-10127500.741777107,11439029.898635644
-10131306.037776902,11434991.689091805
-10134107.560835926,11430776.921302931
-10136685.730760083,11427946.208645381
-10139844.198059993,11428032.332029073
-10145358.350048326,11420117.463234523
-10139409.630322179,11415266.256857434
-10139228.228394756,11411493.819147276
-10140552.854856662,11408065.67855357
-10139349.727124404,11404279.455908643
-10139848.89480288,11401556.894164914
-10142443.69398873,11397539.836964665
-10146405.057787152,11392848.843559815
-10150774.9588092,11387982.833904488
-10154529.007126875,11383527.463614238
-10156473.352358146,11381685.243201256
-10162760.335579574,11378031.671182059
-10164454.309569959,11377284.218319995
-10165002.440828176,11374299.676000297
-10161370.90531503,11376281.225045584
-10155343.483087528,11381705.31462385
-10148704.8379102,11389041.029874805
-10140278.994898498,11395037.336121177
-10137395.470175754,11394400.039748013
-10133936.986055614,11375019.185484929
-10136042.339280175,11366132.067735352
-10136884.236201523,11364603.837258779
-10138406.75675517,11362517.444205873
-10140934.983476937,11359802.093592532
-10142498.905918054,11358885.073003292
-10144269.047668768,11358736.571199764
-10160926.584806757,11352296.220672682
-10165508.23564054,11349514.358760227
-10165449.061447999,11348849.927541494
-10165826.424081296,11348036.951470537
-10168096.768804874,11344949.758664118
-10177641.018241847,11341987.533488736
-10184041.178576997,11338084.498690045
-10186027.661404084,11337171.726520883
-10188175.023515401,11335954.426699834
-10190734.382258765,11333822.107506556
-10192405.939298537,11331781.384126917
-10190823.291456092,11332395.940984549
-10188097.700069789,11333977.237141035
-10186444.30303183,11334756.387315735
-10183843.898630196,11335280.84434644
-10171410.54189271,11341250.004028708
-10170131.158606762,11340382.159681633
-10172749.14357374,11334599.718274405
-10172284.716116212,11333062.551038075
-10170305.248497875,11335619.700601192
-10167857.1865873,11339440.215680461
-10166407.656323666,11341314.839633513
-10163379.635602342,11344785.109901903
-10162506.895412,11345666.02631958
-10161993.181304952,11345760.305210978
-10156660.283328572,11348700.507943371
-10151131.333339427,11349979.560304184
-10144035.697999392,11346109.342565568
-10145271.222823799,11344816.225708231
-10147380.962907987,11343933.131669378
-10149287.202120017,11344006.597163253
-10151923.814266998,11337001.89667032
-10152269.995006464,11336363.830756366
-10153718.56683938,11335223.592826014
-10155339.117361387,11334215.636287315
-10156311.404718848,11333847.45699035
-10158331.313982228,11334826.311036853
-10157474.392229201,11344719.601441374
-10160582.151070483,11344263.500590583
-10165942.389008319,11336906.181138301
-10166433.577927103,11335756.721112706
-10165176.145352574,11335984.586772313
-10163472.735651111,11336705.253209632
-10162285.361108186,11336884.800902478
-10167792.913980873,11322596.358837878
-10163241.349438097,11325856.809138661
-10162453.562232494,11325527.982311744
-10164464.042752966,11321004.952807857
-10169659.227132702,11316939.434557883
-10173525.076152556,11314511.516186414
-10176303.697986145,11313478.314764977
-10178244.581596814,11313600.678802455
-10178144.87368069,11308422.566631712
-10178975.04596245,11305978.171493933
-10183705.646742756,11302145.198885502
-10185600.093950244,11301325.533535358
-10187619.270069158,11306866.556541704
-10186326.386617081,11309460.655865988
-10191524.177454656,11306333.697893111
-10198743.33750921,11303511.709412633
-10203536.400277056,11300891.441902319
-10202648.49033268,11298353.159902964
-10194818.761231663,11295882.081050996
-10198163.245668678,11290141.20288465
-10198511.352395255,11290661.152608361
-10199199.866393948,11290820.022905298
-10200358.42335804,11290482.905239593
-10202092.05395099,11289519.548999941
-10201976.502903532,11286442.43991256
-10201011.16242956,11286269.943606175
-10204579.757919552,11283463.857965298
-10206332.323007846,11282151.104541726
-10207989.186950346,11281101.89872409
-10208775.034180304,11278742.063351223
-10212268.059563586,11277438.20732257
-10211710.127397737,11279856.624031471
-10210015.796197897,11283277.33099621
-10210022.90114923,11285021.64616127
-10212097.219753245,11283011.104661595
-10213728.480257785,11280599.05594861
-10215858.191949697,11278386.85295873
-10218092.197248716,11276694.051652338
-10220081.205936782,11275797.018890837
-10219536.235609815,11275057.008442705
-10220765.019182196,11271666.278992767
-10220708.012481632,11270635.466548167
-10219649.04436943,11271055.139923858
-10218028.551960291,11272074.560376806
-10216726.886338219,11272625.196113627
-10216574.112005994,11271697.284138847
-10217845.994044784,11269612.647408482
-10220421.30296593,11266106.064812837
-10223249.72579843,11262941.974420233
-10225276.702546466,11261896.75124227
-10226519.613629451,11261704.367013184
-10229869.026860207,11259663.005960686
-10231146.334751107,11259163.160037238
-10232311.810656674,11260001.59978536
-10233363.35768429,11265603.250120714
-10236354.087505218,11267475.617041375
-10236348.757618485,11269852.08115611
-10233944.954973603,11274049.731955335
-10237263.284478584,11272794.443120172
-10234892.854899965,11282760.003010327
-10238842.316174988,11284185.43307281
-10239513.599262109,11286208.570217561
-10236286.94348389,11290491.380369272
-10233595.069581402,11293279.134238783
-10230468.190104015,11296750.947982885
-10227859.630997466,11299795.251986
-10226754.076766102,11301298.359834682
-10227529.579414159,11301976.321978753
-10229793.497261353,11300207.344354386
-10234663.084994517,11295240.293595308
-10238898.548717001,11292387.067019865
-10240340.1407572,11293820.074634999
-10239857.182351682,11299330.611432286
-10243084.386068936,11297697.934349634
-10244983.934174625,11297865.954906097
-10248100.909361996,11305219.78972752
-10246119.666376386,11311017.318977028
-10256092.621744642,11313125.304012787
-10258056.676581077,11312311.812355736
-10260352.424243724,11310885.56424235
-10259989.243557459,11311686.113106964
-10254032.422408702,11317513.698294284
-10249622.053781046,11321376.171500206
-10245738.40505061,11324264.406903187
-10242507.872276254,11326329.17499465
-10213553.689451354,11342592.545141703
-10211613.616812006,11344447.386186184
-10214328.35679605,11345483.204119155
-10212783.602204584,11347921.80291455
-10207264.064014507,11353889.46784685
-10205003.638004426,11356057.391802821
-10203156.17408715,11357637.405167174
-10201270.621564876,11359402.742314516
-10198764.042434422,11362229.038707202
-10196520.701882422,11365195.304340785
-10195599.246380063,11366974.282290965
-10196082.57688829,11367385.933206154
-10198025.645231668,11366303.682875566
-10206000.92487711,11356890.873328587
-10208261.968532624,11354413.840423202
-10210762.926665036,11352268.482791051
-10214435.099097427,11349281.928073652
-10217597.015841484,11346608.885284742
-10218708.627880432,11345274.666022608
-10219409.707064765,11343828.870960003
-10222331.818366718,11341303.608863015
-10225649.746362938,11338983.694321584
-10227561.676256763,11338168.463166162
-10228950.005451387,11337797.996182187
-10231523.123744758,11336352.579008376
-10234664.513853872,11334296.438753614
-10237808.872463847,11332035.730421089
-10230946.392602768,11340056.111497846
-10223310.878306549,11349993.802157309
-10218539.60085696,11357348.521665972
-10220294.809056722,11357647.30580207
-10224621.229166476,11352894.665386839
-10232700.963920062,11342419.545408044
-10236267.929460175,11338508.927608728
-10241607.571041979,11333143.976054601
-10246662.191463683,11328554.6025544
-10249479.059241636,11326872.353271043
-10249376.522648474,11332223.165098242
-10249725.008925818,11332767.68602949
-10253540.142731782,11328996.473807758
-10256045.921271702,11325209.416735798
-10258672.127418421,11319912.89219127
-10260416.94071483,11318235.320753364
-10268871.529373877,11312354.768473065
-10272818.71929343,11309933.770769753
-10275634.754738683,11308876.250664769
-10276886.81152347,11309439.429315953
-10277690.632547105,11312430.448230648
-10278890.61209914,11313194.856387157
-10283455.572683925,11311248.746665291
-10290899.349440686,11305901.708433501
-10299895.231335238,11298366.066724148
-10309108.721871482,11289855.783872161
-10316810.217780847,11283509.262573728
-10326768.731298087,11276501.114048192
-10334844.498469086,11271840.733156843
-10336969.164078956,11272452.629996452
-10334349.114196494,11277561.047921287
-10331416.876978964,11281273.556164162
-10325828.163633319,11287017.05358865
-10310426.52973665,11301365.270926533
-10305157.887305768,11306461.281861996
-10308304.457796017,11305129.37916969
-10312096.062521564,11302646.784089444
-10316938.917258102,11298638.094840195
-10323227.6754811,11292774.409900814
-10331356.688739564,11284796.307708496
-10336192.583025323,11280225.157697197
-10339064.133083155,11278408.388678871
-10341272.76299105,11278731.949318683
-10340729.133139044,11280816.701185694
-10338122.75960858,11285198.27646503
-10334303.94052249,11290454.210664509
-10326186.271270726,11299518.93192797
-10320751.19691638,11306064.029564647
-10316053.624140821,11312031.230792217
-10314395.795252727,11314602.263168065
-10311313.082993735,11317067.23201076
-10302328.542966247,11323039.279347954
-10302501.052619534,11324975.921663016
-10306347.493253807,11323333.743896263
-10312492.432495888,11318990.14301385
-10319514.43659852,11312854.56066285
-10324475.905047303,11306776.014538143
-10333381.564197041,11293182.065795666
-10339575.336150961,11287111.089115733
-10336068.615990732,11292313.384840975
-10341159.84110234,11293217.79604094
-10340496.79957716,11296377.975993335
-10336251.175517358,11299555.41424646
-10331757.568353768,11303175.473030014
-10330798.05958716,11305286.948143587
-10330715.770053606,11305821.514363633
-10328758.176457657,11307709.126054998
-10329146.25974277,11306813.5806413
-10329273.732797477,11305040.741520347
-10327068.514802236,11307793.031923523
-10325621.284212783,11310378.543341188
-10323963.692553915,11315862.58029199
-10324446.01905962,11316868.166008227
-10325521.041595126,11316593.93186816
-10327074.806790896,11315505.741180697
-10328515.00021082,11314337.283598911
-10329222.840616511,11313860.988926563
-10329040.917909218,11314626.19221251
-10327616.069834853,11317747.780083502
-10327609.761761261,11318611.442431854
-10329495.274335124,11317936.26263113
-10331991.556362266,11315455.742396193
-10334078.602201426,11312626.038502889
-10334692.108500395,11310948.95490121
-10338637.186120609,11308663.730112748
-10339576.85377138,11309268.388997372
-10336971.592839632,11315162.36056474
-10331552.10025783,11319306.627539074
-10318006.413640605,11325461.165139206
-10315639.9274436,11329252.078459246
-10312721.516805414,11331353.133879978
-10310026.18585405,11332158.386181751
-10300154.432761863,11332031.917342868
-10296514.159583082,11333570.444306107
-10282083.86711721,11335557.400019389
-10278350.860736609,11339620.934488615
-10277982.565763429,11340788.470291335
-10280632.815707207,11340362.516370863
-10282042.140672598,11339747.594860565
-10284192.370121976,11338413.991659926
-10285513.852213325,11337873.507553736
-10284318.71934154,11339732.614264552
-10282498.82889694,11341477.033323111
-10280065.74333455,11343446.768066559
-10273574.189235209,11348407.186728584
-10261378.235478071,11354346.527654948
-10259392.836629706,11355783.697556945
-10253621.622454427,11361164.329662604
-10248964.297964053,11365223.159752155
-10244766.604985517,11368654.423267582
-10241477.064957965,11370896.504253568
-10239571.377906773,11371368.637055736
-10226746.511565428,11378604.4860694
-10223042.68812819,11381243.566309366
-10215390.790607983,11387951.200834204
-10207973.93739902,11393497.594061347
-10202271.074913751,11396753.520033633
-10199830.685251286,11396493.864798333
-10198701.107171524,11397817.364471767
-10197841.12835613,11398780.836096771
-10197107.532025175,11399674.272638703
-10196408.326204227,11400763.791826423
-10191923.381344797,11402686.703718102
-10189430.18045963,11404194.66067161
-10186435.490003528,11407008.037655644
-10184066.605607677,11408567.068245243
-10175024.7168334,11415113.622714868
-10172052.594126586,11418378.835727254
-10168839.913686965,11421507.652346816
-10165704.44111464,11424272.837003417
-10163042.056661667,11426368.265769158
-10185875.099745754,11409377.821959866
-10188681.888911102,11408862.928861236
-10193532.949121155,11406107.14417296
-10206244.024137972,11397137.574523212
-10217350.516835287,11388486.791931447
-10223657.523100449,11383811.740581993
-10226904.814670533,11382082.062944198
-10229633.69167745,11381386.694718642
-10234814.759620229,11378636.312885476
-10241292.502949482,11374522.80859201
-10247847.415101599,11369793.415031556
-10257348.248410862,11362426.671427324
-10260647.71428525,11360520.424468076
-10262921.296478264,11360446.08020775
-10266108.972445091,11358829.8017744
-10271734.503357282,11354113.461504376
-10277878.387839051,11348587.167753788
-10282536.967006609,11344636.900201965
-10286434.668311045,11342276.189993573
-10293525.602340119,11339634.086198058
-10295276.25475247,11339580.354922812
-10298053.27636098,11343562.22281098
-10301022.1634894,11342792.225694155
-10308295.16529504,11338119.732743334
-10317358.540573519,11331704.016685367
-10323770.045274936,11327925.293882253
-10323025.949295647,11331249.852335013
-10318723.495257312,11334644.783554956
-10312631.867175674,11338456.64236767
-10308582.024954295,11341347.121482534
-10310578.477960644,11340993.033721121
-10313369.941470081,11339730.683407042
-10313344.703563718,11340467.192340296
-10306900.972945523,11346115.027462356
-10301669.803344062,11350122.209458798
-10288295.588604184,11359475.480840707
-10285366.13224084,11361169.659482472
-10283467.891059691,11361965.667075763
-10276868.866649311,11366467.350486511
-10275042.724929556,11367303.005545022
-10273972.626836864,11367407.10890212
-10263770.030797664,11372131.268317448
-10258813.468808979,11372841.37962366
-10255468.007319517,11374094.72347191
-10250650.515011711,11379860.27263556
-10245320.189431192,11384744.186624259
-10239642.341614034,11389104.72960667
-10233791.112882923,11393308.747762015
-10231038.706208903,11395482.50018978
-10225144.326890295,11400624.422357412
-10222002.036407981,11403162.248862602
-10219172.673144493,11405181.130809512
-10215728.01586845,11407469.995930213
-10209724.320704505,11411105.57312043
-10207744.555818912,11412968.981712043
-10212886.132142516,11411652.837331729
-10216296.955393707,11412188.174638238
-10215271.11951242,11414128.32862283
-10210806.43880848,11417241.930514783
-10183598.780499425,11433522.84937981
-10180913.090710476,11435724.474570047
-10178888.87014117,11436873.596946092
-10177052.26099952,11437736.499716936
-10174966.329404438,11439028.667557023
-10171734.960671136,11441590.532232966
-10165199.639959423,11447101.81380795
-10162036.91441826,11449521.43317017
-10152427.661150197,11459308.279677065
-10141194.682899442,11466342.459261471
-10123398.843944572,11475233.928582026
-10121959.854832947,11476522.763382606
-10121571.506216545,11476976.998578303
-10121647.558471726,11477113.0713013
-10121542.206177862,11477465.909115305
-10121906.085074415,11477684.491304675
-10129956.958959805,11475917.322772807
-10133178.621231018,11473813.672815116
-10139678.007656038,11468820.597292006
-10145671.187798658,11467857.0996293
-10149659.148524622,11465192.613705195
-10160043.157808896,11456349.331439905
-10171901.112325236,11446567.684963444
-10176892.58436669,11442933.865557158
-10182947.306302879,11438771.583727753
-10211782.461092826,11420979.99979967
-10219280.860723987,11417233.526352722
-10228143.203240462,11416418.083772967
-10234644.198284537,11413634.859199695
-10237391.723370431,11413108.140771696
-10237759.619702177,11414678.70171134
-10236220.706213951,11417865.906434132
-10233193.073838653,11422245.842293588
-10230450.842559464,11423665.547600929
-10227707.265589805,11424808.963653209
-10225535.133048495,11426847.199891495
-10223834.970800903,11429850.762681508
-10220425.819536878,11432513.894815475
-10216725.543440249,11434759.854585137
-10214082.141427869,11436546.66973079
-10208919.282450845,11441039.143368853
-10203435.444108343,11445296.603098981
-10198910.503191087,11448354.807285894
-10196604.031260815,11449258.300774405
-10191919.469513014,11451884.351245672
-10171148.543120699,11465178.813274594
-10164643.942526978,11469723.852973845
-10168043.2948784,11468729.442062385
-10182134.742567176,11461696.939665664
-10179841.22785369,11465999.795425212
-10179771.12019429,11466732.898559839
-10181008.790081007,11466466.898396613
-10183025.341770545,11465501.179614222
-10184715.69569656,11464332.068179455
-10185955.49727239,11461218.852721198
-10190042.231697071,11457211.967662765
-10195005.536204211,11453081.502382217
-10198614.15087011,11450492.905309932
-10196136.308831193,11453963.565198805
-10194812.411248613,11456062.947937945
-10195495.783193152,11456190.535952901
-10199139.765478203,11453641.238810532
-10200281.487570731,11452573.56020987
-10202112.235501124,11450767.938398005
-10204525.453780666,11448583.267198386
-10207445.048189117,11446359.711317968
-10208781.076228166,11445669.624158379
-10212637.645258922,11444132.816665348
-10215981.110279726,11443480.01148341
-10223576.88858331,11439645.862178894
-10227569.13861026,11439153.407568267
-10235579.164881675,11436108.179623393
-10231087.629344206,11439408.471699083
-10225401.862711176,11442984.907084035
-10220421.246069252,11445734.225887392
-10217932.996637944,11446635.826566717
-10214375.21145492,11448578.706928877
-10207745.876663486,11453951.877045335
-10200590.786379127,11460052.343537878
-10195543.3297425,11464123.21922025
-10185588.23147096,11469944.42932435
-10165647.47954637,11476546.818501273
-10156356.39654794,11482347.867428297
-10150986.20920701,11486189.268959882
-10149296.273927495,11488353.407360794
-10151901.855821941,11487727.762871424
-10165730.651835728,11479991.851635547
-10168601.441855557,11479177.2444481
-10172391.05709174,11480786.683315644
-10169727.59694311,11483800.710010646
-10163548.259360638,11489512.067592088
-10158719.99333476,11494513.766792038
-10160244.564134212,11495303.567230618
-10166202.550709786,11491546.259347381
-10172133.007361103,11485949.29780957
-10177944.387838865,11480014.343594741
-10183518.834479954,11475293.04937767
-10187367.960215503,11473585.452082945
-10189995.761557339,11473495.538705809
-10193561.07505204,11472242.946139209
-10200021.440517878,11467193.050103527
-10207806.440247023,11459837.687813215
-10210227.244457664,11457723.785697788
-10212884.728886979,11455945.085681496
-10211458.240288474,11457659.623363653
-10208678.006376868,11460462.764545761
-10207166.636063494,11462068.15814428
-10207899.91783492,11462476.46869291
-10209293.524766477,11461637.846201522
-10214506.071700323,11457285.360480411
-10215908.347643314,11456039.91079068
-10219093.518618722,11452948.069320938
-10220530.984186517,11451668.540631786
-10222057.937195906,11450501.191589931
-10224242.689290801,11449056.615383018
-10228260.763982082,11446169.21353874
-10232588.690259786,11443511.939234992
-10234895.336544443,11441898.877057577
-10237956.704429356,11439265.929246014
-10241233.62276004,11436226.722995104
-10244130.098386498,11433787.840284621
-10246041.707747132,11432968.904551422
-10245456.369915942,11434224.666432817
-10242782.238492195,11436953.086352162
-10239383.832986033,11440160.742626268
-10236544.886678934,11442935.151948242
-10235279.214880208,11444587.59170248
-10232732.49936611,11447678.087117555
-10229991.197916962,11450234.019764913
-10228181.405842002,11450231.431279711
-10226363.241979197,11451927.832776114
-10227835.819194894,11451904.989337094
-10232187.521025473,11450332.604446208
-10233478.262332337,11450176.178002227
-10232981.912270835,11452021.290325755
-10229458.911152862,11454608.460552223
-10221105.474888464,11459169.901686005
-10220319.569974944,11458819.163835226
-10218811.937964292,11459342.462730424
-10214296.56138102,11463169.573870255
-10212176.022044277,11465499.427643733
-10210614.848680556,11467811.768873291
-10209864.50705714,11469534.409154115
-10210044.508002471,11470197.068831248
-10213599.70091209,11466166.5904128
-10216944.013230722,11463282.069586696
-10219613.0920087,11461715.10342963
-10223347.595177155,11462225.39187509
-10223395.165614681,11462954.450082147
-10222418.557453327,11464422.288530277
-10219230.91062355,11468491.671727888
-10218793.264443152,11469514.948873343
-10217288.420216482,11470793.90586407
-10206459.2579274,11477104.04039752
-10202399.565542202,11478483.684182886
-10199607.390738541,11480003.299525155
-10195595.262799324,11483038.860561924
-10200430.11893898,11482546.181489307
-10200394.517028501,11483281.987962067
-10202582.532170935,11481255.102428686
-10206109.443808323,11483009.423218157
-10207674.992652807,11482779.67345608
-10210385.573242037,11481358.217173284
-10215005.169677868,11478196.923192328
-10220089.821122224,11474214.4316381
-10222930.694025785,11471409.045850582
-10225313.581273755,11468685.488163901
-10229069.891876113,11464899.859010259
-10233073.136219626,11461596.713617656
-10232825.145701865,11462744.896167222
-10230864.284520064,11465458.63036115
-10229598.107738622,11466972.100332638
-10230797.616571017,11467069.676552918
-10232622.95578062,11465729.867784554
-10235326.521024298,11463288.224769343
-10239122.735370519,11460112.34043367
-10244527.140422938,11455756.801976964
-10245805.239809692,11454914.506831953
-10246421.121779745,11455047.960711444
-10245248.699512532,11456738.062816152
-10243533.810348932,11458608.390056554
-10240492.625063665,11460718.454338389
-10237168.04411691,11464375.347393807
-10232291.2041786,11470335.922276303
-10231298.933618642,11472377.840737823
-10233222.588855729,11473609.87931575
-10232836.945012335,11475233.971799457
-10222076.223048428,11479760.685448715
-10218357.303173646,11482010.193041835
-10218021.00574378,11481481.327625781
-10212630.736340638,11483619.126678597
-10208997.24160248,11484278.645372052
-10201348.979953054,11488246.342923589
-10199108.456414202,11488811.408135884
-10195877.57946473,11488612.07859728
-10190500.598296115,11490069.785431508
-10183911.41371099,11492860.119248034
-10177208.614282865,11496521.013069184
-10176412.037113916,11499529.76228444
-10181200.253249058,11497693.779199677
-10187622.607686907,11494399.4660034
-10191577.618909141,11493173.654864851
-10194886.850254377,11495704.569348956
-10194880.616289357,11498516.708463656
-10192239.238975631,11503551.190815268
-10189523.46198898,11504730.532706656
-10188560.906516822,11502760.962293787
-10186877.846433628,11502903.824748643
-10183828.75639151,11504551.266112579
-10176641.231228128,11508956.266969716
-10173694.32669535,11510477.144262832
-10158683.773636512,11513590.02851476
-10156840.06523977,11515285.135998137
-10158661.354814762,11516093.027903704
-10158696.123668445,11516975.829780184
-10157023.84483294,11518614.777741348
-10155997.531115094,11519804.7608694
-10154915.011025194,11520478.973125035
-10149143.352840587,11522652.714860361
-10148577.921615625,11522619.931016736
-10146302.510371864,11523224.830320936
-10142300.127324391,11525772.116387371
-10137648.915160233,11529011.75384671
-10133425.06340462,11531713.271934124
-10131292.830760444,11532486.62664419
-10128371.631752549,11532563.027941093
-10125297.00442934,11534310.020323098
-10117090.565734114,11540051.560282078
-10116103.052041972,11540479.781655889
-10113994.769317605,11541094.824959742
-10112518.012921767,11541939.868665611
-10110356.510504493,11543014.21159206
-10105105.67473548,11542606.754567355
-10103485.742810933,11540607.744524496
-10101721.41450322,11541943.557488479
-10098611.827946704,11545459.93100206
-10095807.373671934,11549180.211503899
-10094963.405803276,11551146.827622076
-10096987.359467175,11550630.859064713
-10099919.946827518,11549178.658913441
-10101695.478506016,11548763.311045779
-10100172.033649467,11551424.524839884
-10095562.572520103,11553927.769225767
-10093575.593096519,11555172.085879428
-10091095.819170825,11557211.30325552
-10087249.72174148,11560623.686462877
-10083753.981681509,11563870.141107185
-10082344.221178371,11565386.67449607
-10081357.824222833,11567860.146885876
-10078655.401309377,11571743.08565495
-10077761.100198567,11574055.225003608
-10082251.438061455,11571770.592343898
-10084602.798845854,11569276.511500284
-10086044.282669475,11567547.534122353
-10088430.104820095,11564387.044115871
-10091555.967482498,11560981.41609982
-10093652.378163248,11559504.873062566
-10095391.083160669,11558801.572225269
-10097407.939421372,11557749.402376747
-10101618.20936544,11555034.901471535
-10109514.868436562,11550665.291093884
-10111974.437712163,11549755.604829323
-10117961.587699847,11544188.084870031
-10124029.439537583,11540280.870690722
-10155729.239583233,11523899.039621323
-10161352.64816079,11520303.019103933
-10164029.604322616,11518758.952955198
-10165742.953746898,11518295.909875663
-10168821.395903058,11518867.230249017
-10174340.230489679,11517100.266343035
-10176233.309289763,11517493.107485158
-10175681.991326002,11520037.849608094
-10171852.448656343,11525390.059402015
-10168850.962753369,11527120.470784085
-10160549.909715794,11530693.839513894
-10153561.841469912,11534461.759101437
-10150977.093685549,11535503.573837006
-10148957.96834923,11535751.078029694
-10144984.075671108,11540623.1662181
-10144664.4320819,11543080.609585881
-10148247.579917043,11544813.35169142
-10148979.299083522,11544715.655034965
-10151193.68231175,11543792.4777428
-10155723.412036484,11541429.68311866
-10156770.184134053,11541335.537392197
-10155225.323218165,11543642.181263031
-10154907.840469839,11543421.54650841
-10153073.074728005,11545097.072216392
-10155433.5429168,11544569.260581635
-10160830.72533305,11541459.538053853
-10167527.874322584,11536824.61282281
-10173837.763391538,11531662.7650738
-10186168.902633272,11520353.26892099
-10189200.854140343,11518093.729366913
-10191294.308124712,11517369.695287006
-10192904.020120587,11517189.937315032
-10194554.199933292,11516492.379543012
-10196269.09468468,11522274.641658641
-10195607.374529475,11524464.177720921
-10193715.41909208,11527979.978071168
-10190092.264206527,11532412.77170531
-10184302.383910192,11537333.169531574
-10178931.672670772,11539347.115636101
-10172021.467298893,11537133.905644083
-10157171.62101941,11547017.931081234
-10141299.516231105,11552597.373995129
-10132957.551338708,11557356.48272692
-10132344.06619748,11559040.219397172
-10134251.866139961,11558671.64732472
-10145997.00917723,11553315.492738577
-10145790.620107308,11554210.830131562
-10144628.557612123,11555652.931028387
-10143358.39147984,11557019.288027696
-10142841.022122007,11557696.952551216
-10143065.447136573,11558268.175938442
-10143009.803220356,11558642.180136038
-10143675.436009722,11558383.626533462
-10146105.949197158,11556988.467323828
-10147995.009778464,11555663.564470112
-10152217.742872173,11552322.430847358
-10166408.368727563,11544558.537671417
-10165089.775688088,11546978.871814953
-10166317.382466195,11546464.959289603
-10168543.854009064,11544762.561542716
-10170185.272008592,11543633.008329278
-10173030.401526602,11543234.08313666
-10174853.619152725,11543931.165828086
-10173905.70356475,11545355.863363702
-10170705.38333666,11547754.645454774
-10167204.118759193,11549958.330707308
-10165386.690248394,11550784.567662
-10164146.193256624,11550991.57710618
-10124137.551635142,11567884.767144363
-10091500.389815062,11570002.284176853
-10082625.939884948,11574975.75558996
-10080857.87228872,11576310.11019926
-10075796.583810244,11580420.875046764
-10073863.846696166,11581911.441607937
-10070253.872147793,11584333.107439676
-10067774.694939328,11585716.315476052
-10066185.713560116,11586205.358399648
-10065206.79289551,11585955.820002122
-10062173.185254935,11586859.877792345
-10051579.911770146,11592745.696389193
-10048475.53123618,11593579.015881808
-10047809.848856812,11593545.455556214
-10044924.369645454,11594317.576980699
-10043433.911239792,11595122.89503776
-10039882.84979038,11597996.13571498
-10036707.141258957,11601088.439584348
-10033610.783022033,11604216.456487792
-10030278.692113042,11607220.381048672
-10025153.63638689,11610623.274078889
-10019805.653162276,11613559.98817166
-10014547.302308004,11617077.366594503
-10009743.003117764,11622145.53178422
-10017262.42105219,11617921.227954743
-10028013.350573417,11610674.543553295
-10029832.149541186,11609848.780148325
-10033336.247243762,11607793.980813188
-10047346.945731698,11597701.667457065
-10051430.626146806,11595615.950897103
-10050120.188675942,11597997.280119603
-10046122.52759704,11603262.184556728
-10041206.809922783,11609154.222202608
-10037114.441785516,11613466.683813758
-10035461.403772542,11615110.485274704
-10034807.658699088,11616054.351899432
-10034444.009642191,11616734.716609992
-10033593.559443723,11617657.166838376
-10031667.662396714,11619225.74312383
-10028545.594296025,11621315.186940985
-10026716.775881402,11622795.391263522
-10023687.775583282,11625829.944039904
-10021914.93848202,11628211.676447667
-10019282.723509826,11632454.31987074
-10012224.933794864,11640964.23924997
-10012243.767290598,11641510.700752173
-10018151.410413262,11636424.116482798
-10020365.347733503,11634175.486111881
-10021802.471556809,11632432.193177188
-10023929.019425333,11630377.28490075
-10032174.366012756,11624249.064297656
-10035318.52128787,11621466.50257103
-10038214.844269097,11618526.976910124
-10048060.285181124,11607831.7697201
-10050956.137067443,11605031.182974674
-10051422.013928013,11604520.167370915
-10051643.366153326,11604149.337590043
-10052543.743992513,11603300.278451394
-10055018.526062433,11601373.4144717
-10055414.843732176,11601300.602443628
-10064039.099146374,11597233.390855234
-10085240.619851688,11583594.385989152
-10090333.610916335,11580895.184753481
-10110192.44441541,11572587.687092887
-10111617.82234386,11572237.205747165
-10111825.692281632,11573205.884476604
-10109893.100591166,11576493.377835335
-10109869.48815004,11577596.50959608
-10128165.891949765,11570005.809058726
-10135782.016172707,11568135.655240996
-10130468.042375712,11575707.17423091
-10129087.509228606,11575073.396967353
-10128928.71791663,11574602.783111785
-10126354.230716024,11577872.981796285
-10125886.627698189,11579423.46214623
-10126016.299560431,11580411.7432424
-10125270.525236014,11581963.01662659
-10122986.088474533,11584593.335456312
-10120308.396817751,11587098.531186176
-10117800.819693333,11588809.020715589
-10112900.898266384,11589599.835245505
-10096244.08718293,11597715.366880542
-10079353.136551348,11600493.493089043
-10077509.905983636,11599413.149052173
-10074508.96428236,11599577.995696198
-10067608.803335702,11603986.987771422
-10070592.94142802,11605231.739276482
-10071180.042374142,11606837.289978031
-10069043.863531273,11609690.640137963
-10066129.969283424,11611449.78816856
-10058641.456907272,11613710.449157074
-10057871.925177239,11615290.613224456
-10056008.087535575,11617704.836500106
-10053662.469386905,11620484.9508985
-10051583.808268446,11621080.79892964
-10049920.112832583,11620670.479595441
-10049182.933944428,11619526.560229575
-10049994.05478074,11617839.973553913
-10049086.67919579,11618016.86973274
-10049165.953110058,11616930.623800723
-10047800.202022469,11617350.788343553
-10044552.81749662,11620243.560614157
-10043698.866628034,11621858.4104568
-10043667.244486844,11626521.781797845
-10045330.48649223,11627332.61777804
-10047327.869307047,11626362.780480748
-10051483.62256279,11623744.681661407
-10053822.867391828,11622426.292228788
-10054030.350288454,11622894.909079501
-10052594.756127566,11624791.70107077
-10049960.790715234,11627804.972582575
-10044314.59962798,11631842.166043635
-10041247.990645075,11635316.531968145
-10037479.374923477,11641776.45033005
-10036793.929901104,11645241.298722178
-10035681.505646648,11646523.59765295
-10032737.116428373,11648954.011126865
-10029613.253772993,11651249.766745662
-10025807.86727923,11653357.03314273
-10012876.28822044,11661413.584017592
-10008763.615292527,11663706.756623218
-10001336.815796582,11667236.809856556
-9999084.582220377,11667681.784690171
-9996835.132562483,11669676.263288463
-9997171.250313547,11673192.407932654
-9998124.246487929,11674033.15793667
-10001343.232492413,11673071.16554238
-10009817.287220022,11668982.985641059
-10017820.579441996,11663438.576522078
-10019149.732956795,11662439.542967942
-10031992.184116514,11653477.399517851
-10035413.842663659,11651524.438904028
-10036224.470535865,11652013.213729396
-10035331.894930523,11656384.8288313
-10031072.262312617,11662295.802813612
-10030498.868978329,11663957.279154327
-10031586.924151164,11664137.486501627
-10037119.569095206,11662497.26430942
-10039193.702540064,11660654.553323518
-10038908.80968655,11658802.972909894
-10040981.991506565,11653115.284064505
-10041055.293416988,11650068.310471496
-10042460.081759576,11647646.198729636
-10044679.943491897,11644848.196538994
-10047259.302178971,11642602.965684118
-10048505.720910775,11639363.02429087
-10047017.874718249,11638075.74531489
-10046876.021117996,11635744.405597067
-10052113.862035783,11629382.318749746
-10055404.14560004,11626306.661589734
-10058885.485926643,11623470.37383922
-10061890.189796444,11621460.904910684
-10063579.213258997,11621040.86326742
-10065330.335576441,11625948.504152598
-10068914.024755582,11622338.495490385
-10071490.540128646,11619289.608140117
-10073212.341101091,11616834.6203678
-10074153.458040811,11615067.675397614
-10076210.931469355,11613219.389111796
-10090747.654513469,11606672.13928021
-10093691.725383071,11606187.659484576
-10098366.211909022,11607298.11214882
-10099077.554115009,11609412.664037036
-10095849.319475625,11614516.784647299
-10090922.42507638,11618479.845525563
-10089757.965394882,11620461.519512493
-10093228.573473774,11623253.508452399
-10095263.836922055,11622837.392687738
-10099387.191985654,11620273.342514148
-10100027.780535324,11618518.911317127
-10098265.380755013,11616322.042502837
-10099238.227548685,11614113.95440611
-10102908.207929915,11608081.320858095
-10103640.934731632,11605723.927018486
-10105885.370000914,11602736.106198763
-10106680.05012766,11600610.991928587
-10109163.076882934,11598764.199880905
-10113012.870462393,11596535.861426579
-10115964.805563135,11595211.843136452
-10120162.73524723,11594682.530524183
-10125509.229310816,11591641.522951102
-10125335.372970447,11592458.750678752
-10124438.52733936,11593910.79964318
-10124044.455558239,11594828.343692778
-10123276.00438494,11595872.582315387
-10120982.78266894,11597804.915480714
-10116854.79963973,11601040.059523761
-10113135.816828905,11604598.3554816
-10109379.623494336,11608533.870467981
-10106370.869414052,11612057.385307273
-10104820.721707555,11614445.210965268
-10108156.202013101,11613214.899900127
-10108540.368029231,11613544.614031155
-10107649.502993325,11614907.526550429
-10102300.053095803,11620928.863436347
-10100253.024506852,11623866.943369698
-10099553.263914041,11625849.788609719
-10100143.187292643,11628022.608832723
-10102015.761760239,11625866.570472833
-10107154.630854234,11619304.334704418
-10111118.684366386,11615940.24391635
-10113565.759093126,11614487.6713486
-10114745.758166563,11614442.842860023
-10114967.428016836,11615265.054567771
-10111155.170534212,11620427.800226796
-10110701.42254123,11621721.951844377
-10114861.368012723,11618337.598497506
-10117532.286246074,11615456.388962861
-10123094.719526123,11607414.298229707
-10128085.944212291,11605391.584536703
-10129004.189872272,11605350.98282021
-10128504.73321465,11606566.189529346
-10125082.068118501,11611087.124533122
-10124601.40756954,11612319.491408462
-10124762.320872212,11615276.46180364
-10126486.388582673,11614912.011423776
-10132399.227242786,11611072.03959345
-10135832.972706601,11606053.718601055
-10138628.925160842,11602994.809289536
-10143614.744755644,11598936.614906454
-10147082.414983014,11595364.4538183
-10146574.37354056,11596881.907423597
-10142086.956407335,11603906.027899958
-10139684.01677193,11607127.073928189
-10138675.58849318,11609340.27602546
-10141723.81983666,11608157.614240173
-10144401.511827884,11604689.620506326
-10155727.288705418,11590919.798958693
-10161367.030576093,11584937.41539365
-10160663.386544056,11586653.44026166
-10158609.380881447,11589396.097722227
-10152976.133248622,11596065.841961153
-10157350.34765929,11592374.730162827
-10163116.542130608,11587770.351388277
-10166661.818269141,11585538.148999104
-10164437.737254834,11588936.328621123
-10161570.389428992,11592752.301077213
-10158625.437424377,11598554.095784722
-10156496.438572893,11601874.761826111
-10160420.72333569,11597951.734190673
-10162959.480838351,11594802.934845164
-10164313.822113553,11592459.94172528
-10164713.582525589,11590913.03193608
-10166786.824452206,11589038.848194385
-10166579.754455116,11591040.990813378
-10162943.108268755,11597764.43865333
-10162723.296844546,11599747.867423609
-10166618.22488108,11602772.976477426
-10170034.270466212,11598543.854934499
-10168753.776839655,11594918.45825465
-10171397.645752085,11590646.944851102
-10172459.064472701,11588303.990544843
-10172904.111467157,11585679.344688913
-10174256.812597174,11582968.798924698
-10178051.496421678,11580346.856962344
-10183882.492288996,11574958.792397344
-10189171.65617472,11572109.314425692
-10196669.848755008,11570024.40028056
-10199294.67352803,11568664.221917056
-10205651.409751339,11564827.979960717
-10207208.468781589,11564239.496251708
-10210689.256417306,11566885.530844059
-10208614.640077872,11568771.05871393
-10204745.156404927,11569904.553992212
-10201819.678511955,11571510.242980663
-10197739.565653061,11574627.08661205
-10204430.128585514,11573218.383920386
-10206236.710200539,11573653.383246955
-10201364.431129009,11577409.379843695
-10190857.60549721,11581010.484515911
-10181621.69593984,11586222.82070634
-10185742.49244535,11586227.42531747
-10191558.936888022,11583622.622951949
-10190599.125247153,11585871.136765795
-10190855.96047074,11586382.076255154
-10194943.450877156,11584205.099700022
-10200240.364416333,11580799.741069391
-10203811.933104567,11579009.883705752
-10202751.765678667,11581624.225018168
-10202057.633147666,11581981.070026029
-10201891.21411993,11582081.01881963
-10201581.580518467,11582361.510319412
-10200386.965228537,11583309.051941535
-10197293.791082447,11587515.858776761
-10191178.790975558,11592141.386654383
-10185022.44088444,11595726.574437562
-10179225.292713782,11597332.020397756
-10171536.359323194,11601714.801082414
-10169887.879646575,11601823.881093167
-10162637.94450612,11610514.663977325
-10166430.234302742,11610614.987155126
-10172627.634881355,11608714.415460864
-10172628.570455581,11611369.411716782
-10170043.17518112,11612599.505468512
-10164744.75930881,11614345.531527849
-10163314.296112096,11614219.156458994
-10161367.406797698,11617956.23068009
-10165973.199728172,11617667.798327757
-10179022.21909656,11612594.2693109
-10188150.303229488,11606820.543037498
-10192601.897658052,11604264.233981216
-10194953.930176673,11603733.589277342
-10195159.98823392,11604536.15003051
-10194328.121866018,11605672.768824005
-10192478.364457648,11607541.56398217
-10185733.998059858,11614675.447353816
-10183202.780556394,11617230.028259538
-10180764.127736893,11619539.74295976
-10177111.67342081,11623533.635690635
-10179859.284945855,11622653.987836286
-10184809.91422032,11619825.615087967
-10187816.979218565,11617934.400612075
-10189788.01198517,11617338.885006282
-10190412.988954663,11622737.567491006
-10189847.03564252,11623607.480749851
-10190213.749339048,11623652.119026734
-10192762.306534965,11622005.23265835
-10194574.853686465,11621000.918855125
-10196152.11090498,11620492.728462895
-10198782.334865928,11620490.614200227
-10200476.590290535,11619841.714269672
-10202519.107909093,11618680.779148476
-10204431.838721665,11617000.272919068
-10205270.278442252,11615553.919434203
-10204934.543924702,11614800.544570493
-10203420.011140667,11614218.513914164
-10208027.169518832,11612303.686324643
-10208952.973892396,11613674.58817844
-10207751.204690631,11622184.28450055
-10212356.328033304,11619969.810722966
-10214142.581540957,11619901.184961943
-10214707.914399784,11620968.165503498
-10213821.159452073,11622911.237714177
-10209102.659643156,11626605.760573737
-10210205.602886494,11626818.222509822
-10216225.533996403,11623392.95966226
-10219660.004132342,11622314.248706907
-10229200.206228245,11617523.251900667
-10228538.218575334,11615708.474079529
-10220250.920481611,11617815.084190844
-10221157.910914447,11614732.937302887
-10228644.475117166,11610370.06315704
-10231482.313577935,11608430.57159612
-10228489.808213111,11609040.818429071
-10220437.27065933,11612081.194972795
-10218125.335305313,11612194.834705176
-10213055.221954009,11607993.739215726
-10211380.9634485,11608641.466321686
-10206467.81456094,11611276.816429928
-10204940.840450166,11611851.0106383
-10202819.776632855,11604779.967513172
-10204119.372868279,11601481.454477524
-10208650.191242943,11596918.315021897
-10212169.333847027,11595070.255315505
-10223992.561951896,11591391.05459065
-10226678.979996238,11595368.85684083
-10233624.96194582,11595805.860866634
-10238886.272507709,11604863.491137845
-10237597.194055386,11608810.235772884
-10240472.196836066,11612723.00561123
-10239258.719820583,11615018.381550077
-10229175.436103446,11621536.70556637
-10228232.469892377,11624398.766332699
-10231499.615550783,11623468.415678835
-10237109.495400505,11620254.705899699
-10243042.577841377,11616384.593177196
-10248522.116601836,11613229.16075172
-10251027.571051007,11612901.862372503
-10252727.472252911,11615439.619186018
-10254048.16408786,11615359.657969134
-10258369.690176276,11613759.181120934
-10259685.080205234,11613675.141552325
-10259942.5867441,11614480.828467783
-10259329.710090175,11616811.686856978
-10259514.723646915,11617601.745283527
-10258582.823326232,11619163.73342974
-10255615.67416233,11621723.657715784
-10252308.1792022,11624028.351574168
-10249234.592625795,11625054.097544156
-10242013.195525343,11628606.85740512
-10232124.919135451,11631115.350706266
-10221937.716652166,11636400.107538728
-10220893.128909614,11636760.176818099
-10221350.373639764,11635485.04968419
-10225268.208757708,11631340.115795692
-10226158.52534749,11629776.136627007
-10223891.613101766,11630478.855815027
-10218705.494667178,11633118.188165227
-10212900.634266397,11636484.70480547
-10208740.084844206,11639408.114744542
-10205812.804454504,11640933.795145435
-10193149.573233953,11642153.592759835
-10190004.777388126,11643621.562685424
-10185897.595090173,11647372.61034115
-10180617.593890619,11649560.07311029
-10179686.564376298,11649443.139836112
-10177584.371903505,11651318.450639805
-10177291.693278447,11653606.318750577
-10185040.907038683,11654077.084321361
-10187424.206664454,11656160.282481868
-10187018.4946592,11656987.8300681
-10186605.969382511,11657496.890312223
-10184503.479958905,11660097.444755105
-10183969.92923172,11660970.29398898
-10184606.915342212,11661084.164720446
-10186884.012149815,11660136.067096287
-10187576.162241839,11660029.900511367
-10188433.997032266,11659711.359781945
-10190224.678175027,11658691.85537073
-10193888.68778086,11656365.995874671
-10195434.326144353,11655555.219727747
-10196083.748876391,11655702.517694807
-10196537.81913537,11657272.301114496
-10195344.70669619,11659273.253459277
-10195381.663183657,11659756.538046299
-10196507.151286436,11659338.365532
-10199998.071585203,11657373.724433612
-10200913.92728825,11657106.697175482
-10201752.058719201,11656590.106620092
-10203311.930767618,11655317.950924521
-10204960.447132343,11654034.30614556
-10205900.402534146,11653630.363225248
-10205592.37344197,11654596.21926095
-10203128.857461,11657907.85440651
-10202718.274017265,11658716.315493405
-10204430.454085635,11658280.218651755
-10210126.834611507,11655344.650025552
-10211790.18627535,11655090.668209787
-10210396.731067408,11656084.715242287
-10209266.603113577,11656929.501076683
-10208182.773014296,11657679.720791379
-10206953.6078393,11658367.395504277
-10204973.97435999,11661965.740270039
-10204348.737289123,11665087.890384013
-10205390.400826344,11668777.691299774
-10207568.036164436,11668636.915055092
-10214484.96514515,11666181.159509547
-10216089.298369382,11666665.578083636
-10214656.862433031,11670047.278166384
-10210834.401117936,11673000.97132256
-10206679.86783477,11674860.689102706
-10195217.084570242,11674827.17395917
-10195277.853226136,11673760.957150225
-10197714.180263288,11669103.350357972
-10197661.426248692,11668098.609369837
-10195234.793340312,11666861.860852437
-10193719.38401669,11667289.906708855
-10188782.296309803,11670716.949562524
-10187322.706071524,11671171.55657756
-10186008.525014732,11671167.434618626
-10181792.734601319,11672610.039049836
-10180440.779003305,11672595.485168522
-10179240.499042597,11663964.405474944
-10176766.08007182,11664021.249198174
-10174472.743077619,11664953.58098719
-10171739.634285778,11666906.386022335
-10169740.384010542,11668924.030680623
-10166886.217158567,11672023.09262777
-10164336.052511336,11674944.289904833
-10163216.42760138,11676442.508840654
-10164608.374678949,11676309.449377669
-10170704.816112146,11672716.509012453
-10172003.422971891,11672589.817744508
-10170983.425950378,11673977.133628478
-10164161.278781954,11681071.295630485
-10156014.50420412,11684469.15740879
-10150364.563489417,11687595.45176654
-10139522.100314265,11695647.994687991
-10130488.903236652,11700145.880479349
-10125434.195581252,11703453.800626881
-10127528.16724281,11703578.7445213
-10137104.606139973,11697810.695621919
-10141276.682902824,11696415.024225965
-10143713.16735194,11694538.981620712
-10146573.721860532,11692185.018823829
-10149154.364038114,11690369.96918206
-10151247.760646207,11689427.21098676
-10161452.966573013,11687079.470087757
-10164105.774844864,11688303.20838735
-10165391.056210103,11688036.994157957
-10169626.711141841,11686216.055764794
-10170235.81193647,11686565.763505572
-10169023.13106656,11688336.56702788
-10164777.884383423,11693097.63520632
-10163276.454441277,11695179.45573986
-10151494.737612002,11702316.347459106
-10143316.982512644,11707739.342791876
-10138999.440538645,11711673.092918893
-10143317.820242045,11708911.897004193
-10151904.896863312,11703889.43462766
-10158481.931157706,11700680.897742575
-10156855.459467726,11703296.24185055
-10152491.040197277,11707544.62168356
-10150802.613615219,11709991.608759042
-10150205.268573826,11711655.490383353
-10149223.088989934,11713447.226001427
-10146779.303220393,11716374.229283744
-10144704.919178886,11718464.92422516
-10140108.447184743,11722433.44492362
-10136525.343108268,11724494.14583732
-10123804.772679385,11728874.916556232
-10120912.912767174,11731721.349375015
-10119819.255579254,11732896.509675087
-10117137.870075693,11734267.589962984
-10115230.963230446,11736278.086857954
-10114064.31095465,11737686.928419562
-10113668.462308183,11738546.310762273
-10113914.029979426,11739036.354317067
-10111791.828582536,11740890.741671199
-10110223.356680827,11741147.91405653
-10104703.635068392,11744316.378383014
-10103290.30635958,11744907.075232243
-10102255.500736386,11744762.051123897
-10097031.495688403,11746437.258176232
-10091617.782680651,11744803.149631497
-10088250.632175252,11746285.558943795
-10086223.574252509,11751394.735548776
-10090360.839362156,11751763.919257931
-10102930.722463844,11748138.614980571
-10098927.35639689,11752218.362014627
-10099489.61636565,11753064.3000883
-10103076.858231016,11751280.547715867
-10108174.621833004,11747449.310187537
-10115083.421636686,11741554.688387537
-10119285.497331882,11738291.518387863
-10126655.372300789,11733511.093620753
-10128867.966604322,11732439.938872714
-10129672.600378394,11733606.442770815
-10131866.004948653,11732587.040809114
-10136216.279048767,11729480.468738139
-10146457.12878743,11721593.930727528
-10150398.327922283,11718818.003092542
-10151801.387952492,11716203.20075506
-10158309.877402809,11706430.541344669
-10161751.48873838,11704923.869100923
-10165565.186413161,11705483.446312763
-10168602.832599882,11711137.327367542
-10166921.129139993,11714579.375264993
-10164835.50646908,11716156.291886121
-10163820.387938248,11717159.454720978
-10163114.383457558,11718459.635690037
-10160757.597896827,11720529.846796585
-10155882.88662889,11719711.567374436
-10148977.547434295,11721044.877846094
-10147606.474491479,11723626.07523626
-10147728.858474432,11724141.906182393
-10142530.48449663,11726701.164718699
-10139845.9683262,11728777.851564286
-10136650.465732256,11731350.458553327
-10135046.518399691,11732842.112522097
-10140042.021395642,11729999.20488878
-10145948.579868693,11727511.009323193
-10147342.812766302,11727368.487960426
-10142772.995068701,11730884.343812842
-10145884.182433262,11730206.487205816
-10155869.895190075,11725399.673117908
-10157872.984720375,11725990.442503579
-10156564.740637671,11726971.751484564
-10153301.754848674,11729514.828314904
-10154917.544468,11730636.866736308
-10155045.983048607,11731761.125762347
-10153974.087907229,11733808.270734265
-10147577.3633961,11737929.177265218
-10144073.320874559,11740403.413541934
-10139538.496285854,11744034.83696438
-10141104.381237095,11743833.750950327
-10150729.469773224,11738641.96220815
-10147240.399535203,11741372.844739396
-10141301.554356078,11745800.113391113
-10139197.061617408,11747695.082623295
-10136052.068558065,11747983.404714016
-10133061.587856298,11749406.730857266
-10128203.226086339,11752906.846126147
-10129350.41478582,11753853.11925361
-10132831.617284654,11752487.457222361
-10142415.895534646,11746881.31549834
-10149319.920253662,11742352.236901306
-10152162.801310474,11740730.216631839
-10153060.199111754,11740948.08119876
-10152071.8806889,11742273.797743112
-10147386.886713792,11746200.5881457
-10144498.598492663,11748956.472595528
-10134857.594851233,11755159.334284836
-10129185.15603546,11758067.064816246
-10126055.154151795,11758502.987003025
-10119659.791644886,11756083.062528463
-10115630.454485204,11756930.204428826
-10110804.95766636,11759759.379543308
-10113412.211401815,11762340.527503297
-10119058.866690878,11760686.713017644
-10119931.692163933,11761124.305525173
-10106286.77846323,11771335.562533358
-10104059.943428246,11773152.01557793
-10100113.689188568,11773916.677923866
-10098669.702308442,11773650.062767463
-10100850.941899896,11769702.27946769
-10099874.788497452,11767345.213842614
-10098469.34024803,11767579.073902596
-10095084.592271466,11770081.747024849
-10091439.094928049,11773281.48393508
-10089764.621043324,11775208.348666301
-10092300.05762935,11773897.541664764
-10091935.789156035,11775428.779414317
-10095794.35093041,11784536.005598955
-10094309.717390787,11787697.641302133
-10089712.710116705,11791189.73237535
-10090776.370794475,11791181.70863056
-10094554.057258628,11789682.591783669
-10094753.513748772,11790205.769340402
-10094020.695043424,11791827.23818704
-10095954.420233022,11793507.279138518
-10091476.39545671,11796613.712290213
-10086319.449462622,11799973.135549312
-10081924.120915847,11803235.54775712
-10079793.987196654,11805997.944901962
-10082010.118280038,11805250.543767892
-10099846.536859961,11796401.232635044
-10106327.513562743,11794617.444215465
-10108472.525979815,11795780.659853987
-10100357.118827658,11802282.641361378
-10100630.281058628,11803846.375775317
-10101335.000342084,11804220.530769981
-10103774.1246881,11802911.149511036
-10109188.643332679,11799484.025941953
-10112801.294435257,11797367.534542648
-10115798.246998798,11795997.068508461
-10117839.612990512,11795563.336396543
-10118474.953141533,11796340.5078956
-10116081.83464909,11798405.571116718
-10111412.850531084,11800349.394291924
-10109336.004772995,11801545.418835651
-10104661.166435841,11804609.167263135
-10103372.979073014,11805793.199099274
-10109397.407025157,11808036.550673904
-10108121.255341506,11810606.094269536
-10105984.124263277,11811558.465363078
-10104850.735944256,11811647.45699833
-10103857.913526567,11810623.771404484
-10102444.365114843,11811068.554601591
-10097086.291351685,11814025.004618747
-10093520.817633819,11814268.446119439
-10082964.87864523,11817723.760156099
-10080813.821430169,11817528.587640684
-10078826.50407321,11813314.369317012
-10076924.902064241,11813369.13730105
-10069800.162114335,11816211.900790092
-10051536.776965233,11818528.112478694
-10037409.64282934,11814581.82038942
-10031438.070516666,11817729.564513493
-10044735.129928585,11823595.381600225
-10041043.711290343,11824913.756467724
-10034176.692257,11824946.26188452
-10029806.682482278,11827153.077686425
-10024366.254527925,11830843.230273386
-10019272.72267585,11835111.705040444
-10016032.824285429,11839028.733291343
-10017077.90390809,11839678.521444565
-10043595.43097879,11828424.324480882
-10056083.842181709,11829118.67581293
-10064732.406837227,11826546.687183233
-10072030.556421753,11823152.433553284
-10074453.942736624,11825986.701210937
-10076701.729932612,11825993.625028504
-10080763.784111172,11824325.749722896
-10087687.938169742,11822800.937547524
-10088672.93829811,11823900.086338686
-10085378.676001847,11826381.087545197
-10083027.070863103,11827856.115446433
-10081470.767122999,11828495.315469306
-10080661.93526808,11828374.34968466
-10077462.51797385,11832714.41432387
-10077659.768326802,11834873.211195813
-10080993.410555415,11836511.423532335
-10079904.051214471,11838155.502588449
-10076631.79601585,11840922.777132275
-10072987.513984181,11843661.195983687
-10070827.49803368,11845194.17619182
-10068571.865774857,11846310.165651834
-10065909.71612165,11846276.115771819
-10063326.353975909,11847489.270010408
-10064163.033448692,11847959.050500233
-10063544.950215029,11852071.05822675
-10064256.386376929,11852638.932296136
-10067960.454028277,11852693.236415239
-10065478.392533375,11863385.852034375
-10062550.229440736,11864800.983733267
-10056880.992390443,11866529.744751515
-10056002.337327043,11866150.181594374
-10054995.485196883,11868722.573798308
-10053947.61853673,11870277.489739025
-10051224.588491809,11873059.576945275
-10048437.662418853,11873842.035113309
-10044836.101955397,11856640.842004249
-10026569.493372066,11854068.17429141
-10016910.435146658,11857607.862365222
-10016289.919332458,11855980.315501986
-10014006.375588328,11859750.230968945
-10013369.493099669,11861909.801106269
-10014571.57106678,11862462.117514787
-10024046.994645122,11859443.321703006
-10039005.73025216,11863901.145872865
-10036805.645252047,11865769.057572631
-10035274.482022882,11865417.855582219
-10033954.556323938,11865691.621357514
-10032034.095217522,11866684.52152102
-10028479.672691036,11869351.687295176
-10026834.32339134,11871298.185985971
-10026950.505228687,11872127.172761796
-10030329.141869934,11870813.09360348
-10031411.99002884,11872712.261718519
-10032919.834257374,11872135.762204256
-10034814.786086684,11871140.486417148
-10036478.94462906,11870402.931362541
-10037243.443047583,11870620.635623967
-10035155.035832169,11871995.02680272
-10033880.61570201,11873123.214995874
-10032376.538652046,11874615.301134456
-10029620.563626047,11877079.23783562
-10020626.734708697,11884686.415964566
-10018175.406394452,11886977.320761373
-10017699.804638097,11887793.449843824
-10016815.397212122,11888768.522220366
-10013250.892094344,11891430.154069923
-10010622.199533941,11892991.198410511
-10009013.700939842,11893418.40641164
-10007182.044985471,11893194.831564885
-9997565.074437622,11896584.645253422
-9994742.492003813,11896403.647181675
-9997803.18637813,11891618.369843425
-9990085.35299842,11899757.648826517
-9985926.398729958,11903290.622725883
-9982161.266566785,11905549.758009717
-9975772.668121243,11909730.592491766
-9980263.188966196,11908179.737915775
-9994077.484234622,11900791.90175019
-9999554.945054756,11899666.275921939
-10002340.204028755,11898473.790824745
-10004244.899096467,11898076.17639111
-10002626.05895368,11902130.01835325
-10006028.566629859,11901872.638063906
-10007080.631268803,11902336.826699616
-10002344.57822862,11905458.026182294
-9997277.340116207,11908346.906004744
-9992330.298933981,11911533.907534273
-9987961.383797536,11915533.94639031
-9983726.390599722,11919961.209147654
-9978228.437926289,11924708.005269872
-9972359.324328888,11928770.33641433
-9967324.82839555,11931360.590357495
-9965144.671799624,11931062.580021925
-9964109.239747105,11929618.329014936
-9961820.375458453,11930263.35606986
-9955945.39930317,11936173.718494562
-9953767.948033722,11936947.621003348
-9951552.82099715,11936102.555783547
-9948076.50858731,11937787.221617648
-9944198.494934482,11940619.24362906
-9938372.29467073,11945054.758076308
-9932940.105133867,11948996.492318023
-9930240.191992668,11950344.005963085
-9929300.171725983,11950611.532346286
-9925769.399840798,11952596.162344413
-9924770.524132572,11952793.061769476
-9924104.333797405,11952585.85344038
-9921152.60343345,11952964.546832593
-9918126.091022555,11949383.549578056
-9916642.559927624,11950652.814341772
-9915846.473867934,11951408.758321483
-9914163.30968996,11953184.469905723
-9911512.852328613,11954877.899482073
-9908294.959482202,11959884.614754608
-9909306.878245717,11961572.117840517
-9915305.232797664,11962825.056440022
-9918834.151184116,11962161.073307771
-9924319.728455894,11959982.565462304
-9965184.26429329,11938718.64743836
-9971962.662921011,11934591.070772534
-9979895.986230053,11928531.816529116
-9988297.69745235,11920424.33651081
-9990515.5642586,11918565.590533692
-9994040.593197772,11916013.362042617
-9997153.48202886,11912997.452307802
-9999593.927380404,11910948.41109966
-10005660.415765757,11907131.678293996
-10010010.541841654,11904831.122057404
-10011994.425925335,11904615.847829971
-10011024.57544715,11906997.249847144
-10009664.225106105,11908756.130225843
-10005317.508538738,11913721.205479203
-10003590.008133912,11916256.844738606
-10000724.615193365,11921808.187330483
-9960847.064842783,11946628.69706874
-9958096.56748868,11947974.209943073
-9954697.15181362,11948987.949479997
-9952389.421130588,11949975.522452995
-9950389.872177634,11951638.48384969
-9950156.955919884,11953314.565094732
-9950606.092575962,11954112.027525498
-9952076.080461986,11954008.295526644
-9959752.953678686,11950883.60670945
-9960570.791622603,11950851.956232391
-9962113.828590224,11949852.262659095
-9968183.508877253,11944740.445213465
-9969715.410852749,11943726.177829215
-9972139.347728578,11942386.493634563
-9977065.665070938,11939009.434737397
-9982102.212057434,11935710.669896025
-9984750.94251655,11934697.515275165
-9986761.6032578,11935799.143537985
-9986928.028831473,11937018.317978801
-9985456.866854545,11939732.282300599
-9982779.09451401,11941036.04963894
-9977116.467300618,11947144.784557948
-9972954.80509688,11950157.674870018
-9965861.893095603,11952824.128000451
-9964714.660415186,11954540.662620883
-9964304.239697862,11955327.07844565
-9964542.485116348,11955791.412851378
-9962522.675854553,11957469.49391617
-9960309.370406838,11958239.693961052
-9957039.943651823,11960787.154140875
-9953468.228776433,11963842.036768913
-9950479.3187737,11966020.210190814
-9948882.705516828,11966452.41804531
-9947783.575695187,11965070.579314021
-9946456.13820686,11965204.974436373
-9944600.739409203,11968110.549810443
-9947781.134551214,11968175.55744764
-9946698.099992618,11970592.839187935
-9943103.8225737,11972142.77571036
-9939552.770348653,11971910.303235913
-9932720.942981334,11975289.930200486
-9930464.860081665,11975859.37253255
-9928159.59662264,11975149.024397645
-9927663.997676812,11969518.867464472
-9925670.939016946,11969955.314878665
-9918398.212575065,11973934.346221538
-9911947.783598833,11976024.5968157
-9895470.403488217,11984626.806193784
-9893352.423997477,11985068.3090956
-9894998.458185632,11982817.19939163
-9895429.943542067,11981062.145232406
-9894214.494422024,11979492.840672944
-9891940.809778873,11980210.237803906
-9885456.34025987,11983501.559409278
-9883291.811062224,11984296.444510657
-9881240.825335238,11985986.839464165
-9886121.985518029,11987765.502076032
-9885997.393942479,11989466.152537862
-9884022.10027944,11994132.06146009
-9884697.785862872,11995194.85950819
-9875076.026068667,12000549.648714337
-9869966.360090116,12004005.007056663
-9868184.864554832,12006454.77779859
-9871820.622801585,12005120.134028912
-9886047.262447163,11996554.074948287
-9889126.738939751,11995756.123398244
-9883037.652583178,12001863.125696156
-9869426.05912474,12011515.940102646
-9854976.525971439,12020754.064917425
-9846296.064434366,12025693.195476282
-9844784.466521962,12028812.128566451
-9849083.773797493,12027761.987468302
-9857026.64744367,12023411.5770166
-9869303.357360972,12014622.51808673
-9883466.290747773,12005271.9750367
-9888051.299002528,12001857.442252515
-9893023.595306559,11997598.53880127
-9897941.912730914,11993244.565977255
-9902329.499640148,11989552.106890706
-9911616.887497148,11983306.218530389
-9913632.341161765,11984123.98001378
-9914139.164065272,11986484.4106181
-9919003.686744371,11984801.264426216
-9924432.630350262,11982328.208838005
-9928833.993276015,11981783.90262301
-9931007.675546898,11983159.381477503
-9929705.437217114,11986490.253777757
-9926700.125533992,11987802.109809171
-9924611.15628659,11987985.25488306
-9922355.578173226,11986946.651077447
-9918945.091382906,11990486.702972809
-9917914.354115643,11994084.592713177
-9915635.719271611,11997151.312902356
-9910257.20491135,12000129.327813571
-9907082.972854843,12002175.664152557
-9903317.11029944,12004924.115069844
-9904951.108499441,12005465.47845977
-9909692.043140719,12003277.019618582
-9916248.963323435,11999365.795945842
-9923296.921267552,11994784.245969549
-9930840.628910372,11992717.428946456
-9932114.667612907,11992817.257689398
-9936334.529987002,11991501.738049697
-9937614.49281695,11991610.736494767
-9937235.656697595,11994059.105482602
-9934705.389315233,11998638.65522966
-9930123.182784148,12003642.253471864
-9923460.54122479,12007457.0943957
-9921974.838700773,12006397.895525355
-9925209.03151984,11999080.550712507
-9921756.977593258,11999941.335899247
-9916666.404548075,12008666.798898917
-9914103.73902111,12011710.21302009
-9910493.602444543,12011021.30619762
-9906454.023955598,12012297.260582564
-9905231.307514038,12012169.110659748
-9904949.626659682,12010221.642218068
-9903381.129617669,12010641.30325548
-9899011.645811442,12013570.923505777
-9900170.391646909,12015936.030800916
-9901855.016349288,12016191.537457194
-9905391.567926934,12014595.055463476
-9907729.695304964,12014051.515338315
-9907517.902359663,12016078.24347806
-9905433.728833057,12019246.70339419
-9902127.007845666,12022166.154599903
-9902227.914300224,12023203.910983672
-9903522.767405266,12023995.811439814
-9902844.875370108,12026054.177598862
-9897059.203368664,12030872.154056134
-9894113.252094958,12031976.69864655
-9891513.082516419,12028967.477197636
-9897288.75327879,12006173.832887514
-9894552.425090635,12009378.148390925
-9888713.459351582,12019653.449698301
-9879191.45297812,12020583.249049446
-9878729.856223224,12020149.071994292
-9878750.346652174,12019380.965042014
-9877834.036826482,12019573.707806408
-9874524.708092602,12022057.268487765
-9872457.767441325,12023866.786847087
-9870495.714044027,12025672.00416654
-9867974.971582009,12027768.197664564
-9864223.900722995,12030467.444615506
-9865666.343181198,12030743.530213483
-9868940.772308744,12029498.017347567
-9871078.232242167,12029007.52998741
-9869050.8233307,12031619.165448861
-9866164.244605286,12033636.080356857
-9862788.550130745,12036236.233578963
-9859547.514016239,12038613.077796264
-9857161.049459387,12039886.341193637
-9854911.82656437,12041716.273976037
-9857076.804448932,12042944.202801868
-9860062.33046964,12041984.665592676
-9865147.934186308,12038468.741428174
-9872064.166019212,12033391.913341198
-9876503.969631942,12031112.408198439
-9878955.502399988,12030758.001656085
-9879838.081258127,12031508.41244266
-9879723.931455906,12035970.177953165
-9881438.7144995,12037864.849245835
-9884953.589814631,12038304.563544596
-9885598.197122263,12039336.649905665
-9883138.137352146,12041339.612410765
-9880682.656833231,12041317.134153347
-9877921.008665169,12041992.47913915
-9873757.854968315,12044092.080214957
-9867071.353186756,12048363.972335627
-9866745.94664652,12048710.21144074
-9863332.332075324,12051247.743476637
-9859351.846263506,12054033.629692275
-9857310.188033946,12055163.676934246
-9853270.851398671,12054074.630548852
-9845988.183729189,12057190.610753097
-9845952.042490646,12056351.50933644
-9848687.145534404,12052376.830630442
-9849901.707233595,12049489.00883853
-9849592.018076364,12047565.19433835
-9847313.54518589,12047507.605862562
-9842596.677917844,12049631.767569894
-9835039.30134816,12054200.039973926
-9834141.542831048,12055678.686688678
-9835114.986476429,12055515.378358148
-9836914.314183017,12054671.686512316
-9838558.510444526,12054081.529211806
-9839310.827416727,12054141.056713091
-9840528.872991167,12061658.853010993
-9848775.936724728,12060645.069766376
-9848393.402202692,12062182.047364272
-9844237.768426094,12065460.711049588
-9834387.848223818,12071382.105377614
-9830284.400607523,12074700.409116777
-9830091.737847645,12075976.12361408
-9835188.17297313,12073035.014565943
-9841405.909315627,12069074.089738946
-9844590.762266148,12067287.519963944
-9845474.43419946,12066948.084325194
-9847101.751319407,12065805.923020467
-9848738.436833749,12064557.923452547
-9849637.052819533,12063912.337382184
-9849867.461032413,12064144.819319062
-9848239.21693638,12066237.340813257
-9847897.292992001,12066919.048848642
-9847382.10810344,12071211.713134082
-9852621.533048688,12073607.509653848
-9853339.626752006,12073546.645528346
-9854809.633279499,12072777.867631136
-9859204.38724719,12070115.711443758
-9860575.631989423,12069839.63506096
-9860118.897310527,12073733.734289624
-9854360.029236428,12076103.34182104
-9854093.937166838,12076722.960768532
-9852677.484777682,12078786.762273671
-9851693.351978675,12078673.574911337
-9851895.175832734,12076745.258670252
-9851056.610753085,12076449.559125904
-9849628.08196142,12077034.73925775
-9843461.164147994,12080298.746728618
-9839819.135781407,12083491.672149166
-9837427.388016406,12085876.087646298
-9836561.755852943,12087242.301743949
-9837442.929953631,12087421.862033568
-9842475.395410335,12083586.312366167
-9845452.850873295,12082776.8173009
-9846381.868833598,12083911.044253133
-9845366.30384162,12085860.142443487
-9840309.432054764,12090621.255926503
-9835453.539282218,12094695.724753017
-9824992.475425573,12102914.318822714
-9821244.977785496,12106404.183763133
-9826227.869543485,12103569.248500569
-9834209.245557018,12098544.66591641
-9839428.37501338,12095495.045469807
-9840477.364403505,12096244.257068668
-9838951.27496663,12099196.753777085
-9835713.076112708,12102652.839514932
-9831703.939973403,12104829.591668138
-9825643.188249625,12111499.34362294
-9824877.900093751,12112983.477939768
-9824656.3084851,12115044.060065316
-9823581.032939414,12116788.543796888
-9819721.171611791,12121823.91204728
-9817905.988406045,12123806.241387466
-9815471.56998225,12126685.374204053
-9815548.114204558,12127571.885472592
-9816317.258159088,12127933.079453696
-9816006.2622214,12129182.254047528
-9814455.793964425,12131233.056216795
-9812873.087776994,12132848.73024914
-9810758.575735193,12134760.737459257
-9802285.52619038,12142910.974933352
-9798159.381019335,12147233.099001704
-9789957.333457941,12157690.218792055
-9785402.991983347,12162071.524667425
-9782007.323484361,12163769.101280306
-9776052.200321218,12167759.465187142
-9763179.627523445,12176917.290986592
-9757937.937095435,12180372.43002316
-9748368.309011778,12186076.901228527
-9743469.060351333,12189254.761073442
-9735754.682996409,12194836.318456719
-9730181.590260847,12199072.575657666
-9725157.165267034,12202506.910499534
-9719117.083039245,12205657.65631376
-9716567.690896789,12206115.68181119
-9714621.624151848,12205732.032458486
-9712109.72423754,12206288.001105487
-9707895.068697166,12209545.48632983
-9701403.974430155,12212772.7017284
-9698308.983389229,12214534.369633742
-9693016.027874103,12218004.997319225
-9684909.057842521,12223532.671503695
-9681555.335709376,12225698.218843702
-9677014.952091362,12228468.749346826
-9673805.817558166,12229896.196800986
-9670860.66649921,12229475.796819037
-9664788.473720167,12232166.062615644
-9658448.457717486,12233970.494789006
-9658269.944849081,12234678.285848483
-9657668.492186513,12235687.603461875
-9656768.569171255,12236904.396554738
-9652754.733203078,12239533.751141116
-9649203.956689755,12241457.119319785
-9643942.347859683,12243673.855151692
-9641635.014152909,12245458.011541791
-9645635.666281492,12245170.649848871
-9653001.527366908,12242175.63866125
-9671140.07066764,12233250.183904374
-9680703.036096957,12230014.678834874
-9688463.792770602,12226031.835955929
-9689156.750856606,12226593.73196736
-9685951.702837572,12229563.32220593
-9678822.72242106,12234382.070468405
-9680078.231952691,12236533.175190013
-9682378.723013116,12234748.875322685
-9688408.659210848,12228457.234790593
-9693675.51323182,12224797.343793806
-9705219.088730568,12218944.29780314
-9712797.610424025,12214256.612312578
-9715391.841282396,12212898.634888392
-9716677.453860354,12212931.569179393
-9714867.405539418,12215075.642641606
-9710554.868140163,12218804.535407763
-9706759.157840092,12222357.143244833
-9706605.039142009,12223880.486289484
-9701125.054966245,12227605.062869653
-9687803.085377758,12235176.494442215
-9685230.82912147,12237013.895186936
-9678382.252249787,12242231.790304013
-9676926.554157851,12243167.293784095
-9675621.171652017,12243566.239517553
-9672878.299043745,12245347.896956928
-9669479.009860361,12247825.130204605
-9666260.824861782,12250270.86734801
-9664926.858880004,12250756.551809013
-9649623.104531117,12259159.49472507
-9646056.503602587,12260570.01856688
-9644792.996882407,12261559.159792945
-9643290.885338776,12262791.878590772
-9641953.652422616,12263756.261787055
-9634561.58220556,12268206.952246984
-9601674.476748057,12271464.623474827
-9592589.515651133,12274813.328464253
-9581643.978799835,12280689.116830256
-9581618.437441451,12285011.809383778
-9583246.116346592,12285969.7362973
-9588250.845180616,12283698.964436773
-9593507.214583192,12280966.725563427
-9618516.351741543,12273025.798695238
-9624786.01555141,12276497.92489161
-9628573.129231513,12275351.946805608
-9652186.899555976,12260736.509431262
-9653772.30225998,12259857.118111549
-9655353.821946118,12259391.17124688
-9657889.627516499,12258191.915566724
-9662224.039549809,12255190.733619915
-9667455.067330766,12251318.91134835
-9669184.892099714,12250446.204727193
-9669782.126062887,12250692.458177632
-9671530.938315863,12250237.562909206
-9677343.040102916,12246892.385022443
-9683717.905607946,12242680.170470355
-9689073.616969401,12239400.488707593
-9691781.187152095,12238910.822932292
-9690389.597813198,12241012.257660152
-9686423.533893568,12243485.262396974
-9682918.114780392,12245051.280823285
-9682923.34330107,12244430.085495045
-9676617.264596984,12249502.855308333
-9675245.900890118,12251082.217162643
-9675407.6754007,12251686.255872436
-9673605.0683602,12253912.535013763
-9672635.518882664,12254904.978529504
-9671416.554855239,12256443.431348111
-9669092.16971722,12258236.988488302
-9658933.21827145,12263861.806250451
-9656596.018808799,12265630.254902601
-9641182.704049492,12274902.37979756
-9638932.442280164,12276147.823975561
-9637569.38043221,12276180.149883771
-9634701.437838608,12277271.157481903
-9631287.81977563,12278871.61670651
-9628144.847571542,12280531.99653737
-9620318.193389423,12285303.471419241
-9617015.774674185,12287134.880406467
-9615406.425951554,12287430.974951016
-9614117.074224748,12285959.59706724
-9611713.379976643,12286744.461631577
-9606839.630846214,12289823.505587332
-9600392.870610116,12300338.443437481
-9601336.65439115,12300810.679815523
-9605206.915555153,12298296.162749847
-9619277.135314036,12288595.915819073
-9623998.87951572,12285012.67329774
-9636656.636844113,12281896.510653207
-9638998.746201623,12282296.99322427
-9638277.186551018,12286256.769596275
-9637193.49607023,12287813.076135943
-9630654.842762522,12293666.448718283
-9629318.984366668,12295269.86424781
-9631970.472524349,12294189.5958973
-9635488.141500432,12291320.040429583
-9635903.644129476,12291548.580845067
-9634227.836145854,12293691.290502705
-9631655.843993228,12296431.99453091
-9630394.766350351,12298294.623568011
-9633382.512937404,12298188.183536466
-9632154.004574943,12300194.497048657
-9617312.45191624,12303676.794498255
-9614556.84045378,12306031.473494576
-9612404.424367845,12307940.895161469
-9610539.060271814,12309693.053135037
-9608688.83869767,12311549.486808637
-9604964.785787275,12314475.460256508
-9603881.19609639,12316052.352947215
-9604818.136383556,12316209.697818954
-9607337.786298603,12315187.244950218
-9608913.322662575,12313693.966508284
-9614032.436853733,12309261.875223508
-9614695.047520246,12309934.075191267
-9614301.251460806,12311493.37441918
-9613057.173557036,12313665.48981979
-9611115.871331256,12316221.74828152
-9606444.608366398,12318979.519170681
-9604737.96899068,12319846.32261611
-9603446.934562242,12320314.58057302
-9599863.905891135,12323300.588838924
-9597219.886468057,12325587.824735114
-9592025.460610725,12330311.973492524
-9590805.971685087,12330195.489030413
-9590582.232223574,12327487.058891024
-9589798.856452577,12327432.79744728
-9588463.915953696,12328341.08069393
-9586949.048613556,12329540.226963382
-9585570.476881955,12330401.068460928
-9580244.712365441,12332699.69009059
-9576346.012987016,12333590.335340511
-9574060.736067416,12333252.920711923
-9571897.014102384,12334091.053922119
-9567914.884573687,12336885.287936553
-9564669.472228087,12339794.943588741
-9564717.50972636,12340982.905116051
-9562597.583772788,12342582.995250026
-9555176.943368463,12345040.532589683
-9533353.311990738,12340005.0269306
-9530814.852895329,12344818.687657028
-9538012.496305058,12351592.328919603
-9536823.559823537,12355832.520376647
-9538285.338534292,12355256.022111872
-9542181.073819073,12352602.45132314
-9545132.505173754,12351047.752294006
-9554177.509965941,12347583.796131538
-9557742.150725396,12346774.386704791
-9559114.228457306,12347653.80031539
-9557142.329802185,12350965.208879456
-9554795.374885567,12352732.227633795
-9554186.835320579,12352938.789808752
-9551938.674885057,12354058.507395728
-9546287.461043408,12361805.798537437
-9545565.097811911,12364422.853985492
-9550876.573298363,12361349.380088164
-9554602.539104836,12359336.822443398
-9551814.786138333,12365103.915479157
-9554167.092844732,12364473.431572923
-9559429.469373334,12365911.491985451
-9562413.094475491,12364969.20422085
-9568683.582121931,12361606.077098316
-9575175.420099935,12358659.054123208
-9580368.358006118,12356782.421825105
-9582723.257654889,12356635.155696725
-9581784.012665343,12358105.734614931
-9578867.199649159,12360713.553440174
-9574976.184811307,12363720.350913828
-9571111.191560023,12366420.355601212
-9568119.996593768,12368067.711432336
-9555955.91107315,12372734.526582154
-9552874.099886687,12373502.019916039
-9548901.84097777,12375000.276372444
-9541844.285396013,12378857.591876749
-9543317.675478917,12379961.726280324
-9548329.869086528,12378981.991562145
-9555310.370526532,12376367.721977511
-9562680.108272517,12372552.713429473
-9570659.092119122,12368004.339628747
-9574307.994736666,12366176.260996912
-9576658.253553145,12365307.34700035
-9577235.790874334,12366334.813703828
-9572620.598803787,12372326.111607753
-9571522.625122687,12374134.16105294
-9568909.952805402,12375989.290244423
-9563078.194066893,12379986.640062269
-9557179.001058297,12383835.564234965
-9554366.206929259,12385252.172357133
-9553400.180684514,12385372.965506596
-9549683.232404241,12387167.670236332
-9548704.053731292,12387300.800600855
-9549215.170742206,12386436.015442647
-9550379.086793955,12385098.717669433
-9551186.887575053,12384016.935583837
-9550613.535579624,12383964.685820445
-9546535.809913728,12386494.722840907
-9544712.054781154,12388947.285343323
-9544413.322651219,12391808.461420557
-9546073.448740847,12391555.919036396
-9548755.388726097,12390311.073382337
-9550240.30968584,12390005.25572818
-9548228.036024434,12392646.045415478
-9542707.931707956,12396041.166065084
-9540500.39538046,12396621.804138392
-9538806.48771761,12396628.481426317
-9534732.473632568,12398377.206720129
-9533380.658285933,12400517.824774528
-9535912.899250703,12401628.591731535
-9533087.25263922,12404991.497268217
-9528481.275923342,12408879.84702923
-9522603.046364645,12413418.158334542
-9517487.038220992,12417005.160461435
-9515115.637371916,12418091.455560476
-9507227.471289814,12408112.229109036
-9507385.997826485,12408459.485011138
-9494569.220961653,12396231.26538492
-9492829.314167833,12396532.339497907
-9491697.847585281,12397147.885984663
-9486233.59432295,12400387.549593907
-9484787.99428287,12400982.08718898
-9478788.732215127,12394618.335023448
-9473961.854685377,12401750.84214821
-9474092.111120945,12405796.930076802
-9478217.8405661,12406871.213676836
-9488873.87618425,12404287.72625693
-9494994.193181492,12412053.632700624
-9499386.99062499,12410481.213728232
-9493708.982306484,12415263.124485577
-9492252.537333146,12417279.688611243
-9493407.742942054,12417585.352966988
-9495771.75074748,12417069.66069535
-9497364.304168062,12416470.99395428
-9499145.608807703,12415623.326989733
-9500676.219389599,12415011.953941919
-9501499.860460825,12415127.361076994
-9501427.833174212,12415969.831524953
-9499864.511392498,12419149.192519793
-9501471.661737861,12420566.753262304
-9504851.000166278,12420744.34199306
-9506589.547225632,12422055.60814657
-9503267.096010223,12426875.96967743
-9498012.586052494,12429151.263700856
-9489810.44717957,12433756.666248046
-9480160.33882749,12439667.374490373
-9470472.404638551,12445916.273762586
-9470701.812044797,12447147.524167754
-9472120.157748884,12447331.074389733
-9476309.246589638,12445109.584343687
-9484916.141752351,12439106.328845613
-9490391.469407465,12435620.281399002
-9497535.748570884,12431630.851070588
-9503853.224732798,12428402.320352152
-9506834.441465797,12427218.610811317
-9505795.90398889,12430229.583505211
-9499306.06940808,12434715.555052198
-9491468.576727612,12439270.663206587
-9486367.523533924,12442508.52303706
-9482453.609153688,12446973.934742166
-9489926.546076033,12444160.550924074
-9484571.595013663,12449108.818294585
-9477364.461591862,12451704.898280691
-9473101.037580488,12453752.512447717
-9467465.048277726,12456817.94731814
-9464998.581103856,12457525.409806175
-9467528.059623476,12453073.101512877
-9465973.329553587,12453261.436955573
-9462656.009842258,12454861.093575943
-9460353.456124341,12455476.892531559
-9447523.361549066,12449770.187157614
-9443615.63073672,12450655.39492867
-9436679.563658277,12454594.862663016
-9437632.896044567,12457807.389507426
-9452760.209782321,12462035.862767896
-9452826.77320698,12463126.031675907
-9451818.352591008,12465062.779400602
-9450031.80313071,12466957.174096175
-9442869.763628662,12473122.766087012
-9436825.98468127,12478516.300390791
-9430641.808633795,12483756.77437605
-9424272.018038195,12488314.71528725
-9417756.99086598,12491593.157318115
-9420497.158952404,12488395.25266621
-9417231.89133088,12489740.559208047
-9412129.019376844,12492546.861714616
-9409381.049202437,12493712.329730144
-9410034.911582941,12491872.201302473
-9414092.98580814,12486103.96797174
-9416376.702011254,12479974.83667461
-9417329.7076623,12479023.256358594
-9420206.393423479,12476787.536097797
-9420734.444760777,12476192.473306837
-9420225.781089935,12476127.674163792
-9418365.54623598,12476724.999387704
-9417874.358620977,12476790.140175482
-9402166.271947136,12469313.66261671
-9404674.58466373,12466793.00119917
-9410083.470118614,12463022.678116336
-9413767.54650008,12460334.548282282
-9411075.876241108,12461092.896007853
-9407527.013236338,12462948.185791263
-9402523.00970116,12465900.025098907
-9391296.873474902,12473008.447476462
-9389405.016840622,12476036.291690752
-9413372.481028315,12480886.491542377
-9412766.6669784,12483694.524689276
-9404399.837650362,12496679.0308664
-9405064.585577946,12498060.308206037
-9413677.396564547,12494894.07386366
-9416299.628332125,12494979.319833279
-9419534.267175794,12494253.23974232
-9426108.830430867,12489598.441290142
-9433835.84891135,12483279.978005018
-9454103.244021542,12465575.826253835
-9459008.652354019,12462094.489909636
-9461510.820720516,12462237.718651053
-9460673.586514106,12463660.73715531
-9456286.946062604,12468101.53550517
-9455365.969883697,12469282.398628812
-9454878.102500988,12470940.55068526
-9449425.456160055,12478254.930873318
-9449079.780909607,12484202.034610426
-9449462.448193232,12484430.047436526
-9450837.016247468,12483820.379176373
-9453111.49557178,12482231.285376295
-9456383.000008155,12479538.00618363
-9456626.10987081,12480016.137222247
-9456352.332634026,12480861.01613534
-9454784.636324828,12483228.422378467
-9451326.67311094,12485450.636158567
-9448913.613269543,12486733.07795804
-9447399.285309998,12487218.252423791
-9446711.518303819,12487004.203483047
-9444464.084096957,12488804.605027067
-9443496.87357456,12489613.232050596
-9442297.605717946,12490673.055872027
-9427515.35234645,12496991.619056078
-9421251.576225925,12500454.454360206
-9424881.439611658,12501195.821767993
-9423997.468072256,12502745.673532726
-9419350.147812285,12507583.556009242
-9406269.132029926,12525539.803441094
-9403874.52149245,12527264.249086536
-9398145.455898786,12528774.53950671
-9390620.18248347,12525088.31818554
-9388431.096634693,12526664.080683796
-9387492.196803475,12532359.699091125
-9391579.495684538,12532602.232717156
-9395002.268017622,12530625.656424407
-9398990.676049272,12530552.561525134
-9399201.932075845,12531437.02136977
-9395697.375721572,12534396.126464715
-9390573.429235075,12537875.237733822
-9385782.499477874,12540821.937651493
-9378192.208519826,12545065.842439655
-9372029.012359517,12547592.622571431
-9354557.41674236,12542633.443086507
-9351680.388988463,12545958.165653186
-9347101.463375984,12548551.949200546
-9330798.950370401,12553831.495218027
-9314881.373302763,12555594.034821
-9308412.679720262,12558194.264036281
-9306228.09367091,12559750.392132875
-9308890.312380826,12559168.307088371
-9312860.538463406,12561205.301748252
-9326949.844472624,12559858.730454786
-9351543.925101442,12550214.778056255
-9355468.961809369,12549885.766007053
-9358880.518735059,12551241.488365144
-9358129.796082297,12555145.066975724
-9349583.384015923,12562417.986357145
-9344141.123544615,12565489.520891516
-9345272.448060969,12563337.949953318
-9348247.6893279,12559799.165842
-9348288.677447136,12558748.790833805
-9342660.456959276,12562505.38056235
-9336508.61179212,12567376.636947315
-9331886.78231112,12570627.499420147
-9330751.00282451,12569590.18857885
-9328539.160000853,12571162.846426673
-9326944.790016316,12573372.767766332
-9324327.074255139,12576254.180673664
-9317806.92350967,12580698.350586437
-9314602.915356433,12584073.187163042
-9312402.443104016,12586681.04519235
-9308854.145816252,12588849.001091903
-9307314.46690527,12588732.758133613
-9307355.515458839,12587285.059852762
-9306367.10913977,12586749.642237829
-9301576.160420362,12589455.722228242
-9297726.283047028,12595502.103252202
-9297989.377966424,12596546.761463968
-9303016.979774475,12595972.30077615
-9303942.072217429,12596449.827637931
-9302282.07709027,12599867.874473272
-9293545.843418026,12610642.533462454
-9291800.310170228,12614096.78584284
-9283937.277404055,12617454.555470424
-9280549.205678236,12617424.790975425
-9279282.729606632,12610037.603765186
-9280418.389329374,12607885.109853351
-9287002.02430654,12599170.892815482
-9286927.798565973,12597799.062597424
-9283785.641478438,12598737.901930692
-9273029.74140264,12611223.564588532
-9268679.205050651,12612680.33828829
-9256354.851744926,12606933.864764253
-9259669.063867997,12601115.693068663
-9260148.536761956,12598975.578171667
-9251088.224435166,12602385.633829366
-9249877.68346273,12597169.388021657
-9243596.020290842,12598339.307957709
-9220020.469383046,12606315.012771878
-9218424.502558304,12605649.397368273
-9221990.680595601,12599890.515593918
-9222765.83010232,12597445.103167884
-9221536.611604013,12594218.607630134
-9222342.35272424,12592828.025300622
-9226791.734565474,12588534.90153511
-9228064.148011765,12586767.068860468
-9227566.732598973,12586189.701616341
-9225590.006947426,12586799.897664262
-9222500.139275651,12588277.885296324
-9218533.989659822,12590392.407339875
-9216306.225086464,12591101.086585112
-9216584.717991322,12588477.776310796
-9216013.366278397,12587858.836907016
-9201891.289236223,12592783.981532402
-9199576.731110167,12592543.601312717
-9199763.965926405,12588562.053719725
-9202343.240599338,12584845.409422891
-9208209.563274875,12579888.927002257
-9216494.766549123,12574016.47732811
-9220182.940201612,12571288.962915784
-9223761.823711038,12568476.214166649
-9225709.259346792,12566548.028951066
-9227044.688468039,12564870.443766769
-9228982.301828299,12563098.577898884
-9232636.388239834,12560952.702164732
-9235013.070208812,12559264.432907179
-9230986.95397611,12561007.79577524
-9226166.169558011,12564702.25235784
-9221383.609838275,12568886.524617536
-9217339.353494085,12572208.14067057
-9210805.344780216,12576685.077425754
-9205982.354593325,12579676.080465447
-9202191.599341644,12581707.833345823
-9198868.043977188,12583229.288884597
-9194723.822482921,12587203.796468463
-9194049.18161121,12589086.386171076
-9194436.932296123,12590312.165477963
-9193406.441941997,12592364.596620932
-9192205.94689721,12592911.961419316
-9189171.63105555,12594468.961282598
-9188024.961079406,12594968.431215359
-9185032.89688506,12599951.605689371
-9208677.658337569,12599572.754210027
-9211638.969921347,12602838.489121893
-9215327.192591626,12601848.1632041
-9207459.84393496,12606834.497953452
-9202829.560709005,12609488.131058024
-9182451.157349566,12619590.104054876
-9178285.702158429,12621402.330036378
-9174493.847797234,12622718.869925741
-9168078.107784308,12626935.22193058
-9161309.054482812,12630053.265015652
-9151401.94869491,12633570.938189877
-9148680.962102477,12637274.413418546
-9150526.505971024,12637850.995192729
-9155425.143081753,12636145.649198035
-9173446.363903405,12627164.637441348
-9177823.994735345,12625395.579911955
-9185247.394822402,12623653.705638856
-9186934.154425614,12622964.816773804
-9190091.178684073,12621289.016937234
-9193248.856804742,12619467.004173113
-9195764.299972942,12618194.922051875
-9198006.002210885,12618331.829164216
-9201935.977778535,12617292.104986563
-9203009.587535353,12617430.134740343
-9203309.6596949,12620290.270593395
-9204180.063855823,12620667.552261101
-9208338.02094887,12619373.174497314
-9220029.431608627,12614146.24667181
-9242174.8058491,12617264.667639857
-9264191.635231039,12620510.557443906
-9263625.168227464,12621384.470053887
-9260496.538131276,12624301.439052865
-9259589.76845162,12625551.462686127
-9261085.095859576,12630249.989285382
-9258550.526418116,12631614.423419634
-9257179.047560677,12633989.01046456
-9256971.27728438,12635697.84479311
-9255504.863807868,12638127.34818007
-9250428.858513003,12642614.806584442
-9247964.781033035,12643234.341139067
-9237011.56514609,12647862.615642698
-9235041.541939119,12648142.244457377
-9233659.182399511,12646737.857840206
-9234299.140854478,12642693.319884796
-9239884.43340652,12634609.560711408
-9240829.75419144,12631784.594698776
-9235547.929196905,12636955.62261606
-9226490.14895951,12647958.690953014
-9224292.603493366,12651589.700396283
-9223558.09647375,12654173.065011159
-9225737.937954867,12653895.71794643
-9230195.60522827,12651878.170381706
-9242987.349086937,12649158.082523974
-9243250.995704561,12650209.65736205
-9239861.127509836,12653228.314401316
-9231441.78991442,12658707.102274738
-9230242.942627111,12660510.558679538
-9232421.704413002,12662043.84303122
-9223702.396902792,12666093.067660898
-9219220.03999006,12665100.86009924
-9215073.194004852,12653160.84007693
-9216060.602228258,12651871.387344515
-9221150.045680244,12646550.02211229
-9225793.540157225,12642069.542850588
-9227174.364734462,12640096.197553728
-9227423.334496466,12635842.869211119
-9214874.457041802,12636803.123559669
-9212723.207948081,12637481.297108233
-9203743.925940333,12641515.171019962
-9202449.000525823,12641620.416289266
-9201508.353867464,12638815.464483753
-9202389.657585712,12637323.040035969
-9206914.744072244,12632487.219242992
-9207799.579159612,12630966.176764632
-9206543.527221994,12631405.56704709
-9201175.552031385,12633766.83378361
-9199886.458779568,12634057.525732704
-9199097.750553684,12633630.069281781
-9193770.149558123,12634456.66037358
-9191574.16335999,12635987.114666766
-9189543.538768185,12640170.736853853
-9194339.487283094,12643152.350366393
-9187362.278276032,12650674.971740471
-9185701.07339297,12650737.982021062
-9182956.764307067,12651754.960927546
-9175654.45000807,12655365.192414856
-9174548.177662829,12655819.638193574
-9172622.96480602,12656313.043235406
-9171561.084995896,12656794.241359685
-9168540.952543307,12658576.504966926
-9167229.113720728,12659424.841312535
-9166239.564592838,12660124.273397695
-9164186.832531564,12661460.913512044
-9162703.66985245,12662487.002181537
-9160347.8089686,12664461.45484427
-9158154.509270106,12666070.905796913
-9156288.621650726,12667115.658560487
-9154114.592917452,12667433.959638854
-9152835.966239959,12667897.899891028
-9144725.566144018,12672303.195342286
-9140738.365941787,12674306.110437047
-9138931.700678779,12674879.549435226
-9131996.575901583,12675051.745658567
-9130901.428752106,12673136.35661384
-9137755.73278467,12667232.934822034
-9141312.272694506,12663441.848439084
-9145620.417926963,12654178.848289961
-9143601.224464513,12653550.86814822
-9140085.061171236,12656988.665674122
-9138271.574942399,12659858.643471424
-9137723.925793014,12663222.808946086
-9135908.844276661,12665079.305735227
-9131257.4163176,12668455.018695358
-9125720.648475703,12672358.91177743
-9121423.67517473,12675688.707689675
-9126760.658139374,12669622.135032117
-9135120.5007399,12655736.178467311
-9134945.097000765,12655240.248664824
-9134331.550668426,12655169.647920812
-9134266.159693921,12654683.731947178
-9136972.154590396,12651308.91145015
-9136077.041115835,12649266.900001006
-9138136.556421328,12644739.216433048
-9137335.113617672,12643824.473415615
-9132115.26278198,12647378.845366996
-9130517.21262735,12647711.404499913
-9131049.692144642,12644484.05233748
-9130594.515393382,12644321.086687688
-9128821.61562564,12644670.301517462
-9128347.588384563,12644554.001393074
-9127315.051374787,12645011.85297947
-9125140.665495245,12646550.98101906
-9122768.77059346,12648283.705925955
-9121116.043692939,12649342.866877854
-9120132.033568544,12649446.110667843
-9118451.889363742,12648834.254660219
-9115033.917588362,12650162.454976013
-9114820.08028513,12649973.717483005
-9114167.238837132,12650196.51641907
-9111402.461576182,12652024.686754001
-9110191.763615996,12653063.082098283
-9109217.315579789,12654207.449963558
-9108578.883027827,12655195.505702885
-9108417.513907822,12655729.442393223
-9107054.012450095,12656550.461421104
-9104454.14413701,12658197.040283851
-9103298.83531644,12658902.237891061
-9104688.169420373,12659616.25839249
-9107435.879693443,12659106.034921885
-9116582.81395848,12656177.042748144
-9120587.602633184,12656127.679313745
-9125174.597422332,12654674.675816761
-9126097.205266237,12654755.745030884
-9126121.16677274,12656615.709105946
-9115156.06892722,12675792.47100548
-9110883.631452546,12680499.446603728
-9108468.68860972,12682159.23076404
-9106374.03245774,12682082.118408784
-9096962.367104221,12684078.662056297
-9092212.275591211,12683752.848404787
-9087704.65299283,12685078.948023098
-9080775.378076086,12688800.440144248
-9085439.98362211,12687472.830128606
-9090424.462835025,12690190.879071366
-9095731.30006695,12690113.926734544
-9094661.973124387,12692592.789151108
-9087305.118690629,12698701.373722559
-9085171.00688041,12699283.146428203
-9080874.413798856,12701115.2677765
-9075881.693735782,12703509.313068628
-9071614.13897005,12705804.328570578
-9075950.707401903,12706495.685552705
-9076689.662572606,12707980.44934532
-9073512.77714191,12711729.833214896
-9070977.096002081,12713024.432299921
-9069641.328797143,12716298.716210565
-9078177.258537348,12715905.000844171
-9071341.779527083,12722728.2052152
-9066484.488745507,12724423.835612915
-9055064.837098232,12729195.33033758
-9052540.400420142,12729152.853846753
-9052195.546728602,12725482.184335299
-9055526.384644663,12719969.287947478
-9056806.165705482,12714738.79235111
-9055443.873951418,12714815.796827573
-9048786.856119882,12717205.709448691
-9047136.490191111,12717478.635820625
-9044293.072225174,12718461.074056156
-9042486.794644812,12718740.922056442
-9045580.074936792,12715232.910580032
-9045195.981933793,12714758.351090575
-9043751.069815628,12715019.539851727
-9042096.645563578,12715607.0967408
-9039240.571189426,12719131.98523577
-9038639.65581862,12721123.171790889
-9042944.440757731,12723112.597866515
-9042246.43213715,12724886.777478458
-9038283.234440796,12730481.756304694
-9035858.831875868,12732123.826152235
-9025885.813780539,12728368.639072001
-9026562.033061571,12726873.58440314
-9030654.950558895,12722065.37670237
-9032001.289540205,12720057.006744511
-9033742.551561838,12714790.807856407
-9036700.115180932,12710834.989106128
-9043165.735705085,12704746.646527844
-9048713.385622377,12700182.734739352
-9068003.208550815,12685587.995440265
-9074461.6053615,12680467.17657865
-9094491.585393261,12663531.120380651
-9100181.532275701,12658269.076926036
-9110222.665067023,12643756.89443217
-9119418.689277397,12633111.49994527
-9120839.149233976,12630512.065375404
-9123473.906314654,12627010.503331315
-9124151.212712912,12624798.87414223
-9125132.962537616,12623263.593672836
-9140358.707400676,12604396.938278828
-9143820.463860756,12598617.440466167
-9140117.296086852,12597716.696252031
-9139984.301339708,12597405.726537626
-9134462.10093032,12601962.497686844
-9130996.968617352,12606022.203179993
-9128377.098123893,12609758.086566221
-9125239.214558454,12613449.914534116
-9122847.876128547,12615120.773261068
-9114260.767331835,12621128.46320115
-9110868.290577987,12626006.43087827
-9111085.16171181,12631138.263941282
-9104285.433604378,12637687.814450324
-9098680.582119765,12643811.05994397
-9097988.329354024,12644861.117436055
-9097181.093082352,12646966.181573508
-9090399.728555268,12656583.511809388
-9086990.814535202,12661029.76453666
-9083611.452923788,12664661.815316504
-9078426.120152712,12668795.357451262
-9074401.0520406,12671760.48580741
-9069715.221518831,12675461.979929255
-9059153.040509341,12684276.191566775
-9055523.74874563,12687118.313599117
-9051250.228623437,12690252.485082025
-9046625.6798815,12693401.74968362
-9040742.327710345,12697011.29960911
-9037408.999584299,12698586.433748726
-9035479.7620217,12698957.266543848
-9029432.553925643,12698646.203841588
-9026535.739658225,12699795.428736482
-9022328.756694393,12702850.229742687
-9020222.075167207,12705872.380193591
-9019564.67437078,12709503.982125608
-9020722.053980002,12709876.529903693
-9024777.386100156,12709162.244616412
-9025572.617934415,12709772.299320042
-9024711.186018316,12711380.084674943
-9022686.752880821,12713726.331501136
-9017190.206966847,12719061.624430094
-9009689.727501398,12723489.429061076
-9007061.94270207,12724899.517933708
-9004261.571315952,12726214.747157345
-9001725.116419312,12727003.682447804
-9000015.003482219,12727106.426962584
-8997772.156462505,12727668.352253161
-8993647.934717597,12729861.600919118
-8989356.310745213,12733547.504640186
-8984954.584470283,12735856.301814506
-8965122.039164612,12741630.170780187
-8962295.30265223,12744471.650398653
-8965695.207963973,12743805.460499698
-8971014.376630628,12742042.215258956
-8973966.682897564,12741563.067918621
-8976874.329699446,12743181.292749058
-8980659.374536943,12742520.3189812
-8986485.121305928,12739412.134740338
-8992394.19409552,12736073.704389347
-9000455.745178413,12732117.59297649
-9007557.241174242,12728972.971511949
-9010726.812524265,12727974.466907032
-9010852.757008778,12728783.40008361
-9010268.31290604,12729678.917473147
-9008605.454085367,12731198.421252053
-9005466.131850235,12733898.601902839
-9003419.141271275,12735915.062274694
-9004232.401740635,12735881.172480725
-9006043.447069176,12735245.66713968
-9007244.00702172,12735271.265678806
-9006806.204783874,12744600.149178803
-9005132.62816361,12746967.601923544
-9001587.456533358,12750285.246115617
-8995763.764822729,12754816.77535563
-8982510.214040168,12764458.979120158
-8977300.5921719,12768400.241157334
-8972014.424883407,12772735.307052575
-8964919.674277984,12779903.784354085
-8959713.575387362,12784497.477601137
-8953415.325668411,12788661.325192494
-8951975.856642198,12789844.782677485
-8948565.993913569,12792408.277854905
-8946321.616951145,12794160.41412167
-8943498.479816644,12795691.345012898
-8941223.715776104,12797459.649077017
-8936852.83356481,12801645.946589679
-8932929.325847521,12803484.0665361
-8928874.58913802,12805715.509765979
-8925060.137320017,12808195.265029391
-8921811.852814557,12810802.073020322
-8919722.251717852,12813515.960708348
-8920012.50009098,12814780.68394298
-8919080.823930517,12816730.150174526
-8913215.254673295,12821546.914880326
-8910095.668840438,12823446.966400089
-8905310.232447745,12826673.292036971
-8900146.102795681,12830281.311671203
-8895996.043670025,12833269.68180498
-8884595.731101533,12842779.121384932
-8881821.51688564,12844913.150015196
-8877847.787902286,12846870.560463106
-8865804.924816864,12850025.368340634
-8858091.138007982,12852828.392978894
-8853084.461574111,12855182.578151224
-8851733.411715906,12856685.172498778
-8851876.924113901,12857253.799909746
-8853665.507063426,12857485.014462244
-8858158.609995134,12855312.280103404
-8874766.237331154,12851727.21954103
-8875046.49567561,12851970.057452427
-8873622.755380899,12853344.741002684
-8871164.116931375,12855197.914279904
-8868903.650865741,12856824.660774026
-8867931.675906345,12857628.270663382
-8866394.72302107,12859241.659884071
-8862887.616100876,12862364.823525215
-8857290.03265044,12867072.140413228
-8853468.76325233,12869817.92656628
-8851572.002468247,12871646.347857738
-8851703.16567577,12872206.704495776
-8853893.9620756,12871198.230730042
-8855923.079446454,12869858.544763518
-8858402.017370366,12868065.829680339
-8860475.778914511,12866487.932282818
-8861362.795170177,12865743.734634506
-8862034.376616394,12864874.607525557
-8863966.879483333,12863629.627914203
-8866428.763862684,12862196.927023109
-8868687.726838928,12860763.20485972
-8876920.25824862,12854717.437324675
-8883818.508939713,12849261.140708853
-8888445.129908225,12844926.762776032
-8889985.749693371,12842190.90429426
-8893995.674277693,12840031.991420493
-8895702.436419882,12839725.568618119
-8897759.546463946,12840209.731435359
-8900429.378547335,12838457.576675657
-8902307.634888507,12834781.573923403
-8904492.736426458,12832337.498871546
-8910477.86742092,12827987.315934058
-8913506.277000321,12826052.72873751
-8919682.722782463,12822251.137152545
-8926303.484026061,12817994.57569406
-8932107.955076944,12814403.953361263
-8935293.08034997,12812352.926533807
-8936707.386441853,12810204.978432667
-8933417.008111866,12810444.607633011
-8926635.893547824,12810955.778481817
-8929400.019754225,12806939.657145925
-8936424.339952586,12803080.508144576
-8946788.815448705,12795213.16228797
-8951515.251164278,12793040.197668755
-8953125.910087435,12791356.093539758
-8955250.724826904,12789421.860264562
-8957872.90226972,12787238.932799198
-8960986.78764524,12784787.326712102
-8965244.858758241,12782840.33813406
-8974106.216208354,12779969.28849021
-8975906.296262471,12777204.193341326
-8976766.513789244,12774252.97200742
-8979232.050531568,12770424.125282183
-8985855.829850527,12765032.201415623
-8989897.812699055,12762696.870794045
-8992239.961646575,12761996.297969742
-8993958.267514613,12761824.198804412
-8996174.382390056,12761049.186439158
-9002036.684621902,12757648.804694286
-9004030.63306892,12755716.269223785
-9004357.563959224,12753387.566890081
-9007922.968048714,12749591.646689875
-9011870.589513725,12747175.269136183
-9015120.826688366,12746240.495258389
-9016696.397700539,12746843.01582147
-9015341.85605403,12748290.76453059
-9012144.358401893,12750550.61544303
-9008922.617224373,12752904.923129553
-9007623.908597866,12754546.938477645
-9009056.794799404,12754402.426904155
-9037827.201819168,12743439.107419524
-9042087.9103197,12742223.674051076
-9051171.76826699,12745140.666479995
-9056156.574294388,12742292.763887756
-9057303.856637761,12740800.651210627
-9055784.714885399,12740044.173782071
-9056714.283012072,12738588.10440916
-9059087.176122148,12736491.678203233
-9061612.242289752,12734798.17912109
-9062915.556366533,12734623.021637969
-9069765.408558073,12737131.659538036
-9067591.799791217,12741727.368186742
-9068072.833788952,12742454.237850247
-9050528.166623682,12752233.532469511
-9036326.123296566,12760986.205522412
-9031828.327328546,12762796.649909748
-9028788.800150944,12763394.195268674
-9025141.798609294,12765037.413656406
-9018492.70948909,12768785.441542996
-9018260.565415882,12767753.87999506
-9019324.075444285,12765620.775310075
-9016512.296660207,12766109.88937941
-9016327.284104615,12766683.640807714
-9014657.672399364,12768927.443558604
-9013489.68123601,12769500.037383711
-9010773.9250622,12770953.253558867
-9009591.988416359,12771537.153200304
-9007638.683997758,12774388.933647405
-9006467.34373265,12777162.239696093
-9006920.5929317,12778845.56453102
-9019906.242510041,12776912.901789596
-9024714.677309643,12775188.886207927
-9030436.725878809,12772178.635421028
-9039079.351919519,12767298.525857132
-9048423.407095088,12761758.054422662
-9056022.161482293,12756950.800604144
-9059675.174516767,12754865.751840798
-9060312.777587082,12755316.722903429
-9060261.341198849,12756342.82158309
-9061821.428671291,12756005.01559245
-9072234.952898927,12751092.894949015
-9075718.3935779,12749198.454812862
-9099366.371286072,12733903.157333894
-9103058.822719611,12731695.45283863
-9104616.606207786,12730829.620380474
-9108042.31786498,12728843.791460281
-9111538.474161347,12726986.837300267
-9114917.37071687,12726079.996660378
-9118552.333078576,12724095.993066773
-9122825.39963849,12721604.830861416
-9126116.852376182,12719814.091185361
-9139634.849051705,12714778.75709477
-9153573.112361738,12706616.154473945
-9158104.536380185,12705219.761582347
-9162607.804818545,12705723.56997633
-9165844.28343113,12704654.674511803
-9168608.07134342,12702873.395016003
-9170214.765589219,12701042.102462586
-9169967.454849174,12699840.292657314
-9172412.17719556,12698163.080494475
-9175998.49245743,12696412.720636519
-9180437.608541574,12693308.341361871
-9184475.47346153,12689954.19004773
-9186876.371291026,12687452.704150472
-9190434.266572302,12687495.326549849
-9193239.609546104,12686601.211498167
-9197709.189970355,12684461.721441844
-9206185.575092088,12680013.96733841
-9209940.351614686,12678228.691103514
-9213326.094991155,12676918.944893401
-9219239.40957225,12675320.188401422
-9221024.01338936,12675359.743754257
-9221899.848051334,12676251.83401264
-9221445.770023115,12679805.812138349
-9222850.532946149,12679679.57285194
-9224552.73852224,12677611.592699435
-9224798.145466153,12677118.836177643
-9226111.095707458,12676720.475202518
-9228048.961775761,12677077.250387134
-9228428.742698,12678841.50622123
-9231527.773456004,12678388.63283861
-9233229.321868967,12678498.756267505
-9234610.538304474,12678836.620669402
-9230314.270858575,12682350.142763434
-9225191.45000244,12685915.924386526
-9220962.551818652,12689636.398861146
-9218334.464621762,12691852.31993122
-9224355.22835215,12688447.207097463
-9224436.181065885,12689950.37814764
-9217395.587522678,12695361.993886694
-9212404.397172347,12699345.106032167
-9205696.279769516,12703215.957259987
-9198475.419081684,12706787.553822575
-9192249.966468217,12710832.57015692
-9186503.607411543,12715060.717621151
-9184652.668157522,12718411.966901084
-9179074.952024214,12721869.445821628
-9174355.931854144,12724084.152427044
-9168303.546202358,12727343.50384204
-9163290.309592573,12729936.279058645
-9158233.91309773,12735039.829545591
-9153571.480353735,12738756.384445824
-9148564.455425065,12742705.954686908
-9145122.148768738,12746356.742182674
-9140142.313627934,12750410.74869889
-9135030.385592623,12754034.439561207
-9132681.849167274,12754475.557539348
-9135689.723009208,12750740.446017971
-9136349.008898748,12748200.87867164
-9131688.533789184,12750880.847831246
-9128780.118190207,12752043.717656499
-9126712.691230975,12752516.395514183
-9124835.755712124,12752146.03408336
-9122765.44576824,12753320.602073995
-9120284.764046662,12755345.885283366
-9123233.071111813,12756015.559834935
-9122932.136030134,12757770.609917972
-9119504.225862226,12760107.468966143
-9117478.975448275,12761616.008136831
-9113516.965030944,12763538.592195313
-9115364.397826875,12764217.478235092
-9111094.398909908,12767896.816282256
-9105727.203989942,12770641.377262885
-9101274.415032104,12770866.139155054
-9098333.66218998,12770911.203048263
-9095891.155619366,12771722.283358492
-9092400.409287086,12773209.411136039
-9089123.455369927,12775033.560229622
-9088071.394878175,12775619.84334772
-9083155.664950205,12779167.099825066
-9086537.898262296,12777581.22317395
-9092630.530969955,12775015.695412345
-9091661.84113815,12777347.471402008
-9098084.74506811,12774023.93859488
-9096118.652945088,12777162.468134629
-9090747.916861681,12781319.950125705
-9085777.954551088,12785460.886808993
-9079306.88152818,12790096.902319955
-9076779.698355583,12791288.573550357
-9083771.494407428,12782689.78898469
-9082311.448788285,12781114.623724455
-9078025.7088559,12783718.733265866
-9075685.687888287,12785950.193076123
-9073214.917843815,12790804.613532323
-9071708.34937789,12792477.742717348
-9068272.898055779,12795055.579434851
-9064194.860329904,12797860.703567632
-9061535.730752403,12799905.044226669
-9060170.244748449,12801311.13493933
-9059914.464044198,12802242.346345806
-9047325.70960588,12809257.433705615
-9040072.764309393,12812076.862051217
-9036817.778163113,12811946.040691035
-9036186.993972605,12810100.074505456
-9037222.10133413,12807881.23585699
-9036785.28004096,12807422.756366763
-9034282.237756735,12808460.142744556
-9020212.997532386,12816242.032252304
-9018425.871174984,12817081.718623275
-9017638.278277624,12816941.072114427
-9018133.121671027,12815964.000237918
-9018917.089193057,12814925.69201903
-9018395.18688443,12814849.381673694
-9015018.953146743,12816738.575598871
-9015235.8259499,12817735.784733897
-9008313.59229653,12821587.180860808
-9004004.89102021,12823206.527092405
-8990707.115212485,12824200.539930472
-8990398.084086,12823718.810805507
-8990785.550532361,12821829.792591836
-8990093.16186999,12821450.52419999
-8986919.713192342,12821817.432104466
-8984950.420363247,12822510.828582404
-8982558.23922423,12823646.29180324
-8979970.1774101,12825033.860279037
-8977948.274345104,12825940.036778077
-8977169.164830975,12825702.411215665
-8978719.057983786,12823981.702410119
-8985248.386245621,12818935.974853644
-8986592.951414356,12817292.454161095
-8985969.259427208,12816428.759228315
-8984216.336785235,12816675.799855273
-8980670.777839432,12818230.451150473
-8974638.67498254,12821305.717488596
-8969983.757033525,12823319.539610792
-8961912.216883037,12826122.603135424
-8956581.56200204,12829143.897674195
-8951621.38768814,12831721.474232648
-8946909.762856094,12833256.804143453
-8943383.284676371,12833858.707582664
-8940293.75137688,12833445.259514999
-8936467.07258336,12834430.092115464
-8931398.464114267,12836312.337679265
-8926067.05757861,12838723.550518805
-8922160.776167253,12842808.087787276
-8925596.238815732,12841898.898817088
-8931404.787837155,12839504.260375138
-8934669.304846033,12839092.004569635
-8931845.97715758,12843985.641448434
-8933027.221556177,12844216.090770066
-8936023.862430332,12842867.017214736
-8937637.04651532,12841214.0705644
-8940236.673429377,12837544.464889502
-8946292.218373427,12837464.375971042
-8949591.419235993,12836253.065154916
-8953422.507647078,12834561.446928158
-8969362.93625402,12829445.070491573
-8976809.925140897,12829057.374960776
-8978231.191065747,12830456.943348307
-8976656.750786219,12830873.702891672
-8974463.935731284,12831767.904924601
-8971614.085992286,12833192.42570417
-8967997.09228455,12835258.489897054
-8967413.868153505,12836588.296506563
-8965157.365360714,12838034.6855962
-8959215.454885783,12840846.766335823
-8956405.364497762,12842372.803178262
-8949729.064942772,12846284.838157628
-8948048.657832174,12847210.019792533
-8947178.766507264,12847145.550947536
-8947418.526194515,12844309.918658039
-8946577.26729036,12844153.014814705
-8944686.597194016,12844881.740726337
-8939382.199165648,12847437.360017993
-8935232.268475017,12854241.657607595
-8929446.811014289,12860150.427406311
-8928585.38233058,12861473.762617322
-8929349.534527397,12861932.634424573
-8931072.705371978,12861534.433200095
-8934382.757476432,12859835.814403048
-8939891.712811997,12856401.71030676
-8943580.412589077,12854269.802318465
-8945698.907579724,12853433.535445394
-8948335.71489427,12852033.161957346
-8953627.892319744,12848205.593118351
-8955772.46329586,12848523.025364272
-8959320.788959969,12847951.688737206
-8964662.92533053,12846026.181907136
-8972067.3562077,12842339.907097181
-8972344.972711664,12841505.877369108
-8971868.158487424,12840913.206550023
-8972305.453257663,12839809.36985183
-8975389.639577964,12837428.415227473
-8980104.583199952,12834042.74439476
-8984371.328186927,12829915.76750162
-8988699.618789649,12826627.275729585
-8989883.641729768,12826423.798063403
-8991336.766775873,12826681.999697061
-8991380.584781595,12827269.288902696
-8989159.813339714,12828736.29419208
-8986534.194562675,12829654.278364664
-8980975.73025343,12835209.48494153
-8979657.247778203,12837139.144798128
-8981094.226114376,12837192.729568904
-8985659.120307112,12835059.34501012
-8989094.569513593,12832739.975862853
-8992575.09428421,12830161.348391216
-8997304.555930616,12827220.804000162
-8999652.754344014,12826338.924040858
-9007960.157056432,12824331.161303513
-9008342.345914159,12824549.02524871
-9010735.060965108,12824271.0177878
-9011168.342710232,12826334.044335933
-9016334.707715677,12826022.120323408
-9017129.66471013,12826709.071658915
-9015970.845610362,12828494.696188103
-9012773.825656455,12830223.408105647
-9006810.564865295,12832338.552594202
-9002380.589601565,12831966.890295824
-8999943.472085042,12832577.474823363
-8998469.038270101,12833224.950495135
-8993199.936967462,12835854.518151404
-8985738.433789266,12839215.393703127
-8983363.313730309,12841749.78104059
-8979454.843929878,12846803.408769187
-8978879.32108237,12848185.886968156
-8976561.65413201,12850383.045197308
-8972194.971507963,12853870.131417781
-8970071.935538175,12855971.16078467
-8974428.095979527,12854043.112653488
-8985502.04751419,12845059.311206978
-8997345.141434733,12839292.56774944
-9015407.603017926,12833345.843565391
-9013188.19144058,12835552.377826292
-9011496.863039225,12837651.623173082
-9008778.23314589,12840052.267285021
-9003568.260271763,12843108.081648637
-9000523.371048931,12842963.933745805
-8992839.049475817,12846656.733446494
-8986218.964758039,12854437.792274153
-8982226.740013044,12857523.012004845
-8975930.413514018,12861262.208182335
-8973260.669369584,12862084.052796993
-8970559.274553519,12861667.077029416
-8964684.972694237,12863382.975467134
-8963066.619037166,12863347.813276136
-8962345.221858358,12862348.972967466
-8960916.543684809,12862356.572204081
-8957577.273212284,12863332.194889084
-8953308.829121858,12865012.044234857
-8949048.992714005,12867167.75267405
-8946976.064015519,12869636.183504526
-8947635.3988607,12873158.386902904
-8942150.300294705,12875779.90046229
-8937631.939545628,12878246.403263696
-8934962.745299013,12880315.735974666
-8935035.87131024,12881718.851470685
-8940448.4214968,12880345.627431905
-8941727.060369553,12880370.52714973
-8938027.275276195,12882897.93936393
-8934402.127143132,12886413.08299913
-8933550.038095286,12887392.53913257
-8929067.63369188,12889518.998564266
-8925383.96773099,12891111.899110429
-8921060.75361131,12898390.250371998
-8915621.243497018,12903957.698827144
-8906390.97851287,12909599.375044828
-8903369.830631569,12910508.923002882
-8902655.705313168,12909657.394914487
-8903429.852890836,12906690.797240153
-8904070.911696034,12905706.318052538
-8905329.84673167,12904290.320634864
-8905831.640897442,12903365.586898662
-8904203.640533684,12903863.21746023
-8902200.840271084,12904673.937777502
-8900255.501072843,12905241.210671503
-8897708.23680407,12905562.943057457
-8894964.288937066,12907334.481803559
-8895271.58468363,12908076.65920419
-8898163.551992128,12907855.812140549
-8898235.97328713,12908678.937485248
-8896452.192119565,12910603.329349108
-8893793.623459298,12912711.010199863
-8888254.269330084,12916686.319702037
-8885815.012512537,12918642.378807973
-8884113.300289601,12920091.090723442
-8882086.596610479,12921560.945126275
-8878627.26004327,12923606.036023736
-8876332.267960668,12924628.428772623
-8870302.245909397,12926271.95640523
-8840953.884357786,12940025.562939478
-8826689.49590369,12945713.94042083
-8826954.254213275,12946770.41716202
-8831517.987785261,12945537.498393461
-8837900.750603288,12943075.383893544
-8849923.325259766,12937456.299448686
-8862205.647647537,12932526.98264853
-8863342.826869763,12932684.045512736
-8866527.955549058,12931708.978673989
-8868989.36739168,12931338.775097698
-8870595.209135579,12931571.77491897
-8871257.289539289,12932371.12439295
-8870269.21523801,12934145.747700725
-8867866.073483944,12936402.115491519
-8865397.132634351,12938007.22547539
-8864138.530125607,12937883.73792642
-8859454.662418805,12939189.01450299
-8849483.632375604,12943310.075219935
-8839758.335057866,12948180.231037093
-8835836.913571417,12951739.93935801
-8830230.144634722,12954151.131085224
-8825301.607146947,12957185.944591822
-8822537.926512722,12959670.645018773
-8823456.90324013,12960408.060067736
-8825383.959911581,12959785.85332262
-8831433.044924853,12957286.086958855
-8833787.893608093,12956468.133148802
-8837561.605025468,12955794.359188508
-8839318.555555694,12955229.539065495
-8835393.266868472,12958399.51571572
-8830316.544893181,12961944.774586698
-8824710.812554404,12965428.215665873
-8819125.333369028,12968467.770415816
-8822072.772605116,12967849.722799374
-8828823.768068887,12964191.892760286
-8836756.002631709,12959561.271563787
-8843276.935107378,12955996.562305726
-8862659.878625171,12946315.213705521
-8867514.784357596,12944181.595574467
-8869645.289366346,12943487.282118823
-8870444.69490751,12943504.698193368
-8870562.974861918,12944699.853521068
-8875110.267064035,12943502.180169214
-8876059.16760311,12943784.330498446
-8871992.837873956,12946113.885357339
-8866186.311236484,12948778.505012581
-8857713.749628035,12952121.804030858
-8852815.455251293,12954288.59452532
-8852962.417182242,12955371.47888126
-8850773.964915544,12956342.411189131
-8849178.521209497,12956899.312807595
-8848146.408293186,12957063.600941448
-8847721.700590303,12956802.796718143
-8844988.814963914,12958541.503154261
-8842615.90783934,12961154.771030344
-8840329.962887848,12962607.31238176
-8839676.353048092,12962809.447212333
-8837502.557762299,12963641.652757328
-8835272.224516483,12966131.320865734
-8836844.987051437,12966027.999347752
-8839569.471726438,12965075.816206677
-8840656.563386334,12965097.318997666
-8839129.234026795,12966801.092994433
-8830735.566071559,12974426.954662442
-8828445.314433148,12975876.746163087
-8822167.05668969,12978744.755752204
-8817145.834216082,12980413.754499555
-8813816.884825682,12980891.122116303
-8812508.170216748,12980232.538424522
-8809929.140194036,12980394.769045133
-8799070.348889241,12984159.740903113
-8796492.47360074,12984082.657026863
-8794022.97413997,12982244.409319665
-8788167.444875482,12982741.598516354
-8773254.71606118,12987754.013458567
-8762468.78014126,12988114.79769423
-8761187.241856752,12985925.690495756
-8759455.328784866,12986298.187554363
-8755060.180527493,12988247.143455317
-8753474.361417819,12988845.505174976
-8749266.660146026,12990057.160271695
-8748405.117454657,12990159.81968599
-8747580.140740259,12989953.087110087
-8743051.726924025,12990967.755813492
-8740497.362930633,12991936.647831183
-8738127.814484185,12993171.361366382
-8732546.990753157,12996441.580603551
-8730190.157117648,12997650.801950136
-8726559.967217984,12998349.663198285
-8727587.334129816,12994055.262720214
-8724488.47235602,12994418.564536849
-8724141.067911241,12996014.89097566
-8718877.765633224,13001431.007897822
-8717657.432606122,13003437.70545313
-8720214.576482706,13004800.120945252
-8719242.60921818,13006778.04561243
-8713348.80248404,13011580.63671625
-8706351.665405763,13014329.149957087
-8693534.409165153,13016348.650082914
-8691985.22172655,13015910.42607377
-8686451.769124862,13018222.981412506
-8682330.220107416,13019174.818752436
-8667753.444486387,13017535.978819776
-8657453.471132785,13004208.286946269
-8659739.279002784,13000838.378333597
-8660099.481901903,12999516.246327914
-8654477.572342599,13000526.064512696
-8654768.690147119,12998002.963600298
-8657263.856079621,12994088.6686794
-8660262.322285976,12990544.885003647
-8676469.196147578,12974478.69091771
-8682294.76957908,12967516.153677722
-8682947.688718678,12963570.412679868
-8676559.442007229,12959734.879520094
-8674985.974134784,12961087.525318585
-8673155.311337221,12962561.863463445
-8671254.274205465,12964019.995637376
-8669411.203937864,12965361.097061936
-8673398.940714581,12969959.159782141
-8677957.55366036,12970396.103129499
-8676901.011452414,12972646.389438048
-8669300.087983124,12978525.944235507
-8666311.26651453,12978611.006045146
-8666809.931068607,12974710.712059533
-8665355.529237842,12973899.785380526
-8663108.410448333,12975311.776570097
-8663065.052559158,12975753.441408752
-8660905.594707329,12978184.027260473
-8657265.036410512,12980324.444705743
-8656457.746889504,12980753.301583882
-8655681.656851836,12981089.486114826
-8654562.917787524,12986428.963915007
-8656560.220001174,12987738.446830878
-8662335.036350923,12985529.540666714
-8658459.145476237,12989251.891643906
-8653695.69056459,12993445.891843133
-8649685.837153995,12997297.202806385
-8648190.436181318,12999922.986780636
-8652227.205343893,13002831.597168572
-8646260.454879941,13017899.127098475
-8655797.792263672,13022223.500459192
-8699569.996431794,13020879.069091847
-8700399.301452663,13021553.737063026
-8693951.025213914,13027321.819799742
-8696178.293938687,13027117.087307945
-8711594.394734304,13015138.403228186
-8720667.381942162,13008688.726173297
-8730866.700800184,13002472.146937665
-8733142.98695012,12999968.777505666
-8738338.34407918,12997501.778979203
-8751401.063036654,12992772.372106591
-8754604.431856273,12993808.018433267
-8758279.876634374,12992628.518537702
-8760834.489370285,12992132.729302794
-8760275.233652331,12997425.184245951
-8762739.499375263,12996629.270486875
-8773418.493249537,12991550.67149965
-8775886.006206086,12990647.663455477
-8780946.062072068,12989553.099445919
-8782866.095312005,12989663.960560137
-8783735.531319926,12990404.803960692
-8783338.266113264,12993412.701984085
-8784724.347270511,12993673.941486692
-8801179.567590386,12987885.776960373
-8802415.833609158,12988113.898794338
-8800560.906419229,12989965.302522123
-8787874.997559203,13000315.447371036
-8783618.97904141,13002290.21246415
-8774766.407020189,13005490.76975636
-8772291.935860686,13007451.680061886
-8759176.209034981,13013083.603396723
-8755758.955929436,13014789.330317868
-8753513.665405648,13016797.896500653
-8756639.727271477,13016226.281719826
-8761903.668534249,13014401.693028571
-8770295.775025308,13010988.854815545
-8773304.35726941,13010361.844593773
-8774419.266579278,13010891.06534295
-8772871.415309284,13012734.389302518
-8767057.759191265,13017088.317816794
-8764219.543669563,13018397.257262826
-8760091.415937848,13018840.653289814
-8754816.166704938,13023927.955742307
-8752745.397297148,13025712.521284856
-8741781.729827931,13030501.410727922
-8730378.684174087,13034857.101346008
-8716712.055942126,13041100.094337525
-8698875.097903578,13051575.987700507
-8705814.51397109,13048918.566805083
-8714283.704624444,13045100.818652555
-8721810.962646622,13041082.385059096
-8725608.049840359,13039169.45150634
-8727284.28463528,13038709.004493184
-8728469.195408411,13038767.1197951
-8731340.973073762,13037818.967933107
-8735079.003301447,13036270.326809622
-8738891.119794441,13034496.285974918
-8741014.705894802,13033386.622816175
-8743789.28410939,13031760.163645804
-8745254.224400053,13031088.134422533
-8746799.587408416,13030584.818122372
-8749072.924907023,13030187.067830408
-8750462.674756903,13029722.330087984
-8754307.436715366,13027941.580439059
-8758184.865604304,13026002.846104816
-8761433.098289875,13024477.44215656
-8763301.84464994,13024010.806321846
-8763032.862272402,13025177.077509489
-8760358.166544808,13027199.754854348
-8757322.77818317,13029291.446889019
-8755908.961202217,13030681.395427255
-8754890.849305097,13033087.996908162
-8751347.547936497,13036636.03362374
-8745017.982026001,13041065.85602112
-8735718.865936931,13046058.18798879
-8736592.638864817,13044415.551595544
-8732211.21398481,13045154.946237558
-8719977.37405161,13049043.879491339
-8720883.467219407,13050312.194468979
-8729405.44709786,13048852.280815095
-8728424.248702507,13051320.923324173
-8722676.869919114,13053484.265090562
-8706695.572094308,13056480.50630582
-8701587.71537604,13055794.045241682
-8696713.012662442,13057034.600410571
-8694201.751124367,13060016.208128434
-8696605.685090879,13060293.137744538
-8707742.766018752,13057965.944767175
-8712627.712104706,13058020.28662214
-8712882.32654402,13059391.734971212
-8700235.766025001,13066257.387565676
-8693035.874989716,13068791.738990448
-8684523.234753331,13069742.27517246
-8682185.819544084,13073128.232067443
-8682191.508684818,13073803.709399683
-8669747.9980715,13080787.763283765
-8656219.967488822,13089124.32726364
-8649945.192850888,13093675.765205758
-8659273.86430212,13089311.623380719
-8685296.086881405,13075573.499374632
-8696001.691572487,13070562.818970194
-8700433.651092121,13069865.21510051
-8699307.712705102,13071284.292205388
-8694178.980426373,13075829.147105172
-8693016.349423511,13077224.463895032
-8693681.009400396,13077494.508580655
-8696865.98817221,13076856.753866391
-8703405.934804058,13077687.724655561
-8700643.591381406,13089694.434830545
-8696693.328438168,13094767.128824748
-8680964.970805284,13099473.194227947
-8676997.74279642,13098977.718501633
-8674638.066999054,13096203.243894516
-8671786.059815813,13096485.445235146
-8667983.961312229,13097421.943411134
-8659597.820170349,13100391.603060903
-8655313.788017526,13100338.551818743
-8652368.032200202,13100911.527920226
-8650005.304700805,13103611.681263145
-8649589.269909851,13104535.601745574
-8649733.45582312,13105132.162416393
-8650857.524634805,13105065.05402399
-8654218.021303616,13104111.643292068
-8661414.610127572,13104018.83916706
-8670591.441658145,13101222.93508854
-8673536.189116523,13101905.70488164
-8676651.076807857,13106990.064282293
-8675483.570025276,13108832.56908307
-8672313.021635702,13110885.339166665
-8670742.704317342,13111338.545098372
-8670934.97078145,13109280.513852064
-8669838.20303846,13109516.91736946
-8666491.036764814,13110701.528762
-8664968.051807726,13110821.962593809
-8661423.58889302,13112121.349381892
-8659956.155464476,13111752.137091946
-8656705.394237557,13112311.449598188
-8650630.71467065,13111956.996275246
-8647774.143150464,13112625.36734042
-8649866.455190625,13113249.885854138
-8649984.897088308,13114090.859592972
-8647948.188074961,13116246.931531979
-8644868.91020563,13117459.62618937
-8633730.057711767,13122807.864563886
-8629880.135094855,13124191.478910936
-8627868.694424815,13123168.168426644
-8621607.14653317,13123705.632852301
-8619224.245664092,13122880.347210575
-8620094.451077525,13121277.024039842
-8622405.129358875,13118872.331797326
-8623716.02882773,13117101.970011724
-8621559.11671358,13117423.122944893
-8618870.870108625,13119445.426370908
-8617477.49069264,13120563.622399209
-8616544.386349367,13121525.95985813
-8611051.916039545,13123746.815505259
-8606030.685895601,13124549.204547403
-8600885.255146252,13123458.49455895
-8603520.43888494,13119581.967198445
-8615467.78653844,13107801.461432736
-8622667.991985904,13094935.159179062
-8622281.39467937,13092530.325643135
-8623601.256868029,13090548.893620212
-8627310.918558072,13087307.371469561
-8629238.832554534,13085991.116275173
-8633285.058036674,13083548.27087471
-8635085.143860063,13082227.199453568
-8636053.77210575,13081360.844538122
-8637256.855905972,13080109.226249767
-8637003.838321371,13079769.294689383
-8633603.781510841,13081622.560587004
-8628680.29063354,13084162.924615622
-8625522.66326278,13085009.69546523
-8621823.155542118,13085131.724438995
-8619299.805310512,13086670.335929574
-8615592.247597462,13091276.232724646
-8608620.823970223,13095565.423196722
-8600687.268149847,13098967.863943985
-8593993.960634744,13100956.368733637
-8574321.099147536,13101106.24326134
-8574100.50762271,13098808.853294611
-8576858.267338261,13094736.536360376
-8581978.673327884,13089143.978296412
-8595436.334437072,13077381.399870774
-8599914.887211438,13072784.917931188
-8596521.192296436,13073316.450484164
-8587680.940398,13080569.07314509
-8576212.361386806,13091852.817062583
-8572181.89911011,13095345.896169443
-8567005.039644537,13099328.078966117
-8560027.171222039,13101993.182635257
-8554811.805159856,13103372.073486853
-8548506.102544833,13103568.872165123
-8546470.710255655,13104799.77031277
-8548722.278657204,13106959.00440261
-8574366.824550092,13106985.649512924
-8577315.265925376,13110231.58077594
-8580459.912885688,13109881.1677884
-8586350.56834338,13107786.224104123
-8608578.156994846,13096922.020145215
-8612123.479412425,13095651.38507118
-8613007.934815379,13105943.127633296
-8611322.108770594,13108562.986627992
-8606650.013315134,13112622.027846312
-8597377.782073546,13120128.613855403
-8593501.217150973,13122564.480697587
-8587587.412157115,13125005.225667508
-8580042.213618046,13126657.34092941
-8574977.85929725,13131932.5121438
-8575025.213643454,13132733.228486612
-8591890.035769032,13128682.994209925
-8593141.150109785,13129253.692524828
-8590347.415226463,13132213.916697673
-8581959.223057672,13139441.995473469
-8580560.129700374,13141483.88940809
-8585874.292294683,13138195.239714717
-8598362.430847915,13129596.390922708
-8598936.35413494,13130735.4199711
-8606795.552965127,13129049.929791173
-8613420.581870083,13129313.83269417
-8617813.829873916,13127909.481761115
-8619327.518206652,13128997.496908039
-8631420.078035258,13129783.792363118
-8631746.728910934,13131036.388300657
-8630611.118356993,13133157.638322044
-8627627.464777742,13136257.831345208
-8620698.314689301,13139728.017059444
-8619865.775282662,13138924.066605946
-8622355.85382145,13134652.71626302
-8620637.431028545,13135661.467418384
-8620184.001106812,13136006.768288538
-8620188.86352034,13136141.777493821
-8619814.141671497,13136518.463174641
-8617020.114775674,13138738.49763981
-8612339.422437994,13147286.819069475
-8609537.447612545,13148968.099951856
-8596900.253233382,13149372.058663074
-8591714.147162033,13150508.041833667
-8570625.187974265,13151328.953336753
-8565206.485474499,13157030.063123941
-8570535.756657418,13156890.880294811
-8579177.25605841,13154822.839492802
-8586125.051433781,13155649.377083566
-8602111.111402327,13153052.746605376
-8599546.814819496,13154367.973092001
-8596999.52188895,13155746.56706578
-8596355.54553436,13158664.470837338
-8597073.196221082,13159029.358955368
-8599007.307359232,13158525.059918858
-8603815.287184427,13156669.955913205
-8604790.019191988,13156794.081487983
-8603586.05368675,13159202.442389663
-8599999.884098321,13163223.427765785
-8594295.710136201,13168247.083336707
-8586727.97912346,13173648.46257408
-8586073.90371571,13172755.296160286
-8583283.091155274,13173380.789422661
-8579729.358378885,13174521.149238631
-8576662.775762966,13175223.34268797
-8575762.663716212,13174536.729617722
-8578911.472677777,13168940.353347765
-8571029.972552901,13163520.889543459
-8567807.073191311,13168136.333719946
-8573816.6639982,13172903.03552774
-8571253.558110524,13174428.046940798
-8570164.808580637,13174695.364724373
-8568879.326602917,13175188.268571422
-8566111.580815088,13176390.6400073
-8571183.758190477,13180490.842748776
-8566198.806565747,13185449.708565673
-8550127.31318728,13190572.176623372
-8522233.081440829,13192481.945025668
-8514835.89774063,13190971.459017938
-8480748.60929888,13197467.87650125
-8469339.84507114,13203043.281405035
-8462115.628481783,13207024.000108397
-8457495.532578092,13209065.258914763
-8454617.44388998,13209830.379178897
-8432935.855616603,13212065.939012928
-8413756.880623965,13216869.548234776
-8410024.19186101,13212765.61014664
-8395572.219584549,13211427.537319744
-8396355.149407832,13208320.87707565
-8395161.477921173,13207750.735733248
-8390297.251167048,13209888.14842027
-8390329.33239946,13210847.889974043
-8388708.329186084,13212966.808065329
-8385988.9999678945,13215540.809651172
-8382637.785699705,13217901.439609218
-8377649.880098689,13220415.633083206
-8372807.352894334,13222348.696497668
-8367073.870511798,13224086.556846878
-8360625.516995123,13227539.008201485
-8351627.230405962,13231087.26026598
-8337802.510558307,13235734.00741494
-8333059.15287588,13236646.485628337
-8326182.171765459,13234687.708846426
-8314373.783800654,13235883.893426215
-8313659.835607727,13228270.173506713
-8312309.7223688075,13228349.702428043
-8307450.690473761,13230366.485819973
-8307193.9674761845,13231772.592661945
-8305885.955777404,13233852.73564275
-8303502.941337975,13236487.668260936
-8299930.662348914,13239589.22416395
-8290777.652670331,13241475.260504851
-8285908.94992749,13243301.643509157
-8283753.220611018,13243641.163350321
-8279412.741896167,13243292.910405537
-8276959.832576541,13244409.957517875
-8261171.747512133,13249504.552313438
-8258797.415496334,13249574.27487961
-8258564.318103745,13245839.279559067
-8263465.096169961,13239891.743458271
-8263304.22058103,13238932.028555494
-8257877.909028371,13243241.534641573
-8253637.951139175,13246960.180902602
-8247498.780428767,13248821.968488868
-8249992.363246494,13244230.762858603
-8265247.659205651,13227210.692801315
-8261008.596773257,13220825.833238121
-8257366.113727738,13220748.141491106
-8256502.791167567,13220114.177407099
-8257496.744714608,13218015.226031272
-8262404.77533133,13212218.970050279
-8263018.232330219,13201437.314403145
-8257125.480885629,13203283.794956325
-8253722.515105139,13218741.126641706
-8247698.299718103,13226383.714336284
-8250524.99630594,13225834.406459695
-8256996.436061864,13223880.723725913
-8256923.714773304,13226221.829002839
-8237864.621269396,13249013.378934082
-8226666.912406997,13253002.164941534
-8217609.188733876,13252452.403300477
-8208379.476710779,13254314.963502826
-8206468.783446311,13253047.16404079
-8200210.013951367,13254563.838372087
-8198720.416502557,13254707.884099755
-8198268.792925661,13253185.81439749
-8202369.412508818,13247398.970032975
-8202296.311700219,13243079.84851313
-8202293.963281056,13242375.95515041
-8202089.518151086,13233422.683676528
-8211327.22504709,13219550.304201208
-8210676.49229186,13216206.238327019
-8205396.828129891,13216137.54563155
-8201920.658246668,13219654.608242631
-8200647.159652361,13224170.906474078
-8202899.735538711,13227863.059050964
-8201875.936731577,13229628.066891996
-8195609.572129871,13236634.225269875
-8194992.2065536,13240037.837185804
-8197648.2326616,13242774.705650147
-8200892.495347575,13242680.157971276
-8201029.491753011,13243139.763110597
-8201000.678177022,13243848.998574365
-8200868.506240295,13244809.13553674
-8195494.388533347,13250911.043470921
-8196257.967320994,13253663.01470589
-8193507.525270657,13255233.6478371
-8192087.185422992,13255085.198816583
-8187369.9856895525,13255952.296269309
-8185707.572229999,13255915.645097438
-8185584.762504113,13252312.639693879
-8176919.7774419505,13247957.167326987
-8174496.623951364,13248429.832612257
-8171616.693127963,13251817.839734962
-8186144.792564823,13257410.161301577
-8194653.626406248,13256061.806915423
-8197352.417739109,13256984.456476312
-8200925.635910178,13256522.958631933
-8201743.541256297,13256802.056613268
-8201678.798770276,13259707.734673243
-8205359.769574851,13261722.58676824
-8228924.931328944,13258412.751123758
-8230420.052055943,13259209.339358693
-8230210.492099281,13261687.566977724
-8231956.205698525,13261267.973206058
-8238017.89306918,13259226.947080156
-8246114.475213933,13260005.186838657
-8259877.029522178,13256077.618734961
-8263003.14087513,13257524.977453308
-8266682.462655213,13257076.884052828
-8307150.654846408,13245116.824292284
-8330556.845593418,13244880.064725991
-8344344.309361368,13239764.206822496
-8373628.967702073,13226549.76733266
-8384586.504032136,13222337.168725703
-8398101.860770166,13221677.781593578
-8398381.266924784,13222657.59459959
-8448396.088587105,13215385.286352444
-8485893.767298391,13202127.551009668
-8504276.21130731,13197682.807669306
-8537421.389330242,13196571.961802037
-8540519.979069738,13199911.45074619
-8532634.727119017,13212466.954921829
-8532755.366498385,13215070.320207655
-8522390.192321233,13214562.327120002
-8522314.940083992,13212477.55899484
-8519971.925094897,13213853.943737375
-8527360.284535713,13218926.939932318
-8522870.271426583,13220214.484224612
-8515424.513685199,13222935.928592138
-8507497.924472097,13226351.050239436
-8501670.325432574,13229665.944068141
-8499092.945170337,13231171.663066298
-8491807.697008437,13232668.582023067
-8487927.662870802,13231979.074762452
-8485264.83150338,13225796.520012554
-8470812.269977361,13223441.647753244
-8473378.087874698,13226632.848886961
-8470329.654730788,13232520.401583878
-8470777.822084544,13233586.479764672
-8477711.849135661,13232770.063326696
-8480813.99191512,13236200.23692321
-8483737.74820045,13235739.98212356
-8480931.568169007,13237375.152132615
-8484449.418830115,13236753.662759516
-8486865.469042823,13237413.790365804
-8487284.919786122,13239164.899619391
-8484770.074850881,13241847.68443336
-8475818.655811911,13248684.90425916
-8471625.699223178,13251033.064085867
-8469255.155246463,13252001.549804976
-8467607.524282431,13252531.243715748
-8465306.977912765,13253704.510588681
-8458355.215718377,13258391.127627064
-8456057.730460785,13261809.149812998
-8448565.522750925,13266582.99824184
-8444153.303231617,13269021.770056097
-8441685.496519512,13270184.448240444
-8439820.745306725,13270922.424645094
-8437078.964563856,13272165.343519693
-8427086.646117866,13277244.596728185
-8423993.750688288,13278620.272550773
-8426774.247899335,13275946.178643433
-8423950.759098995,13276559.620836314
-8412415.71439081,13281512.72559487
-8407760.77240307,13283232.146284569
-8404713.774629645,13283812.699273823
-8400834.692049235,13283653.851250047
-8398252.292492637,13285133.303244872
-8398287.017740525,13286655.16136339
-8403286.15028184,13285762.548322594
-8410596.532622471,13283449.475292029
-8421929.245735837,13279085.797770381
-8418621.68208947,13281341.942438042
-8412801.434798576,13284729.476912735
-8409693.433375685,13286472.509574935
-8405832.253738966,13288255.560025934
-8401409.732427467,13288722.853596972
-8398070.454621034,13289892.153177474
-8390447.399617426,13296762.380957784
-8387507.673827126,13297737.817409905
-8380448.7647634335,13296388.797459872
-8380616.39419878,13289903.460794894
-8379468.331064432,13289999.778155932
-8377148.887507764,13290883.550941598
-8375583.112499591,13291307.071067141
-8380585.181727952,13286169.765143765
-8382515.604762596,13283062.207727829
-8383258.345519513,13278784.432231428
-8385833.031223618,13277308.251796132
-8383052.078149343,13286381.207714519
-8387439.100178317,13282449.490544084
-8390446.49456629,13279061.48739763
-8394179.844016664,13271979.628983213
-8393567.528866189,13270739.756389983
-8391804.8836581,13271011.99389567
-8386930.7066077795,13272411.603886241
-8375008.189264865,13270025.223403035
-8373037.570485348,13264905.398152547
-8373864.398999109,13263623.6586087
-8377558.509838592,13260011.333283378
-8383330.598562228,13239569.583082134
-8382132.409459599,13239574.131185463
-8376893.614061626,13241853.86532775
-8375634.802886567,13241893.476084106
-8372871.228321153,13243491.670531781
-8369719.934685601,13247465.349833494
-8373013.886757456,13253713.300080432
-8367921.5119588645,13262342.8315002
-8368235.818550415,13266340.223832484
-8365577.037758512,13268643.25777931
-8363012.821727565,13270115.062481264
-8362920.803590872,13278879.256414281
-8364468.992350671,13279691.496259108
-8371294.206911508,13279212.08642257
-8372851.03635187,13280107.582355095
-8371925.104527525,13286055.709215075
-8368307.260588068,13290204.592818271
-8364394.652574123,13299866.084669326
-8359461.802500575,13303762.320757773
-8358728.156644178,13303328.899208074
-8355223.518349515,13303797.83912602
-8354426.718031129,13303415.473316325
-8354571.136512427,13301976.123780128
-8352425.049349429,13302666.46999439
-8346797.160085126,13305600.015258992
-8346913.019692867,13306498.960064257
-8347680.241082556,13306477.342271335
-8349523.024767153,13305849.025094524
-8346642.694986603,13308752.13488573
-8351347.2953444375,13309645.690858738
-8349244.574647251,13312390.545096176
-8347461.50912185,13312701.56991795
-8343989.76151611,13312547.395088755
-8341405.3156277705,13314012.12216986
-8341126.423053719,13314546.042010905
-8339001.788727014,13316750.797889125
-8336399.789416698,13316632.715900196
-8318503.078518288,13319521.220896639
-8316810.481013932,13319081.67681193
-8317231.130985379,13317575.813849378
-8321292.222994795,13312670.15630163
-8320570.194988219,13308585.621178176
-8322761.870872419,13306363.06394469
-8326704.704122963,13302912.680670088
-8320572.555864508,13295040.793750754
-8315305.651562337,13295737.132593753
-8314115.755877973,13295239.79125965
-8319497.082931934,13287109.653813036
-8319308.937558793,13285596.217611073
-8317661.190457061,13286654.766260296
-8317493.189222333,13286790.280122777
-8316744.852355499,13287377.86599755
-8314552.934455726,13287929.668817308
-8313901.743856068,13287503.429545164
-8314198.705887226,13285666.667856088
-8311909.62860241,13287585.911873467
-8308889.642513248,13289529.164604075
-8305276.407884529,13291478.409414655
-8301192.099041719,13293420.401902836
-8303717.549934196,13296221.201224951
-8303429.5816067355,13297521.101787666
-8298772.2709918525,13303234.771242047
-8299335.188744801,13304781.894817736
-8313887.440896249,13306617.82293213
-8313169.630587004,13308070.430588024
-8309683.2439366365,13311880.360759027
-8308638.622729074,13313514.389860995
-8309538.8326286655,13315871.120265037
-8308507.100431211,13317413.595438646
-8298079.768564424,13326831.693651363
-8296697.691565934,13326881.918728484
-8300542.770505066,13322291.806240253
-8298612.183553509,13320003.727114895
-8300384.614503995,13317408.468780499
-8299291.248940214,13317243.14978663
-8296113.729389278,13317753.93944789
-8295226.922756851,13317215.706550801
-8294857.841836758,13308713.094592547
-8288859.5760235535,13309347.750514325
-8288140.967050666,13308972.640182355
-8288311.064000961,13307057.0305024
-8287056.348649742,13306968.907074403
-8279014.733882851,13309140.883922562
-8275255.230192879,13311433.711409586
-8269239.123232468,13315561.106696205
-8266780.390694946,13317666.273449307
-8268139.439233465,13317702.241804743
-8272893.396305879,13316466.486903775
-8275642.577795574,13318408.05086319
-8274976.114224829,13319734.263314707
-8271286.478504861,13323544.368509198
-8270405.12225628,13324863.465281185
-8272833.120870215,13327147.9597829
-8291434.6171428375,13324822.358660948
-8289132.81784542,13326906.529338496
-8284756.567536777,13329031.664761633
-8281319.746741268,13330168.997571157
-8278900.92012867,13330608.802627308
-8277762.544624783,13330541.185572162
-8275215.4548453465,13331972.387874745
-8274797.704515116,13332677.048952196
-8272303.209489114,13335385.28151602
-8261785.527187773,13338439.27482037
-8258136.573300006,13338916.915899862
-8257124.334002251,13337940.645269781
-8264480.936956232,13330495.479806136
-8265343.129532239,13328474.37312627
-8257303.6914348565,13332901.222245721
-8259025.126927959,13312222.580946747
-8273200.720166303,13296653.50536788
-8273865.2161021605,13293967.841160031
-8270967.002680484,13293513.830792893
-8262660.669799624,13297084.546470648
-8264708.751232331,13300828.345564004
-8262666.950207239,13303352.34170878
-8254036.8611031305,13310299.022345526
-8252232.589295954,13312146.26684274
-8251956.97941875,13314096.981880348
-8250071.948832287,13316029.734186053
-8247978.728280785,13316226.584190432
-8244191.4469312895,13311479.881181946
-8242230.916111864,13311727.962787395
-8241727.558978217,13312264.243387157
-8240599.958448238,13313123.229514616
-8239928.96650864,13313720.638808569
-8237935.583782394,13314590.9554291
-8231999.536635069,13317489.407077746
-8232859.064092827,13318289.643050183
-8236496.044408403,13318613.689815013
-8237846.094362371,13323474.83154224
-8234698.385448477,13326441.88424958
-8231531.564777119,13327764.039639981
-8228632.705055088,13329323.583607068
-8226215.71823823,13330957.055682883
-8224678.202174531,13332375.820991665
-8218842.474271547,13334280.714592844
-8214244.607269838,13335444.436259497
-8211451.314536146,13337006.128471108
-8212265.815548227,13338496.153487561
-8217577.974727325,13337031.9642918
-8231805.95235525,13331532.723721586
-8237372.4597741235,13330248.167540334
-8244563.659571272,13336217.255078804
-8243557.317298849,13338039.4996147
-8236723.496488965,13344803.117316542
-8236308.56140295,13354435.203176802
-8232370.341665803,13356423.825377801
-8230901.00565882,13357130.119790422
-8228919.914541566,13359990.246259985
-8232137.332410043,13371506.873173762
-8234064.008474436,13371356.181143874
-8234633.316997582,13371735.063881246
-8232530.7351448005,13376019.351140862
-8234732.878879968,13384764.396488493
-8231585.941035935,13388395.791184736
-8228097.126369561,13390048.169150459
-8226260.113517462,13390656.564017769
-8223937.9213665165,13390884.098579695
-8221264.162792913,13393385.427263964
-8216967.764002612,13400888.036770815
-8211414.637463249,13405743.559654975
-8210117.861264287,13407334.76387517
-8208888.918728369,13408202.338411814
-8206192.247810112,13409664.036106657
-8203513.218195694,13410940.305798521
-8202338.698743062,13411237.810873771
-8202632.803121977,13408127.762067903
-8208186.60542058,13398858.20273869
-8204124.648943511,13390340.276070021
-8209487.647176662,13381838.268448485
-8208582.645727738,13379813.186505396
-8204874.085155168,13379486.038720708
-8200644.888147437,13383544.838408045
-8195781.536405753,13401813.37955613
-8197230.746022054,13401772.529787652
-8202077.418446645,13400452.647494188
-8203315.048290635,13400468.436510881
-8202484.698212701,13401897.753441565
-8195177.061357784,13408730.92392844
-8193717.703453347,13413811.092063833
-8189976.519434894,13417857.288389321
-8181309.355210657,13422542.250628456
-8175857.192734089,13426288.286070446
-8172570.078800508,13426905.605850052
-8171067.828509132,13424339.184003573
-8174654.759338247,13414820.584102573
-8165823.974310049,13411647.316881733
-8162325.157912202,13412212.223538762
-8159489.627311127,13413496.576762721
-8159790.967518747,13415002.58870293
-8167019.907604307,13417236.95811128
-8169803.584411194,13436403.14130701
-8163948.2419399535,13438617.864716833
-8162361.671865379,13439093.492652938
-8162312.48445546,13439535.51153733
-8159589.410494351,13441941.954373272
-8155754.080855159,13442555.082550881
-8154715.9230079455,13442307.813370466
-8154501.689634594,13441608.379821366
-8152016.86935447,13443983.35780061
-8149946.719924773,13444737.752732007
-8148348.566564089,13445189.669521801
-8147284.236902397,13445307.92028802
-8146750.895848205,13445116.601489114
-8144331.939247691,13447671.235763403
-8144181.937800704,13448219.589413622
-8141238.822324172,13448954.435478974
-8141320.736618924,13448233.00038172
-8142210.91467737,13447068.73551101
-8141723.919620343,13446462.899072023
-8140202.398906393,13447013.781719727
-8137692.169743068,13448182.098318122
-8135236.811315666,13449381.35790123
-8133989.964219922,13449956.471977714
-8132966.368706803,13450103.381807897
-8127537.377436013,13446576.614231497
-8127550.749568656,13431574.171389434
-8123699.681655377,13432202.74455023
-8123402.303033021,13433537.35826075
-8120666.817818163,13437364.727251403
-8122018.090382589,13440702.484805318
-8121092.362584063,13442644.427982163
-8117225.487446986,13445968.230446553
-8113100.715067772,13446779.667134292
-8109880.963571853,13446603.60019802
-8108909.345828918,13445171.0506958
-8114099.2973804455,13439270.31765957
-8113243.915737716,13437886.695001958
-8108485.56674592,13437026.74858223
-8106675.472784415,13426032.593415193
-8105618.01168671,13425760.164651329
-8100526.154118277,13426851.714121487
-8099209.561771767,13426673.538423097
-8101835.736563648,13421479.947428845
-8097747.865953856,13421493.648829924
-8096379.210449576,13420709.110379597
-8092918.959701653,13421037.656527517
-8082335.144042889,13414671.33376776
-8083219.858554697,13413196.356508955
-8086842.573236988,13409176.574626725
-8087709.149705546,13407663.424184384
-8086946.726859984,13407103.62194053
-8085011.293420866,13407649.561204286
-8082486.550274891,13408659.477849212
-8080108.251903439,13409421.625103455
-8076559.338983616,13409725.384744747
-8071236.354640594,13405196.837401135
-8065307.544563214,13404592.962764248
-8065354.229966262,13402519.435273832
-8076671.707633248,13391371.492990144
-8081199.408318465,13364254.586307326
-8086902.415707225,13358016.942550763
-8091647.671276311,13353933.41451052
-8097814.124401505,13349465.933349794
-8107545.877334934,13343023.08838441
-8110720.29954023,13341103.148837762
-8113665.123536066,13339179.413778326
-8119438.978849534,13334213.206216851
-8143546.497268502,13317168.532895992
-8149209.6699228985,13312693.03392885
-8153313.268353228,13308649.624465967
-8157362.8285637675,13303042.893939253
-8157138.25823884,13301354.691503026
-8150147.569771577,13298365.308957865
-8143225.971631366,13299038.875127193
-8140899.694087557,13298032.639568327
-8135129.952636124,13298095.617879238
-8130858.29392437,13292537.270700658
-8136894.237754612,13276522.368046796
-8131999.144795325,13275717.173768299
-8130295.674812414,13276660.582555307
-8129868.081498335,13276969.75662987
-8129878.274141494,13277092.470959065
-8129515.997581162,13277436.039022889
-8129491.125352042,13277136.063713126
-8127635.875353994,13279086.249033937
-8127834.465569987,13279801.678650111
-8129758.871510153,13280439.049262969
-8129148.016822809,13281603.840219188
-8125173.388552171,13285920.274793133
-8118775.964024131,13291311.63761058
-8117586.330272207,13292758.729922295
-8129246.580346653,13301439.63988908
-8151872.328715906,13302964.82884597
-8149781.763058421,13307611.661997847
-8145887.479796298,13311290.005820757
-8140954.348479759,13315313.93280664
-8121891.16668019,13329632.246806718
-8112250.5215080725,13337795.892482828
-8104013.2450986,13343464.704886489
-8087796.719336912,13353923.74095247
-8081265.403783175,13358584.751425376
-8078638.778720648,13361396.952640025
-8078370.457135099,13362435.834209431
-8077010.432107947,13364275.734882932
-8073934.588313505,13366713.601239216
-8068506.3241144745,13369542.509290982
-8066368.118709299,13369983.039770145
-8060792.198147289,13361207.077816691
-8053120.5110158995,13361710.902153399
-8052181.619122016,13360246.764079526
-8050308.687463925,13360428.200845284
-8045474.724022092,13362202.2287176
-8058038.426289217,13376543.84593816
-8070200.629580445,13391162.671771517
-8068167.703751029,13394190.89670594
-8054452.988290293,13406700.060335657
-8052553.171138352,13409478.617059268
-8063076.260891036,13417698.027704127
-8068343.927816758,13417467.061661704
-8069905.0655900305,13418042.563894048
-8069729.412722176,13421155.461987888
-8073671.764659382,13421069.577990165
-8085447.326853696,13427079.490962338
-8097106.2563406415,13433180.845011378
-8090468.124402206,13442645.34475723
-8084926.01558526,13445098.189362671
-8077856.393712647,13447045.196041018
-8072620.818506638,13449203.15638334
-8072844.868806256,13449978.88540524
-8078633.483516622,13449972.44959515
-8085752.496659557,13448424.684300678
-8096233.512312158,13445159.55326311
-8098487.3795016,13445851.063671106
-8097833.095838726,13452472.736914752
-8104170.4644855065,13453445.786013616
-8114007.5604175795,13451961.647473829
-8121754.736566875,13452458.566779437
-8121418.130754449,13454685.812726108
-8118575.132262047,13456216.347410055
-8113565.058726063,13457174.50632149
-8110922.989011385,13459632.839894764
-8112822.568191187,13461479.776525086
-8110330.795030474,13464085.114836251
-8108405.417310346,13464728.61989043
-8106967.536225163,13465067.78205496
-8105999.948150018,13465124.17854419
-8105593.742160627,13464865.246891428
-8102717.610937006,13466407.7761618
-8101806.536138086,13467944.675177185
-8099839.420984508,13470020.469001718
-8094572.55086496,13472432.287285203
-8091550.128039352,13473489.87239044
-8088414.330724989,13474880.7677607
-8078029.906185916,13481182.326704212
-8075958.2545224475,13481955.24581888
-8073816.750835713,13481545.184577502
-8066570.302816946,13486528.056631984
-8060089.555807167,13489568.147642335
-8054662.488429266,13491175.028128972
-8050619.8847221425,13491822.717550213
-8049725.039063853,13492698.023357846
-8045201.2845874755,13496078.194111055
-8040516.778643257,13497779.18076654
-8036442.670417871,13498798.314215032
-8033528.505083253,13499141.213148357
-8032463.366328463,13498743.050284809
-8031501.624363733,13498780.10415048
-8026622.678320948,13500535.288481303
-8024875.770565266,13501043.386316879
-8024643.201339435,13500707.126058213
-8025244.322281703,13499398.88749652
-8015911.541396584,13501965.152226737
-8011911.792644043,13501570.619239334
-8008344.232479461,13498657.377560472
-8001724.6500583505,13498679.115582116
-8000863.299495538,13498081.155651636
-7999884.270924019,13498240.552571919
-7993506.69300133,13500148.84511263
-7988849.606917268,13500773.714970214
-7979287.462579853,13496713.597897263
-7976530.056653558,13496975.711339213
-7973239.028148914,13500433.056068959
-7981319.486718836,13499608.342006069
-7978591.017652311,13502628.758179987
-7962662.67364995,13505135.83209746
-7959563.779049484,13502647.699860873
-7955768.243627791,13502512.666337352
-7943643.495228903,13504927.917333689
-7944086.103214479,13507251.846707642
-7945850.941926365,13507668.515320366
-7952551.515899256,13505995.909934169
-7954348.89433571,13506501.517685289
-7954672.27710821,13507805.359835861
-7953118.479380973,13509592.661891855
-7945240.058067387,13512439.473447375
-7939616.777186141,13513751.664670382
-7932881.107217157,13513919.20331997
-7928585.520053333,13512371.241393832
-7928550.679377025,13508497.815389434
-7930232.108821606,13506614.772874763
-7935518.654201258,13502120.820074659
-7936708.179322954,13500570.425007453
-7933152.523604808,13495284.908731224
-7930556.087333411,13494933.737088943
-7924762.480958,13496540.906216519
-7927780.920452776,13505677.730564035
-7923324.269884225,13511596.282517929
-7920391.463012671,13511282.100069316
-7920741.865234946,13503988.083692474
-7914321.734121299,13503046.173690751
-7914961.657772363,13495687.850995565
-7917133.29812184,13493059.86478086
-7926197.111692027,13485461.129570868
-7930021.975622287,13479780.928454006
-7942000.6672725715,13467782.453530539
-7942457.557589812,13467100.715601511
-7942681.872312445,13465847.715039175
-7942126.124296689,13465721.236962589
-7940781.578195501,13466389.406684486
-7938177.622857751,13467786.824492726
-7935515.977787136,13469154.74538523
-7933968.307378293,13469749.776797105
-7934362.97615747,13468617.56957624
-7940703.705770358,13463399.848353665
-7943565.896580653,13459967.140867895
-7948810.123004488,13455176.21341294
-7950424.511693584,13452919.3266855
-7951363.506871806,13451966.935665624
-7953969.580392465,13449750.254031064
-7956582.01671059,13448010.654090492
-7958849.65440974,13446966.069188213
-7960960.409158878,13446096.149304988
-7963146.308055873,13444878.02698347
-7966879.831445886,13441653.477297794
-7968312.586020462,13435536.339121869
-7958645.097913542,13429883.863598205
-7959148.979124137,13423335.80311265
-7956054.858782249,13423924.515795024
-7953768.547381998,13426374.663596079
-7953471.018788311,13426974.579913316
-7950918.336052378,13428345.26657735
-7951315.220235653,13424836.56154111
-7953192.400389112,13422245.716240577
-7962027.051462047,13414500.323932834
-7978124.269173663,13395776.41489897
-7983162.375752061,13391533.2131639
-7984499.373122831,13389969.752377937
-7983707.177213476,13388470.149179388
-7985660.744778712,13386650.059889568
-7988550.74840201,13384442.613016173
-7994368.404450234,13379016.82274655
-8009711.380208007,13366481.508133747
-8011932.067539414,13363887.225958534
-8012450.822286611,13362816.104503294
-8013914.66640493,13361149.869822048
-8018243.486344132,13357231.434642406
-8019883.7988679465,13355481.807211913
-8019505.421225418,13352792.587085634
-8023947.768519789,13347632.633872828
-8024401.668616008,13346421.689332224
-8023505.581450242,13346011.648841023
-8019995.81354016,13346035.361702034
-8019187.2263585655,13345555.500731135
-8024792.6688355105,13329666.2987377
-8028459.5514961565,13326271.717457306
-8026069.232699101,13327399.209527176
-8023454.801718132,13329354.597741853
-8018966.81268659,13330409.834746713
-8014258.976271188,13329609.01272714
-8010252.884140772,13330247.699948108
-8010394.529385075,13331388.690324297
-8014477.3294557445,13331441.473335579
-8018664.523442124,13335909.38681571
-8017672.148468107,13337692.761625392
-8011173.144071469,13345283.026401605
-8013661.275248679,13351947.948726926
-8000863.62449251,13368402.121588578
-7985003.600850657,13381153.391524713
-7981682.423839287,13385289.446731022
-7979162.233650368,13386661.016798453
-7978161.702861445,13386026.92744158
-7972766.299493131,13386723.626307258
-7962638.298316949,13382353.528447548
-7944920.569127489,13384094.372003634
-7939451.431567506,13382323.948436739
-7931450.168225718,13384721.954088531
-7928889.04247106,13385082.411060223
-7929266.060425602,13383377.48943208
-7932502.161585616,13378990.983751334
-7934140.349727756,13373654.401868047
-7937267.618405033,13370691.260541216
-7938903.294126713,13370159.510263445
-7940757.169502522,13369381.828258598
-7944866.073903437,13367543.233048655
-7948095.392379044,13361587.342770196
-7947757.371958581,13359567.133197179
-7942131.028369486,13361055.94410076
-7938758.936280482,13364543.400145205
-7935055.679990013,13369953.909415547
-7927758.917553874,13377146.211049344
-7926329.698750841,13386684.669762682
-7927784.072454807,13387484.341969505
-7941741.568956714,13386074.879247576
-7944810.204511435,13387403.180085793
-7955882.653049174,13385591.185629925
-7960181.732269042,13386529.341448566
-7961070.556772519,13389461.399367852
-7968783.410108204,13391637.969839154
-7971626.093713951,13397463.062090382
-7968859.368274192,13398962.72263125
-7967852.09531189,13398097.577261642
-7960803.573022206,13399282.659282813
-7958887.668640837,13399002.315101828
-7955726.051265488,13401949.745044773
-7955600.030856203,13403448.040762112
-7959972.189064427,13405008.480847282
-7958929.908106341,13408834.253562579
-7957671.270405916,13410432.454521524
-7938383.813561536,13428902.077004395
-7938266.032002055,13430484.239869699
-7934518.022837969,13432354.3463951
-7932168.502033334,13433395.281251388
-7930990.661446416,13433686.07019904
-7930635.451655704,13433394.198239611
-7931300.37340925,13432380.24147755
-7932795.614789,13431142.545069113
-7934410.1784863155,13429933.335649632
-7935539.084633958,13428958.397688696
-7936101.989339543,13427535.429300103
-7933276.40306551,13425813.437218912
-7937042.465637619,13418665.491560705
-7936096.332827075,13416273.401665675
-7928245.056623819,13418858.101427296
-7928244.159458718,13419553.831091795
-7925717.046809716,13420911.679634254
-7916500.687779416,13415884.83786355
-7909525.236482836,13417759.302929869
-7906291.891433635,13417428.30222839
-7899151.8126197355,13419515.985763108
-7897527.5879025115,13419439.63257872
-7898293.36696011,13408245.707548574
-7904845.281781688,13401560.300701518
-7904815.607524072,13400556.395149186
-7903471.196614245,13400065.269655269
-7900872.823916023,13400542.407671904
-7897171.774888973,13402395.034541696
-7889568.964072027,13405534.293627903
-7891837.087119034,13406330.853172109
-7891454.118963978,13409097.260329813
-7888926.280405325,13413045.315282343
-7884751.690424183,13417375.437620949
-7876490.239522142,13421399.761690358
-7871229.736782244,13425028.436484776
-7869575.048743547,13427254.515780885
-7872137.286733483,13427063.835410886
-7873219.08423954,13426179.858597301
-7876255.295464427,13423893.265744006
-7877170.142650202,13423086.03742231
-7879634.305172062,13423382.347676704
-7875870.564653245,13428837.884092081
-7877238.150835715,13429328.058612857
-7874028.344588987,13431889.06664071
-7865469.171603841,13441856.234331533
-7865296.728166015,13443542.36105763
-7867981.484653732,13443568.252883015
-7874723.703466493,13440892.455163376
-7874728.45984397,13439906.46445091
-7877254.32130495,13438560.655309984
-7881959.157364792,13439146.781600446
-7884876.841495851,13438085.593656681
-7888027.464424157,13435823.861986868
-7887911.56217575,13434607.789095482
-7884891.968044052,13434123.8360564
-7879511.806935595,13435294.71964776
-7878695.879089791,13434936.061999556
-7879813.299959815,13433245.706092004
-7887412.818379933,13426211.354418669
-7887616.707206774,13425095.122785462
-7891650.089468378,13425492.54594799
-7895021.971669338,13424453.035986697
-7897556.4843048,13422735.183035329
-7899889.4798606625,13427909.743325517
-7905196.605766579,13426265.950230496
-7905195.036093117,13424282.7604344
-7909717.329110437,13423366.335443078
-7908825.327421804,13425593.45395174
-7906173.620581492,13428795.673765248
-7905184.2273659455,13430565.239627145
-7907541.717364757,13430018.251048574
-7915257.48249873,13426772.39084416
-7918069.555724699,13426004.337783348
-7918609.946078366,13426548.818801796
-7915513.9051893465,13430863.203552613
-7916305.653299598,13431537.394556206
-7919811.410146346,13431881.21471503
-7920554.453909033,13432619.660600055
-7919721.947734329,13433988.246194238
-7912851.143882731,13440072.858071627
-7910300.712270252,13441433.98019588
-7905409.950083209,13441869.369297886
-7905060.38054533,13441258.7884625
-7901927.210683457,13444091.951101903
-7900199.403215775,13446322.121547477
-7896772.941581383,13449219.060149064
-7888528.011892781,13454042.547771612
-7882610.662791579,13457949.045703158
-7879049.300955358,13463348.726432655
-7874191.868207103,13466901.171456454
-7873816.724519087,13465654.098678727
-7867699.701669137,13463297.824450025
-7866372.33747371,13457003.963820236
-7868251.276447595,13455380.174359323
-7870761.703727908,13453655.583613096
-7875878.338231391,13449717.536858551
-7877160.222944905,13448501.536294335
-7877224.211222629,13447199.629073739
-7874295.1247625435,13447978.670997499
-7869568.424398622,13450405.06856108
-7864265.9487513695,13454032.129708262
-7863922.501000137,13453901.30087641
-7861963.4348621555,13454239.816934394
-7854250.915270888,13461958.682816247
-7849568.626430465,13464163.407539085
-7845744.468523344,13466195.981603239
-7842929.145402015,13468000.936568592
-7841258.934766518,13469501.305691693
-7838962.591458916,13469700.265989987
-7842991.057870502,13477395.13837549
-7847466.053604583,13476210.89251528
-7852542.320088936,13474498.544958718
-7857060.551271387,13473371.929077836
-7860253.19684676,13472990.53085805
-7861443.864873426,13473465.282686766
-7860631.825243558,13475175.426113792
-7859403.654858641,13476435.95855542
-7855030.507692011,13480190.622379635
-7853421.491721325,13482903.05538517
-7850711.721720177,13485204.57344532
-7852433.506428692,13484950.550028916
-7853770.165564561,13486488.070029872
-7855638.692747259,13486548.081937557
-7861513.478828574,13482842.67273136
-7868371.138387613,13476767.620559262
-7872684.241270479,13473462.444355393
-7881661.92655143,13467885.305220686
-7883629.05751492,13466009.737205887
-7883881.202054336,13464028.696380459
-7885084.10004265,13462526.823751552
-7892160.403942372,13455889.97540546
-7897254.350333297,13452636.493531259
-7904871.294537284,13449642.148621265
-7912464.608636855,13447536.904145885
-7917741.280270624,13445256.920621075
-7922901.648458327,13441687.080503592
-7925455.269760298,13440323.343895976
-7925006.734688215,13442595.933632977
-7925981.587849026,13443109.889536483
-7931933.705887675,13441369.203585338
-7933045.076610195,13441791.155377353
-7932541.830205751,13443097.376886334
-7930341.0678723585,13445032.781012395
-7928465.601314292,13444704.34982938
-7925035.969689948,13445242.943336003
-7921715.870948442,13446616.806176614
-7920181.08914006,13448795.758705452
-7920857.352583141,13449157.400910653
-7925207.101856252,13448763.696676016
-7924783.027703363,13449785.051544378
-7923401.145933482,13451239.356594484
-7923239.06173855,13451992.590992052
-7926368.544058391,13450975.583408257
-7931957.427838042,13448896.21536017
-7936850.522645269,13447464.8691394
-7940673.617541438,13446690.751316644
-7943067.9818498315,13446564.397408996
-7943987.61506117,13447478.80760188
-7943332.374612361,13449631.493388785
-7940422.265686086,13452797.363909641
-7934672.551766756,13456712.612414083
-7934719.777203759,13455691.294614194
-7932384.048499846,13456933.927008297
-7932370.469801218,13458176.0699788
-7931639.7393637635,13459137.502049634
-7929703.25372163,13460707.745426564
-7922861.7428310085,13462804.452248868
-7920010.267706838,13462703.985202799
-7920631.69866408,13455721.423088957
-7918648.039783892,13456077.874028914
-7914611.713229937,13458137.808978759
-7912754.43280485,13459778.115274481
-7912180.704241858,13461345.315607203
-7910102.850291269,13463524.670621594
-7909446.767864001,13465796.217480455
-7912410.018391185,13467832.69923003
-7914055.595952718,13467623.12621159
-7916819.941079951,13466753.81281998
-7920744.86883649,13465282.630402988
-7922710.301826202,13464924.88650269
-7915661.497358194,13486737.950231282
-7911490.551596999,13490466.917107455
-7899788.444261475,13498319.166929416
-7897259.519369355,13501196.345902687
-7895414.240193367,13502705.586564774
-7891485.210528261,13504348.283005329
-7887507.180067483,13505701.330326451
-7882750.48577214,13507056.44826067
-7879346.593930295,13506094.497092478
-7877473.342282493,13506346.460970169
-7872776.276495405,13507509.566668121
-7869794.126196441,13507277.575778348
-7869402.851725286,13507016.067554189
-7870181.0281502325,13506102.604430376
-7871838.144939737,13505238.663364548
-7873544.486375585,13504687.508717222
-7874517.167200704,13504672.597814694
-7872799.384672938,13494337.976367615
-7871367.799082519,13494305.338868624
-7866382.665962086,13495262.440307943
-7863767.959656865,13494520.118023237
-7856746.470218839,13495119.897802353
-7855208.375752641,13494355.064734496
-7855856.007612998,13490828.418765154
-7854564.676947685,13489765.496988887
-7850438.941624072,13490616.70601367
-7847941.239997001,13492095.217128532
-7846159.95244531,13492667.3559418
-7842834.889828386,13493259.963262817
-7839523.744980412,13496584.4212035
-7852540.802418267,13500811.683924386
-7862438.881413247,13499474.630482728
-7864335.135310913,13500027.327673934
-7864266.774857013,13512335.483198747
-7865616.974693685,13513227.825055525
-7870228.956382162,13512007.1586029
-7872018.245295119,13511688.638068303
-7876823.0515225055,13514950.126394326
-7878601.431122979,13514736.354897382
-7881414.593040762,13513780.907965023
-7888508.285178657,13511049.384928351
-7891339.379469491,13510061.253488682
-7894172.305272185,13509378.213686738
-7895713.443443797,13509358.604499752
-7897869.155361146,13511705.334257612
-7904657.602761862,13511590.030208007
-7906044.488056456,13512668.13334569
-7902635.657457125,13522221.601489175
-7903730.823839643,13522339.684616212
-7908977.106267523,13520736.726543205
-7910104.956492522,13520820.224086704
-7910452.5095334025,13521107.850408345
-7912153.206170745,13521012.929380368
-7912493.636932419,13521229.516249513
-7912298.994939361,13522982.58140296
-7916326.981443701,13523786.62357201
-7924323.899792534,13522551.948967747
-7975940.050429273,13508543.627958924
-8003750.279015726,13505919.237000143
-8009202.948674857,13507500.970163943
-8009264.72567362,13508030.55156641
-8006944.519700584,13509828.608375086
-8002429.0429344885,13511467.469758336
-8001116.9983327305,13512417.414033554
-8001389.2546049245,13513423.19880395
-7997846.842411488,13516329.631712325
-7995357.677563908,13517844.352269376
-7985686.754319558,13521998.687071389
-7984608.143844373,13523333.26252525
-7982051.247344245,13525220.10067954
-7978711.784720517,13527120.722758718
-7975316.228192265,13528489.873164246
-7970340.994133896,13532059.789266117
-7966514.107857669,13533213.596246881
-7953329.304587032,13532955.157775441
-7952572.560494842,13531935.164187724
-7950193.408876372,13533175.329504099
-7954418.341413058,13537662.125649154
-7945098.842721535,13537148.582822414
-7939600.893674197,13538386.271805096
-7938415.941744944,13539334.951009728
-7936887.840470667,13540465.629256515
-7934176.399995949,13541284.529088778
-7930423.090051158,13542746.764585827
-7927280.37411114,13544175.841947408
-7926351.924344149,13544934.064081306
-7921166.682319081,13547959.230249792
-7917580.377336206,13550370.680697385
-7914516.079771365,13552147.249717316
-7910866.906710917,13553282.356321663
-7910927.230873645,13554061.553852037
-7909636.811738033,13555609.450368952
-7907201.800707477,13557690.434640087
-7899369.589851876,13563260.430903923
-7897318.275478228,13565328.125533238
-7896637.937487885,13567892.10703973
-7890879.742868607,13570050.84673307
-7884186.77129152,13569041.357595973
-7878152.857254611,13570185.814982284
-7877003.044933248,13570093.09185577
-7877444.663674326,13569160.119857544
-7878901.758782784,13567774.236178456
-7879516.941957539,13566824.359052528
-7877432.095265257,13567210.5127657
-7876282.561425818,13567983.295700723
-7875902.489250176,13568219.635065645
-7874547.162082951,13569021.290668352
-7874641.397889838,13568384.594588777
-7876408.02151731,13566936.12184312
-7879581.785835077,13564910.97371488
-7883945.66851442,13562513.561593872
-7889089.281192697,13560095.439367138
-7890897.380265739,13559739.913143534
-7890351.134460237,13561523.044620387
-7892965.133805908,13560176.701173749
-7895058.043062304,13557847.207630062
-7891475.000776395,13557309.370781116
-7891114.367310395,13556186.166821625
-7893588.597808299,13555405.351267936
-7895150.587512905,13555165.807721296
-7895850.248705473,13555418.47325573
-7895753.906023312,13556099.610028703
-7898599.385445075,13554631.213214932
-7896258.900321275,13547479.255040877
-7889389.944604526,13549459.192596337
-7887220.584156409,13557425.300873104
-7882839.644149193,13561794.635363547
-7880227.140210042,13563138.67042874
-7877665.6232606135,13563827.967461852
-7872802.988350399,13564293.813736515
-7869713.295930972,13567156.646952532
-7869183.814136045,13570187.265237873
-7866740.870311894,13572695.516022103
-7861563.571399824,13574162.980319753
-7859533.116534393,13573899.321901286
-7859733.752828018,13571164.942337746
-7860502.120711685,13570432.65565194
-7865237.8823112,13566535.486852527
-7865389.74431113,13565057.535719642
-7866605.845688453,13563788.665189857
-7870807.520563866,13561370.421737002
-7872342.846667741,13560908.063214578
-7874092.937690247,13560664.462409621
-7876482.92194509,13559968.025856467
-7879845.734623764,13558187.664714769
-7882200.534737843,13556493.663465936
-7883841.103848202,13554525.025743097
-7885241.269851116,13553251.054563988
-7886295.374809243,13551858.718416192
-7884595.573013027,13548968.330111038
-7881989.830419916,13550313.951336157
-7882435.255647652,13552847.448600668
-7880852.126953863,13555057.30538547
-7876078.5277514625,13558303.323336309
-7864584.137702268,13557658.47383257
-7864187.568875904,13556502.238357356
-7868514.859088299,13551686.707808452
-7867246.345508705,13551643.619831178
-7860782.808562277,13556663.764903272
-7857032.0968786925,13560337.079778591
-7856177.626426262,13562615.801378539
-7858434.11469849,13563429.9788403
-7862906.780796614,13563324.011008548
-7863229.914214476,13563594.480703183
-7862197.399121002,13564383.106385186
-7860413.145756728,13565391.119312389
-7858685.856089076,13566402.75792501
-7857917.216695154,13567155.013786757
-7857163.921055602,13568509.402290683
-7856212.611305833,13569425.338611746
-7854795.29383841,13570575.91946556
-7853486.242015927,13570566.320523923
-7853445.729882468,13569025.424280304
-7851544.942145989,13569424.981597688
-7848324.251071527,13570397.027083522
-7847294.2844677195,13570137.558632711
-7847867.807955446,13568193.758406216
-7844217.644296885,13572134.31500551
-7841628.315440751,13574442.352031887
-7837115.264589495,13577298.690719176
-7835773.4803221105,13577221.697006578
-7835021.273970044,13575227.948300883
-7838269.760266557,13571586.363568062
-7833051.172665028,13570190.768255165
-7831921.360319342,13561914.817671476
-7828462.879317119,13564871.247745471
-7823568.445631696,13570152.98141773
-7823171.587286597,13571618.285563145
-7824117.38803571,13571564.776978828
-7827481.020847767,13570493.02047772
-7828127.825600974,13570730.630270895
-7826491.644878617,13582391.426108878
-7823263.008085812,13583719.100917218
-7819900.049514932,13585275.72798024
-7816576.869765071,13587048.189853612
-7813483.380492884,13589011.56283592
-7812088.769309072,13588241.912275199
-7805302.518877079,13589228.062281717
-7799828.294364668,13585558.527415052
-7838509.803739244,13550869.419343382
-7841262.847785363,13544803.788635483
-7842001.19737336,13544048.619122291
-7843568.354388988,13543167.93593825
-7845232.132300677,13542334.612839006
-7846275.786230015,13541711.927796552
-7848289.841743099,13539114.365618978
-7844640.881052789,13538605.989396945
-7850910.229079334,13521898.259788297
-7855620.198106484,13517688.577980936
-7856298.217813731,13516624.746472986
-7855602.522443422,13515818.683833301
-7852226.6733266,13515423.767226266
-7851522.543411136,13514685.34385761
-7849804.6241212925,13514839.792629158
-7838626.733482104,13518727.580755789
-7836279.093939903,13519946.888856253
-7836419.093425988,13521107.008042889
-7838268.629797004,13521473.451630557
-7844783.259255997,13520482.225157045
-7847521.596732652,13520727.43462387
-7839301.278889892,13538331.991175134
-7830816.209830782,13556035.01819137
-7823229.623469339,13563324.370654888
-7795410.680663053,13586035.903169954
-7781551.434898678,13599326.569815952
-7774878.700642605,13603982.349236527
-7770328.173290658,13605414.809290199
-7765743.469902386,13605557.464573288
-7762699.053679987,13606235.625366993
-7757671.639232647,13609401.493696751
-7755284.157083848,13611417.443145499
-7755133.7255257,13612394.476518735
-7756943.5362832,13612368.739909312
-7763175.900037102,13609418.06867797
-7765393.295843238,13609539.895253688
-7766668.412622123,13611739.989302114
-7771195.881145595,13610816.007672332
-7772370.397305422,13610993.20460832
-7770007.432852644,13612798.667556625
-7766854.371259165,13614350.010489047
-7763274.100850303,13615709.925236968
-7760121.910375322,13616720.893840324
-7758375.140738297,13617175.999270331
-7757141.967510016,13618791.437413171
-7761823.249309707,13618486.944567392
-7763116.367391315,13618881.153587291
-7762204.967345812,13624342.15505648
-7750583.41631786,13623072.153836738
-7746268.351822891,13617891.701746594
-7747535.82205246,13615464.655369233
-7750522.20868478,13612174.995843012
-7760429.970641185,13603820.907691421
-7763159.565167838,13600874.902161075
-7765118.309296679,13596116.078033863
-7769475.848418673,13592754.64701149
-7768679.815096155,13592254.633779522
-7772015.607074571,13589042.635299828
-7780627.299879017,13581914.809194515
-7783644.081137532,13578811.604810946
-7790843.264338994,13565877.472816776
-7801356.401668962,13556435.014195405
-7801973.007863325,13554642.17190647
-7798400.3958017975,13555226.519064976
-7797491.130166291,13556908.859612487
-7788195.792802929,13566293.43497542
-7785616.425321554,13568374.055596504
-7782572.675463547,13570071.733706603
-7779348.541688033,13570834.505480573
-7776261.900069023,13573623.683341598
-7778683.461922257,13576359.541560788
-7777499.77112827,13577732.401376354
-7775042.171047502,13579097.936525445
-7772512.850632271,13580225.124650912
-7771035.631887945,13580925.413633924
-7769168.617387166,13582648.983247958
-7767812.521276017,13584997.76911868
-7765396.8736698255,13587020.9023392
-7763279.375385968,13587637.127751099
-7762656.011111474,13587764.095374364
-7760289.191693894,13588962.923140805
-7757893.164099885,13591258.219379723
-7761626.734512143,13591295.345122494
-7762053.7930469345,13592304.861349203
-7762105.093451631,13591924.30770528
-7762418.36109319,13592808.439436601
-7758607.843566184,13594952.999280345
-7753922.839353176,13596952.133591274
-7751705.323238508,13597355.864660388
-7749459.622932399,13596054.17980505
-7750414.762819182,13594850.43565445
-7754335.458458267,13591409.99385832
-7755290.06371781,13590185.967784988
-7754233.149741064,13586933.162732076
-7755991.86443182,13584679.35550911
-7766223.865401655,13575587.318094786
-7767019.328741497,13573877.517183295
-7769218.751282034,13572563.272587208
-7772519.770262308,13568458.647833174
-7779617.795699559,13561854.848470546
-7783129.33084808,13557161.019944226
-7794079.271183083,13548421.542677872
-7796715.618701846,13545336.324206753
-7797055.541836318,13541535.175911482
-7799120.912787276,13538602.9930506
-7809282.841182096,13529915.06556288
-7812173.657969468,13526338.440426908
-7808895.658817302,13511009.319006726
-7805295.302889143,13495865.346204078
-7807538.588506506,13492340.66732142
-7810138.846163342,13489817.915927216
-7817952.8814699715,13484019.092623875
-7821384.651957585,13479919.417841528
-7828588.912350055,13473106.886699839
-7834963.416262352,13465368.114315871
-7840316.610849989,13460457.556420464
-7848043.3254703535,13449312.173033448
-7850421.126364979,13446895.17552274
-7853066.850765511,13445138.835863741
-7864376.806585328,13436121.143355275
-7865958.3145145215,13434552.23301749
-7867123.0784846805,13432099.26499801
-7864364.097615113,13433872.409983099
-7862503.9032782735,13434267.745889654
-7861865.317762075,13433957.012707166
-7862034.36075262,13432488.190862037
-7861185.1629906725,13432460.120061584
-7857557.148843811,13433501.484262703
-7856721.714239567,13433352.816940153
-7864590.455924052,13417402.700177547
-7861573.421700109,13416405.709899455
-7851360.775339883,13420423.886915542
-7856588.234599493,13424868.75157479
-7855774.909062541,13426018.567267466
-7852368.213866782,13429224.51719029
-7849115.738309116,13436721.434934622
-7844697.104286352,13441003.613058938
-7844082.730346432,13442045.894186597
-7844270.229523618,13443332.848289141
-7843578.035095173,13444349.85758332
-7841541.180832257,13446014.099385455
-7839834.228567743,13446487.189106587
-7837644.263774024,13447259.24040105
-7834850.601134715,13448432.866668487
-7831407.915654137,13450080.148416953
-7829141.291141345,13453411.062259618
-7834051.178186714,13455069.568222262
-7831373.2375244,13458617.002648694
-7828993.608230968,13458677.765132431
-7825854.373205868,13459519.182924371
-7822346.025018375,13461315.012719758
-7818704.732896133,13464327.543041663
-7817551.782949432,13466446.111326966
-7819780.466202014,13468208.933556093
-7818619.94906791,13470264.991176337
-7813992.808157535,13474509.593222385
-7812542.678840625,13478308.06808908
-7810856.1728170905,13479881.658050105
-7809053.692275488,13481274.898823012
-7805148.170569304,13484042.517732205
-7803190.8347339695,13485551.75665614
-7801450.398684024,13487268.344885556
-7799953.384711045,13489712.843587324
-7797981.710439853,13491527.225562863
-7794709.362874873,13492098.137346162
-7787964.51479159,13491534.958014
-7785186.450289273,13492984.73442063
-7786467.177261584,13494011.305552324
-7791992.154195071,13494307.571559062
-7792826.747572249,13495547.29232303
-7792138.50005405,13497186.654524622
-7790309.737848033,13498617.380024359
-7786241.277424192,13500923.59800858
-7783353.741746328,13502725.560895178
-7782318.708780627,13503976.518287232
-7782431.047389287,13505482.460521571
-7780799.672698416,13507042.617645932
-7773740.636335433,13512139.463501241
-7772055.518246931,13513795.752954911
-7773389.878499114,13513810.19532308
-7775803.737256755,13513305.800859464
-7776600.055656822,13513680.304413194
-7769743.29196515,13518833.131170642
-7766566.283067837,13523134.679004975
-7763597.524011466,13525541.867178125
-7757077.255475374,13530354.83917691
-7755900.04624864,13531895.982492292
-7753334.15768915,13533216.60158376
-7764665.011448354,13506604.761838965
-7763491.287508519,13505761.82946164
-7761552.050158211,13506229.171753816
-7758377.973043454,13508224.024200786
-7751107.239140968,13514280.313450357
-7749352.541792167,13516329.352762407
-7749238.529216379,13517529.664468775
-7751670.950796814,13518832.628440542
-7750523.819218658,13520728.295933584
-7739792.117719462,13528370.090108488
-7738185.317951414,13530367.345676152
-7738440.841280662,13537103.635500059
-7735567.933762481,13539736.54034567
-7731916.455239247,13540750.335138794
-7730547.306482954,13540486.491939433
-7728928.024402143,13535686.660035744
-7727022.763269746,13535906.247693235
-7723790.257470303,13536820.31264765
-7721619.788421206,13536255.548759086
-7718568.893284941,13537355.595536826
-7716184.11224348,13538700.54324991
-7712889.285268651,13540432.538968846
-7710695.6434760075,13541534.721711194
-7708012.204851056,13542671.224319668
-7700533.747867231,13545418.791904818
-7699109.717516338,13546493.376947666
-7697320.111474505,13547742.79330104
-7695119.08853507,13549190.167834006
-7692537.526985301,13550811.787688147
-7692600.026944908,13549817.943310251
-7691169.589262024,13551208.293889984
-7690168.382239114,13552560.31001606
-7688075.8434736915,13554345.905547032
-7683462.6801777575,13556998.217308214
-7679098.098703837,13559010.08373596
-7676845.073594751,13559647.449157853
-7665143.150167754,13557716.854548877
-7664114.764136197,13555654.226423068
-7662508.617842883,13555833.349281782
-7652257.21654218,13558844.97361696
-7649557.305669824,13559028.044043705
-7652330.107850082,13556235.336701889
-7654099.969765117,13556321.08970782
-7657333.749860633,13555602.802097794
-7657703.964078593,13554524.237499414
-7655593.867156706,13554151.285236444
-7651898.133746154,13554637.487791874
-7647588.304778019,13556103.36852919
-7643005.903567979,13561957.761531975
-7676047.093940768,13563070.207016483
-7674048.437514475,13568217.80326119
-7678977.104054709,13570852.311386772
-7678247.046861431,13572594.468458466
-7670347.45628227,13580314.455915388
-7669296.612990884,13582238.21820332
-7670281.424730912,13582975.674131867
-7675218.922823858,13582983.289636096
-7678739.836807892,13579843.29670956
-7682140.20828983,13575369.054639058
-7693450.041029156,13567297.594530005
-7696084.789936246,13564673.63799379
-7694546.292867526,13557491.291244894
-7698635.176927795,13553790.516978951
-7708569.554596553,13546533.664084598
-7714370.545601508,13543039.566342443
-7717851.41232052,13542387.598429954
-7720412.711251359,13540626.271723902
-7720693.068266469,13539912.506968109
-7725665.464604661,13541590.40724667
-7727511.782987555,13556408.927739805
-7731056.381303429,13556115.773781491
-7731830.188599683,13556504.76968872
-7731424.707026153,13558335.053872745
-7732369.323639517,13558593.164531564
-7738370.366017949,13556973.454760725
-7738392.910367956,13557717.919150662
-7736192.523616797,13560390.416425128
-7740149.508446205,13569078.454354214
-7745410.528274735,13568667.650168829
-7746628.521859014,13569707.895026652
-7745222.315062145,13574680.642355198
-7752776.513168023,13573427.008913577
-7758727.726188196,13578137.297835136
-7757440.229195516,13579938.590229755
-7753570.686653809,13582939.170228273
-7753486.508291629,13583628.35694194
-7744875.644480116,13585820.058729997
-7740906.685745755,13587127.849215467
-7737529.591193055,13589747.78415885
-7733844.291999185,13594326.515523411
-7731066.140048103,13596940.227731023
-7726514.013537091,13599952.996539298
-7723302.540732017,13601100.416287228
-7720427.937313289,13601551.14833075
-7716886.980327864,13602459.47881576
-7714799.761320545,13604938.003159838
-7721209.487775868,13606391.75742309
-7718191.8508840185,13613358.008734664
-7719981.265191897,13614213.12947138
-7720485.828581399,13613705.457411887
-7724922.171305384,13609222.532512596
-7727098.880846802,13604743.744970066
-7729533.388219919,13602422.218242122
-7734530.09481138,13599044.207736725
-7741394.921734535,13597450.797775147
-7744081.466154482,13598284.055073023
-7743641.120773161,13600768.141798628
-7741081.221431746,13604152.228683464
-7739982.69981223,13605001.064366033
-7736550.93333355,13607280.623671874
-7735460.595038355,13608266.531645402
-7735585.769437248,13608796.812846024
-7737743.820612074,13608887.219755054
-7737942.099824207,13609304.169089459
-7735581.592932594,13611298.535382926
-7732738.800283476,13612363.118730843
-7727729.174043491,13613116.088916777
-7728194.947083271,13614930.554322371
-7727377.845524479,13616369.991095714
-7724494.992010414,13618653.983053636
-7718453.544775056,13620758.048455784
-7714337.757016704,13621415.039750459
-7704880.472021254,13619735.095499227
-7704713.70073367,13617903.928014236
-7709319.281775053,13614038.97849198
-7708468.951487282,13613944.921141837
-7706815.223684924,13614241.836118184
-7705640.4694424635,13614201.437141541
-7704165.055482695,13615075.797802445
-7701622.50578304,13616476.168005932
-7700386.495201032,13617180.373201102
-7701281.71397045,13615105.691264959
-7700069.930464854,13615122.181229312
-7695776.601420746,13617212.514010372
-7695707.496980811,13617088.714145085
-7695972.371196463,13616633.836628208
-7695872.2270828895,13616525.563245613
-7693272.728678464,13617825.18400076
-7697738.322590346,13620424.510932615
-7697393.909510106,13625135.36156811
-7704456.931556891,13623676.697484324
-7713910.975502578,13630344.671524681
-7712496.157796828,13634053.040563408
-7709573.541772016,13637057.977752622
-7704739.941419392,13641048.506905068
-7704321.822907484,13642003.778923552
-7711049.143303652,13640335.133292807
-7711837.965188512,13642305.201551111
-7717631.519724572,13641007.606594676
-7716379.072469533,13642318.03329524
-7712525.971244128,13644820.010752948
-7707765.425635417,13647616.694037113
-7709698.013001152,13645526.957742095
-7708815.969737587,13645524.522971103
-7705299.520450536,13646913.162246324
-7698236.012363868,13652431.169835918
-7694323.352224635,13654912.779307265
-7687623.846561254,13653819.433350854
-7687445.416405227,13651674.055537373
-7691006.971207205,13647875.71089382
-7699774.734922332,13640796.9238544
-7702747.358519725,13637844.652164288
-7702206.604678853,13636873.232118728
-7692530.178531738,13638737.830814391
-7691370.316209115,13636343.630391281
-7689129.3512795735,13636762.998619633
-7685652.627618947,13637757.923301151
-7683172.303990731,13637971.955070233
-7680538.401933403,13637338.75872288
-7681250.2828211095,13633753.621434104
-7678843.463431613,13634028.255025035
-7677052.613935832,13635431.786452802
-7674809.138369969,13637534.978468854
-7673100.69937494,13638763.031107157
-7669830.539325047,13640087.909098417
-7668170.578237931,13640450.65733984
-7667766.979562963,13640099.537215553
-7668204.469195845,13639308.733658519
-7664643.637236146,13640849.217045633
-7664765.361657556,13638095.479457583
-7662248.288737644,13638245.73678819
-7659145.705502612,13639137.97702132
-7654472.647008363,13639605.142430581
-7651632.011317651,13637575.18762178
-7652146.842669584,13637001.671483666
-7654104.912960775,13635392.20965976
-7654430.380080471,13634931.248952772
-7653495.078328152,13635239.601019986
-7651655.304742896,13636039.86736353
-7649837.877153707,13636883.703365458
-7649047.621316235,13637280.915400155
-7652145.596003155,13631807.347911008
-7649833.916582528,13631776.051674748
-7639278.409101166,13639576.866370494
-7634810.188117683,13638675.016481072
-7634504.978038137,13637786.482787516
-7631199.277086618,13640611.791438697
-7630929.402488936,13642184.67788347
-7635250.121495693,13646053.297458827
-7633892.873157467,13648292.155597797
-7630270.286830491,13651637.034965439
-7626627.306727015,13652235.566881381
-7612111.979152703,13639777.0072503
-7613913.55187788,13638278.821946502
-7616305.784791506,13636774.380170394
-7618175.765994192,13635506.68708018
-7620522.007436478,13633904.678973075
-7622243.980633742,13632546.799904032
-7623324.225481717,13631457.232752737
-7623713.730811372,13630681.377280666
-7623457.400408763,13630208.561832389
-7621989.083745043,13631071.913323758
-7620792.47962755,13631730.643015675
-7619630.064354175,13632347.758878266
-7618231.7878955295,13633113.506540528
-7607772.128063118,13631352.883648809
-7606284.715733568,13628398.336974429
-7612073.508627676,13622199.225799324
-7615651.566855185,13622083.55598096
-7616583.71817031,13626974.687513318
-7619170.938279882,13625691.453323977
-7619460.239946947,13623305.028798563
-7622015.290309295,13622036.095198615
-7622225.420466517,13622457.768671365
-7623115.99891512,13622515.096962333
-7624673.29803889,13622203.528282681
-7626945.848420364,13621481.734021116
-7629890.7658841815,13618890.579808576
-7635050.949789626,13613155.675334366
-7634196.43186683,13612503.139501583
-7630851.338798064,13613213.33468152
-7628974.574492616,13613253.965742264
-7628074.465164703,13611681.552752404
-7633759.460109909,13603185.919372002
-7633995.522543829,13599963.389558762
-7626672.785380435,13601935.559943695
-7622556.38870156,13604064.359542554
-7619608.242369296,13604696.201759338
-7618288.840110442,13604179.460557062
-7619241.8973682355,13602774.690141598
-7621816.2552223895,13601488.172640063
-7626802.283612315,13600607.057994006
-7629346.484322886,13599334.147344517
-7625687.3175924,13598992.192915771
-7624640.068478213,13597227.199889448
-7626772.625968962,13594341.205068348
-7625655.614426456,13594078.751753287
-7619827.538056393,13596477.586517902
-7619556.20068496,13599454.391284745
-7616983.488685886,13600740.69357746
-7613907.196871792,13601163.484748736
-7612093.280415999,13600560.481421538
-7612147.3577310685,13598994.176201345
-7614691.69463083,13596517.011944376
-7617433.103031407,13595777.546548493
-7620746.562927093,13587135.614567596
-7615354.8282788,13588545.740171498
-7615123.3296939805,13589062.82316265
-7612910.4101303825,13591066.326059502
-7605884.944351022,13592016.959712392
-7605531.41111178,13591291.792270787
-7607393.98360424,13590358.615904735
-7610376.623757061,13588981.984766742
-7613390.841880473,13587765.545274295
-7615455.031761955,13587260.554791914
-7615233.96179827,13585538.03297785
-7613561.943647323,13585507.97541252
-7609624.4292915575,13587491.515121559
-7605466.95124163,13589850.494815128
-7600798.089022449,13592168.364730455
-7596991.451223172,13593769.187940452
-7595467.675845775,13593934.563574903
-7591955.0090316525,13594964.999853918
-7583702.197500648,13599952.437327046
-7569425.4778144825,13609306.812220475
-7569526.162839756,13608127.750945635
-7571660.321262951,13605890.338722851
-7580962.67705372,13598629.871580062
-7588082.4435829,13593981.54341209
-7594349.341578493,13590266.559100596
-7597211.684919662,13588483.762673765
-7598420.715918252,13587404.750554232
-7600829.34661489,13584720.829793276
-7600797.788740676,13583891.523506114
-7597334.9152696645,13585257.220928216
-7593904.974466107,13587213.35203644
-7590750.680931312,13589834.370416611
-7588276.577581414,13591340.78268668
-7584606.178095977,13592723.177078761
-7580715.21939434,13592256.4282644
-7578084.306700251,13592663.756888626
-7581963.417456378,13595115.403312616
-7580215.439057272,13597282.152925445
-7578854.323450215,13597813.623549724
-7577625.317163285,13598344.540958041
-7576491.5508635165,13598781.039881857
-7575368.941605129,13599071.570838854
-7570762.993993792,13601737.792305253
-7570154.742639819,13602579.15657181
-7570773.535710737,13602912.183126519
-7569862.839604526,13604042.340416491
-7567386.35302829,13605684.036676995
-7556931.848827724,13611720.3562735
-7544330.1012966605,13612941.533723747
-7542285.3643793855,13609504.571642313
-7537310.673051476,13611080.294623138
-7532325.389343058,13613559.366604792
-7522358.604551551,13613470.138088964
-7518044.979488091,13619638.298321357
-7517847.598785123,13621723.396860847
-7521718.87576383,13621626.897102091
-7529777.2813491635,13619557.59653751
-7537296.699098574,13619359.615133196
-7550418.580970625,13616217.355590079
-7551875.381863711,13616105.242509533
-7556412.640670065,13617641.562144822
-7550535.775167445,13626686.55502012
-7550692.338036635,13628603.85433821
-7545385.346992046,13630714.304824071
-7542960.11809922,13631101.385364592
-7541497.549885327,13630889.415705027
-7539109.85893545,13631189.287088145
-7535735.073078353,13632332.390783204
-7531966.667667778,13633772.577016259
-7528895.897510167,13634788.786339317
-7527674.375533311,13634637.150067642
-7523704.220077522,13636924.62381475
-7518905.265011398,13640327.176216835
-7514608.99068541,13642919.60120981
-7510564.0777313905,13643252.150289644
-7507370.340529778,13641220.31136579
-7501433.901387259,13642677.483758684
-7495434.907777947,13644470.926096868
-7487372.204799365,13645807.312003454
-7482452.526826585,13647142.54930005
-7483166.873555087,13648151.220435627
-7486327.783362589,13648388.28903628
-7491266.987356691,13647428.68614674
-7497330.506714313,13644855.94846973
-7499988.6547362795,13644598.285858897
-7499311.227375466,13647626.022570772
-7502164.3664942505,13647426.072841793
-7501234.149460898,13647980.763429362
-7500817.671900053,13648210.245249739
-7500398.477703019,13648465.07894525
-7499552.728867163,13649042.998366212
-7496749.370053521,13650412.37893403
-7492847.1043179,13651877.427021291
-7490234.319722294,13652690.33557042
-7481983.597159017,13653972.148222232
-7478678.791510571,13654879.651669823
-7475421.049445345,13656163.609229464
-7464448.7041823175,13661575.19693186
-7456050.775792456,13665954.076173423
-7448558.295209607,13670235.276117306
-7440238.118057345,13675375.885453114
-7438720.827231306,13675486.970726479
-7439255.995262885,13673986.382743865
-7438213.081419749,13673867.003763616
-7427791.006286432,13679661.36732689
-7423322.284934422,13682247.401447903
-7419746.3497326095,13684602.641414056
-7417518.488196613,13683656.890010845
-7414164.063063463,13684644.331264475
-7407134.439160045,13688820.774764815
-7410306.969081394,13674312.952716175
-7413348.685555056,13671018.71465264
-7421715.329666256,13666741.020223277
-7425773.2427618,13665992.395184446
-7428647.958292148,13670472.392448334
-7439003.927449569,13666693.659491189
-7440086.409845114,13666884.316730266
-7440843.624034183,13667936.197483778
-7443584.039182467,13667271.772372251
-7446844.116368398,13662681.543657297
-7446847.995952422,13661663.550879687
-7444034.294762478,13663027.70298406
-7443997.3926479295,13663382.91941379
-7441428.0375407515,13664627.72221361
-7428373.690646396,13661594.569686625
-7432227.081155415,13656713.771298967
-7438335.923787036,13654157.566849874
-7440312.25095475,13653429.793988375
-7442616.383806441,13651494.120166749
-7440880.72538063,13651653.006980922
-7438514.776793924,13652171.511881383
-7439199.878015002,13651190.037781477
-7447130.457891749,13645237.304860907
-7448500.777445449,13643877.67220998
-7455560.465054065,13640894.137686145
-7459415.072302314,13639185.032397289
-7462869.712160508,13637352.194423782
-7468941.652300959,13633884.576198954
-7471778.951035916,13632433.180781515
-7475155.751005133,13630821.142018314
-7477962.86218481,13629373.387680337
-7479181.156310612,13628384.478879081
-7481721.005331322,13624572.256605472
-7484565.7230945965,13621927.763291763
-7486207.838826089,13619842.547435759
-7488431.058362795,13618259.692012066
-7491933.059366027,13616225.956251074
-7493655.335544143,13615305.757399052
-7494400.263521312,13614708.95150777
-7495000.606660965,13613610.775436519
-7494758.808025115,13612544.29248578
-7492431.593611093,13613032.837887961
-7488601.8241945375,13614951.48343254
-7483711.366531325,13618254.508445853
-7481010.961318249,13619964.789062168
-7477407.890689468,13621972.648583902
-7474022.121984295,13623798.348283177
-7472065.561721762,13624911.134104414
-7470133.602617411,13626510.01615464
-7470287.867855364,13627030.478134023
-7471885.642216044,13627471.59857988
-7471925.522880751,13628742.363863025
-7471163.321781141,13629731.210797623
-7469138.8946781065,13631316.830043424
-7466746.35346408,13632719.694525799
-7460020.723788386,13636355.17038876
-7458618.910564747,13637241.218574626
-7457456.289582708,13638061.438879458
-7454913.52878828,13639117.14984104
-7450984.919431811,13640484.040427018
-7448808.34466462,13640800.286581986
-7447941.470921729,13640282.722034575
-7448413.543621299,13639105.837772612
-7450116.8264200585,13637519.627721732
-7459677.156028855,13631355.164289614
-7461758.409527515,13629537.362117212
-7456830.013555071,13631152.422942333
-7447757.897029733,13636526.88719536
-7439973.304761818,13639503.46545
-7436145.451439224,13639725.837472629
-7438965.522218895,13636820.072662663
-7445821.513332445,13633018.763370657
-7453438.727691689,13629653.13390983
-7460221.087337446,13627118.164189423
-7464600.350137497,13625800.83969065
-7474186.242464685,13618801.399030492
-7475629.60632166,13616874.94188373
-7469990.216518032,13618802.417178998
-7468876.403388826,13619681.894575
-7465954.680744635,13621698.713705942
-7464809.861812201,13622587.067327274
-7458795.426915178,13624864.053146794
-7455719.7019710345,13626269.264963575
-7451864.538016428,13628353.028692793
-7453774.538258564,13626327.975172
-7453530.216783294,13626005.545968017
-7451990.901522485,13626386.477573553
-7449698.463631506,13627510.889381954
-7436863.624574494,13635382.821686659
-7433782.678418992,13637480.881823968
-7430852.785807203,13640520.501436716
-7437202.185225246,13644867.10862582
-7433235.748057138,13650597.485784136
-7417205.886995176,13665871.157710252
-7411479.308165551,13669235.663481383
-7406695.129707498,13669976.273818213
-7412354.844439024,13659923.103803147
-7410484.108659465,13656042.598139608
-7414869.940293697,13650818.024527485
-7414486.827082836,13650290.787474561
-7409201.050950592,13651633.546496533
-7407365.279627488,13651901.123036513
-7405674.601796581,13651803.19653181
-7403356.194262517,13650300.068229908
-7401074.000577838,13650646.554562489
-7393825.474648014,13653169.941055708
-7385379.577658515,13656828.645016357
-7378363.324499829,13660539.438121472
-7375313.778198334,13663248.207450261
-7376481.8894916875,13663453.445914771
-7379350.303166517,13662687.783588989
-7382770.273942392,13661608.261267627
-7385545.7331998525,13660910.33540772
-7387207.315241392,13660973.868370438
-7387556.564012927,13663649.869738672
-7387585.631515539,13663303.397187872
-7387528.438842358,13664328.325295988
-7385172.397098672,13667446.416699897
-7384896.3678642595,13668589.142723205
-7387201.450853908,13669378.196157537
-7386442.193120813,13670670.408224562
-7381757.05470674,13673757.10749008
-7375684.652674361,13675791.055893827
-7374192.99152542,13676174.085181478
-7373288.754676623,13676963.724025862
-7371941.248086493,13677820.985231476
-7369011.476110702,13679549.453500843
-7367068.890821932,13680086.310312912
-7365608.771873011,13680748.379034285
-7364545.26224023,13681518.850121886
-7363853.392209692,13682351.801543366
-7358430.380711347,13684436.560901085
-7354095.554730074,13686683.71328638
-7350123.25924908,13688927.065950526
-7345928.212544597,13690922.610640349
-7341671.996043997,13692090.423880605
-7338248.710262011,13691036.02699071
-7333371.2635686,13692316.120236797
-7329993.751272326,13696723.111792212
-7336686.058162473,13696117.826179156
-7355556.185666784,13692086.802647129
-7359454.861845517,13688526.399134474
-7362872.55729116,13686061.360812493
-7367363.740624195,13683875.07633113
-7370912.323679478,13682678.519440008
-7373307.483694218,13682117.654269407
-7376384.963918036,13681846.045126405
-7377016.337440711,13681492.438713405
-7378631.887371923,13680742.796269404
-7378057.051565456,13681682.627676288
-7378261.30806661,13683221.226752609
-7375762.899542632,13685187.71579837
-7373267.026670978,13685471.0615645
-7370945.1713029845,13686582.749845047
-7371812.742549481,13688103.317025067
-7382675.103233151,13686560.414406702
-7386173.87993927,13687788.851407228
-7390938.2407337595,13687127.548053399
-7392519.985166882,13687216.945415862
-7392677.580542713,13688367.333961075
-7389611.541398527,13693781.087631572
-7389618.859796175,13694079.41085115
-7388028.96046397,13695166.638607122
-7385847.512719953,13696485.11182252
-7384015.444259856,13697774.180870797
-7381304.99388463,13701806.194247512
-7379155.10448659,13703749.345410781
-7376989.58654682,13704796.844367996
-7370853.521862794,13706147.590187425
-7369760.528809107,13706919.387798643
-7366800.699615591,13708762.995384725
-7365603.405159674,13709556.418174053
-7363874.029259232,13709794.421414895
-7364138.111478815,13709091.228649782
-7365938.122763468,13706964.282024508
-7364381.2169191325,13707198.911472308
-7357372.75994131,13709968.178615173
-7355839.949372717,13710241.541291637
-7355372.888512731,13707204.085533693
-7351539.0673287725,13705886.673892234
-7345757.864335718,13709741.803297803
-7344855.488393714,13712796.809746109
-7341917.9503484005,13715157.255247246
-7333445.4105026275,13719774.635169694
-7330530.783312439,13720390.506642234
-7330490.2906054715,13717703.628966074
-7326743.283720751,13719639.145816635
-7325333.856848229,13720410.664731296
-7324883.3149378225,13719662.108366963
-7330458.991326764,13715217.985949382
-7328611.626643421,13715237.852727382
-7312891.55152234,13725250.601500386
-7307448.492402527,13727930.097143244
-7303461.745425606,13729267.44670427
-7301433.131638404,13729058.296237482
-7297213.972788871,13730634.62782222
-7292260.854072437,13732869.043754471
-7290340.026410747,13734020.246243747
-7288628.571281745,13735214.22348537
-7284454.3486210685,13737517.560487531
-7279771.730669367,13734908.903019162
-7274838.520316039,13735128.127041202
-7274119.811618574,13734339.631128747
-7276601.629129116,13732143.365892418
-7282836.12057519,13727550.422180412
-7288218.4520306075,13722887.627746603
-7291609.0017899675,13719106.628040185
-7291830.018228598,13717183.86793187
-7289508.080144339,13718278.055052254
-7287420.610303587,13719844.399372796
-7284542.420982341,13721494.042626854
-7280770.61784339,13723492.909030022
-7276047.5977139175,13726081.281056777
-7271312.309971326,13726210.192687491
-7269352.596109071,13724930.429778611
-7273139.77265048,13717418.115762854
-7271937.651977687,13716740.399177447
-7265083.064440538,13717437.962808875
-7261746.481389887,13720220.07134038
-7264396.914288774,13723769.572127461
-7263290.845547235,13724734.198636105
-7260734.657310361,13726499.769166127
-7254954.810354811,13730151.357860122
-7254420.715158805,13730892.494929746
-7255897.211465195,13732561.46931166
-7258916.979745902,13732398.443004217
-7267829.617189124,13730724.036970295
-7270864.79991272,13730661.248310715
-7273147.330133636,13730735.568225805
-7273276.716786512,13732817.006294997
-7271331.837671313,13735879.907018315
-7267363.643112631,13739185.439471101
-7265216.398830819,13739553.517841343
-7264558.949334185,13739193.761793965
-7264934.594168987,13737627.662410852
-7260978.821276439,13741823.836847307
-7266324.570931832,13741493.422614647
-7273928.948682801,13739951.5720814
-7276844.734578492,13740475.285095867
-7273262.635877035,13743048.319228573
-7267011.303811102,13746231.626830628
-7261122.528752969,13748658.788800117
-7258581.3057760615,13748991.537693122
-7257248.973575917,13748777.867631132
-7253659.653334401,13749425.6430165
-7248795.022248835,13750995.086515624
-7243497.117437997,13753613.77334761
-7237689.3628362445,13756282.695125759
-7232614.751248846,13759226.154773505
-7227761.83173926,13762301.091761734
-7222591.286130431,13765373.688146017
-7214030.402686517,13766195.588783925
-7216491.995620326,13761494.101906948
-7235441.94424158,13740985.42124165
-7233056.074315023,13741404.847715477
-7228111.210282368,13744356.696776012
-7222610.921873461,13748039.252339648
-7217736.719652449,13750839.044314273
-7214708.80483045,13751119.63789956
-7217852.104168786,13752836.35966675
-7216946.049892252,13754264.69081875
-7207645.647717866,13761290.395184062
-7206096.618014908,13763162.611727763
-7208480.910579481,13767061.936541036
-7205692.883039637,13770869.459070986
-7194188.807173347,13777553.700934293
-7187651.537877207,13779229.244943615
-7184406.8005053485,13776854.115237247
-7181108.227543625,13776727.768595017
-7172449.572256657,13778628.813647768
-7165072.5912912255,13781352.724930301
-7162363.044977154,13782084.196162537
-7163122.214375323,13780900.21583394
-7167023.514332038,13777056.178930815
-7169424.233205714,13771652.092708992
-7175093.0549224755,13765871.45385267
-7174648.657041274,13762529.782635374
-7176738.456425853,13759760.338652773
-7176806.517812589,13758864.209801547
-7175122.1282628905,13758744.656316776
-7170053.905231477,13763601.538998546
-7167003.97678408,13765752.177826893
-7164112.719600572,13767551.094375528
-7155160.161808156,13772510.750436755
-7152214.677704677,13774364.494052002
-7150586.567152875,13775589.54949288
-7148675.845288257,13776672.088837713
-7144869.272402058,13778089.001016025
-7142246.81515453,13778918.43105581
-7140049.380707366,13779680.936371299
-7137363.568819737,13780870.427592885
-7133168.179174793,13783030.470017703
-7126729.214175221,13787094.211057272
-7123436.606098222,13790326.62878399
-7121029.869117193,13796223.31891522
-7115320.147258324,13802053.484322121
-7110658.514883144,13805532.561781801
-7103138.116683598,13807782.569515599
-7100401.213697556,13809868.148506671
-7093179.879850293,13812029.826523041
-7093326.624804954,13802710.915657284
-7090536.627785288,13802055.703247955
-7079867.889016003,13803065.640490336
-7071548.317795723,13807986.732131561
-7068491.888937348,13810975.692899505
-7070729.814066436,13816202.486994509
-7068950.273078697,13817465.791867124
-7064033.361368524,13820370.749896554
-7062784.833198481,13821237.19536609
-7062556.875507932,13821948.880869772
-7063765.622263587,13821687.709673746
-7065693.155587427,13821026.927070675
-7067654.8482504655,13820507.876190603
-7068910.977451215,13820394.66165949
-7083838.008093687,13822955.092977831
-7085187.505255871,13826014.310202232
-7094522.765931045,13827564.421960631
-7091940.461309706,13842403.6755406
-7089230.8194593685,13844731.954596953
-7089402.084291321,13843208.981003257
-7086111.848786713,13843605.42704609
-7077462.504128302,13845543.326485988
-7076847.610330534,13845078.222516714
-7077473.0300518535,13844100.036338542
-7077244.273198821,13843527.549525516
-7074047.030902935,13844314.706431938
-7066443.091926989,13846682.464984177
-7065395.970392707,13846847.870603535
-7066408.499749301,13844864.036361882
-7068029.424582649,13843455.415961798
-7070944.096808919,13841465.688703336
-7073809.870033018,13839806.233052686
-7077396.194152516,13837836.718050594
-7080461.236864458,13836082.332033454
-7081813.6091149645,13835028.400365321
-7072277.4115435155,13834168.017562276
-7066410.5216516955,13838380.414140388
-7068118.216128987,13841166.675852697
-7063411.888701942,13844812.80149826
-7063065.924505814,13844625.808210012
-7060831.014930136,13844798.673761806
-7058505.431136732,13845830.725762472
-7055045.398695801,13849050.484571282
-7050230.158510556,13859251.012926878
-7050993.269646534,13859929.367215086
-7052570.929431462,13859844.469998544
-7054712.936733716,13859263.49416954
-7060981.214667627,13857258.647064433
-7081166.73800438,13852346.244016446
-7088969.845031268,13851368.96925298
-7085140.649055446,13854416.971692199
-7085218.772656245,13858010.165379377
-7081310.409819073,13860508.57369349
-7078816.756493839,13861423.507489827
-7070794.561706927,13863813.247775251
-7066140.350286968,13865460.888963278
-7064662.061543523,13866476.114762353
-7063597.853996708,13867322.40300026
-7064070.351576033,13867730.54634013
-7068175.6760489615,13867785.435053688
-7068649.031264879,13868313.230554506
-7063896.780985883,13879333.400690906
-7066979.9396522725,13881805.789268294
-7066490.8236575695,13883897.592030434
-7062678.462271077,13887303.162819756
-7050110.745037085,13894982.391276013
-7049887.725942049,13895899.460272705
-7051333.301611457,13896124.247316614
-7052308.062292363,13899603.931165973
-7045638.133556108,13906117.098291328
-7044839.7642302485,13907402.618788885
-7045116.802841143,13907510.750712605
-7046656.637243837,13907174.889601834
-7046933.379956091,13907392.191875517
-7045999.608715352,13908172.638266733
-7042253.947764913,13910411.86663415
-7037804.129192621,13913862.613302704
-7013521.276797447,13927896.671559889
-7006104.307126039,13932626.271406554
-7003314.263442619,13934667.66116395
-7002047.641188007,13936019.768316412
-7000207.509374472,13937350.215137042
-6996184.735132836,13939451.046431914
-6991310.001109276,13941839.453547142
-6987142.345515207,13943956.326202378
-6979701.240822184,13948512.961502222
-6949187.0169017445,13974486.223620947
-6918275.374073724,14000426.190206349
-6908047.769962122,14017375.753617728
-6897538.133795724,14034407.595214568
-6881739.414103809,14048318.712231133
-6866805.518356942,14056849.792014945
-6860842.133569799,14060776.29626097
-6854066.603195745,14066434.440851005
-6849329.588501676,14068429.68216517
-6843346.687084661,14071369.51601038
-6837199.490760241,14074624.168672416
-6813841.261056249,14088378.648545302
-6793346.884303685,14102048.66143319
-6777222.486363815,14111614.418072028
-6775126.433370864,14113155.864214083
-6774573.7828904,14114174.330081219
-6776420.594542599,14114978.504439082
-6776251.696489178,14115834.871361624
-6773586.237235926,14116880.789423998
-6769231.78283356,14117451.901164128
-6766022.548254272,14118111.598284671
-6762454.76488012,14119251.031328421
-6757320.1179250125,14121219.690757407
-6753915.800296608,14122411.408164645
-6751571.481210394,14123066.3294269
-6749447.306764141,14123479.644304706
-6744893.033406233,14123700.816254774
-6740841.233939687,14121967.417062018
-6726514.441688755,14122789.76687646
-6720389.047970247,14121759.42117744
-6717745.97308228,14119248.938829614
-6720809.155701122,14110889.428774513
-6725837.9322581915,14107008.407265816
-6728154.7087929305,14104332.919181319
-6737695.272203025,14097839.058604939
-6739377.774556329,14095131.360155694
-6738540.401412673,14091309.803777792
-6740328.413879921,14089664.077685043
-6750954.387160413,14082789.163566059
-6760577.735449809,14072919.301746354
-6757182.906446495,14064370.841265861
-6769605.794757407,14043011.991445618
-6795576.594705852,14018566.84004052
-6823896.438547151,13999560.983622214
-6838827.434366903,13987287.788981289
-6845499.85725637,13983395.218369547
-6852220.113544321,13978870.264238745
-6860848.857585043,13971685.172834992
-6878540.278106205,13959233.208904643
-6893147.111735788,13946134.180231528
-6910889.417425115,13933392.601029176
-6911153.546658158,13927466.370373007
-6925792.418110663,13912203.199656852
-6940662.588690103,13900536.506480845
-6946860.512341761,13887983.204566719
-6959976.429135255,13875183.207527092
-6960897.556656839,13872782.196304819
-6957777.07027566,13872266.689943552
-6948392.579907192,13874904.499450248
-6943237.201637852,13877563.213967025
-6939726.474509472,13879570.34030459
-6937203.626454338,13881268.89849244
-6934781.681143737,13883095.295907445
-6934072.956469647,13884430.315763602
-6935407.473806974,13884954.270179445
-6935585.183178852,13885917.14958263
-6931374.902622557,13888573.145504903
-6926292.630982988,13889800.139177034
-6916007.958727853,13891580.292366987
-6908704.514070452,13894652.961432876
-6904502.058699665,13895701.528473128
-6896148.925603813,13896895.719038863
-6895429.074314322,13896692.204889506
-6893194.538670483,13897537.217666276
-6892165.214653958,13897762.84547497
-6890560.2044510925,13898340.118741935
-6886554.03761241,13900249.271639992
-6884863.51761657,13901257.14051614
-6881456.922599405,13903745.898306899
-6880809.841414947,13904379.127775218
-6882663.571867912,13904454.489201428
-6891308.319036428,13902555.431869823
-6895383.87287423,13902407.707035815
-6905790.803811808,13898398.00312429
-6908017.7992504,13898085.38169948
-6909156.622376077,13898566.7241078
-6920470.932626365,13895836.947198913
-6922998.506461489,13895908.27141396
-6919323.98553872,13906660.000914462
-6913326.753216412,13911965.211616147
-6901291.368081802,13918588.009725906
-6902819.789291039,13911660.14016839
-6896920.751575497,13915044.68919802
-6891804.1797400415,13918915.182225693
-6885902.218694381,13924558.213912906
-6887863.267013816,13928287.787621994
-6884386.922830256,13931130.762649564
-6875215.458223566,13935733.398368558
-6866276.807759377,13943032.91077424
-6859875.239105831,13946617.359644074
-6855870.800880017,13947152.10095552
-6847962.839231131,13946828.708525024
-6842151.6574555375,13948336.010304408
-6839943.812517485,13948732.422214722
-6840949.723566589,13947788.378876446
-6843765.575260734,13946366.972582316
-6847272.020281597,13944846.15625922
-6850801.965609068,13943458.073289376
-6853675.388295329,13942431.070750333
-6858959.055389379,13939335.669109799
-6862492.221588066,13936563.932391504
-6867652.571475175,13930517.352797383
-6877178.6812920235,13923932.764113868
-6879522.684056401,13921621.732736256
-6879720.502893447,13920408.557740282
-6881625.19181507,13919183.676980818
-6886414.997561726,13916976.232614597
-6887944.278869715,13916120.008899314
-6887837.076629496,13915711.644895887
-6886748.8480287045,13915696.962286785
-6885426.198633486,13915989.198030578
-6878766.110321091,13918698.779932577
-6874125.294235464,13921249.545028524
-6869909.347495061,13923828.049025679
-6864561.151046119,13926586.064354928
-6864634.663700412,13925752.100352118
-6874690.89506539,13917222.606771592
-6876384.905421875,13914466.066470012
-6869603.048470236,13918489.771469103
-6865202.695505234,13921760.385900805
-6859798.459545394,13926895.110145664
-6856892.797012935,13927712.35345143
-6852924.740875895,13928658.181566339
-6849563.807782451,13929827.698013654
-6849434.056608979,13930725.176132763
-6853095.46805993,13930775.464577347
-6853946.532682235,13931213.148952546
-6853167.933734685,13932375.918528276
-6847945.950899326,13936988.406304097
-6838382.253207125,13940144.199061714
-6832533.959514633,13940846.11946751
-6830393.648589483,13939780.226245455
-6836492.593262037,13932194.673292298
-6844686.791547731,13927208.474113908
-6846924.439521159,13925338.038200188
-6848819.793678861,13922041.238377612
-6848126.710590341,13921874.468415929
-6845862.420392598,13922775.616364352
-6841171.548085913,13925205.971614888
-6837282.434940521,13927609.220489338
-6820012.542162983,13945647.121228678
-6828643.679451742,13949598.43675175
-6826047.163996825,13950687.68618374
-6822467.155695253,13951355.54225029
-6818080.103979664,13953128.472258406
-6812464.942711499,13955727.512211485
-6805201.344135627,13958873.186372453
-6795777.193540905,13961874.862919446
-6791099.15874215,13963633.55494767
-6789733.152422944,13965015.56019069
-6792159.508304282,13964798.676456016
-6797162.32277968,13963585.760943245
-6812018.742740474,13959381.801475286
-6813426.934638867,13959073.253432957
-6814667.471596973,13959107.586505974
-6815451.076429136,13959530.918940563
-6811422.859220124,13969024.205139095
-6806471.0026460625,13972343.632217994
-6797703.4169628965,13976599.006208433
-6792051.185752051,13978657.27443731
-6789145.354147179,13978990.198726878
-6788521.413631241,13978100.654222822
-6790036.982372543,13975459.844079934
-6789747.171725659,13974545.0735435
-6787308.2977634715,13974666.922078194
-6784136.912410077,13975539.570666788
-6781188.200472783,13976622.554520315
-6778060.848036162,13977861.417818816
-6774309.290917126,13979213.322806014
-6770086.293982585,13980515.655481834
-6768811.9448553175,13980630.072665537
-6772697.459839242,13975776.836554965
-6780397.76074727,13969669.623245489
-6780996.084222061,13967023.489906047
-6782701.51002351,13965159.891849486
-6808879.28472244,13946364.315891756
-6815509.619620721,13938244.487481415
-6813676.8218635125,13937939.09504755
-6811465.597085448,13938461.04168598
-6807592.868144027,13939547.072832976
-6803901.401961875,13940824.8570241
-6802109.155192667,13941979.068132142
-6801079.027519055,13945398.3248167
-6796379.286670974,13948407.162788976
-6785633.0353448605,13952781.732961958
-6775042.600591488,13963566.717467131
-6771762.297875519,13965765.201497719
-6768218.721662457,13967263.668881185
-6763133.846749341,13969559.468559984
-6758312.350209134,13970655.561034814
-6750821.914329562,13971703.499286134
-6747413.541059542,13974696.55244985
-6748793.801156601,13976307.30906618
-6752953.943427238,13976757.330477001
-6757854.954842795,13976284.624249296
-6760746.579533586,13976747.804764763
-6758868.459680897,13979576.70757181
-6753684.556376027,13983719.654043399
-6746702.322513522,13988093.402792683
-6744111.685570325,13988327.60174907
-6741743.64378138,13989299.699573223
-6730406.6402272275,14004724.58280877
-6720925.882582459,14011795.215399662
-6720414.4926977595,14014138.874882944
-6718038.555657913,14016115.398833992
-6707242.873027582,14022439.362119367
-6681050.690935441,14043102.210905466
-6679429.652516894,14045437.662051667
-6676778.4294682015,14046066.809319582
-6672055.189245106,14046466.600859378
-6667925.493457793,14047418.932234077
-6666266.235807835,14047708.716844296
-6664796.641016262,14047693.106251087
-6663864.159665303,14046639.258177502
-6688543.291054284,14024237.806608837
-6712873.528487746,14001835.181276169
-6714239.431443455,13992819.182347093
-6711249.179805109,13992336.17944346
-6706693.6339849075,13993427.494924434
-6696987.037840232,13997180.71995888
-6692793.34965211,13998264.260349263
-6691854.068671946,14010146.601100482
-6688788.839864708,14013356.785631113
-6680908.709367021,14019012.984410055
-6676518.081965014,14025042.022661466
-6670810.194111203,14029633.993324092
-6668188.73277283,14031015.205512138
-6663764.860175227,14032223.175975617
-6660758.593029747,14031847.495687287
-6667500.066023789,14023587.541056316
-6664342.325521824,14025872.391112871
-6663364.699157042,14027580.724373184
-6660829.62155891,14029780.312834976
-6652916.688889649,14033583.366608646
-6644723.356091799,14029984.582061145
-6642120.6660637455,14031026.821748987
-6640988.973057049,14036258.977272334
-6650736.346253428,14038961.037429648
-6650187.696630613,14045772.386801343
-6646318.2343846895,14048798.56703619
-6641105.627191344,14051731.82915269
-6638698.322828421,14053212.90353905
-6637538.501861482,14054363.882282378
-6637712.980574074,14057453.099443842
-6638938.208980849,14057198.225348381
-6640682.156053158,14057247.476658069
-6643956.575357182,14059837.000482142
-6648570.610604932,14059633.69484867
-6649470.302694621,14060101.898573613
-6645810.369730941,14067656.635917837
-6640102.656286668,14071764.217588212
-6635897.186350998,14074137.904132616
-6632822.848519608,14075428.02245266
-6630470.544412902,14075891.416453984
-6628401.861692216,14075785.705460401
-6626748.9388540825,14073549.855037726
-6624866.52117972,14073365.780636705
-6621930.660679266,14073908.651529538
-6610918.880116381,14076667.08878448
-6605638.317259244,14077440.339921363
-6594619.67052029,14076831.686304923
-6592252.340642233,14074075.141285397
-6597546.634845906,14064513.895211628
-6596203.927369643,14063111.123642372
-6593803.199542732,14063056.24684572
-6589816.8700491665,14063895.653669104
-6586424.488224989,14065070.102478975
-6581494.069036093,14066982.355572287
-6577034.170575575,14068871.540649744
-6575041.318481368,14069975.187487168
-6564024.257416074,14079495.234645521
-6559821.420894994,14081999.673852831
-6557409.279850854,14081963.412698552
-6555526.593964171,14082230.326726887
-6552670.722385667,14082901.362094749
-6553773.352342558,14086672.00653316
-6592636.105936316,14083401.221795073
-6597371.573451336,14084958.5054572
-6609872.953703324,14083955.633609403
-6615440.027716787,14086129.942095729
-6623529.226291496,14086233.02975253
-6624120.3735680645,14088372.934547037
-6623372.213267936,14089989.664867748
-6621248.643298985,14091511.539937226
-6616642.8377897255,14093946.454171317
-6611049.299437742,14096417.541517422
-6606580.238905382,14097989.982070172
-6600774.516248151,14099560.231977606
-6593522.189666414,14100865.215530703
-6591861.50550502,14095810.614335146
-6585867.3098570835,14095573.11914849
-6579689.3832108155,14096734.233459003
-6571186.927099845,14099502.027242906
-6562262.16459519,14103450.422856279
-6555604.464957552,14106891.773921598
-6549952.629285158,14109375.859967994
-6544066.81117218,14110438.900155583
-6533868.164933678,14108727.98745009
-6532938.13348727,14106348.417310687
-6531615.195524466,14106216.652228981
-6526729.553500675,14106919.74100188
-6524959.621910067,14106905.79347348
-6525038.458813542,14105554.862200005
-6521179.780273549,14104575.117963484
-6519136.4011535775,14094715.451573564
-6528324.641432783,14083694.746668218
-6525307.912284633,14083308.089568349
-6519925.608727926,14085952.560220532
-6516698.927801055,14086195.671456214
-6512281.2971531,14087018.775605032
-6508399.795967793,14089048.01586948
-6506778.642856002,14090431.119739939
-6497726.895890813,14105685.864358777
-6514748.596631861,14115776.098292055
-6528935.869940833,14115557.805385271
-6531142.357061821,14118370.262183126
-6538773.089629457,14119104.82808368
-6524601.389700509,14135641.315303326
-6510184.579059058,14152216.645152474
-6507313.398862424,14153297.57395904
-6506390.551703458,14152986.601039175
-6505364.223192844,14153043.763221227
-6501381.668903576,14153781.83524078
-6497296.962499232,14153645.476856917
-6494762.249288489,14151572.732449021
-6492204.423274133,14151706.154079389
-6479502.199614753,14153781.892212078
-6475040.892279184,14154016.094495695
-6461940.182578871,14141713.558660787
-6466715.63636885,14135255.659554558
-6460618.730958052,14123695.621869748
-6458223.625360858,14123808.605874881
-6454735.27751172,14124384.784788521
-6450610.67796884,14125395.257808056
-6440750.71535731,14128084.99175058
-6435526.694054638,14129101.822785178
-6426897.804601522,14131516.934049997
-6418793.028112231,14134256.492496623
-6416352.838955286,14136070.918032508
-6413844.303530796,14136749.74984137
-6412127.201260038,14141055.447434621
-6414559.0981862815,14141212.347340986
-6415296.869738802,14141419.978196701
-6418659.579294383,14140620.33073422
-6428247.514661361,14137798.177179392
-6435858.731255134,14136215.22368836
-6439655.335327756,14136255.401833748
-6450570.882484152,14142410.365392031
-6434186.64227338,14164309.020926727
-6428880.912142193,14166179.630322566
-6423864.02267041,14167855.57732418
-6419121.930049778,14169512.553584838
-6414738.288455043,14171280.12429379
-6411481.631162405,14173040.801808529
-6411572.160490895,14173736.494017616
-6415435.826034349,14173718.811545823
-6416522.47429616,14174328.590602497
-6405248.444511372,14190134.26897186
-6393716.584829402,14205998.921730107
-6393848.91787827,14205686.596225979
-6393499.922215524,14205945.65880819
-6393370.138920497,14206095.080277152
-6392780.005601374,14206358.483153626
-6391076.657423362,14206959.018704467
-6385907.593473273,14206830.030093523
-6369063.75583772,14208930.553060621
-6365185.3652578555,14206183.275721509
-6360447.9324286785,14205791.523010528
-6352267.026776109,14206790.618376136
-6340716.467342418,14209391.113953078
-6336844.259995589,14212198.345046656
-6334055.409795229,14213869.242131772
-6329300.390171631,14215876.411395978
-6322033.299039578,14218157.601935817
-6319450.32888067,14218223.77386933
-6317453.153601187,14216986.668904364
-6313839.726118886,14217666.948457552
-6304664.165274109,14220151.194153681
-6300275.963702584,14221091.015125005
-6294858.609757428,14221244.148446172
-6291370.61534756,14220600.351398606
-6288740.758034583,14221540.273968581
-6283865.671313661,14225645.463139033
-6284422.392804577,14226598.83431648
-6295684.900949229,14224506.359473221
-6313452.536599275,14225408.186789192
-6317586.685051451,14224534.139067078
-6323839.651140477,14222088.98636355
-6332246.611413716,14218573.348897638
-6339891.364652758,14215213.773645995
-6343798.66405142,14213264.692888355
-6346167.068971766,14212410.087261148
-6355273.592281812,14218357.614525644
-6359414.830888416,14218422.139271813
-6364320.626614512,14217910.947154878
-6366047.514634258,14217969.003987342
-6366130.011193354,14218362.13736409
-6367437.238998982,14218346.304036787
-6367156.177384514,14218934.990280455
-6365573.788115603,14219985.093519377
-6362798.683306302,14221428.43241199
-6351184.30288799,14224075.48200068
-6345365.39921935,14225744.847536346
-6335823.42860553,14229016.60495892
-6328654.34920293,14231948.025040751
-6316584.824297059,14237869.60966713
-6304015.38305231,14242857.82207355
-6295893.387700584,14246433.588332875
-6291705.764465386,14248071.901395136
-6289354.975874091,14248947.015553933
-6285634.606410369,14250454.825364774
-6283661.0581894135,14251195.50430603
-6281221.048878289,14251973.265796328
-6279240.509162064,14252494.450347055
-6277352.025647337,14252899.510640698
-6273255.3359158635,14254153.63702696
-6270289.036286768,14254983.082081601
-6267220.774222098,14256008.18513501
-6262788.047202179,14257884.18953235
-6259671.600523225,14259361.712492667
-6247134.239597091,14266409.156712709
-6224082.061343015,14282642.47404442
-6214671.829625536,14286901.960014334
-6211194.253354766,14288150.346942298
-6206830.098876931,14289600.931303784
-6203023.808119708,14290956.402581958
-6201250.713879292,14291910.440283775
-6199376.62270088,14292718.044841757
-6171770.431912289,14303159.062037313
-6165594.291284128,14305641.679357883
-6160349.669219591,14308012.99241282
-6155986.775364963,14309573.297617953
-6153454.372582386,14311092.291358914
-6151467.731808336,14312565.816145888
-6148548.940720981,14314064.279271623
-6141525.784959169,14316536.71927734
-6138710.100379142,14316898.500749111
-6136371.988087881,14315022.811799213
-6140152.05781094,14306920.512373405
-6138929.926851439,14306321.974561958
-6136524.704852532,14307134.797183394
-6131049.5321756005,14320750.063436018
-6132842.38944513,14322038.921543248
-6140801.2308534775,14320772.876325862
-6150750.392694124,14316100.457704453
-6160912.579602103,14310867.945635969
-6172228.614014961,14305767.10450391
-6185558.638621278,14301518.92911579
-6190958.1735937195,14299359.819144316
-6196144.462309377,14297527.453615353
-6201405.474370604,14295728.15879612
-6206996.980555661,14293678.086148199
-6216675.831405439,14289525.296006598
-6223890.189564577,14285779.23976522
-6252442.375652286,14269135.469575396
-6260509.041867757,14265049.986466216
-6267449.407056845,14261902.948118994
-6289808.674643223,14252273.981478414
-6298353.228612554,14248726.00095194
-6306124.127529289,14245770.034997545
-6313596.772321617,14242793.994055424
-6321210.166803636,14239198.335514879
-6330407.58423144,14234373.95096804
-6334256.34602278,14232586.27699276
-6338565.20652419,14231014.376992434
-6342173.128372137,14230191.319597075
-6344604.732904133,14229963.950593954
-6345417.649701359,14230163.313133055
-6346935.313077368,14230055.622823253
-6357587.677241027,14227793.267992705
-6371631.245554786,14228422.811194904
-6372877.075130842,14229486.053146116
-6364769.611073917,14238156.075183641
-6363991.674671036,14240644.059642624
-6369935.54657318,14239763.83559643
-6370390.847155279,14237899.622197852
-6373551.284619743,14234690.16506122
-6379862.422063963,14230449.959175965
-6389670.02302456,14225520.1928553
-6399799.820022063,14221480.053583378
-6406664.50219396,14219544.700176002
-6410660.607003349,14219215.541288206
-6412078.559546922,14220044.103772307
-6407379.58522264,14226025.468062038
-6404890.12326342,14227708.729555363
-6395029.020406071,14232657.420600817
-6392632.023610648,14234124.10674656
-6390439.846806352,14235082.321894284
-6385680.808253916,14237036.85389092
-6380821.409887978,14239149.336273413
-6378436.013206081,14240551.811458325
-6374938.445304334,14243473.944545198
-6374155.3565603625,14244594.748540567
-6376604.860438521,14244510.682048144
-6382077.1139945835,14241087.795158012
-6386293.602419681,14239090.007698562
-6392586.099402849,14236644.619904276
-6397334.979340248,14235232.239106053
-6402348.809016312,14234822.093309905
-6405743.830217006,14234060.741888741
-6406163.655676485,14233088.128462061
-6408661.154460064,14231578.765005965
-6415643.878113324,14227807.271762038
-6422278.831506582,14222505.63356902
-6430784.897697673,14216965.5537389
-6437471.775521236,14213343.895575786
-6445714.075576845,14209691.32646625
-6453486.052140719,14206887.452818278
-6461786.0813211035,14204203.00848981
-6469260.0009826515,14201950.541118354
-6474388.967216276,14200516.784978777
-6481230.361952357,14199163.683576768
-6485351.356569221,14199186.177251153
-6488089.719050784,14203121.500624938
-6497089.986670083,14204842.301633367
-6496894.741458917,14207602.537131445
-6501117.344718178,14207720.86314349
-6500802.088100482,14209584.504647873
-6503360.61578089,14211641.333265215
-6499004.025840209,14217772.858738875
-6504606.595757849,14218688.614758026
-6503510.21751795,14220084.373883067
-6499388.039574783,14223504.501559468
-6499102.90946032,14224504.36395529
-6500622.352663842,14225686.59474217
-6500057.125836828,14226773.010266181
-6500196.947717727,14226476.969681377
-6498532.510555337,14228468.777623773
-6484413.534169592,14237951.903857078
-6480693.916448857,14240012.834171968
-6476536.051177469,14241837.913406545
-6472634.394072504,14242699.030109337
-6463398.438987529,14247718.476845035
-6461537.334840365,14252795.211156992
-6457161.814496616,14256383.168846855
-6440344.892889228,14264853.81622044
-6433662.1975577045,14268745.553574221
-6437898.019780286,14268159.55824851
-6440467.696462913,14266841.604962206
-6449681.736771738,14262583.303257909
-6453352.462977737,14260727.625056405
-6460317.9731595535,14256605.943591233
-6472419.572880632,14250428.10913458
-6479163.070593051,14247432.647658892
-6481571.055611292,14247323.371199744
-6477542.576821887,14254750.369799279
-6464446.766209532,14264066.808922779
-6453695.704840172,14269861.143069116
-6445483.743524078,14275189.422173621
-6431884.867010015,14281565.779491292
-6383638.477856101,14302797.545104915
-6377319.91334796,14305353.10980242
-6370545.341513429,14307883.007786468
-6369294.113010738,14308136.45807232
-6372615.902562372,14305632.924247084
-6372834.264585493,14304857.11275716
-6372164.706277962,14304431.794870833
-6368989.805898809,14304249.230818259
-6365931.3984232545,14305900.728788428
-6355187.59814995,14316569.367130425
-6350354.618500651,14319960.292794213
-6346850.539838008,14324313.38068541
-6344253.637271668,14325885.743002104
-6336283.139649649,14327652.381108098
-6330098.058950466,14328523.641343625
-6323250.714963744,14328548.735051122
-6321705.5384639315,14326900.42518724
-6329105.194796238,14317764.206254227
-6326660.736409119,14318739.687883196
-6320343.207742867,14321173.036039792
-6317834.902833831,14322168.106620762
-6308450.61494323,14321069.04529665
-6308098.1438640095,14319668.507370772
-6326273.645915101,14307992.202812038
-6323130.182940258,14308133.147987958
-6319499.088784007,14310633.596798213
-6301719.117219816,14319748.04294378
-6292205.139343083,14323259.351563336
-6284916.661236923,14325084.159614034
-6280405.480010682,14325506.45200306
-6279196.439670805,14324805.90030673
-6280509.004995678,14307144.877839351
-6240592.4891608525,14309441.325456759
-6233721.299324248,14310722.143524025
-6223650.657342542,14313612.583017431
-6222642.712294136,14314051.356183708
-6214920.915510097,14316990.926971471
-6214009.54900061,14317291.09293944
-6211761.372866551,14318109.504914973
-6210536.17141996,14318334.047253367
-6209248.9635851635,14318246.878137944
-6206072.312403523,14318940.38258987
-6197610.959193406,14321354.02213809
-6190888.288171238,14322872.855656514
-6181246.752482312,14325544.43985405
-6177442.846552067,14326438.977506125
-6175364.103510535,14326697.304260725
-6171029.807729386,14326517.318433972
-6166842.796183121,14328863.223351689
-6169518.760712055,14328914.58534138
-6179354.654376596,14327337.21601932
-6185372.627158698,14327182.677025856
-6191616.652115058,14325532.887319218
-6202125.471214288,14321435.645569593
-6204394.346183052,14321161.863803763
-6206832.663156756,14321394.28601372
-6208788.513630448,14321271.224506738
-6211062.413051233,14320835.426507233
-6216213.2650954295,14319477.823850723
-6218977.543279485,14318849.983280445
-6220997.681817076,14318627.284142135
-6222175.29149824,14318696.854313003
-6224205.2137679495,14318404.37763424
-6228620.40876887,14317130.802275583
-6233617.214306025,14315360.582336245
-6237715.698274147,14313685.251506824
-6240700.871914863,14312371.039064772
-6242385.321683642,14311682.85948976
-6244490.557431092,14311396.075526165
-6245919.595139717,14313338.882593371
-6259079.3830071315,14312406.798171012
-6265019.943590813,14312944.403677864
-6269220.913679208,14312685.212666731
-6271113.576264837,14312954.998207524
-6264731.012439579,14328437.201726323
-6235172.516837643,14348983.212018654
-6231279.254866786,14352823.5756542
-6228579.504337085,14353210.441898696
-6226526.727657704,14353295.102450978
-6223483.3984297495,14353810.578514565
-6217853.137123097,14355484.961390251
-6214159.3366522975,14356330.919387762
-6208787.687143187,14353650.794341894
-6212650.702116526,14348381.166975696
-6210430.853169504,14347272.924317544
-6205993.661941041,14349881.157869283
-6199099.012066869,14355990.046186822
-6191837.429770746,14357430.18270643
-6182130.229820926,14354873.504760416
-6167013.002200865,14354930.194096684
-6166890.233199665,14354490.006421216
-6159512.352264305,14356020.968228733
-6148117.930838044,14352971.461874828
-6141158.270975647,14357035.285575066
-6136142.093944578,14359305.188994624
-6127590.761501963,14362312.455589809
-6124297.603634788,14362375.101076704
-6121128.31031439,14362922.940533634
-6115757.637692813,14364384.806686154
-6115060.785759568,14365230.005173171
-6112710.016168902,14366461.879323263
-6108899.195613987,14368081.092451455
-6103905.769970964,14370077.42329291
-6101281.969673154,14369893.570972675
-6102055.836021281,14368109.316977013
-6110469.500785671,14361432.315459147
-6107900.719559192,14358803.546782842
-6104513.336153236,14360620.404586555
-6104109.428853986,14361534.584436696
-6105888.983448265,14362519.20333591
-6097400.746961397,14370577.668342644
-6092468.2213920215,14373517.135864574
-6084789.545926478,14377093.34798601
-6081909.123670742,14377258.920217074
-6082362.812977168,14375342.094814526
-6079067.488124182,14375622.395093473
-6079658.6967931725,14378110.573669681
-6076665.115586484,14380874.346944408
-6077537.4968900345,14381261.26919356
-6083592.73144153,14379240.655072996
-6085865.14328196,14379442.07868909
-6085855.407323072,14382600.25615373
-6093343.774187626,14382455.752443662
-6094821.791218431,14382497.84473233
-6096435.358320952,14382689.26824416
-6095051.449537689,14383923.275045913
-6089986.100778906,14387148.938223971
-6087084.906860405,14388087.204556566
-6085739.747773238,14386972.01792881
-6082855.1406809855,14387904.468599442
-6082230.663659803,14388911.108576192
-6079523.750289461,14390392.22280872
-6074808.551507792,14392397.825661294
-6068159.055848753,14394977.088012595
-6065438.779006548,14395572.229547141
-6062611.354781371,14396758.704205079
-6055719.234230627,14398807.724359697
-6051741.517545381,14400551.259907413
-6051348.754638378,14401298.42601248
-6055073.522395117,14400420.208719963
-6061675.276381955,14398519.222076293
-6066622.329331724,14397289.974998996
-6070835.898540053,14396009.49748939
-6075270.342536528,14393938.335407643
-6076509.763312831,14394120.87494422
-6074940.097455613,14395075.410971776
-6072438.623854333,14396322.980908845
-6070913.099894879,14397377.678426635
-6071702.431781448,14397845.167415623
-6075979.076578918,14398110.315216428
-6076620.106868301,14398764.573830673
-6073709.243418933,14401419.270497171
-6068272.258687838,14404721.176942848
-6053467.263919939,14412441.908271806
-6050562.395398989,14413365.56956842
-6029080.820393269,14415007.114255385
-6026138.681158965,14414746.61688267
-6026284.829757121,14413928.151756069
-6033529.573935491,14409847.255184352
-6034964.787512676,14408494.735048115
-6035735.389936502,14406438.787650477
-6042035.018168211,14401783.831684943
-6043526.434738137,14395980.891526358
-6063018.998077586,14380998.66249186
-6061186.482915288,14376077.79003724
-6064819.212595689,14370677.162035549
-6069519.069519899,14367579.954970013
-6070881.708444374,14366312.499920225
-6063581.717701308,14363624.83013305
-6065947.208887235,14361614.304308435
-6074203.008974593,14356458.35595093
-6071991.454233528,14356054.633830262
-6067407.808547145,14358283.34069258
-6057191.767501036,14366261.06997671
-6060776.452025904,14368830.191268675
-6056317.640706629,14376239.415949669
-6047610.422525095,14382108.376950223
-6033146.344547923,14387394.01879148
-6035002.318585686,14387671.086120604
-6043687.088898838,14386497.031286024
-6043987.352595435,14387466.403884444
-6044160.191481016,14387157.868582051
-6042591.04737961,14390550.41226172
-6039677.240406299,14393048.262435129
-6034174.971845808,14395032.834601156
-6030094.029801307,14396062.435255403
-6025366.748058864,14397408.376597838
-6020971.593420328,14398579.05322858
-6017830.96992182,14399114.601445457
-6016381.638999581,14398862.12240711
-6014387.706602798,14397170.181893203
-6012869.00668392,14397747.053022496
-6008899.562632317,14399172.669783268
-6012647.46616285,14388943.393288273
-6010055.605039809,14388724.182514356
-6004876.643875854,14390893.354404649
-6003123.865182658,14392523.868686171
-6005780.145831148,14393945.439041844
-5999861.131016748,14399138.071410188
-5996450.627083414,14401315.149805713
-5991561.170832463,14402943.220375521
-5986794.734683306,14404967.271769566
-5985731.028630629,14405537.969377734
-5983076.211035421,14406377.109554911
-5983892.74978903,14405240.551220277
-5989087.051580102,14401959.874926005
-5990733.003737264,14400563.606211985
-5989736.554084457,14400193.34240683
-5986353.1456406955,14401018.541601704
-5982028.875122319,14402268.978776505
-5978169.056961239,14403178.922264412
-5975817.857564213,14402475.712363577
-5984717.240976444,14396475.979559872
-5982299.603617472,14395831.082220783
-5974895.211310239,14399505.918686962
-5969075.632424545,14402954.740533445
-5962284.226690928,14408190.766076513
-5956664.0441989675,14409229.855311083
-5960272.585149431,14405657.73902634
-5958387.366266532,14405275.596488103
-5954228.65760897,14405679.551258659
-5952084.61568077,14403124.491267513
-5946755.142952871,14405240.515525797
-5942864.289280741,14407309.493295621
-5941437.071098497,14408687.625787502
-5943622.998220178,14408675.982487896
-5949392.100756127,14407741.643630246
-5954511.335145276,14409869.320055041
-5949000.681240515,14416458.145180628
-5945842.426170579,14418789.521343699
-5939366.066976335,14421591.85282739
-5935063.208692312,14419299.439430421
-5931808.129002779,14419555.44220518
-5936662.416471991,14414961.096306467
-5935221.8110700045,14413193.905333696
-5932849.657937468,14412851.429303274
-5928780.7457772195,14413211.182412192
-5926818.441969702,14414699.330802675
-5923332.208999676,14416628.052820012
-5918094.634516165,14418985.010165468
-5910816.001339109,14421776.254349938
-5900933.3733601365,14424942.63580917
-5892764.700212806,14429030.660797082
-5883679.086843734,14434843.995421642
-5881081.216681558,14434729.239254659
-5878543.926725784,14435239.853455648
-5873814.710657907,14436885.24509483
-5872225.539129285,14437741.332562177
-5869575.989642788,14440396.560641997
-5865440.898927294,14441049.526156982
-5865219.364049239,14439691.643732727
-5860489.985065683,14440738.434122227
-5855991.240452216,14443234.636367239
-5853099.152351988,14445215.586523265
-5851854.23477326,14446681.321820976
-5855081.760530799,14449587.365970006
-5854117.323203296,14451583.441527963
-5848283.727309206,14454263.75480389
-5833838.295158231,14457457.126617748
-5826389.331594857,14459489.108314017
-5828477.821844902,14460003.459644789
-5840890.419553023,14459444.677197803
-5842466.680209244,14459969.55937302
-5845316.183372072,14459206.690298565
-5842710.618855708,14460352.349186841
-5834934.512272902,14463462.049094575
-5832328.282748352,14464940.459268609
-5830650.915743087,14467001.049211439
-5829076.911302252,14467716.83675407
-5826676.1356051415,14468436.028702576
-5826482.208417711,14468834.308834909
-5828168.045231503,14469191.28131618
-5826288.341415705,14472228.575690439
-5824177.028624473,14473721.276775908
-5816090.728296785,14477796.066296173
-5813309.434404068,14479526.530165756
-5813851.463334529,14486464.950697482
-5812442.996826846,14487488.523284672
-5808222.356560528,14489276.991585147
-5805062.303542719,14490386.68588269
-5803368.506601156,14490908.246237217
-5802264.847821332,14491309.587385803
-5800852.262410728,14492073.318695936
-5796523.85014736,14493000.53804034
-5791675.763465749,14493716.421680586
-5788116.183857583,14493983.059232546
-5787518.971603745,14493592.116986742
-5795075.652265508,14488928.85380966
-5798874.1385318,14485304.885876708
-5798846.313269294,14484024.137024302
-5797706.697140944,14483710.37800877
-5795261.219493007,14483877.572595865
-5793367.390281494,14484271.486818558
-5787645.141798883,14485639.74936856
-5785432.293305213,14486090.465191195
-5782617.680641426,14486189.762457334
-5778575.899707187,14485683.16031991
-5774255.837565126,14486415.994866185
-5773518.295301037,14487771.965729214
-5774470.914871734,14488586.264143256
-5773821.018889096,14489858.884424929
-5768173.930168505,14492623.233144475
-5766431.20969704,14492087.955239937
-5779198.634621731,14478808.856537644
-5776594.994541821,14478831.675065689
-5768637.966455374,14481253.159255376
-5765694.536217226,14482568.571358642
-5761521.878255323,14486035.436956067
-5759822.992240514,14486466.546206273
-5755485.095363371,14487637.042367715
-5753773.988371656,14488066.585845787
-5747720.629660266,14496408.964275727
-5741697.334599586,14500350.58454101
-5738793.060744023,14501194.340149263
-5737348.520625807,14500961.927664954
-5726271.398570279,14502366.669587243
-5726256.156224977,14500558.623102585
-5725657.6481099855,14500549.505968299
-5721380.061234236,14501127.789365673
-5719203.831989824,14501757.84512396
-5718490.859646189,14503176.410952527
-5717350.463930576,14503994.467973908
-5714788.283747847,14504984.439511284
-5697070.256716138,14506533.101898503
-5695510.061919353,14506298.167067464
-5703315.003447897,14502915.133659191
-5708966.966601718,14499830.423391294
-5714400.877778543,14495404.164404707
-5709222.744355534,14496715.31942784
-5705290.349390532,14498316.137073409
-5701981.858691903,14499904.924513847
-5698790.218985384,14501143.959271409
-5692951.262059539,14503287.386896355
-5660354.006099285,14524967.382938929
-5656782.051584586,14526789.949036056
-5651754.460879419,14528753.596503336
-5650593.364912583,14529035.521029491
-5648849.876180885,14529383.311767358
-5646637.449474338,14529897.153397217
-5644001.83949976,14530701.79448842
-5641534.866189498,14531638.855472626
-5640398.895385714,14532231.0705661
-5639481.3695617765,14532802.945448872
-5637738.503707145,14533651.836224789
-5617605.167789723,14541541.42110758
-5609062.20319508,14545255.017191669
-5612813.9623299,14544897.491005491
-5615222.047231301,14545183.843686746
-5612123.768721886,14547155.288358107
-5606010.218374601,14549885.96213765
-5599306.184114265,14552460.255558332
-5595597.259156446,14552435.077884944
-5594965.066222172,14552234.730730476
-5589737.020687227,14554329.248347411
-5589207.292446226,14555725.445385976
-5591338.655626368,14557548.855625128
-5586669.0475182,14561549.958099432
-5577681.941979743,14566610.579308473
-5570913.743442083,14569725.020043097
-5569430.916609025,14569762.32315575
-5572277.405589589,14566532.577013047
-5572210.588730153,14565318.592948807
-5565916.895918221,14563298.536942769
-5559434.1471190825,14566703.605881162
-5562632.951112525,14569484.298079388
-5557158.513576903,14572533.023674203
-5554778.549216322,14573177.200164845
-5551833.068734532,14572563.360009251
-5550010.61774526,14570572.500847038
-5548042.812301698,14570514.852675807
-5543315.908170107,14572951.928861713
-5541538.028789858,14573686.098469915
-5535314.883485644,14575767.80626445
-5531782.219064833,14576833.358445704
-5530445.739147187,14577025.8161158
-5533475.0022383705,14574557.729664233
-5536991.700676015,14572814.655515395
-5542416.500021244,14570751.853982218
-5547878.229414987,14568446.535847757
-5551320.74575233,14565240.197014421
-5556531.012432234,14562894.615766678
-5559774.591050749,14561208.308110619
-5564418.9594855,14557089.263578128
-5563971.692718843,14556447.120310972
-5561347.135735647,14557423.484407112
-5557894.622874967,14557525.937414657
-5555759.641454722,14559212.02202319
-5555088.406559352,14561861.678805748
-5553564.74586706,14562515.265784206
-5553553.436609325,14563072.982841855
-5552870.361981265,14563527.027838826
-5550985.1353513235,14564276.911798839
-5545942.622808338,14566116.276422614
-5543903.19025089,14566902.14740142
-5541049.571324376,14568143.527640566
-5538615.243378012,14569332.104122538
-5537098.361772443,14570284.57281322
-5536586.682568372,14570265.851008438
-5535001.435038416,14570485.277168605
-5532354.203676586,14571719.472483117
-5528483.957775019,14573900.93408535
-5525220.6128258,14575280.028338317
-5510836.516927101,14580120.993860055
-5493958.769575565,14586190.096401963
-5500145.285558649,14580995.145334905
-5501231.805618531,14578599.73124219
-5507539.560564335,14574888.368483083
-5508888.612377933,14573773.94723435
-5508971.0841531735,14572489.306836426
-5507825.382343625,14572238.35308621
-5505634.001150058,14572258.549859019
-5497299.47489431,14575012.515476188
-5492756.121990432,14577094.39894491
-5487359.000593528,14581476.38769966
-5478284.9451918,14585966.34264021
-5473391.139904229,14589566.86068958
-5469352.211134855,14591658.26015885
-5458819.197976808,14596400.247085584
-5455178.367110491,14598525.548613843
-5451257.455662686,14602082.55383533
-5446795.886939114,14604214.584727317
-5442581.108245999,14605170.561619954
-5439778.384376983,14605903.493562363
-5435976.990437145,14607027.732579386
-5436010.4809088865,14606752.153778983
-5434609.806958145,14606676.062351389
-5434181.843604686,14606543.86546109
-5432175.259460923,14607393.305248814
-5430922.738411562,14608064.787104253
-5430360.122478546,14608576.685501663
-5430261.125941329,14608994.735653155
-5427755.4954346,14608682.077603921
-5434197.089486457,14603547.561717184
-5432873.572975834,14602864.588285895
-5429114.675702725,14604076.009275116
-5425007.111505052,14606053.287976481
-5411407.922851976,14620877.31004128
-5407119.526634466,14623056.578911347
-5403062.3478305405,14624041.739629956
-5401098.627412935,14624988.059728997
-5400098.217536958,14626489.514268903
-5397669.228136274,14626876.299546756
-5395652.85657033,14625832.569703268
-5396780.098411262,14623536.274249854
-5395363.839238194,14621981.889724856
-5385826.789027606,14622924.353515638
-5386500.255408726,14626137.8289707
-5382218.409558083,14627800.524435386
-5374055.366707929,14628127.298747977
-5368433.581545822,14628998.4702558
-5362595.362444099,14630880.418285072
-5360493.176847235,14630876.800987622
-5359501.692376528,14630442.903764121
-5359167.420072151,14628761.032467557
-5356963.79343415,14629185.755985608
-5353624.2659712965,14630023.309062185
-5346094.172414351,14631811.088894743
-5341729.62976364,14632943.515718607
-5338107.995613983,14633796.875514328
-5336877.241920122,14633804.243392687
-5336186.254685283,14633617.927067205
-5333909.2350739855,14633881.859015996
-5330633.469032058,14634475.596404565
-5327030.708340856,14635250.863545671
-5323685.888246858,14637321.809139526
-5323360.680253726,14638012.892617492
-5339021.47649936,14636692.605887657
-5357622.524753063,14642338.27147971
-5358519.67621576,14654484.879504759
-5359111.484008161,14666758.195513638
-5357367.0824275715,14667811.072357053
-5353603.593218351,14669009.742334781
-5350831.830213499,14669563.034886472
-5347166.238643655,14670155.391300863
-5344044.918272306,14670540.576017452
-5342863.2107687425,14670494.752213659
-5343006.874973403,14667661.320336992
-5350242.600044641,14663380.17103454
-5350907.438032372,14662368.732360533
-5349432.19294142,14662144.048924124
-5343770.166450258,14664898.26431492
-5339622.733710581,14666541.51688067
-5333953.99118071,14668275.71514429
-5339800.204489546,14662863.976928845
-5339101.807855855,14661708.169148788
-5332768.2919135075,14660179.338103173
-5338187.256449268,14651879.496368373
-5337606.2308682,14651475.663153885
-5333315.465253552,14651577.05482294
-5331884.6538609,14651467.42855037
-5332786.291383046,14649690.038459567
-5331461.7211934505,14649507.016938375
-5329605.586734892,14650186.41691945
-5326665.310419261,14651183.8993553
-5325537.564149504,14651659.127938932
-5317804.97435934,14644149.013716271
-5311278.01892426,14645091.279557781
-5306663.690648909,14648540.478044035
-5307739.862450097,14655356.462534025
-5300021.063378965,14655688.982151853
-5296961.786967272,14656289.026712783
-5291913.0802121535,14661154.032402499
-5288497.264999916,14663246.35914928
-5282296.521960224,14665918.922951844
-5280473.637851209,14664973.248942798
-5285719.620131342,14660715.806386633
-5281507.265020394,14659091.522264387
-5291625.051699316,14645046.896428
-5289998.103652075,14644868.177944127
-5284752.496582935,14645935.360591296
-5282237.15695211,14646749.344370222
-5276554.617841431,14649035.11093658
-5275385.694422943,14649601.86620981
-5262624.875745429,14663716.67429344
-5263123.00646793,14664291.438236509
-5264754.16688448,14664504.597258689
-5265427.423143662,14664967.279219972
-5243594.215194609,14676745.649716526
-5242588.173098179,14678198.983611038
-5239954.744277368,14678827.000442067
-5245774.71558548,14671417.699274788
-5242894.365193752,14661594.761146296
-5249462.167596929,14655809.252331141
-5244661.614450611,14656196.490056481
-5239423.161357867,14660665.363985842
-5233222.663605656,14662760.205054577
-5226651.995009708,14664171.051724128
-5223108.061490616,14664366.122921655
-5219595.541600692,14663789.218989385
-5215071.989094739,14665854.555962045
-5212425.824270375,14673057.267356806
-5211403.887152402,14673616.021691473
-5204331.0883108275,14676436.867056973
-5202149.901793747,14677431.883337213
-5200570.000466105,14678877.25271918
-5194406.968404794,14682239.352050196
-5191213.795189458,14683621.224133195
-5185678.606512859,14685336.431038316
-5184364.217745792,14683292.52479688
-5181782.320044814,14682882.232617943
-5176459.953005143,14683231.299724543
-5174067.66941291,14683792.017040545
-5168354.629974746,14692623.329443775
-5159156.163625197,14696902.94823988
-5155612.516910243,14697288.709331654
-5153135.541836958,14698167.990052093
-5150169.250532164,14700094.998588676
-5147095.216576718,14701473.809329953
-5139146.883469125,14704372.997683115
-5136980.402510505,14705583.275483698
-5137514.630454126,14706974.89442386
-5139592.122241917,14707329.041189713
-5147951.076383348,14706093.556263003
-5148305.847035123,14706719.248448314
-5145487.205916074,14708115.717032447
-5140165.8426215,14709771.09330804
-5137988.57917738,14709821.068006517
-5135295.00575765,14710920.484085852
-5133125.56771211,14712448.62207083
-5130471.9780741,14713542.299580684
-5127722.907330732,14713870.224054506
-5125640.427050537,14714021.372399848
-5124411.919233037,14713953.546319474
-5124211.817737845,14713624.681430085
-5118241.26676471,14715625.743207771
-5116730.283148609,14717118.3270089
-5117496.9321548,14719172.96884312
-5116004.136380711,14719195.099783521
-5113898.582960379,14719404.402682403
-5111228.136151102,14719804.357755363
-5107938.017832091,14720414.79214884
-5107515.059820819,14721031.90613749
-5102994.12434048,14723564.825143753
-5096656.253231391,14723390.531388603
-5094914.728213904,14722824.368209362
-5097251.195423027,14721603.11979126
-5103481.0964392945,14719486.594916558
-5108018.408260891,14717643.600175243
-5111010.281961941,14716051.439337892
-5112664.925599369,14714690.074911544
-5112288.8852354875,14714311.828609088
-5110501.615055213,14714443.270039944
-5108195.367924109,14714726.216434088
-5106142.204104301,14714824.892516548
-5105360.958687571,14714567.772281328
-5104997.448456801,14713723.76213631
-5101089.324222549,14713429.844556253
-5099756.729599439,14713020.910331555
-5100360.4076329395,14711239.060052559
-5091120.264026448,14714053.023142504
-5085180.646549745,14716590.724333944
-5078518.585921035,14722350.14849293
-5072868.5834496915,14724053.523141857
-5059545.110915429,14726809.218755167
-5057455.120014634,14727973.488987014
-5050341.564531297,14730883.288111662
-5048786.376945769,14732041.02865681
-5048085.742004068,14738950.870871965
-5044695.104281964,14740535.322526114
-5036729.079700867,14742624.360654783
-5034678.481128857,14743345.719429353
-5032373.8870504415,14745138.309653968
-5030617.345837436,14745929.703796405
-5025618.215416505,14747197.823169395
-5022137.926893718,14748811.830002809
-5011451.745833098,14755269.97361283
-4994505.328864117,14762459.632834429
-4991376.405231215,14764091.568833312
-4986064.583117612,14770117.82603967
-4982283.97729536,14771910.664415697
-4975452.31614274,14773777.146378744
-4972196.066633465,14774900.652276265
-4966495.01559646,14778268.372039838
-4963693.705034612,14781528.424758915
-4966135.54442463,14782411.95936261
-4966062.407473531,14783128.780992463
-4963381.858778905,14784332.634661844
-4956824.96360342,14786261.432119226
-4950976.698318972,14787036.295028904
-4949605.421586612,14786644.284389507
-4951937.5968373185,14784618.49587252
-4948034.623314533,14785783.39262051
-4945674.130304253,14786713.341549845
-4942155.316045089,14788376.854936631
-4932555.873062545,14784240.121002387
-4928424.819570008,14784514.151519146
-4921395.2422615,14786487.100121344
-4912021.679074507,14790713.24080533
-4906976.380014738,14796728.513393844
-4898841.909452786,14800669.632803071
-4892260.690843201,14802158.191756442
-4886901.067235261,14804012.537505459
-4880022.582133226,14807246.283950945
-4878628.550019736,14807450.292348228
-4874776.415035651,14808089.265381563
-4865862.939307986,14811926.361188632
-4858667.115598372,14814475.889595233
-4852378.824330993,14816155.310118165
-4848530.194943081,14816566.306263963
-4848876.796473685,14815855.724997336
-4852457.51307829,14813989.774004338
-4852918.940592005,14813248.79277297
-4852545.879891803,14812831.11591769
-4849713.308520254,14812354.845586935
-4846559.381696386,14813412.0078128
-4843711.8333745245,14814465.975618664
-4839457.377972477,14816318.615280498
-4832273.282675382,14817131.717356062
-4829995.967027446,14815353.372913813
-4825444.626303462,14815343.99681024
-4820271.83718224,14818069.172838876
-4818115.041880489,14820575.415612554
-4820466.524839719,14822114.14562422
-4828875.607215391,14821920.061397977
-4834844.654350622,14821416.924381576
-4836970.511113615,14821625.882007044
-4829820.232793444,14828786.305994948
-4823367.756437571,14829595.746005252
-4820298.584543926,14829327.48470667
-4814016.78307648,14826341.354036221
-4815682.668930094,14823486.919004269
-4815065.156549135,14822699.636496043
-4809209.695217036,14822551.812153434
-4808555.240241824,14821815.51574772
-4812926.848023413,14817500.207584012
-4811283.123734564,14816796.966017788
-4809942.1819783505,14817171.864153927
-4805355.9216325255,14818368.033847135
-4801209.120384728,14818725.454533922
-4796753.899973099,14818895.50456307
-4791234.238281191,14819401.199689344
-4783932.597497664,14820763.907276986
-4777496.251382001,14822746.640018206
-4772258.297561472,14825085.772299318
-4761672.104094294,14832136.783629024
-4756949.265554335,14833987.193824273
-4747589.197960212,14835403.8877421
-4742438.026555677,14835645.248788634
-4731806.133047821,14835070.30535828
-4725613.106183903,14837094.343924884
-4722921.539662459,14838857.647848437
-4723597.708763046,14841930.25781592
-4721986.201209841,14843392.598032722
-4718756.312764198,14845132.032899274
-4714133.907268331,14846808.492940381
-4707673.718838438,14848304.426254733
-4703475.678435123,14848620.002926694
-4701187.852129292,14848224.620408708
-4700611.226337293,14847559.330009101
-4704807.451663708,14844758.208793044
-4705006.395725023,14843680.784108527
-4699640.51781773,14843940.597814523
-4693427.627751305,14846356.677226974
-4682265.1933260895,14856570.76599776
-4685357.7460170025,14858538.545680288
-4682944.362710627,14866613.374852471
-4677783.457555646,14868618.829915235
-4675470.315683908,14868605.808399966
-4674837.53529786,14868921.851718111
-4672088.501364903,14869855.47737251
-4666310.178783502,14870027.656909341
-4658763.46079998,14871676.07343313
-4652748.721576479,14873695.148567727
-4651493.853067019,14874996.351936525
-4654482.585215361,14876765.670731945
-4653311.611641623,14878154.544743264
-4649317.511186791,14879981.940739771
-4647395.726955962,14878914.449957594
-4645025.42021179,14878806.34637359
-4638454.056353946,14879961.484837854
-4633237.017109772,14881321.82209704
-4631041.242731699,14882384.34021059
-4630209.531203508,14883905.564250229
-4626511.403578125,14883451.71894911
-4625002.66687373,14882343.250948608
-4626054.124879998,14879568.541137077
-4612422.393281857,14883230.456455683
-4606583.465630066,14886969.85433921
-4602807.098143069,14894726.881487528
-4603936.336516359,14895605.796510989
-4607304.446517519,14896027.175707366
-4615094.290633121,14896056.682066247
-4618080.098290259,14896378.54269143
-4615541.126337303,14897174.670030931
-4611423.796193621,14898020.84962616
-4610779.279093447,14898483.729439052
-4612123.856371315,14898658.545392815
-4617235.770497233,14898460.661277972
-4618656.055368851,14898549.767673045
-4618877.158462918,14898888.374100775
-4617097.322749743,14900652.67543314
-4613921.704174013,14902081.114246264
-4608636.307248229,14903360.426611157
-4600872.998398163,14904100.144704083
-4597414.321000582,14904015.016702794
-4591940.029928437,14903349.662876396
-4587835.977743568,14903394.249566767
-4584522.069396629,14903094.978775587
-4584893.24009796,14901025.235287372
-4580478.788917189,14901146.72864545
-4574643.627083774,14903673.20323695
-4558393.8120036395,14908479.697539385
-4555143.958867067,14909648.022990145
-4553249.665077873,14910651.331303641
-4553391.376746163,14911388.074849373
-4560361.440952504,14912202.85941051
-4558758.216643313,14914012.28634655
-4559723.77095634,14914531.739895472
-4565399.880655335,14913506.643801138
-4562927.359476783,14915545.075894795
-4560208.547920332,14916826.668942407
-4556166.575071137,14918189.89187235
-4546726.285324542,14918846.484217718
-4543535.962289905,14919943.456488492
-4540919.219668097,14922291.247439034
-4533067.187101518,14925657.216956854
-4529391.218056942,14925998.624738878
-4526582.681664776,14926088.761712903
-4526668.082143007,14926009.131622631
-4525287.428632631,14925978.657686044
-4524700.908670196,14925492.388225744
-4516326.933449603,14927824.771530535
-4502188.830185441,14940366.754178613
-4494852.441157611,14941310.862140087
-4490338.113532956,14942549.025474582
-4487919.464673674,14943755.948810564
-4486857.62386707,14944607.245340483
-4487544.088314005,14944770.953867216
-4492361.701781557,14944525.039913876
-4494467.923552974,14944485.98081986
-4495316.7660074225,14944826.301018517
-4495089.616184496,14945971.191299766
-4498652.798208731,14946204.788964102
-4500990.844719789,14947307.343901992
-4504647.433331866,14947581.87341715
-4504840.434831936,14947868.604492012
-4504101.956910694,14948445.63746888
-4502913.061662527,14948992.094600141
-4500503.4250581525,14949675.141732354
-4496089.714692796,14950672.862625413
-4492123.418848625,14951724.838333946
-4489910.500637131,14953145.798219519
-4487101.802902709,14954057.835333569
-4485380.677974056,14954162.667881934
-4479982.177564034,14954687.950659782
-4479139.609924267,14955444.983495634
-4471480.634083936,14956282.168038292
-4469427.1751586925,14956478.365643091
-4466032.3337144945,14959517.22843624
-4461293.301088113,14959789.263599558
-4460238.596733321,14958544.895853315
-4456308.728026227,14958651.207979292
-4454732.934146072,14959467.301079845
-4450807.922910015,14960240.211677264
-4447038.595703264,14960600.253180888
-4445850.899914232,14960192.32546313
-4438698.983543106,14962475.028771086
-4433758.171304309,14964769.006272051
-4431503.833523688,14966687.911054093
-4433318.82156229,14969074.413175361
-4430515.887623305,14970837.191142024
-4416221.92901442,14976964.456630467
-4407223.789517657,14983672.90951655
-4408625.699589639,14985463.503268262
-4396535.660691223,14992509.707572166
-4384673.062919755,14997181.868117867
-4383144.724430889,14998037.600766793
-4380882.753280986,15000654.130719516
-4377791.669042489,15001596.929921368
-4368231.156554279,15003861.763736425
-4363389.390571841,15005673.106005296
-4359753.3380146595,15008764.622081947
-4361378.71194632,15011386.89083445
-4359910.304293028,15013127.81690635
-4352297.445729757,15015002.117743688
-4351488.181727441,15014717.953523472
-4346744.333739387,15014261.375962066
-4339565.067838505,15016194.966009162
-4333676.776040175,15018271.814247148
-4330208.718265488,15020075.596200641
-4330395.425619153,15021180.334629005
-4332266.104030943,15022044.146887317
-4334433.511910976,15022345.29718228
-4342194.875333792,15021880.121158512
-4341338.473419061,15022661.475519152
-4324482.160657786,15030459.6600615
-4321494.635903986,15035637.987299608
-4326425.245065049,15036288.097846404
-4336236.224729175,15033549.240712395
-4338538.423036781,15033256.637720348
-4341423.551040438,15033739.32907951
-4341952.025762814,15034204.521270657
-4341015.420756216,15034883.993623186
-4336357.062517631,15035033.649864769
-4327638.404152398,15038085.207406139
-4323006.75888859,15039060.349652322
-4317502.686508586,15039725.232155146
-4313616.023433762,15039370.60974492
-4309306.039147352,15039730.488663003
-4299232.862472208,15041889.26169791
-4275769.74252883,15051024.412805364
-4272373.401363934,15053268.77720183
-4262909.176132922,15056200.17494582
-4260973.48808049,15059281.59682266
-4258486.7213767385,15060362.68160824
-4250788.516216688,15062856.539339345
-4248404.6700213505,15063932.151725203
-4243337.578108937,15067898.123406664
-4243218.895846466,15067960.725697758
-4243966.926716437,15068008.066888468
-4245140.278307994,15068324.556446638
-4256795.236611899,15066596.783118043
-4266113.567066409,15066511.290494733
-4276289.511630952,15067678.276222922
-4279628.838508795,15067733.10383312
-4287802.05607463,15067574.391070735
-4291431.436030926,15067621.518352186
-4293161.43620314,15068172.463059636
-4292873.568824082,15069959.776513802
-4296717.94593806,15070198.442190949
-4297510.683264624,15069879.334280847
-4299084.38530925,15069390.08827707
-4301047.107519242,15068906.699363641
-4303076.971097839,15068590.834477054
-4305208.0468176175,15068506.18580211
-4305053.915111605,15068777.114670116
-4304147.096087132,15069196.07081631
-4303982.539100514,15069555.022964705
-4308344.261338174,15070708.512944637
-4306387.344824169,15077877.688183889
-4299649.8785526045,15080731.901178777
-4287357.378123576,15083807.667711755
-4270819.776812812,15087005.579640396
-4251387.70332793,15090236.284734128
-4247349.378373353,15090281.103329869
-4245938.884188878,15090221.052935056
-4245188.0638461225,15090049.593984297
-4241855.595823431,15090553.731152631
-4239907.0615662895,15090912.913515165
-4238890.842106605,15091246.499184547
-4238555.975081867,15091657.59474814
-4235217.840623836,15091666.27029717
-4233375.296010581,15091455.588768927
-4232907.048694606,15091049.547390351
-4233636.060455218,15090475.142869253
-4230903.197140709,15090775.607196638
-4212345.915043403,15097542.533351367
-4208506.187511081,15101315.179729296
-4212943.39685813,15100512.70423287
-4220905.490526752,15098709.210461847
-4226266.396873886,15097699.806949107
-4227067.760025176,15097783.719642794
-4229348.631727235,15097837.242649114
-4230314.947378994,15097903.244280506
-4233080.957906873,15096939.442487646
-4238507.974031668,15096245.073691728
-4243530.520160659,15096030.568515196
-4245101.691439596,15096503.569768418
-4245700.4854049105,15097187.339710996
-4248030.41182262,15097522.86707571
-4248822.837720915,15098059.545765497
-4242731.68721709,15100069.540922087
-4243431.140963099,15100936.261545977
-4242419.585844658,15101494.930921372
-4229362.028704382,15104943.1554599
-4225605.410121842,15106245.145558855
-4225163.069603906,15107152.876398135
-4231026.950307123,15107093.400390232
-4238138.451891732,15106243.124300167
-4245508.872772041,15104935.8749795
-4251480.727014398,15103595.075251648
-4257203.603942093,15101549.025291543
-4261804.439138096,15100305.586180415
-4265559.175447348,15099698.978456093
-4265838.594617703,15100505.184255712
-4258678.7843065355,15102931.778646538
-4256251.837337502,15104158.23150971
-4259870.891834277,15104187.708862996
-4266816.025168104,15102988.918656893
-4279036.720873763,15098819.038103111
-4281231.838674443,15100271.418063842
-4277715.461837274,15102315.536285006
-4270041.867828858,15104770.098163342
-4259836.883202338,15107448.821856793
-4251383.762256195,15110035.161818512
-4242286.928979634,15116505.471451517
-4247419.676284761,15115681.245800504
-4255073.402730662,15113935.968156379
-4260000.3869894445,15113107.207667477
-4263483.647437136,15112750.098489456
-4264952.963525607,15112535.141986892
-4267912.4162068395,15112012.746982876
-4269625.476426743,15111960.154137155
-4270485.075918005,15112295.2021512
-4269113.702623082,15112839.22538094
-4262454.930048806,15114347.166575022
-4256601.9451156305,15115843.800025787
-4255042.8067188915,15116476.670636818
-4252807.246510989,15119777.19142311
-4246908.913743752,15122802.294137139
-4235745.211237275,15122931.238209117
-4231739.564320287,15123428.35795771
-4229076.713013368,15124666.942226015
-4226944.419142487,15128228.012013622
-4230383.451092744,15128450.20488135
-4231005.359098998,15128023.386451328
-4232425.857308184,15127529.492328547
-4234673.667523335,15126975.495403573
-4237722.395640524,15126380.42759553
-4240673.568473833,15127383.430892445
-4260251.925357687,15123589.880160544
-4266171.8260435015,15122746.916686205
-4270451.031325792,15122847.614578566
-4270517.266805061,15123716.830289492
-4272182.282068718,15124135.621439558
-4281273.0898495605,15122882.062329536
-4260395.783076884,15135026.519040111
-4259242.3987274505,15134865.463286687
-4257897.622270215,15134853.089413343
-4253643.82156789,15135087.613762142
-4250126.986662138,15137643.681266304
-4248365.889515357,15138287.242988445
-4241966.12935931,15139961.722332424
-4239600.536158833,15140714.761793796
-4230878.569914213,15144445.741742004
-4225794.7044760985,15145871.499985974
-4221093.069738091,15145327.875032363
-4222207.891254528,15142691.06570278
-4217835.262399158,15142270.44990247
-4214011.853693002,15142576.109223466
-4205812.393724681,15143573.752598649
-4202791.100187378,15143763.750812259
-4202028.184263549,15143348.833598346
-4204069.435207079,15142556.885861555
-4205031.615090642,15141910.428186042
-4201005.59156407,15141933.6170688
-4198389.379398623,15143704.451975469
-4195658.9841614785,15144712.091156267
-4191525.9728110414,15145503.904041218
-4194928.25696348,15138975.822613511
-4193022.4295202107,15138341.966785554
-4177881.1695572385,15142654.434299786
-4168949.3900528816,15146660.363825638
-4160930.7584272884,15156468.126705796
-4157275.3244554065,15158230.008540388
-4146500.24818879,15161414.715904549
-4143494.496497399,15162990.552771995
-4144940.8860133383,15163817.727372026
-4154032.7283610804,15162889.70264774
-4153705.8365177778,15163119.36598794
-4163595.793369778,15162480.397179121
-4167070.3415853563,15163561.765134659
-4169027.157628566,15166341.536449444
-4179713.2280314206,15164233.405161861
-4180402.6104545817,15164728.986009479
-4178450.8393950835,15166199.568528408
-4181062.565321433,15167012.296157936
-4186366.6430740748,15165771.869385092
-4191775.354997736,15164709.203026602
-4197168.150860138,15164073.32074409
-4202295.21562152,15164132.123375008
-4204128.205313637,15164975.524666978
-4195003.336816383,15169255.52094806
-4192689.292755073,15169936.279420612
-4184610.9219560446,15171397.17055708
-4182436.9716961184,15171986.587511344
-4180649.862501005,15172638.918797866
-4170467.113106115,15175097.101790378
-4165997.875899811,15176531.850602584
-4162370.6484409664,15178132.722608441
-4157596.6355797388,15179736.360769115
-4149657.789330506,15181180.89161017
-4149767.3873369507,15180444.26176877
-4148324.6339897793,15179706.862090273
-4145604.5781233576,15179154.162763948
-4142030.5474083996,15178958.698737903
-4138499.9063035497,15182198.127199264
-4134126.403012154,15184057.55844199
-4126787.5081615993,15184960.370498462
-4117593.067436952,15187440.839302352
-4110724.1115945186,15189970.693454163
-4104031.2732292986,15194408.535132071
-4104228.2347392533,15196017.721773889
-4105794.5374248703,15196724.145474805
-4108977.849130304,15197099.908204036
-4110260.8734594667,15197426.317425668
-4111824.0828958536,15197387.194645094
-4114796.8695102055,15196850.13489496
-4116752.2670248398,15196368.900618974
-4118335.170446046,15195902.354187034
-4120540.947298972,15195030.111907996
-4123233.329365527,15194804.497628195
-4122373.3865695004,15196357.01774623
-4115630.7540246425,15200052.73289957
-4118291.9841048275,15201243.963582516
-4120886.218091771,15200823.889853097
-4122118.892692569,15200990.282431042
-4123618.2516984013,15201020.276721213
-4127193.641201727,15200970.810701735
-4145625.956842559,15192227.944691172
-4149602.773575273,15190891.223914357
-4155843.7636406454,15189517.061549215
-4165803.3321881476,15188001.898623234
-4167760.2106076363,15188185.725958109
-4169180.938993295,15188462.26147002
-4170860.9574512145,15189119.83958354
-4178468.4270259766,15187615.52540708
-4204161.878620579,15177302.671666767
-4211693.1083291415,15175174.070704894
-4218383.752081391,15172616.348624032
-4232655.17333487,15168869.410465779
-4239194.334135667,15166404.96335369
-4246588.947999803,15164328.496540632
-4248912.280950558,15163395.101781163
-4251088.562449026,15162819.893609729
-4259262.785756549,15161328.76290596
-4261708.319707966,15160587.556828907
-4264824.930659651,15161496.630890064
-4258231.777988255,15164665.029825801
-4233003.866503403,15173098.530836042
-4216329.884381302,15181011.787952626
-4212606.283360194,15184253.376145823
-4210166.298261242,15185244.487425819
-4202407.674537113,15187516.488875564
-4175419.562905744,15201100.098311082
-4148213.74346979,15214617.8436956
-4120792.045091766,15228067.897015683
-4110106.3555695075,15231212.601039568
-4096376.9801816265,15238883.72530381
-4097875.0812813146,15238951.32805025
-4096814.4628804903,15239692.260707669
-4094254.146506635,15240696.050293533
-4087467.234149719,15242537.853039935
-4078727.571343616,15245610.55131763
-4075048.1588940457,15246511.739600856
-4072558.2297455356,15246838.350368995
-4071015.53958687,15246655.053754674
-4070021.374546858,15246050.682340382
-4070801.398831027,15242588.415688684
-4061958.869969434,15244296.447973019
-4057219.4069652776,15246274.212942585
-4041812.286533186,15256393.139287755
-4038183.2842732705,15255087.20017328
-4034117.730863757,15256110.017400293
-4029992.3759749653,15258067.656835813
-4012645.383365899,15262929.768710272
-4007125.3571151914,15262788.419882841
-4005406.3750453084,15263128.11469095
-3982038.5912380125,15270404.39584652
-3977494.1977518518,15272494.401878953
-3970431.827848072,15274647.599036152
-3964410.2805177723,15277927.72462372
-3954417.038630451,15281483.575012067
-3927066.4086076557,15288401.043045754
-3920121.454741209,15291090.587858375
-3914674.9985981467,15292015.346592166
-3912704.4322576947,15291789.845458234
-3910155.18061033,15291698.92506097
-3907060.663763375,15291794.470492383
-3903406.3993951,15292125.126229506
-3899631.4530376387,15291555.594459383
-3898927.2077895887,15290809.102119615
-3902520.7972931317,15282400.343826998
-3905939.983634228,15274039.683912229
-3908225.577431923,15268194.286369925
-3901790.491140655,15265614.775253301
-3899000.57584117,15266413.02138808
-3894869.7403322896,15268655.662575347
-3893378.845848289,15267770.22203264
-3895378.6087858113,15263295.429405587
-3915665.7295726673,15250802.557703301
-3935692.6575157647,15238300.77148459
-3935088.006750085,15237459.512976311
-3932207.4442717107,15237082.213664124
-3931867.115034165,15237039.222580457
-3924405.252554765,15237532.020194666
-3917873.10437898,15238621.462731034
-3911835.825426186,15241010.509391248
-3905925.3923275582,15242156.881574249
-3905267.8044256205,15239215.233797928
-3902474.0320751187,15238847.49107032
-3889594.4458413995,15242687.161328243
-3888123.7727584527,15243410.235708643
-3886636.1014362476,15251058.783387909
-3872082.7719323114,15261036.126258913
-3857349.5208533243,15271018.347066335
-3836718.088114002,15279410.941352176
-3834241.490625139,15282806.023174392
-3829292.120527374,15284630.957490293
-3821741.4384866236,15286633.009841166
-3795250.784255784,15297135.960832182
-3768646.1279822886,15307556.944848482
-3761502.6907883165,15309207.88316448
-3756836.407483802,15311010.477981983
-3753696.4464225248,15311876.537716031
-3742898.1032484667,15313886.124998022
-3739862.382753961,15314576.85767991
-3732599.260853517,15314235.194159815
-3728914.3188269404,15313403.02004091
-3727386.5959003675,15309032.390143357
-3724473.923021634,15308240.676722903
-3716268.1310883183,15308635.36625304
-3714629.2565313773,15307396.821038118
-3702478.8471333724,15304073.851286082
-3701316.4851292404,15302301.126949765
-3705056.217108701,15298814.072700014
-3704340.1416864675,15298067.045937875
-3701228.680301908,15297647.244430838
-3686924.269403604,15304069.036009232
-3687308.776726247,15304958.837086579
-3693356.3472579545,15304905.475531202
-3695290.24959603,15306843.60442099
-3702341.202818514,15309400.400683014
-3703086.6514654313,15311289.463125555
-3711461.254559813,15313710.69722011
-3723018.8046949687,15325036.404142374
-3719884.62032875,15328857.69794638
-3716927.0226068725,15329604.513143098
-3715748.2594037005,15330118.060745811
-3713519.4361759974,15330499.946979333
-3711220.1239989502,15330790.688719453
-3708710.5250713658,15331201.308388125
-3706732.071880489,15331608.213812847
-3706108.0150444186,15331887.782324446
-3707584.080123429,15333169.088371797
-3706361.6287898878,15333789.684297351
-3682365.286416886,15339904.666268665
-3679146.4176254813,15340425.052398276
-3676498.167246236,15340393.446075471
-3673764.570553832,15339653.81379194
-3670311.023683245,15340633.38347008
-3669811.276657629,15342699.084993543
-3665606.843730871,15343556.559560481
-3661771.038570157,15344068.317714317
-3653705.606923032,15345704.055279598
-3651988.178486292,15344691.614751512
-3660896.7362491363,15340386.427192068
-3657893.1635791925,15340690.105426325
-3659449.7908876105,15335994.218861597
-3657981.3682650523,15335508.595253611
-3652709.1132472963,15339720.196730927
-3624227.502639817,15349336.656048324
-3626958.997334727,15349072.38552789
-3627036.550572258,15350562.856399978
-3635068.4944432476,15349640.150596438
-3599359.227599199,15358294.01340307
-3585974.4686456076,15359707.406154383
-3574976.4252512283,15359416.487712145
-3572574.4039850915,15358450.55888162
-3578092.773130411,15355749.195434498
-3578465.9599327664,15354899.747516414
-3575434.11299791,15354825.044031115
-3570667.3405265734,15355012.250941642
-3565800.0011286484,15354953.847324464
-3564990.811671647,15354528.458903823
-3565432.8798071076,15353896.456101082
-3564311.854716766,15353476.967914106
-3558942.223216257,15353678.109230602
-3564248.1640565097,15347412.186674746
-3573006.5727431793,15344382.45055343
-3583758.8950856035,15337437.369994497
-3575860.8934212616,15339273.251309207
-3561005.269511368,15344990.420468958
-3557801.5378263923,15344316.84967971
-3575385.1103104926,15331578.740572777
-3592624.718952054,15318865.23017224
-3609522.0661176005,15306177.896028705
-3611899.7250046036,15305516.95594499
-3618592.6151718157,15304189.613187015
-3620663.7149555837,15303546.95338368
-3622942.3256569095,15300952.81126806
-3653186.3005643194,15286802.162863208
-3683130.569275769,15272567.178991761
-3688840.243885505,15271019.066677628
-3693578.3488071766,15268817.414893163
-3694739.385590244,15268560.88619155
-3695773.650704641,15268631.161835823
-3710406.020171567,15256588.13580535
-3724734.046781349,15244577.81813178
-3756209.078353741,15230913.533602105
-3787449.5518581243,15217139.586466383
-3789174.5875441898,15215453.335031884
-3799088.14216072,15212455.891472941
-3820510.5553558483,15197729.003554277
-3832284.826388956,15194061.442724582
-3834207.1564078284,15192425.403694753
-3830586.0423078006,15193295.873159092
-3823986.6405982873,15195442.163853697
-3819698.7868056647,15196026.586697701
-3817405.1528008473,15195679.5982982
-3822952.6085265344,15189614.5996205
-3821222.9971244596,15188255.01049359
-3814412.5002745455,15187844.140439449
-3806722.8313805684,15202430.919429004
-3774902.3839135584,15217962.364860758
-3742745.901417946,15233394.609044433
-3710256.8943388574,15248724.264638174
-3705344.633527799,15255813.360491361
-3673301.091957557,15270112.853685731
-3640983.4101516698,15284302.71386875
-3632754.1483424297,15285813.403325878
-3635171.5801184145,15274353.490030026
-3637228.6377709894,15262998.143033577
-3660972.288622179,15247906.286195258
-3684285.7646743604,15232810.231721696
-3706225.822292838,15221826.193434311
-3727981.989339832,15210799.689020617
-3768967.1971907383,15200586.206386384
-3790919.76532836,15191979.954914754
-3792411.6164205926,15190857.535095697
-3790952.5251374063,15190061.634561803
-3780410.9037027666,15192058.376309648
-3766637.072576464,15198872.922731768
-3757528.2870609686,15200979.488312826
-3746700.245257244,15203032.058824565
-3733023.890231341,15204909.864733621
-3729428.4974296717,15205570.02580289
-3727549.096328456,15205567.612506188
-3711787.422943046,15208330.91145257
-3710777.6840528385,15206088.269856816
-3732502.823198892,15193503.542640748
-3733140.111661244,15191207.56364431
-3724337.91767702,15189964.737982402
-3719431.325008498,15190826.386253381
-3718117.54845575,15191122.24724999
-3716958.7581091984,15190883.545684453
-3715342.0910890405,15190042.83167282
-3712123.7752061235,15190673.958890503
-3708770.7972332975,15191764.081205755
-3706369.843727476,15192335.448860336
-3703953.879833032,15192682.591961483
-3697741.554839464,15193462.153939176
-3696273.473954144,15193761.004078764
-3692305.0729545834,15195372.84963875
-3689015.232961508,15196162.865943579
-3684838.264630791,15196855.113559967
-3683090.671912672,15196490.122926867
-3683971.5628900845,15195411.94501092
-3683362.6988253603,15194919.760988442
-3678730.2159698633,15196044.558580713
-3674247.2140313582,15199378.177860443
-3672876.365619321,15198384.433415188
-3671332.076339379,15197913.829168163
-3668542.4762718943,15197937.760214267
-3663894.492066929,15198636.280642988
-3660151.261550919,15199504.429443847
-3644462.429007064,15206158.677670756
-3631220.1127164178,15209669.61414213
-3626926.7550683683,15210259.15580631
-3624048.680708394,15210838.92032266
-3621344.743555313,15213020.79442891
-3616339.2592551727,15214391.15075578
-3612591.6153534804,15214251.458996506
-3609237.077401972,15213510.138848044
-3605587.8039812776,15213055.003396563
-3604892.083544063,15214814.073980821
-3608490.751841607,15218364.98982172
-3598202.2451087185,15227366.097916638
-3599888.9389529424,15227965.153981391
-3603730.508595519,15227244.187700376
-3609127.3903109585,15227269.100837892
-3618852.5789313405,15227979.899274105
-3624248.558900577,15228617.94573191
-3626769.8184433193,15229545.12399976
-3626832.1797308535,15239755.87735953
-3611110.774366542,15251810.521079684
-3595083.522451468,15263887.399376834
-3590772.6238308274,15265038.746587599
-3578353.947332098,15264795.329145955
-3571222.3167248094,15264963.542786933
-3567110.5807150328,15265668.141427854
-3564128.6810127855,15266725.906856293
-3547950.478847831,15270296.9710936
-3523376.5631186077,15274384.218137104
-3519012.9976928267,15275660.403857214
-3516567.361959151,15277080.462968703
-3515836.637969663,15279663.521435
-3558989.546946733,15272538.286560936
-3564215.703647805,15272013.081829064
-3570312.0806277622,15271809.586035008
-3575268.2505948516,15272167.090970935
-3576563.7441356312,15272972.937591301
-3570552.7539522876,15282054.112613691
-3564330.4643629594,15291181.668054465
-3533240.7589551294,15302392.801039526
-3502023.80609724,15313480.724877473
-3470683.150165708,15324444.025456633
-3467481.3822115194,15325078.410955224
-3462718.4151794235,15325490.501747746
-3463781.9420216437,15324591.329626804
-3461788.6692662546,15322863.1189486
-3462350.1499198424,15316527.998748267
-3467312.674627777,15312808.553279294
-3464331.8823035755,15307928.771938423
-3467832.4677251535,15305204.68605179
-3467524.3477548487,15301730.067171246
-3463760.608469906,15301077.407020768
-3451808.0194418994,15301945.007971866
-3446846.266125736,15300739.720071416
-3443200.4946339442,15301614.741918974
-3444278.659802949,15302618.151773494
-3449439.176380216,15304457.60172804
-3450729.9659949457,15308051.894997716
-3438892.687165011,15316672.925983721
-3438926.831459228,15317285.983459644
-3441669.4924974227,15318778.61998013
-3423490.0653639813,15328200.24940167
-3405147.1615941566,15337599.359371487
-3399592.137481662,15338526.979043465
-3395048.504208344,15337711.552983554
-3392091.6592359706,15328098.492878873
-3383058.848292602,15324783.246264191
-3381649.2907254035,15323247.023363657
-3384082.887252873,15321984.556348862
-3387006.330350407,15321199.661991056
-3393461.912419981,15316563.788141426
-3391917.7346379305,15315957.74679813
-3379214.740080721,15318901.353598343
-3370826.437622153,15325277.519296382
-3360486.9597709617,15328188.305997435
-3358560.987259899,15329245.909714092
-3357812.38219081,15330631.106024722
-3360223.6436346048,15333231.288354328
-3370619.2382172504,15336457.615129145
-3370834.35164458,15337534.561267274
-3354717.2623363733,15347217.733501466
-3338402.272205743,15356896.687810604
-3323902.061008092,15360329.514815971
-3321001.653298733,15360597.176223913
-3317913.773782742,15360116.071240429
-3316632.3194906404,15359508.480443032
-3314980.776986108,15354298.28080393
-3310641.183185472,15353389.02977844
-3302939.559575399,15354431.04343173
-3298800.472099042,15356258.503555484
-3297480.970036695,15358208.875468936
-3299134.6597696333,15361215.594427543
-3297586.570020948,15362848.56237917
-3289029.7402997105,15365987.494055767
-3280565.2955596754,15364715.563079864
-3277389.4004675755,15364486.075771691
-3271167.4459737553,15364588.920104874
-3269170.2540044896,15365118.650157873
-3263742.0343594593,15370980.513202677
-3264992.062607517,15372478.965497512
-3264450.249377513,15374021.413086886
-3259151.749663378,15375416.271476068
-3244073.0149772875,15378004.105877977
-3234411.5946084596,15380681.835299527
-3228313.5662458837,15383560.346305344
-3224668.9812924704,15383257.59066644
-3223300.653416914,15383119.842450634
-3222191.9428303903,15382944.099267764
-3201871.4798159087,15385663.43290889
-3196844.0687300893,15385982.026307039
-3193011.052967322,15385527.2846488
-3190386.341972967,15384725.038809923
-3189109.3962808107,15384015.752425853
-3186677.689594226,15383931.370332358
-3167881.2663065335,15392164.471982142
-3164858.205521639,15392788.725924969
-3154138.5450099455,15393907.959186438
-3151252.981513031,15394334.402201196
-3144507.7820514594,15396675.183281777
-3141204.548429803,15397399.666093724
-3126517.8669060855,15398846.34813055
-3119672.3635438727,15399924.004166713
-3108689.0710703107,15404490.987145996
-3104164.6472682175,15403238.167240163
-3105758.793645492,15402012.617084572
-3113605.2351421313,15399786.416751869
-3116991.914686518,15397331.24495895
-3116722.5076600225,15394777.416463075
-3111843.356235923,15395166.932648733
-3103241.7392323627,15396731.19953883
-3100867.538622417,15396620.4279825
-3102397.190700638,15395712.940764606
-3102295.1462557754,15394759.310239458
-3099945.9485493144,15394998.916152066
-3098426.1772522945,15395303.06631848
-3097493.0586697944,15395643.269306952
-3097065.1692075897,15396017.27225051
-3096579.829607823,15395082.77952356
-3100976.825714595,15393286.506722733
-3100064.5458304957,15392327.231922904
-3099132.7499259207,15392570.25001595
-3097938.3088510786,15392696.467145296
-3094062.922887256,15392895.336991198
-3089126.6763272085,15391237.403366813
-3091566.2357906345,15389201.782348784
-3101529.209581007,15385634.721942555
-3093782.5428022128,15386641.010730684
-3070327.662363577,15396181.442060212
-3069900.0302876118,15395124.199056104
-3068420.2793548387,15395155.821660457
-3067211.394575471,15395168.108326672
-3066019.48725584,15395199.904997235
-3064694.220464096,15395302.63265108
-3060346.2032757187,15394852.705745682
-3058325.960098789,15394442.699496986
-3057974.0407316303,15394001.325749857
-3059424.384089838,15392915.624980077
-3058376.62662143,15389131.414209828
-3056044.9897238626,15387875.820244191
-3050446.950757046,15387005.404554345
-3042394.0060409084,15388616.95933313
-3040946.62775356,15389229.382249605
-3036813.2792150076,15388451.011629017
-3036689.0886038532,15386432.639352495
-3031288.3267964437,15385609.590047743
-3029566.8240099177,15386583.1365033
-3027995.6525849556,15387025.073677644
-3025594.051442535,15387177.688529246
-3023015.1575422464,15387248.331220215
-3019288.665765265,15385571.200061899
-3031686.7154073077,15376418.472571967
-3043863.189813064,15367282.903018367
-3037689.8974912283,15355505.139992887
-3056286.4428170845,15346401.067257294
-3068228.694011029,15343820.063161945
-3084241.7947596647,15337093.5074574
-3087357.6993814376,15336418.64187808
-3092249.7640059325,15335923.378207618
-3092961.9819895625,15335588.725948049
-3089950.2331819227,15335095.997852124
-3089134.887892924,15335229.447365612
-3087369.6954649547,15335441.524361294
-3086643.291098004,15335580.13284961
-3077723.9452967937,15334656.073333977
-3074337.943062988,15334620.477041068
-3066927.1647902746,15334676.981637936
-3064394.745261789,15332945.992951343
-3070878.0101786717,15325723.528540527
-3069564.7695586737,15324210.315210562
-3074595.0832912964,15322527.548070494
-3073366.8304668837,15320922.990960194
-3085133.6808297024,15311819.789769419
-3083155.29478606,15311081.236493202
-3080510.288726925,15311236.487846304
-3077952.0928369593,15311862.187715096
-3076194.6941771302,15312541.573089832
-3071929.5477984836,15310915.37096268
-3072569.404931618,15309224.242289886
-3094921.9769209474,15296574.392508093
-3102068.604808732,15294502.250040723
-3101002.4425107213,15293923.553463241
-3098396.655860349,15293445.576642731
-3092861.876169189,15291243.115683783
-3091959.10825551,15289854.92398612
-3089979.8540584357,15289153.798911888
-3086837.2545392583,15289457.307070062
-3085370.574246897,15288730.172009813
-3085749.1305052657,15288227.164715145
-3093997.7285349676,15286483.169278704
-3096841.424463817,15284820.364823747
-3099533.1253412203,15284029.51274938
-3111106.1268301043,15282190.895360675
-3113487.2917424478,15281463.919919785
-3118576.2650564117,15278704.164670166
-3113925.6344514997,15279328.382755037
-3107049.198709799,15280700.214737555
-3102168.181618448,15281223.741207216
-3100749.3011714187,15281255.139836403
-3096884.6023514047,15281235.655445898
-3095198.8245402714,15281281.927732263
-3092915.8518680325,15281498.623364791
-3090705.4447814096,15281811.989244573
-3089126.7947962326,15282147.753092155
-3088779.9255392775,15282425.138883693
-3089046.16986792,15283309.543176172
-3074127.2907475187,15287939.178311404
-3069760.37569836,15288479.89074998
-3063377.985628835,15287503.407304851
-3060102.608181315,15286477.640723819
-3058544.226316526,15284377.70101413
-3066772.956238892,15270950.580555176
-3074464.4519646424,15257634.702740928
-3100639.482317989,15250465.199356014
-3099143.909762753,15248068.535255551
-3091992.614427706,15249780.04945624
-3088339.3172450545,15249949.527871048
-3085016.551132905,15249584.505694486
-3084063.267941867,15248980.274145424
-3087348.1901441407,15244073.247346347
-3090659.7599758888,15243200.884677287
-3091021.966314168,15242762.740985373
-3088502.64139719,15242706.226857241
-3086176.228082301,15242901.029304186
-3084817.3540482284,15243115.843702625
-3082903.1164287105,15243297.829954527
-3078989.9381987453,15243395.94536353
-3099626.89462017,15236235.053922711
-3100997.924524939,15234936.898703078
-3097607.1017541257,15235085.752701264
-3095581.7686338387,15235311.486752339
-3092250.212769769,15235929.909361938
-3091197.4566114247,15235383.566415166
-3091238.0640139147,15235179.298676519
-3088837.893184072,15235348.562882692
-3087330.8270918396,15234933.190147266
-3088177.6420459524,15234540.276801862
-3091679.334023672,15233738.114671841
-3091593.960792017,15233415.54501473
-3091017.3435647055,15233119.098347964
-3091820.890403315,15232828.631807841
-3095923.8669422064,15232519.773221785
-3096166.5575641724,15232666.353311839
-3097073.923173241,15232925.05244145
-3097285.3402346256,15233073.565422999
-3104927.0167371603,15232346.7396747
-3108017.053132633,15231360.81262989
-3107305.0893911556,15230340.33197687
-3103547.8522705184,15229504.295796132
-3098340.596546819,15229709.985161407
-3098680.8326759976,15229206.449812349
-3102781.0517658317,15228458.28665481
-3108858.576169863,15227926.830658957
-3110125.7957443814,15228091.150283752
-3112014.113835795,15228249.288802829
-3114363.118627354,15228397.657012632
-3117105.712697353,15228526.885832507
-3116841.1835092036,15227270.176188605
-3110780.425069386,15224880.5165815
-3111491.1790030217,15223609.478153022
-3115253.5275491956,15224603.86636265
-3117288.4774837084,15225626.487017114
-3121168.0669645765,15225020.31791211
-3120823.1459606937,15224212.923354764
-3116049.519949584,15222698.987370845
-3114743.6048372313,15221877.207212003
-3118583.6308834557,15219511.241062164
-3120242.398316717,15219119.312795335
-3126011.3685685336,15218461.158375688
-3128165.066068688,15218109.704267392
-3128835.1756854616,15217639.461083991
-3126429.2060693824,15216850.692223798
-3126137.565630398,15216472.996947005
-3129298.6714492366,15213652.594881728
-3132540.645881455,15212733.74682158
-3134696.0490075396,15212814.066899031
-3139549.8389028744,15212939.11236795
-3139191.0171538154,15212906.684278753
-3141892.7794092186,15212973.621012455
-3144215.7232094114,15212460.912437297
-3146853.5334958015,15211251.54282123
-3146375.121888171,15209072.927231804
-3153958.275847228,15207223.62877887
-3159851.4235239825,15203564.88035847
-3153550.4626027024,15204020.872429488
-3150827.2810720135,15204688.839712303
-3149250.7288891617,15205427.253856078
-3146372.1097774724,15206087.21589207
-3158160.550787672,15199431.232230913
-3156461.3810684397,15198580.904968835
-3154053.648422594,15200248.606389832
-3151526.8916409262,15201065.570782648
-3148262.8417770863,15201418.821250992
-3146637.936216828,15201820.17307983
-3142286.339721262,15201287.676787095
-3139719.0169761726,15200488.164097128
-3136469.079766612,15196235.933212165
-3133975.1896384503,15195455.398604672
-3133499.819114422,15195838.181466095
-3132004.7550571994,15196221.097036872
-3129278.8823849657,15196532.542999662
-3124966.473152447,15196704.855461007
-3122471.6650503716,15195661.81518715
-3121838.9640802047,15194427.639670346
-3125488.255481138,15192401.654282112
-3124144.472958414,15191795.962879935
-3119447.282523284,15192233.429412857
-3115532.609588188,15192671.116724867
-3113791.5097518903,15192303.144402448
-3113812.9080745727,15190929.909037588
-3112966.7208084892,15190768.27484726
-3111678.1936233575,15190615.687043604
-3110597.1975918836,15190429.545507822
-3110471.9016230945,15190157.939129403
-3109831.748418963,15189872.739173451
-3105515.0242876317,15189511.196376182
-3104913.9046177105,15189202.467490114
-3106153.6139674066,15185503.991505604
-3103199.0857319636,15184687.047102839
-3103504.8443763554,15183240.834284354
-3102614.8734896053,15182556.22268125
-3098245.294098431,15182092.928614015
-3095129.3904868546,15182460.156911202
-3091141.108555649,15181907.123935921
-3090249.386463818,15180549.367460126
-3088007.7039422374,15179897.631980672
-3085435.966095929,15180402.029281018
-3083794.149148575,15180918.453013463
-3077197.509308676,15180032.548750397
-3075237.561690324,15176769.368783703
-3070203.633095821,15175260.129003325
-3064782.016707258,15174560.395694904
-3056708.3481908366,15174270.808646142
-3047366.003354633,15174278.12196884
-3041039.168035598,15174370.867399734
-3035700.25508661,15174665.802635392
-3029348.5780172027,15175277.086711735
-3023590.8929240857,15176143.26364213
-3017353.004509579,15178030.609342003
-3012888.2436055094,15178935.228418829
-3009707.387035526,15178303.36382718
-3005664.841642178,15176894.677465625
-3000735.8388561383,15176345.496362424
-2988580.8738174313,15177729.652759299
-2979627.686207755,15179229.078963937
-2975921.3655375764,15178741.582969755
-2975230.428411194,15177544.646006394
-2973806.90686343,15177004.323724119
-2966357.928973476,15178446.173139868
-2961111.496397508,15179163.698543996
-2955596.5671883165,15179511.594956066
-2957806.8224620763,15178206.555118166
-2955712.7664190903,15178186.119371872
-2954519.0449246443,15178891.021141661
-2947852.9085840904,15180595.455715429
-2943548.510458877,15181217.314968716
-2941662.0317950323,15180565.589169705
-2944044.5063169743,15178064.822509667
-2940283.9906167607,15178245.286415972
-2930618.1580473757,15179077.47025199
-2927919.973269549,15178041.132687222
-2921944.510188866,15178192.049281187
-2918388.000021611,15177724.461144578
-2913873.773761868,15176532.365404174
-2905810.4198548063,15177093.8862029
-2892741.348459327,15179177.117793186
-2888798.425210471,15178401.546290293
-2893494.1134421756,15170117.270392068
-2897969.917684308,15161876.977313526
-2884319.394947758,15156691.986550426
-2885102.03085064,15155721.256103454
-2896883.5443222634,15151750.641387029
-2897981.2392806667,15149569.721501542
-2894845.314321653,15148705.969710765
-2878788.0956903305,15156974.8655989
-2876739.6139638773,15157374.596907053
-2872989.3006628603,15157665.607951537
-2868652.062241147,15157931.156973492
-2864959.6345219836,15158252.069964102
-2855773.3577672755,15157552.874767942
-2850669.59308679,15157314.759066349
-2846718.962728275,15157486.789751897
-2844608.18971584,15157893.607510602
-2843147.42088496,15158395.322866814
-2843131.322212136,15158902.298948755
-2845367.5783753325,15159317.384181127
-2849456.0096301655,15159479.679455826
-2853724.2215687474,15159418.529922517
-2857019.62976345,15159336.821406607
-2858057.6716537285,15159433.872512978
-2860385.0328619825,15160241.831097623
-2874598.9763145205,15161453.143635659
-2876983.2522034016,15162242.373709312
-2876912.1232931707,15162732.17347043
-2883820.778624726,15164818.694589345
-2877147.2547123227,15175411.872671673
-2854257.439116123,15184008.686278863
-2860951.692263831,15187590.768996669
-2859627.150583064,15197494.098604392
-2848643.6253717053,15201997.627698623
-2843011.1702637784,15202781.34012869
-2833756.8193672663,15203398.658821799
-2826875.8804021194,15204027.160059623
-2820545.058299697,15205839.820621066
-2811418.3219626863,15207137.120733
-2808139.3369484865,15208446.98491029
-2805305.0055575287,15209008.616695978
-2803057.967304467,15209277.14851789
-2801378.2585921837,15209576.66441967
-2801237.2533833873,15209919.607580084
-2809584.496871162,15211471.149837729
-2810718.391344582,15212789.46249193
-2793973.298796349,15224299.871639779
-2787557.3977616807,15224798.790077958
-2786377.3709388766,15224136.306337152
-2782655.184108356,15224189.30815238
-2775513.0085772057,15224836.049151052
-2769714.3866935465,15225133.990415882
-2767587.8677364388,15224979.278965168
-2765274.045400296,15223906.261161812
-2762975.287925303,15224517.377656285
-2755932.662743658,15225552.17153837
-2753737.193125955,15226104.848432373
-2752511.686526711,15228076.482533524
-2736237.9508158085,15231923.24872263
-2727110.779419163,15232551.942238592
-2725904.324171278,15232158.111226657
-2726028.708021984,15231790.23432152
-2727713.416860897,15231085.0890508
-2721914.26015109,15231473.501089316
-2720541.457062207,15231008.03214732
-2720399.287046141,15230802.941860383
-2720985.4875803753,15230585.36075828
-2717178.604034648,15230756.760190655
-2713714.2912793336,15230989.120748335
-2711030.011221832,15231279.653678909
-2707678.2678438383,15231919.092581639
-2705277.139046867,15231592.213956255
-2701541.761709758,15230643.40960438
-2698058.916226097,15229954.204264317
-2695015.2303249734,15229578.041721059
-2692473.1470594206,15229640.768253833
-2690419.532455484,15230261.983880293
-2685456.3204553,15229274.62865929
-2683522.290759578,15226104.534275366
-2685916.2166068126,15225256.935504792
-2685643.159425111,15224787.180396251
-2682531.53455238,15223233.54314641
-2682669.031356051,15222797.286538111
-2682362.729128508,15222958.471485103
-2682706.4719163496,15222239.019268446
-2679583.919810555,15218970.479478108
-2671676.2100957525,15215651.321065648
-2673764.2121399273,15212824.963319095
-2672576.803399889,15212569.107562464
-2669934.671973414,15212214.671365747
-2668580.2068410288,15211886.824849816
-2668180.7427834766,15211089.106287101
-2666857.2961850907,15210690.943056174
-2666409.9944615513,15210837.131251602
-2665645.676756438,15210914.63076897
-2664711.482587833,15210967.62641297
-2663777.608903873,15211050.9940542
-2661646.5011614338,15210776.074419068
-2660050.9095871397,15210507.11285146
-2658942.8043032954,15210239.111480521
-2658346.7971739927,15209974.325156134
-2656724.372596266,15211126.80338418
-2654660.5646644556,15211709.508451603
-2651096.6351547744,15211834.053584034
-2647207.839941862,15211397.272362681
-2646193.8564174552,15210789.192228999
-2649420.1440055934,15203803.83992511
-2652474.7867423203,15196853.625806976
-2650892.1443870217,15195987.206721814
-2646961.904427122,15195396.102666158
-2642087.783227134,15195004.000246843
-2638210.069174573,15194631.498778671
-2637304.0739863305,15194096.897625843
-2647937.0091311773,15188560.296830518
-2658487.565007334,15183012.95036382
-2656498.788326664,15182313.11551498
-2641891.1589345587,15186041.195763666
-2638178.2967905477,15186284.385297665
-2634928.518400803,15185773.465416962
-2632513.8059660513,15184148.477944462
-2634107.2196121006,15178601.865893003
-2635589.085168626,15173080.424216036
-2632965.3864692044,15171870.888762526
-2630441.696506484,15171272.17931174
-2629452.6485214615,15171210.33203684
-2627526.7824049154,15171121.036146527
-2625433.3033334212,15171005.579960722
-2623976.2778834417,15170869.959634293
-2623683.300576327,15170738.88027125
-2623417.8471643305,15170195.291092219
-2622534.396449063,15169947.378269
-2621259.6222871216,15169702.389431078
-2619555.215739723,15169457.73982168
-2617354.807956599,15169210.507419022
-2606402.1861799085,15169968.383539548
-2601994.632846281,15169300.859032823
-2600770.817601311,15168408.153579498
-2606777.753538946,15164223.31656357
-2604276.546984432,15163257.047581065
-2603641.1636734623,15163356.43964258
-2601083.044375851,15163587.206508016
-2598371.2624760317,15162418.647237895
-2593377.0592732183,15163393.156924296
-2588950.4928542604,15163849.233209347
-2583713.9043350117,15163894.05796214
-2579071.526173251,15163329.215360755
-2578472.532611723,15162515.75328873
-2584211.999064626,15157650.82410152
-2579576.6053972496,15155662.54085958
-2586470.4074877375,15151770.096425876
-2584200.4430343374,15149078.072571509
-2587978.1792688584,15145165.712351242
-2572991.298607377,15142440.388771748
-2568258.4541574502,15140041.498648304
-2568307.519896151,15139057.25945047
-2567198.1431864514,15138573.363482617
-2568720.9369410854,15137338.133980092
-2578086.3762603793,15135862.34612873
-2592131.198887031,15134892.158256017
-2607657.6868644427,15135192.959587133
-2616443.3309203624,15134717.584893098
-2643758.3017709577,15133660.343115477
-2654530.7709015636,15132740.910534479
-2677829.5270326305,15129273.30199186
-2686209.4661820172,15128673.741492908
-2697038.4570178255,15128202.323856756
-2706860.798608733,15127610.787599752
-2716979.40232685,15125773.161391018
-2723846.9887300017,15125027.73340391
-2727006.043061112,15124224.304198246
-2720550.95553515,15123173.09658177
-2717405.2234379947,15123534.209294243
-2711349.152387961,15125359.615787199
-2708824.0205622995,15125757.609671239
-2705724.8096461114,15125857.25402947
-2702607.994614393,15125356.815165859
-2698493.8450627425,15126075.968799345
-2692521.181890393,15126701.60644
-2677388.8280587946,15127752.631431296
-2670376.6133713685,15128391.046386376
-2654663.0100911683,15130724.360640414
-2648467.725447385,15131198.698756453
-2607334.17687953,15132957.11011999
-2599431.3094602707,15133048.790720701
-2592407.1650938224,15132666.717512358
-2586924.465625827,15132741.401226716
-2581191.011907948,15132927.023431301
-2573505.744020443,15132881.569106791
-2567325.565535054,15129011.16650513
-2563791.890483004,15127880.820264967
-2564093.154641255,15124299.246950645
-2569605.3342309906,15121535.167865532
-2575748.4734184346,15120269.535699917
-2587697.394127354,15114758.811474834
-2599569.5386206787,15109227.43673931
-2634392.6104374407,15102882.262771178
-2665160.102383873,15097111.50658257
-2662782.6915496457,15096198.839793246
-2655027.149158142,15096644.196187617
-2652595.038771037,15096010.596843172
-2654820.3288178016,15093361.699437095
-2653515.777209366,15092158.142305315
-2661895.685025405,15087409.482383998
-2658697.1672991808,15086716.156727294
-2656370.3471517316,15085690.096671514
-2656508.48788715,15085219.807678508
-2655854.6367389713,15085066.752775246
-2651952.34217404,15084819.865617882
-2650558.387525799,15084648.500726366
-2650317.8316742782,15084392.35712407
-2652268.777174695,15083558.722580602
-2644617.53171877,15084408.049570853
-2634825.507077881,15086288.589679781
-2627868.380342541,15087127.476338679
-2614013.8831226,15088224.857787304
-2605584.7133159144,15088688.790007707
-2596550.7263502483,15088928.992019549
-2595492.3290958344,15088747.687476706
-2593658.591435085,15088295.836702147
-2593248.2652580305,15088042.983235478
-2578113.2925276286,15090446.613131853
-2572345.886273196,15090636.277483366
-2570926.0771609205,15090303.2752172
-2555447.7182408245,15080866.300486317
-2552320.5607527876,15080127.158181353
-2546639.9924780345,15079426.92818634
-2540467.8451099736,15079563.812690398
-2533294.9600926293,15080474.135989763
-2524386.3096203837,15082239.537985362
-2522279.163781825,15083206.470604025
-2519700.3518708963,15083720.198021399
-2515738.461076477,15083874.114176381
-2510685.8076293357,15083749.463003388
-2508189.8899525017,15083746.499052146
-2506469.846988284,15083892.434271742
-2488520.1536872853,15086170.10808179
-2473054.027868751,15087012.636635982
-2466350.163151703,15088397.15129236
-2458751.3776513245,15088871.191221504
-2451648.9569068076,15088766.183240414
-2441764.311687389,15089735.235570634
-2435408.235381317,15089140.374758806
-2432898.45603741,15088611.726945061
-2423785.566777471,15085789.69807263
-2418683.0289730174,15078530.997924332
-2413351.4004936707,15071344.502294945
-2415338.835793489,15070432.178203654
-2413927.4135971987,15069461.225670878
-2415062.802880198,15068563.719477776
-2413053.1373666455,15067618.423609635
-2415123.642829324,15062733.203996493
-2431249.905230438,15057345.253846737
-2446021.77544314,15054978.58712928
-2450710.0664794776,15050735.039087605
-2464221.1653619357,15046090.607129198
-2477688.902941626,15041410.718242137
-2483364.950362943,15040603.09434861
-2491311.9023784604,15040321.894669136
-2501078.3370618643,15040233.123276548
-2506363.4809231614,15039778.14983451
-2509718.2445305903,15039190.052742856
-2513699.303413495,15038695.95097158
-2516762.958643128,15039922.241521025
-2521246.4274267354,15040430.347692434
-2529975.890570141,15040507.875938041
-2537181.552686119,15040057.832805127
-2542198.78946573,15039245.186858706
-2567474.135111265,15032457.404327044
-2592700.530548658,15025548.09305
-2598717.0785450563,15020912.053770147
-2601804.271235028,15019953.516374283
-2614320.9895977834,15017974.96929619
-2616565.651769058,15017844.116367804
-2621104.9924267563,15017930.4901247
-2648285.120977309,15011679.86439727
-2653948.4292546934,15010810.963126302
-2656598.029370419,15011189.682026377
-2655051.297440245,15012273.113218678
-2656136.339345515,15012726.048858287
-2665782.3239088897,15011866.42355804
-2670916.4638311877,15010845.618229862
-2685035.2762786383,15005053.189854173
-2690425.482246128,15003951.934844326
-2693549.3037994998,15002222.147006677
-2697389.7229013946,15001293.855452979
-2716677.078761602,14998281.790222542
-2718706.665143593,14997702.484547356
-2720259.586891257,14995979.324649677
-2716320.701205058,14996273.7921605
-2709023.9853612166,14997517.866604472
-2699787.6632175297,14998511.106695782
-2697435.174419085,14998906.73614215
-2672876.8873546193,15007748.425952252
-2669141.4866667585,15008489.109562406
-2663582.9507557154,15009150.803172953
-2655838.1400836473,15009212.977838138
-2645636.0907937144,15010919.882265195
-2637920.1261276025,15010843.318161247
-2633102.208234852,15011424.549317189
-2626275.4366069217,15012865.323792733
-2623073.056592239,15013997.34844099
-2598644.1995418584,15017893.528883886
-2590201.8637798824,15020613.817014867
-2578697.576014865,15021917.779355105
-2562787.0461030644,15029183.195301717
-2559718.5075240936,15029016.525544984
-2558680.7771976884,15028926.380299281
-2552842.7534143,15029325.39045715
-2544333.2928871806,15030771.78626585
-2530118.148770075,15032343.177817196
-2504853.410710857,15033961.168090226
-2503038.577780789,15034318.485347044
-2498134.049457482,15034967.118360838
-2494143.3253340116,15034631.36654804
-2488760.915367586,15034553.6986295
-2483889.546298493,15034686.275353141
-2481454.8382844077,15034986.32851884
-2473209.8577330224,15037278.37992713
-2455641.1492836503,15040761.380507581
-2449656.841239596,15043753.821344001
-2422181.6009476474,15051130.641841298
-2413307.1440724935,15051669.08107075
-2407825.7262030486,15043757.854906654
-2402066.709049489,15035934.82615746
-2409423.5589681775,15031066.437020652
-2404233.0215497226,15031226.114052914
-2401414.8247832535,15030612.152908228
-2402937.0728436694,15025327.515196472
-2404346.562348722,15020066.274822783
-2409306.662271243,15014139.995937282
-2414136.6721997685,15008228.151372276
-2409652.340044683,15006846.71718243
-2413078.47177419,15005268.32133377
-2408954.520417114,15003095.475968456
-2411931.0579637783,14998461.250835827
-2414647.415555299,14997837.756329404
-2424478.09184112,14996611.955788694
-2427144.0623401618,14995948.848695526
-2430625.660240798,14996291.323055401
-2431355.371370605,14996427.908247465
-2439255.5351488246,14995845.583992667
-2440537.833206607,14995051.08873701
-2437596.928499962,14994238.265649071
-2432259.7343761567,14993747.530196397
-2427412.80348394,14993908.107705709
-2419583.6160027054,14992970.88819719
-2418507.8867725125,14992650.560205674
-2412817.9474283885,14992149.181945767
-2411813.3727393034,14991817.299564058
-2413028.4221441266,14990624.627009006
-2413990.3363627656,14990240.14277536
-2411264.56000397,14989760.73799566
-2423201.7405806486,14983927.78869694
-2435044.2195005803,14978068.386264224
-2436150.625840324,14977801.023908265
-2438138.0732749533,14977538.8809384
-2440876.0179651044,14977285.891260024
-2442466.140049089,14977582.15747351
-2442751.6978856716,14977951.260282125
-2442047.723011375,14978333.606279021
-2439073.12497924,14979012.411539817
-2439846.0024296967,14979088.55049904
-2445707.2596421503,14978898.663901549
-2446975.0395326153,14978905.35361686
-2448174.0093873576,14978942.755959112
-2449495.937990029,14978929.523748068
-2451116.9395429185,14978785.51815266
-2452386.8539684913,14978582.030142078
-2458272.069983418,14976604.367774295
-2467831.0012580883,14975662.755088923
-2470363.5885607665,14975180.994034668
-2465129.278055897,14974864.522048272
-2459441.788035257,14975132.438613936
-2447891.3806473846,14977258.572712189
-2444322.9229709567,14976456.76919851
-2442299.8577265074,14976214.517861215
-2433721.210010344,14976957.147148278
-2426608.1699600522,14977813.18243838
-2421590.8314630785,14978697.042401968
-2419214.599517751,14979525.426315168
-2419375.6164787514,14983251.062904663
-2416134.141509558,14983712.729920696
-2413800.408922477,14983094.309746098
-2416096.7867279025,14979393.700480936
-2411081.4822266274,14977753.841552101
-2411286.9344968214,14970957.389018225
-2411299.088103301,14964207.511599587
-2436805.8190884637,14958201.95790458
-2439938.879670085,14957935.982533911
-2443918.347100657,14957688.825777158
-2448193.3095507105,14957327.53831935
-2451525.677198851,14956824.96714622
-2455634.040535943,14955771.9387351
-2459030.2538895244,14955258.637028538
-2467406.7308360613,14954417.522528244
-2470766.481005091,14953697.347476868
-2472791.0562088075,14953447.018575933
-2478707.9528642134,14952929.73554615
-2488421.362830362,14951796.078238804
-2492355.349457441,14951069.580842208
-2496354.278742456,14950599.991795907
-2501420.0454271804,14950134.931958755
-2503897.7944971425,14949823.517114807
-2508204.522350182,14949345.561925085
-2513879.7996906717,14948390.250356786
-2518890.234854194,14947951.04446577
-2522897.200908346,14947801.810115907
-2532786.5912564,14947642.596880618
-2536939.262661012,14947517.720686892
-2541034.169697657,14948126.433506396
-2544564.4793000473,14948386.463259129
-2548718.3798842197,14948439.140108207
-2553452.352753883,14948173.21663235
-2557553.158664415,14947715.443376055
-2563252.448854033,14946911.956431232
-2573441.6186401965,14946022.579412619
-2582426.273981247,14945556.022106552
-2591433.462165196,14945430.621885011
-2617812.914398714,14945706.23367143
-2623671.2124561635,14945888.815133011
-2627394.474556907,14946173.136550816
-2636286.9767304277,14947790.613746032
-2643278.38507879,14948471.323205013
-2645279.45607776,14948570.045354921
-2647048.968685534,14948542.93152811
-2649293.927324504,14948438.768632703
-2652662.9373751334,14948309.158754533
-2654224.8540828945,14948374.551583538
-2657656.615506259,14949021.811174655
-2665428.4333917946,14948081.51708054
-2668928.2241025805,14947851.738708578
-2672370.6682671155,14948056.760384394
-2674309.90242541,14947920.180225404
-2677922.5758543476,14947708.6951597
-2679811.082742979,14947568.229926959
-2697184.719952694,14947488.805228744
-2704954.2116385186,14947150.158074774
-2708751.710394716,14946812.404673079
-2721652.729532416,14944345.303112423
-2727058.9953173087,14942878.768371884
-2732540.003359758,14940084.200947944
-2723972.5700858682,14942016.778653959
-2718969.4598334967,14943848.360365447
-2716575.767199761,14943936.938767537
-2717673.800107434,14940907.15118458
-2713538.943569709,14940680.63365114
-2708424.769759282,14941427.456581468
-2699777.0946909147,14942150.395376699
-2680284.031452189,14943489.71908718
-2673789.171637972,14943476.093213603
-2671422.8928698506,14943191.873835271
-2669665.2812959496,14942254.762748444
-2647702.282891065,14939549.058462776
-2640483.227347865,14936436.047735566
-2636222.6215990107,14935990.289548421
-2631357.7333478206,14935616.326438934
-2623537.8916643295,14934681.917648831
-2619609.3724355227,14934487.039426576
-2611250.7977989377,14934758.562541937
-2605021.176561309,14934961.58707426
-2598740.5175565975,14935252.973487532
-2593111.3544911537,14935558.790775627
-2586625.8292332455,14935915.613414336
-2581976.244538794,14936293.07825952
-2573750.579423602,14937190.321635306
-2567755.074494422,14937669.551468
-2563362.4749130625,14937627.755256686
-2560494.335957889,14937294.35073496
-2559153.2761543966,14936887.01277497
-2558940.0114919036,14936233.127976116
-2564278.2878750125,14933447.701829735
-2570475.3233452006,14932228.05934331
-2577669.0782396076,14928740.33759446
-2590117.459690706,14926109.263208587
-2595529.695556222,14922388.771470748
-2602687.295741442,14921103.210928863
-2604800.00722215,14920854.235808983
-2610628.393392828,14919587.550372975
-2623908.03699288,14913377.969265014
-2637097.2399326116,14907133.037563654
-2660674.2699532467,14900973.319759574
-2684216.3138977857,14894708.245736063
-2692981.63641177,14893317.63844834
-2721780.3403968364,14883934.960550878
-2727832.68784672,14882740.118730128
-2731391.3745777966,14882278.728442945
-2734519.215809704,14882042.25244682
-2742614.8796483036,14881558.73889756
-2745802.662971049,14881328.276524892
-2750154.380675562,14880828.81274121
-2752412.977734747,14880360.350660238
-2768437.129565733,14874767.700517735
-2761915.743223829,14869792.450472405
-2754485.4609197336,14874140.866003467
-2751335.368394132,14874959.049601138
-2745852.736529264,14875747.914110383
-2744077.1719278777,14875870.713682326
-2741303.451642803,14876015.36950334
-2738020.328906393,14876208.479376707
-2734699.061360411,14876480.702489657
-2732303.267436853,14876804.00713959
-2730515.8207285265,14877183.627133513
-2712568.420920357,14883271.854149211
-2694564.7906564972,14889294.99029237
-2677461.7082518428,14892449.287752721
-2675049.7280391236,14892571.539939
-2673024.9495144626,14892321.454624502
-2667802.8378955224,14892999.369931612
-2666160.1404077895,14893608.784508308
-2665792.6464456352,14894675.531908553
-2656077.138021234,14897776.942582157
-2633079.4159755707,14901837.877162095
-2625757.5436960263,14901649.096926404
-2643378.110973621,14893995.62765817
-2660870.585046727,14886277.780446075
-2678232.7818487464,14878496.534648597
-2675183.681904397,14877438.936910676
-2676363.325002161,14875582.110331867
-2664728.099631603,14873256.710855477
-2665242.2978420695,14872554.603143381
-2657827.3220200697,14873456.942440145
-2626880.1830016994,14881361.036256505
-2595882.6871718476,14889084.196674265
-2564840.732090418,14896625.46578559
-2542366.167078918,14900003.13079202
-2532964.3228081893,14900807.070466602
-2510803.7722840616,14902171.545934692
-2505771.11253736,14902567.50157753
-2494764.6659172336,14903086.724777218
-2485746.2877761493,14903962.891832594
-2456850.0733204866,14908087.437050091
-2453914.6790236635,14908355.568495503
-2450251.7554648034,14908413.123401249
-2443130.288223104,14908663.516503654
-2441544.4645834267,14909061.976165423
-2438936.553743342,14909464.229765568
-2435142.418912032,14909844.578707471
-2430642.3247279646,14909750.216788765
-2442137.89721321,14902763.393565107
-2453486.9818123057,14895753.013142219
-2464688.802446237,14888719.826679595
-2475742.602035587,14881664.584017608
-2486647.642463405,14874588.033498539
-2496241.2314025685,14872625.004161227
-2519094.7193551534,14869503.56228075
-2525132.784371478,14868432.041455446
-2546029.335986546,14861391.175059618
-2566836.7511194632,14854256.162262894
-2587552.0029736315,14847027.884497195
-2594343.6536162766,14845878.695621232
-2594247.430985626,14845984.886145765
-2596880.554576497,14845603.931100037
-2601942.83350902,14845668.136149311
-2606010.7984755114,14845822.154563405
-2611030.468021962,14844832.388627425
-2615311.0343747064,14839172.981849616
-2637307.31407407,14831098.932235364
-2659182.005039384,14822920.81795313
-2680931.4342162726,14814639.874923768
-2688773.171269053,14813362.492810614
-2695482.188195562,14813519.761073455
-2699673.2046568342,14812989.756900776
-2702149.8062541974,14812545.97425362
-2703256.944431394,14812182.544347892
-2703406.141973383,14811894.973700128
-2707485.9211896174,14811940.852590904
-2707854.8178596636,14812800.606457116
-2709489.777855815,14813098.259578345
-2712545.117422746,14812508.670481674
-2714088.7971562175,14810683.72526075
-2731874.332320148,14804873.759473488
-2749609.38653438,14799000.235859966
-2752946.954632713,14798364.22782647
-2762279.3197047873,14796931.60578249
-2763642.838041569,14796566.073417248
-2764534.8004215304,14796087.644897124
-2768839.4678144525,14794810.025348557
-2779458.5657033245,14792580.834339445
-2780616.115206384,14792194.184104243
-2790216.55920255,14785053.327036712
-2797668.332620377,14783048.235193005
-2799809.9275480406,14782147.268831475
-2797255.745236903,14781864.943903847
-2791546.153509156,14783214.616086775
-2788692.91996963,14783008.683625035
-2782995.3690349925,14777727.04515478
-2775480.7437097207,14777685.997613128
-2774881.0183883766,14777262.421992874
-2776181.105361534,14776220.93325376
-2772676.7487677364,14777536.436077107
-2770757.6456173956,14779755.728913922
-2765621.9580185045,14781187.029704629
-2763645.151644147,14781099.850113267
-2763351.236959444,14780806.170588896
-2764340.845351518,14780063.61822349
-2762539.6827802947,14780570.988659328
-2761005.0927913953,14781428.227935983
-2758213.2304455596,14781987.68827391
-2756382.4713596078,14781733.903206443
-2756439.6605836055,14781577.516457751
-2752350.619018672,14782885.15731498
-2753496.19292404,14784674.736784654
-2748437.1035387167,14786048.495146016
-2747127.0280899927,14785943.209465783
-2745847.061213853,14785608.736378593
-2744245.961329672,14785529.448770303
-2740081.0406322493,14786585.144358756
-2737450.1608992317,14788290.27547329
-2732527.328406729,14789385.643537752
-2730543.1973036896,14788977.336967595
-2736304.7910887804,14785643.424768118
-2735420.356291105,14785418.763971733
-2733358.5111049423,14785430.478591042
-2727902.8583829696,14785659.067525579
-2725938.8183297478,14785610.293399217
-2720034.548939127,14786999.639167206
-2716451.4669240266,14793375.87210552
-2710210.6633569007,14794593.204188125
-2707804.943425968,14794464.644042151
-2703218.326045826,14794959.115649508
-2696541.027518461,14795844.72825302
-2692743.7133812695,14796299.104138933
-2694270.8622253556,14792733.396316957
-2677735.971286228,14788834.867866172
-2675386.9055269132,14790775.5012296
-2670909.255708836,14792082.976165505
-2657709.4048060095,14794563.41410918
-2645452.2917404543,14797644.68332782
-2641774.903059988,14798148.833346425
-2637853.0514894216,14798363.599423166
-2619482.237101365,14798479.578552611
-2608561.4528049,14797149.779676484
-2603255.493288626,14792398.484806791
-2613910.1116544837,14787058.190312283
-2624496.1738499426,14781691.467795582
-2629271.4728086144,14780487.207555093
-2636599.0036969767,14773079.566247636
-2643756.823641192,14765671.8311917
-2648689.465501075,14764684.966255855
-2646029.8049765103,14764931.558427708
-2648027.90093223,14764652.589526046
-2651291.2622698713,14763897.83688557
-2652969.5845498648,14763857.50597289
-2654553.815791045,14763772.814905068
-2656231.944587702,14763669.60515122
-2658380.029880352,14763557.391129138
-2662631.91711002,14756908.347088031
-2656382.0067824824,14757937.751171539
-2640729.905526582,14765247.796099667
-2624959.913575596,14772499.942537555
-2630625.7246587286,14773565.836280638
-2629935.9658581982,14774558.62123711
-2615077.009348301,14780534.724063033
-2600146.6724278214,14786460.417657128
-2595756.5584483123,14787270.548758619
-2588594.971876098,14788173.848696249
-2582902.2354562064,14788100.788996125
-2581134.5855383486,14786937.086250048
-2578297.4443946416,14786573.091166137
-2573587.5442773006,14787521.839682987
-2566396.202049009,14790714.509223035
-2558940.724211427,14792613.834242009
-2552536.9967956543,14795798.465906633
-2545007.7079130467,14797500.866350578
-2542516.780916609,14798305.975803573
-2541281.0517000603,14799487.936304657
-2541258.0225271536,14799680.203359777
-2538383.4419058776,14800533.445158796
-2537181.457880607,14800713.097150866
-2535350.0441579237,14800912.180115871
-2533662.007053695,14801084.20851579
-2532907.9799607485,14801177.48194845
-2530520.338549239,14802049.009126294
-2526347.4166243933,14803036.628571402
-2523428.505013095,14803474.824118672
-2515661.522628302,14804352.314694962
-2512403.3106463524,14804819.791673105
-2504407.2884777514,14807086.679357562
-2502206.322380735,14808515.199100163
-2500756.3286377764,14808950.71353925
-2495074.0826560548,14809985.108830446
-2493623.4446949433,14810401.378870612
-2492713.4926054343,14811133.550605832
-2487182.428357202,14812856.560616376
-2475144.4601011607,14814989.967802268
-2462379.603164529,14818723.89482115
-2459994.309208216,14820224.731189162
-2440664.485722263,14825579.939458687
-2429879.952155632,14827421.039786477
-2423747.4974936163,14828143.9155608
-2421562.559572238,14827929.130678646
-2423989.9021264887,14823741.48982059
-2426351.421962765,14819561.177565396
-2422647.4070210787,14818222.600796385
-2428132.9279209464,14816703.413217869
-2434620.34765952,14815524.960434856
-2441391.1213657395,14807919.442849306
-2447960.2342810766,14800320.296009127
-2454327.8968328345,14792728.305097224
-2460494.3394634663,14785144.244553823
-2466459.812299065,14777568.87803363
-2472224.5848183227,14770002.958368102
-2481346.0366649274,14770676.724233221
-2487967.75932998,14770524.133329181
-2504006.281909799,14765159.391590975
-2508069.4291719594,14764248.870629566
-2515260.27983985,14763155.605281139
-2526209.472105355,14761788.615074584
-2538954.7028200007,14761624.392115269
-2545709.7370869564,14761141.293299502
-2552413.362454535,14759976.999856113
-2555017.019090655,14759406.466732603
-2557845.7664443883,14758890.46525025
-2570340.543914611,14756876.3708682
-2572425.6412519487,14756471.888454022
-2573381.580781144,14756165.832239633
-2575140.9811458755,14754574.911957167
-2572127.617332781,14754464.460306905
-2556518.245066003,14755396.840637684
-2549179.8512442303,14756504.223667251
-2542540.815168418,14757935.786237326
-2536856.307855034,14758947.880107634
-2532472.9900099956,14758793.280579694
-2529902.2418500674,14759224.943642896
-2519153.459706371,14759652.560698029
-2513084.473680665,14760416.586233405
-2504695.7643539007,14762443.69455832
-2493308.8438939014,14764253.192776531
-2490746.6463973117,14765173.807051718
-2483470.9091525525,14766875.091796232
-2477187.4214748903,14766927.140195828
-2475747.701639787,14766353.896461828
-2480117.315939195,14762465.982613433
-2486102.7065465106,14760949.112129087
-2495857.1282480527,14756420.46187207
-2500197.719560579,14755329.879621923
-2507704.993172458,14754190.665724725
-2509852.6573425485,14754109.11365422
-2534412.7693082737,14745420.63353891
-2550329.9029007843,14742139.173851117
-2551975.28443005,14740394.353364779
