prob,traj,current_path,matched_position_on_prev_edge,matched_position_on_current_edge
Path1
1,"[33.58797081152041, 130.3611596505839]","(1645, 1661)","(33.5885883, 130.3622058)","(33.5885883, 130.3622058)"
