<?xml version="1.0" encoding="utf-8"?>
<gpx xmlns="http://www.topografix.com/GPX/1/1" xmlns:xsd="http://www.w3.org/2001/XMLSchema" xmlns:xsi="http://www.w3.org/2001/XMLSchema-instance" xmlns:mytracks="http://mytracks.stichling.info/myTracksGPX/1/0" creator="myTracks" version="1.1" xsi:schemaLocation="http://www.topografix.com/GPX/1/1 http://www.topografix.com/GPX/1/1/gpx.xsd"><trk><name>2025-12-21 17:01:35</name><extensions><mytracks:color red="0.000000" green="0.000000" blue="1.000000" alpha="1.000000"/><mytracks:area showArea="no" areaDistance="0.000000"/><mytracks:directionArrows showDirectionArrows="yes"/><mytracks:sync syncPhotosOniPhone="no"/><mytracks:timezone offset="540"/></extensions><trkseg><trkpt lat="33.59103146759759" lon="130.3537492507759"><ele>7.176863195487194</ele><time>2025-12-21T08:01:35.11600Z</time><extensions><mytracks:speed>0</mytracks:speed><mytracks:gradient>0</mytracks:gradient><mytracks:length>0</mytracks:length></extensions></trkpt><trkpt lat="33.59104328906442" lon="130.3536809870965"><ele>6.493661939166486</ele><time>2025-12-21T08:01:44.00000Z</time><extensions><mytracks:speed>2.61721388423647</mytracks:speed><mytracks:length>0.006458391872742961</mytracks:length></extensions></trkpt><trkpt lat="33.59111341577404" lon="130.3536837882517"><ele>-2.170753475969789</ele><time>2025-12-21T08:01:49.01900Z</time><extensions><mytracks:speed>5.595801526790812</mytracks:speed><mytracks:length>0.007802618884277932</mytracks:length></extensions></trkpt><trkpt lat="33.59118278956375" lon="130.3536572681091"><ele>-0.3354835510253906</ele><time>2025-12-21T08:01:54.50000Z</time><extensions><mytracks:speed>5.318172964418389</mytracks:speed><mytracks:gradient>0.2266811650961111</mytracks:gradient><mytracks:length>0.008096261214143034</mytracks:length></extensions></trkpt><trkpt lat="33.59125857872785" lon="130.3536428864616"><ele>-2.762036611071776</ele><time>2025-12-21T08:01:59.94500Z</time><extensions><mytracks:speed>5.64054367749653</mytracks:speed><mytracks:length>0.008532037572043008</mytracks:length></extensions></trkpt><trkpt lat="33.59131816549286" lon="130.3536322512013"><ele>-3.3095923056826</ele><time>2025-12-21T08:02:05.00000Z</time><extensions><mytracks:speed>4.770041364512197</mytracks:speed><mytracks:length>0.006697481739510442</mytracks:length></extensions></trkpt><trkpt lat="33.59136653118814" lon="130.3536189025156"><ele>-2.292209510132672</ele><time>2025-12-21T08:02:10.00000Z</time><extensions><mytracks:speed>3.973349372323255</mytracks:speed><mytracks:gradient>0.184358249378069</mytracks:gradient><mytracks:length>0.005518509743838751</mytracks:length></extensions></trkpt><trkpt lat="33.59141385421074" lon="130.3536093724022"><ele>-1.284616728127004</ele><time>2025-12-21T08:02:15.00000Z</time><extensions><mytracks:speed>3.841841544387788</mytracks:speed><mytracks:gradient>0.1888350105887347</mytracks:gradient><mytracks:length>0.005335836711975578</mytracks:length></extensions></trkpt><trkpt lat="33.5915261385695" lon="130.3535425958826"><ele>6.228187633678317</ele><time>2025-12-21T08:02:30.00000Z</time><extensions><mytracks:speed>3.344076794836975</mytracks:speed><mytracks:gradient>0.5391895064564697</mytracks:gradient><mytracks:length>0.01393351367532938</mytracks:length></extensions></trkpt><trkpt lat="33.5915764929872" lon="130.3535390669997"><ele>8.397939342406524</ele><time>2025-12-21T08:02:35.00600Z</time><extensions><mytracks:speed>4.032883541056618</mytracks:speed><mytracks:gradient>0.386874056981711</mytracks:gradient><mytracks:length>0.005608418733621053</mytracks:length></extensions></trkpt><trkpt lat="33.59162777266068" lon="130.3535363268225"><ele>7.47167610292988</ele><time>2025-12-21T08:02:40.00900Z</time><extensions><mytracks:speed>4.10761912846162</mytracks:speed><mytracks:length>0.005707972454525202</mytracks:length></extensions></trkpt><trkpt lat="33.59168066276787" lon="130.3535495251967"><ele>7.627029081241979</ele><time>2025-12-21T08:02:44.99800Z</time><extensions><mytracks:speed>4.334315212804763</mytracks:speed><mytracks:gradient>0.02586420124395736</mytracks:gradient><mytracks:length>0.006006486604661477</mytracks:length></extensions></trkpt><trkpt lat="33.59172356280073" lon="130.3535636304185"><ele>7.160597105709843</ele><time>2025-12-21T08:02:49.97300Z</time><extensions><mytracks:speed>3.579339221752424</mytracks:speed><mytracks:length>0.004946666536336671</mytracks:length></extensions></trkpt><trkpt lat="33.59176854268779" lon="130.3535300151872"><ele>7.153739269567899</ele><time>2025-12-21T08:02:54.97800Z</time><extensions><mytracks:speed>4.237222055429603</mytracks:speed><mytracks:length>0.005891345286977644</mytracks:length></extensions></trkpt><trkpt lat="33.59179569145201" lon="130.3534695295114"><ele>7.705726674731302</ele><time>2025-12-21T08:02:59.98300Z</time><extensions><mytracks:speed>4.57771552832451</mytracks:speed><mytracks:gradient>0.08674276096091679</mytracks:gradient><mytracks:length>0.006363498222198734</mytracks:length></extensions></trkpt><trkpt lat="33.59182587919499" lon="130.3534034855459"><ele>7.294311760068187</ele><time>2025-12-21T08:03:04.98600Z</time><extensions><mytracks:speed>5.020324681023712</mytracks:speed><mytracks:length>0.00697758294404527</mytracks:length></extensions></trkpt><trkpt lat="33.59185406983074" lon="130.3533288962461"><ele>5.629996030584992</ele><time>2025-12-21T08:03:09.98900Z</time><extensions><mytracks:speed>5.459223742904095</mytracks:speed><mytracks:length>0.007586512450930859</mytracks:length></extensions></trkpt><trkpt lat="33.59189285037361" lon="130.3532602923679"><ele>5.082205774930889</ele><time>2025-12-21T08:03:14.99100Z</time><extensions><mytracks:speed>5.5265719105589</mytracks:speed><mytracks:length>0.007679203524045487</mytracks:length></extensions></trkpt><trkpt lat="33.59188086791109" lon="130.3530743828326"><ele>4.190187318250537</ele><time>2025-12-21T08:03:30.99900Z</time><extensions><mytracks:speed>3.884068250737323</mytracks:speed><mytracks:length>0.01727118089026542</mytracks:length></extensions></trkpt><trkpt lat="33.59188588542941" lon="130.3530220950103"><ele>3.249967083727946</ele><time>2025-12-21T08:03:35.99600Z</time><extensions><mytracks:speed>3.511443035211989</mytracks:speed><mytracks:length>0.004874167176915596</mytracks:length></extensions></trkpt><trkpt lat="33.59187637260057" lon="130.3529452475094"><ele>3.598805285746334</ele><time>2025-12-21T08:03:40.99700Z</time><extensions><mytracks:speed>5.180287652425733</mytracks:speed><mytracks:gradient>0.04847873792350779</mytracks:gradient><mytracks:length>0.007195694792401613</mytracks:length></extensions></trkpt><trkpt lat="33.59186652935951" lon="130.3528796830606"><ele>3.880965538833957</ele><time>2025-12-21T08:03:45.99700Z</time><extensions><mytracks:speed>4.442572417660901</mytracks:speed><mytracks:gradient>0.04572511029704825</mytracks:gradient><mytracks:length>0.006170794367790463</mytracks:length></extensions></trkpt><trkpt lat="33.59186069837335" lon="130.3528144001347"><ele>3.301936722271719</ele><time>2025-12-21T08:03:50.99800Z</time><extensions><mytracks:speed>4.37859257836376</mytracks:speed><mytracks:length>0.006081789631577796</mytracks:length></extensions></trkpt><trkpt lat="33.59184668463062" lon="130.3527378735189"><ele>3.553921746262826</ele><time>2025-12-21T08:03:55.99800Z</time><extensions><mytracks:speed>5.225533361861114</mytracks:speed><mytracks:gradient>0.03471800448553852</mytracks:gradient><mytracks:length>0.007258050332243864</mytracks:length></extensions></trkpt><trkpt lat="33.59184860544288" lon="130.352665053335"><ele>4.63524082603446</ele><time>2025-12-21T08:04:01.50000Z</time><extensions><mytracks:speed>4.415421714290379</mytracks:speed><mytracks:gradient>0.1602486861052774</mytracks:gradient><mytracks:length>0.006747756290876842</mytracks:length></extensions></trkpt><trkpt lat="33.59184790886701" lon="130.352605548029"><ele>4.405393966968979</ele><time>2025-12-21T08:04:06.99900Z</time><extensions><mytracks:speed>3.608979509400493</mytracks:speed><mytracks:length>0.0055136080317741</mytracks:length></extensions></trkpt><trkpt lat="33.59185729670515" lon="130.3525649527143"><ele>6.122011058145296</ele><time>2025-12-21T08:04:12.00000Z</time><extensions><mytracks:speed>2.809907420515468</mytracks:speed><mytracks:gradient>0.4398477371750391</mytracks:gradient><mytracks:length>0.003902753034951236</mytracks:length></extensions></trkpt><trkpt lat="33.59184367130965" lon="130.3524955498245"><ele>5.540308265020892</ele><time>2025-12-21T08:04:17.00000Z</time><extensions><mytracks:speed>4.755287802763345</mytracks:speed><mytracks:length>0.006604658982225362</mytracks:length></extensions></trkpt><trkpt lat="33.59183272702691" lon="130.3524306188355"><ele>5.524105488428504</ele><time>2025-12-21T08:04:22.00000Z</time><extensions><mytracks:speed>4.418162635748446</mytracks:speed><mytracks:length>0.006136375617737186</mytracks:length></extensions></trkpt><trkpt lat="33.59182121315807" lon="130.3523699227844"><ele>4.658525221201689</ele><time>2025-12-21T08:04:27.00000Z</time><extensions><mytracks:speed>4.151579624541357</mytracks:speed><mytracks:length>0.005766098346439357</mytracks:length></extensions></trkpt><trkpt lat="33.591807422652" lon="130.3523120423647"><ele>4.335266191131343</ele><time>2025-12-21T08:04:32.00000Z</time><extensions><mytracks:speed>4.013690917124257</mytracks:speed><mytracks:length>0.005574569654963151</mytracks:length></extensions></trkpt><trkpt lat="33.59179959546331" lon="130.3522443124668"><ele>4.156156888780955</ele><time>2025-12-21T08:04:37.00000Z</time><extensions><mytracks:speed>4.560264211184266</mytracks:speed><mytracks:length>0.006333685796621967</mytracks:length></extensions></trkpt><trkpt lat="33.591781857467" lon="130.3521747567983"><ele>4.350309666118028</ele><time>2025-12-21T08:04:42.07000Z</time><extensions><mytracks:speed>4.784111388820216</mytracks:speed><mytracks:gradient>0.02881288912788564</mytracks:gradient><mytracks:length>0.006738400181784209</mytracks:length></extensions></trkpt><trkpt lat="33.59178362936917" lon="130.3521173823856"><ele>3.709591636193511</ele><time>2025-12-21T08:04:47.06900Z</time><extensions><mytracks:speed>3.829033655777335</mytracks:speed><mytracks:length>0.005317224255123029</mytracks:length></extensions></trkpt><trkpt lat="33.59176536123422" lon="130.3520631143227"><ele>2.402684973475705</ele><time>2025-12-21T08:04:52.04000Z</time><extensions><mytracks:speed>3.926616880395544</mytracks:speed><mytracks:length>0.005421295963001433</mytracks:length></extensions></trkpt><trkpt lat="33.59172866336727" lon="130.3519925365393"><ele>2.90857126170838</ele><time>2025-12-21T08:04:57.02600Z</time><extensions><mytracks:speed>5.562904247938337</mytracks:speed><mytracks:gradient>0.06565206566261293</mytracks:gradient><mytracks:length>0.007705565439973107</mytracks:length></extensions></trkpt><trkpt lat="33.59172276940488" lon="130.3519275940652"><ele>1.846298243823243</ele><time>2025-12-21T08:05:02.00800Z</time><extensions><mytracks:speed>4.373389160897372</mytracks:speed><mytracks:length>0.006051334066135457</mytracks:length></extensions></trkpt><trkpt lat="33.59173420044835" lon="130.3518681545966"><ele>1.214268770588909</ele><time>2025-12-21T08:05:07.02200Z</time><extensions><mytracks:speed>4.055908465698733</mytracks:speed><mytracks:length>0.005649248529001554</mytracks:length></extensions></trkpt><trkpt lat="33.59173341649533" lon="130.3517985424808"><ele>1.491853335074953</ele><time>2025-12-21T08:05:12.01600Z</time><extensions><mytracks:speed>4.648474630231059</mytracks:speed><mytracks:gradient>0.04304560339325982</mytracks:gradient><mytracks:length>0.006448615946907816</mytracks:length></extensions></trkpt><trkpt lat="33.59171856681026" lon="130.351733929053"><ele>1.811050066569721</ele><time>2025-12-21T08:05:17.00500Z</time><extensions><mytracks:speed>4.47972741775556</mytracks:speed><mytracks:gradient>0.05141760806896006</mytracks:gradient><mytracks:length>0.006207926496049157</mytracks:length></extensions></trkpt><trkpt lat="33.59170945639416" lon="130.3516671156493"><ele>2.275744397374437</ele><time>2025-12-21T08:05:22.00400Z</time><extensions><mytracks:speed>4.515592808632025</mytracks:speed><mytracks:gradient>0.07411341510037346</mytracks:gradient><mytracks:length>0.006270043421631158</mytracks:length></extensions></trkpt><trkpt lat="33.59170217786262" lon="130.3515975405755"><ele>3.352076632842572</ele><time>2025-12-21T08:05:27.01200Z</time><extensions><mytracks:speed>4.668189492869835</mytracks:speed><mytracks:gradient>0.1657279288774127</mytracks:gradient><mytracks:length>0.006494573622918358</mytracks:length></extensions></trkpt><trkpt lat="33.59169994718511" lon="130.3515374008477"><ele>2.937207150629729</ele><time>2025-12-21T08:05:32.00500Z</time><extensions><mytracks:speed>4.020079364061377</mytracks:speed><mytracks:length>0.005575377973629759</mytracks:length></extensions></trkpt><trkpt lat="33.59169105493613" lon="130.3514682863836"><ele>2.731607274181496</ele><time>2025-12-21T08:05:38.02100Z</time><extensions><mytracks:speed>3.87695305301081</mytracks:speed><mytracks:length>0.006478595078804454</mytracks:length></extensions></trkpt><trkpt lat="33.59165752625555" lon="130.3512006119362"><ele>4.731769753620028</ele><time>2025-12-21T08:05:58.99900Z</time><extensions><mytracks:speed>4.302544211308589</mytracks:speed><mytracks:gradient>0.07977532196656213</mytracks:gradient><mytracks:length>0.02507244634220218</mytracks:length></extensions></trkpt><trkpt lat="33.59164706319424" lon="130.3511287907099"><ele>5.124615473992537</ele><time>2025-12-21T08:06:04.62900Z</time><extensions><mytracks:speed>4.319213761007044</mytracks:speed><mytracks:gradient>0.05816118388497937</mytracks:gradient><mytracks:length>0.006754431291312908</mytracks:length></extensions></trkpt><trkpt lat="33.59163793590699" lon="130.3510625495834"><ele>4.941922319494746</ele><time>2025-12-21T08:06:10.47700Z</time><extensions><mytracks:speed>3.828218726581706</mytracks:speed><mytracks:length>0.006218805515719847</mytracks:length></extensions></trkpt><trkpt lat="33.59163362434625" lon="130.3509945760197"><ele>3.715287952555032</ele><time>2025-12-21T08:06:16.48200Z</time><extensions><mytracks:speed>3.785332638698202</mytracks:speed><mytracks:length>0.00631444633984118</mytracks:length></extensions></trkpt><trkpt lat="33.59163382642267" lon="130.3509295804826"><ele>3.30849348266169</ele><time>2025-12-21T08:06:21.97800Z</time><extensions><mytracks:speed>3.943594991887481</mytracks:speed><mytracks:length>0.006019975924069454</mytracks:length></extensions></trkpt><trkpt lat="33.5916211764137" lon="130.3508663685724"><ele>3.764850879112915</ele><time>2025-12-21T08:06:26.98200Z</time><extensions><mytracks:speed>4.330954118220848</mytracks:speed><mytracks:gradient>0.0757977550134333</mytracks:gradient><mytracks:length>0.00602072444454783</mytracks:length></extensions></trkpt><trkpt lat="33.5916088126924" lon="130.3507959500636"><ele>3.726458370139544</ele><time>2025-12-21T08:06:31.98600Z</time><extensions><mytracks:speed>4.79630264428243</mytracks:speed><mytracks:length>0.00666645910167314</mytracks:length></extensions></trkpt><trkpt lat="33.59159614903281" lon="130.3507349987579"><ele>3.504417949367809</ele><time>2025-12-21T08:06:36.98900Z</time><extensions><mytracks:speed>4.186647301880067</mytracks:speed><mytracks:length>0.00581822496680935</mytracks:length></extensions></trkpt><trkpt lat="33.59158446394979" lon="130.3506691800953"><ele>3.556163862212146</ele><time>2025-12-21T08:06:41.99100Z</time><extensions><mytracks:speed>4.485861506745801</mytracks:speed><mytracks:gradient>0.008301552589286833</mytracks:gradient><mytracks:length>0.006233281339579138</mytracks:length></extensions></trkpt><trkpt lat="33.59158214193487" lon="130.3505955627382"><ele>4.75491878898303</ele><time>2025-12-21T08:06:46.99300Z</time><extensions><mytracks:speed>4.91203542093875</mytracks:speed><mytracks:gradient>0.1756472823869922</mytracks:gradient><mytracks:length>0.006824784935355537</mytracks:length></extensions></trkpt><trkpt lat="33.59158062168169" lon="130.3505325937955"><ele>5.194588956230707</ele><time>2025-12-21T08:06:52.01300Z</time><extensions><mytracks:speed>4.184249470904968</mytracks:speed><mytracks:gradient>0.07534740576464502</mytracks:gradient><mytracks:length>0.005835239618216321</mytracks:length></extensions></trkpt><trkpt lat="33.59157288602255" lon="130.3504746429023"><ele>5.166726617743569</ele><time>2025-12-21T08:06:57.06600Z</time><extensions><mytracks:speed>3.873506666424621</mytracks:speed><mytracks:length>0.005436237551179468</mytracks:length></extensions></trkpt><trkpt lat="33.59157216931424" lon="130.3504249882757"><ele>4.955856384025441</ele><time>2025-12-21T08:07:02.05500Z</time><extensions><mytracks:speed>3.318473747315528</mytracks:speed><mytracks:length>0.004599220830461589</mytracks:length></extensions></trkpt><trkpt lat="33.59156780806072" lon="130.3503617969833"><ele>5.323939460566353</ele><time>2025-12-21T08:07:07.04400Z</time><extensions><mytracks:speed>4.238646054622093</mytracks:speed><mytracks:gradient>0.06266602791939421</mytracks:gradient><mytracks:length>0.005873725984585603</mytracks:length></extensions></trkpt><trkpt lat="33.591560534823" lon="130.3503056640346"><ele>4.760495301429009</ele><time>2025-12-21T08:07:12.03100Z</time><extensions><mytracks:speed>3.798083430094978</mytracks:speed><mytracks:length>0.005260991813952536</mytracks:length></extensions></trkpt><trkpt lat="33.59154801875067" lon="130.350250391265"><ele>4.951454744007696</ele><time>2025-12-21T08:07:17.01500Z</time><extensions><mytracks:speed>3.830947327416304</mytracks:speed><mytracks:gradient>0.03599954163093563</mytracks:gradient><mytracks:length>0.005304496499882927</mytracks:length></extensions></trkpt><trkpt lat="33.59153213763599" lon="130.3501917743657"><ele>5.020052890383631</ele><time>2025-12-21T08:07:22.01200Z</time><extensions><mytracks:speed>4.112622008599793</mytracks:speed><mytracks:gradient>0.01201629140703295</mytracks:gradient><mytracks:length>0.005708761884368479</mytracks:length></extensions></trkpt><trkpt lat="33.59151750846849" lon="130.3501231453934"><ele>4.868507108527729</ele><time>2025-12-21T08:07:27.01400Z</time><extensions><mytracks:speed>4.723113612299677</mytracks:speed><mytracks:length>0.00656153331859991</mytracks:length></extensions></trkpt><trkpt lat="33.59150594645347" lon="130.3500809472618"><ele>4.400983429968052</ele><time>2025-12-21T08:07:32.00200Z</time><extensions><mytracks:speed>2.9690057275906</mytracks:speed><mytracks:length>0.004114106328499696</mytracks:length></extensions></trkpt><trkpt lat="33.5914940192002" lon="130.3500212258216"><ele>4.616351473961435</ele><time>2025-12-21T08:07:37.00600Z</time><extensions><mytracks:speed>4.092348234835161</mytracks:speed><mytracks:gradient>0.03786224153271844</mytracks:gradient><mytracks:length>0.005688201101545293</mytracks:length></extensions></trkpt><trkpt lat="33.59148932250529" lon="130.3499612826757"><ele>4.28462413028262</ele><time>2025-12-21T08:07:42.00600Z</time><extensions><mytracks:speed>4.014846196934558</mytracks:speed><mytracks:length>0.005576186175123261</mytracks:length></extensions></trkpt><trkpt lat="33.59153079547877" lon="130.3499218260986"><ele>3.645766045698672</ele><time>2025-12-21T08:07:47.01100Z</time><extensions><mytracks:speed>4.232017480503679</mytracks:speed><mytracks:length>0.005883691203861292</mytracks:length></extensions></trkpt><trkpt lat="33.59159087129338" lon="130.3499022242119"><ele>3.700262795978502</ele><time>2025-12-21T08:07:52.00400Z</time><extensions><mytracks:speed>4.990432789825178</mytracks:speed><mytracks:gradient>0.007873184004704971</mytracks:gradient><mytracks:length>0.006921818446928555</mytracks:length></extensions></trkpt><trkpt lat="33.59164983861537" lon="130.3498811824444"><ele>3.883605508496738</ele><time>2025-12-21T08:07:57.00400Z</time><extensions><mytracks:speed>4.925645893721829</mytracks:speed><mytracks:gradient>0.02680208576948831</mytracks:gradient><mytracks:length>0.006840613603548543</mytracks:length></extensions></trkpt><trkpt lat="33.59168633244318" lon="130.3498460183908"><ele>3.181631030281495</ele><time>2025-12-21T08:08:02.00300Z</time><extensions><mytracks:speed>3.746746149285022</mytracks:speed><mytracks:length>0.005203285812146267</mytracks:length></extensions></trkpt><trkpt lat="33.59168736639735" lon="130.3497940079279"><ele>3.40605322924143</ele><time>2025-12-21T08:08:06.99500Z</time><extensions><mytracks:speed>3.475080442386782</mytracks:speed><mytracks:gradient>0.04657631939353037</mytracks:gradient><mytracks:length>0.004818375558269371</mytracks:length></extensions></trkpt><trkpt lat="33.59167800725619" lon="130.3497365396312"><ele>4.064210715181276</ele><time>2025-12-21T08:08:12.50000Z</time><extensions><mytracks:speed>3.547712986779193</mytracks:speed><mytracks:gradient>0.1213278536382611</mytracks:gradient><mytracks:length>0.005424619872549154</mytracks:length></extensions></trkpt><trkpt lat="33.59166907714248" lon="130.3496771619944"><ele>3.707311755530129</ele><time>2025-12-21T08:08:17.99900Z</time><extensions><mytracks:speed>3.658492898119803</mytracks:speed><mytracks:length>0.005589101504932085</mytracks:length></extensions></trkpt><trkpt lat="33.59166146316134" lon="130.3496203680812"><ele>3.450114830153307</ele><time>2025-12-21T08:08:23.49500Z</time><extensions><mytracks:speed>3.489521235656809</mytracks:speed><mytracks:length>0.005327384565513118</mytracks:length></extensions></trkpt><trkpt lat="33.59163981012831" lon="130.3495556357609"><ele>4.293590393272445</ele><time>2025-12-21T08:08:29.00600Z</time><extensions><mytracks:speed>4.220684518462661</mytracks:speed><mytracks:gradient>0.1305591748316794</mytracks:gradient><mytracks:length>0.006460484789418825</mytracks:length></extensions></trkpt><trkpt lat="33.59163223717775" lon="130.3494966291404"><ele>4.448103883191565</ele><time>2025-12-21T08:08:33.99400Z</time><extensions><mytracks:speed>3.990405562378385</mytracks:speed><mytracks:gradient>0.02794542779094944</mytracks:gradient><mytracks:length>0.005529115212512927</mytracks:length></extensions></trkpt><trkpt lat="33.59161702272527" lon="130.3494326490739"><ele>4.903807538259766</ele><time>2025-12-21T08:08:39.00300Z</time><extensions><mytracks:speed>4.429580545910158</mytracks:speed><mytracks:gradient>0.07394478124691145</mytracks:gradient><mytracks:length>0.006162756145650715</mytracks:length></extensions></trkpt><trkpt lat="33.59160658226916" lon="130.3493708779073"><ele>5.121966841774939</ele><time>2025-12-21T08:08:44.00000Z</time><extensions><mytracks:speed>4.205495622119928</mytracks:speed><mytracks:gradient>0.03737168520107184</mytracks:gradient><mytracks:length>0.005837555955569166</mytracks:length></extensions></trkpt><trkpt lat="33.5915993698043" lon="130.349323001594"><ele>4.868405692834789</ele><time>2025-12-21T08:08:49.00700Z</time><extensions><mytracks:speed>3.239204088122145</mytracks:speed><mytracks:length>0.004505177546042087</mytracks:length></extensions></trkpt><trkpt lat="33.59159504397984" lon="130.3492740473734"><ele>4.968784597010391</ele><time>2025-12-21T08:08:53.99400Z</time><extensions><mytracks:speed>3.291466924405897</mytracks:speed><mytracks:gradient>0.02201359312293342</mytracks:gradient><mytracks:length>0.004559860065326129</mytracks:length></extensions></trkpt><trkpt lat="33.59158432604106" lon="130.349223829901"><ele>5.067190054355142</ele><time>2025-12-21T08:08:58.99400Z</time><extensions><mytracks:speed>3.45698767710291</mytracks:speed><mytracks:gradient>0.02049468257129069</mytracks:gradient><mytracks:length>0.004801511660522086</mytracks:length></extensions></trkpt><trkpt lat="33.59158181157863" lon="130.3491787941742"><ele>4.527612165281252</ele><time>2025-12-21T08:09:04.00400Z</time><extensions><mytracks:speed>3.003028754392653</mytracks:speed><mytracks:length>0.004179310173963511</mytracks:length></extensions></trkpt><trkpt lat="33.59157272616692" lon="130.3491222569506"><ele>4.47063171364184</ele><time>2025-12-21T08:09:08.99200Z</time><extensions><mytracks:speed>3.849057943427041</mytracks:speed><mytracks:length>0.005332457461027398</mytracks:length></extensions></trkpt><trkpt lat="33.59156457603116" lon="130.3490660500269"><ele>4.687647159533955</ele><time>2025-12-21T08:09:13.99600Z</time><extensions><mytracks:speed>3.800368360812858</mytracks:speed><mytracks:gradient>0.04107639533256355</mytracks:gradient><mytracks:length>0.005283215436386525</mytracks:length></extensions></trkpt><trkpt lat="33.59155122718752" lon="130.3490147080722"><ele>4.915776981777901</ele><time>2025-12-21T08:09:19.00400Z</time><extensions><mytracks:speed>3.580999209534763</mytracks:speed><mytracks:gradient>0.04579849835645002</mytracks:gradient><mytracks:length>0.004981163802979083</mytracks:length></extensions></trkpt><trkpt lat="33.59153774565274" lon="130.3489635795606"><ele>4.502103057430936</ele><time>2025-12-21T08:09:24.00500Z</time><extensions><mytracks:speed>3.575116252835532</mytracks:speed><mytracks:length>0.004966667842659777</mytracks:length></extensions></trkpt><trkpt lat="33.5915237602639" lon="130.3489092665238"><ele>4.376034413442085</ele><time>2025-12-21T08:09:28.99200Z</time><extensions><mytracks:speed>3.802077863128097</mytracks:speed><mytracks:length>0.005266984321419123</mytracks:length></extensions></trkpt><trkpt lat="33.59150270143613" lon="130.3488510810853"><ele>4.411206112745894</ele><time>2025-12-21T08:09:33.98800Z</time><extensions><mytracks:speed>4.234493977353653</mytracks:speed><mytracks:gradient>0.005984844673782342</mytracks:gradient><mytracks:length>0.005876794005679941</mytracks:length></extensions></trkpt><trkpt lat="33.59148253391574" lon="130.348798599067"><ele>4.064193280843358</ele><time>2025-12-21T08:09:38.94000Z</time><extensions><mytracks:speed>3.891760887946035</mytracks:speed><mytracks:length>0.005352700966135157</mytracks:length></extensions></trkpt><trkpt lat="33.59145653831174" lon="130.3487350175039"><ele>3.951220881334747</ele><time>2025-12-21T08:09:44.94000Z</time><extensions><mytracks:speed>3.935534004638868</mytracks:speed><mytracks:length>0.006559472643337804</mytracks:length></extensions></trkpt><trkpt lat="33.59143605142062" lon="130.3486813896159"><ele>3.850551599140465</ele><time>2025-12-21T08:09:49.96000Z</time><extensions><mytracks:speed>3.917686539201401</mytracks:speed><mytracks:length>0.005463524335925509</mytracks:length></extensions></trkpt><trkpt lat="33.59140623496361" lon="130.3486378477111"><ele>3.674365105001454</ele><time>2025-12-21T08:09:54.96800Z</time><extensions><mytracks:speed>3.754523367740839</mytracks:speed><mytracks:length>0.005222304364979153</mytracks:length></extensions></trkpt><trkpt lat="33.59138469537233" lon="130.3485891036807"><ele>3.763371542168501</ele><time>2025-12-21T08:09:59.97400Z</time><extensions><mytracks:speed>3.675143392466016</mytracks:speed><mytracks:gradient>0.0174158433076224</mytracks:gradient><mytracks:length>0.005110659047333699</mytracks:length></extensions></trkpt><trkpt lat="33.59135633374174" lon="130.3485430700634"><ele>3.510648075158614</ele><time>2025-12-21T08:10:04.97900Z</time><extensions><mytracks:speed>3.814144705078166</mytracks:speed><mytracks:length>0.005302797157696157</mytracks:length></extensions></trkpt><trkpt lat="33.59132783292335" lon="130.3484946985094"><ele>3.893772293411196</ele><time>2025-12-21T08:10:09.98300Z</time><extensions><mytracks:speed>3.947670033027429</mytracks:speed><mytracks:gradient>0.06981900415348155</mytracks:gradient><mytracks:length>0.005487391619198253</mytracks:length></extensions></trkpt><trkpt lat="33.59135766478006" lon="130.3484375084886"><ele>4.153659824453078</ele><time>2025-12-21T08:10:14.98600Z</time><extensions><mytracks:speed>4.496944651831844</mytracks:speed><mytracks:gradient>0.0415827562006447</mytracks:gradient><mytracks:length>0.006249887087519509</mytracks:length></extensions></trkpt><trkpt lat="33.59138921241549" lon="130.3483812004432"><ele>3.67912606018665</ele><time>2025-12-21T08:10:20.49400Z</time><extensions><mytracks:speed>4.108194711575736</mytracks:speed><mytracks:length>0.006285118251547696</mytracks:length></extensions></trkpt><trkpt lat="33.59141531132474" lon="130.348341057435"><ele>3.275396868045661</ele><time>2025-12-21T08:10:25.49500Z</time><extensions><mytracks:speed>3.394849156833549</mytracks:speed><mytracks:length>0.004716287762015698</mytracks:length></extensions></trkpt><trkpt lat="33.59144231352233" lon="130.3482837481275"><ele>3.148606925566017</ele><time>2025-12-21T08:10:30.99400Z</time><extensions><mytracks:speed>3.99220892286911</mytracks:speed><mytracks:length>0.006098068936996767</mytracks:length></extensions></trkpt><trkpt lat="33.59146220341569" lon="130.3482260345789"><ele>3.106964374545736</ele><time>2025-12-21T08:10:35.99600Z</time><extensions><mytracks:speed>4.164072651363345</mytracks:speed><mytracks:length>0.005784824560866836</mytracks:length></extensions></trkpt><trkpt lat="33.5914413558334" lon="130.3481755004551"><ele>3.685874285762679</ele><time>2025-12-21T08:10:40.99700Z</time><extensions><mytracks:speed>3.759987875085471</mytracks:speed><mytracks:gradient>0.1108350334449379</mytracks:gradient><mytracks:length>0.005223167199246087</mytracks:length></extensions></trkpt><trkpt lat="33.59140252338717" lon="130.3481412968578"><ele>4.804715821732663</ele><time>2025-12-21T08:10:45.99700Z</time><extensions><mytracks:speed>3.855216391228267</mytracks:speed><mytracks:gradient>0.2089251753355743</mytracks:gradient><mytracks:length>0.005355226023732698</mytracks:length></extensions></trkpt><trkpt lat="33.59136294820576" lon="130.3481119594604"><ele>4.914129320229966</ele><time>2025-12-21T08:10:50.99800Z</time><extensions><mytracks:speed>3.72407412769217</mytracks:speed><mytracks:gradient>0.02115134982744224</mytracks:gradient><mytracks:length>0.005172884917034818</mytracks:length></extensions></trkpt><trkpt lat="33.59135587977074" lon="130.3480491079077"><ele>4.669918986355035</ele><time>2025-12-21T08:10:55.99800Z</time><extensions><mytracks:speed>4.229840627807349</mytracks:speed><mytracks:length>0.005875260195395256</mytracks:length></extensions></trkpt><trkpt lat="33.59137227881529" lon="130.3479809930098"><ele>4.627515564768206</ele><time>2025-12-21T08:11:00.99800Z</time><extensions><mytracks:speed>4.72796760852124</mytracks:speed><mytracks:length>0.006567025291370203</mytracks:length></extensions></trkpt><trkpt lat="33.59139411853484" lon="130.3479236442218"><ele>4.260661969827341</ele><time>2025-12-21T08:11:05.99900Z</time><extensions><mytracks:speed>4.205072254687172</mytracks:speed><mytracks:length>0.005840642976385444</mytracks:length></extensions></trkpt><trkpt lat="33.59141548286749" lon="130.3478643417415"><ele>4.004956150034297</ele><time>2025-12-21T08:11:10.99900Z</time><extensions><mytracks:speed>4.308834417197555</mytracks:speed><mytracks:length>0.005984689859865823</mytracks:length></extensions></trkpt><trkpt lat="33.59142285620378" lon="130.3477998990079"><ele>3.962914415398141</ele><time>2025-12-21T08:11:15.99900Z</time><extensions><mytracks:speed>4.337514233516196</mytracks:speed><mytracks:length>0.006024465651920944</mytracks:length></extensions></trkpt><trkpt lat="33.5914438631937" lon="130.3477314725115"><ele>3.899739797198075</ele><time>2025-12-21T08:11:20.99900Z</time><extensions><mytracks:speed>4.863113773713346</mytracks:speed><mytracks:length>0.006754431291312908</mytracks:length></extensions></trkpt><trkpt lat="33.59145914617941" lon="130.3476618887246"><ele>4.287186036834694</ele><time>2025-12-21T08:11:25.99900Z</time><extensions><mytracks:speed>4.798829455597023</mytracks:speed><mytracks:gradient>0.05813053544608918</mytracks:gradient><mytracks:length>0.006665107015846096</mytracks:length></extensions></trkpt><trkpt lat="33.59146454370665" lon="130.3475912859052"><ele>3.86354621528215</ele><time>2025-12-21T08:11:30.99900Z</time><extensions><mytracks:speed>4.727738976969961</mytracks:speed><mytracks:length>0.006566339045975009</mytracks:length></extensions></trkpt><trkpt lat="33.59147585919956" lon="130.3475207443947"><ele>4.075691835681965</ele><time>2025-12-21T08:11:35.99900Z</time><extensions><mytracks:speed>4.79107300623684</mytracks:speed><mytracks:gradient>0.03188107600016231</mytracks:gradient><mytracks:length>0.006654280438926701</mytracks:length></extensions></trkpt><trkpt lat="33.59148082449958" lon="130.3474488901342"><ele>3.167698295825877</ele><time>2025-12-21T08:11:40.99900Z</time><extensions><mytracks:speed>4.807635253620813</mytracks:speed><mytracks:length>0.006677265932032284</mytracks:length></extensions></trkpt><trkpt lat="33.59149974831569" lon="130.3473821223053"><ele>2.766576728813654</ele><time>2025-12-21T08:11:45.99900Z</time><extensions><mytracks:speed>4.702510693923204</mytracks:speed><mytracks:length>0.006531244920832577</mytracks:length></extensions></trkpt><trkpt lat="33.59150969166495" lon="130.3473046894756"><ele>2.768556023971549</ele><time>2025-12-21T08:11:50.99900Z</time><extensions><mytracks:speed>5.224925768731142</mytracks:speed><mytracks:gradient>0.0002727500891676424</mytracks:gradient><mytracks:length>0.007256808472309674</mytracks:length></extensions></trkpt><trkpt lat="33.59151338212651" lon="130.3472260185805"><ele>2.677228394490882</ele><time>2025-12-21T08:11:55.99900Z</time><extensions><mytracks:speed>5.25524855923072</mytracks:speed><mytracks:length>0.007298913175136308</mytracks:length></extensions></trkpt><trkpt lat="33.5915175290064" lon="130.3471556828882"><ele>3.0627448664653</ele><time>2025-12-21T08:12:00.99900Z</time><extensions><mytracks:speed>4.702528296347722</mytracks:speed><mytracks:gradient>0.05902649137299149</mytracks:gradient><mytracks:length>0.006531244920832577</mytracks:length></extensions></trkpt><trkpt lat="33.591510420729" lon="130.3470817088069"><ele>4.002259931473005</ele><time>2025-12-21T08:12:05.99900Z</time><extensions><mytracks:speed>4.966373280029339</mytracks:speed><mytracks:gradient>0.136207242108736</mytracks:gradient><mytracks:length>0.006897688041122496</mytracks:length></extensions></trkpt><trkpt lat="33.59147710217136" lon="130.3470174398255"><ele>3.735429082789102</ele><time>2025-12-21T08:12:10.99900Z</time><extensions><mytracks:speed>5.048948326574484</mytracks:speed><mytracks:length>0.007012371219796184</mytracks:length></extensions></trkpt><trkpt lat="33.59142219603496" lon="130.3469824764514"><ele>3.163119261130531</ele><time>2025-12-21T08:12:15.99900Z</time><extensions><mytracks:speed>4.976246758659159</mytracks:speed><mytracks:length>0.00691139401564128</mytracks:length></extensions></trkpt><trkpt lat="33.59138633700664" lon="130.346926847904"><ele>3.354845338177247</ele><time>2025-12-21T08:12:20.99900Z</time><extensions><mytracks:speed>4.690600913491933</mytracks:speed><mytracks:gradient>0.02942992281675783</mytracks:gradient><mytracks:length>0.006514664623501647</mytracks:length></extensions></trkpt><trkpt lat="33.5914017884256" lon="130.3468430318928"><ele>3.389230648572585</ele><time>2025-12-21T08:12:26.50000Z</time><extensions><mytracks:speed>5.203105731061013</mytracks:speed><mytracks:gradient>0.004324763374969346</mytracks:gradient><mytracks:length>0.007950795780955746</mytracks:length></extensions></trkpt><trkpt lat="33.59140702497297" lon="130.346779527005"><ele>2.834403757904574</ele><time>2025-12-21T08:12:31.50000Z</time><extensions><mytracks:speed>4.254960871318663</mytracks:speed><mytracks:length>0.005909674639909645</mytracks:length></extensions></trkpt><trkpt lat="33.59141316452137" lon="130.3467020143775"><ele>2.891549207130413</ele><time>2025-12-21T08:12:37.00000Z</time><extensions><mytracks:speed>4.720555966572944</mytracks:speed><mytracks:gradient>0.007923706783701905</mytracks:gradient><mytracks:length>0.007211959097651136</mytracks:length></extensions></trkpt><trkpt lat="33.59141336348564" lon="130.3466269080262"><ele>3.264964366838916</ele><time>2025-12-21T08:12:42.02200Z</time><extensions><mytracks:speed>4.986834513899435</mytracks:speed><mytracks:gradient>0.05367562184669042</mytracks:gradient><mytracks:length>0.006956885581597184</mytracks:length></extensions></trkpt><trkpt lat="33.59141712556358" lon="130.3465596853546"><ele>3.75961611864135</ele><time>2025-12-21T08:12:47.07600Z</time><extensions><mytracks:speed>4.445589307805816</mytracks:speed><mytracks:gradient>0.07926467814199969</mytracks:gradient><mytracks:length>0.006240506659426336</mytracks:length></extensions></trkpt><trkpt lat="33.59142895904021" lon="130.3465059214357"><ele>4.173778899527703</ele><time>2025-12-21T08:12:52.05300Z</time><extensions><mytracks:speed>3.724743414655195</mytracks:speed><mytracks:gradient>0.0804170651229987</mytracks:gradient><mytracks:length>0.00515018522813394</mytracks:length></extensions></trkpt><trkpt lat="33.59144385592229" lon="130.3464447715294"><ele>4.488080172009345</ele><time>2025-12-21T08:12:57.03400Z</time><extensions><mytracks:speed>4.265912796864325</mytracks:speed><mytracks:gradient>0.05325295017304971</mytracks:gradient><mytracks:length>0.005902044327315089</mytracks:length></extensions></trkpt><trkpt lat="33.59145691034579" lon="130.3464273561566"><ele>5.15881475893033</ele><time>2025-12-21T08:13:02.01900Z</time><extensions><mytracks:speed>1.568017555001098</mytracks:speed><mytracks:gradient>0.3089385752678295</mytracks:gradient><mytracks:length>0.002171093675626303</mytracks:length></extensions></trkpt><trkpt lat="33.59145096975153" lon="130.3464286781524"><ele>5.58226770303917</ele><time>2025-12-21T08:13:07.03300Z</time><extensions><mytracks:speed>0.4819778111306429</mytracks:speed><mytracks:gradient>0.6308010923397412</mytracks:gradient><mytracks:length>0.000671293929657265</mytracks:length></extensions></trkpt><trkpt lat="33.59145767169294" lon="130.3463525279134"><ele>5.262347062118351</ele><time>2025-12-21T08:13:20.00000Z</time><extensions><mytracks:speed>1.969034033579015</mytracks:speed><mytracks:length>0.007092244988310316</mytracks:length></extensions></trkpt><trkpt lat="33.59147164935372" lon="130.3462821723834"><ele>5.633196263248167</ele><time>2025-12-21T08:13:25.01200Z</time><extensions><mytracks:speed>4.811418549853636</mytracks:speed><mytracks:gradient>0.05535475827407266</mytracks:gradient><mytracks:length>0.006699499965182142</mytracks:length></extensions></trkpt><trkpt lat="33.59148090296734" lon="130.3462116189953"><ele>5.812992849882855</ele><time>2025-12-21T08:13:30.00400Z</time><extensions><mytracks:speed>4.771100292247328</mytracks:speed><mytracks:gradient>0.02717780546641648</mytracks:gradient><mytracks:length>0.006615566766671505</mytracks:length></extensions></trkpt><trkpt lat="33.59149401299062" lon="130.3461472690048"><ele>5.872945244441493</ele><time>2025-12-21T08:13:35.00400Z</time><extensions><mytracks:speed>4.417414905156665</mytracks:speed><mytracks:gradient>0.009771170207623062</mytracks:gradient><mytracks:length>0.006135641206195122</mytracks:length></extensions></trkpt><trkpt lat="33.59150186489747" lon="130.3460790127807"><ele>5.940724783451761</ele><time>2025-12-21T08:13:40.00800Z</time><extensions><mytracks:speed>4.591280690293932</mytracks:speed><mytracks:gradient>0.01062061637965584</mytracks:gradient><mytracks:length>0.00638188374265183</mytracks:length></extensions></trkpt><trkpt lat="33.59151005548922" lon="130.3460057423394"><ele>5.704791194467838</ele><time>2025-12-21T08:13:45.00300Z</time><extensions><mytracks:speed>4.935278657962058</mytracks:speed><mytracks:length>0.006847198082504429</mytracks:length></extensions></trkpt><trkpt lat="33.59153193924945" lon="130.3459632633504"><ele>6.825405218840292</ele><time>2025-12-21T08:13:50.00200Z</time><extensions><mytracks:speed>3.331469988919888</mytracks:speed><mytracks:gradient>0.2422124867530007</mytracks:gradient><mytracks:length>0.004626574126689082</mytracks:length></extensions></trkpt><trkpt lat="33.59156762793929" lon="130.3459355345869"><ele>7.404933524635865</ele><time>2025-12-21T08:13:55.00000Z</time><extensions><mytracks:speed>3.404718893065187</mytracks:speed><mytracks:gradient>0.1226051383632828</mytracks:gradient><mytracks:length>0.004726786442493238</mytracks:length></extensions></trkpt><trkpt lat="33.5916120861797" lon="130.3459307517637"><ele>8.724177249765528</ele><time>2025-12-21T08:13:59.98700Z</time><extensions><mytracks:speed>3.583143120094108</mytracks:speed><mytracks:gradient>0.2658137874299072</mytracks:gradient><mytracks:length>0.004963037237026451</mytracks:length></extensions></trkpt><trkpt lat="33.59164878102908" lon="130.3458875655706"><ele>8.932043930133837</ele><time>2025-12-21T08:14:04.98800Z</time><extensions><mytracks:speed>4.113478336289518</mytracks:speed><mytracks:gradient>0.03637667463266765</mytracks:gradient><mytracks:length>0.005714284839594332</mytracks:length></extensions></trkpt><trkpt lat="33.5916741239869" lon="130.3457964608027"><ele>6.784737564854668</ele><time>2025-12-21T08:14:09.95100Z</time><extensions><mytracks:speed>6.452469224102226</mytracks:speed><mytracks:length>0.008896607569443573</mytracks:length></extensions></trkpt><trkpt lat="33.59166875274449" lon="130.3456940536354"><ele>6.417589747838574</ele><time>2025-12-21T08:14:14.92400Z</time><extensions><mytracks:speed>6.881278447956339</mytracks:speed><mytracks:length>0.00950444108547961</mytracks:length></extensions></trkpt><trkpt lat="33.59168779450642" lon="130.3455962549168"><ele>6.389307111102228</ele><time>2025-12-21T08:14:20.99800Z</time><extensions><mytracks:speed>5.513278598940598</mytracks:speed><mytracks:length>0.009303174824294986</mytracks:length></extensions></trkpt><trkpt lat="33.59170279575393" lon="130.3455216997509"><ele>6.038485746998046</ele><time>2025-12-21T08:14:26.03500Z</time><extensions><mytracks:speed>5.077933365798206</mytracks:speed><mytracks:length>0.007104307178002005</mytracks:length></extensions></trkpt><trkpt lat="33.59176362465353" lon="130.3455208716461"><ele>6.439547974842458</ele><time>2025-12-21T08:14:31.52400Z</time><extensions><mytracks:speed>4.436804411863257</mytracks:speed><mytracks:gradient>0.05928986512672556</mytracks:gradient><mytracks:length>0.006764431441818698</mytracks:length></extensions></trkpt><trkpt lat="33.59181233939483" lon="130.3455243119747"><ele>7.330230633723215</ele><time>2025-12-21T08:14:37.51000Z</time><extensions><mytracks:speed>3.262450196875104</mytracks:speed><mytracks:gradient>0.1641675016053705</mytracks:gradient><mytracks:length>0.005425450531748963</mytracks:length></extensions></trkpt><trkpt lat="33.59187218623424" lon="130.3455366844841"><ele>6.199750453045727</ele><time>2025-12-21T08:14:43.00700Z</time><extensions><mytracks:speed>4.422371444960856</mytracks:speed><mytracks:length>0.006752429484020345</mytracks:length></extensions></trkpt><trkpt lat="33.59192496272716" lon="130.3455469835106"><ele>5.846790377340819</ele><time>2025-12-21T08:14:48.02000Z</time><extensions><mytracks:speed>4.269673163066961</mytracks:speed><mytracks:length>0.005945405937123743</mytracks:length></extensions></trkpt><trkpt lat="33.59197445102437" lon="130.3455605734338"><ele>5.358173578244418</ele><time>2025-12-21T08:14:53.00600Z</time><extensions><mytracks:speed>4.076124313252448</mytracks:speed><mytracks:length>0.005645258664439278</mytracks:length></extensions></trkpt><trkpt lat="33.59203154336807" lon="130.3455756187088"><ele>5.559223222823147</ele><time>2025-12-21T08:14:58.00200Z</time><extensions><mytracks:speed>4.683545050159584</mytracks:speed><mytracks:gradient>0.03093343259518632</mytracks:gradient><mytracks:length>0.006499428860992799</mytracks:length></extensions></trkpt><trkpt lat="33.59208312437897" lon="130.3455905937399"><ele>5.644184514992744</ele><time>2025-12-21T08:15:03.00200Z</time><extensions><mytracks:speed>4.248112203670745</mytracks:speed><mytracks:gradient>0.01439895707565316</mytracks:gradient><mytracks:length>0.005900517080730505</mytracks:length></extensions></trkpt><trkpt lat="33.59213276437207" lon="130.345606106385"><ele>6.030433317966014</ele><time>2025-12-21T08:15:08.00900Z</time><extensions><mytracks:speed>4.100874939642508</mytracks:speed><mytracks:gradient>0.06771514733431813</mytracks:gradient><mytracks:length>0.005704023666467293</mytracks:length></extensions></trkpt><trkpt lat="33.59218237976062" lon="130.3456070371668"><ele>5.109105609490054</ele><time>2025-12-21T08:15:13.00200Z</time><extensions><mytracks:speed>3.977723250295661</mytracks:speed><mytracks:length>0.005516876323721916</mytracks:length></extensions></trkpt><trkpt lat="33.59223337092008" lon="130.3456201934137"><ele>4.625526687375804</ele><time>2025-12-21T08:15:17.99800Z</time><extensions><mytracks:speed>4.179087777368899</mytracks:speed><mytracks:length>0.005799606599176032</mytracks:length></extensions></trkpt><trkpt lat="33.59228968406335" lon="130.3456344202078"><ele>4.374320028120086</ele><time>2025-12-21T08:15:23.00200Z</time><extensions><mytracks:speed>4.603660692979613</mytracks:speed><mytracks:length>0.00639880810494589</mytracks:length></extensions></trkpt><trkpt lat="33.59235053416652" lon="130.3456375493757"><ele>2.986565663757616</ele><time>2025-12-21T08:15:28.00100Z</time><extensions><mytracks:speed>4.876779656396732</mytracks:speed><mytracks:length>0.006772420930558298</mytracks:length></extensions></trkpt><trkpt lat="33.59240894347685" lon="130.3456555395215"><ele>2.788098793412157</ele><time>2025-12-21T08:15:33.00500Z</time><extensions><mytracks:speed>4.824791466790551</mytracks:speed><mytracks:length>0.006705550997544839</mytracks:length></extensions></trkpt><trkpt lat="33.5924656083095" lon="130.3456714729504"><ele>2.703426920326632</ele><time>2025-12-21T08:15:37.99100Z</time><extensions><mytracks:speed>4.671469324480955</mytracks:speed><mytracks:length>0.00647093921902458</mytracks:length></extensions></trkpt><trkpt lat="33.5925248438515" lon="130.3456799912616"><ele>2.356072871115885</ele><time>2025-12-21T08:15:43.00200Z</time><extensions><mytracks:speed>4.766816637398484</mytracks:speed><mytracks:length>0.006633932983976071</mytracks:length></extensions></trkpt><trkpt lat="33.59258808411384" lon="130.3456946757207"><ele>2.216446345571567</ele><time>2025-12-21T08:15:48.00000Z</time><extensions><mytracks:speed>5.157965040430608</mytracks:speed><mytracks:length>0.007161797062344151</mytracks:length></extensions></trkpt><trkpt lat="33.59264047631967" lon="130.3457085860956"><ele>2.947848220616426</ele><time>2025-12-21T08:15:53.00100Z</time><extensions><mytracks:speed>4.29507220119991</mytracks:speed><mytracks:gradient>0.12258287524627</mytracks:gradient><mytracks:length>0.005966590957957762</mytracks:length></extensions></trkpt><trkpt lat="33.59269716680194" lon="130.345709973867"><ele>1.791715661069946</ele><time>2025-12-21T08:15:58.01600Z</time><extensions><mytracks:speed>4.526493495353429</mytracks:speed><mytracks:length>0.006305161959722766</mytracks:length></extensions></trkpt><trkpt lat="33.59274741237822" lon="130.3457189126422"><ele>2.058724681442075</ele><time>2025-12-21T08:16:03.01300Z</time><extensions><mytracks:speed>4.069211528968612</mytracks:speed><mytracks:gradient>0.04727119535929077</mytracks:gradient><mytracks:length>0.005648450781552967</mytracks:length></extensions></trkpt><trkpt lat="33.59280498332046" lon="130.3457360518205"><ele>2.342306211082762</ele><time>2025-12-21T08:16:08.00500Z</time><extensions><mytracks:speed>4.756485560768455</mytracks:speed><mytracks:gradient>0.04299436841228188</mytracks:gradient><mytracks:length>0.006595783124928496</mytracks:length></extensions></trkpt><trkpt lat="33.5928598987148" lon="130.3457546616566"><ele>3.281615496812123</ele><time>2025-12-21T08:16:13.00100Z</time><extensions><mytracks:speed>4.572502834310948</mytracks:speed><mytracks:gradient>0.1480213346053894</mytracks:gradient><mytracks:length>0.006345769602966143</mytracks:length></extensions></trkpt><trkpt lat="33.59292480323184" lon="130.3457650409121"><ele>1.618349101279778</ele><time>2025-12-21T08:16:18.00300Z</time><extensions><mytracks:speed>5.239929502899456</mytracks:speed><mytracks:length>0.007280367587847575</mytracks:length></extensions></trkpt><trkpt lat="33.59298594396168" lon="130.3457789093181"><ele>1.493753704198006</ele><time>2025-12-21T08:16:23.00400Z</time><extensions><mytracks:speed>4.979934171848153</mytracks:speed><mytracks:length>0.006917911126014923</mytracks:length></extensions></trkpt><trkpt lat="33.59304408147857" lon="130.3457937581917"><ele>1.848405387679362</ele><time>2025-12-21T08:16:28.00100Z</time><extensions><mytracks:speed>4.760893623302664</mytracks:speed><mytracks:gradient>0.05366394588786472</mytracks:gradient><mytracks:length>0.006608751511162266</mytracks:length></extensions></trkpt><trkpt lat="33.59310617368182" lon="130.3458078899418"><ele>1.376881447897616</ele><time>2025-12-21T08:16:32.99800Z</time><extensions><mytracks:speed>5.062839740505597</mytracks:speed><mytracks:length>0.007027136150141352</mytracks:length></extensions></trkpt><trkpt lat="33.59316993926144" lon="130.3458293355103"><ele>1.93999651901535</ele><time>2025-12-21T08:16:38.49800Z</time><extensions><mytracks:speed>4.818828946111689</mytracks:speed><mytracks:gradient>0.07648065826344809</mytracks:gradient><mytracks:length>0.007362842892617467</mytracks:length></extensions></trkpt><trkpt lat="33.59322535656252" lon="130.3458501253033"><ele>2.062609887988546</ele><time>2025-12-21T08:16:43.99900Z</time><extensions><mytracks:speed>4.224690648200591</mytracks:speed><mytracks:gradient>0.01899333354031519</mytracks:gradient><mytracks:length>0.006455600261688509</mytracks:length></extensions></trkpt><trkpt lat="33.59327700693353" lon="130.3458636679511"><ele>2.393558847968158</ele><time>2025-12-21T08:16:48.99800Z</time><extensions><mytracks:speed>4.233244143517821</mytracks:speed><mytracks:gradient>0.05629985139866669</mytracks:gradient><mytracks:length>0.005878327415753182</mytracks:length></extensions></trkpt><trkpt lat="33.59332501846191" lon="130.345887028018"><ele>2.494455721409055</ele><time>2025-12-21T08:16:53.99900Z</time><extensions><mytracks:speed>4.147005009459598</mytracks:speed><mytracks:gradient>0.01751729654727286</mytracks:gradient><mytracks:length>0.00575984274563217</mytracks:length></extensions></trkpt><trkpt lat="33.59338028009588" lon="130.3458900568487"><ele>2.143875113388433</ele><time>2025-12-21T08:16:59.00500Z</time><extensions><mytracks:speed>4.423355850556252</mytracks:speed><mytracks:length>0.006151045434554791</mytracks:length></extensions></trkpt><trkpt lat="33.59344173286613" lon="130.3458954899962"><ele>1.879958189480317</ele><time>2025-12-21T08:17:04.00300Z</time><extensions><mytracks:speed>4.935197855196064</mytracks:speed><mytracks:length>0.006852461110247289</mytracks:length></extensions></trkpt><trkpt lat="33.59349565676308" lon="130.3459075466044"><ele>1.93265260128003</ele><time>2025-12-21T08:17:09.00400Z</time><extensions><mytracks:speed>4.390882519831485</mytracks:speed><mytracks:gradient>0.008639070118479643</mytracks:gradient><mytracks:length>0.006099546719385357</mytracks:length></extensions></trkpt><trkpt lat="33.59354978778465" lon="130.3459266889293"><ele>2.864635606880856</ele><time>2025-12-21T08:17:13.99900Z</time><extensions><mytracks:speed>4.522329820958336</mytracks:speed><mytracks:gradient>0.1485384749018779</mytracks:gradient><mytracks:length>0.00627435421170494</mytracks:length></extensions></trkpt><trkpt lat="33.59360301316724" lon="130.3459355253807"><ele>2.90741756315943</ele><time>2025-12-21T08:17:19.00200Z</time><extensions><mytracks:speed>4.298866686970204</mytracks:speed><mytracks:gradient>0.007160288160693445</mytracks:gradient><mytracks:length>0.005974893093468884</mytracks:length></extensions></trkpt><trkpt lat="33.5936589866574" lon="130.3459450832965"><ele>2.869811815157291</ele><time>2025-12-21T08:17:24.00200Z</time><extensions><mytracks:speed>4.525760124384775</mytracks:speed><mytracks:length>0.006285835198821065</mytracks:length></extensions></trkpt><trkpt lat="33.59371225052583" lon="130.3459513608818"><ele>2.696340472687841</ele><time>2025-12-21T08:17:28.99800Z</time><extensions><mytracks:speed>4.288485291422043</mytracks:speed><mytracks:length>0.00595146649520817</mytracks:length></extensions></trkpt><trkpt lat="33.59376653580417" lon="130.3459579398268"><ele>2.586686198829857</ele><time>2025-12-21T08:17:33.99500Z</time><extensions><mytracks:speed>4.371635598388826</mytracks:speed><mytracks:length>0.00606769508277807</mytracks:length></extensions></trkpt><trkpt lat="33.59381893278131" lon="130.3459661443506"><ele>2.199522623103022</ele><time>2025-12-21T08:17:38.99700Z</time><extensions><mytracks:speed>4.229580985379922</mytracks:speed><mytracks:length>0.005876027150583615</mytracks:length></extensions></trkpt><trkpt lat="33.59387028353271" lon="130.3459818789395"><ele>2.976822877079439</ele><time>2025-12-21T08:17:43.99800Z</time><extensions><mytracks:speed>4.242546858676534</mytracks:speed><mytracks:gradient>0.1318879860699678</mytracks:gradient><mytracks:length>0.005893639573539714</mytracks:length></extensions></trkpt><trkpt lat="33.59392801027138" lon="130.3459950808461"><ele>3.111687912958297</ele><time>2025-12-21T08:17:48.99800Z</time><extensions><mytracks:speed>4.704546954177117</mytracks:speed><mytracks:gradient>0.0206383097487212</mytracks:gradient><mytracks:length>0.006534693854336316</mytracks:length></extensions></trkpt><trkpt lat="33.59398618088952" lon="130.3460065354476"><ele>1.947622588549449</ele><time>2025-12-21T08:17:54.00200Z</time><extensions><mytracks:speed>4.714888989022859</mytracks:speed><mytracks:length>0.006553286729687478</mytracks:length></extensions></trkpt><trkpt lat="33.59404201253647" lon="130.3460118852659"><ele>1.357769700988817</ele><time>2025-12-21T08:17:59.00200Z</time><extensions><mytracks:speed>4.482945452091418</mytracks:speed><mytracks:length>0.006226771383401389</mytracks:length></extensions></trkpt><trkpt lat="33.59409750641294" lon="130.3460201580355"><ele>1.128548107325426</ele><time>2025-12-21T08:18:03.99800Z</time><extensions><mytracks:speed>4.479843413042873</mytracks:speed><mytracks:length>0.006217356079616786</mytracks:length></extensions></trkpt><trkpt lat="33.59415329370394" lon="130.3460305708592"><ele>1.075218813019692</ele><time>2025-12-21T08:18:09.00400Z</time><extensions><mytracks:speed>4.514578457453393</mytracks:speed><mytracks:length>0.006277944275631873</mytracks:length></extensions></trkpt><trkpt lat="33.59420972965294" lon="130.3460383619147"><ele>0.676061320153669</ele><time>2025-12-21T08:18:14.00100Z</time><extensions><mytracks:speed>4.551351027814858</mytracks:speed><mytracks:length>0.006317300327033158</mytracks:length></extensions></trkpt><trkpt lat="33.59426625291393" lon="130.3460517995289"><ele>0.6150106337283647</ele><time>2025-12-21T08:18:19.00100Z</time><extensions><mytracks:speed>4.613814040483923</mytracks:speed><mytracks:length>0.006407956804186484</mytracks:length></extensions></trkpt><trkpt lat="33.59431939162425" lon="130.3460765815895"><ele>0.9076629986757411</ele><time>2025-12-21T08:18:24.00000Z</time><extensions><mytracks:speed>4.564824528212868</mytracks:speed><mytracks:gradient>0.04616940611073824</mytracks:gradient><mytracks:length>0.006338664271432122</mytracks:length></extensions></trkpt><trkpt lat="33.59436117039802" lon="130.3461185607858"><ele>0.1863063145035644</ele><time>2025-12-21T08:18:28.99800Z</time><extensions><mytracks:speed>4.363112359497944</mytracks:speed><mytracks:length>0.006057288639842965</mytracks:length></extensions></trkpt><trkpt lat="33.59436715962525" lon="130.3461745786407"><ele>0.5139308072190961</ele><time>2025-12-21T08:18:33.99700Z</time><extensions><mytracks:speed>3.766225250501628</mytracks:speed><mytracks:gradient>0.06264253091407342</mytracks:gradient><mytracks:length>0.005230064748899328</mytracks:length></extensions></trkpt><trkpt lat="33.59437739233225" lon="130.3462255537244"><ele>1.167835533124417</ele><time>2025-12-21T08:18:38.99400Z</time><extensions><mytracks:speed>3.498823526633213</mytracks:speed><mytracks:gradient>0.1346433463994178</mytracks:gradient><mytracks:length>0.004856569176211058</mytracks:length></extensions></trkpt><trkpt lat="33.59438150976447" lon="130.3462753986532"><ele>1.260096158890248</ele><time>2025-12-21T08:18:44.00200Z</time><extensions><mytracks:speed>3.334872252230971</mytracks:speed><mytracks:gradient>0.0198871027169621</mytracks:gradient><mytracks:length>0.004639219049597407</mytracks:length></extensions></trkpt><trkpt lat="33.59437476713957" lon="130.346320503556"><ele>1.184382494284424</ele><time>2025-12-21T08:18:49.00000Z</time><extensions><mytracks:speed>3.057413217064317</mytracks:speed><mytracks:length>0.004244574052715829</mytracks:length></extensions></trkpt><trkpt lat="33.59437495057122" lon="130.3463795657075"><ele>0.9254061922838139</ele><time>2025-12-21T08:18:53.99600Z</time><extensions><mytracks:speed>3.941951939039643</mytracks:speed><mytracks:length>0.005470118815496554</mytracks:length></extensions></trkpt><trkpt lat="33.59437742161489" lon="130.3464336043508"><ele>1.265249107250129</ele><time>2025-12-21T08:18:58.99900Z</time><extensions><mytracks:speed>3.607456235689368</mytracks:speed><mytracks:gradient>0.06778385201369519</mytracks:gradient><mytracks:length>0.005013626474011127</mytracks:length></extensions></trkpt><trkpt lat="33.59437536167462" lon="130.3464947390445"><ele>1.831488780038937</ele><time>2025-12-21T08:19:03.99600Z</time><extensions><mytracks:speed>4.08313879346648</mytracks:speed><mytracks:gradient>0.09990879680610296</mytracks:gradient><mytracks:length>0.00566756572884901</mytracks:length></extensions></trkpt><trkpt lat="33.59437329503346" lon="130.3465634758464"><ele>2.011967566040347</ele><time>2025-12-21T08:19:08.98800Z</time><extensions><mytracks:speed>4.593643297123794</mytracks:speed><mytracks:gradient>0.02833320460657021</mytracks:gradient><mytracks:length>0.006369868446139647</mytracks:length></extensions></trkpt><trkpt lat="33.59437229126427" lon="130.346627542347"><ele>2.267151364762345</ele><time>2025-12-21T08:19:13.99900Z</time><extensions><mytracks:speed>4.264136368557249</mytracks:speed><mytracks:gradient>0.04299248467364731</mytracks:gradient><mytracks:length>0.005935544331970541</mytracks:length></extensions></trkpt><trkpt lat="33.59437286237377" lon="130.3466853768935"><ele>2.576319655686196</ele><time>2025-12-21T08:19:18.99400Z</time><extensions><mytracks:speed>3.859256979351524</mytracks:speed><mytracks:gradient>0.05773207135491826</mytracks:gradient><mytracks:length>0.005355226023732698</mytracks:length></extensions></trkpt><trkpt lat="33.5943731965169" lon="130.3467500865348"><ele>2.724085061919809</ele><time>2025-12-21T08:19:23.99900Z</time><extensions><mytracks:speed>4.311430811747643</mytracks:speed><mytracks:gradient>0.02465337643680732</mytracks:gradient><mytracks:length>0.005993718816259197</mytracks:length></extensions></trkpt><trkpt lat="33.59437021582477" lon="130.3468174344303"><ele>3.075428463378276</ele><time>2025-12-21T08:19:28.99700Z</time><extensions><mytracks:speed>4.499691181977514</mytracks:speed><mytracks:gradient>0.05624191963806442</mytracks:gradient><mytracks:length>0.006247002302188107</mytracks:length></extensions></trkpt><trkpt lat="33.5943693077928" lon="130.3468854736515"><ele>2.679821392156171</ele><time>2025-12-21T08:19:34.00600Z</time><extensions><mytracks:speed>4.531017981686924</mytracks:speed><mytracks:length>0.006303732379847295</mytracks:length></extensions></trkpt><trkpt lat="33.59436766430886" lon="130.3469520498006"><ele>2.500865627517492</ele><time>2025-12-21T08:19:38.99200Z</time><extensions><mytracks:speed>4.453142119462298</mytracks:speed><mytracks:length>0.00616860316418189</mytracks:length></extensions></trkpt><trkpt lat="33.59436376533619" lon="130.3470116837829"><ele>2.457751020065879</ele><time>2025-12-21T08:19:44.00600Z</time><extensions><mytracks:speed>3.97800197609733</mytracks:speed><mytracks:length>0.005540513783435648</mytracks:length></extensions></trkpt><trkpt lat="33.59436220156807" lon="130.3470740127751"><ele>2.859045310341259</ele><time>2025-12-21T08:19:49.00100Z</time><extensions><mytracks:speed>4.161383801088935</mytracks:speed><mytracks:gradient>0.06950132705083134</mytracks:gradient><mytracks:length>0.005773908316626585</mytracks:length></extensions></trkpt><trkpt lat="33.5943540148942" lon="130.3471354493598"><ele>2.899629290026428</ele><time>2025-12-21T08:19:53.99900Z</time><extensions><mytracks:speed>4.150934315413764</mytracks:speed><mytracks:gradient>0.007043152684814844</mytracks:gradient><mytracks:length>0.005762189391786009</mytracks:length></extensions></trkpt><trkpt lat="33.59435616251656" lon="130.3472048934865"><ele>3.072807365199332</ele><time>2025-12-21T08:19:59.00200Z</time><extensions><mytracks:speed>4.63039952227252</mytracks:speed><mytracks:gradient>0.0269105412376679</mytracks:gradient><mytracks:length>0.006435324865577167</mytracks:length></extensions></trkpt><trkpt lat="33.59435413235354" lon="130.3472514504485"><ele>2.7505552169019</ele><time>2025-12-21T08:20:04.00200Z</time><extensions><mytracks:speed>3.108191317520324</mytracks:speed><mytracks:length>0.004317208118006497</mytracks:length></extensions></trkpt><trkpt lat="33.59435015377321" lon="130.3473119020635"><ele>2.715008176112928</ele><time>2025-12-21T08:20:08.99600Z</time><extensions><mytracks:speed>4.049216194472233</mytracks:speed><mytracks:length>0.005616447969992291</mytracks:length></extensions></trkpt><trkpt lat="33.59434956651585" lon="130.3473719134041"><ele>3.029769568299282</ele><time>2025-12-21T08:20:14.00100Z</time><extensions><mytracks:speed>3.997591143479369</mytracks:speed><mytracks:gradient>0.05662827508448384</mytracks:gradient><mytracks:length>0.00555837859650079</mytracks:length></extensions></trkpt><trkpt lat="33.59434569012485" lon="130.3474350518898"><ele>2.823157474539922</ele><time>2025-12-21T08:20:19.00200Z</time><extensions><mytracks:speed>4.221667076543362</mytracks:speed><mytracks:length>0.005863743829806813</mytracks:length></extensions></trkpt><trkpt lat="33.59434626889461" lon="130.347498210616"><ele>2.864622521733188</ele><time>2025-12-21T08:20:24.00000Z</time><extensions><mytracks:speed>4.213584633996613</mytracks:speed><mytracks:gradient>0.007087237163302198</mytracks:gradient><mytracks:length>0.005850664544989677</mytracks:length></extensions></trkpt><trkpt lat="33.59434409642891" lon="130.3475708350128"><ele>2.954934892703021</ele><time>2025-12-21T08:20:29.00400Z</time><extensions><mytracks:speed>4.843439945809196</mytracks:speed><mytracks:gradient>0.01341596422872458</mytracks:gradient><mytracks:length>0.006731709285305665</mytracks:length></extensions></trkpt><trkpt lat="33.59434194848711" lon="130.3476349371071"><ele>2.666757792709661</ele><time>2025-12-21T08:20:34.00000Z</time><extensions><mytracks:speed>4.281955351402917</mytracks:speed><mytracks:length>0.005943131634482495</mytracks:length></extensions></trkpt><trkpt lat="33.59435005876082" lon="130.347703239511"><ele>2.533156722369542</ele><time>2025-12-21T08:20:38.99900Z</time><extensions><mytracks:speed>4.602464438891515</mytracks:speed><mytracks:length>0.006391056668902441</mytracks:length></extensions></trkpt><trkpt lat="33.59435517376223" lon="130.3477682443076"><ele>1.673032666186329</ele><time>2025-12-21T08:20:44.00200Z</time><extensions><mytracks:speed>4.352314926372807</mytracks:speed><mytracks:length>0.006047609480279955</mytracks:length></extensions></trkpt><trkpt lat="33.59435225569723" lon="130.3478344800879"><ele>0.8713584366419167</ele><time>2025-12-21T08:20:49.50100Z</time><extensions><mytracks:speed>4.021066914794181</mytracks:speed><mytracks:length>0.006142981370569056</mytracks:length></extensions></trkpt><trkpt lat="33.59435596479281" lon="130.3479058826604"><ele>0.5365511194910345</ele><time>2025-12-21T08:20:55.50000Z</time><extensions><mytracks:speed>3.97697582742754</mytracks:speed><mytracks:length>0.006626456595880396</mytracks:length></extensions></trkpt><trkpt lat="33.59436733897842" lon="130.347968839886"><ele>0.6701152861828334</ele><time>2025-12-21T08:21:00.99500Z</time><extensions><mytracks:speed>3.909023239300175</mytracks:speed><mytracks:gradient>0.02238250685957055</mytracks:gradient><mytracks:length>0.005967346174840472</mytracks:length></extensions></trkpt><trkpt lat="33.59437073346242" lon="130.3480239528577"><ele>1.156566344943299</ele><time>2025-12-21T08:21:06.00400Z</time><extensions><mytracks:speed>3.679006067722191</mytracks:speed><mytracks:gradient>0.09503616858614543</mytracks:gradient><mytracks:length>0.005118588701516547</mytracks:length></extensions></trkpt><trkpt lat="33.59436712174824" lon="130.3480785110157"><ele>0.9841649651492915</ele><time>2025-12-21T08:21:10.99900Z</time><extensions><mytracks:speed>3.653659560085109</mytracks:speed><mytracks:length>0.005069047098863724</mytracks:length></extensions></trkpt><trkpt lat="33.59437104652006" lon="130.3481370831034"><ele>0.784424209053096</ele><time>2025-12-21T08:21:15.99200Z</time><extensions><mytracks:speed>3.923279420683618</mytracks:speed><mytracks:length>0.005442037089955653</mytracks:length></extensions></trkpt><trkpt lat="33.59437358620695" lon="130.3483437148725"><ele>0.3380460869520903</ele><time>2025-12-21T08:21:35.00000Z</time><extensions><mytracks:speed>3.625242153492211</mytracks:speed><mytracks:length>0.0191407077720747</mytracks:length></extensions></trkpt><trkpt lat="33.59437071038811" lon="130.3483944308777"><ele>0.04933212309394055</ele><time>2025-12-21T08:21:40.00200Z</time><extensions><mytracks:speed>3.388026473329522</mytracks:speed><mytracks:length>0.004707680517722076</mytracks:length></extensions></trkpt><trkpt lat="33.59437449257089" lon="130.3484461703162"><ele>-0.08445234679171161</ele><time>2025-12-21T08:21:45.00100Z</time><extensions><mytracks:speed>3.463220840618219</mytracks:speed><mytracks:length>0.004809014027067162</mytracks:length></extensions></trkpt><trkpt lat="33.59437368650702" lon="130.3484979797699"><ele>-0.154757368495495</ele><time>2025-12-21T08:21:50.00500Z</time><extensions><mytracks:speed>3.452622024862682</mytracks:speed><mytracks:length>0.004799634236536131</mytracks:length></extensions></trkpt><trkpt lat="33.59437451825841" lon="130.3485506591079"><ele>-0.1535302737274301</ele><time>2025-12-21T08:21:55.00300Z</time><extensions><mytracks:speed>3.516041267454143</mytracks:speed><mytracks:gradient>0.0002514211479828743</mytracks:gradient><mytracks:length>0.004880634655874236</mytracks:length></extensions></trkpt><trkpt lat="33.59437606953905" lon="130.3486042337701"><ele>-0.3226964893492577</ele><time>2025-12-21T08:22:00.00100Z</time><extensions><mytracks:speed>3.576285349768951</mytracks:speed><mytracks:length>0.004965760440104902</mytracks:length></extensions></trkpt><trkpt lat="33.59437661330301" lon="130.3486574602676"><ele>-0.2947194444374808</ele><time>2025-12-21T08:22:04.99600Z</time><extensions><mytracks:speed>3.553850771466805</mytracks:speed><mytracks:gradient>0.005673527307659606</mytracks:gradient><mytracks:length>0.004931155416138781</mytracks:length></extensions></trkpt><trkpt lat="33.59438250042751" lon="130.3487108856986"><ele>-0.6076306075335497</ele><time>2025-12-21T08:22:09.99700Z</time><extensions><mytracks:speed>3.592904394846809</mytracks:speed><mytracks:length>0.004991105353617361</mytracks:length></extensions></trkpt><trkpt lat="33.59438334514343" lon="130.3487603971288"><ele>-0.4946374145297899</ele><time>2025-12-21T08:22:14.99500Z</time><extensions><mytracks:speed>3.303641046456291</mytracks:speed><mytracks:gradient>0.02463622362703752</mytracks:gradient><mytracks:length>0.004586465633464745</mytracks:length></extensions></trkpt><trkpt lat="33.59438739356077" lon="130.3488161486664"><ele>-0.3691149585088999</ele><time>2025-12-21T08:22:20.00000Z</time><extensions><mytracks:speed>3.728704697231762</mytracks:speed><mytracks:gradient>0.02421657513450935</mytracks:gradient><mytracks:length>0.005183328167739821</mytracks:length></extensions></trkpt><trkpt lat="33.59438813729918" lon="130.3488687098716"><ele>-0.2496514368671965</ele><time>2025-12-21T08:22:25.00300Z</time><extensions><mytracks:speed>3.503064201572196</mytracks:speed><mytracks:gradient>0.0245374665753791</mytracks:gradient><mytracks:length>0.004868616785466072</mytracks:length></extensions></trkpt><trkpt lat="33.59438291997412" lon="130.348921698595"><ele>-0.625706599786188</ele><time>2025-12-21T08:22:30.00100Z</time><extensions><mytracks:speed>3.558908042040639</mytracks:speed><mytracks:length>0.004941197583270039</mytracks:length></extensions></trkpt><trkpt lat="33.59438406957224" lon="130.3489749456483"><ele>-0.6842555760983309</ele><time>2025-12-21T08:22:34.99800Z</time><extensions><mytracks:speed>3.554317307491872</mytracks:speed><mytracks:length>0.004932982785264369</mytracks:length></extensions></trkpt><trkpt lat="33.59438757603027" lon="130.3490276028633"><ele>-0.5197428425228179</ele><time>2025-12-21T08:22:39.98900Z</time><extensions><mytracks:speed>3.528693133943028</mytracks:speed><mytracks:gradient>0.03362464946803614</mytracks:gradient><mytracks:length>0.00489262300658034</mytracks:length></extensions></trkpt><trkpt lat="33.59439629591652" lon="130.3490845717785"><ele>-0.3695648031521646</ele><time>2025-12-21T08:22:44.99900Z</time><extensions><mytracks:speed>3.854720589033325</mytracks:speed><mytracks:gradient>0.02799492143752106</mytracks:gradient><mytracks:length>0.005364474399609227</mytracks:length></extensions></trkpt><trkpt lat="33.59439445933584" lon="130.3491415616092"><ele>-0.6459598400376413</ele><time>2025-12-21T08:22:50.00100Z</time><extensions><mytracks:speed>3.801494630301432</mytracks:speed><mytracks:length>0.00528150924695518</mytracks:length></extensions></trkpt><trkpt lat="33.59439852402338" lon="130.3492042352717"><ele>-0.4309511594224764</ele><time>2025-12-21T08:22:55.49700Z</time><extensions><mytracks:speed>3.813330685046039</mytracks:speed><mytracks:gradient>0.03692977057778325</mytracks:gradient><mytracks:length>0.005822096299306904</mytracks:length></extensions></trkpt><trkpt lat="33.5943971616781" lon="130.3492714247922"><ele>-0.2307561107089346</ele><time>2025-12-21T08:23:01.50300Z</time><extensions><mytracks:speed>3.731681736678418</mytracks:speed><mytracks:gradient>0.03215817443098219</mytracks:gradient><mytracks:length>0.00622532380198385</mytracks:length></extensions></trkpt><trkpt lat="33.59440171744716" lon="130.3493329161804"><ele>-0.2815260558751302</ele><time>2025-12-21T08:23:07.00000Z</time><extensions><mytracks:speed>3.745239561431689</mytracks:speed><mytracks:length>0.00571901455609417</mytracks:length></extensions></trkpt><trkpt lat="33.59440548587242" lon="130.3493886946416"><ele>-0.3904305746540283</ele><time>2025-12-21T08:23:12.00100Z</time><extensions><mytracks:speed>3.730805702992537</mytracks:speed><mytracks:length>0.005182458700625134</mytracks:length></extensions></trkpt><trkpt lat="33.59440443823594" lon="130.3494488628621"><ele>-0.6463363721286449</ele><time>2025-12-21T08:23:17.00400Z</time><extensions><mytracks:speed>4.010101771081771</mytracks:speed><mytracks:length>0.005573761219072458</mytracks:length></extensions></trkpt><trkpt lat="33.59440271558571" lon="130.3495035886496"><ele>-1.005788257224466</ele><time>2025-12-21T08:23:21.99800Z</time><extensions><mytracks:speed>3.656144732170749</mytracks:speed><mytracks:length>0.005071713381382904</mytracks:length></extensions></trkpt><trkpt lat="33.59439948217072" lon="130.3495562475538"><ele>-1.182188555863139</ele><time>2025-12-21T08:23:27.00300Z</time><extensions><mytracks:speed>3.517573620396744</mytracks:speed><mytracks:length>0.004889859072828129</mytracks:length></extensions></trkpt><trkpt lat="33.59440077858192" lon="130.34960940141"><ele>-1.474083664933811</ele><time>2025-12-21T08:23:32.00200Z</time><extensions><mytracks:speed>3.547110967750597</mytracks:speed><mytracks:length>0.004925669241160582</mytracks:length></extensions></trkpt><trkpt lat="33.59441781196834" lon="130.3496560451238"><ele>-1.160701935277256</ele><time>2025-12-21T08:23:36.99100Z</time><extensions><mytracks:speed>3.404361026927222</mytracks:speed><mytracks:gradient>0.06641978703921129</mytracks:gradient><mytracks:length>0.004718198350614229</mytracks:length></extensions></trkpt><trkpt lat="33.59442329638693" lon="130.3497110301044"><ele>-0.7231027708178794</ele><time>2025-12-21T08:23:41.99200Z</time><extensions><mytracks:speed>3.692324564493136</mytracks:speed><mytracks:gradient>0.08531624226274716</mytracks:gradient><mytracks:length>0.005129142503858864</mytracks:length></extensions></trkpt><trkpt lat="33.59443441601935" lon="130.3497694579749"><ele>-0.5435245938840573</ele><time>2025-12-21T08:23:46.99400Z</time><extensions><mytracks:speed>3.99488535139679</mytracks:speed><mytracks:gradient>0.03235014935710671</mytracks:gradient><mytracks:length>0.005551077213013618</mytracks:length></extensions></trkpt><trkpt lat="33.5944377807517" lon="130.3498265115963"><ele>-0.8816804551338014</ele><time>2025-12-21T08:23:51.99600Z</time><extensions><mytracks:speed>3.812889363360803</mytracks:speed><mytracks:length>0.005296845166707365</mytracks:length></extensions></trkpt><trkpt lat="33.59444390934971" lon="130.3498816738483"><ele>-1.002643695023413</ele><time>2025-12-21T08:23:56.99800Z</time><extensions><mytracks:speed>3.709202367442442</mytracks:speed><mytracks:length>0.005154558316489253</mytracks:length></extensions></trkpt><trkpt lat="33.59444858453321" lon="130.3499324699563"><ele>-0.9295285407805298</ele><time>2025-12-21T08:24:01.99600Z</time><extensions><mytracks:speed>3.409028490443498</mytracks:speed><mytracks:gradient>0.01544957319200228</mytracks:gradient><mytracks:length>0.004732503178840692</mytracks:length></extensions></trkpt><trkpt lat="33.59444585620234" lon="130.3499817142346"><ele>-0.5880430758119174</ele><time>2025-12-21T08:24:07.00200Z</time><extensions><mytracks:speed>3.286967055012662</mytracks:speed><mytracks:gradient>0.07471155736934421</mytracks:gradient><mytracks:length>0.004570718065485428</mytracks:length></extensions></trkpt><trkpt lat="33.59444799687946" lon="130.3500332736444"><ele>-0.8568824029827071</ele><time>2025-12-21T08:24:12.00400Z</time><extensions><mytracks:speed>3.44135505549347</mytracks:speed><mytracks:length>0.00478176194507127</mytracks:length></extensions></trkpt><trkpt lat="33.59444477613776" lon="130.350086959104"><ele>-0.879203136705596</ele><time>2025-12-21T08:24:17.00400Z</time><extensions><mytracks:speed>3.589654279602417</mytracks:speed><mytracks:length>0.004985685147109523</mytracks:length></extensions></trkpt><trkpt lat="33.59445146483704" lon="130.3501391361188"><ele>-0.6557736966515256</ele><time>2025-12-21T08:24:22.00800Z</time><extensions><mytracks:speed>3.518509480639278</mytracks:speed><mytracks:gradient>0.04568379983955177</mytracks:gradient><mytracks:length>0.004890780557632847</mytracks:length></extensions></trkpt><trkpt lat="33.59445658428135" lon="130.3501937592511"><ele>-0.3857351799410797</ele><time>2025-12-21T08:24:27.00400Z</time><extensions><mytracks:speed>3.668565934150798</mytracks:speed><mytracks:gradient>0.05304000485152528</mytracks:gradient><mytracks:length>0.005091223454190171</mytracks:length></extensions></trkpt><trkpt lat="33.59446264816332" lon="130.3502574801597"><ele>-0.1545570595184496</ele><time>2025-12-21T08:24:32.00400Z</time><extensions><mytracks:speed>4.277564173526035</mytracks:speed><mytracks:gradient>0.03891823421628645</mytracks:gradient><mytracks:length>0.005940097876431582</mytracks:length></extensions></trkpt><trkpt lat="33.59446806380424" lon="130.3503123348336"><ele>0.5362461449425936</ele><time>2025-12-21T08:24:37.00000Z</time><extensions><mytracks:speed>3.686379319623958</mytracks:speed><mytracks:gradient>0.1350061514702818</mytracks:gradient><mytracks:length>0.005116827618133432</mytracks:length></extensions></trkpt><trkpt lat="33.59446967408036" lon="130.3503667710957"><ele>0.8401203820078167</ele><time>2025-12-21T08:24:41.99600Z</time><extensions><mytracks:speed>3.635954852672044</mytracks:speed><mytracks:gradient>0.0602222444751287</mytracks:gradient><mytracks:length>0.00504588030077027</mytracks:length></extensions></trkpt><trkpt lat="33.59447517794153" lon="130.3504223006155"><ele>0.9757066869596021</ele><time>2025-12-21T08:24:46.99500Z</time><extensions><mytracks:speed>3.730650368745939</mytracks:speed><mytracks:gradient>0.02617572324279247</mytracks:gradient><mytracks:length>0.005179849423611219</mytracks:length></extensions></trkpt><trkpt lat="33.59447812055848" lon="130.35047753712"><ele>1.010215998924022</ele><time>2025-12-21T08:24:52.00400Z</time><extensions><mytracks:speed>3.684982742683301</mytracks:speed><mytracks:gradient>0.00673039213150337</mytracks:gradient><mytracks:length>0.005127385045351264</mytracks:length></extensions></trkpt><trkpt lat="33.59447853713961" lon="130.3505323007529"><ele>1.230525489318921</ele><time>2025-12-21T08:24:56.99700Z</time><extensions><mytracks:speed>3.657341516870626</mytracks:speed><mytracks:gradient>0.04343126027708375</mytracks:gradient><mytracks:length>0.005072601830786476</mytracks:length></extensions></trkpt><trkpt lat="33.59447657601835" lon="130.3505834847429"><ele>1.251652742533274</ele><time>2025-12-21T08:25:02.49600Z</time><extensions><mytracks:speed>3.107002459357807</mytracks:speed><mytracks:gradient>0.004451764598794434</mytracks:gradient><mytracks:length>0.004745815450366331</mytracks:length></extensions></trkpt><trkpt lat="33.59447698991272" lon="130.3506374345673"><ele>1.507545253119361</ele><time>2025-12-21T08:25:07.49600Z</time><extensions><mytracks:speed>3.598431229085466</mytracks:speed><mytracks:gradient>0.05120490851123739</mytracks:gradient><mytracks:length>0.004997421497783347</mytracks:length></extensions></trkpt><trkpt lat="33.59448442312845" lon="130.3507021755871"><ele>1.986794803120682</ele><time>2025-12-21T08:25:12.50100Z</time><extensions><mytracks:speed>4.353731005635178</mytracks:speed><mytracks:gradient>0.07916811578777186</mytracks:gradient><mytracks:length>0.006053567717666266</mytracks:length></extensions></trkpt><trkpt lat="33.59450502504905" lon="130.3507638982503"><ele>1.77243814121898</ele><time>2025-12-21T08:25:18.00100Z</time><extensions><mytracks:speed>4.031157754266908</mytracks:speed><mytracks:length>0.006158367238640147</mytracks:length></extensions></trkpt><trkpt lat="33.59451362430219" lon="130.3508270933199"><ele>2.027128365410211</ele><time>2025-12-21T08:25:23.00400Z</time><extensions><mytracks:speed>4.267912587101989</mytracks:speed><mytracks:gradient>0.04294229808181275</mytracks:gradient><mytracks:length>0.00593098729150453</mytracks:length></extensions></trkpt><trkpt lat="33.59452618272407" lon="130.3508907059784"><ele>2.859014024212772</ele><time>2025-12-21T08:25:28.00500Z</time><extensions><mytracks:speed>4.358478818743967</mytracks:speed><mytracks:gradient>0.1373869389839274</mytracks:gradient><mytracks:length>0.006055056360924392</mytracks:length></extensions></trkpt><trkpt lat="33.59453222528023" lon="130.3509535107083"><ele>3.426223142126982</ele><time>2025-12-21T08:25:33.00500Z</time><extensions><mytracks:speed>4.215347670631878</mytracks:speed><mytracks:gradient>0.09687132311614892</mytracks:gradient><mytracks:length>0.005855284099238792</mytracks:length></extensions></trkpt><trkpt lat="33.59453571541538" lon="130.3510090422947"><ele>3.898689647825559</ele><time>2025-12-21T08:25:38.00200Z</time><extensions><mytracks:speed>3.716048632564085</mytracks:speed><mytracks:gradient>0.0915978186571986</mytracks:gradient><mytracks:length>0.005158054117716109</mytracks:length></extensions></trkpt><trkpt lat="33.59453908418176" lon="130.3510703261964"><ele>3.654787376962108</ele><time>2025-12-21T08:25:43.00300Z</time><extensions><mytracks:speed>4.094841211366661</mytracks:speed><mytracks:length>0.005688201101545293</mytracks:length></extensions></trkpt><trkpt lat="33.5945413386814" lon="130.3511241167243"><ele>3.088235048448673</ele><time>2025-12-21T08:25:48.00200Z</time><extensions><mytracks:speed>3.593363897500641</mytracks:speed><mytracks:length>0.004989299272373636</mytracks:length></extensions></trkpt><trkpt lat="33.59455223845075" lon="130.351180343065"><ele>3.034492709873525</ele><time>2025-12-21T08:25:53.00100Z</time><extensions><mytracks:speed>3.8502727198841</mytracks:speed><mytracks:length>0.005346804527684267</mytracks:length></extensions></trkpt><trkpt lat="33.59456591130147" lon="130.3512328767665"><ele>3.211601985453092</ele><time>2025-12-21T08:25:58.00000Z</time><extensions><mytracks:speed>3.671895173899322</mytracks:speed><mytracks:gradient>0.03473889186989339</mytracks:gradient><mytracks:length>0.005098299515220272</mytracks:length></extensions></trkpt><trkpt lat="33.5945867631191" lon="130.3512875679478"><ele>3.502836273200854</ele><time>2025-12-21T08:26:03.00200Z</time><extensions><mytracks:speed>4.009421308714219</mytracks:speed><mytracks:gradient>0.05227369686055311</mytracks:gradient><mytracks:length>0.005571335207545531</mytracks:length></extensions></trkpt><trkpt lat="33.59459329162431" lon="130.3513470004767"><ele>2.414946375507282</ele><time>2025-12-21T08:26:07.99800Z</time><extensions><mytracks:speed>4.000941371223139</mytracks:speed><mytracks:length>0.005552700572373665</mytracks:length></extensions></trkpt><trkpt lat="33.59458174654849" lon="130.3514027173667"><ele>1.479503992380235</ele><time>2025-12-21T08:26:13.00100Z</time><extensions><mytracks:speed>3.82630554098474</mytracks:speed><mytracks:length>0.005317224255123029</mytracks:length></extensions></trkpt><trkpt lat="33.59458461629271" lon="130.3514565697806"><ele>1.665354947093224</ele><time>2025-12-21T08:26:18.00100Z</time><extensions><mytracks:speed>3.59906047750371</mytracks:speed><mytracks:gradient>0.03718266087261926</mytracks:gradient><mytracks:length>0.004998323152548966</mytracks:length></extensions></trkpt><trkpt lat="33.59458989349034" lon="130.3515099096732"><ele>2.280103635976514</ele><time>2025-12-21T08:26:22.99600Z</time><extensions><mytracks:speed>3.58496980793115</mytracks:speed><mytracks:gradient>0.1235718722862538</mytracks:gradient><mytracks:length>0.004974827017747429</mytracks:length></extensions></trkpt><trkpt lat="33.59458624069252" lon="130.3515689208305"><ele>2.808237831286278</ele><time>2025-12-21T08:26:27.99900Z</time><extensions><mytracks:speed>3.944166090246955</mytracks:speed><mytracks:gradient>0.09636047079266262</mytracks:gradient><mytracks:length>0.005480817922176221</mytracks:length></extensions></trkpt><trkpt lat="33.59459176134773" lon="130.3516194179446"><ele>2.6997618866843</ele><time>2025-12-21T08:26:32.99900Z</time><extensions><mytracks:speed>3.396050632518541</mytracks:speed><mytracks:length>0.004717243153043835</mytracks:length></extensions></trkpt><trkpt lat="33.59459673533156" lon="130.3516705036639"><ele>2.800741090938565</ele><time>2025-12-21T08:26:38.00100Z</time><extensions><mytracks:speed>3.427827189107548</mytracks:speed><mytracks:gradient>0.0212013062015563</mytracks:gradient><mytracks:length>0.004762876555542237</mytracks:length></extensions></trkpt><trkpt lat="33.59460731751918" lon="130.3517280233131"><ele>3.477600162689244</ele><time>2025-12-21T08:26:42.99300Z</time><extensions><mytracks:speed>3.934799054510592</mytracks:speed><mytracks:gradient>0.1240743480105579</mytracks:gradient><mytracks:length>0.005455270026428693</mytracks:length></extensions></trkpt><trkpt lat="33.59460497866861" lon="130.3517818979415"><ele>3.363981605858819</ele><time>2025-12-21T08:26:48.00100Z</time><extensions><mytracks:speed>3.591701878496262</mytracks:speed><mytracks:length>0.00499651968030821</mytracks:length></extensions></trkpt><trkpt lat="33.59460756547966" lon="130.3518319641345"><ele>3.481767025380768</ele><time>2025-12-21T08:26:53.00200Z</time><extensions><mytracks:speed>3.345041481618594</mytracks:speed><mytracks:gradient>0.02534664069366598</mytracks:gradient><mytracks:length>0.004646983438376624</mytracks:length></extensions></trkpt><trkpt lat="33.59461376540729" lon="130.3518847031619"><ele>3.176739971505921</ele><time>2025-12-21T08:26:58.00000Z</time><extensions><mytracks:speed>3.552120141562201</mytracks:speed><mytracks:length>0.004932069185333345</mytracks:length></extensions></trkpt><trkpt lat="33.59461724273701" lon="130.3519322280091"><ele>2.608039395248626</ele><time>2025-12-21T08:27:02.99800Z</time><extensions><mytracks:speed>3.181888055035446</mytracks:speed><mytracks:length>0.004417297689965096</mytracks:length></extensions></trkpt><trkpt lat="33.59461959550558" lon="130.3519869945016"><ele>2.639066380996108</ele><time>2025-12-21T08:27:08.50200Z</time><extensions><mytracks:speed>3.321788924261097</mytracks:speed><mytracks:gradient>0.006109097460893357</mytracks:gradient><mytracks:length>0.005078816624893793</mytracks:length></extensions></trkpt><trkpt lat="33.59462828590384" lon="130.3520338306644"><ele>2.562652596435142</ele><time>2025-12-21T08:27:13.50000Z</time><extensions><mytracks:speed>3.200974014142211</mytracks:speed><mytracks:length>0.004443742720114232</mytracks:length></extensions></trkpt><trkpt lat="33.59463678163929" lon="130.3520824872617"><ele>1.983040526861168</ele><time>2025-12-21T08:27:19.00000Z</time><extensions><mytracks:speed>3.013796206944908</mytracks:speed><mytracks:length>0.00460411726624673</mytracks:length></extensions></trkpt><trkpt lat="33.59464514635705" lon="130.3521292477247"><ele>1.68383205371004</ele><time>2025-12-21T08:27:24.00100Z</time><extensions><mytracks:speed>3.189238797069792</mytracks:speed><mytracks:length>0.004430539935738036</mytracks:length></extensions></trkpt><trkpt lat="33.5946524349329" lon="130.3521762759535"><ele>1.292856002527798</ele><time>2025-12-21T08:27:28.99400Z</time><extensions><mytracks:speed>3.194972418006978</mytracks:speed><mytracks:length>0.004431556931031068</mytracks:length></extensions></trkpt><trkpt lat="33.59465962972203" lon="130.3522227378632"><ele>1.271891773060611</ele><time>2025-12-21T08:27:33.99900Z</time><extensions><mytracks:speed>3.148350583491906</mytracks:speed><mytracks:length>0.004377330597587425</mytracks:length></extensions></trkpt><trkpt lat="33.5946666878536" lon="130.3522691666846"><ele>0.9889673666659325</ele><time>2025-12-21T08:27:39.00200Z</time><extensions><mytracks:speed>3.143902704720168</mytracks:speed><mytracks:length>0.004369087029823957</mytracks:length></extensions></trkpt><trkpt lat="33.59467835533734" lon="130.3523164667049"><ele>0.9926568306111512</ele><time>2025-12-21T08:27:43.99900Z</time><extensions><mytracks:speed>3.291563669788857</mytracks:speed><mytracks:gradient>0.0008075441498156791</mytracks:gradient><mytracks:length>0.004568745803013674</mytracks:length></extensions></trkpt><trkpt lat="33.59469153004139" lon="130.3523695979594"><ele>1.233369219921361</ele><time>2025-12-21T08:27:48.99200Z</time><extensions><mytracks:speed>3.701599139079267</mytracks:speed><mytracks:gradient>0.0468901953154123</mytracks:gradient><mytracks:length>0.005133533517850161</mytracks:length></extensions></trkpt><trkpt lat="33.59471530342103" lon="130.3524280047839"><ele>1.826760065343201</ele><time>2025-12-21T08:27:53.99400Z</time><extensions><mytracks:speed>4.333339000638726</mytracks:speed><mytracks:gradient>0.09854579735519842</mytracks:gradient><mytracks:length>0.006021472871978722</mytracks:length></extensions></trkpt><trkpt lat="33.59472213966282" lon="130.3524854855375"><ele>2.14814459950227</ele><time>2025-12-21T08:27:58.99100Z</time><extensions><mytracks:speed>3.87434610736005</mytracks:speed><mytracks:gradient>0.05976024884110524</mytracks:gradient><mytracks:length>0.005377898191381191</mytracks:length></extensions></trkpt><trkpt lat="33.59472677088571" lon="130.352541541337"><ele>2.278300526071608</ele><time>2025-12-21T08:28:03.99300Z</time><extensions><mytracks:speed>3.754246896115512</mytracks:speed><mytracks:gradient>0.02495196047999742</mytracks:gradient><mytracks:length>0.005216260528854082</mytracks:length></extensions></trkpt><trkpt lat="33.59474283967097" lon="130.3525896606342"><ele>2.587177319173739</ele><time>2025-12-21T08:28:08.99300Z</time><extensions><mytracks:speed>3.457126063484833</mytracks:speed><mytracks:gradient>0.06432907278799474</mytracks:gradient><mytracks:length>0.004801511660522086</mytracks:length></extensions></trkpt><trkpt lat="33.59474622126733" lon="130.3526472451912"><ele>2.742627514539046</ele><time>2025-12-21T08:28:13.99100Z</time><extensions><mytracks:speed>3.851188112797152</mytracks:speed><mytracks:gradient>0.02907347642137079</mytracks:gradient><mytracks:length>0.005346804527684267</mytracks:length></extensions></trkpt><trkpt lat="33.59475455726069" lon="130.3527069213738"><ele>2.540689916824641</ele><time>2025-12-21T08:28:18.99200Z</time><extensions><mytracks:speed>4.035244448885569</mytracks:speed><mytracks:length>0.005605203818634251</mytracks:length></extensions></trkpt><trkpt lat="33.59476059382499" lon="130.3527575225143"><ele>2.081350244492129</ele><time>2025-12-21T08:28:23.99400Z</time><extensions><mytracks:speed>3.407762492445364</mytracks:speed><mytracks:length>0.004735358958953053</mytracks:length></extensions></trkpt><trkpt lat="33.59476262890661" lon="130.3528049373693"><ele>2.387134137860805</ele><time>2025-12-21T08:28:28.99900Z</time><extensions><mytracks:speed>3.162903885449249</mytracks:speed><mytracks:gradient>0.06954617353673737</mytracks:gradient><mytracks:length>0.004396847127860267</mytracks:length></extensions></trkpt><trkpt lat="33.59477068242544" lon="130.3528519378063"><ele>2.584468362803864</ele><time>2025-12-21T08:28:34.00100Z</time><extensions><mytracks:speed>3.198370072236438</mytracks:speed><mytracks:gradient>0.04440721197693152</mytracks:gradient><mytracks:length>0.004443742720114232</mytracks:length></extensions></trkpt><trkpt lat="33.59477548590164" lon="130.3528955481655"><ele>1.687044443414913</ele><time>2025-12-21T08:28:39.00200Z</time><extensions><mytracks:speed>2.932892631474676</mytracks:speed><mytracks:length>0.004074483193413006</mytracks:length></extensions></trkpt><trkpt lat="33.59477715544801" lon="130.3529538886416"><ele>1.711199235277082</ele><time>2025-12-21T08:28:44.00200Z</time><extensions><mytracks:speed>3.892918493397636</mytracks:speed><mytracks:gradient>0.004467197556022224</mytracks:gradient><mytracks:length>0.005407146552004802</mytracks:length></extensions></trkpt><trkpt lat="33.59478263353785" lon="130.3530109822239"><ele>1.59699048141612</ele><time>2025-12-21T08:28:49.00200Z</time><extensions><mytracks:speed>3.832799246846719</mytracks:speed><mytracks:length>0.005323153459639119</mytracks:length></extensions></trkpt><trkpt lat="33.59478795960077" lon="130.353066818178"><ele>1.506974395301694</ele><time>2025-12-21T08:28:54.00600Z</time><extensions><mytracks:speed>3.745585799294279</mytracks:speed><mytracks:length>0.005205883342458062</mytracks:length></extensions></trkpt><trkpt lat="33.59479946901861" lon="130.3531221840124"><ele>1.342159829210028</ele><time>2025-12-21T08:28:59.00300Z</time><extensions><mytracks:speed>3.807666833098597</mytracks:speed><mytracks:length>0.005285773687897784</mytracks:length></extensions></trkpt><trkpt lat="33.59481002450523" lon="130.3531764921906"><ele>1.439813487286855</ele><time>2025-12-21T08:29:04.00000Z</time><extensions><mytracks:speed>3.72172900680574</mytracks:speed><mytracks:gradient>0.01890347272280358</mytracks:gradient><mytracks:length>0.005165911021154658</mytracks:length></extensions></trkpt><trkpt lat="33.59481426696836" lon="130.3532255911776"><ele>1.355037246967987</ele><time>2025-12-21T08:29:09.00400Z</time><extensions><mytracks:speed>3.288230402467011</mytracks:speed><mytracks:length>0.004570718065485428</mytracks:length></extensions></trkpt><trkpt lat="33.59482449352618" lon="130.3532813537284"><ele>1.272358585705125</ele><time>2025-12-21T08:29:14.50200Z</time><extensions><mytracks:speed>3.462361992315299</mytracks:speed><mytracks:length>0.005287478501258642</mytracks:length></extensions></trkpt><trkpt lat="33.59483804021749" lon="130.3533322739936"><ele>1.239709789584097</ele><time>2025-12-21T08:29:19.50300Z</time><extensions><mytracks:speed>3.563157115294404</mytracks:speed><mytracks:length>0.004950309148418169</mytracks:length></extensions></trkpt><trkpt lat="33.59484693389071" lon="130.3533870885156"><ele>1.356475228160915</ele><time>2025-12-21T08:29:24.50200Z</time><extensions><mytracks:speed>3.725614107460949</mytracks:speed><mytracks:gradient>0.02257259545680166</mytracks:gradient><mytracks:length>0.005172884917034818</mytracks:length></extensions></trkpt><trkpt lat="33.59485291535268" lon="130.3534441911728"><ele>1.595242546679429</ele><time>2025-12-21T08:29:29.99900Z</time><extensions><mytracks:speed>3.489721572893453</mytracks:speed><mytracks:gradient>0.04480463695877013</mytracks:gradient><mytracks:length>0.005329076067243475</mytracks:length></extensions></trkpt><trkpt lat="33.5948670230239" lon="130.353495424269"><ele>1.876650113927606</ele><time>2025-12-21T08:29:34.99700Z</time><extensions><mytracks:speed>3.59985805045873</mytracks:speed><mytracks:gradient>0.05631055282669224</mytracks:gradient><mytracks:length>0.004997421497783347</mytracks:length></extensions></trkpt><trkpt lat="33.59487199284256" lon="130.3535465421242"><ele>1.844714225105822</ele><time>2025-12-21T08:29:40.00000Z</time><extensions><mytracks:speed>3.429557205880255</mytracks:speed><mytracks:length>0.004766659619328137</mytracks:length></extensions></trkpt><trkpt lat="33.59487935977784" lon="130.3535990931746"><ele>1.70524533673725</ele><time>2025-12-21T08:29:44.99900Z</time><extensions><mytracks:speed>3.556024741640043</mytracks:speed><mytracks:length>0.004937548249254289</mytracks:length></extensions></trkpt><trkpt lat="33.59489003861913" lon="130.353650158517"><ele>1.751424940761796</ele><time>2025-12-21T08:29:50.00200Z</time><extensions><mytracks:speed>3.509532885533893</mytracks:speed><mytracks:gradient>0.009468971114738912</mytracks:gradient><mytracks:length>0.004876940003826276</mytracks:length></extensions></trkpt><trkpt lat="33.59490526040767" lon="130.3537012364936"><ele>1.846940691686944</ele><time>2025-12-21T08:29:55.00200Z</time><extensions><mytracks:speed>3.618052337923047</mytracks:speed><mytracks:gradient>0.0190069840851256</mytracks:gradient><mytracks:length>0.005025297569428489</mytracks:length></extensions></trkpt><trkpt lat="33.59491142061833" lon="130.3537539654827"><ele>1.624590750067354</ele><time>2025-12-21T08:29:59.99800Z</time><extensions><mytracks:speed>3.553531693916055</mytracks:speed><mytracks:length>0.004932069185333345</mytracks:length></extensions></trkpt><trkpt lat="33.59492201938058" lon="130.3538057296199"><ele>1.968104911646171</ele><time>2025-12-21T08:30:04.99700Z</time><extensions><mytracks:speed>3.556038565046788</mytracks:speed><mytracks:gradient>0.06957180856525265</mytracks:gradient><mytracks:length>0.004937548249254289</mytracks:length></extensions></trkpt><trkpt lat="33.59493211976729" lon="130.3538544019472"><ele>2.018084841802491</ele><time>2025-12-21T08:30:09.99900Z</time><extensions><mytracks:speed>3.343664234386408</mytracks:speed><mytracks:gradient>0.01075759445965613</mytracks:gradient><mytracks:length>0.004646013599393218</mytracks:length></extensions></trkpt><trkpt lat="33.59494044689886" lon="130.353906139458"><ele>2.012844135314811</ele><time>2025-12-21T08:30:14.99500Z</time><extensions><mytracks:speed>3.517923894410374</mytracks:speed><mytracks:length>0.004881557881959459</mytracks:length></extensions></trkpt><trkpt lat="33.59494796657311" lon="130.3539567238825"><ele>1.869279351517562</ele><time>2025-12-21T08:30:19.99800Z</time><extensions><mytracks:speed>3.42482947474293</mytracks:speed><mytracks:length>0.004760037284615972</mytracks:length></extensions></trkpt><trkpt lat="33.59495537820841" lon="130.3540082215035"><ele>1.687124076520302</ele><time>2025-12-21T08:30:24.99700Z</time><extensions><mytracks:speed>3.486420909017086</mytracks:speed><mytracks:length>0.004840769368574084</mytracks:length></extensions></trkpt><trkpt lat="33.59495973874369" lon="130.3540575885191"><ele>1.704833461060126</ele><time>2025-12-21T08:30:29.99800Z</time><extensions><mytracks:speed>3.309892316555</mytracks:speed><mytracks:gradient>0.003851338991815563</mytracks:gradient><mytracks:length>0.004598240917628381</mytracks:length></extensions></trkpt><trkpt lat="33.59497059974584" lon="130.354105259118"><ele>1.798867521441656</ele><time>2025-12-21T08:30:34.99900Z</time><extensions><mytracks:speed>3.294597027521242</mytracks:speed><mytracks:gradient>0.02054657366883561</mytracks:gradient><mytracks:length>0.00457662975331785</mytracks:length></extensions></trkpt><trkpt lat="33.59498123333149" lon="130.3541558636323"><ele>1.809636230050561</ele><time>2025-12-21T08:30:39.99800Z</time><extensions><mytracks:speed>3.481480875775055</mytracks:speed><mytracks:gradient>0.002227586869703429</mytracks:gradient><mytracks:length>0.004834248556303853</mytracks:length></extensions></trkpt><trkpt lat="33.59499505580843" lon="130.3542071457731"><ele>1.939029543755516</ele><time>2025-12-21T08:30:44.99500Z</time><extensions><mytracks:speed>3.596937395571998</mytracks:speed><mytracks:gradient>0.02591540673691215</mytracks:gradient><mytracks:length>0.004992910781548942</mytracks:length></extensions></trkpt><trkpt lat="33.59500427303665" lon="130.3542576784557"><ele>1.974151976364818</ele><time>2025-12-21T08:30:49.99900Z</time><extensions><mytracks:speed>3.447264798386084</mytracks:speed><mytracks:gradient>0.007329209877561389</mytracks:gradient><mytracks:length>0.004792117185350398</mytracks:length></extensions></trkpt><trkpt lat="33.59502046166006" lon="130.3543148056878"><ele>1.923002210373943</ele><time>2025-12-21T08:30:55.00000Z</time><extensions><mytracks:speed>4.023336100481496</mytracks:speed><mytracks:length>0.005589101504932085</mytracks:length></extensions></trkpt><trkpt lat="33.59503362364684" lon="130.3543690571789"><ele>2.074104643206702</ele><time>2025-12-21T08:30:59.99700Z</time><extensions><mytracks:speed>3.77031811552607</mytracks:speed><mytracks:gradient>0.02887210104127917</mytracks:gradient><mytracks:length>0.00523351011472023</mytracks:length></extensions></trkpt><trkpt lat="33.59504573747732" lon="130.3544254168711"><ele>2.015759429394786</ele><time>2025-12-21T08:31:04.99900Z</time><extensions><mytracks:speed>3.879833268773906</mytracks:speed><mytracks:length>0.005390452635805227</mytracks:length></extensions></trkpt><trkpt lat="33.59505591687379" lon="130.3544786144749"><ele>2.040453834221811</ele><time>2025-12-21T08:31:09.99900Z</time><extensions><mytracks:speed>3.639444140864039</mytracks:speed><mytracks:gradient>0.004885334597984741</mytracks:gradient><mytracks:length>0.005054803172993031</mytracks:length></extensions></trkpt><trkpt lat="33.5950641776497" lon="130.354529727526"><ele>1.961209917886856</ele><time>2025-12-21T08:31:15.00200Z</time><extensions><mytracks:speed>3.468887728086659</mytracks:speed><mytracks:length>0.004821180472967939</mytracks:length></extensions></trkpt><trkpt lat="33.5950754043071" lon="130.3545812743819"><ele>1.957983473337256</ele><time>2025-12-21T08:31:20.00000Z</time><extensions><mytracks:speed>3.554397763451152</mytracks:speed><mytracks:length>0.004933896216025881</mytracks:length></extensions></trkpt><trkpt lat="33.59508338008838" lon="130.3546302881577"><ele>1.784735994516371</ele><time>2025-12-21T08:31:25.00000Z</time><extensions><mytracks:speed>3.329772410182371</mytracks:speed><mytracks:length>0.004624625685193241</mytracks:length></extensions></trkpt><trkpt lat="33.59509194162919" lon="130.3546829976969"><ele>1.614509434090579</ele><time>2025-12-21T08:31:30.00500Z</time><extensions><mytracks:speed>3.577125576184158</mytracks:speed><mytracks:length>0.004973921103687702</mytracks:length></extensions></trkpt><trkpt lat="33.59510751127698" lon="130.3547383322397"><ele>1.719597191659036</ele><time>2025-12-21T08:31:35.00200Z</time><extensions><mytracks:speed>3.896948047448322</mytracks:speed><mytracks:gradient>0.01942898662528535</mytracks:gradient><mytracks:length>0.005408813109773456</mytracks:length></extensions></trkpt><trkpt lat="33.59511927736888" lon="130.3547909955824"><ele>1.676921711798878</ele><time>2025-12-21T08:31:40.00000Z</time><extensions><mytracks:speed>3.637133335859688</mytracks:speed><mytracks:length>0.005049451341769821</mytracks:length></extensions></trkpt><trkpt lat="33.59512923158515" lon="130.3548431448965"><ele>1.901454400119579</ele><time>2025-12-21T08:31:45.00000Z</time><extensions><mytracks:speed>3.567393015456196</mytracks:speed><mytracks:gradient>0.04531565969574112</mytracks:gradient><mytracks:length>0.004954858647722667</mytracks:length></extensions></trkpt><trkpt lat="33.59514092631758" lon="130.3548938694438"><ele>1.955180870605043</ele><time>2025-12-21T08:31:50.00000Z</time><extensions><mytracks:speed>3.509629807232217</mytracks:speed><mytracks:gradient>0.01102269752664966</mytracks:gradient><mytracks:length>0.004874167176915596</mytracks:length></extensions></trkpt><trkpt lat="33.59514742283552" lon="130.3549409675362"><ele>1.750873011036671</ele><time>2025-12-21T08:31:55.00200Z</time><extensions><mytracks:speed>3.181746503207389</mytracks:speed><mytracks:length>0.004421376451397297</mytracks:length></extensions></trkpt><trkpt lat="33.59516316518208" lon="130.3549877348255"><ele>1.826212552337361</ele><time>2025-12-21T08:32:00.00300Z</time><extensions><mytracks:speed>3.36432625228312</mytracks:speed><mytracks:gradient>0.01612198626479585</mytracks:gradient><mytracks:length>0.004673093008719577</mytracks:length></extensions></trkpt><trkpt lat="33.59517838039725" lon="130.355037666743"><ele>2.011702592665422</ele><time>2025-12-21T08:32:05.00100Z</time><extensions><mytracks:speed>3.546979702024059</mytracks:speed><mytracks:gradient>0.03766483150490878</mytracks:gradient><mytracks:length>0.004924754284481163</mytracks:length></extensions></trkpt><trkpt lat="33.59519388267396" lon="130.3550875219702"><ele>2.237702314525205</ele><time>2025-12-21T08:32:09.99600Z</time><extensions><mytracks:speed>3.552405042175724</mytracks:speed><mytracks:gradient>0.04584798389621358</mytracks:gradient><mytracks:length>0.004929327369582491</mytracks:length></extensions></trkpt><trkpt lat="33.59520508032179" lon="130.3551371303279"><ele>2.121785830553431</ele><time>2025-12-21T08:32:15.00000Z</time><extensions><mytracks:speed>3.42542658033057</mytracks:speed><mytracks:length>0.004760983896395165</mytracks:length></extensions></trkpt><trkpt lat="33.59521588777896" lon="130.3551894441754"><ele>2.255190809613942</ele><time>2025-12-21T08:32:19.99800Z</time><extensions><mytracks:speed>3.595630779326582</mytracks:speed><mytracks:gradient>0.026723710193024</mytracks:gradient><mytracks:length>0.004992008149202862</mytracks:length></extensions></trkpt><trkpt lat="33.59522210421944" lon="130.3552436976525"><ele>2.298037208999342</ele><time>2025-12-21T08:32:24.99600Z</time><extensions><mytracks:speed>3.654016298743946</mytracks:speed><mytracks:gradient>0.008446631692114641</mytracks:gradient><mytracks:length>0.005072601830786476</mytracks:length></extensions></trkpt><trkpt lat="33.59523395506623" lon="130.3552983394596"><ele>2.465643279521065</ele><time>2025-12-21T08:32:29.99500Z</time><extensions><mytracks:speed>3.765923700709962</mytracks:speed><mytracks:gradient>0.03204665306619688</mytracks:gradient><mytracks:length>0.005230064748899328</mytracks:length></extensions></trkpt><trkpt lat="33.59524856606987" lon="130.3553521430619"><ele>2.588550772922817</ele><time>2025-12-21T08:32:34.99600Z</time><extensions><mytracks:speed>3.772847413455016</mytracks:speed><mytracks:gradient>0.02345386476878462</mytracks:gradient><mytracks:length>0.005240394050763561</mytracks:length></extensions></trkpt><trkpt lat="33.59526023893321" lon="130.3554019882992"><ele>2.867374138728847</ele><time>2025-12-21T08:32:40.00200Z</time><extensions><mytracks:speed>3.447993009343308</mytracks:speed><mytracks:gradient>0.05814953127133892</mytracks:gradient><mytracks:length>0.004794937460544225</mytracks:length></extensions></trkpt><trkpt lat="33.595271750697" lon="130.3554528726483"><ele>2.831059266970684</ele><time>2025-12-21T08:32:44.99800Z</time><extensions><mytracks:speed>3.519538991752949</mytracks:speed><mytracks:length>0.004884326513176633</mytracks:length></extensions></trkpt><trkpt lat="33.59528335599369" lon="130.3555057293418"><ele>2.392213484855093</ele><time>2025-12-21T08:32:49.99800Z</time><extensions><mytracks:speed>3.644274829310986</mytracks:speed><mytracks:length>0.005061930146110233</mytracks:length></extensions></trkpt><trkpt lat="33.59529929656825" lon="130.3555588943623"><ele>1.935187910907736</ele><time>2025-12-21T08:32:55.00000Z</time><extensions><mytracks:speed>3.765933349422147</mytracks:speed><mytracks:length>0.005231787715425691</mytracks:length></extensions></trkpt><trkpt lat="33.595309845938" lon="130.3556061172088"><ele>1.914567217862969</ele><time>2025-12-21T08:32:59.99400Z</time><extensions><mytracks:speed>3.263931740515089</mytracks:speed><mytracks:length>0.00452812511639855</mytracks:length></extensions></trkpt><trkpt lat="33.59531960357369" lon="130.3556558978541"><ele>1.43110473808534</ele><time>2025-12-21T08:33:05.00100Z</time><extensions><mytracks:speed>3.405463297544535</mytracks:speed><mytracks:length>0.004736310503011478</mytracks:length></extensions></trkpt><trkpt lat="33.59533105528839" lon="130.355705330987"><ele>1.353980535514987</ele><time>2025-12-21T08:33:10.00200Z</time><extensions><mytracks:speed>3.42202142154451</mytracks:speed><mytracks:length>0.004753405723829487</mytracks:length></extensions></trkpt><trkpt lat="33.59534770353115" lon="130.3557527890777"><ele>1.365028065212487</ele><time>2025-12-21T08:33:15.00200Z</time><extensions><mytracks:speed>3.433931894755532</mytracks:speed><mytracks:gradient>0.00231628921258193</mytracks:gradient><mytracks:length>0.004769494947993252</mytracks:length></extensions></trkpt><trkpt lat="33.59536678160931" lon="130.3558013965436"><ele>1.547764982476193</ele><time>2025-12-21T08:33:19.99900Z</time><extensions><mytracks:speed>3.585992102344316</mytracks:speed><mytracks:gradient>0.03671226727137451</mytracks:gradient><mytracks:length>0.004977543770667362</mytracks:length></extensions></trkpt><trkpt lat="33.59538247781379" lon="130.3558535567965"><ele>1.540506470392288</ele><time>2025-12-21T08:33:25.49900Z</time><extensions><mytracks:speed>3.361875671327581</mytracks:speed><mytracks:length>0.00513616632434063</mytracks:length></extensions></trkpt><trkpt lat="33.59540331074849" lon="130.3559112972013"><ele>1.834700740967167</ele><time>2025-12-21T08:33:31.50100Z</time><extensions><mytracks:speed>3.494909347097833</mytracks:speed><mytracks:gradient>0.05048368470824061</mytracks:gradient><mytracks:length>0.005827511844175214</mytracks:length></extensions></trkpt><trkpt lat="33.5954151718089" lon="130.3559630090302"><ele>2.011911438024862</ele><time>2025-12-21T08:33:36.49600Z</time><extensions><mytracks:speed>3.58093076380777</mytracks:speed><mytracks:gradient>0.0356669686407163</mytracks:gradient><mytracks:length>0.004968482150608021</mytracks:length></extensions></trkpt><trkpt lat="33.59542350639829" lon="130.3560140311351"><ele>2.213840175978868</ele><time>2025-12-21T08:33:42.00200Z</time><extensions><mytracks:speed>3.149242969849283</mytracks:speed><mytracks:gradient>0.04192433106787822</mytracks:gradient><mytracks:length>0.004816504707661758</mytracks:length></extensions></trkpt><trkpt lat="33.59543196837809" lon="130.3560581079339"><ele>2.281479777907814</ele><time>2025-12-21T08:33:46.99600Z</time><extensions><mytracks:speed>3.019687317551944</mytracks:speed><mytracks:gradient>0.01614694438570524</mytracks:gradient><mytracks:length>0.004189003214058681</mytracks:length></extensions></trkpt><trkpt lat="33.5954375554094" lon="130.3561061955114"><ele>1.924172852767143</ele><time>2025-12-21T08:33:52.00000Z</time><extensions><mytracks:speed>3.235456180140463</mytracks:speed><mytracks:length>0.004497168335181889</mytracks:length></extensions></trkpt><trkpt lat="33.59544183333367" lon="130.3561578837855"><ele>1.757148648645952</ele><time>2025-12-21T08:33:57.00100Z</time><extensions><mytracks:speed>3.462683331345456</mytracks:speed><mytracks:length>0.004809951000096427</mytracks:length></extensions></trkpt><trkpt lat="33.5954431613142" lon="130.3561889445666"><ele>1.884732899368276</ele><time>2025-12-21T08:34:01.99700Z</time><extensions><mytracks:speed>2.074908807421642</mytracks:speed><mytracks:gradient>0.04430731531977582</mytracks:gradient><mytracks:length>0.002879530158880522</mytracks:length></extensions></trkpt><trkpt lat="33.59544957230921" lon="130.3562306628362"><ele>2.656373900361359</ele><time>2025-12-21T08:34:16.00000Z</time><extensions><mytracks:speed>1.010169902890016</mytracks:speed><mytracks:gradient>0.1963852638015094</mytracks:gradient><mytracks:length>0.003929220482515414</mytracks:length></extensions></trkpt><trkpt lat="33.5954442074698" lon="130.3562635966705"><ele>3.616594012833131</ele><time>2025-12-21T08:34:20.99300Z</time><extensions><mytracks:speed>2.242010079732138</mytracks:speed><mytracks:gradient>0.3087757743548331</mytracks:gradient><mytracks:length>0.003109765053550878</mytracks:length></extensions></trkpt><trkpt lat="33.59543377484297" lon="130.3563028436409"><ele>4.039975576598593</ele><time>2025-12-21T08:34:25.99700Z</time><extensions><mytracks:speed>2.744867195916088</mytracks:speed><mytracks:gradient>0.110973162198313</mytracks:gradient><mytracks:length>0.003815170761817747</mytracks:length></extensions></trkpt><trkpt lat="33.59542358410872" lon="130.3563397697117"><ele>4.356825253264984</ele><time>2025-12-21T08:34:30.99900Z</time><extensions><mytracks:speed>2.592718951392191</mytracks:speed><mytracks:gradient>0.08795171339681752</mytracks:gradient><mytracks:length>0.003602541263031902</mytracks:length></extensions></trkpt><trkpt lat="33.59542496904957" lon="130.3563864805289"><ele>4.387106413845263</ele><time>2025-12-21T08:34:36.00100Z</time><extensions><mytracks:speed>3.11557459319729</mytracks:speed><mytracks:gradient>0.006995480555707177</mytracks:gradient><mytracks:length>0.004328674826431299</mytracks:length></extensions></trkpt><trkpt lat="33.59542388331637" lon="130.3564270246935"><ele>3.889709765894403</ele><time>2025-12-21T08:34:41.00700Z</time><extensions><mytracks:speed>2.702315736649648</mytracks:speed><mytracks:length>0.00375804707573416</mytracks:length></extensions></trkpt><trkpt lat="33.59543287952882" lon="130.3564665247431"><ele>3.779179313777762</ele><time>2025-12-21T08:34:46.00100Z</time><extensions><mytracks:speed>2.733953149401416</mytracks:speed><mytracks:length>0.003792662183299616</mytracks:length></extensions></trkpt><trkpt lat="33.59544296909232" lon="130.3565048828923"><ele>3.882539893971169</ele><time>2025-12-21T08:34:51.00100Z</time><extensions><mytracks:speed>2.683068212362066</mytracks:speed><mytracks:gradient>0.0277348551026854</mytracks:gradient><mytracks:length>0.003726739505604976</mytracks:length></extensions></trkpt><trkpt lat="33.59545198537763" lon="130.356547227472"><ele>3.858467448107763</ele><time>2025-12-21T08:34:56.00900Z</time><extensions><mytracks:speed>2.911885978377838</mytracks:speed><mytracks:length>0.004050078228356505</mytracks:length></extensions></trkpt><trkpt lat="33.59545780821309" lon="130.3565882794905"><ele>3.764127150205882</ele><time>2025-12-21T08:35:00.99800Z</time><extensions><mytracks:speed>2.782454943738848</mytracks:speed><mytracks:length>0.003856290033156909</mytracks:length></extensions></trkpt><trkpt lat="33.59547683159088" lon="130.3566306784057"><ele>3.304381453634203</ele><time>2025-12-21T08:35:06.00100Z</time><extensions><mytracks:speed>3.209145396857717</mytracks:speed><mytracks:length>0.004459938647040623</mytracks:length></extensions></trkpt><trkpt lat="33.59549380579966" lon="130.356678800934"><ele>2.888350426026993</ele><time>2025-12-21T08:35:11.00200Z</time><extensions><mytracks:speed>3.485376476663218</mytracks:speed><mytracks:length>0.004841700196266291</mytracks:length></extensions></trkpt><trkpt lat="33.59550833906465" lon="130.3567259970165"><ele>2.615945541353144</ele><time>2025-12-21T08:35:16.00200Z</time><extensions><mytracks:speed>3.355573514474154</mytracks:speed><mytracks:length>0.004660539993149415</mytracks:length></extensions></trkpt><trkpt lat="33.5955194961963" lon="130.3567739997824"><ele>2.564507270050593</ele><time>2025-12-21T08:35:21.00000Z</time><extensions><mytracks:speed>3.324857540559119</mytracks:speed><mytracks:length>0.00461584752033145</mytracks:length></extensions></trkpt><trkpt lat="33.59553060987314" lon="130.3568230649117"><ele>2.445910542446119</ele><time>2025-12-21T08:35:26.00300Z</time><extensions><mytracks:speed>3.388993799203655</mytracks:speed><mytracks:length>0.004709594598109245</mytracks:length></extensions></trkpt><trkpt lat="33.59554640585457" lon="130.3568772893077"><ele>2.148545370084665</ele><time>2025-12-21T08:35:31.50300Z</time><extensions><mytracks:speed>3.482556301331882</mytracks:speed><mytracks:length>0.005320613181059889</mytracks:length></extensions></trkpt><trkpt lat="33.59556705195764" lon="130.3569478914644"><ele>2.672837581617932</ele><time>2025-12-21T08:35:37.50100Z</time><extensions><mytracks:speed>4.159686232975715</mytracks:speed><mytracks:gradient>0.07565242057878595</mytracks:gradient><mytracks:length>0.006930276751518591</mytracks:length></extensions></trkpt><trkpt lat="33.595584383311" lon="130.3570035663294"><ele>2.810938610554231</ele><time>2025-12-21T08:35:43.00000Z</time><extensions><mytracks:speed>3.603239243061853</mytracks:speed><mytracks:gradient>0.02508824845663175</mytracks:gradient><mytracks:length>0.005504610223189742</mytracks:length></extensions></trkpt><trkpt lat="33.5956025124577" lon="130.3570494154158"><ele>3.214822674850253</ele><time>2025-12-21T08:35:47.99600Z</time><extensions><mytracks:speed>3.388217845906929</mytracks:speed><mytracks:gradient>0.08589744103877762</mytracks:gradient><mytracks:length>0.004701933601417679</mytracks:length></extensions></trkpt><trkpt lat="33.59562347943669" lon="130.3571028839807"><ele>3.601873221613771</ele><time>2025-12-21T08:35:53.00200Z</time><extensions><mytracks:speed>3.937142707095601</mytracks:speed><mytracks:gradient>0.07070402579419563</mytracks:gradient><mytracks:length>0.005474236331183456</mytracks:length></extensions></trkpt><trkpt lat="33.59564414616987" lon="130.357160563452"><ele>3.828629614730036</ele><time>2025-12-21T08:35:58.00000Z</time><extensions><mytracks:speed>4.187476496003035</mytracks:speed><mytracks:gradient>0.03899943276652564</mytracks:gradient><mytracks:length>0.005814351056687598</mytracks:length></extensions></trkpt><trkpt lat="33.59566006687671" lon="130.3572140294099"><ele>3.922926927298659</ele><time>2025-12-21T08:36:02.99300Z</time><extensions><mytracks:speed>3.79194368198827</mytracks:speed><mytracks:gradient>0.01792970539502519</mytracks:gradient><mytracks:length>0.005259278414847021</mytracks:length></extensions></trkpt><trkpt lat="33.5956728167461" lon="130.3572625237348"><ele>3.712035518893591</ele><time>2025-12-21T08:36:08.00000Z</time><extensions><mytracks:speed>3.387243135145407</mytracks:speed><mytracks:length>0.004710551346640824</mytracks:length></extensions></trkpt><trkpt lat="33.59570328742015" lon="130.3573114512001"><ele>4.212673075076352</ele><time>2025-12-21T08:36:12.99800Z</time><extensions><mytracks:speed>4.0748841553978</mytracks:speed><mytracks:gradient>0.08848287583716348</mytracks:gradient><mytracks:length>0.005658016327408845</mytracks:length></extensions></trkpt><trkpt lat="33.59572074062875" lon="130.3573612245019"><ele>4.335345847236753</ele><time>2025-12-21T08:36:18.00200Z</time><extensions><mytracks:speed>3.597921202959691</mytracks:speed><mytracks:gradient>0.02452951537559027</mytracks:gradient><mytracks:length>0.005001027141468713</mytracks:length></extensions></trkpt><trkpt lat="33.59573320891135" lon="130.357409603387"><ele>4.122534879561033</ele><time>2025-12-21T08:36:22.99500Z</time><extensions><mytracks:speed>3.383361756540632</mytracks:speed><mytracks:length>0.004692339766485551</mytracks:length></extensions></trkpt><trkpt lat="33.59574741191481" lon="130.3574575229697"><ele>3.802053003536108</ele><time>2025-12-21T08:36:28.00000Z</time><extensions><mytracks:speed>3.388367590060675</mytracks:speed><mytracks:length>0.004710551346640824</mytracks:length></extensions></trkpt><trkpt lat="33.59576556309497" lon="130.3575045139091"><ele>3.624515748749069</ele><time>2025-12-21T08:36:33.00100Z</time><extensions><mytracks:speed>3.452870816976304</mytracks:speed><mytracks:length>0.004796816722799621</mytracks:length></extensions></trkpt><trkpt lat="33.59577868450547" lon="130.3575529779559"><ele>3.733755023882205</ele><time>2025-12-21T08:36:38.00200Z</time><extensions><mytracks:speed>3.397797559057212</mytracks:speed><mytracks:gradient>0.02314338385790535</mytracks:gradient><mytracks:length>0.004720108165851565</mytracks:length></extensions></trkpt><trkpt lat="33.59578842266153" lon="130.3575985363581"><ele>3.276128847896842</ele><time>2025-12-21T08:36:42.99700Z</time><extensions><mytracks:speed>3.139149482995991</mytracks:speed><mytracks:length>0.004355657956471938</mytracks:length></extensions></trkpt><trkpt lat="33.59579851932121" lon="130.3576460466012"><ele>2.839929020552217</ele><time>2025-12-21T08:36:47.99400Z</time><extensions><mytracks:speed>3.271280226489075</mytracks:speed><mytracks:length>0.004541044187206067</mytracks:length></extensions></trkpt><trkpt lat="33.59581610515355" lon="130.3576957907393"><ele>2.624872340316824</ele><time>2025-12-21T08:36:53.00100Z</time><extensions><mytracks:speed>3.599023267531898</mytracks:speed><mytracks:length>0.005005530543679281</mytracks:length></extensions></trkpt><trkpt lat="33.59583408587729" lon="130.3577470070801"><ele>3.318096429551129</ele><time>2025-12-21T08:36:57.99100Z</time><extensions><mytracks:speed>3.713985215975743</mytracks:speed><mytracks:gradient>0.1346704349632618</mytracks:gradient><mytracks:length>0.005147559591854122</mytracks:length></extensions></trkpt><trkpt lat="33.59584957518517" lon="130.3577945005987"><ele>3.24195955581527</ele><time>2025-12-21T08:37:02.99600Z</time><extensions><mytracks:speed>3.397652912127162</mytracks:speed><mytracks:length>0.004723925479994175</mytracks:length></extensions></trkpt><trkpt lat="33.59585746013567" lon="130.3578186560622"><ele>3.478804024729826</ele><time>2025-12-21T08:37:07.99700Z</time><extensions><mytracks:speed>1.728955329064537</mytracks:speed><mytracks:gradient>0.09861558201080646</mytracks:gradient><mytracks:length>0.002401694175354584</mytracks:length></extensions></trkpt><trkpt lat="33.59585032104087" lon="130.3578541882988"><ele>3.125276777121372</ele><time>2025-12-21T08:37:12.99800Z</time><extensions><mytracks:speed>2.436233434916572</mytracks:speed><mytracks:length>0.003384546561456254</mytracks:length></extensions></trkpt><trkpt lat="33.59585337739384" lon="130.357905667973"><ele>3.008134139930856</ele><time>2025-12-21T08:37:18.00600Z</time><extensions><mytracks:speed>3.436210926033102</mytracks:speed><mytracks:length>0.004779876763864523</mytracks:length></extensions></trkpt><trkpt lat="33.59585098800699" lon="130.3579524069949"><ele>2.915470262062482</ele><time>2025-12-21T08:37:23.00000Z</time><extensions><mytracks:speed>3.126650583362282</mytracks:speed><mytracks:length>0.00433699520859537</mytracks:length></extensions></trkpt><trkpt lat="33.59584854323716" lon="130.3580002937925"><ele>3.101882470668367</ele><time>2025-12-21T08:37:27.98800Z</time><extensions><mytracks:speed>3.207465488874957</mytracks:speed><mytracks:gradient>0.04193980040262831</mytracks:gradient><mytracks:length>0.004444756694507375</mytracks:length></extensions></trkpt><trkpt lat="33.59582462321136" lon="130.3580444450263"><ele>2.722644265892273</ele><time>2025-12-21T08:37:32.99500Z</time><extensions><mytracks:speed>3.508227154555474</mytracks:speed><mytracks:length>0.004878787679590169</mytracks:length></extensions></trkpt><trkpt lat="33.59584130227003" lon="130.3580971953164"><ele>2.425177319875728</ele><time>2025-12-21T08:37:38.50100Z</time><extensions><mytracks:speed>3.417728603419479</mytracks:speed><mytracks:length>0.005227479234323145</mytracks:length></extensions></trkpt><trkpt lat="33.59585996556712" lon="130.3581482716098"><ele>2.34887616988454</ele><time>2025-12-21T08:37:43.49600Z</time><extensions><mytracks:speed>3.723394199302737</mytracks:speed><mytracks:length>0.00516678327291624</mytracks:length></extensions></trkpt><trkpt lat="33.59590340847812" lon="130.3582163011309"><ele>2.561760096468649</ele><time>2025-12-21T08:37:48.99000Z</time><extensions><mytracks:speed>5.202651840073897</mytracks:speed><mytracks:gradient>0.02681342798376188</mytracks:gradient><mytracks:length>0.007939452080242425</mytracks:length></extensions></trkpt><trkpt lat="33.59592349803676" lon="130.3582620007277"><ele>2.919336784039891</ele><time>2025-12-21T08:37:53.99900Z</time><extensions><mytracks:speed>3.439551561599122</mytracks:speed><mytracks:gradient>0.07472039285622607</mytracks:gradient><mytracks:length>0.004785530079576489</mytracks:length></extensions></trkpt><trkpt lat="33.5959378132054" lon="130.3583034628537"><ele>3.626271362331738</ele><time>2025-12-21T08:37:58.99900Z</time><extensions><mytracks:speed>2.992949463500841</mytracks:speed><mytracks:gradient>0.1700749886186384</mytracks:gradient><mytracks:length>0.004156605177713795</mytracks:length></extensions></trkpt><trkpt lat="33.59593545754911" lon="130.3583569175686"><ele>3.308530371522505</ele><time>2025-12-21T08:38:04.00600Z</time><extensions><mytracks:speed>3.564015923020664</mytracks:speed><mytracks:length>0.004957586343303743</mytracks:length></extensions></trkpt><trkpt lat="33.59594366582348" lon="130.3584115725339"><ele>3.18746621961691</ele><time>2025-12-21T08:38:09.00600Z</time><extensions><mytracks:speed>3.703774042131399</mytracks:speed><mytracks:length>0.005144056658755791</mytracks:length></extensions></trkpt><trkpt lat="33.59594495148695" lon="130.3584691575554"><ele>3.966883466430672</ele><time>2025-12-21T08:38:14.00500Z</time><extensions><mytracks:speed>3.842907302921896</mytracks:speed><mytracks:gradient>0.1460721699118834</mytracks:gradient><mytracks:length>0.005335836711975578</mytracks:length></extensions></trkpt><trkpt lat="33.59595112208637" lon="130.3585144660371"><ele>4.087677284532615</ele><time>2025-12-21T08:38:18.99600Z</time><extensions><mytracks:speed>3.066271086292312</mytracks:speed><mytracks:gradient>0.0284157944484444</mytracks:gradient><mytracks:length>0.00425093932605346</mytracks:length></extensions></trkpt><trkpt lat="33.59598294304357" lon="130.3585404246863"><ele>3.872278646508938</ele><time>2025-12-21T08:38:23.99900Z</time><extensions><mytracks:speed>3.077462920026666</mytracks:speed><mytracks:length>0.004277359340035065</mytracks:length></extensions></trkpt><trkpt lat="33.59600324281227" lon="130.3585660675633"><ele>3.838027642535831</ele><time>2025-12-21T08:38:29.00100Z</time><extensions><mytracks:speed>2.357300208439936</mytracks:speed><mytracks:length>0.003274923793292589</mytracks:length></extensions></trkpt><trkpt lat="33.5960101254659" lon="130.3586020149219"><ele>3.130314292151341</ele><time>2025-12-21T08:38:33.99800Z</time><extensions><mytracks:speed>2.460317106399713</mytracks:speed><mytracks:length>0.003415032616983757</mytracks:length></extensions></trkpt><trkpt lat="33.59601958520025" lon="130.358650219788"><ele>3.05664191775703</ele><time>2025-12-21T08:38:38.99700Z</time><extensions><mytracks:speed>3.302722202283055</mytracks:speed><mytracks:length>0.004586465633464745</mytracks:length></extensions></trkpt><trkpt lat="33.5960383695449" lon="130.3587020292458"><ele>2.810781819541819</ele><time>2025-12-21T08:38:43.99700Z</time><extensions><mytracks:speed>3.767418256027694</mytracks:speed><mytracks:length>0.005232648985941926</mytracks:length></extensions></trkpt><trkpt lat="33.5960437034325" lon="130.3587493028568"><ele>2.82924273361337</ele><time>2025-12-21T08:38:49.00100Z</time><extensions><mytracks:speed>3.178417516107822</mytracks:speed><mytracks:gradient>0.004178267654299902</mytracks:gradient><mytracks:length>0.004418317733320101</mytracks:length></extensions></trkpt><trkpt lat="33.59605697431655" lon="130.3587997223248"><ele>1.946519949534006</ele><time>2025-12-21T08:38:53.99800Z</time><extensions><mytracks:speed>3.528806873985876</mytracks:speed><mytracks:length>0.004898146195176152</mytracks:length></extensions></trkpt><trkpt lat="33.59607003974931" lon="130.3588416031733"><ele>2.382425489227876</ele><time>2025-12-21T08:38:58.99400Z</time><extensions><mytracks:speed>2.984687118842358</mytracks:speed><mytracks:gradient>0.1052556157685809</mytracks:gradient><mytracks:length>0.004141399359177837</mytracks:length></extensions></trkpt><trkpt lat="33.59608403516096" lon="130.3588922352575"><ele>2.271499286375636</ele><time>2025-12-21T08:39:04.00000Z</time><extensions><mytracks:speed>3.552559847765234</mytracks:speed><mytracks:length>0.004940285502490091</mytracks:length></extensions></trkpt><trkpt lat="33.59609709646599" lon="130.3589356782583"><ele>2.261495419254593</ele><time>2025-12-21T08:39:09.00000Z</time><extensions><mytracks:speed>3.079798293346884</mytracks:speed><mytracks:length>0.004277359340035065</mytracks:length></extensions></trkpt><trkpt lat="33.59611693224947" lon="130.35898414778"><ele>2.137028986214195</ele><time>2025-12-21T08:39:13.99900Z</time><extensions><mytracks:speed>3.60124869438332</mytracks:speed><mytracks:length>0.005001027141468713</mytracks:length></extensions></trkpt><trkpt lat="33.59614772871031" lon="130.3590305410245"><ele>2.427929841711465</ele><time>2025-12-21T08:39:18.99800Z</time><extensions><mytracks:speed>3.956701672674979</mytracks:speed><mytracks:gradient>0.05294923706885587</mytracks:gradient><mytracks:length>0.005493957450585724</mytracks:length></extensions></trkpt><trkpt lat="33.59617687413018" lon="130.3590738277475"><ele>2.64152102726649</ele><time>2025-12-21T08:39:23.99400Z</time><extensions><mytracks:speed>3.71364999861285</mytracks:speed><mytracks:gradient>0.04143734000869762</mytracks:gradient><mytracks:length>0.005154558316489253</mytracks:length></extensions></trkpt><trkpt lat="33.59620029157983" lon="130.3591138403501"><ele>2.59413426707559</ele><time>2025-12-21T08:39:29.00200Z</time><extensions><mytracks:speed>3.256669072691952</mytracks:speed><mytracks:length>0.004530115063810097</mytracks:length></extensions></trkpt><trkpt lat="33.5962251144267" lon="130.3591618958607"><ele>2.764779151755179</ele><time>2025-12-21T08:39:34.00500Z</time><extensions><mytracks:speed>3.769570159461245</mytracks:speed><mytracks:gradient>0.03257406119462176</mytracks:gradient><mytracks:length>0.005238673914806907</mytracks:length></extensions></trkpt><trkpt lat="33.59624608424467" lon="130.3592094400821"><ele>2.134817193137062</ele><time>2025-12-21T08:39:38.99800Z</time><extensions><mytracks:speed>3.59292281667928</mytracks:speed><mytracks:length>0.004982972832929037</mytracks:length></extensions></trkpt><trkpt lat="33.59627335669636" lon="130.3592617144536"><ele>1.693875228814641</ele><time>2025-12-21T08:39:44.49900Z</time><extensions><mytracks:speed>3.738666825671998</mytracks:speed><mytracks:length>0.005713496172854037</mytracks:length></extensions></trkpt><trkpt lat="33.59630549508341" lon="130.359293956811"><ele>2.545014758149459</ele><time>2025-12-21T08:39:49.50000Z</time><extensions><mytracks:speed>3.35322162812227</mytracks:speed><mytracks:gradient>0.1827405795419702</mytracks:gradient><mytracks:length>0.004657638338830685</mytracks:length></extensions></trkpt><trkpt lat="33.59632248980601" lon="130.3593349475107"><ele>2.859882712904372</ele><time>2025-12-21T08:39:55.00200Z</time><extensions><mytracks:speed>2.773709155913205</mytracks:speed><mytracks:gradient>0.07427423174322495</mytracks:gradient><mytracks:length>0.0042392623574142</mytracks:length></extensions></trkpt><trkpt lat="33.59633635148385" lon="130.3593801284178"><ele>2.857244862664011</ele><time>2025-12-21T08:40:00.00100Z</time><extensions><mytracks:speed>3.212640458177989</mytracks:speed><mytracks:length>0.004460948940098556</mytracks:length></extensions></trkpt><trkpt lat="33.59635154523394" lon="130.3594213730737"><ele>2.973925733919315</ele><time>2025-12-21T08:40:04.99300Z</time><extensions><mytracks:speed>3.012254301470484</mytracks:speed><mytracks:gradient>0.02793310854751501</mytracks:gradient><mytracks:length>0.004177153110504225</mytracks:length></extensions></trkpt><trkpt lat="33.59636443480868" lon="130.3594684909455"><ele>2.817062175776925</ele><time>2025-12-21T08:40:09.99800Z</time><extensions><mytracks:speed>3.303417417551257</mytracks:speed><mytracks:length>0.004592357049680755</mytracks:length></extensions></trkpt><trkpt lat="33.59637534246896" lon="130.3595148486046"><ele>2.703748043154466</ele><time>2025-12-21T08:40:14.99500Z</time><extensions><mytracks:speed>3.21539790752658</mytracks:speed><mytracks:length>0.004462968840107023</mytracks:length></extensions></trkpt><trkpt lat="33.59638963754777" lon="130.3595642720513"><ele>2.324853035965298</ele><time>2025-12-21T08:40:20.00300Z</time><extensions><mytracks:speed>3.482362036609386</mytracks:speed><mytracks:length>0.004844491606239475</mytracks:length></extensions></trkpt><trkpt lat="33.59640769186496" lon="130.3596076141345"><ele>2.146717416132164</ele><time>2025-12-21T08:40:24.99400Z</time><extensions><mytracks:speed>3.236527574117339</mytracks:speed><mytracks:length>0.004487136718104731</mytracks:length></extensions></trkpt><trkpt lat="33.59641889914159" lon="130.3596523790449"><ele>2.44652032436431</ele><time>2025-12-21T08:40:30.00300Z</time><extensions><mytracks:speed>3.111009377899062</mytracks:speed><mytracks:gradient>0.0692597435135392</mytracks:gradient><mytracks:length>0.004328674826431299</mytracks:length></extensions></trkpt><trkpt lat="33.59642296431834" lon="130.3596969302698"><ele>2.309906662823577</ele><time>2025-12-21T08:40:35.00300Z</time><extensions><mytracks:speed>2.988687444389332</mytracks:speed><mytracks:length>0.004151180922267501</mytracks:length></extensions></trkpt><trkpt lat="33.59642932355321" lon="130.3597468742494"><ele>2.460451298117493</ele><time>2025-12-21T08:40:40.00400Z</time><extensions><mytracks:speed>3.369681497044265</mytracks:speed><mytracks:gradient>0.03216215100460523</mytracks:gradient><mytracks:length>0.004680801208611934</mytracks:length></extensions></trkpt><trkpt lat="33.59643739992061" lon="130.3597953810621"><ele>2.158714807136585</ele><time>2025-12-21T08:40:44.99600Z</time><extensions><mytracks:speed>3.303814015997899</mytracks:speed><mytracks:length>0.004581550332906284</mytracks:length></extensions></trkpt><trkpt lat="33.59645038049894" lon="130.3598449631607"><ele>2.02100716252175</ele><time>2025-12-21T08:40:49.99500Z</time><extensions><mytracks:speed>3.466937903346012</mytracks:speed><mytracks:length>0.004814633130086662</mytracks:length></extensions></trkpt><trkpt lat="33.59646881626451" lon="130.3598980860123"><ele>1.919120517763601</ele><time>2025-12-21T08:40:54.99400Z</time><extensions><mytracks:speed>3.839349661710067</mytracks:speed><mytracks:length>0.005330767032244701</mytracks:length></extensions></trkpt><trkpt lat="33.59649385833431" lon="130.3599519575166"><ele>2.230590131845261</ele><time>2025-12-21T08:40:59.99200Z</time><extensions><mytracks:speed>4.115451810120612</mytracks:speed><mytracks:gradient>0.05451471474882829</mytracks:gradient><mytracks:length>0.005713496172854037</mytracks:length></extensions></trkpt><trkpt lat="33.59651860240168" lon="130.3599999569947"><ele>2.322844985092852</ele><time>2025-12-21T08:41:05.00500Z</time><extensions><mytracks:speed>3.75417677654006</mytracks:speed><mytracks:gradient>0.01764514775552863</mytracks:gradient><mytracks:length>0.005228341214580356</mytracks:length></extensions></trkpt><trkpt lat="33.59653581704382" lon="130.3600491214309"><ele>2.057592145362284</ele><time>2025-12-21T08:41:09.99800Z</time><extensions><mytracks:speed>3.563253035420583</mytracks:speed><mytracks:length>0.004941197583270039</mytracks:length></extensions></trkpt><trkpt lat="33.59654560691837" lon="130.360091588737"><ele>1.626571661041762</ele><time>2025-12-21T08:41:15.00300Z</time><extensions><mytracks:speed>2.934310712575287</mytracks:speed><mytracks:length>0.004080009417563214</mytracks:length></extensions></trkpt><trkpt lat="33.59655457273215" lon="130.360141292427"><ele>2.166269357070158</ele><time>2025-12-21T08:41:20.01200Z</time><extensions><mytracks:speed>3.384512256422107</mytracks:speed><mytracks:gradient>0.1146186509881787</mytracks:gradient><mytracks:length>0.004708637655175846</mytracks:length></extensions></trkpt><trkpt lat="33.59656945618682" lon="130.3601821905225"><ele>2.035002121087158</ele><time>2025-12-21T08:41:25.00000Z</time><extensions><mytracks:speed>2.983077003759567</mytracks:speed><mytracks:length>0.004133775474865482</mytracks:length></extensions></trkpt><trkpt lat="33.59659018228382" lon="130.3602200341676"><ele>2.559414776000635</ele><time>2025-12-21T08:41:30.00500Z</time><extensions><mytracks:speed>3.017965072701562</mytracks:speed><mytracks:gradient>0.1249954843933638</mytracks:gradient><mytracks:length>0.004195452799423839</mytracks:length></extensions></trkpt><trkpt lat="33.59658881139207" lon="130.3602659843576"><ele>2.323738168776641</ele><time>2025-12-21T08:41:34.99500Z</time><extensions><mytracks:speed>3.072244449524399</mytracks:speed><mytracks:length>0.004258353452848543</mytracks:length></extensions></trkpt><trkpt lat="33.59660426902816" lon="130.36032343074"><ele>1.936391931063627</ele><time>2025-12-21T08:41:39.99200Z</time><extensions><mytracks:speed>4.027328335165381</mytracks:speed><mytracks:length>0.005590713823299658</mytracks:length></extensions></trkpt><trkpt lat="33.59663043051658" lon="130.3603691094125"><ele>1.808227160768113</ele><time>2025-12-21T08:41:44.99000Z</time><extensions><mytracks:speed>3.698294033280835</mytracks:speed><mytracks:length>0.005134411270018301</mytracks:length></extensions></trkpt><trkpt lat="33.59664708741065" lon="130.3604119960937"><ele>1.173566856889726</ele><time>2025-12-21T08:41:50.00200Z</time><extensions><mytracks:speed>3.147299710565555</mytracks:speed><mytracks:length>0.004381446565208192</mytracks:length></extensions></trkpt><trkpt lat="33.59666299526258" lon="130.3604616821715"><ele>0.8587686482226327</ele><time>2025-12-21T08:41:55.49800Z</time><extensions><mytracks:speed>3.229571435898494</mytracks:speed><mytracks:length>0.004930241477586562</mytracks:length></extensions></trkpt><trkpt lat="33.59667865375636" lon="130.360506683167"><ele>1.136208900506418</ele><time>2025-12-21T08:42:00.49800Z</time><extensions><mytracks:speed>3.25108883305969</mytracks:speed><mytracks:gradient>0.06143268199322555</mytracks:gradient><mytracks:length>0.004516167018629919</mytracks:length></extensions></trkpt><trkpt lat="33.596704908688" lon="130.3605461151396"><ele>2.310377964004883</ele><time>2025-12-21T08:42:06.00100Z</time><extensions><mytracks:speed>3.058425345622787</mytracks:speed><mytracks:gradient>0.2511580163299426</mytracks:gradient><mytracks:length>0.004675021250191659</mytracks:length></extensions></trkpt><trkpt lat="33.59672292659932" lon="130.3605805316587"><ele>2.761317029540383</ele><time>2025-12-21T08:42:10.99900Z</time><extensions><mytracks:speed>2.712079832944833</mytracks:speed><mytracks:gradient>0.1197638590307598</mytracks:gradient><mytracks:length>0.003765234931346707</mytracks:length></extensions></trkpt><trkpt lat="33.59674122385609" lon="130.3606191650245"><ele>2.70148283247019</ele><time>2025-12-21T08:42:16.00000Z</time><extensions><mytracks:speed>2.963056582384866</mytracks:speed><mytracks:length>0.004116296430506559</mytracks:length></extensions></trkpt><trkpt lat="33.59676232493018" lon="130.3606542276263"><ele>2.801851716890267</ele><time>2025-12-21T08:42:20.99500Z</time><extensions><mytracks:speed>2.888507181109571</mytracks:speed><mytracks:gradient>0.02504479778057357</mytracks:gradient><mytracks:length>0.004007574159689547</mytracks:length></extensions></trkpt><trkpt lat="33.59678226622376" lon="130.3606943358396"><ele>2.815817935413717</ele><time>2025-12-21T08:42:25.99700Z</time><extensions><mytracks:speed>3.113462355752478</mytracks:speed><mytracks:gradient>0.003228772462517268</mytracks:gradient><mytracks:length>0.004325550556932649</mytracks:length></extensions></trkpt><trkpt lat="33.59680733802079" lon="130.3607349042527"><ele>2.949874371519319</ele><time>2025-12-21T08:42:30.99300Z</time><extensions><mytracks:speed>3.370392108760843</mytracks:speed><mytracks:gradient>0.02865732245633944</mytracks:gradient><mytracks:length>0.004677912122105679</mytracks:length></extensions></trkpt><trkpt lat="33.59682970982641" lon="130.3607758795167"><ele>2.250315453474031</ele><time>2025-12-21T08:42:36.00100Z</time><extensions><mytracks:speed>3.261688250254399</mytracks:speed><mytracks:length>0.004537073006571355</mytracks:length></extensions></trkpt><trkpt lat="33.59685272675331" lon="130.3608196626652"><ele>2.728298777354999</ele><time>2025-12-21T08:42:41.00100Z</time><extensions><mytracks:speed>3.452782634321752</mytracks:speed><mytracks:gradient>0.09966546380784705</mytracks:gradient><mytracks:length>0.004795877183720429</mytracks:length></extensions></trkpt><trkpt lat="33.59687086957397" lon="130.360869874831"><ele>2.823906827347369</ele><time>2025-12-21T08:42:45.99900Z</time><extensions><mytracks:speed>3.651314575346827</mytracks:speed><mytracks:gradient>0.01886114848169416</mytracks:gradient><mytracks:length>0.005069047098863724</mytracks:length></extensions></trkpt><trkpt lat="33.59689168757082" lon="130.3609155079479"><ele>2.710406607259822</ele><time>2025-12-21T08:42:51.00100Z</time><extensions><mytracks:speed>3.468008501261207</mytracks:speed><mytracks:length>0.004818375558269371</mytracks:length></extensions></trkpt><trkpt lat="33.59691470622911" lon="130.3609653255525"><ele>2.644831804735587</ele><time>2025-12-21T08:42:55.99700Z</time><extensions><mytracks:speed>3.80136398867437</mytracks:speed><mytracks:length>0.005275533238457873</mytracks:length></extensions></trkpt><trkpt lat="33.59692826882395" lon="130.3610077888052"><ele>2.440118193001995</ele><time>2025-12-21T08:43:01.00300Z</time><extensions><mytracks:speed>3.026777631168382</mytracks:speed><mytracks:length>0.004209393000492109</mytracks:length></extensions></trkpt><trkpt lat="33.59694952100054" lon="130.361052921984"><ele>2.896902215701702</ele><time>2025-12-21T08:43:06.00500Z</time><extensions><mytracks:speed>3.455335449381716</mytracks:speed><mytracks:gradient>0.09515197849597201</mytracks:gradient><mytracks:length>0.004800573040307759</mytracks:length></extensions></trkpt><trkpt lat="33.5969644052368" lon="130.3610930648203"><ele>2.889121843156167</ele><time>2025-12-21T08:43:10.99500Z</time><extensions><mytracks:speed>2.936061367372865</mytracks:speed><mytracks:length>0.004070056811668046</mytracks:length></extensions></trkpt><trkpt lat="33.59697010792001" lon="130.3611448995855"><ele>3.09344221760968</ele><time>2025-12-21T08:43:16.00400Z</time><extensions><mytracks:speed>3.481321495441517</mytracks:speed><mytracks:gradient>0.04218391410075212</mytracks:gradient><mytracks:length>0.004843561314995902</mytracks:length></extensions></trkpt><trkpt lat="33.59698224046623" lon="130.3611873438443"><ele>3.173125715710751</ele><time>2025-12-21T08:43:21.00500Z</time><extensions><mytracks:speed>2.992203130778072</mytracks:speed><mytracks:gradient>0.01917033124250163</mytracks:gradient><mytracks:length>0.004156605177713795</mytracks:length></extensions></trkpt><trkpt lat="33.59701309150469" lon="130.3612184881148"><ele>3.256745733221796</ele><time>2025-12-21T08:43:25.99800Z</time><extensions><mytracks:speed>3.231739718708532</mytracks:speed><mytracks:gradient>0.01865638528656126</mytracks:gradient><mytracks:length>0.004482112489994448</mytracks:length></extensions></trkpt><trkpt lat="33.59703744290701" lon="130.3612553764931"><ele>3.459803084771152</ele><time>2025-12-21T08:43:30.99900Z</time><extensions><mytracks:speed>3.136751618675472</mytracks:speed><mytracks:gradient>0.04659708314166074</mytracks:gradient><mytracks:length>0.004357726661388606</mytracks:length></extensions></trkpt><trkpt lat="33.59706159677349" lon="130.3612930065056"><ele>3.587814078498216</ele><time>2025-12-21T08:43:36.00300Z</time><extensions><mytracks:speed>3.164809079894536</mytracks:speed><mytracks:gradient>0.02910070623842509</mytracks:gradient><mytracks:length>0.004398896462452017</mytracks:length></extensions></trkpt><trkpt lat="33.59707865291101" lon="130.361329726921"><ele>3.756959137111638</ele><time>2025-12-21T08:43:40.99300Z</time><extensions><mytracks:speed>2.808949111700146</mytracks:speed><mytracks:gradient>0.04344287926919602</mytracks:gradient><mytracks:length>0.003893504792012196</mytracks:length></extensions></trkpt><trkpt lat="33.5971013911939" lon="130.3613708279452"><ele>3.153127636474967</ele><time>2025-12-21T08:43:45.99200Z</time><extensions><mytracks:speed>3.290802336501033</mytracks:speed><mytracks:length>0.004569732040651284</mytracks:length></extensions></trkpt><trkpt lat="33.59712190584497" lon="130.3614119209327"><ele>2.756651031457367</ele><time>2025-12-21T08:43:51.00300Z</time><extensions><mytracks:speed>3.187897896717785</mytracks:speed><mytracks:length>0.004437654008343695</mytracks:length></extensions></trkpt><trkpt lat="33.59713889749844" lon="130.3614522082567"><ele>3.090301471277393</ele><time>2025-12-21T08:43:56.50200Z</time><extensions><mytracks:speed>2.739153170072575</mytracks:speed><mytracks:gradient>0.07975159381376461</mytracks:gradient><mytracks:length>0.004183620964355457</mytracks:length></extensions></trkpt><trkpt lat="33.59715743560098" lon="130.3615024287218"><ele>2.92516064318689</ele><time>2025-12-21T08:44:01.99900Z</time><extensions><mytracks:speed>3.331583879599766</mytracks:speed><mytracks:length>0.00508768173309775</mytracks:length></extensions></trkpt><trkpt lat="33.59717329348778" lon="130.3615456540928"><ele>3.332717170725386</ele><time>2025-12-21T08:44:07.00000Z</time><extensions><mytracks:speed>3.148909503076076</mytracks:speed><mytracks:gradient>0.09317194001454002</mytracks:gradient><mytracks:length>0.004374241080253282</mytracks:length></extensions></trkpt><trkpt lat="33.59719507239948" lon="130.3615944450793"><ele>3.038908077262566</ele><time>2025-12-21T08:44:12.00700Z</time><extensions><mytracks:speed>3.686261216895156</mytracks:speed><mytracks:length>0.005126506090164322</mytracks:length></extensions></trkpt><trkpt lat="33.5972146503816" lon="130.3616296122614"><ele>1.858640327501593</ele><time>2025-12-21T08:44:17.00400Z</time><extensions><mytracks:speed>2.82249996441212</mytracks:speed><mytracks:length>0.003917734867524819</mytracks:length></extensions></trkpt><trkpt lat="33.59723852267862" lon="130.3616615534808"><ele>2.004332297203514</ele><time>2025-12-21T08:44:21.99600Z</time><extensions><mytracks:speed>2.866401680673094</mytracks:speed><mytracks:gradient>0.03665362556274276</mytracks:gradient><mytracks:length>0.003974831069644903</mytracks:length></extensions></trkpt><trkpt lat="33.59725996532126" lon="130.3616995560704"><ele>2.596032600829604</ele><time>2025-12-21T08:44:26.99300Z</time><extensions><mytracks:speed>3.062527936527977</mytracks:speed><mytracks:gradient>0.1391928367454307</mytracks:gradient><mytracks:length>0.00425093932605346</mytracks:length></extensions></trkpt><trkpt lat="33.59728539151158" lon="130.3617408454696"><ele>3.261949824476821</ele><time>2025-12-21T08:44:31.99700Z</time><extensions><mytracks:speed>3.421759019214332</mytracks:speed><mytracks:gradient>0.1400089083133952</mytracks:gradient><mytracks:length>0.004756248953506809</mytracks:length></extensions></trkpt><trkpt lat="33.59730307806502" lon="130.3617707263066"><ele>3.136495213917132</ele><time>2025-12-21T08:44:37.00000Z</time><extensions><mytracks:speed>2.442265268523655</mytracks:speed><mytracks:length>0.003393853915869776</mytracks:length></extensions></trkpt><trkpt lat="33.59732562645623" lon="130.36181239448"><ele>2.96046294227616</ele><time>2025-12-21T08:44:41.99300Z</time><extensions><mytracks:speed>3.318691129508009</mytracks:speed><mytracks:length>0.004603138395763413</mytracks:length></extensions></trkpt><trkpt lat="33.59734461192518" lon="130.3618570721064"><ele>2.751178125855995</ele><time>2025-12-21T08:44:47.00100Z</time><extensions><mytracks:speed>3.339276557964113</mytracks:speed><mytracks:length>0.004645043557917066</mytracks:length></extensions></trkpt><trkpt lat="33.59736176347167" lon="130.361906813271"><ele>1.76039339047961</ele><time>2025-12-21T08:44:51.99600Z</time><extensions><mytracks:speed>3.59305137471618</mytracks:speed><mytracks:length>0.004985685147109523</mytracks:length></extensions></trkpt><trkpt lat="33.59737900028013" lon="130.3619582935834"><ele>1.564189815527679</ele><time>2025-12-21T08:44:57.00300Z</time><extensions><mytracks:speed>3.694750323433698</mytracks:speed><mytracks:length>0.005138797781941844</mytracks:length></extensions></trkpt><trkpt lat="33.5973871552805" lon="130.3620113462556"><ele>1.479056874970047</ele><time>2025-12-21T08:45:02.00000Z</time><extensions><mytracks:speed>3.600381922717982</mytracks:speed><mytracks:length>0.004997421497783347</mytracks:length></extensions></trkpt><trkpt lat="33.59738602917173" lon="130.3620651765068"><ele>2.095089616810807</ele><time>2025-12-21T08:45:06.99900Z</time><extensions><mytracks:speed>3.591089588977485</mytracks:speed><mytracks:gradient>0.1235379036111204</mytracks:gradient><mytracks:length>0.004986588923994879</mytracks:length></extensions></trkpt><trkpt lat="33.59736683541843" lon="130.3621123532196"><ele>2.159485504759137</ele><time>2025-12-21T08:45:12.00300Z</time><extensions><mytracks:speed>3.497517990558681</mytracks:speed><mytracks:gradient>0.01324436902508624</mytracks:gradient><mytracks:length>0.004862133320685759</mytracks:length></extensions></trkpt><trkpt lat="33.5973415841965" lon="130.3621569757754"><ele>2.340478809590818</ele><time>2025-12-21T08:45:16.99500Z</time><extensions><mytracks:speed>3.603357663834609</mytracks:speed><mytracks:gradient>0.03622387509950058</mytracks:gradient><mytracks:length>0.00499651968030821</mytracks:length></extensions></trkpt><trkpt lat="33.59731442342883" lon="130.3622050519585"><ele>2.367125524673504</ele><time>2025-12-21T08:45:21.97800Z</time><extensions><mytracks:speed>3.886631923817007</mytracks:speed><mytracks:gradient>0.004953313407948737</mytracks:gradient><mytracks:length>0.005379573810113667</mytracks:length></extensions></trkpt><trkpt lat="33.5972559559517" lon="130.3622580325645"><ele>2.987328304298266</ele><time>2025-12-21T08:45:27.90700Z</time><extensions><mytracks:speed>4.945401081474135</mytracks:speed><mytracks:gradient>0.07614433210491836</mytracks:gradient><mytracks:length>0.008145094486746466</mytracks:length></extensions></trkpt><trkpt lat="33.59724148572016" lon="130.3623097146218"><ele>0.8553512301295996</ele><time>2025-12-21T08:45:36.99900Z</time><extensions><mytracks:speed>1.99974147647557</mytracks:speed><mytracks:length>0.005050343707481793</mytracks:length></extensions></trkpt><trkpt lat="33.59722728845452" lon="130.3623657497251"><ele>1.446951252635529</ele><time>2025-12-21T08:45:45.00500Z</time><extensions><mytracks:speed>2.439136977295167</mytracks:speed><mytracks:gradient>0.1090583370642564</mytracks:gradient><mytracks:length>0.005424619872549154</mytracks:length></extensions></trkpt><trkpt lat="33.59711527076887" lon="130.3625916892963"><ele>3.13146738614887</ele><time>2025-12-21T08:46:15.00000Z</time><extensions><mytracks:speed>2.922876075771382</mytracks:speed><mytracks:gradient>0.06917108852200789</mytracks:gradient><mytracks:length>0.02435289323193729</mytracks:length></extensions></trkpt><trkpt lat="33.59708816799507" lon="130.362630933445"><ele>3.55620130614966</ele><time>2025-12-21T08:46:20.05500Z</time><extensions><mytracks:speed>3.36257841680333</mytracks:speed><mytracks:gradient>0.08994755868769359</mytracks:gradient><mytracks:length>0.00472201720866606</mytracks:length></extensions></trkpt><trkpt lat="33.59706271215003" lon="130.3626611484994"><ele>3.853707002312063</ele><time>2025-12-21T08:46:25.03800Z</time><extensions><mytracks:speed>2.875379887138305</mytracks:speed><mytracks:gradient>0.07476213355717566</mytracks:gradient><mytracks:length>0.003979363375643649</mytracks:length></extensions></trkpt><trkpt lat="33.59704157767529" lon="130.3626936077564"><ele>3.720834875063158</ele><time>2025-12-21T08:46:30.02700Z</time><extensions><mytracks:speed>2.752931044296131</mytracks:speed><mytracks:length>0.003815170761817747</mytracks:length></extensions></trkpt><trkpt lat="33.59701911753017" lon="130.3627284887475"><ele>3.717730844307314</ele><time>2025-12-21T08:46:35.02100Z</time><extensions><mytracks:speed>2.94352799378405</mytracks:speed><mytracks:length>0.004083321562135928</mytracks:length></extensions></trkpt><trkpt lat="33.59698944378211" lon="130.3627590380152"><ele>3.891379709434303</ele><time>2025-12-21T08:46:40.01500Z</time><extensions><mytracks:speed>3.132305543053846</mytracks:speed><mytracks:gradient>0.03996246030366877</mytracks:gradient><mytracks:length>0.004345299658916327</mytracks:length></extensions></trkpt><trkpt lat="33.59696436166191" lon="130.3627967163846"><ele>4.132960909686283</ele><time>2025-12-21T08:46:45.00900Z</time><extensions><mytracks:speed>3.219116310643741</mytracks:speed><mytracks:gradient>0.05409345359759169</mytracks:gradient><mytracks:length>0.004465996977178322</mytracks:length></extensions></trkpt><trkpt lat="33.5969342539379" lon="130.3628393008356"><ele>4.808278426833705</ele><time>2025-12-21T08:46:50.00600Z</time><extensions><mytracks:speed>3.727776405474457</mytracks:speed><mytracks:gradient>0.1305275158035598</mytracks:gradient><mytracks:length>0.005173755993056322</mytracks:length></extensions></trkpt><trkpt lat="33.59690426595981" lon="130.3628737227753"><ele>4.724558964159998</ele><time>2025-12-21T08:46:55.00700Z</time><extensions><mytracks:speed>3.320407329787734</mytracks:speed><mytracks:length>0.004612917753282657</mytracks:length></extensions></trkpt><trkpt lat="33.5968748941384" lon="130.3629063364608"><ele>4.505288887628023</ele><time>2025-12-21T08:47:00.00600Z</time><extensions><mytracks:speed>3.203720244057878</mytracks:speed><mytracks:length>0.004448810281026569</mytracks:length></extensions></trkpt><trkpt lat="33.59684676173138" lon="130.3629378087757"><ele>4.543035377890003</ele><time>2025-12-21T08:47:05.00200Z</time><extensions><mytracks:speed>3.079851434756908</mytracks:speed><mytracks:gradient>0.008831246034446644</mytracks:gradient><mytracks:length>0.004274197561108462</mytracks:length></extensions></trkpt><trkpt lat="33.59681741271325" lon="130.3629725125517"><ele>4.454784231862619</ele><time>2025-12-21T08:47:10.00300Z</time><extensions><mytracks:speed>3.297659447915705</mytracks:speed><mytracks:length>0.004580566639855138</mytracks:length></extensions></trkpt><trkpt lat="33.59678678066" lon="130.362999468539"><ele>3.782890467918928</ele><time>2025-12-21T08:47:15.00300Z</time><extensions><mytracks:speed>3.041388171811486</mytracks:speed><mytracks:length>0.00422435407888478</mytracks:length></extensions></trkpt><trkpt lat="33.59676075959318" lon="130.3630362138681"><ele>3.786316196842717</ele><time>2025-12-21T08:47:20.00000Z</time><extensions><mytracks:speed>3.218235741935604</mytracks:speed><mytracks:gradient>0.0007668959926289865</mytracks:gradient><mytracks:length>0.004467005900037049</mytracks:length></extensions></trkpt><trkpt lat="33.59673188158092" lon="130.3630729041865"><ele>3.936056625843985</ele><time>2025-12-21T08:47:24.99700Z</time><extensions><mytracks:speed>3.367972340492782</mytracks:speed><mytracks:gradient>0.03202989269730688</mytracks:gradient><mytracks:length>0.004675021250191659</mytracks:length></extensions></trkpt><trkpt lat="33.5967022943142" lon="130.3631066009303"><ele>4.105813191957182</ele><time>2025-12-21T08:47:29.99100Z</time><extensions><mytracks:speed>3.26869471314254</mytracks:speed><mytracks:gradient>0.03744003285280107</mytracks:gradient><mytracks:length>0.00453409233855672</mytracks:length></extensions></trkpt><trkpt lat="33.59667251763896" lon="130.3631462172886"><ele>4.060788615693016</ele><time>2025-12-21T08:47:34.99600Z</time><extensions><mytracks:speed>3.553632729128876</mytracks:speed><mytracks:length>0.004941197583270039</mytracks:length></extensions></trkpt><trkpt lat="33.59663315627333" lon="130.3631862051889"><ele>4.343813656044973</ele><time>2025-12-21T08:47:39.99700Z</time><extensions><mytracks:speed>4.127456682523743</mytracks:speed><mytracks:gradient>0.04935938368519655</mytracks:gradient><mytracks:length>0.005733966253651568</mytracks:length></extensions></trkpt><trkpt lat="33.59660039530527" lon="130.3632270480721"><ele>4.174635721186105</ele><time>2025-12-21T08:47:45.00200Z</time><extensions><mytracks:speed>3.777379759221032</mytracks:speed><mytracks:length>0.005250703032630664</mytracks:length></extensions></trkpt><trkpt lat="33.59656645467028" lon="130.3632675088175"><ele>4.393590118595911</ele><time>2025-12-21T08:47:49.99800Z</time><extensions><mytracks:speed>3.832691074366522</mytracks:speed><mytracks:gradient>0.0411652062954779</mytracks:gradient><mytracks:length>0.005318918987996381</mytracks:length></extensions></trkpt><trkpt lat="33.59653877112392" lon="130.3633018056571"><ele>3.786884845149944</ele><time>2025-12-21T08:47:55.00700Z</time><extensions><mytracks:speed>3.179110628678233</mytracks:speed><mytracks:length>0.004423414421752764</mytracks:length></extensions></trkpt><trkpt lat="33.59651153833288" lon="130.3633296807081"><ele>3.390135929436854</ele><time>2025-12-21T08:47:59.99900Z</time><extensions><mytracks:speed>2.869267836577692</mytracks:speed><mytracks:length>0.003979363375643649</mytracks:length></extensions></trkpt><trkpt lat="33.59648212570121" lon="130.3633644944684"><ele>2.786885064085763</ele><time>2025-12-21T08:48:05.50100Z</time><extensions><mytracks:speed>3.004361543714856</mytracks:speed><mytracks:length>0.004591375671947639</mytracks:length></extensions></trkpt><trkpt lat="33.59644894240224" lon="130.3634001317489"><ele>2.742639919810913</ele><time>2025-12-21T08:48:10.49900Z</time><extensions><mytracks:speed>3.565390052714391</mytracks:speed><mytracks:length>0.004950309148418169</mytracks:length></extensions></trkpt><trkpt lat="33.59641386937202" lon="130.3634470090265"><ele>2.365714569776847</ele><time>2025-12-21T08:48:16.49200Z</time><extensions><mytracks:speed>3.505678164143939</mytracks:speed><mytracks:length>0.005836011832818817</mytracks:length></extensions></trkpt><trkpt lat="33.59637917625162" lon="130.3634924477929"><ele>2.648788439363406</ele><time>2025-12-21T08:48:22.00400Z</time><extensions><mytracks:speed>3.72910218281622</mytracks:speed><mytracks:gradient>0.04957900532280344</mytracks:gradient><mytracks:length>0.005709551205061414</mytracks:length></extensions></trkpt><trkpt lat="33.59634996906328" lon="130.3635214528055"><ele>2.442950450969462</ele><time>2025-12-21T08:48:26.99600Z</time><extensions><mytracks:speed>3.040380024357906</mytracks:speed><mytracks:length>0.004215811392530663</mytracks:length></extensions></trkpt><trkpt lat="33.59632009648271" lon="130.3635542202875"><ele>2.510119993689944</ele><time>2025-12-21T08:48:32.00000Z</time><extensions><mytracks:speed>3.236472859931325</mytracks:speed><mytracks:gradient>0.01493263677051644</mytracks:gradient><mytracks:length>0.004498170266426398</mytracks:length></extensions></trkpt><trkpt lat="33.59629437216238" lon="130.3635899658406"><ele>2.484026478809058</ele><time>2025-12-21T08:48:37.00300Z</time><extensions><mytracks:speed>3.147430633450799</mytracks:speed><mytracks:length>0.004374241080253282</mytracks:length></extensions></trkpt><trkpt lat="33.59627113906423" lon="130.3636223296161"><ele>2.156660882638347</ele><time>2025-12-21T08:48:42.00300Z</time><extensions><mytracks:speed>2.848818173664774</mytracks:speed><mytracks:length>0.003956649928843355</mytracks:length></extensions></trkpt><trkpt lat="33.59624479311046" lon="130.3636500238078"><ele>2.292947003881709</ele><time>2025-12-21T08:48:47.00000Z</time><extensions><mytracks:speed>2.805751953026873</mytracks:speed><mytracks:gradient>0.03499305470560414</mytracks:gradient><mytracks:length>0.003894662023362467</mytracks:length></extensions></trkpt><trkpt lat="33.59621790412574" lon="130.3636809935886"><ele>2.23832283030128</ele><time>2025-12-21T08:48:51.99600Z</time><extensions><mytracks:speed>2.985419466126051</mytracks:speed><mytracks:length>0.004143575035376866</mytracks:length></extensions></trkpt><trkpt lat="33.59615067329729" lon="130.3637670064334"><ele>2.724711815826595</ele><time>2025-12-21T08:49:11.99900Z</time><extensions><mytracks:speed>1.966205301755408</mytracks:speed><mytracks:gradient>0.04452078612303305</mytracks:gradient><mytracks:length>0.01092498645871122</mytracks:length></extensions></trkpt><trkpt lat="33.5961477490815" lon="130.3637709163784"><ele>2.7228779338064</ele><time>2025-12-21T08:49:16.99900Z</time><extensions><mytracks:speed>0.3551751670047474</mytracks:speed><mytracks:length>0.0004932982785264248</mytracks:length></extensions></trkpt><trkpt lat="33.59614240920993" lon="130.3637771347279"><ele>2.86904657044068</ele><time>2025-12-21T08:49:22.00400Z</time><extensions><mytracks:speed>0.5954014662641852</mytracks:speed><mytracks:gradient>0.1766117859256162</mytracks:gradient><mytracks:length>0.0008276267400174632</mytracks:length></extensions></trkpt><trkpt lat="33.596118270535" lon="130.3638089853182"><ele>2.852374510141348</ele><time>2025-12-21T08:49:27.00500Z</time><extensions><mytracks:speed>2.869975158815664</mytracks:speed><mytracks:length>0.003987282514572209</mytracks:length></extensions></trkpt><trkpt lat="33.59609303887977" lon="130.3638459912181"><ele>3.051535465038372</ele><time>2025-12-21T08:49:31.99900Z</time><extensions><mytracks:speed>3.193304562728017</mytracks:speed><mytracks:gradient>0.04496217043534218</mytracks:gradient><mytracks:length>0.0044295227069482</mytracks:length></extensions></trkpt><trkpt lat="33.59606741859333" lon="130.3638824786204"><ele>3.016782541169878</ele><time>2025-12-21T08:49:37.00200Z</time><extensions><mytracks:speed>3.180465989795214</mytracks:speed><mytracks:length>0.004420357113873341</mytracks:length></extensions></trkpt><trkpt lat="33.59603736860944" lon="130.3639176792396"><ele>3.007863663673835</ele><time>2025-12-21T08:49:42.00500Z</time><extensions><mytracks:speed>3.359074415105004</mytracks:speed><mytracks:length>0.004668268920504078</mytracks:length></extensions></trkpt><trkpt lat="33.59600720181117" lon="130.3639501894718"><ele>3.016237086358323</ele><time>2025-12-21T08:49:46.99800Z</time><extensions><mytracks:speed>3.250899390051447</mytracks:speed><mytracks:gradient>0.00185738538403719</mytracks:gradient><mytracks:length>0.004508177331667587</mytracks:length></extensions></trkpt><trkpt lat="33.59598237661466" lon="130.3639851706446"><ele>2.871317580302348</ele><time>2025-12-21T08:49:51.99800Z</time><extensions><mytracks:speed>3.063633831282098</mytracks:speed><mytracks:length>0.00425517755175826</mytracks:length></extensions></trkpt><trkpt lat="33.59594816105443" lon="130.3640189887692"><ele>2.812348014638783</ele><time>2025-12-21T08:49:56.99700Z</time><extensions><mytracks:speed>3.549069287492608</mytracks:speed><mytracks:length>0.004928413092032276</mytracks:length></extensions></trkpt><trkpt lat="33.5959160307384" lon="130.3640535625406"><ele>2.686062742934492</ele><time>2025-12-21T08:50:02.00000Z</time><extensions><mytracks:speed>3.451993258028153</mytracks:speed><mytracks:length>0.004797756077889953</mytracks:length></extensions></trkpt><trkpt lat="33.5958883480544" lon="130.3640870787923"><ele>2.62786872791812</ele><time>2025-12-21T08:50:06.99500Z</time><extensions><mytracks:speed>3.150527780911454</mytracks:speed><mytracks:length>0.00437114937925664</mytracks:length></extensions></trkpt><trkpt lat="33.59585874828208" lon="130.3641258787583"><ele>2.684004919444244</ele><time>2025-12-21T08:50:12.49900Z</time><extensions><mytracks:speed>3.18707363644773</mytracks:speed><mytracks:gradient>0.01152145537675547</mytracks:gradient><mytracks:length>0.00487231774896933</mytracks:length></extensions></trkpt><trkpt lat="33.59582980908446" lon="130.3641552629529"><ele>2.697994455554358</ele><time>2025-12-21T08:50:17.50300Z</time><extensions><mytracks:speed>3.03212122607456</mytracks:speed><mytracks:gradient>0.003319191301377426</mytracks:gradient><mytracks:length>0.00421474233928854</mytracks:length></extensions></trkpt><trkpt lat="33.5957985446407" lon="130.364185403645"><ele>2.730287484560568</ele><time>2025-12-21T08:50:22.50000Z</time><extensions><mytracks:speed>3.212160730579626</mytracks:speed><mytracks:gradient>0.007242330017526714</mytracks:gradient><mytracks:length>0.004458928125072959</mytracks:length></extensions></trkpt><trkpt lat="33.59576907652977" lon="130.3642243836337"><ele>2.609047756176494</ele><time>2025-12-21T08:50:28.00300Z</time><extensions><mytracks:speed>3.189064295112875</mytracks:speed><mytracks:length>0.00487509162778724</mytracks:length></extensions></trkpt><trkpt lat="33.59575012626215" lon="130.3642628108227"><ele>2.262598116415326</ele><time>2025-12-21T08:50:32.99900Z</time><extensions><mytracks:speed>2.980756753236703</mytracks:speed><mytracks:length>0.00413595516153151</mytracks:length></extensions></trkpt><trkpt lat="33.59572243846262" lon="130.3642942111983"><ele>2.315708338508809</ele><time>2025-12-21T08:50:37.99600Z</time><extensions><mytracks:speed>3.050620262523361</mytracks:speed><mytracks:gradient>0.01254076014247888</mytracks:gradient><mytracks:length>0.004235008204453614</mytracks:length></extensions></trkpt><trkpt lat="33.59569799233691" lon="130.3643255650176"><ele>2.222183201149804</ele><time>2025-12-21T08:50:43.00300Z</time><extensions><mytracks:speed>2.859797838410205</mytracks:speed><mytracks:length>0.003977097868272068</mytracks:length></extensions></trkpt><trkpt lat="33.59567339305973" lon="130.3643535377273"><ele>2.402582440023224</ele><time>2025-12-21T08:50:48.00200Z</time><extensions><mytracks:speed>2.713089919923509</mytracks:speed><mytracks:gradient>0.04788138498037837</mytracks:gradient><mytracks:length>0.003767627835897971</mytracks:length></extensions></trkpt><trkpt lat="33.59564882292953" lon="130.3643851371287"><ele>2.580612751012816</ele><time>2025-12-21T08:50:53.00100Z</time><extensions><mytracks:speed>2.883538468424183</mytracks:speed><mytracks:gradient>0.04446090091741723</mytracks:gradient><mytracks:length>0.004004199359798621</mytracks:length></extensions></trkpt><trkpt lat="33.5956223774443" lon="130.364419892032"><ele>2.794430805696987</ele><time>2025-12-21T08:50:58.00000Z</time><extensions><mytracks:speed>3.139426130902425</mytracks:speed><mytracks:gradient>0.04904315107929927</mytracks:gradient><mytracks:length>0.004359794384713215</mytracks:length></extensions></trkpt><trkpt lat="33.59559582355222" lon="130.3644488589318"><ele>2.61669451642216</ele><time>2025-12-21T08:51:03.00100Z</time><extensions><mytracks:speed>2.871427616298304</mytracks:speed><mytracks:length>0.003988412536563033</mytracks:length></extensions></trkpt><trkpt lat="33.59556875208665" lon="130.3644792688466"><ele>2.568196905072759</ele><time>2025-12-21T08:51:08.00200Z</time><extensions><mytracks:speed>2.967228947388956</mytracks:speed><mytracks:length>0.004121766594289456</mytracks:length></extensions></trkpt><trkpt lat="33.5955400639351" lon="130.3645108445992"><ele>2.59319278416731</ele><time>2025-12-21T08:51:13.00100Z</time><extensions><mytracks:speed>3.115849241469784</mytracks:speed><mytracks:gradient>0.005777267133419716</mytracks:gradient><mytracks:length>0.004326592230772418</mytracks:length></extensions></trkpt><trkpt lat="33.59550690354243" lon="130.3645489097429"><ele>2.178734382549916</ele><time>2025-12-21T08:51:18.92600Z</time><extensions><mytracks:speed>3.100277293493811</mytracks:speed><mytracks:length>0.005102717070433626</mytracks:length></extensions></trkpt><trkpt lat="33.59547395687159" lon="130.364576435166"><ele>1.8700836572511</ele><time>2025-12-21T08:51:23.93700Z</time><extensions><mytracks:speed>3.207373898357498</mytracks:speed><mytracks:length>0.004464987826340181</mytracks:length></extensions></trkpt><trkpt lat="33.59544277613652" lon="130.364618001715"><ele>1.658814191312592</ele><time>2025-12-21T08:51:29.69600Z</time><extensions><mytracks:speed>3.239436085673983</mytracks:speed><mytracks:length>0.005181589087614461</mytracks:length></extensions></trkpt><trkpt lat="33.59541032515645" lon="130.3646552530568"><ele>1.469166479699716</ele><time>2025-12-21T08:51:34.94800Z</time><extensions><mytracks:speed>3.421214458964152</mytracks:speed><mytracks:length>0.004992008149202862</mytracks:length></extensions></trkpt><trkpt lat="33.59538040107336" lon="130.3646889874369"><ele>1.535825656279858</ele><time>2025-12-21T08:51:39.96600Z</time><extensions><mytracks:speed>3.274996344228016</mytracks:speed><mytracks:gradient>0.01460287312641075</mytracks:gradient><mytracks:length>0.004564798721669498</mytracks:length></extensions></trkpt><trkpt lat="33.59535409936038" lon="130.3647235684217"><ele>1.427980951656656</ele><time>2025-12-21T08:51:44.97300Z</time><extensions><mytracks:speed>3.119372078722727</mytracks:speed><mytracks:length>0.004338034134280077</mytracks:length></extensions></trkpt><trkpt lat="33.59532408729909" lon="130.3647575209822"><ele>1.351500950933002</ele><time>2025-12-21T08:51:49.97800Z</time><extensions><mytracks:speed>3.2980460576842</mytracks:speed><mytracks:length>0.004585482994860331</mytracks:length></extensions></trkpt><trkpt lat="33.59529372159292" lon="130.3647889011783"><ele>1.219612290764372</ele><time>2025-12-21T08:51:54.98200Z</time><extensions><mytracks:speed>3.205472924212733</mytracks:speed><mytracks:length>0.004455895184154018</mytracks:length></extensions></trkpt><trkpt lat="33.59526778870953" lon="130.3648227388382"><ele>0.9962791657091176</ele><time>2025-12-21T08:51:59.98600Z</time><extensions><mytracks:speed>3.065405644641211</mytracks:speed><mytracks:length>0.00426046940500538</mytracks:length></extensions></trkpt><trkpt lat="33.59524229269019" lon="130.3648580618878"><ele>0.9303136973591125</ele><time>2025-12-21T08:52:04.98900Z</time><extensions><mytracks:speed>3.114919203061332</mytracks:speed><mytracks:length>0.004328674826431299</mytracks:length></extensions></trkpt><trkpt lat="33.59521510596811" lon="130.3648915321832"><ele>0.94173970783148</ele><time>2025-12-21T08:52:09.99100Z</time><extensions><mytracks:speed>3.116030521459859</mytracks:speed><mytracks:gradient>0.00263897473547311</mytracks:gradient><mytracks:length>0.004329715748612135</mytracks:length></extensions></trkpt><trkpt lat="33.59518682616424" lon="130.3649237456241"><ele>0.8634605781250975</ele><time>2025-12-21T08:52:14.99300Z</time><extensions><mytracks:speed>3.120067504608957</mytracks:speed><mytracks:length>0.004334916610245162</mytracks:length></extensions></trkpt><trkpt lat="33.59515591120491" lon="130.3649649341524"><ele>0.83488034541666</ele><time>2025-12-21T08:52:20.49700Z</time><extensions><mytracks:speed>3.358546626951759</mytracks:speed><mytracks:length>0.005135288872156155</mytracks:length></extensions></trkpt><trkpt lat="33.59512784857323" lon="130.3650008458585"><ele>0.8537503115161545</ele><time>2025-12-21T08:52:25.49800Z</time><extensions><mytracks:speed>3.283374457401722</mytracks:speed><mytracks:gradient>0.004137380849131849</mytracks:gradient><mytracks:length>0.004560848224415707</mytracks:length></extensions></trkpt><trkpt lat="33.59509720668833" lon="130.3650376287891"><ele>0.9459371624124214</ele><time>2025-12-21T08:52:30.99700Z</time><extensions><mytracks:speed>3.154130487392599</mytracks:speed><mytracks:gradient>0.01913235068155997</mytracks:gradient><mytracks:length>0.004818375558269371</mytracks:length></extensions></trkpt><trkpt lat="33.59506814419381" lon="130.3650708565274"><ele>0.6177064212842589</ele><time>2025-12-21T08:52:35.99800Z</time><extensions><mytracks:speed>3.212960065601771</mytracks:speed><mytracks:length>0.004462968840107023</mytracks:length></extensions></trkpt><trkpt lat="33.59503768210335" lon="130.365112233658"><ele>0.7756242412511675</ele><time>2025-12-21T08:52:40.99800Z</time><extensions><mytracks:speed>3.681891985570275</mytracks:speed><mytracks:gradient>0.03087839497662627</mytracks:gradient><mytracks:length>0.005114184855995466</mytracks:length></extensions></trkpt><trkpt lat="33.59500545501262" lon="130.3651504616224"><ele>0.8322742121214697</ele><time>2025-12-21T08:52:45.99900Z</time><extensions><mytracks:speed>3.627004434470384</mytracks:speed><mytracks:gradient>0.01124490129945669</mytracks:gradient><mytracks:length>0.005037836203421308</mytracks:length></extensions></trkpt><trkpt lat="33.59497175424855" lon="130.3651867671823"><ele>1.037163330094576</ele><time>2025-12-21T08:52:51.02400Z</time><extensions><mytracks:speed>3.60649897138831</mytracks:speed><mytracks:gradient>0.04069897923302358</mytracks:gradient><mytracks:length>0.005034256923251219</mytracks:length></extensions></trkpt><trkpt lat="33.59494102993377" lon="130.3652189662975"><ele>1.23116331310073</ele><time>2025-12-21T08:52:56.09400Z</time><extensions><mytracks:speed>3.218469562165765</mytracks:speed><mytracks:gradient>0.04279633225554669</mytracks:gradient><mytracks:length>0.004533098347020374</mytracks:length></extensions></trkpt><trkpt lat="33.59491397980163" lon="130.3652542235472"><ele>1.316713196753599</ele><time>2025-12-21T08:53:01.07100Z</time><extensions><mytracks:speed>3.209858942814685</mytracks:speed><mytracks:gradient>0.01927817794988482</mytracks:gradient><mytracks:length>0.004437654008343695</mytracks:length></extensions></trkpt><trkpt lat="33.59488460277211" lon="130.3652811735037"><ele>1.080996442478815</ele><time>2025-12-21T08:53:06.04300Z</time><extensions><mytracks:speed>2.975921011863792</mytracks:speed><mytracks:length>0.004109722623122109</mytracks:length></extensions></trkpt><trkpt lat="33.59485502320089" lon="130.3653119768418"><ele>1.240340912523461</ele><time>2025-12-21T08:53:11.03500Z</time><extensions><mytracks:speed>3.140188856512849</mytracks:speed><mytracks:gradient>0.0365920221860716</mytracks:gradient><mytracks:length>0.004354623235479437</mytracks:length></extensions></trkpt><trkpt lat="33.5948310279455" lon="130.3653513453303"><ele>1.142441019840367</ele><time>2025-12-21T08:53:16.02500Z</time><extensions><mytracks:speed>3.259551529888044</mytracks:speed><mytracks:length>0.004518162232784523</mytracks:length></extensions></trkpt><trkpt lat="33.59480225171098" lon="130.3653836088831"><ele>1.262559975124305</ele><time>2025-12-21T08:53:21.01900Z</time><extensions><mytracks:speed>3.15602387523215</mytracks:speed><mytracks:gradient>0.02743469166405493</mytracks:gradient><mytracks:length>0.004378359952239534</mytracks:length></extensions></trkpt><trkpt lat="33.59478175417776" lon="130.3654258544127"><ele>1.266517728856339</ele><time>2025-12-21T08:53:26.01400Z</time><extensions><mytracks:speed>3.263097484791904</mytracks:speed><mytracks:gradient>0.0008742302284332337</mytracks:gradient><mytracks:length>0.004527129814679438</mytracks:length></extensions></trkpt><trkpt lat="33.59475774655671" lon="130.365462329103"><ele>1.468972864651493</ele><time>2025-12-21T08:53:31.01100Z</time><extensions><mytracks:speed>3.10172691638151</mytracks:speed><mytracks:gradient>0.04702014180750595</mytracks:gradient><mytracks:length>0.004305710872246575</mytracks:length></extensions></trkpt><trkpt lat="33.59473143674386" lon="130.3654950054581"><ele>1.628752278822566</ele><time>2025-12-21T08:53:36.00500Z</time><extensions><mytracks:speed>3.03526421370144</mytracks:speed><mytracks:gradient>0.03794817779855106</mytracks:gradient><mytracks:length>0.004210463411952639</mytracks:length></extensions></trkpt><trkpt lat="33.59470367715506" lon="130.365529834382"><ele>1.704212535257927</ele><time>2025-12-21T08:53:41.00700Z</time><extensions><mytracks:speed>3.212753736819352</mytracks:speed><mytracks:gradient>0.01690426092443448</mytracks:gradient><mytracks:length>0.004463978447368012</mytracks:length></extensions></trkpt><trkpt lat="33.59467547614109" lon="130.3655615451584"><ele>1.638642137582799</ele><time>2025-12-21T08:53:46.00300Z</time><extensions><mytracks:speed>3.096003147863885</mytracks:speed><mytracks:length>0.004296281149806575</mytracks:length></extensions></trkpt><trkpt lat="33.59464721886199" lon="130.3655971187928"><ele>1.494974793499676</ele><time>2025-12-21T08:53:51.00100Z</time><extensions><mytracks:speed>3.279568719794725</mytracks:speed><mytracks:length>0.004552936946604548</mytracks:length></extensions></trkpt><trkpt lat="33.59461816568049" lon="130.3656316771485"><ele>1.542156685584765</ele><time>2025-12-21T08:53:56.00200Z</time><extensions><mytracks:speed>3.273134293567663</mytracks:speed><mytracks:gradient>0.01037650090641457</mytracks:gradient><mytracks:length>0.004546994455127186</mytracks:length></extensions></trkpt><trkpt lat="33.59458920500104" lon="130.3656661336273"><ele>1.643712340285821</ele><time>2025-12-21T08:54:01.00000Z</time><extensions><mytracks:speed>3.265060217547</mytracks:speed><mytracks:gradient>0.02240314392645119</mytracks:gradient><mytracks:length>0.004533098347020374</mytracks:length></extensions></trkpt><trkpt lat="33.59455996761636" lon="130.3656996627891"><ele>1.842723989820006</ele><time>2025-12-21T08:54:06.00400Z</time><extensions><mytracks:speed>3.234720237068183</mytracks:speed><mytracks:gradient>0.04426252089835248</mytracks:gradient><mytracks:length>0.004496166180665785</mytracks:length></extensions></trkpt><trkpt lat="33.59453144054932" lon="130.3657400137266"><ele>1.859853487751005</ele><time>2025-12-21T08:54:11.00000Z</time><extensions><mytracks:speed>3.531331807271726</mytracks:speed><mytracks:gradient>0.003495170043017339</mytracks:gradient><mytracks:length>0.004900905455292756</mytracks:length></extensions></trkpt><trkpt lat="33.59450011380809" lon="130.3657706156883"><ele>1.85111823872777</ele><time>2025-12-21T08:54:15.99700Z</time><extensions><mytracks:speed>3.235327401111654</mytracks:speed><mytracks:length>0.004491152053778994</mytracks:length></extensions></trkpt><trkpt lat="33.59447078011399" lon="130.3658032038943"><ele>1.693058692772978</ele><time>2025-12-21T08:54:21.00100Z</time><extensions><mytracks:speed>3.197849631942971</mytracks:speed><mytracks:length>0.004444756694507375</mytracks:length></extensions></trkpt><trkpt lat="33.59444494492491" lon="130.3658420905922"><ele>1.592183702469858</ele><time>2025-12-21T08:54:26.49800Z</time><extensions><mytracks:speed>3.01710815547051</mytracks:speed><mytracks:length>0.004607052629800418</mytracks:length></extensions></trkpt><trkpt lat="33.59441575058745" lon="130.365871250934"><ele>1.704747794457261</ele><time>2025-12-21T08:54:31.50200Z</time><extensions><mytracks:speed>3.038475261747736</mytracks:speed><mytracks:gradient>0.02665319382142436</mytracks:gradient><mytracks:length>0.004223287188078806</mytracks:length></extensions></trkpt><trkpt lat="33.59439112153568" lon="130.365912779943"><ele>2.03551420259618</ele><time>2025-12-21T08:54:36.50200Z</time><extensions><mytracks:speed>3.400740758894653</mytracks:speed><mytracks:gradient>0.07003353975169782</mytracks:gradient><mytracks:length>0.00472297144070746</mytracks:length></extensions></trkpt><trkpt lat="33.59435721143161" lon="130.3659503885929"><ele>2.041204359318207</ele><time>2025-12-21T08:54:41.99800Z</time><extensions><mytracks:speed>3.362591387359361</mytracks:speed><mytracks:gradient>0.001108428863324112</mytracks:gradient><mytracks:length>0.005133533517850161</mytracks:length></extensions></trkpt><trkpt lat="33.59432772709287" lon="130.3659851474295"><ele>2.070062451889058</ele><time>2025-12-21T08:54:46.99900Z</time><extensions><mytracks:speed>3.307836760326644</mytracks:speed><mytracks:gradient>0.006279914921656732</mytracks:gradient><mytracks:length>0.00459529992537508</mytracks:length></extensions></trkpt><trkpt lat="33.59429625657321" lon="130.3660225293401"><ele>2.342672616362541</ele><time>2025-12-21T08:54:52.00100Z</time><extensions><mytracks:speed>3.542667670382051</mytracks:speed><mytracks:gradient>0.05537566132898168</mytracks:gradient><mytracks:length>0.004922923860970813</mytracks:length></extensions></trkpt><trkpt lat="33.59426609621893" lon="130.3660577944245"><ele>2.379336672295505</ele><time>2025-12-21T08:54:56.99700Z</time><extensions><mytracks:speed>3.372860166357261</mytracks:speed><mytracks:gradient>0.007832859012578445</mytracks:gradient><mytracks:length>0.004680801208611934</mytracks:length></extensions></trkpt><trkpt lat="33.59414589646852" lon="130.3661983380198"><ele>2.786295528523624</ele><time>2025-12-21T08:55:18.00000Z</time><extensions><mytracks:speed>3.19802434574565</mytracks:speed><mytracks:gradient>0.0218124980988364</mytracks:gradient><mytracks:length>0.01865714116668867</mytracks:length></extensions></trkpt><trkpt lat="33.59411729484233" lon="130.3662307149926"><ele>2.835119163560411</ele><time>2025-12-21T08:55:23.19900Z</time><extensions><mytracks:speed>3.026582322548035</mytracks:speed><mytracks:gradient>0.01116951876970404</mytracks:gradient><mytracks:length>0.00437114937925664</mytracks:length></extensions></trkpt><trkpt lat="33.59408691496788" lon="130.3662605208598"><ele>2.828916094735162</ele><time>2025-12-21T08:55:28.47700Z</time><extensions><mytracks:speed>2.975975157612068</mytracks:speed><mytracks:length>0.004362894132267772</mytracks:length></extensions></trkpt><trkpt lat="33.59405991083931" lon="130.3662988167478"><ele>2.559867721601876</ele><time>2025-12-21T08:55:33.97100Z</time><extensions><mytracks:speed>3.045650663481668</mytracks:speed><mytracks:length>0.004647953074994037</mytracks:length></extensions></trkpt><trkpt lat="33.59403500420442" lon="130.366336027689"><ele>2.479787360890193</ele><time>2025-12-21T08:55:38.97600Z</time><extensions><mytracks:speed>3.179740900312959</mytracks:speed><mytracks:length>0.004421376451397297</mytracks:length></extensions></trkpt><trkpt lat="33.59400560371598" lon="130.3663674887803"><ele>2.548224679818786</ele><time>2025-12-21T08:55:43.98100Z</time><extensions><mytracks:speed>3.150940416455561</mytracks:speed><mytracks:gradient>0.01562346788146186</mytracks:gradient><mytracks:length>0.004380417935879494</mytracks:length></extensions></trkpt><trkpt lat="33.5939859682211" lon="130.3663941398683"><ele>2.713330503518037</ele><time>2025-12-21T08:55:48.98500Z</time><extensions><mytracks:speed>2.369975168102595</mytracks:speed><mytracks:gradient>0.05012119660776282</mytracks:gradient><mytracks:length>0.00329413172217998</mytracks:length></extensions></trkpt><trkpt lat="33.59397594439208" lon="130.3664064863021"><ele>3.08258017727187</ele><time>2025-12-21T08:55:53.98800Z</time><extensions><mytracks:speed>1.147152137614112</mytracks:speed><mytracks:gradient>0.2316156219852463</mytracks:gradient><mytracks:length>0.00159423475234047</mytracks:length></extensions></trkpt><trkpt lat="33.59394882284337" lon="130.3664373743478"><ele>3.302945680451802</ele><time>2025-12-21T08:55:58.99000Z</time><extensions><mytracks:speed>2.992095627537797</mytracks:speed><mytracks:gradient>0.05300191853228334</mytracks:gradient><mytracks:length>0.004157689179604101</mytracks:length></extensions></trkpt><trkpt lat="33.59391606574174" lon="130.3664718488297"><ele>3.355404774184199</ele><time>2025-12-21T08:56:03.99200Z</time><extensions><mytracks:speed>3.486043303096336</mytracks:speed><mytracks:gradient>0.01083068641455634</mytracks:gradient><mytracks:length>0.004843561314995902</mytracks:length></extensions></trkpt><trkpt lat="33.59388758188584" lon="130.3665076245425"><ele>3.516086158003115</ele><time>2025-12-21T08:56:08.99400Z</time><extensions><mytracks:speed>3.299155212127298</mytracks:speed><mytracks:gradient>0.03505635101079065</mytracks:gradient><mytracks:length>0.004583517085661782</mytracks:length></extensions></trkpt><trkpt lat="33.59385592698562" lon="130.3665402882426"><ele>3.335059095253293</ele><time>2025-12-21T08:56:14.05800Z</time><extensions><mytracks:speed>3.299276821679086</mytracks:speed><mytracks:length>0.004641161364545222</mytracks:length></extensions></trkpt><trkpt lat="33.59383154626665" lon="130.3665820459101"><ele>3.411620368512574</ele><time>2025-12-21T08:56:19.08400Z</time><extensions><mytracks:speed>3.383542847676877</mytracks:speed><mytracks:gradient>0.01620712976602157</mytracks:gradient><mytracks:length>0.004723925479994175</mytracks:length></extensions></trkpt><trkpt lat="33.59380444782398" lon="130.3666214777253"><ele>3.399766475078516</ele><time>2025-12-21T08:56:24.05600Z</time><extensions><mytracks:speed>3.429081281750395</mytracks:speed><mytracks:length>0.004736310503011478</mytracks:length></extensions></trkpt><trkpt lat="33.59377370003079" lon="130.3666615746007"><ele>3.486576765895993</ele><time>2025-12-21T08:56:29.52700Z</time><extensions><mytracks:speed>3.322086826374671</mytracks:speed><mytracks:gradient>0.01719506376797149</mytracks:gradient><mytracks:length>0.005048558818326389</mytracks:length></extensions></trkpt><trkpt lat="33.5937371615045" lon="130.3667019277705"><ele>3.377641641214041</ele><time>2025-12-21T08:56:35.03200Z</time><extensions><mytracks:speed>3.609323350593967</mytracks:speed><mytracks:length>0.005519326272620882</mytracks:length></extensions></trkpt><trkpt lat="33.59370489450665" lon="130.3667311354031"><ele>3.087851324329699</ele><time>2025-12-21T08:56:40.02000Z</time><extensions><mytracks:speed>3.242363619095946</mytracks:speed><mytracks:length>0.004492155326896341</mytracks:length></extensions></trkpt><trkpt lat="33.59367519278743" lon="130.366765330932"><ele>3.048407105114907</ele><time>2025-12-21T08:56:45.01500Z</time><extensions><mytracks:speed>3.29881467545562</mytracks:speed><mytracks:length>0.00457662975331785</mytracks:length></extensions></trkpt><trkpt lat="33.59366098079466" lon="130.3667964640562"><ele>2.569058278183541</ele><time>2025-12-21T08:56:50.01400Z</time><extensions><mytracks:speed>2.368005570038393</mytracks:speed><mytracks:length>0.003288655190176201</mytracks:length></extensions></trkpt><trkpt lat="33.59369310210749" lon="130.3668407386267"><ele>3.106587357314566</ele><time>2025-12-21T08:56:55.00000Z</time><extensions><mytracks:speed>3.926638104374629</mytracks:speed><mytracks:gradient>0.09884873834695553</mytracks:gradient><mytracks:length>0.005437895193404662</mytracks:length></extensions></trkpt><trkpt lat="33.5937207547401" lon="130.3668727669916"><ele>3.395164825276186</ele><time>2025-12-21T08:57:00.01200Z</time><extensions><mytracks:speed>3.068641874363913</mytracks:speed><mytracks:gradient>0.06754950749367931</mytracks:gradient><mytracks:length>0.004272088408470234</mytracks:length></extensions></trkpt><trkpt lat="33.59374710003627" lon="130.3669076575233"><ele>3.517738614205093</ele><time>2025-12-21T08:57:05.00800Z</time><extensions><mytracks:speed>3.142997802061017</mytracks:speed><mytracks:gradient>0.02810125892053711</mytracks:gradient><mytracks:length>0.004361861127841722</mytracks:length></extensions></trkpt><trkpt lat="33.59377277003797" lon="130.3669484236979"><ele>3.523462456100295</ele><time>2025-12-21T08:57:10.00800Z</time><extensions><mytracks:speed>3.408060106048499</mytracks:speed><mytracks:gradient>0.0012092312140035</mytracks:gradient><mytracks:length>0.004733455296983076</mytracks:length></extensions></trkpt><trkpt lat="33.59380123353363" lon="130.366989932499"><ele>3.417107792095822</ele><time>2025-12-21T08:57:15.00100Z</time><extensions><mytracks:speed>3.590329479792985</mytracks:speed><mytracks:length>0.004980259041587008</mytracks:length></extensions></trkpt><trkpt lat="33.59383157826471" lon="130.3670340742734"><ele>3.460018569067854</ele><time>2025-12-21T08:57:20.00500Z</time><extensions><mytracks:speed>3.813684753077925</mytracks:speed><mytracks:gradient>0.008094697150477078</mytracks:gradient><mytracks:length>0.005301097270761088</mytracks:length></extensions></trkpt><trkpt lat="33.59386105469349" lon="130.367076773208"><ele>3.07263458253678</ele><time>2025-12-21T08:57:25.00000Z</time><extensions><mytracks:speed>3.702673257121162</mytracks:speed><mytracks:length>0.005137043626648564</mytracks:length></extensions></trkpt><trkpt lat="33.59389047290602" lon="130.3671208075405"><ele>2.928005183764574</ele><time>2025-12-21T08:57:30.00100Z</time><extensions><mytracks:speed>3.763341894154393</mytracks:speed><mytracks:length>0.005228341214580356</mytracks:length></extensions></trkpt><trkpt lat="33.5939181043288" lon="130.3671671650845"><ele>2.769682893879833</ele><time>2025-12-21T08:57:34.99900Z</time><extensions><mytracks:speed>3.803133183518086</mytracks:speed><mytracks:length>0.005279802506161881</mytracks:length></extensions></trkpt><trkpt lat="33.59394822990942" lon="130.3672116099439"><ele>2.417689010597718</ele><time>2025-12-21T08:57:40.00000Z</time><extensions><mytracks:speed>3.820387985433568</mytracks:speed><mytracks:length>0.005307044492904682</mytracks:length></extensions></trkpt><trkpt lat="33.59397940233397" lon="130.3672592345419"><ele>2.018799190087985</ele><time>2025-12-21T08:57:45.00200Z</time><extensions><mytracks:speed>4.037972975510367</mytracks:speed><mytracks:length>0.005610025500230045</mytracks:length></extensions></trkpt><trkpt lat="33.59401195524668" lon="130.367308692982"><ele>2.081084610278717</ele><time>2025-12-21T08:57:50.00300Z</time><extensions><mytracks:speed>4.202789712318285</mytracks:speed><mytracks:gradient>0.01066695615951153</mytracks:gradient><mytracks:length>0.00583909966998345</mytracks:length></extensions></trkpt><trkpt lat="33.59404397851532" lon="130.3673503523285"><ele>2.033824508456906</ele><time>2025-12-21T08:57:54.99900Z</time><extensions><mytracks:speed>3.782951051150901</mytracks:speed><mytracks:length>0.005249844723996793</mytracks:length></extensions></trkpt><trkpt lat="33.59407572367923" lon="130.367376677223"><ele>2.147747560216232</ele><time>2025-12-21T08:57:59.99800Z</time><extensions><mytracks:speed>3.089612738474576</mytracks:speed><mytracks:gradient>0.02655559420519985</mytracks:gradient><mytracks:length>0.004289983153041972</mytracks:length></extensions></trkpt><trkpt lat="33.59408453407016" lon="130.3673816174973"><ele>2.087952197893599</ele><time>2025-12-21T08:58:04.98500Z</time><extensions><mytracks:speed>0.778312179256774</mytracks:speed><mytracks:length>0.001078257711860346</mytracks:length></extensions></trkpt><trkpt lat="33.59410329308587" lon="130.3673855540831"><ele>3.018240237608552</ele><time>2025-12-21T08:58:18.99900Z</time><extensions><mytracks:speed>0.5442390525158234</mytracks:speed><mytracks:gradient>0.4391117398016988</mytracks:gradient><mytracks:length>0.002118567907419345</mytracks:length></extensions></trkpt><trkpt lat="33.59411341733837" lon="130.3673920035036"><ele>2.826011051678212</ele><time>2025-12-21T08:58:23.99300Z</time><extensions><mytracks:speed>0.9206486601296761</mytracks:speed><mytracks:length>0.001277223807631534</mytracks:length></extensions></trkpt><trkpt lat="33.59410668839416" lon="130.3673943171951"><ele>2.765529161737252</ele><time>2025-12-21T08:58:28.98500Z</time><extensions><mytracks:speed>0.5604637615321992</mytracks:speed><mytracks:length>0.0007770789043545636</mytracks:length></extensions></trkpt><trkpt lat="33.59410263688197" lon="130.3673942580332"><ele>2.713762336919907</ele><time>2025-12-21T08:58:34.48700Z</time><extensions><mytracks:speed>0.2913372973883349</mytracks:speed><mytracks:length>0.0004452860177432757</mytracks:length></extensions></trkpt><trkpt lat="33.59412861873857" lon="130.3674349141884"><ele>2.735311931038608</ele><time>2025-12-21T08:58:48.46200Z</time><extensions><mytracks:speed>1.222746073536961</mytracks:speed><mytracks:gradient>0.004539848629625217</mytracks:gradient><mytracks:length>0.004746764898300281</mytracks:length></extensions></trkpt><trkpt lat="33.59427260299923" lon="130.3676354739579"><ele>2.192456575110555</ele><time>2025-12-21T08:59:35.00000Z</time><extensions><mytracks:speed>1.897090268319709</mytracks:speed><mytracks:length>0.02452364530339769</mytracks:length></extensions></trkpt><trkpt lat="33.5943031898616" lon="130.3676689913486"><ele>2.892185225687836</ele><time>2025-12-21T08:59:40.01300Z</time><extensions><mytracks:speed>3.306351277771199</mytracks:speed><mytracks:gradient>0.1519788941317951</mytracks:gradient><mytracks:length>0.00460411726624673</mytracks:length></extensions></trkpt><trkpt lat="33.59432778012268" lon="130.3677118780359"><ele>3.358055748690228</ele><time>2025-12-21T08:59:45.00900Z</time><extensions><mytracks:speed>3.474177597546468</mytracks:speed><mytracks:gradient>0.09661124114284324</mytracks:gradient><mytracks:length>0.004822115081966341</mytracks:length></extensions></trkpt><trkpt lat="33.59435878676977" lon="130.3677481594543"><ele>3.475558790275622</ele><time>2025-12-21T08:59:50.00500Z</time><extensions><mytracks:speed>3.470142630309219</mytracks:speed><mytracks:gradient>0.02440065573690534</mytracks:gradient><mytracks:length>0.004815569009798114</mytracks:length></extensions></trkpt><trkpt lat="33.59438983788851" lon="130.3677866080037"><ele>3.213533939131211</ele><time>2025-12-21T08:59:54.99700Z</time><extensions><mytracks:speed>3.57773821357643</mytracks:speed><mytracks:length>0.004961220937885286</mytracks:length></extensions></trkpt><trkpt lat="33.59441419157372" lon="130.3678208930578"><ele>2.801232662561553</ele><time>2025-12-21T09:00:00.00600Z</time><extensions><mytracks:speed>2.999442379271927</mytracks:speed><mytracks:length>0.004172835638435277</mytracks:length></extensions></trkpt><trkpt lat="33.59444548034272" lon="130.3678553263527"><ele>3.013415661458188</ele><time>2025-12-21T09:00:05.00400Z</time><extensions><mytracks:speed>3.398736871602235</mytracks:speed><mytracks:gradient>0.04496209021875128</mytracks:gradient><mytracks:length>0.004719153354844355</mytracks:length></extensions></trkpt><trkpt lat="33.59447553455685" lon="130.3678935594799"><ele>2.551581153968927</ele><time>2025-12-21T09:00:09.99800Z</time><extensions><mytracks:speed>3.511017656886008</mytracks:speed><mytracks:length>0.004870467618753026</mytracks:length></extensions></trkpt><trkpt lat="33.59451069393326" lon="130.3679268351488"><ele>2.687366415213549</ele><time>2025-12-21T09:00:15.00200Z</time><extensions><mytracks:speed>3.581370105958256</mytracks:speed><mytracks:gradient>0.02727461113864004</mytracks:gradient><mytracks:length>0.004978449025520835</mytracks:length></extensions></trkpt><trkpt lat="33.59453823177847" lon="130.3679619388683"><ele>2.843377247997429</ele><time>2025-12-21T09:00:20.00000Z</time><extensions><mytracks:speed>3.217631933422004</mytracks:speed><mytracks:gradient>0.03492514589752073</mytracks:gradient><mytracks:length>0.004467005900037049</mytracks:length></extensions></trkpt><trkpt lat="33.59455785300518" lon="130.3680076207406"><ele>3.145380647188461</ele><time>2025-12-21T09:00:25.00200Z</time><extensions><mytracks:speed>3.426334970625609</mytracks:speed><mytracks:gradient>0.06343298061136012</mytracks:gradient><mytracks:length>0.004760983896395165</mytracks:length></extensions></trkpt><trkpt lat="33.59456373243933" lon="130.3680626902608"><ele>3.3512525055662</ele><time>2025-12-21T09:00:29.99800Z</time><extensions><mytracks:speed>3.705670442393298</mytracks:speed><mytracks:gradient>0.04003494279451452</mytracks:gradient><mytracks:length>0.005142304297383615</mytracks:length></extensions></trkpt><trkpt lat="33.59459319890431" lon="130.3680967788324"><ele>2.793681016667705</ele><time>2025-12-21T09:00:34.98500Z</time><extensions><mytracks:speed>3.284118341589999</mytracks:speed><mytracks:length>0.004548976148163141</mytracks:length></extensions></trkpt><trkpt lat="33.59463767290478" lon="130.3681220024229"><ele>2.446646160005302</ele><time>2025-12-21T09:00:40.50000Z</time><extensions><mytracks:speed>3.569823735149135</mytracks:speed><mytracks:length>0.005469294940378471</mytracks:length></extensions></trkpt><trkpt lat="33.59467983297746" lon="130.3681573698134"><ele>2.791635069023777</ele><time>2025-12-21T09:00:46.49700Z</time><extensions><mytracks:speed>3.43299189610134</mytracks:speed><mytracks:gradient>0.06032313882657556</mytracks:gradient><mytracks:length>0.00571901455609417</mytracks:length></extensions></trkpt><trkpt lat="33.59470042310894" lon="130.3682012641129"><ele>2.098027423408105</ele><time>2025-12-21T09:00:52.50500Z</time><extensions><mytracks:speed>2.795880018643753</mytracks:speed><mytracks:length>0.004665372073237528</mytracks:length></extensions></trkpt><trkpt lat="33.5947311083148" lon="130.3682408131272"><ele>2.067036690910202</ele><time>2025-12-21T09:00:57.99900Z</time><extensions><mytracks:speed>3.280137823087952</mytracks:speed><mytracks:length>0.005006430738011472</mytracks:length></extensions></trkpt><trkpt lat="33.59476498046229" lon="130.3682686627598"><ele>3.073322401019409</ele><time>2025-12-21T09:01:02.99900Z</time><extensions><mytracks:speed>3.286005642991677</mytracks:speed><mytracks:gradient>0.2204923950522369</mytracks:gradient><mytracks:length>0.004563811417943952</mytracks:length></extensions></trkpt><trkpt lat="33.59480309912705" lon="130.3683060060111"><ele>3.571981281990241</ele><time>2025-12-21T09:01:08.00100Z</time><extensions><mytracks:speed>3.937171562107165</mytracks:speed><mytracks:gradient>0.09116052096677647</mytracks:gradient><mytracks:length>0.005470118815496554</mytracks:length></extensions></trkpt><trkpt lat="33.59484983525297" lon="130.3683416500189"><ele>3.620260252186779</ele><time>2025-12-21T09:01:13.00100Z</time><extensions><mytracks:speed>4.432450218178478</mytracks:speed><mytracks:gradient>0.007842369128280598</mytracks:gradient><mytracks:length>0.006156171611769494</mytracks:length></extensions></trkpt><trkpt lat="33.59489505176991" lon="130.3683817779568"><ele>3.555684174262646</ele><time>2025-12-21T09:01:18.00300Z</time><extensions><mytracks:speed>4.499424230797421</mytracks:speed><mytracks:length>0.006252049802996037</mytracks:length></extensions></trkpt><trkpt lat="33.59492688795847" lon="130.3684184837132"><ele>2.932786055806165</ele><time>2025-12-21T09:01:23.00500Z</time><extensions><mytracks:speed>3.532545396541174</mytracks:speed><mytracks:length>0.00490825589880127</mytracks:length></extensions></trkpt><trkpt lat="33.5949550085124" lon="130.3684493955872"><ele>2.961216705613641</ele><time>2025-12-21T09:01:27.99000Z</time><extensions><mytracks:speed>3.061710091828342</mytracks:speed><mytracks:gradient>0.006706508682519402</mytracks:gradient><mytracks:length>0.0042392623574142</mytracks:length></extensions></trkpt><trkpt lat="33.59497973246409" lon="130.3684867232462"><ele>2.821248709014577</ele><time>2025-12-21T09:01:33.00300Z</time><extensions><mytracks:speed>3.171426233237465</mytracks:speed><mytracks:length>0.004416277411007044</mytracks:length></extensions></trkpt><trkpt lat="33.59501406672473" lon="130.3685245854332"><ele>3.088009143432179</ele><time>2025-12-21T09:01:38.00000Z</time><extensions><mytracks:speed>3.734196839990459</mytracks:speed><mytracks:gradient>0.05146508686790747</mytracks:gradient><mytracks:length>0.005183328167739821</mytracks:length></extensions></trkpt><trkpt lat="33.59504515141917" lon="130.3685630077964"><ele>3.093050323697927</ele><time>2025-12-21T09:01:43.00000Z</time><extensions><mytracks:speed>3.572181191033633</mytracks:speed><mytracks:gradient>0.001016116864953963</mytracks:gradient><mytracks:length>0.004961220937885286</mytracks:length></extensions></trkpt><trkpt lat="33.59506950186731" lon="130.3686054208018"><ele>2.732596588493887</ele><time>2025-12-21T09:01:47.99800Z</time><extensions><mytracks:speed>3.437512303457529</mytracks:speed><mytracks:length>0.004772328592137473</mytracks:length></extensions></trkpt><trkpt lat="33.59509876967236" lon="130.3686529351722"><ele>2.966485049270636</ele><time>2025-12-21T09:01:52.99600Z</time><extensions><mytracks:speed>3.942781150156673</mytracks:speed><mytracks:gradient>0.04272531301661663</mytracks:gradient><mytracks:length>0.005474236331183456</mytracks:length></extensions></trkpt><trkpt lat="33.59513526759508" lon="130.3686841875983"><ele>2.860267221552017</ele><time>2025-12-21T09:01:58.00100Z</time><extensions><mytracks:speed>3.585155071113684</mytracks:speed><mytracks:length>0.004984781206362885</mytracks:length></extensions></trkpt><trkpt lat="33.59516006731872" lon="130.3687161764934"><ele>2.453478300111512</ele><time>2025-12-21T09:02:03.00000Z</time><extensions><mytracks:speed>2.914317287309175</mytracks:speed><mytracks:length>0.004046738875120024</mytracks:length></extensions></trkpt><trkpt lat="33.59518877718084" lon="130.3687522232084"><ele>2.298231195657066</ele><time>2025-12-21T09:02:08.00500Z</time><extensions><mytracks:speed>3.323977564816581</mytracks:speed><mytracks:length>0.004620726337379165</mytracks:length></extensions></trkpt><trkpt lat="33.59522513682936" lon="130.368788494615"><ele>2.490347665067682</ele><time>2025-12-21T09:02:13.00300Z</time><extensions><mytracks:speed>3.786001419003645</mytracks:speed><mytracks:gradient>0.03654692178538592</mytracks:gradient><mytracks:length>0.005256707269049335</mytracks:length></extensions></trkpt><trkpt lat="33.59525462178917" lon="130.3688336744874"><ele>2.351786966340876</ele><time>2025-12-21T09:02:17.99800Z</time><extensions><mytracks:speed>3.83072700091477</mytracks:speed><mytracks:length>0.005315528981923517</mytracks:length></extensions></trkpt><trkpt lat="33.59528241704438" lon="130.3688857263249"><ele>2.482963066542627</ele><time>2025-12-21T09:02:23.00300Z</time><extensions><mytracks:speed>4.119640696032151</mytracks:speed><mytracks:gradient>0.02290529923596671</mytracks:gradient><mytracks:length>0.005726888736549361</mytracks:length></extensions></trkpt><trkpt lat="33.59531313051851" lon="130.3689231542681"><ele>2.816005293893088</ele><time>2025-12-21T09:02:28.00100Z</time><extensions><mytracks:speed>3.505003768189175</mytracks:speed><mytracks:gradient>0.06844497168915568</mytracks:gradient><mytracks:length>0.004865839215523084</mytracks:length></extensions></trkpt><trkpt lat="33.59534221835369" lon="130.3689593899929"><ele>2.948275623484752</ele><time>2025-12-21T09:02:32.99800Z</time><extensions><mytracks:speed>3.357674661303668</mytracks:speed><mytracks:gradient>0.02838090216715027</mytracks:gradient><mytracks:length>0.004660539993149415</mytracks:length></extensions></trkpt><trkpt lat="33.59537067314704" lon="130.3689850841579"><ele>2.630299941937819</ele><time>2025-12-21T09:02:37.99700Z</time><extensions><mytracks:speed>2.850886815341356</mytracks:speed><mytracks:length>0.00395892713762402</mytracks:length></extensions></trkpt><trkpt lat="33.5954003624142" lon="130.3690132676111"><ele>2.064717681795289</ele><time>2025-12-21T09:02:43.00200Z</time><extensions><mytracks:speed>3.027771862734013</mytracks:speed><mytracks:length>0.004209393000492109</mytracks:length></extensions></trkpt><trkpt lat="33.59542682145683" lon="130.3690559580616"><ele>2.077540764008379</ele><time>2025-12-21T09:02:48.49600Z</time><extensions><mytracks:speed>3.229147453961491</mytracks:speed><mytracks:gradient>0.00260186838514432</mytracks:gradient><mytracks:length>0.004928413092032276</mytracks:length></extensions></trkpt><trkpt lat="33.59543030910306" lon="130.3690880161995"><ele>1.672547453307234</ele><time>2025-12-21T09:02:53.49700Z</time><extensions><mytracks:speed>2.15585830667542</mytracks:speed><mytracks:length>0.002994603019749788</mytracks:length></extensions></trkpt><trkpt lat="33.59543075948876" lon="130.3690997692926"><ele>2.844767986417153</ele><time>2025-12-21T09:02:58.48600Z</time><extensions><mytracks:speed>0.7900017475989227</mytracks:speed><mytracks:gradient>1.07067037500054</mytracks:gradient><mytracks:length>0.001094847266236659</mytracks:length></extensions></trkpt><trkpt lat="33.59543145267688" lon="130.3691134139191"><ele>3.689388544183466</ele><time>2025-12-21T09:03:03.99200Z</time><extensions><mytracks:speed>0.8258157676115924</mytracks:speed><mytracks:gradient>0.6687245956102912</mytracks:gradient><mytracks:length>0.001263031991511386</mytracks:length></extensions></trkpt><trkpt lat="33.5954286650193" lon="130.3691258799469"><ele>4.261522052681902</ele><time>2025-12-21T09:03:08.98200Z</time><extensions><mytracks:speed>0.8581314534311101</mytracks:speed><mytracks:gradient>0.480972050522831</mytracks:gradient><mytracks:length>0.001189535874021183</mytracks:length></extensions></trkpt><trkpt lat="33.59542769636477" lon="130.3691280320269"><ele>4.43892605509609</ele><time>2025-12-21T09:03:13.99500Z</time><extensions><mytracks:speed>0.1524430907487117</mytracks:speed><mytracks:gradient>0.8357005610720601</mytracks:gradient><mytracks:length>0.0002122817797161812</mytracks:length></extensions></trkpt><trkpt lat="33.59542444643596" lon="130.3691376907546"><ele>4.245356612294625</ele><time>2025-12-21T09:03:18.99400Z</time><extensions><mytracks:speed>0.6938955573531538</mytracks:speed><mytracks:length>0.0009634880447566896</mytracks:length></extensions></trkpt><trkpt lat="33.59542237686851" lon="130.3691533895067"><ele>4.073260868292466</ele><time>2025-12-21T09:03:31.64600Z</time><extensions><mytracks:speed>0.4184866548815731</mytracks:speed><mytracks:length>0.001470731311958284</mytracks:length></extensions></trkpt><trkpt lat="33.59548083273231" lon="130.369227345738"><ele>5.034761822782457</ele><time>2025-12-21T09:05:06.00000Z</time><extensions><mytracks:speed>0.3603104477280531</mytracks:speed><mytracks:gradient>0.1018155478859789</mytracks:gradient><mytracks:length>0.009443557241048841</mytracks:length></extensions></trkpt><trkpt lat="33.59561909352617" lon="130.3694239893927"><ele>4.948570349945752</ele><time>2025-12-21T09:05:11.03900Z</time><extensions><mytracks:speed>17.02855173398294</mytracks:speed><mytracks:length>0.02383462160680492</mytracks:length></extensions></trkpt><trkpt lat="33.59584375775849" lon="130.369672561503"><ele>4.713380364165135</ele><time>2025-12-21T09:05:16.08900Z</time><extensions><mytracks:speed>24.2185261050469</mytracks:speed><mytracks:length>0.03397251380445583</mytracks:length></extensions></trkpt><trkpt lat="33.59596379057341" lon="130.3698045024317"><ele>4.480614603345907</ele><time>2025-12-21T09:05:30.92600Z</time><extensions><mytracks:speed>4.390642686224305</mytracks:speed><mytracks:length>0.01809632136414369</mytracks:length></extensions></trkpt><trkpt lat="33.59609074886456" lon="130.3699046622301"><ele>4.702640703879297</ele><time>2025-12-21T09:07:05.00000Z</time><extensions><mytracks:speed>0.6464359264443206</mytracks:speed><mytracks:gradient>0.01314358989243374</mytracks:gradient><mytracks:length>0.01689234846418953</mytracks:length></extensions></trkpt><trkpt lat="33.5963288859832" lon="130.3701563544644"><ele>5.118089755016624</ele><time>2025-12-21T09:07:10.45500Z</time><extensions><mytracks:speed>23.28006553783493</mytracks:speed><mytracks:gradient>0.0117760889220197</mytracks:gradient><mytracks:length>0.03527903482118696</mytracks:length></extensions></trkpt><trkpt lat="33.59674758283778" lon="130.370340561953"><ele>5.164601272617849</ele><time>2025-12-21T09:07:16.09300Z</time><extensions><mytracks:speed>31.66077269052807</mytracks:speed><mytracks:gradient>0.0009380236610311192</mytracks:gradient><mytracks:length>0.04958458888989858</mytracks:length></extensions></trkpt><trkpt lat="33.59719197044045" lon="130.3703960922061"><ele>4.412181574539486</ele><time>2025-12-21T09:07:22.50700Z</time><extensions><mytracks:speed>27.88682458041237</mytracks:speed><mytracks:length>0.04968055847809924</mytracks:length></extensions></trkpt><trkpt lat="33.59729027359566" lon="130.3704033405777"><ele>4.624048086838982</ele><time>2025-12-21T09:07:30.94600Z</time><extensions><mytracks:speed>4.671621950275815</mytracks:speed><mytracks:gradient>0.0193461486807047</mytracks:gradient><mytracks:length>0.01095135346038183</mytracks:length></extensions></trkpt><trkpt lat="33.59740572508156" lon="130.3704436480037"><ele>4.549216045066714</ele><time>2025-12-21T09:07:54.00000Z</time><extensions><mytracks:speed>2.0877360786481</mytracks:speed><mytracks:length>0.01336937098683257</mytracks:length></extensions></trkpt><trkpt lat="33.59763712476198" lon="130.370460677767"><ele>3.732255766168237</ele><time>2025-12-21T09:08:33.99900Z</time><extensions><mytracks:speed>2.320108740090989</mytracks:speed><mytracks:length>0.02577873577428265</mytracks:length></extensions></trkpt><trkpt lat="33.59792391180383" lon="130.3704959225298"><ele>5.137388968848671</ele><time>2025-12-21T09:08:39.17600Z</time><extensions><mytracks:speed>22.29294570072483</mytracks:speed><mytracks:gradient>0.04383376575688103</mytracks:gradient><mytracks:length>0.03205595454595083</mytracks:length></extensions></trkpt><trkpt lat="33.59837142478015" lon="130.3705909891988"><ele>6.066208443798774</ele><time>2025-12-21T09:08:45.11100Z</time><extensions><mytracks:speed>30.65323244848268</mytracks:speed><mytracks:gradient>0.01838001317561385</mytracks:gradient><mytracks:length>0.05053421159580222</mytracks:length></extensions></trkpt><trkpt lat="33.59877403688622" lon="130.3708285766401"><ele>5.362507768702856</ele><time>2025-12-21T09:08:50.10400Z</time><extensions><mytracks:speed>35.96260969902373</mytracks:speed><mytracks:length>0.04988423087505515</mytracks:length></extensions></trkpt><trkpt lat="33.59912866637853" lon="130.3711482194509"><ele>4.072128909791914</ele><time>2025-12-21T09:08:55.17600Z</time><extensions><mytracks:speed>34.99974642771292</mytracks:speed><mytracks:length>0.04930926947393869</mytracks:length></extensions></trkpt><trkpt lat="33.59943894088044" lon="130.3715179397693"><ele>4.147398098782621</ele><time>2025-12-21T09:09:00.89600Z</time><extensions><mytracks:speed>30.59626743988012</mytracks:speed><mytracks:gradient>0.001548450025362415</mytracks:gradient><mytracks:length>0.04860937567106199</mytracks:length></extensions></trkpt><trkpt lat="33.59971897107046" lon="130.3719043895287"><ele>3.074931499548256</ele><time>2025-12-21T09:09:07.00000Z</time><extensions><mytracks:speed>27.97823042835711</mytracks:speed><mytracks:length>0.04744077468620736</mytracks:length></extensions></trkpt><trkpt lat="33.59989487473961" lon="130.372245371849"><ele>1.048666062985427</ele><time>2025-12-21T09:09:12.58300Z</time><extensions><mytracks:speed>23.95113847184738</mytracks:speed><mytracks:length>0.03714712791647905</mytracks:length></extensions></trkpt><trkpt lat="33.60001634424246" lon="130.372468613208"><ele>-0.1238670131552142</ele><time>2025-12-21T09:09:18.51600Z</time><extensions><mytracks:speed>14.98589645824364</mytracks:speed><mytracks:length>0.02469686626646345</mytracks:length></extensions></trkpt><trkpt lat="33.60009315329155" lon="130.372607240723"><ele>-0.4955435097943693</ele><time>2025-12-21T09:09:23.98100Z</time><extensions><mytracks:speed>10.15758545408153</mytracks:speed><mytracks:length>0.01542048513324129</mytracks:length></extensions></trkpt><trkpt lat="33.60016116855112" lon="130.3728423989556"><ele>-0.3943334421149386</ele><time>2025-12-21T09:09:28.99600Z</time><extensions><mytracks:speed>16.55185433757228</mytracks:speed><mytracks:gradient>0.004389900317788309</mytracks:gradient><mytracks:length>0.02305520862724777</mytracks:length></extensions></trkpt><trkpt lat="33.60026478507266" lon="130.3732072771454"><ele>0.1690577133465027</ele><time>2025-12-21T09:09:33.98700Z</time><extensions><mytracks:speed>25.75330854315473</mytracks:speed><mytracks:gradient>0.01577955123678929</mytracks:gradient><mytracks:length>0.03570387693586122</mytracks:length></extensions></trkpt><trkpt lat="33.60035618329128" lon="130.3736147087108"><ele>-1.158032130929104</ele><time>2025-12-21T09:09:39.85700Z</time><extensions><mytracks:speed>23.96777656807169</mytracks:speed><mytracks:length>0.03907945553672417</mytracks:length></extensions></trkpt><trkpt lat="33.60039546100792" lon="130.373890697267"><ele>-2.285724190831606</ele><time>2025-12-21T09:09:45.05300Z</time><extensions><mytracks:speed>17.96481758718266</mytracks:speed><mytracks:length>0.0259312425477494</mytracks:length></extensions></trkpt><trkpt lat="33.60040344444734" lon="130.3740642659966"><ele>-1.502564808436289</ele><time>2025-12-21T09:09:50.82600Z</time><extensions><mytracks:speed>10.03988492416123</mytracks:speed><mytracks:gradient>0.04864554772735707</mytracks:gradient><mytracks:length>0.01609930238188864</mytracks:length></extensions></trkpt><trkpt lat="33.60035977777238" lon="130.3743869015971"><ele>-1.28535566694989</ele><time>2025-12-21T09:09:55.88500Z</time><extensions><mytracks:speed>21.53945726803142</mytracks:speed><mytracks:gradient>0.007175000484998549</mytracks:gradient><mytracks:length>0.03027304903191832</mytracks:length></extensions></trkpt><trkpt lat="33.60033624486891" lon="130.3749441956037"><ele>0.08736883088654819</ele><time>2025-12-21T09:10:01.91600Z</time><extensions><mytracks:speed>30.85329984444438</mytracks:speed><mytracks:gradient>0.02656167135142492</mytracks:gradient><mytracks:length>0.05168065215756076</mytracks:length></extensions></trkpt><trkpt lat="33.600293574091" lon="130.3754891997515"><ele>3.51010744601959</ele><time>2025-12-21T09:10:07.45800Z</time><extensions><mytracks:speed>32.93227096801657</mytracks:speed><mytracks:gradient>0.06751131788618814</mytracks:gradient><mytracks:length>0.05069873796425007</mytracks:length></extensions></trkpt><trkpt lat="33.60029569931069" lon="130.3760884526333"><ele>7.008524556549925</ele><time>2025-12-21T09:10:12.81600Z</time><extensions><mytracks:speed>37.2861125374103</mytracks:speed><mytracks:gradient>0.06303328085674233</mytracks:gradient><mytracks:length>0.05550111088904439</mytracks:length></extensions></trkpt><trkpt lat="33.6002444233317" lon="130.3767808108793"><ele>9.712016211436252</ele><time>2025-12-21T09:10:18.37700Z</time><extensions><mytracks:speed>41.6809029417466</mytracks:speed><mytracks:gradient>0.04199496734380014</mytracks:gradient><mytracks:length>0.06437656285701228</mytracks:length></extensions></trkpt><trkpt lat="33.60008161286289" lon="130.377525385216"><ele>14.83946585592169</ele><time>2025-12-21T09:10:23.94900Z</time><extensions><mytracks:speed>46.05978224807921</mytracks:speed><mytracks:gradient>0.07191723456422107</mytracks:gradient><mytracks:length>0.0712965351845767</mytracks:length></extensions></trkpt><trkpt lat="33.59976471304141" lon="130.3781609258424"><ele>17.98649609876757</ele><time>2025-12-21T09:10:28.99200Z</time><extensions><mytracks:speed>48.9707773210996</mytracks:speed><mytracks:gradient>0.04587301234763031</mytracks:gradient><mytracks:length>0.06860308669065296</mytracks:length></extensions></trkpt><trkpt lat="33.59948218590668" lon="130.3788466799662"><ele>21.21535556194399</ele><time>2025-12-21T09:10:33.99700Z</time><extensions><mytracks:speed>50.96620088946504</mytracks:speed><mytracks:gradient>0.04556840324141843</mytracks:gradient><mytracks:length>0.07085741947265806</mytracks:length></extensions></trkpt><trkpt lat="33.59935024375797" lon="130.3795717052753"><ele>25.08625040375393</ele><time>2025-12-21T09:10:38.97500Z</time><extensions><mytracks:speed>49.70528340066379</mytracks:speed><mytracks:gradient>0.05631713232844721</mytracks:gradient><mytracks:length>0.06873387691749813</mytracks:length></extensions></trkpt><trkpt lat="33.59939988289758" lon="130.3803500419484"><ele>29.77143452467292</ele><time>2025-12-21T09:10:44.00700Z</time><extensions><mytracks:speed>51.7279184913326</mytracks:speed><mytracks:gradient>0.06480343877769495</mytracks:gradient><mytracks:length>0.07229838738946072</mytracks:length></extensions></trkpt><trkpt lat="33.59955222321398" lon="130.3811033748243"><ele>35.04350959769824</ele><time>2025-12-21T09:10:49.00500Z</time><extensions><mytracks:speed>51.71432984054359</mytracks:speed><mytracks:gradient>0.07342887308840894</mytracks:gradient><mytracks:length>0.07179839280221142</mytracks:length></extensions></trkpt><trkpt lat="33.59970468988157" lon="130.3818702110713"><ele>38.03381242050789</ele><time>2025-12-21T09:10:54.00300Z</time><extensions><mytracks:speed>52.59580336092981</mytracks:speed><mytracks:gradient>0.0409531852386662</mytracks:gradient><mytracks:length>0.07301758838495262</mytracks:length></extensions></trkpt><trkpt lat="33.59983832145307" lon="130.3826419228068"><ele>39.56754263066622</ele><time>2025-12-21T09:10:59.03900Z</time><extensions><mytracks:speed>52.18715393495076</mytracks:speed><mytracks:gradient>0.02100947070555603</mytracks:gradient><mytracks:length>0.07300184910192579</mytracks:length></extensions></trkpt><trkpt lat="33.59999565414593" lon="130.3834011215832"><ele>41.11723379600697</ele><time>2025-12-21T09:11:03.99700Z</time><extensions><mytracks:speed>52.60537411033796</mytracks:speed><mytracks:gradient>0.02138737802448455</mytracks:gradient><mytracks:length>0.07245821173435318</mytracks:length></extensions></trkpt><trkpt lat="33.60018675367645" lon="130.3843546000043"><ele>42.85064132858541</ele><time>2025-12-21T09:11:10.37800Z</time><extensions><mytracks:speed>51.24693428496879</mytracks:speed><mytracks:gradient>0.01908440643504106</mytracks:gradient><mytracks:length>0.09082847498970226</mytracks:length></extensions></trkpt><trkpt lat="33.60032167941595" lon="130.3851403617719"><ele>42.89869997082339</ele><time>2025-12-21T09:11:15.64500Z</time><extensions><mytracks:speed>50.78344264638304</mytracks:speed><mytracks:gradient>0.000646777537262215</mytracks:gradient><mytracks:length>0.07430474849421374</mytracks:length></extensions></trkpt><trkpt lat="33.60029568660752" lon="130.3860489858038"><ele>42.72934112500271</ele><time>2025-12-21T09:11:21.46100Z</time><extensions><mytracks:speed>52.12314070049592</mytracks:speed><mytracks:length>0.08420300689581164</mytracks:length></extensions></trkpt><trkpt lat="33.60010648847807" lon="130.386813379092"><ele>41.26205284537441</ele><time>2025-12-21T09:11:26.49900Z</time><extensions><mytracks:speed>52.77509458378978</mytracks:speed><mytracks:length>0.07385508574603405</mytracks:length></extensions></trkpt><trkpt lat="33.59988638003669" lon="130.3876122423306"><ele>39.61822880473059</ele><time>2025-12-21T09:11:32.00700Z</time><extensions><mytracks:speed>50.93766068320404</mytracks:speed><mytracks:length>0.07793106712619428</mytracks:length></extensions></trkpt><trkpt lat="33.59979782894023" lon="130.3883311837049"><ele>36.61305564886588</ele><time>2025-12-21T09:11:37.00300Z</time><extensions><mytracks:speed>48.49843254202552</mytracks:speed><mytracks:length>0.06731013050281201</mytracks:length></extensions></trkpt><trkpt lat="33.59989325421852" lon="130.3890601004873"><ele>33.26161747255838</ele><time>2025-12-21T09:11:41.99500Z</time><extensions><mytracks:speed>49.28205139742758</mytracks:speed><mytracks:length>0.06833871116871736</mytracks:length></extensions></trkpt><trkpt lat="33.6001343171682" lon="130.3897676413711"><ele>28.03926569337064</ele><time>2025-12-21T09:11:47.00800Z</time><extensions><mytracks:speed>50.84901249861736</mytracks:speed><mytracks:length>0.07080028587531093</mytracks:length></extensions></trkpt><trkpt lat="33.6004614001635" lon="130.3905909067531"><ele>21.59942109716301</ele><time>2025-12-21T09:11:53.01100Z</time><extensions><mytracks:speed>50.65710114001364</mytracks:speed><mytracks:length>0.08447780029061666</mytracks:length></extensions></trkpt><trkpt lat="33.60069185583733" lon="130.3913609209655"><ele>14.97540043959699</ele><time>2025-12-21T09:11:58.97600Z</time><extensions><mytracks:speed>45.73998033202179</mytracks:speed><mytracks:length>0.07577989766153602</mytracks:length></extensions></trkpt><trkpt lat="33.60067087047643" lon="130.3919236757425"><ele>12.42783975091581</ele><time>2025-12-21T09:12:03.98300Z</time><extensions><mytracks:speed>37.50498184531382</mytracks:speed><mytracks:length>0.0521721937568467</mytracks:length></extensions></trkpt><trkpt lat="33.60030222792913" lon="130.3923328526795"><ele>10.41669087425324</ele><time>2025-12-21T09:12:09.04100Z</time><extensions><mytracks:speed>39.73548277664251</mytracks:speed><mytracks:length>0.05582478058798294</mytracks:length></extensions></trkpt><trkpt lat="33.59983271038621" lon="130.3926400268444"><ele>7.138142171702611</ele><time>2025-12-21T09:12:14.04200Z</time><extensions><mytracks:speed>42.79680952388282</mytracks:speed><mytracks:length>0.05945618161004305</mytracks:length></extensions></trkpt><trkpt lat="33.59932537846131" lon="130.3929600413194"><ele>2.516482113330592</ele><time>2025-12-21T09:12:18.99600Z</time><extensions><mytracks:speed>46.30959307671902</mytracks:speed><mytracks:length>0.06372478397320173</mytracks:length></extensions></trkpt><trkpt lat="33.59882728379458" lon="130.3932821315562"><ele>0.3042150752711181</ele><time>2025-12-21T09:12:24.00200Z</time><extensions><mytracks:speed>45.24120163645365</mytracks:speed><mytracks:length>0.06290844378582851</mytracks:length></extensions></trkpt><trkpt lat="33.59844010805528" lon="130.3935926337893"><ele>-0.890967237677487</ele><time>2025-12-21T09:12:28.97100Z</time><extensions><mytracks:speed>37.51291684551842</mytracks:speed><mytracks:length>0.05177369392428148</mytracks:length></extensions></trkpt><trkpt lat="33.59812186078599" lon="130.3938672058863"><ele>-2.36511059776263</ele><time>2025-12-21T09:12:34.07900Z</time><extensions><mytracks:speed>30.70754218407505</mytracks:speed><mytracks:length>0.04357737002454184</mytracks:length></extensions></trkpt><trkpt lat="33.59772197628865" lon="130.3941086009951"><ele>-5.123963426770089</ele><time>2025-12-21T09:12:40.03600Z</time><extensions><mytracks:speed>30.07833989528787</mytracks:speed><mytracks:length>0.04976964321162273</mytracks:length></extensions></trkpt><trkpt lat="33.597385997663" lon="130.3943102613105"><ele>-8.036537280915596</ele><time>2025-12-21T09:12:45.94400Z</time><extensions><mytracks:speed>25.45389656486802</mytracks:speed><mytracks:length>0.04176786298936662</mytracks:length></extensions></trkpt><trkpt lat="33.59725602049296" lon="130.3945085141943"><ele>-8.435810172568763</ele><time>2025-12-21T09:12:51.01600Z</time><extensions><mytracks:speed>16.58470909892871</mytracks:speed><mytracks:length>0.02336758645052974</mytracks:length></extensions></trkpt><trkpt lat="33.59722167932984" lon="130.39462895549"><ele>-6.684417726453431</ele><time>2025-12-21T09:12:55.96800Z</time><extensions><mytracks:speed>8.571803646414505</mytracks:speed><mytracks:gradient>0.1485399139739169</mytracks:gradient><mytracks:length>0.01179071940504066</mytracks:length></extensions></trkpt><trkpt lat="33.59722075611542" lon="130.3946713135165"><ele>-2.347486711796311</ele><time>2025-12-21T09:13:00.94800Z</time><extensions><mytracks:speed>2.836944527116123</mytracks:speed><mytracks:gradient>1.105054671695697</mytracks:gradient><mytracks:length>0.003924630270104317</mytracks:length></extensions></trkpt><trkpt lat="33.59722130790686" lon="130.394689622337"><ele>1.169757011399506</ele><time>2025-12-21T09:13:05.98300Z</time><extensions><mytracks:speed>1.21244600566082</mytracks:speed><mytracks:gradient>2.07433742982407</mytracks:gradient><mytracks:length>0.001695598639173244</mytracks:length></extensions></trkpt><trkpt lat="33.59723597091495" lon="130.3946974434071"><ele>1.905040556237774</ele><time>2025-12-21T09:13:11.61700Z</time><extensions><mytracks:speed>1.139653638547204</mytracks:speed><mytracks:gradient>0.4122301727624759</mytracks:gradient><mytracks:length>0.001783672310813438</mytracks:length></extensions></trkpt><trkpt lat="33.59728790227535" lon="130.394711160307"><ele>2.213164891116321</ele><time>2025-12-21T09:13:30.00000Z</time><extensions><mytracks:speed>1.158078320355876</mytracks:speed><mytracks:gradient>0.05210536212539738</mytracks:gradient><mytracks:length>0.005913486104117491</mytracks:length></extensions></trkpt><trkpt lat="33.59725233594236" lon="130.3947062420899"><ele>2.196469683683794</ele><time>2025-12-21T09:13:35.49100Z</time><extensions><mytracks:speed>2.610381865412177</mytracks:speed><mytracks:length>0.003981627593963781</mytracks:length></extensions></trkpt><trkpt lat="33.59723658111092" lon="130.3947291545906"><ele>2.101409524845267</ele><time>2025-12-21T09:13:41.31400Z</time><extensions><mytracks:speed>1.702058965724288</mytracks:speed><mytracks:length>0.002753123641014121</mytracks:length></extensions></trkpt><trkpt lat="33.59716746236124" lon="130.394864288367"><ele>1.880311258137226</ele><time>2025-12-21T09:14:05.00000Z</time><extensions><mytracks:speed>2.232381400982319</mytracks:speed><mytracks:length>0.01468769027813273</mytracks:length></extensions></trkpt><trkpt lat="33.59713685321793" lon="130.3951765218939"><ele>2.442704353501921</ele><time>2025-12-21T09:14:10.04900Z</time><extensions><mytracks:speed>20.76164037465056</mytracks:speed><mytracks:gradient>0.01931392463327221</mytracks:gradient><mytracks:length>0.02911853007833826</mytracks:length></extensions></trkpt><trkpt lat="33.59710971181507" lon="130.3955644331859"><ele>3.377473714668565</ele><time>2025-12-21T09:14:15.07200Z</time><extensions><mytracks:speed>25.84051489365999</mytracks:speed><mytracks:gradient>0.02592644239867663</mytracks:gradient><mytracks:length>0.03605467139657994</mytracks:length></extensions></trkpt><trkpt lat="33.59699896809926" lon="130.3959105650283"><ele>4.498151678311958</ele><time>2025-12-21T09:14:20.95700Z</time><extensions><mytracks:speed>21.0059734647212</mytracks:speed><mytracks:gradient>0.03263244814052852</mytracks:gradient><mytracks:length>0.0343424421856828</mytracks:length></extensions></trkpt><trkpt lat="33.5968453453863" lon="130.3960643881935"><ele>4.81767256798346</ele><time>2025-12-21T09:14:25.98200Z</time><extensions><mytracks:speed>15.93690311620959</mytracks:speed><mytracks:gradient>0.01436446058849193</mytracks:gradient><mytracks:length>0.02224384881723204</mytracks:length></extensions></trkpt><trkpt lat="33.59670082531662" lon="130.3961620022577"><ele>4.50745840340609</ele><time>2025-12-21T09:14:31.00300Z</time><extensions><mytracks:speed>13.220695478404</mytracks:speed><mytracks:length>0.0184384781582926</mytracks:length></extensions></trkpt><trkpt lat="33.59658960984648" lon="130.396241527428"><ele>4.734338419629122</ele><time>2025-12-21T09:14:36.01700Z</time><extensions><mytracks:speed>10.33478598863132</mytracks:speed><mytracks:gradient>0.01576258272426266</mytracks:gradient><mytracks:length>0.0143935813179781</mytracks:length></extensions></trkpt><trkpt lat="33.59655716988041" lon="130.3962554003824"><ele>4.759196477408029</ele><time>2025-12-21T09:14:40.97000Z</time><extensions><mytracks:speed>2.782132014321884</mytracks:speed><mytracks:gradient>0.006493505379979375</mytracks:gradient><mytracks:length>0.003828141554413557</mytracks:length></extensions></trkpt><trkpt lat="33.59651789629745" lon="130.3962829754925"><ele>4.429763573420088</ele><time>2025-12-21T09:14:45.98600Z</time><extensions><mytracks:speed>3.630002528562266</mytracks:speed><mytracks:length>0.005057476964861046</mytracks:length></extensions></trkpt><trkpt lat="33.59635729607994" lon="130.3963514238036"><ele>4.882714063901013</ele><time>2025-12-21T09:14:50.99800Z</time><extensions><mytracks:speed>13.61056082180945</mytracks:speed><mytracks:gradient>0.02390240224669954</mytracks:gradient><mytracks:length>0.01894999865728849</mytracks:length></extensions></trkpt><trkpt lat="33.59621438237419" lon="130.3964204334457"><ele>4.913079867139459</ele><time>2025-12-21T09:14:58.99900Z</time><extensions><mytracks:speed>7.706880753135161</mytracks:speed><mytracks:gradient>0.001772780133557052</mytracks:gradient><mytracks:length>0.01712891670187935</mytracks:length></extensions></trkpt><trkpt lat="33.59619448640611" lon="130.3964374318875"><ele>4.780560414591597</ele><time>2025-12-21T09:15:04.00700Z</time><extensions><mytracks:speed>1.951996583862823</mytracks:speed><mytracks:length>0.002715215909336361</mytracks:length></extensions></trkpt><trkpt lat="33.59606695563648" lon="130.3965067577801"><ele>5.111453999374016</ele><time>2025-12-21T09:15:08.99000Z</time><extensions><mytracks:speed>11.24610994274941</mytracks:speed><mytracks:gradient>0.02125638736994169</mytracks:gradient><mytracks:length>0.01556678371651853</mytracks:length></extensions></trkpt><trkpt lat="33.59589884275279" lon="130.3966047738498"><ele>6.15198015906869</ele><time>2025-12-21T09:15:13.99900Z</time><extensions><mytracks:speed>14.93619932252632</mytracks:speed><mytracks:gradient>0.05007085498634804</mytracks:gradient><mytracks:length>0.02078107433912156</mytracks:length></extensions></trkpt><trkpt lat="33.59577286192496" lon="130.3967036816995"><ele>7.15877592834102</ele><time>2025-12-21T09:15:19.01000Z</time><extensions><mytracks:speed>12.02372044104544</mytracks:speed><mytracks:gradient>0.06015035962508667</mytracks:gradient><mytracks:length>0.01673798420404505</mytracks:length></extensions></trkpt><trkpt lat="33.5955512102566" lon="130.3968537049056"><ele>7.562978437054417</ele><time>2025-12-21T09:15:24.49100Z</time><extensions><mytracks:speed>18.58415874018256</mytracks:speed><mytracks:gradient>0.01428593165686152</mytracks:gradient><mytracks:length>0.02829374509286969</mytracks:length></extensions></trkpt><trkpt lat="33.59530132086176" lon="130.3969605573788"><ele>8.282271010368202</ele><time>2025-12-21T09:15:29.45700Z</time><extensions><mytracks:speed>21.38178800700522</mytracks:speed><mytracks:gradient>0.02438596560041269</mytracks:gradient><mytracks:length>0.02949616944024609</mytracks:length></extensions></trkpt><trkpt lat="33.59509459260413" lon="130.3970469977743"><ele>9.595869138902447</ele><time>2025-12-21T09:15:34.49900Z</time><extensions><mytracks:speed>17.3796907546575</mytracks:speed><mytracks:gradient>0.05396555529859352</mytracks:gradient><mytracks:length>0.0243414178037464</mytracks:length></extensions></trkpt><trkpt lat="33.59505651586481" lon="130.3970917629585"><ele>9.647651642219152</ele><time>2025-12-21T09:15:39.50400Z</time><extensions><mytracks:speed>4.261736782595865</mytracks:speed><mytracks:gradient>0.008739801980397834</mytracks:gradient><mytracks:length>0.005924905785376598</mytracks:length></extensions></trkpt><trkpt lat="33.59505562390915" lon="130.3971049790033"><ele>9.803647214604158</ele><time>2025-12-21T09:15:45.01300Z</time><extensions><mytracks:speed>0.8017301973995345</mytracks:speed><mytracks:gradient>0.1271529143219266</mytracks:gradient><mytracks:length>0.001226834423865861</mytracks:length></extensions></trkpt><trkpt lat="33.59505724131595" lon="130.3971347534874"><ele>9.866564500843204</ele><time>2025-12-21T09:15:50.01400Z</time><extensions><mytracks:speed>1.988750222979852</mytracks:speed><mytracks:gradient>0.02277196770854417</mytracks:gradient><mytracks:length>0.002762927079658493</mytracks:length></extensions></trkpt><trkpt lat="33.59506510770661" lon="130.3971356013534"><ele>9.346425007485298</ele><time>2025-12-21T09:15:55.00600Z</time><extensions><mytracks:speed>0.6312148675763458</mytracks:speed><mytracks:length>0.0008752602001639161</mytracks:length></extensions></trkpt><trkpt lat="33.59502234537737" lon="130.3971688579853"><ele>8.94326195679605</ele><time>2025-12-21T09:16:19.00000Z</time><extensions><mytracks:speed>0.8501345050734623</mytracks:speed><mytracks:length>0.005665975279616388</mytracks:length></extensions></trkpt><trkpt lat="33.59486602502972" lon="130.3971896812169"><ele>9.782770070627581</ele><time>2025-12-21T09:16:23.99200Z</time><extensions><mytracks:speed>12.61118583016533</mytracks:speed><mytracks:gradient>0.04800283139694569</mytracks:gradient><mytracks:length>0.01748872075668743</mytracks:length></extensions></trkpt><trkpt lat="33.59473659816563" lon="130.3972635961991"><ele>9.898750051981066</ele><time>2025-12-21T09:16:28.97800Z</time><extensions><mytracks:speed>11.50670803507088</mytracks:speed><mytracks:gradient>0.007277285468788214</mytracks:gradient><mytracks:length>0.01593725872798522</mytracks:length></extensions></trkpt><trkpt lat="33.59470114784331" lon="130.3973183204518"><ele>9.818758066983749</ele><time>2025-12-21T09:16:34.00100Z</time><extensions><mytracks:speed>4.602289976828508</mytracks:speed><mytracks:length>0.006421304533310802</mytracks:length></extensions></trkpt><trkpt lat="33.59470402147786" lon="130.3973470075643"><ele>9.098353587090969</ele><time>2025-12-21T09:16:48.99900Z</time><extensions><mytracks:speed>0.6420876705298629</mytracks:speed><mytracks:length>0.002675087358408287</mytracks:length></extensions></trkpt><trkpt lat="33.59468527136518" lon="130.3973704979945"><ele>9.209967789565084</ele><time>2025-12-21T09:16:55.56000Z</time><extensions><mytracks:speed>1.65316314403477</mytracks:speed><mytracks:gradient>0.037049044104602</mytracks:gradient><mytracks:length>0.003012606807317091</mytracks:length></extensions></trkpt><trkpt lat="33.59457504633616" lon="130.3974215452273"><ele>9.692978290840983</ele><time>2025-12-21T09:17:08.99900Z</time><extensions><mytracks:speed>3.518921260185414</mytracks:speed><mytracks:gradient>0.03676775776312124</mytracks:gradient><mytracks:length>0.01313679513414245</mytracks:length></extensions></trkpt><trkpt lat="33.59438193871865" lon="130.3974744119272"><ele>9.762379041611235</ele><time>2025-12-21T09:17:13.98100Z</time><extensions><mytracks:speed>15.91474019040683</mytracks:speed><mytracks:gradient>0.003151176097962743</mytracks:gradient><mytracks:length>0.0220237614822984</mytracks:length></extensions></trkpt><trkpt lat="33.59418074822017" lon="130.397589520162"><ele>10.10020907619873</ele><time>2025-12-21T09:17:18.99300Z</time><extensions><mytracks:speed>17.80056476888721</mytracks:speed><mytracks:gradient>0.01363201059896926</mytracks:gradient><mytracks:length>0.02478211355066273</mytracks:length></extensions></trkpt><trkpt lat="33.59407500418816" lon="130.3976735944945"><ele>10.06829926106624</ele><time>2025-12-21T09:17:23.96800Z</time><extensions><mytracks:speed>10.20480621520486</mytracks:speed><mytracks:length>0.01410260575997708</mytracks:length></extensions></trkpt><trkpt lat="33.59406294033072" lon="130.3977113551087"><ele>10.12546097302422</ele><time>2025-12-21T09:17:29.50500Z</time><extensions><mytracks:speed>2.4346296376374</mytracks:speed><mytracks:gradient>0.01526415308765944</mytracks:gradient><mytracks:length>0.003744833508266454</mytracks:length></extensions></trkpt><trkpt lat="33.59402539865629" lon="130.3977213646045"><ele>10.4785730427156</ele><time>2025-12-21T09:17:36.86900Z</time><extensions><mytracks:speed>2.090585055240203</mytracks:speed><mytracks:gradient>0.08257409471024146</mytracks:gradient><mytracks:length>0.00427630567347393</mytracks:length></extensions></trkpt><trkpt lat="33.59384934589385" lon="130.397761297735"><ele>11.11523075774312</ele><time>2025-12-21T09:17:55.00000Z</time><extensions><mytracks:speed>3.95584663652334</mytracks:speed><mytracks:gradient>0.03195688904985448</mytracks:gradient><mytracks:length>0.01992239338548581</mytracks:length></extensions></trkpt><trkpt lat="33.59360774369917" lon="130.3978298754986"><ele>11.18651900879</ele><time>2025-12-21T09:18:00.50200Z</time><extensions><mytracks:speed>18.06059158916496</mytracks:speed><mytracks:gradient>0.002582367380333613</mytracks:gradient><mytracks:length>0.02760577429446631</mytracks:length></extensions></trkpt><trkpt lat="33.59328548836573" lon="130.3980009005328"><ele>11.92184077371894</ele><time>2025-12-21T09:18:06.08700Z</time><extensions><mytracks:speed>25.25604340387178</mytracks:speed><mytracks:gradient>0.01876850276319482</mytracks:gradient><mytracks:length>0.03917849890354095</mytracks:length></extensions></trkpt><trkpt lat="33.59308634718444" lon="130.3981097768923"><ele>11.68791943427718</ele><time>2025-12-21T09:18:11.99800Z</time><extensions><mytracks:speed>14.81682940954531</mytracks:speed><mytracks:length>0.02433160387282653</mytracks:length></extensions></trkpt><trkpt lat="33.59306560601682" lon="130.3981032143333"><ele>10.8456893021353</ele><time>2025-12-21T09:18:17.00500Z</time><extensions><mytracks:speed>1.713522979706348</mytracks:speed><mytracks:length>0.002382857067457718</mytracks:length></extensions></trkpt><trkpt lat="33.59303615900753" lon="130.3980654349389"><ele>11.55309952604737</ele><time>2025-12-21T09:18:21.99800Z</time><extensions><mytracks:speed>3.455120745040515</mytracks:speed><mytracks:gradient>0.1476195586524125</mytracks:gradient><mytracks:length>0.004792117185350398</mytracks:length></extensions></trkpt><trkpt lat="33.59303902669341" lon="130.3980537388304"><ele>11.92496009651396</ele><time>2025-12-21T09:18:26.99900Z</time><extensions><mytracks:speed>0.8115201822069565</mytracks:speed><mytracks:gradient>0.3298700277945917</mytracks:gradient><mytracks:length>0.001127294204183201</mytracks:length></extensions></trkpt><trkpt lat="33.59303912564686" lon="130.3980608850157"><ele>12.14271162834621</ele><time>2025-12-21T09:18:31.98800Z</time><extensions><mytracks:speed>0.4794808643325505</mytracks:speed><mytracks:gradient>0.3276690794340945</mytracks:gradient><mytracks:length>0.0006645470857620243</mytracks:length></extensions></trkpt><trkpt lat="33.59303042451284" lon="130.3980734705085"><ele>12.05636779604171</ele><time>2025-12-21T09:18:37.68400Z</time><extensions><mytracks:speed>0.959975569920098</mytracks:speed><mytracks:length>0.001518964767456058</mytracks:length></extensions></trkpt><trkpt lat="33.59266854756574" lon="130.3982701245074"><ele>8.405789356231686</ele><time>2025-12-21T09:21:30.75000Z</time><extensions><mytracks:speed>0.918787713758621</mytracks:speed><mytracks:length>0.04416950821570959</mytracks:length></extensions></trkpt><trkpt lat="33.59266460803772" lon="130.3982237268761"><ele>8.405789356231685</ele><time>2025-12-21T09:21:37.59100Z</time><extensions><mytracks:speed>2.272825141143706</mytracks:speed><mytracks:length>0.004319295238320829</mytracks:length></extensions></trkpt><trkpt lat="33.59254901450486" lon="130.3983510374016"><ele>7.895789356231688</ele><time>2025-12-21T09:21:57.65200Z</time><extensions><mytracks:speed>3.130182347508832</mytracks:speed><mytracks:length>0.01744305317006764</mytracks:length></extensions></trkpt><trkpt lat="33.59251594528883" lon="130.3983858157177"><ele>7.895789356231688</ele><time>2025-12-21T09:22:03.98500Z</time><extensions><mytracks:speed>2.778753989459329</mytracks:speed><mytracks:gradient>0</mytracks:gradient><mytracks:length>0.004888015582065975</mytracks:length></extensions></trkpt><trkpt lat="33.5922988514483" lon="130.3985268104458"><ele>6.732949210593401</ele><time>2025-12-21T09:22:57.41500Z</time><extensions><mytracks:speed>1.849246641939515</mytracks:speed><mytracks:length>0.02744599002871445</mytracks:length></extensions></trkpt><trkpt lat="33.59155862115136" lon="130.3988688891062"><ele>5.706406095153034</ele><time>2025-12-21T09:24:33.14100Z</time><extensions><mytracks:speed>3.316884514767124</mytracks:speed><mytracks:length>0.08819785529593005</mytracks:length></extensions></trkpt><trkpt lat="33.59109614941788" lon="130.3991045177928"><ele>5.140538407456251</ele><time>2025-12-21T09:25:34.62300Z</time><extensions><mytracks:speed>3.271081584036399</mytracks:speed><mytracks:length>0.0558643209570155</mytracks:length></extensions></trkpt><trkpt lat="33.59097419750437" lon="130.3991742031069"><ele>5.042666599268413</ele><time>2025-12-21T09:25:46.89400Z</time><extensions><mytracks:speed>4.405925961682899</mytracks:speed><mytracks:length>0.01501809201488152</mytracks:length></extensions></trkpt><trkpt lat="33.59074045467082" lon="130.3993085691321"><ele>4.869306611104176</ele><time>2025-12-21T09:26:10.18600Z</time><extensions><mytracks:speed>4.453931317568895</mytracks:speed><mytracks:length>0.02881688997241089</mytracks:length></extensions></trkpt><trkpt lat="33.59061039833917" lon="130.3993879670632"><ele>4.783209606115186</ele><time>2025-12-21T09:26:23.52900Z</time><extensions><mytracks:speed>4.377253831083189</mytracks:speed><mytracks:length>0.01622393968526271</mytracks:length></extensions></trkpt><trkpt lat="33.59042901091501" lon="130.3995061871315"><ele>4.6769636835722</ele><time>2025-12-21T09:26:42.36200Z</time><extensions><mytracks:speed>4.38709558728551</mytracks:speed><mytracks:length>0.02295039966031019</mytracks:length></extensions></trkpt><trkpt lat="33.59031028779216" lon="130.3995817180315"><ele>4.606693187768919</ele><time>2025-12-21T09:26:55.54500Z</time><extensions><mytracks:speed>4.079781776402323</mytracks:speed><mytracks:length>0.01494047550719432</mytracks:length></extensions></trkpt><trkpt lat="33.5901677766137" lon="130.3996734218555"><ele>4.524175543001642</ele><time>2025-12-21T09:27:11.66200Z</time><extensions><mytracks:speed>4.016070205368634</mytracks:speed><mytracks:length>0.01797965269327545</mytracks:length></extensions></trkpt><trkpt lat="33.59007493883333" lon="130.3997333254079"><ele>4.469497274279449</ele><time>2025-12-21T09:27:23.14400Z</time><extensions><mytracks:speed>3.67459076236567</mytracks:speed><mytracks:length>0.01171980002348253</mytracks:length></extensions></trkpt><trkpt lat="33.5899697578123" lon="130.3998042834496"><ele>4.405933842493711</ele><time>2025-12-21T09:27:37.03100Z</time><extensions><mytracks:speed>3.477808528636745</mytracks:speed><mytracks:length>0.01341580540533988</mytracks:length></extensions></trkpt></trkseg></trk></gpx>

