<?xml version="1.0" encoding="utf-8"?>
<gpx xmlns="http://www.topografix.com/GPX/1/1" xmlns:xsd="http://www.w3.org/2001/XMLSchema" xmlns:xsi="http://www.w3.org/2001/XMLSchema-instance" xmlns:mytracks="http://mytracks.stichling.info/myTracksGPX/1/0" creator="myTracks" version="1.1" xsi:schemaLocation="http://www.topografix.com/GPX/1/1 http://www.topografix.com/GPX/1/1/gpx.xsd"><trk><name>2025-12-22 14:10:35</name><extensions><mytracks:color red="0.000000" green="0.000000" blue="1.000000" alpha="1.000000"/><mytracks:area showArea="no" areaDistance="0.000000"/><mytracks:directionArrows showDirectionArrows="yes"/><mytracks:sync syncPhotosOniPhone="no"/><mytracks:timezone offset="540"/></extensions><trkseg><trkpt lat="33.64379705398692" lon="130.683335792395"><ele>16.40273667965084</ele><time>2025-12-22T05:10:35.00000Z</time><extensions><mytracks:speed>0</mytracks:speed><mytracks:gradient>0</mytracks:gradient><mytracks:length>0</mytracks:length></extensions></trkpt><trkpt lat="33.64380937076941" lon="130.6832775956738"><ele>16.5055047411006</ele><time>2025-12-22T05:10:40.50000Z</time><extensions><mytracks:speed>3.638737887254841</mytracks:speed><mytracks:gradient>0.01848615984631443</mytracks:gradient><mytracks:length>0.005559189269384339</mytracks:length></extensions></trkpt><trkpt lat="33.64382853694623" lon="130.6832044247817"><ele>16.41498047616333</ele><time>2025-12-22T05:10:46.00000Z</time><extensions><mytracks:speed>4.647608946611261</mytracks:speed><mytracks:length>0.007100500279178323</mytracks:length></extensions></trkpt><trkpt lat="33.64384429139078" lon="130.6831318516968"><ele>16.6276635915041</ele><time>2025-12-22T05:10:51.00000Z</time><extensions><mytracks:speed>4.99870167021264</mytracks:speed><mytracks:gradient>0.03063441532801563</mytracks:gradient><mytracks:length>0.006942620352420049</mytracks:length></extensions></trkpt><trkpt lat="33.64384009041152" lon="130.6830559857225"><ele>19.56085809018819</ele><time>2025-12-22T05:10:55.98500Z</time><extensions><mytracks:speed>5.083565437185767</mytracks:speed><mytracks:gradient>0.4167256910908331</mytracks:gradient><mytracks:length>0.007038669708618351</mytracks:length></extensions></trkpt><trkpt lat="33.64382739177295" lon="130.6829711803281"><ele>20.78658601494933</ele><time>2025-12-22T05:11:01.00700Z</time><extensions><mytracks:speed>5.716900139977351</mytracks:speed><mytracks:gradient>0.1536720099379416</mytracks:gradient><mytracks:length>0.007976260122166215</mytracks:length></extensions></trkpt><trkpt lat="33.64385005832102" lon="130.6829036881155"><ele>20.46454841593529</ele><time>2025-12-22T05:11:06.00100Z</time><extensions><mytracks:speed>4.856404882564912</mytracks:speed><mytracks:length>0.006736393610639878</mytracks:length></extensions></trkpt><trkpt lat="33.64386463282247" lon="130.6828285760838"><ele>20.67849367346103</ele><time>2025-12-22T05:11:11.00000Z</time><extensions><mytracks:speed>5.140803024151677</mytracks:speed><mytracks:gradient>0.02997071087729088</mytracks:gradient><mytracks:length>0.00713847790937292</mytracks:length></extensions></trkpt><trkpt lat="33.64388348577191" lon="130.6827614665752"><ele>20.86654235422926</ele><time>2025-12-22T05:11:16.00400Z</time><extensions><mytracks:speed>4.716163273312628</mytracks:speed><mytracks:gradient>0.02868328657634348</mytracks:gradient><mytracks:length>0.006556036745221733</mytracks:length></extensions></trkpt><trkpt lat="33.64390257136711" lon="130.6826927079531"><ele>20.72095559281924</ele><time>2025-12-22T05:11:21.00600Z</time><extensions><mytracks:speed>4.829679492814221</mytracks:speed><mytracks:length>0.006709581987387438</mytracks:length></extensions></trkpt><trkpt lat="33.64392829057997" lon="130.6826314419934"><ele>20.57934146475779</ele><time>2025-12-22T05:11:26.00300Z</time><extensions><mytracks:speed>4.576134102310017</mytracks:speed><mytracks:length>0.006352157605973589</mytracks:length></extensions></trkpt><trkpt lat="33.64397016878045" lon="130.6825746532804"><ele>21.72734734028487</ele><time>2025-12-22T05:11:31.00000Z</time><extensions><mytracks:speed>5.059939008317357</mytracks:speed><mytracks:gradient>0.1634570545952443</mytracks:gradient><mytracks:length>0.00702328742170104</mytracks:length></extensions></trkpt><trkpt lat="33.64401596477177" lon="130.6825471032539"><ele>22.65690031354326</ele><time>2025-12-22T05:11:35.99900Z</time><extensions><mytracks:speed>4.102077943081943</mytracks:speed><mytracks:gradient>0.1631906138837211</mytracks:gradient><mytracks:length>0.005696117877960395</mytracks:length></extensions></trkpt><trkpt lat="33.64406815216972" lon="130.6825290022277"><ele>23.22443038981535</ele><time>2025-12-22T05:11:40.99800Z</time><extensions><mytracks:speed>4.350175787833959</mytracks:speed><mytracks:gradient>0.09394794302220494</mytracks:gradient><mytracks:length>0.006040899438723752</mytracks:length></extensions></trkpt><trkpt lat="33.64411564196812" lon="130.6825181232289"><ele>23.5245341663917</ele><time>2025-12-22T05:11:46.00200Z</time><extensions><mytracks:speed>3.86744507050927</mytracks:speed><mytracks:gradient>0.05582056949335653</mytracks:gradient><mytracks:length>0.005376222050405033</mytracks:length></extensions></trkpt><trkpt lat="33.64417205574408" lon="130.6824942634236"><ele>23.5648552446284</ele><time>2025-12-22T05:11:50.99700Z</time><extensions><mytracks:speed>4.792915125890556</mytracks:speed><mytracks:gradient>0.006063123163290385</mytracks:gradient><mytracks:length>0.006650215928455492</mytracks:length></extensions></trkpt><trkpt lat="33.64422839992729" lon="130.6824499421575"><ele>22.33088361821142</ele><time>2025-12-22T05:11:55.99900Z</time><extensions><mytracks:speed>5.389911397059599</mytracks:speed><mytracks:length>0.007488463567177583</mytracks:length></extensions></trkpt><trkpt lat="33.64428296672448" lon="130.68241294579"><ele>22.00061779328975</ele><time>2025-12-22T05:12:00.99500Z</time><extensions><mytracks:speed>5.02085736153951</mytracks:speed><mytracks:length>0.006967888710293314</mytracks:length></extensions></trkpt><trkpt lat="33.64433454551244" lon="130.6823675812545"><ele>21.83830331669371</ele><time>2025-12-22T05:12:06.00000Z</time><extensions><mytracks:speed>5.112997968432359</mytracks:speed><mytracks:length>0.007108745983294809</mytracks:length></extensions></trkpt><trkpt lat="33.64438182084481" lon="130.6823150726534"><ele>20.94904781322254</ele><time>2025-12-22T05:12:10.99100Z</time><extensions><mytracks:speed>5.164195776945812</mytracks:speed><mytracks:length>0.007159909149549429</mytracks:length></extensions></trkpt><trkpt lat="33.64442431211796" lon="130.6822530253259"><ele>21.39321001133368</ele><time>2025-12-22T05:12:15.99700Z</time><extensions><mytracks:speed>5.348663969923686</mytracks:speed><mytracks:gradient>0.059722202297893</mytracks:gradient><mytracks:length>0.007437136961153455</mytracks:length></extensions></trkpt><trkpt lat="33.64447834608686" lon="130.6821928058453"><ele>22.45214455015259</ele><time>2025-12-22T05:12:20.99600Z</time><extensions><mytracks:speed>5.901781988837887</mytracks:speed><mytracks:gradient>0.12920396316935</mytracks:gradient><mytracks:length>0.008195836357054608</mytracks:length></extensions></trkpt><trkpt lat="33.64451597150718" lon="130.6821317007524"><ele>23.50627338244458</ele><time>2025-12-22T05:12:25.99800Z</time><extensions><mytracks:speed>5.063183430310906</mytracks:speed><mytracks:gradient>0.1498443087249834</mytracks:gradient><mytracks:length>0.007034827290148791</mytracks:length></extensions></trkpt><trkpt lat="33.64455526068452" lon="130.6820783418185"><ele>23.96273042241953</ele><time>2025-12-22T05:12:31.00400Z</time><extensions><mytracks:speed>4.742338252686982</mytracks:speed><mytracks:gradient>0.06921871505195848</mytracks:gradient><mytracks:length>0.006594416548072446</mytracks:length></extensions></trkpt><trkpt lat="33.64461057795301" lon="130.6820522370564"><ele>24.20334573700116</ele><time>2025-12-22T05:12:36.49800Z</time><extensions><mytracks:speed>4.330658776365134</mytracks:speed><mytracks:gradient>0.03640858854735771</mytracks:gradient><mytracks:length>0.006608751511162266</mytracks:length></extensions></trkpt><trkpt lat="33.64465704018767" lon="130.68204974105"><ele>24.4629731937089</ele><time>2025-12-22T05:12:42.00300Z</time><extensions><mytracks:speed>3.382414464961124</mytracks:speed><mytracks:gradient>0.05019852460823636</mytracks:gradient><mytracks:length>0.00517201369430577</mytracks:length></extensions></trkpt><trkpt lat="33.6447165744313" lon="130.6820415686929"><ele>26.99731200562091</ele><time>2025-12-22T05:12:47.00000Z</time><extensions><mytracks:speed>4.800564187264869</mytracks:speed><mytracks:gradient>0.3803169448551439</mytracks:gradient><mytracks:length>0.006663754655678813</mytracks:length></extensions></trkpt><trkpt lat="33.64477951067567" lon="130.68203731341"><ele>28.71173550255152</ele><time>2025-12-22T05:12:52.00100Z</time><extensions><mytracks:speed>5.046039211800841</mytracks:speed><mytracks:gradient>0.24457522902082</mytracks:gradient><mytracks:length>0.007009800231178221</mytracks:length></extensions></trkpt><trkpt lat="33.64484584052664" lon="130.6820166909021"><ele>29.57488257481661</ele><time>2025-12-22T05:12:56.99500Z</time><extensions><mytracks:speed>5.492019561216508</mytracks:speed><mytracks:gradient>0.1132870934281279</mytracks:gradient><mytracks:length>0.007619112170202197</mytracks:length></extensions></trkpt><trkpt lat="33.64489167453388" lon="130.6820012675715"><ele>28.44943117068985</ele><time>2025-12-22T05:13:01.99000Z</time><extensions><mytracks:speed>3.814839979556371</mytracks:speed><mytracks:length>0.005293441024217764</mytracks:length></extensions></trkpt><trkpt lat="33.64495590953295" lon="130.6819597915315"><ele>28.4950665027638</ele><time>2025-12-22T05:13:06.99900Z</time><extensions><mytracks:speed>5.828830585053426</mytracks:speed><mytracks:gradient>0.005627316267707905</mytracks:gradient><mytracks:length>0.008109608542145196</mytracks:length></extensions></trkpt><trkpt lat="33.64500292092913" lon="130.681903981018"><ele>27.70232932432544</ele><time>2025-12-22T05:13:11.99400Z</time><extensions><mytracks:speed>5.297159080024366</mytracks:speed><mytracks:length>0.007349365674925275</mytracks:length></extensions></trkpt><trkpt lat="33.64507214140288" lon="130.6818577942912"><ele>26.00018187279858</ele><time>2025-12-22T05:13:16.98700Z</time><extensions><mytracks:speed>6.348507928549122</mytracks:speed><mytracks:length>0.008804961005064092</mytracks:length></extensions></trkpt><trkpt lat="33.64514515106764" lon="130.6818087304254"><ele>24.99899556973715</ele><time>2025-12-22T05:13:21.99600Z</time><extensions><mytracks:speed>6.685511275924103</mytracks:speed><mytracks:length>0.009302205995880561</mytracks:length></extensions></trkpt><trkpt lat="33.64518793295337" lon="130.681745178157"><ele>24.70221774435376</ele><time>2025-12-22T05:13:26.99500Z</time><extensions><mytracks:speed>5.448385928818615</mytracks:speed><mytracks:length>0.007565694038892438</mytracks:length></extensions></trkpt><trkpt lat="33.64521180658117" lon="130.681673005381"><ele>25.3570409239035</ele><time>2025-12-22T05:13:32.00400Z</time><extensions><mytracks:speed>5.166899578125136</mytracks:speed><mytracks:gradient>0.09108932464179632</mytracks:gradient><mytracks:length>0.007188802662933295</mytracks:length></extensions></trkpt><trkpt lat="33.64520636395026" lon="130.6815899149178"><ele>25.95215679084378</ele><time>2025-12-22T05:13:36.99900Z</time><extensions><mytracks:speed>5.559712631250857</mytracks:speed><mytracks:gradient>0.07713833835291413</mytracks:gradient><mytracks:length>0.007714916857783126</mytracks:length></extensions></trkpt><trkpt lat="33.64519828210399" lon="130.6815193530625"><ele>25.49022313602375</ele><time>2025-12-22T05:13:42.00200Z</time><extensions><mytracks:speed>4.744100759074665</mytracks:speed><mytracks:length>0.006592366151625078</mytracks:length></extensions></trkpt><trkpt lat="33.64521634627093" lon="130.6814642425949"><ele>25.31096064987482</ele><time>2025-12-22T05:13:47.00100Z</time><extensions><mytracks:speed>3.94836096905031</mytracks:speed><mytracks:length>0.005483283982108509</mytracks:length></extensions></trkpt><trkpt lat="33.64525015360375" lon="130.6813871954043"><ele>26.51774866651141</ele><time>2025-12-22T05:13:52.00900Z</time><extensions><mytracks:speed>5.795337120287926</mytracks:speed><mytracks:gradient>0.1496840109839641</mytracks:gradient><mytracks:length>0.008062237300454704</mytracks:length></extensions></trkpt><trkpt lat="33.64527275810318" lon="130.6813082332191"><ele>27.4381584892258</ele><time>2025-12-22T05:13:57.00400Z</time><extensions><mytracks:speed>5.570732688971326</mytracks:speed><mytracks:gradient>0.1190774477284653</mytracks:gradient><mytracks:length>0.007729505798723725</mytracks:length></extensions></trkpt><trkpt lat="33.64528677413663" lon="130.6812338958639"><ele>27.48713206164755</ele><time>2025-12-22T05:14:02.00000Z</time><extensions><mytracks:speed>5.08381564281684</mytracks:speed><mytracks:gradient>0.006941391597525957</mytracks:gradient><mytracks:length>0.007055296007101249</mytracks:length></extensions></trkpt><trkpt lat="33.64530626730091" lon="130.6811698399422"><ele>27.10495906996104</ele><time>2025-12-22T05:14:07.00700Z</time><extensions><mytracks:speed>4.539317591800658</mytracks:speed><mytracks:length>0.006313018862409162</mytracks:length></extensions></trkpt><trkpt lat="33.64532088766968" lon="130.6811034458705"><ele>26.24322610300688</ele><time>2025-12-22T05:14:12.00100Z</time><extensions><mytracks:speed>4.582375717906912</mytracks:speed><mytracks:length>0.006357121614907755</mytracks:length></extensions></trkpt><trkpt lat="33.64535201518253" lon="130.6810294862939"><ele>26.20440964933115</ele><time>2025-12-22T05:14:17.00400Z</time><extensions><mytracks:speed>5.520496510817725</mytracks:speed><mytracks:length>0.007671570994477857</mytracks:length></extensions></trkpt><trkpt lat="33.6453721305863" lon="130.6809486323777"><ele>26.35278414767949</ele><time>2025-12-22T05:14:22.00500Z</time><extensions><mytracks:speed>5.623364119965027</mytracks:speed><mytracks:gradient>0.01899490874481453</mytracks:gradient><mytracks:length>0.007811277239689361</mytracks:length></extensions></trkpt><trkpt lat="33.64538187426245" lon="130.6808727337681"><ele>26.06463567183252</ele><time>2025-12-22T05:14:27.00400Z</time><extensions><mytracks:speed>5.119017931711849</mytracks:speed><mytracks:length>0.007108112037961288</mytracks:length></extensions></trkpt><trkpt lat="33.64537636662222" lon="130.6807947616139"><ele>25.1834493117451</ele><time>2025-12-22T05:14:32.00700Z</time><extensions><mytracks:speed>5.211609632763947</mytracks:speed><mytracks:length>0.007243133960254206</mytracks:length></extensions></trkpt><trkpt lat="33.6453754679128" lon="130.6807163896617"><ele>24.22305854868721</ele><time>2025-12-22T05:14:37.00200Z</time><extensions><mytracks:speed>5.229637926730597</mytracks:speed><mytracks:length>0.007255566399819223</mytracks:length></extensions></trkpt><trkpt lat="33.64537266874409" lon="130.6806375163497"><ele>23.60529839018201</ele><time>2025-12-22T05:14:42.50000Z</time><extensions><mytracks:speed>4.784500952514444</mytracks:speed><mytracks:length>0.007307551675450331</mytracks:length></extensions></trkpt><trkpt lat="33.64537387685136" lon="130.6805563565029"><ele>23.46639723686197</ele><time>2025-12-22T05:14:48.00400Z</time><extensions><mytracks:speed>4.914894365790993</mytracks:speed><mytracks:length>0.007514295253804014</mytracks:length></extensions></trkpt><trkpt lat="33.64537024356745" lon="130.6804795387415"><ele>22.30216950244902</ele><time>2025-12-22T05:14:52.99900Z</time><extensions><mytracks:speed>5.133283583898779</mytracks:speed><mytracks:length>0.00712204580031664</mytracks:length></extensions></trkpt><trkpt lat="33.64537487191208" lon="130.6804001891357"><ele>22.88154018272543</ele><time>2025-12-22T05:14:58.00200Z</time><extensions><mytracks:speed>5.297844331734329</mytracks:speed><mytracks:gradient>0.07868844802560375</mytracks:gradient><mytracks:length>0.007362842892617467</mytracks:length></extensions></trkpt><trkpt lat="33.64537962289426" lon="130.6803229367468"><ele>22.49113484142082</ele><time>2025-12-22T05:15:03.00300Z</time><extensions><mytracks:speed>5.161900104472875</mytracks:speed><mytracks:length>0.007171229171083556</mytracks:length></extensions></trkpt><trkpt lat="33.64537690533295" lon="130.6802473564102"><ele>21.96389920358746</ele><time>2025-12-22T05:15:07.99800Z</time><extensions><mytracks:speed>5.048274801696694</mytracks:speed><mytracks:length>0.007004012056230855</mytracks:length></extensions></trkpt><trkpt lat="33.64537184242153" lon="130.6801734911702"><ele>21.55911114863854</ele><time>2025-12-22T05:15:12.99900Z</time><extensions><mytracks:speed>4.938917813993961</mytracks:speed><mytracks:length>0.006861004919678323</mytracks:length></extensions></trkpt><trkpt lat="33.64536372439433" lon="130.680109954119"><ele>20.38717284437111</ele><time>2025-12-22T05:15:18.00300Z</time><extensions><mytracks:speed>4.28162663814334</mytracks:speed><mytracks:length>0.00595146649520817</mytracks:length></extensions></trkpt><trkpt lat="33.64536198546698" lon="130.6800382783594"><ele>19.22339629026109</ele><time>2025-12-22T05:15:23.00600Z</time><extensions><mytracks:speed>4.77685099806189</mytracks:speed><mytracks:length>0.006638686301632645</mytracks:length></extensions></trkpt><trkpt lat="33.64536939543182" lon="130.6799627587498"><ele>19.48679046129594</ele><time>2025-12-22T05:15:28.00100Z</time><extensions><mytracks:speed>5.073081935218544</mytracks:speed><mytracks:gradient>0.03741761259063244</mytracks:gradient><mytracks:length>0.007039309907783677</mytracks:length></extensions></trkpt><trkpt lat="33.64537856762952" lon="130.6798901677237"><ele>19.19444436348097</ele><time>2025-12-22T05:15:32.99700Z</time><extensions><mytracks:speed>4.897313917040697</mytracks:speed><mytracks:length>0.006795669955100857</mytracks:length></extensions></trkpt><trkpt lat="33.64538606149246" lon="130.6798147801619"><ele>19.69770371909585</ele><time>2025-12-22T05:15:38.00000Z</time><extensions><mytracks:speed>5.057576581420524</mytracks:speed><mytracks:gradient>0.0716034978678419</mytracks:gradient><mytracks:length>0.007028418591278071</mytracks:length></extensions></trkpt><trkpt lat="33.64539943713748" lon="130.6797402472752"><ele>19.77576552432629</ele><time>2025-12-22T05:15:43.00200Z</time><extensions><mytracks:speed>5.078862038924835</mytracks:speed><mytracks:gradient>0.01106028047547578</mytracks:gradient><mytracks:length>0.007057850422828357</mytracks:length></extensions></trkpt><trkpt lat="33.64540919425161" lon="130.6796670549178"><ele>19.46701005256931</ele><time>2025-12-22T05:15:48.00200Z</time><extensions><mytracks:speed>4.941116055871132</mytracks:speed><mytracks:length>0.006862318407757683</mytracks:length></extensions></trkpt><trkpt lat="33.645426987022" lon="130.6795930196758"><ele>19.85510090398594</ele><time>2025-12-22T05:15:52.99900Z</time><extensions><mytracks:speed>5.138843314382998</mytracks:speed><mytracks:gradient>0.05440455349997342</mytracks:gradient><mytracks:length>0.00713342590738882</mytracks:length></extensions></trkpt><trkpt lat="33.6454503235487" lon="130.6795232655957"><ele>20.10598220392977</ele><time>2025-12-22T05:15:57.99800Z</time><extensions><mytracks:speed>5.011449955889232</mytracks:speed><mytracks:gradient>0.0360522316740064</mytracks:gradient><mytracks:length>0.006958828574396303</mytracks:length></extensions></trkpt><trkpt lat="33.64548019074687" lon="130.6794471035235"><ele>20.7193483480713</ele><time>2025-12-22T05:16:02.99300Z</time><extensions><mytracks:speed>5.616317847517355</mytracks:speed><mytracks:gradient>0.0787093959588952</mytracks:gradient><mytracks:length>0.007792794451908273</mytracks:length></extensions></trkpt><trkpt lat="33.64550270240853" lon="130.6793738375073"><ele>20.52256147217422</ele><time>2025-12-22T05:16:07.99900Z</time><extensions><mytracks:speed>5.198520707710923</mytracks:speed><mytracks:length>0.007228810221453471</mytracks:length></extensions></trkpt><trkpt lat="33.6455237042677" lon="130.6793030682607"><ele>19.91609211291711</ele><time>2025-12-22T05:16:12.99600Z</time><extensions><mytracks:speed>5.011092426215756</mytracks:speed><mytracks:length>0.006954942045986804</mytracks:length></extensions></trkpt><trkpt lat="33.64554830233489" lon="130.6792247287018"><ele>20.67474910669498</ele><time>2025-12-22T05:16:17.99100Z</time><extensions><mytracks:speed>5.584945224413603</mytracks:speed><mytracks:gradient>0.09789268798927402</mytracks:gradient><mytracks:length>0.00774988417787647</mytracks:length></extensions></trkpt><trkpt lat="33.645566178662" lon="130.6791647008573"><ele>19.68326987700742</ele><time>2025-12-22T05:16:23.00100Z</time><extensions><mytracks:speed>4.239880112334064</mytracks:speed><mytracks:length>0.005900517080730505</mytracks:length></extensions></trkpt><trkpt lat="33.6455924544365" lon="130.6790948609692"><ele>20.11802084748878</ele><time>2025-12-22T05:16:28.00500Z</time><extensions><mytracks:speed>5.10427871255852</mytracks:speed><mytracks:gradient>0.06128301696911877</mytracks:gradient><mytracks:length>0.007094150908080013</mytracks:length></extensions></trkpt><trkpt lat="33.64560883378755" lon="130.6790345042172"><ele>18.80139306300973</ele><time>2025-12-22T05:16:33.00000Z</time><extensions><mytracks:speed>4.234855359860894</mytracks:speed><mytracks:length>0.005876027150583615</mytracks:length></extensions></trkpt><trkpt lat="33.64564436555398" lon="130.6789653488038"><ele>18.34156722433332</ele><time>2025-12-22T05:16:37.99300Z</time><extensions><mytracks:speed>5.423700235829921</mytracks:speed><mytracks:length>0.007522087369988478</mytracks:length></extensions></trkpt><trkpt lat="33.64567650941778" lon="130.6788970091731"><ele>18.22836194484909</ele><time>2025-12-22T05:16:42.99700Z</time><extensions><mytracks:speed>5.227486500732187</mytracks:speed><mytracks:length>0.007266737409359431</mytracks:length></extensions></trkpt><trkpt lat="33.64571502394499" lon="130.678824153778"><ele>19.04831374963443</ele><time>2025-12-22T05:16:48.49700Z</time><extensions><mytracks:speed>5.229358521209701</mytracks:speed><mytracks:gradient>0.1026319657266554</mytracks:gradient><mytracks:length>0.007989243886930517</mytracks:length></extensions></trkpt><trkpt lat="33.64575329498068" lon="130.6787590365705"><ele>18.4365081924282</ele><time>2025-12-22T05:16:54.00100Z</time><extensions><mytracks:speed>4.826529986466742</mytracks:speed><mytracks:length>0.00737873877720067</mytracks:length></extensions></trkpt><trkpt lat="33.64577169800263" lon="130.6786889055638"><ele>18.47779460093542</ele><time>2025-12-22T05:16:58.99900Z</time><extensions><mytracks:speed>4.901684660683341</mytracks:speed><mytracks:gradient>0.006066526215972746</mytracks:gradient><mytracks:length>0.006805609509857212</mytracks:length></extensions></trkpt><trkpt lat="33.64580575605395" lon="130.6786145673805"><ele>19.03962443727353</ele><time>2025-12-22T05:17:04.00400Z</time><extensions><mytracks:speed>5.649551478000241</mytracks:speed><mytracks:gradient>0.07153035079883514</mytracks:gradient><mytracks:length>0.0078544258494992</mytracks:length></extensions></trkpt><trkpt lat="33.64583724642316" lon="130.6785445676537"><ele>19.68808703892624</ele><time>2025-12-22T05:17:09.00100Z</time><extensions><mytracks:speed>5.305595123328884</mytracks:speed><mytracks:gradient>0.08805035774920161</mytracks:gradient><mytracks:length>0.007364678784153947</mytracks:length></extensions></trkpt><trkpt lat="33.6458664983706" lon="130.6784824735589"><ele>19.38062284932246</ele><time>2025-12-22T05:17:14.00500Z</time><extensions><mytracks:speed>4.751499506362465</mytracks:speed><mytracks:length>0.006604658982225362</mytracks:length></extensions></trkpt><trkpt lat="33.64588109336714" lon="130.6784258573789"><ele>17.05538024408083</ele><time>2025-12-22T05:17:19.00400Z</time><extensions><mytracks:speed>3.950983723446025</mytracks:speed><mytracks:length>0.00548657033780187</mytracks:length></extensions></trkpt><trkpt lat="33.6458667173837" lon="130.6783715420198"><ele>15.51378968246203</ele><time>2025-12-22T05:17:23.99700Z</time><extensions><mytracks:speed>3.804042147628811</mytracks:speed><mytracks:length>0.005275533238457873</mytracks:length></extensions></trkpt><trkpt lat="33.64586698704574" lon="130.6783632713387"><ele>16.2108646351844</ele><time>2025-12-22T05:17:28.98200Z</time><extensions><mytracks:speed>0.5527384768616701</mytracks:speed><mytracks:gradient>0.9107414060117699</mytracks:gradient><mytracks:length>0.000765392841613443</mytracks:length></extensions></trkpt><trkpt lat="33.64586698704574" lon="130.6783632713387"><ele>16.21086463518441</ele><time>2025-12-22T05:17:33.98600Z</time><extensions><mytracks:speed>0.2758439645223668</mytracks:speed><mytracks:gradient>0.9107414060117746</mytracks:gradient><mytracks:length>0</mytracks:length></extensions></trkpt><trkpt lat="33.64587232767952" lon="130.6783543787878"><ele>17.43855023505988</ele><time>2025-12-22T05:17:39.00000Z</time><extensions><mytracks:speed>0.7277721615689625</mytracks:speed><mytracks:gradient>1.211175335793736</mytracks:gradient><mytracks:length>0.001013631605262928</mytracks:length></extensions></trkpt><trkpt lat="33.6458848072821" lon="130.6783596504158"><ele>18.96609385066798</ele><time>2025-12-22T05:17:44.00700Z</time><extensions><mytracks:speed>1.057405392910006</mytracks:speed><mytracks:gradient>1.038628608222241</mytracks:gradient><mytracks:length>0.001470731311958284</mytracks:length></extensions></trkpt><trkpt lat="33.64590800367009" lon="130.6783808819567"><ele>20.43958393871651</ele><time>2025-12-22T05:17:49.00600Z</time><extensions><mytracks:speed>2.335732606595994</mytracks:speed><mytracks:gradient>0.4543432422857586</mytracks:gradient><mytracks:length>0.00324312095110194</mytracks:length></extensions></trkpt><trkpt lat="33.64595374864299" lon="130.678400603249"><ele>20.65445060099496</ele><time>2025-12-22T05:17:54.00100Z</time><extensions><mytracks:speed>3.893897617414846</mytracks:speed><mytracks:gradient>0.0397681918958628</mytracks:gradient><mytracks:length>0.005402977908603545</mytracks:length></extensions></trkpt><trkpt lat="33.64599879397841" lon="130.6784237804751"><ele>21.56778411362477</ele><time>2025-12-22T05:17:59.00100Z</time><extensions><mytracks:speed>3.922714534769964</mytracks:speed><mytracks:gradient>0.1676254196519394</mytracks:gradient><mytracks:length>0.00544865757548152</mytracks:length></extensions></trkpt><trkpt lat="33.6460453214876" lon="130.678408558747"><ele>21.56343129051349</ele><time>2025-12-22T05:18:03.99800Z</time><extensions><mytracks:speed>3.862727411851258</mytracks:speed><mytracks:length>0.005361113199780731</mytracks:length></extensions></trkpt><trkpt lat="33.64608676011488" lon="130.6783910302163"><ele>22.36717988847967</ele><time>2025-12-22T05:18:09.00400Z</time><extensions><mytracks:speed>3.512282849503108</mytracks:speed><mytracks:gradient>0.1645566887876723</mytracks:gradient><mytracks:length>0.004884326513176633</mytracks:length></extensions></trkpt><trkpt lat="33.64610472388415" lon="130.678364120998"><ele>22.50357914953513</ele><time>2025-12-22T05:18:16.03500Z</time><extensions><mytracks:speed>1.634841740424668</mytracks:speed><mytracks:gradient>0.04272213984125806</mytracks:gradient><mytracks:length>0.003192706675327403</mytracks:length></extensions></trkpt><trkpt lat="33.64622066440622" lon="130.6780771304415"><ele>11.52484827209264</ele><time>2025-12-22T05:18:58.00000Z</time><extensions><mytracks:speed>2.53311163587328</mytracks:speed><mytracks:length>0.02952884575730808</mytracks:length></extensions></trkpt><trkpt lat="33.64625231028818" lon="130.6779809768115"><ele>16.10456326369534</ele><time>2025-12-22T05:19:03.01200Z</time><extensions><mytracks:speed>6.875546267819845</mytracks:speed><mytracks:gradient>0.4784961034042516</mytracks:gradient><mytracks:length>0.009571060159153653</mytracks:length></extensions></trkpt><trkpt lat="33.64626460075769" lon="130.6778836493435"><ele>17.7682081723539</ele><time>2025-12-22T05:19:08.02900Z</time><extensions><mytracks:speed>6.538306624829078</mytracks:speed><mytracks:gradient>0.1825811561408877</mytracks:gradient><mytracks:length>0.00911181057137583</mytracks:length></extensions></trkpt><trkpt lat="33.64629780325129" lon="130.6778181818217"><ele>17.08101124201745</ele><time>2025-12-22T05:19:13.02000Z</time><extensions><mytracks:speed>5.117163566832096</mytracks:speed><mytracks:length>0.00709542123684086</mytracks:length></extensions></trkpt><trkpt lat="33.64632874124853" lon="130.6777751006955"><ele>15.15318031518848</ele><time>2025-12-22T05:19:18.01000Z</time><extensions><mytracks:speed>3.799617166265086</mytracks:speed><mytracks:length>0.005266128666418526</mytracks:length></extensions></trkpt><trkpt lat="33.64636192704742" lon="130.6776966139567"><ele>15.81265148195924</ele><time>2025-12-22T05:19:23.01300Z</time><extensions><mytracks:speed>5.864169293547235</mytracks:speed><mytracks:gradient>0.08092697103731539</mytracks:gradient><mytracks:length>0.008148966386826427</mytracks:length></extensions></trkpt><trkpt lat="33.64639616314328" lon="130.6776213097432"><ele>16.51731796803112</ele><time>2025-12-22T05:19:28.00700Z</time><extensions><mytracks:speed>5.725384163898647</mytracks:speed><mytracks:gradient>0.08871700644936104</mytracks:gradient><mytracks:length>0.007942856891526193</mytracks:length></extensions></trkpt><trkpt lat="33.64642450459991" lon="130.6775439941241"><ele>17.40556986547948</ele><time>2025-12-22T05:19:33.00200Z</time><extensions><mytracks:speed>5.635716769925527</mytracks:speed><mytracks:gradient>0.1135799042977762</mytracks:gradient><mytracks:length>0.007820502252930267</mytracks:length></extensions></trkpt><trkpt lat="33.64644113276763" lon="130.6774688979459"><ele>18.29510849635058</ele><time>2025-12-22T05:19:38.00900Z</time><extensions><mytracks:speed>5.171890327241082</mytracks:speed><mytracks:gradient>0.1236747808139739</mytracks:gradient><mytracks:length>0.007192562824987782</mytracks:length></extensions></trkpt><trkpt lat="33.64646098345654" lon="130.6773880123837"><ele>18.88804826974019</ele><time>2025-12-22T05:19:43.00800Z</time><extensions><mytracks:speed>5.620865600216133</mytracks:speed><mytracks:gradient>0.07596429598279503</mytracks:gradient><mytracks:length>0.007805506069902839</mytracks:length></extensions></trkpt><trkpt lat="33.64648246826585" lon="130.6773197294096"><ele>19.69967530557176</ele><time>2025-12-22T05:19:48.00900Z</time><extensions><mytracks:speed>4.864041243931302</mytracks:speed><mytracks:gradient>0.1201265660790776</mytracks:gradient><mytracks:length>0.006756432505506633</mytracks:length></extensions></trkpt><trkpt lat="33.64651265449799" lon="130.6772519745346"><ele>19.99784773574136</ele><time>2025-12-22T05:19:53.00600Z</time><extensions><mytracks:speed>5.124803362089706</mytracks:speed><mytracks:gradient>0.04191829049043624</mytracks:gradient><mytracks:length>0.007113182018661503</mytracks:length></extensions></trkpt><trkpt lat="33.64654244995599" lon="130.6771841999723"><ele>19.29660470371138</ele><time>2025-12-22T05:19:58.00700Z</time><extensions><mytracks:speed>5.106851876860798</mytracks:speed><mytracks:length>0.007094786100892146</mytracks:length></extensions></trkpt><trkpt lat="33.6465718558272" lon="130.6771114320364"><ele>19.23820602935125</ele><time>2025-12-22T05:20:03.00200Z</time><extensions><mytracks:speed>5.395426318137443</mytracks:speed><mytracks:length>0.007486658030426281</mytracks:length></extensions></trkpt><trkpt lat="33.64660088924147" lon="130.6770430881377"><ele>19.20445017530382</ele><time>2025-12-22T05:20:07.99700Z</time><extensions><mytracks:speed>5.117929686794684</mytracks:speed><mytracks:length>0.007101134904042545</mytracks:length></extensions></trkpt><trkpt lat="33.64663588290508" lon="130.6769786191739"><ele>18.77208028649397</ele><time>2025-12-22T05:20:13.00000Z</time><extensions><mytracks:speed>5.126232790532832</mytracks:speed><mytracks:length>0.007123943747265805</mytracks:length></extensions></trkpt><trkpt lat="33.64667397784368" lon="130.6769153698939"><ele>19.21531641536194</ele><time>2025-12-22T05:20:18.00100Z</time><extensions><mytracks:speed>5.202497064377564</mytracks:speed><mytracks:gradient>0.06133638693037317</mytracks:gradient><mytracks:length>0.007226316238208135</mytracks:length></extensions></trkpt><trkpt lat="33.6467013653671" lon="130.6768463264707"><ele>18.95409003146352</ele><time>2025-12-22T05:20:23.00200Z</time><extensions><mytracks:speed>5.095710191824269</mytracks:speed><mytracks:length>0.007078889181744193</mytracks:length></extensions></trkpt><trkpt lat="33.6467352372761" lon="130.6767791267859"><ele>19.02449997202937</ele><time>2025-12-22T05:20:27.99800Z</time><extensions><mytracks:speed>5.239149679677798</mytracks:speed><mytracks:gradient>0.00968273878313235</mytracks:gradient><mytracks:length>0.007271696793939016</mytracks:length></extensions></trkpt><trkpt lat="33.6467660221613" lon="130.6767136740431"><ele>18.49851237955874</ele><time>2025-12-22T05:20:32.99900Z</time><extensions><mytracks:speed>5.009853952261992</mytracks:speed><mytracks:length>0.006958828574396303</mytracks:length></extensions></trkpt><trkpt lat="33.64679615261793" lon="130.6766488992844"><ele>18.32094457628787</ele><time>2025-12-22T05:20:38.00200Z</time><extensions><mytracks:speed>4.942264211881318</mytracks:speed><mytracks:length>0.006868225995600974</mytracks:length></extensions></trkpt><trkpt lat="33.64683023600437" lon="130.6765841684424"><ele>18.58401011249052</ele><time>2025-12-22T05:20:42.99900Z</time><extensions><mytracks:speed>5.107669876997588</mytracks:speed><mytracks:gradient>0.03710529728872148</mytracks:gradient><mytracks:length>0.007089702964935358</mytracks:length></extensions></trkpt><trkpt lat="33.64685747268038" lon="130.6765177406669"><ele>18.21087710024011</ele><time>2025-12-22T05:20:47.99300Z</time><extensions><mytracks:speed>4.940924926332232</mytracks:speed><mytracks:length>0.006854433703804508</mytracks:length></extensions></trkpt><trkpt lat="33.6468828078257" lon="130.6764567579069"><ele>18.46312039683387</ele><time>2025-12-22T05:20:52.99700Z</time><extensions><mytracks:speed>4.539209228827088</mytracks:speed><mytracks:gradient>0.03997865841425425</mytracks:gradient><mytracks:length>0.006309448755884653</mytracks:length></extensions></trkpt><trkpt lat="33.64691286338199" lon="130.6763848996761"><ele>17.53748765327419</ele><time>2025-12-22T05:20:58.49600Z</time><extensions><mytracks:speed>4.872988157947717</mytracks:speed><mytracks:length>0.007443799164254347</mytracks:length></extensions></trkpt><trkpt lat="33.64695178828752" lon="130.6763141690446"><ele>16.38055311095542</ele><time>2025-12-22T05:21:04.00500Z</time><extensions><mytracks:speed>5.129390232920599</mytracks:speed><mytracks:length>0.007848686407118216</mytracks:length></extensions></trkpt><trkpt lat="33.6469888353388" lon="130.6762514836349"><ele>16.7276700074257</ele><time>2025-12-22T05:21:09.00100Z</time><extensions><mytracks:speed>5.126749724483098</mytracks:speed><mytracks:gradient>0.04878172672023944</mytracks:gradient><mytracks:length>0.007115715654367376</mytracks:length></extensions></trkpt><trkpt lat="33.64702422555678" lon="130.6761810133868"><ele>17.52230102867807</ele><time>2025-12-22T05:21:14.00000Z</time><extensions><mytracks:speed>5.485881060476613</mytracks:speed><mytracks:gradient>0.1043106339675876</mytracks:gradient><mytracks:length>0.007617929170091004</mytracks:length></extensions></trkpt><trkpt lat="33.64705880639643" lon="130.6761146803875"><ele>18.44201062157746</ele><time>2025-12-22T05:21:19.00200Z</time><extensions><mytracks:speed>5.214194573174138</mytracks:speed><mytracks:gradient>0.1269549396838737</mytracks:gradient><mytracks:length>0.007244378164327671</mytracks:length></extensions></trkpt><trkpt lat="33.64708569167361" lon="130.6760446612107"><ele>18.76913649661225</ele><time>2025-12-22T05:21:24.00200Z</time><extensions><mytracks:speed>5.139269405179124</mytracks:speed><mytracks:gradient>0.04582977095931701</mytracks:gradient><mytracks:length>0.007137846604670437</mytracks:length></extensions></trkpt><trkpt lat="33.64711273366125" lon="130.6759856316736"><ele>19.49766741930143</ele><time>2025-12-22T05:21:28.99900Z</time><extensions><mytracks:speed>4.492996409712522</mytracks:speed><mytracks:gradient>0.1168098737174659</mytracks:gradient><mytracks:length>0.006236895045801634</mytracks:length></extensions></trkpt><trkpt lat="33.64715106932844" lon="130.675926284721"><ele>18.51061805989553</ele><time>2025-12-22T05:21:33.99900Z</time><extensions><mytracks:speed>5.007447375959078</mytracks:speed><mytracks:length>0.006953646053793313</mytracks:length></extensions></trkpt><trkpt lat="33.64719113650704" lon="130.6758562796828"><ele>18.38889836558578</ele><time>2025-12-22T05:21:38.99500Z</time><extensions><mytracks:speed>5.665249564422796</mytracks:speed><mytracks:length>0.007863600244040866</mytracks:length></extensions></trkpt><trkpt lat="33.64724349128409" lon="130.6757915736567"><ele>19.00199943134081</ele><time>2025-12-22T05:21:44.00100Z</time><extensions><mytracks:speed>6.006781913055093</mytracks:speed><mytracks:gradient>0.07340164948605638</mytracks:gradient><mytracks:length>0.008352687848949481</mytracks:length></extensions></trkpt><trkpt lat="33.64728489758936" lon="130.6757199674107"><ele>19.41379205155917</ele><time>2025-12-22T05:21:49.00000Z</time><extensions><mytracks:speed>5.812315879785244</mytracks:speed><mytracks:gradient>0.05102015451596167</mytracks:gradient><mytracks:length>0.008071175482024998</mytracks:length></extensions></trkpt><trkpt lat="33.6473268174456" lon="130.6756546416533"><ele>19.47366501444488</ele><time>2025-12-22T05:21:54.00300Z</time><extensions><mytracks:speed>5.49408099311695</mytracks:speed><mytracks:gradient>0.007841840900043542</mytracks:gradient><mytracks:length>0.00763506473146891</mytracks:length></extensions></trkpt><trkpt lat="33.64736067914536" lon="130.6755856511859"><ele>19.90542000447673</ele><time>2025-12-22T05:21:58.99600Z</time><extensions><mytracks:speed>5.345132708524771</mytracks:speed><mytracks:gradient>0.05823927203049451</mytracks:gradient><mytracks:length>0.007413468180127228</mytracks:length></extensions></trkpt><trkpt lat="33.64737675424112" lon="130.6755121619604"><ele>19.84556310195314</ele><time>2025-12-22T05:22:03.99800Z</time><extensions><mytracks:speed>5.062000014281182</mytracks:speed><mytracks:length>0.007032905293676468</mytracks:length></extensions></trkpt><trkpt lat="33.64739105093223" lon="130.6754402975952"><ele>18.90581361994109</ele><time>2025-12-22T05:22:08.99900Z</time><extensions><mytracks:speed>4.922764928332763</mytracks:speed><mytracks:length>0.006838637023607386</mytracks:length></extensions></trkpt><trkpt lat="33.64741342572049" lon="130.6753693804993"><ele>18.36921207213393</ele><time>2025-12-22T05:22:14.00200Z</time><extensions><mytracks:speed>5.051479501948815</mytracks:speed><mytracks:length>0.007019436583018945</mytracks:length></extensions></trkpt><trkpt lat="33.6474375935149" lon="130.6752950864824"><ele>18.98736345925386</ele><time>2025-12-22T05:22:18.99600Z</time><extensions><mytracks:speed>5.321521449198786</mytracks:speed><mytracks:gradient>0.08372617268453648</mytracks:gradient><mytracks:length>0.007383012590925477</mytracks:length></extensions></trkpt><trkpt lat="33.64746220513273" lon="130.6752320322241"><ele>20.06774986444538</ele><time>2025-12-22T05:22:24.00200Z</time><extensions><mytracks:speed>4.635561048875256</mytracks:speed><mytracks:gradient>0.1676103875213842</mytracks:gradient><mytracks:length>0.006445820102012947</mytracks:length></extensions></trkpt><trkpt lat="33.64748007131532" lon="130.6751787901146"><ele>19.54878603204148</ele><time>2025-12-22T05:22:28.99700Z</time><extensions><mytracks:speed>3.829384686008551</mytracks:speed><mytracks:length>0.005312985057881227</mytracks:length></extensions></trkpt><trkpt lat="33.6475036326706" lon="130.6751131284173"><ele>19.29002573154646</ele><time>2025-12-22T05:22:34.00100Z</time><extensions><mytracks:speed>4.760951195027059</mytracks:speed><mytracks:length>0.006618290903812559</mytracks:length></extensions></trkpt><trkpt lat="33.64753399989607" lon="130.675045763119"><ele>18.51467216265276</ele><time>2025-12-22T05:22:39.00000Z</time><extensions><mytracks:speed>5.106434475147511</mytracks:speed><mytracks:length>0.007090338556219519</mytracks:length></extensions></trkpt><trkpt lat="33.64756493231867" lon="130.674970543582"><ele>19.34066286306173</ele><time>2025-12-22T05:22:43.99100Z</time><extensions><mytracks:speed>5.601029099255516</mytracks:speed><mytracks:gradient>0.106373728281502</mytracks:gradient><mytracks:length>0.007764987781786739</mytracks:length></extensions></trkpt><trkpt lat="33.64759730584559" lon="130.6749061164477"><ele>19.4469657360684</ele><time>2025-12-22T05:22:48.99000Z</time><extensions><mytracks:speed>5.015477194719351</mytracks:speed><mytracks:gradient>0.01526177668253523</mytracks:gradient><mytracks:length>0.006965301302587954</mytracks:length></extensions></trkpt><trkpt lat="33.6476297866262" lon="130.6748308915242"><ele>19.57537268228614</ele><time>2025-12-22T05:22:53.99500Z</time><extensions><mytracks:speed>5.642393630740091</mytracks:speed><mytracks:gradient>0.01636989329134615</mytracks:gradient><mytracks:length>0.007844091829579961</mytracks:length></extensions></trkpt><trkpt lat="33.64765980297717" lon="130.6747654880367"><ele>19.92816922944209</ele><time>2025-12-22T05:22:59.00500Z</time><extensions><mytracks:speed>4.967939167265475</mytracks:speed><mytracks:gradient>0.05103120161384582</mytracks:gradient><mytracks:length>0.006913349793829456</mytracks:length></extensions></trkpt><trkpt lat="33.64771263995323" lon="130.6746901870199"><ele>19.96250284791407</ele><time>2025-12-22T05:23:04.49800Z</time><extensions><mytracks:speed>5.973727924920262</mytracks:speed><mytracks:gradient>0.003766399629525556</mytracks:gradient><mytracks:length>0.009115766208884227</mytracks:length></extensions></trkpt><trkpt lat="33.64776637037441" lon="130.674622845437"><ele>19.66374087263413</ele><time>2025-12-22T05:23:09.99500Z</time><extensions><mytracks:speed>5.655455348514431</mytracks:speed><mytracks:length>0.008634416236013491</mytracks:length></extensions></trkpt><trkpt lat="33.64780564742354" lon="130.6745640940839"><ele>18.66500248405085</ele><time>2025-12-22T05:23:15.00000Z</time><extensions><mytracks:speed>5.016717492026137</mytracks:speed><mytracks:length>0.006974999132461013</mytracks:length></extensions></trkpt><trkpt lat="33.64784927219753" lon="130.6744958490476"><ele>18.08352866858782</ele><time>2025-12-22T05:23:20.00300Z</time><extensions><mytracks:speed>5.731045757050333</mytracks:speed><mytracks:length>0.007964386894774838</mytracks:length></extensions></trkpt><trkpt lat="33.64788072491895" lon="130.6744220107305"><ele>18.08981028228515</ele><time>2025-12-22T05:23:25.00400Z</time><extensions><mytracks:speed>5.526738570652378</mytracks:speed><mytracks:gradient>0.0008181908774216662</mytracks:gradient><mytracks:length>0.007677442844548758</mytracks:length></extensions></trkpt><trkpt lat="33.64790860677013" lon="130.6743539843026"><ele>18.08498677265489</ele><time>2025-12-22T05:23:29.99100Z</time><extensions><mytracks:speed>5.067231371225128</mytracks:speed><mytracks:length>0.007019436583018945</mytracks:length></extensions></trkpt><trkpt lat="33.64791965385578" lon="130.6742718022426"><ele>18.47624306544051</ele><time>2025-12-22T05:23:34.99200Z</time><extensions><mytracks:speed>5.546674627397142</mytracks:speed><mytracks:gradient>0.05077195237584486</mytracks:gradient><mytracks:length>0.007706150236045742</mytracks:length></extensions></trkpt><trkpt lat="33.6479413436068" lon="130.6741864382996"><ele>20.04950255800894</ele><time>2025-12-22T05:23:39.99400Z</time><extensions><mytracks:speed>5.945847605689047</mytracks:speed><mytracks:gradient>0.1904314457601036</mytracks:gradient><mytracks:length>0.008261553055425216</mytracks:length></extensions></trkpt><trkpt lat="33.64796903032116" lon="130.6741186246462"><ele>18.96850072282523</ele><time>2025-12-22T05:23:45.00800Z</time><extensions><mytracks:speed>5.020335446878263</mytracks:speed><mytracks:length>0.006991776839876196</mytracks:length></extensions></trkpt><trkpt lat="33.64800032500087" lon="130.6740436648927"><ele>18.79891358277059</ele><time>2025-12-22T05:23:50.00900Z</time><extensions><mytracks:speed>5.587458012422186</mytracks:speed><mytracks:length>0.007762085524992485</mytracks:length></extensions></trkpt><trkpt lat="33.64802635728115" lon="130.6739683715533"><ele>19.53203496322794</ele><time>2025-12-22T05:23:55.00100Z</time><extensions><mytracks:speed>5.441839033456474</mytracks:speed><mytracks:gradient>0.09714579121340737</mytracks:gradient><mytracks:length>0.007546609804709391</mytracks:length></extensions></trkpt><trkpt lat="33.64806429412644" lon="130.6739001693771"><ele>19.67716516930689</ele><time>2025-12-22T05:24:00.00400Z</time><extensions><mytracks:speed>5.463508156445953</mytracks:speed><mytracks:gradient>0.01911506884808895</mytracks:gradient><mytracks:length>0.007592450083874633</mytracks:length></extensions></trkpt><trkpt lat="33.64809509647017" lon="130.6738320702985"><ele>20.43134717862222</ele><time>2025-12-22T05:24:05.01200Z</time><extensions><mytracks:speed>5.157549249634992</mytracks:speed><mytracks:gradient>0.1051124965138128</mytracks:gradient><mytracks:length>0.007174998542787248</mytracks:length></extensions></trkpt><trkpt lat="33.64812098943474" lon="130.6737661890965"><ele>19.7388560050024</ele><time>2025-12-22T05:24:10.00000Z</time><extensions><mytracks:speed>4.867595442190321</mytracks:speed><mytracks:length>0.006744416313297135</mytracks:length></extensions></trkpt><trkpt lat="33.64815321687989" lon="130.6736973237035"><ele>19.34399154369428</ele><time>2025-12-22T05:24:15.00200Z</time><extensions><mytracks:speed>5.263471349802444</mytracks:speed><mytracks:length>0.007312483379521357</mytracks:length></extensions></trkpt><trkpt lat="33.64819704535417" lon="130.6736322685007"><ele>18.79012747005535</ele><time>2025-12-22T05:24:19.99800Z</time><extensions><mytracks:speed>5.581403791270017</mytracks:speed><mytracks:length>0.00774639454880144</mytracks:length></extensions></trkpt><trkpt lat="33.64824044407594" lon="130.6735728892136"><ele>17.99740490250418</ele><time>2025-12-22T05:24:24.99500Z</time><extensions><mytracks:speed>5.269814215409447</mytracks:speed><mytracks:length>0.007314331911266796</mytracks:length></extensions></trkpt><trkpt lat="33.64827705173516" lon="130.6735064958268"><ele>18.12631652408682</ele><time>2025-12-22T05:24:29.99600Z</time><extensions><mytracks:speed>5.306355261626964</mytracks:speed><mytracks:gradient>0.01748661295450864</mytracks:gradient><mytracks:length>0.007372017778286077</mytracks:length></extensions></trkpt><trkpt lat="33.64830948166115" lon="130.6734284332253"><ele>18.63935328543848</ele><time>2025-12-22T05:24:34.99800Z</time><extensions><mytracks:speed>5.81255966696339</mytracks:speed><mytracks:gradient>0.0635245330280968</mytracks:gradient><mytracks:length>0.008076198862016744</mytracks:length></extensions></trkpt><trkpt lat="33.64834058967777" lon="130.6733578734289"><ele>20.63380194187878</ele><time>2025-12-22T05:24:39.99700Z</time><extensions><mytracks:speed>5.323136026251809</mytracks:speed><mytracks:gradient>0.2698503594031445</mytracks:gradient><mytracks:length>0.007390943116961648</mytracks:length></extensions></trkpt><trkpt lat="33.6483865527733" lon="130.6732896369694"><ele>21.0001152763512</ele><time>2025-12-22T05:24:45.00500Z</time><extensions><mytracks:speed>5.840218490156603</mytracks:speed><mytracks:gradient>0.04509002677285627</mytracks:gradient><mytracks:length>0.008124043401387738</mytracks:length></extensions></trkpt><trkpt lat="33.64841324859403" lon="130.6732232458938"><ele>21.21373723506404</ele><time>2025-12-22T05:24:49.99900Z</time><extensions><mytracks:speed>4.919863514480867</mytracks:speed><mytracks:gradient>0.03130090702289854</mytracks:gradient><mytracks:length>0.006824784935355537</mytracks:length></extensions></trkpt><trkpt lat="33.64844497453151" lon="130.6731586584311"><ele>21.56254123367709</ele><time>2025-12-22T05:24:54.99600Z</time><extensions><mytracks:speed>5.000299020634911</mytracks:speed><mytracks:gradient>0.05024567039171634</mytracks:gradient><mytracks:length>0.006941971236402323</mytracks:length></extensions></trkpt><trkpt lat="33.6484817208588" lon="130.6730920687971"><ele>21.04957473900086</ele><time>2025-12-22T05:25:00.00700Z</time><extensions><mytracks:speed>5.312842192410157</mytracks:speed><mytracks:length>0.007394600491099039</mytracks:length></extensions></trkpt><trkpt lat="33.64850138224347" lon="130.673015290238"><ele>21.00194244143779</ele><time>2025-12-22T05:25:05.00100Z</time><extensions><mytracks:speed>5.359498709862869</mytracks:speed><mytracks:length>0.007435318960646891</mytracks:length></extensions></trkpt><trkpt lat="33.64851766120356" lon="130.6729244032401"><ele>22.47465384390281</ele><time>2025-12-22T05:25:10.49700Z</time><extensions><mytracks:speed>5.636241966979284</mytracks:speed><mytracks:gradient>0.1711536430534729</mytracks:gradient><mytracks:length>0.008604616157687641</mytracks:length></extensions></trkpt><trkpt lat="33.64854149916832" lon="130.6728513627924"><ele>23.31821286718717</ele><time>2025-12-22T05:25:15.99700Z</time><extensions><mytracks:speed>4.753050119092793</mytracks:speed><mytracks:gradient>0.1161742358230157</mytracks:gradient><mytracks:length>0.007261154052861345</mytracks:length></extensions></trkpt><trkpt lat="33.6485628431557" lon="130.6727889072641"><ele>23.17944259547186</ele><time>2025-12-22T05:25:21.00100Z</time><extensions><mytracks:speed>4.495982018204218</mytracks:speed><mytracks:length>0.006249166016033115</mytracks:length></extensions></trkpt><trkpt lat="33.64858404422086" lon="130.6727315813752"><ele>23.35870027499112</ele><time>2025-12-22T05:25:26.00700Z</time><extensions><mytracks:speed>4.175113867344295</mytracks:speed><mytracks:gradient>0.03087551791319718</mytracks:gradient><mytracks:length>0.005805819355750344</mytracks:length></extensions></trkpt><trkpt lat="33.64860966653148" lon="130.6726757353673"><ele>23.00845859934923</ele><time>2025-12-22T05:25:30.99700Z</time><extensions><mytracks:speed>4.25863574434742</mytracks:speed><mytracks:length>0.00590280780242692</mytracks:length></extensions></trkpt><trkpt lat="33.64863174613028" lon="130.6726148243091"><ele>22.28216489902259</ele><time>2025-12-22T05:25:35.99600Z</time><extensions><mytracks:speed>4.427972104713865</mytracks:speed><mytracks:length>0.006149580027640712</mytracks:length></extensions></trkpt><trkpt lat="33.64865213063146" lon="130.6725559839296"><ele>21.40977670098452</ele><time>2025-12-22T05:25:40.98800Z</time><extensions><mytracks:speed>4.254283543426223</mytracks:speed><mytracks:length>0.005898989438742254</mytracks:length></extensions></trkpt><trkpt lat="33.64867754292368" lon="130.6725012913466"><ele>20.7328059212106</ele><time>2025-12-22T05:25:45.99800Z</time><extensions><mytracks:speed>4.166207579168388</mytracks:speed><mytracks:length>0.005797275098941441</mytracks:length></extensions></trkpt><trkpt lat="33.64868950361083" lon="130.6724410600826"><ele>21.11450374937997</ele><time>2025-12-22T05:25:50.98900Z</time><extensions><mytracks:speed>4.132971265881128</mytracks:speed><mytracks:gradient>0.0666043795315278</mytracks:gradient><mytracks:length>0.005730821769590764</mytracks:length></extensions></trkpt><trkpt lat="33.64871935788263" lon="130.6723945028615"><ele>20.43779061111912</ele><time>2025-12-22T05:25:56.00300Z</time><extensions><mytracks:speed>3.905530879116828</mytracks:speed><mytracks:length>0.005439552330482106</mytracks:length></extensions></trkpt><trkpt lat="33.64877047670202" lon="130.6724313493059"><ele>20.2906953392245</ele><time>2025-12-22T05:26:00.98900Z</time><extensions><mytracks:speed>4.786305086777821</mytracks:speed><mytracks:length>0.006628496447120304</mytracks:length></extensions></trkpt><trkpt lat="33.64880626412771" lon="130.6724865022335"><ele>20.59661192786306</ele><time>2025-12-22T05:26:05.99700Z</time><extensions><mytracks:speed>4.653076371371431</mytracks:speed><mytracks:gradient>0.04726019799625009</mytracks:gradient><mytracks:length>0.006473028078782768</mytracks:length></extensions></trkpt><trkpt lat="33.6488418472509" lon="130.6725399300388"><ele>21.10631994421509</ele><time>2025-12-22T05:26:11.00200Z</time><extensions><mytracks:speed>4.555247807739968</mytracks:speed><mytracks:gradient>0.08048477617416155</mytracks:gradient><mytracks:length>0.006332974266451029</mytracks:length></extensions></trkpt><trkpt lat="33.64886796925991" lon="130.6725942508568"><ele>21.88443990475718</ele><time>2025-12-22T05:26:16.00400Z</time><extensions><mytracks:speed>4.180114194009966</mytracks:speed><mytracks:gradient>0.1339704217970545</mytracks:gradient><mytracks:length>0.005808147426159655</mytracks:length></extensions></trkpt><trkpt lat="33.64885293203773" lon="130.6726285871057"><ele>22.23329335439176</ele><time>2025-12-22T05:26:21.00100Z</time><extensions><mytracks:speed>2.587474762841512</mytracks:speed><mytracks:gradient>0.09713941577171806</mytracks:gradient><mytracks:length>0.003591265675865327</mytracks:length></extensions></trkpt><trkpt lat="33.64885543091739" lon="130.6726285974466"><ele>22.3071557311206</ele><time>2025-12-22T05:26:26.00500Z</time><extensions><mytracks:speed>0.2159668422037269</mytracks:speed><mytracks:gradient>0.2460342452816606</mytracks:gradient><mytracks:length>0.0003002117719193212</mytracks:length></extensions></trkpt><trkpt lat="33.6488741185392" lon="130.6726571995886"><ele>22.24027788085859</ele><time>2025-12-22T05:26:31.00100Z</time><extensions><mytracks:speed>2.426101734600684</mytracks:speed><mytracks:length>0.00336719322080969</mytracks:length></extensions></trkpt><trkpt lat="33.64891015039857" lon="130.672717516171"><ele>22.72180422117458</ele><time>2025-12-22T05:26:35.99900Z</time><extensions><mytracks:speed>4.950055995334647</mytracks:speed><mytracks:gradient>0.07006912391101477</mytracks:gradient><mytracks:length>0.006872161566163035</mytracks:length></extensions></trkpt><trkpt lat="33.6489449484568" lon="130.6727533567494"><ele>23.10749838116164</ele><time>2025-12-22T05:26:41.00200Z</time><extensions><mytracks:speed>3.667552857593822</mytracks:speed><mytracks:gradient>0.07567777535863271</mytracks:gradient><mytracks:length>0.005096531421005414</mytracks:length></extensions></trkpt><trkpt lat="33.6489976864162" lon="130.6727597761346"><ele>23.39410100702407</ele><time>2025-12-22T05:26:46.00200Z</time><extensions><mytracks:speed>4.24411294495771</mytracks:speed><mytracks:gradient>0.0486228326370983</mytracks:gradient><mytracks:length>0.005894404137280823</mytracks:length></extensions></trkpt><trkpt lat="33.64904223510248" lon="130.6727697886919"><ele>24.72416693697241</ele><time>2025-12-22T05:26:50.98500Z</time><extensions><mytracks:speed>3.641783545453819</mytracks:speed><mytracks:gradient>0.2638747976373202</mytracks:gradient><mytracks:length>0.005040518995589848</mytracks:length></extensions></trkpt><trkpt lat="33.64908671729719" lon="130.672741103886"><ele>24.82449831093749</ele><time>2025-12-22T05:26:56.00400Z</time><extensions><mytracks:speed>4.025668114112883</mytracks:speed><mytracks:gradient>0.01787406487229717</mytracks:gradient><mytracks:length>0.005613237653656841</mytracks:length></extensions></trkpt><trkpt lat="33.64912560741703" lon="130.6727150826858"><ele>24.95141317892467</ele><time>2025-12-22T05:27:00.99400Z</time><extensions><mytracks:speed>3.571184870903408</mytracks:speed><mytracks:gradient>0.02563776608330197</mytracks:gradient><mytracks:length>0.004950309148418169</mytracks:length></extensions></trkpt><trkpt lat="33.64917318199426" lon="130.6726821782587"><ele>24.672856345115</ele><time>2025-12-22T05:27:05.99700Z</time><extensions><mytracks:speed>4.391846708834063</mytracks:speed><mytracks:length>0.006103239609909162</mytracks:length></extensions></trkpt><trkpt lat="33.64921391083396" lon="130.6726485039625"><ele>24.39362056013268</ele><time>2025-12-22T05:27:10.99900Z</time><extensions><mytracks:speed>3.955808105376113</mytracks:speed><mytracks:length>0.005496417615251417</mytracks:length></extensions></trkpt><trkpt lat="33.64926133309233" lon="130.6726185201245"><ele>22.33138724099557</ele><time>2025-12-22T05:27:16.49800Z</time><extensions><mytracks:speed>3.90168951590974</mytracks:speed><mytracks:length>0.005959033524958923</mytracks:length></extensions></trkpt><trkpt lat="33.64930374094025" lon="130.672591118749"><ele>21.73609194442848</ele><time>2025-12-22T05:27:21.49400Z</time><extensions><mytracks:speed>3.85809009744793</mytracks:speed><mytracks:length>0.005354384470176197</mytracks:length></extensions></trkpt><trkpt lat="33.64935260433359" lon="130.672541370415"><ele>23.75591928831561</ele><time>2025-12-22T05:27:26.50200Z</time><extensions><mytracks:speed>5.119608837140337</mytracks:speed><mytracks:gradient>0.2836021278882153</mytracks:gradient><mytracks:length>0.00712204580031664</mytracks:length></extensions></trkpt><trkpt lat="33.64941218346796" lon="130.6725211144201"><ele>24.54006855925665</ele><time>2025-12-22T05:27:31.99800Z</time><extensions><mytracks:speed>4.509220536750631</mytracks:speed><mytracks:gradient>0.1138988763874915</mytracks:gradient><mytracks:length>0.006884609364128541</mytracks:length></extensions></trkpt><trkpt lat="33.64946699030968" lon="130.6725032735839"><ele>23.63342481416369</ele><time>2025-12-22T05:27:37.01100Z</time><extensions><mytracks:speed>4.533487064376817</mytracks:speed><mytracks:length>0.006313018862409162</mytracks:length></extensions></trkpt><trkpt lat="33.64951753500979" lon="130.6724867355642"><ele>22.95523541682385</ele><time>2025-12-22T05:27:41.99700Z</time><extensions><mytracks:speed>4.206459539526957</mytracks:speed><mytracks:length>0.005825965059318723</mytracks:length></extensions></trkpt><trkpt lat="33.64957228528046" lon="130.6724771695989"><ele>22.5411769919677</ele><time>2025-12-22T05:27:47.00900Z</time><extensions><mytracks:speed>4.419940652128965</mytracks:speed><mytracks:length>0.006152510492437793</mytracks:length></extensions></trkpt><trkpt lat="33.64962152169699" lon="130.6724658906021"><ele>21.96216533592664</ele><time>2025-12-22T05:27:52.01100Z</time><extensions><mytracks:speed>4.010893659514696</mytracks:speed><mytracks:length>0.005572952665906664</mytracks:length></extensions></trkpt><trkpt lat="33.64967378202142" lon="130.6724585675742"><ele>21.60428906831329</ele><time>2025-12-22T05:27:57.00400Z</time><extensions><mytracks:speed>4.217334215589206</mytracks:speed><mytracks:length>0.005849894264617042</mytracks:length></extensions></trkpt><trkpt lat="33.64972099337529" lon="130.6724578718949"><ele>22.11706811165367</ele><time>2025-12-22T05:28:02.00400Z</time><extensions><mytracks:speed>3.779559917334839</mytracks:speed><mytracks:gradient>0.09769106194492704</mytracks:gradient><mytracks:length>0.005248986275013211</mytracks:length></extensions></trkpt><trkpt lat="33.64977378942741" lon="130.6724515942679"><ele>22.45022988130408</ele><time>2025-12-22T05:28:07.00800Z</time><extensions><mytracks:speed>4.243392310381124</mytracks:speed><mytracks:gradient>0.05647777015200713</mytracks:gradient><mytracks:length>0.005898989438742254</mytracks:length></extensions></trkpt><trkpt lat="33.64982207517272" lon="130.6724407125033"><ele>22.34131128906754</ele><time>2025-12-22T05:28:12.00400Z</time><extensions><mytracks:speed>3.935933113351341</mytracks:speed><mytracks:length>0.005461874471978506</mytracks:length></extensions></trkpt><trkpt lat="33.64986625994896" lon="130.6724256773503"><ele>23.31577101468501</ele><time>2025-12-22T05:28:16.99300Z</time><extensions><mytracks:speed>3.684406632817762</mytracks:speed><mytracks:gradient>0.190836727153467</mytracks:gradient><mytracks:length>0.005106248362946549</mytracks:length></extensions></trkpt><trkpt lat="33.64990622784859" lon="130.6724227337482"><ele>25.15721318841075</ele><time>2025-12-22T05:28:21.99500Z</time><extensions><mytracks:speed>3.205244777731293</mytracks:speed><mytracks:gradient>0.4135414318774711</mytracks:gradient><mytracks:length>0.004452860177432847</mytracks:length></extensions></trkpt><trkpt lat="33.64995192295222" lon="130.6724146319351"><ele>26.37482291482254</ele><time>2025-12-22T05:28:26.99700Z</time><extensions><mytracks:speed>3.696417114062208</mytracks:speed><mytracks:gradient>0.2370658677156639</mytracks:gradient><mytracks:length>0.00513616632434063</mytracks:length></extensions></trkpt><trkpt lat="33.65000824475229" lon="130.6724028480018"><ele>26.25251686969667</ele><time>2025-12-22T05:28:32.00100Z</time><extensions><mytracks:speed>4.572649459271924</mytracks:speed><mytracks:length>0.006356412708118274</mytracks:length></extensions></trkpt><trkpt lat="33.65006485365245" lon="130.6724037399158"><ele>26.47797340829492</ele><time>2025-12-22T05:28:36.99400Z</time><extensions><mytracks:speed>4.538826428787631</mytracks:speed><mytracks:gradient>0.03581433440881421</mytracks:gradient><mytracks:length>0.006295148083018898</mytracks:length></extensions></trkpt><trkpt lat="33.65011345822221" lon="130.6724024026067"><ele>27.1800308294564</ele><time>2025-12-22T05:28:41.99300Z</time><extensions><mytracks:speed>3.892783775074142</mytracks:speed><mytracks:gradient>0.1298788430710566</mytracks:gradient><mytracks:length>0.005405479480421476</mytracks:length></extensions></trkpt><trkpt lat="33.65015994019558" lon="130.6724042925849"><ele>27.60194114695294</ele><time>2025-12-22T05:28:47.00600Z</time><extensions><mytracks:speed>3.713575580006129</mytracks:speed><mytracks:gradient>0.08158938412379962</mytracks:gradient><mytracks:length>0.005171142324795028</mytracks:length></extensions></trkpt><trkpt lat="33.6502039411369" lon="130.6724158131705"><ele>28.32426781500779</ele><time>2025-12-22T05:28:51.99900Z</time><extensions><mytracks:speed>3.611434434649983</mytracks:speed><mytracks:gradient>0.1442279159636305</mytracks:gradient><mytracks:length>0.005008230641265025</mytracks:length></extensions></trkpt><trkpt lat="33.65024944119719" lon="130.6724219889948"><ele>29.00907242203458</ele><time>2025-12-22T05:28:57.00500Z</time><extensions><mytracks:speed>3.660754151845525</mytracks:speed><mytracks:gradient>0.1345068848752234</mytracks:gradient><mytracks:length>0.005091223454190171</mytracks:length></extensions></trkpt><trkpt lat="33.65029011467939" lon="130.672457935689"><ele>28.97868881358706</ele><time>2025-12-22T05:29:02.00700Z</time><extensions><mytracks:speed>4.041079827887544</mytracks:speed><mytracks:length>0.005614843041263997</mytracks:length></extensions></trkpt><trkpt lat="33.65032531886461" lon="130.6725012376196"><ele>28.93876056255954</ele><time>2025-12-22T05:29:07.00700Z</time><extensions><mytracks:speed>4.033672358046013</mytracks:speed><mytracks:length>0.005601987058645568</mytracks:length></extensions></trkpt><trkpt lat="33.65044819011436" lon="130.672676699417"><ele>28.60362546425313</ele><time>2025-12-22T05:29:26.00000Z</time><extensions><mytracks:speed>4.022857692260032</mytracks:speed><mytracks:length>0.02122350725863922</mytracks:length></extensions></trkpt><trkpt lat="33.65046822211106" lon="130.6727500746426"><ele>29.32346485423429</ele><time>2025-12-22T05:29:31.50100Z</time><extensions><mytracks:speed>4.677799880451746</mytracks:speed><mytracks:gradient>0.1007058411952685</mytracks:gradient><mytracks:length>0.00714794078910868</mytracks:length></extensions></trkpt><trkpt lat="33.65047392585332" lon="130.6728121418754"><ele>29.44775582061758</ele><time>2025-12-22T05:29:36.50300Z</time><extensions><mytracks:speed>4.160383917369619</mytracks:speed><mytracks:gradient>0.02150017447192414</mytracks:gradient><mytracks:length>0.00578092826854033</mytracks:length></extensions></trkpt><trkpt lat="33.65049081655089" lon="130.672883018783"><ele>28.77009542188901</ele><time>2025-12-22T05:29:41.50400Z</time><extensions><mytracks:speed>4.912547975856588</mytracks:speed><mytracks:length>0.006824124610750891</mytracks:length></extensions></trkpt><trkpt lat="33.65049548682518" lon="130.6729648057148"><ele>29.33236994039084</ele><time>2025-12-22T05:29:47.00000Z</time><extensions><mytracks:speed>4.969538387611101</mytracks:speed><mytracks:gradient>0.07410341640056559</mytracks:gradient><mytracks:length>0.00758770034923156</mytracks:length></extensions></trkpt><trkpt lat="33.65049074954876" lon="130.6730333338874"><ele>31.04138693155703</ele><time>2025-12-22T05:29:52.00300Z</time><extensions><mytracks:speed>4.580251720359223</mytracks:speed><mytracks:gradient>0.2685058886167247</mytracks:gradient><mytracks:length>0.006364914378491375</mytracks:length></extensions></trkpt><trkpt lat="33.65050102586935" lon="130.6731071176368"><ele>29.90092674015496</ele><time>2025-12-22T05:29:57.00300Z</time><extensions><mytracks:speed>4.985121213126666</mytracks:speed><mytracks:length>0.006924422102633549</mytracks:length></extensions></trkpt><trkpt lat="33.65051941627543" lon="130.6731548374886"><ele>28.40215938952973</ele><time>2025-12-22T05:30:02.00100Z</time><extensions><mytracks:speed>3.506635004061956</mytracks:speed><mytracks:length>0.004867691104920494</mytracks:length></extensions></trkpt><trkpt lat="33.65052802330305" lon="130.6732235995424"><ele>27.49073413014412</ele><time>2025-12-22T05:30:16.00000Z</time><extensions><mytracks:speed>1.655124476348899</mytracks:speed><mytracks:length>0.006436025080460429</mytracks:length></extensions></trkpt><trkpt lat="33.65058929039834" lon="130.6732669353714"><ele>26.87604616791628</ele><time>2025-12-22T05:30:21.00300Z</time><extensions><mytracks:speed>5.687742798616624</mytracks:speed><mytracks:length>0.007904753252042223</mytracks:length></extensions></trkpt><trkpt lat="33.65066137023933" lon="130.6732493531218"><ele>26.66302549037737</ele><time>2025-12-22T05:30:25.99800Z</time><extensions><mytracks:speed>5.89407474446107</mytracks:speed><mytracks:length>0.008178222719272292</mytracks:length></extensions></trkpt><trkpt lat="33.65072467693838" lon="130.6732333820155"><ele>27.32880335847545</ele><time>2025-12-22T05:30:30.99400Z</time><extensions><mytracks:speed>5.182908455497487</mytracks:speed><mytracks:gradient>0.09255670020344853</mytracks:gradient><mytracks:length>0.007193189327565075</mytracks:length></extensions></trkpt><trkpt lat="33.65077876991474" lon="130.6732278901865"><ele>27.93456342033666</ele><time>2025-12-22T05:30:35.98700Z</time><extensions><mytracks:speed>4.352219615110437</mytracks:speed><mytracks:gradient>0.1003632610627546</mytracks:gradient><mytracks:length>0.006035675360154294</mytracks:length></extensions></trkpt><trkpt lat="33.65083775432318" lon="130.6732307839164"><ele>29.73826787937929</ele><time>2025-12-22T05:30:40.98900Z</time><extensions><mytracks:speed>4.724242947633956</mytracks:speed><mytracks:gradient>0.2747469469961659</mytracks:gradient><mytracks:length>0.006564966339981966</mytracks:length></extensions></trkpt><trkpt lat="33.6508968745126" lon="130.6732338025483"><ele>33.34574539978286</ele><time>2025-12-22T05:30:45.98400Z</time><extensions><mytracks:speed>4.742533805430162</mytracks:speed><mytracks:gradient>0.548244667658834</mytracks:gradient><mytracks:length>0.006580050355635123</mytracks:length></extensions></trkpt><trkpt lat="33.65096304071947" lon="130.6732508447999"><ele>36.47027561593239</ele><time>2025-12-22T05:30:50.99600Z</time><extensions><mytracks:speed>5.404502984440689</mytracks:speed><mytracks:gradient>0.4152484739402575</mytracks:gradient><mytracks:length>0.007524483320796169</mytracks:length></extensions></trkpt><trkpt lat="33.65102414943708" lon="130.6732108020664"><ele>33.29578905496655</ele><time>2025-12-22T05:30:55.98900Z</time><extensions><mytracks:speed>5.581459563601565</mytracks:speed><mytracks:length>0.007739992809228043</mytracks:length></extensions></trkpt><trkpt lat="33.65108909988746" lon="130.6731530727516"><ele>29.23069901401288</ele><time>2025-12-22T05:31:00.99900Z</time><extensions><mytracks:speed>6.454746831721821</mytracks:speed><mytracks:length>0.008983809059250026</mytracks:length></extensions></trkpt><trkpt lat="33.65113519112893" lon="130.6730760196102"><ele>26.94297247499197</ele><time>2025-12-22T05:31:06.00200Z</time><extensions><mytracks:speed>6.319576949987604</mytracks:speed><mytracks:length>0.008782926148858575</mytracks:length></extensions></trkpt><trkpt lat="33.65117502303359" lon="130.6730159258467"><ele>25.54705940469494</ele><time>2025-12-22T05:31:11.00300Z</time><extensions><mytracks:speed>5.118561733850091</mytracks:speed><mytracks:length>0.007110013704389737</mytracks:length></extensions></trkpt><trkpt lat="33.6512102507052" lon="130.6729525996868"><ele>24.26828673695606</ele><time>2025-12-22T05:31:15.99900Z</time><extensions><mytracks:speed>5.079857847557101</mytracks:speed><mytracks:length>0.007050184399107564</mytracks:length></extensions></trkpt><trkpt lat="33.65123112458391" lon="130.6728711096333"><ele>26.16347601906925</ele><time>2025-12-22T05:31:21.00000Z</time><extensions><mytracks:speed>5.68076771619991</mytracks:speed><mytracks:gradient>0.2401518022164486</mytracks:gradient><mytracks:length>0.007891630479645792</mytracks:length></extensions></trkpt><trkpt lat="33.65124541422952" lon="130.6727955626293"><ele>27.23170795952507</ele><time>2025-12-22T05:31:26.00900Z</time><extensions><mytracks:speed>5.153749867690463</mytracks:speed><mytracks:gradient>0.1489738416243289</mytracks:gradient><mytracks:length>0.007170600749825628</mytracks:length></extensions></trkpt><trkpt lat="33.65127787736819" lon="130.6727398699298"><ele>25.39696249596177</ele><time>2025-12-22T05:31:31.50400Z</time><extensions><mytracks:speed>4.123209925068867</mytracks:speed><mytracks:length>0.006293000179146415</mytracks:length></extensions></trkpt><trkpt lat="33.65133502337862" lon="130.6726970363792"><ele>24.11326596319495</ele><time>2025-12-22T05:31:36.50000Z</time><extensions><mytracks:speed>5.395844281237824</mytracks:speed><mytracks:length>0.007489065316028823</mytracks:length></extensions></trkpt><trkpt lat="33.65138825021749" lon="130.6726530442407"><ele>25.03910321042452</ele><time>2025-12-22T05:31:41.50200Z</time><extensions><mytracks:speed>5.17081920557301</mytracks:speed><mytracks:gradient>0.1288787333773955</mytracks:gradient><mytracks:length>0.007183786051950438</mytracks:length></extensions></trkpt><trkpt lat="33.65145590142725" lon="130.6726171468282"><ele>27.14091470230444</ele><time>2025-12-22T05:31:47.00000Z</time><extensions><mytracks:speed>5.384334134992645</mytracks:speed><mytracks:gradient>0.2555927738396311</mytracks:gradient><mytracks:length>0.008223282138636189</mytracks:length></extensions></trkpt><trkpt lat="33.6515127743093" lon="130.6725879341673"><ele>28.45495927306555</ele><time>2025-12-22T05:31:52.00000Z</time><extensions><mytracks:speed>4.952362748821762</mytracks:speed><mytracks:gradient>0.1910487022628279</mytracks:gradient><mytracks:length>0.006878060699691987</mytracks:length></extensions></trkpt><trkpt lat="33.65156823891386" lon="130.6725574993588"><ele>28.81570430245391</ele><time>2025-12-22T05:31:57.00500Z</time><extensions><mytracks:speed>4.876656871016354</mytracks:speed><mytracks:gradient>0.05320408470175093</mytracks:gradient><mytracks:length>0.006780401005122255</mytracks:length></extensions></trkpt><trkpt lat="33.65162721484376" lon="130.6725212448559"><ele>29.24943121295368</ele><time>2025-12-22T05:32:02.00300Z</time><extensions><mytracks:speed>5.305679287696796</mytracks:speed><mytracks:gradient>0.058878174623119</mytracks:gradient><mytracks:length>0.007366514218147342</mytracks:length></extensions></trkpt><trkpt lat="33.65168150235228" lon="130.6724887526168"><ele>30.06984018199588</ele><time>2025-12-22T05:32:07.00100Z</time><extensions><mytracks:speed>4.857866578393605</mytracks:speed><mytracks:gradient>0.121642693886601</mytracks:gradient><mytracks:length>0.006744416313297135</mytracks:length></extensions></trkpt><trkpt lat="33.65172724350195" lon="130.6724652755036"><ele>29.30291592507263</ele><time>2025-12-22T05:32:12.00700Z</time><extensions><mytracks:speed>3.97686951573971</mytracks:speed><mytracks:length>0.00552993017533149</mytracks:length></extensions></trkpt><trkpt lat="33.65175990865873" lon="130.6723992982373"><ele>28.23797996336549</ele><time>2025-12-22T05:32:17.00200Z</time><extensions><mytracks:speed>5.121357710945922</mytracks:speed><mytracks:length>0.007105575691033809</mytracks:length></extensions></trkpt><trkpt lat="33.6517959475132" lon="130.6723385869562"><ele>27.94741989141352</ele><time>2025-12-22T05:32:22.00500Z</time><extensions><mytracks:speed>4.96716515183988</mytracks:speed><mytracks:length>0.006902259723325656</mytracks:length></extensions></trkpt><trkpt lat="33.65183237173547" lon="130.6722825593672"><ele>27.98762369420475</ele><time>2025-12-22T05:32:27.00000Z</time><extensions><mytracks:speed>4.74238813732883</mytracks:speed><mytracks:gradient>0.006109953665750028</mytracks:gradient><mytracks:length>0.006580050355635123</mytracks:length></extensions></trkpt><trkpt lat="33.6518659453797" lon="130.6722284947559"><ele>27.83205993034011</ele><time>2025-12-22T05:32:31.99500Z</time><extensions><mytracks:speed>4.499143297902616</mytracks:speed><mytracks:length>0.006243394446096132</mytracks:length></extensions></trkpt><trkpt lat="33.65191490518482" lon="130.6722080800441"><ele>27.65471917114199</ele><time>2025-12-22T05:32:36.99300Z</time><extensions><mytracks:speed>4.150888996769345</mytracks:speed><mytracks:length>0.005762971394828462</mytracks:length></extensions></trkpt><trkpt lat="33.6519778722497" lon="130.6721949790519"><ele>27.91381763491448</ele><time>2025-12-22T05:32:42.00400Z</time><extensions><mytracks:speed>5.106095060300432</mytracks:speed><mytracks:gradient>0.03646085167493378</mytracks:gradient><mytracks:length>0.007106209862634968</mytracks:length></extensions></trkpt><trkpt lat="33.65203690029202" lon="130.6721899612562"><ele>28.65165883769807</ele><time>2025-12-22T05:32:47.00000Z</time><extensions><mytracks:speed>4.740760930280177</mytracks:speed><mytracks:gradient>0.1121330632601783</mytracks:gradient><mytracks:length>0.006580050355635123</mytracks:length></extensions></trkpt><trkpt lat="33.65209011121591" lon="130.6721877527545"><ele>29.29055902490229</ele><time>2025-12-22T05:32:52.00400Z</time><extensions><mytracks:speed>4.259620215883187</mytracks:speed><mytracks:gradient>0.1079161208962179</mytracks:gradient><mytracks:length>0.005920340556149596</mytracks:length></extensions></trkpt><trkpt lat="33.65215160802878" lon="130.6721855343733"><ele>29.95844564367294</ele><time>2025-12-22T05:32:56.99500Z</time><extensions><mytracks:speed>4.934289406448234</mytracks:speed><mytracks:gradient>0.09762608267985706</mytracks:gradient><mytracks:length>0.006841272336623742</mytracks:length></extensions></trkpt><trkpt lat="33.65221032302983" lon="130.6721865941914"><ele>30.56098393527468</ele><time>2025-12-22T05:33:01.99900Z</time><extensions><mytracks:speed>4.697005911086348</mytracks:speed><mytracks:gradient>0.09229374674840364</mytracks:gradient><mytracks:length>0.006528484462162851</mytracks:length></extensions></trkpt><trkpt lat="33.65226597917076" lon="130.672183477789"><ele>31.18588259140517</ele><time>2025-12-22T05:33:06.99700Z</time><extensions><mytracks:speed>4.461509077131465</mytracks:speed><mytracks:gradient>0.1008858013001129</mytracks:gradient><mytracks:length>0.006194118974894747</mytracks:length></extensions></trkpt><trkpt lat="33.65231491829292" lon="130.6721813596986"><ele>31.25511221571368</ele><time>2025-12-22T05:33:12.00500Z</time><extensions><mytracks:speed>3.914346959676724</mytracks:speed><mytracks:gradient>0.01271353456202339</mytracks:gradient><mytracks:length>0.005445348338871682</mytracks:length></extensions></trkpt><trkpt lat="33.65236016978768" lon="130.6721803601309"><ele>31.66566631118957</ele><time>2025-12-22T05:33:16.99900Z</time><extensions><mytracks:speed>3.627403577762273</mytracks:speed><mytracks:gradient>0.08158109139232128</mytracks:gradient><mytracks:length>0.005032466328521537</mytracks:length></extensions></trkpt><trkpt lat="33.65240908040372" lon="130.6721679890343"><ele>32.18214943020227</ele><time>2025-12-22T05:33:22.00000Z</time><extensions><mytracks:speed>4.001901587748698</mytracks:speed><mytracks:gradient>0.09291974449848373</mytracks:gradient><mytracks:length>0.00555837859650079</mytracks:length></extensions></trkpt><trkpt lat="33.65246072734756" lon="130.6721549766042"><ele>32.23285194037835</ele><time>2025-12-22T05:33:27.00500Z</time><extensions><mytracks:speed>4.220414218304836</mytracks:speed><mytracks:gradient>0.008641120504323639</mytracks:gradient><mytracks:length>0.005867585129812515</mytracks:length></extensions></trkpt><trkpt lat="33.65251891223499" lon="130.6721505072391"><ele>32.56264071903044</ele><time>2025-12-22T05:33:32.00100Z</time><extensions><mytracks:speed>4.670976634008598</mytracks:speed><mytracks:gradient>0.05086615210733534</mytracks:gradient><mytracks:length>0.006483462282662601</mytracks:length></extensions></trkpt><trkpt lat="33.65257894903745" lon="130.6721499317267"><ele>33.45174967707435</ele><time>2025-12-22T05:33:37.50400Z</time><extensions><mytracks:speed>4.367491951164863</mytracks:speed><mytracks:gradient>0.1331815669027948</mytracks:gradient><mytracks:length>0.006675916034933271</mytracks:length></extensions></trkpt><trkpt lat="33.65263773271483" lon="130.6721447838863"><ele>33.62857887150315</ele><time>2025-12-22T05:33:42.99300Z</time><extensions><mytracks:speed>4.297970732251556</mytracks:speed><mytracks:gradient>0.02698328361366206</mytracks:gradient><mytracks:length>0.006553286729687478</mytracks:length></extensions></trkpt><trkpt lat="33.65269468774695" lon="130.6721482406788"><ele>33.8472192407873</ele><time>2025-12-22T05:33:47.99900Z</time><extensions><mytracks:speed>4.559884769266787</mytracks:speed><mytracks:gradient>0.03448152959169341</mytracks:gradient><mytracks:length>0.006340796706907562</mytracks:length></extensions></trkpt><trkpt lat="33.652752743227" lon="130.6721402375484"><ele>34.15340428391526</ele><time>2025-12-22T05:33:52.99900Z</time><extensions><mytracks:speed>4.678033472535631</mytracks:speed><mytracks:gradient>0.04712461454842</mytracks:gradient><mytracks:length>0.00649734848893812</mytracks:length></extensions></trkpt><trkpt lat="33.65281114065187" lon="130.6721454381817"><ele>35.36632126974756</ele><time>2025-12-22T05:33:57.99800Z</time><extensions><mytracks:speed>4.688685182587814</mytracks:speed><mytracks:gradient>0.1863012937481662</mytracks:gradient><mytracks:length>0.006510512951519602</mytracks:length></extensions></trkpt><trkpt lat="33.65284494924667" lon="130.6721386236854"><ele>35.58738884112867</ele><time>2025-12-22T05:34:03.00200Z</time><extensions><mytracks:speed>2.743088574213137</mytracks:speed><mytracks:gradient>0.05798025734737613</mytracks:gradient><mytracks:length>0.00381280769515448</mytracks:length></extensions></trkpt><trkpt lat="33.6528883189633" lon="130.6721354564476"><ele>35.39186014067654</ele><time>2025-12-22T05:34:07.99400Z</time><extensions><mytracks:speed>3.485260829451538</mytracks:speed><mytracks:length>0.004832383850909</mytracks:length></extensions></trkpt><trkpt lat="33.65292406917975" lon="130.6721266324035"><ele>36.25534220738715</ele><time>2025-12-22T05:34:12.99800Z</time><extensions><mytracks:speed>2.919239096357911</mytracks:speed><mytracks:gradient>0.2127925068127511</mytracks:gradient><mytracks:length>0.004057859365651627</mytracks:length></extensions></trkpt><trkpt lat="33.65296824914656" lon="130.6721105277139"><ele>37.30256942406138</ele><time>2025-12-22T05:34:17.99600Z</time><extensions><mytracks:speed>3.697004929101076</mytracks:speed><mytracks:gradient>0.2040322388855539</mytracks:gradient><mytracks:length>0.005132655615574764</mytracks:length></extensions></trkpt><trkpt lat="33.65299878183852" lon="130.6720947941057"><ele>38.23147956152896</ele><time>2025-12-22T05:34:22.99200Z</time><extensions><mytracks:speed>2.662404130559612</mytracks:speed><mytracks:gradient>0.2513851784151087</mytracks:gradient><mytracks:length>0.003695166689317218</mytracks:length></extensions></trkpt><trkpt lat="33.65304460868666" lon="130.6720616656296"><ele>37.95892311056896</ele><time>2025-12-22T05:34:28.00000Z</time><extensions><mytracks:speed>4.27483189261442</mytracks:speed><mytracks:length>0.005946163844697365</mytracks:length></extensions></trkpt><trkpt lat="33.65310367491956" lon="130.6720337504114"><ele>39.16336366593442</ele><time>2025-12-22T05:34:32.99900Z</time><extensions><mytracks:speed>5.082570590758457</mytracks:speed><mytracks:gradient>0.1706526042929076</mytracks:gradient><mytracks:length>0.007057850422828357</mytracks:length></extensions></trkpt><trkpt lat="33.65315310801814" lon="130.6720222830296"><ele>40.49133698876706</ele><time>2025-12-22T05:34:38.00200Z</time><extensions><mytracks:speed>4.027235754540939</mytracks:speed><mytracks:gradient>0.2372584828791148</mytracks:gradient><mytracks:length>0.005597158452324987</mytracks:length></extensions></trkpt><trkpt lat="33.65319430720743" lon="130.672018320861"><ele>40.42874107958119</ele><time>2025-12-22T05:34:42.99600Z</time><extensions><mytracks:speed>3.312612907721444</mytracks:speed><mytracks:length>0.00459529992537508</mytracks:length></extensions></trkpt><trkpt lat="33.65323202617027" lon="130.6720239920363"><ele>43.29494679704036</ele><time>2025-12-22T05:34:47.99600Z</time><extensions><mytracks:speed>3.043317739016206</mytracks:speed><mytracks:gradient>0.6781531995297307</mytracks:gradient><mytracks:length>0.004226487052552069</mytracks:length></extensions></trkpt><trkpt lat="33.65326545940226" lon="130.6720400191334"><ele>44.84539374952269</ele><time>2025-12-22T05:34:53.00900Z</time><extensions><mytracks:speed>2.874440437960143</mytracks:speed><mytracks:gradient>0.3873141071516978</mytracks:gradient><mytracks:length>0.004003073794250088</mytracks:length></extensions></trkpt><trkpt lat="33.65328163995797" lon="130.6720361461303"><ele>44.11106606544618</ele><time>2025-12-22T05:34:57.98600Z</time><extensions><mytracks:speed>1.326332955226244</mytracks:speed><mytracks:length>0.00183350514816851</mytracks:length></extensions></trkpt><trkpt lat="33.65335060155715" lon="130.6720091642684"><ele>41.55548560423769</ele><time>2025-12-22T05:35:02.98900Z</time><extensions><mytracks:speed>5.802358767403576</mytracks:speed><mytracks:length>0.008063355114990468</mytracks:length></extensions></trkpt><trkpt lat="33.65342313709986" lon="130.6720008421444"><ele>42.28240892810849</ele><time>2025-12-22T05:35:08.00000Z</time><extensions><mytracks:speed>5.820972315249262</mytracks:speed><mytracks:gradient>0.08971724259926654</mytracks:gradient><mytracks:length>0.008102381468829745</mytracks:length></extensions></trkpt><trkpt lat="33.65349956125814" lon="130.6719882894707"><ele>43.63975175297198</ele><time>2025-12-22T05:35:12.99500Z</time><extensions><mytracks:speed>6.181321752967973</mytracks:speed><mytracks:gradient>0.1582572221833553</mytracks:gradient><mytracks:length>0.008576814417296479</mytracks:length></extensions></trkpt><trkpt lat="33.65357461332199" lon="130.671980179548"><ele>44.87164179752413</ele><time>2025-12-22T05:35:17.99900Z</time><extensions><mytracks:speed>6.027151380619507</mytracks:speed><mytracks:gradient>0.1470196887060916</mytracks:gradient><mytracks:length>0.008379082117462701</mytracks:length></extensions></trkpt><trkpt lat="33.65361277457011" lon="130.6719899054958"><ele>45.06377557305797</ele><time>2025-12-22T05:35:23.00900Z</time><extensions><mytracks:speed>3.117260057993001</mytracks:speed><mytracks:gradient>0.04429051722197497</mytracks:gradient><mytracks:length>0.004338034134280077</mytracks:length></extensions></trkpt><trkpt lat="33.65359875714566" lon="130.6719309407632"><ele>43.9881967496951</ele><time>2025-12-22T05:35:27.99900Z</time><extensions><mytracks:speed>4.094851980503643</mytracks:speed><mytracks:length>0.005675511289639265</mytracks:length></extensions></trkpt><trkpt lat="33.65361710115666" lon="130.6718735456958"><ele>43.31861791607518</ele><time>2025-12-22T05:35:32.99300Z</time><extensions><mytracks:speed>4.10300014118149</mytracks:speed><mytracks:length>0.005691369133593485</mytracks:length></extensions></trkpt><trkpt lat="33.65365842357706" lon="130.6718227687081"><ele>45.04025476086333</ele><time>2025-12-22T05:35:37.98900Z</time><extensions><mytracks:speed>4.735395324815578</mytracks:speed><mytracks:gradient>0.261972331908196</mytracks:gradient><mytracks:length>0.006571827002675525</mytracks:length></extensions></trkpt><trkpt lat="33.65369453192404" lon="130.6717898190777"><ele>46.02971078844244</ele><time>2025-12-22T05:35:43.50200Z</time><extensions><mytracks:speed>3.292095059255746</mytracks:speed><mytracks:gradient>0.1962656181681356</mytracks:gradient><mytracks:length>0.005041412942390456</mytracks:length></extensions></trkpt><trkpt lat="33.65373859092627" lon="130.6717916451332"><ele>46.66318843167891</ele><time>2025-12-22T05:35:48.99000Z</time><extensions><mytracks:speed>3.215288670907078</mytracks:speed><mytracks:gradient>0.1292330225733431</mytracks:gradient><mytracks:length>0.004901824863509323</mytracks:length></extensions></trkpt><trkpt lat="33.65378270159262" lon="130.6717982813989"><ele>48.19085678959944</ele><time>2025-12-22T05:35:53.99300Z</time><extensions><mytracks:speed>3.55532561230493</mytracks:speed><mytracks:gradient>0.3091696561766583</mytracks:gradient><mytracks:length>0.004941197583270039</mytracks:length></extensions></trkpt><trkpt lat="33.65382238443981" lon="130.6717903156879"><ele>49.40465068779342</ele><time>2025-12-22T05:35:59.00500Z</time><extensions><mytracks:speed>3.213132159291071</mytracks:speed><mytracks:gradient>0.2713568223346129</mytracks:gradient><mytracks:length>0.004473054658258177</mytracks:length></extensions></trkpt><trkpt lat="33.6538623863521" lon="130.6717889595262"><ele>51.15101283981534</ele><time>2025-12-22T05:36:04.00000Z</time><extensions><mytracks:speed>3.206960082712936</mytracks:speed><mytracks:gradient>0.3924565342280832</mytracks:gradient><mytracks:length>0.004449823100682498</mytracks:length></extensions></trkpt><trkpt lat="33.65389514981719" lon="130.6717582642242"><ele>51.42445385706344</ele><time>2025-12-22T05:36:09.01100Z</time><extensions><mytracks:speed>3.319852206065801</mytracks:speed><mytracks:gradient>0.0591770637953852</mytracks:gradient><mytracks:length>0.004620726337379165</mytracks:length></extensions></trkpt><trkpt lat="33.65390474913301" lon="130.6717374084199"><ele>49.76689537362284</ele><time>2025-12-22T05:36:14.00100Z</time><extensions><mytracks:speed>1.592786144042826</mytracks:speed><mytracks:length>0.002208138705503489</mytracks:length></extensions></trkpt><trkpt lat="33.65390616289219" lon="130.6717242533292"><ele>46.69990000556859</ele><time>2025-12-22T05:36:19.92700Z</time><extensions><mytracks:speed>0.7454155105914294</mytracks:speed><mytracks:length>0.001226834423865861</mytracks:length></extensions></trkpt><trkpt lat="33.6538834196111" lon="130.6717893228195"><ele>43.99240122424181</ele><time>2025-12-22T05:36:25.00100Z</time><extensions><mytracks:speed>4.634115180119905</mytracks:speed><mytracks:length>0.006531934853219315</mytracks:length></extensions></trkpt><trkpt lat="33.65386302264695" lon="130.6718376452083"><ele>41.76849524012957</ele><time>2025-12-22T05:36:30.03300Z</time><extensions><mytracks:speed>3.587089031381104</mytracks:speed><mytracks:length>0.005014525214983483</mytracks:length></extensions></trkpt><trkpt lat="33.6538074945212" lon="130.6718252399758"><ele>39.33822974119547</ele><time>2025-12-22T05:36:34.99100Z</time><extensions><mytracks:speed>4.560542677646145</mytracks:speed><mytracks:length>0.006280097328890588</mytracks:length></extensions></trkpt><trkpt lat="33.65386222667286" lon="130.6717973326126"><ele>39.0551353674382</ele><time>2025-12-22T05:37:00.00000Z</time><extensions><mytracks:speed>0.9516200256074048</mytracks:speed><mytracks:length>0.006610796825549037</mytracks:length></extensions></trkpt><trkpt lat="33.65395180086652" lon="130.6717574205028"><ele>37.12483649075897</ele><time>2025-12-22T05:37:05.13000Z</time><extensions><mytracks:speed>7.453552203231422</mytracks:speed><mytracks:length>0.01062300107904998</mytracks:length></extensions></trkpt><trkpt lat="33.65393117236186" lon="130.6716189633674"><ele>55.44307842664421</ele><time>2025-12-22T05:37:55.02000Z</time><extensions><mytracks:speed>0.9394637274860413</mytracks:speed><mytracks:gradient>1.407007169807756</mytracks:gradient><mytracks:length>0.01301929537316297</mytracks:length></extensions></trkpt><trkpt lat="33.65398414761545" lon="130.6715894538858"><ele>55.08395277256683</ele><time>2025-12-22T05:38:10.93500Z</time><extensions><mytracks:speed>1.468737312775457</mytracks:speed><mytracks:length>0.006493185745218373</mytracks:length></extensions></trkpt><trkpt lat="33.65401111046725" lon="130.671548187481"><ele>54.59265391342342</ele><time>2025-12-22T05:38:20.00000Z</time><extensions><mytracks:speed>1.928733604674654</mytracks:speed><mytracks:length>0.004856569176211058</mytracks:length></extensions></trkpt><trkpt lat="33.65399966051267" lon="130.6714839948109"><ele>54.38893709664226</ele><time>2025-12-22T05:38:25.22400Z</time><extensions><mytracks:speed>4.188042074683817</mytracks:speed><mytracks:length>0.006076600706576655</mytracks:length></extensions></trkpt><trkpt lat="33.65395791518053" lon="130.6712785348545"><ele>53.3675843635574</ele><time>2025-12-22T05:38:42.00000Z</time><extensions><mytracks:speed>4.200578774304801</mytracks:speed><mytracks:length>0.01957509673969936</mytracks:length></extensions></trkpt><trkpt lat="33.65398696048014" lon="130.6712539577782"><ele>53.61941718988489</ele><time>2025-12-22T05:38:47.81300Z</time><extensions><mytracks:speed>2.446820622418271</mytracks:speed><mytracks:gradient>0.063739797287537</mytracks:gradient><mytracks:length>0.003950951164645882</mytracks:length></extensions></trkpt><trkpt lat="33.6539866023123" lon="130.6712645090587"><ele>53.57041080668569</ele><time>2025-12-22T05:38:59.00000Z</time><extensions><mytracks:speed>0.3130535368514063</mytracks:speed><mytracks:length>0.0009727973242093424</mytracks:length></extensions></trkpt><trkpt lat="33.65396991912282" lon="130.6712157022486"><ele>56.53741393405866</ele><time>2025-12-22T05:39:03.98700Z</time><extensions><mytracks:speed>3.524339411611312</mytracks:speed><mytracks:gradient>0.6076835051279812</mytracks:gradient><mytracks:length>0.004882480933472286</mytracks:length></extensions></trkpt><trkpt lat="33.65395752236416" lon="130.6712156183206"><ele>56.13793826820479</ele><time>2025-12-22T05:39:09.00900Z</time><extensions><mytracks:speed>0.9861758376042496</mytracks:speed><mytracks:length>0.00137574316933711</mytracks:length></extensions></trkpt><trkpt lat="33.65396324434508" lon="130.6712080411021"><ele>55.3227641688583</ele><time>2025-12-22T05:39:14.02200Z</time><extensions><mytracks:speed>0.6817367922190771</mytracks:speed><mytracks:length>0.000949352979660035</mytracks:length></extensions></trkpt><trkpt lat="33.65397383610497" lon="130.6712045971601"><ele>55.27433193035571</ele><time>2025-12-22T05:39:18.99500Z</time><extensions><mytracks:speed>0.8828982712579565</mytracks:speed><mytracks:length>0.00121946598229819</mytracks:length></extensions></trkpt><trkpt lat="33.6539714473717" lon="130.6712320338209"><ele>55.81896182601286</ele><time>2025-12-22T05:39:24.00800Z</time><extensions><mytracks:speed>1.834266042191271</mytracks:speed><mytracks:gradient>0.2132084809267284</mytracks:gradient><mytracks:length>0.00255444761526308</mytracks:length></extensions></trkpt><trkpt lat="33.65397935388317" lon="130.6712180340238"><ele>56.55249057209162</ele><time>2025-12-22T05:39:29.00600Z</time><extensions><mytracks:speed>1.127872366341053</mytracks:speed><mytracks:gradient>0.4684950085057888</mytracks:gradient><mytracks:length>0.001565713044453274</mytracks:length></extensions></trkpt><trkpt lat="33.65397249049708" lon="130.6711988053828"><ele>57.17836051618939</ele><time>2025-12-22T05:39:33.99000Z</time><extensions><mytracks:speed>1.396823598594722</mytracks:speed><mytracks:gradient>0.3236177469188765</mytracks:gradient><mytracks:length>0.001933979054166817</mytracks:length></extensions></trkpt><trkpt lat="33.65397383982143" lon="130.6711986759632"><ele>56.83018687831524</ele><time>2025-12-22T05:44:07.47900Z</time><extensions><mytracks:speed>0.002499308006738174</mytracks:speed><mytracks:length>0.0001898705959320068</mytracks:length></extensions></trkpt><trkpt lat="33.65394297570254" lon="130.671196261041"><ele>51.77455925196409</ele><time>2025-12-22T06:20:33.00000Z</time><extensions><mytracks:speed>0.005666406223995433</mytracks:speed><mytracks:length>0.003440012976757634</mytracks:length></extensions></trkpt><trkpt lat="33.65399268172153" lon="130.6712247092102"><ele>53.80955573250451</ele><time>2025-12-22T06:20:40.72400Z</time><extensions><mytracks:speed>2.853054907034145</mytracks:speed><mytracks:gradient>0.3324250189213653</mytracks:gradient><mytracks:length>0.006121670646642264</mytracks:length></extensions></trkpt><trkpt lat="33.65407100857809" lon="130.6712309076981"><ele>54.60113994032145</ele><time>2025-12-22T06:20:53.00000Z</time><extensions><mytracks:speed>2.559751572008272</mytracks:speed><mytracks:gradient>0.09069095373412545</mytracks:gradient><mytracks:length>0.008728370087909578</mytracks:length></extensions></trkpt><trkpt lat="33.65404990558226" lon="130.6712283673091"><ele>54.12236319364212</ele><time>2025-12-22T06:20:57.99700Z</time><extensions><mytracks:speed>1.698820924346714</mytracks:speed><mytracks:length>0.002358143881007808</mytracks:length></extensions></trkpt><trkpt lat="33.6540424051947" lon="130.6711540939218"><ele>51.85797097785682</ele><time>2025-12-22T06:21:03.12400Z</time><extensions><mytracks:speed>4.86208104746872</mytracks:speed><mytracks:length>0.006925072863605113</mytracks:length></extensions></trkpt><trkpt lat="33.6540520230925" lon="130.6710812588402"><ele>49.54411473885163</ele><time>2025-12-22T06:21:09.00300Z</time><extensions><mytracks:speed>4.179064013844995</mytracks:speed><mytracks:length>0.006824784935355537</mytracks:length></extensions></trkpt><trkpt lat="33.65404847190537" lon="130.6710161998628"><ele>45.22546477527814</ele><time>2025-12-22T06:21:14.94900Z</time><extensions><mytracks:speed>3.653229883904272</mytracks:speed><mytracks:length>0.006033435084657329</mytracks:length></extensions></trkpt><trkpt lat="33.65404014875592" lon="130.6710058808769"><ele>45.9434540236734</ele><time>2025-12-22T06:21:20.04600Z</time><extensions><mytracks:speed>0.9387281730433316</mytracks:speed><mytracks:gradient>0.540209462789199</mytracks:gradient><mytracks:length>0.00132909417152405</mytracks:length></extensions></trkpt><trkpt lat="33.6540503682692" lon="130.6711290426245"><ele>72.18783207330853</ele><time>2025-12-22T06:21:32.99900Z</time><extensions><mytracks:speed>3.183911469880844</mytracks:speed><mytracks:gradient>2.290857387566276</mytracks:gradient><mytracks:length>0.01145613786003336</mytracks:length></extensions></trkpt><trkpt lat="33.65418138380942" lon="130.6712810337546"><ele>45.14736852574224</ele><time>2025-12-22T06:21:37.96800Z</time><extensions><mytracks:speed>14.6729139965101</mytracks:speed><mytracks:length>0.02025194880427844</mytracks:length></extensions></trkpt><trkpt lat="33.65422105728803" lon="130.6713670556427"><ele>45.08965896399997</ele><time>2025-12-22T06:24:18.97000Z</time><extensions><mytracks:speed>0.2035294220099073</mytracks:speed><mytracks:length>0.009102409042854439</mytracks:length></extensions></trkpt><trkpt lat="33.6541309594997" lon="130.671621768523"><ele>46.42268626019359</ele><time>2025-12-22T06:33:08.99900Z</time><extensions><mytracks:speed>0.1739882806488917</mytracks:speed><mytracks:gradient>0.05203814105615744</mytracks:gradient><mytracks:length>0.02561635118278081</mytracks:length></extensions></trkpt><trkpt lat="33.65411284850949" lon="130.671690101862"><ele>48.03805358932168</ele><time>2025-12-22T06:33:14.51600Z</time><extensions><mytracks:speed>4.33204176879218</mytracks:speed><mytracks:gradient>0.2433512372096203</mytracks:gradient><mytracks:length>0.006638007464645173</mytracks:length></extensions></trkpt><trkpt lat="33.65409681785881" lon="130.6717259948063"><ele>48.71312848261493</ele><time>2025-12-22T06:33:19.50200Z</time><extensions><mytracks:speed>2.721797917196326</mytracks:speed><mytracks:gradient>0.1790640454618181</mytracks:gradient><mytracks:length>0.003770019221626466</mytracks:length></extensions></trkpt><trkpt lat="33.65407936456236" lon="130.6717740270749"><ele>47.54282857878048</ele><time>2025-12-22T06:33:24.49800Z</time><extensions><mytracks:speed>3.495742283916778</mytracks:speed><mytracks:length>0.004850998649610612</mytracks:length></extensions></trkpt><trkpt lat="33.65405954738549" lon="130.6718196168951"><ele>45.35632650269999</ele><time>2025-12-22T06:33:29.49700Z</time><extensions><mytracks:speed>3.428267227586438</mytracks:speed><mytracks:length>0.004760983896395165</mytracks:length></extensions></trkpt><trkpt lat="33.65407969433294" lon="130.6718072653864"><ele>45.70493987361359</ele><time>2025-12-22T06:33:34.99200Z</time><extensions><mytracks:speed>1.645635741263341</mytracks:speed><mytracks:gradient>0.1387929166962872</mytracks:gradient><mytracks:length>0.002511751890598627</mytracks:length></extensions></trkpt><trkpt lat="33.65408391420433" lon="130.6717785944688"><ele>46.08018782876215</ele><time>2025-12-22T06:33:39.97800Z</time><extensions><mytracks:speed>1.943714169178322</mytracks:speed><mytracks:gradient>0.139399941694353</mytracks:gradient><mytracks:length>0.002691880287664138</mytracks:length></extensions></trkpt><trkpt lat="33.65407669550467" lon="130.6716117716682"><ele>46.36022305227582</ele><time>2025-12-22T06:33:46.71800Z</time><extensions><mytracks:speed>8.257881355257005</mytracks:speed><mytracks:gradient>0.0181119593153314</mytracks:gradient><mytracks:length>0.01546134344927703</mytracks:length></extensions></trkpt><trkpt lat="33.65409627500942" lon="130.6713397460616"><ele>45.39334528761555</ele><time>2025-12-22T06:33:51.97900Z</time><extensions><mytracks:speed>17.29408409153635</mytracks:speed><mytracks:length>0.02527205448958425</mytracks:length></extensions></trkpt><trkpt lat="33.65408552067191" lon="130.671275205543"><ele>45.45624932645278</ele><time>2025-12-22T06:33:57.02500Z</time><extensions><mytracks:speed>4.34666452046815</mytracks:speed><mytracks:gradient>0.01032416452952482</mytracks:gradient><mytracks:length>0.006092893876046554</mytracks:length></extensions></trkpt><trkpt lat="33.65407780622589" lon="130.6711835880678"><ele>44.40346797817925</ele><time>2025-12-22T06:34:02.01100Z</time><extensions><mytracks:speed>6.154053812720647</mytracks:speed><mytracks:length>0.008523582683235682</mytracks:length></extensions></trkpt><trkpt lat="33.65405358485721" lon="130.6711467932226"><ele>45.74742806717236</ele><time>2025-12-22T06:34:06.97200Z</time><extensions><mytracks:speed>3.150759508160723</mytracks:speed><mytracks:gradient>0.309512229730345</mytracks:gradient><mytracks:length>0.004342187351252668</mytracks:length></extensions></trkpt><trkpt lat="33.65406073506113" lon="130.6711894139931"><ele>45.55171801150534</ele><time>2025-12-22T06:37:01.60100Z</time><extensions><mytracks:speed>0.0829637841904359</mytracks:speed><mytracks:length>0.004024405708599693</mytracks:length></extensions></trkpt><trkpt lat="33.65412049134988" lon="130.6714479880763"><ele>45.30985859595239</ele><time>2025-12-22T06:54:26.00000Z</time><extensions><mytracks:speed>0.08561702301459809</mytracks:speed><mytracks:length>0.02483841968374629</mytracks:length></extensions></trkpt><trkpt lat="33.65414521992224" lon="130.6714136781506"><ele>45.54853983336655</ele><time>2025-12-22T06:54:34.61200Z</time><extensions><mytracks:speed>1.755959817191592</mytracks:speed><mytracks:gradient>0.05681777454826072</mytracks:gradient><mytracks:length>0.00420081988975876</mytracks:length></extensions></trkpt><trkpt lat="33.6541292611951" lon="130.671315995105"><ele>46.07540065143257</ele><time>2025-12-22T06:54:56.00000Z</time><extensions><mytracks:speed>1.550855803238649</mytracks:speed><mytracks:gradient>0.05718284851969399</mytracks:gradient><mytracks:length>0.00921361617521671</mytracks:length></extensions></trkpt><trkpt lat="33.65412426930519" lon="130.6713170886514"><ele>45.26405486616186</ele><time>2025-12-22T06:55:21.18600Z</time><extensions><mytracks:speed>0.08027840922563299</mytracks:speed><mytracks:length>0.0005616447969992111</mytracks:length></extensions></trkpt><trkpt lat="33.6540381795533" lon="130.6713931294204"><ele>42.80914273764938</ele><time>2025-12-22T06:57:13.00000Z</time><extensions><mytracks:speed>0.3825489436714466</mytracks:speed><mytracks:length>0.01188171292236848</mytracks:length></extensions></trkpt><trkpt lat="33.65400311921491" lon="130.6714320827896"><ele>43.72041272196426</ele><time>2025-12-22T06:57:17.99000Z</time><extensions><mytracks:speed>3.83062650186197</mytracks:speed><mytracks:gradient>0.1716271440013977</mytracks:gradient><mytracks:length>0.005309591263183034</mytracks:length></extensions></trkpt><trkpt lat="33.65402112295342" lon="130.6714313278282"><ele>44.46239737201777</ele><time>2025-12-22T06:57:23.78800Z</time><extensions><mytracks:speed>1.243312958483966</mytracks:speed><mytracks:gradient>0.370499134266504</mytracks:gradient><mytracks:length>0.002002662304521857</mytracks:length></extensions></trkpt><trkpt lat="33.65403558933752" lon="130.6713740938214"><ele>44.24102940037847</ele><time>2025-12-22T06:57:34.00000Z</time><extensions><mytracks:speed>1.952162549578278</mytracks:speed><mytracks:length>0.005537259443193972</mytracks:length></extensions></trkpt><trkpt lat="33.65405026646938" lon="130.671355715721"><ele>44.55123005386311</ele><time>2025-12-22T06:57:38.95300Z</time><extensions><mytracks:speed>1.714029554720789</mytracks:speed><mytracks:gradient>0.131544413376537</mytracks:gradient><mytracks:length>0.002358143881007808</mytracks:length></extensions></trkpt><trkpt lat="33.654045661101" lon="130.6713183674525"><ele>44.41763254053134</ele><time>2025-12-22T06:57:43.92000Z</time><extensions><mytracks:speed>2.532392443941251</mytracks:speed><mytracks:length>0.003494599137791984</mytracks:length></extensions></trkpt><trkpt lat="33.65406941012401" lon="130.6712578463546"><ele>44.62228960450739</ele><time>2025-12-22T06:58:01.00000Z</time><extensions><mytracks:speed>1.305306862694959</mytracks:speed><mytracks:gradient>0.03304830875423963</mytracks:gradient><mytracks:length>0.006192663760737488</mytracks:length></extensions></trkpt><trkpt lat="33.65406994504767" lon="130.6712358322546"><ele>44.59713722020387</ele><time>2025-12-22T06:58:06.02300Z</time><extensions><mytracks:speed>1.460908053578383</mytracks:speed><mytracks:length>0.002038347291005903</mytracks:length></extensions></trkpt><trkpt lat="33.65408045478208" lon="130.671229745128"><ele>44.63150819693356</ele><time>2025-12-22T06:58:11.15800Z</time><extensions><mytracks:speed>0.9076243706701668</mytracks:speed><mytracks:gradient>0.0265465252959973</mytracks:gradient><mytracks:length>0.001294744843117849</mytracks:length></extensions></trkpt><trkpt lat="33.65411513651549" lon="130.6712174565257"><ele>45.14410751555425</ele><time>2025-12-22T07:02:02.27100Z</time><extensions><mytracks:speed>0.06261755628735588</mytracks:speed><mytracks:gradient>0.12751467312691</mytracks:gradient><mytracks:length>0.004019924186375934</mytracks:length></extensions></trkpt><trkpt lat="33.65410631255838" lon="130.6712379907029"><ele>45.30026738184436</ele><time>2025-12-22T07:02:46.90100Z</time><extensions><mytracks:speed>0.1724259176973913</mytracks:speed><mytracks:gradient>0.0730529454277546</mytracks:gradient><mytracks:length>0.002137625873614517</mytracks:length></extensions></trkpt><trkpt lat="33.65411317217271" lon="130.6713328346221"><ele>44.89570196563109</ele><time>2025-12-22T07:04:40.57500Z</time><extensions><mytracks:speed>0.2790596100299739</mytracks:speed><mytracks:length>0.008811611858286651</mytracks:length></extensions></trkpt><trkpt lat="33.65414359283159" lon="130.6721970863138"><ele>41.70528612006456</ele><time>2025-12-22T07:21:12.99900Z</time><extensions><mytracks:speed>0.2904352158289677</mytracks:speed><mytracks:length>0.08006524697140745</mytracks:length></extensions></trkpt><trkpt lat="33.65401918827982" lon="130.6721546264604"><ele>40.77364006583954</ele><time>2025-12-22T07:21:17.95600Z</time><extensions><mytracks:speed>10.44534284627767</mytracks:speed><mytracks:length>0.01438073927218111</mytracks:length></extensions></trkpt><trkpt lat="33.6539112720259" lon="130.6721756025082"><ele>41.19931671486822</ele><time>2025-12-22T07:21:22.98200Z</time><extensions><mytracks:speed>8.70715834991897</mytracks:speed><mytracks:gradient>0.0350184080331743</mytracks:gradient><mytracks:length>0.01215579670627576</mytracks:length></extensions></trkpt><trkpt lat="33.65382202350582" lon="130.6722779933507"><ele>42.33582187469327</ele><time>2025-12-22T07:21:27.98600Z</time><extensions><mytracks:speed>9.870986831945494</mytracks:speed><mytracks:gradient>0.08282153814026093</mytracks:gradient><mytracks:length>0.01372233823888098</mytracks:length></extensions></trkpt><trkpt lat="33.65376933383926" lon="130.6723936185697"><ele>43.65990628263324</ele><time>2025-12-22T07:21:33.47300Z</time><extensions><mytracks:speed>8.004628943618432</mytracks:speed><mytracks:gradient>0.1085264298758407</mytracks:gradient><mytracks:length>0.01220057095266825</mytracks:length></extensions></trkpt><trkpt lat="33.65375114566989" lon="130.6725175314552"><ele>44.24122123695516</ele><time>2025-12-22T07:21:38.49500Z</time><extensions><mytracks:speed>8.349301627361633</mytracks:speed><mytracks:gradient>0.0499148713845435</mytracks:gradient><mytracks:length>0.01164612746056132</mytracks:length></extensions></trkpt><trkpt lat="33.65377124736394" lon="130.6725523686479"><ele>45.43486840206574</ele><time>2025-12-22T07:40:56.08700Z</time><extensions><mytracks:speed>0.01220165382024561</mytracks:speed><mytracks:gradient>0.3042315989360711</mytracks:gradient><mytracks:length>0.003923481877901208</mytracks:length></extensions></trkpt><trkpt lat="33.65377149675986" lon="130.672573391126"><ele>59.49819573480636</ele><time>2025-12-22T08:53:28.01800Z</time><extensions><mytracks:speed>0.001607515552769822</mytracks:speed><mytracks:gradient>7.23691307256857</mytracks:gradient><mytracks:length>0.001943277083988681</mytracks:length></extensions></trkpt><trkpt lat="33.65375767481218" lon="130.6725575470813"><ele>59.23209773143753</ele><time>2025-12-22T08:53:33.49700Z</time><extensions><mytracks:speed>1.396169344395932</mytracks:speed><mytracks:length>0.002124939554610169</mytracks:length></extensions></trkpt><trkpt lat="33.65368021682968" lon="130.6724715481582"><ele>47.98270813911221</ele><time>2025-12-22T08:53:38.49800Z</time><extensions><mytracks:speed>8.442409510277965</mytracks:speed><mytracks:length>0.01172748765961487</mytracks:length></extensions></trkpt><trkpt lat="33.65371218906412" lon="130.672412468378"><ele>48.29883962287568</ele><time>2025-12-22T08:53:43.49900Z</time><extensions><mytracks:speed>4.695494646190264</mytracks:speed><mytracks:gradient>0.04846955500955123</mytracks:gradient><mytracks:length>0.006522269158467986</mytracks:length></extensions></trkpt><trkpt lat="33.6538033657821" lon="130.6723099213263"><ele>47.17980604618788</ele><time>2025-12-22T08:53:51.99900Z</time><extensions><mytracks:speed>5.881246638706024</mytracks:speed><mytracks:length>0.01388718782533761</mytracks:length></extensions></trkpt><trkpt lat="33.65384072496825" lon="130.6722733407113"><ele>49.1599769067458</ele><time>2025-12-22T08:53:57.51600Z</time><extensions><mytracks:speed>3.496844988769381</mytracks:speed><mytracks:gradient>0.3695320078506631</mytracks:gradient><mytracks:length>0.005358590916319654</mytracks:length></extensions></trkpt><trkpt lat="33.65388915805931" lon="130.6722545726604"><ele>49.34476254272691</ele><time>2025-12-22T08:54:02.50300Z</time><extensions><mytracks:speed>4.08499420669634</mytracks:speed><mytracks:gradient>0.03265448865630475</mytracks:gradient><mytracks:length>0.005658812726360978</mytracks:length></extensions></trkpt><trkpt lat="33.6539479782865" lon="130.6722538614323"><ele>48.53662295436859</ele><time>2025-12-22T08:54:07.50300Z</time><extensions><mytracks:speed>4.70914205343737</mytracks:speed><mytracks:length>0.006540897351824127</mytracks:length></extensions></trkpt><trkpt lat="33.6540066000409" lon="130.6722363318416"><ele>49.58886622857122</ele><time>2025-12-22T08:54:12.50900Z</time><extensions><mytracks:speed>4.829788361747807</mytracks:speed><mytracks:gradient>0.1566702006921371</mytracks:gradient><mytracks:length>0.006716294927523129</mytracks:length></extensions></trkpt><trkpt lat="33.65407229817539" lon="130.6722128461504"><ele>50.53670567016451</ele><time>2025-12-22T08:54:17.51000Z</time><extensions><mytracks:speed>5.486429728480575</mytracks:speed><mytracks:gradient>0.124364262273997</mytracks:gradient><mytracks:length>0.007621477619551395</mytracks:length></extensions></trkpt><trkpt lat="33.65409206134851" lon="130.6721897352387"><ele>51.19338338824614</ele><time>2025-12-22T08:54:23.01000Z</time><extensions><mytracks:speed>2.007882087165998</mytracks:speed><mytracks:gradient>0.2140791211578119</mytracks:gradient><mytracks:length>0.003067453353368126</mytracks:length></extensions></trkpt><trkpt lat="33.65407709900474" lon="130.6719934588968"><ele>48.22441425733268</ele><time>2025-12-22T08:54:36.00000Z</time><extensions><mytracks:speed>5.055919760981975</mytracks:speed><mytracks:length>0.0182428988649586</mytracks:length></extensions></trkpt><trkpt lat="33.65398732896166" lon="130.6718064465595"><ele>47.37682643954449</ele><time>2025-12-22T08:54:41.12500Z</time><extensions><mytracks:speed>14.0342783709989</mytracks:speed><mytracks:length>0.01998134319120777</mytracks:length></extensions></trkpt><trkpt lat="33.65401112699242" lon="130.6717258296363"><ele>46.3637178540824</ele><time>2025-12-22T08:54:46.93900Z</time><extensions><mytracks:speed>4.902660063346048</mytracks:speed><mytracks:length>0.007917285116330585</mytracks:length></extensions></trkpt><trkpt lat="33.65403158425475" lon="130.6716359761477"><ele>45.74800841975957</ele><time>2025-12-22T08:54:55.99900Z</time><extensions><mytracks:speed>3.426054998334215</mytracks:speed><mytracks:length>0.008622926655094291</mytracks:length></extensions></trkpt><trkpt lat="33.65404875034297" lon="130.6716209566406"><ele>39.99551011715084</ele><time>2025-12-22T08:55:07.99900Z</time><extensions><mytracks:speed>0.7085947349743595</mytracks:speed><mytracks:length>0.002361962739997047</mytracks:length></extensions></trkpt><trkpt lat="33.65407706163838" lon="130.67160458977"><ele>43.94016160458071</ele><time>2025-12-22T08:55:16.67000Z</time><extensions><mytracks:speed>1.45033414493702</mytracks:speed><mytracks:gradient>1.129201870933729</mytracks:gradient><mytracks:length>0.00349330937980829</mytracks:length></extensions></trkpt><trkpt lat="33.65417533468176" lon="130.6716266622283"><ele>63.2229960821569</ele><time>2025-12-22T08:55:43.99900Z</time><extensions><mytracks:speed>1.464409721545589</mytracks:speed><mytracks:gradient>1.734573683925887</mytracks:gradient><mytracks:length>0.01111675719300264</mytracks:length></extensions></trkpt><trkpt lat="33.6540650952045" lon="130.6715119689414"><ele>58.28821651226587</ele><time>2025-12-22T08:55:49.47500Z</time><extensions><mytracks:speed>10.66043087829964</mytracks:speed><mytracks:length>0.0162156047555139</mytracks:length></extensions></trkpt><trkpt lat="33.65403360435759" lon="130.6714184400116"><ele>54.50999670339017</ele><time>2025-12-22T08:55:55.61400Z</time><extensions><mytracks:speed>5.475858850572425</mytracks:speed><mytracks:length>0.009337503107265279</mytracks:length></extensions></trkpt><trkpt lat="33.65401032726703" lon="130.6713373555131"><ele>53.91958211956639</ele><time>2025-12-22T08:56:00.64300Z</time><extensions><mytracks:speed>5.682942115178045</mytracks:speed><mytracks:length>0.007939452080242425</mytracks:length></extensions></trkpt><trkpt lat="33.65398205031738" lon="130.6712334807955"><ele>52.59335821849371</ele><time>2025-12-22T08:56:06.05900Z</time><extensions><mytracks:speed>6.723572383638109</mytracks:speed><mytracks:length>0.01011539943409139</mytracks:length></extensions></trkpt><trkpt lat="33.65400786635367" lon="130.6712035472422"><ele>54.61278067369724</ele><time>2025-12-22T08:56:11.02500Z</time><extensions><mytracks:speed>2.892590180305856</mytracks:speed><mytracks:gradient>0.5061789885882024</mytracks:gradient><mytracks:length>0.003989542238479631</mytracks:length></extensions></trkpt><trkpt lat="33.6540399301711" lon="130.6711998779552"><ele>59.59884095384255</ele><time>2025-12-22T08:56:16.98500Z</time><extensions><mytracks:speed>2.163027024248991</mytracks:speed><mytracks:gradient>1.392282475774466</mytracks:gradient><mytracks:length>0.00358121312801253</mytracks:length></extensions></trkpt><trkpt lat="33.65406428727539" lon="130.6711730446376"><ele>59.78521440760696</ele><time>2025-12-22T08:56:21.97500Z</time><extensions><mytracks:speed>2.650980143940999</mytracks:speed><mytracks:gradient>0.05072247407922639</mytracks:gradient><mytracks:length>0.003674376243424367</mytracks:length></extensions></trkpt><trkpt lat="33.65404708404655" lon="130.6711298625248"><ele>59.60846178075639</ele><time>2025-12-22T08:56:26.97300Z</time><extensions><mytracks:speed>3.190939271272682</mytracks:speed><mytracks:length>0.004430539935738036</mytracks:length></extensions></trkpt><trkpt lat="33.65404962054678" lon="130.6712081379432"><ele>59.06354582258397</ele><time>2025-12-22T08:57:55.13000Z</time><extensions><mytracks:speed>0.296062707635344</mytracks:speed><mytracks:length>0.007249974440298851</mytracks:length></extensions></trkpt><trkpt lat="33.65412665583199" lon="130.6714971325716"><ele>55.85394276771694</ele><time>2025-12-22T09:06:15.99900Z</time><extensions><mytracks:speed>0.2018758319519739</mytracks:speed><mytracks:length>0.02808705353567701</mytracks:length></extensions></trkpt><trkpt lat="33.65424541170215" lon="130.6717011973361"><ele>54.10229534748942</ele><time>2025-12-22T09:06:23.00000Z</time><extensions><mytracks:speed>11.85084647098589</mytracks:speed><mytracks:length>0.02304621574465369</mytracks:length></extensions></trkpt><trkpt lat="33.65420259049902" lon="130.67171162167"><ele>51.76067372619539</ele><time>2025-12-22T09:06:30.13300Z</time><extensions><mytracks:speed>2.451964679243803</mytracks:speed><mytracks:length>0.004858424599077683</mytracks:length></extensions></trkpt><trkpt lat="33.65396689473239" lon="130.6716164052215"><ele>34.82702748384327</ele><time>2025-12-22T09:07:04.00000Z</time><extensions><mytracks:speed>2.939211714780133</mytracks:speed><mytracks:length>0.02765030279120638</mytracks:length></extensions></trkpt><trkpt lat="33.65403330373793" lon="130.6716553245283"><ele>36.8591949565967</ele><time>2025-12-22T09:07:09.34400Z</time><extensions><mytracks:speed>5.534352917254487</mytracks:speed><mytracks:gradient>0.2473380138396217</mytracks:gradient><mytracks:length>0.008216155055207655</mytracks:length></extensions></trkpt><trkpt lat="33.65393537448772" lon="130.6716913761829"><ele>41.21586422275999</ele><time>2025-12-22T09:07:14.99000Z</time><extensions><mytracks:speed>7.262077132579121</mytracks:speed><mytracks:gradient>0.3825307033593411</mytracks:gradient><mytracks:length>0.01138907080635233</mytracks:length></extensions></trkpt><trkpt lat="33.65387748450219" lon="130.6717221701336"><ele>42.67066442805506</ele><time>2025-12-22T09:07:20.00300Z</time><extensions><mytracks:speed>5.055888726413912</mytracks:speed><mytracks:gradient>0.2066492226826811</mytracks:gradient><mytracks:length>0.007039950048730555</mytracks:length></extensions></trkpt><trkpt lat="33.65382603974291" lon="130.6717456806714"><ele>42.46255982714307</ele><time>2025-12-22T09:07:25.00000Z</time><extensions><mytracks:speed>4.408072007842865</mytracks:speed><mytracks:length>0.0061194618532647</mytracks:length></extensions></trkpt><trkpt lat="33.65376084172966" lon="130.6717352136175"><ele>42.95564201621945</ele><time>2025-12-22T09:07:29.98500Z</time><extensions><mytracks:speed>5.281815998361919</mytracks:speed><mytracks:gradient>0.06742451429085893</mytracks:gradient><mytracks:length>0.007313099608686866</mytracks:length></extensions></trkpt><trkpt lat="33.65370619389743" lon="130.6717452235521"><ele>42.87111474315918</ele><time>2025-12-22T09:07:34.98000Z</time><extensions><mytracks:speed>4.429657148360081</mytracks:speed><mytracks:length>0.006146648165720726</mytracks:length></extensions></trkpt><trkpt lat="33.65364177616367" lon="130.6717413161682"><ele>44.68016978469452</ele><time>2025-12-22T09:07:39.98900Z</time><extensions><mytracks:speed>5.154797796178826</mytracks:speed><mytracks:gradient>0.2522214863531024</mytracks:gradient><mytracks:length>0.007172485848421003</mytracks:length></extensions></trkpt><trkpt lat="33.653573969432" lon="130.671737572537"><ele>45.92586791305811</ele><time>2025-12-22T09:07:44.98500Z</time><extensions><mytracks:speed>5.438736605629847</mytracks:speed><mytracks:gradient>0.1650411339729436</mytracks:gradient><mytracks:length>0.007547803983022857</mytracks:length></extensions></trkpt><trkpt lat="33.65352535852426" lon="130.6717493147058"><ele>46.27541380349626</ele><time>2025-12-22T09:07:49.98200Z</time><extensions><mytracks:speed>3.972403619583255</mytracks:speed><mytracks:gradient>0.06339694233318055</mytracks:gradient><mytracks:length>0.0055136080317741</mytracks:length></extensions></trkpt><trkpt lat="33.65348738859165" lon="130.6717786397351"><ele>46.62597996691942</ele><time>2025-12-22T09:07:55.01800Z</time><extensions><mytracks:speed>3.587130105000818</mytracks:speed><mytracks:gradient>0.06986007974629924</mytracks:gradient><mytracks:length>0.005018118569235359</mytracks:length></extensions></trkpt><trkpt lat="33.65345798482225" lon="130.6718086725789"><ele>46.24137334445061</ele><time>2025-12-22T09:07:59.97700Z</time><extensions><mytracks:speed>3.116266989502261</mytracks:speed><mytracks:length>0.004292083512116665</mytracks:length></extensions></trkpt><trkpt lat="33.65337770956594" lon="130.6718539338474"><ele>44.21527094213985</ele><time>2025-12-22T09:08:04.96500Z</time><extensions><mytracks:speed>7.115878452156403</mytracks:speed><mytracks:length>0.009860482955173864</mytracks:length></extensions></trkpt><trkpt lat="33.65326477517183" lon="130.6718689927088"><ele>42.27399390726955</ele><time>2025-12-22T09:08:10.03400Z</time><extensions><mytracks:speed>8.972844479173309</mytracks:speed><mytracks:length>0.01263495731684805</mytracks:length></extensions></trkpt><trkpt lat="33.6532156780176" lon="130.6719137266393"><ele>41.52487022395832</ele><time>2025-12-22T09:08:15.01800Z</time><extensions><mytracks:speed>4.950037133419135</mytracks:speed><mytracks:length>0.006852461110247289</mytracks:length></extensions></trkpt><trkpt lat="33.65319368084415" lon="130.6719189246801"><ele>40.15163021754527</ele><time>2025-12-22T09:08:20.01800Z</time><extensions><mytracks:speed>1.795579850961107</mytracks:speed><mytracks:length>0.002493746268553968</mytracks:length></extensions></trkpt><trkpt lat="33.65313971310217" lon="130.6719218092858"><ele>39.82042797032599</ele><time>2025-12-22T09:08:25.51000Z</time><extensions><mytracks:speed>3.937034681372858</mytracks:speed><mytracks:length>0.006006486604661477</mytracks:length></extensions></trkpt><trkpt lat="33.65309005535735" lon="130.6719258900347"><ele>38.30176920401452</ele><time>2025-12-22T09:08:31.50500Z</time><extensions><mytracks:speed>3.323558133303346</mytracks:speed><mytracks:length>0.005534817432295408</mytracks:length></extensions></trkpt><trkpt lat="33.65302875081505" lon="130.6719626544503"><ele>38.1872985452146</ele><time>2025-12-22T09:08:37.00500Z</time><extensions><mytracks:speed>4.987615755539482</mytracks:speed><mytracks:length>0.00761970360138261</mytracks:length></extensions></trkpt><trkpt lat="33.65299409605291" lon="130.6720107611881"><ele>37.46285440175104</ele><time>2025-12-22T09:08:41.98400Z</time><extensions><mytracks:speed>4.25812285433461</mytracks:speed><mytracks:length>0.005889050106595631</mytracks:length></extensions></trkpt><trkpt lat="33.6529659686022" lon="130.6720512373205"><ele>35.65420514846802</ele><time>2025-12-22T09:08:47.01900Z</time><extensions><mytracks:speed>3.488712540688056</mytracks:speed><mytracks:length>0.004879711255117532</mytracks:length></extensions></trkpt><trkpt lat="33.65292147246838" lon="130.6720801005904"><ele>33.796124314661</ele><time>2025-12-22T09:08:52.00800Z</time><extensions><mytracks:speed>4.057655896542091</mytracks:speed><mytracks:length>0.005622863103973783</mytracks:length></extensions></trkpt><trkpt lat="33.65288028903407" lon="130.6720818323655"><ele>32.39840467040546</ele><time>2025-12-22T09:08:56.99900Z</time><extensions><mytracks:speed>3.304678964362553</mytracks:speed><mytracks:length>0.004581550332906284</mytracks:length></extensions></trkpt><trkpt lat="33.65284244593272" lon="130.6720768679405"><ele>31.55700457973483</ele><time>2025-12-22T09:09:02.00100Z</time><extensions><mytracks:speed>3.046887941647892</mytracks:speed><mytracks:length>0.004233943998329399</mytracks:length></extensions></trkpt><trkpt lat="33.65279557352288" lon="130.6720831185622"><ele>30.51422642966889</ele><time>2025-12-22T09:09:07.00700Z</time><extensions><mytracks:speed>3.770428291611089</mytracks:speed><mytracks:length>0.005242973196543904</mytracks:length></extensions></trkpt><trkpt lat="33.65273240535938" lon="130.6720741864313"><ele>30.94937393509901</ele><time>2025-12-22T09:09:12.00300Z</time><extensions><mytracks:speed>5.096615576707425</mytracks:speed><mytracks:gradient>0.06153205477309868</mytracks:gradient><mytracks:length>0.007071883216556685</mytracks:length></extensions></trkpt><trkpt lat="33.65266866983398" lon="130.672068103254"><ele>30.69471343588854</ele><time>2025-12-22T09:09:17.00300Z</time><extensions><mytracks:speed>5.1185126111168</mytracks:speed><mytracks:length>0.007109379872099251</mytracks:length></extensions></trkpt><trkpt lat="33.65261855038928" lon="130.6720728979605"><ele>29.9892020369369</ele><time>2025-12-22T09:09:21.99100Z</time><extensions><mytracks:speed>4.035918857756398</mytracks:speed><mytracks:length>0.005591519808141055</mytracks:length></extensions></trkpt><trkpt lat="33.65257080439822" lon="130.6720960936928"><ele>29.01506204127118</ele><time>2025-12-22T09:09:27.01700Z</time><extensions><mytracks:speed>4.102217912182355</mytracks:speed><mytracks:length>0.005727675559213862</mytracks:length></extensions></trkpt><trkpt lat="33.65251262280817" lon="130.6721195678424"><ele>28.49190901408322</ele><time>2025-12-22T09:09:31.97500Z</time><extensions><mytracks:speed>4.955597824151477</mytracks:speed><mytracks:length>0.006824784935355537</mytracks:length></extensions></trkpt><trkpt lat="33.65246520343504" lon="130.6721298008631"><ele>28.06830149616736</ele><time>2025-12-22T09:09:36.99300Z</time><extensions><mytracks:speed>3.844310740236585</mytracks:speed><mytracks:length>0.005358590916319654</mytracks:length></extensions></trkpt><trkpt lat="33.65228814147173" lon="130.6721450614698"><ele>28.01464950386435</ele><time>2025-12-22T09:09:53.99900Z</time><extensions><mytracks:speed>4.178427402759005</mytracks:speed><mytracks:length>0.01973900961523964</mytracks:length></extensions></trkpt><trkpt lat="33.65222331892753" lon="130.6721682400757"><ele>27.18633171788677</ele><time>2025-12-22T09:09:59.00100Z</time><extensions><mytracks:speed>5.413070494054104</mytracks:speed><mytracks:length>0.00752028990593717</mytracks:length></extensions></trkpt><trkpt lat="33.65217466225792" lon="130.6721790606716"><ele>26.16936589114795</ele><time>2025-12-22T09:10:04.00100Z</time><extensions><mytracks:speed>3.961157570633548</mytracks:speed><mytracks:length>0.005501334644070059</mytracks:length></extensions></trkpt><trkpt lat="33.65212866882792" lon="130.672181745921"><ele>25.69381604979095</ele><time>2025-12-22T09:10:09.00100Z</time><extensions><mytracks:speed>3.686477645595606</mytracks:speed><mytracks:length>0.005120349179195949</mytracks:length></extensions></trkpt><trkpt lat="33.65207737054415" lon="130.6721838219039"><ele>25.17103431385092</ele><time>2025-12-22T09:10:14.00000Z</time><extensions><mytracks:speed>4.11037480860175</mytracks:speed><mytracks:length>0.005707972454525202</mytracks:length></extensions></trkpt><trkpt lat="33.65202548442781" lon="130.6721936016282"><ele>24.0270484718074</ele><time>2025-12-22T09:10:19.00000Z</time><extensions><mytracks:speed>4.204299413417576</mytracks:speed><mytracks:length>0.00583909966998345</mytracks:length></extensions></trkpt><trkpt lat="33.65197682085748" lon="130.6721982320197"><ele>23.45120670247596</ele><time>2025-12-22T09:10:24.00500Z</time><extensions><mytracks:speed>3.903975898700141</mytracks:speed><mytracks:length>0.005427941746634242</mytracks:length></extensions></trkpt><trkpt lat="33.65192052330009" lon="130.6722045332394"><ele>23.21443108443725</ele><time>2025-12-22T09:10:29.50300Z</time><extensions><mytracks:speed>4.116513434262549</mytracks:speed><mytracks:length>0.006286552064330475</mytracks:length></extensions></trkpt><trkpt lat="33.65187185540886" lon="130.6722327719643"><ele>23.03997449489104</ele><time>2025-12-22T09:10:34.50300Z</time><extensions><mytracks:speed>4.327055430282456</mytracks:speed><mytracks:length>0.006009486847907843</mytracks:length></extensions></trkpt><trkpt lat="33.65184595930574" lon="130.6722951162614"><ele>23.15167712690519</ele><time>2025-12-22T09:10:40.50000Z</time><extensions><mytracks:speed>3.871482818935778</mytracks:speed><mytracks:gradient>0.01732007769590737</mytracks:gradient><mytracks:length>0.006449314718752193</mytracks:length></extensions></trkpt><trkpt lat="33.65183567405301" lon="130.6722925036628"><ele>22.9642501623757</ele><time>2025-12-22T09:10:45.97700Z</time><extensions><mytracks:speed>0.7717898472113324</mytracks:speed><mytracks:length>0.001174284783339954</mytracks:length></extensions></trkpt><trkpt lat="33.65179420260893" lon="130.672304931862"><ele>22.63002297841012</ele><time>2025-12-22T09:10:57.00000Z</time><extensions><mytracks:speed>1.552460604229812</mytracks:speed><mytracks:length>0.004753405723829487</mytracks:length></extensions></trkpt><trkpt lat="33.65176166366773" lon="130.6723464215827"><ele>22.67974727070332</ele><time>2025-12-22T09:11:01.99500Z</time><extensions><mytracks:speed>3.802036668105006</mytracks:speed><mytracks:gradient>0.009425453323032611</mytracks:gradient><mytracks:length>0.005275533238457873</mytracks:length></extensions></trkpt><trkpt lat="33.65177065556398" lon="130.6724043437879"><ele>22.29266542571584</ele><time>2025-12-22T09:11:07.00500Z</time><extensions><mytracks:speed>3.91906242551659</mytracks:speed><mytracks:length>0.005453617665334776</mytracks:length></extensions></trkpt><trkpt lat="33.65176560771832" lon="130.672446165942"><ele>22.29674474957956</ele><time>2025-12-22T09:11:11.99600Z</time><extensions><mytracks:speed>2.821570709031358</mytracks:speed><mytracks:gradient>0.001042777436089567</mytracks:gradient><mytracks:length>0.00391197941434004</mytracks:length></extensions></trkpt><trkpt lat="33.65171329517579" lon="130.6724675363206"><ele>22.17673900186069</ele><time>2025-12-22T09:11:17.00600Z</time><extensions><mytracks:speed>4.415199265736363</mytracks:speed><mytracks:length>0.006144448351215776</mytracks:length></extensions></trkpt><trkpt lat="33.65166485821099" lon="130.6724814138837"><ele>21.49823179198235</ele><time>2025-12-22T09:11:22.00200Z</time><extensions><mytracks:speed>3.9890064655149</mytracks:speed><mytracks:length>0.005536445559241139</mytracks:length></extensions></trkpt><trkpt lat="33.65161182743879" lon="130.6724918458795"><ele>21.64196008355522</ele><time>2025-12-22T09:11:27.00000Z</time><extensions><mytracks:speed>4.304406975747815</mytracks:speed><mytracks:gradient>0.02405233864929156</mytracks:gradient><mytracks:length>0.005975647261107542</mytracks:length></extensions></trkpt><trkpt lat="33.65158299905799" lon="130.6725379116042"><ele>21.57090942818927</ele><time>2025-12-22T09:11:31.99800Z</time><extensions><mytracks:speed>3.841917753323423</mytracks:speed><mytracks:length>0.005334147354101361</mytracks:length></extensions></trkpt><trkpt lat="33.65155236581101" lon="130.6725866754067"><ele>20.53548614326317</ele><time>2025-12-22T09:11:36.99500Z</time><extensions><mytracks:speed>4.074560996239557</mytracks:speed><mytracks:length>0.005654829609990516</mytracks:length></extensions></trkpt><trkpt lat="33.65149857262323" lon="130.672627524006"><ele>20.73045338634274</ele><time>2025-12-22T09:11:41.99400Z</time><extensions><mytracks:speed>5.094839561691184</mytracks:speed><mytracks:gradient>0.02755694028300482</mytracks:gradient><mytracks:length>0.007075068606212635</mytracks:length></extensions></trkpt><trkpt lat="33.65144531230445" lon="130.6726594390804"><ele>20.67070215141618</ele><time>2025-12-22T09:11:46.99800Z</time><extensions><mytracks:speed>4.760527812056548</mytracks:speed><mytracks:length>0.00661760997465763</mytracks:length></extensions></trkpt><trkpt lat="33.65138898146105" lon="130.6726768474288"><ele>21.15164207661379</ele><time>2025-12-22T09:11:51.99900Z</time><extensions><mytracks:speed>4.65628064251091</mytracks:speed><mytracks:gradient>0.07435506294663877</mytracks:gradient><mytracks:length>0.006468153023322103</mytracks:length></extensions></trkpt><trkpt lat="33.65133872028137" lon="130.6726887002971"><ele>21.1954783567555</ele><time>2025-12-22T09:11:57.00500Z</time><extensions><mytracks:speed>4.095526241461156</mytracks:speed><mytracks:gradient>0.007696885970758115</mytracks:gradient><mytracks:length>0.005695326695530304</mytracks:length></extensions></trkpt><trkpt lat="33.65130648605999" lon="130.6727118667093"><ele>21.09759510963127</ele><time>2025-12-22T09:12:02.00100Z</time><extensions><mytracks:speed>3.009343134125196</mytracks:speed><mytracks:length>0.004176074160954907</mytracks:length></extensions></trkpt><trkpt lat="33.65128351916329" lon="130.6727419584687"><ele>20.78592631026243</ele><time>2025-12-22T09:12:07.00200Z</time><extensions><mytracks:speed>2.719859603662737</mytracks:speed><mytracks:length>0.003778377152565937</mytracks:length></extensions></trkpt><trkpt lat="33.65128999478883" lon="130.6728002795599"><ele>21.41891058182889</ele><time>2025-12-22T09:12:11.99800Z</time><extensions><mytracks:speed>3.924789886097039</mytracks:speed><mytracks:gradient>0.1162254562770851</mytracks:gradient><mytracks:length>0.00544617583653452</mytracks:length></extensions></trkpt><trkpt lat="33.65129398284576" lon="130.6728627672152"><ele>23.51032723417527</ele><time>2025-12-22T09:12:16.99200Z</time><extensions><mytracks:speed>4.18109793372804</mytracks:speed><mytracks:gradient>0.360516948986197</mytracks:gradient><mytracks:length>0.005801160412090496</mytracks:length></extensions></trkpt><trkpt lat="33.65128761872385" lon="130.6729284212081"><ele>25.55876698435227</ele><time>2025-12-22T09:12:21.99800Z</time><extensions><mytracks:speed>4.3997348976572</mytracks:speed><mytracks:gradient>0.3348627230539983</mytracks:gradient><mytracks:length>0.006117252262344766</mytracks:length></extensions></trkpt><trkpt lat="33.65125966037166" lon="130.6729809454743"><ele>26.08845477726408</ele><time>2025-12-22T09:12:26.99700Z</time><extensions><mytracks:speed>4.155346904126022</mytracks:speed><mytracks:gradient>0.09180023670223939</mytracks:gradient><mytracks:length>0.005770004652927948</mytracks:length></extensions></trkpt><trkpt lat="33.65122710108448" lon="130.673005018314"><ele>24.81407616345707</ele><time>2025-12-22T09:12:31.99400Z</time><extensions><mytracks:speed>3.06243500635543</mytracks:speed><mytracks:length>0.00425093932605346</mytracks:length></extensions></trkpt><trkpt lat="33.65117677595197" lon="130.6730488967109"><ele>24.25467516386885</ele><time>2025-12-22T09:12:37.49500Z</time><extensions><mytracks:speed>4.524022876016793</mytracks:speed><mytracks:length>0.006913349793829456</mytracks:length></extensions></trkpt><trkpt lat="33.65109654917612" lon="130.6731019929103"><ele>24.55263485062481</ele><time>2025-12-22T09:12:44.61900Z</time><extensions><mytracks:speed>5.146697434525039</mytracks:speed><mytracks:gradient>0.02925573383423122</mytracks:gradient><mytracks:length>0.01018465947373796</mytracks:length></extensions></trkpt><trkpt lat="33.65084397567809" lon="130.6732563524219"><ele>27.12136274110526</ele><time>2025-12-22T09:13:07.00000Z</time><extensions><mytracks:speed>5.068512093343355</mytracks:speed><mytracks:gradient>0.0815200846161601</mytracks:gradient><mytracks:length>0.03151036830463792</mytracks:length></extensions></trkpt><trkpt lat="33.65079804594728" lon="130.6732677931923"><ele>28.0091633257689</ele><time>2025-12-22T09:13:12.00100Z</time><extensions><mytracks:speed>3.755003456748943</mytracks:speed><mytracks:gradient>0.1701986662193566</mytracks:gradient><mytracks:length>0.005216260528854082</mytracks:length></extensions></trkpt><trkpt lat="33.6507526505538" lon="130.6732685118438"><ele>28.21992103229317</ele><time>2025-12-22T09:13:17.00300Z</time><extensions><mytracks:speed>3.63290346069022</mytracks:speed><mytracks:gradient>0.04175349573470431</mytracks:gradient><mytracks:length>0.005047666137067829</mytracks:length></extensions></trkpt><trkpt lat="33.65070209407697" lon="130.6732577498433"><ele>27.89925307292512</ele><time>2025-12-22T09:13:21.99400Z</time><extensions><mytracks:speed>4.116919224190053</mytracks:speed><mytracks:length>0.005707972454525202</mytracks:length></extensions></trkpt><trkpt lat="33.65065983488164" lon="130.673248857113"><ele>26.26021424601324</ele><time>2025-12-22T09:13:27.01200Z</time><extensions><mytracks:speed>3.421534472715587</mytracks:speed><mytracks:length>0.004769494947993252</mytracks:length></extensions></trkpt><trkpt lat="33.65061940040502" lon="130.6732424076487"><ele>25.12580769660978</ele><time>2025-12-22T09:13:32.00500Z</time><extensions><mytracks:speed>3.269058923379617</mytracks:speed><mytracks:length>0.00453409233855672</mytracks:length></extensions></trkpt><trkpt lat="33.65058328504588" lon="130.6731811962471"><ele>24.44968649771241</ele><time>2025-12-22T09:13:37.01200Z</time><extensions><mytracks:speed>4.992614360294603</mytracks:speed><mytracks:length>0.006943918402417822</mytracks:length></extensions></trkpt><trkpt lat="33.65056789386983" lon="130.6731122800578"><ele>23.74713363636551</ele><time>2025-12-22T09:13:42.00400Z</time><extensions><mytracks:speed>4.762034609437811</mytracks:speed><mytracks:length>0.006603294242261991</mytracks:length></extensions></trkpt><trkpt lat="33.65056321597027" lon="130.6730399653823"><ele>22.90028829784293</ele><time>2025-12-22T09:13:47.00700Z</time><extensions><mytracks:speed>4.830376587855935</mytracks:speed><mytracks:length>0.006712939296572957</mytracks:length></extensions></trkpt><trkpt lat="33.65056034700327" lon="130.6729684001575"><ele>22.3235763399528</ele><time>2025-12-22T09:13:52.00200Z</time><extensions><mytracks:speed>4.780104950200494</mytracks:speed><mytracks:length>0.006631894804917065</mytracks:length></extensions></trkpt><trkpt lat="33.65055444738678" lon="130.6728897965648"><ele>22.94181861259002</ele><time>2025-12-22T09:13:56.99200Z</time><extensions><mytracks:speed>5.269743761133213</mytracks:speed><mytracks:gradient>0.08463892245224075</mytracks:gradient><mytracks:length>0.007304467669541529</mytracks:length></extensions></trkpt><trkpt lat="33.65055570245547" lon="130.6728252098769"><ele>23.2547504663882</ele><time>2025-12-22T09:14:01.99700Z</time><extensions><mytracks:speed>4.30099283891418</mytracks:speed><mytracks:gradient>0.05233484651407776</mytracks:gradient><mytracks:length>0.005979416672484159</mytracks:length></extensions></trkpt><trkpt lat="33.65055068671583" lon="130.6727662861403"><ele>24.00393132696607</ele><time>2025-12-22T09:14:06.99900Z</time><extensions><mytracks:speed>3.946437379938075</mytracks:speed><mytracks:gradient>0.1366299580730063</mytracks:gradient><mytracks:length>0.005483283982108509</mytracks:length></extensions></trkpt><trkpt lat="33.65053667107232" lon="130.672715158964"><ele>23.59731554685981</ele><time>2025-12-22T09:14:12.01000Z</time><extensions><mytracks:speed>3.579905248889576</mytracks:speed><mytracks:length>0.004982972832929037</mytracks:length></extensions></trkpt><trkpt lat="33.65051242540275" lon="130.6726638093495"><ele>22.48420540133074</ele><time>2025-12-22T09:14:17.00000Z</time><extensions><mytracks:speed>3.942241180466877</mytracks:speed><mytracks:length>0.005465173701800342</mytracks:length></extensions></trkpt><trkpt lat="33.65048458050324" lon="130.6726136561679"><ele>21.73819416737818</ele><time>2025-12-22T09:14:21.99900Z</time><extensions><mytracks:speed>4.019866909468917</mytracks:speed><mytracks:length>0.00558103292629914</mytracks:length></extensions></trkpt><trkpt lat="33.65035434047285" lon="130.672460375134"><ele>23.8405984910205</ele><time>2025-12-22T09:14:37.99900Z</time><extensions><mytracks:speed>4.561422126304566</mytracks:speed><mytracks:gradient>0.103700844508455</mytracks:gradient><mytracks:length>0.02027374351296538</mytracks:length></extensions></trkpt><trkpt lat="33.65017432075287" lon="130.6723955038918"><ele>21.78518047649413</ele><time>2025-12-22T09:14:55.00000Z</time><extensions><mytracks:speed>4.425342996397358</mytracks:speed><mytracks:length>0.02089827600405469</mytracks:length></extensions></trkpt><trkpt lat="33.65012627413591" lon="130.6723823320308"><ele>23.0134090004939</ele><time>2025-12-22T09:14:59.99500Z</time><extensions><mytracks:speed>3.94910806572666</mytracks:speed><mytracks:gradient>0.2241294703851889</mytracks:gradient><mytracks:length>0.005479995655586615</mytracks:length></extensions></trkpt><trkpt lat="33.65007488457459" lon="130.6723840939945"><ele>22.06898637854954</ele><time>2025-12-22T09:15:04.99400Z</time><extensions><mytracks:speed>4.116756660861323</mytracks:speed><mytracks:length>0.005715861846617481</mytracks:length></extensions></trkpt><trkpt lat="33.65001812057631" lon="130.6723940502864"><ele>21.34349078772697</ele><time>2025-12-22T09:15:09.99900Z</time><extensions><mytracks:speed>4.586822098987053</mytracks:speed><mytracks:length>0.006377645634552327</mytracks:length></extensions></trkpt><trkpt lat="33.64996596613729" lon="130.6724160639597"><ele>20.14422498971334</ele><time>2025-12-22T09:15:15.00900Z</time><extensions><mytracks:speed>4.417167708710932</mytracks:speed><mytracks:length>0.006146648165720726</mytracks:length></extensions></trkpt><trkpt lat="33.64990848426461" lon="130.6724204205111"><ele>20.48153751171964</ele><time>2025-12-22T09:15:19.99700Z</time><extensions><mytracks:speed>4.622500222256326</mytracks:speed><mytracks:gradient>0.05266854588434245</mytracks:gradient><mytracks:length>0.006404439620319671</mytracks:length></extensions></trkpt><trkpt lat="33.64985120594063" lon="130.672433428577"><ele>21.05901397012682</ele><time>2025-12-22T09:15:25.00700Z</time><extensions><mytracks:speed>4.657661056242998</mytracks:speed><mytracks:gradient>0.08908825080911358</mytracks:gradient><mytracks:length>0.006482072025911835</mytracks:length></extensions></trkpt><trkpt lat="33.64980214423395" lon="130.6724555231314"><ele>20.27104298164812</ele><time>2025-12-22T09:15:30.00000Z</time><extensions><mytracks:speed>4.200105716892816</mytracks:speed><mytracks:length>0.005825965059318723</mytracks:length></extensions></trkpt><trkpt lat="33.64975396890291" lon="130.6724732085672"><ele>19.11698696836334</ele><time>2025-12-22T09:15:34.99700Z</time><extensions><mytracks:speed>4.034661700718579</mytracks:speed><mytracks:length>0.005600377985782087</mytracks:length></extensions></trkpt><trkpt lat="33.64970195774819" lon="130.6724806398696"><ele>18.39660895940152</ele><time>2025-12-22T09:15:39.99900Z</time><extensions><mytracks:speed>4.191605073916236</mytracks:speed><mytracks:length>0.005823644111722739</mytracks:length></extensions></trkpt><trkpt lat="33.64964767840471" lon="130.6724831466373"><ele>18.17746480591779</ele><time>2025-12-22T09:15:44.99000Z</time><extensions><mytracks:speed>4.356575784223787</mytracks:speed><mytracks:length>0.006039407305950904</mytracks:length></extensions></trkpt><trkpt lat="33.64959038077772" lon="130.6724853218269"><ele>18.34653131243554</ele><time>2025-12-22T09:15:50.00200Z</time><extensions><mytracks:speed>4.578101056369778</mytracks:speed><mytracks:gradient>0.02652099070315511</mytracks:gradient><mytracks:length>0.006374818663830742</mytracks:length></extensions></trkpt><trkpt lat="33.64953932273943" lon="130.6725019965147"><ele>17.47020559003641</ele><time>2025-12-22T09:15:54.99500Z</time><extensions><mytracks:speed>4.242216264124728</mytracks:speed><mytracks:length>0.005883691203861292</mytracks:length></extensions></trkpt><trkpt lat="33.64948431734618" lon="130.6725207624415"><ele>17.33500420455758</ele><time>2025-12-22T09:15:59.99900Z</time><extensions><mytracks:speed>4.574569231273906</mytracks:speed><mytracks:length>0.00635783044265316</mytracks:length></extensions></trkpt><trkpt lat="33.64943444361541" lon="130.6725482962175"><ele>17.1185941927873</ele><time>2025-12-22T09:16:04.98400Z</time><extensions><mytracks:speed>4.407167437693534</mytracks:speed><mytracks:length>0.006103239609909162</mytracks:length></extensions></trkpt><trkpt lat="33.64938715861205" lon="130.6725582777025"><ele>16.05041199533433</ele><time>2025-12-22T09:16:10.00000Z</time><extensions><mytracks:speed>3.831486383207947</mytracks:speed><mytracks:length>0.005338369746398804</mytracks:length></extensions></trkpt><trkpt lat="33.64933730686332" lon="130.6725818010847"><ele>16.21500490251863</ele><time>2025-12-22T09:16:14.99800Z</time><extensions><mytracks:speed>4.289514451282405</mytracks:speed><mytracks:gradient>0.02763828112803557</mytracks:gradient><mytracks:length>0.005955251211962841</mytracks:length></extensions></trkpt><trkpt lat="33.64929307968792" lon="130.6726165585901"><ele>16.23859029883346</ele><time>2025-12-22T09:16:19.99400Z</time><extensions><mytracks:speed>4.234136101060551</mytracks:speed><mytracks:gradient>0.004013833787763586</mytracks:gradient><mytracks:length>0.005876027150583615</mytracks:length></extensions></trkpt><trkpt lat="33.64925634316931" lon="130.6726467903437"><ele>16.5584220546185</ele><time>2025-12-22T09:16:25.00300Z</time><extensions><mytracks:speed>3.557015675168868</mytracks:speed><mytracks:gradient>0.06462032504382069</mytracks:gradient><mytracks:length>0.004949398746728003</mytracks:length></extensions></trkpt><trkpt lat="33.64921271727345" lon="130.6726891353628"><ele>17.02142541269556</ele><time>2025-12-22T09:16:30.00600Z</time><extensions><mytracks:speed>4.487791919010487</mytracks:speed><mytracks:gradient>0.07423619520240778</mytracks:gradient><mytracks:length>0.006236895045801634</mytracks:length></extensions></trkpt><trkpt lat="33.64916884933429" lon="130.6727215903374"><ele>17.17513947920217</ele><time>2025-12-22T09:16:35.00500Z</time><extensions><mytracks:speed>4.126062204860044</mytracks:speed><mytracks:gradient>0.02682970660138227</mytracks:gradient><mytracks:length>0.00572924888036954</mytracks:length></extensions></trkpt><trkpt lat="33.64912981255817" lon="130.6727438526288"><ele>16.5416064840109</ele><time>2025-12-22T09:16:40.00300Z</time><extensions><mytracks:speed>3.461243522536197</mytracks:speed><mytracks:length>0.004805264307957383</mytracks:length></extensions></trkpt><trkpt lat="33.64908666232567" lon="130.6727645792929"><ele>16.89805711300862</ele><time>2025-12-22T09:16:44.99500Z</time><extensions><mytracks:speed>3.727020442818166</mytracks:speed><mytracks:gradient>0.06896560778456857</mytracks:gradient><mytracks:length>0.005168527334830188</mytracks:length></extensions></trkpt><trkpt lat="33.64902293517017" lon="130.6727624261901"><ele>16.58298559294654</ele><time>2025-12-22T09:16:50.50100Z</time><extensions><mytracks:speed>4.636075068282116</mytracks:speed><mytracks:length>0.007089702964935358</mytracks:length></extensions></trkpt><trkpt lat="33.64896387866306" lon="130.6727404323964"><ele>15.94978996719062</ele><time>2025-12-22T09:16:55.50200Z</time><extensions><mytracks:speed>4.94904315356267</mytracks:speed><mytracks:length>0.0068754394874399</mytracks:length></extensions></trkpt><trkpt lat="33.64891904672392" lon="130.6726788792567"><ele>17.63544321656741</ele><time>2025-12-22T09:17:01.00000Z</time><extensions><mytracks:speed>4.956989353495981</mytracks:speed><mytracks:gradient>0.2226795128112769</mytracks:gradient><mytracks:length>0.00756986230163613</mytracks:length></extensions></trkpt><trkpt lat="33.64891029872293" lon="130.6726623525644"><ele>19.31306634164363</ele><time>2025-12-22T09:17:05.99200Z</time><extensions><mytracks:speed>1.307771846621019</mytracks:speed><mytracks:gradient>0.92495425365379</mytracks:gradient><mytracks:length>0.001813736320957729</mytracks:length></extensions></trkpt><trkpt lat="33.64887223413546" lon="130.6726014413448"><ele>21.56155535858124</ele><time>2025-12-22T09:17:14.00000Z</time><extensions><mytracks:speed>3.169324166642775</mytracks:speed><mytracks:gradient>0.3189551888998746</mytracks:gradient><mytracks:length>0.007049545187501089</mytracks:length></extensions></trkpt><trkpt lat="33.64884308573525" lon="130.6725582827734"><ele>20.52699063831038</ele><time>2025-12-22T09:17:21.18600Z</time><extensions><mytracks:speed>2.577411886730851</mytracks:speed><mytracks:length>0.005144932615621869</mytracks:length></extensions></trkpt><trkpt lat="33.648754994076" lon="130.6724350481529"><ele>16.78654087986797</ele><time>2025-12-22T09:17:43.00000Z</time><extensions><mytracks:speed>2.481421371161047</mytracks:speed><mytracks:length>0.01503578523738093</mytracks:length></extensions></trkpt><trkpt lat="33.64872128067717" lon="130.6724830480071"><ele>17.04403196101825</ele><time>2025-12-22T09:17:47.99000Z</time><extensions><mytracks:speed>4.193529518941864</mytracks:speed><mytracks:gradient>0.04429724866716225</mytracks:gradient><mytracks:length>0.005812800769749845</mytracks:length></extensions></trkpt><trkpt lat="33.64868657982861" lon="130.6725285990611"><ele>17.25263387704247</ele><time>2025-12-22T09:17:52.99200Z</time><extensions><mytracks:speed>4.113408942280705</mytracks:speed><mytracks:gradient>0.03650030393580742</mytracks:gradient><mytracks:length>0.005715073397500465</mytracks:length></extensions></trkpt><trkpt lat="33.64866221043768" lon="130.6725844383301"><ele>18.19460347603133</ele><time>2025-12-22T09:17:58.00200Z</time><extensions><mytracks:speed>4.193150733834048</mytracks:speed><mytracks:gradient>0.1614063894955956</mytracks:gradient><mytracks:length>0.005836011832818817</mytracks:length></extensions></trkpt><trkpt lat="33.6486355938456" lon="130.6726424955615"><ele>20.31648850909911</ele><time>2025-12-22T09:18:02.99600Z</time><extensions><mytracks:speed>4.42239492868147</mytracks:speed><mytracks:gradient>0.3458707906247137</mytracks:gradient><mytracks:length>0.006134906706736431</mytracks:length></extensions></trkpt><trkpt lat="33.64861123389416" lon="130.6726930644616"><ele>21.23681351310145</ele><time>2025-12-22T09:18:08.00200Z</time><extensions><mytracks:speed>3.888760548444104</mytracks:speed><mytracks:gradient>0.1702053005500849</mytracks:gradient><mytracks:length>0.005407146552004802</mytracks:length></extensions></trkpt><trkpt lat="33.64861140005529" lon="130.6727602006826"><ele>21.33634121962691</ele><time>2025-12-22T09:18:13.01000Z</time><extensions><mytracks:speed>4.466875949051721</mytracks:speed><mytracks:gradient>0.01601738252952432</mytracks:gradient><mytracks:length>0.006213731010170002</mytracks:length></extensions></trkpt><trkpt lat="33.64859892642011" lon="130.6728252371924"><ele>19.60071194180651</ele><time>2025-12-22T09:18:18.00100Z</time><extensions><mytracks:speed>4.455444830936604</mytracks:speed><mytracks:length>0.006177363315100833</mytracks:length></extensions></trkpt><trkpt lat="33.64857940008866" lon="130.6728697994381"><ele>19.09393786290956</ele><time>2025-12-22T09:18:23.00200Z</time><extensions><mytracks:speed>3.355267116525783</mytracks:speed><mytracks:length>0.004661506809878652</mytracks:length></extensions></trkpt><trkpt lat="33.64856164955629" lon="130.6729185440516"><ele>17.84237430095637</ele><time>2025-12-22T09:18:28.00100Z</time><extensions><mytracks:speed>3.547060491297419</mytracks:speed><mytracks:length>0.004924754284481163</mytracks:length></extensions></trkpt><trkpt lat="33.64853446353098" lon="130.6729804098679"><ele>18.2664653607047</ele><time>2025-12-22T09:18:33.00600Z</time><extensions><mytracks:speed>4.656852403665395</mytracks:speed><mytracks:gradient>0.06549551273105349</mytracks:gradient><mytracks:length>0.006475116264678945</mytracks:length></extensions></trkpt><trkpt lat="33.64851644809272" lon="130.6730388263089"><ele>18.36439375567673</ele><time>2025-12-22T09:18:37.99900Z</time><extensions><mytracks:speed>4.157666768273879</mytracks:speed><mytracks:gradient>0.01698347636274741</mytracks:gradient><mytracks:length>0.005766098346439357</mytracks:length></extensions></trkpt><trkpt lat="33.64849112289624" lon="130.6730897829084"><ele>18.1349385386886</ele><time>2025-12-22T09:18:42.99400Z</time><extensions><mytracks:speed>3.959161668215951</mytracks:speed><mytracks:length>0.005493137150849821</mytracks:length></extensions></trkpt><trkpt lat="33.64846128702887" lon="130.6731358859595"><ele>20.23175013058689</ele><time>2025-12-22T09:18:47.98500Z</time><extensions><mytracks:speed>3.898550252135872</mytracks:speed><mytracks:gradient>0.3879048287007449</mytracks:gradient><mytracks:length>0.005405479480421476</mytracks:length></extensions></trkpt><trkpt lat="33.64844842201616" lon="130.6731921089001"><ele>20.62519913712519</ele><time>2025-12-22T09:18:53.50400Z</time><extensions><mytracks:speed>3.520718660556958</mytracks:speed><mytracks:gradient>0.07289958553562746</mytracks:gradient><mytracks:length>0.00539713639861535</mytracks:length></extensions></trkpt><trkpt lat="33.64843586371616" lon="130.6732579748158"><ele>21.00783116702885</ele><time>2025-12-22T09:18:58.49600Z</time><extensions><mytracks:speed>4.510386645643314</mytracks:speed><mytracks:gradient>0.06117284951675236</mytracks:gradient><mytracks:length>0.006254932260411967</mytracks:length></extensions></trkpt><trkpt lat="33.64843053434224" lon="130.6733402845538"><ele>22.19103867965025</ele><time>2025-12-22T09:19:04.00100Z</time><extensions><mytracks:speed>4.997224392352238</mytracks:speed><mytracks:gradient>0.1548385910106374</mytracks:gradient><mytracks:length>0.007641554375421225</mytracks:length></extensions></trkpt><trkpt lat="33.64841247471603" lon="130.6734013750298"><ele>22.16712206682328</ele><time>2025-12-22T09:19:08.98900Z</time><extensions><mytracks:speed>4.330360629784257</mytracks:speed><mytracks:length>0.005999730571848931</mytracks:length></extensions></trkpt><trkpt lat="33.64837091769979" lon="130.6734346171204"><ele>19.32798752795235</ele><time>2025-12-22T09:19:13.99500Z</time><extensions><mytracks:speed>3.992591747648298</mytracks:speed><mytracks:length>0.005551888952026952</mytracks:length></extensions></trkpt><trkpt lat="33.64832970652562" lon="130.6734653568139"><ele>16.73076810394355</ele><time>2025-12-22T09:19:18.99700Z</time><extensions><mytracks:speed>3.88190721656748</mytracks:speed><mytracks:length>0.005393795552489832</mytracks:length></extensions></trkpt><trkpt lat="33.64829378229987" lon="130.6735122677102"><ele>16.83354040759847</ele><time>2025-12-22T09:19:23.99800Z</time><extensions><mytracks:speed>4.248262564960406</mytracks:speed><mytracks:gradient>0.01741525406924498</mytracks:gradient><mytracks:length>0.005901280753429067</mytracks:length></extensions></trkpt><trkpt lat="33.64826213373033" lon="130.6735623293463"><ele>17.7482340046598</ele><time>2025-12-22T09:19:29.00000Z</time><extensions><mytracks:speed>4.187749217817403</mytracks:speed><mytracks:gradient>0.1571908721755889</mytracks:gradient><mytracks:length>0.005818999439354119</mytracks:length></extensions></trkpt><trkpt lat="33.64823526979058" lon="130.6736213867422"><ele>17.59532122992232</ele><time>2025-12-22T09:19:33.99900Z</time><extensions><mytracks:speed>4.486923291411227</mytracks:speed><mytracks:length>0.006229665537117224</mytracks:length></extensions></trkpt><trkpt lat="33.64820307829788" lon="130.673685137578"><ele>17.56810828409449</ele><time>2025-12-22T09:19:39.00500Z</time><extensions><mytracks:speed>4.963276900447077</mytracks:speed><mytracks:length>0.006901606811275449</mytracks:length></extensions></trkpt><trkpt lat="33.64817212154726" lon="130.6737527409037"><ele>17.0952932916934</ele><time>2025-12-22T09:19:44.01000Z</time><extensions><mytracks:speed>5.136398077981484</mytracks:speed><mytracks:length>0.007141633595796179</mytracks:length></extensions></trkpt><trkpt lat="33.64815247373937" lon="130.673792811725"><ele>16.96771284197674</ele><time>2025-12-22T09:19:49.00500Z</time><extensions><mytracks:speed>3.102914235619833</mytracks:speed><mytracks:length>0.004305710872246575</mytracks:length></extensions></trkpt><trkpt lat="33.64813377465954" lon="130.6738474767286"><ele>17.68077578747801</ele><time>2025-12-22T09:19:54.01100Z</time><extensions><mytracks:speed>3.934741646088069</mytracks:speed><mytracks:gradient>0.1303363975819241</mytracks:gradient><mytracks:length>0.005470942566546401</mytracks:length></extensions></trkpt><trkpt lat="33.64811073070698" lon="130.6738999430709"><ele>17.68238760078236</ele><time>2025-12-22T09:19:59.00900Z</time><extensions><mytracks:speed>3.955421678781115</mytracks:speed><mytracks:gradient>0.0002935107756447028</mytracks:gradient><mytracks:length>0.005491496183777851</mytracks:length></extensions></trkpt><trkpt lat="33.64809371437318" lon="130.6739457357122"><ele>17.53540552035043</ele><time>2025-12-22T09:20:04.00000Z</time><extensions><mytracks:speed>3.347437428143219</mytracks:speed><mytracks:length>0.004641161364545222</mytracks:length></extensions></trkpt><trkpt lat="33.64806738738751" lon="130.6739956404268"><ele>16.05362849903</ele><time>2025-12-22T09:20:09.00600Z</time><extensions><mytracks:speed>3.93313498288259</mytracks:speed><mytracks:length>0.005468470941136072</mytracks:length></extensions></trkpt><trkpt lat="33.64804032358301" lon="130.674049479437"><ele>14.68173668377106</ele><time>2025-12-22T09:20:13.99700Z</time><extensions><mytracks:speed>4.198836513173406</mytracks:speed><mytracks:length>0.005822096299306904</mytracks:length></extensions></trkpt><trkpt lat="33.64801304601504" lon="130.6740975688572"><ele>14.904553004526</ele><time>2025-12-22T09:20:18.99700Z</time><extensions><mytracks:speed>3.879369595614817</mytracks:speed><mytracks:gradient>0.04135460894732776</mytracks:gradient><mytracks:length>0.005387944087169041</mytracks:length></extensions></trkpt><trkpt lat="33.64798169098044" lon="130.6741470814299"><ele>14.61145500034218</ele><time>2025-12-22T09:20:23.98900Z</time><extensions><mytracks:speed>4.152904376860652</mytracks:speed><mytracks:length>0.005758277783574854</mytracks:length></extensions></trkpt><trkpt lat="33.64795933725159" lon="130.674196671381"><ele>15.09681003569938</ele><time>2025-12-22T09:20:28.99900Z</time><extensions><mytracks:speed>3.751410671716452</mytracks:speed><mytracks:gradient>0.09296959271231663</mytracks:gradient><mytracks:length>0.00522057826862892</mytracks:length></extensions></trkpt><trkpt lat="33.64794589333839" lon="130.6742491643263"><ele>16.76844949728116</ele><time>2025-12-22T09:20:33.99200Z</time><extensions><mytracks:speed>3.665839499121258</mytracks:speed><mytracks:gradient>0.3287377836614968</mytracks:gradient><mytracks:length>0.005085023823434541</mytracks:length></extensions></trkpt><trkpt lat="33.64792723434602" lon="130.6742990656855"><ele>19.02437966017474</ele><time>2025-12-22T09:20:38.99500Z</time><extensions><mytracks:speed>3.64401150474378</mytracks:speed><mytracks:gradient>0.4455093240755301</mytracks:gradient><mytracks:length>0.005063710322056285</mytracks:length></extensions></trkpt><trkpt lat="33.64790600767399" lon="130.674348421017"><ele>20.549593783821</ele><time>2025-12-22T09:20:43.97800Z</time><extensions><mytracks:speed>3.714278248690323</mytracks:speed><mytracks:gradient>0.296651855373565</mytracks:gradient><mytracks:length>0.005141427892724948</mytracks:length></extensions></trkpt><trkpt lat="33.64788603917413" lon="130.6744120667749"><ele>21.63296324156868</ele><time>2025-12-22T09:20:48.99200Z</time><extensions><mytracks:speed>4.520364495182282</mytracks:speed><mytracks:gradient>0.1720763785553201</mytracks:gradient><mytracks:length>0.006295863888136114</mytracks:length></extensions></trkpt><trkpt lat="33.64786269345801" lon="130.6744698458423"><ele>22.41260417437769</ele><time>2025-12-22T09:20:53.98600Z</time><extensions><mytracks:speed>4.285918181760431</mytracks:speed><mytracks:gradient>0.1311333390947873</mytracks:gradient><mytracks:length>0.005945405937123743</mytracks:length></extensions></trkpt><trkpt lat="33.64783546739991" lon="130.6745304232139"><ele>21.9260228563734</ele><time>2025-12-22T09:20:59.49900Z</time><extensions><mytracks:speed>4.161359412739182</mytracks:speed><mytracks:length>0.006372697612810848</mytracks:length></extensions></trkpt><trkpt lat="33.64780761865072" lon="130.6745796543793"><ele>21.59048999924675</ele><time>2025-12-22T09:21:04.50400Z</time><extensions><mytracks:speed>3.96328490419426</mytracks:speed><mytracks:length>0.005510337801337073</mytracks:length></extensions></trkpt><trkpt lat="33.64776836482188" lon="130.6746474659255"><ele>20.28701590124438</ele><time>2025-12-22T09:21:10.50600Z</time><extensions><mytracks:speed>4.585892871714885</mytracks:speed><mytracks:length>0.007645091859312002</mytracks:length></extensions></trkpt><trkpt lat="33.64773601701884" lon="130.6747116450167"><ele>19.5805701903391</ele><time>2025-12-22T09:21:16.00300Z</time><extensions><mytracks:speed>4.54756175428482</mytracks:speed><mytracks:length>0.006943918402417822</mytracks:length></extensions></trkpt><trkpt lat="33.64770747588668" lon="130.6747638801473"><ele>18.09719749119503</ele><time>2025-12-22T09:21:21.00400Z</time><extensions><mytracks:speed>4.163707188678316</mytracks:speed><mytracks:length>0.005784045512373522</mytracks:length></extensions></trkpt><trkpt lat="33.64769080353238" lon="130.6748236851204"><ele>18.38080060711819</ele><time>2025-12-22T09:21:26.00800Z</time><extensions><mytracks:speed>4.200006888453078</mytracks:speed><mytracks:gradient>0.04857608591694693</mytracks:gradient><mytracks:length>0.005838327863798069</mytracks:length></extensions></trkpt><trkpt lat="33.64766506513056" lon="130.6748848930865"><ele>18.66890725037376</ele><time>2025-12-22T09:21:30.99600Z</time><extensions><mytracks:speed>4.58140732774359</mytracks:speed><mytracks:gradient>0.04539121346637236</mytracks:gradient><mytracks:length>0.00634718971478944</mytracks:length></extensions></trkpt><trkpt lat="33.64762664011153" lon="130.6749396155874"><ele>18.63171374647544</ele><time>2025-12-22T09:21:35.99500Z</time><extensions><mytracks:speed>4.771594814724657</mytracks:speed><mytracks:length>0.006626456595880396</mytracks:length></extensions></trkpt><trkpt lat="33.64759667503834" lon="130.6750018471843"><ele>18.30504734015768</ele><time>2025-12-22T09:21:41.00600Z</time><extensions><mytracks:speed>4.780576011023293</mytracks:speed><mytracks:length>0.006654280438926701</mytracks:length></extensions></trkpt><trkpt lat="33.64757314150798" lon="130.6750533531468"><ele>17.89889468153092</ele><time>2025-12-22T09:21:45.99900Z</time><extensions><mytracks:speed>3.921068490713159</mytracks:speed><mytracks:length>0.005437895193404662</mytracks:length></extensions></trkpt><trkpt lat="33.64754787616044" lon="130.6751056475817"><ele>17.49816400860059</ele><time>2025-12-22T09:21:50.99900Z</time><extensions><mytracks:speed>4.028422090701521</mytracks:speed><mytracks:length>0.005595547990932905</mytracks:length></extensions></trkpt><trkpt lat="33.64752689711641" lon="130.675152591009"><ele>16.50305156678297</ele><time>2025-12-22T09:21:56.00800Z</time><extensions><mytracks:speed>3.545147177718539</mytracks:speed><mytracks:length>0.004932069185333345</mytracks:length></extensions></trkpt><trkpt lat="33.64750541045206" lon="130.6752072659981"><ele>16.26612488670021</ele><time>2025-12-22T09:22:00.99800Z</time><extensions><mytracks:speed>4.037392827753941</mytracks:speed><mytracks:length>0.005596353279559212</mytracks:length></extensions></trkpt><trkpt lat="33.6474921178287" lon="130.6752652863986"><ele>16.84114874908368</ele><time>2025-12-22T09:22:06.00200Z</time><extensions><mytracks:speed>4.008079339237382</mytracks:speed><mytracks:gradient>0.1032111407701128</mytracks:gradient><mytracks:length>0.005571335207545531</mytracks:length></extensions></trkpt><trkpt lat="33.64746725377084" lon="130.6753178822454"><ele>16.84576446609341</ele><time>2025-12-22T09:22:11.00400Z</time><extensions><mytracks:speed>4.029941773094851</mytracks:speed><mytracks:gradient>0.0008242979924115945</mytracks:gradient><mytracks:length>0.005599573275958868</mytracks:length></extensions></trkpt><trkpt lat="33.64744471041249" lon="130.6753819907054"><ele>16.53767496242125</ele><time>2025-12-22T09:22:16.00700Z</time><extensions><mytracks:speed>4.635374007384734</mytracks:speed><mytracks:length>0.006442323589630898</mytracks:length></extensions></trkpt><trkpt lat="33.64742534869954" lon="130.6754427751364"><ele>15.83211287787359</ele><time>2025-12-22T09:22:21.00500Z</time><extensions><mytracks:speed>4.338700719531267</mytracks:speed><mytracks:length>0.006023717596333294</mytracks:length></extensions></trkpt><trkpt lat="33.64741075183554" lon="130.6754999238069"><ele>15.35099895191462</ele><time>2025-12-22T09:22:26.00300Z</time><extensions><mytracks:speed>3.985644037741551</mytracks:speed><mytracks:length>0.005533188826277425</mytracks:length></extensions></trkpt><trkpt lat="33.64739723467084" lon="130.6755631193191"><ele>15.08982082313054</ele><time>2025-12-22T09:22:30.99800Z</time><extensions><mytracks:speed>4.353404430484972</mytracks:speed><mytracks:length>0.006039407305950904</mytracks:length></extensions></trkpt><trkpt lat="33.64737122919479" lon="130.6756176416376"><ele>15.81698512501947</ele><time>2025-12-22T09:22:36.00000Z</time><extensions><mytracks:speed>4.186471896095957</mytracks:speed><mytracks:gradient>0.124997078272287</mytracks:gradient><mytracks:length>0.005817450391159667</mytracks:length></extensions></trkpt><trkpt lat="33.64733219233329" lon="130.6756781882066"><ele>14.84791998874403</ele><time>2025-12-22T09:22:40.99800Z</time><extensions><mytracks:speed>5.106239028947489</mytracks:speed><mytracks:length>0.007089702964935358</mytracks:length></extensions></trkpt><trkpt lat="33.64729563091321" lon="130.6757427660643"><ele>15.06761322035261</ele><time>2025-12-22T09:22:45.99600Z</time><extensions><mytracks:speed>5.207030239559217</mytracks:speed><mytracks:gradient>0.03039134032825799</mytracks:gradient><mytracks:length>0.007228810221453471</mytracks:length></extensions></trkpt><trkpt lat="33.64727453544348" lon="130.6757957391586"><ele>15.65248353344372</ele><time>2025-12-22T09:22:51.00100Z</time><extensions><mytracks:speed>3.909502376276456</mytracks:speed><mytracks:gradient>0.1076201615034261</mytracks:gradient><mytracks:length>0.005434579403344287</mytracks:length></extensions></trkpt><trkpt lat="33.64724696464238" lon="130.6758459436439"><ele>16.27038869843666</ele><time>2025-12-22T09:22:56.00200Z</time><extensions><mytracks:speed>4.008059258035446</mytracks:speed><mytracks:gradient>0.1109723764193718</mytracks:gradient><mytracks:length>0.005568098881273287</mytracks:length></extensions></trkpt><trkpt lat="33.64721627580352" lon="130.6758856206166"><ele>16.46906593121596</ele><time>2025-12-22T09:23:00.99600Z</time><extensions><mytracks:speed>3.613897985439035</mytracks:speed><mytracks:gradient>0.03962745007215288</mytracks:gradient><mytracks:length>0.005013626474011127</mytracks:length></extensions></trkpt><trkpt lat="33.64718288172576" lon="130.6759197138794"><ele>15.74724933492801</ele><time>2025-12-22T09:23:06.49900Z</time><extensions><mytracks:speed>3.187987439189208</mytracks:speed><mytracks:length>0.00487324255067624</mytracks:length></extensions></trkpt><trkpt lat="33.64716397157052" lon="130.675973509857"><ele>15.14540388093728</ele><time>2025-12-22T09:23:11.50300Z</time><extensions><mytracks:speed>3.888630394857889</mytracks:speed><mytracks:length>0.005405479480421476</mytracks:length></extensions></trkpt><trkpt lat="33.64713797891633" lon="130.6760320696645"><ele>14.54628700486299</ele><time>2025-12-22T09:23:16.49800Z</time><extensions><mytracks:speed>4.427154795927138</mytracks:speed><mytracks:length>0.006142247748858604</mytracks:length></extensions></trkpt><trkpt lat="33.64710564694673" lon="130.6760934515239"><ele>14.154618182734</ele><time>2025-12-22T09:23:22.00300Z</time><extensions><mytracks:speed>4.396577386816935</mytracks:speed><mytracks:length>0.006723001164767999</mytracks:length></extensions></trkpt><trkpt lat="33.64707942912665" lon="130.6761487878449"><ele>14.15066785164051</ele><time>2025-12-22T09:23:27.00200Z</time><extensions><mytracks:speed>4.243696657906518</mytracks:speed><mytracks:length>0.005892874910601233</mytracks:length></extensions></trkpt><trkpt lat="33.64703607380194" lon="130.6762015089445"><ele>14.46395865330093</ele><time>2025-12-22T09:23:32.00400Z</time><extensions><mytracks:speed>4.936337229719136</mytracks:speed><mytracks:gradient>0.0456756435085727</mytracks:gradient><mytracks:length>0.006859034215941079</mytracks:length></extensions></trkpt><trkpt lat="33.64698965173374" lon="130.676251139031"><ele>15.17693099419795</ele><time>2025-12-22T09:23:36.99200Z</time><extensions><mytracks:speed>4.987129136912214</mytracks:speed><mytracks:gradient>0.1031784471339506</mytracks:gradient><mytracks:length>0.006910089855989017</mytracks:length></extensions></trkpt><trkpt lat="33.64694624849222" lon="130.6763131413597"><ele>15.28017585970174</ele><time>2025-12-22T09:23:41.99400Z</time><extensions><mytracks:speed>5.397137586706585</mytracks:speed><mytracks:gradient>0.01376728966795768</mytracks:gradient><mytracks:length>0.007499287658927622</mytracks:length></extensions></trkpt><trkpt lat="33.6468998208949" lon="130.676368946512"><ele>15.90941846062165</ele><time>2025-12-22T09:23:46.99100Z</time><extensions><mytracks:speed>5.261491203921256</mytracks:speed><mytracks:gradient>0.0861594502585728</mytracks:gradient><mytracks:length>0.007303233702530521</mytracks:length></extensions></trkpt><trkpt lat="33.64687494378703" lon="130.6764425414966"><ele>15.49504649249189</ele><time>2025-12-22T09:23:51.99400Z</time><extensions><mytracks:speed>5.291147810114046</mytracks:speed><mytracks:length>0.007351817915792626</mytracks:length></extensions></trkpt><trkpt lat="33.64685038706186" lon="130.6765106856083"><ele>15.99635856689114</ele><time>2025-12-22T09:23:56.99500Z</time><extensions><mytracks:speed>4.947163342827192</mytracks:speed><mytracks:gradient>0.07293432011286355</mytracks:gradient><mytracks:length>0.00687347292226049</mytracks:length></extensions></trkpt><trkpt lat="33.64683168147051" lon="130.6765728539198"><ele>16.34617084836471</ele><time>2025-12-22T09:24:01.99800Z</time><extensions><mytracks:speed>4.402116854737455</mytracks:speed><mytracks:gradient>0.05717765891036895</mytracks:gradient><mytracks:length>0.006117988881320565</mytracks:length></extensions></trkpt><trkpt lat="33.6468080700856" lon="130.6766350622896"><ele>16.45188364055527</ele><time>2025-12-22T09:24:07.00600Z</time><extensions><mytracks:speed>4.549051385429134</mytracks:speed><mytracks:gradient>0.01670558427258998</mytracks:gradient><mytracks:length>0.006327991315096102</mytracks:length></extensions></trkpt><trkpt lat="33.6467803438707" lon="130.67670125933"><ele>16.38117421830271</ele><time>2025-12-22T09:24:12.00800Z</time><extensions><mytracks:speed>4.937640870074821</mytracks:speed><mytracks:length>0.006860348081333064</mytracks:length></extensions></trkpt><trkpt lat="33.64675242230871" lon="130.6767628110385"><ele>16.45606968986443</ele><time>2025-12-22T09:24:17.00300Z</time><extensions><mytracks:speed>4.677129938685765</mytracks:speed><mytracks:gradient>0.01154187654537842</mytracks:gradient><mytracks:length>0.006489020331075232</mytracks:length></extensions></trkpt><trkpt lat="33.64672734922615" lon="130.6768297610392"><ele>15.80422644274569</ele><time>2025-12-22T09:24:22.00700Z</time><extensions><mytracks:speed>4.888968096374105</mytracks:speed><mytracks:length>0.006795669955100857</mytracks:length></extensions></trkpt><trkpt lat="33.64670690230182" lon="130.6768927838993"><ele>15.37626123329681</ele><time>2025-12-22T09:24:27.00400Z</time><extensions><mytracks:speed>4.509789645298305</mytracks:speed><mytracks:length>0.006260693193947578</mytracks:length></extensions></trkpt><trkpt lat="33.64667368784389" lon="130.6769455248136"><ele>15.17476552852123</ele><time>2025-12-22T09:24:31.99800Z</time><extensions><mytracks:speed>4.41301994419301</mytracks:speed><mytracks:length>0.006121670646642264</mytracks:length></extensions></trkpt><trkpt lat="33.64664539968722" lon="130.6770051596904"><ele>15.14744374268085</ele><time>2025-12-22T09:24:37.00000Z</time><extensions><mytracks:speed>4.573392191797748</mytracks:speed><mytracks:length>0.006353576289990379</mytracks:length></extensions></trkpt><trkpt lat="33.64661582546891" lon="130.6770663588481"><ele>15.59789946886064</ele><time>2025-12-22T09:24:42.00400Z</time><extensions><mytracks:speed>4.713054200373525</mytracks:speed><mytracks:gradient>0.06875902324159482</mytracks:gradient><mytracks:length>0.006551223460476547</mytracks:length></extensions></trkpt><trkpt lat="33.64658611490752" lon="130.6771262648108"><ele>15.82703894086479</ele><time>2025-12-22T09:24:47.00200Z</time><extensions><mytracks:speed>4.649495866373138</mytracks:speed><mytracks:gradient>0.03549851972336553</mytracks:gradient><mytracks:length>0.006454902170282122</mytracks:length></extensions></trkpt><trkpt lat="33.64655316906244" lon="130.6771846761854"><ele>16.32686168446034</ele><time>2025-12-22T09:24:52.00200Z</time><extensions><mytracks:speed>4.702004808113742</mytracks:speed><mytracks:gradient>0.07653602948884283</mytracks:gradient><mytracks:length>0.006530554915556675</mytracks:length></extensions></trkpt><trkpt lat="33.64652703050771" lon="130.67725060628"><ele>16.51775200955987</ele><time>2025-12-22T09:24:56.99300Z</time><extensions><mytracks:speed>4.875969217850173</mytracks:speed><mytracks:gradient>0.02823640448396768</mytracks:gradient><mytracks:length>0.006760433156704238</mytracks:length></extensions></trkpt><trkpt lat="33.64649654662931" lon="130.6773131574952"><ele>16.25986355923206</ele><time>2025-12-22T09:25:01.99900Z</time><extensions><mytracks:speed>4.824807491519012</mytracks:speed><mytracks:length>0.006709581987387438</mytracks:length></extensions></trkpt><trkpt lat="33.64646577594202" lon="130.6773637907853"><ele>16.12369292571799</ele><time>2025-12-22T09:25:06.99300Z</time><extensions><mytracks:speed>4.183677934822456</mytracks:speed><mytracks:length>0.005803490351435561</mytracks:length></extensions></trkpt><trkpt lat="33.64645073093256" lon="130.6774339743179"><ele>16.14407845683043</ele><time>2025-12-22T09:25:12.50100Z</time><extensions><mytracks:speed>4.385028465520497</mytracks:speed><mytracks:gradient>0.003038575585024204</mytracks:gradient><mytracks:length>0.006708910323940399</mytracks:length></extensions></trkpt><trkpt lat="33.64642320874734" lon="130.677518876573"><ele>16.71173491647563</ele><time>2025-12-22T09:25:18.00100Z</time><extensions><mytracks:speed>5.519398834644225</mytracks:speed><mytracks:gradient>0.06731189926927526</mytracks:gradient><mytracks:length>0.00843322600918372</mytracks:length></extensions></trkpt><trkpt lat="33.64639772825224" lon="130.6775885676792"><ele>16.39112303216946</ele><time>2025-12-22T09:25:23.00300Z</time><extensions><mytracks:speed>5.070858734100195</mytracks:speed><mytracks:length>0.007045708700040075</mytracks:length></extensions></trkpt><trkpt lat="33.64637073280987" lon="130.6776542809068"><ele>15.38230453276739</ele><time>2025-12-22T09:25:28.00200Z</time><extensions><mytracks:speed>4.885001705468881</mytracks:speed><mytracks:length>0.00678305894368186</mytracks:length></extensions></trkpt><trkpt lat="33.64634480389952" lon="130.6777171586011"><ele>14.04516787103553</ele><time>2025-12-22T09:25:33.00100Z</time><extensions><mytracks:speed>4.676941242010948</mytracks:speed><mytracks:length>0.006494573622918358</mytracks:length></extensions></trkpt><trkpt lat="33.64632005876389" lon="130.6777792592529"><ele>13.67158690887575</ele><time>2025-12-22T09:25:37.99800Z</time><extensions><mytracks:speed>4.591012002679072</mytracks:speed><mytracks:length>0.006371990438907234</mytracks:length></extensions></trkpt><trkpt lat="33.64631473276541" lon="130.6778462166583"><ele>12.93848610754469</ele><time>2025-12-22T09:25:42.99100Z</time><extensions><mytracks:speed>4.48826521116345</mytracks:speed><mytracks:length>0.00622532380198385</mytracks:length></extensions></trkpt><trkpt lat="33.64631899387874" lon="130.6779144820907"><ele>11.79580613138467</ele><time>2025-12-22T09:25:47.99300Z</time><extensions><mytracks:speed>4.560376291447046</mytracks:speed><mytracks:length>0.006336531118327316</mytracks:length></extensions></trkpt><trkpt lat="33.64631600314848" lon="130.6779785072984"><ele>14.05230661545814</ele><time>2025-12-22T09:25:52.98900Z</time><extensions><mytracks:speed>4.278077173559241</mytracks:speed><mytracks:gradient>0.3800701875992338</mytracks:gradient><mytracks:length>0.005937062568171858</mytracks:length></extensions></trkpt><trkpt lat="33.6463158943335" lon="130.6779922503853"><ele>15.87023082727798</ele><time>2025-12-22T09:25:57.99300Z</time><extensions><mytracks:speed>0.9137935254739876</mytracks:speed><mytracks:gradient>1.431269908021081</mytracks:gradient><mytracks:length>0.001270147721007681</mytracks:length></extensions></trkpt><trkpt lat="33.64632918179196" lon="130.6780248238088"><ele>19.02945713885128</ele><time>2025-12-22T09:26:14.00000Z</time><extensions><mytracks:speed>0.7545921791190023</mytracks:speed><mytracks:gradient>0.9416116014728919</mytracks:gradient><mytracks:length>0.003355126791802015</mytracks:length></extensions></trkpt><trkpt lat="33.64631266016602" lon="130.6780858010733"><ele>21.24361404962838</ele><time>2025-12-22T09:26:30.00000Z</time><extensions><mytracks:speed>1.335507952369419</mytracks:speed><mytracks:gradient>0.3730335057647551</mytracks:gradient><mytracks:length>0.005935544331970541</mytracks:length></extensions></trkpt><trkpt lat="33.64628172180619" lon="130.6781225676407"><ele>18.95166552870789</ele><time>2025-12-22T09:26:34.95600Z</time><extensions><mytracks:speed>3.514459300058363</mytracks:speed><mytracks:length>0.004838907176018708</mytracks:length></extensions></trkpt><trkpt lat="33.64626049711909" lon="130.6781758545684"><ele>13.806940176437</ele><time>2025-12-22T09:26:40.23200Z</time><extensions><mytracks:speed>3.730943183125664</mytracks:speed><mytracks:length>0.005467646817713242</mytracks:length></extensions></trkpt><trkpt lat="33.64622491987309" lon="130.6782558232603"><ele>12.1931286530832</ele><time>2025-12-22T09:26:46.02700Z</time><extensions><mytracks:speed>5.213902771896388</mytracks:speed><mytracks:length>0.008393053533248823</mytracks:length></extensions></trkpt><trkpt lat="33.6461892316224" lon="130.6783223357354"><ele>14.87128831583876</ele><time>2025-12-22T09:26:51.02200Z</time><extensions><mytracks:speed>5.279763670774473</mytracks:speed><mytracks:gradient>0.3656291438412554</mytracks:gradient><mytracks:length>0.007324798112697306</mytracks:length></extensions></trkpt><trkpt lat="33.64615685291117" lon="130.6783789930904"><ele>16.29702636614416</ele><time>2025-12-22T09:26:56.02300Z</time><extensions><mytracks:speed>4.578727448785435</mytracks:speed><mytracks:gradient>0.2241242513853411</mytracks:gradient><mytracks:length>0.006361373396643744</mytracks:length></extensions></trkpt><trkpt lat="33.64612656824954" lon="130.6784182073376"><ele>17.53776494084319</ele><time>2025-12-22T09:27:01.01800Z</time><extensions><mytracks:speed>3.569488887796632</mytracks:speed><mytracks:gradient>0.2505464744618202</mytracks:gradient><mytracks:length>0.004952129449692567</mytracks:length></extensions></trkpt><trkpt lat="33.64609114736563" lon="130.6784550794563"><ele>18.41922283836195</ele><time>2025-12-22T09:27:06.01500Z</time><extensions><mytracks:speed>3.755155239932491</mytracks:speed><mytracks:gradient>0.169094778501981</mytracks:gradient><mytracks:length>0.005212803762053726</mytracks:length></extensions></trkpt><trkpt lat="33.64605120039538" lon="130.6784939021288"><ele>17.10732878867648</ele><time>2025-12-22T09:27:11.01700Z</time><extensions><mytracks:speed>4.111584508019934</mytracks:speed><mytracks:length>0.005712707397234505</mytracks:length></extensions></trkpt><trkpt lat="33.6460069139855" lon="130.6785365021316"><ele>15.8670656291124</ele><time>2025-12-22T09:27:16.50100Z</time><extensions><mytracks:speed>4.140839755148416</mytracks:speed><mytracks:length>0.006308020147521297</mytracks:length></extensions></trkpt><trkpt lat="33.64597849301536" lon="130.6785962605698"><ele>15.18296894194875</ele><time>2025-12-22T09:27:22.01000Z</time><extensions><mytracks:speed>4.162931943205834</mytracks:speed><mytracks:length>0.006369868446139647</mytracks:length></extensions></trkpt><trkpt lat="33.64594589755236" lon="130.6786426976811"><ele>14.4017847028701</ele><time>2025-12-22T09:27:27.00800Z</time><extensions><mytracks:speed>4.049900426075156</mytracks:speed><mytracks:length>0.005622863103973783</mytracks:length></extensions></trkpt><trkpt lat="33.64592295311076" lon="130.678689164468"><ele>14.33291133324169</ele><time>2025-12-22T09:27:32.00200Z</time><extensions><mytracks:speed>3.604620544740907</mytracks:speed><mytracks:length>0.005001027141468713</mytracks:length></extensions></trkpt><trkpt lat="33.64590717484102" lon="130.6787433691129"><ele>14.67617210927232</ele><time>2025-12-22T09:27:37.00000Z</time><extensions><mytracks:speed>3.82831083608044</mytracks:speed><mytracks:gradient>0.06458727566609675</mytracks:gradient><mytracks:length>0.005314681142539877</mytracks:length></extensions></trkpt><trkpt lat="33.6458847902088" lon="130.6788029314391"><ele>14.7358011671701</ele><time>2025-12-22T09:27:42.00200Z</time><extensions><mytracks:speed>4.354105939166855</mytracks:speed><mytracks:gradient>0.009856295947638516</mytracks:gradient><mytracks:length>0.006049844506958149</mytracks:length></extensions></trkpt><trkpt lat="33.64586247582898" lon="130.6788482783844"><ele>15.08486374957711</ele><time>2025-12-22T09:27:46.99600Z</time><extensions><mytracks:speed>3.515329459777285</mytracks:speed><mytracks:gradient>0.07158766282207307</mytracks:gradient><mytracks:length>0.004876015903390918</mytracks:length></extensions></trkpt><trkpt lat="33.64580720353683" lon="130.6789539971785"><ele>15.84704432697841</ele><time>2025-12-22T09:27:57.58500Z</time><extensions><mytracks:speed>3.928478940879912</mytracks:speed><mytracks:gradient>0.06595534846646225</mytracks:gradient><mytracks:length>0.01155600865013798</mytracks:length></extensions></trkpt><trkpt lat="33.64564026651838" lon="130.6793006531794"><ele>16.80595521815121</ele><time>2025-12-22T09:28:31.00000Z</time><extensions><mytracks:speed>3.994002006034261</mytracks:speed><mytracks:gradient>0.02586671295201663</mytracks:gradient><mytracks:length>0.03707123100455786</mytracks:length></extensions></trkpt><trkpt lat="33.64561840596878" lon="130.679341055267"><ele>17.64813192523722</ele><time>2025-12-22T09:28:35.99700Z</time><extensions><mytracks:speed>3.213441727424322</mytracks:speed><mytracks:gradient>0.1887886901183409</mytracks:gradient><mytracks:length>0.004460948940098556</mytracks:length></extensions></trkpt><trkpt lat="33.64558450928371" lon="130.679376844108"><ele>19.23726353467327</ele><time>2025-12-22T09:28:40.99000Z</time><extensions><mytracks:speed>3.618292548983157</mytracks:speed><mytracks:gradient>0.3166787686481863</mytracks:gradient><mytracks:length>0.005018118569235359</mytracks:length></extensions></trkpt><trkpt lat="33.64555207739059" lon="130.6794259022477"><ele>21.15501140161693</ele><time>2025-12-22T09:28:46.00200Z</time><extensions><mytracks:speed>4.165627902833689</mytracks:speed><mytracks:gradient>0.3306686124565961</mytracks:gradient><mytracks:length>0.005799606599176032</mytracks:length></extensions></trkpt><trkpt lat="33.64554087080246" lon="130.6795036624392"><ele>21.48341897969547</ele><time>2025-12-22T09:28:50.99600Z</time><extensions><mytracks:speed>5.265503860504261</mytracks:speed><mytracks:gradient>0.04495982362245932</mytracks:gradient><mytracks:length>0.007304467669541529</mytracks:length></extensions></trkpt><trkpt lat="33.64553377284263" lon="130.6795638261852"><ele>20.78498769508427</ele><time>2025-12-22T09:28:56.00600Z</time><extensions><mytracks:speed>4.04130226464645</mytracks:speed><mytracks:length>0.005624465744195574</mytracks:length></extensions></trkpt><trkpt lat="33.64553644096699" lon="130.6796147643067"><ele>19.33067184610629</ele><time>2025-12-22T09:29:01.00800Z</time><extensions><mytracks:speed>3.399888942115849</mytracks:speed><mytracks:length>0.004723925479994175</mytracks:length></extensions></trkpt><trkpt lat="33.64552500171497" lon="130.6796599866146"><ele>19.05042683328024</ele><time>2025-12-22T09:29:06.00400Z</time><extensions><mytracks:speed>3.151893600852214</mytracks:speed><mytracks:length>0.004374241080253282</mytracks:length></extensions></trkpt><trkpt lat="33.64551590035289" lon="130.6797127461425"><ele>19.16883375270467</ele><time>2025-12-22T09:29:11.00100Z</time><extensions><mytracks:speed>3.593060812867753</mytracks:speed><mytracks:gradient>0.02374507328139152</mytracks:gradient><mytracks:length>0.004986588923994879</mytracks:length></extensions></trkpt><trkpt lat="33.64551137702352" lon="130.6797758457369"><ele>18.67211814671639</ele><time>2025-12-22T09:29:16.00700Z</time><extensions><mytracks:speed>4.215333440159988</mytracks:speed><mytracks:length>0.00586220660502491</mytracks:length></extensions></trkpt><trkpt lat="33.64550962128684" lon="130.6798343076872"><ele>18.43724249917022</ele><time>2025-12-22T09:29:21.00100Z</time><extensions><mytracks:speed>3.904212352199983</mytracks:speed><mytracks:length>0.005415474212186442</mytracks:length></extensions></trkpt><trkpt lat="33.6455033607326" lon="130.6798978822414"><ele>18.17939671019604</ele><time>2025-12-22T09:29:26.49700Z</time><extensions><mytracks:speed>3.881842895233449</mytracks:speed><mytracks:length>0.005926426746968942</mytracks:length></extensions></trkpt><trkpt lat="33.64550366711434" lon="130.6799538861031"><ele>18.07089753144676</ele><time>2025-12-22T09:29:31.49900Z</time><extensions><mytracks:speed>3.730797667181828</mytracks:speed><mytracks:length>0.005184197489031928</mytracks:length></extensions></trkpt><trkpt lat="33.64550517633534" lon="130.6800135944752"><ele>18.33368713207305</ele><time>2025-12-22T09:29:37.00600Z</time><extensions><mytracks:speed>3.615775270600971</mytracks:speed><mytracks:gradient>0.04751432216961323</mytracks:gradient><mytracks:length>0.005530745018064172</mytracks:length></extensions></trkpt><trkpt lat="33.64551048782934" lon="130.6800727599354"><ele>18.38528414995067</ele><time>2025-12-22T09:29:42.00200Z</time><extensions><mytracks:speed>3.968995623519918</mytracks:speed><mytracks:gradient>0.009366456611743479</mytracks:gradient><mytracks:length>0.005508701958106328</mytracks:length></extensions></trkpt><trkpt lat="33.64551154087262" lon="130.6801316396826"><ele>18.39630663638261</ele><time>2025-12-22T09:29:47.00300Z</time><extensions><mytracks:speed>3.924531490208742</mytracks:speed><mytracks:gradient>0.002022052286831032</mytracks:gradient><mytracks:length>0.005451138184567682</mytracks:length></extensions></trkpt><trkpt lat="33.64550813855507" lon="130.6801892623943"><ele>18.27133612953937</ele><time>2025-12-22T09:29:51.99700Z</time><extensions><mytracks:speed>3.855043426510766</mytracks:speed><mytracks:length>0.005347647274088379</mytracks:length></extensions></trkpt><trkpt lat="33.64550373513055" lon="130.680248801017"><ele>17.58251190145081</ele><time>2025-12-22T09:29:56.99200Z</time><extensions><mytracks:speed>3.986831353300945</mytracks:speed><mytracks:length>0.005532374343484129</mytracks:length></extensions></trkpt><trkpt lat="33.6454982500767" lon="130.6802972998069"><ele>17.24743995600228</ele><time>2025-12-22T09:30:01.99400Z</time><extensions><mytracks:speed>3.259538015069054</mytracks:speed><mytracks:length>0.004529120199394058</mytracks:length></extensions></trkpt><trkpt lat="33.64548865475717" lon="130.6803508172505"><ele>18.32258615675096</ele><time>2025-12-22T09:30:06.98000Z</time><extensions><mytracks:speed>3.658108487599991</mytracks:speed><mytracks:gradient>0.2122119393497867</mytracks:gradient><mytracks:length>0.005066379413160748</mytracks:length></extensions></trkpt><trkpt lat="33.64549014352426" lon="130.6804029736265"><ele>18.0676663564626</ele><time>2025-12-22T09:30:11.98700Z</time><extensions><mytracks:speed>3.47246666235236</mytracks:speed><mytracks:length>0.00482958544288497</mytracks:length></extensions></trkpt><trkpt lat="33.64548503441103" lon="130.6804710647703"><ele>18.87507529691354</ele><time>2025-12-22T09:30:17.00300Z</time><extensions><mytracks:speed>4.542252688681125</mytracks:speed><mytracks:gradient>0.1275932440875474</mytracks:gradient><mytracks:length>0.006327991315096102</mytracks:length></extensions></trkpt><trkpt lat="33.64549566973435" lon="130.680521692479"><ele>19.1741090164241</ele><time>2025-12-22T09:30:22.00400Z</time><extensions><mytracks:speed>3.478445248651741</mytracks:speed><mytracks:gradient>0.06188120164632992</mytracks:gradient><mytracks:length>0.004832383850909</mytracks:length></extensions></trkpt><trkpt lat="33.64548833160261" lon="130.6805785546145"><ele>19.09787211758493</ele><time>2025-12-22T09:30:27.01100Z</time><extensions><mytracks:speed>3.829224060064321</mytracks:speed><mytracks:length>0.00532653861321473</mytracks:length></extensions></trkpt><trkpt lat="33.64548805434067" lon="130.6806410663283"><ele>19.99894322027667</ele><time>2025-12-22T09:30:32.00600Z</time><extensions><mytracks:speed>4.17038814239883</mytracks:speed><mytracks:gradient>0.1557227036253224</mytracks:gradient><mytracks:length>0.005786382343192331</mytracks:length></extensions></trkpt><trkpt lat="33.64547778292975" lon="130.680703446687"><ele>20.09207963826399</ele><time>2025-12-22T09:30:37.00800Z</time><extensions><mytracks:speed>4.23688124595681</mytracks:speed><mytracks:gradient>0.01582341154768339</mytracks:gradient><mytracks:length>0.005885988473892421</mytracks:length></extensions></trkpt><trkpt lat="33.64545277036663" lon="130.6807685239401"><ele>21.68305853214676</ele><time>2025-12-22T09:30:41.99400Z</time><extensions><mytracks:speed>4.790226806331008</mytracks:speed><mytracks:gradient>0.2397752853115684</mytracks:gradient><mytracks:length>0.006635291422197329</mytracks:length></extensions></trkpt><trkpt lat="33.64542151989853" lon="130.6808273014459"><ele>24.12380457453797</ele><time>2025-12-22T09:30:46.99500Z</time><extensions><mytracks:speed>4.647158444130849</mytracks:speed><mytracks:gradient>0.3780819665796376</mytracks:gradient><mytracks:length>0.006455600261688509</mytracks:length></extensions></trkpt><trkpt lat="33.64541526053584" lon="130.6808940966056"><ele>24.04801965546631</ele><time>2025-12-22T09:30:52.00100Z</time><extensions><mytracks:speed>4.474888768806463</mytracks:speed><mytracks:length>0.006221703374924521</mytracks:length></extensions></trkpt><trkpt lat="33.64543515867962" lon="130.6809678740309"><ele>22.35946478499284</ele><time>2025-12-22T09:30:57.00400Z</time><extensions><mytracks:speed>5.165150398375626</mytracks:speed><mytracks:length>0.00717813817385808</mytracks:length></extensions></trkpt><trkpt lat="33.64543112254169" lon="130.6810225904084"><ele>20.78730554814199</ele><time>2025-12-22T09:31:01.99900Z</time><extensions><mytracks:speed>3.664153200911283</mytracks:speed><mytracks:length>0.005084137544765773</mytracks:length></extensions></trkpt><trkpt lat="33.64541043386082" lon="130.6810592230788"><ele>21.22574774395432</ele><time>2025-12-22T09:31:06.98800Z</time><extensions><mytracks:speed>2.956012425491509</mytracks:speed><mytracks:gradient>0.1070273538357471</mytracks:gradient><mytracks:length>0.004096543361103717</mytracks:length></extensions></trkpt><trkpt lat="33.64537729016236" lon="130.6811100368639"><ele>22.61502273712378</ele><time>2025-12-22T09:31:11.99200Z</time><extensions><mytracks:speed>4.298484488947177</mytracks:speed><mytracks:gradient>0.2325188035059694</mytracks:gradient><mytracks:length>0.005974893093468884</mytracks:length></extensions></trkpt><trkpt lat="33.64534581216623" lon="130.6811609537175"><ele>24.50463460080758</ele><time>2025-12-22T09:31:17.00100Z</time><extensions><mytracks:speed>4.218487364846841</mytracks:speed><mytracks:gradient>0.3219161315022083</mytracks:gradient><mytracks:length>0.005869888703203549</mytracks:length></extensions></trkpt><trkpt lat="33.64532775382263" lon="130.6812116655708"><ele>25.95765389934528</ele><time>2025-12-22T09:31:21.99500Z</time><extensions><mytracks:speed>3.680183702406732</mytracks:speed><mytracks:gradient>0.2846063072338027</mytracks:gradient><mytracks:length>0.005105365768805837</mytracks:length></extensions></trkpt><trkpt lat="33.64531213060629" lon="130.6812653620625"><ele>26.07071012534672</ele><time>2025-12-22T09:31:27.01100Z</time><extensions><mytracks:speed>3.779258099855685</mytracks:speed><mytracks:gradient>0.02147205448644434</mytracks:gradient><mytracks:length>0.005265272872366167</mytracks:length></extensions></trkpt><trkpt lat="33.64529715125784" lon="130.6813239316388"><ele>25.09440221719243</ele><time>2025-12-22T09:31:32.50200Z</time><extensions><mytracks:speed>3.718041460096192</mytracks:speed><mytracks:length>0.005671539900663953</mytracks:length></extensions></trkpt><trkpt lat="33.64527711322855" lon="130.6813710444563"><ele>24.90797128612357</ele><time>2025-12-22T09:31:37.50400Z</time><extensions><mytracks:speed>3.524307563992943</mytracks:speed><mytracks:length>0.004897226096324196</mytracks:length></extensions></trkpt><trkpt lat="33.64527604426397" lon="130.6814257448895"><ele>23.61180401250736</ele><time>2025-12-22T09:31:42.50000Z</time><extensions><mytracks:speed>3.650520273525297</mytracks:speed><mytracks:length>0.005065489872391332</mytracks:length></extensions></trkpt><trkpt lat="33.64525272538665" lon="130.6814944211072"><ele>22.05070518333222</ele><time>2025-12-22T09:31:48.00600Z</time><extensions><mytracks:speed>4.489072267203944</mytracks:speed><mytracks:length>0.00686560102856621</mytracks:length></extensions></trkpt><trkpt lat="33.64523323282299" lon="130.6815451126665"><ele>20.27930299226083</ele><time>2025-12-22T09:31:53.00400Z</time><extensions><mytracks:speed>3.722537036995812</mytracks:speed><mytracks:length>0.005168527334830188</mytracks:length></extensions></trkpt><trkpt lat="33.64520674028144" lon="130.6815808661227"><ele>20.679911046898</ele><time>2025-12-22T09:31:58.01500Z</time><extensions><mytracks:speed>3.183298997651498</mytracks:speed><mytracks:gradient>0.09041969160592414</mytracks:gradient><mytracks:length>0.004430539935738036</mytracks:length></extensions></trkpt><trkpt lat="33.64518303341782" lon="130.6816340493955"><ele>19.89697777132452</ele><time>2025-12-22T09:32:03.00300Z</time><extensions><mytracks:speed>4.030322200895893</mytracks:speed><mytracks:length>0.005585068672669533</mytracks:length></extensions></trkpt><trkpt lat="33.6451788459129" lon="130.6816358521248"><ele>20.69254984275014</ele><time>2025-12-22T09:32:08.00300Z</time><extensions><mytracks:speed>0.3616967478543615</mytracks:speed><mytracks:gradient>1.583699557275985</mytracks:gradient><mytracks:length>0.0005023503781197223</mytracks:length></extensions></trkpt><trkpt lat="33.64517790310586" lon="130.6816233710394"><ele>21.70108120818173</ele><time>2025-12-22T09:32:12.99100Z</time><extensions><mytracks:speed>0.8363563772817852</mytracks:speed><mytracks:gradient>0.8702991459531492</mytracks:gradient><mytracks:length>0.001158832994518273</mytracks:length></extensions></trkpt><trkpt lat="33.64515968982308" lon="130.6815984493027"><ele>22.21384374141299</ele><time>2025-12-22T09:32:18.00100Z</time><extensions><mytracks:speed>2.205174810259281</mytracks:speed><mytracks:gradient>0.1670822909243007</mytracks:gradient><mytracks:length>0.003068922088598741</mytracks:length></extensions></trkpt><trkpt lat="33.64511827803598" lon="130.6816150019919"><ele>21.39642497312362</ele><time>2025-12-22T09:32:22.99300Z</time><extensions><mytracks:speed>3.500123992356931</mytracks:speed><mytracks:length>0.004852856202291984</mytracks:length></extensions></trkpt><trkpt lat="33.64510645231128" lon="130.68169542846"><ele>21.77699171984879</ele><time>2025-12-22T09:32:27.98900Z</time><extensions><mytracks:speed>5.447865733049069</mytracks:speed><mytracks:gradient>0.05033730973034296</mytracks:gradient><mytracks:length>0.0075603314671338</mytracks:length></extensions></trkpt><trkpt lat="33.64510784690798" lon="130.6817723034022"><ele>22.71857694414472</ele><time>2025-12-22T09:32:32.99900Z</time><extensions><mytracks:speed>5.113944016519138</mytracks:speed><mytracks:gradient>0.1322894236379877</mytracks:gradient><mytracks:length>0.007117615289281138</mytracks:length></extensions></trkpt><trkpt lat="33.64511106956801" lon="130.6818438547563"><ele>25.03379642167695</ele><time>2025-12-22T09:32:37.99200Z</time><extensions><mytracks:speed>4.782614891830537</mytracks:speed><mytracks:gradient>0.3490322541567429</mytracks:gradient><mytracks:length>0.00663325366054139</mytracks:length></extensions></trkpt><trkpt lat="33.64509565601688" lon="130.6819107915836"><ele>25.7840845047463</ele><time>2025-12-22T09:32:42.99600Z</time><extensions><mytracks:speed>4.624757719563227</mytracks:speed><mytracks:gradient>0.1167160713220349</mytracks:gradient><mytracks:length>0.006428318521784435</mytracks:length></extensions></trkpt><trkpt lat="33.64505362039566" lon="130.6819686048673"><ele>25.04020891155715</ele><time>2025-12-22T09:32:47.99900Z</time><extensions><mytracks:speed>5.112251950524819</mytracks:speed><mytracks:length>0.007104941462827874</mytracks:length></extensions></trkpt><trkpt lat="33.64502046346024" lon="130.6820084320445"><ele>23.50282416020453</ele><time>2025-12-22T09:32:53.00800Z</time><extensions><mytracks:speed>3.746846583205027</mytracks:speed><mytracks:length>0.005212803762053726</mytracks:length></extensions></trkpt><trkpt lat="33.64497456934411" lon="130.6820351423383"><ele>21.30460907378471</ele><time>2025-12-22T09:32:58.00700Z</time><extensions><mytracks:speed>4.083770439235864</mytracks:speed><mytracks:length>0.005670745289115302</mytracks:length></extensions></trkpt><trkpt lat="33.64490228871714" lon="130.6820385192486"><ele>20.88819109831046</ele><time>2025-12-22T09:33:05.29200Z</time><extensions><mytracks:speed>3.974878527979926</mytracks:speed><mytracks:length>0.008043210684897335</mytracks:length></extensions></trkpt><trkpt lat="33.64473953315104" lon="130.6820394893068"><ele>21.0205733589828</ele><time>2025-12-22T09:33:21.99900Z</time><extensions><mytracks:speed>3.899481741338006</mytracks:speed><mytracks:gradient>0.007314920557347992</mytracks:gradient><mytracks:length>0.0180975664239246</mytracks:length></extensions></trkpt><trkpt lat="33.64469389932074" lon="130.6820359138354"><ele>20.54648352441647</ele><time>2025-12-22T09:33:26.99500Z</time><extensions><mytracks:speed>3.663973582125742</mytracks:speed><mytracks:length>0.005085023823434541</mytracks:length></extensions></trkpt><trkpt lat="33.64463898420635" lon="130.6820484162096"><ele>19.80724208770754</ele><time>2025-12-22T09:33:32.00000Z</time><extensions><mytracks:speed>4.47069912917944</mytracks:speed><mytracks:length>0.006215181291671879</mytracks:length></extensions></trkpt><trkpt lat="33.64459591350786" lon="130.6820822423741"><ele>17.65140152375004</ele><time>2025-12-22T09:33:37.50100Z</time><extensions><mytracks:speed>3.744735164303084</mytracks:speed><mytracks:length>0.005722165528540446</mytracks:length></extensions></trkpt><trkpt lat="33.64453953993611" lon="130.6821219922692"><ele>18.10172421522842</ele><time>2025-12-22T09:33:43.50000Z</time><extensions><mytracks:speed>4.3621775954327</mytracks:speed><mytracks:gradient>0.06195454994235038</mytracks:gradient><mytracks:length>0.007268597575116089</mytracks:length></extensions></trkpt><trkpt lat="33.64449360174982" lon="130.6821533230289"><ele>20.0791921614773</ele><time>2025-12-22T09:33:49.00300Z</time><extensions><mytracks:speed>3.842567575833098</mytracks:speed><mytracks:gradient>0.3366632954002873</mytracks:gradient><mytracks:length>0.005873725984585603</mytracks:length></extensions></trkpt><trkpt lat="33.64446712288519" lon="130.6821928415808"><ele>21.60619654058923</ele><time>2025-12-22T09:33:54.00400Z</time><extensions><mytracks:speed>3.379116896425718</mytracks:speed><mytracks:gradient>0.3252918129618755</mytracks:gradient><mytracks:length>0.004694260102054579</mytracks:length></extensions></trkpt><trkpt lat="33.64444616902563" lon="130.6822582674573"><ele>20.87493427523232</ele><time>2025-12-22T09:33:58.99900Z</time><extensions><mytracks:speed>4.676556699593728</mytracks:speed><mytracks:length>0.006488325835399131</mytracks:length></extensions></trkpt><trkpt lat="33.64442529834054" lon="130.682310474549"><ele>19.6066839036705</ele><time>2025-12-22T09:34:04.00200Z</time><extensions><mytracks:speed>3.856976113894832</mytracks:speed><mytracks:length>0.005360272570500804</mytracks:length></extensions></trkpt><trkpt lat="33.6443997210937" lon="130.6823527508062"><ele>19.03192171140558</ele><time>2025-12-22T09:34:09.00300Z</time><extensions><mytracks:speed>3.482723145838857</mytracks:speed><mytracks:length>0.004837975810948775</mytracks:length></extensions></trkpt><trkpt lat="33.64436363927821" lon="130.6823826799541"><ele>19.7864039948976</ele><time>2025-12-22T09:34:14.00200Z</time><extensions><mytracks:speed>3.511074328793882</mytracks:speed><mytracks:gradient>0.154733351662641</mytracks:gradient><mytracks:length>0.004876015903390918</mytracks:length></extensions></trkpt><trkpt lat="33.64432496060294" lon="130.6824102352001"><ele>18.79731461062478</ele><time>2025-12-22T09:34:19.00200Z</time><extensions><mytracks:speed>3.599871411922693</mytracks:speed><mytracks:length>0.005000125974303731</mytracks:length></extensions></trkpt><trkpt lat="33.64428218201831" lon="130.6824305464816"><ele>18.91084330604891</ele><time>2025-12-22T09:34:23.99600Z</time><extensions><mytracks:speed>3.687743441514677</mytracks:speed><mytracks:gradient>0.02219496229624926</mytracks:gradient><mytracks:length>0.005115065928420988</mytracks:length></extensions></trkpt><trkpt lat="33.64425065163744" lon="130.6824662926288"><ele>18.13107454524635</ele><time>2025-12-22T09:34:29.00700Z</time><extensions><mytracks:speed>3.46319871098585</mytracks:speed><mytracks:length>0.004821180472967939</mytracks:length></extensions></trkpt><trkpt lat="33.64421326508298" lon="130.6824893286664"><ele>17.39351681259732</ele><time>2025-12-22T09:34:34.00500Z</time><extensions><mytracks:speed>3.365706634293171</mytracks:speed><mytracks:length>0.004672128589555717</mytracks:length></extensions></trkpt><trkpt lat="33.6441648794342" lon="130.6825117628433"><ele>17.15161608874042</ele><time>2025-12-22T09:34:39.00800Z</time><extensions><mytracks:speed>4.150262293085144</mytracks:speed><mytracks:length>0.005767661186513167</mytracks:length></extensions></trkpt><trkpt lat="33.64412216847487" lon="130.682530397108"><ele>16.49192746979325</ele><time>2025-12-22T09:34:44.00100Z</time><extensions><mytracks:speed>3.642891388040626</mytracks:speed><mytracks:length>0.00505301985906454</mytracks:length></extensions></trkpt><trkpt lat="33.64407633053533" lon="130.6825485747256"><ele>16.34124329642433</ele><time>2025-12-22T09:34:49.00300Z</time><extensions><mytracks:speed>3.863738662653743</mytracks:speed><mytracks:length>0.005368672940127965</mytracks:length></extensions></trkpt><trkpt lat="33.6440354577207" lon="130.6825680658141"><ele>16.53301336516326</ele><time>2025-12-22T09:34:53.98600Z</time><extensions><mytracks:speed>3.534547726474427</mytracks:speed><mytracks:gradient>0.03920313908745508</mytracks:gradient><mytracks:length>0.004891701868850897</mytracks:length></extensions></trkpt><trkpt lat="33.64399361358721" lon="130.6825918064541"><ele>17.26117794427363</ele><time>2025-12-22T09:34:58.99500Z</time><extensions><mytracks:speed>3.697878931346467</mytracks:speed><mytracks:gradient>0.1415063521996823</mytracks:gradient><mytracks:length>0.005145808423376213</mytracks:length></extensions></trkpt><trkpt lat="33.64396880323785" lon="130.6826392985016"><ele>16.74799699690042</ele><time>2025-12-22T09:35:03.99900Z</time><extensions><mytracks:speed>3.734024405205202</mytracks:speed><mytracks:length>0.005190278661197702</mytracks:length></extensions></trkpt><trkpt lat="33.64395452484093" lon="130.6826947977191"><ele>16.80211052118701</ele><time>2025-12-22T09:35:09.00100Z</time><extensions><mytracks:speed>3.870899947801401</mytracks:speed><mytracks:gradient>0.01006220689958761</mytracks:gradient><mytracks:length>0.005377898191381191</mytracks:length></extensions></trkpt><trkpt lat="33.64395051901977" lon="130.6827505095027"><ele>15.58370654903898</ele><time>2025-12-22T09:35:14.00300Z</time><extensions><mytracks:speed>3.724857411881603</mytracks:speed><mytracks:length>0.005175497705272991</mytracks:length></extensions></trkpt><trkpt lat="33.64394411939053" lon="130.6828055139176"><ele>14.99635639872272</ele><time>2025-12-22T09:35:18.99900Z</time><extensions><mytracks:speed>3.705002723724753</mytracks:speed><mytracks:length>0.005141427892724948</mytracks:length></extensions></trkpt><trkpt lat="33.64392939288068" lon="130.6828629691242"><ele>14.59052607594524</ele><time>2025-12-22T09:35:23.99900Z</time><extensions><mytracks:speed>4.00634626513319</mytracks:speed><mytracks:length>0.005564860672868391</mytracks:length></extensions></trkpt><trkpt lat="33.64391660636205" lon="130.6829135605389"><ele>15.21809815008615</ele><time>2025-12-22T09:35:28.99800Z</time><extensions><mytracks:speed>3.525035167470461</mytracks:speed><mytracks:gradient>0.1282207768697736</mytracks:gradient><mytracks:length>0.004894464761965198</mytracks:length></extensions></trkpt><trkpt lat="33.64390061477295" lon="130.6829580312928"><ele>15.51595109912264</ele><time>2025-12-22T09:35:33.99400Z</time><extensions><mytracks:speed>3.23056542394215</mytracks:speed><mytracks:gradient>0.06642390464104268</mytracks:gradient><mytracks:length>0.004484122856765191</mytracks:length></extensions></trkpt><trkpt lat="33.64388471674142" lon="130.6830114206456"><ele>15.81798573787241</ele><time>2025-12-22T09:35:38.99500Z</time><extensions><mytracks:speed>3.778305298804001</mytracks:speed><mytracks:gradient>0.0575509318452502</mytracks:gradient><mytracks:length>0.005248127685611048</mytracks:length></extensions></trkpt><trkpt lat="33.64386892222436" lon="130.6830783604846"><ele>15.35899295089141</ele><time>2025-12-22T09:35:44.50300Z</time><extensions><mytracks:speed>4.209787605903129</mytracks:speed><mytracks:length>0.006440924453206615</mytracks:length></extensions></trkpt><trkpt lat="33.64381888529685" lon="130.6832779478563"><ele>17.32530655059963</ele><time>2025-12-22T09:36:06.00000Z</time><extensions><mytracks:speed>3.231271077329182</mytracks:speed><mytracks:gradient>0.1019066967136413</mytracks:gradient><mytracks:length>0.0192952343969463</mytracks:length></extensions></trkpt><trkpt lat="33.64381337760763" lon="130.6833321196046"><ele>18.42588186247865</ele><time>2025-12-22T09:36:10.99100Z</time><extensions><mytracks:speed>3.643287734933971</mytracks:speed><mytracks:gradient>0.2178823817141144</mytracks:gradient><mytracks:length>0.005051235915545901</mytracks:length></extensions></trkpt><trkpt lat="33.64380130559887" lon="130.6833758134295"><ele>18.96436734508548</ele><time>2025-12-22T09:36:15.99300Z</time><extensions><mytracks:speed>3.067316337128378</mytracks:speed><mytracks:gradient>0.1263597495068773</mytracks:gradient><mytracks:length>0.004261526987100609</mytracks:length></extensions></trkpt><trkpt lat="33.64378442574818" lon="130.6834164890384"><ele>20.0374622387685</ele><time>2025-12-22T09:36:20.99600Z</time><extensions><mytracks:speed>3.027940739981762</mytracks:speed><mytracks:gradient>0.2549935135452329</mytracks:gradient><mytracks:length>0.004208322316766156</mytracks:length></extensions></trkpt><trkpt lat="33.64377842413275" lon="130.6834712966835"><ele>19.67458685406654</ele><time>2025-12-22T09:36:25.99700Z</time><extensions><mytracks:speed>3.684451698645152</mytracks:speed><mytracks:length>0.005117708235577029</mytracks:length></extensions></trkpt><trkpt lat="33.64377720157333" lon="130.6835405351953"><ele>20.12630571214732</ele><time>2025-12-22T09:36:30.98700Z</time><extensions><mytracks:speed>4.623841490440132</mytracks:speed><mytracks:gradient>0.07047023303978428</mytracks:gradient><mytracks:length>0.006410066188169943</mytracks:length></extensions></trkpt><trkpt lat="33.6437624077798" lon="130.6835951229442"><ele>20.51740892153981</ele><time>2025-12-22T09:36:36.00700Z</time><extensions><mytracks:speed>3.810205273086247</mytracks:speed><mytracks:gradient>0.07361270644123716</mytracks:gradient><mytracks:length>0.005312985057881227</mytracks:length></extensions></trkpt><trkpt lat="33.64376036931808" lon="130.6836529294635"><ele>20.7246419743697</ele><time>2025-12-22T09:36:41.00300Z</time><extensions><mytracks:speed>3.85885714324303</mytracks:speed><mytracks:gradient>0.03869734945107883</mytracks:gradient><mytracks:length>0.005355226023732698</mytracks:length></extensions></trkpt><trkpt lat="33.64374572713421" lon="130.6837125066226"><ele>20.36092762053469</ele><time>2025-12-22T09:36:45.99500Z</time><extensions><mytracks:speed>4.146694867478955</mytracks:speed><mytracks:length>0.005750446584815199</mytracks:length></extensions></trkpt><trkpt lat="33.64372615557824" lon="130.683764073912"><ele>19.54791854820614</ele><time>2025-12-22T09:36:50.99700Z</time><extensions><mytracks:speed>3.775504697448547</mytracks:speed><mytracks:length>0.005245551074203499</mytracks:length></extensions></trkpt><trkpt lat="33.64371068185229" lon="130.683822960787"><ele>18.50099238284471</ele><time>2025-12-22T09:36:56.00400Z</time><extensions><mytracks:speed>4.110128510195827</mytracks:speed><mytracks:length>0.005715861846617481</mytracks:length></extensions></trkpt><trkpt lat="33.64369166142809" lon="130.6838664402295"><ele>17.72726816321302</ele><time>2025-12-22T09:37:01.00300Z</time><extensions><mytracks:speed>3.274915065737324</mytracks:speed><mytracks:length>0.004547985409580517</mytracks:length></extensions></trkpt><trkpt lat="33.64366289288454" lon="130.6839092458394"><ele>16.56315137760379</ele><time>2025-12-22T09:37:06.00700Z</time><extensions><mytracks:speed>3.663684458649128</mytracks:speed><mytracks:length>0.005092108499560472</mytracks:length></extensions></trkpt><trkpt lat="33.64361989601415" lon="130.6839461682592"><ele>16.55554491699313</ele><time>2025-12-22T09:37:10.99400Z</time><extensions><mytracks:speed>4.242173307999416</mytracks:speed><mytracks:length>0.005877560760723414</mytracks:length></extensions></trkpt><trkpt lat="33.64355371527594" lon="130.6839706940849"><ele>16.35292631609479</ele><time>2025-12-22T09:37:15.99300Z</time><extensions><mytracks:speed>5.546725809258242</mytracks:speed><mytracks:length>0.007700885472678371</mytracks:length></extensions></trkpt><trkpt lat="33.64349632033928" lon="130.6840131842451"><ele>15.8212537239526</ele><time>2025-12-22T09:37:21.00400Z</time><extensions><mytracks:speed>5.385770743234493</mytracks:speed><mytracks:length>0.007496883655769546</mytracks:length></extensions></trkpt><trkpt lat="33.6434457512056" lon="130.6840599148968"><ele>15.17653868670775</ele><time>2025-12-22T09:37:26.00900Z</time><extensions><mytracks:speed>5.102295449138821</mytracks:speed><mytracks:length>0.007094786100892146</mytracks:length></extensions></trkpt><trkpt lat="33.64340206272123" lon="130.6841148969217"><ele>14.64081354219998</ele><time>2025-12-22T09:37:31.01000Z</time><extensions><mytracks:speed>5.065801128886925</mytracks:speed><mytracks:length>0.00703610832945471</mytracks:length></extensions></trkpt><trkpt lat="33.64335423699051" lon="130.6841661744091"><ele>15.44197678276535</ele><time>2025-12-22T09:37:36.00200Z</time><extensions><mytracks:speed>5.139399390176489</mytracks:speed><mytracks:gradient>0.1124007681696341</mytracks:gradient><mytracks:length>0.007127738125030054</mytracks:length></extensions></trkpt><trkpt lat="33.64330661830654" lon="130.6842084242815"><ele>15.177923044745</ele><time>2025-12-22T09:37:41.00100Z</time><extensions><mytracks:speed>4.741104597515948</mytracks:speed><mytracks:length>0.006582789190449098</mytracks:length></extensions></trkpt><trkpt lat="33.64325559752393" lon="130.684248173176"><ele>16.33233881007334</ele><time>2025-12-22T09:37:46.49900Z</time><extensions><mytracks:speed>4.428149904700401</mytracks:speed><mytracks:gradient>0.1707101326559529</mytracks:gradient><mytracks:length>0.0067624325947595</mytracks:length></extensions></trkpt><trkpt lat="33.64319762478255" lon="130.6842775067065"><ele>16.77225281628208</ele><time>2025-12-22T09:37:52.49600Z</time><extensions><mytracks:speed>4.198869021826733</mytracks:speed><mytracks:gradient>0.06288399968830309</mytracks:gradient><mytracks:length>0.006995642904224639</mytracks:length></extensions></trkpt><trkpt lat="33.6431419739124" lon="130.6843039943373"><ele>16.44401765009065</ele><time>2025-12-22T09:37:58.50300Z</time><extensions><mytracks:speed>3.989753757573862</mytracks:speed><mytracks:length>0.006656311763452956</mytracks:length></extensions></trkpt><trkpt lat="33.64310088834005" lon="130.6843357300996"><ele>16.61931137419749</ele><time>2025-12-22T09:38:04.00300Z</time><extensions><mytracks:speed>3.554911426335337</mytracks:speed><mytracks:gradient>0.03227495513420729</mytracks:gradient><mytracks:length>0.00543126158899149</mytracks:length></extensions></trkpt><trkpt lat="33.64305531044485" lon="130.6843787607338"><ele>16.18950167685141</ele><time>2025-12-22T09:38:09.00100Z</time><extensions><mytracks:speed>4.642475766769715</mytracks:speed><mytracks:length>0.006445120951286664</mytracks:length></extensions></trkpt><trkpt lat="33.64300799361774" lon="130.6844127219988"><ele>16.08807233356171</ele><time>2025-12-22T09:38:13.99600Z</time><extensions><mytracks:speed>4.416698871428966</mytracks:speed><mytracks:length>0.006128292250142822</mytracks:length></extensions></trkpt><trkpt lat="33.64295572760285" lon="130.6844066403829"><ele>17.49587802010968</ele><time>2025-12-22T09:38:18.98700Z</time><extensions><mytracks:speed>4.211658796290956</mytracks:speed><mytracks:gradient>0.2410997869731442</mytracks:gradient><mytracks:length>0.00583909966998345</mytracks:length></extensions></trkpt><trkpt lat="33.64289835557296" lon="130.6844171630265"><ele>18.9221069136104</ele><time>2025-12-22T09:38:23.99900Z</time><extensions><mytracks:speed>4.634706709481153</mytracks:speed><mytracks:gradient>0.2210245549886503</mytracks:gradient><mytracks:length>0.006452807442928477</mytracks:length></extensions></trkpt><trkpt lat="33.64284770438042" lon="130.6844347279923"><ele>19.90263688348691</ele><time>2025-12-22T09:38:28.99600Z</time><extensions><mytracks:speed>4.222529600570271</mytracks:speed><mytracks:gradient>0.1673068336939811</mytracks:gradient><mytracks:length>0.005860668977036487</mytracks:length></extensions></trkpt><trkpt lat="33.64279304941501" lon="130.6844534688465"><ele>19.5419183136647</ele><time>2025-12-22T09:38:33.99100Z</time><extensions><mytracks:speed>4.553755363960127</mytracks:speed><mytracks:length>0.006319439971574453</mytracks:length></extensions></trkpt><trkpt lat="33.64273588092954" lon="130.6844625225035"><ele>18.84779744714123</ele><time>2025-12-22T09:38:38.99500Z</time><extensions><mytracks:speed>4.613413125817287</mytracks:speed><mytracks:length>0.006412174878238991</mytracks:length></extensions></trkpt><trkpt lat="33.64268290197731" lon="130.6844771752781"><ele>18.23598991113912</ele><time>2025-12-22T09:38:43.99600Z</time><extensions><mytracks:speed>4.351195136484517</mytracks:speed><mytracks:length>0.006043882599122233</mytracks:length></extensions></trkpt><trkpt lat="33.64262166544145" lon="130.6844790996876"><ele>17.95120797714998</ele><time>2025-12-22T09:38:49.00100Z</time><extensions><mytracks:speed>4.898545343287952</mytracks:speed><mytracks:length>0.00681090467464184</mytracks:length></extensions></trkpt><trkpt lat="33.64257915602511" lon="130.6845078889012"><ele>18.78147444010584</ele><time>2025-12-22T09:38:54.00400Z</time><extensions><mytracks:speed>3.90456118062225</mytracks:speed><mytracks:gradient>0.1530083777812711</mytracks:gradient><mytracks:length>0.005426281063790835</mytracks:length></extensions></trkpt><trkpt lat="33.64255800936037" lon="130.6845767448317"><ele>20.60911545461171</ele><time>2025-12-22T09:38:59.00100Z</time><extensions><mytracks:speed>4.894792363784821</mytracks:speed><mytracks:gradient>0.269020756650904</mytracks:gradient><mytracks:length>0.006793680299091266</mytracks:length></extensions></trkpt><trkpt lat="33.64258449072775" lon="130.6846606368899"><ele>18.66884047797138</ele><time>2025-12-22T09:39:03.99500Z</time><extensions><mytracks:speed>5.986184736403072</mytracks:speed><mytracks:length>0.008305075300778279</mytracks:length></extensions></trkpt><trkpt lat="33.64262419857083" lon="130.6847366013945"><ele>17.26869097334887</ele><time>2025-12-22T09:39:08.99400Z</time><extensions><mytracks:speed>5.97954089818405</mytracks:speed><mytracks:length>0.00830344733343915</mytracks:length></extensions></trkpt><trkpt lat="33.64260001979346" lon="130.684793188626"><ele>16.78908930705485</ele><time>2025-12-22T09:39:14.00600Z</time><extensions><mytracks:speed>4.228820530742839</mytracks:speed><mytracks:length>0.005887519489258123</mytracks:length></extensions></trkpt><trkpt lat="33.64254976109372" lon="130.6848315005241"><ele>16.6461857671453</ele><time>2025-12-22T09:39:18.99300Z</time><extensions><mytracks:speed>4.777004874443437</mytracks:speed><mytracks:length>0.00661760997465763</mytracks:length></extensions></trkpt><trkpt lat="33.64249139190412" lon="130.68485956557"><ele>16.6429627567797</ele><time>2025-12-22T09:39:23.99500Z</time><extensions><mytracks:speed>5.032319105155132</mytracks:speed><mytracks:length>0.006991132287965181</mytracks:length></extensions></trkpt><trkpt lat="33.64241896351397" lon="130.6848594314406"><ele>18.14022433256943</ele><time>2025-12-22T09:39:29.00000Z</time><extensions><mytracks:speed>5.792422129182231</mytracks:speed><mytracks:gradient>0.1859063440313717</mytracks:gradient><mytracks:length>0.008053848746211012</mytracks:length></extensions></trkpt><trkpt lat="33.64235210422412" lon="130.6848715226284"><ele>18.95152232754273</ele><time>2025-12-22T09:39:34.00300Z</time><extensions><mytracks:speed>5.409435419846998</mytracks:speed><mytracks:gradient>0.1079156136064575</mytracks:gradient><mytracks:length>0.007517892618689157</mytracks:length></extensions></trkpt><trkpt lat="33.6423125567978" lon="130.6849116804918"><ele>18.15048525789386</ele><time>2025-12-22T09:39:39.00400Z</time><extensions><mytracks:speed>4.144546902802975</mytracks:speed><mytracks:length>0.005757495143029809</mytracks:length></extensions></trkpt><trkpt lat="33.64229064781693" lon="130.6849677400232"><ele>18.25097986115977</ele><time>2025-12-22T09:39:44.00400Z</time><extensions><mytracks:speed>4.128094430088167</mytracks:speed><mytracks:gradient>0.01752859636481672</mytracks:gradient><mytracks:length>0.005733180294323134</mytracks:length></extensions></trkpt><trkpt lat="33.64225052811283" lon="130.6850089698147"><ele>17.44767528176908</ele><time>2025-12-22T09:39:49.00200Z</time><extensions><mytracks:speed>4.229815214538371</mytracks:speed><mytracks:length>0.005872191372937051</mytracks:length></extensions></trkpt><trkpt lat="33.64219774869073" lon="130.6850307498286"><ele>18.05537847814171</ele><time>2025-12-22T09:39:54.49400Z</time><extensions><mytracks:speed>4.067488555185879</mytracks:speed><mytracks:gradient>0.09792585146163514</mytracks:gradient><mytracks:length>0.006205748403532767</mytracks:length></extensions></trkpt><trkpt lat="33.64214129663426" lon="130.6850518730066"><ele>18.79157724503875</ele><time>2025-12-22T09:39:59.99900Z</time><extensions><mytracks:speed>4.300174061670564</mytracks:speed><mytracks:gradient>0.1119650578007286</mytracks:gradient><mytracks:length>0.006575254649600626</mytracks:length></extensions></trkpt><trkpt lat="33.64209635744606" lon="130.6850901050865"><ele>17.89153746311433</ele><time>2025-12-22T09:40:05.00800Z</time><extensions><mytracks:speed>4.401626865281385</mytracks:speed><mytracks:length>0.006123878643340445</mytracks:length></extensions></trkpt><trkpt lat="33.64204757231271" lon="130.6851399007198"><ele>16.06145004528182</ele><time>2025-12-22T09:40:10.00600Z</time><extensions><mytracks:speed>5.1269667628704</mytracks:speed><mytracks:length>0.00711824838826298</mytracks:length></extensions></trkpt><trkpt lat="33.64199878301557" lon="130.6851815486806"><ele>14.96870533812649</ele><time>2025-12-22T09:40:15.00400Z</time><extensions><mytracks:speed>4.793846338338777</mytracks:speed><mytracks:length>0.006654957615994441</mytracks:length></extensions></trkpt><trkpt lat="33.64194571321453" lon="130.6852191060259"><ele>13.87294520499718</ele><time>2025-12-22T09:40:20.00200Z</time><extensions><mytracks:speed>4.932497422018727</mytracks:speed><mytracks:length>0.00684917219183837</mytracks:length></extensions></trkpt><trkpt lat="33.64189464711747" lon="130.6852521868063"><ele>14.09102034609572</ele><time>2025-12-22T09:40:24.99900Z</time><extensions><mytracks:speed>4.647660301836432</mytracks:speed><mytracks:gradient>0.03380636740614353</mytracks:gradient><mytracks:length>0.006450712035358071</mytracks:length></extensions></trkpt><trkpt lat="33.64183843032984" lon="130.685266961159"><ele>15.05187096390137</ele><time>2025-12-22T09:40:29.99300Z</time><extensions><mytracks:speed>4.612326610952137</mytracks:speed><mytracks:gradient>0.1501774033819975</mytracks:gradient><mytracks:length>0.006398103817000887</mytracks:length></extensions></trkpt><trkpt lat="33.64177468921025" lon="130.6852622991757"><ele>17.36372056764327</ele><time>2025-12-22T09:40:34.99300Z</time><extensions><mytracks:speed>5.112165523606961</mytracks:speed><mytracks:gradient>0.3256187841819633</mytracks:gradient><mytracks:length>0.007099865597587854</mytracks:length></extensions></trkpt><trkpt lat="33.64171426339346" lon="130.6852899173827"><ele>17.7959104666491</ele><time>2025-12-22T09:40:39.99700Z</time><extensions><mytracks:speed>5.171741047397813</mytracks:speed><mytracks:gradient>0.0601146307110812</mytracks:gradient><mytracks:length>0.007189429493179325</mytracks:length></extensions></trkpt><trkpt lat="33.64166218992086" lon="130.6853207881898"><ele>17.26417993293699</ele><time>2025-12-22T09:40:44.99700Z</time><extensions><mytracks:speed>4.649291672607888</mytracks:speed><mytracks:length>0.006456996218081015</mytracks:length></extensions></trkpt><trkpt lat="33.64160860914362" lon="130.6853596594752"><ele>17.08787369851785</ele><time>2025-12-22T09:40:49.99900Z</time><extensions><mytracks:speed>5.009201260658427</mytracks:speed><mytracks:length>0.006960123601591733</mytracks:length></extensions></trkpt><trkpt lat="33.64155891496149" lon="130.68539207604"><ele>16.18171752434466</ele><time>2025-12-22T09:40:54.99800Z</time><extensions><mytracks:speed>4.527595894325003</mytracks:speed><mytracks:length>0.006286552064330475</mytracks:length></extensions></trkpt><trkpt lat="33.64150622858378" lon="130.6854156112108"><ele>16.83396578237675</ele><time>2025-12-22T09:40:59.99400Z</time><extensions><mytracks:speed>4.502665838624875</mytracks:speed><mytracks:gradient>0.1043616066815947</mytracks:gradient><mytracks:length>0.006249887087519509</mytracks:length></extensions></trkpt><trkpt lat="33.64145090670645" lon="130.6854413172442"><ele>17.87817197157236</ele><time>2025-12-22T09:41:04.99100Z</time><extensions><mytracks:speed>4.752471517985509</mytracks:speed><mytracks:gradient>0.1583142091572226</mytracks:gradient><mytracks:length>0.006595783124928496</mytracks:length></extensions></trkpt><trkpt lat="33.64140167203648" lon="130.6854573024265"><ele>18.32862195219949</ele><time>2025-12-22T09:41:10.00100Z</time><extensions><mytracks:speed>4.075324177903607</mytracks:speed><mytracks:gradient>0.0794228707752547</mytracks:gradient><mytracks:length>0.005671539900663953</mytracks:length></extensions></trkpt><trkpt lat="33.64135986966683" lon="130.6855030837957"><ele>18.43338830301452</ele><time>2025-12-22T09:41:15.00000Z</time><extensions><mytracks:speed>4.529515034353468</mytracks:speed><mytracks:gradient>0.01665565970262704</mytracks:gradient><mytracks:length>0.006290135166396445</mytracks:length></extensions></trkpt><trkpt lat="33.64131892697431" lon="130.6855454617079"><ele>18.13616720744682</ele><time>2025-12-22T09:41:19.99500Z</time><extensions><mytracks:speed>4.329795246622019</mytracks:speed><mytracks:length>0.006007986913565771</mytracks:length></extensions></trkpt><trkpt lat="33.64127103191677" lon="130.6855838759759"><ele>17.49155331993779</ele><time>2025-12-22T09:41:25.00000Z</time><extensions><mytracks:speed>4.606170696121039</mytracks:speed><mytracks:length>0.006403735951733213</mytracks:length></extensions></trkpt><trkpt lat="33.64122184905472" lon="130.6856220476118"><ele>16.82180164259412</ele><time>2025-12-22T09:41:30.00000Z</time><extensions><mytracks:speed>4.687939682366723</mytracks:speed><mytracks:length>0.006511205080682406</mytracks:length></extensions></trkpt><trkpt lat="33.64117601691131" lon="130.6856566428204"><ele>16.27310913432693</ele><time>2025-12-22T09:41:34.99900Z</time><extensions><mytracks:speed>4.334788173766897</mytracks:speed><mytracks:length>0.006019227310508881</mytracks:length></extensions></trkpt><trkpt lat="33.64113434560831" lon="130.6856938078098"><ele>15.93601986325891</ele><time>2025-12-22T09:41:40.00500Z</time><extensions><mytracks:speed>4.150520357005551</mytracks:speed><mytracks:length>0.005771566435241819</mytracks:length></extensions></trkpt><trkpt lat="33.64109491891226" lon="130.6857114531981"><ele>17.07175680759506</ele><time>2025-12-22T09:41:45.01100Z</time><extensions><mytracks:speed>3.365371685974996</mytracks:speed><mytracks:gradient>0.2427371664305898</mytracks:gradient><mytracks:length>0.004678875349156371</mytracks:length></extensions></trkpt><trkpt lat="33.6409413042763" lon="130.6860020885429"><ele>22.26640158332884</ele><time>2025-12-22T09:42:20.00000Z</time><extensions><mytracks:speed>3.27894056714602</mytracks:speed><mytracks:gradient>0.1629991904245838</mytracks:gradient><mytracks:length>0.03186914463932403</mytracks:length></extensions></trkpt><trkpt lat="33.64094432141408" lon="130.685914164665"><ele>22.80321045356865</ele><time>2025-12-22T09:45:24.59900Z</time><extensions><mytracks:speed>0.158865065983674</mytracks:speed><mytracks:gradient>0.06589683641989359</mytracks:gradient><mytracks:length>0.008146200931699848</mytracks:length></extensions></trkpt><trkpt lat="33.64087909077604" lon="130.6857977261019"><ele>23.33110967371613</ele><time>2025-12-22T09:49:48.00000Z</time><extensions><mytracks:speed>0.1775705550023964</mytracks:speed><mytracks:gradient>0.04063179491664044</mytracks:gradient><mytracks:length>0.01299226926180606</mytracks:length></extensions></trkpt><trkpt lat="33.64061537665509" lon="130.6859158193598"><ele>23.28070877430542</ele><time>2025-12-22T09:49:53.19900Z</time><extensions><mytracks:speed>21.66901590379236</mytracks:speed><mytracks:length>0.03129540333524453</mytracks:length></extensions></trkpt><trkpt lat="33.64021264659434" lon="130.6860807652217"><ele>22.2117098260468</ele><time>2025-12-22T09:49:59.00900Z</time><extensions><mytracks:speed>29.3169819952638</mytracks:speed><mytracks:length>0.04731331810764833</mytracks:length></extensions></trkpt><trkpt lat="33.63982204171116" lon="130.686149846091"><ele>20.58743960677306</ele><time>2025-12-22T09:50:04.00700Z</time><extensions><mytracks:speed>31.61870979369012</mytracks:speed><mytracks:length>0.04390149389750338</mytracks:length></extensions></trkpt><trkpt lat="33.63934533299097" lon="130.6861933564699"><ele>19.63822128996253</ele><time>2025-12-22T09:50:09.99900Z</time><extensions><mytracks:speed>31.93782339024791</mytracks:speed><mytracks:length>0.05316029143750355</mytracks:length></extensions></trkpt><trkpt lat="33.63898801003383" lon="130.6862224549515"><ele>18.8373631969269</ele><time>2025-12-22T09:50:15.08400Z</time><extensions><mytracks:speed>28.19573369104641</mytracks:speed><mytracks:length>0.03982374503508284</mytracks:length></extensions></trkpt><trkpt lat="33.63852418590384" lon="130.6862708564869"><ele>19.15989290976289</ele><time>2025-12-22T09:50:21.07000Z</time><extensions><mytracks:speed>31.13239453282654</mytracks:speed><mytracks:gradient>0.006230150634646818</mytracks:gradient><mytracks:length>0.0517691676734674</mytracks:length></extensions></trkpt><trkpt lat="33.63802060960063" lon="130.6863399174896"><ele>17.74141256697476</ele><time>2025-12-22T09:50:26.99900Z</time><extensions><mytracks:speed>34.22109330166644</mytracks:speed><mytracks:length>0.05635895351943384</mytracks:length></extensions></trkpt><trkpt lat="33.63770769996473" lon="130.6863702569931"><ele>16.4186419485108</ele><time>2025-12-22T09:50:32.12000Z</time><extensions><mytracks:speed>24.5391279412759</mytracks:speed><mytracks:length>0.03490715524699625</mytracks:length></extensions></trkpt><trkpt lat="33.63743590994255" lon="130.6864238586467"><ele>16.18877217694082</ele><time>2025-12-22T09:50:38.01400Z</time><extensions><mytracks:speed>18.70825300925863</mytracks:speed><mytracks:length>0.03062645671766747</mytracks:length></extensions></trkpt><trkpt lat="33.6373457094287" lon="130.6864392213351"><ele>16.22842651929782</ele><time>2025-12-22T09:50:46.60400Z</time><extensions><mytracks:speed>4.245452035141081</mytracks:speed><mytracks:gradient>0.003914510336734244</mytracks:gradient><mytracks:length>0.01013009008684587</mytracks:length></extensions></trkpt><trkpt lat="33.63718615285863" lon="130.6864171153643"><ele>17.44369749166071</ele><time>2025-12-22T09:51:44.99900Z</time><extensions><mytracks:speed>1.101003376257453</mytracks:speed><mytracks:gradient>0.0680463955633224</mytracks:gradient><mytracks:length>0.01785944666579713</mytracks:length></extensions></trkpt><trkpt lat="33.63694213730763" lon="130.6865083720501"><ele>16.45971947467126</ele><time>2025-12-22T09:51:49.96100Z</time><extensions><mytracks:speed>20.61930313372403</mytracks:speed><mytracks:length>0.02841818016581335</mytracks:length></extensions></trkpt><trkpt lat="33.63652785244969" lon="130.6865118378994"><ele>17.59288617540136</ele><time>2025-12-22T09:51:55.13400Z</time><extensions><mytracks:speed>32.06159527225325</mytracks:speed><mytracks:gradient>0.02459796710066751</mytracks:gradient><mytracks:length>0.04606749395560227</mytracks:length></extensions></trkpt><trkpt lat="33.63604308743039" lon="130.686572153247"><ele>18.19864063595192</ele><time>2025-12-22T09:52:00.87000Z</time><extensions><mytracks:speed>34.01156166738554</mytracks:speed><mytracks:gradient>0.01117796398355979</mytracks:gradient><mytracks:length>0.05419184222113066</mytracks:length></extensions></trkpt><trkpt lat="33.63563690408657" lon="130.6866223737851"><ele>18.14261107147766</ele><time>2025-12-22T09:52:05.83100Z</time><extensions><mytracks:speed>32.94439422629837</mytracks:speed><mytracks:length>0.04540428881674996</mytracks:length></extensions></trkpt><trkpt lat="33.63517959918518" lon="130.6867092246515"><ele>20.1625877934949</ele><time>2025-12-22T09:52:11.37700Z</time><extensions><mytracks:speed>33.42111076811508</mytracks:speed><mytracks:gradient>0.03923670666431107</mytracks:gradient><mytracks:length>0.05148181113412782</mytracks:length></extensions></trkpt><trkpt lat="33.63468993101461" lon="130.686756214684"><ele>21.8111144276907</ele><time>2025-12-22T09:52:17.00200Z</time><extensions><mytracks:speed>34.95571461280706</mytracks:speed><mytracks:gradient>0.03018056443900959</mytracks:gradient><mytracks:length>0.05462212734712863</mytracks:length></extensions></trkpt><trkpt lat="33.63414350567651" lon="130.6868127484092"><ele>21.62437720441035</ele><time>2025-12-22T09:52:22.92400Z</time><extensions><mytracks:speed>37.07081535787686</mytracks:speed><mytracks:length>0.06098467973555158</mytracks:length></extensions></trkpt><trkpt lat="33.63366248080647" lon="130.6868767197732"><ele>20.82144768423844</ele><time>2025-12-22T09:52:28.16100Z</time><extensions><mytracks:speed>36.99604670239886</mytracks:speed><mytracks:length>0.05381441509829416</mytracks:length></extensions></trkpt><trkpt lat="33.63311644691014" lon="130.6869491672583"><ele>18.92103688864474</ele><time>2025-12-22T09:52:34.02200Z</time><extensions><mytracks:speed>37.5211263088267</mytracks:speed><mytracks:length>0.06108553450204589</mytracks:length></extensions></trkpt><trkpt lat="33.63266512242672" lon="130.6870164662289"><ele>17.98178409039985</ele><time>2025-12-22T09:52:39.00100Z</time><extensions><mytracks:speed>36.5620584419221</mytracks:speed><mytracks:length>0.05057031431070315</mytracks:length></extensions></trkpt><trkpt lat="33.63227770010746" lon="130.6870693889371"><ele>17.12102590403353</ele><time>2025-12-22T09:52:43.98200Z</time><extensions><mytracks:speed>31.33968134959707</mytracks:speed><mytracks:length>0.04335696201413466</mytracks:length></extensions></trkpt><trkpt lat="33.63194827461059" lon="130.6870996935524"><ele>17.53766236997678</ele><time>2025-12-22T09:52:49.00900Z</time><extensions><mytracks:speed>26.30915212004021</mytracks:speed><mytracks:gradient>0.01134082621201314</mytracks:gradient><mytracks:length>0.03673775244892703</mytracks:length></extensions></trkpt><trkpt lat="33.63182458698812" lon="130.6871127564648"><ele>18.8419461706576</ele><time>2025-12-22T09:52:53.98400Z</time><extensions><mytracks:speed>9.99045087671967</mytracks:speed><mytracks:gradient>0.09447120695907704</mytracks:gradient><mytracks:length>0.01380615155309508</mytracks:length></extensions></trkpt><trkpt lat="33.63182674687098" lon="130.6871122210439"><ele>20.54530380098451</ele><time>2025-12-22T09:52:59.49100Z</time><extensions><mytracks:speed>0.1520048858016521</mytracks:speed><mytracks:gradient>7.324913446614551</mytracks:gradient><mytracks:length>0.0002325430385957901</mytracks:length></extensions></trkpt><trkpt lat="33.63180137512442" lon="130.6871130036262"><ele>20.81640150498168</ele><time>2025-12-22T09:53:05.58200Z</time><extensions><mytracks:speed>1.666375792744334</mytracks:speed><mytracks:gradient>0.0961532192213216</mytracks:gradient><mytracks:length>0.002819434504560535</mytracks:length></extensions></trkpt><trkpt lat="33.63165781524939" lon="130.6871175953393"><ele>21.59761988278478</ele><time>2025-12-22T09:53:31.99900Z</time><extensions><mytracks:speed>2.176140673591129</mytracks:speed><mytracks:gradient>0.04892125153395573</mytracks:gradient><mytracks:length>0.01596889599729205</mytracks:length></extensions></trkpt><trkpt lat="33.6314873487112" lon="130.6871203175786"><ele>20.33302682917565</ele><time>2025-12-22T09:53:42.99900Z</time><extensions><mytracks:speed>6.203918426180666</mytracks:speed><mytracks:length>0.01895641823506838</mytracks:length></extensions></trkpt><trkpt lat="33.63137240346985" lon="130.6871065004944"><ele>20.04534709546715</ele><time>2025-12-22T09:53:56.99900Z</time><extensions><mytracks:speed>3.302934843613125</mytracks:speed><mytracks:length>0.01284471423983083</mytracks:length></extensions></trkpt><trkpt lat="33.63125555240902" lon="130.6871321877176"><ele>19.57990139372979</ele><time>2025-12-22T09:54:01.99800Z</time><extensions><mytracks:speed>9.513739113191845</mytracks:speed><mytracks:length>0.01320897681030622</mytracks:length></extensions></trkpt><trkpt lat="33.63118015468704" lon="130.6870816267771"><ele>19.9240330902215</ele><time>2025-12-22T09:54:06.95800Z</time><extensions><mytracks:speed>6.969143716722522</mytracks:speed><mytracks:gradient>0.03583751727579215</mytracks:gradient><mytracks:length>0.009602554045342909</mytracks:length></extensions></trkpt><trkpt lat="33.63111253118249" lon="130.6867950931487"><ele>19.72942882388248</ele><time>2025-12-22T09:54:12.00000Z</time><extensions><mytracks:speed>19.68657529450142</mytracks:speed><mytracks:length>0.02757327047972062</mytracks:length></extensions></trkpt><trkpt lat="33.63106409543838" lon="130.6863383130163"><ele>19.29790405417604</ele><time>2025-12-22T09:54:17.04700Z</time><extensions><mytracks:speed>30.40860687929566</mytracks:speed><mytracks:length>0.04263165720869148</mytracks:length></extensions></trkpt><trkpt lat="33.63102097114975" lon="130.6858101860725"><ele>18.59659477063071</ele><time>2025-12-22T09:54:22.99800Z</time><extensions><mytracks:speed>29.72299565933863</mytracks:speed><mytracks:length>0.04913018617641026</mytracks:length></extensions></trkpt><trkpt lat="33.63097333435699" lon="130.6853331560228"><ele>19.32281691682399</ele><time>2025-12-22T09:54:27.96100Z</time><extensions><mytracks:speed>32.26281290976083</mytracks:speed><mytracks:gradient>0.0163263422840698</mytracks:gradient><mytracks:length>0.04448161955430056</mytracks:length></extensions></trkpt><trkpt lat="33.6309409075262" lon="130.6847408182847"><ele>21.02105592616097</ele><time>2025-12-22T09:54:33.02900Z</time><extensions><mytracks:speed>39.04254675627774</mytracks:speed><mytracks:gradient>0.03090010149522689</mytracks:gradient><mytracks:length>0.05495901072037921</mytracks:length></extensions></trkpt><trkpt lat="33.63088994311472" lon="130.6841613851122"><ele>21.4888945220895</ele><time>2025-12-22T09:54:38.01900Z</time><extensions><mytracks:speed>38.92081582813136</mytracks:speed><mytracks:gradient>0.008672595732744074</mytracks:gradient><mytracks:length>0.05394447179892962</mytracks:length></extensions></trkpt><trkpt lat="33.63082860728186" lon="130.6836659981298"><ele>19.65170241049631</ele><time>2025-12-22T09:54:43.00200Z</time><extensions><mytracks:speed>33.49622806678202</mytracks:speed><mytracks:length>0.04636896916196184</mytracks:length></extensions></trkpt><trkpt lat="33.63078296926371" lon="130.6832419574561"><ele>17.62456622719765</ele><time>2025-12-22T09:54:51.99900Z</time><extensions><mytracks:speed>15.83929234654882</mytracks:speed><mytracks:length>0.0395858563982464</mytracks:length></extensions></trkpt><trkpt lat="33.63075141490195" lon="130.6829433787085"><ele>18.04414223168406</ele><time>2025-12-22T09:54:56.99300Z</time><extensions><mytracks:speed>20.08971536263101</mytracks:speed><mytracks:gradient>0.01505732147339347</mytracks:gradient><mytracks:length>0.02786524849242319</mytracks:length></extensions></trkpt><trkpt lat="33.63071789018577" lon="130.6827842053756"><ele>18.23069476752505</ele><time>2025-12-22T09:55:02.00000Z</time><extensions><mytracks:speed>10.92789367022386</mytracks:speed><mytracks:gradient>0.01227245271423068</mytracks:gradient><mytracks:length>0.0152009170607496</mytracks:length></extensions></trkpt><trkpt lat="33.63057421732788" lon="130.68279070837"><ele>18.20569381304085</ele><time>2025-12-22T09:55:09.99900Z</time><extensions><mytracks:speed>7.194971319888672</mytracks:speed><mytracks:length>0.0159866644473675</mytracks:length></extensions></trkpt><trkpt lat="33.6302469376318" lon="130.682860627971"><ele>17.73110431815033</ele><time>2025-12-22T09:55:15.49100Z</time><extensions><mytracks:speed>24.22996846267902</mytracks:speed><mytracks:length>0.03696312866902559</mytracks:length></extensions></trkpt><trkpt lat="33.62990666289785" lon="130.6829182605027"><ele>17.54262835138767</ele><time>2025-12-22T09:55:20.51200Z</time><extensions><mytracks:speed>27.39653937529856</mytracks:speed><mytracks:length>0.03821107415029811</mytracks:length></extensions></trkpt><trkpt lat="33.62977949472537" lon="130.6829377837388"><ele>16.69276819260464</ele><time>2025-12-22T09:55:25.49900Z</time><extensions><mytracks:speed>10.29048219450963</mytracks:speed><mytracks:length>0.01425579236054213</mytracks:length></extensions></trkpt><trkpt lat="33.6297780879167" lon="130.6829302263894"><ele>17.23551154482013</ele><time>2025-12-22T09:55:30.49600Z</time><extensions><mytracks:speed>0.5163920516173447</mytracks:speed><mytracks:gradient>0.7572327121665656</mytracks:gradient><mytracks:length>0.0007167457817064221</mytracks:length></extensions></trkpt><trkpt lat="33.62977092721707" lon="130.6829273260543"><ele>17.45459254582334</ele><time>2025-12-22T09:55:35.49900Z</time><extensions><mytracks:speed>0.6071269846006792</mytracks:speed><mytracks:gradient>0.2596351292221546</mytracks:gradient><mytracks:length>0.0008438033853876242</mytracks:length></extensions></trkpt><trkpt lat="33.62976796194648" lon="130.6829288774019"><ele>17.34171126518002</ele><time>2025-12-22T09:55:40.50100Z</time><extensions><mytracks:speed>0.2556774463597417</mytracks:speed><mytracks:length>0.0003552153589000818</mytracks:length></extensions></trkpt><trkpt lat="33.62961923119777" lon="130.6829564691381"><ele>17.55583130382001</ele><time>2025-12-22T09:55:55.00000Z</time><extensions><mytracks:speed>4.155096511117664</mytracks:speed><mytracks:gradient>0.01279534439746671</mytracks:gradient><mytracks:length>0.01673421456966723</mytracks:length></extensions></trkpt><trkpt lat="33.62929802898871" lon="130.6830014529447"><ele>16.38823529431462</ele><time>2025-12-22T09:56:00.01200Z</time><extensions><mytracks:speed>25.82498706183044</mytracks:speed><mytracks:length>0.03595817750510451</mytracks:length></extensions></trkpt><trkpt lat="33.62887801224308" lon="130.6830607528236"><ele>16.64652675024955</ele><time>2025-12-22T09:56:04.96900Z</time><extensions><mytracks:speed>34.14957861502615</mytracks:speed><mytracks:gradient>0.005492597640187551</mytracks:gradient><mytracks:length>0.04702537357644695</mytracks:length></extensions></trkpt><trkpt lat="33.62838095382293" lon="130.6831357397752"><ele>17.14220283996142</ele><time>2025-12-22T09:56:10.02600Z</time><extensions><mytracks:speed>39.66259851108999</mytracks:speed><mytracks:gradient>0.008898268886312637</mytracks:gradient><mytracks:length>0.0557047776421235</mytracks:length></extensions></trkpt><trkpt lat="33.62785527626538" lon="130.6832071574668"><ele>17.13520067026214</ele><time>2025-12-22T09:56:15.00400Z</time><extensions><mytracks:speed>42.53501956306229</mytracks:speed><mytracks:length>0.05882549892992519</mytracks:length></extensions></trkpt><trkpt lat="33.62732717988587" lon="130.6832794818806"><ele>17.17558891983945</ele><time>2025-12-22T09:56:19.99000Z</time><extensions><mytracks:speed>42.67881783767427</mytracks:speed><mytracks:gradient>0.0006833633399718187</mytracks:gradient><mytracks:length>0.05910216017584053</mytracks:length></extensions></trkpt><trkpt lat="33.62677960687669" lon="130.6833386384068"><ele>17.71626130282028</ele><time>2025-12-22T09:56:24.99300Z</time><extensions><mytracks:speed>43.98195652309295</mytracks:speed><mytracks:gradient>0.008844184195643222</mytracks:gradient><mytracks:length>0.06113309843175511</mytracks:length></extensions></trkpt><trkpt lat="33.62611528551083" lon="130.6833331205296"><ele>18.55507560556592</ele><time>2025-12-22T09:56:30.94500Z</time><extensions><mytracks:speed>44.68255222565901</mytracks:speed><mytracks:gradient>0.01135513111197991</mytracks:gradient><mytracks:length>0.0738709482500534</mytracks:length></extensions></trkpt><trkpt lat="33.62557993718053" lon="130.6832618329682"><ele>20.07953802297379</ele><time>2025-12-22T09:56:36.00900Z</time><extensions><mytracks:speed>42.58000138821398</mytracks:speed><mytracks:gradient>0.02545314589435333</mytracks:gradient><mytracks:length>0.05989288804359805</mytracks:length></extensions></trkpt><trkpt lat="33.62514406368352" lon="130.6831760425789"><ele>20.55757997162114</ele><time>2025-12-22T09:56:41.01800Z</time><extensions><mytracks:speed>35.29788483691894</mytracks:speed><mytracks:gradient>0.009733414395743691</mytracks:gradient><mytracks:length>0.04911348980028946</mytracks:length></extensions></trkpt><trkpt lat="33.62482493587204" lon="130.6831221942285"><ele>21.08523814802825</ele><time>2025-12-22T09:56:46.00300Z</time><extensions><mytracks:speed>25.87824721887458</mytracks:speed><mytracks:gradient>0.01472506246148827</mytracks:gradient><mytracks:length>0.03583401956950213</mytracks:length></extensions></trkpt><trkpt lat="33.62474844846734" lon="130.6831173277208"><ele>19.92947332391576</ele><time>2025-12-22T09:56:50.99700Z</time><extensions><mytracks:speed>6.140114230304166</mytracks:speed><mytracks:length>0.008517236008727034</mytracks:length></extensions></trkpt><trkpt lat="33.62473315093202" lon="130.6831222100311"><ele>19.44174216644655</ele><time>2025-12-22T09:57:07.83200Z</time><extensions><mytracks:speed>0.3759671366813507</mytracks:speed><mytracks:length>0.001758226323419033</mytracks:length></extensions></trkpt><trkpt lat="33.62459604806193" lon="130.6831086263207"><ele>19.72266621515155</ele><time>2025-12-22T09:58:22.00000Z</time><extensions><mytracks:speed>0.7424965928243213</mytracks:speed><mytracks:gradient>0.01836469687731508</mytracks:gradient><mytracks:length>0.0152969608255286</mytracks:length></extensions></trkpt><trkpt lat="33.62436813132041" lon="130.6829101142082"><ele>20.19800658292921</ele><time>2025-12-22T09:58:27.50500Z</time><extensions><mytracks:speed>20.47131656332789</mytracks:speed><mytracks:gradient>0.01518337567070821</mytracks:gradient><mytracks:length>0.03130663286522568</mytracks:length></extensions></trkpt><trkpt lat="33.62429170414384" lon="130.6825319124225"><ele>20.86345401756819</ele><time>2025-12-22T09:58:32.48700Z</time><extensions><mytracks:speed>26.0402691857429</mytracks:speed><mytracks:gradient>0.01846705965113047</mytracks:gradient><mytracks:length>0.0360342928008164</mytracks:length></extensions></trkpt><trkpt lat="33.62425076379822" lon="130.6823380965687"><ele>21.34045635831934</ele><time>2025-12-22T09:58:37.49700Z</time><extensions><mytracks:speed>13.30396262516791</mytracks:speed><mytracks:gradient>0.02576429185847066</mytracks:gradient><mytracks:length>0.0185140869918504</mytracks:length></extensions></trkpt><trkpt lat="33.62423997233751" lon="130.6822995106576"><ele>21.90458098868433</ele><time>2025-12-22T09:58:49.60200Z</time><extensions><mytracks:speed>1.120408554126457</mytracks:speed><mytracks:gradient>0.1497293933838189</mytracks:gradient><mytracks:length>0.003767627835897971</mytracks:length></extensions></trkpt><trkpt lat="33.62422937516563" lon="130.6821362812843"><ele>21.80596292391419</ele><time>2025-12-22T09:59:21.99900Z</time><extensions><mytracks:speed>1.684508082226276</mytracks:speed><mytracks:length>0.0151590595771968</mytracks:length></extensions></trkpt><trkpt lat="33.62419077411604" lon="130.6817426812889"><ele>22.91946983729752</ele><time>2025-12-22T09:59:27.50900Z</time><extensions><mytracks:speed>23.97743013304999</mytracks:speed><mytracks:gradient>0.03034438038144981</mytracks:gradient><mytracks:length>0.03669565499066971</mytracks:length></extensions></trkpt><trkpt lat="33.62413042447179" lon="130.6812326389894"><ele>22.30338340325644</ele><time>2025-12-22T09:59:32.50600Z</time><extensions><mytracks:speed>34.36276371802921</mytracks:speed><mytracks:length>0.04769948444189131</mytracks:length></extensions></trkpt><trkpt lat="33.62406214769295" lon="130.680623512107"><ele>21.64233957680153</ele><time>2025-12-22T09:59:37.49700Z</time><extensions><mytracks:speed>41.04742793449014</mytracks:speed><mytracks:length>0.05690814855315002</mytracks:length></extensions></trkpt><trkpt lat="33.623975589513" lon="130.6799180922313"><ele>20.83013888852866</ele><time>2025-12-22T09:59:42.50100Z</time><extensions><mytracks:speed>47.50097653699682</mytracks:speed><mytracks:length>0.06602072560790641</mytracks:length></extensions></trkpt><trkpt lat="33.62388367647581" lon="130.679176199326"><ele>20.27637870405717</ele><time>2025-12-22T09:59:47.51100Z</time><extensions><mytracks:speed>49.90001735278546</mytracks:speed><mytracks:length>0.06944872314505542</mytracks:length></extensions></trkpt><trkpt lat="33.62378933400427" lon="130.6784343533759"><ele>21.21374973767725</ele><time>2025-12-22T09:59:52.50100Z</time><extensions><mytracks:speed>50.12258816753824</mytracks:speed><mytracks:gradient>0.01349033028223081</mytracks:gradient><mytracks:length>0.06948466153232521</mytracks:length></extensions></trkpt><trkpt lat="33.62369199028443" lon="130.6776818099467"><ele>22.7113477620261</ele><time>2025-12-22T09:59:57.50300Z</time><extensions><mytracks:speed>50.75115037347173</mytracks:speed><mytracks:gradient>0.02123817668454654</mytracks:gradient><mytracks:length>0.0705144347649458</mytracks:length></extensions></trkpt><trkpt lat="33.62359619544939" lon="130.676920740479"><ele>24.47291541664608</ele><time>2025-12-22T10:00:02.50900Z</time><extensions><mytracks:speed>51.25476459047928</mytracks:speed><mytracks:gradient>0.02471721883884858</mytracks:gradient><mytracks:length>0.07126884566200821</mytracks:length></extensions></trkpt><trkpt lat="33.62350916492116" lon="130.6761451995271"><ele>25.99204917913948</ele><time>2025-12-22T10:00:07.50000Z</time><extensions><mytracks:speed>52.26561329141627</mytracks:speed><mytracks:gradient>0.02096585147906168</mytracks:gradient><mytracks:length>0.07245752761391709</mytracks:length></extensions></trkpt><trkpt lat="33.62341401854045" lon="130.6753660339102"><ele>26.81470414399675</ele><time>2025-12-22T10:00:12.49800Z</time><extensions><mytracks:speed>52.52023082935763</mytracks:speed><mytracks:gradient>0.0112822865575774</mytracks:gradient><mytracks:length>0.07291562403232532</mytracks:length></extensions></trkpt><trkpt lat="33.62331632992684" lon="130.6745926527784"><ele>27.52415383263131</ele><time>2025-12-22T10:00:17.51500Z</time><extensions><mytracks:speed>51.97272678789491</mytracks:speed><mytracks:gradient>0.009795268597818907</mytracks:gradient><mytracks:length>0.0724277932299412</mytracks:length></extensions></trkpt><trkpt lat="33.62322876027372" lon="130.6738179640161"><ele>28.42104515590649</ele><time>2025-12-22T10:00:22.50000Z</time><extensions><mytracks:speed>52.27191518047665</mytracks:speed><mytracks:gradient>0.01239011501937036</mytracks:gradient><mytracks:length>0.07238765111324623</mytracks:length></extensions></trkpt><trkpt lat="33.62315778865813" lon="130.673030532589"><ele>28.48553145753847</ele><time>2025-12-22T10:00:27.50000Z</time><extensions><mytracks:speed>52.79988862224926</mytracks:speed><mytracks:gradient>0.0008793337203591995</mytracks:gradient><mytracks:length>0.07333541309622277</mytracks:length></extensions></trkpt><trkpt lat="33.62307688802042" lon="130.6722336174758"><ele>28.12550073945089</ele><time>2025-12-22T10:00:32.51000Z</time><extensions><mytracks:speed>53.41781311706468</mytracks:speed><mytracks:length>0.07433409581622424</mytracks:length></extensions></trkpt><trkpt lat="33.62297082509791" lon="130.6714386415486"><ele>27.72659831634945</ele><time>2025-12-22T10:00:37.49500Z</time><extensions><mytracks:speed>53.83112487208786</mytracks:speed><mytracks:length>0.07454706243313922</mytracks:length></extensions></trkpt><trkpt lat="33.62285362511666" lon="130.6706450150154"><ele>29.39180916216791</ele><time>2025-12-22T10:00:42.50300Z</time><extensions><mytracks:speed>53.64714124146168</mytracks:speed><mytracks:gradient>0.02231286599443294</mytracks:gradient><mytracks:length>0.07463007424657764</mytracks:length></extensions></trkpt><trkpt lat="33.62273253832657" lon="130.6698749488394"><ele>31.30733743505122</ele><time>2025-12-22T10:00:47.51700Z</time><extensions><mytracks:speed>52.10642054342943</mytracks:speed><mytracks:gradient>0.02639845959033546</mytracks:gradient><mytracks:length>0.07256212304086827</mytracks:length></extensions></trkpt><trkpt lat="33.62260464020596" lon="130.6691238264161"><ele>31.18666988771942</ele><time>2025-12-22T10:00:52.49300Z</time><extensions><mytracks:speed>51.3553533476497</mytracks:speed><mytracks:length>0.07098729375880999</mytracks:length></extensions></trkpt><trkpt lat="33.62244507676595" lon="130.6683705847443"><ele>30.83764610922309</ele><time>2025-12-22T10:00:57.49200Z</time><extensions><mytracks:speed>51.82357578978257</mytracks:speed><mytracks:length>0.0719658402266497</mytracks:length></extensions></trkpt><trkpt lat="33.62226694677945" lon="130.6676327777963"><ele>29.04377862863501</ele><time>2025-12-22T10:01:02.50500Z</time><extensions><mytracks:speed>51.08548714638671</mytracks:speed><mytracks:length>0.07112896928205108</mytracks:length></extensions></trkpt><trkpt lat="33.62207817188515" lon="130.6668825018226"><ele>27.93877608736869</ele><time>2025-12-22T10:01:07.50100Z</time><extensions><mytracks:speed>52.28654169358503</mytracks:speed><mytracks:length>0.07257212100136608</mytracks:length></extensions></trkpt><trkpt lat="33.6218784779529" lon="130.6661185423283"><ele>27.21439032233027</ele><time>2025-12-22T10:01:12.50000Z</time><extensions><mytracks:speed>53.39503738857181</mytracks:speed><mytracks:length>0.07414057781528881</mytracks:length></extensions></trkpt><trkpt lat="33.62164313343077" lon="130.6653894597249"><ele>27.85211907797038</ele><time>2025-12-22T10:01:17.50000Z</time><extensions><mytracks:speed>52.12550320088837</mytracks:speed><mytracks:gradient>0.008808062805590268</mytracks:gradient><mytracks:length>0.07240283927532318</mytracks:length></extensions></trkpt><trkpt lat="33.62135981773948" lon="130.6645972972296"><ele>28.49498446209298</ele><time>2025-12-22T10:01:22.99800Z</time><extensions><mytracks:speed>52.27217389299746</mytracks:speed><mytracks:gradient>0.008053114646549458</mytracks:gradient><mytracks:length>0.07982816740328642</mytracks:length></extensions></trkpt><trkpt lat="33.62106167231413" lon="130.6638172801577"><ele>29.99202285602368</ele><time>2025-12-22T10:01:28.51300Z</time><extensions><mytracks:speed>51.88137042410544</mytracks:speed><mytracks:gradient>0.01883777283327739</mytracks:gradient><mytracks:length>0.07947003115390296</mytracks:length></extensions></trkpt><trkpt lat="33.62077667658946" lon="130.6631052817993"><ele>31.35993921537743</ele><time>2025-12-22T10:01:33.50500Z</time><extensions><mytracks:speed>52.74940596326832</mytracks:speed><mytracks:gradient>0.01870071349768588</mytracks:gradient><mytracks:length>0.07314781650031776</mytracks:length></extensions></trkpt><trkpt lat="33.62049183854355" lon="130.6623883964138"><ele>32.36683022241775</ele><time>2025-12-22T10:01:38.52900Z</time><extensions><mytracks:speed>52.70309350931358</mytracks:speed><mytracks:gradient>0.01369014965910048</mytracks:gradient><mytracks:length>0.07354857558996752</mytracks:length></extensions></trkpt><trkpt lat="33.62020607817827" lon="130.661667064192"><ele>32.68315772143995</ele><time>2025-12-22T10:01:43.51000Z</time><extensions><mytracks:speed>53.45684508013697</mytracks:speed><mytracks:gradient>0.004276738910339088</mytracks:gradient><mytracks:length>0.07396465055593661</mytracks:length></extensions></trkpt><trkpt lat="33.61991394869026" lon="130.660949326485"><ele>33.5090881042717</ele><time>2025-12-22T10:01:48.48200Z</time><extensions><mytracks:speed>53.55774674628849</mytracks:speed><mytracks:gradient>0.01116533245849198</mytracks:gradient><mytracks:length>0.07397275324332755</mytracks:length></extensions></trkpt><trkpt lat="33.6196157408377" lon="130.6602033839974"><ele>34.71831336077809</ele><time>2025-12-22T10:01:53.50100Z</time><extensions><mytracks:speed>54.94947359097414</mytracks:speed><mytracks:gradient>0.01578252976025723</mytracks:gradient><mytracks:length>0.07661796143425648</mytracks:length></extensions></trkpt><trkpt lat="33.6193184032693" lon="130.659474991737"><ele>36.55288086395664</ele><time>2025-12-22T10:01:58.49400Z</time><extensions><mytracks:speed>54.16062811510965</mytracks:speed><mytracks:gradient>0.024423840526818</mytracks:gradient><mytracks:length>0.07511380125349872</mytracks:length></extensions></trkpt><trkpt lat="33.61903218360036" lon="130.6587453909701"><ele>38.76018838511414</ele><time>2025-12-22T10:02:03.50100Z</time><extensions><mytracks:speed>53.69848896831732</mytracks:speed><mytracks:gradient>0.0295571413970509</mytracks:gradient><mytracks:length>0.07467933016613482</mytracks:length></extensions></trkpt><trkpt lat="33.61873254497216" lon="130.6580226266083"><ele>41.39764872561411</ele><time>2025-12-22T10:02:08.50300Z</time><extensions><mytracks:speed>53.80344979815492</mytracks:speed><mytracks:gradient>0.03527887667823531</mytracks:gradient><mytracks:length>0.07476032654200426</mytracks:length></extensions></trkpt><trkpt lat="33.61844120342303" lon="130.6572973616153"><ele>43.10766463856798</ele><time>2025-12-22T10:02:13.48800Z</time><extensions><mytracks:speed>53.84452213209885</mytracks:speed><mytracks:gradient>0.02293400132664277</mytracks:gradient><mytracks:length>0.07456247554007565</mytracks:length></extensions></trkpt><trkpt lat="33.61815776082413" lon="130.6565675038998"><ele>43.58126724762457</ele><time>2025-12-22T10:02:18.50500Z</time><extensions><mytracks:speed>53.51482011751771</mytracks:speed><mytracks:gradient>0.006351070795881698</mytracks:gradient><mytracks:length>0.0745705132689912</mytracks:length></extensions></trkpt><trkpt lat="33.61787289531036" lon="130.6558430673301"><ele>44.69925738186088</ele><time>2025-12-22T10:02:23.51500Z</time><extensions><mytracks:speed>53.29911848021235</mytracks:speed><mytracks:gradient>0.01507060844516139</mytracks:gradient><mytracks:length>0.07418347695147325</mytracks:length></extensions></trkpt><trkpt lat="33.61758199738912" lon="130.6551188541125"><ele>45.85617921575543</ele><time>2025-12-22T10:02:28.49400Z</time><extensions><mytracks:speed>53.83077923882085</mytracks:speed><mytracks:gradient>0.01553876498965927</mytracks:gradient><mytracks:length>0.07445391153443989</mytracks:length></extensions></trkpt><trkpt lat="33.61728941551287" lon="130.6543690899578"><ele>46.63014602003133</ele><time>2025-12-22T10:02:33.50900Z</time><extensions><mytracks:speed>55.03973609644996</mytracks:speed><mytracks:gradient>0.01009461831926954</mytracks:gradient><mytracks:length>0.07667123013442599</mytracks:length></extensions></trkpt><trkpt lat="33.61700262204967" lon="130.653643788838"><ele>47.48928253377377</ele><time>2025-12-22T10:02:38.49100Z</time><extensions><mytracks:speed>53.72927522042228</mytracks:speed><mytracks:gradient>0.01155558557282933</mytracks:gradient><mytracks:length>0.0743481590203902</mytracks:length></extensions></trkpt><trkpt lat="33.61671407577481" lon="130.6529088304601"><ele>48.86899965953558</ele><time>2025-12-22T10:02:43.50200Z</time><extensions><mytracks:speed>54.05313706294715</mytracks:speed><mytracks:gradient>0.01833753797321097</mytracks:gradient><mytracks:length>0.07524004191715421</mytracks:length></extensions></trkpt><trkpt lat="33.61642223558775" lon="130.652184392055"><ele>50.68394855730766</ele><time>2025-12-22T10:02:48.50100Z</time><extensions><mytracks:speed>53.66733869161695</mytracks:speed><mytracks:gradient>0.02435549617219289</mytracks:gradient><mytracks:length>0.07451906891735771</mytracks:length></extensions></trkpt><trkpt lat="33.61612935846995" lon="130.6514524702615"><ele>52.97549103984551</ele><time>2025-12-22T10:02:53.49400Z</time><extensions><mytracks:speed>54.21540239823298</mytracks:speed><mytracks:gradient>0.03047525307446217</mytracks:gradient><mytracks:length>0.07519355054866238</mytracks:length></extensions></trkpt><trkpt lat="33.61582364487553" lon="130.6507129143027"><ele>52.87494991123641</ele><time>2025-12-22T10:02:58.50300Z</time><extensions><mytracks:speed>54.93925138508643</mytracks:speed><mytracks:length>0.07645539823859468</mytracks:length></extensions></trkpt><trkpt lat="33.61552212767621" lon="130.6499740372131"><ele>51.48040815195479</ele><time>2025-12-22T10:03:03.49000Z</time><extensions><mytracks:speed>55.00945972328588</mytracks:speed><mytracks:length>0.07619283690015762</mytracks:length></extensions></trkpt><trkpt lat="33.61520915906733" lon="130.6492405827361"><ele>49.88920356669252</ele><time>2025-12-22T10:03:08.50900Z</time><extensions><mytracks:speed>54.73473000483617</mytracks:speed><mytracks:length>0.07631469455199204</mytracks:length></extensions></trkpt><trkpt lat="33.6148271456828" lon="130.6485728748665"><ele>49.95494875193658</ele><time>2025-12-22T10:03:13.48700Z</time><extensions><mytracks:speed>54.25193708852152</mytracks:speed><mytracks:gradient>0.000876420322440049</mytracks:gradient><mytracks:length>0.07501558733943992</mytracks:length></extensions></trkpt><trkpt lat="33.61436668399644" lon="130.6479560533447"><ele>48.62948603528588</ele><time>2025-12-22T10:03:18.50000Z</time><extensions><mytracks:speed>55.08650514548426</mytracks:speed><mytracks:length>0.07670754451552064</mytracks:length></extensions></trkpt><trkpt lat="33.61389242967524" lon="130.6473799537351"><ele>45.94690373792439</ele><time>2025-12-22T10:03:23.50000Z</time><extensions><mytracks:speed>54.00638429334597</mytracks:speed><mytracks:length>0.07501276389037757</mytracks:length></extensions></trkpt><trkpt lat="33.61336263057288" lon="130.6467542825042"><ele>44.5108600933042</ele><time>2025-12-22T10:03:29.00000Z</time><extensions><mytracks:speed>54.08780949284748</mytracks:speed><mytracks:length>0.08262791159291689</mytracks:length></extensions></trkpt><trkpt lat="33.61287354842396" lon="130.6460736864922"><ele>43.96630913249371</ele><time>2025-12-22T10:03:34.50000Z</time><extensions><mytracks:speed>54.49004806946262</mytracks:speed><mytracks:length>0.08324483222778321</mytracks:length></extensions></trkpt><trkpt lat="33.61252060579584" lon="130.6453668436215"><ele>45.07446703988104</ele><time>2025-12-22T10:03:39.50000Z</time><extensions><mytracks:speed>54.94928092194738</mytracks:speed><mytracks:gradient>0.01451998814461969</mytracks:gradient><mytracks:length>0.07631947742312346</mytracks:length></extensions></trkpt><trkpt lat="33.61228940288343" lon="130.644600493506"><ele>48.11352263195587</ele><time>2025-12-22T10:03:44.50000Z</time><extensions><mytracks:speed>54.34452656188732</mytracks:speed><mytracks:gradient>0.04026324338451882</mytracks:gradient><mytracks:length>0.07547965182664226</mytracks:length></extensions></trkpt><trkpt lat="33.61216318684777" lon="130.6437876502391"><ele>49.12402431878645</ele><time>2025-12-22T10:03:49.50000Z</time><extensions><mytracks:speed>55.12909173189983</mytracks:speed><mytracks:gradient>0.01319720620650395</mytracks:gradient><mytracks:length>0.07656936407741885</mytracks:length></extensions></trkpt><trkpt lat="33.61212261948793" lon="130.6429586705144"><ele>50.39868179717057</ele><time>2025-12-22T10:03:54.50000Z</time><extensions><mytracks:speed>55.36648384114044</mytracks:speed><mytracks:gradient>0.0165757611639553</mytracks:gradient><mytracks:length>0.07689888058690937</mytracks:length></extensions></trkpt><trkpt lat="33.61210647851789" lon="130.6421237166434"><ele>52.2311588397483</ele><time>2025-12-22T10:03:59.50000Z</time><extensions><mytracks:speed>55.68455644948303</mytracks:speed><mytracks:gradient>0.02369362221135411</mytracks:gradient><mytracks:length>0.07734051915876314</mytracks:length></extensions></trkpt><trkpt lat="33.61202907897933" lon="130.6412836556284"><ele>54.98324226390707</ele><time>2025-12-22T10:04:04.50000Z</time><extensions><mytracks:speed>56.35193221626449</mytracks:speed><mytracks:gradient>0.03516260098285073</mytracks:gradient><mytracks:length>0.07826734505507706</mytracks:length></extensions></trkpt><trkpt lat="33.61182707798714" lon="130.640469215133"><ele>55.90260249732638</ele><time>2025-12-22T10:04:09.50000Z</time><extensions><mytracks:speed>56.65916237365833</mytracks:speed><mytracks:gradient>0.01168272704877376</mytracks:gradient><mytracks:length>0.07869397526631502</mytracks:length></extensions></trkpt><trkpt lat="33.611469133599" lon="130.6397517570772"><ele>55.16240324881994</ele><time>2025-12-22T10:04:14.50000Z</time><extensions><mytracks:speed>55.76298151052715</mytracks:speed><mytracks:length>0.07744922617309243</mytracks:length></extensions></trkpt><trkpt lat="33.61098725215772" lon="130.6391705724925"><ele>53.30452872758366</ele><time>2025-12-22T10:04:19.50000Z</time><extensions><mytracks:speed>54.68043730627029</mytracks:speed><mytracks:length>0.07594562760768502</mytracks:length></extensions></trkpt><trkpt lat="33.61043091887126" lon="130.6386968419895"><ele>51.5895779040339</ele><time>2025-12-22T10:04:24.50000Z</time><extensions><mytracks:speed>54.60294555812786</mytracks:speed><mytracks:length>0.07583797405023802</mytracks:length></extensions></trkpt><trkpt lat="33.60989834922593" lon="130.6381839458569"><ele>51.67096202807846</ele><time>2025-12-22T10:04:29.50000Z</time><extensions><mytracks:speed>54.65734716752893</mytracks:speed><mytracks:gradient>0.001072063636957072</mytracks:gradient><mytracks:length>0.0759135197193643</mytracks:length></extensions></trkpt><trkpt lat="33.6094748354425" lon="130.6375256995368"><ele>52.51805634649457</ele><time>2025-12-22T10:04:34.50000Z</time><extensions><mytracks:speed>55.46090880703155</mytracks:speed><mytracks:gradient>0.01099700219566016</mytracks:gradient><mytracks:length>0.07702956708969355</mytracks:length></extensions></trkpt><trkpt lat="33.60920538775448" lon="130.6367660520403"><ele>55.44713594473611</ele><time>2025-12-22T10:04:39.50000Z</time><extensions><mytracks:speed>55.0528621417992</mytracks:speed><mytracks:gradient>0.03830723779409682</mytracks:gradient><mytracks:length>0.07646282444026588</mytracks:length></extensions></trkpt><trkpt lat="33.6091088777897" lon="130.635957411481"><ele>60.01378204428915</ele><time>2025-12-22T10:04:44.50000Z</time><extensions><mytracks:speed>54.46800554614224</mytracks:speed><mytracks:gradient>0.06036504264034477</mytracks:gradient><mytracks:length>0.07565050731035081</mytracks:length></extensions></trkpt><trkpt lat="33.60912325688169" lon="130.6351298452443"><ele>64.27512645831533</ele><time>2025-12-22T10:04:49.50000Z</time><extensions><mytracks:speed>55.19119786253791</mytracks:speed><mytracks:gradient>0.05559125067543987</mytracks:gradient><mytracks:length>0.07665494771659871</mytracks:length></extensions></trkpt><trkpt lat="33.60911854561931" lon="130.6343255358303"><ele>68.69545775416171</ele><time>2025-12-22T10:04:54.50000Z</time><extensions><mytracks:speed>53.62982268413733</mytracks:speed><mytracks:gradient>0.05934418221746916</mytracks:gradient><mytracks:length>0.0744863461029406</mytracks:length></extensions></trkpt><trkpt lat="33.60909423499644" lon="130.6335222881964"><ele>73.92411714043673</ele><time>2025-12-22T10:04:59.50000Z</time><extensions><mytracks:speed>53.59308726460498</mytracks:speed><mytracks:gradient>0.07024432528645645</mytracks:gradient><mytracks:length>0.07443532790659668</mytracks:length></extensions></trkpt><trkpt lat="33.60902986909895" lon="130.6327275275772"><ele>77.89128432260736</ele><time>2025-12-22T10:05:04.50000Z</time><extensions><mytracks:speed>53.24187773178257</mytracks:speed><mytracks:gradient>0.05364840808991304</mytracks:gradient><mytracks:length>0.07394752842473498</mytracks:length></extensions></trkpt><trkpt lat="33.60889557433587" lon="130.6319404135271"><ele>81.90384707485846</ele><time>2025-12-22T10:05:09.50000Z</time><extensions><mytracks:speed>53.5720783994227</mytracks:speed><mytracks:gradient>0.05392784337065572</mytracks:gradient><mytracks:length>0.07440614164137879</mytracks:length></extensions></trkpt><trkpt lat="33.6086767848486" lon="130.6311850186555"><ele>85.96274570133359</ele><time>2025-12-22T10:05:14.50000Z</time><extensions><mytracks:speed>53.3261415872903</mytracks:speed><mytracks:gradient>0.05480216853837177</mytracks:gradient><mytracks:length>0.07406456231076218</mytracks:length></extensions></trkpt><trkpt lat="33.60834155029479" lon="130.6304848761621"><ele>88.21913448503223</ele><time>2025-12-22T10:05:19.50000Z</time><extensions><mytracks:speed>53.8484841251968</mytracks:speed><mytracks:gradient>0.03016964374916113</mytracks:gradient><mytracks:length>0.07479003737859446</mytracks:length></extensions></trkpt><trkpt lat="33.60791979046879" lon="130.6298623331431"><ele>88.73190369164361</ele><time>2025-12-22T10:05:24.50000Z</time><extensions><mytracks:speed>53.50863641912149</mytracks:speed><mytracks:gradient>0.006899661005592801</mytracks:gradient><mytracks:length>0.07431802898660311</mytracks:length></extensions></trkpt><trkpt lat="33.60743517262081" lon="130.6292943612197"><ele>87.80451047793422</ele><time>2025-12-22T10:05:29.50000Z</time><extensions><mytracks:speed>54.21739799907441</mytracks:speed><mytracks:length>0.07530242461135518</mytracks:length></extensions></trkpt><trkpt lat="33.60684234022592" lon="130.6287909728001"><ele>86.60516683233236</ele><time>2025-12-22T10:05:35.00000Z</time><extensions><mytracks:speed>52.84952417444774</mytracks:speed><mytracks:length>0.08073849425598466</mytracks:length></extensions></trkpt><trkpt lat="33.60620070468361" lon="130.6283356239083"><ele>87.53344953020228</ele><time>2025-12-22T10:05:40.50000Z</time><extensions><mytracks:speed>54.24865518648976</mytracks:speed><mytracks:gradient>0.01120070650400202</mytracks:gradient><mytracks:length>0.08287715578818547</mytracks:length></extensions></trkpt><trkpt lat="33.60560238600977" lon="130.6279412687717"><ele>91.4937426286962</ele><time>2025-12-22T10:05:45.50000Z</time><extensions><mytracks:speed>54.64429854466705</mytracks:speed><mytracks:gradient>0.05218121451208709</mytracks:gradient><mytracks:length>0.07589499660987328</mytracks:length></extensions></trkpt><trkpt lat="33.60501654866413" lon="130.6275353212871"><ele>96.25379620294122</ele><time>2025-12-22T10:05:50.50000Z</time><extensions><mytracks:speed>54.15269012807502</mytracks:speed><mytracks:gradient>0.06328822777660141</mytracks:gradient><mytracks:length>0.0752123063241294</mytracks:length></extensions></trkpt><trkpt lat="33.60448134844536" lon="130.6270560740548"><ele>101.4039196674306</ele><time>2025-12-22T10:05:55.50000Z</time><extensions><mytracks:speed>53.45239407819333</mytracks:speed><mytracks:gradient>0.06937149263766314</mytracks:gradient><mytracks:length>0.07423976721085172</mytracks:length></extensions></trkpt><trkpt lat="33.6040255372315" lon="130.6264662298357"><ele>105.2836191550476</ele><time>2025-12-22T10:06:00.50000Z</time><extensions><mytracks:speed>53.6527259206092</mytracks:speed><mytracks:gradient>0.05206389542624844</mytracks:gradient><mytracks:length>0.0745180408775372</mytracks:length></extensions></trkpt><trkpt lat="33.60365722337421" lon="130.6257832276141"><ele>107.8087735198112</ele><time>2025-12-22T10:06:05.50000Z</time><extensions><mytracks:speed>54.25549127133912</mytracks:speed><mytracks:gradient>0.03351000013107237</mytracks:gradient><mytracks:length>0.07535524783308274</mytracks:length></extensions></trkpt><trkpt lat="33.60336406759458" lon="130.6250350657216"><ele>110.4498416376656</ele><time>2025-12-22T10:06:10.50000Z</time><extensions><mytracks:speed>55.13315282027705</mytracks:speed><mytracks:gradient>0.03449029094355927</mytracks:gradient><mytracks:length>0.07657424874079229</mytracks:length></extensions></trkpt><trkpt lat="33.60300647644079" lon="130.6243432992833"><ele>114.2112014612845</ele><time>2025-12-22T10:06:15.50000Z</time><extensions><mytracks:speed>54.28972133715099</mytracks:speed><mytracks:gradient>0.04988353334842419</mytracks:gradient><mytracks:length>0.07540283478611534</mytracks:length></extensions></trkpt><trkpt lat="33.60251419636046" lon="130.6237722713898"><ele>118.074493106433</ele><time>2025-12-22T10:06:20.50000Z</time><extensions><mytracks:speed>54.80100556698697</mytracks:speed><mytracks:gradient>0.05075734969239954</mytracks:gradient><mytracks:length>0.07611295050984342</mytracks:length></extensions></trkpt><trkpt lat="33.60192656375989" lon="130.6233740647751"><ele>122.0857052277812</ele><time>2025-12-22T10:06:25.50000Z</time><extensions><mytracks:speed>54.02192387662428</mytracks:speed><mytracks:gradient>0.05346079944115671</mytracks:gradient><mytracks:length>0.07503090420043707</mytracks:length></extensions></trkpt><trkpt lat="33.60128242606724" lon="130.6231574320061"><ele>126.6668452046756</ele><time>2025-12-22T10:06:30.50000Z</time><extensions><mytracks:speed>53.55456123580384</mytracks:speed><mytracks:gradient>0.06158953591948092</mytracks:gradient><mytracks:length>0.07438179081075746</mytracks:length></extensions></trkpt><trkpt lat="33.60062258727042" lon="130.6229475627823"><ele>131.5877385582813</ele><time>2025-12-22T10:06:35.50000Z</time><extensions><mytracks:speed>54.6487961187615</mytracks:speed><mytracks:gradient>0.06483254886881712</mytracks:gradient><mytracks:length>0.07590158708032059</mytracks:length></extensions></trkpt><trkpt lat="33.59999821028287" lon="130.6225912046505"><ele>135.1051279139162</ele><time>2025-12-22T10:06:40.50000Z</time><extensions><mytracks:speed>55.3483410397122</mytracks:speed><mytracks:gradient>0.04575575914897101</mytracks:gradient><mytracks:length>0.07687315041988652</mytracks:length></extensions></trkpt><trkpt lat="33.59947558967523" lon="130.6220610308837"><ele>137.3265626619011</ele><time>2025-12-22T10:06:45.50000Z</time><extensions><mytracks:speed>54.77744885843129</mytracks:speed><mytracks:gradient>0.02919856870380953</mytracks:gradient><mytracks:length>0.07608026169087626</mytracks:length></extensions></trkpt><trkpt lat="33.59907837667449" lon="130.6214061330428"><ele>135.8950983471546</ele><time>2025-12-22T10:06:50.50000Z</time><extensions><mytracks:speed>54.02290815090034</mytracks:speed><mytracks:length>0.07503228556750464</mytracks:length></extensions></trkpt><trkpt lat="33.59882559621611" lon="130.620648609801"><ele>133.915681270502</ele><time>2025-12-22T10:06:55.50000Z</time><extensions><mytracks:speed>54.41799246858261</mytracks:speed><mytracks:length>0.07558101901615588</mytracks:length></extensions></trkpt><trkpt lat="33.59861766883063" lon="130.6198594429216"><ele>132.1320338529347</ele><time>2025-12-22T10:07:00.50000Z</time><extensions><mytracks:speed>55.1953654669984</mytracks:speed><mytracks:length>0.07666070867851989</mytracks:length></extensions></trkpt><trkpt lat="33.59833750734435" lon="130.6191493953241"><ele>132.8232023966078</ele><time>2025-12-22T10:07:05.50100Z</time><extensions><mytracks:speed>52.39326222354285</mytracks:speed><mytracks:gradient>0.009498133430453906</mytracks:gradient><mytracks:length>0.07276888124745085</mytracks:length></extensions></trkpt><trkpt lat="33.59794965875757" lon="130.6184969763493"><ele>135.9886399605046</ele><time>2025-12-22T10:07:10.50100Z</time><extensions><mytracks:speed>53.45085752988328</mytracks:speed><mytracks:gradient>0.04263918240252351</mytracks:gradient><mytracks:length>0.0742377640831474</mytracks:length></extensions></trkpt><trkpt lat="33.59751193856478" lon="130.6178566938554"><ele>139.9557442854621</ele><time>2025-12-22T10:07:15.50100Z</time><extensions><mytracks:speed>55.23712567848103</mytracks:speed><mytracks:gradient>0.0517097400169123</mytracks:gradient><mytracks:length>0.07671870567633818</mytracks:length></extensions></trkpt><trkpt lat="33.59711446824209" lon="130.6171826257997"><ele>142.4123048090579</ele><time>2025-12-22T10:07:20.50100Z</time><extensions><mytracks:speed>55.07418700839501</mytracks:speed><mytracks:gradient>0.03211509101965403</mytracks:gradient><mytracks:length>0.07649240421247443</mytracks:length></extensions></trkpt><trkpt lat="33.59680591885893" lon="130.6164146074918"><ele>145.7291781756327</ele><time>2025-12-22T10:07:25.50100Z</time><extensions><mytracks:speed>56.86195713335933</mytracks:speed><mytracks:gradient>0.04199879495787162</mytracks:gradient><mytracks:length>0.07897544131687527</mytracks:length></extensions></trkpt><trkpt lat="33.5965958151717" lon="130.6155913709273"><ele>150.0746162283021</ele><time>2025-12-22T10:07:30.50100Z</time><extensions><mytracks:speed>57.41756601933049</mytracks:speed><mytracks:gradient>0.05449021957265815</mytracks:gradient><mytracks:length>0.07974711951518333</mytracks:length></extensions></trkpt><trkpt lat="33.59648417064102" lon="130.6147636210072"><ele>154.0532216366624</ele><time>2025-12-22T10:07:35.50100Z</time><extensions><mytracks:speed>55.91845813841752</mytracks:speed><mytracks:gradient>0.0512277630237206</mytracks:gradient><mytracks:length>0.07766502329055504</mytracks:length></extensions></trkpt><trkpt lat="33.59642278304973" lon="130.6138659393935"><ele>157.5417160480508</ele><time>2025-12-22T10:07:41.00000Z</time><extensions><mytracks:speed>54.60671959193242</mytracks:speed><mytracks:gradient>0.04181674222537912</mytracks:gradient><mytracks:length>0.08342339038719221</mytracks:length></extensions></trkpt><trkpt lat="33.59641373528174" lon="130.6130192655223"><ele>161.3795712831966</ele><time>2025-12-22T10:07:46.00000Z</time><extensions><mytracks:speed>56.46859333621967</mytracks:speed><mytracks:gradient>0.04893616218241278</mytracks:gradient><mytracks:length>0.07842575028339881</mytracks:length></extensions></trkpt><trkpt lat="33.5964551755869" lon="130.612192751932"><ele>165.1056248753509</ele><time>2025-12-22T10:07:51.00000Z</time><extensions><mytracks:speed>55.21748453402993</mytracks:speed><mytracks:gradient>0.04858551703737089</mytracks:gradient><mytracks:length>0.07669062344830788</mytracks:length></extensions></trkpt><trkpt lat="33.5965768992003" lon="130.6113740758973"><ele>169.4080611899265</ele><time>2025-12-22T10:07:56.00000Z</time><extensions><mytracks:speed>55.45802239079038</mytracks:speed><mytracks:gradient>0.05585791247874885</mytracks:gradient><mytracks:length>0.07702465279583148</mytracks:length></extensions></trkpt><trkpt lat="33.59681128208477" lon="130.6105965439652"><ele>174.0057547542367</ele><time>2025-12-22T10:08:01.00000Z</time><extensions><mytracks:speed>55.14204744158546</mytracks:speed><mytracks:gradient>0.06003302127421102</mytracks:gradient><mytracks:length>0.07658607657458079</mytracks:length></extensions></trkpt><trkpt lat="33.5971889142576" lon="130.6098135128368"><ele>178.8343567482221</ele><time>2025-12-22T10:08:06.51100Z</time><extensions><mytracks:speed>54.74661744287123</mytracks:speed><mytracks:gradient>0.05761828163548054</mytracks:gradient><mytracks:length>0.08380329744183189</mytracks:length></extensions></trkpt><trkpt lat="33.59932255750433" lon="130.606610900815"><ele>182.3921530460939</ele><time>2025-12-22T10:08:31.08300Z</time><extensions><mytracks:speed>55.6487002746639</mytracks:speed><mytracks:gradient>0.009366781692263905</mytracks:gradient><mytracks:length>0.379831239240923</mytracks:length></extensions></trkpt><trkpt lat="33.59986466852776" lon="130.6057354693321"><ele>182.4263873511542</ele><time>2025-12-22T10:08:38.42800Z</time><extensions><mytracks:speed>49.5160049612564</mytracks:speed><mytracks:gradient>0.0003388436524187116</mytracks:gradient><mytracks:length>0.1010327471563438</mytracks:length></extensions></trkpt><trkpt lat="33.60017911342131" lon="130.6049107089857"><ele>194.9163620358789</ele><time>2025-12-22T10:08:43.88600Z</time><extensions><mytracks:speed>55.41216747297529</mytracks:speed><mytracks:gradient>0.1486752974481859</mytracks:gradient><mytracks:length>0.08400840555962205</mytracks:length></extensions></trkpt><trkpt lat="33.60029011682634" lon="130.6040026622735"><ele>201.3951034485722</ele><time>2025-12-22T10:08:49.50000Z</time><extensions><mytracks:speed>54.50398579410965</mytracks:speed><mytracks:gradient>0.07621966025263059</mytracks:gradient><mytracks:length>0.08500092221901173</mytracks:length></extensions></trkpt><trkpt lat="33.60024415011564" lon="130.6031833369141"><ele>210.0533367676179</ele><time>2025-12-22T10:08:54.50000Z</time><extensions><mytracks:speed>54.75915871564691</mytracks:speed><mytracks:gradient>0.11384205472139</mytracks:gradient><mytracks:length>0.07605478783947903</mytracks:length></extensions></trkpt><trkpt lat="33.60019678431372" lon="130.6023889968995"><ele>215.4123721833222</ele><time>2025-12-22T10:08:59.50000Z</time><extensions><mytracks:speed>53.10481848392993</mytracks:speed><mytracks:gradient>0.07265790221948162</mytracks:gradient><mytracks:length>0.07375708975901835</mytracks:length></extensions></trkpt><trkpt lat="33.60014115393938" lon="130.6015735836662"><ele>220.0020999811713</ele><time>2025-12-22T10:09:04.50000Z</time><extensions><mytracks:speed>54.55669108711197</mytracks:speed><mytracks:gradient>0.06057159965276138</mytracks:gradient><mytracks:length>0.07577359396417765</mytracks:length></extensions></trkpt><trkpt lat="33.60008329946079" lon="130.6007303212822"><ele>224.3361361377574</ele><time>2025-12-22T10:09:09.50100Z</time><extensions><mytracks:speed>56.42215854007692</mytracks:speed><mytracks:gradient>0.05530609426292427</mytracks:gradient><mytracks:length>0.07836453132962577</mytracks:length></extensions></trkpt><trkpt lat="33.60001956467112" lon="130.5998906378614"><ele>227.9315912185675</ele><time>2025-12-22T10:09:14.50100Z</time><extensions><mytracks:speed>56.22510150554687</mytracks:speed><mytracks:gradient>0.04604195267460772</mytracks:gradient><mytracks:length>0.07809084697645767</mytracks:length></extensions></trkpt><trkpt lat="33.59995514040825" lon="130.5990368556337"><ele>231.203258306119</ele><time>2025-12-22T10:09:19.57600Z</time><extensions><mytracks:speed>56.31566839569822</mytracks:speed><mytracks:gradient>0.04120577462198772</mytracks:gradient><mytracks:length>0.07939826681005163</mytracks:length></extensions></trkpt><trkpt lat="33.59990498980093" lon="130.5980472207061"><ele>236.2484436039482</ele><time>2025-12-22T10:09:25.48700Z</time><extensions><mytracks:speed>55.92966732414999</mytracks:speed><mytracks:gradient>0.0549428009642253</mytracks:gradient><mytracks:length>0.09182613935380417</mytracks:length></extensions></trkpt><trkpt lat="33.59986246862599" lon="130.5972101282564"><ele>243.4462002908959</ele><time>2025-12-22T10:09:30.50300Z</time><extensions><mytracks:speed>55.74034652264542</mytracks:speed><mytracks:gradient>0.09266766325122072</mytracks:gradient><mytracks:length>0.07767279797953511</mytracks:length></extensions></trkpt><trkpt lat="33.5998582442407" lon="130.5963880799933"><ele>242.9215630805997</ele><time>2025-12-22T10:09:35.49400Z</time><extensions><mytracks:speed>54.91831113006181</mytracks:speed><mytracks:length>0.07613686604055303</mytracks:length></extensions></trkpt><trkpt lat="33.59990931780902" lon="130.5955662824878"><ele>242.2251172040732</ele><time>2025-12-22T10:09:40.49900Z</time><extensions><mytracks:speed>54.89753593272</mytracks:speed><mytracks:length>0.07632378765514106</mytracks:length></extensions></trkpt><trkpt lat="33.6000114297056" lon="130.5946682923538"><ele>241.979869505398</ele><time>2025-12-22T10:09:45.96600Z</time><extensions><mytracks:speed>55.27529479128956</mytracks:speed><mytracks:length>0.08394025293000815</mytracks:length></extensions></trkpt><trkpt lat="33.6001414710055" lon="130.5937665558136"><ele>242.2797764457839</ele><time>2025-12-22T10:09:51.47100Z</time><extensions><mytracks:speed>55.42944282445518</mytracks:speed><mytracks:gradient>0.003538380827974245</mytracks:gradient><mytracks:length>0.08475824253141961</mytracks:length></extensions></trkpt><trkpt lat="33.60125728949713" lon="130.5901475262287"><ele>238.5242492184043</ele><time>2025-12-22T10:10:14.08600Z</time><extensions><mytracks:speed>56.89483814358749</mytracks:speed><mytracks:length>0.3574066725119265</mytracks:length></extensions></trkpt><trkpt lat="33.60169027416291" lon="130.5891865766579"><ele>238.5242492184043</ele><time>2025-12-22T10:10:20.46700Z</time><extensions><mytracks:speed>57.0846041163457</mytracks:speed><mytracks:gradient>0</mytracks:gradient><mytracks:length>0.1011865992888398</mytracks:length></extensions></trkpt><trkpt lat="33.60206126795294" lon="130.5884617745645"><ele>238.5242492184043</ele><time>2025-12-22T10:10:25.43400Z</time><extensions><mytracks:speed>57.1064482741285</mytracks:speed><mytracks:gradient>0</mytracks:gradient><mytracks:length>0.07878989177880882</mytracks:length></extensions></trkpt><trkpt lat="33.6036827753787" lon="130.5863050515964"><ele>236.6202083674632</ele><time>2025-12-22T10:10:43.33600Z</time><extensions><mytracks:speed>54.11201131834105</mytracks:speed><mytracks:length>0.2690837651954482</mytracks:length></extensions></trkpt><trkpt lat="33.60703482939781" lon="130.5822211297701"><ele>230.7570631830022</ele><time>2025-12-22T10:11:19.00000Z</time><extensions><mytracks:speed>53.60035792100219</mytracks:speed><mytracks:length>0.531013815161446</mytracks:length></extensions></trkpt><trkpt lat="33.60776685893384" lon="130.5819454168843"><ele>222.9211630354385</ele><time>2025-12-22T10:11:24.50100Z</time><extensions><mytracks:speed>55.83823112008044</mytracks:speed><mytracks:length>0.08530880804183015</mytracks:length></extensions></trkpt><trkpt lat="33.60841642091854" lon="130.5817420361683"><ele>218.3728827315604</ele><time>2025-12-22T10:11:29.50100Z</time><extensions><mytracks:speed>53.74292387762247</mytracks:speed><mytracks:length>0.07464329685721896</mytracks:length></extensions></trkpt><trkpt lat="33.60909600542128" lon="130.5816487108486"><ele>213.6353580671019</ele><time>2025-12-22T10:11:34.50100Z</time><extensions><mytracks:speed>54.76217100336851</mytracks:speed><mytracks:length>0.07605893532691721</mytracks:length></extensions></trkpt><trkpt lat="33.60976822777597" lon="130.5816430388167"><ele>209.7579302625771</ele><time>2025-12-22T10:11:39.50100Z</time><extensions><mytracks:speed>53.81946304292533</mytracks:speed><mytracks:length>0.07474959640121603</mytracks:length></extensions></trkpt><trkpt lat="33.61039116191857" lon="130.5817204596762"><ele>206.1130620264429</ele><time>2025-12-22T10:11:44.50100Z</time><extensions><mytracks:speed>50.13851760901643</mytracks:speed><mytracks:length>0.06963716040653271</mytracks:length></extensions></trkpt><trkpt lat="33.61084178123685" lon="130.5817926435986"><ele>205.5572162686497</ele><time>2025-12-22T10:11:49.50100Z</time><extensions><mytracks:speed>36.39620998497974</mytracks:speed><mytracks:length>0.05055052786752786</mytracks:length></extensions></trkpt><trkpt lat="33.61108917433261" lon="130.5818480666465"><ele>207.2820682031142</ele><time>2025-12-22T10:11:55.00000Z</time><extensions><mytracks:speed>18.31785395569688</mytracks:speed><mytracks:gradient>0.06163844864042149</mytracks:gradient><mytracks:length>0.02798337681285152</mytracks:length></extensions></trkpt><trkpt lat="33.61136297585284" lon="130.5819054175348"><ele>207.9475499782837</ele><time>2025-12-22T10:12:00.00000Z</time><extensions><mytracks:speed>22.25168589937882</mytracks:speed><mytracks:gradient>0.02153310886066816</mytracks:gradient><mytracks:length>0.03090504856848835</mytracks:length></extensions></trkpt><trkpt lat="33.61182616250765" lon="130.5820123360923"><ele>206.9972349715047</ele><time>2025-12-22T10:12:05.00000Z</time><extensions><mytracks:speed>37.76203071349703</mytracks:speed><mytracks:length>0.05244709106866403</mytracks:length></extensions></trkpt><trkpt lat="33.6124515866936" lon="130.5820980688106"><ele>204.2220283185115</ele><time>2025-12-22T10:12:10.50000Z</time><extensions><mytracks:speed>45.81544218436553</mytracks:speed><mytracks:length>0.06999577652037571</mytracks:length></extensions></trkpt><trkpt lat="33.6131018916483" lon="130.5820959471316"><ele>200.0601001883444</ele><time>2025-12-22T10:12:15.50000Z</time><extensions><mytracks:speed>52.06374290670824</mytracks:speed><mytracks:length>0.07231085230639001</mytracks:length></extensions></trkpt><trkpt lat="33.61375837530294" lon="130.5820038037922"><ele>196.6612787692617</ele><time>2025-12-22T10:12:20.50000Z</time><extensions><mytracks:speed>52.91602819598767</mytracks:speed><mytracks:length>0.07349463780310155</mytracks:length></extensions></trkpt><trkpt lat="33.61441580276475" lon="130.5818103905886"><ele>192.1805380700918</ele><time>2025-12-22T10:12:25.50000Z</time><extensions><mytracks:speed>54.19039966864194</mytracks:speed><mytracks:length>0.07526465393419388</mytracks:length></extensions></trkpt><trkpt lat="33.6150445566166" lon="130.5815143429294"><ele>188.1477684429171</ele><time>2025-12-22T10:12:30.50000Z</time><extensions><mytracks:speed>54.0696313167366</mytracks:speed><mytracks:length>0.07509694112955119</mytracks:length></extensions></trkpt><trkpt lat="33.61560027496329" lon="130.5810803577018"><ele>183.7979497747428</ele><time>2025-12-22T10:12:35.50000Z</time><extensions><mytracks:speed>53.07209698213296</mytracks:speed><mytracks:length>0.073711497118584</mytracks:length></extensions></trkpt><trkpt lat="33.61601618920255" lon="130.5804686133833"><ele>180.2517301878923</ele><time>2025-12-22T10:12:40.50000Z</time><extensions><mytracks:speed>52.65221480752733</mytracks:speed><mytracks:length>0.07312834636549176</mytracks:length></extensions></trkpt><trkpt lat="33.61620549634556" lon="130.5797436548616"><ele>176.1927789659497</ele><time>2025-12-22T10:12:45.50000Z</time><extensions><mytracks:speed>50.65439362285119</mytracks:speed><mytracks:length>0.07035358949810878</mytracks:length></extensions></trkpt><trkpt lat="33.61618412341218" lon="130.5789894353441"><ele>174.0551438260959</ele><time>2025-12-22T10:12:50.50000Z</time><extensions><mytracks:speed>50.3137681313772</mytracks:speed><mytracks:length>0.06988050508596118</mytracks:length></extensions></trkpt><trkpt lat="33.6160033561807" lon="130.5782122041442"><ele>170.7540821595177</ele><time>2025-12-22T10:12:55.50000Z</time><extensions><mytracks:speed>53.80195505452915</mytracks:speed><mytracks:length>0.07472523688140072</mytracks:length></extensions></trkpt><trkpt lat="33.61580793891634" lon="130.5774429817197"><ele>167.3634866386826</ele><time>2025-12-22T10:13:00.50000Z</time><extensions><mytracks:speed>53.6183600019061</mytracks:speed><mytracks:length>0.0744702516089091</mytracks:length></extensions></trkpt><trkpt lat="33.61561782502211" lon="130.5766580948299"><ele>162.9883979945089</ele><time>2025-12-22T10:13:05.50000Z</time><extensions><mytracks:speed>54.49815711920278</mytracks:speed><mytracks:length>0.07569219348039476</mytracks:length></extensions></trkpt><trkpt lat="33.61544451930855" lon="130.575874001458"><ele>160.4547001167548</ele><time>2025-12-22T10:13:10.50000Z</time><extensions><mytracks:speed>54.08676873730128</mytracks:speed><mytracks:length>0.07512082018930383</mytracks:length></extensions></trkpt><trkpt lat="33.61534007897953" lon="130.5750822177919"><ele>158.2481777133435</ele><time>2025-12-22T10:13:15.50000Z</time><extensions><mytracks:speed>53.44764671523411</mytracks:speed><mytracks:length>0.07423315061375371</mytracks:length></extensions></trkpt><trkpt lat="33.61529434921282" lon="130.5742990377248"><ele>153.3757454030559</ele><time>2025-12-22T10:13:20.50000Z</time><extensions><mytracks:speed>52.34421521865866</mytracks:speed><mytracks:length>0.07270060571070852</mytracks:length></extensions></trkpt><trkpt lat="33.61541843983017" lon="130.5735205264259"><ele>150.2190515324951</ele><time>2025-12-22T10:13:25.50000Z</time><extensions><mytracks:speed>52.84691846732258</mytracks:speed><mytracks:length>0.07339880061376573</mytracks:length></extensions></trkpt><trkpt lat="33.61576721810287" lon="130.5728378461371"><ele>148.5216851671746</ele><time>2025-12-22T10:13:30.50000Z</time><extensions><mytracks:speed>53.39810162263591</mytracks:speed><mytracks:length>0.07416433946788532</mytracks:length></extensions></trkpt><trkpt lat="33.61626873421253" lon="130.5723179832458"><ele>146.1474528042685</ele><time>2025-12-22T10:13:35.50000Z</time><extensions><mytracks:speed>53.04189498060184</mytracks:speed><mytracks:length>0.07366960771284826</mytracks:length></extensions></trkpt><trkpt lat="33.61682659423893" lon="130.571884308417"><ele>143.4138677333901</ele><time>2025-12-22T10:13:40.50000Z</time><extensions><mytracks:speed>53.20442420333028</mytracks:speed><mytracks:length>0.07389534545343235</mytracks:length></extensions></trkpt><trkpt lat="33.61730424181822" lon="130.5713192718976"><ele>140.5584067314744</ele><time>2025-12-22T10:13:45.50100Z</time><extensions><mytracks:speed>53.67918823042552</mytracks:speed><mytracks:length>0.07455473916312744</mytracks:length></extensions></trkpt><trkpt lat="33.61752588393063" lon="130.5705802714157"><ele>135.1206613055786</ele><time>2025-12-22T10:13:50.50100Z</time><extensions><mytracks:speed>52.36737259618008</mytracks:speed><mytracks:length>0.07273276887077207</mytracks:length></extensions></trkpt><trkpt lat="33.61753218440752" lon="130.5697930328755"><ele>130.8350879484053</ele><time>2025-12-22T10:13:55.50100Z</time><extensions><mytracks:speed>52.48772668055602</mytracks:speed><mytracks:length>0.07289992455057957</mytracks:length></extensions></trkpt><trkpt lat="33.61737065604127" lon="130.5689191425103"><ele>126.7551057081076</ele><time>2025-12-22T10:14:01.00000Z</time><extensions><mytracks:speed>54.25935887289269</mytracks:speed><mytracks:length>0.08288971521083902</mytracks:length></extensions></trkpt><trkpt lat="33.61731696803498" lon="130.5681148116777"><ele>124.4520046403119</ele><time>2025-12-22T10:14:06.00000Z</time><extensions><mytracks:speed>53.7973232330915</mytracks:speed><mytracks:length>0.07471830140761658</mytracks:length></extensions></trkpt><trkpt lat="33.61750796156166" lon="130.5673354532117"><ele>122.7726414301058</ele><time>2025-12-22T10:14:11.00000Z</time><extensions><mytracks:speed>54.16355458943764</mytracks:speed><mytracks:length>0.07522692419626034</mytracks:length></extensions></trkpt><trkpt lat="33.61788151363959" lon="130.5665567212498"><ele>118.2490185781018</ele><time>2025-12-22T10:14:16.50000Z</time><extensions><mytracks:speed>54.46898839404778</mytracks:speed><mytracks:length>0.08321651545746972</mytracks:length></extensions></trkpt><trkpt lat="33.61826802357072" lon="130.565879271634"><ele>115.6845830796092</ele><time>2025-12-22T10:14:21.50000Z</time><extensions><mytracks:speed>54.74903223382734</mytracks:speed><mytracks:length>0.07604044764001945</mytracks:length></extensions></trkpt><trkpt lat="33.61863446130491" lon="130.5651933430106"><ele>112.6789357632936</ele><time>2025-12-22T10:14:26.50000Z</time><extensions><mytracks:speed>54.33176993964749</mytracks:speed><mytracks:length>0.07546096249976346</mytracks:length></extensions></trkpt><trkpt lat="33.61901004807398" lon="130.5645171668571"><ele>109.1235842420648</ele><time>2025-12-22T10:14:31.50000Z</time><extensions><mytracks:speed>54.18850284945863</mytracks:speed><mytracks:length>0.0752620194557571</mytracks:length></extensions></trkpt><trkpt lat="33.61930871653704" lon="130.5638055667484"><ele>105.1338312876829</ele><time>2025-12-22T10:14:36.50000Z</time><extensions><mytracks:speed>53.12679977131035</mytracks:speed><mytracks:length>0.07378744884455307</mytracks:length></extensions></trkpt><trkpt lat="33.61950766730704" lon="130.5630467743971"><ele>101.2561210652128</ele><time>2025-12-22T10:14:41.50000Z</time><extensions><mytracks:speed>53.03604359330544</mytracks:speed><mytracks:length>0.07366141050317826</mytracks:length></extensions></trkpt><trkpt lat="33.6195821742675" lon="130.5622612900977"><ele>97.898083413205</ele><time>2025-12-22T10:14:46.50000Z</time><extensions><mytracks:speed>52.70574614989325</mytracks:speed><mytracks:length>0.07320268700045814</mytracks:length></extensions></trkpt><trkpt lat="33.61958990670069" lon="130.5614486831163"><ele>95.1174876611847</ele><time>2025-12-22T10:14:51.50000Z</time><extensions><mytracks:speed>54.17892684583664</mytracks:speed><mytracks:length>0.07524878579400426</mytracks:length></extensions></trkpt><trkpt lat="33.61969276910654" lon="130.5606586545865"><ele>93.81134266701385</ele><time>2025-12-22T10:14:56.50000Z</time><extensions><mytracks:speed>53.30994773516802</mytracks:speed><mytracks:length>0.07404186416586456</mytracks:length></extensions></trkpt><trkpt lat="33.61993273628027" lon="130.5599136942611"><ele>93.04069000236181</ele><time>2025-12-22T10:15:01.50000Z</time><extensions><mytracks:speed>53.25162292511896</mytracks:speed><mytracks:length>0.07396087305996468</mytracks:length></extensions></trkpt><trkpt lat="33.6202440135706" lon="130.5592169603182"><ele>91.79622191163784</ele><time>2025-12-22T10:15:06.50000Z</time><extensions><mytracks:speed>52.71291593621721</mytracks:speed><mytracks:length>0.07321265903678582</mytracks:length></extensions></trkpt><trkpt lat="33.62059369472998" lon="130.5585202014693"><ele>91.29527306641329</ele><time>2025-12-22T10:15:11.50000Z</time><extensions><mytracks:speed>54.23545370532317</mytracks:speed><mytracks:length>0.07532731536462503</mytracks:length></extensions></trkpt><trkpt lat="33.62094309784357" lon="130.557809528216"><ele>89.62999045606416</ele><time>2025-12-22T10:15:16.50000Z</time><extensions><mytracks:speed>55.02050489515496</mytracks:speed><mytracks:length>0.07641766670678997</mytracks:length></extensions></trkpt><trkpt lat="33.6212891733996" lon="130.5570948380871"><ele>86.07560035134311</ele><time>2025-12-22T10:15:21.50000Z</time><extensions><mytracks:speed>55.11675986798225</mytracks:speed><mytracks:length>0.07655135286665735</mytracks:length></extensions></trkpt><trkpt lat="33.62159216647186" lon="130.5564127609433"><ele>83.05492019979185</ele><time>2025-12-22T10:15:26.50000Z</time><extensions><mytracks:speed>51.53786386851827</mytracks:speed><mytracks:length>0.07158064807452608</mytracks:length></extensions></trkpt><trkpt lat="33.62178907962836" lon="130.555699934566"><ele>78.89388920227074</ele><time>2025-12-22T10:15:31.50000Z</time><extensions><mytracks:speed>50.0686196664587</mytracks:speed><mytracks:length>0.06954002475758157</mytracks:length></extensions></trkpt><trkpt lat="33.62189319807199" lon="130.5549844167665"><ele>75.46168176478864</ele><time>2025-12-22T10:15:36.50000Z</time><extensions><mytracks:speed>48.42409122854021</mytracks:speed><mytracks:length>0.06725594683943073</mytracks:length></extensions></trkpt><trkpt lat="33.62194876909107" lon="130.5543162701199"><ele>72.04651279602375</ele><time>2025-12-22T10:15:41.50000Z</time><extensions><mytracks:speed>44.76478553838213</mytracks:speed><mytracks:length>0.0621735607964121</mytracks:length></extensions></trkpt><trkpt lat="33.6220003349512" lon="130.5537713763625"><ele>70.30258120520486</ele><time>2025-12-22T10:15:46.50000Z</time><extensions><mytracks:speed>36.56011447233149</mytracks:speed><mytracks:length>0.05077813894406609</mytracks:length></extensions></trkpt><trkpt lat="33.62206096952478" lon="130.5532646658052"><ele>68.56093866799674</ele><time>2025-12-22T10:15:51.50000Z</time><extensions><mytracks:speed>34.12773459206452</mytracks:speed><mytracks:length>0.04739981671349271</mytracks:length></extensions></trkpt><trkpt lat="33.62214918549778" lon="130.5526827801887"><ele>67.38371020034506</ele><time>2025-12-22T10:15:56.50000Z</time><extensions><mytracks:speed>39.42999062683186</mytracks:speed><mytracks:length>0.05476409130657008</mytracks:length></extensions></trkpt><trkpt lat="33.62222408399617" lon="130.552008519104"><ele>65.95102238043596</ele><time>2025-12-22T10:16:01.50000Z</time><extensions><mytracks:speed>45.34884474099677</mytracks:speed><mytracks:length>0.06298475886488404</mytracks:length></extensions></trkpt><trkpt lat="33.62226502328466" lon="130.5511509714408"><ele>64.0905133519022</ele><time>2025-12-22T10:16:07.50000Z</time><extensions><mytracks:speed>47.72292077809532</mytracks:speed><mytracks:length>0.07953306221950748</mytracks:length></extensions></trkpt><trkpt lat="33.6222554447742" lon="130.5503764196137"><ele>63.20390632869887</ele><time>2025-12-22T10:16:13.00000Z</time><extensions><mytracks:speed>46.94778737627949</mytracks:speed><mytracks:length>0.07172573807626484</mytracks:length></extensions></trkpt><trkpt lat="33.62217864163966" lon="130.5496386553069"><ele>62.98512186291961</ele><time>2025-12-22T10:16:18.04400Z</time><extensions><mytracks:speed>49.13685936233851</mytracks:speed><mytracks:length>0.06884334445577653</mytracks:length></extensions></trkpt><trkpt lat="33.62202029378225" lon="130.5488324405628"><ele>61.65500766728507</ele><time>2025-12-22T10:16:23.50400Z</time><extensions><mytracks:speed>50.57340022965109</mytracks:speed><mytracks:length>0.0766981443835023</mytracks:length></extensions></trkpt><trkpt lat="33.62185438441291" lon="130.5481120368905"><ele>61.06213054254486</ele><time>2025-12-22T10:16:28.50100Z</time><extensions><mytracks:speed>49.8563830114121</mytracks:speed><mytracks:length>0.06920841823543354</mytracks:length></extensions></trkpt><trkpt lat="33.62170011165509" lon="130.5474014274552"><ele>60.49463067323634</ele><time>2025-12-22T10:16:33.48900Z</time><extensions><mytracks:speed>49.07370420522737</mytracks:speed><mytracks:length>0.06799693911761791</mytracks:length></extensions></trkpt><trkpt lat="33.62153726166054" lon="130.5466874592633"><ele>59.94872190225372</ele><time>2025-12-22T10:16:38.50800Z</time><extensions><mytracks:speed>49.16961874427692</mytracks:speed><mytracks:length>0.06854394257529388</mytracks:length></extensions></trkpt><trkpt lat="33.62136483390698" lon="130.5459737760118"><ele>59.47662118050256</ele><time>2025-12-22T10:16:43.48200Z</time><extensions><mytracks:speed>49.79617714610102</mytracks:speed><mytracks:length>0.0688076605362416</mytracks:length></extensions></trkpt><trkpt lat="33.62119927685461" lon="130.5452370690078"><ele>58.58211468669433</ele><time>2025-12-22T10:16:48.50600Z</time><extensions><mytracks:speed>50.62960623209094</mytracks:speed><mytracks:length>0.07065482617110576</mytracks:length></extensions></trkpt><trkpt lat="33.62103580144709" lon="130.5445073021618"><ele>56.73994902028986</ele><time>2025-12-22T10:16:53.50200Z</time><extensions><mytracks:speed>50.42318423777565</mytracks:speed><mytracks:length>0.06997427016613431</mytracks:length></extensions></trkpt><trkpt lat="33.62087528646332" lon="130.5437863667032"><ele>56.29585633868048</ele><time>2025-12-22T10:16:58.48800Z</time><extensions><mytracks:speed>49.8929546911789</mytracks:speed><mytracks:length>0.0690992681875906</mytracks:length></extensions></trkpt><trkpt lat="33.62071941418198" lon="130.5430455451048"><ele>58.46537109253913</ele><time>2025-12-22T10:17:03.50200Z</time><extensions><mytracks:speed>50.78988038971339</mytracks:speed><mytracks:gradient>0.03066380806376567</mytracks:gradient><mytracks:length>0.07075164145780993</mytracks:length></extensions></trkpt><trkpt lat="33.62063691967681" lon="130.5422965812362"><ele>60.73414967310644</ele><time>2025-12-22T10:17:08.50000Z</time><extensions><mytracks:speed>50.39028095857838</mytracks:speed><mytracks:gradient>0.03243247391957212</mytracks:gradient><mytracks:length>0.06995391675003146</mytracks:length></extensions></trkpt><trkpt lat="33.62073224922911" lon="130.5415588611707"><ele>61.35784970014815</ele><time>2025-12-22T10:17:13.49700Z</time><extensions><mytracks:speed>49.80553683312719</mytracks:speed><mytracks:gradient>0.009022611941798583</mytracks:gradient><mytracks:length>0.0691263273944349</mytracks:length></extensions></trkpt><trkpt lat="33.62112820280929" lon="130.5407705314048"><ele>59.21785947857855</ele><time>2025-12-22T10:17:19.72000Z</time><extensions><mytracks:speed>49.31019315807725</mytracks:speed><mytracks:length>0.08524491986130568</mytracks:length></extensions></trkpt><trkpt lat="33.6223703731013" lon="130.5392198780046"><ele>54.20306966919452</ele><time>2025-12-22T10:17:34.00000Z</time><extensions><mytracks:speed>50.22595394614764</mytracks:speed><mytracks:length>0.1992315112674831</mytracks:length></extensions></trkpt><trkpt lat="33.62297036336483" lon="130.5388152849092"><ele>54.00389876192381</ele><time>2025-12-22T10:17:39.50000Z</time><extensions><mytracks:speed>50.0860745576846</mytracks:speed><mytracks:length>0.07651419871632073</mytracks:length></extensions></trkpt><trkpt lat="33.62350567143864" lon="130.538447103632"><ele>54.69146726159731</ele><time>2025-12-22T10:17:44.49700Z</time><extensions><mytracks:speed>49.41219739090447</mytracks:speed><mytracks:gradient>0.01002365163431073</mytracks:gradient><mytracks:length>0.06859461249830075</mytracks:length></extensions></trkpt><trkpt lat="33.62399841778334" lon="130.5380577102763"><ele>54.44652337219886</ele><time>2025-12-22T10:17:49.50700Z</time><extensions><mytracks:speed>47.13383156455616</mytracks:speed><mytracks:length>0.06558929891189667</mytracks:length></extensions></trkpt><trkpt lat="33.62443321941578" lon="130.537609594625"><ele>54.28643170446606</ele><time>2025-12-22T10:17:54.50100Z</time><extensions><mytracks:speed>45.92426510241997</mytracks:speed><mytracks:length>0.06371056849189481</mytracks:length></extensions></trkpt><trkpt lat="33.62480038868642" lon="130.5371138687097"><ele>53.80927232354385</ele><time>2025-12-22T10:17:59.51200Z</time><extensions><mytracks:speed>44.13932461981096</mytracks:speed><mytracks:length>0.06142981370592615</mytracks:length></extensions></trkpt><trkpt lat="33.62507058472709" lon="130.5366529869283"><ele>52.43819753687017</ele><time>2025-12-22T10:18:04.50200Z</time><extensions><mytracks:speed>37.64939589668791</mytracks:speed><mytracks:length>0.05218860236156888</mytracks:length></extensions></trkpt><trkpt lat="33.62524946009551" lon="130.5362901710952"><ele>50.62717205235953</ele><time>2025-12-22T10:18:09.99500Z</time><extensions><mytracks:speed>25.58376587345315</mytracks:speed><mytracks:length>0.03903976783398717</mytracks:length></extensions></trkpt><trkpt lat="33.62532165220437" lon="130.5361713069016"><ele>50.22802717912431</ele><time>2025-12-22T10:18:14.99700Z</time><extensions><mytracks:speed>9.80502674088422</mytracks:speed><mytracks:length>0.01362214016441929</mytracks:length></extensions></trkpt><trkpt lat="33.62531855851734" lon="130.5361715642159"><ele>49.85649626862374</ele><time>2025-12-22T10:18:20.49600Z</time><extensions><mytracks:speed>0.2240802869544457</mytracks:speed><mytracks:length>0.0003422940846678775</mytracks:length></extensions></trkpt><trkpt lat="33.62535778428222" lon="130.536109665801"><ele>51.96699444856495</ele><time>2025-12-22T10:18:42.00000Z</time><extensions><mytracks:speed>1.205671193277172</mytracks:speed><mytracks:gradient>0.2930451919091624</mytracks:gradient><mytracks:length>0.007201954641164761</mytracks:length></extensions></trkpt><trkpt lat="33.6254815734879" lon="130.5357359969335"><ele>51.47602241575697</ele><time>2025-12-22T10:18:47.45700Z</time><extensions><mytracks:speed>24.56570165155306</mytracks:speed><mytracks:length>0.03723533759623535</mytracks:length></extensions></trkpt><trkpt lat="33.62576205325001" lon="130.53453117269"><ele>50.42848261725157</ele><time>2025-12-22T10:18:58.00000Z</time><extensions><mytracks:speed>39.55018618261673</mytracks:speed><mytracks:length>0.115831256943716</mytracks:length></extensions></trkpt><trkpt lat="33.62586944515166" lon="130.533857598542"><ele>50.07217970862985</ele><time>2025-12-22T10:19:03.00000Z</time><extensions><mytracks:speed>45.71866450627389</mytracks:speed><mytracks:length>0.0634983737485795</mytracks:length></extensions></trkpt><trkpt lat="33.62598890172886" lon="130.5331442254661"><ele>49.70209616127224</ele><time>2025-12-22T10:19:08.50600Z</time><extensions><mytracks:speed>44.05345815237833</mytracks:speed><mytracks:length>0.0673726988690793</mytracks:length></extensions></trkpt><trkpt lat="33.62612315280274" lon="130.5324717479742"><ele>48.46467584926005</ele><time>2025-12-22T10:19:13.49800Z</time><extensions><mytracks:speed>46.17571667693448</mytracks:speed><mytracks:length>0.0640282810505875</mytracks:length></extensions></trkpt><trkpt lat="33.62628065899284" lon="130.5317772135593"><ele>46.72577484650038</ele><time>2025-12-22T10:19:18.50500Z</time><extensions><mytracks:speed>47.91954857729787</mytracks:speed><mytracks:length>0.06664823043003162</mytracks:length></extensions></trkpt><trkpt lat="33.62647226423805" lon="130.5310805151605"><ele>44.31845614054726</ele><time>2025-12-22T10:19:23.52000Z</time><extensions><mytracks:speed>48.75956446684673</mytracks:speed><mytracks:length>0.06793348633133274</mytracks:length></extensions></trkpt><trkpt lat="33.62668810144229" lon="130.5304409479053"><ele>42.35558160572926</ele><time>2025-12-22T10:19:28.47400Z</time><extensions><mytracks:speed>46.43384126804745</mytracks:speed><mytracks:length>0.0638949820053135</mytracks:length></extensions></trkpt><trkpt lat="33.62693899605811" lon="130.5297890710227"><ele>40.56776169783656</ele><time>2025-12-22T10:19:33.53100Z</time><extensions><mytracks:speed>47.33348964775659</mytracks:speed><mytracks:length>0.06649151971456556</mytracks:length></extensions></trkpt><trkpt lat="33.62721371450397" lon="130.5291342917755"><ele>41.10475348807579</ele><time>2025-12-22T10:19:38.51200Z</time><extensions><mytracks:speed>49.0624979332619</mytracks:speed><mytracks:gradient>0.007910248748913853</mytracks:gradient><mytracks:length>0.06788557569861013</mytracks:length></extensions></trkpt><trkpt lat="33.62752219121717" lon="130.5284887563961"><ele>41.94160273445193</ele><time>2025-12-22T10:19:43.46600Z</time><extensions><mytracks:speed>50.07731219016989</mytracks:speed><mytracks:gradient>0.01214379949479518</mytracks:gradient><mytracks:length>0.06891164884061307</mytracks:length></extensions></trkpt><trkpt lat="33.62784010759911" lon="130.5278437950805"><ele>43.14013746354723</ele><time>2025-12-22T10:19:48.49900Z</time><extensions><mytracks:speed>49.64120464412325</mytracks:speed><mytracks:gradient>0.01727141340217823</mytracks:gradient><mytracks:length>0.06939413128424979</mytracks:length></extensions></trkpt><trkpt lat="33.62815383756917" lon="130.5271861783576"><ele>43.74400718524727</ele><time>2025-12-22T10:19:53.50000Z</time><extensions><mytracks:speed>50.51017278593493</mytracks:speed><mytracks:gradient>0.008605538970502499</mytracks:gradient><mytracks:length>0.07017221393917814</mytracks:length></extensions></trkpt><trkpt lat="33.62847754825849" lon="130.5265292600801"><ele>43.13021971919412</ele><time>2025-12-22T10:19:58.51500Z</time><extensions><mytracks:speed>50.73350928960931</mytracks:speed><mytracks:length>0.07067465892615254</mytracks:length></extensions></trkpt><trkpt lat="33.62877854430712" lon="130.5258814425432"><ele>42.41706802038374</ele><time>2025-12-22T10:20:03.51800Z</time><extensions><mytracks:speed>49.42086622271197</mytracks:speed><mytracks:length>0.06868508119871834</mytracks:length></extensions></trkpt><trkpt lat="33.62905625369781" lon="130.5253000396349"><ele>42.0437716498644</ele><time>2025-12-22T10:20:08.47900Z</time><extensions><mytracks:speed>45.03465499762523</mytracks:speed><mytracks:length>0.06205799234426371</mytracks:length></extensions></trkpt><trkpt lat="33.62929078343553" lon="130.5247564101498"><ele>42.06542276499314</ele><time>2025-12-22T10:20:13.49700Z</time><extensions><mytracks:speed>40.67249199319592</mytracks:speed><mytracks:gradient>0.000381941275726779</mytracks:gradient><mytracks:length>0.05668702626481437</mytracks:length></extensions></trkpt><trkpt lat="33.62952551990674" lon="130.5241913850677"><ele>41.4543649141299</ele><time>2025-12-22T10:20:19.51500Z</time><extensions><mytracks:speed>34.96926372008544</mytracks:speed><mytracks:length>0.05846303419692592</mytracks:length></extensions></trkpt><trkpt lat="33.62965832852611" lon="130.5238775270249"><ele>41.4183700476787</ele><time>2025-12-22T10:20:25.00200Z</time><extensions><mytracks:speed>21.38519120270553</mytracks:speed><mytracks:length>0.03259558904757827</mytracks:length></extensions></trkpt><trkpt lat="33.62966495253195" lon="130.5238486791284"><ele>41.85746727403683</ele><time>2025-12-22T10:20:32.03600Z</time><extensions><mytracks:speed>1.419231605805378</mytracks:speed><mytracks:gradient>0.1583647284423731</mytracks:gradient><mytracks:length>0.002772695856438203</mytracks:length></extensions></trkpt><trkpt lat="33.62971508019768" lon="130.5236704958971"><ele>43.9726150278002</ele><time>2025-12-22T10:21:08.00000Z</time><extensions><mytracks:speed>1.743018818700797</mytracks:speed><mytracks:gradient>0.1214690499739401</mytracks:gradient><mytracks:length>0.01741305916377182</mytracks:length></extensions></trkpt><trkpt lat="33.62983913067622" lon="130.5233569592647"><ele>43.80090531491964</ele><time>2025-12-22T10:21:13.50300Z</time><extensions><mytracks:speed>21.02734370389383</mytracks:speed><mytracks:length>0.0321392090655079</mytracks:length></extensions></trkpt><trkpt lat="33.62998826624452" lon="130.5229775728272"><ele>43.73316782069951</ele><time>2025-12-22T10:21:18.48600Z</time><extensions><mytracks:speed>28.06026818324241</mytracks:speed><mytracks:length>0.03884327341501104</mytracks:length></extensions></trkpt><trkpt lat="33.63012623965663" lon="130.5226372704117"><ele>43.38109659219731</ele><time>2025-12-22T10:21:23.49200Z</time><extensions><mytracks:speed>25.19993324185811</mytracks:speed><mytracks:length>0.03504347208060629</mytracks:length></extensions></trkpt><trkpt lat="33.63019314897361" lon="130.5224493930225"><ele>42.80232658518609</ele><time>2025-12-22T10:21:31.89900Z</time><extensions><mytracks:speed>8.102060429666182</mytracks:speed><mytracks:length>0.01891882089339733</mytracks:length></extensions></trkpt><trkpt lat="33.6302060023497" lon="130.5224205214809"><ele>42.69980038131516</ele><time>2025-12-22T10:21:37.55700Z</time><extensions><mytracks:speed>1.928101253660635</mytracks:speed><mytracks:length>0.003030503638851471</mytracks:length></extensions></trkpt><trkpt lat="33.63035477878099" lon="130.5220866489965"><ele>41.6037049787119</ele><time>2025-12-22T10:22:34.00100Z</time><extensions><mytracks:speed>2.236129613970575</mytracks:speed><mytracks:length>0.03505979962486701</mytracks:length></extensions></trkpt><trkpt lat="33.63054051677597" lon="130.5215798077646"><ele>42.17501773901203</ele><time>2025-12-22T10:22:40.79600Z</time><extensions><mytracks:speed>27.16234252705064</mytracks:speed><mytracks:gradient>0.01114337395546281</mytracks:gradient><mytracks:length>0.05126928007473509</mytracks:length></extensions></trkpt><trkpt lat="33.63075986604946" lon="130.5209506219997"><ele>43.24911034703105</ele><time>2025-12-22T10:22:46.70900Z</time><extensions><mytracks:speed>38.44883038364236</mytracks:speed><mytracks:gradient>0.01700793094018126</mytracks:gradient><mytracks:length>0.06315245586289804</mytracks:length></extensions></trkpt><trkpt lat="33.63101535655494" lon="130.5202798452764"><ele>45.55235414574091</ele><time>2025-12-22T10:22:52.28400Z</time><extensions><mytracks:speed>44.09255237517607</mytracks:speed><mytracks:gradient>0.03372627255305602</mytracks:gradient><mytracks:length>0.06829227259213248</mytracks:length></extensions></trkpt><trkpt lat="33.63126752575695" lon="130.5195687526288"><ele>46.18670166407363</ele><time>2025-12-22T10:22:57.96500Z</time><extensions><mytracks:speed>45.35087399924271</mytracks:speed><mytracks:gradient>0.008864835831252964</mytracks:gradient><mytracks:length>0.07155772880715208</mytracks:length></extensions></trkpt><trkpt lat="33.63150675767953" lon="130.5189278257812"><ele>45.91289699334966</ele><time>2025-12-22T10:23:03.00000Z</time><extensions><mytracks:speed>46.4961910985354</mytracks:speed><mytracks:length>0.06502866949664363</mytracks:length></extensions></trkpt><trkpt lat="33.63173862495091" lon="130.518303873085"><ele>45.45295330999564</ele><time>2025-12-22T10:23:08.02000Z</time><extensions><mytracks:speed>45.36401577348187</mytracks:speed><mytracks:length>0.06325975664883124</mytracks:length></extensions></trkpt><trkpt lat="33.63214462912391" lon="130.516878400581"><ele>40.60483851470053</ele><time>2025-12-22T10:23:19.00000Z</time><extensions><mytracks:speed>45.72946988081164</mytracks:speed><mytracks:length>0.139481697600779</mytracks:length></extensions></trkpt><trkpt lat="33.6322779557153" lon="130.5161963607246"><ele>39.78052848184272</ele><time>2025-12-22T10:23:24.00400Z</time><extensions><mytracks:speed>46.66414984525839</mytracks:speed><mytracks:length>0.06486158530977476</mytracks:length></extensions></trkpt><trkpt lat="33.63236850819352" lon="130.5152237307495"><ele>38.53510794322938</ele><time>2025-12-22T10:23:31.00000Z</time><extensions><mytracks:speed>46.62475672777508</mytracks:speed><mytracks:length>0.09060911509368852</mytracks:length></extensions></trkpt><trkpt lat="33.63232553907559" lon="130.5139946461309"><ele>36.39703153911978</ele><time>2025-12-22T10:23:40.00000Z</time><extensions><mytracks:speed>45.55643151322498</mytracks:speed><mytracks:length>0.1138911828724343</mytracks:length></extensions></trkpt><trkpt lat="33.63204816861118" lon="130.512533701914"><ele>33.55020409729332</ele><time>2025-12-22T10:23:51.00000Z</time><extensions><mytracks:speed>45.40217796543746</mytracks:speed><mytracks:length>0.1387290259565524</mytracks:length></extensions></trkpt><trkpt lat="33.63181453196868" lon="130.5118126139407"><ele>31.15115030678892</ele><time>2025-12-22T10:23:56.70900Z</time><extensions><mytracks:speed>45.17841209288753</mytracks:speed><mytracks:length>0.07163665605945903</mytracks:length></extensions></trkpt><trkpt lat="33.63151001787989" lon="130.5111172317982"><ele>29.58236565002248</ele><time>2025-12-22T10:24:02.50200Z</time><extensions><mytracks:speed>45.19801820971271</mytracks:speed><mytracks:length>0.07274162828294102</mytracks:length></extensions></trkpt><trkpt lat="33.63119094747363" lon="130.5105157319143"><ele>27.72404811551986</ele><time>2025-12-22T10:24:07.51800Z</time><extensions><mytracks:speed>47.39403600017447</mytracks:speed><mytracks:length>0.06603014435759533</mytracks:length></extensions></trkpt><trkpt lat="33.63087226592706" lon="130.5099597744548"><ele>28.74106127896047</ele><time>2025-12-22T10:24:12.49400Z</time><extensions><mytracks:speed>45.21157921979303</mytracks:speed><mytracks:gradient>0.01627462636680748</mytracks:gradient><mytracks:length>0.06249072270653394</mytracks:length></extensions></trkpt><trkpt lat="33.63053861500897" lon="130.5094356450496"><ele>28.66601703800498</ele><time>2025-12-22T10:24:17.49200Z</time><extensions><mytracks:speed>43.99289525521185</mytracks:speed><mytracks:length>0.06108339509872906</mytracks:length></extensions></trkpt><trkpt lat="33.63020122558328" lon="130.5089486722183"><ele>28.53279421666907</ele><time>2025-12-22T10:24:22.50300Z</time><extensions><mytracks:speed>42.14358966564986</mytracks:speed><mytracks:length>0.05865319067107757</mytracks:length></extensions></trkpt><trkpt lat="33.62949571703783" lon="130.5080195130677"><ele>25.76740915514529</ele><time>2025-12-22T10:24:33.00100Z</time><extensions><mytracks:speed>39.92514927117319</mytracks:speed><mytracks:length>0.1164245481871773</mytracks:length></extensions></trkpt><trkpt lat="33.62923602183582" lon="130.5076667760189"><ele>24.81322184569164</ele><time>2025-12-22T10:24:38.06200Z</time><extensions><mytracks:speed>31.00553196492163</mytracks:speed><mytracks:length>0.04359370581359461</mytracks:length></extensions></trkpt><trkpt lat="33.62906432338655" lon="130.507440296292"><ele>24.14903495606017</ele><time>2025-12-22T10:24:44.24600Z</time><extensions><mytracks:speed>16.50965478857414</mytracks:speed><mytracks:length>0.02835801732391488</mytracks:length></extensions></trkpt><trkpt lat="33.62899883920087" lon="130.5073281122568"><ele>25.28614623378962</ele><time>2025-12-22T10:24:52.00000Z</time><extensions><mytracks:speed>5.888466974020703</mytracks:speed><mytracks:gradient>0.08964869541744182</mytracks:gradient><mytracks:length>0.01268408059297001</mytracks:length></extensions></trkpt><trkpt lat="33.62850625111618" lon="130.5066167159376"><ele>24.65162778180093</ele><time>2025-12-22T10:25:03.00000Z</time><extensions><mytracks:speed>28.03564010673399</mytracks:speed><mytracks:length>0.08566394435337736</mytracks:length></extensions></trkpt><trkpt lat="33.62819167713045" lon="130.5060993929806"><ele>24.74633523911989</ele><time>2025-12-22T10:25:08.05900Z</time><extensions><mytracks:speed>42.20964432327513</mytracks:speed><mytracks:gradient>0.001596826531410817</mytracks:gradient><mytracks:length>0.0593097969353561</mytracks:length></extensions></trkpt><trkpt lat="33.62789116014757" lon="130.5055355343194"><ele>24.9043620492394</ele><time>2025-12-22T10:25:13.01700Z</time><extensions><mytracks:speed>45.00334912687256</mytracks:speed><mytracks:gradient>0.002549461428514647</mytracks:gradient><mytracks:length>0.06198438946831901</mytracks:length></extensions></trkpt><trkpt lat="33.62761496207342" lon="130.5049315513274"><ele>24.98924566656792</ele><time>2025-12-22T10:25:17.98700Z</time><extensions><mytracks:speed>46.21649889875937</mytracks:speed><mytracks:gradient>0.001330479340682575</mytracks:gradient><mytracks:length>0.06379927499285924</mytracks:length></extensions></trkpt><trkpt lat="33.62736054653975" lon="130.5042884049871"><ele>23.18501345852539</ele><time>2025-12-22T10:25:22.96400Z</time><extensions><mytracks:speed>47.6804174294692</mytracks:speed><mytracks:length>0.06592537042381783</mytracks:length></extensions></trkpt><trkpt lat="33.62715858343407" lon="130.5036170705119"><ele>21.35920328725678</ele><time>2025-12-22T10:25:28.02100Z</time><extensions><mytracks:speed>47.05452260188456</mytracks:speed><mytracks:length>0.06608956071114201</mytracks:length></extensions></trkpt><trkpt lat="33.62698936271651" lon="130.5029081780472"><ele>21.25862014452586</ele><time>2025-12-22T10:25:33.03500Z</time><extensions><mytracks:speed>49.0191081076542</mytracks:speed><mytracks:length>0.0682785460591518</mytracks:length></extensions></trkpt><trkpt lat="33.62684632708286" lon="130.5021556472223"><ele>21.34788833729777</ele><time>2025-12-22T10:25:37.99700Z</time><extensions><mytracks:speed>51.84787020904365</mytracks:speed><mytracks:gradient>0.001249075203015853</mytracks:gradient><mytracks:length>0.07146742850740752</mytracks:length></extensions></trkpt><trkpt lat="33.6267519234555" lon="130.5013881475465"><ele>21.72629568152409</ele><time>2025-12-22T10:25:42.95800Z</time><extensions><mytracks:speed>52.12885406610339</mytracks:speed><mytracks:gradient>0.005267929098965824</mytracks:gradient><mytracks:length>0.07183227737453889</mytracks:length></extensions></trkpt><trkpt lat="33.62667382008019" lon="130.5005744767201"><ele>21.32531167346554</ele><time>2025-12-22T10:25:48.08700Z</time><extensions><mytracks:speed>53.22980031426806</mytracks:speed><mytracks:length>0.07583500295051468</mytracks:length></extensions></trkpt><trkpt lat="33.626589522633" lon="130.4996278796238"><ele>22.39930769919628</ele><time>2025-12-22T10:25:54.00200Z</time><extensions><mytracks:speed>53.64643175405429</mytracks:speed><mytracks:gradient>0.0121846486507368</mytracks:gradient><mytracks:length>0.08814337257609799</mytracks:length></extensions></trkpt><trkpt lat="33.62650485782143" lon="130.4986786190775"><ele>22.63888069932964</ele><time>2025-12-22T10:25:59.97200Z</time><extensions><mytracks:speed>53.29816844827709</mytracks:speed><mytracks:gradient>0.002710315763973935</mytracks:gradient><mytracks:length>0.08839302169799217</mytracks:length></extensions></trkpt><trkpt lat="33.62643609944408" lon="130.4978689797879"><ele>22.2906949111279</ele><time>2025-12-22T10:26:05.03600Z</time><extensions><mytracks:speed>53.57161624175224</mytracks:speed><mytracks:length>0.0753518988757451</mytracks:length></extensions></trkpt><trkpt lat="33.62639465693684" lon="130.4970585548474"><ele>22.41792214895775</ele><time>2025-12-22T10:26:09.98600Z</time><extensions><mytracks:speed>54.66930158361364</mytracks:speed><mytracks:gradient>0.001692366300237918</mytracks:gradient><mytracks:length>0.07517712791371466</mytracks:length></extensions></trkpt><trkpt lat="33.62642549949931" lon="130.4962149403747"><ele>24.75967256763169</ele><time>2025-12-22T10:26:14.97400Z</time><extensions><mytracks:speed>56.43037369916134</mytracks:speed><mytracks:gradient>0.02995179053937881</mytracks:gradient><mytracks:length>0.07818398755143358</mytracks:length></extensions></trkpt><trkpt lat="33.62646687319003" lon="130.4953687075999"><ele>26.79117968915648</ele><time>2025-12-22T10:26:19.98200Z</time><extensions><mytracks:speed>56.41542861420842</mytracks:speed><mytracks:gradient>0.02588363007061126</mytracks:gradient><mytracks:length>0.0784861750837417</mytracks:length></extensions></trkpt><trkpt lat="33.62650763846329" lon="130.4945236524771"><ele>27.48021949751534</ele><time>2025-12-22T10:26:24.96900Z</time><extensions><mytracks:speed>56.58518009740736</mytracks:speed><mytracks:gradient>0.008791763935674192</mytracks:gradient><mytracks:length>0.0783733291066822</mytracks:length></extensions></trkpt><trkpt lat="33.6265290100019" lon="130.4936651089893"><ele>25.42728603493639</ele><time>2025-12-22T10:26:30.12600Z</time><extensions><mytracks:speed>55.51311446147011</mytracks:speed><mytracks:length>0.07952643270541207</mytracks:length></extensions></trkpt><trkpt lat="33.62660336166478" lon="130.4927770141172"><ele>21.6629183997566</ele><time>2025-12-22T10:26:35.51800Z</time><extensions><mytracks:speed>55.17406636487684</mytracks:speed><mytracks:length>0.08264159948003019</mytracks:length></extensions></trkpt><trkpt lat="33.62669145590863" lon="130.492017038178"><ele>19.28754129779511</ele><time>2025-12-22T10:26:40.99100Z</time><extensions><mytracks:speed>46.7302605864476</mytracks:speed><mytracks:length>0.07104319864289935</mytracks:length></extensions></trkpt><trkpt lat="33.62674839502684" lon="130.4916473184772"><ele>18.38024310925561</ele><time>2025-12-22T10:26:45.99100Z</time><extensions><mytracks:speed>25.06343031061496</mytracks:speed><mytracks:length>0.03481214077013854</mytracks:length></extensions></trkpt><trkpt lat="33.62678319229428" lon="130.491390974957"><ele>18.43375574983656</ele><time>2025-12-22T10:27:13.00000Z</time><extensions><mytracks:speed>3.20528966317266</mytracks:speed><mytracks:gradient>0.002225288549144593</mytracks:gradient><mytracks:length>0.02404750637912954</mytracks:length></extensions></trkpt><trkpt lat="33.62687263156185" lon="130.4909641163377"><ele>17.77370611595096</ele><time>2025-12-22T10:27:18.02300Z</time><extensions><mytracks:speed>29.21135417240319</mytracks:speed><mytracks:length>0.0407540106534621</mytracks:length></extensions></trkpt><trkpt lat="33.6270172274" lon="130.4903729633242"><ele>16.97241081211632</ele><time>2025-12-22T10:27:22.98200Z</time><extensions><mytracks:speed>41.41117961028385</mytracks:speed><mytracks:length>0.05704624058432085</mytracks:length></extensions></trkpt><trkpt lat="33.62719621392184" lon="130.4897226550347"><ele>16.39241087494964</ele><time>2025-12-22T10:27:27.98700Z</time><extensions><mytracks:speed>45.61654675254398</mytracks:speed><mytracks:length>0.06341457616329418</mytracks:length></extensions></trkpt><trkpt lat="33.62739885723659" lon="130.4890643396192"><ele>16.42996394121814</ele><time>2025-12-22T10:27:33.05000Z</time><extensions><mytracks:speed>46.19915908719933</mytracks:speed><mytracks:gradient>0.0005778882786811322</mytracks:gradient><mytracks:length>0.06498326346783205</mytracks:length></extensions></trkpt><trkpt lat="33.627620248565" lon="130.4884279096462"><ele>16.22721162510817</ele><time>2025-12-22T10:27:38.94100Z</time><extensions><mytracks:speed>39.02590117452182</mytracks:speed><mytracks:length>0.06386076699133292</mytracks:length></extensions></trkpt><trkpt lat="33.62782710279062" lon="130.4878185472482"><ele>16.14988953530563</ele><time>2025-12-22T10:27:43.93400Z</time><extensions><mytracks:speed>43.93335502136084</mytracks:speed><mytracks:length>0.06092745952596883</mytracks:length></extensions></trkpt><trkpt lat="33.62806909144363" lon="130.4871363328411"><ele>15.19354245803789</ele><time>2025-12-22T10:27:49.04500Z</time><extensions><mytracks:speed>48.35365553307113</mytracks:speed><mytracks:length>0.06865653537775193</mytracks:length></extensions></trkpt><trkpt lat="33.62833152805678" lon="130.4864187884567"><ele>15.03685371606537</ele><time>2025-12-22T10:27:54.01300Z</time><extensions><mytracks:speed>52.58342706937134</mytracks:speed><mytracks:length>0.07256137779610103</mytracks:length></extensions></trkpt><trkpt lat="33.62863633719633" lon="130.4855121664023"><ele>16.04673969989975</ele><time>2025-12-22T10:27:59.97300Z</time><extensions><mytracks:speed>54.68064995560227</mytracks:speed><mytracks:gradient>0.01115588852934123</mytracks:gradient><mytracks:length>0.09052492602254562</mytracks:length></extensions></trkpt><trkpt lat="33.62888193764335" lon="130.4847296476333"><ele>16.6484710711041</ele><time>2025-12-22T10:28:05.02000Z</time><extensions><mytracks:speed>55.22854438596239</mytracks:speed><mytracks:gradient>0.007771672401164805</mytracks:gradient><mytracks:length>0.07742623982891575</mytracks:length></extensions></trkpt><trkpt lat="33.62910583174033" lon="130.4839705435568"><ele>17.44748688087973</ele><time>2025-12-22T10:28:09.98500Z</time><extensions><mytracks:speed>54.06593667735249</mytracks:speed><mytracks:gradient>0.01071624037398473</mytracks:gradient><mytracks:length>0.07456120634577727</mytracks:length></extensions></trkpt><trkpt lat="33.62930419266252" lon="130.4831927162277"><ele>17.8999217774568</ele><time>2025-12-22T10:28:14.99000Z</time><extensions><mytracks:speed>54.16620964048231</mytracks:speed><mytracks:gradient>0.006007039985199257</mytracks:gradient><mytracks:length>0.07531744381456169</mytracks:length></extensions></trkpt><trkpt lat="33.62946724793853" lon="130.4824149487567"><ele>18.39210856098769</ele><time>2025-12-22T10:28:20.01000Z</time><extensions><mytracks:speed>53.24989264836857</mytracks:speed><mytracks:gradient>0.006628142160940087</mytracks:gradient><mytracks:length>0.07425712538746893</mytracks:length></extensions></trkpt><trkpt lat="33.62959879375913" lon="130.4816112609923"><ele>17.512901690086</ele><time>2025-12-22T10:28:25.00700Z</time><extensions><mytracks:speed>54.63471935216607</mytracks:speed><mytracks:length>0.07583339850826262</mytracks:length></extensions></trkpt><trkpt lat="33.62969110738503" lon="130.4807960204706"><ele>16.9206673918829</ele><time>2025-12-22T10:28:30.01400Z</time><extensions><mytracks:speed>54.77613185909859</mytracks:speed><mytracks:length>0.07617367180722473</mytracks:length></extensions></trkpt><trkpt lat="33.62972318219215" lon="130.4799820104858"><ele>15.81546774148666</ele><time>2025-12-22T10:28:35.02900Z</time><extensions><mytracks:speed>54.15465092702243</mytracks:speed><mytracks:length>0.07544919719495422</mytracks:length></extensions></trkpt><trkpt lat="33.62969734624255" lon="130.4791140791316"><ele>14.93773190785164</ele><time>2025-12-22T10:28:40.49600Z</time><extensions><mytracks:speed>52.95192737796107</mytracks:speed><mytracks:length>0.08040851609750597</mytracks:length></extensions></trkpt><trkpt lat="33.62964733619951" lon="130.4782519360461"><ele>14.5555653412403</ele><time>2025-12-22T10:28:46.02000Z</time><extensions><mytracks:speed>52.14504692419946</mytracks:speed><mytracks:length>0.08001468839090703</mytracks:length></extensions></trkpt><trkpt lat="33.62954674672877" lon="130.477479424202"><ele>14.07724284727272</ele><time>2025-12-22T10:28:51.00600Z</time><extensions><mytracks:speed>52.27060596604754</mytracks:speed><mytracks:length>0.07239207094813536</mytracks:length></extensions></trkpt><trkpt lat="33.62941409614244" lon="130.4766852619572"><ele>14.24255659042379</ele><time>2025-12-22T10:28:56.00400Z</time><extensions><mytracks:speed>54.01125313467661</mytracks:speed><mytracks:gradient>0.002204408509822076</mytracks:gradient><mytracks:length>0.0749923357737409</mytracks:length></extensions></trkpt><trkpt lat="33.62923587791526" lon="130.4758835017429"><ele>12.82261743807527</ele><time>2025-12-22T10:29:00.97800Z</time><extensions><mytracks:speed>55.60417636656262</mytracks:speed><mytracks:length>0.07683069733419849</mytracks:length></extensions></trkpt><trkpt lat="33.62900288474994" lon="130.4750995660287"><ele>11.08786270249639</ele><time>2025-12-22T10:29:05.97600Z</time><extensions><mytracks:speed>55.51064927872412</mytracks:speed><mytracks:length>0.07706618040999873</mytracks:length></extensions></trkpt><trkpt lat="33.62872588720232" lon="130.4743131896359"><ele>10.91063797613908</ele><time>2025-12-22T10:29:11.03000Z</time><extensions><mytracks:speed>56.31562984027747</mytracks:speed><mytracks:length>0.07905408818896453</mytracks:length></extensions></trkpt><trkpt lat="33.6283726225301" lon="130.4734115391315"><ele>11.3684516624282</ele><time>2025-12-22T10:29:16.95000Z</time><extensions><mytracks:speed>56.10316078773926</mytracks:speed><mytracks:gradient>0.004962198093616095</mytracks:gradient><mytracks:length>0.09226026000011978</mytracks:length></extensions></trkpt><trkpt lat="33.62805718382873" lon="130.4726582001363"><ele>11.2702152236131</ele><time>2025-12-22T10:29:22.02900Z</time><extensions><mytracks:speed>55.33500554962736</mytracks:speed><mytracks:length>0.07807157060091265</mytracks:length></extensions></trkpt><trkpt lat="33.62765476296311" lon="130.4718020209421"><ele>11.56569006911294</ele><time>2025-12-22T10:29:27.93800Z</time><extensions><mytracks:speed>55.46450684903534</mytracks:speed><mytracks:gradient>0.003245963388802285</mytracks:gradient><mytracks:length>0.09102839746102846</mytracks:length></extensions></trkpt><trkpt lat="33.62730414934995" lon="130.4710922438924"><ele>11.1600498537973</ele><time>2025-12-22T10:29:33.02500Z</time><extensions><mytracks:speed>54.07359690208503</mytracks:speed><mytracks:length>0.0764104130435219</mytracks:length></extensions></trkpt><trkpt lat="33.62696968435704" lon="130.470398907426"><ele>11.31606548188256</ele><time>2025-12-22T10:29:37.98100Z</time><extensions><mytracks:speed>53.88632143194388</mytracks:speed><mytracks:gradient>0.002102937792905039</mytracks:gradient><mytracks:length>0.07418936908720396</mytracks:length></extensions></trkpt><trkpt lat="33.6266811154312" lon="130.4697018110396"><ele>16.16910499930245</ele><time>2025-12-22T10:29:42.99900Z</time><extensions><mytracks:speed>51.7147507589755</mytracks:speed><mytracks:gradient>0.06732965951064426</mytracks:gradient><mytracks:length>0.07207877706039294</mytracks:length></extensions></trkpt><trkpt lat="33.62644354872329" lon="130.4690627598683"><ele>18.20943661821215</ele><time>2025-12-22T10:29:48.02300Z</time><extensions><mytracks:speed>46.43197460856834</mytracks:speed><mytracks:gradient>0.03148778185752796</mytracks:gradient><mytracks:length>0.06479756586670786</mytracks:length></extensions></trkpt><trkpt lat="33.62625008264324" lon="130.4686185539921"><ele>16.8666435529508</ele><time>2025-12-22T10:29:53.00000Z</time><extensions><mytracks:speed>33.57321305566389</mytracks:speed><mytracks:length>0.04641462350616404</mytracks:length></extensions></trkpt><trkpt lat="33.62618522523567" lon="130.4684003924987"><ele>15.55808753189577</ele><time>2025-12-22T10:29:57.98600Z</time><extensions><mytracks:speed>15.48610497787301</mytracks:speed><mytracks:length>0.02144802489596225</mytracks:length></extensions></trkpt><trkpt lat="33.62608915218786" lon="130.4680328440982"><ele>15.49342624026016</ele><time>2025-12-22T10:30:02.99900Z</time><extensions><mytracks:speed>25.61076168692941</mytracks:speed><mytracks:length>0.03566814028085483</mytracks:length></extensions></trkpt><trkpt lat="33.62596857343853" lon="130.4674270462985"><ele>15.18143799300806</ele><time>2025-12-22T10:30:08.01900Z</time><extensions><mytracks:speed>41.36027291245266</mytracks:speed><mytracks:length>0.05767028287331994</mytracks:length></extensions></trkpt><trkpt lat="33.6257962137047" lon="130.4665081478527"><ele>15.66584491958616</ele><time>2025-12-22T10:30:13.98100Z</time><extensions><mytracks:speed>52.65914120763338</mytracks:speed><mytracks:gradient>0.005554383302751762</mytracks:gradient><mytracks:length>0.08721164892205165</mytracks:length></extensions></trkpt><trkpt lat="33.62565517733612" lon="130.4655919593254"><ele>15.38804261684949</ele><time>2025-12-22T10:30:19.00100Z</time><extensions><mytracks:speed>61.86195936933967</mytracks:speed><mytracks:length>0.08626636328659076</mytracks:length></extensions></trkpt><trkpt lat="33.62554987055905" lon="130.4645659388953"><ele>15.33407654516539</ele><time>2025-12-22T10:30:24.03800Z</time><extensions><mytracks:speed>68.41134049201274</mytracks:speed><mytracks:length>0.09571728716443038</mytracks:length></extensions></trkpt><trkpt lat="33.62551594990209" lon="130.4632604711508"><ele>14.51754518363922</ele><time>2025-12-22T10:30:30.01000Z</time><extensions><mytracks:speed>72.89617456747391</mytracks:speed><mytracks:length>0.1209310255934864</mytracks:length></extensions></trkpt><trkpt lat="33.62556071524422" lon="130.4621671481327"><ele>14.69488516899281</ele><time>2025-12-22T10:30:35.01000Z</time><extensions><mytracks:speed>72.98284396527016</mytracks:speed><mytracks:gradient>0.001749739467269421</mytracks:gradient><mytracks:length>0.1013522233857692</mytracks:length></extensions></trkpt><trkpt lat="33.62567628068245" lon="130.4610987336009"><ele>14.93398925458153</ele><time>2025-12-22T10:30:40.00000Z</time><extensions><mytracks:speed>71.96078328153833</mytracks:speed><mytracks:gradient>0.00239692087387532</mytracks:gradient><mytracks:length>0.09975468451828066</mytracks:length></extensions></trkpt><trkpt lat="33.6258574426506" lon="130.4599470336203"><ele>12.18016613398883</ele><time>2025-12-22T10:30:45.50700Z</time><extensions><mytracks:speed>70.941975242493</mytracks:speed><mytracks:length>0.108520721402466</mytracks:length></extensions></trkpt><trkpt lat="33.62608595643749" lon="130.4587878926783"><ele>6.794166078318967</ele><time>2025-12-22T10:30:51.01800Z</time><extensions><mytracks:speed>72.0466445316402</mytracks:speed><mytracks:length>0.1102903035407724</mytracks:length></extensions></trkpt><trkpt lat="33.62631173606825" lon="130.4577485913231"><ele>3.167528763095147</ele><time>2025-12-22T10:30:55.98500Z</time><extensions><mytracks:speed>72.07854427397336</mytracks:speed><mytracks:length>0.09944838375370378</mytracks:length></extensions></trkpt><trkpt lat="33.62659223774155" lon="130.4564853144421"><ele>4.269463516387453</ele><time>2025-12-22T10:31:01.97000Z</time><extensions><mytracks:speed>72.81430115582774</mytracks:speed><mytracks:gradient>0.009103003702070973</mytracks:gradient><mytracks:length>0.1210517747061457</mytracks:length></extensions></trkpt><trkpt lat="33.62682371940915" lon="130.4554496192386"><ele>6.533254180676601</ele><time>2025-12-22T10:31:06.99900Z</time><extensions><mytracks:speed>71.07944909673792</mytracks:speed><mytracks:gradient>0.02280041562100286</mytracks:gradient><mytracks:length>0.0992872543167078</mytracks:length></extensions></trkpt><trkpt lat="33.62705477763806" lon="130.454428786644"><ele>9.825771758275913</ele><time>2025-12-22T10:31:12.08100Z</time><extensions><mytracks:speed>69.37734942382761</mytracks:speed><mytracks:gradient>0.03361556407741444</mytracks:gradient><mytracks:length>0.09794622425543298</mytracks:length></extensions></trkpt><trkpt lat="33.62732492459703" lon="130.4532492310762"><ele>14.86764106045179</ele><time>2025-12-22T10:31:17.99200Z</time><extensions><mytracks:speed>68.98278566806842</mytracks:speed><mytracks:gradient>0.04451280652910148</mytracks:gradient><mytracks:length>0.1132678367264849</mytracks:length></extensions></trkpt><trkpt lat="33.62754847497884" lon="130.4522164523107"><ele>18.0642489234973</ele><time>2025-12-22T10:31:23.00100Z</time><extensions><mytracks:speed>71.00797204826912</mytracks:speed><mytracks:gradient>0.03235426795263504</mytracks:gradient><mytracks:length>0.09880019129856916</mytracks:length></extensions></trkpt><trkpt lat="33.62775377168695" lon="130.4511487122678"><ele>18.10055664193654</ele><time>2025-12-22T10:31:27.99600Z</time><extensions><mytracks:speed>73.12328841059417</mytracks:speed><mytracks:gradient>0.0003578517991188416</mytracks:gradient><mytracks:length>0.1014602093063262</mytracks:length></extensions></trkpt><trkpt lat="33.62798391363404" lon="130.4500911785644"><ele>16.95012697488468</ele><time>2025-12-22T10:31:33.04300Z</time><extensions><mytracks:speed>72.18518771995656</mytracks:speed><mytracks:length>0.1012024970709514</mytracks:length></extensions></trkpt><trkpt lat="33.62821576730915" lon="130.449040257096"><ele>16.61495224187741</ele><time>2025-12-22T10:31:37.99400Z</time><extensions><mytracks:speed>73.19192713644318</mytracks:speed><mytracks:length>0.1006585493523339</mytracks:length></extensions></trkpt><trkpt lat="33.62850210447772" lon="130.4477558174124"><ele>16.10342288831497</ele><time>2025-12-22T10:31:43.95000Z</time><extensions><mytracks:speed>74.41834657435186</mytracks:speed><mytracks:length>0.1231097429615297</mytracks:length></extensions></trkpt><trkpt lat="33.6287466344679" lon="130.4466782614675"><ele>15.75421969376082</ele><time>2025-12-22T10:31:49.03100Z</time><extensions><mytracks:speed>73.2609437058194</mytracks:speed><mytracks:length>0.1034053725901996</mytracks:length></extensions></trkpt><trkpt lat="33.62904742654965" lon="130.4454182587309"><ele>15.95972611837926</ele><time>2025-12-22T10:31:55.08300Z</time><extensions><mytracks:speed>72.18876952436526</mytracks:speed><mytracks:gradient>0.001693389162721912</mytracks:gradient><mytracks:length>0.1213580605937713</mytracks:length></extensions></trkpt><trkpt lat="33.62934936055989" lon="130.4442285397081"><ele>15.8496812882947</ele><time>2025-12-22T10:32:00.82500Z</time><extensions><mytracks:speed>72.20123654367774</mytracks:speed><mytracks:length>0.1151533857966236</mytracks:length></extensions></trkpt><trkpt lat="33.6296078348149" lon="130.4430924935449"><ele>15.71633555901779</ele><time>2025-12-22T10:32:06.15900Z</time><extensions><mytracks:speed>73.58920821284175</mytracks:speed><mytracks:length>0.1090368990309417</mytracks:length></extensions></trkpt><trkpt lat="33.62988636037123" lon="130.4418465203466"><ele>16.1364330415133</ele><time>2025-12-22T10:32:12.08900Z</time><extensions><mytracks:speed>72.51345954420448</mytracks:speed><mytracks:gradient>0.003517136098907487</mytracks:gradient><mytracks:length>0.119443055566146</mytracks:length></extensions></trkpt><trkpt lat="33.63015866588338" lon="130.4406279969526"><ele>16.67998342744255</ele><time>2025-12-22T10:32:17.98500Z</time><extensions><mytracks:speed>71.31549853095333</mytracks:speed><mytracks:gradient>0.004653330792451653</mytracks:gradient><mytracks:length>0.1168088859728108</mytracks:length></extensions></trkpt><trkpt lat="33.63039194447946" lon="130.4395882636082"><ele>16.89163687762824</ele><time>2025-12-22T10:32:22.98200Z</time><extensions><mytracks:speed>71.82294183720956</mytracks:speed><mytracks:gradient>0.00212298099002341</mytracks:gradient><mytracks:length>0.09969634734381477</mytracks:length></extensions></trkpt><trkpt lat="33.63064322982588" lon="130.4385400346153"><ele>16.57996806082853</ele><time>2025-12-22T10:32:27.96900Z</time><extensions><mytracks:speed>72.90497085444198</mytracks:speed><mytracks:length>0.1009913471656609</mytracks:length></extensions></trkpt><trkpt lat="33.63090959990319" lon="130.4374953224904"><ele>16.01156635119467</ele><time>2025-12-22T10:32:32.98700Z</time><extensions><mytracks:speed>72.57796950494001</mytracks:speed><mytracks:length>0.1011565336290744</mytracks:length></extensions></trkpt><trkpt lat="33.6311695924055" lon="130.4364574789089"><ele>15.69123574458204</ele><time>2025-12-22T10:32:38.01600Z</time><extensions><mytracks:speed>71.82897671841741</mytracks:speed><mytracks:length>0.1003418496009215</mytracks:length></extensions></trkpt><trkpt lat="33.63142060863676" lon="130.4354365958995"><ele>15.24432174004478</ele><time>2025-12-22T10:32:42.98600Z</time><extensions><mytracks:speed>71.37792972109216</mytracks:speed><mytracks:length>0.09855161904173913</mytracks:length></extensions></trkpt><trkpt lat="33.63169788807116" lon="130.4344219791545"><ele>15.55792458925203</ele><time>2025-12-22T10:32:47.98200Z</time><extensions><mytracks:speed>71.24922367064383</mytracks:speed><mytracks:gradient>0.003171983330603437</mytracks:gradient><mytracks:length>0.09886648715382496</mytracks:length></extensions></trkpt><trkpt lat="33.63196809045569" lon="130.4332890916256"><ele>14.7517092685439</ele><time>2025-12-22T10:32:53.50500Z</time><extensions><mytracks:speed>71.11534402980004</mytracks:speed><mytracks:length>0.1091039136200069</mytracks:length></extensions></trkpt><trkpt lat="33.63228630031714" lon="130.4322176301534"><ele>9.855860990004869</ele><time>2025-12-22T10:32:58.93600Z</time><extensions><mytracks:speed>69.80487070392763</mytracks:speed><mytracks:length>0.1053197921881731</mytracks:length></extensions></trkpt><trkpt lat="33.63263774887125" lon="130.4312014412883"><ele>6.727713442029708</ele><time>2025-12-22T10:33:04.11700Z</time><extensions><mytracks:speed>70.79366504324136</mytracks:speed><mytracks:length>0.1018741565788267</mytracks:length></extensions></trkpt><trkpt lat="33.63297130335469" lon="130.4300157679978"><ele>7.89356441577047</ele><time>2025-12-22T10:33:10.00500Z</time><extensions><mytracks:speed>70.84755465644305</mytracks:speed><mytracks:gradient>0.01006190129787965</mytracks:gradient><mytracks:length>0.115867860280685</mytracks:length></extensions></trkpt><trkpt lat="33.63324954627729" lon="130.4290053549112"><ele>8.947566627363289</ele><time>2025-12-22T10:33:15.00200Z</time><extensions><mytracks:speed>70.97020020527944</mytracks:speed><mytracks:gradient>0.01069740735037272</mytracks:gradient><mytracks:length>0.09852875346997927</mytracks:length></extensions></trkpt><trkpt lat="33.63357864863302" lon="130.427773342359"><ele>11.462522881011</ele><time>2025-12-22T10:33:21.10300Z</time><extensions><mytracks:speed>70.68827239833787</mytracks:speed><mytracks:gradient>0.02099520587317568</mytracks:gradient><mytracks:length>0.1197871680249121</mytracks:length></extensions></trkpt><trkpt lat="33.63386761614422" lon="130.4265937494699"><ele>13.77770251103134</ele><time>2025-12-22T10:33:27.07400Z</time><extensions><mytracks:speed>68.63759200781107</mytracks:speed><mytracks:gradient>0.02033783476990296</mytracks:gradient><mytracks:length>0.1138360920035827</mytracks:length></extensions></trkpt><trkpt lat="33.6341948609069" lon="130.4254707936234"><ele>14.07182084545028</ele><time>2025-12-22T10:33:33.01900Z</time><extensions><mytracks:speed>66.69351761731824</mytracks:speed><mytracks:gradient>0.002670225721019028</mytracks:gradient><mytracks:length>0.1101473677314066</mytracks:length></extensions></trkpt><trkpt lat="33.6345136925022" lon="130.4243336534217"><ele>16.36550803970181</ele><time>2025-12-22T10:33:38.95600Z</time><extensions><mytracks:speed>67.36166062620065</mytracks:speed><mytracks:gradient>0.02064798262729484</mytracks:gradient><mytracks:length>0.1110852927210173</mytracks:length></extensions></trkpt><trkpt lat="33.63477517064209" lon="130.4233767539854"><ele>19.43615154637266</ele><time>2025-12-22T10:33:44.01300Z</time><extensions><mytracks:speed>66.37553691293151</mytracks:speed><mytracks:gradient>0.03293321508972252</mytracks:gradient><mytracks:length>0.09323849792087587</mytracks:length></extensions></trkpt><trkpt lat="33.63502073898143" lon="130.4224652134545"><ele>18.81150685403246</ele><time>2025-12-22T10:33:49.01100Z</time><extensions><mytracks:speed>63.88527032076783</mytracks:speed><mytracks:length>0.08869746513237238</mytracks:length></extensions></trkpt><trkpt lat="33.6352101196881" lon="130.421598449036"><ele>16.22447809737115</ele><time>2025-12-22T10:33:53.98000Z</time><extensions><mytracks:speed>60.10836880939375</mytracks:speed><mytracks:length>0.0829612295903755</mytracks:length></extensions></trkpt><trkpt lat="33.63529214720883" lon="130.4207958064248"><ele>13.38766090883962</ele><time>2025-12-22T10:33:59.02100Z</time><extensions><mytracks:speed>53.4611777380574</mytracks:speed><mytracks:length>0.07486531626588966</mytracks:length></extensions></trkpt><trkpt lat="33.63509059796397" lon="130.4200578457342"><ele>10.25413827423367</ele><time>2025-12-22T10:34:04.01000Z</time><extensions><mytracks:speed>51.8867881090143</mytracks:speed><mytracks:length>0.07190144013039784</mytracks:length></extensions></trkpt><trkpt lat="33.6345743526977" lon="130.4195071922263"><ele>9.237894493290185</ele><time>2025-12-22T10:34:08.99400Z</time><extensions><mytracks:speed>55.45540174829225</mytracks:speed><mytracks:length>0.07677284363634257</mytracks:length></extensions></trkpt><trkpt lat="33.63391541528858" lon="130.4191795487646"><ele>9.568420998557196</ele><time>2025-12-22T10:34:13.96000Z</time><extensions><mytracks:speed>57.48597916745832</mytracks:speed><mytracks:gradient>0.004167994097809869</mytracks:gradient><mytracks:length>0.07930109724500115</mytracks:length></extensions></trkpt><trkpt lat="33.63322724175872" lon="130.4188845666217"><ele>10.20573818128781</ele><time>2025-12-22T10:34:19.03500Z</time><extensions><mytracks:speed>57.6284905496471</mytracks:speed><mytracks:gradient>0.007844034788540273</mytracks:gradient><mytracks:length>0.08124864306590063</mytracks:length></extensions></trkpt><trkpt lat="33.63242018698657" lon="130.4185652876315"><ele>11.67626176757413</ele><time>2025-12-22T10:34:24.96900Z</time><extensions><mytracks:speed>57.32656872529071</mytracks:speed><mytracks:gradient>0.01556385787123459</mytracks:gradient><mytracks:length>0.09448323150034442</mytracks:length></extensions></trkpt><trkpt lat="33.63174730231181" lon="130.4183078867289"><ele>11.3205017666028</ele><time>2025-12-22T10:34:30.06500Z</time><extensions><mytracks:speed>55.47165217359368</mytracks:speed><mytracks:length>0.07852480648587577</mytracks:length></extensions></trkpt><trkpt lat="33.63096786113137" lon="130.418000058608"><ele>11.37729307411665</ele><time>2025-12-22T10:34:35.93700Z</time><extensions><mytracks:speed>55.92915217716181</mytracks:speed><mytracks:gradient>0.0006224701581164088</mytracks:gradient><mytracks:length>0.09123538979876514</mytracks:length></extensions></trkpt><trkpt lat="33.63027920351043" lon="130.4177312401833"><ele>10.53967126058262</ele><time>2025-12-22T10:34:41.03900Z</time><extensions><mytracks:speed>56.81242779465316</mytracks:speed><mytracks:length>0.08051822999458158</mytracks:length></extensions></trkpt><trkpt lat="33.62948950740794" lon="130.4174130979195"><ele>11.26216990711529</ele><time>2025-12-22T10:34:46.95700Z</time><extensions><mytracks:speed>56.34103766053896</mytracks:speed><mytracks:gradient>0.007800780661903836</mytracks:gradient><mytracks:length>0.09261876187098621</mytracks:length></extensions></trkpt><trkpt lat="33.62880452889897" lon="130.4171463553581"><ele>9.143472609982361</ele><time>2025-12-22T10:34:52.00600Z</time><extensions><mytracks:speed>57.09298748593356</mytracks:speed><mytracks:length>0.08006986208854165</mytracks:length></extensions></trkpt><trkpt lat="33.62805939531408" lon="130.4168349129389"><ele>7.271034934724558</ele><time>2025-12-22T10:34:57.52300Z</time><extensions><mytracks:speed>57.24979327220916</mytracks:speed><mytracks:length>0.08772925631231902</mytracks:length></extensions></trkpt><trkpt lat="33.62726912774698" lon="130.4165232926692"><ele>8.288225483831445</ele><time>2025-12-22T10:35:03.48300Z</time><extensions><mytracks:speed>55.86257976475083</mytracks:speed><mytracks:gradient>0.01099795597868597</mytracks:gradient><mytracks:length>0.09248905442776828</mytracks:length></extensions></trkpt><trkpt lat="33.62652630401737" lon="130.4162350174961"><ele>9.351590370905882</ele><time>2025-12-22T10:35:08.95200Z</time><extensions><mytracks:speed>57.14626873352823</mytracks:speed><mytracks:gradient>0.01225025038684665</mytracks:gradient><mytracks:length>0.08680352266237713</mytracks:length></extensions></trkpt><trkpt lat="33.62584773678832" lon="130.4159727251652"><ele>10.00369844215626</ele><time>2025-12-22T10:35:14.03500Z</time><extensions><mytracks:speed>56.12935131366436</mytracks:speed><mytracks:gradient>0.008226929486664793</mytracks:gradient><mytracks:length>0.0792650614433235</mytracks:length></extensions></trkpt><trkpt lat="33.6251804993476" lon="130.4157121290295"><ele>10.52722028090814</ele><time>2025-12-22T10:35:19.03400Z</time><extensions><mytracks:speed>56.19171640320388</mytracks:speed><mytracks:gradient>0.006710256111299365</mytracks:gradient><mytracks:length>0.07801816056921092</mytracks:length></extensions></trkpt><trkpt lat="33.62452550294107" lon="130.4154430599075"><ele>10.38716703744693</ele><time>2025-12-22T10:35:24.00500Z</time><extensions><mytracks:speed>55.74454763774933</mytracks:speed><mytracks:length>0.07697531697313038</mytracks:length></extensions></trkpt><trkpt lat="33.62387604509" lon="130.4151279690948"><ele>10.01365442066589</ele><time>2025-12-22T10:35:28.98500Z</time><extensions><mytracks:speed>56.30314847906917</mytracks:speed><mytracks:length>0.07788676066543343</mytracks:length></extensions></trkpt><trkpt lat="33.6232499181348" lon="130.4147572903211"><ele>10.8318657237035</ele><time>2025-12-22T10:35:34.00600Z</time><extensions><mytracks:speed>55.65521749974197</mytracks:speed><mytracks:gradient>0.01054093003019168</mytracks:gradient><mytracks:length>0.07762230663651765</mytracks:length></extensions></trkpt><trkpt lat="33.62264728357511" lon="130.4143436463086"><ele>10.54332935876902</ele><time>2025-12-22T10:35:39.00000Z</time><extensions><mytracks:speed>55.63146748288244</mytracks:speed><mytracks:length>0.07718309787315808</mytracks:length></extensions></trkpt><trkpt lat="33.62205378693415" lon="130.4139275994678"><ele>9.640939558009885</ele><time>2025-12-22T10:35:44.00000Z</time><extensions><mytracks:speed>55.02555448572019</mytracks:speed><mytracks:length>0.07641460020145648</mytracks:length></extensions></trkpt><trkpt lat="33.62143068413521" lon="130.413543635933"><ele>8.880133307609595</ele><time>2025-12-22T10:35:48.98800Z</time><extensions><mytracks:speed>56.20280358289178</mytracks:speed><mytracks:length>0.0778748989164062</mytracks:length></extensions></trkpt><trkpt lat="33.62078750912328" lon="130.4132322966868"><ele>9.2487858755758</ele><time>2025-12-22T10:35:54.00800Z</time><extensions><mytracks:speed>55.30189092721197</mytracks:speed><mytracks:gradient>0.004780900667655179</mytracks:gradient><mytracks:length>0.07710943890976354</mytracks:length></extensions></trkpt><trkpt lat="33.62013383199209" lon="130.4129641632403"><ele>9.601785906729672</ele><time>2025-12-22T10:35:59.02600Z</time><extensions><mytracks:speed>55.09883659175851</mytracks:speed><mytracks:gradient>0.004595816440707352</mytracks:gradient><mytracks:length>0.0768089926366905</mytracks:length></extensions></trkpt><trkpt lat="33.61936458840783" lon="130.4126571677113"><ele>10.88861887090839</ele><time>2025-12-22T10:36:04.91300Z</time><extensions><mytracks:speed>55.1184006348093</mytracks:speed><mytracks:gradient>0.01427659375406126</mytracks:gradient><mytracks:length>0.09013585357590304</mytracks:length></extensions></trkpt><trkpt lat="33.6187232506859" lon="130.4124152109469"><ele>12.76999000440063</ele><time>2025-12-22T10:36:09.99300Z</time><extensions><mytracks:speed>52.97519374397049</mytracks:speed><mytracks:gradient>0.02516887899637759</mytracks:gradient><mytracks:length>0.07474989783069065</mytracks:length></extensions></trkpt><trkpt lat="33.6181028638814" lon="130.4121736864775"><ele>10.58782327857824</ele><time>2025-12-22T10:36:14.95800Z</time><extensions><mytracks:speed>52.58258667089032</mytracks:speed><mytracks:length>0.07251857548192217</mytracks:length></extensions></trkpt><trkpt lat="33.61744159783616" lon="130.4119096539292"><ele>10.54871386624597</ele><time>2025-12-22T10:36:20.04200Z</time><extensions><mytracks:speed>54.86200430033657</mytracks:speed><mytracks:length>0.07748750220853232</mytracks:length></extensions></trkpt><trkpt lat="33.61679841333376" lon="130.4116512237128"><ele>11.07854628356499</ele><time>2025-12-22T10:36:25.03000Z</time><extensions><mytracks:speed>54.43442722916696</mytracks:speed><mytracks:gradient>0.00702544933125665</mytracks:gradient><mytracks:length>0.07541616092251466</mytracks:length></extensions></trkpt><trkpt lat="33.61603200314983" lon="130.4113478237532"><ele>11.38480374358424</ele><time>2025-12-22T10:36:30.98000Z</time><extensions><mytracks:speed>54.29124563495085</mytracks:speed><mytracks:gradient>0.003413010983117409</mytracks:gradient><mytracks:length>0.08973233943112524</mytracks:length></extensions></trkpt><trkpt lat="33.61537872981674" lon="130.4110850051147"><ele>11.12653992188228</ele><time>2025-12-22T10:36:36.00300Z</time><extensions><mytracks:speed>54.90662015108825</mytracks:speed><mytracks:length>0.07660907971650878</mytracks:length></extensions></trkpt><trkpt lat="33.61472425620942" lon="130.4108204340242"><ele>11.66417054619328</ele><time>2025-12-22T10:36:40.98300Z</time><extensions><mytracks:speed>55.50813411012265</mytracks:speed><mytracks:gradient>0.007001558222654384</mytracks:gradient><mytracks:length>0.07678728180413169</mytracks:length></extensions></trkpt><trkpt lat="33.61404804637223" lon="130.4105502441348"><ele>11.22291279196348</ele><time>2025-12-22T10:36:46.00100Z</time><extensions><mytracks:speed>56.85368395466536</mytracks:speed><mytracks:length>0.07924447844679276</mytracks:length></extensions></trkpt><trkpt lat="33.613394103303" lon="130.4102924717098"><ele>11.23311441208688</ele><time>2025-12-22T10:36:51.01400Z</time><extensions><mytracks:speed>54.96056570305557</mytracks:speed><mytracks:gradient>0.000133297243491802</mytracks:gradient><mytracks:length>0.07653286636814442</mytracks:length></extensions></trkpt><trkpt lat="33.61273787687173" lon="130.4100210003625"><ele>10.07036546090511</ele><time>2025-12-22T10:36:56.01900Z</time><extensions><mytracks:speed>55.50841654156446</mytracks:speed><mytracks:length>0.07717801818819844</mytracks:length></extensions></trkpt><trkpt lat="33.61207346496571" lon="130.4097156669045"><ele>11.26818918664324</ele><time>2025-12-22T10:37:01.03400Z</time><extensions><mytracks:speed>56.78670370055951</mytracks:speed><mytracks:gradient>0.01514217183562601</mytracks:gradient><mytracks:length>0.07910514678745938</mytracks:length></extensions></trkpt><trkpt lat="33.61136692313953" lon="130.4094169110181"><ele>11.42213301297396</ele><time>2025-12-22T10:37:06.50300Z</time><extensions><mytracks:speed>54.8265170264801</mytracks:speed><mytracks:gradient>0.001848225315797</mytracks:gradient><mytracks:length>0.08329278092608453</mytracks:length></extensions></trkpt><trkpt lat="33.61065962380843" lon="130.4091178715734"><ele>11.55061686869948</ele><time>2025-12-22T10:37:11.97100Z</time><extensions><mytracks:speed>54.89663717869548</mytracks:speed><mytracks:gradient>0.001540924312522328</mytracks:gradient><mytracks:length>0.08338102960761851</mytracks:length></extensions></trkpt><trkpt lat="33.61000166320246" lon="130.4088209870535"><ele>9.994755649770129</ele><time>2025-12-22T10:37:16.98100Z</time><extensions><mytracks:speed>56.16379035035015</mytracks:speed><mytracks:length>0.07815706604971213</mytracks:length></extensions></trkpt><trkpt lat="33.60934654827404" lon="130.4085581771072"><ele>7.793853446421755</ele><time>2025-12-22T10:37:21.97600Z</time><extensions><mytracks:speed>55.35042307352252</mytracks:speed><mytracks:length>0.0768035361670201</mytracks:length></extensions></trkpt><trkpt lat="33.60866627643842" lon="130.4084619859257"><ele>7.37289842421826</ele><time>2025-12-22T10:37:27.03100Z</time><extensions><mytracks:speed>54.25000309352867</mytracks:speed><mytracks:length>0.07616550743285552</mytracks:length></extensions></trkpt><trkpt lat="33.60798233079512" lon="130.408563329129"><ele>7.438624774346751</ele><time>2025-12-22T10:37:31.99000Z</time><extensions><mytracks:speed>55.62469752855649</mytracks:speed><mytracks:gradient>0.0008577306351637312</mytracks:gradient><mytracks:length>0.07662819471983164</mytracks:length></extensions></trkpt><trkpt lat="33.60729588885499" lon="130.4087302869057"><ele>6.467564574711894</ele><time>2025-12-22T10:37:37.01100Z</time><extensions><mytracks:speed>55.84008772623893</mytracks:speed><mytracks:length>0.07787906519995019</mytracks:length></extensions></trkpt><trkpt lat="33.60646395821914" lon="130.408919106929"><ele>6.778704675201563</ele><time>2025-12-22T10:37:42.87900Z</time><extensions><mytracks:speed>57.75216601432125</mytracks:speed><mytracks:gradient>0.003304915023332258</mytracks:gradient><mytracks:length>0.09414465978491449</mytracks:length></extensions></trkpt><trkpt lat="33.60572566173385" lon="130.4090758747826"><ele>6.389206234536717</ele><time>2025-12-22T10:37:48.12600Z</time><extensions><mytracks:speed>57.20424357331423</mytracks:speed><mytracks:length>0.08336870636134472</mytracks:length></extensions></trkpt><trkpt lat="33.60506122950693" lon="130.4091664052597"><ele>4.713119816260664</ele><time>2025-12-22T10:37:53.08500Z</time><extensions><mytracks:speed>53.98330618506064</mytracks:speed><mytracks:length>0.07435573507518597</mytracks:length></extensions></trkpt><trkpt lat="33.60440534309978" lon="130.4092595583631"><ele>0.7661526355373264</ele><time>2025-12-22T10:37:58.06600Z</time><extensions><mytracks:speed>53.06866477280627</mytracks:speed><mytracks:length>0.07343967862764787</mytracks:length></extensions></trkpt><trkpt lat="33.6037535510795" lon="130.4093460910333"><ele>0.159534624755879</ele><time>2025-12-22T10:38:03.02300Z</time><extensions><mytracks:speed>52.9658743987408</mytracks:speed><mytracks:length>0.07291766348066715</mytracks:length></extensions></trkpt><trkpt lat="33.60306109288759" lon="130.4095156938598"><ele>3.955617850809784</ele><time>2025-12-22T10:38:08.78900Z</time><extensions><mytracks:speed>49.06306408789099</mytracks:speed><mytracks:gradient>0.04830626397969059</mytracks:gradient><mytracks:length>0.07858366417344742</mytracks:length></extensions></trkpt><trkpt lat="33.60230899413717" lon="130.4098692999109"><ele>0.2503945706412196</ele><time>2025-12-22T10:38:16.00000Z</time><extensions><mytracks:speed>44.83704470804371</mytracks:speed><mytracks:length>0.08981305683891058</mytracks:length></extensions></trkpt><trkpt lat="33.60200280559006" lon="130.4102021641119"><ele>2.013397427701579</ele><time>2025-12-22T10:38:20.96900Z</time><extensions><mytracks:speed>33.2712149705628</mytracks:speed><mytracks:gradient>0.03838476752983638</mytracks:gradient><mytracks:length>0.04592975209996992</mytracks:length></extensions></trkpt><trkpt lat="33.60165614274816" lon="130.4102742042453"><ele>5.595401097386503</ele><time>2025-12-22T10:38:26.02300Z</time><extensions><mytracks:speed>27.86802275410274</mytracks:speed><mytracks:gradient>0.09156418394806341</mytracks:gradient><mytracks:length>0.03912013972315519</mytracks:length></extensions></trkpt><trkpt lat="33.60131431515138" lon="130.4100977712427"><ele>9.287626034787415</ele><time>2025-12-22T10:38:31.04900Z</time><extensions><mytracks:speed>29.63603384864459</mytracks:speed><mytracks:gradient>0.08924248450850925</mytracks:gradient><mytracks:length>0.04137295098556853</mytracks:length></extensions></trkpt><trkpt lat="33.60105845725062" lon="130.4097897217787"><ele>7.934701160579062</ele><time>2025-12-22T10:38:36.00300Z</time><extensions><mytracks:speed>29.2761437035186</mytracks:speed><mytracks:length>0.04029117126608621</mytracks:length></extensions></trkpt><trkpt lat="33.60071591558148" lon="130.4093904199878"><ele>4.301310333125709</ele><time>2025-12-22T10:38:41.91300Z</time><extensions><mytracks:speed>32.33844176773707</mytracks:speed><mytracks:length>0.05308852825595672</mytracks:length></extensions></trkpt><trkpt lat="33.60037333040614" lon="130.4091078023067"><ele>3.968452978432329</ele><time>2025-12-22T10:38:47.06500Z</time><extensions><mytracks:speed>32.29551339374414</mytracks:speed><mytracks:length>0.04621954986869744</mytracks:length></extensions></trkpt><trkpt lat="33.6000675442441" lon="130.4088662157096"><ele>4.381280393925625</ele><time>2025-12-22T10:38:52.05600Z</time><extensions><mytracks:speed>29.36049089975515</mytracks:speed><mytracks:gradient>0.01014234841427773</mytracks:gradient><mytracks:length>0.04070333601556662</mytracks:length></extensions></trkpt><trkpt lat="33.59976305465993" lon="130.4085675341899"><ele>5.12297195196022</ele><time>2025-12-22T10:38:58.00400Z</time><extensions><mytracks:speed>26.461257778079</mytracks:speed><mytracks:gradient>0.01696400357124603</mytracks:gradient><mytracks:length>0.04372149268417752</mytracks:length></extensions></trkpt><trkpt lat="33.59954867526188" lon="130.4083577489097"><ele>8.572461332587702</ele><time>2025-12-22T10:39:03.01700Z</time><extensions><mytracks:speed>22.08632471442465</mytracks:speed><mytracks:gradient>0.1121674665953919</mytracks:gradient><mytracks:length>0.03075302924572957</mytracks:length></extensions></trkpt><trkpt lat="33.59932576964402" lon="130.408163882247"><ele>10.14096356618096</ele><time>2025-12-22T10:39:08.00700Z</time><extensions><mytracks:speed>22.08142885503719</mytracks:speed><mytracks:gradient>0.05124795187243745</mytracks:gradient><mytracks:length>0.03060614475867173</mytracks:length></extensions></trkpt><trkpt lat="33.59903942579643" lon="130.4079015084347"><ele>10.36454683449998</ele><time>2025-12-22T10:39:13.50000Z</time><extensions><mytracks:speed>26.2483092060198</mytracks:speed><mytracks:gradient>0.005582088295280976</mytracks:gradient><mytracks:length>0.04005369612444761</mytracks:length></extensions></trkpt><trkpt lat="33.59880272006176" lon="130.4076884413068"><ele>10.57933673129138</ele><time>2025-12-22T10:39:18.50000Z</time><extensions><mytracks:speed>23.68543409428119</mytracks:speed><mytracks:gradient>0.006529225111891938</mytracks:gradient><mytracks:length>0.03289669035919661</mytracks:length></extensions></trkpt><trkpt lat="33.59861820481267" lon="130.4075015563865"><ele>11.01726154868376</ele><time>2025-12-22T10:39:23.94600Z</time><extensions><mytracks:speed>17.74634424275756</mytracks:speed><mytracks:gradient>0.01631428473525314</mytracks:gradient><mytracks:length>0.0268430289466554</mytracks:length></extensions></trkpt><trkpt lat="33.59859676266252" lon="130.4074676786331"><ele>10.95083837847057</ele><time>2025-12-22T10:39:28.97600Z</time><extensions><mytracks:speed>2.819583460139056</mytracks:speed><mytracks:length>0.003939528905518744</mytracks:length></extensions></trkpt><trkpt lat="33.59859259420844" lon="130.4074432948912"><ele>10.04168848786503</ele><time>2025-12-22T10:39:44.00000Z</time><extensions><mytracks:speed>0.5520644665549286</mytracks:speed><mytracks:length>0.002304015334397221</mytracks:length></extensions></trkpt><trkpt lat="33.59845756801652" lon="130.4072861915114"><ele>9.964469607151143</ele><time>2025-12-22T10:39:48.99300Z</time><extensions><mytracks:speed>15.07406912409468</mytracks:speed><mytracks:length>0.02090797723185205</mytracks:length></extensions></trkpt><trkpt lat="33.59819594383249" lon="130.407060329823"><ele>9.909252085135664</ele><time>2025-12-22T10:39:53.98200Z</time><extensions><mytracks:speed>25.85890700842726</mytracks:speed><mytracks:length>0.03583163011924329</mytracks:length></extensions></trkpt><trkpt lat="33.59788784660526" lon="130.4067701752404"><ele>9.916025545878496</ele><time>2025-12-22T10:39:58.99500Z</time><extensions><mytracks:speed>31.26428124283066</mytracks:speed><mytracks:gradient>0.000155563430928162</mytracks:gradient><mytracks:length>0.0435414718126093</mytracks:length></extensions></trkpt><trkpt lat="33.59762697446538" lon="130.4065179486868"><ele>9.905485745499286</ele><time>2025-12-22T10:40:03.99900Z</time><extensions><mytracks:speed>26.79422397377927</mytracks:speed><mytracks:length>0.03724489723517589</mytracks:length></extensions></trkpt><trkpt lat="33.59748800816418" lon="130.4063841778883"><ele>9.457022647213732</ele><time>2025-12-22T10:40:08.99300Z</time><extensions><mytracks:speed>14.27949996074144</mytracks:speed><mytracks:length>0.01980601518644515</mytracks:length></extensions></trkpt><trkpt lat="33.59746449982228" lon="130.4063521210255"><ele>9.061103672867176</ele><time>2025-12-22T10:40:13.98300Z</time><extensions><mytracks:speed>2.853361445610336</mytracks:speed><mytracks:length>0.003955510832827567</mytracks:length></extensions></trkpt><trkpt lat="33.59745921087301" lon="130.4063451825603"><ele>9.370161596969004</ele><time>2025-12-22T10:40:19.00300Z</time><extensions><mytracks:speed>0.6277424241820313</mytracks:speed><mytracks:gradient>0.353104052993553</mytracks:gradient><mytracks:length>0.0008752602001639161</mytracks:length></extensions></trkpt><trkpt lat="33.59746135389614" lon="130.4063588123014"><ele>9.833283504180482</ele><time>2025-12-22T10:40:23.99800Z</time><extensions><mytracks:speed>0.9254764938142817</mytracks:speed><mytracks:gradient>0.3606135675461519</mytracks:gradient><mytracks:length>0.001284260906662108</mytracks:length></extensions></trkpt><trkpt lat="33.59744257905763" lon="130.4063605571722"><ele>10.15296102183228</ele><time>2025-12-22T10:40:35.51100Z</time><extensions><mytracks:speed>0.6544399995706004</mytracks:speed><mytracks:gradient>0.1527447323214608</mytracks:gradient><mytracks:length>0.00209288734736212</mytracks:length></extensions></trkpt><trkpt lat="33.59735299082023" lon="130.4063022031692"><ele>10.28645292855799</ele><time>2025-12-22T10:41:12.00000Z</time><extensions><mytracks:speed>1.118180582125414</mytracks:speed><mytracks:gradient>0.01177848170413559</mytracks:gradient><mytracks:length>0.01133354112006133</mytracks:length></extensions></trkpt><trkpt lat="33.59716855196667" lon="130.4061139018174"><ele>10.06344225424137</ele><time>2025-12-22T10:41:17.50500Z</time><extensions><mytracks:speed>17.60381539242749</mytracks:speed><mytracks:length>0.02692164861958016</mytracks:length></extensions></trkpt><trkpt lat="33.59693384609528" lon="130.4058968754563"><ele>9.82745288964732</ele><time>2025-12-22T10:41:23.00000Z</time><extensions><mytracks:speed>21.58002347844118</mytracks:speed><mytracks:length>0.03294172761775006</mytracks:length></extensions></trkpt><trkpt lat="33.59663610541337" lon="130.4055980797003"><ele>10.21551231671623</ele><time>2025-12-22T10:41:28.50400Z</time><extensions><mytracks:speed>28.22355294020458</mytracks:speed><mytracks:gradient>0.008993146498599067</mytracks:gradient><mytracks:length>0.04315057328704207</mytracks:length></extensions></trkpt><trkpt lat="33.59619989127588" lon="130.4052209765684"><ele>9.500153472514342</ele><time>2025-12-22T10:41:34.17400Z</time><extensions><mytracks:speed>37.95274294585505</mytracks:speed><mytracks:length>0.05977162850228299</mytracks:length></extensions></trkpt><trkpt lat="33.59580023306477" lon="130.404830997982"><ele>8.769864177625028</ele><time>2025-12-22T10:41:39.99900Z</time><extensions><mytracks:speed>35.39051547068109</mytracks:speed><mytracks:length>0.05726754965964457</mytracks:length></extensions></trkpt><trkpt lat="33.59543985926972" lon="130.4045163191861"><ele>7.757330306867384</ele><time>2025-12-22T10:41:45.08600Z</time><extensions><mytracks:speed>35.06589525475008</mytracks:speed><mytracks:length>0.04955040540822506</mytracks:length></extensions></trkpt><trkpt lat="33.59507662971408" lon="130.4041551173653"><ele>6.453087453367031</ele><time>2025-12-22T10:41:50.90600Z</time><extensions><mytracks:speed>32.4428119900344</mytracks:speed><mytracks:length>0.05244554445108124</mytracks:length></extensions></trkpt><trkpt lat="33.59477940293095" lon="130.4038379907931"><ele>5.170097860395681</ele><time>2025-12-22T10:41:55.99000Z</time><extensions><mytracks:speed>31.31225290091814</mytracks:speed><mytracks:length>0.04421621057444907</mytracks:length></extensions></trkpt><trkpt lat="33.59452336732387" lon="130.4035726741311"><ele>5.008756135241351</ele><time>2025-12-22T10:42:00.98200Z</time><extensions><mytracks:speed>27.11824734271779</mytracks:speed><mytracks:length>0.03760875937991373</mytracks:length></extensions></trkpt><trkpt lat="33.59429901669462" lon="130.4033835681853"><ele>4.431759824120095</ele><time>2025-12-22T10:42:06.00200Z</time><extensions><mytracks:speed>21.86019469082483</mytracks:speed><mytracks:length>0.03048132778689324</mytracks:length></extensions></trkpt><trkpt lat="33.59420691572524" lon="130.4033158280901"><ele>3.984039011148058</ele><time>2025-12-22T10:42:11.04100Z</time><extensions><mytracks:speed>8.580539004530726</mytracks:speed><mytracks:length>0.01201034705378424</mytracks:length></extensions></trkpt><trkpt lat="33.59419151761823" lon="130.4033269504162"><ele>3.949101330394159</ele><time>2025-12-22T10:42:18.76600Z</time><extensions><mytracks:speed>0.9300865308156517</mytracks:speed><mytracks:length>0.001995900341588506</mytracks:length></extensions></trkpt><trkpt lat="33.5941134931241" lon="130.4033346601565"><ele>3.672457638196647</ele><time>2025-12-22T10:43:12.00000Z</time><extensions><mytracks:speed>0.5886654242265329</mytracks:speed><mytracks:length>0.008704588427646617</mytracks:length></extensions></trkpt><trkpt lat="33.5940721039053" lon="130.4032933536953"><ele>5.961718430742621</ele><time>2025-12-22T10:43:24.00000Z</time><extensions><mytracks:speed>1.79541271893054</mytracks:speed><mytracks:gradient>0.3825195367095096</mytracks:gradient><mytracks:length>0.005984689859865823</mytracks:length></extensions></trkpt><trkpt lat="33.59404404151415" lon="130.4032629589824"><ele>5.926286002748507</ele><time>2025-12-22T10:43:34.87400Z</time><extensions><mytracks:speed>1.390991905132918</mytracks:speed><mytracks:length>0.004201892485177685</mytracks:length></extensions></trkpt><trkpt lat="33.59394140458722" lon="130.4031490253199"><ele>5.822182088159025</ele><time>2025-12-22T10:44:03.00000Z</time><extensions><mytracks:speed>1.989593849153244</mytracks:speed><mytracks:length>0.01554389755253406</mytracks:length></extensions></trkpt><trkpt lat="33.59378739490055" lon="130.4028089375356"><ele>7.29032063492497</ele><time>2025-12-22T10:44:08.36800Z</time><extensions><mytracks:speed>24.04442774098774</mytracks:speed><mytracks:gradient>0.04094753782951999</mytracks:gradient><mytracks:length>0.03585413493915943</mytracks:length></extensions></trkpt><trkpt lat="33.59361686540328" lon="130.4023545674852"><ele>7.420809274095408</ele><time>2025-12-22T10:44:14.22800Z</time><extensions><mytracks:speed>28.35624662816493</mytracks:speed><mytracks:gradient>0.002826886609451991</mytracks:gradient><mytracks:length>0.04615984197390006</mytracks:length></extensions></trkpt><trkpt lat="33.59344252843096" lon="130.4019172226351"><ele>6.247448658462432</ele><time>2025-12-22T10:44:19.98000Z</time><extensions><mytracks:speed>28.10620099228991</mytracks:speed><mytracks:length>0.04490800855244639</mytracks:length></extensions></trkpt><trkpt lat="33.59326984479186" lon="130.4015695022997"><ele>6.097571129790211</ele><time>2025-12-22T10:44:24.98500Z</time><extensions><mytracks:speed>26.97211045287194</mytracks:speed><mytracks:length>0.03749667865570362</mytracks:length></extensions></trkpt><trkpt lat="33.59305710521865" lon="130.4011703331605"><ele>6.531111792063733</ele><time>2025-12-22T10:44:30.01500Z</time><extensions><mytracks:speed>31.41414055398889</mytracks:speed><mytracks:gradient>0.00987726866304695</mytracks:gradient><mytracks:length>0.04389276803773635</mytracks:length></extensions></trkpt><trkpt lat="33.5928135722098" lon="130.4006500084031"><ele>6.675281694437008</ele><time>2025-12-22T10:44:35.92300Z</time><extensions><mytracks:speed>33.68435911586954</mytracks:speed><mytracks:gradient>0.002607929213818485</mytracks:gradient><mytracks:length>0.05528137098559678</mytracks:length></extensions></trkpt><trkpt lat="33.59268262016463" lon="130.400271536194"><ele>9.20740148703694</ele><time>2025-12-22T10:44:40.87600Z</time><extensions><mytracks:speed>27.59319182450041</mytracks:speed><mytracks:gradient>0.06670579046813287</mytracks:gradient><mytracks:length>0.03795952007808966</mytracks:length></extensions></trkpt><trkpt lat="33.59257536822865" lon="130.3999725830176"><ele>10.82675141477723</ele><time>2025-12-22T10:44:45.96600Z</time><extensions><mytracks:speed>21.32005309282591</mytracks:speed><mytracks:gradient>0.05371139407890194</mytracks:gradient><mytracks:length>0.03014909509445003</mytracks:length></extensions></trkpt><trkpt lat="33.59253279339796" lon="130.399787814314"><ele>11.92930558811778</ele><time>2025-12-22T10:44:50.95900Z</time><extensions><mytracks:speed>12.80318415063803</mytracks:speed><mytracks:gradient>0.06209226287819634</mytracks:gradient><mytracks:length>0.01775670787684729</mytracks:length></extensions></trkpt><trkpt lat="33.59250172510114" lon="130.3996466158585"><ele>12.30107003160797</ele><time>2025-12-22T10:44:55.97800Z</time><extensions><mytracks:speed>9.70218789810934</mytracks:speed><mytracks:gradient>0.02748409347663775</mytracks:gradient><mytracks:length>0.0135265310389883</mytracks:length></extensions></trkpt><trkpt lat="33.59245821482568" lon="130.399540749709"><ele>12.47049324262853</ele><time>2025-12-22T10:45:01.01300Z</time><extensions><mytracks:speed>7.818549918812593</mytracks:speed><mytracks:gradient>0.01549441536950392</mytracks:gradient><mytracks:length>0.01093446941883424</mytracks:length></extensions></trkpt><trkpt lat="33.59243032230506" lon="130.3994858090892"><ele>12.49032023428716</ele><time>2025-12-22T10:45:06.01500Z</time><extensions><mytracks:speed>4.288482031105277</mytracks:speed><mytracks:gradient>0.003327215994941544</mytracks:gradient><mytracks:length>0.005959033524958923</mytracks:length></extensions></trkpt><trkpt lat="33.59242204567701" lon="130.3994286665447"><ele>12.22162958718369</ele><time>2025-12-22T10:45:11.01300Z</time><extensions><mytracks:speed>3.870580018555851</mytracks:speed><mytracks:length>0.005372868199766463</mytracks:length></extensions></trkpt><trkpt lat="33.59242125829233" lon="130.3993490570398"><ele>12.55501518404048</ele><time>2025-12-22T10:45:16.01000Z</time><extensions><mytracks:speed>5.312482355671747</mytracks:speed><mytracks:gradient>0.04521186818483613</mytracks:gradient><mytracks:length>0.007373851385522066</mytracks:length></extensions></trkpt><trkpt lat="33.59241099416114" lon="130.3992808441736"><ele>12.23038769506963</ele><time>2025-12-22T10:45:21.00700Z</time><extensions><mytracks:speed>4.625010770750527</mytracks:speed><mytracks:length>0.006420602713041663</mytracks:length></extensions></trkpt><trkpt lat="33.59239786699806" lon="130.399219880509"><ele>12.50800935457111</ele><time>2025-12-22T10:45:26.00300Z</time><extensions><mytracks:speed>4.201799270331343</mytracks:speed><mytracks:gradient>0.04760825084078212</mytracks:gradient><mytracks:length>0.005831377011307181</mytracks:length></extensions></trkpt><trkpt lat="33.59231046077363" lon="130.3990339907251"><ele>12.88188282214105</ele><time>2025-12-22T10:45:42.99900Z</time><extensions><mytracks:speed>4.187839634024925</mytracks:speed><mytracks:gradient>0.01890981138534686</mytracks:gradient><mytracks:length>0.0197714012028513</mytracks:length></extensions></trkpt><trkpt lat="33.59231024283103" lon="130.3989620265678"><ele>11.72781867253125</ele><time>2025-12-22T10:45:48.48300Z</time><extensions><mytracks:speed>4.375616781835685</mytracks:speed><mytracks:length>0.006665107015846096</mytracks:length></extensions></trkpt><trkpt lat="33.59235337818257" lon="130.3989202762835"><ele>12.3810781802631</ele><time>2025-12-22T10:45:53.48700Z</time><extensions><mytracks:speed>4.432605668597502</mytracks:speed><mytracks:gradient>0.1060389456240903</mytracks:gradient><mytracks:length>0.00616056208298853</mytracks:length></extensions></trkpt><trkpt lat="33.59240256303865" lon="130.398908067589"><ele>12.76608108700706</ele><time>2025-12-22T10:45:58.48900Z</time><extensions><mytracks:speed>4.019040090699359</mytracks:speed><mytracks:gradient>0.0689343192193799</mytracks:gradient><mytracks:length>0.005585068672669533</mytracks:length></extensions></trkpt><trkpt lat="33.59244730539978" lon="130.398904617149"><ele>13.24519739401106</ele><time>2025-12-22T10:46:03.49100Z</time><extensions><mytracks:speed>3.588759489749306</mytracks:speed><mytracks:gradient>0.09608097124239487</mytracks:gradient><mytracks:length>0.004986588923994879</mytracks:length></extensions></trkpt><trkpt lat="33.59248916699153" lon="130.3988895927727"><ele>14.05392113990887</ele><time>2025-12-22T10:46:08.49300Z</time><extensions><mytracks:speed>3.497499846571698</mytracks:speed><mytracks:gradient>0.1664262515731942</mytracks:gradient><mytracks:length>0.004859352044843329</mytracks:length></extensions></trkpt><trkpt lat="33.59253541328344" lon="130.398864232185"><ele>13.82495467475931</ele><time>2025-12-22T10:46:13.49500Z</time><extensions><mytracks:speed>4.069191411486204</mytracks:speed><mytracks:length>0.005653235577651589</mytracks:length></extensions></trkpt><trkpt lat="33.59255152396315" lon="130.398872605565"><ele>13.63209265946389</ele><time>2025-12-22T10:46:18.49600Z</time><extensions><mytracks:speed>1.405512100717533</mytracks:speed><mytracks:length>0.001952530836723233</mytracks:length></extensions></trkpt><trkpt lat="33.59255749335162" lon="130.3988312082469"><ele>13.85564470842936</ele><time>2025-12-22T10:46:23.99500Z</time><extensions><mytracks:speed>2.547353047966015</mytracks:speed><mytracks:gradient>0.0574508285030399</mytracks:gradient><mytracks:length>0.003891189296837426</mytracks:length></extensions></trkpt><trkpt lat="33.59255607206378" lon="130.398774046216"><ele>13.66959783698852</ele><time>2025-12-22T10:46:28.99600Z</time><extensions><mytracks:speed>3.812921900956695</mytracks:speed><mytracks:length>0.005296845166707365</mytracks:length></extensions></trkpt><trkpt lat="33.59254819490244" lon="130.398711831036"><ele>13.66145807601937</ele><time>2025-12-22T10:46:33.99700Z</time><extensions><mytracks:speed>4.195672633582559</mytracks:speed><mytracks:length>0.005828285082663879</mytracks:length></extensions></trkpt><trkpt lat="33.59254047997906" lon="130.3986536153496"><ele>13.29218035476195</ele><time>2025-12-22T10:46:38.99700Z</time><extensions><mytracks:speed>3.930262306135473</mytracks:speed><mytracks:length>0.005459398741184856</mytracks:length></extensions></trkpt><trkpt lat="33.59253245427443" lon="130.3986027504452"><ele>13.21181828018548</ele><time>2025-12-22T10:46:43.99800Z</time><extensions><mytracks:speed>3.452687563324491</mytracks:speed><mytracks:length>0.004795877183720429</mytracks:length></extensions></trkpt><trkpt lat="33.59252823632773" lon="130.3985251163071"><ele>12.56068752586613</ele><time>2025-12-22T10:46:48.99800Z</time><extensions><mytracks:speed>5.188158708223487</mytracks:speed><mytracks:length>0.007206333299882396</mytracks:length></extensions></trkpt><trkpt lat="33.59252296585437" lon="130.398457108489"><ele>12.63291630548386</ele><time>2025-12-22T10:46:53.99900Z</time><extensions><mytracks:speed>4.554340893682633</mytracks:speed><mytracks:gradient>0.01141802722446746</mytracks:gradient><mytracks:length>0.006325854562944993</mytracks:length></extensions></trkpt><trkpt lat="33.59253017877185" lon="130.3984082619439"><ele>13.2671231874081</ele><time>2025-12-22T10:46:58.99900Z</time><extensions><mytracks:speed>3.307758705182749</mytracks:speed><mytracks:gradient>0.1380415372970424</mytracks:gradient><mytracks:length>0.004594319176260213</mytracks:length></extensions></trkpt><trkpt lat="33.59255509768745" lon="130.3983625202601"><ele>13.44465767047964</ele><time>2025-12-22T10:47:03.99900Z</time><extensions><mytracks:speed>3.6451005266393</mytracks:speed><mytracks:gradient>0.0350663211647699</mytracks:gradient><mytracks:length>0.005062820312325874</mytracks:length></extensions></trkpt><trkpt lat="33.59256400762594" lon="130.3983258318788"><ele>13.22244788771369</ele><time>2025-12-22T10:47:08.99900Z</time><extensions><mytracks:speed>2.548330295716599</mytracks:speed><mytracks:length>0.00353944459087196</mytracks:length></extensions></trkpt><trkpt lat="33.59257094184225" lon="130.3982995513943"><ele>12.7790048282824</ele><time>2025-12-22T10:47:13.99900Z</time><extensions><mytracks:speed>1.837893072420051</mytracks:speed><mytracks:length>0.002552682884402867</mytracks:length></extensions></trkpt><trkpt lat="33.59255928949482" lon="130.3982460303517"><ele>12.643401044069</ele><time>2025-12-22T10:47:18.99900Z</time><extensions><mytracks:speed>3.689125732363934</mytracks:speed><mytracks:length>0.005123868319940727</mytracks:length></extensions></trkpt><trkpt lat="33.59253491101412" lon="130.3981943688889"><ele>12.47145574357306</ele><time>2025-12-22T10:47:23.99900Z</time><extensions><mytracks:speed>3.960322492999321</mytracks:speed><mytracks:length>0.005500515444505682</mytracks:length></extensions></trkpt><trkpt lat="33.59251580717294" lon="130.3981527536686"><ele>12.57245618682163</ele><time>2025-12-22T10:47:28.99900Z</time><extensions><mytracks:speed>3.16938805189985</mytracks:speed><mytracks:gradient>0.02294438027501566</mytracks:gradient><mytracks:length>0.004401968675464713</mytracks:length></extensions></trkpt><trkpt lat="33.59249927918398" lon="130.3981024766667"><ele>12.31102333504393</ele><time>2025-12-22T10:47:33.99900Z</time><extensions><mytracks:speed>3.604653593435649</mytracks:speed><mytracks:length>0.005006430738011472</mytracks:length></extensions></trkpt><trkpt lat="33.59249378129436" lon="130.398068529931"><ele>12.30925694801807</ele><time>2025-12-22T10:47:39.49900Z</time><extensions><mytracks:speed>2.09530737982137</mytracks:speed><mytracks:length>0.003201164191271595</mytracks:length></extensions></trkpt><trkpt lat="33.59253879397283" lon="130.3980654885748"><ele>13.51970192859623</ele><time>2025-12-22T10:47:44.49900Z</time><extensions><mytracks:speed>3.60909966022896</mytracks:speed><mytracks:gradient>0.241474319762186</mytracks:gradient><mytracks:length>0.005012727571901884</mytracks:length></extensions></trkpt><trkpt lat="33.59257031598084" lon="130.3980500932063"><ele>14.3965133066404</ele><time>2025-12-22T10:47:49.50000Z</time><extensions><mytracks:speed>2.722961182989278</mytracks:speed><mytracks:gradient>0.23184086882617</mytracks:gradient><mytracks:length>0.003781953468702645</mytracks:length></extensions></trkpt><trkpt lat="33.59260136953885" lon="130.3980470371143"><ele>14.26175664791904</ele><time>2025-12-22T10:47:54.50000Z</time><extensions><mytracks:speed>2.493693248125457</mytracks:speed><mytracks:length>0.003463512389852101</mytracks:length></extensions></trkpt><trkpt lat="33.59262629810781" lon="130.3980435694754"><ele>14.17926690309258</ele><time>2025-12-22T10:47:59.50000Z</time><extensions><mytracks:speed>2.009150345524843</mytracks:speed><mytracks:length>0.002790516463149503</mytracks:length></extensions></trkpt><trkpt lat="33.59265715749302" lon="130.3980244101027"><ele>14.11660537272522</ele><time>2025-12-22T10:48:04.50000Z</time><extensions><mytracks:speed>2.779870205803411</mytracks:speed><mytracks:length>0.003860961494631213</mytracks:length></extensions></trkpt><trkpt lat="33.59267272817959" lon="130.3980146037435"><ele>13.85938756226497</ele><time>2025-12-22T10:48:09.50000Z</time><extensions><mytracks:speed>1.405813856654387</mytracks:speed><mytracks:length>0.001952530836723233</mytracks:length></extensions></trkpt><trkpt lat="33.59272897433083" lon="130.3979985563841"><ele>13.89007227314141</ele><time>2025-12-22T10:48:36.99500Z</time><extensions><mytracks:speed>0.8416661157215376</mytracks:speed><mytracks:gradient>0.004773365036666454</mytracks:gradient><mytracks:length>0.006428318521784435</mytracks:length></extensions></trkpt><trkpt lat="33.59298926690074" lon="130.3979029995778"><ele>13.82962485402822</ele><time>2025-12-22T10:50:28.00000Z</time><extensions><mytracks:speed>0.9815628008518498</mytracks:speed><mytracks:length>0.03026620083512521</mytracks:length></extensions></trkpt><trkpt lat="33.59318403267052" lon="130.397772109677"><ele>13.44501442935889</ele><time>2025-12-22T10:50:33.50000Z</time><extensions><mytracks:speed>16.24551943734518</mytracks:speed><mytracks:length>0.02481954412278203</mytracks:length></extensions></trkpt><trkpt lat="33.59347979875564" lon="130.3976889283459"><ele>14.12858628681355</ele><time>2025-12-22T10:50:38.50000Z</time><extensions><mytracks:speed>24.32027378798797</mytracks:speed><mytracks:gradient>0.02023709545603799</mytracks:gradient><mytracks:length>0.03377816045487431</mytracks:length></extensions></trkpt><trkpt lat="33.59382826578902" lon="130.397647329144"><ele>14.30256838209427</ele><time>2025-12-22T10:50:43.50000Z</time><extensions><mytracks:speed>28.03605966152674</mytracks:speed><mytracks:gradient>0.004468069845593285</mytracks:gradient><mytracks:length>0.03893898289264965</mytracks:length></extensions></trkpt><trkpt lat="33.59422125421213" lon="130.3974685810271"><ele>13.06244238208441</ele><time>2025-12-22T10:50:48.50000Z</time><extensions><mytracks:speed>33.64522336853027</mytracks:speed><mytracks:length>0.04672948358544177</mytracks:length></extensions></trkpt><trkpt lat="33.59455792041062" lon="130.3971782294931"><ele>9.566421011195022</ele><time>2025-12-22T10:50:53.50000Z</time><extensions><mytracks:speed>33.1876690256876</mytracks:speed><mytracks:length>0.0460939957475618</mytracks:length></extensions></trkpt><trkpt lat="33.59479195614384" lon="130.3969789652818"><ele>8.922550650516316</ele><time>2025-12-22T10:50:58.50000Z</time><extensions><mytracks:speed>22.97091289605771</mytracks:speed><mytracks:length>0.03190405177418284</mytracks:length></extensions></trkpt><trkpt lat="33.5948702204397" lon="130.396909350391"><ele>8.931970384600984</ele><time>2025-12-22T10:51:10.00000Z</time><extensions><mytracks:speed>3.390687097047389</mytracks:speed><mytracks:gradient>0.0008696719700198623</mytracks:gradient><mytracks:length>0.01083136447924483</mytracks:length></extensions></trkpt><trkpt lat="33.59502123128568" lon="130.3968207807985"><ele>9.639736500568688</ele><time>2025-12-22T10:51:44.00000Z</time><extensions><mytracks:speed>1.97880889102407</mytracks:speed><mytracks:gradient>0.03787122778104125</mytracks:gradient><mytracks:length>0.01868875548634892</mytracks:length></extensions></trkpt><trkpt lat="33.59515944522427" lon="130.3967402188821"><ele>10.0740964678589</ele><time>2025-12-22T10:52:06.60000Z</time><extensions><mytracks:speed>2.721345609524906</mytracks:speed><mytracks:gradient>0.02542475803764161</mytracks:gradient><mytracks:length>0.01708413376627382</mytracks:length></extensions></trkpt><trkpt lat="33.59525598927215" lon="130.3966958583914"><ele>10.54004993289709</ele><time>2025-12-22T10:53:20.00000Z</time><extensions><mytracks:speed>0.5637319362988277</mytracks:speed><mytracks:gradient>0.04053941423768763</mytracks:gradient><mytracks:length>0.01149383812766127</mytracks:length></extensions></trkpt><trkpt lat="33.59546797101846" lon="130.3965433270465"><ele>10.64891873379048</ele><time>2025-12-22T10:53:25.00000Z</time><extensions><mytracks:speed>19.78616880708693</mytracks:speed><mytracks:gradient>0.003961634849752997</mytracks:gradient><mytracks:length>0.02748077625078805</mytracks:length></extensions></trkpt><trkpt lat="33.59582836857298" lon="130.3963539640831"><ele>10.29713839273022</ele><time>2025-12-22T10:53:30.00000Z</time><extensions><mytracks:speed>31.49603950992771</mytracks:speed><mytracks:length>0.04374447115969034</mytracks:length></extensions></trkpt><trkpt lat="33.5963010249255" lon="130.3960748136016"><ele>8.038259732045747</ele><time>2025-12-22T10:53:35.00000Z</time><extensions><mytracks:speed>42.17219753827515</mytracks:speed><mytracks:length>0.05857246306548632</mytracks:length></extensions></trkpt><trkpt lat="33.59674960360255" lon="130.3957640050436"><ele>5.485295652178122</ele><time>2025-12-22T10:53:40.11700Z</time><extensions><mytracks:speed>40.52043995711362</mytracks:speed><mytracks:length>0.0575907596737977</mytracks:length></extensions></trkpt><trkpt lat="33.5969220406804" lon="130.3953268364294"><ele>5.826737295261487</ele><time>2025-12-22T10:53:45.21200Z</time><extensions><mytracks:speed>31.65513979170433</mytracks:speed><mytracks:gradient>0.00762127594084506</mytracks:gradient><mytracks:length>0.04480111279706601</mytracks:length></extensions></trkpt><trkpt lat="33.59700066814386" lon="130.3946503372935"><ele>3.538581784410005</ele><time>2025-12-22T10:53:51.38600Z</time><extensions><mytracks:speed>36.88966668083645</mytracks:speed><mytracks:length>0.06326424434109484</mytracks:length></extensions></trkpt><trkpt lat="33.59725963693344" lon="130.3941490908265"><ele>1.779306413587118</ele><time>2025-12-22T10:53:56.99000Z</time><extensions><mytracks:speed>35.09164860743087</mytracks:speed><mytracks:length>0.05463078921780223</mytracks:length></extensions></trkpt><trkpt lat="33.59768367491982" lon="130.3938011661379"><ele>2.051999162075145</ele><time>2025-12-22T10:54:02.15200Z</time><extensions><mytracks:speed>39.82736409418256</mytracks:speed><mytracks:gradient>0.004774806539937986</mytracks:gradient><mytracks:length>0.05711074285568195</mytracks:length></extensions></trkpt><trkpt lat="33.59822512389137" lon="130.3934721736061"><ele>6.296307269423102</ele><time>2025-12-22T10:54:08.00400Z</time><extensions><mytracks:speed>41.51358304409037</mytracks:speed><mytracks:gradient>0.06289911076102098</mytracks:gradient><mytracks:length>0.06747803038859787</mytracks:length></extensions></trkpt><trkpt lat="33.59866126319216" lon="130.3932180587639"><ele>9.66002004159788</ele><time>2025-12-22T10:54:13.02900Z</time><extensions><mytracks:speed>38.6200033712075</mytracks:speed><mytracks:gradient>0.06239975630452403</mytracks:gradient><mytracks:length>0.05390586392291577</mytracks:length></extensions></trkpt><trkpt lat="33.59906405449901" lon="130.3929913449471"><ele>12.41911987832516</ele><time>2025-12-22T10:54:18.00100Z</time><extensions><mytracks:speed>35.8118271231845</mytracks:speed><mytracks:gradient>0.05577756867678563</mytracks:gradient><mytracks:length>0.04946611876748239</mytracks:length></extensions></trkpt><trkpt lat="33.59940391060697" lon="130.3927810879709"><ele>15.58084906130485</ele><time>2025-12-22T10:54:22.99100Z</time><extensions><mytracks:speed>30.67072576332166</mytracks:speed><mytracks:gradient>0.07437143995405693</mytracks:gradient><mytracks:length>0.04251267939591929</mytracks:length></extensions></trkpt><trkpt lat="33.59964003001837" lon="130.3926211627136"><ele>17.22400995445858</ele><time>2025-12-22T10:54:27.99500Z</time><extensions><mytracks:speed>21.68937710942747</mytracks:speed><mytracks:gradient>0.05450792409409816</mytracks:gradient><mytracks:length>0.03014535813760044</mytracks:length></extensions></trkpt><trkpt lat="33.59979182180673" lon="130.3925248180232"><ele>18.04714735341062</ele><time>2025-12-22T10:54:32.99300Z</time><extensions><mytracks:speed>13.75192443787134</mytracks:speed><mytracks:gradient>0.04311445837239045</mytracks:gradient><mytracks:length>0.01909191092793961</mytracks:length></extensions></trkpt><trkpt lat="33.59993575686951" lon="130.3924448369241"><ele>18.2825303050491</ele><time>2025-12-22T10:54:38.00000Z</time><extensions><mytracks:speed>12.67857848436072</mytracks:speed><mytracks:gradient>0.01334692129221147</mytracks:gradient><mytracks:length>0.01763574883563881</mytracks:length></extensions></trkpt><trkpt lat="33.6002241950733" lon="130.3922803657309"><ele>18.96667202295722</ele><time>2025-12-22T10:54:43.91700Z</time><extensions><mytracks:speed>21.60424827207492</mytracks:speed><mytracks:gradient>0.019268104446489</mytracks:gradient><mytracks:length>0.03550643602789803</mytracks:length></extensions></trkpt><trkpt lat="33.60055278432019" lon="130.3920525201683"><ele>19.72805796832996</ele><time>2025-12-22T10:54:49.07400Z</time><extensions><mytracks:speed>29.45651359437755</mytracks:speed><mytracks:gradient>0.01804510887841601</mytracks:gradient><mytracks:length>0.04219348026674666</mytracks:length></extensions></trkpt><trkpt lat="33.60069197388289" lon="130.3915075135726"><ele>17.54290586331095</ele><time>2025-12-22T10:54:54.99000Z</time><extensions><mytracks:speed>32.12526025567753</mytracks:speed><mytracks:length>0.05279572053899372</mytracks:length></extensions></trkpt><trkpt lat="33.60050829157493" lon="130.3908462519422"><ele>15.30352936155915</ele><time>2025-12-22T10:54:59.98000Z</time><extensions><mytracks:speed>46.57406904110807</mytracks:speed><mytracks:length>0.06455935318778354</mytracks:length></extensions></trkpt><trkpt lat="33.60024810008301" lon="130.3901217374358"><ele>17.80938823314079</ele><time>2025-12-22T10:55:04.98700Z</time><extensions><mytracks:speed>52.53710694874146</mytracks:speed><mytracks:gradient>0.03429237313470117</mytracks:gradient><mytracks:length>0.07307335837442844</mytracks:length></extensions></trkpt><trkpt lat="33.59995890701531" lon="130.3894084913587"><ele>20.97395927631466</ele><time>2025-12-22T10:55:09.95200Z</time><extensions><mytracks:speed>53.27372936257373</mytracks:speed><mytracks:gradient>0.0430732656961158</mytracks:gradient><mytracks:length>0.07346949417534494</mytracks:length></extensions></trkpt><trkpt lat="33.59972594422432" lon="130.3886386720148"><ele>25.5454483710815</ele><time>2025-12-22T10:55:15.08300Z</time><extensions><mytracks:speed>53.22193172441339</mytracks:speed><mytracks:gradient>0.06026367900812671</mytracks:gradient><mytracks:length>0.07585811503725762</mytracks:length></extensions></trkpt><trkpt lat="33.59970384326886" lon="130.3876934403045"><ele>31.11317000294129</ele><time>2025-12-22T10:55:20.96600Z</time><extensions><mytracks:speed>53.59721224646105</mytracks:speed><mytracks:gradient>0.06357375609668652</mytracks:gradient><mytracks:length>0.08757893152312859</mytracks:length></extensions></trkpt><trkpt lat="33.59988508386808" lon="130.3868855158539"><ele>34.1910193105341</ele><time>2025-12-22T10:55:26.03900Z</time><extensions><mytracks:speed>54.98867895264925</mytracks:speed><mytracks:gradient>0.03971737082299017</mytracks:gradient><mytracks:length>0.07749378279116147</mytracks:length></extensions></trkpt><trkpt lat="33.60010403579436" lon="130.3859753201665"><ele>37.35355435912768</ele><time>2025-12-22T10:55:31.83800Z</time><extensions><mytracks:speed>54.47089746595753</mytracks:speed><mytracks:gradient>0.03604251896891895</mytracks:gradient><mytracks:length>0.08774456222998107</mytracks:length></extensions></trkpt><trkpt lat="33.60015182832011" lon="130.3851546910986"><ele>39.43020545914618</ele><time>2025-12-22T10:55:36.99400Z</time><extensions><mytracks:speed>53.20141960364762</mytracks:speed><mytracks:gradient>0.0272564706906605</mytracks:gradient><mytracks:length>0.07618928817259034</mytracks:length></extensions></trkpt><trkpt lat="33.60001561425948" lon="130.3843582343964"><ele>40.63702211295786</ele><time>2025-12-22T10:55:42.00000Z</time><extensions><mytracks:speed>54.15087582672878</mytracks:speed><mytracks:gradient>0.01602594716022687</mytracks:gradient><mytracks:length>0.07530392068225156</mytracks:length></extensions></trkpt><trkpt lat="33.59984352811119" lon="130.3835404152116"><ele>40.85076777120069</ele><time>2025-12-22T10:55:47.18600Z</time><extensions><mytracks:speed>54.23011532878463</mytracks:speed><mytracks:gradient>0.002736002944512401</mytracks:gradient><mytracks:length>0.07812332902328852</mytracks:length></extensions></trkpt><trkpt lat="33.59965252614445" lon="130.3826158496915"><ele>39.34938044848961</ele><time>2025-12-22T10:55:53.02300Z</time><extensions><mytracks:speed>54.41746084344792</mytracks:speed><mytracks:length>0.08822493080488028</mytracks:length></extensions></trkpt><trkpt lat="33.5994679148442" lon="130.3817488615822"><ele>36.11183742420741</ele><time>2025-12-22T10:55:58.46600Z</time><extensions><mytracks:speed>54.81501107567828</mytracks:speed><mytracks:length>0.08288036378706584</mytracks:length></extensions></trkpt><trkpt lat="33.59929260270657" lon="130.3808785587903"><ele>32.21430481213115</ele><time>2025-12-22T10:56:04.03200Z</time><extensions><mytracks:speed>53.63471227036122</mytracks:speed><mytracks:length>0.08292884925953155</mytracks:length></extensions></trkpt><trkpt lat="33.59914579860271" lon="130.3800996609691"><ele>28.94816438862518</ele><time>2025-12-22T10:56:09.02000Z</time><extensions><mytracks:speed>53.38655185547249</mytracks:speed><mytracks:length>0.07396337110310085</mytracks:length></extensions></trkpt><trkpt lat="33.59914452790293" lon="130.3793135581537"><ele>26.29648932976656</ele><time>2025-12-22T10:56:13.98600Z</time><extensions><mytracks:speed>52.77178086533345</mytracks:speed><mytracks:length>0.07280695636508683</mytracks:length></extensions></trkpt><trkpt lat="33.59936133238944" lon="130.3785665044105"><ele>22.72461138305782</ele><time>2025-12-22T10:56:18.98100Z</time><extensions><mytracks:speed>52.80933291866452</mytracks:speed><mytracks:length>0.07326969514163645</mytracks:length></extensions></trkpt><trkpt lat="33.5997495303099" lon="130.3777655030789"><ele>16.89415933931257</ele><time>2025-12-22T10:56:24.91200Z</time><extensions><mytracks:speed>52.09778564313699</mytracks:speed><mytracks:length>0.08583059284500986</mytracks:length></extensions></trkpt><trkpt lat="33.59999396967574" lon="130.3770268575447"><ele>11.93542094767895</ele><time>2025-12-22T10:56:30.11100Z</time><extensions><mytracks:speed>50.97370746849355</mytracks:speed><mytracks:length>0.07361269781444547</mytracks:length></extensions></trkpt><trkpt lat="33.60006785945347" lon="130.3761074549021"><ele>8.657116524763127</ele><time>2025-12-22T10:56:35.95700Z</time><extensions><mytracks:speed>52.68302084800435</mytracks:speed><mytracks:length>0.08554739750843954</mytracks:length></extensions></trkpt><trkpt lat="33.60007005789603" lon="130.3752790213978"><ele>6.643194704770325</ele><time>2025-12-22T10:56:40.99900Z</time><extensions><mytracks:speed>54.77772390461124</mytracks:speed><mytracks:length>0.07672704611534462</mytracks:length></extensions></trkpt><trkpt lat="33.60009169205876" lon="130.3744741025308"><ele>6.184211475129595</ele><time>2025-12-22T10:56:46.00000Z</time><extensions><mytracks:speed>53.6947795320904</mytracks:speed><mytracks:length>0.07458761322335782</mytracks:length></extensions></trkpt><trkpt lat="33.60009510948598" lon="130.3736698940198"><ele>7.02810736370425</ele><time>2025-12-22T10:56:51.00000Z</time><extensions><mytracks:speed>53.62839354869912</mytracks:speed><mytracks:gradient>0.01132990609862237</mytracks:gradient><mytracks:length>0.07448392610043492</mytracks:length></extensions></trkpt><trkpt lat="33.60004224585977" lon="130.3728775100369"><ele>7.017892710625015</ele><time>2025-12-22T10:56:56.00000Z</time><extensions><mytracks:speed>53.00856348573348</mytracks:speed><mytracks:length>0.07362285915063121</mytracks:length></extensions></trkpt><trkpt lat="33.59990999463021" lon="130.3720981149089"><ele>5.355478844418862</ele><time>2025-12-22T10:57:01.00000Z</time><extensions><mytracks:speed>53.04085465766708</mytracks:speed><mytracks:length>0.07366771142454576</mytracks:length></extensions></trkpt><trkpt lat="33.59980278361425" lon="130.3712932074782"><ele>4.231836332277894</ele><time>2025-12-22T10:57:06.07600Z</time><extensions><mytracks:speed>53.54214969557487</mytracks:speed><mytracks:length>0.07549511329859945</mytracks:length></extensions></trkpt><trkpt lat="33.5998675964001" lon="130.3703278818458"><ele>2.80498951273809</ele><time>2025-12-22T10:57:11.99700Z</time><extensions><mytracks:speed>54.53688370385672</mytracks:speed><mytracks:length>0.08969536991748088</mytracks:length></extensions></trkpt><trkpt lat="33.60010211636901" lon="130.3694353588925"><ele>2.486694402924554</ele><time>2025-12-22T10:57:17.83600Z</time><extensions><mytracks:speed>53.4348757135565</mytracks:speed><mytracks:length>0.08667821461098402</mytracks:length></extensions></trkpt><trkpt lat="33.60032020116197" lon="130.3686498432031"><ele>3.536974141038108</ele><time>2025-12-22T10:57:23.13600Z</time><extensions><mytracks:speed>52.09171727406862</mytracks:speed><mytracks:gradient>0.01369572460640608</mytracks:gradient><mytracks:length>0.07668668641470006</mytracks:length></extensions></trkpt><trkpt lat="33.60035170394686" lon="130.3677445585907"><ele>7.103473260034759</ele><time>2025-12-22T10:57:29.00100Z</time><extensions><mytracks:speed>51.5101691715014</mytracks:speed><mytracks:gradient>0.04250023359679973</mytracks:gradient><mytracks:length>0.08391716508742222</mytracks:length></extensions></trkpt><trkpt lat="33.60017509549686" lon="130.3669861197832"><ele>8.545783594582803</ele><time>2025-12-22T10:57:34.00300Z</time><extensions><mytracks:speed>52.49245462762327</mytracks:speed><mytracks:gradient>0.0197746902148995</mytracks:gradient><mytracks:length>0.07293718985601685</mytracks:length></extensions></trkpt><trkpt lat="33.59982504547916" lon="130.3663112526914"><ele>9.176310562927126</ele><time>2025-12-22T10:57:38.99000Z</time><extensions><mytracks:speed>53.15508149031962</mytracks:speed><mytracks:gradient>0.008563115084957022</mytracks:gradient><mytracks:length>0.0736328966840562</mytracks:length></extensions></trkpt><trkpt lat="33.59938227298826" lon="130.3656922684076"><ele>9.372709529121432</ele><time>2025-12-22T10:57:44.00100Z</time><extensions><mytracks:speed>54.28579261660362</mytracks:speed><mytracks:gradient>0.00259896317166012</mytracks:gradient><mytracks:length>0.07556819901716923</mytracks:length></extensions></trkpt><trkpt lat="33.59893300231206" lon="130.3650953038935"><ele>9.143309721248521</ele><time>2025-12-22T10:57:48.98700Z</time><extensions><mytracks:speed>53.809428841406</mytracks:speed><mytracks:length>0.07451562190436514</mytracks:length></extensions></trkpt><trkpt lat="33.59850753732191" lon="130.3644832707693"><ele>9.084911970943031</ele><time>2025-12-22T10:57:53.95600Z</time><extensions><mytracks:speed>53.486634791639</mytracks:speed><mytracks:length>0.07383366595979918</mytracks:length></extensions></trkpt><trkpt lat="33.59809261454056" lon="130.3638514323589"><ele>7.948259249819422</ele><time>2025-12-22T10:57:59.03400Z</time><extensions><mytracks:speed>52.83682991034392</mytracks:speed><mytracks:length>0.07452003647129213</mytracks:length></extensions></trkpt><trkpt lat="33.59764960141637" lon="130.3631174731736"><ele>7.512146176632683</ele><time>2025-12-22T10:58:04.50000Z</time><extensions><mytracks:speed>55.28479199620531</mytracks:speed><mytracks:length>0.08395055986964811</mytracks:length></extensions></trkpt><trkpt lat="33.59726972932366" lon="130.3624534932847"><ele>6.620593745261274</ele><time>2025-12-22T10:58:09.50600Z</time><extensions><mytracks:speed>53.65945379936139</mytracks:speed><mytracks:length>0.07460652132915495</mytracks:length></extensions></trkpt><trkpt lat="33.59684458604163" lon="130.361641327839"><ele>6.149237051133778</ele><time>2025-12-22T10:58:15.51000Z</time><extensions><mytracks:speed>53.26386039482358</mytracks:speed><mytracks:length>0.08884391927175968</mytracks:length></extensions></trkpt><trkpt lat="33.59647625764867" lon="130.3608713844073"><ele>5.387000400244625</ele><time>2025-12-22T10:58:21.02900Z</time><extensions><mytracks:speed>53.64808154731998</mytracks:speed><mytracks:length>0.08223660249730318</mytracks:length></extensions></trkpt><trkpt lat="33.59615954595494" lon="130.3601519722479"><ele>6.184424346243236</ele><time>2025-12-22T10:58:26.00500Z</time><extensions><mytracks:speed>54.52493730317593</mytracks:speed><mytracks:gradient>0.01058063357795832</mytracks:gradient><mytracks:length>0.0753663700876866</mytracks:length></extensions></trkpt><trkpt lat="33.59586849000055" lon="130.3594501830697"><ele>5.669883512162038</ele><time>2025-12-22T10:58:30.98800Z</time><extensions><mytracks:speed>52.45662886152888</mytracks:speed><mytracks:length>0.07261178877316118</mytracks:length></extensions></trkpt><trkpt lat="33.59559143380264" lon="130.3587863534866"><ele>5.264313252192566</ele><time>2025-12-22T10:58:35.97400Z</time><extensions><mytracks:speed>49.65619887623161</mytracks:speed><mytracks:length>0.06877097520337065</mytracks:length></extensions></trkpt><trkpt lat="33.59535197373187" lon="130.3581395198116"><ele>6.383921556767391</ele><time>2025-12-22T10:58:40.97600Z</time><extensions><mytracks:speed>47.18054974168493</mytracks:speed><mytracks:gradient>0.0170773023744166</mytracks:gradient><mytracks:length>0.06556119227894584</mytracks:length></extensions></trkpt><trkpt lat="33.59515999507575" lon="130.3575309968479"><ele>4.9386233259839</ele><time>2025-12-22T10:58:45.98300Z</time><extensions><mytracks:speed>43.33578164023827</mytracks:speed><mytracks:length>0.06026963484667473</mytracks:length></extensions></trkpt><trkpt lat="33.59499964577208" lon="130.3570193475376"><ele>3.831385748766171</ele><time>2025-12-22T10:58:51.01200Z</time><extensions><mytracks:speed>36.24686804319862</mytracks:speed><mytracks:length>0.05063300937023692</mytracks:length></extensions></trkpt><trkpt lat="33.59481772298443" lon="130.3567212460183"><ele>3.227289996780645</ele><time>2025-12-22T10:58:55.98300Z</time><extensions><mytracks:speed>24.78936407203139</mytracks:speed><mytracks:length>0.03422809192580007</mytracks:length></extensions></trkpt><trkpt lat="33.5945576933164" lon="130.3567655750788"><ele>1.19267572250239</ele><time>2025-12-22T10:59:01.00600Z</time><extensions><mytracks:speed>20.92787203084822</mytracks:speed><mytracks:length>0.02920414072877763</mytracks:length></extensions></trkpt><trkpt lat="33.59415603732982" lon="130.3569956083827"><ele>0.9809851035959495</ele><time>2025-12-22T10:59:06.90600Z</time><extensions><mytracks:speed>30.19718621552298</mytracks:speed><mytracks:length>0.04948397111424538</mytracks:length></extensions></trkpt><trkpt lat="33.59378455194449" lon="130.357182374154"><ele>0.7976137549398578</ele><time>2025-12-22T10:59:11.98900Z</time><extensions><mytracks:speed>31.71404838075674</mytracks:speed><mytracks:length>0.04478320494708968</mytracks:length></extensions></trkpt><trkpt lat="33.59350406735162" lon="130.3573531746979"><ele>0.4313905169440106</ele><time>2025-12-22T10:59:17.08000Z</time><extensions><mytracks:speed>24.72805750015241</mytracks:speed><mytracks:length>0.03497151455294818</mytracks:length></extensions></trkpt><trkpt lat="33.59329294894297" lon="130.3574783026076"><ele>2.18882753965543</ele><time>2025-12-22T10:59:23.01200Z</time><extensions><mytracks:speed>15.88880715397158</mytracks:speed><mytracks:gradient>0.06712780463366713</mytracks:gradient><mytracks:length>0.02618046325665174</mytracks:length></extensions></trkpt><trkpt lat="33.59313723960743" lon="130.3574632902635"><ele>2.975140802050994</ele><time>2025-12-22T10:59:28.00600Z</time><extensions><mytracks:speed>12.52329399839078</mytracks:speed><mytracks:gradient>0.04526834497169199</mytracks:gradient><mytracks:length>0.01737004661617906</mytracks:length></extensions></trkpt><trkpt lat="33.59300956410166" lon="130.3572744619752"><ele>3.391380935208717</ele><time>2025-12-22T10:59:33.00100Z</time><extensions><mytracks:speed>16.23288963580637</mytracks:speed><mytracks:gradient>0.01847748049895063</mytracks:gradient><mytracks:length>0.0225268879694589</mytracks:length></extensions></trkpt><trkpt lat="33.59287481805171" lon="130.356927111"><ele>3.800532685997362</ele><time>2025-12-22T10:59:37.95200Z</time><extensions><mytracks:speed>25.80842755511736</mytracks:speed><mytracks:gradient>0.0115282994829912</mytracks:gradient><mytracks:length>0.03549107579936712</mytracks:length></extensions></trkpt><trkpt lat="33.59273354251147" lon="130.3565372530848"><ele>3.017913827416288</ele><time>2025-12-22T10:59:42.93600Z</time><extensions><mytracks:speed>28.44344941296518</mytracks:speed><mytracks:length>0.03937938588837405</mytracks:length></extensions></trkpt><trkpt lat="33.59267501901309" lon="130.356400629566"><ele>3.28103804573673</ele><time>2025-12-22T10:59:47.99400Z</time><extensions><mytracks:speed>10.12821120804795</mytracks:speed><mytracks:gradient>0.0184914185080757</mytracks:gradient><mytracks:length>0.01422953129342283</mytracks:length></extensions></trkpt><trkpt lat="33.59265236639562" lon="130.3563855268976"><ele>3.869307564820257</ele><time>2025-12-22T10:59:52.99500Z</time><extensions><mytracks:speed>2.072694655564368</mytracks:speed><mytracks:gradient>0.2042935779885109</mytracks:gradient><mytracks:length>0.002879530158880522</mytracks:length></extensions></trkpt><trkpt lat="33.59261964542039" lon="130.3563324983945"><ele>4.321011587981003</ele><time>2025-12-22T10:59:58.00000Z</time><extensions><mytracks:speed>4.396152864051419</mytracks:speed><mytracks:gradient>0.073903324174475</mytracks:gradient><mytracks:length>0.006112093443785271</mytracks:length></extensions></trkpt><trkpt lat="33.59259744166199" lon="130.3562797267546"><ele>4.384916115711635</ele><time>2025-12-22T11:00:03.00000Z</time><extensions><mytracks:speed>3.942786630198154</mytracks:speed><mytracks:gradient>0.01167017883863453</mytracks:gradient><mytracks:length>0.005475882470547437</mytracks:length></extensions></trkpt><trkpt lat="33.59257728448576" lon="130.356229420123"><ele>4.390876320789565</ele><time>2025-12-22T11:00:08.19600Z</time><extensions><mytracks:speed>3.582255312527035</mytracks:speed><mytracks:gradient>0.001152783925401667</mytracks:gradient><mytracks:length>0.005170270808428378</mytracks:length></extensions></trkpt><trkpt lat="33.59252004331093" lon="130.3560914683892"><ele>4.650350542739034</ele><time>2025-12-22T11:00:23.00000Z</time><extensions><mytracks:speed>3.471434902522677</mytracks:speed><mytracks:gradient>0.01817674938602769</mytracks:gradient><mytracks:length>0.01427506186276211</mytracks:length></extensions></trkpt><trkpt lat="33.59250203701281" lon="130.3560411423665"><ele>4.748066397975489</ele><time>2025-12-22T11:00:28.48200Z</time><extensions><mytracks:speed>3.331497732736822</mytracks:speed><mytracks:gradient>0.01926008582582954</mytracks:gradient><mytracks:length>0.005073490124608326</mytracks:length></extensions></trkpt><trkpt lat="33.59248897377152" lon="130.355990154933"><ele>4.366225186144237</ele><time>2025-12-22T11:00:33.48600Z</time><extensions><mytracks:speed>3.555136719276224</mytracks:speed><mytracks:length>0.004941197583270039</mytracks:length></extensions></trkpt><trkpt lat="33.59246698631147" lon="130.3559280929868"><ele>4.327460607676752</ele><time>2025-12-22T11:00:38.98200Z</time><extensions><mytracks:speed>4.091939946468025</mytracks:speed><mytracks:length>0.006247723623396237</mytracks:length></extensions></trkpt><trkpt lat="33.59244089913333" lon="130.3558880011338"><ele>4.439922554937043</ele><time>2025-12-22T11:00:43.98600Z</time><extensions><mytracks:speed>3.390476781531691</mytracks:speed><mytracks:gradient>0.02386478518079879</mytracks:gradient><mytracks:length>0.004712464260972115</mytracks:length></extensions></trkpt><trkpt lat="33.59242913881641" lon="130.3558753787264"><ele>4.572486985020618</ele><time>2025-12-22T11:00:48.98900Z</time><extensions><mytracks:speed>1.263331184798449</mytracks:speed><mytracks:gradient>0.07550683009126176</mytracks:gradient><mytracks:length>0.001755661440472997</mytracks:length></extensions></trkpt><trkpt lat="33.59242808323361" lon="130.3558763877058"><ele>4.622908855008127</ele><time>2025-12-22T11:00:53.99100Z</time><extensions><mytracks:speed>0.1183361246876832</mytracks:speed><mytracks:gradient>0.3066412686749849</mytracks:gradient><mytracks:length>0.0001644327595088082</mytracks:length></extensions></trkpt><trkpt lat="33.59242901477757" lon="130.3558673208805"><ele>4.425768010318279</ele><time>2025-12-22T11:01:15.00000Z</time><extensions><mytracks:speed>0.1445938104969177</mytracks:speed><mytracks:length>0.0008438033853876242</mytracks:length></extensions></trkpt><trkpt lat="33.59242285067516" lon="130.3558535008167"><ele>4.514288407265149</ele><time>2025-12-22T11:01:19.99800Z</time><extensions><mytracks:speed>1.046089335109814</mytracks:speed><mytracks:gradient>0.06095477130938438</mytracks:gradient><mytracks:length>0.001452230810572194</mytracks:length></extensions></trkpt><trkpt lat="33.59242264868736" lon="130.3558497829424"><ele>4.918550617466683</ele><time>2025-12-22T11:01:24.99800Z</time><extensions><mytracks:speed>0.2367590027682622</mytracks:speed><mytracks:gradient>1.229262986916784</mytracks:gradient><mytracks:length>0.0003288655190176164</mytracks:length></extensions></trkpt><trkpt lat="33.59241622053381" lon="130.3558338249789"><ele>5.043844212632631</ele><time>2025-12-22T11:01:29.99800Z</time><extensions><mytracks:speed>1.179869602888847</mytracks:speed><mytracks:gradient>0.07645273408694485</mytracks:gradient><mytracks:length>0.001638837337373171</mytracks:length></extensions></trkpt><trkpt lat="33.5923967320784" lon="130.3557928936858"><ele>5.034661564048717</ele><time>2025-12-22T11:01:34.99900Z</time><extensions><mytracks:speed>3.144065170125176</mytracks:speed><mytracks:length>0.004367023706436243</mytracks:length></extensions></trkpt><trkpt lat="33.59237788398612" lon="130.3557640329737"><ele>4.870782514961299</ele><time>2025-12-22T11:01:39.99900Z</time><extensions><mytracks:speed>2.446326050368943</mytracks:speed><mytracks:length>0.003397834977550308</mytracks:length></extensions></trkpt><trkpt lat="33.59236040636691" lon="130.3557091995884"><ele>5.434342782013118</ele><time>2025-12-22T11:01:58.00000Z</time><extensions><mytracks:speed>1.087364462073596</mytracks:speed><mytracks:gradient>0.1036515322630379</mytracks:gradient><mytracks:length>0.005437066435464407</mytracks:length></extensions></trkpt><trkpt lat="33.59235322271296" lon="130.3556887740185"><ele>5.567716810276403</ele><time>2025-12-22T11:02:03.00000Z</time><extensions><mytracks:speed>1.477207652127772</mytracks:speed><mytracks:gradient>0.06501074009469085</mytracks:gradient><mytracks:length>0.002051569141791343</mytracks:length></extensions></trkpt><trkpt lat="33.59234907409503" lon="130.3556647774564"><ele>5.109487367486517</ele><time>2025-12-22T11:02:08.00000Z</time><extensions><mytracks:speed>1.631898635796792</mytracks:speed><mytracks:length>0.002266549173510151</mytracks:length></extensions></trkpt><trkpt lat="33.59234633659175" lon="130.3556624015922"><ele>5.032115528559155</ele><time>2025-12-22T11:02:13.00000Z</time><extensions><mytracks:speed>0.2734115721773364</mytracks:speed><mytracks:length>0.0003797411918640138</mytracks:length></extensions></trkpt><trkpt lat="33.59233916058948" lon="130.3556605726598"><ele>4.700586836961433</ele><time>2025-12-22T11:02:18.50000Z</time><extensions><mytracks:speed>0.5345052773139267</mytracks:speed><mytracks:length>0.0008166643124271722</mytracks:length></extensions></trkpt><trkpt lat="33.59232974948046" lon="130.3556585565356"><ele>4.730988207454058</ele><time>2025-12-22T11:02:23.50000Z</time><extensions><mytracks:speed>0.7642101798940518</mytracks:speed><mytracks:gradient>0.02864246807547185</mytracks:gradient><mytracks:length>0.001061408898580907</mytracks:length></extensions></trkpt><trkpt lat="33.59232832126163" lon="130.3556560727251"><ele>4.766033420499052</ele><time>2025-12-22T11:02:28.50000Z</time><extensions><mytracks:speed>0.1933318589260901</mytracks:speed><mytracks:gradient>0.130513667324856</mytracks:gradient><mytracks:length>0.0002685175718629059</mytracks:length></extensions></trkpt><trkpt lat="33.59234642515194" lon="130.3556476311965"><ele>4.874453682643622</ele><time>2025-12-22T11:02:34.00000Z</time><extensions><mytracks:speed>1.411542722267348</mytracks:speed><mytracks:gradient>0.05027567201792096</mytracks:gradient><mytracks:length>0.0021565154237207</mytracks:length></extensions></trkpt><trkpt lat="33.59233724266596" lon="130.3556691920093"><ele>5.207270994692613</ele><time>2025-12-22T11:02:39.00000Z</time><extensions><mytracks:speed>1.613200239396904</mytracks:speed><mytracks:gradient>0.1485424536377371</mytracks:gradient><mytracks:length>0.002240553484195574</mytracks:length></extensions></trkpt></trkseg></trk></gpx>

