<?xml version="1.0" encoding="utf-8"?>
<gpx xmlns="http://www.topografix.com/GPX/1/1" xmlns:xsd="http://www.w3.org/2001/XMLSchema" xmlns:xsi="http://www.w3.org/2001/XMLSchema-instance" xmlns:mytracks="http://mytracks.stichling.info/myTracksGPX/1/0" creator="myTracks" version="1.1" xsi:schemaLocation="http://www.topografix.com/GPX/1/1 http://www.topografix.com/GPX/1/1/gpx.xsd"><trk><name>2025-12-28 15:18:21</name><extensions><mytracks:color red="0.000000" green="0.000000" blue="1.000000" alpha="1.000000"/><mytracks:area showArea="no" areaDistance="0.000000"/><mytracks:directionArrows showDirectionArrows="yes"/><mytracks:sync syncPhotosOniPhone="no"/><mytracks:timezone offset="540"/></extensions><trkseg><trkpt lat="33.59184890988627" lon="130.3529641685359"><ele>-6.449008927680552</ele><time>2025-12-28T06:18:21.00100Z</time><extensions><mytracks:speed>0</mytracks:speed><mytracks:gradient>0</mytracks:gradient><mytracks:length>0</mytracks:length></extensions></trkpt><trkpt lat="33.59184019943414" lon="130.3528677270816"><ele>2.417887079028284</ele><time>2025-12-28T06:18:26.71800Z</time><extensions><mytracks:speed>5.657825075021572</mytracks:speed><mytracks:gradient>0.9868209663740373</mytracks:gradient><mytracks:length>0.008985313758876899</mytracks:length></extensions></trkpt><trkpt lat="33.59184036598816" lon="130.3528026128238"><ele>6.757218467480514</ele><time>2025-12-28T06:18:32.00000Z</time><extensions><mytracks:speed>4.110061241614861</mytracks:speed><mytracks:gradient>0.7195704669969283</mytracks:gradient><mytracks:length>0.006030446756051695</mytracks:length></extensions></trkpt><trkpt lat="33.59183413533738" lon="130.352736879214"><ele>6.498100022746859</ele><time>2025-12-28T06:18:37.00000Z</time><extensions><mytracks:speed>4.412011670511317</mytracks:speed><mytracks:length>0.006127556869777766</mytracks:length></extensions></trkpt><trkpt lat="33.59184239659115" lon="130.3526565585262"><ele>6.862927383361701</ele><time>2025-12-28T06:18:42.00000Z</time><extensions><mytracks:speed>5.397035342613475</mytracks:speed><mytracks:gradient>0.04867167410761471</mytracks:gradient><mytracks:length>0.00749568136506247</mytracks:length></extensions></trkpt><trkpt lat="33.5918106315956" lon="130.3526030047449"><ele>6.729573754276441</ele><time>2025-12-28T06:18:47.00000Z</time><extensions><mytracks:speed>4.38431625535106</mytracks:speed><mytracks:length>0.006089194711188511</mytracks:length></extensions></trkpt><trkpt lat="33.59179855841924" lon="130.3525426558413"><ele>6.50780491290717</ele><time>2025-12-28T06:18:52.00000Z</time><extensions><mytracks:speed>4.139832482759424</mytracks:speed><mytracks:length>0.005749662878292335</mytracks:length></extensions></trkpt><trkpt lat="33.59178173726234" lon="130.3524850363279"><ele>5.904112052869642</ele><time>2025-12-28T06:18:57.00000Z</time><extensions><mytracks:speed>4.072688494046292</mytracks:speed><mytracks:length>0.005656423193116413</mytracks:length></extensions></trkpt><trkpt lat="33.5917815137548" lon="130.3524129882401"><ele>6.482348927156097</ele><time>2025-12-28T06:19:02.00000Z</time><extensions><mytracks:speed>4.80478131624878</mytracks:speed><mytracks:gradient>0.08665041329551602</mytracks:gradient><mytracks:length>0.006673215421540024</mytracks:length></extensions></trkpt><trkpt lat="33.59177243156521" lon="130.352353597234"><ele>5.61389820089672</ele><time>2025-12-28T06:19:07.00000Z</time><extensions><mytracks:speed>4.027104364231737</mytracks:speed><mytracks:length>0.005593131429390299</mytracks:length></extensions></trkpt><trkpt lat="33.59175848688668" lon="130.3522502958493"><ele>5.303355914948598</ele><time>2025-12-28T06:19:23.05400Z</time><extensions><mytracks:speed>2.173537854313135</mytracks:speed><mytracks:length>0.009692703305998366</mytracks:length></extensions></trkpt><trkpt lat="33.59170626780219" lon="130.3519605727993"><ele>4.584135391749442</ele><time>2025-12-28T06:20:04.99900Z</time><extensions><mytracks:speed>2.356482657932694</mytracks:speed><mytracks:length>0.02745666030052249</mytracks:length></extensions></trkpt><trkpt lat="33.5916883111921" lon="130.3519327209602"><ele>4.428130709953178</ele><time>2025-12-28T06:20:10.50200Z</time><extensions><mytracks:speed>2.134215211257148</mytracks:speed><mytracks:length>0.003262516123281979</mytracks:length></extensions></trkpt><trkpt lat="33.59169364792756" lon="130.3518908788286"><ele>4.936982463113964</ele><time>2025-12-28T06:20:24.00000Z</time><extensions><mytracks:speed>1.045836884391914</mytracks:speed><mytracks:gradient>0.1297699220933903</mytracks:gradient><mytracks:length>0.003921184084510621</mytracks:length></extensions></trkpt><trkpt lat="33.59169195158314" lon="130.3518506700363"><ele>5.063606789408732</ele><time>2025-12-28T06:20:29.01000Z</time><extensions><mytracks:speed>2.679742062837267</mytracks:speed><mytracks:gradient>0.03395521360450166</mytracks:gradient><mytracks:length>0.003729157111766225</mytracks:length></extensions></trkpt><trkpt lat="33.59169966389655" lon="130.3518140720031"><ele>4.587733407020095</ele><time>2025-12-28T06:20:34.00900Z</time><extensions><mytracks:speed>2.51846567572828</mytracks:speed><mytracks:length>0.00349717722677251</mytracks:length></extensions></trkpt><trkpt lat="33.5917415283733" lon="130.3517924373931"><ele>4.341806307435036</ele><time>2025-12-28T06:21:00.00000Z</time><extensions><mytracks:speed>0.7019937280074509</mytracks:speed><mytracks:length>0.00506815802631477</mytracks:length></extensions></trkpt><trkpt lat="33.59178442848054" lon="130.35176278284"><ele>4.47387980855036</ele><time>2025-12-28T06:21:05.01200Z</time><extensions><mytracks:speed>3.951971945513927</mytracks:speed><mytracks:gradient>0.02400039194433345</mytracks:gradient><mytracks:length>0.005502972677348601</mytracks:length></extensions></trkpt><trkpt lat="33.591835878609" lon="130.3517443857843"><ele>5.107251493528207</ele><time>2025-12-28T06:21:10.65400Z</time><extensions><mytracks:speed>3.809050872825057</mytracks:speed><mytracks:gradient>0.1061127376528659</mytracks:gradient><mytracks:length>0.005968856321941667</mytracks:length></extensions></trkpt><trkpt lat="33.5919197065889" lon="130.3516997917009"><ele>6.082643103785813</ele><time>2025-12-28T06:21:24.99900Z</time><extensions><mytracks:speed>2.558366165256408</mytracks:speed><mytracks:gradient>0.09567511238687217</mytracks:gradient><mytracks:length>0.0101948310895472</mytracks:length></extensions></trkpt><trkpt lat="33.5919197065889" lon="130.3516997917009"><ele>6.082643103785813</ele><time>2025-12-28T06:21:37.99900Z</time><extensions><mytracks:speed>1.342135465558759</mytracks:speed><mytracks:gradient>0.09567511238687217</mytracks:gradient><mytracks:length>0</mytracks:length></extensions></trkpt><trkpt lat="33.59196210926311" lon="130.3517216707041"><ele>6.263318298384547</ele><time>2025-12-28T06:21:54.99900Z</time><extensions><mytracks:speed>1.086738991063827</mytracks:speed><mytracks:gradient>0.03520713678187205</mytracks:gradient><mytracks:length>0.005131777563115072</mytracks:length></extensions></trkpt><trkpt lat="33.59200378712696" lon="130.3517198349996"><ele>5.835311332534222</ele><time>2025-12-28T06:22:00.01800Z</time><extensions><mytracks:speed>3.326255400979888</mytracks:speed><mytracks:length>0.00463727592111443</mytracks:length></extensions></trkpt><trkpt lat="33.59202058194749" lon="130.3517085352367"><ele>4.361806977774844</ele><time>2025-12-28T06:22:04.99700Z</time><extensions><mytracks:speed>1.546963570256311</mytracks:speed><mytracks:length>0.002139732947436693</mytracks:length></extensions></trkpt><trkpt lat="33.59202911732818" lon="130.3517143821112"><ele>4.433582115309962</ele><time>2025-12-28T06:22:10.50000Z</time><extensions><mytracks:speed>0.71633165410289</mytracks:speed><mytracks:gradient>0.0655572149180518</mytracks:gradient><mytracks:length>0.001094847266236659</mytracks:length></extensions></trkpt><trkpt lat="33.59202981416293" lon="130.3517162155467"><ele>4.290792787002294</ele><time>2025-12-28T06:22:15.50300Z</time><extensions><mytracks:speed>0.1366172818586145</mytracks:speed><mytracks:length>0.0001898705959320068</mytracks:length></extensions></trkpt><trkpt lat="33.5920597947016" lon="130.3517054700547"><ele>3.863251195111834</ele><time>2025-12-28T06:22:20.50200Z</time><extensions><mytracks:speed>2.504502020797751</mytracks:speed><mytracks:length>0.003477794975765226</mytracks:length></extensions></trkpt><trkpt lat="33.59211468080656" lon="130.3517081761971"><ele>4.189842449993998</ele><time>2025-12-28T06:22:26.55400Z</time><extensions><mytracks:speed>3.633308455130287</mytracks:speed><mytracks:gradient>0.05347233148021256</mytracks:gradient><mytracks:length>0.006107668131190782</mytracks:length></extensions></trkpt><trkpt lat="33.5922502311238" lon="130.3517579564774"><ele>5.020264166407287</ele><time>2025-12-28T06:22:44.00000Z</time><extensions><mytracks:speed>3.252445571814115</mytracks:speed><mytracks:gradient>0.05268560623482535</mytracks:gradient><mytracks:length>0.01576183279949387</mytracks:length></extensions></trkpt><trkpt lat="33.59225339595721" lon="130.3517614694165"><ele>5.265482938963472</ele><time>2025-12-28T06:22:48.99300Z</time><extensions><mytracks:speed>0.3421978893171643</mytracks:speed><mytracks:gradient>0.5166018916251743</mytracks:gradient><mytracks:length>0.0004746764898300172</mytracks:length></extensions></trkpt><trkpt lat="33.59225697998386" lon="130.3517739755643"><ele>5.410102585905276</ele><time>2025-12-28T06:22:54.00200Z</time><extensions><mytracks:speed>0.8791763291968546</mytracks:speed><mytracks:gradient>0.1182348582732015</mytracks:gradient><mytracks:length>0.001223155751645057</mytracks:length></extensions></trkpt><trkpt lat="33.59226200884367" lon="130.3517822620388"><ele>5.652220335531511</ele><time>2025-12-28T06:22:59.00200Z</time><extensions><mytracks:speed>0.683585255703018</mytracks:speed><mytracks:gradient>0.2550344864487992</mytracks:gradient><mytracks:length>0.000949352979660035</mytracks:length></extensions></trkpt><trkpt lat="33.59226892520789" lon="130.3517905178637"><ele>5.832783419001855</ele><time>2025-12-28T06:23:04.00200Z</time><extensions><mytracks:speed>0.7792456488501087</mytracks:speed><mytracks:gradient>0.1668128754440532</mytracks:gradient><mytracks:length>0.001082428937153014</mytracks:length></extensions></trkpt><trkpt lat="33.5922765502027" lon="130.3517921472809"><ele>5.757936872280154</ele><time>2025-12-28T06:23:08.99100Z</time><extensions><mytracks:speed>0.620409247851372</mytracks:speed><mytracks:length>0.0008596756862859952</mytracks:length></extensions></trkpt><trkpt lat="33.59228236769419" lon="130.3517916062056"><ele>6.105685669197716</ele><time>2025-12-28T06:23:13.99600Z</time><extensions><mytracks:speed>0.4681323267014917</mytracks:speed><mytracks:gradient>0.5343046937499243</mytracks:gradient><mytracks:length>0.0006508436122410756</mytracks:length></extensions></trkpt><trkpt lat="33.59230729275644" lon="130.3517947441902"><ele>6.039226637042026</ele><time>2025-12-28T06:23:22.96600Z</time><extensions><mytracks:speed>1.117928788090567</mytracks:speed><mytracks:length>0.002785667603772699</mytracks:length></extensions></trkpt><trkpt lat="33.59233194902943" lon="130.3517952192749"><ele>6.007276268139237</ele><time>2025-12-28T06:23:29.40300Z</time><extensions><mytracks:speed>1.532513781272193</mytracks:speed><mytracks:length>0.002739997827793244</mytracks:length></extensions></trkpt><trkpt lat="33.59250703574015" lon="130.3517945929333"><ele>5.568440577015281</ele><time>2025-12-28T06:24:16.99900Z</time><extensions><mytracks:speed>1.472553813742836</mytracks:speed><mytracks:length>0.01946891279452016</mytracks:length></extensions></trkpt><trkpt lat="33.59254468910207" lon="130.3517812449402"><ele>5.186487366212091</ele><time>2025-12-28T06:24:22.51100Z</time><extensions><mytracks:speed>2.851759313192742</mytracks:speed><mytracks:length>0.004365991679077761</mytracks:length></extensions></trkpt><trkpt lat="33.59256640530658" lon="130.3516842069617"><ele>6.06649077473073</ele><time>2025-12-28T06:24:28.49000Z</time><extensions><mytracks:speed>5.602721653368754</mytracks:speed><mytracks:gradient>0.09456219395407428</mytracks:gradient><mytracks:length>0.009306080704367194</mytracks:length></extensions></trkpt><trkpt lat="33.59263022902536" lon="130.3516612129509"><ele>5.62956629305693</ele><time>2025-12-28T06:24:34.00700Z</time><extensions><mytracks:speed>4.834410005287618</mytracks:speed><mytracks:length>0.007409211933948148</mytracks:length></extensions></trkpt><trkpt lat="33.59266427169927" lon="130.3516543112283"><ele>5.760571208806407</ele><time>2025-12-28T06:24:39.00300Z</time><extensions><mytracks:speed>2.766504642697878</mytracks:speed><mytracks:gradient>0.0341272265784436</mytracks:gradient><mytracks:length>0.003838721422274205</mytracks:length></extensions></trkpt><trkpt lat="33.59270746881761" lon="130.3516560753784"><ele>6.338864256761125</ele><time>2025-12-28T06:24:44.01400Z</time><extensions><mytracks:speed>3.453434691941297</mytracks:speed><mytracks:gradient>0.1202987855812952</mytracks:gradient><mytracks:length>0.004807139533124553</mytracks:length></extensions></trkpt><trkpt lat="33.59274274065827" lon="130.3516497829406"><ele>6.49950839566891</ele><time>2025-12-28T06:24:49.01300Z</time><extensions><mytracks:speed>2.855102495344917</mytracks:speed><mytracks:gradient>0.04051948593127402</mytracks:gradient><mytracks:length>0.003964614437119375</mytracks:length></extensions></trkpt><trkpt lat="33.5928083361496" lon="130.351636783477"><ele>7.478801929083581</ele><time>2025-12-28T06:24:54.00500Z</time><extensions><mytracks:speed>5.330709195902886</mytracks:speed><mytracks:gradient>0.1324772745460013</mytracks:gradient><mytracks:length>0.007392162442733692</mytracks:length></extensions></trkpt><trkpt lat="33.59289469985164" lon="130.3516149476396"><ele>8.452629789183518</ele><time>2025-12-28T06:24:59.00600Z</time><extensions><mytracks:speed>7.063879183992056</mytracks:speed><mytracks:gradient>0.09923553467483133</mytracks:gradient><mytracks:length>0.009813297860397637</mytracks:length></extensions></trkpt><trkpt lat="33.59295635916175" lon="130.3515759355465"><ele>8.284532127888369</ele><time>2025-12-28T06:25:04.00900Z</time><extensions><mytracks:speed>5.576912761203892</mytracks:speed><mytracks:length>0.007750465629967011</mytracks:length></extensions></trkpt><trkpt lat="33.59297696727631" lon="130.3515243126336"><ele>7.976055098782565</ele><time>2025-12-28T06:25:09.00900Z</time><extensions><mytracks:speed>3.817984803598852</mytracks:speed><mytracks:length>0.005301947282354904</mytracks:length></extensions></trkpt><trkpt lat="33.59302042876124" lon="130.3514926011522"><ele>7.491708947991134</ele><time>2025-12-28T06:25:14.00100Z</time><extensions><mytracks:speed>4.077706113123265</mytracks:speed><mytracks:length>0.005654829609990516</mytracks:length></extensions></trkpt><trkpt lat="33.59304646504875" lon="130.3514463576539"><ele>7.04594274490444</ele><time>2025-12-28T06:25:19.00100Z</time><extensions><mytracks:speed>3.722253134670753</mytracks:speed><mytracks:length>0.005170270808428378</mytracks:length></extensions></trkpt><trkpt lat="33.59309669212474" lon="130.3514266300668"><ele>6.697196681390212</ele><time>2025-12-28T06:25:23.99600Z</time><extensions><mytracks:speed>4.236205690123628</mytracks:speed><mytracks:length>0.005876794005679941</mytracks:length></extensions></trkpt><trkpt lat="33.59314350548449" lon="130.3513813968512"><ele>5.348218726837788</ele><time>2025-12-28T06:25:28.99100Z</time><extensions><mytracks:speed>4.815002664202991</mytracks:speed><mytracks:length>0.006681988424314895</mytracks:length></extensions></trkpt><trkpt lat="33.59320057643335" lon="130.3513430482236"><ele>5.617575481119713</ele><time>2025-12-28T06:25:34.00000Z</time><extensions><mytracks:speed>5.227900057665408</mytracks:speed><mytracks:gradient>0.03703549022647689</mytracks:gradient><mytracks:length>0.007272936111680259</mytracks:length></extensions></trkpt><trkpt lat="33.59326527999076" lon="130.351324448685"><ele>5.867169973764986</ele><time>2025-12-28T06:25:38.98900Z</time><extensions><mytracks:speed>5.337354604799486</mytracks:speed><mytracks:gradient>0.03373971416719037</mytracks:gradient><mytracks:length>0.007397646921620525</mytracks:length></extensions></trkpt><trkpt lat="33.59332294882027" lon="130.3512995267359"><ele>6.234216953989939</ele><time>2025-12-28T06:25:44.00300Z</time><extensions><mytracks:speed>4.893748550894139</mytracks:speed><mytracks:gradient>0.05385969209867869</mytracks:gradient><mytracks:length>0.006814873348189051</mytracks:length></extensions></trkpt><trkpt lat="33.59337280806143" lon="130.3512715108373"><ele>7.473909898392961</ele><time>2025-12-28T06:25:49.01100Z</time><extensions><mytracks:speed>4.399963103013908</mytracks:speed><mytracks:gradient>0.2025332815320948</mytracks:gradient><mytracks:length>0.006120934470745593</mytracks:length></extensions></trkpt><trkpt lat="33.59342226367302" lon="130.3512583682628"><ele>8.236703788567235</ele><time>2025-12-28T06:25:54.01600Z</time><extensions><mytracks:speed>4.051649256760288</mytracks:speed><mytracks:gradient>0.1354086709366575</mytracks:gradient><mytracks:length>0.005633272115425308</mytracks:length></extensions></trkpt><trkpt lat="33.59347225715314" lon="130.3512662584561"><ele>7.971583227295477</ele><time>2025-12-28T06:25:59.01400Z</time><extensions><mytracks:speed>4.038789710052315</mytracks:speed><mytracks:length>0.005607615177669709</mytracks:length></extensions></trkpt><trkpt lat="33.59352777296753" lon="130.3512502163365"><ele>7.311454069948656</ele><time>2025-12-28T06:26:04.01200Z</time><extensions><mytracks:speed>4.573240810222312</mytracks:speed><mytracks:length>0.006349319286973096</mytracks:length></extensions></trkpt><trkpt lat="33.59358173636151" lon="130.3512390354998"><ele>7.337125749342169</ele><time>2025-12-28T06:26:09.00000Z</time><extensions><mytracks:speed>4.394991962025292</mytracks:speed><mytracks:gradient>0.004215939974187869</mytracks:gradient><mytracks:length>0.006089194711188511</mytracks:length></extensions></trkpt><trkpt lat="33.59364605053077" lon="130.3512439895593"><ele>7.514127903075603</ele><time>2025-12-28T06:26:14.00200Z</time><extensions><mytracks:speed>5.15776146142229</mytracks:speed><mytracks:gradient>0.02469958239525416</mytracks:gradient><mytracks:length>0.007166200258002883</mytracks:length></extensions></trkpt><trkpt lat="33.59370173542246" lon="130.3512356352633"><ele>7.242203302148054</ele><time>2025-12-28T06:26:19.00200Z</time><extensions><mytracks:speed>4.492262374873142</mytracks:speed><mytracks:length>0.006239784503934776</mytracks:length></extensions></trkpt><trkpt lat="33.59371617048991" lon="130.3512650300635"><ele>5.543947671217842</ele><time>2025-12-28T06:26:24.50400Z</time><extensions><mytracks:speed>2.067976656276108</mytracks:speed><mytracks:length>0.003160076512726012</mytracks:length></extensions></trkpt><trkpt lat="33.59370745288425" lon="130.3513372447586"><ele>5.281780738033317</ele><time>2025-12-28T06:26:30.00900Z</time><extensions><mytracks:speed>4.418915113034922</mytracks:speed><mytracks:length>0.006757766319063306</mytracks:length></extensions></trkpt><trkpt lat="33.59372989125779" lon="130.3513825466599"><ele>5.869853410823106</ele><time>2025-12-28T06:26:35.00500Z</time><extensions><mytracks:speed>3.518335621514215</mytracks:speed><mytracks:gradient>0.1204454622153675</mytracks:gradient><mytracks:length>0.004882480933472286</mytracks:length></extensions></trkpt><trkpt lat="33.59380689628486" lon="130.3513750203623"><ele>5.986068178033187</ele><time>2025-12-28T06:26:39.99400Z</time><extensions><mytracks:speed>6.19878071779455</mytracks:speed><mytracks:gradient>0.0135275193315878</mytracks:gradient><mytracks:length>0.008590988810395573</mytracks:length></extensions></trkpt><trkpt lat="33.5938669384787" lon="130.3513783617902"><ele>5.697254605639381</ele><time>2025-12-28T06:26:45.00200Z</time><extensions><mytracks:speed>4.805373419500995</mytracks:speed><mytracks:length>0.006684011328167983</mytracks:length></extensions></trkpt><trkpt lat="33.59389443763766" lon="130.3513620870934"><ele>6.342545309187186</ele><time>2025-12-28T06:26:49.99600Z</time><extensions><mytracks:speed>2.456590992793318</mytracks:speed><mytracks:gradient>0.1893220646190858</mytracks:gradient><mytracks:length>0.003408428409261878</mytracks:length></extensions></trkpt><trkpt lat="33.59392417501271" lon="130.3513562819047"><ele>6.94265200029985</ele><time>2025-12-28T06:26:54.99900Z</time><extensions><mytracks:speed>2.410389202763635</mytracks:speed><mytracks:gradient>0.1791496960165649</mytracks:gradient><mytracks:length>0.003349749982590956</mytracks:length></extensions></trkpt><trkpt lat="33.59396050109576" lon="130.3513540858076"><ele>7.924062921131203</ele><time>2025-12-28T06:27:00.00800Z</time><extensions><mytracks:speed>2.907291032779392</mytracks:speed><mytracks:gradient>0.242652546785681</mytracks:gradient><mytracks:length>0.004044511107885338</mytracks:length></extensions></trkpt><trkpt lat="33.59401331172381" lon="130.3513360652821"><ele>8.06450010280194</ele><time>2025-12-28T06:27:04.99900Z</time><extensions><mytracks:speed>4.403301672940061</mytracks:speed><mytracks:gradient>0.02300470299286357</mytracks:gradient><mytracks:length>0.00610471614062144</mytracks:length></extensions></trkpt><trkpt lat="33.59406463778453" lon="130.3513267027829"><ele>8.19514734400931</ele><time>2025-12-28T06:27:09.99500Z</time><extensions><mytracks:speed>4.159297564346998</mytracks:speed><mytracks:gradient>0.02263329585112678</mytracks:gradient><mytracks:length>0.005772347167938693</mytracks:length></extensions></trkpt><trkpt lat="33.59412174541323" lon="130.3513087988883"><ele>8.416287706588017</ele><time>2025-12-28T06:27:15.00100Z</time><extensions><mytracks:speed>4.71865013467118</mytracks:speed><mytracks:gradient>0.03369901654255266</mytracks:gradient><mytracks:length>0.006562220066554963</mytracks:length></extensions></trkpt><trkpt lat="33.59417142453704" lon="130.3512772630389"><ele>8.980905238741052</ele><time>2025-12-28T06:27:20.00100Z</time><extensions><mytracks:speed>4.49968135810977</mytracks:speed><mytracks:gradient>0.09035086133164472</mytracks:gradient><mytracks:length>0.006249166016033115</mytracks:length></extensions></trkpt><trkpt lat="33.59421373810864" lon="130.3512215691488"><ele>9.251558164428809</ele><time>2025-12-28T06:27:24.99800Z</time><extensions><mytracks:speed>5.03039325882133</mytracks:speed><mytracks:gradient>0.03876381547191032</mytracks:gradient><mytracks:length>0.00698210231353213</mytracks:length></extensions></trkpt><trkpt lat="33.59426077464941" lon="130.3511662053479"><ele>9.250115545397392</ele><time>2025-12-28T06:27:30.00000Z</time><extensions><mytracks:speed>5.271554660129455</mytracks:speed><mytracks:length>0.007325413305921648</mytracks:length></extensions></trkpt><trkpt lat="33.59430994291223" lon="130.351118381581"><ele>9.333596915479101</ele><time>2025-12-28T06:27:35.00300Z</time><extensions><mytracks:speed>5.063442872080971</mytracks:speed><mytracks:gradient>0.0118636280630972</mytracks:gradient><mytracks:length>0.007036748761652774</mytracks:length></extensions></trkpt><trkpt lat="33.59433029138486" lon="130.3510551343188"><ele>9.104009809641571</ele><time>2025-12-28T06:27:40.00300Z</time><extensions><mytracks:speed>4.521795507561359</mytracks:speed><mytracks:length>0.006279379726496782</mytracks:length></extensions></trkpt><trkpt lat="33.5943504183215" lon="130.350993751143"><ele>8.926143997774201</ele><time>2025-12-28T06:27:44.99700Z</time><extensions><mytracks:speed>4.404973580276557</mytracks:speed><mytracks:length>0.006110618695677476</mytracks:length></extensions></trkpt><trkpt lat="33.59437884153592" lon="130.3509307194743"><ele>8.692360039810509</ele><time>2025-12-28T06:27:49.99800Z</time><extensions><mytracks:speed>4.778299392026063</mytracks:speed><mytracks:length>0.006638007464645173</mytracks:length></extensions></trkpt><trkpt lat="33.59438396238022" lon="130.3508622046984"><ele>8.474019779765399</ele><time>2025-12-28T06:27:55.00600Z</time><extensions><mytracks:speed>4.579554353856756</mytracks:speed><mytracks:length>0.00637057585559778</mytracks:length></extensions></trkpt><trkpt lat="33.59437763934803" lon="130.3507973840385"><ele>7.910168317035515</ele><time>2025-12-28T06:28:00.00100Z</time><extensions><mytracks:speed>4.356149425099048</mytracks:speed><mytracks:length>0.006044628159181706</mytracks:length></extensions></trkpt><trkpt lat="33.59435552876755" lon="130.3507421180555"><ele>7.245548167421442</ele><time>2025-12-28T06:28:05.00400Z</time><extensions><mytracks:speed>4.086271405207177</mytracks:speed><mytracks:length>0.005678686401098615</mytracks:length></extensions></trkpt><trkpt lat="33.59432725390671" lon="130.350730103789"><ele>5.240175306556919</ele><time>2025-12-28T06:28:09.99800Z</time><extensions><mytracks:speed>2.404190707448003</mytracks:speed><mytracks:length>0.003334919058548388</mytracks:length></extensions></trkpt><trkpt lat="33.59431644331366" lon="130.3507003353473"><ele>3.794069732535406</ele><time>2025-12-28T06:28:14.98600Z</time><extensions><mytracks:speed>2.169591219509517</mytracks:speed><mytracks:length>0.00300661752344619</mytracks:length></extensions></trkpt><trkpt lat="33.59435199327924" lon="130.3506968914718"><ele>3.574595479389127</ele><time>2025-12-28T06:28:19.99000Z</time><extensions><mytracks:speed>2.853486573578088</mytracks:speed><mytracks:length>0.003965750918277052</mytracks:length></extensions></trkpt><trkpt lat="33.59440213740519" lon="130.3507087878749"><ele>5.03080042449926</ele><time>2025-12-28T06:28:24.99900Z</time><extensions><mytracks:speed>4.084792727747364</mytracks:speed><mytracks:gradient>0.256218676329762</mytracks:gradient><mytracks:length>0.005683445742401498</mytracks:length></extensions></trkpt><trkpt lat="33.59445632771951" lon="130.3507007551381"><ele>5.504217831872231</ele><time>2025-12-28T06:28:30.49800Z</time><extensions><mytracks:speed>3.974556710292688</mytracks:speed><mytracks:gradient>0.07796537375132841</mytracks:gradient><mytracks:length>0.006072149527339437</mytracks:length></extensions></trkpt><trkpt lat="33.59446852883534" lon="130.3506389391561"><ele>4.526790289214394</ele><time>2025-12-28T06:28:35.99700Z</time><extensions><mytracks:speed>3.85202198564882</mytracks:speed><mytracks:length>0.005883691203861292</mytracks:length></extensions></trkpt><trkpt lat="33.59446018274784" lon="130.3506378107232"><ele>4.494755635150369</ele><time>2025-12-28T06:28:40.99700Z</time><extensions><mytracks:speed>0.6732730952590461</mytracks:speed><mytracks:length>0.0009350042500383114</mytracks:length></extensions></trkpt><trkpt lat="33.59444456349762" lon="130.3506148484107"><ele>4.528546160950995</ele><time>2025-12-28T06:28:45.99400Z</time><extensions><mytracks:speed>1.976081678378295</mytracks:speed><mytracks:gradient>0.01231754036499402</mytracks:gradient><mytracks:length>0.002743285168900871</mytracks:length></extensions></trkpt><trkpt lat="33.59444144449316" lon="130.3505469076207"><ele>4.362844741384694</ele><time>2025-12-28T06:28:51.00400Z</time><extensions><mytracks:speed>4.528332107509545</mytracks:speed><mytracks:length>0.0063015874019437</mytracks:length></extensions></trkpt><trkpt lat="33.5944432184716" lon="130.3504704474304"><ele>4.207988553993383</ele><time>2025-12-28T06:28:56.00400Z</time><extensions><mytracks:speed>5.10102094520981</mytracks:speed><mytracks:length>0.0070846161818841</mytracks:length></extensions></trkpt><trkpt lat="33.59443506815641" lon="130.3504066949815"><ele>3.882409279866609</ele><time>2025-12-28T06:29:01.01000Z</time><extensions><mytracks:speed>4.296244198032531</mytracks:speed><mytracks:length>0.005974138830625069</mytracks:length></extensions></trkpt><trkpt lat="33.59443255840093" lon="130.3503362063094"><ele>4.872473158059332</ele><time>2025-12-28T06:29:06.00800Z</time><extensions><mytracks:speed>4.706774169231547</mytracks:speed><mytracks:gradient>0.1515088388625479</mytracks:gradient><mytracks:length>0.006534693854336316</mytracks:length></extensions></trkpt><trkpt lat="33.59442908897675" lon="130.3502587072019"><ele>4.956380446397699</ele><time>2025-12-28T06:29:11.00300Z</time><extensions><mytracks:speed>5.180759954399248</mytracks:speed><mytracks:gradient>0.01167296000118282</mytracks:gradient><mytracks:length>0.007188175778025808</mytracks:length></extensions></trkpt><trkpt lat="33.59441771232945" lon="130.3501880772529"><ele>4.782385162024002</ele><time>2025-12-28T06:29:16.00400Z</time><extensions><mytracks:speed>4.796204816424429</mytracks:speed><mytracks:length>0.006662402021004232</mytracks:length></extensions></trkpt><trkpt lat="33.59441923741273" lon="130.3501216147475"><ele>4.788555127106072</ele><time>2025-12-28T06:29:20.99800Z</time><extensions><mytracks:speed>4.438690966328428</mytracks:speed><mytracks:gradient>0.001002002332253247</mytracks:gradient><mytracks:length>0.006157635450004847</mytracks:length></extensions></trkpt><trkpt lat="33.59440865568309" lon="130.3500520524858"><ele>4.693727053125947</ele><time>2025-12-28T06:29:26.00300Z</time><extensions><mytracks:speed>4.710228256323915</mytracks:speed><mytracks:length>0.00654915954124639</mytracks:length></extensions></trkpt><trkpt lat="33.59439036155354" lon="130.3499797662122"><ele>5.146535959686839</ele><time>2025-12-28T06:29:30.99100Z</time><extensions><mytracks:speed>5.050274299973391</mytracks:speed><mytracks:gradient>0.06470940258561524</mytracks:gradient><mytracks:length>0.006997575135418571</mytracks:length></extensions></trkpt><trkpt lat="33.5943834296206" lon="130.3499053460034"><ele>5.294741137933976</ele><time>2025-12-28T06:29:35.99500Z</time><extensions><mytracks:speed>4.990315581250471</mytracks:speed><mytracks:gradient>0.0213671390121721</mytracks:gradient><mytracks:length>0.006936126458610608</mytracks:length></extensions></trkpt><trkpt lat="33.59438152116719" lon="130.3498282078928"><ele>5.49923225738615</ele><time>2025-12-28T06:29:41.00400Z</time><extensions><mytracks:speed>5.137252489169073</mytracks:speed><mytracks:gradient>0.02860839582831417</mytracks:gradient><mytracks:length>0.00714794078910868</mytracks:length></extensions></trkpt><trkpt lat="33.59438269272715" lon="130.3497618132041"><ele>5.050214365236206</ele><time>2025-12-28T06:29:46.00300Z</time><extensions><mytracks:speed>4.4300710757632</mytracks:speed><mytracks:length>0.006151045434554791</mytracks:length></extensions></trkpt><trkpt lat="33.59439096064257" lon="130.34970131817"><ele>4.528382910823339</ele><time>2025-12-28T06:29:50.99800Z</time><extensions><mytracks:speed>4.091962574270389</mytracks:speed><mytracks:length>0.005677892789690771</mytracks:length></extensions></trkpt><trkpt lat="33.59443707532984" lon="130.349699849285"><ele>4.09329693677894</ele><time>2025-12-28T06:29:55.99300Z</time><extensions><mytracks:speed>3.69686094052178</mytracks:speed><mytracks:length>0.005129142503858864</mytracks:length></extensions></trkpt><trkpt lat="33.594473051484" lon="130.3497103607474"><ele>4.476503394438451</ele><time>2025-12-28T06:30:01.00300Z</time><extensions><mytracks:speed>2.95949075442216</mytracks:speed><mytracks:gradient>0.09304548236315051</mytracks:gradient><mytracks:length>0.004118485367875042</mytracks:length></extensions></trkpt><trkpt lat="33.59450754471433" lon="130.3497199563431"><ele>4.127952466754842</ele><time>2025-12-28T06:30:14.54900Z</time><extensions><mytracks:speed>1.046336763202496</mytracks:speed><mytracks:length>0.003937240477265507</mytracks:length></extensions></trkpt><trkpt lat="33.59467671313893" lon="130.3497793142532"><ele>2.153622880578041</ele><time>2025-12-28T06:31:18.00000Z</time><extensions><mytracks:speed>1.111895241501777</mytracks:speed><mytracks:length>0.01959741425076736</mytracks:length></extensions></trkpt><trkpt lat="33.59468429812953" lon="130.3497749949237"><ele>1.566062561236322</ele><time>2025-12-28T06:31:43.00000Z</time><extensions><mytracks:speed>0.1339461711116357</mytracks:speed><mytracks:length>0.0009301721543831611</mytracks:length></extensions></trkpt><trkpt lat="33.59468533442217" lon="130.3497718693004"><ele>1.811726510812038</ele><time>2025-12-28T06:31:48.00000Z</time><extensions><mytracks:speed>0.2161132288779109</mytracks:speed><mytracks:gradient>0.818302187169847</mytracks:gradient><mytracks:length>0.0003002117719193212</mytracks:length></extensions></trkpt><trkpt lat="33.59468526188952" lon="130.3497302150101"><ele>1.926561036912258</ele><time>2025-12-28T06:32:01.67300Z</time><extensions><mytracks:speed>1.015680445477558</mytracks:speed><mytracks:gradient>0.0297694785872839</mytracks:gradient><mytracks:length>0.003857458428891387</mytracks:length></extensions></trkpt><trkpt lat="33.59467694606513" lon="130.3494986867485"><ele>2.022671500220895</ele><time>2025-12-28T06:33:12.00000Z</time><extensions><mytracks:speed>1.098740581876144</mytracks:speed><mytracks:gradient>0.004477710651676767</mytracks:gradient><mytracks:length>0.02146419694909199</mytracks:length></extensions></trkpt><trkpt lat="33.59467702867673" lon="130.3494428836733"><ele>2.379441844612475</ele><time>2025-12-28T06:33:17.00900Z</time><extensions><mytracks:speed>3.71420288905128</mytracks:speed><mytracks:gradient>0.06902746590645668</mytracks:gradient><mytracks:length>0.005168527334830188</mytracks:length></extensions></trkpt><trkpt lat="33.5946724578454" lon="130.349389585451"><ele>2.61163829872625</ele><time>2025-12-28T06:33:22.00500Z</time><extensions><mytracks:speed>3.576001729396914</mytracks:speed><mytracks:gradient>0.04679371417645372</mytracks:gradient><mytracks:length>0.004962129170558869</mytracks:length></extensions></trkpt><trkpt lat="33.59466901772173" lon="130.3493382764325"><ele>2.825764802973511</ele><time>2025-12-28T06:33:27.00100Z</time><extensions><mytracks:speed>3.434378100207071</mytracks:speed><mytracks:gradient>0.04492171066274749</mytracks:gradient><mytracks:length>0.004766659619328137</mytracks:length></extensions></trkpt><trkpt lat="33.59466050830534" lon="130.3492944418499"><ele>2.532867482313053</ele><time>2025-12-28T06:33:32.00200Z</time><extensions><mytracks:speed>3.000716167284335</mytracks:speed><mytracks:length>0.00416851369461538</mytracks:length></extensions></trkpt><trkpt lat="33.59466004479521" lon="130.3492869015696"><ele>2.289992622386725</ele><time>2025-12-28T06:33:37.00000Z</time><extensions><mytracks:speed>0.5025899660376291</mytracks:speed><mytracks:length>0.0006976291157873706</mytracks:length></extensions></trkpt><trkpt lat="33.59466559015653" lon="130.3492618223369"><ele>2.310431919984896</ele><time>2025-12-28T06:33:41.99800Z</time><extensions><mytracks:speed>1.731119329261493</mytracks:speed><mytracks:gradient>0.008503725534626137</mytracks:gradient><mytracks:length>0.002403569766562233</mytracks:length></extensions></trkpt><trkpt lat="33.59466857665718" lon="130.3491699921777"><ele>2.470694280229509</ele><time>2025-12-28T06:33:56.99900Z</time><extensions><mytracks:speed>2.042666733177332</mytracks:speed><mytracks:gradient>0.01882793985583806</mytracks:gradient><mytracks:length>0.008511943498423697</mytracks:length></extensions></trkpt><trkpt lat="33.59467475892824" lon="130.3491017585754"><ele>2.347593830254867</ele><time>2025-12-28T06:34:02.00700Z</time><extensions><mytracks:speed>4.570403759119053</mytracks:speed><mytracks:length>0.006357121614907755</mytracks:length></extensions></trkpt><trkpt lat="33.5946645071017" lon="130.3490378592111"><ele>2.406522066621306</ele><time>2025-12-28T06:34:07.00200Z</time><extensions><mytracks:speed>4.343240159754709</mytracks:speed><mytracks:gradient>0.009777846219019623</mytracks:gradient><mytracks:length>0.006026709261576746</mytracks:length></extensions></trkpt><trkpt lat="33.59466579210162" lon="130.3489817719781"><ele>2.292513813664242</ele><time>2025-12-28T06:34:11.99500Z</time><extensions><mytracks:speed>3.74743525991493</mytracks:speed><mytracks:length>0.005197219859432865</mytracks:length></extensions></trkpt><trkpt lat="33.59466462261415" lon="130.3489213807557"><ele>2.183110428612508</ele><time>2025-12-28T06:34:17.00900Z</time><extensions><mytracks:speed>4.017564961010843</mytracks:speed><mytracks:length>0.005595547990932905</mytracks:length></extensions></trkpt><trkpt lat="33.59465183630181" lon="130.3488585129685"><ele>2.298303351140767</ele><time>2025-12-28T06:34:22.00100Z</time><extensions><mytracks:speed>4.322498410753973</mytracks:speed><mytracks:gradient>0.01921652968518472</mytracks:gradient><mytracks:length>0.005994470615423804</mytracks:length></extensions></trkpt><trkpt lat="33.59463794249343" lon="130.3487994558611"><ele>2.530340274307856</ele><time>2025-12-28T06:34:26.99700Z</time><extensions><mytracks:speed>4.095296984010932</mytracks:speed><mytracks:gradient>0.04082680361245843</mytracks:gradient><mytracks:length>0.005683445742401498</mytracks:length></extensions></trkpt><trkpt lat="33.59462403380098" lon="130.3487400304513"><ele>2.762718807437222</ele><time>2025-12-28T06:34:31.99900Z</time><extensions><mytracks:speed>4.114423805570921</mytracks:speed><mytracks:gradient>0.04064942326857766</mytracks:gradient><mytracks:length>0.005716650186990394</mytracks:length></extensions></trkpt><trkpt lat="33.59461646003772" lon="130.3486814692934"><ele>2.807466577847366</ele><time>2025-12-28T06:34:37.00100Z</time><extensions><mytracks:speed>3.950728378579113</mytracks:speed><mytracks:gradient>0.008152212562682774</mytracks:gradient><mytracks:length>0.005489033813345206</mytracks:length></extensions></trkpt><trkpt lat="33.59461261802366" lon="130.3486255625502"><ele>2.925704683482076</ele><time>2025-12-28T06:34:41.99900Z</time><extensions><mytracks:speed>3.741613376885535</mytracks:speed><mytracks:gradient>0.02276165556403108</mytracks:gradient><mytracks:length>0.005194617997012262</mytracks:length></extensions></trkpt><trkpt lat="33.59461523244352" lon="130.3485621428477"><ele>2.896452105597994</ele><time>2025-12-28T06:34:47.49700Z</time><extensions><mytracks:speed>3.851113754291605</mytracks:speed><mytracks:length>0.005881393036517375</mytracks:length></extensions></trkpt><trkpt lat="33.59460699263087" lon="130.3485059243538"><ele>2.808408466524729</ele><time>2025-12-28T06:34:52.50100Z</time><extensions><mytracks:speed>3.80300242317243</mytracks:speed><mytracks:length>0.005286626163298521</mytracks:length></extensions></trkpt><trkpt lat="33.59460911552812" lon="130.3484343609965"><ele>2.950588377543083</ele><time>2025-12-28T06:34:58.50000Z</time><extensions><mytracks:speed>3.979735602824951</mytracks:speed><mytracks:gradient>0.02143880673633999</mytracks:gradient><mytracks:length>0.006631894804917065</mytracks:length></extensions></trkpt><trkpt lat="33.5946097398082" lon="130.348366134132"><ele>2.967518351310959</ele><time>2025-12-28T06:35:04.00000Z</time><extensions><mytracks:speed>4.136577770463586</mytracks:speed><mytracks:gradient>0.00267903071221956</mytracks:gradient><mytracks:length>0.006319439971574453</mytracks:length></extensions></trkpt><trkpt lat="33.59461926527551" lon="130.3483071105476"><ele>2.939191847600537</ele><time>2025-12-28T06:35:08.99600Z</time><extensions><mytracks:speed>4.012688273783163</mytracks:speed><mytracks:length>0.005568098881273287</mytracks:length></extensions></trkpt><trkpt lat="33.5946256832006" lon="130.3482481228957"><ele>3.19396316248419</ele><time>2025-12-28T06:35:14.00000Z</time><extensions><mytracks:speed>3.963893832829364</mytracks:speed><mytracks:gradient>0.0462351536455412</mytracks:gradient><mytracks:length>0.005510337801337073</mytracks:length></extensions></trkpt><trkpt lat="33.59463268672695" lon="130.3481833654567"><ele>3.308132505809942</ele><time>2025-12-28T06:35:19.00000Z</time><extensions><mytracks:speed>4.354985061855243</mytracks:speed><mytracks:gradient>0.01887609957351715</mytracks:gradient><mytracks:length>0.006048354580939505</mytracks:length></extensions></trkpt><trkpt lat="33.59464305516386" lon="130.3481202448454"><ele>3.374547411579516</ele><time>2025-12-28T06:35:23.99900Z</time><extensions><mytracks:speed>4.290472007952569</mytracks:speed><mytracks:gradient>0.01114666252230458</mytracks:gradient><mytracks:length>0.005958277254440621</mytracks:length></extensions></trkpt><trkpt lat="33.59465669664998" lon="130.3480598654983"><ele>3.377979080713654</ele><time>2025-12-28T06:35:29.00200Z</time><extensions><mytracks:speed>4.169802907692668</mytracks:speed><mytracks:gradient>0.0005922629318238757</mytracks:gradient><mytracks:length>0.005794164972591557</mytracks:length></extensions></trkpt><trkpt lat="33.59466423734712" lon="130.3480030853522"><ele>3.253083854486709</ele><time>2025-12-28T06:35:33.99700Z</time><extensions><mytracks:speed>3.83787544506696</mytracks:speed><mytracks:length>0.00532484630543152</mytracks:length></extensions></trkpt><trkpt lat="33.59467256093919" lon="130.3479419476691"><ele>3.445437770029458</ele><time>2025-12-28T06:35:38.99800Z</time><extensions><mytracks:speed>4.130089269106491</mytracks:speed><mytracks:gradient>0.0335234322812522</mytracks:gradient><mytracks:length>0.005737894435419187</mytracks:length></extensions></trkpt><trkpt lat="33.59468329445713" lon="130.3478805896779"><ele>3.484066108991589</ele><time>2025-12-28T06:35:44.00200Z</time><extensions><mytracks:speed>4.178033335236287</mytracks:speed><mytracks:gradient>0.006651604589036824</mytracks:gradient><mytracks:length>0.005807371506387819</mytracks:length></extensions></trkpt><trkpt lat="33.59469299544197" lon="130.3478206523975"><ele>3.492679975594165</ele><time>2025-12-28T06:35:49.00000Z</time><extensions><mytracks:speed>4.073725390541806</mytracks:speed><mytracks:gradient>0.001523061444568562</mytracks:gradient><mytracks:length>0.005655626457681358</mytracks:length></extensions></trkpt><trkpt lat="33.59470417482654" lon="130.347758212931"><ele>3.394853555324987</ele><time>2025-12-28T06:35:54.00400Z</time><extensions><mytracks:speed>4.255762001781274</mytracks:speed><mytracks:length>0.005915771803914545</mytracks:length></extensions></trkpt><trkpt lat="33.59471953577545" lon="130.3476954878952"><ele>3.3740859312615</ele><time>2025-12-28T06:35:58.99700Z</time><extensions><mytracks:speed>4.366382577588073</mytracks:speed><mytracks:length>0.006055800545326014</mytracks:length></extensions></trkpt><trkpt lat="33.59473468764032" lon="130.347631602185"><ele>3.522082262282071</ele><time>2025-12-28T06:36:04.00000Z</time><extensions><mytracks:speed>4.427741240536712</mytracks:speed><mytracks:gradient>0.0240517615918211</mytracks:gradient><mytracks:length>0.006153242890570549</mytracks:length></extensions></trkpt><trkpt lat="33.5947442527394" lon="130.3475682705834"><ele>3.409601797461708</ele><time>2025-12-28T06:36:09.00500Z</time><extensions><mytracks:speed>4.287149632310177</mytracks:speed><mytracks:length>0.005960545778130067</mytracks:length></extensions></trkpt><trkpt lat="33.59476300316108" lon="130.3475046927393"><ele>3.420248119795593</ele><time>2025-12-28T06:36:14.00000Z</time><extensions><mytracks:speed>4.502094078504109</mytracks:speed><mytracks:gradient>0.001704228975577015</mytracks:gradient><mytracks:length>0.006247002302188107</mytracks:length></extensions></trkpt><trkpt lat="33.59478153244387" lon="130.3474427751322"><ele>3.339247038767247</ele><time>2025-12-28T06:36:18.99900Z</time><extensions><mytracks:speed>4.388180552184114</mytracks:speed><mytracks:length>0.006093633439547008</mytracks:length></extensions></trkpt><trkpt lat="33.59480201568803" lon="130.3473814076779"><ele>3.170990034335342</ele><time>2025-12-28T06:36:24.00000Z</time><extensions><mytracks:speed>4.408495753100674</mytracks:speed><mytracks:length>0.006123142732907777</mytracks:length></extensions></trkpt><trkpt lat="33.59482177597395" lon="130.3473195196636"><ele>3.196055990297509</ele><time>2025-12-28T06:36:28.99900Z</time><extensions><mytracks:speed>4.420370476684203</mytracks:speed><mytracks:gradient>0.004083348722513105</mytracks:gradient><mytracks:length>0.006138578325179138</mytracks:length></extensions></trkpt><trkpt lat="33.59483837364782" lon="130.3472578809386"><ele>3.122451576687892</ele><time>2025-12-28T06:36:34.00300Z</time><extensions><mytracks:speed>4.316459145782343</mytracks:speed><mytracks:length>0.006000481617801908</mytracks:length></extensions></trkpt><trkpt lat="33.59486048439366" lon="130.3471953884126"><ele>3.08654952125385</ele><time>2025-12-28T06:36:39.00200Z</time><extensions><mytracks:speed>4.529376649440956</mytracks:speed><mytracks:length>0.006288702170554545</mytracks:length></extensions></trkpt><trkpt lat="33.59488479023167" lon="130.3471350765078"><ele>3.107237104854121</ele><time>2025-12-28T06:36:44.00000Z</time><extensions><mytracks:speed>4.469577491731082</mytracks:speed><mytracks:gradient>0.003334006378085195</mytracks:gradient><mytracks:length>0.006205022202792636</mytracks:length></extensions></trkpt><trkpt lat="33.59490289177805" lon="130.3470756623533"><ele>2.838309102760697</ele><time>2025-12-28T06:36:48.99700Z</time><extensions><mytracks:speed>4.221729307076637</mytracks:speed><mytracks:length>0.005859900011740644</mytracks:length></extensions></trkpt><trkpt lat="33.59492591819635" lon="130.34701132201"><ele>2.976533078060029</ele><time>2025-12-28T06:36:54.49900Z</time><extensions><mytracks:speed>4.243861460406122</mytracks:speed><mytracks:gradient>0.02131033306857722</mytracks:gradient><mytracks:length>0.006486241902204091</mytracks:length></extensions></trkpt><trkpt lat="33.59494958430493" lon="130.3469547982542"><ele>2.887502523487993</ele><time>2025-12-28T06:36:59.50400Z</time><extensions><mytracks:speed>4.214532882906559</mytracks:speed><mytracks:length>0.005859130945524097</mytracks:length></extensions></trkpt><trkpt lat="33.59497519558043" lon="130.3468957303475"><ele>3.162473311705219</ele><time>2025-12-28T06:37:04.49900Z</time><extensions><mytracks:speed>4.444081028384725</mytracks:speed><mytracks:gradient>0.04458642129069905</mytracks:gradient><mytracks:length>0.006167141929253374</mytracks:length></extensions></trkpt><trkpt lat="33.59500139384725" lon="130.3468352005925"><ele>3.100195225786031</ele><time>2025-12-28T06:37:10.00200Z</time><extensions><mytracks:speed>4.132773338889982</mytracks:speed><mytracks:length>0.00631658695112585</mytracks:length></extensions></trkpt><trkpt lat="33.5950253202991" lon="130.3467787231218"><ele>3.281684810632129</ele><time>2025-12-28T06:37:14.99700Z</time><extensions><mytracks:speed>4.229222820631405</mytracks:speed><mytracks:gradient>0.03092683451762593</mytracks:gradient><mytracks:length>0.005868353088081599</mytracks:length></extensions></trkpt><trkpt lat="33.59504553071427" lon="130.3467247411167"><ele>3.498664717250258</ele><time>2025-12-28T06:37:19.99000Z</time><extensions><mytracks:speed>3.951854664489517</mytracks:speed><mytracks:gradient>0.03958302698252681</mytracks:gradient><mytracks:length>0.005481640065422753</mytracks:length></extensions></trkpt><trkpt lat="33.59506004877585" lon="130.3466659426822"><ele>3.405463252219042</ele><time>2025-12-28T06:37:24.99600Z</time><extensions><mytracks:speed>4.085067239740467</mytracks:speed><mytracks:length>0.005680273291279402</mytracks:length></extensions></trkpt><trkpt lat="33.59507842367901" lon="130.3466088657929"><ele>3.41820476341139</ele><time>2025-12-28T06:37:29.99900Z</time><extensions><mytracks:speed>4.079219984366431</mytracks:speed><mytracks:gradient>0.002247829958803505</mytracks:gradient><mytracks:length>0.005668360786120067</mytracks:length></extensions></trkpt><trkpt lat="33.59509591444972" lon="130.3465502184801"><ele>3.263175280532558</ele><time>2025-12-28T06:37:35.00300Z</time><extensions><mytracks:speed>4.150556793132141</mytracks:speed><mytracks:length>0.005770004652927948</mytracks:length></extensions></trkpt><trkpt lat="33.59511274723991" lon="130.3464899920999"><ele>3.193968867338264</ele><time>2025-12-28T06:37:40.00100Z</time><extensions><mytracks:speed>4.238157221929568</mytracks:speed><mytracks:length>0.005883691203861292</mytracks:length></extensions></trkpt><trkpt lat="33.59513001105456" lon="130.3464271468709"><ele>3.217030127531273</ele><time>2025-12-28T06:37:45.00100Z</time><extensions><mytracks:speed>4.412426491940261</mytracks:speed><mytracks:gradient>0.003763081010451505</mytracks:gradient><mytracks:length>0.006128292250142822</mytracks:length></extensions></trkpt><trkpt lat="33.595149208362" lon="130.3463702606806"><ele>3.141072290769961</ele><time>2025-12-28T06:37:49.99800Z</time><extensions><mytracks:speed>4.094424661681481</mytracks:speed><mytracks:length>0.005683445742401498</mytracks:length></extensions></trkpt><trkpt lat="33.59516173074783" lon="130.3463098307377"><ele>3.307400121173248</ele><time>2025-12-28T06:37:55.00200Z</time><extensions><mytracks:speed>4.149210749626246</mytracks:speed><mytracks:gradient>0.02883800296595442</mytracks:gradient><mytracks:length>0.005767661186513167</mytracks:length></extensions></trkpt><trkpt lat="33.59517242871935" lon="130.3462690581145"><ele>3.89906745828117</ele><time>2025-12-28T06:38:00.00100Z</time><extensions><mytracks:speed>2.850993822065722</mytracks:speed><mytracks:gradient>0.1494514338202788</mytracks:gradient><mytracks:length>0.00395892713762402</mytracks:length></extensions></trkpt><trkpt lat="33.59517242028709" lon="130.346219168247"><ele>3.594138551097194</ele><time>2025-12-28T06:38:05.00600Z</time><extensions><mytracks:speed>3.323150069375567</mytracks:speed><mytracks:length>0.00461975098616252</mytracks:length></extensions></trkpt><trkpt lat="33.59512555529366" lon="130.3461942629786"><ele>3.257647179845837</ele><time>2025-12-28T06:38:10.00300Z</time><extensions><mytracks:speed>4.106293541497703</mytracks:speed><mytracks:length>0.00569928150935007</mytracks:length></extensions></trkpt><trkpt lat="33.59506586115776" lon="130.3461872793461"><ele>3.042340484862137</ele><time>2025-12-28T06:38:15.00300Z</time><extensions><mytracks:speed>4.801716140526443</mytracks:speed><mytracks:length>0.006669162450973902</mytracks:length></extensions></trkpt><trkpt lat="33.59501174878694" lon="130.3461805174358"><ele>3.045781080893801</ele><time>2025-12-28T06:38:20.00300Z</time><extensions><mytracks:speed>4.355430001194664</mytracks:speed><mytracks:gradient>0.0005687782091492662</mytracks:gradient><mytracks:length>0.006049099589820934</mytracks:length></extensions></trkpt><trkpt lat="33.59496158177413" lon="130.3461610119594"><ele>2.873760687927055</ele><time>2025-12-28T06:38:25.00200Z</time><extensions><mytracks:speed>4.223350148282042</mytracks:speed><mytracks:length>0.005864512291094407</mytracks:length></extensions></trkpt><trkpt lat="33.59490237226066" lon="130.3461538347514"><ele>2.604116816759742</ele><time>2025-12-28T06:38:30.00000Z</time><extensions><mytracks:speed>4.765157162044176</mytracks:speed><mytracks:length>0.006616928975430239</mytracks:length></extensions></trkpt><trkpt lat="33.59484429372992" lon="130.3461580339997"><ele>2.586761089252403</ele><time>2025-12-28T06:38:35.00100Z</time><extensions><mytracks:speed>4.656794586577194</mytracks:speed><mytracks:length>0.00646884968475159</mytracks:length></extensions></trkpt><trkpt lat="33.5947875801406" lon="130.3461427206796"><ele>2.348226292763292</ele><time>2025-12-28T06:38:40.00000Z</time><extensions><mytracks:speed>4.655650084809204</mytracks:speed><mytracks:length>0.006463971477993346</mytracks:length></extensions></trkpt><trkpt lat="33.59472946711799" lon="130.3461295846732"><ele>2.083844719326372</ele><time>2025-12-28T06:38:45.00300Z</time><extensions><mytracks:speed>4.731786577696749</mytracks:speed><mytracks:length>0.006575939964590199</mytracks:length></extensions></trkpt><trkpt lat="33.59466859315029" lon="130.3461165602172"><ele>2.372761443727725</ele><time>2025-12-28T06:38:50.00000Z</time><extensions><mytracks:speed>4.952749644170834</mytracks:speed><mytracks:gradient>0.04202156457476618</mytracks:gradient><mytracks:length>0.0068754394874399</mytracks:length></extensions></trkpt><trkpt lat="33.59461502580342" lon="130.3460998778486"><ele>2.270747360234209</ele><time>2025-12-28T06:38:54.99700Z</time><extensions><mytracks:speed>4.433771266269721</mytracks:speed><mytracks:length>0.006153975201538995</mytracks:length></extensions></trkpt><trkpt lat="33.59455766938488" lon="130.346079233562"><ele>2.33163603390846</ele><time>2025-12-28T06:39:00.49800Z</time><extensions><mytracks:speed>4.357850486817041</mytracks:speed><mytracks:gradient>0.009143790031324686</mytracks:gradient><mytracks:length>0.006659019232250481</mytracks:length></extensions></trkpt><trkpt lat="33.59450208394961" lon="130.3460752914508"><ele>2.303257512513009</ele><time>2025-12-28T06:39:05.50000Z</time><extensions><mytracks:speed>4.455920776004392</mytracks:speed><mytracks:length>0.006191936025408488</mytracks:length></extensions></trkpt><trkpt lat="33.5944500172325" lon="130.3460870877819"><ele>2.290250556271411</ele><time>2025-12-28T06:39:10.49500Z</time><extensions><mytracks:speed>4.246436310721401</mytracks:speed><mytracks:length>0.005891345286977644</mytracks:length></extensions></trkpt><trkpt lat="33.59438774481667" lon="130.3460798435811"><ele>3.091318823283266</ele><time>2025-12-28T06:39:16.00100Z</time><extensions><mytracks:speed>4.54883902610999</mytracks:speed><mytracks:gradient>0.1151475408954395</mytracks:gradient><mytracks:length>0.006956885581597184</mytracks:length></extensions></trkpt><trkpt lat="33.59433388694394" lon="130.3460658057927"><ele>3.604430668684177</ele><time>2025-12-28T06:39:20.99900Z</time><extensions><mytracks:speed>4.414280926390806</mytracks:speed><mytracks:gradient>0.08372835766586574</mytracks:gradient><mytracks:length>0.006128292250142822</mytracks:length></extensions></trkpt><trkpt lat="33.59428394376276" lon="130.3460533552895"><ele>3.559724999856717</ele><time>2025-12-28T06:39:25.99400Z</time><extensions><mytracks:speed>4.087157572608236</mytracks:speed><mytracks:length>0.005671539900663953</mytracks:length></extensions></trkpt><trkpt lat="33.59423396393504" lon="130.3460387763669"><ele>3.701605314171014</ele><time>2025-12-28T06:39:30.99900Z</time><extensions><mytracks:speed>4.113304408259836</mytracks:speed><mytracks:gradient>0.02481194357726843</mytracks:gradient><mytracks:length>0.005718226541683802</mytracks:length></extensions></trkpt><trkpt lat="33.59417615993105" lon="130.3460242315993"><ele>3.558556672208946</ele><time>2025-12-28T06:39:36.00000Z</time><extensions><mytracks:speed>4.727456493982405</mytracks:speed><mytracks:length>0.006567025291370203</mytracks:length></extensions></trkpt><trkpt lat="33.59411482073737" lon="130.3460109807099"><ele>3.513935857019294</ele><time>2025-12-28T06:39:41.00000Z</time><extensions><mytracks:speed>4.989546470970142</mytracks:speed><mytracks:length>0.006930276751518591</mytracks:length></extensions></trkpt><trkpt lat="33.59406094013994" lon="130.3459974170867"><ele>3.285865954371654</ele><time>2025-12-28T06:39:45.99800Z</time><extensions><mytracks:speed>4.409632582628156</mytracks:speed><mytracks:length>0.006122406734019017</mytracks:length></extensions></trkpt><trkpt lat="33.59400550061872" lon="130.3459880146361"><ele>2.969421611661942</ele><time>2025-12-28T06:39:50.99800Z</time><extensions><mytracks:speed>4.481920366086296</mytracks:speed><mytracks:length>0.00622532380198385</mytracks:length></extensions></trkpt><trkpt lat="33.59395289144811" lon="130.3459723075986"><ele>3.459455743340933</ele><time>2025-12-28T06:39:55.99500Z</time><extensions><mytracks:speed>4.343198795159386</mytracks:speed><mytracks:gradient>0.08129022972524205</mytracks:gradient><mytracks:length>0.006028204537436892</mytracks:length></extensions></trkpt><trkpt lat="33.59389371881137" lon="130.3459580268109"><ele>3.732009457951053</ele><time>2025-12-28T06:40:00.99300Z</time><extensions><mytracks:speed>4.83410277730746</mytracks:speed><mytracks:gradient>0.04060937089821261</mytracks:gradient><mytracks:length>0.006711596574427998</mytracks:length></extensions></trkpt><trkpt lat="33.5938291836033" lon="130.3459450031091"><ele>3.903502170212811</ele><time>2025-12-28T06:40:06.00400Z</time><extensions><mytracks:speed>5.227643667529073</mytracks:speed><mytracks:gradient>0.02356752713252674</mytracks:gradient><mytracks:length>0.007276652798463188</mytracks:length></extensions></trkpt><trkpt lat="33.59376946729282" lon="130.3459349378022"><ele>4.018762474758553</ele><time>2025-12-28T06:40:10.99400Z</time><extensions><mytracks:speed>4.838027336671851</mytracks:speed><mytracks:gradient>0.0171905124229769</mytracks:gradient><mytracks:length>0.006704878930292081</mytracks:length></extensions></trkpt><trkpt lat="33.59371163165753" lon="130.3459219842817"><ele>4.117454428185382</ele><time>2025-12-28T06:40:15.99800Z</time><extensions><mytracks:speed>4.705510568944869</mytracks:speed><mytracks:gradient>0.01508685346504368</mytracks:gradient><mytracks:length>0.006541586266181909</mytracks:length></extensions></trkpt><trkpt lat="33.59365445774784" lon="130.3459101212964"><ele>3.992347299801422</ele><time>2025-12-28T06:40:21.00000Z</time><extensions><mytracks:speed>4.643804817324531</mytracks:speed><mytracks:length>0.006451410580168755</mytracks:length></extensions></trkpt><trkpt lat="33.59359731543869" lon="130.3458971289689"><ele>3.453977612790425</ele><time>2025-12-28T06:40:25.99600Z</time><extensions><mytracks:speed>4.660148381040073</mytracks:speed><mytracks:length>0.006467456286849641</mytracks:length></extensions></trkpt><trkpt lat="33.59353947343315" lon="130.3458875334739"><ele>3.368621515135387</ele><time>2025-12-28T06:40:30.99500Z</time><extensions><mytracks:speed>4.675958960382005</mytracks:speed><mytracks:length>0.006493185745218373</mytracks:length></extensions></trkpt><trkpt lat="33.59348390414478" lon="130.3458725552284"><ele>3.119955402995423</ele><time>2025-12-28T06:40:36.00300Z</time><extensions><mytracks:speed>4.551822807513404</mytracks:speed><mytracks:length>0.006332974266451029</mytracks:length></extensions></trkpt><trkpt lat="33.5934232178192" lon="130.3458629272634"><ele>2.836064220082886</ele><time>2025-12-28T06:40:40.99900Z</time><extensions><mytracks:speed>4.904493725958359</mytracks:speed><mytracks:length>0.006806271630743135</mytracks:length></extensions></trkpt><trkpt lat="33.59336299524061" lon="130.3458487072612"><ele>2.788119484119212</ele><time>2025-12-28T06:40:46.00300Z</time><extensions><mytracks:speed>4.909530169516803</mytracks:speed><mytracks:length>0.006824124610750891</mytracks:length></extensions></trkpt><trkpt lat="33.59330312276196" lon="130.3458335130956"><ele>2.991198237738144</ele><time>2025-12-28T06:40:51.00400Z</time><extensions><mytracks:speed>4.89901193838964</mytracks:speed><mytracks:gradient>0.02984281052204197</mytracks:gradient><mytracks:length>0.006804947324546974</mytracks:length></extensions></trkpt><trkpt lat="33.59324670267601" lon="130.3458221800272"><ele>2.910318217080409</ele><time>2025-12-28T06:40:55.99900Z</time><extensions><mytracks:speed>4.584268373845008</mytracks:speed><mytracks:length>0.006361373396643744</mytracks:length></extensions></trkpt><trkpt lat="33.59318302677398" lon="130.345812857747"><ele>3.052320221079419</ele><time>2025-12-28T06:41:00.99700Z</time><extensions><mytracks:speed>5.137737577310633</mytracks:speed><mytracks:gradient>0.01991009136855753</mytracks:gradient><mytracks:length>0.007132162347746033</mytracks:length></extensions></trkpt><trkpt lat="33.59311892093853" lon="130.3457986427729"><ele>2.706829765346071</ele><time>2025-12-28T06:41:06.49900Z</time><extensions><mytracks:speed>4.743156820905645</mytracks:speed><mytracks:length>0.007248731196794845</mytracks:length></extensions></trkpt><trkpt lat="33.59305447361822" lon="130.3457854561038"><ele>2.478259746171101</ele><time>2025-12-28T06:41:11.99800Z</time><extensions><mytracks:speed>4.758804086181152</mytracks:speed><mytracks:length>0.00726921752458842</mytracks:length></extensions></trkpt><trkpt lat="33.59299121105605" lon="130.3457695281519"><ele>2.476593960970757</ele><time>2025-12-28T06:41:17.49800Z</time><extensions><mytracks:speed>4.704127067702942</mytracks:speed><mytracks:length>0.007187548838442563</mytracks:length></extensions></trkpt><trkpt lat="33.59292734624024" lon="130.3457550405315"><ele>2.521622398873526</ele><time>2025-12-28T06:41:22.99800Z</time><extensions><mytracks:speed>4.730774061849193</mytracks:speed><mytracks:gradient>0.006230099384911248</mytracks:gradient><mytracks:length>0.007227563337404272</mytracks:length></extensions></trkpt><trkpt lat="33.59286765185207" lon="130.3457391322653"><ele>3.213850993905131</ele><time>2025-12-28T06:41:27.99400Z</time><extensions><mytracks:speed>4.899876345271262</mytracks:speed><mytracks:gradient>0.1018035998103579</mytracks:gradient><mytracks:length>0.006799647520530741</mytracks:length></extensions></trkpt><trkpt lat="33.59280798978609" lon="130.3457264218353"><ele>3.61439475343282</ele><time>2025-12-28T06:41:33.00200Z</time><extensions><mytracks:speed>4.843111960895378</mytracks:speed><mytracks:gradient>0.05944786698602549</mytracks:gradient><mytracks:length>0.006737731391133782</mytracks:length></extensions></trkpt><trkpt lat="33.59275127781358" lon="130.3457129820893"><ele>3.440668028741183</ele><time>2025-12-28T06:41:37.99900Z</time><extensions><mytracks:speed>4.631128229176772</mytracks:speed><mytracks:length>0.006427617467360431</mytracks:length></extensions></trkpt><trkpt lat="33.59269215397557" lon="130.345698423594"><ele>3.206935684930635</ele><time>2025-12-28T06:41:42.99900Z</time><extensions><mytracks:speed>4.831669787122317</mytracks:speed><mytracks:length>0.006710925112611059</mytracks:length></extensions></trkpt><trkpt lat="33.5926276569551" lon="130.3456850780851"><ele>3.312983186081785</ele><time>2025-12-28T06:41:47.99900Z</time><extensions><mytracks:speed>5.239220299727274</mytracks:speed><mytracks:gradient>0.01457242497626152</mytracks:gradient><mytracks:length>0.00727727206171255</mytracks:length></extensions></trkpt><trkpt lat="33.59256270716132" lon="130.3456698993539"><ele>3.404020687755117</ele><time>2025-12-28T06:41:52.99800Z</time><extensions><mytracks:speed>5.299088116494149</mytracks:speed><mytracks:gradient>0.01237268046803183</mytracks:gradient><mytracks:length>0.007357944942371368</mytracks:length></extensions></trkpt><trkpt lat="33.59250152112023" lon="130.3456536932422"><ele>3.433177619469801</ele><time>2025-12-28T06:41:58.00000Z</time><extensions><mytracks:speed>5.014620227801532</mytracks:speed><mytracks:gradient>0.004184471498749966</mytracks:gradient><mytracks:length>0.006967888710293314</mytracks:length></extensions></trkpt><trkpt lat="33.5924397438537" lon="130.3456359069575"><ele>3.719560986090143</ele><time>2025-12-28T06:42:03.00300Z</time><extensions><mytracks:speed>5.083260628934115</mytracks:speed><mytracks:gradient>0.04053991283834598</mytracks:gradient><mytracks:length>0.007064232421078554</mytracks:length></extensions></trkpt><trkpt lat="33.59238038401869" lon="130.3456236550655"><ele>3.706638407817078</ele><time>2025-12-28T06:42:07.99600Z</time><extensions><mytracks:speed>4.828598579735435</mytracks:speed><mytracks:length>0.006696808862456501</mytracks:length></extensions></trkpt><trkpt lat="33.59232306421864" lon="130.345609160323"><ele>4.143897439900158</ele><time>2025-12-28T06:42:13.00100Z</time><extensions><mytracks:speed>4.684905021675262</mytracks:speed><mytracks:gradient>0.06714058328227802</mytracks:gradient><mytracks:length>0.00651258911833874</mytracks:length></extensions></trkpt><trkpt lat="33.59226901659152" lon="130.3455957491125"><ele>3.958521062173839</ele><time>2025-12-28T06:42:17.99800Z</time><extensions><mytracks:speed>4.420371698992072</mytracks:speed><mytracks:length>0.006136375617737186</mytracks:length></extensions></trkpt><trkpt lat="33.59220852855195" lon="130.3455767676928"><ele>4.63768667748591</ele><time>2025-12-28T06:42:22.99400Z</time><extensions><mytracks:speed>5.009086559584789</mytracks:speed><mytracks:gradient>0.09769775130915452</mytracks:gradient><mytracks:length>0.006951701612485653</mytracks:length></extensions></trkpt><trkpt lat="33.59215163323596" lon="130.3455625445335"><ele>4.69209082195322</ele><time>2025-12-28T06:42:27.99700Z</time><extensions><mytracks:speed>4.650933196218693</mytracks:speed><mytracks:gradient>0.008418335940766441</mytracks:gradient><mytracks:length>0.006462577028300064</mytracks:length></extensions></trkpt><trkpt lat="33.59209148200767" lon="130.3455439111037"><ele>5.036476579499896</ele><time>2025-12-28T06:42:33.00200Z</time><extensions><mytracks:speed>4.968784737697207</mytracks:speed><mytracks:gradient>0.04985221764345885</mytracks:gradient><mytracks:length>0.006908133154872062</mytracks:length></extensions></trkpt><trkpt lat="33.59203150380561" lon="130.3455263610003"><ele>5.302950362027516</ele><time>2025-12-28T06:42:38.00500Z</time><extensions><mytracks:speed>4.940451611612741</mytracks:speed><mytracks:gradient>0.03881288490532482</mytracks:gradient><mytracks:length>0.00686560102856621</mytracks:length></extensions></trkpt><trkpt lat="33.59197445835935" lon="130.3455119896787"><ele>5.09101479124557</ele><time>2025-12-28T06:42:43.00300Z</time><extensions><mytracks:speed>4.667839402653298</mytracks:speed><mytracks:length>0.006481376785707561</mytracks:length></extensions></trkpt><trkpt lat="33.59191564167226" lon="130.3455004731434"><ele>5.251459609069769</ele><time>2025-12-28T06:42:48.00500Z</time><extensions><mytracks:speed>4.770537044036609</mytracks:speed><mytracks:gradient>0.02420779395676802</mytracks:gradient><mytracks:length>0.006627816566463393</mytracks:length></extensions></trkpt><trkpt lat="33.59185775920004" lon="130.3454885410782"><ele>5.312133525087197</ele><time>2025-12-28T06:42:52.99900Z</time><extensions><mytracks:speed>4.707877009260006</mytracks:speed><mytracks:gradient>0.009289793408894732</mytracks:gradient><mytracks:length>0.006531244920832577</mytracks:length></extensions></trkpt><trkpt lat="33.59179779960691" lon="130.3454779676496"><ele>5.598402364799467</ele><time>2025-12-28T06:42:57.99900Z</time><extensions><mytracks:speed>4.85263173194768</mytracks:speed><mytracks:gradient>0.04247898985788776</mytracks:gradient><mytracks:length>0.006739068906063311</mytracks:length></extensions></trkpt><trkpt lat="33.5917369168372" lon="130.3454662505358"><ele>5.830819940606843</ele><time>2025-12-28T06:43:02.99900Z</time><extensions><mytracks:speed>4.936075010240011</mytracks:speed><mytracks:gradient>0.03389787374975419</mytracks:gradient><mytracks:length>0.006856405729844965</mytracks:length></extensions></trkpt><trkpt lat="33.59167671228413" lon="130.3454497264595"><ele>6.088029668917487</ele><time>2025-12-28T06:43:08.00100Z</time><extensions><mytracks:speed>4.941913587483966</mytracks:speed><mytracks:gradient>0.03745638024418685</mytracks:gradient><mytracks:length>0.006866913637512067</mytracks:length></extensions></trkpt><trkpt lat="33.59160853285455" lon="130.345438293773"><ele>6.068232986280725</ele><time>2025-12-28T06:43:13.49500Z</time><extensions><mytracks:speed>5.016366605967173</mytracks:speed><mytracks:length>0.007654517157216188</mytracks:length></extensions></trkpt><trkpt lat="33.59153531303355" lon="130.3454232907142"><ele>6.09054812110334</ele><time>2025-12-28T06:43:19.50000Z</time><extensions><mytracks:speed>4.951297565352058</mytracks:speed><mytracks:gradient>0.002701795939489533</mytracks:gradient><mytracks:length>0.008259370923042877</mytracks:length></extensions></trkpt><trkpt lat="33.59146476260697" lon="130.3454177274537"><ele>6.434897008411523</ele><time>2025-12-28T06:43:24.99600Z</time><extensions><mytracks:speed>5.149673525601359</mytracks:speed><mytracks:gradient>0.04379980992023625</mytracks:gradient><mytracks:length>0.007861880860562559</mytracks:length></extensions></trkpt><trkpt lat="33.59140974536643" lon="130.3454353330216"><ele>6.365308309471687</ele><time>2025-12-28T06:43:29.99500Z</time><extensions><mytracks:speed>4.559725493042957</mytracks:speed><mytracks:length>0.006332262656328387</mytracks:length></extensions></trkpt><trkpt lat="33.5913533024552" lon="130.3454157374787"><ele>5.98102808191379</ele><time>2025-12-28T06:43:34.99700Z</time><extensions><mytracks:speed>4.702800173019432</mytracks:speed><mytracks:length>0.006533314499417659</mytracks:length></extensions></trkpt><trkpt lat="33.59129769247635" lon="130.345397019722"><ele>5.689680773336529</ele><time>2025-12-28T06:43:40.00100Z</time><extensions><mytracks:speed>4.618867194320697</mytracks:speed><mytracks:length>0.006421304533310802</mytracks:length></extensions></trkpt><trkpt lat="33.59124012529393" lon="130.3453797156302"><ele>6.020974556604115</ele><time>2025-12-28T06:43:44.99400Z</time><extensions><mytracks:speed>4.758137792916842</mytracks:speed><mytracks:gradient>0.05020732114725194</mytracks:gradient><mytracks:length>0.006598515429571344</mytracks:length></extensions></trkpt><trkpt lat="33.59118360309201" lon="130.3453633600614"><ele>6.316380133980174</ele><time>2025-12-28T06:43:49.99600Z</time><extensions><mytracks:speed>4.652477793779261</mytracks:speed><mytracks:gradient>0.04569539385684332</mytracks:gradient><mytracks:length>0.006464668590044765</mytracks:length></extensions></trkpt><trkpt lat="33.59112878893623" lon="130.3453429465969"><ele>6.309983002928943</ele><time>2025-12-28T06:43:54.99900Z</time><extensions><mytracks:speed>4.591710442403133</mytracks:speed><mytracks:length>0.006381177586772196</mytracks:length></extensions></trkpt><trkpt lat="33.59107238638273" lon="130.3453313552153"><ele>6.008120732866266</ele><time>2025-12-28T06:44:00.00400Z</time><extensions><mytracks:speed>4.576984308577174</mytracks:speed><mytracks:length>0.006362790025855524</mytracks:length></extensions></trkpt><trkpt lat="33.59101531249188" lon="130.3453174925299"><ele>6.267135505357587</ele><time>2025-12-28T06:44:05.00200Z</time><extensions><mytracks:speed>4.662817589968141</mytracks:speed><mytracks:gradient>0.04000586328780319</mytracks:gradient><mytracks:length>0.006474420277546856</mytracks:length></extensions></trkpt><trkpt lat="33.59096001069435" lon="130.3453062334484"><ele>6.121885477720028</ele><time>2025-12-28T06:44:09.99700Z</time><extensions><mytracks:speed>4.49528564125829</mytracks:speed><mytracks:length>0.006236895045801634</mytracks:length></extensions></trkpt><trkpt lat="33.59090703731292" lon="130.3452927070033"><ele>6.052855796700134</ele><time>2025-12-28T06:44:14.99900Z</time><extensions><mytracks:speed>4.334648948667926</mytracks:speed><mytracks:length>0.00602222120639682</mytracks:length></extensions></trkpt><trkpt lat="33.5908548315341" lon="130.3452791966073"><ele>5.706779984226018</ele><time>2025-12-28T06:44:20.00300Z</time><extensions><mytracks:speed>4.272954189737186</mytracks:speed><mytracks:length>0.005939339194791546</mytracks:length></extensions></trkpt><trkpt lat="33.59079902622881" lon="130.3452654940547"><ele>5.891758511252135</ele><time>2025-12-28T06:44:25.00400Z</time><extensions><mytracks:speed>4.559286259390661</mytracks:speed><mytracks:gradient>0.02920223027022409</mytracks:gradient><mytracks:length>0.006334397246868144</mytracks:length></extensions></trkpt><trkpt lat="33.59074365028697" lon="130.3452461702463"><ele>5.935105287296826</ele><time>2025-12-28T06:44:29.99300Z</time><extensions><mytracks:speed>4.627433077370911</mytracks:speed><mytracks:gradient>0.006759333111831148</mytracks:gradient><mytracks:length>0.006412877620843791</mytracks:length></extensions></trkpt><trkpt lat="33.59069416072346" lon="130.3452365242159"><ele>5.911912717497088</ele><time>2025-12-28T06:44:34.99800Z</time><extensions><mytracks:speed>4.010245454170927</mytracks:speed><mytracks:length>0.005575377973629759</mytracks:length></extensions></trkpt><trkpt lat="33.59064400917499" lon="130.3452265067011"><ele>5.87649315305911</ele><time>2025-12-28T06:44:40.00300Z</time><extensions><mytracks:speed>4.067995623376941</mytracks:speed><mytracks:length>0.005654829609990516</mytracks:length></extensions></trkpt><trkpt lat="33.59059161760034" lon="130.3452108664483"><ele>6.023761815591347</ele><time>2025-12-28T06:44:45.00300Z</time><extensions><mytracks:speed>4.321694333044845</mytracks:speed><mytracks:gradient>0.02453359716181338</mytracks:gradient><mytracks:length>0.006002734191847769</mytracks:length></extensions></trkpt><trkpt lat="33.59053904853135" lon="130.3452035163747"><ele>5.827517639212814</ele><time>2025-12-28T06:44:50.00000Z</time><extensions><mytracks:speed>4.23940904554301</mytracks:speed><mytracks:length>0.00588445706018785</mytracks:length></extensions></trkpt><trkpt lat="33.59048526376254" lon="130.3451921458349"><ele>5.710757515934533</ele><time>2025-12-28T06:44:54.99600Z</time><extensions><mytracks:speed>4.375115178365343</mytracks:speed><mytracks:length>0.006071407346865194</mytracks:length></extensions></trkpt><trkpt lat="33.59043443404703" lon="130.3451678106126"><ele>5.766074174151102</ele><time>2025-12-28T06:44:59.99900Z</time><extensions><mytracks:speed>4.378555548801609</mytracks:speed><mytracks:gradient>0.009089921804230147</mytracks:gradient><mytracks:length>0.0060854932977341</mytracks:length></extensions></trkpt><trkpt lat="33.5903874743518" lon="130.3451483932798"><ele>5.607317976509554</ele><time>2025-12-28T06:45:04.99800Z</time><extensions><mytracks:speed>3.978244813170678</mytracks:speed><mytracks:length>0.005524222910821258</mytracks:length></extensions></trkpt><trkpt lat="33.59032461190231" lon="130.3451744367073"><ele>4.93792375121738</ele><time>2025-12-28T06:45:09.99700Z</time><extensions><mytracks:speed>5.325529344526752</mytracks:speed><mytracks:length>0.007394600491099039</mytracks:length></extensions></trkpt><trkpt lat="33.5902671258984" lon="130.3451659974814"><ele>5.124682039543377</ele><time>2025-12-28T06:45:15.00200Z</time><extensions><mytracks:speed>4.631816699848413</mytracks:speed><mytracks:gradient>0.02900187326784773</mytracks:gradient><mytracks:length>0.006439525012787445</mytracks:length></extensions></trkpt><trkpt lat="33.5902076192193" lon="130.3451414969718"><ele>5.66045949364944</ele><time>2025-12-28T06:45:20.49900Z</time><extensions><mytracks:speed>4.581030860126678</mytracks:speed><mytracks:gradient>0.07659436068960419</mytracks:gradient><mytracks:length>0.006994998708550891</mytracks:length></extensions></trkpt><trkpt lat="33.59015251647942" lon="130.3451257735207"><ele>5.5641196012478</ele><time>2025-12-28T06:45:25.50000Z</time><extensions><mytracks:speed>4.53328463840426</mytracks:speed><mytracks:length>0.006298010815355597</mytracks:length></extensions></trkpt><trkpt lat="33.59008940824432" lon="130.3451087073134"><ele>5.511875923809347</ele><time>2025-12-28T06:45:31.00000Z</time><extensions><mytracks:speed>4.70886741486046</mytracks:speed><mytracks:length>0.007193815775580856</mytracks:length></extensions></trkpt><trkpt lat="33.59003260619549" lon="130.3450935102436"><ele>4.819031092313346</ele><time>2025-12-28T06:45:35.99000Z</time><extensions><mytracks:speed>4.669164407596432</mytracks:speed><mytracks:length>0.006471635580524473</mytracks:length></extensions></trkpt><trkpt lat="33.58997733511235" lon="130.3450777677316"><ele>4.128831260992705</ele><time>2025-12-28T06:45:40.99200Z</time><extensions><mytracks:speed>4.545588595557175</mytracks:speed><mytracks:length>0.006315873494642959</mytracks:length></extensions></trkpt><trkpt lat="33.58993046866895" lon="130.3450470729009"><ele>3.76226064889796</ele><time>2025-12-28T06:45:45.99800Z</time><extensions><mytracks:speed>4.268822113893685</mytracks:speed><mytracks:length>0.005936303498608163</mytracks:length></extensions></trkpt><trkpt lat="33.58988691184006" lon="130.3450206432883"><ele>3.737900521635702</ele><time>2025-12-28T06:45:51.00200Z</time><extensions><mytracks:speed>3.904018437361087</mytracks:speed><mytracks:length>0.00542711146873315</mytracks:length></extensions></trkpt><trkpt lat="33.58984772437051" lon="130.3450173151597"><ele>4.128081016939065</ele><time>2025-12-28T06:45:55.97700Z</time><extensions><mytracks:speed>3.161146103648647</mytracks:speed><mytracks:gradient>0.08932590169702066</mytracks:gradient><mytracks:length>0.004368055489960726</mytracks:length></extensions></trkpt><trkpt lat="33.58980222536344" lon="130.3450039729636"><ele>5.469689272344112</ele><time>2025-12-28T06:46:10.00000Z</time><extensions><mytracks:speed>1.337151971718072</mytracks:speed><mytracks:gradient>0.2575815524436388</mytracks:gradient><mytracks:length>0.005208479577350957</mytracks:length></extensions></trkpt><trkpt lat="33.58979906007598" lon="130.345014158267"><ele>5.343199090570868</ele><time>2025-12-28T06:46:16.31600Z</time><extensions><mytracks:speed>0.5726498381007973</mytracks:speed><mytracks:length>0.001004700756239445</mytracks:length></extensions></trkpt><trkpt lat="33.58985417032891" lon="130.3450776405877"><ele>3.885909576900303</ele><time>2025-12-28T06:46:41.99900Z</time><extensions><mytracks:speed>1.190498188086962</mytracks:speed><mytracks:length>0.008493393741159129</mytracks:length></extensions></trkpt><trkpt lat="33.58992565389048" lon="130.3451063014035"><ele>2.136733089573681</ele><time>2025-12-28T06:46:47.99900Z</time><extensions><mytracks:speed>5.028470286034064</mytracks:speed><mytracks:length>0.008380695392602151</mytracks:length></extensions></trkpt><trkpt lat="33.58999078826307" lon="130.345105088164"><ele>2.730248142629883</ele><time>2025-12-28T06:46:53.01100Z</time><extensions><mytracks:speed>5.203382151561181</mytracks:speed><mytracks:gradient>0.08193470980574942</mytracks:gradient><mytracks:length>0.007243756089004355</mytracks:length></extensions></trkpt><trkpt lat="33.58999618508869" lon="130.3451009127171"><ele>4.075164827156287</ele><time>2025-12-28T06:46:58.02000Z</time><extensions><mytracks:speed>0.5150927505965031</mytracks:speed><mytracks:gradient>1.876420788029527</mytracks:gradient><mytracks:length>0.0007167457817064221</mytracks:length></extensions></trkpt><trkpt lat="33.58999485152832" lon="130.3451005528177"><ele>4.090034330705526</ele><time>2025-12-28T06:47:03.00900Z</time><extensions><mytracks:speed>0.1186612514477991</mytracks:speed><mytracks:gradient>0.09042908234135821</mytracks:gradient><mytracks:length>0.0001644327595088082</mytracks:length></extensions></trkpt><trkpt lat="33.59005637388943" lon="130.3451124916158"><ele>4.38909568938851</ele><time>2025-12-28T06:47:26.16000Z</time><extensions><mytracks:speed>1.077550280161357</mytracks:speed><mytracks:gradient>0.04315692333183473</mytracks:gradient><mytracks:length>0.00692962647924397</mytracks:length></extensions></trkpt><trkpt lat="33.59039837742387" lon="130.3451792514792"><ele>5.790549447759986</ele><time>2025-12-28T06:49:24.99900Z</time><extensions><mytracks:speed>1.167146988896454</mytracks:speed><mytracks:gradient>0.03637455283315171</mytracks:gradient><mytracks:length>0.03852841201374696</mytracks:length></extensions></trkpt><trkpt lat="33.59044474876459" lon="130.3451851070834"><ele>5.471787264061348</ele><time>2025-12-28T06:49:30.50300Z</time><extensions><mytracks:speed>3.390372319215258</mytracks:speed><mytracks:length>0.005183328167739821</mytracks:length></extensions></trkpt><trkpt lat="33.59048932739391" lon="130.3451927041563"><ele>5.750322798739449</ele><time>2025-12-28T06:49:35.50500Z</time><extensions><mytracks:speed>3.603255941942617</mytracks:speed><mytracks:gradient>0.05563555140457898</mytracks:gradient><mytracks:length>0.005006430738011472</mytracks:length></extensions></trkpt><trkpt lat="33.59053422027937" lon="130.3451977115312"><ele>5.72495524078824</ele><time>2025-12-28T06:49:40.50500Z</time><extensions><mytracks:speed>3.608837066605978</mytracks:speed><mytracks:length>0.005012727571901884</mytracks:length></extensions></trkpt><trkpt lat="33.59057822669886" lon="130.345211883729"><ele>5.949836312761298</ele><time>2025-12-28T06:49:46.00900Z</time><extensions><mytracks:speed>3.312389964192251</mytracks:speed><mytracks:gradient>0.04440253212209565</mytracks:gradient><mytracks:length>0.005064600175383962</mytracks:length></extensions></trkpt><trkpt lat="33.59061909431184" lon="130.3452243244602"><ele>5.977667422796415</ele><time>2025-12-28T06:49:51.00000Z</time><extensions><mytracks:speed>3.381249693871886</mytracks:speed><mytracks:gradient>0.005937258527372782</mytracks:gradient><mytracks:length>0.004687535485747516</mytracks:length></extensions></trkpt><trkpt lat="33.59066467638536" lon="130.3452269642583"><ele>6.254592830013503</ele><time>2025-12-28T06:49:55.99900Z</time><extensions><mytracks:speed>3.654435135507208</mytracks:speed><mytracks:gradient>0.054573268461303</mytracks:gradient><mytracks:length>0.005074378262930159</mytracks:length></extensions></trkpt><trkpt lat="33.59070256497694" lon="130.3452328694829"><ele>6.372807362157238</ele><time>2025-12-28T06:50:01.00700Z</time><extensions><mytracks:speed>3.054399560539911</mytracks:speed><mytracks:gradient>0.02782291796817283</mytracks:gradient><mytracks:length>0.004248818627829159</mytracks:length></extensions></trkpt><trkpt lat="33.59073809918487" lon="130.3452440699578"><ele>6.268484091823705</ele><time>2025-12-28T06:50:06.00400Z</time><extensions><mytracks:speed>2.941340979247214</mytracks:speed><mytracks:length>0.004083321562135928</mytracks:length></extensions></trkpt><trkpt lat="33.59077172559781" lon="130.3452471319225"><ele>6.152801581783762</ele><time>2025-12-28T06:50:11.00600Z</time><extensions><mytracks:speed>2.698644618031641</mytracks:speed><mytracks:length>0.003749643829463649</mytracks:length></extensions></trkpt><trkpt lat="33.59080659347171" lon="130.3452559625012"><ele>5.840654058147771</ele><time>2025-12-28T06:50:15.99800Z</time><extensions><mytracks:speed>2.857671990550545</mytracks:speed><mytracks:length>0.003962340496905282</mytracks:length></extensions></trkpt><trkpt lat="33.59084621465389" lon="130.3452614774822"><ele>5.731911632481377</ele><time>2025-12-28T06:50:21.00000Z</time><extensions><mytracks:speed>3.191729963461977</mytracks:speed><mytracks:length>0.004434606517535595</mytracks:length></extensions></trkpt><trkpt lat="33.5908837409906" lon="130.3452685908529"><ele>5.700762563882558</ele><time>2025-12-28T06:50:26.00500Z</time><extensions><mytracks:speed>3.037613868051285</mytracks:speed><mytracks:length>0.004223287188078806</mytracks:length></extensions></trkpt><trkpt lat="33.59092382447591" lon="130.3452797996578"><ele>5.654274275799991</ele><time>2025-12-28T06:50:31.00400Z</time><extensions><mytracks:speed>3.29550358083635</mytracks:speed><mytracks:length>0.004575645002418163</mytracks:length></extensions></trkpt><trkpt lat="33.59096469167936" lon="130.3452920109549"><ele>5.605671180063328</ele><time>2025-12-28T06:50:36.00200Z</time><extensions><mytracks:speed>3.372024764304469</mytracks:speed><mytracks:length>0.004681763841261415</mytracks:length></extensions></trkpt><trkpt lat="33.59100353177876" lon="130.3453046192281"><ele>5.580665429662484</ele><time>2025-12-28T06:50:41.00000Z</time><extensions><mytracks:speed>3.221970089931756</mytracks:speed><mytracks:length>0.004473054658258177</mytracks:length></extensions></trkpt><trkpt lat="33.59104571853297" lon="130.3453116366657"><ele>5.533938094882303</ele><time>2025-12-28T06:50:46.00300Z</time><extensions><mytracks:speed>3.407506303702145</mytracks:speed><mytracks:length>0.004735358958953053</mytracks:length></extensions></trkpt><trkpt lat="33.59108298180893" lon="130.3453183507479"><ele>5.645355465059937</ele><time>2025-12-28T06:50:51.00500Z</time><extensions><mytracks:speed>3.014623051946126</mytracks:speed><mytracks:gradient>0.02659758526890283</mytracks:gradient><mytracks:length>0.004189003214058681</mytracks:length></extensions></trkpt><trkpt lat="33.59112191092728" lon="130.3453290374085"><ele>5.68507696003433</ele><time>2025-12-28T06:50:56.00700Z</time><extensions><mytracks:speed>3.195229559223507</mytracks:speed><mytracks:gradient>0.008946918393437553</mytracks:gradient><mytracks:length>0.004439684506737911</mytracks:length></extensions></trkpt><trkpt lat="33.59117270113047" lon="130.3453346662309"><ele>5.752601164452487</ele><time>2025-12-28T06:51:00.98700Z</time><extensions><mytracks:speed>4.099883123884232</mytracks:speed><mytracks:gradient>0.01190579729682458</mytracks:gradient><mytracks:length>0.005671539900663953</mytracks:length></extensions></trkpt><trkpt lat="33.59122291494698" lon="130.3453399321174"><ele>6.131198343427072</ele><time>2025-12-28T06:51:06.00000Z</time><extensions><mytracks:speed>4.0243923827017</mytracks:speed><mytracks:gradient>0.06756325782706223</mytracks:gradient><mytracks:length>0.005603595669463689</mytracks:length></extensions></trkpt><trkpt lat="33.59127022715107" lon="130.3453505235081"><ele>6.139303055514691</ele><time>2025-12-28T06:51:11.00100Z</time><extensions><mytracks:speed>3.852137054521235</mytracks:speed><mytracks:gradient>0.001514611557007762</mytracks:gradient><mytracks:length>0.005351016932440455</mytracks:length></extensions></trkpt><trkpt lat="33.59131260903807" lon="130.3453604722908"><ele>6.042214560925958</ele><time>2025-12-28T06:51:15.99300Z</time><extensions><mytracks:speed>3.463264597295158</mytracks:speed><mytracks:length>0.004802450097286744</mytracks:length></extensions></trkpt><trkpt lat="33.5913530056864" lon="130.3453703043252"><ele>6.076257775979474</ele><time>2025-12-28T06:51:21.00700Z</time><extensions><mytracks:speed>3.290493282957196</mytracks:speed><mytracks:gradient>0.007427312785636001</mytracks:gradient><mytracks:length>0.004583517085661782</mytracks:length></extensions></trkpt><trkpt lat="33.59137286962914" lon="130.3453795529052"><ele>6.005383597227979</ele><time>2025-12-28T06:51:26.00100Z</time><extensions><mytracks:speed>1.706771220429243</mytracks:speed><mytracks:length>0.002367679479476485</mytracks:length></extensions></trkpt><trkpt lat="33.5914143552314" lon="130.3453900716351"><ele>5.951635669676476</ele><time>2025-12-28T06:51:31.00200Z</time><extensions><mytracks:speed>3.393950867386832</mytracks:speed><mytracks:length>0.004714376399115715</mytracks:length></extensions></trkpt><trkpt lat="33.591462127871" lon="130.3454019397395"><ele>6.228160786949827</ele><time>2025-12-28T06:51:36.50100Z</time><extensions><mytracks:speed>3.550551448789096</mytracks:speed><mytracks:gradient>0.05098375192729077</mytracks:gradient><mytracks:length>0.005423789086132988</mytracks:length></extensions></trkpt><trkpt lat="33.59150539572387" lon="130.3454124335819"><ele>6.465612818553001</ele><time>2025-12-28T06:51:41.50000Z</time><extensions><mytracks:speed>3.533697866368317</mytracks:speed><mytracks:gradient>0.04839619610602819</mytracks:gradient><mytracks:length>0.004906419320290274</mytracks:length></extensions></trkpt><trkpt lat="33.59154785633592" lon="130.3454213893422"><ele>6.410753845084057</ele><time>2025-12-28T06:51:46.50100Z</time><extensions><mytracks:speed>3.450287920224315</mytracks:speed><mytracks:length>0.004793057461467629</mytracks:length></extensions></trkpt><trkpt lat="33.59158980016109" lon="130.3454337468486"><ele>6.233915463474175</ele><time>2025-12-28T06:51:51.50100Z</time><extensions><mytracks:speed>3.457307333006599</mytracks:speed><mytracks:length>0.004802450097286744</mytracks:length></extensions></trkpt><trkpt lat="33.59163393618488" lon="130.3454461052093"><ele>6.095591660123538</ele><time>2025-12-28T06:51:57.00100Z</time><extensions><mytracks:speed>3.299051264672797</mytracks:speed><mytracks:length>0.005039624890217743</mytracks:length></extensions></trkpt><trkpt lat="33.5916784387855" lon="130.3454723626041"><ele>6.157924685408595</ele><time>2025-12-28T06:52:02.00200Z</time><extensions><mytracks:speed>3.968603881725227</mytracks:speed><mytracks:gradient>0.01130530587699406</mytracks:gradient><mytracks:length>0.0055136080317741</mytracks:length></extensions></trkpt><trkpt lat="33.59171894220603" lon="130.3454996695024"><ele>6.393887770433922</ele><time>2025-12-28T06:52:07.00200Z</time><extensions><mytracks:speed>3.719569447482559</mytracks:speed><mytracks:gradient>0.04567695495703406</mytracks:gradient><mytracks:length>0.005165911021154658</mytracks:length></extensions></trkpt><trkpt lat="33.59175824405209" lon="130.345512720764"><ele>6.212888506763544</ele><time>2025-12-28T06:52:12.00400Z</time><extensions><mytracks:speed>3.264121353236491</mytracks:speed><mytracks:length>0.004535086112231899</mytracks:length></extensions></trkpt><trkpt lat="33.59180070206365" lon="130.3455169599256"><ele>6.243500721109888</ele><time>2025-12-28T06:52:17.00200Z</time><extensions><mytracks:speed>3.411157645188423</mytracks:speed><mytracks:gradient>0.006463303942357617</mytracks:gradient><mytracks:length>0.004736310503011478</mytracks:length></extensions></trkpt><trkpt lat="33.59184268855375" lon="130.3455215158158"><ele>6.147903848215744</ele><time>2025-12-28T06:52:21.99600Z</time><extensions><mytracks:speed>3.379230509577935</mytracks:speed><mytracks:length>0.004687535485747516</mytracks:length></extensions></trkpt><trkpt lat="33.59188859178834" lon="130.3455301971039"><ele>5.298605460543893</ele><time>2025-12-28T06:52:26.99800Z</time><extensions><mytracks:speed>3.719024368515519</mytracks:speed><mytracks:length>0.00516678327291624</mytracks:length></extensions></trkpt><trkpt lat="33.59193231129614" lon="130.34553727209"><ele>5.278098457615683</ele><time>2025-12-28T06:52:32.00300Z</time><extensions><mytracks:speed>3.528453054098247</mytracks:speed><mytracks:length>0.004905500773184913</mytracks:length></extensions></trkpt><trkpt lat="33.59197742186223" lon="130.3455407716707"><ele>5.501658072583657</ele><time>2025-12-28T06:52:36.99700Z</time><extensions><mytracks:speed>3.622891981171377</mytracks:speed><mytracks:gradient>0.04447890491851393</mytracks:gradient><mytracks:length>0.005026194223476027</mytracks:length></extensions></trkpt><trkpt lat="33.59202166086065" lon="130.3455437864767"><ele>5.527258035129394</ele><time>2025-12-28T06:52:41.99600Z</time><extensions><mytracks:speed>3.547846042278472</mytracks:speed><mytracks:gradient>0.005196290655082362</mytracks:gradient><mytracks:length>0.004926584027915829</mytracks:length></extensions></trkpt><trkpt lat="33.59206667763035" lon="130.3455499447609"><ele>5.337484730309399</ele><time>2025-12-28T06:52:47.00200Z</time><extensions><mytracks:speed>3.623097746914646</mytracks:speed><mytracks:length>0.005037836203421308</mytracks:length></extensions></trkpt><trkpt lat="33.59211151042544" lon="130.3455603469285"><ele>5.914138603526051</ele><time>2025-12-28T06:52:51.99500Z</time><extensions><mytracks:speed>3.661669913780462</mytracks:speed><mytracks:gradient>0.1135409911021765</mytracks:gradient><mytracks:length>0.005078816624893793</mytracks:length></extensions></trkpt><trkpt lat="33.59214699428332" lon="130.3455862333707"><ele>5.75226594402731</ele><time>2025-12-28T06:52:56.99700Z</time><extensions><mytracks:speed>3.322733521733933</mytracks:speed><mytracks:length>0.004616823696195242</mytracks:length></extensions></trkpt><trkpt lat="33.59218693627771" lon="130.345599295125"><ele>6.0485466384815</ele><time>2025-12-28T06:53:02.00000Z</time><extensions><mytracks:speed>3.3121787461369</mytracks:speed><mytracks:gradient>0.0643649330045947</mytracks:gradient><mytracks:length>0.004603138395763413</mytracks:length></extensions></trkpt><trkpt lat="33.59222748827594" lon="130.3456012221788"><ele>6.141067007189742</ele><time>2025-12-28T06:53:06.99400Z</time><extensions><mytracks:speed>3.253020772506031</mytracks:speed><mytracks:gradient>0.02050461038636333</mytracks:gradient><mytracks:length>0.004512173943562134</mytracks:length></extensions></trkpt><trkpt lat="33.59226849993834" lon="130.3456122220963"><ele>5.343419518651203</ele><time>2025-12-28T06:53:12.00400Z</time><extensions><mytracks:speed>3.358011826194041</mytracks:speed><mytracks:length>0.004673093008719577</mytracks:length></extensions></trkpt><trkpt lat="33.59231285662099" lon="130.3456286284824"><ele>5.308886657937575</ele><time>2025-12-28T06:53:17.00100Z</time><extensions><mytracks:speed>3.7175399593952</mytracks:speed><mytracks:length>0.005160674414617511</mytracks:length></extensions></trkpt><trkpt lat="33.59236352298734" lon="130.3456332297313"><ele>5.549738880865713</ele><time>2025-12-28T06:53:21.99600Z</time><extensions><mytracks:speed>4.071519195774461</mytracks:speed><mytracks:gradient>0.0426343825540114</mytracks:gradient><mytracks:length>0.005649248529001554</mytracks:length></extensions></trkpt><trkpt lat="33.59241083896954" lon="130.3456347144023"><ele>5.658921681974108</ele><time>2025-12-28T06:53:27.00400Z</time><extensions><mytracks:speed>3.783293863980548</mytracks:speed><mytracks:gradient>0.02074651880760501</mytracks:gradient><mytracks:length>0.005262704655220106</mytracks:length></extensions></trkpt><trkpt lat="33.59245670612621" lon="130.3456499879833"><ele>5.544903491582496</ele><time>2025-12-28T06:53:31.99700Z</time><extensions><mytracks:speed>3.81562313144679</mytracks:speed><mytracks:length>0.005292589646484196</mytracks:length></extensions></trkpt><trkpt lat="33.59250131548768" lon="130.3456603467559"><ele>5.400096770443168</ele><time>2025-12-28T06:53:36.99900Z</time><extensions><mytracks:speed>3.63660146195143</mytracks:speed><mytracks:length>0.005052127966045667</mytracks:length></extensions></trkpt><trkpt lat="33.59254745659072" lon="130.345670144752"><ele>5.086326812052975</ele><time>2025-12-28T06:53:42.49800Z</time><extensions><mytracks:speed>3.410878483741858</mytracks:speed><mytracks:length>0.005210209681892064</mytracks:length></extensions></trkpt><trkpt lat="33.59259344032302" lon="130.3456815062171"><ele>5.108207064810301</ele><time>2025-12-28T06:53:47.49900Z</time><extensions><mytracks:speed>3.756997382082631</mytracks:speed><mytracks:gradient>0.0041918481623003</mytracks:gradient><mytracks:length>0.005219715006404147</mytracks:length></extensions></trkpt><trkpt lat="33.59263867328828" lon="130.3456894824633"><ele>5.154658169977189</ele><time>2025-12-28T06:53:52.50000Z</time><extensions><mytracks:speed>3.659715247679529</mytracks:speed><mytracks:gradient>0.009138070134120064</mytracks:gradient><mytracks:length>0.005083251111571909</mytracks:length></extensions></trkpt><trkpt lat="33.59268660955183" lon="130.3457020481704"><ele>4.840222788488614</ele><time>2025-12-28T06:53:57.98600Z</time><extensions><mytracks:speed>3.579389801803996</mytracks:speed><mytracks:length>0.005455270026428693</mytracks:length></extensions></trkpt><trkpt lat="33.59271996382623" lon="130.3457238735515"><ele>4.892728372469547</ele><time>2025-12-28T06:54:03.00300Z</time><extensions><mytracks:speed>3.030879266567474</mytracks:speed><mytracks:gradient>0.01243239724003188</mytracks:gradient><mytracks:length>0.004223287188078806</mytracks:length></extensions></trkpt><trkpt lat="33.59276139793182" lon="130.3457314557352"><ele>4.779614781062951</ele><time>2025-12-28T06:54:07.99900Z</time><extensions><mytracks:speed>3.358819370672979</mytracks:speed><mytracks:length>0.004661506809878652</mytracks:length></extensions></trkpt><trkpt lat="33.59280140134669" lon="130.3457398590335"><ele>4.705167457347772</ele><time>2025-12-28T06:54:13.00600Z</time><extensions><mytracks:speed>3.247232883952061</mytracks:speed><mytracks:length>0.004516167018629919</mytracks:length></extensions></trkpt><trkpt lat="33.59284318762321" lon="130.3457476243919"><ele>4.672140165922571</ele><time>2025-12-28T06:54:18.00400Z</time><extensions><mytracks:speed>3.386093142854596</mytracks:speed><mytracks:length>0.004700975098991775</mytracks:length></extensions></trkpt><trkpt lat="33.5928858266932" lon="130.3457561906583"><ele>4.532165837349078</ele><time>2025-12-28T06:54:23.00100Z</time><extensions><mytracks:speed>3.462590122304279</mytracks:speed><mytracks:length>0.004807139533124553</mytracks:length></extensions></trkpt><trkpt lat="33.59292521439055" lon="130.3457657114043"><ele>4.35223608082904</ele><time>2025-12-28T06:54:27.99200Z</time><extensions><mytracks:speed>3.222745597281861</mytracks:speed><mytracks:length>0.004468014595070802</mytracks:length></extensions></trkpt><trkpt lat="33.59296664895222" lon="130.3457718514868"><ele>4.082442265261261</ele><time>2025-12-28T06:54:33.00000Z</time><extensions><mytracks:speed>3.337121977660404</mytracks:speed><mytracks:length>0.004642132217262576</mytracks:length></extensions></trkpt><trkpt lat="33.59301089130992" lon="130.34577857369"><ele>4.148765740767893</ele><time>2025-12-28T06:54:38.00000Z</time><extensions><mytracks:speed>3.569421233292806</mytracks:speed><mytracks:gradient>0.0133781785961662</mytracks:gradient><mytracks:length>0.004957586343303743</mytracks:length></extensions></trkpt><trkpt lat="33.59305447880508" lon="130.3457883835268"><ele>3.940348762428072</ele><time>2025-12-28T06:54:42.99800Z</time><extensions><mytracks:speed>3.551487836354149</mytracks:speed><mytracks:length>0.004930241477586562</mytracks:length></extensions></trkpt><trkpt lat="33.59309765459869" lon="130.3457961186248"><ele>3.845117723295556</ele><time>2025-12-28T06:54:48.00000Z</time><extensions><mytracks:speed>3.493566052406678</mytracks:speed><mytracks:length>0.004853784712049317</mytracks:length></extensions></trkpt><trkpt lat="33.59314311734003" lon="130.3458083681562"><ele>3.577256207718071</ele><time>2025-12-28T06:54:52.99000Z</time><extensions><mytracks:speed>3.736952640828012</mytracks:speed><mytracks:length>0.005180719328634333</mytracks:length></extensions></trkpt><trkpt lat="33.59318637266502" lon="130.3458134592558"><ele>3.812779413494394</ele><time>2025-12-28T06:54:58.00700Z</time><extensions><mytracks:speed>3.467906019415814</mytracks:speed><mytracks:gradient>0.04873851354585979</mytracks:gradient><mytracks:length>0.004832383850909</mytracks:length></extensions></trkpt><trkpt lat="33.59323046531756" lon="130.3458269882815"><ele>3.914207698171904</ele><time>2025-12-28T06:55:03.00800Z</time><extensions><mytracks:speed>3.643347138454102</mytracks:speed><mytracks:gradient>0.02004099715043105</mytracks:gradient><mytracks:length>0.005061039823326791</mytracks:length></extensions></trkpt><trkpt lat="33.59327068646277" lon="130.3458428500903"><ele>3.333008948877808</ele><time>2025-12-28T06:55:08.00400Z</time><extensions><mytracks:speed>3.392891082698494</mytracks:speed><mytracks:length>0.004708637655175846</mytracks:length></extensions></trkpt><trkpt lat="33.59330968679669" lon="130.3458515116202"><ele>3.083468944678881</ele><time>2025-12-28T06:55:12.99500Z</time><extensions><mytracks:speed>3.181014481763941</mytracks:speed><mytracks:length>0.004410150780435031</mytracks:length></extensions></trkpt><trkpt lat="33.59334717925083" lon="130.3458591736479"><ele>3.167455146943624</ele><time>2025-12-28T06:55:18.00300Z</time><extensions><mytracks:speed>3.039896682569187</mytracks:speed><mytracks:gradient>0.01986137867977512</mytracks:gradient><mytracks:length>0.004228618950318184</mytracks:length></extensions></trkpt><trkpt lat="33.59338990260518" lon="130.3458661766562"><ele>3.149500270213447</ele><time>2025-12-28T06:55:23.00400Z</time><extensions><mytracks:speed>3.451004701364551</mytracks:speed><mytracks:length>0.004794937460544225</mytracks:length></extensions></trkpt><trkpt lat="33.59343342473104" lon="130.3458721861058"><ele>3.64301807647573</ele><time>2025-12-28T06:55:27.99900Z</time><extensions><mytracks:speed>3.511356594611803</mytracks:speed><mytracks:gradient>0.101309385096158</mytracks:gradient><mytracks:length>0.004871392771694936</mytracks:length></extensions></trkpt><trkpt lat="33.59347595222334" lon="130.3458849597042"><ele>4.025947024969397</ele><time>2025-12-28T06:55:32.99900Z</time><extensions><mytracks:speed>3.510054172250804</mytracks:speed><mytracks:gradient>0.07854805155066898</mytracks:gradient><mytracks:length>0.00487509162778724</mytracks:length></extensions></trkpt><trkpt lat="33.59351214486693" lon="130.3458973277358"><ele>3.59867544902914</ele><time>2025-12-28T06:55:37.99400Z</time><extensions><mytracks:speed>3.015234978868738</mytracks:speed><mytracks:length>0.004183620964355457</mytracks:length></extensions></trkpt><trkpt lat="33.59355184923309" lon="130.3459023729206"><ele>3.772907620599706</ele><time>2025-12-28T06:55:43.00400Z</time><extensions><mytracks:speed>3.189803786965496</mytracks:speed><mytracks:gradient>0.03924426866506883</mytracks:gradient><mytracks:length>0.004439684506737911</mytracks:length></extensions></trkpt><trkpt lat="33.59359729422876" lon="130.3459135614023"><ele>3.879342284575657</ele><time>2025-12-28T06:55:48.49900Z</time><extensions><mytracks:speed>3.379676487070119</mytracks:speed><mytracks:gradient>0.02063465437680947</mytracks:gradient><mytracks:length>0.005158054117716109</mytracks:length></extensions></trkpt><trkpt lat="33.59363589835761" lon="130.3459286610235"><ele>3.686832899863828</ele><time>2025-12-28T06:55:53.50000Z</time><extensions><mytracks:speed>3.249368701752303</mytracks:speed><mytracks:length>0.004514170922612574</mytracks:length></extensions></trkpt><trkpt lat="33.59367455833401" lon="130.3459384742246"><ele>4.400522567378787</ele><time>2025-12-28T06:55:58.49300Z</time><extensions><mytracks:speed>3.168270216066309</mytracks:speed><mytracks:gradient>0.1624321370643957</mytracks:gradient><mytracks:length>0.004393771333760258</mytracks:length></extensions></trkpt><trkpt lat="33.59372043802233" lon="130.3459405265335"><ele>4.387034464555813</ele><time>2025-12-28T06:56:04.00600Z</time><extensions><mytracks:speed>3.333844520301711</mytracks:speed><mytracks:length>0.005105365768805837</mytracks:length></extensions></trkpt><trkpt lat="33.5937585971046" lon="130.3459440822997"><ele>4.832412629807541</ele><time>2025-12-28T06:56:09.00100Z</time><extensions><mytracks:speed>3.06620482076409</mytracks:speed><mytracks:gradient>0.1046673516755359</mytracks:gradient><mytracks:length>0.00425517755175826</mytracks:length></extensions></trkpt><trkpt lat="33.5937977882826" lon="130.3459495789473"><ele>4.759389467093679</ele><time>2025-12-28T06:56:14.00500Z</time><extensions><mytracks:speed>3.156645158228367</mytracks:speed><mytracks:length>0.004387613277007675</mytracks:length></extensions></trkpt><trkpt lat="33.59383627187296" lon="130.3459657796217"><ele>4.597519433704075</ele><time>2025-12-28T06:56:19.00200Z</time><extensions><mytracks:speed>3.267246588508179</mytracks:speed><mytracks:length>0.004535086112231899</mytracks:length></extensions></trkpt><trkpt lat="33.59387581174305" lon="130.3459766863114"><ele>4.633140022165763</ele><time>2025-12-28T06:56:24.00300Z</time><extensions><mytracks:speed>3.246107579924886</mytracks:speed><mytracks:gradient>0.007899576776298784</mytracks:gradient><mytracks:length>0.004509176816732892</mytracks:length></extensions></trkpt><trkpt lat="33.59391581073928" lon="130.3459823519364"><ele>4.296438678408132</ele><time>2025-12-28T06:56:29.00200Z</time><extensions><mytracks:speed>3.223903024174616</mytracks:speed><mytracks:length>0.004477082623647318</mytracks:length></extensions></trkpt><trkpt lat="33.59395383979081" lon="130.3459946434285"><ele>3.861305696135988</ele><time>2025-12-28T06:56:33.99500Z</time><extensions><mytracks:speed>3.156505086020527</mytracks:speed><mytracks:length>0.004377330597587425</mytracks:length></extensions></trkpt><trkpt lat="33.59399736512283" lon="130.3459991016094"><ele>4.174151692066287</ele><time>2025-12-28T06:56:38.99800Z</time><extensions><mytracks:speed>3.495104836977191</mytracks:speed><mytracks:gradient>0.06440477419974484</mytracks:gradient><mytracks:length>0.004857496976234082</mytracks:length></extensions></trkpt><trkpt lat="33.59403993782428" lon="130.346002316578"><ele>4.771811579211919</ele><time>2025-12-28T06:56:44.00000Z</time><extensions><mytracks:speed>3.415077661240139</mytracks:speed><mytracks:gradient>0.1259592812040577</mytracks:gradient><mytracks:length>0.004744865812447797</mytracks:length></extensions></trkpt><trkpt lat="33.59408568592284" lon="130.3460107920065"><ele>5.214831118369439</ele><time>2025-12-28T06:56:48.99800Z</time><extensions><mytracks:speed>3.707741453524955</mytracks:speed><mytracks:gradient>0.08606399425828637</mytracks:gradient><mytracks:length>0.005147559591854122</mytracks:length></extensions></trkpt><trkpt lat="33.59412808960258" lon="130.3460238852039"><ele>5.37493091255464</ele><time>2025-12-28T06:56:53.99900Z</time><extensions><mytracks:speed>3.504724916736094</mytracks:speed><mytracks:gradient>0.03288404104080141</mytracks:gradient><mytracks:length>0.004868616785466072</mytracks:length></extensions></trkpt><trkpt lat="33.59417294762477" lon="130.3460368927096"><ele>5.217470270298711</ele><time>2025-12-28T06:56:58.99600Z</time><extensions><mytracks:speed>3.696357588963928</mytracks:speed><mytracks:length>0.005130899360393982</mytracks:length></extensions></trkpt><trkpt lat="33.59421821676791" lon="130.3460555043923"><ele>5.423247806732038</ele><time>2025-12-28T06:57:03.99800Z</time><extensions><mytracks:speed>3.829651886573559</mytracks:speed><mytracks:gradient>0.03866937523172053</mytracks:gradient><mytracks:length>0.005321460075324077</mytracks:length></extensions></trkpt><trkpt lat="33.59425881697905" lon="130.3460665311727"><ele>5.474895880886191</ele><time>2025-12-28T06:57:08.99100Z</time><extensions><mytracks:speed>3.336900039924896</mytracks:speed><mytracks:gradient>0.01116100226514682</mytracks:gradient><mytracks:length>0.004627548039788322</mytracks:length></extensions></trkpt><trkpt lat="33.59430003614791" lon="130.346081188392"><ele>4.614126277106641</ele><time>2025-12-28T06:57:13.99000Z</time><extensions><mytracks:speed>3.442567885614988</mytracks:speed><mytracks:length>0.004780819447388897</mytracks:length></extensions></trkpt><trkpt lat="33.59434099073755" lon="130.3461057771509"><ele>3.810778917534574</ele><time>2025-12-28T06:57:18.99700Z</time><extensions><mytracks:speed>3.661081250093719</mytracks:speed><mytracks:length>0.005092108499560472</mytracks:length></extensions></trkpt><trkpt lat="33.59436082350288" lon="130.3461739426195"><ele>3.850642860049099</ele><time>2025-12-28T06:57:24.00000Z</time><extensions><mytracks:speed>4.812111460153043</mytracks:speed><mytracks:gradient>0.005961669779878161</mytracks:gradient><mytracks:length>0.006686707581334593</mytracks:length></extensions></trkpt><trkpt lat="33.59435392932267" lon="130.3462540944592"><ele>4.245820412132064</ele><time>2025-12-28T06:57:29.00400Z</time><extensions><mytracks:speed>5.36942420703933</mytracks:speed><mytracks:gradient>0.05294624647756561</mytracks:gradient><mytracks:length>0.007463750093227283</mytracks:length></extensions></trkpt><trkpt lat="33.59434983734299" lon="130.3463227723278"><ele>4.378810464275305</ele><time>2025-12-28T06:57:34.00600Z</time><extensions><mytracks:speed>4.590369263102627</mytracks:speed><mytracks:gradient>0.02085253081838504</mytracks:gradient><mytracks:length>0.006377645634552327</mytracks:length></extensions></trkpt><trkpt lat="33.59434475886201" lon="130.3463913862365"><ele>4.502392471488416</ele><time>2025-12-28T06:57:39.00200Z</time><extensions><mytracks:speed>4.596973003768921</mytracks:speed><mytracks:gradient>0.0193709339494597</mytracks:gradient><mytracks:length>0.006379765040526496</mytracks:length></extensions></trkpt><trkpt lat="33.59433611977023" lon="130.3464643615468"><ele>4.94622899818675</ele><time>2025-12-28T06:57:44.00000Z</time><extensions><mytracks:speed>4.917445179086901</mytracks:speed><mytracks:gradient>0.06501417472321624</mytracks:gradient><mytracks:length>0.006826765525946791</mytracks:length></extensions></trkpt><trkpt lat="33.59433147764526" lon="130.3465338269738"><ele>5.706940008277852</ele><time>2025-12-28T06:57:49.00100Z</time><extensions><mytracks:speed>4.645485366471886</mytracks:speed><mytracks:gradient>0.1178628704165447</mytracks:gradient><mytracks:length>0.006454204003369659</mytracks:length></extensions></trkpt><trkpt lat="33.59433058912782" lon="130.346609085685"><ele>5.983674746313576</ele><time>2025-12-28T06:57:54.50300Z</time><extensions><mytracks:speed>4.561703523591202</mytracks:speed><mytracks:gradient>0.0396936239397771</mytracks:gradient><mytracks:length>0.006971768021372512</mytracks:length></extensions></trkpt><trkpt lat="33.59432180629415" lon="130.3466808984061"><ele>6.307574120520137</ele><time>2025-12-28T06:57:59.49800Z</time><extensions><mytracks:speed>4.844984921015564</mytracks:speed><mytracks:gradient>0.04818740495615186</mytracks:gradient><mytracks:length>0.006721660452587001</mytracks:length></extensions></trkpt><trkpt lat="33.5943171915461" lon="130.3467524825235"><ele>6.206791353224354</ele><time>2025-12-28T06:58:04.50000Z</time><extensions><mytracks:speed>4.785511533790505</mytracks:speed><mytracks:length>0.006650215928455492</mytracks:length></extensions></trkpt><trkpt lat="33.5943168994101" lon="130.3468334059024"><ele>5.800635012421814</ele><time>2025-12-28T06:58:10.00400Z</time><extensions><mytracks:speed>4.901981387871286</mytracks:speed><mytracks:length>0.007493877567330886</mytracks:length></extensions></trkpt><trkpt lat="33.59431817799656" lon="130.3469027972356"><ele>5.71438766710859</ele><time>2025-12-28T06:58:15.00200Z</time><extensions><mytracks:speed>4.630019596016611</mytracks:speed><mytracks:length>0.006427617467360431</mytracks:length></extensions></trkpt><trkpt lat="33.59431217703452" lon="130.3469857731485"><ele>5.510940955819253</ele><time>2025-12-28T06:58:19.99600Z</time><extensions><mytracks:speed>5.5595223622296</mytracks:speed><mytracks:length>0.007713748550536664</mytracks:length></extensions></trkpt><trkpt lat="33.59431179235317" lon="130.3470746126192"><ele>5.445255373503121</ele><time>2025-12-28T06:58:25.00300Z</time><extensions><mytracks:speed>5.917117865871378</mytracks:speed><mytracks:length>0.008228760310010977</mytracks:length></extensions></trkpt><trkpt lat="33.59431073877395" lon="130.3471559998692"><ele>5.8623132706342</ele><time>2025-12-28T06:58:29.99500Z</time><extensions><mytracks:speed>5.436821478449229</mytracks:speed><mytracks:gradient>0.05531682126768878</mytracks:gradient><mytracks:length>0.007539440762744752</mytracks:length></extensions></trkpt><trkpt lat="33.59430943596514" lon="130.3472304225791"><ele>5.641284271998306</ele><time>2025-12-28T06:58:35.00000Z</time><extensions><mytracks:speed>4.959540096191744</mytracks:speed><mytracks:length>0.006894420697828412</mytracks:length></extensions></trkpt><trkpt lat="33.59430516423704" lon="130.3473030344118"><ele>5.729518673190434</ele><time>2025-12-28T06:58:39.99400Z</time><extensions><mytracks:speed>4.858741572090024</mytracks:speed><mytracks:gradient>0.01308907041818109</mytracks:gradient><mytracks:length>0.006741074680870184</mytracks:length></extensions></trkpt><trkpt lat="33.59430684762103" lon="130.3473772460172"><ele>5.65832459528262</ele><time>2025-12-28T06:58:44.99200Z</time><extensions><mytracks:speed>4.95197248989932</mytracks:speed><mytracks:length>0.006874784028218482</mytracks:length></extensions></trkpt><trkpt lat="33.59430683093384" lon="130.347448658455"><ele>5.419120132685771</ele><time>2025-12-28T06:58:49.99600Z</time><extensions><mytracks:speed>4.757809274189065</mytracks:speed><mytracks:length>0.006613522927448638</mytracks:length></extensions></trkpt><trkpt lat="33.59430697899708" lon="130.3475210722481"><ele>5.427287175627238</ele><time>2025-12-28T06:58:54.99900Z</time><extensions><mytracks:speed>4.825969832002449</mytracks:speed><mytracks:gradient>0.001217830505275011</mytracks:gradient><mytracks:length>0.006706222997446065</mytracks:length></extensions></trkpt><trkpt lat="33.59430819494711" lon="130.3475928098406"><ele>5.134502131190673</ele><time>2025-12-28T06:59:00.00000Z</time><extensions><mytracks:speed>4.783179121175008</mytracks:speed><mytracks:length>0.006644792713748413</mytracks:length></extensions></trkpt><trkpt lat="33.59430222848389" lon="130.3476597180874"><ele>5.007936582565368</ele><time>2025-12-28T06:59:05.00100Z</time><extensions><mytracks:speed>4.485624358187906</mytracks:speed><mytracks:length>0.006231835270347388</mytracks:length></extensions></trkpt><trkpt lat="33.5943022372994" lon="130.347717745947"><ele>4.651096319909373</ele><time>2025-12-28T06:59:10.00700Z</time><extensions><mytracks:speed>3.866228877130121</mytracks:speed><mytracks:length>0.005375383783922912</mytracks:length></extensions></trkpt><trkpt lat="33.59430424099872" lon="130.3477812379059"><ele>4.266567916863099</ele><time>2025-12-28T06:59:14.99600Z</time><extensions><mytracks:speed>4.246134630828006</mytracks:speed><mytracks:length>0.005885222816851927</mytracks:length></extensions></trkpt><trkpt lat="33.5942924918548" lon="130.3478440803621"><ele>4.354704623325394</ele><time>2025-12-28T06:59:19.99500Z</time><extensions><mytracks:speed>4.295527611283185</mytracks:speed><mytracks:gradient>0.014777315186509</mytracks:gradient><mytracks:length>0.005964324733545586</mytracks:length></extensions></trkpt><trkpt lat="33.59429329500902" lon="130.3479043938743"><ele>4.579753435353394</ele><time>2025-12-28T06:59:25.00300Z</time><extensions><mytracks:speed>4.015654923647771</mytracks:speed><mytracks:gradient>0.04028308856448006</mytracks:gradient><mytracks:length>0.005586682154913989</mytracks:length></extensions></trkpt><trkpt lat="33.59431155092827" lon="130.3479588215294"><ele>4.844522069110012</ele><time>2025-12-28T06:59:30.00000Z</time><extensions><mytracks:speed>3.915287788178734</mytracks:speed><mytracks:gradient>0.048726685429134</mytracks:gradient><mytracks:length>0.00543375013967831</mytracks:length></extensions></trkpt><trkpt lat="33.59431227388087" lon="130.3480370563705"><ele>5.576005010201217</ele><time>2025-12-28T06:59:34.99700Z</time><extensions><mytracks:speed>5.22032033482887</mytracks:speed><mytracks:gradient>0.1009378327117612</mytracks:gradient><mytracks:length>0.007246865931627764</mytracks:length></extensions></trkpt><trkpt lat="33.59431181719758" lon="130.3481078577979"><ele>5.392519104189386</ele><time>2025-12-28T06:59:40.00200Z</time><extensions><mytracks:speed>4.717102126143235</mytracks:speed><mytracks:length>0.006558098500106358</mytracks:length></extensions></trkpt><trkpt lat="33.59430636358756" lon="130.3481789260249"><ele>4.846160255711436</ele><time>2025-12-28T06:59:44.99300Z</time><extensions><mytracks:speed>4.767872395099147</mytracks:speed><mytracks:length>0.00661011512440512</mytracks:length></extensions></trkpt><trkpt lat="33.59430542562514" lon="130.3482450774675"><ele>4.380055403140346</ele><time>2025-12-28T06:59:49.99800Z</time><extensions><mytracks:speed>4.407652613621075</mytracks:speed><mytracks:length>0.006127556869777766</mytracks:length></extensions></trkpt><trkpt lat="33.5943066010995" lon="130.3483142336349"><ele>3.805652788338811</ele><time>2025-12-28T06:59:55.00300Z</time><extensions><mytracks:speed>4.607511456350961</mytracks:speed><mytracks:length>0.006406550162351034</mytracks:length></extensions></trkpt><trkpt lat="33.59430452779763" lon="130.3484055300902"><ele>3.595997684556607</ele><time>2025-12-28T07:00:00.50500Z</time><extensions><mytracks:speed>5.53545178199737</mytracks:speed><mytracks:length>0.008458836269864064</mytracks:length></extensions></trkpt><trkpt lat="33.59430400381833" lon="130.348490007552"><ele>3.280510599767949</ele><time>2025-12-28T07:00:06.00600Z</time><extensions><mytracks:speed>5.119874307632315</mytracks:speed><mytracks:length>0.007824534776182328</mytracks:length></extensions></trkpt><trkpt lat="33.59430122098401" lon="130.3485588261331"><ele>2.744002221127396</ele><time>2025-12-28T07:00:10.99800Z</time><extensions><mytracks:speed>4.602694494061183</mytracks:speed><mytracks:length>0.00638188374265183</mytracks:length></extensions></trkpt><trkpt lat="33.5943053000798" lon="130.3486369367781"><ele>2.296001318295861</ele><time>2025-12-28T07:00:15.99500Z</time><extensions><mytracks:speed>5.222677389321611</mytracks:speed><mytracks:length>0.007249352845198441</mytracks:length></extensions></trkpt><trkpt lat="33.59431541818997" lon="130.3487146380442"><ele>2.828634794144047</ele><time>2025-12-28T07:00:20.99400Z</time><extensions><mytracks:speed>5.246033368642906</mytracks:speed><mytracks:gradient>0.07311674339205801</mytracks:gradient><mytracks:length>0.007284699114567519</mytracks:length></extensions></trkpt><trkpt lat="33.59432119326475" lon="130.3487818762005"><ele>2.620060372362388</ele><time>2025-12-28T07:00:25.99800Z</time><extensions><mytracks:speed>4.503948229136833</mytracks:speed><mytracks:length>0.006260693193947578</mytracks:length></extensions></trkpt><trkpt lat="33.59432455460031" lon="130.3488560777096"><ele>2.601582391962287</ele><time>2025-12-28T07:00:30.99400Z</time><extensions><mytracks:speed>4.959005384186</mytracks:speed><mytracks:length>0.006881990646131888</mytracks:length></extensions></trkpt><trkpt lat="33.59432515909518" lon="130.3489401913972"><ele>2.437199622652669</ele><time>2025-12-28T07:00:35.98000Z</time><extensions><mytracks:speed>5.626009434231635</mytracks:speed><mytracks:length>0.007791059442546481</mytracks:length></extensions></trkpt><trkpt lat="33.59432716942742" lon="130.3490247161096"><ele>2.840576974270559</ele><time>2025-12-28T07:00:41.00400Z</time><extensions><mytracks:speed>5.611285303626991</mytracks:speed><mytracks:gradient>0.05150362770898036</mytracks:gradient><mytracks:length>0.007832018239514339</mytracks:length></extensions></trkpt><trkpt lat="33.59433222489035" lon="130.3490945400409"><ele>3.003604713384769</ele><time>2025-12-28T07:00:45.99700Z</time><extensions><mytracks:speed>4.680806491848482</mytracks:speed><mytracks:gradient>0.02511288088331428</mytracks:gradient><mytracks:length>0.006491797570804815</mytracks:length></extensions></trkpt><trkpt lat="33.59433056789852" lon="130.3491659604011"><ele>2.978887787438913</ele><time>2025-12-28T07:00:50.99400Z</time><extensions><mytracks:speed>4.767638336092413</mytracks:speed><mytracks:length>0.00661760997465763</mytracks:length></extensions></trkpt><trkpt lat="33.59432957351713" lon="130.3492510404948"><ele>3.560262970473785</ele><time>2025-12-28T07:00:55.99000Z</time><extensions><mytracks:speed>5.678409423304337</mytracks:speed><mytracks:gradient>0.07377133563714221</mytracks:gradient><mytracks:length>0.007880773446945195</mytracks:length></extensions></trkpt><trkpt lat="33.5943459433403" lon="130.3493283608676"><ele>4.062043751220573</ele><time>2025-12-28T07:01:01.00500Z</time><extensions><mytracks:speed>5.304648761567983</mytracks:speed><mytracks:gradient>0.06790811424122029</mytracks:gradient><mytracks:length>0.007389113751036932</mytracks:length></extensions></trkpt><trkpt lat="33.5943469817397" lon="130.3493904592642"><ele>4.064632098954394</ele><time>2025-12-28T07:01:05.99300Z</time><extensions><mytracks:speed>4.151507519291441</mytracks:speed><mytracks:gradient>0.0004499285660726962</mytracks:gradient><mytracks:length>0.005752797063795357</mytracks:length></extensions></trkpt><trkpt lat="33.59435037605147" lon="130.3494774831343"><ele>4.068149462182782</ele><time>2025-12-28T07:01:11.01000Z</time><extensions><mytracks:speed>5.791064207968747</mytracks:speed><mytracks:gradient>0.0004358836465463767</mytracks:gradient><mytracks:length>0.00806950032711083</mytracks:length></extensions></trkpt><trkpt lat="33.59435208812562" lon="130.3495410225908"><ele>3.482425710702397</ele><time>2025-12-28T07:01:15.99000Z</time><extensions><mytracks:speed>4.257048849711785</mytracks:speed><mytracks:length>0.005889050106595631</mytracks:length></extensions></trkpt><trkpt lat="33.59435708663051" lon="130.3496144967622"><ele>2.318852801642163</ele><time>2025-12-28T07:01:20.98700Z</time><extensions><mytracks:speed>4.91961632038847</mytracks:speed><mytracks:length>0.006828085600507317</mytracks:length></extensions></trkpt><trkpt lat="33.59436415650895" lon="130.3496884426543"><ele>1.829878704946776</ele><time>2025-12-28T07:01:26.00400Z</time><extensions><mytracks:speed>4.946973693821461</mytracks:speed><mytracks:length>0.006894420697828412</mytracks:length></extensions></trkpt><trkpt lat="33.59435966801591" lon="130.3497725505215"><ele>2.159517433857496</ele><time>2025-12-28T07:01:30.99500Z</time><extensions><mytracks:speed>5.630993279851085</mytracks:speed><mytracks:gradient>0.04222531808328958</mytracks:gradient><mytracks:length>0.007806660645172804</mytracks:length></extensions></trkpt><trkpt lat="33.59435014517702" lon="130.3498435850285"><ele>2.764249244904426</ele><time>2025-12-28T07:01:36.00800Z</time><extensions><mytracks:speed>4.786006846344168</mytracks:speed><mytracks:gradient>0.09074020315271028</mytracks:gradient><mytracks:length>0.006664430870065422</mytracks:length></extensions></trkpt><trkpt lat="33.59435373837992" lon="130.3499163493921"><ele>2.617743828379981</ele><time>2025-12-28T07:01:40.99300Z</time><extensions><mytracks:speed>4.875354776577736</mytracks:speed><mytracks:length>0.006751094616065419</mytracks:length></extensions></trkpt><trkpt lat="33.59436162838622" lon="130.3499956777244"><ele>3.001642936559845</ele><time>2025-12-28T07:01:46.00400Z</time><extensions><mytracks:speed>5.31587442906493</mytracks:speed><mytracks:gradient>0.05187767484781466</mytracks:gradient><mytracks:length>0.007400083163057102</mytracks:length></extensions></trkpt><trkpt lat="33.59436729393174" lon="130.3500865309006"><ele>3.742132950066579</ele><time>2025-12-28T07:01:51.00700Z</time><extensions><mytracks:speed>6.072910367659724</mytracks:speed><mytracks:gradient>0.08774512062986005</mytracks:gradient><mytracks:length>0.008439101891834914</mytracks:length></extensions></trkpt><trkpt lat="33.59437340228224" lon="130.3501709767073"><ele>4.483051934604375</ele><time>2025-12-28T07:01:56.00700Z</time><extensions><mytracks:speed>5.651677245746836</mytracks:speed><mytracks:gradient>0.09437967049859952</mytracks:gradient><mytracks:length>0.007850408680424349</mytracks:length></extensions></trkpt><trkpt lat="33.59439910608949" lon="130.3502434270967"><ele>4.579741450723315</ele><time>2025-12-28T07:02:01.00900Z</time><extensions><mytracks:speed>5.250031084146492</mytracks:speed><mytracks:gradient>0.01325608491476222</mytracks:gradient><mytracks:length>0.007293972295791863</mytracks:length></extensions></trkpt><trkpt lat="33.5944104195738" lon="130.3503241017185"><ele>4.703234302260193</ele><time>2025-12-28T07:02:06.50100Z</time><extensions><mytracks:speed>4.966990437620122</mytracks:speed><mytracks:gradient>0.01629837796118049</mytracks:gradient><mytracks:length>0.007577002560071536</mytracks:length></extensions></trkpt><trkpt lat="33.59440842863147" lon="130.350401346665"><ele>4.75645996512297</ele><time>2025-12-28T07:02:12.00100Z</time><extensions><mytracks:speed>4.684557875186049</mytracks:speed><mytracks:gradient>0.007435807299929384</mytracks:gradient><mytracks:length>0.007158020738821727</mytracks:length></extensions></trkpt><trkpt lat="33.59441143287535" lon="130.3504773429066"><ele>4.887034093984083</ele><time>2025-12-28T07:02:17.00800Z</time><extensions><mytracks:speed>5.067090175425611</mytracks:speed><mytracks:gradient>0.01852906990683802</mytracks:gradient><mytracks:length>0.007046987761265106</mytracks:length></extensions></trkpt><trkpt lat="33.59441689968165" lon="130.3505488652822"><ele>4.554574356135121</ele><time>2025-12-28T07:02:21.99900Z</time><extensions><mytracks:speed>4.798135274584531</mytracks:speed><mytracks:length>0.00665224849411707</mytracks:length></extensions></trkpt><trkpt lat="33.59442293858972" lon="130.3506075574527"><ele>3.386456834197781</ele><time>2025-12-28T07:02:26.99900Z</time><extensions><mytracks:speed>3.94389621903588</mytracks:speed><mytracks:length>0.005477528115203835</mytracks:length></extensions></trkpt><trkpt lat="33.59441714608906" lon="130.3506964205486"><ele>4.692999548635681</ele><time>2025-12-28T07:02:31.99800Z</time><extensions><mytracks:speed>5.944903273542048</mytracks:speed><mytracks:gradient>0.158262331071533</mytracks:gradient><mytracks:length>0.008255550803478036</mytracks:length></extensions></trkpt><trkpt lat="33.59442503362065" lon="130.3507766481992"><ele>5.419146688510123</ele><time>2025-12-28T07:02:37.00400Z</time><extensions><mytracks:speed>5.38022611135148</mytracks:speed><mytracks:gradient>0.09706241957212311</mytracks:gradient><mytracks:length>0.007481238805662285</mytracks:length></extensions></trkpt><trkpt lat="33.59442606328401" lon="130.3508479057047"><ele>5.799369718337015</ele><time>2025-12-28T07:02:41.99200Z</time><extensions><mytracks:speed>4.763517767101144</mytracks:speed><mytracks:gradient>0.05761058733349077</mytracks:gradient><mytracks:length>0.006599881157709651</mytracks:length></extensions></trkpt><trkpt lat="33.59444189725377" lon="130.350929779028"><ele>6.803848779213669</ele><time>2025-12-28T07:02:46.99200Z</time><extensions><mytracks:speed>5.605249227461623</mytracks:speed><mytracks:gradient>0.1290229673443418</mytracks:gradient><mytracks:length>0.007785273285459779</mytracks:length></extensions></trkpt><trkpt lat="33.59445195393637" lon="130.3510018171629"><ele>7.007451012582805</ele><time>2025-12-28T07:02:52.00200Z</time><extensions><mytracks:speed>4.861639500972191</mytracks:speed><mytracks:gradient>0.03009597874566047</mytracks:gradient><mytracks:length>0.006765097592929852</mytracks:length></extensions></trkpt><trkpt lat="33.59444988662133" lon="130.3510673089604"><ele>6.852278275135621</ele><time>2025-12-28T07:02:57.00700Z</time><extensions><mytracks:speed>4.36580493690445</mytracks:speed><mytracks:length>0.006070665075654293</mytracks:length></extensions></trkpt><trkpt lat="33.59446702172684" lon="130.3511307535836"><ele>7.372263433262221</ele><time>2025-12-28T07:03:02.00200Z</time><extensions><mytracks:speed>4.452219614737582</mytracks:speed><mytracks:gradient>0.08417590671014503</mytracks:gradient><mytracks:length>0.006177363315100833</mytracks:length></extensions></trkpt><trkpt lat="33.59449428674872" lon="130.3511747052335"><ele>6.938762841156146</ele><time>2025-12-28T07:03:06.99900Z</time><extensions><mytracks:speed>3.657146870797242</mytracks:speed><mytracks:length>0.005076154073400244</mytracks:length></extensions></trkpt><trkpt lat="33.59454131814157" lon="130.3512007610357"><ele>7.316113140232479</ele><time>2025-12-28T07:03:11.99800Z</time><extensions><mytracks:speed>4.148494622275618</mytracks:speed><mytracks:gradient>0.06550509617834055</mytracks:gradient><mytracks:length>0.00576062506723111</mytracks:length></extensions></trkpt><trkpt lat="33.59458536468824" lon="130.351222331763"><ele>7.433974833497667</ele><time>2025-12-28T07:03:16.99900Z</time><extensions><mytracks:speed>3.808542762733306</mytracks:speed><mytracks:gradient>0.02227994713572514</mytracks:gradient><mytracks:length>0.005290034691159597</mytracks:length></extensions></trkpt><trkpt lat="33.59462276202181" lon="130.3512468714837"><ele>6.409160276834657</ele><time>2025-12-28T07:03:22.00600Z</time><extensions><mytracks:speed>3.406743952113175</mytracks:speed><mytracks:length>0.004738213017851415</mytracks:length></extensions></trkpt><trkpt lat="33.59465825682171" lon="130.351247613342"><ele>6.054634958556408</ele><time>2025-12-28T07:03:26.99800Z</time><extensions><mytracks:speed>2.846757643298996</mytracks:speed><mytracks:length>0.003947527957217906</mytracks:length></extensions></trkpt><trkpt lat="33.59469067338916" lon="130.3512380739702"><ele>5.932825265505174</ele><time>2025-12-28T07:03:31.99800Z</time><extensions><mytracks:speed>2.670575538202044</mytracks:speed><mytracks:length>0.003709772148183538</mytracks:length></extensions></trkpt><trkpt lat="33.59493551156392" lon="130.351229206051"><ele>7.778862223960459</ele><time>2025-12-28T07:04:01.99900Z</time><extensions><mytracks:speed>3.268369046099001</mytracks:speed><mytracks:gradient>0.06777639396506904</mytracks:gradient><mytracks:length>0.02723716696120932</mytracks:length></extensions></trkpt><trkpt lat="33.59497158658733" lon="130.3512491719362"><ele>6.919942820123546</ele><time>2025-12-28T07:04:07.00800Z</time><extensions><mytracks:speed>3.174724049725849</mytracks:speed><mytracks:length>0.004417297689965096</mytracks:length></extensions></trkpt><trkpt lat="33.59498582267797" lon="130.351279400119"><ele>6.327321390492463</ele><time>2025-12-28T07:04:12.50200Z</time><extensions><mytracks:speed>2.107903267873471</mytracks:speed><mytracks:length>0.003216611881821984</mytracks:length></extensions></trkpt><trkpt lat="33.59498623123511" lon="130.3513446095972"><ele>5.670872479137371</ele><time>2025-12-28T07:04:18.00500Z</time><extensions><mytracks:speed>3.951196356991963</mytracks:speed><mytracks:length>0.006040153418413563</mytracks:length></extensions></trkpt><trkpt lat="33.59499408615923" lon="130.3513942100271"><ele>5.51205008861049</ele><time>2025-12-28T07:04:23.00400Z</time><extensions><mytracks:speed>3.367458084163065</mytracks:speed><mytracks:length>0.004675985072746005</mytracks:length></extensions></trkpt><trkpt lat="33.59500421429171" lon="130.3514372093709"><ele>5.518940722864501</ele><time>2025-12-28T07:04:28.00500Z</time><extensions><mytracks:speed>2.979640152153915</mytracks:speed><mytracks:gradient>0.001664717030417486</mytracks:gradient><mytracks:length>0.004139222539390557</mytracks:length></extensions></trkpt><trkpt lat="33.59500249651149" lon="130.3514863847093"><ele>5.481665157960301</ele><time>2025-12-28T07:04:33.00200Z</time><extensions><mytracks:speed>3.283773022907076</mytracks:speed><mytracks:length>0.004557883104441821</mytracks:length></extensions></trkpt><trkpt lat="33.59500476341479" lon="130.3515299806548"><ele>5.401461613955907</ele><time>2025-12-28T07:04:38.00300Z</time><extensions><mytracks:speed>2.911554027320063</mytracks:speed><mytracks:length>0.004044511107885338</mytracks:length></extensions></trkpt><trkpt lat="33.59501536124382" lon="130.3515747252411"><ele>5.480894458446669</ele><time>2025-12-28T07:04:43.00300Z</time><extensions><mytracks:speed>3.101629657617495</mytracks:speed><mytracks:gradient>0.0184392912373955</mytracks:gradient><mytracks:length>0.004307803562952023</mytracks:length></extensions></trkpt><trkpt lat="33.59501819516618" lon="130.3516503769164"><ele>5.358532724157933</ele><time>2025-12-28T07:04:47.99800Z</time><extensions><mytracks:speed>5.05538188162422</mytracks:speed><mytracks:length>0.007014298842837074</mytracks:length></extensions></trkpt><trkpt lat="33.5950222760375" lon="130.3517195616782"><ele>5.430562037741456</ele><time>2025-12-28T07:04:53.00000Z</time><extensions><mytracks:speed>4.622714726961487</mytracks:speed><mytracks:gradient>0.01121356394946982</mytracks:gradient><mytracks:length>0.006423409534033897</mytracks:length></extensions></trkpt><trkpt lat="33.59503067461091" lon="130.3517891892553"><ele>5.380611655282285</ele><time>2025-12-28T07:04:58.00100Z</time><extensions><mytracks:speed>4.690079571192887</mytracks:speed><mytracks:length>0.006515356311630528</mytracks:length></extensions></trkpt><trkpt lat="33.59503938121605" lon="130.3518585455212"><ele>5.613539239728637</ele><time>2025-12-28T07:05:02.99500Z</time><extensions><mytracks:speed>4.682691193437939</mytracks:speed><mytracks:gradient>0.03585346437845612</mytracks:gradient><mytracks:length>0.006496654883546344</mytracks:length></extensions></trkpt><trkpt lat="33.5950346941549" lon="130.351922115676"><ele>5.401715465333897</ele><time>2025-12-28T07:05:08.00100Z</time><extensions><mytracks:speed>4.250559045921365</mytracks:speed><mytracks:length>0.005910437129383162</mytracks:length></extensions></trkpt><trkpt lat="33.59500803171626" lon="130.3519796414198"><ele>5.099997321275752</ele><time>2025-12-28T07:05:12.99100Z</time><extensions><mytracks:speed>4.398627135515561</mytracks:speed><mytracks:length>0.006096590796401303</mytracks:length></extensions></trkpt><trkpt lat="33.59500875352865" lon="130.3520414904362"><ele>4.936336787380345</ele><time>2025-12-28T07:05:18.00000Z</time><extensions><mytracks:speed>4.117294376705745</mytracks:speed><mytracks:length>0.005728462273805748</mytracks:length></extensions></trkpt><trkpt lat="33.59501458240886" lon="130.3521029060664"><ele>5.191284673667385</ele><time>2025-12-28T07:05:23.00300Z</time><extensions><mytracks:speed>4.119658072985038</mytracks:speed><mytracks:gradient>0.04452993357925984</mytracks:gradient><mytracks:length>0.005725314766824279</mytracks:length></extensions></trkpt><trkpt lat="33.59501899950839" lon="130.352158904488"><ele>5.448540189628929</ele><time>2025-12-28T07:05:27.99500Z</time><extensions><mytracks:speed>3.756248682304041</mytracks:speed><mytracks:gradient>0.04938346965025037</mytracks:gradient><mytracks:length>0.005209344701445845</mytracks:length></extensions></trkpt><trkpt lat="33.59501656602334" lon="130.352215329124"><ele>5.511816070342126</ele><time>2025-12-28T07:05:32.99400Z</time><extensions><mytracks:speed>3.769025618749466</mytracks:speed><mytracks:gradient>0.01209052420386504</mytracks:gradient><mytracks:length>0.00523351011472023</mytracks:length></extensions></trkpt><trkpt lat="33.59502323109549" lon="130.3522875055783"><ele>5.369303054624055</ele><time>2025-12-28T07:05:40.49100Z</time><extensions><mytracks:speed>3.229991786887323</mytracks:speed><mytracks:length>0.006726351776072327</mytracks:length></extensions></trkpt><trkpt lat="33.59505300192215" lon="130.3526485656278"><ele>4.600500350818038</ele><time>2025-12-28T07:06:18.00000Z</time><extensions><mytracks:speed>3.225366368045618</mytracks:speed><mytracks:length>0.03360548636863507</mytracks:length></extensions></trkpt><trkpt lat="33.59504811620973" lon="130.3527034888793"><ele>4.486467499310158</ele><time>2025-12-28T07:06:22.99900Z</time><extensions><mytracks:speed>3.684851659874765</mytracks:speed><mytracks:length>0.005116827618133432</mytracks:length></extensions></trkpt><trkpt lat="33.59504547075955" lon="130.3527568567554"><ele>4.489438018211677</ele><time>2025-12-28T07:06:27.99800Z</time><extensions><mytracks:speed>3.565941964351022</mytracks:speed><mytracks:gradient>0.0005999570352090138</mytracks:gradient><mytracks:length>0.004951219382708922</mytracks:length></extensions></trkpt><trkpt lat="33.59503330946001" lon="130.3528012029913"><ele>4.138260526808621</ele><time>2025-12-28T07:06:32.98800Z</time><extensions><mytracks:speed>3.118708092354377</mytracks:speed><mytracks:length>0.004323466456326517</mytracks:length></extensions></trkpt><trkpt lat="33.59503933873484" lon="130.3528440770103"><ele>3.907292616414509</ele><time>2025-12-28T07:06:38.00400Z</time><extensions><mytracks:speed>2.890742345456284</mytracks:speed><mytracks:length>0.004027763577943655</mytracks:length></extensions></trkpt><trkpt lat="33.59505637522997" lon="130.352879199317"><ele>4.332450951375368</ele><time>2025-12-28T07:06:43.00200Z</time><extensions><mytracks:speed>2.711487117429844</mytracks:speed><mytracks:gradient>0.1129527239852263</mytracks:gradient><mytracks:length>0.003764037908607397</mytracks:length></extensions></trkpt><trkpt lat="33.59505710153752" lon="130.3528816344477"><ele>4.089284664927657</ele><time>2025-12-28T07:06:47.99800Z</time><extensions><mytracks:speed>0.1529529054213164</mytracks:speed><mytracks:length>0.0002122817797161812</mytracks:length></extensions></trkpt><trkpt lat="33.59505677773463" lon="130.3528831458947"><ele>3.897737037001303</ele><time>2025-12-28T07:06:54.27500Z</time><extensions><mytracks:speed>0.07699727995973266</mytracks:speed><mytracks:length>0.0001342587859314529</mytracks:length></extensions></trkpt><trkpt lat="33.59505725090622" lon="130.3528931332137"><ele>3.755801399238408</ele><time>2025-12-28T07:07:12.00000Z</time><extensions><mytracks:speed>0.1879416567732478</mytracks:speed><mytracks:length>0.0009253148253377968</mytracks:length></extensions></trkpt><trkpt lat="33.59505682979823" lon="130.35298349464"><ele>3.768185431587729</ele><time>2025-12-28T07:07:21.28500Z</time><extensions><mytracks:speed>3.244568419122424</mytracks:speed><mytracks:gradient>0.001479775748314036</mytracks:gradient><mytracks:length>0.008368857486299142</mytracks:length></extensions></trkpt><trkpt lat="33.59505419605024" lon="130.3532746081982"><ele>3.659093455411494</ele><time>2025-12-28T07:07:50.99900Z</time><extensions><mytracks:speed>3.266941217502285</mytracks:speed><mytracks:length>0.02696496720734742</mytracks:length></extensions></trkpt><trkpt lat="33.5950351856665" lon="130.3533259620758"><ele>3.689549049662229</ele><time>2025-12-28T07:07:55.99900Z</time><extensions><mytracks:speed>3.748037074432271</mytracks:speed><mytracks:gradient>0.005851199042790837</mytracks:gradient><mytracks:length>0.005205017643051983</mytracks:length></extensions></trkpt><trkpt lat="33.59503950804164" lon="130.353384385114"><ele>3.694428342556194</ele><time>2025-12-28T07:08:00.99900Z</time><extensions><mytracks:speed>3.911233161649393</mytracks:speed><mytracks:gradient>0.0008982347101828737</mytracks:gradient><mytracks:length>0.005432091232559911</mytracks:length></extensions></trkpt><trkpt lat="33.59504412309002" lon="130.3534437663231"><ele>3.784102873154723</ele><time>2025-12-28T07:08:05.99800Z</time><extensions><mytracks:speed>3.976408663945516</mytracks:speed><mytracks:gradient>0.01624016342827036</mytracks:gradient><mytracks:length>0.005521775134505462</mytracks:length></extensions></trkpt><trkpt lat="33.59504223397184" lon="130.3534984925372"><ele>3.786372586042015</ele><time>2025-12-28T07:08:10.99900Z</time><extensions><mytracks:speed>3.651204325810893</mytracks:speed><mytracks:gradient>0.0004474455048920093</mytracks:gradient><mytracks:length>0.005072601830786476</mytracks:length></extensions></trkpt><trkpt lat="33.59504655889636" lon="130.3535544552645"><ele>4.083124601934088</ele><time>2025-12-28T07:08:16.00500Z</time><extensions><mytracks:speed>3.74361885427632</mytracks:speed><mytracks:gradient>0.05700320125728282</mytracks:gradient><mytracks:length>0.005205883342458062</mytracks:length></extensions></trkpt><trkpt lat="33.59505900527566" lon="130.3536130062271"><ele>4.588638866825041</ele><time>2025-12-28T07:08:21.00000Z</time><extensions><mytracks:speed>4.034918520587218</mytracks:speed><mytracks:gradient>0.09030324403739294</mytracks:gradient><mytracks:length>0.005597963509280222</mytracks:length></extensions></trkpt><trkpt lat="33.59507819846804" lon="130.353671558015"><ele>4.923197273377774</ele><time>2025-12-28T07:08:26.49900Z</time><extensions><mytracks:speed>3.815533894345825</mytracks:speed><mytracks:gradient>0.0574025466852798</mytracks:gradient><mytracks:length>0.005828285082663879</mytracks:length></extensions></trkpt><trkpt lat="33.59510820291725" lon="130.3537089615007"><ele>4.93899375943107</ele><time>2025-12-28T07:08:31.50200Z</time><extensions><mytracks:speed>3.46105283868695</mytracks:speed><mytracks:gradient>0.003284126190262546</mytracks:gradient><mytracks:length>0.004809951000096427</mytracks:length></extensions></trkpt><trkpt lat="33.59512265722678" lon="130.3537246386331"><ele>4.719888337311096</ele><time>2025-12-28T07:08:36.49700Z</time><extensions><mytracks:speed>1.558759560029889</mytracks:speed><mytracks:length>0.002162775278466294</mytracks:length></extensions></trkpt><trkpt lat="33.59514702970698" lon="130.3537586661962"><ele>4.31632822224787</ele><time>2025-12-28T07:08:41.99200Z</time><extensions><mytracks:speed>2.724014982509716</mytracks:speed><mytracks:length>0.004157689179604101</mytracks:length></extensions></trkpt><trkpt lat="33.59516225212592" lon="130.3538106581173"><ele>4.208483789770018</ele><time>2025-12-28T07:08:47.00300Z</time><extensions><mytracks:speed>3.666956564266489</mytracks:speed><mytracks:length>0.005104483022059582</mytracks:length></extensions></trkpt><trkpt lat="33.59517033063783" lon="130.3538680174402"><ele>4.027438027800527</ele><time>2025-12-28T07:08:52.00200Z</time><extensions><mytracks:speed>3.879497047138512</mytracks:speed><mytracks:length>0.005387107644706938</mytracks:length></extensions></trkpt><trkpt lat="33.59518499630889" lon="130.3539224835129"><ele>3.832884609377506</ele><time>2025-12-28T07:08:57.00000Z</time><extensions><mytracks:speed>3.81871136393907</mytracks:speed><mytracks:length>0.005301947282354904</mytracks:length></extensions></trkpt><trkpt lat="33.59520338624026" lon="130.3539816555714"><ele>3.837926177125072</ele><time>2025-12-28T07:09:01.99200Z</time><extensions><mytracks:speed>4.218976976257597</mytracks:speed><mytracks:gradient>0.00086170856469349</mytracks:gradient><mytracks:length>0.005850664544989677</mytracks:length></extensions></trkpt><trkpt lat="33.59522507255787" lon="130.3540353335306"><ele>4.132870996760064</ele><time>2025-12-28T07:09:06.99700Z</time><extensions><mytracks:speed>3.975824803845492</mytracks:speed><mytracks:gradient>0.05336755059038087</mytracks:gradient><mytracks:length>0.005526669603010676</mytracks:length></extensions></trkpt><trkpt lat="33.59525285713756" lon="130.3540815528162"><ele>4.173239881333628</ele><time>2025-12-28T07:09:12.00100Z</time><extensions><mytracks:speed>3.797255339011639</mytracks:speed><mytracks:gradient>0.007648381270297387</mytracks:gradient><mytracks:length>0.005278095213471759</mytracks:length></extensions></trkpt><trkpt lat="33.59526775143628" lon="130.3541397230252"><ele>4.273037457716064</ele><time>2025-12-28T07:09:17.00000Z</time><extensions><mytracks:speed>4.058765621457936</mytracks:speed><mytracks:gradient>0.01770568428580585</mytracks:gradient><mytracks:length>0.005636471020916182</mytracks:length></extensions></trkpt><trkpt lat="33.59528253208644" lon="130.3541938498055"><ele>4.291896071338595</ele><time>2025-12-28T07:09:22.00300Z</time><extensions><mytracks:speed>3.796141347692107</mytracks:speed><mytracks:gradient>0.003574731267932256</mytracks:gradient><mytracks:length>0.005275533238457873</mytracks:length></extensions></trkpt><trkpt lat="33.59529493507084" lon="130.3542502626261"><ele>4.125159134493836</ele><time>2025-12-28T07:09:27.00000Z</time><extensions><mytracks:speed>3.893063247054452</mytracks:speed><mytracks:length>0.005403811894547943</mytracks:length></extensions></trkpt><trkpt lat="33.59530988944298" lon="130.3543033647092"><ele>3.801672362009058</ele><time>2025-12-28T07:09:32.00500Z</time><extensions><mytracks:speed>3.734197690117813</mytracks:speed><mytracks:length>0.005191146818544445</mytracks:length></extensions></trkpt><trkpt lat="33.595327815998" lon="130.3543498137986"><ele>3.365290544026472</ele><time>2025-12-28T07:09:37.00600Z</time><extensions><mytracks:speed>3.412107033585965</mytracks:speed><mytracks:length>0.004740114769089079</mytracks:length></extensions></trkpt><trkpt lat="33.59534132972392" lon="130.3543873509145"><ele>3.292120637584445</ele><time>2025-12-28T07:09:41.99500Z</time><extensions><mytracks:speed>2.732529063166929</mytracks:speed><mytracks:length>0.003786716636168006</mytracks:length></extensions></trkpt><trkpt lat="33.59533619136131" lon="130.3544080325168"><ele>3.553253445625026</ele><time>2025-12-28T07:09:46.99800Z</time><extensions><mytracks:speed>1.437572465316117</mytracks:speed><mytracks:gradient>0.1306868403201578</mytracks:gradient><mytracks:length>0.001998156871807869</mytracks:length></extensions></trkpt><trkpt lat="33.59535430894643" lon="130.3544464587243"><ele>3.688231175202395</ele><time>2025-12-28T07:09:51.99800Z</time><extensions><mytracks:speed>2.945227095522836</mytracks:speed><mytracks:gradient>0.03300239173054417</mytracks:gradient><mytracks:length>0.004089937804490866</mytracks:length></extensions></trkpt><trkpt lat="33.59538533918881" lon="130.3544777138304"><ele>4.05269666704851</ele><time>2025-12-28T07:09:57.00100Z</time><extensions><mytracks:speed>3.240582712370506</mytracks:speed><mytracks:gradient>0.08091721923992581</mytracks:gradient><mytracks:length>0.004504177173531466</mytracks:length></extensions></trkpt><trkpt lat="33.59541867843352" lon="130.3545101323759"><ele>4.332115111447376</ele><time>2025-12-28T07:10:01.99500Z</time><extensions><mytracks:speed>3.438728130514433</mytracks:speed><mytracks:gradient>0.05857289117205932</mytracks:gradient><mytracks:length>0.004770439683062038</mytracks:length></extensions></trkpt><trkpt lat="33.59544092327869" lon="130.3545562761005"><ele>4.173313290944477</ele><time>2025-12-28T07:10:07.00100Z</time><extensions><mytracks:speed>3.551148317277001</mytracks:speed><mytracks:length>0.004937548249254289</mytracks:length></extensions></trkpt><trkpt lat="33.59546211030119" lon="130.3546024519226"><ele>4.166884524850559</ele><time>2025-12-28T07:10:12.00200Z</time><extensions><mytracks:speed>3.514453006948274</mytracks:speed><mytracks:length>0.004882480933472286</mytracks:length></extensions></trkpt><trkpt lat="33.59548766865151" lon="130.3546438773911"><ele>4.032895076465915</ele><time>2025-12-28T07:10:17.00300Z</time><extensions><mytracks:speed>3.437825118521893</mytracks:speed><mytracks:length>0.004775160554759653</mytracks:length></extensions></trkpt><trkpt lat="33.59550967438185" lon="130.3546885446216"><ele>3.673140087607552</ele><time>2025-12-28T07:10:22.00300Z</time><extensions><mytracks:speed>3.460981290053298</mytracks:speed><mytracks:length>0.004807139533124553</mytracks:length></extensions></trkpt><trkpt lat="33.59552739668504" lon="130.3547363516853"><ele>3.811336749420598</ele><time>2025-12-28T07:10:26.99800Z</time><extensions><mytracks:speed>3.493436682634512</mytracks:speed><mytracks:gradient>0.02851013798465095</mytracks:gradient><mytracks:length>0.004847281408720192</mytracks:length></extensions></trkpt><trkpt lat="33.59554923822252" lon="130.3547885141659"><ele>3.953098985823501</ele><time>2025-12-28T07:10:32.49600Z</time><extensions><mytracks:speed>3.540734888418885</mytracks:speed><mytracks:gradient>0.02621756873786628</mytracks:gradient><mytracks:length>0.005407146552004802</mytracks:length></extensions></trkpt><trkpt lat="33.59557763240833" lon="130.3548363957885"><ele>4.105397063486726</ele><time>2025-12-28T07:10:37.50000Z</time><extensions><mytracks:speed>3.916939520943514</mytracks:speed><mytracks:gradient>0.02797272443675952</mytracks:gradient><mytracks:length>0.005444520715439761</mytracks:length></extensions></trkpt><trkpt lat="33.59560462840951" lon="130.3548845404239"><ele>3.843103626024875</ele><time>2025-12-28T07:10:43.00000Z</time><extensions><mytracks:speed>3.51878463023381</mytracks:speed><mytracks:length>0.005376222050405033</mytracks:length></extensions></trkpt><trkpt lat="33.59563306014372" lon="130.3549312758038"><ele>3.78934046978629</ele><time>2025-12-28T07:10:47.99900Z</time><extensions><mytracks:speed>3.860232573864452</mytracks:speed><mytracks:length>0.005360272570500804</mytracks:length></extensions></trkpt><trkpt lat="33.595653160944" lon="130.354990166028"><ele>3.844197096292847</ele><time>2025-12-28T07:10:52.99600Z</time><extensions><mytracks:speed>4.245692391218927</mytracks:speed><mytracks:gradient>0.009307767436753938</mytracks:gradient><mytracks:length>0.005893639573539714</mytracks:length></extensions></trkpt><trkpt lat="33.59566342121679" lon="130.3550484589641"><ele>3.90408845895828</ele><time>2025-12-28T07:10:58.00500Z</time><extensions><mytracks:speed>3.967043273341315</mytracks:speed><mytracks:gradient>0.01085120895326114</mytracks:gradient><mytracks:length>0.005519326272620882</mytracks:length></extensions></trkpt><trkpt lat="33.59567544868997" lon="130.3551026050753"><ele>4.136530824753328</ele><time>2025-12-28T07:11:03.00000Z</time><extensions><mytracks:speed>3.740464372506536</mytracks:speed><mytracks:gradient>0.04478417845515249</mytracks:gradient><mytracks:length>0.005190278661197702</mytracks:length></extensions></trkpt><trkpt lat="33.59568192118986" lon="130.3551486632128"><ele>4.522637137367173</ele><time>2025-12-28T07:11:08.00000Z</time><extensions><mytracks:speed>3.114553899561496</mytracks:speed><mytracks:gradient>0.08926177316203698</mytracks:gradient><mytracks:length>0.004325550556932649</mytracks:length></extensions></trkpt><trkpt lat="33.59569217380667" lon="130.3551977498553"><ele>4.450676184693021</ele><time>2025-12-28T07:11:12.99700Z</time><extensions><mytracks:speed>3.376331510050975</mytracks:speed><mytracks:length>0.004686574038606699</mytracks:length></extensions></trkpt><trkpt lat="33.59570926788579" lon="130.3552467431299"><ele>4.428714320194945</ele><time>2025-12-28T07:11:18.00100Z</time><extensions><mytracks:speed>3.538746535568208</mytracks:speed><mytracks:length>0.004919260970686166</mytracks:length></extensions></trkpt><trkpt lat="33.59572711259793" lon="130.3552953349891"><ele>4.231822388502446</ele><time>2025-12-28T07:11:23.00100Z</time><extensions><mytracks:speed>3.542263144243806</mytracks:speed><mytracks:length>0.004919260970686166</mytracks:length></extensions></trkpt><trkpt lat="33.59572126367949" lon="130.3553539554559"><ele>4.485562355974317</ele><time>2025-12-28T07:11:27.99700Z</time><extensions><mytracks:speed>3.941389828596511</mytracks:speed><mytracks:gradient>0.04639354253846702</mytracks:gradient><mytracks:length>0.005469294940378471</mytracks:length></extensions></trkpt><trkpt lat="33.59571161218404" lon="130.3554042608668"><ele>4.172118493991281</ele><time>2025-12-28T07:11:33.00100Z</time><extensions><mytracks:speed>3.44074520204375</mytracks:speed><mytracks:length>0.00478270425702151</mytracks:length></extensions></trkpt><trkpt lat="33.5956967705871" lon="130.3554490509543"><ele>4.157355608938504</ele><time>2025-12-28T07:11:38.00200Z</time><extensions><mytracks:speed>3.214569004306048</mytracks:speed><mytracks:length>0.004465996977178322</mytracks:length></extensions></trkpt><trkpt lat="33.59568033015658" lon="130.3554962472528"><ele>4.268570872787631</ele><time>2025-12-28T07:11:43.00500Z</time><extensions><mytracks:speed>3.410044306214409</mytracks:speed><mytracks:gradient>0.02346727484224654</mytracks:gradient><mytracks:length>0.004739163988863069</mytracks:length></extensions></trkpt><trkpt lat="33.59566392913099" lon="130.3555480289985"><ele>4.670477276278848</ele><time>2025-12-28T07:11:48.00000Z</time><extensions><mytracks:speed>3.698320069969576</mytracks:speed><mytracks:gradient>0.07833059572237565</mytracks:gradient><mytracks:length>0.005130899360393982</mytracks:length></extensions></trkpt><trkpt lat="33.59564313967296" lon="130.3555981453746"><ele>4.790210254845836</ele><time>2025-12-28T07:11:53.00500Z</time><extensions><mytracks:speed>3.730085012251706</mytracks:speed><mytracks:gradient>0.02308801836770131</mytracks:gradient><mytracks:length>0.005185935694441721</mytracks:length></extensions></trkpt><trkpt lat="33.59564773145701" lon="130.3556410599949"><ele>4.782705157520678</ele><time>2025-12-28T07:11:57.99600Z</time><extensions><mytracks:speed>2.890580599032886</mytracks:speed><mytracks:length>0.004007574159689547</mytracks:length></extensions></trkpt><trkpt lat="33.59563461853246" lon="130.3556793283507"><ele>4.411589379707833</ele><time>2025-12-28T07:12:03.00600Z</time><extensions><mytracks:speed>2.753260935579323</mytracks:speed><mytracks:length>0.003831671422894652</mytracks:length></extensions></trkpt><trkpt lat="33.59562166976686" lon="130.3557219422208"><ele>4.332344356952093</ele><time>2025-12-28T07:12:08.00400Z</time><extensions><mytracks:speed>3.026509751098348</mytracks:speed><mytracks:length>0.004201892485177685</mytracks:length></extensions></trkpt><trkpt lat="33.59560532297374" lon="130.3557668728902"><ele>4.452591811325142</ele><time>2025-12-28T07:12:13.00300Z</time><extensions><mytracks:speed>3.269331654186657</mytracks:speed><mytracks:gradient>0.026485921714139</mytracks:gradient><mytracks:length>0.004540051717696409</mytracks:length></extensions></trkpt><trkpt lat="33.59559298797665" lon="130.3558195084506"><ele>4.737895630482903</ele><time>2025-12-28T07:12:17.99600Z</time><extensions><mytracks:speed>3.651068909756802</mytracks:speed><mytracks:gradient>0.05634283973849122</mytracks:gradient><mytracks:length>0.005063710322056285</mytracks:length></extensions></trkpt><trkpt lat="33.59558238926993" lon="130.355879271418"><ele>4.846781124095306</ele><time>2025-12-28T07:12:23.00000Z</time><extensions><mytracks:speed>4.071629192903366</mytracks:speed><mytracks:gradient>0.01924175597916004</mytracks:gradient><mytracks:length>0.005658812726360978</mytracks:length></extensions></trkpt><trkpt lat="33.59555983847669" lon="130.3559397266282"><ele>4.969055767329182</ele><time>2025-12-28T07:12:27.99700Z</time><extensions><mytracks:speed>4.419887785820495</mytracks:speed><mytracks:gradient>0.01992858433612693</mytracks:gradient><mytracks:length>0.006135641206195122</mytracks:length></extensions></trkpt><trkpt lat="33.59554265320879" lon="130.3559937007026"><ele>4.725156006941392</ele><time>2025-12-28T07:12:33.00100Z</time><extensions><mytracks:speed>3.850614796382483</mytracks:speed><mytracks:length>0.005351859015525759</mytracks:length></extensions></trkpt><trkpt lat="33.59554570254421" lon="130.3560529348254"><ele>4.706949983751008</ele><time>2025-12-28T07:12:38.50500Z</time><extensions><mytracks:speed>3.595568739072816</mytracks:speed><mytracks:length>0.005497237425475269</mytracks:length></extensions></trkpt><trkpt lat="33.59552819632537" lon="130.3560974659536"><ele>4.300080420543048</ele><time>2025-12-28T07:12:43.50100Z</time><extensions><mytracks:speed>3.285266316068594</mytracks:speed><mytracks:length>0.004559860065326129</mytracks:length></extensions></trkpt><trkpt lat="33.5954939055077" lon="130.3561399753598"><ele>4.181223845140375</ele><time>2025-12-28T07:12:48.99900Z</time><extensions><mytracks:speed>3.588824765077402</mytracks:speed><mytracks:length>0.005480817922176221</mytracks:length></extensions></trkpt><trkpt lat="33.59546936128296" lon="130.3561909974328"><ele>4.37308964680246</ele><time>2025-12-28T07:12:53.99900Z</time><extensions><mytracks:speed>3.92956433412901</mytracks:speed><mytracks:gradient>0.03515475882479559</mytracks:gradient><mytracks:length>0.005457747630080655</mytracks:length></extensions></trkpt><trkpt lat="33.59544122052676" lon="130.3562440728101"><ele>5.280189437817738</ele><time>2025-12-28T07:12:59.00400Z</time><extensions><mytracks:speed>4.191788939546729</mytracks:speed><mytracks:gradient>0.1556581634273216</mytracks:gradient><mytracks:length>0.005827511844175214</mytracks:length></extensions></trkpt><trkpt lat="33.59541851056951" lon="130.356300415598"><ele>5.70080276022277</ele><time>2025-12-28T07:13:03.99600Z</time><extensions><mytracks:speed>4.18047950893346</mytracks:speed><mytracks:gradient>0.07256335505457012</mytracks:gradient><mytracks:length>0.005796497723798966</mytracks:length></extensions></trkpt><trkpt lat="33.5953952695447" lon="130.3563493111446"><ele>6.601303705450101</ele><time>2025-12-28T07:13:09.00000Z</time><extensions><mytracks:speed>3.750431065367767</mytracks:speed><mytracks:gradient>0.1727192671461645</mytracks:gradient><mytracks:length>0.005213668168619995</mytracks:length></extensions></trkpt><trkpt lat="33.59537819752239" lon="130.3563708557263"><ele>7.643228745011664</ele><time>2025-12-28T07:13:13.98900Z</time><extensions><mytracks:speed>1.986569046084739</mytracks:speed><mytracks:gradient>0.3784519605439034</mytracks:gradient><mytracks:length>0.002753123641014121</mytracks:length></extensions></trkpt><trkpt lat="33.59536177565074" lon="130.35639127577"><ele>8.618949437843538</ele><time>2025-12-28T07:13:19.00200Z</time><extensions><mytracks:speed>1.888125268086276</mytracks:speed><mytracks:gradient>0.3711078283590233</mytracks:gradient><mytracks:length>0.002629210752967263</mytracks:length></extensions></trkpt><trkpt lat="33.59533596673646" lon="130.3564219593436"><ele>9.262871064452717</ele><time>2025-12-28T07:13:23.99700Z</time><extensions><mytracks:speed>2.910112304005056</mytracks:speed><mytracks:gradient>0.1594725762409819</mytracks:gradient><mytracks:length>0.004037820431496245</mytracks:length></extensions></trkpt><trkpt lat="33.59534524095484" lon="130.3564940693418"><ele>9.197276427441949</ele><time>2025-12-28T07:13:29.00300Z</time><extensions><mytracks:speed>4.860568010678288</mytracks:speed><mytracks:length>0.006758433127128383</mytracks:length></extensions></trkpt><trkpt lat="33.59535601923906" lon="130.3565625603061"><ele>9.175054579770476</ele><time>2025-12-28T07:13:34.00100Z</time><extensions><mytracks:speed>4.649718004744209</mytracks:speed><mytracks:length>0.006455600261688509</mytracks:length></extensions></trkpt><trkpt lat="33.59538243092761" lon="130.3566165577865"><ele>8.715651370565991</ele><time>2025-12-28T07:13:39.00000Z</time><extensions><mytracks:speed>4.175729222128716</mytracks:speed><mytracks:length>0.005798829536588076</mytracks:length></extensions></trkpt><trkpt lat="33.59540113216802" lon="130.3566707785141"><ele>8.174582128274587</ele><time>2025-12-28T07:13:43.99800Z</time><extensions><mytracks:speed>3.915140698933689</mytracks:speed><mytracks:length>0.005434579403344287</mytracks:length></extensions></trkpt><trkpt lat="33.59542120522301" lon="130.3567301927521"><ele>8.280469559192044</ele><time>2025-12-28T07:13:49.00600Z</time><extensions><mytracks:speed>4.26861225979136</mytracks:speed><mytracks:gradient>0.01783042806461532</mytracks:gradient><mytracks:length>0.005938580416226356</mytracks:length></extensions></trkpt><trkpt lat="33.59543845999228" lon="130.356795297147"><ele>8.450144621577028</ele><time>2025-12-28T07:13:54.00100Z</time><extensions><mytracks:speed>4.560593664687859</mytracks:speed><mytracks:gradient>0.0268164338112024</mytracks:gradient><mytracks:length>0.00632727914455588</mytracks:length></extensions></trkpt><trkpt lat="33.5954552061275" lon="130.3568555454188"><ele>8.531566389387535</ele><time>2025-12-28T07:13:58.99900Z</time><extensions><mytracks:speed>4.236833999685345</mytracks:speed><mytracks:gradient>0.01384035397024547</mytracks:gradient><mytracks:length>0.00588292524783333</mytracks:length></extensions></trkpt><trkpt lat="33.59547043148032" lon="130.3569237283276"><ele>8.795922827158115</ele><time>2025-12-28T07:14:04.00400Z</time><extensions><mytracks:speed>4.703301384504061</mytracks:speed><mytracks:gradient>0.04043296696177998</mytracks:gradient><mytracks:length>0.006538140968494048</mytracks:length></extensions></trkpt><trkpt lat="33.59548713513968" lon="130.3569828175253"><ele>8.373296774695969</ele><time>2025-12-28T07:14:09.00400Z</time><extensions><mytracks:speed>4.160275175171857</mytracks:speed><mytracks:length>0.005778589232123098</mytracks:length></extensions></trkpt><trkpt lat="33.59550181866265" lon="130.3570405146666"><ele>7.656569287008304</ele><time>2025-12-28T07:14:13.99600Z</time><extensions><mytracks:speed>4.029093294258797</mytracks:speed><mytracks:length>0.005587488721316072</mytracks:length></extensions></trkpt><trkpt lat="33.59552215149004" lon="130.35710193235"><ele>7.734480749631484</ele><time>2025-12-28T07:14:18.99400Z</time><extensions><mytracks:speed>4.409560665396835</mytracks:speed><mytracks:gradient>0.01272868758774516</mytracks:gradient><mytracks:length>0.006120934470745593</mytracks:length></extensions></trkpt><trkpt lat="33.59553828148698" lon="130.3571574938809"><ele>7.762659753060452</ele><time>2025-12-28T07:14:24.00100Z</time><extensions><mytracks:speed>3.917600109526743</mytracks:speed><mytracks:gradient>0.005170948383042114</mytracks:gradient><mytracks:length>0.005449484570640792</mytracks:length></extensions></trkpt><trkpt lat="33.5955573781234" lon="130.3572074900909"><ele>7.284644346548885</ele><time>2025-12-28T07:14:29.00000Z</time><extensions><mytracks:speed>3.667611323952163</mytracks:speed><mytracks:length>0.0050929933911302</mytracks:length></extensions></trkpt><trkpt lat="33.59557684695041" lon="130.3572675654866"><ele>7.744120444009535</ele><time>2025-12-28T07:14:33.99900Z</time><extensions><mytracks:speed>4.299260440323996</mytracks:speed><mytracks:gradient>0.07696918242185434</mytracks:gradient><mytracks:length>0.00596961125223267</mytracks:length></extensions></trkpt><trkpt lat="33.59559562376632" lon="130.3573215344501"><ele>7.690954334266507</ele><time>2025-12-28T07:14:39.00000Z</time><extensions><mytracks:speed>3.899901941599368</mytracks:speed><mytracks:length>0.005417138207989174</mytracks:length></extensions></trkpt><trkpt lat="33.59560888613502" lon="130.3573796970992"><ele>7.864204786911829</ele><time>2025-12-28T07:14:43.99800Z</time><extensions><mytracks:speed>4.022020164582315</mytracks:speed><mytracks:gradient>0.03102477286933117</mytracks:gradient><mytracks:length>0.005584261756726195</mytracks:length></extensions></trkpt><trkpt lat="33.59563507383783" lon="130.3574326329472"><ele>7.733400457478023</ele><time>2025-12-28T07:14:49.49900Z</time><extensions><mytracks:speed>3.731078582278407</mytracks:speed><mytracks:length>0.005701653080924803</mytracks:length></extensions></trkpt><trkpt lat="33.59568866045159" lon="130.3576307884224"><ele>8.073114342987537</ele><time>2025-12-28T07:15:06.00000Z</time><extensions><mytracks:speed>4.209919693416813</mytracks:speed><mytracks:gradient>0.01760525071963994</mytracks:gradient><mytracks:length>0.01929616856467364</mytracks:length></extensions></trkpt><trkpt lat="33.5957040257351" lon="130.3577014328062"><ele>8.704865617880854</ele><time>2025-12-28T07:15:10.99900Z</time><extensions><mytracks:speed>4.869112111634573</mytracks:speed><mytracks:gradient>0.0934299202269305</mytracks:gradient><mytracks:length>0.006761766181099861</mytracks:length></extensions></trkpt><trkpt lat="33.59572093540262" lon="130.3577655333818"><ele>8.553155335737639</ele><time>2025-12-28T07:15:16.00100Z</time><extensions><mytracks:speed>4.481859449099041</mytracks:speed><mytracks:length>0.006226771383401389</mytracks:length></extensions></trkpt><trkpt lat="33.59573398763276" lon="130.3578306495772"><ele>8.604856104137344</ele><time>2025-12-28T07:15:20.99500Z</time><extensions><mytracks:speed>4.471814852624361</mytracks:speed><mytracks:gradient>0.008334035431374532</mytracks:gradient><mytracks:length>0.006203569546281381</mytracks:length></extensions></trkpt><trkpt lat="33.59575508742464" lon="130.3578996863451"><ele>8.271590910679274</ele><time>2025-12-28T07:15:25.99500Z</time><extensions><mytracks:speed>4.90341027785297</mytracks:speed><mytracks:length>0.00681090467464184</mytracks:length></extensions></trkpt><trkpt lat="33.59578937910746" lon="130.3579571963547"><ele>7.987095704640503</ele><time>2025-12-28T07:15:30.99500Z</time><extensions><mytracks:speed>4.716852439536125</mytracks:speed><mytracks:length>0.006551223460476547</mytracks:length></extensions></trkpt><trkpt lat="33.59581710509759" lon="130.3580147172617"><ele>7.643669210103784</ele><time>2025-12-28T07:15:36.00200Z</time><extensions><mytracks:speed>4.42568796654361</mytracks:speed><mytracks:length>0.006154707425374241</mytracks:length></extensions></trkpt><trkpt lat="33.59584403446748" lon="130.3580764928336"><ele>7.024450765607747</ele><time>2025-12-28T07:15:40.99600Z</time><extensions><mytracks:speed>4.654154589621556</mytracks:speed><mytracks:length>0.006456996218081015</mytracks:length></extensions></trkpt><trkpt lat="33.59588012522435" lon="130.3581241600005"><ele>6.971516778731007</ele><time>2025-12-28T07:15:46.00200Z</time><extensions><mytracks:speed>4.290308062229939</mytracks:speed><mytracks:length>0.005965080237346647</mytracks:length></extensions></trkpt><trkpt lat="33.59591792526803" lon="130.3581757954744"><ele>6.722815611240352</ele><time>2025-12-28T07:15:51.00300Z</time><extensions><mytracks:speed>4.583323896105459</mytracks:speed><mytracks:length>0.006367038022340209</mytracks:length></extensions></trkpt><trkpt lat="33.59596195031914" lon="130.3582224293062"><ele>6.566386091825192</ele><time>2025-12-28T07:15:56.00200Z</time><extensions><mytracks:speed>4.701453967420656</mytracks:speed><mytracks:length>0.006528484462162851</mytracks:length></extensions></trkpt><trkpt lat="33.59599738469169" lon="130.3582679573867"><ele>6.418315679351706</ele><time>2025-12-28T07:16:01.00000Z</time><extensions><mytracks:speed>4.156025410310884</mytracks:speed><mytracks:length>0.005770004652927948</mytracks:length></extensions></trkpt><trkpt lat="33.59602225648131" lon="130.3583243700207"><ele>5.916710984039477</ele><time>2025-12-28T07:16:05.99900Z</time><extensions><mytracks:speed>4.256660193511077</mytracks:speed><mytracks:length>0.005911199520502668</mytracks:length></extensions></trkpt><trkpt lat="33.59604502611768" lon="130.3583787256437"><ele>5.637672499947259</ele><time>2025-12-28T07:16:11.00200Z</time><extensions><mytracks:speed>4.053818480753131</mytracks:speed><mytracks:length>0.005634072012073348</mytracks:length></extensions></trkpt><trkpt lat="33.59606466314249" lon="130.3584383716949"><ele>5.631012042937458</ele><time>2025-12-28T07:16:15.99700Z</time><extensions><mytracks:speed>4.281395621074175</mytracks:speed><mytracks:length>0.005940097876431582</mytracks:length></extensions></trkpt><trkpt lat="33.59608479905881" lon="130.3584950569794"><ele>5.390491551170014</ele><time>2025-12-28T07:16:20.99100Z</time><extensions><mytracks:speed>4.114165133208227</mytracks:speed><mytracks:length>0.005707182915486288</mytracks:length></extensions></trkpt><trkpt lat="33.59610955788049" lon="130.3585560672197"><ele>5.16405682561985</ele><time>2025-12-28T07:16:25.99700Z</time><extensions><mytracks:speed>4.520298811707824</mytracks:speed><mytracks:length>0.006285835198821065</mytracks:length></extensions></trkpt><trkpt lat="33.59614261270552" lon="130.3586002356626"><ele>5.296195676267344</ele><time>2025-12-28T07:16:30.99000Z</time><extensions><mytracks:speed>3.966299333765217</mytracks:speed><mytracks:gradient>0.02402299420493111</mytracks:gradient><mytracks:length>0.005500515444505682</mytracks:length></extensions></trkpt><trkpt lat="33.59615716362025" lon="130.3586544548219"><ele>5.278461798171254</ele><time>2025-12-28T07:16:36.00600Z</time><extensions><mytracks:speed>3.786069356354374</mytracks:speed><mytracks:length>0.005275533238457873</mytracks:length></extensions></trkpt><trkpt lat="33.59617827122878" lon="130.3587047526375"><ele>5.358764242634021</ele><time>2025-12-28T07:16:40.99200Z</time><extensions><mytracks:speed>3.766470338301729</mytracks:speed><mytracks:gradient>0.01539463836565858</mytracks:gradient><mytracks:length>0.005216260528854082</mytracks:length></extensions></trkpt><trkpt lat="33.5961914883521" lon="130.3587182605176"><ele>5.233412699834783</ele><time>2025-12-28T07:16:46.49100Z</time><extensions><mytracks:speed>1.261504031292558</mytracks:speed><mytracks:length>0.001926976089513385</mytracks:length></extensions></trkpt><trkpt lat="33.59621356567798" lon="130.358749836475"><ele>5.515014275668754</ele><time>2025-12-28T07:16:52.50000Z</time><extensions><mytracks:speed>2.286910871306238</mytracks:speed><mytracks:gradient>0.07376534076347173</mytracks:gradient><mytracks:length>0.003817532365734284</mytracks:length></extensions></trkpt><trkpt lat="33.59623062529171" lon="130.3588164997763"><ele>5.767189454350154</ele><time>2025-12-28T07:16:58.49900Z</time><extensions><mytracks:speed>3.876169198899419</mytracks:speed><mytracks:gradient>0.03904190757618339</mytracks:gradient><mytracks:length>0.006459089586986096</mytracks:length></extensions></trkpt><trkpt lat="33.59624836335735" lon="130.3588678418541"><ele>5.603425309462663</ele><time>2025-12-28T07:17:04.00400Z</time><extensions><mytracks:speed>3.366741858177273</mytracks:speed><mytracks:length>0.005148434952729738</mytracks:length></extensions></trkpt><trkpt lat="33.5962690183992" lon="130.3588985290167"><ele>5.194685108715516</ele><time>2025-12-28T07:17:09.00700Z</time><extensions><mytracks:speed>2.629195441668979</mytracks:speed><mytracks:length>0.003653467489200247</mytracks:length></extensions></trkpt><trkpt lat="33.59627341333473" lon="130.3589505760095"><ele>5.075595649967507</ele><time>2025-12-28T07:17:14.00200Z</time><extensions><mytracks:speed>3.491434153780923</mytracks:speed><mytracks:length>0.004844491606239475</mytracks:length></extensions></trkpt><trkpt lat="33.59629959827136" lon="130.3590102831163"><ele>5.456658987745746</ele><time>2025-12-28T07:17:19.00200Z</time><extensions><mytracks:speed>4.498866764457359</mytracks:speed><mytracks:gradient>0.06097827082855005</mytracks:gradient><mytracks:length>0.006249166016033115</mytracks:length></extensions></trkpt><trkpt lat="33.59632000770303" lon="130.3590665709876"><ele>5.465790527873352</ele><time>2025-12-28T07:17:23.99500Z</time><extensions><mytracks:speed>4.099593618773167</mytracks:speed><mytracks:gradient>0.001606018803519712</mytracks:gradient><mytracks:length>0.005685823919118618</mytracks:length></extensions></trkpt><trkpt lat="33.5963397021476" lon="130.3591270885006"><ele>5.354080301490535</ele><time>2025-12-28T07:17:28.99600Z</time><extensions><mytracks:speed>4.332272974847415</mytracks:speed><mytracks:length>0.006017729804002186</mytracks:length></extensions></trkpt><trkpt lat="33.59636221138622" lon="130.3591836045267"><ele>5.279127977701209</ele><time>2025-12-28T07:17:34.00500Z</time><extensions><mytracks:speed>4.170454132123277</mytracks:speed><mytracks:length>0.005802713808935071</mytracks:length></extensions></trkpt><trkpt lat="33.59639337353384" lon="130.3592353273053"><ele>5.152234616253271</ele><time>2025-12-28T07:17:39.00000Z</time><extensions><mytracks:speed>4.261031391164078</mytracks:speed><mytracks:length>0.005912724007831819</mytracks:length></extensions></trkpt><trkpt lat="33.59641844192899" lon="130.3592879328059"><ele>5.111336053046425</ele><time>2025-12-28T07:17:44.00100Z</time><extensions><mytracks:speed>4.041921657825314</mytracks:speed><mytracks:length>0.005614040404844878</mytracks:length></extensions></trkpt><trkpt lat="33.59644199846193" lon="130.3593519549387"><ele>5.118098194667578</ele><time>2025-12-28T07:17:48.99200Z</time><extensions><mytracks:speed>4.675779527069094</mytracks:speed><mytracks:gradient>0.001043094934823755</mytracks:gradient><mytracks:length>0.006482767191555521</mytracks:length></extensions></trkpt><trkpt lat="33.59646493663424" lon="130.3594195076004"><ele>5.469946479254699</ele><time>2025-12-28T07:17:53.99300Z</time><extensions><mytracks:speed>4.86349122172755</mytracks:speed><mytracks:gradient>0.05207604520586236</mytracks:gradient><mytracks:length>0.006756432505506633</mytracks:length></extensions></trkpt><trkpt lat="33.59648765946119" lon="130.359484366638"><ele>5.531678128939516</ele><time>2025-12-28T07:17:58.99400Z</time><extensions><mytracks:speed>4.6910617058564</mytracks:speed><mytracks:gradient>0.009472781594438661</mytracks:gradient><mytracks:length>0.006516739467640511</mytracks:length></extensions></trkpt><trkpt lat="33.59651100943786" lon="130.3595455196149"><ele>5.470460526154139</ele><time>2025-12-28T07:18:04.00500Z</time><extensions><mytracks:speed>4.47590383763628</mytracks:speed><mytracks:length>0.006230388865483913</mytracks:length></extensions></trkpt><trkpt lat="33.59653205173007" lon="130.359614607562"><ele>5.551784819430717</ele><time>2025-12-28T07:18:08.99900Z</time><extensions><mytracks:speed>4.912333691868088</mytracks:speed><mytracks:gradient>0.01193567006277993</mytracks:gradient><mytracks:length>0.006813550713853801</mytracks:length></extensions></trkpt><trkpt lat="33.59655034403781" lon="130.359672745639"><ele>5.600770156320881</ele><time>2025-12-28T07:18:13.99200Z</time><extensions><mytracks:speed>4.148856415670512</mytracks:speed><mytracks:gradient>0.008511570675974007</mytracks:gradient><mytracks:length>0.005755146582808484</mytracks:length></extensions></trkpt><trkpt lat="33.596564700156" lon="130.3597352774503"><ele>5.974485443177413</ele><time>2025-12-28T07:18:18.99500Z</time><extensions><mytracks:speed>4.322663667613265</mytracks:speed><mytracks:gradient>0.06221861654806679</mytracks:gradient><mytracks:length>0.006006486604661477</mytracks:length></extensions></trkpt><trkpt lat="33.59658656095564" lon="130.3597980327924"><ele>5.735727102196129</ele><time>2025-12-28T07:18:24.00400Z</time><extensions><mytracks:speed>4.527334821411153</mytracks:speed><mytracks:length>0.006300157010958994</mytracks:length></extensions></trkpt><trkpt lat="33.59661581424844" lon="130.3598549975474"><ele>5.390083312066587</ele><time>2025-12-28T07:18:28.99600Z</time><extensions><mytracks:speed>4.470300922603111</mytracks:speed><mytracks:length>0.006198482567528162</mytracks:length></extensions></trkpt><trkpt lat="33.59664127609317" lon="130.3599119185895"><ele>5.562408711911147</ele><time>2025-12-28T07:18:34.00400Z</time><extensions><mytracks:speed>4.300862193327012</mytracks:speed><mytracks:gradient>0.02880162271829353</mytracks:gradient><mytracks:length>0.005983183709128528</mytracks:length></extensions></trkpt><trkpt lat="33.59666154880203" lon="130.3599660165116"><ele>5.682306327502713</ele><time>2025-12-28T07:18:38.99100Z</time><extensions><mytracks:speed>3.966455801851847</mytracks:speed><mytracks:gradient>0.02182354280497449</mytracks:gradient><mytracks:length>0.005493957450585724</mytracks:length></extensions></trkpt><trkpt lat="33.59668486281645" lon="130.3600236743314"><ele>6.121546268487041</ele><time>2025-12-28T07:18:43.99400Z</time><extensions><mytracks:speed>4.270648399079152</mytracks:speed><mytracks:gradient>0.07400162755393057</mytracks:gradient><mytracks:length>0.005935544331970541</mytracks:length></extensions></trkpt><trkpt lat="33.59670477557826" lon="130.3600808049715"><ele>5.4336955226329</ele><time>2025-12-28T07:18:49.00400Z</time><extensions><mytracks:speed>4.12202738447066</mytracks:speed><mytracks:length>0.005736323485510095</mytracks:length></extensions></trkpt><trkpt lat="33.59673615157345" lon="130.3601325599173"><ele>5.297451409707548</ele><time>2025-12-28T07:18:54.50300Z</time><extensions><mytracks:speed>3.881977854401946</mytracks:speed><mytracks:length>0.005929467499732877</mytracks:length></extensions></trkpt><trkpt lat="33.59676479280782" lon="130.360182814363"><ele>4.842324372655058</ele><time>2025-12-28T07:18:59.50000Z</time><extensions><mytracks:speed>4.062414758306455</mytracks:speed><mytracks:length>0.005639668111939521</mytracks:length></extensions></trkpt><trkpt lat="33.5967978135576" lon="130.3602351526128"><ele>4.789891880487149</ele><time>2025-12-28T07:19:05.00200Z</time><extensions><mytracks:speed>3.978910485965049</mytracks:speed><mytracks:length>0.006080307533436725</mytracks:length></extensions></trkpt><trkpt lat="33.59682506720834" lon="130.3602878823218"><ele>4.686234496875447</ele><time>2025-12-28T07:19:10.00800Z</time><extensions><mytracks:speed>4.133115366640586</mytracks:speed><mytracks:length>0.005747311117523846</mytracks:length></extensions></trkpt><trkpt lat="33.59684757522143" lon="130.3603522987669"><ele>4.765449159655734</ele><time>2025-12-28T07:19:14.99100Z</time><extensions><mytracks:speed>4.673786194357723</mytracks:speed><mytracks:gradient>0.0122442377656965</mytracks:gradient><mytracks:length>0.006469546271162348</mytracks:length></extensions></trkpt><trkpt lat="33.59687766547285" lon="130.3604095969218"><ele>4.621212732217483</ele><time>2025-12-28T07:19:19.99700Z</time><extensions><mytracks:speed>4.510693126267491</mytracks:speed><mytracks:length>0.006272917610836265</mytracks:length></extensions></trkpt><trkpt lat="33.59690347450128" lon="130.3604695117117"><ele>4.85154352577962</ele><time>2025-12-28T07:19:25.00000Z</time><extensions><mytracks:speed>4.495543565935031</mytracks:speed><mytracks:gradient>0.03687061128206411</mytracks:gradient><mytracks:length>0.006247002302188107</mytracks:length></extensions></trkpt><trkpt lat="33.59692767820798" lon="130.3605296939093"><ele>5.213627040926121</ele><time>2025-12-28T07:19:29.99700Z</time><extensions><mytracks:speed>4.458627218401627</mytracks:speed><mytracks:gradient>0.05850413599704268</mytracks:gradient><mytracks:length>0.00618902422838624</mytracks:length></extensions></trkpt><trkpt lat="33.5969598266873" lon="130.3605914776113"><ele>4.878517655495121</ele><time>2025-12-28T07:19:34.99900Z</time><extensions><mytracks:speed>4.855271614906912</mytracks:speed><mytracks:length>0.006746420498269301</mytracks:length></extensions></trkpt><trkpt lat="33.59698799801486" lon="130.3606455127609"><ele>5.048024364930738</ele><time>2025-12-28T07:19:40.00200Z</time><extensions><mytracks:speed>4.248011283289778</mytracks:speed><mytracks:gradient>0.02871257147609923</mytracks:gradient><mytracks:length>0.005903571178802879</mytracks:length></extensions></trkpt><trkpt lat="33.5970083061538" lon="130.3607100505795"><ele>3.893373340704061</ele><time>2025-12-28T07:19:45.00200Z</time><extensions><mytracks:speed>4.601101294291325</mytracks:speed><mytracks:length>0.006389646306605912</mytracks:length></extensions></trkpt><trkpt lat="33.59702593694112" lon="130.3607788705072"><ele>4.417084454730311</ele><time>2025-12-28T07:19:50.00100Z</time><extensions><mytracks:speed>4.80226410388673</mytracks:speed><mytracks:gradient>0.0785272690350753</mytracks:gradient><mytracks:length>0.006669162450973902</mytracks:length></extensions></trkpt><trkpt lat="33.59705091617275" lon="130.3608298214461"><ele>4.74791497546178</ele><time>2025-12-28T07:19:55.00600Z</time><extensions><mytracks:speed>3.938893888634712</mytracks:speed><mytracks:gradient>0.06041592793688929</mytracks:gradient><mytracks:length>0.005475882470547437</mytracks:length></extensions></trkpt><trkpt lat="33.59707711324302" lon="130.3608927560821"><ele>5.358873347006099</ele><time>2025-12-28T07:19:59.99800Z</time><extensions><mytracks:speed>4.699545598202207</mytracks:speed><mytracks:gradient>0.09375215544185707</mytracks:gradient><mytracks:length>0.006516739467640511</mytracks:length></extensions></trkpt><trkpt lat="33.59710296556965" lon="130.360955428413"><ele>5.093138768775248</ele><time>2025-12-28T07:20:05.00900Z</time><extensions><mytracks:speed>4.653785785566008</mytracks:speed><mytracks:length>0.006477899465437032</mytracks:length></extensions></trkpt><trkpt lat="33.59713436817292" lon="130.3610064415222"><ele>5.240919095218963</ele><time>2025-12-28T07:20:10.00700Z</time><extensions><mytracks:speed>4.23120071358434</mytracks:speed><mytracks:gradient>0.02515626845073008</mytracks:gradient><mytracks:length>0.005874493140075662</mytracks:length></extensions></trkpt><trkpt lat="33.5971649330865" lon="130.3610635931839"><ele>5.647070424439305</ele><time>2025-12-28T07:20:14.99400Z</time><extensions><mytracks:speed>4.540406831119927</mytracks:speed><mytracks:gradient>0.06457692642097038</mytracks:gradient><mytracks:length>0.006289418709287634</mytracks:length></extensions></trkpt><trkpt lat="33.59718809146113" lon="130.3611237289146"><ele>5.801492597187944</ele><time>2025-12-28T07:20:19.99300Z</time><extensions><mytracks:speed>4.418941209976689</mytracks:speed><mytracks:gradient>0.02516504568303832</mytracks:gradient><mytracks:length>0.006136375617737186</mytracks:length></extensions></trkpt><trkpt lat="33.59721068047735" lon="130.361183573502"><ele>4.877874836165694</ele><time>2025-12-28T07:20:24.99600Z</time><extensions><mytracks:speed>4.378687728045485</mytracks:speed><mytracks:length>0.0060854932977341</mytracks:length></extensions></trkpt><trkpt lat="33.59724043078189" lon="130.3612328575933"><ele>5.01267333444321</ele><time>2025-12-28T07:20:30.00600Z</time><extensions><mytracks:speed>4.051225954770647</mytracks:speed><mytracks:gradient>0.02391201542422565</mytracks:gradient><mytracks:length>0.005637270463657726</mytracks:length></extensions></trkpt><trkpt lat="33.59727040318988" lon="130.3612988404855"><ele>5.067744587809276</ele><time>2025-12-28T07:20:35.00000Z</time><extensions><mytracks:speed>5.017285115529885</mytracks:speed><mytracks:gradient>0.007911659953983722</mytracks:gradient><mytracks:length>0.006960771024838712</mytracks:length></extensions></trkpt><trkpt lat="33.59730163295189" lon="130.3613566612343"><ele>5.258702973180386</ele><time>2025-12-28T07:20:39.99300Z</time><extensions><mytracks:speed>4.602368930741855</mytracks:speed><mytracks:gradient>0.02991863659492143</mytracks:gradient><mytracks:length>0.00638258982040391</mytracks:length></extensions></trkpt><trkpt lat="33.59733493439705" lon="130.3614127475239"><ele>5.043697734789793</ele><time>2025-12-28T07:20:44.99700Z</time><extensions><mytracks:speed>4.588111734587311</mytracks:speed><mytracks:length>0.006378352181459115</mytracks:length></extensions></trkpt><trkpt lat="33.59736256172576" lon="130.3614787827867"><ele>5.132944215614089</ele><time>2025-12-28T07:20:50.00300Z</time><extensions><mytracks:speed>4.922464906708193</mytracks:speed><mytracks:gradient>0.0130390288000547</mytracks:gradient><mytracks:length>0.00684456505103522</mytracks:length></extensions></trkpt><trkpt lat="33.59738953183594" lon="130.3615418071599"><ele>5.344170852409209</ele><time>2025-12-28T07:20:54.99900Z</time><extensions><mytracks:speed>4.72917435273573</mytracks:speed><mytracks:gradient>0.03218492126704961</mytracks:gradient><mytracks:length>0.006562906742648148</mytracks:length></extensions></trkpt><trkpt lat="33.59742121045125" lon="130.3616055893463"><ele>5.368737165980964</ele><time>2025-12-28T07:21:00.49800Z</time><extensions><mytracks:speed>4.503218837649253</mytracks:speed><mytracks:gradient>0.003571691882983156</mytracks:gradient><mytracks:length>0.006878060699691987</mytracks:length></extensions></trkpt><trkpt lat="33.59744923987628" lon="130.3616740583046"><ele>5.12261170409245</ele><time>2025-12-28T07:21:06.00100Z</time><extensions><mytracks:speed>4.621482642067857</mytracks:speed><mytracks:length>0.00706550812897538</mytracks:length></extensions></trkpt><trkpt lat="33.59748358662645" lon="130.3617450972277"><ele>5.296756627570094</ele><time>2025-12-28T07:21:11.50400Z</time><extensions><mytracks:speed>4.97768721841128</mytracks:speed><mytracks:gradient>0.022890113724018</mytracks:gradient><mytracks:length>0.00760786624205008</mytracks:length></extensions></trkpt><trkpt lat="33.59752672356496" lon="130.3618015048775"><ele>5.135894189035764</ele><time>2025-12-28T07:21:17.00000Z</time><extensions><mytracks:speed>4.645162485299736</mytracks:speed><mytracks:length>0.007092244988310316</mytracks:length></extensions></trkpt><trkpt lat="33.59755714145511" lon="130.3618538917984"><ele>4.988589146143876</ele><time>2025-12-28T07:21:21.99800Z</time><extensions><mytracks:speed>4.259505783748001</mytracks:speed><mytracks:length>0.005913486104117491</mytracks:length></extensions></trkpt><trkpt lat="33.59756520613301" lon="130.3619203680499"><ele>4.633979539872484</ele><time>2025-12-28T07:21:26.99500Z</time><extensions><mytracks:speed>4.482696988069702</mytracks:speed><mytracks:length>0.006222427628855724</mytracks:length></extensions></trkpt><trkpt lat="33.59757162543153" lon="130.3619848794399"><ele>4.238582042589481</ele><time>2025-12-28T07:21:32.00000Z</time><extensions><mytracks:speed>4.328969370342421</mytracks:speed><mytracks:length>0.006017729804002186</mytracks:length></extensions></trkpt><trkpt lat="33.59753894805596" lon="130.3620405514786"><ele>4.960370880730985</ele><time>2025-12-28T07:21:37.00000Z</time><extensions><mytracks:speed>4.541646409451189</mytracks:speed><mytracks:gradient>0.1144239906121934</mytracks:gradient><mytracks:length>0.006308020147521297</mytracks:length></extensions></trkpt><trkpt lat="33.59749789877847" lon="130.362081911928"><ele>5.337066774304231</ele><time>2025-12-28T07:21:42.00100Z</time><extensions><mytracks:speed>4.289196406255146</mytracks:speed><mytracks:gradient>0.06321425982845817</mytracks:gradient><mytracks:length>0.005959033524958923</mytracks:length></extensions></trkpt><trkpt lat="33.5974538342311" lon="130.3621206191333"><ele>5.432605665574236</ele><time>2025-12-28T07:21:47.00700Z</time><extensions><mytracks:speed>4.366437535757081</mytracks:speed><mytracks:gradient>0.01573587239527483</mytracks:gradient><mytracks:length>0.006071407346865194</mytracks:length></extensions></trkpt><trkpt lat="33.59741467045223" lon="130.3621591301933"><ele>5.531795391598824</ele><time>2025-12-28T07:21:51.99600Z</time><extensions><mytracks:speed>4.062218173235415</mytracks:speed><mytracks:gradient>0.01762035036266601</mytracks:gradient><mytracks:length>0.005629270927254154</mytracks:length></extensions></trkpt><trkpt lat="33.59736632473657" lon="130.3622099722601"><ele>6.363106907112205</ele><time>2025-12-28T07:21:56.98500Z</time><extensions><mytracks:speed>5.156705278407681</mytracks:speed><mytracks:gradient>0.1163213603060211</mytracks:gradient><mytracks:length>0.007146679795751578</mytracks:length></extensions></trkpt><trkpt lat="33.59732866993259" lon="130.3622646935123"><ele>6.87931836793868</ele><time>2025-12-28T07:22:02.00400Z</time><extensions><mytracks:speed>4.714998962245835</mytracks:speed><mytracks:gradient>0.07853276885267919</mytracks:gradient><mytracks:length>0.006573198275930443</mytracks:length></extensions></trkpt><trkpt lat="33.59728814047712" lon="130.3623068249173"><ele>6.539145199618412</ele><time>2025-12-28T07:22:06.98400Z</time><extensions><mytracks:speed>4.309904977114432</mytracks:speed><mytracks:length>0.005962057647723976</mytracks:length></extensions></trkpt><trkpt lat="33.59726015703296" lon="130.3623849895886"><ele>6.027082598686297</ele><time>2025-12-28T07:22:12.92400Z</time><extensions><mytracks:speed>4.775514952949461</mytracks:speed><mytracks:length>0.007880201609811552</mytracks:length></extensions></trkpt><trkpt lat="33.59721001333934" lon="130.362441222476"><ele>4.790405766479819</ele><time>2025-12-28T07:22:17.99600Z</time><extensions><mytracks:speed>5.415598876620178</mytracks:speed><mytracks:length>0.007630341523635836</mytracks:length></extensions></trkpt><trkpt lat="33.59716439114946" lon="130.3624935401448"><ele>4.58336759594109</ele><time>2025-12-28T07:22:23.01200Z</time><extensions><mytracks:speed>5.035409166796063</mytracks:speed><mytracks:length>0.007015583630620143</mytracks:length></extensions></trkpt><trkpt lat="33.59712786135132" lon="130.3625445530307"><ele>5.292363829650948</ele><time>2025-12-28T07:22:28.02000Z</time><extensions><mytracks:speed>4.478464572008418</mytracks:speed><mytracks:gradient>0.1137964658414287</mytracks:gradient><mytracks:length>0.006230388865483913</mytracks:length></extensions></trkpt><trkpt lat="33.59709057909821" lon="130.3625941158427"><ele>5.818394663912632</ele><time>2025-12-28T07:22:33.01200Z</time><extensions><mytracks:speed>4.460200865681474</mytracks:speed><mytracks:gradient>0.08505420634022211</mytracks:gradient><mytracks:length>0.006184653962409903</mytracks:length></extensions></trkpt><trkpt lat="33.59705242728552" lon="130.3626337381167"><ele>5.880279172668573</ele><time>2025-12-28T07:22:38.00600Z</time><extensions><mytracks:speed>4.044086725141701</mytracks:speed><mytracks:gradient>0.01103105658849552</mytracks:gradient><mytracks:length>0.005610025500230045</mytracks:length></extensions></trkpt><trkpt lat="33.59701814597415" lon="130.3626713648237"><ele>6.035813445157644</ele><time>2025-12-28T07:22:43.01000Z</time><extensions><mytracks:speed>3.716145448604205</mytracks:speed><mytracks:gradient>0.03011289631482338</mytracks:gradient><mytracks:length>0.005165038622090571</mytracks:length></extensions></trkpt><trkpt lat="33.59698208681563" lon="130.3627092829758"><ele>6.4146550633519</ele><time>2025-12-28T07:22:47.99900Z</time><extensions><mytracks:speed>3.844960381042319</mytracks:speed><mytracks:gradient>0.07108954974820172</mytracks:gradient><mytracks:length>0.005329076067243475</mytracks:length></extensions></trkpt><trkpt lat="33.59694509284603" lon="130.3627478066373"><ele>6.780643876922875</ele><time>2025-12-28T07:22:53.00000Z</time><extensions><mytracks:speed>3.919809797509116</mytracks:speed><mytracks:gradient>0.06721127663373883</mytracks:gradient><mytracks:length>0.005445348338871682</mytracks:length></extensions></trkpt><trkpt lat="33.59691295256405" lon="130.3627903681517"><ele>6.707906286688991</ele><time>2025-12-28T07:22:58.00000Z</time><extensions><mytracks:speed>3.831472714910984</mytracks:speed><mytracks:length>0.005320613181059889</mytracks:length></extensions></trkpt><trkpt lat="33.59688151056099" lon="130.3628320917952"><ele>6.524068790828224</ele><time>2025-12-28T07:23:02.99300Z</time><extensions><mytracks:speed>3.756869321693157</mytracks:speed><mytracks:length>0.005211074518761144</mytracks:length></extensions></trkpt><trkpt lat="33.59685199186708" lon="130.3628711542447"><ele>6.544331921910136</ele><time>2025-12-28T07:23:08.00900Z</time><extensions><mytracks:speed>3.5069965811176</mytracks:speed><mytracks:gradient>0.004147036491478948</mytracks:gradient><mytracks:length>0.004886171395778087</mytracks:length></extensions></trkpt><trkpt lat="33.59681529263663" lon="130.3629099901152"><ele>6.910672005938867</ele><time>2025-12-28T07:23:13.50700Z</time><extensions><mytracks:speed>3.561984052980792</mytracks:speed><mytracks:gradient>0.06733721472345208</mytracks:gradient><mytracks:length>0.005440380709734679</mytracks:length></extensions></trkpt><trkpt lat="33.59678278270651" lon="130.3629508164876"><ele>7.017580479677362</ele><time>2025-12-28T07:23:19.00300Z</time><extensions><mytracks:speed>3.427325954648449</mytracks:speed><mytracks:gradient>0.02043440589595799</mytracks:gradient><mytracks:length>0.005231787715425691</mytracks:length></extensions></trkpt><trkpt lat="33.59675012250619" lon="130.3629875271387"><ele>7.019696213908483</ele><time>2025-12-28T07:23:23.99900Z</time><extensions><mytracks:speed>3.585296293388864</mytracks:speed><mytracks:gradient>0.0004252105830938489</mytracks:gradient><mytracks:length>0.004975732766870591</mytracks:length></extensions></trkpt><trkpt lat="33.59671992342858" lon="130.3630234140369"><ele>6.981048256639792</ele><time>2025-12-28T07:23:29.00100Z</time><extensions><mytracks:speed>3.400646843057814</mytracks:speed><mytracks:length>0.004724879326642967</mytracks:length></extensions></trkpt><trkpt lat="33.59668986409331" lon="130.3630593346105"><ele>7.094200463291576</ele><time>2025-12-28T07:23:34.00300Z</time><extensions><mytracks:speed>3.393114681453572</mytracks:speed><mytracks:gradient>0.02399665652269739</mytracks:gradient><mytracks:length>0.004715332177412229</mytracks:length></extensions></trkpt><trkpt lat="33.59666149018604" lon="130.3630977412496"><ele>6.957828056831289</ele><time>2025-12-28T07:23:39.00500Z</time><extensions><mytracks:speed>3.421672388818032</mytracks:speed><mytracks:length>0.004753405723829487</mytracks:length></extensions></trkpt><trkpt lat="33.59663008631603" lon="130.3631344339425"><ele>6.662634022555793</ele><time>2025-12-28T07:23:44.00400Z</time><extensions><mytracks:speed>3.508622137704061</mytracks:speed><mytracks:length>0.00487231774896933</mytracks:length></extensions></trkpt><trkpt lat="33.59659897650109" lon="130.3631710004298"><ele>6.300990290214499</ele><time>2025-12-28T07:23:48.99700Z</time><extensions><mytracks:speed>3.490263343129312</mytracks:speed><mytracks:length>0.004840769368574084</mytracks:length></extensions></trkpt><trkpt lat="33.5965695716778" lon="130.3632130851419"><ele>6.516581111504077</ele><time>2025-12-28T07:23:53.99600Z</time><extensions><mytracks:speed>3.663990346832419</mytracks:speed><mytracks:gradient>0.04237506050880861</mytracks:gradient><mytracks:length>0.00508768173309775</mytracks:length></extensions></trkpt><trkpt lat="33.59654115864173" lon="130.3632527714055"><ele>6.508770049827959</ele><time>2025-12-28T07:23:58.99500Z</time><extensions><mytracks:speed>3.490385386223677</mytracks:speed><mytracks:length>0.004847281408720192</mytracks:length></extensions></trkpt><trkpt lat="33.59651313719137" lon="130.3632868106768"><ele>6.115900381105198</ele><time>2025-12-28T07:24:04.00700Z</time><extensions><mytracks:speed>3.183021732328842</mytracks:speed><mytracks:length>0.004431556931031068</mytracks:length></extensions></trkpt><trkpt lat="33.5964838484195" lon="130.3633223518184"><ele>5.981437120130034</ele><time>2025-12-28T07:24:09.00000Z</time><extensions><mytracks:speed>3.339303195256413</mytracks:speed><mytracks:length>0.004631441644212773</mytracks:length></extensions></trkpt><trkpt lat="33.59645261910499" lon="130.3633577959602"><ele>5.686323318620187</ele><time>2025-12-28T07:24:14.00500Z</time><extensions><mytracks:speed>3.438157628832202</mytracks:speed><mytracks:length>0.004779876763864523</mytracks:length></extensions></trkpt><trkpt lat="33.59642126360287" lon="130.3633919858031"><ele>5.517245466647696</ele><time>2025-12-28T07:24:18.99400Z</time><extensions><mytracks:speed>3.399293696470202</mytracks:speed><mytracks:length>0.004710551346640824</mytracks:length></extensions></trkpt><trkpt lat="33.59639146686897" lon="130.3634275280071"><ele>5.252265144541302</ele><time>2025-12-28T07:24:24.00200Z</time><extensions><mytracks:speed>3.358073454075236</mytracks:speed><mytracks:length>0.004671163971275681</mytracks:length></extensions></trkpt><trkpt lat="33.59635608216148" lon="130.3634630445589"><ele>5.319756534521447</ele><time>2025-12-28T07:24:29.00100Z</time><extensions><mytracks:speed>3.69330092216662</mytracks:speed><mytracks:gradient>0.013158415842291</mytracks:gradient><mytracks:length>0.005129142503858864</mytracks:length></extensions></trkpt><trkpt lat="33.59631981263787" lon="130.3635012910037"><ele>5.467072533185965</ele><time>2025-12-28T07:24:34.00100Z</time><extensions><mytracks:speed>3.864990686958502</mytracks:speed><mytracks:gradient>0.02744421912655261</mytracks:gradient><mytracks:length>0.005367833494740904</mytracks:length></extensions></trkpt><trkpt lat="33.59628975513489" lon="130.363537446479"><ele>5.39872076638403</ele><time>2025-12-28T07:24:38.99800Z</time><extensions><mytracks:speed>3.407880404278789</mytracks:speed><mytracks:length>0.004730598367663172</mytracks:length></extensions></trkpt><trkpt lat="33.59625831461585" lon="130.3635769579479"><ele>5.739590951189383</ele><time>2025-12-28T07:24:43.99500Z</time><extensions><mytracks:speed>3.646361930413868</mytracks:speed><mytracks:gradient>0.06735180846320384</mytracks:gradient><mytracks:length>0.005061039823326791</mytracks:length></extensions></trkpt><trkpt lat="33.59622946810475" lon="130.3636133569519"><ele>5.432109619152696</ele><time>2025-12-28T07:24:48.99800Z</time><extensions><mytracks:speed>3.348852289602346</mytracks:speed><mytracks:length>0.004653766652094397</mytracks:length></extensions></trkpt><trkpt lat="33.59619958536177" lon="130.3636457524863"><ele>5.452796971964995</ele><time>2025-12-28T07:24:54.00300Z</time><extensions><mytracks:speed>3.220707317788691</mytracks:speed><mytracks:gradient>0.004619683214526345</mytracks:gradient><mytracks:length>0.004478089048887332</mytracks:length></extensions></trkpt><trkpt lat="33.59617829196898" lon="130.3636869673821"><ele>5.339315855975184</ele><time>2025-12-28T07:24:58.99800Z</time><extensions><mytracks:speed>3.236707677930207</mytracks:speed><mytracks:length>0.004491152053778994</mytracks:length></extensions></trkpt><trkpt lat="33.59615535207604" lon="130.3637280970603"><ele>5.565660950230201</ele><time>2025-12-28T07:25:03.99900Z</time><extensions><mytracks:speed>3.29949329734932</mytracks:speed><mytracks:gradient>0.04938240439052208</mytracks:gradient><mytracks:length>0.004583517085661782</mytracks:length></extensions></trkpt><trkpt lat="33.59612895297683" lon="130.3637648120071"><ele>5.768762237323998</ele><time>2025-12-28T07:25:08.99300Z</time><extensions><mytracks:speed>3.23834210399202</mytracks:speed><mytracks:gradient>0.04521243641726897</mytracks:gradient><mytracks:length>0.004492155326896341</mytracks:length></extensions></trkpt><trkpt lat="33.59609797955052" lon="130.363797175516"><ele>5.920484541504557</ele><time>2025-12-28T07:25:14.50000Z</time><extensions><mytracks:speed>2.984901983296962</mytracks:speed><mytracks:gradient>0.03323027194685502</mytracks:gradient><mytracks:length>0.004565785811900879</mytracks:length></extensions></trkpt><trkpt lat="33.59607046383012" lon="130.3638320937651"><ele>6.228658692759609</ele><time>2025-12-28T07:25:19.50400Z</time><extensions><mytracks:speed>3.202477435732701</mytracks:speed><mytracks:gradient>0.06922387015052618</mytracks:gradient><mytracks:length>0.004451848048728459</mytracks:length></extensions></trkpt><trkpt lat="33.59603898838291" lon="130.3638659433762"><ele>6.383892551402647</ele><time>2025-12-28T07:25:24.99300Z</time><extensions><mytracks:speed>3.082464024963457</mytracks:speed><mytracks:gradient>0.03302836530675652</mytracks:gradient><mytracks:length>0.004700016401092749</mytracks:length></extensions></trkpt><trkpt lat="33.59600797666107" lon="130.3639000647698"><ele>6.273921692861721</ele><time>2025-12-28T07:25:29.99700Z</time><extensions><mytracks:speed>3.365848818439281</mytracks:speed><mytracks:length>0.004677912122105679</mytracks:length></extensions></trkpt><trkpt lat="33.59596584402472" lon="130.3639316240614"><ele>5.280050116604076</ele><time>2025-12-28T07:25:34.99900Z</time><extensions><mytracks:speed>3.973453633904588</mytracks:speed><mytracks:length>0.005520958967900677</mytracks:length></extensions></trkpt><trkpt lat="33.59591831959419" lon="130.3639789332056"><ele>4.596509830070021</ele><time>2025-12-28T07:25:40.00000Z</time><extensions><mytracks:speed>4.940788978279116</mytracks:speed><mytracks:length>0.006864288168619498</mytracks:length></extensions></trkpt><trkpt lat="33.59586432424505" lon="130.3640188579959"><ele>4.243797853318966</ele><time>2025-12-28T07:25:45.00300Z</time><extensions><mytracks:speed>5.074037455072957</mytracks:speed><mytracks:length>0.007051462648487862</mytracks:length></extensions></trkpt><trkpt lat="33.59580960155778" lon="130.3640547107192"><ele>4.333041017720402</ele><time>2025-12-28T07:25:50.00800Z</time><extensions><mytracks:speed>4.98574467009996</mytracks:speed><mytracks:gradient>0.01287487146804507</mytracks:gradient><mytracks:length>0.006931577113055793</mytracks:length></extensions></trkpt><trkpt lat="33.59576695823638" lon="130.3640932291464"><ele>4.300129300182086</ele><time>2025-12-28T07:25:55.01000Z</time><extensions><mytracks:speed>4.270870007423692</mytracks:speed><mytracks:length>0.005933266249241469</mytracks:length></extensions></trkpt><trkpt lat="33.59572097508622" lon="130.3641301920384"><ele>4.529701176780773</ele><time>2025-12-28T07:26:00.00400Z</time><extensions><mytracks:speed>4.435412396114977</mytracks:speed><mytracks:gradient>0.03730464765949595</mytracks:gradient><mytracks:length>0.006153975201538995</mytracks:length></extensions></trkpt><trkpt lat="33.59568217050753" lon="130.3641814249741"><ele>4.317930112244962</ele><time>2025-12-28T07:26:05.00000Z</time><extensions><mytracks:speed>4.620903892189171</mytracks:speed><mytracks:length>0.006412877620843791</mytracks:length></extensions></trkpt><trkpt lat="33.59563862007354" lon="130.3642320893591"><ele>4.387217033686731</ele><time>2025-12-28T07:26:10.00800Z</time><extensions><mytracks:speed>4.847001762880215</mytracks:speed><mytracks:gradient>0.01027730069276905</mytracks:gradient><mytracks:length>0.006741743139861451</mytracks:length></extensions></trkpt><trkpt lat="33.5956013905198" lon="130.3642918732799"><ele>4.12026268258132</ele><time>2025-12-28T07:26:14.99400Z</time><extensions><mytracks:speed>4.990385465790147</mytracks:speed><mytracks:length>0.006912697929248891</mytracks:length></extensions></trkpt><trkpt lat="33.59555881925901" lon="130.3643396501283"><ele>3.37431672122582</ele><time>2025-12-28T07:26:19.99600Z</time><extensions><mytracks:speed>4.664492890302019</mytracks:speed><mytracks:length>0.006479986081521246</mytracks:length></extensions></trkpt><trkpt lat="33.59551310554082" lon="130.3643896922677"><ele>2.844067349532735</ele><time>2025-12-28T07:26:24.99000Z</time><extensions><mytracks:speed>4.959045944816682</mytracks:speed><mytracks:length>0.006879370931287775</mytracks:length></extensions></trkpt><trkpt lat="33.59547582106307" lon="130.3644341661931"><ele>2.39979539006915</ele><time>2025-12-28T07:26:29.99500Z</time><extensions><mytracks:speed>4.202642216700713</mytracks:speed><mytracks:length>0.005843728366445535</mytracks:length></extensions></trkpt><trkpt lat="33.59543142698655" lon="130.36449729489"><ele>2.637545114264539</ele><time>2025-12-28T07:26:35.93600Z</time><extensions><mytracks:speed>4.637170097319588</mytracks:speed><mytracks:gradient>0.03106961492012402</mytracks:gradient><mytracks:length>0.007652161921112058</mytracks:length></extensions></trkpt><trkpt lat="33.59539216105838" lon="130.3645669218675"><ele>2.85606082105949</ele><time>2025-12-28T07:26:41.69500Z</time><extensions><mytracks:speed>4.868599719878928</mytracks:speed><mytracks:gradient>0.02805948380705531</mytracks:gradient><mytracks:length>0.007787588264186371</mytracks:length></extensions></trkpt><trkpt lat="33.59534458282555" lon="130.3646127025235"><ele>2.813086364244916</ele><time>2025-12-28T07:26:46.94700Z</time><extensions><mytracks:speed>4.646872825637121</mytracks:speed><mytracks:length>0.006780401005122255</mytracks:length></extensions></trkpt><trkpt lat="33.595298176291" lon="130.3646615812369"><ele>2.381681014205912</ele><time>2025-12-28T07:26:51.96600Z</time><extensions><mytracks:speed>4.924919221804024</mytracks:speed><mytracks:length>0.006864944629976961</mytracks:length></extensions></trkpt><trkpt lat="33.59525504450011" lon="130.3647066058342"><ele>2.054924156164585</ele><time>2025-12-28T07:26:56.97200Z</time><extensions><mytracks:speed>4.570125414373853</mytracks:speed><mytracks:length>0.006355703722258267</mytracks:length></extensions></trkpt><trkpt lat="33.59521207164835" lon="130.3647507625031"><ele>2.090447825099466</ele><time>2025-12-28T07:27:01.97700Z</time><extensions><mytracks:speed>4.522970777715232</mytracks:speed><mytracks:gradient>0.005648807650839779</mytracks:gradient><mytracks:length>0.006288702170554545</mytracks:length></extensions></trkpt><trkpt lat="33.59516658532048" lon="130.3648062253077"><ele>2.106007178425414</ele><time>2025-12-28T07:27:06.98200Z</time><extensions><mytracks:speed>5.186684787909594</mytracks:speed><mytracks:gradient>0.002157998802308391</mytracks:gradient><mytracks:length>0.007210084319464876</mytracks:length></extensions></trkpt><trkpt lat="33.59511891680096" lon="130.3648716105859"><ele>3.173766619256367</ele><time>2025-12-28T07:27:11.98500Z</time><extensions><mytracks:speed>5.790626236860292</mytracks:speed><mytracks:gradient>0.1326697405346682</mytracks:gradient><mytracks:length>0.008048251519357837</mytracks:length></extensions></trkpt><trkpt lat="33.59507793714281" lon="130.3649324897777"><ele>2.58328033822509</ele><time>2025-12-28T07:27:17.49300Z</time><extensions><mytracks:speed>4.738552196855243</mytracks:speed><mytracks:length>0.007249352845198441</mytracks:length></extensions></trkpt><trkpt lat="33.59503569754025" lon="130.3649753455724"><ele>1.941829709165462</ele><time>2025-12-28T07:27:22.49500Z</time><extensions><mytracks:speed>4.425427580115203</mytracks:speed><mytracks:length>0.006148847193219039</mytracks:length></extensions></trkpt><trkpt lat="33.59499105259505" lon="130.3650426026197"><ele>1.502058896662589</ele><time>2025-12-28T07:27:28.51300Z</time><extensions><mytracks:speed>4.765112687948928</mytracks:speed><mytracks:length>0.007966084153588944</mytracks:length></extensions></trkpt><trkpt lat="33.59493590784913" lon="130.3651027804466"><ele>1.873680791630553</ele><time>2025-12-28T07:27:34.06000Z</time><extensions><mytracks:speed>5.37802386247208</mytracks:speed><mytracks:gradient>0.04484609049359779</mytracks:gradient><mytracks:length>0.008286606276661208</mytracks:length></extensions></trkpt><trkpt lat="33.59489387546921" lon="130.3651569271399"><ele>1.947229645944864</ele><time>2025-12-28T07:27:39.05200Z</time><extensions><mytracks:speed>4.943412545342039</mytracks:speed><mytracks:gradient>0.0107290848723142</mytracks:gradient><mytracks:length>0.006855091108851222</mytracks:length></extensions></trkpt><trkpt lat="33.59484998604013" lon="130.3651894741544"><ele>0.9287479352911412</ele><time>2025-12-28T07:27:44.02100Z</time><extensions><mytracks:speed>4.156162317595029</mytracks:speed><mytracks:length>0.005736323485510095</mytracks:length></extensions></trkpt><trkpt lat="33.59480446549487" lon="130.3652175373684"><ele>1.314346506760464</ele><time>2025-12-28T07:27:49.01100Z</time><extensions><mytracks:speed>4.104993910409895</mytracks:speed><mytracks:gradient>0.0677703197148538</mytracks:gradient><mytracks:length>0.00568978533806161</mytracks:length></extensions></trkpt><trkpt lat="33.59477619242146" lon="130.3652758203249"><ele>1.511330384325695</ele><time>2025-12-28T07:27:54.02600Z</time><extensions><mytracks:speed>4.48389139455802</mytracks:speed><mytracks:gradient>0.03153254441674117</mytracks:gradient><mytracks:length>0.006247002302188107</mytracks:length></extensions></trkpt><trkpt lat="33.59475003146125" lon="130.3653384092082"><ele>2.52817598963313</ele><time>2025-12-28T07:27:59.02500Z</time><extensions><mytracks:speed>4.671155850588696</mytracks:speed><mytracks:gradient>0.1567696087563279</mytracks:gradient><mytracks:length>0.006486241902204091</mytracks:length></extensions></trkpt><trkpt lat="33.59471715523308" lon="130.3653925279048"><ele>3.622560588499406</ele><time>2025-12-28T07:28:04.01200Z</time><extensions><mytracks:speed>4.478491350423446</mytracks:speed><mytracks:gradient>0.1764120786752983</mytracks:gradient><mytracks:length>0.006203569546281381</mytracks:length></extensions></trkpt><trkpt lat="33.59469132959657" lon="130.3654411116557"><ele>3.650092261879205</ele><time>2025-12-28T07:28:09.01800Z</time><extensions><mytracks:speed>3.839378949115189</mytracks:speed><mytracks:gradient>0.005157318561227833</mytracks:gradient><mytracks:length>0.005338369746398804</mytracks:length></extensions></trkpt><trkpt lat="33.59465721283443" lon="130.3654882799999"><ele>3.761273286199487</ele><time>2025-12-28T07:28:14.00400Z</time><extensions><mytracks:speed>4.17655142055242</mytracks:speed><mytracks:gradient>0.01921684129142178</mytracks:gradient><mytracks:length>0.005785603504458984</mytracks:length></extensions></trkpt><trkpt lat="33.59461863262982" lon="130.3655416650914"><ele>3.783272700986723</ele><time>2025-12-28T07:28:19.00800Z</time><extensions><mytracks:speed>4.709724323236027</mytracks:speed><mytracks:gradient>0.003360532885901608</mytracks:gradient><mytracks:length>0.006546406636735839</mytracks:length></extensions></trkpt><trkpt lat="33.59458025594797" lon="130.3655964531257"><ele>4.063038633095174</ele><time>2025-12-28T07:28:23.99900Z</time><extensions><mytracks:speed>4.782411895240503</mytracks:speed><mytracks:gradient>0.04219788968857859</mytracks:gradient><mytracks:length>0.006629855999272254</mytracks:length></extensions></trkpt><trkpt lat="33.59454254641507" lon="130.3656431967135"><ele>3.513332586361036</ele><time>2025-12-28T07:28:28.99300Z</time><extensions><mytracks:speed>4.344239646548251</mytracks:speed><mytracks:length>0.006026709261576746</mytracks:length></extensions></trkpt><trkpt lat="33.59449845306422" lon="130.3656832218919"><ele>3.359336472032698</ele><time>2025-12-28T07:28:34.00300Z</time><extensions><mytracks:speed>4.417393474702081</mytracks:speed><mytracks:length>0.006147381262290297</mytracks:length></extensions></trkpt><trkpt lat="33.59445522121509" lon="130.3657363076204"><ele>3.587574088000595</ele><time>2025-12-28T07:28:38.99600Z</time><extensions><mytracks:speed>4.958458740644794</mytracks:speed><mytracks:gradient>0.03318974933178689</mytracks:gradient><mytracks:length>0.006876750218456945</mytracks:length></extensions></trkpt><trkpt lat="33.59442208756509" lon="130.3657847558328"><ele>3.529068854627066</ele><time>2025-12-28T07:28:44.01000Z</time><extensions><mytracks:speed>4.16852368628352</mytracks:speed><mytracks:length>0.005805819355750344</mytracks:length></extensions></trkpt><trkpt lat="33.59438202146244" lon="130.3658276838629"><ele>3.246001751795163</ele><time>2025-12-28T07:28:49.01400Z</time><extensions><mytracks:speed>4.295451768321347</mytracks:speed><mytracks:length>0.005971120826476608</mytracks:length></extensions></trkpt><trkpt lat="33.59434009504256" lon="130.3658730509396"><ele>3.509567841335138</ele><time>2025-12-28T07:28:54.00400Z</time><extensions><mytracks:speed>4.528378877996913</mytracks:speed><mytracks:gradient>0.04199246917102777</mytracks:gradient><mytracks:length>0.006276508496476302</mytracks:length></extensions></trkpt><trkpt lat="33.59430549767123" lon="130.3659294738814"><ele>3.756978626482088</ele><time>2025-12-28T07:28:58.99800Z</time><extensions><mytracks:speed>4.677807422703877</mytracks:speed><mytracks:gradient>0.03812352230956056</mytracks:gradient><mytracks:length>0.006489714752430003</mytracks:length></extensions></trkpt><trkpt lat="33.59426748908113" lon="130.3659682661531"><ele>4.055248555321579</ele><time>2025-12-28T07:29:03.99500Z</time><extensions><mytracks:speed>3.996108651066669</mytracks:speed><mytracks:gradient>0.05377910974160931</mytracks:gradient><mytracks:length>0.005546204284016201</mytracks:length></extensions></trkpt><trkpt lat="33.59423815144228" lon="130.3660127980226"><ele>4.690131736459746</ele><time>2025-12-28T07:29:08.99900Z</time><extensions><mytracks:speed>3.781790856233266</mytracks:speed><mytracks:gradient>0.1207758295532755</mytracks:gradient><mytracks:length>0.005256707269049335</mytracks:length></extensions></trkpt><trkpt lat="33.59420642214699" lon="130.366056993727"><ele>4.958059252530768</ele><time>2025-12-28T07:29:14.00100Z</time><extensions><mytracks:speed>3.888636499177283</mytracks:speed><mytracks:gradient>0.0495888601810462</mytracks:gradient><mytracks:length>0.005402977908603545</mytracks:length></extensions></trkpt><trkpt lat="33.59417342726982" lon="130.3661013582302"><ele>4.749777774444498</ele><time>2025-12-28T07:29:18.99700Z</time><extensions><mytracks:speed>3.96901288635798</mytracks:speed><mytracks:length>0.005507883854298727</mytracks:length></extensions></trkpt><trkpt lat="33.59414046398349" lon="130.3661498017757"><ele>4.256696748548339</ele><time>2025-12-28T07:29:24.49500Z</time><extensions><mytracks:speed>3.792487569152886</mytracks:speed><mytracks:length>0.005792609283216599</mytracks:length></extensions></trkpt><trkpt lat="33.59410686688538" lon="130.3661876536662"><ele>4.372460106337344</ele><time>2025-12-28T07:29:29.46400Z</time><extensions><mytracks:speed>3.711964796506931</mytracks:speed><mytracks:gradient>0.02259684008318525</mytracks:gradient><mytracks:length>0.005122988761386492</mytracks:length></extensions></trkpt><trkpt lat="33.59406715749385" lon="130.3662300593037"><ele>4.122263390652052</ele><time>2025-12-28T07:29:34.95300Z</time><extensions><mytracks:speed>3.875770604877095</mytracks:speed><mytracks:length>0.005909674639909645</mytracks:length></extensions></trkpt><trkpt lat="33.59403368658805" lon="130.3662647711996"><ele>4.008761940275642</ele><time>2025-12-28T07:29:39.96200Z</time><extensions><mytracks:speed>3.535110185107871</mytracks:speed><mytracks:length>0.004918344821880254</mytracks:length></extensions></trkpt><trkpt lat="33.59400106735911" lon="130.3663044779273"><ele>3.780517461046299</ele><time>2025-12-28T07:29:44.96900Z</time><extensions><mytracks:speed>3.714015217605371</mytracks:speed><mytracks:length>0.005165911021154658</mytracks:length></extensions></trkpt><trkpt lat="33.59397075135406" lon="130.3663462380673"><ele>3.671138378102218</ele><time>2025-12-28T07:29:49.97500Z</time><extensions><mytracks:speed>3.689729663661203</mytracks:speed><mytracks:length>0.005130899360393982</mytracks:length></extensions></trkpt><trkpt lat="33.59394175613565" lon="130.3663883555919"><ele>3.674281321829174</ele><time>2025-12-28T07:29:54.98000Z</time><extensions><mytracks:speed>3.639002110357019</mytracks:speed><mytracks:gradient>0.0006212261338121754</mytracks:gradient><mytracks:length>0.005059258707725855</mytracks:length></extensions></trkpt><trkpt lat="33.59389664264298" lon="130.3664343990907"><ele>4.175279894742744</ele><time>2025-12-28T07:29:59.98400Z</time><extensions><mytracks:speed>4.736229825070869</mytracks:speed><mytracks:gradient>0.07609942625065222</mytracks:gradient><mytracks:length>0.006583473721121198</mytracks:length></extensions></trkpt><trkpt lat="33.59385242334064" lon="130.366478635841"><ele>4.832408765433301</ele><time>2025-12-28T07:30:05.00500Z</time><extensions><mytracks:speed>4.589238586755388</mytracks:speed><mytracks:gradient>0.1026729136421071</mytracks:gradient><mytracks:length>0.006400216448333681</mytracks:length></extensions></trkpt><trkpt lat="33.59381341405286" lon="130.3665203033668"><ele>5.512592191399395</ele><time>2025-12-28T07:30:10.06200Z</time><extensions><mytracks:speed>4.13321814390785</mytracks:speed><mytracks:gradient>0.1171554580478653</mytracks:gradient><mytracks:length>0.005805819355750344</mytracks:length></extensions></trkpt><trkpt lat="33.59376999753181" lon="130.3665521771095"><ele>5.350557877759724</ele><time>2025-12-28T07:30:15.04300Z</time><extensions><mytracks:speed>4.089458879099838</mytracks:speed><mytracks:length>0.005658812726360978</mytracks:length></extensions></trkpt><trkpt lat="33.59373076995652" lon="130.366597811018"><ele>5.384642696640165</ele><time>2025-12-28T07:30:20.04300Z</time><extensions><mytracks:speed>4.374267621036513</mytracks:speed><mytracks:gradient>0.005610561402953833</mytracks:gradient><mytracks:length>0.006075117342534885</mytracks:length></extensions></trkpt><trkpt lat="33.5936939026279" lon="130.3666443201598"><ele>5.665032244834697</ele><time>2025-12-28T07:30:25.01600Z</time><extensions><mytracks:speed>4.305751496578134</mytracks:speed><mytracks:gradient>0.04714268048876487</mytracks:gradient><mytracks:length>0.00594767937010612</mytracks:length></extensions></trkpt><trkpt lat="33.59365238886266" lon="130.3666911626457"><ele>5.399972076270787</ele><time>2025-12-28T07:30:30.01700Z</time><extensions><mytracks:speed>4.559696838724925</mytracks:speed><mytracks:length>0.006334397246868144</mytracks:length></extensions></trkpt><trkpt lat="33.59361137288243" lon="130.3667393359456"><ele>5.514614848016709</ele><time>2025-12-28T07:30:35.02300Z</time><extensions><mytracks:speed>4.588559857992909</mytracks:speed><mytracks:gradient>0.01796775902719276</mytracks:gradient><mytracks:length>0.006380471352739069</mytracks:length></extensions></trkpt><trkpt lat="33.59358363485369" lon="130.3667890420906"><ele>5.824113463126153</ele><time>2025-12-28T07:30:40.01600Z</time><extensions><mytracks:speed>3.994859567867075</mytracks:speed><mytracks:gradient>0.05585279684941514</mytracks:gradient><mytracks:length>0.005541327069866955</mytracks:length></extensions></trkpt><trkpt lat="33.59360209552418" lon="130.3668477413801"><ele>6.250141882739093</ele><time>2025-12-28T07:30:45.00900Z</time><extensions><mytracks:speed>4.190444506463409</mytracks:speed><mytracks:gradient>0.07331097690464577</mytracks:gradient><mytracks:length>0.005811250069236791</mytracks:length></extensions></trkpt><trkpt lat="33.59363630770503" lon="130.3669060727653"><ele>6.378637913675963</ele><time>2025-12-28T07:30:50.00600Z</time><extensions><mytracks:speed>4.759714428904899</mytracks:speed><mytracks:gradient>0.01944732750595278</mytracks:gradient><mytracks:length>0.006607387616500922</mytracks:length></extensions></trkpt><trkpt lat="33.59366876726998" lon="130.3669609043179"><ele>6.87722399662496</ele><time>2025-12-28T07:30:55.00500Z</time><extensions><mytracks:speed>4.487666996880677</mytracks:speed><mytracks:gradient>0.0800155853652682</mytracks:gradient><mytracks:length>0.006231112109884222</mytracks:length></extensions></trkpt><trkpt lat="33.593704646467" lon="130.3670194654292"><ele>7.420208805286734</ele><time>2025-12-28T07:31:00.00300Z</time><extensions><mytracks:speed>4.849740835500606</mytracks:speed><mytracks:gradient>0.08063671049957265</mytracks:gradient><mytracks:length>0.006733717252325805</mytracks:length></extensions></trkpt><trkpt lat="33.59373454017118" lon="130.3670788570511"><ele>7.737845187862771</ele><time>2025-12-28T07:31:05.00400Z</time><extensions><mytracks:speed>4.627149304116694</mytracks:speed><mytracks:gradient>0.04942282829696219</mytracks:gradient><mytracks:length>0.006426916336464714</mytracks:length></extensions></trkpt><trkpt lat="33.59376922854983" lon="130.3671302544106"><ele>7.239081290518967</ele><time>2025-12-28T07:31:10.00300Z</time><extensions><mytracks:speed>4.412773685138822</mytracks:speed><mytracks:length>0.006128292250142822</mytracks:length></extensions></trkpt><trkpt lat="33.5938031150874" lon="130.3671790702616"><ele>7.269816479721801</ele><time>2025-12-28T07:31:14.99800Z</time><extensions><mytracks:speed>4.24203482382544</mytracks:speed><mytracks:gradient>0.005222434249188615</mytracks:gradient><mytracks:length>0.005885222816851927</mytracks:length></extensions></trkpt><trkpt lat="33.5938420307397" lon="130.3672271718314"><ele>7.19709418543051</ele><time>2025-12-28T07:31:19.99100Z</time><extensions><mytracks:speed>4.477209455038729</mytracks:speed><mytracks:length>0.006210103824635209</mytracks:length></extensions></trkpt><trkpt lat="33.59388022442916" lon="130.3672728276751"><ele>6.863414309944463</ele><time>2025-12-28T07:31:25.00300Z</time><extensions><mytracks:speed>4.30424500539324</mytracks:speed><mytracks:length>0.00599296692278371</mytracks:length></extensions></trkpt><trkpt lat="33.5939198520023" lon="130.3673322463788"><ele>7.246274189020811</ele><time>2025-12-28T07:31:30.50100Z</time><extensions><mytracks:speed>4.616962557778791</mytracks:speed><mytracks:gradient>0.05430494543161341</mytracks:gradient><mytracks:length>0.007050184399107564</mytracks:length></extensions></trkpt><trkpt lat="33.59394703682566" lon="130.3673717095761"><ele>5.984694938350717</ele><time>2025-12-28T07:31:35.50000Z</time><extensions><mytracks:speed>3.415928255700529</mytracks:speed><mytracks:length>0.004743915984430583</mytracks:length></extensions></trkpt><trkpt lat="33.59397847309302" lon="130.3674210635758"><ele>5.847997400237102</ele><time>2025-12-28T07:31:40.49700Z</time><extensions><mytracks:speed>4.144819978973391</mytracks:speed><mytracks:length>0.005753580343404651</mytracks:length></extensions></trkpt><trkpt lat="33.59401981643655" lon="130.3674999050565"><ele>6.189915129018519</ele><time>2025-12-28T07:31:46.00400Z</time><extensions><mytracks:speed>5.641244081807285</mytracks:speed><mytracks:gradient>0.03962575874621479</mytracks:gradient><mytracks:length>0.00862867335793484</mytracks:length></extensions></trkpt><trkpt lat="33.59405433499054" lon="130.367552638429"><ele>6.247564847257596</ele><time>2025-12-28T07:31:50.99700Z</time><extensions><mytracks:speed>4.479133143774974</mytracks:speed><mytracks:gradient>0.009279960758211001</mytracks:gradient><mytracks:length>0.006212280390094168</mytracks:length></extensions></trkpt><trkpt lat="33.59398211618927" lon="130.3676377864952"><ele>6.653337734751403</ele><time>2025-12-28T07:32:09.00000Z</time><extensions><mytracks:speed>2.250714994892766</mytracks:speed><mytracks:gradient>0.03605159083041459</mytracks:gradient><mytracks:length>0.01125533931089334</mytracks:length></extensions></trkpt><trkpt lat="33.59393888722244" lon="130.3676680429101"><ele>6.476451990633124</ele><time>2025-12-28T07:32:13.99900Z</time><extensions><mytracks:speed>4.007672769379529</mytracks:speed><mytracks:length>0.005564860672868391</mytracks:length></extensions></trkpt><trkpt lat="33.59392418627399" lon="130.3677200927877"><ele>6.396208272362554</ele><time>2025-12-28T07:32:18.99900Z</time><extensions><mytracks:speed>3.664695186839266</mytracks:speed><mytracks:length>0.005090338254939077</mytracks:length></extensions></trkpt><trkpt lat="33.59395282639641" lon="130.3677907112103"><ele>6.255620576286057</ele><time>2025-12-28T07:32:23.98400Z</time><extensions><mytracks:speed>5.253912528179074</mytracks:speed><mytracks:length>0.007274794692428265</mytracks:length></extensions></trkpt><trkpt lat="33.59398125289373" lon="130.3678626726368"><ele>6.07243094559288</ele><time>2025-12-28T07:32:29.00500Z</time><extensions><mytracks:speed>5.287994803740188</mytracks:speed><mytracks:length>0.007376295486147859</mytracks:length></extensions></trkpt><trkpt lat="33.59401230170722" lon="130.3679242368786"><ele>5.707770433328807</ele><time>2025-12-28T07:32:34.00400Z</time><extensions><mytracks:speed>4.801479549433557</mytracks:speed><mytracks:length>0.00666645910167314</mytracks:length></extensions></trkpt><trkpt lat="33.59404714030727" lon="130.3679751438266"><ele>5.391052615276334</ele><time>2025-12-28T07:32:39.00200Z</time><extensions><mytracks:speed>4.395172351029061</mytracks:speed><mytracks:length>0.006102501210582776</mytracks:length></extensions></trkpt><trkpt lat="33.59408891823784" lon="130.3680254995426"><ele>5.862003790486447</ele><time>2025-12-28T07:32:44.00300Z</time><extensions><mytracks:speed>4.739104854624991</mytracks:speed><mytracks:gradient>0.07153536190160537</mytracks:gradient><mytracks:length>0.006583473721121198</mytracks:length></extensions></trkpt><trkpt lat="33.59411985963243" lon="130.3680702945595"><ele>5.043491104980948</ele><time>2025-12-28T07:32:49.00100Z</time><extensions><mytracks:speed>3.883193251750654</mytracks:speed><mytracks:length>0.005391288559301886</mytracks:length></extensions></trkpt><trkpt lat="33.59415502179085" lon="130.3681153075205"><ele>4.879712824434844</ele><time>2025-12-28T07:32:53.99800Z</time><extensions><mytracks:speed>4.11780051251347</mytracks:speed><mytracks:length>0.005715861846617481</mytracks:length></extensions></trkpt><trkpt lat="33.5942005616838" lon="130.3681530281269"><ele>5.549787691289194</ele><time>2025-12-28T07:32:58.99300Z</time><extensions><mytracks:speed>4.434538866693877</mytracks:speed><mytracks:gradient>0.1089108044070718</mytracks:gradient><mytracks:length>0.006152510492437793</mytracks:length></extensions></trkpt><trkpt lat="33.59424370148975" lon="130.3681858586168"><ele>6.220896800947361</ele><time>2025-12-28T07:33:03.99600Z</time><extensions><mytracks:speed>4.086824085050247</mytracks:speed><mytracks:gradient>0.1181638321261789</mytracks:gradient><mytracks:length>0.005679479901612668</mytracks:length></extensions></trkpt><trkpt lat="33.59428113185321" lon="130.3682223835215"><ele>6.509954767859993</ele><time>2025-12-28T07:33:08.99200Z</time><extensions><mytracks:speed>3.864210094539093</mytracks:speed><mytracks:gradient>0.05390062782857407</mytracks:gradient><mytracks:length>0.005362794063029363</mytracks:length></extensions></trkpt><trkpt lat="33.59432176254562" lon="130.3682618100786"><ele>6.098804331520991</ele><time>2025-12-28T07:33:13.99500Z</time><extensions><mytracks:speed>4.180194659741371</mytracks:speed><mytracks:length>0.005809698954817265</mytracks:length></extensions></trkpt><trkpt lat="33.59436071871394" lon="130.3683020581334"><ele>6.05034483507803</ele><time>2025-12-28T07:33:19.00800Z</time><extensions><mytracks:speed>4.10487053245842</mytracks:speed><mytracks:length>0.005715073397500465</mytracks:length></extensions></trkpt><trkpt lat="33.59439912826333" lon="130.3683382599542"><ele>6.189554875018691</ele><time>2025-12-28T07:33:23.99900Z</time><extensions><mytracks:speed>3.915774690336361</mytracks:speed><mytracks:gradient>0.02563908771805986</mytracks:gradient><mytracks:length>0.005429601921545867</mytracks:length></extensions></trkpt><trkpt lat="33.5944320886387" lon="130.3683853132594"><ele>6.170077991412187</ele><time>2025-12-28T07:33:28.99900Z</time><extensions><mytracks:speed>4.099403123307032</mytracks:speed><mytracks:length>0.005693744000850437</mytracks:length></extensions></trkpt><trkpt lat="33.59445992111971" lon="130.3684342224305"><ele>5.784257414384477</ele><time>2025-12-28T07:33:34.50100Z</time><extensions><mytracks:speed>3.589829685572959</mytracks:speed><mytracks:length>0.005485748933449965</mytracks:length></extensions></trkpt><trkpt lat="33.59448222918821" lon="130.3684846223134"><ele>5.692963318573029</ele><time>2025-12-28T07:33:40.00200Z</time><extensions><mytracks:speed>3.459860935607778</mytracks:speed><mytracks:length>0.005286626163298521</mytracks:length></extensions></trkpt><trkpt lat="33.59451523359114" lon="130.3685392659181"><ele>5.809762860471342</ele><time>2025-12-28T07:33:44.99400Z</time><extensions><mytracks:speed>4.508241492234426</mytracks:speed><mytracks:gradient>0.01868179966230305</mytracks:gradient><mytracks:length>0.006252049802996037</mytracks:length></extensions></trkpt><trkpt lat="33.59455438430452" lon="130.3685824309983"><ele>6.334670073913302</ele><time>2025-12-28T07:33:49.99900Z</time><extensions><mytracks:speed>4.251443212089612</mytracks:speed><mytracks:gradient>0.08881021859321282</mytracks:gradient><mytracks:length>0.005910437129383162</mytracks:length></extensions></trkpt><trkpt lat="33.59458354336449" lon="130.3686365252528"><ele>6.752035141952028</ele><time>2025-12-28T07:33:54.98900Z</time><extensions><mytracks:speed>4.305069816738844</mytracks:speed><mytracks:gradient>0.06994148752395508</mytracks:gradient><mytracks:length>0.005967346174840472</mytracks:length></extensions></trkpt><trkpt lat="33.59461564413486" lon="130.3686770474749"><ele>6.662055818005981</ele><time>2025-12-28T07:33:59.99500Z</time><extensions><mytracks:speed>3.723868305487854</mytracks:speed><mytracks:length>0.005178109175141606</mytracks:length></extensions></trkpt><trkpt lat="33.59465539070474" lon="130.3687144404462"><ele>6.666159890398418</ele><time>2025-12-28T07:34:05.00700Z</time><extensions><mytracks:speed>4.033075235280294</mytracks:speed><mytracks:gradient>0.0007309327014621093</mytracks:gradient><mytracks:length>0.005614843041263997</mytracks:length></extensions></trkpt><trkpt lat="33.59469633884488" lon="130.3687553063794"><ele>7.009367762991326</ele><time>2025-12-28T07:34:10.00000Z</time><extensions><mytracks:speed>4.269137806999968</mytracks:speed><mytracks:gradient>0.0579635161829589</mytracks:gradient><mytracks:length>0.00592110167212062</mytracks:length></extensions></trkpt><trkpt lat="33.5947377180972" lon="130.3688009157664"><ele>6.935633629974162</ele><time>2025-12-28T07:34:15.00200Z</time><extensions><mytracks:speed>4.495374096858999</mytracks:speed><mytracks:length>0.006247002302188107</mytracks:length></extensions></trkpt><trkpt lat="33.59476524228566" lon="130.3688492187331"><ele>6.797472044569252</ele><time>2025-12-28T07:34:19.99600Z</time><extensions><mytracks:speed>3.908315508327383</mytracks:speed><mytracks:length>0.005421295963001433</mytracks:length></extensions></trkpt><trkpt lat="33.59480313704767" lon="130.3688918947121"><ele>6.501237126017459</ele><time>2025-12-28T07:34:24.99600Z</time><extensions><mytracks:speed>4.159840337947532</mytracks:speed><mytracks:length>0.005777809342891916</mytracks:length></extensions></trkpt><trkpt lat="33.59484206621139" lon="130.3689324216518"><ele>6.11739799227813</ele><time>2025-12-28T07:34:29.95100Z</time><extensions><mytracks:speed>4.163701921285162</mytracks:speed><mytracks:length>0.005730035378949725</mytracks:length></extensions></trkpt><trkpt lat="33.59488076437405" lon="130.3689899748795"><ele>6.067064659757702</ele><time>2025-12-28T07:34:35.93900Z</time><extensions><mytracks:speed>4.118662063526733</mytracks:speed><mytracks:length>0.00685114573234665</mytracks:length></extensions></trkpt><trkpt lat="33.59491264415252" lon="130.3690437851561"><ele>5.948719965937202</ele><time>2025-12-28T07:34:41.20600Z</time><extensions><mytracks:speed>4.180320587907645</mytracks:speed><mytracks:length>0.00611577875822551</mytracks:length></extensions></trkpt><trkpt lat="33.59494670382822" lon="130.3691016868245"><ele>5.808282671602027</ele><time>2025-12-28T07:34:46.96900Z</time><extensions><mytracks:speed>4.100965658260208</mytracks:speed><mytracks:length>0.006564966339981966</mytracks:length></extensions></trkpt><trkpt lat="33.59496166993256" lon="130.3691369962912"><ele>5.469244850556772</ele><time>2025-12-28T07:34:51.97500Z</time><extensions><mytracks:speed>2.637930615691188</mytracks:speed><mytracks:length>0.003668238981342668</mytracks:length></extensions></trkpt><trkpt lat="33.59491852087493" lon="130.3691792770275"><ele>5.42360339756666</ele><time>2025-12-28T07:34:56.98000Z</time><extensions><mytracks:speed>4.454798598214269</mytracks:speed><mytracks:length>0.006193391410556195</mytracks:length></extensions></trkpt><trkpt lat="33.59486912905552" lon="130.3692136542337"><ele>5.423087628752953</ele><time>2025-12-28T07:35:01.98400Z</time><extensions><mytracks:speed>4.567303780011733</mytracks:speed><mytracks:length>0.006348609508949865</mytracks:length></extensions></trkpt><trkpt lat="33.59482389933956" lon="130.369256493854"><ele>5.895850094409663</ele><time>2025-12-28T07:35:06.98700Z</time><extensions><mytracks:speed>4.60972440937351</mytracks:speed><mytracks:gradient>0.07379361023893376</mytracks:gradient><mytracks:length>0.006406550162351034</mytracks:length></extensions></trkpt><trkpt lat="33.59477879930694" lon="130.3693011169395"><ele>5.816712573208592</ele><time>2025-12-28T07:35:11.99000Z</time><extensions><mytracks:speed>4.676676781045843</mytracks:speed><mytracks:length>0.00649873547763765</mytracks:length></extensions></trkpt><trkpt lat="33.59473818443694" lon="130.3693462340796"><ele>5.757434374381951</ele><time>2025-12-28T07:35:16.99200Z</time><extensions><mytracks:speed>4.428005653679714</mytracks:speed><mytracks:length>0.006152510492437793</mytracks:length></extensions></trkpt><trkpt lat="33.59468971605927" lon="130.3693811567543"><ele>6.031454520340104</ele><time>2025-12-28T07:35:21.99300Z</time><extensions><mytracks:speed>4.523843311018532</mytracks:speed><mytracks:gradient>0.0435982482733203</mytracks:gradient><mytracks:length>0.006285118251547696</mytracks:length></extensions></trkpt><trkpt lat="33.59464149724835" lon="130.3694086416681"><ele>6.176889358736904</ele><time>2025-12-28T07:35:26.99400Z</time><extensions><mytracks:speed>4.271984561882213</mytracks:speed><mytracks:gradient>0.02450549374998292</mytracks:gradient><mytracks:length>0.00593478506822174</mytracks:length></extensions></trkpt><trkpt lat="33.59460219084922" lon="130.3694490382491"><ele>6.192012758403971</ele><time>2025-12-28T07:35:31.99500Z</time><extensions><mytracks:speed>4.14234581512934</mytracks:speed><mytracks:gradient>0.002628162024171588</mytracks:gradient><mytracks:length>0.005754363516394517</mytracks:length></extensions></trkpt><trkpt lat="33.59455791605906" lon="130.3694960559747"><ele>6.798137684069144</ele><time>2025-12-28T07:35:36.99600Z</time><extensions><mytracks:speed>4.732003276221518</mytracks:speed><mytracks:gradient>0.09221156889252297</mytracks:gradient><mytracks:length>0.006573198275930443</mytracks:length></extensions></trkpt><trkpt lat="33.59451086308777" lon="130.3695363999701"><ele>7.205816223863741</ele><time>2025-12-28T07:35:42.49800Z</time><extensions><mytracks:speed>4.20683708571864</mytracks:speed><mytracks:gradient>0.06340532936876538</mytracks:gradient><mytracks:length>0.006429720401317355</mytracks:length></extensions></trkpt><trkpt lat="33.59447192542755" lon="130.369580514427"><ele>7.653853791394621</ele><time>2025-12-28T07:35:47.49900Z</time><extensions><mytracks:speed>4.285661145494293</mytracks:speed><mytracks:gradient>0.07526272842435176</mytracks:gradient><mytracks:length>0.005952980670654424</mytracks:length></extensions></trkpt><trkpt lat="33.59443470976595" lon="130.3696167573508"><ele>8.122763706759114</ele><time>2025-12-28T07:35:52.49900Z</time><extensions><mytracks:speed>3.837369458595299</mytracks:speed><mytracks:gradient>0.08797688766870261</mytracks:gradient><mytracks:length>0.005329921616803298</mytracks:length></extensions></trkpt><trkpt lat="33.59437505789416" lon="130.3696448038361"><ele>8.573043809210381</ele><time>2025-12-28T07:35:57.99900Z</time><extensions><mytracks:speed>4.66268778419969</mytracks:speed><mytracks:gradient>0.06321219060726546</mytracks:gradient><mytracks:length>0.007123311154470768</mytracks:length></extensions></trkpt><trkpt lat="33.5943292298135" lon="130.3696674372248"><ele>8.497552590477159</ele><time>2025-12-28T07:36:02.99900Z</time><extensions><mytracks:speed>3.966723561188466</mytracks:speed><mytracks:length>0.00550951994043441</mytracks:length></extensions></trkpt><trkpt lat="33.59427540042074" lon="130.3696894145553"><ele>8.463226938678934</ele><time>2025-12-28T07:36:07.99900Z</time><extensions><mytracks:speed>4.552456717742031</mytracks:speed><mytracks:length>0.006323004436842695</mytracks:length></extensions></trkpt><trkpt lat="33.59423071932308" lon="130.3697199539376"><ele>8.640799754885927</ele><time>2025-12-28T07:36:12.99900Z</time><extensions><mytracks:speed>4.117057638424087</mytracks:speed><mytracks:gradient>0.0310538267262676</mytracks:gradient><mytracks:length>0.005718226541683802</mytracks:length></extensions></trkpt><trkpt lat="33.59418005285079" lon="130.3697456959532"><ele>8.434457130093516</ele><time>2025-12-28T07:36:17.99900Z</time><extensions><mytracks:speed>4.405437551958228</mytracks:speed><mytracks:length>0.006118725411616535</mytracks:length></extensions></trkpt><trkpt lat="33.59412058669952" lon="130.3697660362259"><ele>8.578852106376541</ele><time>2025-12-28T07:36:22.99900Z</time><extensions><mytracks:speed>4.950288577274586</mytracks:speed><mytracks:gradient>0.021001563106883</mytracks:gradient><mytracks:length>0.0068754394874399</mytracks:length></extensions></trkpt><trkpt lat="33.59406891688686" lon="130.3697930166066"><ele>8.699892029377127</ele><time>2025-12-28T07:36:27.99900Z</time><extensions><mytracks:speed>4.510797821601901</mytracks:speed><mytracks:gradient>0.01931998750698956</mytracks:gradient><mytracks:length>0.006265010417672175</mytracks:length></extensions></trkpt><trkpt lat="33.59400435940197" lon="130.3698252159713"><ele>8.585141303753236</ele><time>2025-12-28T07:36:32.99900Z</time><extensions><mytracks:speed>5.59705819900493</mytracks:speed><mytracks:length>0.00777368805093797</mytracks:length></extensions></trkpt><trkpt lat="33.5939587517483" lon="130.3698598743858"><ele>7.888225765390919</ele><time>2025-12-28T07:36:37.99900Z</time><extensions><mytracks:speed>4.321439504448838</mytracks:speed><mytracks:length>0.006001983427766058</mytracks:length></extensions></trkpt><trkpt lat="33.59390548212684" lon="130.3698919871184"><ele>7.655473102332536</ele><time>2025-12-28T07:36:42.99900Z</time><extensions><mytracks:speed>4.772537582077453</mytracks:speed><mytracks:length>0.006628496447120304</mytracks:length></extensions></trkpt><trkpt lat="33.59384701195614" lon="130.3699313819701"><ele>7.605274337631506</ele><time>2025-12-28T07:36:47.99900Z</time><extensions><mytracks:speed>5.367839839267238</mytracks:speed><mytracks:length>0.007455292583323054</mytracks:length></extensions></trkpt><trkpt lat="33.59378851866371" lon="130.3699628383929"><ele>7.495836938514334</ele><time>2025-12-28T07:36:52.99900Z</time><extensions><mytracks:speed>5.132004608639825</mytracks:speed><mytracks:length>0.007127738125030054</mytracks:length></extensions></trkpt><trkpt lat="33.59373205040131" lon="130.3699856803807"><ele>7.640014959596555</ele><time>2025-12-28T07:36:57.99900Z</time><extensions><mytracks:speed>4.770593433679037</mytracks:speed><mytracks:gradient>0.0217601696878229</mytracks:gradient><mytracks:length>0.006625776505911357</mytracks:length></extensions></trkpt><trkpt lat="33.5936807101847" lon="130.37001621355"><ele>8.156903792834338</ele><time>2025-12-28T07:37:02.99900Z</time><extensions><mytracks:speed>4.58685015771506</mytracks:speed><mytracks:gradient>0.0811369089630409</mytracks:gradient><mytracks:length>0.00637057585559778</mytracks:length></extensions></trkpt><trkpt lat="33.59363304471046" lon="130.3700426215372"><ele>7.770801366787533</ele><time>2025-12-28T07:37:07.99900Z</time><extensions><mytracks:speed>4.202518807763206</mytracks:speed><mytracks:length>0.005836783945256253</mytracks:length></extensions></trkpt><trkpt lat="33.59356870549231" lon="130.370074010571"><ele>7.75296290822518</ele><time>2025-12-28T07:37:12.99900Z</time><extensions><mytracks:speed>5.559832405250251</mytracks:speed><mytracks:length>0.00772192298926278</mytracks:length></extensions></trkpt><trkpt lat="33.59349357186454" lon="130.3700844740023"><ele>8.246328195206413</ele><time>2025-12-28T07:37:17.99900Z</time><extensions><mytracks:speed>6.055409411680446</mytracks:speed><mytracks:gradient>0.05866260903123026</mytracks:gradient><mytracks:length>0.008410217259832068</mytracks:length></extensions></trkpt><trkpt lat="33.59342704212258" lon="130.3701042457675"><ele>8.536027666931133</ele><time>2025-12-28T07:37:22.99900Z</time><extensions><mytracks:speed>5.487513471600747</mytracks:speed><mytracks:gradient>0.03801093254955621</mytracks:gradient><mytracks:length>0.007621477619551395</mytracks:length></extensions></trkpt><trkpt lat="33.59336525716603" lon="130.3701194875459"><ele>8.333500298529962</ele><time>2025-12-28T07:37:27.99900Z</time><extensions><mytracks:speed>5.050342006152395</mytracks:speed><mytracks:length>0.007014298842837074</mytracks:length></extensions></trkpt><trkpt lat="33.59330574832537" lon="130.3701300082266"><ele>8.22141486436089</ele><time>2025-12-28T07:37:32.99900Z</time><extensions><mytracks:speed>4.81592947215867</mytracks:speed><mytracks:length>0.006688729057950934</mytracks:length></extensions></trkpt><trkpt lat="33.59325023009816" lon="130.3701478853917"><ele>7.825901664308101</ele><time>2025-12-28T07:37:37.99900Z</time><extensions><mytracks:speed>4.602111898279869</mytracks:speed><mytracks:length>0.006391761733350381</mytracks:length></extensions></trkpt><trkpt lat="33.59319456847106" lon="130.3701670030394"><ele>7.509003584996348</ele><time>2025-12-28T07:37:42.99900Z</time><extensions><mytracks:speed>4.635494290085795</mytracks:speed><mytracks:length>0.006438125268175151</mytracks:length></extensions></trkpt><trkpt lat="33.59313427287572" lon="130.3701845660834"><ele>7.110293318981797</ele><time>2025-12-28T07:37:48.50000Z</time><extensions><mytracks:speed>4.51544599790312</mytracks:speed><mytracks:length>0.006899647704415348</mytracks:length></extensions></trkpt><trkpt lat="33.59308525934765" lon="130.3702135626755"><ele>5.964360331146731</ele><time>2025-12-28T07:37:53.50000Z</time><extensions><mytracks:speed>4.373830459949883</mytracks:speed><mytracks:length>0.006075117342534885</mytracks:length></extensions></trkpt><trkpt lat="33.59302112456936" lon="130.3702335309673"><ele>5.826204403746065</ele><time>2025-12-28T07:37:59.00000Z</time><extensions><mytracks:speed>4.822526778073758</mytracks:speed><mytracks:length>0.007367737586787867</mytracks:length></extensions></trkpt><trkpt lat="33.5929672123268" lon="130.3702567139366"><ele>5.328923723106287</ele><time>2025-12-28T07:38:04.00000Z</time><extensions><mytracks:speed>4.584808200049858</mytracks:speed><mytracks:length>0.006367745746237503</mytracks:length></extensions></trkpt><trkpt lat="33.59290906611238" lon="130.370269546013"><ele>5.11178830327797</ele><time>2025-12-28T07:38:09.00000Z</time><extensions><mytracks:speed>4.733740431289212</mytracks:speed><mytracks:length>0.006574569263175707</mytracks:length></extensions></trkpt><trkpt lat="33.59284691899984" lon="130.3702837877638"><ele>5.797232471137685</ele><time>2025-12-28T07:38:14.00000Z</time><extensions><mytracks:speed>5.064667179986428</mytracks:speed><mytracks:gradient>0.09744469385712934</mytracks:gradient><mytracks:length>0.007034186683009079</mytracks:length></extensions></trkpt><trkpt lat="33.59278823817267" lon="130.3703105015467"><ele>5.885180562367082</ele><time>2025-12-28T07:38:19.00000Z</time><extensions><mytracks:speed>5.024376447651598</mytracks:speed><mytracks:gradient>0.01260321127498865</mytracks:gradient><mytracks:length>0.006978228747456718</mytracks:length></extensions></trkpt><trkpt lat="33.59272771663894" lon="130.370332175986"><ele>5.856146180054341</ele><time>2025-12-28T07:38:24.00000Z</time><extensions><mytracks:speed>5.055894623768006</mytracks:speed><mytracks:length>0.007022004043449722</mytracks:length></extensions></trkpt><trkpt lat="33.59267055536726" lon="130.3703440756"><ele>6.086948483142881</ele><time>2025-12-28T07:38:29.00000Z</time><extensions><mytracks:speed>4.644559838540431</mytracks:speed><mytracks:gradient>0.03577935301148941</mytracks:gradient><mytracks:length>0.006450712035358071</mytracks:length></extensions></trkpt><trkpt lat="33.59261255517553" lon="130.3703578271439"><ele>6.223330003306694</ele><time>2025-12-28T07:38:34.00000Z</time><extensions><mytracks:speed>4.733243849377828</mytracks:speed><mytracks:gradient>0.02074595843236582</mytracks:gradient><mytracks:length>0.006573883805293098</mytracks:length></extensions></trkpt><trkpt lat="33.5925611991996" lon="130.3703636218114"><ele>5.551882243813494</ele><time>2025-12-28T07:38:39.00000Z</time><extensions><mytracks:speed>4.130194661489314</mytracks:speed><mytracks:length>0.005736323485510095</mytracks:length></extensions></trkpt><trkpt lat="33.59250854208629" lon="130.370342969219"><ele>5.674633602939299</ele><time>2025-12-28T07:38:44.00000Z</time><extensions><mytracks:speed>4.435122199642009</mytracks:speed><mytracks:gradient>0.01992771684671651</mytracks:gradient><mytracks:length>0.006159830555101015</mytracks:length></extensions></trkpt><trkpt lat="33.59245330743287" lon="130.3703619614374"><ele>6.485091681671269</ele><time>2025-12-28T07:38:49.00000Z</time><extensions><mytracks:speed>4.599575823598849</mytracks:speed><mytracks:gradient>0.1268672799972146</mytracks:gradient><mytracks:length>0.006388235632936748</mytracks:length></extensions></trkpt><trkpt lat="33.59239453540858" lon="130.3703954358533"><ele>6.734763691726439</ele><time>2025-12-28T07:38:54.00000Z</time><extensions><mytracks:speed>5.207487597642071</mytracks:speed><mytracks:gradient>0.03452060814256926</mytracks:gradient><mytracks:length>0.007232549583832075</mytracks:length></extensions></trkpt><trkpt lat="33.59233767702958" lon="130.3704278941385"><ele>5.989585660270222</ele><time>2025-12-28T07:38:58.99900Z</time><extensions><mytracks:speed>5.040158311294046</mytracks:speed><mytracks:length>0.007000150614024515</mytracks:length></extensions></trkpt><trkpt lat="33.59228201509075" lon="130.3704472687096"><ele>5.690185345986253</ele><time>2025-12-28T07:39:03.99900Z</time><extensions><mytracks:speed>4.639022934238771</mytracks:speed><mytracks:length>0.006443023043906844</mytracks:length></extensions></trkpt><trkpt lat="33.59222360514714" lon="130.3704575947763"><ele>5.451458288212939</ele><time>2025-12-28T07:39:08.99900Z</time><extensions><mytracks:speed>4.726822759117674</mytracks:speed><mytracks:length>0.006564966339981966</mytracks:length></extensions></trkpt><trkpt lat="33.59216183147804" lon="130.3704719231645"><ele>5.670580328387717</ele><time>2025-12-28T07:39:13.99900Z</time><extensions><mytracks:speed>5.036912968306233</mytracks:speed><mytracks:gradient>0.03132264513422361</mytracks:gradient><mytracks:length>0.006995642904224639</mytracks:length></extensions></trkpt><trkpt lat="33.59210354475157" lon="130.3704951886141"><ele>5.289661660939412</ele><time>2025-12-28T07:39:18.99900Z</time><extensions><mytracks:speed>4.917695743210098</mytracks:speed><mytracks:length>0.006830065233967757</mytracks:length></extensions></trkpt><trkpt lat="33.5920514840308" lon="130.3705126232575"><ele>5.12979590942852</ele><time>2025-12-28T07:39:23.99900Z</time><extensions><mytracks:speed>4.327413429169326</mytracks:speed><mytracks:length>0.006010236674705684</mytracks:length></extensions></trkpt><trkpt lat="33.59199140206199" lon="130.3705271839264"><ele>5.200747001936646</ele><time>2025-12-28T07:39:28.99900Z</time><extensions><mytracks:speed>4.907233794739803</mytracks:speed><mytracks:gradient>0.01041020213289735</mytracks:gradient><mytracks:length>0.006815534569104419</mytracks:length></extensions></trkpt><trkpt lat="33.59194227788721" lon="130.3705420411974"><ele>4.968852535037321</ele><time>2025-12-28T07:39:33.99900Z</time><extensions><mytracks:speed>4.055996151339534</mytracks:speed><mytracks:length>0.005633272115425308</mytracks:length></extensions></trkpt><trkpt lat="33.5918885944677" lon="130.3705560580999"><ele>4.858541084381429</ele><time>2025-12-28T07:39:38.99900Z</time><extensions><mytracks:speed>4.397565089828613</mytracks:speed><mytracks:length>0.006107668131190782</mytracks:length></extensions></trkpt><trkpt lat="33.59182392501891" lon="130.370577340497"><ele>5.333265901131774</ele><time>2025-12-28T07:39:43.99900Z</time><extensions><mytracks:speed>5.368733862411385</mytracks:speed><mytracks:gradient>0.06366589264232696</mytracks:gradient><mytracks:length>0.007456501386344102</mytracks:length></extensions></trkpt><trkpt lat="33.59176564477008" lon="130.3705894818005"><ele>5.166719438729291</ele><time>2025-12-28T07:39:48.99900Z</time><extensions><mytracks:speed>4.736203608198257</mytracks:speed><mytracks:length>0.006577995481170098</mytracks:length></extensions></trkpt><trkpt lat="33.59170907671954" lon="130.3706101186611"><ele>5.916472947710509</ele><time>2025-12-28T07:39:54.50000Z</time><extensions><mytracks:speed>4.302693784468786</mytracks:speed><mytracks:gradient>0.1140384227420954</mytracks:gradient><mytracks:length>0.006574569263175707</mytracks:length></extensions></trkpt><trkpt lat="33.59168906353014" lon="130.3706767321046"><ele>5.190126496048745</ele><time>2025-12-28T07:40:00.00000Z</time><extensions><mytracks:speed>4.292799350148642</mytracks:speed><mytracks:length>0.006558785607709491</mytracks:length></extensions></trkpt><trkpt lat="33.59165664377045" lon="130.3707268444491"><ele>5.015708314987811</ele><time>2025-12-28T07:40:05.00000Z</time><extensions><mytracks:speed>4.230751249220739</mytracks:speed><mytracks:length>0.005876027150583615</mytracks:length></extensions></trkpt><trkpt lat="33.59160320820018" lon="130.3707327418767"><ele>4.899568098535525</ele><time>2025-12-28T07:40:10.00000Z</time><extensions><mytracks:speed>4.295979904241455</mytracks:speed><mytracks:length>0.005966590957957762</mytracks:length></extensions></trkpt><trkpt lat="33.59154981937694" lon="130.3707307599828"><ele>5.652520177677735</ele><time>2025-12-28T07:40:15.00000Z</time><extensions><mytracks:speed>4.275830502654515</mytracks:speed><mytracks:gradient>0.1267899104447372</mytracks:gradient><mytracks:length>0.005938580416226356</mytracks:length></extensions></trkpt><trkpt lat="33.59149291541628" lon="130.3707337283397"><ele>5.773646440037935</ele><time>2025-12-28T07:40:20.00000Z</time><extensions><mytracks:speed>4.559282267717078</mytracks:speed><mytracks:gradient>0.01912843306320346</mytracks:gradient><mytracks:length>0.006332262656328387</mytracks:length></extensions></trkpt><trkpt lat="33.59142962303114" lon="130.3707249320924"><ele>5.885829322663312</ele><time>2025-12-28T07:40:25.00000Z</time><extensions><mytracks:speed>5.100981540590049</mytracks:speed><mytracks:gradient>0.01583471563529964</mytracks:gradient><mytracks:length>0.0070846161818841</mytracks:length></extensions></trkpt><trkpt lat="33.59136538720605" lon="130.3707369698495"><ele>6.061171053745475</ele><time>2025-12-28T07:40:30.00000Z</time><extensions><mytracks:speed>5.204800565911764</mytracks:speed><mytracks:gradient>0.02425595993124687</mytracks:gradient><mytracks:length>0.007228810221453471</mytracks:length></extensions></trkpt><trkpt lat="33.59130018338955" lon="130.3707572360865"><ele>6.505741287444333</ele><time>2025-12-28T07:40:35.00000Z</time><extensions><mytracks:speed>5.392617979848132</mytracks:speed><mytracks:gradient>0.05935781026279018</mytracks:gradient><mytracks:length>0.007489667016533231</mytracks:length></extensions></trkpt><trkpt lat="33.59123446204813" lon="130.370746158833"><ele>6.445870661383008</ele><time>2025-12-28T07:40:40.00000Z</time><extensions><mytracks:speed>5.313188498616953</mytracks:speed><mytracks:length>0.007379349473562337</mytracks:length></extensions></trkpt><trkpt lat="33.59117443335202" lon="130.3707521924804"><ele>6.794407088303973</ele><time>2025-12-28T07:40:45.00000Z</time><extensions><mytracks:speed>4.822721522672008</mytracks:speed><mytracks:gradient>0.05203469468685311</mytracks:gradient><mytracks:length>0.006698154548969121</mytracks:length></extensions></trkpt><trkpt lat="33.59111529474773" lon="130.3707600693448"><ele>7.106015640705504</ele><time>2025-12-28T07:40:50.00000Z</time><extensions><mytracks:speed>4.763257699870582</mytracks:speed><mytracks:gradient>0.04710232144755621</mytracks:gradient><mytracks:length>0.006615566766671505</mytracks:length></extensions></trkpt><trkpt lat="33.59105236080822" lon="130.3707681780128"><ele>7.2971441459409</ele><time>2025-12-28T07:40:55.00000Z</time><extensions><mytracks:speed>5.067433639469693</mytracks:speed><mytracks:gradient>0.0271565367209852</mytracks:gradient><mytracks:length>0.00703802945121869</mytracks:length></extensions></trkpt><trkpt lat="33.5910042238072" lon="130.3707890002458"><ele>6.893568680594825</ele><time>2025-12-28T07:41:00.00000Z</time><extensions><mytracks:speed>4.096687735660465</mytracks:speed><mytracks:length>0.00568978533806161</mytracks:length></extensions></trkpt><trkpt lat="33.59097317772562" lon="130.3708306379344"><ele>7.236633262526136</ele><time>2025-12-28T07:41:04.99900Z</time><extensions><mytracks:speed>3.726396728500163</mytracks:speed><mytracks:gradient>0.06628629775679044</mytracks:gradient><mytracks:length>0.005175497705272991</mytracks:length></extensions></trkpt><trkpt lat="33.59096823077822" lon="130.3709055084937"><ele>7.554146593004423</ele><time>2025-12-28T07:41:09.99900Z</time><extensions><mytracks:speed>5.008075988489808</mytracks:speed><mytracks:gradient>0.0456486556411238</mytracks:gradient><mytracks:length>0.006955589951530711</mytracks:length></extensions></trkpt><trkpt lat="33.59096456135401" lon="130.3709800192923"><ele>7.41483221844978</ele><time>2025-12-28T07:41:14.99900Z</time><extensions><mytracks:speed>4.977662645195728</mytracks:speed><mytracks:length>0.006913349793829456</mytracks:length></extensions></trkpt><trkpt lat="33.59097335495552" lon="130.371046836551"><ele>7.399275760010015</ele><time>2025-12-28T07:41:19.99900Z</time><extensions><mytracks:speed>4.510853853539853</mytracks:speed><mytracks:length>0.006265010417672175</mytracks:length></extensions></trkpt><trkpt lat="33.59098320177202" lon="130.3711100086989"><ele>7.687468513482035</ele><time>2025-12-28T07:41:24.99900Z</time><extensions><mytracks:speed>4.28618982050306</mytracks:speed><mytracks:gradient>0.04841150499491505</mytracks:gradient><mytracks:length>0.005952980670654424</mytracks:length></extensions></trkpt><trkpt lat="33.59100774335747" lon="130.3711843600776"><ele>7.634084725950775</ele><time>2025-12-28T07:41:29.99900Z</time><extensions><mytracks:speed>5.333372993706426</mytracks:speed><mytracks:length>0.007407387079784608</mytracks:length></extensions></trkpt><trkpt lat="33.59101494933964" lon="130.371244667319"><ele>7.562025283290805</ele><time>2025-12-28T07:41:34.99900Z</time><extensions><mytracks:speed>4.063478247525866</mytracks:speed><mytracks:length>0.005643661928821301</mytracks:length></extensions></trkpt><trkpt lat="33.59101223963659" lon="130.3713138995435"><ele>7.478241874825683</ele><time>2025-12-28T07:41:39.99900Z</time><extensions><mytracks:speed>4.621870439680124</mytracks:speed><mytracks:length>0.006419198842310322</mytracks:length></extensions></trkpt><trkpt lat="33.59101110775106" lon="130.3713888634083"><ele>7.730705863559932</ele><time>2025-12-28T07:41:44.99900Z</time><extensions><mytracks:speed>5.000139386016618</mytracks:speed><mytracks:gradient>0.03635417103810017</mytracks:gradient><mytracks:length>0.006944567336431894</mytracks:length></extensions></trkpt><trkpt lat="33.59102796694115" lon="130.3714518695851"><ele>7.878831654931685</ele><time>2025-12-28T07:41:49.99900Z</time><extensions><mytracks:speed>4.41347410852291</mytracks:speed><mytracks:gradient>0.02416501217171317</mytracks:gradient><mytracks:length>0.006129762746204814</mytracks:length></extensions></trkpt><trkpt lat="33.5910238647383" lon="130.3714938244974"><ele>7.846796125071768</ele><time>2025-12-28T07:41:54.99900Z</time><extensions><mytracks:speed>2.817483201662723</mytracks:speed><mytracks:length>0.003913131182189033</mytracks:length></extensions></trkpt><trkpt lat="33.59099140855363" lon="130.3715616303917"><ele>7.634486424968555</ele><time>2025-12-28T07:42:00.50000Z</time><extensions><mytracks:speed>4.741046336997919</mytracks:speed><mytracks:length>0.007244378164327671</mytracks:length></extensions></trkpt><trkpt lat="33.59098679270197" lon="130.371641319907"><ele>7.834631594777737</ele><time>2025-12-28T07:42:06.00000Z</time><extensions><mytracks:speed>4.8430351177387</mytracks:speed><mytracks:gradient>0.02704856655991072</mytracks:gradient><mytracks:length>0.007399474177896785</mytracks:length></extensions></trkpt><trkpt lat="33.59099580160028" lon="130.3717086992732"><ele>7.707160441998182</ele><time>2025-12-28T07:42:11.00000Z</time><extensions><mytracks:speed>4.55051451803442</mytracks:speed><mytracks:length>0.006320153025452219</mytracks:length></extensions></trkpt><trkpt lat="33.59100356311608" lon="130.371774173448"><ele>7.72596130549559</ele><time>2025-12-28T07:42:16.00000Z</time><extensions><mytracks:speed>4.410282426260986</mytracks:speed><mytracks:gradient>0.003069353242951591</mytracks:gradient><mytracks:length>0.006125350198965034</mytracks:length></extensions></trkpt><trkpt lat="33.59102340833665" lon="130.3718652517081"><ele>7.847047974361918</ele><time>2025-12-28T07:42:21.00000Z</time><extensions><mytracks:speed>6.278178306654651</mytracks:speed><mytracks:gradient>0.01388674077049238</mytracks:gradient><mytracks:length>0.008719588769426939</mytracks:length></extensions></trkpt><trkpt lat="33.5910178697697" lon="130.3718600408323"><ele>7.945579316833713</ele><time>2025-12-28T07:42:26.00000Z</time><extensions><mytracks:speed>0.5595032274811782</mytracks:speed><mytracks:gradient>0.1267970883260997</mytracks:gradient><mytracks:length>0.0007770789043545636</mytracks:length></extensions></trkpt><trkpt lat="33.59101049078275" lon="130.3718558795892"><ele>7.888670609925683</ele><time>2025-12-28T07:42:32.33300Z</time><extensions><mytracks:speed>0.5147820329047477</mytracks:speed><mytracks:length>0.0009056250232796916</mytracks:length></extensions></trkpt><trkpt lat="33.59101440248357" lon="130.3718690269081"><ele>7.750806803815067</ele><time>2025-12-28T07:42:45.00000Z</time><extensions><mytracks:speed>0.3679841109874918</mytracks:speed><mytracks:length>0.001294744843117849</mytracks:length></extensions></trkpt><trkpt lat="33.59100998438115" lon="130.3719579093762"><ele>7.849539421834327</ele><time>2025-12-28T07:42:55.00000Z</time><extensions><mytracks:speed>2.968883629241294</mytracks:speed><mytracks:gradient>0.01197221575458854</mytracks:gradient><mytracks:length>0.008246812456701589</mytracks:length></extensions></trkpt><trkpt lat="33.59099546690612" lon="130.372008360685"><ele>7.793317583173496</ele><time>2025-12-28T07:43:02.50000Z</time><extensions><mytracks:speed>2.372675123237196</mytracks:speed><mytracks:length>0.004943021239941566</mytracks:length></extensions></trkpt><trkpt lat="33.59096782651996" lon="130.3721637454786"><ele>7.692702675238252</ele><time>2025-12-28T07:43:25.99900Z</time><extensions><mytracks:speed>2.254560284209149</mytracks:speed><mytracks:length>0.01471711472888437</mytracks:length></extensions></trkpt><trkpt lat="33.59098969156617" lon="130.3722051276272"><ele>7.651699555849333</ele><time>2025-12-28T07:43:30.99900Z</time><extensions><mytracks:speed>3.267441888645012</mytracks:speed><mytracks:length>0.004538066127521538</mytracks:length></extensions></trkpt><trkpt lat="33.59099079899366" lon="130.3722285304943"><ele>7.64960916340351</ele><time>2025-12-28T07:43:35.99900Z</time><extensions><mytracks:speed>1.56170867131675</mytracks:speed><mytracks:length>0.002169017067140007</mytracks:length></extensions></trkpt><trkpt lat="33.59102939622036" lon="130.3722498387281"><ele>7.569790148176253</ele><time>2025-12-28T07:44:00.99900Z</time><extensions><mytracks:speed>0.6801149637770434</mytracks:speed><mytracks:length>0.00472297144070746</mytracks:length></extensions></trkpt><trkpt lat="33.59102367809795" lon="130.372246317096"><ele>7.642615331570012</ele><time>2025-12-28T07:44:06.50000Z</time><extensions><mytracks:speed>0.4690703565123493</mytracks:speed><mytracks:gradient>0.1016053184441185</mytracks:gradient><mytracks:length>0.0007167457817064221</mytracks:length></extensions></trkpt><trkpt lat="33.59102322027432" lon="130.3722646723231"><ele>7.726590471896298</ele><time>2025-12-28T07:44:12.00000Z</time><extensions><mytracks:speed>1.113262008859347</mytracks:speed><mytracks:gradient>0.04937083861430978</mytracks:gradient><mytracks:length>0.001700905690144502</mytracks:length></extensions></trkpt><trkpt lat="33.59102420759238" lon="130.3722896956135"><ele>7.678999321533798</ele><time>2025-12-28T07:44:17.00000Z</time><extensions><mytracks:speed>1.670120928431904</mytracks:speed><mytracks:length>0.002319609524798665</mytracks:length></extensions></trkpt><trkpt lat="33.59102048820372" lon="130.3723600131878"><ele>7.686859547473153</ele><time>2025-12-28T07:44:23.33300Z</time><extensions><mytracks:speed>3.70977970251048</mytracks:speed><mytracks:gradient>0.001204371454196351</mytracks:gradient><mytracks:length>0.006526413351933976</mytracks:length></extensions></trkpt><trkpt lat="33.59101527999504" lon="130.3725260118677"><ele>7.450839495286345</ele><time>2025-12-28T07:44:36.00000Z</time><extensions><mytracks:speed>4.373068687754914</mytracks:speed><mytracks:length>0.01538654890778718</mytracks:length></extensions></trkpt><trkpt lat="33.59102886769082" lon="130.372568723826"><ele>7.378013447330086</ele><time>2025-12-28T07:44:41.00000Z</time><extensions><mytracks:speed>3.049239421691327</mytracks:speed><mytracks:length>0.004235008204453614</mytracks:length></extensions></trkpt><trkpt lat="33.59101594529035" lon="130.372597610414"><ele>7.256132891968817</ele><time>2025-12-28T07:44:46.00000Z</time><extensions><mytracks:speed>2.187332993424246</mytracks:speed><mytracks:length>0.003037929534912138</mytracks:length></extensions></trkpt><trkpt lat="33.59101871810775" lon="130.37266668107"><ele>6.826768641314931</ele><time>2025-12-28T07:44:51.00000Z</time><extensions><mytracks:speed>4.61124621981624</mytracks:speed><mytracks:length>0.006404439620319671</mytracks:length></extensions></trkpt><trkpt lat="33.59099839146659" lon="130.3727198587786"><ele>7.105468229009825</ele><time>2025-12-28T07:44:56.00000Z</time><extensions><mytracks:speed>3.900979798195968</mytracks:speed><mytracks:gradient>0.05143985421885718</mytracks:gradient><mytracks:length>0.005417970014244823</mytracks:length></extensions></trkpt><trkpt lat="33.59097280814247" lon="130.3727374931239"><ele>7.120145725362594</ele><time>2025-12-28T07:45:01.00000Z</time><extensions><mytracks:speed>2.361929967687483</mytracks:speed><mytracks:gradient>0.004474269091813984</mytracks:gradient><mytracks:length>0.003280423249380101</mytracks:length></extensions></trkpt><trkpt lat="33.5909217829527" lon="130.372744746357"><ele>6.798420955129248</ele><time>2025-12-28T07:45:06.00000Z</time><extensions><mytracks:speed>4.113192671249453</mytracks:speed><mytracks:length>0.005712707397234505</mytracks:length></extensions></trkpt><trkpt lat="33.59087804109209" lon="130.3727585050841"><ele>7.217913816198665</ele><time>2025-12-28T07:45:10.99900Z</time><extensions><mytracks:speed>3.62083451134672</mytracks:speed><mytracks:gradient>0.08341670350773001</mytracks:gradient><mytracks:length>0.005028883226373771</mytracks:length></extensions></trkpt><trkpt lat="33.59082807813561" lon="130.3727772232336"><ele>7.259482823875009</ele><time>2025-12-28T07:45:15.99900Z</time><extensions><mytracks:speed>4.190839277286724</mytracks:speed><mytracks:gradient>0.007141768633918132</mytracks:gradient><mytracks:length>0.005820548075293541</mytracks:length></extensions></trkpt><trkpt lat="33.59077476306356" lon="130.3727846069139"><ele>7.246624687549136</ele><time>2025-12-28T07:45:20.99900Z</time><extensions><mytracks:speed>4.297621943036231</mytracks:speed><mytracks:length>0.005968856321941667</mytracks:length></extensions></trkpt><trkpt lat="33.59071900278038" lon="130.3727922174052"><ele>7.096572690103852</ele><time>2025-12-28T07:45:25.99900Z</time><extensions><mytracks:speed>4.493212251838896</mytracks:speed><mytracks:length>0.006240506659426336</mytracks:length></extensions></trkpt><trkpt lat="33.59065600736277" lon="130.3728108842737"><ele>7.281743109551149</ele><time>2025-12-28T07:45:30.99900Z</time><extensions><mytracks:speed>5.194464159969685</mytracks:speed><mytracks:gradient>0.02566657374907751</mytracks:gradient><mytracks:length>0.007214458044052412</mytracks:length></extensions></trkpt><trkpt lat="33.59060142305842" lon="130.3728372469489"><ele>7.314062573872074</ele><time>2025-12-28T07:45:35.99900Z</time><extensions><mytracks:speed>4.710488166585018</mytracks:speed><mytracks:gradient>0.004940095576449497</mytracks:gradient><mytracks:length>0.006542275107995663</mytracks:length></extensions></trkpt><trkpt lat="33.59055334464044" lon="130.3728836083226"><ele>7.54408827222008</ele><time>2025-12-28T07:45:40.99900Z</time><extensions><mytracks:speed>4.937137349049343</mytracks:speed><mytracks:gradient>0.03354580527628821</mytracks:gradient><mytracks:length>0.006857062945828248</mytracks:length></extensions></trkpt><trkpt lat="33.5905519814975" lon="130.3729682366527"><ele>7.33514191065619</ele><time>2025-12-28T07:45:45.99900Z</time><extensions><mytracks:speed>5.645737068417749</mytracks:speed><mytracks:length>0.007841218851484992</mytracks:length></extensions></trkpt><trkpt lat="33.59054542516697" lon="130.3730448438814"><ele>7.130111284916564</ele><time>2025-12-28T07:45:50.99900Z</time><extensions><mytracks:speed>5.136120900736423</mytracks:speed><mytracks:length>0.00713342590738882</mytracks:length></extensions></trkpt><trkpt lat="33.59053436791159" lon="130.3731026952884"><ele>6.745919632303575</ele><time>2025-12-28T07:45:55.99900Z</time><extensions><mytracks:speed>3.958643027033371</mytracks:speed><mytracks:length>0.005498057113457976</mytracks:length></extensions></trkpt><trkpt lat="33.59052431350199" lon="130.3731197934195"><ele>7.192447536745677</ele><time>2025-12-28T07:46:00.99900Z</time><extensions><mytracks:speed>1.397503488742463</mytracks:speed><mytracks:gradient>0.2300555661065675</mytracks:gradient><mytracks:length>0.001940956752314605</mytracks:length></extensions></trkpt><trkpt lat="33.59052626859734" lon="130.373115859358"><ele>7.37195766983301</ele><time>2025-12-28T07:46:05.99900Z</time><extensions><mytracks:speed>0.3056890133258341</mytracks:speed><mytracks:gradient>0.4228109763526011</mytracks:gradient><mytracks:length>0.0004245635594323624</mytracks:length></extensions></trkpt><trkpt lat="33.59053043484119" lon="130.373107365858"><ele>7.619273243445574</ele><time>2025-12-28T07:46:11.49900Z</time><extensions><mytracks:speed>0.5959617795568529</mytracks:speed><mytracks:gradient>0.2716000424703994</mytracks:gradient><mytracks:length>0.000910587389320891</mytracks:length></extensions></trkpt><trkpt lat="33.59053131087606" lon="130.3731142743736"><ele>7.575659429603209</ele><time>2025-12-28T07:46:16.50000Z</time><extensions><mytracks:speed>0.4635405081719494</mytracks:speed><mytracks:length>0.0006438825178517565</mytracks:length></extensions></trkpt><trkpt lat="33.59053163492144" lon="130.37312867541"><ele>6.836621796721367</ele><time>2025-12-28T07:46:22.50000Z</time><extensions><mytracks:speed>0.7974561226577188</mytracks:speed><mytracks:length>0.00132909417152405</mytracks:length></extensions></trkpt><trkpt lat="33.59048717552005" lon="130.373147854479"><ele>6.889812551970893</ele><time>2025-12-28T07:46:28.00000Z</time><extensions><mytracks:speed>3.438526843326963</mytracks:speed><mytracks:gradient>0.01012525211665731</mytracks:gradient><mytracks:length>0.005253277117121896</mytracks:length></extensions></trkpt><trkpt lat="33.59043439251938" lon="130.3731496338685"><ele>7.247906448270804</ele><time>2025-12-28T07:46:33.00000Z</time><extensions><mytracks:speed>4.228027081680907</mytracks:speed><mytracks:gradient>0.06098130553957164</mytracks:gradient><mytracks:length>0.005872191372937051</mytracks:length></extensions></trkpt><trkpt lat="33.59037736907492" lon="130.3731397041973"><ele>7.220246756176969</ele><time>2025-12-28T07:46:38.00000Z</time><extensions><mytracks:speed>4.612768245974199</mytracks:speed><mytracks:length>0.006406550162351034</mytracks:length></extensions></trkpt><trkpt lat="33.59031540506152" lon="130.3731374176015"><ele>7.520605554642707</ele><time>2025-12-28T07:46:43.00000Z</time><extensions><mytracks:speed>4.963096855198108</mytracks:speed><mytracks:gradient>0.04357375023779143</mytracks:gradient><mytracks:length>0.006893113326867986</mytracks:length></extensions></trkpt><trkpt lat="33.59027656380307" lon="130.3731783221184"><ele>7.08230755674705</ele><time>2025-12-28T07:46:48.00000Z</time><extensions><mytracks:speed>4.136415606069383</mytracks:speed><mytracks:length>0.005744958394036768</mytracks:length></extensions></trkpt><trkpt lat="33.59027089128387" lon="130.3732552932296"><ele>6.586350912821253</ele><time>2025-12-28T07:46:53.00000Z</time><extensions><mytracks:speed>5.152471180206613</mytracks:speed><mytracks:length>0.007156131829766851</mytracks:length></extensions></trkpt><trkpt lat="33.59025348376637" lon="130.3733269144472"><ele>6.947585660063191</ele><time>2025-12-28T07:46:58.00000Z</time><extensions><mytracks:speed>4.975318431550393</mytracks:speed><mytracks:gradient>0.05227641821891127</mytracks:gradient><mytracks:length>0.006910089855989017</mytracks:length></extensions></trkpt><trkpt lat="33.59021254854855" lon="130.373358252243"><ele>6.510335000054297</ele><time>2025-12-28T07:47:03.04800Z</time><extensions><mytracks:speed>3.849679163424263</mytracks:speed><mytracks:length>0.005397971287072447</mytracks:length></extensions></trkpt><trkpt lat="33.5901570071595" lon="130.3733494920326"><ele>5.754064902713022</ele><time>2025-12-28T07:47:08.06900Z</time><extensions><mytracks:speed>4.465869555530432</mytracks:speed><mytracks:length>0.006228942124754903</mytracks:length></extensions></trkpt><trkpt lat="33.59010530468221" lon="130.3733548466683"><ele>5.449917502930591</ele><time>2025-12-28T07:47:13.05600Z</time><extensions><mytracks:speed>4.165636294787226</mytracks:speed><mytracks:length>0.005770785596919198</mytracks:length></extensions></trkpt><trkpt lat="33.59004548874813" lon="130.3733682582109"><ele>5.743517779768043</ele><time>2025-12-28T07:47:18.04400Z</time><extensions><mytracks:speed>4.883662154039341</mytracks:speed><mytracks:gradient>0.04338645290399943</mytracks:gradient><mytracks:length>0.006767095652808889</mytracks:length></extensions></trkpt><trkpt lat="33.58998643510802" lon="130.3733808107115"><ele>6.789389269609137</ele><time>2025-12-28T07:47:23.02600Z</time><extensions><mytracks:speed>4.819621953454665</mytracks:speed><mytracks:gradient>0.1568220143877834</mytracks:gradient><mytracks:length>0.006669162450973902</mytracks:length></extensions></trkpt><trkpt lat="33.58993406665239" lon="130.3734048575244"><ele>6.266587384101999</ele><time>2025-12-28T07:47:28.02000Z</time><extensions><mytracks:speed>4.49352399552658</mytracks:speed><mytracks:length>0.006233281339579138</mytracks:length></extensions></trkpt><trkpt lat="33.58990031455489" lon="130.3734486003648"><ele>6.857741605033069</ele><time>2025-12-28T07:47:33.00400Z</time><extensions><mytracks:speed>3.988391433059566</mytracks:speed><mytracks:gradient>0.1070587277697997</mytracks:gradient><mytracks:length>0.005521775134505462</mytracks:length></extensions></trkpt><trkpt lat="33.58990610928705" lon="130.3735160261165"><ele>6.743107542452631</ele><time>2025-12-28T07:47:37.99300Z</time><extensions><mytracks:speed>4.530057188656906</mytracks:speed><mytracks:length>0.006278662042086587</mytracks:length></extensions></trkpt><trkpt lat="33.58990362196662" lon="130.3735978429627"><ele>6.043238524823386</ele><time>2025-12-28T07:47:43.00400Z</time><extensions><mytracks:speed>5.448427538571778</mytracks:speed><mytracks:length>0.007583541891104015</mytracks:length></extensions></trkpt><trkpt lat="33.5898922458329" lon="130.3736738773485"><ele>5.88149085021866</ele><time>2025-12-28T07:47:47.99100Z</time><extensions><mytracks:speed>5.165724435454802</mytracks:speed><mytracks:length>0.007155502082607647</mytracks:length></extensions></trkpt><trkpt lat="33.58988247059637" lon="130.3737603261618"><ele>5.331450130086411</ele><time>2025-12-28T07:47:52.99900Z</time><extensions><mytracks:speed>5.808697868622536</mytracks:speed><mytracks:length>0.008081219119417541</mytracks:length></extensions></trkpt><trkpt lat="33.5898835005184" lon="130.3738459923542"><ele>5.133984355257601</ele><time>2025-12-28T07:47:58.01100Z</time><extensions><mytracks:speed>5.700307162745127</mytracks:speed><mytracks:length>0.007935477954028131</mytracks:length></extensions></trkpt><trkpt lat="33.58987360003357" lon="130.3739272157415"><ele>5.428080463159322</ele><time>2025-12-28T07:48:03.01700Z</time><extensions><mytracks:speed>5.467787981744721</mytracks:speed><mytracks:gradient>0.038680945516788</mytracks:gradient><mytracks:length>0.007603126138012313</mytracks:length></extensions></trkpt><trkpt lat="33.58986472808976" lon="130.3740047357305"><ele>5.406242253938305</ele><time>2025-12-28T07:48:07.99900Z</time><extensions><mytracks:speed>5.236901312460271</mytracks:speed><mytracks:length>0.007247487740023231</mytracks:length></extensions></trkpt><trkpt lat="33.58985863196738" lon="130.3740815470953"><ele>5.281396974129688</ele><time>2025-12-28T07:48:13.00900Z</time><extensions><mytracks:speed>5.134715316957175</mytracks:speed><mytracks:length>0.007146679795751578</mytracks:length></extensions></trkpt><trkpt lat="33.58985392080393" lon="130.3741543678519"><ele>5.141159340691982</ele><time>2025-12-28T07:48:18.50800Z</time><extensions><mytracks:speed>4.429282049693284</mytracks:speed><mytracks:length>0.006765097592929852</mytracks:length></extensions></trkpt><trkpt lat="33.58984693267711" lon="130.3742057403405"><ele>5.362215280041048</ele><time>2025-12-28T07:48:23.49900Z</time><extensions><mytracks:speed>3.478403382972914</mytracks:speed><mytracks:gradient>0.04584211193460871</mytracks:gradient><mytracks:length>0.004822115081966341</mytracks:length></extensions></trkpt><trkpt lat="33.58985625963804" lon="130.3742478856266"><ele>3.605724033461126</ele><time>2025-12-28T07:48:28.49800Z</time><extensions><mytracks:speed>2.908511997790611</mytracks:speed><mytracks:length>0.004038936313908456</mytracks:length></extensions></trkpt><trkpt lat="33.58984786824152" lon="130.3743140146864"><ele>4.338507469343533</ele><time>2025-12-28T07:48:33.98600Z</time><extensions><mytracks:speed>4.064763825120509</mytracks:speed><mytracks:gradient>0.1182475520812524</mytracks:gradient><mytracks:length>0.006197028378049493</mytracks:length></extensions></trkpt><trkpt lat="33.58984209213607" lon="130.3744005452038"><ele>3.934697778446496</ele><time>2025-12-28T07:48:38.99600Z</time><extensions><mytracks:speed>5.778836557808281</mytracks:speed><mytracks:length>0.008041529704555407</mytracks:length></extensions></trkpt><trkpt lat="33.58984274828936" lon="130.3744791612236"><ele>3.709173657320498</ele><time>2025-12-28T07:48:43.99400Z</time><extensions><mytracks:speed>5.244741113936595</mytracks:speed><mytracks:length>0.00728160542983354</mytracks:length></extensions></trkpt><trkpt lat="33.58983231579588" lon="130.3745517855746"><ele>4.389237347259986</ele><time>2025-12-28T07:48:48.99900Z</time><extensions><mytracks:speed>4.909640548701677</mytracks:speed><mytracks:gradient>0.0996268956883315</mytracks:gradient><mytracks:length>0.006826105392934955</mytracks:length></extensions></trkpt><trkpt lat="33.58982783163562" lon="130.3746234302081"><ele>4.436556841829613</ele><time>2025-12-28T07:48:53.99000Z</time><extensions><mytracks:speed>4.800558604768532</mytracks:speed><mytracks:gradient>0.007110412612681386</mytracks:gradient><mytracks:length>0.006654957615994441</mytracks:length></extensions></trkpt><trkpt lat="33.58981305663463" lon="130.3746977233165"><ele>5.523270328834124</ele><time>2025-12-28T07:48:58.99100Z</time><extensions><mytracks:speed>5.093381135984794</mytracks:speed><mytracks:gradient>0.1535975900007904</mytracks:gradient><mytracks:length>0.007075068606212635</mytracks:length></extensions></trkpt><trkpt lat="33.58978996834183" lon="130.3747792549987"><ele>6.521933734296484</ele><time>2025-12-28T07:49:04.00300Z</time><extensions><mytracks:speed>5.728152559969668</mytracks:speed><mytracks:gradient>0.1252044680297036</mytracks:gradient><mytracks:length>0.007976260122166215</mytracks:length></extensions></trkpt><trkpt lat="33.58977165648494" lon="130.3748443148069"><ele>6.122962739767209</ele><time>2025-12-28T07:49:09.00100Z</time><extensions><mytracks:speed>4.582238030352539</mytracks:speed><mytracks:length>0.006361373396643744</mytracks:length></extensions></trkpt><trkpt lat="33.58976394613984" lon="130.3749129123783"><ele>5.340776534622806</ele><time>2025-12-28T07:49:14.00200Z</time><extensions><mytracks:speed>4.616052093927847</mytracks:speed><mytracks:length>0.006412174878238991</mytracks:length></extensions></trkpt><trkpt lat="33.58977336805326" lon="130.3749667872338"><ele>4.078431175657418</ele><time>2025-12-28T07:49:18.99300Z</time><extensions><mytracks:speed>3.677976632875961</mytracks:speed><mytracks:length>0.005099183332426395</mytracks:length></extensions></trkpt><trkpt lat="33.58976799714287" lon="130.3750275091644"><ele>3.358281807569456</ele><time>2025-12-28T07:49:24.00600Z</time><extensions><mytracks:speed>4.061687041724906</mytracks:speed><mytracks:length>0.005655626457681358</mytracks:length></extensions></trkpt><trkpt lat="33.58973186398684" lon="130.3750598156756"><ele>3.387491059323624</ele><time>2025-12-28T07:49:29.01000Z</time><extensions><mytracks:speed>3.604764776686065</mytracks:speed><mytracks:gradient>0.005829108753912551</mytracks:gradient><mytracks:length>0.005010929283925844</mytracks:length></extensions></trkpt><trkpt lat="33.58967570864183" lon="130.3750606828316"><ele>3.971450025433171</ele><time>2025-12-28T07:49:34.00700Z</time><extensions><mytracks:speed>4.500016374156852</mytracks:speed><mytracks:gradient>0.09348906584176833</mytracks:gradient><mytracks:length>0.006246280897681725</mytracks:length></extensions></trkpt><trkpt lat="33.58962163853472" lon="130.3750424893889"><ele>4.200833650988916</ele><time>2025-12-28T07:49:39.01600Z</time><extensions><mytracks:speed>4.488115576180688</mytracks:speed><mytracks:gradient>0.03673596371259436</mytracks:gradient><mytracks:length>0.006244116184084336</mytracks:length></extensions></trkpt><trkpt lat="33.58956392455287" lon="130.3750503344293"><ele>4.747215940015326</ele><time>2025-12-28T07:49:44.00900Z</time><extensions><mytracks:speed>4.655999276345714</mytracks:speed><mytracks:gradient>0.08460950332951656</mytracks:gradient><mytracks:length>0.00645769408311608</mytracks:length></extensions></trkpt><trkpt lat="33.5895136048286" lon="130.375091108523"><ele>4.837111118304192</ele><time>2025-12-28T07:49:49.00000Z</time><extensions><mytracks:speed>4.868909581910838</mytracks:speed><mytracks:gradient>0.01331564485482772</mytracks:gradient><mytracks:length>0.006751094616065419</mytracks:length></extensions></trkpt><trkpt lat="33.58945975343494" lon="130.3751246230106"><ele>4.961467349771219</ele><time>2025-12-28T07:49:53.99900Z</time><extensions><mytracks:speed>4.857414491196579</mytracks:speed><mytracks:gradient>0.01843657148439457</mytracks:gradient><mytracks:length>0.006745084441122174</mytracks:length></extensions></trkpt><trkpt lat="33.58940942010184" lon="130.3751509934543"><ele>4.836543422994056</ele><time>2025-12-28T07:49:59.00400Z</time><extensions><mytracks:speed>4.392562313421138</mytracks:speed><mytracks:length>0.006106192314295687</mytracks:length></extensions></trkpt><trkpt lat="33.5893553206842" lon="130.3751961887279"><ele>5.264946963270128</ele><time>2025-12-28T07:50:04.00100Z</time><extensions><mytracks:speed>5.278926456857067</mytracks:speed><mytracks:gradient>0.05845728494052542</mytracks:gradient><mytracks:length>0.007328488497403362</mytracks:length></extensions></trkpt><trkpt lat="33.58930583650157" lon="130.3752457871064"><ele>5.123961884491662</ele><time>2025-12-28T07:50:09.00200Z</time><extensions><mytracks:speed>5.16006675031373</mytracks:speed><mytracks:length>0.007168086513861301</mytracks:length></extensions></trkpt><trkpt lat="33.58925183717973" lon="130.3752787516824"><ele>4.942596725841505</ele><time>2025-12-28T07:50:14.00800Z</time><extensions><mytracks:speed>4.844948270880456</mytracks:speed><mytracks:length>0.006736393610639878</mytracks:length></extensions></trkpt><trkpt lat="33.58921017173283" lon="130.3753018372942"><ele>5.055141192511061</ele><time>2025-12-28T07:50:19.00100Z</time><extensions><mytracks:speed>3.6793340977778</mytracks:speed><mytracks:gradient>0.02205579206451909</mytracks:gradient><mytracks:length>0.005102717070433626</mytracks:length></extensions></trkpt><trkpt lat="33.58919213138796" lon="130.3753583730338"><ele>5.116138311012302</ele><time>2025-12-28T07:50:24.49800Z</time><extensions><mytracks:speed>3.672399661619502</mytracks:speed><mytracks:gradient>0.01087755071784171</mytracks:gradient><mytracks:length>0.005607615177669709</mytracks:length></extensions></trkpt><trkpt lat="33.58918605084522" lon="130.3754330733173"><ele>4.984746189044547</ele><time>2025-12-28T07:50:29.49500Z</time><extensions><mytracks:speed>5.007623130010662</mytracks:speed><mytracks:length>0.006951701612485653</mytracks:length></extensions></trkpt><trkpt lat="33.5891960413155" lon="130.3755018853184"><ele>5.316851724326603</ele><time>2025-12-28T07:50:34.49700Z</time><extensions><mytracks:speed>4.656515926801975</mytracks:speed><mytracks:gradient>0.05133366720976999</mytracks:gradient><mytracks:length>0.006469546271162348</mytracks:length></extensions></trkpt><trkpt lat="33.58921985926122" lon="130.3755625497083"><ele>5.407083030575833</ele><time>2025-12-28T07:50:39.99500Z</time><extensions><mytracks:speed>4.067077823256391</mytracks:speed><mytracks:gradient>0.01452636367732773</mytracks:gradient><mytracks:length>0.006211554953016889</mytracks:length></extensions></trkpt><trkpt lat="33.58922618374717" lon="130.3756143715318"><ele>5.520736941113515</ele><time>2025-12-28T07:50:45.00000Z</time><extensions><mytracks:speed>3.48859363174027</mytracks:speed><mytracks:gradient>0.02343345967360499</mytracks:gradient><mytracks:length>0.004850069606482374</mytracks:length></extensions></trkpt><trkpt lat="33.58922774954588" lon="130.3756357479155"><ele>5.136054742441671</ele><time>2025-12-28T07:50:49.99900Z</time><extensions><mytracks:speed>1.430690316033601</mytracks:speed><mytracks:length>0.001986848592709958</mytracks:length></extensions></trkpt><trkpt lat="33.58919668326998" lon="130.3755921791939"><ele>4.931045519188046</ele><time>2025-12-28T07:51:05.00000Z</time><extensions><mytracks:speed>1.274890737274101</mytracks:speed><mytracks:length>0.005312136812476623</mytracks:length></extensions></trkpt><trkpt lat="33.58919876580705" lon="130.3756615234343"><ele>4.947709931691143</ele><time>2025-12-28T07:51:23.30500Z</time><extensions><mytracks:speed>1.264055709981946</mytracks:speed><mytracks:gradient>0.002592626675081279</mytracks:gradient><mytracks:length>0.006427617467360431</mytracks:length></extensions></trkpt><trkpt lat="33.58922248183269" lon="130.3759559007394"><ele>4.785080958157778</ele><time>2025-12-28T07:52:45.00000Z</time><extensions><mytracks:speed>1.207198161482084</mytracks:speed><mytracks:length>0.027394879368187</mytracks:length></extensions></trkpt><trkpt lat="33.58921274688766" lon="130.375906072025"><ele>4.728077113898374</ele><time>2025-12-28T07:52:50.01400Z</time><extensions><mytracks:speed>3.403179083497595</mytracks:speed><mytracks:length>0.004740114769089079</mytracks:length></extensions></trkpt><trkpt lat="33.58921656915009" lon="130.3759407855379"><ele>4.81002316909299</ele><time>2025-12-28T07:53:04.60500Z</time><extensions><mytracks:speed>0.7998411186633805</mytracks:speed><mytracks:gradient>0.02527848597615803</mytracks:gradient><mytracks:length>0.003241731141331196</mytracks:length></extensions></trkpt><trkpt lat="33.58924973388984" lon="130.3762450812384"><ele>3.973945887759328</ele><time>2025-12-28T07:54:08.99900Z</time><extensions><mytracks:speed>1.589199487089397</mytracks:speed><mytracks:length>0.02842642476461336</mytracks:length></extensions></trkpt><trkpt lat="33.58923903430845" lon="130.3763201366013"><ele>4.131045843820035</ele><time>2025-12-28T07:54:14.00200Z</time><extensions><mytracks:speed>5.074662042545954</mytracks:speed><mytracks:gradient>0.02227502236310566</mytracks:gradient><mytracks:length>0.007052740666196315</mytracks:length></extensions></trkpt><trkpt lat="33.5892206261507" lon="130.3763900941395"><ele>3.910012039686354</ele><time>2025-12-28T07:54:19.00400Z</time><extensions><mytracks:speed>4.891100055917088</mytracks:speed><mytracks:length>0.006795669955100857</mytracks:length></extensions></trkpt><trkpt lat="33.58919834795965" lon="130.3764495505505"><ele>3.624757913294529</ele><time>2025-12-28T07:54:24.01400Z</time><extensions><mytracks:speed>4.339569146492431</mytracks:speed><mytracks:length>0.006039407305950904</mytracks:length></extensions></trkpt><trkpt lat="33.58917419226216" lon="130.3765125766219"><ele>3.765094574138121</ele><time>2025-12-28T07:54:29.00500Z</time><extensions><mytracks:speed>4.635346219611536</mytracks:speed><mytracks:gradient>0.02183815169970088</mytracks:gradient><mytracks:length>0.006426215129072254</mytracks:length></extensions></trkpt><trkpt lat="33.58915269762284" lon="130.3765809823884"><ele>4.143502803222312</ele><time>2025-12-28T07:54:34.49900Z</time><extensions><mytracks:speed>4.437285765449958</mytracks:speed><mytracks:gradient>0.05588037386938964</mytracks:gradient><mytracks:length>0.00677175549985853</mytracks:length></extensions></trkpt><trkpt lat="33.5891168376641" lon="130.376655600748"><ele>4.433300242852747</ele><time>2025-12-28T07:54:40.50600Z</time><extensions><mytracks:speed>4.782284600693664</mytracks:speed><mytracks:gradient>0.03631963547537969</mytracks:gradient><mytracks:length>0.007979084476959653</mytracks:length></extensions></trkpt><trkpt lat="33.5890931411644" lon="130.3767283771395"><ele>4.645560997424883</ele><time>2025-12-28T07:54:46.50500Z</time><extensions><mytracks:speed>4.343263195403</mytracks:speed><mytracks:gradient>0.02932777955068473</mytracks:gradient><mytracks:length>0.00723753239502171</mytracks:length></extensions></trkpt><trkpt lat="33.58908751721939" lon="130.3768022906232"><ele>4.486735107517413</ele><time>2025-12-28T07:54:52.00400Z</time><extensions><mytracks:speed>4.500329374403297</mytracks:speed><mytracks:length>0.006874784028218482</mytracks:length></extensions></trkpt><trkpt lat="33.58909462122127" lon="130.3767921811377"><ele>3.945302968020232</ele><time>2025-12-28T07:54:57.00200Z</time><extensions><mytracks:speed>0.8810420932276388</mytracks:speed><mytracks:length>0.001223155751645057</mytracks:length></extensions></trkpt><trkpt lat="33.58909169018902" lon="130.3768135349102"><ele>3.979758864823384</ele><time>2025-12-28T07:55:01.99500Z</time><extensions><mytracks:speed>1.443955222349115</mytracks:speed><mytracks:gradient>0.01720504586587208</mytracks:gradient><mytracks:length>0.002002662304521857</mytracks:length></extensions></trkpt><trkpt lat="33.5890779306114" lon="130.3768889294496"><ele>4.169824482940355</ele><time>2025-12-28T07:55:07.00800Z</time><extensions><mytracks:speed>5.134310566861007</mytracks:speed><mytracks:gradient>0.02658557274131109</mytracks:gradient><mytracks:length>0.007149201560048744</mytracks:length></extensions></trkpt><trkpt lat="33.58905644838408" lon="130.3769475394148"><ele>4.300218494346005</ele><time>2025-12-28T07:55:12.00700Z</time><extensions><mytracks:speed>4.271077531142701</mytracks:speed><mytracks:gradient>0.02198521173572994</mytracks:gradient><mytracks:length>0.00593098729150453</mytracks:length></extensions></trkpt><trkpt lat="33.58902097545975" lon="130.3769987112635"><ele>4.019254935338466</ele><time>2025-12-28T07:55:17.00500Z</time><extensions><mytracks:speed>4.44160505999292</mytracks:speed><mytracks:length>0.006166411181940037</mytracks:length></extensions></trkpt><trkpt lat="33.58898347323487" lon="130.3770483477473"><ele>4.17463122718545</ele><time>2025-12-28T07:55:22.01000Z</time><extensions><mytracks:speed>4.463964081984674</mytracks:speed><mytracks:gradient>0.02503454922174541</mytracks:gradient><mytracks:length>0.006206474519302353</mytracks:length></extensions></trkpt><trkpt lat="33.58894593761404" lon="130.3770989370825"><ele>4.333353502493837</ele><time>2025-12-28T07:55:26.99100Z</time><extensions><mytracks:speed>4.53612877228171</mytracks:speed><mytracks:gradient>0.02529120048225813</mytracks:gradient><mytracks:length>0.006275790483719108</mytracks:length></extensions></trkpt><trkpt lat="33.58892090513188" lon="130.3771153887932"><ele>4.10713614581126</ele><time>2025-12-28T07:55:31.99500Z</time><extensions><mytracks:speed>2.283666469966432</mytracks:speed><mytracks:length>0.003174304754474834</mytracks:length></extensions></trkpt><trkpt lat="33.58886322238475" lon="130.3771509445648"><ele>4.03276680686894</ele><time>2025-12-28T07:55:51.87800Z</time><extensions><mytracks:speed>1.305520152079163</mytracks:speed><mytracks:length>0.007210709299687042</mytracks:length></extensions></trkpt><trkpt lat="33.58853104801119" lon="130.3773690565708"><ele>4.140015578828752</ele><time>2025-12-28T07:57:20.00000Z</time><extensions><mytracks:speed>1.719931592713046</mytracks:speed><mytracks:gradient>0.002547429514013926</mytracks:gradient><mytracks:length>0.04210078095186329</mytracks:length></extensions></trkpt><trkpt lat="33.58852162054717" lon="130.3773704623668"><ele>4.090112253398556</ele><time>2025-12-28T07:57:25.58300Z</time><extensions><mytracks:speed>0.6844265627034404</mytracks:speed><mytracks:length>0.001061408898580907</mytracks:length></extensions></trkpt><trkpt lat="33.58845684937993" lon="130.377391793562"><ele>4.014521574601531</ele><time>2025-12-28T07:57:39.00000Z</time><extensions><mytracks:speed>2.00363046085272</mytracks:speed><mytracks:length>0.007467371808002441</mytracks:length></extensions></trkpt><trkpt lat="33.58842131678902" lon="130.3774087453071"><ele>3.837314935946605</ele><time>2025-12-28T07:57:44.00000Z</time><extensions><mytracks:speed>3.060364463311477</mytracks:speed><mytracks:length>0.00425093932605346</mytracks:length></extensions></trkpt><trkpt lat="33.58841699507259" lon="130.3773987848872"><ele>4.127775089123342</ele><time>2025-12-28T07:57:49.00100Z</time><extensions><mytracks:speed>0.7548816474322604</mytracks:speed><mytracks:gradient>0.2769994641286858</mytracks:gradient><mytracks:length>0.001048594639308752</mytracks:length></extensions></trkpt><trkpt lat="33.58839942332981" lon="130.3774068390425"><ele>4.126042920256348</ele><time>2025-12-28T07:57:54.00200Z</time><extensions><mytracks:speed>1.505104746870867</mytracks:speed><mytracks:length>0.002090733062336882</mytracks:length></extensions></trkpt><trkpt lat="33.5883761790507" lon="130.3774172752892"><ele>4.096135133269224</ele><time>2025-12-28T07:57:58.99900Z</time><extensions><mytracks:speed>1.986879500424247</mytracks:speed><mytracks:length>0.002758029716139863</mytracks:length></extensions></trkpt><trkpt lat="33.58833561385229" lon="130.3774412054233"><ele>4.065795528468216</ele><time>2025-12-28T07:58:04.00100Z</time><extensions><mytracks:speed>3.616468141543955</mytracks:speed><mytracks:length>0.005025297569428489</mytracks:length></extensions></trkpt><trkpt lat="33.58828704050011" lon="130.3774643415066"><ele>3.754450947422916</ele><time>2025-12-28T07:58:09.00200Z</time><extensions><mytracks:speed>4.182811193048258</mytracks:speed><mytracks:length>0.005810474563786052</mytracks:length></extensions></trkpt><trkpt lat="33.58823527040176" lon="130.377485960271"><ele>3.609248950021108</ele><time>2025-12-28T07:58:14.00200Z</time><extensions><mytracks:speed>4.387813650607494</mytracks:speed><mytracks:length>0.006094372913300055</mytracks:length></extensions></trkpt><trkpt lat="33.5881789589444" lon="130.3775039744885"><ele>3.698765657307174</ele><time>2025-12-28T07:58:19.00000Z</time><extensions><mytracks:speed>4.667398627120728</mytracks:speed><mytracks:gradient>0.01381581913371981</mytracks:gradient><mytracks:length>0.006479290617491177</mytracks:length></extensions></trkpt><trkpt lat="33.58813114483492" lon="130.377524022368"><ele>3.722154540704424</ele><time>2025-12-28T07:58:24.00000Z</time><extensions><mytracks:speed>4.053561523182106</mytracks:speed><mytracks:gradient>0.004154278297239643</mytracks:gradient><mytracks:length>0.005630071392374056</mytracks:length></extensions></trkpt><trkpt lat="33.5880730138627" lon="130.3775371986517"><ele>3.683988872165668</ele><time>2025-12-28T07:58:28.99800Z</time><extensions><mytracks:speed>4.737181543529489</mytracks:speed><mytracks:length>0.00657731038035262</mytracks:length></extensions></trkpt><trkpt lat="33.58801542446481" lon="130.3775603967115"><ele>3.704506750669509</ele><time>2025-12-28T07:58:33.99900Z</time><extensions><mytracks:speed>4.862637986757353</mytracks:speed><mytracks:gradient>0.003037691497466239</mytracks:gradient><mytracks:length>0.006754431291312908</mytracks:length></extensions></trkpt><trkpt lat="33.58795619722437" lon="130.3775805333852"><ele>3.561640573875057</ele><time>2025-12-28T07:58:39.00300Z</time><extensions><mytracks:speed>4.924327759525289</mytracks:speed><mytracks:length>0.00684456505103522</mytracks:length></extensions></trkpt><trkpt lat="33.58789442255339" lon="130.3775917164995"><ele>3.566863070030507</ele><time>2025-12-28T07:58:44.00100Z</time><extensions><mytracks:speed>5.003038319624744</mytracks:speed><mytracks:gradient>0.0007518856382144211</mytracks:gradient><mytracks:length>0.006945865022575414</mytracks:length></extensions></trkpt><trkpt lat="33.58782620515315" lon="130.3776095185945"><ele>3.191777697937527</ele><time>2025-12-28T07:58:49.50000Z</time><extensions><mytracks:speed>5.081743083816041</mytracks:speed><mytracks:length>0.007762666063157538</mytracks:length></extensions></trkpt><trkpt lat="33.58775362253152" lon="130.3776198112141"><ele>3.643406963899239</ele><time>2025-12-28T07:58:55.50000Z</time><extensions><mytracks:speed>4.876016985800236</mytracks:speed><mytracks:gradient>0.05557271678475693</mytracks:gradient><mytracks:length>0.008126816396451388</mytracks:length></extensions></trkpt><trkpt lat="33.5876951541043" lon="130.3776376109082"><ele>3.473176083915553</ele><time>2025-12-28T07:59:00.99900Z</time><extensions><mytracks:speed>4.390435112217046</mytracks:speed><mytracks:length>0.006706894930016003</mytracks:length></extensions></trkpt><trkpt lat="33.58763791419772" lon="130.3776477611194"><ele>3.720978444351555</ele><time>2025-12-28T07:59:05.99600Z</time><extensions><mytracks:speed>4.636201327904026</mytracks:speed><mytracks:gradient>0.0385107720842265</mytracks:gradient><mytracks:length>0.006434624574496625</mytracks:length></extensions></trkpt><trkpt lat="33.58758414040555" lon="130.3776591102474"><ele>3.775170584836151</ele><time>2025-12-28T07:59:11.00000Z</time><extensions><mytracks:speed>4.367993088703168</mytracks:speed><mytracks:gradient>0.008925795517999069</mytracks:gradient><mytracks:length>0.006071407346865194</mytracks:length></extensions></trkpt><trkpt lat="33.58752664380283" lon="130.3776714720032"><ele>4.022846322963162</ele><time>2025-12-28T07:59:16.00000Z</time><extensions><mytracks:speed>4.675528284859557</mytracks:speed><mytracks:gradient>0.0381357965137236</mytracks:gradient><mytracks:length>0.006494573622918358</mytracks:length></extensions></trkpt><trkpt lat="33.58747394132449" lon="130.3776958517284"><ele>4.410435779488323</ele><time>2025-12-28T07:59:20.99800Z</time><extensions><mytracks:speed>4.522972705458097</mytracks:speed><mytracks:gradient>0.06172416280061378</mytracks:gradient><mytracks:length>0.006279379726496782</mytracks:length></extensions></trkpt><trkpt lat="33.58742478977153" lon="130.3777093037189"><ele>4.805036086569631</ele><time>2025-12-28T07:59:25.99800Z</time><extensions><mytracks:speed>4.036080659402398</mytracks:speed><mytracks:gradient>0.07039892211760014</mytracks:gradient><mytracks:length>0.005605203818634251</mytracks:length></extensions></trkpt><trkpt lat="33.58740681110642" lon="130.377715529069"><ele>4.706405940474831</ele><time>2025-12-28T07:59:30.99100Z</time><extensions><mytracks:speed>1.499727627001845</mytracks:speed><mytracks:length>0.002079928167978185</mytracks:length></extensions></trkpt><trkpt lat="33.58744565927813" lon="130.3777001151825"><ele>4.513411723955358</ele><time>2025-12-28T07:59:44.74300Z</time><extensions><mytracks:speed>1.190805235473565</mytracks:speed><mytracks:length>0.004548976148163141</mytracks:length></extensions></trkpt><trkpt lat="33.58766381249721" lon="130.3776148914292"><ele>3.704906444065273</ele><time>2025-12-28T08:00:58.00000Z</time><extensions><mytracks:speed>1.253606067416741</mytracks:speed><mytracks:length>0.02550987594239543</mytracks:length></extensions></trkpt><trkpt lat="33.58770142801132" lon="130.3776322615072"><ele>3.784496224648638</ele><time>2025-12-28T08:01:03.00700Z</time><extensions><mytracks:speed>3.222591252227214</mytracks:speed><mytracks:gradient>0.01775720282813875</mytracks:gradient><mytracks:length>0.004482112489994448</mytracks:length></extensions></trkpt><trkpt lat="33.58774232595064" lon="130.3776326938053"><ele>4.137616180816038</ele><time>2025-12-28T08:01:08.00800Z</time><extensions><mytracks:speed>3.273965781459134</mytracks:speed><mytracks:gradient>0.07764315941373477</mytracks:gradient><mytracks:length>0.004547985409580517</mytracks:length></extensions></trkpt><trkpt lat="33.58777835118611" lon="130.3776226818861"><ele>3.994912255985531</ele><time>2025-12-28T08:01:13.00900Z</time><extensions><mytracks:speed>2.959829130616468</mytracks:speed><mytracks:length>0.004111915059993513</mytracks:length></extensions></trkpt><trkpt lat="33.58787555134226" lon="130.3775910152965"><ele>4.26907848007977</ele><time>2025-12-28T08:01:32.00000Z</time><extensions><mytracks:speed>2.123001664401167</mytracks:speed><mytracks:gradient>0.02448099262057288</mytracks:gradient><mytracks:length>0.01119914655191882</mytracks:length></extensions></trkpt><trkpt lat="33.58792780967177" lon="130.3775854557866"><ele>4.162241712615581</ele><time>2025-12-28T08:01:37.00400Z</time><extensions><mytracks:speed>4.19663260237115</mytracks:speed><mytracks:length>0.005833694882353855</mytracks:length></extensions></trkpt><trkpt lat="33.58797016185869" lon="130.3775744329871"><ele>4.229733546850207</ele><time>2025-12-28T08:01:42.00800Z</time><extensions><mytracks:speed>3.466605180216581</mytracks:speed><mytracks:gradient>0.01400717594932926</mytracks:gradient><mytracks:length>0.004818375558269371</mytracks:length></extensions></trkpt><trkpt lat="33.58796257707542" lon="130.3775562523985"><ele>3.796984312157219</ele><time>2025-12-28T08:01:47.00000Z</time><extensions><mytracks:speed>1.357195880854143</mytracks:speed><mytracks:length>0.001882018954303678</mytracks:length></extensions></trkpt><trkpt lat="33.58796972779682" lon="130.3775654751437"><ele>3.665414612008154</ele><time>2025-12-28T08:01:51.98900Z</time><extensions><mytracks:speed>0.8418411476649762</mytracks:speed><mytracks:length>0.001166584472202496</mytracks:length></extensions></trkpt><trkpt lat="33.588020806854" lon="130.3775657112762"><ele>3.609206404331872</ele><time>2025-12-28T08:02:02.98600Z</time><extensions><mytracks:speed>1.859242581713485</mytracks:speed><mytracks:length>0.005679479901612668</mytracks:length></extensions></trkpt><trkpt lat="33.58824858464583" lon="130.3775574324538"><ele>3.770203339867294</ele><time>2025-12-28T08:02:51.99900Z</time><extensions><mytracks:speed>1.861154052240708</mytracks:speed><mytracks:gradient>0.006353673421004514</mytracks:gradient><mytracks:length>0.02533918961008983</mytracks:length></extensions></trkpt><trkpt lat="33.5882545381276" lon="130.3775590827869"><ele>3.797531511634588</ele><time>2025-12-28T08:02:56.99200Z</time><extensions><mytracks:speed>0.4840025948072147</mytracks:speed><mytracks:gradient>0.04070969594682175</mytracks:gradient><mytracks:length>0.000671293929657265</mytracks:length></extensions></trkpt><trkpt lat="33.58827070730985" lon="130.377558777061"><ele>3.85993701351764</ele><time>2025-12-28T08:03:02.97400Z</time><extensions><mytracks:speed>1.081043521677209</mytracks:speed><mytracks:gradient>0.03474190665779161</mytracks:gradient><mytracks:length>0.001796260133266343</mytracks:length></extensions></trkpt><trkpt lat="33.5883389639862" lon="130.3775550682448"><ele>3.954379478469491</ele><time>2025-12-28T08:03:14.00000Z</time><extensions><mytracks:speed>2.480617588453847</mytracks:speed><mytracks:gradient>0.0124302547351621</mytracks:gradient><mytracks:length>0.007597789986129319</mytracks:length></extensions></trkpt><trkpt lat="33.58839594050661" lon="130.377538832852"><ele>4.49383928762015</ele><time>2025-12-28T08:03:19.00500Z</time><extensions><mytracks:speed>4.683426490169477</mytracks:speed><mytracks:gradient>0.08284218836091015</mytracks:gradient><mytracks:length>0.006511897136280967</mytracks:length></extensions></trkpt><trkpt lat="33.58844639761278" lon="130.3775124032506"><ele>4.725571676131374</ele><time>2025-12-28T08:03:24.00100Z</time><extensions><mytracks:speed>4.411353716918109</mytracks:speed><mytracks:gradient>0.03785443580476327</mytracks:gradient><mytracks:length>0.006121670646642264</mytracks:length></extensions></trkpt><trkpt lat="33.58849136182344" lon="130.3774939998177"><ele>4.660354399518601</ele><time>2025-12-28T08:03:29.00000Z</time><extensions><mytracks:speed>3.803907848007486</mytracks:speed><mytracks:length>0.005282362410557701</mytracks:length></extensions></trkpt><trkpt lat="33.58854073172611" lon="130.3774754661697"><ele>4.610082182784731</ele><time>2025-12-28T08:03:33.99600Z</time><extensions><mytracks:speed>4.144854627759722</mytracks:speed><mytracks:length>0.005752013677523079</mytracks:length></extensions></trkpt><trkpt lat="33.5885709140346" lon="130.3774392658363"><ele>4.542297581980168</ele><time>2025-12-28T08:03:38.99900Z</time><extensions><mytracks:speed>3.414380187885168</mytracks:speed><mytracks:length>0.004744865812447797</mytracks:length></extensions></trkpt><trkpt lat="33.58853083924116" lon="130.3773960446368"><ele>4.493922681812347</ele><time>2025-12-28T08:03:43.99800Z</time><extensions><mytracks:speed>4.313714186744346</mytracks:speed><mytracks:length>0.005989958405062598</mytracks:length></extensions></trkpt><trkpt lat="33.58847972173982" lon="130.3774148087571"><ele>4.252888757398484</ele><time>2025-12-28T08:03:49.00400Z</time><extensions><mytracks:speed>4.274686979848187</mytracks:speed><mytracks:length>0.005943889832053288</mytracks:length></extensions></trkpt><trkpt lat="33.58843299998601" lon="130.3774165103184"><ele>4.133372532785346</ele><time>2025-12-28T08:03:53.99800Z</time><extensions><mytracks:speed>3.747283162222391</mytracks:speed><mytracks:length>0.005198086857497022</mytracks:length></extensions></trkpt><trkpt lat="33.58841610312606" lon="130.3774119332841"><ele>3.950517447620603</ele><time>2025-12-28T08:03:59.84900Z</time><extensions><mytracks:speed>1.185534914384262</mytracks:speed><mytracks:length>0.001926976089513385</mytracks:length></extensions></trkpt><trkpt lat="33.58840520750661" lon="130.3774059973537"><ele>3.43298012483865</ele><time>2025-12-28T08:04:09.99900Z</time><extensions><mytracks:speed>0.4713871257301172</mytracks:speed><mytracks:length>0.00132909417152405</mytracks:length></extensions></trkpt><trkpt lat="33.58840419584919" lon="130.3773966408739"><ele>3.413106839012377</ele><time>2025-12-28T08:04:15.00300Z</time><extensions><mytracks:speed>0.6260299492726522</mytracks:speed><mytracks:length>0.0008700963781047964</mytracks:length></extensions></trkpt><trkpt lat="33.58842895470003" lon="130.3774225918812"><ele>3.509093056707875</ele><time>2025-12-28T08:04:27.28800Z</time><extensions><mytracks:speed>1.071355167766473</mytracks:speed><mytracks:gradient>0.02625491311684973</mytracks:gradient><mytracks:length>0.003655933549210509</mytracks:length></extensions></trkpt><trkpt lat="33.58856959786831" lon="130.3775801824249"><ele>4.791633172892034</ele><time>2025-12-28T08:05:26.00000Z</time><extensions><mytracks:speed>1.311726950168127</mytracks:speed><mytracks:gradient>0.05995165386833533</mytracks:gradient><mytracks:length>0.02139290634084672</mytracks:length></extensions></trkpt><trkpt lat="33.58858706933621" lon="130.3776349942327"><ele>4.884997330879211</ele><time>2025-12-28T08:05:31.00900Z</time><extensions><mytracks:speed>3.906656818427766</mytracks:speed><mytracks:gradient>0.01717440731906938</mytracks:gradient><mytracks:length>0.005436237551179468</mytracks:length></extensions></trkpt><trkpt lat="33.58860006385873" lon="130.3776951520425"><ele>5.320143029172578</ele><time>2025-12-28T08:05:36.00500Z</time><extensions><mytracks:speed>4.149607218827914</mytracks:speed><mytracks:gradient>0.07556872291479143</mytracks:gradient><mytracks:length>0.005758277783574854</mytracks:length></extensions></trkpt><trkpt lat="33.58861238948116" lon="130.3777594446781"><ele>5.581534750036572</ele><time>2025-12-28T08:05:41.00900Z</time><extensions><mytracks:speed>4.396841376649335</mytracks:speed><mytracks:gradient>0.04277147591775297</mytracks:gradient><mytracks:length>0.006111356114215812</mytracks:length></extensions></trkpt><trkpt lat="33.58862944064787" lon="130.3778216190933"><ele>5.678778734264541</ele><time>2025-12-28T08:05:46.00200Z</time><extensions><mytracks:speed>4.370739613000939</mytracks:speed><mytracks:gradient>0.01604026044682172</mytracks:gradient><mytracks:length>0.006062494094180209</mytracks:length></extensions></trkpt><trkpt lat="33.58863364036368" lon="130.377885962547"><ele>5.676879242581081</ele><time>2025-12-28T08:05:51.00700Z</time><extensions><mytracks:speed>4.300755667101382</mytracks:speed><mytracks:length>0.005978662980331108</mytracks:length></extensions></trkpt><trkpt lat="33.58864685658412" lon="130.377949688995"><ele>5.600506988063628</ele><time>2025-12-28T08:05:56.00800Z</time><extensions><mytracks:speed>4.378327907467838</mytracks:speed><mytracks:length>0.006082530545222693</mytracks:length></extensions></trkpt><trkpt lat="33.58867406968874" lon="130.3779997632292"><ele>5.458470816881984</ele><time>2025-12-28T08:06:01.00100Z</time><extensions><mytracks:speed>3.992790591403827</mytracks:speed><mytracks:length>0.00553807320753714</mytracks:length></extensions></trkpt><trkpt lat="33.58869352248242" lon="130.3780544376944"><ele>5.632782831337498</ele><time>2025-12-28T08:06:06.00000Z</time><extensions><mytracks:speed>3.965236956883912</mytracks:speed><mytracks:gradient>0.0316571351643514</mytracks:gradient><mytracks:length>0.00550624728202837</mytracks:length></extensions></trkpt><trkpt lat="33.5886918469806" lon="130.3781185479286"><ele>5.732856149217663</ele><time>2025-12-28T08:06:11.00600Z</time><extensions><mytracks:speed>4.272874225255517</mytracks:speed><mytracks:gradient>0.01684493111961627</mytracks:gradient><mytracks:length>0.005940856461183597</mytracks:length></extensions></trkpt><trkpt lat="33.58868582740938" lon="130.3781762283597"><ele>5.711790219157757</ele><time>2025-12-28T08:06:16.00100Z</time><extensions><mytracks:speed>3.881067450315718</mytracks:speed><mytracks:length>0.005385434370044829</mytracks:length></extensions></trkpt><trkpt lat="33.5886736324478" lon="130.3782366170944"><ele>5.352207173400866</ele><time>2025-12-28T08:06:20.99500Z</time><extensions><mytracks:speed>4.149655418012091</mytracks:speed><mytracks:length>0.005755929542690047</mytracks:length></extensions></trkpt><trkpt lat="33.58865686664995" lon="130.3782908457942"><ele>5.429266375995669</ele><time>2025-12-28T08:06:25.98900Z</time><extensions><mytracks:speed>3.861265100781907</mytracks:speed><mytracks:gradient>0.01438501315178516</mytracks:gradient><mytracks:length>0.005356908734229445</mytracks:length></extensions></trkpt><trkpt lat="33.58863626509174" lon="130.3783374539511"><ele>5.620134863630862</ele><time>2025-12-28T08:06:30.99900Z</time><extensions><mytracks:speed>3.511909885008868</mytracks:speed><mytracks:gradient>0.0390556236892959</mytracks:gradient><mytracks:length>0.004887093575911953</mytracks:length></extensions></trkpt><trkpt lat="33.58862756456152" lon="130.3783897877822"><ele>5.815494936112517</ele><time>2025-12-28T08:06:36.00100Z</time><extensions><mytracks:speed>3.558635071006414</mytracks:speed><mytracks:gradient>0.03950783151702143</mytracks:gradient><mytracks:length>0.004944844224049253</mytracks:length></extensions></trkpt><trkpt lat="33.58862449067378" lon="130.378435627453"><ele>6.893357134683311</ele><time>2025-12-28T08:06:40.99900Z</time><extensions><mytracks:speed>3.068889970621521</mytracks:speed><mytracks:gradient>0.2529914185757269</mytracks:gradient><mytracks:length>0.00426046940500538</mytracks:length></extensions></trkpt><trkpt lat="33.58861284600817" lon="130.3784715206313"><ele>7.142334764634868</ele><time>2025-12-28T08:06:45.99700Z</time><extensions><mytracks:speed>2.569625137977292</mytracks:speed><mytracks:gradient>0.0697935457208532</mytracks:gradient><mytracks:length>0.003567344621626911</mytracks:length></extensions></trkpt><trkpt lat="33.58859103911098" lon="130.3786450208791"><ele>7.782655374146998</ele><time>2025-12-28T08:07:00.99900Z</time><extensions><mytracks:speed>3.900148289915568</mytracks:speed><mytracks:gradient>0.03939688214861838</mytracks:gradient><mytracks:length>0.01625307827905324</mytracks:length></extensions></trkpt><trkpt lat="33.58858978036696" lon="130.3789112818568"><ele>7.545161364600062</ele><time>2025-12-28T08:07:22.00000Z</time><extensions><mytracks:speed>4.2278622072734</mytracks:speed><mytracks:length>0.02466381768357842</mytracks:length></extensions></trkpt><trkpt lat="33.58858328570491" lon="130.3789620028956"><ele>7.084508280262019</ele><time>2025-12-28T08:07:27.01000Z</time><extensions><mytracks:speed>3.414460317062125</mytracks:speed><mytracks:length>0.004751509292186552</mytracks:length></extensions></trkpt><trkpt lat="33.58858313753545" lon="130.3790167985266"><ele>7.082905253441456</ele><time>2025-12-28T08:07:32.01100Z</time><extensions><mytracks:speed>3.653420910675733</mytracks:speed><mytracks:length>0.005075266245833611</mytracks:length></extensions></trkpt><trkpt lat="33.5885935038422" lon="130.3790727670356"><ele>7.264012747046201</ele><time>2025-12-28T08:07:37.00600Z</time><extensions><mytracks:speed>3.826825960170578</mytracks:speed><mytracks:gradient>0.034109498194438</mytracks:gradient><mytracks:length>0.005309591263183034</mytracks:length></extensions></trkpt><trkpt lat="33.58860076969759" lon="130.3791326120764"><ele>7.32272887058055</ele><time>2025-12-28T08:07:42.00300Z</time><extensions><mytracks:speed>4.035769507675303</mytracks:speed><mytracks:gradient>0.0104813029590514</mytracks:gradient><mytracks:length>0.005601987058645568</mytracks:length></extensions></trkpt><trkpt lat="33.58859907404374" lon="130.3791881813401"><ele>7.368965808410083</ele><time>2025-12-28T08:07:46.99300Z</time><extensions><mytracks:speed>3.71665346378161</mytracks:speed><mytracks:gradient>0.008974674301402863</mytracks:gradient><mytracks:length>0.005151934908914207</mytracks:length></extensions></trkpt><trkpt lat="33.58858794491753" lon="130.3792502922253"><ele>7.661720227742774</ele><time>2025-12-28T08:07:52.00100Z</time><extensions><mytracks:speed>4.230606170906863</mytracks:speed><mytracks:gradient>0.0497439822489658</mytracks:gradient><mytracks:length>0.005885222816851927</mytracks:length></extensions></trkpt><trkpt lat="33.58858184587071" lon="130.3793066571559"><ele>7.547189139230805</ele><time>2025-12-28T08:07:57.00000Z</time><extensions><mytracks:speed>3.79138841537711</mytracks:speed><mytracks:length>0.005265272872366167</mytracks:length></extensions></trkpt><trkpt lat="33.58857907577342" lon="130.3793612541769"><ele>7.68444531099608</ele><time>2025-12-28T08:08:01.99600Z</time><extensions><mytracks:speed>3.651070197659805</mytracks:speed><mytracks:gradient>0.02709156985138724</mytracks:gradient><mytracks:length>0.005066379413160748</mytracks:length></extensions></trkpt><trkpt lat="33.58857472463056" lon="130.3794229822625"><ele>7.806286482237682</ele><time>2025-12-28T08:08:06.99700Z</time><extensions><mytracks:speed>4.129565958169708</mytracks:speed><mytracks:gradient>0.02123738122097585</mytracks:gradient><mytracks:length>0.005737109014234833</mytracks:length></extensions></trkpt><trkpt lat="33.58856433449286" lon="130.379482592719"><ele>7.629642533267331</ele><time>2025-12-28T08:08:11.99600Z</time><extensions><mytracks:speed>4.062632940156465</mytracks:speed><mytracks:length>0.005641265977989983</mytracks:length></extensions></trkpt><trkpt lat="33.58855746808998" lon="130.3795416496315"><ele>7.651522579227957</ele><time>2025-12-28T08:08:17.00000Z</time><extensions><mytracks:speed>3.973876619849136</mytracks:speed><mytracks:gradient>0.003961331392213558</mytracks:gradient><mytracks:length>0.00552340710591231</mytracks:length></extensions></trkpt><trkpt lat="33.58854213116719" lon="130.3795979171271"><ele>7.619463186812331</ele><time>2025-12-28T08:08:22.00400Z</time><extensions><mytracks:speed>3.944564807169435</mytracks:speed><mytracks:length>0.005483283982108509</mytracks:length></extensions></trkpt><trkpt lat="33.58853965965054" lon="130.3796625320151"><ele>7.847914173603253</ele><time>2025-12-28T08:08:27.00000Z</time><extensions><mytracks:speed>4.31748002433191</mytracks:speed><mytracks:gradient>0.03812941720664394</mytracks:gradient><mytracks:length>0.005991462852758069</mytracks:length></extensions></trkpt><trkpt lat="33.58852639694212" lon="130.3797326346085"><ele>7.906599507037917</ele><time>2025-12-28T08:08:31.99500Z</time><extensions><mytracks:speed>4.798507855349158</mytracks:speed><mytracks:gradient>0.008813805194668695</mytracks:gradient><mytracks:length>0.006658342468263546</mytracks:length></extensions></trkpt><trkpt lat="33.58852475506741" lon="130.3798009355728"><ele>8.208046043496184</ele><time>2025-12-28T08:08:37.00400Z</time><extensions><mytracks:speed>4.548461612986376</mytracks:speed><mytracks:gradient>0.04763700224100079</mytracks:gradient><mytracks:length>0.006327991315096102</mytracks:length></extensions></trkpt><trkpt lat="33.58851674414099" lon="130.3798607198558"><ele>8.328540653396331</ele><time>2025-12-28T08:08:42.00200Z</time><extensions><mytracks:speed>4.040290450089955</mytracks:speed><mytracks:gradient>0.02148151849802417</mytracks:gradient><mytracks:length>0.005609222174458013</mytracks:length></extensions></trkpt><trkpt lat="33.58850508603656" lon="130.3799332995926"><ele>8.952921605564725</ele><time>2025-12-28T08:08:47.00000Z</time><extensions><mytracks:speed>4.931783989325742</mytracks:speed><mytracks:gradient>0.09118780333867907</mytracks:gradient><mytracks:length>0.006847198082504429</mytracks:length></extensions></trkpt><trkpt lat="33.5885024159014" lon="130.3799958112754"><ele>9.481897518440666</ele><time>2025-12-28T08:08:51.99500Z</time><extensions><mytracks:speed>4.178676053573115</mytracks:speed><mytracks:gradient>0.09123337961312196</mytracks:gradient><mytracks:length>0.005798052369857174</mytracks:length></extensions></trkpt><trkpt lat="33.5884870335796" lon="130.3800653418482"><ele>9.88130540183487</ele><time>2025-12-28T08:08:56.99900Z</time><extensions><mytracks:speed>4.794246030316467</mytracks:speed><mytracks:gradient>0.05993128163249793</mytracks:gradient><mytracks:length>0.006664430870065422</mytracks:length></extensions></trkpt><trkpt lat="33.5884748074977" lon="130.3801357014439"><ele>10.49079815791115</ele><time>2025-12-28T08:09:01.99900Z</time><extensions><mytracks:speed>4.793224906282648</mytracks:speed><mytracks:gradient>0.0915568255319107</mytracks:gradient><mytracks:length>0.006656988733885772</mytracks:length></extensions></trkpt><trkpt lat="33.58846558513959" lon="130.3801950243189"><ele>10.60760139267053</ele><time>2025-12-28T08:09:07.00000Z</time><extensions><mytracks:speed>4.025030570472644</mytracks:speed><mytracks:gradient>0.02089236517036572</mytracks:gradient><mytracks:length>0.005590713823299658</mytracks:length></extensions></trkpt><trkpt lat="33.58845935179141" lon="130.380255764397"><ele>10.91736723736333</ele><time>2025-12-28T08:09:11.99400Z</time><extensions><mytracks:speed>4.086100243992759</mytracks:speed><mytracks:gradient>0.05464056013672388</mytracks:gradient><mytracks:length>0.005669155731890208</mytracks:length></extensions></trkpt><trkpt lat="33.58844427678461" lon="130.380314082221"><ele>10.25651581184528</ele><time>2025-12-28T08:09:17.50200Z</time><extensions><mytracks:speed>3.696855839685186</mytracks:speed><mytracks:length>0.005655626457681358</mytracks:length></extensions></trkpt><trkpt lat="33.5884482643576" lon="130.3803759467737"><ele>10.46605993311025</ele><time>2025-12-28T08:09:22.49500Z</time><extensions><mytracks:speed>4.143345745448828</mytracks:speed><mytracks:gradient>0.03645950549397928</mytracks:gradient><mytracks:length>0.005747311117523846</mytracks:length></extensions></trkpt><trkpt lat="33.58844650853975" lon="130.3804378110674"><ele>10.88353752396228</ele><time>2025-12-28T08:09:28.49900Z</time><extensions><mytracks:speed>3.438083586016872</mytracks:speed><mytracks:gradient>0.07281780258426768</mytracks:gradient><mytracks:length>0.005733180294323134</mytracks:length></extensions></trkpt><trkpt lat="33.58843359663352" lon="130.3804889184352"><ele>10.66325228449726</ele><time>2025-12-28T08:09:34.00000Z</time><extensions><mytracks:speed>3.236418008610965</mytracks:speed><mytracks:length>0.004945755464124075</mytracks:length></extensions></trkpt><trkpt lat="33.58843270183098" lon="130.3805392871138"><ele>11.01427708993874</ele><time>2025-12-28T08:09:38.99000Z</time><extensions><mytracks:speed>3.366199526271824</mytracks:speed><mytracks:gradient>0.07522490094067948</mytracks:gradient><mytracks:length>0.004666337888810081</mytracks:length></extensions></trkpt><trkpt lat="33.58843405549158" lon="130.3805938422885"><ele>11.54332707043891</ele><time>2025-12-28T08:09:43.99700Z</time><extensions><mytracks:speed>3.636367689089294</mytracks:speed><mytracks:gradient>0.1046074918731169</mytracks:gradient><mytracks:length>0.005057476964861046</mytracks:length></extensions></trkpt><trkpt lat="33.5884226574789" lon="130.3806455168463"><ele>11.69608280252</ele><time>2025-12-28T08:09:48.99800Z</time><extensions><mytracks:speed>3.56501344991135</mytracks:speed><mytracks:gradient>0.03084647395285101</mytracks:gradient><mytracks:length>0.004952129449692567</mytracks:length></extensions></trkpt><trkpt lat="33.58841389972582" lon="130.3806931063879"><ele>11.89347584140793</ele><time>2025-12-28T08:09:53.99000Z</time><extensions><mytracks:speed>3.255276550325335</mytracks:speed><mytracks:gradient>0.04372741800695549</mytracks:gradient><mytracks:length>0.004514170922612574</mytracks:length></extensions></trkpt><trkpt lat="33.58841120684494" lon="130.3807431142075"><ele>11.60766895334691</ele><time>2025-12-28T08:09:59.01000Z</time><extensions><mytracks:speed>3.328929962315478</mytracks:speed><mytracks:length>0.004642132217262576</mytracks:length></extensions></trkpt><trkpt lat="33.58840396297358" lon="130.3807943949194"><ele>11.8303026922077</ele><time>2025-12-28T08:10:03.99900Z</time><extensions><mytracks:speed>3.477631969218762</mytracks:speed><mytracks:gradient>0.04619617870710192</mytracks:gradient><mytracks:length>0.004819310711224953</mytracks:length></extensions></trkpt><trkpt lat="33.58839553440289" lon="130.3808374805898"><ele>12.10138438837942</ele><time>2025-12-28T08:10:08.99300Z</time><extensions><mytracks:speed>2.955727950926699</mytracks:speed><mytracks:gradient>0.06612003251819357</mytracks:gradient><mytracks:length>0.00409984214840067</mytracks:length></extensions></trkpt><trkpt lat="33.58836908040242" lon="130.3808752370878"><ele>12.54901733054157</ele><time>2025-12-28T08:10:14.00700Z</time><extensions><mytracks:speed>3.281429169366254</mytracks:speed><mytracks:gradient>0.09793492745534489</mytracks:gradient><mytracks:length>0.004570718065485428</mytracks:length></extensions></trkpt><trkpt lat="33.58835996687565" lon="130.3809294216382"><ele>12.51391082633821</ele><time>2025-12-28T08:10:19.00400Z</time><extensions><mytracks:speed>3.689652064842708</mytracks:speed><mytracks:length>0.005121229191091971</mytracks:length></extensions></trkpt><trkpt lat="33.58834775030808" lon="130.3809758648741"><ele>13.00499016849886</ele><time>2025-12-28T08:10:24.00100Z</time><extensions><mytracks:speed>3.250723204746395</mytracks:speed><mytracks:gradient>0.1088343109780382</mytracks:gradient><mytracks:length>0.004512173943562134</mytracks:length></extensions></trkpt><trkpt lat="33.58833817780561" lon="130.3810244435162"><ele>13.59864576943595</ele><time>2025-12-28T08:10:28.99700Z</time><extensions><mytracks:speed>3.331401231640966</mytracks:speed><mytracks:gradient>0.1283954132434347</mytracks:gradient><mytracks:length>0.004623651156537349</mytracks:length></extensions></trkpt><trkpt lat="33.58833138059902" lon="130.381087655739"><ele>14.38689281464618</ele><time>2025-12-28T08:10:34.00500Z</time><extensions><mytracks:speed>4.243718049771493</mytracks:speed><mytracks:gradient>0.1335203762835063</mytracks:gradient><mytracks:length>0.005903571178802879</mytracks:length></extensions></trkpt><trkpt lat="33.58832848554081" lon="130.3811373985367"><ele>14.28545204594989</ele><time>2025-12-28T08:10:38.99400Z</time><extensions><mytracks:speed>3.332167844629258</mytracks:speed><mytracks:length>0.004617799665701165</mytracks:length></extensions></trkpt><trkpt lat="33.58832752625722" lon="130.3811929282254"><ele>14.43077725502527</ele><time>2025-12-28T08:10:44.00400Z</time><extensions><mytracks:speed>3.69744514925828</mytracks:speed><mytracks:gradient>0.02824628035634963</mytracks:gradient><mytracks:length>0.005144932615621869</mytracks:length></extensions></trkpt><trkpt lat="33.58831731664741" lon="130.3812426276752"><ele>14.46254871291594</ele><time>2025-12-28T08:10:49.00800Z</time><extensions><mytracks:speed>3.41152135019045</mytracks:speed><mytracks:gradient>0.006699989944035027</mytracks:gradient><mytracks:length>0.004742015757643178</mytracks:length></extensions></trkpt><trkpt lat="33.5883053982183" lon="130.3812959304863"><ele>14.15905307946514</ele><time>2025-12-28T08:10:53.99000Z</time><extensions><mytracks:speed>3.693378391932024</mytracks:speed><mytracks:length>0.005111540727500239</mytracks:length></extensions></trkpt><trkpt lat="33.58830144078514" lon="130.3813514938904"><ele>13.52952352208936</ele><time>2025-12-28T08:10:59.00000Z</time><extensions><mytracks:speed>3.711487665134851</mytracks:speed><mytracks:length>0.005165038622090571</mytracks:length></extensions></trkpt><trkpt lat="33.58829090905422" lon="130.3813972049965"><ele>13.57736224751764</ele><time>2025-12-28T08:11:03.99600Z</time><extensions><mytracks:speed>3.165301864692557</mytracks:speed><mytracks:gradient>0.0108903929087285</mytracks:gradient><mytracks:length>0.004392745590467709</mytracks:length></extensions></trkpt><trkpt lat="33.58829131885483" lon="130.3814336260632"><ele>13.16542010855708</ele><time>2025-12-28T08:11:09.00200Z</time><extensions><mytracks:speed>2.425141660660156</mytracks:speed><mytracks:length>0.003372542220560968</mytracks:length></extensions></trkpt><trkpt lat="33.58829766060279" lon="130.381473814138"><ele>12.23371560489075</ele><time>2025-12-28T08:11:14.00500Z</time><extensions><mytracks:speed>2.725958000636557</mytracks:speed><mytracks:length>0.003787906492171029</mytracks:length></extensions></trkpt><trkpt lat="33.58833182342664" lon="130.3814903875405"><ele>11.9649000944748</ele><time>2025-12-28T08:11:19.00100Z</time><extensions><mytracks:speed>2.951854304457755</mytracks:speed><mytracks:length>0.004096543361103717</mytracks:length></extensions></trkpt><trkpt lat="33.58837186224765" lon="130.3814929337983"><ele>11.96467895744984</ele><time>2025-12-28T08:11:24.50100Z</time><extensions><mytracks:speed>2.917708325430798</mytracks:speed><mytracks:length>0.004457917374039895</mytracks:length></extensions></trkpt><trkpt lat="33.58841357267996" lon="130.3814984441509"><ele>11.27435554333424</ele><time>2025-12-28T08:11:29.50000Z</time><extensions><mytracks:speed>3.359719121551302</mytracks:speed><mytracks:length>0.004665372073237528</mytracks:length></extensions></trkpt><trkpt lat="33.58845599911827" lon="130.3815078103048"><ele>11.11746821193537</ele><time>2025-12-28T08:11:34.49700Z</time><extensions><mytracks:speed>3.455438093173229</mytracks:speed><mytracks:length>0.004795877183720429</mytracks:length></extensions></trkpt><trkpt lat="33.58850017513152" lon="130.381519170789"><ele>10.26761489377122</ele><time>2025-12-28T08:11:39.99900Z</time><extensions><mytracks:speed>3.286600597118703</mytracks:speed><mytracks:length>0.005023503781197352</mytracks:length></extensions></trkpt><trkpt lat="33.58854159291017" lon="130.3815349446141"><ele>9.662429912309248</ele><time>2025-12-28T08:11:44.99500Z</time><extensions><mytracks:speed>3.480919550909265</mytracks:speed><mytracks:length>0.004830518425689555</mytracks:length></extensions></trkpt><trkpt lat="33.58858534129032" lon="130.3815402834254"><ele>9.088767466075783</ele><time>2025-12-28T08:11:49.99900Z</time><extensions><mytracks:speed>3.517186760215789</mytracks:speed><mytracks:length>0.004888937414338587</mytracks:length></extensions></trkpt><trkpt lat="33.5886280841606" lon="130.3815513205187"><ele>8.84661264336048</ele><time>2025-12-28T08:11:54.99600Z</time><extensions><mytracks:speed>3.502052296496303</mytracks:speed><mytracks:length>0.004861206405546141</mytracks:length></extensions></trkpt><trkpt lat="33.58866938035154" lon="130.3815516441326"><ele>7.870027016749388</ele><time>2025-12-28T08:11:59.99900Z</time><extensions><mytracks:speed>3.304612936857656</mytracks:speed><mytracks:length>0.004592357049680755</mytracks:length></extensions></trkpt><trkpt lat="33.58871099520271" lon="130.3815668443602"><ele>7.349191484496449</ele><time>2025-12-28T08:12:05.00000Z</time><extensions><mytracks:speed>3.482462815130326</mytracks:speed><mytracks:length>0.004837975810948775</mytracks:length></extensions></trkpt><trkpt lat="33.5887510191852" lon="130.3815676136081"><ele>6.958568709665374</ele><time>2025-12-28T08:12:10.00000Z</time><extensions><mytracks:speed>3.204587409281703</mytracks:speed><mytracks:length>0.004450835689864038</mytracks:length></extensions></trkpt><trkpt lat="33.58879216883985" lon="130.3815712581911"><ele>6.771914880168635</ele><time>2025-12-28T08:12:15.00200Z</time><extensions><mytracks:speed>3.301596642158003</mytracks:speed><mytracks:length>0.004587448061586425</mytracks:length></extensions></trkpt><trkpt lat="33.58883890213047" lon="130.3815771119902"><ele>6.304512823323506</ele><time>2025-12-28T08:12:20.00100Z</time><extensions><mytracks:speed>3.763134227134472</mytracks:speed><mytracks:length>0.005224892440316835</mytracks:length></extensions></trkpt><trkpt lat="33.58888738107978" lon="130.3815844982873"><ele>5.701180804847472</ele><time>2025-12-28T08:12:25.00100Z</time><extensions><mytracks:speed>3.912598196437006</mytracks:speed><mytracks:length>0.005434579403344287</mytracks:length></extensions></trkpt><trkpt lat="33.58894533156148" lon="130.3815959098413"><ele>4.783448647651386</ele><time>2025-12-28T08:12:30.00000Z</time><extensions><mytracks:speed>4.702463961010142</mytracks:speed><mytracks:length>0.0065298648373685</mytracks:length></extensions></trkpt><trkpt lat="33.58900099875679" lon="130.3815994252494"><ele>4.85436865554122</ele><time>2025-12-28T08:12:35.00200Z</time><extensions><mytracks:speed>4.461195787852405</mytracks:speed><mytracks:gradient>0.01144285341897905</mytracks:gradient><mytracks:length>0.006197755515438683</mytracks:length></extensions></trkpt><trkpt lat="33.58905870773025" lon="130.3816106820385"><ele>4.792656869967249</ele><time>2025-12-28T08:12:39.99600Z</time><extensions><mytracks:speed>4.685280718362453</mytracks:speed><mytracks:length>0.006500122170383111</mytracks:length></extensions></trkpt><trkpt lat="33.58908073678875" lon="130.381625187822"><ele>5.179924369494109</ele><time>2025-12-28T08:12:44.97700Z</time><extensions><mytracks:speed>2.020518942352833</mytracks:speed><mytracks:gradient>0.138539553898433</mytracks:gradient><mytracks:length>0.002795356911649762</mytracks:length></extensions></trkpt><trkpt lat="33.58907342410983" lon="130.3816369938143"><ele>5.040238456853808</ele><time>2025-12-28T08:12:49.98400Z</time><extensions><mytracks:speed>0.9772661392112916</mytracks:speed><mytracks:length>0.001359266608866063</mytracks:length></extensions></trkpt><trkpt lat="33.58907301047832" lon="130.3816567930642"><ele>5.190946465358138</ele><time>2025-12-28T08:13:06.99900Z</time><extensions><mytracks:speed>0.3879307117392902</mytracks:speed><mytracks:gradient>0.0821966650352047</mytracks:gradient><mytracks:length>0.00183350514816851</mytracks:length></extensions></trkpt><trkpt lat="33.58907005935615" lon="130.3816671299533"><ele>5.301111928187311</ele><time>2025-12-28T08:13:20.99900Z</time><extensions><mytracks:speed>0.2606509568404399</mytracks:speed><mytracks:gradient>0.1086839264454432</mytracks:gradient><mytracks:length>0.001013631605262928</mytracks:length></extensions></trkpt><trkpt lat="33.58907495005059" lon="130.3816701019702"><ele>5.347912882990252</ele><time>2025-12-28T08:13:25.99300Z</time><extensions><mytracks:speed>0.4434539713418422</mytracks:speed><mytracks:gradient>0.07606806174563671</mytracks:gradient><mytracks:length>0.0006152510492437556</mytracks:length></extensions></trkpt><trkpt lat="33.58907291663565" lon="130.3817295619834"><ele>5.295655801607172</ele><time>2025-12-28T08:13:41.19700Z</time><extensions><mytracks:speed>1.305108248187759</mytracks:speed><mytracks:length>0.005511973159082333</mytracks:length></extensions></trkpt><trkpt lat="33.58904566204695" lon="130.3819914613137"><ele>5.179314039647579</ele><time>2025-12-28T08:14:36.99900Z</time><extensions><mytracks:speed>1.577222043744209</mytracks:speed><mytracks:length>0.02444782080507983</mytracks:length></extensions></trkpt><trkpt lat="33.58903782554165" lon="130.3820347976358"><ele>4.978606451790434</ele><time>2025-12-28T08:14:42.02000Z</time><extensions><mytracks:speed>2.94457583966624</mytracks:speed><mytracks:length>0.004106431773036292</mytracks:length></extensions></trkpt><trkpt lat="33.58902800086202" lon="130.3820814605356"><ele>5.043459541412006</ele><time>2025-12-28T08:14:47.01000Z</time><extensions><mytracks:speed>3.215946230841352</mytracks:speed><mytracks:gradient>0.01454784469520125</mytracks:gradient><mytracks:length>0.004457917374039895</mytracks:length></extensions></trkpt><trkpt lat="33.58901495128914" lon="130.3821286044838"><ele>5.386061451901818</ele><time>2025-12-28T08:14:52.01200Z</time><extensions><mytracks:speed>3.312467533210237</mytracks:speed><mytracks:gradient>0.07444373105872151</mytracks:gradient><mytracks:length>0.004602159317076222</mytracks:length></extensions></trkpt><trkpt lat="33.58900339743174" lon="130.3821803675154"><ele>5.403427051903527</ele><time>2025-12-28T08:14:57.01700Z</time><extensions><mytracks:speed>3.569551990562677</mytracks:speed><mytracks:gradient>0.0034989864416399</mytracks:gradient><mytracks:length>0.004963037237026451</mytracks:length></extensions></trkpt><trkpt lat="33.58899320130274" lon="130.3822343786547"><ele>5.620516867297979</ele><time>2025-12-28T08:15:02.00700Z</time><extensions><mytracks:speed>3.700304952583248</mytracks:speed><mytracks:gradient>0.04232477752979676</mytracks:gradient><mytracks:length>0.005129142503858864</mytracks:length></extensions></trkpt><trkpt lat="33.58898176892627" lon="130.3822920560933"><ele>5.793292888372206</ele><time>2025-12-28T08:15:07.01300Z</time><extensions><mytracks:speed>3.948588513330214</mytracks:speed><mytracks:gradient>0.03146717021617981</mytracks:gradient><mytracks:length>0.005490675516331921</mytracks:length></extensions></trkpt><trkpt lat="33.58897049459792" lon="130.3823510834244"><ele>6.084954480075339</ele><time>2025-12-28T08:15:12.00500Z</time><extensions><mytracks:speed>4.04553371941982</mytracks:speed><mytracks:gradient>0.05198935222151364</mytracks:gradient><mytracks:length>0.005610025500230045</mytracks:length></extensions></trkpt><trkpt lat="33.58895867086044" lon="130.3824086180892"><ele>6.318889504091674</ele><time>2025-12-28T08:15:17.00300Z</time><extensions><mytracks:speed>3.953130718111793</mytracks:speed><mytracks:gradient>0.04262499168529221</mytracks:gradient><mytracks:length>0.005488212777694312</mytracks:length></extensions></trkpt><trkpt lat="33.58893808866166" lon="130.3824597246028"><ele>6.242678442374893</ele><time>2025-12-28T08:15:21.99900Z</time><extensions><mytracks:speed>3.789149239873544</mytracks:speed><mytracks:length>0.005258421505934638</mytracks:length></extensions></trkpt><trkpt lat="33.58892808774753" lon="130.3825153978232"><ele>6.138146964654177</ele><time>2025-12-28T08:15:26.99800Z</time><extensions><mytracks:speed>3.799235300894026</mytracks:speed><mytracks:length>0.005275533238457873</mytracks:length></extensions></trkpt><trkpt lat="33.58891905890002" lon="130.382569109059"><ele>6.208634808986371</ele><time>2025-12-28T08:15:31.99300Z</time><extensions><mytracks:speed>3.658110143840067</mytracks:speed><mytracks:gradient>0.01388850178846465</mytracks:gradient><mytracks:length>0.005075266245833611</mytracks:length></extensions></trkpt><trkpt lat="33.58890853768183" lon="130.3826273428086"><ele>5.986555622016935</ele><time>2025-12-28T08:15:37.50000Z</time><extensions><mytracks:speed>3.607705893730702</mytracks:speed><mytracks:length>0.005519326272620882</mytracks:length></extensions></trkpt><trkpt lat="33.58889448803853" lon="130.3826901921364"><ele>5.96127330718581</ele><time>2025-12-28T08:15:43.49600Z</time><extensions><mytracks:speed>3.619111437621794</mytracks:speed><mytracks:length>0.006027456945874838</mytracks:length></extensions></trkpt><trkpt lat="33.58888221344104" lon="130.382745258602"><ele>6.234311387455644</ele><time>2025-12-28T08:15:49.00900Z</time><extensions><mytracks:speed>3.447422192688674</mytracks:speed><mytracks:gradient>0.05171369193282901</mytracks:gradient><mytracks:length>0.005279802506161881</mytracks:length></extensions></trkpt><trkpt lat="33.58887358582403" lon="130.3828002658707"><ele>6.116560957301054</ele><time>2025-12-28T08:15:54.00300Z</time><extensions><mytracks:speed>3.737173568518563</mytracks:speed><mytracks:length>0.005184197489031928</mytracks:length></extensions></trkpt><trkpt lat="33.58887527796323" lon="130.3828562907719"><ele>6.231150401614366</ele><time>2025-12-28T08:15:59.00100Z</time><extensions><mytracks:speed>3.74102469952879</mytracks:speed><mytracks:gradient>0.0220629477832686</mytracks:gradient><mytracks:length>0.005193750419887714</mytracks:length></extensions></trkpt><trkpt lat="33.5888660941892" lon="130.3829073033449"><ele>6.690897293221514</ele><time>2025-12-28T08:16:03.99600Z</time><extensions><mytracks:speed>3.48465996415114</mytracks:speed><mytracks:gradient>0.0951020383525044</mytracks:gradient><mytracks:length>0.004834248556303853</mytracks:length></extensions></trkpt><trkpt lat="33.58885583844712" lon="130.3829601847089"><ele>6.589100562873021</ele><time>2025-12-28T08:16:09.00100Z</time><extensions><mytracks:speed>3.616740620973244</mytracks:speed><mytracks:length>0.005028883226373771</mytracks:length></extensions></trkpt><trkpt lat="33.58884928049441" lon="130.3830131368774"><ele>6.25198223583822</ele><time>2025-12-28T08:16:13.99800Z</time><extensions><mytracks:speed>3.572317810612298</mytracks:speed><mytracks:length>0.004958495241715139</mytracks:length></extensions></trkpt><trkpt lat="33.58884605680328" lon="130.3830698975033"><ele>6.006152598571381</ele><time>2025-12-28T08:16:19.00200Z</time><extensions><mytracks:speed>3.790897229625157</mytracks:speed><mytracks:length>0.005268695214536009</mytracks:length></extensions></trkpt><trkpt lat="33.58885000130891" lon="130.3831300348762"><ele>5.664058942800766</ele><time>2025-12-28T08:16:24.00000Z</time><extensions><mytracks:speed>4.023840143911906</mytracks:speed><mytracks:length>0.005587488721316072</mytracks:length></extensions></trkpt><trkpt lat="33.58884180583463" lon="130.3831850720345"><ele>5.571134812025994</ele><time>2025-12-28T08:16:28.99900Z</time><extensions><mytracks:speed>3.729107779095818</mytracks:speed><mytracks:length>0.005178109175141606</mytracks:length></extensions></trkpt><trkpt lat="33.58883130888258" lon="130.3832386664247"><ele>5.251596110156394</ele><time>2025-12-28T08:16:34.00200Z</time><extensions><mytracks:speed>3.669296576608954</mytracks:speed><mytracks:length>0.005099183332426395</mytracks:length></extensions></trkpt><trkpt lat="33.58882276861868" lon="130.3832854627217"><ele>4.579095115050838</ele><time>2025-12-28T08:16:39.00100Z</time><extensions><mytracks:speed>3.194861516170703</mytracks:speed><mytracks:length>0.004436638410662849</mytracks:length></extensions></trkpt><trkpt lat="33.5888152209411" lon="130.3833379479186"><ele>4.371890085236957</ele><time>2025-12-28T08:16:43.99900Z</time><extensions><mytracks:speed>3.553873493385824</mytracks:speed><mytracks:length>0.004933896216025881</mytracks:length></extensions></trkpt><trkpt lat="33.58880403076646" lon="130.3833969749833"><ele>4.860347892899552</ele><time>2025-12-28T08:16:49.00100Z</time><extensions><mytracks:speed>4.036172373619109</mytracks:speed><mytracks:gradient>0.0871061569288315</mytracks:gradient><mytracks:length>0.005607615177669709</mytracks:length></extensions></trkpt><trkpt lat="33.58879056213391" lon="130.3834553927664"><ele>5.632861200721002</ele><time>2025-12-28T08:16:53.99200Z</time><extensions><mytracks:speed>4.050389749211987</mytracks:speed><mytracks:gradient>0.1375644703996935</mytracks:gradient><mytracks:length>0.00561564556296341</mytracks:length></extensions></trkpt><trkpt lat="33.58878327493965" lon="130.3835117316966"><ele>5.482731937667245</ele><time>2025-12-28T08:16:59.00200Z</time><extensions><mytracks:speed>3.794465083485501</mytracks:speed><mytracks:length>0.005280655945512184</mytracks:length></extensions></trkpt><trkpt lat="33.58877213991219" lon="130.3835654471192"><ele>5.441453732932628</ele><time>2025-12-28T08:17:03.99200Z</time><extensions><mytracks:speed>3.697721411972013</mytracks:speed><mytracks:length>0.005125626984251975</mytracks:length></extensions></trkpt><trkpt lat="33.58876539143471" lon="130.3836268721985"><ele>5.598242443045589</ele><time>2025-12-28T08:17:08.99800Z</time><extensions><mytracks:speed>4.127507780892691</mytracks:speed><mytracks:gradient>0.02732139045350117</mytracks:gradient><mytracks:length>0.005738679749107313</mytracks:length></extensions></trkpt><trkpt lat="33.5887621601474" lon="130.3836812784129"><ele>5.316214322928833</ele><time>2025-12-28T08:17:13.99400Z</time><extensions><mytracks:speed>3.639865845660534</mytracks:speed><mytracks:length>0.005051235915545901</mytracks:length></extensions></trkpt><trkpt lat="33.58872768729903" lon="130.383728153303"><ele>5.633546038406993</ele><time>2025-12-28T08:17:19.00000Z</time><extensions><mytracks:speed>4.163774097881767</mytracks:speed><mytracks:gradient>0.05479689200529508</mytracks:gradient><mytracks:length>0.005791053175926408</mytracks:length></extensions></trkpt><trkpt lat="33.58872310290009" lon="130.383786491892"><ele>6.031134292293444</ele><time>2025-12-28T08:17:24.00200Z</time><extensions><mytracks:speed>3.906330002860722</mytracks:speed><mytracks:gradient>0.07325964395186088</mytracks:gradient><mytracks:length>0.00542711146873315</mytracks:length></extensions></trkpt><trkpt lat="33.58871735005462" lon="130.3838432994096"><ele>6.300440376468185</ele><time>2025-12-28T08:17:29.00000Z</time><extensions><mytracks:speed>3.8184252658379</mytracks:speed><mytracks:gradient>0.05080195107155156</mytracks:gradient><mytracks:length>0.005301097270761088</mytracks:length></extensions></trkpt><trkpt lat="33.58871109778001" lon="130.38389619785"><ele>6.345276092031899</ele><time>2025-12-28T08:17:33.99700Z</time><extensions><mytracks:speed>3.56463222883659</mytracks:speed><mytracks:gradient>0.009060487558029932</mytracks:gradient><mytracks:length>0.00494848817754603</mytracks:length></extensions></trkpt><trkpt lat="33.58871221692853" lon="130.3839482368916"><ele>6.327866843641293</ele><time>2025-12-28T08:17:38.99800Z</time><extensions><mytracks:speed>3.471635149689491</mytracks:speed><mytracks:length>0.004822115081966341</mytracks:length></extensions></trkpt><trkpt lat="33.58871309816363" lon="130.3840039448741"><ele>6.623857663479239</ele><time>2025-12-28T08:17:44.50100Z</time><extensions><mytracks:speed>3.376827575817339</mytracks:speed><mytracks:gradient>0.05734536336152256</mytracks:gradient><mytracks:length>0.005161547551315176</mytracks:length></extensions></trkpt><trkpt lat="33.58871337958419" lon="130.3840552260496"><ele>6.926096962010556</ele><time>2025-12-28T08:17:49.49700Z</time><extensions><mytracks:speed>3.423266354778011</mytracks:speed><mytracks:gradient>0.06360911448249162</mytracks:gradient><mytracks:length>0.004751509292186552</mytracks:length></extensions></trkpt><trkpt lat="33.58870574482889" lon="130.3841017647416"><ele>7.26824823855568</ele><time>2025-12-28T08:17:54.49300Z</time><extensions><mytracks:speed>3.166516160543832</mytracks:speed><mytracks:gradient>0.07787188967166975</mytracks:gradient><mytracks:length>0.004393771333760258</mytracks:length></extensions></trkpt><trkpt lat="33.58869700726753" lon="130.3841577103902"><ele>7.244171945658607</ele><time>2025-12-28T08:17:59.99600Z</time><extensions><mytracks:speed>3.448570893579218</mytracks:speed><mytracks:length>0.005272115335126331</mytracks:length></extensions></trkpt><trkpt lat="33.58868874093723" lon="130.3842198984563"><ele>7.069276196680185</ele><time>2025-12-28T08:18:04.99500Z</time><extensions><mytracks:speed>4.201482804082929</mytracks:speed><mytracks:length>0.005833694882353855</mytracks:length></extensions></trkpt><trkpt lat="33.58868498579891" lon="130.3842744110386"><ele>6.987275965787112</ele><time>2025-12-28T08:18:10.00500Z</time><extensions><mytracks:speed>3.640104902779212</mytracks:speed><mytracks:length>0.005066379413160748</mytracks:length></extensions></trkpt><trkpt lat="33.58868230799587" lon="130.3843378015406"><ele>7.129954243437837</ele><time>2025-12-28T08:18:14.99900Z</time><extensions><mytracks:speed>4.238124991104217</mytracks:speed><mytracks:gradient>0.02426875269542706</mytracks:gradient><mytracks:length>0.005879093970808374</mytracks:length></extensions></trkpt><trkpt lat="33.5886767428229" lon="130.3843910061577"><ele>7.370228954591377</ele><time>2025-12-28T08:18:20.00500Z</time><extensions><mytracks:speed>3.572140251069588</mytracks:speed><mytracks:gradient>0.04837744716684471</mytracks:gradient><mytracks:length>0.004966667842659777</mytracks:length></extensions></trkpt><trkpt lat="33.58866733198616" lon="130.3844395919839"><ele>7.914683193975789</ele><time>2025-12-28T08:18:24.99600Z</time><extensions><mytracks:speed>3.332229649530725</mytracks:speed><mytracks:gradient>0.1178535901643204</mytracks:gradient><mytracks:length>0.00461975098616252</mytracks:length></extensions></trkpt><trkpt lat="33.58866619927752" lon="130.3844854144578"><ele>8.025267013072266</ele><time>2025-12-28T08:18:30.00300Z</time><extensions><mytracks:speed>3.052847741800202</mytracks:speed><mytracks:gradient>0.02603996057797063</mytracks:gradient><mytracks:length>0.004246696870579329</mytracks:length></extensions></trkpt><trkpt lat="33.58866202498524" lon="130.3845348292145"><ele>8.07982822019893</ele><time>2025-12-28T08:18:35.00200Z</time><extensions><mytracks:speed>3.31398960200093</mytracks:speed><mytracks:gradient>0.01185809004870526</mytracks:gradient><mytracks:length>0.004601180030052245</mytracks:length></extensions></trkpt><trkpt lat="33.5886554765836" lon="130.3845847560204"><ele>8.227729140605687</ele><time>2025-12-28T08:18:39.99800Z</time><extensions><mytracks:speed>3.373611610695376</mytracks:speed><mytracks:gradient>0.03159085452010064</mytracks:gradient><mytracks:length>0.004681763841261415</mytracks:length></extensions></trkpt><trkpt lat="33.58864956465405" lon="130.3846356390931"><ele>8.168770299377705</ele><time>2025-12-28T08:18:45.00100Z</time><extensions><mytracks:speed>3.424031435612357</mytracks:speed><mytracks:length>0.004759090484549995</mytracks:length></extensions></trkpt><trkpt lat="33.5886407515814" lon="130.384688519046"><ele>8.16211549373187</ele><time>2025-12-28T08:18:49.99500Z</time><extensions><mytracks:speed>3.601995135107835</mytracks:speed><mytracks:length>0.00499651968030821</mytracks:length></extensions></trkpt><trkpt lat="33.58863384484265" lon="130.3847368569959"><ele>8.422844240228446</ele><time>2025-12-28T08:18:54.99300Z</time><extensions><mytracks:speed>3.272607090430456</mytracks:speed><mytracks:gradient>0.05739095580987959</mytracks:gradient><mytracks:length>0.004543028475781084</mytracks:length></extensions></trkpt><trkpt lat="33.58863010457466" lon="130.3847902323466"><ele>8.43491250864038</ele><time>2025-12-28T08:19:00.00500Z</time><extensions><mytracks:speed>3.562989523304466</mytracks:speed><mytracks:gradient>0.002432519850058893</mytracks:gradient><mytracks:length>0.004961220937885286</mytracks:length></extensions></trkpt><trkpt lat="33.58862435757138" lon="130.3848365177964"><ele>8.133652777009191</ele><time>2025-12-28T08:19:05.00900Z</time><extensions><mytracks:speed>3.119001880161028</mytracks:speed><mytracks:length>0.004334916610245162</mytracks:length></extensions></trkpt><trkpt lat="33.58859534953936" lon="130.3848730734675"><ele>7.604850539815034</ele><time>2025-12-28T08:19:10.00800Z</time><extensions><mytracks:speed>3.367426926377265</mytracks:speed><mytracks:length>0.004675985072746005</mytracks:length></extensions></trkpt><trkpt lat="33.58858085714991" lon="130.3849185252544"><ele>7.245278085872787</ele><time>2025-12-28T08:19:14.99100Z</time><extensions><mytracks:speed>3.256723458199632</mytracks:speed><mytracks:length>0.004508177331667587</mytracks:length></extensions></trkpt><trkpt lat="33.58857507521088" lon="130.3849739016356"><ele>7.157427470930294</ele><time>2025-12-28T08:19:19.99800Z</time><extensions><mytracks:speed>3.717347202098658</mytracks:speed><mytracks:length>0.005170270808428378</mytracks:length></extensions></trkpt><trkpt lat="33.5885708080115" lon="130.3850251113725"><ele>7.355005366634881</ele><time>2025-12-28T08:19:25.00700Z</time><extensions><mytracks:speed>3.42681426555811</mytracks:speed><mytracks:gradient>0.04144175097891824</mytracks:gradient><mytracks:length>0.004767604916237645</mytracks:length></extensions></trkpt><trkpt lat="33.58856656000982" lon="130.3850753004957"><ele>7.222104699473752</ele><time>2025-12-28T08:19:29.99600Z</time><extensions><mytracks:speed>3.371659429396216</mytracks:speed><mytracks:length>0.004673093008719577</mytracks:length></extensions></trkpt><trkpt lat="33.58855554675444" lon="130.3851292144077"><ele>7.203467286621886</ele><time>2025-12-28T08:19:35.00100Z</time><extensions><mytracks:speed>3.698408845629724</mytracks:speed><mytracks:length>0.005141427892724948</mytracks:length></extensions></trkpt><trkpt lat="33.58854373624997" lon="130.3851812771055"><ele>6.972627285196825</ele><time>2025-12-28T08:19:40.00100Z</time><extensions><mytracks:speed>3.597890340472311</mytracks:speed><mytracks:length>0.004997421497783347</mytracks:length></extensions></trkpt><trkpt lat="33.58853761704763" lon="130.3852288816567"><ele>7.14076397523895</ele><time>2025-12-28T08:19:44.99400Z</time><extensions><mytracks:speed>3.217227644940909</mytracks:speed><mytracks:gradient>0.03768225792219034</mytracks:gradient><mytracks:length>0.004461959004402252</mytracks:length></extensions></trkpt><trkpt lat="33.58853217620538" lon="130.3852749172867"><ele>7.484027485505521</ele><time>2025-12-28T08:19:49.99400Z</time><extensions><mytracks:speed>3.100847471067067</mytracks:speed><mytracks:gradient>0.07970347126440552</mytracks:gradient><mytracks:length>0.004306757344706369</mytracks:length></extensions></trkpt><trkpt lat="33.58852553901087" lon="130.3853296680029"><ele>7.394362297148673</ele><time>2025-12-28T08:19:55.50000Z</time><extensions><mytracks:speed>3.35143902781466</mytracks:speed><mytracks:length>0.005125626984251975</mytracks:length></extensions></trkpt><trkpt lat="33.58853299146042" lon="130.385392941819"><ele>7.854645364527843</ele><time>2025-12-28T08:20:01.00400Z</time><extensions><mytracks:speed>3.871530810118918</mytracks:speed><mytracks:gradient>0.07775604325272638</mytracks:gradient><mytracks:length>0.005919579342317309</mytracks:length></extensions></trkpt><trkpt lat="33.58852738689587" lon="130.385447599622"><ele>7.889187547881082</ele><time>2025-12-28T08:20:06.00000Z</time><extensions><mytracks:speed>3.675704990457914</mytracks:speed><mytracks:gradient>0.00677171505641841</mytracks:gradient><mytracks:length>0.005100950507434369</mytracks:length></extensions></trkpt><trkpt lat="33.58851708491454" lon="130.3854960083656"><ele>7.592248484739311</ele><time>2025-12-28T08:20:11.00700Z</time><extensions><mytracks:speed>3.327987421328246</mytracks:speed><mytracks:length>0.004628521747961073</mytracks:length></extensions></trkpt><trkpt lat="33.58851112599954" lon="130.3855461177571"><ele>7.332607923312097</ele><time>2025-12-28T08:20:15.99600Z</time><extensions><mytracks:speed>3.383057723762905</mytracks:speed><mytracks:length>0.004688496735729065</mytracks:length></extensions></trkpt><trkpt lat="33.58850408237271" lon="130.3855972520952"><ele>7.151421528764828</ele><time>2025-12-28T08:20:21.00100Z</time><extensions><mytracks:speed>3.452457711703908</mytracks:speed><mytracks:length>0.004799634236536131</mytracks:length></extensions></trkpt><trkpt lat="33.58849532480608" lon="130.385652738588"><ele>6.573085504389518</ele><time>2025-12-28T08:20:25.99900Z</time><extensions><mytracks:speed>3.767417644237924</mytracks:speed><mytracks:length>0.005230064748899328</mytracks:length></extensions></trkpt><trkpt lat="33.58848637858856" lon="130.3857063872113"><ele>7.150798438779411</ele><time>2025-12-28T08:20:31.00100Z</time><extensions><mytracks:speed>3.647477058101798</mytracks:speed><mytracks:gradient>0.1139887374052478</mytracks:gradient><mytracks:length>0.00506815802631477</mytracks:length></extensions></trkpt><trkpt lat="33.58847694798178" lon="130.3857520001137"><ele>7.347096027482406</ele><time>2025-12-28T08:20:35.99700Z</time><extensions><mytracks:speed>3.137096414337304</mytracks:speed><mytracks:gradient>0.04508868928198981</mytracks:gradient><mytracks:length>0.004353588268563933</mytracks:length></extensions></trkpt><trkpt lat="33.58847988416598" lon="130.3858115579537"><ele>7.213816999477963</ele><time>2025-12-28T08:20:41.00200Z</time><extensions><mytracks:speed>3.974925351413756</mytracks:speed><mytracks:length>0.005526669603010676</mytracks:length></extensions></trkpt><trkpt lat="33.58848015203208" lon="130.385864592601"><ele>7.240791976154343</ele><time>2025-12-28T08:20:45.99700Z</time><extensions><mytracks:speed>3.540278209095998</mytracks:speed><mytracks:gradient>0.005491729966643508</mytracks:gradient><mytracks:length>0.004911926995723475</mytracks:length></extensions></trkpt><trkpt lat="33.58848022076953" lon="130.3859149736676"><ele>6.719013789696109</ele><time>2025-12-28T08:20:51.00200Z</time><extensions><mytracks:speed>3.356133573294627</mytracks:speed><mytracks:length>0.004666337888810081</mytracks:length></extensions></trkpt><trkpt lat="33.58848309047038" lon="130.3859650016511"><ele>6.423860230631582</ele><time>2025-12-28T08:20:55.99500Z</time><extensions><mytracks:speed>3.349571711143991</mytracks:speed><mytracks:length>0.004645043557917066</mytracks:length></extensions></trkpt><trkpt lat="33.58847783268305" lon="130.3860209097372"><ele>6.398099925628548</ele><time>2025-12-28T08:21:00.99200Z</time><extensions><mytracks:speed>3.753744605214147</mytracks:speed><mytracks:length>0.005211074518761144</mytracks:length></extensions></trkpt><trkpt lat="33.58847806476999" lon="130.3860734288871"><ele>6.57804697027604</ele><time>2025-12-28T08:21:05.99100Z</time><extensions><mytracks:speed>3.503349529363323</mytracks:speed><mytracks:gradient>0.03698874870078243</mytracks:gradient><mytracks:length>0.004864913006470148</mytracks:length></extensions></trkpt><trkpt lat="33.58847522356742" lon="130.3861160465336"><ele>6.759924658700861</ele><time>2025-12-28T08:21:11.00400Z</time><extensions><mytracks:speed>2.84405416077675</mytracks:speed><mytracks:gradient>0.04592795241972109</mytracks:gradient><mytracks:length>0.003960065250954308</mytracks:length></extensions></trkpt><trkpt lat="33.58847390767523" lon="130.3861711644453"><ele>7.411858050717098</ele><time>2025-12-28T08:21:15.99900Z</time><extensions><mytracks:speed>3.68071467415065</mytracks:speed><mytracks:gradient>0.1276515947925279</mytracks:gradient><mytracks:length>0.005107130804560836</mytracks:length></extensions></trkpt><trkpt lat="33.58847041292091" lon="130.3862272400438"><ele>7.283862531685839</ele><time>2025-12-28T08:21:20.99800Z</time><extensions><mytracks:speed>3.751275273445847</mytracks:speed><mytracks:length>0.005209344701445845</mytracks:length></extensions></trkpt><trkpt lat="33.58846441359098" lon="130.3862811690747"><ele>7.413472884393106</ele><time>2025-12-28T08:21:25.99700Z</time><extensions><mytracks:speed>3.629388312052307</mytracks:speed><mytracks:gradient>0.02571825394363179</mytracks:gradient><mytracks:length>0.005039624890217743</mytracks:length></extensions></trkpt><trkpt lat="33.58845850605181" lon="130.3863315783074"><ele>7.777040979482529</ele><time>2025-12-28T08:21:30.99800Z</time><extensions><mytracks:speed>3.395403863421885</mytracks:speed><mytracks:gradient>0.0770877676331687</mytracks:gradient><mytracks:length>0.004716287762015698</mytracks:length></extensions></trkpt><trkpt lat="33.5884514143633" lon="130.386379294088"><ele>7.912135282255916</ele><time>2025-12-28T08:21:35.98300Z</time><extensions><mytracks:speed>3.241564196434623</mytracks:speed><mytracks:gradient>0.03009354960517433</mytracks:gradient><mytracks:length>0.004489144834883755</mytracks:length></extensions></trkpt><trkpt lat="33.58844818351758" lon="130.3864246426027"><ele>8.405130920813825</ele><time>2025-12-28T08:21:40.99000Z</time><extensions><mytracks:speed>3.03186771001952</mytracks:speed><mytracks:gradient>0.1169100420519425</mytracks:gradient><mytracks:length>0.004216880174749008</mytracks:length></extensions></trkpt><trkpt lat="33.58844237473087" lon="130.3864838058548"><ele>8.09272666386599</ele><time>2025-12-28T08:21:45.99900Z</time><extensions><mytracks:speed>3.96685264306887</mytracks:speed><mytracks:length>0.005518509743838751</mytracks:length></extensions></trkpt><trkpt lat="33.58843211011899" lon="130.3865356965821"><ele>8.185971115998354</ele><time>2025-12-28T08:21:50.99700Z</time><extensions><mytracks:speed>3.557878340929757</mytracks:speed><mytracks:gradient>0.01887430434645227</mytracks:gradient><mytracks:length>0.004940285502490091</mytracks:length></extensions></trkpt><trkpt lat="33.58842924067299" lon="130.3865939905955"><ele>8.720659704446104</ele><time>2025-12-28T08:21:56.49700Z</time><extensions><mytracks:speed>3.539909296384199</mytracks:speed><mytracks:gradient>0.09887029885846507</mytracks:gradient><mytracks:length>0.00540797989508627</mytracks:length></extensions></trkpt><trkpt lat="33.58842212705658" lon="130.3866430857727"><ele>8.331344365817044</ele><time>2025-12-28T08:22:01.50400Z</time><extensions><mytracks:speed>3.317638856750377</mytracks:speed><mytracks:length>0.004613894549006317</mytracks:length></extensions></trkpt><trkpt lat="33.58841848204828" lon="130.3866886423432"><ele>8.310961848502444</ele><time>2025-12-28T08:22:06.49900Z</time><extensions><mytracks:speed>3.054902084514487</mytracks:speed><mytracks:length>0.0042392623574142</mytracks:length></extensions></trkpt><trkpt lat="33.58841253907229" lon="130.3867381908476"><ele>7.876548810172503</ele><time>2025-12-28T08:22:12.00700Z</time><extensions><mytracks:speed>3.031305717290127</mytracks:speed><mytracks:length>0.00463727592111443</mytracks:length></extensions></trkpt><trkpt lat="33.58841080035211" lon="130.3867862302683"><ele>7.828937286583609</ele><time>2025-12-28T08:22:17.01400Z</time><extensions><mytracks:speed>3.201967046898893</mytracks:speed><mytracks:length>0.004453872076134111</mytracks:length></extensions></trkpt><trkpt lat="33.58840967276907" lon="130.3868351077826"><ele>8.503386859234704</ele><time>2025-12-28T08:22:21.99800Z</time><extensions><mytracks:speed>3.272828600911267</mytracks:speed><mytracks:gradient>0.1488486520628204</mytracks:gradient><mytracks:length>0.004531109709790645</mytracks:length></extensions></trkpt><trkpt lat="33.58841199477743" lon="130.3868846163743"><ele>9.45245652532431</ele><time>2025-12-28T08:22:26.99500Z</time><extensions><mytracks:speed>3.308855943929901</mytracks:speed><mytracks:gradient>0.2066628652394487</mytracks:gradient><mytracks:length>0.004592357049680755</mytracks:length></extensions></trkpt><trkpt lat="33.58842009207969" lon="130.3869353116218"><ele>9.61213715071634</ele><time>2025-12-28T08:22:31.99700Z</time><extensions><mytracks:speed>3.440778925614834</mytracks:speed><mytracks:gradient>0.03340026268493387</mytracks:gradient><mytracks:length>0.004780819447388897</mytracks:length></extensions></trkpt><trkpt lat="33.58843533274383" lon="130.3869873131373"><ele>9.116130809751198</ele><time>2025-12-28T08:22:36.99800Z</time><extensions><mytracks:speed>3.675082477022067</mytracks:speed><mytracks:length>0.005105365768805837</mytracks:length></extensions></trkpt><trkpt lat="33.58845203589138" lon="130.3870316682772"><ele>8.89235541080671</ele><time>2025-12-28T08:22:42.00600Z</time><extensions><mytracks:speed>3.2398268886955</mytracks:speed><mytracks:length>0.004507177624962388</mytracks:length></extensions></trkpt><trkpt lat="33.58844800261278" lon="130.3870787066593"><ele>8.866675282989094</ele><time>2025-12-28T08:22:47.00200Z</time><extensions><mytracks:speed>3.155103893709581</mytracks:speed><mytracks:length>0.004378359952239534</mytracks:length></extensions></trkpt><trkpt lat="33.58844845515861" lon="130.3871276709606"><ele>8.421377930167148</ele><time>2025-12-28T08:22:52.00100Z</time><extensions><mytracks:speed>3.266220090474424</mytracks:speed><mytracks:length>0.004536079668189101</mytracks:length></extensions></trkpt><trkpt lat="33.58845310581393" lon="130.3871768861114"><ele>8.844971752893812</ele><time>2025-12-28T08:22:56.99400Z</time><extensions><mytracks:speed>3.308670706640203</mytracks:speed><mytracks:gradient>0.09231780738437949</mytracks:gradient><mytracks:length>0.004588430279360574</mytracks:length></extensions></trkpt><trkpt lat="33.58845324341557" lon="130.3872356555181"><ele>9.44924301465011</ele><time>2025-12-28T08:23:01.99600Z</time><extensions><mytracks:speed>3.918018883162687</mytracks:speed><mytracks:gradient>0.1110039205940333</mytracks:gradient><mytracks:length>0.005443692966181394</mytracks:length></extensions></trkpt><trkpt lat="33.5884566742113" lon="130.3872787102233"><ele>9.168638028241251</ele><time>2025-12-28T08:23:06.99500Z</time><extensions><mytracks:speed>2.885616447320323</mytracks:speed><mytracks:length>0.004007574159689547</mytracks:length></extensions></trkpt><trkpt lat="33.58847060646632" lon="130.3873287407571"><ele>9.17966747009867</ele><time>2025-12-28T08:23:11.98900Z</time><extensions><mytracks:speed>3.52284450754459</mytracks:speed><mytracks:gradient>0.002257276907426714</mytracks:gradient><mytracks:length>0.004886171395778087</mytracks:length></extensions></trkpt><trkpt lat="33.58848058935266" lon="130.3873789199019"><ele>9.040407933171736</ele><time>2025-12-28T08:23:16.99800Z</time><extensions><mytracks:speed>3.432937674083824</mytracks:speed><mytracks:length>0.004777047597139085</mytracks:length></extensions></trkpt><trkpt lat="33.58849106206159" lon="130.3874341603853"><ele>8.870765734278924</ele><time>2025-12-28T08:23:21.99800Z</time><extensions><mytracks:speed>3.777760829612364</mytracks:speed><mytracks:length>0.005247268955721374</mytracks:length></extensions></trkpt><trkpt lat="33.58849711674706" lon="130.3874827822467"><ele>8.707621112399588</ele><time>2025-12-28T08:23:27.00400Z</time><extensions><mytracks:speed>3.275316014180929</mytracks:speed><mytracks:length>0.004553926607945789</mytracks:length></extensions></trkpt><trkpt lat="33.58849877056353" lon="130.3875324223351"><ele>8.458074944882359</ele><time>2025-12-28T08:23:32.00600Z</time><extensions><mytracks:speed>3.311889013611277</mytracks:speed><mytracks:length>0.004602159317076222</mytracks:length></extensions></trkpt><trkpt lat="33.58850001992067" lon="130.3875835709205"><ele>7.863198627505641</ele><time>2025-12-28T08:23:37.00400Z</time><extensions><mytracks:speed>3.414429761410983</mytracks:speed><mytracks:length>0.004740114769089079</mytracks:length></extensions></trkpt><trkpt lat="33.5885021129759" lon="130.3876322012201"><ele>7.703127211911586</ele><time>2025-12-28T08:23:41.99700Z</time><extensions><mytracks:speed>3.251919296330863</mytracks:speed><mytracks:length>0.004510176080305654</mytracks:length></extensions></trkpt><trkpt lat="33.588510303775" lon="130.3876875778955"><ele>7.764139208999574</ele><time>2025-12-28T08:23:46.99700Z</time><extensions><mytracks:speed>3.750334734448883</mytracks:speed><mytracks:gradient>0.01171397452594385</mytracks:gradient><mytracks:length>0.005208479577350957</mytracks:length></extensions></trkpt><trkpt lat="33.58851739744037" lon="130.3877371791791"><ele>7.796984316918252</ele><time>2025-12-28T08:23:51.99300Z</time><extensions><mytracks:speed>3.358506769859772</mytracks:speed><mytracks:gradient>0.007046028088830054</mytracks:gradient><mytracks:length>0.004661506809878652</mytracks:length></extensions></trkpt><trkpt lat="33.58852062855953" lon="130.3877797032877"><ele>7.649626952994745</ele><time>2025-12-28T08:23:57.00700Z</time><extensions><mytracks:speed>2.840123559598927</mytracks:speed><mytracks:length>0.003955510832827567</mytracks:length></extensions></trkpt><trkpt lat="33.58851682385431" lon="130.3878263306374"><ele>7.744419437564095</ele><time>2025-12-28T08:24:02.50000Z</time><extensions><mytracks:speed>2.844405733100065</mytracks:speed><mytracks:gradient>0.02184102649380481</mytracks:gradient><mytracks:length>0.004340111239562747</mytracks:length></extensions></trkpt><trkpt lat="33.58852323169555" lon="130.3878714925804"><ele>8.267897639346472</ele><time>2025-12-28T08:24:07.50200Z</time><extensions><mytracks:speed>3.054326947833955</mytracks:speed><mytracks:gradient>0.1233596538646771</mytracks:gradient><mytracks:length>0.004243512245556572</mytracks:length></extensions></trkpt><trkpt lat="33.58853671991518" lon="130.3879261775722"><ele>8.236293632425213</ele><time>2025-12-28T08:24:13.00100Z</time><extensions><mytracks:speed>3.458775453441385</mytracks:speed><mytracks:length>0.005283215436386525</mytracks:length></extensions></trkpt><trkpt lat="33.58853606327767" lon="130.3879819305143"><ele>9.016254909647913</ele><time>2025-12-28T08:24:18.00700Z</time><extensions><mytracks:speed>3.713358393102224</mytracks:speed><mytracks:gradient>0.1510333451320366</mytracks:gradient><mytracks:length>0.005164166075649327</mytracks:length></extensions></trkpt><trkpt lat="33.58852232082742" lon="130.3880304558774"><ele>9.363225549153695</ele><time>2025-12-28T08:24:23.00500Z</time><extensions><mytracks:speed>3.41893443442679</mytracks:speed><mytracks:gradient>0.07309623437007073</mytracks:gradient><mytracks:length>0.004746764898300281</mytracks:length></extensions></trkpt><trkpt lat="33.588528099341" lon="130.3880859067475"><ele>8.550008324986923</ele><time>2025-12-28T08:24:28.00100Z</time><extensions><mytracks:speed>3.730148309661635</mytracks:speed><mytracks:length>0.005176368341616147</mytracks:length></extensions></trkpt><trkpt lat="33.58853978037732" lon="130.3881380950847"><ele>8.483941896318008</ele><time>2025-12-28T08:24:32.99500Z</time><extensions><mytracks:speed>3.608390033606778</mytracks:speed><mytracks:length>0.005005530543679281</mytracks:length></extensions></trkpt><trkpt lat="33.58854806711786" lon="130.3881812938622"><ele>8.542648035751686</ele><time>2025-12-28T08:24:38.00100Z</time><extensions><mytracks:speed>2.952096953398723</mytracks:speed><mytracks:gradient>0.01429996586088145</mytracks:gradient><mytracks:length>0.00410533423679511</mytracks:length></extensions></trkpt><trkpt lat="33.58855688832239" lon="130.3882262426101"><ele>8.486314489972322</ele><time>2025-12-28T08:24:42.99900Z</time><extensions><mytracks:speed>3.081676019551043</mytracks:speed><mytracks:length>0.004278412747104362</mytracks:length></extensions></trkpt><trkpt lat="33.58856591776903" lon="130.3882724969972"><ele>8.0801258493339</ele><time>2025-12-28T08:24:47.99700Z</time><extensions><mytracks:speed>3.170548310413976</mytracks:speed><mytracks:length>0.004400944842755094</mytracks:length></extensions></trkpt><trkpt lat="33.5885686297961" lon="130.3883104949347"><ele>7.684192908546244</ele><time>2025-12-28T08:24:52.99600Z</time><extensions><mytracks:speed>2.542304301465204</mytracks:speed><mytracks:length>0.003530521071492637</mytracks:length></extensions></trkpt><trkpt lat="33.58856912411098" lon="130.3883754473592"><ele>7.058371023118544</ele><time>2025-12-28T08:24:57.99700Z</time><extensions><mytracks:speed>4.33044359639846</mytracks:speed><mytracks:length>0.00601623192474961</mytracks:length></extensions></trkpt><trkpt lat="33.58857977106739" lon="130.3884442284494"><ele>7.404727585470297</ele><time>2025-12-28T08:25:02.99800Z</time><extensions><mytracks:speed>4.664153812591782</mytracks:speed><mytracks:gradient>0.05345593874377952</mytracks:gradient><mytracks:length>0.006479290617491177</mytracks:length></extensions></trkpt><trkpt lat="33.58858792669737" lon="130.388499816206"><ele>7.911153866641752</ele><time>2025-12-28T08:25:08.00200Z</time><extensions><mytracks:speed>3.761486025873</mytracks:speed><mytracks:gradient>0.09686175029265029</mytracks:gradient><mytracks:length>0.005228341214580356</mytracks:length></extensions></trkpt><trkpt lat="33.58859790727459" lon="130.3885485638603"><ele>8.884208202482217</ele><time>2025-12-28T08:25:13.00200Z</time><extensions><mytracks:speed>3.347973219817871</mytracks:speed><mytracks:gradient>0.2092638689041495</mytracks:gradient><mytracks:length>0.004649891741637251</mytracks:length></extensions></trkpt><trkpt lat="33.58860947245329" lon="130.3885914484346"><ele>8.874416973760709</ele><time>2025-12-28T08:25:18.00400Z</time><extensions><mytracks:speed>3.003825085653379</mytracks:speed><mytracks:length>0.004173915425136863</mytracks:length></extensions></trkpt><trkpt lat="33.58861664339077" lon="130.388635856515"><ele>8.459057583238929</ele><time>2025-12-28T08:25:23.00200Z</time><extensions><mytracks:speed>3.018025675230047</mytracks:speed><mytracks:length>0.004190078834365036</mytracks:length></extensions></trkpt><trkpt lat="33.58861967590906" lon="130.3886796319162"><ele>7.858537209260117</ele><time>2025-12-28T08:25:27.99900Z</time><extensions><mytracks:speed>2.931503033481233</mytracks:speed><mytracks:length>0.00406894946385496</mytracks:length></extensions></trkpt><trkpt lat="33.58862744076447" lon="130.3887229069602"><ele>6.460850120359424</ele><time>2025-12-28T08:25:33.00100Z</time><extensions><mytracks:speed>2.950842440633431</mytracks:speed><mytracks:length>0.00409984214840067</mytracks:length></extensions></trkpt><trkpt lat="33.58863829290587" lon="130.3887571034506"><ele>5.417745255280579</ele><time>2025-12-28T08:25:37.99900Z</time><extensions><mytracks:speed>2.44171960386258</mytracks:speed><mytracks:length>0.003389868178833055</mytracks:length></extensions></trkpt><trkpt lat="33.5886443617219" lon="130.3887962173528"><ele>4.179247408540377</ele><time>2025-12-28T08:25:42.99700Z</time><extensions><mytracks:speed>2.653639884085063</mytracks:speed><mytracks:length>0.003684174597469631</mytracks:length></extensions></trkpt><trkpt lat="33.58864452170786" lon="130.3888415483442"><ele>4.735148097520286</ele><time>2025-12-28T08:25:47.99600Z</time><extensions><mytracks:speed>3.023833753515755</mytracks:speed><mytracks:gradient>0.1323991110711996</mytracks:gradient><mytracks:length>0.004198673876903636</mytracks:length></extensions></trkpt><trkpt lat="33.58864373565101" lon="130.38889904359"><ele>5.36579133025251</ele><time>2025-12-28T08:25:52.99700Z</time><extensions><mytracks:speed>3.833791786418144</mytracks:speed><mytracks:gradient>0.1184152539015765</mytracks:gradient><mytracks:length>0.005325692526542215</mytracks:length></extensions></trkpt><trkpt lat="33.58864121760144" lon="130.3889599597051"><ele>5.407600013415474</ele><time>2025-12-28T08:25:57.99200Z</time><extensions><mytracks:speed>4.071405219161849</mytracks:speed><mytracks:gradient>0.007400751258920678</mytracks:gradient><mytracks:length>0.005649248529001554</mytracks:length></extensions></trkpt><trkpt lat="33.58864403538019" lon="130.3890181084026"><ele>6.474408812757877</ele><time>2025-12-28T08:26:03.00800Z</time><extensions><mytracks:speed>3.871578233432481</mytracks:speed><mytracks:gradient>0.1977538051538404</mytracks:gradient><mytracks:length>0.005394630957985818</mytracks:length></extensions></trkpt><trkpt lat="33.58864562006522" lon="130.389055358629"><ele>7.497156191666686</ele><time>2025-12-28T08:26:08.49200Z</time><extensions><mytracks:speed>2.267561853892234</mytracks:speed><mytracks:gradient>0.2960715414563153</mytracks:gradient><mytracks:length>0.003454392725076254</mytracks:length></extensions></trkpt><trkpt lat="33.58865165467462" lon="130.3890945151267"><ele>7.866188061677847</ele><time>2025-12-28T08:26:13.48400Z</time><extensions><mytracks:speed>2.65940562229146</mytracks:speed><mytracks:gradient>0.100067151235637</mytracks:gradient><mytracks:length>0.003687842268460001</mytracks:length></extensions></trkpt><trkpt lat="33.58866768258503" lon="130.3891512344082"><ele>8.410585477506617</ele><time>2025-12-28T08:26:18.99800Z</time><extensions><mytracks:speed>3.622632054266016</mytracks:speed><mytracks:gradient>0.09812800809707575</mytracks:gradient><mytracks:length>0.005547829069252175</mytracks:length></extensions></trkpt><trkpt lat="33.58868081661156" lon="130.389198421472"><ele>8.337464865912978</ele><time>2025-12-28T08:26:24.00200Z</time><extensions><mytracks:speed>3.315198406016499</mytracks:speed><mytracks:length>0.004608030668794517</mytracks:length></extensions></trkpt><trkpt lat="33.58868871399661" lon="130.3892341833217"><ele>8.375152794526647</ele><time>2025-12-28T08:26:29.00100Z</time><extensions><mytracks:speed>2.467440392679872</mytracks:speed><mytracks:gradient>0.01099771201089398</mytracks:gradient><mytracks:length>0.003426888117850067</mytracks:length></extensions></trkpt><trkpt lat="33.58870724411697" lon="130.3892675417231"><ele>8.645033409747285</ele><time>2025-12-28T08:26:34.00500Z</time><extensions><mytracks:speed>2.672778447672269</mytracks:speed><mytracks:gradient>0.07265347282416547</mytracks:gradient><mytracks:length>0.003714627872968957</mytracks:length></extensions></trkpt><trkpt lat="33.5887293714015" lon="130.3893128075765"><ele>8.670450229163396</ele><time>2025-12-28T08:26:38.99400Z</time><extensions><mytracks:speed>3.508498797438046</mytracks:speed><mytracks:gradient>0.005227503595587734</mytracks:gradient><mytracks:length>0.004862133320685759</mytracks:length></extensions></trkpt><trkpt lat="33.58875277772025" lon="130.3893616641829"><ele>8.843552286743805</ele><time>2025-12-28T08:26:43.97500Z</time><extensions><mytracks:speed>3.771869697283707</mytracks:speed><mytracks:gradient>0.03316861079829581</mytracks:gradient><mytracks:length>0.005218851601385188</mytracks:length></extensions></trkpt><trkpt lat="33.58877384792224" lon="130.3894072278932"><ele>9.205628229161849</ele><time>2025-12-28T08:26:48.97300Z</time><extensions><mytracks:speed>3.476473910645414</mytracks:speed><mytracks:gradient>0.07501388843286945</mytracks:gradient><mytracks:length>0.004826785412438254</mytracks:length></extensions></trkpt><trkpt lat="33.58880839788032" lon="130.3894563188853"><ele>9.354049391449944</ele><time>2025-12-28T08:26:53.97300Z</time><extensions><mytracks:speed>4.285895528408856</mytracks:speed><mytracks:gradient>0.02493224327432237</mytracks:gradient><mytracks:length>0.005952980670654424</mytracks:length></extensions></trkpt><trkpt lat="33.58883863789421" lon="130.3895095688637"><ele>9.609300377881699</ele><time>2025-12-28T08:26:58.96200Z</time><extensions><mytracks:speed>4.307468325060058</mytracks:speed><mytracks:gradient>0.04276380141593376</mytracks:gradient><mytracks:length>0.005968856321941667</mytracks:length></extensions></trkpt><trkpt lat="33.58883434569875" lon="130.3895765318684"><ele>10.53444604786015</ele><time>2025-12-28T08:27:03.98500Z</time><extensions><mytracks:speed>4.458745627605182</mytracks:speed><mytracks:gradient>0.1487138382117036</mytracks:gradient><mytracks:length>0.006220979036674797</mytracks:length></extensions></trkpt><trkpt lat="33.58884125996369" lon="130.3896274074509"><ele>11.00466497886077</ele><time>2025-12-28T08:27:08.98900Z</time><extensions><mytracks:speed>3.434217760934353</mytracks:speed><mytracks:gradient>0.0984913243872852</mytracks:gradient><mytracks:length>0.00477421675386996</mytracks:length></extensions></trkpt><trkpt lat="33.58882195903971" lon="130.3896717463402"><ele>10.76955591258771</ele><time>2025-12-28T08:27:14.03100Z</time><extensions><mytracks:speed>3.309015953369109</mytracks:speed><mytracks:length>0.004634359700772913</mytracks:length></extensions></trkpt><trkpt lat="33.5888081943473" lon="130.3897256047194"><ele>10.16834396573582</ele><time>2025-12-28T08:27:19.02500Z</time><extensions><mytracks:speed>3.763133716641054</mytracks:speed><mytracks:length>0.005219715006404147</mytracks:length></extensions></trkpt><trkpt lat="33.58882015894297" lon="130.389782615145"><ele>10.09705134428787</ele><time>2025-12-28T08:27:23.98500Z</time><extensions><mytracks:speed>3.952221811081019</mytracks:speed><mytracks:length>0.005445348338871682</mytracks:length></extensions></trkpt><trkpt lat="33.58885063459837" lon="130.3898543857238"><ele>10.34810410502866</ele><time>2025-12-28T08:27:30.98900Z</time><extensions><mytracks:speed>3.835133320806978</mytracks:speed><mytracks:gradient>0.03364444214620991</mytracks:gradient><mytracks:length>0.007461938576653561</mytracks:length></extensions></trkpt><trkpt lat="33.5889270855963" lon="130.3901558245863"><ele>9.695227161981165</ele><time>2025-12-28T08:27:58.99900Z</time><extensions><mytracks:speed>3.751322724889616</mytracks:speed><mytracks:length>0.02918731659863676</mytracks:length></extensions></trkpt><trkpt lat="33.5889174220665" lon="130.3902112540263"><ele>9.710712030125336</ele><time>2025-12-28T08:28:03.98400Z</time><extensions><mytracks:speed>3.789149480875836</mytracks:speed><mytracks:gradient>0.002951516921567204</mytracks:gradient><mytracks:length>0.005246410085275204</mytracks:length></extensions></trkpt><trkpt lat="33.58892176766317" lon="130.3902585695128"><ele>9.318942000572326</ele><time>2025-12-28T08:28:08.98700Z</time><extensions><mytracks:speed>3.172521597097589</mytracks:speed><mytracks:length>0.004409128847671818</mytracks:length></extensions></trkpt><trkpt lat="33.58892779182257" lon="130.3903124204734"><ele>8.709554412176113</ele><time>2025-12-28T08:28:14.49400Z</time><extensions><mytracks:speed>3.289502581993608</mytracks:speed><mytracks:length>0.005032466328521537</mytracks:length></extensions></trkpt><trkpt lat="33.58892621639064" lon="130.3903507410897"><ele>7.570558236259263</ele><time>2025-12-28T08:28:19.49600Z</time><extensions><mytracks:speed>2.557815703793598</mytracks:speed><mytracks:length>0.003553421988823114</mytracks:length></extensions></trkpt><trkpt lat="33.58892577730003" lon="130.3904168068916"><ele>7.567105191759765</ele><time>2025-12-28T08:28:34.00000Z</time><extensions><mytracks:speed>1.519032964505798</mytracks:speed><mytracks:length>0.006120198206297059</mytracks:length></extensions></trkpt><trkpt lat="33.58892051658044" lon="130.3904500322445"><ele>7.8439004686581</ele><time>2025-12-28T08:28:38.99700Z</time><extensions><mytracks:speed>2.25692127677595</mytracks:speed><mytracks:gradient>0.0883521286949505</mytracks:gradient><mytracks:length>0.003132864832878144</mytracks:length></extensions></trkpt><trkpt lat="33.58891499443127" lon="130.3904553448483"><ele>8.097554538523287</ele><time>2025-12-28T08:28:43.99800Z</time><extensions><mytracks:speed>0.5594343094860431</mytracks:speed><mytracks:gradient>0.3264199664201035</mytracks:gradient><mytracks:length>0.0007770789043545636</mytracks:length></extensions></trkpt><trkpt lat="33.58891359314533" lon="130.3905743750497"><ele>8.021057112142444</ele><time>2025-12-28T08:29:11.00000Z</time><extensions><mytracks:speed>1.470140896688555</mytracks:speed><mytracks:length>0.01102680739839952</mytracks:length></extensions></trkpt><trkpt lat="33.58894527960118" lon="130.390776043578"><ele>8.204355785623193</ele><time>2025-12-28T08:29:31.99900Z</time><extensions><mytracks:speed>3.258821156199838</mytracks:speed><mytracks:gradient>0.009642430011931349</mytracks:gradient><mytracks:length>0.01900959335498822</mytracks:length></extensions></trkpt><trkpt lat="33.5889582183456" lon="130.3908319696169"><ele>8.404640328069942</ele><time>2025-12-28T08:29:36.99900Z</time><extensions><mytracks:speed>3.870426645550614</mytracks:speed><mytracks:gradient>0.03725958005933908</mytracks:gradient><mytracks:length>0.005375383783922912</mytracks:length></extensions></trkpt><trkpt lat="33.58897651006333" lon="130.3908817996302"><ele>8.521145797255992</ele><time>2025-12-28T08:29:41.99900Z</time><extensions><mytracks:speed>3.630475474287199</mytracks:speed><mytracks:gradient>0.02310558944711124</mytracks:gradient><mytracks:length>0.005042306730703904</mytracks:length></extensions></trkpt><trkpt lat="33.58899731587671" lon="130.3909324819407"><ele>8.607878823992426</ele><time>2025-12-28T08:29:46.99900Z</time><extensions><mytracks:speed>3.76752774994656</mytracks:speed><mytracks:gradient>0.01657535733229034</mytracks:gradient><mytracks:length>0.005232648985941926</mytracks:length></extensions></trkpt><trkpt lat="33.58901896629895" lon="130.3909871538733"><ele>9.054727913218283</ele><time>2025-12-28T08:29:51.99900Z</time><extensions><mytracks:speed>4.036352022948753</mytracks:speed><mytracks:gradient>0.07970896786561231</mytracks:gradient><mytracks:length>0.005606007720225855</mytracks:length></extensions></trkpt><trkpt lat="33.58903833211448" lon="130.3910418560018"><ele>9.32466536231402</ele><time>2025-12-28T08:29:56.99900Z</time><extensions><mytracks:speed>3.963348937194105</mytracks:speed><mytracks:gradient>0.04903843108791765</mytracks:gradient><mytracks:length>0.005504610223189742</mytracks:length></extensions></trkpt><trkpt lat="33.58905383749923" lon="130.3910920390912"><ele>9.54498035788286</ele><time>2025-12-28T08:30:01.99900Z</time><extensions><mytracks:speed>3.569490676780686</mytracks:speed><mytracks:gradient>0.04443997145232204</mytracks:gradient><mytracks:length>0.004957586343303743</mytracks:length></extensions></trkpt><trkpt lat="33.58907257190766" lon="130.3911439861349"><ele>9.020327270578612</ele><time>2025-12-28T08:30:06.99900Z</time><extensions><mytracks:speed>3.774971932325126</mytracks:speed><mytracks:length>0.005242973196543904</mytracks:length></extensions></trkpt><trkpt lat="33.58908409915097" lon="130.3911874565894"><ele>9.591612663228346</ele><time>2025-12-28T08:30:11.99900Z</time><extensions><mytracks:speed>3.042331265340107</mytracks:speed><mytracks:gradient>0.135202014939745</mytracks:gradient><mytracks:length>0.004225420700307885</mytracks:length></extensions></trkpt><trkpt lat="33.58909940457296" lon="130.3912520153269"><ele>9.509024347023141</ele><time>2025-12-28T08:30:17.49900Z</time><extensions><mytracks:speed>4.069152949983227</mytracks:speed><mytracks:length>0.006217356079616786</mytracks:length></extensions></trkpt><trkpt lat="33.58912502942301" lon="130.3913111461372"><ele>9.61963372527447</ele><time>2025-12-28T08:30:22.50000Z</time><extensions><mytracks:speed>4.444048522928266</mytracks:speed><mytracks:gradient>0.01791829754158752</mytracks:gradient><mytracks:length>0.006172984793594926</mytracks:length></extensions></trkpt><trkpt lat="33.58915719970039" lon="130.3913833892337"><ele>9.664827437205204</ele><time>2025-12-28T08:30:28.50000Z</time><extensions><mytracks:speed>4.55261812913384</mytracks:speed><mytracks:gradient>0.005956180377538387</mytracks:gradient><mytracks:length>0.00758770034923156</mytracks:length></extensions></trkpt><trkpt lat="33.58918851278897" lon="130.3914464655185"><ele>9.653899054470582</ele><time>2025-12-28T08:30:34.00000Z</time><extensions><mytracks:speed>4.452002713512743</mytracks:speed><mytracks:length>0.006801635430972432</mytracks:length></extensions></trkpt><trkpt lat="33.58920843256252" lon="130.3915028462862"><ele>9.513860886657779</ele><time>2025-12-28T08:30:39.00000Z</time><extensions><mytracks:speed>4.083547282782265</mytracks:speed><mytracks:length>0.005671539900663953</mytracks:length></extensions></trkpt><trkpt lat="33.58921989123441" lon="130.3915616959668"><ele>9.637724896798426</ele><time>2025-12-28T08:30:44.00000Z</time><extensions><mytracks:speed>4.029992326510753</mytracks:speed><mytracks:gradient>0.0221298023266065</mytracks:gradient><mytracks:length>0.005597158452324987</mytracks:length></extensions></trkpt><trkpt lat="33.58923271786694" lon="130.3916203609327"><ele>9.856242264418624</ele><time>2025-12-28T08:30:49.00000Z</time><extensions><mytracks:speed>4.045615850108093</mytracks:speed><mytracks:gradient>0.03889002064072943</mytracks:gradient><mytracks:length>0.005618854503546982</mytracks:length></extensions></trkpt><trkpt lat="33.58924358070589" lon="130.3916703736634"><ele>9.50068065309436</ele><time>2025-12-28T08:30:54.00000Z</time><extensions><mytracks:speed>3.44832678079251</mytracks:speed><mytracks:length>0.004789295249379697</mytracks:length></extensions></trkpt><trkpt lat="33.58925785114778" lon="130.3917270006737"><ele>9.265327378796284</ele><time>2025-12-28T08:30:59.00000Z</time><extensions><mytracks:speed>3.945636570113693</mytracks:speed><mytracks:length>0.005479995655586615</mytracks:length></extensions></trkpt><trkpt lat="33.5892660500181" lon="130.3917700566751"><ele>9.141419034134367</ele><time>2025-12-28T08:31:04.00000Z</time><extensions><mytracks:speed>2.945578266231719</mytracks:speed><mytracks:length>0.004091039471259531</mytracks:length></extensions></trkpt><trkpt lat="33.58927940544127" lon="130.3918282341397"><ele>9.424038183923622</ele><time>2025-12-28T08:31:09.00000Z</time><extensions><mytracks:speed>4.024193667970388</mytracks:speed><mytracks:gradient>0.05056611506158169</mytracks:gradient><mytracks:length>0.005589101504932085</mytracks:length></extensions></trkpt><trkpt lat="33.58930210612003" lon="130.3919114367063"><ele>9.67830971054628</ele><time>2025-12-28T08:31:14.00000Z</time><extensions><mytracks:speed>5.838978150754214</mytracks:speed><mytracks:gradient>0.03135435271643783</mytracks:gradient><mytracks:length>0.008109608542145196</mytracks:length></extensions></trkpt><trkpt lat="33.58930137869718" lon="130.3919889984894"><ele>9.701830648017769</ele><time>2025-12-28T08:31:19.00000Z</time><extensions><mytracks:speed>5.172830498842735</mytracks:speed><mytracks:gradient>0.003273884230236915</mytracks:gradient><mytracks:length>0.007184413319888936</mytracks:length></extensions></trkpt><trkpt lat="33.58929459605549" lon="130.3920861355184"><ele>9.939919743298351</ele><time>2025-12-28T08:31:23.99900Z</time><extensions><mytracks:speed>6.50083214187387</mytracks:speed><mytracks:gradient>0.02636984040181755</mytracks:gradient><mytracks:length>0.009028840965763741</mytracks:length></extensions></trkpt><trkpt lat="33.58930074149599" lon="130.3921557082462"><ele>9.768388364775168</ele><time>2025-12-28T08:31:28.99900Z</time><extensions><mytracks:speed>4.666138718809315</mytracks:speed><mytracks:length>0.0064806814709187</mytracks:length></extensions></trkpt><trkpt lat="33.58932238151454" lon="130.3922254919419"><ele>9.678131212513703</ele><time>2025-12-28T08:31:33.99900Z</time><extensions><mytracks:speed>4.96591624708757</mytracks:speed><mytracks:length>0.006897034696291183</mytracks:length></extensions></trkpt><trkpt lat="33.58934258198803" lon="130.3922865414099"><ele>10.20333804655602</ele><time>2025-12-28T08:31:38.99900Z</time><extensions><mytracks:speed>4.380000498027022</mytracks:speed><mytracks:gradient>0.08633624939878097</mytracks:gradient><mytracks:length>0.006083271368627819</mytracks:length></extensions></trkpt><trkpt lat="33.58936489609813" lon="130.3923453477205"><ele>10.34835989274455</ele><time>2025-12-28T08:31:43.99900Z</time><extensions><mytracks:speed>4.309563095422605</mytracks:speed><mytracks:gradient>0.0242290923497742</mytracks:gradient><mytracks:length>0.00598544279310902</mytracks:length></extensions></trkpt><trkpt lat="33.58937403903627" lon="130.3924096268598"><ele>10.19587738304978</ele><time>2025-12-28T08:31:48.99900Z</time><extensions><mytracks:speed>4.348418358636749</mytracks:speed><mytracks:length>0.006039407305950904</mytracks:length></extensions></trkpt><trkpt lat="33.58939493340212" lon="130.3924661244816"><ele>10.46860062617932</ele><time>2025-12-28T08:31:53.99900Z</time><extensions><mytracks:speed>4.122268697042545</mytracks:speed><mytracks:gradient>0.04763462870370996</mytracks:gradient><mytracks:length>0.005725314766824279</mytracks:length></extensions></trkpt><trkpt lat="33.5894115878639" lon="130.3925336344203"><ele>10.26411527264331</ele><time>2025-12-28T08:31:58.99900Z</time><extensions><mytracks:speed>4.695584893475616</mytracks:speed><mytracks:length>0.0065215782035258</mytracks:length></extensions></trkpt><trkpt lat="33.58942180788133" lon="130.3925993522728"><ele>10.22402589242687</ele><time>2025-12-28T08:32:03.99900Z</time><extensions><mytracks:speed>4.458763725277016</mytracks:speed><mytracks:length>0.006192663760737488</mytracks:length></extensions></trkpt><trkpt lat="33.58943669974165" lon="130.3926686152379"><ele>9.910512538956498</ele><time>2025-12-28T08:32:08.99900Z</time><extensions><mytracks:speed>4.771097889827886</mytracks:speed><mytracks:length>0.006626456595880396</mytracks:length></extensions></trkpt><trkpt lat="33.58944515427467" lon="130.3927439278025"><ele>10.28946113172293</ele><time>2025-12-28T08:32:13.99900Z</time><extensions><mytracks:speed>5.06789475039676</mytracks:speed><mytracks:gradient>0.05383809845522873</mytracks:gradient><mytracks:length>0.007038669708618351</mytracks:length></extensions></trkpt><trkpt lat="33.58945917671625" lon="130.3928130009974"><ele>10.60413303027191</ele><time>2025-12-28T08:32:18.99900Z</time><extensions><mytracks:speed>4.740642604138616</mytracks:speed><mytracks:gradient>0.04779227502081339</mytracks:gradient><mytracks:length>0.006584158180625166</mytracks:length></extensions></trkpt><trkpt lat="33.58948226718169" lon="130.3928817768119"><ele>10.22231501455958</ele><time>2025-12-28T08:32:24.50000Z</time><extensions><mytracks:speed>4.494464270151695</mytracks:speed><mytracks:length>0.006867569847904651</mytracks:length></extensions></trkpt><trkpt lat="33.58950274024325" lon="130.3929415004557"><ele>10.44735964305532</ele><time>2025-12-28T08:32:29.50000Z</time><extensions><mytracks:speed>4.306555190700327</mytracks:speed><mytracks:gradient>0.03762232928251381</mytracks:gradient><mytracks:length>0.005981677179151447</mytracks:length></extensions></trkpt><trkpt lat="33.58952914719253" lon="130.3930038294028"><ele>10.70909021262034</ele><time>2025-12-28T08:32:34.50000Z</time><extensions><mytracks:speed>4.663587720400055</mytracks:speed><mytracks:gradient>0.04040795666791631</mytracks:gradient><mytracks:length>0.006477203777364851</mytracks:length></extensions></trkpt><trkpt lat="33.58954406219357" lon="130.3930761411738"><ele>10.70793900824467</ele><time>2025-12-28T08:32:40.00000Z</time><extensions><mytracks:speed>4.516584508950852</mytracks:speed><mytracks:length>0.006900300801837836</mytracks:length></extensions></trkpt><trkpt lat="33.58955783865575" lon="130.3931338056763"><ele>10.53241150020915</ele><time>2025-12-28T08:32:45.00000Z</time><extensions><mytracks:speed>4.000905886961558</mytracks:speed><mytracks:length>0.005556756895927542</mytracks:length></extensions></trkpt><trkpt lat="33.58955619276549" lon="130.3931746815966"><ele>10.17994443721987</ele><time>2025-12-28T08:32:50.00000Z</time><extensions><mytracks:speed>2.729033498508046</mytracks:speed><mytracks:length>0.003790285083609308</mytracks:length></extensions></trkpt><trkpt lat="33.58955436090513" lon="130.3932002700233"><ele>10.03285313792737</ele><time>2025-12-28T08:32:55.00000Z</time><extensions><mytracks:speed>1.712949260584341</mytracks:speed><mytracks:length>0.002379071748042376</mytracks:length></extensions></trkpt><trkpt lat="33.58955128022102" lon="130.3932154092472"><ele>10.5122893251338</ele><time>2025-12-28T08:33:00.00000Z</time><extensions><mytracks:speed>1.038892658608151</mytracks:speed><mytracks:gradient>0.3322745688442257</mytracks:gradient><mytracks:length>0.001442891608810409</mytracks:length></extensions></trkpt><trkpt lat="33.58956516079182" lon="130.3932533073164"><ele>10.08963877833957</ele><time>2025-12-28T08:33:12.00000Z</time><extensions><mytracks:speed>1.15057131128396</mytracks:speed><mytracks:length>0.003835198042530165</mytracks:length></extensions></trkpt><trkpt lat="33.58958329847707" lon="130.3932952267272"><ele>9.947094288267605</ele><time>2025-12-28T08:33:22.00000Z</time><extensions><mytracks:speed>1.575113878962197</mytracks:speed><mytracks:length>0.004375271161765325</mytracks:length></extensions></trkpt><trkpt lat="33.58968628911599" lon="130.3935571386464"><ele>9.342359811998904</ele><time>2025-12-28T08:34:22.99900Z</time><extensions><mytracks:speed>1.583273398744154</mytracks:speed><mytracks:length>0.02682741174482896</mytracks:length></extensions></trkpt><trkpt lat="33.58966561751659" lon="130.3936569159562"><ele>10.06372034759462</ele><time>2025-12-28T08:34:28.49900Z</time><extensions><mytracks:speed>6.233842269655605</mytracks:speed><mytracks:gradient>0.0757386869540453</mytracks:gradient><mytracks:length>0.009524333793024503</mytracks:length></extensions></trkpt><trkpt lat="33.58967650657286" lon="130.3937700894348"><ele>10.36008153011868</ele><time>2025-12-28T08:34:34.50000Z</time><extensions><mytracks:speed>6.330500266214115</mytracks:speed><mytracks:gradient>0.02808485760843932</mytracks:gradient><mytracks:length>0.01055234769767913</mytracks:length></extensions></trkpt><trkpt lat="33.58970967414282" lon="130.3938662992651"><ele>10.94554511355863</ele><time>2025-12-28T08:34:40.50000Z</time><extensions><mytracks:speed>5.786533499636373</mytracks:speed><mytracks:gradient>0.06070609820464556</mytracks:gradient><mytracks:length>0.009644230163933372</mytracks:length></extensions></trkpt><trkpt lat="33.58972784970333" lon="130.3939252172368"><ele>10.13444086439808</ele><time>2025-12-28T08:34:46.00000Z</time><extensions><mytracks:speed>3.80881729956461</mytracks:speed><mytracks:length>0.005818999439354119</mytracks:length></extensions></trkpt><trkpt lat="33.5897467503902" lon="130.3939827508036"><ele>10.51537477801778</ele><time>2025-12-28T08:34:51.00000Z</time><extensions><mytracks:speed>4.124537088622383</mytracks:speed><mytracks:gradient>0.0664984589951101</mytracks:gradient><mytracks:length>0.005728462273805748</mytracks:length></extensions></trkpt><trkpt lat="33.58976848637547" lon="130.3940455282553"><ele>10.37816169757474</ele><time>2025-12-28T08:34:56.00000Z</time><extensions><mytracks:speed>4.534615357064238</mytracks:speed><mytracks:length>0.006298010815355597</mytracks:length></extensions></trkpt><trkpt lat="33.58979702222253" lon="130.3941241165167"><ele>10.18413355492775</ele><time>2025-12-28T08:35:01.00000Z</time><extensions><mytracks:speed>5.717691342190653</mytracks:speed><mytracks:length>0.007941154668363124</mytracks:length></extensions></trkpt><trkpt lat="33.58981512593444" lon="130.3942183703338"><ele>10.72432646055515</ele><time>2025-12-28T08:35:06.00000Z</time><extensions><mytracks:speed>6.45105115898309</mytracks:speed><mytracks:gradient>0.06029140885219234</mytracks:gradient><mytracks:length>0.008959699498011514</mytracks:length></extensions></trkpt><trkpt lat="33.58982981772417" lon="130.3943170760021"><ele>10.99645088901979</ele><time>2025-12-28T08:35:11.00000Z</time><extensions><mytracks:speed>6.686836077824866</mytracks:speed><mytracks:gradient>0.02930109450723743</mytracks:gradient><mytracks:length>0.009287176231503278</mytracks:length></extensions></trkpt><trkpt lat="33.58984197018222" lon="130.3944070557978"><ele>10.08570608450613</ele><time>2025-12-28T08:35:16.00000Z</time><extensions><mytracks:speed>6.079291968084922</mytracks:speed><mytracks:length>0.008443372692660843</mytracks:length></extensions></trkpt><trkpt lat="33.58986819763067" lon="130.3944940263004"><ele>10.24474122262083</ele><time>2025-12-28T08:35:21.00000Z</time><extensions><mytracks:speed>6.168556972600773</mytracks:speed><mytracks:gradient>0.01856292842258889</mytracks:gradient><mytracks:length>0.008567351793544292</mytracks:length></extensions></trkpt><trkpt lat="33.5898793715098" lon="130.3945750171719"><ele>9.986303264805969</ele><time>2025-12-28T08:35:26.00000Z</time><extensions><mytracks:speed>5.475160499416471</mytracks:speed><mytracks:length>0.007604311441026454</mytracks:length></extensions></trkpt><trkpt lat="33.58988217734019" lon="130.3946518664712"><ele>8.487075998257906</ele><time>2025-12-28T08:35:31.00000Z</time><extensions><mytracks:speed>5.130203883697305</mytracks:speed><mytracks:length>0.007125208764366653</mytracks:length></extensions></trkpt><trkpt lat="33.58988578885953" lon="130.3947529659001"><ele>9.015541255657173</ele><time>2025-12-28T08:35:35.99900Z</time><extensions><mytracks:speed>6.748735964530202</mytracks:speed><mytracks:gradient>0.05638076482371565</mytracks:gradient><mytracks:length>0.009373148077214033</mytracks:length></extensions></trkpt><trkpt lat="33.58989404898571" lon="130.3948483393785"><ele>9.444364127676039</ele><time>2025-12-28T08:35:40.99900Z</time><extensions><mytracks:speed>6.395038783653332</mytracks:speed><mytracks:gradient>0.04828050000449457</mytracks:gradient><mytracks:length>0.008881906193575997</mytracks:length></extensions></trkpt><trkpt lat="33.58993134898954" lon="130.3949237315487"><ele>9.8408233702768</ele><time>2025-12-28T08:35:45.99900Z</time><extensions><mytracks:speed>5.848173222278317</mytracks:speed><mytracks:gradient>0.04881072839404875</mytracks:gradient><mytracks:length>0.008122379149930884</mytracks:length></extensions></trkpt><trkpt lat="33.58994685391257" lon="130.3950017703885"><ele>9.640111552686495</ele><time>2025-12-28T08:35:50.99900Z</time><extensions><mytracks:speed>5.350429400745296</mytracks:speed><mytracks:length>0.00743107522980059</mytracks:length></extensions></trkpt><trkpt lat="33.58997346128347" lon="130.3950902078956"><ele>9.333195138262212</ele><time>2025-12-28T08:35:55.99900Z</time><extensions><mytracks:speed>6.271094731637747</mytracks:speed><mytracks:length>0.0087097638775525</mytracks:length></extensions></trkpt><trkpt lat="33.59000904827057" lon="130.3951475298192"><ele>9.152641154683124</ele><time>2025-12-28T08:36:00.99900Z</time><extensions><mytracks:speed>4.768159230278616</mytracks:speed><mytracks:length>0.006622375008430694</mytracks:length></extensions></trkpt><trkpt lat="33.59004447269817" lon="130.3952127712813"><ele>9.163099307265593</ele><time>2025-12-28T08:36:05.99900Z</time><extensions><mytracks:speed>5.194013784160978</mytracks:speed><mytracks:gradient>0.001449735808839842</mytracks:gradient><mytracks:length>0.007213833388607797</mytracks:length></extensions></trkpt><trkpt lat="33.59005715526825" lon="130.3952934443414"><ele>9.839307992914733</ele><time>2025-12-28T08:36:10.99900Z</time><extensions><mytracks:speed>5.474734324692776</mytracks:speed><mytracks:gradient>0.08893131141662014</mytracks:gradient><mytracks:length>0.007603718812615701</mytracks:length></extensions></trkpt><trkpt lat="33.59007119071964" lon="130.3953753873196"><ele>10.7311978905174</ele><time>2025-12-28T08:36:15.99900Z</time><extensions><mytracks:speed>5.579136553135933</mytracks:speed><mytracks:gradient>0.1151015607822225</mytracks:gradient><mytracks:length>0.007748721142801581</mytracks:length></extensions></trkpt><trkpt lat="33.59008141422239" lon="130.3954467569376"><ele>10.73056342405553</ele><time>2025-12-28T08:36:20.99900Z</time><extensions><mytracks:speed>4.829498065183606</mytracks:speed><mytracks:length>0.006707566795274891</mytracks:length></extensions></trkpt><trkpt lat="33.59010171597762" lon="130.3955122815667"><ele>11.33726519607197</ele><time>2025-12-28T08:36:25.99900Z</time><extensions><mytracks:speed>4.662131729045969</mytracks:speed><mytracks:gradient>0.09369743294432152</mytracks:gradient><mytracks:length>0.006475116264678945</mytracks:length></extensions></trkpt><trkpt lat="33.59011938429277" lon="130.3956020361911"><ele>11.12910472779997</ele><time>2025-12-28T08:36:30.99900Z</time><extensions><mytracks:speed>6.15073088976016</mytracks:speed><mytracks:length>0.008542594415442622</mytracks:length></extensions></trkpt><trkpt lat="33.59014812989165" lon="130.3957059469683"><ele>10.68362275154015</ele><time>2025-12-28T08:36:36.50000Z</time><extensions><mytracks:speed>6.637443335184384</mytracks:speed><mytracks:length>0.01014209388436186</mytracks:length></extensions></trkpt><trkpt lat="33.59016542633478" lon="130.3957653592801"><ele>11.32057251816367</ele><time>2025-12-28T08:36:42.00000Z</time><extensions><mytracks:speed>3.815685105550011</mytracks:speed><mytracks:gradient>0.1092569817365976</mytracks:gradient><mytracks:length>0.005829831251966226</mytracks:length></extensions></trkpt><trkpt lat="33.59015864041903" lon="130.3957440448054"><ele>11.09751424229111</ele><time>2025-12-28T08:36:47.00000Z</time><extensions><mytracks:speed>1.520769136264737</mytracks:speed><mytracks:length>0.002112177039442362</mytracks:length></extensions></trkpt><trkpt lat="33.59013781194956" lon="130.3957707811225"><ele>11.00807038421173</ele><time>2025-12-28T08:36:52.00000Z</time><extensions><mytracks:speed>2.441677700011212</mytracks:speed><mytracks:length>0.003391197278346518</mytracks:length></extensions></trkpt><trkpt lat="33.59015463129678" lon="130.3958256480277"><ele>11.58283666630604</ele><time>2025-12-28T08:36:57.00000Z</time><extensions><mytracks:speed>3.899184475014666</mytracks:speed><mytracks:gradient>0.1061340631630955</mytracks:gradient><mytracks:length>0.005415474212186442</mytracks:length></extensions></trkpt><trkpt lat="33.59017677209874" lon="130.3959166061071"><ele>12.12403525553683</ele><time>2025-12-28T08:37:02.00000Z</time><extensions><mytracks:speed>6.319710925130614</mytracks:speed><mytracks:gradient>0.06165902900648447</mytracks:gradient><mytracks:length>0.00877728043972077</mytracks:length></extensions></trkpt><trkpt lat="33.59019818043662" lon="130.3960079034"><ele>12.33131721537483</ele><time>2025-12-28T08:37:07.00000Z</time><extensions><mytracks:speed>6.325252342194653</mytracks:speed><mytracks:gradient>0.02359504534974203</mytracks:gradient><mytracks:length>0.008784978234435376</mytracks:length></extensions></trkpt><trkpt lat="33.59023689682159" lon="130.3961083446453"><ele>12.14702742508773</ele><time>2025-12-28T08:37:12.00000Z</time><extensions><mytracks:speed>7.381296964676464</mytracks:speed><mytracks:length>0.01025169354973045</mytracks:length></extensions></trkpt><trkpt lat="33.59027993047954" lon="130.3962317384948"><ele>12.34950205303008</ele><time>2025-12-28T08:37:17.00000Z</time><extensions><mytracks:speed>8.921459781395388</mytracks:speed><mytracks:gradient>0.01634074387198648</mytracks:gradient><mytracks:length>0.0123907840137838</mytracks:length></extensions></trkpt><trkpt lat="33.59031444348416" lon="130.3963370402138"><ele>12.54940095991082</ele><time>2025-12-28T08:37:22.00000Z</time><extensions><mytracks:speed>7.546556166930961</mytracks:speed><mytracks:gradient>0.019072106487092</mytracks:gradient><mytracks:length>0.01048121805611976</mytracks:length></extensions></trkpt><trkpt lat="33.59034400508979" lon="130.3963991787431"><ele>12.40650201371398</ele><time>2025-12-28T08:37:27.00000Z</time><extensions><mytracks:speed>4.772567508152233</mytracks:speed><mytracks:length>0.006628496447120304</mytracks:length></extensions></trkpt><trkpt lat="33.59034225162311" lon="130.3964840468894"><ele>12.27226539595525</ele><time>2025-12-28T08:37:32.00000Z</time><extensions><mytracks:speed>5.661851705886594</mytracks:speed><mytracks:length>0.007863600244040866</mytracks:length></extensions></trkpt><trkpt lat="33.5903255813439" lon="130.3965633149012"><ele>12.38319936221864</ele><time>2025-12-28T08:37:37.00000Z</time><extensions><mytracks:speed>5.452500332804267</mytracks:speed><mytracks:gradient>0.01464892856956796</mytracks:gradient><mytracks:length>0.007572838227489831</mytracks:length></extensions></trkpt><trkpt lat="33.59030449847428" lon="130.3966080094659"><ele>12.36830643042916</ele><time>2025-12-28T08:37:41.99900Z</time><extensions><mytracks:speed>3.425898684529999</mytracks:speed><mytracks:length>0.004758143496084834</mytracks:length></extensions></trkpt><trkpt lat="33.59030617142508" lon="130.3966397141678"><ele>12.9221328880006</ele><time>2025-12-28T08:37:46.99900Z</time><extensions><mytracks:speed>2.118978130086808</mytracks:speed><mytracks:gradient>0.1881846898029055</mytracks:gradient><mytracks:length>0.002942994236946132</mytracks:length></extensions></trkpt><trkpt lat="33.59030266107227" lon="130.3966987335625"><ele>12.9414724274967</ele><time>2025-12-28T08:37:52.89200Z</time><extensions><mytracks:speed>3.348573694833664</mytracks:speed><mytracks:gradient>0.003528586384497623</mytracks:gradient><mytracks:length>0.005480817922176221</mytracks:length></extensions></trkpt><trkpt lat="33.5902895679485" lon="130.396752901002"><ele>12.90172252337612</ele><time>2025-12-28T08:37:58.42700Z</time><extensions><mytracks:speed>3.397530103180709</mytracks:speed><mytracks:length>0.005224029891001784</mytracks:length></extensions></trkpt><trkpt lat="33.59026603154771" lon="130.3969180418613"><ele>14.05270561103293</ele><time>2025-12-28T08:38:03.97200Z</time><extensions><mytracks:speed>10.07515396948999</mytracks:speed><mytracks:gradient>0.07416771016022732</mytracks:gradient><mytracks:length>0.01551865475110786</mytracks:length></extensions></trkpt><trkpt lat="33.59029228303125" lon="130.3970225695097"><ele>14.78089603264401</ele><time>2025-12-28T08:38:10.71900Z</time><extensions><mytracks:speed>5.395499265943981</mytracks:speed><mytracks:gradient>0.07201050467640899</mytracks:gradient><mytracks:length>0.01011228049134403</mytracks:length></extensions></trkpt><trkpt lat="33.59030151247904" lon="130.3971375732165"><ele>14.77004967207296</ele><time>2025-12-28T08:38:16.19300Z</time><extensions><mytracks:speed>7.038324954254515</mytracks:speed><mytracks:length>0.01070245493127058</mytracks:length></extensions></trkpt><trkpt lat="33.59028474905232" lon="130.3972053903036"><ele>14.88509251671142</ele><time>2025-12-28T08:38:21.99700Z</time><extensions><mytracks:speed>4.064542660895264</mytracks:speed><mytracks:gradient>0.0175568265111508</mytracks:gradient><mytracks:length>0.006552599045470285</mytracks:length></extensions></trkpt><trkpt lat="33.59028819437535" lon="130.3972825190554"><ele>14.92517138272118</ele><time>2025-12-28T08:38:26.96700Z</time><extensions><mytracks:speed>5.182340564565617</mytracks:speed><mytracks:gradient>0.005602111816420101</mytracks:gradient><mytracks:length>0.007154242421990086</mytracks:length></extensions></trkpt><trkpt lat="33.59027933410162" lon="130.3973023769992"><ele>14.92463674489975</ele><time>2025-12-28T08:38:31.99900Z</time><extensions><mytracks:speed>1.494212178086653</mytracks:speed><mytracks:length>0.002088576555252085</mytracks:length></extensions></trkpt><trkpt lat="33.59029091533555" lon="130.3972820453653"><ele>14.72625508997589</ele><time>2025-12-28T08:38:55.00000Z</time><extensions><mytracks:speed>0.3572281407799504</mytracks:speed><mytracks:length>0.002282399360834712</mytracks:length></extensions></trkpt><trkpt lat="33.59028119446408" lon="130.3972807355304"><ele>14.50977899688598</ele><time>2025-12-28T08:39:00.09100Z</time><extensions><mytracks:speed>0.7683498486926464</mytracks:speed><mytracks:length>0.001086584149887204</mytracks:length></extensions></trkpt><trkpt lat="33.59026990338286" lon="130.3973048462191"><ele>14.58800564613193</ele><time>2025-12-28T08:39:07.00000Z</time><extensions><mytracks:speed>1.334723068272431</mytracks:speed><mytracks:gradient>0.03053945768359658</mytracks:gradient><mytracks:length>0.002561494380693195</mytracks:length></extensions></trkpt><trkpt lat="33.59029108221094" lon="130.3972881113364"><ele>14.80917939729989</ele><time>2025-12-28T08:39:17.00000Z</time><extensions><mytracks:speed>1.015006948490171</mytracks:speed><mytracks:gradient>0.07844613904320057</mytracks:gradient><mytracks:length>0.002819434504560535</mytracks:length></extensions></trkpt><trkpt lat="33.59029614206606" lon="130.3972709536309"><ele>14.87263932172205</ele><time>2025-12-28T08:39:22.00000Z</time><extensions><mytracks:speed>1.213165401357481</mytracks:speed><mytracks:gradient>0.0376631427082368</mytracks:gradient><mytracks:length>0.001684934390997638</mytracks:length></extensions></trkpt><trkpt lat="33.59030028571603" lon="130.3972783999908"><ele>14.81494637789458</ele><time>2025-12-28T08:39:30.78000Z</time><extensions><mytracks:speed>0.3415471215748244</mytracks:speed><mytracks:length>0.0008330538587581403</mytracks:length></extensions></trkpt><trkpt lat="33.59037106962159" lon="130.3974699198389"><ele>15.60064530186355</ele><time>2025-12-28T08:42:25.00000Z</time><extensions><mytracks:speed>0.4010330692508225</mytracks:speed><mytracks:gradient>0.04048385520829209</mytracks:gradient><mytracks:length>0.01940771005939277</mytracks:length></extensions></trkpt><trkpt lat="33.59035858612563" lon="130.3976892464931"><ele>15.70739450119436</ele><time>2025-12-28T08:42:30.00000Z</time><extensions><mytracks:speed>14.66161845327209</mytracks:speed><mytracks:gradient>0.005242280210883546</mytracks:gradient><mytracks:length>0.02036312349522709</mytracks:length></extensions></trkpt><trkpt lat="33.59037973506111" lon="130.3978711064345"><ele>14.05843624796868</ele><time>2025-12-28T08:42:35.49400Z</time><extensions><mytracks:speed>11.14348613035448</mytracks:speed><mytracks:length>0.01700826206713563</mytracks:length></extensions></trkpt><trkpt lat="33.59033187938826" lon="130.3979604642442"><ele>14.95937338670323</ele><time>2025-12-28T08:42:41.00000Z</time><extensions><mytracks:speed>6.434561317207298</mytracks:speed><mytracks:gradient>0.0915596205657543</mytracks:gradient><mytracks:length>0.009839895940673301</mytracks:length></extensions></trkpt><trkpt lat="33.59035677786397" lon="130.3979933574642"><ele>14.86009032167336</ele><time>2025-12-28T08:42:46.00000Z</time><extensions><mytracks:speed>2.963765722353045</mytracks:speed><mytracks:length>0.004116296430506559</mytracks:length></extensions></trkpt><trkpt lat="33.59040517014476" lon="130.3981105385136"><ele>14.46397722323914</ele><time>2025-12-28T08:42:53.13800Z</time><extensions><mytracks:speed>6.109886114006581</mytracks:speed><mytracks:length>0.01211494925190839</mytracks:length></extensions></trkpt><trkpt lat="33.59051278690217" lon="130.3984143204617"><ele>13.8386048367247</ele><time>2025-12-28T08:43:13.99900Z</time><extensions><mytracks:speed>5.276602672570532</mytracks:speed><mytracks:length>0.0305771253220636</mytracks:length></extensions></trkpt><trkpt lat="33.59054303205674" lon="130.3984785829447"><ele>13.93671407166611</ele><time>2025-12-28T08:43:18.99900Z</time><extensions><mytracks:speed>4.922447568041575</mytracks:speed><mytracks:gradient>0.01435046305875836</mytracks:gradient><mytracks:length>0.006836659872207627</mytracks:length></extensions></trkpt><trkpt lat="33.59057761633727" lon="130.398529398837"><ele>15.18315565594187</ele><time>2025-12-28T08:43:24.51100Z</time><extensions><mytracks:speed>3.970095239112783</mytracks:speed><mytracks:gradient>0.2050714738449263</mytracks:gradient><mytracks:length>0.006078083708601561</mytracks:length></extensions></trkpt><trkpt lat="33.59073674117008" lon="130.3985741397931"><ele>14.14428410913006</ele><time>2025-12-28T08:43:47.17600Z</time><extensions><mytracks:speed>2.88636241185346</mytracks:speed><mytracks:length>0.01817260986016963</mytracks:length></extensions></trkpt><trkpt lat="33.59083687812194" lon="130.3985876354184"><ele>13.97617544272249</ele><time>2025-12-28T08:44:04.13600Z</time><extensions><mytracks:speed>2.378378246065277</mytracks:speed><mytracks:length>0.01120437632051663</mytracks:length></extensions></trkpt><trkpt lat="33.59092333414271" lon="130.3985992902972"><ele>13.824166069368</ele><time>2025-12-28T08:44:19.67900Z</time><extensions><mytracks:speed>2.240506476557568</mytracks:speed><mytracks:length>0.009673622704825522</mytracks:length></extensions></trkpt><trkpt lat="33.59099862692815" lon="130.3985933396188"><ele>13.76900892089534</ele><time>2025-12-28T08:44:36.37200Z</time><extensions><mytracks:speed>1.809427682974244</mytracks:speed><mytracks:length>0.008390368529330583</mytracks:length></extensions></trkpt><trkpt lat="33.59112377317124" lon="130.3985773651991"><ele>13.89313519715332</ele><time>2025-12-28T08:45:04.25400Z</time><extensions><mytracks:speed>1.806865696210564</mytracks:speed><mytracks:gradient>0.008869847216072493</mytracks:gradient><mytracks:length>0.01399418425528878</mytracks:length></extensions></trkpt><trkpt lat="33.59122574808626" lon="130.3985649888706"><ele>13.90216377954226</ele><time>2025-12-28T08:45:27.30900Z</time><extensions><mytracks:speed>1.779747225564701</mytracks:speed><mytracks:gradient>0.0007921631835780359</mytracks:gradient><mytracks:length>0.01139737692449033</mytracks:length></extensions></trkpt><trkpt lat="33.59132229921074" lon="130.3985523549029"><ele>14.01556077470886</ele><time>2025-12-28T08:45:49.56800Z</time><extensions><mytracks:speed>1.74661102287875</mytracks:speed><mytracks:gradient>0.01050001477539047</mytracks:gradient><mytracks:length>0.01079969862826988</mytracks:length></extensions></trkpt><trkpt lat="33.59139794115696" lon="130.3985431336689"><ele>14.00178939726202</ele><time>2025-12-28T08:46:07.18700Z</time><extensions><mytracks:speed>1.727406616491652</mytracks:speed><mytracks:length>0.008454040255591922</mytracks:length></extensions></trkpt><trkpt lat="33.59152291732631" lon="130.3984976425583"><ele>13.96081088239421</ele><time>2025-12-28T08:46:34.52800Z</time><extensions><mytracks:speed>1.91205925241132</mytracks:speed><mytracks:length>0.01452137715869978</mytracks:length></extensions></trkpt><trkpt lat="33.59158282589896" lon="130.3984815867295"><ele>13.99630178196348</ele><time>2025-12-28T08:47:07.47800Z</time><extensions><mytracks:speed>0.745723470648744</mytracks:speed><mytracks:gradient>0.005199792621537244</mytracks:gradient><mytracks:length>0.006825445196077379</mytracks:length></extensions></trkpt><trkpt lat="33.5916469918037" lon="130.3984668424504"><ele>14.02186884165402</ele><time>2025-12-28T08:47:45.03000Z</time><extensions><mytracks:speed>0.6963405569548868</mytracks:speed><mytracks:gradient>0.003519870685749644</mytracks:gradient><mytracks:length>0.007263636074486685</mytracks:length></extensions></trkpt><trkpt lat="33.59169241411514" lon="130.3984548622131"><ele>14.03584534927117</ele><time>2025-12-28T08:48:11.81500Z</time><extensions><mytracks:speed>0.6950200106015526</mytracks:speed><mytracks:gradient>0.00270278919807248</mytracks:gradient><mytracks:length>0.005171142324795028</mytracks:length></extensions></trkpt><trkpt lat="33.59172818408953" lon="130.3984478747318"><ele>14.05483025762371</ele><time>2025-12-28T08:48:35.10000Z</time><extensions><mytracks:speed>0.6230461451918266</mytracks:speed><mytracks:gradient>0.004710894667779154</mytracks:gradient><mytracks:length>0.00403000060315247</mytracks:length></extensions></trkpt><trkpt lat="33.59177069971612" lon="130.398440391519"><ele>14.11483877218448</ele><time>2025-12-28T08:49:03.80500Z</time><extensions><mytracks:speed>0.5992223998898919</mytracks:speed><mytracks:gradient>0.01255936157785075</mytracks:gradient><mytracks:length>0.004777990838849756</mytracks:length></extensions></trkpt><trkpt lat="33.59179858030357" lon="130.3984379828186"><ele>14.1509180339545</ele><time>2025-12-28T08:49:22.72200Z</time><extensions><mytracks:speed>0.5915319266382089</mytracks:speed><mytracks:gradient>0.01160733535804237</mytracks:gradient><mytracks:length>0.003108315617418283</mytracks:length></extensions></trkpt><trkpt lat="33.59182903674433" lon="130.3984370306363"><ele>14.16191797581785</ele><time>2025-12-28T08:49:45.07100Z</time><extensions><mytracks:speed>0.5456278357214064</mytracks:speed><mytracks:gradient>0.003247494843796827</mytracks:gradient><mytracks:length>0.003387208415238888</mytracks:length></extensions></trkpt><trkpt lat="33.59250537696707" lon="130.3984159572496"><ele>14.40692752382401</ele><time>2025-12-28T08:58:03.17100Z</time><extensions><mytracks:speed>0.5437285442948274</mytracks:speed><mytracks:gradient>0.003256765843243595</mytracks:gradient><mytracks:length>0.07523093762311824</mytracks:length></extensions></trkpt><trkpt lat="33.59241945830069" lon="130.3984794142562"><ele>13.31954258738394</ele><time>2025-12-28T08:58:10.48700Z</time><extensions><mytracks:speed>5.519230519602396</mytracks:speed><mytracks:length>0.01121683746724319</mytracks:length></extensions></trkpt><trkpt lat="33.5922265758219" lon="130.3986301172339"><ele>11.63857542655259</ele><time>2025-12-28T08:58:37.98100Z</time><extensions><mytracks:speed>3.350717110593355</mytracks:speed><mytracks:length>0.02558995000580439</mytracks:length></extensions></trkpt><trkpt lat="33.59219453167891" lon="130.3986369748029"><ele>11.55676325693248</ele><time>2025-12-28T08:58:47.94500Z</time><extensions><mytracks:speed>1.307537896304333</mytracks:speed><mytracks:length>0.003618766197510709</mytracks:length></extensions></trkpt><trkpt lat="33.59209045171963" lon="130.3986921639105"><ele>11.75948564733044</ele><time>2025-12-28T08:58:59.94400Z</time><extensions><mytracks:speed>3.795630534161078</mytracks:speed><mytracks:gradient>0.01602377164193659</mytracks:gradient><mytracks:length>0.01265135293537286</mytracks:length></extensions></trkpt><trkpt lat="33.59180414296478" lon="130.3988043844577"><ele>12.04581038616729</ele><time>2025-12-28T08:59:31.56100Z</time><extensions><mytracks:speed>3.813280171984229</mytracks:speed><mytracks:gradient>0.008549568068519395</mytracks:gradient><mytracks:length>0.0334899654043502</mytracks:length></extensions></trkpt><trkpt lat="33.59167279878998" lon="130.3988542141816"><ele>11.99791317488895</ele><time>2025-12-28T08:59:45.72400Z</time><extensions><mytracks:speed>3.893044903275778</mytracks:speed><mytracks:length>0.01531639152707158</mytracks:length></extensions></trkpt><trkpt lat="33.59132045021287" lon="130.3989829719737"><ele>12.35143987219399</ele><time>2025-12-28T09:00:22.35600Z</time><extensions><mytracks:speed>4.024808163835421</mytracks:speed><mytracks:gradient>0.008632219568014491</mytracks:gradient><mytracks:length>0.04095432171523809</mytracks:length></extensions></trkpt><trkpt lat="33.59111793517746" lon="130.3990602652812"><ele>12.48178110022042</ele><time>2025-12-28T09:00:43.71400Z</time><extensions><mytracks:speed>3.982775224516045</mytracks:speed><mytracks:gradient>0.005516116568516949</mytracks:gradient><mytracks:length>0.0236291649038654</mytracks:length></extensions></trkpt><trkpt lat="33.59103155477099" lon="130.3990928185512"><ele>12.54876204106792</ele><time>2025-12-28T09:00:53.10800Z</time><extensions><mytracks:speed>3.858230358070209</mytracks:speed><mytracks:gradient>0.006653402481842142</mytracks:gradient><mytracks:length>0.01006717104974518</mytracks:length></extensions></trkpt><trkpt lat="33.58966764200924" lon="130.3996068453645"><ele>13.6061006184035</ele><time>2025-12-28T09:03:22.87700Z</time><extensions><mytracks:speed>3.820876387610336</mytracks:speed><mytracks:gradient>0.006651667059948197</mytracks:gradient><mytracks:length>0.1589584336988472</mytracks:length></extensions></trkpt><trkpt lat="33.58943935261228" lon="130.3986604203646"><ele>14.39369432103099</ele><time>2025-12-28T09:07:54.27100Z</time><extensions><mytracks:speed>1.210636276219528</mytracks:speed><mytracks:gradient>0.008629598599579263</mytracks:gradient><mytracks:length>0.09126655122358653</mytracks:length></extensions></trkpt><trkpt lat="33.58937792889041" lon="130.3984377610905"><ele>15.17994047058878</ele><time>2025-12-28T09:08:57.58900Z</time><extensions><mytracks:speed>1.235246416264751</mytracks:speed><mytracks:gradient>0.03618938761569294</mytracks:gradient><mytracks:length>0.02172587604706651</mytracks:length></extensions></trkpt><trkpt lat="33.58935479419191" lon="130.3983764264483"><ele>15.22102694303498</ele><time>2025-12-28T09:09:22.99000Z</time><extensions><mytracks:speed>0.8838138462797864</mytracks:speed><mytracks:gradient>0.006588411823139767</mytracks:gradient><mytracks:length>0.00623617247208134</mytracks:length></extensions></trkpt><trkpt lat="33.58933780161359" lon="130.3982917923506"><ele>14.85330344182547</ele><time>2025-12-28T09:09:46.04500Z</time><extensions><mytracks:speed>1.259118537019198</mytracks:speed><mytracks:length>0.008063355114990468</mytracks:length></extensions></trkpt><trkpt lat="33.58928084822193" lon="130.3980660939189"><ele>14.18355153501034</ele><time>2025-12-28T09:10:36.99100Z</time><extensions><mytracks:speed>1.543559603075268</mytracks:speed><mytracks:length>0.02184399111607693</mytracks:length></extensions></trkpt><trkpt lat="33.58932474940793" lon="130.3979915930106"><ele>14.67733105056586</ele><time>2025-12-28T09:10:42.56600Z</time><extensions><mytracks:speed>5.458382711087229</mytracks:speed><mytracks:gradient>0.05841857006243792</mytracks:gradient><mytracks:length>0.008452440979431271</mytracks:length></extensions></trkpt><trkpt lat="33.58934027912978" lon="130.3980194851145"><ele>14.75604005721089</ele><time>2025-12-28T09:10:48.52000Z</time><extensions><mytracks:speed>1.878432467390384</mytracks:speed><mytracks:gradient>0.02533389569525995</mytracks:gradient><mytracks:length>0.00310686550508491</mytracks:length></extensions></trkpt><trkpt lat="33.58935733853455" lon="130.3980482072383"><ele>14.87047160562071</ele><time>2025-12-28T09:10:54.46200Z</time><extensions><mytracks:speed>1.979064467180958</mytracks:speed><mytracks:gradient>0.03503016682268317</mytracks:gradient><mytracks:length>0.003266657249708723</mytracks:length></extensions></trkpt><trkpt lat="33.58933991453222" lon="130.3980720881756"><ele>18.44242930600285</ele><time>2025-12-28T09:10:59.50100Z</time><extensions><mytracks:speed>2.100469042973749</mytracks:speed><mytracks:gradient>1.214980438865921</mytracks:gradient><mytracks:length>0.002939930212963967</mytracks:length></extensions></trkpt><trkpt lat="33.58929067156095" lon="130.3981277350552"><ele>19.16517499385272</ele><time>2025-12-28T09:11:05.65000Z</time><extensions><mytracks:speed>4.402645859240691</mytracks:speed><mytracks:gradient>0.09610609389928851</mytracks:gradient><mytracks:length>0.00752028990593717</mytracks:length></extensions></trkpt><trkpt lat="33.58930186949026" lon="130.3981258445289"><ele>18.58977104903824</ele><time>2025-12-28T09:14:19.54400Z</time><extensions><mytracks:speed>0.0233176102309776</mytracks:speed><mytracks:length>0.001255875945299307</mytracks:length></extensions></trkpt><trkpt lat="33.58939143249908" lon="130.3981092481485"><ele>13.74272010847926</ele><time>2025-12-28T09:39:43.99400Z</time><extensions><mytracks:speed>0.02379588752832545</mytracks:speed><mytracks:length>0.01007656686930749</mytracks:length></extensions></trkpt><trkpt lat="33.58938467868189" lon="130.3981419228979"><ele>14.14671212088754</ele><time>2025-12-28T09:39:53.70200Z</time><extensions><mytracks:speed>1.15590274321325</mytracks:speed><mytracks:gradient>0.1296091553070671</mytracks:gradient><mytracks:length>0.00311700212420296</mytracks:length></extensions></trkpt><trkpt lat="33.58936240680627" lon="130.398249576512"><ele>15.01388854980469</ele><time>2025-12-28T09:40:33.03100Z</time><extensions><mytracks:speed>0.9404842447834029</mytracks:speed><mytracks:gradient>0.08440062742874666</mytracks:gradient><mytracks:length>0.01027452585763351</mytracks:length></extensions></trkpt><trkpt lat="33.58956867787973" lon="130.3985157214212"><ele>15.40447318315826</ele><time>2025-12-28T09:41:00.26300Z</time><extensions><mytracks:speed>4.451450673381069</mytracks:speed><mytracks:gradient>0.01159961733618356</mytracks:gradient><mytracks:length>0.03367219986949005</mytracks:length></extensions></trkpt><trkpt lat="33.58972939434139" lon="130.3986624703395"><ele>15.73402005552975</ele><time>2025-12-28T09:41:23.63600Z</time><extensions><mytracks:speed>3.45822225511608</mytracks:speed><mytracks:gradient>0.0146772189556518</mytracks:gradient><mytracks:length>0.02245295061463825</mytracks:length></extensions></trkpt><trkpt lat="33.58988221010184" lon="130.3987886280861"><ele>15.71075357600074</ele><time>2025-12-28T09:41:46.40100Z</time><extensions><mytracks:speed>3.261200081162091</mytracks:speed><mytracks:length>0.02062260403600288</mytracks:length></extensions></trkpt><trkpt lat="33.59005423405457" lon="130.3988855938683"><ele>15.48001973576061</ele><time>2025-12-28T09:42:11.19300Z</time><extensions><mytracks:speed>3.068489698052148</mytracks:speed><mytracks:length>0.02113179552245266</mytracks:length></extensions></trkpt><trkpt lat="33.59013709850843" lon="130.3989131359362"><ele>15.27316707795919</ele><time>2025-12-28T09:42:22.91400Z</time><extensions><mytracks:speed>2.936537428845897</mytracks:speed><mytracks:length>0.009560224904349306</mytracks:length></extensions></trkpt><trkpt lat="33.59026985742223" lon="130.398916795211"><ele>15.24176851175233</ele><time>2025-12-28T09:42:40.79300Z</time><extensions><mytracks:speed>2.973099698816045</mytracks:speed><mytracks:length>0.01476571999464739</mytracks:length></extensions></trkpt><trkpt lat="33.590449573031" lon="130.3989116458457"><ele>14.61628363938981</ele><time>2025-12-28T09:43:05.11300Z</time><extensions><mytracks:speed>2.958939640385</mytracks:speed><mytracks:length>0.01998923511800343</mytracks:length></extensions></trkpt><trkpt lat="33.59049968464286" lon="130.3989111102763"><ele>14.73228093873749</ele><time>2025-12-28T09:43:12.31600Z</time><extensions><mytracks:speed>2.784953902716466</mytracks:speed><mytracks:gradient>0.02081735494329256</mytracks:gradient><mytracks:length>0.005572143995414718</mytracks:length></extensions></trkpt><trkpt lat="33.59058464376331" lon="130.3989070211177"><ele>14.83363654212434</ele><time>2025-12-28T09:43:24.74900Z</time><extensions><mytracks:speed>2.737459089886689</mytracks:speed><mytracks:gradient>0.01072032603392288</mytracks:gradient><mytracks:length>0.009454526202479087</mytracks:length></extensions></trkpt><trkpt lat="33.59076282207265" lon="130.3988659354212"><ele>14.51624217847998</ele><time>2025-12-28T09:43:44.84700Z</time><extensions><mytracks:speed>3.613829769648603</mytracks:speed><mytracks:length>0.02017458846478774</mytracks:length></extensions></trkpt><trkpt lat="33.5909559836163" lon="130.398818753021"><ele>14.21935609576011</ele><time>2025-12-28T09:44:04.59400Z</time><extensions><mytracks:speed>3.995705292273403</mytracks:speed><mytracks:length>0.02191833790409336</mytracks:length></extensions></trkpt><trkpt lat="33.59107163476425" lon="130.3987873845201"><ele>14.0588860277112</ele><time>2025-12-28T09:44:16.88800Z</time><extensions><mytracks:speed>3.860842017781621</mytracks:speed><mytracks:length>0.01318404871376069</mytracks:length></extensions></trkpt><trkpt lat="33.59116903982776" lon="130.3987658863783"><ele>13.84721786950152</ele><time>2025-12-28T09:44:27.12000Z</time><extensions><mytracks:speed>3.874574718069663</mytracks:speed><mytracks:length>0.01101290376032596</mytracks:length></extensions></trkpt><trkpt lat="33.59121748750016" lon="130.3987551505429"><ele>13.77832025382906</ele><time>2025-12-28T09:44:32.90800Z</time><extensions><mytracks:speed>3.407405170219155</mytracks:speed><mytracks:length>0.005478350752156015</mytracks:length></extensions></trkpt><trkpt lat="33.59128798103475" lon="130.3987395221676"><ele>13.68710905151649</ele><time>2025-12-28T09:44:41.70600Z</time><extensions><mytracks:speed>3.261518517696044</mytracks:speed><mytracks:length>0.00797117376170285</mytracks:length></extensions></trkpt><trkpt lat="33.59134749649787" lon="130.3987236330263"><ele>13.61391648519652</ele><time>2025-12-28T09:44:49.53300Z</time><extensions><mytracks:speed>3.118522188058519</mytracks:speed><mytracks:length>0.00677973635766635</mytracks:length></extensions></trkpt><trkpt lat="33.59141422016791" lon="130.3987070570929"><ele>13.69251029323636</ele><time>2025-12-28T09:44:58.55300Z</time><extensions><mytracks:speed>3.023839596020145</mytracks:speed><mytracks:gradient>0.01037349231465101</mytracks:gradient><mytracks:length>0.007576407795553954</mytracks:length></extensions></trkpt><trkpt lat="33.59147887987083" lon="130.3986909920078"><ele>13.7875266871751</ele><time>2025-12-28T09:45:07.23100Z</time><extensions><mytracks:speed>3.045921726611885</mytracks:speed><mytracks:gradient>0.01294039764300426</mytracks:gradient><mytracks:length>0.007342617789655879</mytracks:length></extensions></trkpt><trkpt lat="33.59153371077907" lon="130.3986780204522"><ele>13.75221947529307</ele><time>2025-12-28T09:45:15.14500Z</time><extensions><mytracks:speed>2.827135763547198</mytracks:speed><mytracks:length>0.00621445619322787</mytracks:length></extensions></trkpt><trkpt lat="33.59253757187452" lon="130.3984817738293"><ele>13.43763475239277</ele><time>2025-12-28T09:47:43.13800Z</time><extensions><mytracks:speed>2.751073808214336</mytracks:speed><mytracks:length>0.1130946397700441</mytracks:length></extensions></trkpt></trkseg></trk></gpx>

