<?xml version="1.0" encoding="utf-8"?>
<gpx xmlns="http://www.topografix.com/GPX/1/1" xmlns:xsd="http://www.w3.org/2001/XMLSchema" xmlns:xsi="http://www.w3.org/2001/XMLSchema-instance" xmlns:mytracks="http://mytracks.stichling.info/myTracksGPX/1/0" creator="myTracks" version="1.1" xsi:schemaLocation="http://www.topografix.com/GPX/1/1 http://www.topografix.com/GPX/1/1/gpx.xsd"><trk><name>2026-01-03 15:00:46</name><extensions><mytracks:color red="0.000000" green="0.000000" blue="1.000000" alpha="1.000000"/><mytracks:area showArea="no" areaDistance="0.000000"/><mytracks:directionArrows showDirectionArrows="yes"/><mytracks:sync syncPhotosOniPhone="no"/><mytracks:timezone offset="540"/></extensions><trkseg><trkpt lat="33.59348652421831" lon="130.351204387965"><ele>10.82137680053711</ele><time>2026-01-03T06:00:46.02500Z</time><extensions><mytracks:speed>0</mytracks:speed><mytracks:gradient>0</mytracks:gradient><mytracks:length>0</mytracks:length></extensions></trkpt><trkpt lat="33.59359815419342" lon="130.351229755816"><ele>4.082729507237673</ele><time>2026-01-03T06:00:55.00200Z</time><extensions><mytracks:speed>5.066064788880235</mytracks:speed><mytracks:length>0.01263317390225325</mytracks:length></extensions></trkpt><trkpt lat="33.59365267203832" lon="130.3512553513432"><ele>3.862062970362604</ele><time>2026-01-03T06:01:00.00100Z</time><extensions><mytracks:speed>4.687607281432844</mytracks:speed><mytracks:length>0.006509820748769092</mytracks:length></extensions></trkpt><trkpt lat="33.59370980130355" lon="130.3512673668016"><ele>4.436159611679614</ele><time>2026-01-03T06:01:05.00100Z</time><extensions><mytracks:speed>4.643935859169927</mytracks:speed><mytracks:gradient>0.08901668880381221</mytracks:gradient><mytracks:length>0.006449314718752193</mytracks:length></extensions></trkpt><trkpt lat="33.59374445548081" lon="130.351252988129"><ele>5.405505907914268</ele><time>2026-01-03T06:01:10.91100Z</time><extensions><mytracks:speed>2.484017057591949</mytracks:speed><mytracks:gradient>0.237713065244621</mytracks:gradient><mytracks:length>0.004077799826598251</mytracks:length></extensions></trkpt><trkpt lat="33.59373379604128" lon="130.3512741746637"><ele>6.305419705338188</ele><time>2026-01-03T06:01:16.00000Z</time><extensions><mytracks:speed>1.621533031340574</mytracks:speed><mytracks:gradient>0.3925897126561131</mytracks:gradient><mytracks:length>0.002292250072818882</mytracks:length></extensions></trkpt><trkpt lat="33.59375074202836" lon="130.3513265772656"><ele>6.059960383729462</ele><time>2026-01-03T06:01:21.00100Z</time><extensions><mytracks:speed>3.747303804995924</mytracks:speed><mytracks:length>0.005205883342458062</mytracks:length></extensions></trkpt><trkpt lat="33.59378532905373" lon="130.3513654824162"><ele>5.5641466549548</ele><time>2026-01-03T06:01:26.00000Z</time><extensions><mytracks:speed>3.795467776998436</mytracks:speed><mytracks:length>0.005270405552258235</mytracks:length></extensions></trkpt><trkpt lat="33.59387778908015" lon="130.3513454580651"><ele>5.963784096974683</ele><time>2026-01-03T06:01:30.99800Z</time><extensions><mytracks:speed>7.524416694136732</mytracks:speed><mytracks:gradient>0.03825307756760545</mytracks:gradient><mytracks:length>0.01044719712586773</mytracks:length></extensions></trkpt><trkpt lat="33.59391922551966" lon="130.3513213908488"><ele>6.373938562572283</ele><time>2026-01-03T06:01:35.99400Z</time><extensions><mytracks:speed>3.688594926248714</mytracks:speed><mytracks:gradient>0.08013038153975498</mytracks:gradient><mytracks:length>0.005118588701516547</mytracks:length></extensions></trkpt><trkpt lat="33.59395062128648" lon="130.3513200508637"><ele>7.455577359868355</ele><time>2026-01-03T06:01:40.99200Z</time><extensions><mytracks:speed>2.515373746582001</mytracks:speed><mytracks:gradient>0.3097459527684518</mytracks:gradient><mytracks:length>0.003492019145459642</mytracks:length></extensions></trkpt><trkpt lat="33.59399992937347" lon="130.3513092014299"><ele>8.554328383727489</ele><time>2026-01-03T06:01:45.99400Z</time><extensions><mytracks:speed>4.011193670123935</mytracks:speed><mytracks:gradient>0.1971291881143735</mytracks:gradient><mytracks:length>0.005573761219072458</mytracks:length></extensions></trkpt><trkpt lat="33.59405156143568" lon="130.3513106125741"><ele>8.578826985617706</ele><time>2026-01-03T06:01:50.99600Z</time><extensions><mytracks:speed>4.132928234776363</mytracks:speed><mytracks:gradient>0.004266113225912403</mytracks:gradient><mytracks:length>0.005742604706647832</mytracks:length></extensions></trkpt><trkpt lat="33.59410952077703" lon="130.3512995131624"><ele>9.011556091567645</ele><time>2026-01-03T06:01:55.99500Z</time><extensions><mytracks:speed>4.699722291257604</mytracks:speed><mytracks:gradient>0.06631129100011819</mytracks:gradient><mytracks:length>0.006525722835786253</mytracks:length></extensions></trkpt><trkpt lat="33.59416380836694" lon="130.3513070555458"><ele>9.070968702157391</ele><time>2026-01-03T06:02:00.99800Z</time><extensions><mytracks:speed>4.372936905258964</mytracks:speed><mytracks:gradient>0.009776084366835167</mytracks:gradient><mytracks:length>0.006077342252824651</mytracks:length></extensions></trkpt><trkpt lat="33.59420842840388" lon="130.3513372622652"><ele>10.17577855581377</ele><time>2026-01-03T06:02:06.00000Z</time><extensions><mytracks:speed>4.09931721180384</mytracks:speed><mytracks:gradient>0.1939583901399139</mytracks:gradient><mytracks:length>0.005696117877960395</mytracks:length></extensions></trkpt><trkpt lat="33.59425553881742" lon="130.3513483983689"><ele>10.98287232124375</ele><time>2026-01-03T06:02:11.00100Z</time><extensions><mytracks:speed>3.843233950071718</mytracks:speed><mytracks:gradient>0.1511873106905775</mytracks:gradient><mytracks:length>0.005338369746398804</mytracks:length></extensions></trkpt><trkpt lat="33.59430703767966" lon="130.3513268715888"><ele>11.23154015413077</ele><time>2026-01-03T06:02:15.99900Z</time><extensions><mytracks:speed>4.367450272542003</mytracks:speed><mytracks:gradient>0.04100735993400276</mytracks:gradient><mytracks:length>0.006063980546107457</mytracks:length></extensions></trkpt><trkpt lat="33.59434522807979" lon="130.3512700849001"><ele>10.43023005827462</ele><time>2026-01-03T06:02:20.99100Z</time><extensions><mytracks:speed>4.875879084000825</mytracks:speed><mytracks:length>0.006760433156704238</mytracks:length></extensions></trkpt><trkpt lat="33.59435666009393" lon="130.3511966489878"><ele>9.837186993048029</ele><time>2026-01-03T06:02:25.99900Z</time><extensions><mytracks:speed>4.97373995186512</mytracks:speed><mytracks:length>0.006919865062256687</mytracks:length></extensions></trkpt><trkpt lat="33.59438262578093" lon="130.3511170385048"><ele>9.394554926336042</ele><time>2026-01-03T06:02:30.99800Z</time><extensions><mytracks:speed>5.703332694975518</mytracks:speed><mytracks:length>0.007918992470363227</mytracks:length></extensions></trkpt><trkpt lat="33.59440201822274" lon="130.3510431158943"><ele>8.676649483384281</ele><time>2026-01-03T06:02:35.99500Z</time><extensions><mytracks:speed>5.171446321696158</mytracks:speed><mytracks:length>0.007178765935298247</mytracks:length></extensions></trkpt><trkpt lat="33.59441697693721" lon="130.350961957608"><ele>7.477042431134106</ele><time>2026-01-03T06:02:40.98700Z</time><extensions><mytracks:speed>5.551908784895477</mytracks:speed><mytracks:length>0.007698544422168985</mytracks:length></extensions></trkpt><trkpt lat="33.59440786721074" lon="130.35088866436"><ele>7.333183678452983</ele><time>2026-01-03T06:02:46.00300Z</time><extensions><mytracks:speed>4.926343212913507</mytracks:speed><mytracks:length>0.006864288168619498</mytracks:length></extensions></trkpt><trkpt lat="33.59439237797154" lon="130.3508188132558"><ele>7.321791490861117</ele><time>2026-01-03T06:02:51.49600Z</time><extensions><mytracks:speed>4.388337405609811</mytracks:speed><mytracks:length>0.006695462905481304</mytracks:length></extensions></trkpt><trkpt lat="33.5943851889943" lon="130.3507589957743"><ele>6.61967945206286</ele><time>2026-01-03T06:02:56.50200Z</time><extensions><mytracks:speed>4.025251773052492</mytracks:speed><mytracks:length>0.005597158452324987</mytracks:length></extensions></trkpt><trkpt lat="33.594362743548" lon="130.3507318560551"><ele>5.83769904455947</ele><time>2026-01-03T06:03:01.50200Z</time><extensions><mytracks:speed>2.550162967866974</mytracks:speed><mytracks:length>0.003541990038587427</mytracks:length></extensions></trkpt><trkpt lat="33.59433232489642" lon="130.3507026827771"><ele>4.607822296799013</ele><time>2026-01-03T06:03:06.99900Z</time><extensions><mytracks:speed>2.835592304160522</mytracks:speed><mytracks:length>0.004329715748612135</mytracks:length></extensions></trkpt><trkpt lat="33.59433739502647" lon="130.3506737938792"><ele>4.564012496985395</ele><time>2026-01-03T06:03:12.00800Z</time><extensions><mytracks:speed>1.965648250606095</mytracks:speed><mytracks:length>0.002735059407748214</mytracks:length></extensions></trkpt><trkpt lat="33.59438296673375" lon="130.3506899092408"><ele>4.754481187951303</ele><time>2026-01-03T06:03:17.00200Z</time><extensions><mytracks:speed>3.808155715758418</mytracks:speed><mytracks:gradient>0.03605166082270903</mytracks:gradient><mytracks:length>0.005283215436386525</mytracks:length></extensions></trkpt><trkpt lat="33.59443167316355" lon="130.3506851975172"><ele>5.720383182624525</ele><time>2026-01-03T06:03:21.99100Z</time><extensions><mytracks:speed>3.920437478651482</mytracks:speed><mytracks:gradient>0.177786873621056</mytracks:gradient><mytracks:length>0.005432920749436177</mytracks:length></extensions></trkpt><trkpt lat="33.59445356924098" lon="130.3506238336409"><ele>6.089989552766534</ele><time>2026-01-03T06:03:26.99800Z</time><extensions><mytracks:speed>4.445056806416844</mytracks:speed><mytracks:gradient>0.05978298469374157</mytracks:gradient><mytracks:length>0.006182467670950882</mytracks:length></extensions></trkpt><trkpt lat="33.59444995419662" lon="130.3505634214092"><ele>5.812527830809007</ele><time>2026-01-03T06:03:32.00300Z</time><extensions><mytracks:speed>4.035218357456054</mytracks:speed><mytracks:length>0.005610025500230045</mytracks:length></extensions></trkpt><trkpt lat="33.59444782581438" lon="130.3504844926133"><ele>5.210355966165721</ele><time>2026-01-03T06:03:37.00500Z</time><extensions><mytracks:speed>5.264225425678888</mytracks:speed><mytracks:length>0.007313715785930971</mytracks:length></extensions></trkpt><trkpt lat="33.5944386642119" lon="130.3504022660813"><ele>5.427549006072175</ele><time>2026-01-03T06:03:42.01000Z</time><extensions><mytracks:speed>5.527263820486136</mytracks:speed><mytracks:gradient>0.02826600206524818</mytracks:gradient><mytracks:length>0.007683896696996375</mytracks:length></extensions></trkpt><trkpt lat="33.59442993309828" lon="130.3503270477234"><ele>5.623851055384805</ele><time>2026-01-03T06:03:47.00700Z</time><extensions><mytracks:speed>5.067268192062548</mytracks:speed><mytracks:gradient>0.0279068580574914</mytracks:gradient><mytracks:length>0.007034186683009079</mytracks:length></extensions></trkpt><trkpt lat="33.5944263040388" lon="130.3502571691035"><ele>4.936767606120713</ele><time>2026-01-03T06:03:51.99900Z</time><extensions><mytracks:speed>4.676824965612883</mytracks:speed><mytracks:length>0.006485547109003854</mytracks:length></extensions></trkpt><trkpt lat="33.59442056139465" lon="130.3501884335223"><ele>4.918153590498231</ele><time>2026-01-03T06:03:57.00500Z</time><extensions><mytracks:speed>4.601578535101409</mytracks:speed><mytracks:length>0.006398103817000887</mytracks:length></extensions></trkpt><trkpt lat="33.59441057941525" lon="130.350119909297"><ele>4.51768685573653</ele><time>2026-01-03T06:04:02.00400Z</time><extensions><mytracks:speed>4.640320961460941</mytracks:speed><mytracks:length>0.006443722422258311</mytracks:length></extensions></trkpt><trkpt lat="33.59441542618405" lon="130.3500533589408"><ele>4.223999827216963</ele><time>2026-01-03T06:04:06.99100Z</time><extensions><mytracks:speed>4.467220861919015</mytracks:speed><mytracks:length>0.006188296065053125</mytracks:length></extensions></trkpt><trkpt lat="33.59441575506579" lon="130.3499974310379"><ele>4.588923945725575</ele><time>2026-01-03T06:04:12.00400Z</time><extensions><mytracks:speed>3.720326468059756</mytracks:speed><mytracks:gradient>0.07043888992241704</mytracks:gradient><mytracks:length>0.005180719328634333</mytracks:length></extensions></trkpt><trkpt lat="33.594417355247" lon="130.3499225378728"><ele>4.746749125786463</ele><time>2026-01-03T06:04:17.00100Z</time><extensions><mytracks:speed>4.999401268057686</mytracks:speed><mytracks:gradient>0.02274343136787215</mytracks:gradient><mytracks:length>0.006939374165141811</mytracks:length></extensions></trkpt><trkpt lat="33.59440867665774" lon="130.3498687341403"><ele>3.286614698848588</ele><time>2026-01-03T06:04:21.99900Z</time><extensions><mytracks:speed>3.656118413893259</mytracks:speed><mytracks:length>0.005076154073400244</mytracks:length></extensions></trkpt><trkpt lat="33.59440661202703" lon="130.3498105233228"><ele>3.397613102514985</ele><time>2026-01-03T06:04:27.00300Z</time><extensions><mytracks:speed>3.882350651903509</mytracks:speed><mytracks:gradient>0.02056934849069976</mytracks:gradient><mytracks:length>0.005396301380988536</mytracks:length></extensions></trkpt><trkpt lat="33.59440474588776" lon="130.3497512213293"><ele>3.605877584364899</ele><time>2026-01-03T06:04:31.99600Z</time><extensions><mytracks:speed>3.962608735542388</mytracks:speed><mytracks:gradient>0.03789094941985901</mytracks:gradient><mytracks:length>0.005496417615251417</mytracks:length></extensions></trkpt><trkpt lat="33.59439033376697" lon="130.3496902669933"><ele>3.340989860949402</ele><time>2026-01-03T06:04:37.00600Z</time><extensions><mytracks:speed>4.218025443396057</mytracks:speed><mytracks:length>0.005869120945865466</mytracks:length></extensions></trkpt><trkpt lat="33.59437573166278" lon="130.3496238842701"><ele>3.179085993550424</ele><time>2026-01-03T06:04:41.99900Z</time><extensions><mytracks:speed>4.585569391362099</mytracks:speed><mytracks:length>0.006359956451889193</mytracks:length></extensions></trkpt><trkpt lat="33.59436904596198" lon="130.3495542685557"><ele>4.028739051870859</ele><time>2026-01-03T06:04:46.99600Z</time><extensions><mytracks:speed>4.675798380774552</mytracks:speed><mytracks:gradient>0.1309090144082832</mytracks:gradient><mytracks:length>0.006490409099487297</mytracks:length></extensions></trkpt><trkpt lat="33.59436658303414" lon="130.349491590577"><ele>4.242785181273832</ele><time>2026-01-03T06:04:51.99700Z</time><extensions><mytracks:speed>4.18354111352922</mytracks:speed><mytracks:gradient>0.03682814716886928</mytracks:gradient><mytracks:length>0.005812025471210919</mytracks:length></extensions></trkpt><trkpt lat="33.59435243978306" lon="130.3494246782652"><ele>4.115723859231597</ele><time>2026-01-03T06:04:57.49900Z</time><extensions><mytracks:speed>4.183073222886843</mytracks:speed><mytracks:length>0.006393171628974311</mytracks:length></extensions></trkpt><trkpt lat="33.59435813640396" lon="130.3493593347911"><ele>4.629661652264908</ele><time>2026-01-03T06:05:02.49500Z</time><extensions><mytracks:speed>4.384151629153545</mytracks:speed><mytracks:gradient>0.08447349946576393</mytracks:gradient><mytracks:length>0.006084012101826135</mytracks:length></extensions></trkpt><trkpt lat="33.59434869208003" lon="130.3492824859889"><ele>5.000335562667574</ele><time>2026-01-03T06:05:07.99800Z</time><extensions><mytracks:speed>4.706101271209494</mytracks:speed><mytracks:gradient>0.05152225866757416</mytracks:gradient><mytracks:length>0.007194442169049377</mytracks:length></extensions></trkpt><trkpt lat="33.5943468960084" lon="130.3492180460164"><ele>5.281813961037194</ele><time>2026-01-03T06:05:13.00300Z</time><extensions><mytracks:speed>4.295691133172754</mytracks:speed><mytracks:gradient>0.04713400333948407</mytracks:gradient><mytracks:length>0.005971875470501925</mytracks:length></extensions></trkpt><trkpt lat="33.5943410452057" lon="130.3491572358165"><ele>5.412681887164075</ele><time>2026-01-03T06:05:17.99800Z</time><extensions><mytracks:speed>4.086954151315882</mytracks:speed><mytracks:gradient>0.02308096421631448</mytracks:gradient><mytracks:length>0.005669950566206331</mytracks:length></extensions></trkpt><trkpt lat="33.59433811232269" lon="130.3490991280437"><ele>5.466616612877526</ele><time>2026-01-03T06:05:22.99700Z</time><extensions><mytracks:speed>3.882425049014569</mytracks:speed><mytracks:gradient>0.01000405100194359</mytracks:gradient><mytracks:length>0.005391288559301886</mytracks:length></extensions></trkpt><trkpt lat="33.5943369899147" lon="130.3490326925939"><ele>5.587593052166423</ele><time>2026-01-03T06:05:27.99200Z</time><extensions><mytracks:speed>4.434528665694033</mytracks:speed><mytracks:gradient>0.01965825914583528</mytracks:gradient><mytracks:length>0.006153975201538995</mytracks:length></extensions></trkpt><trkpt lat="33.59433606307369" lon="130.3489655255646"><ele>5.626039024105195</ele><time>2026-01-03T06:05:33.00200Z</time><extensions><mytracks:speed>4.471974815634663</mytracks:speed><mytracks:gradient>0.006178612951717297</mytracks:gradient><mytracks:length>0.006222427628855724</mytracks:length></extensions></trkpt><trkpt lat="33.59433349057419" lon="130.3488947355739"><ele>5.46252328215</ele><time>2026-01-03T06:05:37.99500Z</time><extensions><mytracks:speed>4.731433345303397</mytracks:speed><mytracks:length>0.006562906742648148</mytracks:length></extensions></trkpt><trkpt lat="33.59433070480088" lon="130.3488246329412"><ele>5.256851252886278</ele><time>2026-01-03T06:05:42.99800Z</time><extensions><mytracks:speed>4.677935004594834</mytracks:speed><mytracks:length>0.006500815405832252</mytracks:length></extensions></trkpt><trkpt lat="33.59432740131843" lon="130.3487545880255"><ele>4.809290241941723</ele><time>2026-01-03T06:05:47.99500Z</time><extensions><mytracks:speed>4.681212168432433</mytracks:speed><mytracks:length>0.006498042020293987</mytracks:length></extensions></trkpt><trkpt lat="33.59432523723141" lon="130.3486910817389"><ele>5.102566392814053</ele><time>2026-01-03T06:05:53.00000Z</time><extensions><mytracks:speed>4.234265892287095</mytracks:speed><mytracks:gradient>0.0498196713011232</mytracks:gradient><mytracks:length>0.005886754031348204</mytracks:length></extensions></trkpt><trkpt lat="33.59431603438733" lon="130.3486293269291"><ele>4.849891199295285</ele><time>2026-01-03T06:05:58.00200Z</time><extensions><mytracks:speed>4.182228577287806</mytracks:speed><mytracks:length>0.005810474563786052</mytracks:length></extensions></trkpt><trkpt lat="33.59432411059154" lon="130.3485618447372"><ele>4.965579775375774</ele><time>2026-01-03T06:06:03.00900Z</time><extensions><mytracks:speed>4.539544378780059</mytracks:speed><mytracks:gradient>0.018321254129685</mytracks:gradient><mytracks:length>0.00631444633984118</mytracks:length></extensions></trkpt><trkpt lat="33.59432231726237" lon="130.3484999703669"><ele>5.578947172317054</ele><time>2026-01-03T06:06:07.99600Z</time><extensions><mytracks:speed>4.139157224229678</mytracks:speed><mytracks:gradient>0.1069708766686007</mytracks:gradient><mytracks:length>0.005733966253651568</mytracks:length></extensions></trkpt><trkpt lat="33.5943242734603" lon="130.3484345002321"><ele>5.729624390289427</ele><time>2026-01-03T06:06:13.00300Z</time><extensions><mytracks:speed>4.362468749034851</mytracks:speed><mytracks:gradient>0.02483573450003796</mytracks:gradient><mytracks:length>0.006066952357384164</mytracks:length></extensions></trkpt><trkpt lat="33.59431960752317" lon="130.3483719620299"><ele>5.413982547109426</ele><time>2026-01-03T06:06:18.00000Z</time><extensions><mytracks:speed>4.189308169705426</mytracks:speed><mytracks:length>0.005815126045169106</mytracks:length></extensions></trkpt><trkpt lat="33.59432026965756" lon="130.348308248544"><ele>4.894219109284521</ele><time>2026-01-03T06:06:22.99700Z</time><extensions><mytracks:speed>4.252263972461068</mytracks:speed><mytracks:length>0.005902044327315089</mytracks:length></extensions></trkpt><trkpt lat="33.59431471774743" lon="130.3482455900488"><ele>4.72529185581975</ele><time>2026-01-03T06:06:27.99600Z</time><extensions><mytracks:speed>4.202899990488862</mytracks:speed><mytracks:length>0.005836783945256253</mytracks:length></extensions></trkpt><trkpt lat="33.59430782514112" lon="130.3481806221104"><ele>5.217601415279063</ele><time>2026-01-03T06:06:33.00300Z</time><extensions><mytracks:speed>4.361438229182939</mytracks:speed><mytracks:gradient>0.0811560425217045</mytracks:gradient><mytracks:length>0.006066209541053571</mytracks:length></extensions></trkpt><trkpt lat="33.59431167683962" lon="130.3481132237642"><ele>5.413884140566947</ele><time>2026-01-03T06:06:38.00000Z</time><extensions><mytracks:speed>4.508243543157697</mytracks:speed><mytracks:gradient>0.0313660240488856</mytracks:gradient><mytracks:length>0.006257813390118144</mytracks:length></extensions></trkpt><trkpt lat="33.59431948026981" lon="130.3480475247957"><ele>5.825182362844206</ele><time>2026-01-03T06:06:42.99500Z</time><extensions><mytracks:speed>4.430836322172516</mytracks:speed><mytracks:gradient>0.06691422889161452</mytracks:gradient><mytracks:length>0.006146648165720726</mytracks:length></extensions></trkpt><trkpt lat="33.59430554503665" lon="130.3479840472696"><ele>5.874955862030447</ele><time>2026-01-03T06:06:47.99000Z</time><extensions><mytracks:speed>4.381827465505685</mytracks:speed><mytracks:gradient>0.008186016729010377</mytracks:gradient><mytracks:length>0.006080307533436725</mytracks:length></extensions></trkpt><trkpt lat="33.59430962136116" lon="130.3479119917083"><ele>6.338923002355417</ele><time>2026-01-03T06:06:53.00400Z</time><extensions><mytracks:speed>4.802188113766787</mytracks:speed><mytracks:gradient>0.06936551567647205</mytracks:gradient><mytracks:length>0.006688729057950934</mytracks:length></extensions></trkpt><trkpt lat="33.59430837408664" lon="130.3478370946971"><ele>6.313500229521779</ele><time>2026-01-03T06:06:58.00400Z</time><extensions><mytracks:speed>4.995561045332598</mytracks:speed><mytracks:length>0.006938075264959139</mytracks:length></extensions></trkpt><trkpt lat="33.59430399319007" lon="130.3477584465904"><ele>5.936410057838354</ele><time>2026-01-03T06:07:03.50100Z</time><extensions><mytracks:speed>4.781665185149634</mytracks:speed><mytracks:length>0.007300765142817434</mytracks:length></extensions></trkpt><trkpt lat="33.59430112969861" lon="130.3476898812237"><ele>6.355950168165525</ele><time>2026-01-03T06:07:08.50200Z</time><extensions><mytracks:speed>4.577385310108247</mytracks:speed><mytracks:gradient>0.06597322820083444</mytracks:gradient><mytracks:length>0.006359247861117467</mytracks:length></extensions></trkpt><trkpt lat="33.59428594728779" lon="130.3476154664292"><ele>6.41850952934761</ele><time>2026-01-03T06:07:13.99000Z</time><extensions><mytracks:speed>4.654800896721287</mytracks:speed><mytracks:gradient>0.008816074506278046</mytracks:gradient><mytracks:length>0.007096056315941423</mytracks:length></extensions></trkpt><trkpt lat="33.59429057414331" lon="130.3475464190694"><ele>7.098049694962325</ele><time>2026-01-03T06:07:18.99800Z</time><extensions><mytracks:speed>4.612052283152305</mytracks:speed><mytracks:gradient>0.1059185210564672</mytracks:gradient><mytracks:length>0.006415687821513661</mytracks:length></extensions></trkpt><trkpt lat="33.59428538911416" lon="130.3474813306455"><ele>7.38257112341617</ele><time>2026-01-03T06:07:23.99600Z</time><extensions><mytracks:speed>4.361110814424525</mytracks:speed><mytracks:gradient>0.04698906360145081</mytracks:gradient><mytracks:length>0.006055056360924392</mytracks:length></extensions></trkpt><trkpt lat="33.59428470930676" lon="130.3474458252095"><ele>7.752656811459471</ele><time>2026-01-03T06:07:28.99800Z</time><extensions><mytracks:speed>2.366851376205305</mytracks:speed><mytracks:gradient>0.1125340501335661</mytracks:gradient><mytracks:length>0.003288655190176201</mytracks:length></extensions></trkpt><trkpt lat="33.59428902701632" lon="130.3474354843069"><ele>8.070504994479563</ele><time>2026-01-03T06:07:34.00300Z</time><extensions><mytracks:speed>0.7696049914932188</mytracks:speed><mytracks:gradient>0.2970914509690206</mytracks:gradient><mytracks:length>0.001069866473718343</mytracks:length></extensions></trkpt><trkpt lat="33.59428736700115" lon="130.3473816217648"><ele>8.178396354515099</ele><time>2026-01-03T06:07:39.00100Z</time><extensions><mytracks:speed>3.595467243303502</mytracks:speed><mytracks:gradient>0.02161281728932362</mytracks:gradient><mytracks:length>0.004992008149202862</mytracks:length></extensions></trkpt><trkpt lat="33.59429306075059" lon="130.3473180756366"><ele>8.407335834805126</ele><time>2026-01-03T06:07:43.99600Z</time><extensions><mytracks:speed>4.266807161114486</mytracks:speed><mytracks:gradient>0.03867495763650075</mytracks:gradient><mytracks:length>0.005919579342317309</mytracks:length></extensions></trkpt><trkpt lat="33.5943084844535" lon="130.3472568899231"><ele>8.166564389063966</ele><time>2026-01-03T06:07:49.00500Z</time><extensions><mytracks:speed>4.254897263382895</mytracks:speed><mytracks:length>0.005920340556149596</mytracks:length></extensions></trkpt><trkpt lat="33.59431924960484" lon="130.3471914087434"><ele>8.049559447848793</ele><time>2026-01-03T06:07:53.99800Z</time><extensions><mytracks:speed>4.457013577562678</mytracks:speed><mytracks:length>0.006181738735303598</mytracks:length></extensions></trkpt><trkpt lat="33.5943209056657" lon="130.3471181468528"><ele>7.320990309857301</ele><time>2026-01-03T06:07:59.01200Z</time><extensions><mytracks:speed>4.874260983497885</mytracks:speed><mytracks:length>0.006788371698711086</mytracks:length></extensions></trkpt><trkpt lat="33.59431984847944" lon="130.3470496250178"><ele>7.15916660083542</ele><time>2026-01-03T06:08:04.00700Z</time><extensions><mytracks:speed>4.574053139419702</mytracks:speed><mytracks:length>0.00634718971478944</mytracks:length></extensions></trkpt><trkpt lat="33.59431765974081" lon="130.3469825438189"><ele>6.987010837554703</ele><time>2026-01-03T06:08:08.98800Z</time><extensions><mytracks:speed>4.494176593074944</mytracks:speed><mytracks:length>0.006218080839901303</mytracks:length></extensions></trkpt><trkpt lat="33.59431320636774" lon="130.3469181186749"><ele>7.186686726195177</ele><time>2026-01-03T06:08:13.99900Z</time><extensions><mytracks:speed>4.30148484050159</mytracks:speed><mytracks:gradient>0.03334767180502086</mytracks:gradient><mytracks:length>0.005987701024765714</mytracks:length></extensions></trkpt><trkpt lat="33.59432189797046" lon="130.3468518252761"><ele>7.173461856268014</ele><time>2026-01-03T06:08:19.00100Z</time><extensions><mytracks:speed>4.47381002528317</mytracks:speed><mytracks:length>0.006215181291671879</mytracks:length></extensions></trkpt><trkpt lat="33.59432333731014" lon="130.3467976075171"><ele>7.46811081334234</ele><time>2026-01-03T06:08:23.99900Z</time><extensions><mytracks:speed>3.618396211414487</mytracks:speed><mytracks:gradient>0.05864360177872995</mytracks:gradient><mytracks:length>0.005024400755364165</mytracks:length></extensions></trkpt><trkpt lat="33.59432795808771" lon="130.346734593104"><ele>7.593054388466952</ele><time>2026-01-03T06:08:28.99900Z</time><extensions><mytracks:speed>4.218306809667094</mytracks:speed><mytracks:gradient>0.0213273914879091</mytracks:gradient><mytracks:length>0.005858361778347101</mytracks:length></extensions></trkpt><trkpt lat="33.59433682065202" lon="130.3466664502201"><ele>8.025628191341125</ele><time>2026-01-03T06:08:34.00200Z</time><extensions><mytracks:speed>4.596161883132464</mytracks:speed><mytracks:gradient>0.06772160611903506</mytracks:gradient><mytracks:length>0.006387530179272963</mytracks:length></extensions></trkpt><trkpt lat="33.59433404637218" lon="130.3465973530533"><ele>7.723202077385698</ele><time>2026-01-03T06:08:38.99900Z</time><extensions><mytracks:speed>4.615806385608932</mytracks:speed><mytracks:length>0.006407253521870346</mytracks:length></extensions></trkpt><trkpt lat="33.59432797407949" lon="130.3465320240093"><ele>7.140533154340259</ele><time>2026-01-03T06:08:44.00100Z</time><extensions><mytracks:speed>4.381589490218902</mytracks:speed><mytracks:length>0.00608771441586794</mytracks:length></extensions></trkpt><trkpt lat="33.59433629314405" lon="130.3464647009238"><ele>6.522950264444298</ele><time>2026-01-03T06:08:49.00500Z</time><extensions><mytracks:speed>4.534310800589402</mytracks:speed><mytracks:length>0.00630301746831907</mytracks:length></extensions></trkpt><trkpt lat="33.59434502519949" lon="130.3463951707195"><ele>5.49194983062108</ele><time>2026-01-03T06:08:54.00200Z</time><extensions><mytracks:speed>4.692502735025275</mytracks:speed><mytracks:length>0.00651258911833874</mytracks:length></extensions></trkpt><trkpt lat="33.59434002435437" lon="130.3463298527961"><ele>4.859429002840479</ele><time>2026-01-03T06:08:59.00200Z</time><extensions><mytracks:speed>4.37359523003286</mytracks:speed><mytracks:length>0.006075117342534885</mytracks:length></extensions></trkpt><trkpt lat="33.59433572549842" lon="130.346257537451"><ele>4.321723127641187</ele><time>2026-01-03T06:09:04.00800Z</time><extensions><mytracks:speed>4.828289027711744</mytracks:speed><mytracks:length>0.006713610556941275</mytracks:length></extensions></trkpt><trkpt lat="33.59433815199722" lon="130.3461934969338"><ele>3.518807811643776</ele><time>2026-01-03T06:09:08.99800Z</time><extensions><mytracks:speed>4.283426220455375</mytracks:speed><mytracks:length>0.005937062568171858</mytracks:length></extensions></trkpt><trkpt lat="33.59434537849574" lon="130.3461163580978"><ele>3.039969735240859</ele><time>2026-01-03T06:09:14.50300Z</time><extensions><mytracks:speed>4.701463721709254</mytracks:speed><mytracks:length>0.007190056268778195</mytracks:length></extensions></trkpt><trkpt lat="33.59431720022656" lon="130.346057064775"><ele>3.044929599399394</ele><time>2026-01-03T06:09:19.99800Z</time><extensions><mytracks:speed>4.142516119356154</mytracks:speed><mytracks:gradient>0.0007844157327543372</mytracks:gradient><mytracks:length>0.006323004436842695</mytracks:length></extensions></trkpt><trkpt lat="33.59426418468504" lon="130.3460407120616"><ele>3.270558510643347</ele><time>2026-01-03T06:09:24.99900Z</time><extensions><mytracks:speed>4.382341465518699</mytracks:speed><mytracks:gradient>0.03706749959934028</mytracks:gradient><mytracks:length>0.006086974133209903</mytracks:length></extensions></trkpt><trkpt lat="33.5942098074788" lon="130.3460205914841"><ele>3.922020827836839</ele><time>2026-01-03T06:09:30.00500Z</time><extensions><mytracks:speed>4.550056341182531</mytracks:speed><mytracks:gradient>0.1029608939814238</mytracks:gradient><mytracks:length>0.00632727914455588</mytracks:length></extensions></trkpt><trkpt lat="33.59414978022192" lon="130.345996217946"><ele>4.322225215792758</ele><time>2026-01-03T06:09:35.00000Z</time><extensions><mytracks:speed>5.078177473513864</mytracks:speed><mytracks:gradient>0.0567959988929637</mytracks:gradient><mytracks:length>0.007046348259674673</mytracks:length></extensions></trkpt><trkpt lat="33.59409267049668" lon="130.3459754141107"><ele>4.682435433160461</ele><time>2026-01-03T06:09:39.99900Z</time><extensions><mytracks:speed>4.77952528973309</mytracks:speed><mytracks:gradient>0.05427591330495158</mytracks:gradient><mytracks:length>0.006636649582363471</mytracks:length></extensions></trkpt><trkpt lat="33.59404148642835" lon="130.3459597544493"><ele>5.464624354462297</ele><time>2026-01-03T06:09:45.00000Z</time><extensions><mytracks:speed>4.227865042997603</mytracks:speed><mytracks:gradient>0.1331674176416351</mytracks:gradient><mytracks:length>0.005873725984585603</mytracks:length></extensions></trkpt><trkpt lat="33.59399103564327" lon="130.3459517868409"><ele>4.713105609835432</ele><time>2026-01-03T06:09:49.99400Z</time><extensions><mytracks:speed>4.079596314203354</mytracks:speed><mytracks:length>0.005658812726360978</mytracks:length></extensions></trkpt><trkpt lat="33.59393714244395" lon="130.3459343003431"><ele>4.560409337021188</ele><time>2026-01-03T06:09:55.00500Z</time><extensions><mytracks:speed>4.459673220704087</mytracks:speed><mytracks:length>0.006207926496049157</mytracks:length></extensions></trkpt><trkpt lat="33.593882712888" lon="130.3459110375532"><ele>4.805964478325992</ele><time>2026-01-03T06:10:00.00000Z</time><extensions><mytracks:speed>4.630886608414322</mytracks:speed><mytracks:gradient>0.03821981449103532</mytracks:gradient><mytracks:length>0.006424812484696916</mytracks:length></extensions></trkpt><trkpt lat="33.5938310320345" lon="130.3458841135294"><ele>5.135591667998458</ele><time>2026-01-03T06:10:04.99300Z</time><extensions><mytracks:speed>4.515721503642046</mytracks:speed><mytracks:gradient>0.05262607452150709</mytracks:gradient><mytracks:length>0.006263571673729063</mytracks:length></extensions></trkpt><trkpt lat="33.59377518675817" lon="130.3458750929689"><ele>5.467876131227471</ele><time>2026-01-03T06:10:09.99800Z</time><extensions><mytracks:speed>4.506547005814166</mytracks:speed><mytracks:gradient>0.05303813418916491</mytracks:gradient><mytracks:length>0.006265010417672175</mytracks:length></extensions></trkpt><trkpt lat="33.59371929627527" lon="130.3458646926998"><ele>4.376868174300367</ele><time>2026-01-03T06:10:15.00100Z</time><extensions><mytracks:speed>4.525260651634676</mytracks:speed><mytracks:length>0.006288702170554545</mytracks:length></extensions></trkpt><trkpt lat="33.5936668475708" lon="130.3458642688427"><ele>4.403440144396712</ele><time>2026-01-03T06:10:19.99800Z</time><extensions><mytracks:speed>4.201550154060586</mytracks:speed><mytracks:gradient>0.004556119320154178</mytracks:gradient><mytracks:length>0.005832149737344008</mytracks:length></extensions></trkpt><trkpt lat="33.59361074465252" lon="130.345851719498"><ele>4.110491559411189</ele><time>2026-01-03T06:10:25.00000Z</time><extensions><mytracks:speed>4.566816119337933</mytracks:speed><mytracks:length>0.006345769602966143</mytracks:length></extensions></trkpt><trkpt lat="33.59356039013847" lon="130.3458369386638"><ele>3.981756933788925</ele><time>2026-01-03T06:10:30.00300Z</time><extensions><mytracks:speed>4.1472988778288</mytracks:speed><mytracks:length>0.005763753291771865</mytracks:length></extensions></trkpt><trkpt lat="33.59350979889809" lon="130.3458407508096"><ele>3.612992791586507</ele><time>2026-01-03T06:10:34.99900Z</time><extensions><mytracks:speed>4.062123683775091</mytracks:speed><mytracks:length>0.005636471020916182</mytracks:length></extensions></trkpt><trkpt lat="33.59344915753362" lon="130.3458285412066"><ele>3.356026830142667</ele><time>2026-01-03T06:10:39.99800Z</time><extensions><mytracks:speed>4.923433699255288</mytracks:speed><mytracks:length>0.006837318986200213</mytracks:length></extensions></trkpt><trkpt lat="33.59339092115965" lon="130.3458086341085"><ele>3.433129546725737</ele><time>2026-01-03T06:10:44.99500Z</time><extensions><mytracks:speed>4.850205096227036</mytracks:speed><mytracks:gradient>0.01145252225319324</mytracks:gradient><mytracks:length>0.006732378674188671</mytracks:length></extensions></trkpt><trkpt lat="33.59333667535025" lon="130.3458020086589"><ele>3.149043473333354</ele><time>2026-01-03T06:10:50.00200Z</time><extensions><mytracks:speed>4.358677851249451</mytracks:speed><mytracks:length>0.006061750731527156</mytracks:length></extensions></trkpt><trkpt lat="33.59327736299711" lon="130.3457888922818"><ele>3.274802485867426</ele><time>2026-01-03T06:10:54.99200Z</time><extensions><mytracks:speed>4.837731803658237</mytracks:speed><mytracks:gradient>0.01875446366452469</mytracks:gradient><mytracks:length>0.006705550997544839</mytracks:length></extensions></trkpt><trkpt lat="33.59321554687089" lon="130.34578037883"><ele>3.364594576186954</ele><time>2026-01-03T06:11:00.00100Z</time><extensions><mytracks:speed>4.971873082604845</mytracks:speed><mytracks:gradient>0.01297965363877874</mytracks:gradient><mytracks:length>0.006917911126014923</mytracks:length></extensions></trkpt><trkpt lat="33.59315558310288" lon="130.3457699118084"><ele>3.161561815555169</ele><time>2026-01-03T06:11:05.00200Z</time><extensions><mytracks:speed>4.849353717612394</mytracks:speed><mytracks:length>0.006737731391133782</mytracks:length></extensions></trkpt><trkpt lat="33.59309910281215" lon="130.3457498495438"><ele>3.536594950830422</ele><time>2026-01-03T06:11:09.99500Z</time><extensions><mytracks:speed>4.722706201488832</mytracks:speed><mytracks:gradient>0.05726431504887096</mytracks:gradient><mytracks:length>0.00654915954124639</mytracks:length></extensions></trkpt><trkpt lat="33.59303919764002" lon="130.3457325128266"><ele>4.134459919249678</ele><time>2026-01-03T06:11:14.99700Z</time><extensions><mytracks:speed>4.930391413575659</mytracks:speed><mytracks:gradient>0.08726496147885553</mytracks:gradient><mytracks:length>0.00685114573234665</mytracks:length></extensions></trkpt><trkpt lat="33.59297642178725" lon="130.3457192684581"><ele>4.12182471900117</ele><time>2026-01-03T06:11:20.00500Z</time><extensions><mytracks:speed>5.095490877192985</mytracks:speed><mytracks:length>0.007087795849106654</mytracks:length></extensions></trkpt><trkpt lat="33.59291908627339" lon="130.3457007315808"><ele>4.522524093202974</ele><time>2026-01-03T06:11:24.99600Z</time><extensions><mytracks:speed>4.762833617636198</mytracks:speed><mytracks:gradient>0.06068173846279226</mytracks:gradient><mytracks:length>0.006603294242261991</mytracks:length></extensions></trkpt><trkpt lat="33.59286350392828" lon="130.3456880696413"><ele>4.44823669395708</ele><time>2026-01-03T06:11:29.99700Z</time><extensions><mytracks:speed>4.528248361101003</mytracks:speed><mytracks:length>0.006290135166396445</mytracks:length></extensions></trkpt><trkpt lat="33.59280998360811" lon="130.3456791565598"><ele>4.199599941571842</ele><time>2026-01-03T06:11:34.99400Z</time><extensions><mytracks:speed>4.328378478796048</mytracks:speed><mytracks:length>0.006007986913565771</mytracks:length></extensions></trkpt><trkpt lat="33.59275565744798" lon="130.3456732699845"><ele>4.445260717401592</ele><time>2026-01-03T06:11:40.00900Z</time><extensions><mytracks:speed>4.353209589042033</mytracks:speed><mytracks:gradient>0.04050650789655912</mytracks:gradient><mytracks:length>0.006064723635448658</mytracks:length></extensions></trkpt><trkpt lat="33.59270271648944" lon="130.3456548469898"><ele>4.561616882274274</ele><time>2026-01-03T06:11:44.99900Z</time><extensions><mytracks:speed>4.422527493755283</mytracks:speed><mytracks:gradient>0.01898216451276571</mytracks:gradient><mytracks:length>0.006129762746204814</mytracks:length></extensions></trkpt><trkpt lat="33.59265197004901" lon="130.3456446999899"><ele>3.700413044680013</ele><time>2026-01-03T06:11:50.00500Z</time><extensions><mytracks:speed>4.113372172422994</mytracks:speed><mytracks:length>0.005720590259266676</mytracks:length></extensions></trkpt><trkpt lat="33.59260295197383" lon="130.3456426303677"><ele>2.99151992073672</ele><time>2026-01-03T06:11:54.99800Z</time><extensions><mytracks:speed>3.932634488575621</mytracks:speed><mytracks:length>0.00545444390845221</mytracks:length></extensions></trkpt><trkpt lat="33.59255213925366" lon="130.3456291086852"><ele>3.158293037170989</ele><time>2026-01-03T06:12:00.00300Z</time><extensions><mytracks:speed>4.163186059036679</mytracks:speed><mytracks:gradient>0.02881777683602597</mytracks:gradient><mytracks:length>0.005787161077109213</mytracks:length></extensions></trkpt><trkpt lat="33.59249971685368" lon="130.3456122241492"><ele>3.146495458656377</ele><time>2026-01-03T06:12:04.99300Z</time><extensions><mytracks:speed>4.353734167079389</mytracks:speed><mytracks:length>0.006035675360154294</mytracks:length></extensions></trkpt><trkpt lat="33.59244802897646" lon="130.3455974709591"><ele>3.654190228468132</ele><time>2026-01-03T06:12:09.99900Z</time><extensions><mytracks:speed>4.248788145583909</mytracks:speed><mytracks:gradient>0.08594236433519063</mytracks:gradient><mytracks:length>0.005907386580984141</mytracks:length></extensions></trkpt><trkpt lat="33.59239548656435" lon="130.3455849615578"><ele>3.624886339785586</ele><time>2026-01-03T06:12:15.00100Z</time><extensions><mytracks:speed>4.285877811024183</mytracks:speed><mytracks:length>0.005955251211962841</mytracks:length></extensions></trkpt><trkpt lat="33.59234318249574" lon="130.345570721581"><ele>3.480308362640684</ele><time>2026-01-03T06:12:20.00000Z</time><extensions><mytracks:speed>4.294989981348213</mytracks:speed><mytracks:length>0.005963569134032382</mytracks:length></extensions></trkpt><trkpt lat="33.59229422466764" lon="130.3455628082332"><ele>3.567731563383399</ele><time>2026-01-03T06:12:24.99700Z</time><extensions><mytracks:speed>3.956716883374136</mytracks:speed><mytracks:gradient>0.01591498598013172</mytracks:gradient><mytracks:length>0.005493137150849821</mytracks:length></extensions></trkpt><trkpt lat="33.59224465457527" lon="130.3455581611364"><ele>3.873051088957149</ele><time>2026-01-03T06:12:29.99700Z</time><extensions><mytracks:speed>3.980556125890067</mytracks:speed><mytracks:gradient>0.05522846416052056</mytracks:gradient><mytracks:length>0.005528300129555375</mytracks:length></extensions></trkpt><trkpt lat="33.59218763235685" lon="130.345541386239"><ele>4.023252726572567</ele><time>2026-01-03T06:12:35.00000Z</time><extensions><mytracks:speed>4.697907229962341</mytracks:speed><mytracks:gradient>0.02300712186510381</mytracks:gradient><mytracks:length>0.006528484462162851</mytracks:length></extensions></trkpt><trkpt lat="33.59213187401178" lon="130.3455239252982"><ele>4.480692646524276</ele><time>2026-01-03T06:12:40.01000Z</time><extensions><mytracks:speed>4.605224377879276</mytracks:speed><mytracks:gradient>0.07137840348623825</mytracks:gradient><mytracks:length>0.006408660009324862</mytracks:length></extensions></trkpt><trkpt lat="33.59207484195301" lon="130.3455077458582"><ele>4.703315222520223</ele><time>2026-01-03T06:12:45.00400Z</time><extensions><mytracks:speed>4.697524625038461</mytracks:speed><mytracks:gradient>0.03416165048509317</mytracks:gradient><mytracks:length>0.006516739467640511</mytracks:length></extensions></trkpt><trkpt lat="33.59202048222171" lon="130.3454889566194"><ele>5.479565591962698</ele><time>2026-01-03T06:12:49.99600Z</time><extensions><mytracks:speed>4.536382669348271</mytracks:speed><mytracks:gradient>0.1233935285662349</mytracks:gradient><mytracks:length>0.006290851541908863</mytracks:length></extensions></trkpt><trkpt lat="33.59196787427371" lon="130.3454754395767"><ele>5.974462441390533</ele><time>2026-01-03T06:12:55.00100Z</time><extensions><mytracks:speed>4.304129457506348</mytracks:speed><mytracks:gradient>0.0827146337948428</mytracks:gradient><mytracks:length>0.005983183709128528</mytracks:length></extensions></trkpt><trkpt lat="33.5919157766856" lon="130.3454638437643"><ele>6.111419689066049</ele><time>2026-01-03T06:13:00.00400Z</time><extensions><mytracks:speed>4.239735418890199</mytracks:speed><mytracks:gradient>0.02324417640292842</mytracks:gradient><mytracks:length>0.005892110148426759</mytracks:length></extensions></trkpt><trkpt lat="33.59185968978495" lon="130.3454523883683"><ele>6.394349245058548</ele><time>2026-01-03T06:13:05.00000Z</time><extensions><mytracks:speed>4.558597620081684</mytracks:speed><mytracks:gradient>0.0447208668998074</mytracks:gradient><mytracks:length>0.006326566893847869</mytracks:length></extensions></trkpt><trkpt lat="33.59180532510734" lon="130.345435590854"><ele>6.947852764205424</ele><time>2026-01-03T06:13:09.99600Z</time><extensions><mytracks:speed>4.498859238678907</mytracks:speed><mytracks:gradient>0.08865426074320375</mytracks:gradient><mytracks:length>0.006243394446096132</mytracks:length></extensions></trkpt><trkpt lat="33.59175052957384" lon="130.3454248030098"><ele>7.057797629837911</ele><time>2026-01-03T06:13:15.00100Z</time><extensions><mytracks:speed>4.441976030348693</mytracks:speed><mytracks:gradient>0.0178043335710767</mytracks:gradient><mytracks:length>0.006175174442422973</mytracks:length></extensions></trkpt><trkpt lat="33.59169006045975" lon="130.3454087153953"><ele>6.93552612239327</ele><time>2026-01-03T06:13:20.49500Z</time><extensions><mytracks:speed>4.512766509965693</mytracks:speed><mytracks:length>0.00688722708641482</mytracks:length></extensions></trkpt><trkpt lat="33.59162875777326" lon="130.3453989326227"><ele>6.885493661247304</ele><time>2026-01-03T06:13:26.49600Z</time><extensions><mytracks:speed>4.125113179955991</mytracks:speed><mytracks:length>0.006876750218456945</mytracks:length></extensions></trkpt><trkpt lat="33.59157302720642" lon="130.3453921691261"><ele>6.447797913815554</ele><time>2026-01-03T06:13:32.00900Z</time><extensions><mytracks:speed>4.067390456966899</mytracks:speed><mytracks:length>0.006228218628367683</mytracks:length></extensions></trkpt><trkpt lat="33.59152149519182" lon="130.345385906301"><ele>6.530894682810034</ele><time>2026-01-03T06:13:37.00500Z</time><extensions><mytracks:speed>4.148666036102331</mytracks:speed><mytracks:gradient>0.01443083715612132</mytracks:gradient><mytracks:length>0.005758277783574854</mytracks:length></extensions></trkpt><trkpt lat="33.59147171335781" lon="130.3453744271936"><ele>6.236153611107604</ele><time>2026-01-03T06:13:42.00900Z</time><extensions><mytracks:speed>4.055435136274032</mytracks:speed><mytracks:length>0.005636471020916182</mytracks:length></extensions></trkpt><trkpt lat="33.59142113154837" lon="130.3453637611889"><ele>6.3275543757106</ele><time>2026-01-03T06:13:46.99500Z</time><extensions><mytracks:speed>4.123789585355497</mytracks:speed><mytracks:gradient>0.01600397334644271</mytracks:gradient><mytracks:length>0.005711129519177274</mytracks:length></extensions></trkpt><trkpt lat="33.59136771124038" lon="130.3453506657491"><ele>6.484393554402111</ele><time>2026-01-03T06:13:52.00200Z</time><extensions><mytracks:speed>4.359039689027123</mytracks:speed><mytracks:gradient>0.02586723382773462</mytracks:gradient><mytracks:length>0.006063237365695805</mytracks:length></extensions></trkpt><trkpt lat="33.59131737242193" lon="130.3453444428783"><ele>5.690571705396128</ele><time>2026-01-03T06:13:57.00000Z</time><extensions><mytracks:speed>4.052854990663174</mytracks:speed><mytracks:length>0.005626868848660786</mytracks:length></extensions></trkpt><trkpt lat="33.59126634139486" lon="130.3453269355691"><ele>6.148130561023218</ele><time>2026-01-03T06:14:02.00500Z</time><extensions><mytracks:speed>4.245482119774265</mytracks:speed><mytracks:gradient>0.07752548612850552</mytracks:gradient><mytracks:length>0.005902044327315089</mytracks:length></extensions></trkpt><trkpt lat="33.5912160303555" lon="130.3453092544987"><ele>6.483883414498057</ele><time>2026-01-03T06:14:07.00100Z</time><extensions><mytracks:speed>4.200448676539825</mytracks:speed><mytracks:gradient>0.05759984561564305</mytracks:gradient><mytracks:length>0.005829058218580613</mytracks:length></extensions></trkpt><trkpt lat="33.59116292567636" lon="130.345301278979"><ele>6.101211589826778</ele><time>2026-01-03T06:14:11.99400Z</time><extensions><mytracks:speed>4.290774755800731</mytracks:speed><mytracks:length>0.00595146649520817</mytracks:length></extensions></trkpt><trkpt lat="33.59111090114462" lon="130.3452852813675"><ele>6.472461749881874</ele><time>2026-01-03T06:14:17.00000Z</time><extensions><mytracks:speed>4.29426751199002</mytracks:speed><mytracks:gradient>0.06217428366361841</mytracks:gradient><mytracks:length>0.005971120826476608</mytracks:length></extensions></trkpt><trkpt lat="33.59105498946673" lon="130.3452670183683"><ele>6.500517846341045</ele><time>2026-01-03T06:14:22.00100Z</time><extensions><mytracks:speed>4.6375989367877</mytracks:speed><mytracks:gradient>0.004354965420291494</mytracks:gradient><mytracks:length>0.006442323589630898</mytracks:length></extensions></trkpt><trkpt lat="33.5910007407745" lon="130.3452543660273"><ele>6.507816245793745</ele><time>2026-01-03T06:14:27.00600Z</time><extensions><mytracks:speed>4.419569554992045</mytracks:speed><mytracks:gradient>0.001187662106161811</mytracks:gradient><mytracks:length>0.006145181710214774</mytracks:length></extensions></trkpt><trkpt lat="33.59094518581836" lon="130.345241958858"><ele>6.414908830212574</ele><time>2026-01-03T06:14:32.00400Z</time><extensions><mytracks:speed>4.525654212065111</mytracks:speed><mytracks:length>0.00628296691886391</mytracks:length></extensions></trkpt><trkpt lat="33.59089156563653" lon="130.3452301276893"><ele>6.504789487171145</ele><time>2026-01-03T06:14:36.99600Z</time><extensions><mytracks:speed>4.371334300810243</mytracks:speed><mytracks:gradient>0.01482750791633544</mytracks:gradient><mytracks:length>0.006061750731527156</mytracks:length></extensions></trkpt><trkpt lat="33.590841276985" lon="130.3452250465512"><ele>6.235573391491166</ele><time>2026-01-03T06:14:41.99900Z</time><extensions><mytracks:speed>4.037935275191626</mytracks:speed><mytracks:length>0.005611631806776988</mytracks:length></extensions></trkpt><trkpt lat="33.59079160102366" lon="130.3452128088447"><ele>6.486740733541508</ele><time>2026-01-03T06:14:46.98900Z</time><extensions><mytracks:speed>4.068187524231792</mytracks:speed><mytracks:gradient>0.04454214872593482</mytracks:gradient><mytracks:length>0.005638869009121208</mytracks:length></extensions></trkpt><trkpt lat="33.59074107788823" lon="130.3452010107061"><ele>6.608683304943596</ele><time>2026-01-03T06:14:51.99200Z</time><extensions><mytracks:speed>4.118206817767865</mytracks:speed><mytracks:gradient>0.0213076311110344</mytracks:gradient><mytracks:length>0.005722953000577277</mytracks:length></extensions></trkpt><trkpt lat="33.59068770352554" lon="130.3451924507256"><ele>6.963225631629926</ele><time>2026-01-03T06:14:57.00500Z</time><extensions><mytracks:speed>4.299687526415492</mytracks:speed><mytracks:gradient>0.05921176177967275</mytracks:gradient><mytracks:length>0.005987701024765714</mytracks:length></extensions></trkpt><trkpt lat="33.59063769988882" lon="130.3451854240737"><ele>6.309572430205845</ele><time>2026-01-03T06:15:02.00500Z</time><extensions><mytracks:speed>4.031889628301142</mytracks:speed><mytracks:length>0.005599573275958868</mytracks:length></extensions></trkpt><trkpt lat="33.59058188112965" lon="130.3451707399179"><ele>6.591920725725573</ele><time>2026-01-03T06:15:07.00600Z</time><extensions><mytracks:speed>4.574743306666877</mytracks:speed><mytracks:gradient>0.04443431050308807</mytracks:gradient><mytracks:length>0.006354285513220806</mytracks:length></extensions></trkpt><trkpt lat="33.5905328032775" lon="130.3451611051567"><ele>6.59664534533269</ele><time>2026-01-03T06:15:12.00000Z</time><extensions><mytracks:speed>3.985155614337477</mytracks:speed><mytracks:gradient>0.0008544983104032351</mytracks:gradient><mytracks:length>0.005529115212512927</mytracks:length></extensions></trkpt><trkpt lat="33.59047819494111" lon="130.3451545599827"><ele>6.273325271941938</ele><time>2026-01-03T06:15:17.00300Z</time><extensions><mytracks:speed>4.390702763318058</mytracks:speed><mytracks:length>0.00610176272189966</mytracks:length></extensions></trkpt><trkpt lat="33.59042589045763" lon="130.3451358344811"><ele>6.639735703950421</ele><time>2026-01-03T06:15:22.00300Z</time><extensions><mytracks:speed>4.370266371512857</mytracks:speed><mytracks:gradient>0.06037230997564573</mytracks:gradient><mytracks:length>0.006069180260889353</mytracks:length></extensions></trkpt><trkpt lat="33.59040530484575" lon="130.3451240304635"><ele>7.570022311020165</ele><time>2026-01-03T06:15:27.49300Z</time><extensions><mytracks:speed>1.664633126154575</mytracks:speed><mytracks:gradient>0.366467976299605</mytracks:gradient><mytracks:length>0.002538520872855725</mytracks:length></extensions></trkpt><trkpt lat="33.59037224463076" lon="130.3451162486644"><ele>7.800502560783146</ele><time>2026-01-03T06:15:32.49600Z</time><extensions><mytracks:speed>2.694390527644937</mytracks:speed><mytracks:gradient>0.06154619404419773</mytracks:gradient><mytracks:length>0.003744833508266454</mytracks:length></extensions></trkpt><trkpt lat="33.5903212877332" lon="130.3451001721233"><ele>7.551225776014307</ele><time>2026-01-03T06:15:37.98900Z</time><extensions><mytracks:speed>3.839977305647526</mytracks:speed><mytracks:length>0.005859130945524097</mytracks:length></extensions></trkpt><trkpt lat="33.59027384092111" lon="130.3450902768319"><ele>7.293063910893985</ele><time>2026-01-03T06:15:43.00000Z</time><extensions><mytracks:speed>3.848007319983986</mytracks:speed><mytracks:length>0.005356067445063012</mytracks:length></extensions></trkpt><trkpt lat="33.59022800929467" lon="130.3450722927724"><ele>7.774530052331908</ele><time>2026-01-03T06:15:48.00600Z</time><extensions><mytracks:speed>3.855511087395935</mytracks:speed><mytracks:gradient>0.08980712092735046</mytracks:gradient><mytracks:length>0.005361113199780731</mytracks:length></extensions></trkpt><trkpt lat="33.59017953995753" lon="130.3450619315888"><ele>7.901445690651387</ele><time>2026-01-03T06:15:52.99900Z</time><extensions><mytracks:speed>3.946726758567708</mytracks:speed><mytracks:gradient>0.02318417230116937</mytracks:gradient><mytracks:length>0.005474236331183456</mytracks:length></extensions></trkpt><trkpt lat="33.59012462609494" lon="130.3450515294136"><ele>7.629284460767824</ele><time>2026-01-03T06:15:57.99900Z</time><extensions><mytracks:speed>4.451131630299974</mytracks:speed><mytracks:length>0.006181738735303598</mytracks:length></extensions></trkpt><trkpt lat="33.59007094182307" lon="130.3450391100077"><ele>7.506387622909984</ele><time>2026-01-03T06:16:02.99300Z</time><extensions><mytracks:speed>4.382098849975136</mytracks:speed><mytracks:length>0.006079566348874523</mytracks:length></extensions></trkpt><trkpt lat="33.59001674390502" lon="130.3450256565018"><ele>8.134663543313978</ele><time>2026-01-03T06:16:07.99300Z</time><extensions><mytracks:speed>4.430965780357942</mytracks:speed><mytracks:gradient>0.1020926961562786</mytracks:gradient><mytracks:length>0.006153975201538995</mytracks:length></extensions></trkpt><trkpt lat="33.5899612574299" lon="130.3450078422846"><ele>9.112244250672452</ele><time>2026-01-03T06:16:12.99500Z</time><extensions><mytracks:speed>4.59710928546736</mytracks:speed><mytracks:gradient>0.153062086605471</mytracks:gradient><mytracks:length>0.00638682464768863</mytracks:length></extensions></trkpt><trkpt lat="33.58991895394073" lon="130.3449907473362"><ele>7.087210795316031</ele><time>2026-01-03T06:16:17.96900Z</time><extensions><mytracks:speed>3.592606004869453</mytracks:speed><mytracks:length>0.004963945137379243</mytracks:length></extensions></trkpt><trkpt lat="33.58988021499522" lon="130.3449706168599"><ele>4.995871199656928</ele><time>2026-01-03T06:16:22.98600Z</time><extensions><mytracks:speed>3.368451347923956</mytracks:speed><mytracks:length>0.004694260102054579</mytracks:length></extensions></trkpt><trkpt lat="33.58981157615324" lon="130.3449558538363"><ele>4.438721204138589</ele><time>2026-01-03T06:16:28.61000Z</time><extensions><mytracks:speed>4.96363482630282</mytracks:speed><mytracks:length>0.007753953426871954</mytracks:length></extensions></trkpt><trkpt lat="33.58975278548183" lon="130.3449584944985"><ele>3.931526909336544</ele><time>2026-01-03T06:16:33.98700Z</time><extensions><mytracks:speed>4.379388737702698</mytracks:speed><mytracks:length>0.006541586266181909</mytracks:length></extensions></trkpt><trkpt lat="33.58969851893421" lon="130.3449553078177"><ele>4.404610253169169</ele><time>2026-01-03T06:16:38.98500Z</time><extensions><mytracks:speed>4.351283530153703</mytracks:speed><mytracks:gradient>0.07831339498883834</mytracks:gradient><mytracks:length>0.006040899438723752</mytracks:length></extensions></trkpt><trkpt lat="33.58964829258881" lon="130.3449559488094"><ele>4.09095836845787</ele><time>2026-01-03T06:16:43.94900Z</time><extensions><mytracks:speed>4.050655127037384</mytracks:speed><mytracks:length>0.005585068672669533</mytracks:length></extensions></trkpt><trkpt lat="33.5895973854091" lon="130.3449617815981"><ele>3.80298661341248</ele><time>2026-01-03T06:16:49.00200Z</time><extensions><mytracks:speed>4.050925482401202</mytracks:speed><mytracks:length>0.005686616423675971</mytracks:length></extensions></trkpt><trkpt lat="33.58954933960917" lon="130.3449535072394"><ele>4.793749155077265</ele><time>2026-01-03T06:16:54.06000Z</time><extensions><mytracks:speed>3.841163777205263</mytracks:speed><mytracks:gradient>0.1835718922943966</mytracks:gradient><mytracks:length>0.00539713639861535</mytracks:length></extensions></trkpt><trkpt lat="33.58950605469227" lon="130.3449378252655"><ele>5.934348604428449</ele><time>2026-01-03T06:16:59.01700Z</time><extensions><mytracks:speed>3.652075988848202</mytracks:speed><mytracks:gradient>0.2268501166741323</mytracks:gradient><mytracks:length>0.005027987051863157</mytracks:length></extensions></trkpt><trkpt lat="33.58949082535209" lon="130.3449433526173"><ele>6.5567979056873</ele><time>2026-01-03T06:17:04.01400Z</time><extensions><mytracks:speed>1.274094243793855</mytracks:speed><mytracks:gradient>0.3519747657252318</mytracks:gradient><mytracks:length>0.001768448655619718</mytracks:length></extensions></trkpt><trkpt lat="33.58946021861006" lon="130.3449369298706"><ele>6.589597714513348</ele><time>2026-01-03T06:17:09.02100Z</time><extensions><mytracks:speed>2.483368291656301</mytracks:speed><mytracks:gradient>0.009495101291739685</mytracks:gradient><mytracks:length>0.003454392725076254</mytracks:length></extensions></trkpt><trkpt lat="33.58941659768917" lon="130.3449208505368"><ele>6.785998717848255</ele><time>2026-01-03T06:17:14.03400Z</time><extensions><mytracks:speed>3.644279399164093</mytracks:speed><mytracks:gradient>0.03870444676339464</mytracks:gradient><mytracks:length>0.005074378262930159</mytracks:length></extensions></trkpt><trkpt lat="33.58938330188881" lon="130.3449159880817"><ele>6.430965889433072</ele><time>2026-01-03T06:17:19.02300Z</time><extensions><mytracks:speed>2.690894824661951</mytracks:speed><mytracks:length>0.003729157111766225</mytracks:length></extensions></trkpt><trkpt lat="33.58934220816121" lon="130.3449003778842"><ele>7.437382243531487</ele><time>2026-01-03T06:17:24.01700Z</time><extensions><mytracks:speed>3.454559897217718</mytracks:speed><mytracks:gradient>0.2100149714984123</mytracks:gradient><mytracks:length>0.004792117185350398</mytracks:length></extensions></trkpt><trkpt lat="33.58930499821497" lon="130.3448778079289"><ele>7.047221424208097</ele><time>2026-01-03T06:17:29.51100Z</time><extensions><mytracks:speed>3.037474722637363</mytracks:speed><mytracks:length>0.004635331978073188</mytracks:length></extensions></trkpt><trkpt lat="33.58924063279839" lon="130.344855044881"><ele>7.813873554267305</ele><time>2026-01-03T06:17:35.50000Z</time><extensions><mytracks:speed>4.48378617484401</mytracks:speed><mytracks:gradient>0.1027666377650716</mytracks:gradient><mytracks:length>0.007460126620195592</mytracks:length></extensions></trkpt><trkpt lat="33.58917790674462" lon="130.3448224983685"><ele>7.735301429069153</ele><time>2026-01-03T06:17:41.49500Z</time><extensions><mytracks:speed>4.562334254444956</mytracks:speed><mytracks:length>0.007597789986129319</mytracks:length></extensions></trkpt><trkpt lat="33.58910979897038" lon="130.3447981832101"><ele>8.356874183656071</ele><time>2026-01-03T06:17:46.99400Z</time><extensions><mytracks:speed>5.173139967943371</mytracks:speed><mytracks:gradient>0.07867251037050702</mytracks:gradient><mytracks:length>0.007900761672147365</mytracks:length></extensions></trkpt><trkpt lat="33.58905055517587" lon="130.3447887619029"><ele>7.945053840411615</ele><time>2026-01-03T06:17:51.99600Z</time><extensions><mytracks:speed>4.782278691495939</mytracks:speed><mytracks:length>0.006644792713748413</mytracks:length></extensions></trkpt><trkpt lat="33.58899427427779" lon="130.3447600601258"><ele>8.420410162282947</ele><time>2026-01-03T06:17:57.00000Z</time><extensions><mytracks:speed>4.891034398817856</mytracks:speed><mytracks:gradient>0.06991577993360316</mytracks:gradient><mytracks:length>0.006798984754554165</mytracks:length></extensions></trkpt><trkpt lat="33.58893858617564" lon="130.3447487352441"><ele>8.251579489870286</ele><time>2026-01-03T06:18:02.00000Z</time><extensions><mytracks:speed>4.52129117392541</mytracks:speed><mytracks:length>0.006280097328890588</mytracks:length></extensions></trkpt><trkpt lat="33.58888339086952" lon="130.3447428904883"><ele>7.795469162554359</ele><time>2026-01-03T06:18:06.99300Z</time><extensions><mytracks:speed>4.443141755116559</mytracks:speed><mytracks:length>0.006161293524022035</mytracks:length></extensions></trkpt><trkpt lat="33.58883422511279" lon="130.34476423386"><ele>7.327356436465046</ele><time>2026-01-03T06:18:11.99100Z</time><extensions><mytracks:speed>4.18733419893583</mytracks:speed><mytracks:length>0.005813575964894954</mytracks:length></extensions></trkpt><trkpt lat="33.58878020957901" lon="130.3447489805675"><ele>7.595363550173835</ele><time>2026-01-03T06:18:17.00600Z</time><extensions><mytracks:speed>4.429079483111479</mytracks:speed><mytracks:gradient>0.04343668256997348</mytracks:gradient><mytracks:length>0.0061700640530512</mytracks:length></extensions></trkpt><trkpt lat="33.58873079252773" lon="130.3447260117635"><ele>8.282678710697505</ele><time>2026-01-03T06:18:22.00200Z</time><extensions><mytracks:speed>4.245367976764826</mytracks:speed><mytracks:gradient>0.1166500868465924</mytracks:gradient><mytracks:length>0.005892110148426759</mytracks:length></extensions></trkpt><trkpt lat="33.58868425731406" lon="130.3447250168889"><ele>7.438649116028304</ele><time>2026-01-03T06:18:27.01900Z</time><extensions><mytracks:speed>3.71408336842894</mytracks:speed><mytracks:length>0.005175497705272991</mytracks:length></extensions></trkpt><trkpt lat="33.58863522229532" lon="130.3447199935648"><ele>6.806284140681794</ele><time>2026-01-03T06:18:32.01200Z</time><extensions><mytracks:speed>3.944648666469878</mytracks:speed><mytracks:length>0.005471766193584044</mytracks:length></extensions></trkpt><trkpt lat="33.5885842258706" lon="130.3447060373048"><ele>6.197229152166913</ele><time>2026-01-03T06:18:37.00800Z</time><extensions><mytracks:speed>4.190137124172145</mytracks:speed><mytracks:length>0.005815126045169106</mytracks:length></extensions></trkpt><trkpt lat="33.58853619098026" lon="130.3446688615238"><ele>6.25140184560167</ele><time>2026-01-03T06:18:41.99300Z</time><extensions><mytracks:speed>4.590673953878574</mytracks:speed><mytracks:gradient>0.008523476833106496</mytracks:gradient><mytracks:length>0.006355703722258267</mytracks:length></extensions></trkpt><trkpt lat="33.58847232558686" lon="130.3446561247128"><ele>6.446637565197112</ele><time>2026-01-03T06:18:47.00100Z</time><extensions><mytracks:speed>5.174843305313943</mytracks:speed><mytracks:gradient>0.02712049658425324</mytracks:gradient><mytracks:length>0.007198825397201626</mytracks:length></extensions></trkpt><trkpt lat="33.58840866259544" lon="130.3446496463402"><ele>7.104591556989615</ele><time>2026-01-03T06:18:52.00300Z</time><extensions><mytracks:speed>5.113604485738851</mytracks:speed><mytracks:gradient>0.09260512493098384</mytracks:gradient><mytracks:length>0.007104941462827874</mytracks:length></extensions></trkpt><trkpt lat="33.5883541882492" lon="130.3446486934079"><ele>7.078861065735005</ele><time>2026-01-03T06:18:57.00900Z</time><extensions><mytracks:speed>4.355243959123336</mytracks:speed><mytracks:length>0.006057288639842965</mytracks:length></extensions></trkpt><trkpt lat="33.58829479205674" lon="130.3446389392066"><ele>6.983862388430346</ele><time>2026-01-03T06:19:02.00400Z</time><extensions><mytracks:speed>4.804228643630703</mytracks:speed><mytracks:length>0.006665783093041712</mytracks:length></extensions></trkpt><trkpt lat="33.58823318399146" lon="130.3446390982579"><ele>7.0498864762903</ele><time>2026-01-03T06:19:07.00800Z</time><extensions><mytracks:speed>4.929024766272444</mytracks:speed><mytracks:gradient>0.009637866434411601</mytracks:gradient><mytracks:length>0.006850487948683058</mytracks:length></extensions></trkpt><trkpt lat="33.58817982614183" lon="130.3446420577014"><ele>6.623033053697593</ele><time>2026-01-03T06:19:11.99900Z</time><extensions><mytracks:speed>4.282894095588699</mytracks:speed><mytracks:length>0.005938580416226356</mytracks:length></extensions></trkpt><trkpt lat="33.58813121405895" lon="130.3446275686477"><ele>5.950439926829194</ele><time>2026-01-03T06:19:16.99900Z</time><extensions><mytracks:speed>4.010480807109553</mytracks:speed><mytracks:length>0.005569717279470891</mytracks:length></extensions></trkpt><trkpt lat="33.58807644306527" lon="130.3446198036757"><ele>6.259341856999399</ele><time>2026-01-03T06:19:22.00800Z</time><extensions><mytracks:speed>4.40836718244089</mytracks:speed><mytracks:gradient>0.05036359023686886</mytracks:gradient><mytracks:length>0.00613343744394282</mytracks:length></extensions></trkpt><trkpt lat="33.5880222666593" lon="130.3446081351377"><ele>6.429198692287306</ele><time>2026-01-03T06:19:27.00500Z</time><extensions><mytracks:speed>4.409930339201424</mytracks:speed><mytracks:gradient>0.02775014764489337</mytracks:gradient><mytracks:length>0.006120934470745593</mytracks:length></extensions></trkpt><trkpt lat="33.58796893133547" lon="130.3446004371881"><ele>6.041685467142553</ele><time>2026-01-03T06:19:31.99400Z</time><extensions><mytracks:speed>4.309925850526359</mytracks:speed><mytracks:length>0.005973384472540033</mytracks:length></extensions></trkpt><trkpt lat="33.58791446950708" lon="130.3445791044251"><ele>6.0785204819433</ele><time>2026-01-03T06:19:37.50500Z</time><extensions><mytracks:speed>4.161196095791921</mytracks:speed><mytracks:gradient>0.005782696316604405</mytracks:gradient><mytracks:length>0.006369868446139647</mytracks:length></extensions></trkpt><trkpt lat="33.58790696370332" lon="130.3445175973877"><ele>5.344679184002679</ele><time>2026-01-03T06:19:42.50300Z</time><extensions><mytracks:speed>4.147826786511298</mytracks:speed><mytracks:length>0.005758277783574854</mytracks:length></extensions></trkpt><trkpt lat="33.58790475173721" lon="130.3444676122156"><ele>6.533691143208624</ele><time>2026-01-03T06:19:47.49700Z</time><extensions><mytracks:speed>3.34179231330637</mytracks:speed><mytracks:gradient>0.2564568557204524</mytracks:gradient><mytracks:length>0.00463630405147762</mytracks:length></extensions></trkpt><trkpt lat="33.58790130862611" lon="130.3444064829734"><ele>5.191286499678492</ele><time>2026-01-03T06:19:53.00300Z</time><extensions><mytracks:speed>3.710146129790636</mytracks:speed><mytracks:length>0.005674717234190868</mytracks:length></extensions></trkpt><trkpt lat="33.58789400375204" lon="130.3443429201428"><ele>5.64608424433291</ele><time>2026-01-03T06:19:58.00600Z</time><extensions><mytracks:speed>4.276437101853123</mytracks:speed><mytracks:gradient>0.07652493207716396</mytracks:gradient><mytracks:length>0.005943131634482495</mytracks:length></extensions></trkpt><trkpt lat="33.58789158534108" lon="130.3442772091016"><ele>5.448100745830113</ele><time>2026-01-03T06:20:02.99400Z</time><extensions><mytracks:speed>4.397624487105634</mytracks:speed><mytracks:length>0.006092893876046554</mytracks:length></extensions></trkpt><trkpt lat="33.58788357202342" lon="130.3442135996001"><ele>5.534367176910767</ele><time>2026-01-03T06:20:07.99700Z</time><extensions><mytracks:speed>4.288075529214443</mytracks:speed><mytracks:gradient>0.01447658092865815</mytracks:gradient><mytracks:length>0.005959033524958923</mytracks:length></extensions></trkpt><trkpt lat="33.58788121260692" lon="130.3441509948423"><ele>4.83098026749304</ele><time>2026-01-03T06:20:12.99800Z</time><extensions><mytracks:speed>4.179591143988219</mytracks:speed><mytracks:length>0.005805819355750344</mytracks:length></extensions></trkpt><trkpt lat="33.58787700461635" lon="130.344084506096"><ele>5.085970766604138</ele><time>2026-01-03T06:20:18.00000Z</time><extensions><mytracks:speed>4.445400196045335</mytracks:speed><mytracks:gradient>0.04128308530416923</mytracks:gradient><mytracks:length>0.006176633777062848</mytracks:length></extensions></trkpt><trkpt lat="33.58786879671733" lon="130.3440240007167"><ele>4.420046369471852</ele><time>2026-01-03T06:20:22.99700Z</time><extensions><mytracks:speed>4.090762873565555</mytracks:speed><mytracks:length>0.005677892789690771</mytracks:length></extensions></trkpt><trkpt lat="33.58786334231065" lon="130.3439665891518"><ele>4.750333846303239</ele><time>2026-01-03T06:20:27.99700Z</time><extensions><mytracks:speed>3.853663547411196</mytracks:speed><mytracks:gradient>0.06170482508195605</mytracks:gradient><mytracks:length>0.005352700966135157</mytracks:length></extensions></trkpt><trkpt lat="33.58785778782702" lon="130.3439072841808"><ele>5.397867477577738</ele><time>2026-01-03T06:20:33.00300Z</time><extensions><mytracks:speed>3.975958196821882</mytracks:speed><mytracks:gradient>0.1171134270830651</mytracks:gradient><mytracks:length>0.005529115212512927</mytracks:length></extensions></trkpt><trkpt lat="33.58785402509037" lon="130.3438441405396"><ele>5.40561363721275</ele><time>2026-01-03T06:20:37.98900Z</time><extensions><mytracks:speed>4.233957221243376</mytracks:speed><mytracks:gradient>0.001321026269196196</mytracks:gradient><mytracks:length>0.005863743829806813</mytracks:length></extensions></trkpt><trkpt lat="33.58784951964665" lon="130.3437791248906"><ele>5.283811797435775</ele><time>2026-01-03T06:20:43.00200Z</time><extensions><mytracks:speed>4.340130142200501</mytracks:speed><mytracks:length>0.006043882599122233</mytracks:length></extensions></trkpt><trkpt lat="33.58784483940548" lon="130.3437137069724"><ele>4.999409161047365</ele><time>2026-01-03T06:20:47.99900Z</time><extensions><mytracks:speed>4.381520676649788</mytracks:speed><mytracks:length>0.00608104862766014</mytracks:length></extensions></trkpt><trkpt lat="33.58784519043598" lon="130.3436456647367"><ele>4.916291254997699</ele><time>2026-01-03T06:20:53.00700Z</time><extensions><mytracks:speed>4.530550483885457</mytracks:speed><mytracks:length>0.00630301746831907</mytracks:length></extensions></trkpt><trkpt lat="33.58783930624891" lon="130.3435744940744"><ele>5.217668997745295</ele><time>2026-01-03T06:20:58.00400Z</time><extensions><mytracks:speed>4.772968382356439</mytracks:speed><mytracks:gradient>0.04548564873546736</mytracks:gradient><mytracks:length>0.006625776505911357</mytracks:length></extensions></trkpt><trkpt lat="33.58783288805594" lon="130.3435153128012"><ele>5.726991300839083</ele><time>2026-01-03T06:21:02.99400Z</time><extensions><mytracks:speed>3.988362224027306</mytracks:speed><mytracks:gradient>0.09213000219920253</mytracks:gradient><mytracks:length>0.005528300129555375</mytracks:length></extensions></trkpt><trkpt lat="33.58782651419198" lon="130.3434404889705"><ele>5.573305241679477</ele><time>2026-01-03T06:21:07.99300Z</time><extensions><mytracks:speed>5.016941639604688</mytracks:speed><mytracks:length>0.0069665951265617</mytracks:length></extensions></trkpt><trkpt lat="33.58782019064788" lon="130.3433706958847"><ele>5.903565037065556</ele><time>2026-01-03T06:21:12.99900Z</time><extensions><mytracks:speed>4.677451302482138</mytracks:speed><mytracks:gradient>0.05078117114080134</mytracks:gradient><mytracks:length>0.006503587608689955</mytracks:length></extensions></trkpt><trkpt lat="33.58781504811901" lon="130.3432977128967"><ele>5.957719447124191</ele><time>2026-01-03T06:21:17.99700Z</time><extensions><mytracks:speed>4.886823357157902</mytracks:speed><mytracks:gradient>0.00798221060917661</mytracks:gradient><mytracks:length>0.006784387522471152</mytracks:length></extensions></trkpt><trkpt lat="33.58781048038824" lon="130.3432297253056"><ele>5.522875226918014</ele><time>2026-01-03T06:21:22.99800Z</time><extensions><mytracks:speed>4.54799684155487</mytracks:speed><mytracks:length>0.006318013622392179</mytracks:length></extensions></trkpt><trkpt lat="33.58780938180659" lon="130.3431634490192"><ele>6.061539983412638</ele><time>2026-01-03T06:21:27.98900Z</time><extensions><mytracks:speed>4.428955182142726</mytracks:speed><mytracks:gradient>0.08771926941237543</mytracks:gradient><mytracks:length>0.00614078024250655</mytracks:length></extensions></trkpt><trkpt lat="33.58781034159279" lon="130.3431008092293"><ele>6.683474429820922</ele><time>2026-01-03T06:21:33.00600Z</time><extensions><mytracks:speed>4.164339736307466</mytracks:speed><mytracks:gradient>0.1071655863534677</mytracks:gradient><mytracks:length>0.005803490351435561</mytracks:length></extensions></trkpt><trkpt lat="33.58780504354648" lon="130.3430315830045"><ele>6.417790257134127</ele><time>2026-01-03T06:21:38.00100Z</time><extensions><mytracks:speed>4.640645443407633</mytracks:speed><mytracks:length>0.006438825178517836</mytracks:length></extensions></trkpt><trkpt lat="33.58780140546239" lon="130.3429638618085"><ele>6.294593783680112</ele><time>2026-01-03T06:21:43.50300Z</time><extensions><mytracks:speed>4.112878377240411</mytracks:speed><mytracks:length>0.006285835198821065</mytracks:length></extensions></trkpt><trkpt lat="33.58779726880008" lon="130.3429015035533"><ele>5.780349048446637</ele><time>2026-01-03T06:21:48.50200Z</time><extensions><mytracks:speed>4.172311316184812</mytracks:speed><mytracks:length>0.005793387180122438</mytracks:length></extensions></trkpt><trkpt lat="33.58779116211117" lon="130.3428382412842"><ele>5.987605233995626</ele><time>2026-01-03T06:21:53.49500Z</time><extensions><mytracks:speed>4.253447865321689</mytracks:speed><mytracks:gradient>0.0351341848805172</mytracks:gradient><mytracks:length>0.005898989438742254</mytracks:length></extensions></trkpt><trkpt lat="33.58778612420913" lon="130.3427643344653"><ele>6.267072044347657</ele><time>2026-01-03T06:21:58.99500Z</time><extensions><mytracks:speed>4.495435481894757</mytracks:speed><mytracks:gradient>0.04068592342567135</mytracks:gradient><mytracks:length>0.006868882080619007</mytracks:length></extensions></trkpt><trkpt lat="33.58778456078269" lon="130.3427006343379"><ele>6.067116780207009</ele><time>2026-01-03T06:22:04.00200Z</time><extensions><mytracks:speed>4.24465436225112</mytracks:speed><mytracks:length>0.005903571178802879</mytracks:length></extensions></trkpt><trkpt lat="33.58778076682615" lon="130.3426365182403"><ele>4.969737999132897</ele><time>2026-01-03T06:22:09.00400Z</time><extensions><mytracks:speed>4.285390947403246</mytracks:speed><mytracks:length>0.005953737613968649</mytracks:length></extensions></trkpt><trkpt lat="33.58777754740127" lon="130.3425644550917"><ele>4.406186755499849</ele><time>2026-01-03T06:22:13.99600Z</time><extensions><mytracks:speed>4.820222593287681</mytracks:speed><mytracks:length>0.006684011328167983</mytracks:length></extensions></trkpt><trkpt lat="33.58777209920467" lon="130.3425033839576"><ele>4.37480055540231</ele><time>2026-01-03T06:22:18.99900Z</time><extensions><mytracks:speed>4.093828985858551</mytracks:speed><mytracks:length>0.00568899327494953</mytracks:length></extensions></trkpt><trkpt lat="33.58776775842457" lon="130.3424347248936"><ele>4.640797646814292</ele><time>2026-01-03T06:22:24.00000Z</time><extensions><mytracks:speed>4.590877840076475</mytracks:speed><mytracks:gradient>0.04170772517853338</mytracks:gradient><mytracks:length>0.006377645634552327</mytracks:length></extensions></trkpt><trkpt lat="33.58776830361491" lon="130.3423725365578"><ele>4.318957310732622</ele><time>2026-01-03T06:22:28.99200Z</time><extensions><mytracks:speed>4.154777494424299</mytracks:speed><mytracks:length>0.005761407282601302</mytracks:length></extensions></trkpt><trkpt lat="33.58776620619411" lon="130.3423060269094"><ele>3.011385306919206</ele><time>2026-01-03T06:22:34.00000Z</time><extensions><mytracks:speed>4.432031946847991</mytracks:speed><mytracks:length>0.006165680348019612</mytracks:length></extensions></trkpt><trkpt lat="33.58776784381082" lon="130.3422365843975"><ele>2.876603044288069</ele><time>2026-01-03T06:22:38.98400Z</time><extensions><mytracks:speed>4.647400632558851</mytracks:speed><mytracks:length>0.006434624574496625</mytracks:length></extensions></trkpt><trkpt lat="33.58777560931046" lon="130.3421700941432"><ele>3.849879936147117</ele><time>2026-01-03T06:22:43.99800Z</time><extensions><mytracks:speed>4.465325412829807</mytracks:speed><mytracks:gradient>0.1565054397341751</mytracks:gradient><mytracks:length>0.006218805515719847</mytracks:length></extensions></trkpt><trkpt lat="33.58778024496863" lon="130.3421024726982"><ele>4.737435296327285</ele><time>2026-01-03T06:22:48.98500Z</time><extensions><mytracks:speed>4.536891667795433</mytracks:speed><mytracks:gradient>0.1412153796727069</mytracks:gradient><mytracks:length>0.006285118251547696</mytracks:length></extensions></trkpt><trkpt lat="33.58778223200279" lon="130.3420426659978"><ele>4.532414738860205</ele><time>2026-01-03T06:22:53.98800Z</time><extensions><mytracks:speed>3.989425129079163</mytracks:speed><mytracks:length>0.005543766213292185</mytracks:length></extensions></trkpt><trkpt lat="33.58777215690297" lon="130.3420033294793"><ele>4.771118977037125</ele><time>2026-01-03T06:22:58.97000Z</time><extensions><mytracks:speed>2.75428765320571</mytracks:speed><mytracks:gradient>0.06262531068048505</mytracks:gradient><mytracks:length>0.003811625612442718</mytracks:length></extensions></trkpt><trkpt lat="33.58776136831669" lon="130.3419070171286"><ele>3.813404886983335</ele><time>2026-01-03T06:23:08.99900Z</time><extensions><mytracks:speed>3.231016876573576</mytracks:speed><mytracks:length>0.009001348237406394</mytracks:length></extensions></trkpt><trkpt lat="33.58775293580428" lon="130.3418604533004"><ele>2.853255679383735</ele><time>2026-01-03T06:23:13.99200Z</time><extensions><mytracks:speed>3.182558991489232</mytracks:speed><mytracks:length>0.004414236145628288</mytracks:length></extensions></trkpt><trkpt lat="33.58774737010934" lon="130.3418102373325"><ele>2.237360315609826</ele><time>2026-01-03T06:23:18.97100Z</time><extensions><mytracks:speed>3.393054617615989</mytracks:speed><mytracks:length>0.004692339766485551</mytracks:length></extensions></trkpt><trkpt lat="33.58773286892808" lon="130.3417412012232"><ele>3.245337123889741</ele><time>2026-01-03T06:23:24.02600Z</time><extensions><mytracks:speed>4.696377804025277</mytracks:speed><mytracks:gradient>0.1528372318628787</mytracks:gradient><mytracks:length>0.006595099871896681</mytracks:length></extensions></trkpt><trkpt lat="33.58771717969322" lon="130.3416548845547"><ele>2.778025793887648</ele><time>2026-01-03T06:23:29.04500Z</time><extensions><mytracks:speed>5.870485991945527</mytracks:speed><mytracks:length>0.008183180386819084</mytracks:length></extensions></trkpt><trkpt lat="33.58772329429421" lon="130.3415390879963"><ele>4.204400084563224</ele><time>2026-01-03T06:23:34.03500Z</time><extensions><mytracks:speed>7.753516603276599</mytracks:speed><mytracks:gradient>0.1327179103913613</mytracks:gradient><mytracks:length>0.01074741371733065</mytracks:length></extensions></trkpt><trkpt lat="33.58777266609235" lon="130.3415030274914"><ele>5.166552965905979</ele><time>2026-01-03T06:23:39.02900Z</time><extensions><mytracks:speed>4.631399431836435</mytracks:speed><mytracks:gradient>0.1497394456737173</mytracks:gradient><mytracks:length>0.006425513845158007</mytracks:length></extensions></trkpt><trkpt lat="33.58784044870831" lon="130.341501407372"><ele>5.908029333609456</ele><time>2026-01-03T06:23:44.01500Z</time><extensions><mytracks:speed>5.442877016756096</mytracks:speed><mytracks:gradient>0.09836193201100137</mytracks:gradient><mytracks:length>0.007538245259563884</mytracks:length></extensions></trkpt><trkpt lat="33.58791370868727" lon="130.3414986667456"><ele>5.836748504300374</ele><time>2026-01-03T06:23:49.47300Z</time><extensions><mytracks:speed>5.375862645061805</mytracks:speed><mytracks:length>0.008150625209517775</mytracks:length></extensions></trkpt><trkpt lat="33.58796656630626" lon="130.3414924238878"><ele>5.119503330431495</ele><time>2026-01-03T06:23:54.47900Z</time><extensions><mytracks:speed>4.24774350163332</mytracks:speed><mytracks:length>0.005905860715898379</mytracks:length></extensions></trkpt><trkpt lat="33.58802548934062" lon="130.3414884695004"><ele>4.86295918808563</ele><time>2026-01-03T06:23:59.48300Z</time><extensions><mytracks:speed>4.720354327299807</mytracks:speed><mytracks:length>0.00656153331859991</mytracks:length></extensions></trkpt><trkpt lat="33.58809762035171" lon="130.3414785335941"><ele>5.20305225488726</ele><time>2026-01-03T06:24:04.97900Z</time><extensions><mytracks:speed>5.288167518732321</mytracks:speed><mytracks:gradient>0.04212800369292868</mytracks:gradient><mytracks:length>0.008072850289336547</mytracks:length></extensions></trkpt><trkpt lat="33.58816746305767" lon="130.3414732604994"><ele>5.227556433556745</ele><time>2026-01-03T06:24:09.98300Z</time><extensions><mytracks:speed>5.59797182931841</mytracks:speed><mytracks:gradient>0.003148909013561876</mytracks:gradient><mytracks:length>0.007781799526105406</mytracks:length></extensions></trkpt><trkpt lat="33.5882313319769" lon="130.3414630470239"><ele>5.421410205913023</ele><time>2026-01-03T06:24:14.98600Z</time><extensions><mytracks:speed>5.154654836218824</mytracks:speed><mytracks:gradient>0.02705824810805254</mytracks:gradient><mytracks:length>0.007164313505521719</mytracks:length></extensions></trkpt><trkpt lat="33.58829048392833" lon="130.3414598672579"><ele>5.783256424667709</ele><time>2026-01-03T06:24:19.98900Z</time><extensions><mytracks:speed>4.737918414032253</mytracks:speed><mytracks:gradient>0.0549570968418514</mytracks:gradient><mytracks:length>0.006584158180625166</mytracks:length></extensions></trkpt><trkpt lat="33.58834946843132" lon="130.3414487093393"><ele>5.649494368754293</ele><time>2026-01-03T06:24:24.99200Z</time><extensions><mytracks:speed>4.778208988468873</mytracks:speed><mytracks:length>0.00663936506921293</mytracks:length></extensions></trkpt><trkpt lat="33.58840973156832" lon="130.3414414001699"><ele>5.776826626495883</ele><time>2026-01-03T06:24:29.99300Z</time><extensions><mytracks:speed>4.847540600786319</mytracks:speed><mytracks:gradient>0.01890589565648103</mytracks:gradient><mytracks:length>0.006735055564423354</mytracks:length></extensions></trkpt><trkpt lat="33.58846707547071" lon="130.3414323295926"><ele>5.682115795011534</ele><time>2026-01-03T06:24:34.99500Z</time><extensions><mytracks:speed>4.629646475692081</mytracks:speed><mytracks:length>0.00643182264770386</mytracks:length></extensions></trkpt><trkpt lat="33.58852252816167" lon="130.3414221281287"><ele>5.315498653857305</ele><time>2026-01-03T06:24:39.99600Z</time><extensions><mytracks:speed>4.490132923630759</mytracks:speed><mytracks:length>0.006237617535818051</mytracks:length></extensions></trkpt><trkpt lat="33.58858523998975" lon="130.3414181975151"><ele>5.113319031236672</ele><time>2026-01-03T06:24:44.99700Z</time><extensions><mytracks:speed>5.026292428607885</mytracks:speed><mytracks:length>0.00698210231353213</mytracks:length></extensions></trkpt><trkpt lat="33.58863818406192" lon="130.3414080143301"><ele>5.531187647086831</ele><time>2026-01-03T06:24:49.99700Z</time><extensions><mytracks:speed>4.292144362039908</mytracks:speed><mytracks:gradient>0.07008798648729632</mytracks:gradient><mytracks:length>0.005962057647723976</mytracks:length></extensions></trkpt><trkpt lat="33.58869374446544" lon="130.3414036902831"><ele>6.067618154045007</ele><time>2026-01-03T06:24:54.99800Z</time><extensions><mytracks:speed>4.457770937759761</mytracks:speed><mytracks:gradient>0.08663372889463716</mytracks:gradient><mytracks:length>0.006191936025408488</mytracks:length></extensions></trkpt><trkpt lat="33.58875193347647" lon="130.3413966322568"><ele>5.730785596101296</ele><time>2026-01-03T06:24:59.99800Z</time><extensions><mytracks:speed>4.681748627027631</mytracks:speed><mytracks:length>0.006502894668769103</mytracks:length></extensions></trkpt><trkpt lat="33.58880976855468" lon="130.3413911121176"><ele>5.91571331041595</ele><time>2026-01-03T06:25:04.99800Z</time><extensions><mytracks:speed>4.644768778445973</mytracks:speed><mytracks:gradient>0.0286646946457121</mytracks:gradient><mytracks:length>0.006451410580168755</mytracks:length></extensions></trkpt><trkpt lat="33.58887005357404" lon="130.3413851870829"><ele>5.700445809827108</ele><time>2026-01-03T06:25:09.99800Z</time><extensions><mytracks:speed>4.842784730982843</mytracks:speed><mytracks:length>0.006726351776072327</mytracks:length></extensions></trkpt><trkpt lat="33.58892388621862" lon="130.3413745499387"><ele>5.77941362989977</ele><time>2026-01-03T06:25:14.99900Z</time><extensions><mytracks:speed>4.367548932765238</mytracks:speed><mytracks:gradient>0.01301765452351103</mytracks:gradient><mytracks:length>0.006066209541053571</mytracks:length></extensions></trkpt><trkpt lat="33.58898110042531" lon="130.3413656740204"><ele>6.100577324224094</ele><time>2026-01-03T06:25:19.99900Z</time><extensions><mytracks:speed>4.618700612913946</mytracks:speed><mytracks:gradient>0.05006460263920157</mytracks:gradient><mytracks:length>0.006414985386758009</mytracks:length></extensions></trkpt><trkpt lat="33.5890440045681" lon="130.3413603739195"><ele>5.716131884654185</ele><time>2026-01-03T06:25:24.99900Z</time><extensions><mytracks:speed>5.048844081996065</mytracks:speed><mytracks:length>0.007012371219796184</mytracks:length></extensions></trkpt><trkpt lat="33.58910614775621" lon="130.3413554651891"><ele>6.45075168088016</ele><time>2026-01-03T06:25:29.99900Z</time><extensions><mytracks:speed>4.986016085774242</mytracks:speed><mytracks:gradient>0.1060811648765151</mytracks:gradient><mytracks:length>0.006925072863605113</mytracks:length></extensions></trkpt><trkpt lat="33.5891697685903" lon="130.3413558044076"><ele>6.308955762871181</ele><time>2026-01-03T06:25:34.99900Z</time><extensions><mytracks:speed>5.094031907502468</mytracks:speed><mytracks:length>0.007075068606212635</mytracks:length></extensions></trkpt><trkpt lat="33.58922944273131" lon="130.341346356257"><ele>6.303700188498224</ele><time>2026-01-03T06:25:39.99900Z</time><extensions><mytracks:speed>4.818793610121181</mytracks:speed><mytracks:length>0.006692770179490446</mytracks:length></extensions></trkpt><trkpt lat="33.58928428955057" lon="130.3413366219913"><ele>6.659183094212852</ele><time>2026-01-03T06:25:44.99900Z</time><extensions><mytracks:speed>4.438773535661278</mytracks:speed><mytracks:gradient>0.05766193379156635</mytracks:gradient><mytracks:length>0.006164949427461294</mytracks:length></extensions></trkpt><trkpt lat="33.58933454403387" lon="130.3413224883484"><ele>6.435661519440601</ele><time>2026-01-03T06:25:49.99900Z</time><extensions><mytracks:speed>4.13243132002038</mytracks:speed><mytracks:length>0.005739464955343334</mytracks:length></extensions></trkpt><trkpt lat="33.58938746024003" lon="130.3413084236941"><ele>5.656974238959648</ele><time>2026-01-03T06:25:55.50000Z</time><extensions><mytracks:speed>3.94460075459208</mytracks:speed><mytracks:length>0.006027456945874838</mytracks:length></extensions></trkpt><trkpt lat="33.58943476529443" lon="130.3412993320244"><ele>5.411728146912148</ele><time>2026-01-03T06:26:00.50000Z</time><extensions><mytracks:speed>3.835484159470503</mytracks:speed><mytracks:length>0.005327384565513118</mytracks:length></extensions></trkpt><trkpt lat="33.58949060838727" lon="130.3412930322854"><ele>5.367081418467306</ele><time>2026-01-03T06:26:06.00000Z</time><extensions><mytracks:speed>4.082326259230316</mytracks:speed><mytracks:length>0.006236895045801634</mytracks:length></extensions></trkpt><trkpt lat="33.58954229146415" lon="130.3412878976613"><ele>4.988157704797155</ele><time>2026-01-03T06:26:11.00000Z</time><extensions><mytracks:speed>4.152751103582299</mytracks:speed><mytracks:length>0.005767661186513167</mytracks:length></extensions></trkpt><trkpt lat="33.58959830695463" lon="130.3412767129036"><ele>5.126646529374199</ele><time>2026-01-03T06:26:16.00000Z</time><extensions><mytracks:speed>4.545931722307634</mytracks:speed><mytracks:gradient>0.02193454053905773</mytracks:gradient><mytracks:length>0.006313732641467626</mytracks:length></extensions></trkpt><trkpt lat="33.5896472523515" lon="130.3412325868375"><ele>5.132791633421519</ele><time>2026-01-03T06:26:21.00000Z</time><extensions><mytracks:speed>4.900563594775369</mytracks:speed><mytracks:gradient>0.0009028590659772441</mytracks:gradient><mytracks:length>0.006806271630743135</mytracks:length></extensions></trkpt><trkpt lat="33.58969764080256" lon="130.3412177346948"><ele>5.337554903322121</ele><time>2026-01-03T06:26:26.00000Z</time><extensions><mytracks:speed>4.153882787633624</mytracks:speed><mytracks:gradient>0.03549234420141623</mytracks:gradient><mytracks:length>0.005769223603225158</mytracks:length></extensions></trkpt><trkpt lat="33.58975282964106" lon="130.3412170282832"><ele>5.916348572975942</ele><time>2026-01-03T06:26:31.00000Z</time><extensions><mytracks:speed>4.418763300093516</mytracks:speed><mytracks:gradient>0.09431046130523359</mytracks:gradient><mytracks:length>0.006137109941394184</mytracks:length></extensions></trkpt><trkpt lat="33.58980784735402" lon="130.3412135177497"><ele>6.094011339663238</ele><time>2026-01-03T06:26:36.00000Z</time><extensions><mytracks:speed>4.410826396652479</mytracks:speed><mytracks:gradient>0.02900102466812524</mytracks:gradient><mytracks:length>0.006126085844220672</mytracks:length></extensions></trkpt><trkpt lat="33.5898596951876" lon="130.3412073565946"><ele>6.311081835789537</ele><time>2026-01-03T06:26:41.00000Z</time><extensions><mytracks:speed>4.171281135853409</mytracks:speed><mytracks:gradient>0.0374686671850769</mytracks:gradient><mytracks:length>0.005793387180122438</mytracks:length></extensions></trkpt><trkpt lat="33.58991440467884" lon="130.3412076069625"><ele>6.385058033534106</ele><time>2026-01-03T06:26:46.00000Z</time><extensions><mytracks:speed>4.3800003935986</mytracks:speed><mytracks:gradient>0.01216059472968337</mytracks:gradient><mytracks:length>0.006083271368627819</mytracks:length></extensions></trkpt><trkpt lat="33.58996675679762" lon="130.3412045945861"><ele>6.464163354025281</ele><time>2026-01-03T06:26:51.00000Z</time><extensions><mytracks:speed>4.195295232493402</mytracks:speed><mytracks:gradient>0.01357626062152002</mytracks:gradient><mytracks:length>0.005826738503073783</mytracks:length></extensions></trkpt><trkpt lat="33.59001364394783" lon="130.3411937290336"><ele>6.04370272794764</ele><time>2026-01-03T06:26:55.99900Z</time><extensions><mytracks:speed>3.822334224590246</mytracks:speed><mytracks:length>0.00530874247550865</mytracks:length></extensions></trkpt><trkpt lat="33.59005654134172" lon="130.341185258723"><ele>4.949155575495821</ele><time>2026-01-03T06:27:00.99900Z</time><extensions><mytracks:speed>3.480023491510581</mytracks:speed><mytracks:length>0.004833316293532421</mytracks:length></extensions></trkpt><trkpt lat="33.59009901794763" lon="130.3411767138638"><ele>4.702568958963195</ele><time>2026-01-03T06:27:05.99900Z</time><extensions><mytracks:speed>3.447651133932063</mytracks:speed><mytracks:length>0.004788354234487152</mytracks:length></extensions></trkpt><trkpt lat="33.59014564711589" lon="130.3411699856856"><ele>5.771331790446625</ele><time>2026-01-03T06:27:10.99900Z</time><extensions><mytracks:speed>3.760098318842934</mytracks:speed><mytracks:gradient>0.2046534933219457</mytracks:gradient><mytracks:length>0.005222304364979153</mytracks:length></extensions></trkpt><trkpt lat="33.59019556713476" lon="130.3411646268797"><ele>6.138514601936567</ele><time>2026-01-03T06:27:15.99900Z</time><extensions><mytracks:speed>4.012567725962203</mytracks:speed><mytracks:gradient>0.06588658355852113</mytracks:gradient><mytracks:length>0.005572952665906664</mytracks:length></extensions></trkpt><trkpt lat="33.59024480206752" lon="130.3411667256675"><ele>6.73422521783009</ele><time>2026-01-03T06:27:20.99900Z</time><extensions><mytracks:speed>3.943861427641655</mytracks:speed><mytracks:gradient>0.1087553734758612</mytracks:gradient><mytracks:length>0.005477528115203835</mytracks:length></extensions></trkpt><trkpt lat="33.59029673447564" lon="130.3411639439119"><ele>6.93360599805152</ele><time>2026-01-03T06:27:25.99900Z</time><extensions><mytracks:speed>4.161750520384081</mytracks:speed><mytracks:gradient>0.03449405728907736</mytracks:gradient><mytracks:length>0.005780148694904725</mytracks:length></extensions></trkpt><trkpt lat="33.59034706180828" lon="130.3411606592756"><ele>6.667297154271886</ele><time>2026-01-03T06:27:30.99900Z</time><extensions><mytracks:speed>4.035209995869326</mytracks:speed><mytracks:length>0.005604399801730075</mytracks:length></extensions></trkpt><trkpt lat="33.59039290894902" lon="130.3411554299439"><ele>6.041379873021365</ele><time>2026-01-03T06:27:35.99900Z</time><extensions><mytracks:speed>3.686689820243815</mytracks:speed><mytracks:length>0.005120349179195949</mytracks:length></extensions></trkpt><trkpt lat="33.59044088481162" lon="130.3411486741186"><ele>5.834477361659013</ele><time>2026-01-03T06:27:40.99900Z</time><extensions><mytracks:speed>3.867901935498916</mytracks:speed><mytracks:length>0.005372029409940142</mytracks:length></extensions></trkpt><trkpt lat="33.59048863936526" lon="130.341143444242"><ele>5.428740902259326</ele><time>2026-01-03T06:27:45.99900Z</time><extensions><mytracks:speed>3.839409557410205</mytracks:speed><mytracks:length>0.005332457461027398</mytracks:length></extensions></trkpt><trkpt lat="33.59053445744751" lon="130.34113807508"><ele>5.269591127390079</ele><time>2026-01-03T06:27:50.99900Z</time><extensions><mytracks:speed>3.685422350976335</mytracks:speed><mytracks:length>0.005118588701516547</mytracks:length></extensions></trkpt><trkpt lat="33.59057834140994" lon="130.341127259626"><ele>4.71580320854433</ele><time>2026-01-03T06:27:55.99900Z</time><extensions><mytracks:speed>3.586475561770865</mytracks:speed><mytracks:length>0.004981163802979083</mytracks:length></extensions></trkpt><trkpt lat="33.59063189118585" lon="130.3411205733322"><ele>5.044803989248511</ele><time>2026-01-03T06:28:01.50000Z</time><extensions><mytracks:speed>3.917698787006143</mytracks:speed><mytracks:gradient>0.05495991126062145</mytracks:gradient><mytracks:length>0.005986195631649587</mytracks:length></extensions></trkpt><trkpt lat="33.59067980849046" lon="130.3411201027287"><ele>5.15128754467697</ele><time>2026-01-03T06:28:06.50000Z</time><extensions><mytracks:speed>3.835503910508536</mytracks:speed><mytracks:gradient>0.0199879610940389</mytracks:gradient><mytracks:length>0.005327384565513118</mytracks:length></extensions></trkpt><trkpt lat="33.59073050522633" lon="130.3411180725728"><ele>5.668249698192501</ele><time>2026-01-03T06:28:11.50000Z</time><extensions><mytracks:speed>4.060549616892909</mytracks:speed><mytracks:gradient>0.09166535038136214</mytracks:gradient><mytracks:length>0.005639668111939521</mytracks:length></extensions></trkpt><trkpt lat="33.59077430573163" lon="130.3411088049344"><ele>5.224714136257328</ele><time>2026-01-03T06:28:17.00000Z</time><extensions><mytracks:speed>3.237230178144696</mytracks:speed><mytracks:length>0.004945755464124075</mytracks:length></extensions></trkpt><trkpt lat="33.59082089279589" lon="130.3410996439254"><ele>5.58209515176878</ele><time>2026-01-03T06:28:22.00000Z</time><extensions><mytracks:speed>3.778685987998043</mytracks:speed><mytracks:gradient>0.06809685985561958</mytracks:gradient><mytracks:length>0.005248127685611048</mytracks:length></extensions></trkpt><trkpt lat="33.5908740100978" lon="130.3410990586434"><ele>5.799366117776283</ele><time>2026-01-03T06:28:27.00000Z</time><extensions><mytracks:speed>4.252808809140207</mytracks:speed><mytracks:gradient>0.03678429118340601</mytracks:gradient><mytracks:length>0.005906623697713577</mytracks:length></extensions></trkpt><trkpt lat="33.59093331522515" lon="130.3410959363452"><ele>5.694608366851935</ele><time>2026-01-03T06:28:32.00000Z</time><extensions><mytracks:speed>4.752451115674238</mytracks:speed><mytracks:length>0.006600563915809828</mytracks:length></extensions></trkpt><trkpt lat="33.59098729130913" lon="130.341096888028"><ele>5.706793851881936</ele><time>2026-01-03T06:28:37.00000Z</time><extensions><mytracks:speed>4.322010866485669</mytracks:speed><mytracks:gradient>0.002029989108388251</mytracks:gradient><mytracks:length>0.006002734191847769</mytracks:length></extensions></trkpt><trkpt lat="33.59103351209142" lon="130.3410888789278"><ele>5.974287829402718</ele><time>2026-01-03T06:28:42.00000Z</time><extensions><mytracks:speed>3.738287576999678</mytracks:speed><mytracks:gradient>0.05152026452962805</mytracks:gradient><mytracks:length>0.005192014830726508</mytracks:length></extensions></trkpt><trkpt lat="33.59107681632862" lon="130.3410858849438"><ele>6.154432170935603</ele><time>2026-01-03T06:28:47.00000Z</time><extensions><mytracks:speed>3.471957211848629</mytracks:speed><mytracks:gradient>0.03735795153595284</mytracks:gradient><mytracks:length>0.004822115081966341</mytracks:length></extensions></trkpt><trkpt lat="33.59112305579208" lon="130.3410793878267"><ele>6.10490130710938</ele><time>2026-01-03T06:28:52.00000Z</time><extensions><mytracks:speed>3.726395751203919</mytracks:speed><mytracks:length>0.005175497705272991</mytracks:length></extensions></trkpt><trkpt lat="33.59117204977096" lon="130.3410734996759"><ele>5.40786845779559</ele><time>2026-01-03T06:28:57.00000Z</time><extensions><mytracks:speed>3.942082569487045</mytracks:speed><mytracks:length>0.005475059462731779</mytracks:length></extensions></trkpt><trkpt lat="33.59124151311406" lon="130.34107906624"><ele>6.213443238616219</ele><time>2026-01-03T06:29:01.99900Z</time><extensions><mytracks:speed>5.573690027759203</mytracks:speed><mytracks:gradient>0.1040638711529663</mytracks:gradient><mytracks:length>0.007741157155651963</mytracks:length></extensions></trkpt><trkpt lat="33.59130106837521" lon="130.341074093423"><ele>7.054361947441783</ele><time>2026-01-03T06:29:06.99900Z</time><extensions><mytracks:speed>4.77990257092262</mytracks:speed><mytracks:gradient>0.1266694449199622</mytracks:gradient><mytracks:length>0.006638686301632645</mytracks:length></extensions></trkpt><trkpt lat="33.59136247765073" lon="130.34106046204"><ele>6.554393674426401</ele><time>2026-01-03T06:29:11.99900Z</time><extensions><mytracks:speed>4.999205225428551</mytracks:speed><mytracks:length>0.006943269407752878</mytracks:length></extensions></trkpt><trkpt lat="33.59142449733267" lon="130.3410558466036"><ele>6.573663386339949</ele><time>2026-01-03T06:29:16.99900Z</time><extensions><mytracks:speed>4.9753149915114</mytracks:speed><mytracks:gradient>0.002788634057608805</mytracks:gradient><mytracks:length>0.006910089855989017</mytracks:length></extensions></trkpt><trkpt lat="33.59148465665758" lon="130.3410618861651"><ele>6.609658654920285</ele><time>2026-01-03T06:29:21.99900Z</time><extensions><mytracks:speed>4.83336596043147</mytracks:speed><mytracks:gradient>0.005362072706170839</mytracks:gradient><mytracks:length>0.006712939296572957</mytracks:length></extensions></trkpt><trkpt lat="33.59154532183011" lon="130.3410504505775"><ele>6.458400986261598</ele><time>2026-01-03T06:29:26.99900Z</time><extensions><mytracks:speed>4.916746727891518</mytracks:speed><mytracks:length>0.006828745542093017</mytracks:length></extensions></trkpt><trkpt lat="33.59159854644356" lon="130.3410477410961"><ele>6.095430306327771</ele><time>2026-01-03T06:29:31.99900Z</time><extensions><mytracks:speed>4.264332310905193</mytracks:speed><mytracks:length>0.005922623610629786</mytracks:length></extensions></trkpt><trkpt lat="33.59165749312321" lon="130.3410410696151"><ele>6.200040124734175</ele><time>2026-01-03T06:29:36.99900Z</time><extensions><mytracks:speed>4.739657034086515</mytracks:speed><mytracks:gradient>0.01589141249702805</mytracks:gradient><mytracks:length>0.006582789190449098</mytracks:length></extensions></trkpt><trkpt lat="33.5917183079645" lon="130.3410365887658"><ele>6.701647238477817</ele><time>2026-01-03T06:29:41.99900Z</time><extensions><mytracks:speed>4.877629309352278</mytracks:speed><mytracks:gradient>0.07404432385779951</mytracks:gradient><mytracks:length>0.006774416830478017</mytracks:length></extensions></trkpt><trkpt lat="33.59177932282856" lon="130.3410290118168"><ele>6.715063027644247</ele><time>2026-01-03T06:29:46.99900Z</time><extensions><mytracks:speed>4.911042325850931</mytracks:speed><mytracks:gradient>0.001966887438158012</mytracks:gradient><mytracks:length>0.006820822028836151</mytracks:length></extensions></trkpt><trkpt lat="33.59183621871171" lon="130.3410197230484"><ele>6.297248955891024</ele><time>2026-01-03T06:29:51.99900Z</time><extensions><mytracks:speed>4.596528267985934</mytracks:speed><mytracks:length>0.006384001741629103</mytracks:length></extensions></trkpt><trkpt lat="33.59189309048445" lon="130.3410162393684"><ele>6.54569256733828</ele><time>2026-01-03T06:29:56.99900Z</time><extensions><mytracks:speed>4.55876310604971</mytracks:speed><mytracks:gradient>0.03923898153429879</mytracks:gradient><mytracks:length>0.006331550966227087</mytracks:length></extensions></trkpt><trkpt lat="33.59195309482144" lon="130.3410076401612"><ele>6.383648185950783</ele><time>2026-01-03T06:30:01.99900Z</time><extensions><mytracks:speed>4.838197027475379</mytracks:speed><mytracks:length>0.006719648882752162</mytracks:length></extensions></trkpt><trkpt lat="33.5920134970542" lon="130.3410043795701"><ele>6.772650409550732</ele><time>2026-01-03T06:30:07.50000Z</time><extensions><mytracks:speed>4.399898276103</mytracks:speed><mytracks:gradient>0.05786139464596876</mytracks:gradient><mytracks:length>0.006723001164767999</mytracks:length></extensions></trkpt><trkpt lat="33.59206531866387" lon="130.3409915573528"><ele>7.050067545294532</ele><time>2026-01-03T06:30:12.50000Z</time><extensions><mytracks:speed>4.236019521571012</mytracks:speed><mytracks:gradient>0.04715018618953683</mytracks:gradient><mytracks:length>0.005883691203861292</mytracks:length></extensions></trkpt><trkpt lat="33.59212519613033" lon="130.3409911439067"><ele>6.857504351112393</ele><time>2026-01-03T06:30:17.50000Z</time><extensions><mytracks:speed>4.793991604155422</mytracks:speed><mytracks:length>0.006658342468263546</mytracks:length></extensions></trkpt><trkpt lat="33.59218449203099" lon="130.3409677692648"><ele>6.536658098374751</ele><time>2026-01-03T06:30:23.00000Z</time><extensions><mytracks:speed>4.542145071327981</mytracks:speed><mytracks:length>0.006939374165141811</mytracks:length></extensions></trkpt><trkpt lat="33.59223604276421" lon="130.3409720376656"><ele>7.118959734076503</ele><time>2026-01-03T06:30:28.00000Z</time><extensions><mytracks:speed>4.136402982630218</mytracks:speed><mytracks:gradient>0.1013587211190559</mytracks:gradient><mytracks:length>0.005744958394036768</mytracks:length></extensions></trkpt><trkpt lat="33.59227772725311" lon="130.3409447236235"><ele>5.773457800218733</ele><time>2026-01-03T06:30:33.00000Z</time><extensions><mytracks:speed>3.802104733196982</mytracks:speed><mytracks:length>0.005280655945512184</mytracks:length></extensions></trkpt><trkpt lat="33.59231487168142" lon="130.3409284155202"><ele>4.960308828751515</ele><time>2026-01-03T06:30:38.00000Z</time><extensions><mytracks:speed>3.16649578715634</mytracks:speed><mytracks:length>0.004397871914525589</mytracks:length></extensions></trkpt><trkpt lat="33.59231980097253" lon="130.3409218843311"><ele>4.689123708971839</ele><time>2026-01-03T06:30:43.00000Z</time><extensions><mytracks:speed>0.5840171766336903</mytracks:speed><mytracks:length>0.0008111275413843697</mytracks:length></extensions></trkpt><trkpt lat="33.59234465257742" lon="130.3409155463669"><ele>5.082396749869114</ele><time>2026-01-03T06:30:48.00000Z</time><extensions><mytracks:speed>2.032312307022187</mytracks:speed><mytracks:gradient>0.1393286169062893</mytracks:gradient><mytracks:length>0.00282262933221957</mytracks:length></extensions></trkpt><trkpt lat="33.59239151397517" lon="130.3409108066952"><ele>5.121645297785889</ele><time>2026-01-03T06:30:53.00000Z</time><extensions><mytracks:speed>3.764441395506047</mytracks:speed><mytracks:gradient>0.007506883408321123</mytracks:gradient><mytracks:length>0.005228341214580356</mytracks:length></extensions></trkpt><trkpt lat="33.59244345806233" lon="130.3409032489674"><ele>5.185993468639669</ele><time>2026-01-03T06:30:58.83300Z</time><extensions><mytracks:speed>3.590711323898389</mytracks:speed><mytracks:gradient>0.0110597598444303</mytracks:gradient><mytracks:length>0.00581822496680935</mytracks:length></extensions></trkpt><trkpt lat="33.59258998701238" lon="130.3408796389937"><ele>4.797980488277972</ele><time>2026-01-03T06:31:13.99900Z</time><extensions><mytracks:speed>3.902146577674233</mytracks:speed><mytracks:length>0.01643943873876985</mytracks:length></extensions></trkpt><trkpt lat="33.59264173584237" lon="130.340876701823"><ele>4.743987268207979</ele><time>2026-01-03T06:31:18.99900Z</time><extensions><mytracks:speed>4.147128205581314</mytracks:speed><mytracks:length>0.00575984274563217</mytracks:length></extensions></trkpt><trkpt lat="33.59269268502052" lon="130.3408691377729"><ele>4.853011009297489</ele><time>2026-01-03T06:31:23.99900Z</time><extensions><mytracks:speed>4.109780634982999</mytracks:speed><mytracks:gradient>0.01910025704540268</mytracks:gradient><mytracks:length>0.005707972454525202</mytracks:length></extensions></trkpt><trkpt lat="33.59274785468747" lon="130.340872040322"><ele>4.695301952820164</ele><time>2026-01-03T06:31:28.99900Z</time><extensions><mytracks:speed>4.421933860705033</mytracks:speed><mytracks:length>0.006141514039514906</mytracks:length></extensions></trkpt><trkpt lat="33.59280884808429" lon="130.3408666312282"><ele>4.922319037419041</ele><time>2026-01-03T06:31:33.99900Z</time><extensions><mytracks:speed>4.897226082031006</mytracks:speed><mytracks:gradient>0.03337683810060084</mytracks:gradient><mytracks:length>0.006801635430972432</mytracks:length></extensions></trkpt><trkpt lat="33.59287062827339" lon="130.3408571788428"><ele>5.007718060114734</ele><time>2026-01-03T06:31:38.99900Z</time><extensions><mytracks:speed>4.986102271653332</mytracks:speed><mytracks:gradient>0.01233185908331878</mytracks:gradient><mytracks:length>0.006925072863605113</mytracks:length></extensions></trkpt><trkpt lat="33.5929278876425" lon="130.3408541855527"><ele>5.238950215119321</ele><time>2026-01-03T06:31:43.99900Z</time><extensions><mytracks:speed>4.588388118021083</mytracks:speed><mytracks:gradient>0.03628481516834378</mytracks:gradient><mytracks:length>0.006372697612810848</mytracks:length></extensions></trkpt><trkpt lat="33.59298267333956" lon="130.3408508058361"><ele>5.225786675498913</ele><time>2026-01-03T06:31:48.99900Z</time><extensions><mytracks:speed>4.391717195943562</mytracks:speed><mytracks:length>0.006099546719385357</mytracks:length></extensions></trkpt><trkpt lat="33.59303963043752" lon="130.3408377994652"><ele>4.999046617253055</ele><time>2026-01-03T06:31:53.99900Z</time><extensions><mytracks:speed>4.6420435702056</mytracks:speed><mytracks:length>0.006447218176013125</mytracks:length></extensions></trkpt><trkpt lat="33.59310353482885" lon="130.340836099308"><ele>4.635485791702481</ele><time>2026-01-03T06:31:58.99900Z</time><extensions><mytracks:speed>5.118347872836113</mytracks:speed><mytracks:length>0.007108745983294809</mytracks:length></extensions></trkpt><trkpt lat="33.59315178451902" lon="130.3408401349205"><ele>4.852166497120996</ele><time>2026-01-03T06:32:03.99900Z</time><extensions><mytracks:speed>3.872728839732468</mytracks:speed><mytracks:gradient>0.04028468821667971</mytracks:gradient><mytracks:length>0.005378736065997381</mytracks:length></extensions></trkpt><trkpt lat="33.5932074000718" lon="130.3408319615928"><ele>5.226823300693682</ele><time>2026-01-03T06:32:08.99900Z</time><extensions><mytracks:speed>4.486445002702931</mytracks:speed><mytracks:gradient>0.06012679550065854</mytracks:gradient><mytracks:length>0.006231112109884222</mytracks:length></extensions></trkpt><trkpt lat="33.59326188668439" lon="130.3408241328412"><ele>5.561584554190773</ele><time>2026-01-03T06:32:14.50000Z</time><extensions><mytracks:speed>3.993141493035389</mytracks:speed><mytracks:gradient>0.05486304019912299</mytracks:gradient><mytracks:length>0.00610176272189966</mytracks:length></extensions></trkpt><trkpt lat="33.5933263507927" lon="130.3408259002007"><ele>6.072354721119</ele><time>2026-01-03T06:32:20.50000Z</time><extensions><mytracks:speed>4.301605732444017</mytracks:speed><mytracks:gradient>0.07124364311503056</mytracks:gradient><mytracks:length>0.007169343742058966</mytracks:length></extensions></trkpt><trkpt lat="33.59338705019578" lon="130.3408219172634"><ele>6.235196098542745</ele><time>2026-01-03T06:32:26.00000Z</time><extensions><mytracks:speed>4.424135986749044</mytracks:speed><mytracks:gradient>0.0240921691600845</mytracks:gradient><mytracks:length>0.006759099869410587</mytracks:length></extensions></trkpt><trkpt lat="33.59343722826349" lon="130.3408249044852"><ele>6.473341002628522</ele><time>2026-01-03T06:32:31.00000Z</time><extensions><mytracks:speed>4.023013076807031</mytracks:speed><mytracks:gradient>0.04262109795000796</mytracks:gradient><mytracks:length>0.005587488721316072</mytracks:length></extensions></trkpt><trkpt lat="33.59348924811371" lon="130.3408136517782"><ele>6.430676907537183</ele><time>2026-01-03T06:32:36.00000Z</time><extensions><mytracks:speed>4.231875630786543</mytracks:speed><mytracks:length>0.005877560760723414</mytracks:length></extensions></trkpt><trkpt lat="33.59353899392473" lon="130.340811431645"><ele>6.490610345276943</ele><time>2026-01-03T06:32:41.00000Z</time><extensions><mytracks:speed>3.985687314034017</mytracks:speed><mytracks:gradient>0.01082684733214396</mytracks:gradient><mytracks:length>0.005535631555625882</mytracks:length></extensions></trkpt><trkpt lat="33.5935871289239" lon="130.3408078312925"><ele>6.457936297988218</ele><time>2026-01-03T06:32:46.00000Z</time><extensions><mytracks:speed>3.861244590531565</mytracks:speed><mytracks:length>0.005362794063029363</mytracks:length></extensions></trkpt><trkpt lat="33.59363639918787" lon="130.3408104102848"><ele>6.351893181852319</ele><time>2026-01-03T06:32:51.00000Z</time><extensions><mytracks:speed>3.948591258947582</mytracks:speed><mytracks:length>0.005484105755658587</mytracks:length></extensions></trkpt><trkpt lat="33.59368987516919" lon="130.3408199256129"><ele>6.531437863142237</ele><time>2026-01-03T06:32:56.00000Z</time><extensions><mytracks:speed>4.3279496309266</mytracks:speed><mytracks:gradient>0.02986942060822421</mytracks:gradient><mytracks:length>0.006010986407968091</mytracks:length></extensions></trkpt><trkpt lat="33.59374289443044" lon="130.3408148794021"><ele>6.476588431448846</ele><time>2026-01-03T06:33:01.00000Z</time><extensions><mytracks:speed>4.258297619463952</mytracks:speed><mytracks:length>0.005914248102201205</mytracks:length></extensions></trkpt><trkpt lat="33.59379197552401" lon="130.3408097114769"><ele>6.492125844152105</ele><time>2026-01-03T06:33:06.00000Z</time><extensions><mytracks:speed>3.945041903796616</mytracks:speed><mytracks:gradient>0.002835722097129621</mytracks:gradient><mytracks:length>0.005479173265598403</mytracks:length></extensions></trkpt><trkpt lat="33.59384074100429" lon="130.3407977501219"><ele>6.730923127369829</ele><time>2026-01-03T06:33:11.00000Z</time><extensions><mytracks:speed>3.985106651203653</mytracks:speed><mytracks:gradient>0.04314456368955417</mytracks:gradient><mytracks:length>0.005534817432295408</mytracks:length></extensions></trkpt><trkpt lat="33.59388625561844" lon="130.3407806292251"><ele>6.414418901360457</ele><time>2026-01-03T06:33:15.99900Z</time><extensions><mytracks:speed>3.818661728108432</mytracks:speed><mytracks:length>0.00530364689685035</mytracks:length></extensions></trkpt><trkpt lat="33.59392547800273" lon="130.3407588660787"><ele>5.580815197206267</ele><time>2026-01-03T06:33:21.01700Z</time><extensions><mytracks:speed>3.446637091943682</mytracks:speed><mytracks:length>0.004803388350709253</mytracks:length></extensions></trkpt><trkpt lat="33.5940047868397" lon="130.3407442547959"><ele>5.814096934366632</ele><time>2026-01-03T06:33:28.42800Z</time><extensions><mytracks:speed>4.333544395272128</mytracks:speed><mytracks:gradient>0.0261470978812859</mytracks:gradient><mytracks:length>0.008921897880197661</mytracks:length></extensions></trkpt><trkpt lat="33.59424537282943" lon="130.3407027722999"><ele>6.434097306802869</ele><time>2026-01-03T06:33:50.99900Z</time><extensions><mytracks:speed>4.310647207990038</mytracks:speed><mytracks:gradient>0.02294054855879302</mytracks:gradient><mytracks:length>0.02702639698642223</mytracks:length></extensions></trkpt><trkpt lat="33.59429817570814" lon="130.3407081276681"><ele>6.754285424179257</ele><time>2026-01-03T06:33:56.00300Z</time><extensions><mytracks:speed>4.239613432862307</mytracks:speed><mytracks:gradient>0.05433478942517052</mytracks:gradient><mytracks:length>0.005892874910601233</mytracks:length></extensions></trkpt><trkpt lat="33.59435418580262" lon="130.340710192144"><ele>7.400759749264416</ele><time>2026-01-03T06:34:01.01800Z</time><extensions><mytracks:speed>4.473361718836781</mytracks:speed><mytracks:gradient>0.1037494292647497</mytracks:gradient><mytracks:length>0.006231112109884222</mytracks:length></extensions></trkpt><trkpt lat="33.59440877585468" lon="130.3407120857587"><ele>7.621683087048464</ele><time>2026-01-03T06:34:06.00100Z</time><extensions><mytracks:speed>4.387363399747755</mytracks:speed><mytracks:gradient>0.03637860704801636</mytracks:gradient><mytracks:length>0.00607289161711029</mytracks:length></extensions></trkpt><trkpt lat="33.59445947271453" lon="130.3407114242605"><ele>7.491344120620345</ele><time>2026-01-03T06:34:10.98700Z</time><extensions><mytracks:speed>4.070275468492813</mytracks:speed><mytracks:length>0.005638069793043333</mytracks:length></extensions></trkpt><trkpt lat="33.59450199142076" lon="130.3407036555129"><ele>7.060173173142463</ele><time>2026-01-03T06:34:15.95300Z</time><extensions><mytracks:speed>3.466776715650133</mytracks:speed><mytracks:length>0.00478176194507127</mytracks:length></extensions></trkpt><trkpt lat="33.59454829628191" lon="130.3406992853947"><ele>6.647161662098816</ele><time>2026-01-03T06:34:20.96200Z</time><extensions><mytracks:speed>3.711796083614082</mytracks:speed><mytracks:length>0.005165038622090571</mytracks:length></extensions></trkpt><trkpt lat="33.59459614755589" lon="130.340693144919"><ele>6.346683603805104</ele><time>2026-01-03T06:34:26.48100Z</time><extensions><mytracks:speed>3.490393296715962</mytracks:speed><mytracks:length>0.005351016932440455</mytracks:length></extensions></trkpt><trkpt lat="33.59464541421654" lon="130.3406839958779"><ele>6.199198892087174</ele><time>2026-01-03T06:34:31.48500Z</time><extensions><mytracks:speed>3.987950926508293</mytracks:speed><mytracks:length>0.005542953284742717</mytracks:length></extensions></trkpt><trkpt lat="33.59470209480961" lon="130.3406700940514"><ele>6.24111345011196</ele><time>2026-01-03T06:34:36.98100Z</time><extensions><mytracks:speed>4.212694662894493</mytracks:speed><mytracks:gradient>0.006516746546136355</mytracks:gradient><mytracks:length>0.00643182264770386</mytracks:length></extensions></trkpt><trkpt lat="33.59475526971194" lon="130.3406621186133"><ele>6.355057314596166</ele><time>2026-01-03T06:34:41.98500Z</time><extensions><mytracks:speed>4.286663097284893</mytracks:speed><mytracks:gradient>0.01912362577610586</mytracks:gradient><mytracks:length>0.005958277254440621</mytracks:length></extensions></trkpt><trkpt lat="33.5948104176361" lon="130.3406620284466"><ele>6.481545049165395</ele><time>2026-01-03T06:34:46.98800Z</time><extensions><mytracks:speed>4.412302005653296</mytracks:speed><mytracks:gradient>0.02062759265775902</mytracks:gradient><mytracks:length>0.006131967829103481</mytracks:length></extensions></trkpt><trkpt lat="33.59486277463466" lon="130.3406608777967"><ele>6.615061050477365</ele><time>2026-01-03T06:34:51.99100Z</time><extensions><mytracks:speed>4.190421180259738</mytracks:speed><mytracks:gradient>0.02292958548282049</mytracks:gradient><mytracks:length>0.005822870256943996</mytracks:length></extensions></trkpt><trkpt lat="33.59491069916773" lon="130.3406652590596"><ele>6.749405791722674</ele><time>2026-01-03T06:34:56.99300Z</time><extensions><mytracks:speed>3.847007445169312</mytracks:speed><mytracks:gradient>0.02513409905142488</mytracks:gradient><mytracks:length>0.005345118636257308</mytracks:length></extensions></trkpt><trkpt lat="33.59495961923563" lon="130.3406580489259"><ele>6.910194751602202</ele><time>2026-01-03T06:35:01.99400Z</time><extensions><mytracks:speed>3.945594714583797</mytracks:speed><mytracks:gradient>0.02933227245140688</mytracks:gradient><mytracks:length>0.005481640065422753</mytracks:length></extensions></trkpt><trkpt lat="33.59499253631775" lon="130.3406487592211"><ele>6.657798501052914</ele><time>2026-01-03T06:35:06.99500Z</time><extensions><mytracks:speed>2.707749640508103</mytracks:speed><mytracks:length>0.003761642720386103</mytracks:length></extensions></trkpt><trkpt lat="33.59504009329439" lon="130.3406400134111"><ele>6.496232856758496</ele><time>2026-01-03T06:35:12.01900Z</time><extensions><mytracks:speed>3.832857285507636</mytracks:speed><mytracks:length>0.005348489887703329</mytracks:length></extensions></trkpt><trkpt lat="33.59509960427607" lon="130.3406293921974"><ele>6.9175290798069</ele><time>2026-01-03T06:35:17.06500Z</time><extensions><mytracks:speed>4.772674947985428</mytracks:speed><mytracks:gradient>0.06297964690356118</mytracks:gradient><mytracks:length>0.00668940274774042</mytracks:length></extensions></trkpt><trkpt lat="33.59515641375503" lon="130.3406135343489"><ele>7.023317201627967</ele><time>2026-01-03T06:35:22.04200Z</time><extensions><mytracks:speed>4.690101374430294</mytracks:speed><mytracks:gradient>0.01631311213944262</mytracks:gradient><mytracks:length>0.006484852241362817</mytracks:length></extensions></trkpt><trkpt lat="33.59521054434329" lon="130.3406036181047"><ele>7.178012733784011</ele><time>2026-01-03T06:35:27.02100Z</time><extensions><mytracks:speed>4.402558692731604</mytracks:speed><mytracks:gradient>0.02540801272290931</mytracks:gradient><mytracks:length>0.006088454608516535</mytracks:length></extensions></trkpt><trkpt lat="33.59525291755978" lon="130.3405703145198"><ele>7.23409030978351</ele><time>2026-01-03T06:35:32.01600Z</time><extensions><mytracks:speed>4.058709737015398</mytracks:speed><mytracks:gradient>0.009957535912215874</mytracks:gradient><mytracks:length>0.005631671981288375</mytracks:length></extensions></trkpt><trkpt lat="33.59528280585467" lon="130.3405227355569"><ele>7.391687431940937</ele><time>2026-01-03T06:35:37.00600Z</time><extensions><mytracks:speed>3.982604663660229</mytracks:speed><mytracks:gradient>0.0285494653445483</mytracks:gradient><mytracks:length>0.005520142680623666</mytracks:length></extensions></trkpt><trkpt lat="33.59530206429302" lon="130.340469850088"><ele>6.565962006873097</ele><time>2026-01-03T06:35:41.95900Z</time><extensions><mytracks:speed>3.885334352449534</mytracks:speed><mytracks:length>0.005345961648428193</mytracks:length></extensions></trkpt><trkpt lat="33.59531347811406" lon="130.3404274983377"><ele>6.337361470531254</ele><time>2026-01-03T06:35:46.96700Z</time><extensions><mytracks:speed>2.963177767435641</mytracks:speed><mytracks:length>0.004121766594289456</mytracks:length></extensions></trkpt><trkpt lat="33.59534800667085" lon="130.3403914046731"><ele>6.547299462439422</ele><time>2026-01-03T06:35:51.97300Z</time><extensions><mytracks:speed>3.661024112081114</mytracks:speed><mytracks:gradient>0.0412352735638396</mytracks:gradient><mytracks:length>0.005091223454190171</mytracks:length></extensions></trkpt><trkpt lat="33.59539553256248" lon="130.3403845034499"><ele>5.955577982382136</ele><time>2026-01-03T06:35:56.97800Z</time><extensions><mytracks:speed>3.829262451210145</mytracks:speed><mytracks:length>0.00532399994981854</mytracks:length></extensions></trkpt><trkpt lat="33.5954519383256" lon="130.3403505433045"><ele>6.177261430529111</ele><time>2026-01-03T06:36:01.98300Z</time><extensions><mytracks:speed>5.047373583672379</mytracks:speed><mytracks:gradient>0.03159582518579684</mytracks:gradient><mytracks:length>0.007016225936286915</mytracks:length></extensions></trkpt><trkpt lat="33.59546869672027" lon="130.3402941524097"><ele>5.55073736653254</ele><time>2026-01-03T06:36:06.98600Z</time><extensions><mytracks:speed>3.990526246438262</mytracks:speed><mytracks:length>0.005546204284016201</mytracks:length></extensions></trkpt><trkpt lat="33.59548228242766" lon="130.3402397755092"><ele>5.547825020423476</ele><time>2026-01-03T06:36:11.98900Z</time><extensions><mytracks:speed>3.784609541236544</mytracks:speed><mytracks:length>0.005259278414847021</mytracks:length></extensions></trkpt><trkpt lat="33.59547846440946" lon="130.3401993251144"><ele>5.722263094090595</ele><time>2026-01-03T06:36:42.49400Z</time><extensions><mytracks:speed>0.4449047395027735</mytracks:speed><mytracks:gradient>0.04626981015546724</mytracks:gradient><mytracks:length>0.003770019221626466</mytracks:length></extensions></trkpt><trkpt lat="33.59550404717798" lon="130.3400806075296"><ele>6.156103214405668</ele><time>2026-01-03T06:37:21.93500Z</time><extensions><mytracks:speed>1.036699699536327</mytracks:speed><mytracks:gradient>0.03819765117766404</mytracks:gradient><mytracks:length>0.01135776957324434</mytracks:length></extensions></trkpt><trkpt lat="33.59561687415079" lon="130.3395622081818"><ele>8.027840865775943</ele><time>2026-01-03T06:40:10.99900Z</time><extensions><mytracks:speed>1.056735543533192</mytracks:speed><mytracks:gradient>0.03771631261509453</mytracks:gradient><mytracks:length>0.04962674030390719</mytracks:length></extensions></trkpt><trkpt lat="33.59564116436473" lon="130.3395067905823"><ele>8.218469489545578</ele><time>2026-01-03T06:40:16.01800Z</time><extensions><mytracks:speed>4.159863306592801</mytracks:speed><mytracks:gradient>0.03286923354365424</mytracks:gradient><mytracks:length>0.005799606599176032</mytracks:length></extensions></trkpt><trkpt lat="33.5956767002252" lon="130.3394565691355"><ele>8.539037522607323</ele><time>2026-01-03T06:40:21.01400Z</time><extensions><mytracks:speed>4.398527598428025</mytracks:speed><mytracks:gradient>0.05251788870599423</mytracks:gradient><mytracks:length>0.006103977919911248</mytracks:length></extensions></trkpt><trkpt lat="33.59568932791664" lon="130.3393994349213"><ele>8.409992944993844</ele><time>2026-01-03T06:40:26.01700Z</time><extensions><mytracks:speed>3.940657019217603</mytracks:speed><mytracks:length>0.005475882470547437</mytracks:length></extensions></trkpt><trkpt lat="33.5957204214011" lon="130.3393560973748"><ele>8.492887272006483</ele><time>2026-01-03T06:40:31.00500Z</time><extensions><mytracks:speed>3.823233449403342</mytracks:speed><mytracks:gradient>0.01564724159232098</mytracks:gradient><mytracks:length>0.005297695860548345</mytracks:length></extensions></trkpt><trkpt lat="33.59574026538876" lon="130.3393062934985"><ele>8.227988662714809</ele><time>2026-01-03T06:40:36.01200Z</time><extensions><mytracks:speed>3.677132376068744</mytracks:speed><mytracks:length>0.005114184855995466</mytracks:length></extensions></trkpt><trkpt lat="33.59575659924433" lon="130.3392469963685"><ele>8.129692696925559</ele><time>2026-01-03T06:40:41.51400Z</time><extensions><mytracks:speed>3.785286683848762</mytracks:speed><mytracks:length>0.005784824560866836</mytracks:length></extensions></trkpt><trkpt lat="33.59577126599958" lon="130.3391803756243"><ele>7.627415050044347</ele><time>2026-01-03T06:40:47.00000Z</time><extensions><mytracks:speed>4.18801756978805</mytracks:speed><mytracks:length>0.00638258982040391</mytracks:length></extensions></trkpt><trkpt lat="33.59578741091912" lon="130.3391210008885"><ele>7.6545021309782</ele><time>2026-01-03T06:40:52.00800Z</time><extensions><mytracks:speed>4.159097360108673</mytracks:speed><mytracks:gradient>0.004681807336603047</mytracks:gradient><mytracks:length>0.005785603504458984</mytracks:length></extensions></trkpt><trkpt lat="33.59579558036046" lon="130.3390583606025"><ele>7.428007277449137</ele><time>2026-01-03T06:40:57.00100Z</time><extensions><mytracks:speed>4.234535741819183</mytracks:speed><mytracks:length>0.005872958728885826</mytracks:length></extensions></trkpt><trkpt lat="33.59580009784591" lon="130.3389913982284"><ele>7.618060080145769</ele><time>2026-01-03T06:41:01.99800Z</time><extensions><mytracks:speed>4.482378500638396</mytracks:speed><mytracks:gradient>0.03054674760976324</mytracks:gradient><mytracks:length>0.006221703374924521</mytracks:length></extensions></trkpt><trkpt lat="33.59581548734167" lon="130.3389316577576"><ele>7.780655859992222</ele><time>2026-01-03T06:41:06.99900Z</time><extensions><mytracks:speed>4.168469335591697</mytracks:speed><mytracks:gradient>0.02807706558840948</mytracks:gradient><mytracks:length>0.005791053175926408</mytracks:length></extensions></trkpt><trkpt lat="33.59582750768373" lon="130.3388734289462"><ele>7.84095373218871</ele><time>2026-01-03T06:41:12.00000Z</time><extensions><mytracks:speed>3.998671473053578</mytracks:speed><mytracks:gradient>0.01085443921970166</mytracks:gradient><mytracks:length>0.005555134721934159</mytracks:length></extensions></trkpt><trkpt lat="33.59584748793527" lon="130.3388160461056"><ele>8.001934171335307</ele><time>2026-01-03T06:41:17.00800Z</time><extensions><mytracks:speed>4.140987408256828</mytracks:speed><mytracks:gradient>0.02794875593933049</mytracks:gradient><mytracks:length>0.00575984274563217</mytracks:length></extensions></trkpt><trkpt lat="33.59585885189089" lon="130.3387590537728"><ele>7.902814524999322</ele><time>2026-01-03T06:41:22.00000Z</time><extensions><mytracks:speed>3.914112916646606</mytracks:speed><mytracks:length>0.005427941746634242</mytracks:length></extensions></trkpt><trkpt lat="33.59586466551566" lon="130.3386985937933"><ele>7.648362858754828</ele><time>2026-01-03T06:41:27.00400Z</time><extensions><mytracks:speed>4.054822276234514</mytracks:speed><mytracks:length>0.005635671464770459</mytracks:length></extensions></trkpt><trkpt lat="33.59587759802818" lon="130.3386401964226"><ele>7.851402846551394</ele><time>2026-01-03T06:41:31.99700Z</time><extensions><mytracks:speed>4.034517083922069</mytracks:speed><mytracks:gradient>0.03628076671609945</mytracks:gradient><mytracks:length>0.005596353279559212</mytracks:length></extensions></trkpt><trkpt lat="33.59589169626317" lon="130.3385787075265"><ele>7.794890412600644</ele><time>2026-01-03T06:41:37.00700Z</time><extensions><mytracks:speed>4.244001176505465</mytracks:speed><mytracks:length>0.005905860715898379</mytracks:length></extensions></trkpt><trkpt lat="33.5959094700592" lon="130.3385053580329"><ele>7.873784288390705</ele><time>2026-01-03T06:41:43.46600Z</time><extensions><mytracks:speed>3.94290749362163</mytracks:speed><mytracks:gradient>0.01115197372326861</mytracks:gradient><mytracks:length>0.00707443164302375</mytracks:length></extensions></trkpt><trkpt lat="33.59594804189011" lon="130.3382987458758"><ele>7.80223068036139</ele><time>2026-01-03T06:42:01.99900Z</time><extensions><mytracks:speed>3.809411950550303</mytracks:speed><mytracks:length>0.01961143596667449</mytracks:length></extensions></trkpt><trkpt lat="33.59595821851973" lon="130.3382362058784"><ele>7.364639611129529</ele><time>2026-01-03T06:42:07.95000Z</time><extensions><mytracks:speed>3.570734526530521</mytracks:speed><mytracks:length>0.005902044327315089</mytracks:length></extensions></trkpt><trkpt lat="33.59596615835915" lon="130.3381805589937"><ele>7.016696567913332</ele><time>2026-01-03T06:42:12.95900Z</time><extensions><mytracks:speed>3.758924779442032</mytracks:speed><mytracks:length>0.005230064748899328</mytracks:length></extensions></trkpt><trkpt lat="33.59598207757306" lon="130.338127096337"><ele>6.728082109423337</ele><time>2026-01-03T06:42:17.96600Z</time><extensions><mytracks:speed>3.780891444622833</mytracks:speed><mytracks:length>0.005259278414847021</mytracks:length></extensions></trkpt><trkpt lat="33.59599656061557" lon="130.3380696352986"><ele>6.482363364197439</ele><time>2026-01-03T06:42:22.97300Z</time><extensions><mytracks:speed>3.998643205956628</mytracks:speed><mytracks:length>0.005560810260603914</mytracks:length></extensions></trkpt><trkpt lat="33.59601450715914" lon="130.3380141406794"><ele>6.775769883317323</ele><time>2026-01-03T06:42:27.98400Z</time><extensions><mytracks:speed>3.961438857886566</mytracks:speed><mytracks:gradient>0.05320708938529683</mytracks:gradient><mytracks:length>0.005514425286359745</mytracks:length></extensions></trkpt><trkpt lat="33.59602747185217" lon="130.3379544340373"><ele>6.674094495342541</ele><time>2026-01-03T06:42:32.98200Z</time><extensions><mytracks:speed>4.116883164657484</mytracks:speed><mytracks:length>0.005715073397500465</mytracks:length></extensions></trkpt><trkpt lat="33.596032371751" lon="130.337891341728"><ele>6.674402032523158</ele><time>2026-01-03T06:42:37.98500Z</time><extensions><mytracks:speed>4.222144180016982</mytracks:speed><mytracks:gradient>5.240604578502764e-05</mytracks:gradient><mytracks:length>0.005868353088081599</mytracks:length></extensions></trkpt><trkpt lat="33.59604644615342" lon="130.3378247327148"><ele>6.651625476114615</ele><time>2026-01-03T06:42:43.49300Z</time><extensions><mytracks:speed>4.1596062150493</mytracks:speed><mytracks:length>0.006363498222198734</mytracks:length></extensions></trkpt><trkpt lat="33.5960639607874" lon="130.3377586506059"><ele>6.640527383044412</ele><time>2026-01-03T06:42:48.99200Z</time><extensions><mytracks:speed>4.204456776588684</mytracks:speed><mytracks:length>0.006422707943781785</mytracks:length></extensions></trkpt><trkpt lat="33.59607072963344" lon="130.3376997956129"><ele>6.301385824349232</ele><time>2026-01-03T06:42:53.99400Z</time><extensions><mytracks:speed>3.961339836208783</mytracks:speed><mytracks:length>0.00550379151117165</mytracks:length></extensions></trkpt><trkpt lat="33.596090099351" lon="130.3376417656794"><ele>6.397184318123585</ele><time>2026-01-03T06:42:58.99500Z</time><extensions><mytracks:speed>4.168419458423422</mytracks:speed><mytracks:gradient>0.01654249941488892</mytracks:gradient><mytracks:length>0.005791053175926408</mytracks:length></extensions></trkpt><trkpt lat="33.5961121112249" lon="130.3375448578539"><ele>6.454765191511137</ele><time>2026-01-03T06:43:07.26400Z</time><extensions><mytracks:speed>4.050174592515911</mytracks:speed><mytracks:gradient>0.006189378838413364</mytracks:gradient><mytracks:length>0.009303174824294986</mytracks:length></extensions></trkpt><trkpt lat="33.59613243632117" lon="130.3374545732015"><ele>6.477067635426416</ele><time>2026-01-03T06:43:14.98500Z</time><extensions><mytracks:speed>4.038903479293465</mytracks:speed><mytracks:gradient>0.002574735476098801</mytracks:gradient><mytracks:length>0.008662033099055203</mytracks:length></extensions></trkpt><trkpt lat="33.59621069744722" lon="130.337103449837"><ele>6.528914545662701</ele><time>2026-01-03T06:43:45.00000Z</time><extensions><mytracks:speed>4.037882624833819</mytracks:speed><mytracks:gradient>0.001540066374500847</mytracks:gradient><mytracks:length>0.03366537384019504</mytracks:length></extensions></trkpt><trkpt lat="33.5962175700025" lon="130.337045345597"><ele>6.507842287060911</ele><time>2026-01-03T06:43:50.00300Z</time><extensions><mytracks:speed>3.910832570124372</mytracks:speed><mytracks:length>0.005435408540492043</mytracks:length></extensions></trkpt><trkpt lat="33.59623069957163" lon="130.3369898547753"><ele>6.327272477410623</ele><time>2026-01-03T06:43:55.01300Z</time><extensions><mytracks:speed>3.838029576025765</mytracks:speed><mytracks:length>0.005340901579477543</mytracks:length></extensions></trkpt><trkpt lat="33.59623165719234" lon="130.336933368327"><ele>6.601344723673691</ele><time>2026-01-03T06:44:00.01100Z</time><extensions><mytracks:speed>3.768421997430327</mytracks:speed><mytracks:gradient>0.05238596463976899</mytracks:gradient><mytracks:length>0.005231787715425691</mytracks:length></extensions></trkpt><trkpt lat="33.59624724498719" lon="130.3368738119907"><ele>6.786517524850518</ele><time>2026-01-03T06:44:05.00700Z</time><extensions><mytracks:speed>4.166779129197582</mytracks:speed><mytracks:gradient>0.03202303748509415</mytracks:gradient><mytracks:length>0.0057824871005138</mytracks:length></extensions></trkpt><trkpt lat="33.59626228473989" lon="130.3368200946208"><ele>6.678695443731608</ele><time>2026-01-03T06:44:10.00300Z</time><extensions><mytracks:speed>3.781920426310736</mytracks:speed><mytracks:length>0.005248986275013211</mytracks:length></extensions></trkpt><trkpt lat="33.59629011132574" lon="130.3367690315448"><ele>6.893691013069794</ele><time>2026-01-03T06:44:15.00500Z</time><extensions><mytracks:speed>4.067719585383042</mytracks:speed><mytracks:gradient>0.03804126371382992</mytracks:gradient><mytracks:length>0.005651641095719535</mytracks:length></extensions></trkpt><trkpt lat="33.59630657184839" lon="130.3367128315215"><ele>7.161351202134902</ele><time>2026-01-03T06:44:19.99300Z</time><extensions><mytracks:speed>3.982321066346981</mytracks:speed><mytracks:gradient>0.04850943763895028</mytracks:gradient><mytracks:length>0.005517693094223649</mytracks:length></extensions></trkpt><trkpt lat="33.5963266581184" lon="130.3366573020951"><ele>7.453451109604554</ele><time>2026-01-03T06:44:24.99800Z</time><extensions><mytracks:speed>4.032854703631335</mytracks:speed><mytracks:gradient>0.0520973296726991</mytracks:gradient><mytracks:length>0.005606811506554486</mytracks:length></extensions></trkpt><trkpt lat="33.59633319511725" lon="130.3365988723794"><ele>7.306159138237156</ele><time>2026-01-03T06:44:29.95000Z</time><extensions><mytracks:speed>3.968960225791751</mytracks:speed><mytracks:length>0.00546022410950784</mytracks:length></extensions></trkpt><trkpt lat="33.59634428230422" lon="130.3365315712008"><ele>7.243385813808866</ele><time>2026-01-03T06:44:35.93800Z</time><extensions><mytracks:speed>3.819910647464151</mytracks:speed><mytracks:length>0.006353576289990379</mytracks:length></extensions></trkpt><trkpt lat="33.59634853135322" lon="130.3364726326092"><ele>7.05560411090321</ele><time>2026-01-03T06:44:41.20500Z</time><extensions><mytracks:speed>3.745144518398472</mytracks:speed><mytracks:length>0.005479173265598403</mytracks:length></extensions></trkpt><trkpt lat="33.59636161728798" lon="130.3364111706211"><ele>6.985204138857537</ele><time>2026-01-03T06:44:46.96800Z</time><extensions><mytracks:speed>3.671052937273564</mytracks:speed><mytracks:length>0.005876794005679941</mytracks:length></extensions></trkpt><trkpt lat="33.5963704802519" lon="130.3363459624358"><ele>6.420432159121747</ele><time>2026-01-03T06:44:52.48500Z</time><extensions><mytracks:speed>3.993229544427954</mytracks:speed><mytracks:length>0.0061194618532647</mytracks:length></extensions></trkpt><trkpt lat="33.59638546276705" lon="130.3362849850132"><ele>6.496596529105024</ele><time>2026-01-03T06:44:57.98100Z</time><extensions><mytracks:speed>3.856231289025457</mytracks:speed><mytracks:gradient>0.01293658052805437</mytracks:gradient><mytracks:length>0.005887519489258123</mytracks:length></extensions></trkpt><trkpt lat="33.59639259938256" lon="130.3362258953473"><ele>6.451321364339082</ele><time>2026-01-03T06:45:02.98500Z</time><extensions><mytracks:speed>3.978424413767063</mytracks:speed><mytracks:length>0.00552993017533149</mytracks:length></extensions></trkpt><trkpt lat="33.59639911457447" lon="130.3361677696178"><ele>6.441572730380371</ele><time>2026-01-03T06:45:07.98800Z</time><extensions><mytracks:speed>3.908667094519748</mytracks:speed><mytracks:length>0.005432091232559911</mytracks:length></extensions></trkpt><trkpt lat="33.59641415266039" lon="130.3361111931331"><ele>6.477311013257639</ele><time>2026-01-03T06:45:12.99100Z</time><extensions><mytracks:speed>3.958419517175161</mytracks:speed><mytracks:gradient>0.00649726070907876</mytracks:gradient><mytracks:length>0.005500515444505682</mytracks:length></extensions></trkpt><trkpt lat="33.59643854477817" lon="130.336023608649"><ele>6.614062756884914</ele><time>2026-01-03T06:45:20.58800Z</time><extensions><mytracks:speed>4.053206064721994</mytracks:speed><mytracks:gradient>0.0159884874963361</mytracks:gradient><mytracks:length>0.008553138228904605</mytracks:length></extensions></trkpt><trkpt lat="33.59651391980208" lon="130.3357272971869"><ele>7.240869202651083</ele><time>2026-01-03T06:45:46.00000Z</time><extensions><mytracks:speed>4.065189688429657</mytracks:speed><mytracks:gradient>0.02184317709168581</mytracks:gradient><mytracks:length>0.02869575442872506</mytracks:length></extensions></trkpt><trkpt lat="33.59652463999713" lon="130.3356683884157"><ele>7.539859361696235</ele><time>2026-01-03T06:45:50.99800Z</time><extensions><mytracks:speed>4.021797152088163</mytracks:speed><mytracks:gradient>0.05354157309782624</mytracks:gradient><mytracks:length>0.005584261756726195</mytracks:length></extensions></trkpt><trkpt lat="33.59654322702901" lon="130.3356066989507"><ele>7.426808475394872</ele><time>2026-01-03T06:45:55.99900Z</time><extensions><mytracks:speed>4.374928667141457</mytracks:speed><mytracks:length>0.006076600706576655</mytracks:length></extensions></trkpt><trkpt lat="33.59656389689207" lon="130.3355443624367"><ele>7.512915047776009</ele><time>2026-01-03T06:46:00.99900Z</time><extensions><mytracks:speed>4.474240553921394</mytracks:speed><mytracks:gradient>0.01385584992536769</mytracks:gradient><mytracks:length>0.00621445619322787</mytracks:length></extensions></trkpt><trkpt lat="33.59657615388269" lon="130.3354791834984"><ele>7.409571648891703</ele><time>2026-01-03T06:46:06.07300Z</time><extensions><mytracks:speed>4.390285023449706</mytracks:speed><mytracks:length>0.006188296065053125</mytracks:length></extensions></trkpt><trkpt lat="33.59658729730671" lon="130.3354162231617"><ele>7.441959086278815</ele><time>2026-01-03T06:46:11.05400Z</time><extensions><mytracks:speed>4.309194263854712</mytracks:speed><mytracks:gradient>0.00543225834112426</mytracks:gradient><mytracks:length>0.005962057647723976</mytracks:length></extensions></trkpt><trkpt lat="33.59660528400825" lon="130.3353550857238"><ele>7.214257219093068</ele><time>2026-01-03T06:46:16.05100Z</time><extensions><mytracks:speed>4.327027824133001</mytracks:speed><mytracks:length>0.006005736309660779</mytracks:length></extensions></trkpt><trkpt lat="33.59661813563729" lon="130.3352870351411"><ele>7.104162248266586</ele><time>2026-01-03T06:46:21.04300Z</time><extensions><mytracks:speed>4.661445998020337</mytracks:speed><mytracks:length>0.006463971477993346</mytracks:length></extensions></trkpt><trkpt lat="33.59663656250033" lon="130.3352260853093"><ele>7.524805904073921</ele><time>2026-01-03T06:46:26.01900Z</time><extensions><mytracks:speed>4.34400770513659</mytracks:speed><mytracks:gradient>0.07004906611725989</mytracks:gradient><mytracks:length>0.006004985920914217</mytracks:length></extensions></trkpt><trkpt lat="33.59666067492456" lon="130.3351674355647"><ele>7.730929619943729</ele><time>2026-01-03T06:46:31.02200Z</time><extensions><mytracks:speed>4.359551120968714</mytracks:speed><mytracks:gradient>0.03402486106961149</mytracks:gradient><mytracks:length>0.006058032550025671</mytracks:length></extensions></trkpt><trkpt lat="33.59667713424893" lon="130.3351090038188"><ele>7.546242589062969</ele><time>2026-01-03T06:46:36.00800Z</time><extensions><mytracks:speed>4.12485275292577</mytracks:speed><mytracks:length>0.005713496172854037</mytracks:length></extensions></trkpt><trkpt lat="33.59668469405044" lon="130.3350469232807"><ele>7.092046092976197</ele><time>2026-01-03T06:46:41.00000Z</time><extensions><mytracks:speed>4.189998951355853</mytracks:speed><mytracks:length>0.005810474563786052</mytracks:length></extensions></trkpt><trkpt lat="33.59669925077886" lon="130.334991324959"><ele>7.116033517746493</ele><time>2026-01-03T06:46:46.00000Z</time><extensions><mytracks:speed>3.88674625266563</mytracks:speed><mytracks:gradient>0.004443785173096906</mytracks:gradient><mytracks:length>0.005397971287072447</mytracks:length></extensions></trkpt><trkpt lat="33.59670304901118" lon="130.3349386772621"><ele>7.065275136496358</ele><time>2026-01-03T06:46:51.00600Z</time><extensions><mytracks:speed>3.5199254665446</mytracks:speed><mytracks:length>0.004894464761965198</mytracks:length></extensions></trkpt><trkpt lat="33.59671390315827" lon="130.3348782915106"><ele>7.07285111128332</ele><time>2026-01-03T06:46:56.50800Z</time><extensions><mytracks:speed>3.743503349663116</mytracks:speed><mytracks:gradient>0.001324152128326666</mytracks:gradient><mytracks:length>0.005721377948118502</mytracks:length></extensions></trkpt><trkpt lat="33.59672817577793" lon="130.3348169919983"><ele>6.894079654222903</ele><time>2026-01-03T06:47:02.01400Z</time><extensions><mytracks:speed>3.855295592858938</mytracks:speed><mytracks:length>0.005895932967325279</mytracks:length></extensions></trkpt><trkpt lat="33.5967376627824" lon="130.334756979126"><ele>6.835979274463051</ele><time>2026-01-03T06:47:07.50200Z</time><extensions><mytracks:speed>3.710958026986273</mytracks:speed><mytracks:length>0.005658016327408845</mytracks:length></extensions></trkpt><trkpt lat="33.5967458914682" lon="130.3346892576698"><ele>6.917565317637025</ele><time>2026-01-03T06:47:13.00300Z</time><extensions><mytracks:speed>4.148869879029628</mytracks:speed><mytracks:gradient>0.01287117280239568</mytracks:gradient><mytracks:length>0.006338664271432122</mytracks:length></extensions></trkpt><trkpt lat="33.59674848517285" lon="130.3346323882968"><ele>6.67841856316033</ele><time>2026-01-03T06:47:18.00100Z</time><extensions><mytracks:speed>3.799205731079717</mytracks:speed><mytracks:length>0.005274678970257234</mytracks:length></extensions></trkpt><trkpt lat="33.59676523534225" lon="130.3345749435944"><ele>6.618306208085242</ele><time>2026-01-03T06:47:23.00400Z</time><extensions><mytracks:speed>4.055233496549875</mytracks:speed><mytracks:length>0.005636471020916182</mytracks:length></extensions></trkpt><trkpt lat="33.59676768050238" lon="130.3345190900487"><ele>6.724738908330978</ele><time>2026-01-03T06:47:28.00000Z</time><extensions><mytracks:speed>3.734290660792669</mytracks:speed><mytracks:gradient>0.02054055202874765</mytracks:gradient><mytracks:length>0.005181589087614461</mytracks:length></extensions></trkpt><trkpt lat="33.59678102739356" lon="130.3344657356785"><ele>6.711911668090606</ele><time>2026-01-03T06:47:33.00100Z</time><extensions><mytracks:speed>3.713533624781081</mytracks:speed><mytracks:length>0.005158927697893043</mytracks:length></extensions></trkpt><trkpt lat="33.59679305957147" lon="130.3344148287085"><ele>6.735524790752149</ele><time>2026-01-03T06:47:37.99600Z</time><extensions><mytracks:speed>3.532698780328355</mytracks:speed><mytracks:gradient>0.004817210593819156</mytracks:gradient><mytracks:length>0.004901824863509323</mytracks:length></extensions></trkpt><trkpt lat="33.59680437987306" lon="130.3343683988292"><ele>6.934722890925087</ele><time>2026-01-03T06:47:43.00100Z</time><extensions><mytracks:speed>3.222940406770472</mytracks:speed><mytracks:gradient>0.04445287773267625</mytracks:gradient><mytracks:length>0.004481106968391218</mytracks:length></extensions></trkpt><trkpt lat="33.59682514934423" lon="130.3343156580728"><ele>6.917089937020195</ele><time>2026-01-03T06:47:48.00300Z</time><extensions><mytracks:speed>3.888492305611658</mytracks:speed><mytracks:length>0.005402143793907937</mytracks:length></extensions></trkpt><trkpt lat="33.59683872723998" lon="130.3342567836446"><ele>6.892170296551788</ele><time>2026-01-03T06:47:53.00100Z</time><extensions><mytracks:speed>4.074996692179008</mytracks:speed><mytracks:length>0.005658016327408845</mytracks:length></extensions></trkpt><trkpt lat="33.59685776750018" lon="130.3342023704016"><ele>6.937876995911078</ele><time>2026-01-03T06:47:58.00600Z</time><extensions><mytracks:speed>3.931271328730262</mytracks:speed><mytracks:gradient>0.008363265625799554</mytracks:gradient><mytracks:length>0.005465173701800342</mytracks:length></extensions></trkpt><trkpt lat="33.59686939721333" lon="130.3341450784713"><ele>7.009311503293249</ele><time>2026-01-03T06:48:02.99700Z</time><extensions><mytracks:speed>3.938990828276551</mytracks:speed><mytracks:gradient>0.01308072913528832</mytracks:gradient><mytracks:length>0.005461049353086876</mytracks:length></extensions></trkpt><trkpt lat="33.59688205587379" lon="130.3340865907861"><ele>7.282779331907308</ele><time>2026-01-03T06:48:07.99300Z</time><extensions><mytracks:speed>4.032392475777721</mytracks:speed><mytracks:gradient>0.04886536195148811</mytracks:gradient><mytracks:length>0.005596353279559212</mytracks:length></extensions></trkpt><trkpt lat="33.59689356465437" lon="130.3340305921808"><ele>7.580268159280646</ele><time>2026-01-03T06:48:12.99200Z</time><extensions><mytracks:speed>3.846822133493093</mytracks:speed><mytracks:gradient>0.05569131679841927</mytracks:gradient><mytracks:length>0.005341745257166951</mytracks:length></extensions></trkpt><trkpt lat="33.59691526985716" lon="130.3339750316995"><ele>7.838361481805052</ele><time>2026-01-03T06:48:18.00300Z</time><extensions><mytracks:speed>4.083590913423494</mytracks:speed><mytracks:gradient>0.04541141663390818</mytracks:gradient><mytracks:length>0.005683445742401498</mytracks:length></extensions></trkpt><trkpt lat="33.59692879561871" lon="130.333917051918"><ele>8.063004465704561</ele><time>2026-01-03T06:48:23.00100Z</time><extensions><mytracks:speed>4.017115481718647</mytracks:speed><mytracks:gradient>0.04028029677761703</mytracks:gradient><mytracks:length>0.005576994259494595</mytracks:length></extensions></trkpt><trkpt lat="33.59694136793067" lon="130.333858501467"><ele>7.966761659107964</ele><time>2026-01-03T06:48:28.00600Z</time><extensions><mytracks:speed>4.027626917222954</mytracks:speed><mytracks:length>0.005599573275958868</mytracks:length></extensions></trkpt><trkpt lat="33.59694746435999" lon="130.3337966278523"><ele>7.952945274622385</ele><time>2026-01-03T06:48:32.99400Z</time><extensions><mytracks:speed>4.163071146409067</mytracks:speed><mytracks:length>0.005769223603225158</mytracks:length></extensions></trkpt><trkpt lat="33.59696504509881" lon="130.3337364246525"><ele>8.037887986890267</ele><time>2026-01-03T06:48:37.99900Z</time><extensions><mytracks:speed>4.24986724296108</mytracks:speed><mytracks:gradient>0.01437721137524494</mytracks:gradient><mytracks:length>0.005908149365748246</mytracks:length></extensions></trkpt><trkpt lat="33.5969717185223" lon="130.3336766204394"><ele>8.187454359409141</ele><time>2026-01-03T06:48:43.00600Z</time><extensions><mytracks:speed>4.018166402365948</mytracks:speed><mytracks:gradient>0.02676422199150569</mytracks:gradient><mytracks:length>0.005588295171305306</mytracks:length></extensions></trkpt><trkpt lat="33.59698736612644" lon="130.3336217853091"><ele>7.912962572502206</ele><time>2026-01-03T06:48:48.00900Z</time><extensions><mytracks:speed>3.862379570146349</mytracks:speed><mytracks:length>0.005367833494740904</mytracks:length></extensions></trkpt><trkpt lat="33.59700381967426" lon="130.3335682852883"><ele>7.686244937623791</ele><time>2026-01-03T06:48:52.99700Z</time><extensions><mytracks:speed>3.812800155922567</mytracks:speed><mytracks:length>0.005282362410557701</mytracks:length></extensions></trkpt><trkpt lat="33.59701740801242" lon="130.3335134273426"><ele>7.573342482657064</ele><time>2026-01-03T06:48:57.99300Z</time><extensions><mytracks:speed>3.819634427288213</mytracks:speed><mytracks:length>0.005301097270761088</mytracks:length></extensions></trkpt><trkpt lat="33.59704013289905" lon="130.3334020424588"><ele>7.532689286567857</ele><time>2026-01-03T06:49:08.60500Z</time><extensions><mytracks:speed>3.603027933659435</mytracks:speed><mytracks:length>0.01062130411401055</mytracks:length></extensions></trkpt><trkpt lat="33.59713970009513" lon="130.3329392769065"><ele>6.907284413464367</ele><time>2026-01-03T06:49:53.00000Z</time><extensions><mytracks:speed>3.589757372935388</mytracks:speed><mytracks:length>0.04426805560854468</mytracks:length></extensions></trkpt><trkpt lat="33.59714954673884" lon="130.3328869438226"><ele>6.943247981977567</ele><time>2026-01-03T06:49:57.99500Z</time><extensions><mytracks:speed>3.581421910705898</mytracks:speed><mytracks:gradient>0.007237020105812408</mytracks:gradient><mytracks:length>0.004969389056182903</mytracks:length></extensions></trkpt><trkpt lat="33.59716121039862" lon="130.3328327896246"><ele>6.911566596667146</ele><time>2026-01-03T06:50:02.99800Z</time><extensions><mytracks:speed>3.728074734865222</mytracks:speed><mytracks:length>0.005180719328634333</mytracks:length></extensions></trkpt><trkpt lat="33.59717362181206" lon="130.3327807943679"><ele>6.874877148265448</ele><time>2026-01-03T06:50:08.00300Z</time><extensions><mytracks:speed>3.602229535149501</mytracks:speed><mytracks:length>0.005008230641265025</mytracks:length></extensions></trkpt><trkpt lat="33.59718494364512" lon="130.3327291313188"><ele>6.829542933676712</ele><time>2026-01-03T06:50:12.98900Z</time><extensions><mytracks:speed>3.571901833295742</mytracks:speed><mytracks:length>0.004947577440779774</mytracks:length></extensions></trkpt><trkpt lat="33.59719141356062" lon="130.3326754417375"><ele>6.951129778487809</ele><time>2026-01-03T06:50:18.00200Z</time><extensions><mytracks:speed>3.607838321023343</mytracks:speed><mytracks:gradient>0.02420359376779787</mytracks:gradient><mytracks:length>0.005023503781197352</mytracks:length></extensions></trkpt><trkpt lat="33.59719903633254" lon="130.3326270541077"><ele>6.952290324167192</ele><time>2026-01-03T06:50:22.99100Z</time><extensions><mytracks:speed>3.290663341200438</mytracks:speed><mytracks:gradient>0.0002544582986055715</mytracks:gradient><mytracks:length>0.004560848224415707</mytracks:length></extensions></trkpt><trkpt lat="33.59720473323407" lon="130.3325797193338"><ele>6.411957701860579</ele><time>2026-01-03T06:50:27.99900Z</time><extensions><mytracks:speed>3.184090055271457</mytracks:speed><mytracks:length>0.0044295227069482</mytracks:length></extensions></trkpt><trkpt lat="33.59721920908098" lon="130.3325250471619"><ele>7.118896279732769</ele><time>2026-01-03T06:50:33.01200Z</time><extensions><mytracks:speed>3.815702600126512</mytracks:speed><mytracks:gradient>0.1330586422078347</mytracks:gradient><mytracks:length>0.005312985057881227</mytracks:length></extensions></trkpt><trkpt lat="33.59724297200172" lon="130.3324738329774"><ele>7.647361123837682</ele><time>2026-01-03T06:50:38.00800Z</time><extensions><mytracks:speed>3.912209916773603</mytracks:speed><mytracks:gradient>0.09734519226036643</mytracks:gradient><mytracks:length>0.005428771897552399</mytracks:length></extensions></trkpt><trkpt lat="33.59724636167224" lon="130.3324209360914"><ele>7.695851994332275</ele><time>2026-01-03T06:50:43.00200Z</time><extensions><mytracks:speed>3.541844402050312</mytracks:speed><mytracks:gradient>0.009868380941956361</mytracks:gradient><mytracks:length>0.004913761515673795</mytracks:length></extensions></trkpt><trkpt lat="33.59725823278642" lon="130.3323742088736"><ele>7.822725643606356</ele><time>2026-01-03T06:50:47.99900Z</time><extensions><mytracks:speed>3.259728275235471</mytracks:speed><mytracks:gradient>0.02804368929344476</mytracks:gradient><mytracks:length>0.004524142595736766</mytracks:length></extensions></trkpt><trkpt lat="33.59727688824783" lon="130.3323146920402"><ele>7.920079937257873</ele><time>2026-01-03T06:50:53.00300Z</time><extensions><mytracks:speed>4.236768315914291</mytracks:speed><mytracks:gradient>0.01652926097900665</mytracks:gradient><mytracks:length>0.005889815266100789</mytracks:length></extensions></trkpt><trkpt lat="33.59728761500852" lon="130.3322533997147"><ele>7.664886570814869</ele><time>2026-01-03T06:50:58.00400Z</time><extensions><mytracks:speed>4.176148981201623</mytracks:speed><mytracks:length>0.005801160412090496</mytracks:length></extensions></trkpt><trkpt lat="33.59730729673374" lon="130.3321970487598"><ele>7.773796197004812</ele><time>2026-01-03T06:51:02.99700Z</time><extensions><mytracks:speed>4.080655218085163</mytracks:speed><mytracks:gradient>0.01924331273326995</mytracks:gradient><mytracks:length>0.005659609013246839</mytracks:length></extensions></trkpt><trkpt lat="33.59732856274152" lon="130.3321268292522"><ele>7.399726246726314</ele><time>2026-01-03T06:51:08.49900Z</time><extensions><mytracks:speed>4.527490257812465</mytracks:speed><mytracks:length>0.006919865062256687</mytracks:length></extensions></trkpt><trkpt lat="33.59733406793581" lon="130.3320623006242"><ele>7.081893092120109</ele><time>2026-01-03T06:51:13.50200Z</time><extensions><mytracks:speed>4.323667244870673</mytracks:speed><mytracks:length>0.006007986913565771</mytracks:length></extensions></trkpt><trkpt lat="33.59734608016768" lon="130.3320038665522"><ele>7.106606395520966</ele><time>2026-01-03T06:51:18.50200Z</time><extensions><mytracks:speed>4.013584790274221</mytracks:speed><mytracks:gradient>0.004432579013969226</mytracks:gradient><mytracks:length>0.005575377973629759</mytracks:length></extensions></trkpt><trkpt lat="33.59736017979714" lon="130.3319340431389"><ele>7.018882042284005</ele><time>2026-01-03T06:51:24.00000Z</time><extensions><mytracks:speed>4.357075893886488</mytracks:speed><mytracks:length>0.006654280438926701</mytracks:length></extensions></trkpt><trkpt lat="33.59737160943402" lon="130.3318705653989"><ele>6.788083597002522</ele><time>2026-01-03T06:51:29.00200Z</time><extensions><mytracks:speed>4.329723677820919</mytracks:speed><mytracks:length>0.006014733672472673</mytracks:length></extensions></trkpt><trkpt lat="33.59739602091826" lon="130.3318084171647"><ele>6.793050035218857</ele><time>2026-01-03T06:51:33.99600Z</time><extensions><mytracks:speed>4.587356976107681</mytracks:speed><mytracks:gradient>0.0007803703951781997</mytracks:gradient><mytracks:length>0.00636420633973525</mytracks:length></extensions></trkpt><trkpt lat="33.59742075123861" lon="130.331744758174"><ele>7.085435597559118</ele><time>2026-01-03T06:51:38.99600Z</time><extensions><mytracks:speed>4.684022778329011</mytracks:speed><mytracks:gradient>0.04494321764859355</mytracks:gradient><mytracks:length>0.006505665985608638</mytracks:length></extensions></trkpt><trkpt lat="33.59742622509812" lon="130.3316810451145"><ele>7.125529475232389</ele><time>2026-01-03T06:51:44.00100Z</time><extensions><mytracks:speed>4.267211169282951</mytracks:speed><mytracks:gradient>0.006758336693367313</mytracks:gradient><mytracks:length>0.005932506693935376</mytracks:length></extensions></trkpt><trkpt lat="33.59744456745901" lon="130.3316191919916"><ele>7.160592138798645</ele><time>2026-01-03T06:51:49.00600Z</time><extensions><mytracks:speed>4.374004271124163</mytracks:speed><mytracks:gradient>0.005765188487316981</mytracks:gradient><mytracks:length>0.006081789631577796</mytracks:length></extensions></trkpt><trkpt lat="33.59745961685309" lon="130.3315620245716"><ele>7.265753778933122</ele><time>2026-01-03T06:51:54.00100Z</time><extensions><mytracks:speed>4.003043291172686</mytracks:speed><mytracks:gradient>0.01893606041207892</mytracks:gradient><mytracks:length>0.005553512074105783</mytracks:length></extensions></trkpt><trkpt lat="33.59746911717329" lon="130.3315008791733"><ele>7.17695524569711</ele><time>2026-01-03T06:51:58.99600Z</time><extensions><mytracks:speed>4.150758358262946</mytracks:speed><mytracks:length>0.00575984274563217</mytracks:length></extensions></trkpt><trkpt lat="33.59748133528543" lon="130.3314422210441"><ele>7.445793074514498</ele><time>2026-01-03T06:52:04.00400Z</time><extensions><mytracks:speed>4.026439419643919</mytracks:speed><mytracks:gradient>0.04800351503057426</mytracks:gradient><mytracks:length>0.005600377985782087</mytracks:length></extensions></trkpt><trkpt lat="33.59749784607389" lon="130.3313865773282"><ele>7.712518387219004</ele><time>2026-01-03T06:52:09.00500Z</time><extensions><mytracks:speed>3.937837108007949</mytracks:speed><mytracks:gradient>0.04875308220844284</mytracks:gradient><mytracks:length>0.005470942566546401</mytracks:length></extensions></trkpt><trkpt lat="33.59750477535225" lon="130.3313336536431"><ele>7.662553306808223</ele><time>2026-01-03T06:52:14.00500Z</time><extensions><mytracks:speed>3.572561031464053</mytracks:speed><mytracks:length>0.004962129170558869</mytracks:length></extensions></trkpt><trkpt lat="33.59752004109709" lon="130.3312829320933"><ele>7.816840382792192</ele><time>2026-01-03T06:52:19.00600Z</time><extensions><mytracks:speed>3.595592635647614</mytracks:speed><mytracks:gradient>0.03089006255251967</mytracks:gradient><mytracks:length>0.004994715556876834</mytracks:length></extensions></trkpt><trkpt lat="33.59752417773104" lon="130.3312305435522"><ele>7.915602090159722</ele><time>2026-01-03T06:52:24.00000Z</time><extensions><mytracks:speed>3.513094695852943</mytracks:speed><mytracks:gradient>0.02026611775230143</mytracks:gradient><mytracks:length>0.00487324255067624</mytracks:length></extensions></trkpt><trkpt lat="33.59753760709657" lon="130.3311835563166"><ele>8.190251231363886</ele><time>2026-01-03T06:52:29.00200Z</time><extensions><mytracks:speed>3.31193152347822</mytracks:speed><mytracks:gradient>0.059691022609486</mytracks:gradient><mytracks:length>0.004601180030052245</mytracks:length></extensions></trkpt><trkpt lat="33.59754299149932" lon="130.3311286393279"><ele>7.811558382625286</ele><time>2026-01-03T06:52:33.99600Z</time><extensions><mytracks:speed>3.690930607037227</mytracks:speed><mytracks:length>0.005120349179195949</mytracks:length></extensions></trkpt><trkpt lat="33.597555044706" lon="130.3310777354103"><ele>7.691817735760156</ele><time>2026-01-03T06:52:38.99600Z</time><extensions><mytracks:speed>3.528158071951971</mytracks:speed><mytracks:length>0.004900905455292756</mytracks:length></extensions></trkpt><trkpt lat="33.59756441043761" lon="130.3310248481328"><ele>7.553553339887491</ele><time>2026-01-03T06:52:43.99800Z</time><extensions><mytracks:speed>3.604015294165082</mytracks:speed><mytracks:length>0.005007330770510971</mytracks:length></extensions></trkpt><trkpt lat="33.59757030770029" lon="130.3309673482536"><ele>7.24183098623455</ele><time>2026-01-03T06:52:49.00200Z</time><extensions><mytracks:speed>3.860993521236128</mytracks:speed><mytracks:length>0.00536615421001508</mytracks:length></extensions></trkpt><trkpt lat="33.5975876504633" lon="130.3309142630442"><ele>7.29918888562784</ele><time>2026-01-03T06:52:53.99900Z</time><extensions><mytracks:speed>3.803844921780037</mytracks:speed><mytracks:gradient>0.01086188912611062</mytracks:gradient><mytracks:length>0.005280655945512184</mytracks:length></extensions></trkpt><trkpt lat="33.59760676587354" lon="130.3308421784932"><ele>7.167973881175314</ele><time>2026-01-03T06:53:00.79500Z</time><extensions><mytracks:speed>3.711093279936756</mytracks:speed><mytracks:length>0.007005941979222129</mytracks:length></extensions></trkpt><trkpt lat="33.59767382453814" lon="130.3305664577463"><ele>7.034825712442398</ele><time>2026-01-03T06:53:26.00000Z</time><extensions><mytracks:speed>3.799780517856686</mytracks:speed><mytracks:length>0.02660340468782695</mytracks:length></extensions></trkpt><trkpt lat="33.59768399636293" lon="130.3305121938365"><ele>6.953922785418807</ele><time>2026-01-03T06:53:31.00000Z</time><extensions><mytracks:speed>3.709643433178545</mytracks:speed><mytracks:length>0.005151934908914207</mytracks:length></extensions></trkpt><trkpt lat="33.59769228870266" lon="130.3304576501467"><ele>7.00679203569234</ele><time>2026-01-03T06:53:36.00100Z</time><extensions><mytracks:speed>3.696816839801402</mytracks:speed><mytracks:gradient>0.01029528261987229</mytracks:gradient><mytracks:length>0.005135288872156155</mytracks:length></extensions></trkpt><trkpt lat="33.59770609710242" lon="130.3304025130041"><ele>7.44243926384707</ele><time>2026-01-03T06:53:40.99400Z</time><extensions><mytracks:speed>3.844631662396177</mytracks:speed><mytracks:gradient>0.08169727209990617</mytracks:gradient><mytracks:length>0.005332457461027398</mytracks:length></extensions></trkpt><trkpt lat="33.5977219425265" lon="130.330345554619"><ele>7.755585781145844</ele><time>2026-01-03T06:53:45.99300Z</time><extensions><mytracks:speed>4.005099122084252</mytracks:speed><mytracks:gradient>0.05630490481115171</mytracks:gradient><mytracks:length>0.005561620579043277</mytracks:length></extensions></trkpt><trkpt lat="33.5977379618717" lon="130.3302879082825"><ele>8.001285203461592</ele><time>2026-01-03T06:53:50.99900Z</time><extensions><mytracks:speed>4.047755380447502</mytracks:speed><mytracks:gradient>0.04365296556820337</mytracks:gradient><mytracks:length>0.005628470348294371</mytracks:length></extensions></trkpt><trkpt lat="33.59774883255012" lon="130.330224748419"><ele>8.223668244460969</ele><time>2026-01-03T06:53:55.99700Z</time><extensions><mytracks:speed>4.302601949121211</mytracks:speed><mytracks:gradient>0.0372289850120453</mytracks:gradient><mytracks:length>0.005973384472540033</mytracks:length></extensions></trkpt><trkpt lat="33.59776027933841" lon="130.3301681472936"><ele>8.14290855933155</ele><time>2026-01-03T06:54:01.00800Z</time><extensions><mytracks:speed>3.87517583563262</mytracks:speed><mytracks:length>0.005394630957985818</mytracks:length></extensions></trkpt><trkpt lat="33.59777872013095" lon="130.3301120741567"><ele>8.283134443283178</ele><time>2026-01-03T06:54:06.00400Z</time><extensions><mytracks:speed>4.022738981967582</mytracks:speed><mytracks:gradient>0.02511816876654959</mytracks:gradient><mytracks:length>0.00558264757494461</mytracks:length></extensions></trkpt><trkpt lat="33.59779043509906" lon="130.330056529309"><ele>8.186402597998178</ele><time>2026-01-03T06:54:11.00100Z</time><extensions><mytracks:speed>3.822441770535441</mytracks:speed><mytracks:length>0.005305345966859289</mytracks:length></extensions></trkpt><trkpt lat="33.59780067548657" lon="130.3299981326647"><ele>8.158123931141329</ele><time>2026-01-03T06:54:16.00900Z</time><extensions><mytracks:speed>3.973578346620712</mytracks:speed><mytracks:length>0.005527484926405687</mytracks:length></extensions></trkpt><trkpt lat="33.5978115648808" lon="130.3299428251662"><ele>8.217976580543462</ele><time>2026-01-03T06:54:20.99900Z</time><extensions><mytracks:speed>3.796575210152745</mytracks:speed><mytracks:gradient>0.01137298277659663</mytracks:gradient><mytracks:length>0.005262704655220106</mytracks:length></extensions></trkpt><trkpt lat="33.59782146128435" lon="130.3298896248811"><ele>8.042416435720034</ele><time>2026-01-03T06:54:25.99700Z</time><extensions><mytracks:speed>3.636534685308884</mytracks:speed><mytracks:length>0.005048558818326389</mytracks:length></extensions></trkpt><trkpt lat="33.59783608558146" lon="130.3298362400147"><ele>8.042491712281535</ele><time>2026-01-03T06:54:31.00200Z</time><extensions><mytracks:speed>3.743394148233526</mytracks:speed><mytracks:gradient>1.446230669400503e-05</mytracks:gradient><mytracks:length>0.005205017643051983</mytracks:length></extensions></trkpt><trkpt lat="33.59784939789174" lon="130.3297788309913"><ele>8.095474507424937</ele><time>2026-01-03T06:54:35.99800Z</time><extensions><mytracks:speed>3.977452733983289</mytracks:speed><mytracks:gradient>0.009599504092778105</mytracks:gradient><mytracks:length>0.005519326272620882</mytracks:length></extensions></trkpt><trkpt lat="33.59786058521617" lon="130.3297184943379"><ele>7.707931470141553</ele><time>2026-01-03T06:54:40.99900Z</time><extensions><mytracks:speed>4.121603916067716</mytracks:speed><mytracks:length>0.005725314766824279</mytracks:length></extensions></trkpt><trkpt lat="33.59786606001381" lon="130.3296565521924"><ele>7.533694454439931</ele><time>2026-01-03T06:54:46.00600Z</time><extensions><mytracks:speed>4.147344453348226</mytracks:speed><mytracks:length>0.005769223603225158</mytracks:length></extensions></trkpt><trkpt lat="33.59787572779043" lon="130.3295953854472"><ele>7.413910195913665</ele><time>2026-01-03T06:54:50.99900Z</time><extensions><mytracks:speed>4.157398950818581</mytracks:speed><mytracks:length>0.005766098346439357</mytracks:length></extensions></trkpt><trkpt lat="33.59788417399825" lon="130.3295386907743"><ele>7.430346720154362</ele><time>2026-01-03T06:54:55.99600Z</time><extensions><mytracks:speed>3.842967755983011</mytracks:speed><mytracks:gradient>0.003081377987816348</mytracks:gradient><mytracks:length>0.005334147354101361</mytracks:length></extensions></trkpt><trkpt lat="33.59790324595907" lon="130.3294797508114"><ele>7.47576066912729</ele><time>2026-01-03T06:55:01.00100Z</time><extensions><mytracks:speed>4.212574229606503</mytracks:speed><mytracks:gradient>0.007755043161659374</mytracks:gradient><mytracks:length>0.005856053670655566</mytracks:length></extensions></trkpt><trkpt lat="33.59791116236423" lon="130.3294244234635"><ele>7.378374584155114</ele><time>2026-01-03T06:55:05.99100Z</time><extensions><mytracks:speed>3.750741888801322</mytracks:speed><mytracks:length>0.005198953710977158</mytracks:length></extensions></trkpt><trkpt lat="33.59791833082166" lon="130.3293698141833"><ele>7.668272656486643</ele><time>2026-01-03T06:55:11.00000Z</time><extensions><mytracks:speed>3.680551255281995</mytracks:speed><mytracks:gradient>0.05660712721777559</mytracks:gradient><mytracks:length>0.005121229191091971</mytracks:length></extensions></trkpt><trkpt lat="33.59792519867529" lon="130.3293134910406"><ele>7.576516523046061</ele><time>2026-01-03T06:55:15.99900Z</time><extensions><mytracks:speed>3.797076519943383</mytracks:speed><mytracks:length>0.005272970018658756</mytracks:length></extensions></trkpt><trkpt lat="33.59793194205005" lon="130.3292521567727"><ele>7.905134396336684</ele><time>2026-01-03T06:55:21.49900Z</time><extensions><mytracks:speed>3.750805184528903</mytracks:speed><mytracks:gradient>0.05735006008826</mytracks:gradient><mytracks:length>0.005730035378949725</mytracks:length></extensions></trkpt><trkpt lat="33.597934567515" lon="130.3291992174126"><ele>8.264483018777446</ele><time>2026-01-03T06:55:26.50200Z</time><extensions><mytracks:speed>3.534392379359744</mytracks:speed><mytracks:gradient>0.0731583801537819</mytracks:gradient><mytracks:length>0.004911926995723475</mytracks:length></extensions></trkpt><trkpt lat="33.59793225613365" lon="130.3291668069623"><ele>8.433772484001661</ele><time>2026-01-03T06:55:31.49900Z</time><extensions><mytracks:speed>2.171443151500176</mytracks:speed><mytracks:gradient>0.05616580000658036</mytracks:gradient><mytracks:length>0.003014102268718361</mytracks:length></extensions></trkpt><trkpt lat="33.59792927011953" lon="130.3291074261508"><ele>8.589418082676289</ele><time>2026-01-03T06:55:37.00500Z</time><extensions><mytracks:speed>3.602051019312132</mytracks:speed><mytracks:gradient>0.02825449622403109</mytracks:gradient><mytracks:length>0.005508701958106328</mytracks:length></extensions></trkpt><trkpt lat="33.59794649554892" lon="130.3290556668257"><ele>8.503711967976994</ele><time>2026-01-03T06:55:42.00600Z</time><extensions><mytracks:speed>3.716284556401744</mytracks:speed><mytracks:length>0.00516242054033644</mytracks:length></extensions></trkpt><trkpt lat="33.59795282492341" lon="130.329025120796"><ele>8.617331169358433</ele><time>2026-01-03T06:55:46.99900Z</time><extensions><mytracks:speed>2.101899013543372</mytracks:speed><mytracks:gradient>0.03897338862940317</mytracks:gradient><mytracks:length>0.002915302091430672</mytracks:length></extensions></trkpt><trkpt lat="33.59796805386188" lon="130.3290047060033"><ele>8.750108121064825</ele><time>2026-01-03T06:55:52.00000Z</time><extensions><mytracks:speed>1.827321928534744</mytracks:speed><mytracks:gradient>0.05230484930266634</mytracks:gradient><mytracks:length>0.002538520872855725</mytracks:length></extensions></trkpt><trkpt lat="33.59798695382752" lon="130.3289596542151"><ele>8.422338762396523</ele><time>2026-01-03T06:55:56.99600Z</time><extensions><mytracks:speed>3.366766435394002</mytracks:speed><mytracks:length>0.004672128589555717</mytracks:length></extensions></trkpt><trkpt lat="33.59802913043269" lon="130.3288476178313"><ele>7.764753578681659</ele><time>2026-01-03T06:56:07.77400Z</time><extensions><mytracks:speed>3.803486747988147</mytracks:speed><mytracks:length>0.01138748800170201</mytracks:length></extensions></trkpt><trkpt lat="33.59813534102962" lon="130.3284906733978"><ele>6.792836052365601</ele><time>2026-01-03T06:56:41.99900Z</time><extensions><mytracks:speed>3.692613623460302</mytracks:speed><mytracks:length>0.03510591279133764</mytracks:length></extensions></trkpt><trkpt lat="33.59815194395748" lon="130.3284414779019"><ele>7.242828456315979</ele><time>2026-01-03T06:56:47.00100Z</time><extensions><mytracks:speed>3.538368505099203</mytracks:speed><mytracks:gradient>0.09154382568557433</mytracks:gradient><mytracks:length>0.00491559535097394</mytracks:length></extensions></trkpt><trkpt lat="33.59817185561546" lon="130.3283935516985"><ele>7.507851333028072</ele><time>2026-01-03T06:56:51.99400Z</time><extensions><mytracks:speed>3.575513571491435</mytracks:speed><mytracks:gradient>0.05343845311357605</mytracks:gradient><mytracks:length>0.004959403973554843</mytracks:length></extensions></trkpt><trkpt lat="33.59818060406337" lon="130.3283378704349"><ele>7.571230323868895</ele><time>2026-01-03T06:56:57.00900Z</time><extensions><mytracks:speed>3.767761671054693</mytracks:speed><mytracks:gradient>0.01207452020641136</mytracks:gradient><mytracks:length>0.005248986275013211</mytracks:length></extensions></trkpt><trkpt lat="33.59819112802512" lon="130.3282822281418"><ele>7.486327895488242</ele><time>2026-01-03T06:57:02.00300Z</time><extensions><mytracks:speed>3.81016643347207</mytracks:speed><mytracks:length>0.005284921074989924</mytracks:length></extensions></trkpt><trkpt lat="33.59819862252802" lon="130.3282304302314"><ele>7.522880446183022</ele><time>2026-01-03T06:57:07.00100Z</time><extensions><mytracks:speed>3.506521844216325</mytracks:speed><mytracks:gradient>0.007507789646516766</mytracks:gradient><mytracks:length>0.004868616785466072</mytracks:length></extensions></trkpt><trkpt lat="33.59821806911039" lon="130.3281768548242"><ele>7.344963389124571</ele><time>2026-01-03T06:57:12.00700Z</time><extensions><mytracks:speed>3.89279299014257</mytracks:speed><mytracks:length>0.005412977259369993</mytracks:length></extensions></trkpt><trkpt lat="33.59822303562004" lon="130.3281221790619"><ele>7.08408063659384</ele><time>2026-01-03T06:57:16.99800Z</time><extensions><mytracks:speed>3.673930857137753</mytracks:speed><mytracks:length>0.005093878128979509</mytracks:length></extensions></trkpt><trkpt lat="33.59822961485088" lon="130.3280699563034"><ele>6.917565851543809</ele><time>2026-01-03T06:57:21.99700Z</time><extensions><mytracks:speed>3.522491821424621</mytracks:speed><mytracks:length>0.004890780557632847</mytracks:length></extensions></trkpt><trkpt lat="33.59823401268961" lon="130.3280080836855"><ele>6.839857818616011</ele><time>2026-01-03T06:57:27.49600Z</time><extensions><mytracks:speed>3.764923764657943</mytracks:speed><mytracks:length>0.005751230184544232</mytracks:length></extensions></trkpt><trkpt lat="33.5982417656865" lon="130.3279558915971"><ele>6.963338537679224</ele><time>2026-01-03T06:57:32.49700Z</time><extensions><mytracks:speed>3.534965525367925</mytracks:speed><mytracks:gradient>0.02514365317296682</mytracks:gradient><mytracks:length>0.004911009478764741</mytracks:length></extensions></trkpt><trkpt lat="33.59825342313344" lon="130.3279104804673"><ele>7.119946448596324</ele><time>2026-01-03T06:57:37.50500Z</time><extensions><mytracks:speed>3.164296470836777</mytracks:speed><mytracks:gradient>0.03557678903759286</mytracks:gradient><mytracks:length>0.004401968675464713</mytracks:length></extensions></trkpt><trkpt lat="33.59826044286412" lon="130.3278596950734"><ele>6.980970180833975</ele><time>2026-01-03T06:57:42.99400Z</time><extensions><mytracks:speed>3.126896541704089</mytracks:speed><mytracks:length>0.004767604916237645</mytracks:length></extensions></trkpt><trkpt lat="33.59827739376717" lon="130.3278045352918"><ele>6.760448941872705</ele><time>2026-01-03T06:57:48.00600Z</time><extensions><mytracks:speed>3.911454051067266</mytracks:speed><mytracks:length>0.005445348338871682</mytracks:length></extensions></trkpt><trkpt lat="33.59832075410589" lon="130.3275371494738"><ele>7.384620187804103</ele><time>2026-01-03T06:58:12.00000Z</time><extensions><mytracks:speed>3.785465594081955</mytracks:speed><mytracks:gradient>0.02473948532629586</mytracks:gradient><mytracks:length>0.02522975873180192</mytracks:length></extensions></trkpt><trkpt lat="33.59833391699987" lon="130.3274840265035"><ele>6.847165909375314</ele><time>2026-01-03T06:58:17.00000Z</time><extensions><mytracks:speed>3.695855552745971</mytracks:speed><mytracks:length>0.005133533517850161</mytracks:length></extensions></trkpt><trkpt lat="33.59835249466544" lon="130.3274237865944"><ele>6.783401560704982</ele><time>2026-01-03T06:58:21.99900Z</time><extensions><mytracks:speed>4.285339782662619</mytracks:speed><mytracks:length>0.005950709263002648</mytracks:length></extensions></trkpt><trkpt lat="33.5983609571817" lon="130.3273609961821"><ele>6.385477255776804</ele><time>2026-01-03T06:58:26.99700Z</time><extensions><mytracks:speed>4.243442186332153</mytracks:speed><mytracks:length>0.005891345286977644</mytracks:length></extensions></trkpt><trkpt lat="33.59837362998729" lon="130.3273055682828"><ele>6.391340716036058</ele><time>2026-01-03T06:58:32.00100Z</time><extensions><mytracks:speed>3.829779919753155</mytracks:speed><mytracks:gradient>0.001101501263059784</mytracks:gradient><mytracks:length>0.005323153459639119</mytracks:length></extensions></trkpt><trkpt lat="33.5983839854877" lon="130.3272525325873"><ele>6.400959280310819</ele><time>2026-01-03T06:58:37.00000Z</time><extensions><mytracks:speed>3.63334185726038</mytracks:speed><mytracks:gradient>0.001906221254058168</mytracks:gradient><mytracks:length>0.00504588030077027</mytracks:length></extensions></trkpt><trkpt lat="33.59839987340074" lon="130.3272052432499"><ele>6.724743979574518</ele><time>2026-01-03T06:58:42.00100Z</time><extensions><mytracks:speed>3.400169450456442</mytracks:speed><mytracks:gradient>0.06855529476062176</mytracks:gradient><mytracks:length>0.00472297144070746</mytracks:length></extensions></trkpt><trkpt lat="33.59841300571423" lon="130.3271555190082"><ele>6.887814466440124</ele><time>2026-01-03T06:58:46.99900Z</time><extensions><mytracks:speed>3.479547245156166</mytracks:speed><mytracks:gradient>0.03375838212278998</mytracks:gradient><mytracks:length>0.004830518425689555</mytracks:length></extensions></trkpt><trkpt lat="33.59842382674358" lon="130.3271080224943"><ele>6.793163969122949</ele><time>2026-01-03T06:58:52.00500Z</time><extensions><mytracks:speed>3.278754781880218</mytracks:speed><mytracks:length>0.004559860065326129</mytracks:length></extensions></trkpt><trkpt lat="33.5984338763296" lon="130.327061332969"><ele>6.711354966158985</ele><time>2026-01-03T06:58:57.00400Z</time><extensions><mytracks:speed>3.215935209109864</mytracks:speed><mytracks:length>0.004464987826340181</mytracks:length></extensions></trkpt><trkpt lat="33.59844780758437" lon="130.3270129343637"><ele>6.798274412385481</ele><time>2026-01-03T06:59:01.99700Z</time><extensions><mytracks:speed>3.418988755321093</mytracks:speed><mytracks:gradient>0.01832964095203604</mytracks:gradient><mytracks:length>0.004742015757643178</mytracks:length></extensions></trkpt><trkpt lat="33.59846119907428" lon="130.3269665019899"><ele>6.989259745406422</ele><time>2026-01-03T06:59:07.00700Z</time><extensions><mytracks:speed>3.270179079626373</mytracks:speed><mytracks:gradient>0.04196597197741812</mytracks:gradient><mytracks:length>0.004550956978280168</mytracks:length></extensions></trkpt><trkpt lat="33.59847009866445" lon="130.3269147397678"><ele>7.144025836464406</ele><time>2026-01-03T06:59:11.99500Z</time><extensions><mytracks:speed>3.532790595179914</mytracks:speed><mytracks:gradient>0.03161468996824765</mytracks:gradient><mytracks:length>0.004895385379816274</mytracks:length></extensions></trkpt><trkpt lat="33.598479128527" lon="130.3268615281028"><ele>7.179412405487851</ele><time>2026-01-03T06:59:17.00300Z</time><extensions><mytracks:speed>3.616045656263874</mytracks:speed><mytracks:gradient>0.007035411958743145</mytracks:gradient><mytracks:length>0.005029779241209634</mytracks:length></extensions></trkpt><trkpt lat="33.59849047038296" lon="130.3268097447554"><ele>7.605185747195343</ele><time>2026-01-03T06:59:21.99100Z</time><extensions><mytracks:speed>3.578388587715542</mytracks:speed><mytracks:gradient>0.08586744989195905</mytracks:gradient><mytracks:length>0.004958495241715139</mytracks:length></extensions></trkpt><trkpt lat="33.59850685141107" lon="130.326754571959"><ele>7.673663821042983</ele><time>2026-01-03T06:59:26.99700Z</time><extensions><mytracks:speed>3.900947575283139</mytracks:speed><mytracks:gradient>0.01262357095179487</mytracks:gradient><mytracks:length>0.005424619872549154</mytracks:length></extensions></trkpt><trkpt lat="33.598517891545" lon="130.3267005654992"><ele>7.577089309274255</ele><time>2026-01-03T06:59:32.49500Z</time><extensions><mytracks:speed>3.372063349934714</mytracks:speed><mytracks:length>0.00515018522813394</mytracks:length></extensions></trkpt><trkpt lat="33.59852705108683" lon="130.3266617171049"><ele>7.50791165058516</ele><time>2026-01-03T06:59:38.00500Z</time><extensions><mytracks:speed>2.442274305265088</mytracks:speed><mytracks:length>0.003737606418529896</mytracks:length></extensions></trkpt><trkpt lat="33.59853830793642" lon="130.3266106869806"><ele>7.353280040719534</ele><time>2026-01-03T06:59:43.50500Z</time><extensions><mytracks:speed>3.199208639423577</mytracks:speed><mytracks:length>0.004888015582065975</mytracks:length></extensions></trkpt><trkpt lat="33.5985516255215" lon="130.3265627928841"><ele>7.318901398029592</ele><time>2026-01-03T06:59:49.00100Z</time><extensions><mytracks:speed>3.062638078664122</mytracks:speed><mytracks:length>0.004675021250191659</mytracks:length></extensions></trkpt><trkpt lat="33.59856758490082" lon="130.3265196703637"><ele>7.254341563601199</ele><time>2026-01-03T06:59:53.99500Z</time><extensions><mytracks:speed>3.149837192789146</mytracks:speed><mytracks:length>0.004370118326198482</mytracks:length></extensions></trkpt><trkpt lat="33.59858702138916" lon="130.3264502746783"><ele>7.311146676539808</ele><time>2026-01-03T07:00:00.63200Z</time><extensions><mytracks:speed>3.678514889184833</mytracks:speed><mytracks:gradient>0.008377018656756042</mytracks:gradient><mytracks:length>0.006781065587432611</mytracks:length></extensions></trkpt><trkpt lat="33.59861216671486" lon="130.3263035879083"><ele>7.181463211774826</ele><time>2026-01-03T07:00:15.00000Z</time><extensions><mytracks:speed>3.475261435353873</mytracks:speed><mytracks:length>0.01387030370015776</mytracks:length></extensions></trkpt><trkpt lat="33.59861451869592" lon="130.3262524316305"><ele>7.346573391218681</ele><time>2026-01-03T07:00:19.99900Z</time><extensions><mytracks:speed>3.41679216100168</mytracks:speed><mytracks:gradient>0.03479764991682181</mytracks:gradient><mytracks:length>0.004744865812447797</mytracks:length></extensions></trkpt><trkpt lat="33.59862147687433" lon="130.3262033865212"><ele>7.428826871681313</ele><time>2026-01-03T07:00:25.00400Z</time><extensions><mytracks:speed>3.314434066163705</mytracks:speed><mytracks:gradient>0.01785002886800446</mytracks:gradient><mytracks:length>0.004608030668794517</mytracks:length></extensions></trkpt><trkpt lat="33.59863659210755" lon="130.3261630289095"><ele>7.310704907226615</ele><time>2026-01-03T07:00:29.99900Z</time><extensions><mytracks:speed>2.953824016852395</mytracks:speed><mytracks:length>0.004098742847630566</mytracks:length></extensions></trkpt><trkpt lat="33.59864908011853" lon="130.3261176832368"><ele>7.230008871562863</ele><time>2026-01-03T07:00:35.00400Z</time><extensions><mytracks:speed>3.181426016469788</mytracks:speed><mytracks:length>0.004422395553969641</mytracks:length></extensions></trkpt><trkpt lat="33.59866290028953" lon="130.3260681710169"><ele>7.485219369393626</ele><time>2026-01-03T07:00:39.99900Z</time><extensions><mytracks:speed>3.484325332813802</mytracks:speed><mytracks:gradient>0.05278199861965622</mytracks:gradient><mytracks:length>0.004835180639327323</mytracks:length></extensions></trkpt><trkpt lat="33.59866748741398" lon="130.3260152353922"><ele>7.566699623008053</ele><time>2026-01-03T07:00:45.00200Z</time><extensions><mytracks:speed>3.547550042312667</mytracks:speed><mytracks:gradient>0.01652969005816477</mytracks:gradient><mytracks:length>0.004929327369582491</mytracks:length></extensions></trkpt><trkpt lat="33.59868482373287" lon="130.3259582895791"><ele>7.596115802898217</ele><time>2026-01-03T07:00:49.99100Z</time><extensions><mytracks:speed>4.052122020902109</mytracks:speed><mytracks:gradient>0.005238254366367334</mytracks:gradient><mytracks:length>0.00561564556296341</mytracks:length></extensions></trkpt><trkpt lat="33.59869072061782" lon="130.3258960774526"><ele>7.433441572305765</ele><time>2026-01-03T07:00:55.00500Z</time><extensions><mytracks:speed>4.163428446059299</mytracks:speed><mytracks:length>0.005798829536588076</mytracks:length></extensions></trkpt><trkpt lat="33.5987038534517" lon="130.3258439713153"><ele>7.404795117561753</ele><time>2026-01-03T07:00:59.99700Z</time><extensions><mytracks:speed>3.636319282672384</mytracks:speed><mytracks:length>0.005042306730703904</mytracks:length></extensions></trkpt><trkpt lat="33.59871335819103" lon="130.3258017326878"><ele>7.173305935072968</ele><time>2026-01-03T07:01:05.00500Z</time><extensions><mytracks:speed>2.913022756217907</mytracks:speed><mytracks:length>0.004052302935049051</mytracks:length></extensions></trkpt><trkpt lat="33.59869752400058" lon="130.3258613517563"><ele>7.11657069335095</ele><time>2026-01-03T07:01:56.81900Z</time><extensions><mytracks:speed>0.402732806790958</mytracks:speed><mytracks:length>0.005796497723798966</mytracks:length></extensions></trkpt><trkpt lat="33.59860957535511" lon="130.3261843020536"><ele>6.948119738139212</ele><time>2026-01-03T07:06:38.00000Z</time><extensions><mytracks:speed>0.4029046776796495</mytracks:speed><mytracks:length>0.03146915394451446</mytracks:length></extensions></trkpt><trkpt lat="33.59860882047104" lon="130.3261826675329"><ele>7.085382045046166</ele><time>2026-01-03T07:06:42.99800Z</time><extensions><mytracks:speed>0.1367450099184788</mytracks:speed><mytracks:gradient>0.7229255600804447</mytracks:gradient><mytracks:length>0.0001898705959320068</mytracks:length></extensions></trkpt><trkpt lat="33.59862014146194" lon="130.326184429661"><ele>7.344998918653341</ele><time>2026-01-03T07:06:48.01000Z</time><extensions><mytracks:speed>0.9123591641332083</mytracks:speed><mytracks:gradient>0.2043989603045593</mytracks:gradient><mytracks:length>0.001270147721007681</mytracks:length></extensions></trkpt><trkpt lat="33.59863530450414" lon="130.3261789738614"><ele>7.167892133949021</ele><time>2026-01-03T07:06:53.01200Z</time><extensions><mytracks:speed>1.263554042140708</mytracks:speed><mytracks:length>0.001755661440472997</mytracks:length></extensions></trkpt><trkpt lat="33.59864773920155" lon="130.3261709990022"><ele>7.038316872553341</ele><time>2026-01-03T07:06:58.00900Z</time><extensions><mytracks:speed>1.132193685571486</mytracks:speed><mytracks:length>0.001571458799705207</mytracks:length></extensions></trkpt><trkpt lat="33.59865541148983" lon="130.3261597275561"><ele>6.973682579043153</ele><time>2026-01-03T07:07:03.00200Z</time><extensions><mytracks:speed>0.9728813959123236</mytracks:speed><mytracks:length>0.0013492840996538</mytracks:length></extensions></trkpt><trkpt lat="33.59867744098186" lon="130.3261028280525"><ele>7.304144596763437</ele><time>2026-01-03T07:07:07.98800Z</time><extensions><mytracks:speed>4.19510765858284</mytracks:speed><mytracks:gradient>0.05686590901838169</mytracks:gradient><mytracks:length>0.005811250069236791</mytracks:length></extensions></trkpt><trkpt lat="33.59869544558239" lon="130.3260439951248"><ele>7.612754224784605</ele><time>2026-01-03T07:07:12.99400Z</time><extensions><mytracks:speed>4.175220807236538</mytracks:speed><mytracks:gradient>0.05316233168064872</mytracks:gradient><mytracks:length>0.005805043124801524</mytracks:length></extensions></trkpt><trkpt lat="33.59871161481749" lon="130.3260083906353"><ele>7.664085157661609</ele><time>2026-01-03T07:07:17.99800Z</time><extensions><mytracks:speed>2.700816487563108</mytracks:speed><mytracks:gradient>0.01367203195983957</mytracks:gradient><mytracks:length>0.003754447987525516</mytracks:length></extensions></trkpt><trkpt lat="33.598702921578" lon="130.3260288203562"><ele>7.204962397430598</ele><time>2026-01-03T07:07:34.67500Z</time><extensions><mytracks:speed>0.4591602993669048</mytracks:speed><mytracks:length>0.002127059195590653</mytracks:length></extensions></trkpt><trkpt lat="33.59865877546834" lon="130.3261220148786"><ele>5.99160223454237</ele><time>2026-01-03T07:08:53.00000Z</time><extensions><mytracks:speed>0.4563961807812145</mytracks:speed><mytracks:length>0.00992970574341751</mytracks:length></extensions></trkpt><trkpt lat="33.59863868989875" lon="130.326179090746"><ele>6.460010957086568</ele><time>2026-01-03T07:08:58.00500Z</time><extensions><mytracks:speed>4.127327695730497</mytracks:speed><mytracks:gradient>0.08162308109579766</mytracks:gradient><mytracks:length>0.005738679749107313</mytracks:length></extensions></trkpt><trkpt lat="33.59861895130926" lon="130.3262540421101"><ele>7.046323146366204</ele><time>2026-01-03T07:09:03.00900Z</time><extensions><mytracks:speed>5.238188331017298</mytracks:speed><mytracks:gradient>0.08053332228146159</mytracks:gradient><mytracks:length>0.007280367587847575</mytracks:length></extensions></trkpt><trkpt lat="33.59861047842922" lon="130.3263242370822"><ele>7.042032221293952</ele><time>2026-01-03T07:09:08.00200Z</time><extensions><mytracks:speed>4.735742088006248</mytracks:speed><mytracks:length>0.006569083597420236</mytracks:length></extensions></trkpt><trkpt lat="33.59860568433992" lon="130.3263843703201"><ele>7.028150127212184</ele><time>2026-01-03T07:09:12.99700Z</time><extensions><mytracks:speed>4.031633539664548</mytracks:speed><mytracks:length>0.005593937065898531</mytracks:length></extensions></trkpt><trkpt lat="33.5985831026927" lon="130.3264453266054"><ele>7.212795796495255</ele><time>2026-01-03T07:09:18.00300Z</time><extensions><mytracks:speed>4.443695029666848</mytracks:speed><mytracks:gradient>0.02988363563727102</mytracks:gradient><mytracks:length>0.006178822132765545</mytracks:length></extensions></trkpt><trkpt lat="33.59856424775492" lon="130.3265101223997"><ele>6.957886023102595</ele><time>2026-01-03T07:09:23.00500Z</time><extensions><mytracks:speed>4.575458743118881</mytracks:speed><mytracks:length>0.006357121614907755</mytracks:length></extensions></trkpt><trkpt lat="33.59855637388323" lon="130.3265794283725"><ele>6.977912466240518</ele><time>2026-01-03T07:09:28.00200Z</time><extensions><mytracks:speed>4.668036661254432</mytracks:speed><mytracks:gradient>0.003090838846441142</mytracks:gradient><mytracks:length>0.006479290617491177</mytracks:length></extensions></trkpt><trkpt lat="33.59852894471382" lon="130.3266345539712"><ele>6.802727793944732</ele><time>2026-01-03T07:09:32.99900Z</time><extensions><mytracks:speed>4.284500763071726</mytracks:speed><mytracks:length>0.00594767937010612</mytracks:length></extensions></trkpt><trkpt lat="33.59851067842209" lon="130.3266848203668"><ele>6.953928782876386</ele><time>2026-01-03T07:09:37.99700Z</time><extensions><mytracks:speed>3.658063259707477</mytracks:speed><mytracks:gradient>0.02977090926861649</mytracks:gradient><mytracks:length>0.005078816624893793</mytracks:length></extensions></trkpt><trkpt lat="33.598498469814" lon="130.3267455489285"><ele>7.152681233724008</ele><time>2026-01-03T07:09:43.00200Z</time><extensions><mytracks:speed>4.16156255972258</mytracks:speed><mytracks:gradient>0.03435293322372369</mytracks:gradient><mytracks:length>0.005785603504458984</mytracks:length></extensions></trkpt><trkpt lat="33.59848607844305" lon="130.3268157708518"><ele>7.33163346314914</ele><time>2026-01-03T07:09:53.35300Z</time><extensions><mytracks:speed>2.312016066627498</mytracks:speed><mytracks:gradient>0.02692021033650511</mytracks:gradient><mytracks:length>0.006647504874152674</mytracks:length></extensions></trkpt><trkpt lat="33.59846502906625" lon="130.3270496567227"><ele>7.037654065527022</ele><time>2026-01-03T07:10:27.00000Z</time><extensions><mytracks:speed>2.331167667502627</mytracks:speed><mytracks:length>0.02178801283395233</mytracks:length></extensions></trkpt><trkpt lat="33.59844350111843" lon="130.3271044643027"><ele>7.157156421792541</ele><time>2026-01-03T07:10:32.00200Z</time><extensions><mytracks:speed>4.039297863974662</mytracks:speed><mytracks:gradient>0.02129242668947655</mytracks:gradient><mytracks:length>0.005612434787650637</mytracks:length></extensions></trkpt><trkpt lat="33.59842168381289" lon="130.3271556393993"><ele>6.988443633014767</ele><time>2026-01-03T07:10:37.00600Z</time><extensions><mytracks:speed>3.83011719576586</mytracks:speed><mytracks:length>0.00532399994981854</mytracks:length></extensions></trkpt><trkpt lat="33.5984082674155" lon="130.3272163999397"><ele>6.906655632069076</ele><time>2026-01-03T07:10:42.00400Z</time><extensions><mytracks:speed>4.194051906716725</mytracks:speed><mytracks:length>0.005822096299306904</mytracks:length></extensions></trkpt><trkpt lat="33.59839020275627" lon="130.3272776984535"><ele>7.296453288985137</ele><time>2026-01-03T07:10:47.00100Z</time><extensions><mytracks:speed>4.33858412842477</mytracks:speed><mytracks:gradient>0.06472655911443716</mytracks:gradient><mytracks:length>0.00602222120639682</mytracks:length></extensions></trkpt><trkpt lat="33.59837318688347" lon="130.3273366253779"><ele>6.875106167688049</ele><time>2026-01-03T07:10:52.00500Z</time><extensions><mytracks:speed>4.154760854111858</mytracks:speed><mytracks:length>0.00577546904332535</mytracks:length></extensions></trkpt><trkpt lat="33.59835771469287" lon="130.3273991519287"><ele>6.683303711951877</ele><time>2026-01-03T07:10:56.99700Z</time><extensions><mytracks:speed>4.356093116335387</mytracks:speed><mytracks:length>0.006040899438723752</mytracks:length></extensions></trkpt><trkpt lat="33.59834618818782" lon="130.3274605139841"><ele>5.828134900591544</ele><time>2026-01-03T07:11:01.99600Z</time><extensions><mytracks:speed>4.19599176437356</mytracks:speed><mytracks:length>0.005825965059318723</mytracks:length></extensions></trkpt><trkpt lat="33.59832356329176" lon="130.3275236100297"><ele>6.84071954641731</ele><time>2026-01-03T07:11:06.99800Z</time><extensions><mytracks:speed>4.579096080308355</mytracks:speed><mytracks:gradient>0.1591416095315225</mytracks:gradient><mytracks:length>0.006362790025855524</mytracks:length></extensions></trkpt><trkpt lat="33.59830248159781" lon="130.3275777855449"><ele>7.44202951657577</ele><time>2026-01-03T07:11:12.00000Z</time><extensions><mytracks:speed>3.985446532044041</mytracks:speed><mytracks:gradient>0.1085934253807722</mytracks:gradient><mytracks:length>0.005537259443193972</mytracks:length></extensions></trkpt><trkpt lat="33.5982862279624" lon="130.3276391634514"><ele>6.443992334238379</ele><time>2026-01-03T07:11:17.00100Z</time><extensions><mytracks:speed>4.293667833419731</mytracks:speed><mytracks:length>0.005965080237346647</mytracks:length></extensions></trkpt><trkpt lat="33.59826791781166" lon="130.3277070432108"><ele>6.167571828642729</ele><time>2026-01-03T07:11:21.99600Z</time><extensions><mytracks:speed>4.762452200501738</mytracks:speed><mytracks:length>0.006608069599019795</mytracks:length></extensions></trkpt><trkpt lat="33.59825860439982" lon="130.327770785246"><ele>5.784020741428721</ele><time>2026-01-03T07:11:27.00000Z</time><extensions><mytracks:speed>4.311975683566366</mytracks:speed><mytracks:length>0.005993718816259197</mytracks:length></extensions></trkpt><trkpt lat="33.59824884805251" lon="130.3278426568215"><ele>5.700876875572888</ele><time>2026-01-03T07:11:32.00400Z</time><extensions><mytracks:speed>4.852826562535493</mytracks:speed><mytracks:length>0.006744416313297135</mytracks:length></extensions></trkpt><trkpt lat="33.59823577919874" lon="130.3279119556949"><ele>5.290305889420262</ele><time>2026-01-03T07:11:36.99400Z</time><extensions><mytracks:speed>4.747200748992023</mytracks:speed><mytracks:length>0.006581419915511676</mytracks:length></extensions></trkpt><trkpt lat="33.59821337934213" lon="130.3279823889874"><ele>5.035352683890074</ele><time>2026-01-03T07:11:41.99300Z</time><extensions><mytracks:speed>5.02817605168774</mytracks:speed><mytracks:length>0.00698210231353213</mytracks:length></extensions></trkpt><trkpt lat="33.59818808597831" lon="130.3280473062084"><ele>4.972517042656256</ele><time>2026-01-03T07:11:47.00300Z</time><extensions><mytracks:speed>4.769418128999049</mytracks:speed><mytracks:length>0.006637328558229218</mytracks:length></extensions></trkpt><trkpt lat="33.59812282145904" lon="130.3280426779326"><ele>5.463628840023644</ele><time>2026-01-03T07:11:51.99400Z</time><extensions><mytracks:speed>5.243572278045708</mytracks:speed><mytracks:gradient>0.06756047617314832</mytracks:gradient><mytracks:length>0.00726921752458842</mytracks:length></extensions></trkpt><trkpt lat="33.59805587738544" lon="130.3280293722438"><ele>5.620964508235691</ele><time>2026-01-03T07:11:56.99700Z</time><extensions><mytracks:speed>5.429459025982186</mytracks:speed><mytracks:gradient>0.02085347378812388</mytracks:gradient><mytracks:length>0.007544818182841534</mytracks:length></extensions></trkpt><trkpt lat="33.59799067476192" lon="130.3280161386"><ele>5.036135897126688</ele><time>2026-01-03T07:12:01.99700Z</time><extensions><mytracks:speed>5.293709229741275</mytracks:speed><mytracks:length>0.007353043729542836</mytracks:length></extensions></trkpt><trkpt lat="33.59792958532862" lon="130.328004607721"><ele>5.265046286363323</ele><time>2026-01-03T07:12:07.49400Z</time><extensions><mytracks:speed>4.503123042663855</mytracks:speed><mytracks:gradient>0.03329075486775078</mytracks:gradient><mytracks:length>0.006876094884180099</mytracks:length></extensions></trkpt><trkpt lat="33.59786005243897" lon="130.32801645487"><ele>6.40377520092542</ele><time>2026-01-03T07:12:13.49100Z</time><extensions><mytracks:speed>4.687871099340218</mytracks:speed><mytracks:gradient>0.1458232031920918</mytracks:gradient><mytracks:length>0.00780896928359239</mytracks:length></extensions></trkpt><trkpt lat="33.59779723127287" lon="130.3280145655844"><ele>6.561702493817508</ele><time>2026-01-03T07:12:19.49700Z</time><extensions><mytracks:speed>4.187831566185666</mytracks:speed><mytracks:gradient>0.02260216574648623</mytracks:gradient><mytracks:length>0.006987263727885895</mytracks:length></extensions></trkpt><trkpt lat="33.59774302767425" lon="130.3280081497331"><ele>5.983731432337114</ele><time>2026-01-03T07:12:24.97300Z</time><extensions><mytracks:speed>3.981907176537581</mytracks:speed><mytracks:length>0.006056544638287639</mytracks:length></extensions></trkpt><trkpt lat="33.59769386239195" lon="130.3280050385334"><ele>7.102678110356903</ele><time>2026-01-03T07:12:29.99900Z</time><extensions><mytracks:speed>3.921283377122084</mytracks:speed><mytracks:gradient>0.2044023330972793</mytracks:gradient><mytracks:length>0.005474236331183456</mytracks:length></extensions></trkpt><trkpt lat="33.59764519050999" lon="130.3280003641644"><ele>7.767407737075934</ele><time>2026-01-03T07:12:34.98800Z</time><extensions><mytracks:speed>3.917578089582415</mytracks:speed><mytracks:gradient>0.1224269543741754</mytracks:gradient><mytracks:length>0.005429601921545867</mytracks:length></extensions></trkpt><trkpt lat="33.59759750162242" lon="130.3280070510556"><ele>7.673133373680987</ele><time>2026-01-03T07:12:40.01400Z</time><extensions><mytracks:speed>3.823875880397095</mytracks:speed><mytracks:length>0.005338369746398804</mytracks:length></extensions></trkpt><trkpt lat="33.59754462739684" lon="130.3280052781174"><ele>7.957509805872572</ele><time>2026-01-03T07:12:45.01000Z</time><extensions><mytracks:speed>4.237784630685007</mytracks:speed><mytracks:gradient>0.04835188371630696</mytracks:gradient><mytracks:length>0.005881393036517375</mytracks:length></extensions></trkpt><trkpt lat="33.59749061676971" lon="130.3280153866895"><ele>7.300163452926665</ele><time>2026-01-03T07:12:50.01200Z</time><extensions><mytracks:speed>4.374835214727036</mytracks:speed><mytracks:length>0.006078083708601561</mytracks:length></extensions></trkpt><trkpt lat="33.59747281120165" lon="130.3280479781507"><ele>7.217339482153507</ele><time>2026-01-03T07:12:54.99300Z</time><extensions><mytracks:speed>2.610145347384849</mytracks:speed><mytracks:length>0.003611286824311627</mytracks:length></extensions></trkpt><trkpt lat="33.59748072808204" lon="130.3280667261308"><ele>7.210323368959024</ele><time>2026-01-03T07:12:59.99200Z</time><extensions><mytracks:speed>1.401084726541532</mytracks:speed><mytracks:length>0.001945594648418691</mytracks:length></extensions></trkpt><trkpt lat="33.59750489573819" lon="130.3280340696145"><ele>5.896693066125847</ele><time>2026-01-03T07:13:04.99500Z</time><extensions><mytracks:speed>2.910852837666951</mytracks:speed><mytracks:length>0.004045625144845699</mytracks:length></extensions></trkpt><trkpt lat="33.5975284705446" lon="130.328005474439"><ele>5.308751491459712</ele><time>2026-01-03T07:13:09.99100Z</time><extensions><mytracks:speed>2.684444215111006</mytracks:speed><mytracks:length>0.003725530114203471</mytracks:length></extensions></trkpt><trkpt lat="33.59755540335573" lon="130.3279475560654"><ele>5.189617566632535</ele><time>2026-01-03T07:13:15.00500Z</time><extensions><mytracks:speed>4.411787077798938</mytracks:speed><mytracks:length>0.006143714904677656</mytracks:length></extensions></trkpt><trkpt lat="33.59768943304932" lon="130.3279516523261"><ele>5.053881898911398</ele><time>2026-01-03T07:13:19.98100Z</time><extensions><mytracks:speed>10.78459757290834</mytracks:speed><mytracks:length>0.01490846943976087</mytracks:length></extensions></trkpt><trkpt lat="33.5979048076997" lon="130.3280466901986"><ele>4.728164282267984</ele><time>2026-01-03T07:13:24.93200Z</time><extensions><mytracks:speed>18.55245771102885</mytracks:speed><mytracks:length>0.02551499831882422</mytracks:length></extensions></trkpt><trkpt lat="33.59809080961764" lon="130.3281662451041"><ele>4.976217911356028</ele><time>2026-01-03T07:13:29.96800Z</time><extensions><mytracks:speed>16.77030306689969</mytracks:speed><mytracks:gradient>0.01057339787255963</mytracks:gradient><mytracks:length>0.02346016219930587</mytracks:length></extensions></trkpt><trkpt lat="33.59804309961518" lon="130.328431345429"><ele>4.94313161213395</ele><time>2026-01-03T07:13:34.94300Z</time><extensions><mytracks:speed>18.17841743862791</mytracks:speed><mytracks:length>0.02512003053231794</mytracks:length></extensions></trkpt><trkpt lat="33.5979487989912" lon="130.3287945877233"><ele>5.330695874905669</ele><time>2026-01-03T07:13:39.90700Z</time><extensions><mytracks:speed>25.55755809685136</mytracks:speed><mytracks:gradient>0.01099811326295019</mytracks:gradient><mytracks:length>0.03523915907261325</mytracks:length></extensions></trkpt><trkpt lat="33.59779856217646" lon="130.3289471845488"><ele>6.968530061518636</ele><time>2026-01-03T07:13:44.96800Z</time><extensions><mytracks:speed>15.56505827700169</mytracks:speed><mytracks:gradient>0.07484875274145532</mytracks:gradient><mytracks:length>0.02188191688738515</mytracks:length></extensions></trkpt><trkpt lat="33.59746407157218" lon="130.3288447088615"><ele>7.184111540145346</ele><time>2026-01-03T07:13:50.02500Z</time><extensions><mytracks:speed>27.32322039915062</mytracks:speed><mytracks:gradient>0.005616194194349278</mytracks:gradient><mytracks:length>0.03838568809526154</mytracks:length></extensions></trkpt><trkpt lat="33.59695159831954" lon="130.328696111671"><ele>6.794071057828986</ele><time>2026-01-03T07:13:56.00800Z</time><extensions><mytracks:speed>35.27569621853063</mytracks:speed><mytracks:length>0.0586229116288382</mytracks:length></extensions></trkpt><trkpt lat="33.59652698908498" lon="130.3285807699525"><ele>5.856622895080378</ele><time>2026-01-03T07:14:01.04700Z</time><extensions><mytracks:speed>34.58729886479198</mytracks:speed><mytracks:length>0.04840787986893534</mytracks:length></extensions></trkpt><trkpt lat="33.59620141918234" lon="130.328534656967"><ele>4.999225314530155</ele><time>2026-01-03T07:14:06.14000Z</time><extensions><mytracks:speed>25.76594822626847</mytracks:speed><mytracks:length>0.03645268206177393</mytracks:length></extensions></trkpt><trkpt lat="33.5960255495507" lon="130.3289074671479"><ele>6.395147546936271</ele><time>2026-01-03T07:14:12.00100Z</time><extensions><mytracks:speed>24.37447329893794</mytracks:speed><mytracks:gradient>0.03517677183084256</mytracks:gradient><mytracks:length>0.03968306810865995</mytracks:length></extensions></trkpt><trkpt lat="33.59593306442418" lon="130.329277210924"><ele>6.829689850082841</ele><time>2026-01-03T07:14:17.00600Z</time><extensions><mytracks:speed>25.71957329195817</mytracks:speed><mytracks:gradient>0.01215270163645709</mytracks:gradient><mytracks:length>0.03575684783068969</mytracks:length></extensions></trkpt><trkpt lat="33.59586116301724" lon="130.32937782721"><ele>7.162106434475551</ele><time>2026-01-03T07:14:22.51500Z</time><extensions><mytracks:speed>8.023051569512647</mytracks:speed><mytracks:gradient>0.02707359553519671</mytracks:gradient><mytracks:length>0.01227825775710346</mytracks:length></extensions></trkpt><trkpt lat="33.59572614465978" lon="130.3293511265724"><ele>7.157108823560482</ele><time>2026-01-03T07:14:27.99600Z</time><extensions><mytracks:speed>9.993631158577623</mytracks:speed><mytracks:length>0.01521514014415193</mytracks:length></extensions></trkpt><trkpt lat="33.59543546649504" lon="130.3292530049927"><ele>7.54333679914956</ele><time>2026-01-03T07:14:33.02400Z</time><extensions><mytracks:speed>24.03829824981873</mytracks:speed><mytracks:gradient>0.01150338210338152</mytracks:gradient><mytracks:length>0.03357516703505334</mytracks:length></extensions></trkpt><trkpt lat="33.59503686053196" lon="130.3291220181576"><ele>7.521588318834874</ele><time>2026-01-03T07:14:38.03000Z</time><extensions><mytracks:speed>33.05093684921183</mytracks:speed><mytracks:length>0.04595348957346204</mytracks:length></extensions></trkpt><trkpt lat="33.5946086752833" lon="130.3289930243662"><ele>6.902320200453646</ele><time>2026-01-03T07:14:43.00100Z</time><extensions><mytracks:speed>35.54390857591896</mytracks:speed><mytracks:length>0.04908815918510635</mytracks:length></extensions></trkpt><trkpt lat="33.59418657965916" lon="130.3288595191213"><ele>6.486194440115653</ele><time>2026-01-03T07:14:48.03200Z</time><extensions><mytracks:speed>34.73186100854819</mytracks:speed><mytracks:length>0.04853645446920952</mytracks:length></extensions></trkpt><trkpt lat="33.5936962688525" lon="130.3287043073228"><ele>5.995070188234492</ele><time>2026-01-03T07:14:54.00600Z</time><extensions><mytracks:speed>33.97574599040475</mytracks:speed><mytracks:length>0.05638357523900119</mytracks:length></extensions></trkpt><trkpt lat="33.59335945247274" lon="130.3286043958469"><ele>5.634399576586275</ele><time>2026-01-03T07:14:59.04900Z</time><extensions><mytracks:speed>27.54472989914379</mytracks:speed><mytracks:length>0.0385786728380464</mytracks:length></extensions></trkpt><trkpt lat="33.59318463560892" lon="130.3285542931158"><ele>5.79200245143436</ele><time>2026-01-03T07:15:04.00300Z</time><extensions><mytracks:speed>14.52106125897084</mytracks:speed><mytracks:gradient>0.007886077496868716</mytracks:gradient><mytracks:length>0.01998495131586824</mytracks:length></extensions></trkpt><trkpt lat="33.59314370509527" lon="130.3285477879932"><ele>5.860603765672792</ele><time>2026-01-03T07:15:08.98600Z</time><extensions><mytracks:speed>3.316193210673129</mytracks:speed><mytracks:gradient>0.01494453699987804</mytracks:gradient><mytracks:length>0.004590394084406342</mytracks:length></extensions></trkpt><trkpt lat="33.59314355436987" lon="130.3285395219822"><ele>6.015349728589051</ele><time>2026-01-03T07:15:13.99400Z</time><extensions><mytracks:speed>0.5459724250075256</mytracks:speed><mytracks:gradient>0.2037518792162975</mytracks:gradient><mytracks:length>0.0007594823837280279</mytracks:length></extensions></trkpt><trkpt lat="33.59314339255038" lon="130.3285356870575"><ele>6.127561692148447</ele><time>2026-01-03T07:15:18.99900Z</time><extensions><mytracks:speed>0.2462109425096225</mytracks:speed><mytracks:gradient>0.3278232624682182</mytracks:gradient><mytracks:length>0.0003422940846678775</mytracks:length></extensions></trkpt><trkpt lat="33.59312655470966" lon="130.3285327640741"><ele>6.127181613574187</ele><time>2026-01-03T07:15:24.63300Z</time><extensions><mytracks:speed>1.208690304890911</mytracks:speed><mytracks:length>0.001891572411396901</mytracks:length></extensions></trkpt><trkpt lat="33.59300254671573" lon="130.3285224968267"><ele>5.869077646173537</ele><time>2026-01-03T07:15:43.99900Z</time><extensions><mytracks:speed>2.569294659981909</mytracks:speed><mytracks:length>0.01382148393316091</mytracks:length></extensions></trkpt><trkpt lat="33.59276029508795" lon="130.3284485305601"><ele>6.351312016697707</ele><time>2026-01-03T07:15:48.99600Z</time><extensions><mytracks:speed>20.02297483608477</mytracks:speed><mytracks:gradient>0.01735000063096649</mytracks:gradient><mytracks:length>0.02779448720384902</mytracks:length></extensions></trkpt><trkpt lat="33.59261538656628" lon="130.3284775981121"><ele>7.12186721399786</ele><time>2026-01-03T07:15:53.99000Z</time><extensions><mytracks:speed>11.77791020915091</mytracks:speed><mytracks:gradient>0.04716822126203743</mytracks:gradient><mytracks:length>0.01633632086780261</mytracks:length></extensions></trkpt><trkpt lat="33.59258263639864" lon="130.3285160289662"><ele>7.305119971364667</ele><time>2026-01-03T07:15:58.99700Z</time><extensions><mytracks:speed>3.660864577438449</mytracks:speed><mytracks:gradient>0.03598759872901856</mytracks:gradient><mytracks:length>0.005092108499560472</mytracks:length></extensions></trkpt><trkpt lat="33.59244278411396" lon="130.3287205101613"><ele>7.235633241841394</ele><time>2026-01-03T07:16:03.98400Z</time><extensions><mytracks:speed>17.69004685937653</mytracks:speed><mytracks:length>0.02450618231061026</mytracks:length></extensions></trkpt><trkpt lat="33.59221056771237" lon="130.329075892537"><ele>7.19091564850902</ele><time>2026-01-03T07:16:08.97800Z</time><extensions><mytracks:speed>30.16004510985984</mytracks:speed><mytracks:length>0.041836209643629</mytracks:length></extensions></trkpt><trkpt lat="33.5919492931671" lon="130.3295473556225"><ele>6.681397648528507</ele><time>2026-01-03T07:16:13.95000Z</time><extensions><mytracks:speed>37.97388460754784</mytracks:speed><mytracks:length>0.05245044191697471</mytracks:length></extensions></trkpt><trkpt lat="33.59172372651896" lon="130.33018735098"><ele>6.701829521782758</ele><time>2026-01-03T07:16:19.46100Z</time><extensions><mytracks:speed>42.04790617166695</mytracks:speed><mytracks:gradient>0.0003174241092928662</mytracks:gradient><mytracks:length>0.06436774226056127</mytracks:length></extensions></trkpt><trkpt lat="33.59152457065136" lon="130.3308912383264"><ele>7.262691361634054</ele><time>2026-01-03T07:16:25.50700Z</time><extensions><mytracks:speed>40.99998916658249</mytracks:speed><mytracks:gradient>0.008145395668074812</mytracks:gradient><mytracks:length>0.06885630394230517</mytracks:length></extensions></trkpt><trkpt lat="33.59129233274815" lon="130.3316164570019"><ele>6.789107096381485</ele><time>2026-01-03T07:16:32.00000Z</time><extensions><mytracks:speed>39.90436264331112</mytracks:speed><mytracks:length>0.0719667168730023</mytracks:length></extensions></trkpt><trkpt lat="33.59089809620131" lon="130.332153155115"><ele>6.85080990907617</ele><time>2026-01-03T07:16:37.98700Z</time><extensions><mytracks:speed>39.85464040721504</mytracks:speed><mytracks:gradient>0.0009309464069888557</mytracks:gradient><mytracks:length>0.0662796614622124</mytracks:length></extensions></trkpt><trkpt lat="33.59047599865674" lon="130.3324259457289"><ele>7.271168454144989</ele><time>2026-01-03T07:16:43.10000Z</time><extensions><mytracks:speed>37.52980459916087</mytracks:speed><mytracks:gradient>0.007886004816435806</mytracks:gradient><mytracks:length>0.05330437336187258</mytracks:length></extensions></trkpt><trkpt lat="33.59005826080735" lon="130.3325109928431"><ele>7.530442470761288</ele><time>2026-01-03T07:16:49.00400Z</time><extensions><mytracks:speed>28.72977145436262</mytracks:speed><mytracks:gradient>0.005503184336657289</mytracks:gradient><mytracks:length>0.04711345300379047</mytracks:length></extensions></trkpt><trkpt lat="33.59000374857797" lon="130.3325197101559"><ele>7.756075037488933</ele><time>2026-01-03T07:16:54.99300Z</time><extensions><mytracks:speed>3.674909520144546</mytracks:speed><mytracks:gradient>0.03690240680743036</mytracks:gradient><mytracks:length>0.006114304899002222</mytracks:length></extensions></trkpt><trkpt lat="33.58983066298441" lon="130.3325459996131"><ele>8.268920782022178</ele><time>2026-01-03T07:17:14.00000Z</time><extensions><mytracks:speed>3.6744841147221</mytracks:speed><mytracks:gradient>0.02643591784865943</mytracks:gradient><mytracks:length>0.01939958156433943</mytracks:length></extensions></trkpt><trkpt lat="33.5895458162084" lon="130.3325961421144"><ele>8.770946008367471</ele><time>2026-01-03T07:17:18.98100Z</time><extensions><mytracks:speed>23.13348454154412</mytracks:speed><mytracks:gradient>0.0156823069946798</mytracks:gradient><mytracks:length>0.03201220499736446</mytracks:length></extensions></trkpt><trkpt lat="33.58919412301944" lon="130.332727392654"><ele>8.942957470049745</ele><time>2026-01-03T07:17:23.97000Z</time><extensions><mytracks:speed>29.54933417107901</mytracks:speed><mytracks:gradient>0.004200250111666516</mytracks:gradient><mytracks:length>0.04095267117653283</mytracks:length></extensions></trkpt><trkpt lat="33.58887706726665" lon="130.3329741432813"><ele>10.31340261871775</ele><time>2026-01-03T07:17:28.98200Z</time><extensions><mytracks:speed>30.18385872303234</mytracks:speed><mytracks:gradient>0.03261753123701871</mytracks:gradient><mytracks:length>0.04201560009890144</mytracks:length></extensions></trkpt><trkpt lat="33.58870340029566" lon="130.3331871542357"><ele>11.13392577238663</ele><time>2026-01-03T07:17:33.99800Z</time><extensions><mytracks:speed>19.81302802412588</mytracks:speed><mytracks:gradient>0.02971989389553478</mytracks:gradient><mytracks:length>0.02760854922810352</mytracks:length></extensions></trkpt><trkpt lat="33.58867880009379" lon="130.333228785236"><ele>11.17503026138601</ele><time>2026-01-03T07:17:38.99700Z</time><extensions><mytracks:speed>3.404416904162213</mytracks:speed><mytracks:gradient>0.008694321494830215</mytracks:gradient><mytracks:length>0.004727739711927655</mytracks:length></extensions></trkpt><trkpt lat="33.58869137812633" lon="130.3332072244364"><ele>10.60239460319281</ele><time>2026-01-03T07:17:55.99900Z</time><extensions><mytracks:speed>0.5164288191838295</mytracks:speed><mytracks:length>0.002438931964596392</mytracks:length></extensions></trkpt><trkpt lat="33.58869039343092" lon="130.3332165100543"><ele>10.92159886760505</ele><time>2026-01-03T07:18:01.00600Z</time><extensions><mytracks:speed>0.6218600364501677</mytracks:speed><mytracks:gradient>0.3690642007708232</mytracks:gradient><mytracks:length>0.0008649017264355477</mytracks:length></extensions></trkpt><trkpt lat="33.58869116201438" lon="130.3332229641753"><ele>10.89039601375876</ele><time>2026-01-03T07:18:06.00100Z</time><extensions><mytracks:speed>0.4433939255114821</mytracks:speed><mytracks:length>0.0006152510492437556</mytracks:length></extensions></trkpt><trkpt lat="33.58868190618799" lon="130.3332266983388"><ele>10.84998319290174</ele><time>2026-01-03T07:18:10.99700Z</time><extensions><mytracks:speed>0.7799913976822828</mytracks:speed><mytracks:length>0.001082428937153014</mytracks:length></extensions></trkpt><trkpt lat="33.58862257906252" lon="130.333317695641"><ele>11.18437657577408</ele><time>2026-01-03T07:18:15.99200Z</time><extensions><mytracks:speed>7.714658874365917</mytracks:speed><mytracks:gradient>0.03124209133166055</mytracks:gradient><mytracks:length>0.01070329701435393</mytracks:length></extensions></trkpt><trkpt lat="33.58851593030251" lon="130.3336128753554"><ele>10.49864883103477</ele><time>2026-01-03T07:18:21.02700Z</time><extensions><mytracks:speed>21.30681201348198</mytracks:speed><mytracks:length>0.0298030313014089</mytracks:length></extensions></trkpt><trkpt lat="33.58838990008994" lon="130.3340942740325"><ele>9.127564721593297</ele><time>2026-01-03T07:18:26.47900Z</time><extensions><mytracks:speed>30.86515978311893</mytracks:speed><mytracks:length>0.0467417292195493</mytracks:length></extensions></trkpt><trkpt lat="33.58832243614665" lon="130.3343402481232"><ele>8.578332372780404</ele><time>2026-01-03T07:18:31.49600Z</time><extensions><mytracks:speed>17.21421683718228</mytracks:speed><mytracks:length>0.02398765324722497</mytracks:length></extensions></trkpt><trkpt lat="33.5883129079368" lon="130.3343504675005"><ele>8.62975363544399</ele><time>2026-01-03T07:18:36.48000Z</time><extensions><mytracks:speed>1.023930443703503</mytracks:speed><mytracks:gradient>0.03627125539374049</mytracks:gradient><mytracks:length>0.001417686322278782</mytracks:length></extensions></trkpt><trkpt lat="33.58830761187527" lon="130.3343500940799"><ele>8.656781339924732</ele><time>2026-01-03T07:18:42.00400Z</time><extensions><mytracks:speed>0.3863772587378708</mytracks:speed><mytracks:gradient>0.04558785312540563</mytracks:gradient><mytracks:length>0.0005928707457750471</mytracks:length></extensions></trkpt><trkpt lat="33.58830442596" lon="130.3343425256162"><ele>8.892927581642834</ele><time>2026-01-03T07:18:46.98600Z</time><extensions><mytracks:speed>0.5657122785219492</mytracks:speed><mytracks:gradient>0.3016468982674418</mytracks:gradient><mytracks:length>0.0007828565222266356</mytracks:length></extensions></trkpt><trkpt lat="33.58828629191342" lon="130.3343751613779"><ele>8.772302205339075</ele><time>2026-01-03T07:18:51.99900Z</time><extensions><mytracks:speed>2.610449210594831</mytracks:speed><mytracks:length>0.00363491871059653</mytracks:length></extensions></trkpt><trkpt lat="33.58820979284756" lon="130.3346050497258"><ele>9.177283088979109</ele><time>2026-01-03T07:18:56.96400Z</time><extensions><mytracks:speed>16.62560388002424</mytracks:speed><mytracks:gradient>0.01766118628501456</mytracks:gradient><mytracks:length>0.02293055953912104</mytracks:length></extensions></trkpt><trkpt lat="33.58808506547447" lon="130.3350110757403"><ele>9.543823587278279</ele><time>2026-01-03T07:19:02.04000Z</time><extensions><mytracks:speed>28.43142457303883</mytracks:speed><mytracks:gradient>0.00914393629103462</mytracks:gradient><mytracks:length>0.04008563562046605</mytracks:length></extensions></trkpt><trkpt lat="33.5879069267832" lon="130.3355126785245"><ele>9.492813109399503</ele><time>2026-01-03T07:19:07.04300Z</time><extensions><mytracks:speed>36.3431496975922</mytracks:speed><mytracks:length>0.05050941504320671</mytracks:length></extensions></trkpt><trkpt lat="33.58774357623975" lon="130.3360497918984"><ele>9.546068650563306</ele><time>2026-01-03T07:19:11.99700Z</time><extensions><mytracks:speed>38.48700954858461</mytracks:speed><mytracks:gradient>0.001005491071174045</mytracks:gradient><mytracks:length>0.05296470818146663</mytracks:length></extensions></trkpt><trkpt lat="33.58762715618308" lon="130.3365803206231"><ele>9.40282280860616</ele><time>2026-01-03T07:19:16.99300Z</time><extensions><mytracks:speed>36.62172448908986</mytracks:speed><mytracks:length>0.05081930039300106</mytracks:length></extensions></trkpt><trkpt lat="33.58755627456938" lon="130.3371172655028"><ele>9.049912037603498</ele><time>2026-01-03T07:19:22.00700Z</time><extensions><mytracks:speed>36.15424821918472</mytracks:speed><mytracks:length>0.05035787376855914</mytracks:length></extensions></trkpt><trkpt lat="33.58751692571965" lon="130.3376752166012"><ele>8.187183637199434</ele><time>2026-01-03T07:19:26.98900Z</time><extensions><mytracks:speed>37.47919790011001</mytracks:speed><mytracks:length>0.05186787202461245</mytracks:length></extensions></trkpt><trkpt lat="33.58750602467027" lon="130.3382556912091"><ele>7.065003753348476</ele><time>2026-01-03T07:19:32.02700Z</time><extensions><mytracks:speed>38.43432142908448</mytracks:speed><mytracks:length>0.05378292008724248</mytracks:length></extensions></trkpt><trkpt lat="33.58752278060987" lon="130.3388118983137"><ele>6.444954724106569</ele><time>2026-01-03T07:19:37.02600Z</time><extensions><mytracks:speed>37.127932326353</mytracks:speed><mytracks:length>0.05155528638968074</mytracks:length></extensions></trkpt><trkpt lat="33.58756090342387" lon="130.3393662747906"><ele>6.147953882313645</ele><time>2026-01-03T07:19:42.97500Z</time><extensions><mytracks:speed>31.17847724463999</mytracks:speed><mytracks:length>0.05152652106312635</mytracks:length></extensions></trkpt><trkpt lat="33.58757400214154" lon="130.339509575217"><ele>6.302558630570049</ele><time>2026-01-03T07:19:47.98600Z</time><extensions><mytracks:speed>9.593981674454701</mytracks:speed><mytracks:gradient>0.01157782771771206</mytracks:gradient><mytracks:length>0.0133535195052078</mytracks:length></extensions></trkpt><trkpt lat="33.58758017985308" lon="130.3395145757721"><ele>6.175270377027088</ele><time>2026-01-03T07:19:52.99500Z</time><extensions><mytracks:speed>0.5947610618166679</mytracks:speed><mytracks:length>0.0008276267400174632</mytracks:length></extensions></trkpt><trkpt lat="33.58758167263684" lon="130.3395197930396"><ele>6.326578979009814</ele><time>2026-01-03T07:19:58.00500Z</time><extensions><mytracks:speed>0.3609693359459669</mytracks:speed><mytracks:gradient>0.3012013299344339</mytracks:gradient><mytracks:length>0.0005023503781197223</mytracks:length></extensions></trkpt><trkpt lat="33.58757729042863" lon="130.3397225666637"><ele>6.977444119751453</ele><time>2026-01-03T07:20:13.99900Z</time><extensions><mytracks:speed>4.229288292622664</mytracks:speed><mytracks:gradient>0.03464068796087214</mytracks:gradient><mytracks:length>0.01878903621881916</mytracks:length></extensions></trkpt><trkpt lat="33.58759831336167" lon="130.3400785956544"><ele>6.34839693338933</ele><time>2026-01-03T07:20:19.00500Z</time><extensions><mytracks:speed>23.7737650479307</mytracks:speed><mytracks:length>0.03306161790542592</mytracks:length></extensions></trkpt><trkpt lat="33.58761808940773" lon="130.3404827015444"><ele>6.101398403009552</ele><time>2026-01-03T07:20:24.46200Z</time><extensions><mytracks:speed>24.7359650636662</mytracks:speed><mytracks:length>0.03749679883563262</mytracks:length></extensions></trkpt><trkpt lat="33.58763746114438" lon="130.3407636246531"><ele>5.824427458439021</ele><time>2026-01-03T07:20:29.99300Z</time><extensions><mytracks:speed>16.99556152732133</mytracks:speed><mytracks:length>0.0261110040764526</mytracks:length></extensions></trkpt><trkpt lat="33.58764755453875" lon="130.3408415970469"><ele>6.004858080210527</ele><time>2026-01-03T07:20:35.50900Z</time><extensions><mytracks:speed>4.770628817971058</mytracks:speed><mytracks:gradient>0.02468473279198108</mytracks:gradient><mytracks:length>0.00730940145441312</mytracks:length></extensions></trkpt><trkpt lat="33.58768937845977" lon="130.3410662211859"><ele>6.746531778946519</ele><time>2026-01-03T07:20:56.00000Z</time><extensions><mytracks:speed>3.745738087607029</mytracks:speed><mytracks:gradient>0.03478751875188459</mytracks:gradient><mytracks:length>0.02132010920427639</mytracks:length></extensions></trkpt><trkpt lat="33.58771052960693" lon="130.3413491516058"><ele>7.471849856049831</ele><time>2026-01-03T07:21:01.00600Z</time><extensions><mytracks:speed>18.92052985066631</mytracks:speed><mytracks:gradient>0.02756481945990261</mytracks:gradient><mytracks:length>0.02631318076138325</mytracks:length></extensions></trkpt><trkpt lat="33.58774548901733" lon="130.3417819501379"><ele>7.817767949842415</ele><time>2026-01-03T07:21:06.02700Z</time><extensions><mytracks:speed>28.87842643654053</mytracks:speed><mytracks:gradient>0.008588246147712086</mytracks:gradient><mytracks:length>0.04027808330630315</mytracks:length></extensions></trkpt><trkpt lat="33.58776930132304" lon="130.3423913182682"><ele>7.211727470501092</ele><time>2026-01-03T07:21:11.92600Z</time><extensions><mytracks:speed>34.48934493184276</mytracks:speed><mytracks:length>0.05650763938898285</mytracks:length></extensions></trkpt><trkpt lat="33.5877992849684" lon="130.3429547963434"><ele>5.409328151758587</ele><time>2026-01-03T07:21:17.03700Z</time><extensions><mytracks:speed>36.83875756663088</mytracks:speed><mytracks:length>0.05230116446168236</mytracks:length></extensions></trkpt><trkpt lat="33.58783404227182" lon="130.3435325664122"><ele>4.522758326468941</ele><time>2026-01-03T07:21:22.00800Z</time><extensions><mytracks:speed>38.85491459979205</mytracks:speed><mytracks:length>0.05365801493467224</mytracks:length></extensions></trkpt><trkpt lat="33.58787609952903" lon="130.3442205698228"><ele>4.498961500364889</ele><time>2026-01-03T07:21:27.96400Z</time><extensions><mytracks:speed>38.62364421020695</mytracks:speed><mytracks:length>0.063900906043393</mytracks:length></extensions></trkpt><trkpt lat="33.58791496333529" lon="130.3448187453948"><ele>3.898071221970259</ele><time>2026-01-03T07:21:32.96400Z</time><extensions><mytracks:speed>40.01554345107934</mytracks:speed><mytracks:length>0.05557697539913457</mytracks:length></extensions></trkpt><trkpt lat="33.58796440969313" lon="130.3454494042692"><ele>3.640704966002224</ele><time>2026-01-03T07:21:37.96200Z</time><extensions><mytracks:speed>42.26518650308541</mytracks:speed><mytracks:length>0.05867585129833044</mytracks:length></extensions></trkpt><trkpt lat="33.58797975653474" lon="130.346083821477"><ele>5.136941892732702</ele><time>2026-01-03T07:21:42.99100Z</time><extensions><mytracks:speed>42.08782130688857</mytracks:speed><mytracks:gradient>0.02545029366899176</mytracks:gradient><mytracks:length>0.05879055645450057</mytracks:length></extensions></trkpt><trkpt lat="33.5879321047336" lon="130.346780345758"><ele>6.851678405964057</ele><time>2026-01-03T07:21:48.89000Z</time><extensions><mytracks:speed>39.50713928193714</mytracks:speed><mytracks:gradient>0.02648817727544873</mytracks:gradient><mytracks:length>0.06473591955384198</mytracks:length></extensions></trkpt><trkpt lat="33.5878901964206" lon="130.3472828300132"><ele>7.605718789514513</ele><time>2026-01-03T07:21:54.07900Z</time><extensions><mytracks:speed>32.44890636334043</mytracks:speed><mytracks:gradient>0.01611972954763977</mytracks:gradient><mytracks:length>0.04677748353792088</mytracks:length></extensions></trkpt><trkpt lat="33.58789028678947" lon="130.3473925403502"><ele>7.476959435704403</ele><time>2026-01-03T07:21:59.98400Z</time><extensions><mytracks:speed>6.195207847358553</mytracks:speed><mytracks:length>0.01016206870401916</mytracks:length></extensions></trkpt><trkpt lat="33.5878838964783" lon="130.347403083244"><ele>7.868909031824916</ele><time>2026-01-03T07:22:04.97500Z</time><extensions><mytracks:speed>0.8717051765702479</mytracks:speed><mytracks:gradient>0.3243732231180471</mytracks:gradient><mytracks:length>0.001208329073383078</mytracks:length></extensions></trkpt><trkpt lat="33.58787369639612" lon="130.3474748977669"><ele>7.857497858814895</ele><time>2026-01-03T07:22:12.99900Z</time><extensions><mytracks:speed>3.027490048685835</mytracks:speed><mytracks:length>0.00674842408802736</mytracks:length></extensions></trkpt><trkpt lat="33.58784057846393" lon="130.3476304197405"><ele>7.22747437769501</ele><time>2026-01-03T07:22:18.00900Z</time><extensions><mytracks:speed>10.68479970444096</mytracks:speed><mytracks:length>0.01486912265845892</mytracks:length></extensions></trkpt><trkpt lat="33.58782696050451" lon="130.3477982785085"><ele>6.485530898386413</ele><time>2026-01-03T07:22:22.99800Z</time><extensions><mytracks:speed>11.27220509094897</mytracks:speed><mytracks:length>0.01562226602482648</mytracks:length></extensions></trkpt><trkpt lat="33.58781075264409" lon="130.3478422831084"><ele>6.63059628934771</ele><time>2026-01-03T07:22:27.99300Z</time><extensions><mytracks:speed>3.211492851566696</mytracks:speed><mytracks:gradient>0.03255583557646869</mytracks:gradient><mytracks:length>0.004455895184154018</mytracks:length></extensions></trkpt><trkpt lat="33.58779091979341" lon="130.3478294171532"><ele>7.027355585912122</ele><time>2026-01-03T07:22:32.99200Z</time><extensions><mytracks:speed>1.80363261882697</mytracks:speed><mytracks:gradient>0.1584144427528585</mytracks:gradient><mytracks:length>0.002504565175180355</mytracks:length></extensions></trkpt><trkpt lat="33.58779178264954" lon="130.3478257002386"><ele>6.997511313426057</ele><time>2026-01-03T07:22:38.69300Z</time><extensions><mytracks:speed>0.2243122944818655</mytracks:speed><mytracks:length>0.0003552153589000818</mytracks:length></extensions></trkpt><trkpt lat="33.58779254975882" lon="130.347808528675"><ele>6.831577089615166</ele><time>2026-01-03T07:23:08.99900Z</time><extensions><mytracks:speed>0.1893741415414891</mytracks:speed><mytracks:length>0.00159423475234047</mytracks:length></extensions></trkpt><trkpt lat="33.58779503161919" lon="130.3478411212675"><ele>6.440249442274572</ele><time>2026-01-03T07:23:15.00700Z</time><extensions><mytracks:speed>1.816850672863383</mytracks:speed><mytracks:length>0.003031990273053643</mytracks:length></extensions></trkpt><trkpt lat="33.58779746515775" lon="130.3480167524292"><ele>5.928452712483704</ele><time>2026-01-03T07:23:35.99900Z</time><extensions><mytracks:speed>2.790365948532406</mytracks:speed><mytracks:length>0.0162710903060313</mytracks:length></extensions></trkpt><trkpt lat="33.58776747901447" lon="130.3483712141479"><ele>6.130662624127991</ele><time>2026-01-03T07:23:41.00500Z</time><extensions><mytracks:speed>23.73441524901106</mytracks:speed><mytracks:gradient>0.006127100274297589</mytracks:gradient><mytracks:length>0.03300254648883943</mytracks:length></extensions></trkpt><trkpt lat="33.5877437735877" lon="130.3488012859111"><ele>6.216962290135416</ele><time>2026-01-03T07:23:45.97300Z</time><extensions><mytracks:speed>28.92969879821669</mytracks:speed><mytracks:gradient>0.002161568696668559</mytracks:gradient><mytracks:length>0.03992455393179545</mytracks:length></extensions></trkpt><trkpt lat="33.58772134397075" lon="130.3490901015371"><ele>7.240238551197974</ele><time>2026-01-03T07:23:50.98800Z</time><extensions><mytracks:speed>19.29024460007841</mytracks:speed><mytracks:gradient>0.03808408285861596</mytracks:gradient><mytracks:length>0.02686886972863145</mytracks:length></extensions></trkpt><trkpt lat="33.58771373429668" lon="130.3491388707116"><ele>7.668789670944346</ele><time>2026-01-03T07:23:57.02000Z</time><extensions><mytracks:speed>2.742835492079699</mytracks:speed><mytracks:gradient>0.09323867918620787</mytracks:gradient><mytracks:length>0.004596280465218818</mytracks:length></extensions></trkpt><trkpt lat="33.58769855923065" lon="130.3492591156232"><ele>7.588418392464519</ele><time>2026-01-03T07:24:09.99900Z</time><extensions><mytracks:speed>3.124498471037965</mytracks:speed><mytracks:length>0.01126454416972736</mytracks:length></extensions></trkpt><trkpt lat="33.58767550307773" lon="130.3496056618752"><ele>6.75406181177957</ele><time>2026-01-03T07:24:15.01500Z</time><extensions><mytracks:speed>23.1123689382189</mytracks:speed><mytracks:length>0.03220252326507963</mytracks:length></extensions></trkpt><trkpt lat="33.58766033554129" lon="130.3500927530707"><ele>5.884076052300052</ele><time>2026-01-03T07:24:20.01600Z</time><extensions><mytracks:speed>32.50204786653715</mytracks:speed><mytracks:length>0.04515059294323523</mytracks:length></extensions></trkpt><trkpt lat="33.58766669912478" lon="130.3506493912689"><ele>5.564865086913532</ele><time>2026-01-03T07:24:25.05700Z</time><extensions><mytracks:speed>36.82263846377962</mytracks:speed><mytracks:length>0.05156603647896936</mytracks:length></extensions></trkpt><trkpt lat="33.58769314678943" lon="130.3512020150505"><ele>5.371794710930944</ele><time>2026-01-03T07:24:30.03500Z</time><extensions><mytracks:speed>37.08153969902115</mytracks:speed><mytracks:length>0.05127376256558931</mytracks:length></extensions></trkpt><trkpt lat="33.58772974853105" lon="130.3518125294355"><ele>5.115320607252205</ele><time>2026-01-03T07:24:36.01300Z</time><extensions><mytracks:speed>34.14636902375624</mytracks:speed><mytracks:length>0.0566980750427116</mytracks:length></extensions></trkpt><trkpt lat="33.58774728212737" lon="130.35210500085"><ele>5.404558820730673</ele><time>2026-01-03T07:24:41.05200Z</time><extensions><mytracks:speed>19.40412729800124</mytracks:speed><mytracks:gradient>0.01064878455574222</mytracks:gradient><mytracks:length>0.02716161755028644</mytracks:length></extensions></trkpt><trkpt lat="33.58774045722271" lon="130.3521300647003"><ele>6.019570556013282</ele><time>2026-01-03T07:24:46.49900Z</time><extensions><mytracks:speed>1.61445593940422</mytracks:speed><mytracks:gradient>0.2517831660371171</mytracks:gradient><mytracks:length>0.002442624520782882</mytracks:length></extensions></trkpt><trkpt lat="33.58774345085598" lon="130.3521462645971"><ele>5.917853443211349</ele><time>2026-01-03T07:24:51.49800Z</time><extensions><mytracks:speed>1.106548050671774</mytracks:speed><mytracks:length>0.001536662041430126</mytracks:length></extensions></trkpt><trkpt lat="33.58775640705953" lon="130.3523229671123"><ele>5.944219311635466</ele><time>2026-01-03T07:24:56.49700Z</time><extensions><mytracks:speed>11.83255597151394</mytracks:speed><mytracks:gradient>0.001604594144072049</mytracks:gradient><mytracks:length>0.01643148737736696</mytracks:length></extensions></trkpt><trkpt lat="33.58778777598025" lon="130.3526903358789"><ele>6.183580258867853</ele><time>2026-01-03T07:25:01.49700Z</time><extensions><mytracks:speed>24.62947517891464</mytracks:speed><mytracks:gradient>0.006997313924843524</mytracks:gradient><mytracks:length>0.03420754732506015</mytracks:length></extensions></trkpt><trkpt lat="33.58783512658777" lon="130.3531861339567"><ele>6.113361106144746</ele><time>2026-01-03T07:25:06.49200Z</time><extensions><mytracks:speed>33.31686741148263</mytracks:speed><mytracks:length>0.04622647177247911</mytracks:length></extensions></trkpt><trkpt lat="33.58789822473135" lon="130.3537423108162"><ele>5.849579441681933</ele><time>2026-01-03T07:25:11.45700Z</time><extensions><mytracks:speed>37.69869746759399</mytracks:speed><mytracks:length>0.05199387083535102</mytracks:length></extensions></trkpt><trkpt lat="33.58796053186548" lon="130.3543321987074"><ele>5.741885326239937</ele><time>2026-01-03T07:25:16.53600Z</time><extensions><mytracks:speed>39.04177732443669</mytracks:speed><mytracks:length>0.05507851127635863</mytracks:length></extensions></trkpt><trkpt lat="33.58803840371739" lon="130.354971574842"><ele>5.553634028357743</ele><time>2026-01-03T07:25:22.47400Z</time><extensions><mytracks:speed>36.28790715860649</mytracks:speed><mytracks:length>0.05985472908490487</mytracks:length></extensions></trkpt><trkpt lat="33.58810192735827" lon="130.3554160397014"><ele>5.946048523060115</ele><time>2026-01-03T07:25:27.93300Z</time><extensions><mytracks:speed>27.54867303069756</mytracks:speed><mytracks:gradient>0.009394183480541033</mytracks:gradient><mytracks:length>0.04177207050673572</mytracks:length></extensions></trkpt><trkpt lat="33.58815254902343" lon="130.3556948332114"><ele>5.649747500196099</ele><time>2026-01-03T07:25:36.00000Z</time><extensions><mytracks:speed>11.79547030747666</mytracks:speed><mytracks:length>0.02643091446625285</mytracks:length></extensions></trkpt><trkpt lat="33.58814851196327" lon="130.3556932070726"><ele>5.778689217230929</ele><time>2026-01-03T07:25:40.96700Z</time><extensions><mytracks:speed>0.3370491810378876</mytracks:speed><mytracks:gradient>0.2772426941125474</mytracks:gradient><mytracks:length>0.0004650860771915803</mytracks:length></extensions></trkpt><trkpt lat="33.58814683691298" lon="130.3556970043088"><ele>5.907652462113888</ele><time>2026-01-03T07:25:45.97200Z</time><extensions><mytracks:speed>0.2976520622569216</mytracks:speed><mytracks:gradient>0.3116459114896115</mytracks:gradient><mytracks:length>0.0004138133700087314</mytracks:length></extensions></trkpt><trkpt lat="33.5881447846522" lon="130.3557079812409"><ele>5.889808005625753</ele><time>2026-01-03T07:25:58.70000Z</time><extensions><mytracks:speed>0.2953740398584049</mytracks:speed><mytracks:length>0.001044288277626039</mytracks:length></extensions></trkpt><trkpt lat="33.58815881110998" lon="130.3557852020117"><ele>5.786453228443861</ele><time>2026-01-03T07:26:52.99900Z</time><extensions><mytracks:speed>0.4853808272389183</mytracks:speed><mytracks:length>0.007321105867761689</mytracks:length></extensions></trkpt><trkpt lat="33.58823513546452" lon="130.3561401672702"><ele>5.754144629883475</ele><time>2026-01-03T07:26:58.50500Z</time><extensions><mytracks:speed>22.20573457833773</mytracks:speed><mytracks:length>0.03395778678440557</mytracks:length></extensions></trkpt><trkpt lat="33.5883277175416" lon="130.3565960581809"><ele>5.905196417917032</ele><time>2026-01-03T07:27:03.53700Z</time><extensions><mytracks:speed>31.09179283772615</mytracks:speed><mytracks:gradient>0.003475215930017256</mytracks:gradient><mytracks:length>0.04346543957998213</mytracks:length></extensions></trkpt><trkpt lat="33.58841531778032" lon="130.3570348775172"><ele>5.831794445096763</ele><time>2026-01-03T07:27:08.54200Z</time><extensions><mytracks:speed>30.06488148824897</mytracks:speed><mytracks:length>0.04179816922346349</mytracks:length></extensions></trkpt><trkpt lat="33.58853461952572" lon="130.357537975322"><ele>5.649083351884316</ele><time>2026-01-03T07:27:13.51200Z</time><extensions><mytracks:speed>35.09660887841763</mytracks:speed><mytracks:length>0.04845282213371752</mytracks:length></extensions></trkpt><trkpt lat="33.58872251808862" lon="130.3580988744694"><ele>5.988603897246493</ele><time>2026-01-03T07:27:18.48700Z</time><extensions><mytracks:speed>40.52359241284168</mytracks:speed><mytracks:gradient>0.006062971661537391</mytracks:gradient><mytracks:length>0.05599903220990571</mytracks:length></extensions></trkpt><trkpt lat="33.58897315118413" lon="130.3586499468742"><ele>7.203609897756408</ele><time>2026-01-03T07:27:23.45100Z</time><extensions><mytracks:speed>42.17735319527915</mytracks:speed><mytracks:gradient>0.02089169003135776</mytracks:gradient><mytracks:length>0.05815738213070505</mytracks:length></extensions></trkpt><trkpt lat="33.58923948411888" lon="130.3591882333908"><ele>8.041571771008776</ele><time>2026-01-03T07:27:28.43300Z</time><extensions><mytracks:speed>41.90752137554568</mytracks:speed><mytracks:gradient>0.01444954714136828</mytracks:gradient><mytracks:length>0.05799225851537783</mytracks:length></extensions></trkpt><trkpt lat="33.58954463556151" lon="130.3598270761206"><ele>7.786872611588439</ele><time>2026-01-03T07:27:34.74600Z</time><extensions><mytracks:speed>38.89380260597824</mytracks:speed><mytracks:length>0.06821271273951834</mytracks:length></extensions></trkpt><trkpt lat="33.58974457061734" lon="130.3602405596743"><ele>6.94776818473092</ele><time>2026-01-03T07:27:40.00400Z</time><extensions><mytracks:speed>30.3206467129076</mytracks:speed><mytracks:length>0.0442847471702436</mytracks:length></extensions></trkpt><trkpt lat="33.58986794860049" lon="130.3605000020226"><ele>5.978243127435187</ele><time>2026-01-03T07:27:45.00200Z</time><extensions><mytracks:speed>19.93196791362398</mytracks:speed><mytracks:length>0.02767148165258567</mytracks:length></extensions></trkpt><trkpt lat="33.589925833849" lon="130.3606106318208"><ele>5.573112456253138</ele><time>2026-01-03T07:27:49.99800Z</time><extensions><mytracks:speed>8.719324130185985</mytracks:speed><mytracks:length>0.0121004338622679</mytracks:length></extensions></trkpt><trkpt lat="33.58993524656603" lon="130.3606142433375"><ele>5.74374090922399</ele><time>2026-01-03T07:27:54.99600Z</time><extensions><mytracks:speed>0.7857143719726709</mytracks:speed><mytracks:gradient>0.1564360241601053</mytracks:gradient><mytracks:length>0.001090723533066923</mytracks:length></extensions></trkpt><trkpt lat="33.58993495287435" lon="130.3606115306008"><ele>5.92116828635335</ele><time>2026-01-03T07:27:59.99400Z</time><extensions><mytracks:speed>0.1674946862652981</mytracks:speed><mytracks:gradient>0.7629872655004157</mytracks:gradient><mytracks:length>0.0002325430385957901</mytracks:length></extensions></trkpt><trkpt lat="33.58993801461475" lon="130.3606085714694"><ele>6.349778903808303</ele><time>2026-01-03T07:28:04.99700Z</time><extensions><mytracks:speed>0.3130218656322848</mytracks:speed><mytracks:gradient>0.9852026240783416</mytracks:gradient><mytracks:length>0.0004350481890523979</mytracks:length></extensions></trkpt><trkpt lat="33.58993911530706" lon="130.360607396433"><ele>6.543811335964852</ele><time>2026-01-03T07:28:09.99500Z</time><extensions><mytracks:speed>0.1367735543362815</mytracks:speed><mytracks:gradient>1.021919329868397</mytracks:gradient><mytracks:length>0.0001898705959320068</mytracks:length></extensions></trkpt><trkpt lat="33.59000241463514" lon="130.3607509636504"><ele>6.307867674157023</ele><time>2026-01-03T07:28:20.00000Z</time><extensions><mytracks:speed>5.413979198242242</mytracks:speed><mytracks:length>0.01504597188193036</mytracks:length></extensions></trkpt><trkpt lat="33.59016317252266" lon="130.3610820800532"><ele>6.357253959397957</ele><time>2026-01-03T07:28:25.01700Z</time><extensions><mytracks:speed>25.46983288853155</mytracks:speed><mytracks:gradient>0.00139118929962986</mytracks:gradient><mytracks:length>0.03549932798798335</mytracks:length></extensions></trkpt><trkpt lat="33.59036555177394" lon="130.3615026969843"><ele>6.515363328155301</ele><time>2026-01-03T07:28:30.00000Z</time><extensions><mytracks:speed>32.50885599163708</mytracks:speed><mytracks:gradient>0.003514133397206122</mytracks:gradient><mytracks:length>0.04499242085774194</mytracks:length></extensions></trkpt><trkpt lat="33.59057100670211" lon="130.3619186352603"><ele>6.056528280500647</ele><time>2026-01-03T07:28:35.00500Z</time><extensions><mytracks:speed>32.21736700357427</mytracks:speed><mytracks:length>0.04479105308848448</mytracks:length></extensions></trkpt><trkpt lat="33.59089488574963" lon="130.3626084177511"><ele>5.56263691931963</ele><time>2026-01-03T07:28:44.00000Z</time><extensions><mytracks:speed>29.35372418875978</mytracks:speed><mytracks:length>0.07334297087943775</mytracks:length></extensions></trkpt><trkpt lat="33.59106291878766" lon="130.3629593677279"><ele>5.704563961065714</ele><time>2026-01-03T07:28:49.03200Z</time><extensions><mytracks:speed>26.81973907601173</mytracks:speed><mytracks:gradient>0.003785274737305791</mytracks:gradient><mytracks:length>0.03749451535111103</mytracks:length></extensions></trkpt><trkpt lat="33.59124532889683" lon="130.3633375830167"><ele>6.266395575316316</ele><time>2026-01-03T07:28:54.08400Z</time><extensions><mytracks:speed>28.84751655768276</mytracks:speed><mytracks:gradient>0.01387898251905646</mytracks:gradient><mytracks:length>0.04048074946986794</mytracks:length></extensions></trkpt><trkpt lat="33.59145118759205" lon="130.3637604820109"><ele>5.881728165899224</ele><time>2026-01-03T07:28:59.47500Z</time><extensions><mytracks:speed>30.29650966709913</mytracks:speed><mytracks:length>0.04536924019688291</mytracks:length></extensions></trkpt><trkpt lat="33.59167841759434" lon="130.3641519235442"><ele>5.78237288892913</ele><time>2026-01-03T07:29:04.47700Z</time><extensions><mytracks:speed>31.81029522676555</mytracks:speed><mytracks:length>0.04419296753445767</mytracks:length></extensions></trkpt><trkpt lat="33.59191261397719" lon="130.3645527835544"><ele>6.733002944644477</ele><time>2026-01-03T07:29:09.50000Z</time><extensions><mytracks:speed>32.50035309167953</mytracks:speed><mytracks:gradient>0.02096121670004331</mytracks:gradient><mytracks:length>0.04535185477632046</mytracks:length></extensions></trkpt><trkpt lat="33.59214548194538" lon="130.364907916006"><ele>8.064425834094417</ele><time>2026-01-03T07:29:14.51600Z</time><extensions><mytracks:speed>30.04520084218016</mytracks:speed><mytracks:gradient>0.03180427090836956</mytracks:gradient><mytracks:length>0.04186302189683475</mytracks:length></extensions></trkpt><trkpt lat="33.59235624741074" lon="130.3652159508192"><ele>9.198378425025846</ele><time>2026-01-03T07:29:19.47400Z</time><extensions><mytracks:speed>26.81105353004703</mytracks:speed><mytracks:gradient>0.03071138409048507</mytracks:gradient><mytracks:length>0.03692287483984636</mytracks:length></extensions></trkpt><trkpt lat="33.59252433712341" lon="130.3654003823887"><ele>8.980269835107489</ele><time>2026-01-03T07:29:24.48300Z</time><extensions><mytracks:speed>18.19986936741297</mytracks:speed><mytracks:length>0.025321399231008</mytracks:length></extensions></trkpt><trkpt lat="33.59253602866462" lon="130.3654281091039"><ele>8.384746816028992</ele><time>2026-01-03T07:29:29.47400Z</time><extensions><mytracks:speed>2.075551575014483</mytracks:speed><mytracks:length>0.00287796477134495</mytracks:length></extensions></trkpt><trkpt lat="33.59253331520272" lon="130.3654339870811"><ele>8.602497537316015</ele><time>2026-01-03T07:29:35.58900Z</time><extensions><mytracks:speed>0.3664946839565625</mytracks:speed><mytracks:gradient>0.3497821610783372</mytracks:gradient><mytracks:length>0.0006225323801983604</mytracks:length></extensions></trkpt><trkpt lat="33.59252477250727" lon="130.3654443663524"><ele>8.714614594355226</ele><time>2026-01-03T07:29:45.00000Z</time><extensions><mytracks:speed>0.5174472472119943</mytracks:speed><mytracks:gradient>0.08288881915542266</mytracks:gradient><mytracks:length>0.001352619788550522</mytracks:length></extensions></trkpt><trkpt lat="33.59252148908791" lon="130.3654594442203"><ele>8.476289080455899</ele><time>2026-01-03T07:29:57.00000Z</time><extensions><mytracks:speed>0.4338034522130512</mytracks:speed><mytracks:length>0.001446011378093334</mytracks:length></extensions></trkpt><trkpt lat="33.5925229560015" lon="130.3654694977334"><ele>8.588222020603295</ele><time>2026-01-03T07:30:03.80200Z</time><extensions><mytracks:speed>0.4999384287172407</mytracks:speed><mytracks:gradient>0.1184984300165827</mytracks:gradient><mytracks:length>0.0009445942881414714</mytracks:length></extensions></trkpt><trkpt lat="33.59252811523308" lon="130.365485836668"><ele>7.969921732321382</ele><time>2026-01-03T07:30:24.00000Z</time><extensions><mytracks:speed>0.2886469394105038</mytracks:speed><mytracks:length>0.001619474866359193</mytracks:length></extensions></trkpt><trkpt lat="33.59252644906259" lon="130.3655045580126"><ele>7.694775782180276</ele><time>2026-01-03T07:30:29.00000Z</time><extensions><mytracks:speed>1.25475647942765</mytracks:speed><mytracks:length>0.001742780404860075</mytracks:length></extensions></trkpt><trkpt lat="33.59259518776695" lon="130.365576730485"><ele>7.964091274887323</ele><time>2026-01-03T07:30:44.00000Z</time><extensions><mytracks:speed>2.437012439994713</mytracks:speed><mytracks:gradient>0.02652287554406166</mytracks:gradient><mytracks:length>0.01015408349142391</mytracks:length></extensions></trkpt><trkpt lat="33.59264716232164" lon="130.3656136229737"><ele>7.748685734662898</ele><time>2026-01-03T07:30:50.71900Z</time><extensions><mytracks:speed>3.597155382939741</mytracks:speed><mytracks:length>0.006714281750200331</mytracks:length></extensions></trkpt><trkpt lat="33.59277002578857" lon="130.3657348495174"><ele>6.678349833935499</ele><time>2026-01-03T07:31:22.00000Z</time><extensions><mytracks:speed>2.035235565148886</mytracks:speed><mytracks:length>0.01768423173467588</mytracks:length></extensions></trkpt><trkpt lat="33.5930366998805" lon="130.3660843962275"><ele>6.183791016939797</ele><time>2026-01-03T07:31:28.21700Z</time><extensions><mytracks:speed>25.42286524483263</mytracks:speed><mytracks:length>0.04390354678893866</mytracks:length></extensions></trkpt><trkpt lat="33.59344253235036" lon="130.3666466695408"><ele>6.295329663013225</ele><time>2026-01-03T07:31:34.22000Z</time><extensions><mytracks:speed>41.32616197704456</mytracks:speed><mytracks:gradient>0.001618589983019061</mytracks:gradient><mytracks:length>0.06891099490519614</mytracks:length></extensions></trkpt><trkpt lat="33.59383741694017" lon="130.3672095978574"><ele>6.416512202116726</ele><time>2026-01-03T07:31:40.33500Z</time><extensions><mytracks:speed>40.12665031279073</mytracks:speed><mytracks:gradient>0.001777753158920413</mytracks:gradient><mytracks:length>0.0681661222174916</mytracks:length></extensions></trkpt><trkpt lat="33.59414959095215" lon="130.3677090736698"><ele>5.602754566499342</ele><time>2026-01-03T07:31:45.50500Z</time><extensions><mytracks:speed>40.27721384675007</mytracks:speed><mytracks:length>0.05783757237854972</mytracks:length></extensions></trkpt><trkpt lat="33.5945195116685" lon="130.3681402265687"><ele>4.949373310510525</ele><time>2026-01-03T07:31:50.48200Z</time><extensions><mytracks:speed>41.47075223649026</mytracks:speed><mytracks:length>0.05732983787674154</mytracks:length></extensions></trkpt><trkpt lat="33.59484282156274" lon="130.3685953621037"><ele>5.497039750527225</ele><time>2026-01-03T07:31:55.49900Z</time><extensions><mytracks:speed>39.74833840131131</mytracks:speed><mytracks:gradient>0.009885078346277758</mytracks:gradient><mytracks:length>0.0554033484441653</mytracks:length></extensions></trkpt><trkpt lat="33.59515621048234" lon="130.3690328939097"><ele>5.067569083653616</ele><time>2026-01-03T07:32:00.56200Z</time><extensions><mytracks:speed>38.00890159757385</mytracks:speed><mytracks:length>0.053447223746192</mytracks:length></extensions></trkpt><trkpt lat="33.59538557845391" lon="130.3691857299805"><ele>4.884834007119371</ele><time>2026-01-03T07:32:06.49700Z</time><extensions><mytracks:speed>17.693603992137</mytracks:speed><mytracks:length>0.02916986482499816</mytracks:length></extensions></trkpt><trkpt lat="33.59538149718999" lon="130.3692044011274"><ele>5.154437166638672</ele><time>2026-01-03T07:32:11.49800Z</time><extensions><mytracks:speed>1.287618338830829</mytracks:speed><mytracks:gradient>0.1507242332038108</mytracks:gradient><mytracks:length>0.00178871807000498</mytracks:length></extensions></trkpt><trkpt lat="33.59538149718999" lon="130.3692044011274"><ele>5.154437166638671</ele><time>2026-01-03T07:32:17.00000Z</time><extensions><mytracks:speed>0.6122267579637209</mytracks:speed><mytracks:gradient>0.1509369704066571</mytracks:gradient><mytracks:length>0</mytracks:length></extensions></trkpt><trkpt lat="33.59543450281985" lon="130.3694384160189"><ele>5.718272811733186</ele><time>2026-01-03T07:32:28.00000Z</time><extensions><mytracks:speed>7.351090323746457</mytracks:speed><mytracks:gradient>0.0251020021916471</mytracks:gradient><mytracks:length>0.02246177977317426</mytracks:length></extensions></trkpt><trkpt lat="33.5963710587603" lon="130.3701778227482"><ele>6.040553849190474</ele><time>2026-01-03T07:34:21.00000Z</time><extensions><mytracks:speed>3.970853651170243</mytracks:speed><mytracks:gradient>0.002585677192853091</mytracks:gradient><mytracks:length>0.1246408632709776</mytracks:length></extensions></trkpt><trkpt lat="33.59677715594692" lon="130.3704003443189"><ele>5.480254803338429</ele><time>2026-01-03T07:34:25.98700Z</time><extensions><mytracks:speed>35.82929091042024</mytracks:speed><mytracks:length>0.0496370002066185</mytracks:length></extensions></trkpt><trkpt lat="33.5977176043979" lon="130.3705287531601"><ele>5.74185130931437</ele><time>2026-01-03T07:34:36.00000Z</time><extensions><mytracks:speed>37.84116296148187</mytracks:speed><mytracks:gradient>0.002485543619536339</mytracks:gradient><mytracks:length>0.1052471998156846</mytracks:length></extensions></trkpt><trkpt lat="33.5982497969534" lon="130.3705909271506"><ele>6.085200613947363</ele><time>2026-01-03T07:34:41.05200Z</time><extensions><mytracks:speed>42.36737726151228</mytracks:speed><mytracks:gradient>0.005774785215257206</mytracks:gradient><mytracks:length>0.05945663636560029</mytracks:length></extensions></trkpt><trkpt lat="33.59874324141445" lon="130.370877291914"><ele>5.662322732584322</ele><time>2026-01-03T07:34:46.46100Z</time><extensions><mytracks:speed>40.56533631862298</mytracks:speed><mytracks:length>0.06094261997980212</mytracks:length></extensions></trkpt><trkpt lat="33.59914114053882" lon="130.3712829608614"><ele>4.392246034117503</ele><time>2026-01-03T07:34:51.96200Z</time><extensions><mytracks:speed>37.98247107566553</mytracks:speed><mytracks:length>0.05804515228483103</mytracks:length></extensions></trkpt><trkpt lat="33.59931313832787" lon="130.3714909097797"><ele>4.613182236882314</ele><time>2026-01-03T07:34:58.10800Z</time><extensions><mytracks:speed>15.89906002591334</mytracks:speed><mytracks:gradient>0.008139902341241128</mytracks:gradient><mytracks:length>0.02714236528925285</mytracks:length></extensions></trkpt><trkpt lat="33.5993870698197" lon="130.3715849683342"><ele>5.194030875340104</ele><time>2026-01-03T07:35:15.00100Z</time><extensions><mytracks:speed>2.552645394711522</mytracks:speed><mytracks:gradient>0.04849281175333669</mytracks:gradient><mytracks:length>0.01197803586668334</mytracks:length></extensions></trkpt><trkpt lat="33.59941840794676" lon="130.3717116407719"><ele>5.271250989288092</ele><time>2026-01-03T07:35:29.00000Z</time><extensions><mytracks:speed>3.147181154156943</mytracks:speed><mytracks:gradient>0.00630938763894591</mytracks:gradient><mytracks:length>0.01223892370653081</mytracks:length></extensions></trkpt><trkpt lat="33.59964402731016" lon="130.3719213301209"><ele>5.567714152746964</ele><time>2026-01-03T07:35:34.06200Z</time><extensions><mytracks:speed>22.56576495083008</mytracks:speed><mytracks:gradient>0.00934440018505963</mytracks:gradient><mytracks:length>0.03172629142455552</mytracks:length></extensions></trkpt><trkpt lat="33.59988319409911" lon="130.3722557874426"><ele>5.707832985341284</ele><time>2026-01-03T07:35:39.04600Z</time><extensions><mytracks:speed>29.48727741356062</mytracks:speed><mytracks:gradient>0.003432066657908392</mytracks:gradient><mytracks:length>0.04082637272543904</mytracks:length></extensions></trkpt><trkpt lat="33.60008017439581" lon="130.3726379135721"><ele>5.377538045024267</ele><time>2026-01-03T07:35:44.86300Z</time><extensions><mytracks:speed>25.75947075608788</mytracks:speed><mytracks:length>0.04162087327304124</mytracks:length></extensions></trkpt><trkpt lat="33.60014219576573" lon="130.3728194815007"><ele>5.330782504659454</ele><time>2026-01-03T07:35:49.93900Z</time><extensions><mytracks:speed>12.88962704322266</mytracks:speed><mytracks:length>0.01817533738197818</mytracks:length></extensions></trkpt><trkpt lat="33.60014091489207" lon="130.3728450954978"><ele>5.449038186263663</ele><time>2026-01-03T07:35:55.55800Z</time><extensions><mytracks:speed>1.523184511018654</mytracks:speed><mytracks:gradient>0.04974627053898616</mytracks:gradient><mytracks:length>0.002377176827990192</mytracks:length></extensions></trkpt><trkpt lat="33.6001312970031" lon="130.3728687207151"><ele>5.605751235038042</ele><time>2026-01-03T07:36:11.00000Z</time><extensions><mytracks:speed>0.5677051972284277</mytracks:speed><mytracks:gradient>0.06435236245939965</mytracks:gradient><mytracks:length>0.002435233809376469</mytracks:length></extensions></trkpt><trkpt lat="33.6001312970031" lon="130.3728687207151"><ele>5.605751235038042</ele><time>2026-01-03T07:36:16.00200Z</time><extensions><mytracks:speed>0.4288065221415319</mytracks:speed><mytracks:gradient>0.06435236245939965</mytracks:gradient><mytracks:length>0</mytracks:length></extensions></trkpt><trkpt lat="33.60011030503609" lon="130.3729644548172"><ele>5.732968827709556</ele><time>2026-01-03T07:36:33.00000Z</time><extensions><mytracks:speed>1.941610790366781</mytracks:speed><mytracks:gradient>0.01387698232520163</mytracks:gradient><mytracks:length>0.00916752574084331</mytracks:length></extensions></trkpt><trkpt lat="33.60025637778117" lon="130.3732432843272"><ele>6.483254848416108</ele><time>2026-01-03T07:36:37.95500Z</time><extensions><mytracks:speed>22.16419669079422</mytracks:speed><mytracks:gradient>0.02459350680258853</mytracks:gradient><mytracks:length>0.0305074842204928</mytracks:length></extensions></trkpt><trkpt lat="33.60034190792189" lon="130.3737070340699"><ele>7.728570483624935</ele><time>2026-01-03T07:36:44.00000Z</time><extensions><mytracks:speed>26.19888025609124</mytracks:speed><mytracks:gradient>0.0283084097863259</mytracks:gradient><mytracks:length>0.04399101343411967</mytracks:length></extensions></trkpt></trkseg></trk></gpx>

