<?xml version="1.0" encoding="utf-8"?>
<gpx xmlns="http://www.topografix.com/GPX/1/1" xmlns:xsd="http://www.w3.org/2001/XMLSchema" xmlns:xsi="http://www.w3.org/2001/XMLSchema-instance" xmlns:mytracks="http://mytracks.stichling.info/myTracksGPX/1/0" creator="myTracks" version="1.1" xsi:schemaLocation="http://www.topografix.com/GPX/1/1 http://www.topografix.com/GPX/1/1/gpx.xsd"><trk><name>2026-01-04 16:28:07</name><extensions><mytracks:color red="0.000000" green="0.000000" blue="1.000000" alpha="1.000000"/><mytracks:area showArea="no" areaDistance="0.000000"/><mytracks:directionArrows showDirectionArrows="yes"/><mytracks:sync syncPhotosOniPhone="no"/><mytracks:timezone offset="540"/></extensions><trkseg><trkpt lat="33.59477398454546" lon="130.3477416561268"><ele>2.586391448974609</ele><time>2026-01-04T07:28:07.00000Z</time><extensions><mytracks:speed>0</mytracks:speed><mytracks:gradient>0</mytracks:gradient><mytracks:length>0</mytracks:length></extensions></trkpt><trkpt lat="33.59478274363428" lon="130.3477673885695"><ele>-5.867038726806641</ele><time>2026-01-04T07:28:13.00000Z</time><extensions><mytracks:speed>1.544267877556205</mytracks:speed><mytracks:length>0.002573779795927008</mytracks:length></extensions></trkpt><trkpt lat="33.59476789997119" lon="130.3478239186448"><ele>-7.590057055290885</ele><time>2026-01-04T07:28:18.00000Z</time><extensions><mytracks:speed>3.952104345608548</mytracks:speed><mytracks:length>0.005489033813345206</mytracks:length></extensions></trkpt><trkpt lat="33.59475710390208" lon="130.3478878350562"><ele>-7.287216813117266</ele><time>2026-01-04T07:28:24.00000Z</time><extensions><mytracks:speed>3.624092051048137</mytracks:speed><mytracks:gradient>0.0501378394214959</mytracks:gradient><mytracks:length>0.006040153418413563</mytracks:length></extensions></trkpt><trkpt lat="33.59474414803164" lon="130.3479425888622"><ele>-7.253989297710358</ele><time>2026-01-04T07:28:29.00000Z</time><extensions><mytracks:speed>3.795307569371017</mytracks:speed><mytracks:gradient>0.006303523668554274</mytracks:gradient><mytracks:length>0.005271260513015301</mytracks:length></extensions></trkpt><trkpt lat="33.59473207062872" lon="130.3479874633676"><ele>-8.070993743091821</ele><time>2026-01-04T07:28:34.00000Z</time><extensions><mytracks:speed>3.144257068634095</mytracks:speed><mytracks:length>0.004367023706436243</mytracks:length></extensions></trkpt><trkpt lat="33.59468686158804" lon="130.348023963052"><ele>-0.8774665424068959</ele><time>2026-01-04T07:28:39.00000Z</time><extensions><mytracks:speed>4.361783436018484</mytracks:speed><mytracks:gradient>1.187436208254517</mytracks:gradient><mytracks:length>0.006058032550025671</mytracks:length></extensions></trkpt><trkpt lat="33.5946643090986" lon="130.3480634967892"><ele>3.154357196924657</ele><time>2026-01-04T07:28:44.00000Z</time><extensions><mytracks:speed>3.195841949027211</mytracks:speed><mytracks:gradient>0.9083406309258635</mytracks:gradient><mytracks:length>0.004438669373648904</mytracks:length></extensions></trkpt><trkpt lat="33.59465575623852" lon="130.3481118292107"><ele>3.349307242953482</ele><time>2026-01-04T07:28:49.00000Z</time><extensions><mytracks:speed>3.295882290509861</mytracks:speed><mytracks:gradient>0.04258769603056424</mytracks:gradient><mytracks:length>0.004577614292374807</mytracks:length></extensions></trkpt><trkpt lat="33.59464449054153" lon="130.3481600435366"><ele>3.698170237462513</ele><time>2026-01-04T07:28:54.00000Z</time><extensions><mytracks:speed>3.339538262720429</mytracks:speed><mytracks:gradient>0.07521439680762543</mytracks:gradient><mytracks:length>0.004638247587111707</mytracks:length></extensions></trkpt><trkpt lat="33.59462567528751" lon="130.3483229501573"><ele>2.599209618754685</ele><time>2026-01-04T07:29:09.00000Z</time><extensions><mytracks:speed>3.655896077549338</mytracks:speed><mytracks:length>0.01523290032312224</mytracks:length></extensions></trkpt><trkpt lat="33.59461780252562" lon="130.3483807986524"><ele>3.048410358921662</ele><time>2026-01-04T07:29:13.00000Z</time><extensions><mytracks:speed>4.88589470779716</mytracks:speed><mytracks:gradient>0.08274444913950108</mytracks:gradient><mytracks:length>0.005428771897552399</mytracks:length></extensions></trkpt><trkpt lat="33.59462084738521" lon="130.3484518803598"><ele>3.008509234773205</ele><time>2026-01-04T07:29:19.00000Z</time><extensions><mytracks:speed>3.955829812775202</mytracks:speed><mytracks:length>0.00659304968795867</mytracks:length></extensions></trkpt><trkpt lat="33.59461783541866" lon="130.3485207627874"><ele>2.850088586167872</ele><time>2026-01-04T07:29:23.00000Z</time><extensions><mytracks:speed>5.750046907835219</mytracks:speed><mytracks:length>0.006388941008705799</mytracks:length></extensions></trkpt><trkpt lat="33.59461796172469" lon="130.348584592473"><ele>2.479523361025477</ele><time>2026-01-04T07:29:29.00000Z</time><extensions><mytracks:speed>3.547177087983727</mytracks:speed><mytracks:length>0.005911961813306212</mytracks:length></extensions></trkpt><trkpt lat="33.59461838699312" lon="130.3486482547663"><ele>2.324320439208047</ele><time>2026-01-04T07:29:33.00000Z</time><extensions><mytracks:speed>5.307027510335169</mytracks:speed><mytracks:length>0.005896697233705743</mytracks:length></extensions></trkpt><trkpt lat="33.59461869849171" lon="130.3487141659776"><ele>2.197879399873841</ele><time>2026-01-04T07:29:39.00000Z</time><extensions><mytracks:speed>3.662829684372864</mytracks:speed><mytracks:length>0.00610471614062144</mytracks:length></extensions></trkpt><trkpt lat="33.59463113691612" lon="130.3487787870578"><ele>1.985814750707463</ele><time>2026-01-04T07:29:44.00000Z</time><extensions><mytracks:speed>4.422946586809721</mytracks:speed><mytracks:length>0.006142981370569056</mytracks:length></extensions></trkpt><trkpt lat="33.5946426954007" lon="130.3488390998544"><ele>1.854519824462804</ele><time>2026-01-04T07:29:48.00000Z</time><extensions><mytracks:speed>5.158447247103377</mytracks:speed><mytracks:length>0.005731608052337085</mytracks:length></extensions></trkpt><trkpt lat="33.5946596035211" lon="130.3489013377278"><ele>2.052129445477529</ele><time>2026-01-04T07:29:53.00000Z</time><extensions><mytracks:speed>4.366065993197369</mytracks:speed><mytracks:gradient>0.03258744310147448</mytracks:gradient><mytracks:length>0.006063980546107457</mytracks:length></extensions></trkpt><trkpt lat="33.59466716985249" lon="130.3489603062047"><ele>1.862337380313187</ele><time>2026-01-04T07:29:58.00000Z</time><extensions><mytracks:speed>3.979202114167686</mytracks:speed><mytracks:length>0.005526669603010676</mytracks:length></extensions></trkpt><trkpt lat="33.59468564010565" lon="130.3490268633111"><ele>1.823959809202633</ele><time>2026-01-04T07:30:04.00000Z</time><extensions><mytracks:speed>3.898409093362872</mytracks:speed><mytracks:length>0.00649734848893812</mytracks:length></extensions></trkpt><trkpt lat="33.59470216359587" lon="130.3490878374037"><ele>2.14336366726734</ele><time>2026-01-04T07:30:09.00000Z</time><extensions><mytracks:speed>4.276324220249913</mytracks:speed><mytracks:gradient>0.05377767586414416</mytracks:gradient><mytracks:length>0.005939339194791546</mytracks:length></extensions></trkpt><trkpt lat="33.59471813595717" lon="130.3491428855608"><ele>2.084695234558183</ele><time>2026-01-04T07:30:13.00000Z</time><extensions><mytracks:speed>4.859676609045429</mytracks:speed><mytracks:length>0.005399640676717142</mytracks:length></extensions></trkpt><trkpt lat="33.59473535284163" lon="130.3492076855595"><ele>1.967177725429536</ele><time>2026-01-04T07:30:19.00000Z</time><extensions><mytracks:speed>3.779665016201425</mytracks:speed><mytracks:length>0.006299441693669041</mytracks:length></extensions></trkpt><trkpt lat="33.59474778495729" lon="130.349271614544"><ele>1.771733443038955</ele><time>2026-01-04T07:30:25.00000Z</time><extensions><mytracks:speed>3.648184520062035</mytracks:speed><mytracks:length>0.006080307533436725</mytracks:length></extensions></trkpt><trkpt lat="33.59475827499652" lon="130.3493384711182"><ele>1.983855029544757</ele><time>2026-01-04T07:30:31.00000Z</time><extensions><mytracks:speed>3.780523348224797</mytracks:speed><mytracks:gradient>0.03366543205274589</mytracks:gradient><mytracks:length>0.006300872247041329</mytracks:length></extensions></trkpt><trkpt lat="33.59477255448882" lon="130.3493985504341"><ele>1.881353548883274</ele><time>2026-01-04T07:30:35.00000Z</time><extensions><mytracks:speed>5.207744108873098</mytracks:speed><mytracks:length>0.005786382343192331</mytracks:length></extensions></trkpt><trkpt lat="33.59478454038196" lon="130.3494619069836"><ele>1.966700388853013</ele><time>2026-01-04T07:30:41.00000Z</time><extensions><mytracks:speed>3.611087162298826</mytracks:speed><mytracks:gradient>0.01418079976481209</mytracks:gradient><mytracks:length>0.006018478603831377</mytracks:length></extensions></trkpt><trkpt lat="33.5947973218649" lon="130.3495217206031"><ele>1.931583693345289</ele><time>2026-01-04T07:30:46.00000Z</time><extensions><mytracks:speed>4.118824986672007</mytracks:speed><mytracks:length>0.005720590259266676</mytracks:length></extensions></trkpt><trkpt lat="33.59481285163162" lon="130.3495786792008"><ele>1.819091353979349</ele><time>2026-01-04T07:30:51.00000Z</time><extensions><mytracks:speed>3.996191055802748</mytracks:speed><mytracks:length>0.005550265355281595</mytracks:length></extensions></trkpt><trkpt lat="33.5948239927657" lon="130.3496392032509"><ele>1.864313835460713</ele><time>2026-01-04T07:30:55.00000Z</time><extensions><mytracks:speed>5.166931541071875</mytracks:speed><mytracks:gradient>0.007877060690605505</mytracks:gradient><mytracks:length>0.005741035045635417</mytracks:length></extensions></trkpt><trkpt lat="33.59483630878555" lon="130.3496955371247"><ele>1.747136130848842</ele><time>2026-01-04T07:31:01.00000Z</time><extensions><mytracks:speed>3.236277331493899</mytracks:speed><mytracks:length>0.005393795552489832</mytracks:length></extensions></trkpt><trkpt lat="33.59485138482427" lon="130.3497514737477"><ele>1.669041216745672</ele><time>2026-01-04T07:31:06.00000Z</time><extensions><mytracks:speed>3.92065080398761</mytracks:speed><mytracks:length>0.005445348338871682</mytracks:length></extensions></trkpt><trkpt lat="33.59486843982388" lon="130.3498057608172"><ele>2.0031756687714</ele><time>2026-01-04T07:31:11.00000Z</time><extensions><mytracks:speed>3.868465103831853</mytracks:speed><mytracks:gradient>0.06218921432694958</mytracks:gradient><mytracks:length>0.005372868199766463</mytracks:length></extensions></trkpt><trkpt lat="33.59488832480101" lon="130.3498625339002"><ele>1.830163619416639</ele><time>2026-01-04T07:31:15.00000Z</time><extensions><mytracks:speed>5.134332278468086</mytracks:speed><mytracks:length>0.005704813642742318</mytracks:length></extensions></trkpt><trkpt lat="33.59490413503139" lon="130.3499143375436"><ele>1.952029588590244</ele><time>2026-01-04T07:31:20.00000Z</time><extensions><mytracks:speed>3.679039594825415</mytracks:speed><mytracks:gradient>0.02384956604664084</mytracks:gradient><mytracks:length>0.005109777215035298</mytracks:length></extensions></trkpt><trkpt lat="33.59492980468137" lon="130.3499668634894"><ele>1.946132933703365</ele><time>2026-01-04T07:31:25.00000Z</time><extensions><mytracks:speed>4.061711504152788</mytracks:speed><mytracks:length>0.005641265977989983</mytracks:length></extensions></trkpt><trkpt lat="33.59494788478247" lon="130.3500192854016"><ele>2.021647849718239</ele><time>2026-01-04T07:31:31.00000Z</time><extensions><mytracks:speed>3.152480919026714</mytracks:speed><mytracks:gradient>0.01437247386192358</mytracks:gradient><mytracks:length>0.005254134865044524</mytracks:length></extensions></trkpt><trkpt lat="33.59496684283756" lon="130.3500751579939"><ele>1.849010979073535</ele><time>2026-01-04T07:31:35.00000Z</time><extensions><mytracks:speed>5.028739849184464</mytracks:speed><mytracks:length>0.005587488721316072</mytracks:length></extensions></trkpt><trkpt lat="33.59498919500119" lon="130.3501261269123"><ele>1.916274116704733</ele><time>2026-01-04T07:31:40.00000Z</time><extensions><mytracks:speed>3.841194311932794</mytracks:speed><mytracks:gradient>0.01260791700748248</mytracks:gradient><mytracks:length>0.005334992099906658</mytracks:length></extensions></trkpt><trkpt lat="33.59501045725403" lon="130.3501809502311"><ele>1.765660497638468</ele><time>2026-01-04T07:31:45.00000Z</time><extensions><mytracks:speed>4.032272149763103</mytracks:speed><mytracks:length>0.005600377985782087</mytracks:length></extensions></trkpt><trkpt lat="33.59503647918921" lon="130.3502363503737"><ele>2.065375609373015</ele><time>2026-01-04T07:31:50.00000Z</time><extensions><mytracks:speed>4.241217834874958</mytracks:speed><mytracks:gradient>0.05088040483901155</mytracks:gradient><mytracks:length>0.00589058032621522</mytracks:length></extensions></trkpt><trkpt lat="33.59506228930569" lon="130.350290799394"><ele>1.934170625661151</ele><time>2026-01-04T07:31:56.00000Z</time><extensions><mytracks:speed>3.481162297500378</mytracks:speed><mytracks:length>0.00580193716250063</mytracks:length></extensions></trkpt><trkpt lat="33.59509372935344" lon="130.3503440321423"><ele>1.904063437846263</ele><time>2026-01-04T07:32:01.00000Z</time><extensions><mytracks:speed>4.352132274610828</mytracks:speed><mytracks:length>0.006044628159181706</mytracks:length></extensions></trkpt><trkpt lat="33.59511936640334" lon="130.3504005236291"><ele>2.396525608864811</ele><time>2026-01-04T07:32:05.00000Z</time><extensions><mytracks:speed>5.36313017246303</mytracks:speed><mytracks:gradient>0.08264128217367984</mytracks:gradient><mytracks:length>0.005959033524958923</mytracks:length></extensions></trkpt><trkpt lat="33.59512477858216" lon="130.3504648294652"><ele>2.35220739143713</ele><time>2026-01-04T07:32:11.00000Z</time><extensions><mytracks:speed>3.591265675865412</mytracks:speed><mytracks:length>0.00598544279310902</mytracks:length></extensions></trkpt><trkpt lat="33.59512563668707" lon="130.3505270690845"><ele>2.492598919547051</ele><time>2026-01-04T07:32:16.00000Z</time><extensions><mytracks:speed>4.15102807262461</mytracks:speed><mytracks:gradient>0.02435105194921779</mytracks:gradient><mytracks:length>0.005765316767534182</mytracks:length></extensions></trkpt><trkpt lat="33.59511486921933" lon="130.3505806357279"><ele>2.761048131963681</ele><time>2026-01-04T07:32:21.00000Z</time><extensions><mytracks:speed>3.674592088292589</mytracks:speed><mytracks:gradient>0.05259996981863185</mytracks:gradient><mytracks:length>0.005103600122628596</mytracks:length></extensions></trkpt><trkpt lat="33.59509628009383" lon="130.3506448825413"><ele>3.067133300360436</ele><time>2026-01-04T07:32:26.00000Z</time><extensions><mytracks:speed>4.535598019441709</mytracks:speed><mytracks:gradient>0.04858925334674844</mytracks:gradient><mytracks:length>0.006299441693669041</mytracks:length></extensions></trkpt><trkpt lat="33.59508391970753" lon="130.3506967308211"><ele>2.620523122717892</ele><time>2026-01-04T07:32:31.00000Z</time><extensions><mytracks:speed>3.596844744025515</mytracks:speed><mytracks:length>0.004995617700035438</mytracks:length></extensions></trkpt><trkpt lat="33.59507959695078" lon="130.3507645520572"><ele>2.888669380274957</ele><time>2026-01-04T07:32:37.00000Z</time><extensions><mytracks:speed>3.780523348224797</mytracks:speed><mytracks:gradient>0.04255700592612045</mytracks:gradient><mytracks:length>0.006300872247041329</mytracks:length></extensions></trkpt><trkpt lat="33.59506357230082" lon="130.3508203601451"><ele>3.142838489149971</ele><time>2026-01-04T07:32:42.00000Z</time><extensions><mytracks:speed>3.936705708753534</mytracks:speed><mytracks:gradient>0.04648601443158251</mytracks:gradient><mytracks:length>0.005467646817713242</mytracks:length></extensions></trkpt><trkpt lat="33.59505094350627" lon="130.3508803557017"><ele>3.67226191325883</ele><time>2026-01-04T07:32:47.00000Z</time><extensions><mytracks:speed>4.126757797682702</mytracks:speed><mytracks:gradient>0.09236909071145998</mytracks:gradient><mytracks:length>0.005731608052337085</mytracks:length></extensions></trkpt><trkpt lat="33.59502953138284" lon="130.3509351280111"><ele>3.358747011664271</ele><time>2026-01-04T07:32:52.00000Z</time><extensions><mytracks:speed>4.035167857245654</mytracks:speed><mytracks:length>0.005604399801730075</mytracks:length></extensions></trkpt><trkpt lat="33.59501256221232" lon="130.3509846687683"><ele>3.419002990988517</ele><time>2026-01-04T07:32:57.00000Z</time><extensions><mytracks:speed>3.572079075277406</mytracks:speed><mytracks:gradient>0.01214539325675132</mytracks:gradient><mytracks:length>0.004961220937885286</mytracks:length></extensions></trkpt><trkpt lat="33.59499695465936" lon="130.3510422527501"><ele>4.185793201737944</ele><time>2026-01-04T07:33:02.00000Z</time><extensions><mytracks:speed>4.03863996560977</mytracks:speed><mytracks:gradient>0.1367017006816133</mytracks:gradient><mytracks:length>0.005609222174458013</mytracks:length></extensions></trkpt><trkpt lat="33.59499521129558" lon="130.3511002864015"><ele>5.104274300504038</ele><time>2026-01-04T07:33:06.00000Z</time><extensions><mytracks:speed>4.840862459397643</mytracks:speed><mytracks:gradient>0.1707615111610388</mytracks:gradient><mytracks:length>0.005378736065997381</mytracks:length></extensions></trkpt><trkpt lat="33.59495782873351" lon="130.3511264370296"><ele>6.131176980802469</ele><time>2026-01-04T07:33:11.00000Z</time><extensions><mytracks:speed>3.463839209260762</mytracks:speed><mytracks:gradient>0.2134538831473831</mytracks:gradient><mytracks:length>0.004810887790639947</mytracks:length></extensions></trkpt><trkpt lat="33.59493561539212" lon="130.3511283617975"><ele>5.587003371573545</ele><time>2026-01-04T07:33:16.00000Z</time><extensions><mytracks:speed>1.782438977775178</mytracks:speed><mytracks:length>0.002475609691354414</mytracks:length></extensions></trkpt><trkpt lat="33.59493111457931" lon="130.3511543206529"><ele>5.605644194342201</ele><time>2026-01-04T07:33:21.00000Z</time><extensions><mytracks:speed>1.767963412355274</mytracks:speed><mytracks:gradient>0.007591442390514165</mytracks:gradient><mytracks:length>0.002455504739382325</mytracks:length></extensions></trkpt><trkpt lat="33.59494295491069" lon="130.3512188236089"><ele>5.41072654424231</ele><time>2026-01-04T07:33:26.00000Z</time><extensions><mytracks:speed>4.404951994550807</mytracks:speed><mytracks:length>0.006117988881320565</mytracks:length></extensions></trkpt><trkpt lat="33.59495128159796" lon="130.3512778814768"><ele>5.240423073123915</ele><time>2026-01-04T07:33:31.00000Z</time><extensions><mytracks:speed>3.994436929861566</mytracks:speed><mytracks:length>0.005547829069252175</mytracks:length></extensions></trkpt><trkpt lat="33.59496622655683" lon="130.3513371715539"><ele>5.817025243468403</ele><time>2026-01-04T07:33:36.00000Z</time><extensions><mytracks:speed>4.130718490249079</mytracks:speed><mytracks:gradient>0.1005039592090426</mytracks:gradient><mytracks:length>0.005737109014234833</mytracks:length></extensions></trkpt><trkpt lat="33.59496724033193" lon="130.3513924318537"><ele>5.691932382503498</ele><time>2026-01-04T07:33:42.00000Z</time><extensions><mytracks:speed>3.071681409618091</mytracks:speed><mytracks:length>0.005119469016030152</mytracks:length></extensions></trkpt><trkpt lat="33.59497905567927" lon="130.3514461133102"><ele>5.835082179431979</ele><time>2026-01-04T07:33:47.00000Z</time><extensions><mytracks:speed>3.703089997945289</mytracks:speed><mytracks:gradient>0.02783293245524559</mytracks:gradient><mytracks:length>0.00514318055270179</mytracks:length></extensions></trkpt><trkpt lat="33.5949898631839" lon="130.351492659053"><ele>5.600530395470281</ele><time>2026-01-04T07:33:52.00000Z</time><extensions><mytracks:speed>3.222774699924377</mytracks:speed><mytracks:length>0.004476075972117191</mytracks:length></extensions></trkpt><trkpt lat="33.59499681258639" lon="130.351542028767"><ele>4.863309273016537</ele><time>2026-01-04T07:33:57.00000Z</time><extensions><mytracks:speed>3.33883866320239</mytracks:speed><mytracks:length>0.00463727592111443</mytracks:length></extensions></trkpt><trkpt lat="33.59499915456119" lon="130.3515955731201"><ele>4.433090348543926</ele><time>2026-01-04T07:34:02.00000Z</time><extensions><mytracks:speed>3.57534751687553</mytracks:speed><mytracks:length>0.004965760440104902</mytracks:length></extensions></trkpt><trkpt lat="33.59500818111734" lon="130.3516577037118"><ele>3.712212956095546</ele><time>2026-01-04T07:34:07.00000Z</time><extensions><mytracks:speed>4.206373830070919</mytracks:speed><mytracks:length>0.005842185875098499</mytracks:length></extensions></trkpt><trkpt lat="33.595012213323" lon="130.3517363035799"><ele>4.458209005088415</ele><time>2026-01-04T07:34:12.00000Z</time><extensions><mytracks:speed>5.251215204377333</mytracks:speed><mytracks:gradient>0.1022843540723932</mytracks:gradient><mytracks:length>0.007293354450524074</mytracks:length></extensions></trkpt><trkpt lat="33.59502143633136" lon="130.351811935313"><ele>4.672415129582629</ele><time>2026-01-04T07:34:16.00000Z</time><extensions><mytracks:speed>6.371573169489152</mytracks:speed><mytracks:gradient>0.03025712911341319</mytracks:gradient><mytracks:length>0.007079525743876836</mytracks:length></extensions></trkpt><trkpt lat="33.59502529050633" lon="130.3518872387885"><ele>4.637552049768843</ele><time>2026-01-04T07:34:21.00000Z</time><extensions><mytracks:speed>5.031294218370594</mytracks:speed><mytracks:length>0.006987908636625824</mytracks:length></extensions></trkpt><trkpt lat="33.59499264643879" lon="130.3519364776233"><ele>4.886853464028159</ele><time>2026-01-04T07:34:27.00000Z</time><extensions><mytracks:speed>3.497434931148368</mytracks:speed><mytracks:gradient>0.04276872951185277</mytracks:gradient><mytracks:length>0.005829058218580613</mytracks:length></extensions></trkpt><trkpt lat="33.59499587103414" lon="130.3520096143254"><ele>5.1154014799689</ele><time>2026-01-04T07:34:32.00000Z</time><extensions><mytracks:speed>4.883324080819158</mytracks:speed><mytracks:gradient>0.03369724571909433</mytracks:gradient><mytracks:length>0.006782394556693275</mytracks:length></extensions></trkpt><trkpt lat="33.59499588313741" lon="130.3520793029571"><ele>5.360608901924247</ele><time>2026-01-04T07:34:37.00000Z</time><extensions><mytracks:speed>4.647026882426155</mytracks:speed><mytracks:gradient>0.03799189207953872</mytracks:gradient><mytracks:length>0.006454204003369659</mytracks:length></extensions></trkpt><trkpt lat="33.59500289066543" lon="130.3521427535511"><ele>5.453720560699678</ele><time>2026-01-04T07:34:42.00000Z</time><extensions><mytracks:speed>4.268669369580492</mytracks:speed><mytracks:gradient>0.01570522064699024</mytracks:gradient><mytracks:length>0.005928707457750683</mytracks:length></extensions></trkpt><trkpt lat="33.59500623166498" lon="130.3522128094201"><ele>5.172175341870545</ele><time>2026-01-04T07:34:48.00000Z</time><extensions><mytracks:speed>3.899657316595679</mytracks:speed><mytracks:length>0.006499428860992799</mytracks:length></extensions></trkpt><trkpt lat="33.59501166613093" lon="130.3522833722881"><ele>5.399040753919297</ele><time>2026-01-04T07:34:52.00000Z</time><extensions><mytracks:speed>5.907234012211815</mytracks:speed><mytracks:gradient>0.03456420897187833</mytracks:gradient><mytracks:length>0.006563593346902017</mytracks:length></extensions></trkpt><trkpt lat="33.59504230434119" lon="130.352338774426"><ele>5.336642872428291</ele><time>2026-01-04T07:34:57.00000Z</time><extensions><mytracks:speed>4.43455123703655</mytracks:speed><mytracks:length>0.006159098940328542</mytracks:length></extensions></trkpt><trkpt lat="33.59507888900779" lon="130.3523924833556"><ele>5.270194038368949</ele><time>2026-01-04T07:35:02.00000Z</time><extensions><mytracks:speed>4.626369968513765</mytracks:speed><mytracks:length>0.006425513845158007</mytracks:length></extensions></trkpt><trkpt lat="33.59508364283474" lon="130.3524623208174"><ele>4.852932861341591</ele><time>2026-01-04T07:35:07.00000Z</time><extensions><mytracks:speed>4.673094551630854</mytracks:speed><mytracks:length>0.006490409099487297</mytracks:length></extensions></trkpt><trkpt lat="33.59507794161856" lon="130.352529250587"><ele>4.513056878523671</ele><time>2026-01-04T07:35:12.00000Z</time><extensions><mytracks:speed>4.486921394650119</mytracks:speed><mytracks:length>0.006231835270347388</mytracks:length></extensions></trkpt><trkpt lat="33.59507396434644" lon="130.3525937257097"><ele>4.054104493002353</ele><time>2026-01-04T07:35:18.00000Z</time><extensions><mytracks:speed>3.593072147647595</mytracks:speed><mytracks:length>0.005988453579412658</mytracks:length></extensions></trkpt><trkpt lat="33.59506767853353" lon="130.3526640554546"><ele>4.283044104929885</ele><time>2026-01-04T07:35:22.00000Z</time><extensions><mytracks:speed>5.896720160166798</mytracks:speed><mytracks:gradient>0.03494241631587785</mytracks:gradient><mytracks:length>0.00655191128907422</mytracks:length></extensions></trkpt><trkpt lat="33.59505029827802" lon="130.3527301688492"><ele>3.975713865930056</ele><time>2026-01-04T07:35:27.00000Z</time><extensions><mytracks:speed>4.623339263983778</mytracks:speed><mytracks:length>0.006421304533310802</mytracks:length></extensions></trkpt><trkpt lat="33.59502976359633" lon="130.3527894035111"><ele>3.993294615345444</ele><time>2026-01-04T07:35:32.00000Z</time><extensions><mytracks:speed>4.279054776827397</mytracks:speed><mytracks:gradient>0.002958162547398817</mytracks:gradient><mytracks:length>0.005943131634482495</mytracks:length></extensions></trkpt><trkpt lat="33.59501808325766" lon="130.3528527843981"><ele>3.8539188050125</ele><time>2026-01-04T07:35:37.00000Z</time><extensions><mytracks:speed>4.328989627699124</mytracks:speed><mytracks:length>0.006012485594026561</mytracks:length></extensions></trkpt><trkpt lat="33.59503315461083" lon="130.3529125110418"><ele>3.757473699953619</ele><time>2026-01-04T07:35:42.00000Z</time><extensions><mytracks:speed>4.161707060331402</mytracks:speed><mytracks:length>0.005780148694904725</mytracks:length></extensions></trkpt><trkpt lat="33.59504125707677" lon="130.3529749757017"><ele>3.481036862175711</ele><time>2026-01-04T07:35:47.00000Z</time><extensions><mytracks:speed>4.21580455145193</mytracks:speed><mytracks:length>0.005855284099238792</mytracks:length></extensions></trkpt><trkpt lat="33.59503869132584" lon="130.3530404489299"><ele>3.637685157664859</ele><time>2026-01-04T07:35:52.00000Z</time><extensions><mytracks:speed>4.370878854471091</mytracks:speed><mytracks:gradient>0.02580414065624671</mytracks:gradient><mytracks:length>0.006070665075654293</mytracks:length></extensions></trkpt><trkpt lat="33.59504261400782" lon="130.3531017911898"><ele>3.455594464114144</ele><time>2026-01-04T07:35:57.00000Z</time><extensions><mytracks:speed>4.102343937525516</mytracks:speed><mytracks:length>0.005697699913229884</mytracks:length></extensions></trkpt><trkpt lat="33.59504653296803" lon="130.3531637148482"><ele>3.509417321559873</ele><time>2026-01-04T07:36:02.00000Z</time><extensions><mytracks:speed>4.140885732871848</mytracks:speed><mytracks:gradient>0.009358494742632988</mytracks:gradient><mytracks:length>0.005751230184544232</mytracks:length></extensions></trkpt><trkpt lat="33.59505087037626" lon="130.3532263347657"><ele>3.338267273302717</ele><time>2026-01-04T07:36:08.00000Z</time><extensions><mytracks:speed>3.491864285301083</mytracks:speed><mytracks:length>0.005819773808835138</mytracks:length></extensions></trkpt><trkpt lat="33.59505687746868" lon="130.3532869721343"><ele>3.591243025139456</ele><time>2026-01-04T07:36:12.00000Z</time><extensions><mytracks:speed>5.090063811913222</mytracks:speed><mytracks:gradient>0.04472992580568193</mytracks:gradient><mytracks:length>0.005655626457681358</mytracks:length></extensions></trkpt><trkpt lat="33.59506425309121" lon="130.3533443147895"><ele>3.580606253300452</ele><time>2026-01-04T07:36:18.00000Z</time><extensions><mytracks:speed>3.224727232017949</mytracks:speed><mytracks:length>0.005374545386696582</mytracks:length></extensions></trkpt><trkpt lat="33.59507766265109" lon="130.3534015051116"><ele>3.758653103955769</ele><time>2026-01-04T07:36:22.00000Z</time><extensions><mytracks:speed>4.95267540961374</mytracks:speed><mytracks:gradient>0.03235466739426054</mytracks:gradient><mytracks:length>0.005502972677348601</mytracks:length></extensions></trkpt><trkpt lat="33.59508681085568" lon="130.3534572746351"><ele>4.03622130049011</ele><time>2026-01-04T07:36:27.00000Z</time><extensions><mytracks:speed>3.79099646810364</mytracks:speed><mytracks:gradient>0.05271677333023079</mytracks:gradient><mytracks:length>0.005265272872366167</mytracks:length></extensions></trkpt><trkpt lat="33.5950957534163" lon="130.3535171835685"><ele>4.379861919283732</ele><time>2026-01-04T07:36:32.00000Z</time><extensions><mytracks:speed>4.059410250991199</mytracks:speed><mytracks:gradient>0.06095004698551824</mytracks:gradient><mytracks:length>0.005638069793043333</mytracks:length></extensions></trkpt><trkpt lat="33.59511384104562" lon="130.3535808039301"><ele>4.959983861072868</ele><time>2026-01-04T07:36:38.00000Z</time><extensions><mytracks:speed>3.735628580858215</mytracks:speed><mytracks:gradient>0.09317659867392823</mytracks:gradient><mytracks:length>0.006226047634763691</mytracks:length></extensions></trkpt><trkpt lat="33.59512518609557" lon="130.3536400173046"><ele>5.331940272835506</ele><time>2026-01-04T07:36:43.00000Z</time><extensions><mytracks:speed>4.051922151921207</mytracks:speed><mytracks:gradient>0.06609421564087013</mytracks:gradient><mytracks:length>0.005627669655446121</mytracks:length></extensions></trkpt><trkpt lat="33.59514642532361" lon="130.3536959848003"><ele>5.415021253771728</ele><time>2026-01-04T07:36:48.00000Z</time><extensions><mytracks:speed>4.102343937525516</mytracks:speed><mytracks:gradient>0.01458149467354559</mytracks:gradient><mytracks:length>0.005697699913229884</mytracks:length></extensions></trkpt><trkpt lat="33.59515745628365" lon="130.353761288492"><ele>5.082441815074927</ele><time>2026-01-04T07:36:54.00000Z</time><extensions><mytracks:speed>3.703790876156956</mytracks:speed><mytracks:length>0.006172984793594926</mytracks:length></extensions></trkpt><trkpt lat="33.59517993150119" lon="130.3538139707717"><ele>4.626687080131069</ele><time>2026-01-04T07:36:58.00000Z</time><extensions><mytracks:speed>4.93421587684353</mytracks:speed><mytracks:length>0.0054824620853817</mytracks:length></extensions></trkpt><trkpt lat="33.59519189336118" lon="130.3538666495249"><ele>4.339600756878735</ele><time>2026-01-04T07:37:03.00000Z</time><extensions><mytracks:speed>3.640741817758192</mytracks:speed><mytracks:length>0.005056585857997489</mytracks:length></extensions></trkpt><trkpt lat="33.59520514261921" lon="130.3539151202316"><ele>3.918429329244552</ele><time>2026-01-04T07:37:08.00000Z</time><extensions><mytracks:speed>3.401913115182936</mytracks:speed><mytracks:length>0.004724879326642967</mytracks:length></extensions></trkpt><trkpt lat="33.59521753913526" lon="130.3539669657588"><ele>3.524643263576345</ele><time>2026-01-04T07:37:13.00000Z</time><extensions><mytracks:speed>3.597494169821911</mytracks:speed><mytracks:length>0.00499651968030821</mytracks:length></extensions></trkpt><trkpt lat="33.59523422855519" lon="130.3540196642669"><ele>2.9544908998306</ele><time>2026-01-04T07:37:19.00000Z</time><extensions><mytracks:speed>3.132346961177352</mytracks:speed><mytracks:length>0.00522057826862892</mytracks:length></extensions></trkpt><trkpt lat="33.59525586095477" lon="130.3540771380119"><ele>3.281559206970448</ele><time>2026-01-04T07:37:23.00000Z</time><extensions><mytracks:speed>5.257273029014607</mytracks:speed><mytracks:gradient>0.0559912857485806</mytracks:gradient><mytracks:length>0.005841414476682897</mytracks:length></extensions></trkpt><trkpt lat="33.59527334854326" lon="130.3541360133994"><ele>3.260452749824687</ele><time>2026-01-04T07:37:29.00000Z</time><extensions><mytracks:speed>3.474164979274686</mytracks:speed><mytracks:length>0.00579027496545781</mytracks:length></extensions></trkpt><trkpt lat="33.59529460435152" lon="130.3541931328845"><ele>3.537590750696823</ele><time>2026-01-04T07:37:33.00000Z</time><extensions><mytracks:speed>5.215448394599406</mytracks:speed><mytracks:gradient>0.04782411442191652</mytracks:gradient><mytracks:length>0.005794942660666006</mytracks:length></extensions></trkpt><trkpt lat="33.59532063475402" lon="130.3542444390673"><ele>3.603544761455852</ele><time>2026-01-04T07:37:39.00000Z</time><extensions><mytracks:speed>3.338430495779333</mytracks:speed><mytracks:gradient>0.01185359602527217</mytracks:gradient><mytracks:length>0.005564050826298889</mytracks:length></extensions></trkpt><trkpt lat="33.59533938540014" lon="130.3542968264979"><ele>3.551341101923284</ele><time>2026-01-04T07:37:44.00000Z</time><extensions><mytracks:speed>3.802072280768772</mytracks:speed><mytracks:length>0.005280655945512184</mytracks:length></extensions></trkpt><trkpt lat="33.59535612234102" lon="130.3543490391855"><ele>3.6655466661179</ele><time>2026-01-04T07:37:49.00000Z</time><extensions><mytracks:speed>3.730744143082412</mytracks:speed><mytracks:gradient>0.02204064472568874</mytracks:gradient><mytracks:length>0.005181589087614461</mytracks:length></extensions></trkpt><trkpt lat="33.59538243394766" lon="130.3543990742909"><ele>3.897022422765524</ele><time>2026-01-04T07:37:54.00000Z</time><extensions><mytracks:speed>3.946780847104382</mytracks:speed><mytracks:gradient>0.04222746365777164</mytracks:gradient><mytracks:length>0.005481640065422753</mytracks:length></extensions></trkpt><trkpt lat="33.59540074202025" lon="130.354451957844"><ele>4.086875738670208</ele><time>2026-01-04T07:37:58.00000Z</time><extensions><mytracks:speed>4.774046849894634</mytracks:speed><mytracks:gradient>0.03579101539776183</mytracks:gradient><mytracks:length>0.005304496499882927</mytracks:length></extensions></trkpt><trkpt lat="33.5954198007371" lon="130.354506143705"><ele>4.070913953205173</ele><time>2026-01-04T07:38:03.00000Z</time><extensions><mytracks:speed>3.921842310109629</mytracks:speed><mytracks:length>0.005447003208485596</mytracks:length></extensions></trkpt><trkpt lat="33.59543603176173" lon="130.354562999988"><ele>3.912414665078715</ele><time>2026-01-04T07:38:09.00000Z</time><extensions><mytracks:speed>3.339888007525601</mytracks:speed><mytracks:length>0.00556648001254267</mytracks:length></extensions></trkpt><trkpt lat="33.59545671149379" lon="130.3546185233484"><ele>4.220443456904658</ele><time>2026-01-04T07:38:13.00000Z</time><extensions><mytracks:speed>5.070664810866013</mytracks:speed><mytracks:gradient>0.05467249817997766</mytracks:gradient><mytracks:length>0.005634072012073348</mytracks:length></extensions></trkpt><trkpt lat="33.59548921818927" lon="130.3546682500758"><ele>4.398856201002868</ele><time>2026-01-04T07:38:18.00000Z</time><extensions><mytracks:speed>4.215250387196964</mytracks:speed><mytracks:gradient>0.03047438798437112</mytracks:gradient><mytracks:length>0.005854514426662448</mytracks:length></extensions></trkpt><trkpt lat="33.59552119131835" lon="130.3547159744602"><ele>4.682025410124008</ele><time>2026-01-04T07:38:23.00000Z</time><extensions><mytracks:speed>4.084080768647341</mytracks:speed><mytracks:gradient>0.04992110639250335</mytracks:gradient><mytracks:length>0.005672334400899085</mytracks:length></extensions></trkpt><trkpt lat="33.59555405170634" lon="130.3547602996692"><ele>4.687605451759215</ele><time>2026-01-04T07:38:28.00000Z</time><extensions><mytracks:speed>3.95742068298102</mytracks:speed><mytracks:gradient>0.001015214276972528</mytracks:gradient><mytracks:length>0.005496417615251417</mytracks:length></extensions></trkpt><trkpt lat="33.5955809732019" lon="130.3548078748341"><ele>4.760811586539797</ele><time>2026-01-04T07:38:34.00000Z</time><extensions><mytracks:speed>3.195415515925329</mytracks:speed><mytracks:gradient>0.01374584327122473</mytracks:gradient><mytracks:length>0.005325692526542215</mytracks:length></extensions></trkpt><trkpt lat="33.59558368346215" lon="130.3548611496904"><ele>3.996690151341678</ele><time>2026-01-04T07:38:39.00000Z</time><extensions><mytracks:speed>3.559631627533956</mytracks:speed><mytracks:length>0.004943932816019384</mytracks:length></extensions></trkpt><trkpt lat="33.59557375253532" lon="130.3549199393451"><ele>3.498893264173312</ele><time>2026-01-04T07:38:44.00000Z</time><extensions><mytracks:speed>4.000281025056683</mytracks:speed><mytracks:length>0.005555945868134282</mytracks:length></extensions></trkpt><trkpt lat="33.59557306008109" lon="130.3549877844106"><ele>3.357938331145719</ele><time>2026-01-04T07:38:49.00000Z</time><extensions><mytracks:speed>4.525285141114342</mytracks:speed><mytracks:length>0.006285118251547696</mytracks:length></extensions></trkpt><trkpt lat="33.59558274596713" lon="130.3550516969021"><ele>3.312168281278622</ele><time>2026-01-04T07:38:55.00000Z</time><extensions><mytracks:speed>3.609739154849766</mytracks:speed><mytracks:length>0.00601623192474961</mytracks:length></extensions></trkpt><trkpt lat="33.59558719654235" lon="130.3551050621526"><ele>3.255938297682535</ele><time>2026-01-04T07:39:00.00000Z</time><extensions><mytracks:speed>3.576000846715039</mytracks:speed><mytracks:length>0.004966667842659777</mytracks:length></extensions></trkpt><trkpt lat="33.59559054672722" lon="130.3551626147743"><ele>3.47256407516972</ele><time>2026-01-04T07:39:05.00000Z</time><extensions><mytracks:speed>3.847271193302015</mytracks:speed><mytracks:gradient>0.04054056809468306</mytracks:gradient><mytracks:length>0.005343432212919464</mytracks:length></extensions></trkpt><trkpt lat="33.59558092643028" lon="130.3552169554966"><ele>3.422255152455736</ele><time>2026-01-04T07:39:10.00000Z</time><extensions><mytracks:speed>3.704351483247746</mytracks:speed><mytracks:length>0.005144932615621869</mytracks:length></extensions></trkpt><trkpt lat="33.59556240855252" lon="130.3552694939384"><ele>3.4642755367403</ele><time>2026-01-04T07:39:15.00000Z</time><extensions><mytracks:speed>3.803915114198298</mytracks:speed><mytracks:gradient>0.007953562520877269</mytracks:gradient><mytracks:length>0.005283215436386525</mytracks:length></extensions></trkpt><trkpt lat="33.59554776726375" lon="130.3553275440735"><ele>3.874763095034669</ele><time>2026-01-04T07:39:19.00000Z</time><extensions><mytracks:speed>5.056247196211491</mytracks:speed><mytracks:gradient>0.07306581109043529</mytracks:gradient><mytracks:length>0.005618052440234989</mytracks:length></extensions></trkpt><trkpt lat="33.59552895560391" lon="130.3553810589271"><ele>3.974484424955398</ele><time>2026-01-04T07:39:25.00000Z</time><extensions><mytracks:speed>3.228246854274604</mytracks:speed><mytracks:gradient>0.01853414582382736</mytracks:gradient><mytracks:length>0.005380411423791007</mytracks:length></extensions></trkpt><trkpt lat="33.59551134116158" lon="130.3554308647932"><ele>3.877433954453239</ele><time>2026-01-04T07:39:30.00000Z</time><extensions><mytracks:speed>3.607869084426607</mytracks:speed><mytracks:length>0.005010929283925844</mytracks:length></extensions></trkpt><trkpt lat="33.59550418766671" lon="130.3554892113662"><ele>3.863020607096129</ele><time>2026-01-04T07:39:35.00000Z</time><extensions><mytracks:speed>3.931955534222551</mytracks:speed><mytracks:length>0.005461049353086876</mytracks:length></extensions></trkpt><trkpt lat="33.59549668631541" lon="130.3555454920568"><ele>3.756777403224876</ele><time>2026-01-04T07:39:39.00000Z</time><extensions><mytracks:speed>4.750285692124582</mytracks:speed><mytracks:length>0.005278095213471759</mytracks:length></extensions></trkpt><trkpt lat="33.59548481972595" lon="130.3555997070065"><ele>3.894948207677389</ele><time>2026-01-04T07:39:44.00000Z</time><extensions><mytracks:speed>3.738250678123085</mytracks:speed><mytracks:gradient>0.02661217445582273</mytracks:gradient><mytracks:length>0.005192014830726508</mytracks:length></extensions></trkpt><trkpt lat="33.59547596484963" lon="130.3556603166494"><ele>3.980877948167528</ele><time>2026-01-04T07:39:50.00000Z</time><extensions><mytracks:speed>3.419568905610042</mytracks:speed><mytracks:gradient>0.0150772935762456</mytracks:gradient><mytracks:length>0.00569928150935007</mytracks:length></extensions></trkpt><trkpt lat="33.59547164563744" lon="130.3557191067017"><ele>4.147303990408044</ele><time>2026-01-04T07:39:55.00000Z</time><extensions><mytracks:speed>3.935518702633153</mytracks:speed><mytracks:gradient>0.03044751136184366</mytracks:gradient><mytracks:length>0.005465998198101602</mytracks:length></extensions></trkpt><trkpt lat="33.5954629010912" lon="130.3557760570176"><ele>4.372655278653883</ele><time>2026-01-04T07:40:00.00000Z</time><extensions><mytracks:speed>3.861211725381141</mytracks:speed><mytracks:gradient>0.04202124593957313</mytracks:gradient><mytracks:length>0.005362794063029363</mytracks:length></extensions></trkpt><trkpt lat="33.59544685540495" lon="130.3558272891153"><ele>4.241594206036392</ele><time>2026-01-04T07:40:04.00000Z</time><extensions><mytracks:speed>4.562142388977351</mytracks:speed><mytracks:length>0.005069047098863724</mytracks:length></extensions></trkpt><trkpt lat="33.59543532095161" lon="130.3558825760609"><ele>4.371043114438049</ele><time>2026-01-04T07:40:09.00000Z</time><extensions><mytracks:speed>3.800843228762918</mytracks:speed><mytracks:gradient>0.0245217201656403</mytracks:gradient><mytracks:length>0.005278948928837387</mytracks:length></extensions></trkpt><trkpt lat="33.59542890453829" lon="130.355937804052"><ele>4.262482039663085</ele><time>2026-01-04T07:40:15.00000Z</time><extensions><mytracks:speed>3.099023173254343</mytracks:speed><mytracks:length>0.005165038622090571</mytracks:length></extensions></trkpt><trkpt lat="33.59542185622988" lon="130.3559940167501"><ele>4.537554158381971</ele><time>2026-01-04T07:40:19.00000Z</time><extensions><mytracks:speed>4.739515799776673</mytracks:speed><mytracks:gradient>0.05223421912817818</mytracks:gradient><mytracks:length>0.005266128666418526</mytracks:length></extensions></trkpt><trkpt lat="33.59540522016441" lon="130.3560405849871"><ele>4.873373168704082</ele><time>2026-01-04T07:40:25.00000Z</time><extensions><mytracks:speed>2.815403859891331</mytracks:speed><mytracks:gradient>0.07156749660812207</mytracks:gradient><mytracks:length>0.004692339766485551</mytracks:length></extensions></trkpt><trkpt lat="33.59538194121576" lon="130.356089594453"><ele>5.681971676208731</ele><time>2026-01-04T07:40:30.00000Z</time><extensions><mytracks:speed>3.761301521521285</mytracks:speed><mytracks:gradient>0.1547844335457254</mytracks:gradient><mytracks:length>0.005224029891001784</mytracks:length></extensions></trkpt><trkpt lat="33.59537715154642" lon="130.3561535763931"><ele>6.107805296112358</ele><time>2026-01-04T07:40:35.00000Z</time><extensions><mytracks:speed>4.283965392787079</mytracks:speed><mytracks:gradient>0.07156925376821083</mytracks:gradient><mytracks:length>0.005949951934426498</mytracks:length></extensions></trkpt><trkpt lat="33.59537315472865" lon="130.3562165749074"><ele>6.125745556127579</ele><time>2026-01-04T07:40:39.00000Z</time><extensions><mytracks:speed>5.266984321419159</mytracks:speed><mytracks:gradient>0.003065555738990423</mytracks:gradient><mytracks:length>0.005852204801576843</mytracks:length></extensions></trkpt><trkpt lat="33.59536102610466" lon="130.356268743909"><ele>6.9302888588806</ele><time>2026-01-04T07:40:45.00000Z</time><extensions><mytracks:speed>3.010332283167049</mytracks:speed><mytracks:gradient>0.1603563780487235</mytracks:gradient><mytracks:length>0.005017220471945081</mytracks:length></extensions></trkpt><trkpt lat="33.5953456009009" lon="130.3563059071259"><ele>7.878664107840584</ele><time>2026-01-04T07:40:50.00000Z</time><extensions><mytracks:speed>2.768946118343484</mytracks:speed><mytracks:gradient>0.2466029131905573</mytracks:gradient><mytracks:length>0.003845758497699284</mytracks:length></extensions></trkpt><trkpt lat="33.59534694201388" lon="130.3563471159209"><ele>8.536287516951194</ele><time>2026-01-04T07:40:55.00000Z</time><extensions><mytracks:speed>2.749473086407676</mytracks:speed><mytracks:gradient>0.1722107617275411</mytracks:gradient><mytracks:length>0.003818712620010661</mytracks:length></extensions></trkpt><trkpt lat="33.59535176495768" lon="130.3564043545787"><ele>8.771766246549564</ele><time>2026-01-04T07:41:00.00000Z</time><extensions><mytracks:speed>3.836325876120996</mytracks:speed><mytracks:gradient>0.04419454727924654</mytracks:gradient><mytracks:length>0.005328230383501383</mytracks:length></extensions></trkpt><trkpt lat="33.59536250239278" lon="130.356451043475"><ele>8.023562587989256</ele><time>2026-01-04T07:41:05.00000Z</time><extensions><mytracks:speed>3.22929194560985</mytracks:speed><mytracks:length>0.004485127702235903</mytracks:length></extensions></trkpt><trkpt lat="33.59537600578779" lon="130.3565086573556"><ele>8.300448199381252</ele><time>2026-01-04T07:41:10.00000Z</time><extensions><mytracks:speed>3.990340970605298</mytracks:speed><mytracks:gradient>0.04996005145194318</mytracks:gradient><mytracks:length>0.005542140236951803</mytracks:length></extensions></trkpt><trkpt lat="33.59539354608006" lon="130.3565733750886"><ele>9.30566214991261</ele><time>2026-01-04T07:41:15.00000Z</time><extensions><mytracks:speed>4.537657782499493</mytracks:speed><mytracks:gradient>0.159499477279644</mytracks:gradient><mytracks:length>0.006302302475693741</mytracks:length></extensions></trkpt><trkpt lat="33.59541321231465" lon="130.3566334570455"><ele>9.118356497072742</ele><time>2026-01-04T07:41:20.00000Z</time><extensions><mytracks:speed>4.304637345838398</mytracks:speed><mytracks:length>0.005978662980331108</mytracks:length></extensions></trkpt><trkpt lat="33.59543257104631" lon="130.3566881977265"><ele>8.945115544033548</ele><time>2026-01-04T07:41:26.00000Z</time><extensions><mytracks:speed>3.303748369217022</mytracks:speed><mytracks:length>0.00550624728202837</mytracks:length></extensions></trkpt><trkpt lat="33.59545009000285" lon="130.3567416050263"><ele>7.981717503866709</ele><time>2026-01-04T07:41:30.00000Z</time><extensions><mytracks:speed>4.784739017486712</mytracks:speed><mytracks:length>0.005316376686096346</mytracks:length></extensions></trkpt><trkpt lat="33.59546510396784" lon="130.3567984532789"><ele>6.826730712911401</ele><time>2026-01-04T07:41:36.00000Z</time><extensions><mytracks:speed>3.314533746492755</mytracks:speed><mytracks:length>0.005524222910821258</mytracks:length></extensions></trkpt><trkpt lat="33.59548502081683" lon="130.3568691587473"><ele>7.215923085659852</ele><time>2026-01-04T07:41:41.00000Z</time><extensions><mytracks:speed>4.977611851557208</mytracks:speed><mytracks:gradient>0.0562957733016528</mytracks:gradient><mytracks:length>0.006913349793829456</mytracks:length></extensions></trkpt><trkpt lat="33.59550754096886" lon="130.3569316790428"><ele>7.496641478172339</ele><time>2026-01-04T07:41:46.00000Z</time><extensions><mytracks:speed>4.542288834341803</mytracks:speed><mytracks:gradient>0.0444967834455816</mytracks:gradient><mytracks:length>0.006308734492141392</mytracks:length></extensions></trkpt><trkpt lat="33.59551249909751" lon="130.3569936095106"><ele>7.249528533294316</ele><time>2026-01-04T07:41:51.00000Z</time><extensions><mytracks:speed>4.148776362085926</mytracks:speed><mytracks:length>0.005762189391786009</mytracks:length></extensions></trkpt><trkpt lat="33.59552891001859" lon="130.3570595399466"><ele>7.291970680110051</ele><time>2026-01-04T07:41:56.00000Z</time><extensions><mytracks:speed>4.588342281223811</mytracks:speed><mytracks:gradient>0.006659996973717188</mytracks:gradient><mytracks:length>0.006372697612810848</mytracks:length></extensions></trkpt><trkpt lat="33.5955560417807" lon="130.3571157926727"><ele>7.111394861945381</ele><time>2026-01-04T07:42:00.00000Z</time><extensions><mytracks:speed>5.417978331662509</mytracks:speed><mytracks:length>0.006019975924069454</mytracks:length></extensions></trkpt><trkpt lat="33.59557072014129" lon="130.3571859265606"><ele>7.830575165477192</ele><time>2026-01-04T07:42:06.00000Z</time><extensions><mytracks:speed>4.018489043706266</mytracks:speed><mytracks:gradient>0.1073807038978774</mytracks:gradient><mytracks:length>0.006697481739510442</mytracks:length></extensions></trkpt><trkpt lat="33.59559668227906" lon="130.3572774418554"><ele>8.4219761909917</ele><time>2026-01-04T07:42:19.00000Z</time><extensions><mytracks:speed>2.479475620792093</mytracks:speed><mytracks:gradient>0.06605130145567703</mytracks:gradient><mytracks:length>0.008953661963971446</mytracks:length></extensions></trkpt><trkpt lat="33.59562150056981" lon="130.3573434398919"><ele>8.604199724651169</ele><time>2026-01-04T07:42:26.00000Z</time><extensions><mytracks:speed>3.448569084451631</mytracks:speed><mytracks:gradient>0.02717502763399878</mytracks:gradient><mytracks:length>0.006705550997544839</mytracks:length></extensions></trkpt><trkpt lat="33.59569339098326" lon="130.3575226145608"><ele>9.615869197994471</ele><time>2026-01-04T07:42:42.00000Z</time><extensions><mytracks:speed>4.144476246509945</mytracks:speed><mytracks:gradient>0.05492265318058608</mytracks:gradient><mytracks:length>0.01841989442893309</mytracks:length></extensions></trkpt><trkpt lat="33.59570284979318" lon="130.3575749417596"><ele>9.077983599892454</ele><time>2026-01-04T07:42:48.00000Z</time><extensions><mytracks:speed>2.975642384132906</mytracks:speed><mytracks:length>0.004959403973554843</mytracks:length></extensions></trkpt><trkpt lat="33.5957129836826" lon="130.3576315533614"><ele>8.713648401746033</ele><time>2026-01-04T07:42:53.00000Z</time><extensions><mytracks:speed>3.861211725381141</mytracks:speed><mytracks:length>0.005362794063029363</mytracks:length></extensions></trkpt><trkpt lat="33.59572269194457" lon="130.3576836094713"><ele>8.340359330491827</ele><time>2026-01-04T07:42:58.00000Z</time><extensions><mytracks:speed>3.557005561792865</mytracks:speed><mytracks:length>0.004940285502490091</mytracks:length></extensions></trkpt><trkpt lat="33.59573831237893" lon="130.3577316957896"><ele>7.866783979472559</ele><time>2026-01-04T07:43:03.00000Z</time><extensions><mytracks:speed>3.440832403959483</mytracks:speed><mytracks:length>0.004778933894388171</mytracks:length></extensions></trkpt><trkpt lat="33.5957551389406" lon="130.3577851183555"><ele>7.641989607540102</ele><time>2026-01-04T07:43:08.00000Z</time><extensions><mytracks:speed>3.80821159088842</mytracks:speed><mytracks:length>0.005289182765122805</mytracks:length></extensions></trkpt><trkpt lat="33.59577425031328" lon="130.3578438890522"><ele>7.574373759022729</ele><time>2026-01-04T07:43:14.00000Z</time><extensions><mytracks:speed>3.505774303003562</mytracks:speed><mytracks:length>0.005842957171672603</mytracks:length></extensions></trkpt><trkpt lat="33.59579655946607" lon="130.3579035633596"><ele>7.12299375643378</ele><time>2026-01-04T07:43:19.00000Z</time><extensions><mytracks:speed>4.362318985585977</mytracks:speed><mytracks:length>0.006058776368869413</mytracks:length></extensions></trkpt><trkpt lat="33.5958290578407" lon="130.3579613578992"><ele>6.264520591291713</ele><time>2026-01-04T07:43:23.00000Z</time><extensions><mytracks:speed>5.811924674804471</mytracks:speed><mytracks:length>0.00645769408311608</mytracks:length></extensions></trkpt><trkpt lat="33.59586634757948" lon="130.3580158946056"><ele>5.484963303899694</ele><time>2026-01-04T07:43:29.00000Z</time><extensions><mytracks:speed>3.920816312601789</mytracks:speed><mytracks:length>0.006534693854336316</mytracks:length></extensions></trkpt><trkpt lat="33.59589957964567" lon="130.3580826309472"><ele>5.35152585272771</ele><time>2026-01-04T07:43:33.00000Z</time><extensions><mytracks:speed>6.481759177048286</mytracks:speed><mytracks:length>0.007201954641164761</mytracks:length></extensions></trkpt><trkpt lat="33.59593747685927" lon="130.3581451816713"><ele>5.168812236114723</ele><time>2026-01-04T07:43:39.00000Z</time><extensions><mytracks:speed>4.298588103313032</mytracks:speed><mytracks:length>0.007164313505521719</mytracks:length></extensions></trkpt><trkpt lat="33.59598302911918" lon="130.3581956446824"><ele>5.079116857247557</ele><time>2026-01-04T07:43:43.00000Z</time><extensions><mytracks:speed>6.202625137110146</mytracks:speed><mytracks:length>0.006891805707900161</mytracks:length></extensions></trkpt><trkpt lat="33.59601704825675" lon="130.3582513228676"><ele>5.34609192309701</ele><time>2026-01-04T07:43:49.00000Z</time><extensions><mytracks:speed>3.83717153376961</mytracks:speed><mytracks:gradient>0.04174560300469728</mytracks:gradient><mytracks:length>0.006395285889616018</mytracks:length></extensions></trkpt><trkpt lat="33.59603398792655" lon="130.3583146997604"><ele>5.428712512440822</ele><time>2026-01-04T07:43:54.00000Z</time><extensions><mytracks:speed>4.438763587772131</mytracks:speed><mytracks:gradient>0.01340166538524797</mytracks:gradient><mytracks:length>0.006164949427461294</mytracks:length></extensions></trkpt><trkpt lat="33.59605895989746" lon="130.3583700484448"><ele>5.129504252453672</ele><time>2026-01-04T07:43:59.00000Z</time><extensions><mytracks:speed>4.198035011660277</mytracks:speed><mytracks:length>0.005830604182861497</mytracks:length></extensions></trkpt><trkpt lat="33.59607679157306" lon="130.3584329604178"><ele>5.37726157305115</ele><time>2026-01-04T07:44:04.00000Z</time><extensions><mytracks:speed>4.431389346269453</mytracks:speed><mytracks:gradient>0.04025493065292431</mytracks:gradient><mytracks:length>0.006154707425374241</mytracks:length></extensions></trkpt><trkpt lat="33.59608985126808" lon="130.3584996841619"><ele>5.504603540729884</ele><time>2026-01-04T07:44:09.00000Z</time><extensions><mytracks:speed>4.570487749126216</mytracks:speed><mytracks:gradient>0.02006048845579271</mytracks:gradient><mytracks:length>0.006347899651564189</mytracks:length></extensions></trkpt><trkpt lat="33.59611143356911" lon="130.3585665646482"><ele>5.51719154477724</ele><time>2026-01-04T07:44:14.00000Z</time><extensions><mytracks:speed>4.783274077201143</mytracks:speed><mytracks:gradient>0.001894803176195824</mytracks:gradient><mytracks:length>0.006643436218334921</mytracks:length></extensions></trkpt><trkpt lat="33.59613221054152" lon="130.3586327104214"><ele>5.424147341250645</ele><time>2026-01-04T07:44:19.00000Z</time><extensions><mytracks:speed>4.713908379395231</mytracks:speed><mytracks:length>0.006547094971382264</mytracks:length></extensions></trkpt><trkpt lat="33.59615047435179" lon="130.3586957631243"><ele>5.397732498031183</ele><time>2026-01-04T07:44:23.00000Z</time><extensions><mytracks:speed>5.564220903855794</mytracks:speed><mytracks:length>0.006182467670950882</mytracks:length></extensions></trkpt><trkpt lat="33.59616882478037" lon="130.3587559013817"><ele>5.370801546817317</ele><time>2026-01-04T07:44:28.00000Z</time><extensions><mytracks:speed>4.270310849883262</mytracks:speed><mytracks:length>0.00593098729150453</mytracks:length></extensions></trkpt><trkpt lat="33.59618914278929" lon="130.3588177315232"><ele>5.647528755132251</ele><time>2026-01-04T07:44:34.00000Z</time><extensions><mytracks:speed>3.693702967061697</mytracks:speed><mytracks:gradient>0.04495118488670486</mytracks:gradient><mytracks:length>0.006156171611769494</mytracks:length></extensions></trkpt><trkpt lat="33.59620781418528" lon="130.3588633702765"><ele>6.36112133668191</ele><time>2026-01-04T07:44:38.00000Z</time><extensions><mytracks:speed>4.237773889658262</mytracks:speed><mytracks:gradient>0.1515496909738341</mytracks:gradient><mytracks:length>0.004708637655175846</mytracks:length></extensions></trkpt><trkpt lat="33.59621923620333" lon="130.3588720710243"><ele>6.986477327377002</ele><time>2026-01-04T07:44:43.00000Z</time><extensions><mytracks:speed>1.080762378909559</mytracks:speed><mytracks:gradient>0.4166099061985807</mytracks:gradient><mytracks:length>0.001501058859596609</mytracks:length></extensions></trkpt><trkpt lat="33.59623451245136" lon="130.358876216853"><ele>6.549609735922711</ele><time>2026-01-04T07:44:48.00000Z</time><extensions><mytracks:speed>1.254801891499254</mytracks:speed><mytracks:length>0.001742780404860075</mytracks:length></extensions></trkpt><trkpt lat="33.59622379045973" lon="130.3588850594435"><ele>5.449156055803555</ele><time>2026-01-04T07:44:54.00000Z</time><extensions><mytracks:speed>0.8676068268560003</mytracks:speed><mytracks:length>0.001446011378093334</mytracks:length></extensions></trkpt><trkpt lat="33.59624829139462" lon="130.3589371825276"><ele>4.750940176657651</ele><time>2026-01-04T07:44:59.00000Z</time><extensions><mytracks:speed>3.990926365014756</mytracks:speed><mytracks:length>0.005542953284742717</mytracks:length></extensions></trkpt><trkpt lat="33.59629325885485" lon="130.3589761015838"><ele>5.344197054211016</ele><time>2026-01-04T07:45:04.00000Z</time><extensions><mytracks:speed>4.437710874941539</mytracks:speed><mytracks:gradient>0.09625344324489148</mytracks:gradient><mytracks:length>0.006163487326307692</mytracks:length></extensions></trkpt><trkpt lat="33.59630649689436" lon="130.3590284583912"><ele>5.36616723027368</ele><time>2026-01-04T07:45:09.00000Z</time><extensions><mytracks:speed>3.648433534397634</mytracks:speed><mytracks:gradient>0.004335703697485468</mytracks:gradient><mytracks:length>0.005067268797774491</mytracks:length></extensions></trkpt><trkpt lat="33.59633192521677" lon="130.3590777919346"><ele>5.228061788172108</ele><time>2026-01-04T07:45:14.00000Z</time><extensions><mytracks:speed>3.868465103831853</mytracks:speed><mytracks:length>0.005372868199766463</mytracks:length></extensions></trkpt><trkpt lat="33.59635003599691" lon="130.3591302752318"><ele>5.321909432063864</ele><time>2026-01-04T07:45:20.00000Z</time><extensions><mytracks:speed>3.156595088371522</mytracks:speed><mytracks:gradient>0.01783839382583058</mytracks:gradient><mytracks:length>0.005260991813952536</mytracks:length></extensions></trkpt><trkpt lat="33.59636244076327" lon="130.3591759840795"><ele>5.61981292364288</ele><time>2026-01-04T07:45:25.00000Z</time><extensions><mytracks:speed>3.206059327751649</mytracks:speed><mytracks:gradient>0.0669016047458203</mytracks:gradient><mytracks:length>0.004452860177432847</mytracks:length></extensions></trkpt><trkpt lat="33.59637398948435" lon="130.359223015295"><ele>5.696935750119126</ele><time>2026-01-04T07:45:30.00000Z</time><extensions><mytracks:speed>3.269551814788368</mytracks:speed><mytracks:gradient>0.01698350055556199</mytracks:gradient><mytracks:length>0.004541044187206067</mytracks:length></extensions></trkpt><trkpt lat="33.59639481342358" lon="130.3592665568516"><ele>5.598057831226281</ele><time>2026-01-04T07:45:35.00000Z</time><extensions><mytracks:speed>3.347922053978821</mytracks:speed><mytracks:length>0.004649891741637251</mytracks:length></extensions></trkpt><trkpt lat="33.59640937367966" lon="130.3593102005028"><ele>5.595856898135766</ele><time>2026-01-04T07:45:39.00000Z</time><extensions><mytracks:speed>3.919160911931493</mytracks:speed><mytracks:length>0.004354623235479437</mytracks:length></extensions></trkpt><trkpt lat="33.59642909674788" lon="130.3593573947879"><ele>5.819279068380133</ele><time>2026-01-04T07:45:45.00000Z</time><extensions><mytracks:speed>2.933915443696877</mytracks:speed><mytracks:gradient>0.0456909221547662</mytracks:gradient><mytracks:length>0.004889859072828129</mytracks:length></extensions></trkpt><trkpt lat="33.59645051678246" lon="130.3594036940255"><ele>6.338046022676557</ele><time>2026-01-04T07:45:49.00000Z</time><extensions><mytracks:speed>4.414123848645786</mytracks:speed><mytracks:gradient>0.1057718983145475</mytracks:gradient><mytracks:length>0.004904582054050873</mytracks:length></extensions></trkpt><trkpt lat="33.59647301577609" lon="130.3594444472991"><ele>6.34505510259463</ele><time>2026-01-04T07:45:55.00000Z</time><extensions><mytracks:speed>2.71687506983913</mytracks:speed><mytracks:gradient>0.001547898906920614</mytracks:gradient><mytracks:length>0.00452812511639855</mytracks:length></extensions></trkpt><trkpt lat="33.59649344057639" lon="130.3594885289814"><ele>6.262008466266895</ele><time>2026-01-04T07:46:00.00000Z</time><extensions><mytracks:speed>3.363238059318491</mytracks:speed><mytracks:length>0.004671163971275681</mytracks:length></extensions></trkpt><trkpt lat="33.59656449254018" lon="130.359672180953"><ele>6.628726931288838</ele><time>2026-01-04T07:46:18.00000Z</time><extensions><mytracks:speed>3.750989613947291</mytracks:speed><mytracks:gradient>0.0195531581137082</mytracks:gradient><mytracks:length>0.01875494806973646</mytracks:length></extensions></trkpt><trkpt lat="33.5965840981267" lon="130.3597159089038"><ele>6.247433221370478</ele><time>2026-01-04T07:46:24.00000Z</time><extensions><mytracks:speed>2.759532498276954</mytracks:speed><mytracks:length>0.004599220830461589</mytracks:length></extensions></trkpt><trkpt lat="33.59659702452338" lon="130.3597623697256"><ele>6.318975552322953</ele><time>2026-01-04T07:46:28.00000Z</time><extensions><mytracks:speed>4.083365705914219</mytracks:speed><mytracks:gradient>0.01576838874949877</mytracks:gradient><mytracks:length>0.004537073006571355</mytracks:length></extensions></trkpt><trkpt lat="33.59661659577628" lon="130.3598073565246"><ele>6.159901747397567</ele><time>2026-01-04T07:46:34.00000Z</time><extensions><mytracks:speed>2.82000984065565</mytracks:speed><mytracks:length>0.004700016401092749</mytracks:length></extensions></trkpt><trkpt lat="33.5966376974332" lon="130.3598547113037"><ele>6.138676301330483</ele><time>2026-01-04T07:46:39.00000Z</time><extensions><mytracks:speed>3.581875452778148</mytracks:speed><mytracks:length>0.004974827017747429</mytracks:length></extensions></trkpt><trkpt lat="33.5966597879635" lon="130.3599016929692"><ele>5.87838232235858</ele><time>2026-01-04T07:46:44.00000Z</time><extensions><mytracks:speed>3.59814347840401</mytracks:speed><mytracks:length>0.004997421497783347</mytracks:length></extensions></trkpt><trkpt lat="33.59668359859493" lon="130.3599467648108"><ele>5.812064385386573</ele><time>2026-01-04T07:46:48.00000Z</time><extensions><mytracks:speed>4.44871911594741</mytracks:speed><mytracks:length>0.004943021239941566</mytracks:length></extensions></trkpt><trkpt lat="33.59669760578654" lon="130.3599946283004"><ele>5.548915407943755</ele><time>2026-01-04T07:46:53.00000Z</time><extensions><mytracks:speed>3.382630861245583</mytracks:speed><mytracks:length>0.004698098418396643</mytracks:length></extensions></trkpt><trkpt lat="33.59671836028063" lon="130.3600350720901"><ele>5.678933085199914</ele><time>2026-01-04T07:46:59.00000Z</time><extensions><mytracks:speed>2.639952463083795</mytracks:speed><mytracks:gradient>0.029550004193094</mytracks:gradient><mytracks:length>0.004399920771806325</mytracks:length></extensions></trkpt><trkpt lat="33.59673865403382" lon="130.3600835027289"><ele>5.713046886177065</ele><time>2026-01-04T07:47:04.00000Z</time><extensions><mytracks:speed>3.614984566001162</mytracks:speed><mytracks:gradient>0.006794478995720665</mytracks:gradient><mytracks:length>0.005020811897223836</mytracks:length></extensions></trkpt><trkpt lat="33.59675251585633" lon="130.3601318782311"><ele>5.497879596735791</ele><time>2026-01-04T07:47:09.00000Z</time><extensions><mytracks:speed>3.41219807198141</mytracks:speed><mytracks:length>0.004739163988863069</mytracks:length></extensions></trkpt><trkpt lat="33.59676029150672" lon="130.3601762234355"><ele>5.159167737463277</ele><time>2026-01-04T07:47:14.00000Z</time><extensions><mytracks:speed>3.021499271969412</mytracks:speed><mytracks:length>0.004196526766624183</mytracks:length></extensions></trkpt><trkpt lat="33.59677740218331" lon="130.3602225837444"><ele>5.259645133362585</ele><time>2026-01-04T07:47:19.00000Z</time><extensions><mytracks:speed>3.381249349706955</mytracks:speed><mytracks:gradient>0.02139556050599208</mytracks:gradient><mytracks:length>0.004696179652370771</mytracks:length></extensions></trkpt><trkpt lat="33.59680749130241" lon="130.3602637963206"><ele>5.458139421372234</ele><time>2026-01-04T07:47:24.00000Z</time><extensions><mytracks:speed>3.6541916970002</mytracks:speed><mytracks:gradient>0.03911012317286747</mytracks:gradient><mytracks:length>0.005075266245833611</mytracks:length></extensions></trkpt><trkpt lat="33.59683370469239" lon="130.3603092166579"><ele>5.548596193503943</ele><time>2026-01-04T07:47:29.00000Z</time><extensions><mytracks:speed>3.684749929615461</mytracks:speed><mytracks:gradient>0.01767524992981733</mytracks:gradient><mytracks:length>0.005117708235577029</mytracks:length></extensions></trkpt><trkpt lat="33.59685143540937" lon="130.3603686773605"><ele>5.305971351454561</ele><time>2026-01-04T07:47:34.00000Z</time><extensions><mytracks:speed>4.211369195619578</mytracks:speed><mytracks:length>0.005849123882804968</mytracks:length></extensions></trkpt><trkpt lat="33.59687481857171" lon="130.3604294693686"><ele>5.614040296983261</ele><time>2026-01-04T07:47:39.00000Z</time><extensions><mytracks:speed>4.465523915661373</mytracks:speed><mytracks:gradient>0.04967158276831505</mytracks:gradient><mytracks:length>0.006202116549529684</mytracks:length></extensions></trkpt><trkpt lat="33.59690751468306" lon="130.3604840749708"><ele>5.438376756978266</ele><time>2026-01-04T07:47:45.00000Z</time><extensions><mytracks:speed>3.73693117702061</mytracks:speed><mytracks:length>0.006228218628367683</mytracks:length></extensions></trkpt><trkpt lat="33.59693928350131" lon="130.3605399206245"><ele>5.654332766783895</ele><time>2026-01-04T07:47:49.00000Z</time><extensions><mytracks:speed>5.636566960032</mytracks:speed><mytracks:gradient>0.03448205444967571</mytracks:gradient><mytracks:length>0.006262852177813333</mytracks:length></extensions></trkpt><trkpt lat="33.59697251475704" lon="130.3605727659025"><ele>5.24640775367221</ele><time>2026-01-04T07:47:55.00000Z</time><extensions><mytracks:speed>2.871318047745893</mytracks:speed><mytracks:length>0.004785530079576489</mytracks:length></extensions></trkpt><trkpt lat="33.59700352631106" lon="130.3606091760614"><ele>5.046796302534032</ele><time>2026-01-04T07:48:00.00000Z</time><extensions><mytracks:speed>3.472595647096689</mytracks:speed><mytracks:length>0.004823049509856512</mytracks:length></extensions></trkpt><trkpt lat="33.59704291162183" lon="130.3606170426813"><ele>4.627912527389662</ele><time>2026-01-04T07:48:05.00000Z</time><extensions><mytracks:speed>3.197303573594377</mytracks:speed><mytracks:length>0.004440699407769968</mytracks:length></extensions></trkpt><trkpt lat="33.59708069622057" lon="130.3606453016963"><ele>4.499009200762771</ele><time>2026-01-04T07:48:10.00000Z</time><extensions><mytracks:speed>3.564222586861082</mytracks:speed><mytracks:length>0.004950309148418169</mytracks:length></extensions></trkpt><trkpt lat="33.59710202478794" lon="130.3606793703827"><ele>4.483302567167597</ele><time>2026-01-04T07:48:15.00000Z</time><extensions><mytracks:speed>2.842220129196892</mytracks:speed><mytracks:length>0.003947527957217906</mytracks:length></extensions></trkpt><trkpt lat="33.59712464775213" lon="130.3607028217962"><ele>4.508111656739564</ele><time>2026-01-04T07:48:19.00000Z</time><extensions><mytracks:speed>2.990461885929142</mytracks:speed><mytracks:gradient>0.007466465538259863</mytracks:gradient><mytracks:length>0.003322735428810157</mytracks:length></extensions></trkpt><trkpt lat="33.59715887869575" lon="130.3607158513071"><ele>4.916031351447576</ele><time>2026-01-04T07:48:24.00000Z</time><extensions><mytracks:speed>2.874909187080282</mytracks:speed><mytracks:gradient>0.1021605070204144</mytracks:gradient><mytracks:length>0.003992929426500392</mytracks:length></extensions></trkpt><trkpt lat="33.5971929478477" lon="130.3607458078104"><ele>4.820554420856986</ele><time>2026-01-04T07:48:30.00000Z</time><extensions><mytracks:speed>2.817707791422463</mytracks:speed><mytracks:length>0.004696179652370771</mytracks:length></extensions></trkpt><trkpt lat="33.59722656191994" lon="130.3607770282677"><ele>4.239463302928774</ele><time>2026-01-04T07:48:34.00000Z</time><extensions><mytracks:speed>4.253249682693431</mytracks:speed><mytracks:length>0.004725832980770479</mytracks:length></extensions></trkpt><trkpt lat="33.59726795044132" lon="130.3608058457309"><ele>4.449402398782381</ele><time>2026-01-04T07:48:39.00000Z</time><extensions><mytracks:speed>3.830231629419933</mytracks:speed><mytracks:gradient>0.0394639707566428</mytracks:gradient><mytracks:length>0.005319766151972128</mytracks:length></extensions></trkpt><trkpt lat="33.59730123928502" lon="130.3608378105953"><ele>4.415163374676614</ele><time>2026-01-04T07:48:44.00000Z</time><extensions><mytracks:speed>3.412882633744137</mytracks:speed><mytracks:length>0.004740114769089079</mytracks:length></extensions></trkpt><trkpt lat="33.59734047288005" lon="130.3608649681346"><ele>4.379454052851281</ele><time>2026-01-04T07:48:50.00000Z</time><extensions><mytracks:speed>3.021628128794962</mytracks:speed><mytracks:length>0.005036046881324936</mytracks:length></extensions></trkpt><trkpt lat="33.59737963820479" lon="130.3608947527134"><ele>4.494053343785803</ele><time>2026-01-04T07:48:55.00000Z</time><extensions><mytracks:speed>3.711911392097575</mytracks:speed><mytracks:gradient>0.02222884135879901</mytracks:gradient><mytracks:length>0.005155432489024409</mytracks:length></extensions></trkpt><trkpt lat="33.59741606455488" lon="130.3609216326546"><ele>4.636105215392454</ele><time>2026-01-04T07:48:59.00000Z</time><extensions><mytracks:speed>4.278065151446539</mytracks:speed><mytracks:gradient>0.02988423035183497</mytracks:gradient><mytracks:length>0.004753405723829487</mytracks:length></extensions></trkpt><trkpt lat="33.59742876347774" lon="130.3609753278659"><ele>4.260729841907032</ele><time>2026-01-04T07:49:05.00000Z</time><extensions><mytracks:speed>3.102162485057027</mytracks:speed><mytracks:length>0.005170270808428378</mytracks:length></extensions></trkpt><trkpt lat="33.59740072258176" lon="130.361030550011"><ele>3.058785069559016</ele><time>2026-01-04T07:49:10.00000Z</time><extensions><mytracks:speed>4.312228348439814</mytracks:speed><mytracks:length>0.005989206039499742</mytracks:length></extensions></trkpt><trkpt lat="33.5973870241272" lon="130.3610821522345"><ele>3.310843467548318</ele><time>2026-01-04T07:49:15.00000Z</time><extensions><mytracks:speed>3.611105132332014</mytracks:speed><mytracks:gradient>0.0502566499455799</mytracks:gradient><mytracks:length>0.005015423794905575</mytracks:length></extensions></trkpt><trkpt lat="33.59740484306598" lon="130.3611497997879"><ele>3.578199042674738</ele><time>2026-01-04T07:49:21.00000Z</time><extensions><mytracks:speed>3.943096201605316</mytracks:speed><mytracks:gradient>0.04068207745236965</mytracks:gradient><mytracks:length>0.006571827002675525</mytracks:length></extensions></trkpt><trkpt lat="33.5974202848829" lon="130.3612123080302"><ele>4.506477939960183</ele><time>2026-01-04T07:49:26.00000Z</time><extensions><mytracks:speed>4.34837326028465</mytracks:speed><mytracks:gradient>0.153703641807826</mytracks:gradient><mytracks:length>0.006039407305950904</mytracks:length></extensions></trkpt><trkpt lat="33.59744638810742" lon="130.361252601524"><ele>5.054555410745921</ele><time>2026-01-04T07:49:30.00000Z</time><extensions><mytracks:speed>4.255823510271016</mytracks:speed><mytracks:gradient>0.1159046474828445</mytracks:gradient><mytracks:length>0.004728692789190019</mytracks:length></extensions></trkpt><trkpt lat="33.59746144581666" lon="130.3612962047338"><ele>5.187151958242588</ele><time>2026-01-04T07:49:35.00000Z</time><extensions><mytracks:speed>3.14871174440079</mytracks:speed><mytracks:gradient>0.03032018233087547</mytracks:gradient><mytracks:length>0.004373210756112208</mytracks:length></extensions></trkpt><trkpt lat="33.59747986284858" lon="130.3613446526653"><ele>5.476558483737064</ele><time>2026-01-04T07:49:41.00000Z</time><extensions><mytracks:speed>2.959241511200007</mytracks:speed><mytracks:gradient>0.05867852104652012</mytracks:gradient><mytracks:length>0.004932069185333345</mytracks:length></extensions></trkpt><trkpt lat="33.59747776006918" lon="130.3614008154117"><ele>5.375877132726611</ele><time>2026-01-04T07:49:46.00000Z</time><extensions><mytracks:speed>3.748236006569804</mytracks:speed><mytracks:length>0.005205883342458062</mytracks:length></extensions></trkpt><trkpt lat="33.59749586854394" lon="130.3614522121673"><ele>5.426229061439465</ele><time>2026-01-04T07:49:50.00000Z</time><extensions><mytracks:speed>4.650889839704917</mytracks:speed><mytracks:gradient>0.00974367000798367</mytracks:gradient><mytracks:length>0.005167655377449908</mytracks:length></extensions></trkpt><trkpt lat="33.59751379706521" lon="130.3614984112742"><ele>5.545511424810776</ele><time>2026-01-04T07:49:55.00000Z</time><extensions><mytracks:speed>3.399165204302228</mytracks:speed><mytracks:gradient>0.02526599810996058</mytracks:gradient><mytracks:length>0.004721062783753094</mytracks:length></extensions></trkpt><trkpt lat="33.59750755515716" lon="130.3615487241195"><ele>5.603014986354933</ele><time>2026-01-04T07:50:01.00000Z</time><extensions><mytracks:speed>2.827478556583269</mytracks:speed><mytracks:gradient>0.01220243981909678</mytracks:gradient><mytracks:length>0.004712464260972115</mytracks:length></extensions></trkpt><trkpt lat="33.59750224970444" lon="130.3615994925804"><ele>5.097353289371698</ele><time>2026-01-04T07:50:05.00000Z</time><extensions><mytracks:speed>4.264391716066274</mytracks:speed><mytracks:length>0.004738213017851415</mytracks:length></extensions></trkpt><trkpt lat="33.59751449837719" lon="130.3616521285789"><ele>4.557543357417579</ele><time>2026-01-04T07:50:11.00000Z</time><extensions><mytracks:speed>3.036623893996074</mytracks:speed><mytracks:length>0.005061039823326791</mytracks:length></extensions></trkpt><trkpt lat="33.59754235775183" lon="130.361706031553"><ele>4.45552593220584</ele><time>2026-01-04T07:50:15.00000Z</time><extensions><mytracks:speed>5.28773417585573</mytracks:speed><mytracks:length>0.005875260195395256</mytracks:length></extensions></trkpt><trkpt lat="33.59756309504516" lon="130.361763099128"><ele>4.263988910049784</ele><time>2026-01-04T07:50:21.00000Z</time><extensions><mytracks:speed>3.459659007863614</mytracks:speed><mytracks:length>0.005766098346439357</mytracks:length></extensions></trkpt><trkpt lat="33.59758660771903" lon="130.361810660903"><ele>4.360275076786463</ele><time>2026-01-04T07:50:26.00000Z</time><extensions><mytracks:speed>3.688551908198275</mytracks:speed><mytracks:gradient>0.01879492054763356</mytracks:gradient><mytracks:length>0.005122988761386492</mytracks:length></extensions></trkpt><trkpt lat="33.59760114008274" lon="130.3618607854404"><ele>4.526168521760948</ele><time>2026-01-04T07:50:31.00000Z</time><extensions><mytracks:speed>3.539228652701237</mytracks:speed><mytracks:gradient>0.03374839325243002</mytracks:gradient><mytracks:length>0.00491559535097394</mytracks:length></extensions></trkpt><trkpt lat="33.59758978849815" lon="130.3619236576271"><ele>4.716916892721389</ele><time>2026-01-04T07:50:36.00000Z</time><extensions><mytracks:speed>4.28941503930128</mytracks:speed><mytracks:gradient>0.03201807841702552</mytracks:gradient><mytracks:length>0.005957520887918445</mytracks:length></extensions></trkpt><trkpt lat="33.59758374309939" lon="130.3619825798964"><ele>4.892699329653991</ele><time>2026-01-04T07:50:40.00000Z</time><extensions><mytracks:speed>4.948251402112178</mytracks:speed><mytracks:gradient>0.03197173716190163</mytracks:gradient><mytracks:length>0.005498057113457976</mytracks:length></extensions></trkpt><trkpt lat="33.59754917725848" lon="130.3620256662647"><ele>4.778104617842979</ele><time>2026-01-04T07:50:46.00000Z</time><extensions><mytracks:speed>3.323820226563191</mytracks:speed><mytracks:length>0.005539700377605318</mytracks:length></extensions></trkpt><trkpt lat="33.59751194100327" lon="130.3620678187832"><ele>5.36528334734925</ele><time>2026-01-04T07:50:50.00000Z</time><extensions><mytracks:speed>5.121519561834829</mytracks:speed><mytracks:gradient>0.1031843870115607</mytracks:gradient><mytracks:length>0.005690577290927588</mytracks:length></extensions></trkpt><trkpt lat="33.59747444457975" lon="130.3621092568656"><ele>6.00365301851402</ele><time>2026-01-04T07:50:55.00000Z</time><extensions><mytracks:speed>4.080074803221676</mytracks:speed><mytracks:gradient>0.1126514060172886</mytracks:gradient><mytracks:length>0.005666770560030105</mytracks:length></extensions></trkpt><trkpt lat="33.59743635942663" lon="130.3621483053387"><ele>6.031851195746571</ele><time>2026-01-04T07:51:01.00000Z</time><extensions><mytracks:speed>3.341830367682535</mytracks:speed><mytracks:gradient>0.005062766351980757</mytracks:gradient><mytracks:length>0.005569717279470891</mytracks:length></extensions></trkpt><trkpt lat="33.59739906882815" lon="130.3621895196108"><ele>6.024006960891965</ele><time>2026-01-04T07:51:05.00000Z</time><extensions><mytracks:speed>5.072823918824564</mytracks:speed><mytracks:length>0.005636471020916182</mytracks:length></extensions></trkpt><trkpt lat="33.5973590301939" lon="130.3622525177366"><ele>6.205665946125283</ele><time>2026-01-04T07:51:10.00000Z</time><extensions><mytracks:speed>5.284474933102023</mytracks:speed><mytracks:gradient>0.02475070295985139</mytracks:gradient><mytracks:length>0.007339548518197255</mytracks:length></extensions></trkpt><trkpt lat="33.59732908849194" lon="130.3622975823591"><ele>6.692823256913393</ele><time>2026-01-04T07:51:16.00000Z</time><extensions><mytracks:speed>3.203528294494015</mytracks:speed><mytracks:gradient>0.09124139373928415</mytracks:gradient><mytracks:length>0.005339213824156691</mytracks:length></extensions></trkpt><trkpt lat="33.59733407809861" lon="130.3623537593807"><ele>5.783946005298371</ele><time>2026-01-04T07:51:22.00000Z</time><extensions><mytracks:speed>3.139072629255414</mytracks:speed><mytracks:length>0.005231787715425691</mytracks:length></extensions></trkpt><trkpt lat="33.59727970486281" lon="130.3624015105129"><ele>6.067604272036314</ele><time>2026-01-04T07:51:27.00000Z</time><extensions><mytracks:speed>5.392993441465769</mytracks:speed><mytracks:gradient>0.03787023927768949</mytracks:gradient><mytracks:length>0.007490268668702458</mytracks:length></extensions></trkpt><trkpt lat="33.59719063617934" lon="130.3624575179985"><ele>5.463544005000319</ele><time>2026-01-04T07:51:33.00000Z</time><extensions><mytracks:speed>6.708131110089722</mytracks:speed><mytracks:length>0.0111802185168162</mytracks:length></extensions></trkpt><trkpt lat="33.59713144446229" lon="130.3625137143334"><ele>5.356836555350329</ele><time>2026-01-04T07:51:38.00000Z</time><extensions><mytracks:speed>6.041452031170656</mytracks:speed><mytracks:length>0.008390905598848133</mytracks:length></extensions></trkpt><trkpt lat="33.59708896799109" lon="130.3625623632726"><ele>5.806981011462497</ele><time>2026-01-04T07:51:43.00000Z</time><extensions><mytracks:speed>4.699514732421983</mytracks:speed><mytracks:gradient>0.0689654202304688</mytracks:gradient><mytracks:length>0.006527103795030532</mytracks:length></extensions></trkpt><trkpt lat="33.59704600867019" lon="130.3626092883499"><ele>5.770659493547254</ele><time>2026-01-04T07:51:48.00000Z</time><extensions><mytracks:speed>4.649539739843577</mytracks:speed><mytracks:length>0.00645769408311608</mytracks:length></extensions></trkpt><trkpt lat="33.59700498004984" lon="130.3626613715071"><ele>5.968053907737748</ele><time>2026-01-04T07:51:53.00000Z</time><extensions><mytracks:speed>4.78034284983331</mytracks:speed><mytracks:gradient>0.02973091735922494</mytracks:gradient><mytracks:length>0.00663936506921293</mytracks:length></extensions></trkpt><trkpt lat="33.59696664234431" lon="130.3627135213481"><ele>5.867759880433502</ele><time>2026-01-04T07:51:58.00000Z</time><extensions><mytracks:speed>4.638472984534246</mytracks:speed><mytracks:length>0.006442323589630898</mytracks:length></extensions></trkpt><trkpt lat="33.59692609809356" lon="130.3627591107992"><ele>6.121213058611098</ele><time>2026-01-04T07:52:03.00000Z</time><extensions><mytracks:speed>4.448226792233924</mytracks:speed><mytracks:gradient>0.04102450185464201</mytracks:gradient><mytracks:length>0.006178092766991562</mytracks:length></extensions></trkpt><trkpt lat="33.59688985266789" lon="130.3628078731742"><ele>6.529874402728944</ele><time>2026-01-04T07:52:08.00000Z</time><extensions><mytracks:speed>4.359104701235321</mytracks:speed><mytracks:gradient>0.06749922012230304</mytracks:gradient><mytracks:length>0.006054312085049056</mytracks:length></extensions></trkpt><trkpt lat="33.59684175238242" lon="130.3628638748857"><ele>6.805588624748373</ele><time>2026-01-04T07:52:13.00000Z</time><extensions><mytracks:speed>5.364327895207456</mytracks:speed><mytracks:gradient>0.03700635824878336</mytracks:gradient><mytracks:length>0.007450455410010355</mytracks:length></extensions></trkpt><trkpt lat="33.59680230127641" lon="130.3629121129888"><ele>6.589299743764846</ele><time>2026-01-04T07:52:18.00000Z</time><extensions><mytracks:speed>4.507699099642256</mytracks:speed><mytracks:length>0.006260693193947578</mytracks:length></extensions></trkpt><trkpt lat="33.59675884616654" lon="130.3629589879115"><ele>6.722562804742902</ele><time>2026-01-04T07:52:23.00000Z</time><extensions><mytracks:speed>4.677092066948362</mytracks:speed><mytracks:gradient>0.02051475629103958</mytracks:gradient><mytracks:length>0.006495961204094946</mytracks:length></extensions></trkpt><trkpt lat="33.59671730116484" lon="130.3630045861857"><ele>6.21244830122457</ele><time>2026-01-04T07:52:28.00000Z</time><extensions><mytracks:speed>4.506144095019555</mytracks:speed><mytracks:length>0.006258533465304938</mytracks:length></extensions></trkpt><trkpt lat="33.59667968184779" lon="130.3630546609885"><ele>6.471455083599642</ele><time>2026-01-04T07:52:33.00000Z</time><extensions><mytracks:speed>4.496802775090723</mytracks:speed><mytracks:gradient>0.04147054977439831</mytracks:gradient><mytracks:length>0.006245559409848226</mytracks:length></extensions></trkpt><trkpt lat="33.59663520775069" lon="130.3631076684322"><ele>6.805027604813885</ele><time>2026-01-04T07:52:37.00000Z</time><extensions><mytracks:speed>6.271681870899119</mytracks:speed><mytracks:gradient>0.04786838287921307</mytracks:gradient><mytracks:length>0.006968535412110132</mytracks:length></extensions></trkpt><trkpt lat="33.59659383207597" lon="130.3631617498024"><ele>7.071904336410675</ele><time>2026-01-04T07:52:42.00000Z</time><extensions><mytracks:speed>4.896700458279117</mytracks:speed><mytracks:gradient>0.03924096407098138</mytracks:gradient><mytracks:length>0.006800972858720996</mytracks:length></extensions></trkpt><trkpt lat="33.59655242904286" lon="130.3632050559669"><ele>6.552430618890273</ele><time>2026-01-04T07:52:48.00000Z</time><extensions><mytracks:speed>3.663715388577413</mytracks:speed><mytracks:length>0.006106192314295687</mytracks:length></extensions></trkpt><trkpt lat="33.59650966237771" lon="130.3632654335369"><ele>6.941019835123618</ele><time>2026-01-04T07:52:53.00000Z</time><extensions><mytracks:speed>5.285358994159333</mytracks:speed><mytracks:gradient>0.05293571089441379</mytracks:gradient><mytracks:length>0.007340776380776852</mytracks:length></extensions></trkpt><trkpt lat="33.59647240378348" lon="130.3633067867541"><ele>6.181372903560043</ele><time>2026-01-04T07:52:57.00000Z</time><extensions><mytracks:speed>5.077858267186473</mytracks:speed><mytracks:length>0.005642064741318303</mytracks:length></extensions></trkpt><trkpt lat="33.59643610422805" lon="130.3633501706862"><ele>5.676511816918933</ele><time>2026-01-04T07:53:03.00000Z</time><extensions><mytracks:speed>3.416721241905357</mytracks:speed><mytracks:length>0.005694535403175596</mytracks:length></extensions></trkpt><trkpt lat="33.59639241477188" lon="130.3633944461447"><ele>5.369649342752222</ele><time>2026-01-04T07:53:07.00000Z</time><extensions><mytracks:speed>5.72013335003244</mytracks:speed><mytracks:length>0.006355703722258267</mytracks:length></extensions></trkpt><trkpt lat="33.59635630623202" lon="130.3634377496936"><ele>4.72843088049078</ele><time>2026-01-04T07:53:13.00000Z</time><extensions><mytracks:speed>3.404830340514521</mytracks:speed><mytracks:length>0.005674717234190868</mytracks:length></extensions></trkpt><trkpt lat="33.5963144396461" lon="130.3634926007998"><ele>4.944321413011917</ele><time>2026-01-04T07:53:18.00000Z</time><extensions><mytracks:speed>4.961158445364296</mytracks:speed><mytracks:gradient>0.03133163053086167</mytracks:gradient><mytracks:length>0.006890497840783744</mytracks:length></extensions></trkpt><trkpt lat="33.5962708628661" lon="130.3635465815626"><ele>5.168744722979381</ele><time>2026-01-04T07:53:23.00000Z</time><extensions><mytracks:speed>5.013153312032397</mytracks:speed><mytracks:gradient>0.03223216469138187</mytracks:gradient><mytracks:length>0.006962712933378329</mytracks:length></extensions></trkpt><trkpt lat="33.59622387087853" lon="130.3635947757545"><ele>4.856260455114775</ele><time>2026-01-04T07:53:29.00000Z</time><extensions><mytracks:speed>4.123296939697821</mytracks:speed><mytracks:length>0.006872161566163035</mytracks:length></extensions></trkpt><trkpt lat="33.59618374169182" lon="130.3636441524959"><ele>4.778535643938032</ele><time>2026-01-04T07:53:33.00000Z</time><extensions><mytracks:speed>5.750046907835219</mytracks:speed><mytracks:length>0.006388941008705799</mytracks:length></extensions></trkpt><trkpt lat="33.59615451515271" lon="130.3636888252784"><ele>4.474945347431971</ele><time>2026-01-04T07:53:39.00000Z</time><extensions><mytracks:speed>3.156595088371522</mytracks:speed><mytracks:length>0.005260991813952536</mytracks:length></extensions></trkpt><trkpt lat="33.59612253784171" lon="130.3637374569195"><ele>4.642869673071176</ele><time>2026-01-04T07:53:44.00000Z</time><extensions><mytracks:speed>4.130718490249079</mytracks:speed><mytracks:gradient>0.02926985093407729</mytracks:gradient><mytracks:length>0.005737109014234833</mytracks:length></extensions></trkpt><trkpt lat="33.59607734718481" lon="130.3637800012519"><ele>4.666057399167392</ele><time>2026-01-04T07:53:48.00000Z</time><extensions><mytracks:speed>5.746872015589506</mytracks:speed><mytracks:gradient>0.0036313586643279</mytracks:gradient><mytracks:length>0.006385413350655007</mytracks:length></extensions></trkpt><trkpt lat="33.59603651084255" lon="130.3638326921911"><ele>5.011023545216704</ele><time>2026-01-04T07:53:54.00000Z</time><extensions><mytracks:speed>3.999469855825027</mytracks:speed><mytracks:gradient>0.05175178088369187</mytracks:gradient><mytracks:length>0.006665783093041712</mytracks:length></extensions></trkpt><trkpt lat="33.59599360805147" lon="130.3638811765899"><ele>5.321566197036372</ele><time>2026-01-04T07:53:58.00000Z</time><extensions><mytracks:speed>5.896720160166798</mytracks:speed><mytracks:gradient>0.04739726136669761</mytracks:gradient><mytracks:length>0.00655191128907422</mytracks:length></extensions></trkpt><trkpt lat="33.59595100226699" lon="130.3639344867022"><ele>5.874086436385256</ele><time>2026-01-04T07:54:03.00000Z</time><extensions><mytracks:speed>4.926664521018949</mytracks:speed><mytracks:gradient>0.08074724199993209</mytracks:gradient><mytracks:length>0.006842589612526317</mytracks:length></extensions></trkpt><trkpt lat="33.59590841156444" lon="130.3639817430262"><ele>4.895383082936169</ele><time>2026-01-04T07:54:09.00000Z</time><extensions><mytracks:speed>3.869169568144689</mytracks:speed><mytracks:length>0.006448615946907816</mytracks:length></extensions></trkpt><trkpt lat="33.5958613981687" lon="130.3640311728482"><ele>4.927737837726351</ele><time>2026-01-04T07:54:13.00000Z</time><extensions><mytracks:speed>6.254780964436333</mytracks:speed><mytracks:gradient>0.004655523427076248</mytracks:gradient><mytracks:length>0.006949756627151481</mytracks:length></extensions></trkpt><trkpt lat="33.59581333517168" lon="130.3640827616069"><ele>5.586323217984929</ele><time>2026-01-04T07:54:19.00000Z</time><extensions><mytracks:speed>4.301229093312754</mytracks:speed><mytracks:gradient>0.09186937491181295</mytracks:gradient><mytracks:length>0.007168715155521258</mytracks:length></extensions></trkpt><trkpt lat="33.59576968820695" lon="130.3641348512512"><ele>5.8416327079751</ele><time>2026-01-04T07:54:23.00000Z</time><extensions><mytracks:speed>6.158923339851284</mytracks:speed><mytracks:gradient>0.03730823202561614</mytracks:gradient><mytracks:length>0.006843248155390316</mytracks:length></extensions></trkpt><trkpt lat="33.59573066461529" lon="130.3641886551135"><ele>6.418880434919033</ele><time>2026-01-04T07:54:29.00000Z</time><extensions><mytracks:speed>3.964432569900553</mytracks:speed><mytracks:gradient>0.08736398716829419</mytracks:gradient><mytracks:length>0.006607387616500922</mytracks:length></extensions></trkpt><trkpt lat="33.59569293716878" lon="130.36424060415"><ele>5.15469554781611</ele><time>2026-01-04T07:54:33.00000Z</time><extensions><mytracks:speed>5.745601567466193</mytracks:speed><mytracks:length>0.006384001741629103</mytracks:length></extensions></trkpt><trkpt lat="33.59564976329703" lon="130.3642876185653"><ele>4.976137743155599</ele><time>2026-01-04T07:54:38.00000Z</time><extensions><mytracks:speed>4.665589978695298</mytracks:speed><mytracks:length>0.006479986081521246</mytracks:length></extensions></trkpt><trkpt lat="33.59559865355077" lon="130.364335260054"><ele>5.318136358358815</ele><time>2026-01-04T07:54:44.00000Z</time><extensions><mytracks:speed>4.317041104790929</mytracks:speed><mytracks:gradient>0.04753236398286902</mytracks:gradient><mytracks:length>0.007195068507984882</mytracks:length></extensions></trkpt><trkpt lat="33.59555361865043" lon="130.3643937423924"><ele>4.519458682924167</ele><time>2026-01-04T07:54:49.00000Z</time><extensions><mytracks:speed>5.311372597039513</mytracks:speed><mytracks:length>0.007376906384777102</mytracks:length></extensions></trkpt><trkpt lat="33.59550445245544" lon="130.364438370561"><ele>4.507699207389982</ele><time>2026-01-04T07:54:53.00000Z</time><extensions><mytracks:speed>6.168398612130344</mytracks:speed><mytracks:length>0.006853776235700382</mytracks:length></extensions></trkpt><trkpt lat="33.5954620055134" lon="130.3645014795262"><ele>3.696703351268639</ele><time>2026-01-04T07:54:59.00000Z</time><extensions><mytracks:speed>4.507857449643569</mytracks:speed><mytracks:length>0.00751309574940595</mytracks:length></extensions></trkpt><trkpt lat="33.59540585535503" lon="130.3645639845627"><ele>3.484469970257621</ele><time>2026-01-04T07:55:05.00000Z</time><extensions><mytracks:speed>5.108754098874646</mytracks:speed><mytracks:length>0.008514590164791077</mytracks:length></extensions></trkpt><trkpt lat="33.59536804014554" lon="130.3646169323429"><ele>3.46169896590099</ele><time>2026-01-04T07:55:10.00000Z</time><extensions><mytracks:speed>4.651046802626338</mytracks:speed><mytracks:length>0.006459787225869914</mytracks:length></extensions></trkpt><trkpt lat="33.59532747807335" lon="130.3646653922231"><ele>3.647826080077334</ele><time>2026-01-04T07:55:15.00000Z</time><extensions><mytracks:speed>4.581208818615977</mytracks:speed><mytracks:gradient>0.02925243696868926</mytracks:gradient><mytracks:length>0.006362790025855524</mytracks:length></extensions></trkpt><trkpt lat="33.59529040764652" lon="130.3647168086129"><ele>3.712190494716528</ele><time>2026-01-04T07:55:20.00000Z</time><extensions><mytracks:speed>4.535082932503538</mytracks:speed><mytracks:gradient>0.01021863970955806</mytracks:gradient><mytracks:length>0.006298726295143802</mytracks:length></extensions></trkpt><trkpt lat="33.59524680627899" lon="130.3647618594252"><ele>3.212443920457978</ele><time>2026-01-04T07:55:25.00000Z</time><extensions><mytracks:speed>4.605620406106083</mytracks:speed><mytracks:length>0.006396695008480671</mytracks:length></extensions></trkpt><trkpt lat="33.59520381351808" lon="130.3648242300073"><ele>3.401294802330673</ele><time>2026-01-04T07:55:31.00000Z</time><extensions><mytracks:speed>4.499212038234687</mytracks:speed><mytracks:gradient>0.02518452745962946</mytracks:gradient><mytracks:length>0.007498686730391144</mytracks:length></extensions></trkpt><trkpt lat="33.59516366495852" lon="130.364874536823"><ele>3.082963522782195</ele><time>2026-01-04T07:55:36.00000Z</time><extensions><mytracks:speed>4.646524147867164</mytracks:speed><mytracks:length>0.006453505760926618</mytracks:length></extensions></trkpt><trkpt lat="33.59511909300653" lon="130.3649183605339"><ele>2.469029448360364</ele><time>2026-01-04T07:55:41.00000Z</time><extensions><mytracks:speed>4.611703112352827</mytracks:speed><mytracks:length>0.006405143211601148</mytracks:length></extensions></trkpt><trkpt lat="33.59507432381793" lon="130.3649750965159"><ele>2.665348531134235</ele><time>2026-01-04T07:55:46.00000Z</time><extensions><mytracks:speed>5.21147160376821</mytracks:speed><mytracks:gradient>0.02712280721149515</mytracks:gradient><mytracks:length>0.007238155005233626</mytracks:length></extensions></trkpt><trkpt lat="33.59503486849086" lon="130.36503353407"><ele>3.019994201821664</ele><time>2026-01-04T07:55:51.00000Z</time><extensions><mytracks:speed>5.016414202883574</mytracks:speed><mytracks:gradient>0.05090187384211011</mytracks:gradient><mytracks:length>0.006967241948449409</mytracks:length></extensions></trkpt><trkpt lat="33.59499188565633" lon="130.3650857640668"><ele>3.155061495667968</ele><time>2026-01-04T07:55:56.00000Z</time><extensions><mytracks:speed>4.896223359777641</mytracks:speed><mytracks:gradient>0.01986193121176468</mytracks:gradient><mytracks:length>0.006800310221913391</mytracks:length></extensions></trkpt><trkpt lat="33.59494856589472" lon="130.3651355413776"><ele>2.901132004598028</ele><time>2026-01-04T07:56:02.00000Z</time><extensions><mytracks:speed>4.0006865479961</mytracks:speed><mytracks:length>0.006667810913326834</mytracks:length></extensions></trkpt><trkpt lat="33.59489851521563" lon="130.3651807093895"><ele>3.127307288924623</ele><time>2026-01-04T07:56:07.00000Z</time><extensions><mytracks:speed>5.013153312032397</mytracks:speed><mytracks:gradient>0.03248378706557627</mytracks:gradient><mytracks:length>0.006962712933378329</mytracks:length></extensions></trkpt><trkpt lat="33.59485697125636" lon="130.3652258443898"><ele>3.385874418727846</ele><time>2026-01-04T07:56:12.00000Z</time><extensions><mytracks:speed>4.485879983148417</mytracks:speed><mytracks:gradient>0.0415009617193677</mytracks:gradient><mytracks:length>0.006230388865483913</mytracks:length></extensions></trkpt><trkpt lat="33.59481203608019" lon="130.3652678144783"><ele>3.063180692430806</ele><time>2026-01-04T07:56:17.00000Z</time><extensions><mytracks:speed>4.55820422120651</mytracks:speed><mytracks:length>0.006330839196120153</mytracks:length></extensions></trkpt><trkpt lat="33.59477041715342" lon="130.3653126698057"><ele>2.975983809752901</ele><time>2026-01-04T07:56:22.00000Z</time><extensions><mytracks:speed>4.478061677113397</mytracks:speed><mytracks:length>0.006219530107101941</mytracks:length></extensions></trkpt><trkpt lat="33.59473745910518" lon="130.3653747365461"><ele>3.373628544115334</ele><time>2026-01-04T07:56:27.00000Z</time><extensions><mytracks:speed>4.908612849887183</mytracks:speed><mytracks:gradient>0.05832690772252115</mytracks:gradient><mytracks:length>0.006817517847065531</mytracks:length></extensions></trkpt><trkpt lat="33.59470406022002" lon="130.3654227710651"><ele>2.641342595830185</ele><time>2026-01-04T07:56:32.00000Z</time><extensions><mytracks:speed>4.171798780265921</mytracks:speed><mytracks:length>0.005794164972591557</mytracks:length></extensions></trkpt><trkpt lat="33.59466705757385" lon="130.3654674891025"><ele>2.13017961415185</ele><time>2026-01-04T07:56:37.00000Z</time><extensions><mytracks:speed>4.203040288009799</mytracks:speed><mytracks:length>0.005837555955569166</mytracks:length></extensions></trkpt><trkpt lat="33.59463395987059" lon="130.3655068150783"><ele>1.183350503895781</ele><time>2026-01-04T07:56:42.00000Z</time><extensions><mytracks:speed>3.727611958714371</mytracks:speed><mytracks:length>0.005177238831547738</mytracks:length></extensions></trkpt><trkpt lat="33.59458923789618" lon="130.3655627060191"><ele>2.621025408913829</ele><time>2026-01-04T07:56:47.00000Z</time><extensions><mytracks:speed>5.168259485177818</mytracks:speed><mytracks:gradient>0.200285209088603</mytracks:gradient><mytracks:length>0.00717813817385808</mytracks:length></extensions></trkpt><trkpt lat="33.59454461728419" lon="130.3656200091113"><ele>3.073489095195759</ele><time>2026-01-04T07:56:52.00000Z</time><extensions><mytracks:speed>5.231604418763175</mytracks:speed><mytracks:gradient>0.06227035304018794</mytracks:gradient><mytracks:length>0.007266117248282187</mytracks:length></extensions></trkpt><trkpt lat="33.59450207308971" lon="130.3656682425778"><ele>3.796145681802269</ele><time>2026-01-04T07:56:57.00000Z</time><extensions><mytracks:speed>4.685076865022595</mytracks:speed><mytracks:gradient>0.1110574612427789</mytracks:gradient><mytracks:length>0.006507051201420271</mytracks:length></extensions></trkpt><trkpt lat="33.59446204128545" lon="130.3657202369541"><ele>3.354311713219353</ele><time>2026-01-04T07:57:01.00000Z</time><extensions><mytracks:speed>5.902907046938542</mytracks:speed><mytracks:length>0.006558785607709491</mytracks:length></extensions></trkpt><trkpt lat="33.59442372988425" lon="130.3657711107857"><ele>3.79845225215891</ele><time>2026-01-04T07:57:07.00000Z</time><extensions><mytracks:speed>3.811294563584154</mytracks:speed><mytracks:gradient>0.06991963463278773</mytracks:gradient><mytracks:length>0.006352157605973589</mytracks:length></extensions></trkpt><trkpt lat="33.59438428830805" lon="130.3658225428076"><ele>3.864608856858348</ele><time>2026-01-04T07:57:12.00000Z</time><extensions><mytracks:speed>4.66208371056884</mytracks:speed><mytracks:gradient>0.01021705279028193</mytracks:gradient><mytracks:length>0.006475116264678945</mytracks:length></extensions></trkpt><trkpt lat="33.59434054775873" lon="130.3658709548855"><ele>3.998056998811969</ele><time>2026-01-04T07:57:17.00000Z</time><extensions><mytracks:speed>4.763208072003484</mytracks:speed><mytracks:gradient>0.02017183812971525</mytracks:gradient><mytracks:length>0.006615566766671505</mytracks:length></extensions></trkpt><trkpt lat="33.59430674759057" lon="130.3659132806609"><ele>3.298565792641431</ele><time>2026-01-04T07:57:21.00000Z</time><extensions><mytracks:speed>4.887388636805561</mytracks:speed><mytracks:length>0.005430431818672846</mytracks:length></extensions></trkpt><trkpt lat="33.59426713032995" lon="130.3659677071475"><ele>4.619457091368768</ele><time>2026-01-04T07:57:27.00000Z</time><extensions><mytracks:speed>4.016873895311559</mytracks:speed><mytracks:gradient>0.1973013840841353</mytracks:gradient><mytracks:length>0.006694789825519264</mytracks:length></extensions></trkpt><trkpt lat="33.5942214402522" lon="130.3660247534523"><ele>5.326788411172383</ele><time>2026-01-04T07:57:32.00000Z</time><extensions><mytracks:speed>5.277839754994807</mytracks:speed><mytracks:gradient>0.0964937500758023</mytracks:gradient><mytracks:length>0.007330332993048343</mytracks:length></extensions></trkpt><trkpt lat="33.59415111765873" lon="130.366113650761"><ele>5.243051777593791</ele><time>2026-01-04T07:57:42.00000Z</time><extensions><mytracks:speed>4.08779707851915</mytracks:speed><mytracks:length>0.01135499188477542</mytracks:length></extensions></trkpt><trkpt lat="33.59398146212454" lon="130.3663260951874"><ele>4.627095172181726</ele><time>2026-01-04T07:58:04.00000Z</time><extensions><mytracks:speed>4.460617322022457</mytracks:speed><mytracks:length>0.02725932807902613</mytracks:length></extensions></trkpt><trkpt lat="33.59394103988062" lon="130.3663718801682"><ele>5.205567977308818</ele><time>2026-01-04T07:58:08.00000Z</time><extensions><mytracks:speed>5.561596271207946</mytracks:speed><mytracks:gradient>0.09361080870066582</mytracks:gradient><mytracks:length>0.006179551412453273</mytracks:length></extensions></trkpt><trkpt lat="33.5939021860063" lon="130.3664158239518"><ele>5.199806149458392</ele><time>2026-01-04T07:58:13.00000Z</time><extensions><mytracks:speed>4.273591919018789</mytracks:speed><mytracks:length>0.005935544331970541</mytracks:length></extensions></trkpt><trkpt lat="33.59386795521105" lon="130.3664608101137"><ele>4.916211548264118</ele><time>2026-01-04T07:58:19.00000Z</time><extensions><mytracks:speed>3.385238844790982</mytracks:speed><mytracks:length>0.005642064741318303</mytracks:length></extensions></trkpt><trkpt lat="33.5938284166737" lon="130.3665083302516"><ele>5.484027887280098</ele><time>2026-01-04T07:58:24.00000Z</time><extensions><mytracks:speed>4.479104906405854</mytracks:speed><mytracks:gradient>0.09127443376171324</mytracks:gradient><mytracks:length>0.006220979036674797</mytracks:length></extensions></trkpt><trkpt lat="33.59378838806332" lon="130.3665544243859"><ele>5.048846168007874</ele><time>2026-01-04T07:58:29.00000Z</time><extensions><mytracks:speed>4.440868264793091</mytracks:speed><mytracks:length>0.006167872589990403</mytracks:length></extensions></trkpt><trkpt lat="33.59374702585473" lon="130.3666009265008"><ele>5.070353417274958</ele><time>2026-01-04T07:58:34.00000Z</time><extensions><mytracks:speed>4.537142929399464</mytracks:speed><mytracks:gradient>0.003412989124049809</mytracks:gradient><mytracks:length>0.0063015874019437</mytracks:length></extensions></trkpt><trkpt lat="33.59370697047496" lon="130.3666432214235"><ele>4.723604838822641</ele><time>2026-01-04T07:58:39.00000Z</time><extensions><mytracks:speed>4.270857869785574</mytracks:speed><mytracks:length>0.005931747041368853</mytracks:length></extensions></trkpt><trkpt lat="33.59366266304627" lon="130.3666906520223"><ele>4.851360938249438</ele><time>2026-01-04T07:58:44.00000Z</time><extensions><mytracks:speed>4.75289755437114</mytracks:speed><mytracks:gradient>0.01935332931859595</mytracks:gradient><mytracks:length>0.00660124660329325</mytracks:length></extensions></trkpt><trkpt lat="33.5936239773456" lon="130.3667341602067"><ele>4.721492893743617</ele><time>2026-01-04T07:58:49.00000Z</time><extensions><mytracks:speed>4.243970978842192</mytracks:speed><mytracks:length>0.005894404137280823</mytracks:length></extensions></trkpt><trkpt lat="33.59359036826896" lon="130.3667711437497"><ele>4.679209902674075</ele><time>2026-01-04T07:58:54.00000Z</time><extensions><mytracks:speed>3.650353931162457</mytracks:speed><mytracks:length>0.005069936015503413</mytracks:length></extensions></trkpt><trkpt lat="33.59357458072195" lon="130.366805026151"><ele>4.288345717905721</ele><time>2026-01-04T07:58:59.00000Z</time><extensions><mytracks:speed>2.589322616995497</mytracks:speed><mytracks:length>0.003596281412493747</mytracks:length></extensions></trkpt><trkpt lat="33.59360154589463" lon="130.3668711354241"><ele>4.998430160248368</ele><time>2026-01-04T07:59:04.00000Z</time><extensions><mytracks:speed>4.909564592571821</mytracks:speed><mytracks:gradient>0.1041356700470434</mytracks:gradient><mytracks:length>0.006818839711905306</mytracks:length></extensions></trkpt><trkpt lat="33.59364016568878" lon="130.3669289129021"><ele>5.331038789222052</ele><time>2026-01-04T07:59:09.00000Z</time><extensions><mytracks:speed>4.939923542168392</mytracks:speed><mytracks:gradient>0.04847812133463354</mytracks:gradient><mytracks:length>0.006861004919678323</mytracks:length></extensions></trkpt><trkpt lat="33.59367039683641" lon="130.3669829341344"><ele>5.543870780215007</ele><time>2026-01-04T07:59:14.00000Z</time><extensions><mytracks:speed>4.339230668335258</mytracks:speed><mytracks:gradient>0.03531479315749723</mytracks:gradient><mytracks:length>0.006026709261576746</mytracks:length></extensions></trkpt><trkpt lat="33.59370555488228" lon="130.3670359314492"><ele>5.328520545547502</ele><time>2026-01-04T07:59:18.00000Z</time><extensions><mytracks:speed>5.646918790534446</mytracks:speed><mytracks:length>0.00627435421170494</mytracks:length></extensions></trkpt><trkpt lat="33.59374042538231" lon="130.3670923064001"><ele>5.529754128548879</ele><time>2026-01-04T07:59:24.00000Z</time><extensions><mytracks:speed>3.902152565213973</mytracks:speed><mytracks:gradient>0.03094193468424922</mytracks:gradient><mytracks:length>0.006503587608689955</mytracks:length></extensions></trkpt><trkpt lat="33.59377699545301" lon="130.3671415175738"><ele>5.27331590744819</ele><time>2026-01-04T07:59:28.00000Z</time><extensions><mytracks:speed>5.497565315334268</mytracks:speed><mytracks:length>0.006108405905926964</mytracks:length></extensions></trkpt><trkpt lat="33.59381916443447" lon="130.3671882914233"><ele>5.610165681400771</ele><time>2026-01-04T07:59:33.00000Z</time><extensions><mytracks:speed>4.596989461310896</mytracks:speed><mytracks:gradient>0.05275884125622881</mytracks:gradient><mytracks:length>0.006384707585154022</mytracks:length></extensions></trkpt><trkpt lat="33.59385888536258" lon="130.3672353158162"><ele>5.471656095906197</ele><time>2026-01-04T07:59:38.00000Z</time><extensions><mytracks:speed>4.466047025124382</mytracks:speed><mytracks:length>0.006202843090450531</mytracks:length></extensions></trkpt><trkpt lat="33.59389716725964" lon="130.367285502741"><ele>5.549571612970833</ele><time>2026-01-04T07:59:44.00000Z</time><extensions><mytracks:speed>3.781810480991441</mytracks:speed><mytracks:gradient>0.01236162162904723</mytracks:gradient><mytracks:length>0.00630301746831907</mytracks:length></extensions></trkpt><trkpt lat="33.59392957172793" lon="130.3673344151125"><ele>4.423461394542843</ele><time>2026-01-04T07:59:48.00000Z</time><extensions><mytracks:speed>5.209846407596504</mytracks:speed><mytracks:length>0.005788718230662782</mytracks:length></extensions></trkpt><trkpt lat="33.59397571959638" lon="130.367372822011"><ele>4.095159632497643</ele><time>2026-01-04T07:59:53.00000Z</time><extensions><mytracks:speed>4.495763652540721</mytracks:speed><mytracks:length>0.006244116184084336</mytracks:length></extensions></trkpt><trkpt lat="33.59403223365712" lon="130.3673612042868"><ele>4.280384991020897</ele><time>2026-01-04T07:59:58.00000Z</time><extensions><mytracks:speed>4.590378377299718</mytracks:speed><mytracks:gradient>0.02905256324756235</mytracks:gradient><mytracks:length>0.006375525524027386</mytracks:length></extensions></trkpt><trkpt lat="33.59408325775028" lon="130.3673168933641"><ele>3.844376015126054</ele><time>2026-01-04T08:00:03.00000Z</time><extensions><mytracks:speed>5.041962104698793</mytracks:speed><mytracks:length>0.00700272514541499</mytracks:length></extensions></trkpt><trkpt lat="33.59413273398685" lon="130.3672606889071"><ele>3.947586417940578</ele><time>2026-01-04T08:00:08.00000Z</time><extensions><mytracks:speed>5.45372871969121</mytracks:speed><mytracks:gradient>0.0136258134289203</mytracks:gradient><mytracks:length>0.007574623221793347</mytracks:length></extensions></trkpt><trkpt lat="33.59417275799353" lon="130.3672036899608"><ele>3.699247441758518</ele><time>2026-01-04T08:00:14.00000Z</time><extensions><mytracks:speed>4.143314014554955</mytracks:speed><mytracks:length>0.006905523357591591</mytracks:length></extensions></trkpt><trkpt lat="33.5942128786498" lon="130.3671481605076"><ele>3.174835514897981</ele><time>2026-01-04T08:00:19.00000Z</time><extensions><mytracks:speed>4.902422018702072</mytracks:speed><mytracks:length>0.006808919470419545</mytracks:length></extensions></trkpt><trkpt lat="33.59424428669062" lon="130.3671009147392"><ele>2.822492306092979</ele><time>2026-01-04T08:00:24.00000Z</time><extensions><mytracks:speed>4.029954085673991</mytracks:speed><mytracks:length>0.005597158452324987</mytracks:length></extensions></trkpt><trkpt lat="33.59428834488031" lon="130.3670614950859"><ele>2.782120431708414</ele><time>2026-01-04T08:00:29.00000Z</time><extensions><mytracks:speed>4.398583385927012</mytracks:speed><mytracks:length>0.006109143591565295</mytracks:length></extensions></trkpt><trkpt lat="33.59433972707554" lon="130.3670169060181"><ele>3.098249890216796</ele><time>2026-01-04T08:00:33.00000Z</time><extensions><mytracks:speed>6.344015326136445</mytracks:speed><mytracks:gradient>0.04484801786108178</mytracks:gradient><mytracks:length>0.007048905917929383</mytracks:length></extensions></trkpt><trkpt lat="33.59437971823251" lon="130.3669572765156"><ele>3.592106837634402</ele><time>2026-01-04T08:00:39.00000Z</time><extensions><mytracks:speed>4.254203133731711</mytracks:speed><mytracks:gradient>0.06965209679365784</mytracks:gradient><mytracks:length>0.007090338556219519</mytracks:length></extensions></trkpt><trkpt lat="33.59440598684108" lon="130.3669104041141"><ele>3.282365035754219</ele><time>2026-01-04T08:00:44.00000Z</time><extensions><mytracks:speed>3.767507269878187</mytracks:speed><mytracks:length>0.005232648985941926</mytracks:length></extensions></trkpt><trkpt lat="33.59444448305611" lon="130.3668816356181"><ele>3.329336774783623</ele><time>2026-01-04T08:00:48.00000Z</time><extensions><mytracks:speed>4.538880324553011</mytracks:speed><mytracks:gradient>0.009313875251960337</mytracks:gradient><mytracks:length>0.005043200360614456</mytracks:length></extensions></trkpt><trkpt lat="33.59448053268566" lon="130.3668382406008"><ele>3.71744210233867</ele><time>2026-01-04T08:00:54.00000Z</time><extensions><mytracks:speed>3.405783140404591</mytracks:speed><mytracks:gradient>0.06837287840510153</mytracks:gradient><mytracks:length>0.005676305234007651</mytracks:length></extensions></trkpt><trkpt lat="33.59451122963118" lon="130.3667911720407"><ele>4.278208413106996</ele><time>2026-01-04T08:00:58.00000Z</time><extensions><mytracks:speed>4.982068400063294</mytracks:speed><mytracks:gradient>0.1013012345806175</mytracks:gradient><mytracks:length>0.005535631555625882</mytracks:length></extensions></trkpt><trkpt lat="33.59454836149494" lon="130.3667589844856"><ele>4.467651382151717</ele><time>2026-01-04T08:01:03.00000Z</time><extensions><mytracks:speed>3.666318119683539</mytracks:speed><mytracks:gradient>0.03720324676135092</mytracks:gradient><mytracks:length>0.005092108499560472</mytracks:length></extensions></trkpt><trkpt lat="33.59458601466718" lon="130.3667256806304"><ele>4.473315972952669</ele><time>2026-01-04T08:01:08.00000Z</time><extensions><mytracks:speed>3.743246671903554</mytracks:speed><mytracks:gradient>0.001089563615269777</mytracks:gradient><mytracks:length>0.005198953710977158</mytracks:length></extensions></trkpt><trkpt lat="33.59462591901883" lon="130.3666873420534"><ele>4.06610286024778</ele><time>2026-01-04T08:01:14.00000Z</time><extensions><mytracks:speed>3.410067445440899</mytracks:speed><mytracks:length>0.005683445742401498</mytracks:length></extensions></trkpt><trkpt lat="33.59465859263604" lon="130.36664126533"><ele>3.597985794554874</ele><time>2026-01-04T08:01:19.00000Z</time><extensions><mytracks:speed>4.035746749416661</mytracks:speed><mytracks:length>0.005605203818634251</mytracks:length></extensions></trkpt><trkpt lat="33.59468788961254" lon="130.3665991756316"><ele>3.43498215375936</ele><time>2026-01-04T08:01:23.00000Z</time><extensions><mytracks:speed>4.571733448734621</mytracks:speed><mytracks:length>0.005079703831927357</mytracks:length></extensions></trkpt><trkpt lat="33.59472384711051" lon="130.3665593072472"><ele>3.187844320811583</ele><time>2026-01-04T08:01:29.00000Z</time><extensions><mytracks:speed>3.265719054623506</mytracks:speed><mytracks:length>0.005442865091039176</mytracks:length></extensions></trkpt><trkpt lat="33.59476457723292" lon="130.3665133987754"><ele>3.330288996179382</ele><time>2026-01-04T08:01:33.00000Z</time><extensions><mytracks:speed>5.591052351084751</mytracks:speed><mytracks:gradient>0.02292953093278522</mytracks:gradient><mytracks:length>0.006212280390094168</mytracks:length></extensions></trkpt><trkpt lat="33.59480501545355" lon="130.3664639475664"><ele>3.471029667890388</ele><time>2026-01-04T08:01:39.00000Z</time><extensions><mytracks:speed>3.851098075078663</mytracks:speed><mytracks:gradient>0.02192735717977748</mytracks:gradient><mytracks:length>0.006418496791797771</mytracks:length></extensions></trkpt><trkpt lat="33.59483920845059" lon="130.3664187244541"><ele>3.311154779561057</ele><time>2026-01-04T08:01:43.00000Z</time><extensions><mytracks:speed>5.091497834708799</mytracks:speed><mytracks:length>0.00565721981634311</mytracks:length></extensions></trkpt><trkpt lat="33.59488017168912" lon="130.3663675823894"><ele>3.640234618162764</ele><time>2026-01-04T08:01:49.00000Z</time><extensions><mytracks:speed>3.942273265939125</mytracks:speed><mytracks:gradient>0.05008478353516375</mytracks:gradient><mytracks:length>0.006570455443231875</mytracks:length></extensions></trkpt><trkpt lat="33.59492286787411" lon="130.366312874454"><ele>3.427185065091614</ele><time>2026-01-04T08:01:55.00000Z</time><extensions><mytracks:speed>4.165961644651727</mytracks:speed><mytracks:length>0.006943269407752878</mytracks:length></extensions></trkpt><trkpt lat="33.59496310839027" lon="130.3662694582332"><ele>3.51112713111762</ele><time>2026-01-04T08:02:00.00000Z</time><extensions><mytracks:speed>4.331147648584756</mytracks:speed><mytracks:gradient>0.01395433553471055</mytracks:gradient><mytracks:length>0.006015482845256606</mytracks:length></extensions></trkpt><trkpt lat="33.59500607244422" lon="130.3662274385263"><ele>3.74418101754361</ele><time>2026-01-04T08:02:05.00000Z</time><extensions><mytracks:speed>4.435604699751742</mytracks:speed><mytracks:gradient>0.03782997124069781</mytracks:gradient><mytracks:length>0.00616056208298853</mytracks:length></extensions></trkpt><trkpt lat="33.59504049053821" lon="130.36618524251"><ele>3.605569987936035</ele><time>2026-01-04T08:02:10.00000Z</time><extensions><mytracks:speed>3.937892357072499</mytracks:speed><mytracks:length>0.005469294940378471</mytracks:length></extensions></trkpt><trkpt lat="33.59507217253203" lon="130.366149210497"><ele>3.198209631826317</ele><time>2026-01-04T08:02:16.00000Z</time><extensions><mytracks:speed>2.91171372137519</mytracks:speed><mytracks:length>0.004852856202291984</mytracks:length></extensions></trkpt><trkpt lat="33.5951080118886" lon="130.3661145128273"><ele>3.16616030152179</ele><time>2026-01-04T08:02:21.00000Z</time><extensions><mytracks:speed>3.685383865091914</mytracks:speed><mytracks:length>0.005118588701516547</mytracks:length></extensions></trkpt><trkpt lat="33.59514489563394" lon="130.36607613988"><ele>3.158885745329462</ele><time>2026-01-04T08:02:26.00000Z</time><extensions><mytracks:speed>3.907520257487867</mytracks:speed><mytracks:length>0.00542711146873315</mytracks:length></extensions></trkpt><trkpt lat="33.59517882289569" lon="130.3660336716345"><ele>3.362157423133448</ele><time>2026-01-04T08:02:31.00000Z</time><extensions><mytracks:speed>3.924224237028343</mytracks:speed><mytracks:gradient>0.03729542431288261</mytracks:gradient><mytracks:length>0.005450311440317144</mytracks:length></extensions></trkpt><trkpt lat="33.59521416773624" lon="130.3659938001352"><ele>3.820770079349832</ele><time>2026-01-04T08:02:35.00000Z</time><extensions><mytracks:speed>4.852911917887242</mytracks:speed><mytracks:gradient>0.08505231448223781</mytracks:gradient><mytracks:length>0.005392124353208047</mytracks:length></extensions></trkpt><trkpt lat="33.59524931082429" lon="130.3659534894593"><ele>4.060611585832717</ele><time>2026-01-04T08:02:40.00000Z</time><extensions><mytracks:speed>3.89134494129653</mytracks:speed><mytracks:gradient>0.04437691524980598</mytracks:gradient><mytracks:length>0.005404645751800735</mytracks:length></extensions></trkpt><trkpt lat="33.59528163491971" lon="130.3659075375171"><ele>4.488845837733075</ele><time>2026-01-04T08:02:45.00000Z</time><extensions><mytracks:speed>4.010778937618543</mytracks:speed><mytracks:gradient>0.07687500761418986</mytracks:gradient><mytracks:length>0.005570526302247977</mytracks:length></extensions></trkpt><trkpt lat="33.59531690650711" lon="130.3658645713245"><ele>4.356830011154156</ele><time>2026-01-04T08:02:51.00000Z</time><extensions><mytracks:speed>3.352493232789643</mytracks:speed><mytracks:length>0.005587488721316072</mytracks:length></extensions></trkpt><trkpt lat="33.59535496404543" lon="130.3658265444513"><ele>4.058685682032549</ele><time>2026-01-04T08:02:56.00000Z</time><extensions><mytracks:speed>3.963908745689194</mytracks:speed><mytracks:length>0.005505428813457214</mytracks:length></extensions></trkpt><trkpt lat="33.59538585137072" lon="130.3657851219893"><ele>3.94932552512729</ele><time>2026-01-04T08:03:00.00000Z</time><extensions><mytracks:speed>4.633591457456765</mytracks:speed><mytracks:length>0.005148434952729738</mytracks:length></extensions></trkpt><trkpt lat="33.59541895079894" lon="130.3657472731231"><ele>3.438011575552238</ele><time>2026-01-04T08:03:05.00000Z</time><extensions><mytracks:speed>3.659302457115909</mytracks:speed><mytracks:length>0.005082364523772095</mytracks:length></extensions></trkpt><trkpt lat="33.59545384466458" lon="130.3657100055457"><ele>3.612384138062941</ele><time>2026-01-04T08:03:10.00000Z</time><extensions><mytracks:speed>3.738875542428014</mytracks:speed><mytracks:gradient>0.0335791452759018</mytracks:gradient><mytracks:length>0.005192882697816686</mytracks:length></extensions></trkpt><trkpt lat="33.59549031519185" lon="130.3656683126997"><ele>3.952678283231323</ele><time>2026-01-04T08:03:16.00000Z</time><extensions><mytracks:speed>3.359261070284925</mytracks:speed><mytracks:gradient>0.06078017838718065</mytracks:gradient><mytracks:length>0.005598768450474875</mytracks:length></extensions></trkpt><trkpt lat="33.59552060372604" lon="130.3656333987123"><ele>3.978579662301043</ele><time>2026-01-04T08:03:21.00000Z</time><extensions><mytracks:speed>3.361848578548873</mytracks:speed><mytracks:gradient>0.005547243575809118</mytracks:gradient><mytracks:length>0.004669234136873434</mytracks:length></extensions></trkpt><trkpt lat="33.59558935695481" lon="130.3655561515755"><ele>3.584871280007064</ele><time>2026-01-04T08:03:32.00000Z</time><extensions><mytracks:speed>3.426838125777684</mytracks:speed><mytracks:length>0.01047089427320959</mytracks:length></extensions></trkpt><trkpt lat="33.59562519714454" lon="130.36552039151"><ele>3.526740945316544</ele><time>2026-01-04T08:03:37.00000Z</time><extensions><mytracks:speed>3.730744143082412</mytracks:speed><mytracks:length>0.005181589087614461</mytracks:length></extensions></trkpt><trkpt lat="33.59566020075661" lon="130.365481096175"><ele>3.944121598725848</ele><time>2026-01-04T08:03:42.00000Z</time><extensions><mytracks:speed>3.836325876120996</mytracks:speed><mytracks:gradient>0.07833382255799287</mytracks:gradient><mytracks:length>0.005328230383501383</mytracks:length></extensions></trkpt><trkpt lat="33.59568818797909" lon="130.3654433050062"><ele>3.912583293921089</ele><time>2026-01-04T08:03:48.00000Z</time><extensions><mytracks:speed>2.809635765612935</mytracks:speed><mytracks:length>0.004682726276021559</mytracks:length></extensions></trkpt><trkpt lat="33.5957299983894" lon="130.3653995569277"><ele>3.91473248976366</ele><time>2026-01-04T08:03:53.00000Z</time><extensions><mytracks:speed>4.440342189062429</mytracks:speed><mytracks:gradient>0.0003484913866463476</mytracks:gradient><mytracks:length>0.006167141929253374</mytracks:length></extensions></trkpt><trkpt lat="33.59576303530699" lon="130.3653556217701"><ele>4.20639707842286</ele><time>2026-01-04T08:03:58.00000Z</time><extensions><mytracks:speed>3.947964467118127</mytracks:speed><mytracks:gradient>0.05319158912995884</mytracks:gradient><mytracks:length>0.005483283982108509</mytracks:length></extensions></trkpt><trkpt lat="33.59579680173368" lon="130.3653119658437"><ele>4.853007281006795</ele><time>2026-01-04T08:04:03.00000Z</time><extensions><mytracks:speed>3.9733270155639</mytracks:speed><mytracks:gradient>0.1171711626143011</mytracks:gradient><mytracks:length>0.005518509743838751</mytracks:length></extensions></trkpt><trkpt lat="33.59584363940002" lon="130.3652584900045"><ele>4.407203755436567</ele><time>2026-01-04T08:04:09.00000Z</time><extensions><mytracks:speed>4.312153106501551</mytracks:speed><mytracks:length>0.007186921844169251</mytracks:length></extensions></trkpt><trkpt lat="33.59588508229665" lon="130.3652202673523"><ele>4.316425507709701</ele><time>2026-01-04T08:04:13.00000Z</time><extensions><mytracks:speed>5.230822924089827</mytracks:speed><mytracks:length>0.005812025471210919</mytracks:length></extensions></trkpt><trkpt lat="33.59592872992714" lon="130.3651791383807"><ele>4.463632885934483</ele><time>2026-01-04T08:04:18.00000Z</time><extensions><mytracks:speed>4.441920229338177</mytracks:speed><mytracks:gradient>0.02386114717274761</mytracks:gradient><mytracks:length>0.006169333651858579</mytracks:length></extensions></trkpt><trkpt lat="33.59596107866757" lon="130.365136607317"><ele>4.57321133771945</ele><time>2026-01-04T08:04:24.00000Z</time><extensions><mytracks:speed>3.200488412460817</mytracks:speed><mytracks:gradient>0.02054282428113165</mytracks:gradient><mytracks:length>0.005334147354101361</mytracks:length></extensions></trkpt><trkpt lat="33.59599797519029" lon="130.3650987160039"><ele>4.458005482973429</ele><time>2026-01-04T08:04:29.00000Z</time><extensions><mytracks:speed>3.886539326692162</mytracks:speed><mytracks:length>0.005397971287072447</mytracks:length></extensions></trkpt><trkpt lat="33.59603056097549" lon="130.3650587723793"><ele>4.473634323581907</ele><time>2026-01-04T08:04:34.00000Z</time><extensions><mytracks:speed>3.728238606101956</mytracks:speed><mytracks:gradient>0.003018252431506538</mytracks:gradient><mytracks:length>0.005178109175141606</mytracks:length></extensions></trkpt><trkpt lat="33.5960672374998" lon="130.3650169143733"><ele>4.242286544366888</ele><time>2026-01-04T08:04:38.00000Z</time><extensions><mytracks:speed>5.063461135100743</mytracks:speed><mytracks:length>0.005626067927889715</mytracks:length></extensions></trkpt><trkpt lat="33.59610309136029" lon="130.3649789635873"><ele>4.175456478579542</ele><time>2026-01-04T08:04:43.00000Z</time><extensions><mytracks:speed>3.826570422628711</mytracks:speed><mytracks:length>0.005314681142539877</mytracks:length></extensions></trkpt><trkpt lat="33.59613354368929" lon="130.3649329174635"><ele>4.220155012725901</ele><time>2026-01-04T08:04:48.00000Z</time><extensions><mytracks:speed>3.92065080398761</mytracks:speed><mytracks:gradient>0.00820857204437749</mytracks:gradient><mytracks:length>0.005445348338871682</mytracks:length></extensions></trkpt><trkpt lat="33.59616933714775" lon="130.3648880618504"><ele>4.106073972533752</ele><time>2026-01-04T08:04:54.00000Z</time><extensions><mytracks:speed>3.451678238277214</mytracks:speed><mytracks:length>0.005752797063795357</mytracks:length></extensions></trkpt><trkpt lat="33.59619937580604" lon="130.3648460403915"><ele>3.721542796702465</ele><time>2026-01-04T08:04:59.00000Z</time><extensions><mytracks:speed>3.692349971921016</mytracks:speed><mytracks:length>0.0051282638498903</mytracks:length></extensions></trkpt><trkpt lat="33.59622984507049" lon="130.3648046960669"><ele>3.248790912387735</ele><time>2026-01-04T08:05:04.00000Z</time><extensions><mytracks:speed>3.681578614861812</mytracks:speed><mytracks:length>0.005113303631752516</mytracks:length></extensions></trkpt><trkpt lat="33.59626683636011" lon="130.3647658870991"><ele>2.962696841694441</ele><time>2026-01-04T08:05:09.00000Z</time><extensions><mytracks:speed>3.933143615692246</mytracks:speed><mytracks:length>0.005462699466239231</mytracks:length></extensions></trkpt><trkpt lat="33.59629887373782" lon="130.36472877613"><ele>2.939155484171937</ele><time>2026-01-04T08:05:14.00000Z</time><extensions><mytracks:speed>3.564222586861082</mytracks:speed><mytracks:length>0.004950309148418169</mytracks:length></extensions></trkpt><trkpt lat="33.59633239678816" lon="130.3646893466999"><ele>3.244387248342453</ele><time>2026-01-04T08:05:19.00000Z</time><extensions><mytracks:speed>3.757573152997336</mytracks:speed><mytracks:gradient>0.05848638502951514</mytracks:gradient><mytracks:length>0.005218851601385188</mytracks:length></extensions></trkpt><trkpt lat="33.59637320213878" lon="130.3646489903474"><ele>3.604518246237602</ele><time>2026-01-04T08:05:24.00000Z</time><extensions><mytracks:speed>4.233499506668226</mytracks:speed><mytracks:gradient>0.0612482222038979</mytracks:gradient><mytracks:length>0.005879860425928091</mytracks:length></extensions></trkpt><trkpt lat="33.59640192018757" lon="130.3646141644669"><ele>3.185268229351547</ele><time>2026-01-04T08:05:29.00000Z</time><extensions><mytracks:speed>3.268122502451305</mytracks:speed><mytracks:length>0.004539059031182368</mytracks:length></extensions></trkpt><trkpt lat="33.59643591646586" lon="130.3645712774879"><ele>2.547879367798295</ele><time>2026-01-04T08:05:33.00000Z</time><extensions><mytracks:speed>4.936434665478568</mytracks:speed><mytracks:length>0.005484927406087299</mytracks:length></extensions></trkpt><trkpt lat="33.59647383356879" lon="130.3645327394281"><ele>3.014687032449553</ele><time>2026-01-04T08:05:38.00000Z</time><extensions><mytracks:speed>3.977440495791306</mytracks:speed><mytracks:gradient>0.08450196021902733</mytracks:gradient><mytracks:length>0.005524222910821258</mytracks:length></extensions></trkpt><trkpt lat="33.59652300132358" lon="130.364475609633"><ele>3.045320044552728</ele><time>2026-01-04T08:05:46.00000Z</time><extensions><mytracks:speed>3.424072863002671</mytracks:speed><mytracks:gradient>0.004025865102163836</mytracks:gradient><mytracks:length>0.007609050806672604</mytracks:length></extensions></trkpt><trkpt lat="33.59673432867422" lon="130.3642170113307"><ele>3.064109797589481</ele><time>2026-01-04T08:06:18.00000Z</time><extensions><mytracks:speed>3.774804722879259</mytracks:speed><mytracks:gradient>0.0005599884952518549</mytracks:gradient><mytracks:length>0.03355381975892674</mytracks:length></extensions></trkpt><trkpt lat="33.59676418418635" lon="130.3641801284804"><ele>2.944629759495106</ele><time>2026-01-04T08:06:23.00000Z</time><extensions><mytracks:speed>3.429271119990411</mytracks:speed><mytracks:length>0.004762876555542237</mytracks:length></extensions></trkpt><trkpt lat="33.59680103903286" lon="130.3641413302476"><ele>3.389906682573931</ele><time>2026-01-04T08:06:28.00000Z</time><extensions><mytracks:speed>3.924819492888731</mytracks:speed><mytracks:gradient>0.08168512850021224</mytracks:gradient><mytracks:length>0.005451138184567682</mytracks:length></extensions></trkpt><trkpt lat="33.59683315041059" lon="130.3640988927471"><ele>2.993671076206128</ele><time>2026-01-04T08:06:32.00000Z</time><extensions><mytracks:speed>4.77939592367323</mytracks:speed><mytracks:length>0.005310439915192478</mytracks:length></extensions></trkpt><trkpt lat="33.59686668073503" lon="130.3640587165391"><ele>2.757270163711476</ele><time>2026-01-04T08:06:37.00000Z</time><extensions><mytracks:speed>3.792228711421768</mytracks:speed><mytracks:length>0.005266984321419123</mytracks:length></extensions></trkpt><trkpt lat="33.59690425979014" lon="130.3640194757387"><ele>2.920554789510723</ele><time>2026-01-04T08:06:42.00000Z</time><extensions><mytracks:speed>3.98682679909966</mytracks:speed><mytracks:gradient>0.0294883466224336</mytracks:gradient><mytracks:length>0.005537259443193972</mytracks:length></extensions></trkpt><trkpt lat="33.59694187578147" lon="130.3639818356907"><ele>3.079524236213139</ele><time>2026-01-04T08:06:48.00000Z</time><extensions><mytracks:speed>3.266215779708836</mytracks:speed><mytracks:gradient>0.02920250052492016</mytracks:gradient><mytracks:length>0.005443692966181394</mytracks:length></extensions></trkpt><trkpt lat="33.59697258481875" lon="130.363939832383"><ele>3.21500071738073</ele><time>2026-01-04T08:06:53.00000Z</time><extensions><mytracks:speed>3.726358347796554</mytracks:speed><mytracks:gradient>0.0261765126529883</mytracks:gradient><mytracks:length>0.005175497705272991</mytracks:length></extensions></trkpt><trkpt lat="33.59700589179105" lon="130.3639027387516"><ele>3.326946053438029</ele><time>2026-01-04T08:06:57.00000Z</time><extensions><mytracks:speed>4.546915169441101</mytracks:speed><mytracks:gradient>0.02215805632985968</mytracks:gradient><mytracks:length>0.005052127966045667</mytracks:length></extensions></trkpt><trkpt lat="33.59704193926709" lon="130.3638633525999"><ele>3.609999512039864</ele><time>2026-01-04T08:07:02.00000Z</time><extensions><mytracks:speed>3.901537218826882</mytracks:speed><mytracks:gradient>0.05223543407708407</mytracks:gradient><mytracks:length>0.005418801692815113</mytracks:length></extensions></trkpt><trkpt lat="33.59708468764455" lon="130.3638153585953"><ele>3.65709078844771</ele><time>2026-01-04T08:07:08.00000Z</time><extensions><mytracks:speed>3.904646219253899</mytracks:speed><mytracks:gradient>0.007236191003779585</mytracks:gradient><mytracks:length>0.006507743698756498</mytracks:length></extensions></trkpt><trkpt lat="33.59712370995517" lon="130.3637770681033"><ele>3.621329716902786</ele><time>2026-01-04T08:07:12.00000Z</time><extensions><mytracks:speed>5.043959821557067</mytracks:speed><mytracks:length>0.005604399801730075</mytracks:length></extensions></trkpt><trkpt lat="33.59716999689287" lon="130.3637409488003"><ele>3.699050097364263</ele><time>2026-01-04T08:07:17.00000Z</time><extensions><mytracks:speed>4.41977639412898</mytracks:speed><mytracks:gradient>0.01266097398198601</mytracks:gradient><mytracks:length>0.006138578325179138</mytracks:length></extensions></trkpt><trkpt lat="33.59720427632719" lon="130.3636984252425"><ele>3.337443384167354</ele><time>2026-01-04T08:07:22.00000Z</time><extensions><mytracks:speed>3.945596872022363</mytracks:speed><mytracks:length>0.005479995655586615</mytracks:length></extensions></trkpt><trkpt lat="33.59724349388055" lon="130.3636609612765"><ele>3.092559897512699</ele><time>2026-01-04T08:07:28.00000Z</time><extensions><mytracks:speed>3.343771599543998</mytracks:speed><mytracks:length>0.005572952665906664</mytracks:length></extensions></trkpt><trkpt lat="33.59728465912133" lon="130.3636423398964"><ele>3.181605290461611</ele><time>2026-01-04T08:07:32.00000Z</time><extensions><mytracks:speed>4.402531681965807</mytracks:speed><mytracks:gradient>0.01820335648742821</mytracks:gradient><mytracks:length>0.004891701868850897</mytracks:length></extensions></trkpt><trkpt lat="33.59732961656904" lon="130.3636687113134"><ele>3.598840799277462</ele><time>2026-01-04T08:07:37.00000Z</time><extensions><mytracks:speed>4.0061165949352</mytracks:speed><mytracks:gradient>0.07498772420333719</mytracks:gradient><mytracks:length>0.005564050826298889</mytracks:length></extensions></trkpt><trkpt lat="33.59736786384212" lon="130.36371250326"><ele>3.766172852272845</ele><time>2026-01-04T08:07:42.00000Z</time><extensions><mytracks:speed>4.230187340684584</mytracks:speed><mytracks:gradient>0.02848079019998638</mytracks:gradient><mytracks:length>0.005875260195395256</mytracks:length></extensions></trkpt><trkpt lat="33.59740136289299" lon="130.3637554916874"><ele>3.698759812492376</ele><time>2026-01-04T08:07:47.00000Z</time><extensions><mytracks:speed>3.926009733854043</mytracks:speed><mytracks:length>0.005452791297019503</mytracks:length></extensions></trkpt><trkpt lat="33.59742813593449" lon="130.363812594059"><ele>3.30454663804365</ele><time>2026-01-04T08:07:52.00000Z</time><extensions><mytracks:speed>4.369809787840334</mytracks:speed><mytracks:length>0.006069180260889353</mytracks:length></extensions></trkpt><trkpt lat="33.59748081667809" lon="130.3638826365946"><ele>3.396126415238231</ele><time>2026-01-04T08:08:00.00000Z</time><extensions><mytracks:speed>3.933338501040715</mytracks:speed><mytracks:gradient>0.01047733362553397</mytracks:gradient><mytracks:length>0.008740752224534921</mytracks:length></extensions></trkpt><trkpt lat="33.59768290880664" lon="130.364135926897"><ele>5.045753090642393</ele><time>2026-01-04T08:08:29.00000Z</time><extensions><mytracks:speed>4.032716453937322</mytracks:speed><mytracks:gradient>0.05077997543418352</mytracks:gradient><mytracks:length>0.0324857714344951</mytracks:length></extensions></trkpt><trkpt lat="33.59771525660597" lon="130.3641812089367"><ele>5.208419852806892</ele><time>2026-01-04T08:08:34.00000Z</time><extensions><mytracks:speed>3.978027788595658</mytracks:speed><mytracks:gradient>0.02944174223573882</mytracks:gradient><mytracks:length>0.005525038595271746</mytracks:length></extensions></trkpt><trkpt lat="33.5977451457065" lon="130.3642214545191"><ele>5.235675248724964</ele><time>2026-01-04T08:08:38.00000Z</time><extensions><mytracks:speed>4.494431925669709</mytracks:speed><mytracks:gradient>0.005457832431761564</mytracks:gradient><mytracks:length>0.004993813250744121</mytracks:length></extensions></trkpt><trkpt lat="33.59778210408454" lon="130.3642617017943"><ele>5.171499809773361</ele><time>2026-01-04T08:08:43.00000Z</time><extensions><mytracks:speed>3.994436929861566</mytracks:speed><mytracks:length>0.005547829069252175</mytracks:length></extensions></trkpt><trkpt lat="33.59782030397959" lon="130.3643020356941"><ele>5.057322544219425</ele><time>2026-01-04T08:08:49.00000Z</time><extensions><mytracks:speed>3.393853915869848</mytracks:speed><mytracks:length>0.005656423193116413</mytracks:length></extensions></trkpt><trkpt lat="33.59785033355308" lon="130.3643463255292"><ele>5.690598882698461</ele><time>2026-01-04T08:08:54.00000Z</time><extensions><mytracks:speed>3.80821159088842</mytracks:speed><mytracks:gradient>0.1197304700179578</mytracks:gradient><mytracks:length>0.005289182765122805</mytracks:length></extensions></trkpt><trkpt lat="33.59788180181929" lon="130.3643924781477"><ele>5.640198401185076</ele><time>2026-01-04T08:08:59.00000Z</time><extensions><mytracks:speed>3.978027788595658</mytracks:speed><mytracks:length>0.005525038595271746</mytracks:length></extensions></trkpt><trkpt lat="33.59791880652777" lon="130.3644284881995"><ele>5.463102323734871</ele><time>2026-01-04T08:09:03.00000Z</time><extensions><mytracks:speed>4.767160650036629</mytracks:speed><mytracks:length>0.005296845166707365</mytracks:length></extensions></trkpt><trkpt lat="33.5979536965538" lon="130.3644709416445"><ele>5.234535593614337</ele><time>2026-01-04T08:09:09.00000Z</time><extensions><mytracks:speed>3.314044263547386</mytracks:speed><mytracks:length>0.00552340710591231</mytracks:length></extensions></trkpt><trkpt lat="33.59808194101574" lon="130.3646713738284"><ele>5.453165467828512</ele><time>2026-01-04T08:09:27.00000Z</time><extensions><mytracks:speed>4.681725339758251</mytracks:speed><mytracks:gradient>0.009339713816935062</mytracks:gradient><mytracks:length>0.02340862669879126</mytracks:length></extensions></trkpt><trkpt lat="33.59810909685677" lon="130.3647219638787"><ele>5.744165866005734</ele><time>2026-01-04T08:09:32.00000Z</time><extensions><mytracks:speed>4.013690151573469</mytracks:speed><mytracks:gradient>0.05220141036683215</mytracks:gradient><mytracks:length>0.005574569654963151</mytracks:length></extensions></trkpt><trkpt lat="33.59814563515178" lon="130.3647507286931"><ele>5.886832357222182</ele><time>2026-01-04T08:09:37.00000Z</time><extensions><mytracks:speed>3.498733472287197</mytracks:speed><mytracks:gradient>0.02935915938995276</mytracks:gradient><mytracks:length>0.004859352044843329</mytracks:length></extensions></trkpt><trkpt lat="33.59817626857878" lon="130.3647865619246"><ele>6.183080626430598</ele><time>2026-01-04T08:09:42.00000Z</time><extensions><mytracks:speed>3.424499246524903</mytracks:speed><mytracks:gradient>0.06228611498352944</mytracks:gradient><mytracks:length>0.004756248953506809</mytracks:length></extensions></trkpt><trkpt lat="33.59821044185573" lon="130.364822729201"><ele>5.946451894613814</ele><time>2026-01-04T08:09:47.00000Z</time><extensions><mytracks:speed>3.647152708121759</mytracks:speed><mytracks:length>0.005065489872391332</mytracks:length></extensions></trkpt><trkpt lat="33.59824444384486" lon="130.3648604570191"><ele>5.864576338730072</ele><time>2026-01-04T08:09:53.00000Z</time><extensions><mytracks:speed>3.088535755112473</mytracks:speed><mytracks:length>0.005147559591854122</mytracks:length></extensions></trkpt><trkpt lat="33.59827545605985" lon="130.3648932234912"><ele>5.924058145979529</ele><time>2026-01-04T08:09:57.00000Z</time><extensions><mytracks:speed>4.134004395966152</mytracks:speed><mytracks:gradient>0.01294958142200998</mytracks:gradient><mytracks:length>0.004593338217740169</mytracks:length></extensions></trkpt><trkpt lat="33.59830691825123" lon="130.3649254295242"><ele>6.063597769734836</ele><time>2026-01-04T08:10:02.00000Z</time><extensions><mytracks:speed>3.309321934957549</mytracks:speed><mytracks:gradient>0.03035924913878464</mytracks:gradient><mytracks:length>0.004596280465218818</mytracks:length></extensions></trkpt><trkpt lat="33.59833852330234" lon="130.3649572002929"><ele>5.86451447125856</ele><time>2026-01-04T08:10:07.00000Z</time><extensions><mytracks:speed>3.299424346653498</mytracks:speed><mytracks:length>0.004582533814796524</mytracks:length></extensions></trkpt><trkpt lat="33.59836871396534" lon="130.3649937914583"><ele>5.897331156023822</ele><time>2026-01-04T08:10:13.00000Z</time><extensions><mytracks:speed>2.862263809837223</mytracks:speed><mytracks:gradient>0.006879174027035909</mytracks:gradient><mytracks:length>0.004770439683062038</mytracks:length></extensions></trkpt><trkpt lat="33.5984010414482" lon="130.36502717027"><ele>5.764395804242595</ele><time>2026-01-04T08:10:19.00000Z</time><extensions><mytracks:speed>2.844639215186536</mytracks:speed><mytracks:length>0.004741065358644226</mytracks:length></extensions></trkpt><trkpt lat="33.59845717296394" lon="130.3650237122569"><ele>5.565781506615363</ele><time>2026-01-04T08:10:28.00000Z</time><extensions><mytracks:speed>2.499666406413246</mytracks:speed><mytracks:length>0.006249166016033115</mytracks:length></extensions></trkpt><trkpt lat="33.59871316640859" lon="130.3649282714936"><ele>5.046761563979089</ele><time>2026-01-04T08:11:11.00000Z</time><extensions><mytracks:speed>2.495403328927452</mytracks:speed><mytracks:length>0.02980620642885567</mytracks:length></extensions></trkpt><trkpt lat="33.59873400617774" lon="130.3648974256458"><ele>5.257803133568488</ele><time>2026-01-04T08:11:16.00000Z</time><extensions><mytracks:speed>2.648198653287989</mytracks:speed><mytracks:gradient>0.05737859956831667</mytracks:gradient><mytracks:length>0.003678053685122207</mytracks:length></extensions></trkpt><trkpt lat="33.59877020515816" lon="130.3648616631428"><ele>4.756266456426101</ele><time>2026-01-04T08:11:21.00000Z</time><extensions><mytracks:speed>3.753218708678682</mytracks:speed><mytracks:length>0.005212803762053726</mytracks:length></extensions></trkpt><trkpt lat="33.59882584138244" lon="130.3648228813464"><ele>5.397169566468034</ele><time>2026-01-04T08:11:26.00000Z</time><extensions><mytracks:speed>5.150147428470746</mytracks:speed><mytracks:gradient>0.08959942324742572</mytracks:gradient><mytracks:length>0.007152982539542703</mytracks:length></extensions></trkpt><trkpt lat="33.59886603037538" lon="130.3647789134131"><ele>5.663562634361495</ele><time>2026-01-04T08:11:31.00000Z</time><extensions><mytracks:speed>4.353205682513354</mytracks:speed><mytracks:gradient>0.04406017607983842</mytracks:gradient><mytracks:length>0.006046119003490769</mytracks:length></extensions></trkpt><trkpt lat="33.59888853168928" lon="130.3647637268356"><ele>5.752119205893323</ele><time>2026-01-04T08:11:35.00000Z</time><extensions><mytracks:speed>2.581699056405609</mytracks:speed><mytracks:gradient>0.03087149688531473</mytracks:gradient><mytracks:length>0.002868554507117344</mytracks:length></extensions></trkpt><trkpt lat="33.59892886960833" lon="130.3647614327668"><ele>5.702612625550968</ele><time>2026-01-04T08:11:41.00000Z</time><extensions><mytracks:speed>2.694089133894945</mytracks:speed><mytracks:length>0.004490148556491575</mytracks:length></extensions></trkpt><trkpt lat="33.59896948032977" lon="130.3647848880532"><ele>5.944246510824158</ele><time>2026-01-04T08:11:45.00000Z</time><extensions><mytracks:speed>4.510645657712145</mytracks:speed><mytracks:gradient>0.04821272013997543</mytracks:gradient><mytracks:length>0.005011828508569049</mytracks:length></extensions></trkpt><trkpt lat="33.59900678003392" lon="130.3648326114975"><ele>6.442481749251996</ele><time>2026-01-04T08:11:50.00000Z</time><extensions><mytracks:speed>4.364460526699553</mytracks:speed><mytracks:gradient>0.08219329043613058</mytracks:gradient><mytracks:length>0.006061750731527156</mytracks:length></extensions></trkpt><trkpt lat="33.59902898426087" lon="130.3648864671123"><ele>6.085134214320299</ele><time>2026-01-04T08:11:56.00000Z</time><extensions><mytracks:speed>3.339402240959506</mytracks:speed><mytracks:length>0.005565670401599177</mytracks:length></extensions></trkpt><trkpt lat="33.59905732485993" lon="130.3649294911531"><ele>5.694228423067849</ele><time>2026-01-04T08:12:01.00000Z</time><extensions><mytracks:speed>3.657386758987696</mytracks:speed><mytracks:length>0.005079703831927357</mytracks:length></extensions></trkpt><trkpt lat="33.59907990764923" lon="130.3649753719392"><ele>5.618110575470511</ele><time>2026-01-04T08:12:05.00000Z</time><extensions><mytracks:speed>4.441328529940638</mytracks:speed><mytracks:length>0.004934809477711821</mytracks:length></extensions></trkpt><trkpt lat="33.59910441608011" lon="130.3650240037148"><ele>5.656545186316066</ele><time>2026-01-04T08:12:10.00000Z</time><extensions><mytracks:speed>3.790380196219848</mytracks:speed><mytracks:gradient>0.007300829567545209</mytracks:gradient><mytracks:length>0.005264416939194233</mytracks:length></extensions></trkpt><trkpt lat="33.59913571601005" lon="130.3650797432989"><ele>5.63042004722279</ele><time>2026-01-04T08:12:16.00000Z</time><extensions><mytracks:speed>3.735628580858215</mytracks:speed><mytracks:length>0.006226047634763691</mytracks:length></extensions></trkpt><trkpt lat="33.5991740050686" lon="130.3651199085646"><ele>4.740904505797742</ele><time>2026-01-04T08:12:22.00000Z</time><extensions><mytracks:speed>3.392419589997855</mytracks:speed><mytracks:length>0.005654032649996425</mytracks:length></extensions></trkpt><trkpt lat="33.59922144056543" lon="130.3651289496321"><ele>4.599033415663354</ele><time>2026-01-04T08:12:31.00000Z</time><extensions><mytracks:speed>2.136023107398076</mytracks:speed><mytracks:length>0.005340057768495189</mytracks:length></extensions></trkpt><trkpt lat="33.59941887082081" lon="130.365149177713"><ele>5.046717963181436</ele><time>2026-01-04T08:13:07.00000Z</time><extensions><mytracks:speed>2.20331716855737</mytracks:speed><mytracks:gradient>0.02031866105828084</mytracks:gradient><mytracks:length>0.02203317168557369</mytracks:length></extensions></trkpt><trkpt lat="33.59944666787752" lon="130.3651200831793"><ele>4.889583222919621</ele><time>2026-01-04T08:13:12.00000Z</time><extensions><mytracks:speed>2.951886346848482</mytracks:speed><mytracks:length>0.00409984214840067</mytracks:length></extensions></trkpt><trkpt lat="33.5994524962885" lon="130.3651231473037"><ele>5.027668485621278</ele><time>2026-01-04T08:13:17.00000Z</time><extensions><mytracks:speed>0.5115101168161181</mytracks:speed><mytracks:gradient>0.1943683729347103</mytracks:gradient><mytracks:length>0.0007104307178001641</mytracks:length></extensions></trkpt><trkpt lat="33.59947105066543" lon="130.3650616876271"><ele>5.824483899399638</ele><time>2026-01-04T08:13:31.00000Z</time><extensions><mytracks:speed>1.556823107584043</mytracks:speed><mytracks:gradient>0.1316112223131134</mytracks:gradient><mytracks:length>0.006054312085049056</mytracks:length></extensions></trkpt><trkpt lat="33.5994927327214" lon="130.3650343498439"><ele>5.061879193424792</ele><time>2026-01-04T08:13:36.00000Z</time><extensions><mytracks:speed>2.517039662355335</mytracks:speed><mytracks:length>0.003495888419937966</mytracks:length></extensions></trkpt><trkpt lat="33.59951966761971" lon="130.3649993807545"><ele>4.508309125172633</ele><time>2026-01-04T08:13:42.00000Z</time><extensions><mytracks:speed>2.646703485868747</mytracks:speed><mytracks:length>0.004411172476447912</mytracks:length></extensions></trkpt><trkpt lat="33.59955264415105" lon="130.36495831631"><ele>4.734331260082038</ele><time>2026-01-04T08:13:46.00000Z</time><extensions><mytracks:speed>4.754893892747873</mytracks:speed><mytracks:gradient>0.04278116946599354</mytracks:gradient><mytracks:length>0.005283215436386525</mytracks:length></extensions></trkpt><trkpt lat="33.59958783345925" lon="130.3649310558424"><ele>4.625598401507944</ele><time>2026-01-04T08:13:51.00000Z</time><extensions><mytracks:speed>3.352802917630028</mytracks:speed><mytracks:length>0.004656670718930594</mytracks:length></extensions></trkpt><trkpt lat="33.59962263202038" lon="130.3649073001424"><ele>4.109421566335729</ele><time>2026-01-04T08:13:56.00000Z</time><extensions><mytracks:speed>3.204601696702108</mytracks:speed><mytracks:length>0.004450835689864038</mytracks:length></extensions></trkpt><trkpt lat="33.5996667948474" lon="130.3648739575634"><ele>4.22867677467259</ele><time>2026-01-04T08:14:02.00000Z</time><extensions><mytracks:speed>3.480696247254297</mytracks:speed><mytracks:gradient>0.02055712993012838</mytracks:gradient><mytracks:length>0.005801160412090496</mytracks:length></extensions></trkpt><trkpt lat="33.59988392961663" lon="130.3647074947626"><ele>4.400627893395722</ele><time>2026-01-04T08:14:29.00000Z</time><extensions><mytracks:speed>3.819562177269635</mytracks:speed><mytracks:gradient>0.006002472211655377</mytracks:gradient><mytracks:length>0.02864671632952227</mytracks:length></extensions></trkpt><trkpt lat="33.59992975550374" lon="130.3646817032101"><ele>4.795318554842266</ele><time>2026-01-04T08:14:34.00000Z</time><extensions><mytracks:speed>4.051345571035766</mytracks:speed><mytracks:gradient>0.07014392410096464</mytracks:gradient><mytracks:length>0.005626868848660786</mytracks:length></extensions></trkpt><trkpt lat="33.59997184571802" lon="130.3646474962727"><ele>4.622831947353234</ele><time>2026-01-04T08:14:40.00000Z</time><extensions><mytracks:speed>3.390984657431721</mytracks:speed><mytracks:length>0.005651641095719535</mytracks:length></extensions></trkpt><trkpt lat="33.60001183600802" lon="130.3646153973292"><ele>4.398602801238003</ele><time>2026-01-04T08:14:44.00000Z</time><extensions><mytracks:speed>4.81439913173268</mytracks:speed><mytracks:length>0.005349332368591866</mytracks:length></extensions></trkpt><trkpt lat="33.60004202308449" lon="130.3645796820739"><ele>3.603088659773501</ele><time>2026-01-04T08:14:49.00000Z</time><extensions><mytracks:speed>3.392974267899923</mytracks:speed><mytracks:length>0.004712464260972115</mytracks:length></extensions></trkpt><trkpt lat="33.60007334948499" lon="130.3645458049827"><ele>3.36798982587346</ele><time>2026-01-04T08:14:54.00000Z</time><extensions><mytracks:speed>3.375717649724927</mytracks:speed><mytracks:length>0.004688496735729065</mytracks:length></extensions></trkpt><trkpt lat="33.60011507855547" lon="130.3645074478005"><ele>3.408792737247254</ele><time>2026-01-04T08:14:59.00000Z</time><extensions><mytracks:speed>4.207484423840785</mytracks:speed><mytracks:gradient>0.00698234223344171</mytracks:gradient><mytracks:length>0.005843728366445535</mytracks:length></extensions></trkpt><trkpt lat="33.60014673221166" lon="130.3644697937929"><ele>3.327559303626681</ele><time>2026-01-04T08:15:04.00000Z</time><extensions><mytracks:speed>3.56749822636032</mytracks:speed><mytracks:length>0.004954858647722667</mytracks:length></extensions></trkpt><trkpt lat="33.60017953086833" lon="130.3644428770324"><ele>3.119956993281825</ele><time>2026-01-04T08:15:09.00000Z</time><extensions><mytracks:speed>3.180454336774869</mytracks:speed><mytracks:length>0.004417297689965096</mytracks:length></extensions></trkpt><trkpt lat="33.60021058598405" lon="130.3644153642438"><ele>2.927515250541946</ele><time>2026-01-04T08:15:14.00000Z</time><extensions><mytracks:speed>3.089544091983945</mytracks:speed><mytracks:length>0.004291033461088813</mytracks:length></extensions></trkpt><trkpt lat="33.60024503742988" lon="130.3643911174943"><ele>2.954139994903508</ele><time>2026-01-04T08:15:19.00000Z</time><extensions><mytracks:speed>3.196572844851296</mytracks:speed><mytracks:gradient>0.0059969901737736</mytracks:gradient><mytracks:length>0.004439684506737911</mytracks:length></extensions></trkpt><trkpt lat="33.6002819152696" lon="130.3643750774037"><ele>2.768740500230943</ele><time>2026-01-04T08:15:25.00000Z</time><extensions><mytracks:speed>2.616496727228918</mytracks:speed><mytracks:length>0.004360827878714863</mytracks:length></extensions></trkpt><trkpt lat="33.60032097419872" lon="130.3643685556563"><ele>2.698621235120023</ele><time>2026-01-04T08:15:30.00000Z</time><extensions><mytracks:speed>3.156862323794432</mytracks:speed><mytracks:length>0.004384531005270044</mytracks:length></extensions></trkpt><trkpt lat="33.60034979111135" lon="130.3643718950127"><ele>2.730351888195154</ele><time>2026-01-04T08:15:35.00000Z</time><extensions><mytracks:speed>2.316969028965681</mytracks:speed><mytracks:gradient>0.00986032611074361</mytracks:gradient><mytracks:length>0.003218012540230112</mytracks:length></extensions></trkpt><trkpt lat="33.60036552222063" lon="130.3643708946252"><ele>3.328557234610678</ele><time>2026-01-04T08:15:40.00000Z</time><extensions><mytracks:speed>1.260374688236042</mytracks:speed><mytracks:gradient>0.3417300057191523</mytracks:gradient><mytracks:length>0.001750520400327836</mytracks:length></extensions></trkpt><trkpt lat="33.60039449199376" lon="130.3643875334706"><ele>3.664170862539604</ele><time>2026-01-04T08:15:45.00000Z</time><extensions><mytracks:speed>2.57121524367586</mytracks:speed><mytracks:gradient>0.09397961244324698</mytracks:gradient><mytracks:length>0.003571132282883139</mytracks:length></extensions></trkpt><trkpt lat="33.60042084805617" lon="130.3644212552845"><ele>3.75654490811985</ele><time>2026-01-04T08:15:51.00000Z</time><extensions><mytracks:speed>2.569574270575281</mytracks:speed><mytracks:gradient>0.0215694981004535</mytracks:gradient><mytracks:length>0.004282623784292135</mytracks:length></extensions></trkpt><trkpt lat="33.60045110762651" lon="130.3644883257855"><ele>3.937359742683682</ele><time>2026-01-04T08:16:01.00000Z</time><extensions><mytracks:speed>2.54312367158828</mytracks:speed><mytracks:gradient>0.0255958218509784</mytracks:gradient><mytracks:length>0.007064232421078554</mytracks:length></extensions></trkpt><trkpt lat="33.60061298655351" lon="130.3648511888535"><ele>4.689808205701411</ele><time>2026-01-04T08:16:53.00000Z</time><extensions><mytracks:speed>2.63934151449725</mytracks:speed><mytracks:gradient>0.01973696303229259</mytracks:gradient><mytracks:length>0.03812382187607139</mytracks:length></extensions></trkpt><trkpt lat="33.60063021388935" lon="130.3648933378788"><ele>5.3960910646786</ele><time>2026-01-04T08:16:58.00000Z</time><extensions><mytracks:speed>3.131601075475317</mytracks:speed><mytracks:gradient>0.162384558635519</mytracks:gradient><mytracks:length>0.004349445938160162</mytracks:length></extensions></trkpt><trkpt lat="33.60065779028707" lon="130.364938219585"><ele>6.095873821776354</ele><time>2026-01-04T08:17:03.00000Z</time><extensions><mytracks:speed>3.720083956499693</mytracks:speed><mytracks:gradient>0.1354387672434308</mytracks:gradient><mytracks:length>0.00516678327291624</mytracks:length></extensions></trkpt><trkpt lat="33.60068359392093" lon="130.3649615790055"><ele>6.159244236116262</ele><time>2026-01-04T08:17:08.00000Z</time><extensions><mytracks:speed>2.588420256760047</mytracks:speed><mytracks:gradient>0.01762723738758143</mytracks:gradient><mytracks:length>0.003595028134388955</mytracks:length></extensions></trkpt><trkpt lat="33.60068515699793" lon="130.3649610862638"><ele>5.540918160497421</ele><time>2026-01-04T08:17:13.00000Z</time><extensions><mytracks:speed>0.1183915868463419</mytracks:speed><mytracks:length>0.0001644327595088082</mytracks:length></extensions></trkpt><trkpt lat="33.60070108534281" lon="130.3650054180424"><ele>5.938747033996069</ele><time>2026-01-04T08:17:17.00000Z</time><extensions><mytracks:speed>4.023935383287605</mytracks:speed><mytracks:gradient>0.08897905956339074</mytracks:gradient><mytracks:length>0.004471039314764005</mytracks:length></extensions></trkpt><trkpt lat="33.60070698512993" lon="130.3650614989203"><ele>6.223197621831451</ele><time>2026-01-04T08:17:22.00000Z</time><extensions><mytracks:speed>3.76936700208682</mytracks:speed><mytracks:gradient>0.05433390357799859</mytracks:gradient><mytracks:length>0.005235231947342806</mytracks:length></extensions></trkpt><trkpt lat="33.60071946526349" lon="130.3651156752386"><ele>6.073104693080537</ele><time>2026-01-04T08:17:27.00000Z</time><extensions><mytracks:speed>3.747612702997428</mytracks:speed><mytracks:length>0.005205017643051983</mytracks:length></extensions></trkpt><trkpt lat="33.60074597491416" lon="130.3651761176573"><ele>6.286053247443819</ele><time>2026-01-04T08:17:32.00000Z</time><extensions><mytracks:speed>4.554615285320395</mytracks:speed><mytracks:gradient>0.03366320743614194</mytracks:gradient><mytracks:length>0.006325854562944993</mytracks:length></extensions></trkpt><trkpt lat="33.60078058025248" lon="130.3652348362563"><ele>6.611475062882056</ele><time>2026-01-04T08:17:38.00000Z</time><extensions><mytracks:speed>3.99703536040467</mytracks:speed><mytracks:gradient>0.04884947758960392</mytracks:gradient><mytracks:length>0.006661725600674451</mytracks:length></extensions></trkpt><trkpt lat="33.60080539268976" lon="130.3652837326731"><ele>6.050842604627258</ele><time>2026-01-04T08:17:43.00000Z</time><extensions><mytracks:speed>3.818013953541233</mytracks:speed><mytracks:length>0.005302797157696157</mytracks:length></extensions></trkpt><trkpt lat="33.60084316123055" lon="130.3653280214899"><ele>6.557281486898341</ele><time>2026-01-04T08:17:47.00000Z</time><extensions><mytracks:speed>5.282899832883193</mytracks:speed><mytracks:gradient>0.08627742498672746</mytracks:gradient><mytracks:length>0.005869888703203549</mytracks:length></extensions></trkpt><trkpt lat="33.60087472251474" lon="130.3653789988461"><ele>6.835574617377715</ele><time>2026-01-04T08:17:53.00000Z</time><extensions><mytracks:speed>3.529755148699998</mytracks:speed><mytracks:gradient>0.04730522975485171</mytracks:gradient><mytracks:length>0.00588292524783333</mytracks:length></extensions></trkpt><trkpt lat="33.60089588674387" lon="130.36543457033"><ele>7.117885418633954</ele><time>2026-01-04T08:17:57.00000Z</time><extensions><mytracks:speed>5.093648111922155</mytracks:speed><mytracks:gradient>0.04988167921060702</mytracks:gradient><mytracks:length>0.005659609013246839</mytracks:length></extensions></trkpt><trkpt lat="33.60096772918137" lon="130.3656117656574"><ele>8.112155335023999</ele><time>2026-01-04T08:18:15.00000Z</time><extensions><mytracks:speed>3.650456639969877</mytracks:speed><mytracks:gradient>0.05447372832776615</mytracks:gradient><mytracks:length>0.01825228319984939</mytracks:length></extensions></trkpt><trkpt lat="33.60097756467586" lon="130.3656630451793"><ele>7.529702167647833</ele><time>2026-01-04T08:18:20.00000Z</time><extensions><mytracks:speed>3.510065972006813</mytracks:speed><mytracks:length>0.00487509162778724</mytracks:length></extensions></trkpt><trkpt lat="33.60099543872935" lon="130.3657146112922"><ele>7.770632201482965</ele><time>2026-01-04T08:18:25.00000Z</time><extensions><mytracks:speed>3.724477140265069</mytracks:speed><mytracks:gradient>0.04657556425462423</mytracks:gradient><mytracks:length>0.005172884917034818</mytracks:length></extensions></trkpt><trkpt lat="33.60101460433879" lon="130.3657583672704"><ele>7.764485615872657</ele><time>2026-01-04T08:18:31.00000Z</time><extensions><mytracks:speed>2.747159171835414</mytracks:speed><mytracks:length>0.004578598619725691</mytracks:length></extensions></trkpt><trkpt lat="33.60103867603669" lon="130.3658079217138"><ele>7.46874236138597</ele><time>2026-01-04T08:18:36.00000Z</time><extensions><mytracks:speed>3.824738504983168</mytracks:speed><mytracks:length>0.005312136812476623</mytracks:length></extensions></trkpt><trkpt lat="33.60105388259569" lon="130.3658518188582"><ele>7.497468845832989</ele><time>2026-01-04T08:18:41.00000Z</time><extensions><mytracks:speed>3.17015443447299</mytracks:speed><mytracks:gradient>0.006524309534242675</mytracks:gradient><mytracks:length>0.004402992270101374</mytracks:length></extensions></trkpt><trkpt lat="33.60107574082239" lon="130.3658979715982"><ele>6.799999517109104</ele><time>2026-01-04T08:18:46.00000Z</time><extensions><mytracks:speed>3.540548521720715</mytracks:speed><mytracks:length>0.004917428502389883</mytracks:length></extensions></trkpt><trkpt lat="33.60109377101557" lon="130.3659449986299"><ele>5.764206901390839</ele><time>2026-01-04T08:18:51.00000Z</time><extensions><mytracks:speed>3.451678238277177</mytracks:speed><mytracks:length>0.004793997553162747</mytracks:length></extensions></trkpt><trkpt lat="33.60111584121938" lon="130.3659923831093"><ele>6.332278056260418</ele><time>2026-01-04T08:18:57.00000Z</time><extensions><mytracks:speed>3.016792231117894</mytracks:speed><mytracks:gradient>0.1129818253328787</mytracks:gradient><mytracks:length>0.005027987051863157</mytracks:length></extensions></trkpt><trkpt lat="33.60113226266435" lon="130.3660396901986"><ele>6.901208025527025</ele><time>2026-01-04T08:19:01.00000Z</time><extensions><mytracks:speed>4.272088408470253</mytracks:speed><mytracks:gradient>0.1198563614284603</mytracks:gradient><mytracks:length>0.004746764898300281</mytracks:length></extensions></trkpt><trkpt lat="33.60114924320024" lon="130.3660866221132"><ele>7.14142850467208</ele><time>2026-01-04T08:19:07.00000Z</time><extensions><mytracks:speed>2.843498393317841</mytracks:speed><mytracks:gradient>0.05068836607249021</mytracks:gradient><mytracks:length>0.004739163988863069</mytracks:length></extensions></trkpt><trkpt lat="33.60117140428515" lon="130.3661367078514"><ele>7.29188226487492</ele><time>2026-01-04T08:19:12.00000Z</time><extensions><mytracks:speed>3.782359524327765</mytracks:speed><mytracks:gradient>0.02863998164354764</mytracks:gradient><mytracks:length>0.005253277117121896</mytracks:length></extensions></trkpt><trkpt lat="33.60119042523929" lon="130.3661815029455"><ele>7.007750747186032</ele><time>2026-01-04T08:19:17.00000Z</time><extensions><mytracks:speed>3.352802917630028</mytracks:speed><mytracks:length>0.004656670718930594</mytracks:length></extensions></trkpt><trkpt lat="33.60116349255263" lon="130.3662460418822"><ele>6.670877119168931</ele><time>2026-01-04T08:19:27.00000Z</time><extensions><mytracks:speed>2.406729452644279</mytracks:speed><mytracks:length>0.006685359590678554</mytracks:length></extensions></trkpt><trkpt lat="33.60097968829693" lon="130.3664842200511"><ele>5.539482789114118</ele><time>2026-01-04T08:20:09.00000Z</time><extensions><mytracks:speed>2.577588872740531</mytracks:speed><mytracks:length>0.03007187018197286</mytracks:length></extensions></trkpt><trkpt lat="33.60094073402034" lon="130.3665169476524"><ele>5.820723838128908</ele><time>2026-01-04T08:20:15.00000Z</time><extensions><mytracks:speed>3.172487100755185</mytracks:speed><mytracks:gradient>0.0531900127722208</mytracks:gradient><mytracks:length>0.005287478501258642</mytracks:length></extensions></trkpt><trkpt lat="33.60091058460841" lon="130.3665423862483"><ele>5.793157801334635</ele><time>2026-01-04T08:20:20.00000Z</time><extensions><mytracks:speed>2.950303141399735</mytracks:speed><mytracks:length>0.004097643251944076</mytracks:length></extensions></trkpt><trkpt lat="33.60087759172266" lon="130.3665764547301"><ele>5.766602596000745</ele><time>2026-01-04T08:20:25.00000Z</time><extensions><mytracks:speed>3.48401316673347</mytracks:speed><mytracks:length>0.004838907176018708</mytracks:length></extensions></trkpt><trkpt lat="33.60084277800317" lon="130.3666057272579"><ele>5.381469015550974</ele><time>2026-01-04T08:20:30.00000Z</time><extensions><mytracks:speed>3.402599746154745</mytracks:speed><mytracks:length>0.004725832980770479</mytracks:length></extensions></trkpt><trkpt lat="33.60081316861491" lon="130.3666363213211"><ele>5.325278214196038</ele><time>2026-01-04T08:20:35.00000Z</time><extensions><mytracks:speed>3.127122025160861</mytracks:speed><mytracks:length>0.004343225034945641</mytracks:length></extensions></trkpt><trkpt lat="33.60076972869057" lon="130.3666680580442"><ele>5.577239694504813</ele><time>2026-01-04T08:20:40.00000Z</time><extensions><mytracks:speed>4.070903507997427</mytracks:speed><mytracks:gradient>0.0445631456176566</mytracks:gradient><mytracks:length>0.005654032649996425</mytracks:length></extensions></trkpt><trkpt lat="33.60073424703956" lon="130.3667059439396"><ele>5.868054080271129</ele><time>2026-01-04T08:20:46.00000Z</time><extensions><mytracks:speed>3.167881503697129</mytracks:speed><mytracks:gradient>0.05508054239281037</mytracks:gradient><mytracks:length>0.005279802506161881</mytracks:length></extensions></trkpt><trkpt lat="33.6006866209301" lon="130.366735042518"><ele>5.549103529183358</ele><time>2026-01-04T08:20:52.00000Z</time><extensions><mytracks:speed>3.56496896945082</mytracks:speed><mytracks:length>0.005941614949084699</mytracks:length></extensions></trkpt><trkpt lat="33.60065046726249" lon="130.3667630961471"><ele>5.648790882175494</ele><time>2026-01-04T08:20:57.00000Z</time><extensions><mytracks:speed>3.444903593398455</mytracks:speed><mytracks:gradient>0.02083509515095902</mytracks:gradient><mytracks:length>0.004784588324164521</mytracks:length></extensions></trkpt><trkpt lat="33.60061673778164" lon="130.3667907126644"><ele>5.635759131229614</ele><time>2026-01-04T08:21:02.00000Z</time><extensions><mytracks:speed>3.268837236741414</mytracks:speed><mytracks:length>0.004540051717696409</mytracks:length></extensions></trkpt><trkpt lat="33.60057921786712" lon="130.3668279653997"><ele>5.732619840480542</ele><time>2026-01-04T08:21:07.00000Z</time><extensions><mytracks:speed>3.897942987553745</mytracks:speed><mytracks:gradient>0.0178914137234303</mytracks:gradient><mytracks:length>0.005413809704935756</mytracks:length></extensions></trkpt><trkpt lat="33.60055546719136" lon="130.3668371779933"><ele>5.852678279272491</ele><time>2026-01-04T08:21:12.00000Z</time><extensions><mytracks:speed>1.998680022729655</mytracks:speed><mytracks:gradient>0.04324958219782808</mytracks:gradient><mytracks:length>0.00277594447601341</mytracks:length></extensions></trkpt><trkpt lat="33.60055004039753" lon="130.3668151379214"><ele>6.340142047381805</ele><time>2026-01-04T08:21:27.00000Z</time><extensions><mytracks:speed>0.5104942069417566</mytracks:speed><mytracks:gradient>0.2291726385047565</mytracks:gradient><mytracks:length>0.002127059195590653</mytracks:length></extensions></trkpt><trkpt lat="33.60043194968335" lon="130.3667616242037"><ele>7.676117406226695</ele><time>2026-01-04T08:22:17.00000Z</time><extensions><mytracks:speed>1.010521493460396</mytracks:speed><mytracks:gradient>0.09518869856735201</mytracks:gradient><mytracks:length>0.0140350207425055</mytracks:length></extensions></trkpt><trkpt lat="33.60039494988222" lon="130.3667933691812"><ele>7.182656692113285</ele><time>2026-01-04T08:22:22.00000Z</time><extensions><mytracks:speed>3.640741817758192</mytracks:speed><mytracks:length>0.005056585857997489</mytracks:length></extensions></trkpt><trkpt lat="33.6003630629302" lon="130.3668262398051"><ele>8.199025748873103</ele><time>2026-01-04T08:22:27.00000Z</time><extensions><mytracks:speed>3.36532120480117</mytracks:speed><mytracks:gradient>0.2174489970892108</mytracks:gradient><mytracks:length>0.004674057228890515</mytracks:length></extensions></trkpt><trkpt lat="33.60032898274385" lon="130.3668512914771"><ele>7.886251494112728</ele><time>2026-01-04T08:22:33.00000Z</time><extensions><mytracks:speed>2.666245632068539</mytracks:speed><mytracks:length>0.004443742720114232</mytracks:length></extensions></trkpt><trkpt lat="33.60029022397083" lon="130.3668778119068"><ele>6.98988419452986</ele><time>2026-01-04T08:22:37.00000Z</time><extensions><mytracks:speed>4.465098844096757</mytracks:speed><mytracks:length>0.004961220937885286</mytracks:length></extensions></trkpt><trkpt lat="33.60023549787557" lon="130.3668841776754"><ele>6.795100623248262</ele><time>2026-01-04T08:22:42.00000Z</time><extensions><mytracks:speed>4.401768842025343</mytracks:speed><mytracks:length>0.00611356783614631</mytracks:length></extensions></trkpt><trkpt lat="33.60017570326312" lon="130.3669360950333"><ele>6.723253375944505</ele><time>2026-01-04T08:22:48.00000Z</time><extensions><mytracks:speed>4.923106933947087</mytracks:speed><mytracks:length>0.008205178223245147</mytracks:length></extensions></trkpt><trkpt lat="33.60013079791678" lon="130.3669703476723"><ele>6.802654041468394</ele><time>2026-01-04T08:22:53.00000Z</time><extensions><mytracks:speed>4.258258633584868</mytracks:speed><mytracks:gradient>0.01342531867987378</mytracks:gradient><mytracks:length>0.005914248102201205</mytracks:length></extensions></trkpt><trkpt lat="33.60008914017082" lon="130.3669912933094"><ele>7.289531947417586</ele><time>2026-01-04T08:22:58.00000Z</time><extensions><mytracks:speed>3.614984566001162</mytracks:speed><mytracks:gradient>0.09697194715030091</mytracks:gradient><mytracks:length>0.005020811897223836</mytracks:length></extensions></trkpt><trkpt lat="33.60004128360896" lon="130.3670075860258"><ele>7.557408293508086</ele><time>2026-01-04T08:23:04.00000Z</time><extensions><mytracks:speed>3.318935844458425</mytracks:speed><mytracks:gradient>0.04842691006596621</mytracks:gradient><mytracks:length>0.005531559740764041</mytracks:length></extensions></trkpt><trkpt lat="33.6000243904422" lon="130.3670456746391"><ele>7.489456057672986</ele><time>2026-01-04T08:23:09.00000Z</time><extensions><mytracks:speed>2.876533888643751</mytracks:speed><mytracks:length>0.003995185956449654</mytracks:length></extensions></trkpt><trkpt lat="33.60001768287371" lon="130.367087142494"><ele>7.425402921292941</ele><time>2026-01-04T08:23:14.00000Z</time><extensions><mytracks:speed>2.815795661246516</mytracks:speed><mytracks:length>0.003910827307286828</mytracks:length></extensions></trkpt><trkpt lat="33.60002153212086" lon="130.367133156228"><ele>7.038213441363238</ele><time>2026-01-04T08:23:19.00000Z</time><extensions><mytracks:speed>3.083489124690337</mytracks:speed><mytracks:length>0.004282623784292135</mytracks:length></extensions></trkpt><trkpt lat="33.6000359085586" lon="130.3671773311331"><ele>6.813951990483926</ele><time>2026-01-04T08:23:24.00000Z</time><extensions><mytracks:speed>3.162038117471615</mytracks:speed><mytracks:length>0.004391719607599466</mytracks:length></extensions></trkpt><trkpt lat="33.60005111972844" lon="130.3672234303769"><ele>6.55927369351007</ele><time>2026-01-04T08:23:29.00000Z</time><extensions><mytracks:speed>3.306497075770144</mytracks:speed><mytracks:length>0.004592357049680755</mytracks:length></extensions></trkpt><trkpt lat="33.60006932757373" lon="130.3672659799635"><ele>6.924302300646933</ele><time>2026-01-04T08:23:34.00000Z</time><extensions><mytracks:speed>3.189988753731386</mytracks:speed><mytracks:gradient>0.08238919238543257</mytracks:gradient><mytracks:length>0.004430539935738036</mytracks:length></extensions></trkpt><trkpt lat="33.60009333718757" lon="130.3674068355983"><ele>7.253772499670241</ele><time>2026-01-04T08:23:46.00000Z</time><extensions><mytracks:speed>3.994700910077483</mytracks:speed><mytracks:gradient>0.02474304383030147</mytracks:gradient><mytracks:length>0.01331566970025828</mytracks:length></extensions></trkpt><trkpt lat="33.60010734551054" lon="130.3674883118273"><ele>7.351940471568398</ele><time>2026-01-04T08:23:53.00000Z</time><extensions><mytracks:speed>3.962561451179327</mytracks:speed><mytracks:gradient>0.01274084608393842</mytracks:gradient><mytracks:length>0.007704980599515358</mytracks:length></extensions></trkpt><trkpt lat="33.60011810601546" lon="130.3675571728805"><ele>7.4074071468188</ele><time>2026-01-04T08:23:59.00000Z</time><extensions><mytracks:speed>3.893412198645139</mytracks:speed><mytracks:gradient>0.008547773380332658</mytracks:gradient><mytracks:length>0.006489020331075232</mytracks:length></extensions></trkpt><trkpt lat="33.60012662874034" lon="130.3676180629815"><ele>7.480779842402052</ele><time>2026-01-04T08:24:04.00000Z</time><extensions><mytracks:speed>4.117690480387802</mytracks:speed><mytracks:gradient>0.01282960462219257</mytracks:gradient><mytracks:length>0.00571901455609417</mytracks:length></extensions></trkpt><trkpt lat="33.60019819787248" lon="130.3681198098385"><ele>8.049950026907027</ele><time>2026-01-04T08:24:46.00000Z</time><extensions><mytracks:speed>4.041123459926104</mytracks:speed><mytracks:gradient>0.01207238934877882</mytracks:gradient><mytracks:length>0.04714644036580455</mytracks:length></extensions></trkpt><trkpt lat="33.60020474782079" lon="130.3681963313032"><ele>7.997315800344224</ele><time>2026-01-04T08:24:52.00000Z</time><extensions><mytracks:speed>4.274745770335668</mytracks:speed><mytracks:length>0.007124576283892781</mytracks:length></extensions></trkpt><trkpt lat="33.60019988061623" lon="130.3682704595224"><ele>7.408295586332764</ele><time>2026-01-04T08:24:57.00000Z</time><extensions><mytracks:speed>4.958803502218671</mytracks:speed><mytracks:length>0.00688722708641482</mytracks:length></extensions></trkpt><trkpt lat="33.60018941517153" lon="130.3683476061844"><ele>7.404082379829575</ele><time>2026-01-04T08:25:03.00000Z</time><extensions><mytracks:speed>4.34326653713675</mytracks:speed><mytracks:length>0.007238777561894584</mytracks:length></extensions></trkpt><trkpt lat="33.60018803374201" lon="130.3684273772799"><ele>7.33281017989079</ele><time>2026-01-04T08:25:08.00000Z</time><extensions><mytracks:speed>5.320161900746591</mytracks:speed><mytracks:length>0.007389113751036932</mytracks:length></extensions></trkpt><trkpt lat="33.6001849834525" lon="130.3685026317252"><ele>7.743490846778529</ele><time>2026-01-04T08:25:12.00000Z</time><extensions><mytracks:speed>6.279243372770924</mytracks:speed><mytracks:gradient>0.05886260147229511</mytracks:gradient><mytracks:length>0.006976937080856582</mytracks:length></extensions></trkpt><trkpt lat="33.60017733224736" lon="130.3685776332194"><ele>7.62646948440274</ele><time>2026-01-04T08:25:17.00000Z</time><extensions><mytracks:speed>5.038717747628658</mytracks:speed><mytracks:length>0.006998219093928691</mytracks:length></extensions></trkpt><trkpt lat="33.60014817234359" lon="130.3686426446751"><ele>6.419747897034341</ele><time>2026-01-04T08:25:22.00000Z</time><extensions><mytracks:speed>4.923818656997318</mytracks:speed><mytracks:length>0.006838637023607386</mytracks:length></extensions></trkpt><trkpt lat="33.60013505390861" lon="130.3687095497992"><ele>5.625263714379134</ele><time>2026-01-04T08:25:28.00000Z</time><extensions><mytracks:speed>3.819798131860553</mytracks:speed><mytracks:length>0.006366330219767589</mytracks:length></extensions></trkpt><trkpt lat="33.60012569288619" lon="130.3687829292742"><ele>6.319427580150445</ele><time>2026-01-04T08:25:32.00000Z</time><extensions><mytracks:speed>6.187305625396634</mytracks:speed><mytracks:gradient>0.1009724615234488</mytracks:gradient><mytracks:length>0.006874784028218482</mytracks:length></extensions></trkpt><trkpt lat="33.60010800832058" lon="130.368847982014"><ele>6.262426276108235</ele><time>2026-01-04T08:25:37.00000Z</time><extensions><mytracks:speed>4.562814419383375</mytracks:speed><mytracks:length>0.006337242249143575</mytracks:length></extensions></trkpt><trkpt lat="33.60008897113099" lon="130.3689258520714"><ele>6.077797205035345</ele><time>2026-01-04T08:25:42.00000Z</time><extensions><mytracks:speed>5.412019455614892</mytracks:speed><mytracks:length>0.007516693688354018</mytracks:length></extensions></trkpt><trkpt lat="33.60007253866461" lon="130.3690057130573"><ele>6.565614237000736</ele><time>2026-01-04T08:25:47.00000Z</time><extensions><mytracks:speed>5.486186592995479</mytracks:speed><mytracks:gradient>0.06402047343112868</mytracks:gradient><mytracks:length>0.00761970360138261</mytracks:length></extensions></trkpt><trkpt lat="33.60004978154074" lon="130.36907110658"><ele>6.645933132721376</ele><time>2026-01-04T08:25:53.00000Z</time><extensions><mytracks:speed>3.938567927603468</mytracks:speed><mytracks:gradient>0.01223575124720723</mytracks:gradient><mytracks:length>0.006564279879339113</mytracks:length></extensions></trkpt><trkpt lat="33.60003178843234" lon="130.3691434739125"><ele>6.33204611481804</ele><time>2026-01-04T08:25:58.00000Z</time><extensions><mytracks:speed>5.035935206552605</mytracks:speed><mytracks:length>0.006994354453545283</mytracks:length></extensions></trkpt><trkpt lat="33.60001146539476" lon="130.3692137404681"><ele>5.916589592520739</ele><time>2026-01-04T08:26:03.00000Z</time><extensions><mytracks:speed>4.960216602271734</mytracks:speed><mytracks:length>0.006889189725377408</mytracks:length></extensions></trkpt><trkpt lat="33.59999207209008" lon="130.3692860988726"><ele>5.425747028161173</ele><time>2026-01-04T08:26:08.00000Z</time><extensions><mytracks:speed>5.068764035086</mytracks:speed><mytracks:length>0.007039950048730555</mytracks:length></extensions></trkpt><trkpt lat="33.59996934510893" lon="130.3693657215928"><ele>5.270280233801767</ele><time>2026-01-04T08:26:12.00000Z</time><extensions><mytracks:speed>7.016116748472077</mytracks:speed><mytracks:length>0.007795685276080085</mytracks:length></extensions></trkpt><trkpt lat="33.59994225255456" lon="130.3694461668341"><ele>5.700554659259711</ele><time>2026-01-04T08:26:17.00000Z</time><extensions><mytracks:speed>5.786268950793564</mytracks:speed><mytracks:gradient>0.05354012904761925</mytracks:gradient><mytracks:length>0.008036484653879948</mytracks:length></extensions></trkpt><trkpt lat="33.59992305034911" lon="130.3695122245123"><ele>4.860345075268229</ele><time>2026-01-04T08:26:22.00000Z</time><extensions><mytracks:speed>4.665089244593647</mytracks:speed><mytracks:length>0.006479290617491177</mytracks:length></extensions></trkpt><trkpt lat="33.5998918206714" lon="130.3695909717072"><ele>5.275022531297457</ele><time>2026-01-04T08:26:28.00000Z</time><extensions><mytracks:speed>4.84672357669039</mytracks:speed><mytracks:gradient>0.05133498324809273</mytracks:gradient><mytracks:length>0.008077872627817317</mytracks:length></extensions></trkpt><trkpt lat="33.59987176337355" lon="130.3696616205951"><ele>5.115000128606719</ele><time>2026-01-04T08:26:33.00000Z</time><extensions><mytracks:speed>4.977611851557208</mytracks:speed><mytracks:length>0.006913349793829456</mytracks:length></extensions></trkpt><trkpt lat="33.59985633197216" lon="130.3697384004241"><ele>5.609911168977322</ele><time>2026-01-04T08:26:38.00000Z</time><extensions><mytracks:speed>5.266762548989369</mytracks:speed><mytracks:gradient>0.06765749276758469</mytracks:gradient><mytracks:length>0.007314947984707457</mytracks:length></extensions></trkpt><trkpt lat="33.59983523331648" lon="130.3698131206449"><ele>5.456052647720524</ele><time>2026-01-04T08:26:43.00000Z</time><extensions><mytracks:speed>5.261437206324239</mytracks:speed><mytracks:length>0.007307551675450331</mytracks:length></extensions></trkpt><trkpt lat="33.59981543417106" lon="130.3698863406793"><ele>5.534866581505082</ele><time>2026-01-04T08:26:48.00000Z</time><extensions><mytracks:speed>5.133791943675927</mytracks:speed><mytracks:gradient>0.01105343437121263</mytracks:gradient><mytracks:length>0.007130266588438789</mytracks:length></extensions></trkpt><trkpt lat="33.59979687345088" lon="130.3699562813852"><ele>5.323113928610057</ele><time>2026-01-04T08:26:53.00000Z</time><extensions><mytracks:speed>4.894791785254635</mytracks:speed><mytracks:length>0.006798321923964771</mytracks:length></extensions></trkpt><trkpt lat="33.59977370493228" lon="130.370031788878"><ele>5.458324626036578</ele><time>2026-01-04T08:26:58.00000Z</time><extensions><mytracks:speed>5.366069560154388</mytracks:speed><mytracks:gradient>0.01814208724947913</mytracks:gradient><mytracks:length>0.007452874389103317</mytracks:length></extensions></trkpt><trkpt lat="33.59976162022439" lon="130.3701261204555"><ele>5.15750316706151</ele><time>2026-01-04T08:27:04.00000Z</time><extensions><mytracks:speed>5.303510947735022</mytracks:speed><mytracks:length>0.008839184912891705</mytracks:length></extensions></trkpt><trkpt lat="33.59972923113799" lon="130.3702090105495"><ele>4.718670851607678</ele><time>2026-01-04T08:27:10.00000Z</time><extensions><mytracks:speed>5.087752591681611</mytracks:speed><mytracks:length>0.008479587652802685</mytracks:length></extensions></trkpt><trkpt lat="33.59970632690804" lon="130.3702959749896"><ele>5.257098733460864</ele><time>2026-01-04T08:27:16.00000Z</time><extensions><mytracks:speed>5.068584800601169</mytracks:speed><mytracks:gradient>0.06373706701594389</mytracks:gradient><mytracks:length>0.008447641334335282</mytracks:length></extensions></trkpt><trkpt lat="33.59970371548172" lon="130.3703707493355"><ele>4.830893271854888</ele><time>2026-01-04T08:27:21.00000Z</time><extensions><mytracks:speed>4.990267413204102</mytracks:speed><mytracks:length>0.006930926962783475</mytracks:length></extensions></trkpt><trkpt lat="33.59974066231233" lon="130.3704282432207"><ele>5.311064605370182</ele><time>2026-01-04T08:27:25.00000Z</time><extensions><mytracks:speed>6.05311360861366</mytracks:speed><mytracks:gradient>0.07139370382026247</mytracks:gradient><mytracks:length>0.006725681787348511</mytracks:length></extensions></trkpt><trkpt lat="33.59978001507186" lon="130.3704362119783"><ele>5.617313285841427</ele><time>2026-01-04T08:27:31.00000Z</time><extensions><mytracks:speed>2.663201624189343</mytracks:speed><mytracks:gradient>0.0689956053697884</mytracks:gradient><mytracks:length>0.004438669373648904</mytracks:length></extensions></trkpt><trkpt lat="33.59986828733474" lon="130.3704651853801"><ele>6.447713565668855</ele><time>2026-01-04T08:27:36.00000Z</time><extensions><mytracks:speed>7.326261695661343</mytracks:speed><mytracks:gradient>0.08160890592125873</mytracks:gradient><mytracks:length>0.01017536346619631</mytracks:length></extensions></trkpt><trkpt lat="33.59996154216547" lon="130.3705115026951"><ele>6.552477418088468</ele><time>2026-01-04T08:27:41.00000Z</time><extensions><mytracks:speed>8.07959334382145</mytracks:speed><mytracks:gradient>0.009335862652023573</mytracks:gradient><mytracks:length>0.01122165742197424</mytracks:length></extensions></trkpt><trkpt lat="33.60006181982514" lon="130.3705319422497"><ele>6.681335592573026</ele><time>2026-01-04T08:27:46.00000Z</time><extensions><mytracks:speed>8.142954638387145</mytracks:speed><mytracks:gradient>0.01139363901052732</mytracks:gradient><mytracks:length>0.01130965921998215</mytracks:length></extensions></trkpt><trkpt lat="33.60012281544373" lon="130.3705638175857"><ele>6.39651743114748</ele><time>2026-01-04T08:27:52.00000Z</time><extensions><mytracks:speed>4.438222641533232</mytracks:speed><mytracks:length>0.00739703773588872</mytracks:length></extensions></trkpt><trkpt lat="33.60011117287875" lon="130.3706629298128"><ele>5.843503448396755</ele><time>2026-01-04T08:27:57.00000Z</time><extensions><mytracks:speed>6.674528056130888</mytracks:speed><mytracks:length>0.009270177855737345</mytracks:length></extensions></trkpt><trkpt lat="33.60010089214795" lon="130.3707591029061"><ele>5.801431126381803</ele><time>2026-01-04T08:28:02.00000Z</time><extensions><mytracks:speed>6.465452611861171</mytracks:speed><mytracks:length>0.008979795294251625</mytracks:length></extensions></trkpt><trkpt lat="33.60008117859889" lon="130.3708511028064"><ele>5.671649365986895</ele><time>2026-01-04T08:28:07.00000Z</time><extensions><mytracks:speed>6.334410905931282</mytracks:speed><mytracks:length>0.00879779292490456</mytracks:length></extensions></trkpt><trkpt lat="33.60007397326511" lon="130.3709277696174"><ele>4.89478773855914</ele><time>2026-01-04T08:28:12.00000Z</time><extensions><mytracks:speed>5.144247279666986</mytracks:speed><mytracks:length>0.007144787888426369</mytracks:length></extensions></trkpt><trkpt lat="33.60007338087083" lon="130.371017412922"><ele>5.567671476369248</ele><time>2026-01-04T08:28:17.00000Z</time><extensions><mytracks:speed>5.977700528065517</mytracks:speed><mytracks:gradient>0.08104726708014966</mytracks:gradient><mytracks:length>0.008302361844535441</mytracks:length></extensions></trkpt><trkpt lat="33.60006728610096" lon="130.3711105735183"><ele>5.813606329329117</ele><time>2026-01-04T08:28:22.00000Z</time><extensions><mytracks:speed>6.231417583101823</mytracks:speed><mytracks:gradient>0.02841618167450171</mytracks:gradient><mytracks:length>0.008654746643196976</mytracks:length></extensions></trkpt><trkpt lat="33.60005909703196" lon="130.3711962040072"><ele>6.089365280927732</ele><time>2026-01-04T08:28:27.00000Z</time><extensions><mytracks:speed>5.748192983775251</mytracks:speed><mytracks:gradient>0.0345406714269017</mytracks:gradient><mytracks:length>0.007983601366354514</mytracks:length></extensions></trkpt><trkpt lat="33.6000567173175" lon="130.3712833318066"><ele>5.382301072703027</ele><time>2026-01-04T08:28:32.00000Z</time><extensions><mytracks:speed>5.812854106487587</mytracks:speed><mytracks:length>0.008073408481232761</mytracks:length></extensions></trkpt><trkpt lat="33.60007124830496" lon="130.3713716973472"><ele>5.609021526302262</ele><time>2026-01-04T08:28:37.00000Z</time><extensions><mytracks:speed>6.0061612882587</mytracks:speed><mytracks:gradient>0.02717854528991108</mytracks:gradient><mytracks:length>0.008341890678137084</mytracks:length></extensions></trkpt><trkpt lat="33.60008393742112" lon="130.3714586184933"><ele>5.901815010459076</ele><time>2026-01-04T08:28:42.00000Z</time><extensions><mytracks:speed>5.884351684271673</mytracks:speed><mytracks:gradient>0.03582574936103583</mytracks:gradient><mytracks:length>0.008172710672599545</mytracks:length></extensions></trkpt><trkpt lat="33.60009800281298" lon="130.3715487755641"><ele>5.762642856687886</ele><time>2026-01-04T08:28:47.00000Z</time><extensions><mytracks:speed>6.116771349621844</mytracks:speed><mytracks:length>0.008495515763363673</mytracks:length></extensions></trkpt><trkpt lat="33.60011078714697" lon="130.3716370330419"><ele>6.459093817470821</ele><time>2026-01-04T08:28:52.00000Z</time><extensions><mytracks:speed>5.974182278749685</mytracks:speed><mytracks:gradient>0.08393528492549752</mytracks:gradient><mytracks:length>0.00829747538715234</mytracks:length></extensions></trkpt><trkpt lat="33.60012111028809" lon="130.3717104269232"><ele>5.964299311426474</ele><time>2026-01-04T08:28:57.00000Z</time><extensions><mytracks:speed>4.963512271205019</mytracks:speed><mytracks:length>0.006893767043340305</mytracks:length></extensions></trkpt><trkpt lat="33.6001369159718" lon="130.3717976967838"><ele>5.79361879756875</ele><time>2026-01-04T08:29:02.00000Z</time><extensions><mytracks:speed>5.954990900502882</mytracks:speed><mytracks:length>0.008270820695142891</mytracks:length></extensions></trkpt><trkpt lat="33.60015663483261" lon="130.3718900491425"><ele>5.893499523307463</ele><time>2026-01-04T08:29:08.00000Z</time><extensions><mytracks:speed>5.29800207689294</mytracks:speed><mytracks:gradient>0.0113115160344318</mytracks:gradient><mytracks:length>0.008830003461488234</mytracks:length></extensions></trkpt><trkpt lat="33.60017701952564" lon="130.3719948092186"><ele>5.707266580213772</ele><time>2026-01-04T08:29:13.00000Z</time><extensions><mytracks:speed>7.17385286331586</mytracks:speed><mytracks:length>0.00996368453238314</mytracks:length></extensions></trkpt><trkpt lat="33.60019398141188" lon="130.3720834541019"><ele>5.131345428223963</ele><time>2026-01-04T08:29:18.00000Z</time><extensions><mytracks:speed>6.064993502958985</mytracks:speed><mytracks:length>0.008423602087443034</mytracks:length></extensions></trkpt><trkpt lat="33.60021209335591" lon="130.3721700133115"><ele>4.666577542645072</ele><time>2026-01-04T08:29:24.00000Z</time><extensions><mytracks:speed>4.959549355197684</mytracks:speed><mytracks:length>0.00826591559199614</mytracks:length></extensions></trkpt><trkpt lat="33.60022006556959" lon="130.3722494590308"><ele>3.930739015032041</ele><time>2026-01-04T08:29:29.00000Z</time><extensions><mytracks:speed>5.33594616391391</mytracks:speed><mytracks:length>0.007411036338769318</mytracks:length></extensions></trkpt><trkpt lat="33.60022559065609" lon="130.372327413967"><ele>3.195075433109117</ele><time>2026-01-04T08:29:34.00000Z</time><extensions><mytracks:speed>5.216847951419171</mytracks:speed><mytracks:length>0.007245622154748849</mytracks:length></extensions></trkpt><trkpt lat="33.60024373908647" lon="130.3724080609882"><ele>2.994376842005388</ele><time>2026-01-04T08:29:39.00000Z</time><extensions><mytracks:speed>5.570698447133588</mytracks:speed><mytracks:length>0.007737081176574427</mytracks:length></extensions></trkpt><trkpt lat="33.60026503804533" lon="130.3724928453742"><ele>3.531141736269572</ele><time>2026-01-04T08:29:44.00000Z</time><extensions><mytracks:speed>5.904959660038458</mytracks:speed><mytracks:gradient>0.06544849518374113</mytracks:gradient><mytracks:length>0.008201332861164526</mytracks:length></extensions></trkpt><trkpt lat="33.6002846528102" lon="130.3725904401773"><ele>4.116821336567162</ele><time>2026-01-04T08:29:49.00000Z</time><extensions><mytracks:speed>6.694448413496243</mytracks:speed><mytracks:gradient>0.06299089725811083</mytracks:gradient><mytracks:length>0.009297845018744783</mytracks:length></extensions></trkpt><trkpt lat="33.60030775748786" lon="130.3726918364695"><ele>4.811517320268308</ele><time>2026-01-04T08:29:54.00000Z</time><extensions><mytracks:speed>7.009808459846038</mytracks:speed><mytracks:gradient>0.07135446155625924</mytracks:gradient><mytracks:length>0.009735845083119497</mytracks:length></extensions></trkpt><trkpt lat="33.60034490733113" lon="130.372777905743"><ele>4.337622262996607</ele><time>2026-01-04T08:29:59.00000Z</time><extensions><mytracks:speed>6.464368562233007</mytracks:speed><mytracks:length>0.008978289669768066</mytracks:length></extensions></trkpt><trkpt lat="33.60040074117725" lon="130.3728296839861"><ele>3.939720491009163</ele><time>2026-01-04T08:30:04.00000Z</time><extensions><mytracks:speed>5.648159735234874</mytracks:speed><mytracks:length>0.007844666298937325</mytracks:length></extensions></trkpt><trkpt lat="33.60046772875628" lon="130.372859906203"><ele>4.76157403048872</ele><time>2026-01-04T08:30:09.00000Z</time><extensions><mytracks:speed>5.729060104644191</mytracks:speed><mytracks:gradient>0.1032864968453725</mytracks:gradient><mytracks:length>0.007957027923116932</mytracks:length></extensions></trkpt><trkpt lat="33.60053709114084" lon="130.3728875138422"><ele>5.062288964637354</ele><time>2026-01-04T08:30:14.00000Z</time><extensions><mytracks:speed>5.850109953344941</mytracks:speed><mytracks:gradient>0.03701037319191213</mytracks:gradient><mytracks:length>0.008125152712979086</mytracks:length></extensions></trkpt><trkpt lat="33.60060851815875" lon="130.3729172415906"><ele>5.097338979015773</ele><time>2026-01-04T08:30:19.00000Z</time><extensions><mytracks:speed>6.052269321893953</mytracks:speed><mytracks:gradient>0.00416967735741224</mytracks:gradient><mytracks:length>0.008405929613741602</mytracks:length></extensions></trkpt><trkpt lat="33.6006843154019" lon="130.3729456229225"><ele>4.677571547757167</ele><time>2026-01-04T08:30:24.00000Z</time><extensions><mytracks:speed>6.356500049705116</mytracks:speed><mytracks:length>0.008828472291257106</mytracks:length></extensions></trkpt><trkpt lat="33.60073721128477" lon="130.3729948133343"><ele>3.662153746619871</ele><time>2026-01-04T08:30:28.00000Z</time><extensions><mytracks:speed>6.695604243676973</mytracks:speed><mytracks:length>0.007439560270752193</mytracks:length></extensions></trkpt><trkpt lat="33.60071348873205" lon="130.3730244945924"><ele>1.315941149788322</ele><time>2026-01-04T08:30:33.00000Z</time><extensions><mytracks:speed>2.743519077376626</mytracks:speed><mytracks:length>0.003810443163023093</mytracks:length></extensions></trkpt><trkpt lat="33.60064352287007" lon="130.3730498173589"><ele>1.098510593343593</ele><time>2026-01-04T08:30:38.00000Z</time><extensions><mytracks:speed>5.850509264628528</mytracks:speed><mytracks:length>0.008125707311984066</mytracks:length></extensions></trkpt><trkpt lat="33.60055347189208" lon="130.373055365918"><ele>4.610463310991872</ele><time>2026-01-04T08:30:43.00000Z</time><extensions><mytracks:speed>7.218974942070367</mytracks:speed><mytracks:gradient>0.3502721614907793</mytracks:gradient><mytracks:length>0.01002635408620884</mytracks:length></extensions></trkpt><trkpt lat="33.60046712153011" lon="130.3730547013561"><ele>5.832621445417641</ele><time>2026-01-04T08:30:49.00000Z</time><extensions><mytracks:speed>5.761250848023836</mytracks:speed><mytracks:gradient>0.1272804986276528</mytracks:gradient><mytracks:length>0.009602084746706393</mytracks:length></extensions></trkpt><trkpt lat="33.60039726165752" lon="130.3730385871426"><ele>6.887329698121919</ele><time>2026-01-04T08:30:54.00000Z</time><extensions><mytracks:speed>5.69593559927197</mytracks:speed><mytracks:gradient>0.1333213707760569</mytracks:gradient><mytracks:length>0.007911021665655514</mytracks:length></extensions></trkpt><trkpt lat="33.60033507807977" lon="130.3730240312056"><ele>7.68208304404009</ele><time>2026-01-04T08:30:58.00000Z</time><extensions><mytracks:speed>6.340562174110953</mytracks:speed><mytracks:gradient>0.1128098726398259</mytracks:gradient><mytracks:length>0.007045069082345503</mytracks:length></extensions></trkpt><trkpt lat="33.60029684614295" lon="130.3730597732149"><ele>5.810733959979413</ele><time>2026-01-04T08:31:03.00000Z</time><extensions><mytracks:speed>3.879319742761709</mytracks:speed><mytracks:length>0.005387944087169041</mytracks:length></extensions></trkpt><trkpt lat="33.60030779611917" lon="130.3731680838259"><ele>4.673301999246645</ele><time>2026-01-04T08:31:09.00000Z</time><extensions><mytracks:speed>6.063088718682479</mytracks:speed><mytracks:length>0.0101051478644708</mytracks:length></extensions></trkpt><trkpt lat="33.6003224797505" lon="130.3732851189341"><ele>5.045541959942695</ele><time>2026-01-04T08:31:14.00000Z</time><extensions><mytracks:speed>7.892673796151432</mytracks:speed><mytracks:gradient>0.03395715807130438</mytracks:gradient><mytracks:length>0.01096204693909921</mytracks:length></extensions></trkpt><trkpt lat="33.60033910487633" lon="130.3733828717936"><ele>4.24170362833761</ele><time>2026-01-04T08:31:19.00000Z</time><extensions><mytracks:speed>6.653143710012562</mytracks:speed><mytracks:length>0.009240477375017446</mytracks:length></extensions></trkpt><trkpt lat="33.60035110162119" lon="130.3734724669114"><ele>3.328873813181297</ele><time>2026-01-04T08:31:25.00000Z</time><extensions><mytracks:speed>5.041949234391822</mytracks:speed><mytracks:length>0.008403248723986371</mytracks:length></extensions></trkpt><trkpt lat="33.6003555978892" lon="130.3735781860375"><ele>5.355481754167456</ele><time>2026-01-04T08:31:30.00000Z</time><extensions><mytracks:speed>7.058627803453948</mytracks:speed><mytracks:gradient>0.2067197418733476</mytracks:gradient><mytracks:length>0.009803649727019373</mytracks:length></extensions></trkpt><trkpt lat="33.60037047114827" lon="130.3736675138811"><ele>5.706630313056358</ele><time>2026-01-04T08:31:35.00000Z</time><extensions><mytracks:speed>6.074230711260701</mytracks:speed><mytracks:gradient>0.04162287776315559</mytracks:gradient><mytracks:length>0.00843643154341764</mytracks:length></extensions></trkpt><trkpt lat="33.60037313921856" lon="130.3737504042484"><ele>6.4423899948561</ele><time>2026-01-04T08:31:40.00000Z</time><extensions><mytracks:speed>5.531983349148774</mytracks:speed><mytracks:gradient>0.09576076742482027</mytracks:gradient><mytracks:length>0.007683310207151075</mytracks:length></extensions></trkpt><trkpt lat="33.6003592283147" lon="130.3738332297513"><ele>7.512901911067607</ele><time>2026-01-04T08:31:44.00000Z</time><extensions><mytracks:speed>7.043117889619769</mytracks:speed><mytracks:gradient>0.1367946326740202</mytracks:gradient><mytracks:length>0.007825686544021965</mytracks:length></extensions></trkpt><trkpt lat="33.60034823704291" lon="130.3739136184199"><ele>7.721384233185003</ele><time>2026-01-04T08:31:50.00000Z</time><extensions><mytracks:speed>4.52689090970492</mytracks:speed><mytracks:gradient>0.02763251771812441</mytracks:gradient><mytracks:length>0.007544818182841534</mytracks:length></extensions></trkpt><trkpt lat="33.60034312469986" lon="130.3739863502901"><ele>8.037530489959252</ele><time>2026-01-04T08:31:55.00000Z</time><extensions><mytracks:speed>4.867031913069158</mytracks:speed><mytracks:gradient>0.04676881289112366</mytracks:gradient><mytracks:length>0.006759766545929387</mytracks:length></extensions></trkpt><trkpt lat="33.60033990650813" lon="130.3740521816867"><ele>7.561285718140986</ele><time>2026-01-04T08:32:00.00000Z</time><extensions><mytracks:speed>4.397521054457363</mytracks:speed><mytracks:length>0.006107668131190782</mytracks:length></extensions></trkpt><trkpt lat="33.60033966281546" lon="130.3741255132317"><ele>7.585706873588809</ele><time>2026-01-04T08:32:05.00000Z</time><extensions><mytracks:speed>4.890016843346206</mytracks:speed><mytracks:gradient>0.003595740564034616</mytracks:gradient><mytracks:length>0.006791690060203064</mytracks:length></extensions></trkpt><trkpt lat="33.60034598699676" lon="130.3741963306742"><ele>7.120845525478193</ele><time>2026-01-04T08:32:10.00000Z</time><extensions><mytracks:speed>4.749947581466049</mytracks:speed><mytracks:length>0.006597149418702846</mytracks:length></extensions></trkpt><trkpt lat="33.60035359980719" lon="130.3742651402046"><ele>7.142945657582845</ele><time>2026-01-04T08:32:15.00000Z</time><extensions><mytracks:speed>4.629398688948496</mytracks:speed><mytracks:gradient>0.003437184002608213</mytracks:gradient><mytracks:length>0.006429720401317355</mytracks:length></extensions></trkpt><trkpt lat="33.60035257956388" lon="130.37433303297"><ele>7.057010419429266</ele><time>2026-01-04T08:32:20.00000Z</time><extensions><mytracks:speed>4.528381470687096</mytracks:speed><mytracks:length>0.006289418709287634</mytracks:length></extensions></trkpt><trkpt lat="33.60035420272083" lon="130.3744055974999"><ele>7.185646491041877</ele><time>2026-01-04T08:32:25.00000Z</time><extensions><mytracks:speed>4.840560838632959</mytracks:speed><mytracks:gradient>0.01913372740238848</mytracks:gradient><mytracks:length>0.006723001164767999</mytracks:length></extensions></trkpt><trkpt lat="33.60035310567845" lon="130.3744743598668"><ele>7.004948983927322</ele><time>2026-01-04T08:32:30.00000Z</time><extensions><mytracks:speed>4.584776937291003</mytracks:speed><mytracks:length>0.006367745746237503</mytracks:length></extensions></trkpt><trkpt lat="33.6003505294824" lon="130.3745407577123"><ele>6.4860742347527</ele><time>2026-01-04T08:32:35.00000Z</time><extensions><mytracks:speed>4.432443560474035</mytracks:speed><mytracks:length>0.006156171611769494</mytracks:length></extensions></trkpt><trkpt lat="33.60035113089602" lon="130.3746070865027"><ele>6.348617491582686</ele><time>2026-01-04T08:32:40.00000Z</time><extensions><mytracks:speed>4.422946586809721</mytracks:speed><mytracks:length>0.006142981370569056</mytracks:length></extensions></trkpt><trkpt lat="33.60034363452655" lon="130.3746755368251"><ele>6.395170520845862</ele><time>2026-01-04T08:32:44.00000Z</time><extensions><mytracks:speed>5.754488814181567</mytracks:speed><mytracks:gradient>0.007280877188188168</mytracks:gradient><mytracks:length>0.006393876460201741</mytracks:length></extensions></trkpt><trkpt lat="33.60033476823357" lon="130.3747429499196"><ele>6.251707839282283</ele><time>2026-01-04T08:32:50.00000Z</time><extensions><mytracks:speed>3.792947335150298</mytracks:speed><mytracks:length>0.006321578891917163</mytracks:length></extensions></trkpt><trkpt lat="33.60032843847934" lon="130.3748056580768"><ele>6.15618193139484</ele><time>2026-01-04T08:32:54.00000Z</time><extensions><mytracks:speed>5.26559809049071</mytracks:speed><mytracks:length>0.005850664544989677</mytracks:length></extensions></trkpt><trkpt lat="33.60032956493359" lon="130.3748744059892"><ele>6.486862364660176</ele><time>2026-01-04T08:32:59.00000Z</time><extensions><mytracks:speed>4.58579588983993</mytracks:speed><mytracks:gradient>0.05191899458031752</mytracks:gradient><mytracks:length>0.006369160958111015</mytracks:length></extensions></trkpt><trkpt lat="33.60033169795889" lon="130.3749357157931"><ele>6.387739598474154</ele><time>2026-01-04T08:33:04.00000Z</time><extensions><mytracks:speed>4.092651776539881</mytracks:speed><mytracks:length>0.005684238578527612</mytracks:length></extensions></trkpt><trkpt lat="33.60034758475532" lon="130.3750071025386"><ele>6.614789470449944</ele><time>2026-01-04T08:33:09.00000Z</time><extensions><mytracks:speed>4.928086836745359</mytracks:speed><mytracks:gradient>0.03317228637361693</mytracks:gradient><mytracks:length>0.00684456505103522</mytracks:length></extensions></trkpt><trkpt lat="33.60036597079612" lon="130.3750762522246"><ele>5.810099896743255</ele><time>2026-01-04T08:33:14.00000Z</time><extensions><mytracks:speed>4.840560838632959</mytracks:speed><mytracks:length>0.006723001164767999</mytracks:length></extensions></trkpt><trkpt lat="33.60037534039017" lon="130.3751380320473"><ele>4.561534803623767</ele><time>2026-01-04T08:33:20.00000Z</time><extensions><mytracks:speed>3.489075627101463</mytracks:speed><mytracks:length>0.005815126045169106</mytracks:length></extensions></trkpt><trkpt lat="33.60038969237785" lon="130.3752137741072"><ele>3.727482263131108</ele><time>2026-01-04T08:33:25.00000Z</time><extensions><mytracks:speed>5.179547358418216</mytracks:speed><mytracks:length>0.007193815775580856</mytracks:length></extensions></trkpt><trkpt lat="33.60037801798507" lon="130.3752815885503"><ele>3.804996436014443</ele><time>2026-01-04T08:33:31.00000Z</time><extensions><mytracks:speed>3.8485697250468</mytracks:speed><mytracks:gradient>0.01208462027524666</mytracks:gradient><mytracks:length>0.006414282875078001</mytracks:length></extensions></trkpt><trkpt lat="33.60037069535168" lon="130.3753309902953"><ele>3.124080999612539</ele><time>2026-01-04T08:33:35.00000Z</time><extensions><mytracks:speed>4.182285094538962</mytracks:speed><mytracks:length>0.004646983438376624</mytracks:length></extensions></trkpt><trkpt lat="33.60037110498852" lon="130.3753914646055"><ele>3.831628764299159</ele><time>2026-01-04T08:33:40.00000Z</time><extensions><mytracks:speed>4.032851457595955</mytracks:speed><mytracks:gradient>0.1263211392561551</mytracks:gradient><mytracks:length>0.005601182579994382</mytracks:length></extensions></trkpt><trkpt lat="33.60036423254021" lon="130.3754640005042"><ele>4.184043935621337</ele><time>2026-01-04T08:33:45.00000Z</time><extensions><mytracks:speed>4.868471650391901</mytracks:speed><mytracks:gradient>0.05211880474471752</mytracks:gradient><mytracks:length>0.006761766181099861</mytracks:length></extensions></trkpt><trkpt lat="33.60034974553037" lon="130.3755451202923"><ele>3.601295711706533</ele><time>2026-01-04T08:33:50.00000Z</time><extensions><mytracks:speed>5.53240562183739</mytracks:speed><mytracks:length>0.007683896696996375</mytracks:length></extensions></trkpt><trkpt lat="33.60034535752377" lon="130.3756254093657"><ele>3.554274338981695</ele><time>2026-01-04T08:33:55.00000Z</time><extensions><mytracks:speed>5.365634196918091</mytracks:speed><mytracks:length>0.007452269717941793</mytracks:length></extensions></trkpt><trkpt lat="33.60032394696818" lon="130.3756896019217"><ele>2.840003119983066</ele><time>2026-01-04T08:34:00.00000Z</time><extensions><mytracks:speed>4.610689885247913</mytracks:speed><mytracks:length>0.006403735951733213</mytracks:length></extensions></trkpt><trkpt lat="33.60028371131103" lon="130.3757506551584"><ele>2.619496635032523</ele><time>2026-01-04T08:34:05.00000Z</time><extensions><mytracks:speed>5.191260710014711</mytracks:speed><mytracks:length>0.007210084319464876</mytracks:length></extensions></trkpt><trkpt lat="33.60026254845586" lon="130.3758756791115"><ele>3.373593923275695</ele><time>2026-01-04T08:34:10.00000Z</time><extensions><mytracks:speed>8.507460497458677</mytracks:speed><mytracks:gradient>0.06382046060599071</mytracks:gradient><mytracks:length>0.0118159173575815</mytracks:length></extensions></trkpt><trkpt lat="33.60023699019829" lon="130.3759665644031"><ele>3.917728177907953</ele><time>2026-01-04T08:34:16.00000Z</time><extensions><mytracks:speed>5.330361249567048</mytracks:speed><mytracks:gradient>0.06124923574473921</mytracks:gradient><mytracks:length>0.00888393541594508</mytracks:length></extensions></trkpt><trkpt lat="33.60021851183126" lon="130.3760290468865"><ele>4.011355592398759</ele><time>2026-01-04T08:34:20.00000Z</time><extensions><mytracks:speed>5.528022973972743</mytracks:speed><mytracks:gradient>0.01524318430629972</mytracks:gradient><mytracks:length>0.006142247748858604</mytracks:length></extensions></trkpt><trkpt lat="33.60025061863046" lon="130.3760879079134"><ele>4.20614083278007</ele><time>2026-01-04T08:34:26.00000Z</time><extensions><mytracks:speed>3.910458561341015</mytracks:speed><mytracks:gradient>0.02988681311807786</mytracks:gradient><mytracks:length>0.006517430935568357</mytracks:length></extensions></trkpt><trkpt lat="33.60026684893993" lon="130.3761685940527"><ele>4.008767889758538</ele><time>2026-01-04T08:34:31.00000Z</time><extensions><mytracks:speed>5.534938581430687</mytracks:speed><mytracks:length>0.00768741469643151</mytracks:length></extensions></trkpt><trkpt lat="33.60023325434376" lon="130.3762572947277"><ele>4.165607522324191</ele><time>2026-01-04T08:34:36.00000Z</time><extensions><mytracks:speed>6.497530478729882</mytracks:speed><mytracks:gradient>0.01737960842460631</mytracks:gradient><mytracks:length>0.009024347887124836</mytracks:length></extensions></trkpt><trkpt lat="33.60017543037716" lon="130.376337476552"><ele>4.556565896444388</ele><time>2026-01-04T08:34:41.00000Z</time><extensions><mytracks:speed>7.072844590875426</mytracks:speed><mytracks:gradient>0.03979870132162783</mytracks:gradient><mytracks:length>0.00982339526510476</mytracks:length></extensions></trkpt><trkpt lat="33.60002689335676" lon="130.376378906395"><ele>5.506355006329359</ele><time>2026-01-04T08:34:47.00000Z</time><extensions><mytracks:speed>10.17375129447983</mytracks:speed><mytracks:gradient>0.05601409445109887</mytracks:gradient><mytracks:length>0.01695625215746639</mytracks:length></extensions></trkpt><trkpt lat="33.59993787680392" lon="130.3764304326776"><ele>7.433050640716676</ele><time>2026-01-04T08:34:52.00000Z</time><extensions><mytracks:speed>7.911889278520575</mytracks:speed><mytracks:gradient>0.1753337044952001</mytracks:gradient><mytracks:length>0.01098873510905635</mytracks:length></extensions></trkpt><trkpt lat="33.59991943365218" lon="130.3764632720517"><ele>8.411951477179228</ele><time>2026-01-04T08:34:57.00000Z</time><extensions><mytracks:speed>2.641132066566721</mytracks:speed><mytracks:gradient>0.2668585229701282</mytracks:gradient><mytracks:length>0.003668238981342668</mytracks:length></extensions></trkpt><trkpt lat="33.5999062536755" lon="130.376500148028"><ele>9.651168868809965</ele><time>2026-01-04T08:35:02.00000Z</time><extensions><mytracks:speed>2.675405385154733</mytracks:speed><mytracks:gradient>0.3334958234460337</mytracks:gradient><mytracks:length>0.003715840812714906</mytracks:length></extensions></trkpt><trkpt lat="33.59987418680543" lon="130.376509097197"><ele>9.901759260614895</ele><time>2026-01-04T08:35:07.00000Z</time><extensions><mytracks:speed>2.634933256858006</mytracks:speed><mytracks:gradient>0.06847425134202287</mytracks:gradient><mytracks:length>0.003659629523413898</mytracks:length></extensions></trkpt><trkpt lat="33.59987527481499" lon="130.3765558743836"><ele>9.139878483466218</ele><time>2026-01-04T08:35:12.00000Z</time><extensions><mytracks:speed>3.120391394799405</mytracks:speed><mytracks:length>0.004333876937221396</mytracks:length></extensions></trkpt><trkpt lat="33.59989766776516" lon="130.3765933212228"><ele>8.717582201560589</ele><time>2026-01-04T08:35:17.00000Z</time><extensions><mytracks:speed>3.073624362452401</mytracks:speed><mytracks:length>0.004268922725628335</mytracks:length></extensions></trkpt><trkpt lat="33.59991161333988" lon="130.3765665508145"><ele>8.147263689427055</ele><time>2026-01-04T08:35:22.00000Z</time><extensions><mytracks:speed>2.105684597809733</mytracks:speed><mytracks:length>0.002924561941402407</mytracks:length></extensions></trkpt><trkpt lat="33.59989818633335" lon="130.3765428218229"><ele>8.25370026157699</ele><time>2026-01-04T08:35:28.00000Z</time><extensions><mytracks:speed>1.593895517364333</mytracks:speed><mytracks:gradient>0.04006658064737087</mytracks:gradient><mytracks:length>0.002656492528940555</mytracks:length></extensions></trkpt><trkpt lat="33.59989495960311" lon="130.3765245294173"><ele>8.068530549409832</ele><time>2026-01-04T08:35:33.00000Z</time><extensions><mytracks:speed>1.247332766263857</mytracks:speed><mytracks:length>0.001732406619810913</mytracks:length></extensions></trkpt><trkpt lat="33.5998562396842" lon="130.3765392897724"><ele>8.376676856738845</ele><time>2026-01-04T08:35:53.00000Z</time><extensions><mytracks:speed>0.8132692019012142</mytracks:speed><mytracks:gradient>0.06820169162874515</mytracks:gradient><mytracks:length>0.004518162232784523</mytracks:length></extensions></trkpt><trkpt lat="33.59971403856991" lon="130.376623332958"><ele>9.020549535751343</ele><time>2026-01-04T08:37:07.00000Z</time><extensions><mytracks:speed>0.8573957761103959</mytracks:speed><mytracks:gradient>0.03653334505313682</mytracks:gradient><mytracks:length>0.01762424650893591</mytracks:length></extensions></trkpt><trkpt lat="33.59969095465681" lon="130.3766336813212"><ele>8.601186776410556</ele><time>2026-01-04T08:37:13.00000Z</time><extensions><mytracks:speed>1.644985194632514</mytracks:speed><mytracks:length>0.002741641991054191</mytracks:length></extensions></trkpt><trkpt lat="33.59964278741082" lon="130.3766500649939"><ele>8.841878636740148</ele><time>2026-01-04T08:37:26.00000Z</time><extensions><mytracks:speed>1.541262572750541</mytracks:speed><mytracks:gradient>0.04324579843255446</mytracks:gradient><mytracks:length>0.005565670401599177</mytracks:length></extensions></trkpt><trkpt lat="33.59959025700685" lon="130.3766695643321"><ele>7.166296073235571</ele><time>2026-01-04T08:37:40.00000Z</time><extensions><mytracks:speed>1.572249831172</mytracks:speed><mytracks:length>0.006114304899002222</mytracks:length></extensions></trkpt><trkpt lat="33.59954844198469" lon="130.3766588429937"><ele>8.60105379679136</ele><time>2026-01-04T08:37:45.00000Z</time><extensions><mytracks:speed>3.423134632305936</mytracks:speed><mytracks:gradient>0.3017776605135417</mytracks:gradient><mytracks:length>0.004754353655980466</mytracks:length></extensions></trkpt><trkpt lat="33.5995094165603" lon="130.3766560898517"><ele>9.921981460138264</ele><time>2026-01-04T08:37:50.00000Z</time><extensions><mytracks:speed>3.130855012075694</mytracks:speed><mytracks:gradient>0.3037725841476229</mytracks:gradient><mytracks:length>0.00434840973899402</mytracks:length></extensions></trkpt><trkpt lat="33.59947020426022" lon="130.3766869489"><ele>10.00018523535523</ele><time>2026-01-04T08:37:55.00000Z</time><extensions><mytracks:speed>3.754463350964158</mytracks:speed><mytracks:gradient>0.014997274681549</mytracks:gradient><mytracks:length>0.005214532431894663</mytracks:length></extensions></trkpt><trkpt lat="33.59945305214899" lon="130.376740613927"><ele>9.652250908453258</ele><time>2026-01-04T08:38:00.00000Z</time><extensions><mytracks:speed>3.833279963869349</mytracks:speed><mytracks:length>0.00532399994981854</mytracks:length></extensions></trkpt><trkpt lat="33.59944519631031" lon="130.3768049367841"><ele>10.42011147629982</ele><time>2026-01-04T08:38:04.00000Z</time><extensions><mytracks:speed>5.419999085757138</mytracks:speed><mytracks:gradient>0.1275045438435473</mytracks:gradient><mytracks:length>0.00602222120639682</mytracks:length></extensions></trkpt><trkpt lat="33.59943750990212" lon="130.3768686794651"><ele>10.57668808388717</ele><time>2026-01-04T08:38:09.00000Z</time><extensions><mytracks:speed>4.294857770889585</mytracks:speed><mytracks:gradient>0.02624886864170662</mytracks:gradient><mytracks:length>0.005965080237346647</mytracks:length></extensions></trkpt><trkpt lat="33.599439557585" lon="130.3769315075756"><ele>10.18920582759401</ele><time>2026-01-04T08:38:15.00000Z</time><extensions><mytracks:speed>3.493722154166397</mytracks:speed><mytracks:length>0.005822870256943996</mytracks:length></extensions></trkpt><trkpt lat="33.59942864152922" lon="130.3769946139599"><ele>10.45473782003977</ele><time>2026-01-04T08:38:20.00000Z</time><extensions><mytracks:speed>4.29866358268722</mytracks:speed><mytracks:gradient>0.0444749934214283</mytracks:gradient><mytracks:length>0.005970366087065583</mytracks:length></extensions></trkpt><trkpt lat="33.59942060213221" lon="130.3770606533337"><ele>10.23165909165807</ele><time>2026-01-04T08:38:24.00000Z</time><extensions><mytracks:speed>5.563564861773238</mytracks:speed><mytracks:length>0.006181738735303598</mytracks:length></extensions></trkpt><trkpt lat="33.59939553242006" lon="130.3771237748263"><ele>10.85594045246445</ele><time>2026-01-04T08:38:29.00000Z</time><extensions><mytracks:speed>4.662584767447129</mytracks:speed><mytracks:gradient>0.09640201780753722</mytracks:gradient><mytracks:length>0.006475812177009901</mytracks:length></extensions></trkpt><trkpt lat="33.59936466229779" lon="130.3771776108231"><ele>11.75585487236209</ele><time>2026-01-04T08:38:34.00000Z</time><extensions><mytracks:speed>4.358568756719712</mytracks:speed><mytracks:gradient>0.1486585203749196</mytracks:gradient><mytracks:length>0.006053567717666266</mytracks:length></extensions></trkpt><trkpt lat="33.59932963783721" lon="130.3772247777476"><ele>12.52868332949647</ele><time>2026-01-04T08:38:39.00000Z</time><extensions><mytracks:speed>4.214141840067419</mytracks:speed><mytracks:gradient>0.1320402848917517</mytracks:gradient><mytracks:length>0.005852974777871415</mytracks:length></extensions></trkpt><trkpt lat="33.59929552937717" lon="130.3772839919986"><ele>13.25331158800886</ele><time>2026-01-04T08:38:45.00000Z</time><extensions><mytracks:speed>4.0006865479961</mytracks:speed><mytracks:gradient>0.1086755860254049</mytracks:gradient><mytracks:length>0.006667810913326834</mytracks:length></extensions></trkpt><trkpt lat="33.59927475261476" lon="130.3773339775325"><ele>13.32369150160336</ele><time>2026-01-04T08:38:50.00000Z</time><extensions><mytracks:speed>3.724477140265069</mytracks:speed><mytracks:gradient>0.01360554404810705</mytracks:gradient><mytracks:length>0.005172884917034818</mytracks:length></extensions></trkpt><trkpt lat="33.59925167610259" lon="130.37736456798"><ele>12.49232739361281</ele><time>2026-01-04T08:38:54.00000Z</time><extensions><mytracks:speed>3.438964831402187</mytracks:speed><mytracks:length>0.003821072034891319</mytracks:length></extensions></trkpt><trkpt lat="33.59921736976305" lon="130.3773980381122"><ele>12.75598172394684</ele><time>2026-01-04T08:39:00.00000Z</time><extensions><mytracks:speed>2.948807111314339</mytracks:speed><mytracks:gradient>0.0536463024636115</mytracks:gradient><mytracks:length>0.004914678518857233</mytracks:length></extensions></trkpt><trkpt lat="33.59919220904792" lon="130.3774402072701"><ele>12.63210629562195</ele><time>2026-01-04T08:39:05.00000Z</time><extensions><mytracks:speed>3.458439612510662</mytracks:speed><mytracks:length>0.004803388350709253</mytracks:length></extensions></trkpt><trkpt lat="33.59916325505947" lon="130.3774792757849"><ele>12.05111649375705</ele><time>2026-01-04T08:39:10.00000Z</time><extensions><mytracks:speed>3.486694208428213</mytracks:speed><mytracks:length>0.004842630845039185</mytracks:length></extensions></trkpt><trkpt lat="33.59912668457759" lon="130.3775167337174"><ele>12.33874358457059</ele><time>2026-01-04T08:39:14.00000Z</time><extensions><mytracks:speed>4.811365483585373</mytracks:speed><mytracks:gradient>0.05380268504135378</mytracks:gradient><mytracks:length>0.005345961648428193</mytracks:length></extensions></trkpt><trkpt lat="33.59909149119879" lon="130.3775521761306"><ele>13.11008599690611</ele><time>2026-01-04T08:39:20.00000Z</time><extensions><mytracks:speed>3.064278482736502</mytracks:speed><mytracks:gradient>0.1510324371654421</mytracks:gradient><mytracks:length>0.005107130804560836</mytracks:length></extensions></trkpt><trkpt lat="33.59906341493964" lon="130.3775928831601"><ele>13.27529431307016</ele><time>2026-01-04T08:39:25.00000Z</time><extensions><mytracks:speed>3.524677473467718</mytracks:speed><mytracks:gradient>0.0337477651596549</mytracks:gradient><mytracks:length>0.004895385379816274</mytracks:length></extensions></trkpt><trkpt lat="33.59903763568728" lon="130.3776389030542"><ele>13.01088026074154</ele><time>2026-01-04T08:39:30.00000Z</time><extensions><mytracks:speed>3.698671411186966</mytracks:speed><mytracks:length>0.005137043626648564</mytracks:length></extensions></trkpt><trkpt lat="33.59901646847939" lon="130.3776926846322"><ele>12.70363976453361</ele><time>2026-01-04T08:39:35.00000Z</time><extensions><mytracks:speed>3.966265409836556</mytracks:speed><mytracks:length>0.005508701958106328</mytracks:length></extensions></trkpt><trkpt lat="33.5989872777891" lon="130.3777299490492"><ele>12.59926490481667</ele><time>2026-01-04T08:39:40.00000Z</time><extensions><mytracks:speed>3.41082853627624</mytracks:speed><mytracks:length>0.004737261855939222</mytracks:length></extensions></trkpt><trkpt lat="33.5989511751745" lon="130.3777743257691"><ele>12.68261351330112</ele><time>2026-01-04T08:39:46.00000Z</time><extensions><mytracks:speed>3.446975036422061</mytracks:speed><mytracks:gradient>0.0145081309154411</mytracks:gradient><mytracks:length>0.005744958394036768</mytracks:length></extensions></trkpt><trkpt lat="33.59891761685328" lon="130.3778192283154"><ele>12.91469308420496</ele><time>2026-01-04T08:39:51.00000Z</time><extensions><mytracks:speed>4.022411151538072</mytracks:speed><mytracks:gradient>0.04154157413442804</mytracks:gradient><mytracks:length>0.005586682154913989</mytracks:length></extensions></trkpt><trkpt lat="33.59888475328302" lon="130.3778596398901"><ele>12.82869589309995</ele><time>2026-01-04T08:39:56.00000Z</time><extensions><mytracks:speed>3.76626693823309</mytracks:speed><mytracks:length>0.005230926303101514</mytracks:length></extensions></trkpt><trkpt lat="33.59885506364225" lon="130.3779020683748"><ele>12.41963966677338</ele><time>2026-01-04T08:40:02.00000Z</time><extensions><mytracks:speed>3.079066537869043</mytracks:speed><mytracks:length>0.005131777563115072</mytracks:length></extensions></trkpt><trkpt lat="33.59882783293494" lon="130.3779399481454"><ele>12.3090398893348</ele><time>2026-01-04T08:40:06.00000Z</time><extensions><mytracks:speed>4.170048497503592</mytracks:speed><mytracks:length>0.004633387219448435</mytracks:length></extensions></trkpt><trkpt lat="33.59879782279619" lon="130.3779710116585"><ele>12.35502683534567</ele><time>2026-01-04T08:40:12.00000Z</time><extensions><mytracks:speed>2.643636976339597</mytracks:speed><mytracks:gradient>0.01043719990810833</mytracks:gradient><mytracks:length>0.004406061627232662</mytracks:length></extensions></trkpt><trkpt lat="33.5987668265591" lon="130.3779900501165"><ele>12.57579695312196</ele><time>2026-01-04T08:40:16.00000Z</time><extensions><mytracks:speed>3.484306506147442</mytracks:speed><mytracks:gradient>0.05702515138897814</mytracks:gradient><mytracks:length>0.003871451673497157</mytracks:length></extensions></trkpt><trkpt lat="33.59873106028385" lon="130.3780055053081"><ele>12.47361529254597</ele><time>2026-01-04T08:40:21.00000Z</time><extensions><mytracks:speed>3.043070677837489</mytracks:speed><mytracks:length>0.004226487052552069</mytracks:length></extensions></trkpt><trkpt lat="33.59871267374825" lon="130.3780551258203"><ele>12.19677729525557</ele><time>2026-01-04T08:40:27.00000Z</time><extensions><mytracks:speed>3.01786754472578</mytracks:speed><mytracks:length>0.005029779241209634</mytracks:length></extensions></trkpt><trkpt lat="33.59869500879221" lon="130.3781136725345"><ele>11.66535109089897</ele><time>2026-01-04T08:40:31.00000Z</time><extensions><mytracks:speed>5.190191837476201</mytracks:speed><mytracks:length>0.005766879819418</mytracks:length></extensions></trkpt><trkpt lat="33.59867665440225" lon="130.3781685805175"><ele>11.18573049587035</ele><time>2026-01-04T08:40:36.00000Z</time><extensions><mytracks:speed>3.945596872022363</mytracks:speed><mytracks:length>0.005479995655586615</mytracks:length></extensions></trkpt><trkpt lat="33.59865770989493" lon="130.3782201237547"><ele>10.81322907935488</ele><time>2026-01-04T08:40:42.00000Z</time><extensions><mytracks:speed>3.130274617608677</mytracks:speed><mytracks:length>0.005217124362681127</mytracks:length></extensions></trkpt><trkpt lat="33.59863536397732" lon="130.3782639734555"><ele>10.89497039388545</ele><time>2026-01-04T08:40:46.00000Z</time><extensions><mytracks:speed>4.284033556154375</mytracks:speed><mytracks:gradient>0.01717241055962954</mytracks:gradient><mytracks:length>0.004760037284615972</mytracks:length></extensions></trkpt><trkpt lat="33.59860667230973" lon="130.3783051309788"><ele>10.94624732504217</ele><time>2026-01-04T08:40:52.00000Z</time><extensions><mytracks:speed>2.981633433709742</mytracks:speed><mytracks:gradient>0.01031855839359619</mytracks:gradient><mytracks:length>0.004969389056182903</mytracks:length></extensions></trkpt><trkpt lat="33.59857509129524" lon="130.3783423639485"><ele>10.42382344344344</ele><time>2026-01-04T08:40:57.00000Z</time><extensions><mytracks:speed>3.543186784770654</mytracks:speed><mytracks:length>0.004921092756625909</mytracks:length></extensions></trkpt><trkpt lat="33.59855182609311" lon="130.3783766771858"><ele>10.06906660871494</ele><time>2026-01-04T08:41:01.00000Z</time><extensions><mytracks:speed>3.687878926749669</mytracks:speed><mytracks:length>0.004097643251944076</mytracks:length></extensions></trkpt><trkpt lat="33.59852530454646" lon="130.3784118785866"><ele>10.2753521855297</ele><time>2026-01-04T08:41:06.00000Z</time><extensions><mytracks:speed>3.164253723104301</mytracks:speed><mytracks:gradient>0.04693859225704366</mytracks:gradient><mytracks:length>0.004394796837644863</mytracks:length></extensions></trkpt><trkpt lat="33.59847163317041" lon="130.3784478277774"><ele>9.653388329977725</ele><time>2026-01-04T08:41:12.00000Z</time><extensions><mytracks:speed>4.100018009171622</mytracks:speed><mytracks:length>0.00683336334861937</mytracks:length></extensions></trkpt><trkpt lat="33.59830917394046" lon="130.378513951328"><ele>8.199287758208811</ele><time>2026-01-04T08:41:29.00000Z</time><extensions><mytracks:speed>4.039342434022476</mytracks:speed><mytracks:length>0.01907467260510614</mytracks:length></extensions></trkpt><trkpt lat="33.59826241632219" lon="130.3784904016357"><ele>9.076520218089099</ele><time>2026-01-04T08:41:35.00000Z</time><extensions><mytracks:speed>3.382362278194635</mytracks:speed><mytracks:gradient>0.1556129807032708</mytracks:gradient><mytracks:length>0.005637270463657726</mytracks:length></extensions></trkpt><trkpt lat="33.59821585250825" lon="130.3784510653186"><ele>10.15115878489283</ele><time>2026-01-04T08:41:40.00000Z</time><extensions><mytracks:speed>4.55820422120651</mytracks:speed><mytracks:gradient>0.1697466218163173</mytracks:gradient><mytracks:length>0.006330839196120153</mytracks:length></extensions></trkpt><trkpt lat="33.59816345982141" lon="130.3784103710064"><ele>11.33962751984249</ele><time>2026-01-04T08:41:46.00000Z</time><extensions><mytracks:speed>4.162845158975484</mytracks:speed><mytracks:gradient>0.1712966045427672</mytracks:gradient><mytracks:length>0.006938075264959139</mytracks:length></extensions></trkpt><trkpt lat="33.59811403517238" lon="130.3783702862762"><ele>12.02871210333876</ele><time>2026-01-04T08:41:51.00000Z</time><extensions><mytracks:speed>4.774964259540287</mytracks:speed><mytracks:gradient>0.1039046311448379</mytracks:gradient><mytracks:length>0.006631894804917065</mytracks:length></extensions></trkpt><trkpt lat="33.59806881273062" lon="130.3783445045162"><ele>12.14066850067339</ele><time>2026-01-04T08:41:57.00000Z</time><extensions><mytracks:speed>3.339888007525601</mytracks:speed><mytracks:gradient>0.02011260205414666</mytracks:gradient><mytracks:length>0.00556648001254267</mytracks:length></extensions></trkpt><trkpt lat="33.59802077119642" lon="130.3783479619254"><ele>10.52662270370334</ele><time>2026-01-04T08:42:02.00000Z</time><extensions><mytracks:speed>3.852125796108017</mytracks:speed><mytracks:length>0.005350174716816691</mytracks:length></extensions></trkpt><trkpt lat="33.59797541932451" lon="130.3783411295966"><ele>10.27535667934269</ele><time>2026-01-04T08:42:07.00000Z</time><extensions><mytracks:speed>3.658664002525492</mytracks:speed><mytracks:length>0.005081477781285406</mytracks:length></extensions></trkpt><trkpt lat="33.59793789204227" lon="130.3783418907564"><ele>9.438973233656094</ele><time>2026-01-04T08:42:12.00000Z</time><extensions><mytracks:speed>3.005219106098542</mytracks:speed><mytracks:length>0.004173915425136863</mytracks:length></extensions></trkpt><trkpt lat="33.59790036251638" lon="130.3783343909898"><ele>9.546136828950923</ele><time>2026-01-04T08:42:17.00000Z</time><extensions><mytracks:speed>3.046906643910778</mytracks:speed><mytracks:gradient>0.02532331890328041</mytracks:gradient><mytracks:length>0.004231814783209414</mytracks:length></extensions></trkpt><trkpt lat="33.59786228192827" lon="130.3783224326089"><ele>8.681964066907469</ele><time>2026-01-04T08:42:22.00000Z</time><extensions><mytracks:speed>3.150936720590158</mytracks:speed><mytracks:length>0.004376301000819664</mytracks:length></extensions></trkpt><trkpt lat="33.59782610059746" lon="130.3783145729582"><ele>7.777497646442879</ele><time>2026-01-04T08:42:26.00000Z</time><extensions><mytracks:speed>3.678960222214023</mytracks:speed><mytracks:length>0.004087733580237804</mytracks:length></extensions></trkpt><trkpt lat="33.59779183983615" lon="130.3783046535987"><ele>7.879281214588962</ele><time>2026-01-04T08:42:31.00000Z</time><extensions><mytracks:speed>2.822424971566832</mytracks:speed><mytracks:gradient>0.02596496622707288</mytracks:gradient><mytracks:length>0.003920034682731711</mytracks:length></extensions></trkpt><trkpt lat="33.59775645671557" lon="130.3782907046294"><ele>8.203959465876727</ele><time>2026-01-04T08:42:36.00000Z</time><extensions><mytracks:speed>2.982590884881536</mytracks:speed><mytracks:gradient>0.07837760857921863</mytracks:gradient><mytracks:length>0.004142487340113244</mytracks:length></extensions></trkpt><trkpt lat="33.59772417318921" lon="130.3782742555418"><ele>8.872644042026625</ele><time>2026-01-04T08:42:42.00000Z</time><extensions><mytracks:speed>2.340265817995825</mytracks:speed><mytracks:gradient>0.1714381086989216</mytracks:gradient><mytracks:length>0.003900443029993041</mytracks:length></extensions></trkpt><trkpt lat="33.59769273803708" lon="130.3782597477288"><ele>9.827323529523703</ele><time>2026-01-04T08:42:46.00000Z</time><extensions><mytracks:speed>3.371433000891825</mytracks:speed><mytracks:gradient>0.2548505453082081</mytracks:gradient><mytracks:length>0.003746036667657583</mytracks:length></extensions></trkpt><trkpt lat="33.59764947503298" lon="130.3782419419304"><ele>10.27054901976082</ele><time>2026-01-04T08:42:51.00000Z</time><extensions><mytracks:speed>3.662493060614293</mytracks:speed><mytracks:gradient>0.08713254815483432</mytracks:gradient><mytracks:length>0.005086795917519852</mytracks:length></extensions></trkpt><trkpt lat="33.59759952934452" lon="130.3782311098116"><ele>11.21908642663765</ele><time>2026-01-04T08:42:57.00000Z</time><extensions><mytracks:speed>3.385718034947645</mytracks:speed><mytracks:gradient>0.1680950505185521</mytracks:gradient><mytracks:length>0.005642863391579408</mytracks:length></extensions></trkpt><trkpt lat="33.59755164604241" lon="130.3782162725252"><ele>11.68101920963204</ele><time>2026-01-04T08:43:01.00000Z</time><extensions><mytracks:speed>4.948989011328784</mytracks:speed><mytracks:gradient>0.08400493590575413</mytracks:gradient><mytracks:length>0.005498876679254205</mytracks:length></extensions></trkpt><trkpt lat="33.59751332020024" lon="130.3781991079869"><ele>11.48716168052605</ele><time>2026-01-04T08:43:07.00000Z</time><extensions><mytracks:speed>2.729385688897885</mytracks:speed><mytracks:length>0.004548976148163141</mytracks:length></extensions></trkpt><trkpt lat="33.59747753489203" lon="130.3781789990882"><ele>11.38583120357826</ele><time>2026-01-04T08:43:12.00000Z</time><extensions><mytracks:speed>3.162776825136751</mytracks:speed><mytracks:length>0.004392745590467709</mytracks:length></extensions></trkpt><trkpt lat="33.5974396362793" lon="130.378156228891"><ele>11.41973798764243</ele><time>2026-01-04T08:43:16.00000Z</time><extensions><mytracks:speed>4.241217834874903</mytracks:speed><mytracks:gradient>0.007195128108447631</mytracks:gradient><mytracks:length>0.004712464260972115</mytracks:length></extensions></trkpt><trkpt lat="33.59740372536518" lon="130.3781400905423"><ele>11.16413273173852</ele><time>2026-01-04T08:43:22.00000Z</time><extensions><mytracks:speed>2.558184818581169</mytracks:speed><mytracks:length>0.004263641364301948</mytracks:length></extensions></trkpt><trkpt lat="33.59736390612288" lon="130.378125803652"><ele>11.0851328780776</ele><time>2026-01-04T08:43:27.00000Z</time><extensions><mytracks:speed>3.328327024154198</mytracks:speed><mytracks:length>0.004622676422436385</mytracks:length></extensions></trkpt><trkpt lat="33.59733021815462" lon="130.3781130421652"><ele>10.99264973880577</ele><time>2026-01-04T08:43:32.00000Z</time><extensions><mytracks:speed>2.828212871244788</mytracks:speed><mytracks:length>0.003928073432284428</mytracks:length></extensions></trkpt><trkpt lat="33.59729333375174" lon="130.3780941214449"><ele>10.41198313404909</ele><time>2026-01-04T08:43:37.00000Z</time><extensions><mytracks:speed>3.21188323687096</mytracks:speed><mytracks:length>0.004460948940098556</mytracks:length></extensions></trkpt><trkpt lat="33.59725096949526" lon="130.3780756291131"><ele>10.24175395134795</ele><time>2026-01-04T08:43:42.00000Z</time><extensions><mytracks:speed>3.608516526169715</mytracks:speed><mytracks:length>0.005011828508569049</mytracks:length></extensions></trkpt><trkpt lat="33.59720434301371" lon="130.3780577245563"><ele>9.981829083521296</ele><time>2026-01-04T08:43:47.00000Z</time><extensions><mytracks:speed>3.918862865548207</mytracks:speed><mytracks:length>0.005442865091039176</mytracks:length></extensions></trkpt><trkpt lat="33.59716092355621" lon="130.37804262915"><ele>9.716152501392767</ele><time>2026-01-04T08:43:52.00000Z</time><extensions><mytracks:speed>3.618859840902739</mytracks:speed><mytracks:length>0.005026194223476027</mytracks:length></extensions></trkpt><trkpt lat="33.59712367304169" lon="130.3780262675458"><ele>9.457309247654781</ele><time>2026-01-04T08:43:57.00000Z</time><extensions><mytracks:speed>3.174572770323709</mytracks:speed><mytracks:length>0.004409128847671818</mytracks:length></extensions></trkpt><trkpt lat="33.59708306396846" lon="130.3780090964669"><ele>9.177375820331735</ele><time>2026-01-04T08:44:03.00000Z</time><extensions><mytracks:speed>2.871882989816829</mytracks:speed><mytracks:length>0.004786471649694715</mytracks:length></extensions></trkpt><trkpt lat="33.59704342367758" lon="130.3780000761393"><ele>8.977234097779602</ele><time>2026-01-04T08:44:07.00000Z</time><extensions><mytracks:speed>4.037519090368822</mytracks:speed><mytracks:length>0.004486132322632025</mytracks:length></extensions></trkpt><trkpt lat="33.59700373485738" lon="130.3780034880421"><ele>9.10574202945172</ele><time>2026-01-04T08:44:13.00000Z</time><extensions><mytracks:speed>2.655270872159985</mytracks:speed><mytracks:gradient>0.02903837789646989</mytracks:gradient><mytracks:length>0.004425451453599975</mytracks:length></extensions></trkpt><trkpt lat="33.59695920340049" lon="130.3780012036643"><ele>9.309355605338331</ele><time>2026-01-04T08:44:17.00000Z</time><extensions><mytracks:speed>4.460191241759339</mytracks:speed><mytracks:gradient>0.04108617957504098</mytracks:gradient><mytracks:length>0.004955768046399265</mytracks:length></extensions></trkpt><trkpt lat="33.59691708368545" lon="130.3780020013367"><ele>9.507126451528606</ele><time>2026-01-04T08:44:22.00000Z</time><extensions><mytracks:speed>3.373640923813379</mytracks:speed><mytracks:gradient>0.04220811060592743</mytracks:gradient><mytracks:length>0.004685612394185248</mytracks:length></extensions></trkpt><trkpt lat="33.59687894183467" lon="130.3780096828413"><ele>9.505544964634431</ele><time>2026-01-04T08:44:27.00000Z</time><extensions><mytracks:speed>3.096341776971801</mytracks:speed><mytracks:length>0.004300474690238612</mytracks:length></extensions></trkpt><trkpt lat="33.59683319469513" lon="130.3780147116155"><ele>8.979736023614089</ele><time>2026-01-04T08:44:33.00000Z</time><extensions><mytracks:speed>3.064278482736502</mytracks:speed><mytracks:length>0.005107130804560836</mytracks:length></extensions></trkpt><trkpt lat="33.59679308080008" lon="130.3780113184879"><ele>8.960037528900832</ele><time>2026-01-04T08:44:37.00000Z</time><extensions><mytracks:speed>4.023028172052248</mytracks:speed><mytracks:length>0.004470031302280276</mytracks:length></extensions></trkpt><trkpt lat="33.59675792796973" lon="130.3779905386575"><ele>9.831026105785062</ele><time>2026-01-04T08:44:42.00000Z</time><extensions><mytracks:speed>3.137563196199797</mytracks:speed><mytracks:gradient>0.1998722371922901</mytracks:gradient><mytracks:length>0.004357726661388606</mytracks:length></extensions></trkpt><trkpt lat="33.59671574201985" lon="130.3779789809761"><ele>10.05364078324055</ele><time>2026-01-04T08:44:48.00000Z</time><extensions><mytracks:speed>2.887094639282583</mytracks:speed><mytracks:gradient>0.04626409008417066</mytracks:gradient><mytracks:length>0.004811824398804305</mytracks:length></extensions></trkpt><trkpt lat="33.59666871137397" lon="130.3779849834888"><ele>9.986017181560044</ele><time>2026-01-04T08:44:52.00000Z</time><extensions><mytracks:speed>4.732579355341174</mytracks:speed><mytracks:length>0.005258421505934638</mytracks:length></extensions></trkpt><trkpt lat="33.59663648642514" lon="130.3780141202055"><ele>9.982551096448461</ele><time>2026-01-04T08:44:57.00000Z</time><extensions><mytracks:speed>3.22929194560985</mytracks:speed><mytracks:length>0.004485127702235903</mytracks:length></extensions></trkpt><trkpt lat="33.59659310970283" lon="130.378026124802"><ele>9.193983849915512</ele><time>2026-01-04T08:45:02.00000Z</time><extensions><mytracks:speed>3.562911487833142</mytracks:speed><mytracks:length>0.00494848817754603</mytracks:length></extensions></trkpt><trkpt lat="33.59654476701634" lon="130.3780265870466"><ele>8.663556157573767</ele><time>2026-01-04T08:45:07.00000Z</time><extensions><mytracks:speed>3.870879876291624</mytracks:speed><mytracks:length>0.005376222050405033</mytracks:length></extensions></trkpt><trkpt lat="33.59649072326425" lon="130.3780248154956"><ele>8.400669586938452</ele><time>2026-01-04T08:45:12.00000Z</time><extensions><mytracks:speed>4.328449954365643</mytracks:speed><mytracks:length>0.00601173604773006</mytracks:length></extensions></trkpt><trkpt lat="33.59644367126876" lon="130.3780154420454"><ele>8.519949248051928</ele><time>2026-01-04T08:45:17.00000Z</time><extensions><mytracks:speed>3.818013953541233</mytracks:speed><mytracks:gradient>0.02249372502215372</mytracks:gradient><mytracks:length>0.005302797157696157</mytracks:length></extensions></trkpt><trkpt lat="33.59639651729663" lon="130.3780202273622"><ele>8.410510099026006</ele><time>2026-01-04T08:45:22.00000Z</time><extensions><mytracks:speed>3.787914106045826</mytracks:speed><mytracks:length>0.005260991813952536</mytracks:length></extensions></trkpt><trkpt lat="33.59635638642637" lon="130.3780266441504"><ele>8.108005695596217</ele><time>2026-01-04T08:45:27.00000Z</time><extensions><mytracks:speed>3.240845799855232</mytracks:speed><mytracks:length>0.004501174722021155</mytracks:length></extensions></trkpt><trkpt lat="33.5963141541071" lon="130.3780373543549"><ele>7.712927210213186</ele><time>2026-01-04T08:45:32.00000Z</time><extensions><mytracks:speed>3.456412589021586</mytracks:speed><mytracks:length>0.004800573040307759</mytracks:length></extensions></trkpt><trkpt lat="33.59627352433784" lon="130.378038912425"><ele>7.138382022228958</ele><time>2026-01-04T08:45:37.00000Z</time><extensions><mytracks:speed>3.254512727695797</mytracks:speed><mytracks:length>0.004520156566244163</mytracks:length></extensions></trkpt><trkpt lat="33.59622957313709" lon="130.3780424783483"><ele>7.136665343590931</ele><time>2026-01-04T08:45:42.00000Z</time><extensions><mytracks:speed>3.526002789353421</mytracks:speed><mytracks:length>0.004897226096324196</mytracks:length></extensions></trkpt><trkpt lat="33.59618945314952" lon="130.3780481583058"><ele>6.762210836827543</ele><time>2026-01-04T08:45:47.00000Z</time><extensions><mytracks:speed>3.233629478720875</mytracks:speed><mytracks:length>0.004491152053778994</mytracks:length></extensions></trkpt><trkpt lat="33.59614248427764" lon="130.3780491330896"><ele>6.997896050275441</ele><time>2026-01-04T08:45:53.00000Z</time><extensions><mytracks:speed>3.134417934601071</mytracks:speed><mytracks:gradient>0.04511559435252421</mytracks:gradient><mytracks:length>0.005224029891001784</mytracks:length></extensions></trkpt><trkpt lat="33.59610231900079" lon="130.3780495349424"><ele>7.063106180736474</ele><time>2026-01-04T08:45:58.00000Z</time><extensions><mytracks:speed>3.216244248026675</mytracks:speed><mytracks:gradient>0.0145981742402652</mytracks:gradient><mytracks:length>0.004467005900037049</mytracks:length></extensions></trkpt><trkpt lat="33.59605451729923" lon="130.3780492341313"><ele>7.142353265841189</ele><time>2026-01-04T08:46:04.00000Z</time><extensions><mytracks:speed>3.189317389154111</mytracks:speed><mytracks:gradient>0.01490859806694873</mytracks:gradient><mytracks:length>0.005315528981923517</mytracks:length></extensions></trkpt><trkpt lat="33.59599520943922" lon="130.3780526208508"><ele>6.929200236221367</ele><time>2026-01-04T08:46:09.00000Z</time><extensions><mytracks:speed>4.753389038530912</mytracks:speed><mytracks:length>0.006601929220181823</mytracks:length></extensions></trkpt><trkpt lat="33.5959516923313" lon="130.3780606798193"><ele>6.680405971032334</ele><time>2026-01-04T08:46:14.00000Z</time><extensions><mytracks:speed>3.525340193690453</mytracks:speed><mytracks:length>0.004896305824570073</mytracks:length></extensions></trkpt><trkpt lat="33.59591307560116" lon="130.3780747905914"><ele>6.560121602656212</ele><time>2026-01-04T08:46:19.00000Z</time><extensions><mytracks:speed>3.231461439939621</mytracks:speed><mytracks:length>0.004488140888805029</mytracks:length></extensions></trkpt><trkpt lat="33.59586778132267" lon="130.3780746700432"><ele>7.106906221059068</ele><time>2026-01-04T08:46:24.00000Z</time><extensions><mytracks:speed>3.626597967716106</mytracks:speed><mytracks:gradient>0.1085548849788786</mytracks:gradient><mytracks:length>0.005036941621827924</mytracks:length></extensions></trkpt><trkpt lat="33.59582173261834" lon="130.3780782978004"><ele>7.144904210658195</ele><time>2026-01-04T08:46:29.00000Z</time><extensions><mytracks:speed>3.694879845442852</mytracks:speed><mytracks:gradient>0.007404449848379931</mytracks:gradient><mytracks:length>0.005131777563115072</mytracks:length></extensions></trkpt><trkpt lat="33.59577444508344" lon="130.3780940994108"><ele>7.380835365758783</ele><time>2026-01-04T08:46:34.00000Z</time><extensions><mytracks:speed>3.929578293658072</mytracks:speed><mytracks:gradient>0.04322866704210374</mytracks:gradient><mytracks:length>0.005457747630080655</mytracks:length></extensions></trkpt><trkpt lat="33.59573593259201" lon="130.3781143473862"><ele>7.083665998377572</ele><time>2026-01-04T08:46:39.00000Z</time><extensions><mytracks:speed>3.366015300137994</mytracks:speed><mytracks:length>0.004675021250191659</mytracks:length></extensions></trkpt><trkpt lat="33.59569425809517" lon="130.3781256939118"><ele>7.023758821508861</ele><time>2026-01-04T08:46:44.00000Z</time><extensions><mytracks:speed>3.421086690374318</mytracks:speed><mytracks:length>0.004751509292186552</mytracks:length></extensions></trkpt><trkpt lat="33.59566049051855" lon="130.3781390438796"><ele>6.560397096161364</ele><time>2026-01-04T08:46:49.00000Z</time><extensions><mytracks:speed>2.845505933911693</mytracks:speed><mytracks:length>0.003952091574877352</mytracks:length></extensions></trkpt><trkpt lat="33.59562569541674" lon="130.3781454161925"><ele>5.951145224355983</ele><time>2026-01-04T08:46:54.00000Z</time><extensions><mytracks:speed>2.81828348001593</mytracks:speed><mytracks:length>0.003914282611133237</mytracks:length></extensions></trkpt><trkpt lat="33.59557920517246" lon="130.3781530300242"><ele>6.463635407430796</ele><time>2026-01-04T08:46:59.00000Z</time><extensions><mytracks:speed>3.755085517403255</mytracks:speed><mytracks:gradient>0.09826485444971542</mytracks:gradient><mytracks:length>0.005215396551948965</mytracks:length></extensions></trkpt><trkpt lat="33.59554230458176" lon="130.3781652377825"><ele>6.185336366178378</ele><time>2026-01-04T08:47:04.00000Z</time><extensions><mytracks:speed>3.063727837265948</mytracks:speed><mytracks:length>0.00425517755175826</mytracks:length></extensions></trkpt><trkpt lat="33.5955121269448" lon="130.3781754196747"><ele>6.103311179397222</ele><time>2026-01-04T08:47:09.00000Z</time><extensions><mytracks:speed>2.509603782998532</mytracks:speed><mytracks:length>0.003485560809720182</mytracks:length></extensions></trkpt><trkpt lat="33.59546683139599" lon="130.378197340477"><ele>6.652671296138164</ele><time>2026-01-04T08:47:14.00000Z</time><extensions><mytracks:speed>3.910508344073873</mytracks:speed><mytracks:gradient>0.1011477918600768</mytracks:gradient><mytracks:length>0.00543126158899149</mytracks:length></extensions></trkpt><trkpt lat="33.59542638139091" lon="130.3782292927216"><ele>6.324052688399347</ele><time>2026-01-04T08:47:19.00000Z</time><extensions><mytracks:speed>3.876910227161072</mytracks:speed><mytracks:length>0.005384597537723711</mytracks:length></extensions></trkpt><trkpt lat="33.59537927136675" lon="130.3782559593874"><ele>6.636157220879721</ele><time>2026-01-04T08:47:24.00000Z</time><extensions><mytracks:speed>4.168997975129623</mytracks:speed><mytracks:gradient>0.05390150456450675</mytracks:gradient><mytracks:length>0.00579027496545781</mytracks:length></extensions></trkpt><trkpt lat="33.59532872212995" lon="130.3782847670218"><ele>7.66903608593373</ele><time>2026-01-04T08:47:29.00000Z</time><extensions><mytracks:speed>4.480147892776122</mytracks:speed><mytracks:gradient>0.1659929093050699</mytracks:gradient><mytracks:length>0.006222427628855724</mytracks:length></extensions></trkpt><trkpt lat="33.59529493276671" lon="130.3782939239155"><ele>7.582649489040861</ele><time>2026-01-04T08:47:34.00000Z</time><extensions><mytracks:speed>2.773161292222791</mytracks:speed><mytracks:length>0.003851612905864988</mytracks:length></extensions></trkpt><trkpt lat="33.59526117043436" lon="130.3783106888347"><ele>7.296968144723759</ele><time>2026-01-04T08:47:39.00000Z</time><extensions><mytracks:speed>2.924855307401693</mytracks:speed><mytracks:length>0.004062299038057908</mytracks:length></extensions></trkpt><trkpt lat="33.59522745577502" lon="130.3783274865226"><ele>7.196504021187048</ele><time>2026-01-04T08:47:44.00000Z</time><extensions><mytracks:speed>2.922458212087875</mytracks:speed><mytracks:length>0.004058969739010937</mytracks:length></extensions></trkpt><trkpt lat="33.59518982239121" lon="130.378338197248"><ele>7.222110239447241</ele><time>2026-01-04T08:47:49.00000Z</time><extensions><mytracks:speed>3.096341776971801</mytracks:speed><mytracks:gradient>0.005954277168126308</mytracks:gradient><mytracks:length>0.004300474690238612</mytracks:length></extensions></trkpt><trkpt lat="33.59514707896435" lon="130.3783544555303"><ele>6.913808676334591</ele><time>2026-01-04T08:47:54.00000Z</time><extensions><mytracks:speed>3.589693305918857</mytracks:speed><mytracks:length>0.004985685147109523</mytracks:length></extensions></trkpt><trkpt lat="33.59510094633396" lon="130.3783747201874"><ele>6.955337820103216</ele><time>2026-01-04T08:48:00.00000Z</time><extensions><mytracks:speed>3.277619679743538</mytracks:speed><mytracks:gradient>0.007602311645603818</mytracks:gradient><mytracks:length>0.005462699466239231</mytracks:length></extensions></trkpt><trkpt lat="33.59506430814061" lon="130.3783894693995"><ele>6.988474834090841</ele><time>2026-01-04T08:48:05.00000Z</time><extensions><mytracks:speed>3.093322427860734</mytracks:speed><mytracks:gradient>0.007712952861364097</mytracks:gradient><mytracks:length>0.004296281149806575</mytracks:length></extensions></trkpt><trkpt lat="33.5950258690315" lon="130.3784037037806"><ele>7.211372937455859</ele><time>2026-01-04T08:48:10.00000Z</time><extensions><mytracks:speed>3.219873912027923</mytracks:speed><mytracks:gradient>0.04984252141778308</mytracks:gradient><mytracks:length>0.004472047100038782</mytracks:length></extensions></trkpt><trkpt lat="33.59498289412488" lon="130.378422429799"><ele>7.150221205992066</ele><time>2026-01-04T08:48:16.00000Z</time><extensions><mytracks:speed>3.049950666943146</mytracks:speed><mytracks:length>0.005083251111571909</mytracks:length></extensions></trkpt><trkpt lat="33.59493723283122" lon="130.3784322852477"><ele>6.832556411204113</ele><time>2026-01-04T08:48:21.00000Z</time><extensions><mytracks:speed>3.713798964755598</mytracks:speed><mytracks:length>0.005158054117716109</mytracks:length></extensions></trkpt><trkpt lat="33.59489671618447" lon="130.3784518662397"><ele>6.896516485025919</ele><time>2026-01-04T08:48:26.00000Z</time><extensions><mytracks:speed>3.496729806871961</mytracks:speed><mytracks:gradient>0.0131698059887836</mytracks:gradient><mytracks:length>0.004856569176211058</mytracks:length></extensions></trkpt><trkpt lat="33.59485982108903" lon="130.3784714056821"><ele>7.119416932468456</ele><time>2026-01-04T08:48:31.00000Z</time><extensions><mytracks:speed>3.227844805969351</mytracks:speed><mytracks:gradient>0.04971996232961107</mytracks:gradient><mytracks:length>0.004483117786068544</mytracks:length></extensions></trkpt><trkpt lat="33.59482189066851" lon="130.3784872531469"><ele>7.074918718811123</ele><time>2026-01-04T08:48:36.00000Z</time><extensions><mytracks:speed>3.214064482104969</mytracks:speed><mytracks:length>0.004463978447368012</mytracks:length></extensions></trkpt><trkpt lat="33.59478470599095" lon="130.3785019708813"><ele>6.76977043516855</ele><time>2026-01-04T08:48:41.00000Z</time><extensions><mytracks:speed>3.134583553366032</mytracks:speed><mytracks:length>0.004353588268563933</mytracks:length></extensions></trkpt><trkpt lat="33.59474561243128" lon="130.3785231698822"><ele>6.750359444717045</ele><time>2026-01-04T08:48:46.00000Z</time><extensions><mytracks:speed>3.434716571804667</mytracks:speed><mytracks:length>0.004770439683062038</mytracks:length></extensions></trkpt><trkpt lat="33.59470528973573" lon="130.3785383522301"><ele>6.819322148124287</ele><time>2026-01-04T08:48:51.00000Z</time><extensions><mytracks:speed>3.382630861245583</mytracks:speed><mytracks:gradient>0.01467885456319946</mytracks:gradient><mytracks:length>0.004698098418396643</mytracks:length></extensions></trkpt><trkpt lat="33.5946597374369" lon="130.3785444790824"><ele>6.619435320277224</ele><time>2026-01-04T08:48:56.00000Z</time><extensions><mytracks:speed>3.668865943562738</mytracks:speed><mytracks:length>0.005095647143837137</mytracks:length></extensions></trkpt><trkpt lat="33.5946233786718" lon="130.3785574897974"><ele>6.164887880272341</ele><time>2026-01-04T08:49:01.00000Z</time><extensions><mytracks:speed>3.038461126070617</mytracks:speed><mytracks:length>0.004220084897320302</mytracks:length></extensions></trkpt><trkpt lat="33.59458477462431" lon="130.3785773493849"><ele>6.47564946382338</ele><time>2026-01-04T08:49:06.00000Z</time><extensions><mytracks:speed>3.362543390704385</mytracks:speed><mytracks:gradient>0.06654139862560324</mytracks:gradient><mytracks:length>0.00467019915375609</mytracks:length></extensions></trkpt><trkpt lat="33.59454628065378" lon="130.3785974237852"><ele>6.774483296665596</ele><time>2026-01-04T08:49:10.00000Z</time><extensions><mytracks:speed>4.198834865913775</mytracks:speed><mytracks:gradient>0.06405359061422951</mytracks:gradient><mytracks:length>0.004665372073237528</mytracks:length></extensions></trkpt><trkpt lat="33.59450362641172" lon="130.3786227310425"><ele>6.52638740903619</ele><time>2026-01-04T08:49:15.00000Z</time><extensions><mytracks:speed>3.80882497763491</mytracks:speed><mytracks:length>0.005290034691159597</mytracks:length></extensions></trkpt><trkpt lat="33.59445130584538" lon="130.378650638582"><ele>6.015867373984789</ele><time>2026-01-04T08:49:20.00000Z</time><extensions><mytracks:speed>4.583248083715246</mytracks:speed><mytracks:length>0.006365622338493396</mytracks:length></extensions></trkpt><trkpt lat="33.59440667725501" lon="130.3786664897714"><ele>6.52280842141043</ele><time>2026-01-04T08:49:25.00000Z</time><extensions><mytracks:speed>3.726358347796554</mytracks:speed><mytracks:gradient>0.09795020233689813</mytracks:gradient><mytracks:length>0.005175497705272991</mytracks:length></extensions></trkpt><trkpt lat="33.59437202875423" lon="130.3786806835987"><ele>6.954338483107239</ele><time>2026-01-04T08:49:30.00000Z</time><extensions><mytracks:speed>2.929643613975571</mytracks:speed><mytracks:gradient>0.1060544166326346</mytracks:gradient><mytracks:length>0.00406894946385496</mytracks:length></extensions></trkpt><trkpt lat="33.59433114165217" lon="130.3786937652317"><ele>7.395030532035876</ele><time>2026-01-04T08:49:35.00000Z</time><extensions><mytracks:speed>3.386772014636213</mytracks:speed><mytracks:gradient>0.09368752129088932</mytracks:gradient><mytracks:length>0.004703850020328073</mytracks:length></extensions></trkpt><trkpt lat="33.59429023556207" lon="130.3787083280391"><ele>7.041960604744041</ele><time>2026-01-04T08:49:40.00000Z</time><extensions><mytracks:speed>3.416303384962414</mytracks:speed><mytracks:length>0.004744865812447797</mytracks:length></extensions></trkpt><trkpt lat="33.59424944159509" lon="130.3787307507752"><ele>6.985281302862065</ele><time>2026-01-04T08:49:45.00000Z</time><extensions><mytracks:speed>3.592295476109018</mytracks:speed><mytracks:length>0.004989299272373636</mytracks:length></extensions></trkpt><trkpt lat="33.59420400056756" lon="130.3787536381576"><ele>6.952193121996131</ele><time>2026-01-04T08:49:50.00000Z</time><extensions><mytracks:speed>3.946188903966879</mytracks:speed><mytracks:length>0.005480817922176221</mytracks:length></extensions></trkpt><trkpt lat="33.59416810162271" lon="130.3787812376191"><ele>7.062613409825825</ele><time>2026-01-04T08:49:55.00000Z</time><extensions><mytracks:speed>3.413567058223843</mytracks:speed><mytracks:gradient>0.02329018468989637</mytracks:gradient><mytracks:length>0.004741065358644226</mytracks:length></extensions></trkpt><trkpt lat="33.59412977253218" lon="130.3788031070476"><ele>7.133483343478067</ele><time>2026-01-04T08:50:00.00000Z</time><extensions><mytracks:speed>3.398477879413127</mytracks:speed><mytracks:gradient>0.01501447237268066</mytracks:gradient><mytracks:length>0.004720108165851565</mytracks:length></extensions></trkpt><trkpt lat="33.59408648572167" lon="130.3788224606207"><ele>7.402492325491839</ele><time>2026-01-04T08:50:06.00000Z</time><extensions><mytracks:speed>3.081699794604378</mytracks:speed><mytracks:gradient>0.05237544211505004</mytracks:gradient><mytracks:length>0.00513616632434063</mytracks:length></extensions></trkpt><trkpt lat="33.59404945252479" lon="130.3788470675493"><ele>7.297136817637668</ele><time>2026-01-04T08:50:11.00000Z</time><extensions><mytracks:speed>3.388840693653072</mytracks:speed><mytracks:length>0.004706723185629266</mytracks:length></extensions></trkpt><trkpt lat="33.59400149287907" lon="130.3788738395361"><ele>7.12910161402035</ele><time>2026-01-04T08:50:17.00000Z</time><extensions><mytracks:speed>3.528376068690845</mytracks:speed><mytracks:length>0.005880626781151408</mytracks:length></extensions></trkpt><trkpt lat="33.59396045473706" lon="130.3788942322225"><ele>6.807235357367505</ele><time>2026-01-04T08:50:23.00000Z</time><extensions><mytracks:speed>2.962528949552574</mytracks:speed><mytracks:length>0.004937548249254289</mytracks:length></extensions></trkpt><trkpt lat="33.59391979966568" lon="130.3789119423755"><ele>6.211163273913398</ele><time>2026-01-04T08:50:28.00000Z</time><extensions><mytracks:speed>3.461815347440736</mytracks:speed><mytracks:length>0.004808076871445467</mytracks:length></extensions></trkpt><trkpt lat="33.59388736403434" lon="130.3789236349062"><ele>6.48848989820979</ele><time>2026-01-04T08:50:33.00000Z</time><extensions><mytracks:speed>2.710969150569629</mytracks:speed><mytracks:gradient>0.07365453400731115</mytracks:gradient><mytracks:length>0.003765234931346707</mytracks:length></extensions></trkpt><trkpt lat="33.59384842012142" lon="130.3789395029576"><ele>6.423168903419562</ele><time>2026-01-04T08:50:38.00000Z</time><extensions><mytracks:speed>3.293045902471125</mytracks:speed><mytracks:length>0.004573674864543229</mytracks:length></extensions></trkpt><trkpt lat="33.59381267995473" lon="130.3789584514954"><ele>6.560800779221698</ele><time>2026-01-04T08:50:43.00000Z</time><extensions><mytracks:speed>3.128615754419756</mytracks:speed><mytracks:gradient>0.03167373636009729</mytracks:gradient><mytracks:length>0.004345299658916327</mytracks:length></extensions></trkpt><trkpt lat="33.59377804220965" lon="130.3789805972776"><ele>6.970867045236824</ele><time>2026-01-04T08:50:48.00000Z</time><extensions><mytracks:speed>3.141283775232796</mytracks:speed><mytracks:gradient>0.093989506410961</mytracks:gradient><mytracks:length>0.004362894132267772</mytracks:length></extensions></trkpt><trkpt lat="33.59375842297962" lon="130.3789932038343"><ele>6.964395781574007</ele><time>2026-01-04T08:50:53.00000Z</time><extensions><mytracks:speed>1.781127878680685</mytracks:speed><mytracks:length>0.00247378872038984</mytracks:length></extensions></trkpt><trkpt lat="33.59372157333495" lon="130.3790169018895"><ele>6.351144761616861</ele><time>2026-01-04T08:50:58.00000Z</time><extensions><mytracks:speed>3.346526213995706</mytracks:speed><mytracks:length>0.004647953074994037</mytracks:length></extensions></trkpt><trkpt lat="33.59367911977693" lon="130.3790258107059"><ele>6.677039551007684</ele><time>2026-01-04T08:51:03.00000Z</time><extensions><mytracks:speed>3.450324373452286</mytracks:speed><mytracks:gradient>0.06800643155953907</mytracks:gradient><mytracks:length>0.004792117185350398</mytracks:length></extensions></trkpt><trkpt lat="33.59364327152695" lon="130.3790425575068"><ele>6.72213901463358</ele><time>2026-01-04T08:51:08.00000Z</time><extensions><mytracks:speed>3.078940084901229</mytracks:speed><mytracks:gradient>0.01054636105778169</mytracks:gradient><mytracks:length>0.00427630567347393</mytracks:length></extensions></trkpt><trkpt lat="33.59353026343221" lon="130.3791069411118"><ele>7.007284020073712</ele><time>2026-01-04T08:51:23.00000Z</time><extensions><mytracks:speed>3.338216673878803</mytracks:speed><mytracks:gradient>0.02050040725071168</mytracks:gradient><mytracks:length>0.01390923614116168</mytracks:length></extensions></trkpt><trkpt lat="33.59349214387063" lon="130.3791262018128"><ele>7.284627427458094</ele><time>2026-01-04T08:51:28.00000Z</time><extensions><mytracks:speed>3.311438997932345</mytracks:speed><mytracks:gradient>0.06030225936260327</mytracks:gradient><mytracks:length>0.004599220830461589</mytracks:length></extensions></trkpt><trkpt lat="33.59345343655444" lon="130.3791473962619"><ele>7.564356067308862</ele><time>2026-01-04T08:51:33.00000Z</time><extensions><mytracks:speed>3.405344885565484</mytracks:speed><mytracks:gradient>0.0591436777949461</mytracks:gradient><mytracks:length>0.004729645674396505</mytracks:length></extensions></trkpt><trkpt lat="33.59341869145904" lon="130.379167963157"><ele>7.794732244328038</ele><time>2026-01-04T08:51:38.00000Z</time><extensions><mytracks:speed>3.100865288188586</mytracks:speed><mytracks:gradient>0.05349179407619556</mytracks:gradient><mytracks:length>0.004306757344706369</mytracks:length></extensions></trkpt><trkpt lat="33.59338065342555" lon="130.3791867688894"><ele>7.914906750161462</ele><time>2026-01-04T08:51:43.00000Z</time><extensions><mytracks:speed>3.293045902471125</mytracks:speed><mytracks:gradient>0.02627526210161121</mytracks:gradient><mytracks:length>0.004573674864543229</mytracks:length></extensions></trkpt><trkpt lat="33.59335164796477" lon="130.3792067711688"><ele>8.012614135060534</ele><time>2026-01-04T08:51:48.00000Z</time><extensions><mytracks:speed>2.67889580462354</mytracks:speed><mytracks:gradient>0.02626056489614689</mytracks:gradient><mytracks:length>0.003720688617532694</mytracks:length></extensions></trkpt><trkpt lat="33.59331405337416" lon="130.3792205159905"><ele>9.095745609478396</ele><time>2026-01-04T08:51:53.00000Z</time><extensions><mytracks:speed>3.147227553064781</mytracks:speed><mytracks:gradient>0.2477909996757098</mytracks:gradient><mytracks:length>0.00437114937925664</mytracks:length></extensions></trkpt><trkpt lat="33.59326781143797" lon="130.3792541346797"><ele>7.832096793839534</ele><time>2026-01-04T08:51:58.00000Z</time><extensions><mytracks:speed>4.327910213737026</mytracks:speed><mytracks:length>0.006010986407968091</mytracks:length></extensions></trkpt><trkpt lat="33.5932241676499" lon="130.3792784401099"><ele>7.278968178425121</ele><time>2026-01-04T08:52:03.00000Z</time><extensions><mytracks:speed>3.852732191357128</mytracks:speed><mytracks:length>0.005351016932440455</mytracks:length></extensions></trkpt><trkpt lat="33.59317330356063" lon="130.37928697906"><ele>6.807793887539769</ele><time>2026-01-04T08:52:08.00000Z</time><extensions><mytracks:speed>4.111445099987473</mytracks:speed><mytracks:length>0.005710340416649268</mytracks:length></extensions></trkpt><trkpt lat="33.59312489273066" lon="130.3792845149386"><ele>6.967497489829319</ele><time>2026-01-04T08:52:14.00000Z</time><extensions><mytracks:speed>3.232264586824163</mytracks:speed><mytracks:gradient>0.02964551904702809</mytracks:gradient><mytracks:length>0.005387107644706938</mytracks:length></extensions></trkpt><trkpt lat="33.59309078623643" lon="130.3792758222576"><ele>7.081331111004307</ele><time>2026-01-04T08:52:20.00000Z</time><extensions><mytracks:speed>2.324965253362833</mytracks:speed><mytracks:gradient>0.02937685739870866</mytracks:gradient><mytracks:length>0.003874942088938055</mytracks:length></extensions></trkpt><trkpt lat="33.59305819094558" lon="130.3792661086623"><ele>7.782524357926321</ele><time>2026-01-04T08:52:25.00000Z</time><extensions><mytracks:speed>2.688471092292964</mytracks:speed><mytracks:gradient>0.1877867086728696</mytracks:gradient><mytracks:length>0.003733987628184672</mytracks:length></extensions></trkpt><trkpt lat="33.5930151800238" lon="130.3792566906587"><ele>8.408114143172263</ele><time>2026-01-04T08:52:30.00000Z</time><extensions><mytracks:speed>3.500735990893746</mytracks:speed><mytracks:gradient>0.1286656995982389</mytracks:gradient><mytracks:length>0.004862133320685759</mytracks:length></extensions></trkpt><trkpt lat="33.59297359065872" lon="130.3792452299355"><ele>8.777439971041002</ele><time>2026-01-04T08:52:35.00000Z</time><extensions><mytracks:speed>3.416303384962414</mytracks:speed><mytracks:gradient>0.07783693838081583</mytracks:gradient><mytracks:length>0.004744865812447797</mytracks:length></extensions></trkpt><trkpt lat="33.59293248158387" lon="130.379240793826"><ele>9.003075345964623</ele><time>2026-01-04T08:52:40.00000Z</time><extensions><mytracks:speed>3.303669801139613</mytracks:speed><mytracks:gradient>0.04917485091547805</mytracks:gradient><mytracks:length>0.004588430279360574</mytracks:length></extensions></trkpt><trkpt lat="33.59288383716242" lon="130.3792437462862"><ele>9.221667536667168</ele><time>2026-01-04T08:52:45.00000Z</time><extensions><mytracks:speed>3.899141432774238</mytracks:speed><mytracks:gradient>0.04036436739199063</mytracks:gradient><mytracks:length>0.005415474212186442</mytracks:length></extensions></trkpt><trkpt lat="33.59283449320883" lon="130.3792453163049"><ele>9.031457496259135</ele><time>2026-01-04T08:52:50.00000Z</time><extensions><mytracks:speed>3.950921965822742</mytracks:speed><mytracks:length>0.005487391619198253</mytracks:length></extensions></trkpt><trkpt lat="33.59278429771445" lon="130.3792323517968"><ele>9.311876566294867</ele><time>2026-01-04T08:52:55.00000Z</time><extensions><mytracks:speed>4.110308556745306</mytracks:speed><mytracks:gradient>0.04912082089175329</mytracks:gradient><mytracks:length>0.005708761884368479</mytracks:length></extensions></trkpt><trkpt lat="33.5927427132839" lon="130.3792210072465"><ele>9.659534195391862</ele><time>2026-01-04T08:53:00.00000Z</time><extensions><mytracks:speed>3.414251345503088</mytracks:speed><mytracks:gradient>0.07331431333534488</mytracks:gradient><mytracks:length>0.004742015757643178</mytracks:length></extensions></trkpt><trkpt lat="33.59269876237821" lon="130.3792173547676"><ele>10.01343330601968</ele><time>2026-01-04T08:53:05.00000Z</time><extensions><mytracks:speed>3.52666526052683</mytracks:speed><mytracks:gradient>0.07225164307597692</mytracks:gradient><mytracks:length>0.004898146195176152</mytracks:length></extensions></trkpt><trkpt lat="33.59265586493137" lon="130.3792097519312"><ele>9.923985685258314</ele><time>2026-01-04T08:53:10.00000Z</time><extensions><mytracks:speed>3.471249940536916</mytracks:speed><mytracks:length>0.004821180472967939</mytracks:length></extensions></trkpt><trkpt lat="33.59260642604443" lon="130.3792115691517"><ele>9.98755372254057</ele><time>2026-01-04T08:53:15.00000Z</time><extensions><mytracks:speed>3.959781208501377</mytracks:speed><mytracks:gradient>0.01155846356989653</mytracks:gradient><mytracks:length>0.005499696122918578</mytracks:length></extensions></trkpt><trkpt lat="33.59253761981856" lon="130.3792924643358"><ele>9.179959770872966</ele><time>2026-01-04T08:53:20.00000Z</time><extensions><mytracks:speed>7.710313637054405</mytracks:speed><mytracks:length>0.01070876894035334</mytracks:length></extensions></trkpt><trkpt lat="33.59243073466192" lon="130.3793457442514"><ele>9.039594305117985</ele><time>2026-01-04T08:53:24.00000Z</time><extensions><mytracks:speed>11.58200908167343</mytracks:speed><mytracks:length>0.01286889897963714</mytracks:length></extensions></trkpt><trkpt lat="33.59239115521125" lon="130.3793502791204"><ele>8.835121753647972</ele><time>2026-01-04T08:53:29.00000Z</time><extensions><mytracks:speed>3.183391045006054</mytracks:speed><mytracks:length>0.004421376451397297</mytracks:length></extensions></trkpt><trkpt lat="33.59238048554543" lon="130.3793967553116"><ele>8.266625778675467</ele><time>2026-01-04T08:53:34.00000Z</time><extensions><mytracks:speed>3.21479123496493</mytracks:speed><mytracks:length>0.004464987826340181</mytracks:length></extensions></trkpt><trkpt lat="33.592380642992" lon="130.3794534098008"><ele>8.635857587842468</ele><time>2026-01-04T08:53:39.00000Z</time><extensions><mytracks:speed>3.778033648119389</mytracks:speed><mytracks:gradient>0.07036647297531951</mytracks:gradient><mytracks:length>0.005247268955721374</mytracks:length></extensions></trkpt><trkpt lat="33.59238442935772" lon="130.3795007927621"><ele>8.978418753294834</ele><time>2026-01-04T08:53:44.00000Z</time><extensions><mytracks:speed>3.174572770323709</mytracks:speed><mytracks:gradient>0.07769361642340102</mytracks:gradient><mytracks:length>0.004409128847671818</mytracks:length></extensions></trkpt><trkpt lat="33.59238004232719" lon="130.3795473675655"><ele>8.757385070419211</ele><time>2026-01-04T08:53:49.00000Z</time><extensions><mytracks:speed>3.125627582052736</mytracks:speed><mytracks:length>0.00434114941951769</mytracks:length></extensions></trkpt><trkpt lat="33.59238057033692" lon="130.3795974630254"><ele>7.739808201647362</ele><time>2026-01-04T08:53:54.00000Z</time><extensions><mytracks:speed>3.34163618247256</mytracks:speed><mytracks:length>0.004641161364545222</mytracks:length></extensions></trkpt><trkpt lat="33.59237908709813" lon="130.3796512478196"><ele>8.344675554174836</ele><time>2026-01-04T08:53:59.00000Z</time><extensions><mytracks:speed>3.589042468581277</mytracks:speed><mytracks:gradient>0.121342808738603</mytracks:gradient><mytracks:length>0.004984781206362885</mytracks:length></extensions></trkpt><trkpt lat="33.59237108319776" lon="130.3797059044188"><ele>8.551483790404038</ele><time>2026-01-04T08:54:04.00000Z</time><extensions><mytracks:speed>3.700565737257991</mytracks:speed><mytracks:gradient>0.04023761247796598</mytracks:gradient><mytracks:length>0.005139674635080543</mytracks:length></extensions></trkpt><trkpt lat="33.5923615080411" lon="130.3797629462028"><ele>8.949628700860245</ele><time>2026-01-04T08:54:09.00000Z</time><extensions><mytracks:speed>3.879921887855404</mytracks:speed><mytracks:gradient>0.07388404813657737</mytracks:gradient><mytracks:length>0.005388780399799172</mytracks:length></extensions></trkpt><trkpt lat="33.59235052337901" lon="130.3798189332094"><ele>7.701825931718808</ele><time>2026-01-04T08:54:14.00000Z</time><extensions><mytracks:speed>3.835107801514606</mytracks:speed><mytracks:length>0.00532653861321473</mytracks:length></extensions></trkpt><trkpt lat="33.59234557242242" lon="130.3798843553409"><ele>7.291390979625223</ele><time>2026-01-04T08:54:20.00000Z</time><extensions><mytracks:speed>3.650851646910353</mytracks:speed><mytracks:length>0.006084752744850588</mytracks:length></extensions></trkpt><trkpt lat="33.59233827969759" lon="130.3799445979265"><ele>7.155850385145191</ele><time>2026-01-04T08:54:25.00000Z</time><extensions><mytracks:speed>4.059410250991199</mytracks:speed><mytracks:length>0.005638069793043333</mytracks:length></extensions></trkpt><trkpt lat="33.59230798942237" lon="130.379977028965"><ele>6.636139774566874</ele><time>2026-01-04T08:54:31.00000Z</time><extensions><mytracks:speed>2.707903526123844</mytracks:speed><mytracks:length>0.004513172543539739</mytracks:length></extensions></trkpt><trkpt lat="33.59225384742222" lon="130.3799635939065"><ele>7.45728852369071</ele><time>2026-01-04T08:54:36.00000Z</time><extensions><mytracks:speed>4.425586679318922</mytracks:speed><mytracks:gradient>0.1335929317873283</mytracks:gradient><mytracks:length>0.006146648165720726</mytracks:length></extensions></trkpt><trkpt lat="33.59220262828246" lon="130.3799539094868"><ele>7.853031849396317</ele><time>2026-01-04T08:54:41.00000Z</time><extensions><mytracks:speed>4.15102807262461</mytracks:speed><mytracks:gradient>0.0686420784256173</mytracks:gradient><mytracks:length>0.005765316767534182</mytracks:length></extensions></trkpt><trkpt lat="33.59215627793868" lon="130.3799537043848"><ele>8.164497306740872</ele><time>2026-01-04T08:54:46.00000Z</time><extensions><mytracks:speed>3.710022859086957</mytracks:speed><mytracks:gradient>0.0604457540575016</mytracks:gradient><mytracks:length>0.005152809526509663</mytracks:length></extensions></trkpt><trkpt lat="33.59211503303478" lon="130.3799417522491"><ele>8.222227723319456</ele><time>2026-01-04T08:54:51.00000Z</time><extensions><mytracks:speed>3.396415070191561</mytracks:speed><mytracks:gradient>0.01223816850342628</mytracks:gradient><mytracks:length>0.004717243153043835</mytracks:length></extensions></trkpt><trkpt lat="33.5920697454115" lon="130.3799353958656"><ele>9.092978813498403</ele><time>2026-01-04T08:54:56.00000Z</time><extensions><mytracks:speed>3.650993838947399</mytracks:speed><mytracks:gradient>0.1717178424791843</mytracks:gradient><mytracks:length>0.005070824776315833</mytracks:length></extensions></trkpt><trkpt lat="33.59202239089972" lon="130.3799333405286"><ele>9.763895930218569</ele><time>2026-01-04T08:55:01.00000Z</time><extensions><mytracks:speed>3.793460554465926</mytracks:speed><mytracks:gradient>0.1273402786460575</mytracks:gradient><mytracks:length>0.005268695214536009</mytracks:length></extensions></trkpt><trkpt lat="33.59198037678521" lon="130.3799314238293"><ele>10.19148733409869</ele><time>2026-01-04T08:55:06.00000Z</time><extensions><mytracks:speed>3.366015300137994</mytracks:speed><mytracks:gradient>0.09146298615489587</mytracks:gradient><mytracks:length>0.004675021250191659</mytracks:length></extensions></trkpt><trkpt lat="33.59193376766692" lon="130.3799269745522"><ele>10.1463267912376</ele><time>2026-01-04T08:55:11.00000Z</time><extensions><mytracks:speed>3.743246671903554</mytracks:speed><mytracks:length>0.005198953710977158</mytracks:length></extensions></trkpt><trkpt lat="33.5918974663216" lon="130.3799236462568"><ele>9.920008636172605</ele><time>2026-01-04T08:55:16.00000Z</time><extensions><mytracks:speed>2.913651990086418</mytracks:speed><mytracks:length>0.004046738875120024</mytracks:length></extensions></trkpt><trkpt lat="33.59183171761436" lon="130.3798879352275"><ele>9.803158815018833</ele><time>2026-01-04T08:55:34.00000Z</time><extensions><mytracks:speed>1.604827790816824</mytracks:speed><mytracks:length>0.008024138954084119</mytracks:length></extensions></trkpt><trkpt lat="33.59179186225928" lon="130.3798722730613"><ele>10.26250501803081</ele><time>2026-01-04T08:55:39.00000Z</time><extensions><mytracks:speed>3.356980866811786</mytracks:speed><mytracks:gradient>0.09851985438413506</mytracks:gradient><mytracks:length>0.004662473426127482</mytracks:length></extensions></trkpt><trkpt lat="33.59175096880826" lon="130.3798682459418"><ele>10.21895520953195</ele><time>2026-01-04T08:55:44.00000Z</time><extensions><mytracks:speed>3.285233208421671</mytracks:speed><mytracks:length>0.004562823900585654</mytracks:length></extensions></trkpt><trkpt lat="33.59170526885857" lon="130.3798648217788"><ele>9.906022444072228</ele><time>2026-01-04T08:55:49.00000Z</time><extensions><mytracks:speed>3.665680887016924</mytracks:speed><mytracks:length>0.005091223454190171</mytracks:length></extensions></trkpt><trkpt lat="33.59166982850998" lon="130.3798532823596"><ele>9.952598062344741</ele><time>2026-01-04T08:55:54.00000Z</time><extensions><mytracks:speed>2.939991524737868</mytracks:speed><mytracks:gradient>0.01140630674409829</mytracks:gradient><mytracks:length>0.004083321562135928</mytracks:length></extensions></trkpt><trkpt lat="33.59162436243374" lon="130.3798409181864"><ele>9.887752350194159</ele><time>2026-01-04T08:55:59.00000Z</time><extensions><mytracks:speed>3.731996280772671</mytracks:speed><mytracks:length>0.005183328167739821</mytracks:length></extensions></trkpt><trkpt lat="33.59159360678961" lon="130.3798159031677"><ele>9.937045178758455</ele><time>2026-01-04T08:56:04.00000Z</time><extensions><mytracks:speed>2.973177107949414</mytracks:speed><mytracks:gradient>0.01193700720734083</mytracks:gradient><mytracks:length>0.004129412649929741</mytracks:length></extensions></trkpt><trkpt lat="33.59156516423823" lon="130.3798008971847"><ele>10.08397866392766</ele><time>2026-01-04T08:56:09.00000Z</time><extensions><mytracks:speed>2.487162762054903</mytracks:speed><mytracks:gradient>0.04253525781900196</mytracks:gradient><mytracks:length>0.003454392725076254</mytracks:length></extensions></trkpt><trkpt lat="33.59152433350653" lon="130.3798116653446"><ele>9.681624770829661</ele><time>2026-01-04T08:56:14.00000Z</time><extensions><mytracks:speed>3.346526213995706</mytracks:speed><mytracks:length>0.004647953074994037</mytracks:length></extensions></trkpt><trkpt lat="33.59148134110862" lon="130.3798717791304"><ele>9.086973751498492</ele><time>2026-01-04T08:56:19.00000Z</time><extensions><mytracks:speed>5.28403284710693</mytracks:speed><mytracks:length>0.007338934509870736</mytracks:length></extensions></trkpt><trkpt lat="33.59146281630317" lon="130.3799286758368"><ele>8.923920004474571</ele><time>2026-01-04T08:56:25.00000Z</time><extensions><mytracks:speed>3.395287635816587</mytracks:speed><mytracks:length>0.005658812726360978</mytracks:length></extensions></trkpt><trkpt lat="33.59145887212237" lon="130.3799747831603"><ele>9.327314734891187</ele><time>2026-01-04T08:56:30.00000Z</time><extensions><mytracks:speed>3.091811647586071</mytracks:speed><mytracks:gradient>0.09393981231900977</mytracks:gradient><mytracks:length>0.004294182843869543</mytracks:length></extensions></trkpt><trkpt lat="33.59145672164616" lon="130.3800241832765"><ele>9.505151384508963</ele><time>2026-01-04T08:56:35.00000Z</time><extensions><mytracks:speed>3.299424346653498</mytracks:speed><mytracks:gradient>0.03880749314790862</mytracks:gradient><mytracks:length>0.004582533814796524</mytracks:length></extensions></trkpt><trkpt lat="33.59145880915126" lon="130.3800799281734"><ele>9.294140448825358</ele><time>2026-01-04T08:56:41.00000Z</time><extensions><mytracks:speed>3.101639487078926</mytracks:speed><mytracks:length>0.005169399145131544</mytracks:length></extensions></trkpt><trkpt lat="33.59145580155474" lon="130.380136077848"><ele>9.401992586585322</ele><time>2026-01-04T08:56:46.00000Z</time><extensions><mytracks:speed>3.751973653508023</mytracks:speed><mytracks:gradient>0.02069671761009567</mytracks:gradient><mytracks:length>0.005211074518761144</mytracks:length></extensions></trkpt><trkpt lat="33.59145685952937" lon="130.3801808235663"><ele>8.710765237108859</ele><time>2026-01-04T08:56:51.00000Z</time><extensions><mytracks:speed>2.985722214756939</mytracks:speed><mytracks:length>0.004146836409384637</mytracks:length></extensions></trkpt><trkpt lat="33.59145711130874" lon="130.3802284994279"><ele>8.708714657762533</ele><time>2026-01-04T08:56:56.00000Z</time><extensions><mytracks:speed>3.178984965323482</mytracks:speed><mytracks:length>0.004415256896282614</mytracks:length></extensions></trkpt><trkpt lat="33.59144064835203" lon="130.3802647549387"><ele>8.923548826410533</ele><time>2026-01-04T08:57:01.00000Z</time><extensions><mytracks:speed>2.753718068225845</mytracks:speed><mytracks:gradient>0.05617154610392529</mytracks:gradient><mytracks:length>0.003824608428091451</mytracks:length></extensions></trkpt><trkpt lat="33.59139710427434" lon="130.3802694470899"><ele>9.358711257632844</ele><time>2026-01-04T08:57:06.00000Z</time><extensions><mytracks:speed>3.500068611993221</mytracks:speed><mytracks:gradient>0.08951737386131872</mytracks:gradient><mytracks:length>0.004861206405546141</mytracks:length></extensions></trkpt><trkpt lat="33.59135790167251" lon="130.3802695640861"><ele>9.599559978016275</ele><time>2026-01-04T08:57:11.00000Z</time><extensions><mytracks:speed>3.138307664877066</mytracks:speed><mytracks:gradient>0.05525623909243552</mytracks:gradient><mytracks:length>0.004358760645662593</mytracks:length></extensions></trkpt><trkpt lat="33.5913210998427" lon="130.3802599662111"><ele>9.309207087597617</ele><time>2026-01-04T08:57:16.00000Z</time><extensions><mytracks:speed>3.014532824005023</mytracks:speed><mytracks:length>0.004186851144451421</mytracks:length></extensions></trkpt><trkpt lat="33.59127620752066" lon="130.3802510109086"><ele>8.94517731898909</ele><time>2026-01-04T08:57:21.00000Z</time><extensions><mytracks:speed>3.642666269562616</mytracks:speed><mytracks:length>0.005059258707725855</mytracks:length></extensions></trkpt><trkpt lat="33.59123590957594" lon="130.3802449251186"><ele>9.030468274127141</ele><time>2026-01-04T08:57:26.00000Z</time><extensions><mytracks:speed>3.250921738267565</mytracks:speed><mytracks:gradient>0.01888986959499128</mytracks:gradient><mytracks:length>0.004515169080927174</mytracks:length></extensions></trkpt><trkpt lat="33.59119951688128" lon="130.3802366981267"><ele>9.268593316808017</ele><time>2026-01-04T08:57:31.00000Z</time><extensions><mytracks:speed>2.964521552151227</mytracks:speed><mytracks:gradient>0.05783396332734252</mytracks:gradient><mytracks:length>0.004117391044654482</mytracks:length></extensions></trkpt><trkpt lat="33.59115814755088" lon="130.3802329129309"><ele>9.155186335244247</ele><time>2026-01-04T08:57:36.00000Z</time><extensions><mytracks:speed>3.322004075284549</mytracks:speed><mytracks:length>0.004613894549006317</mytracks:length></extensions></trkpt><trkpt lat="33.59093701081746" lon="130.3802167309045"><ele>8.864045691676438</ele><time>2026-01-04T08:58:00.00000Z</time><extensions><mytracks:speed>3.695239860212622</mytracks:speed><mytracks:length>0.02463493240141748</mytracks:length></extensions></trkpt><trkpt lat="33.59089741286295" lon="130.3802078283231"><ele>8.710394719383721</ele><time>2026-01-04T08:58:05.00000Z</time><extensions><mytracks:speed>3.224948578552635</mytracks:speed><mytracks:length>0.00447909524798977</mytracks:length></extensions></trkpt><trkpt lat="33.59086229492865" lon="130.3802067360779"><ele>8.481714458118976</ele><time>2026-01-04T08:58:10.00000Z</time><extensions><mytracks:speed>2.811644404881489</mytracks:speed><mytracks:length>0.003905061673446512</mytracks:length></extensions></trkpt><trkpt lat="33.59081662892937" lon="130.3801964161528"><ele>7.785395414099864</ele><time>2026-01-04T08:58:15.00000Z</time><extensions><mytracks:speed>3.719455935231355</mytracks:speed><mytracks:length>0.005165911021154658</mytracks:length></extensions></trkpt><trkpt lat="33.59076794416202" lon="130.3801858507806"><ele>7.80899325618979</ele><time>2026-01-04T08:58:20.00000Z</time><extensions><mytracks:speed>3.960371120044091</mytracks:speed><mytracks:gradient>0.004290114686160472</mytracks:gradient><mytracks:length>0.005500515444505682</mytracks:length></extensions></trkpt><trkpt lat="33.59072532145252" lon="130.3801763877099"><ele>7.746708249472251</ele><time>2026-01-04T08:58:25.00000Z</time><extensions><mytracks:speed>3.469903712081966</mytracks:speed><mytracks:length>0.004819310711224953</mytracks:length></extensions></trkpt><trkpt lat="33.59067807544901" lon="130.3801709789122"><ele>7.544876730218092</ele><time>2026-01-04T08:58:31.00000Z</time><extensions><mytracks:speed>3.165319943074724</mytracks:speed><mytracks:length>0.005275533238457873</mytracks:length></extensions></trkpt><trkpt lat="33.59062934721819" lon="130.3801591103874"><ele>8.817776890449887</ele><time>2026-01-04T08:58:37.00000Z</time><extensions><mytracks:speed>3.316980077733225</mytracks:speed><mytracks:gradient>0.2302516380083312</mytracks:gradient><mytracks:length>0.005528300129555375</mytracks:length></extensions></trkpt><trkpt lat="33.5905863015742" lon="130.3801547049456"><ele>8.392504340550436</ele><time>2026-01-04T08:58:43.00000Z</time><extensions><mytracks:speed>2.882595852538217</mytracks:speed><mytracks:length>0.004804326420897028</mytracks:length></extensions></trkpt><trkpt lat="33.59054703996868" lon="130.3801458414059"><ele>8.624851565880366</ele><time>2026-01-04T08:58:48.00000Z</time><extensions><mytracks:speed>3.199494758482247</mytracks:speed><mytracks:gradient>0.05228638109002785</mytracks:gradient><mytracks:length>0.004443742720114232</mytracks:length></extensions></trkpt><trkpt lat="33.59050868043533" lon="130.3801560498083"><ele>9.584927881106875</ele><time>2026-01-04T08:58:53.00000Z</time><extensions><mytracks:speed>3.146485194862907</mytracks:speed><mytracks:gradient>0.2196911487432581</mytracks:gradient><mytracks:length>0.004370118326198482</mytracks:length></extensions></trkpt><trkpt lat="33.59048548749199" lon="130.3801757666328"><ele>9.787502257887997</ele><time>2026-01-04T08:58:58.00000Z</time><extensions><mytracks:speed>2.275255089162729</mytracks:speed><mytracks:gradient>0.06410426328771802</mytracks:gradient><mytracks:length>0.003160076512726012</mytracks:length></extensions></trkpt><trkpt lat="33.59041416138383" lon="130.3801920748016"><ele>8.680482307231939</ele><time>2026-01-04T08:59:03.00000Z</time><extensions><mytracks:speed>5.812854106487587</mytracks:speed><mytracks:length>0.008073408481232761</mytracks:length></extensions></trkpt><trkpt lat="33.59034327881927" lon="130.3801955524591"><ele>9.814436969692471</ele><time>2026-01-04T08:59:09.00000Z</time><extensions><mytracks:speed>4.733264888676631</mytracks:speed><mytracks:gradient>0.1437428104021755</mytracks:gradient><mytracks:length>0.007888774814461052</mytracks:length></extensions></trkpt><trkpt lat="33.59026294748519" lon="130.380194328971"><ele>10.48877988465362</ele><time>2026-01-04T08:59:14.00000Z</time><extensions><mytracks:speed>6.432125314589658</mytracks:speed><mytracks:gradient>0.07548467652996976</mytracks:gradient><mytracks:length>0.008933507381374526</mytracks:length></extensions></trkpt><trkpt lat="33.59018991483451" lon="130.3801384053355"><ele>10.08006006121737</ele><time>2026-01-04T08:59:18.00000Z</time><extensions><mytracks:speed>8.668866386618337</mytracks:speed><mytracks:length>0.009632073762909263</mytracks:length></extensions></trkpt><trkpt lat="33.5901750203045" lon="130.3800778026935"><ele>10.35002066938652</ele><time>2026-01-04T08:59:23.00000Z</time><extensions><mytracks:speed>4.213587457135326</mytracks:speed><mytracks:gradient>0.04612972671366797</mytracks:gradient><mytracks:length>0.005852204801576843</mytracks:length></extensions></trkpt><trkpt lat="33.59025683868272" lon="130.3799910772376"><ele>1.071743011474609</ele><time>2026-01-04T08:59:38.00000Z</time><extensions><mytracks:speed>2.912850104289295</mytracks:speed><mytracks:length>0.01213687543453873</mytracks:length></extensions></trkpt><trkpt lat="33.59019055034369" lon="130.3799855803422"><ele>-1.052768707275391</ele><time>2026-01-04T08:59:46.00000Z</time><extensions><mytracks:speed>3.324826737783496</mytracks:speed><mytracks:length>0.007388503861741102</mytracks:length></extensions></trkpt><trkpt lat="33.59016852361764" lon="130.3802098689621"><ele>1.859122722968428</ele><time>2026-01-04T08:59:51.00000Z</time><extensions><mytracks:speed>15.0616558929124</mytracks:speed><mytracks:gradient>0.1391986276065524</mytracks:gradient><mytracks:length>0.02091896651793389</mytracks:length></extensions></trkpt><trkpt lat="33.59013638605789" lon="130.3806095386302"><ele>2.651825510524214</ele><time>2026-01-04T08:59:56.00000Z</time><extensions><mytracks:speed>26.7784043270367</mytracks:speed><mytracks:gradient>0.02131366753858125</mytracks:gradient><mytracks:length>0.03719222823199542</mytracks:length></extensions></trkpt><trkpt lat="33.59009695300104" lon="130.3810269216611"><ele>5.567657491751017</ele><time>2026-01-04T09:00:01.00000Z</time><extensions><mytracks:speed>28.01431151585972</mytracks:speed><mytracks:gradient>0.07494023279118485</mytracks:gradient><mytracks:length>0.03890876599424962</mytracks:length></extensions></trkpt><trkpt lat="33.59004356885209" lon="130.3813397728912"><ele>7.702642019838095</ele><time>2026-01-04T09:00:10.00000Z</time><extensions><mytracks:speed>11.83215299434058</mytracks:speed><mytracks:gradient>0.07217569039576345</mytracks:gradient><mytracks:length>0.02958038248585144</mytracks:length></extensions></trkpt><trkpt lat="33.59001885110108" lon="130.3816240391314"><ele>7.793511277663266</ele><time>2026-01-04T09:00:15.00000Z</time><extensions><mytracks:speed>19.06129059785576</mytracks:speed><mytracks:gradient>0.003432394322842094</mytracks:gradient><mytracks:length>0.02647401471924411</mytracks:length></extensions></trkpt><trkpt lat="33.59001196618593" lon="130.3820256042713"><ele>8.222889939702192</ele><time>2026-01-04T09:00:20.00000Z</time><extensions><mytracks:speed>26.78677786657089</mytracks:speed><mytracks:gradient>0.01154124016736779</mytracks:gradient><mytracks:length>0.03720385814801513</mytracks:length></extensions></trkpt><trkpt lat="33.58995165133798" lon="130.3824945379473"><ele>7.579554781498183</ele><time>2026-01-04T09:00:25.00000Z</time><extensions><mytracks:speed>31.64453051527861</mytracks:speed><mytracks:length>0.04395073682677585</mytracks:length></extensions></trkpt><trkpt lat="33.58994710139721" lon="130.3829992147141"><ele>7.635658127071464</ele><time>2026-01-04T09:00:30.00000Z</time><extensions><mytracks:speed>33.65980598777935</mytracks:speed><mytracks:gradient>0.001200078480173881</mytracks:gradient><mytracks:length>0.04674973053858242</mytracks:length></extensions></trkpt><trkpt lat="33.5899802879058" lon="130.3833861075964"><ele>6.594970569708877</ele><time>2026-01-04T09:00:35.00000Z</time><extensions><mytracks:speed>25.93892753092347</mytracks:speed><mytracks:length>0.03602628823739371</mytracks:length></extensions></trkpt><trkpt lat="33.58997806144721" lon="130.3835773015679"><ele>7.715534240007401</ele><time>2026-01-04T09:00:54.00000Z</time><extensions><mytracks:speed>3.3558587710078</mytracks:speed><mytracks:gradient>0.0632676585910585</mytracks:gradient><mytracks:length>0.01771147684698561</mytracks:length></extensions></trkpt><trkpt lat="33.58996469276537" lon="130.3838489322404"><ele>7.946780441473605</ele><time>2026-01-04T09:00:59.00000Z</time><extensions><mytracks:speed>18.14715573601357</mytracks:speed><mytracks:gradient>0.009174840811292995</mytracks:gradient><mytracks:length>0.02520438296668551</mytracks:length></extensions></trkpt><trkpt lat="33.58991759813394" lon="130.3843702996344"><ele>8.549082326426941</ele><time>2026-01-04T09:01:05.00000Z</time><extensions><mytracks:speed>29.14553847900894</mytracks:speed><mytracks:gradient>0.01239919211759542</mytracks:gradient><mytracks:length>0.04857589746501489</mytracks:length></extensions></trkpt><trkpt lat="33.58987786715687" lon="130.3851524783968"><ele>8.468582561767743</ele><time>2026-01-04T09:01:11.00000Z</time><extensions><mytracks:speed>43.55146835050063</mytracks:speed><mytracks:length>0.07258578058416772</mytracks:length></extensions></trkpt><trkpt lat="33.58986159372591" lon="130.3858156014543"><ele>6.924984579085735</ele><time>2026-01-04T09:01:16.00000Z</time><extensions><mytracks:speed>44.24409392701348</mytracks:speed><mytracks:length>0.06145013045418538</mytracks:length></extensions></trkpt><trkpt lat="33.58986763029527" lon="130.3860749903339"><ele>6.439256766366623</ele><time>2026-01-04T09:01:21.00000Z</time><extensions><mytracks:speed>17.30583730860945</mytracks:speed><mytracks:length>0.02403588515084645</mytracks:length></extensions></trkpt><trkpt lat="33.58985560330424" lon="130.3862184550053"><ele>7.161131002940238</ele><time>2026-01-04T09:01:41.00000Z</time><extensions><mytracks:speed>2.404058680172073</mytracks:speed><mytracks:gradient>0.05404916429658458</mytracks:gradient><mytracks:length>0.01335588155651151</mytracks:length></extensions></trkpt><trkpt lat="33.58982807866249" lon="130.3864543439587"><ele>7.457508692340011</ele><time>2026-01-04T09:01:47.00000Z</time><extensions><mytracks:speed>13.23805245724488</mytracks:speed><mytracks:gradient>0.01343298904534433</mytracks:gradient><mytracks:length>0.0220634207620748</mytracks:length></extensions></trkpt><trkpt lat="33.58983648938449" lon="130.3864873019274"><ele>7.494373303625285</ele><time>2026-01-04T09:01:52.00000Z</time><extensions><mytracks:speed>2.29874880623573</mytracks:speed><mytracks:gradient>0.01154650741020361</mytracks:gradient><mytracks:length>0.003192706675327403</mytracks:length></extensions></trkpt><trkpt lat="33.58982983146499" lon="130.3864748388241"><ele>7.689322841958071</ele><time>2026-01-04T09:01:57.00000Z</time><extensions><mytracks:speed>0.9881738507170605</mytracks:speed><mytracks:gradient>0.1420434951782543</mytracks:gradient><mytracks:length>0.001372463681551473</mytracks:length></extensions></trkpt><trkpt lat="33.58981105447246" lon="130.3864744041067"><ele>7.428776908889432</ele><time>2026-01-04T09:02:02.00000Z</time><extensions><mytracks:speed>1.503775119781501</mytracks:speed><mytracks:length>0.002088576555252085</mytracks:length></extensions></trkpt><trkpt lat="33.5898105674212" lon="130.3866209673297"><ele>7.495977276936173</ele><time>2026-01-04T09:02:29.00000Z</time><extensions><mytracks:speed>1.810099681218808</mytracks:speed><mytracks:gradient>0.004950030744641475</mytracks:gradient><mytracks:length>0.01357574760914106</mytracks:length></extensions></trkpt><trkpt lat="33.5898375852719" lon="130.3870014776799"><ele>7.88220938275125</ele><time>2026-01-04T09:02:34.00000Z</time><extensions><mytracks:speed>25.46896289004318</mytracks:speed><mytracks:gradient>0.0109186666684245</mytracks:gradient><mytracks:length>0.03537355956950441</mytracks:length></extensions></trkpt><trkpt lat="33.58988111572965" lon="130.387535180138"><ele>8.912477612735534</ele><time>2026-01-04T09:02:38.00000Z</time><extensions><mytracks:speed>44.70466489161753</mytracks:speed><mytracks:gradient>0.02074149105543839</mytracks:gradient><mytracks:length>0.04967184987957504</mytracks:length></extensions></trkpt><trkpt lat="33.58995958877109" lon="130.3881559071729"><ele>9.967020940472018</ele><time>2026-01-04T09:02:43.00000Z</time><extensions><mytracks:speed>41.87136245329894</mytracks:speed><mytracks:gradient>0.01813342464834094</mytracks:gradient><mytracks:length>0.0581546700740263</mytracks:length></extensions></trkpt><trkpt lat="33.5900483890675" lon="130.3887740435876"><ele>10.20545687005437</ele><time>2026-01-04T09:02:49.00000Z</time><extensions><mytracks:speed>34.86093945990988</mytracks:speed><mytracks:gradient>0.004103778038280721</mytracks:gradient><mytracks:length>0.05810156576651647</mytracks:length></extensions></trkpt><trkpt lat="33.59015081472286" lon="130.3894215682458"><ele>10.43844288521877</ele><time>2026-01-04T09:02:54.00000Z</time><extensions><mytracks:speed>43.95618840041133</mytracks:speed><mytracks:gradient>0.003816298387619027</mytracks:gradient><mytracks:length>0.06105026166723795</mytracks:length></extensions></trkpt><trkpt lat="33.59025992505386" lon="130.390127097017"><ele>9.925166015095398</ele><time>2026-01-04T09:03:00.00000Z</time><extensions><mytracks:speed>39.8807175567086</mytracks:speed><mytracks:length>0.06646786259451434</mytracks:length></extensions></trkpt><trkpt lat="33.59039031250931" lon="130.3907349347925"><ele>9.945288340469514</ele><time>2026-01-04T09:03:05.00000Z</time><extensions><mytracks:speed>41.86009091558724</mytracks:speed><mytracks:gradient>0.0003461070903687062</mytracks:gradient><mytracks:length>0.05813901516053783</mytracks:length></extensions></trkpt><trkpt lat="33.59044779117097" lon="130.3909652348497"><ele>9.587210755979353</ele><time>2026-01-04T09:03:10.00000Z</time><extensions><mytracks:speed>16.03350237755201</mytracks:speed><mytracks:length>0.02226875330215557</mytracks:length></extensions></trkpt><trkpt lat="33.59044808513228" lon="130.3909587871621"><ele>9.367966338060796</ele><time>2026-01-04T09:03:17.00000Z</time><extensions><mytracks:speed>0.3087892511170162</mytracks:speed><mytracks:length>0.0006004235438386426</mytracks:length></extensions></trkpt><trkpt lat="33.59047780815025" lon="130.3911911650125"><ele>11.08321968093514</ele><time>2026-01-04T09:03:28.00000Z</time><extensions><mytracks:speed>7.127033965943846</mytracks:speed><mytracks:gradient>0.07876427166876972</mytracks:gradient><mytracks:length>0.02177704822927286</mytracks:length></extensions></trkpt><trkpt lat="33.59058337138537" lon="130.3916262460676"><ele>11.39855637056563</ele><time>2026-01-04T09:03:34.00000Z</time><extensions><mytracks:speed>25.1848941979921</mytracks:speed><mytracks:gradient>0.007512519698946127</mytracks:gradient><mytracks:length>0.04197482366332016</mytracks:length></extensions></trkpt><trkpt lat="33.59068496995372" lon="130.3921891111324"><ele>11.31685749687709</ele><time>2026-01-04T09:03:40.00000Z</time><extensions><mytracks:speed>32.007722569487</mytracks:speed><mytracks:length>0.05334620428247834</mytracks:length></extensions></trkpt><trkpt lat="33.59080718215646" lon="130.3928575546084"><ele>10.63859559546636</ele><time>2026-01-04T09:03:45.00000Z</time><extensions><mytracks:speed>45.64032782133164</mytracks:speed><mytracks:length>0.06338934419629394</mytracks:length></extensions></trkpt><trkpt lat="33.59101943090717" lon="130.3937141901291"><ele>9.602325831539929</ele><time>2026-01-04T09:03:56.00000Z</time><extensions><mytracks:speed>27.09248726760467</mytracks:speed><mytracks:length>0.0827825999843476</mytracks:length></extensions></trkpt><trkpt lat="33.5910283071183" lon="130.3937627087102"><ele>9.786276783798931</ele><time>2026-01-04T09:04:02.00000Z</time><extensions><mytracks:speed>2.760708018031347</mytracks:speed><mytracks:gradient>0.03997908168285973</mytracks:gradient><mytracks:length>0.004601180030052245</mytracks:length></extensions></trkpt><trkpt lat="33.59104886013586" lon="130.3938472411822"><ele>10.52947470732033</ele><time>2026-01-04T09:04:16.00000Z</time><extensions><mytracks:speed>2.097296275341198</mytracks:speed><mytracks:gradient>0.09112114474424533</mytracks:gradient><mytracks:length>0.008156152181882436</mytracks:length></extensions></trkpt><trkpt lat="33.59104805929482" lon="130.3939811329618"><ele>10.43485778445349</ele><time>2026-01-04T09:04:31.00000Z</time><extensions><mytracks:speed>2.976492757699191</mytracks:speed><mytracks:length>0.01240205315707996</mytracks:length></extensions></trkpt><trkpt lat="33.59102062952733" lon="130.3941201162888"><ele>10.37624762300402</ele><time>2026-01-04T09:05:03.00000Z</time><extensions><mytracks:speed>1.488349250346993</mytracks:speed><mytracks:length>0.01322977111419549</mytracks:length></extensions></trkpt><trkpt lat="33.59124683235623" lon="130.394837676046"><ele>10.41733981855214</ele><time>2026-01-04T09:05:12.00000Z</time><extensions><mytracks:speed>28.42595552098986</mytracks:speed><mytracks:gradient>0.000578234853252683</mytracks:gradient><mytracks:length>0.07106488880247464</mytracks:length></extensions></trkpt><trkpt lat="33.59138812193187" lon="130.3953869760918"><ele>10.57727718307943</ele><time>2026-01-04T09:05:18.00000Z</time><extensions><mytracks:speed>31.94989025916879</mytracks:speed><mytracks:gradient>0.003003528899096519</mytracks:gradient><mytracks:length>0.05324981709861464</mytracks:length></extensions></trkpt><trkpt lat="33.59155252429355" lon="130.3960806411811"><ele>11.40795108619959</ele><time>2026-01-04T09:05:23.00000Z</time><extensions><mytracks:speed>48.09691304471535</mytracks:speed><mytracks:gradient>0.01243500200710348</mytracks:gradient><mytracks:length>0.06680126811766021</mytracks:length></extensions></trkpt><trkpt lat="33.59179161733349" lon="130.3966861062667"><ele>11.99959782854929</ele><time>2026-01-04T09:05:28.00000Z</time><extensions><mytracks:speed>44.6860937633221</mytracks:speed><mytracks:gradient>0.009532846096326821</mytracks:gradient><mytracks:length>0.06206401911572514</mytracks:length></extensions></trkpt><trkpt lat="33.59219234777061" lon="130.397689538297"><ele>12.56778328493237</ele><time>2026-01-04T09:05:37.00000Z</time><extensions><mytracks:speed>41.22898230176282</mytracks:speed><mytracks:gradient>0.005512485874372848</mytracks:gradient><mytracks:length>0.1030724557544071</mytracks:length></extensions></trkpt><trkpt lat="33.59230480992181" lon="130.3982946730679"><ele>13.06717896635218</ele><time>2026-01-04T09:05:43.00000Z</time><extensions><mytracks:speed>34.45713487569261</mytracks:speed><mytracks:gradient>0.008695946715617906</mytracks:gradient><mytracks:length>0.05742855812615435</mytracks:length></extensions></trkpt><trkpt lat="33.59243956263575" lon="130.3987347961408"><ele>12.68653536379514</ele><time>2026-01-04T09:05:48.00000Z</time><extensions><mytracks:speed>31.27159377094106</mytracks:speed><mytracks:length>0.04343276912630702</mytracks:length></extensions></trkpt><trkpt lat="33.59253172370225" lon="130.3989965691193"><ele>11.61309127217256</ele><time>2026-01-04T09:05:53.00000Z</time><extensions><mytracks:speed>18.95264055306154</mytracks:speed><mytracks:length>0.02632311187925214</mytracks:length></extensions></trkpt><trkpt lat="33.59258066156198" lon="130.3991613951832"><ele>11.92438393414409</ele><time>2026-01-04T09:05:59.00000Z</time><extensions><mytracks:speed>9.724359323610852</mytracks:speed><mytracks:gradient>0.01920698227691193</mytracks:gradient><mytracks:length>0.01620726553935142</mytracks:length></extensions></trkpt><trkpt lat="33.59259653066857" lon="130.3992932952338"><ele>11.62287038220595</ele><time>2026-01-04T09:06:04.00000Z</time><extensions><mytracks:speed>8.88752113612872</mytracks:speed><mytracks:length>0.01234377935573433</mytracks:length></extensions></trkpt><trkpt lat="33.59254488888077" lon="130.3993387490843"><ele>11.70364002695538</ele><time>2026-01-04T09:06:09.00000Z</time><extensions><mytracks:speed>5.126506090164452</mytracks:speed><mytracks:gradient>0.01134381647008337</mytracks:gradient><mytracks:length>0.007120147347450628</mytracks:length></extensions></trkpt><trkpt lat="33.59261777592464" lon="130.3993023962447"><ele>12.4412935524881</ele><time>2026-01-04T09:06:15.00000Z</time><extensions><mytracks:speed>5.265444042304302</mytracks:speed><mytracks:gradient>0.08405599067499414</mytracks:gradient><mytracks:length>0.008775740070507168</mytracks:length></extensions></trkpt><trkpt lat="33.59262163464993" lon="130.3992801899702"><ele>11.63193077324483</ele><time>2026-01-04T09:06:20.00000Z</time><extensions><mytracks:speed>1.513067330473386</mytracks:speed><mytracks:length>0.002101482403435258</mytracks:length></extensions></trkpt><trkpt lat="33.59262289213316" lon="130.3992302110478"><ele>11.28953692586643</ele><time>2026-01-04T09:06:25.00000Z</time><extensions><mytracks:speed>3.333236580962383</mytracks:speed><mytracks:length>0.004629495251336643</mytracks:length></extensions></trkpt><trkpt lat="33.59263089526422" lon="130.3991814914162"><ele>11.76847023200401</ele><time>2026-01-04T09:06:30.00000Z</time><extensions><mytracks:speed>3.311438997932345</mytracks:speed><mytracks:gradient>0.1041335747493376</mytracks:gradient><mytracks:length>0.004599220830461589</mytracks:length></extensions></trkpt><trkpt lat="33.59261334437157" lon="130.3991307334609"><ele>12.31819421377324</ele><time>2026-01-04T09:06:35.00000Z</time><extensions><mytracks:speed>3.665043543556135</mytracks:speed><mytracks:gradient>0.1079936055793233</mytracks:gradient><mytracks:length>0.005090338254939077</mytracks:length></extensions></trkpt><trkpt lat="33.59260199574289" lon="130.3990930596681"><ele>11.74611956349638</ele><time>2026-01-04T09:06:40.00000Z</time><extensions><mytracks:speed>2.670161200984493</mytracks:speed><mytracks:length>0.003708557223589574</mytracks:length></extensions></trkpt><trkpt lat="33.59258728656138" lon="130.399012233571"><ele>11.71732853061709</ele><time>2026-01-04T09:06:45.00000Z</time><extensions><mytracks:speed>5.516336535414482</mytracks:speed><mytracks:length>0.007661578521409002</mytracks:length></extensions></trkpt><trkpt lat="33.59230928227053" lon="130.3989925569776"><ele>10.91062172316015</ele><time>2026-01-04T09:06:59.00000Z</time><extensions><mytracks:speed>7.962707291660336</mytracks:speed><mytracks:length>0.03096608391201242</mytracks:length></extensions></trkpt><trkpt lat="33.59225643711208" lon="130.3990030318251"><ele>11.03825257391666</ele><time>2026-01-04T09:07:04.00000Z</time><extensions><mytracks:speed>4.287236011962642</mytracks:speed><mytracks:gradient>0.02143437223616267</mytracks:gradient><mytracks:length>0.005954494461059226</mytracks:length></extensions></trkpt><trkpt lat="33.59224655481515" lon="130.3989924443399"><ele>11.53709827388102</ele><time>2026-01-04T09:07:09.00000Z</time><extensions><mytracks:speed>1.06332958457711</mytracks:speed><mytracks:gradient>0.3377775895487561</mytracks:gradient><mytracks:length>0.001476846645245986</mytracks:length></extensions></trkpt><trkpt lat="33.59222386686891" lon="130.3989744734552"><ele>11.84204563496078</ele><time>2026-01-04T09:07:14.00000Z</time><extensions><mytracks:speed>2.177675852335475</mytracks:speed><mytracks:gradient>0.1008240504398114</mytracks:gradient><mytracks:length>0.003024549794910382</mytracks:length></extensions></trkpt><trkpt lat="33.59218840857289" lon="130.3989591217006"><ele>11.84656959919155</ele><time>2026-01-04T09:07:19.00000Z</time><extensions><mytracks:speed>3.018405057873615</mytracks:speed><mytracks:gradient>0.001079130926333728</mytracks:gradient><mytracks:length>0.004192229247046688</mytracks:length></extensions></trkpt><trkpt lat="33.59215030216306" lon="130.3989299408158"><ele>11.6254774128442</ele><time>2026-01-04T09:07:24.00000Z</time><extensions><mytracks:speed>3.618214249988513</mytracks:speed><mytracks:length>0.005025297569428489</mytracks:length></extensions></trkpt><trkpt lat="33.59211220819217" lon="130.3989042326394"><ele>11.71599149514249</ele><time>2026-01-04T09:07:29.00000Z</time><extensions><mytracks:speed>3.498065711335931</mytracks:speed><mytracks:gradient>0.0186303359149537</mytracks:gradient><mytracks:length>0.004858424599077683</mytracks:length></extensions></trkpt><trkpt lat="33.5920764888691" lon="130.3988975684573"><ele>11.93738613602408</ele><time>2026-01-04T09:07:34.00000Z</time><extensions><mytracks:speed>2.893538177969647</mytracks:speed><mytracks:gradient>0.05508969698357143</mytracks:gradient><mytracks:length>0.004018803024957844</mytracks:length></extensions></trkpt><trkpt lat="33.59203605685645" lon="130.3989126028"><ele>12.49303457024245</ele><time>2026-01-04T09:07:39.00000Z</time><extensions><mytracks:speed>3.388151274320608</mytracks:speed><mytracks:gradient>0.118078220317199</mytracks:gradient><mytracks:length>0.004705765658778623</mytracks:length></extensions></trkpt><trkpt lat="33.59199646954514" lon="130.3989089775375"><ele>13.0669999611242</ele><time>2026-01-04T09:07:44.00000Z</time><extensions><mytracks:speed>3.178984965323482</mytracks:speed><mytracks:gradient>0.1299959219507694</mytracks:gradient><mytracks:length>0.004415256896282614</mytracks:length></extensions></trkpt><trkpt lat="33.59194668311899" lon="130.3989031527824"><ele>13.52010618403654</ele><time>2026-01-04T09:07:49.00000Z</time><extensions><mytracks:speed>4.004950161195252</mytracks:speed><mytracks:gradient>0.08145831218022348</mytracks:gradient><mytracks:length>0.005562430779437849</mytracks:length></extensions></trkpt><trkpt lat="33.59190625089298" lon="130.3989110902593"><ele>13.82665283677655</ele><time>2026-01-04T09:07:54.00000Z</time><extensions><mytracks:speed>3.279539559067282</mytracks:speed><mytracks:gradient>0.06730017613679307</mytracks:gradient><mytracks:length>0.004554916054260115</mytracks:length></extensions></trkpt><trkpt lat="33.59187164698552" lon="130.398933812589"><ele>13.31647036352152</ele><time>2026-01-04T09:07:59.00000Z</time><extensions><mytracks:speed>3.157602242314799</mytracks:speed><mytracks:length>0.004385558669881665</mytracks:length></extensions></trkpt><trkpt lat="33.59183172780799" lon="130.3989544124638"><ele>13.17994329791363</ele><time>2026-01-04T09:08:04.00000Z</time><extensions><mytracks:speed>3.478644884397208</mytracks:speed><mytracks:length>0.004831451228329455</mytracks:length></extensions></trkpt><trkpt lat="33.5917797615903" lon="130.3989564663968"><ele>13.71729078820436</ele><time>2026-01-04T09:08:10.00000Z</time><extensions><mytracks:speed>3.469024642237511</mytracks:speed><mytracks:gradient>0.09293923434527232</mytracks:gradient><mytracks:length>0.005781707737062519</mytracks:length></extensions></trkpt><trkpt lat="33.59174214833383" lon="130.3989880709838"><ele>13.9294328425694</ele><time>2026-01-04T09:08:15.00000Z</time><extensions><mytracks:speed>3.674592088292589</mytracks:speed><mytracks:gradient>0.0415671387388743</mytracks:gradient><mytracks:length>0.005103600122628596</mytracks:length></extensions></trkpt><trkpt lat="33.59170244637117" lon="130.3990166724224"><ele>13.72492478543595</ele><time>2026-01-04T09:08:20.00000Z</time><extensions><mytracks:speed>3.706873165965412</mytracks:speed><mytracks:length>0.005148434952729738</mytracks:length></extensions></trkpt><trkpt lat="33.59166348598679" lon="130.3990471669126"><ele>12.8038148217795</ele><time>2026-01-04T09:08:25.00000Z</time><extensions><mytracks:speed>3.72322247385242</mytracks:speed><mytracks:length>0.005171142324795028</mytracks:length></extensions></trkpt><trkpt lat="33.59162085785307" lon="130.3990586189007"><ele>12.75830376724552</ele><time>2026-01-04T09:08:30.00000Z</time><extensions><mytracks:speed>3.496729806871961</mytracks:speed><mytracks:length>0.004856569176211058</mytracks:length></extensions></trkpt><trkpt lat="33.59159067820644" lon="130.3990754087308"><ele>12.39730956967893</ele><time>2026-01-04T09:08:35.00000Z</time><extensions><mytracks:speed>2.663152891783277</mytracks:speed><mytracks:length>0.003698823460810107</mytracks:length></extensions></trkpt><trkpt lat="33.59157404267376" lon="130.3991074117859"><ele>12.00410548348298</ele><time>2026-01-04T09:08:40.00000Z</time><extensions><mytracks:speed>2.515182753461969</mytracks:speed><mytracks:length>0.00349330937980829</mytracks:length></extensions></trkpt><trkpt lat="33.59156531997796" lon="130.3991562745215"><ele>12.54655284864331</ele><time>2026-01-04T09:08:45.00000Z</time><extensions><mytracks:speed>3.332535658531973</mytracks:speed><mytracks:gradient>0.1171966763252828</mytracks:gradient><mytracks:length>0.004628521747961073</mytracks:length></extensions></trkpt><trkpt lat="33.59156785051537" lon="130.3991871576224"><ele>12.10445880784631</ele><time>2026-01-04T09:08:50.00000Z</time><extensions><mytracks:speed>2.069878636185188</mytracks:speed><mytracks:length>0.002874831439146094</mytracks:length></extensions></trkpt><trkpt lat="33.59155710122477" lon="130.3991967824472"><ele>11.81656476413928</ele><time>2026-01-04T09:08:55.00000Z</time><extensions><mytracks:speed>1.072081416008872</mytracks:speed><mytracks:length>0.001489001966678989</mytracks:length></extensions></trkpt><trkpt lat="33.59155387416164" lon="130.3992031664044"><ele>11.05983365424795</ele><time>2026-01-04T09:09:00.00000Z</time><extensions><mytracks:speed>0.4929034819217438</mytracks:speed><mytracks:length>0.0006845881693357552</mytracks:length></extensions></trkpt><trkpt lat="33.59150896898" lon="130.3992396307482"><ele>10.51963435844267</ele><time>2026-01-04T09:09:05.00000Z</time><extensions><mytracks:speed>4.339769001029883</mytracks:speed><mytracks:length>0.006027456945874838</mytracks:length></extensions></trkpt><trkpt lat="33.59144253538415" lon="130.3992485913166"><ele>10.81437399473675</ele><time>2026-01-04T09:09:10.00000Z</time><extensions><mytracks:speed>5.352120371170495</mytracks:speed><mytracks:gradient>0.03965018037987857</mytracks:gradient><mytracks:length>0.007433500515514577</mytracks:length></extensions></trkpt><trkpt lat="33.59139763943168" lon="130.3992399169152"><ele>10.01006367126033</ele><time>2026-01-04T09:09:15.00000Z</time><extensions><mytracks:speed>3.640100107729808</mytracks:speed><mytracks:length>0.005055694594069178</mytracks:length></extensions></trkpt><trkpt lat="33.59136101220069" lon="130.3992248837957"><ele>9.84891960703025</ele><time>2026-01-04T09:09:20.00000Z</time><extensions><mytracks:speed>3.098604358038775</mytracks:speed><mytracks:length>0.004303617163942742</mytracks:length></extensions></trkpt><trkpt lat="33.59134213316614" lon="130.3991978826304"><ele>10.35577234650673</ele><time>2026-01-04T09:09:25.00000Z</time><extensions><mytracks:speed>2.350999769600326</mytracks:speed><mytracks:gradient>0.155225014116059</mytracks:gradient><mytracks:length>0.00326527745777823</mytracks:length></extensions></trkpt><trkpt lat="33.59131986127601" lon="130.3991633260596"><ele>10.31703582642924</ele><time>2026-01-04T09:09:30.00000Z</time><extensions><mytracks:speed>2.914453655252252</mytracks:speed><mytracks:length>0.00404785229896146</mytracks:length></extensions></trkpt><trkpt lat="33.59128329444007" lon="130.3991581928691"><ele>9.749777769056658</ele><time>2026-01-04T09:09:35.00000Z</time><extensions><mytracks:speed>2.947134179001439</mytracks:speed><mytracks:length>0.004093241915279777</mytracks:length></extensions></trkpt><trkpt lat="33.59122059836498" lon="130.3992318644538"><ele>10.67494738392817</ele><time>2026-01-04T09:09:40.00000Z</time><extensions><mytracks:speed>7.024124058038251</mytracks:speed><mytracks:gradient>0.09483347919306603</mytracks:gradient><mytracks:length>0.00975572785838646</mytracks:length></extensions></trkpt><trkpt lat="33.5911566253352" lon="130.3992888568369"><ele>11.58724100880566</ele><time>2026-01-04T09:09:45.00000Z</time><extensions><mytracks:speed>6.378146443077524</mytracks:speed><mytracks:gradient>0.1029846861896227</mytracks:gradient><mytracks:length>0.008858536726496561</mytracks:length></extensions></trkpt><trkpt lat="33.59108560557937" lon="130.3993169852979"><ele>11.69658425381399</ele><time>2026-01-04T09:09:50.00000Z</time><extensions><mytracks:speed>5.987072418630223</mytracks:speed><mytracks:gradient>0.01314952131880324</mytracks:gradient><mytracks:length>0.008315378359208644</mytracks:length></extensions></trkpt><trkpt lat="33.59103242117414" lon="130.3993434986796"><ele>11.88160911567636</ele><time>2026-01-04T09:09:55.00000Z</time><extensions><mytracks:speed>4.610689885247913</mytracks:speed><mytracks:gradient>0.02889326843844807</mytracks:gradient><mytracks:length>0.006403735951733213</mytracks:length></extensions></trkpt><trkpt lat="33.59100374366939" lon="130.3993812958272"><ele>12.0416960675414</ele><time>2026-01-04T09:10:00.00000Z</time><extensions><mytracks:speed>3.410143562168264</mytracks:speed><mytracks:gradient>0.03379992755188996</mytracks:gradient><mytracks:length>0.004736310503011478</mytracks:length></extensions></trkpt><trkpt lat="33.59097560014333" lon="130.3994210271316"><ele>11.9868313307891</ele><time>2026-01-04T09:10:05.00000Z</time><extensions><mytracks:speed>3.47797326649648</mytracks:speed><mytracks:length>0.004830518425689555</mytracks:length></extensions></trkpt><trkpt lat="33.59092488943909" lon="130.3994359480471"><ele>11.75903700064351</ele><time>2026-01-04T09:10:10.00000Z</time><extensions><mytracks:speed>4.179072088831548</mytracks:speed><mytracks:length>0.005804266790043817</mytracks:length></extensions></trkpt><trkpt lat="33.59088316650654" lon="130.3994637562467"><ele>11.91900904380667</ele><time>2026-01-04T09:10:15.00000Z</time><extensions><mytracks:speed>3.819849096138688</mytracks:speed><mytracks:gradient>0.03015298986389383</mytracks:gradient><mytracks:length>0.005305345966859289</mytracks:length></extensions></trkpt><trkpt lat="33.59083832110739" lon="130.3994773264953"><ele>12.19720493059177</ele><time>2026-01-04T09:10:20.00000Z</time><extensions><mytracks:speed>3.702459094116203</mytracks:speed><mytracks:gradient>0.05409946022187798</mytracks:gradient><mytracks:length>0.005142304297383615</mytracks:length></extensions></trkpt><trkpt lat="33.59078648663382" lon="130.3994851457533"><ele>11.69566324226769</ele><time>2026-01-04T09:10:25.00000Z</time><extensions><mytracks:speed>4.182424734448054</mytracks:speed><mytracks:length>0.005808923242288964</mytracks:length></extensions></trkpt><trkpt lat="33.59075035093715" lon="130.3995120318804"><ele>11.55815392170629</ele><time>2026-01-04T09:10:30.00000Z</time><extensions><mytracks:speed>3.403972592587912</mytracks:speed><mytracks:length>0.004727739711927655</mytracks:length></extensions></trkpt><trkpt lat="33.59075343061165" lon="130.3995295047745"><ele>11.31877425167058</ele><time>2026-01-04T09:10:35.00000Z</time><extensions><mytracks:speed>1.19178250562515</mytracks:speed><mytracks:length>0.00165525348003493</mytracks:length></extensions></trkpt><trkpt lat="33.59078943742327" lon="130.3995051346922"><ele>11.38941974394328</ele><time>2026-01-04T09:10:40.00000Z</time><extensions><mytracks:speed>3.309321934957549</mytracks:speed><mytracks:gradient>0.01537014392556977</mytracks:gradient><mytracks:length>0.004596280465218818</mytracks:length></extensions></trkpt><trkpt lat="33.5907925119594" lon="130.3994749302182"><ele>12.0358530564966</ele><time>2026-01-04T09:10:45.00000Z</time><extensions><mytracks:speed>2.031143306874539</mytracks:speed><mytracks:gradient>0.2291477826616709</mytracks:gradient><mytracks:length>0.002821032370659082</mytracks:length></extensions></trkpt><trkpt lat="33.590779405589" lon="130.3994339980134"><ele>12.50773061196025</ele><time>2026-01-04T09:10:50.00000Z</time><extensions><mytracks:speed>2.92405649397497</mytracks:speed><mytracks:gradient>0.1161919547840081</mytracks:gradient><mytracks:length>0.004061189574965236</mytracks:length></extensions></trkpt><trkpt lat="33.59079535338262" lon="130.3994561658103"><ele>12.55348825012219</ele><time>2026-01-04T09:10:55.00000Z</time><extensions><mytracks:speed>1.952564071007831</mytracks:speed><mytracks:gradient>0.01687294156733938</mytracks:gradient><mytracks:length>0.002711894543066432</mytracks:length></extensions></trkpt><trkpt lat="33.59079069408843" lon="130.3993784901365"><ele>12.45356972701848</ele><time>2026-01-04T09:11:06.00000Z</time><extensions><mytracks:speed>2.360686476786137</mytracks:speed><mytracks:length>0.007213208679068751</mytracks:length></extensions></trkpt><trkpt lat="33.59082519915294" lon="130.3993713375224"><ele>12.54175505649522</ele><time>2026-01-04T09:11:11.00000Z</time><extensions><mytracks:speed>2.803323450248781</mytracks:speed><mytracks:gradient>0.02264934401972894</mytracks:gradient><mytracks:length>0.003893504792012196</mytracks:length></extensions></trkpt><trkpt lat="33.59081238959887" lon="130.3993441043814"><ele>12.6250709515602</ele><time>2026-01-04T09:11:31.00000Z</time><extensions><mytracks:speed>0.5211247468911895</mytracks:speed><mytracks:gradient>0.02877787171144832</mytracks:gradient><mytracks:length>0.00289513748272883</mytracks:length></extensions></trkpt><trkpt lat="33.5907587352074" lon="130.3992292437647"><ele>12.20163521263748</ele><time>2026-01-04T09:12:59.00000Z</time><extensions><mytracks:speed>0.4989933714232916</mytracks:speed><mytracks:length>0.01219761574590269</mytracks:length></extensions></trkpt><trkpt lat="33.59072900122029" lon="130.3992962004342"><ele>11.75438863730075</ele><time>2026-01-04T09:13:04.00000Z</time><extensions><mytracks:speed>5.060461385720211</mytracks:speed><mytracks:length>0.007028418591278071</mytracks:length></extensions></trkpt><trkpt lat="33.59070477201109" lon="130.3993479698337"><ele>11.53521863583694</ele><time>2026-01-04T09:13:09.00000Z</time><extensions><mytracks:speed>3.960371120044091</mytracks:speed><mytracks:length>0.005500515444505682</mytracks:length></extensions></trkpt><trkpt lat="33.59068550202095" lon="130.3993979995437"><ele>11.01906472877089</ele><time>2026-01-04T09:13:14.00000Z</time><extensions><mytracks:speed>3.675863353540203</mytracks:speed><mytracks:length>0.005105365768805837</mytracks:length></extensions></trkpt><trkpt lat="33.59067254676433" lon="130.3994517935275"><ele>10.64807008077608</ele><time>2026-01-04T09:13:19.00000Z</time><extensions><mytracks:speed>3.734499296668258</mytracks:speed><mytracks:length>0.005186804578705914</mytracks:length></extensions></trkpt><trkpt lat="33.59063369000049" lon="130.399467101866"><ele>10.75005415506826</ele><time>2026-01-04T09:13:24.00000Z</time><extensions><mytracks:speed>3.273836007691574</mytracks:speed><mytracks:gradient>0.02242889787938541</mytracks:gradient><mytracks:length>0.004546994455127186</mytracks:length></extensions></trkpt><trkpt lat="33.59061083039499" lon="130.3994842042047"><ele>9.719609149381165</ele><time>2026-01-04T09:13:29.00000Z</time><extensions><mytracks:speed>2.156114174219848</mytracks:speed><mytracks:length>0.002994603019749788</mytracks:length></extensions></trkpt><trkpt lat="33.59056056012118" lon="130.399485495156"><ele>11.03848520850338</ele><time>2026-01-04T09:13:34.00000Z</time><extensions><mytracks:speed>4.025313952775754</mytracks:speed><mytracks:gradient>0.2359047700895931</mytracks:gradient><mytracks:length>0.005590713823299658</mytracks:length></extensions></trkpt><trkpt lat="33.5905136361238" lon="130.3994856618135"><ele>11.79152266526867</ele><time>2026-01-04T09:13:39.00000Z</time><extensions><mytracks:speed>3.756951398520836</mytracks:speed><mytracks:gradient>0.1443156728310276</mytracks:gradient><mytracks:length>0.005217988053501162</mytracks:length></extensions></trkpt><trkpt lat="33.59047616215972" lon="130.3995244916639"><ele>12.14733888519822</ele><time>2026-01-04T09:13:44.00000Z</time><extensions><mytracks:speed>3.963908745689194</mytracks:speed><mytracks:gradient>0.06463006461182647</mytracks:gradient><mytracks:length>0.005505428813457214</mytracks:length></extensions></trkpt><trkpt lat="33.59046597253254" lon="130.3995557017751"><ele>12.78867741770661</ele><time>2026-01-04T09:13:49.00000Z</time><extensions><mytracks:speed>2.235898595234502</mytracks:speed><mytracks:gradient>0.2065226680629538</mytracks:gradient><mytracks:length>0.003105414715603475</mytracks:length></extensions></trkpt><trkpt lat="33.59044260108221" lon="130.3995784914347"><ele>12.5595753927225</ele><time>2026-01-04T09:13:54.00000Z</time><extensions><mytracks:speed>2.410851190484257</mytracks:speed><mytracks:length>0.003348404431228135</mytracks:length></extensions></trkpt><trkpt lat="33.59041123099303" lon="130.399581425477"><ele>11.60736597572783</ele><time>2026-01-04T09:13:59.00000Z</time><extensions><mytracks:speed>2.519822459957419</mytracks:speed><mytracks:length>0.003499753416607526</mytracks:length></extensions></trkpt><trkpt lat="33.59037209037704" lon="130.3996094384236"><ele>11.40468844048777</ele><time>2026-01-04T09:14:04.00000Z</time><extensions><mytracks:speed>3.647793177475739</mytracks:speed><mytracks:length>0.005066379413160748</mytracks:length></extensions></trkpt><trkpt lat="33.59034062712421" lon="130.3996266799215"><ele>10.84638016684383</ele><time>2026-01-04T09:14:09.00000Z</time><extensions><mytracks:speed>2.768102313320587</mytracks:speed><mytracks:length>0.003844586546278594</mytracks:length></extensions></trkpt><trkpt lat="33.59028709662396" lon="130.3996141250388"><ele>10.96343688851734</ele><time>2026-01-04T09:14:14.00000Z</time><extensions><mytracks:speed>4.366601017523034</mytracks:speed><mytracks:gradient>0.01930124581263858</mytracks:gradient><mytracks:length>0.006064723635448658</mytracks:length></extensions></trkpt><trkpt lat="33.5902209620839" lon="130.3996377706374"><ele>10.92684538446238</ele><time>2026-01-04T09:14:19.00000Z</time><extensions><mytracks:speed>5.524799775333217</mytracks:speed><mytracks:length>0.007673333021296134</mytracks:length></extensions></trkpt><trkpt lat="33.59017533250532" lon="130.3996955349852"><ele>10.93793164916223</ele><time>2026-01-04T09:14:24.00000Z</time><extensions><mytracks:speed>5.309612990366397</mytracks:speed><mytracks:gradient>0.001503331899777991</mytracks:gradient><mytracks:length>0.007374462486619996</mytracks:length></extensions></trkpt><trkpt lat="33.59014428290678" lon="130.3997334550899"><ele>10.88018148943577</ele><time>2026-01-04T09:14:30.00000Z</time><extensions><mytracks:speed>2.955401544696349</mytracks:speed><mytracks:length>0.004925669241160582</mytracks:length></extensions></trkpt><trkpt lat="33.59010072937751" lon="130.3997435375941"><ele>11.54412365384851</ele><time>2026-01-04T09:14:35.00000Z</time><extensions><mytracks:speed>3.551089813440008</mytracks:speed><mytracks:gradient>0.1346173663555102</mytracks:gradient><mytracks:length>0.004932069185333345</mytracks:length></extensions></trkpt><trkpt lat="33.59006179404193" lon="130.3997661331742"><ele>11.72030301622825</ele><time>2026-01-04T09:14:40.00000Z</time><extensions><mytracks:speed>3.461815347440736</mytracks:speed><mytracks:gradient>0.03664237637838993</mytracks:gradient><mytracks:length>0.004808076871445467</mytracks:length></extensions></trkpt><trkpt lat="33.58999870763699" lon="130.399803822451"><ele>11.6596242437246</ele><time>2026-01-04T09:14:45.00000Z</time><extensions><mytracks:speed>5.64112410579586</mytracks:speed><mytracks:length>0.007834894591383139</mytracks:length></extensions></trkpt><trkpt lat="33.58995003056821" lon="130.3998237780015"><ele>11.44758481710101</ele><time>2026-01-04T09:14:50.00000Z</time><extensions><mytracks:speed>4.117690480387802</mytracks:speed><mytracks:length>0.00571901455609417</mytracks:length></extensions></trkpt><trkpt lat="33.58990396384046" lon="130.3998470367352"><ele>10.5219757052511</ele><time>2026-01-04T09:14:55.00000Z</time><extensions><mytracks:speed>4.00144881986336</mytracks:speed><mytracks:length>0.005557567805365778</mytracks:length></extensions></trkpt><trkpt lat="33.58985773025776" lon="130.3998693264321"><ele>10.88323798102629</ele><time>2026-01-04T09:15:00.00000Z</time><extensions><mytracks:speed>3.989169924073667</mytracks:speed><mytracks:gradient>0.06520375003041151</mytracks:gradient><mytracks:length>0.005540513783435648</mytracks:length></extensions></trkpt><trkpt lat="33.58982233955782" lon="130.3998780604486"><ele>10.34037109454528</ele><time>2026-01-04T09:15:05.00000Z</time><extensions><mytracks:speed>2.892730716483864</mytracks:speed><mytracks:length>0.004017681550672033</mytracks:length></extensions></trkpt><trkpt lat="33.58979051174985" lon="130.3999002437938"><ele>9.880144090222347</ele><time>2026-01-04T09:15:10.00000Z</time><extensions><mytracks:speed>2.946341405838743</mytracks:speed><mytracks:length>0.004092140841442699</mytracks:length></extensions></trkpt><trkpt lat="33.5897601136459" lon="130.3999278511778"><ele>9.289826106897134</ele><time>2026-01-04T09:15:15.00000Z</time><extensions><mytracks:speed>3.052268897338224</mytracks:speed><mytracks:length>0.0042392623574142</mytracks:length></extensions></trkpt><trkpt lat="33.58973141550504" lon="130.3999594622958"><ele>8.956097954940958</ele><time>2026-01-04T09:15:20.00000Z</time><extensions><mytracks:speed>3.118893726657074</mytracks:speed><mytracks:length>0.004331796842579269</mytracks:length></extensions></trkpt><trkpt lat="33.58969521593594" lon="130.3999935784622"><ele>8.663918249247791</ele><time>2026-01-04T09:15:25.00000Z</time><extensions><mytracks:speed>3.683481731357414</mytracks:speed><mytracks:length>0.005115946849107519</mytracks:length></extensions></trkpt><trkpt lat="33.58965181187487" lon="130.4000171139107"><ele>8.667830264170775</ele><time>2026-01-04T09:15:30.00000Z</time><extensions><mytracks:speed>3.813115922078194</mytracks:speed><mytracks:gradient>0.0007386743026194079</mytracks:gradient><mytracks:length>0.005295994336219714</mytracks:length></extensions></trkpt><trkpt lat="33.58962127032925" lon="130.400042991987"><ele>8.695640019716874</ele><time>2026-01-04T09:15:35.00000Z</time><extensions><mytracks:speed>2.992755727953932</mytracks:speed><mytracks:gradient>0.006690497258485284</mytracks:gradient><mytracks:length>0.004156605177713795</mytracks:length></extensions></trkpt><trkpt lat="33.58959613714092" lon="130.4000825173186"><ele>8.837609743623139</ele><time>2026-01-04T09:15:40.00000Z</time><extensions><mytracks:speed>3.316373555855527</mytracks:speed><mytracks:gradient>0.0308222820773702</mytracks:gradient><mytracks:length>0.004606074383132676</mytracks:length></extensions></trkpt><trkpt lat="33.58957022151069" lon="130.400116379928"><ele>9.084990560861986</ele><time>2026-01-04T09:15:45.00000Z</time><extensions><mytracks:speed>3.066776323430345</mytracks:speed><mytracks:gradient>0.05807863685759124</mytracks:gradient><mytracks:length>0.004259411560319924</mytracks:length></extensions></trkpt><trkpt lat="33.58953530117935" lon="130.40015289728"><ele>9.4271255769932</ele><time>2026-01-04T09:15:50.00000Z</time><extensions><mytracks:speed>3.707503318654361</mytracks:speed><mytracks:gradient>0.06644288364491135</mytracks:gradient><mytracks:length>0.005149310164797723</mytracks:length></extensions></trkpt><trkpt lat="33.58949628695885" lon="130.4001854827037"><ele>9.02522789217746</ele><time>2026-01-04T09:15:55.00000Z</time><extensions><mytracks:speed>3.805143173992745</mytracks:speed><mytracks:length>0.005284921074989924</mytracks:length></extensions></trkpt><trkpt lat="33.58945866363391" lon="130.4002142573021"><ele>8.644007455372879</ele><time>2026-01-04T09:16:00.00000Z</time><extensions><mytracks:speed>3.571425028018371</mytracks:speed><mytracks:length>0.004960312538914404</mytracks:length></extensions></trkpt><trkpt lat="33.58942021302835" lon="130.4002401952099"><ele>8.83500465231111</ele><time>2026-01-04T09:16:05.00000Z</time><extensions><mytracks:speed>3.530637477209854</mytracks:speed><mytracks:gradient>0.03894990145071531</mytracks:gradient><mytracks:length>0.004903663162791464</mytracks:length></extensions></trkpt><trkpt lat="33.58937741444721" lon="130.4002717344567"><ele>9.245477600603902</ele><time>2026-01-04T09:16:10.00000Z</time><extensions><mytracks:speed>4.020087401401017</mytracks:speed><mytracks:gradient>0.07351594462046107</mytracks:gradient><mytracks:length>0.005583454724168079</mytracks:length></extensions></trkpt><trkpt lat="33.58932336086463" lon="130.4003012758678"><ele>9.437106566943143</ele><time>2026-01-04T09:16:15.00000Z</time><extensions><mytracks:speed>4.755354467202261</mytracks:speed><mytracks:gradient>0.02901421055272623</mytracks:gradient><mytracks:length>0.006604658982225362</mytracks:length></extensions></trkpt><trkpt lat="33.58926682453346" lon="130.4003255228576"><ele>8.801472088335503</ele><time>2026-01-04T09:16:20.00000Z</time><extensions><mytracks:speed>4.806659545151955</mytracks:speed><mytracks:length>0.006675916034933271</mytracks:length></extensions></trkpt><trkpt lat="33.5892145468408" lon="130.4003712220068"><ele>8.748612639717066</ele><time>2026-01-04T09:16:25.00000Z</time><extensions><mytracks:speed>5.177742952385959</mytracks:speed><mytracks:length>0.007191309656091609</mytracks:length></extensions></trkpt><trkpt lat="33.58915374522871" lon="130.4004141332063"><ele>8.938312813063703</ele><time>2026-01-04T09:16:30.00000Z</time><extensions><mytracks:speed>5.646918790534574</mytracks:speed><mytracks:gradient>0.02418737188828043</mytracks:gradient><mytracks:length>0.007842942764631353</mytracks:length></extensions></trkpt><trkpt lat="33.58909980081032" lon="130.400449774355"><ele>8.947888482582213</ele><time>2026-01-04T09:16:36.00000Z</time><extensions><mytracks:speed>4.108318849502657</mytracks:speed><mytracks:gradient>0.001398479991834479</mytracks:gradient><mytracks:length>0.006847198082504429</mytracks:length></extensions></trkpt><trkpt lat="33.58906557860472" lon="130.4004961904296"><ele>8.78907288992413</ele><time>2026-01-04T09:16:41.00000Z</time><extensions><mytracks:speed>4.1335452328575</mytracks:speed><mytracks:length>0.005741035045635417</mytracks:length></extensions></trkpt><trkpt lat="33.58903522897857" lon="130.400545304815"><ele>9.214345187578715</ele><time>2026-01-04T09:16:46.00000Z</time><extensions><mytracks:speed>4.078356756347881</mytracks:speed><mytracks:gradient>0.07507829074411237</mytracks:gradient><mytracks:length>0.0056643843838165</mytracks:length></extensions></trkpt><trkpt lat="33.58901625324776" lon="130.4005829644483"><ele>9.073042911496582</ele><time>2026-01-04T09:16:51.00000Z</time><extensions><mytracks:speed>2.936015875150741</mytracks:speed><mytracks:length>0.004077799826598251</mytracks:length></extensions></trkpt><trkpt lat="33.58902775766558" lon="130.4006197165402"><ele>8.866728181004049</ele><time>2026-01-04T09:16:56.00000Z</time><extensions><mytracks:speed>2.618926089274068</mytracks:speed><mytracks:length>0.003637397346213984</mytracks:length></extensions></trkpt><trkpt lat="33.58905073070828" lon="130.4006490552329"><ele>8.016912341845183</ele><time>2026-01-04T09:17:01.00000Z</time><extensions><mytracks:speed>2.684993120471681</mytracks:speed><mytracks:length>0.003729157111766225</mytracks:length></extensions></trkpt><trkpt lat="33.58907476017033" lon="130.4006707861162"><ele>7.584819751697553</ele><time>2026-01-04T09:17:06.00000Z</time><extensions><mytracks:speed>2.407942460862253</mytracks:speed><mytracks:length>0.003344364528975352</mytracks:length></extensions></trkpt><trkpt lat="33.58908974311518" lon="130.4006658118939"><ele>8.298918896624496</ele><time>2026-01-04T09:17:11.00000Z</time><extensions><mytracks:speed>1.24358138102744</mytracks:speed><mytracks:gradient>0.4134440995913031</mytracks:gradient><mytracks:length>0.001727196362538111</mytracks:length></extensions></trkpt><trkpt lat="33.58909577018142" lon="130.4006459412244"><ele>8.706134831235422</ele><time>2026-01-04T09:17:16.00000Z</time><extensions><mytracks:speed>1.410798579780719</mytracks:speed><mytracks:gradient>0.2078223476560619</mytracks:gradient><mytracks:length>0.001959442471917666</mytracks:length></extensions></trkpt><trkpt lat="33.58910021489619" lon="130.4006489455126"><ele>8.242813182270899</ele><time>2026-01-04T09:17:21.00000Z</time><extensions><mytracks:speed>0.4043842538394321</mytracks:speed><mytracks:length>0.0005616447969992111</mytracks:length></extensions></trkpt><trkpt lat="33.5890612471463" lon="130.4007124417446"><ele>8.616811856627464</ele><time>2026-01-04T09:17:31.00000Z</time><extensions><mytracks:speed>2.629830446957481</mytracks:speed><mytracks:gradient>0.05119703550627439</mytracks:gradient><mytracks:length>0.007305084574881891</mytracks:length></extensions></trkpt><trkpt lat="33.58912386415233" lon="130.4007000873528"><ele>8.456250306776152</ele><time>2026-01-04T09:17:36.00000Z</time><extensions><mytracks:speed>5.080272982365018</mytracks:speed><mytracks:length>0.007055934697729192</mytracks:length></extensions></trkpt><trkpt lat="33.58908075080768" lon="130.4007469544507"><ele>7.913704964138887</ele><time>2026-01-04T09:17:41.00000Z</time><extensions><mytracks:speed>4.656568526531742</mytracks:speed><mytracks:length>0.006467456286849641</mytracks:length></extensions></trkpt><trkpt lat="33.58901165324188" lon="130.4007434772615"><ele>7.575049657189274</ele><time>2026-01-04T09:17:47.00000Z</time><extensions><mytracks:speed>4.614207079965943</mytracks:speed><mytracks:length>0.007690345133276571</mytracks:length></extensions></trkpt><trkpt lat="33.5890064027026" lon="130.4007081434781"><ele>7.356727674067315</ele><time>2026-01-04T09:17:55.00000Z</time><extensions><mytracks:speed>1.495841116808766</mytracks:speed><mytracks:length>0.003324091370686148</mytracks:length></extensions></trkpt><trkpt lat="33.58899294126012" lon="130.4007330675239"><ele>7.221059774734244</ele><time>2026-01-04T09:18:01.00000Z</time><extensions><mytracks:speed>1.650891803204542</mytracks:speed><mytracks:length>0.002751486338674236</mytracks:length></extensions></trkpt><trkpt lat="33.58897102739939" lon="130.4007772673322"><ele>6.999046453380722</ele><time>2026-01-04T09:18:11.00000Z</time><extensions><mytracks:speed>1.71531664663974</mytracks:speed><mytracks:length>0.004764768462888168</mytracks:length></extensions></trkpt><trkpt lat="33.58894949467995" lon="130.4008186079494"><ele>6.794378127000705</ele><time>2026-01-04T09:18:20.00000Z</time><extensions><mytracks:speed>1.806865894346807</mytracks:speed><mytracks:length>0.004517164735867017</mytracks:length></extensions></trkpt><trkpt lat="33.58893027126157" lon="130.4008554628105"><ele>6.60703694550875</ele><time>2026-01-04T09:18:29.00000Z</time><extensions><mytracks:speed>1.611105431177462</mytracks:speed><mytracks:length>0.004027763577943655</mytracks:length></extensions></trkpt><trkpt lat="33.58891703310233" lon="130.4008845947948"><ele>6.45447451337219</ele><time>2026-01-04T09:18:36.00000Z</time><extensions><mytracks:speed>1.580566671185283</mytracks:speed><mytracks:length>0.003073324082860273</mytracks:length></extensions></trkpt><trkpt lat="33.58890106051287" lon="130.4009177825677"><ele>6.292378782299348</ele><time>2026-01-04T09:18:44.00000Z</time><extensions><mytracks:speed>1.597326943332521</mytracks:speed><mytracks:length>0.003549615429627825</mytracks:length></extensions></trkpt><trkpt lat="33.5888755975264" lon="130.4009630442785"><ele>6.037477249527682</ele><time>2026-01-04T09:18:59.00000Z</time><extensions><mytracks:speed>1.214008299538285</mytracks:speed><mytracks:length>0.005058367914742856</mytracks:length></extensions></trkpt><trkpt lat="33.58885784268852" lon="130.400994222215"><ele>5.837605915822698</ele><time>2026-01-04T09:19:13.00000Z</time><extensions><mytracks:speed>0.8992741440272169</mytracks:speed><mytracks:length>0.00349717722677251</mytracks:length></extensions></trkpt><trkpt lat="33.58884884362497" lon="130.4010101650009"><ele>5.738674589828507</ele><time>2026-01-04T09:19:19.00000Z</time><extensions><mytracks:speed>1.070203386488063</mytracks:speed><mytracks:length>0.001783672310813438</mytracks:length></extensions></trkpt><trkpt lat="33.58882949544898" lon="130.4010448684724"><ele>5.519987299349267</ele><time>2026-01-04T09:19:34.00000Z</time><extensions><mytracks:speed>0.9285895153321253</mytracks:speed><mytracks:length>0.003869122980550521</mytracks:length></extensions></trkpt><trkpt lat="33.58881437872402" lon="130.4010714507357"><ele>5.362708135205163</ele><time>2026-01-04T09:19:46.00000Z</time><extensions><mytracks:speed>0.8943086471585718</mytracks:speed><mytracks:length>0.002981028823861906</mytracks:length></extensions></trkpt><trkpt lat="33.58879745389562" lon="130.4011006182719"><ele>5.195695386807263</ele><time>2026-01-04T09:19:58.00000Z</time><extensions><mytracks:speed>0.9878290329325866</mytracks:speed><mytracks:length>0.003292763443108622</mytracks:length></extensions></trkpt><trkpt lat="33.58877994426958" lon="130.4011282242165"><ele>5.040344196993202</ele><time>2026-01-04T09:20:09.00000Z</time><extensions><mytracks:speed>1.051791949204401</mytracks:speed><mytracks:length>0.003213808733680114</mytracks:length></extensions></trkpt><trkpt lat="33.58843907030892" lon="130.4016657906777"><ele>2.015790818907355</ele><time>2026-01-04T09:23:57.00000Z</time><extensions><mytracks:speed>0.9880894426642568</mytracks:speed><mytracks:length>0.06257899803540293</mytracks:length></extensions></trkpt><trkpt lat="33.58840254116102" lon="130.4016584641031"><ele>2.015790818907356</ele><time>2026-01-04T09:24:04.00000Z</time><extensions><mytracks:speed>2.118078189192878</mytracks:speed><mytracks:gradient>1.078282839885851e-16</mytracks:gradient><mytracks:length>0.004118485367875042</mytracks:length></extensions></trkpt><trkpt lat="33.58844642432764" lon="130.4015607508503"><ele>2.015790818907356</ele><time>2026-01-04T09:24:48.00000Z</time><extensions><mytracks:speed>0.8412887075264672</mytracks:speed><mytracks:gradient>0</mytracks:gradient><mytracks:length>0.0102824175364346</mytracks:length></extensions></trkpt><trkpt lat="33.58896623438775" lon="130.4006725803446"><ele>8.484584795311093</ele><time>2026-01-04T09:32:51.00000Z</time><extensions><mytracks:speed>0.749401696820598</mytracks:speed><mytracks:gradient>0.06433747574001795</mytracks:gradient><mytracks:length>0.1005447276567636</mytracks:length></extensions></trkpt><trkpt lat="33.58900048374636" lon="130.4006307852347"><ele>8.535103590254703</ele><time>2026-01-04T09:32:56.00000Z</time><extensions><mytracks:speed>3.909313383513025</mytracks:speed><mytracks:gradient>0.009304327586731559</mytracks:gradient><mytracks:length>0.005429601921545867</mytracks:length></extensions></trkpt><trkpt lat="33.58901033156828" lon="130.400628390859"><ele>8.517841551224356</ele><time>2026-01-04T09:33:01.00000Z</time><extensions><mytracks:speed>0.8029708092177248</mytracks:speed><mytracks:length>0.001115237235024618</mytracks:length></extensions></trkpt><trkpt lat="33.58900216394218" lon="130.4005968614399"><ele>5.189327351825369</ele><time>2026-01-04T09:33:08.00000Z</time><extensions><mytracks:speed>1.572249831171955</mytracks:speed><mytracks:length>0.003057152449501023</mytracks:length></extensions></trkpt><trkpt lat="33.58902435660703" lon="130.4005507798603"><ele>4.956301778425399</ele><time>2026-01-04T09:33:16.00000Z</time><extensions><mytracks:speed>2.218197316312121</mytracks:speed><mytracks:length>0.004929327369582491</mytracks:length></extensions></trkpt><trkpt lat="33.58904120951795" lon="130.400521490164"><ele>4.835070035975014</ele><time>2026-01-04T09:33:21.00000Z</time><extensions><mytracks:speed>2.373743935236083</mytracks:speed><mytracks:length>0.003296866576716781</mytracks:length></extensions></trkpt><trkpt lat="33.58905867527714" lon="130.4004909477996"><ele>4.717259417034513</ele><time>2026-01-04T09:33:27.00000Z</time><extensions><mytracks:speed>2.057710264782249</mytracks:speed><mytracks:length>0.003429517107970416</mytracks:length></extensions></trkpt><trkpt lat="33.58907702888784" lon="130.4004589485101"><ele>4.594679157549087</ele><time>2026-01-04T09:33:33.00000Z</time><extensions><mytracks:speed>2.159271995604354</mytracks:speed><mytracks:length>0.003598786659340591</mytracks:length></extensions></trkpt><trkpt lat="33.5891026013194" lon="130.4004089240905"><ele>4.403626277913234</ele><time>2026-01-04T09:33:42.00000Z</time><extensions><mytracks:speed>2.175158077361865</mytracks:speed><mytracks:length>0.005437895193404662</mytracks:length></extensions></trkpt><trkpt lat="33.58912042325065" lon="130.4003797838435"><ele>4.292188884469721</ele><time>2026-01-04T09:33:48.00000Z</time><extensions><mytracks:speed>2.009849989554573</mytracks:speed><mytracks:length>0.003349749982590956</mytracks:length></extensions></trkpt><trkpt lat="33.58913959113048" lon="130.4003444437612"><ele>4.158966443134553</ele><time>2026-01-04T09:33:56.00000Z</time><extensions><mytracks:speed>1.757796966462483</mytracks:speed><mytracks:length>0.003906215481027739</mytracks:length></extensions></trkpt><trkpt lat="33.58915092462537" lon="130.4002485178551"><ele>4.054661449684548</ele><time>2026-01-04T09:34:06.00000Z</time><extensions><mytracks:speed>3.230738437035606</mytracks:speed><mytracks:length>0.008974273436210019</mytracks:length></extensions></trkpt><trkpt lat="33.58937254507906" lon="130.398373249212"><ele>2.015790818907355</ele><time>2026-01-04T09:37:35.00000Z</time><extensions><mytracks:speed>3.021967420761753</mytracks:speed><mytracks:length>0.1754419974831128</mytracks:length></extensions></trkpt><trkpt lat="33.58935915382239" lon="130.3982963742649"><ele>2.015790818907356</ele><time>2026-01-04T09:37:41.00000Z</time><extensions><mytracks:speed>4.364876815456959</mytracks:speed><mytracks:gradient>6.104491310418402e-17</mytracks:gradient><mytracks:length>0.007274794692428265</mytracks:length></extensions></trkpt><trkpt lat="33.58934261282365" lon="130.3982511246585"><ele>2.015790818907356</ele><time>2026-01-04T09:37:48.00000Z</time><extensions><mytracks:speed>2.354201636078472</mytracks:speed><mytracks:gradient>0</mytracks:gradient><mytracks:length>0.004577614292374807</mytracks:length></extensions></trkpt><trkpt lat="33.58933390814806" lon="130.3982289920257"><ele>2.015790818907355</ele><time>2026-01-04T09:37:54.00000Z</time><extensions><mytracks:speed>1.361121901971385</mytracks:speed><mytracks:length>0.002268536503285641</mytracks:length></extensions></trkpt><trkpt lat="33.58936509156097" lon="130.3982624679889"><ele>4.864633887245108</ele><time>2026-01-04T09:38:01.00000Z</time><extensions><mytracks:speed>2.391871254128179</mytracks:speed><mytracks:gradient>0.612541034455474</mytracks:gradient><mytracks:length>0.004650860771915905</mytracks:length></extensions></trkpt><trkpt lat="33.58946539479577" lon="130.3983914599152"><ele>14.09667362924665</ele><time>2026-01-04T09:38:22.00000Z</time><extensions><mytracks:speed>2.801977704918162</mytracks:speed><mytracks:gradient>0.5648279718875727</mytracks:gradient><mytracks:length>0.01634486994535595</mytracks:length></extensions></trkpt><trkpt lat="33.5893979386019" lon="130.3982261753665"><ele>14.48887694431138</ele><time>2026-01-04T09:38:28.00000Z</time><extensions><mytracks:speed>10.22925082236378</mytracks:speed><mytracks:gradient>0.02300481170374311</mytracks:gradient><mytracks:length>0.0170487513706063</mytracks:length></extensions></trkpt><trkpt lat="33.58937720365353" lon="130.3981244624327"><ele>14.61123051098383</ele><time>2026-01-04T09:38:33.00000Z</time><extensions><mytracks:speed>6.983765737765914</mytracks:speed><mytracks:gradient>0.01261419287416491</mytracks:gradient><mytracks:length>0.009699674635785992</mytracks:length></extensions></trkpt><trkpt lat="33.58936124373814" lon="130.398110096846"><ele>13.37963167665943</ele><time>2026-01-04T09:38:49.00000Z</time><extensions><mytracks:speed>0.4991218211995629</mytracks:speed><mytracks:length>0.002218319205331391</mytracks:length></extensions></trkpt><trkpt lat="33.58935430183143" lon="130.3981102388418"><ele>12.36737792567903</ele><time>2026-01-04T09:39:02.00000Z</time><extensions><mytracks:speed>0.2119549407544919</mytracks:speed><mytracks:length>0.000765392841613443</mytracks:length></extensions></trkpt><trkpt lat="33.58934985832519" lon="130.3981134959547"><ele>11.52069284451166</ele><time>2026-01-04T09:39:13.00000Z</time><extensions><mytracks:speed>0.1915267025970536</mytracks:speed><mytracks:length>0.0005852204801576639</mytracks:length></extensions></trkpt><trkpt lat="33.5893450739153" lon="130.3981142931463"><ele>10.80208340462033</ele><time>2026-01-04T09:39:22.00000Z</time><extensions><mytracks:speed>0.2148140574903248</mytracks:speed><mytracks:length>0.0005370351437258119</mytracks:length></extensions></trkpt><trkpt lat="33.58934158154852" lon="130.3981162650884"><ele>10.18446546401997</ele><time>2026-01-04T09:39:31.00000Z</time><extensions><mytracks:speed>0.169825423772945</mytracks:speed><mytracks:length>0.0004245635594323624</mytracks:length></extensions></trkpt><trkpt lat="33.58933722222005" lon="130.3981135932325"><ele>9.647957879110894</ele><time>2026-01-04T09:39:39.00000Z</time><extensions><mytracks:speed>0.2416658146766154</mytracks:speed><mytracks:length>0.0005370351437258119</mytracks:length></extensions></trkpt><trkpt lat="33.5893337041207" lon="130.3981136218015"><ele>9.113320906984196</ele><time>2026-01-04T09:39:47.00000Z</time><extensions><mytracks:speed>0.1708835363388062</mytracks:speed><mytracks:length>0.0003797411918640138</mytracks:length></extensions></trkpt><trkpt lat="33.5893296662408" lon="130.398109215735"><ele>8.81734078855218</ele><time>2026-01-04T09:39:55.00000Z</time><extensions><mytracks:speed>0.2701905947273892</mytracks:speed><mytracks:length>0.0006004235438386426</mytracks:length></extensions></trkpt><trkpt lat="33.58925540068545" lon="130.3980026754331"><ele>4.20579081890736</ele><time>2026-01-04T09:41:59.00000Z</time><extensions><mytracks:speed>0.3735928629387644</mytracks:speed><mytracks:length>0.01286819861233522</mytracks:length></extensions></trkpt><trkpt lat="33.58925858479738" lon="130.3980576941067"><ele>4.20579081890736</ele><time>2026-01-04T09:42:05.00000Z</time><extensions><mytracks:speed>3.064807856236648</mytracks:speed><mytracks:gradient>0</mytracks:gradient><mytracks:length>0.005108013093727747</mytracks:length></extensions></trkpt><trkpt lat="33.58925271365651" lon="130.398021070075"><ele>6.208957813102704</ele><time>2026-01-04T09:42:12.00000Z</time><extensions><mytracks:speed>1.776544830039217</mytracks:speed><mytracks:gradient>0.5798897674991846</mytracks:gradient><mytracks:length>0.003454392725076254</mytracks:length></extensions></trkpt><trkpt lat="33.58926274368623" lon="130.3980081738761"><ele>7.513084389985931</ele><time>2026-01-04T09:42:23.00000Z</time><extensions><mytracks:speed>0.5345439135886956</mytracks:speed><mytracks:gradient>0.7984471447070379</mytracks:gradient><mytracks:length>0.001633328624854348</mytracks:length></extensions></trkpt><trkpt lat="33.58926822845224" lon="130.3979729224771"><ele>9.621177136767034</ele><time>2026-01-04T09:42:45.00000Z</time><extensions><mytracks:speed>0.5432763082423981</mytracks:speed><mytracks:gradient>0.6349635094662353</mytracks:gradient><mytracks:length>0.003320021883703544</mytracks:length></extensions></trkpt><trkpt lat="33.5892697843572" lon="130.3979591596477"><ele>10.65976923221374</ele><time>2026-01-04T09:42:56.00000Z</time><extensions><mytracks:speed>0.4203035694530536</mytracks:speed><mytracks:gradient>0.8087080203555241</mytracks:gradient><mytracks:length>0.001284260906662108</mytracks:length></extensions></trkpt><trkpt lat="33.58926885642691" lon="130.3979427085917"><ele>10.8800725676182</ele><time>2026-01-04T09:43:08.00000Z</time><extensions><mytracks:speed>0.4583517085661695</mytracks:speed><mytracks:gradient>0.1441927659178719</mytracks:gradient><mytracks:length>0.001527839028553898</mytracks:length></extensions></trkpt><trkpt lat="33.58923195143313" lon="130.397592862597"><ele>15.11379349697381</ele><time>2026-01-04T09:46:52.00000Z</time><extensions><mytracks:speed>0.5249630124916972</mytracks:speed><mytracks:gradient>0.129612833453818</mytracks:gradient><mytracks:length>0.03266436522170561</mytracks:length></extensions></trkpt><trkpt lat="33.5892131717059" lon="130.3974325672871"><ele>14.61102861331439</ele><time>2026-01-04T09:46:58.00000Z</time><extensions><mytracks:speed>8.996080055972612</mytracks:speed><mytracks:length>0.01499346675995436</mytracks:length></extensions></trkpt><trkpt lat="33.58918577902099" lon="130.3974147227011"><ele>14.40893704013221</ele><time>2026-01-04T09:47:03.00000Z</time><extensions><mytracks:speed>2.49560179284688</mytracks:speed><mytracks:length>0.003466113601176222</mytracks:length></extensions></trkpt><trkpt lat="33.58917432250922" lon="130.3974130999792"><ele>14.26804745854175</ele><time>2026-01-04T09:47:08.00000Z</time><extensions><mytracks:speed>0.9221379770495455</mytracks:speed><mytracks:length>0.001280747190346591</mytracks:length></extensions></trkpt><trkpt lat="33.589142144211" lon="130.397430890492"><ele>14.2486039263402</ele><time>2026-01-04T09:47:13.00000Z</time><extensions><mytracks:speed>2.836460811973495</mytracks:speed><mytracks:length>0.003939528905518744</mytracks:length></extensions></trkpt><trkpt lat="33.58910936440586" lon="130.3974645882109"><ele>14.14132987533135</ele><time>2026-01-04T09:47:19.00000Z</time><extensions><mytracks:speed>2.879217149459686</mytracks:speed><mytracks:length>0.004798695249099476</mytracks:length></extensions></trkpt><trkpt lat="33.58910487763515" lon="130.3974865960987"><ele>16.85104528849896</ele><time>2026-01-04T09:47:25.00000Z</time><extensions><mytracks:speed>1.258313567170507</mytracks:speed><mytracks:gradient>1.292070029536811</mytracks:gradient><mytracks:length>0.002097189278617512</mytracks:length></extensions></trkpt><trkpt lat="33.58910057686714" lon="130.3975008293836"><ele>18.50037358967999</ele><time>2026-01-04T09:47:34.00000Z</time><extensions><mytracks:speed>0.5619656452384628</mytracks:speed><mytracks:gradient>1.173970910966387</mytracks:gradient><mytracks:length>0.001404914113096157</mytracks:length></extensions></trkpt><trkpt lat="33.58910246492932" lon="130.3975517660808"><ele>17.01532104177834</ele><time>2026-01-04T09:48:06.00000Z</time><extensions><mytracks:speed>0.5313342870795893</mytracks:speed><mytracks:length>0.00472297144070746</mytracks:length></extensions></trkpt><trkpt lat="33.58910543522518" lon="130.3976159730737"><ele>15.66235951262481</ele><time>2026-01-04T09:48:37.00000Z</time><extensions><mytracks:speed>0.6916654296831669</mytracks:speed><mytracks:length>0.00595600786671616</mytracks:length></extensions></trkpt><trkpt lat="33.58910584396365" lon="130.397626373404"><ele>15.35243508075737</ele><time>2026-01-04T09:48:45.00000Z</time><extensions><mytracks:speed>0.4335696201405103</mytracks:speed><mytracks:length>0.0009634880447566896</mytracks:length></extensions></trkpt><trkpt lat="33.58910593789395" lon="130.3976464055183"><ele>14.89945209636781</ele><time>2026-01-04T09:48:56.00000Z</time><extensions><mytracks:speed>0.6064570112055472</mytracks:speed><mytracks:length>0.001853063089794727</mytracks:length></extensions></trkpt><trkpt lat="33.58910799973499" lon="130.3977036442973"><ele>13.86774132289614</ele><time>2026-01-04T09:49:22.00000Z</time><extensions><mytracks:speed>0.7347039643169692</mytracks:speed><mytracks:length>0.005306195297844777</mytracks:length></extensions></trkpt><trkpt lat="33.58910816953573" lon="130.3977161797636"><ele>13.57700669786106</ele><time>2026-01-04T09:49:30.00000Z</time><extensions><mytracks:speed>0.5232218368405285</mytracks:speed><mytracks:length>0.001162715192978952</mytracks:length></extensions></trkpt><trkpt lat="33.58910986408589" lon="130.3977488087419"><ele>12.74688731580192</ele><time>2026-01-04T09:49:49.00000Z</time><extensions><mytracks:speed>0.5739188731603104</mytracks:speed><mytracks:length>0.00302901627501275</mytracks:length></extensions></trkpt><trkpt lat="33.58911565710571" lon="130.3977683892427"><ele>12.18021427546996</ele><time>2026-01-04T09:50:02.00000Z</time><extensions><mytracks:speed>0.5329761523039761</mytracks:speed><mytracks:length>0.001924636105542136</mytracks:length></extensions></trkpt><trkpt lat="33.58912326696512" lon="130.3977879461935"><ele>11.59940143484256</ele><time>2026-01-04T09:50:16.00000Z</time><extensions><mytracks:speed>0.5143913631224851</mytracks:speed><mytracks:length>0.002000410856587442</mytracks:length></extensions></trkpt><trkpt lat="33.58913990268618" lon="130.3978239343115"><ele>10.58309838303377</ele><time>2026-01-04T09:50:42.00000Z</time><extensions><mytracks:speed>0.5277635463382224</mytracks:speed><mytracks:length>0.003811625612442718</mytracks:length></extensions></trkpt><trkpt lat="33.58915412053203" lon="130.3978535835614"><ele>9.729785435436746</ele><time>2026-01-04T09:51:04.00000Z</time><extensions><mytracks:speed>0.5185016385662764</mytracks:speed><mytracks:length>0.003168621124571689</mytracks:length></extensions></trkpt><trkpt lat="33.58916391836269" lon="130.3978738009353"><ele>9.141792283284429</ele><time>2026-01-04T09:51:20.00000Z</time><extensions><mytracks:speed>0.4875611554374001</mytracks:speed><mytracks:length>0.002166938468610667</mytracks:length></extensions></trkpt><trkpt lat="33.58917307417084" lon="130.3978954191919"><ele>8.540167114252736</ele><time>2026-01-04T09:51:36.00000Z</time><extensions><mytracks:speed>0.5050287939244145</mytracks:speed><mytracks:length>0.002244572417441842</mytracks:length></extensions></trkpt><trkpt lat="33.58918107336945" lon="130.3979136468556"><ele>7.993304830642598</ele><time>2026-01-04T09:51:51.00000Z</time><extensions><mytracks:speed>0.4579622095739467</mytracks:speed><mytracks:length>0.001908175873224778</mytracks:length></extensions></trkpt><trkpt lat="33.589279424201" lon="130.3981199730619"><ele>9.092800746671855</ele><time>2026-01-04T09:54:54.00000Z</time><extensions><mytracks:speed>0.4331697872047493</mytracks:speed><mytracks:gradient>0.04993290967010477</mytracks:gradient><mytracks:length>0.02201946418290809</mytracks:length></extensions></trkpt><trkpt lat="33.58934057032297" lon="130.3981890685093"><ele>14.16459633751505</ele><time>2026-01-04T09:54:59.00000Z</time><extensions><mytracks:speed>6.723002237231</mytracks:speed><mytracks:gradient>0.5431640056855194</mytracks:gradient><mytracks:length>0.009337503107265279</mytracks:length></extensions></trkpt><trkpt lat="33.58932791054707" lon="130.3981233894895"><ele>14.31822407148609</ele><time>2026-01-04T09:55:04.00000Z</time><extensions><mytracks:speed>4.495763652540721</mytracks:speed><mytracks:gradient>0.02460359952344044</mytracks:gradient><mytracks:length>0.006244116184084336</mytracks:length></extensions></trkpt><trkpt lat="33.58932953058205" lon="130.3981496392462"><ele>14.45956127700683</ele><time>2026-01-04T09:55:10.00000Z</time><extensions><mytracks:speed>1.462250153074652</mytracks:speed><mytracks:gradient>0.05799440207554579</mytracks:gradient><mytracks:length>0.002437083588457753</mytracks:length></extensions></trkpt><trkpt lat="33.58932441622387" lon="130.3981623676464"><ele>12.09859080222946</ele><time>2026-01-04T09:55:21.00000Z</time><extensions><mytracks:speed>0.4282667265133981</mytracks:speed><mytracks:length>0.001308592775457605</mytracks:length></extensions></trkpt></trkseg></trk></gpx>

