<?xml version="1.0" encoding="utf-8"?>
<gpx xmlns="http://www.topografix.com/GPX/1/1" xmlns:xsd="http://www.w3.org/2001/XMLSchema" xmlns:xsi="http://www.w3.org/2001/XMLSchema-instance" xmlns:mytracks="http://mytracks.stichling.info/myTracksGPX/1/0" creator="myTracks" version="1.1" xsi:schemaLocation="http://www.topografix.com/GPX/1/1 http://www.topografix.com/GPX/1/1/gpx.xsd"><trk><name>2026-01-02 15:56:11</name><extensions><mytracks:color red="0.000000" green="0.000000" blue="1.000000" alpha="1.000000"/><mytracks:area showArea="no" areaDistance="0.000000"/><mytracks:directionArrows showDirectionArrows="yes"/><mytracks:sync syncPhotosOniPhone="no"/><mytracks:timezone offset="540"/></extensions><trkseg><trkpt lat="33.57492316517381" lon="130.3505781759791"><ele>12.62643051147461</ele><time>2026-01-02T06:56:11.00000Z</time><extensions><mytracks:speed>0</mytracks:speed><mytracks:gradient>0</mytracks:gradient><mytracks:length>0</mytracks:length></extensions></trkpt><trkpt lat="33.57483958356813" lon="130.3505454079501"><ele>7.15072266291827</ele><time>2026-01-02T06:56:40.00000Z</time><extensions><mytracks:speed>1.213691615235222</mytracks:speed><mytracks:length>0.009776953039863338</mytracks:length></extensions></trkpt><trkpt lat="33.57478038009803" lon="130.3505438112979"><ele>9.958815919980408</ele><time>2026-01-02T06:56:45.00000Z</time><extensions><mytracks:speed>4.740651081170435</mytracks:speed><mytracks:gradient>0.4264923745795411</mytracks:gradient><mytracks:length>0.006584158180625166</mytracks:length></extensions></trkpt><trkpt lat="33.57456254070902" lon="130.3505142889172"><ele>10.39769232738763</ele><time>2026-01-02T06:56:58.00000Z</time><extensions><mytracks:speed>6.750511226836172</mytracks:speed><mytracks:gradient>0.01800402825850767</mytracks:gradient><mytracks:length>0.0243765673495783</mytracks:length></extensions></trkpt><trkpt lat="33.57450419790067" lon="130.350504429623"><ele>8.828193559279468</ele><time>2026-01-02T06:57:03.00900Z</time><extensions><mytracks:speed>4.708007378624108</mytracks:speed><mytracks:length>0.006551223460476547</mytracks:length></extensions></trkpt><trkpt lat="33.57448241602066" lon="130.3505083068257"><ele>7.867475023452768</ele><time>2026-01-02T06:57:07.98800Z</time><extensions><mytracks:speed>1.768821164070451</mytracks:speed><mytracks:length>0.002446311503290125</mytracks:length></extensions></trkpt><trkpt lat="33.57449723310503" lon="130.3505105432788"><ele>7.686766036466559</ele><time>2026-01-02T06:57:13.00600Z</time><extensions><mytracks:speed>1.189492976966294</mytracks:speed><mytracks:length>0.001657973701229196</mytracks:length></extensions></trkpt><trkpt lat="33.57450251704311" lon="130.3505147134621"><ele>8.081627970074647</ele><time>2026-01-02T06:57:18.00600Z</time><extensions><mytracks:speed>0.5068789836940198</mytracks:speed><mytracks:gradient>0.560836416031212</mytracks:gradient><mytracks:length>0.0007040590131474508</mytracks:length></extensions></trkpt><trkpt lat="33.57450019927254" lon="130.3505145349392"><ele>7.742703822784242</ele><time>2026-01-02T06:57:22.98300Z</time><extensions><mytracks:speed>0.1942374529564314</mytracks:speed><mytracks:length>0.0002685175718629059</mytracks:length></extensions></trkpt><trkpt lat="33.57449772159449" lon="130.3505060974111"><ele>7.097265491894319</ele><time>2026-01-02T06:57:27.99000Z</time><extensions><mytracks:speed>0.591095749543587</mytracks:speed><mytracks:length>0.0008221637975440417</mytracks:length></extensions></trkpt><trkpt lat="33.57447583816688" lon="130.3505070144741"><ele>7.006893384646863</ele><time>2026-01-02T06:57:34.89800Z</time><extensions><mytracks:speed>1.268186436380523</mytracks:speed><mytracks:length>0.002433382624153122</mytracks:length></extensions></trkpt><trkpt lat="33.57442575688979" lon="130.350515529084"><ele>7.04303156576095</ele><time>2026-01-02T06:57:42.43400Z</time><extensions><mytracks:speed>2.686682894575394</mytracks:speed><mytracks:gradient>0.006425175786941535</mytracks:gradient><mytracks:length>0.005624465744195574</mytracks:length></extensions></trkpt><trkpt lat="33.57412058796373" lon="130.3505616306543"><ele>6.719175194390118</ele><time>2026-01-02T06:58:27.99900Z</time><extensions><mytracks:speed>2.702176643492313</mytracks:speed><mytracks:length>0.03420082814414635</mytracks:length></extensions></trkpt><trkpt lat="33.57404903710042" lon="130.3505636359767"><ele>9.253912272513917</ele><time>2026-01-02T06:58:33.00000Z</time><extensions><mytracks:speed>5.727946929163453</mytracks:speed><mytracks:gradient>0.3185305761823178</mytracks:gradient><mytracks:length>0.007957594239471025</mytracks:length></extensions></trkpt><trkpt lat="33.57398802221755" lon="130.3505652330939"><ele>9.371227409564183</ele><time>2026-01-02T06:58:38.49800Z</time><extensions><mytracks:speed>4.442927081734561</mytracks:speed><mytracks:gradient>0.01728854254978693</mytracks:gradient><mytracks:length>0.006785715841137327</mytracks:length></extensions></trkpt><trkpt lat="33.57392009143784" lon="130.3505551059941"><ele>10.32882614986421</ele><time>2026-01-02T06:58:43.99400Z</time><extensions><mytracks:speed>4.986047472080122</mytracks:speed><mytracks:gradient>0.1258010121769648</mytracks:gradient><mytracks:length>0.007612011411744235</mytracks:length></extensions></trkpt><trkpt lat="33.57385600760115" lon="130.3505533382446"><ele>11.30434721322273</ele><time>2026-01-02T06:58:48.99800Z</time><extensions><mytracks:speed>5.128300224889828</mytracks:speed><mytracks:gradient>0.1368626408892378</mytracks:gradient><mytracks:length>0.007127738125030054</mytracks:length></extensions></trkpt><trkpt lat="33.57378713743358" lon="130.3505930883483"><ele>10.78288012323871</ele><time>2026-01-02T06:58:53.95100Z</time><extensions><mytracks:speed>6.176774531218062</mytracks:speed><mytracks:length>0.00849763725565879</mytracks:length></extensions></trkpt><trkpt lat="33.57375311596347" lon="130.3506969740552"><ele>8.364545087863469</ele><time>2026-01-02T06:58:59.69600Z</time><extensions><mytracks:speed>6.479712610848394</mytracks:speed><mytracks:length>0.01034141316994752</mytracks:length></extensions></trkpt><trkpt lat="33.57376413875807" lon="130.3507776627751"><ele>6.125678041715646</ele><time>2026-01-02T06:59:04.95900Z</time><extensions><mytracks:speed>5.18159383773046</mytracks:speed><mytracks:length>0.00757521812642586</mytracks:length></extensions></trkpt><trkpt lat="33.57377480529136" lon="130.3508443157734"><ele>4.585746730324177</ele><time>2026-01-02T06:59:09.96700Z</time><extensions><mytracks:speed>4.520428474625114</mytracks:speed><mytracks:length>0.00628798555016927</mytracks:length></extensions></trkpt><trkpt lat="33.57377247456046" lon="130.3508726166608"><ele>3.405738440077601</ele><time>2026-01-02T06:59:14.97300Z</time><extensions><mytracks:speed>1.895524858596123</mytracks:speed><mytracks:length>0.002636057667563109</mytracks:length></extensions></trkpt><trkpt lat="33.57375453524819" lon="130.3507930643169"><ele>4.901037496514618</ele><time>2026-01-02T06:59:31.00000Z</time><extensions><mytracks:speed>1.715343322143177</mytracks:speed><mytracks:gradient>0.1958160118445633</mytracks:gradient><mytracks:length>0.007636245076955048</mytracks:length></extensions></trkpt><trkpt lat="33.57377263182734" lon="130.3507681671528"><ele>5.022695847829648</ele><time>2026-01-02T06:59:35.99000Z</time><extensions><mytracks:speed>2.208693738076568</mytracks:speed><mytracks:gradient>0.0397372253503748</mytracks:gradient><mytracks:length>0.0030615713664538</mytracks:length></extensions></trkpt><trkpt lat="33.57377569588444" lon="130.3507636693912"><ele>5.019108625128865</ele><time>2026-01-02T06:59:40.99200Z</time><extensions><mytracks:speed>0.3924966720996803</mytracks:speed><mytracks:length>0.0005453617665334611</mytracks:length></extensions></trkpt><trkpt lat="33.57384247747091" lon="130.350724213304"><ele>5.259319556877017</ele><time>2026-01-02T06:59:54.99900Z</time><extensions><mytracks:speed>2.12731784789348</mytracks:speed><mytracks:gradient>0.02902024785694073</mytracks:gradient><mytracks:length>0.008277356311093699</mytracks:length></extensions></trkpt><trkpt lat="33.57384339338212" lon="130.3507215984164"><ele>5.270337682579306</ele><time>2026-01-02T07:00:00.43900Z</time><extensions><mytracks:speed>0.1777196346599587</mytracks:speed><mytracks:gradient>0.04103316451823851</mytracks:gradient><mytracks:length>0.0002685175718629059</mytracks:length></extensions></trkpt><trkpt lat="33.57384347444017" lon="130.3507506743609"><ele>5.181204009801149</ele><time>2026-01-02T07:00:23.99900Z</time><extensions><mytracks:speed>0.4115710679238362</mytracks:speed><mytracks:length>0.002693553822353409</mytracks:length></extensions></trkpt><trkpt lat="33.57384597596505" lon="130.3507648055158"><ele>5.245752398958738</ele><time>2026-01-02T07:00:48.53700Z</time><extensions><mytracks:speed>0.1959851837241232</mytracks:speed><mytracks:gradient>0.04831979640465805</mytracks:gradient><mytracks:length>0.001335858053229829</mytracks:length></extensions></trkpt><trkpt lat="33.57382325906111" lon="130.3508776396328"><ele>5.370965792797506</ele><time>2026-01-02T07:02:25.99900Z</time><extensions><mytracks:speed>0.397229998519523</mytracks:speed><mytracks:gradient>0.01164329480261508</mytracks:gradient><mytracks:length>0.01075412037240914</mytracks:length></extensions></trkpt><trkpt lat="33.57382293609455" lon="130.350856328311"><ele>5.479569723185767</ele><time>2026-01-02T07:02:30.99900Z</time><extensions><mytracks:speed>1.422357374306806</mytracks:speed><mytracks:gradient>0.05497609353417377</mytracks:gradient><mytracks:length>0.001975475582322917</mytracks:length></extensions></trkpt><trkpt lat="33.57383951921205" lon="130.3508253912601"><ele>5.360688654554185</ele><time>2026-01-02T07:02:35.99900Z</time><extensions><mytracks:speed>2.453142135692747</mytracks:speed><mytracks:length>0.003407106031555748</mytracks:length></extensions></trkpt><trkpt lat="33.57384944567866" lon="130.3507599363843"><ele>5.418588461337015</ele><time>2026-01-02T07:02:41.49900Z</time><extensions><mytracks:speed>4.032930100465886</mytracks:speed><mytracks:gradient>0.009396230610389555</mytracks:gradient><mytracks:length>0.006162024878232459</mytracks:length></extensions></trkpt><trkpt lat="33.57384429400263" lon="130.3507393859625"><ele>5.184928101918998</ele><time>2026-01-02T07:02:46.50000Z</time><extensions><mytracks:speed>1.430362349908912</mytracks:speed><mytracks:length>0.001986848592709958</mytracks:length></extensions></trkpt><trkpt lat="33.57380565960976" lon="130.3507315697635"><ele>6.345319796353579</ele><time>2026-01-02T07:02:58.00000Z</time><extensions><mytracks:speed>1.363836061107846</mytracks:speed><mytracks:gradient>0.2663469392484414</mytracks:gradient><mytracks:length>0.004356692431716656</mytracks:length></extensions></trkpt><trkpt lat="33.57380899902459" lon="130.3507432554131"><ele>6.801775976616129</ele><time>2026-01-02T07:03:10.50000Z</time><extensions><mytracks:speed>0.3303705687148549</mytracks:speed><mytracks:gradient>0.3979192468638048</mytracks:gradient><mytracks:length>0.00114710756984012</mytracks:length></extensions></trkpt><trkpt lat="33.57378448505249" lon="130.3507433509712"><ele>6.602342052793154</ele><time>2026-01-02T07:03:18.80000Z</time><extensions><mytracks:speed>1.182007566986484</mytracks:speed><mytracks:length>0.00272515572015851</mytracks:length></extensions></trkpt><trkpt lat="33.57366409150664" lon="130.3507268522431"><ele>5.926710593514144</ele><time>2026-01-02T07:03:53.99900Z</time><extensions><mytracks:speed>1.378049862649016</mytracks:speed><mytracks:length>0.01347412506818641</mytracks:length></extensions></trkpt><trkpt lat="33.57359911946781" lon="130.3506411763596"><ele>5.23090467043221</ele><time>2026-01-02T07:04:01.99900Z</time><extensions><mytracks:speed>4.829779192472428</mytracks:speed><mytracks:length>0.01073272829868858</mytracks:length></extensions></trkpt><trkpt lat="33.57355277788048" lon="130.350596475296"><ele>5.495840870620682</ele><time>2026-01-02T07:04:06.99900Z</time><extensions><mytracks:speed>4.759824214353712</mytracks:speed><mytracks:gradient>0.040076288408163</mytracks:gradient><mytracks:length>0.006610796825549037</mytracks:length></extensions></trkpt><trkpt lat="33.57348560701006" lon="130.3505995709558"><ele>5.484239582126095</ele><time>2026-01-02T07:04:11.99900Z</time><extensions><mytracks:speed>5.381341792556481</mytracks:speed><mytracks:length>0.00747400706032236</mytracks:length></extensions></trkpt><trkpt lat="33.57341745194545" lon="130.350609959826"><ele>6.19275660210592</ele><time>2026-01-02T07:04:16.99900Z</time><extensions><mytracks:speed>5.500278334147188</mytracks:speed><mytracks:gradient>0.09274760059643145</mytracks:gradient><mytracks:length>0.00763919514276993</mytracks:length></extensions></trkpt><trkpt lat="33.57335190479374" lon="130.3506207624834"><ele>5.508064282529966</ele><time>2026-01-02T07:04:21.99900Z</time><extensions><mytracks:speed>5.297335580666632</mytracks:speed><mytracks:length>0.007357332469323953</mytracks:length></extensions></trkpt><trkpt lat="33.57327505251714" lon="130.3506276778575"><ele>4.987087277802411</ele><time>2026-01-02T07:04:26.99900Z</time><extensions><mytracks:speed>6.170072540835915</mytracks:speed><mytracks:length>0.008569455501812597</mytracks:length></extensions></trkpt><trkpt lat="33.57320263230351" lon="130.3506424100574"><ele>4.488698208846645</ele><time>2026-01-02T07:04:31.99900Z</time><extensions><mytracks:speed>5.880840121827547</mytracks:speed><mytracks:length>0.008167746650136953</mytracks:length></extensions></trkpt><trkpt lat="33.57314655170149" lon="130.3506354433048"><ele>5.25121163986124</ele><time>2026-01-02T07:04:36.99900Z</time><extensions><mytracks:speed>4.513443439943301</mytracks:speed><mytracks:gradient>0.1216400346979382</mytracks:gradient><mytracks:length>0.006268605832841971</mytracks:length></extensions></trkpt><trkpt lat="33.57308899606623" lon="130.3506441868307"><ele>4.337014977826161</ele><time>2026-01-02T07:04:41.99900Z</time><extensions><mytracks:speed>4.645064789378267</mytracks:speed><mytracks:length>0.006451410580168755</mytracks:length></extensions></trkpt><trkpt lat="33.57301393188811" lon="130.3506534028579"><ele>5.298447343450323</ele><time>2026-01-02T07:04:47.49900Z</time><extensions><mytracks:speed>5.491708483881595</mytracks:speed><mytracks:gradient>0.1145802862751957</mytracks:gradient><mytracks:length>0.008390905598848133</mytracks:length></extensions></trkpt><trkpt lat="33.57294911724603" lon="130.3506671432607"><ele>5.994391850709217</ele><time>2026-01-02T07:04:52.50000Z</time><extensions><mytracks:speed>5.269272789865862</mytracks:speed><mytracks:gradient>0.09508401093693924</mytracks:gradient><mytracks:length>0.007319259046828098</mytracks:length></extensions></trkpt><trkpt lat="33.57288061676108" lon="130.350673617781"><ele>6.091400991353323</ele><time>2026-01-02T07:04:58.50000Z</time><extensions><mytracks:speed>4.583869645441078</mytracks:speed><mytracks:gradient>0.01269788880182738</mytracks:gradient><mytracks:length>0.00763978501923448</mytracks:length></extensions></trkpt><trkpt lat="33.57281154741775" lon="130.3506742660625"><ele>5.440772321895725</ele><time>2026-01-02T07:05:04.00000Z</time><extensions><mytracks:speed>5.026792987577596</mytracks:speed><mytracks:length>0.007679790327509764</mytracks:length></extensions></trkpt><trkpt lat="33.57274173846307" lon="130.3506770605076"><ele>5.749527708984368</ele><time>2026-01-02T07:05:09.00000Z</time><extensions><mytracks:speed>5.591682560319911</mytracks:speed><mytracks:gradient>0.03975656553913062</mytracks:gradient><mytracks:length>0.007766148380818971</mytracks:length></extensions></trkpt><trkpt lat="33.57267503307509" lon="130.3506878381062"><ele>5.668343836373484</ele><time>2026-01-02T07:05:14.00000Z</time><extensions><mytracks:speed>5.388280782209312</mytracks:speed><mytracks:length>0.00748364783448198</mytracks:length></extensions></trkpt><trkpt lat="33.57261118195632" lon="130.3507022592003"><ele>5.429309760069086</ele><time>2026-01-02T07:05:19.00000Z</time><extensions><mytracks:speed>5.20075567685455</mytracks:speed><mytracks:length>0.007223197548218593</mytracks:length></extensions></trkpt><trkpt lat="33.57254525287002" lon="130.3507042635537"><ele>5.808822374556991</ele><time>2026-01-02T07:05:24.00000Z</time><extensions><mytracks:speed>5.279663574769582</mytracks:speed><mytracks:gradient>0.05175554348870318</mytracks:gradient><mytracks:length>0.007332791598850513</mytracks:length></extensions></trkpt><trkpt lat="33.57248273603177" lon="130.3507144337974"><ele>5.777160722719318</ele><time>2026-01-02T07:05:29.00000Z</time><extensions><mytracks:speed>5.050810455891305</mytracks:speed><mytracks:length>0.007014941266142247</mytracks:length></extensions></trkpt><trkpt lat="33.57241877620591" lon="130.3507264300637"><ele>5.71860026323982</ele><time>2026-01-02T07:05:34.00000Z</time><extensions><mytracks:speed>5.182756938070618</mytracks:speed><mytracks:length>0.007198199385165381</mytracks:length></extensions></trkpt><trkpt lat="33.57235410335237" lon="130.3507431019929"><ele>6.080812708790133</ele><time>2026-01-02T07:05:39.00000Z</time><extensions><mytracks:speed>5.295129345932811</mytracks:speed><mytracks:gradient>0.0492519962018225</mytracks:gradient><mytracks:length>0.007354269338973723</mytracks:length></extensions></trkpt><trkpt lat="33.5722885005333" lon="130.3507577360567"><ele>5.66450772824066</ele><time>2026-01-02T07:05:44.00000Z</time><extensions><mytracks:speed>5.342127297698907</mytracks:speed><mytracks:length>0.00741954429636739</mytracks:length></extensions></trkpt><trkpt lat="33.57223173782219" lon="130.3507737217496"><ele>5.999865308446185</ele><time>2026-01-02T07:05:48.99900Z</time><extensions><mytracks:speed>4.668141480378562</mytracks:speed><mytracks:gradient>0.05172507613752962</mytracks:gradient><mytracks:length>0.006483462282662601</mytracks:length></extensions></trkpt><trkpt lat="33.572170631268" lon="130.3507724389538"><ele>5.686667974091776</ele><time>2026-01-02T07:05:53.99900Z</time><extensions><mytracks:speed>4.892933813247655</mytracks:speed><mytracks:length>0.006795669955100857</mytracks:length></extensions></trkpt><trkpt lat="33.57211053441979" lon="130.3507665812125"><ele>5.517665526453874</ele><time>2026-01-02T07:05:58.99900Z</time><extensions><mytracks:speed>4.827563242767974</mytracks:speed><mytracks:length>0.006704878930292081</mytracks:length></extensions></trkpt><trkpt lat="33.57204100258358" lon="130.3507713378756"><ele>5.060688463048651</ele><time>2026-01-02T07:06:03.99900Z</time><extensions><mytracks:speed>5.576205747907299</mytracks:speed><mytracks:length>0.007744649144622432</mytracks:length></extensions></trkpt><trkpt lat="33.5719774062649" lon="130.3507727561904"><ele>5.406597677180171</ele><time>2026-01-02T07:06:08.99900Z</time><extensions><mytracks:speed>5.092726371231252</mytracks:speed><mytracks:gradient>0.04890449731285689</mytracks:gradient><mytracks:length>0.007073157544563525</mytracks:length></extensions></trkpt><trkpt lat="33.57192021470748" lon="130.3507657686211"><ele>5.027235830920973</ele><time>2026-01-02T07:06:13.99900Z</time><extensions><mytracks:speed>4.60160907441003</mytracks:speed><mytracks:length>0.006391056668902441</mytracks:length></extensions></trkpt><trkpt lat="33.57185896159316" lon="130.3507659584055"><ele>5.951984186310195</ele><time>2026-01-02T07:06:18.99900Z</time><extensions><mytracks:speed>4.903902692810505</mytracks:speed><mytracks:gradient>0.1357746730522038</mytracks:gradient><mytracks:length>0.00681090467464184</mytracks:length></extensions></trkpt><trkpt lat="33.57179729537468" lon="130.3507854137081"><ele>5.931398643186846</ele><time>2026-01-02T07:06:23.99900Z</time><extensions><mytracks:speed>5.105097436796452</mytracks:speed><mytracks:length>0.007090338556219519</mytracks:length></extensions></trkpt><trkpt lat="33.57172998050269" lon="130.3508050432735"><ele>5.676439456410025</ele><time>2026-01-02T07:06:28.99900Z</time><extensions><mytracks:speed>5.545959154163269</mytracks:speed><mytracks:length>0.007702640793631004</mytracks:length></extensions></trkpt><trkpt lat="33.57166824861499" lon="130.3508141797097"><ele>6.022540586935923</ele><time>2026-01-02T07:06:33.99900Z</time><extensions><mytracks:speed>4.979541372802165</mytracks:speed><mytracks:gradient>0.05004385490757062</mytracks:gradient><mytracks:length>0.006915956637735764</mytracks:length></extensions></trkpt><trkpt lat="33.57161004151966" lon="130.3508229641509"><ele>6.054184003344646</ele><time>2026-01-02T07:06:39.07200Z</time><extensions><mytracks:speed>4.629571429057559</mytracks:speed><mytracks:gradient>0.004850055135852694</mytracks:gradient><mytracks:length>0.006524341584244528</mytracks:length></extensions></trkpt><trkpt lat="33.57155562718517" lon="130.3508444904256"><ele>7.348539558932374</ele><time>2026-01-02T07:06:44.05800Z</time><extensions><mytracks:speed>4.600066211530886</mytracks:speed><mytracks:gradient>0.2031771671709061</mytracks:gradient><mytracks:length>0.00637057585559778</mytracks:length></extensions></trkpt><trkpt lat="33.57149060553901" lon="130.3508717925831"><ele>7.503424000401424</ele><time>2026-01-02T07:06:49.04700Z</time><extensions><mytracks:speed>5.527052464962349</mytracks:speed><mytracks:gradient>0.02022039251897525</mytracks:gradient><mytracks:length>0.007659813790642437</mytracks:length></extensions></trkpt><trkpt lat="33.5714121165804" lon="130.3508886421982"><ele>8.02064368940105</ele><time>2026-01-02T07:06:54.52300Z</time><extensions><mytracks:speed>5.828712959027246</mytracks:speed><mytracks:gradient>0.05833635499781564</mytracks:gradient><mytracks:length>0.00886616397303179</mytracks:length></extensions></trkpt><trkpt lat="33.57134350119474" lon="130.3508799185398"><ele>8.216172593603718</ele><time>2026-01-02T07:06:59.52000Z</time><extensions><mytracks:speed>5.527534004652476</mytracks:speed><mytracks:gradient>0.0254874659106216</mytracks:gradient><mytracks:length>0.007671570994477857</mytracks:length></extensions></trkpt><trkpt lat="33.57128082186993" lon="130.3509001821668"><ele>7.987665470566678</ele><time>2026-01-02T07:07:04.51900Z</time><extensions><mytracks:speed>5.198060766427194</mytracks:speed><mytracks:length>0.007218204841523405</mytracks:length></extensions></trkpt><trkpt lat="33.57120554164153" lon="130.3509260622449"><ele>8.016235862539526</ele><time>2026-01-02T07:07:10.01700Z</time><extensions><mytracks:speed>5.701282662732259</mytracks:speed><mytracks:gradient>0.003281051418888854</mytracks:gradient><mytracks:length>0.008707694066715871</mytracks:length></extensions></trkpt><trkpt lat="33.57113825154575" lon="130.3509526803446"><ele>8.790420407754072</ele><time>2026-01-02T07:07:15.00500Z</time><extensions><mytracks:speed>5.686203382861708</mytracks:speed><mytracks:gradient>0.09825851818601729</mytracks:gradient><mytracks:length>0.007879057811037864</mytracks:length></extensions></trkpt><trkpt lat="33.57106304505805" lon="130.3509727285526"><ele>9.302508994511969</ele><time>2026-01-02T07:07:20.00800Z</time><extensions><mytracks:speed>6.16483526983224</mytracks:speed><mytracks:gradient>0.05977576754381531</mytracks:gradient><mytracks:length>0.008566825785759081</mytracks:length></extensions></trkpt><trkpt lat="33.57098892097014" lon="130.3509674082642"><ele>9.26283041577063</ele><time>2026-01-02T07:07:25.01700Z</time><extensions><mytracks:speed>5.93373566365809</mytracks:speed><mytracks:length>0.008256096643063643</mytracks:length></extensions></trkpt><trkpt lat="33.5709259776047" lon="130.3509662873199"><ele>9.569290409084239</ele><time>2026-01-02T07:07:30.01000Z</time><extensions><mytracks:speed>5.046940209115797</mytracks:speed><mytracks:gradient>0.04377905708194754</mytracks:gradient><mytracks:length>0.007000150614024515</mytracks:length></extensions></trkpt><trkpt lat="33.57086319845681" lon="130.350971896513"><ele>8.863646255938985</ele><time>2026-01-02T07:07:35.00200Z</time><extensions><mytracks:speed>5.048150448939059</mytracks:speed><mytracks:length>0.006999506833215317</mytracks:length></extensions></trkpt><trkpt lat="33.57079010770648" lon="130.3509911782178"><ele>9.601265838452491</ele><time>2026-01-02T07:07:40.00000Z</time><extensions><mytracks:speed>5.99293494691412</mytracks:speed><mytracks:gradient>0.08865349011203291</mytracks:gradient><mytracks:length>0.008320254302243082</mytracks:length></extensions></trkpt><trkpt lat="33.57071474230228" lon="130.3509975308175"><ele>8.817879001684821</ele><time>2026-01-02T07:07:44.99600Z</time><extensions><mytracks:speed>6.05345038044694</mytracks:speed><mytracks:length>0.008400566978673469</mytracks:length></extensions></trkpt><trkpt lat="33.57065174247929" lon="130.3509762622683"><ele>7.03135959521736</ele><time>2026-01-02T07:07:50.00200Z</time><extensions><mytracks:speed>5.233080784198981</mytracks:speed><mytracks:length>0.00727727206171255</mytracks:length></extensions></trkpt><trkpt lat="33.57057907044276" lon="130.3509753259868"><ele>7.801754345044382</ele><time>2026-01-02T07:07:54.99700Z</time><extensions><mytracks:speed>5.823639414328857</mytracks:speed><mytracks:gradient>0.0953380800529005</mytracks:gradient><mytracks:length>0.008080661467060709</mytracks:length></extensions></trkpt><trkpt lat="33.57049241004514" lon="130.3509861246293"><ele>8.089485414847406</ele><time>2026-01-02T07:07:59.94700Z</time><extensions><mytracks:speed>7.045102659546298</mytracks:speed><mytracks:gradient>0.02970100250676441</mytracks:gradient><mytracks:length>0.009687587809114958</mytracks:length></extensions></trkpt><trkpt lat="33.57040541288701" lon="130.3509859442059"><ele>7.348745718094715</ele><time>2026-01-02T07:08:04.94200Z</time><extensions><mytracks:speed>6.972173712081688</mytracks:speed><mytracks:length>0.009673156854125542</mytracks:length></extensions></trkpt><trkpt lat="33.57031764506397" lon="130.3509813187569"><ele>6.849587931429625</ele><time>2026-01-02T07:08:09.94000Z</time><extensions><mytracks:speed>7.036104006665044</mytracks:speed><mytracks:length>0.009768653026353982</mytracks:length></extensions></trkpt><trkpt lat="33.57023540861952" lon="130.3509899789852"><ele>6.302435182003444</ele><time>2026-01-02T07:08:14.96100Z</time><extensions><mytracks:speed>6.582528671781628</mytracks:speed><mytracks:length>0.009179806423831718</mytracks:length></extensions></trkpt><trkpt lat="33.57015909947571" lon="130.350990189298"><ele>6.733928474690988</ele><time>2026-01-02T07:08:19.96800Z</time><extensions><mytracks:speed>6.099766717592471</mytracks:speed><mytracks:gradient>0.05085743927530136</mytracks:gradient><mytracks:length>0.008484369225744649</mytracks:length></extensions></trkpt><trkpt lat="33.57008760727796" lon="130.3509958627963"><ele>6.455013585435027</ele><time>2026-01-02T07:08:24.97400Z</time><extensions><mytracks:speed>5.728936494055079</mytracks:speed><mytracks:length>0.007966649826172905</mytracks:length></extensions></trkpt><trkpt lat="33.57001302139209" lon="130.3510046048766"><ele>7.036089913929615</ele><time>2026-01-02T07:08:29.97900Z</time><extensions><mytracks:speed>5.993476579939236</mytracks:speed><mytracks:gradient>0.06973444180693054</mytracks:gradient><mytracks:length>0.008332702082901568</mytracks:length></extensions></trkpt><trkpt lat="33.56994847612948" lon="130.3510176983003"><ele>7.704453356141409</ele><time>2026-01-02T07:08:35.06600Z</time><extensions><mytracks:speed>5.150940190558194</mytracks:speed><mytracks:gradient>0.09182695396620447</mytracks:gradient><mytracks:length>0.007278510430148591</mytracks:length></extensions></trkpt><trkpt lat="33.56989226136127" lon="130.3510436991822"><ele>6.770576481200261</ele><time>2026-01-02T07:08:40.04300Z</time><extensions><mytracks:speed>4.845003458945802</mytracks:speed><mytracks:length>0.006698154548969121</mytracks:length></extensions></trkpt><trkpt lat="33.56984180242206" lon="130.3510739696866"><ele>6.11204686513423</ele><time>2026-01-02T07:08:45.03500Z</time><extensions><mytracks:speed>4.523539572463903</mytracks:speed><mytracks:length>0.006272199187010872</mytracks:length></extensions></trkpt><trkpt lat="33.56977371073052" lon="130.3510884800185"><ele>5.767726311419598</ele><time>2026-01-02T07:08:50.02700Z</time><extensions><mytracks:speed>5.54462314460574</mytracks:speed><mytracks:length>0.007689173092557538</mytracks:length></extensions></trkpt><trkpt lat="33.56969760871522" lon="130.3511070055203"><ele>7.801152637752065</ele><time>2026-01-02T07:08:55.03200Z</time><extensions><mytracks:speed>6.210687763705801</mytracks:speed><mytracks:gradient>0.2355024671906829</mytracks:gradient><mytracks:length>0.008634416236013491</mytracks:length></extensions></trkpt><trkpt lat="33.56962452428355" lon="130.3510997873039"><ele>7.267006888305994</ele><time>2026-01-02T07:09:00.50900Z</time><extensions><mytracks:speed>5.359474123956114</mytracks:speed><mytracks:length>0.008153389164024132</mytracks:length></extensions></trkpt><trkpt lat="33.56955056330088" lon="130.3511046134764"><ele>7.719038989714293</ele><time>2026-01-02T07:09:05.50700Z</time><extensions><mytracks:speed>5.931492728597872</mytracks:speed><mytracks:gradient>0.05488573101099892</mytracks:gradient><mytracks:length>0.0082358764852328</mytracks:length></extensions></trkpt><trkpt lat="33.56947856611696" lon="130.3511140697539"><ele>7.764078311311601</ele><time>2026-01-02T07:09:10.51300Z</time><extensions><mytracks:speed>5.791922173123027</mytracks:speed><mytracks:gradient>0.005592661642552453</mytracks:gradient><mytracks:length>0.008053289198584935</mytracks:length></extensions></trkpt><trkpt lat="33.56940167336303" lon="130.3511469630347"><ele>8.054048625397359</ele><time>2026-01-02T07:09:16.00800Z</time><extensions><mytracks:speed>5.945895764618495</mytracks:speed><mytracks:gradient>0.03194691797461484</mytracks:gradient><mytracks:length>0.009076628747604678</mytracks:length></extensions></trkpt><trkpt lat="33.56932644392158" lon="130.3511949560479"><ele>9.466510103409112</ele><time>2026-01-02T07:09:21.00600Z</time><extensions><mytracks:speed>6.824162531127643</mytracks:speed><mytracks:gradient>0.1490949155579252</mytracks:gradient><mytracks:length>0.009473572406719628</mytracks:length></extensions></trkpt><trkpt lat="33.5692571231849" lon="130.3512099944464"><ele>9.459088340664744</ele><time>2026-01-02T07:09:26.00300Z</time><extensions><mytracks:speed>5.642681223003461</mytracks:speed><mytracks:length>0.007832593594390378</mytracks:length></extensions></trkpt><trkpt lat="33.56919115383199" lon="130.3511998768016"><ele>9.100892035779538</ele><time>2026-01-02T07:09:31.00700Z</time><extensions><mytracks:speed>5.320485180754954</mytracks:speed><mytracks:length>0.007395209877600637</mytracks:length></extensions></trkpt><trkpt lat="33.56913409688323" lon="130.351199649804"><ele>9.058119494200437</ele><time>2026-01-02T07:09:36.00700Z</time><extensions><mytracks:speed>4.568583299395168</mytracks:speed><mytracks:length>0.006345059427864262</mytracks:length></extensions></trkpt><trkpt lat="33.56907693994863" lon="130.3512008694005"><ele>8.518976917824222</ele><time>2026-01-02T07:09:41.00300Z</time><extensions><mytracks:speed>4.580882106614501</mytracks:speed><mytracks:length>0.006357121614907755</mytracks:length></extensions></trkpt><trkpt lat="33.56901116781503" lon="130.3512084751291"><ele>8.205433557708405</ele><time>2026-01-02T07:09:46.00300Z</time><extensions><mytracks:speed>5.290328423361434</mytracks:speed><mytracks:length>0.007347525957175665</mytracks:length></extensions></trkpt><trkpt lat="33.56894547171402" lon="130.3512015927771"><ele>8.322437230744031</ele><time>2026-01-02T07:09:51.00700Z</time><extensions><mytracks:speed>5.27570422911116</mytracks:speed><mytracks:gradient>0.01595488796024353</mytracks:gradient><mytracks:length>0.007333406121508105</mytracks:length></extensions></trkpt><trkpt lat="33.56887857706543" lon="130.3512128427819"><ele>8.060851117285521</ele><time>2026-01-02T07:09:56.00000Z</time><extensions><mytracks:speed>5.415091246154611</mytracks:speed><mytracks:length>0.007511296133647112</mytracks:length></extensions></trkpt><trkpt lat="33.56879419460382" lon="130.3512233847578"><ele>7.561696353894798</ele><time>2026-01-02T07:10:01.92900Z</time><extensions><mytracks:speed>5.728524365844531</mytracks:speed><mytracks:length>0.009434008646856756</mytracks:length></extensions></trkpt><trkpt lat="33.56871574050582" lon="130.3512173697688"><ele>7.285006918310972</ele><time>2026-01-02T07:10:06.94000Z</time><extensions><mytracks:speed>6.279542027443503</mytracks:speed><mytracks:length>0.008741267766263203</mytracks:length></extensions></trkpt><trkpt lat="33.5686255325684" lon="130.3512229290862"><ele>6.757313863423424</ele><time>2026-01-02T07:10:13.26400Z</time><extensions><mytracks:speed>5.718094981282558</mytracks:speed><mytracks:length>0.01004386738180233</mytracks:length></extensions></trkpt><trkpt lat="33.56853915048108" lon="130.3512324319776"><ele>5.592596492011406</ele><time>2026-01-02T07:10:18.96300Z</time><extensions><mytracks:speed>6.093621472128097</mytracks:speed><mytracks:length>0.009646099019713717</mytracks:length></extensions></trkpt><trkpt lat="33.56843296881592" lon="130.3512429803858"><ele>5.565484119718502</ele><time>2026-01-02T07:10:23.97000Z</time><extensions><mytracks:speed>8.518175497825849</mytracks:speed><mytracks:length>0.01184752961581389</mytracks:length></extensions></trkpt><trkpt lat="33.5683432193596" lon="130.3512583217102"><ele>5.805714622820393</ele><time>2026-01-02T07:10:28.97500Z</time><extensions><mytracks:speed>7.249489211413424</mytracks:speed><mytracks:gradient>0.02383099402197006</mytracks:gradient><mytracks:length>0.01008059096823318</mytracks:length></extensions></trkpt><trkpt lat="33.56827930809565" lon="130.3512525855504"><ele>6.016014264479976</ele><time>2026-01-02T07:10:33.98000Z</time><extensions><mytracks:speed>5.126110113482043</mytracks:speed><mytracks:gradient>0.02950963614472791</mytracks:gradient><mytracks:length>0.00712647355691489</mytracks:length></extensions></trkpt><trkpt lat="33.5682364894452" lon="130.3512054721889"><ele>6.365396710109356</ele><time>2026-01-02T07:10:38.98400Z</time><extensions><mytracks:speed>4.647415233853794</mytracks:speed><mytracks:gradient>0.05408575134335481</mytracks:gradient><mytracks:length>0.006459787225869914</mytracks:length></extensions></trkpt><trkpt lat="33.56821294159413" lon="130.3511412169483"><ele>6.483179183186892</ele><time>2026-01-02T07:10:43.98700Z</time><extensions><mytracks:speed>4.67915516021267</mytracks:speed><mytracks:gradient>0.01811231445024016</mytracks:gradient><mytracks:length>0.006502894668769103</mytracks:length></extensions></trkpt><trkpt lat="33.56819790520814" lon="130.3510860266797"><ele>6.183209850422674</ele><time>2026-01-02T07:10:48.99000Z</time><extensions><mytracks:speed>3.870164120422547</mytracks:speed><mytracks:length>0.005377898191381191</mytracks:length></extensions></trkpt><trkpt lat="33.56818152991475" lon="130.3510018740513"><ele>6.281525796769185</ele><time>2026-01-02T07:10:53.99200Z</time><extensions><mytracks:speed>5.762171843441126</mytracks:speed><mytracks:gradient>0.01228005670139338</mytracks:gradient><mytracks:length>0.008006147588500571</mytracks:length></extensions></trkpt><trkpt lat="33.56816670623296" lon="130.3509207831656"><ele>6.836404433463924</ele><time>2026-01-02T07:10:58.99300Z</time><extensions><mytracks:speed>5.536618872720785</mytracks:speed><mytracks:gradient>0.07213614363055365</mytracks:gradient><mytracks:length>0.007692102859511847</mytracks:length></extensions></trkpt><trkpt lat="33.56815066903738" lon="130.350828102025"><ele>6.363599653989136</ele><time>2026-01-02T07:11:04.49600Z</time><extensions><mytracks:speed>5.737117930354169</mytracks:speed><mytracks:length>0.00877008973536225</mytracks:length></extensions></trkpt><trkpt lat="33.56814051114888" lon="130.3507264790742"><ele>6.378378789038084</ele><time>2026-01-02T07:11:10.49800Z</time><extensions><mytracks:speed>5.688416638598154</mytracks:speed><mytracks:gradient>0.001558473959412029</mytracks:gradient><mytracks:length>0.009483081163912785</mytracks:length></extensions></trkpt><trkpt lat="33.56812459893863" lon="130.350623577534"><ele>6.293136895421352</ele><time>2026-01-02T07:11:16.49900Z</time><extensions><mytracks:speed>5.817626566232706</mytracks:speed><mytracks:length>0.009696886705294165</mytracks:length></extensions></trkpt><trkpt lat="33.56809762977363" lon="130.3505366810423"><ele>7.217782306679219</ele><time>2026-01-02T07:11:21.99800Z</time><extensions><mytracks:speed>5.623870724832384</mytracks:speed><mytracks:gradient>0.1076231130410766</mytracks:gradient><mytracks:length>0.008591513338821155</mytracks:length></extensions></trkpt><trkpt lat="33.56808464727752" lon="130.3504521789371"><ele>6.995128426656445</ele><time>2026-01-02T07:11:26.99900Z</time><extensions><mytracks:speed>5.731925918046392</mytracks:speed><mytracks:length>0.007961557326029985</mytracks:length></extensions></trkpt><trkpt lat="33.56808092109299" lon="130.3503843787071"><ele>5.689224540496478</ele><time>2026-01-02T07:11:31.99900Z</time><extensions><mytracks:speed>4.532273755156679</mytracks:speed><mytracks:length>0.006295148083018898</mytracks:length></extensions></trkpt><trkpt lat="33.5680585848063" lon="130.3503017303723"><ele>5.418846888554985</ele><time>2026-01-02T07:11:36.99900Z</time><extensions><mytracks:speed>5.796135643049469</mytracks:speed><mytracks:length>0.008050490877086026</mytracks:length></extensions></trkpt><trkpt lat="33.56802443224854" lon="130.3502395586119"><ele>5.3698482816012</ele><time>2026-01-02T07:11:41.99900Z</time><extensions><mytracks:speed>4.967142843367117</mytracks:speed><mytracks:length>0.006898994545167006</mytracks:length></extensions></trkpt><trkpt lat="33.56791947912536" lon="130.3502171308317"><ele>4.734622457002749</ele><time>2026-01-02T07:11:46.99900Z</time><extensions><mytracks:speed>8.534444889727178</mytracks:speed><mytracks:length>0.01185361385276177</mytracks:length></extensions></trkpt><trkpt lat="33.56787185584352" lon="130.3501319372384"><ele>5.49011646067918</ele><time>2026-01-02T07:11:51.99900Z</time><extensions><mytracks:speed>6.84345557263285</mytracks:speed><mytracks:gradient>0.07948456007925755</mytracks:gradient><mytracks:length>0.009504915205205817</mytracks:length></extensions></trkpt><trkpt lat="33.56783288383752" lon="130.3500337606052"><ele>6.678912466353976</ele><time>2026-01-02T07:11:56.99900Z</time><extensions><mytracks:speed>7.254111776112611</mytracks:speed><mytracks:gradient>0.1179920039967017</mytracks:gradient><mytracks:length>0.010075225145833</mytracks:length></extensions></trkpt><trkpt lat="33.56780734199591" lon="130.3499563413087"><ele>7.060866045930411</ele><time>2026-01-02T07:12:02.04800Z</time><extensions><mytracks:speed>5.5004050747199</mytracks:speed><mytracks:gradient>0.04951219932158347</mytracks:gradient><mytracks:length>0.007714332726276874</mytracks:length></extensions></trkpt><trkpt lat="33.56780404019879" lon="130.3498841812818"><ele>6.061819681605687</ele><time>2026-01-02T07:12:07.08900Z</time><extensions><mytracks:speed>4.781997944678152</mytracks:speed><mytracks:length>0.006696135917786917</mytracks:length></extensions></trkpt><trkpt lat="33.56780776829135" lon="130.3498157381507"><ele>6.552651530016401</ele><time>2026-01-02T07:12:12.06100Z</time><extensions><mytracks:speed>4.601377578235908</mytracks:speed><mytracks:gradient>0.07723560362821001</mytracks:gradient><mytracks:length>0.006354994657301271</mytracks:length></extensions></trkpt><trkpt lat="33.56781034595626" lon="130.3497365091356"><ele>6.598419433932476</ele><time>2026-01-02T07:12:17.04800Z</time><extensions><mytracks:speed>5.302936674063968</mytracks:speed><mytracks:gradient>0.006230582861162878</mytracks:gradient><mytracks:length>0.007345685778671074</mytracks:length></extensions></trkpt><trkpt lat="33.56780717438613" lon="130.3496493685142"><ele>6.667952394892754</ele><time>2026-01-02T07:12:22.02600Z</time><extensions><mytracks:speed>5.844731024693426</mytracks:speed><mytracks:gradient>0.0086042662539868</mytracks:gradient><mytracks:length>0.008081219119417541</mytracks:length></extensions></trkpt><trkpt lat="33.5677966186967" lon="130.3495616676375"><ele>6.203490634070537</ele><time>2026-01-02T07:12:27.01800Z</time><extensions><mytracks:speed>5.919951285745773</mytracks:speed><mytracks:length>0.008209570717255291</mytracks:length></extensions></trkpt><trkpt lat="33.56779254943307" lon="130.3494702451431"><ele>6.741477303751144</ele><time>2026-01-02T07:12:32.01400Z</time><extensions><mytracks:speed>6.112823297814527</mytracks:speed><mytracks:gradient>0.06342106531676679</mytracks:gradient><mytracks:length>0.008482775667572683</mytracks:length></extensions></trkpt><trkpt lat="33.56779030812368" lon="130.3493831293897"><ele>6.924444761228761</ele><time>2026-01-02T07:12:37.01800Z</time><extensions><mytracks:speed>5.809253012826183</mytracks:speed><mytracks:gradient>0.02265827625963879</mytracks:gradient><mytracks:length>0.008075082825410571</mytracks:length></extensions></trkpt><trkpt lat="33.56777633139707" lon="130.3493017748858"><ele>6.958029749113155</ele><time>2026-01-02T07:12:42.01700Z</time><extensions><mytracks:speed>5.541118117860823</mytracks:speed><mytracks:gradient>0.004364502970049826</mytracks:gradient><mytracks:length>0.007695031511001746</mytracks:length></extensions></trkpt><trkpt lat="33.56776063467957" lon="130.3492184119274"><ele>7.447458774175824</ele><time>2026-01-02T07:12:47.00200Z</time><extensions><mytracks:speed>5.719098027257915</mytracks:speed><mytracks:gradient>0.06180889815509051</mytracks:gradient><mytracks:length>0.007918423393256362</mytracks:length></extensions></trkpt><trkpt lat="33.5677441269352" lon="130.3491335386792"><ele>6.675041562348132</ele><time>2026-01-02T07:12:52.00100Z</time><extensions><mytracks:speed>5.813889859197219</mytracks:speed><mytracks:length>0.00807452474926177</mytracks:length></extensions></trkpt><trkpt lat="33.56774065335548" lon="130.349046229619"><ele>6.814295485862292</ele><time>2026-01-02T07:12:57.00700Z</time><extensions><mytracks:speed>5.82422098322548</mytracks:speed><mytracks:gradient>0.0171950536460215</mytracks:gradient><mytracks:length>0.008098487296454591</mytracks:length></extensions></trkpt><trkpt lat="33.56773208346873" lon="130.3489648378016"><ele>6.934513812021192</ele><time>2026-01-02T07:13:02.00200Z</time><extensions><mytracks:speed>5.479008933533789</mytracks:speed><mytracks:gradient>0.0158153959978922</mytracks:gradient><mytracks:length>0.007601347836938286</mytracks:length></extensions></trkpt><trkpt lat="33.56769933726792" lon="130.3488846129344"><ele>7.260656469594464</ele><time>2026-01-02T07:13:06.98800Z</time><extensions><mytracks:speed>5.976074386788536</mytracks:speed><mytracks:gradient>0.03940438209255905</mytracks:gradient><mytracks:length>0.008276811873541819</mytracks:length></extensions></trkpt><trkpt lat="33.5676787019521" lon="130.3487949773996"><ele>7.525809101815969</ele><time>2026-01-02T07:13:12.49000Z</time><extensions><mytracks:speed>5.637129819017445</mytracks:speed><mytracks:gradient>0.03077584996004179</mytracks:gradient><mytracks:length>0.008615607125904539</mytracks:length></extensions></trkpt><trkpt lat="33.56765843907394" lon="130.3487074217536"><ele>6.989930754385867</ele><time>2026-01-02T07:13:17.46100Z</time><extensions><mytracks:speed>6.096958543999399</mytracks:speed><mytracks:length>0.008418786000984677</mytracks:length></extensions></trkpt><trkpt lat="33.56764553207" lon="130.3486132525043"><ele>6.922452792854429</ele><time>2026-01-02T07:13:22.46700Z</time><extensions><mytracks:speed>6.357987117682437</mytracks:speed><mytracks:length>0.008842243278099271</mytracks:length></extensions></trkpt><trkpt lat="33.56762176590188" lon="130.3485220960744"><ele>6.558525247594852</ele><time>2026-01-02T07:13:27.47300Z</time><extensions><mytracks:speed>6.364130525421463</mytracks:speed><mytracks:length>0.008849375353113365</mytracks:length></extensions></trkpt><trkpt lat="33.56761217643425" lon="130.3484324451022"><ele>6.271577871358835</ele><time>2026-01-02T07:13:32.96600Z</time><extensions><mytracks:speed>5.488695483129851</mytracks:speed><mytracks:length>0.008374240427285578</mytracks:length></extensions></trkpt><trkpt lat="33.56760355397878" lon="130.3483500510977"><ele>5.914005222148978</ele><time>2026-01-02T07:13:37.97200Z</time><extensions><mytracks:speed>5.531800476132778</mytracks:speed><mytracks:length>0.007693274453892187</mytracks:length></extensions></trkpt><trkpt lat="33.5675912048357" lon="130.3482670148018"><ele>5.636970408314215</ele><time>2026-01-02T07:13:42.97800Z</time><extensions><mytracks:speed>5.620836345959114</mytracks:speed><mytracks:length>0.007815314522838367</mytracks:length></extensions></trkpt><trkpt lat="33.56758102410119" lon="130.3481841944576"><ele>5.769519974721629</ele><time>2026-01-02T07:13:47.98200Z</time><extensions><mytracks:speed>5.579923101860272</mytracks:speed><mytracks:gradient>0.01708804698964591</mytracks:gradient><mytracks:length>0.007756858726320776</mytracks:length></extensions></trkpt><trkpt lat="33.5675651915692" lon="130.3480977309545"><ele>5.602744990484823</ele><time>2026-01-02T07:13:52.98600Z</time><extensions><mytracks:speed>5.901473916585898</mytracks:speed><mytracks:length>0.008202431719997242</mytracks:length></extensions></trkpt><trkpt lat="33.56756165816817" lon="130.3480124615469"><ele>5.681154235070615</ele><time>2026-01-02T07:13:57.98900Z</time><extensions><mytracks:speed>5.691822695851748</mytracks:speed><mytracks:gradient>0.009912820618336579</mytracks:gradient><mytracks:length>0.007909882323579229</mytracks:length></extensions></trkpt><trkpt lat="33.56752194565269" lon="130.3479691211611"><ele>5.895013318912346</ele><time>2026-01-02T07:14:02.99100Z</time><extensions><mytracks:speed>4.296152966709202</mytracks:speed><mytracks:gradient>0.03582462488855477</mytracks:gradient><mytracks:length>0.00596961125223267</mytracks:length></extensions></trkpt><trkpt lat="33.56753300436288" lon="130.3479714287825"><ele>6.643826934964508</ele><time>2026-01-02T07:14:07.99300Z</time><extensions><mytracks:speed>0.8961241828996416</mytracks:speed><mytracks:gradient>0.6014254357448552</mytracks:gradient><mytracks:length>0.001245064760396722</mytracks:length></extensions></trkpt><trkpt lat="33.56750933329568" lon="130.3479012013308"><ele>6.682604986990344</ele><time>2026-01-02T07:14:12.99400Z</time><extensions><mytracks:speed>5.052112928619578</mytracks:speed><mytracks:gradient>0.005524887732879694</mytracks:gradient><mytracks:length>0.007018794571165677</mytracks:length></extensions></trkpt><trkpt lat="33.56745113270541" lon="130.3478441481801"><ele>6.281389901429745</ele><time>2026-01-02T07:14:17.99500Z</time><extensions><mytracks:speed>6.014565793749822</mytracks:speed><mytracks:length>0.008355384961567468</mytracks:length></extensions></trkpt><trkpt lat="33.56739952830668" lon="130.3477601747799"><ele>8.256566793532398</ele><time>2026-01-02T07:14:22.99600Z</time><extensions><mytracks:speed>6.959140212360797</mytracks:speed><mytracks:gradient>0.2043195112349737</mytracks:gradient><mytracks:length>0.009667098752165372</mytracks:length></extensions></trkpt><trkpt lat="33.56736260221944" lon="130.3476862498416"><ele>6.929075522827392</ele><time>2026-01-02T07:14:27.99700Z</time><extensions><mytracks:speed>5.749077517895201</mytracks:speed><mytracks:length>0.007985858853001175</mytracks:length></extensions></trkpt><trkpt lat="33.56729791087277" lon="130.3476088473331"><ele>8.295990441182356</ele><time>2026-01-02T07:14:32.99700Z</time><extensions><mytracks:speed>7.312458741948925</mytracks:speed><mytracks:gradient>0.1345760956008994</mytracks:gradient><mytracks:length>0.01015718959783693</mytracks:length></extensions></trkpt><trkpt lat="33.56723614408715" lon="130.3475425524672"><ele>8.96832331042177</ele><time>2026-01-02T07:14:37.99800Z</time><extensions><mytracks:speed>6.633664861702782</mytracks:speed><mytracks:gradient>0.07296778691982252</mytracks:gradient><mytracks:length>0.00921410525960144</mytracks:length></extensions></trkpt><trkpt lat="33.56717101784255" lon="130.3474722829155"><ele>8.841476673634332</ele><time>2026-01-02T07:14:42.99800Z</time><extensions><mytracks:speed>7.011087596757474</mytracks:speed><mytracks:length>0.00973815911948976</mytracks:length></extensions></trkpt><trkpt lat="33.56712168905708" lon="130.3474169958998"><ele>7.349407134048615</ele><time>2026-01-02T07:14:47.99800Z</time><extensions><mytracks:speed>5.403592623015931</mytracks:speed><mytracks:length>0.007505294297983463</mytracks:length></extensions></trkpt><trkpt lat="33.56709498086514" lon="130.3473255449535"><ele>6.924905807209266</ele><time>2026-01-02T07:14:52.99800Z</time><extensions><mytracks:speed>6.46454174362368</mytracks:speed><mytracks:length>0.008978791572648508</mytracks:length></extensions></trkpt><trkpt lat="33.5670965714501" lon="130.3472092046744"><ele>8.58817325062404</ele><time>2026-01-02T07:14:57.99900Z</time><extensions><mytracks:speed>7.76179261143252</mytracks:speed><mytracks:gradient>0.1542849967592199</mytracks:gradient><mytracks:length>0.01078048726935193</mytracks:length></extensions></trkpt><trkpt lat="33.56705898465985" lon="130.347123674302"><ele>9.939411400018589</ele><time>2026-01-02T07:15:02.99900Z</time><extensions><mytracks:speed>6.450172757477669</mytracks:speed><mytracks:gradient>0.150829821964445</mytracks:gradient><mytracks:length>0.008958693524899039</mytracks:length></extensions></trkpt><trkpt lat="33.56701082731598" lon="130.3470577315781"><ele>9.294512893639254</ele><time>2026-01-02T07:15:07.99900Z</time><extensions><mytracks:speed>5.849263694055141</mytracks:speed><mytracks:length>0.008124043401387738</mytracks:length></extensions></trkpt><trkpt lat="33.566968552322" lon="130.3469921903931"><ele>8.674081273430872</ele><time>2026-01-02T07:15:12.99900Z</time><extensions><mytracks:speed>5.529003995797322</mytracks:speed><mytracks:length>0.007679203524045487</mytracks:length></extensions></trkpt><trkpt lat="33.56691964637061" lon="130.346920365545"><ele>8.768077761423452</ele><time>2026-01-02T07:15:18.50000Z</time><extensions><mytracks:speed>5.62426113790438</mytracks:speed><mytracks:gradient>0.01093728252067325</mytracks:gradient><mytracks:length>0.008594135500743592</mytracks:length></extensions></trkpt><trkpt lat="33.56689229809005" lon="130.3468538348822"><ele>9.432042538920715</ele><time>2026-01-02T07:15:23.50000Z</time><extensions><mytracks:speed>4.949060192469681</mytracks:speed><mytracks:gradient>0.0965889387825134</mytracks:gradient><mytracks:length>0.006874128506497973</mytracks:length></extensions></trkpt><trkpt lat="33.5668590894475" lon="130.3467759710312"><ele>9.247012548378169</ele><time>2026-01-02T07:15:29.50000Z</time><extensions><mytracks:speed>4.862411444192257</mytracks:speed><mytracks:length>0.00810404982702077</mytracks:length></extensions></trkpt><trkpt lat="33.56682792033864" lon="130.3467071819612"><ele>9.183858255107683</ele><time>2026-01-02T07:15:35.00000Z</time><extensions><mytracks:speed>4.748333554962749</mytracks:speed><mytracks:length>0.00725432411466333</mytracks:length></extensions></trkpt><trkpt lat="33.56678847577997" lon="130.3466509843554"><ele>9.027938492190097</ele><time>2026-01-02T07:15:40.00000Z</time><extensions><mytracks:speed>4.901029296138129</mytracks:speed><mytracks:length>0.006806933687223543</mytracks:length></extensions></trkpt><trkpt lat="33.56674109672286" lon="130.3466085083448"><ele>9.028428218432179</ele><time>2026-01-02T07:15:45.00000Z</time><extensions><mytracks:speed>4.734715380973628</mytracks:speed><mytracks:gradient>7.447243203535907e-05</mytracks:gradient><mytracks:length>0.006575939964590199</mytracks:length></extensions></trkpt><trkpt lat="33.56668931227231" lon="130.3465733722618"><ele>8.986059792814851</ele><time>2026-01-02T07:15:50.00000Z</time><extensions><mytracks:speed>4.762267954575177</mytracks:speed><mytracks:length>0.006614204277363128</mytracks:length></extensions></trkpt><trkpt lat="33.56664301207546" lon="130.3465380933402"><ele>9.3660579581879</ele><time>2026-01-02T07:15:55.08400Z</time><extensions><mytracks:speed>4.318091949882493</mytracks:speed><mytracks:gradient>0.0623145079695006</mytracks:gradient><mytracks:length>0.006098068936996767</mytracks:length></extensions></trkpt><trkpt lat="33.56661396348641" lon="130.3464917063379"><ele>9.429467440823592</ele><time>2026-01-02T07:16:00.07000Z</time><extensions><mytracks:speed>3.880716675664702</mytracks:speed><mytracks:gradient>0.01179627077518468</mytracks:gradient><mytracks:length>0.005375383783922912</mytracks:length></extensions></trkpt><trkpt lat="33.56658564385521" lon="130.3464445705971"><ele>8.159113849386767</ele><time>2026-01-02T07:16:05.04000Z</time><extensions><mytracks:speed>3.899654756101082</mytracks:speed><mytracks:length>0.005383760575328397</mytracks:length></extensions></trkpt><trkpt lat="33.56656091217084" lon="130.3463743999052"><ele>8.706194374556393</ele><time>2026-01-02T07:16:10.03400Z</time><extensions><mytracks:speed>5.089346512852306</mytracks:speed><mytracks:gradient>0.07749973943728912</mytracks:gradient><mytracks:length>0.007059127284064101</mytracks:length></extensions></trkpt><trkpt lat="33.5665383660665" lon="130.3463078103839"><ele>9.670392076889609</ele><time>2026-01-02T07:16:15.03300Z</time><extensions><mytracks:speed>4.795758578377399</mytracks:speed><mytracks:gradient>0.14478103998066</mytracks:gradient><mytracks:length>0.006659695927464082</mytracks:length></extensions></trkpt><trkpt lat="33.5664802002829" lon="130.3462887955661"><ele>9.738055933639698</ele><time>2026-01-02T07:16:20.02500Z</time><extensions><mytracks:speed>4.83346092582881</mytracks:speed><mytracks:gradient>0.01009477048418157</mytracks:gradient><mytracks:length>0.006702862324222018</mytracks:length></extensions></trkpt><trkpt lat="33.56642098643331" lon="130.3462797606659"><ele>10.57992070829833</ele><time>2026-01-02T07:16:25.01800Z</time><extensions><mytracks:speed>4.786169521144632</mytracks:speed><mytracks:gradient>0.1268378937810534</mytracks:gradient><mytracks:length>0.006637328558229218</mytracks:length></extensions></trkpt><trkpt lat="33.56636407813947" lon="130.3462687552627"><ele>10.78942871276611</ele><time>2026-01-02T07:16:30.01100Z</time><extensions><mytracks:speed>4.621021530608115</mytracks:speed><mytracks:gradient>0.0326842185895743</mytracks:gradient><mytracks:length>0.006410066188169943</mytracks:length></extensions></trkpt><trkpt lat="33.56630370529201" lon="130.3462583584225"><ele>10.66634733219691</ele><time>2026-01-02T07:16:35.01200Z</time><extensions><mytracks:speed>4.882492377986226</mytracks:speed><mytracks:length>0.00678173010461657</mytracks:length></extensions></trkpt><trkpt lat="33.56624537831291" lon="130.3462373260101"><ele>10.17794052677947</ele><time>2026-01-02T07:16:40.00700Z</time><extensions><mytracks:speed>4.879855349077596</mytracks:speed><mytracks:length>0.006771090003763378</mytracks:length></extensions></trkpt><trkpt lat="33.56618593326944" lon="130.3462063261162"><ele>9.900304276735605</ele><time>2026-01-02T07:16:45.00800Z</time><extensions><mytracks:speed>5.188004211615557</mytracks:speed><mytracks:length>0.007206958605389226</mytracks:length></extensions></trkpt><trkpt lat="33.56613275372005" lon="130.3461832436496"><ele>9.815523155134732</ele><time>2026-01-02T07:16:50.00700Z</time><extensions><mytracks:speed>4.527878673970813</mytracks:speed><mytracks:length>0.00628798555016927</mytracks:length></extensions></trkpt><trkpt lat="33.56607506560945" lon="130.346165494373"><ele>9.743787411072891</ele><time>2026-01-02T07:16:54.96500Z</time><extensions><mytracks:speed>4.808557776680741</mytracks:speed><mytracks:length>0.006622375008430694</mytracks:length></extensions></trkpt><trkpt lat="33.56601233902662" lon="130.3461511292734"><ele>9.573743151562264</ele><time>2026-01-02T07:16:59.93900Z</time><extensions><mytracks:speed>5.139033005410455</mytracks:speed><mytracks:length>0.007099865597587854</mytracks:length></extensions></trkpt><trkpt lat="33.56594340149301" lon="130.3461369371207"><ele>9.435398753995321</ele><time>2026-01-02T07:17:05.93900Z</time><extensions><mytracks:speed>4.666511450593624</mytracks:speed><mytracks:length>0.007777744845962424</mytracks:length></extensions></trkpt><trkpt lat="33.56587569657331" lon="130.3461175176368"><ele>9.494152100257246</ele><time>2026-01-02T07:17:11.20600Z</time><extensions><mytracks:speed>5.29067244038227</mytracks:speed><mytracks:gradient>0.007590878662300077</mytracks:gradient><mytracks:length>0.007739992809228043</mytracks:length></extensions></trkpt><trkpt lat="33.56579345544493" lon="130.346100037944"><ele>9.775375957004353</ele><time>2026-01-02T07:17:16.96900Z</time><extensions><mytracks:speed>5.801291584372355</mytracks:speed><mytracks:gradient>0.03028246087720077</mytracks:gradient><mytracks:length>0.009286690995408405</mytracks:length></extensions></trkpt><trkpt lat="33.56571478679673" lon="130.3460880464363"><ele>9.362775561222177</ele><time>2026-01-02T07:17:22.48400Z</time><extensions><mytracks:speed>5.755130598090828</mytracks:speed><mytracks:length>0.008817746654939496</mytracks:length></extensions></trkpt><trkpt lat="33.56562779229849" lon="130.3460824060986"><ele>8.680693156553128</ele><time>2026-01-02T07:17:28.48900Z</time><extensions><mytracks:speed>5.808235829285329</mytracks:speed><mytracks:length>0.009687587809114958</mytracks:length></extensions></trkpt><trkpt lat="33.56554938452466" lon="130.3460793758255"><ele>8.720322564515522</ele><time>2026-01-02T07:17:33.98600Z</time><extensions><mytracks:speed>5.712142527845864</mytracks:speed><mytracks:gradient>0.004543255830234265</mytracks:gradient><mytracks:length>0.008722689067754037</mytracks:length></extensions></trkpt><trkpt lat="33.56547547882874" lon="130.3460953522695"><ele>8.025322003921621</ele><time>2026-01-02T07:17:38.98900Z</time><extensions><mytracks:speed>6.008055840264953</mytracks:speed><mytracks:length>0.008349450163764614</mytracks:length></extensions></trkpt><trkpt lat="33.56540004550547" lon="130.3461031713717"><ele>9.440530042315107</ele><time>2026-01-02T07:17:43.99100Z</time><extensions><mytracks:speed>6.058341223231412</mytracks:speed><mytracks:gradient>0.1681118901199762</mytracks:gradient><mytracks:length>0.008418250710187697</mytracks:length></extensions></trkpt><trkpt lat="33.56532845872472" lon="130.3461111332085"><ele>9.105724680110136</ele><time>2026-01-02T07:17:48.99300Z</time><extensions><mytracks:speed>5.753819399185553</mytracks:speed><mytracks:length>0.007994318750341125</mytracks:length></extensions></trkpt><trkpt lat="33.56526275891892" lon="130.3461315007316"><ele>9.097479798900611</ele><time>2026-01-02T07:17:53.99500Z</time><extensions><mytracks:speed>5.431158844254043</mytracks:speed><mytracks:length>0.0075454154373988</mytracks:length></extensions></trkpt><trkpt lat="33.56519303533766" lon="130.3461640382305"><ele>8.884680495568521</ele><time>2026-01-02T07:17:58.99600Z</time><extensions><mytracks:speed>5.988094501161839</mytracks:speed><mytracks:length>0.008318629305456208</mytracks:length></extensions></trkpt><trkpt lat="33.56512193226857" lon="130.3461914483179"><ele>9.524296101189217</ele><time>2026-01-02T07:18:03.99700Z</time><extensions><mytracks:speed>5.978248128097658</mytracks:speed><mytracks:gradient>0.07702006003610654</mytracks:gradient><mytracks:length>0.008304532680458155</mytracks:length></extensions></trkpt><trkpt lat="33.56505639946658" lon="130.3462196144744"><ele>9.905067059159464</ele><time>2026-01-02T07:18:08.99700Z</time><extensions><mytracks:speed>5.572068938571879</mytracks:speed><mytracks:gradient>0.04919525991242152</mytracks:gradient><mytracks:length>0.007739992809228043</mytracks:length></extensions></trkpt><trkpt lat="33.56499277681058" lon="130.3462395214422"><ele>9.443855202204073</ele><time>2026-01-02T07:18:13.99800Z</time><extensions><mytracks:speed>5.263135623247567</mytracks:speed><mytracks:length>0.007310634380365113</mytracks:length></extensions></trkpt><trkpt lat="33.56492522289061" lon="130.3462531940509"><ele>9.561931575890268</ele><time>2026-01-02T07:18:18.99800Z</time><extensions><mytracks:speed>5.484073431504956</mytracks:speed><mytracks:gradient>0.01550100308912948</mytracks:gradient><mytracks:length>0.007617337601138834</mytracks:length></extensions></trkpt><trkpt lat="33.56484966340042" lon="130.3462707394449"><ele>9.857254714857127</ele><time>2026-01-02T07:18:23.99800Z</time><extensions><mytracks:speed>6.161328634885002</mytracks:speed><mytracks:gradient>0.03450891851656053</mytracks:gradient><mytracks:length>0.008557878706779412</mytracks:length></extensions></trkpt><trkpt lat="33.56478264925695" lon="130.3462794171561"><ele>9.436637326140653</ele><time>2026-01-02T07:18:28.99900Z</time><extensions><mytracks:speed>5.396670434207375</mytracks:speed><mytracks:length>0.00749568136506247</mytracks:length></extensions></trkpt><trkpt lat="33.56471260898073" lon="130.3463030324592"><ele>8.720479743145962</ele><time>2026-01-02T07:18:33.99900Z</time><extensions><mytracks:speed>5.825127677584235</mytracks:speed><mytracks:length>0.008090693328735049</mytracks:length></extensions></trkpt><trkpt lat="33.56463980644948" lon="130.346315416093"><ele>8.641427841528873</ele><time>2026-01-02T07:18:38.99900Z</time><extensions><mytracks:speed>5.887406683265128</mytracks:speed><mytracks:length>0.008177120607183293</mytracks:length></extensions></trkpt><trkpt lat="33.56456275265876" lon="130.3463289479352"><ele>8.634165203088116</ele><time>2026-01-02T07:18:43.99900Z</time><extensions><mytracks:speed>6.234706692451876</mytracks:speed><mytracks:length>0.008659431497224769</mytracks:length></extensions></trkpt><trkpt lat="33.56448792379342" lon="130.3463435648225"><ele>8.711576746387848</ele><time>2026-01-02T07:18:48.99900Z</time><extensions><mytracks:speed>6.0691796256991</mytracks:speed><mytracks:gradient>0.009183425351784971</mytracks:gradient><mytracks:length>0.008429484678577541</mytracks:length></extensions></trkpt><trkpt lat="33.56441812680911" lon="130.346354512181"><ele>8.707924393795361</ele><time>2026-01-02T07:18:53.99900Z</time><extensions><mytracks:speed>5.635301428114531</mytracks:speed><mytracks:length>0.007826838142371811</mytracks:length></extensions></trkpt><trkpt lat="33.56434045273168" lon="130.3463626876818"><ele>9.198508001796505</ele><time>2026-01-02T07:18:58.99900Z</time><extensions><mytracks:speed>6.242649531013864</mytracks:speed><mytracks:gradient>0.05658173423672103</mytracks:gradient><mytracks:length>0.008670352979084889</mytracks:length></extensions></trkpt><trkpt lat="33.56426656235753" lon="130.3463810857684"><ele>9.160026427933532</ele><time>2026-01-02T07:19:03.99900Z</time><extensions><mytracks:speed>6.041849644192312</mytracks:speed><mytracks:length>0.008391442633992134</mytracks:length></extensions></trkpt><trkpt lat="33.56419455663605" lon="130.3463967654428"><ele>10.06758605075889</ele><time>2026-01-02T07:19:08.99900Z</time><extensions><mytracks:speed>5.858512123219572</mytracks:speed><mytracks:gradient>0.1115377774061199</mytracks:gradient><mytracks:length>0.008136791353846382</mytracks:length></extensions></trkpt><trkpt lat="33.56413083939363" lon="130.3464086128539"><ele>9.386416387696107</ele><time>2026-01-02T07:19:13.99900Z</time><extensions><mytracks:speed>5.162406745568904</mytracks:speed><mytracks:length>0.007169972273488926</mytracks:length></extensions></trkpt><trkpt lat="33.5640532367165" lon="130.3464157986442"><ele>8.62979355727793</ele><time>2026-01-02T07:19:18.99900Z</time><extensions><mytracks:speed>6.23108338767039</mytracks:speed><mytracks:length>0.008654225947312065</mytracks:length></extensions></trkpt><trkpt lat="33.56397211658868" lon="130.3464283783081"><ele>8.131424950224918</ele><time>2026-01-02T07:19:23.99900Z</time><extensions><mytracks:speed>6.54843347239325</mytracks:speed><mytracks:length>0.0090949799186936</mytracks:length></extensions></trkpt><trkpt lat="33.56388715693675" lon="130.3464499888067"><ele>8.029435661252123</ele><time>2026-01-02T07:19:29.49900Z</time><extensions><mytracks:speed>6.320197584758837</mytracks:speed><mytracks:length>0.009656837921727772</mytracks:length></extensions></trkpt><trkpt lat="33.56381413127016" lon="130.3464724855967"><ele>8.175870205793311</ele><time>2026-01-02T07:19:34.50000Z</time><extensions><mytracks:speed>6.035333915474751</mytracks:speed><mytracks:gradient>0.01746723678279284</mytracks:gradient><mytracks:length>0.008383383494603025</mytracks:length></extensions></trkpt><trkpt lat="33.56372084387649" lon="130.3464964474194"><ele>8.517957349988562</ele><time>2026-01-02T07:19:40.50000Z</time><extensions><mytracks:speed>6.364624217486657</mytracks:speed><mytracks:gradient>0.03224888936312381</mytracks:gradient><mytracks:length>0.0106077186207356</mytracks:length></extensions></trkpt><trkpt lat="33.56364261535547" lon="130.3465237250647"><ele>8.524240029215118</ele><time>2026-01-02T07:19:46.00000Z</time><extensions><mytracks:speed>5.92873502595966</mytracks:speed><mytracks:gradient>0.0006936252548905357</mytracks:gradient><mytracks:length>0.009057742898285839</mytracks:length></extensions></trkpt><trkpt lat="33.56357211303337" lon="130.3465393801512"><ele>8.679719635484693</ele><time>2026-01-02T07:19:51.00000Z</time><extensions><mytracks:speed>5.740526041313363</mytracks:speed><mytracks:gradient>0.01950108487197563</mytracks:gradient><mytracks:length>0.007972869575733673</mytracks:length></extensions></trkpt><trkpt lat="33.56350195435351" lon="130.3465559864413"><ele>9.034459777289721</ele><time>2026-01-02T07:19:56.00000Z</time><extensions><mytracks:speed>5.725448447743066</mytracks:speed><mytracks:gradient>0.04461057564288409</mytracks:gradient><mytracks:length>0.007951929261007261</mytracks:length></extensions></trkpt><trkpt lat="33.56342790536314" lon="130.3465789494411"><ele>10.37757958035708</ele><time>2026-01-02T07:20:01.00000Z</time><extensions><mytracks:speed>6.12332340681689</mytracks:speed><mytracks:gradient>0.1579299558875787</mytracks:gradient><mytracks:length>0.008504528450723116</mytracks:length></extensions></trkpt><trkpt lat="33.56336141517335" lon="130.3466029331079"><ele>11.19756173209452</ele><time>2026-01-02T07:20:06.00000Z</time><extensions><mytracks:speed>5.558581526983099</mytracks:speed><mytracks:gradient>0.1062129375051066</mytracks:gradient><mytracks:length>0.007720172052467829</mytracks:length></extensions></trkpt><trkpt lat="33.56329561850524" lon="130.3466332705186"><ele>11.98043301441253</ele><time>2026-01-02T07:20:11.01500Z</time><extensions><mytracks:speed>5.625759350634733</mytracks:speed><mytracks:gradient>0.09988444334777828</mytracks:gradient><mytracks:length>0.007837769887671125</mytracks:length></extensions></trkpt><trkpt lat="33.56324171223121" lon="130.3466539193342"><ele>13.21815667345317</ele><time>2026-01-02T07:20:16.09100Z</time><extensions><mytracks:speed>4.461929035818909</mytracks:speed><mytracks:gradient>0.1967273804134199</mytracks:gradient><mytracks:length>0.006291567835852763</mytracks:length></extensions></trkpt><trkpt lat="33.5632011376014" lon="130.3466429448567"><ele>14.39997189028261</ele><time>2026-01-02T07:20:21.05300Z</time><extensions><mytracks:speed>3.35630875950838</mytracks:speed><mytracks:gradient>0.2554944687497987</mytracks:gradient><mytracks:length>0.004625600008533914</mytracks:length></extensions></trkpt><trkpt lat="33.56319614976423" lon="130.3466427617804"><ele>15.13291875772349</ele><time>2026-01-02T07:20:26.02500Z</time><extensions><mytracks:speed>0.4008052221611149</mytracks:speed><mytracks:gradient>1.324052838552839</mytracks:gradient><mytracks:length>0.000553563155562571</mytracks:length></extensions></trkpt><trkpt lat="33.56318659673047" lon="130.3466277763506"><ele>16.08028691541986</ele><time>2026-01-02T07:20:31.04200Z</time><extensions><mytracks:speed>1.254251468848435</mytracks:speed><mytracks:gradient>0.5419899286792358</mytracks:gradient><mytracks:length>0.001747944209968967</mytracks:length></extensions></trkpt><trkpt lat="33.56317131476954" lon="130.3466372547555"><ele>17.13564114835885</ele><time>2026-01-02T07:20:36.01300Z</time><extensions><mytracks:speed>1.38535892609371</mytracks:speed><mytracks:gradient>0.5517057646071923</mytracks:gradient><mytracks:length>0.00191289324970238</mytracks:length></extensions></trkpt><trkpt lat="33.56311687982193" lon="130.3466233930669"><ele>16.4067713159776</ele><time>2026-01-02T07:20:41.02700Z</time><extensions><mytracks:speed>4.442478710284904</mytracks:speed><mytracks:length>0.006187567816028532</mytracks:length></extensions></trkpt><trkpt lat="33.56306462955298" lon="130.3465764484875"><ele>16.53399682257107</ele><time>2026-01-02T07:20:46.01500Z</time><extensions><mytracks:speed>5.237625748234955</mytracks:speed><mytracks:gradient>0.01753038149952902</mytracks:gradient><mytracks:length>0.007257429428839482</mytracks:length></extensions></trkpt><trkpt lat="33.56299455157649" lon="130.3465648058103"><ele>15.83007116270978</ele><time>2026-01-02T07:20:51.00800Z</time><extensions><mytracks:speed>5.673021815961926</mytracks:speed><mytracks:length>0.007867037883656017</mytracks:length></extensions></trkpt><trkpt lat="33.56280711771476" lon="130.3465709844444"><ele>20.49002419319004</ele><time>2026-01-02T07:21:01.99900Z</time><extensions><mytracks:speed>6.828734663803477</mytracks:speed><mytracks:gradient>0.2235021390482584</mytracks:gradient><mytracks:length>0.02084970215642584</mytracks:length></extensions></trkpt><trkpt lat="33.56272974047824" lon="130.3465850976192"><ele>20.80864396575862</ele><time>2026-01-02T07:21:06.99700Z</time><extensions><mytracks:speed>6.268544980903622</mytracks:speed><mytracks:gradient>0.03661236840337739</mytracks:gradient><mytracks:length>0.008702517385878629</mytracks:length></extensions></trkpt><trkpt lat="33.56264885746364" lon="130.3466045583636"><ele>21.71153062449626</ele><time>2026-01-02T07:21:12.04300Z</time><extensions><mytracks:speed>6.544229910174866</mytracks:speed><mytracks:gradient>0.09844000333447227</mytracks:gradient><mytracks:length>0.009171948680963262</mytracks:length></extensions></trkpt><trkpt lat="33.56256626278932" lon="130.3466332052133"><ele>19.17155220735551</ele><time>2026-01-02T07:21:17.16600Z</time><extensions><mytracks:speed>6.717422216648271</mytracks:speed><mytracks:length>0.00955975352772972</mytracks:length></extensions></trkpt><trkpt lat="33.562475164624" lon="130.3466432552321"><ele>14.03810819389974</ele><time>2026-01-02T07:21:22.78700Z</time><extensions><mytracks:speed>6.514697802775794</mytracks:speed><mytracks:length>0.0101722629091861</mytracks:length></extensions></trkpt><trkpt lat="33.56237672827748" lon="130.3466391773883"><ele>11.79179281426364</ele><time>2026-01-02T07:21:28.29600Z</time><extensions><mytracks:speed>7.157222865529216</mytracks:speed><mytracks:length>0.01095176494109588</mytracks:length></extensions></trkpt><trkpt lat="33.56227003823065" lon="130.3466564013651"><ele>11.33834801951488</ele><time>2026-01-02T07:21:34.46900Z</time><extensions><mytracks:speed>6.980380130928792</mytracks:speed><mytracks:length>0.01197013267665629</mytracks:length></extensions></trkpt><trkpt lat="33.56217226899182" lon="130.3466760624165"><ele>10.27927114557444</ele><time>2026-01-02T07:21:40.46300Z</time><extensions><mytracks:speed>6.619897298886317</mytracks:speed><mytracks:length>0.01102271991358754</mytracks:length></extensions></trkpt><trkpt lat="33.56207589570685" lon="130.3467036785107"><ele>10.29487824261349</ele><time>2026-01-02T07:21:46.52500Z</time><extensions><mytracks:speed>6.542943560504411</mytracks:speed><mytracks:gradient>0.001416585718173002</mytracks:gradient><mytracks:length>0.01101740391621369</mytracks:length></extensions></trkpt><trkpt lat="33.56198768650206" lon="130.3467332915804"><ele>10.5622804895087</ele><time>2026-01-02T07:21:52.03500Z</time><extensions><mytracks:speed>6.654059439553799</mytracks:speed><mytracks:gradient>0.02625539396626178</mytracks:gradient><mytracks:length>0.01018465947373796</mytracks:length></extensions></trkpt><trkpt lat="33.56189292759414" lon="130.3467652575958"><ele>10.41606505161919</ele><time>2026-01-02T07:21:58.02100Z</time><extensions><mytracks:speed>6.582866989837433</mytracks:speed><mytracks:length>0.01094559110614947</mytracks:length></extensions></trkpt><trkpt lat="33.56181571554197" lon="130.3467934127561"><ele>10.06216662490473</ele><time>2026-01-02T07:22:02.98100Z</time><extensions><mytracks:speed>6.513270916045327</mytracks:speed><mytracks:length>0.008973269096949283</mytracks:length></extensions></trkpt><trkpt lat="33.56173968964858" lon="130.3468074566766"><ele>10.20773205575146</ele><time>2026-01-02T07:22:07.98800Z</time><extensions><mytracks:speed>6.149605835531171</mytracks:speed><mytracks:gradient>0.0170189498814372</mytracks:gradient><mytracks:length>0.008553138228904605</mytracks:length></extensions></trkpt><trkpt lat="33.56166552393987" lon="130.3468174102396"><ele>10.04976400596367</ele><time>2026-01-02T07:22:13.02500Z</time><extensions><mytracks:speed>5.930323621394935</mytracks:speed><mytracks:length>0.008298018468959849</mytracks:length></extensions></trkpt><trkpt lat="33.56157509404983" lon="130.3468171790693"><ele>10.25339558471772</ele><time>2026-01-02T07:22:18.95300Z</time><extensions><mytracks:speed>6.106716933225273</mytracks:speed><mytracks:gradient>0.02025071382952676</mytracks:gradient><mytracks:length>0.01005552596655342</mytracks:length></extensions></trkpt><trkpt lat="33.56149672788248" lon="130.3468238939872"><ele>10.3437056577992</ele><time>2026-01-02T07:22:24.06200Z</time><extensions><mytracks:speed>6.156392278583318</mytracks:speed><mytracks:gradient>0.01033694985434433</mytracks:gradient><mytracks:length>0.008736626795526578</mytracks:length></extensions></trkpt><trkpt lat="33.56141530201849" lon="130.3468392573061"><ele>10.72647085277293</ele><time>2026-01-02T07:22:29.09900Z</time><extensions><mytracks:speed>6.550357968242823</mytracks:speed><mytracks:gradient>0.04176124797778032</mytracks:gradient><mytracks:length>0.009165559304582842</mytracks:length></extensions></trkpt><trkpt lat="33.5613266785379" lon="130.3468513696606"><ele>9.979676941215482</ele><time>2026-01-02T07:22:35.05700Z</time><extensions><mytracks:speed>5.993337582069412</mytracks:speed><mytracks:length>0.009918353612412761</mytracks:length></extensions></trkpt><trkpt lat="33.56124451487444" lon="130.3468807523491"><ele>11.25554236768084</ele><time>2026-01-02T07:22:40.99100Z</time><extensions><mytracks:speed>5.783238151280678</mytracks:speed><mytracks:gradient>0.1338388719711249</mytracks:gradient><mytracks:length>0.009532846531616183</mytracks:length></extensions></trkpt><trkpt lat="33.56116301924576" lon="130.3468828660921"><ele>11.8804155826398</ele><time>2026-01-02T07:22:46.94400Z</time><extensions><mytracks:speed>5.481654798483345</mytracks:speed><mytracks:gradient>0.06893853230239752</mytracks:gradient><mytracks:length>0.009064208274959606</mytracks:length></extensions></trkpt><trkpt lat="33.56102034806607" lon="130.3467991202441"><ele>11.0930745638907</ele><time>2026-01-02T07:22:58.99900Z</time><extensions><mytracks:speed>5.273633470827804</mytracks:speed><mytracks:length>0.01766026209404964</mytracks:length></extensions></trkpt><trkpt lat="33.56099735325851" lon="130.3467003347136"><ele>11.92396957498663</ele><time>2026-01-02T07:23:03.95000Z</time><extensions><mytracks:speed>6.910654448272455</mytracks:speed><mytracks:gradient>0.08743048800708544</mytracks:gradient><mytracks:length>0.009503492775067126</mytracks:length></extensions></trkpt><trkpt lat="33.56100086516006" lon="130.346597358505"><ele>11.40056829484328</ele><time>2026-01-02T07:23:08.95900Z</time><extensions><mytracks:speed>6.86367699261771</mytracks:speed><mytracks:length>0.009549849244053174</mytracks:length></extensions></trkpt><trkpt lat="33.56097008680731" lon="130.346510848718"><ele>12.37907370563281</ele><time>2026-01-02T07:23:13.96600Z</time><extensions><mytracks:speed>6.265958779206912</mytracks:speed><mytracks:gradient>0.1122658029193907</mytracks:gradient><mytracks:length>0.008715970360913186</mytracks:length></extensions></trkpt><trkpt lat="33.56093930399776" lon="130.3464373366912"><ele>10.59648424121748</ele><time>2026-01-02T07:23:18.97300Z</time><extensions><mytracks:speed>5.481313425017719</mytracks:speed><mytracks:length>0.007622660068960349</mytracks:length></extensions></trkpt><trkpt lat="33.56091343160923" lon="130.3463514483741"><ele>11.54385798500291</ele><time>2026-01-02T07:23:23.97800Z</time><extensions><mytracks:speed>6.08624791314467</mytracks:speed><mytracks:gradient>0.1119558201033171</mytracks:gradient><mytracks:length>0.008462032102584295</mytracks:length></extensions></trkpt><trkpt lat="33.56089330581208" lon="130.3462680416319"><ele>11.84459293015889</ele><time>2026-01-02T07:23:28.98200Z</time><extensions><mytracks:speed>5.787760402092575</mytracks:speed><mytracks:gradient>0.03737949911031341</mytracks:gradient><mytracks:length>0.008045451445683222</mytracks:length></extensions></trkpt><trkpt lat="33.56087457673079" lon="130.3461881169634"><ele>11.73997008295753</ele><time>2026-01-02T07:23:33.98600Z</time><extensions><mytracks:speed>5.535338711074207</mytracks:speed><mytracks:length>0.007693274453892187</mytracks:length></extensions></trkpt><trkpt lat="33.56085327050727" lon="130.346106234581"><ele>11.5945093016235</ele><time>2026-01-02T07:23:38.98900Z</time><extensions><mytracks:speed>5.71979665091955</mytracks:speed><mytracks:length>0.007948528335941446</mytracks:length></extensions></trkpt><trkpt lat="33.56084021930975" lon="130.3460160727532"><ele>11.70414873855341</ele><time>2026-01-02T07:23:44.49500Z</time><extensions><mytracks:speed>5.543373065826968</mytracks:speed><mytracks:gradient>0.01293061802371408</mytracks:gradient><mytracks:length>0.00847905620047207</mytracks:length></extensions></trkpt><trkpt lat="33.56082280304221" lon="130.3459290258554"><ele>11.53446872123008</ele><time>2026-01-02T07:23:49.49600Z</time><extensions><mytracks:speed>5.970951979064076</mytracks:speed><mytracks:length>0.00829475944475784</mytracks:length></extensions></trkpt><trkpt lat="33.56075749918529" lon="130.345916597031"><ele>11.72633486376238</ele><time>2026-01-02T07:23:54.99500Z</time><extensions><mytracks:speed>4.813221277398618</mytracks:speed><mytracks:gradient>0.02609560654064552</mytracks:gradient><mytracks:length>0.007352430848214034</mytracks:length></extensions></trkpt><trkpt lat="33.56068190437239" lon="130.3459282838963"><ele>11.37332862281356</ele><time>2026-01-02T07:23:59.99600Z</time><extensions><mytracks:speed>6.101037154374705</mytracks:speed><mytracks:length>0.008475335101054388</mytracks:length></extensions></trkpt><trkpt lat="33.56061463610034" lon="130.3459296302905"><ele>11.18779886131172</ele><time>2026-01-02T07:24:04.99700Z</time><extensions><mytracks:speed>5.385681706684865</mytracks:speed><mytracks:length>0.007481238805662285</mytracks:length></extensions></trkpt><trkpt lat="33.56054146754997" lon="130.3459380509977"><ele>11.10549648855866</ele><time>2026-01-02T07:24:09.99800Z</time><extensions><mytracks:speed>5.884470104484921</mytracks:speed><mytracks:length>0.008173813379299915</mytracks:length></extensions></trkpt><trkpt lat="33.56047248222629" lon="130.3459579999835"><ele>11.01443972136531</ele><time>2026-01-02T07:24:15.05300Z</time><extensions><mytracks:speed>5.618926361763226</mytracks:speed><mytracks:length>0.007889917204563987</mytracks:length></extensions></trkpt><trkpt lat="33.56039209036984" lon="130.3459573383436"><ele>12.82781901926939</ele><time>2026-01-02T07:24:20.06000Z</time><extensions><mytracks:speed>6.428097121304403</mytracks:speed><mytracks:gradient>0.2028374272210258</mytracks:gradient><mytracks:length>0.008940062604561099</mytracks:length></extensions></trkpt><trkpt lat="33.56031080331035" lon="130.3459668934887"><ele>13.61132151610764</ele><time>2026-01-02T07:24:25.04800Z</time><extensions><mytracks:speed>6.5535491424756</mytracks:speed><mytracks:gradient>0.08626897961548602</mytracks:gradient><mytracks:length>0.009082088374412711</mytracks:length></extensions></trkpt><trkpt lat="33.56023772259769" lon="130.3459707225897"><ele>14.02271115815533</ele><time>2026-01-02T07:24:30.03400Z</time><extensions><mytracks:speed>5.873286812433454</mytracks:speed><mytracks:gradient>0.05057641277802151</mytracks:gradient><mytracks:length>0.008134021759377691</mytracks:length></extensions></trkpt><trkpt lat="33.56016053713501" lon="130.3460003129137"><ele>13.78018619733629</ele><time>2026-01-02T07:24:35.03400Z</time><extensions><mytracks:speed>6.487135001851197</mytracks:speed><mytracks:length>0.009009854947481532</mytracks:length></extensions></trkpt><trkpt lat="33.56008733224534" lon="130.3460331175791"><ele>13.28847008618573</ele><time>2026-01-02T07:24:40.01900Z</time><extensions><mytracks:speed>6.274150822096054</mytracks:speed><mytracks:length>0.008688524941549204</mytracks:length></extensions></trkpt><trkpt lat="33.5600139312258" lon="130.3460609727657"><ele>12.79294574949317</ele><time>2026-01-02T07:24:45.02600Z</time><extensions><mytracks:speed>6.155000845187385</mytracks:speed><mytracks:length>0.008559984743160939</mytracks:length></extensions></trkpt><trkpt lat="33.55994331720418" lon="130.3460747311518"><ele>12.94978892372559</ele><time>2026-01-02T07:24:50.01500Z</time><extensions><mytracks:speed>5.740574388012849</mytracks:speed><mytracks:gradient>0.01971689023680689</mytracks:gradient><mytracks:length>0.007954762254527972</mytracks:length></extensions></trkpt><trkpt lat="33.55987433677597" lon="130.3460842933512"><ele>12.6117664304473</ele><time>2026-01-02T07:24:55.01400Z</time><extensions><mytracks:speed>5.560219236042123</mytracks:speed><mytracks:length>0.00772192298926278</mytracks:length></extensions></trkpt><trkpt lat="33.55980248127737" lon="130.3461006783179"><ele>12.89282574539101</ele><time>2026-01-02T07:25:00.00600Z</time><extensions><mytracks:speed>5.865311968744304</mytracks:speed><mytracks:gradient>0.03455825633711968</mytracks:gradient><mytracks:length>0.008132913657504914</mytracks:length></extensions></trkpt><trkpt lat="33.55973105799764" lon="130.3460988987125"><ele>11.89673766913326</ele><time>2026-01-02T07:25:05.00300Z</time><extensions><mytracks:speed>5.723147179832981</mytracks:speed><mytracks:length>0.007943424218186074</mytracks:length></extensions></trkpt><trkpt lat="33.55965527692397" lon="130.3461147132223"><ele>11.97233775183741</ele><time>2026-01-02T07:25:09.99100Z</time><extensions><mytracks:speed>6.171510753418525</mytracks:speed><mytracks:gradient>0.008839959813373441</mytracks:gradient><mytracks:length>0.008552084432531614</mytracks:length></extensions></trkpt><trkpt lat="33.55955972492702" lon="130.3461376846446"><ele>11.50126180893422</ele><time>2026-01-02T07:25:15.94200Z</time><extensions><mytracks:speed>6.555562631661565</mytracks:speed><mytracks:length>0.0108355241493084</mytracks:length></extensions></trkpt><trkpt lat="33.5594834228623" lon="130.346156904308"><ele>11.2373378066944</ele><time>2026-01-02T07:25:20.94000Z</time><extensions><mytracks:speed>6.244296017058206</mytracks:speed><mytracks:length>0.008669313430735241</mytracks:length></extensions></trkpt><trkpt lat="33.55941008950184" lon="130.3461699315179"><ele>10.5710097438804</ele><time>2026-01-02T07:25:25.96000Z</time><extensions><mytracks:speed>5.911102100632286</mytracks:speed><mytracks:length>0.008243533188579344</mytracks:length></extensions></trkpt><trkpt lat="33.55933786118707" lon="130.3461625308281"><ele>10.27076230510184</ele><time>2026-01-02T07:25:30.96800Z</time><extensions><mytracks:speed>5.794650579154687</mytracks:speed><mytracks:length>0.008060001206305342</mytracks:length></extensions></trkpt><trkpt lat="33.5592635408859" lon="130.346164915857"><ele>11.3563571384653</ele><time>2026-01-02T07:25:35.97400Z</time><extensions><mytracks:speed>5.944908732493944</mytracks:speed><mytracks:gradient>0.1313165674372664</mytracks:gradient><mytracks:length>0.008267005866431006</mytracks:length></extensions></trkpt><trkpt lat="33.55918862108624" lon="130.346191984875"><ele>11.46891667057988</ele><time>2026-01-02T07:25:40.97900Z</time><extensions><mytracks:speed>6.257594710615535</mytracks:speed><mytracks:gradient>0.01293798449056773</mytracks:gradient><mytracks:length>0.008699927890363248</mytracks:length></extensions></trkpt><trkpt lat="33.5591130716463" lon="130.3462250043038"><ele>11.66674647389036</ele><time>2026-01-02T07:25:46.49000Z</time><extensions><mytracks:speed>5.840774077201661</mytracks:speed><mytracks:gradient>0.02212721083341767</mytracks:gradient><mytracks:length>0.008940566653421453</mytracks:length></extensions></trkpt><trkpt lat="33.55903620221709" lon="130.3462715548308"><ele>11.250763806783</ele><time>2026-01-02T07:25:52.49300Z</time><extensions><mytracks:speed>5.741187147980419</mytracks:speed><mytracks:length>0.009573884730606367</mytracks:length></extensions></trkpt><trkpt lat="33.55895515703737" lon="130.3463042111893"><ele>11.17586796347134</ele><time>2026-01-02T07:25:58.49500Z</time><extensions><mytracks:speed>5.701773562949486</mytracks:speed><mytracks:length>0.009505863373715853</mytracks:length></extensions></trkpt><trkpt lat="33.55887233927907" lon="130.3463169326978"><ele>11.05292774162183</ele><time>2026-01-02T07:26:03.99300Z</time><extensions><mytracks:speed>6.07832398866874</mytracks:speed><mytracks:length>0.009284264434525766</mytracks:length></extensions></trkpt><trkpt lat="33.55880306401476" lon="130.3463384146604"><ele>11.41463962970498</ele><time>2026-01-02T07:26:08.99500Z</time><extensions><mytracks:speed>5.726651033704539</mytracks:speed><mytracks:gradient>0.04546463727563798</mytracks:gradient><mytracks:length>0.007955895169474191</mytracks:length></extensions></trkpt><trkpt lat="33.55873980182007" lon="130.3463647729412"><ele>11.7806358449163</ele><time>2026-01-02T07:26:13.99600Z</time><extensions><mytracks:speed>5.360121817382399</mytracks:speed><mytracks:gradient>0.04915194557584819</mytracks:gradient><mytracks:length>0.007446220305695588</mytracks:length></extensions></trkpt><trkpt lat="33.55867720647475" lon="130.3463890941778"><ele>12.01554526406823</ele><time>2026-01-02T07:26:18.99700Z</time><extensions><mytracks:speed>5.266329054414436</mytracks:speed><mytracks:gradient>0.0321109102388718</mytracks:gradient><mytracks:length>0.007315564006266063</mytracks:length></extensions></trkpt><trkpt lat="33.55861673841082" lon="130.3464182440873"><ele>11.56994541899698</ele><time>2026-01-02T07:26:23.99700Z</time><extensions><mytracks:speed>5.215734597888681</mytracks:speed><mytracks:length>0.007245000186237918</mytracks:length></extensions></trkpt><trkpt lat="33.55855618593923" lon="130.3464422158441"><ele>11.01760149129115</ele><time>2026-01-02T07:26:28.99800Z</time><extensions><mytracks:speed>5.10409073066819</mytracks:speed><mytracks:length>0.007089702964935358</mytracks:length></extensions></trkpt><trkpt lat="33.55849239451214" lon="130.3464445113759"><ele>11.05566724401174</ele><time>2026-01-02T07:26:33.99800Z</time><extensions><mytracks:speed>5.108786855964905</mytracks:speed><mytracks:gradient>0.005364353244361848</mytracks:gradient><mytracks:length>0.007096056315941423</mytracks:length></extensions></trkpt><trkpt lat="33.55841877449214" lon="130.3464448393128"><ele>11.47779998930724</ele><time>2026-01-02T07:26:38.99800Z</time><extensions><mytracks:speed>5.893947404255639</mytracks:speed><mytracks:gradient>0.05156459769940296</mytracks:gradient><mytracks:length>0.008186483830559975</mytracks:length></extensions></trkpt><trkpt lat="33.55835642695438" lon="130.3464476195483"><ele>11.54272532049904</ele><time>2026-01-02T07:26:43.99900Z</time><extensions><mytracks:speed>4.99474717433862</mytracks:speed><mytracks:gradient>0.009358706496890714</mytracks:gradient><mytracks:length>0.006937425723669979</mytracks:length></extensions></trkpt><trkpt lat="33.55830020744176" lon="130.3464288079223"><ele>11.51876558946022</ele><time>2026-01-02T07:26:48.99900Z</time><extensions><mytracks:speed>4.672460607378906</mytracks:speed><mytracks:length>0.006489714752430003</mytracks:length></extensions></trkpt><trkpt lat="33.55824016411531" lon="130.3464183447905"><ele>10.75894140071774</ele><time>2026-01-02T07:26:53.99900Z</time><extensions><mytracks:speed>4.857326522564525</mytracks:speed><mytracks:length>0.006746420498269301</mytracks:length></extensions></trkpt><trkpt lat="33.55817846730981" lon="130.3463930060335"><ele>11.19005251625532</ele><time>2026-01-02T07:26:58.99900Z</time><extensions><mytracks:speed>5.220361523646139</mytracks:speed><mytracks:gradient>0.05945871437345429</mytracks:gradient><mytracks:length>0.007250595982109783</mytracks:length></extensions></trkpt><trkpt lat="33.55811752394965" lon="130.3463860953443"><ele>10.62751564700224</ele><time>2026-01-02T07:27:03.99900Z</time><extensions><mytracks:speed>4.900954162400949</mytracks:speed><mytracks:length>0.006806933687223543</mytracks:length></extensions></trkpt><trkpt lat="33.55804146899941" lon="130.346384755913"><ele>11.19386638765068</ele><time>2026-01-02T07:27:08.99900Z</time><extensions><mytracks:speed>6.089956605273263</mytracks:speed><mytracks:gradient>0.06695795909100578</mytracks:gradient><mytracks:length>0.008458303513682156</mytracks:length></extensions></trkpt><trkpt lat="33.55797548978946" lon="130.3463607420459"><ele>11.11880186891814</ele><time>2026-01-02T07:27:13.99900Z</time><extensions><mytracks:speed>5.519721151349603</mytracks:speed><mytracks:length>0.00766628248410629</mytracks:length></extensions></trkpt><trkpt lat="33.55790504839358" lon="130.3463199546691"><ele>11.7690704994605</ele><time>2026-01-02T07:27:18.99900Z</time><extensions><mytracks:speed>6.261723012478353</mytracks:speed><mytracks:gradient>0.07477085527510152</mytracks:gradient><mytracks:length>0.008696819477988546</mytracks:length></extensions></trkpt><trkpt lat="33.55785676940494" lon="130.3462558844383"><ele>11.37610295502528</ele><time>2026-01-02T07:27:23.99900Z</time><extensions><mytracks:speed>5.762827801291911</mytracks:speed><mytracks:length>0.008003895824262952</mytracks:length></extensions></trkpt><trkpt lat="33.55782772789838" lon="130.3461712813557"><ele>11.1032259068654</ele><time>2026-01-02T07:27:28.99900Z</time><extensions><mytracks:speed>6.104571560960826</mytracks:speed><mytracks:length>0.008478524714828869</mytracks:length></extensions></trkpt><trkpt lat="33.5578094912258" lon="130.3460918351299"><ele>11.47991676815282</ele><time>2026-01-02T07:27:33.99900Z</time><extensions><mytracks:speed>5.497706413546537</mytracks:speed><mytracks:gradient>0.04933314363833524</mytracks:gradient><mytracks:length>0.007635654927019706</mytracks:length></extensions></trkpt><trkpt lat="33.55779781377284" lon="130.3460030795758"><ele>11.62930441089116</ele><time>2026-01-02T07:27:39.08900Z</time><extensions><mytracks:speed>5.888703705974917</mytracks:speed><mytracks:gradient>0.01794185401822981</mytracks:gradient><mytracks:length>0.00832620991044505</mytracks:length></extensions></trkpt><trkpt lat="33.55777538525532" lon="130.3459124402791"><ele>12.6743758659187</ele><time>2026-01-02T07:27:44.06300Z</time><extensions><mytracks:speed>6.340812436386178</mytracks:speed><mytracks:gradient>0.1192820087530506</mytracks:gradient><mytracks:length>0.008761350231711323</mytracks:length></extensions></trkpt><trkpt lat="33.55774562426668" lon="130.3458171217508"><ele>13.3688304714062</ele><time>2026-01-02T07:27:49.05300Z</time><extensions><mytracks:speed>6.804598387783816</mytracks:speed><mytracks:gradient>0.07362673951928154</mytracks:gradient><mytracks:length>0.009432097768034874</mytracks:length></extensions></trkpt><trkpt lat="33.55770868656014" lon="130.3457217543917"><ele>12.82276375184118</ele><time>2026-01-02T07:27:54.51800Z</time><extensions><mytracks:speed>6.420003008176721</mytracks:speed><mytracks:length>0.00974509793170392</mytracks:length></extensions></trkpt><trkpt lat="33.55766465193884" lon="130.3456378706552"><ele>12.24078147777846</ele><time>2026-01-02T07:27:59.78600Z</time><extensions><mytracks:speed>6.277673050102811</mytracks:speed><mytracks:length>0.009186676435480932</mytracks:length></extensions></trkpt><trkpt lat="33.55761856897363" lon="130.3455556209077"><ele>12.04407355824764</ele><time>2026-01-02T07:28:05.50700Z</time><extensions><mytracks:speed>5.77934183483903</mytracks:speed><mytracks:length>0.009183732774064219</mytracks:length></extensions></trkpt><trkpt lat="33.55756768414025" lon="130.3454902720877"><ele>12.18453602796913</ele><time>2026-01-02T07:28:11.01900Z</time><extensions><mytracks:speed>5.412518458243191</mytracks:speed><mytracks:gradient>0.01694942996352791</mytracks:gradient><mytracks:length>0.00828715007075417</mytracks:length></extensions></trkpt><trkpt lat="33.55753008187988" lon="130.3454236248286"><ele>12.48993056760142</ele><time>2026-01-02T07:28:16.01000Z</time><extensions><mytracks:speed>5.379306734373166</mytracks:speed><mytracks:gradient>0.04095017638138355</mytracks:gradient><mytracks:length>0.007457709993433059</mytracks:length></extensions></trkpt><trkpt lat="33.55749536829477" lon="130.3453728028271"><ele>12.69846073331309</ele><time>2026-01-02T07:28:21.02100Z</time><extensions><mytracks:speed>4.374370853309283</mytracks:speed><mytracks:gradient>0.03424593490638512</mytracks:gradient><mytracks:length>0.006089194711188511</mytracks:length></extensions></trkpt><trkpt lat="33.55744475293519" lon="130.3453862367335"><ele>13.13862044459838</ele><time>2026-01-02T07:28:26.01400Z</time><extensions><mytracks:speed>4.155973159753541</mytracks:speed><mytracks:gradient>0.07635649796101741</mytracks:gradient><mytracks:length>0.00576453508265939</mytracks:length></extensions></trkpt><trkpt lat="33.55738956519022" lon="130.3453943947071"><ele>13.40253428220441</ele><time>2026-01-02T07:28:31.01100Z</time><extensions><mytracks:speed>4.45512937074141</mytracks:speed><mytracks:gradient>0.04268242756380675</mytracks:gradient><mytracks:length>0.006183196520664107</mytracks:length></extensions></trkpt><trkpt lat="33.55733478166124" lon="130.3453832441263"><ele>13.63009121209799</ele><time>2026-01-02T07:28:36.00800Z</time><extensions><mytracks:speed>4.451281786914236</mytracks:speed><mytracks:gradient>0.03682852896620353</mytracks:gradient><mytracks:length>0.006178822132765545</mytracks:length></extensions></trkpt><trkpt lat="33.55727941422309" lon="130.3453797118791"><ele>13.93093742364144</ele><time>2026-01-02T07:28:40.99400Z</time><extensions><mytracks:speed>4.451342733314135</mytracks:speed><mytracks:gradient>0.04879367637670022</mytracks:gradient><mytracks:length>0.006165680348019612</mytracks:length></extensions></trkpt><trkpt lat="33.55722320605152" lon="130.345373908428"><ele>14.97375177627911</ele><time>2026-01-02T07:28:46.00000Z</time><extensions><mytracks:speed>4.51169503079999</mytracks:speed><mytracks:gradient>0.1662216871605604</mytracks:gradient><mytracks:length>0.006273635952391534</mytracks:length></extensions></trkpt><trkpt lat="33.55716875863762" lon="130.3453726082287"><ele>14.80429645016036</ele><time>2026-01-02T07:28:51.00800Z</time><extensions><mytracks:speed>4.353312750065118</mytracks:speed><mytracks:length>0.006055056360924392</mytracks:length></extensions></trkpt><trkpt lat="33.55710893937258" lon="130.3453790664524"><ele>14.3899819384659</ele><time>2026-01-02T07:28:56.00600Z</time><extensions><mytracks:speed>4.80954987682113</mytracks:speed><mytracks:length>0.006677265932032284</mytracks:length></extensions></trkpt><trkpt lat="33.55705376484492" lon="130.3453855345317"><ele>14.13287006912364</ele><time>2026-01-02T07:29:01.00700Z</time><extensions><mytracks:speed>4.43707200730438</mytracks:speed><mytracks:length>0.006164218420234268</mytracks:length></extensions></trkpt><trkpt lat="33.55699773747364" lon="130.3453869890637"><ele>14.11631867524947</ele><time>2026-01-02T07:29:06.00800Z</time><extensions><mytracks:speed>4.485741005162996</mytracks:speed><mytracks:length>0.006231835270347388</mytracks:length></extensions></trkpt><trkpt lat="33.55694226883602" lon="130.3453891376055"><ele>14.06637405372347</ele><time>2026-01-02T07:29:11.00200Z</time><extensions><mytracks:speed>4.448647961513226</mytracks:speed><mytracks:length>0.006170794367790463</mytracks:length></extensions></trkpt><trkpt lat="33.55688898976229" lon="130.3453858511382"><ele>13.96752864842484</ele><time>2026-01-02T07:29:16.00100Z</time><extensions><mytracks:speed>4.270645430802661</mytracks:speed><mytracks:length>0.00593098729150453</mytracks:length></extensions></trkpt><trkpt lat="33.55683506492406" lon="130.3453798647955"><ele>14.53208820297804</ele><time>2026-01-02T07:29:20.99100Z</time><extensions><mytracks:speed>4.344297790443073</mytracks:speed><mytracks:gradient>0.09375771784681045</mytracks:gradient><mytracks:length>0.006021472871978722</mytracks:length></extensions></trkpt><trkpt lat="33.55676046459494" lon="130.3453787129988"><ele>15.05485049468442</ele><time>2026-01-02T07:29:26.86000Z</time><extensions><mytracks:speed>5.088319085145869</mytracks:speed><mytracks:gradient>0.06301907360544119</mytracks:gradient><mytracks:length>0.008295302704374282</mytracks:length></extensions></trkpt><trkpt lat="33.55671871009338" lon="130.3453524937439"><ele>15.4174243864774</ele><time>2026-01-02T07:29:31.99200Z</time><extensions><mytracks:speed>3.675687628080654</mytracks:speed><mytracks:gradient>0.06919964410946464</mytracks:gradient><mytracks:length>0.005239534053375188</mytracks:length></extensions></trkpt><trkpt lat="33.55668420285755" lon="130.3453189678489"><ele>15.20300361993071</ele><time>2026-01-02T07:29:37.00300Z</time><extensions><mytracks:speed>3.546707363490667</mytracks:speed><mytracks:length>0.004936635494232301</mytracks:length></extensions></trkpt><trkpt lat="33.55663739043969" lon="130.3452650761108"><ele>14.71594157914263</ele><time>2026-01-02T07:29:42.00400Z</time><extensions><mytracks:speed>5.192254616562944</mytracks:speed><mytracks:length>0.007213208679068751</mytracks:length></extensions></trkpt><trkpt lat="33.55662329812609" lon="130.3451928995247"><ele>13.91523852454879</ele><time>2026-01-02T07:29:46.99900Z</time><extensions><mytracks:speed>4.950604923678583</mytracks:speed><mytracks:length>0.006869538102976705</mytracks:length></extensions></trkpt><trkpt lat="33.55662521254343" lon="130.3452049033094"><ele>14.16288136718721</ele><time>2026-01-02T07:29:52.00000Z</time><extensions><mytracks:speed>0.8114619579023968</mytracks:speed><mytracks:gradient>0.2196789815111755</mytracks:gradient><mytracks:length>0.001127294204183201</mytracks:length></extensions></trkpt><trkpt lat="33.55662577663801" lon="130.3452893132531"><ele>13.76357206665049</ele><time>2026-01-02T07:29:57.00400Z</time><extensions><mytracks:speed>5.627991627969403</mytracks:speed><mytracks:length>0.007821654614574026</mytracks:length></extensions></trkpt><trkpt lat="33.55657627695393" lon="130.3453474031617"><ele>13.49129340462536</ele><time>2026-01-02T07:30:01.99500Z</time><extensions><mytracks:speed>5.553229225152741</mytracks:speed><mytracks:length>0.007699129751530953</mytracks:length></extensions></trkpt><trkpt lat="33.55651756935034" lon="130.3453962336929"><ele>13.52465750202231</ele><time>2026-01-02T07:30:06.99000Z</time><extensions><mytracks:speed>5.723696982898869</mytracks:speed><mytracks:gradient>0.00420081606124978</mytracks:gradient><mytracks:length>0.007942289524341534</mytracks:length></extensions></trkpt><trkpt lat="33.55646722077643" lon="130.3454348118718"><ele>14.11660161302952</ele><time>2026-01-02T07:30:11.99500Z</time><extensions><mytracks:speed>4.777378475260698</mytracks:speed><mytracks:gradient>0.08912029972386126</mytracks:gradient><mytracks:length>0.006642079445887742</mytracks:length></extensions></trkpt><trkpt lat="33.55641900849909" lon="130.3454878802073"><ele>13.90058112397792</ele><time>2026-01-02T07:30:17.00500Z</time><extensions><mytracks:speed>5.226944800323258</mytracks:speed><mytracks:length>0.007274175218276128</mytracks:length></extensions></trkpt><trkpt lat="33.55637433502364" lon="130.3455338990388"><ele>14.14669390507626</ele><time>2026-01-02T07:30:22.00000Z</time><extensions><mytracks:speed>4.718347222461636</mytracks:speed><mytracks:gradient>0.03759509525687792</mytracks:gradient><mytracks:length>0.006546406636735839</mytracks:length></extensions></trkpt><trkpt lat="33.55631158589445" lon="130.3455713623391"><ele>13.76214343771785</ele><time>2026-01-02T07:30:26.99500Z</time><extensions><mytracks:speed>5.616890360886941</mytracks:speed><mytracks:length>0.007793372702526951</mytracks:length></extensions></trkpt><trkpt lat="33.55625939217285" lon="130.3456148035482"><ele>14.02201667029336</ele><time>2026-01-02T07:30:31.98900Z</time><extensions><mytracks:speed>5.091760160432244</mytracks:speed><mytracks:gradient>0.03679383176290068</mytracks:gradient><mytracks:length>0.007062956482763969</mytracks:length></extensions></trkpt><trkpt lat="33.55620826696602" lon="130.3456642966245"><ele>14.70039160075263</ele><time>2026-01-02T07:30:36.99400Z</time><extensions><mytracks:speed>5.253388813994684</mytracks:speed><mytracks:gradient>0.09287123458537433</mytracks:gradient><mytracks:length>0.007304467669541529</mytracks:length></extensions></trkpt><trkpt lat="33.55615370193232" lon="130.3456987917572"><ele>14.73519568447914</ele><time>2026-01-02T07:30:41.99300Z</time><extensions><mytracks:speed>4.939312948625049</mytracks:speed><mytracks:gradient>0.005074682066633614</mytracks:gradient><mytracks:length>0.006858377188858204</mytracks:length></extensions></trkpt><trkpt lat="33.55608481428098" lon="130.3457124411246"><ele>15.60684825420817</ele><time>2026-01-02T07:30:46.98900Z</time><extensions><mytracks:speed>5.593860862860519</mytracks:speed><mytracks:gradient>0.1122709932472126</mytracks:gradient><mytracks:length>0.007763827009258871</mytracks:length></extensions></trkpt><trkpt lat="33.55601708231819" lon="130.3457358501219"><ele>15.80358728340873</ele><time>2026-01-02T07:30:52.00000Z</time><extensions><mytracks:speed>5.6308910292928</mytracks:speed><mytracks:gradient>0.02510140410093304</mytracks:gradient><mytracks:length>0.007837769887671125</mytracks:length></extensions></trkpt><trkpt lat="33.55595125350426" lon="130.3457630522912"><ele>14.01423355648616</ele><time>2026-01-02T07:30:56.97900Z</time><extensions><mytracks:speed>5.59746214612812</mytracks:speed><mytracks:length>0.007741157155651963</mytracks:length></extensions></trkpt><trkpt lat="33.555878191498" lon="130.3457796725296"><ele>14.74392350221196</ele><time>2026-01-02T07:31:01.99600Z</time><extensions><mytracks:speed>5.933323390180314</mytracks:speed><mytracks:gradient>0.0882478686609713</mytracks:gradient><mytracks:length>0.008268641008533648</mytracks:length></extensions></trkpt><trkpt lat="33.5558100017254" lon="130.3457792490144"><ele>14.63015574478758</ele><time>2026-01-02T07:31:07.00600Z</time><extensions><mytracks:speed>5.448964079743465</mytracks:speed><mytracks:length>0.007582353341313611</mytracks:length></extensions></trkpt><trkpt lat="33.55573673329496" lon="130.345782381368"><ele>15.27665587425701</ele><time>2026-01-02T07:31:11.99800Z</time><extensions><mytracks:speed>5.878381327599775</mytracks:speed><mytracks:gradient>0.07930832569187485</mytracks:gradient><mytracks:length>0.008151730903779053</mytracks:length></extensions></trkpt><trkpt lat="33.55567117298213" lon="130.3457853431125"><ele>14.56011708109989</ele><time>2026-01-02T07:31:17.01200Z</time><extensions><mytracks:speed>5.237708328907559</mytracks:speed><mytracks:length>0.00729459008872871</mytracks:length></extensions></trkpt><trkpt lat="33.55559361982191" lon="130.3457926066875"><ele>15.38018435271707</ele><time>2026-01-02T07:31:21.99900Z</time><extensions><mytracks:speed>6.243769479397888</mytracks:speed><mytracks:gradient>0.09481052579433265</mytracks:gradient><mytracks:length>0.008649538273799958</mytracks:length></extensions></trkpt><trkpt lat="33.55551249061826" lon="130.3458028026767"><ele>15.4595405152101</ele><time>2026-01-02T07:31:26.99300Z</time><extensions><mytracks:speed>6.538611023876822</mytracks:speed><mytracks:gradient>0.008748655927651625</mytracks:gradient><mytracks:length>0.009070669043253914</mytracks:length></extensions></trkpt><trkpt lat="33.55542267487746" lon="130.3457940397366"><ele>14.20562232081184</ele><time>2026-01-02T07:31:32.93700Z</time><extensions><mytracks:speed>6.068113756978287</mytracks:speed><mytracks:length>0.01002005979577159</mytracks:length></extensions></trkpt><trkpt lat="33.55534451760732" lon="130.3457709916594"><ele>13.51796092563825</ele><time>2026-01-02T07:31:38.69600Z</time><extensions><mytracks:speed>5.594845302239277</mytracks:speed><mytracks:length>0.008949131140388431</mytracks:length></extensions></trkpt><trkpt lat="33.55526952393027" lon="130.3457535637239"><ele>12.78837242171828</ele><time>2026-01-02T07:31:43.95900Z</time><extensions><mytracks:speed>5.809665860126432</mytracks:speed><mytracks:length>0.008493393741159129</mytracks:length></extensions></trkpt><trkpt lat="33.55520295995558" lon="130.3457211433037"><ele>12.61971733624183</ele><time>2026-01-02T07:31:48.96600Z</time><extensions><mytracks:speed>5.742260472395969</mytracks:speed><mytracks:length>0.007987551549283231</mytracks:length></extensions></trkpt><trkpt lat="33.55514379115583" lon="130.3456828613847"><ele>12.87752912800259</ele><time>2026-01-02T07:31:53.97300Z</time><extensions><mytracks:speed>5.374390243082186</mytracks:speed><mytracks:gradient>0.03449445386925197</mytracks:gradient><mytracks:length>0.00747400706032236</mytracks:length></extensions></trkpt><trkpt lat="33.55509055422574" lon="130.3456266882832"><ele>13.42568843692932</ele><time>2026-01-02T07:31:58.97800Z</time><extensions><mytracks:speed>5.668977017979385</mytracks:speed><mytracks:gradient>0.06954644525597879</mytracks:gradient><mytracks:length>0.00788191699675125</mytracks:length></extensions></trkpt><trkpt lat="33.55503222749581" lon="130.3455602294803"><ele>13.16218887382137</ele><time>2026-01-02T07:32:04.48900Z</time><extensions><mytracks:speed>5.842549386572917</mytracks:speed><mytracks:length>0.008944094200078115</mytracks:length></extensions></trkpt><trkpt lat="33.55496945640869" lon="130.3454960799232"><ele>13.86449640604416</ele><time>2026-01-02T07:32:10.52000Z</time><extensions><mytracks:speed>5.472778462966605</mytracks:speed><mytracks:gradient>0.07659997361406728</mytracks:gradient><mytracks:length>0.009168508800815128</mytracks:length></extensions></trkpt><trkpt lat="33.5549050959962" lon="130.3454129751741"><ele>14.17090885774778</ele><time>2026-01-02T07:32:16.48400Z</time><extensions><mytracks:speed>6.346222275863298</mytracks:speed><mytracks:gradient>0.02914490345579072</mytracks:gradient><mytracks:length>0.01051341453809957</mytracks:length></extensions></trkpt><trkpt lat="33.55485021215131" lon="130.3453449978433"><ele>13.99301349102298</ele><time>2026-01-02T07:32:21.98000Z</time><extensions><mytracks:speed>5.744566318108794</mytracks:speed><mytracks:length>0.00877008973536225</mytracks:length></extensions></trkpt><trkpt lat="33.55479579958591" lon="130.3452934325832"><ele>13.30300244613305</ele><time>2026-01-02T07:32:26.98400Z</time><extensions><mytracks:speed>5.546378321705393</mytracks:speed><mytracks:length>0.0077096580809597</mytracks:length></extensions></trkpt><trkpt lat="33.55473602949787" lon="130.3452519945429"><ele>12.3897473035294</ele><time>2026-01-02T07:32:31.98700Z</time><extensions><mytracks:speed>5.522834000405874</mytracks:speed><mytracks:length>0.007675681761180125</mytracks:length></extensions></trkpt><trkpt lat="33.55467859575683" lon="130.3452002768445"><ele>13.1612725443603</ele><time>2026-01-02T07:32:36.99000Z</time><extensions><mytracks:speed>5.745168291091937</mytracks:speed><mytracks:gradient>0.09663874803197921</mytracks:gradient><mytracks:length>0.007983601366354514</mytracks:length></extensions></trkpt><trkpt lat="33.55462612698998" lon="130.3451590565732"><ele>12.90950051128694</ele><time>2026-01-02T07:32:41.99200Z</time><extensions><mytracks:speed>5.018984194962997</mytracks:speed><mytracks:length>0.00697370686767318</mytracks:length></extensions></trkpt><trkpt lat="33.55456838870566" lon="130.3451087889904"><ele>12.87195144114004</ele><time>2026-01-02T07:32:46.99400Z</time><extensions><mytracks:speed>5.709232770138077</mytracks:speed><mytracks:length>0.007932069975363751</mytracks:length></extensions></trkpt><trkpt lat="33.55451022637085" lon="130.3450671467783"><ele>13.08018177279121</ele><time>2026-01-02T07:32:51.99500Z</time><extensions><mytracks:speed>5.420996286077043</mytracks:speed><mytracks:gradient>0.02764950795775355</mytracks:gradient><mytracks:length>0.007531068255150701</mytracks:length></extensions></trkpt><trkpt lat="33.55446588073282" lon="130.3451342796087"><ele>12.99832732559808</ele><time>2026-01-02T07:32:56.99600Z</time><extensions><mytracks:speed>5.714059393383817</mytracks:speed><mytracks:length>0.007937749126929249</mytracks:length></extensions></trkpt><trkpt lat="33.55442910632126" lon="130.34521341281"><ele>13.16789240986677</ele><time>2026-01-02T07:33:01.99700Z</time><extensions><mytracks:speed>6.044020124081783</mytracks:speed><mytracks:gradient>0.02019656768257073</mytracks:gradient><mytracks:length>0.008395737678487818</mytracks:length></extensions></trkpt><trkpt lat="33.55439679962944" lon="130.3452960661163"><ele>13.49152577003755</ele><time>2026-01-02T07:33:06.99700Z</time><extensions><mytracks:speed>6.090427715177192</mytracks:speed><mytracks:gradient>0.03825497888178907</mytracks:gradient><mytracks:length>0.008459901681578079</mytracks:length></extensions></trkpt><trkpt lat="33.55436719869646" lon="130.3453767884673"><ele>13.23353447058708</ele><time>2026-01-02T07:33:11.99800Z</time><extensions><mytracks:speed>5.883441974839734</mytracks:speed><mytracks:length>0.008172159263451894</mytracks:length></extensions></trkpt><trkpt lat="33.554350194309" lon="130.3454457255528"><ele>13.28992952520128</ele><time>2026-01-02T07:33:16.99800Z</time><extensions><mytracks:speed>4.797102591994564</mytracks:speed><mytracks:gradient>0.008463813789967781</mytracks:gradient><mytracks:length>0.006663078372665383</mytracks:length></extensions></trkpt><trkpt lat="33.55439301966912" lon="130.3455058775431"><ele>12.85077516096206</ele><time>2026-01-02T07:33:21.99800Z</time><extensions><mytracks:speed>5.278911963865865</mytracks:speed><mytracks:length>0.007332177024688694</mytracks:length></extensions></trkpt><trkpt lat="33.55442415626264" lon="130.3455774588076"><ele>12.60299127123845</ele><time>2026-01-02T07:33:26.99900Z</time><extensions><mytracks:speed>5.386736055243588</mytracks:speed><mytracks:length>0.007481841135586023</mytracks:length></extensions></trkpt><trkpt lat="33.55447510879657" lon="130.3456340118179"><ele>13.51449555562081</ele><time>2026-01-02T07:33:31.99900Z</time><extensions><mytracks:speed>5.555863380201079</mytracks:speed><mytracks:gradient>0.1181214700174518</mytracks:gradient><mytracks:length>0.007716668986998598</mytracks:length></extensions></trkpt><trkpt lat="33.55450617691536" lon="130.3456729283464"><ele>12.69165617472462</ele><time>2026-01-02T07:33:36.99900Z</time><extensions><mytracks:speed>3.595484505737906</mytracks:speed><mytracks:length>0.004993813250744121</mytracks:length></extensions></trkpt><trkpt lat="33.55450935522385" lon="130.3456874072122"><ele>12.15712033772321</ele><time>2026-01-02T07:33:41.99900Z</time><extensions><mytracks:speed>0.9999135935584934</mytracks:speed><mytracks:length>0.001388783680483499</mytracks:length></extensions></trkpt><trkpt lat="33.55449940290272" lon="130.3456642067557"><ele>12.36934780657337</ele><time>2026-01-02T07:33:47.47500Z</time><extensions><mytracks:speed>1.589881199160126</mytracks:speed><mytracks:gradient>0.0877508896571266</mytracks:gradient><mytracks:length>0.002418522133272958</mytracks:length></extensions></trkpt><trkpt lat="33.55440594488034" lon="130.3455581581055"><ele>11.9418509947136</ele><time>2026-01-02T07:34:00.99900Z</time><extensions><mytracks:speed>3.807356101084471</mytracks:speed><mytracks:length>0.0143028147487156</mytracks:length></extensions></trkpt><trkpt lat="33.55440576987712" lon="130.3455476675624"><ele>12.06736956896193</ele><time>2026-01-02T07:34:06.02900Z</time><extensions><mytracks:speed>0.6995123006099969</mytracks:speed><mytracks:gradient>0.1284184273317371</mytracks:gradient><mytracks:length>0.0009774187151823676</mytracks:length></extensions></trkpt><trkpt lat="33.55440862572965" lon="130.3455104568405"><ele>12.03455716837198</ele><time>2026-01-02T07:34:17.01900Z</time><extensions><mytracks:speed>1.133672140829332</mytracks:speed><mytracks:length>0.00346090922346415</mytracks:length></extensions></trkpt><trkpt lat="33.55461901463262" lon="130.3455649910103"><ele>12.28832152698816</ele><time>2026-01-02T07:35:47.22400Z</time><extensions><mytracks:speed>0.9551699511832339</mytracks:speed><mytracks:gradient>0.01060281569951629</mytracks:gradient><mytracks:length>0.02393367628070387</mytracks:length></extensions></trkpt><trkpt lat="33.55478916641941" lon="130.3456113005957"><ele>12.31810606922954</ele><time>2026-01-02T07:37:03.00000Z</time><extensions><mytracks:speed>0.9217051319369607</mytracks:speed><mytracks:gradient>0.001535226886012317</mytracks:gradient><mytracks:length>0.01940074298642859</mytracks:length></extensions></trkpt><trkpt lat="33.55472620546286" lon="130.3456053595655"><ele>12.06260470606646</ele><time>2026-01-02T07:37:07.99500Z</time><extensions><mytracks:speed>5.061475509426738</mytracks:speed><mytracks:length>0.00702264576189232</mytracks:length></extensions></trkpt><trkpt lat="33.55468048276545" lon="130.3456309686334"><ele>12.71035451874306</ele><time>2026-01-02T07:37:13.05400Z</time><extensions><mytracks:speed>3.992563236505619</mytracks:speed><mytracks:gradient>0.1154463709448554</mytracks:gradient><mytracks:length>0.005610828710986574</mytracks:length></extensions></trkpt><trkpt lat="33.55473136321032" lon="130.3456645608953"><ele>12.64938293818646</ele><time>2026-01-02T07:37:18.01700Z</time><extensions><mytracks:speed>4.683732801746693</mytracks:speed><mytracks:length>0.006456996218081015</mytracks:length></extensions></trkpt><trkpt lat="33.55481886274343" lon="130.3456769277086"><ele>12.44590854417197</ele><time>2026-01-02T07:37:22.98100Z</time><extensions><mytracks:speed>7.104983638967064</mytracks:speed><mytracks:length>0.009797212359589256</mytracks:length></extensions></trkpt><trkpt lat="33.55481148950916" lon="130.3456695364587"><ele>12.47144432345475</ele><time>2026-01-02T07:37:27.97300Z</time><extensions><mytracks:speed>0.7715240831111191</mytracks:speed><mytracks:gradient>0.0238681928166496</mytracks:gradient><mytracks:length>0.001069866473718343</mytracks:length></extensions></trkpt><trkpt lat="33.55478692740854" lon="130.3456484274152"><ele>12.4489011706332</ele><time>2026-01-02T07:37:32.98600Z</time><extensions><mytracks:speed>2.412511485725429</mytracks:speed><mytracks:length>0.003359153750793102</mytracks:length></extensions></trkpt><trkpt lat="33.55476461064048" lon="130.3455936005604"><ele>12.49617148274356</ele><time>2026-01-02T07:37:37.99600Z</time><extensions><mytracks:speed>4.063214981923549</mytracks:speed><mytracks:gradient>0.008359281423236236</mytracks:gradient><mytracks:length>0.005654829609990516</mytracks:length></extensions></trkpt><trkpt lat="33.55476111120583" lon="130.3455648381967"><ele>12.34053870926616</ele><time>2026-01-02T07:37:42.98900Z</time><extensions><mytracks:speed>1.940905028000948</mytracks:speed><mytracks:length>0.002691880287664138</mytracks:length></extensions></trkpt><trkpt lat="33.55470729450158" lon="130.3455376665086"><ele>12.24636690392913</ele><time>2026-01-02T07:40:22.27200Z</time><extensions><mytracks:speed>0.1467541408565381</mytracks:speed><mytracks:length>0.006493185745218373</mytracks:length></extensions></trkpt><trkpt lat="33.55465981581507" lon="130.3455265897194"><ele>12.29356337583729</ele><time>2026-01-02T07:42:33.94700Z</time><extensions><mytracks:speed>0.1470776222601944</mytracks:speed><mytracks:gradient>0.008773273417947458</mytracks:gradient><mytracks:length>0.005379573810113667</mytracks:length></extensions></trkpt><trkpt lat="33.55412382579404" lon="130.3454022382259"><ele>13.33324800711125</ele><time>2026-01-02T08:06:41.00000Z</time><extensions><mytracks:speed>0.1510181071398531</mytracks:speed><mytracks:gradient>0.01712737644055151</mytracks:gradient><mytracks:length>0.0607030875325636</mytracks:length></extensions></trkpt><trkpt lat="33.5540805032304" lon="130.3453670685584"><ele>12.71113267206823</ele><time>2026-01-02T08:06:46.00000Z</time><extensions><mytracks:speed>4.187423910554619</mytracks:speed><mytracks:length>0.005815900930380776</mytracks:length></extensions></trkpt><trkpt lat="33.55402545460421" lon="130.3453277785273"><ele>13.02654266891622</ele><time>2026-01-02T08:06:51.00000Z</time><extensions><mytracks:speed>5.127921024079601</mytracks:speed><mytracks:gradient>0.04428643197351672</mytracks:gradient><mytracks:length>0.00712204580031664</mytracks:length></extensions></trkpt><trkpt lat="33.55396211103838" lon="130.3453256979491"><ele>12.85955201945559</ele><time>2026-01-02T08:06:56.00000Z</time><extensions><mytracks:speed>5.072955377886981</mytracks:speed><mytracks:length>0.007045708700040075</mytracks:length></extensions></trkpt><trkpt lat="33.55389969927515" lon="130.3453322638658"><ele>13.34509097531727</ele><time>2026-01-02T08:07:01.00000Z</time><extensions><mytracks:speed>5.016456661468236</mytracks:speed><mytracks:gradient>0.06968883231760473</mytracks:gradient><mytracks:length>0.006967241948449409</mytracks:length></extensions></trkpt><trkpt lat="33.55383953592112" lon="130.34534363605"><ele>13.6509603978196</ele><time>2026-01-02T08:07:05.99900Z</time><extensions><mytracks:speed>4.876182713726068</mytracks:speed><mytracks:gradient>0.04516397099923345</mytracks:gradient><mytracks:length>0.006772420930558298</mytracks:length></extensions></trkpt><trkpt lat="33.55377730264885" lon="130.3453619719187"><ele>14.39952862540462</ele><time>2026-01-02T08:07:10.99900Z</time><extensions><mytracks:speed>5.129735895718308</mytracks:speed><mytracks:gradient>0.1050684556887091</mytracks:gradient><mytracks:length>0.007124576283892781</mytracks:length></extensions></trkpt><trkpt lat="33.55372793454099" lon="130.345384970745"><ele>13.92442458123103</ele><time>2026-01-02T08:07:15.99900Z</time><extensions><mytracks:speed>4.239597536958065</mytracks:speed><mytracks:length>0.005888284847660999</mytracks:length></extensions></trkpt><trkpt lat="33.5536817255839" lon="130.3453970031981"><ele>13.75798673353204</ele><time>2026-01-02T08:07:20.99900Z</time><extensions><mytracks:speed>3.785474929168591</mytracks:speed><mytracks:length>0.00525756445735818</mytracks:length></extensions></trkpt><trkpt lat="33.55363707660265" lon="130.3454104348241"><ele>13.51117130401848</ele><time>2026-01-02T08:07:25.99900Z</time><extensions><mytracks:speed>3.685411543215295</mytracks:speed><mytracks:length>0.005118588701516547</mytracks:length></extensions></trkpt><trkpt lat="33.55358754218659" lon="130.3454374127467"><ele>13.13593767744243</ele><time>2026-01-02T08:07:30.99900Z</time><extensions><mytracks:speed>4.354846758050644</mytracks:speed><mytracks:length>0.006048354580939505</mytracks:length></extensions></trkpt><trkpt lat="33.55354034961602" lon="130.345451226038"><ele>13.36853604009192</ele><time>2026-01-02T08:07:35.99900Z</time><extensions><mytracks:speed>3.889571908407671</mytracks:speed><mytracks:gradient>0.04305667740866063</mytracks:gradient><mytracks:length>0.005402143793907937</mytracks:length></extensions></trkpt><trkpt lat="33.5534985389549" lon="130.3454662089293"><ele>13.470790375383</ele><time>2026-01-02T08:07:40.99900Z</time><extensions><mytracks:speed>3.493413297265249</mytracks:speed><mytracks:gradient>0.02107499235678743</mytracks:gradient><mytracks:length>0.004851927514846433</mytracks:length></extensions></trkpt><trkpt lat="33.55345513916796" lon="130.345479979995"><ele>13.85636587051397</ele><time>2026-01-02T08:07:45.99900Z</time><extensions><mytracks:speed>3.593621558188872</mytracks:speed><mytracks:gradient>0.07725252580603754</mytracks:gradient><mytracks:length>0.004991105353617361</mytracks:length></extensions></trkpt><trkpt lat="33.55340884759369" lon="130.3454928662581"><ele>13.86650400160856</ele><time>2026-01-02T08:07:50.99900Z</time><extensions><mytracks:speed>3.804556224537327</mytracks:speed><mytracks:gradient>0.001918622256938479</mytracks:gradient><mytracks:length>0.005284068324508376</mytracks:length></extensions></trkpt><trkpt lat="33.55337093817877" lon="130.3455112010221"><ele>14.76374561786527</ele><time>2026-01-02T08:07:55.99900Z</time><extensions><mytracks:speed>3.272431894827389</mytracks:speed><mytracks:gradient>0.1974123800738428</mytracks:gradient><mytracks:length>0.004545011898043567</mytracks:length></extensions></trkpt><trkpt lat="33.55337126758317" lon="130.3455068077733"><ele>14.96693040363887</ele><time>2026-01-02T08:08:01.50000Z</time><extensions><mytracks:speed>0.2708396661559237</mytracks:speed><mytracks:gradient>0.4910058507034344</mytracks:gradient><mytracks:length>0.0004138133700087314</mytracks:length></extensions></trkpt><trkpt lat="33.55338836328442" lon="130.345489650087"><ele>14.68579176005901</ele><time>2026-01-02T08:08:06.50000Z</time><extensions><mytracks:speed>1.785000280840878</mytracks:speed><mytracks:length>0.002479247620857522</mytracks:length></extensions></trkpt><trkpt lat="33.55340756782321" lon="130.3454719015551"><ele>14.57623568225739</ele><time>2026-01-02T08:08:11.50000Z</time><extensions><mytracks:speed>1.939344418446495</mytracks:speed><mytracks:length>0.002693553822353409</mytracks:length></extensions></trkpt><trkpt lat="33.55330024137722" lon="130.3454975128751"><ele>14.84724944568566</ele><time>2026-01-02T08:08:28.00000Z</time><extensions><mytracks:speed>2.654675201600027</mytracks:speed><mytracks:gradient>0.02227397459622937</mytracks:gradient><mytracks:length>0.01216728349300292</mytracks:length></extensions></trkpt><trkpt lat="33.55320169582138" lon="130.3455187774544"><ele>14.97765648535724</ele><time>2026-01-02T08:08:40.33300Z</time><extensions><mytracks:speed>3.249623674704182</mytracks:speed><mytracks:gradient>0.01171359992111078</mytracks:gradient><mytracks:length>0.0111329600250864</mytracks:length></extensions></trkpt><trkpt lat="33.55269700231714" lon="130.3456248291552"><ele>15.69852741528302</ele><time>2026-01-02T08:09:42.99900Z</time><extensions><mytracks:speed>3.272959288460936</mytracks:speed><mytracks:gradient>0.01265277173915699</mytracks:gradient><mytracks:length>0.05697336084036646</mytracks:length></extensions></trkpt><trkpt lat="33.55261774148138" lon="130.3456199877255"><ele>15.05936114955693</ele><time>2026-01-02T08:09:49.99900Z</time><extensions><mytracks:speed>4.538284442905788</mytracks:speed><mytracks:length>0.008824387871750387</mytracks:length></extensions></trkpt><trkpt lat="33.55256059118958" lon="130.3456302595343"><ele>15.28794842068575</ele><time>2026-01-02T08:09:54.99900Z</time><extensions><mytracks:speed>4.625893884936813</mytracks:speed><mytracks:gradient>0.03557882376696263</mytracks:gradient><mytracks:length>0.006424812484696916</mytracks:length></extensions></trkpt><trkpt lat="33.55249178228451" lon="130.3456426440016"><ele>16.01601951191962</ele><time>2026-01-02T08:09:59.99900Z</time><extensions><mytracks:speed>5.570733245090774</mytracks:speed><mytracks:gradient>0.09410151898602931</mytracks:gradient><mytracks:length>0.007737081176574427</mytracks:length></extensions></trkpt><trkpt lat="33.55242121168989" lon="130.3456459130255"><ele>15.62582984756652</ele><time>2026-01-02T08:10:05.49900Z</time><extensions><mytracks:speed>5.139934740592254</mytracks:speed><mytracks:length>0.007852704457247933</mytracks:length></extensions></trkpt><trkpt lat="33.55235542534496" lon="130.3456515423292"><ele>16.0800850862134</ele><time>2026-01-02T08:10:10.49900Z</time><extensions><mytracks:speed>5.27986484362263</mytracks:speed><mytracks:gradient>0.06194328135115786</mytracks:gradient><mytracks:length>0.007333406121508105</mytracks:length></extensions></trkpt><trkpt lat="33.5522933318957" lon="130.3456603097759"><ele>16.21339238099164</ele><time>2026-01-02T08:10:15.49900Z</time><extensions><mytracks:speed>5.005146043886401</mytracks:speed><mytracks:gradient>0.01917621069046033</mytracks:gradient><mytracks:length>0.006951701612485653</mytracks:length></extensions></trkpt><trkpt lat="33.55224260779887" lon="130.3456683708479"><ele>15.48005315584668</ele><time>2026-01-02T08:10:20.50000Z</time><extensions><mytracks:speed>4.096007677368429</mytracks:speed><mytracks:length>0.00568899327494953</mytracks:length></extensions></trkpt><trkpt lat="33.5521770102925" lon="130.3456788114364"><ele>15.62956198949539</ele><time>2026-01-02T08:10:25.50000Z</time><extensions><mytracks:speed>5.298115701988736</mytracks:speed><mytracks:gradient>0.02031768269840279</mytracks:gradient><mytracks:length>0.007358557364440959</mytracks:length></extensions></trkpt><trkpt lat="33.55210922346182" lon="130.3456903915797"><ele>14.57202726572798</ele><time>2026-01-02T08:10:30.50000Z</time><extensions><mytracks:speed>5.482327701415008</mytracks:speed><mytracks:length>0.007614379066983996</mytracks:length></extensions></trkpt><trkpt lat="33.55204011821103" lon="130.3456903102122"><ele>15.2882944293182</ele><time>2026-01-02T08:10:35.50000Z</time><extensions><mytracks:speed>5.53323832941808</mytracks:speed><mytracks:gradient>0.09320243097831556</mytracks:gradient><mytracks:length>0.007685069542412195</mytracks:length></extensions></trkpt><trkpt lat="33.55196399972458" lon="130.3457060656545"><ele>15.15472904955698</ele><time>2026-01-02T08:10:41.00000Z</time><extensions><mytracks:speed>5.622161592152861</mytracks:speed><mytracks:length>0.008589415032931069</mytracks:length></extensions></trkpt><trkpt lat="33.55189703981588" lon="130.3457084464293"><ele>15.94338682096516</ele><time>2026-01-02T08:10:46.00000Z</time><extensions><mytracks:speed>5.363463755892989</mytracks:speed><mytracks:gradient>0.1058708238410595</mytracks:gradient><mytracks:length>0.007449245625897482</mytracks:length></extensions></trkpt><trkpt lat="33.5518346350322" lon="130.3457162078595"><ele>15.69662259848276</ele><time>2026-01-02T08:10:51.00000Z</time><extensions><mytracks:speed>5.022941010512674</mytracks:speed><mytracks:length>0.006976291157874051</mytracks:length></extensions></trkpt><trkpt lat="33.55177621086516" lon="130.3457169776534"><ele>15.07543034885089</ele><time>2026-01-02T08:10:56.00000Z</time><extensions><mytracks:speed>4.677605121934563</mytracks:speed><mytracks:length>0.006496654883546344</mytracks:length></extensions></trkpt><trkpt lat="33.55171244298258" lon="130.3457218268335"><ele>15.19201900826956</ele><time>2026-01-02T08:11:01.00000Z</time><extensions><mytracks:speed>5.115575416170467</mytracks:speed><mytracks:gradient>0.01640951723932552</mytracks:gradient><mytracks:length>0.007104941462827874</mytracks:length></extensions></trkpt><trkpt lat="33.55164053735431" lon="130.345723439376"><ele>15.76864047986919</ele><time>2026-01-02T08:11:06.00000Z</time><extensions><mytracks:speed>5.757554400992325</mytracks:speed><mytracks:gradient>0.07210857155383765</mytracks:gradient><mytracks:length>0.007996573211398447</mytracks:length></extensions></trkpt><trkpt lat="33.55157118894349" lon="130.3457202369117"><ele>14.77114907388386</ele><time>2026-01-02T08:11:11.00000Z</time><extensions><mytracks:speed>5.556023792449269</mytracks:speed><mytracks:length>0.007716668986998598</mytracks:length></extensions></trkpt><trkpt lat="33.55149988276159" lon="130.3457300115251"><ele>15.40352696527265</ele><time>2026-01-02T08:11:16.00000Z</time><extensions><mytracks:speed>5.746591384321893</mytracks:speed><mytracks:gradient>0.07923201299317303</mytracks:gradient><mytracks:length>0.007981343241188045</mytracks:length></extensions></trkpt><trkpt lat="33.55143484950462" lon="130.3457319723865"><ele>14.97301746785863</ele><time>2026-01-02T08:11:21.00000Z</time><extensions><mytracks:speed>5.208355562419898</mytracks:speed><mytracks:length>0.007233795608405682</mytracks:length></extensions></trkpt><trkpt lat="33.55136828664811" lon="130.34574159824"><ele>15.22745896932532</ele><time>2026-01-02T08:11:26.00000Z</time><extensions><mytracks:speed>5.367834208154447</mytracks:speed><mytracks:gradient>0.03412897597551755</mytracks:gradient><mytracks:length>0.007455292583323054</mytracks:length></extensions></trkpt><trkpt lat="33.55130182307798" lon="130.3457379405486"><ele>15.43745421712037</ele><time>2026-01-02T08:11:30.99900Z</time><extensions><mytracks:speed>5.327207161689359</mytracks:speed><mytracks:gradient>0.0283820888403048</mytracks:gradient><mytracks:length>0.007398865142612171</mytracks:length></extensions></trkpt><trkpt lat="33.55124084924017" lon="130.3457434690725"><ele>15.23332817832156</ele><time>2026-01-02T08:11:35.99900Z</time><extensions><mytracks:speed>4.895768625832361</mytracks:speed><mytracks:length>0.006799647520530741</mytracks:length></extensions></trkpt><trkpt lat="33.55117958865063" lon="130.3457638526505"><ele>15.32559014295989</ele><time>2026-01-02T08:11:40.99900Z</time><extensions><mytracks:speed>5.089943687325867</mytracks:speed><mytracks:gradient>0.01305101248810852</mytracks:gradient><mytracks:length>0.007069333871406594</mytracks:length></extensions></trkpt><trkpt lat="33.55111107476149" lon="130.3457729018838"><ele>15.61832122694797</ele><time>2026-01-02T08:11:45.99900Z</time><extensions><mytracks:speed>5.518479086950769</mytracks:speed><mytracks:gradient>0.03819301514367592</mytracks:gradient><mytracks:length>0.007664518836412056</mytracks:length></extensions></trkpt><trkpt lat="33.55104806140762" lon="130.3457830776785"><ele>15.26783425385295</ele><time>2026-01-02T08:11:50.99900Z</time><extensions><mytracks:speed>5.090402997699665</mytracks:speed><mytracks:length>0.007069971293874993</mytracks:length></extensions></trkpt><trkpt lat="33.55098522728646" lon="130.3457984541163"><ele>15.12531456818895</ele><time>2026-01-02T08:11:55.99900Z</time><extensions><mytracks:speed>5.133816301219967</mytracks:speed><mytracks:length>0.007130266588438789</mytracks:length></extensions></trkpt><trkpt lat="33.55092092007176" lon="130.3458063789811"><ele>15.82036731672549</ele><time>2026-01-02T08:12:00.99900Z</time><extensions><mytracks:speed>5.175510128390007</mytracks:speed><mytracks:gradient>0.09669389981548752</mytracks:gradient><mytracks:length>0.007188175778025808</mytracks:length></extensions></trkpt><trkpt lat="33.55085498984207" lon="130.3458120567352"><ele>15.55631805599298</ele><time>2026-01-02T08:12:05.99900Z</time><extensions><mytracks:speed>5.29200972645447</mytracks:speed><mytracks:length>0.007349978811844953</mytracks:length></extensions></trkpt><trkpt lat="33.55078691027389" lon="130.3458212236489"><ele>16.16959195388638</ele><time>2026-01-02T08:12:11.50000Z</time><extensions><mytracks:speed>4.986078279451838</mytracks:speed><mytracks:gradient>0.08050401680041769</mytracks:gradient><mytracks:length>0.007617929170091004</mytracks:length></extensions></trkpt><trkpt lat="33.55072291373673" lon="130.3458310085182"><ele>16.5555177802708</ele><time>2026-01-02T08:12:17.00000Z</time><extensions><mytracks:speed>4.695322334547222</mytracks:speed><mytracks:gradient>0.05379229146064972</mytracks:gradient><mytracks:length>0.007174370451698131</mytracks:length></extensions></trkpt><trkpt lat="33.55066833996461" lon="130.3458355514429"><ele>16.68281858513155</ele><time>2026-01-02T08:12:22.00000Z</time><extensions><mytracks:speed>4.379433373667616</mytracks:speed><mytracks:gradient>0.02092892159181011</mytracks:gradient><mytracks:length>0.006082530545222693</mytracks:length></extensions></trkpt><trkpt lat="33.55061160027481" lon="130.3458453105521"><ele>16.83551769930811</ele><time>2026-01-02T08:12:27.00000Z</time><extensions><mytracks:speed>4.589891980857935</mytracks:speed><mytracks:gradient>0.0239534835779616</mytracks:gradient><mytracks:length>0.006374818663830742</mytracks:length></extensions></trkpt><trkpt lat="33.55056349189373" lon="130.3458572517175"><ele>16.97865853303946</ele><time>2026-01-02T08:12:32.00000Z</time><extensions><mytracks:speed>3.933186095524448</mytracks:speed><mytracks:gradient>0.02620331479262138</mytracks:gradient><mytracks:length>0.005462699466239231</mytracks:length></extensions></trkpt><trkpt lat="33.55051021560357" lon="130.3458602379604"><ele>17.44645319793877</ele><time>2026-01-02T08:12:37.00000Z</time><extensions><mytracks:speed>4.27035218601406</mytracks:speed><mytracks:gradient>0.07887298385706858</mytracks:gradient><mytracks:length>0.00593098729150453</mytracks:length></extensions></trkpt><trkpt lat="33.55046297111674" lon="130.345867842452"><ele>18.0460643111082</ele><time>2026-01-02T08:12:42.00000Z</time><extensions><mytracks:speed>3.816822248995323</mytracks:speed><mytracks:gradient>0.1131107547255671</mytracks:gradient><mytracks:length>0.005301097270761088</mytracks:length></extensions></trkpt><trkpt lat="33.55041538319078" lon="130.3458779911103"><ele>18.41500680012458</ele><time>2026-01-02T08:12:47.00000Z</time><extensions><mytracks:speed>3.869098733858917</mytracks:speed><mytracks:gradient>0.06865698087372792</mytracks:gradient><mytracks:length>0.005373706858664846</mytracks:length></extensions></trkpt><trkpt lat="33.55036793560704" lon="130.345891028571"><ele>18.70564019532308</ele><time>2026-01-02T08:12:52.00000Z</time><extensions><mytracks:speed>3.896771395288047</mytracks:speed><mytracks:gradient>0.05370022644865939</mytracks:gradient><mytracks:length>0.005412144685765227</mytracks:length></extensions></trkpt><trkpt lat="33.55032168091542" lon="130.3459045114132"><ele>18.78249794544267</ele><time>2026-01-02T08:12:57.00000Z</time><extensions><mytracks:speed>3.811302798890849</mytracks:speed><mytracks:gradient>0.01451943070074113</mytracks:gradient><mytracks:length>0.005293441024217764</mytracks:length></extensions></trkpt><trkpt lat="33.55027898622108" lon="130.3459235397334"><ele>18.68624431025066</ele><time>2026-01-02T08:13:02.00000Z</time><extensions><mytracks:speed>3.64653473071881</mytracks:speed><mytracks:length>0.005064600175383962</mytracks:length></extensions></trkpt><trkpt lat="33.55023609162399" lon="130.3459407963058"><ele>18.73048267640641</ele><time>2026-01-02T08:13:07.00000Z</time><extensions><mytracks:speed>3.622107745250696</mytracks:speed><mytracks:gradient>0.008793723567421417</mytracks:gradient><mytracks:length>0.005030675096456066</mytracks:length></extensions></trkpt><trkpt lat="33.55019365664099" lon="130.3459552943"><ele>18.41565968581258</ele><time>2026-01-02T08:13:12.00000Z</time><extensions><mytracks:speed>3.53264262990085</mytracks:speed><mytracks:length>0.004906419320290274</mytracks:length></extensions></trkpt><trkpt lat="33.5501510661712" lon="130.3459774016666"><ele>18.27812538721031</ele><time>2026-01-02T08:13:17.00000Z</time><extensions><mytracks:speed>3.715078071568546</mytracks:speed><mytracks:length>0.005159801130168478</mytracks:length></extensions></trkpt><trkpt lat="33.550106522918" lon="130.3459903740493"><ele>18.26215507138993</ele><time>2026-01-02T08:13:22.00000Z</time><extensions><mytracks:speed>3.669523095373986</mytracks:speed><mytracks:length>0.005096531421005414</mytracks:length></extensions></trkpt><trkpt lat="33.55006268215864" lon="130.3460050415754"><ele>18.45847834863627</ele><time>2026-01-02T08:13:27.00000Z</time><extensions><mytracks:speed>3.644609951564885</mytracks:speed><mytracks:gradient>0.03878427231896928</mytracks:gradient><mytracks:length>0.005061930146110233</mytracks:length></extensions></trkpt><trkpt lat="33.55001755648934" lon="130.3460241588095"><ele>18.94606569513974</ele><time>2026-01-02T08:13:32.00000Z</time><extensions><mytracks:speed>3.831472264599319</mytracks:speed><mytracks:gradient>0.09162660991566</mytracks:gradient><mytracks:length>0.005321460075324077</mytracks:length></extensions></trkpt><trkpt lat="33.54996998259487" lon="130.3460336348031"><ele>18.99533082819793</ele><time>2026-01-02T08:13:37.00000Z</time><extensions><mytracks:speed>3.861232898943352</mytracks:speed><mytracks:gradient>0.009186467442002777</mytracks:gradient><mytracks:length>0.005362794063029363</mytracks:length></extensions></trkpt><trkpt lat="33.54992360272714" lon="130.3460442176198"><ele>18.90663327272483</ele><time>2026-01-02T08:13:42.00000Z</time><extensions><mytracks:speed>3.779908928889558</mytracks:speed><mytracks:length>0.005249844723996793</mytracks:length></extensions></trkpt><trkpt lat="33.54987490827857" lon="130.3460559950414"><ele>19.30626757830641</ele><time>2026-01-02T08:13:47.00000Z</time><extensions><mytracks:speed>3.976874734323637</mytracks:speed><mytracks:gradient>0.07235286081915147</mytracks:gradient><mytracks:length>0.00552340710591231</mytracks:length></extensions></trkpt><trkpt lat="33.54983300971012" lon="130.346073752006"><ele>19.04721033648828</ele><time>2026-01-02T08:13:52.00000Z</time><extensions><mytracks:speed>3.557024812773064</mytracks:speed><mytracks:length>0.004940285502490091</mytracks:length></extensions></trkpt><trkpt lat="33.54979188211716" lon="130.3460896498972"><ele>19.09349258613436</ele><time>2026-01-02T08:13:57.00000Z</time><extensions><mytracks:speed>3.459133744229636</mytracks:speed><mytracks:gradient>0.00963345234927606</mytracks:gradient><mytracks:length>0.004804326420897028</mytracks:length></extensions></trkpt><trkpt lat="33.54975016458013" lon="130.3461078586524"><ele>19.08809284712952</ele><time>2026-01-02T08:14:02.00000Z</time><extensions><mytracks:speed>3.554396877348226</mytracks:speed><mytracks:length>0.004936635494232301</mytracks:length></extensions></trkpt><trkpt lat="33.54970402314532" lon="130.3461218477926"><ele>18.5562568099501</ele><time>2026-01-02T08:14:07.00000Z</time><extensions><mytracks:speed>3.810071621176676</mytracks:speed><mytracks:length>0.005291738131774078</mytracks:length></extensions></trkpt><trkpt lat="33.54965949051219" lon="130.3461386642419"><ele>18.16952048396981</ele><time>2026-01-02T08:14:12.07300Z</time><extensions><mytracks:speed>3.683901299697909</mytracks:speed><mytracks:length>0.005191146818544445</mytracks:length></extensions></trkpt><trkpt lat="33.54961506673752" lon="130.3461577427296"><ele>18.05356816510946</ele><time>2026-01-02T08:14:17.53700Z</time><extensions><mytracks:speed>3.457167770178867</mytracks:speed><mytracks:length>0.005247268955721374</mytracks:length></extensions></trkpt><trkpt lat="33.54956661405735" lon="130.346182535858"><ele>18.58771624437987</ele><time>2026-01-02T08:14:23.03400Z</time><extensions><mytracks:speed>3.835561944317787</mytracks:speed><mytracks:gradient>0.09118901295080192</mytracks:gradient><mytracks:length>0.005857592510169884</mytracks:length></extensions></trkpt><trkpt lat="33.54952265847305" lon="130.3462002847765"><ele>18.86839351037663</ele><time>2026-01-02T08:14:28.02700Z</time><extensions><mytracks:speed>3.719254184917421</mytracks:speed><mytracks:gradient>0.05441533950423995</mytracks:gradient><mytracks:length>0.005158054117716109</mytracks:length></extensions></trkpt><trkpt lat="33.54947351128425" lon="130.3462150511818"><ele>18.99258267280908</ele><time>2026-01-02T08:14:33.02400Z</time><extensions><mytracks:speed>4.059356448863902</mytracks:speed><mytracks:gradient>0.02204252309276911</mytracks:gradient><mytracks:length>0.005634072012073348</mytracks:length></extensions></trkpt><trkpt lat="33.54942188030954" lon="130.3462230764283"><ele>19.65503921558352</ele><time>2026-01-02T08:14:38.02400Z</time><extensions><mytracks:speed>4.167743378437848</mytracks:speed><mytracks:gradient>0.1144392448168255</mytracks:gradient><mytracks:length>0.005788718230662782</mytracks:length></extensions></trkpt><trkpt lat="33.5493780965748" lon="130.3462295419646"><ele>19.53269214410779</ele><time>2026-01-02T08:14:43.01400Z</time><extensions><mytracks:speed>3.538401859405377</mytracks:speed><mytracks:length>0.004904582054050873</mytracks:length></extensions></trkpt><trkpt lat="33.54934004506647" lon="130.3462338782278"><ele>18.84769141624446</ele><time>2026-01-02T08:14:48.01400Z</time><extensions><mytracks:speed>3.059763410227531</mytracks:speed><mytracks:length>0.004249879109220396</mytracks:length></extensions></trkpt><trkpt lat="33.54929440578213" lon="130.3462467286888"><ele>18.55371353139187</ele><time>2026-01-02T08:14:53.00800Z</time><extensions><mytracks:speed>3.757261115689992</mytracks:speed><mytracks:length>0.005211939212124561</mytracks:length></extensions></trkpt><trkpt lat="33.54924999198687" lon="130.3462531431973"><ele>18.83172164927586</ele><time>2026-01-02T08:14:58.00200Z</time><extensions><mytracks:speed>3.585516013144985</mytracks:speed><mytracks:gradient>0.05589314990900738</mytracks:gradient><mytracks:length>0.004973921103687702</mytracks:length></extensions></trkpt><trkpt lat="33.54920392222541" lon="130.3462532066913"><ele>19.11508763612987</ele><time>2026-01-02T08:15:03.01100Z</time><extensions><mytracks:speed>3.681785515659642</mytracks:speed><mytracks:gradient>0.0553126309762424</mytracks:gradient><mytracks:length>0.005122988761386492</mytracks:length></extensions></trkpt><trkpt lat="33.54915820510599" lon="130.3462584269951"><ele>19.67906292452662</ele><time>2026-01-02T08:15:08.00800Z</time><extensions><mytracks:speed>3.679612078910745</mytracks:speed><mytracks:gradient>0.1104289884044277</mytracks:gradient><mytracks:length>0.005107130804560836</mytracks:length></extensions></trkpt><trkpt lat="33.54911280694706" lon="130.3462715901821"><ele>20.15875305057711</ele><time>2026-01-02T08:15:13.00400Z</time><extensions><mytracks:speed>3.741348988942963</mytracks:speed><mytracks:gradient>0.09237453529466055</mytracks:gradient><mytracks:length>0.005192882697816686</mytracks:length></extensions></trkpt><trkpt lat="33.54907031222834" lon="130.3462777073715"><ele>20.48468557119394</ele><time>2026-01-02T08:15:17.99600Z</time><extensions><mytracks:speed>3.431737430193951</mytracks:speed><mytracks:gradient>0.06849993508707949</mytracks:gradient><mytracks:length>0.004758143496084834</mytracks:length></extensions></trkpt><trkpt lat="33.54902567511325" lon="130.346281039985"><ele>20.87513087551997</ele><time>2026-01-02T08:15:22.99600Z</time><extensions><mytracks:speed>3.579645984680208</mytracks:speed><mytracks:gradient>0.07852710420683616</mytracks:gradient><mytracks:length>0.00497210878039792</mytracks:length></extensions></trkpt><trkpt lat="33.54898462574912" lon="130.3462919108101"><ele>20.80857908528665</ele><time>2026-01-02T08:15:28.00000Z</time><extensions><mytracks:speed>3.362784627098836</mytracks:speed><mytracks:length>0.004674057228890515</mytracks:length></extensions></trkpt><trkpt lat="33.5489363483147" lon="130.3463048001893"><ele>20.76494543685018</ele><time>2026-01-02T08:15:33.00000Z</time><extensions><mytracks:speed>3.958850679213372</mytracks:speed><mytracks:length>0.005498057113457976</mytracks:length></extensions></trkpt><trkpt lat="33.54888669892766" lon="130.3463074180516"><ele>21.31470241115943</ele><time>2026-01-02T08:15:38.00300Z</time><extensions><mytracks:speed>3.976304760373433</mytracks:speed><mytracks:gradient>0.09947346481681629</mytracks:gradient><mytracks:length>0.005526669603010676</mytracks:length></extensions></trkpt><trkpt lat="33.54884106663717" lon="130.3463134263121"><ele>22.47590442247612</ele><time>2026-01-02T08:15:43.00100Z</time><extensions><mytracks:speed>3.676816827573798</mytracks:speed><mytracks:gradient>0.2274867026295162</mytracks:gradient><mytracks:length>0.005104483022059582</mytracks:length></extensions></trkpt><trkpt lat="33.54879861864292" lon="130.3463175354312"><ele>22.27260696180723</ele><time>2026-01-02T08:15:47.99900Z</time><extensions><mytracks:speed>3.409967334790701</mytracks:speed><mytracks:length>0.004734407223648706</mytracks:length></extensions></trkpt><trkpt lat="33.54875984391206" lon="130.3463255120942"><ele>22.02742901413592</ele><time>2026-01-02T08:15:53.00300Z</time><extensions><mytracks:speed>3.146948206342759</mytracks:speed><mytracks:length>0.004374241080253282</mytracks:length></extensions></trkpt><trkpt lat="33.5487278376314" lon="130.3463431962769"><ele>21.27195238072384</ele><time>2026-01-02T08:15:58.00500Z</time><extensions><mytracks:speed>2.819934951134033</mytracks:speed><mytracks:length>0.003917734867524819</mytracks:length></extensions></trkpt><trkpt lat="33.54870654951333" lon="130.3463997165911"><ele>22.52023811924006</ele><time>2026-01-02T08:16:02.96800Z</time><extensions><mytracks:speed>4.169351635115246</mytracks:speed><mytracks:gradient>0.2171651141977502</mytracks:gradient><mytracks:length>0.005748095144690379</mytracks:length></extensions></trkpt><trkpt lat="33.54870083445908" lon="130.3464618210191"><ele>24.14329340428799</ele><time>2026-01-02T08:16:08.00100Z</time><extensions><mytracks:speed>4.141374030548436</mytracks:speed><mytracks:gradient>0.2803071174910267</mytracks:gradient><mytracks:length>0.00579027496545781</mytracks:length></extensions></trkpt><trkpt lat="33.54870550018695" lon="130.3465241767783"><ele>24.43703890806135</ele><time>2026-01-02T08:16:12.99800Z</time><extensions><mytracks:speed>4.179213310674911</mytracks:speed><mytracks:gradient>0.0506356457858245</mytracks:gradient><mytracks:length>0.005801160412090496</mytracks:length></extensions></trkpt><trkpt lat="33.54870929425459" lon="130.3465916033106"><ele>24.37206794100067</ele><time>2026-01-02T08:16:18.00900Z</time><extensions><mytracks:speed>4.499623740872496</mytracks:speed><mytracks:length>0.006262852177813333</mytracks:length></extensions></trkpt><trkpt lat="33.54869421253081" lon="130.3466526347993"><ele>23.32360346212009</ele><time>2026-01-02T08:16:23.50400Z</time><extensions><mytracks:speed>3.864428275192789</mytracks:speed><mytracks:length>0.005898989438742254</mytracks:length></extensions></trkpt><trkpt lat="33.54869131999607" lon="130.3467053033937"><ele>22.55924355141234</ele><time>2026-01-02T08:16:29.01000Z</time><extensions><mytracks:speed>3.198144801601406</mytracks:speed><mytracks:length>0.004890780557632847</mytracks:length></extensions></trkpt><trkpt lat="33.54869637858021" lon="130.3467545371478"><ele>22.05365377642629</ele><time>2026-01-02T08:16:34.01000Z</time><extensions><mytracks:speed>3.309175344538968</mytracks:speed><mytracks:length>0.004596280465218818</mytracks:length></extensions></trkpt><trkpt lat="33.54870676232819" lon="130.3468087940065"><ele>21.79476970791385</ele><time>2026-01-02T08:16:39.01100Z</time><extensions><mytracks:speed>3.713328986548704</mytracks:speed><mytracks:length>0.005158927697893043</mytracks:length></extensions></trkpt><trkpt lat="33.54872195947826" lon="130.3468541117762"><ele>21.60055305729319</ele><time>2026-01-02T08:16:43.99800Z</time><extensions><mytracks:speed>3.26740863693683</mytracks:speed><mytracks:length>0.004526134294092431</mytracks:length></extensions></trkpt><trkpt lat="33.54873415003106" lon="130.3469027635746"><ele>21.62819766763765</ele><time>2026-01-02T08:16:49.00500Z</time><extensions><mytracks:speed>3.385301961200991</mytracks:speed><mytracks:gradient>0.005872235858060387</mytracks:gradient><mytracks:length>0.004707680517722076</mytracks:length></extensions></trkpt><trkpt lat="33.54874447750036" lon="130.3469512836667"><ele>21.83337334304319</ele><time>2026-01-02T08:16:54.00000Z</time><extensions><mytracks:speed>3.344806979589685</mytracks:speed><mytracks:gradient>0.04420783060311599</mytracks:gradient><mytracks:length>0.004641161364545222</mytracks:length></extensions></trkpt><trkpt lat="33.54875650798206" lon="130.3470003536361"><ele>21.78513113981172</ele><time>2026-01-02T08:16:58.99600Z</time><extensions><mytracks:speed>3.414967789537994</mytracks:speed><mytracks:length>0.004739163988863069</mytracks:length></extensions></trkpt><trkpt lat="33.54876386483816" lon="130.3470467288383"><ele>21.78186860135044</ele><time>2026-01-02T08:17:04.00300Z</time><extensions><mytracks:speed>3.144636724363294</mytracks:speed><mytracks:length>0.004374241080253282</mytracks:length></extensions></trkpt><trkpt lat="33.54877626120418" lon="130.3470898166586"><ele>21.75474737653443</ele><time>2026-01-02T08:17:09.00300Z</time><extensions><mytracks:speed>3.041592152874098</mytracks:speed><mytracks:length>0.00422435407888478</mytracks:length></extensions></trkpt><trkpt lat="33.54879433251494" lon="130.34714019993"><ele>21.68445301964175</ele><time>2026-01-02T08:17:13.99700Z</time><extensions><mytracks:speed>3.664370313291594</mytracks:speed><mytracks:length>0.005083251111571909</mytracks:length></extensions></trkpt><trkpt lat="33.54881038598285" lon="130.3471919414093"><ele>21.62985441202109</ele><time>2026-01-02T08:17:18.99700Z</time><extensions><mytracks:speed>3.684169378058754</mytracks:speed><mytracks:length>0.005116827618133432</mytracks:length></extensions></trkpt><trkpt lat="33.54881662521743" lon="130.3472409531808"><ele>21.36618936125603</ele><time>2026-01-02T08:17:24.00200Z</time><extensions><mytracks:speed>3.305173267586912</mytracks:speed><mytracks:length>0.00459529992537508</mytracks:length></extensions></trkpt><trkpt lat="33.54882258098574" lon="130.3472947735181"><ele>21.15860373598124</ele><time>2026-01-02T08:17:29.27000Z</time><extensions><mytracks:speed>3.438971289426898</mytracks:speed><mytracks:length>0.005031570792198312</mytracks:length></extensions></trkpt><trkpt lat="33.54885217381965" lon="130.3475321876153"><ele>20.47219237219542</ele><time>2026-01-02T08:17:52.00000Z</time><extensions><mytracks:speed>3.523357372294998</mytracks:speed><mytracks:length>0.02224607718279055</mytracks:length></extensions></trkpt><trkpt lat="33.54885699506695" lon="130.3475847965586"><ele>20.98234046478659</ele><time>2026-01-02T08:17:56.99200Z</time><extensions><mytracks:speed>3.536702826490377</mytracks:speed><mytracks:gradient>0.1040145902278903</mytracks:gradient><mytracks:length>0.004904582054050873</mytracks:length></extensions></trkpt><trkpt lat="33.54884637225114" lon="130.3476369149397"><ele>21.17013833645295</ele><time>2026-01-02T08:18:02.00400Z</time><extensions><mytracks:speed>3.57225948610198</mytracks:speed><mytracks:gradient>0.03776338312619833</mytracks:gradient><mytracks:length>0.004973015024601271</mytracks:length></extensions></trkpt><trkpt lat="33.54880071216861" lon="130.3476653482901"><ele>20.597611162083</ele><time>2026-01-02T08:18:07.00200Z</time><extensions><mytracks:speed>4.119675392181374</mytracks:speed><mytracks:length>0.005719802461940174</mytracks:length></extensions></trkpt><trkpt lat="33.5487508862761" lon="130.347673772085"><ele>19.58718891801975</ele><time>2026-01-02T08:18:11.99300Z</time><extensions><mytracks:speed>4.035707602484051</mytracks:speed><mytracks:length>0.005594742586396032</mytracks:length></extensions></trkpt><trkpt lat="33.54870016437059" lon="130.3476696633451"><ele>19.05895059833758</ele><time>2026-01-02T08:18:16.99400Z</time><extensions><mytracks:speed>4.069004474127055</mytracks:speed><mytracks:length>0.00565243839290848</mytracks:length></extensions></trkpt><trkpt lat="33.54865674207063" lon="130.3476601668026"><ele>19.55186574133183</ele><time>2026-01-02T08:18:21.99900Z</time><extensions><mytracks:speed>3.529347538695084</mytracks:speed><mytracks:gradient>0.1004445126019981</mytracks:gradient><mytracks:length>0.004907337695463556</mytracks:length></extensions></trkpt><trkpt lat="33.54861391190816" lon="130.3476442397901"><ele>20.26220502885386</ele><time>2026-01-02T08:18:27.00100Z</time><extensions><mytracks:speed>3.587838140683664</mytracks:speed><mytracks:gradient>0.1425015979869503</mytracks:gradient><mytracks:length>0.004984781206362885</mytracks:length></extensions></trkpt><trkpt lat="33.54856480934576" lon="130.3476214472733"><ele>21.19175145419189</ele><time>2026-01-02T08:18:32.49600Z</time><extensions><mytracks:speed>3.834756386910584</mytracks:speed><mytracks:gradient>0.1587951782077908</mytracks:gradient><mytracks:length>0.005853744652886632</mytracks:length></extensions></trkpt><trkpt lat="33.5485165820646" lon="130.3475990034774"><ele>21.75585532249385</ele><time>2026-01-02T08:18:37.99700Z</time><extensions><mytracks:speed>3.764158635293917</mytracks:speed><mytracks:gradient>0.09808403597162917</mytracks:gradient><mytracks:length>0.005751230184544232</mytracks:length></extensions></trkpt><trkpt lat="33.54846850487376" lon="130.3475895288467"><ele>21.4764135627956</ele><time>2026-01-02T08:18:42.99600Z</time><extensions><mytracks:speed>3.90092841982535</mytracks:speed><mytracks:length>0.005417138207989174</mytracks:length></extensions></trkpt><trkpt lat="33.54842447830763" lon="130.3475808465721"><ele>21.26307537097162</ele><time>2026-01-02T08:18:48.00000Z</time><extensions><mytracks:speed>3.569432066024342</mytracks:speed><mytracks:length>0.004961220937885286</mytracks:length></extensions></trkpt><trkpt lat="33.5483837171418" lon="130.3475660485034"><ele>21.3312339351093</ele><time>2026-01-02T08:18:53.00400Z</time><extensions><mytracks:speed>3.406045476294937</mytracks:speed><mytracks:gradient>0.01439643041207402</mytracks:gradient><mytracks:length>0.004734407223648706</mytracks:length></extensions></trkpt><trkpt lat="33.54834402662026" lon="130.3475452548865"><ele>20.61763226283648</ele><time>2026-01-02T08:18:58.00400Z</time><extensions><mytracks:speed>3.466047799427334</mytracks:speed><mytracks:length>0.004814633130086662</mytracks:length></extensions></trkpt><trkpt lat="33.54830779652943" lon="130.3475253016165"><ele>20.14172831758036</ele><time>2026-01-02T08:19:02.99900Z</time><extensions><mytracks:speed>3.194697185808602</mytracks:speed><mytracks:length>0.004432573692988013</mytracks:length></extensions></trkpt><trkpt lat="33.54826660718704" lon="130.3475141184028"><ele>20.00102048822295</ele><time>2026-01-02T08:19:07.99600Z</time><extensions><mytracks:speed>3.382891876117108</mytracks:speed><mytracks:length>0.004695219975309076</mytracks:length></extensions></trkpt><trkpt lat="33.54822681260006" lon="130.3475543709035"><ele>21.1934456407402</ele><time>2026-01-02T08:19:12.99800Z</time><extensions><mytracks:speed>4.164564624075025</mytracks:speed><mytracks:gradient>0.2060466499254403</mytracks:gradient><mytracks:length>0.005787161077109213</mytracks:length></extensions></trkpt><trkpt lat="33.54819785348083" lon="130.3475997095197"><ele>21.98178800051208</ele><time>2026-01-02T08:19:18.00500Z</time><extensions><mytracks:speed>3.806903240764745</mytracks:speed><mytracks:gradient>0.1489042010350362</mytracks:gradient><mytracks:length>0.005294292265040862</mytracks:length></extensions></trkpt><trkpt lat="33.54819177200473" lon="130.3476495212733"><ele>22.48195257540377</ele><time>2026-01-02T08:19:23.00200Z</time><extensions><mytracks:speed>3.360029663760383</mytracks:speed><mytracks:gradient>0.1072300671739113</mytracks:gradient><mytracks:length>0.004664406057682449</mytracks:length></extensions></trkpt><trkpt lat="33.54817694621967" lon="130.3476832377978"><ele>22.76335513474542</ele><time>2026-01-02T08:19:28.00600Z</time><extensions><mytracks:speed>2.540203698587095</mytracks:speed><mytracks:gradient>0.07970567336755256</mytracks:gradient><mytracks:length>0.003530521071492637</mytracks:length></extensions></trkpt><trkpt lat="33.54818045760152" lon="130.3476764280365"><ele>22.98083869953671</ele><time>2026-01-02T08:19:32.97600Z</time><extensions><mytracks:speed>0.5370935061707887</mytracks:speed><mytracks:gradient>0.2933146855717613</mytracks:gradient><mytracks:length>0.0007414683801710803</mytracks:length></extensions></trkpt><trkpt lat="33.54820284829768" lon="130.347645122127"><ele>22.08940130794433</ele><time>2026-01-02T08:19:37.98000Z</time><extensions><mytracks:speed>2.750556580518654</mytracks:speed><mytracks:length>0.003823429993791996</mytracks:length></extensions></trkpt><trkpt lat="33.5482126717265" lon="130.347652411063"><ele>21.61916746559469</ele><time>2026-01-02T08:19:42.96300Z</time><extensions><mytracks:speed>0.9278866605230881</mytracks:speed><mytracks:length>0.001284260906662108</mytracks:length></extensions></trkpt><trkpt lat="33.54820556283566" lon="130.3476541389071"><ele>22.08135694308075</ele><time>2026-01-02T08:19:47.96700Z</time><extensions><mytracks:speed>0.5835625303470044</mytracks:speed><mytracks:gradient>0.5698111010966582</mytracks:gradient><mytracks:length>0.0008111275413843697</mytracks:length></extensions></trkpt><trkpt lat="33.54820328995395" lon="130.3476876778695"><ele>21.28618379962225</ele><time>2026-01-02T08:19:52.99800Z</time><extensions><mytracks:speed>2.231053182129712</mytracks:speed><mytracks:length>0.003118447522900724</mytracks:length></extensions></trkpt><trkpt lat="33.54818704362198" lon="130.3477153397881"><ele>20.16350687647444</ele><time>2026-01-02T08:19:59.90900Z</time><extensions><mytracks:speed>1.633549767912049</mytracks:speed><mytracks:length>0.003135740340443448</mytracks:length></extensions></trkpt></trkseg></trk></gpx>

