<?xml version="1.0" encoding="utf-8"?>
<gpx xmlns="http://www.topografix.com/GPX/1/1" xmlns:xsd="http://www.w3.org/2001/XMLSchema" xmlns:xsi="http://www.w3.org/2001/XMLSchema-instance" xmlns:mytracks="http://mytracks.stichling.info/myTracksGPX/1/0" creator="myTracks" version="1.1" xsi:schemaLocation="http://www.topografix.com/GPX/1/1 http://www.topografix.com/GPX/1/1/gpx.xsd"><trk><name>2026-01-01 17:12:57</name><extensions><mytracks:color red="0.000000" green="0.000000" blue="1.000000" alpha="1.000000"/><mytracks:area showArea="no" areaDistance="0.000000"/><mytracks:directionArrows showDirectionArrows="yes"/><mytracks:sync syncPhotosOniPhone="no"/><mytracks:timezone offset="540"/></extensions><trkseg><trkpt lat="33.59233552127487" lon="130.354774911078"><ele>-0.723300919868052</ele><time>2026-01-01T08:12:57.00100Z</time><extensions><mytracks:speed>0</mytracks:speed><mytracks:gradient>0</mytracks:gradient><mytracks:length>0</mytracks:length></extensions></trkpt><trkpt lat="33.59233162854456" lon="130.3547321961123"><ele>-0.5600195938721274</ele><time>2026-01-01T08:13:02.00000Z</time><extensions><mytracks:speed>2.865170457699916</mytracks:speed><mytracks:gradient>0.04103202210567523</mytracks:gradient><mytracks:length>0.003979363375643649</mytracks:length></extensions></trkpt><trkpt lat="33.59232943273577" lon="130.3546692778369"><ele>-1.005991250090301</ele><time>2026-01-01T08:13:07.00000Z</time><extensions><mytracks:speed>4.199206479381837</mytracks:speed><mytracks:length>0.005832149737344008</mytracks:length></extensions></trkpt><trkpt lat="33.59231245482297" lon="130.3546158051502"><ele>-1.533969750069081</ele><time>2026-01-01T08:13:12.00000Z</time><extensions><mytracks:speed>3.816223967301401</mytracks:speed><mytracks:length>0.005300247122849156</mytracks:length></extensions></trkpt><trkpt lat="33.59225239319209" lon="130.3544968625356"><ele>4.864170392600828</ele><time>2026-01-01T08:13:17.32400Z</time><extensions><mytracks:speed>8.71192233435997</mytracks:speed><mytracks:gradient>0.4966382547466299</mytracks:gradient><mytracks:length>0.01288289832996061</mytracks:length></extensions></trkpt><trkpt lat="33.59224372125161" lon="130.3544246446019"><ele>5.503962540402551</ele><time>2026-01-01T08:13:23.00000Z</time><extensions><mytracks:speed>4.286269146010747</mytracks:speed><mytracks:gradient>0.09466575103533896</mytracks:gradient><mytracks:length>0.006758433127128383</mytracks:length></extensions></trkpt><trkpt lat="33.59222785358632" lon="130.3543818945919"><ele>4.96554926915914</ele><time>2026-01-01T08:13:28.00000Z</time><extensions><mytracks:speed>3.121158935004616</mytracks:speed><mytracks:length>0.004334916610245162</mytracks:length></extensions></trkpt><trkpt lat="33.59221671974373" lon="130.3543459010191"><ele>4.282695457461847</ele><time>2026-01-01T08:13:33.00000Z</time><extensions><mytracks:speed>2.561214811598072</mytracks:speed><mytracks:length>0.003557224474650328</mytracks:length></extensions></trkpt><trkpt lat="33.59220512851559" lon="130.3542931164006"><ele>4.601083478249596</ele><time>2026-01-01T08:13:38.00000Z</time><extensions><mytracks:speed>3.64075839702507</mytracks:speed><mytracks:gradient>0.06296501824134695</mytracks:gradient><mytracks:length>0.005056585857997489</mytracks:length></extensions></trkpt><trkpt lat="33.59220494162052" lon="130.3542340641853"><ele>4.941125816227585</ele><time>2026-01-01T08:13:43.00000Z</time><extensions><mytracks:speed>3.937908317871097</mytracks:speed><mytracks:gradient>0.06217297506988306</mytracks:gradient><mytracks:length>0.005469294940378471</mytracks:length></extensions></trkpt><trkpt lat="33.59220613110592" lon="130.3541790975863"><ele>5.021523701984999</ele><time>2026-01-01T08:13:48.00000Z</time><extensions><mytracks:speed>3.66633175598062</mytracks:speed><mytracks:gradient>0.0157887220518483</mytracks:gradient><mytracks:length>0.005092108499560472</mytracks:length></extensions></trkpt><trkpt lat="33.59216664457122" lon="130.3539126895619"><ele>6.562978602945805</ele><time>2026-01-01T08:14:13.00000Z</time><extensions><mytracks:speed>3.609149525939551</mytracks:speed><mytracks:gradient>0.06150208391542955</mytracks:gradient><mytracks:length>0.02506345806233872</mytracks:length></extensions></trkpt><trkpt lat="33.59215722368216" lon="130.3538679687263"><ele>7.254723919918116</ele><time>2026-01-01T08:14:18.00000Z</time><extensions><mytracks:speed>3.075912967704519</mytracks:speed><mytracks:gradient>0.1619220509577456</mytracks:gradient><mytracks:length>0.004272088408470234</mytracks:length></extensions></trkpt><trkpt lat="33.59216137203852" lon="130.353817594948"><ele>7.645678365937407</ele><time>2026-01-01T08:14:23.00000Z</time><extensions><mytracks:speed>3.37503520579139</mytracks:speed><mytracks:gradient>0.08340298376577421</mytracks:gradient><mytracks:length>0.004687535485747516</mytracks:length></extensions></trkpt><trkpt lat="33.59215749012362" lon="130.3537602585884"><ele>7.337860760490751</ele><time>2026-01-01T08:14:28.00000Z</time><extensions><mytracks:speed>3.835727952726026</mytracks:speed><mytracks:length>0.005327384565513118</mytracks:length></extensions></trkpt><trkpt lat="33.59215667398637" lon="130.3537019703168"><ele>7.524807142028324</ele><time>2026-01-01T08:14:33.00000Z</time><extensions><mytracks:speed>3.887752688259746</mytracks:speed><mytracks:gradient>0.0346220040795811</mytracks:gradient><mytracks:length>0.005399640676717142</mytracks:length></extensions></trkpt><trkpt lat="33.59214758237692" lon="130.3536519079133"><ele>7.544589266516312</ele><time>2026-01-01T08:14:38.00000Z</time><extensions><mytracks:speed>3.417680423354476</mytracks:speed><mytracks:gradient>0.00416749616040004</mytracks:gradient><mytracks:length>0.004746764898300281</mytracks:length></extensions></trkpt><trkpt lat="33.59214250873333" lon="130.3536032360956"><ele>7.676560372612252</ele><time>2026-01-01T08:14:43.00000Z</time><extensions><mytracks:speed>3.272417773012678</mytracks:speed><mytracks:gradient>0.02903647098322185</mytracks:gradient><mytracks:length>0.004545011898043567</mytracks:length></extensions></trkpt><trkpt lat="33.59214389417328" lon="130.3535843208338"><ele>7.713368494110288</ele><time>2026-01-01T08:14:48.00000Z</time><extensions><mytracks:speed>1.267770575428521</mytracks:speed><mytracks:gradient>0.0209043522408472</mytracks:gradient><mytracks:length>0.001760787470185855</mytracks:length></extensions></trkpt><trkpt lat="33.5921445182252" lon="130.3535787635017"><ele>7.830204159021378</ele><time>2026-01-01T08:15:03.00100Z</time><extensions><mytracks:speed>0.1247903535008603</mytracks:speed><mytracks:gradient>0.2246917306277198</mytracks:gradient><mytracks:length>0.000519982041994544</mytracks:length></extensions></trkpt><trkpt lat="33.59214451822521" lon="130.3535787635017"><ele>7.830204159021378</ele><time>2026-01-01T08:15:08.00100Z</time><extensions><mytracks:speed>0.09359416121526459</mytracks:speed><mytracks:gradient>0.2246917306277215</mytracks:gradient><mytracks:length>0</mytracks:length></extensions></trkpt><trkpt lat="33.59213822747477" lon="130.3535294243984"><ele>7.72218939480524</ele><time>2026-01-01T08:15:19.33400Z</time><extensions><mytracks:speed>1.468394438114863</mytracks:speed><mytracks:length>0.004622676422436385</mytracks:length></extensions></trkpt><trkpt lat="33.59210555250096" lon="130.3532671949567"><ele>7.241539586335421</ele><time>2026-01-01T08:16:17.00000Z</time><extensions><mytracks:speed>1.533195128489786</mytracks:speed><mytracks:length>0.02455926800338405</mytracks:length></extensions></trkpt><trkpt lat="33.59208911707141" lon="130.353221443995"><ele>6.810388579563452</ele><time>2026-01-01T08:16:22.00000Z</time><extensions><mytracks:speed>3.323429627639198</mytracks:speed><mytracks:length>0.00461584752033145</mytracks:length></extensions></trkpt><trkpt lat="33.59208002746804" lon="130.3531753975602"><ele>6.343951945553071</ele><time>2026-01-01T08:16:27.00000Z</time><extensions><mytracks:speed>3.156139764647167</mytracks:speed><mytracks:length>0.004383503099733643</mytracks:length></extensions></trkpt><trkpt lat="33.59207984805662" lon="130.3531188434278"><ele>6.315804020619453</ele><time>2026-01-01T08:16:32.00000Z</time><extensions><mytracks:speed>3.771247216614787</mytracks:speed><mytracks:length>0.005237813634989167</mytracks:length></extensions></trkpt><trkpt lat="33.59209589454208" lon="130.353065727931"><ele>6.221521050217859</ele><time>2026-01-01T08:16:37.00000Z</time><extensions><mytracks:speed>3.767528199073361</mytracks:speed><mytracks:length>0.005232648985941926</mytracks:length></extensions></trkpt><trkpt lat="33.59209736087105" lon="130.3530042553806"><ele>6.854742362007183</ele><time>2026-01-01T08:16:42.00000Z</time><extensions><mytracks:speed>4.100658293867541</mytracks:speed><mytracks:gradient>0.1111826143856289</mytracks:gradient><mytracks:length>0.005695326695530304</mytracks:length></extensions></trkpt><trkpt lat="33.59209604042356" lon="130.3529492592967"><ele>6.077643107163814</ele><time>2026-01-01T08:16:47.00000Z</time><extensions><mytracks:speed>3.668886237313669</mytracks:speed><mytracks:length>0.005095647143837137</mytracks:length></extensions></trkpt><trkpt lat="33.5920925028924" lon="130.3528965503527"><ele>5.766940315338265</ele><time>2026-01-01T08:16:52.00000Z</time><extensions><mytracks:speed>3.526684599550846</mytracks:speed><mytracks:length>0.004898146195176152</mytracks:length></extensions></trkpt><trkpt lat="33.59206849881836" lon="130.352840332155"><ele>6.270280471880296</ele><time>2026-01-01T08:16:57.00000Z</time><extensions><mytracks:speed>4.2130566063211</mytracks:speed><mytracks:gradient>0.08601995583762409</mytracks:gradient><mytracks:length>0.005851434723962931</mytracks:length></extensions></trkpt><trkpt lat="33.59204475538652" lon="130.3527840069671"><ele>6.59380216175129</ele><time>2026-01-01T08:17:02.50100Z</time><extensions><mytracks:speed>3.826298709994029</mytracks:speed><mytracks:gradient>0.05533300587910941</mytracks:gradient><mytracks:length>0.005846812128331111</mytracks:length></extensions></trkpt><trkpt lat="33.59203572784386" lon="130.352727621275"><ele>6.569622818689347</ele><time>2026-01-01T08:17:08.00100Z</time><extensions><mytracks:speed>3.480955337776747</mytracks:speed><mytracks:length>0.005318071689068186</mytracks:length></extensions></trkpt><trkpt lat="33.5920385507612" lon="130.3526727413177"><ele>7.006125628680706</ele><time>2026-01-01T08:17:13.00000Z</time><extensions><mytracks:speed>3.66827734315521</mytracks:speed><mytracks:gradient>0.08567676937365733</mytracks:gradient><mytracks:length>0.005094762713188484</mytracks:length></extensions></trkpt><trkpt lat="33.59204443099686" lon="130.3526218476011"><ele>7.207265145422492</ele><time>2026-01-01T08:17:18.00000Z</time><extensions><mytracks:speed>3.427289682184834</mytracks:speed><mytracks:gradient>0.04225587001006318</mytracks:gradient><mytracks:length>0.004760037284615972</mytracks:length></extensions></trkpt><trkpt lat="33.59205549093473" lon="130.3525734373078"><ele>7.488216152367135</ele><time>2026-01-01T08:17:23.00000Z</time><extensions><mytracks:speed>3.347981042502076</mytracks:speed><mytracks:gradient>0.0604209780689902</mytracks:gradient><mytracks:length>0.004649891741637251</mytracks:length></extensions></trkpt><trkpt lat="33.59205907008844" lon="130.3525251298417"><ele>7.635993037192332</ele><time>2026-01-01T08:17:28.00000Z</time><extensions><mytracks:speed>3.235121852131145</mytracks:speed><mytracks:gradient>0.03288931136163474</mytracks:gradient><mytracks:length>0.004493158375993781</mytracks:length></extensions></trkpt><trkpt lat="33.59207275917114" lon="130.352491703312"><ele>7.550415030463131</ele><time>2026-01-01T08:17:33.00000Z</time><extensions><mytracks:speed>2.483434494642712</mytracks:speed><mytracks:length>0.003449170662037496</mytracks:length></extensions></trkpt><trkpt lat="33.59207759114567" lon="130.3524453513254"><ele>7.379340424077347</ele><time>2026-01-01T08:17:38.00000Z</time><extensions><mytracks:speed>3.115181685222715</mytracks:speed><mytracks:length>0.004326592230772418</mytracks:length></extensions></trkpt><trkpt lat="33.59209220797395" lon="130.3523911772124"><ele>7.599881279866629</ele><time>2026-01-01T08:17:43.00000Z</time><extensions><mytracks:speed>3.797807612611101</mytracks:speed><mytracks:gradient>0.04181123761898394</mytracks:gradient><mytracks:length>0.005274678970257234</mytracks:length></extensions></trkpt><trkpt lat="33.59209463444024" lon="130.3523397826764"><ele>7.248066158275249</ele><time>2026-01-01T08:17:48.00000Z</time><extensions><mytracks:speed>3.433388188876862</mytracks:speed><mytracks:length>0.004768550025755549</mytracks:length></extensions></trkpt><trkpt lat="33.59210030334753" lon="130.3522905742119"><ele>7.077763368890992</ele><time>2026-01-01T08:17:53.00000Z</time><extensions><mytracks:speed>3.312878846156705</mytracks:speed><mytracks:length>0.004601180030052245</mytracks:length></extensions></trkpt><trkpt lat="33.59212161213034" lon="130.3522396503911"><ele>7.296501684132195</ele><time>2026-01-01T08:17:58.00000Z</time><extensions><mytracks:speed>3.80026099039082</mytracks:speed><mytracks:gradient>0.04144266186841371</mytracks:gradient><mytracks:length>0.005278095213471759</mytracks:length></extensions></trkpt><trkpt lat="33.59214008233687" lon="130.3521913017349"><ele>7.188452305602017</ele><time>2026-01-01T08:18:03.02200Z</time><extensions><mytracks:speed>3.53235841425792</mytracks:speed><mytracks:length>0.004927498644841544</mytracks:length></extensions></trkpt><trkpt lat="33.59215256353529" lon="130.3521425481042"><ele>7.376856307414926</ele><time>2026-01-01T08:18:08.07100Z</time><extensions><mytracks:speed>3.367753510739048</mytracks:speed><mytracks:gradient>0.03988293266072891</mytracks:gradient><mytracks:length>0.004723925479994175</mytracks:length></extensions></trkpt><trkpt lat="33.59218907000577" lon="130.3521120976892"><ele>7.504776540025802</ele><time>2026-01-01T08:18:13.06400Z</time><extensions><mytracks:speed>3.564344281447292</mytracks:speed><mytracks:gradient>0.0258789566949925</mytracks:gradient><mytracks:length>0.004943021239941566</mytracks:length></extensions></trkpt><trkpt lat="33.59222784242139" lon="130.3520823590794"><ele>6.851146596404029</ele><time>2026-01-01T08:18:18.02400Z</time><extensions><mytracks:speed>3.713550590659588</mytracks:speed><mytracks:length>0.005116827618133432</mytracks:length></extensions></trkpt><trkpt lat="33.59227482019713" lon="130.3520636917783"><ele>6.571591524158241</ele><time>2026-01-01T08:18:23.02800Z</time><extensions><mytracks:speed>3.959253604780879</mytracks:speed><mytracks:length>0.005502972677348601</mytracks:length></extensions></trkpt><trkpt lat="33.59235225429758" lon="130.3520133414214"><ele>6.989057151340895</ele><time>2026-01-01T08:18:33.11300Z</time><extensions><mytracks:speed>3.495656726598824</mytracks:speed><mytracks:gradient>0.04263067321977172</mytracks:gradient><mytracks:length>0.009792611649140869</mytracks:length></extensions></trkpt><trkpt lat="33.59260673343827" lon="130.3518913666766"><ele>8.646407943218946</ele><time>2026-01-01T08:19:03.99900Z</time><extensions><mytracks:speed>3.551338557332751</mytracks:speed><mytracks:gradient>0.05439455911071208</mytracks:gradient><mytracks:length>0.03046905460718523</mytracks:length></extensions></trkpt><trkpt lat="33.59264743023497" lon="130.3518868832802"><ele>9.05021821207994</ele><time>2026-01-01T08:19:09.00400Z</time><extensions><mytracks:speed>3.269027049060747</mytracks:speed><mytracks:gradient>0.08886629958359346</mytracks:gradient><mytracks:length>0.004544020295130479</mytracks:length></extensions></trkpt><trkpt lat="33.59269228736989" lon="130.3518893948563"><ele>8.375265868591942</ele><time>2026-01-01T08:19:13.99600Z</time><extensions><mytracks:speed>3.600508337199654</mytracks:speed><mytracks:length>0.004992910781548942</mytracks:length></extensions></trkpt><trkpt lat="33.59273970558146" lon="130.3518715887661"><ele>8.095469930995748</ele><time>2026-01-01T08:19:19.00700Z</time><extensions><mytracks:speed>3.968537291504761</mytracks:speed><mytracks:length>0.005524222910821258</mytracks:length></extensions></trkpt><trkpt lat="33.59278636551188" lon="130.3518624122856"><ele>7.604711508364049</ele><time>2026-01-01T08:19:24.00800Z</time><extensions><mytracks:speed>3.784890538151807</mytracks:speed><mytracks:length>0.00525756445735818</mytracks:length></extensions></trkpt><trkpt lat="33.59283630880456" lon="130.3518536263917"><ele>7.551501488983828</ele><time>2026-01-01T08:19:29.01000Z</time><extensions><mytracks:speed>4.038677989491777</mytracks:speed><mytracks:length>0.005611631806776988</mytracks:length></extensions></trkpt><trkpt lat="33.59288272559485" lon="130.3518422469655"><ele>7.480562561034916</ele><time>2026-01-01T08:19:34.00400Z</time><extensions><mytracks:speed>3.797558886465607</mytracks:speed><mytracks:length>0.005268695214536009</mytracks:length></extensions></trkpt><trkpt lat="33.59291781574468" lon="130.3518234671773"><ele>7.097404030871337</ele><time>2026-01-01T08:19:39.00600Z</time><extensions><mytracks:speed>3.074969500032259</mytracks:speed><mytracks:length>0.004272088408470234</mytracks:length></extensions></trkpt><trkpt lat="33.59295379791354" lon="130.3518068025247"><ele>7.397231083187771</ele><time>2026-01-01T08:19:43.99900Z</time><extensions><mytracks:speed>3.092275255460719</mytracks:speed><mytracks:gradient>0.06990714966474128</mytracks:gradient><mytracks:length>0.004288932587787321</mytracks:length></extensions></trkpt><trkpt lat="33.59299035655408" lon="130.3517883918051"><ele>7.064996992827883</ele><time>2026-01-01T08:19:49.00000Z</time><extensions><mytracks:speed>3.173858287778972</mytracks:speed><mytracks:length>0.004409128847671818</mytracks:length></extensions></trkpt><trkpt lat="33.59302680147184" lon="130.3517625752922"><ele>7.640966848724248</ele><time>2026-01-01T08:19:53.99400Z</time><extensions><mytracks:speed>3.391883702036677</mytracks:speed><mytracks:gradient>0.1224215448542533</mytracks:gradient><mytracks:length>0.004704807937051236</mytracks:length></extensions></trkpt><trkpt lat="33.59305956260575" lon="130.3517303308138"><ele>7.952057666058137</ele><time>2026-01-01T08:19:58.96700Z</time><extensions><mytracks:speed>3.409551174371479</mytracks:speed><mytracks:gradient>0.06604127509526753</mytracks:gradient><mytracks:length>0.004710551346640824</mytracks:length></extensions></trkpt><trkpt lat="33.59308986049427" lon="130.3516974483844"><ele>8.140443446437668</ele><time>2026-01-01T08:20:03.98300Z</time><extensions><mytracks:speed>3.258505167873944</mytracks:speed><mytracks:gradient>0.04149419259812236</mytracks:gradient><mytracks:length>0.004540051717696409</mytracks:length></extensions></trkpt><trkpt lat="33.59308610901557" lon="130.3516267208821"><ele>7.986724034498694</ele><time>2026-01-01T08:20:08.99200Z</time><extensions><mytracks:speed>4.717279122528038</mytracks:speed><mytracks:length>0.006562906742648148</mytracks:length></extensions></trkpt><trkpt lat="33.59309507135785" lon="130.3515598252165"><ele>8.749091125431995</ele><time>2026-01-01T08:20:14.00100Z</time><extensions><mytracks:speed>4.510305156176752</mytracks:speed><mytracks:gradient>0.1214774605543417</mytracks:gradient><mytracks:length>0.006275790483719108</mytracks:length></extensions></trkpt><trkpt lat="33.59310709814137" lon="130.3514996554163"><ele>8.257374542839793</ele><time>2026-01-01T08:20:19.00900Z</time><extensions><mytracks:speed>4.119688361848386</mytracks:speed><mytracks:length>0.005730821769590764</mytracks:length></extensions></trkpt><trkpt lat="33.59311944252268" lon="130.3514710071276"><ele>8.002027057472244</ele><time>2026-01-01T08:20:24.00000Z</time><extensions><mytracks:speed>2.1533799564973</mytracks:speed><mytracks:length>0.002985560413238222</mytracks:length></extensions></trkpt><trkpt lat="33.59315187058628" lon="130.3514424060764"><ele>6.048116905105859</ele><time>2026-01-01T08:20:29.00100Z</time><extensions><mytracks:speed>3.220772518141114</mytracks:speed><mytracks:length>0.004474061989575588</mytracks:length></extensions></trkpt><trkpt lat="33.59318685542119" lon="130.351413038424"><ele>5.605422726105853</ele><time>2026-01-01T08:20:33.99900Z</time><extensions><mytracks:speed>3.418261096237568</mytracks:speed><mytracks:length>0.004745815450366331</mytracks:length></extensions></trkpt><trkpt lat="33.59323061376004" lon="130.3514130602804"><ele>6.90602651034234</ele><time>2026-01-01T08:20:38.98600Z</time><extensions><mytracks:speed>3.512330552277623</mytracks:speed><mytracks:gradient>0.267292799171678</mytracks:gradient><mytracks:length>0.004865839215523084</mytracks:length></extensions></trkpt><trkpt lat="33.59327601059776" lon="130.3513833843723"><ele>7.837425896376349</ele><time>2026-01-01T08:20:43.99800Z</time><extensions><mytracks:speed>4.128022535157766</mytracks:speed><mytracks:gradient>0.1620582855161824</mytracks:gradient><mytracks:length>0.005747311117523846</mytracks:length></extensions></trkpt><trkpt lat="33.59331337937468" lon="130.351336666893"><ele>7.141520450941535</ele><time>2026-01-01T08:20:49.00300Z</time><extensions><mytracks:speed>4.3150664324509</mytracks:speed><mytracks:length>0.005998228197824663</mytracks:length></extensions></trkpt><trkpt lat="33.59334167871936" lon="130.3512557234899"><ele>6.886322314530861</ele><time>2026-01-01T08:20:53.99400Z</time><extensions><mytracks:speed>5.864192822777456</mytracks:speed><mytracks:length>0.008130142742069814</mytracks:length></extensions></trkpt><trkpt lat="33.59338201942909" lon="130.3512054197216"><ele>6.236880803255607</ele><time>2026-01-01T08:20:58.99600Z</time><extensions><mytracks:speed>4.654124456066908</mytracks:speed><mytracks:length>0.006467456286849641</mytracks:length></extensions></trkpt><trkpt lat="33.59342884161484" lon="130.351181706199"><ele>7.036999800054016</ele><time>2026-01-01T08:21:04.00000Z</time><extensions><mytracks:speed>4.065284184579045</mytracks:speed><mytracks:gradient>0.1416128246743983</mytracks:gradient><mytracks:length>0.005650046163813718</mytracks:length></extensions></trkpt><trkpt lat="33.59347612786797" lon="130.3511701426751"><ele>7.354335972407329</ele><time>2026-01-01T08:21:08.99900Z</time><extensions><mytracks:speed>3.8643402714426</mytracks:speed><mytracks:gradient>0.05913661067754168</mytracks:gradient><mytracks:length>0.00536615421001508</mytracks:length></extensions></trkpt><trkpt lat="33.59362954836037" lon="130.3511748006087"><ele>7.968134555965662</ele><time>2026-01-01T08:21:25.00000Z</time><extensions><mytracks:speed>3.839315919824023</mytracks:speed><mytracks:gradient>0.0359679962265917</mytracks:gradient><mytracks:length>0.01706513144884458</mytracks:length></extensions></trkpt><trkpt lat="33.59368157001568" lon="130.3511880655581"><ele>9.003345240704078</ele><time>2026-01-01T08:21:29.99000Z</time><extensions><mytracks:speed>4.266583565024697</mytracks:speed><mytracks:gradient>0.1750367361749881</mytracks:gradient><mytracks:length>0.005914248102201205</mytracks:length></extensions></trkpt><trkpt lat="33.59371373117111" lon="130.3512112698776"><ele>8.693334711587376</ele><time>2026-01-01T08:21:34.99200Z</time><extensions><mytracks:speed>3.002871537629449</mytracks:speed><mytracks:length>0.004171755572249608</mytracks:length></extensions></trkpt><trkpt lat="33.59372073335942" lon="130.3512562578244"><ele>7.494686636974551</ele><time>2026-01-01T08:21:39.98800Z</time><extensions><mytracks:speed>3.053901530807842</mytracks:speed><mytracks:length>0.004238199219502206</mytracks:length></extensions></trkpt><trkpt lat="33.59372223411057" lon="130.351320902298"><ele>6.880173611321184</ele><time>2026-01-01T08:21:44.99300Z</time><extensions><mytracks:speed>4.308534249714953</mytracks:speed><mytracks:length>0.005989958405062598</mytracks:length></extensions></trkpt><trkpt lat="33.59376720504734" lon="130.3513544505665"><ele>7.904527619585521</ele><time>2026-01-01T08:21:50.01300Z</time><extensions><mytracks:speed>4.22169450861649</mytracks:speed><mytracks:gradient>0.1740099896835228</mytracks:gradient><mytracks:length>0.005886754031348204</mytracks:length></extensions></trkpt><trkpt lat="33.59381566449485" lon="130.3513284403337"><ele>6.27843450128479</ele><time>2026-01-01T08:21:54.99200Z</time><extensions><mytracks:speed>4.267656628926087</mytracks:speed><mytracks:length>0.00590280780242692</mytracks:length></extensions></trkpt><trkpt lat="33.5938488676741" lon="130.3513067844292"><ele>8.50877959556029</ele><time>2026-01-01T08:21:59.99100Z</time><extensions><mytracks:speed>3.026441251715592</mytracks:speed><mytracks:gradient>0.530659950002332</mytracks:gradient><mytracks:length>0.004202964806870573</mytracks:length></extensions></trkpt><trkpt lat="33.59386771297274" lon="130.3513196584042"><ele>7.58153477800379</ele><time>2026-01-01T08:22:05.00200Z</time><extensions><mytracks:speed>1.732175409689467</mytracks:speed><mytracks:length>0.002411057540983127</mytracks:length></extensions></trkpt><trkpt lat="33.59389323525747" lon="130.351322103336"><ele>7.625227486868774</ele><time>2026-01-01T08:22:10.00500Z</time><extensions><mytracks:speed>2.049597551249428</mytracks:speed><mytracks:gradient>0.01534122354947846</mytracks:gradient><mytracks:length>0.002848058938980126</mytracks:length></extensions></trkpt><trkpt lat="33.59393831704053" lon="130.3513069737465"><ele>6.860536474461768</ele><time>2026-01-01T08:22:14.99800Z</time><extensions><mytracks:speed>3.752830674304804</mytracks:speed><mytracks:length>0.005205017643051983</mytracks:length></extensions></trkpt><trkpt lat="33.59399564906494" lon="130.3512821667628"><ele>6.962629355387235</ele><time>2026-01-01T08:22:20.00500Z</time><extensions><mytracks:speed>4.872528292508246</mytracks:speed><mytracks:gradient>0.01506591966044592</mytracks:gradient><mytracks:length>0.006776412142532618</mytracks:length></extensions></trkpt><trkpt lat="33.59404986934702" lon="130.3512621436859"><ele>6.608789127143273</ele><time>2026-01-01T08:22:25.00900Z</time><extensions><mytracks:speed>4.538086415136749</mytracks:speed><mytracks:length>0.006308020147521297</mytracks:length></extensions></trkpt><trkpt lat="33.59410073759409" lon="130.3512434498818"><ele>6.72150629497698</ele><time>2026-01-01T08:22:30.00900Z</time><extensions><mytracks:speed>4.258741304465075</mytracks:speed><mytracks:gradient>0.01905612463770822</mytracks:gradient><mytracks:length>0.005915010002120914</mytracks:length></extensions></trkpt><trkpt lat="33.5941509320989" lon="130.3512183881257"><ele>7.468225129211341</ele><time>2026-01-01T08:22:35.00200Z</time><extensions><mytracks:speed>4.358634525203634</mytracks:speed><mytracks:gradient>0.12351905444903</mytracks:gradient><mytracks:length>0.006045373627293214</mytracks:length></extensions></trkpt><trkpt lat="33.59418036512354" lon="130.3511789097496"><ele>7.334681260409352</ele><time>2026-01-01T08:22:40.00800Z</time><extensions><mytracks:speed>3.529178433218337</mytracks:speed><mytracks:length>0.004907337695463556</mytracks:length></extensions></trkpt><trkpt lat="33.59420480824785" lon="130.3511407008605"><ele>7.298007497803816</ele><time>2026-01-01T08:22:44.99800Z</time><extensions><mytracks:speed>3.219531220717656</mytracks:speed><mytracks:length>0.004462968840107023</mytracks:length></extensions></trkpt><trkpt lat="33.59423614030901" lon="130.3511018761505"><ele>7.592270790322022</ele><time>2026-01-01T08:22:50.00400Z</time><extensions><mytracks:speed>3.600150697725344</mytracks:speed><mytracks:gradient>0.05877706252560399</mytracks:gradient><mytracks:length>0.005006430738011472</mytracks:length></extensions></trkpt><trkpt lat="33.59426755586014" lon="130.3510604391996"><ele>8.134243877257466</ele><time>2026-01-01T08:22:54.99700Z</time><extensions><mytracks:speed>3.742220181971882</mytracks:speed><mytracks:gradient>0.1044208071114199</mytracks:gradient><mytracks:length>0.005190278661197702</mytracks:length></extensions></trkpt><trkpt lat="33.59429728598261" lon="130.3510248854821"><ele>7.630302151586861</ele><time>2026-01-01T08:23:00.01100Z</time><extensions><mytracks:speed>3.349883535631964</mytracks:speed><mytracks:length>0.004665372073237528</mytracks:length></extensions></trkpt><trkpt lat="33.59431664006442" lon="130.3509825171435"><ele>7.020013767235512</ele><time>2026-01-01T08:23:04.99900Z</time><extensions><mytracks:speed>3.230466565725853</mytracks:speed><mytracks:length>0.004476075972117191</mytracks:length></extensions></trkpt><trkpt lat="33.59433622322992" lon="130.3509395863662"><ele>6.750735124333002</ele><time>2026-01-01T08:23:10.00600Z</time><extensions><mytracks:speed>3.259227581697812</mytracks:speed><mytracks:length>0.004533098347020374</mytracks:length></extensions></trkpt><trkpt lat="33.59434435487211" lon="130.3508876399047"><ele>7.198495671553737</ele><time>2026-01-01T08:23:15.00100Z</time><extensions><mytracks:speed>3.528068935111766</mytracks:speed><mytracks:gradient>0.09146584231485769</mytracks:gradient><mytracks:length>0.004895385379816274</mytracks:length></extensions></trkpt><trkpt lat="33.594344471332" lon="130.3508307377618"><ele>7.092168356116662</ele><time>2026-01-01T08:23:20.49900Z</time><extensions><mytracks:speed>3.451822618660463</mytracks:speed><mytracks:length>0.005271260513015301</mytracks:length></extensions></trkpt><trkpt lat="33.59434028041313" lon="130.3507643351597"><ele>7.170011567143372</ele><time>2026-01-01T08:23:26.49900Z</time><extensions><mytracks:speed>3.701014465744687</mytracks:speed><mytracks:gradient>0.01261926062592395</mytracks:gradient><mytracks:length>0.00616860316418189</mytracks:length></extensions></trkpt><trkpt lat="33.59433074821035" lon="130.3507108595858"><ele>6.393033189120747</ele><time>2026-01-01T08:23:32.00200Z</time><extensions><mytracks:speed>3.313132755811373</mytracks:speed><mytracks:length>0.005064600175383962</mytracks:length></extensions></trkpt><trkpt lat="33.59431111987429" lon="130.3506850613032"><ele>6.629597925136971</ele><time>2026-01-01T08:23:36.99600Z</time><extensions><mytracks:speed>2.333134461654764</mytracks:speed><mytracks:gradient>0.07310031094624231</mytracks:gradient><mytracks:length>0.003236165933551134</mytracks:length></extensions></trkpt><trkpt lat="33.594325939935" lon="130.3506793105936"><ele>6.335593294299955</ele><time>2026-01-01T08:23:42.72700Z</time><extensions><mytracks:speed>1.089717910173052</mytracks:speed><mytracks:length>0.001735005881017285</mytracks:length></extensions></trkpt><trkpt lat="33.59441246429965" lon="130.3506371431635"><ele>5.767730952240527</ele><time>2026-01-01T08:24:13.00000Z</time><extensions><mytracks:speed>1.234824208492842</mytracks:speed><mytracks:length>0.01038359568257326</mytracks:length></extensions></trkpt><trkpt lat="33.59438935693341" lon="130.3505703184581"><ele>5.395887797312131</ele><time>2026-01-01T08:24:17.99900Z</time><extensions><mytracks:speed>4.825384646884064</mytracks:speed><mytracks:length>0.006701517583046038</mytracks:length></extensions></trkpt><trkpt lat="33.59437617289016" lon="130.3505071560933"><ele>5.232129117982003</ele><time>2026-01-01T08:24:23.00000Z</time><extensions><mytracks:speed>4.341366870846122</mytracks:speed><mytracks:length>0.006030446756051695</mytracks:length></extensions></trkpt><trkpt lat="33.59438125672553" lon="130.3504365981067"><ele>5.159467905434605</ele><time>2026-01-01T08:24:28.00100Z</time><extensions><mytracks:speed>4.722134356440638</mytracks:speed><mytracks:length>0.006560159607013913</mytracks:length></extensions></trkpt><trkpt lat="33.59438663119711" lon="130.3503759688538"><ele>5.047929917234777</ele><time>2026-01-01T08:24:33.00100Z</time><extensions><mytracks:speed>4.065601797489493</mytracks:speed><mytracks:length>0.005646854948555571</mytracks:length></extensions></trkpt><trkpt lat="33.59438176850054" lon="130.3503270327969"><ele>4.488362558757427</ele><time>2026-01-01T08:24:38.00500Z</time><extensions><mytracks:speed>3.284591277871476</mytracks:speed><mytracks:length>0.004564798721669498</mytracks:length></extensions></trkpt><trkpt lat="33.59436813262216" lon="130.3502760862283"><ele>4.585846366450928</ele><time>2026-01-01T08:24:43.00600Z</time><extensions><mytracks:speed>3.567020542217949</mytracks:speed><mytracks:gradient>0.01967077691707769</mytracks:gradient><mytracks:length>0.004955768046399265</mytracks:length></extensions></trkpt><trkpt lat="33.59436053445728" lon="130.3502265284031"><ele>4.574761740086005</ele><time>2026-01-01T08:24:48.00600Z</time><extensions><mytracks:speed>3.3600998263493</mytracks:speed><mytracks:length>0.004666337888810081</mytracks:length></extensions></trkpt><trkpt lat="33.59436309267704" lon="130.3501778357135"><ele>4.573359877672192</ele><time>2026-01-01T08:24:53.00200Z</time><extensions><mytracks:speed>3.255653430940697</mytracks:speed><mytracks:length>0.004518162232784523</mytracks:length></extensions></trkpt><trkpt lat="33.59436316178036" lon="130.350127540238"><ele>4.3217207126518</ele><time>2026-01-01T08:24:57.99900Z</time><extensions><mytracks:speed>3.356976614558356</mytracks:speed><mytracks:length>0.004659572975814979</mytracks:length></extensions></trkpt><trkpt lat="33.59435735606684" lon="130.3500801566439"><ele>3.729037396255437</ele><time>2026-01-01T08:25:02.99600Z</time><extensions><mytracks:speed>3.19552917127893</mytracks:speed><mytracks:length>0.004435622580446749</mytracks:length></extensions></trkpt><trkpt lat="33.59435056809375" lon="130.3500292948843"><ele>3.827106278190375</ele><time>2026-01-01T08:25:07.99200Z</time><extensions><mytracks:speed>3.437790548878525</mytracks:speed><mytracks:gradient>0.02055354949120973</mytracks:gradient><mytracks:length>0.00477138423107309</mytracks:length></extensions></trkpt><trkpt lat="33.59434372654702" lon="130.3499818127681"><ele>3.34930198180801</ele><time>2026-01-01T08:25:12.98600Z</time><extensions><mytracks:speed>3.218049310745243</mytracks:speed><mytracks:length>0.004463978447368012</mytracks:length></extensions></trkpt><trkpt lat="33.59434672661931" lon="130.3499364910226"><ele>3.894947463265876</ele><time>2026-01-01T08:25:17.99700Z</time><extensions><mytracks:speed>3.025883098198153</mytracks:speed><mytracks:gradient>0.1295598087500142</mytracks:gradient><mytracks:length>0.004211533551355342</mytracks:length></extensions></trkpt><trkpt lat="33.59434527309046" lon="130.3498805792423"><ele>3.780496735995356</ele><time>2026-01-01T08:25:23.50200Z</time><extensions><mytracks:speed>3.38783789587127</mytracks:speed><mytracks:length>0.005180719328634333</mytracks:length></extensions></trkpt><trkpt lat="33.5943505195076" lon="130.3498263350374"><ele>5.611546760552977</ele><time>2026-01-01T08:25:29.49900Z</time><extensions><mytracks:speed>3.035269127032381</mytracks:speed><mytracks:gradient>0.3621119221503249</mytracks:gradient><mytracks:length>0.005056585857997489</mytracks:length></extensions></trkpt><trkpt lat="33.59435497080992" lon="130.3497527882292"><ele>6.50273904557404</ele><time>2026-01-01T08:25:36.97200Z</time><extensions><mytracks:speed>3.289912194674549</mytracks:speed><mytracks:gradient>0.1304933929421338</mytracks:gradient><mytracks:length>0.006829405419907003</mytracks:length></extensions></trkpt><trkpt lat="33.59433937502762" lon="130.3495707204175"><ele>7.335749270394444</ele><time>2026-01-01T08:25:53.00000Z</time><extensions><mytracks:speed>3.807728675345301</mytracks:speed><mytracks:gradient>0.04913780850568659</mytracks:gradient><mytracks:length>0.01695253105811592</mytracks:length></extensions></trkpt><trkpt lat="33.59433924406206" lon="130.3494995921713"><ele>6.374670102210631</ele><time>2026-01-01T08:25:58.00300Z</time><extensions><mytracks:speed>4.740297740800871</mytracks:speed><mytracks:length>0.006587579411399362</mytracks:length></extensions></trkpt><trkpt lat="33.59433338666827" lon="130.3494328777876"><ele>5.443032837390245</ele><time>2026-01-01T08:26:03.00900Z</time><extensions><mytracks:speed>4.468132835197649</mytracks:speed><mytracks:length>0.006213005742468651</mytracks:length></extensions></trkpt><trkpt lat="33.59433679357994" lon="130.3493756769294"><ele>4.937636180290624</ele><time>2026-01-01T08:26:08.00600Z</time><extensions><mytracks:speed>3.826506428435656</mytracks:speed><mytracks:length>0.005311288431602015</mytracks:length></extensions></trkpt><trkpt lat="33.59433432501498" lon="130.349320903307"><ele>5.260430323427695</ele><time>2026-01-01T08:26:13.00900Z</time><extensions><mytracks:speed>3.65606049036409</mytracks:speed><mytracks:gradient>0.06352367500767019</mytracks:gradient><mytracks:length>0.005081477781285406</mytracks:length></extensions></trkpt><trkpt lat="33.59433201642141" lon="130.3492672875846"><ele>5.165557544260587</ele><time>2026-01-01T08:26:18.00500Z</time><extensions><mytracks:speed>3.583274652711133</mytracks:speed><mytracks:length>0.004973015024601271</mytracks:length></extensions></trkpt><trkpt lat="33.59432860290322" lon="130.3492171822311"><ele>5.222506331064126</ele><time>2026-01-01T08:26:22.99300Z</time><extensions><mytracks:speed>3.360886329132784</mytracks:speed><mytracks:gradient>0.01222950692477058</mytracks:gradient><mytracks:length>0.004656670718930594</mytracks:length></extensions></trkpt><trkpt lat="33.59431552904585" lon="130.3491679221137"><ele>4.641260244118349</ele><time>2026-01-01T08:26:27.99800Z</time><extensions><mytracks:speed>3.445256061913251</mytracks:speed><mytracks:length>0.004789295249379697</mytracks:length></extensions></trkpt><trkpt lat="33.59431354341702" lon="130.3491119907649"><ele>4.723446905817346</ele><time>2026-01-01T08:26:32.99100Z</time><extensions><mytracks:speed>3.739167617430487</mytracks:speed><mytracks:gradient>0.01584799090106045</mytracks:gradient><mytracks:length>0.005185935694441721</mytracks:length></extensions></trkpt><trkpt lat="33.59431107764511" lon="130.3490584864264"><ele>5.09651152463292</ele><time>2026-01-01T08:26:38.00200Z</time><extensions><mytracks:speed>3.56660193744174</mytracks:speed><mytracks:gradient>0.07514112269901037</mytracks:gradient><mytracks:length>0.004964852871708379</mytracks:length></extensions></trkpt><trkpt lat="33.59429741397896" lon="130.3490070983357"><ele>4.743931773440918</ele><time>2026-01-01T08:26:43.01000Z</time><extensions><mytracks:speed>3.59218605467023</mytracks:speed><mytracks:length>0.004997421497783347</mytracks:length></extensions></trkpt><trkpt lat="33.59429735271876" lon="130.3489040785478"><ele>4.99053586794089</ele><time>2026-01-01T08:26:53.02800Z</time><extensions><mytracks:speed>3.429120036055902</mytracks:speed><mytracks:gradient>0.02584326547108689</mytracks:gradient><mytracks:length>0.009542296223202497</mytracks:length></extensions></trkpt><trkpt lat="33.59431241302828" lon="130.3484905279193"><ele>7.563606759533286</ele><time>2026-01-01T08:27:33.00000Z</time><extensions><mytracks:speed>3.453101432477849</mytracks:speed><mytracks:gradient>0.06711028224618776</mytracks:gradient><mytracks:length>0.03834093384011301</mytracks:length></extensions></trkpt><trkpt lat="33.59431146180853" lon="130.3484377823731"><ele>7.715352703835964</ele><time>2026-01-01T08:27:38.48800Z</time><extensions><mytracks:speed>3.205831775787076</mytracks:speed><mytracks:gradient>0.031050345557249</mytracks:gradient><mytracks:length>0.004887093575911953</mytracks:length></extensions></trkpt><trkpt lat="33.59430883386499" lon="130.3483865254628"><ele>7.471786817020734</ele><time>2026-01-01T08:27:44.00100Z</time><extensions><mytracks:speed>3.106020045555246</mytracks:speed><mytracks:length>0.004756248953506809</mytracks:length></extensions></trkpt><trkpt lat="33.59432327089034" lon="130.3483333327997"><ele>7.368942856432526</ele><time>2026-01-01T08:27:48.99900Z</time><extensions><mytracks:speed>3.731924943900152</mytracks:speed><mytracks:length>0.005181589087614461</mytracks:length></extensions></trkpt><trkpt lat="33.59432536365672" lon="130.3482691940763"><ele>6.562499443397656</ele><time>2026-01-01T08:27:53.99800Z</time><extensions><mytracks:speed>4.281846472331753</mytracks:speed><mytracks:length>0.005945405937123743</mytracks:length></extensions></trkpt><trkpt lat="33.59432072825435" lon="130.3482114014987"><ele>6.034123811207444</ele><time>2026-01-01T08:27:58.99200Z</time><extensions><mytracks:speed>3.876476854709062</mytracks:speed><mytracks:length>0.005377898191381191</mytracks:length></extensions></trkpt><trkpt lat="33.5943224389433" lon="130.3481539478151"><ele>5.756171499408005</ele><time>2026-01-01T08:28:03.98500Z</time><extensions><mytracks:speed>3.838449873113694</mytracks:speed><mytracks:length>0.00532399994981854</mytracks:length></extensions></trkpt><trkpt lat="33.59432014496057" lon="130.3480993143058"><ele>6.992926685175918</ele><time>2026-01-01T08:28:09.00300Z</time><extensions><mytracks:speed>3.634867799921919</mytracks:speed><mytracks:gradient>0.2441102580188211</mytracks:gradient><mytracks:length>0.005066379413160748</mytracks:length></extensions></trkpt><trkpt lat="33.59431859727893" lon="130.3480512316172"><ele>7.1511750706732</ele><time>2026-01-01T08:28:13.99800Z</time><extensions><mytracks:speed>3.21232753458576</mytracks:speed><mytracks:gradient>0.03550632916992211</mytracks:gradient><mytracks:length>0.004456906393785589</mytracks:length></extensions></trkpt><trkpt lat="33.59431448322606" lon="130.348003279886"><ele>7.453604753952273</ele><time>2026-01-01T08:28:19.00600Z</time><extensions><mytracks:speed>3.208818971222546</mytracks:speed><mytracks:gradient>0.06774891206237514</mytracks:gradient><mytracks:length>0.004463978447368012</mytracks:length></extensions></trkpt><trkpt lat="33.59427085254787" lon="130.3475966397888"><ele>7.1056397353851</ele><time>2026-01-01T08:29:01.70700Z</time><extensions><mytracks:speed>3.201584898644029</mytracks:speed><mytracks:length>0.03797530585914069</mytracks:length></extensions></trkpt><trkpt lat="33.59404965227261" lon="130.3459962474118"><ele>5.278565584681928</ele><time>2026-01-01T08:31:53.00000Z</time><extensions><mytracks:speed>3.157954493041967</mytracks:speed><mytracks:length>0.1502597257053675</mytracks:length></extensions></trkpt><trkpt lat="33.59400493128428" lon="130.3459830683111"><ele>5.779821951351469</ele><time>2026-01-01T08:31:57.99700Z</time><extensions><mytracks:speed>3.689285830707802</mytracks:speed><mytracks:gradient>0.09787813588609584</mytracks:gradient><mytracks:length>0.005121229191091971</mytracks:length></extensions></trkpt><trkpt lat="33.59396427617798" lon="130.3459681766373"><ele>5.743622461572653</ele><time>2026-01-01T08:32:02.99700Z</time><extensions><mytracks:speed>3.403482772639286</mytracks:speed><mytracks:length>0.004726786442493238</mytracks:length></extensions></trkpt><trkpt lat="33.59392154560538" lon="130.345957125904"><ele>5.779995988581706</ele><time>2026-01-01T08:32:07.99400Z</time><extensions><mytracks:speed>3.501162655637801</mytracks:speed><mytracks:gradient>0.007485262782648491</mytracks:gradient><mytracks:length>0.004859352044843329</mytracks:length></extensions></trkpt><trkpt lat="33.59388188777665" lon="130.3459444267949"><ele>6.046924899605751</ele><time>2026-01-01T08:32:12.99300Z</time><extensions><mytracks:speed>3.286382765296433</mytracks:speed><mytracks:gradient>0.05848815531126814</mytracks:gradient><mytracks:length>0.004563811417943952</mytracks:length></extensions></trkpt><trkpt lat="33.59383211430331" lon="130.3459343676442"><ele>5.735917017936172</ele><time>2026-01-01T08:32:17.99400Z</time><extensions><mytracks:speed>4.039826812698152</mytracks:speed><mytracks:length>0.005612434787650637</mytracks:length></extensions></trkpt><trkpt lat="33.59378603123243" lon="130.3459335012741"><ele>5.149621689154563</ele><time>2026-01-01T08:32:22.99300Z</time><extensions><mytracks:speed>3.690542604515138</mytracks:speed><mytracks:length>0.005124747727536654</mytracks:length></extensions></trkpt><trkpt lat="33.59374587201619" lon="130.3459248184988"><ele>4.713614763840158</ele><time>2026-01-01T08:32:27.99900Z</time><extensions><mytracks:speed>3.263856693507294</mytracks:speed><mytracks:length>0.004538066127521538</mytracks:length></extensions></trkpt><trkpt lat="33.59370512145847" lon="130.345911242367"><ele>4.822372961616343</ele><time>2026-01-01T08:32:33.00300Z</time><extensions><mytracks:speed>3.382506786757297</mytracks:speed><mytracks:gradient>0.02313052607620682</mytracks:gradient><mytracks:length>0.004701933601417679</mytracks:length></extensions></trkpt><trkpt lat="33.59366531592179" lon="130.3459015260326"><ele>5.177551057807057</ele><time>2026-01-01T08:32:38.00400Z</time><extensions><mytracks:speed>3.250604451427504</mytracks:speed><mytracks:gradient>0.07866329916437589</mytracks:gradient><mytracks:length>0.004515169080927174</mytracks:length></extensions></trkpt><trkpt lat="33.59362465836675" lon="130.3458862813263"><ele>5.114502575132471</ele><time>2026-01-01T08:32:43.00700Z</time><extensions><mytracks:speed>3.407214758247854</mytracks:speed><mytracks:length>0.004735358958953053</mytracks:length></extensions></trkpt><trkpt lat="33.59358572561351" lon="130.3458758565286"><ele>4.994758781113624</ele><time>2026-01-01T08:32:47.98700Z</time><extensions><mytracks:speed>3.20537916559014</mytracks:speed><mytracks:length>0.004434606517535595</mytracks:length></extensions></trkpt><trkpt lat="33.59345461411195" lon="130.3458489396594"><ele>5.053819638323215</ele><time>2026-01-01T08:33:03.06600Z</time><extensions><mytracks:speed>3.531229137758709</mytracks:speed><mytracks:gradient>0.003993183302915483</mytracks:gradient><mytracks:length>0.01479041975520377</mytracks:length></extensions></trkpt><trkpt lat="33.59276925571584" lon="130.3457078008739"><ele>5.13071343395859</ele><time>2026-01-01T08:34:22.00000Z</time><extensions><mytracks:speed>3.526459485551431</mytracks:speed><mytracks:gradient>0.0009944682111078841</mytracks:gradient><mytracks:length>0.07732152197173935</mytracks:length></extensions></trkpt><trkpt lat="33.59272271897785" lon="130.3456981455763"><ele>5.384614606016192</ele><time>2026-01-01T08:34:26.99900Z</time><extensions><mytracks:speed>3.780536993193513</mytracks:speed><mytracks:gradient>0.04836355843002967</mytracks:gradient><mytracks:length>0.005249844723996793</mytracks:length></extensions></trkpt><trkpt lat="33.59268394157642" lon="130.3456849576351"><ele>5.553131187584288</ele><time>2026-01-01T08:34:32.00400Z</time><extensions><mytracks:speed>3.223191887445611</mytracks:speed><mytracks:gradient>0.03760601627159909</mytracks:gradient><mytracks:length>0.004481106968391218</mytracks:length></extensions></trkpt><trkpt lat="33.59264344401665" lon="130.3456727566217"><ele>5.332643041691071</ele><time>2026-01-01T08:34:36.99800Z</time><extensions><mytracks:speed>3.347149307074758</mytracks:speed><mytracks:length>0.004643102866978832</mytracks:length></extensions></trkpt><trkpt lat="33.59259471193965" lon="130.3456694538571"><ele>4.975559172368112</ele><time>2026-01-01T08:34:41.99900Z</time><extensions><mytracks:speed>3.906470970122207</mytracks:speed><mytracks:length>0.00542711146873315</mytracks:length></extensions></trkpt><trkpt lat="33.59255349981871" lon="130.3456591775251"><ele>5.124484651402018</ele><time>2026-01-01T08:34:46.99600Z</time><extensions><mytracks:speed>3.37081162738374</mytracks:speed><mytracks:gradient>0.03182933246143397</mytracks:gradient><mytracks:length>0.004678875349156371</mytracks:length></extensions></trkpt><trkpt lat="33.59251107092982" lon="130.3456508527776"><ele>5.432272685793688</ele><time>2026-01-01T08:34:51.99400Z</time><extensions><mytracks:speed>3.44231428096833</mytracks:speed><mytracks:gradient>0.06440516675761099</mytracks:gradient><mytracks:length>0.004778933894388171</mytracks:length></extensions></trkpt><trkpt lat="33.59246813345137" lon="130.3456399498599"><ele>5.504284362446036</ele><time>2026-01-01T08:34:57.00100Z</time><extensions><mytracks:speed>3.508540814304416</mytracks:speed><mytracks:gradient>0.01475736429626382</mytracks:gradient><mytracks:length>0.004879711255117532</mytracks:length></extensions></trkpt><trkpt lat="33.592425161405" lon="130.3456265637402"><ele>5.096159271065027</ele><time>2026-01-01T08:35:02.00400Z</time><extensions><mytracks:speed>3.553137244166322</mytracks:speed><mytracks:length>0.004937548249254289</mytracks:length></extensions></trkpt><trkpt lat="33.59238665657069" lon="130.3456106812605"><ele>4.843152533136497</ele><time>2026-01-01T08:35:07.00500Z</time><extensions><mytracks:speed>3.259539704863461</mytracks:speed><mytracks:length>0.00452812511639855</mytracks:length></extensions></trkpt><trkpt lat="33.59235078035088" lon="130.3456017087848"><ele>5.410164657603089</ele><time>2026-01-01T08:35:12.00800Z</time><extensions><mytracks:speed>2.93232422858043</mytracks:speed><mytracks:gradient>0.1391239693751954</mytracks:gradient><mytracks:length>0.004075589037698102</mytracks:length></extensions></trkpt><trkpt lat="33.59231169275437" lon="130.3455829236608"><ele>5.339032477063636</ele><time>2026-01-01T08:35:17.00400Z</time><extensions><mytracks:speed>3.373531436007403</mytracks:speed><mytracks:length>0.004681763841261415</mytracks:length></extensions></trkpt><trkpt lat="33.59226935186557" lon="130.3455729181454"><ele>5.324789891004635</ele><time>2026-01-01T08:35:22.01000Z</time><extensions><mytracks:speed>3.450391869371757</mytracks:speed><mytracks:length>0.004797756077889953</mytracks:length></extensions></trkpt><trkpt lat="33.59222717458419" lon="130.3455691417303"><ele>5.634152710185578</ele><time>2026-01-01T08:35:27.00500Z</time><extensions><mytracks:speed>3.38948741657398</mytracks:speed><mytracks:gradient>0.06578140114648626</mytracks:gradient><mytracks:length>0.004702891908489979</mytracks:length></extensions></trkpt><trkpt lat="33.59218647524515" lon="130.3455612501356"><ele>5.830269878431261</ele><time>2026-01-01T08:35:32.00200Z</time><extensions><mytracks:speed>3.30187199601528</mytracks:speed><mytracks:gradient>0.04278748493360669</mytracks:gradient><mytracks:length>0.004583517085661782</mytracks:length></extensions></trkpt><trkpt lat="33.59214603706358" lon="130.3455513541908"><ele>6.085481343141012</ele><time>2026-01-01T08:35:36.99900Z</time><extensions><mytracks:speed>3.306608842871345</mytracks:speed><mytracks:gradient>0.05560874655715491</mytracks:gradient><mytracks:length>0.004589412286922242</mytracks:length></extensions></trkpt><trkpt lat="33.59210534503677" lon="130.3455455348997"><ele>5.894789467061597</ele><time>2026-01-01T08:35:41.99100Z</time><extensions><mytracks:speed>3.286003402922055</mytracks:speed><mytracks:length>0.004556894302368261</mytracks:length></extensions></trkpt><trkpt lat="33.59205605829703" lon="130.3455405080383"><ele>5.836632582739954</ele><time>2026-01-01T08:35:47.00100Z</time><extensions><mytracks:speed>3.951407763751638</mytracks:speed><mytracks:length>0.005498876679254205</mytracks:length></extensions></trkpt><trkpt lat="33.5920114360696" lon="130.3455290107912"><ele>5.994480496909588</ele><time>2026-01-01T08:35:51.99500Z</time><extensions><mytracks:speed>3.658017440989439</mytracks:speed><mytracks:gradient>0.03110684816754013</mytracks:gradient><mytracks:length>0.005074378262930159</mytracks:length></extensions></trkpt><trkpt lat="33.59192273308282" lon="130.3455055021235"><ele>6.305186857532815</ele><time>2026-01-01T08:36:02.48600Z</time><extensions><mytracks:speed>3.46601086744451</mytracks:speed><mytracks:gradient>0.0307609123873004</mytracks:gradient><mytracks:length>0.01010068741496438</mytracks:length></extensions></trkpt><trkpt lat="33.59181756785173" lon="130.3454822421698"><ele>6.312400937297198</ele><time>2026-01-01T08:36:14.71000Z</time><extensions><mytracks:speed>3.50197798868535</mytracks:speed><mytracks:gradient>0.0006067129625101568</mytracks:gradient><mytracks:length>0.01189043289026837</mytracks:length></extensions></trkpt><trkpt lat="33.59127883597442" lon="130.3453641692609"><ele>6.269264079630375</ele><time>2026-01-01T08:37:16.99900Z</time><extensions><mytracks:speed>3.51936499453449</mytracks:speed><mytracks:length>0.06089453725895746</mytracks:length></extensions></trkpt><trkpt lat="33.59123571777187" lon="130.345347960481"><ele>6.481491044634959</ele><time>2026-01-01T08:37:21.99500Z</time><extensions><mytracks:speed>3.620235766286603</mytracks:speed><mytracks:gradient>0.04224680108710892</mytracks:gradient><mytracks:length>0.005023503781197352</mytracks:length></extensions></trkpt><trkpt lat="33.59119069926479" lon="130.3453380412667"><ele>6.37105006610394</ele><time>2026-01-01T08:37:27.00500Z</time><extensions><mytracks:speed>3.656220553599553</mytracks:speed><mytracks:length>0.005088567394473264</mytracks:length></extensions></trkpt><trkpt lat="33.59114472458368" lon="130.3453280462066"><ele>6.375327719730962</ele><time>2026-01-01T08:37:31.99400Z</time><extensions><mytracks:speed>3.748893958455643</mytracks:speed><mytracks:gradient>0.0008233405107691084</mytracks:gradient><mytracks:length>0.005195485429262947</mytracks:length></extensions></trkpt><trkpt lat="33.59109997958619" lon="130.3453174398381"><ele>6.354749390370662</ele><time>2026-01-01T08:37:37.00700Z</time><extensions><mytracks:speed>3.641735090342297</mytracks:speed><mytracks:length>0.005070824776315833</mytracks:length></extensions></trkpt><trkpt lat="33.59106067823151" lon="130.3453099385344"><ele>5.836432320557853</ele><time>2026-01-01T08:37:42.00600Z</time><extensions><mytracks:speed>3.186971664692781</mytracks:speed><mytracks:length>0.004425451453599975</mytracks:length></extensions></trkpt><trkpt lat="33.59101970452414" lon="130.3453006115633"><ele>5.886857326159507</ele><time>2026-01-01T08:37:47.00000Z</time><extensions><mytracks:speed>3.342449585911779</mytracks:speed><mytracks:gradient>0.01087384198383775</mytracks:gradient><mytracks:length>0.00463727592111443</mytracks:length></extensions></trkpt><trkpt lat="33.59097782390179" lon="130.3452942272412"><ele>5.645542508287535</ele><time>2026-01-01T08:37:52.00300Z</time><extensions><mytracks:speed>3.377736522573725</mytracks:speed><mytracks:length>0.004693300032486904</mytracks:length></extensions></trkpt><trkpt lat="33.59093479454366" lon="130.345289987734"><ele>5.696127098426345</ele><time>2026-01-01T08:37:56.98500Z</time><extensions><mytracks:speed>3.468791489313995</mytracks:speed><mytracks:gradient>0.01053719831238471</mytracks:gradient><mytracks:length>0.004800573040307759</mytracks:length></extensions></trkpt><trkpt lat="33.5908861363346" lon="130.3452704343032"><ele>5.778575009170953</ele><time>2026-01-01T08:38:02.50300Z</time><extensions><mytracks:speed>3.72197466427049</mytracks:speed><mytracks:gradient>0.01445234076129698</mytracks:gradient><mytracks:length>0.005704813642742318</mytracks:length></extensions></trkpt><trkpt lat="33.59073653771765" lon="130.3452432143131"><ele>5.727660192700283</ele><time>2026-01-01T08:38:21.09900Z</time><extensions><mytracks:speed>3.256931484532291</mytracks:speed><mytracks:length>0.01682445268329495</mytracks:length></extensions></trkpt><trkpt lat="33.59009818306448" lon="130.3451361506625"><ele>5.028102556243539</ele><time>2026-01-01T08:39:38.99900Z</time><extensions><mytracks:speed>3.312153361039236</mytracks:speed><mytracks:length>0.07167118297900821</mytracks:length></extensions></trkpt><trkpt lat="33.59006001699269" lon="130.345121195891"><ele>5.100384523490263</ele><time>2026-01-01T08:39:43.97900Z</time><extensions><mytracks:speed>3.227020870449344</mytracks:speed><mytracks:gradient>0.01619227514177219</mytracks:gradient><mytracks:length>0.004463978447368012</mytracks:length></extensions></trkpt><trkpt lat="33.59002611929173" lon="130.3451125563927"><ele>4.904236787058296</ele><time>2026-01-01T08:39:48.97200Z</time><extensions><mytracks:speed>2.778511295108616</mytracks:speed><mytracks:length>0.003853952179026813</mytracks:length></extensions></trkpt><trkpt lat="33.58998884882498" lon="130.3451068032975"><ele>4.978283188440406</ele><time>2026-01-01T08:39:53.96600Z</time><extensions><mytracks:speed>3.01193023726322</mytracks:speed><mytracks:gradient>0.01772194680800489</mytracks:gradient><mytracks:length>0.004178231781435182</mytracks:length></extensions></trkpt><trkpt lat="33.58994930511949" lon="130.3451002955346"><ele>4.488159148659792</ele><time>2026-01-01T08:39:58.95700Z</time><extensions><mytracks:speed>3.200921121237054</mytracks:speed><mytracks:length>0.004437654008343695</mytracks:length></extensions></trkpt><trkpt lat="33.58991041568201" lon="130.3450872158403"><ele>3.047168023631662</ele><time>2026-01-01T08:40:03.95800Z</time><extensions><mytracks:speed>3.231905959746975</mytracks:speed><mytracks:length>0.004489144834883755</mytracks:length></extensions></trkpt><trkpt lat="33.58987330109439" lon="130.3450842946092"><ele>1.547176781460535</ele><time>2026-01-01T08:40:08.96400Z</time><extensions><mytracks:speed>2.972424492917395</mytracks:speed><mytracks:length>0.004133775474865482</mytracks:length></extensions></trkpt><trkpt lat="33.58982705688645" lon="130.3450817055007"><ele>0.6453056945664606</ele><time>2026-01-01T08:40:14.49100Z</time><extensions><mytracks:speed>3.353259206119805</mytracks:speed><mytracks:length>0.005147559591854122</mytracks:length></extensions></trkpt><trkpt lat="33.58980215879547" lon="130.345087079818"><ele>0.840677967089775</ele><time>2026-01-01T08:40:19.99300Z</time><extensions><mytracks:speed>1.841533910967414</mytracks:speed><mytracks:gradient>0.06941299328032802</mytracks:gradient><mytracks:length>0.002814635463627009</mytracks:length></extensions></trkpt><trkpt lat="33.58970682674649" lon="130.3450756311323"><ele>1.705821958813697</ele><time>2026-01-01T08:40:30.46800Z</time><extensions><mytracks:speed>3.661379716265354</mytracks:speed><mytracks:gradient>0.08120748798303977</mytracks:gradient><mytracks:length>0.01065350022776973</mytracks:length></extensions></trkpt><trkpt lat="33.58933104948353" lon="130.3450165491054"><ele>4.711997917853296</ele><time>2026-01-01T08:41:08.99900Z</time><extensions><mytracks:speed>3.937259233259684</mytracks:speed><mytracks:gradient>0.07133557627682438</mytracks:gradient><mytracks:length>0.04214132857599484</mytracks:length></extensions></trkpt><trkpt lat="33.58927739076491" lon="130.3450069469431"><ele>4.373381882183688</ele><time>2026-01-01T08:41:14.02700Z</time><extensions><mytracks:speed>4.319760477662705</mytracks:speed><mytracks:length>0.006032688141282798</mytracks:length></extensions></trkpt><trkpt lat="33.58923822506183" lon="130.3449934664263"><ele>4.817050130353735</ele><time>2026-01-01T08:41:19.01200Z</time><extensions><mytracks:speed>3.272359067937613</mytracks:speed><mytracks:gradient>0.09791602423825357</mytracks:gradient><mytracks:length>0.004531109709790645</mytracks:length></extensions></trkpt><trkpt lat="33.58919804138853" lon="130.3449682646279"><ele>5.437841214665636</ele><time>2026-01-01T08:41:23.99200Z</time><extensions><mytracks:speed>3.643568115661297</mytracks:speed><mytracks:gradient>0.1231601517333941</mytracks:gradient><mytracks:length>0.005040518995589848</mytracks:length></extensions></trkpt><trkpt lat="33.58916041970807" lon="130.3449468131756"><ele>5.767683102158099</ele><time>2026-01-01T08:41:29.02600Z</time><extensions><mytracks:speed>3.310450587320599</mytracks:speed><mytracks:gradient>0.07124791571980328</mytracks:gradient><mytracks:length>0.004629495251336643</mytracks:length></extensions></trkpt><trkpt lat="33.58913310416553" lon="130.3449316544811"><ele>6.532802663464503</ele><time>2026-01-01T08:41:34.01100Z</time><extensions><mytracks:speed>2.416420648435161</mytracks:speed><mytracks:gradient>0.2286866379270139</mytracks:gradient><mytracks:length>0.003345711705073888</mytracks:length></extensions></trkpt><trkpt lat="33.58910476546474" lon="130.3449176545101"><ele>6.166955514771978</ele><time>2026-01-01T08:41:39.01400Z</time><extensions><mytracks:speed>2.451601241387998</mytracks:speed><mytracks:length>0.003407106031555748</mytracks:length></extensions></trkpt><trkpt lat="33.58906937393541" lon="130.344895023435"><ele>6.154536003930659</ele><time>2026-01-01T08:41:44.00100Z</time><extensions><mytracks:speed>3.219077223767856</mytracks:speed><mytracks:length>0.004458928125072959</mytracks:length></extensions></trkpt><trkpt lat="33.58902803398735" lon="130.3448770546468"><ele>6.206213632554354</ele><time>2026-01-01T08:41:49.01500Z</time><extensions><mytracks:speed>3.50932026368142</mytracks:speed><mytracks:gradient>0.01057231257880993</mytracks:gradient><mytracks:length>0.004888015582065975</mytracks:length></extensions></trkpt><trkpt lat="33.58899138531213" lon="130.3448601705177"><ele>5.704914168765489</ele><time>2026-01-01T08:41:54.01200Z</time><extensions><mytracks:speed>3.144411536618462</mytracks:speed><mytracks:length>0.004364959407712327</mytracks:length></extensions></trkpt><trkpt lat="33.58895188480809" lon="130.3448444885695"><ele>5.627197289753165</ele><time>2026-01-01T08:41:59.00600Z</time><extensions><mytracks:speed>3.334857567741242</mytracks:speed><mytracks:length>0.004625600008533914</mytracks:length></extensions></trkpt><trkpt lat="33.5889130557986" lon="130.3448350116158"><ele>5.627603169031735</ele><time>2026-01-01T08:42:04.01000Z</time><extensions><mytracks:speed>3.169805132196241</mytracks:speed><mytracks:gradient>9.211838437780624e-05</mytracks:gradient><mytracks:length>0.004406061627232662</mytracks:length></extensions></trkpt><trkpt lat="33.58899243563996" lon="130.3445027834703"><ele>5.595321027495014</ele><time>2026-01-01T08:43:08.43500Z</time><extensions><mytracks:speed>1.788938725048357</mytracks:speed><mytracks:length>0.03201459799649038</mytracks:length></extensions></trkpt><trkpt lat="33.58977958358916" lon="130.3412626667863"><ele>4.643946240656078</ele><time>2026-01-01T08:53:37.00000Z</time><extensions><mytracks:speed>1.790525059923438</mytracks:speed><mytracks:length>0.3126280624262956</mytracks:length></extensions></trkpt><trkpt lat="33.58984058902141" lon="130.3412600975583"><ele>5.621297237963774</ele><time>2026-01-01T08:53:42.00000Z</time><extensions><mytracks:speed>4.887202655448688</mytracks:speed><mytracks:gradient>0.1439883715585894</mytracks:gradient><mytracks:length>0.006787707831739794</mytracks:length></extensions></trkpt><trkpt lat="33.58989730982093" lon="130.3412568068866"><ele>6.039308482593853</ele><time>2026-01-01T08:53:46.99900Z</time><extensions><mytracks:speed>4.546449817612964</mytracks:speed><mytracks:gradient>0.06619919184246208</mytracks:gradient><mytracks:length>0.00631444633984118</mytracks:length></extensions></trkpt><trkpt lat="33.58995876494199" lon="130.341249389892"><ele>5.744327088232984</ele><time>2026-01-01T08:53:51.99900Z</time><extensions><mytracks:speed>4.945175419102549</mytracks:speed><mytracks:length>0.006868225995600974</mytracks:length></extensions></trkpt><trkpt lat="33.59001031326654" lon="130.3412394175884"><ele>5.126643928126262</ele><time>2026-01-01T08:53:56.99900Z</time><extensions><mytracks:speed>4.179675892914535</mytracks:speed><mytracks:length>0.005805043124801524</mytracks:length></extensions></trkpt><trkpt lat="33.59006825128039" lon="130.3412311236395"><ele>4.844824721815768</ele><time>2026-01-01T08:54:01.99900Z</time><extensions><mytracks:speed>4.671644500033974</mytracks:speed><mytracks:length>0.006488325835399131</mytracks:length></extensions></trkpt><trkpt lat="33.59012343099551" lon="130.3412220766616"><ele>5.59224758524094</ele><time>2026-01-01T08:54:06.99900Z</time><extensions><mytracks:speed>4.458765745097699</mytracks:speed><mytracks:gradient>0.1206948887107284</mytracks:gradient><mytracks:length>0.006192663760737488</mytracks:length></extensions></trkpt><trkpt lat="33.59017814974302" lon="130.3412161828558"><ele>5.402453459097805</ele><time>2026-01-01T08:54:11.99900Z</time><extensions><mytracks:speed>4.398099438755267</mytracks:speed><mytracks:length>0.006108405905926964</mytracks:length></extensions></trkpt><trkpt lat="33.5902288920755" lon="130.3412077914409"><ele>5.251031610734235</ele><time>2026-01-01T08:54:16.99900Z</time><extensions><mytracks:speed>4.101248971540735</mytracks:speed><mytracks:length>0.005696117877960395</mytracks:length></extensions></trkpt><trkpt lat="33.59028620209033" lon="130.3412001946416"><ele>5.166398753442103</ele><time>2026-01-01T08:54:21.99900Z</time><extensions><mytracks:speed>4.61580309868382</mytracks:speed><mytracks:length>0.006410769161927407</mytracks:length></extensions></trkpt><trkpt lat="33.59033795423312" lon="130.3411958592217"><ele>5.315224178449085</ele><time>2026-01-01T08:54:26.99900Z</time><extensions><mytracks:speed>4.153323122715766</mytracks:speed><mytracks:gradient>0.02579993236555034</mytracks:gradient><mytracks:length>0.005768442447767887</mytracks:length></extensions></trkpt><trkpt lat="33.59039242445424" lon="130.3411888873676"><ele>5.075765161293857</ele><time>2026-01-01T08:54:31.99900Z</time><extensions><mytracks:speed>4.386398624242721</mytracks:speed><mytracks:length>0.006092154222766009</mytracks:length></extensions></trkpt><trkpt lat="33.59044927173422" lon="130.3411801786078"><ele>5.065813220645111</ele><time>2026-01-01T08:54:36.99900Z</time><extensions><mytracks:speed>4.588899967047001</mytracks:speed><mytracks:length>0.006373404708248566</mytracks:length></extensions></trkpt><trkpt lat="33.59050635169022" lon="130.3411707625135"><ele>5.105928360251739</ele><time>2026-01-01T08:54:41.99900Z</time><extensions><mytracks:speed>4.612259346538301</mytracks:speed><mytracks:gradient>0.006262269661603688</mytracks:gradient><mytracks:length>0.006405846725603116</mytracks:length></extensions></trkpt><trkpt lat="33.59057309837642" lon="130.3411593222915"><ele>4.75738745383255</ele><time>2026-01-01T08:54:47.49900Z</time><extensions><mytracks:speed>4.907237463920234</mytracks:speed><mytracks:length>0.007497484728823691</mytracks:length></extensions></trkpt><trkpt lat="33.59063616684809" lon="130.3411522908926"><ele>4.807225650266969</ele><time>2026-01-01T08:54:53.50000Z</time><extensions><mytracks:speed>4.225286000128928</mytracks:speed><mytracks:gradient>0.007076123223031042</mytracks:gradient><mytracks:length>0.007043149880743759</mytracks:length></extensions></trkpt><trkpt lat="33.59070485439047" lon="130.3411421992277"><ele>4.918750342726267</ele><time>2026-01-01T08:54:59.50000Z</time><extensions><mytracks:speed>4.616668622627437</mytracks:speed><mytracks:gradient>0.01449418117240464</mytracks:gradient><mytracks:length>0.007694445869879774</mytracks:length></extensions></trkpt><trkpt lat="33.59076439841768" lon="130.3411362544091"><ele>4.516655485677728</ele><time>2026-01-01T08:55:05.00000Z</time><extensions><mytracks:speed>4.34844954654458</mytracks:speed><mytracks:length>0.006643436218334921</mytracks:length></extensions></trkpt><trkpt lat="33.59081742902561" lon="130.3411323545704"><ele>4.70654555948934</ele><time>2026-01-01T08:55:10.00000Z</time><extensions><mytracks:speed>4.253358394455341</mytracks:speed><mytracks:gradient>0.03214451453420481</mytracks:gradient><mytracks:length>0.005907386580984141</mytracks:length></extensions></trkpt><trkpt lat="33.59087638448452" lon="130.3411200207306"><ele>5.079042742233952</ele><time>2026-01-01T08:55:15.00000Z</time><extensions><mytracks:speed>4.791128978546755</mytracks:speed><mytracks:gradient>0.05597858193134616</mytracks:gradient><mytracks:length>0.006654280438926701</mytracks:length></extensions></trkpt><trkpt lat="33.59093191585811" lon="130.3411115193584"><ele>5.504883990049115</ele><time>2026-01-01T08:55:20.00000Z</time><extensions><mytracks:speed>4.481756688800591</mytracks:speed><mytracks:gradient>0.06841262983651825</mytracks:gradient><mytracks:length>0.006224599885032511</mytracks:length></extensions></trkpt><trkpt lat="33.59098545707293" lon="130.3411014234839"><ele>5.668628431025766</ele><time>2026-01-01T08:55:25.00000Z</time><extensions><mytracks:speed>4.3392749476645</mytracks:speed><mytracks:gradient>0.02716979264631246</mytracks:gradient><mytracks:length>0.006026709261576746</mytracks:length></extensions></trkpt><trkpt lat="33.59103529885243" lon="130.3410895644694"><ele>5.958235507728705</ele><time>2026-01-01T08:55:30.00000Z</time><extensions><mytracks:speed>4.068075331811605</mytracks:speed><mytracks:gradient>0.05125747087833647</mytracks:gradient><mytracks:length>0.005650046163813718</mytracks:length></extensions></trkpt><trkpt lat="33.59108639421758" lon="130.3410907738738"><ele>5.574664914118945</ele><time>2026-01-01T08:55:35.00000Z</time><extensions><mytracks:speed>4.090981635040237</mytracks:speed><mytracks:length>0.005681859738256649</mytracks:length></extensions></trkpt><trkpt lat="33.59114260631308" lon="130.3410896732797"><ele>5.254798788963598</ele><time>2026-01-01T08:55:40.00000Z</time><extensions><mytracks:speed>4.500484919258263</mytracks:speed><mytracks:length>0.006250608075822942</mytracks:length></extensions></trkpt><trkpt lat="33.59118885776245" lon="130.3410888195079"><ele>5.203651218605035</ele><time>2026-01-01T08:55:45.00000Z</time><extensions><mytracks:speed>3.703759559983691</mytracks:speed><mytracks:length>0.005144056658755791</mytracks:length></extensions></trkpt><trkpt lat="33.59123845549806" lon="130.3410850717961"><ele>5.152467814036883</ele><time>2026-01-01T08:55:49.99900Z</time><extensions><mytracks:speed>3.979244617085655</mytracks:speed><mytracks:length>0.005526669603010676</mytracks:length></extensions></trkpt><trkpt lat="33.59128747315742" lon="130.3410763285721"><ele>5.403154873969427</ele><time>2026-01-01T08:55:54.99900Z</time><extensions><mytracks:speed>3.966896160665951</mytracks:speed><mytracks:gradient>0.04550070834534059</mytracks:gradient><mytracks:length>0.00550951994043441</mytracks:length></extensions></trkpt><trkpt lat="33.59134204351217" lon="130.3410707682676"><ele>5.551006801530514</ele><time>2026-01-01T08:55:59.99900Z</time><extensions><mytracks:speed>4.384266707489155</mytracks:speed><mytracks:gradient>0.02428103133069767</mytracks:gradient><mytracks:length>0.006089194711188511</mytracks:length></extensions></trkpt><trkpt lat="33.59139461327074" lon="130.3410669901905"><ele>5.124773336442781</ele><time>2026-01-01T08:56:04.99900Z</time><extensions><mytracks:speed>4.215849179524566</mytracks:speed><mytracks:length>0.005855284099238792</mytracks:length></extensions></trkpt><trkpt lat="33.59145378642948" lon="130.3410592033124"><ele>5.284639143211144</ele><time>2026-01-01T08:56:09.99900Z</time><extensions><mytracks:speed>4.766200518677584</mytracks:speed><mytracks:gradient>0.02415018092154513</mytracks:gradient><mytracks:length>0.00661965255199152</mytracks:length></extensions></trkpt><trkpt lat="33.59150976085714" lon="130.3410541837486"><ele>5.055157769183334</ele><time>2026-01-01T08:56:14.99900Z</time><extensions><mytracks:speed>4.494252307719958</mytracks:speed><mytracks:length>0.006241950719762552</mytracks:length></extensions></trkpt><trkpt lat="33.59156584733034" lon="130.3410431231235"><ele>5.234588762122873</ele><time>2026-01-01T08:56:19.99900Z</time><extensions><mytracks:speed>4.551071804374564</mytracks:speed><mytracks:gradient>0.02838709015046798</mytracks:gradient><mytracks:length>0.006320865998890716</mytracks:length></extensions></trkpt><trkpt lat="33.59161466049866" lon="130.3410367296333"><ele>5.105576196717781</ele><time>2026-01-01T08:56:24.99900Z</time><extensions><mytracks:speed>3.930808891786129</mytracks:speed><mytracks:length>0.005459398741184856</mytracks:length></extensions></trkpt><trkpt lat="33.59166986392933" lon="130.3410355087943"><ele>4.975194573701571</ele><time>2026-01-01T08:56:29.99900Z</time><extensions><mytracks:speed>4.419823813694089</mytracks:speed><mytracks:length>0.006138578325179138</mytracks:length></extensions></trkpt><trkpt lat="33.59172038879785" lon="130.341030670223"><ele>5.214207231555998</ele><time>2026-01-01T08:56:34.99900Z</time><extensions><mytracks:speed>4.057726602343258</mytracks:speed><mytracks:gradient>0.04241067978297464</mytracks:gradient><mytracks:length>0.005635671464770459</mytracks:length></extensions></trkpt><trkpt lat="33.59177512767813" lon="130.3410245232377"><ele>4.849553302221727</ele><time>2026-01-01T08:56:39.99900Z</time><extensions><mytracks:speed>4.40128436902627</mytracks:speed><mytracks:length>0.006112830684418045</mytracks:length></extensions></trkpt><trkpt lat="33.59183051902288" lon="130.3410187425358"><ele>4.509496280801516</ele><time>2026-01-01T08:56:44.99900Z</time><extensions><mytracks:speed>4.451949365255786</mytracks:speed><mytracks:length>0.006183196520664107</mytracks:length></extensions></trkpt><trkpt lat="33.59188411121666" lon="130.3410114591696"><ele>4.617286464408501</ele><time>2026-01-01T08:56:49.99900Z</time><extensions><mytracks:speed>4.318770122972868</mytracks:speed><mytracks:gradient>0.01797033724826887</mytracks:gradient><mytracks:length>0.005998228197824663</mytracks:length></extensions></trkpt><trkpt lat="33.59194482794701" lon="130.3410085423371"><ele>4.529149968255002</ele><time>2026-01-01T08:56:55.50000Z</time><extensions><mytracks:speed>4.422621542296702</mytracks:speed><mytracks:length>0.006757766319063306</mytracks:length></extensions></trkpt><trkpt lat="33.59199338676762" lon="130.3410036732857"><ele>5.672379982531338</ele><time>2026-01-01T08:57:00.50000Z</time><extensions><mytracks:speed>3.901315378989358</mytracks:speed><mytracks:gradient>0.210974691285006</mytracks:gradient><mytracks:length>0.005418801692815113</mytracks:length></extensions></trkpt><trkpt lat="33.59204390466937" lon="130.3409975008211"><ele>5.703214926170124</ele><time>2026-01-01T08:57:05.50000Z</time><extensions><mytracks:speed>4.065156386014658</mytracks:speed><mytracks:gradient>0.005461323608222813</mytracks:gradient><mytracks:length>0.005646056862911198</mytracks:length></extensions></trkpt><trkpt lat="33.59210315861495" lon="130.3409893831037"><ele>5.134078842452031</ele><time>2026-01-01T08:57:11.00000Z</time><extensions><mytracks:speed>4.340890524349781</mytracks:speed><mytracks:length>0.006631894804917065</mytracks:length></extensions></trkpt><trkpt lat="33.59215051362771" lon="130.3409849615876"><ele>4.848548990202875</ele><time>2026-01-01T08:57:16.00000Z</time><extensions><mytracks:speed>3.802723286058986</mytracks:speed><mytracks:length>0.00528150924695518</mytracks:length></extensions></trkpt><trkpt lat="33.59219848474176" lon="130.3409805964745"><ele>4.617722604831639</ele><time>2026-01-01T08:57:21.00000Z</time><extensions><mytracks:speed>3.851557322295062</mytracks:speed><mytracks:length>0.005349332368591866</mytracks:length></extensions></trkpt><trkpt lat="33.59224240999168" lon="130.3409519173917"><ele>4.693866232879457</ele><time>2026-01-01T08:57:26.00000Z</time><extensions><mytracks:speed>4.003823384783289</mytracks:speed><mytracks:gradient>0.01369290165990108</mytracks:gradient><mytracks:length>0.005560810260603914</mytracks:length></extensions></trkpt><trkpt lat="33.59228699621872" lon="130.3409381138973"><ele>4.882969826679774</ele><time>2026-01-01T08:57:31.00000Z</time><extensions><mytracks:speed>3.686688765462709</mytracks:speed><mytracks:gradient>0.03693177695158902</mytracks:gradient><mytracks:length>0.005120349179195949</mytracks:length></extensions></trkpt><trkpt lat="33.59232954095366" lon="130.3409283631051"><ele>5.41912902046306</ele><time>2026-01-01T08:57:36.00000Z</time><extensions><mytracks:speed>3.467918777252707</mytracks:speed><mytracks:gradient>0.1113170704329225</mytracks:gradient><mytracks:length>0.004816504707661758</mytracks:length></extensions></trkpt><trkpt lat="33.59237408301851" lon="130.3409219928942"><ele>5.817001309611666</ele><time>2026-01-01T08:57:41.00000Z</time><extensions><mytracks:speed>3.590380833856677</mytracks:speed><mytracks:gradient>0.07978846767057363</mytracks:gradient><mytracks:length>0.004986588923994879</mytracks:length></extensions></trkpt><trkpt lat="33.59241721772793" lon="130.3409141616084"><ele>5.723823646641574</ele><time>2026-01-01T08:57:46.00000Z</time><extensions><mytracks:speed>3.492086084045647</mytracks:speed><mytracks:length>0.004850069606482374</mytracks:length></extensions></trkpt><trkpt lat="33.59244976580241" lon="130.3408921537604"><ele>5.302415551506632</ele><time>2026-01-01T08:57:51.00000Z</time><extensions><mytracks:speed>2.991225319540778</mytracks:speed><mytracks:length>0.004154436325399313</mytracks:length></extensions></trkpt><trkpt lat="33.59250105635952" lon="130.3408837881092"><ele>5.189286452540613</ele><time>2026-01-01T08:57:55.99900Z</time><extensions><mytracks:speed>4.143748120117936</mytracks:speed><mytracks:length>0.005755146582808484</mytracks:length></extensions></trkpt><trkpt lat="33.59255118613297" lon="130.3408828839595"><ele>5.143498347766877</ele><time>2026-01-01T08:58:00.99900Z</time><extensions><mytracks:speed>4.013731874517187</mytracks:speed><mytracks:length>0.005574569654963151</mytracks:length></extensions></trkpt><trkpt lat="33.59259837256078" lon="130.3408866930519"><ele>4.727134222442999</ele><time>2026-01-01T08:58:05.99900Z</time><extensions><mytracks:speed>3.786720092682067</mytracks:speed><mytracks:length>0.005259278414847021</mytracks:length></extensions></trkpt><trkpt lat="33.59264471482724" lon="130.3408862457915"><ele>4.706590725315157</ele><time>2026-01-01T08:58:10.99900Z</time><extensions><mytracks:speed>3.710061425361158</mytracks:speed><mytracks:length>0.005152809526509663</mytracks:length></extensions></trkpt><trkpt lat="33.59268856834558" lon="130.3408825028128"><ele>4.482665576111463</ele><time>2026-01-01T08:58:15.99900Z</time><extensions><mytracks:speed>3.520071110013971</mytracks:speed><mytracks:length>0.004888937414338587</mytracks:length></extensions></trkpt><trkpt lat="33.59273199086473" lon="130.3408769855418"><ele>4.3747915143088</ele><time>2026-01-01T08:58:20.99900Z</time><extensions><mytracks:speed>3.496098255389847</mytracks:speed><mytracks:length>0.004855641198907046</mytracks:length></extensions></trkpt><trkpt lat="33.5927774571768" lon="130.3408779015159"><ele>4.246260745962385</ele><time>2026-01-01T08:58:25.99900Z</time><extensions><mytracks:speed>3.641421614732914</mytracks:speed><mytracks:length>0.005057476964861046</mytracks:length></extensions></trkpt><trkpt lat="33.59284720723735" lon="130.3408737469052"><ele>4.467918030714897</ele><time>2026-01-01T08:58:33.66600Z</time><extensions><mytracks:speed>3.646374754013689</mytracks:speed><mytracks:gradient>0.02854360193780433</mytracks:gradient><mytracks:length>0.007765568102984948</mytracks:length></extensions></trkpt><trkpt lat="33.59321447048912" lon="130.3408564021882"><ele>6.646325257606804</ele><time>2026-01-01T08:59:13.00000Z</time><extensions><mytracks:speed>3.740522413892447</mytracks:speed><mytracks:gradient>0.05330167191809369</mytracks:gradient><mytracks:length>0.04086939768492381</mytracks:length></extensions></trkpt><trkpt lat="33.59326698753606" lon="130.3408441776367"><ele>4.686711069890657</ele><time>2026-01-01T08:59:18.00000Z</time><extensions><mytracks:speed>4.282902099591201</mytracks:speed><mytracks:length>0.005948436988015073</mytracks:length></extensions></trkpt><trkpt lat="33.59332211828993" lon="130.3408416275267"><ele>4.295663930297772</ele><time>2026-01-01T08:59:23.00000Z</time><extensions><mytracks:speed>4.41717179487568</mytracks:speed><mytracks:length>0.006134906706736431</mytracks:length></extensions></trkpt><trkpt lat="33.59337202224824" lon="130.3408314999088"><ele>4.378949065513551</ele><time>2026-01-01T08:59:28.00000Z</time><extensions><mytracks:speed>4.051959152108968</mytracks:speed><mytracks:gradient>0.014799222469496</mytracks:gradient><mytracks:length>0.005627669655446121</mytracks:length></extensions></trkpt><trkpt lat="33.59342467273223" lon="130.3408229113402"><ele>4.362106259183444</ele><time>2026-01-01T08:59:33.00000Z</time><extensions><mytracks:speed>4.253908618878103</mytracks:speed><mytracks:length>0.005908149365748246</mytracks:length></extensions></trkpt><trkpt lat="33.59348188569682" lon="130.3408209765536"><ele>4.437935803179644</ele><time>2026-01-01T08:59:38.00000Z</time><extensions><mytracks:speed>4.581253601110914</mytracks:speed><mytracks:gradient>0.01191765619925576</mytracks:gradient><mytracks:length>0.006362790025855524</mytracks:length></extensions></trkpt><trkpt lat="33.59353974001061" lon="130.3408170048588"><ele>4.398935311495193</ele><time>2026-01-01T08:59:43.00000Z</time><extensions><mytracks:speed>4.63851899035309</mytracks:speed><mytracks:length>0.006442323589630898</mytracks:length></extensions></trkpt><trkpt lat="33.59359143159035" lon="130.3408024353371"><ele>4.730496071337761</ele><time>2026-01-01T08:59:48.00000Z</time><extensions><mytracks:speed>4.250614623349422</mytracks:speed><mytracks:gradient>0.05616274451522775</mytracks:gradient><mytracks:length>0.005903571178802879</mytracks:length></extensions></trkpt><trkpt lat="33.59365073327999" lon="130.3408055938565"><ele>4.608826292093705</ele><time>2026-01-01T08:59:53.00000Z</time><extensions><mytracks:speed>4.752945941610526</mytracks:speed><mytracks:length>0.00660124660329325</mytracks:length></extensions></trkpt><trkpt lat="33.59370890872059" lon="130.3407985427113"><ele>5.255525840384369</ele><time>2026-01-01T08:59:58.00000Z</time><extensions><mytracks:speed>4.681133936268099</mytracks:speed><mytracks:gradient>0.0994691526728045</mytracks:gradient><mytracks:length>0.006501508567363872</mytracks:length></extensions></trkpt><trkpt lat="33.59375120001667" lon="130.3407801599762"><ele>4.457149745884627</ele><time>2026-01-01T09:00:03.00000Z</time><extensions><mytracks:speed>3.601425530587903</mytracks:speed><mytracks:length>0.005001928146275856</mytracks:length></extensions></trkpt><trkpt lat="33.59378865934448" lon="130.3407730184701"><ele>4.135215422803307</ele><time>2026-01-01T09:00:07.99900Z</time><extensions><mytracks:speed>3.036954406100851</mytracks:speed><mytracks:length>0.004217948686149597</mytracks:length></extensions></trkpt><trkpt lat="33.59382566571677" lon="130.3407670992314"><ele>4.230232016591076</ele><time>2026-01-01T09:00:12.99900Z</time><extensions><mytracks:speed>2.988881262342431</mytracks:speed><mytracks:gradient>0.02288905146920661</mytracks:gradient><mytracks:length>0.004151180922267501</mytracks:length></extensions></trkpt><trkpt lat="33.59386969277687" lon="130.3407586955729"><ele>4.559373655184339</ele><time>2026-01-01T09:00:17.99900Z</time><extensions><mytracks:speed>3.567535226010877</mytracks:speed><mytracks:gradient>0.06642805819385816</mytracks:gradient><mytracks:length>0.004954858647722667</mytracks:length></extensions></trkpt><trkpt lat="33.59391210292777" lon="130.3407526659304"><ele>4.54689210734518</ele><time>2026-01-01T09:00:23.07100Z</time><extensions><mytracks:speed>3.370030224456326</mytracks:speed><mytracks:length>0.004747714156363625</mytracks:length></extensions></trkpt><trkpt lat="33.59395843083532" lon="130.3407470884693"><ele>4.902643943970717</ele><time>2026-01-01T09:00:28.06000Z</time><extensions><mytracks:speed>3.73512655049897</mytracks:speed><mytracks:gradient>0.06872614411254686</mytracks:gradient><mytracks:length>0.005176368341616147</mytracks:length></extensions></trkpt><trkpt lat="33.59399837367904" lon="130.3407360191503"><ele>5.008164280902585</ele><time>2026-01-01T09:00:33.04400Z</time><extensions><mytracks:speed>3.292063843546896</mytracks:speed><mytracks:gradient>0.02315117226877431</mytracks:gradient><mytracks:length>0.004557883104441821</mytracks:length></extensions></trkpt><trkpt lat="33.59403706470486" lon="130.3407353534766"><ele>4.885224647019489</ele><time>2026-01-01T09:00:38.03400Z</time><extensions><mytracks:speed>3.10449232535265</mytracks:speed><mytracks:length>0.004302569927727228</mytracks:length></extensions></trkpt><trkpt lat="33.59407867070998" lon="130.3407352850883"><ele>4.745566158560091</ele><time>2026-01-01T09:00:43.02900Z</time><extensions><mytracks:speed>3.333097202000689</mytracks:speed><mytracks:length>0.004624625685193241</mytracks:length></extensions></trkpt><trkpt lat="33.59409769031699" lon="130.3407314174652"><ele>4.874591156020241</ele><time>2026-01-01T09:00:48.02400Z</time><extensions><mytracks:speed>1.545101344176424</mytracks:speed><mytracks:gradient>0.06018122911374896</mytracks:gradient><mytracks:length>0.002143940882567873</mytracks:length></extensions></trkpt><trkpt lat="33.59410973492572" lon="130.3407337186932"><ele>4.520082406312387</ele><time>2026-01-01T09:00:53.01300Z</time><extensions><mytracks:speed>0.9784778288264844</mytracks:speed><mytracks:length>0.001355947271533209</mytracks:length></extensions></trkpt><trkpt lat="33.59414521111078" lon="130.3407286418871"><ele>4.637511611767471</ele><time>2026-01-01T09:00:58.00300Z</time><extensions><mytracks:speed>2.865783543999713</mytracks:speed><mytracks:gradient>0.0295600613806897</mytracks:gradient><mytracks:length>0.003972562977551728</mytracks:length></extensions></trkpt><trkpt lat="33.59418774160453" lon="130.3407284103063"><ele>4.786925515110437</ele><time>2026-01-01T09:01:03.00800Z</time><extensions><mytracks:speed>3.401303730967732</mytracks:speed><mytracks:gradient>0.03159729549031647</mytracks:gradient><mytracks:length>0.004728692789190019</mytracks:length></extensions></trkpt><trkpt lat="33.59423030374639" lon="130.3407225343926"><ele>4.506887075665705</ele><time>2026-01-01T09:01:08.50000Z</time><extensions><mytracks:speed>3.123502639105709</mytracks:speed><mytracks:length>0.004764768462888168</mytracks:length></extensions></trkpt><trkpt lat="33.59427754592396" lon="130.3407034541868"><ele>4.675255627469097</ele><time>2026-01-01T09:01:14.49800Z</time><extensions><mytracks:speed>3.3262934967739</mytracks:speed><mytracks:gradient>0.03037969892584235</mytracks:gradient><mytracks:length>0.005542140236951803</mytracks:length></extensions></trkpt><trkpt lat="33.59432436898469" lon="130.3406987495724"><ele>4.809877249749945</ele><time>2026-01-01T09:01:20.00400Z</time><extensions><mytracks:speed>3.414808700356506</mytracks:speed><mytracks:gradient>0.02577394464804412</mytracks:gradient><mytracks:length>0.005223167199246087</mytracks:length></extensions></trkpt><trkpt lat="33.59436313145456" lon="130.3406936174917"><ele>4.44840117004595</ele><time>2026-01-01T09:01:25.00200Z</time><extensions><mytracks:speed>3.122549099232623</mytracks:speed><mytracks:length>0.004334916610245162</mytracks:length></extensions></trkpt><trkpt lat="33.59440103988302" lon="130.3406895668429"><ele>4.294649258459774</ele><time>2026-01-01T09:01:30.00900Z</time><extensions><mytracks:speed>3.042677020029133</mytracks:speed><mytracks:length>0.004231814783209414</mytracks:length></extensions></trkpt><trkpt lat="33.59443860627868" lon="130.3406891204248"><ele>4.334878677126979</ele><time>2026-01-01T09:01:34.99500Z</time><extensions><mytracks:speed>3.015915238460381</mytracks:speed><mytracks:gradient>0.009630822142008789</mytracks:gradient><mytracks:length>0.004177153110504225</mytracks:length></extensions></trkpt><trkpt lat="33.59447857656401" lon="130.3406915287567"><ele>4.467597969033147</ele><time>2026-01-01T09:01:39.95200Z</time><extensions><mytracks:speed>3.23138347246426</mytracks:speed><mytracks:gradient>0.02982574563150869</mytracks:gradient><mytracks:length>0.004449823100682498</mytracks:length></extensions></trkpt><trkpt lat="33.59452676740943" lon="130.3406882795842"><ele>3.879575333791419</ele><time>2026-01-01T09:01:44.95000Z</time><extensions><mytracks:speed>3.866504141192391</mytracks:speed><mytracks:length>0.005367833494740904</mytracks:length></extensions></trkpt><trkpt lat="33.59457212012409" lon="130.3406774616415"><ele>3.561499254473372</ele><time>2026-01-01T09:01:49.95900Z</time><extensions><mytracks:speed>3.695234496675553</mytracks:speed><mytracks:length>0.005141427892724948</mytracks:length></extensions></trkpt><trkpt lat="33.59461665078811" lon="130.3406817553514"><ele>3.476670632632012</ele><time>2026-01-01T09:01:54.96700Z</time><extensions><mytracks:speed>3.570547345870295</mytracks:speed><mytracks:length>0.004966667842659777</mytracks:length></extensions></trkpt><trkpt lat="33.59465948981431" lon="130.3406741913717"><ele>3.53375015516604</ele><time>2026-01-01T09:01:59.97300Z</time><extensions><mytracks:speed>3.461425000751816</mytracks:speed><mytracks:gradient>0.01185773049751682</mytracks:gradient><mytracks:length>0.004813697068421339</mytracks:length></extensions></trkpt><trkpt lat="33.59470101073145" lon="130.3406647133073"><ele>3.682374252597179</ele><time>2026-01-01T09:02:04.97900Z</time><extensions><mytracks:speed>3.379745130401131</mytracks:speed><mytracks:gradient>0.03162849086029106</mytracks:gradient><mytracks:length>0.00469905750760096</mytracks:length></extensions></trkpt><trkpt lat="33.59474410328964" lon="130.340668939597"><ele>3.612520019039538</ele><time>2026-01-01T09:02:09.98300Z</time><extensions><mytracks:speed>3.457487641508313</mytracks:speed><mytracks:length>0.004806202011997524</mytracks:length></extensions></trkpt><trkpt lat="33.59478296069115" lon="130.3406624108532"><ele>3.393616260394986</ele><time>2026-01-01T09:02:14.98600Z</time><extensions><mytracks:speed>3.1391082629431</mytracks:speed><mytracks:length>0.004362894132267772</mytracks:length></extensions></trkpt><trkpt lat="33.59479903465608" lon="130.3406566442136"><ele>3.334320715241209</ele><time>2026-01-01T09:02:19.98900Z</time><extensions><mytracks:speed>1.342190550497771</mytracks:speed><mytracks:length>0.001865182663644248</mytracks:length></extensions></trkpt><trkpt lat="33.59485200507478" lon="130.3406524218702"><ele>3.487691226709523</ele><time>2026-01-01T09:02:26.94200Z</time><extensions><mytracks:speed>3.056234986104689</mytracks:speed><mytracks:gradient>0.02598263684026039</mytracks:gradient><mytracks:length>0.00590280780242692</mytracks:length></extensions></trkpt><trkpt lat="33.5948851813355" lon="130.3406484635878"><ele>4.104076133257293</ele><time>2026-01-01T09:02:33.24900Z</time><extensions><mytracks:speed>2.115572444700292</mytracks:speed><mytracks:gradient>0.1663151432734121</mytracks:gradient><mytracks:length>0.003706126179589494</mytracks:length></extensions></trkpt><trkpt lat="33.59503658054192" lon="130.3406295800017"><ele>6.739061269909143</ele><time>2026-01-01T09:03:02.99900Z</time><extensions><mytracks:speed>2.0480691536237</mytracks:speed><mytracks:gradient>0.1556847866879226</mytracks:gradient><mytracks:length>0.01692512924807355</mytracks:length></extensions></trkpt><trkpt lat="33.59505017825026" lon="130.3406239181146"><ele>6.352322402635388</ele><time>2026-01-01T09:03:08.02000Z</time><extensions><mytracks:speed>1.145088542705138</mytracks:speed><mytracks:length>0.001597058908234124</mytracks:length></extensions></trkpt><trkpt lat="33.59505608553498" lon="130.3406172922782"><ele>6.619800884632076</ele><time>2026-01-01T09:03:13.51400Z</time><extensions><mytracks:speed>0.5868268013124651</mytracks:speed><mytracks:gradient>0.2986524822046059</mytracks:gradient><mytracks:length>0.0008956178097774487</mytracks:length></extensions></trkpt><trkpt lat="33.59506863036707" lon="130.3406151767808"><ele>6.561889839918914</ele><time>2026-01-01T09:03:18.63700Z</time><extensions><mytracks:speed>0.9873363330434982</mytracks:speed><mytracks:length>0.001404914113096157</mytracks:length></extensions></trkpt><trkpt lat="33.595114081898" lon="130.3406117880281"><ele>5.99163896497339</ele><time>2026-01-01T09:03:35.00000Z</time><extensions><mytracks:speed>1.114051712163613</mytracks:speed><mytracks:length>0.005063710322056285</mytracks:length></extensions></trkpt><trkpt lat="33.5951565509816" lon="130.3406132144308"><ele>5.883705698491408</ele><time>2026-01-01T09:03:40.00500Z</time><extensions><mytracks:speed>3.397617064391558</mytracks:speed><mytracks:length>0.004723925479994175</mytracks:length></extensions></trkpt><trkpt lat="33.59520924927819" lon="130.3406008675645"><ele>5.835665645603032</ele><time>2026-01-01T09:03:45.71000Z</time><extensions><mytracks:speed>3.767414851785862</mytracks:speed><mytracks:length>0.005970366087065583</mytracks:length></extensions></trkpt><trkpt lat="33.59532913338786" lon="130.3405581436555"><ele>5.491008238866925</ele><time>2026-01-01T09:04:00.00000Z</time><extensions><mytracks:speed>3.503329579252766</mytracks:speed><mytracks:length>0.01390567187200242</mytracks:length></extensions></trkpt><trkpt lat="33.59537480377321" lon="130.3405055305052"><ele>4.730257334281013</ele><time>2026-01-01T09:04:04.97600Z</time><extensions><mytracks:speed>5.091931909983528</mytracks:speed><mytracks:length>0.00703802945121869</mytracks:length></extensions></trkpt><trkpt lat="33.5953871178429" lon="130.3404365255676"><ele>3.76460841317948</ele><time>2026-01-01T09:04:09.95100Z</time><extensions><mytracks:speed>4.72905921328208</mytracks:speed><mytracks:length>0.006536072918159696</mytracks:length></extensions></trkpt><trkpt lat="33.59540392739282" lon="130.3403845380167"><ele>3.055984459466389</ele><time>2026-01-01T09:04:14.96000Z</time><extensions><mytracks:speed>3.71230501550086</mytracks:speed><mytracks:length>0.005165038622090571</mytracks:length></extensions></trkpt><trkpt lat="33.59543001819758" lon="130.340426564777"><ele>2.772288393396185</ele><time>2026-01-01T09:04:19.96700Z</time><extensions><mytracks:speed>3.489488310922285</mytracks:speed><mytracks:length>0.004853784712049317</mytracks:length></extensions></trkpt><trkpt lat="33.5954215445073" lon="130.3405222729834"><ele>3.280967455652751</ele><time>2026-01-01T09:04:24.97400Z</time><extensions><mytracks:speed>6.410250344887131</mytracks:speed><mytracks:gradient>0.05706314761899947</mytracks:gradient><mytracks:length>0.008914318320694918</mytracks:length></extensions></trkpt><trkpt lat="33.5954237262832" lon="130.3405967708143"><ele>3.492830905348538</ele><time>2026-01-01T09:04:29.99500Z</time><extensions><mytracks:speed>4.949921115598045</mytracks:speed><mytracks:gradient>0.03068318832305645</mytracks:gradient><mytracks:length>0.006904870754144725</mytracks:length></extensions></trkpt><trkpt lat="33.59547028016407" lon="130.3406241810005"><ele>4.025013458384608</ele><time>2026-01-01T09:04:35.03900Z</time><extensions><mytracks:speed>4.115143852304362</mytracks:speed><mytracks:gradient>0.09230759982398741</mytracks:gradient><mytracks:length>0.005765316767534182</mytracks:length></extensions></trkpt><trkpt lat="33.59553309371915" lon="130.3406118945834"><ele>4.443017183063408</ele><time>2026-01-01T09:04:40.04400Z</time><extensions><mytracks:speed>5.091139335008421</mytracks:speed><mytracks:gradient>0.05905996191769843</mytracks:gradient><mytracks:length>0.007077615885721348</mytracks:length></extensions></trkpt><trkpt lat="33.59559614430187" lon="130.3406096439964"><ele>4.275057436293098</ele><time>2026-01-01T09:04:45.03300Z</time><extensions><mytracks:speed>5.061466027253817</mytracks:speed><mytracks:length>0.007014941266142247</mytracks:length></extensions></trkpt><trkpt lat="33.59565926033549" lon="130.3406113807295"><ele>3.560455208903392</ele><time>2026-01-01T09:04:50.02400Z</time><extensions><mytracks:speed>5.063431957429007</mytracks:speed><mytracks:length>0.00702007853615788</mytracks:length></extensions></trkpt><trkpt lat="33.59571997792683" lon="130.340606132742"><ele>3.293280076930011</ele><time>2026-01-01T09:04:55.02300Z</time><extensions><mytracks:speed>4.874744822723917</mytracks:speed><mytracks:length>0.006769093122912748</mytracks:length></extensions></trkpt><trkpt lat="33.59577844155645" lon="130.3405990829516"><ele>3.299341420556227</ele><time>2026-01-01T09:05:00.01400Z</time><extensions><mytracks:speed>4.712315870972482</mytracks:speed><mytracks:gradient>0.0009277593519731087</mytracks:gradient><mytracks:length>0.006533314499417659</mytracks:length></extensions></trkpt><trkpt lat="33.59583484794545" lon="130.3405868285095"><ele>3.025279179714296</ele><time>2026-01-01T09:05:05.01200Z</time><extensions><mytracks:speed>4.591930598339897</mytracks:speed><mytracks:length>0.006374111725246497</mytracks:length></extensions></trkpt><trkpt lat="33.59589366131966" lon="130.3405838294118"><ele>3.084642357109929</ele><time>2026-01-01T09:05:10.00500Z</time><extensions><mytracks:speed>4.71898555513065</mytracks:speed><mytracks:gradient>0.009069962958258239</mytracks:gradient><mytracks:length>0.006545029750268462</mytracks:length></extensions></trkpt><trkpt lat="33.59595079706357" lon="130.3405638494618"><ele>2.942426370724732</ele><time>2026-01-01T09:05:15.00300Z</time><extensions><mytracks:speed>4.765647540152878</mytracks:speed><mytracks:length>0.006616928975430239</mytracks:length></extensions></trkpt><trkpt lat="33.59601139983025" lon="130.3405601549875"><ele>2.833691510646514</ele><time>2026-01-01T09:05:20.50500Z</time><extensions><mytracks:speed>4.414548111250276</mytracks:speed><mytracks:length>0.006746420498269301</mytracks:length></extensions></trkpt><trkpt lat="33.59606475280252" lon="130.3405529400321"><ele>2.645973601135516</ele><time>2026-01-01T09:05:25.50200Z</time><extensions><mytracks:speed>4.300212535480618</mytracks:speed><mytracks:length>0.00596961125223267</mytracks:length></extensions></trkpt><trkpt lat="33.59612394798984" lon="130.3405487378757"><ele>2.674837630934864</ele><time>2026-01-01T09:05:30.50300Z</time><extensions><mytracks:speed>4.747109849544478</mytracks:speed><mytracks:gradient>0.004377494376507565</mytracks:gradient><mytracks:length>0.006593733153433784</mytracks:length></extensions></trkpt><trkpt lat="33.59618438423057" lon="130.3405352098414"><ele>2.594654042574883</ele><time>2026-01-01T09:05:36.00400Z</time><extensions><mytracks:speed>4.473740570212758</mytracks:speed><mytracks:length>0.006836659872207627</mytracks:length></extensions></trkpt><trkpt lat="33.59623988840131" lon="130.3405230963498"><ele>2.76441194475509</ele><time>2026-01-01T09:05:41.00600Z</time><extensions><mytracks:speed>4.515450044762931</mytracks:speed><mytracks:gradient>0.02705583657733568</mytracks:gradient><mytracks:length>0.00627435421170494</mytracks:length></extensions></trkpt><trkpt lat="33.59630144835353" lon="130.3405250301417"><ele>2.913251146039765</ele><time>2026-01-01T09:05:46.00400Z</time><extensions><mytracks:speed>4.93323893029947</mytracks:speed><mytracks:gradient>0.02173515291865298</mytracks:gradient><mytracks:length>0.006847856182182292</mytracks:length></extensions></trkpt><trkpt lat="33.59635838187648" lon="130.3405189254568"><ele>2.794808039829867</ele><time>2026-01-01T09:05:51.00300Z</time><extensions><mytracks:speed>4.577063712438435</mytracks:speed><mytracks:length>0.006355703722258267</mytracks:length></extensions></trkpt><trkpt lat="33.59641626561869" lon="130.3405142429511"><ele>2.506512759649779</ele><time>2026-01-01T09:05:56.00300Z</time><extensions><mytracks:speed>4.643499065841302</mytracks:speed><mytracks:length>0.006450013414894079</mytracks:length></extensions></trkpt><trkpt lat="33.59647392042948" lon="130.340508862485"><ele>2.675463430245987</ele><time>2026-01-01T09:06:01.00400Z</time><extensions><mytracks:speed>4.628435439433181</mytracks:speed><mytracks:gradient>0.02627651904763892</mytracks:gradient><mytracks:length>0.006429720401317355</mytracks:length></extensions></trkpt><trkpt lat="33.59653115153964" lon="130.3405006434906"><ele>2.591221059232952</ele><time>2026-01-01T09:06:06.00100Z</time><extensions><mytracks:speed>4.617313272272375</mytracks:speed><mytracks:length>0.006409363137310885</mytracks:length></extensions></trkpt><trkpt lat="33.59659209796673" lon="130.3404882237952"><ele>2.734852271499041</ele><time>2026-01-01T09:06:10.99900Z</time><extensions><mytracks:speed>4.951450422419836</mytracks:speed><mytracks:gradient>0.02089645422198776</mytracks:gradient><mytracks:length>0.00687347292226049</mytracks:length></extensions></trkpt><trkpt lat="33.59665403803389" lon="130.3404844491016"><ele>2.781848616633178</ele><time>2026-01-01T09:06:15.99800Z</time><extensions><mytracks:speed>4.966439370753092</mytracks:speed><mytracks:gradient>0.006814638454700346</mytracks:gradient><mytracks:length>0.006896381289563716</mytracks:length></extensions></trkpt><trkpt lat="33.59671570775968" lon="130.3404769674738"><ele>2.820047400062413</ele><time>2026-01-01T09:06:21.00200Z</time><extensions><mytracks:speed>4.958621407533563</mytracks:speed><mytracks:gradient>0.005542112095258775</mytracks:gradient><mytracks:length>0.006892459548393819</mytracks:length></extensions></trkpt><trkpt lat="33.59677580463037" lon="130.3404665052706"><ele>2.770611582755838</ele><time>2026-01-01T09:06:26.00100Z</time><extensions><mytracks:speed>4.861865550791413</mytracks:speed><mytracks:length>0.006751762083031908</mytracks:length></extensions></trkpt><trkpt lat="33.59683482390406" lon="130.3404696847349"><ele>2.736780560037489</ele><time>2026-01-01T09:06:30.99900Z</time><extensions><mytracks:speed>4.731528767904581</mytracks:speed><mytracks:length>0.006569083597420236</mytracks:length></extensions></trkpt><trkpt lat="33.59689411766462" lon="130.340468384267"><ele>2.883867463146224</ele><time>2026-01-01T09:06:35.99900Z</time><extensions><mytracks:speed>4.748686228497501</mytracks:speed><mytracks:gradient>0.02230245272486443</mytracks:gradient><mytracks:length>0.006595099871896681</mytracks:length></extensions></trkpt><trkpt lat="33.59695161001816" lon="130.3404620184969"><ele>2.696391868288594</ele><time>2026-01-01T09:06:41.00100Z</time><extensions><mytracks:speed>4.621191092491499</mytracks:speed><mytracks:length>0.006420602713041663</mytracks:length></extensions></trkpt><trkpt lat="33.59700747463432" lon="130.3404647116016"><ele>2.819796235620993</ele><time>2026-01-01T09:06:45.99700Z</time><extensions><mytracks:speed>4.479036009739124</mytracks:speed><mytracks:gradient>0.01985068161046223</mytracks:gradient><mytracks:length>0.006216631234836752</mytracks:length></extensions></trkpt><trkpt lat="33.59705008756381" lon="130.340462216604"><ele>2.728813150660204</ele><time>2026-01-01T09:06:50.99400Z</time><extensions><mytracks:speed>3.416541092982616</mytracks:speed><mytracks:length>0.004742015757643178</mytracks:length></extensions></trkpt><trkpt lat="33.59709037680782" lon="130.3404533717604"><ele>2.652329174943924</ele><time>2026-01-01T09:06:56.00100Z</time><extensions><mytracks:speed>3.273272943596749</mytracks:speed><mytracks:length>0.004552936946604548</mytracks:length></extensions></trkpt><trkpt lat="33.59713858495629" lon="130.340437863141"><ele>2.888031449551828</ele><time>2026-01-01T09:07:01.00400Z</time><extensions><mytracks:speed>3.993661544350569</mytracks:speed><mytracks:gradient>0.0424730614927289</mytracks:gradient><mytracks:length>0.005549453378778782</mytracks:length></extensions></trkpt><trkpt lat="33.59715538270153" lon="130.3404267166697"><ele>2.84641953030204</ele><time>2026-01-01T09:07:05.99500Z</time><extensions><mytracks:speed>1.538762122500928</mytracks:speed><mytracks:length>0.002133405482777814</mytracks:length></extensions></trkpt><trkpt lat="33.59714993658445" lon="130.3404227247665"><ele>1.834555810475589</ele><time>2026-01-01T09:07:10.99200Z</time><extensions><mytracks:speed>0.5163281447148181</mytracks:speed><mytracks:length>0.0007167457817064221</mytracks:length></extensions></trkpt><trkpt lat="33.59713538965804" lon="130.3404244863173"><ele>1.701962541834144</ele><time>2026-01-01T09:07:16.00000Z</time><extensions><mytracks:speed>1.168283146465336</mytracks:speed><mytracks:length>0.001625030542595712</mytracks:length></extensions></trkpt><trkpt lat="33.59708600907379" lon="130.3404344066833"><ele>2.225914284217709</ele><time>2026-01-01T09:07:21.00200Z</time><extensions><mytracks:speed>4.007143016536989</mytracks:speed><mytracks:gradient>0.09411253750005155</mytracks:gradient><mytracks:length>0.005567289505750256</mytracks:length></extensions></trkpt><trkpt lat="33.59703978933283" lon="130.3404462954868"><ele>2.116737695831236</ele><time>2026-01-01T09:07:26.50300Z</time><extensions><mytracks:speed>3.439220795635446</mytracks:speed><mytracks:length>0.005255849940939736</mytracks:length></extensions></trkpt><trkpt lat="33.59697466371632" lon="130.3404471879838"><ele>2.323682773728224</ele><time>2026-01-01T09:07:32.50000Z</time><extensions><mytracks:speed>4.347091104746562</mytracks:speed><mytracks:gradient>0.02857611631395875</mytracks:gradient><mytracks:length>0.007241889542418329</mytracks:length></extensions></trkpt><trkpt lat="33.59690454080771" lon="130.3404569815446"><ele>2.341014084061566</ele><time>2026-01-01T09:07:38.00100Z</time><extensions><mytracks:speed>5.137380461427052</mytracks:speed><mytracks:gradient>0.002208018225992105</mytracks:gradient><mytracks:length>0.007849260540209006</mytracks:length></extensions></trkpt><trkpt lat="33.59684280733806" lon="130.3404536264321"><ele>2.690618962476303</ele><time>2026-01-01T09:07:43.00300Z</time><extensions><mytracks:speed>4.944841337488877</mytracks:speed><mytracks:gradient>0.05087747705989046</mytracks:gradient><mytracks:length>0.006871505794267256</mytracks:length></extensions></trkpt><trkpt lat="33.59678050193612" lon="130.3404516464817"><ele>3.052489008458992</ele><time>2026-01-01T09:07:48.00500Z</time><extensions><mytracks:speed>4.987971659935485</mytracks:speed><mytracks:gradient>0.05221581459981298</mytracks:gradient><mytracks:length>0.006930276751518591</mytracks:length></extensions></trkpt><trkpt lat="33.5967254131839" lon="130.340466818944"><ele>2.49524537013771</ele><time>2026-01-01T09:07:53.00200Z</time><extensions><mytracks:speed>4.528390437386622</mytracks:speed><mytracks:length>0.006285118251547696</mytracks:length></extensions></trkpt><trkpt lat="33.59666971660447" lon="130.3404807949468"><ele>2.671585934114359</ele><time>2026-01-01T09:07:58.00300Z</time><extensions><mytracks:speed>4.554297379139593</mytracks:speed><mytracks:gradient>0.02786988845408776</mytracks:gradient><mytracks:length>0.00632727914455588</mytracks:length></extensions></trkpt><trkpt lat="33.59660957707833" lon="130.3404800397474"><ele>3.20974785690079</ele><time>2026-01-01T09:08:03.00300Z</time><extensions><mytracks:speed>4.815936259311633</mytracks:speed><mytracks:gradient>0.08046612933392659</mytracks:gradient><mytracks:length>0.006688055300300476</mytracks:length></extensions></trkpt><trkpt lat="33.59654565707124" lon="130.3404801461252"><ele>3.385567188122699</ele><time>2026-01-01T09:08:08.00000Z</time><extensions><mytracks:speed>5.119997954467168</mytracks:speed><mytracks:gradient>0.02473723173385858</mytracks:gradient><mytracks:length>0.007107478036083564</mytracks:length></extensions></trkpt><trkpt lat="33.59648288426265" lon="130.340480988087"><ele>3.5269530444612</ele><time>2026-01-01T09:08:13.00200Z</time><extensions><mytracks:speed>5.02418384025908</mytracks:speed><mytracks:gradient>0.02025537220832727</mytracks:gradient><mytracks:length>0.00698016579919353</mytracks:length></extensions></trkpt><trkpt lat="33.59642144431943" lon="130.3404860952707"><ele>3.239136021619907</ele><time>2026-01-01T09:08:17.99800Z</time><extensions><mytracks:speed>4.934254441559967</mytracks:speed><mytracks:length>0.006848514218620863</mytracks:length></extensions></trkpt><trkpt lat="33.59636158459801" lon="130.3404836254937"><ele>3.647938651873521</ele><time>2026-01-01T09:08:22.99900Z</time><extensions><mytracks:speed>4.795090512770741</mytracks:speed><mytracks:gradient>0.06137834286952677</mytracks:gradient><mytracks:length>0.006660372553925311</mytracks:length></extensions></trkpt><trkpt lat="33.59630396135097" lon="130.3404967727568"><ele>3.270909418243348</ele><time>2026-01-01T09:08:28.00200Z</time><extensions><mytracks:speed>4.692561545554758</mytracks:speed><mytracks:length>0.0065215782035258</mytracks:length></extensions></trkpt><trkpt lat="33.59624369370426" lon="130.340501659507"><ele>3.247040584857968</ele><time>2026-01-01T09:08:32.99900Z</time><extensions><mytracks:speed>4.838063424050913</mytracks:speed><mytracks:length>0.006716294927523129</mytracks:length></extensions></trkpt><trkpt lat="33.59618905895096" lon="130.3405104228537"><ele>3.039796461678937</ele><time>2026-01-01T09:08:37.99800Z</time><extensions><mytracks:speed>4.414985783793142</mytracks:speed><mytracks:length>0.006129762746204814</mytracks:length></extensions></trkpt><trkpt lat="33.5961340774786" lon="130.3405303690769"><ele>3.489843959380808</ele><time>2026-01-01T09:08:43.00300Z</time><extensions><mytracks:speed>4.592836013742922</mytracks:speed><mytracks:gradient>0.0704805582642048</mytracks:gradient><mytracks:length>0.006385413350655007</mytracks:length></extensions></trkpt><trkpt lat="33.59608253124537" lon="130.3405389471058"><ele>3.184526868088617</ele><time>2026-01-01T09:08:47.99200Z</time><extensions><mytracks:speed>4.174894942461229</mytracks:speed><mytracks:length>0.005786382343192331</mytracks:length></extensions></trkpt><trkpt lat="33.59603018536688" lon="130.3405496940325"><ele>3.110485702816868</ele><time>2026-01-01T09:08:52.99500Z</time><extensions><mytracks:speed>4.249017133680592</mytracks:speed><mytracks:length>0.005905097635500349</mytracks:length></extensions></trkpt><trkpt lat="33.5959766900139" lon="130.340568498316"><ele>3.247305531029867</ele><time>2026-01-01T09:08:57.98900Z</time><extensions><mytracks:speed>4.468389225676852</mytracks:speed><mytracks:gradient>0.02207570593454015</mytracks:gradient><mytracks:length>0.006197755515438683</mytracks:length></extensions></trkpt><trkpt lat="33.59592773914571" lon="130.3405777894906"><ele>3.14200193244368</ele><time>2026-01-01T09:09:02.99800Z</time><extensions><mytracks:speed>3.959820218636068</mytracks:speed><mytracks:length>0.005510337801337073</mytracks:length></extensions></trkpt><trkpt lat="33.595882716111" lon="130.3405762173931"><ele>3.282671622673412</ele><time>2026-01-01T09:09:07.99900Z</time><extensions><mytracks:speed>3.606262174794733</mytracks:speed><mytracks:gradient>0.02808265714618489</mytracks:gradient><mytracks:length>0.005009130350360807</mytracks:length></extensions></trkpt><trkpt lat="33.59583889596051" lon="130.3405833421502"><ele>3.405094931836449</ele><time>2026-01-01T09:09:12.99200Z</time><extensions><mytracks:speed>3.54549968901295</mytracks:speed><mytracks:gradient>0.02489579850597499</mytracks:gradient><mytracks:length>0.004917428502389883</mytracks:length></extensions></trkpt><trkpt lat="33.59579453442095" lon="130.3405896600993"><ele>3.106658122804923</ele><time>2026-01-01T09:09:17.99600Z</time><extensions><mytracks:speed>3.57337520765417</mytracks:speed><mytracks:length>0.004967575079463884</mytracks:length></extensions></trkpt><trkpt lat="33.59574762340641" lon="130.3405949966717"><ele>3.011889591759088</ele><time>2026-01-01T09:09:22.99600Z</time><extensions><mytracks:speed>3.772678054160988</mytracks:speed><mytracks:length>0.005239534053375188</mytracks:length></extensions></trkpt><trkpt lat="33.59570853665429" lon="130.3405982561633"><ele>3.121380495271183</ele><time>2026-01-01T09:09:27.98700Z</time><extensions><mytracks:speed>3.142365990644295</mytracks:speed><mytracks:gradient>0.02513165784093522</mytracks:gradient><mytracks:length>0.004356692431716656</mytracks:length></extensions></trkpt><trkpt lat="33.59567799724683" lon="130.3405934289442"><ele>2.998898186134904</ele><time>2026-01-01T09:09:33.50100Z</time><extensions><mytracks:speed>2.235825972492905</mytracks:speed><mytracks:length>0.003424257109310308</mytracks:length></extensions></trkpt><trkpt lat="33.59562930118829" lon="130.3405949331129"><ele>3.067743984240293</ele><time>2026-01-01T09:09:39.00100Z</time><extensions><mytracks:speed>3.545746898061032</mytracks:speed><mytracks:gradient>0.01270888713968114</mytracks:gradient><mytracks:length>0.005417138207989174</mytracks:length></extensions></trkpt><trkpt lat="33.595572366013" lon="130.3406036115932"><ele>3.136128240166949</ele><time>2026-01-01T09:09:45.68000Z</time><extensions><mytracks:speed>3.439310004431266</mytracks:speed><mytracks:gradient>0.01071655740602054</mytracks:gradient><mytracks:length>0.006381177586772196</mytracks:length></extensions></trkpt><trkpt lat="33.59545138293336" lon="130.3406115491014"><ele>3.543757795356214</ele><time>2026-01-01T09:10:00.00000Z</time><extensions><mytracks:speed>3.387003009612693</mytracks:speed><mytracks:gradient>0.03025652144359657</mytracks:gradient><mytracks:length>0.01347245273879741</mytracks:length></extensions></trkpt><trkpt lat="33.59540607765746" lon="130.3405928967538"><ele>3.335053069264193</ele><time>2026-01-01T09:10:05.00400Z</time><extensions><mytracks:speed>3.831709119054865</mytracks:speed><mytracks:length>0.00532653861321473</mytracks:length></extensions></trkpt><trkpt lat="33.59538699432311" lon="130.3405650541284"><ele>3.220965073859538</ele><time>2026-01-01T09:10:10.00700Z</time><extensions><mytracks:speed>2.403538511456108</mytracks:speed><mytracks:length>0.003340319740723759</mytracks:length></extensions></trkpt><trkpt lat="33.59537695467543" lon="130.3405901844835"><ele>4.089747750052983</ele><time>2026-01-01T09:10:14.99100Z</time><extensions><mytracks:speed>1.866797200496409</mytracks:speed><mytracks:gradient>0.3361819024691324</mytracks:gradient><mytracks:length>0.002584263667415041</mytracks:length></extensions></trkpt><trkpt lat="33.59537975390358" lon="130.3406123060653"><ele>4.552759356772838</ele><time>2026-01-01T09:10:19.99000Z</time><extensions><mytracks:speed>1.493112860569204</mytracks:speed><mytracks:gradient>0.2233083541332987</mytracks:gradient><mytracks:length>0.002073418204692291</mytracks:length></extensions></trkpt><trkpt lat="33.59534571021216" lon="130.340606760176"><ele>4.583024305316872</ele><time>2026-01-01T09:10:25.00100Z</time><extensions><mytracks:speed>2.74533481877345</mytracks:speed><mytracks:gradient>0.007920538599554324</mytracks:gradient><mytracks:length>0.003821072034891319</mytracks:length></extensions></trkpt><trkpt lat="33.59530869803747" lon="130.3406063127134"><ele>4.903730198305085</ele><time>2026-01-01T09:10:30.00400Z</time><extensions><mytracks:speed>2.962014893768017</mytracks:speed><mytracks:gradient>0.07791127252435168</mytracks:gradient><mytracks:length>0.004116296430506559</mytracks:length></extensions></trkpt><trkpt lat="33.59528591319899" lon="130.3406062559216"><ele>5.090759512892896</ele><time>2026-01-01T09:10:35.00400Z</time><extensions><mytracks:speed>1.825106124917965</mytracks:speed><mytracks:gradient>0.07377975343905545</mytracks:gradient><mytracks:length>0.002534968007751656</mytracks:length></extensions></trkpt><trkpt lat="33.59525513961756" lon="130.3406102733652"><ele>5.17275190308812</ele><time>2026-01-01T09:10:39.99500Z</time><extensions><mytracks:speed>2.481926169976985</mytracks:speed><mytracks:gradient>0.02382583591140487</mytracks:gradient><mytracks:length>0.003441322709520397</mytracks:length></extensions></trkpt><trkpt lat="33.59521809735498" lon="130.3406221414785"><ele>5.241839302276328</ele><time>2026-01-01T09:10:44.99600Z</time><extensions><mytracks:speed>3.06923161637271</mytracks:speed><mytracks:gradient>0.01620384860852843</mytracks:gradient><mytracks:length>0.004263641364301948</mytracks:length></extensions></trkpt><trkpt lat="33.59517673638562" lon="130.3406229842906"><ele>5.135787660410053</ele><time>2026-01-01T09:10:50.00400Z</time><extensions><mytracks:speed>3.307279078654598</mytracks:speed><mytracks:length>0.004600200534558432</mytracks:length></extensions></trkpt><trkpt lat="33.59513508682797" lon="130.3406320676137"><ele>4.734641148667836</ele><time>2026-01-01T09:10:54.99000Z</time><extensions><mytracks:speed>3.398120438636779</mytracks:speed><mytracks:length>0.004706723185629266</mytracks:length></extensions></trkpt><trkpt lat="33.59509220308097" lon="130.3406401822246"><ele>4.713749502917588</ele><time>2026-01-01T09:10:59.99000Z</time><extensions><mytracks:speed>3.476414971407387</mytracks:speed><mytracks:length>0.004828652279811264</mytracks:length></extensions></trkpt><trkpt lat="33.59490046748611" lon="130.340659230211"><ele>4.484186783477906</ele><time>2026-01-01T09:11:26.22300Z</time><extensions><mytracks:speed>2.935848511075017</mytracks:speed><mytracks:length>0.0213926956926293</mytracks:length></extensions></trkpt><trkpt lat="33.59393125459105" lon="130.3407423071218"><ele>4.202643182128668</ele><time>2026-01-01T09:13:36.99900Z</time><extensions><mytracks:speed>2.974279170612988</mytracks:speed><mytracks:length>0.1080458788824447</mytracks:length></extensions></trkpt><trkpt lat="33.59387205447863" lon="130.3407493404567"><ele>4.77977160032717</ele><time>2026-01-01T09:13:42.50300Z</time><extensions><mytracks:speed>4.326345340021133</mytracks:speed><mytracks:gradient>0.0872559107637033</mytracks:gradient><mytracks:length>0.006614204277363128</mytracks:length></extensions></trkpt><trkpt lat="33.59380704499191" lon="130.3407643086423"><ele>4.320566636139428</ele><time>2026-01-01T09:13:47.94800Z</time><extensions><mytracks:speed>4.866786359664278</mytracks:speed><mytracks:length>0.007361006543195562</mytracks:length></extensions></trkpt><trkpt lat="33.59374748626943" lon="130.3407656718371"><ele>4.48901183398405</ele><time>2026-01-01T09:13:52.94300Z</time><extensions><mytracks:speed>4.773494537160505</mytracks:speed><mytracks:gradient>0.0254305428986743</mytracks:gradient><mytracks:length>0.006623735817036126</mytracks:length></extensions></trkpt><trkpt lat="33.5936822209321" lon="130.3407671592347"><ele>4.485740497860743</ele><time>2026-01-01T09:13:58.26400Z</time><extensions><mytracks:speed>4.910255137083272</mytracks:speed><mytracks:length>0.007258050332243864</mytracks:length></extensions></trkpt><trkpt lat="33.59361499550532" lon="130.3407795359704"><ele>5.143383874751169</ele><time>2026-01-01T09:14:03.96300Z</time><extensions><mytracks:speed>4.77675205088673</mytracks:speed><mytracks:gradient>0.08697233814961104</mytracks:gradient><mytracks:length>0.007561523478409183</mytracks:length></extensions></trkpt><trkpt lat="33.59355485705054" lon="130.3407850342651"><ele>4.608807633469413</ele><time>2026-01-01T09:14:08.97000Z</time><extensions><mytracks:speed>4.822147265725348</mytracks:speed><mytracks:length>0.006706894930016003</mytracks:length></extensions></trkpt><trkpt lat="33.59349627089617" lon="130.340790395254"><ele>4.897069793922229</ele><time>2026-01-01T09:14:13.97600Z</time><extensions><mytracks:speed>4.698950907231763</mytracks:speed><mytracks:gradient>0.0441172290441964</mytracks:gradient><mytracks:length>0.006534004213275419</mytracks:length></extensions></trkpt><trkpt lat="33.59343854657513" lon="130.3407995415331"><ele>4.252226993484193</ele><time>2026-01-01T09:14:18.98100Z</time><extensions><mytracks:speed>4.657586589194491</mytracks:speed><mytracks:length>0.006475116264678945</mytracks:length></extensions></trkpt><trkpt lat="33.59337716877265" lon="130.3408104750964"><ele>4.571922061274601</ele><time>2026-01-01T09:14:23.98500Z</time><extensions><mytracks:speed>4.96386678772965</mytracks:speed><mytracks:gradient>0.04633498426098236</mytracks:gradient><mytracks:length>0.006899647704415348</mytracks:length></extensions></trkpt><trkpt lat="33.59330930253627" lon="130.3408176622445"><ele>4.578406373536708</ele><time>2026-01-01T09:14:28.98800Z</time><extensions><mytracks:speed>5.450744539657228</mytracks:speed><mytracks:gradient>0.0008559901713571706</mytracks:gradient><mytracks:length>0.00757521812642586</mytracks:length></extensions></trkpt><trkpt lat="33.59324727086384" lon="130.3408139027848"><ele>4.722498136497518</ele><time>2026-01-01T09:14:33.99000Z</time><extensions><mytracks:speed>4.96997759849294</mytracks:speed><mytracks:gradient>0.02086418953996642</mytracks:gradient><mytracks:length>0.006906175899370283</mytracks:length></extensions></trkpt><trkpt lat="33.59318929134351" lon="130.3408271150621"><ele>4.068650615093937</ele><time>2026-01-01T09:14:38.99200Z</time><extensions><mytracks:speed>4.722455677195279</mytracks:speed><mytracks:length>0.00656153331859991</mytracks:length></extensions></trkpt><trkpt lat="33.59313127323585" lon="130.3408405191878"><ele>4.465511606526332</ele><time>2026-01-01T09:14:43.99400Z</time><extensions><mytracks:speed>4.728786234174494</mytracks:speed><mytracks:gradient>0.0604071403177151</mytracks:gradient><mytracks:length>0.006569769556133266</mytracks:length></extensions></trkpt><trkpt lat="33.59307323581643" lon="130.340843907549"><ele>4.341337871208911</ele><time>2026-01-01T09:14:48.99500Z</time><extensions><mytracks:speed>4.650944253474398</mytracks:speed><mytracks:length>0.006461182277657232</mytracks:length></extensions></trkpt><trkpt lat="33.59301030970194" lon="130.3408547198051"><ele>4.116622732248978</ele><time>2026-01-01T09:14:53.99600Z</time><extensions><mytracks:speed>5.088983956048383</mytracks:speed><mytracks:length>0.007069333871406594</mytracks:length></extensions></trkpt><trkpt lat="33.59294401173185" lon="130.3408683740885"><ele>4.111812569593791</ele><time>2026-01-01T09:14:58.99700Z</time><extensions><mytracks:speed>5.385296714026368</mytracks:speed><mytracks:length>0.007480636427239822</mytracks:length></extensions></trkpt><trkpt lat="33.59288425140444" lon="130.3408731837272"><ele>3.911063126122619</ele><time>2026-01-01T09:15:03.99700Z</time><extensions><mytracks:speed>4.79446381988784</mytracks:speed><mytracks:length>0.006659695927464082</mytracks:length></extensions></trkpt><trkpt lat="33.59282778205986" lon="130.3408792614714"><ele>4.183530839889232</ele><time>2026-01-01T09:15:08.99800Z</time><extensions><mytracks:speed>4.539346584746376</mytracks:speed><mytracks:gradient>0.04321343615074931</mytracks:gradient><mytracks:length>0.006305161959722766</mytracks:length></extensions></trkpt><trkpt lat="33.59276802922657" lon="130.3408844149656"><ele>4.715780161462257</ele><time>2026-01-01T09:15:13.99800Z</time><extensions><mytracks:speed>4.795662542041606</mytracks:speed><mytracks:gradient>0.07990472861725731</mytracks:gradient><mytracks:length>0.006661049111655121</mytracks:length></extensions></trkpt><trkpt lat="33.59271274379854" lon="130.3408885087398"><ele>4.845672746724609</ele><time>2026-01-01T09:15:18.99800Z</time><extensions><mytracks:speed>4.433824407343913</mytracks:speed><mytracks:gradient>0.02109204927685239</mytracks:gradient><mytracks:length>0.006158367238640147</mytracks:length></extensions></trkpt><trkpt lat="33.59265088894915" lon="130.3408940336071"><ele>4.399952619119951</ele><time>2026-01-01T09:15:23.99800Z</time><extensions><mytracks:speed>4.964761983698162</mytracks:speed><mytracks:length>0.006895727820922503</mytracks:length></extensions></trkpt><trkpt lat="33.59258651159527" lon="130.3408977501734"><ele>4.548505945286264</ele><time>2026-01-01T09:15:28.99800Z</time><extensions><mytracks:speed>5.159545724092814</mytracks:speed><mytracks:gradient>0.02072972018894053</mytracks:gradient><mytracks:length>0.007166200258002883</mytracks:length></extensions></trkpt><trkpt lat="33.5925298683847" lon="130.3409120943695"><ele>4.286560039768751</ele><time>2026-01-01T09:15:33.99900Z</time><extensions><mytracks:speed>4.634370448494194</mytracks:speed><mytracks:length>0.00643672521917128</mytracks:length></extensions></trkpt><trkpt lat="33.59247585307043" lon="130.3409188907915"><ele>3.642171371504689</ele><time>2026-01-01T09:15:38.99900Z</time><extensions><mytracks:speed>4.348331480347226</mytracks:speed><mytracks:length>0.006039407305950904</mytracks:length></extensions></trkpt><trkpt lat="33.59242479917177" lon="130.3409082289502"><ele>4.298418975577645</ele><time>2026-01-01T09:15:43.99900Z</time><extensions><mytracks:speed>4.14931793702013</mytracks:speed><mytracks:gradient>0.1138731322980113</mytracks:gradient><mytracks:length>0.005762971394828462</mytracks:length></extensions></trkpt><trkpt lat="33.59237828955927" lon="130.3409282028938"><ele>4.350650279075196</ele><time>2026-01-01T09:15:49.50000Z</time><extensions><mytracks:speed>3.59469088147128</mytracks:speed><mytracks:gradient>0.009508465210898671</mytracks:gradient><mytracks:length>0.005493137150849821</mytracks:length></extensions></trkpt><trkpt lat="33.59230291490557" lon="130.3409232331256"><ele>3.557452031290536</ele><time>2026-01-01T09:15:55.50000Z</time><extensions><mytracks:speed>5.036446857367334</mytracks:speed><mytracks:length>0.008394127294339795</mytracks:length></extensions></trkpt><trkpt lat="33.59223249174831" lon="130.3409524437785"><ele>4.383716578596188</ele><time>2026-01-01T09:16:01.00000Z</time><extensions><mytracks:speed>5.422914967823362</mytracks:speed><mytracks:gradient>0.09973048551103365</mytracks:gradient><mytracks:length>0.008284974680226926</mytracks:length></extensions></trkpt><trkpt lat="33.59217581815284" lon="130.3409767802722"><ele>4.548293464462873</ele><time>2026-01-01T09:16:06.00000Z</time><extensions><mytracks:speed>4.818810843528408</mytracks:speed><mytracks:gradient>0.02459024909760389</mytracks:gradient><mytracks:length>0.006692770179490446</mytracks:length></extensions></trkpt><trkpt lat="33.59211997911031" lon="130.3409900283536"><ele>3.445213689332156</ele><time>2026-01-01T09:16:11.00000Z</time><extensions><mytracks:speed>4.556694915655884</mytracks:speed><mytracks:length>0.006328703405495598</mytracks:length></extensions></trkpt><trkpt lat="33.59205916695525" lon="130.3409969112645"><ele>3.550183879059018</ele><time>2026-01-01T09:16:16.00000Z</time><extensions><mytracks:speed>4.889574531957223</mytracks:speed><mytracks:gradient>0.0154571903753368</mytracks:gradient><mytracks:length>0.006791026517623179</mytracks:length></extensions></trkpt><trkpt lat="33.59199346538651" lon="130.3409987117061"><ele>3.959075261024643</ele><time>2026-01-01T09:16:21.00000Z</time><extensions><mytracks:speed>5.261034577285394</mytracks:speed><mytracks:gradient>0.05595935685404387</mytracks:gradient><mytracks:length>0.007306934978400795</mytracks:length></extensions></trkpt><trkpt lat="33.59192589509279" lon="130.3410043764481"><ele>4.161105754631133</ele><time>2026-01-01T09:16:26.00000Z</time><extensions><mytracks:speed>5.423707759499547</mytracks:speed><mytracks:gradient>0.02681988105393484</mytracks:gradient><mytracks:length>0.007532863147312469</mytracks:length></extensions></trkpt><trkpt lat="33.59185394723794" lon="130.341008517405"><ele>4.206593751958683</ele><time>2026-01-01T09:16:31.00000Z</time><extensions><mytracks:speed>5.767313678770539</mytracks:speed><mytracks:gradient>0.005678839605558129</mytracks:gradient><mytracks:length>0.008010086652743078</mytracks:length></extensions></trkpt><trkpt lat="33.59178191088017" lon="130.3410135587729"><ele>3.750539683168324</ele><time>2026-01-01T09:16:36.00000Z</time><extensions><mytracks:speed>5.777029397577017</mytracks:speed><mytracks:length>0.008023577334559086</mytracks:length></extensions></trkpt><trkpt lat="33.5917093226703" lon="130.3410206101721"><ele>4.181834387224258</ele><time>2026-01-01T09:16:41.00000Z</time><extensions><mytracks:speed>5.830565109481557</mytracks:speed><mytracks:gradient>0.05325986513557962</mytracks:gradient><mytracks:length>0.008097930833246015</mytracks:length></extensions></trkpt><trkpt lat="33.59163483284321" lon="130.3410247073088"><ele>4.689925817911273</ele><time>2026-01-01T09:16:46.00000Z</time><extensions><mytracks:speed>5.96993759526636</mytracks:speed><mytracks:gradient>0.06127859656425868</mytracks:gradient><mytracks:length>0.008291499139576631</mytracks:length></extensions></trkpt><trkpt lat="33.59156412108435" lon="130.3410324239085"><ele>4.481467555548154</ele><time>2026-01-01T09:16:50.99900Z</time><extensions><mytracks:speed>5.684496096320723</mytracks:speed><mytracks:length>0.00789505591443619</mytracks:length></extensions></trkpt><trkpt lat="33.59149573257927" lon="130.3410398318099"><ele>4.326176247648482</ele><time>2026-01-01T09:16:55.99900Z</time><extensions><mytracks:speed>5.497301261127722</mytracks:speed><mytracks:length>0.00763506473146891</mytracks:length></extensions></trkpt><trkpt lat="33.59143041705408" lon="130.3410411655109"><ele>5.080560420146941</ele><time>2026-01-01T09:17:00.99900Z</time><extensions><mytracks:speed>5.229423756924815</mytracks:speed><mytracks:gradient>0.1038665217035632</mytracks:gradient><mytracks:length>0.007263015648598345</mytracks:length></extensions></trkpt><trkpt lat="33.59136256012114" lon="130.3410430730075"><ele>5.661815342690499</ele><time>2026-01-01T09:17:05.99900Z</time><extensions><mytracks:speed>5.434043913055323</mytracks:speed><mytracks:gradient>0.07701589858321273</mytracks:gradient><mytracks:length>0.007547206917485157</mytracks:length></extensions></trkpt><trkpt lat="33.59129393696105" lon="130.3410466372901"><ele>5.646674902623035</ele><time>2026-01-01T09:17:10.99900Z</time><extensions><mytracks:speed>5.49900176193711</mytracks:speed><mytracks:length>0.007637425240021666</mytracks:length></extensions></trkpt><trkpt lat="33.59122595493177" lon="130.3410560830083"><ele>5.654552175481338</ele><time>2026-01-01T09:17:15.99900Z</time><extensions><mytracks:speed>5.478572747126059</mytracks:speed><mytracks:gradient>0.001035250395672866</mytracks:gradient><mytracks:length>0.007609050806672604</mytracks:length></extensions></trkpt><trkpt lat="33.59116479918178" lon="130.3410689633979"><ele>5.532500755201996</ele><time>2026-01-01T09:17:20.99900Z</time><extensions><mytracks:speed>4.971088106198563</mytracks:speed><mytracks:length>0.006904218089012199</mytracks:length></extensions></trkpt><trkpt lat="33.5911055626207" lon="130.3410828237458"><ele>4.542394790235068</ele><time>2026-01-01T09:17:25.99900Z</time><extensions><mytracks:speed>4.831915617873569</mytracks:speed><mytracks:length>0.006710925112611059</mytracks:length></extensions></trkpt><trkpt lat="33.59104015780874" lon="130.3410951449754"><ele>4.702280408580366</ele><time>2026-01-01T09:17:30.99900Z</time><extensions><mytracks:speed>5.300420064252524</mytracks:speed><mytracks:gradient>0.02171881275456422</mytracks:gradient><mytracks:length>0.007361618710566839</mytracks:length></extensions></trkpt><trkpt lat="33.59097231441774" lon="130.3410976313934"><ele>4.916593659799741</ele><time>2026-01-01T09:17:35.99900Z</time><extensions><mytracks:speed>5.434474711573204</mytracks:speed><mytracks:gradient>0.02839411989254436</mytracks:gradient><mytracks:length>0.007547803983022857</mytracks:length></extensions></trkpt><trkpt lat="33.59090670909448" lon="130.341106172974"><ele>5.023373872399196</ele><time>2026-01-01T09:17:40.99900Z</time><extensions><mytracks:speed>5.283202727526011</mytracks:speed><mytracks:gradient>0.01455226029294136</mytracks:gradient><mytracks:length>0.007337706339079797</mytracks:length></extensions></trkpt><trkpt lat="33.59084646482264" lon="130.3411112841805"><ele>5.120495062836725</ele><time>2026-01-01T09:17:45.99900Z</time><extensions><mytracks:speed>4.835782500723735</mytracks:speed><mytracks:gradient>0.01446053091556928</mytracks:gradient><mytracks:length>0.006716294927523129</mytracks:length></extensions></trkpt><trkpt lat="33.59078011743918" lon="130.3411162258673"><ele>5.440933511440892</ele><time>2026-01-01T09:17:50.99900Z</time><extensions><mytracks:speed>5.321972834224237</mytracks:speed><mytracks:gradient>0.04335197989627013</mytracks:gradient><mytracks:length>0.007391552804990482</mytracks:length></extensions></trkpt><trkpt lat="33.59072152010001" lon="130.3411281801463"><ele>4.178546677699867</ele><time>2026-01-01T09:17:56.50000Z</time><extensions><mytracks:speed>4.324857803648334</mytracks:speed><mytracks:length>0.006608751511162266</mytracks:length></extensions></trkpt><trkpt lat="33.59066265390981" lon="130.3411395864185"><ele>3.240772238534807</ele><time>2026-01-01T09:18:01.50000Z</time><extensions><mytracks:speed>4.773979764314874</mytracks:speed><mytracks:length>0.006630535670810179</mytracks:length></extensions></trkpt><trkpt lat="33.59060683800438" lon="130.3411679716139"><ele>3.375266963321638</ele><time>2026-01-01T09:18:07.00000Z</time><extensions><mytracks:speed>4.412335487549203</mytracks:speed><mytracks:gradient>0.0199515257067986</mytracks:gradient><mytracks:length>0.006741074680870184</mytracks:length></extensions></trkpt><trkpt lat="33.59055467493957" lon="130.3411816291486"><ele>3.357252905995018</ele><time>2026-01-01T09:18:12.00000Z</time><extensions><mytracks:speed>4.274717153001413</mytracks:speed><mytracks:length>0.005937062568171858</mytracks:length></extensions></trkpt><trkpt lat="33.59049915473064" lon="130.3411929948896"><ele>3.285545914900851</ele><time>2026-01-01T09:18:17.00000Z</time><extensions><mytracks:speed>4.509815366692435</mytracks:speed><mytracks:length>0.006263571673729063</mytracks:length></extensions></trkpt><trkpt lat="33.59044845433973" lon="130.3412072759758"><ele>3.509138297065343</ele><time>2026-01-01T09:18:22.00000Z</time><extensions><mytracks:speed>4.169038926954715</mytracks:speed><mytracks:gradient>0.03861515791535692</mytracks:gradient><mytracks:length>0.00579027496545781</mytracks:length></extensions></trkpt><trkpt lat="33.59039940115613" lon="130.3412113916108"><ele>3.747205654249846</ele><time>2026-01-01T09:18:27.00000Z</time><extensions><mytracks:speed>3.936745035806843</mytracks:speed><mytracks:gradient>0.04354110006031284</mytracks:gradient><mytracks:length>0.005467646817713242</mytracks:length></extensions></trkpt><trkpt lat="33.59035246510287" lon="130.3412212752531"><ele>3.949216563046455</ele><time>2026-01-01T09:18:32.00000Z</time><extensions><mytracks:speed>3.81499162254714</mytracks:speed><mytracks:gradient>0.03812572220140374</mytracks:gradient><mytracks:length>0.00529854641780847</mytracks:length></extensions></trkpt><trkpt lat="33.59030579224304" lon="130.3412232688084"><ele>4.258302601911032</ele><time>2026-01-01T09:18:37.00000Z</time><extensions><mytracks:speed>3.738288646543196</mytracks:speed><mytracks:gradient>0.05953103928659759</mytracks:gradient><mytracks:length>0.005192014830726508</mytracks:length></extensions></trkpt><trkpt lat="33.59025638524907" lon="130.3412250761617"><ele>4.608910313087533</ele><time>2026-01-01T09:18:42.00000Z</time><extensions><mytracks:speed>3.956280074538925</mytracks:speed><mytracks:gradient>0.06380744316180066</mytracks:gradient><mytracks:length>0.005494777627861411</mytracks:length></extensions></trkpt><trkpt lat="33.59020356598126" lon="130.3412246730009"><ele>4.961850508516104</ele><time>2026-01-01T09:18:47.00000Z</time><extensions><mytracks:speed>4.228020932572884</mytracks:speed><mytracks:gradient>0.06010366028858556</mytracks:gradient><mytracks:length>0.005872191372937051</mytracks:length></extensions></trkpt><trkpt lat="33.59015388712734" lon="130.3412253694606"><ele>4.882600069897228</ele><time>2026-01-01T09:18:52.00000Z</time><extensions><mytracks:speed>3.977481178093433</mytracks:speed><mytracks:length>0.005524222910821258</mytracks:length></extensions></trkpt><trkpt lat="33.59010628315166" lon="130.3412296868118"><ele>4.905283288812798</ele><time>2026-01-01T09:18:56.99900Z</time><extensions><mytracks:speed>3.821722446692417</mytracks:speed><mytracks:gradient>0.00427348790869731</mytracks:gradient><mytracks:length>0.005307893552104244</mytracks:length></extensions></trkpt><trkpt lat="33.59006421422651" lon="130.3412355126287"><ele>4.835165725642623</ele><time>2026-01-01T09:19:01.99900Z</time><extensions><mytracks:speed>3.390254191928695</mytracks:speed><mytracks:length>0.004708637655175846</mytracks:length></extensions></trkpt><trkpt lat="33.59001780613811" lon="130.3412385516711"><ele>4.770365959297886</ele><time>2026-01-01T09:19:06.99900Z</time><extensions><mytracks:speed>3.720749573336559</mytracks:speed><mytracks:length>0.005167655377449908</mytracks:length></extensions></trkpt><trkpt lat="33.589970714081" lon="130.3412470484415"><ele>4.427336160776291</ele><time>2026-01-01T09:19:11.99900Z</time><extensions><mytracks:speed>3.812542766368822</mytracks:speed><mytracks:length>0.00529514336901952</mytracks:length></extensions></trkpt><trkpt lat="33.58992037247048" lon="130.3412510851126"><ele>4.479252066080654</ele><time>2026-01-01T09:19:16.99900Z</time><extensions><mytracks:speed>4.038681562748057</mytracks:speed><mytracks:gradient>0.009255455335815546</mytracks:gradient><mytracks:length>0.005609222174458013</mytracks:length></extensions></trkpt><trkpt lat="33.58987133748065" lon="130.3412558782962"><ele>4.634992210356978</ele><time>2026-01-01T09:19:21.99900Z</time><extensions><mytracks:speed>3.939119219591162</mytracks:speed><mytracks:gradient>0.02846678472346619</mytracks:gradient><mytracks:length>0.005470942566546401</mytracks:length></extensions></trkpt><trkpt lat="33.589825552108" lon="130.3412526550688"><ele>5.179681913882203</ele><time>2026-01-01T09:19:26.99900Z</time><extensions><mytracks:speed>3.672085883679728</mytracks:speed><mytracks:gradient>0.1068004996605143</mytracks:gradient><mytracks:length>0.005100066996471227</mytracks:length></extensions></trkpt><trkpt lat="33.58927948814887" lon="130.3415147824794"><ele>4.864497136801186</ele><time>2026-01-01T09:20:45.65200Z</time><extensions><mytracks:speed>2.993159862843993</mytracks:speed><mytracks:length>0.06539415940223699</mytracks:length></extensions></trkpt><trkpt lat="33.58773865417384" lon="130.3422676648943"><ele>4.050663583911955</ele><time>2026-01-01T09:24:29.00000Z</time><extensions><mytracks:speed>2.981601974555497</mytracks:speed><mytracks:length>0.1849822990013675</mytracks:length></extensions></trkpt><trkpt lat="33.58774915864785" lon="130.342331281282"><ele>4.301221430713917</ele><time>2026-01-01T09:24:34.02600Z</time><extensions><mytracks:speed>4.303046420295766</mytracks:speed><mytracks:gradient>0.04170412659125688</mytracks:gradient><mytracks:length>0.006007986913565771</mytracks:length></extensions></trkpt><trkpt lat="33.58775594529531" lon="130.3423877654716"><ele>4.2798716833262</ele><time>2026-01-01T09:24:39.01800Z</time><extensions><mytracks:speed>3.811181468836146</mytracks:speed><mytracks:length>0.005284921074989924</mytracks:length></extensions></trkpt><trkpt lat="33.58776530553411" lon="130.3424454490544"><ele>4.356379447106391</ele><time>2026-01-01T09:24:44.01200Z</time><extensions><mytracks:speed>3.924264360861514</mytracks:speed><mytracks:gradient>0.01405438628803834</mytracks:gradient><mytracks:length>0.005443692966181394</mytracks:length></extensions></trkpt><trkpt lat="33.58777010288158" lon="130.3425061727254"><ele>4.55078655963636</ele><time>2026-01-01T09:24:49.01700Z</time><extensions><mytracks:speed>4.064929221307053</mytracks:speed><mytracks:gradient>0.03440320124414976</mytracks:gradient><mytracks:length>0.005650843686037158</mytracks:length></extensions></trkpt><trkpt lat="33.58776777568612" lon="130.3425659543549"><ele>4.853098492670052</ele><time>2026-01-01T09:24:54.00400Z</time><extensions><mytracks:speed>4.002055189214643</mytracks:speed><mytracks:gradient>0.0545318690223343</mytracks:gradient><mytracks:length>0.005543766213292185</mytracks:length></extensions></trkpt><trkpt lat="33.58776311253246" lon="130.342629237872"><ele>4.480822345048055</ele><time>2026-01-01T09:24:59.00200Z</time><extensions><mytracks:speed>4.238372640480041</mytracks:speed><mytracks:length>0.00588445706018785</mytracks:length></extensions></trkpt><trkpt lat="33.5877696709587" lon="130.342687841761"><ele>4.255393772688123</ele><time>2026-01-01T09:25:04.00200Z</time><extensions><mytracks:speed>3.943349325046463</mytracks:speed><mytracks:length>0.005476705354686208</mytracks:length></extensions></trkpt><trkpt lat="33.58777415223778" lon="130.3427469600401"><ele>4.508592754621924</ele><time>2026-01-01T09:25:09.00100Z</time><extensions><mytracks:speed>3.959576659223522</mytracks:speed><mytracks:gradient>0.04604558288951149</mytracks:gradient><mytracks:length>0.005498876679254205</mytracks:length></extensions></trkpt><trkpt lat="33.58778325706751" lon="130.342802787391"><ele>4.492845157857929</ele><time>2026-01-01T09:25:14.00600Z</time><extensions><mytracks:speed>3.789773157401871</mytracks:speed><mytracks:length>0.005268695214536009</mytracks:length></extensions></trkpt><trkpt lat="33.58778557420811" lon="130.3428592464634"><ele>4.491641198264022</ele><time>2026-01-01T09:25:19.00500Z</time><extensions><mytracks:speed>3.770146235011075</mytracks:speed><mytracks:length>0.005235231947342806</mytracks:length></extensions></trkpt><trkpt lat="33.58778699993306" lon="130.3429137905241"><ele>4.386556510315389</ele><time>2026-01-01T09:25:23.99800Z</time><extensions><mytracks:speed>3.643857956147686</mytracks:speed><mytracks:length>0.005053911594685895</mytracks:length></extensions></trkpt><trkpt lat="33.58779104936022" lon="130.342967232652"><ele>4.488073117825309</ele><time>2026-01-01T09:25:29.00500Z</time><extensions><mytracks:speed>3.572939286445783</mytracks:speed><mytracks:gradient>0.02042838794914097</mytracks:gradient><mytracks:length>0.004969389056182903</mytracks:length></extensions></trkpt><trkpt lat="33.5877954951655" lon="130.3430179633944"><ele>4.906205477156227</ele><time>2026-01-01T09:25:34.00200Z</time><extensions><mytracks:speed>3.405149680076884</mytracks:speed><mytracks:gradient>0.08846017572783899</mytracks:gradient><mytracks:length>0.004726786442493238</mytracks:length></extensions></trkpt><trkpt lat="33.58779807720542" lon="130.3430744118571"><ele>4.719799349434818</ele><time>2026-01-01T09:25:38.99900Z</time><extensions><mytracks:speed>3.773309063325902</mytracks:speed><mytracks:length>0.005236953213852358</mytracks:length></extensions></trkpt><trkpt lat="33.58780931269479" lon="130.3432597386105"><ele>4.81051182750929</ele><time>2026-01-01T09:25:55.68400Z</time><extensions><mytracks:speed>3.713717755933289</mytracks:speed><mytracks:gradient>0.005270269879764935</mytracks:gradient><mytracks:length>0.01721211249973376</mytracks:length></extensions></trkpt><trkpt lat="33.58786677499301" lon="130.3441632898628"><ele>5.036586969159544</ele><time>2026-01-01T09:27:17.00000Z</time><extensions><mytracks:speed>3.716148111252202</mytracks:speed><mytracks:gradient>0.002693320851565299</mytracks:gradient><mytracks:length>0.08393917921767963</mytracks:length></extensions></trkpt><trkpt lat="33.5878692708036" lon="130.3442190082089"><ele>5.02743211328988</ele><time>2026-01-01T09:27:22.00600Z</time><extensions><mytracks:speed>3.716894264534583</mytracks:speed><mytracks:length>0.005168527334830188</mytracks:length></extensions></trkpt><trkpt lat="33.58787320266735" lon="130.3442767475838"><ele>5.221581205345206</ele><time>2026-01-01T09:27:27.00100Z</time><extensions><mytracks:speed>3.866680159240742</mytracks:speed><mytracks:gradient>0.03618596761466469</mytracks:gradient><mytracks:length>0.005365314370553012</mytracks:length></extensions></trkpt><trkpt lat="33.58787867349788" lon="130.3443334993426"><ele>5.126372053882797</ele><time>2026-01-01T09:27:31.99900Z</time><extensions><mytracks:speed>3.811332075045392</mytracks:speed><mytracks:length>0.005291738131774078</mytracks:length></extensions></trkpt><trkpt lat="33.58788170404337" lon="130.3443934354824"><ele>4.840430969999369</ele><time>2026-01-01T09:27:37.00000Z</time><extensions><mytracks:speed>4.003756369457119</mytracks:speed><mytracks:length>0.005561620579043277</mytracks:length></extensions></trkpt><trkpt lat="33.58788435754002" lon="130.3444543560528"><ele>4.759774689034693</ele><time>2026-01-01T09:27:41.99600Z</time><extensions><mytracks:speed>4.071005128062</mytracks:speed><mytracks:length>0.005650046163813718</mytracks:length></extensions></trkpt><trkpt lat="33.58789370603274" lon="130.3445162112806"><ele>4.780151666894599</ele><time>2026-01-01T09:27:47.00000Z</time><extensions><mytracks:speed>4.189202459995978</mytracks:speed><mytracks:gradient>0.003499473105313542</mytracks:gradient><mytracks:length>0.005822870256943996</mytracks:length></extensions></trkpt><trkpt lat="33.58790370250984" lon="130.3445729536127"><ele>4.849778151569168</ele><time>2026-01-01T09:27:51.99700Z</time><extensions><mytracks:speed>3.870463998117062</mytracks:speed><mytracks:gradient>0.01296092767953501</mytracks:gradient><mytracks:length>0.005372029409940142</mytracks:length></extensions></trkpt><trkpt lat="33.58791027890037" lon="130.3446266071777"><ele>4.760677738907117</ele><time>2026-01-01T09:27:56.99700Z</time><extensions><mytracks:speed>3.61641366765124</mytracks:speed><mytracks:length>0.005023503781197352</mytracks:length></extensions></trkpt><trkpt lat="33.58795183160711" lon="130.344640232267"><ele>5.439680411131659</ele><time>2026-01-01T09:28:02.00300Z</time><extensions><mytracks:speed>3.444322534155773</mytracks:speed><mytracks:gradient>0.1417750706249495</mytracks:gradient><mytracks:length>0.004789295249379697</mytracks:length></extensions></trkpt><trkpt lat="33.58800313472626" lon="130.3446497699666"><ele>5.732433099342605</ele><time>2026-01-01T09:28:06.99500Z</time><extensions><mytracks:speed>4.16261071320994</mytracks:speed><mytracks:gradient>0.05071640351726942</mytracks:gradient><mytracks:length>0.005772347167938693</mytracks:length></extensions></trkpt><trkpt lat="33.58805092929411" lon="130.3446619028673"><ele>5.556962318351689</ele><time>2026-01-01T09:28:11.99200Z</time><extensions><mytracks:speed>3.913697554340885</mytracks:speed><mytracks:length>0.005432091232559911</mytracks:length></extensions></trkpt><trkpt lat="33.58809955409623" lon="130.3446825132737"><ele>5.537369444967147</ele><time>2026-01-01T09:28:16.99600Z</time><extensions><mytracks:speed>4.125607169188204</mytracks:speed><mytracks:length>0.005734752105262693</mytracks:length></extensions></trkpt><trkpt lat="33.58815448396867" lon="130.344693864528"><ele>5.492647616374474</ele><time>2026-01-01T09:28:22.90500Z</time><extensions><mytracks:speed>3.775780962681598</mytracks:speed><mytracks:length>0.006197755515438683</mytracks:length></extensions></trkpt><trkpt lat="33.58835273493283" lon="130.3447429207802"><ele>5.701864796690643</ele><time>2026-01-01T09:28:44.00000Z</time><extensions><mytracks:speed>3.841204122604301</mytracks:speed><mytracks:gradient>0.009295287656713896</mytracks:gradient><mytracks:length>0.02250787582297718</mytracks:length></extensions></trkpt><trkpt lat="33.58840155047639" lon="130.3447426204058"><ele>5.481761955558005</ele><time>2026-01-01T09:28:49.00400Z</time><extensions><mytracks:speed>3.904308977354125</mytracks:speed><mytracks:length>0.00542711146873315</mytracks:length></extensions></trkpt><trkpt lat="33.5884405443394" lon="130.3447463863638"><ele>5.715145383947386</ele><time>2026-01-01T09:28:53.99500Z</time><extensions><mytracks:speed>3.137064886971169</mytracks:speed><mytracks:gradient>0.05365819732158877</mytracks:gradient><mytracks:length>0.004349445938160162</mytracks:length></extensions></trkpt><trkpt lat="33.58845815355389" lon="130.344749999342"><ele>5.507572290281564</ele><time>2026-01-01T09:28:58.99100Z</time><extensions><mytracks:speed>1.431806000534624</mytracks:speed><mytracks:length>0.001986848592709958</mytracks:length></extensions></trkpt><trkpt lat="33.58850112969907" lon="130.344766157308"><ele>5.699316475664512</ele><time>2026-01-01T09:29:04.00100Z</time><extensions><mytracks:speed>3.59897977908428</mytracks:speed><mytracks:gradient>0.03828581371694086</mytracks:gradient><mytracks:length>0.005008230641265025</mytracks:length></extensions></trkpt><trkpt lat="33.58854490284453" lon="130.3447686585152"><ele>5.531751088766179</ele><time>2026-01-01T09:29:09.00700Z</time><extensions><mytracks:speed>3.503589454894942</mytracks:speed><mytracks:length>0.00487231774896933</mytracks:length></extensions></trkpt><trkpt lat="33.58858252536164" lon="130.3447714591981"><ele>5.505573031540303</ele><time>2026-01-01T09:29:14.00300Z</time><extensions><mytracks:speed>3.020219251157994</mytracks:speed><mytracks:length>0.004191154178623563</mytracks:length></extensions></trkpt><trkpt lat="33.58862841979222" lon="130.3447815179473"><ele>5.749326092008959</ele><time>2026-01-01T09:29:18.99600Z</time><extensions><mytracks:speed>3.739543302128391</mytracks:speed><mytracks:gradient>0.04699484177008865</mytracks:gradient><mytracks:length>0.005186804578705914</mytracks:length></extensions></trkpt><trkpt lat="33.58866994219" lon="130.3447870807297"><ele>5.82804341682056</ele><time>2026-01-01T09:29:23.99600Z</time><extensions><mytracks:speed>3.344330018463044</mytracks:speed><mytracks:gradient>0.01694652027050102</mytracks:gradient><mytracks:length>0.004645043557917066</mytracks:length></extensions></trkpt><trkpt lat="33.58871497783853" lon="130.3447990689003"><ele>5.645971015260732</ele><time>2026-01-01T09:29:29.00600Z</time><extensions><mytracks:speed>3.685654884976854</mytracks:speed><mytracks:length>0.005129142503858864</mytracks:length></extensions></trkpt><trkpt lat="33.588825158972" lon="130.3448315525055"><ele>5.5784125231525</ele><time>2026-01-01T09:29:42.25900Z</time><extensions><mytracks:speed>3.426909164334057</mytracks:speed><mytracks:length>0.01261568309745364</mytracks:length></extensions></trkpt><trkpt lat="33.5896230744155" lon="130.3450645478273"><ele>5.310939946211874</ele><time>2026-01-01T09:31:18.00000Z</time><extensions><mytracks:speed>3.433446286172677</mytracks:speed><mytracks:length>0.09131127470489352</mytracks:length></extensions></trkpt><trkpt lat="33.58965952914928" lon="130.3450764702426"><ele>3.090691648682841</ele><time>2026-01-01T09:31:22.98600Z</time><extensions><mytracks:speed>3.032755100126104</mytracks:speed><mytracks:length>0.00420081988975876</mytracks:length></extensions></trkpt><trkpt lat="33.58970904077557" lon="130.3450959501822"><ele>1.194337625987735</ele><time>2026-01-01T09:31:27.98700Z</time><extensions><mytracks:speed>4.170530705867399</mytracks:speed><mytracks:length>0.005793387180122438</mytracks:length></extensions></trkpt><trkpt lat="33.58974818022957" lon="130.345085477629"><ele>0.7444389526781364</ele><time>2026-01-01T09:31:33.00000Z</time><extensions><mytracks:speed>3.202121964439208</mytracks:speed><mytracks:length>0.004458928125072959</mytracks:length></extensions></trkpt><trkpt lat="33.58979262332227" lon="130.3450787971982"><ele>0.5798017086431024</ele><time>2026-01-01T09:31:38.01300Z</time><extensions><mytracks:speed>3.577662270915209</mytracks:speed><mytracks:length>0.004982068400063265</mytracks:length></extensions></trkpt><trkpt lat="33.58985800798622" lon="130.3450971834452"><ele>1.878334667900571</ele><time>2026-01-01T09:31:43.01500Z</time><extensions><mytracks:speed>5.374570061798109</mytracks:speed><mytracks:gradient>0.1738801903701958</mytracks:gradient><mytracks:length>0.007467975256369663</mytracks:length></extensions></trkpt><trkpt lat="33.58991181141639" lon="130.3450856787421"><ele>1.391285197082304</ele><time>2026-01-01T09:31:48.00600Z</time><extensions><mytracks:speed>4.383669631136921</mytracks:speed><mytracks:length>0.006076600706576655</mytracks:length></extensions></trkpt><trkpt lat="33.58995846061192" lon="130.3450603528551"><ele>1.828861102958718</ele><time>2026-01-01T09:31:53.01000Z</time><extensions><mytracks:speed>4.095028487978977</mytracks:speed><mytracks:gradient>0.07687342578141393</mytracks:gradient><mytracks:length>0.005692160866105293</mytracks:length></extensions></trkpt><trkpt lat="33.59000194110592" lon="130.3450659026484"><ele>3.893683716797556</ele><time>2026-01-01T09:31:58.03600Z</time><extensions><mytracks:speed>3.4824266787024</mytracks:speed><mytracks:gradient>0.424674207318448</mytracks:gradient><mytracks:length>0.004862133320685759</mytracks:length></extensions></trkpt><trkpt lat="33.59004522179072" lon="130.3450761444012"><ele>4.979852679029717</ele><time>2026-01-01T09:32:03.03300Z</time><extensions><mytracks:speed>3.534101760428871</mytracks:speed><mytracks:gradient>0.2214185691641349</mytracks:gradient><mytracks:length>0.004905500773184913</mytracks:length></extensions></trkpt><trkpt lat="33.59021920505436" lon="130.3451338968349"><ele>5.474174649446143</ele><time>2026-01-01T09:32:22.58000Z</time><extensions><mytracks:speed>3.696739402121399</mytracks:speed><mytracks:gradient>0.02462713328324637</mytracks:gradient><mytracks:length>0.02007224977146279</mytracks:length></extensions></trkpt><trkpt lat="33.59080755155049" lon="130.3452625754489"><ele>4.997513621114194</ele><time>2026-01-01T09:33:27.00000Z</time><extensions><mytracks:speed>3.716150963201923</mytracks:speed><mytracks:length>0.06649809340800732</mytracks:length></extensions></trkpt><trkpt lat="33.59085857847126" lon="130.3452860387391"><ele>5.048583906652079</ele><time>2026-01-01T09:33:31.99400Z</time><extensions><mytracks:speed>4.379470055023278</mytracks:speed><mytracks:gradient>0.008405442744964747</mytracks:gradient><mytracks:length>0.006075859069824449</mytracks:length></extensions></trkpt><trkpt lat="33.59090768924815" lon="130.345289359533"><ele>5.47919319949094</ele><time>2026-01-01T09:33:37.00300Z</time><extensions><mytracks:speed>3.930618335085316</mytracks:speed><mytracks:gradient>0.07873213961451919</mytracks:gradient><mytracks:length>0.005469294940378471</mytracks:length></extensions></trkpt><trkpt lat="33.59095584980848" lon="130.3453069152245"><ele>5.423217482306344</ele><time>2026-01-01T09:33:41.99300Z</time><extensions><mytracks:speed>4.037439220978354</mytracks:speed><mytracks:length>0.005596353279559212</mytracks:length></extensions></trkpt><trkpt lat="33.59099795296545" lon="130.3453099127508"><ele>5.081671844990521</ele><time>2026-01-01T09:33:46.99600Z</time><extensions><mytracks:speed>3.374992970890191</mytracks:speed><mytracks:length>0.004690418644699201</mytracks:length></extensions></trkpt><trkpt lat="33.59104502730145" lon="130.3453191166113"><ele>5.166460912906842</ele><time>2026-01-01T09:33:51.99800Z</time><extensions><mytracks:speed>3.816652197213335</mytracks:speed><mytracks:gradient>0.01598949863531241</mytracks:gradient><mytracks:length>0.005302797157696157</mytracks:length></extensions></trkpt><trkpt lat="33.59109049204698" lon="130.345318933531"><ele>5.471520682773586</ele><time>2026-01-01T09:33:57.00500Z</time><extensions><mytracks:speed>3.634245331419629</mytracks:speed><mytracks:gradient>0.06035047447477818</mytracks:gradient><mytracks:length>0.005054803172993031</mytracks:length></extensions></trkpt><trkpt lat="33.59113458532422" lon="130.3453282863348"><ele>5.35663399372471</ele><time>2026-01-01T09:34:01.99900Z</time><extensions><mytracks:speed>3.588610163611208</mytracks:speed><mytracks:length>0.004977543770667362</mytracks:length></extensions></trkpt><trkpt lat="33.59118019472581" lon="130.3453338259959"><ele>5.342814314602177</ele><time>2026-01-01T09:34:07.00500Z</time><extensions><mytracks:speed>3.66490408729278</mytracks:speed><mytracks:length>0.005096531421005414</mytracks:length></extensions></trkpt><trkpt lat="33.59122543588713" lon="130.3453464885175"><ele>5.061174693556593</ele><time>2026-01-01T09:34:12.00000Z</time><extensions><mytracks:speed>3.722735509308551</mytracks:speed><mytracks:length>0.005165038622090571</mytracks:length></extensions></trkpt><trkpt lat="33.5912733688367" lon="130.3453569402631"><ele>5.52040468746557</ele><time>2026-01-01T09:34:16.99700Z</time><extensions><mytracks:speed>3.902679645161461</mytracks:speed><mytracks:gradient>0.08477354209492134</mytracks:gradient><mytracks:length>0.005417138207989174</mytracks:length></extensions></trkpt><trkpt lat="33.59131864012514" lon="130.3453703759748"><ele>5.785400828682324</ele><time>2026-01-01T09:34:21.99600Z</time><extensions><mytracks:speed>3.733757814449098</mytracks:speed><mytracks:gradient>0.05110756685680623</mytracks:gradient><mytracks:length>0.0051850666645748</mytracks:length></extensions></trkpt><trkpt lat="33.591394468463" lon="130.3453917361842"><ele>5.853494423704651</ele><time>2026-01-01T09:34:29.74100Z</time><extensions><mytracks:speed>4.025887098855917</mytracks:speed><mytracks:gradient>0.007862100632544569</mytracks:gradient><mytracks:length>0.008660992552099794</mytracks:length></extensions></trkpt><trkpt lat="33.59166045167697" lon="130.3454835228659"><ele>6.883731765672565</ele><time>2026-01-01T09:34:56.00000Z</time><extensions><mytracks:speed>4.218922932055856</mytracks:speed><mytracks:gradient>0.03347786883789695</mytracks:gradient><mytracks:length>0.03077368356260732</mytracks:length></extensions></trkpt><trkpt lat="33.59256820014848" lon="130.3462808855595"><ele>6.158087576207592</ele><time>2026-01-01T09:37:36.17400Z</time><extensions><mytracks:speed>2.811051049430934</mytracks:speed><mytracks:length>0.1250717696012228</mytracks:length></extensions></trkpt><trkpt lat="33.59431049305837" lon="130.3478276870511"><ele>4.726063915528357</ele><time>2026-01-01T09:42:42.99900Z</time><extensions><mytracks:speed>2.827145982299789</mytracks:speed><mytracks:length>0.2409550439490281</mytracks:length></extensions></trkpt><trkpt lat="33.59431591519439" lon="130.3478929333875"><ele>4.70504134800142</ele><time>2026-01-01T09:42:47.99600Z</time><extensions><mytracks:speed>4.375875861850568</mytracks:speed><mytracks:length>0.006073633616211003</mytracks:length></extensions></trkpt><trkpt lat="33.59431205807221" lon="130.3479603404862"><ele>4.872780288568632</ele><time>2026-01-01T09:42:52.99300Z</time><extensions><mytracks:speed>4.508920201741667</mytracks:speed><mytracks:gradient>0.02680163675677314</mytracks:gradient><mytracks:length>0.006258533465304938</mytracks:length></extensions></trkpt><trkpt lat="33.59431220678375" lon="130.3480241590503"><ele>4.765509235841159</ele><time>2026-01-01T09:42:58.00300Z</time><extensions><mytracks:speed>4.246385160567925</mytracks:speed><mytracks:length>0.005910437129383162</mytracks:length></extensions></trkpt><trkpt lat="33.59431412126161" lon="130.3480868793044"><ele>4.883332829862539</ele><time>2026-01-01T09:43:03.00000Z</time><extensions><mytracks:speed>4.187725421133639</mytracks:speed><mytracks:gradient>0.02027238087737284</mytracks:gradient><mytracks:length>0.005812025471210919</mytracks:length></extensions></trkpt><trkpt lat="33.59430999202487" lon="130.3481585125822"><ele>4.816471106125617</ele><time>2026-01-01T09:43:08.50000Z</time><extensions><mytracks:speed>4.352647660866374</mytracks:speed><mytracks:length>0.006650215928455492</mytracks:length></extensions></trkpt><trkpt lat="33.59430272861545" lon="130.348217534394"><ele>4.335261157366832</ele><time>2026-01-01T09:43:13.49700Z</time><extensions><mytracks:speed>3.981268126799183</mytracks:speed><mytracks:length>0.005525854159317117</mytracks:length></extensions></trkpt><trkpt lat="33.59430562200034" lon="130.3482878506668"><ele>4.17366504526582</ele><time>2026-01-01T09:43:19.00200Z</time><extensions><mytracks:speed>4.264142324020129</mytracks:speed><mytracks:length>0.006520887175369844</mytracks:length></extensions></trkpt><trkpt lat="33.59430949464487" lon="130.3483506886838"><ele>4.013510777392441</ele><time>2026-01-01T09:43:24.00000Z</time><extensions><mytracks:speed>4.20326807642795</mytracks:speed><mytracks:length>0.005836011832818817</mytracks:length></extensions></trkpt><trkpt lat="33.5943109805869" lon="130.348405505463"><ele>3.911645037955136</ele><time>2026-01-01T09:43:28.99500Z</time><extensions><mytracks:speed>3.661559272162046</mytracks:speed><mytracks:length>0.005079703831927357</mytracks:length></extensions></trkpt><trkpt lat="33.59431816594661" lon="130.3484688406603"><ele>4.033707144224506</ele><time>2026-01-01T09:43:33.99900Z</time><extensions><mytracks:speed>4.258079045982143</mytracks:speed><mytracks:gradient>0.02062006423273759</mytracks:gradient><mytracks:length>0.005919579342317309</mytracks:length></extensions></trkpt><trkpt lat="33.5943263861223" lon="130.3485270761337"><ele>3.873296832737385</ele><time>2026-01-01T09:43:39.00900Z</time><extensions><mytracks:speed>3.931518194628612</mytracks:speed><mytracks:length>0.005470942566546401</mytracks:length></extensions></trkpt><trkpt lat="33.59432699192831" lon="130.3485881423201"><ele>4.249385521082665</ele><time>2026-01-01T09:43:43.99300Z</time><extensions><mytracks:speed>4.085606713440654</mytracks:speed><mytracks:gradient>0.06648878195729084</mytracks:gradient><mytracks:length>0.005656423193116413</mytracks:length></extensions></trkpt><trkpt lat="33.59432325251265" lon="130.3486488758342"><ele>3.964295852353617</ele><time>2026-01-01T09:43:49.00100Z</time><extensions><mytracks:speed>4.055033031609441</mytracks:speed><mytracks:length>0.005640467101546412</mytracks:length></extensions></trkpt><trkpt lat="33.59432819439134" lon="130.3487108591228"><ele>4.093200759875375</ele><time>2026-01-01T09:43:54.00100Z</time><extensions><mytracks:speed>4.151884121915209</mytracks:speed><mytracks:gradient>0.02235262595341675</mytracks:gradient><mytracks:length>0.005766879819418</mytracks:length></extensions></trkpt><trkpt lat="33.59433401093707" lon="130.3487687562097"><ele>3.997239526300453</ele><time>2026-01-01T09:43:58.99600Z</time><extensions><mytracks:speed>3.892238724705908</mytracks:speed><mytracks:length>0.005400475178024454</mytracks:length></extensions></trkpt><trkpt lat="33.59433432357407" lon="130.3488324552407"><ele>3.679813535010137</ele><time>2026-01-01T09:44:03.99800Z</time><extensions><mytracks:speed>4.245976019453776</mytracks:speed><mytracks:length>0.005898989438742254</mytracks:length></extensions></trkpt><trkpt lat="33.59432757145451" lon="130.3488921846093"><ele>3.996774538854133</ele><time>2026-01-01T09:44:08.99600Z</time><extensions><mytracks:speed>4.020910498788015</mytracks:speed><mytracks:gradient>0.05677610839461601</mytracks:gradient><mytracks:length>0.00558264757494461</mytracks:length></extensions></trkpt><trkpt lat="33.59432556454141" lon="130.3489540695011"><ele>4.333520950908737</ele><time>2026-01-01T09:44:14.00700Z</time><extensions><mytracks:speed>4.121121390699972</mytracks:speed><mytracks:gradient>0.05870422281888785</mytracks:gradient><mytracks:length>0.005736323485510095</mytracks:length></extensions></trkpt><trkpt lat="33.59433135898156" lon="130.3490179872523"><ele>4.143708586445962</ele><time>2026-01-01T09:44:18.99400Z</time><extensions><mytracks:speed>4.29905508076814</mytracks:speed><mytracks:length>0.005955251211962841</mytracks:length></extensions></trkpt><trkpt lat="33.59433837602701" lon="130.3490743729082"><ele>3.843247035125227</ele><time>2026-01-01T09:44:23.99600Z</time><extensions><mytracks:speed>3.800452629671585</mytracks:speed><mytracks:length>0.005280655945512184</mytracks:length></extensions></trkpt><trkpt lat="33.59433616757213" lon="130.3491367907053"><ele>3.93685010579012</ele><time>2026-01-01T09:44:28.99400Z</time><extensions><mytracks:speed>4.168074958620673</mytracks:speed><mytracks:gradient>0.01617644066936163</mytracks:gradient><mytracks:length>0.005786382343192331</mytracks:length></extensions></trkpt><trkpt lat="33.5943386995768" lon="130.3491957807421"><ele>4.114792006588457</ele><time>2026-01-01T09:44:33.99600Z</time><extensions><mytracks:speed>3.936780389654895</mytracks:speed><mytracks:gradient>0.03252980543936952</mytracks:gradient><mytracks:length>0.005470118815496554</mytracks:length></extensions></trkpt><trkpt lat="33.59433894656025" lon="130.349246328491"><ele>3.991863735397852</ele><time>2026-01-01T09:44:38.99300Z</time><extensions><mytracks:speed>3.373303172518915</mytracks:speed><mytracks:length>0.004682726276021559</mytracks:length></extensions></trkpt><trkpt lat="33.59434652208006" lon="130.3492960716904"><ele>4.053337093162267</ele><time>2026-01-01T09:44:43.99900Z</time><extensions><mytracks:speed>3.368190343643719</mytracks:speed><mytracks:gradient>0.01312498847726564</mytracks:gradient><mytracks:length>0.004683688513014356</mytracks:length></extensions></trkpt><trkpt lat="33.59435273476142" lon="130.3493426652806"><ele>4.174830429599472</ele><time>2026-01-01T09:44:49.00100Z</time><extensions><mytracks:speed>3.146214596399986</mytracks:speed><mytracks:gradient>0.02779436845918693</mytracks:gradient><mytracks:length>0.00437114937925664</mytracks:length></extensions></trkpt><trkpt lat="33.59435426058457" lon="130.3493872994003"><ele>3.897776148502087</ele><time>2026-01-01T09:44:53.99400Z</time><extensions><mytracks:speed>2.983656341629514</mytracks:speed><mytracks:length>0.004138133700087386</mytracks:length></extensions></trkpt><trkpt lat="33.59435443666863" lon="130.3494202199849"><ele>3.899169286656138</ele><time>2026-01-01T09:44:59.00100Z</time><extensions><mytracks:speed>2.191441508605152</mytracks:speed><mytracks:gradient>0.0004570220310254207</mytracks:gradient><mytracks:length>0.003048295398200565</mytracks:length></extensions></trkpt><trkpt lat="33.59434911679472" lon="130.3494233537689"><ele>4.013796842088484</ele><time>2026-01-01T09:45:03.99700Z</time><extensions><mytracks:speed>0.4789001993618818</mytracks:speed><mytracks:gradient>0.1724897420939009</mytracks:gradient><mytracks:length>0.0006645470857620243</mytracks:length></extensions></trkpt><trkpt lat="33.59435390360017" lon="130.3494287718517"><ele>4.397629971718821</ele><time>2026-01-01T09:45:09.00300Z</time><extensions><mytracks:speed>0.5243348146162925</mytracks:speed><mytracks:gradient>0.5263670964916518</mytracks:gradient><mytracks:length>0.0007292118602942069</mytracks:length></extensions></trkpt><trkpt lat="33.59435288089988" lon="130.3494284574734"><ele>4.421011634221331</ele><time>2026-01-01T09:45:14.50200Z</time><extensions><mytracks:speed>0.213341032478922</mytracks:speed><mytracks:gradient>0.6541262833639194</mytracks:gradient><mytracks:length>0</mytracks:length></extensions></trkpt><trkpt lat="33.59434996180207" lon="130.3494405429486"><ele>4.46124545764178</ele><time>2026-01-01T09:45:28.00000Z</time><extensions><mytracks:speed>0.311129853744264</mytracks:speed><mytracks:gradient>0.03448856416242879</mytracks:gradient><mytracks:length>0.001166584472202496</mytracks:length></extensions></trkpt><trkpt lat="33.5943573334524" lon="130.3494846882086"><ele>4.248521334578951</ele><time>2026-01-01T09:45:33.00400Z</time><extensions><mytracks:speed>2.999857023782759</mytracks:speed><mytracks:length>0.004169594600557213</mytracks:length></extensions></trkpt><trkpt lat="33.59437114778694" lon="130.3497093875777"><ele>3.580921787768602</ele><time>2026-01-01T09:45:58.00000Z</time><extensions><mytracks:speed>3.005611903000151</mytracks:speed><mytracks:length>0.02086892932742023</mytracks:length></extensions></trkpt><trkpt lat="33.59438675465314" lon="130.3497470589384"><ele>3.569270824866435</ele><time>2026-01-01T09:46:03.00400Z</time><extensions><mytracks:speed>2.8031991805663</mytracks:speed><mytracks:length>0.003896975455121781</mytracks:length></extensions></trkpt><trkpt lat="33.59438837084581" lon="130.3497910478112"><ele>3.323419863322465</ele><time>2026-01-01T09:46:07.99500Z</time><extensions><mytracks:speed>2.940921595616882</mytracks:speed><mytracks:length>0.004076694582011857</mytracks:length></extensions></trkpt><trkpt lat="33.59439321420039" lon="130.3498386420546"><ele>3.834724383609643</ele><time>2026-01-01T09:46:13.00000Z</time><extensions><mytracks:speed>3.194170786756446</mytracks:speed><mytracks:gradient>0.1151405383108209</mytracks:gradient><mytracks:length>0.004440699407769968</mytracks:length></extensions></trkpt><trkpt lat="33.59439552110628" lon="130.3498828571777"><ele>4.059144207372625</ele><time>2026-01-01T09:46:17.99400Z</time><extensions><mytracks:speed>2.957256724760035</mytracks:speed><mytracks:gradient>0.05469467715989949</mytracks:gradient><mytracks:length>0.004103138283582738</mytracks:length></extensions></trkpt><trkpt lat="33.59439301825797" lon="130.3499243292301"><ele>3.96207300564176</ele><time>2026-01-01T09:46:23.00700Z</time><extensions><mytracks:speed>2.766112108590345</mytracks:speed><mytracks:length>0.003851612905864988</mytracks:length></extensions></trkpt><trkpt lat="33.59439805698214" lon="130.3499727153673"><ele>3.876510496557518</ele><time>2026-01-01T09:46:27.99900Z</time><extensions><mytracks:speed>3.256979791138949</mytracks:speed><mytracks:length>0.004516167018629919</mytracks:length></extensions></trkpt><trkpt lat="33.59440582144176" lon="130.3500153704152"><ele>4.266332693718092</ele><time>2026-01-01T09:46:32.99800Z</time><extensions><mytracks:speed>2.912002013671153</mytracks:speed><mytracks:gradient>0.09640958330696649</mytracks:gradient><mytracks:length>0.004043396763985448</mytracks:length></extensions></trkpt><trkpt lat="33.59441041010697" lon="130.3500600755088"><ele>4.657281488287691</ele><time>2026-01-01T09:46:37.99500Z</time><extensions><mytracks:speed>3.005056669574897</mytracks:speed><mytracks:gradient>0.0937132551988851</mytracks:gradient><mytracks:length>0.004171755572249608</mytracks:length></extensions></trkpt><trkpt lat="33.59441333972622" lon="130.3501021841797"><ele>4.661657543007293</ele><time>2026-01-01T09:46:43.00400Z</time><extensions><mytracks:speed>2.814040314965111</mytracks:speed><mytracks:gradient>0.001117642400114709</mytracks:gradient><mytracks:length>0.003915433701471642</mytracks:length></extensions></trkpt><trkpt lat="33.59440621667409" lon="130.350147128822"><ele>4.96541613601717</ele><time>2026-01-01T09:46:48.00100Z</time><extensions><mytracks:speed>3.053545903974817</mytracks:speed><mytracks:gradient>0.07167161741999345</mytracks:gradient><mytracks:length>0.004238199219502206</mytracks:length></extensions></trkpt><trkpt lat="33.59441104243885" lon="130.3501907018318"><ele>4.869052779452509</ele><time>2026-01-01T09:46:53.00300Z</time><extensions><mytracks:speed>2.930101301218008</mytracks:speed><mytracks:length>0.00407116385828492</mytracks:length></extensions></trkpt><trkpt lat="33.59440861889817" lon="130.3502308399614"><ele>4.747490947324706</ele><time>2026-01-01T09:46:57.99500Z</time><extensions><mytracks:speed>2.688433848530837</mytracks:speed><mytracks:length>0.003727948504665363</mytracks:length></extensions></trkpt><trkpt lat="33.59441465958688" lon="130.35027741299"><ele>5.218614843004412</ele><time>2026-01-01T09:47:03.00300Z</time><extensions><mytracks:speed>3.138636305024435</mytracks:speed><mytracks:gradient>0.107907648550357</mytracks:gradient><mytracks:length>0.004365991679077761</mytracks:length></extensions></trkpt><trkpt lat="33.59442650719454" lon="130.3505135696251"><ele>4.38071268517524</ele><time>2026-01-01T09:47:28.00000Z</time><extensions><mytracks:speed>3.155815303427534</mytracks:speed><mytracks:length>0.02191299171718043</mytracks:length></extensions></trkpt><trkpt lat="33.59444032519615" lon="130.3505653516947"><ele>4.802527784298094</ele><time>2026-01-01T09:47:32.99600Z</time><extensions><mytracks:speed>3.629512790027967</mytracks:speed><mytracks:gradient>0.08374428984741265</mytracks:gradient><mytracks:length>0.005036941621827924</mytracks:length></extensions></trkpt><trkpt lat="33.594439581572" lon="130.3506163808746"><ele>4.693701448806838</ele><time>2026-01-01T09:47:37.99400Z</time><extensions><mytracks:speed>3.405316190420479</mytracks:speed><mytracks:length>0.004727739711927655</mytracks:length></extensions></trkpt><trkpt lat="33.59445755115473" lon="130.3506767819154"><ele>5.316994854795263</ele><time>2026-01-01T09:47:42.99500Z</time><extensions><mytracks:speed>4.276132448159907</mytracks:speed><mytracks:gradient>0.1049298208471371</mytracks:gradient><mytracks:length>0.005940097876431582</mytracks:length></extensions></trkpt><trkpt lat="33.59447007421093" lon="130.3507331047112"><ele>5.453813707782918</ele><time>2026-01-01T09:47:47.99600Z</time><extensions><mytracks:speed>3.886035961640825</mytracks:speed><mytracks:gradient>0.02534242790188523</mytracks:gradient><mytracks:length>0.005398806046419751</mytracks:length></extensions></trkpt><trkpt lat="33.59446924822292" lon="130.3507920827751"><ele>5.362853600987624</ele><time>2026-01-01T09:47:52.98900Z</time><extensions><mytracks:speed>3.939170560624873</mytracks:speed><mytracks:length>0.005462699466239231</mytracks:length></extensions></trkpt><trkpt lat="33.5944827783289" lon="130.3508471776804"><ele>5.433228278763729</ele><time>2026-01-01T09:47:58.00000Z</time><extensions><mytracks:speed>3.821241975607069</mytracks:speed><mytracks:gradient>0.01322890438520809</mytracks:gradient><mytracks:length>0.005319766151972128</mytracks:length></extensions></trkpt><trkpt lat="33.59450068772534" lon="130.3508974611648"><ele>5.428233007234042</ele><time>2026-01-01T09:48:02.99800Z</time><extensions><mytracks:speed>3.648022023087002</mytracks:speed><mytracks:length>0.005064600175383962</mytracks:length></extensions></trkpt><trkpt lat="33.59451587187936" lon="130.3509577765998"><ele>5.809402044395211</ele><time>2026-01-01T09:48:07.98700Z</time><extensions><mytracks:speed>4.211206659607186</mytracks:speed><mytracks:gradient>0.06531327352999265</mytracks:gradient><mytracks:length>0.005836011832818817</mytracks:length></extensions></trkpt><trkpt lat="33.5945395463138" lon="130.3510114584558"><ele>6.160867025572261</ele><time>2026-01-01T09:48:12.98800Z</time><extensions><mytracks:speed>4.049871608865726</mytracks:speed><mytracks:gradient>0.06247080299808627</mytracks:gradient><mytracks:length>0.005626067927889715</mytracks:length></extensions></trkpt><trkpt lat="33.59455604399899" lon="130.3510639023525"><ele>6.642516268656933</ele><time>2026-01-01T09:48:17.99900Z</time><extensions><mytracks:speed>3.731029029427817</mytracks:speed><mytracks:gradient>0.09275180494394335</mytracks:gradient><mytracks:length>0.005192882697816686</mytracks:length></extensions></trkpt><trkpt lat="33.5945480259665" lon="130.3511186170504"><ele>7.047223926880842</ele><time>2026-01-01T09:48:23.00500Z</time><extensions><mytracks:speed>3.69939244840904</mytracks:speed><mytracks:gradient>0.07867480571681675</mytracks:gradient><mytracks:length>0.005144056658755791</mytracks:length></extensions></trkpt><trkpt lat="33.59453136598072" lon="130.3511658074238"><ele>6.455534706922712</ele><time>2026-01-01T09:48:27.99800Z</time><extensions><mytracks:speed>3.422026355242832</mytracks:speed><mytracks:length>0.004746764898300281</mytracks:length></extensions></trkpt><trkpt lat="33.59449100907877" lon="130.3512185098764"><ele>5.615134015826467</ele><time>2026-01-01T09:48:32.99900Z</time><extensions><mytracks:speed>4.773422564648323</mytracks:speed><mytracks:length>0.006630535670810179</mytracks:length></extensions></trkpt><trkpt lat="33.59446465986998" lon="130.3512690333811"><ele>6.260276985116995</ele><time>2026-01-01T09:48:38.00400Z</time><extensions><mytracks:speed>3.970690518619103</mytracks:speed><mytracks:gradient>0.1168707054538743</mytracks:gradient><mytracks:length>0.005520142680623666</mytracks:length></extensions></trkpt><trkpt lat="33.59444020493393" lon="130.3513022912111"><ele>6.020175851192263</ele><time>2026-01-01T09:48:43.00100Z</time><extensions><mytracks:speed>2.960935840741459</mytracks:speed><mytracks:length>0.004109722623122109</mytracks:length></extensions></trkpt><trkpt lat="33.59443018566191" lon="130.3512725443152"><ele>6.278214668831509</ele><time>2026-01-01T09:48:47.99700Z</time><extensions><mytracks:speed>2.142467473299813</mytracks:speed><mytracks:gradient>0.08678063461381956</mytracks:gradient><mytracks:length>0.002973460827839511</mytracks:length></extensions></trkpt><trkpt lat="33.59443087279497" lon="130.3512363862337"><ele>6.957130229276941</ele><time>2026-01-01T09:48:53.00600Z</time><extensions><mytracks:speed>2.407423515035707</mytracks:speed><mytracks:gradient>0.2026764874912564</mytracks:gradient><mytracks:length>0.003349749982590956</mytracks:length></extensions></trkpt><trkpt lat="33.59443234695633" lon="130.3511993989728"><ele>6.77323411819315</ele><time>2026-01-01T09:48:58.01200Z</time><extensions><mytracks:speed>2.467052740125224</mytracks:speed><mytracks:length>0.003430830847573464</mytracks:length></extensions></trkpt><trkpt lat="33.59443943159464" lon="130.3511722008791"><ele>7.199175159935147</ele><time>2026-01-01T09:49:03.00200Z</time><extensions><mytracks:speed>1.904420607792738</mytracks:speed><mytracks:gradient>0.1613734277349086</mytracks:gradient><mytracks:length>0.002639474464418637</mytracks:length></extensions></trkpt><trkpt lat="33.5944017608624" lon="130.3511607519648"><ele>6.381664825924997</ele><time>2026-01-01T09:49:08.00300Z</time><extensions><mytracks:speed>3.11004349892325</mytracks:speed><mytracks:length>0.004320338420376451</mytracks:length></extensions></trkpt><trkpt lat="33.5943421090235" lon="130.3511819969573"><ele>6.074904413230955</ele><time>2026-01-01T09:49:12.99900Z</time><extensions><mytracks:speed>4.985021367767753</mytracks:speed><mytracks:length>0.006918562499409899</mytracks:length></extensions></trkpt><trkpt lat="33.59428951309318" lon="130.3512049916994"><ele>6.426527658474445</ele><time>2026-01-01T09:49:18.00300Z</time><extensions><mytracks:speed>4.477715540646497</mytracks:speed><mytracks:gradient>0.05650243745112644</mytracks:gradient><mytracks:length>0.006223151798497846</mytracks:length></extensions></trkpt><trkpt lat="33.59423364389496" lon="130.3512254848605"><ele>6.362593656631458</ele><time>2026-01-01T09:49:23.50000Z</time><extensions><mytracks:speed>4.25324016790079</mytracks:speed><mytracks:length>0.006495267450560198</mytracks:length></extensions></trkpt><trkpt lat="33.59418231014483" lon="130.3512663492838"><ele>6.645773244729519</ele><time>2026-01-01T09:49:28.49100Z</time><extensions><mytracks:speed>4.940291854222639</mytracks:speed><mytracks:gradient>0.04134508232038678</mytracks:gradient><mytracks:length>0.00684917219183837</mytracks:length></extensions></trkpt><trkpt lat="33.59412459948986" lon="130.3512992284995"><ele>6.624846786825454</ele><time>2026-01-01T09:49:34.50000Z</time><extensions><mytracks:speed>4.255870788888087</mytracks:speed><mytracks:length>0.007103038438429783</mytracks:length></extensions></trkpt><trkpt lat="33.59406909288921" lon="130.351332191235"><ele>6.328514763999954</ele><time>2026-01-01T09:49:39.99900Z</time><extensions><mytracks:speed>4.507505594650027</mytracks:speed><mytracks:length>0.006885918349664493</mytracks:length></extensions></trkpt><trkpt lat="33.59401622201199" lon="130.3513398368824"><ele>6.298456768768651</ele><time>2026-01-01T09:49:44.99600Z</time><extensions><mytracks:speed>4.26565508348078</mytracks:speed><mytracks:length>0.00592110167212062</mytracks:length></extensions></trkpt><trkpt lat="33.59396311398656" lon="130.3513418455348"><ele>6.609593136516938</ele><time>2026-01-01T09:49:49.99800Z</time><extensions><mytracks:speed>4.251701916638557</mytracks:speed><mytracks:gradient>0.05266903790414417</mytracks:gradient><mytracks:length>0.005907386580984141</mytracks:length></extensions></trkpt><trkpt lat="33.59391101153162" lon="130.3513432369212"><ele>6.541936385062697</ele><time>2026-01-01T09:49:54.99800Z</time><extensions><mytracks:speed>4.172241336377096</mytracks:speed><mytracks:length>0.005794942660666006</mytracks:length></extensions></trkpt><trkpt lat="33.59388573591148" lon="130.3513470579301"><ele>5.644384245259391</ele><time>2026-01-01T09:49:59.99900Z</time><extensions><mytracks:speed>2.039038514353676</mytracks:speed><mytracks:length>0.00283219219190818</mytracks:length></extensions></trkpt><trkpt lat="33.59385868084578" lon="130.3513469487441"><ele>4.9338129154416</ele><time>2026-01-01T09:50:05.00000Z</time><extensions><mytracks:speed>2.165096139787283</mytracks:speed><mytracks:length>0.003008115962374722</mytracks:length></extensions></trkpt><trkpt lat="33.59380834245974" lon="130.3513572005883"><ele>5.087815193115164</ele><time>2026-01-01T09:50:10.01100Z</time><extensions><mytracks:speed>4.079241106121813</mytracks:speed><mytracks:gradient>0.02712693152731094</mytracks:gradient><mytracks:length>0.005677099067342629</mytracks:length></extensions></trkpt><trkpt lat="33.59375625502057" lon="130.3513688062142"><ele>5.796831531491623</ele><time>2026-01-01T09:50:14.99800Z</time><extensions><mytracks:speed>4.251589989446495</mytracks:speed><mytracks:gradient>0.1203644291583767</mytracks:gradient><mytracks:length>0.00589058032621522</mytracks:length></extensions></trkpt><trkpt lat="33.59372924847408" lon="130.3513309014222"><ele>5.709268471837451</ele><time>2026-01-01T09:50:20.00300Z</time><extensions><mytracks:speed>3.323022473304476</mytracks:speed><mytracks:length>0.00461975098616252</mytracks:length></extensions></trkpt><trkpt lat="33.59371842919378" lon="130.3512701050458"><ele>5.43313108546169</ele><time>2026-01-01T09:50:25.00200Z</time><extensions><mytracks:speed>4.146293812974739</mytracks:speed><mytracks:length>0.005757495143029809</mytracks:length></extensions></trkpt><trkpt lat="33.59369025668177" lon="130.3512253148185"><ele>5.909701988263872</ele><time>2026-01-01T09:50:29.99300Z</time><extensions><mytracks:speed>3.749335453180596</mytracks:speed><mytracks:gradient>0.09168198144185301</mytracks:gradient><mytracks:length>0.005198086857497022</mytracks:length></extensions></trkpt><trkpt lat="33.59364654069635" lon="130.3512411825347"><ele>6.79322726877859</ele><time>2026-01-01T09:50:34.98100Z</time><extensions><mytracks:speed>3.66576445011897</mytracks:speed><mytracks:gradient>0.17396282358062</mytracks:gradient><mytracks:length>0.005078816624893793</mytracks:length></extensions></trkpt><trkpt lat="33.59359379788972" lon="130.3512468903756"><ele>6.548328803285349</ele><time>2026-01-01T09:50:39.98700Z</time><extensions><mytracks:speed>4.234554463093779</mytracks:speed><mytracks:length>0.005888284847660999</mytracks:length></extensions></trkpt><trkpt lat="33.59353519747452" lon="130.3512507388064"><ele>7.074954220869982</ele><time>2026-01-01T09:50:44.97700Z</time><extensions><mytracks:speed>4.70854257180248</mytracks:speed><mytracks:gradient>0.08069139804462087</mytracks:gradient><mytracks:length>0.006526413351933976</mytracks:length></extensions></trkpt><trkpt lat="33.59347857287182" lon="130.351258573792"><ele>7.688555400702307</ele><time>2026-01-01T09:50:49.98300Z</time><extensions><mytracks:speed>4.557235833932697</mytracks:speed><mytracks:gradient>0.09681377422202044</mytracks:gradient><mytracks:length>0.00633795330016956</mytracks:length></extensions></trkpt><trkpt lat="33.59342590816012" lon="130.3512616156856"><ele>8.314535567803308</ele><time>2026-01-01T09:50:55.00800Z</time><extensions><mytracks:speed>4.20044663563606</mytracks:speed><mytracks:gradient>0.1067683451675598</mytracks:gradient><mytracks:length>0.005862975267796853</mytracks:length></extensions></trkpt><trkpt lat="33.59337995870067" lon="130.3512884974703"><ele>7.694274192298851</ele><time>2026-01-01T09:51:00.01300Z</time><extensions><mytracks:speed>4.089087586793845</mytracks:speed><mytracks:length>0.005684238578527612</mytracks:length></extensions></trkpt><trkpt lat="33.59332780514946" lon="130.3513190028543"><ele>7.520589332004036</ele><time>2026-01-01T09:51:05.01100Z</time><extensions><mytracks:speed>4.64685982426053</mytracks:speed><mytracks:length>0.006451410580168755</mytracks:length></extensions></trkpt><trkpt lat="33.59328706087143" lon="130.3513680597737"><ele>7.696413618588502</ele><time>2026-01-01T09:51:09.99400Z</time><extensions><mytracks:speed>4.63550515192163</mytracks:speed><mytracks:gradient>0.02739936936716597</mytracks:gradient><mytracks:length>0.006417092460352936</mytracks:length></extensions></trkpt><trkpt lat="33.59325176373036" lon="130.3514216655743"><ele>8.080225135737667</ele><time>2026-01-01T09:51:14.98700Z</time><extensions><mytracks:speed>4.56379536133938</mytracks:speed><mytracks:gradient>0.06063933111297929</mytracks:gradient><mytracks:length>0.006329415415781419</mytracks:length></extensions></trkpt><trkpt lat="33.59321929458945" lon="130.3514736353404"><ele>7.52841686276979</ele><time>2026-01-01T09:51:19.99800Z</time><extensions><mytracks:speed>4.322951297925673</mytracks:speed><mytracks:length>0.006017729804002186</mytracks:length></extensions></trkpt><trkpt lat="33.59317478557734" lon="130.3515055344992"><ele>6.637595917729601</ele><time>2026-01-01T09:51:25.00900Z</time><extensions><mytracks:speed>4.140024333732654</mytracks:speed><mytracks:length>0.005762971394828462</mytracks:length></extensions></trkpt><trkpt lat="33.59311368061612" lon="130.3515363942309"><ele>6.935644127656668</ele><time>2026-01-01T09:51:30.50600Z</time><extensions><mytracks:speed>4.827233118373089</mytracks:speed><mytracks:gradient>0.04043637152744643</mytracks:gradient><mytracks:length>0.007370795120050903</mytracks:length></extensions></trkpt><trkpt lat="33.5930592589047" lon="130.3515625758153"><ele>7.152160612289979</ele><time>2026-01-01T09:51:35.50600Z</time><extensions><mytracks:speed>4.694065115681775</mytracks:speed><mytracks:gradient>0.03321409327098326</mytracks:gradient><mytracks:length>0.006518813651386518</mytracks:length></extensions></trkpt><trkpt lat="33.59301479387832" lon="130.351604220931"><ele>7.689782604712059</ele><time>2026-01-01T09:51:40.50500Z</time><extensions><mytracks:speed>4.516343558435039</mytracks:speed><mytracks:gradient>0.08572489014604361</mytracks:gradient><mytracks:length>0.006271480680887086</mytracks:length></extensions></trkpt><trkpt lat="33.59296066328248" lon="130.351637315981"><ele>7.813011094235467</ele><time>2026-01-01T09:51:46.00300Z</time><extensions><mytracks:speed>4.422718657400888</mytracks:speed><mytracks:gradient>0.01824229370248079</mytracks:gradient><mytracks:length>0.006755098428584654</mytracks:length></extensions></trkpt><trkpt lat="33.5929073494649" lon="130.3516502773423"><ele>8.013539635164218</ele><time>2026-01-01T09:51:51.00500Z</time><extensions><mytracks:speed>4.352531816687923</mytracks:speed><mytracks:gradient>0.03315831512974414</mytracks:gradient><mytracks:length>0.006047609480279955</mytracks:length></extensions></trkpt><trkpt lat="33.59286249678788" lon="130.3516329803917"><ele>7.403709151852079</ele><time>2026-01-01T09:51:56.00400Z</time><extensions><mytracks:speed>3.771879793191021</mytracks:speed><mytracks:length>0.005236953213852358</mytracks:length></extensions></trkpt><trkpt lat="33.59282520036995" lon="130.3516254012736"><ele>7.232602351966076</ele><time>2026-01-01T09:52:00.99100Z</time><extensions><mytracks:speed>3.036066382804877</mytracks:speed><mytracks:length>0.004206180131686264</mytracks:length></extensions></trkpt><trkpt lat="33.59276647710842" lon="130.3516361068022"><ele>7.435477966525153</ele><time>2026-01-01T09:52:05.99400Z</time><extensions><mytracks:speed>4.75290883430436</mytracks:speed><mytracks:gradient>0.03071704611927148</mytracks:gradient><mytracks:length>0.006604658982225362</mytracks:length></extensions></trkpt><trkpt lat="33.59271342876402" lon="130.3516577295452"><ele>7.12410828644641</ele><time>2026-01-01T09:52:11.00100Z</time><extensions><mytracks:speed>4.478987717175573</mytracks:speed><mytracks:length>0.006229665537117224</mytracks:length></extensions></trkpt><trkpt lat="33.59266170786906" lon="130.3516854219295"><ele>6.46506130812559</ele><time>2026-01-01T09:52:15.99500Z</time><extensions><mytracks:speed>4.539295446462738</mytracks:speed><mytracks:length>0.006297295254276727</mytracks:length></extensions></trkpt><trkpt lat="33.59265798415603" lon="130.3517455516884"><ele>6.182296665181301</ele><time>2026-01-01T09:52:20.98100Z</time><extensions><mytracks:speed>4.032898040413334</mytracks:speed><mytracks:length>0.005585068672669533</mytracks:length></extensions></trkpt><trkpt lat="33.59265783595371" lon="130.3517919373523"><ele>6.309314508171536</ele><time>2026-01-01T09:52:25.98700Z</time><extensions><mytracks:speed>3.089336191415322</mytracks:speed><mytracks:gradient>0.02956460216667919</mytracks:gradient><mytracks:length>0.004296281149806575</mytracks:length></extensions></trkpt><trkpt lat="33.59263683652774" lon="130.3518403319902"><ele>6.925215713885346</ele><time>2026-01-01T09:52:30.98600Z</time><extensions><mytracks:speed>3.640235315184542</mytracks:speed><mytracks:gradient>0.1218447454105568</mytracks:gradient><mytracks:length>0.005054803172993031</mytracks:length></extensions></trkpt><trkpt lat="33.59261549928453" lon="130.3518876174518"><ele>7.624049426317123</ele><time>2026-01-01T09:52:35.99500Z</time><extensions><mytracks:speed>3.579479947300891</mytracks:speed><mytracks:gradient>0.1403207557270127</mytracks:gradient><mytracks:length>0.004980259041587008</mytracks:length></extensions></trkpt><trkpt lat="33.59257297677452" lon="130.3519233416754"><ele>8.098057898194313</ele><time>2026-01-01T09:52:41.01700Z</time><extensions><mytracks:speed>4.135801382615262</mytracks:speed><mytracks:gradient>0.08215044881058407</mytracks:gradient><mytracks:length>0.005770004652927948</mytracks:length></extensions></trkpt><trkpt lat="33.59252991475185" lon="130.3519417029607"><ele>7.816730180727066</ele><time>2026-01-01T09:52:46.00700Z</time><extensions><mytracks:speed>3.665827909928148</mytracks:speed><mytracks:length>0.005080590884030849</mytracks:length></extensions></trkpt><trkpt lat="33.59247539629506" lon="130.3519648985354"><ele>8.066963784117348</ele><time>2026-01-01T09:52:51.00200Z</time><extensions><mytracks:speed>4.635159566246131</mytracks:speed><mytracks:gradient>0.03890978966854874</mytracks:gradient><mytracks:length>0.006431121975263445</mytracks:length></extensions></trkpt><trkpt lat="33.59242802224492" lon="130.3520006945062"><ele>7.188593695935747</ele><time>2026-01-01T09:52:55.99800Z</time><extensions><mytracks:speed>4.484742671524035</mytracks:speed><mytracks:length>0.006223875883880306</mytracks:length></extensions></trkpt><trkpt lat="33.59238620454061" lon="130.3520376630431"><ele>7.727432411403393</ele><time>2026-01-01T09:53:00.99800Z</time><extensions><mytracks:speed>4.156827274465755</mytracks:speed><mytracks:gradient>0.09332304669888881</mytracks:gradient><mytracks:length>0.005773908316626585</mytracks:length></extensions></trkpt><trkpt lat="33.59234487593324" lon="130.3520783485341"><ele>8.391578791847692</ele><time>2026-01-01T09:53:06.00800Z</time><extensions><mytracks:speed>4.270379686830915</mytracks:speed><mytracks:gradient>0.1117644992034578</mytracks:gradient><mytracks:length>0.005942373340171978</mytracks:length></extensions></trkpt><trkpt lat="33.59231749365674" lon="130.3521276812592"><ele>8.50411275563895</ele><time>2026-01-01T09:53:11.01400Z</time><extensions><mytracks:speed>3.947577195045467</mytracks:speed><mytracks:gradient>0.02049853218411626</mytracks:gradient><mytracks:length>0.00548985472620605</mytracks:length></extensions></trkpt><trkpt lat="33.59229425636491" lon="130.3521744486949"><ele>8.118779328084312</ele><time>2026-01-01T09:53:16.00100Z</time><extensions><mytracks:speed>3.642227345700969</mytracks:speed><mytracks:length>0.005044987145563561</mytracks:length></extensions></trkpt><trkpt lat="33.59226820120479" lon="130.352226392539"><ele>8.300487696330666</ele><time>2026-01-01T09:53:20.98200Z</time><extensions><mytracks:speed>4.059373356421517</mytracks:speed><mytracks:gradient>0.03234827713884442</mytracks:gradient><mytracks:length>0.005617250262399782</mytracks:length></extensions></trkpt><trkpt lat="33.59223936669738" lon="130.3522793062086"><ele>7.461143389765563</ele><time>2026-01-01T09:53:25.93900Z</time><extensions><mytracks:speed>4.254445854726135</mytracks:speed><mytracks:length>0.005857592510169884</mytracks:length></extensions></trkpt><trkpt lat="33.59220022383847" lon="130.3523510678707"><ele>7.348341977803687</ele><time>2026-01-01T09:53:31.93900Z</time><extensions><mytracks:speed>4.766940989288179</mytracks:speed><mytracks:length>0.007945125955103841</mytracks:length></extensions></trkpt><trkpt lat="33.59218517308661" lon="130.3524202769702"><ele>6.595388152484403</ele><time>2026-01-01T09:53:37.98700Z</time><extensions><mytracks:speed>3.943542666364155</mytracks:speed><mytracks:length>0.006625776505911357</mytracks:length></extensions></trkpt><trkpt lat="33.59219278633838" lon="130.3524871411034"><ele>6.877218722919845</ele><time>2026-01-01T09:53:43.48100Z</time><extensions><mytracks:speed>4.095327788756948</mytracks:speed><mytracks:gradient>0.04509370593242137</mytracks:gradient><mytracks:length>0.006249887087519509</mytracks:length></extensions></trkpt><trkpt lat="33.59216930987034" lon="130.3525540905249"><ele>6.949638731313328</ele><time>2026-01-01T09:53:48.97700Z</time><extensions><mytracks:speed>4.40777088600041</mytracks:speed><mytracks:gradient>0.01076339463844487</mytracks:gradient><mytracks:length>0.00672836134195177</mytracks:length></extensions></trkpt><trkpt lat="33.59213555123224" lon="130.3526219142985"><ele>7.443264970463414</ele><time>2026-01-01T09:53:53.98100Z</time><extensions><mytracks:speed>5.26441872692679</mytracks:speed><mytracks:gradient>0.06744777911264262</mytracks:gradient><mytracks:length>0.007318643336286792</mytracks:length></extensions></trkpt><trkpt lat="33.59212125415499" lon="130.3526886586112"><ele>7.230913040800657</ele><time>2026-01-01T09:53:58.98500Z</time><extensions><mytracks:speed>4.592449083223679</mytracks:speed><mytracks:length>0.006383295820054364</mytracks:length></extensions></trkpt><trkpt lat="33.5921166384703" lon="130.3527179707247"><ele>6.938024469205074</ele><time>2026-01-01T09:54:03.98800Z</time><extensions><mytracks:speed>1.988086860680278</mytracks:speed><mytracks:length>0.002762927079658493</mytracks:length></extensions></trkpt><trkpt lat="33.59211014492673" lon="130.3527676321529"><ele>7.095521107784666</ele><time>2026-01-01T09:54:08.99100Z</time><extensions><mytracks:speed>3.351170838345482</mytracks:speed><mytracks:gradient>0.0338217254527632</mytracks:gradient><mytracks:length>0.004656670718930594</mytracks:length></extensions></trkpt><trkpt lat="33.59211645457452" lon="130.3528241860583"><ele>7.193569236100971</ele><time>2026-01-01T09:54:13.99300Z</time><extensions><mytracks:speed>3.803685109694267</mytracks:speed><mytracks:gradient>0.01855243000322224</mytracks:gradient><mytracks:length>0.005284921074989924</mytracks:length></extensions></trkpt><trkpt lat="33.59211617719935" lon="130.3529045887416"><ele>7.270726747061045</ele><time>2026-01-01T09:54:22.91100Z</time><extensions><mytracks:speed>3.006291015042844</mytracks:speed><mytracks:gradient>0.01036028602325192</mytracks:gradient><mytracks:length>0.007447430581251031</mytracks:length></extensions></trkpt><trkpt lat="33.59210870838898" lon="130.3532828276068"><ele>7.644655330106616</ele><time>2026-01-01T09:55:05.99900Z</time><extensions><mytracks:speed>2.927913823168384</mytracks:speed><mytracks:gradient>0.0106702247326365</mytracks:gradient><mytracks:length>0.03504411504116251</mytracks:length></extensions></trkpt><trkpt lat="33.59211042762203" lon="130.3533136430725"><ele>7.395189159488036</ele><time>2026-01-01T09:55:10.99900Z</time><extensions><mytracks:speed>2.059877576718811</mytracks:speed><mytracks:length>0.002860688974059178</mytracks:length></extensions></trkpt><trkpt lat="33.59212066253468" lon="130.3533501962153"><ele>7.901757684248776</ele><time>2026-01-01T09:55:15.99900Z</time><extensions><mytracks:speed>2.571195749613236</mytracks:speed><mytracks:gradient>0.1418509550006821</mytracks:gradient><mytracks:length>0.003571132282883139</mytracks:length></extensions></trkpt><trkpt lat="33.59212276516672" lon="130.3533536072525"><ele>7.534293538262069</ele><time>2026-01-01T09:55:20.99900Z</time><extensions><mytracks:speed>0.281827366985535</mytracks:speed><mytracks:length>0.0003914282611133176</mytracks:length></extensions></trkpt><trkpt lat="33.59212569201021" lon="130.3533575427456"><ele>7.144887630034231</ele><time>2026-01-01T09:55:25.99900Z</time><extensions><mytracks:speed>0.3485351701747237</mytracks:speed><mytracks:length>0.000484076936857397</mytracks:length></extensions></trkpt><trkpt lat="33.5921255820075" lon="130.3533648832236"><ele>7.253343068266825</ele><time>2026-01-01T09:55:30.99900Z</time><extensions><mytracks:speed>0.488141948808833</mytracks:speed><mytracks:gradient>0.1599699936856112</mytracks:gradient><mytracks:length>0.0006779736357666033</mytracks:length></extensions></trkpt><trkpt lat="33.59212919300145" lon="130.3533750053991"><ele>7.636072854044407</ele><time>2026-01-01T09:55:35.99900Z</time><extensions><mytracks:speed>0.7330114699753479</mytracks:speed><mytracks:gradient>0.3759374786206349</mytracks:gradient><mytracks:length>0.001018067650987789</mytracks:length></extensions></trkpt><trkpt lat="33.59212739893466" lon="130.3533786980655"><ele>7.489348215982319</ele><time>2026-01-01T09:55:41.49900Z</time><extensions><mytracks:speed>0.2485307379348284</mytracks:speed><mytracks:length>0.0003797411918640138</mytracks:length></extensions></trkpt><trkpt lat="33.59213119512619" lon="130.3533761226079"><ele>7.532905655913055</ele><time>2026-01-01T09:55:55.00000Z</time><extensions><mytracks:speed>0.1290810622920843</mytracks:speed><mytracks:gradient>0.08998040727473783</mytracks:gradient><mytracks:length>0.000484076936857397</mytracks:length></extensions></trkpt><trkpt lat="33.59206978476259" lon="130.3534623422373"><ele>7.285290423191198</ele><time>2026-01-01T09:56:06.99700Z</time><extensions><mytracks:speed>3.153151082776428</mytracks:speed><mytracks:length>0.01050784088238515</mytracks:length></extensions></trkpt><trkpt lat="33.5919324223818" lon="130.3536850546933"><ele>7.005263894796371</ele><time>2026-01-01T09:56:35.00000Z</time><extensions><mytracks:speed>3.299840906456645</mytracks:speed><mytracks:length>0.02566784315410884</mytracks:length></extensions></trkpt><trkpt lat="33.59192089624214" lon="130.3537696067147"><ele>7.455476813566732</ele><time>2026-01-01T09:56:40.00000Z</time><extensions><mytracks:speed>5.714015376491883</mytracks:speed><mytracks:gradient>0.05673013105668136</mytracks:gradient><mytracks:length>0.007936045808188507</mytracks:length></extensions></trkpt><trkpt lat="33.59191557270049" lon="130.3538319404991"><ele>7.072817334217813</ele><time>2026-01-01T09:56:45.00000Z</time><extensions><mytracks:speed>4.178554895328679</mytracks:speed><mytracks:length>0.005803490351435561</mytracks:length></extensions></trkpt><trkpt lat="33.59192417602352" lon="130.3538970315746"><ele>7.212490054765563</ele><time>2026-01-01T09:56:49.99900Z</time><extensions><mytracks:speed>4.394907796750028</mytracks:speed><mytracks:gradient>0.02288224537840077</mytracks:gradient><mytracks:length>0.006103977919911248</mytracks:length></extensions></trkpt><trkpt lat="33.59194847799203" lon="130.3539671891157"><ele>7.137702596469503</ele><time>2026-01-01T09:56:54.99900Z</time><extensions><mytracks:speed>5.067432310468929</mytracks:speed><mytracks:length>0.00703802945121869</mytracks:length></extensions></trkpt><trkpt lat="33.59197945281066" lon="130.354034046384"><ele>7.248034272727186</ele><time>2026-01-01T09:56:59.99900Z</time><extensions><mytracks:speed>5.102348604889899</mytracks:speed><mytracks:gradient>0.01556922320012511</mytracks:gradient><mytracks:length>0.007086524153420612</mytracks:length></extensions></trkpt><trkpt lat="33.59199611029197" lon="130.3541027631809"><ele>7.382253395594741</ele><time>2026-01-01T09:57:04.99900Z</time><extensions><mytracks:speed>4.772565915119784</mytracks:speed><mytracks:gradient>0.0202488036221043</mytracks:gradient><mytracks:length>0.006628496447120304</mytracks:length></extensions></trkpt><trkpt lat="33.59200315616958" lon="130.354161961797"><ele>7.242054676823645</ele><time>2026-01-01T09:57:09.99900Z</time><extensions><mytracks:speed>3.987453018380975</mytracks:speed><mytracks:length>0.00553807320753714</mytracks:length></extensions></trkpt><trkpt lat="33.59201580881066" lon="130.3542207247017"><ele>7.30995309262463</ele><time>2026-01-01T09:57:14.99900Z</time><extensions><mytracks:speed>4.047925763851385</mytracks:speed><mytracks:gradient>0.01207713833115977</mytracks:gradient><mytracks:length>0.005622061612543017</mytracks:length></extensions></trkpt><trkpt lat="33.59204151640199" lon="130.3542817844434"><ele>6.614652131749331</ele><time>2026-01-01T09:57:19.99900Z</time><extensions><mytracks:speed>4.561836122614698</mytracks:speed><mytracks:length>0.006335819907693915</mytracks:length></extensions></trkpt><trkpt lat="33.59205895012251" lon="130.3543442088569"><ele>6.279918587337513</ele><time>2026-01-01T09:57:24.99900Z</time><extensions><mytracks:speed>4.390654333577006</mytracks:speed><mytracks:length>0.006098068936996767</mytracks:length></extensions></trkpt><trkpt lat="33.59207424428796" lon="130.3544131002256"><ele>5.990594136895191</ele><time>2026-01-01T09:57:29.99900Z</time><extensions><mytracks:speed>4.754420143321882</mytracks:speed><mytracks:length>0.006603294242261991</mytracks:length></extensions></trkpt><trkpt lat="33.59204418813078" lon="130.3544974191805"><ele>5.850432342802462</ele><time>2026-01-01T09:57:34.99900Z</time><extensions><mytracks:speed>6.116451543949315</mytracks:speed><mytracks:length>0.008494985307507056</mytracks:length></extensions></trkpt><trkpt lat="33.59203154064094" lon="130.3545673029689"><ele>5.620468223500845</ele><time>2026-01-01T09:57:39.99900Z</time><extensions><mytracks:speed>4.769138112939139</mytracks:speed><mytracks:length>0.006623735817036126</mytracks:length></extensions></trkpt><trkpt lat="33.59204576614375" lon="130.3546203998059"><ele>4.597458593801194</ele><time>2026-01-01T09:57:44.99900Z</time><extensions><mytracks:speed>3.719493978799891</mytracks:speed><mytracks:length>0.005165911021154658</mytracks:length></extensions></trkpt><trkpt lat="33.59207929431179" lon="130.3546850245397"><ele>5.430154330419556</ele><time>2026-01-01T09:57:50.50000Z</time><extensions><mytracks:speed>4.614558355824497</mytracks:speed><mytracks:gradient>0.1180883708994655</mytracks:gradient><mytracks:length>0.007051462648487862</mytracks:length></extensions></trkpt><trkpt lat="33.59210461937617" lon="130.3547425286807"><ele>4.855480706349227</ele><time>2026-01-01T09:57:55.50000Z</time><extensions><mytracks:speed>4.337620750480772</mytracks:speed><mytracks:length>0.006024465651920944</mytracks:length></extensions></trkpt><trkpt lat="33.5921274079621" lon="130.3548143693511"><ele>4.424602710630978</ele><time>2026-01-01T09:58:01.00000Z</time><extensions><mytracks:speed>4.660469274146235</mytracks:speed><mytracks:length>0.007120147347450628</mytracks:length></extensions></trkpt><trkpt lat="33.59213955032314" lon="130.354873178718"><ele>3.959317613991782</ele><time>2026-01-01T09:58:06.00000Z</time><extensions><mytracks:speed>4.040995053454287</mytracks:speed><mytracks:length>0.005612434787650637</mytracks:length></extensions></trkpt><trkpt lat="33.59214029959394" lon="130.3549374183466"><ele>4.536848988857405</ele><time>2026-01-01T09:58:11.00000Z</time><extensions><mytracks:speed>4.284015542982</mytracks:speed><mytracks:gradient>0.09706488073021542</mytracks:gradient><mytracks:length>0.005949951934426498</mytracks:length></extensions></trkpt><trkpt lat="33.59212863762668" lon="130.3550094487914"><ele>4.904851274266564</ele><time>2026-01-01T09:58:16.00000Z</time><extensions><mytracks:speed>4.892937079669896</mytracks:speed><mytracks:gradient>0.05415246588497653</mytracks:gradient><mytracks:length>0.006795669955100857</mytracks:length></extensions></trkpt><trkpt lat="33.59214381059008" lon="130.3550671257888"><ele>5.131676945964891</ele><time>2026-01-01T09:58:21.00000Z</time><extensions><mytracks:speed>4.034054450905305</mytracks:speed><mytracks:gradient>0.04048440404480474</mytracks:gradient><mytracks:length>0.005602791421785422</mytracks:length></extensions></trkpt><trkpt lat="33.59214931877715" lon="130.3551271351663"><ele>5.020835725408654</ele><time>2026-01-01T09:58:26.00000Z</time><extensions><mytracks:speed>4.025937263510799</mytracks:speed><mytracks:length>0.005591519808141055</mytracks:length></extensions></trkpt><trkpt lat="33.59217466422117" lon="130.3551715754931"><ele>4.908158457582287</ele><time>2026-01-01T09:58:31.00000Z</time><extensions><mytracks:speed>3.591032640616928</mytracks:speed><mytracks:length>0.00498749253710803</mytracks:length></extensions></trkpt><trkpt lat="33.59219967767802" lon="130.3552150340766"><ele>4.894779729585182</ele><time>2026-01-01T09:58:36.00000Z</time><extensions><mytracks:speed>3.522062293476496</mytracks:speed><mytracks:length>0.004891701868850897</mytracks:length></extensions></trkpt><trkpt lat="33.59222396492513" lon="130.3552547247062"><ele>4.786551109160935</ele><time>2026-01-01T09:58:41.00000Z</time><extensions><mytracks:speed>3.283844935604731</mytracks:speed><mytracks:length>0.004560848224415707</mytracks:length></extensions></trkpt></trkseg></trk></gpx>

